spectral_rolloff,spectral_bandwidth,peak_count,mid_ratio,low_to_high_ratio,second_peak_freq,kurtosis,centroid,peak_freq,low_ratio,rms,avg_energy,peak_energy,energy_variance,peak_to_avg_e,high_ratio,peak1_to_peak2_ratio,skewness,dc_ratio,delta_peak_freq,spectral_flatness,adc_0,adc_1,adc_2,adc_3,adc_4,adc_5,adc_6,adc_7,adc_8,adc_9,adc_10,adc_11,adc_12,adc_13,adc_14,adc_15,adc_16,adc_17,adc_18,adc_19,adc_20,adc_21,adc_22,adc_23,adc_24,adc_25,adc_26,adc_27,adc_28,adc_29,adc_30,adc_31,adc_32,adc_33,adc_34,adc_35,adc_36,adc_37,adc_38,adc_39,adc_40,adc_41,adc_42,adc_43,adc_44,adc_45,adc_46,adc_47,adc_48,adc_49,adc_50,adc_51,adc_52,adc_53,adc_54,adc_55,adc_56,adc_57,adc_58,adc_59,adc_60,adc_61,adc_62,adc_63,adc_64,adc_65,adc_66,adc_67,adc_68,adc_69,adc_70,adc_71,adc_72,adc_73,adc_74,adc_75,adc_76,adc_77,adc_78,adc_79,adc_80,adc_81,adc_82,adc_83,adc_84,adc_85,adc_86,adc_87,adc_88,adc_89,adc_90,adc_91,adc_92,adc_93,adc_94,adc_95,adc_96,adc_97,adc_98,adc_99,adc_100,adc_101,adc_102,adc_103,adc_104,adc_105,adc_106,adc_107,adc_108,adc_109,adc_110,adc_111,adc_112,adc_113,adc_114,adc_115,adc_116,adc_117,adc_118,adc_119,adc_120,adc_121,adc_122,adc_123,adc_124,adc_125,adc_126,adc_127,adc_128,adc_129,adc_130,adc_131,adc_132,adc_133,adc_134,adc_135,adc_136,adc_137,adc_138,adc_139,adc_140,adc_141,adc_142,adc_143,adc_144,adc_145,adc_146,adc_147,adc_148,adc_149,adc_150,adc_151,adc_152,adc_153,adc_154,adc_155,adc_156,adc_157,adc_158,adc_159,adc_160,adc_161,adc_162,adc_163,adc_164,adc_165,adc_166,adc_167,adc_168,adc_169,adc_170,adc_171,adc_172,adc_173,adc_174,adc_175,adc_176,adc_177,adc_178,adc_179,adc_180,adc_181,adc_182,adc_183,adc_184,adc_185,adc_186,adc_187,adc_188,adc_189,adc_190,adc_191,adc_192,adc_193,adc_194,adc_195,adc_196,adc_197,adc_198,adc_199,adc_200,adc_201,adc_202,adc_203,adc_204,adc_205,adc_206,adc_207,adc_208,adc_209,adc_210,adc_211,adc_212,adc_213,adc_214,adc_215,adc_216,adc_217,adc_218,adc_219,adc_220,adc_221,adc_222,adc_223,adc_224,adc_225,adc_226,adc_227,adc_228,adc_229,adc_230,adc_231,adc_232,adc_233,adc_234,adc_235,adc_236,adc_237,adc_238,adc_239,adc_240,adc_241,adc_242,adc_243,adc_244,adc_245,adc_246,adc_247,adc_248,adc_249,adc_250,adc_251,adc_252,adc_253,adc_254,adc_255,fft_0,fft_1,fft_2,fft_3,fft_4,fft_5,fft_6,fft_7,fft_8,fft_9,fft_10,fft_11,fft_12,fft_13,fft_14,fft_15,fft_16,fft_17,fft_18,fft_19,fft_20,fft_21,fft_22,fft_23,fft_24,fft_25,fft_26,fft_27,fft_28,fft_29,fft_30,fft_31,fft_32,fft_33,fft_34,fft_35,fft_36,fft_37,fft_38,fft_39,fft_40,fft_41,fft_42,fft_43,fft_44,fft_45,fft_46,fft_47,fft_48,fft_49,fft_50,fft_51,fft_52,fft_53,fft_54,fft_55,fft_56,fft_57,fft_58,fft_59,fft_60,fft_61,fft_62,fft_63,fft_64,fft_65,fft_66,fft_67,fft_68,fft_69,fft_70,fft_71,fft_72,fft_73,fft_74,fft_75,fft_76,fft_77,fft_78,fft_79,fft_80,fft_81,fft_82,fft_83,fft_84,fft_85,fft_86,fft_87,fft_88,fft_89,fft_90,fft_91,fft_92,fft_93,fft_94,fft_95,fft_96,fft_97,fft_98,fft_99,fft_100,fft_101,fft_102,fft_103,fft_104,fft_105,fft_106,fft_107,fft_108,fft_109,fft_110,fft_111,fft_112,fft_113,fft_114,fft_115,fft_116,fft_117,fft_118,fft_119,fft_120,fft_121,fft_122,fft_123,fft_124,fft_125,fft_126,fft_127,fft_128,stride,interval,label
16.40625,10.420125961303711,6.0,0.16237838566303253,3.12343692779541,3.125,16.743507385253906,7.8457159996032715,1.953125,0.6344848871231079,0.08663380891084671,7870.0,121249.0,411356480.0,15.406479835510254,0.20313675701618195,1.16526198387146,3.628594398498535,3.573293361114338e-05,0.0,0.0835060179233551,952,1000,1004,1087,910,926,955,1049,942,1133,1243,1256,1197,1198,1275,1175,999,973,938,911,872,1064,1178,1119,941,1128,1159,1161,1016,1053,1148,1134,842,953,1040,1005,918,893,939,905,748,827,888,893,809,974,1048,1132,1066,1244,1263,1135,1054,1084,1136,1101,991,1132,1179,1114,936,924,940,1006,891,862,890,892,679,759,830,941,794,920,1079,1183,1017,1021,970,967,793,872,921,891,783,840,808,698,551,617,686,775,735,952,999,1037,846,936,1049,1068,956,954,1003,904,744,830,906,910,830,895,1001,1068,925,1021,1035,1037,907,952,1034,1148,1067,1146,1277,1373,1354,1439,1564,1560,1350,1448,1437,1309,1019,999,924,893,759,797,863,889,727,695,760,890,823,911,922,951,846,941,988,1070,1005,1039,1192,1289,1127,1210,1343,1372,1214,1336,1369,1370,1163,1198,1208,1227,1069,1083,1039,921,748,873,958,970,827,920,1008,1132,986,1115,1135,1134,958,1099,1096,960,718,793,956,986,935,971,924,908,927,1050,1038,939,634,714,855,920,792,856,973,1113,999,1110,1213,1241,1179,1165,1096,1022,944,1176,1181,1260,1132,1241,1196,1208,1066,1146,1165,1181,1136,1149,1167,1036,789,878,942,988,777,811,1024,1145,989,989,1066,1022,841,1051,1193,1115,1023,1327,1418,1391,1245,1211,974,842,0.0009765625,0.1913489431112311,0.26448262217787016,0.13970305968465369,0.12113312111981002,0.3382939924346615,0.19961090385911567,0.17209957363290854,0.32964011480043587,0.2881107642904027,0.2157761196269632,0.12752649966840532,0.19347031618475458,0.10990125211882328,0.06097066905776549,0.21842278121235217,0.12958877666525623,0.03102027377786834,0.15761730851141575,0.1141910194727355,0.05688424171566679,0.07996490662474325,0.008400708268596315,0.055492471270216295,0.04577360017678893,0.09289671086298026,0.0632583388308658,0.03669588716417175,0.1114522676807942,0.06314516859502817,0.0375183060787081,0.022032254243512652,0.038098455474865546,0.02510734400816883,0.05862629304610795,0.04712862700005334,0.029700988917471777,0.031310975667737106,0.050706074163074884,0.04514423566924305,0.012506102026236032,0.007873298582322802,0.0773891123287459,0.04102724909687501,0.03756910949545184,0.02417855156863271,0.03356023491687418,0.058267319883501166,0.06634878027915246,0.030289184412638327,0.007873298582322802,0.014084184669781208,0.030414866215619993,0.02039122365021592,0.030524413297046454,0.023940723969006372,0.027361183058831836,0.034678283016727936,0.037314400731528904,0.01680141653719263,0.023940723969006372,0.013282686043686957,0.005694288959809864,0.018347943582085875,0.273175795521472,0.018425744398548053,0.014084184669781208,0.02003738723504218,0.019773883526676354,0.027361183058831836,0.029313146523053973,0.018961413905222265,0.02708090746848056,0.054635159104294395,0.01589728573837862,0.016630260122975003,0.020899350155305366,0.02833714478231818,0.012079411012551739,0.01878455474772592,0.011430371006562134,0.02638526579317636,0.021506558149946522,0.01188039556698871,0.013282686043686957,0.0078125,0.005258950006967289,0.014874556847390447,0.0068359375,0.003521046167445302,0.012506102026236032,0.007042092334890604,0.009765625,0.02161713244255728,0.005694288959809864,0.01800692276815017,0.025012204052472065,0.004367320268554277,0.00390625,0.017578125,0.007873298582322802,0.009212872199274027,0.007437278423695223,0.0041432037960149265,0.005940197783494355,0.004367320268554277,0.014778072217208551,0.010054326309557618,0.01528562093993997,0.007437278423695223,0.011134525635733769,0.005940197783494355,0.007042092334890604,0.021417687694786434,0.020762003540497363,0.01171875,0.021439939843847802,0.015655487833868553,0.010517900013934578,0.005940197783494355,0.01019561182510796,0.017304731588544287,0.015655487833868553,0.0048828125,0.004367320268554277,0.013101960805662831,0.0021836601342771385,0.009003461384075085,0.1689453125,1,1,0.0
18.359375,10.5443696975708,6.0,0.14671920239925385,3.106410503387451,3.125,17.635480880737305,7.889315605163574,1.953125,0.645488440990448,0.08572639524936676,7706.0,123572.0,403221344.0,16.035816192626953,0.20779237151145935,1.1670397520065308,3.7234859466552734,3.649731297628023e-05,0.0,0.08682871609926224,919,909,936,939,794,863,942,1052,952,1000,1004,1087,910,926,955,1049,942,1133,1243,1256,1197,1198,1275,1175,999,973,938,911,872,1064,1178,1119,941,1128,1159,1161,1016,1053,1148,1134,842,953,1040,1005,918,893,939,905,748,827,888,893,809,974,1048,1132,1066,1244,1263,1135,1054,1084,1136,1101,991,1132,1179,1114,936,924,940,1006,891,862,890,892,679,759,830,941,794,920,1079,1183,1017,1021,970,967,793,872,921,891,783,840,808,698,551,617,686,775,735,952,999,1037,846,936,1049,1068,956,954,1003,904,744,830,906,910,830,895,1001,1068,925,1021,1035,1037,907,952,1034,1148,1067,1146,1277,1373,1354,1439,1564,1560,1350,1448,1437,1309,1019,999,924,893,759,797,863,889,727,695,760,890,823,911,922,951,846,941,988,1070,1005,1039,1192,1289,1127,1210,1343,1372,1214,1336,1369,1370,1163,1198,1208,1227,1069,1083,1039,921,748,873,958,970,827,920,1008,1132,986,1115,1135,1134,958,1099,1096,960,718,793,956,986,935,971,924,908,927,1050,1038,939,634,714,855,920,792,856,973,1113,999,1110,1213,1241,1179,1165,1096,1022,944,1176,1181,1260,1132,1241,1196,1208,1066,1146,1165,1181,1136,1149,1167,1036,789,878,942,988,777,811,1024,1145,989,989,1066,1022,841,1051,1193,1115,0.00146484375,0.16274641866889356,0.22004100764163328,0.18776937843412878,0.09389738577391694,0.38552456282005904,0.1378475997411436,0.23748144780027852,0.2646178055381242,0.2813534016735905,0.20570495720556983,0.1823114293602862,0.1617117912527586,0.09698991420261825,0.023457836229422487,0.1859576046116174,0.15688956022133949,0.05560406580268265,0.1302384405296745,0.0655461882599603,0.07123553212826908,0.12671627545557054,0.05862629304610795,0.017387200990981306,0.023212625632821705,0.07123553212826908,0.03889122607761695,0.054276145435899426,0.11207942762034041,0.03057124187987994,0.06853353929501074,0.014084184669781208,0.008400708268596315,0.03941491420041126,0.03152346170228315,0.0642530630843593,0.04144354526156825,0.017820593350483065,0.04293544518941525,0.02638526579317636,0.024492062898407135,0.020108652619115236,0.08389348279263488,0.0316291694154329,0.029442994983752607,0.03232997140087275,0.03489759450235476,0.051164792568084906,0.06216340024546699,0.027413415718004295,0.009814331661250869,0.013282686043686957,0.033260520245950005,0.020716018980074635,0.026654968874914416,0.019773883526676354,0.023518739411703703,0.041062101643805936,0.041718768287683256,0.023940723969006372,0.0328276099882258,0.011759369705851851,0.013671875,0.010563138502335907,0.2795170269797209,0.01284467425582608,0.022777155839239456,0.03149319432929121,0.007873298582322802,0.01528562093993997,0.028985980624327792,0.00834375365753665,0.01516032685181643,0.04226383790699688,0.016164985700436375,0.0068359375,0.011430371006562134,0.017387200990981306,0.0029296875,0.010054326309557618,0.009003461384075085,0.016370170521718956,0.019749754312653012,0.007873298582322802,0.007042092334890604,0.014938533731228863,0.012079411012551739,0.013101960805662831,0.011388577919619728,0.005940197783494355,0.008843149548962322,0.0041432037960149265,0.005694288959809864,0.02489755621871477,0.007109482313750506,0.017686299097924643,0.023518739411703703,0.0021836601342771385,0.0048828125,0.016630260122975003,0.007437278423695223,0.007873298582322802,0.005859375,0.003521046167445302,0.0048828125,0.0029296875,0.014517645261053229,0.0078125,0.0170549308560283,0.009814331661250869,0.012732817197661424,0.0048828125,0.0041432037960149265,0.020716018980074635,0.019652941208494246,0.014874556847390447,0.023940723969006372,0.01313830473347042,0.005859375,0.0027621358640099515,0.0065509804028314154,0.013982247132105814,0.012352647110032733,0.008400708268596315,0.0041432037960149265,0.0087890625,0.0048828125,0.008843149548962322,0.1650390625,1,1,0.0
18.359375,10.866994857788086,6.0,0.13882458209991455,3.286944627761841,3.515625,26.355741500854492,7.922679901123047,1.953125,0.6602921485900879,0.0837797299027443,7360.0,154570.0,409716544.0,21.001358032226562,0.20088326930999756,1.8533351421356201,4.3864617347717285,1.6981730368570425e-05,0.0,0.08108194917440414,999,1053,1116,1164,1016,1136,1133,1147,919,909,936,939,794,863,942,1052,952,1000,1004,1087,910,926,955,1049,942,1133,1243,1256,1197,1198,1275,1175,999,973,938,911,872,1064,1178,1119,941,1128,1159,1161,1016,1053,1148,1134,842,953,1040,1005,918,893,939,905,748,827,888,893,809,974,1048,1132,1066,1244,1263,1135,1054,1084,1136,1101,991,1132,1179,1114,936,924,940,1006,891,862,890,892,679,759,830,941,794,920,1079,1183,1017,1021,970,967,793,872,921,891,783,840,808,698,551,617,686,775,735,952,999,1037,846,936,1049,1068,956,954,1003,904,744,830,906,910,830,895,1001,1068,925,1021,1035,1037,907,952,1034,1148,1067,1146,1277,1373,1354,1439,1564,1560,1350,1448,1437,1309,1019,999,924,893,759,797,863,889,727,695,760,890,823,911,922,951,846,941,988,1070,1005,1039,1192,1289,1127,1210,1343,1372,1214,1336,1369,1370,1163,1198,1208,1227,1069,1083,1039,921,748,873,958,970,827,920,1008,1132,986,1115,1135,1134,958,1099,1096,960,718,793,956,986,935,971,924,908,927,1050,1038,939,634,714,855,920,792,856,973,1113,999,1110,1213,1241,1179,1165,1096,1022,944,1176,1181,1260,1132,1241,1196,1208,1066,1146,1165,1181,1136,1149,1167,1036,789,878,942,988,777,811,1024,1145,0.00048828125,0.1687448006288129,0.22417799948179606,0.18375989822404806,0.10423175050098699,0.3716959033180982,0.13767799647325865,0.2373850494073477,0.26164586205194656,0.2954452619894779,0.19268248788536885,0.1941100681749778,0.16836855126529948,0.10702162650623033,0.02458921545315268,0.1846348886702018,0.164425403134068,0.06726949257536924,0.13096136417375165,0.052959948683422846,0.0833746489784824,0.13869250506755607,0.06545883212839411,0.0048828125,0.013671875,0.059450122090720404,0.02833714478231818,0.04473040035390151,0.101157923145145,0.04254496271639056,0.06361913076133723,0.010786485368346935,0.01886055460530075,0.0324624416769427,0.041581384484460485,0.05862629304610795,0.03847210078826603,0.016253239235442616,0.0386328914938525,0.029749113694780893,0.01760523083722651,0.022545696055889054,0.07700614845201688,0.026294750034836445,0.03527810911755555,0.029361906989009586,0.028168369339562415,0.049071658306254345,0.06239309705063784,0.03149319432929121,0.016016815885602272,0.010918300671385692,0.030649130520459405,0.01708286687942959,0.03168941550700772,0.0242573092741684,0.025559086578715626,0.036461239653504826,0.04102724909687501,0.021126277004671814,0.028854075591199527,0.015746597164645604,0.013706707859002147,0.009959022487485907,0.27426806058157005,0.006905339660024878,0.025781989809461104,0.03126525506559008,0.009003461384075085,0.012732817197661424,0.025031260972609954,0.006905339660024878,0.011759369705851851,0.03665688355297551,0.020600608505594715,0.005694288959809864,0.009814331661250869,0.011430371006562134,0.0041432037960149265,0.005258950006967289,0.00834375365753665,0.01727715430952552,0.015655487833868553,0.01242961138804478,0.010918300671385692,0.015746597164645604,0.012236293052872722,0.009618025197066508,0.008400708268596315,0.005940197783494355,0.010918300671385692,0.005694288959809864,0.007873298582322802,0.022651198251451565,0.005859375,0.01800692276815017,0.02489755621871477,0.003088161777508183,0.005694288959809864,0.016370170521718956,0.007109482313750506,0.008400708268596315,0.0065509804028314154,0.004026470337517247,0.004979511243742954,0.004026470337517247,0.01589728573837862,0.007873298582322802,0.017387200990981306,0.010054326309557618,0.014938533731228863,0.0041432037960149265,0.0021836601342771385,0.020108652619115236,0.018961413905222265,0.015191747252054731,0.025633603024231812,0.010918300671385692,0.0048828125,0.0009765625,0.007627196949127592,0.013879560940968648,0.012732817197661424,0.006176323555016366,0.0021836601342771385,0.012236293052872722,0.004026470337517247,0.009765625,0.16796875,1,1,0.0
16.40625,10.843839645385742,6.0,0.1464070975780487,3.5000925064086914,3.515625,23.17979621887207,7.800832271575928,1.953125,0.6639094948768616,0.08369430899620056,7345.0,144868.0,395357248.0,19.72334861755371,0.18968340754508972,1.5904005765914917,4.127110958099365,4.254350642440841e-06,0.0,0.07141494750976562,1083,1040,1097,1034,798,893,973,1127,999,1053,1116,1164,1016,1136,1133,1147,919,909,936,939,794,863,942,1052,952,1000,1004,1087,910,926,955,1049,942,1133,1243,1256,1197,1198,1275,1175,999,973,938,911,872,1064,1178,1119,941,1128,1159,1161,1016,1053,1148,1134,842,953,1040,1005,918,893,939,905,748,827,888,893,809,974,1048,1132,1066,1244,1263,1135,1054,1084,1136,1101,991,1132,1179,1114,936,924,940,1006,891,862,890,892,679,759,830,941,794,920,1079,1183,1017,1021,970,967,793,872,921,891,783,840,808,698,551,617,686,775,735,952,999,1037,846,936,1049,1068,956,954,1003,904,744,830,906,910,830,895,1001,1068,925,1021,1035,1037,907,952,1034,1148,1067,1146,1277,1373,1354,1439,1564,1560,1350,1448,1437,1309,1019,999,924,893,759,797,863,889,727,695,760,890,823,911,922,951,846,941,988,1070,1005,1039,1192,1289,1127,1210,1343,1372,1214,1336,1369,1370,1163,1198,1208,1227,1069,1083,1039,921,748,873,958,970,827,920,1008,1132,986,1115,1135,1134,958,1099,1096,960,718,793,956,986,935,971,924,908,927,1050,1038,939,634,714,855,920,792,856,973,1113,999,1110,1213,1241,1179,1165,1096,1022,944,1176,1181,1260,1132,1241,1196,1208,1066,1146,1165,1181,1136,1149,1167,1036,0.0029296875,0.1889642128946188,0.21909849472468998,0.19828066898678665,0.12927563080760088,0.3705909937267063,0.1103515625,0.2635090643176038,0.24118128296964259,0.2767413407016023,0.2177821957319561,0.17836908047536967,0.1553225649483323,0.09295828624150206,0.019749754312653012,0.20291126450300148,0.14079105321895957,0.055000499376284075,0.10767459618940199,0.05960232234244972,0.09111385692811169,0.15735994924213811,0.08519073627954839,0.015746597164645604,0.016858082521125067,0.04367320268554277,0.0235996991671769,0.026294750034836445,0.10054326309557618,0.04894517221149089,0.04984296935615174,0.0041432037960149265,0.013101960805662831,0.032754902014157074,0.031204190055996988,0.06603902368240903,0.03965613379735733,0.022714264354712906,0.04961283514015835,0.037998196207702575,0.012352647110032733,0.015254393898255184,0.06883899823662933,0.0283203125,0.04447381850287383,0.030835260554388563,0.0244140625,0.040700519500341224,0.05313074417474783,0.0264394265052361,0.0192608231673008,0.0087890625,0.03828573395295441,0.021945512748285382,0.024492062898407135,0.020600608505594715,0.028920103310470405,0.03564118670096613,0.03304477405407936,0.013566839833447074,0.021439939843847802,0.01886055460530075,0.013028968812623373,0.01313830473347042,0.2677295562604364,0.001953125,0.03125,0.03601384553630034,0.005258950006967289,0.009212872199274027,0.02833714478231818,0.0048828125,0.011759369705851851,0.0385216463346016,0.019773883526676354,0.007109482313750506,0.008400708268596315,0.010517900013934578,0.007437278423695223,0.0009765625,0.008843149548962322,0.020132351687586234,0.010563138502335907,0.016253239235442616,0.0146484375,0.011430371006562134,0.006253051013118016,0.0166875073150733,0.012732817197661424,0.005940197783494355,0.003521046167445302,0.005859375,0.006905339660024878,0.03102027377786834,0.009959022487485907,0.009618025197066508,0.023212625632821705,0.009765625,0.008286407592029853,0.01516032685181643,0.004367320268554277,0.010563138502335907,0.007437278423695223,0.003521046167445302,0.006176323555016366,0.0021836601342771385,0.010786485368346935,0.010786485368346935,0.01528562093993997,0.005940197783494355,0.010054326309557618,0.0027621358640099515,0.004979511243742954,0.0166875073150733,0.022798081113142094,0.017686299097924643,0.027621358640099514,0.009212872199274027,0.003088161777508183,0.0009765625,0.006253051013118016,0.013601941676937616,0.011759369705851851,0.0068359375,0.0013810679320049757,0.013566839833447074,0.004367320268554277,0.009765625,0.169921875,1,1,0.0
16.40625,10.78234577178955,7.0,0.146010160446167,3.6138107776641846,3.515625,22.552289962768555,7.684836387634277,1.953125,0.6688956022262573,0.08341467380523682,7296.0,143570.0,387315296.0,19.677906036376953,0.18509425222873688,1.766493558883667,4.043931007385254,9.636644790589344e-06,0.0,0.06555837392807007,790,863,991,1114,1070,1112,1146,1225,1083,1040,1097,1034,798,893,973,1127,999,1053,1116,1164,1016,1136,1133,1147,919,909,936,939,794,863,942,1052,952,1000,1004,1087,910,926,955,1049,942,1133,1243,1256,1197,1198,1275,1175,999,973,938,911,872,1064,1178,1119,941,1128,1159,1161,1016,1053,1148,1134,842,953,1040,1005,918,893,939,905,748,827,888,893,809,974,1048,1132,1066,1244,1263,1135,1054,1084,1136,1101,991,1132,1179,1114,936,924,940,1006,891,862,890,892,679,759,830,941,794,920,1079,1183,1017,1021,970,967,793,872,921,891,783,840,808,698,551,617,686,775,735,952,999,1037,846,936,1049,1068,956,954,1003,904,744,830,906,910,830,895,1001,1068,925,1021,1035,1037,907,952,1034,1148,1067,1146,1277,1373,1354,1439,1564,1560,1350,1448,1437,1309,1019,999,924,893,759,797,863,889,727,695,760,890,823,911,922,951,846,941,988,1070,1005,1039,1192,1289,1127,1210,1343,1372,1214,1336,1369,1370,1163,1198,1208,1227,1069,1083,1039,921,748,873,958,970,827,920,1008,1132,986,1115,1135,1134,958,1099,1096,960,718,793,956,986,935,971,924,908,927,1050,1038,939,634,714,855,920,792,856,973,1113,999,1110,1213,1241,1179,1165,1096,1022,944,1176,1181,1260,1132,1241,1196,1208,0.00048828125,0.1598015555944627,0.23729664981243842,0.16585757642247845,0.11733389293652804,0.34286245727961584,0.13190464066330504,0.26436721104901045,0.22304995345949133,0.2980436112411406,0.22383954350237484,0.195415012160118,0.12432680049093398,0.06701382212616314,0.04668132188561375,0.21994997322722332,0.11255491823612429,0.05310381298563486,0.08219965043562096,0.0642233712791304,0.1137726746480983,0.17901219059014617,0.0943432159459255,0.0283203125,0.017304731588544287,0.06202517386015788,0.04265689388250304,0.0439453125,0.11479075759740048,0.0324624416769427,0.06800970838468809,0.013982247132105814,0.019652941208494246,0.03102027377786834,0.04576318169476555,0.06457877194283375,0.048602996633317595,0.009814331661250869,0.04217348219079919,0.02751758360079174,0.025633603024231812,0.005859375,0.07389036108604276,0.0400390625,0.05455655360727899,0.02756951994822872,0.018961413905222265,0.03625138904935661,0.045856862819819905,0.02376079113397742,0.025465634395322848,0.016253239235442616,0.04438796163032622,0.03066468450802262,0.026868782211323446,0.02713367966689415,0.036461239653504826,0.02833714478231818,0.033969779552590014,0.014906579611790769,0.023619895746968406,0.020967686087484266,0.0166015625,0.009003461384075085,0.27252393424939675,0.0048828125,0.027964494264211628,0.03155370004180373,0.008843149548962322,0.009618025197066508,0.027793455997573647,0.003088161777508183,0.009814331661250869,0.039571874197958615,0.018657200365764452,0.007437278423695223,0.0068359375,0.010517900013934578,0.008843149548962322,0.0009765625,0.01019561182510796,0.021836601342771385,0.009618025197066508,0.016630260122975003,0.0146484375,0.009003461384075085,0.007627196949127592,0.017578125,0.013282686043686957,0.007042092334890604,0.005859375,0.0048828125,0.006905339660024878,0.02763861659782208,0.009959022487485907,0.012506102026236032,0.019652941208494246,0.007873298582322802,0.006905339660024878,0.019457869965987574,0.008052940675034493,0.014517645261053229,0.010054326309557618,0.007109482313750506,0.009814331661250869,0.006176323555016366,0.011920464468489943,0.01528562093993997,0.010918300671385692,0.004367320268554277,0.011920464468489943,0.001953125,0.0009765625,0.020531050821902968,0.018961413905222265,0.01441877251975918,0.025465634395322848,0.0126953125,0.00390625,0.00390625,0.00390625,0.01171875,0.012732817197661424,0.006905339660024878,0.00390625,0.01516032685181643,0.001953125,0.007873298582322802,0.1669921875,1,1,0.0
18.75,10.782501220703125,7.0,0.16600248217582703,3.1025073528289795,3.515625,14.817597389221191,8.13558578491211,1.953125,0.6307078003883362,0.08327163755893707,7271.0,107090.0,359899872.0,14.728372573852539,0.2032897025346756,1.155580997467041,3.4725492000579834,6.876389670651406e-05,0.0,0.10575860738754272,782,797,751,669,603,703,920,972,790,863,991,1114,1070,1112,1146,1225,1083,1040,1097,1034,798,893,973,1127,999,1053,1116,1164,1016,1136,1133,1147,919,909,936,939,794,863,942,1052,952,1000,1004,1087,910,926,955,1049,942,1133,1243,1256,1197,1198,1275,1175,999,973,938,911,872,1064,1178,1119,941,1128,1159,1161,1016,1053,1148,1134,842,953,1040,1005,918,893,939,905,748,827,888,893,809,974,1048,1132,1066,1244,1263,1135,1054,1084,1136,1101,991,1132,1179,1114,936,924,940,1006,891,862,890,892,679,759,830,941,794,920,1079,1183,1017,1021,970,967,793,872,921,891,783,840,808,698,551,617,686,775,735,952,999,1037,846,936,1049,1068,956,954,1003,904,744,830,906,910,830,895,1001,1068,925,1021,1035,1037,907,952,1034,1148,1067,1146,1277,1373,1354,1439,1564,1560,1350,1448,1437,1309,1019,999,924,893,759,797,863,889,727,695,760,890,823,911,922,951,846,941,988,1070,1005,1039,1192,1289,1127,1210,1343,1372,1214,1336,1369,1370,1163,1198,1208,1227,1069,1083,1039,921,748,873,958,970,827,920,1008,1132,986,1115,1135,1134,958,1099,1096,960,718,793,956,986,935,971,924,908,927,1050,1038,939,634,714,855,920,792,856,973,1113,999,1110,1213,1241,1179,1165,1096,1022,0.001953125,0.09090427906132997,0.31281722180502225,0.07650293641282768,0.16801416537192632,0.25490339057256695,0.15189863860855637,0.3423293842903831,0.13867531355772025,0.2658564737068037,0.3057202174855214,0.1408756988426821,0.16815600935275943,0.13499188434083964,0.05879684852925925,0.2541052405335269,0.1623122083847135,0.10626148834949566,0.14559626610967097,0.041524007080994726,0.08014954894016872,0.12265873803209049,0.07427655027268132,0.030289184412638327,0.040641898528681275,0.020716018980074635,0.022482157096135425,0.003088161777508183,0.10261808710825696,0.05767509007903672,0.04737083138919884,0.026057937625246747,0.009765625,0.053790778726251605,0.031035641761856844,0.0458984375,0.028738162049926096,0.01953125,0.032285693857063556,0.023212625632821705,0.02489755621871477,0.01800692276815017,0.08029220621521276,0.03954776705335271,0.048100040453221686,0.020692988379313566,0.014938533731228863,0.0441185820237364,0.05328309713165524,0.03066468450802262,0.026868782211323446,0.009618025197066508,0.047037478823407405,0.026654968874914416,0.017820593350483065,0.020108652619115236,0.03500673501745102,0.03126525506559008,0.0244140625,0.006905339660024878,0.014680953494504793,0.029035290522106457,0.023640075072090243,0.007873298582322802,0.27527978709240647,0.010517900013934578,0.025465634395322848,0.029700988917471777,0.011134525635733769,0.016630260122975003,0.020716018980074635,0.009264485332524549,0.009618025197066508,0.033332125323976586,0.0185546875,0.0029296875,0.011134525635733769,0.012732817197661424,0.0048828125,0.0041432037960149265,0.010786485368346935,0.0185803687406645,0.011134525635733769,0.016630260122975003,0.015746597164645604,0.0126953125,0.005940197783494355,0.0166015625,0.01171875,0.006176323555016366,0.003088161777508183,0.005940197783494355,0.007873298582322802,0.031387028671851946,0.009003461384075085,0.009003461384075085,0.024119314521930602,0.009264485332524549,0.006905339660024878,0.01441877251975918,0.00390625,0.009814331661250869,0.008286407592029853,0.0048828125,0.004367320268554277,0.005940197783494355,0.006905339660024878,0.013810679320049757,0.013810679320049757,0.0013810679320049757,0.006253051013118016,0.005940197783494355,0.007437278423695223,0.020531050821902968,0.01680141653719263,0.01313830473347042,0.020531050821902968,0.016716057391234072,0.009212872199274027,0.007042092334890604,0.0021836601342771385,0.008400708268596315,0.01284467425582608,0.01019561182510796,0.00834375365753665,0.0192608231673008,0.0029296875,0.003521046167445302,0.162109375,1,1,0.0
16.40625,10.409817695617676,7.0,0.1901899129152298,3.473493814468384,0.78125,17.161680221557617,7.713404178619385,2.734375,0.628786027431488,0.08472488820552826,7527.0,125060.0,435826560.0,16.614852905273438,0.18102407455444336,1.190934181213379,3.7390286922454834,1.0377975740993861e-06,0.0,0.06864458322525024,1101,1166,1256,1310,1128,1119,1034,969,782,797,751,669,603,703,920,972,790,863,991,1114,1070,1112,1146,1225,1083,1040,1097,1034,798,893,973,1127,999,1053,1116,1164,1016,1136,1133,1147,919,909,936,939,794,863,942,1052,952,1000,1004,1087,910,926,955,1049,942,1133,1243,1256,1197,1198,1275,1175,999,973,938,911,872,1064,1178,1119,941,1128,1159,1161,1016,1053,1148,1134,842,953,1040,1005,918,893,939,905,748,827,888,893,809,974,1048,1132,1066,1244,1263,1135,1054,1084,1136,1101,991,1132,1179,1114,936,924,940,1006,891,862,890,892,679,759,830,941,794,920,1079,1183,1017,1021,970,967,793,872,921,891,783,840,808,698,551,617,686,775,735,952,999,1037,846,936,1049,1068,956,954,1003,904,744,830,906,910,830,895,1001,1068,925,1021,1035,1037,907,952,1034,1148,1067,1146,1277,1373,1354,1439,1564,1560,1350,1448,1437,1309,1019,999,924,893,759,797,863,889,727,695,760,890,823,911,922,951,846,941,988,1070,1005,1039,1192,1289,1127,1210,1343,1372,1214,1336,1369,1370,1163,1198,1208,1227,1069,1083,1039,921,748,873,958,970,827,920,1008,1132,986,1115,1135,1134,958,1099,1096,960,718,793,956,986,935,971,924,908,927,1050,1038,939,634,714,855,920,792,856,973,1113,0.00244140625,0.0968767719722014,0.30596967050676693,0.08152981040914767,0.1608692209529219,0.2548135831509049,0.1609788563747023,0.3455430861905104,0.1300992381514132,0.26672852116694656,0.3160956471226436,0.13361430762880525,0.17949898824167548,0.14656573261526987,0.05960232234244972,0.24682122139725193,0.17063875359517727,0.10032011294369218,0.14378038168240576,0.05022418308837418,0.07565050940181373,0.13591420642739693,0.07776405879538459,0.020600608505594715,0.028168369339562415,0.032754902014157074,0.01284467425582608,0.0146484375,0.09346473526566718,0.06457138771412711,0.0375183060787081,0.027413415718004295,0.016253239235442616,0.05875628498629423,0.02627660946694084,0.04193537217496853,0.02417855156863271,0.023518739411703703,0.02756951994822872,0.019773883526676354,0.028920103310470405,0.016858082521125067,0.08114875941618058,0.04018171994422067,0.049149334110006326,0.022032254243512652,0.01516032685181643,0.044538102542935075,0.05374643713209771,0.032122820709762745,0.029296875,0.011920464468489943,0.04833737762017415,0.029749113694780893,0.021836601342771385,0.023640075072090243,0.03340357690720131,0.03274034104343791,0.027759121881937295,0.007873298582322802,0.012352647110032733,0.029035290522106457,0.02627660946694084,0.014084184669781208,0.2768980931969617,0.016630260122975003,0.022881590847382775,0.025390625,0.01792730444402912,0.019749754312653012,0.020762003540497363,0.00834375365753665,0.0048828125,0.03773374821555011,0.017387200990981306,0.008400708268596315,0.008052940675034493,0.00834375365753665,0.004979511243742954,0.004979511243742954,0.008734640537108554,0.015655487833868553,0.013810679320049757,0.0185803687406645,0.01886055460530075,0.012506102026236032,0.0029296875,0.020132351687586234,0.014938533731228863,0.0078125,0.006253051013118016,0.004026470337517247,0.004367320268554277,0.03144773864864183,0.012732817197661424,0.0065509804028314154,0.023478154844084585,0.011134525635733769,0.008843149548962322,0.01188039556698871,0.00390625,0.01019561182510796,0.009212872199274027,0.0048828125,0.0048828125,0.005940197783494355,0.0065509804028314154,0.013566839833447074,0.0146484375,0.003088161777508183,0.0048828125,0.0078125,0.009618025197066508,0.020716018980074635,0.016016815885602272,0.012236293052872722,0.016630260122975003,0.020600608505594715,0.010918300671385692,0.009765625,0.007109482313750506,0.013879560940968648,0.016630260122975003,0.0048828125,0.007109482313750506,0.0126953125,0.0029296875,0.008843149548962322,0.16796875,1,1,0.0
16.40625,10.677237510681152,7.0,0.1790027916431427,3.2693958282470703,3.90625,18.644855499267578,8.000746726989746,2.734375,0.628699004650116,0.08626977354288101,7804.0,132817.0,459496608.0,17.019092559814453,0.19229821860790253,1.1103243827819824,3.8558130264282227,1.6016176232369617e-05,0.0,0.08376830071210861,967,1071,1179,1231,1258,1294,1291,1256,1101,1166,1256,1310,1128,1119,1034,969,782,797,751,669,603,703,920,972,790,863,991,1114,1070,1112,1146,1225,1083,1040,1097,1034,798,893,973,1127,999,1053,1116,1164,1016,1136,1133,1147,919,909,936,939,794,863,942,1052,952,1000,1004,1087,910,926,955,1049,942,1133,1243,1256,1197,1198,1275,1175,999,973,938,911,872,1064,1178,1119,941,1128,1159,1161,1016,1053,1148,1134,842,953,1040,1005,918,893,939,905,748,827,888,893,809,974,1048,1132,1066,1244,1263,1135,1054,1084,1136,1101,991,1132,1179,1114,936,924,940,1006,891,862,890,892,679,759,830,941,794,920,1079,1183,1017,1021,970,967,793,872,921,891,783,840,808,698,551,617,686,775,735,952,999,1037,846,936,1049,1068,956,954,1003,904,744,830,906,910,830,895,1001,1068,925,1021,1035,1037,907,952,1034,1148,1067,1146,1277,1373,1354,1439,1564,1560,1350,1448,1437,1309,1019,999,924,893,759,797,863,889,727,695,760,890,823,911,922,951,846,941,988,1070,1005,1039,1192,1289,1127,1210,1343,1372,1214,1336,1369,1370,1163,1198,1208,1227,1069,1083,1039,921,748,873,958,970,827,920,1008,1132,986,1115,1135,1134,958,1099,1096,960,718,793,956,986,935,971,924,908,927,1050,1038,939,0.0009765625,0.17313547040765867,0.22932382454491346,0.14026171064529525,0.1288470508005519,0.23294649300540163,0.2368541569459942,0.4086199370940222,0.057492914177871196,0.22711115208820554,0.36251389049356614,0.0667571725027836,0.22621074862925977,0.150419158210443,0.012732817197661424,0.20223333814948027,0.12641487459954834,0.07657146790590882,0.10831042316468568,0.007042092334890604,0.11466191227245673,0.10747956547469341,0.0557325510678917,0.04848512338791566,0.058894087044197664,0.009003461384075085,0.035907766232129365,0.009003461384075085,0.11179828080440375,0.05002440810494413,0.049506999436080376,0.019773883526676354,0.0065509804028314154,0.05160095630321448,0.028168369339562415,0.04680373814969437,0.030835260554388563,0.01708286687942959,0.03828573395295441,0.030649130520459405,0.015776850020901866,0.024954945974962183,0.08536966162505602,0.03873150784189832,0.04367320268554277,0.004026470337517247,0.005940197783494355,0.04473040035390151,0.03756910949545184,0.018657200365764452,0.020692988379313566,0.020132351687586234,0.028588439781844624,0.010918300671385692,0.01824369305885684,0.009003461384075085,0.03798564519292329,0.0361328125,0.019457869965987574,0.013706707859002147,0.022651198251451565,0.02489755621871477,0.016630260122975003,0.012079411012551739,0.26787378168652315,0.00966747552403483,0.031035641761856844,0.0324624416769427,0.016716057391234072,0.023619895746968406,0.016370170521718956,0.011430371006562134,0.0027621358640099515,0.03669588716417175,0.015746597164645604,0.006905339660024878,0.008400708268596315,0.010517900013934578,0.006176323555016366,0.0027621358640099515,0.009003461384075085,0.01886055460530075,0.012236293052872722,0.01528562093993997,0.013982247132105814,0.014218964627501012,0.004026470337517247,0.019186408891004394,0.014680953494504793,0.008400708268596315,0.004026470337517247,0.0065509804028314154,0.007437278423695223,0.02995676103550384,0.011134525635733769,0.008052940675034493,0.023478154844084585,0.0107421875,0.009212872199274027,0.013879560940968648,0.0029296875,0.009618025197066508,0.007873298582322802,0.0021836601342771385,0.0029296875,0.004367320268554277,0.006905339660024878,0.01284467425582608,0.018961413905222265,0.007042092334890604,0.0065509804028314154,0.011134525635733769,0.011759369705851851,0.025781989809461104,0.0107421875,0.007437278423695223,0.020692988379313566,0.017820593350483065,0.004979511243742954,0.0048828125,0.003088161777508183,0.009765625,0.010517900013934578,0.009003461384075085,0.007109482313750506,0.018165112536853784,0.0021836601342771385,0.004367320268554277,0.1630859375,1,1,0.0
12.890625,10.209896087646484,8.0,0.1409706175327301,3.9518942832946777,3.90625,29.383543014526367,7.409519195556641,2.734375,0.6855544447898865,0.08530820161104202,7631.0,173749.0,543482048.0,22.768836975097656,0.17347490787506104,1.251099944114685,4.79476261138916,6.551630940521136e-05,0.0,0.057896994054317474,727,781,955,1034,889,957,1070,1110,967,1071,1179,1231,1258,1294,1291,1256,1101,1166,1256,1310,1128,1119,1034,969,782,797,751,669,603,703,920,972,790,863,991,1114,1070,1112,1146,1225,1083,1040,1097,1034,798,893,973,1127,999,1053,1116,1164,1016,1136,1133,1147,919,909,936,939,794,863,942,1052,952,1000,1004,1087,910,926,955,1049,942,1133,1243,1256,1197,1198,1275,1175,999,973,938,911,872,1064,1178,1119,941,1128,1159,1161,1016,1053,1148,1134,842,953,1040,1005,918,893,939,905,748,827,888,893,809,974,1048,1132,1066,1244,1263,1135,1054,1084,1136,1101,991,1132,1179,1114,936,924,940,1006,891,862,890,892,679,759,830,941,794,920,1079,1183,1017,1021,970,967,793,872,921,891,783,840,808,698,551,617,686,775,735,952,999,1037,846,936,1049,1068,956,954,1003,904,744,830,906,910,830,895,1001,1068,925,1021,1035,1037,907,952,1034,1148,1067,1146,1277,1373,1354,1439,1564,1560,1350,1448,1437,1309,1019,999,924,893,759,797,863,889,727,695,760,890,823,911,922,951,846,941,988,1070,1005,1039,1192,1289,1127,1210,1343,1372,1214,1336,1369,1370,1163,1198,1208,1227,1069,1083,1039,921,748,873,958,970,827,920,1008,1132,986,1115,1135,1134,958,1099,1096,960,718,793,956,986,0.0029296875,0.1621123164266276,0.23564313500026668,0.13827931893072554,0.1200059825677486,0.24414257811718756,0.23899459373073595,0.40515576228337885,0.04942023800343748,0.23064247954169376,0.3731772309875551,0.05596308117927501,0.23466981783109414,0.15171959983831243,0.013810679320049757,0.20350259750170613,0.11600970628841795,0.08576531934553387,0.11722411537349155,0.006176323555016366,0.10673162469236874,0.1080812504630667,0.06269044470978138,0.03907470512449718,0.049149334110006326,0.01824369305885684,0.028738162049926096,0.0065509804028314154,0.11055446639128833,0.05414420420167622,0.05879684852925925,0.020132351687586234,0.003521046167445302,0.041524007080994726,0.022777155839239456,0.0537109375,0.018347943582085875,0.028117539157984314,0.026294750034836445,0.01727715430952552,0.025559086578715626,0.012732817197661424,0.07184872354264223,0.025633603024231812,0.029378142493147116,0.012079411012551739,0.01680141653719263,0.05661536343998338,0.0352916230460794,0.020762003540497363,0.023640075072090243,0.03149319432929121,0.022482157096135425,0.007873298582322802,0.013810679320049757,0.0234375,0.05313074417474783,0.019555648822754675,0.0360270834876889,0.019186408891004394,0.02298555135925746,0.022881590847382775,0.02652944864688696,0.016630260122975003,0.28162443879025445,0.0166015625,0.019773883526676354,0.029264304812054096,0.004979511243742954,0.015440808887540914,0.01933495104806966,0.01933495104806966,0.013810679320049757,0.027759121881937295,0.006253051013118016,0.013282686043686957,0.003088161777508183,0.005258950006967289,0.012506102026236032,0.009264485332524549,0.007873298582322802,0.011430371006562134,0.013101960805662831,0.021126277004671814,0.01878455474772592,0.009003461384075085,0.006905339660024878,0.014906579611790769,0.010786485368346935,0.0065509804028314154,0.0013810679320049757,0.008052940675034493,0.008734640537108554,0.029652786036501906,0.009765625,0.009765625,0.02161713244255728,0.01019561182510796,0.008734640537108554,0.013982247132105814,0.0021836601342771385,0.008052940675034493,0.005258950006967289,0.0021836601342771385,0.0021836601342771385,0.0065509804028314154,0.004026470337517247,0.014218964627501012,0.015746597164645604,0.004979511243742954,0.005258950006967289,0.010381001770248682,0.01188039556698871,0.024119314521930602,0.011759369705851851,0.005524271728019903,0.017953883116064683,0.01878455474772592,0.0048828125,0.004367320268554277,0.00390625,0.010381001770248682,0.00966747552403483,0.010381001770248682,0.007873298582322802,0.01886055460530075,0.0021836601342771385,0.00390625,0.1630859375,1,1,0.0
13.671875,10.429855346679688,8.0,0.13793113827705383,3.9505860805511475,3.90625,27.81605339050293,7.52656364440918,2.734375,0.687934160232544,0.08604840189218521,7764.0,172197.0,573675008.0,22.178903579711914,0.17413470149040222,1.1729241609573364,4.687539577484131,2.515394226065837e-05,0.0,0.06264528632164001,796,969,1034,936,823,860,877,952,727,781,955,1034,889,957,1070,1110,967,1071,1179,1231,1258,1294,1291,1256,1101,1166,1256,1310,1128,1119,1034,969,782,797,751,669,603,703,920,972,790,863,991,1114,1070,1112,1146,1225,1083,1040,1097,1034,798,893,973,1127,999,1053,1116,1164,1016,1136,1133,1147,919,909,936,939,794,863,942,1052,952,1000,1004,1087,910,926,955,1049,942,1133,1243,1256,1197,1198,1275,1175,999,973,938,911,872,1064,1178,1119,941,1128,1159,1161,1016,1053,1148,1134,842,953,1040,1005,918,893,939,905,748,827,888,893,809,974,1048,1132,1066,1244,1263,1135,1054,1084,1136,1101,991,1132,1179,1114,936,924,940,1006,891,862,890,892,679,759,830,941,794,920,1079,1183,1017,1021,970,967,793,872,921,891,783,840,808,698,551,617,686,775,735,952,999,1037,846,936,1049,1068,956,954,1003,904,744,830,906,910,830,895,1001,1068,925,1021,1035,1037,907,952,1034,1148,1067,1146,1277,1373,1354,1439,1564,1560,1350,1448,1437,1309,1019,999,924,893,759,797,863,889,727,695,760,890,823,911,922,951,846,941,988,1070,1005,1039,1192,1289,1127,1210,1343,1372,1214,1336,1369,1370,1163,1198,1208,1227,1069,1083,1039,921,748,873,958,970,827,920,1008,1132,986,1115,1135,1134,0.00244140625,0.1457566559254912,0.23973565166287358,0.14626285333475825,0.104765632282345,0.2552735122178544,0.25515206683362895,0.4201772933235529,0.04194674139631744,0.2152185119211058,0.36213486796724814,0.06917758104853453,0.21863880055896592,0.14440582606854566,0.011759369705851851,0.20180611489202327,0.1300845766042712,0.06950079433069564,0.10028683533156439,0.01019561182510796,0.12265873803209049,0.09212872199274028,0.07295516677976469,0.05022418308837418,0.047330550062705604,0.025031260972609954,0.01188039556698871,0.015746597164645604,0.10008693730717935,0.07042092334890604,0.07064402096252666,0.033730304764004966,0.020762003540497363,0.024119314521930602,0.01953125,0.06083757080926766,0.005694288959809864,0.0369677602163041,0.01441877251975918,0.016630260122975003,0.025781989809461104,0.022269051271467537,0.07422517447523384,0.03304477405407936,0.03803582440263759,0.007437278423695223,0.013810679320049757,0.047037478823407405,0.03419363554689765,0.01800692276815017,0.021506558149946522,0.027793455997573647,0.021945512748285382,0.0048828125,0.015776850020901866,0.022798081113142094,0.05313074417474783,0.018528970665049098,0.03554741156875253,0.017304731588544287,0.018425744398548053,0.02681548870653512,0.025334222209126653,0.010786485368346935,0.27621358640099514,0.011388577919619728,0.025334222209126653,0.028588439781844624,0.014517645261053229,0.01516032685181643,0.02417855156863271,0.011388577919619728,0.01727715430952552,0.021506558149946522,0.015254393898255184,0.016253239235442616,0.013601941676937616,0.015191747252054731,0.022777155839239456,0.017953883116064683,0.013982247132105814,0.004026470337517247,0.01824369305885684,0.028588439781844624,0.021126277004671814,0.009765625,0.012732817197661424,0.013601941676937616,0.013982247132105814,0.011134525635733769,0.004979511243742954,0.006905339660024878,0.0065509804028314154,0.030508787796510367,0.009212872199274027,0.009814331661250869,0.02161713244255728,0.011388577919619728,0.009959022487485907,0.012352647110032733,0.005258950006967289,0.01242961138804478,0.007873298582322802,0.003088161777508183,0.004367320268554277,0.009618025197066508,0.005258950006967289,0.021126277004671814,0.011430371006562134,0.0029296875,0.00834375365753665,0.0078125,0.0146484375,0.02568934851165216,0.01019561182510796,0.0021836601342771385,0.021417687694786434,0.017820593350483065,0.0021836601342771385,0.0009765625,0.0027621358640099515,0.006905339660024878,0.014778072217208551,0.0065509804028314154,0.003521046167445302,0.017578125,0.005258950006967289,0.0009765625,0.1591796875,1,1,0.0
11.71875,10.208247184753418,6.0,0.13399742543697357,4.002949237823486,3.90625,33.18492889404297,7.343930721282959,2.734375,0.6929041743278503,0.08575975894927979,7712.0,195364.0,601594944.0,25.332468032836914,0.17309841513633728,1.5028693675994873,5.0833563804626465,4.051810719829518e-06,0.0,0.05756634846329689,953,984,1033,1035,975,958,942,888,796,969,1034,936,823,860,877,952,727,781,955,1034,889,957,1070,1110,967,1071,1179,1231,1258,1294,1291,1256,1101,1166,1256,1310,1128,1119,1034,969,782,797,751,669,603,703,920,972,790,863,991,1114,1070,1112,1146,1225,1083,1040,1097,1034,798,893,973,1127,999,1053,1116,1164,1016,1136,1133,1147,919,909,936,939,794,863,942,1052,952,1000,1004,1087,910,926,955,1049,942,1133,1243,1256,1197,1198,1275,1175,999,973,938,911,872,1064,1178,1119,941,1128,1159,1161,1016,1053,1148,1134,842,953,1040,1005,918,893,939,905,748,827,888,893,809,974,1048,1132,1066,1244,1263,1135,1054,1084,1136,1101,991,1132,1179,1114,936,924,940,1006,891,862,890,892,679,759,830,941,794,920,1079,1183,1017,1021,970,967,793,872,921,891,783,840,808,698,551,617,686,775,735,952,999,1037,846,936,1049,1068,956,954,1003,904,744,830,906,910,830,895,1001,1068,925,1021,1035,1037,907,952,1034,1148,1067,1146,1277,1373,1354,1439,1564,1560,1350,1448,1437,1309,1019,999,924,893,759,797,863,889,727,695,760,890,823,911,922,951,846,941,988,1070,1005,1039,1192,1289,1127,1210,1343,1372,1214,1336,1369,1370,1163,1198,1208,1227,1069,1083,1039,921,748,873,958,970,0.001953125,0.14438601233028298,0.24310326486432737,0.14459062336215933,0.10001544833067118,0.26251191611718433,0.26342038063907497,0.4265734101741201,0.03423544559171505,0.20231584629029,0.35490087065365544,0.08343753657536651,0.20114580003951152,0.14123740891233288,0.029035290522106457,0.19449290928014293,0.14409840696938075,0.05455655360727899,0.08776575330738796,0.030586835475323877,0.12973955327721115,0.07642810469969984,0.09425725400010668,0.04367320268554277,0.025947910655442233,0.04254496271639056,0.01953125,0.025855863857175247,0.11916463641235625,0.05329204550641505,0.06977469014803223,0.01680141653719263,0.0087890625,0.0386328914938525,0.020716018980074635,0.0567751634912056,0.013601941676937616,0.03527810911755555,0.0166015625,0.010054326309557618,0.029313146523053973,0.01878455474772592,0.0707990975015307,0.03180956538066861,0.0390625,0.007437278423695223,0.011920464468489943,0.04794116292434991,0.037160737481329,0.022482157096135425,0.026294750034836445,0.03485657870620068,0.020600608505594715,0.012732817197661424,0.01188039556698871,0.029296875,0.04979511243742954,0.023840928936979887,0.027981540589637505,0.007109482313750506,0.018657200365764452,0.0242573092741684,0.015254393898255184,0.01760523083722651,0.2714861314016925,0.020762003540497363,0.017387200990981306,0.022140203220223895,0.01188039556698871,0.012079411012551739,0.023457836229422487,0.01680141653719263,0.015746597164645604,0.024020261477048523,0.011430371006562134,0.013810679320049757,0.01019561182510796,0.012079411012551739,0.020716018980074635,0.015746597164645604,0.0126953125,0.005524271728019903,0.014517645261053229,0.02315091717017519,0.0185803687406645,0.009003461384075085,0.0068359375,0.01528562093993997,0.006905339660024878,0.005524271728019903,0.005694288959809864,0.016016815885602272,0.0166015625,0.02132844694125152,0.01878455474772592,0.003521046167445302,0.03179457147675724,0.011134525635733769,0.0,0.022269051271467537,0.008400708268596315,0.003521046167445302,0.007109482313750506,0.007042092334890604,0.005694288959809864,0.003088161777508183,0.00834375365753665,0.01516032685181643,0.01878455474772592,0.006905339660024878,0.012236293052872722,0.001953125,0.012732817197661424,0.021417687694786434,0.013706707859002147,0.004979511243742954,0.022482157096135425,0.018425744398548053,0.0029296875,0.001953125,0.003088161777508183,0.008052940675034493,0.014778072217208551,0.006176323555016366,0.003521046167445302,0.018165112536853784,0.004367320268554277,0.001953125,0.1611328125,1,1,0.0
14.453125,10.339534759521484,6.0,0.13386790454387665,3.808824062347412,3.90625,31.931400299072266,7.458398342132568,2.734375,0.6860190033912659,0.08569300919771194,7700.0,189709.0,587274816.0,24.63753318786621,0.1801130771636963,1.4448515176773071,5.00592041015625,1.014504391605442e-06,0.0,0.06471012532711029,922,1004,1002,1039,892,1082,1161,1166,953,984,1033,1035,975,958,942,888,796,969,1034,936,823,860,877,952,727,781,955,1034,889,957,1070,1110,967,1071,1179,1231,1258,1294,1291,1256,1101,1166,1256,1310,1128,1119,1034,969,782,797,751,669,603,703,920,972,790,863,991,1114,1070,1112,1146,1225,1083,1040,1097,1034,798,893,973,1127,999,1053,1116,1164,1016,1136,1133,1147,919,909,936,939,794,863,942,1052,952,1000,1004,1087,910,926,955,1049,942,1133,1243,1256,1197,1198,1275,1175,999,973,938,911,872,1064,1178,1119,941,1128,1159,1161,1016,1053,1148,1134,842,953,1040,1005,918,893,939,905,748,827,888,893,809,974,1048,1132,1066,1244,1263,1135,1054,1084,1136,1101,991,1132,1179,1114,936,924,940,1006,891,862,890,892,679,759,830,941,794,920,1079,1183,1017,1021,970,967,793,872,921,891,783,840,808,698,551,617,686,775,735,952,999,1037,846,936,1049,1068,956,954,1003,904,744,830,906,910,830,895,1001,1068,925,1021,1035,1037,907,952,1034,1148,1067,1146,1277,1373,1354,1439,1564,1560,1350,1448,1437,1309,1019,999,924,893,759,797,863,889,727,695,760,890,823,911,922,951,846,941,988,1070,1005,1039,1192,1289,1127,1210,1343,1372,1214,1336,1369,1370,1163,1198,1208,1227,0.00146484375,0.151404985200148,0.2428559952396237,0.1375116516725151,0.1080591890126801,0.2635488717723906,0.25500251619182146,0.41711566892434887,0.0185803687406645,0.2025984762482803,0.36264145820558447,0.09232519179530072,0.18255450963155198,0.1310196080566283,0.05139725533961237,0.19007880333443491,0.1580975969415456,0.05482683143600859,0.09212872199274028,0.051164792568084906,0.11871562259387583,0.09253155144433337,0.09717164919223241,0.014218964627501012,0.036812650048771024,0.03102027377786834,0.03669588716417175,0.007109482313750506,0.10329427986076056,0.0673828125,0.062148056940223906,0.040430159266571196,0.026939676219011176,0.0185803687406645,0.015440808887540914,0.05306788347341221,0.018657200365764452,0.02489755621871477,0.02756951994822872,0.02315091717017519,0.02157297073669387,0.012506102026236032,0.06878356114429818,0.024724587697601882,0.0324624416769427,0.012079411012551739,0.016630260122975003,0.04789140560640324,0.03614600688148779,0.021683206358568866,0.026565372087373914,0.03527810911755555,0.023047702580480365,0.014517645261053229,0.007109482313750506,0.025465634395322848,0.04458090707231768,0.026002982335340524,0.026654968874914416,0.015440808887540914,0.02132844694125152,0.022714264354712906,0.02286074201312427,0.012079411012551739,0.27279500409247326,0.013601941676937616,0.024119314521930602,0.020600608505594715,0.01727715430952552,0.006905339660024878,0.029652786036501906,0.021126277004671814,0.019773883526676354,0.023518739411703703,0.0078125,0.013982247132105814,0.007873298582322802,0.012079411012551739,0.020132351687586234,0.015746597164645604,0.012732817197661424,0.007437278423695223,0.012079411012551739,0.020531050821902968,0.0192608231673008,0.009003461384075085,0.009003461384075085,0.010786485368346935,0.0013810679320049757,0.0126953125,0.011134525635733769,0.01708286687942959,0.012352647110032733,0.028920103310470405,0.01589728573837862,0.006905339660024878,0.025031260972609954,0.00966747552403483,0.008734640537108554,0.0166015625,0.008734640537108554,0.010563138502335907,0.0013810679320049757,0.006905339660024878,0.006905339660024878,0.009264485332524549,0.007873298582322802,0.010381001770248682,0.021439939843847802,0.009003461384075085,0.013601941676937616,0.0013810679320049757,0.01179984958358845,0.01875915303935405,0.014874556847390447,0.0065509804028314154,0.022881590847382775,0.018347943582085875,0.0021836601342771385,0.0021836601342771385,0.0021836601342771385,0.006905339660024878,0.013282686043686957,0.007873298582322802,0.0048828125,0.016164985700436375,0.0048828125,0.001953125,0.1572265625,1,1,0.0
15.625,10.247943878173828,6.0,0.14577743411064148,3.7120933532714844,3.90625,30.45527458190918,7.566005706787109,2.734375,0.6729395389556885,0.0846685916185379,7517.0,169058.0,540636672.0,22.490089416503906,0.18128304183483124,1.131753921508789,4.950643539428711,4.15720023738686e-06,0.0,0.07224348932504654,792,909,991,926,791,861,1007,1048,922,1004,1002,1039,892,1082,1161,1166,953,984,1033,1035,975,958,942,888,796,969,1034,936,823,860,877,952,727,781,955,1034,889,957,1070,1110,967,1071,1179,1231,1258,1294,1291,1256,1101,1166,1256,1310,1128,1119,1034,969,782,797,751,669,603,703,920,972,790,863,991,1114,1070,1112,1146,1225,1083,1040,1097,1034,798,893,973,1127,999,1053,1116,1164,1016,1136,1133,1147,919,909,936,939,794,863,942,1052,952,1000,1004,1087,910,926,955,1049,942,1133,1243,1256,1197,1198,1275,1175,999,973,938,911,872,1064,1178,1119,941,1128,1159,1161,1016,1053,1148,1134,842,953,1040,1005,918,893,939,905,748,827,888,893,809,974,1048,1132,1066,1244,1263,1135,1054,1084,1136,1101,991,1132,1179,1114,936,924,940,1006,891,862,890,892,679,759,830,941,794,920,1079,1183,1017,1021,970,967,793,872,921,891,783,840,808,698,551,617,686,775,735,952,999,1037,846,936,1049,1068,956,954,1003,904,744,830,906,910,830,895,1001,1068,925,1021,1035,1037,907,952,1034,1148,1067,1146,1277,1373,1354,1439,1564,1560,1350,1448,1437,1309,1019,999,924,893,759,797,863,889,727,695,760,890,823,911,922,951,846,941,988,1070,1005,1039,1192,1289,1127,1210,1343,1372,0.001953125,0.10082741796203365,0.18878243881278142,0.21997815457169725,0.17552607346437255,0.18448762201899252,0.1671605739123407,0.3340486163545344,0.07043446453225376,0.23086771941878081,0.39648918562352525,0.1607387463559366,0.1080812504630667,0.17481559847232822,0.11093767192988438,0.1252172489557056,0.12078621482761522,0.11087317952722635,0.13907703795145898,0.02231183527108567,0.10786485368346935,0.09457038510684945,0.08315130061487501,0.05305889729377392,0.021506558149946522,0.051573226275433176,0.03676080122015373,0.027621358640099514,0.12236293052872722,0.05374643713209771,0.049149334110006326,0.04416179318201177,0.031988944051092184,0.013282686043686957,0.016253239235442616,0.04848512338791566,0.022269051271467537,0.021683206358568866,0.02489755621871477,0.012079411012551739,0.030162978928672854,0.022798081113142094,0.07909553410670542,0.040641898528681275,0.04138597675862713,0.011134525635733769,0.02039122365021592,0.06448271101257491,0.024954945974962183,0.009212872199274027,0.009959022487485907,0.020716018980074635,0.01680141653719263,0.011759369705851851,0.023294649300540163,0.03828573395295441,0.054731079176570524,0.030336376107439583,0.018657200365764452,0.016716057391234072,0.031143005310746045,0.012732817197661424,0.026565372087373914,0.014084184669781208,0.27694630688451627,0.008052940675034493,0.030586835475323877,0.0170549308560283,0.022032254243512652,0.003521046167445302,0.027361183058831836,0.021506558149946522,0.011134525635733769,0.027964494264211628,0.0170549308560283,0.019457869965987574,0.016572815184059706,0.01284467425582608,0.01760523083722651,0.010918300671385692,0.007873298582322802,0.017387200990981306,0.02231183527108567,0.02995676103550384,0.02568934851165216,0.007873298582322802,0.009264485332524549,0.016858082521125067,0.008734640537108554,0.0065509804028314154,0.011134525635733769,0.022545696055889054,0.01792730444402912,0.028168369339562415,0.02039122365021592,0.008843149548962322,0.02315091717017519,0.012352647110032733,0.010563138502335907,0.018657200365764452,0.01188039556698871,0.011430371006562134,0.004979511243742954,0.008400708268596315,0.006253051013118016,0.003088161777508183,0.006905339660024878,0.018528970665049098,0.013282686043686957,0.0021836601342771385,0.005258950006967289,0.009264485332524549,0.003088161777508183,0.012236293052872722,0.023619895746968406,0.016105881350068987,0.025334222209126653,0.021683206358568866,0.01188039556698871,0.010918300671385692,0.008052940675034493,0.01589728573837862,0.007109482313750506,0.01589728573837862,0.013671875,0.007109482313750506,0.010918300671385692,0.0107421875,0.1484375,1,1,0.0
16.40625,10.435601234436035,5.0,0.1615370810031891,3.2174463272094727,2.734375,29.981664657592773,7.939828872680664,3.90625,0.6396547555923462,0.08136002719402313,6941.0,153541.0,399334208.0,22.12087631225586,0.1988081932067871,1.4005509614944458,4.811905860900879,4.501614967011847e-06,0.0,0.08287642151117325,957,1055,1050,1023,846,859,845,926,792,909,991,926,791,861,1007,1048,922,1004,1002,1039,892,1082,1161,1166,953,984,1033,1035,975,958,942,888,796,969,1034,936,823,860,877,952,727,781,955,1034,889,957,1070,1110,967,1071,1179,1231,1258,1294,1291,1256,1101,1166,1256,1310,1128,1119,1034,969,782,797,751,669,603,703,920,972,790,863,991,1114,1070,1112,1146,1225,1083,1040,1097,1034,798,893,973,1127,999,1053,1116,1164,1016,1136,1133,1147,919,909,936,939,794,863,942,1052,952,1000,1004,1087,910,926,955,1049,942,1133,1243,1256,1197,1198,1275,1175,999,973,938,911,872,1064,1178,1119,941,1128,1159,1161,1016,1053,1148,1134,842,953,1040,1005,918,893,939,905,748,827,888,893,809,974,1048,1132,1066,1244,1263,1135,1054,1084,1136,1101,991,1132,1179,1114,936,924,940,1006,891,862,890,892,679,759,830,941,794,920,1079,1183,1017,1021,970,967,793,872,921,891,783,840,808,698,551,617,686,775,735,952,999,1037,846,936,1049,1068,956,954,1003,904,744,830,906,910,830,895,1001,1068,925,1021,1035,1037,907,952,1034,1148,1067,1146,1277,1373,1354,1439,1564,1560,1350,1448,1437,1309,1019,999,924,893,759,797,863,889,727,695,760,890,823,911,922,951,846,941,988,1070,0.001953125,0.10794439678765898,0.16163805731406705,0.25674680606448913,0.2217463590544527,0.17540378308799964,0.1432620848772588,0.3238611662312661,0.09420158976450534,0.20320245293165484,0.3631342108341281,0.18272421245522666,0.12298485540180598,0.2003453134687863,0.09003990983874613,0.1428621155009618,0.10790463256507529,0.08332888273434312,0.10187189951666167,0.026294750034836445,0.12802283703213974,0.0803693731779683,0.10012980619365497,0.018961413905222265,0.03669588716417175,0.026002982335340524,0.029700988917471777,0.005258950006967289,0.10054326309557618,0.06726949257536924,0.07373531906645574,0.022545696055889054,0.010517900013934578,0.034402177644157296,0.025202124805788945,0.0656552199764516,0.0029296875,0.03951157875809357,0.020762003540497363,0.02713367966689415,0.013101960805662831,0.022881590847382775,0.07706804553495648,0.02681548870653512,0.02847144479904932,0.014517645261053229,0.02108108705558877,0.05255321893388168,0.027500249688142037,0.013566839833447074,0.019555648822754675,0.029313146523053973,0.01875915303935405,0.011759369705851851,0.01441877251975918,0.03180956538066861,0.047701854460233645,0.0283875817456028,0.023518739411703703,0.014778072217208551,0.024158822025103478,0.021683206358568866,0.024020261477048523,0.010517900013934578,0.2697611395062219,0.01800692276815017,0.019628663322501738,0.020132351687586234,0.011920464468489943,0.012732817197661424,0.021683206358568866,0.011430371006562134,0.020716018980074635,0.015746597164645604,0.011759369705851851,0.021945512748285382,0.005524271728019903,0.005524271728019903,0.01589728573837862,0.012732817197661424,0.013282686043686957,0.0021836601342771385,0.010918300671385692,0.01760523083722651,0.017304731588544287,0.011134525635733769,0.013982247132105814,0.0065509804028314154,0.008843149548962322,0.01528562093993997,0.008052940675034493,0.009003461384075085,0.010918300671385692,0.022482157096135425,0.017578125,0.0029296875,0.0324624416769427,0.005258950006967289,0.006253051013118016,0.013810679320049757,0.00390625,0.01188039556698871,0.003088161777508183,0.004979511243742954,0.0048828125,0.009264485332524549,0.0048828125,0.013706707859002147,0.01875915303935405,0.006905339660024878,0.01171875,0.006176323555016366,0.006905339660024878,0.013601941676937616,0.021417687694786434,0.01188039556698871,0.027361183058831836,0.0146484375,0.004367320268554277,0.003088161777508183,0.0021836601342771385,0.005859375,0.012732817197661424,0.007109482313750506,0.00390625,0.018961413905222265,0.006253051013118016,0.001953125,0.16015625,1,1,0.0
16.796875,10.718153953552246,6.0,0.1624016910791397,3.3268446922302246,2.734375,25.553117752075195,7.973353385925293,3.90625,0.6440165042877197,0.08083672821521759,6852.0,141578.0,380428192.0,20.662288665771484,0.19358178973197937,1.3356415033340454,4.445034503936768,1.0261485840601381e-05,0.0,0.0739748552441597,843,892,1019,1085,1001,1070,1083,1086,957,1055,1050,1023,846,859,845,926,792,909,991,926,791,861,1007,1048,922,1004,1002,1039,892,1082,1161,1166,953,984,1033,1035,975,958,942,888,796,969,1034,936,823,860,877,952,727,781,955,1034,889,957,1070,1110,967,1071,1179,1231,1258,1294,1291,1256,1101,1166,1256,1310,1128,1119,1034,969,782,797,751,669,603,703,920,972,790,863,991,1114,1070,1112,1146,1225,1083,1040,1097,1034,798,893,973,1127,999,1053,1116,1164,1016,1136,1133,1147,919,909,936,939,794,863,942,1052,952,1000,1004,1087,910,926,955,1049,942,1133,1243,1256,1197,1198,1275,1175,999,973,938,911,872,1064,1178,1119,941,1128,1159,1161,1016,1053,1148,1134,842,953,1040,1005,918,893,939,905,748,827,888,893,809,974,1048,1132,1066,1244,1263,1135,1054,1084,1136,1101,991,1132,1179,1114,936,924,940,1006,891,862,890,892,679,759,830,941,794,920,1079,1183,1017,1021,970,967,793,872,921,891,783,840,808,698,551,617,686,775,735,952,999,1037,846,936,1049,1068,956,954,1003,904,744,830,906,910,830,895,1001,1068,925,1021,1035,1037,907,952,1034,1148,1067,1146,1277,1373,1354,1439,1564,1560,1350,1448,1437,1309,1019,999,924,893,759,797,863,889,727,695,760,890,0.0009765625,0.09750965559661419,0.17946710753781117,0.2520685449050841,0.21048943296897724,0.15725385535628073,0.1266146328778355,0.30418158368325127,0.11207942762034041,0.21400983399229614,0.3655762729616613,0.1997255349389272,0.12538088941956277,0.21427704021518243,0.08711134561952612,0.1537427004190082,0.11295244576760086,0.0684708911834301,0.08938081308947216,0.03876842429937345,0.1231863049314178,0.09110862335695782,0.09141167518622313,0.02157297073669387,0.04088754182706703,0.024433585943743757,0.021417687694786434,0.011759369705851851,0.10762587164371916,0.0602389473175435,0.06501295694177046,0.029652786036501906,0.017387200990981306,0.02883754503951836,0.016105881350068987,0.05709342180563854,0.0065509804028314154,0.040618426451338716,0.011388577919619728,0.027151247606362977,0.01179984958358845,0.029523860269201122,0.08204287492034462,0.022269051271467537,0.021683206358568866,0.019186408891004394,0.020531050821902968,0.04805044765680681,0.03452669830012439,0.019236050394133015,0.017686299097924643,0.024647323172117114,0.019236050394133015,0.009765625,0.019628663322501738,0.035372598195849286,0.04695630968816917,0.03259437357085671,0.021836601342771385,0.01760523083722651,0.02231183527108567,0.025353037081537442,0.022482157096135425,0.01441877251975918,0.2720528557976487,0.01589728573837862,0.023047702580480365,0.019457869965987574,0.01589728573837862,0.009003461384075085,0.020531050821902968,0.011430371006562134,0.018425744398548053,0.013706707859002147,0.0170549308560283,0.027964494264211628,0.007627196949127592,0.007873298582322802,0.016572815184059706,0.018657200365764452,0.019457869965987574,0.0048828125,0.0041432037960149265,0.013810679320049757,0.02315091717017519,0.006905339660024878,0.01528562093993997,0.0065509804028314154,0.006253051013118016,0.01284467425582608,0.007873298582322802,0.012352647110032733,0.008843149548962322,0.025012204052472065,0.015440808887540914,0.005258950006967289,0.0341098617120566,0.005940197783494355,0.007109482313750506,0.012352647110032733,0.004026470337517247,0.013879560940968648,0.0029296875,0.007042092334890604,0.0048828125,0.007042092334890604,0.003521046167445302,0.015440808887540914,0.01760523083722651,0.009264485332524549,0.013982247132105814,0.009264485332524549,0.009003461384075085,0.015625,0.01878455474772592,0.009003461384075085,0.025465634395322848,0.01589728573837862,0.0027621358640099515,0.0021836601342771385,0.001953125,0.0065509804028314154,0.0126953125,0.007873298582322802,0.004367320268554277,0.01760523083722651,0.006253051013118016,0.0009765625,0.16015625,1,1,0.0
18.359375,10.780085563659668,7.0,0.16876325011253357,3.2467520236968994,2.734375,23.19874382019043,8.07427978515625,3.90625,0.6355020403862,0.07989928871393204,6694.0,132925.0,347878656.0,19.85733413696289,0.19573470950126648,1.4340349435806274,4.208588600158691,1.8672631995286793e-05,0.0,0.06952716410160065,814,940,904,813,732,873,926,987,843,892,1019,1085,1001,1070,1083,1086,957,1055,1050,1023,846,859,845,926,792,909,991,926,791,861,1007,1048,922,1004,1002,1039,892,1082,1161,1166,953,984,1033,1035,975,958,942,888,796,969,1034,936,823,860,877,952,727,781,955,1034,889,957,1070,1110,967,1071,1179,1231,1258,1294,1291,1256,1101,1166,1256,1310,1128,1119,1034,969,782,797,751,669,603,703,920,972,790,863,991,1114,1070,1112,1146,1225,1083,1040,1097,1034,798,893,973,1127,999,1053,1116,1164,1016,1136,1133,1147,919,909,936,939,794,863,942,1052,952,1000,1004,1087,910,926,955,1049,942,1133,1243,1256,1197,1198,1275,1175,999,973,938,911,872,1064,1178,1119,941,1128,1159,1161,1016,1053,1148,1134,842,953,1040,1005,918,893,939,905,748,827,888,893,809,974,1048,1132,1066,1244,1263,1135,1054,1084,1136,1101,991,1132,1179,1114,936,924,940,1006,891,862,890,892,679,759,830,941,794,920,1079,1183,1017,1021,970,967,793,872,921,891,783,840,808,698,551,617,686,775,735,952,999,1037,846,936,1049,1068,956,954,1003,904,744,830,906,910,830,895,1001,1068,925,1021,1035,1037,907,952,1034,1148,1067,1146,1277,1373,1354,1439,1564,1560,1350,1448,1437,1309,1019,999,924,893,0.00244140625,0.08793943956916192,0.1976134001230765,0.2603322210088681,0.21470609936945273,0.14171264500700992,0.11234289431610846,0.2992889242328507,0.11965580851846279,0.2005403847678855,0.3525377099177654,0.19005622433428251,0.1314628691376925,0.20212956584616748,0.08580422904878436,0.1474900374846605,0.10841603179284433,0.07610298367038677,0.09379576519677024,0.0361328125,0.1260711551356081,0.08891546593820342,0.09310180375168038,0.020600608505594715,0.040430159266571196,0.024433585943743757,0.024954945974962183,0.007873298582322802,0.10526057290366518,0.06298638865858242,0.06819875102311831,0.022545696055889054,0.014874556847390447,0.021945512748285382,0.01792730444402912,0.04942023800343748,0.0185546875,0.0388789633542859,0.0021836601342771385,0.03066468450802262,0.020132351687586234,0.043891025496570764,0.08722622138032268,0.013282686043686957,0.0208765218031562,0.022777155839239456,0.010918300671385692,0.05841443917475852,0.0385216463346016,0.016105881350068987,0.005940197783494355,0.023840928936979887,0.005258950006967289,0.023518739411703703,0.014906579611790769,0.028854075591199527,0.04037114571991091,0.0234375,0.033203125,0.006253051013118016,0.022651198251451565,0.014906579611790769,0.0244140625,0.01171875,0.27212646080259323,0.016253239235442616,0.021945512748285382,0.016572815184059706,0.008843149548962322,0.017686299097924643,0.02157297073669387,0.012079411012551739,0.0242573092741684,0.016630260122975003,0.009765625,0.01953125,0.007873298582322802,0.0021836601342771385,0.010786485368346935,0.011759369705851851,0.015254393898255184,0.003521046167445302,0.00834375365753665,0.01171875,0.023457836229422487,0.011430371006562134,0.019555648822754675,0.0048828125,0.009765625,0.0087890625,0.008052940675034493,0.01516032685181643,0.007873298582322802,0.027500249688142037,0.013879560940968648,0.006905339660024878,0.03623823303765522,0.004979511243742954,0.0087890625,0.01179984958358845,0.005940197783494355,0.0126953125,0.0009765625,0.003521046167445302,0.003521046167445302,0.010381001770248682,0.006176323555016366,0.011430371006562134,0.0192608231673008,0.005940197783494355,0.008286407592029853,0.008843149548962322,0.005694288959809864,0.011430371006562134,0.023940723969006372,0.012732817197661424,0.0283203125,0.014778072217208551,0.0021836601342771385,0.003088161777508183,0.0048828125,0.008734640537108554,0.011388577919619728,0.009959022487485907,0.008052940675034493,0.016716057391234072,0.009003461384075085,0.0029296875,0.162109375,1,1,0.0
21.484375,10.944035530090332,6.0,0.15868495404720306,3.176476001739502,2.734375,22.58584213256836,8.117889404296875,3.90625,0.6398736834526062,0.07977983355522156,6674.0,130964.0,359782720.0,19.623014450073242,0.20144136250019073,1.3221608400344849,4.224331378936768,1.170510586234741e-06,0.0,0.07571911066770554,951,1055,1164,1241,1176,1179,1145,988,814,940,904,813,732,873,926,987,843,892,1019,1085,1001,1070,1083,1086,957,1055,1050,1023,846,859,845,926,792,909,991,926,791,861,1007,1048,922,1004,1002,1039,892,1082,1161,1166,953,984,1033,1035,975,958,942,888,796,969,1034,936,823,860,877,952,727,781,955,1034,889,957,1070,1110,967,1071,1179,1231,1258,1294,1291,1256,1101,1166,1256,1310,1128,1119,1034,969,782,797,751,669,603,703,920,972,790,863,991,1114,1070,1112,1146,1225,1083,1040,1097,1034,798,893,973,1127,999,1053,1116,1164,1016,1136,1133,1147,919,909,936,939,794,863,942,1052,952,1000,1004,1087,910,926,955,1049,942,1133,1243,1256,1197,1198,1275,1175,999,973,938,911,872,1064,1178,1119,941,1128,1159,1161,1016,1053,1148,1134,842,953,1040,1005,918,893,939,905,748,827,888,893,809,974,1048,1132,1066,1244,1263,1135,1054,1084,1136,1101,991,1132,1179,1114,936,924,940,1006,891,862,890,892,679,759,830,941,794,920,1079,1183,1017,1021,970,967,793,872,921,891,783,840,808,698,551,617,686,775,735,952,999,1037,846,936,1049,1068,956,954,1003,904,744,830,906,910,830,895,1001,1068,925,1021,1035,1037,907,952,1034,1148,1067,1146,1277,1373,1354,1439,1564,1560,0.00244140625,0.1123046875,0.17082866879429592,0.22794734360171456,0.1811806381626346,0.12832046113956383,0.0882371640474728,0.26425896733857046,0.15609428275841264,0.17624180118618726,0.31074028470111953,0.15615842042780725,0.147179341019219,0.1701041811187545,0.12540370599603132,0.10049108087997552,0.06228601062149209,0.08882425130350892,0.04336641271713773,0.0882371640474728,0.10234822270760861,0.1381344117975541,0.052734375,0.07048860325241636,0.014938533731228863,0.0676934641625913,0.07184872354264223,0.04835710313726542,0.10005834784580851,0.06017558790235897,0.059047720538402244,0.057418221078473046,0.05651420428214956,0.030383494504109463,0.020132351687586234,0.05476591755003888,0.023619895746968406,0.05841443917475852,0.02734375,0.027238917345666705,0.020899350155305366,0.03485657870620068,0.09752432495290357,0.03088161777508183,0.007042092334890604,0.03549371454177001,0.02209708691207961,0.058013073204215414,0.04496431419227085,0.020132351687586234,0.006905339660024878,0.027203883353875233,0.0068359375,0.019555648822754675,0.014874556847390447,0.03234471711265468,0.038989189018900645,0.031035641761856844,0.03496584724603156,0.013810679320049757,0.014517645261053229,0.017820593350483065,0.025633603024231812,0.020600608505594715,0.2734531943040667,0.0244140625,0.020967686087484266,0.02458921545315268,0.001953125,0.019773883526676354,0.029700988917471777,0.018528970665049098,0.016016815885602272,0.016164985700436375,0.015746597164645604,0.024158822025103478,0.003521046167445302,0.007109482313750506,0.0146484375,0.006905339660024878,0.010563138502335907,0.009003461384075085,0.014874556847390447,0.009814331661250869,0.028721564784868637,0.01589728573837862,0.025633603024231812,0.0146484375,0.010054326309557618,0.01441877251975918,0.017953883116064683,0.01171875,0.010918300671385692,0.01875915303935405,0.025781989809461104,0.007042092334890604,0.027981540589637505,0.011759369705851851,0.003088161777508183,0.021417687694786434,0.004367320268554277,0.016630260122975003,0.008400708268596315,0.011048543456039806,0.008052940675034493,0.004979511243742954,0.0009765625,0.014680953494504793,0.02157297073669387,0.008400708268596315,0.008843149548962322,0.010517900013934578,0.004026470337517247,0.00966747552403483,0.026294750034836445,0.012506102026236032,0.02510734400816883,0.022881590847382775,0.009264485332524549,0.009959022487485907,0.006905339660024878,0.013601941676937616,0.013028968812623373,0.009765625,0.005859375,0.025390625,0.00390625,0.009814331661250869,0.1494140625,1,1,0.0
25.0,11.507502555847168,5.0,0.18925753235816956,2.119129180908203,25.0,19.53005599975586,9.435189247131348,3.90625,0.550816535949707,0.07159608602523804,5375.0,85840.0,174508864.0,15.970232963562012,0.259925901889801,1.173960566520691,3.8281986713409424,0.0,0.0,0.10213004797697067,748,797,956,1130,1003,1035,1049,1114,951,1055,1164,1241,1176,1179,1145,988,814,940,904,813,732,873,926,987,843,892,1019,1085,1001,1070,1083,1086,957,1055,1050,1023,846,859,845,926,792,909,991,926,791,861,1007,1048,922,1004,1002,1039,892,1082,1161,1166,953,984,1033,1035,975,958,942,888,796,969,1034,936,823,860,877,952,727,781,955,1034,889,957,1070,1110,967,1071,1179,1231,1258,1294,1291,1256,1101,1166,1256,1310,1128,1119,1034,969,782,797,751,669,603,703,920,972,790,863,991,1114,1070,1112,1146,1225,1083,1040,1097,1034,798,893,973,1127,999,1053,1116,1164,1016,1136,1133,1147,919,909,936,939,794,863,942,1052,952,1000,1004,1087,910,926,955,1049,942,1133,1243,1256,1197,1198,1275,1175,999,973,938,911,872,1064,1178,1119,941,1128,1159,1161,1016,1053,1148,1134,842,953,1040,1005,918,893,939,905,748,827,888,893,809,974,1048,1132,1066,1244,1263,1135,1054,1084,1136,1101,991,1132,1179,1114,936,924,940,1006,891,862,890,892,679,759,830,941,794,920,1079,1183,1017,1021,970,967,793,872,921,891,783,840,808,698,551,617,686,775,735,952,999,1037,846,936,1049,1068,956,954,1003,904,744,830,906,910,830,895,1001,1068,925,1021,1035,1037,907,952,1034,1148,0.0,0.18790899809466657,0.12281802254798624,0.147344480089986,0.10784716947092596,0.09921605864952161,0.04225255400934363,0.22997165671148478,0.2063044620624928,0.10563138502335906,0.28738162049926097,0.094972899737611,0.11593158388080999,0.21467722594707625,0.16364635186585708,0.1367536227846508,0.10394313989180048,0.04239901044158674,0.0643198195315434,0.06689987718146075,0.09048366706951955,0.10601439439457104,0.0820893581393262,0.042879879687695605,0.0166015625,0.04752158226795484,0.05482683143600859,0.03434669022474409,0.09663528810041391,0.05781546920162377,0.05751779032276259,0.0544515697634791,0.051164792568084906,0.029133659941750583,0.015776850020901866,0.05940197783494355,0.010054326309557618,0.042275118792799535,0.015746597164645604,0.020692988379313566,0.02157297073669387,0.04447381850287383,0.08348895483004493,0.008843149548962322,0.028985980624327792,0.010786485368346935,0.019749754312653012,0.0439561618551832,0.043013116299893045,0.03176456243611444,0.018657200365764452,0.005694288959809864,0.020108652619115236,0.03819845159298427,0.03066468450802262,0.03316001337177665,0.0375183060787081,0.016630260122975003,0.03819845159298427,0.004026470337517247,0.027500249688142037,0.014680953494504793,0.02489755621871477,0.011430371006562134,0.27212646080259323,0.016716057391234072,0.022545696055889054,0.01792730444402912,0.006905339660024878,0.01800692276815017,0.021417687694786434,0.010918300671385692,0.025559086578715626,0.015440808887540914,0.005940197783494355,0.01680141653719263,0.01188039556698871,0.0048828125,0.0048828125,0.014680953494504793,0.020716018980074635,0.008843149548962322,0.003521046167445302,0.0087890625,0.025855863857175247,0.008286407592029853,0.01727715430952552,0.006253051013118016,0.007873298582322802,0.009765625,0.010381001770248682,0.01179984958358845,0.007109482313750506,0.022777155839239456,0.019555648822754675,0.001953125,0.03088161777508183,0.006905339660024878,0.003521046167445302,0.014778072217208551,0.003521046167445302,0.013101960805662831,0.0,0.0029296875,0.00390625,0.013601941676937616,0.010918300671385692,0.009959022487485907,0.014938533731228863,0.0048828125,0.011134525635733769,0.016016815885602272,0.0146484375,0.020716018980074635,0.013879560940968648,0.0048828125,0.021945512748285382,0.0170549308560283,0.006253051013118016,0.003521046167445302,0.004026470337517247,0.004026470337517247,0.014778072217208551,0.005694288959809864,0.0041432037960149265,0.01760523083722651,0.004367320268554277,0.0,0.158203125,1,1,0.0
25.0,11.88506031036377,6.0,0.2330450862646103,1.8308433294296265,25.0,20.735715866088867,9.869112968444824,3.90625,0.4960268437862396,0.0695967823266983,5079.0,87610.0,180976240.0,17.24945831298828,0.2709280848503113,1.1465927362442017,4.047414302825928,7.535690383519977e-05,0.0,0.09740028530359268,1095,1196,1226,1160,969,974,969,938,748,797,956,1130,1003,1035,1049,1114,951,1055,1164,1241,1176,1179,1145,988,814,940,904,813,732,873,926,987,843,892,1019,1085,1001,1070,1083,1086,957,1055,1050,1023,846,859,845,926,792,909,991,926,791,861,1007,1048,922,1004,1002,1039,892,1082,1161,1166,953,984,1033,1035,975,958,942,888,796,969,1034,936,823,860,877,952,727,781,955,1034,889,957,1070,1110,967,1071,1179,1231,1258,1294,1291,1256,1101,1166,1256,1310,1128,1119,1034,969,782,797,751,669,603,703,920,972,790,863,991,1114,1070,1112,1146,1225,1083,1040,1097,1034,798,893,973,1127,999,1053,1116,1164,1016,1136,1133,1147,919,909,936,939,794,863,942,1052,952,1000,1004,1087,910,926,955,1049,942,1133,1243,1256,1197,1198,1275,1175,999,973,938,911,872,1064,1178,1119,941,1128,1159,1161,1016,1053,1148,1134,842,953,1040,1005,918,893,939,905,748,827,888,893,809,974,1048,1132,1066,1244,1263,1135,1054,1084,1136,1101,991,1132,1179,1114,936,924,940,1006,891,862,890,892,679,759,830,941,794,920,1079,1183,1017,1021,970,967,793,872,921,891,783,840,808,698,551,617,686,775,735,952,999,1037,846,936,1049,1068,956,954,1003,904,744,830,906,910,830,895,1001,1068,0.00390625,0.16508528383820711,0.12216792971871879,0.16257932634106842,0.11143515277472267,0.12112918458369212,0.06419366574040936,0.2082666926294002,0.22599985699944486,0.10022024695833984,0.27057126399328846,0.07290285978843375,0.11793786459312021,0.23253263511086258,0.1778657867554762,0.15712644813374035,0.12368849333623991,0.026294750034836445,0.08432434822235509,0.04697661512033474,0.11093337360283537,0.10532850194868389,0.06772867532968634,0.055285858807492816,0.003088161777508183,0.06543697487402717,0.07224582710227219,0.05021468801633766,0.11093337360283537,0.045856862819819905,0.04230894340319232,0.055000499376284075,0.04336641271713773,0.02708090746848056,0.007627196949127592,0.05258950006967289,0.012079411012551739,0.04668132188561375,0.011759369705851851,0.027500249688142037,0.014778072217208551,0.03853402276747824,0.086963425237864,0.012732817197661424,0.025031260972609954,0.012732817197661424,0.016370170521718956,0.04769185721513586,0.041062101643805936,0.031988944051092184,0.018961413905222265,0.004026470337517247,0.02132844694125152,0.03889122607761695,0.030162978928672854,0.032359456105040804,0.03876842429937345,0.01800692276815017,0.036851488797096106,0.0027621358640099515,0.025465634395322848,0.011920464468489943,0.02847144479904932,0.009003461384075085,0.2695330191291577,0.016716057391234072,0.02132844694125152,0.016016815885602272,0.010381001770248682,0.019186408891004394,0.021945512748285382,0.01188039556698871,0.025012204052472065,0.018961413905222265,0.008400708268596315,0.01760523083722651,0.011388577919619728,0.004026470337517247,0.005524271728019903,0.013282686043686957,0.02003738723504218,0.00834375365753665,0.004367320268554277,0.009212872199274027,0.025202124805788945,0.008843149548962322,0.018528970665049098,0.007627196949127592,0.006905339660024878,0.011388577919619728,0.013101960805662831,0.009765625,0.010054326309557618,0.020531050821902968,0.0192608231673008,0.001953125,0.03126525506559008,0.007873298582322802,0.007109482313750506,0.011920464468489943,0.005524271728019903,0.009959022487485907,0.004979511243742954,0.003088161777508183,0.0065509804028314154,0.011430371006562134,0.00834375365753665,0.01188039556698871,0.015776850020901866,0.0021836601342771385,0.00834375365753665,0.015254393898255184,0.01313830473347042,0.020108652619115236,0.01528562093993997,0.003088161777508183,0.020132351687586234,0.019384212149686726,0.007437278423695223,0.0048828125,0.005694288959809864,0.0029296875,0.016105881350068987,0.006905339660024878,0.004979511243742954,0.0166015625,0.006253051013118016,0.0,0.1591796875,1,1,0.0
25.0,11.627778053283691,6.0,0.26593250036239624,1.7354472875595093,25.0,17.027727127075195,9.774287223815918,3.90625,0.465713769197464,0.07071148604154587,5243.0,76409.0,173075408.0,14.573526382446289,0.26835373044013977,1.0155099630355835,3.6470911502838135,1.3409939128905535e-05,0.0,0.09101839363574982,1038,1023,1005,1005,826,811,921,1131,1095,1196,1226,1160,969,974,969,938,748,797,956,1130,1003,1035,1049,1114,951,1055,1164,1241,1176,1179,1145,988,814,940,904,813,732,873,926,987,843,892,1019,1085,1001,1070,1083,1086,957,1055,1050,1023,846,859,845,926,792,909,991,926,791,861,1007,1048,922,1004,1002,1039,892,1082,1161,1166,953,984,1033,1035,975,958,942,888,796,969,1034,936,823,860,877,952,727,781,955,1034,889,957,1070,1110,967,1071,1179,1231,1258,1294,1291,1256,1101,1166,1256,1310,1128,1119,1034,969,782,797,751,669,603,703,920,972,790,863,991,1114,1070,1112,1146,1225,1083,1040,1097,1034,798,893,973,1127,999,1053,1116,1164,1016,1136,1133,1147,919,909,936,939,794,863,942,1052,952,1000,1004,1087,910,926,955,1049,942,1133,1243,1256,1197,1198,1275,1175,999,973,938,911,872,1064,1178,1119,941,1128,1159,1161,1016,1053,1148,1134,842,953,1040,1005,918,893,939,905,748,827,888,893,809,974,1048,1132,1066,1244,1263,1135,1054,1084,1136,1101,991,1132,1179,1114,936,924,940,1006,891,862,890,892,679,759,830,941,794,920,1079,1183,1017,1021,970,967,793,872,921,891,783,840,808,698,551,617,686,775,735,952,999,1037,846,936,1049,1068,956,954,1003,904,0.0009765625,0.14038404378181715,0.11418684361127708,0.1667492979569648,0.096304115836504,0.13884026417981035,0.07474372311778302,0.20567250175586338,0.23216733698623768,0.08017334278036638,0.2980116117122486,0.09809471878006003,0.10666458922588397,0.21207601098671003,0.16185326625484975,0.12890994904730552,0.1037640738995273,0.0377211092106015,0.08091337455655219,0.06134491708804457,0.10753279074973263,0.07680153414465532,0.08645198446349153,0.055285858807492816,0.026565372087373914,0.08869531800515265,0.09791469707266642,0.0753473503553138,0.131502761869835,0.0264394265052361,0.024119314521930602,0.05027163154778809,0.02209708691207961,0.013810679320049757,0.011430371006562134,0.0388789633542859,0.02638526579317636,0.05590340539594418,0.024433585943743757,0.014218964627501012,0.0263671875,0.04809012598533254,0.08093105216836195,0.01188039556698871,0.02627660946694084,0.01760523083722651,0.01792730444402912,0.05045152872300582,0.03564118670096613,0.02568934851165216,0.02286074201312427,0.004979511243742954,0.029264304812054096,0.04756170180424188,0.03371616504225013,0.024119314521930602,0.04835710313726542,0.021126277004671814,0.0316291694154329,0.010381001770248682,0.0242573092741684,0.0021836601342771385,0.040430159266571196,0.003521046167445302,0.26697868530690444,0.010381001770248682,0.03389952140177692,0.00966747552403483,0.01019561182510796,0.024158822025103478,0.030414866215619993,0.013982247132105814,0.023619895746968406,0.010054326309557618,0.0009765625,0.01313830473347042,0.01886055460530075,0.007873298582322802,0.011759369705851851,0.016016815885602272,0.0146484375,0.0065509804028314154,0.009264485332524549,0.005258950006967289,0.029133659941750583,0.005258950006967289,0.015655487833868553,0.003521046167445302,0.01179984958358845,0.007873298582322802,0.016630260122975003,0.01019561182510796,0.013671875,0.0166875073150733,0.019236050394133015,0.005940197783494355,0.03452669830012439,0.004367320268554277,0.010517900013934578,0.015746597164645604,0.0021836601342771385,0.013101960805662831,0.001953125,0.004367320268554277,0.003088161777508183,0.015655487833868553,0.011759369705851851,0.014084184669781208,0.01179984958358845,0.007109482313750506,0.010054326309557618,0.01242961138804478,0.010563138502335907,0.019555648822754675,0.015776850020901866,0.0027621358640099515,0.01886055460530075,0.01878455474772592,0.009003461384075085,0.0048828125,0.0048828125,0.0087890625,0.012732817197661424,0.004367320268554277,0.0048828125,0.013706707859002147,0.010563138502335907,0.0068359375,0.166015625,1,1,0.0
25.0,11.777400016784668,5.0,0.22936418652534485,1.7470877170562744,25.0,24.086204528808594,9.985915184020996,3.90625,0.49010753631591797,0.0707249715924263,5245.0,97938.0,190311936.0,18.672639846801758,0.28052830696105957,1.2880308628082275,4.302933216094971,1.3405444406089373e-05,0.0,0.0966627448797226,1144,1334,1351,1175,1015,1101,1165,1226,1038,1023,1005,1005,826,811,921,1131,1095,1196,1226,1160,969,974,969,938,748,797,956,1130,1003,1035,1049,1114,951,1055,1164,1241,1176,1179,1145,988,814,940,904,813,732,873,926,987,843,892,1019,1085,1001,1070,1083,1086,957,1055,1050,1023,846,859,845,926,792,909,991,926,791,861,1007,1048,922,1004,1002,1039,892,1082,1161,1166,953,984,1033,1035,975,958,942,888,796,969,1034,936,823,860,877,952,727,781,955,1034,889,957,1070,1110,967,1071,1179,1231,1258,1294,1291,1256,1101,1166,1256,1310,1128,1119,1034,969,782,797,751,669,603,703,920,972,790,863,991,1114,1070,1112,1146,1225,1083,1040,1097,1034,798,893,973,1127,999,1053,1116,1164,1016,1136,1133,1147,919,909,936,939,794,863,942,1052,952,1000,1004,1087,910,926,955,1049,942,1133,1243,1256,1197,1198,1275,1175,999,973,938,911,872,1064,1178,1119,941,1128,1159,1161,1016,1053,1148,1134,842,953,1040,1005,918,893,939,905,748,827,888,893,809,974,1048,1132,1066,1244,1263,1135,1054,1084,1136,1101,991,1132,1179,1114,936,924,940,1006,891,862,890,892,679,759,830,941,794,920,1079,1183,1017,1021,970,967,793,872,921,891,783,840,808,698,551,617,686,775,735,952,999,1037,0.001953125,0.0948221569838934,0.1011484951267504,0.1683118996650197,0.05978604634771081,0.15304638148369895,0.0782225952910187,0.24513469496739504,0.20135667331304247,0.1104206780238824,0.3120419005599699,0.11962392368450293,0.14716314093980712,0.1963886369016842,0.19992836623034552,0.15580074574753575,0.13750124844071018,0.011134525635733769,0.0945300393775786,0.04283537538957287,0.10920484113197618,0.10160474632170319,0.08060634663397034,0.0386328914938525,0.0185546875,0.07324869762734053,0.0929788023058087,0.07851465329000695,0.12986445476468195,0.0360270834876889,0.00834375365753665,0.0601676632841772,0.0126953125,0.018165112536853784,0.026654968874914416,0.03625138904935661,0.03669588716417175,0.05731847887042652,0.032033631771204545,0.018961413905222265,0.03066468450802262,0.04203758447271657,0.06894973870353067,0.029700988917471777,0.0078125,0.029765137996344084,0.0013810679320049757,0.0632960172777297,0.03155370004180373,0.043858421040792225,0.03500673501745102,0.01727715430952552,0.025202124805788945,0.04144354526156825,0.019236050394133015,0.030289184412638327,0.03340357690720131,0.024647323172117114,0.041718768287683256,0.001953125,0.027361183058831836,0.011134525635733769,0.029652786036501906,0.006905339660024878,0.2652261769259547,0.01760523083722651,0.026868782211323446,0.007873298582322802,0.0126953125,0.0264394265052361,0.03032065370363286,0.01792730444402912,0.01953125,0.009959022487485907,0.004979511243742954,0.010563138502335907,0.017387200990981306,0.0087890625,0.009003461384075085,0.01875915303935405,0.018425744398548053,0.003521046167445302,0.008734640537108554,0.007109482313750506,0.0283875817456028,0.006905339660024878,0.014906579611790769,0.0068359375,0.009003461384075085,0.008052940675034493,0.014084184669781208,0.011920464468489943,0.011759369705851851,0.0166015625,0.020600608505594715,0.004979511243742954,0.033432114782468145,0.005524271728019903,0.009959022487485907,0.014874556847390447,0.0029296875,0.012236293052872722,0.0021836601342771385,0.0021836601342771385,0.005940197783494355,0.0146484375,0.010517900013934578,0.01284467425582608,0.015440808887540914,0.004367320268554277,0.008400708268596315,0.014906579611790769,0.01313830473347042,0.01953125,0.014938533731228863,0.001953125,0.019457869965987574,0.0192608231673008,0.007627196949127592,0.004026470337517247,0.004979511243742954,0.007109482313750506,0.012352647110032733,0.0048828125,0.003088161777508183,0.01528562093993997,0.010054326309557618,0.006176323555016366,0.1650390625,1,1,0.0
25.0,11.362773895263672,6.0,0.25239792466163635,1.778395652770996,25.0,22.220766067504883,9.753286361694336,3.90625,0.47852516174316406,0.07278503477573395,5555.0,100825.0,209882992.0,18.150314331054688,0.2690768837928772,1.3366166353225708,4.111084938049316,1.4062027275940636e-06,0.0,0.09127356857061386,919,1052,1118,1144,1005,988,1127,1180,1144,1334,1351,1175,1015,1101,1165,1226,1038,1023,1005,1005,826,811,921,1131,1095,1196,1226,1160,969,974,969,938,748,797,956,1130,1003,1035,1049,1114,951,1055,1164,1241,1176,1179,1145,988,814,940,904,813,732,873,926,987,843,892,1019,1085,1001,1070,1083,1086,957,1055,1050,1023,846,859,845,926,792,909,991,926,791,861,1007,1048,922,1004,1002,1039,892,1082,1161,1166,953,984,1033,1035,975,958,942,888,796,969,1034,936,823,860,877,952,727,781,955,1034,889,957,1070,1110,967,1071,1179,1231,1258,1294,1291,1256,1101,1166,1256,1310,1128,1119,1034,969,782,797,751,669,603,703,920,972,790,863,991,1114,1070,1112,1146,1225,1083,1040,1097,1034,798,893,973,1127,999,1053,1116,1164,1016,1136,1133,1147,919,909,936,939,794,863,942,1052,952,1000,1004,1087,910,926,955,1049,942,1133,1243,1256,1197,1198,1275,1175,999,973,938,911,872,1064,1178,1119,941,1128,1159,1161,1016,1053,1148,1134,842,953,1040,1005,918,893,939,905,748,827,888,893,809,974,1048,1132,1066,1244,1263,1135,1054,1084,1136,1101,991,1132,1179,1114,936,924,940,1006,891,862,890,892,679,759,830,941,794,920,1079,1183,1017,1021,970,967,793,872,921,891,783,840,808,698,0.00390625,0.06074344351595307,0.0974852017641051,0.15053640458854234,0.015254393898255184,0.1295114816414094,0.054276145435899426,0.29326970219423903,0.1563598246845737,0.1506598898339739,0.24619642265441638,0.055285858807492816,0.11227071497029582,0.2451813754353123,0.144600516552352,0.12112918458369212,0.08432434822235509,0.05406488490494691,0.09978156073785001,0.057226895796810985,0.1427419061453907,0.09932653624899368,0.048602996633317595,0.0771484375,0.019186408891004394,0.047731833632226314,0.06036546664267809,0.05694288959809864,0.10528774978080901,0.06253051013118016,0.0170549308560283,0.0825238649934492,0.02638526579317636,0.03625138904935661,0.044538102542935075,0.0436404354912194,0.04632242666262274,0.05373756442264689,0.034402177644157296,0.02995676103550384,0.025202124805788945,0.03316001337177665,0.07700614845201688,0.02580047815160724,0.013601941676937616,0.023940723969006372,0.005258950006967289,0.06078268093591967,0.029133659941750583,0.04018171994422067,0.037314400731528904,0.019555648822754675,0.028185292362620726,0.043596707588964285,0.013810679320049757,0.033332125323976586,0.0285216442705278,0.023619895746968406,0.03986002271866904,0.006253051013118016,0.019918044974971814,0.009765625,0.037109375,0.003521046167445302,0.26782215434848416,0.008843149548962322,0.031035641761856844,0.0166015625,0.004979511243742954,0.017953883116064683,0.020531050821902968,0.018165112536853784,0.019773883526676354,0.0166875073150733,0.015254393898255184,0.00834375365753665,0.02489755621871477,0.01875915303935405,0.01680141653719263,0.023518739411703703,0.011134525635733769,0.009212872199274027,0.012079411012551739,0.004979511243742954,0.027500249688142037,0.007873298582322802,0.018657200365764452,0.007873298582322802,0.007042092334890604,0.008843149548962322,0.012236293052872722,0.013706707859002147,0.013810679320049757,0.014680953494504793,0.0192608231673008,0.009264485332524549,0.0388789633542859,0.0021836601342771385,0.004367320268554277,0.017469281074217108,0.009003461384075085,0.013282686043686957,0.010563138502335907,0.010054326309557618,0.012079411012551739,0.005258950006967289,0.009212872199274027,0.005859375,0.014874556847390447,0.014778072217208551,0.020132351687586234,0.0021836601342771385,0.0065509804028314154,0.020716018980074635,0.017686299097924643,0.010517900013934578,0.02568934851165216,0.009814331661250869,0.00390625,0.0048828125,0.004979511243742954,0.0027621358640099515,0.017686299097924643,0.007109482313750506,0.003088161777508183,0.018165112536853784,0.00834375365753665,0.006176323555016366,0.166015625,1,1,0.0
25.0,11.960794448852539,4.0,0.26303747296333313,1.4472200870513916,25.0,23.670011520385742,10.59284496307373,2.734375,0.4358198046684265,0.06842909753322601,4910.0,91277.0,185838480.0,18.59002113342285,0.30114272236824036,1.1853386163711548,4.399776935577393,6.364400178426877e-06,0.0,0.09971166402101517,1178,1145,1100,1096,926,958,1019,1079,919,1052,1118,1144,1005,988,1127,1180,1144,1334,1351,1175,1015,1101,1165,1226,1038,1023,1005,1005,826,811,921,1131,1095,1196,1226,1160,969,974,969,938,748,797,956,1130,1003,1035,1049,1114,951,1055,1164,1241,1176,1179,1145,988,814,940,904,813,732,873,926,987,843,892,1019,1085,1001,1070,1083,1086,957,1055,1050,1023,846,859,845,926,792,909,991,926,791,861,1007,1048,922,1004,1002,1039,892,1082,1161,1166,953,984,1033,1035,975,958,942,888,796,969,1034,936,823,860,877,952,727,781,955,1034,889,957,1070,1110,967,1071,1179,1231,1258,1294,1291,1256,1101,1166,1256,1310,1128,1119,1034,969,782,797,751,669,603,703,920,972,790,863,991,1114,1070,1112,1146,1225,1083,1040,1097,1034,798,893,973,1127,999,1053,1116,1164,1016,1136,1133,1147,919,909,936,939,794,863,942,1052,952,1000,1004,1087,910,926,955,1049,942,1133,1243,1256,1197,1198,1275,1175,999,973,938,911,872,1064,1178,1119,941,1128,1159,1161,1016,1053,1148,1134,842,953,1040,1005,918,893,939,905,748,827,888,893,809,974,1048,1132,1066,1244,1263,1135,1054,1084,1136,1101,991,1132,1179,1114,936,924,940,1006,891,862,890,892,679,759,830,941,794,920,1079,1183,1017,1021,970,967,0.00048828125,0.08925802618956916,0.1083984375,0.12979834541947294,0.05912035495181762,0.0883073886220961,0.03452669830012439,0.2735386252736559,0.2002715175083508,0.11766261110169846,0.2686700746432119,0.08660628440555082,0.10096919551220962,0.20370869036392422,0.17245109417690715,0.13493888884656094,0.11920464468489944,0.025390625,0.08212420328761187,0.06061771309702537,0.11560206830243472,0.07600894032144549,0.07064402096252666,0.08217644330629463,0.027981540589637505,0.058958823625482736,0.049149334110006326,0.04463435500791578,0.09279399443300214,0.07536633352177632,0.029035290522106457,0.09095147618652384,0.03032065370363286,0.03954776705335271,0.04789140560640324,0.055285858807492816,0.03419363554689765,0.043013116299893045,0.020716018980074635,0.019236050394133015,0.027793455997573647,0.050413708981016825,0.0634765625,0.033332125323976586,0.009003461384075085,0.04193537217496853,0.013101960805662831,0.07075193627609358,0.041718768287683256,0.05078125,0.027413415718004295,0.01188039556698871,0.020600608505594715,0.0439453125,0.024724587697601882,0.023212625632821705,0.03756910949545184,0.03144773864864183,0.048238629043861204,0.009003461384075085,0.023518739411703703,0.0166015625,0.03837281778200879,0.008400708268596315,0.26563218050956405,0.0048828125,0.0341796875,0.023840928936979887,0.0107421875,0.019773883526676354,0.02315091717017519,0.027759121881937295,0.009765625,0.011759369705851851,0.015440808887540914,0.004367320268554277,0.02580047815160724,0.011134525635733769,0.012732817197661424,0.014517645261053229,0.020762003540497363,0.005258950006967289,0.010918300671385692,0.009264485332524549,0.03455430861905104,0.0041432037960149265,0.009765625,0.0021836601342771385,0.014874556847390447,0.010381001770248682,0.018347943582085875,0.007873298582322802,0.014084184669781208,0.018961413905222265,0.01800692276815017,0.006253051013118016,0.03623823303765522,0.0021836601342771385,0.003088161777508183,0.015746597164645604,0.009003461384075085,0.009814331661250869,0.011134525635733769,0.010918300671385692,0.008843149548962322,0.010918300671385692,0.01179984958358845,0.010786485368346935,0.00966747552403483,0.010054326309557618,0.013706707859002147,0.009959022487485907,0.008400708268596315,0.01680141653719263,0.018657200365764452,0.005859375,0.019384212149686726,0.015440808887540914,0.008734640537108554,0.005859375,0.00390625,0.007873298582322802,0.021035800027869155,0.006905339660024878,0.006176323555016366,0.01800692276815017,0.006905339660024878,0.005940197783494355,0.1650390625,1,1,0.0
25.0,11.780561447143555,6.0,0.25377270579338074,1.529369831085205,25.0,21.748353958129883,10.465791702270508,3.90625,0.45120230317115784,0.06861697882413864,4937.0,79588.0,177781680.0,16.1207218170166,0.2950249910354614,1.0297987461090088,4.238776206970215,0.00010125973494723439,1.171875,0.10463697463274002,712,798,940,985,888,1019,1191,1273,1178,1145,1100,1096,926,958,1019,1079,919,1052,1118,1144,1005,988,1127,1180,1144,1334,1351,1175,1015,1101,1165,1226,1038,1023,1005,1005,826,811,921,1131,1095,1196,1226,1160,969,974,969,938,748,797,956,1130,1003,1035,1049,1114,951,1055,1164,1241,1176,1179,1145,988,814,940,904,813,732,873,926,987,843,892,1019,1085,1001,1070,1083,1086,957,1055,1050,1023,846,859,845,926,792,909,991,926,791,861,1007,1048,922,1004,1002,1039,892,1082,1161,1166,953,984,1033,1035,975,958,942,888,796,969,1034,936,823,860,877,952,727,781,955,1034,889,957,1070,1110,967,1071,1179,1231,1258,1294,1291,1256,1101,1166,1256,1310,1128,1119,1034,969,782,797,751,669,603,703,920,972,790,863,991,1114,1070,1112,1146,1225,1083,1040,1097,1034,798,893,973,1127,999,1053,1116,1164,1016,1136,1133,1147,919,909,936,939,794,863,942,1052,952,1000,1004,1087,910,926,955,1049,942,1133,1243,1256,1197,1198,1275,1175,999,973,938,911,872,1064,1178,1119,941,1128,1159,1161,1016,1053,1148,1134,842,953,1040,1005,918,893,939,905,748,827,888,893,809,974,1048,1132,1066,1244,1263,1135,1054,1084,1136,1101,991,1132,1179,1114,936,924,940,1006,891,862,890,892,679,759,830,941,0.00390625,0.07536633352177632,0.11016127121756326,0.14327206980541646,0.05569831731093437,0.10490663282809207,0.05198762364924283,0.2898137408656312,0.19688817540238734,0.12650537025602226,0.26336969084383227,0.0933626437712275,0.09170332666850375,0.1859165724830041,0.18726079305144955,0.14791295579723834,0.13800317423390235,0.027964494264211628,0.0649248833538854,0.07871481457572904,0.1077321513322001,0.05960232234244972,0.07810668730685473,0.10164697508507231,0.04574233761183738,0.05006252194521991,0.03500673501745102,0.05681714143667522,0.1003913849679406,0.07796003090338684,0.0300838316420886,0.08156489460086368,0.018961413905222265,0.026565372087373914,0.03385729652999944,0.04794116292434991,0.029264304812054096,0.05417061815765103,0.029652786036501906,0.011759369705851851,0.037186392118476116,0.050753072110102666,0.05932165058002906,0.03936649291161401,0.003088161777508183,0.0352916230460794,0.009959022487485907,0.06036546664267809,0.03984805813106087,0.03928161203343509,0.027759121881937295,0.012079411012551739,0.029361906989009586,0.04631213164601319,0.01284467425582608,0.03363120187055188,0.027010384152225255,0.021506558149946522,0.037695818487536684,0.007437278423695223,0.019652941208494246,0.004979511243742954,0.036916129241085546,0.0029296875,0.27023974194674144,0.011048543456039806,0.027361183058831836,0.014906579611790769,0.007873298582322802,0.01953125,0.02231183527108567,0.020967686087484266,0.015440808887540914,0.013982247132105814,0.01441877251975918,0.001953125,0.025465634395322848,0.0146484375,0.0146484375,0.016858082521125067,0.01680141653719263,0.0048828125,0.008843149548962322,0.006905339660024878,0.029361906989009586,0.006176323555016366,0.013028968812623373,0.0065509804028314154,0.01313830473347042,0.003521046167445302,0.020132351687586234,0.010918300671385692,0.019628663322501738,0.021506558149946522,0.011134525635733769,0.007109482313750506,0.0324624416769427,0.008286407592029853,0.007109482313750506,0.011430371006562134,0.005859375,0.009814331661250869,0.005940197783494355,0.0065509804028314154,0.008734640537108554,0.008400708268596315,0.008400708268596315,0.007042092334890604,0.012732817197661424,0.009959022487485907,0.016370170521718956,0.007109482313750506,0.004979511243742954,0.0166015625,0.019384212149686726,0.009959022487485907,0.02458921545315268,0.009618025197066508,0.003088161777508183,0.004026470337517247,0.004367320268554277,0.003521046167445302,0.01313830473347042,0.004026470337517247,0.007437278423695223,0.009618025197066508,0.011430371006562134,0.004026470337517247,0.15625,1,1,0.0
25.0,11.765166282653809,6.0,0.2589226961135864,1.552223563194275,25.0,22.802412033081055,10.396199226379395,2.734375,0.4507119357585907,0.06878355890512466,4961.0,86362.0,179100640.0,17.408184051513672,0.2903653383255005,1.1254137754440308,4.30141019821167,3.936431312467903e-05,0.0,0.09800195693969727,986,988,874,886,730,874,878,844,712,798,940,985,888,1019,1191,1273,1178,1145,1100,1096,926,958,1019,1079,919,1052,1118,1144,1005,988,1127,1180,1144,1334,1351,1175,1015,1101,1165,1226,1038,1023,1005,1005,826,811,921,1131,1095,1196,1226,1160,969,974,969,938,748,797,956,1130,1003,1035,1049,1114,951,1055,1164,1241,1176,1179,1145,988,814,940,904,813,732,873,926,987,843,892,1019,1085,1001,1070,1083,1086,957,1055,1050,1023,846,859,845,926,792,909,991,926,791,861,1007,1048,922,1004,1002,1039,892,1082,1161,1166,953,984,1033,1035,975,958,942,888,796,969,1034,936,823,860,877,952,727,781,955,1034,889,957,1070,1110,967,1071,1179,1231,1258,1294,1291,1256,1101,1166,1256,1310,1128,1119,1034,969,782,797,751,669,603,703,920,972,790,863,991,1114,1070,1112,1146,1225,1083,1040,1097,1034,798,893,973,1127,999,1053,1116,1164,1016,1136,1133,1147,919,909,936,939,794,863,942,1052,952,1000,1004,1087,910,926,955,1049,942,1133,1243,1256,1197,1198,1275,1175,999,973,938,911,872,1064,1178,1119,941,1128,1159,1161,1016,1053,1148,1134,842,953,1040,1005,918,893,939,905,748,827,888,893,809,974,1048,1132,1066,1244,1263,1135,1054,1084,1136,1101,991,1132,1179,1114,936,924,940,1006,0.00048828125,0.0902779081946841,0.10394313989180048,0.12652044657239755,0.049071658306254345,0.09865214847597482,0.04026470337517247,0.2882762215855491,0.18414613128832502,0.13867531355772025,0.25025164337075917,0.08407516894543314,0.08027438792016436,0.18307877409578113,0.18839558655576677,0.15091603633946282,0.14708535572134904,0.03294360897154883,0.057443129569737274,0.08554263866508419,0.11056309233960179,0.060531121942623965,0.0734761886952214,0.10138393256441852,0.04239901044158674,0.05040424961157789,0.036773770280786586,0.0528788530104722,0.0966747552403483,0.0816116500616257,0.03452669830012439,0.08457843133661963,0.02229045353615884,0.023940723969006372,0.029035290522106457,0.04498551877453524,0.03088161777508183,0.06289547729728366,0.03803582440263759,0.02157297073669387,0.0324624416769427,0.04005097002814429,0.06878356114429818,0.029264304812054096,0.008734640537108554,0.04120121701118943,0.015746597164645604,0.06892207026794488,0.048494957101309126,0.04306850990468739,0.01800692276815017,0.008052940675034493,0.03889122607761695,0.05580095557485021,0.006176323555016366,0.04239901044158674,0.021683206358568866,0.01589728573837862,0.029361906989009586,0.010918300671385692,0.02568934851165216,0.004367320268554277,0.03179457147675724,0.005258950006967289,0.26625077081846316,0.011388577919619728,0.03168941550700772,0.0170549308560283,0.006176323555016366,0.018347943582085875,0.022545696055889054,0.023478154844084585,0.013028968812623373,0.011759369705851851,0.013982247132105814,0.0021836601342771385,0.025012204052472065,0.01179984958358845,0.011920464468489943,0.019186408891004394,0.0166015625,0.0041432037960149265,0.009264485332524549,0.006253051013118016,0.027010384152225255,0.009003461384075085,0.013810679320049757,0.008843149548962322,0.015254393898255184,0.00390625,0.021439939843847802,0.009212872199274027,0.018425744398548053,0.021484375,0.01284467425582608,0.007109482313750506,0.0333750146301466,0.00834375365753665,0.0065509804028314154,0.009212872199274027,0.0065509804028314154,0.009618025197066508,0.004026470337517247,0.0048828125,0.011388577919619728,0.0048828125,0.009814331661250869,0.008843149548962322,0.009765625,0.00966747552403483,0.01313830473347042,0.010563138502335907,0.005258950006967289,0.01284467425582608,0.02378085090212094,0.0146484375,0.029700988917471777,0.005940197783494355,0.004026470337517247,0.005940197783494355,0.007109482313750506,0.009264485332524549,0.012732817197661424,0.0021836601342771385,0.010563138502335907,0.01313830473347042,0.005940197783494355,0.0021836601342771385,0.162109375,1,1,0.0
25.0,11.923484802246094,4.0,0.27572640776634216,1.4766042232513428,25.0,24.883913040161133,10.57803726196289,2.734375,0.4318273365497589,0.06876969337463379,4959.0,93925.0,178328832.0,18.940311431884766,0.29244622588157654,1.2415729761123657,4.4333109855651855,0.00010082614608108997,0.0,0.11365114152431488,891,968,1051,1134,1100,1179,1178,1133,986,988,874,886,730,874,878,844,712,798,940,985,888,1019,1191,1273,1178,1145,1100,1096,926,958,1019,1079,919,1052,1118,1144,1005,988,1127,1180,1144,1334,1351,1175,1015,1101,1165,1226,1038,1023,1005,1005,826,811,921,1131,1095,1196,1226,1160,969,974,969,938,748,797,956,1130,1003,1035,1049,1114,951,1055,1164,1241,1176,1179,1145,988,814,940,904,813,732,873,926,987,843,892,1019,1085,1001,1070,1083,1086,957,1055,1050,1023,846,859,845,926,792,909,991,926,791,861,1007,1048,922,1004,1002,1039,892,1082,1161,1166,953,984,1033,1035,975,958,942,888,796,969,1034,936,823,860,877,952,727,781,955,1034,889,957,1070,1110,967,1071,1179,1231,1258,1294,1291,1256,1101,1166,1256,1310,1128,1119,1034,969,782,797,751,669,603,703,920,972,790,863,991,1114,1070,1112,1146,1225,1083,1040,1097,1034,798,893,973,1127,999,1053,1116,1164,1016,1136,1133,1147,919,909,936,939,794,863,942,1052,952,1000,1004,1087,910,926,955,1049,942,1133,1243,1256,1197,1198,1275,1175,999,973,938,911,872,1064,1178,1119,941,1128,1159,1161,1016,1053,1148,1134,842,953,1040,1005,918,893,939,905,748,827,888,893,809,974,1048,1132,1066,1244,1263,1135,1054,1084,1136,1101,0.0029296875,0.09582760558772081,0.1022083580824683,0.11973946581161769,0.04938162843660364,0.09352593667041312,0.0324624416769427,0.28913177484935665,0.16876740542471186,0.15444514237085324,0.23184260139432758,0.08389916644040352,0.06709915385274173,0.16479618778448968,0.21062304759040387,0.1751643907354982,0.15309933817176616,0.05765028180916188,0.04898412579681427,0.08613701980937478,0.13348934265345222,0.08652365794272143,0.06693550581325701,0.076171875,0.040641898528681275,0.07872087212428361,0.022881590847382775,0.051895821310884466,0.09669941402285373,0.1011909142920149,0.04935265143942687,0.06337883101401544,0.011134525635733769,0.009618025197066508,0.02681548870653512,0.032285693857063556,0.047681857873959774,0.0471993983343538,0.0185803687406645,0.0170549308560283,0.03601384553630034,0.057971961248655585,0.05211587525049349,0.044921875,0.006905339660024878,0.032241355506287456,0.006176323555016366,0.0632583388308658,0.03758179961893331,0.046589298601080326,0.02458921545315268,0.005258950006967289,0.03221176270013797,0.054407766707750466,0.013706707859002147,0.037378240642587185,0.018165112536853784,0.022798081113142094,0.03152346170228315,0.01528562093993997,0.023518739411703703,0.0048828125,0.033730304764004966,0.009959022487485907,0.2643040742719601,0.01680141653719263,0.03527810911755555,0.017469281074217108,0.005258950006967289,0.01589728573837862,0.022651198251451565,0.0264394265052361,0.01019561182510796,0.0087890625,0.010786485368346935,0.0048828125,0.022545696055889054,0.01171875,0.01179984958358845,0.020967686087484266,0.013982247132105814,0.007042092334890604,0.007109482313750506,0.009959022487485907,0.02638526579317636,0.01019561182510796,0.009264485332524549,0.0048828125,0.015746597164645604,0.008052940675034493,0.01680141653719263,0.013101960805662831,0.019628663322501738,0.019457869965987574,0.007109482313750506,0.010381001770248682,0.029264304812054096,0.011920464468489943,0.009765625,0.014938533731228863,0.004367320268554277,0.01284467425582608,0.008286407592029853,0.0078125,0.008052940675034493,0.008843149548962322,0.008843149548962322,0.007109482313750506,0.01188039556698871,0.009618025197066508,0.013566839833447074,0.00966747552403483,0.004367320268554277,0.013706707859002147,0.0234375,0.014938533731228863,0.030414866215619993,0.007109482313750506,0.0021836601342771385,0.004367320268554277,0.00390625,0.007873298582322802,0.014938533731228863,0.0027621358640099515,0.005859375,0.011759369705851851,0.011134525635733769,0.0029296875,0.1572265625,1,1,0.0
25.0,11.654791831970215,5.0,0.32367709279060364,1.373374581336975,25.0,20.148706436157227,10.495695114135742,2.734375,0.391360342502594,0.06861697882413864,4937.0,81152.0,159755712.0,16.43751335144043,0.28496256470680237,1.1232887506484985,3.9738447666168213,1.5821232182133826e-06,0.0,0.11302971839904785,873,940,1016,968,860,879,925,1004,891,968,1051,1134,1100,1179,1178,1133,986,988,874,886,730,874,878,844,712,798,940,985,888,1019,1191,1273,1178,1145,1100,1096,926,958,1019,1079,919,1052,1118,1144,1005,988,1127,1180,1144,1334,1351,1175,1015,1101,1165,1226,1038,1023,1005,1005,826,811,921,1131,1095,1196,1226,1160,969,974,969,938,748,797,956,1130,1003,1035,1049,1114,951,1055,1164,1241,1176,1179,1145,988,814,940,904,813,732,873,926,987,843,892,1019,1085,1001,1070,1083,1086,957,1055,1050,1023,846,859,845,926,792,909,991,926,791,861,1007,1048,922,1004,1002,1039,892,1082,1161,1166,953,984,1033,1035,975,958,942,888,796,969,1034,936,823,860,877,952,727,781,955,1034,889,957,1070,1110,967,1071,1179,1231,1258,1294,1291,1256,1101,1166,1256,1310,1128,1119,1034,969,782,797,751,669,603,703,920,972,790,863,991,1114,1070,1112,1146,1225,1083,1040,1097,1034,798,893,973,1127,999,1053,1116,1164,1016,1136,1133,1147,919,909,936,939,794,863,942,1052,952,1000,1004,1087,910,926,955,1049,942,1133,1243,1256,1197,1198,1275,1175,999,973,938,911,872,1064,1178,1119,941,1128,1159,1161,1016,1053,1148,1134,842,953,1040,1005,918,893,939,905,748,827,888,893,809,974,1048,1132,0.00390625,0.050753072110102666,0.142892152038724,0.14979972184566653,0.09430277302650374,0.04804052295409705,0.013671875,0.26835752705877575,0.13781992366803605,0.19247202087784288,0.19410024180723967,0.10563589908865988,0.07754299816838015,0.12791104945338236,0.24119512220419728,0.19405110250472885,0.12553672004084415,0.0557325510678917,0.07863602398123982,0.05978604634771081,0.10966235967679527,0.06366408598830711,0.0814771557953756,0.09715692658678053,0.04018171994422067,0.06118146526436361,0.03356023491687418,0.041015625,0.0856095036872778,0.10494753298756375,0.05614172793673754,0.07015634787367894,0.018961413905222265,0.009003461384075085,0.027964494264211628,0.0324624416769427,0.04917843090630536,0.04306850990468739,0.017686299097924643,0.011134525635733769,0.0380859375,0.051164792568084906,0.060080423497156345,0.03665688355297551,0.007042092334890604,0.043013116299893045,0.016716057391234072,0.05330993774982883,0.039257326645003476,0.03756910949545184,0.03829818662329605,0.018657200365764452,0.018528970665049098,0.05414420420167622,0.028168369339562415,0.036812650048771024,0.007109482313750506,0.0283875817456028,0.02161713244255728,0.0235996991671769,0.0361328125,0.013982247132105814,0.025781989809461104,0.005694288959809864,0.26831487872555226,0.009814331661250869,0.024705294220065465,0.009003461384075085,0.0041432037960149265,0.009264485332524549,0.015440808887540914,0.030289184412638327,0.005940197783494355,0.006176323555016366,0.008052940675034493,0.008052940675034493,0.021417687694786434,0.014084184669781208,0.012732817197661424,0.01953125,0.014874556847390447,0.007873298582322802,0.008734640537108554,0.012732817197661424,0.026565372087373914,0.0126953125,0.005258950006967289,0.003521046167445302,0.012352647110032733,0.008400708268596315,0.016716057391234072,0.01589728573837862,0.0242573092741684,0.024119314521930602,0.012352647110032733,0.005694288959809864,0.03304477405407936,0.0078125,0.007109482313750506,0.00966747552403483,0.0048828125,0.01284467425582608,0.007042092334890604,0.009814331661250869,0.011759369705851851,0.009618025197066508,0.010517900013934578,0.010381001770248682,0.01313830473347042,0.008843149548962322,0.013982247132105814,0.008734640537108554,0.003088161777508183,0.015440808887540914,0.022269051271467537,0.013982247132105814,0.028721564784868637,0.010563138502335907,0.0027621358640099515,0.0027621358640099515,0.004367320268554277,0.003088161777508183,0.010918300671385692,0.005940197783494355,0.011920464468489943,0.010918300671385692,0.007437278423695223,0.0029296875,0.1630859375,1,1,0.0
25.0,11.845495223999023,6.0,0.3150635361671448,1.242834210395813,2.734375,19.502798080444336,10.811058044433594,25.0,0.379547655582428,0.06859613209962845,4934.0,76738.0,162484432.0,15.552898406982422,0.30538880825042725,1.0625441074371338,3.960284948348999,2.533072438382078e-05,22.265625,0.1019323393702507,940,1035,1194,1279,1215,1165,1258,1160,873,940,1016,968,860,879,925,1004,891,968,1051,1134,1100,1179,1178,1133,986,988,874,886,730,874,878,844,712,798,940,985,888,1019,1191,1273,1178,1145,1100,1096,926,958,1019,1079,919,1052,1118,1144,1005,988,1127,1180,1144,1334,1351,1175,1015,1101,1165,1226,1038,1023,1005,1005,826,811,921,1131,1095,1196,1226,1160,969,974,969,938,748,797,956,1130,1003,1035,1049,1114,951,1055,1164,1241,1176,1179,1145,988,814,940,904,813,732,873,926,987,843,892,1019,1085,1001,1070,1083,1086,957,1055,1050,1023,846,859,845,926,792,909,991,926,791,861,1007,1048,922,1004,1002,1039,892,1082,1161,1166,953,984,1033,1035,975,958,942,888,796,969,1034,936,823,860,877,952,727,781,955,1034,889,957,1070,1110,967,1071,1179,1231,1258,1294,1291,1256,1101,1166,1256,1310,1128,1119,1034,969,782,797,751,669,603,703,920,972,790,863,991,1114,1070,1112,1146,1225,1083,1040,1097,1034,798,893,973,1127,999,1053,1116,1164,1016,1136,1133,1147,919,909,936,939,794,863,942,1052,952,1000,1004,1087,910,926,955,1049,942,1133,1243,1256,1197,1198,1275,1175,999,973,938,911,872,1064,1178,1119,941,1128,1159,1161,1016,1053,1148,1134,842,953,1040,1005,918,893,939,905,0.00390625,0.11206666352111098,0.08044646611960536,0.14637039836683646,0.0670707220066124,0.09654148897877161,0.049506999436080376,0.22204935449696658,0.18337805231488521,0.1939896608724048,0.15722959527354516,0.10943166082589298,0.08301355678653675,0.08164085862705807,0.28880504793526485,0.23067555604832327,0.09209248446969373,0.07109482313750506,0.1170449979929761,0.05168405711874704,0.07457766832826869,0.03601384553630034,0.0752206734830145,0.09956149278072604,0.014938533731228863,0.07520165354757209,0.04891593666550076,0.036812650048771024,0.0863857715476276,0.11476167613611397,0.0594100045869341,0.05402959450634005,0.013810679320049757,0.018657200365764452,0.03489759450235476,0.04080582503081285,0.04026470337517247,0.04737083138919884,0.024020261477048523,0.014084184669781208,0.03234471711265468,0.048100040453221686,0.06078268093591967,0.04033569614856129,0.01188039556698871,0.04377135709182611,0.01875915303935405,0.05011012347916992,0.0324624416769427,0.04398869386545003,0.03521046167445302,0.01441877251975918,0.02489755621871477,0.05555258848956208,0.022482157096135425,0.034637007521422264,0.011759369705851851,0.0283875817456028,0.027010384152225255,0.026294750034836445,0.036916129241085546,0.016716057391234072,0.02209708691207961,0.010381001770248682,0.2678079105727313,0.008400708268596315,0.02003738723504218,0.004026470337517247,0.008400708268596315,0.0048828125,0.0170549308560283,0.03554741156875253,0.004367320268554277,0.004367320268554277,0.009959022487485907,0.0041432037960149265,0.027621358640099514,0.009814331661250869,0.005694288959809864,0.02489755621871477,0.012732817197661424,0.014680953494504793,0.005859375,0.016572815184059706,0.03179457147675724,0.007873298582322802,0.009814331661250869,0.001953125,0.010563138502335907,0.004367320268554277,0.018528970665049098,0.013282686043686957,0.021683206358568866,0.022545696055889054,0.011920464468489943,0.007627196949127592,0.0332174831087792,0.011759369705851851,0.010918300671385692,0.0126953125,0.0013810679320049757,0.013101960805662831,0.009814331661250869,0.007627196949127592,0.006253051013118016,0.006905339660024878,0.008843149548962322,0.010918300671385692,0.0048828125,0.006905339660024878,0.01179984958358845,0.013282686043686957,0.005524271728019903,0.022482157096135425,0.014084184669781208,0.006253051013118016,0.020600608505594715,0.011134525635733769,0.005940197783494355,0.008843149548962322,0.010054326309557618,0.01019561182510796,0.014517645261053229,0.0009765625,0.008052940675034493,0.0126953125,0.010054326309557618,0.0029296875,0.1572265625,1,1,0.0
25.0,11.858810424804688,6.0,0.3184738755226135,1.258067011833191,25.0,21.575448989868164,10.713967323303223,5.46875,0.3797077536582947,0.0684848204255104,4918.0,84501.0,165410896.0,17.181983947753906,0.3018183708190918,1.1286513805389404,4.141624450683594,2.5416149583179504e-05,0.0,0.11495857685804367,791,909,988,1113,1006,1161,1069,1052,940,1035,1194,1279,1215,1165,1258,1160,873,940,1016,968,860,879,925,1004,891,968,1051,1134,1100,1179,1178,1133,986,988,874,886,730,874,878,844,712,798,940,985,888,1019,1191,1273,1178,1145,1100,1096,926,958,1019,1079,919,1052,1118,1144,1005,988,1127,1180,1144,1334,1351,1175,1015,1101,1165,1226,1038,1023,1005,1005,826,811,921,1131,1095,1196,1226,1160,969,974,969,938,748,797,956,1130,1003,1035,1049,1114,951,1055,1164,1241,1176,1179,1145,988,814,940,904,813,732,873,926,987,843,892,1019,1085,1001,1070,1083,1086,957,1055,1050,1023,846,859,845,926,792,909,991,926,791,861,1007,1048,922,1004,1002,1039,892,1082,1161,1166,953,984,1033,1035,975,958,942,888,796,969,1034,936,823,860,877,952,727,781,955,1034,889,957,1070,1110,967,1071,1179,1231,1258,1294,1291,1256,1101,1166,1256,1310,1128,1119,1034,969,782,797,751,669,603,703,920,972,790,863,991,1114,1070,1112,1146,1225,1083,1040,1097,1034,798,893,973,1127,999,1053,1116,1164,1016,1136,1133,1147,919,909,936,939,794,863,942,1052,952,1000,1004,1087,910,926,955,1049,942,1133,1243,1256,1197,1198,1275,1175,999,973,938,911,872,1064,1178,1119,941,1128,1159,1161,1016,1053,1148,1134,0.0029296875,0.11849047761796225,0.07340476747252396,0.14769357683785764,0.06766528203640627,0.10563589908865988,0.06055474999190428,0.20938101233205295,0.19024680721696752,0.20629752796372844,0.1398156505463366,0.12748536268997832,0.10228297634981377,0.06989077084016754,0.2860461419503976,0.21610072634255825,0.08362591561356462,0.04894517221149089,0.09604629957784765,0.0656261625641072,0.09962852144419414,0.0567751634912056,0.07864208759878219,0.10272490599185358,0.038397662600268556,0.05220729064306117,0.05353308622525682,0.017304731588544287,0.06419366574040936,0.1326400534871066,0.08011384492966282,0.04673236763283359,0.03032065370363286,0.03538607603904968,0.050818796215850344,0.055000499376284075,0.026294750034836445,0.05932165058002906,0.03500673501745102,0.024705294220065465,0.026294750034836445,0.05524271728019903,0.05459150335692846,0.043552935783159684,0.009264485332524549,0.040465526084180976,0.015440808887540914,0.05386164934819405,0.0341098617120566,0.04254496271639056,0.032754902014157074,0.01441877251975918,0.021126277004671814,0.04941058844013093,0.029035290522106457,0.03477440198196261,0.00966747552403483,0.031143005310746045,0.01708286687942959,0.023940723969006372,0.03564118670096613,0.009959022487485907,0.03126525506559008,0.004979511243742954,0.2640694340805558,0.008734640537108554,0.02765586378614511,0.013101960805662831,0.010517900013934578,0.010563138502335907,0.009765625,0.03891573993197515,0.003088161777508183,0.0029296875,0.008400708268596315,0.008734640537108554,0.03126525506559008,0.009212872199274027,0.003521046167445302,0.027361183058831836,0.0107421875,0.0126953125,0.0048828125,0.013671875,0.02763861659782208,0.013282686043686957,0.005258950006967289,0.0048828125,0.004026470337517247,0.0078125,0.02765586378614511,0.008734640537108554,0.013601941676937616,0.012506102026236032,0.011048543456039806,0.017578125,0.022777155839239456,0.011759369705851851,0.0065509804028314154,0.010918300671385692,0.011759369705851851,0.016630260122975003,0.011759369705851851,0.0170549308560283,0.011048543456039806,0.0170549308560283,0.0027621358640099515,0.006905339660024878,0.010563138502335907,0.017387200990981306,0.010563138502335907,0.023640075072090243,0.014517645261053229,0.03176456243611444,0.006176323555016366,0.0029296875,0.021439939843847802,0.007109482313750506,0.007437278423695223,0.008286407592029853,0.0068359375,0.006905339660024878,0.013028968812623373,0.0021836601342771385,0.009765625,0.012732817197661424,0.009003461384075085,0.0029296875,0.15625,1,1,0.0
25.0,11.649266242980957,6.0,0.3160589933395386,1.3047312498092651,25.0,21.573030471801758,10.547159194946289,5.46875,0.3871857821941376,0.06854049861431122,4926.0,86333.0,163568224.0,17.525983810424805,0.29675522446632385,1.212371826171875,4.110678195953369,1.427325332770124e-05,0.0,0.10589508712291718,871,953,1008,922,831,889,942,909,791,909,988,1113,1006,1161,1069,1052,940,1035,1194,1279,1215,1165,1258,1160,873,940,1016,968,860,879,925,1004,891,968,1051,1134,1100,1179,1178,1133,986,988,874,886,730,874,878,844,712,798,940,985,888,1019,1191,1273,1178,1145,1100,1096,926,958,1019,1079,919,1052,1118,1144,1005,988,1127,1180,1144,1334,1351,1175,1015,1101,1165,1226,1038,1023,1005,1005,826,811,921,1131,1095,1196,1226,1160,969,974,969,938,748,797,956,1130,1003,1035,1049,1114,951,1055,1164,1241,1176,1179,1145,988,814,940,904,813,732,873,926,987,843,892,1019,1085,1001,1070,1083,1086,957,1055,1050,1023,846,859,845,926,792,909,991,926,791,861,1007,1048,922,1004,1002,1039,892,1082,1161,1166,953,984,1033,1035,975,958,942,888,796,969,1034,936,823,860,877,952,727,781,955,1034,889,957,1070,1110,967,1071,1179,1231,1258,1294,1291,1256,1101,1166,1256,1310,1128,1119,1034,969,782,797,751,669,603,703,920,972,790,863,991,1114,1070,1112,1146,1225,1083,1040,1097,1034,798,893,973,1127,999,1053,1116,1164,1016,1136,1133,1147,919,909,936,939,794,863,942,1052,952,1000,1004,1087,910,926,955,1049,942,1133,1243,1256,1197,1198,1275,1175,999,973,938,911,872,1064,1178,1119,0.0029296875,0.0863857715476276,0.10528774978080901,0.11039044530682474,0.0283875817456028,0.13397070812220715,0.086963425237864,0.20043335695091594,0.22273547452924855,0.22658144115328083,0.10678075728778628,0.15983437548878723,0.1326472432344348,0.07462880146305781,0.26684469796957305,0.18754068568996568,0.10486116949645403,0.04265689388250304,0.08158827568048993,0.0501956924839703,0.09513342873404339,0.04283537538957287,0.09157323989113936,0.11281727450509435,0.028721564784868637,0.0642233712791304,0.0542673593337883,0.02627660946694084,0.07565050940181373,0.12403881548363009,0.07181553246425873,0.05208841934802573,0.025465634395322848,0.029877067462457725,0.04761180368456604,0.05387935243802235,0.0285216442705278,0.056277459118062145,0.0341098617120566,0.02298555135925746,0.025390625,0.053148690719483506,0.05642131572521207,0.04523919852304871,0.011134525635733769,0.03829818662329605,0.01171875,0.058013073204215414,0.037057941330098196,0.04026470337517247,0.0332174831087792,0.017304731588544287,0.016858082521125067,0.04979511243742954,0.03149319432929121,0.037390995545071574,0.006253051013118016,0.027759121881937295,0.0166015625,0.021417687694786434,0.0328130812820536,0.007873298582322802,0.0300838316420886,0.007873298582322802,0.26199917928552574,0.005258950006967289,0.024492062898407135,0.01242961138804478,0.011759369705851851,0.006905339660024878,0.013879560940968648,0.040641898528681275,0.004367320268554277,0.0048828125,0.011048543456039806,0.003088161777508183,0.02681548870653512,0.009212872199274027,0.007873298582322802,0.022545696055889054,0.014218964627501012,0.009212872199274027,0.009959022487485907,0.016572815184059706,0.029035290522106457,0.014218964627501012,0.009959022487485907,0.007109482313750506,0.003088161777508183,0.005258950006967289,0.027981540589637505,0.004979511243742954,0.011759369705851851,0.013101960805662831,0.006176323555016366,0.01528562093993997,0.0244140625,0.0065509804028314154,0.0021836601342771385,0.005694288959809864,0.007437278423695223,0.017304731588544287,0.01188039556698871,0.01313830473347042,0.004979511243742954,0.01019561182510796,0.004367320268554277,0.005859375,0.008400708268596315,0.012236293052872722,0.006176323555016366,0.020108652619115236,0.012352647110032733,0.02995676103550384,0.009003461384075085,0.005258950006967289,0.014517645261053229,0.013101960805662831,0.01284467425582608,0.012732817197661424,0.009212872199274027,0.008843149548962322,0.015625,0.004979511243742954,0.011759369705851851,0.01441877251975918,0.0078125,0.0048828125,0.1552734375,1,1,0.0
25.0,11.626372337341309,6.0,0.2846866548061371,1.4990688562393188,25.0,17.18071746826172,10.309782981872559,5.46875,0.42908141016960144,0.0686308816075325,4939.0,70570.0,157775984.0,14.288317680358887,0.2862319350242615,1.0113792419433594,3.721747875213623,5.694049104931764e-05,0.0,0.10043856501579285,816,888,967,937,768,830,890,1035,871,953,1008,922,831,889,942,909,791,909,988,1113,1006,1161,1069,1052,940,1035,1194,1279,1215,1165,1258,1160,873,940,1016,968,860,879,925,1004,891,968,1051,1134,1100,1179,1178,1133,986,988,874,886,730,874,878,844,712,798,940,985,888,1019,1191,1273,1178,1145,1100,1096,926,958,1019,1079,919,1052,1118,1144,1005,988,1127,1180,1144,1334,1351,1175,1015,1101,1165,1226,1038,1023,1005,1005,826,811,921,1131,1095,1196,1226,1160,969,974,969,938,748,797,956,1130,1003,1035,1049,1114,951,1055,1164,1241,1176,1179,1145,988,814,940,904,813,732,873,926,987,843,892,1019,1085,1001,1070,1083,1086,957,1055,1050,1023,846,859,845,926,792,909,991,926,791,861,1007,1048,922,1004,1002,1039,892,1082,1161,1166,953,984,1033,1035,975,958,942,888,796,969,1034,936,823,860,877,952,727,781,955,1034,889,957,1070,1110,967,1071,1179,1231,1258,1294,1291,1256,1101,1166,1256,1310,1128,1119,1034,969,782,797,751,669,603,703,920,972,790,863,991,1114,1070,1112,1146,1225,1083,1040,1097,1034,798,893,973,1127,999,1053,1116,1164,1016,1136,1133,1147,919,909,936,939,794,863,942,1052,952,1000,1004,1087,910,926,955,1049,942,1133,1243,1256,1197,1198,1275,1175,0.00341796875,0.07277848001518246,0.12599170209415392,0.08231558794096296,0.02489755621871477,0.16227695122513788,0.11272848027944526,0.1737128743637804,0.21427704021518243,0.24335420214205325,0.11040340319930488,0.15130417035009983,0.11647324650270081,0.08177508365413406,0.27157920443625017,0.2020540616048961,0.09473159619357636,0.04271274946997859,0.08620895514825537,0.0557411062219935,0.09809471878006003,0.047461339375870576,0.08865767713977347,0.10965366287201718,0.030414866215619993,0.059047720538402244,0.05277053158635272,0.018425744398548053,0.06448271101257491,0.1362505935516028,0.0817634206599003,0.03527810911755555,0.022798081113142094,0.027151247606362977,0.031158312760827766,0.032754902014157074,0.0498046875,0.03356023491687418,0.03670887915861817,0.03126525506559008,0.015655487833868553,0.06153118750790377,0.036461239653504826,0.06300152779800512,0.01528562093993997,0.04230894340319232,0.029700988917471777,0.04033569614856129,0.025947910655442233,0.058894087044197664,0.0244140625,0.009264485332524549,0.031035641761856844,0.031988944051092184,0.04695630968816917,0.04576318169476555,0.013810679320049757,0.021945512748285382,0.019652941208494246,0.009959022487485907,0.025465634395322848,0.01188039556698871,0.022269051271467537,0.010054326309557618,0.2644537741175564,0.0065509804028314154,0.023619895746968406,0.009765625,0.00966747552403483,0.004979511243742954,0.015655487833868553,0.03665688355297551,0.0027621358640099515,0.003088161777508183,0.006253051013118016,0.00834375365753665,0.030383494504109463,0.012732817197661424,0.0027621358640099515,0.0300838316420886,0.007873298582322802,0.011759369705851851,0.0065509804028314154,0.009814331661250869,0.021417687694786434,0.020899350155305366,0.01179984958358845,0.013282686043686957,0.005694288959809864,0.009003461384075085,0.03126525506559008,0.0013810679320049757,0.011388577919619728,0.014680953494504793,0.003521046167445302,0.01242961138804478,0.026294750034836445,0.004979511243742954,0.003521046167445302,0.005940197783494355,0.0048828125,0.015746597164645604,0.009765625,0.008400708268596315,0.009003461384075085,0.010054326309557618,0.008843149548962322,0.0021836601342771385,0.013671875,0.01878455474772592,0.0048828125,0.025012204052472065,0.017387200990981306,0.03304477405407936,0.005258950006967289,0.0021836601342771385,0.021126277004671814,0.008052940675034493,0.0068359375,0.010381001770248682,0.009765625,0.010918300671385692,0.01680141653719263,0.003088161777508183,0.008400708268596315,0.010918300671385692,0.007627196949127592,0.0029296875,0.158203125,1,1,0.0
25.0,11.819964408874512,6.0,0.2888031303882599,1.329156517982483,25.0,21.065153121948242,10.613944053649902,5.46875,0.4058516323566437,0.06834542006254196,4898.0,85114.0,166055840.0,17.377296447753906,0.3053452670574188,1.1856794357299805,4.061071872711182,3.987209129263647e-05,0.0,0.1015586107969284,953,1131,1117,953,887,936,968,1005,816,888,967,937,768,830,890,1035,871,953,1008,922,831,889,942,909,791,909,988,1113,1006,1161,1069,1052,940,1035,1194,1279,1215,1165,1258,1160,873,940,1016,968,860,879,925,1004,891,968,1051,1134,1100,1179,1178,1133,986,988,874,886,730,874,878,844,712,798,940,985,888,1019,1191,1273,1178,1145,1100,1096,926,958,1019,1079,919,1052,1118,1144,1005,988,1127,1180,1144,1334,1351,1175,1015,1101,1165,1226,1038,1023,1005,1005,826,811,921,1131,1095,1196,1226,1160,969,974,969,938,748,797,956,1130,1003,1035,1049,1114,951,1055,1164,1241,1176,1179,1145,988,814,940,904,813,732,873,926,987,843,892,1019,1085,1001,1070,1083,1086,957,1055,1050,1023,846,859,845,926,792,909,991,926,791,861,1007,1048,922,1004,1002,1039,892,1082,1161,1166,953,984,1033,1035,975,958,942,888,796,969,1034,936,823,860,877,952,727,781,955,1034,889,957,1070,1110,967,1071,1179,1231,1258,1294,1291,1256,1101,1166,1256,1310,1128,1119,1034,969,782,797,751,669,603,703,920,972,790,863,991,1114,1070,1112,1146,1225,1083,1040,1097,1034,798,893,973,1127,999,1053,1116,1164,1016,1136,1133,1147,919,909,936,939,794,863,942,1052,952,1000,1004,1087,910,926,955,1049,0.00244140625,0.07838092846023874,0.15034305761539019,0.06750300647963069,0.06300152779800512,0.18261979861101196,0.12356506709286433,0.16142846928531776,0.1766147772441922,0.21833544004554736,0.1465136689458983,0.12385030361318508,0.11604258419931991,0.04680373814969437,0.287515988112679,0.17854810289898945,0.11442879167525022,0.04891593666550076,0.08315130061487501,0.025633603024231812,0.06944588553734776,0.025012204052472065,0.06420109341364688,0.07969611626212174,0.04102724909687501,0.04632242666262274,0.06366408598830711,0.009765625,0.05211587525049349,0.1515309094413192,0.07876931574248353,0.037695818487536684,0.004367320268554277,0.005694288959809864,0.031310975667737106,0.04559616222628419,0.03843489971514537,0.049506999436080376,0.041718768287683256,0.028738162049926096,0.01680141653719263,0.056649043016692095,0.047138743695887386,0.055928988528423255,0.01179984958358845,0.033203125,0.02108108705558877,0.048100040453221686,0.03340357690720131,0.05498315726663768,0.029556144434417102,0.005859375,0.03460946317708857,0.029700988917471777,0.04688517142249142,0.045658866123285,0.015191747252054731,0.022798081113142094,0.019628663322501738,0.010517900013934578,0.026240290708094537,0.009212872199274027,0.025334222209126653,0.011759369705851851,0.260097664316522,0.0009765625,0.018347943582085875,0.004026470337517247,0.008286407592029853,0.007437278423695223,0.016572815184059706,0.031143005310746045,0.006176323555016366,0.004979511243742954,0.007873298582322802,0.012236293052872722,0.03389952140177692,0.004979511243742954,0.00834375365753665,0.023940723969006372,0.013982247132105814,0.009212872199274027,0.009618025197066508,0.016370170521718956,0.028185292362620726,0.0126953125,0.004367320268554277,0.008843149548962322,0.003088161777508183,0.013671875,0.03648738611771368,0.004367320268554277,0.006905339660024878,0.013706707859002147,0.003088161777508183,0.012732817197661424,0.030524413297046454,0.005859375,0.009765625,0.011759369705851851,0.003521046167445302,0.009765625,0.0041432037960149265,0.011134525635733769,0.012352647110032733,0.016253239235442616,0.003088161777508183,0.0048828125,0.008400708268596315,0.012506102026236032,0.007042092334890604,0.020320949264340638,0.012352647110032733,0.031310975667737106,0.007109482313750506,0.005940197783494355,0.01792730444402912,0.009212872199274027,0.008734640537108554,0.0078125,0.005258950006967289,0.007437278423695223,0.013601941676937616,0.001953125,0.004979511243742954,0.010054326309557618,0.010786485368346935,0.0021836601342771385,0.162109375,1,1,0.0
25.0,11.878653526306152,6.0,0.2714361846446991,1.3135547637939453,25.0,22.012243270874023,10.632732391357422,5.46875,0.41365283727645874,0.0677357167005539,4811.0,83810.0,153478112.0,17.420494079589844,0.31491097807884216,1.1588451862335205,4.0896830558776855,0.0,0.0,0.10326198488473892,749,776,780,798,730,764,935,1024,953,1131,1117,953,887,936,968,1005,816,888,967,937,768,830,890,1035,871,953,1008,922,831,889,942,909,791,909,988,1113,1006,1161,1069,1052,940,1035,1194,1279,1215,1165,1258,1160,873,940,1016,968,860,879,925,1004,891,968,1051,1134,1100,1179,1178,1133,986,988,874,886,730,874,878,844,712,798,940,985,888,1019,1191,1273,1178,1145,1100,1096,926,958,1019,1079,919,1052,1118,1144,1005,988,1127,1180,1144,1334,1351,1175,1015,1101,1165,1226,1038,1023,1005,1005,826,811,921,1131,1095,1196,1226,1160,969,974,969,938,748,797,956,1130,1003,1035,1049,1114,951,1055,1164,1241,1176,1179,1145,988,814,940,904,813,732,873,926,987,843,892,1019,1085,1001,1070,1083,1086,957,1055,1050,1023,846,859,845,926,792,909,991,926,791,861,1007,1048,922,1004,1002,1039,892,1082,1161,1166,953,984,1033,1035,975,958,942,888,796,969,1034,936,823,860,877,952,727,781,955,1034,889,957,1070,1110,967,1071,1179,1231,1258,1294,1291,1256,1101,1166,1256,1310,1128,1119,1034,969,782,797,751,669,603,703,920,972,790,863,991,1114,1070,1112,1146,1225,1083,1040,1097,1034,798,893,973,1127,999,1053,1116,1164,1016,1136,1133,1147,919,909,936,939,794,863,942,1052,0.0,0.11107513057092329,0.1675708404593879,0.0992112524849319,0.09736773787756667,0.16163805731406705,0.09111385692811169,0.20326814742674462,0.1973357123326044,0.21100304609513526,0.11000099875256815,0.16003711270016793,0.12188266827839041,0.08126619617721308,0.2827734482922363,0.21123116855090968,0.08015549806238438,0.01589728573837862,0.05349744501875913,0.04789140560640324,0.0826624248195683,0.0021836601342771385,0.06921892635417715,0.0643124055704178,0.05378191333208736,0.04696646350160566,0.07931226759471466,0.02489755621871477,0.06176323555016366,0.14988564264659252,0.0661328240364727,0.049071658306254345,0.006253051013118016,0.013101960805662831,0.03554741156875253,0.044804959949040865,0.03869455616437295,0.04576318169476555,0.040641898528681275,0.030336376107439583,0.015254393898255184,0.05681714143667522,0.04688517142249142,0.057451430000323156,0.013282686043686957,0.03419363554689765,0.02458921545315268,0.0453970285123807,0.02995676103550384,0.05765028180916188,0.026294750034836445,0.007109482313750506,0.02883754503951836,0.03500673501745102,0.04203758447271657,0.03975221179110863,0.016164985700436375,0.0285216442705278,0.01680141653719263,0.005524271728019903,0.021836601342771385,0.013282686043686957,0.0208765218031562,0.007873298582322802,0.2638183187074858,0.00390625,0.020132351687586234,0.007109482313750506,0.01171875,0.008843149548962322,0.018528970665049098,0.030336376107439583,0.0078125,0.0078125,0.01019561182510796,0.010786485368346935,0.031988944051092184,0.005859375,0.006176323555016366,0.025633603024231812,0.010517900013934578,0.007627196949127592,0.009618025197066508,0.01792730444402912,0.029749113694780893,0.01179984958358845,0.006905339660024878,0.006176323555016366,0.005258950006967289,0.015776850020901866,0.03876842429937345,0.0087890625,0.00834375365753665,0.01708286687942959,0.0048828125,0.008843149548962322,0.031988944051092184,0.007109482313750506,0.007873298582322802,0.01019561182510796,0.0021836601342771385,0.012506102026236032,0.005859375,0.009765625,0.01188039556698871,0.014517645261053229,0.004367320268554277,0.003088161777508183,0.009264485332524549,0.0146484375,0.007873298582322802,0.018528970665049098,0.010517900013934578,0.028185292362620726,0.009959022487485907,0.00834375365753665,0.014680953494504793,0.012352647110032733,0.01188039556698871,0.006253051013118016,0.00390625,0.010918300671385692,0.01760523083722651,0.006905339660024878,0.004979511243742954,0.0065509804028314154,0.005694288959809864,0.004026470337517247,0.15625,1,1,0.0
25.0,11.775202751159668,6.0,0.2651313245296478,1.4783416986465454,25.0,18.63359832763672,10.17119026184082,5.46875,0.4383523762226105,0.0693703144788742,5046.0,82186.0,166202544.0,16.287355422973633,0.2965162992477417,1.146040439605713,3.7941370010375977,6.192161436047172e-06,0.0,0.09841100871562958,1165,1375,1406,1403,1087,959,911,904,749,776,780,798,730,764,935,1024,953,1131,1117,953,887,936,968,1005,816,888,967,937,768,830,890,1035,871,953,1008,922,831,889,942,909,791,909,988,1113,1006,1161,1069,1052,940,1035,1194,1279,1215,1165,1258,1160,873,940,1016,968,860,879,925,1004,891,968,1051,1134,1100,1179,1178,1133,986,988,874,886,730,874,878,844,712,798,940,985,888,1019,1191,1273,1178,1145,1100,1096,926,958,1019,1079,919,1052,1118,1144,1005,988,1127,1180,1144,1334,1351,1175,1015,1101,1165,1226,1038,1023,1005,1005,826,811,921,1131,1095,1196,1226,1160,969,974,969,938,748,797,956,1130,1003,1035,1049,1114,951,1055,1164,1241,1176,1179,1145,988,814,940,904,813,732,873,926,987,843,892,1019,1085,1001,1070,1083,1086,957,1055,1050,1023,846,859,845,926,792,909,991,926,791,861,1007,1048,922,1004,1002,1039,892,1082,1161,1166,953,984,1033,1035,975,958,942,888,796,969,1034,936,823,860,877,952,727,781,955,1034,889,957,1070,1110,967,1071,1179,1231,1258,1294,1291,1256,1101,1166,1256,1310,1128,1119,1034,969,782,797,751,669,603,703,920,972,790,863,991,1114,1070,1112,1146,1225,1083,1040,1097,1034,798,893,973,1127,999,1053,1116,1164,1016,1136,1133,1147,0.00341796875,0.06017558790235897,0.17173345112372046,0.03813598474563796,0.09843924384616079,0.21981335091554985,0.14855310054536264,0.19992836623034552,0.15490140671014338,0.15264705884082375,0.12890994904730552,0.20758328524353786,0.17513172097007842,0.13465589395875707,0.2610218391489404,0.26102549274223796,0.02708090746848056,0.036812650048771024,0.011134525635733769,0.08488794457851848,0.08865767713977347,0.050818796215850344,0.05027163154778809,0.030835260554388563,0.09077830009460634,0.005694288959809864,0.09692106074843364,0.02489755621871477,0.07632821495964505,0.13545735065937267,0.09442404981826416,0.014517645261053229,0.027930370402490412,0.020132351687586234,0.03813598474563796,0.06666425064795317,0.021836601342771385,0.07139600283763375,0.029361906989009586,0.0068359375,0.03304477405407936,0.05524271728019903,0.03340357690720131,0.06111908292312051,0.011430371006562134,0.04627092867375834,0.01878455474772592,0.05281569251167953,0.038397662600268556,0.05111817315743125,0.03317439013957623,0.009264485332524549,0.034637007521422264,0.032241355506287456,0.04398869386545003,0.04099236691760812,0.013601941676937616,0.029749113694780893,0.015746597164645604,0.004026470337517247,0.02229045353615884,0.015655487833868553,0.022651198251451565,0.0065509804028314154,0.2598188532166525,0.003088161777508183,0.01528562093993997,0.0021836601342771385,0.005694288959809864,0.009618025197066508,0.012732817197661424,0.03434669022474409,0.0027621358640099515,0.004026470337517247,0.0048828125,0.015254393898255184,0.0388789633542859,0.003521046167445302,0.01179984958358845,0.020899350155305366,0.017304731588544287,0.013028968812623373,0.004367320268554277,0.01171875,0.02378085090212094,0.0166015625,0.010786485368346935,0.0027621358640099515,0.006176323555016366,0.016630260122975003,0.0411664822428867,0.011920464468489943,0.009959022487485907,0.019652941208494246,0.007109482313750506,0.005940197783494355,0.03032065370363286,0.005258950006967289,0.006905339660024878,0.010054326309557618,0.0027621358640099515,0.009959022487485907,0.0048828125,0.012236293052872722,0.009264485332524549,0.012079411012551739,0.005258950006967289,0.0,0.013566839833447074,0.01680141653719263,0.01019561182510796,0.0166015625,0.007109482313750506,0.026294750034836445,0.01179984958358845,0.010918300671385692,0.01727715430952552,0.009618025197066508,0.010381001770248682,0.003521046167445302,0.005694288959809864,0.009959022487485907,0.016253239235442616,0.004979511243742954,0.0048828125,0.007109482313750506,0.006905339660024878,0.001953125,0.158203125,1,1,0.0
25.0,11.182174682617188,7.0,0.28075850009918213,1.496698021888733,25.0,14.873425483703613,9.834025382995605,5.859375,0.431164413690567,0.07206078618764877,5445.0,71325.0,180692896.0,13.099173545837402,0.28807708621025085,1.0054696798324585,3.4039275646209717,5.7389302128285635e-06,0.0,0.08321961015462875,906,988,1111,1098,939,1001,1098,1151,1165,1375,1406,1403,1087,959,911,904,749,776,780,798,730,764,935,1024,953,1131,1117,953,887,936,968,1005,816,888,967,937,768,830,890,1035,871,953,1008,922,831,889,942,909,791,909,988,1113,1006,1161,1069,1052,940,1035,1194,1279,1215,1165,1258,1160,873,940,1016,968,860,879,925,1004,891,968,1051,1134,1100,1179,1178,1133,986,988,874,886,730,874,878,844,712,798,940,985,888,1019,1191,1273,1178,1145,1100,1096,926,958,1019,1079,919,1052,1118,1144,1005,988,1127,1180,1144,1334,1351,1175,1015,1101,1165,1226,1038,1023,1005,1005,826,811,921,1131,1095,1196,1226,1160,969,974,969,938,748,797,956,1130,1003,1035,1049,1114,951,1055,1164,1241,1176,1179,1145,988,814,940,904,813,732,873,926,987,843,892,1019,1085,1001,1070,1083,1086,957,1055,1050,1023,846,859,845,926,792,909,991,926,791,861,1007,1048,922,1004,1002,1039,892,1082,1161,1166,953,984,1033,1035,975,958,942,888,796,969,1034,936,823,860,877,952,727,781,955,1034,889,957,1070,1110,967,1071,1179,1231,1258,1294,1291,1256,1101,1166,1256,1310,1128,1119,1034,969,782,797,751,669,603,703,920,972,790,863,991,1114,1070,1112,1146,1225,1083,1040,1097,1034,798,893,973,1127,0.0009765625,0.07670834721349798,0.15907180968734538,0.056649043016692095,0.0814771557953756,0.20859384143841628,0.14685175285605048,0.1806746196239791,0.14063856271402103,0.14656573261526987,0.14576646997691634,0.21106857183531982,0.18954622792863132,0.14638342875931015,0.2546881740069686,0.2733712252272111,0.01528562093993997,0.046188412462443235,0.018165112536853784,0.08693600495490653,0.08550360992127942,0.052161602972943914,0.04523919852304871,0.034637007521422264,0.08740097982525175,0.005940197783494355,0.09556850385049803,0.02489755621871477,0.07882982840082252,0.13261129059974966,0.09504316453590968,0.010517900013934578,0.03360283307438526,0.026294750034836445,0.04280196679845923,0.07437278423695223,0.016370170521718956,0.07529670518047357,0.01953125,0.011134525635733769,0.030289184412638327,0.0661328240364727,0.028738162049926096,0.049881221832508336,0.0021836601342771385,0.03371616504225013,0.019384212149686726,0.04697661512033474,0.029035290522106457,0.05694288959809864,0.025409398107925172,0.00390625,0.033260520245950005,0.030414866215619993,0.049449175395203764,0.04848512338791566,0.013566839833447074,0.022482157096135425,0.013282686043686957,0.009003461384075085,0.01760523083722651,0.01516032685181643,0.017469281074217108,0.0048828125,0.2622665820702302,0.006253051013118016,0.013982247132105814,0.0021836601342771385,0.005524271728019903,0.011134525635733769,0.011759369705851851,0.03516981075267404,0.004979511243742954,0.0068359375,0.008052940675034493,0.0170549308560283,0.03625138904935661,0.0027621358640099515,0.009618025197066508,0.0242573092741684,0.01179984958358845,0.007873298582322802,0.009814331661250869,0.0170549308560283,0.028168369339562415,0.01516032685181643,0.009003461384075085,0.00834375365753665,0.005258950006967289,0.012079411012551739,0.039257326645003476,0.01589728573837862,0.012236293052872722,0.0244140625,0.010381001770248682,0.004367320268554277,0.028117539157984314,0.003521046167445302,0.007873298582322802,0.012079411012551739,0.004979511243742954,0.0087890625,0.006905339660024878,0.011759369705851851,0.009814331661250869,0.01284467425582608,0.005258950006967289,0.003521046167445302,0.009003461384075085,0.014906579611790769,0.006905339660024878,0.02161713244255728,0.007627196949127592,0.022269051271467537,0.016630260122975003,0.01589728573837862,0.02108108705558877,0.010381001770248682,0.006905339660024878,0.005694288959809864,0.009264485332524549,0.007437278423695223,0.010381001770248682,0.007042092334890604,0.004026470337517247,0.0013810679320049757,0.006905339660024878,0.010786485368346935,0.150390625,1,1,0.0
25.0,10.908409118652344,6.0,0.2958402931690216,1.427721619606018,5.46875,16.623291015625,9.762794494628906,5.859375,0.41411009430885315,0.07313794642686844,5609.0,82105.0,198837920.0,14.638081550598145,0.29004961252212524,1.1006032228469849,3.614123821258545,5.570619578065816e-06,0.0,0.0851069912314415,1050,1052,924,887,653,684,688,920,906,988,1111,1098,939,1001,1098,1151,1165,1375,1406,1403,1087,959,911,904,749,776,780,798,730,764,935,1024,953,1131,1117,953,887,936,968,1005,816,888,967,937,768,830,890,1035,871,953,1008,922,831,889,942,909,791,909,988,1113,1006,1161,1069,1052,940,1035,1194,1279,1215,1165,1258,1160,873,940,1016,968,860,879,925,1004,891,968,1051,1134,1100,1179,1178,1133,986,988,874,886,730,874,878,844,712,798,940,985,888,1019,1191,1273,1178,1145,1100,1096,926,958,1019,1079,919,1052,1118,1144,1005,988,1127,1180,1144,1334,1351,1175,1015,1101,1165,1226,1038,1023,1005,1005,826,811,921,1131,1095,1196,1226,1160,969,974,969,938,748,797,956,1130,1003,1035,1049,1114,951,1055,1164,1241,1176,1179,1145,988,814,940,904,813,732,873,926,987,843,892,1019,1085,1001,1070,1083,1086,957,1055,1050,1023,846,859,845,926,792,909,991,926,791,861,1007,1048,922,1004,1002,1039,892,1082,1161,1166,953,984,1033,1035,975,958,942,888,796,969,1034,936,823,860,877,952,727,781,955,1034,889,957,1070,1110,967,1071,1179,1231,1258,1294,1291,1256,1101,1166,1256,1310,1128,1119,1034,969,782,797,751,669,603,703,920,972,790,863,991,1114,1070,1112,1146,1225,0.00146484375,0.10601439439457104,0.13945367209276438,0.07949242744128407,0.051248600638288774,0.21224682255355917,0.1697337545225357,0.16370170521718955,0.11459535477895282,0.1188561216300018,0.15490140671014338,0.23828925447621033,0.19876105895554316,0.16032884183581586,0.27978984302902604,0.2729941998099645,0.036461239653504826,0.03149319432929121,0.025465634395322848,0.06870032162875608,0.08839913658307309,0.03889122607761695,0.06516679929962059,0.01878455474772592,0.10096919551220962,0.01792730444402912,0.11221548767361894,0.04102724909687501,0.08944480890656557,0.13476916322348015,0.10943166082589298,0.009003461384075085,0.037695818487536684,0.026654968874914416,0.05064020375962568,0.074321474962658,0.01188039556698871,0.0676088825416835,0.020320949264340638,0.014778072217208551,0.02458921545315268,0.0625762474359406,0.034678283016727936,0.054635159104294395,0.006905339660024878,0.03676080122015373,0.022798081113142094,0.04501730692037543,0.028738162049926096,0.05198762364924283,0.03088161777508183,0.0013810679320049757,0.036773770280786586,0.026294750034836445,0.05079063915603845,0.04769185721513586,0.009212872199274027,0.028738162049926096,0.011134525635733769,0.0029296875,0.020132351687586234,0.018528970665049098,0.025559086578715626,0.007042092334890604,0.2550997340818161,0.0048828125,0.016630260122975003,0.006176323555016366,0.008843149548962322,0.0021836601342771385,0.020899350155305366,0.027361183058831836,0.009765625,0.00834375365753665,0.010054326309557618,0.007627196949127592,0.03419363554689765,0.01019561182510796,0.011388577919619728,0.023212625632821705,0.020967686087484266,0.0170549308560283,0.0041432037960149265,0.007873298582322802,0.020967686087484266,0.018657200365764452,0.011920464468489943,0.0021836601342771385,0.007627196949127592,0.016253239235442616,0.03922087036723282,0.00834375365753665,0.006905339660024878,0.01708286687942959,0.009212872199274027,0.004026470337517247,0.0324624416769427,0.007437278423695223,0.004026470337517247,0.009264485332524549,0.0029296875,0.008400708268596315,0.004367320268554277,0.012732817197661424,0.009959022487485907,0.013982247132105814,0.00390625,0.003521046167445302,0.010381001770248682,0.0185803687406645,0.009814331661250869,0.021506558149946522,0.004026470337517247,0.020108652619115236,0.018961413905222265,0.01792730444402912,0.02489755621871477,0.003088161777508183,0.0041432037960149265,0.009212872199274027,0.003521046167445302,0.005694288959809864,0.014778072217208551,0.009959022487485907,0.007109482313750506,0.007873298582322802,0.005258950006967289,0.0021836601342771385,0.1591796875,1,1,0.0
22.265625,10.970549583435059,6.0,0.3154570460319519,1.4453455209732056,5.859375,16.791685104370117,9.739595413208008,5.46875,0.4046058654785156,0.07464797049760818,5843.0,85706.0,221615168.0,14.668149948120117,0.27993711829185486,1.0436042547225952,3.6382200717926025,3.342612399137579e-05,0.0,0.08994578570127487,943,1096,1278,1288,1199,1289,1288,1230,1050,1052,924,887,653,684,688,920,906,988,1111,1098,939,1001,1098,1151,1165,1375,1406,1403,1087,959,911,904,749,776,780,798,730,764,935,1024,953,1131,1117,953,887,936,968,1005,816,888,967,937,768,830,890,1035,871,953,1008,922,831,889,942,909,791,909,988,1113,1006,1161,1069,1052,940,1035,1194,1279,1215,1165,1258,1160,873,940,1016,968,860,879,925,1004,891,968,1051,1134,1100,1179,1178,1133,986,988,874,886,730,874,878,844,712,798,940,985,888,1019,1191,1273,1178,1145,1100,1096,926,958,1019,1079,919,1052,1118,1144,1005,988,1127,1180,1144,1334,1351,1175,1015,1101,1165,1226,1038,1023,1005,1005,826,811,921,1131,1095,1196,1226,1160,969,974,969,938,748,797,956,1130,1003,1035,1049,1114,951,1055,1164,1241,1176,1179,1145,988,814,940,904,813,732,873,926,987,843,892,1019,1085,1001,1070,1083,1086,957,1055,1050,1023,846,859,845,926,792,909,991,926,791,861,1007,1048,922,1004,1002,1039,892,1082,1161,1166,953,984,1033,1035,975,958,942,888,796,969,1034,936,823,860,877,952,727,781,955,1034,889,957,1070,1110,967,1071,1179,1231,1258,1294,1291,1256,1101,1166,1256,1310,1128,1119,1034,969,782,797,751,669,603,703,920,972,0.00146484375,0.06666425064795317,0.1751562238654084,0.075574833648226,0.08086031853314239,0.1752405965026302,0.14479823840845374,0.13282686043686956,0.09339328293754087,0.10889000310349388,0.18952861736887602,0.26973108816804264,0.2231183527108567,0.18264851836849658,0.31128915808522184,0.2656698750007425,0.06451967444983957,0.010918300671385692,0.032241355506287456,0.08536966162505602,0.11227071497029582,0.06262956540946861,0.06269044470978138,0.025633603024231812,0.09707345631226981,0.0021836601342771385,0.09561339862733838,0.027413415718004295,0.08634160139438958,0.12394651896276991,0.1059243991369294,0.005859375,0.047138743695887386,0.03554741156875253,0.05899924791794225,0.07670834721349798,0.013810679320049757,0.06093155269455663,0.025202124805788945,0.010918300671385692,0.0300838316420886,0.06177095547214246,0.02847144479904932,0.04883788964863276,0.007042092334890604,0.029133659941750583,0.029296875,0.03585460888805824,0.022545696055889054,0.04290211452439218,0.04007477447008436,0.011920464468489943,0.04207160005573831,0.030289184412638327,0.042979845868487083,0.036812650048771024,0.019236050394133015,0.0263671875,0.020692988379313566,0.01188039556698871,0.019628663322501738,0.016370170521718956,0.015746597164645604,0.003088161777508183,0.2547106398853428,0.011134525635733769,0.009003461384075085,0.009959022487485907,0.009814331661250869,0.004979511243742954,0.02638526579317636,0.02108108705558877,0.015655487833868553,0.0126953125,0.013879560940968648,0.005940197783494355,0.03601384553630034,0.012352647110032733,0.0146484375,0.023457836229422487,0.024492062898407135,0.018961413905222265,0.003088161777508183,0.0065509804028314154,0.022032254243512652,0.017578125,0.01171875,0.0048828125,0.005940197783494355,0.013566839833447074,0.03527810911755555,0.01019561182510796,0.007437278423695223,0.021439939843847802,0.009959022487485907,0.003088161777508183,0.029035290522106457,0.00390625,0.007873298582322802,0.010381001770248682,0.0021836601342771385,0.0107421875,0.003088161777508183,0.0126953125,0.010054326309557618,0.012352647110032733,0.005524271728019903,0.003088161777508183,0.009959022487485907,0.016253239235442616,0.008052940675034493,0.022140203220223895,0.005859375,0.019186408891004394,0.02039122365021592,0.0185546875,0.02734375,0.0013810679320049757,0.007627196949127592,0.010054326309557618,0.0,0.00834375365753665,0.01760523083722651,0.005694288959809864,0.004026470337517247,0.005859375,0.007042092334890604,0.005694288959809864,0.154296875,1,1,0.0
21.09375,10.859691619873047,5.0,0.3326854705810547,1.5616161823272705,4.296875,18.910362243652344,9.584104537963867,5.46875,0.4068092405796051,0.07513821870088577,5920.0,100530.0,245389840.0,16.98141860961914,0.2605052888393402,1.3130706548690796,3.8736813068389893,2.11114929697942e-05,0.0,0.09031496196985245,874,863,874,905,761,828,846,955,943,1096,1278,1288,1199,1289,1288,1230,1050,1052,924,887,653,684,688,920,906,988,1111,1098,939,1001,1098,1151,1165,1375,1406,1403,1087,959,911,904,749,776,780,798,730,764,935,1024,953,1131,1117,953,887,936,968,1005,816,888,967,937,768,830,890,1035,871,953,1008,922,831,889,942,909,791,909,988,1113,1006,1161,1069,1052,940,1035,1194,1279,1215,1165,1258,1160,873,940,1016,968,860,879,925,1004,891,968,1051,1134,1100,1179,1178,1133,986,988,874,886,730,874,878,844,712,798,940,985,888,1019,1191,1273,1178,1145,1100,1096,926,958,1019,1079,919,1052,1118,1144,1005,988,1127,1180,1144,1334,1351,1175,1015,1101,1165,1226,1038,1023,1005,1005,826,811,921,1131,1095,1196,1226,1160,969,974,969,938,748,797,956,1130,1003,1035,1049,1114,951,1055,1164,1241,1176,1179,1145,988,814,940,904,813,732,873,926,987,843,892,1019,1085,1001,1070,1083,1086,957,1055,1050,1023,846,859,845,926,792,909,991,926,791,861,1007,1048,922,1004,1002,1039,892,1082,1161,1166,953,984,1033,1035,975,958,942,888,796,969,1034,936,823,860,877,952,727,781,955,1034,889,957,1070,1110,967,1071,1179,1231,1258,1294,1291,1256,1101,1166,1256,1310,1128,1119,1034,969,0.001953125,0.04372776011179318,0.19924268391769512,0.0948674049604277,0.08757538953689593,0.1600430716714693,0.16029017361741418,0.11822861098552417,0.07469266865614431,0.08867381089571785,0.1746190966602938,0.26236656067075914,0.20198088995552663,0.16221817226376845,0.2923903796198471,0.2689716223741421,0.04655858375414147,0.026654968874914416,0.03521046167445302,0.06647084404391264,0.10534208250126406,0.054276145435899426,0.0791015625,0.015746597164645604,0.11272848027944526,0.014084184669781208,0.08770596921608478,0.01516032685181643,0.07632821495964505,0.12246031449203566,0.09720599326663519,0.01313830473347042,0.05531172757229022,0.04627092867375834,0.06749594217041982,0.08442607322871479,0.01760523083722651,0.05256229156561675,0.0333750146301466,0.015440808887540914,0.03539954875076535,0.059626318447163075,0.021417687694786434,0.0445488075310822,0.010918300671385692,0.021484375,0.0341098617120566,0.027964494264211628,0.018347943582085875,0.03648738611771368,0.04938162843660364,0.020716018980074635,0.04416179318201177,0.03843489971514537,0.03423544559171505,0.032122820709762745,0.025012204052472065,0.017820593350483065,0.019457869965987574,0.014778072217208551,0.011134525635733769,0.024020261477048523,0.022545696055889054,0.006176323555016366,0.25146247344149864,0.008052940675034493,0.0146484375,0.005940197783494355,0.0068359375,0.004026470337517247,0.022545696055889054,0.023294649300540163,0.014938533731228863,0.013810679320049757,0.016370170521718956,0.0048828125,0.034402177644157296,0.0146484375,0.01516032685181643,0.022032254243512652,0.023212625632821705,0.018657200365764452,0.003521046167445302,0.005524271728019903,0.01953125,0.019384212149686726,0.014084184669781208,0.0078125,0.007873298582322802,0.012236293052872722,0.03192926313334339,0.01441877251975918,0.011388577919619728,0.02568934851165216,0.010918300671385692,0.00834375365753665,0.02777629424478104,0.007042092334890604,0.008052940675034493,0.006253051013118016,0.003521046167445302,0.010054326309557618,0.0029296875,0.0166875073150733,0.005258950006967289,0.010381001770248682,0.007437278423695223,0.007109482313750506,0.0065509804028314154,0.01800692276815017,0.011134525635733769,0.02286074201312427,0.003521046167445302,0.02157297073669387,0.018657200365764452,0.015776850020901866,0.023047702580480365,0.005940197783494355,0.008734640537108554,0.005694288959809864,0.005258950006967289,0.005524271728019903,0.011759369705851851,0.009959022487485907,0.005258950006967289,0.006905339660024878,0.004979511243742954,0.0027621358640099515,0.16015625,1,1,0.0
25.0,10.9872465133667,6.0,0.32285571098327637,1.4771134853363037,4.296875,18.352102279663086,9.849605560302734,5.46875,0.4037840664386749,0.07320311665534973,5619.0,89380.0,219959760.0,15.906744956970215,0.2733602225780487,1.1640900373458862,3.859372615814209,2.2244528736337088e-05,0.0,0.09837443381547928,871,744,726,797,779,872,1020,1035,874,863,874,905,761,828,846,955,943,1096,1278,1288,1199,1289,1288,1230,1050,1052,924,887,653,684,688,920,906,988,1111,1098,939,1001,1098,1151,1165,1375,1406,1403,1087,959,911,904,749,776,780,798,730,764,935,1024,953,1131,1117,953,887,936,968,1005,816,888,967,937,768,830,890,1035,871,953,1008,922,831,889,942,909,791,909,988,1113,1006,1161,1069,1052,940,1035,1194,1279,1215,1165,1258,1160,873,940,1016,968,860,879,925,1004,891,968,1051,1134,1100,1179,1178,1133,986,988,874,886,730,874,878,844,712,798,940,985,888,1019,1191,1273,1178,1145,1100,1096,926,958,1019,1079,919,1052,1118,1144,1005,988,1127,1180,1144,1334,1351,1175,1015,1101,1165,1226,1038,1023,1005,1005,826,811,921,1131,1095,1196,1226,1160,969,974,969,938,748,797,956,1130,1003,1035,1049,1114,951,1055,1164,1241,1176,1179,1145,988,814,940,904,813,732,873,926,987,843,892,1019,1085,1001,1070,1083,1086,957,1055,1050,1023,846,859,845,926,792,909,991,926,791,861,1007,1048,922,1004,1002,1039,892,1082,1161,1166,953,984,1033,1035,975,958,942,888,796,969,1034,936,823,860,877,952,727,781,955,1034,889,957,1070,1110,967,1071,1179,1231,1258,1294,1291,1256,0.0,0.11442879167525022,0.13633106305036063,0.0208765218031562,0.1316730764897123,0.15539622699963682,0.09520858352817463,0.08527465428014151,0.05930557207300381,0.06608954810815872,0.21683206358568866,0.31154792713301577,0.15928749225217992,0.10217102851289504,0.2464209908845737,0.2791483023757054,0.025334222209126653,0.08527465428014151,0.08541433439714796,0.03625138904935661,0.14023451101142428,0.09513342873404339,0.11470349109395331,0.06207128352371369,0.11206666352111098,0.04074735555668958,0.07670834721349798,0.04386929188518789,0.11260997906603973,0.11842204534103397,0.12378098225245594,0.01886055460530075,0.027930370402490412,0.026002982335340524,0.0501956924839703,0.0944997687765855,0.011388577919619728,0.05406488490494691,0.03756910949545184,0.03149319432929121,0.04074735555668958,0.052344114387724204,0.016253239235442616,0.04005097002814429,0.019652941208494246,0.013982247132105814,0.0412127887617367,0.02376079113397742,0.021945512748285382,0.033332125323976586,0.04917843090630536,0.01824369305885684,0.0417530436063124,0.03843489971514537,0.0341098617120566,0.0328276099882258,0.02489755621871477,0.01760523083722651,0.01875915303935405,0.013601941676937616,0.011759369705851851,0.02315091717017519,0.022651198251451565,0.006253051013118016,0.2527939126404479,0.0068359375,0.014517645261053229,0.005524271728019903,0.005694288959809864,0.004367320268554277,0.0224609375,0.022798081113142094,0.015746597164645604,0.0146484375,0.015655487833868553,0.005940197783494355,0.03676080122015373,0.011759369705851851,0.013028968812623373,0.024705294220065465,0.021439939843847802,0.01886055460530075,0.007109482313750506,0.001953125,0.0205078125,0.01760523083722651,0.011430371006562134,0.010563138502335907,0.004367320268554277,0.0107421875,0.037160737481329,0.01242961138804478,0.007873298582322802,0.020762003540497363,0.011388577919619728,0.004367320268554277,0.026868782211323446,0.003521046167445302,0.009618025197066508,0.009814331661250869,0.003521046167445302,0.01171875,0.0021836601342771385,0.017469281074217108,0.0048828125,0.008734640537108554,0.009003461384075085,0.0065509804028314154,0.005940197783494355,0.016858082521125067,0.010918300671385692,0.024492062898407135,0.006176323555016366,0.022714264354712906,0.017820593350483065,0.013810679320049757,0.020132351687586234,0.00966747552403483,0.009264485332524549,0.005258950006967289,0.009003461384075085,0.0013810679320049757,0.013706707859002147,0.011430371006562134,0.00834375365753665,0.009212872199274027,0.00834375365753665,0.0048828125,0.1552734375,1,1,0.0
25.0,10.960566520690918,5.0,0.33101189136505127,1.3768798112869263,5.859375,23.04320526123047,10.11026382446289,4.296875,0.38753166794776917,0.07222602516412735,5470.0,98948.0,221562656.0,18.089214324951172,0.28145644068717957,1.1541547775268555,4.323468208312988,5.140756911714561e-05,0.0,0.10391157865524292,935,1083,1214,1165,1024,1143,1146,1128,871,744,726,797,779,872,1020,1035,874,863,874,905,761,828,846,955,943,1096,1278,1288,1199,1289,1288,1230,1050,1052,924,887,653,684,688,920,906,988,1111,1098,939,1001,1098,1151,1165,1375,1406,1403,1087,959,911,904,749,776,780,798,730,764,935,1024,953,1131,1117,953,887,936,968,1005,816,888,967,937,768,830,890,1035,871,953,1008,922,831,889,942,909,791,909,988,1113,1006,1161,1069,1052,940,1035,1194,1279,1215,1165,1258,1160,873,940,1016,968,860,879,925,1004,891,968,1051,1134,1100,1179,1178,1133,986,988,874,886,730,874,878,844,712,798,940,985,888,1019,1191,1273,1178,1145,1100,1096,926,958,1019,1079,919,1052,1118,1144,1005,988,1127,1180,1144,1334,1351,1175,1015,1101,1165,1226,1038,1023,1005,1005,826,811,921,1131,1095,1196,1226,1160,969,974,969,938,748,797,956,1130,1003,1035,1049,1114,951,1055,1164,1241,1176,1179,1145,988,814,940,904,813,732,873,926,987,843,892,1019,1085,1001,1070,1083,1086,957,1055,1050,1023,846,859,845,926,792,909,991,926,791,861,1007,1048,922,1004,1002,1039,892,1082,1161,1166,953,984,1033,1035,975,958,942,888,796,969,1034,936,823,860,877,952,727,781,955,1034,889,957,1070,1110,0.00244140625,0.13198053412969715,0.12755267083793512,0.008052940675034493,0.14896659917060948,0.1467445605957956,0.09516850835707238,0.06963787689846511,0.04891593666550076,0.0501956924839703,0.20666471459892205,0.3010237075746239,0.14649739525468106,0.10054800559047732,0.23964811914200532,0.2906040635309883,0.032241355506287456,0.07450730296957998,0.07692560778635929,0.04523919852304871,0.13391730851543998,0.08478677371542281,0.1017922956208077,0.0478515625,0.11180681079188837,0.03088161777508183,0.07320962817965357,0.031158312760827766,0.1022363463148625,0.10954924736234499,0.1231863049314178,0.019749754312653012,0.038989189018900645,0.019457869965987574,0.040794137840244965,0.08396734020553114,0.010563138502335907,0.06720566614877052,0.03232997140087275,0.040618426451338716,0.040618426451338716,0.04194674139631744,0.021945512748285382,0.04193537217496853,0.03126525506559008,0.006905339660024878,0.052407843222651324,0.02315091717017519,0.033203125,0.03902586172400017,0.0388789633542859,0.009618025197066508,0.04515479695975348,0.030336376107439583,0.03768316676088816,0.02417855156863271,0.0328130812820536,0.012732817197661424,0.021417687694786434,0.018961413905222265,0.008052940675034493,0.025031260972609954,0.02638526579317636,0.006176323555016366,0.257525660152939,0.007627196949127592,0.010381001770248682,0.008843149548962322,0.009264485332524549,0.0009765625,0.021439939843847802,0.025465634395322848,0.014517645261053229,0.016370170521718956,0.01886055460530075,0.0065509804028314154,0.03936649291161401,0.012506102026236032,0.01313830473347042,0.024492062898407135,0.020899350155305366,0.019555648822754675,0.009814331661250869,0.003521046167445302,0.023518739411703703,0.014906579611790769,0.008843149548962322,0.008734640537108554,0.003088161777508183,0.013028968812623373,0.036812650048771024,0.009814331661250869,0.007873298582322802,0.02378085090212094,0.0126953125,0.007042092334890604,0.02681548870653512,0.007109482313750506,0.00834375365753665,0.007042092334890604,0.001953125,0.008734640537108554,0.0021836601342771385,0.0146484375,0.008400708268596315,0.009003461384075085,0.009959022487485907,0.0068359375,0.0029296875,0.014938533731228863,0.012732817197661424,0.027238917345666705,0.008052940675034493,0.027151247606362977,0.013601941676937616,0.0087890625,0.01727715430952552,0.009003461384075085,0.004979511243742954,0.009212872199274027,0.0048828125,0.004979511243742954,0.015655487833868553,0.007042092334890604,0.004026470337517247,0.006176323555016366,0.004026470337517247,0.0021836601342771385,0.1591796875,1,1,0.0
25.0,11.168997764587402,5.0,0.3282540738582611,1.3139516115188599,5.859375,23.211231231689453,10.318678855895996,4.296875,0.38144344091415405,0.07182881236076355,5410.0,96361.0,224483808.0,17.8116455078125,0.2903025150299072,1.0646564960479736,4.3615827560424805,1.4440682889471645e-06,0.0,0.09504223614931107,970,968,985,936,878,1020,1133,1086,935,1083,1214,1165,1024,1143,1146,1128,871,744,726,797,779,872,1020,1035,874,863,874,905,761,828,846,955,943,1096,1278,1288,1199,1289,1288,1230,1050,1052,924,887,653,684,688,920,906,988,1111,1098,939,1001,1098,1151,1165,1375,1406,1403,1087,959,911,904,749,776,780,798,730,764,935,1024,953,1131,1117,953,887,936,968,1005,816,888,967,937,768,830,890,1035,871,953,1008,922,831,889,942,909,791,909,988,1113,1006,1161,1069,1052,940,1035,1194,1279,1215,1165,1258,1160,873,940,1016,968,860,879,925,1004,891,968,1051,1134,1100,1179,1178,1133,986,988,874,886,730,874,878,844,712,798,940,985,888,1019,1191,1273,1178,1145,1100,1096,926,958,1019,1079,919,1052,1118,1144,1005,988,1127,1180,1144,1334,1351,1175,1015,1101,1165,1226,1038,1023,1005,1005,826,811,921,1131,1095,1196,1226,1160,969,974,969,938,748,797,956,1130,1003,1035,1049,1114,951,1055,1164,1241,1176,1179,1145,988,814,940,904,813,732,873,926,987,843,892,1019,1085,1001,1070,1083,1086,957,1055,1050,1023,846,859,845,926,792,909,991,926,791,861,1007,1048,922,1004,1002,1039,892,1082,1161,1166,953,984,1033,1035,975,958,942,888,796,969,1034,936,823,860,877,952,0.0,0.11641182086082501,0.1270882694140425,0.01441877251975918,0.1404655400165069,0.16423969690531817,0.0785692933027761,0.07330075783123127,0.055423686029932466,0.04458090707231768,0.20179193730650902,0.2904267978588594,0.14100764455430742,0.1102824036604612,0.24979010353734055,0.2823937788583357,0.021035800027869155,0.06971315741240136,0.07516359923786663,0.03360283307438526,0.13867531355772025,0.09578281121280648,0.10743962921464896,0.056581663815902246,0.09882117688026186,0.020967686087484266,0.08442607322871479,0.019457869965987574,0.09048366706951955,0.10054326309557618,0.1279744077370336,0.03294360897154883,0.04496431419227085,0.00390625,0.02833714478231818,0.09727464503858553,0.02489755621871477,0.0557325510678917,0.046188412462443235,0.032754902014157074,0.04239901044158674,0.05414420420167622,0.024433585943743757,0.052959948683422846,0.026203921611325662,0.009959022487485907,0.05991352207100768,0.010563138502335907,0.0448900192756297,0.037314400731528904,0.032754902014157074,0.0068359375,0.05064020375962568,0.023457836229422487,0.0417530436063124,0.011048543456039806,0.0448900192756297,0.0021836601342771385,0.018425744398548053,0.015440808887540914,0.01953125,0.01528562093993997,0.018528970665049098,0.003521046167445302,0.25080741199206263,0.01019561182510796,0.0166875073150733,0.004979511243742954,0.0048828125,0.005940197783494355,0.02417855156863271,0.021836601342771385,0.013810679320049757,0.013810679320049757,0.016572815184059706,0.0048828125,0.03828573395295441,0.011759369705851851,0.013601941676937616,0.024647323172117114,0.021683206358568866,0.019628663322501738,0.00834375365753665,0.0021836601342771385,0.022482157096135425,0.016164985700436375,0.009212872199274027,0.009618025197066508,0.001953125,0.012236293052872722,0.037314400731528904,0.008734640537108554,0.005940197783494355,0.023940723969006372,0.0146484375,0.008286407592029853,0.027621358640099514,0.007873298582322802,0.007627196949127592,0.006905339660024878,0.0009765625,0.010054326309557618,0.0013810679320049757,0.01589728573837862,0.0065509804028314154,0.009618025197066508,0.007873298582322802,0.0048828125,0.0048828125,0.01313830473347042,0.011759369705851851,0.029264304812054096,0.010918300671385692,0.029133659941750583,0.01313830473347042,0.008286407592029853,0.017686299097924643,0.007873298582322802,0.003088161777508183,0.009003461384075085,0.004026470337517247,0.004979511243742954,0.013982247132105814,0.009003461384075085,0.006253051013118016,0.007109482313750506,0.004979511243742954,0.0021836601342771385,0.158203125,1,1,0.0
25.0,11.222976684570312,5.0,0.34800055623054504,1.2276760339736938,5.859375,19.73790168762207,10.418938636779785,4.296875,0.35931798815727234,0.07091350108385086,5273.0,83428.0,198629248.0,15.821733474731445,0.2926814556121826,1.0650972127914429,4.0244293212890625,1.4813388133916305e-06,0.0,0.09497683495283127,1050,1119,1149,1130,1017,1024,1006,1082,970,968,985,936,878,1020,1133,1086,935,1083,1214,1165,1024,1143,1146,1128,871,744,726,797,779,872,1020,1035,874,863,874,905,761,828,846,955,943,1096,1278,1288,1199,1289,1288,1230,1050,1052,924,887,653,684,688,920,906,988,1111,1098,939,1001,1098,1151,1165,1375,1406,1403,1087,959,911,904,749,776,780,798,730,764,935,1024,953,1131,1117,953,887,936,968,1005,816,888,967,937,768,830,890,1035,871,953,1008,922,831,889,942,909,791,909,988,1113,1006,1161,1069,1052,940,1035,1194,1279,1215,1165,1258,1160,873,940,1016,968,860,879,925,1004,891,968,1051,1134,1100,1179,1178,1133,986,988,874,886,730,874,878,844,712,798,940,985,888,1019,1191,1273,1178,1145,1100,1096,926,958,1019,1079,919,1052,1118,1144,1005,988,1127,1180,1144,1334,1351,1175,1015,1101,1165,1226,1038,1023,1005,1005,826,811,921,1131,1095,1196,1226,1160,969,974,969,938,748,797,956,1130,1003,1035,1049,1114,951,1055,1164,1241,1176,1179,1145,988,814,940,904,813,732,873,926,987,843,892,1019,1085,1001,1070,1083,1086,957,1055,1050,1023,846,859,845,926,792,909,991,926,791,861,1007,1048,922,1004,1002,1039,892,1082,1161,1166,953,984,1033,1035,975,958,942,888,0.0009765625,0.09096196111089858,0.12123542619405074,0.05821819750308156,0.1604180406123521,0.18900458339401538,0.08086621536586003,0.0492656181860525,0.04018171994422067,0.0048828125,0.1643093613375225,0.2688262121680712,0.1785934979561323,0.12169473472370387,0.25664092227912766,0.2779379912454198,0.03889122607761695,0.09087804784478001,0.08759172264254357,0.05635366424317777,0.13086301883919318,0.07856322406687018,0.1058748691382382,0.054355156445608385,0.10920484113197618,0.03152346170228315,0.08595969173697417,0.025465634395322848,0.08576531934553387,0.10232958513616981,0.12805263057153127,0.041062101643805936,0.04543902392239001,0.0048828125,0.0341796875,0.10626148834949566,0.022032254243512652,0.046589298601080326,0.03601384553630034,0.02489755621871477,0.0300838316420886,0.037186392118476116,0.027500249688142037,0.043013116299893045,0.030586835475323877,0.009959022487485907,0.04523919852304871,0.01708286687942959,0.02847144479904932,0.019628663322501738,0.050931268790645697,0.01878455474772592,0.04194674139631744,0.009814331661250869,0.05765028180916188,0.003521046167445302,0.05869944893417468,0.014517645261053229,0.020132351687586234,0.015440808887540914,0.03014716609459596,0.011048543456039806,0.013282686043686957,0.011134525635733769,0.2492091066414063,0.0,0.009765625,0.01188039556698871,0.013982247132105814,0.005940197783494355,0.013282686043686957,0.026654968874914416,0.025353037081537442,0.020967686087484266,0.013101960805662831,0.011134525635733769,0.027361183058831836,0.01953125,0.023478154844084585,0.013879560940968648,0.011134525635733769,0.019384212149686726,0.020132351687586234,0.012236293052872722,0.0324624416769427,0.010918300671385692,0.01284467425582608,0.008734640537108554,0.009765625,0.0048828125,0.04145504936873266,0.009264485332524549,0.0009765625,0.026002982335340524,0.018165112536853784,0.013566839833447074,0.032359456105040804,0.009618025197066508,0.007437278423695223,0.012079411012551739,0.005940197783494355,0.011920464468489943,0.007873298582322802,0.012732817197661424,0.014218964627501012,0.01313830473347042,0.0166875073150733,0.013810679320049757,0.004979511243742954,0.022651198251451565,0.013101960805662831,0.025031260972609954,0.011920464468489943,0.024724587697601882,0.01953125,0.003088161777508183,0.013028968812623373,0.013810679320049757,0.005940197783494355,0.013879560940968648,0.008052940675034493,0.009003461384075085,0.008843149548962322,0.015746597164645604,0.010563138502335907,0.006176323555016366,0.003521046167445302,0.00834375365753665,0.1640625,1,1,0.0
25.0,11.261219024658203,6.0,0.33074840903282166,1.2817293405532837,4.296875,20.870670318603516,10.307722091674805,5.859375,0.3759426772594452,0.0725947916507721,5526.0,94725.0,219159088.0,17.141693115234375,0.29330891370773315,1.1224937438964844,4.08918571472168,1.4135574701867881e-06,0.0,0.10298845171928406,1163,1280,1343,1370,1274,1328,1320,1294,1050,1119,1149,1130,1017,1024,1006,1082,970,968,985,936,878,1020,1133,1086,935,1083,1214,1165,1024,1143,1146,1128,871,744,726,797,779,872,1020,1035,874,863,874,905,761,828,846,955,943,1096,1278,1288,1199,1289,1288,1230,1050,1052,924,887,653,684,688,920,906,988,1111,1098,939,1001,1098,1151,1165,1375,1406,1403,1087,959,911,904,749,776,780,798,730,764,935,1024,953,1131,1117,953,887,936,968,1005,816,888,967,937,768,830,890,1035,871,953,1008,922,831,889,942,909,791,909,988,1113,1006,1161,1069,1052,940,1035,1194,1279,1215,1165,1258,1160,873,940,1016,968,860,879,925,1004,891,968,1051,1134,1100,1179,1178,1133,986,988,874,886,730,874,878,844,712,798,940,985,888,1019,1191,1273,1178,1145,1100,1096,926,958,1019,1079,919,1052,1118,1144,1005,988,1127,1180,1144,1334,1351,1175,1015,1101,1165,1226,1038,1023,1005,1005,826,811,921,1131,1095,1196,1226,1160,969,974,969,938,748,797,956,1130,1003,1035,1049,1114,951,1055,1164,1241,1176,1179,1145,988,814,940,904,813,732,873,926,987,843,892,1019,1085,1001,1070,1083,1086,957,1055,1050,1023,846,859,845,926,792,909,991,926,791,861,1007,1048,922,1004,1002,1039,892,1082,1161,1166,0.00048828125,0.10527416221921232,0.12512963248870274,0.11976733859056235,0.22637932047941714,0.1906299027609786,0.1458743809651738,0.02039122365021592,0.0300838316420886,0.06652104049190001,0.20275845834795803,0.3268567963121008,0.16164985700436377,0.06712046983374836,0.20791609627053628,0.31742037037392595,0.04865202619953574,0.04421574774481161,0.05940197783494355,0.014906579611790769,0.1458743809651738,0.11269040419337231,0.10456517602719204,0.05635366424317777,0.09438364153575969,0.01242961138804478,0.07292247930700965,0.0205078125,0.1013415941920143,0.09962852144419414,0.12988648373570885,0.031204190055996988,0.04008667139018319,0.004979511243742954,0.03665688355297551,0.10047209880937173,0.018165112536853784,0.052407843222651324,0.03144773864864183,0.03274034104343791,0.035814689103305174,0.04007477447008436,0.018657200365764452,0.03452669830012439,0.020132351687586234,0.01760523083722651,0.043552935783159684,0.007873298582322802,0.04194674139631744,0.027621358640099514,0.041524007080994726,0.0166015625,0.054661335817017695,0.023047702580480365,0.04324529262789947,0.010381001770248682,0.045658866123285,0.0013810679320049757,0.017304731588544287,0.013810679320049757,0.019773883526676354,0.0146484375,0.0170549308560283,0.0029296875,0.2508853494270419,0.008286407592029853,0.014517645261053229,0.005859375,0.007627196949127592,0.0041432037960149265,0.020531050821902968,0.020716018980074635,0.018657200365764452,0.013810679320049757,0.012732817197661424,0.004979511243742954,0.0341796875,0.0146484375,0.0166875073150733,0.021683206358568866,0.01875915303935405,0.019773883526676354,0.010918300671385692,0.003521046167445302,0.023619895746968406,0.013810679320049757,0.00834375365753665,0.006905339660024878,0.005258950006967289,0.013879560940968648,0.03515625,0.012732817197661424,0.007873298582322802,0.021683206358568866,0.013282686043686957,0.006905339660024878,0.02568934851165216,0.007873298582322802,0.007873298582322802,0.006253051013118016,0.0013810679320049757,0.009003461384075085,0.001953125,0.013601941676937616,0.009212872199274027,0.008843149548962322,0.010918300671385692,0.007109482313750506,0.0021836601342771385,0.016164985700436375,0.011430371006562134,0.02765586378614511,0.008843149548962322,0.02510734400816883,0.01516032685181643,0.004979511243742954,0.013028968812623373,0.011388577919619728,0.0013810679320049757,0.012732817197661424,0.0029296875,0.0078125,0.009003461384075085,0.013282686043686957,0.008052940675034493,0.007042092334890604,0.004026470337517247,0.005258950006967289,0.1611328125,1,1,0.0
20.3125,10.809906005859375,6.0,0.2985716760158539,1.755675196647644,5.859375,25.168027877807617,9.425366401672363,4.296875,0.4468887746334076,0.07530936598777771,5947.0,110749.0,283164064.0,18.62266731262207,0.2545395493507385,1.0117297172546387,4.46307897567749,2.101646168739535e-05,0.0,0.07798473536968231,748,907,1069,1113,955,952,1102,1257,1163,1280,1343,1370,1274,1328,1320,1294,1050,1119,1149,1130,1017,1024,1006,1082,970,968,985,936,878,1020,1133,1086,935,1083,1214,1165,1024,1143,1146,1128,871,744,726,797,779,872,1020,1035,874,863,874,905,761,828,846,955,943,1096,1278,1288,1199,1289,1288,1230,1050,1052,924,887,653,684,688,920,906,988,1111,1098,939,1001,1098,1151,1165,1375,1406,1403,1087,959,911,904,749,776,780,798,730,764,935,1024,953,1131,1117,953,887,936,968,1005,816,888,967,937,768,830,890,1035,871,953,1008,922,831,889,942,909,791,909,988,1113,1006,1161,1069,1052,940,1035,1194,1279,1215,1165,1258,1160,873,940,1016,968,860,879,925,1004,891,968,1051,1134,1100,1179,1178,1133,986,988,874,886,730,874,878,844,712,798,940,985,888,1019,1191,1273,1178,1145,1100,1096,926,958,1019,1079,919,1052,1118,1144,1005,988,1127,1180,1144,1334,1351,1175,1015,1101,1165,1226,1038,1023,1005,1005,826,811,921,1131,1095,1196,1226,1160,969,974,969,938,748,797,956,1130,1003,1035,1049,1114,951,1055,1164,1241,1176,1179,1145,988,814,940,904,813,732,873,926,987,843,892,1019,1085,1001,1070,1083,1086,957,1055,1050,1023,846,859,845,926,792,909,991,926,791,861,1007,1048,0.00341796875,0.09809471878006003,0.1275713612433161,0.11496094413651017,0.21803821837662213,0.19947947476382322,0.14404545151462014,0.027238917345666705,0.037314400731528904,0.07168926621965997,0.20393328140389483,0.3332368393150135,0.1606230098140932,0.06027060204769325,0.20609171024033246,0.31711226449548907,0.04627092867375834,0.04769185721513586,0.06397788810218437,0.019457869965987574,0.1457566559254912,0.10758598969300165,0.1066422347062576,0.059498227389561786,0.08914576870840972,0.005694288959809864,0.08036343988844134,0.014906579611790769,0.10499750043527822,0.09485232469990687,0.13495655632360573,0.021506558149946522,0.04080582503081285,0.01441877251975918,0.025202124805788945,0.10138393256441852,0.031310975667737106,0.04014610310760638,0.04014610310760638,0.019628663322501738,0.022651198251451565,0.025947910655442233,0.031035641761856844,0.020716018980074635,0.024705294220065465,0.03416573375885918,0.04263453115809194,0.016630260122975003,0.05784845007664018,0.04324529262789947,0.026565372087373914,0.01441877251975918,0.0557325510678917,0.026654968874914416,0.043891025496570764,0.013566839833447074,0.05256229156561675,0.013282686043686957,0.024119314521930602,0.0166015625,0.027964494264211628,0.013566839833447074,0.018528970665049098,0.008052940675034493,0.2576385836215294,0.009814331661250869,0.0126953125,0.01019561182510796,0.007873298582322802,0.007873298582322802,0.023478154844084585,0.019918044974971814,0.016630260122975003,0.01284467425582608,0.013601941676937616,0.004367320268554277,0.034678283016727936,0.015625,0.01589728573837862,0.0235996991671769,0.022269051271467537,0.01875915303935405,0.009003461384075085,0.003088161777508183,0.024954945974962183,0.01171875,0.004026470337517247,0.003088161777508183,0.008843149548962322,0.009765625,0.03670887915861817,0.011134525635733769,0.004367320268554277,0.024705294220065465,0.013982247132105814,0.0087890625,0.029378142493147116,0.003521046167445302,0.011388577919619728,0.006253051013118016,0.006176323555016366,0.006253051013118016,0.004979511243742954,0.014874556847390447,0.007042092334890604,0.009618025197066508,0.006905339660024878,0.004367320268554277,0.004367320268554277,0.015191747252054731,0.015254393898255184,0.023619895746968406,0.006176323555016366,0.022482157096135425,0.019749754312653012,0.005940197783494355,0.011430371006562134,0.014218964627501012,0.006253051013118016,0.012236293052872722,0.007042092334890604,0.005258950006967289,0.0126953125,0.0107421875,0.0048828125,0.005258950006967289,0.005258950006967289,0.0021836601342771385,0.1572265625,1,1,0.0
20.703125,10.958436012268066,7.0,0.28348803520202637,1.7802342176437378,5.859375,25.653244018554688,9.481108665466309,4.296875,0.45879554748535156,0.07583308219909668,6030.0,119204.0,290988832.0,19.768491744995117,0.2577163875102997,1.1518518924713135,4.494958877563477,1.1659616575343534e-05,0.0,0.0904621109366417,1036,1081,1002,1040,830,906,841,955,748,907,1069,1113,955,952,1102,1257,1163,1280,1343,1370,1274,1328,1320,1294,1050,1119,1149,1130,1017,1024,1006,1082,970,968,985,936,878,1020,1133,1086,935,1083,1214,1165,1024,1143,1146,1128,871,744,726,797,779,872,1020,1035,874,863,874,905,761,828,846,955,943,1096,1278,1288,1199,1289,1288,1230,1050,1052,924,887,653,684,688,920,906,988,1111,1098,939,1001,1098,1151,1165,1375,1406,1403,1087,959,911,904,749,776,780,798,730,764,935,1024,953,1131,1117,953,887,936,968,1005,816,888,967,937,768,830,890,1035,871,953,1008,922,831,889,942,909,791,909,988,1113,1006,1161,1069,1052,940,1035,1194,1279,1215,1165,1258,1160,873,940,1016,968,860,879,925,1004,891,968,1051,1134,1100,1179,1178,1133,986,988,874,886,730,874,878,844,712,798,940,985,888,1019,1191,1273,1178,1145,1100,1096,926,958,1019,1079,919,1052,1118,1144,1005,988,1127,1180,1144,1334,1351,1175,1015,1101,1165,1226,1038,1023,1005,1005,826,811,921,1131,1095,1196,1226,1160,969,974,969,938,748,797,956,1130,1003,1035,1049,1114,951,1055,1164,1241,1176,1179,1145,988,814,940,904,813,732,873,926,987,843,892,1019,1085,1001,1070,1083,1086,957,1055,1050,1023,846,859,845,926,0.0029296875,0.11753285699388291,0.11348731930513825,0.1109720525526761,0.21653498046762162,0.1809198990926518,0.12292280451218408,0.025334222209126653,0.03936649291161401,0.06698535406110358,0.18760423941631132,0.3404969700973972,0.17445244276064537,0.03554741156875253,0.188999537553171,0.32234551566560776,0.04311277354422679,0.06493222738234097,0.08748822814228531,0.04324529262789947,0.13755672325196033,0.08465169114363022,0.12403881548363009,0.07909553410670542,0.06979518900470952,0.015440808887540914,0.0828870905231365,0.030336376107439583,0.12272480792001227,0.10838084035093924,0.12033928907314063,0.01886055460530075,0.05153622969515141,0.005940197783494355,0.028588439781844624,0.10243204981401847,0.02209708691207961,0.047771776596230504,0.040700519500341224,0.01875915303935405,0.01886055460530075,0.020692988379313566,0.03773374821555011,0.018528970665049098,0.03066468450802262,0.042979845868487083,0.04958399326088322,0.023840928936979887,0.06481462307048874,0.05066844441825331,0.023478154844084585,0.003088161777508183,0.0412127887617367,0.011388577919619728,0.053790778726251605,0.004026470337517247,0.04961283514015835,0.004026470337517247,0.017953883116064683,0.020531050821902968,0.023840928936979887,0.008734640537108554,0.004979511243742954,0.017387200990981306,0.24844064770509858,0.008734640537108554,0.00390625,0.02231183527108567,0.0185803687406645,0.018961413905222265,0.0318844291353799,0.01760523083722651,0.008843149548962322,0.015254393898255184,0.01953125,0.009003461384075085,0.03179457147675724,0.0166015625,0.01760523083722651,0.023212625632821705,0.022269051271467537,0.018657200365764452,0.010381001770248682,0.0048828125,0.027964494264211628,0.011134525635733769,0.008843149548962322,0.008052940675034493,0.0029296875,0.014874556847390447,0.03317439013957623,0.015440808887540914,0.009003461384075085,0.018657200365764452,0.019555648822754675,0.013810679320049757,0.032359456105040804,0.006905339660024878,0.01284467425582608,0.010517900013934578,0.00966747552403483,0.0027621358640099515,0.0078125,0.016164985700436375,0.006905339660024878,0.009003461384075085,0.005940197783494355,0.0029296875,0.007437278423695223,0.013282686043686957,0.01875915303935405,0.021683206358568866,0.001953125,0.01516032685181643,0.02708090746848056,0.010381001770248682,0.013101960805662831,0.015625,0.014084184669781208,0.005694288959809864,0.013982247132105814,0.008400708268596315,0.020600608505594715,0.012352647110032733,0.01680141653719263,0.0185803687406645,0.013982247132105814,0.015625,0.171875,1,1,0.0
22.65625,11.211804389953613,4.0,0.2833799719810486,1.6883610486984253,5.859375,32.08293151855469,9.830253601074219,4.296875,0.45005613565444946,0.07580792158842087,6026.0,135026.0,303033792.0,22.407236099243164,0.26656392216682434,1.343809723854065,5.027904033660889,2.0741346816066653e-05,0.0,0.10352739691734314,990,1115,1304,1278,1100,1180,1244,1210,1036,1081,1002,1040,830,906,841,955,748,907,1069,1113,955,952,1102,1257,1163,1280,1343,1370,1274,1328,1320,1294,1050,1119,1149,1130,1017,1024,1006,1082,970,968,985,936,878,1020,1133,1086,935,1083,1214,1165,1024,1143,1146,1128,871,744,726,797,779,872,1020,1035,874,863,874,905,761,828,846,955,943,1096,1278,1288,1199,1289,1288,1230,1050,1052,924,887,653,684,688,920,906,988,1111,1098,939,1001,1098,1151,1165,1375,1406,1403,1087,959,911,904,749,776,780,798,730,764,935,1024,953,1131,1117,953,887,936,968,1005,816,888,967,937,768,830,890,1035,871,953,1008,922,831,889,942,909,791,909,988,1113,1006,1161,1069,1052,940,1035,1194,1279,1215,1165,1258,1160,873,940,1016,968,860,879,925,1004,891,968,1051,1134,1100,1179,1178,1133,986,988,874,886,730,874,878,844,712,798,940,985,888,1019,1191,1273,1178,1145,1100,1096,926,958,1019,1079,919,1052,1118,1144,1005,988,1127,1180,1144,1334,1351,1175,1015,1101,1165,1226,1038,1023,1005,1005,826,811,921,1131,1095,1196,1226,1160,969,974,969,938,748,797,956,1130,1003,1035,1049,1114,951,1055,1164,1241,1176,1179,1145,988,814,940,904,813,732,873,926,987,843,892,1019,1085,1001,1070,1083,1086,0.00048828125,0.1636026386225412,0.08893155292671455,0.10563589908865988,0.2035189988923792,0.16858082521125067,0.07640314450808067,0.06972683604638219,0.08287558402061378,0.10489754173809467,0.20744771275632815,0.3840970654992012,0.15766268124425928,0.045658866123285,0.21863007664225353,0.2856858443681858,0.008734640537108554,0.08940215011844392,0.0842621224848065,0.048563737340454514,0.11440795423691388,0.10966235967679527,0.126806556017131,0.07298130621692726,0.08480364390767375,0.014906579611790769,0.06950079433069564,0.020132351687586234,0.10047209880937173,0.09215459721358266,0.13867531355772025,0.02568934851165216,0.037998196207702575,0.018961413905222265,0.0234375,0.1015812783120769,0.03625138904935661,0.03516981075267404,0.041718768287683256,0.02132844694125152,0.023518739411703703,0.024158822025103478,0.0324624416769427,0.014938533731228863,0.022545696055889054,0.037057941330098196,0.0510995134841841,0.015254393898255184,0.05879684852925925,0.04386929188518789,0.029813159223581537,0.0048828125,0.046915672458844974,0.017304731588544287,0.0465175990774006,0.009814331661250869,0.04350911994129973,0.004979511243742954,0.0244140625,0.023518739411703703,0.029442994983752607,0.005859375,0.012506102026236032,0.012079411012551739,0.2560847796486074,0.009003461384075085,0.01179984958358845,0.009765625,0.009814331661250869,0.005940197783494355,0.019384212149686726,0.014084184669781208,0.021945512748285382,0.0021836601342771385,0.020600608505594715,0.011920464468489943,0.045908825287277966,0.007873298582322802,0.019384212149686726,0.01188039556698871,0.009765625,0.025559086578715626,0.013706707859002147,0.0065509804028314154,0.016253239235442616,0.01878455474772592,0.003521046167445302,0.003521046167445302,0.011759369705851851,0.007627196949127592,0.0386328914938525,0.0087890625,0.006253051013118016,0.023457836229422487,0.013028968812623373,0.008843149548962322,0.027500249688142037,0.007042092334890604,0.008843149548962322,0.009212872199274027,0.007109482313750506,0.0048828125,0.0068359375,0.010918300671385692,0.011430371006562134,0.004026470337517247,0.008843149548962322,0.004026470337517247,0.013028968812623373,0.013028968812623373,0.02510734400816883,0.01589728573837862,0.00834375365753665,0.015254393898255184,0.02763861659782208,0.009003461384075085,0.019628663322501738,0.009003461384075085,0.010786485368346935,0.003088161777508183,0.006253051013118016,0.0087890625,0.012236293052872722,0.014218964627501012,0.012079411012551739,0.010381001770248682,0.005859375,0.008052940675034493,0.1640625,1,1,0.0
21.09375,10.963668823242188,6.0,0.27032285928726196,1.8739510774612427,5.859375,38.90619659423828,9.542635917663574,4.296875,0.4757837653160095,0.07664615660905838,6160.0,154769.0,331741856.0,25.12483787536621,0.2538933753967285,1.8516360521316528,5.448144912719727,1.141287611972075e-05,0.0,0.08587706834077835,714,828,910,1016,874,970,1000,1130,990,1115,1304,1278,1100,1180,1244,1210,1036,1081,1002,1040,830,906,841,955,748,907,1069,1113,955,952,1102,1257,1163,1280,1343,1370,1274,1328,1320,1294,1050,1119,1149,1130,1017,1024,1006,1082,970,968,985,936,878,1020,1133,1086,935,1083,1214,1165,1024,1143,1146,1128,871,744,726,797,779,872,1020,1035,874,863,874,905,761,828,846,955,943,1096,1278,1288,1199,1289,1288,1230,1050,1052,924,887,653,684,688,920,906,988,1111,1098,939,1001,1098,1151,1165,1375,1406,1403,1087,959,911,904,749,776,780,798,730,764,935,1024,953,1131,1117,953,887,936,968,1005,816,888,967,937,768,830,890,1035,871,953,1008,922,831,889,942,909,791,909,988,1113,1006,1161,1069,1052,940,1035,1194,1279,1215,1165,1258,1160,873,940,1016,968,860,879,925,1004,891,968,1051,1134,1100,1179,1178,1133,986,988,874,886,730,874,878,844,712,798,940,985,888,1019,1191,1273,1178,1145,1100,1096,926,958,1019,1079,919,1052,1118,1144,1005,988,1127,1180,1144,1334,1351,1175,1015,1101,1165,1226,1038,1023,1005,1005,826,811,921,1131,1095,1196,1226,1160,969,974,969,938,748,797,956,1130,1003,1035,1049,1114,951,1055,1164,1241,1176,1179,1145,988,814,940,904,813,732,873,926,987,0.0029296875,0.13770916375368156,0.1078736947025968,0.12216402652762148,0.22651619273528562,0.1476677461215851,0.07745070335507169,0.07250935461268192,0.08860925824637432,0.10953183510007776,0.2042160078359317,0.4003155893866201,0.15831460674704864,0.06002484125245824,0.234375,0.2691080945734286,0.007873298582322802,0.08927405144949473,0.07214675612212453,0.03889122607761695,0.12416177078596709,0.11128100016865033,0.11945239688708767,0.06979518900470952,0.08323727475531263,0.010563138502335907,0.07033962150534807,0.021683206358568866,0.10199820154137906,0.09324510036820048,0.13884026417981035,0.025465634395322848,0.03975221179110863,0.0192608231673008,0.020108652619115236,0.1045606157369076,0.0324624416769427,0.040618426451338716,0.04130524605968086,0.0146484375,0.016630260122975003,0.01708286687942959,0.03889122607761695,0.007042092334890604,0.020108652619115236,0.03669588716417175,0.05482683143600859,0.007873298582322802,0.05112750044026728,0.03813598474563796,0.0285216442705278,0.009959022487485907,0.04848512338791566,0.01589728573837862,0.05208841934802573,0.005258950006967289,0.04473040035390151,0.0048828125,0.0264394265052361,0.026939676219011176,0.03389952140177692,0.0068359375,0.015776850020901866,0.011920464468489943,0.25679137564939786,0.008400708268596315,0.011388577919619728,0.010563138502335907,0.011920464468489943,0.010054326309557618,0.02161713244255728,0.015440808887540914,0.020132351687586234,0.0065509804028314154,0.01680141653719263,0.009765625,0.04865202619953574,0.00390625,0.0192608231673008,0.009003461384075085,0.005940197783494355,0.03066468450802262,0.013706707859002147,0.009618025197066508,0.015746597164645604,0.016016815885602272,0.0027621358640099515,0.0013810679320049757,0.008052940675034493,0.009814331661250869,0.03516981075267404,0.012506102026236032,0.0041432037960149265,0.024472586105745445,0.012506102026236032,0.005694288959809864,0.023940723969006372,0.01019561182510796,0.004367320268554277,0.01284467425582608,0.009814331661250869,0.001953125,0.010563138502335907,0.014778072217208551,0.006176323555016366,0.007873298582322802,0.009765625,0.0068359375,0.013879560940968648,0.009814331661250869,0.02833714478231818,0.015254393898255184,0.012732817197661424,0.0170549308560283,0.0283203125,0.009003461384075085,0.021506558149946522,0.005694288959809864,0.007437278423695223,0.006176323555016366,0.005940197783494355,0.006905339660024878,0.014084184669781208,0.011388577919619728,0.011759369705851851,0.012352647110032733,0.008400708268596315,0.009618025197066508,0.1650390625,1,1,0.0
20.703125,10.963537216186523,5.0,0.2588600218296051,1.9943253993988037,5.859375,43.796363830566406,9.394505500793457,4.296875,0.49362513422966003,0.07765974849462509,6324.0,169985.0,371087168.0,26.879348754882812,0.24751484394073486,2.239473581314087,5.78025484085083,1.9765117031056434e-05,0.0,0.08067457377910614,873,847,957,957,781,861,872,825,714,828,910,1016,874,970,1000,1130,990,1115,1304,1278,1100,1180,1244,1210,1036,1081,1002,1040,830,906,841,955,748,907,1069,1113,955,952,1102,1257,1163,1280,1343,1370,1274,1328,1320,1294,1050,1119,1149,1130,1017,1024,1006,1082,970,968,985,936,878,1020,1133,1086,935,1083,1214,1165,1024,1143,1146,1128,871,744,726,797,779,872,1020,1035,874,863,874,905,761,828,846,955,943,1096,1278,1288,1199,1289,1288,1230,1050,1052,924,887,653,684,688,920,906,988,1111,1098,939,1001,1098,1151,1165,1375,1406,1403,1087,959,911,904,749,776,780,798,730,764,935,1024,953,1131,1117,953,887,936,968,1005,816,888,967,937,768,830,890,1035,871,953,1008,922,831,889,942,909,791,909,988,1113,1006,1161,1069,1052,940,1035,1194,1279,1215,1165,1258,1160,873,940,1016,968,860,879,925,1004,891,968,1051,1134,1100,1179,1178,1133,986,988,874,886,730,874,878,844,712,798,940,985,888,1019,1191,1273,1178,1145,1100,1096,926,958,1019,1079,919,1052,1118,1144,1005,988,1127,1180,1144,1334,1351,1175,1015,1101,1165,1226,1038,1023,1005,1005,826,811,921,1131,1095,1196,1226,1160,969,974,969,938,748,797,956,1130,1003,1035,1049,1114,951,1055,1164,1241,1176,1179,1145,988,0.001953125,0.14440582606854566,0.10283625087793169,0.11622734915627445,0.2209557631739556,0.15335451947229375,0.08261049211936172,0.06584378058999052,0.08442607322871479,0.10439631261634974,0.19876105895554316,0.4016996987928344,0.1621358459185947,0.06298638865858242,0.2399920970887147,0.2638472362461033,0.013282686043686957,0.08791774755117795,0.06641343021843478,0.03304477405407936,0.13027870819547618,0.10705281061351872,0.11984693938267481,0.0733722802978978,0.07722257118542662,0.01284467425582608,0.06603902368240903,0.025855863857175247,0.09830351900183702,0.0902303587444944,0.1441877251975918,0.026654968874914416,0.04225255400934363,0.021945512748285382,0.015746597164645604,0.10967540359092384,0.027621358640099514,0.046394427813358216,0.04447381850287383,0.009264485332524549,0.011430371006562134,0.014874556847390447,0.04239901044158674,0.007627196949127592,0.013101960805662831,0.029378142493147116,0.04929464634423423,0.010517900013934578,0.056581663815902246,0.04724988438829275,0.019773883526676354,0.0048828125,0.039257326645003476,0.011920464468489943,0.046875,0.01284467425582608,0.03941491420041126,0.009264485332524549,0.024492062898407135,0.01760523083722651,0.023619895746968406,0.006905339660024878,0.006176323555016366,0.01760523083722651,0.2593063079690486,0.014778072217208551,0.017686299097924643,0.007042092334890604,0.007873298582322802,0.007873298582322802,0.016105881350068987,0.0087890625,0.01875915303935405,0.008843149548962322,0.018425744398548053,0.0048828125,0.04271274946997859,0.0029296875,0.014517645261053229,0.01284467425582608,0.0009765625,0.034938562148434216,0.01824369305885684,0.014680953494504793,0.016630260122975003,0.0146484375,0.0068359375,0.005859375,0.0029296875,0.0146484375,0.030649130520459405,0.015254393898255184,0.0009765625,0.029264304812054096,0.008052940675034493,0.004367320268554277,0.0234375,0.012732817197661424,0.008052940675034493,0.012732817197661424,0.009814331661250869,0.004026470337517247,0.005694288959809864,0.0126953125,0.010918300671385692,0.00390625,0.009765625,0.003088161777508183,0.010918300671385692,0.010054326309557618,0.024492062898407135,0.018657200365764452,0.011048543456039806,0.013671875,0.031204190055996988,0.011759369705851851,0.024433585943743757,0.003088161777508183,0.0065509804028314154,0.007873298582322802,0.004979511243742954,0.004026470337517247,0.015746597164645604,0.010786485368346935,0.0126953125,0.013282686043686957,0.008400708268596315,0.009003461384075085,0.1650390625,1,1,0.0
22.65625,11.0618257522583,5.0,0.25640758872032166,1.8957270383834839,5.859375,39.152957916259766,9.597248077392578,4.296875,0.486802875995636,0.07712989300489426,6238.0,156493.0,334065632.0,25.087047576904297,0.25678953528404236,2.1835522651672363,5.431942462921143,1.1270498362137005e-05,0.0,0.10466380417346954,761,888,938,921,794,845,925,1035,873,847,957,957,781,861,872,825,714,828,910,1016,874,970,1000,1130,990,1115,1304,1278,1100,1180,1244,1210,1036,1081,1002,1040,830,906,841,955,748,907,1069,1113,955,952,1102,1257,1163,1280,1343,1370,1274,1328,1320,1294,1050,1119,1149,1130,1017,1024,1006,1082,970,968,985,936,878,1020,1133,1086,935,1083,1214,1165,1024,1143,1146,1128,871,744,726,797,779,872,1020,1035,874,863,874,905,761,828,846,955,943,1096,1278,1288,1199,1289,1288,1230,1050,1052,924,887,653,684,688,920,906,988,1111,1098,939,1001,1098,1151,1165,1375,1406,1403,1087,959,911,904,749,776,780,798,730,764,935,1024,953,1131,1117,953,887,936,968,1005,816,888,967,937,768,830,890,1035,871,953,1008,922,831,889,942,909,791,909,988,1113,1006,1161,1069,1052,940,1035,1194,1279,1215,1165,1258,1160,873,940,1016,968,860,879,925,1004,891,968,1051,1134,1100,1179,1178,1133,986,988,874,886,730,874,878,844,712,798,940,985,888,1019,1191,1273,1178,1145,1100,1096,926,958,1019,1079,919,1052,1118,1144,1005,988,1127,1180,1144,1334,1351,1175,1015,1101,1165,1226,1038,1023,1005,1005,826,811,921,1131,1095,1196,1226,1160,969,974,969,938,748,797,956,1130,1003,1035,1049,1114,0.001953125,0.08536966162505602,0.16513437983448606,0.1773906360103053,0.25359242926046244,0.1476289915729022,0.04145504936873266,0.09767577929726552,0.08595969173697417,0.08540875157846183,0.17773705784376265,0.3529486561898912,0.21094202107423454,0.0637464215639359,0.24853851376047462,0.226495140848816,0.05490504998777577,0.09965244932633759,0.0283203125,0.0013810679320049757,0.15742962915145808,0.07915579737952907,0.140625,0.0991535603386587,0.0727719278225052,0.033673710253059895,0.06027060204769325,0.02161713244255728,0.09181765057455593,0.08222865013680032,0.14063856271402103,0.015746597164645604,0.047330550062705604,0.011430371006562134,0.02652944864688696,0.09778312071257013,0.03385729652999944,0.03742923417331406,0.041524007080994726,0.022482157096135425,0.022798081113142094,0.01878455474772592,0.04509139211177811,0.007873298582322802,0.0283875817456028,0.04280196679845923,0.0642233712791304,0.01179984958358845,0.04712862700005334,0.05045152872300582,0.00966747552403483,0.01933495104806966,0.025633603024231812,0.013810679320049757,0.04438796163032622,0.026203921611325662,0.039764205217777994,0.01760523083722651,0.019555648822754675,0.011134525635733769,0.021126277004671814,0.006905339660024878,0.006905339660024878,0.02003738723504218,0.26160576502429245,0.013028968812623373,0.014778072217208551,0.008843149548962322,0.0065509804028314154,0.003521046167445302,0.013028968812623373,0.011388577919619728,0.02209708691207961,0.011134525635733769,0.022798081113142094,0.006253051013118016,0.03843489971514537,0.010054326309557618,0.01441877251975918,0.017953883116064683,0.008734640537108554,0.04179870031061073,0.019186408891004394,0.016858082521125067,0.022798081113142094,0.007437278423695223,0.00834375365753665,0.007109482313750506,0.007873298582322802,0.011759369705851851,0.03614600688148779,0.010786485368346935,0.0027621358640099515,0.02652944864688696,0.009959022487485907,0.003088161777508183,0.021506558149946522,0.014218964627501012,0.009618025197066508,0.01441877251975918,0.011759369705851851,0.007109482313750506,0.0021836601342771385,0.008286407592029853,0.015440808887540914,0.007627196949127592,0.003521046167445302,0.003088161777508183,0.007437278423695223,0.004979511243742954,0.028721564784868637,0.016105881350068987,0.015440808887540914,0.020132351687586234,0.025390625,0.0048828125,0.018657200365764452,0.009212872199274027,0.011430371006562134,0.006253051013118016,0.0021836601342771385,0.006176323555016366,0.014906579611790769,0.007627196949127592,0.013282686043686957,0.015254393898255184,0.009765625,0.008400708268596315,0.1640625,1,1,0.0
20.3125,11.031002044677734,6.0,0.25508466362953186,2.0299978256225586,25.0,26.64945411682129,9.294644355773926,4.296875,0.4990685284137726,0.0774507001042366,6290.0,132521.0,301110656.0,21.06852149963379,0.24584682285785675,1.8916168212890625,4.449670314788818,3.104942152276635e-05,0.0,0.08421100676059723,1245,1150,1071,1019,1016,969,906,872,761,888,938,921,794,845,925,1035,873,847,957,957,781,861,872,825,714,828,910,1016,874,970,1000,1130,990,1115,1304,1278,1100,1180,1244,1210,1036,1081,1002,1040,830,906,841,955,748,907,1069,1113,955,952,1102,1257,1163,1280,1343,1370,1274,1328,1320,1294,1050,1119,1149,1130,1017,1024,1006,1082,970,968,985,936,878,1020,1133,1086,935,1083,1214,1165,1024,1143,1146,1128,871,744,726,797,779,872,1020,1035,874,863,874,905,761,828,846,955,943,1096,1278,1288,1199,1289,1288,1230,1050,1052,924,887,653,684,688,920,906,988,1111,1098,939,1001,1098,1151,1165,1375,1406,1403,1087,959,911,904,749,776,780,798,730,764,935,1024,953,1131,1117,953,887,936,968,1005,816,888,967,937,768,830,890,1035,871,953,1008,922,831,889,942,909,791,909,988,1113,1006,1161,1069,1052,940,1035,1194,1279,1215,1165,1258,1160,873,940,1016,968,860,879,925,1004,891,968,1051,1134,1100,1179,1178,1133,986,988,874,886,730,874,878,844,712,798,940,985,888,1019,1191,1273,1178,1145,1100,1096,926,958,1019,1079,919,1052,1118,1144,1005,988,1127,1180,1144,1334,1351,1175,1015,1101,1165,1226,1038,1023,1005,1005,826,811,921,1131,1095,1196,1226,1160,969,974,969,938,0.001953125,0.11024780797184884,0.14089600622555806,0.16429485035010227,0.27085309078825515,0.11329808603338419,0.007627196949127592,0.13067340446798617,0.12059657260965302,0.10911310721455798,0.18351581623819324,0.31822154800277314,0.25021734326794837,0.09901399887216075,0.285216442705278,0.1877490614703781,0.07936635848937056,0.06749594217041982,0.05258950006967289,0.040653629485348924,0.1172525860922159,0.10763473229261605,0.12018068697578932,0.057351745546976654,0.07474372311778302,0.03152346170228315,0.04217348219079919,0.05985778484657014,0.0578237161839354,0.04496431419227085,0.1655266235695985,0.021126277004671814,0.07232498617689657,0.02417855156863271,0.05442529216051865,0.09267058443345591,0.05996125559769044,0.037160737481329,0.02847144479904932,0.01792730444402912,0.007109482313750506,0.02286074201312427,0.031310975667737106,0.01875915303935405,0.029361906989009586,0.05191419476563286,0.07443046489176261,0.020320949264340638,0.029442994983752607,0.0505742475633752,0.02157297073669387,0.03798564519292329,0.010054326309557618,0.0328276099882258,0.033432114782468145,0.03629082846887118,0.05821819750308156,0.01953125,0.0107421875,0.03032065370363286,0.03907470512449718,0.011430371006562134,0.019186408891004394,0.010786485368346935,0.24702977990153965,0.020320949264340638,0.024492062898407135,0.014517645261053229,0.015746597164645604,0.016105881350068987,0.02157297073669387,0.003521046167445302,0.012506102026236032,0.01019561182510796,0.016105881350068987,0.004026470337517247,0.04194674139631744,0.0048828125,0.01284467425582608,0.015746597164645604,0.005258950006967289,0.040794137840244965,0.016630260122975003,0.01313830473347042,0.020716018980074635,0.012506102026236032,0.003521046167445302,0.004026470337517247,0.005694288959809864,0.016253239235442616,0.027238917345666705,0.019186408891004394,0.006905339660024878,0.0341796875,0.008400708268596315,0.012732817197661424,0.031310975667737106,0.006253051013118016,0.012079411012551739,0.008052940675034493,0.009765625,0.0027621358640099515,0.011134525635733769,0.01727715430952552,0.012732817197661424,0.001953125,0.012236293052872722,0.006253051013118016,0.0048828125,0.009765625,0.025559086578715626,0.022482157096135425,0.020762003540497363,0.023294649300540163,0.023212625632821705,0.003088161777508183,0.015655487833868553,0.010786485368346935,0.013810679320049757,0.008400708268596315,0.0,0.004979511243742954,0.015254393898255184,0.009003461384075085,0.013671875,0.012732817197661424,0.008843149548962322,0.009765625,0.166015625,1,1,0.0
18.75,10.911859512329102,5.0,0.2516572177410126,2.127779722213745,5.46875,18.74473762512207,9.09584903717041,4.296875,0.5090858936309814,0.07787435501813889,6359.0,101969.0,288660864.0,16.035383224487305,0.2392568588256836,1.116795301437378,3.9142098426818848,7.862330676289275e-05,0.0,0.08972880989313126,893,989,1017,971,879,1111,1208,1326,1245,1150,1071,1019,1016,969,906,872,761,888,938,921,794,845,925,1035,873,847,957,957,781,861,872,825,714,828,910,1016,874,970,1000,1130,990,1115,1304,1278,1100,1180,1244,1210,1036,1081,1002,1040,830,906,841,955,748,907,1069,1113,955,952,1102,1257,1163,1280,1343,1370,1274,1328,1320,1294,1050,1119,1149,1130,1017,1024,1006,1082,970,968,985,936,878,1020,1133,1086,935,1083,1214,1165,1024,1143,1146,1128,871,744,726,797,779,872,1020,1035,874,863,874,905,761,828,846,955,943,1096,1278,1288,1199,1289,1288,1230,1050,1052,924,887,653,684,688,920,906,988,1111,1098,939,1001,1098,1151,1165,1375,1406,1403,1087,959,911,904,749,776,780,798,730,764,935,1024,953,1131,1117,953,887,936,968,1005,816,888,967,937,768,830,890,1035,871,953,1008,922,831,889,942,909,791,909,988,1113,1006,1161,1069,1052,940,1035,1194,1279,1215,1165,1258,1160,873,940,1016,968,860,879,925,1004,891,968,1051,1134,1100,1179,1178,1133,986,988,874,886,730,874,878,844,712,798,940,985,888,1019,1191,1273,1178,1145,1100,1096,926,958,1019,1079,919,1052,1118,1144,1005,988,1127,1180,1144,1334,1351,1175,1015,1101,1165,1226,1038,1023,1005,1005,826,811,921,1131,0.00048828125,0.09786111324398247,0.1498760983233578,0.16007584204844755,0.25168044837790465,0.12652044657239755,0.029877067462457725,0.12107012118257775,0.12667111104563328,0.12709577322353824,0.20707961183372697,0.2996901501487685,0.26521179372762926,0.11136666684813405,0.2982499257141174,0.16071797926760803,0.1059243991369294,0.05731847887042652,0.0778437319663267,0.07031928135701052,0.08839913658307309,0.13816892728041394,0.09636846212928825,0.04804052295409705,0.060829732431239986,0.06036546664267809,0.016016815885602272,0.07320962817965357,0.044815601193686584,0.05011012347916992,0.1425915019409686,0.025390625,0.05139725533961237,0.025390625,0.03521046167445302,0.10770559124189248,0.04037114571991091,0.04280196679845923,0.04026470337517247,0.011759369705851851,0.014938533731228863,0.01878455474772592,0.03876842429937345,0.008286407592029853,0.027964494264211628,0.04676296833520656,0.06935656603345587,0.013671875,0.0380859375,0.05137869702330432,0.013282686043686957,0.029133659941750583,0.01680141653719263,0.02378085090212094,0.03614600688148779,0.029035290522106457,0.04891593666550076,0.014778072217208551,0.013101960805662831,0.01886055460530075,0.028168369339562415,0.0009765625,0.012732817197661424,0.01019561182510796,0.2522255068362994,0.008734640537108554,0.013982247132105814,0.01878455474772592,0.009814331661250869,0.015776850020901866,0.0166015625,0.007109482313750506,0.01171875,0.020967686087484266,0.009264485332524549,0.007437278423695223,0.05011012347916992,0.003088161777508183,0.01680141653719263,0.014218964627501012,0.0021836601342771385,0.037186392118476116,0.02132844694125152,0.01760523083722651,0.020132351687586234,0.011134525635733769,0.0068359375,0.0065509804028314154,0.004026470337517247,0.015746597164645604,0.030835260554388563,0.015254393898255184,0.004026470337517247,0.030414866215619993,0.00834375365753665,0.008052940675034493,0.027361183058831836,0.009003461384075085,0.010054326309557618,0.009618025197066508,0.007437278423695223,0.0021836601342771385,0.008400708268596315,0.014517645261053229,0.00966747552403483,0.0029296875,0.011134525635733769,0.0041432037960149265,0.009003461384075085,0.01188039556698871,0.023212625632821705,0.023518739411703703,0.01875915303935405,0.021506558149946522,0.02681548870653512,0.0041432037960149265,0.016016815885602272,0.012236293052872722,0.013601941676937616,0.0065509804028314154,0.004026470337517247,0.0078125,0.014938533731228863,0.006176323555016366,0.014084184669781208,0.015746597164645604,0.008286407592029853,0.008843149548962322,0.1640625,1,1,0.0
21.484375,11.161724090576172,5.0,0.25174373388290405,2.0609302520751953,5.46875,19.678483963012695,9.37766170501709,4.296875,0.5038024187088013,0.07751839607954025,6301.0,106600.0,272112832.0,16.917949676513672,0.24445386230945587,1.2960643768310547,3.9715917110443115,1.983639958780259e-05,0.0,0.10572001338005066,1147,1310,1419,1320,1147,1167,1182,1038,893,989,1017,971,879,1111,1208,1326,1245,1150,1071,1019,1016,969,906,872,761,888,938,921,794,845,925,1035,873,847,957,957,781,861,872,825,714,828,910,1016,874,970,1000,1130,990,1115,1304,1278,1100,1180,1244,1210,1036,1081,1002,1040,830,906,841,955,748,907,1069,1113,955,952,1102,1257,1163,1280,1343,1370,1274,1328,1320,1294,1050,1119,1149,1130,1017,1024,1006,1082,970,968,985,936,878,1020,1133,1086,935,1083,1214,1165,1024,1143,1146,1128,871,744,726,797,779,872,1020,1035,874,863,874,905,761,828,846,955,943,1096,1278,1288,1199,1289,1288,1230,1050,1052,924,887,653,684,688,920,906,988,1111,1098,939,1001,1098,1151,1165,1375,1406,1403,1087,959,911,904,749,776,780,798,730,764,935,1024,953,1131,1117,953,887,936,968,1005,816,888,967,937,768,830,890,1035,871,953,1008,922,831,889,942,909,791,909,988,1113,1006,1161,1069,1052,940,1035,1194,1279,1215,1165,1258,1160,873,940,1016,968,860,879,925,1004,891,968,1051,1134,1100,1179,1178,1133,986,988,874,886,730,874,878,844,712,798,940,985,888,1019,1191,1273,1178,1145,1100,1096,926,958,1019,1079,919,1052,1118,1144,1005,988,1127,1180,1144,1334,1351,1175,1015,1101,1165,1226,0.00048828125,0.14031609409546372,0.14329203757441153,0.1947868904167389,0.3128538036230441,0.1244188149111952,0.04350911994129973,0.11774363480714214,0.07610298367038677,0.07619691094973109,0.19005622433428251,0.34872033652758216,0.21869767789440803,0.07250935461268192,0.26066170925619914,0.15351922805091112,0.14456423821169107,0.09649702599246582,0.10619864625229604,0.11010931651986881,0.05532034780573651,0.17479104782679983,0.07387099862920876,0.06256862687359901,0.05264387489040451,0.08910296675241533,0.014517645261053229,0.07504932053453457,0.06577857077753481,0.07334628019775546,0.1284207535938537,0.015655487833868553,0.04712862700005334,0.0087890625,0.03803582440263759,0.09496787883412952,0.04794116292434991,0.037160737481329,0.03516981075267404,0.010381001770248682,0.013101960805662831,0.019628663322501738,0.03712222228271135,0.007109482313750506,0.026672852116694654,0.04325631755927754,0.06516679929962059,0.011134525635733769,0.0324624416769427,0.04673236763283359,0.022269051271467537,0.03869455616437295,0.01313830473347042,0.0342911130196864,0.025390625,0.02510734400816883,0.05277053158635272,0.0027621358640099515,0.02652944864688696,0.01284467425582608,0.014938533731228863,0.013028968812623373,0.0166015625,0.0192608231673008,0.2537954235292562,0.0078125,0.015746597164645604,0.030649130520459405,0.020899350155305366,0.027238917345666705,0.026868782211323446,0.011388577919619728,0.001953125,0.01800692276815017,0.011759369705851851,0.008052940675034493,0.04254496271639056,0.0041432037960149265,0.013282686043686957,0.0146484375,0.004979511243742954,0.036812650048771024,0.01589728573837862,0.013810679320049757,0.015655487833868553,0.014517645261053229,0.0087890625,0.009212872199274027,0.003088161777508183,0.01760523083722651,0.032033631771204545,0.01284467425582608,0.004026470337517247,0.027964494264211628,0.008734640537108554,0.0065509804028314154,0.025465634395322848,0.01171875,0.011388577919619728,0.008286407592029853,0.006176323555016366,0.004367320268554277,0.009765625,0.015440808887540914,0.009003461384075085,0.0021836601342771385,0.011759369705851851,0.005258950006967289,0.009765625,0.011759369705851851,0.02157297073669387,0.024705294220065465,0.021506558149946522,0.024020261477048523,0.023047702580480365,0.0009765625,0.015655487833868553,0.011134525635733769,0.011920464468489943,0.007873298582322802,0.003088161777508183,0.007627196949127592,0.01171875,0.008052940675034493,0.010054326309557618,0.01953125,0.01284467425582608,0.010563138502335907,0.158203125,1,1,0.0
17.96875,10.661859512329102,5.0,0.26154470443725586,2.2214558124542236,1.5625,26.438764572143555,8.918646812438965,4.296875,0.5092250108718872,0.07928220182657242,6591.0,131002.0,317058400.0,19.875890731811523,0.22923029959201813,1.3404207229614258,4.513971328735352,4.2667121306294575e-05,0.0,0.10001609474420547,832,812,840,908,859,895,1036,1212,1147,1310,1419,1320,1147,1167,1182,1038,893,989,1017,971,879,1111,1208,1326,1245,1150,1071,1019,1016,969,906,872,761,888,938,921,794,845,925,1035,873,847,957,957,781,861,872,825,714,828,910,1016,874,970,1000,1130,990,1115,1304,1278,1100,1180,1244,1210,1036,1081,1002,1040,830,906,841,955,748,907,1069,1113,955,952,1102,1257,1163,1280,1343,1370,1274,1328,1320,1294,1050,1119,1149,1130,1017,1024,1006,1082,970,968,985,936,878,1020,1133,1086,935,1083,1214,1165,1024,1143,1146,1128,871,744,726,797,779,872,1020,1035,874,863,874,905,761,828,846,955,943,1096,1278,1288,1199,1289,1288,1230,1050,1052,924,887,653,684,688,920,906,988,1111,1098,939,1001,1098,1151,1165,1375,1406,1403,1087,959,911,904,749,776,780,798,730,764,935,1024,953,1131,1117,953,887,936,968,1005,816,888,967,937,768,830,890,1035,871,953,1008,922,831,889,942,909,791,909,988,1113,1006,1161,1069,1052,940,1035,1194,1279,1215,1165,1258,1160,873,940,1016,968,860,879,925,1004,891,968,1051,1134,1100,1179,1178,1133,986,988,874,886,730,874,878,844,712,798,940,985,888,1019,1191,1273,1178,1145,1100,1096,926,958,1019,1079,919,1052,1118,1144,1005,988,1127,1180,0.001953125,0.10966235967679527,0.12151043480541728,0.12896542202514982,0.2843826460596406,0.06277405734370389,0.04976637619625354,0.1806746196239791,0.11739077422042293,0.03538607603904968,0.1411124364702222,0.4068376252665423,0.16172358556327338,0.0498046875,0.22930095090606534,0.15330476135305005,0.19527831732125386,0.1262185780920004,0.15314293581181765,0.14456423821169107,0.027964494264211628,0.18876728307151938,0.05258950006967289,0.08315130061487501,0.03527810911755555,0.05482683143600859,0.018528970665049098,0.07469266865614431,0.038397662600268556,0.05223468406373567,0.12852096778407893,0.0388789633542859,0.025855863857175247,0.026240290708094537,0.02458921545315268,0.08437522605583143,0.055492471270216295,0.022651198251451565,0.024433585943743757,0.01878455474772592,0.020716018980074635,0.037186392118476116,0.03014716609459596,0.020320949264340638,0.03452669830012439,0.03232997140087275,0.04805044765680681,0.013671875,0.025012204052472065,0.04283537538957287,0.037998196207702575,0.054355156445608385,0.02681548870653512,0.044538102542935075,0.024724587697601882,0.009212872199274027,0.03803582440263759,0.01824369305885684,0.023478154844084585,0.011134525635733769,0.027500249688142037,0.006905339660024878,0.01589728573837862,0.009959022487485907,0.25390625,0.005694288959809864,0.0065509804028314154,0.025390625,0.016016815885602272,0.02580047815160724,0.026294750034836445,0.018657200365764452,0.0078125,0.0244140625,0.011430371006562134,0.014218964627501012,0.03936649291161401,0.010517900013934578,0.013282686043686957,0.016716057391234072,0.009264485332524549,0.03582800064032059,0.01313830473347042,0.014778072217208551,0.013566839833447074,0.014938533731228863,0.012506102026236032,0.0107421875,0.005524271728019903,0.015191747252054731,0.032241355506287456,0.014084184669781208,0.004026470337517247,0.03057124187987994,0.009618025197066508,0.007627196949127592,0.025409398107925172,0.011134525635733769,0.0107421875,0.009264485332524549,0.004367320268554277,0.005694288959809864,0.011430371006562134,0.016164985700436375,0.00966747552403483,0.003088161777508183,0.012236293052872722,0.0048828125,0.009959022487485907,0.01188039556698871,0.021836601342771385,0.024954945974962183,0.021506558149946522,0.0244140625,0.02298555135925746,0.001953125,0.016630260122975003,0.010517900013934578,0.01188039556698871,0.007109482313750506,0.003088161777508183,0.007042092334890604,0.010517900013934578,0.007873298582322802,0.011134525635733769,0.01953125,0.013028968812623373,0.00966747552403483,0.1591796875,1,1,0.0
19.140625,10.83288860321045,4.0,0.2870183289051056,2.305474281311035,1.5625,45.649314880371094,9.12804889678955,4.296875,0.4972844421863556,0.07838092744350433,6442.0,175369.0,386705760.0,27.22275733947754,0.21569722890853882,2.0687625408172607,5.894157886505127,1.2125724424549844e-06,0.0,0.10162052512168884,799,872,953,984,985,1018,998,1084,832,812,840,908,859,895,1036,1212,1147,1310,1419,1320,1147,1167,1182,1038,893,989,1017,971,879,1111,1208,1326,1245,1150,1071,1019,1016,969,906,872,761,888,938,921,794,845,925,1035,873,847,957,957,781,861,872,825,714,828,910,1016,874,970,1000,1130,990,1115,1304,1278,1100,1180,1244,1210,1036,1081,1002,1040,830,906,841,955,748,907,1069,1113,955,952,1102,1257,1163,1280,1343,1370,1274,1328,1320,1294,1050,1119,1149,1130,1017,1024,1006,1082,970,968,985,936,878,1020,1133,1086,935,1083,1214,1165,1024,1143,1146,1128,871,744,726,797,779,872,1020,1035,874,863,874,905,761,828,846,955,943,1096,1278,1288,1199,1289,1288,1230,1050,1052,924,887,653,684,688,920,906,988,1111,1098,939,1001,1098,1151,1165,1375,1406,1403,1087,959,911,904,749,776,780,798,730,764,935,1024,953,1131,1117,953,887,936,968,1005,816,888,967,937,768,830,890,1035,871,953,1008,922,831,889,942,909,791,909,988,1113,1006,1161,1069,1052,940,1035,1194,1279,1215,1165,1258,1160,873,940,1016,968,860,879,925,1004,891,968,1051,1134,1100,1179,1178,1133,986,988,874,886,730,874,878,844,712,798,940,985,888,1019,1191,1273,1178,1145,1100,1096,926,958,1019,1079,0.0009765625,0.11187502727827879,0.11194746174833323,0.10527416221921232,0.29642010018461473,0.042979845868487083,0.07324869762734053,0.1891231218989799,0.10502020505235304,0.017820593350483065,0.16196223555838662,0.3967921373265108,0.18145414234435592,0.06132936901604524,0.2438709448042685,0.15100132195102475,0.17699774375382674,0.11946437186466738,0.1403670594439918,0.14298222379303233,0.0185546875,0.19980430565701537,0.03936649291161401,0.09324510036820048,0.02376079113397742,0.052959948683422846,0.028985980624327792,0.06963787689846511,0.031035641761856844,0.0448900192756297,0.12909845991922453,0.04883788964863276,0.016370170521718956,0.03179457147675724,0.029002426572104487,0.07639690318596853,0.06372397695732598,0.0283875817456028,0.030835260554388563,0.01528562093993997,0.02489755621871477,0.035907766232129365,0.037314400731528904,0.014517645261053229,0.027151247606362977,0.03179457147675724,0.054661335817017695,0.011759369705851851,0.02489755621871477,0.04559616222628419,0.032241355506287456,0.05064961906207008,0.022269051271467537,0.04099236691760812,0.021506558149946522,0.013879560940968648,0.04290211452439218,0.014778072217208551,0.027238917345666705,0.005694288959809864,0.023840928936979887,0.010517900013934578,0.020132351687586234,0.007627196949127592,0.2490540728704891,0.009264485332524549,0.013282686043686957,0.018961413905222265,0.0087890625,0.021506558149946522,0.02229045353615884,0.022798081113142094,0.014778072217208551,0.03192926313334339,0.016370170521718956,0.021417687694786434,0.034402177644157296,0.017469281074217108,0.019652941208494246,0.01441877251975918,0.011388577919619728,0.0283875817456028,0.02039122365021592,0.0192608231673008,0.020132351687586234,0.010918300671385692,0.0065509804028314154,0.007437278423695223,0.0009765625,0.019773883526676354,0.033332125323976586,0.010918300671385692,0.003521046167445302,0.027361183058831836,0.006176323555016366,0.008734640537108554,0.029442994983752607,0.007873298582322802,0.0078125,0.012506102026236032,0.009814331661250869,0.006253051013118016,0.010517900013934578,0.01680141653719263,0.0021836601342771385,0.008400708268596315,0.01824369305885684,0.009765625,0.003521046167445302,0.005694288959809864,0.02580047815160724,0.021836601342771385,0.018347943582085875,0.023619895746968406,0.024492062898407135,0.003088161777508183,0.01528562093993997,0.01188039556698871,0.009212872199274027,0.0065509804028314154,0.007627196949127592,0.010918300671385692,0.010517900013934578,0.0048828125,0.0126953125,0.018165112536853784,0.011388577919619728,0.009003461384075085,0.16015625,1,1,0.0
17.96875,10.641969680786133,4.0,0.2887585461139679,2.354909658432007,1.5625,37.992591857910156,9.006369590759277,4.296875,0.49924126267433167,0.07858749479055405,6476.0,162922.0,374677024.0,25.157814025878906,0.21200017631053925,1.7345967292785645,5.377312660217285,4.3425603507785127e-05,0.0,0.09797351807355881,1001,1159,1151,1099,905,880,983,971,799,872,953,984,985,1018,998,1084,832,812,840,908,859,895,1036,1212,1147,1310,1419,1320,1147,1167,1182,1038,893,989,1017,971,879,1111,1208,1326,1245,1150,1071,1019,1016,969,906,872,761,888,938,921,794,845,925,1035,873,847,957,957,781,861,872,825,714,828,910,1016,874,970,1000,1130,990,1115,1304,1278,1100,1180,1244,1210,1036,1081,1002,1040,830,906,841,955,748,907,1069,1113,955,952,1102,1257,1163,1280,1343,1370,1274,1328,1320,1294,1050,1119,1149,1130,1017,1024,1006,1082,970,968,985,936,878,1020,1133,1086,935,1083,1214,1165,1024,1143,1146,1128,871,744,726,797,779,872,1020,1035,874,863,874,905,761,828,846,955,943,1096,1278,1288,1199,1289,1288,1230,1050,1052,924,887,653,684,688,920,906,988,1111,1098,939,1001,1098,1151,1165,1375,1406,1403,1087,959,911,904,749,776,780,798,730,764,935,1024,953,1131,1117,953,887,936,968,1005,816,888,967,937,768,830,890,1035,871,953,1008,922,831,889,942,909,791,909,988,1113,1006,1161,1069,1052,940,1035,1194,1279,1215,1165,1258,1160,873,940,1016,968,860,879,925,1004,891,968,1051,1134,1100,1179,1178,1133,986,988,874,886,730,874,878,844,712,798,940,985,888,1019,1191,1273,0.00244140625,0.11782460279553579,0.10381001770248681,0.10042937603267532,0.30885477736071226,0.049071658306254345,0.07258822630526614,0.17843590089311923,0.0960810459081941,0.027793455997573647,0.1594221456768995,0.39467625738639417,0.17541737511764352,0.055586911995147294,0.2388029796676426,0.1474900374846605,0.18256234554191514,0.11602614640843083,0.13770916375368156,0.1358264688890899,0.023640075072090243,0.19924029065530435,0.037186392118476116,0.09728934982993787,0.01824369305885684,0.051794650805375465,0.036604814089826784,0.07352160244030746,0.023212625632821705,0.049149334110006326,0.1208098991733759,0.050413708981016825,0.01824369305885684,0.0242573092741684,0.034637007521422264,0.0830078125,0.0537109375,0.0263671875,0.022482157096135425,0.021506558149946522,0.019749754312653012,0.04377135709182611,0.029361906989009586,0.028721564784868637,0.03625138904935661,0.019555648822754675,0.04865202619953574,0.025202124805788945,0.014680953494504793,0.057443129569737274,0.020716018980074635,0.037378240642587185,0.009959022487485907,0.042879879687695605,0.011759369705851851,0.0205078125,0.04676296833520656,0.023294649300540163,0.032122820709762745,0.013879560940968648,0.03126525506559008,0.006176323555016366,0.012732817197661424,0.013810679320049757,0.2526863724699677,0.008052940675034493,0.017953883116064683,0.016164985700436375,0.003521046167445302,0.017304731588544287,0.020899350155305366,0.027759121881937295,0.019628663322501738,0.03451288485756307,0.020716018980074635,0.019652941208494246,0.0325211441510678,0.012352647110032733,0.014938533731228863,0.016105881350068987,0.010054326309557618,0.0332174831087792,0.0166875073150733,0.0208765218031562,0.020132351687586234,0.0068359375,0.005524271728019903,0.003521046167445302,0.005694288959809864,0.025390625,0.03669588716417175,0.005258950006967289,0.004367320268554277,0.033203125,0.004979511243742954,0.012236293052872722,0.02833714478231818,0.010381001770248682,0.010381001770248682,0.009618025197066508,0.008734640537108554,0.003521046167445302,0.0068359375,0.013101960805662831,0.0013810679320049757,0.01019561182510796,0.018657200365764452,0.010563138502335907,0.0021836601342771385,0.004367320268554277,0.0264394265052361,0.022269051271467537,0.019236050394133015,0.02286074201312427,0.02378085090212094,0.003521046167445302,0.014517645261053229,0.0126953125,0.010563138502335907,0.007873298582322802,0.008734640537108554,0.012352647110032733,0.010786485368346935,0.004367320268554277,0.013566839833447074,0.015776850020901866,0.01313830473347042,0.010918300671385692,0.158203125,1,1,0.0
19.140625,10.93103313446045,4.0,0.2787201404571533,2.3198604583740234,1.5625,39.45240783691406,9.143416404724121,4.296875,0.5040177702903748,0.07798448950052261,6377.0,165337.0,385039232.0,25.927082061767578,0.21726210415363312,1.6056969165802002,5.553716659545898,0.0,0.0,0.09748588502407074,952,1004,1003,1050,924,1049,1024,1098,1001,1159,1151,1099,905,880,983,971,799,872,953,984,985,1018,998,1084,832,812,840,908,859,895,1036,1212,1147,1310,1419,1320,1147,1167,1182,1038,893,989,1017,971,879,1111,1208,1326,1245,1150,1071,1019,1016,969,906,872,761,888,938,921,794,845,925,1035,873,847,957,957,781,861,872,825,714,828,910,1016,874,970,1000,1130,990,1115,1304,1278,1100,1180,1244,1210,1036,1081,1002,1040,830,906,841,955,748,907,1069,1113,955,952,1102,1257,1163,1280,1343,1370,1274,1328,1320,1294,1050,1119,1149,1130,1017,1024,1006,1082,970,968,985,936,878,1020,1133,1086,935,1083,1214,1165,1024,1143,1146,1128,871,744,726,797,779,872,1020,1035,874,863,874,905,761,828,846,955,943,1096,1278,1288,1199,1289,1288,1230,1050,1052,924,887,653,684,688,920,906,988,1111,1098,939,1001,1098,1151,1165,1375,1406,1403,1087,959,911,904,749,776,780,798,730,764,935,1024,953,1131,1117,953,887,936,968,1005,816,888,967,937,768,830,890,1035,871,953,1008,922,831,889,942,909,791,909,988,1113,1006,1161,1069,1052,940,1035,1194,1279,1215,1165,1258,1160,873,940,1016,968,860,879,925,1004,891,968,1051,1134,1100,1179,1178,1133,986,988,874,886,730,874,878,844,0.00341796875,0.10527416221921232,0.12041851178683878,0.09617033596961078,0.2959628900514348,0.030289184412638327,0.09073626823677045,0.18831710790547632,0.08098406185124195,0.03986002271866904,0.1730941535654372,0.37694933004890246,0.1757595472713538,0.03527810911755555,0.2191420175980707,0.14915853353878686,0.20071151056586867,0.1059243991369294,0.1284059003953777,0.11394019689836542,0.04325631755927754,0.20365250390356462,0.0324624416769427,0.11628887223909529,0.016630260122975003,0.04194674139631744,0.0537109375,0.09161488775680188,0.015440808887540914,0.0663200267435533,0.10966235967679527,0.036604814089826784,0.03259437357085671,0.0185803687406645,0.02315091717017519,0.08778748288269181,0.055586911995147294,0.0208765218031562,0.024647323172117114,0.020132351687586234,0.021836601342771385,0.03768316676088816,0.028588439781844624,0.02713367966689415,0.0380859375,0.020762003540497363,0.04463435500791578,0.030162978928672854,0.01179984958358845,0.0637688582707598,0.013982247132105814,0.0316291694154329,0.001953125,0.051248600638288774,0.005258950006967289,0.019384212149686726,0.0377211092106015,0.028854075591199527,0.022777155839239456,0.01760523083722651,0.025855863857175247,0.008400708268596315,0.019384212149686726,0.013028968812623373,0.2415329486492539,0.015254393898255184,0.015746597164645604,0.01800692276815017,0.013028968812623373,0.02580047815160724,0.024724587697601882,0.019457869965987574,0.013282686043686957,0.032033631771204545,0.014906579611790769,0.023212625632821705,0.0316291694154329,0.017820593350483065,0.020132351687586234,0.01242961138804478,0.009003461384075085,0.03152346170228315,0.01792730444402912,0.019186408891004394,0.01886055460530075,0.009618025197066508,0.006253051013118016,0.004979511243742954,0.0021836601342771385,0.021836601342771385,0.03317439013957623,0.009003461384075085,0.003521046167445302,0.029264304812054096,0.004367320268554277,0.010381001770248682,0.031387028671851946,0.005524271728019903,0.005524271728019903,0.013706707859002147,0.009003461384075085,0.007627196949127592,0.011759369705851851,0.015655487833868553,0.006253051013118016,0.005940197783494355,0.01727715430952552,0.0107421875,0.007873298582322802,0.007627196949127592,0.029877067462457725,0.01727715430952552,0.014218964627501012,0.02209708691207961,0.026294750034836445,0.009003461384075085,0.01800692276815017,0.0107421875,0.004026470337517247,0.0021836601342771385,0.007873298582322802,0.007627196949127592,0.0146484375,0.010918300671385692,0.010381001770248682,0.024158822025103478,0.010517900013934578,0.0048828125,0.166015625,1,1,0.0
19.921875,11.09995174407959,5.0,0.2783784866333008,2.2097220420837402,1.5625,34.76010513305664,9.331316947937012,4.296875,0.4967978298664093,0.07684498280286789,6192.0,148130.0,326742880.0,23.92280387878418,0.22482368350028992,1.64395272731781,5.128269195556641,2.0186982510495e-05,0.0,0.10245601087808609,1007,1007,1049,1007,938,955,952,970,952,1004,1003,1050,924,1049,1024,1098,1001,1159,1151,1099,905,880,983,971,799,872,953,984,985,1018,998,1084,832,812,840,908,859,895,1036,1212,1147,1310,1419,1320,1147,1167,1182,1038,893,989,1017,971,879,1111,1208,1326,1245,1150,1071,1019,1016,969,906,872,761,888,938,921,794,845,925,1035,873,847,957,957,781,861,872,825,714,828,910,1016,874,970,1000,1130,990,1115,1304,1278,1100,1180,1244,1210,1036,1081,1002,1040,830,906,841,955,748,907,1069,1113,955,952,1102,1257,1163,1280,1343,1370,1274,1328,1320,1294,1050,1119,1149,1130,1017,1024,1006,1082,970,968,985,936,878,1020,1133,1086,935,1083,1214,1165,1024,1143,1146,1128,871,744,726,797,779,872,1020,1035,874,863,874,905,761,828,846,955,943,1096,1278,1288,1199,1289,1288,1230,1050,1052,924,887,653,684,688,920,906,988,1111,1098,939,1001,1098,1151,1165,1375,1406,1403,1087,959,911,904,749,776,780,798,730,764,935,1024,953,1131,1117,953,887,936,968,1005,816,888,967,937,768,830,890,1035,871,953,1008,922,831,889,942,909,791,909,988,1113,1006,1161,1069,1052,940,1035,1194,1279,1215,1165,1258,1160,873,940,1016,968,860,879,925,1004,891,968,1051,1134,1100,1179,1178,1133,0.00244140625,0.09318883154753746,0.14172273909938388,0.08893155292671455,0.289790705430836,0.021945512748285382,0.11080434625687777,0.18459097933235769,0.06014388316469852,0.05899924791794225,0.1674341966417796,0.3823900032205187,0.15661882738765845,0.047461339375870576,0.23080988061339475,0.13106691215339508,0.18770842094574583,0.09550861132079023,0.11971556969314028,0.12779543289357814,0.028588439781844624,0.2073465501471152,0.029893023173855404,0.10445567411109799,0.015254393898255184,0.0492656181860525,0.043891025496570764,0.07910759043390092,0.013601941676937616,0.058267319883501166,0.10840283634092704,0.046394427813358216,0.03144773864864183,0.009959022487485907,0.02995676103550384,0.09600657408774883,0.04642525126564341,0.013879560940968648,0.019236050394133015,0.025409398107925172,0.027964494264211628,0.03936649291161401,0.03451288485756307,0.020531050821902968,0.03648738611771368,0.024724587697601882,0.04179870031061073,0.03014716609459596,0.00834375365753665,0.0663200267435533,0.013566839833447074,0.029700988917471777,0.0009765625,0.052734375,0.003088161777508183,0.019773883526676354,0.0361328125,0.029813159223581537,0.020899350155305366,0.017469281074217108,0.024647323172117114,0.009959022487485907,0.020132351687586234,0.01179984958358845,0.2428677756923025,0.0146484375,0.015440808887540914,0.0170549308560283,0.012236293052872722,0.024954945974962183,0.02489755621871477,0.019628663322501738,0.012079411012551739,0.03057124187987994,0.0146484375,0.023619895746968406,0.03304477405407936,0.019384212149686726,0.021417687694786434,0.011388577919619728,0.008400708268596315,0.0328276099882258,0.016630260122975003,0.017387200990981306,0.018528970665049098,0.007873298582322802,0.004979511243742954,0.006176323555016366,0.003521046167445302,0.021506558149946522,0.03406789754396955,0.01019561182510796,0.004367320268554277,0.026654968874914416,0.004367320268554277,0.011759369705851851,0.03430501576220761,0.00390625,0.004979511243742954,0.0126953125,0.0048828125,0.0029296875,0.007873298582322802,0.0126953125,0.0021836601342771385,0.008843149548962322,0.016572815184059706,0.006176323555016366,0.007873298582322802,0.011920464468489943,0.029749113694780893,0.014218964627501012,0.008052940675034493,0.019457869965987574,0.031081700122733494,0.016370170521718956,0.024433585943743757,0.009264485332524549,0.005859375,0.0041432037960149265,0.003521046167445302,0.0021836601342771385,0.008843149548962322,0.009765625,0.016716057391234072,0.017469281074217108,0.009765625,0.010918300671385692,0.158203125,1,1,0.0
19.140625,10.946081161499023,5.0,0.27568870782852173,2.2914249897003174,1.5625,36.729366302490234,9.196599006652832,4.296875,0.5042511820793152,0.07593990117311478,6047.0,150004.0,323658656.0,24.806350708007812,0.2200600951910019,1.7225010395050049,5.285518646240234,1.2917660114908358e-06,0.0,0.09190699458122253,926,1096,1225,1288,1110,1134,1096,1144,1007,1007,1049,1007,938,955,952,970,952,1004,1003,1050,924,1049,1024,1098,1001,1159,1151,1099,905,880,983,971,799,872,953,984,985,1018,998,1084,832,812,840,908,859,895,1036,1212,1147,1310,1419,1320,1147,1167,1182,1038,893,989,1017,971,879,1111,1208,1326,1245,1150,1071,1019,1016,969,906,872,761,888,938,921,794,845,925,1035,873,847,957,957,781,861,872,825,714,828,910,1016,874,970,1000,1130,990,1115,1304,1278,1100,1180,1244,1210,1036,1081,1002,1040,830,906,841,955,748,907,1069,1113,955,952,1102,1257,1163,1280,1343,1370,1274,1328,1320,1294,1050,1119,1149,1130,1017,1024,1006,1082,970,968,985,936,878,1020,1133,1086,935,1083,1214,1165,1024,1143,1146,1128,871,744,726,797,779,872,1020,1035,874,863,874,905,761,828,846,955,943,1096,1278,1288,1199,1289,1288,1230,1050,1052,924,887,653,684,688,920,906,988,1111,1098,939,1001,1098,1151,1165,1375,1406,1403,1087,959,911,904,749,776,780,798,730,764,935,1024,953,1131,1117,953,887,936,968,1005,816,888,967,937,768,830,890,1035,871,953,1008,922,831,889,942,909,791,909,988,1113,1006,1161,1069,1052,940,1035,1194,1279,1215,1165,1258,1160,873,940,1016,968,860,879,925,1004,0.00048828125,0.0856373487046631,0.15272201136819688,0.07958235442140366,0.2979524035238263,0.03423544559171505,0.10831042316468568,0.17327037010056034,0.06911551671570507,0.049506999436080376,0.1636026386225412,0.38345096828742836,0.16865152382002485,0.036604814089826784,0.21854281832158523,0.14184381217812309,0.20151290874923652,0.08887255306604262,0.10878923782526267,0.11946437186466738,0.03538607603904968,0.22370316510747354,0.020320949264340638,0.10310021304858716,0.028721564784868637,0.056892623686052766,0.03554741156875253,0.06543697487402717,0.020108652619115236,0.058283684810065524,0.09728934982993787,0.05277053158635272,0.045908825287277966,0.0107421875,0.022714264354712906,0.10001544833067118,0.057782469501902405,0.023047702580480365,0.031387028671851946,0.01284467425582608,0.016370170521718956,0.03712222228271135,0.026203921611325662,0.03149319432929121,0.03601384553630034,0.0185803687406645,0.050753072110102666,0.021506558149946522,0.014218964627501012,0.05866694646826402,0.021945512748285382,0.027981540589637505,0.007437278423695223,0.05022418308837418,0.003521046167445302,0.025633603024231812,0.03564118670096613,0.03477440198196261,0.0166015625,0.019628663322501738,0.020600608505594715,0.013101960805662831,0.022545696055889054,0.008400708268596315,0.24469663249739748,0.010918300671385692,0.01441877251975918,0.016105881350068987,0.011134525635733769,0.0244140625,0.025465634395322848,0.020716018980074635,0.010918300671385692,0.03032065370363286,0.01284467425582608,0.022482157096135425,0.03294360897154883,0.019186408891004394,0.020531050821902968,0.012352647110032733,0.007873298582322802,0.0325211441510678,0.0166875073150733,0.017686299097924643,0.017469281074217108,0.008052940675034493,0.006176323555016366,0.005940197783494355,0.003521046167445302,0.022651198251451565,0.03527810911755555,0.010517900013934578,0.004026470337517247,0.02627660946694084,0.006253051013118016,0.011920464468489943,0.034402177644157296,0.003088161777508183,0.0048828125,0.013282686043686957,0.00390625,0.003521046167445302,0.0068359375,0.01188039556698871,0.0,0.009814331661250869,0.0170549308560283,0.005524271728019903,0.009003461384075085,0.013706707859002147,0.029765137996344084,0.012732817197661424,0.006176323555016366,0.0205078125,0.03149319432929121,0.017953883116064683,0.02627660946694084,0.005694288959809864,0.007627196949127592,0.004979511243742954,0.0013810679320049757,0.005524271728019903,0.007627196949127592,0.005940197783494355,0.013566839833447074,0.019628663322501738,0.010381001770248682,0.0078125,0.1611328125,1,1,0.0
19.53125,10.969380378723145,5.0,0.27906057238578796,2.312023878097534,1.5625,36.435604095458984,9.22349739074707,4.296875,0.5032660365104675,0.07663371413946152,6158.0,154082.0,345901504.0,25.021434783935547,0.2176733762025833,1.6546250581741333,5.286369800567627,5.074474302091403e-06,0.0,0.09041768312454224,1005,1018,1113,1072,859,877,941,1017,926,1096,1225,1288,1110,1134,1096,1144,1007,1007,1049,1007,938,955,952,970,952,1004,1003,1050,924,1049,1024,1098,1001,1159,1151,1099,905,880,983,971,799,872,953,984,985,1018,998,1084,832,812,840,908,859,895,1036,1212,1147,1310,1419,1320,1147,1167,1182,1038,893,989,1017,971,879,1111,1208,1326,1245,1150,1071,1019,1016,969,906,872,761,888,938,921,794,845,925,1035,873,847,957,957,781,861,872,825,714,828,910,1016,874,970,1000,1130,990,1115,1304,1278,1100,1180,1244,1210,1036,1081,1002,1040,830,906,841,955,748,907,1069,1113,955,952,1102,1257,1163,1280,1343,1370,1274,1328,1320,1294,1050,1119,1149,1130,1017,1024,1006,1082,970,968,985,936,878,1020,1133,1086,935,1083,1214,1165,1024,1143,1146,1128,871,744,726,797,779,872,1020,1035,874,863,874,905,761,828,846,955,943,1096,1278,1288,1199,1289,1288,1230,1050,1052,924,887,653,684,688,920,906,988,1111,1098,939,1001,1098,1151,1165,1375,1406,1403,1087,959,911,904,749,776,780,798,730,764,935,1024,953,1131,1117,953,887,936,968,1005,816,888,967,937,768,830,890,1035,871,953,1008,922,831,889,942,909,791,909,988,1113,1006,1161,1069,1052,940,1035,1194,1279,1215,1165,1258,1160,0.001953125,0.07702472279965233,0.16096700749669607,0.0684708911834301,0.3083526055438856,0.043013116299893045,0.09867631311772757,0.17285432112911672,0.07818601133300038,0.042979845868487083,0.17444424255964147,0.37296250272967496,0.1681985392213363,0.03625138904935661,0.22187534385976876,0.13248537954603531,0.19122679725467676,0.09205105268963268,0.11640772466557538,0.12189831632933155,0.03515625,0.21632347314089215,0.016858082521125067,0.11254644494833149,0.03168941550700772,0.050413708981016825,0.0264394265052361,0.05821819750308156,0.028721564784868637,0.05597160109729336,0.09392277373862962,0.057559226673013185,0.0542673593337883,0.01886055460530075,0.01760523083722651,0.09658099444906089,0.06454922995961226,0.028588439781844624,0.031143005310746045,0.015746597164645604,0.019555648822754675,0.04306850990468739,0.0316291694154329,0.025781989809461104,0.03554741156875253,0.020320949264340638,0.04673236763283359,0.02777629424478104,0.015655487833868553,0.05635366424317777,0.022482157096135425,0.033260520245950005,0.010381001770248682,0.04606436099637014,0.007437278423695223,0.029361906989009586,0.03625138904935661,0.036604814089826784,0.013706707859002147,0.018528970665049098,0.018961413905222265,0.0126953125,0.021439939843847802,0.00966747552403483,0.24420311700204733,0.013282686043686957,0.013810679320049757,0.01800692276815017,0.009765625,0.023294649300540163,0.027010384152225255,0.022714264354712906,0.008843149548962322,0.02833714478231818,0.013101960805662831,0.026002982335340524,0.028721564784868637,0.0166015625,0.016630260122975003,0.0170549308560283,0.013566839833447074,0.02763861659782208,0.0208765218031562,0.010918300671385692,0.012732817197661424,0.010786485368346935,0.0087890625,0.010054326309557618,0.009003461384075085,0.017686299097924643,0.03066468450802262,0.013982247132105814,0.008843149548962322,0.031035641761856844,0.00390625,0.008052940675034493,0.028920103310470405,0.004979511243742954,0.0029296875,0.020716018980074635,0.004367320268554277,0.0065509804028314154,0.001953125,0.01188039556698871,0.0048828125,0.009264485332524549,0.010786485368346935,0.006253051013118016,0.009618025197066508,0.009003461384075085,0.028437929255002024,0.016716057391234072,0.009003461384075085,0.01589728573837862,0.03625138904935661,0.021683206358568866,0.03126525506559008,0.006176323555016366,0.012352647110032733,0.008286407592029853,0.004026470337517247,0.009212872199274027,0.011430371006562134,0.009618025197066508,0.013706707859002147,0.021506558149946522,0.006905339660024878,0.011759369705851851,0.1572265625,1,1,0.0
19.921875,11.028289794921875,5.0,0.2658517360687256,2.240689516067505,1.5625,36.42265701293945,9.310030937194824,4.296875,0.5076075196266174,0.07597129046916962,6052.0,147457.0,317965216.0,24.36500358581543,0.22654077410697937,1.5971686840057373,5.281580924987793,6.325069989543408e-05,0.0,0.09496933221817017,794,952,1065,1151,1024,999,1007,1086,1005,1018,1113,1072,859,877,941,1017,926,1096,1225,1288,1110,1134,1096,1144,1007,1007,1049,1007,938,955,952,970,952,1004,1003,1050,924,1049,1024,1098,1001,1159,1151,1099,905,880,983,971,799,872,953,984,985,1018,998,1084,832,812,840,908,859,895,1036,1212,1147,1310,1419,1320,1147,1167,1182,1038,893,989,1017,971,879,1111,1208,1326,1245,1150,1071,1019,1016,969,906,872,761,888,938,921,794,845,925,1035,873,847,957,957,781,861,872,825,714,828,910,1016,874,970,1000,1130,990,1115,1304,1278,1100,1180,1244,1210,1036,1081,1002,1040,830,906,841,955,748,907,1069,1113,955,952,1102,1257,1163,1280,1343,1370,1274,1328,1320,1294,1050,1119,1149,1130,1017,1024,1006,1082,970,968,985,936,878,1020,1133,1086,935,1083,1214,1165,1024,1143,1146,1128,871,744,726,797,779,872,1020,1035,874,863,874,905,761,828,846,955,943,1096,1278,1288,1199,1289,1288,1230,1050,1052,924,887,653,684,688,920,906,988,1111,1098,939,1001,1098,1151,1165,1375,1406,1403,1087,959,911,904,749,776,780,798,730,764,935,1024,953,1131,1117,953,887,936,968,1005,816,888,967,937,768,830,890,1035,871,953,1008,922,831,889,942,909,791,909,988,1113,1006,1161,1069,1052,0.00341796875,0.10841603179284433,0.14405538214520136,0.10368592271300697,0.2787192179700214,0.04809012598533254,0.12767224215159545,0.14187406430377017,0.09267058443345591,0.0285216442705278,0.17570527872179345,0.35938694146260747,0.1936895460751278,0.023940723969006372,0.2127046385122546,0.11193468260081552,0.17493830001882538,0.09485232469990687,0.13079376853541347,0.12896542202514982,0.04207160005573831,0.20972461263993947,0.0170549308560283,0.12448778109357385,0.04145504936873266,0.049449175395203764,0.01875915303935405,0.0505742475633752,0.034402177644157296,0.05784845007664018,0.08960991989808173,0.059626318447163075,0.05985778484657014,0.024954945974962183,0.012079411012551739,0.09037293204108808,0.06927401504284453,0.03304477405407936,0.02681548870653512,0.02458921545315268,0.029361906989009586,0.0439561618551832,0.03430501576220761,0.024647323172117114,0.04673236763283359,0.01441877251975918,0.05274341647027647,0.026240290708094537,0.024724587697601882,0.05027163154778809,0.0300838316420886,0.026672852116694654,0.013282686043686957,0.05469621861304862,0.006176323555016366,0.023940723969006372,0.0341098617120566,0.0318844291353799,0.018347943582085875,0.019652941208494246,0.02157297073669387,0.0126953125,0.022140203220223895,0.009212872199274027,0.24385530202395705,0.013028968812623373,0.011134525635733769,0.020132351687586234,0.006905339660024878,0.021126277004671814,0.03014716609459596,0.025559086578715626,0.004367320268554277,0.030649130520459405,0.017469281074217108,0.031988944051092184,0.0264394265052361,0.009618025197066508,0.010918300671385692,0.022798081113142094,0.017820593350483065,0.029442994983752607,0.016858082521125067,0.011759369705851851,0.018425744398548053,0.005694288959809864,0.004367320268554277,0.012079411012551739,0.0048828125,0.01760523083722651,0.031143005310746045,0.008734640537108554,0.005258950006967289,0.030586835475323877,0.006253051013118016,0.0078125,0.031988944051092184,0.003088161777508183,0.0021836601342771385,0.017953883116064683,0.0027621358640099515,0.003521046167445302,0.001953125,0.014938533731228863,0.0048828125,0.005859375,0.013282686043686957,0.009003461384075085,0.0048828125,0.010381001770248682,0.025465634395322848,0.013879560940968648,0.0021836601342771385,0.021439939843847802,0.03179457147675724,0.017820593350483065,0.025465634395322848,0.004367320268554277,0.005258950006967289,0.0029296875,0.0041432037960149265,0.0029296875,0.0065509804028314154,0.006253051013118016,0.0166875073150733,0.01680141653719263,0.013706707859002147,0.004367320268554277,0.1650390625,1,1,0.0
21.484375,11.054787635803223,5.0,0.27339407801628113,2.2043731212615967,1.5625,28.787649154663086,9.351688385009766,4.296875,0.49985143542289734,0.07544221729040146,5968.0,127082.0,268585984.0,21.293901443481445,0.22675447165966034,1.602547287940979,4.650656223297119,5.2355539992277045e-06,0.0,0.11814971268177032,926,782,782,766,728,824,989,956,794,952,1065,1151,1024,999,1007,1086,1005,1018,1113,1072,859,877,941,1017,926,1096,1225,1288,1110,1134,1096,1144,1007,1007,1049,1007,938,955,952,970,952,1004,1003,1050,924,1049,1024,1098,1001,1159,1151,1099,905,880,983,971,799,872,953,984,985,1018,998,1084,832,812,840,908,859,895,1036,1212,1147,1310,1419,1320,1147,1167,1182,1038,893,989,1017,971,879,1111,1208,1326,1245,1150,1071,1019,1016,969,906,872,761,888,938,921,794,845,925,1035,873,847,957,957,781,861,872,825,714,828,910,1016,874,970,1000,1130,990,1115,1304,1278,1100,1180,1244,1210,1036,1081,1002,1040,830,906,841,955,748,907,1069,1113,955,952,1102,1257,1163,1280,1343,1370,1274,1328,1320,1294,1050,1119,1149,1130,1017,1024,1006,1082,970,968,985,936,878,1020,1133,1086,935,1083,1214,1165,1024,1143,1146,1128,871,744,726,797,779,872,1020,1035,874,863,874,905,761,828,846,955,943,1096,1278,1288,1199,1289,1288,1230,1050,1052,924,887,653,684,688,920,906,988,1111,1098,939,1001,1098,1151,1165,1375,1406,1403,1087,959,911,904,749,776,780,798,730,764,935,1024,953,1131,1117,953,887,936,968,1005,816,888,967,937,768,830,890,1035,871,953,1008,922,831,889,942,909,0.00146484375,0.13493888884656094,0.14163186636943348,0.1275713612433161,0.27008618709944066,0.07800894700602157,0.1397713073974127,0.11608366849311884,0.1242999501210586,0.00966747552403483,0.20916911008504466,0.33010123809610004,0.17001165013504405,0.059833881570470274,0.24874946632519698,0.1281531326298036,0.19043970326224854,0.10289187813635137,0.10532850194868389,0.12354191094428492,0.022881590847382775,0.2035845912416154,0.051905008851243405,0.11766261110169846,0.04026470337517247,0.01242961138804478,0.023940723969006372,0.03549371454177001,0.07376764635945804,0.08189744481536135,0.05402076830445051,0.05267104125063203,0.0655461882599603,0.035907766232129365,0.029556144434417102,0.09916798652176644,0.04712862700005334,0.025202124805788945,0.04548098055544929,0.011134525635733769,0.020899350155305366,0.06118146526436361,0.051248600638288774,0.0078125,0.051794650805375465,0.023457836229422487,0.05669111435039059,0.0324624416769427,0.033673710253059895,0.049149334110006326,0.032122820709762745,0.020132351687586234,0.0065509804028314154,0.05045152872300582,0.0048828125,0.03126525506559008,0.03423544559171505,0.03819845159298427,0.011759369705851851,0.007109482313750506,0.03155370004180373,0.010381001770248682,0.0283875817456028,0.016630260122975003,0.2470162675573985,0.005940197783494355,0.0208765218031562,0.005859375,0.01760523083722651,0.031035641761856844,0.019773883526676354,0.02751758360079174,0.0146484375,0.01708286687942959,0.01242961138804478,0.04145504936873266,0.014517645261053229,0.01019561182510796,0.0009765625,0.0318844291353799,0.02458921545315268,0.0352916230460794,0.012732817197661424,0.01800692276815017,0.022482157096135425,0.004367320268554277,0.004979511243742954,0.008843149548962322,0.00834375365753665,0.01441877251975918,0.024647323172117114,0.011388577919619728,0.010918300671385692,0.0363433477850164,0.013706707859002147,0.010381001770248682,0.040618426451338716,0.0078125,0.009003461384075085,0.0146484375,0.010786485368346935,0.013810679320049757,0.01019561182510796,0.012236293052872722,0.0146484375,0.013810679320049757,0.007873298582322802,0.019749754312653012,0.009765625,0.011430371006562134,0.01760523083722651,0.0185546875,0.008286407592029853,0.03314563036811941,0.02231183527108567,0.008400708268596315,0.017578125,0.013601941676937616,0.008400708268596315,0.009959022487485907,0.004367320268554277,0.0087890625,0.008734640537108554,0.007042092334890604,0.014938533731228863,0.018657200365764452,0.012079411012551739,0.006253051013118016,0.1640625,1,1,0.0
20.703125,10.97522258758545,7.0,0.3120679259300232,1.834159255027771,5.46875,18.097665786743164,9.598954200744629,4.296875,0.4452032744884491,0.07783147692680359,6352.0,101065.0,247235552.0,15.910737037658691,0.2427287995815277,1.3231000900268555,3.7394630908966064,1.1068681487813592e-05,0.0,0.11590104550123215,716,840,1051,1152,1053,1273,1326,1247,926,782,782,766,728,824,989,956,794,952,1065,1151,1024,999,1007,1086,1005,1018,1113,1072,859,877,941,1017,926,1096,1225,1288,1110,1134,1096,1144,1007,1007,1049,1007,938,955,952,970,952,1004,1003,1050,924,1049,1024,1098,1001,1159,1151,1099,905,880,983,971,799,872,953,984,985,1018,998,1084,832,812,840,908,859,895,1036,1212,1147,1310,1419,1320,1147,1167,1182,1038,893,989,1017,971,879,1111,1208,1326,1245,1150,1071,1019,1016,969,906,872,761,888,938,921,794,845,925,1035,873,847,957,957,781,861,872,825,714,828,910,1016,874,970,1000,1130,990,1115,1304,1278,1100,1180,1244,1210,1036,1081,1002,1040,830,906,841,955,748,907,1069,1113,955,952,1102,1257,1163,1280,1343,1370,1274,1328,1320,1294,1050,1119,1149,1130,1017,1024,1006,1082,970,968,985,936,878,1020,1133,1086,935,1083,1214,1165,1024,1143,1146,1128,871,744,726,797,779,872,1020,1035,874,863,874,905,761,828,846,955,943,1096,1278,1288,1199,1289,1288,1230,1050,1052,924,887,653,684,688,920,906,988,1111,1098,939,1001,1098,1151,1165,1375,1406,1403,1087,959,911,904,749,776,780,798,730,764,935,1024,953,1131,1117,953,887,936,968,1005,816,888,967,937,768,830,890,1035,0.001953125,0.1111952674901546,0.13515427428107968,0.11530056361832376,0.261638572140349,0.05687585851000405,0.1551782088092842,0.11281304779342417,0.12524390267094843,0.040229160007902304,0.21683206358568866,0.3032647194305159,0.1917273494467571,0.09184361343399595,0.28385062025928715,0.13515427428107968,0.20000467294955926,0.13007357935938904,0.0944997687765855,0.13695919147466712,0.04789140560640324,0.18660778115946242,0.09269630839909598,0.152600194816415,0.08222865013680032,0.04961283514015835,0.04543902392239001,0.0078125,0.07670834721349798,0.10300304252797357,0.06545883212839411,0.027759121881937295,0.03648738611771368,0.005694288959809864,0.0244140625,0.0999582203372403,0.06944588553734776,0.030649130520459405,0.026672852116694654,0.01953125,0.0205078125,0.0439453125,0.036851488797096106,0.01589728573837862,0.04179870031061073,0.023212625632821705,0.0501956924839703,0.03221176270013797,0.030835260554388563,0.05011012347916992,0.029700988917471777,0.024158822025103478,0.007109482313750506,0.04664044506351388,0.010786485368346935,0.03538607603904968,0.024492062898407135,0.02847144479904932,0.023212625632821705,0.016630260122975003,0.03521046167445302,0.020108652619115236,0.033332125323976586,0.004979511243742954,0.2523937069599563,0.008286407592029853,0.018347943582085875,0.017953883116064683,0.010786485368346935,0.021417687694786434,0.026672852116694654,0.024472586105745445,0.005859375,0.027010384152225255,0.0126953125,0.03314563036811941,0.022482157096135425,0.011430371006562134,0.008052940675034493,0.024954945974962183,0.020716018980074635,0.028117539157984314,0.018165112536853784,0.009959022487485907,0.017469281074217108,0.008400708268596315,0.008286407592029853,0.016630260122975003,0.007873298582322802,0.01800692276815017,0.0324624416769427,0.006905339660024878,0.0021836601342771385,0.02458921545315268,0.0021836601342771385,0.010381001770248682,0.029133659941750583,0.004026470337517247,0.004367320268554277,0.01589728573837862,0.0021836601342771385,0.00390625,0.007437278423695223,0.005694288959809864,0.009765625,0.016630260122975003,0.0009765625,0.017469281074217108,0.012732817197661424,0.008734640537108554,0.013982247132105814,0.021836601342771385,0.010563138502335907,0.033332125323976586,0.021417687694786434,0.007873298582322802,0.01800692276815017,0.011920464468489943,0.005859375,0.008052940675034493,0.004979511243742954,0.006253051013118016,0.0041432037960149265,0.0029296875,0.01019561182510796,0.022482157096135425,0.007873298582322802,0.011388577919619728,0.1572265625,1,1,0.0
18.75,10.621668815612793,6.0,0.3425491452217102,2.0062689781188965,5.46875,17.075923919677734,9.269743919372559,4.296875,0.4387575685977936,0.07825916260480881,6422.0,96185.0,252489920.0,14.977421760559082,0.21869328618049622,1.1409169435501099,3.644200086593628,3.041258969460614e-05,0.0,0.10025802999734879,622,744,879,893,862,872,895,841,716,840,1051,1152,1053,1273,1326,1247,926,782,782,766,728,824,989,956,794,952,1065,1151,1024,999,1007,1086,1005,1018,1113,1072,859,877,941,1017,926,1096,1225,1288,1110,1134,1096,1144,1007,1007,1049,1007,938,955,952,970,952,1004,1003,1050,924,1049,1024,1098,1001,1159,1151,1099,905,880,983,971,799,872,953,984,985,1018,998,1084,832,812,840,908,859,895,1036,1212,1147,1310,1419,1320,1147,1167,1182,1038,893,989,1017,971,879,1111,1208,1326,1245,1150,1071,1019,1016,969,906,872,761,888,938,921,794,845,925,1035,873,847,957,957,781,861,872,825,714,828,910,1016,874,970,1000,1130,990,1115,1304,1278,1100,1180,1244,1210,1036,1081,1002,1040,830,906,841,955,748,907,1069,1113,955,952,1102,1257,1163,1280,1343,1370,1274,1328,1320,1294,1050,1119,1149,1130,1017,1024,1006,1082,970,968,985,936,878,1020,1133,1086,935,1083,1214,1165,1024,1143,1146,1128,871,744,726,797,779,872,1020,1035,874,863,874,905,761,828,846,955,943,1096,1278,1288,1199,1289,1288,1230,1050,1052,924,887,653,684,688,920,906,988,1111,1098,939,1001,1098,1151,1165,1375,1406,1403,1087,959,911,904,749,776,780,798,730,764,935,1024,953,1131,1117,953,887,936,968,1005,0.00146484375,0.12730570031623806,0.14874556847390447,0.1037227070769892,0.2780649184578183,0.04148954255126563,0.15254393898255184,0.12242526518917828,0.12659580122265918,0.05791435548118257,0.23033836685326417,0.28441450242892774,0.18480010084009102,0.10374109436787589,0.28999302559720214,0.14917132038266281,0.21100304609513526,0.11227071497029582,0.09082556268426892,0.13070624202424902,0.03521046167445302,0.20063309602653148,0.0833746489784824,0.13540453734240282,0.07825306885767823,0.04835710313726542,0.05996125559769044,0.025633603024231812,0.09433816152916658,0.11992251119538087,0.07241064418717433,0.025334222209126653,0.027759121881937295,0.015254393898255184,0.02638526579317636,0.08982782637419923,0.07101429282303845,0.023457836229422487,0.022545696055889054,0.011759369705851851,0.009003461384075085,0.05472236611766367,0.04752158226795484,0.009003461384075085,0.05198762364924283,0.01886055460530075,0.0567751634912056,0.025409398107925172,0.0244140625,0.052407843222651324,0.02777629424478104,0.02765586378614511,0.01019561182510796,0.0492656181860525,0.008734640537108554,0.03389952140177692,0.025465634395322848,0.030289184412638327,0.023518739411703703,0.017387200990981306,0.03798564519292329,0.023212625632821705,0.03500673501745102,0.0013810679320049757,0.2507408608685111,0.012506102026236032,0.01284467425582608,0.017686299097924643,0.007109482313750506,0.027964494264211628,0.024954945974962183,0.025465634395322848,0.011134525635733769,0.020967686087484266,0.0166875073150733,0.03829818662329605,0.024119314521930602,0.007873298582322802,0.013282686043686957,0.01875915303935405,0.017469281074217108,0.021836601342771385,0.025202124805788945,0.008734640537108554,0.02315091717017519,0.006905339660024878,0.004979511243742954,0.01179984958358845,0.004367320268554277,0.016370170521718956,0.029264304812054096,0.004026470337517247,0.0021836601342771385,0.025781989809461104,0.005940197783494355,0.01313830473347042,0.026654968874914416,0.006253051013118016,0.005258950006967289,0.0170549308560283,0.003088161777508183,0.004026470337517247,0.008400708268596315,0.0048828125,0.010054326309557618,0.015655487833868553,0.0021836601342771385,0.016630260122975003,0.010918300671385692,0.007109482313750506,0.013282686043686957,0.02298555135925746,0.01019561182510796,0.03340357690720131,0.021126277004671814,0.007437278423695223,0.013706707859002147,0.015625,0.010517900013934578,0.009212872199274027,0.0,0.0029296875,0.0065509804028314154,0.003521046167445302,0.01313830473347042,0.02580047815160724,0.008734640537108554,0.01528562093993997,0.15234375,1,1,0.0
16.015625,10.36851692199707,7.0,0.34207433462142944,2.081399440765381,5.46875,14.99379825592041,8.913798332214355,1.5625,0.44441044330596924,0.08002451807260513,6715.0,87490.0,264758000.0,13.02903938293457,0.21351520717144012,1.0172783136367798,3.438953161239624,5.7006574934348464e-05,-3.90625,0.09898749738931656,749,828,876,955,808,764,760,798,622,744,879,893,862,872,895,841,716,840,1051,1152,1053,1273,1326,1247,926,782,782,766,728,824,989,956,794,952,1065,1151,1024,999,1007,1086,1005,1018,1113,1072,859,877,941,1017,926,1096,1225,1288,1110,1134,1096,1144,1007,1007,1049,1007,938,955,952,970,952,1004,1003,1050,924,1049,1024,1098,1001,1159,1151,1099,905,880,983,971,799,872,953,984,985,1018,998,1084,832,812,840,908,859,895,1036,1212,1147,1310,1419,1320,1147,1167,1182,1038,893,989,1017,971,879,1111,1208,1326,1245,1150,1071,1019,1016,969,906,872,761,888,938,921,794,845,925,1035,873,847,957,957,781,861,872,825,714,828,910,1016,874,970,1000,1130,990,1115,1304,1278,1100,1180,1244,1210,1036,1081,1002,1040,830,906,841,955,748,907,1069,1113,955,952,1102,1257,1163,1280,1343,1370,1274,1328,1320,1294,1050,1119,1149,1130,1017,1024,1006,1082,970,968,985,936,878,1020,1133,1086,935,1083,1214,1165,1024,1143,1146,1128,871,744,726,797,779,872,1020,1035,874,863,874,905,761,828,846,955,943,1096,1278,1288,1199,1289,1288,1230,1050,1052,924,887,653,684,688,920,906,988,1111,1098,939,1001,1098,1151,1165,1375,1406,1403,1087,959,911,904,749,776,780,798,730,764,935,1024,0.00146484375,0.1633926522628131,0.18702382977265766,0.07368356589702199,0.30753657177798716,0.005940197783494355,0.17679827316614619,0.12143977778679542,0.15845911484247335,0.0794864286918931,0.25891248530889377,0.2819983803993412,0.15584970697614667,0.082546974449235,0.26236656067075914,0.12675766202803088,0.18573438305107454,0.13126685624645745,0.10719969921923901,0.1284467425582608,0.05022418308837418,0.19005622433428251,0.08997103754907047,0.14511731893500104,0.07383871658482785,0.04005097002814429,0.05200596467068105,0.025465634395322848,0.09810930065742127,0.12454522373960254,0.07075193627609358,0.024705294220065465,0.02713367966689415,0.025012204052472065,0.027010384152225255,0.07803339355848819,0.060829732431239986,0.009212872199274027,0.03712222228271135,0.005258950006967289,0.022140203220223895,0.058267319883501166,0.04324529262789947,0.02568934851165216,0.04207160005573831,0.023047702580480365,0.03911129764550935,0.0439561618551832,0.04203758447271657,0.04501730692037543,0.037057941330098196,0.020108652619115236,0.010918300671385692,0.031081700122733494,0.026939676219011176,0.04447381850287383,0.013101960805662831,0.014778072217208551,0.031158312760827766,0.025465634395322848,0.022482157096135425,0.009212872199274027,0.02489755621871477,0.013982247132105814,0.2527203374675781,0.0048828125,0.0235996991671769,0.018347943582085875,0.014938533731228863,0.017304731588544287,0.029749113694780893,0.020531050821902968,0.009959022487485907,0.024647323172117114,0.009814331661250869,0.03758179961893331,0.01878455474772592,0.0048828125,0.009959022487485907,0.019652941208494246,0.013282686043686957,0.024472586105745445,0.025409398107925172,0.005258950006967289,0.022651198251451565,0.009959022487485907,0.007627196949127592,0.012732817197661424,0.0021836601342771385,0.01800692276815017,0.029700988917471777,0.005940197783494355,0.0027621358640099515,0.026868782211323446,0.005524271728019903,0.012732817197661424,0.02681548870653512,0.006253051013118016,0.005694288959809864,0.015440808887540914,0.003521046167445302,0.005258950006967289,0.0068359375,0.007627196949127592,0.008052940675034493,0.01179984958358845,0.0065509804028314154,0.013810679320049757,0.013282686043686957,0.005258950006967289,0.009765625,0.02751758360079174,0.01528562093993997,0.038397662600268556,0.01760523083722651,0.0041432037960149265,0.018961413905222265,0.011134525635733769,0.00834375365753665,0.0041432037960149265,0.005258950006967289,0.005940197783494355,0.0009765625,0.0013810679320049757,0.009003461384075085,0.024158822025103478,0.006905339660024878,0.011134525635733769,0.158203125,1,1,0.0
17.1875,10.699746131896973,5.0,0.3010781705379486,2.2134785652160645,4.296875,15.678269386291504,8.898151397705078,1.5625,0.48142486810684204,0.0803871676325798,6776.0,97585.0,268869984.0,14.401564598083496,0.21749696135520935,1.228395938873291,3.478746175765991,1.0375883903179783e-05,0.0,0.09709424525499344,1051,1211,1326,1200,1001,990,960,941,749,828,876,955,808,764,760,798,622,744,879,893,862,872,895,841,716,840,1051,1152,1053,1273,1326,1247,926,782,782,766,728,824,989,956,794,952,1065,1151,1024,999,1007,1086,1005,1018,1113,1072,859,877,941,1017,926,1096,1225,1288,1110,1134,1096,1144,1007,1007,1049,1007,938,955,952,970,952,1004,1003,1050,924,1049,1024,1098,1001,1159,1151,1099,905,880,983,971,799,872,953,984,985,1018,998,1084,832,812,840,908,859,895,1036,1212,1147,1310,1419,1320,1147,1167,1182,1038,893,989,1017,971,879,1111,1208,1326,1245,1150,1071,1019,1016,969,906,872,761,888,938,921,794,845,925,1035,873,847,957,957,781,861,872,825,714,828,910,1016,874,970,1000,1130,990,1115,1304,1278,1100,1180,1244,1210,1036,1081,1002,1040,830,906,841,955,748,907,1069,1113,955,952,1102,1257,1163,1280,1343,1370,1274,1328,1320,1294,1050,1119,1149,1130,1017,1024,1006,1082,970,968,985,936,878,1020,1133,1086,935,1083,1214,1165,1024,1143,1146,1128,871,744,726,797,779,872,1020,1035,874,863,874,905,761,828,846,955,943,1096,1278,1288,1199,1289,1288,1230,1050,1052,924,887,653,684,688,920,906,988,1111,1098,939,1001,1098,1151,1165,1375,1406,1403,1087,959,911,904,0.00341796875,0.10489754173809467,0.11404059212768071,0.14818672278436523,0.3074947052786666,0.07032606206011263,0.11643639500616312,0.19077992631732651,0.1547350877716341,0.14275860794222378,0.3169423024711329,0.23429767604689672,0.09665995695132515,0.09351064007442632,0.20485711677522223,0.09095147618652384,0.1275713612433161,0.1852330816988803,0.13716792842490153,0.16367257420793369,0.0777456610839654,0.142256701051798,0.06952823246612329,0.12849128283905098,0.034678283016727936,0.028721564784868637,0.08103115245667576,0.05985778484657014,0.12351488995076983,0.14355136582041375,0.09867631311772757,0.04973762335252673,0.049890780368925004,0.027238917345666705,0.008843149548962322,0.0879123237103664,0.06207128352371369,0.02417855156863271,0.025633603024231812,0.0087890625,0.014084184669781208,0.05715185503281067,0.047701854460233645,0.022482157096135425,0.045908825287277966,0.019918044974971814,0.0380859375,0.04463435500791578,0.04296875,0.04416179318201177,0.038098455474865546,0.021417687694786434,0.011759369705851851,0.031035641761856844,0.026868782211323446,0.04203758447271657,0.013982247132105814,0.017304731588544287,0.029313146523053973,0.02378085090212094,0.023478154844084585,0.010054326309557618,0.025012204052472065,0.013671875,0.2527203374675781,0.0048828125,0.023478154844084585,0.0185803687406645,0.013282686043686957,0.020132351687586234,0.02833714478231818,0.023457836229422487,0.005940197783494355,0.027238917345666705,0.013706707859002147,0.03234471711265468,0.018961413905222265,0.011134525635733769,0.004367320268554277,0.02652944864688696,0.011430371006562134,0.029700988917471777,0.029523860269201122,0.006253051013118016,0.0285216442705278,0.016016815885602272,0.011048543456039806,0.0041432037960149265,0.009765625,0.009264485332524549,0.023619895746968406,0.004979511243742954,0.007627196949127592,0.020531050821902968,0.0027621358640099515,0.005859375,0.033673710253059895,0.0021836601342771385,0.0013810679320049757,0.019186408891004394,0.0027621358640099515,0.001953125,0.009264485332524549,0.00390625,0.010563138502335907,0.014517645261053229,0.004979511243742954,0.013982247132105814,0.011134525635733769,0.00390625,0.009212872199274027,0.0283875817456028,0.0166015625,0.038098455474865546,0.017953883116064683,0.005859375,0.017686299097924643,0.013282686043686957,0.009003461384075085,0.0068359375,0.003521046167445302,0.0021836601342771385,0.004026470337517247,0.0048828125,0.0048828125,0.027361183058831836,0.005940197783494355,0.009765625,0.1630859375,1,1,0.0
18.359375,10.616562843322754,5.0,0.24775885045528412,2.013052463531494,1.5625,21.31768226623535,9.01632308959961,3.90625,0.5025803446769714,0.07988137751817703,6691.0,107234.0,275718176.0,16.02660369873047,0.24966081976890564,1.0662623643875122,4.035345554351807,1.0508101695450023e-05,0.0,0.09604325890541077,811,904,967,951,815,911,1071,1149,1051,1211,1326,1200,1001,990,960,941,749,828,876,955,808,764,760,798,622,744,879,893,862,872,895,841,716,840,1051,1152,1053,1273,1326,1247,926,782,782,766,728,824,989,956,794,952,1065,1151,1024,999,1007,1086,1005,1018,1113,1072,859,877,941,1017,926,1096,1225,1288,1110,1134,1096,1144,1007,1007,1049,1007,938,955,952,970,952,1004,1003,1050,924,1049,1024,1098,1001,1159,1151,1099,905,880,983,971,799,872,953,984,985,1018,998,1084,832,812,840,908,859,895,1036,1212,1147,1310,1419,1320,1147,1167,1182,1038,893,989,1017,971,879,1111,1208,1326,1245,1150,1071,1019,1016,969,906,872,761,888,938,921,794,845,925,1035,873,847,957,957,781,861,872,825,714,828,910,1016,874,970,1000,1130,990,1115,1304,1278,1100,1180,1244,1210,1036,1081,1002,1040,830,906,841,955,748,907,1069,1113,955,952,1102,1257,1163,1280,1343,1370,1274,1328,1320,1294,1050,1119,1149,1130,1017,1024,1006,1082,970,968,985,936,878,1020,1133,1086,935,1083,1214,1165,1024,1143,1146,1128,871,744,726,797,779,872,1020,1035,874,863,874,905,761,828,846,955,943,1096,1278,1288,1199,1289,1288,1230,1050,1052,924,887,653,684,688,920,906,988,1111,1098,939,1001,1098,1151,0.00341796875,0.14511731893500104,0.1671177798917788,0.09751943541265569,0.2593357286252736,0.07182881073606755,0.1063556818740519,0.1865847821244009,0.09628926058549604,0.15552811759076918,0.3246567307139212,0.17418163229178912,0.09302494690710827,0.14528480183769923,0.16532773385769106,0.08633607853632946,0.07417376309280564,0.23973565166287358,0.1562805145984747,0.21742062578243354,0.08993923255041603,0.1410346950834622,0.02039122365021592,0.08222865013680032,0.07168926621965997,0.0701019525579809,0.08987028310651153,0.0386328914938525,0.08332888273434312,0.10859181793470114,0.06262956540946861,0.015254393898255184,0.019186408891004394,0.03625138904935661,0.033673710253059895,0.06247710762391919,0.0439561618551832,0.015746597164645604,0.047138743695887386,0.023518739411703703,0.029556144434417102,0.040794137840244965,0.03803582440263759,0.012506102026236032,0.049042498162069216,0.016016815885602272,0.04631213164601319,0.03798564519292329,0.03813598474563796,0.040653629485348924,0.03902586172400017,0.0166015625,0.00834375365753665,0.031158312760827766,0.027010384152225255,0.04961283514015835,0.006253051013118016,0.007873298582322802,0.03521046167445302,0.029361906989009586,0.017953883116064683,0.005258950006967289,0.033673710253059895,0.015440808887540914,0.25892353522753886,0.013706707859002147,0.012732817197661424,0.0146484375,0.0146484375,0.024119314521930602,0.022545696055889054,0.03102027377786834,0.006905339660024878,0.03340357690720131,0.006176323555016366,0.03813598474563796,0.013706707859002147,0.005940197783494355,0.009814331661250869,0.02157297073669387,0.010786485368346935,0.02627660946694084,0.0285216442705278,0.0048828125,0.027361183058831836,0.013810679320049757,0.009212872199274027,0.0065509804028314154,0.007873298582322802,0.010786485368346935,0.02489755621871477,0.0029296875,0.0048828125,0.022269051271467537,0.0009765625,0.0087890625,0.03032065370363286,0.0021836601342771385,0.0021836601342771385,0.01727715430952552,0.0009765625,0.001953125,0.006905339660024878,0.006905339660024878,0.009003461384075085,0.014517645261053229,0.004026470337517247,0.014218964627501012,0.011759369705851851,0.006253051013118016,0.009765625,0.025781989809461104,0.013101960805662831,0.03554741156875253,0.021126277004671814,0.004026470337517247,0.01528562093993997,0.016253239235442616,0.012732817197661424,0.004367320268554277,0.009003461384075085,0.00966747552403483,0.004026470337517247,0.005940197783494355,0.009765625,0.020600608505594715,0.009212872199274027,0.01179984958358845,0.1552734375,1,1,0.0
21.484375,10.978378295898438,5.0,0.313137948513031,1.9912834167480469,1.5625,20.227514266967773,9.325114250183105,3.90625,0.45724084973335266,0.07750609517097473,6299.0,107600.0,244820224.0,17.082077026367188,0.22962118685245514,1.4856748580932617,3.8921523094177246,1.1160866961290594e-05,0.0,0.09940727055072784,1167,1184,1198,1208,1055,1162,1049,970,811,904,967,951,815,911,1071,1149,1051,1211,1326,1200,1001,990,960,941,749,828,876,955,808,764,760,798,622,744,879,893,862,872,895,841,716,840,1051,1152,1053,1273,1326,1247,926,782,782,766,728,824,989,956,794,952,1065,1151,1024,999,1007,1086,1005,1018,1113,1072,859,877,941,1017,926,1096,1225,1288,1110,1134,1096,1144,1007,1007,1049,1007,938,955,952,970,952,1004,1003,1050,924,1049,1024,1098,1001,1159,1151,1099,905,880,983,971,799,872,953,984,985,1018,998,1084,832,812,840,908,859,895,1036,1212,1147,1310,1419,1320,1147,1167,1182,1038,893,989,1017,971,879,1111,1208,1326,1245,1150,1071,1019,1016,969,906,872,761,888,938,921,794,845,925,1035,873,847,957,957,781,861,872,825,714,828,910,1016,874,970,1000,1130,990,1115,1304,1278,1100,1180,1244,1210,1036,1081,1002,1040,830,906,841,955,748,907,1069,1113,955,952,1102,1257,1163,1280,1343,1370,1274,1328,1320,1294,1050,1119,1149,1130,1017,1024,1006,1082,970,968,985,936,878,1020,1133,1086,935,1083,1214,1165,1024,1143,1146,1128,871,744,726,797,779,872,1020,1035,874,863,874,905,761,828,846,955,943,1096,1278,1288,1199,1289,1288,1230,1050,1052,924,887,653,684,688,920,0.00244140625,0.12477472987481092,0.14656573261526987,0.10871031289121677,0.2960981947431895,0.03625138904935661,0.13879560940968647,0.15199905917227846,0.08478677371542281,0.13216827324896577,0.29904187106392655,0.15505524665938125,0.1188039556698871,0.17497918141374036,0.15530107360193637,0.09826470604247123,0.05414420420167622,0.26220293947575524,0.15615842042780725,0.23193102383444636,0.08035157199501645,0.1623122083847135,0.02652944864688696,0.09427748739177477,0.07305966841510972,0.05694288959809864,0.07803339355848819,0.03954776705335271,0.09536371574791955,0.1170449979929761,0.07297477223542737,0.01878455474772592,0.016572815184059706,0.031204190055996988,0.04102724909687501,0.058267319883501166,0.04225255400934363,0.022545696055889054,0.05603971381017021,0.03385729652999944,0.03389952140177692,0.03922087036723282,0.04981426072209707,0.011134525635733769,0.05694288959809864,0.01680141653719263,0.03180956538066861,0.05079063915603845,0.04737083138919884,0.057691622998991915,0.024492062898407135,0.02376079113397742,0.01019561182510796,0.03911129764550935,0.03869455616437295,0.06420109341364688,0.01528562093993997,0.014874556847390447,0.030649130520459405,0.018657200365764452,0.03192926313334339,0.016716057391234072,0.031035641761856844,0.009264485332524549,0.25218958441382233,0.007042092334890604,0.021836601342771385,0.020899350155305366,0.008052940675034493,0.027621358640099514,0.01760523083722651,0.034402177644157296,0.007109482313750506,0.03618556115947052,0.005940197783494355,0.04005097002814429,0.014084184669781208,0.005859375,0.006905339660024878,0.025353037081537442,0.01019561182510796,0.0283203125,0.03460946317708857,0.011759369705851851,0.03144773864864183,0.007627196949127592,0.0021836601342771385,0.013028968812623373,0.003088161777508183,0.020132351687586234,0.023940723969006372,0.005940197783494355,0.011759369705851851,0.013982247132105814,0.008400708268596315,0.006905339660024878,0.037378240642587185,0.0048828125,0.005524271728019903,0.02378085090212094,0.0048828125,0.005694288959809864,0.008052940675034493,0.009003461384075085,0.005258950006967289,0.01441877251975918,0.0029296875,0.01589728573837862,0.010918300671385692,0.005258950006967289,0.007437278423695223,0.025947910655442233,0.01242961138804478,0.03144773864864183,0.025202124805788945,0.009264485332524549,0.013810679320049757,0.020531050821902968,0.016858082521125067,0.006905339660024878,0.014778072217208551,0.013982247132105814,0.0087890625,0.005940197783494355,0.012236293052872722,0.03155370004180373,0.003521046167445302,0.013282686043686957,0.1669921875,1,1,0.0
22.65625,11.041141510009766,5.0,0.3137606680393219,1.8242169618606567,3.90625,21.887269973754883,9.426156044006348,1.5625,0.44325539469718933,0.07748763263225555,6296.0,107897.0,271668960.0,17.137388229370117,0.24298392236232758,1.1285706758499146,4.1697998046875,0.0,-2.34375,0.10361494868993759,1054,1054,1176,1160,942,1040,1207,1244,1167,1184,1198,1208,1055,1162,1049,970,811,904,967,951,815,911,1071,1149,1051,1211,1326,1200,1001,990,960,941,749,828,876,955,808,764,760,798,622,744,879,893,862,872,895,841,716,840,1051,1152,1053,1273,1326,1247,926,782,782,766,728,824,989,956,794,952,1065,1151,1024,999,1007,1086,1005,1018,1113,1072,859,877,941,1017,926,1096,1225,1288,1110,1134,1096,1144,1007,1007,1049,1007,938,955,952,970,952,1004,1003,1050,924,1049,1024,1098,1001,1159,1151,1099,905,880,983,971,799,872,953,984,985,1018,998,1084,832,812,840,908,859,895,1036,1212,1147,1310,1419,1320,1147,1167,1182,1038,893,989,1017,971,879,1111,1208,1326,1245,1150,1071,1019,1016,969,906,872,761,888,938,921,794,845,925,1035,873,847,957,957,781,861,872,825,714,828,910,1016,874,970,1000,1130,990,1115,1304,1278,1100,1180,1244,1210,1036,1081,1002,1040,830,906,841,955,748,907,1069,1113,955,952,1102,1257,1163,1280,1343,1370,1274,1328,1320,1294,1050,1119,1149,1130,1017,1024,1006,1082,970,968,985,936,878,1020,1133,1086,935,1083,1214,1165,1024,1143,1146,1128,871,744,726,797,779,872,1020,1035,874,863,874,905,761,828,846,955,943,1096,1278,1288,1199,1289,1288,1230,0.0009765625,0.11895236791472262,0.14116986997918998,0.1262299111879416,0.3407531497219214,0.022482157096135425,0.18691416454412052,0.12004968250491647,0.04794116292434991,0.15490140671014338,0.3197522730384903,0.10966235967679527,0.11476167613611397,0.18711304471871076,0.11211771119921589,0.05991352207100768,0.09542869614200584,0.23247315938926322,0.11916463641235625,0.19275918925307792,0.06666425064795317,0.14149039278339715,0.04642525126564341,0.09728934982993787,0.05651420428214956,0.07639690318596853,0.11007033440316696,0.054661335817017695,0.0703125,0.09176050642597164,0.045908825287277966,0.012079411012551739,0.02315091717017519,0.05021468801633766,0.03549371454177001,0.058267319883501166,0.03742923417331406,0.024492062898407135,0.04026470337517247,0.02157297073669387,0.021506558149946522,0.04789140560640324,0.04463435500791578,0.016572815184059706,0.0471993983343538,0.019628663322501738,0.03819845159298427,0.04377135709182611,0.03908690643787012,0.05201513275619443,0.032241355506287456,0.016164985700436375,0.010918300671385692,0.03149319432929121,0.03803582440263759,0.05531172757229022,0.014218964627501012,0.014778072217208551,0.027964494264211628,0.023478154844084585,0.019749754312653012,0.0027621358640099515,0.031988944051092184,0.01800692276815017,0.263116095385438,0.01760523083722651,0.007437278423695223,0.009003461384075085,0.02315091717017519,0.013982247132105814,0.0341796875,0.01875915303935405,0.012732817197661424,0.02315091717017519,0.019652941208494246,0.024158822025103478,0.02003738723504218,0.019773883526676354,0.01760523083722651,0.020531050821902968,0.008843149548962322,0.014517645261053229,0.026565372087373914,0.007437278423695223,0.017578125,0.018165112536853784,0.0146484375,0.007873298582322802,0.010786485368346935,0.007873298582322802,0.02713367966689415,0.0048828125,0.001953125,0.023212625632821705,0.00390625,0.011759369705851851,0.029749113694780893,0.004367320268554277,0.004026470337517247,0.020600608505594715,0.004026470337517247,0.001953125,0.009212872199274027,0.0029296875,0.01179984958358845,0.01242961138804478,0.009003461384075085,0.009814331661250869,0.018347943582085875,0.011759369705851851,0.010563138502335907,0.0185803687406645,0.004026470337517247,0.03088161777508183,0.023047702580480365,0.008400708268596315,0.023619895746968406,0.011134525635733769,0.006905339660024878,0.006905339660024878,0.003521046167445302,0.001953125,0.004979511243742954,0.007042092334890604,0.004367320268554277,0.02039122365021592,0.01171875,0.011134525635733769,0.1533203125,1,1,0.0
23.4375,10.990639686584473,5.0,0.27653977274894714,1.9814234972000122,3.90625,27.081144332885742,9.211958885192871,1.5625,0.4808042645454407,0.07597129046916962,6052.0,118666.0,277744864.0,19.60773277282715,0.24265597760677338,1.181343913078308,4.65178918838501,4.647098103305325e-05,0.0,0.10534404963254929,1114,1182,1144,1198,1051,1082,1102,1228,1054,1054,1176,1160,942,1040,1207,1244,1167,1184,1198,1208,1055,1162,1049,970,811,904,967,951,815,911,1071,1149,1051,1211,1326,1200,1001,990,960,941,749,828,876,955,808,764,760,798,622,744,879,893,862,872,895,841,716,840,1051,1152,1053,1273,1326,1247,926,782,782,766,728,824,989,956,794,952,1065,1151,1024,999,1007,1086,1005,1018,1113,1072,859,877,941,1017,926,1096,1225,1288,1110,1134,1096,1144,1007,1007,1049,1007,938,955,952,970,952,1004,1003,1050,924,1049,1024,1098,1001,1159,1151,1099,905,880,983,971,799,872,953,984,985,1018,998,1084,832,812,840,908,859,895,1036,1212,1147,1310,1419,1320,1147,1167,1182,1038,893,989,1017,971,879,1111,1208,1326,1245,1150,1071,1019,1016,969,906,872,761,888,938,921,794,845,925,1035,873,847,957,957,781,861,872,825,714,828,910,1016,874,970,1000,1130,990,1115,1304,1278,1100,1180,1244,1210,1036,1081,1002,1040,830,906,841,955,748,907,1069,1113,955,952,1102,1257,1163,1280,1343,1370,1274,1328,1320,1294,1050,1119,1149,1130,1017,1024,1006,1082,970,968,985,936,878,1020,1133,1086,935,1083,1214,1165,1024,1143,1146,1128,871,744,726,797,779,872,1020,1035,874,863,874,905,761,828,846,955,0.0009765625,0.11864330116005813,0.14031269574735789,0.12112918458369212,0.33114685756016565,0.012236293052872722,0.1760523083722651,0.1192846209734568,0.06481462307048874,0.13626109226816466,0.29843852257678216,0.10626148834949566,0.13804117688614975,0.21146580975724907,0.09134383719900474,0.06448271101257491,0.1183576023485243,0.22140203220223895,0.0944997687765855,0.16227695122513788,0.08291584979346625,0.11430371006562134,0.05715185503281067,0.07527136981462162,0.08407516894543314,0.09672406651886237,0.09865214847597482,0.027413415718004295,0.08167005674630888,0.11759775194367889,0.0720541669753778,0.0166875073150733,0.007627196949127592,0.04576318169476555,0.05378191333208736,0.03941491420041126,0.020108652619115236,0.04089920232689829,0.036812650048771024,0.022798081113142094,0.010918300671385692,0.05590340539594418,0.0380859375,0.016630260122975003,0.049042498162069216,0.013879560940968648,0.03712222228271135,0.04894517221149089,0.04416179318201177,0.058070581044212914,0.03340357690720131,0.011388577919619728,0.018165112536853784,0.021945512748285382,0.03539954875076535,0.04428040644044779,0.009264485332524549,0.0048828125,0.04014610310760638,0.029700988917471777,0.027621358640099514,0.016253239235442616,0.030649130520459405,0.01242961138804478,0.2586637373427386,0.01824369305885684,0.015746597164645604,0.021035800027869155,0.027621358640099514,0.022269051271467537,0.04107371258752557,0.015746597164645604,0.022545696055889054,0.01708286687942959,0.02833714478231818,0.016164985700436375,0.023212625632821705,0.023212625632821705,0.022482157096135425,0.015746597164645604,0.011430371006562134,0.015655487833868553,0.02568934851165216,0.006253051013118016,0.01800692276815017,0.01824369305885684,0.016164985700436375,0.005694288959809864,0.012732817197661424,0.007873298582322802,0.029877067462457725,0.0048828125,0.0048828125,0.020531050821902968,0.006176323555016366,0.00834375365753665,0.033969779552590014,0.0009765625,0.0013810679320049757,0.015746597164645604,0.003521046167445302,0.004026470337517247,0.011920464468489943,0.0021836601342771385,0.016370170521718956,0.009003461384075085,0.010381001770248682,0.01313830473347042,0.015746597164645604,0.009003461384075085,0.008052940675034493,0.023212625632821705,0.0048828125,0.026294750034836445,0.02995676103550384,0.01441877251975918,0.030414866215619993,0.009765625,0.004367320268554277,0.013671875,0.005258950006967289,0.007873298582322802,0.008052940675034493,0.010517900013934578,0.013706707859002147,0.022798081113142094,0.004026470337517247,0.014517645261053229,0.1640625,1,1,0.0
25.0,11.364127159118652,5.0,0.27595341205596924,1.8513500690460205,3.90625,24.55340003967285,9.486117362976074,1.5625,0.47011542320251465,0.07546117901802063,5971.0,111194.0,246079280.0,18.62234115600586,0.2539311349391937,1.311853289604187,4.3881144523620605,2.0931231119902804e-05,0.0,0.11126585304737091,1003,992,1146,1134,975,1085,1162,1211,1114,1182,1144,1198,1051,1082,1102,1228,1054,1054,1176,1160,942,1040,1207,1244,1167,1184,1198,1208,1055,1162,1049,970,811,904,967,951,815,911,1071,1149,1051,1211,1326,1200,1001,990,960,941,749,828,876,955,808,764,760,798,622,744,879,893,862,872,895,841,716,840,1051,1152,1053,1273,1326,1247,926,782,782,766,728,824,989,956,794,952,1065,1151,1024,999,1007,1086,1005,1018,1113,1072,859,877,941,1017,926,1096,1225,1288,1110,1134,1096,1144,1007,1007,1049,1007,938,955,952,970,952,1004,1003,1050,924,1049,1024,1098,1001,1159,1151,1099,905,880,983,971,799,872,953,984,985,1018,998,1084,832,812,840,908,859,895,1036,1212,1147,1310,1419,1320,1147,1167,1182,1038,893,989,1017,971,879,1111,1208,1326,1245,1150,1071,1019,1016,969,906,872,761,888,938,921,794,845,925,1035,873,847,957,957,781,861,872,825,714,828,910,1016,874,970,1000,1130,990,1115,1304,1278,1100,1180,1244,1210,1036,1081,1002,1040,830,906,841,955,748,907,1069,1113,955,952,1102,1257,1163,1280,1343,1370,1274,1328,1320,1294,1050,1119,1149,1130,1017,1024,1006,1082,970,968,985,936,878,1020,1133,1086,935,1083,1214,1165,1024,1143,1146,1128,871,744,726,797,779,872,1020,1035,0.00244140625,0.14680953494504792,0.1809673341390391,0.09334732041683846,0.3073923409415584,0.05539786954563607,0.13234133451344965,0.15812473945445432,0.10322501216859716,0.0939988964908839,0.25574193690800306,0.11200282120557416,0.17746857270885008,0.2494443440407615,0.05504383074625763,0.06149242770090299,0.15054273962924325,0.18823353016251224,0.10915243119080437,0.16078027248548812,0.10374109436787589,0.1092092074917521,0.0341098617120566,0.07015634787367894,0.07847820547993922,0.0777579267085718,0.09339328293754087,0.03873150784189832,0.08107821571167116,0.10563138502335906,0.06104882659409291,0.009003461384075085,0.009765625,0.045908825287277966,0.04769185721513586,0.04577360017678893,0.025633603024231812,0.03521046167445302,0.035761393405469834,0.01875915303935405,0.016370170521718956,0.04929464634423423,0.0412127887617367,0.014517645261053229,0.05067785447394188,0.020967686087484266,0.0341796875,0.04447381850287383,0.03554741156875253,0.05040424961157789,0.03951157875809357,0.00834375365753665,0.012732817197661424,0.027621358640099514,0.029877067462457725,0.05146215674318515,0.005940197783494355,0.007042092334890604,0.034678283016727936,0.02315091717017519,0.027203883353875233,0.011430371006562134,0.027203883353875233,0.01800692276815017,0.2641723404364283,0.0192608231673008,0.008734640537108554,0.01284467425582608,0.023840928936979887,0.016630260122975003,0.033260520245950005,0.020600608505594715,0.013810679320049757,0.019384212149686726,0.020899350155305366,0.021945512748285382,0.029765137996344084,0.029893023173855404,0.026565372087373914,0.02315091717017519,0.020600608505594715,0.014517645261053229,0.015440808887540914,0.0087890625,0.025390625,0.019384212149686726,0.009959022487485907,0.006905339660024878,0.004026470337517247,0.01313830473347042,0.022798081113142094,0.004026470337517247,0.004026470337517247,0.023457836229422487,0.003521046167445302,0.01179984958358845,0.031035641761856844,0.003088161777508183,0.0013810679320049757,0.018657200365764452,0.003521046167445302,0.0029296875,0.01171875,0.0,0.013028968812623373,0.009959022487485907,0.0065509804028314154,0.0126953125,0.013982247132105814,0.010381001770248682,0.006253051013118016,0.020132351687586234,0.003088161777508183,0.029296875,0.025559086578715626,0.012352647110032733,0.029133659941750583,0.004367320268554277,0.0021836601342771385,0.007042092334890604,0.004367320268554277,0.005940197783494355,0.0009765625,0.004026470337517247,0.007437278423695223,0.023518739411703703,0.009003461384075085,0.010517900013934578,0.1572265625,1,1,0.0
25.0,11.296513557434082,5.0,0.2876580059528351,1.8782285451889038,25.0,20.55689239501953,9.394585609436035,1.5625,0.4648487865924835,0.07481386512517929,5869.0,100201.0,222043712.0,17.072925567626953,0.2474931925535202,1.3865771293640137,3.9883079528808594,1.1978375368926208e-05,0.0,0.10217901319265366,765,890,986,1021,921,875,966,1113,1003,992,1146,1134,975,1085,1162,1211,1114,1182,1144,1198,1051,1082,1102,1228,1054,1054,1176,1160,942,1040,1207,1244,1167,1184,1198,1208,1055,1162,1049,970,811,904,967,951,815,911,1071,1149,1051,1211,1326,1200,1001,990,960,941,749,828,876,955,808,764,760,798,622,744,879,893,862,872,895,841,716,840,1051,1152,1053,1273,1326,1247,926,782,782,766,728,824,989,956,794,952,1065,1151,1024,999,1007,1086,1005,1018,1113,1072,859,877,941,1017,926,1096,1225,1288,1110,1134,1096,1144,1007,1007,1049,1007,938,955,952,970,952,1004,1003,1050,924,1049,1024,1098,1001,1159,1151,1099,905,880,983,971,799,872,953,984,985,1018,998,1084,832,812,840,908,859,895,1036,1212,1147,1310,1419,1320,1147,1167,1182,1038,893,989,1017,971,879,1111,1208,1326,1245,1150,1071,1019,1016,969,906,872,761,888,938,921,794,845,925,1035,873,847,957,957,781,861,872,825,714,828,910,1016,874,970,1000,1130,990,1115,1304,1278,1100,1180,1244,1210,1036,1081,1002,1040,830,906,841,955,748,907,1069,1113,955,952,1102,1257,1163,1280,1343,1370,1274,1328,1320,1294,1050,1119,1149,1130,1017,1024,1006,1082,970,968,985,936,878,1020,1133,1086,935,1083,1214,1165,1024,1143,1146,1128,0.00244140625,0.1594071898022311,0.19601679656011983,0.08035157199501645,0.2934387506005366,0.06395552472669118,0.12175741147271141,0.15372098819586758,0.11040340319930488,0.09227869727727742,0.2616258143062832,0.09610585702440061,0.16278157414568659,0.23077682335907787,0.07168926621965997,0.05862629304610795,0.13276940936997922,0.20778992035461336,0.09054688342590556,0.14621394307958085,0.10779852292777557,0.0890012296098785,0.048238629043861204,0.04835710313726542,0.09796825159362854,0.06867949598639547,0.07871481457572904,0.055586911995147294,0.08479802088317348,0.08240243402237886,0.03773374821555011,0.0242573092741684,0.032754902014157074,0.02489755621871477,0.04820896502811517,0.04143203796014927,0.0126953125,0.05597160109729336,0.03521046167445302,0.02231183527108567,0.025947910655442233,0.04572148402624854,0.03126525506559008,0.007873298582322802,0.06734742050611979,0.03554741156875253,0.03452669830012439,0.03629082846887118,0.020600608505594715,0.03521046167445302,0.03889122607761695,0.022482157096135425,0.0087890625,0.031143005310746045,0.0412127887617367,0.04577360017678893,0.012079411012551739,0.005258950006967289,0.04367320268554277,0.026939676219011176,0.0342911130196864,0.017304731588544287,0.0205078125,0.023457836229422487,0.2678079105727313,0.019773883526676354,0.0078125,0.01179984958358845,0.019628663322501738,0.021439939843847802,0.033969779552590014,0.018528970665049098,0.017578125,0.019652941208494246,0.020716018980074635,0.024724587697601882,0.02489755621871477,0.026203921611325662,0.025559086578715626,0.028721564784868637,0.023478154844084585,0.013810679320049757,0.010918300671385692,0.013028968812623373,0.031204190055996988,0.018657200365764452,0.003521046167445302,0.012352647110032733,0.005524271728019903,0.010054326309557618,0.025559086578715626,0.006253051013118016,0.0013810679320049757,0.022140203220223895,0.005258950006967289,0.007873298582322802,0.0324624416769427,0.0021836601342771385,0.004026470337517247,0.01800692276815017,0.005940197783494355,0.003088161777508183,0.011388577919619728,0.0021836601342771385,0.012352647110032733,0.010786485368346935,0.0078125,0.01284467425582608,0.013601941676937616,0.009814331661250869,0.005940197783494355,0.020132351687586234,0.003088161777508183,0.029877067462457725,0.025353037081537442,0.013028968812623373,0.02883754503951836,0.005524271728019903,0.003521046167445302,0.007042092334890604,0.003521046167445302,0.004979511243742954,0.0021836601342771385,0.004026470337517247,0.008052940675034493,0.022269051271467537,0.008052940675034493,0.011134525635733769,0.158203125,1,1,0.0
25.0,11.518122673034668,6.0,0.27688202261924744,1.8570177555084229,25.0,19.818178176879883,9.573116302490234,1.5625,0.47001561522483826,0.07332026958465576,5637.0,94429.0,211447056.0,16.75164031982422,0.2531023919582367,1.2518261671066284,3.9631526470184326,4.989314402337186e-05,0.0,0.11557897180318832,746,780,782,890,975,1002,1066,1020,765,890,986,1021,921,875,966,1113,1003,992,1146,1134,975,1085,1162,1211,1114,1182,1144,1198,1051,1082,1102,1228,1054,1054,1176,1160,942,1040,1207,1244,1167,1184,1198,1208,1055,1162,1049,970,811,904,967,951,815,911,1071,1149,1051,1211,1326,1200,1001,990,960,941,749,828,876,955,808,764,760,798,622,744,879,893,862,872,895,841,716,840,1051,1152,1053,1273,1326,1247,926,782,782,766,728,824,989,956,794,952,1065,1151,1024,999,1007,1086,1005,1018,1113,1072,859,877,941,1017,926,1096,1225,1288,1110,1134,1096,1144,1007,1007,1049,1007,938,955,952,970,952,1004,1003,1050,924,1049,1024,1098,1001,1159,1151,1099,905,880,983,971,799,872,953,984,985,1018,998,1084,832,812,840,908,859,895,1036,1212,1147,1310,1419,1320,1147,1167,1182,1038,893,989,1017,971,879,1111,1208,1326,1245,1150,1071,1019,1016,969,906,872,761,888,938,921,794,845,925,1035,873,847,957,957,781,861,872,825,714,828,910,1016,874,970,1000,1130,990,1115,1304,1278,1100,1180,1244,1210,1036,1081,1002,1040,830,906,841,955,748,907,1069,1113,955,952,1102,1257,1163,1280,1343,1370,1274,1328,1320,1294,1050,1119,1149,1130,1017,1024,1006,1082,970,968,985,936,878,1020,1133,1086,0.00048828125,0.1141283655077762,0.15005098112320078,0.13007357935938904,0.33634746287684614,0.09663528810041391,0.10004881620988826,0.19919241936901622,0.1563598246845737,0.05402959450634005,0.24807763096726018,0.05447783469133341,0.147179341019219,0.19494594509450322,0.10953183510007776,0.07794167945013639,0.1134579037478287,0.23478154844084587,0.05932165058002906,0.1143537591273785,0.14038404378181715,0.07847820547993922,0.0324624416769427,0.06699247221149413,0.07475648128517437,0.06262195133547421,0.1000726435974489,0.04543902392239001,0.07899901725061205,0.10322501216859716,0.055937513639139395,0.008052940675034493,0.026672852116694654,0.040794137840244965,0.03234471711265468,0.05635366424317777,0.02627660946694084,0.061585410255576414,0.04606436099637014,0.03401186477982031,0.033260520245950005,0.04972803537685162,0.031158312760827766,0.01800692276815017,0.07433430560150416,0.04515479695975348,0.04283537538957287,0.027930370402490412,0.024158822025103478,0.037224840922941246,0.029652786036501906,0.021945512748285382,0.015776850020901866,0.023619895746968406,0.037314400731528904,0.04350911994129973,0.004979511243742954,0.0021836601342771385,0.037314400731528904,0.020531050821902968,0.028185292362620726,0.009003461384075085,0.029035290522106457,0.01516032685181643,0.26117342031867835,0.0185803687406645,0.011134525635733769,0.0166015625,0.029523860269201122,0.011430371006562134,0.03385729652999944,0.023518739411703703,0.011920464468489943,0.018657200365764452,0.023457836229422487,0.017578125,0.03088161777508183,0.02847144479904932,0.022545696055889054,0.02229045353615884,0.013566839833447074,0.003088161777508183,0.020108652619115236,0.02132844694125152,0.03384320986555363,0.0283203125,0.009765625,0.020692988379313566,0.011134525635733769,0.014680953494504793,0.027500249688142037,0.014517645261053229,0.008400708268596315,0.0185803687406645,0.009814331661250869,0.0021836601342771385,0.029442994983752607,0.007873298582322802,0.009264485332524549,0.022545696055889054,0.004979511243742954,0.0021836601342771385,0.009003461384075085,0.0021836601342771385,0.013601941676937616,0.009959022487485907,0.007109482313750506,0.01313830473347042,0.013982247132105814,0.008400708268596315,0.005258950006967289,0.021836601342771385,0.004979511243742954,0.02883754503951836,0.02681548870653512,0.012732817197661424,0.028117539157984314,0.0065509804028314154,0.005859375,0.0065509804028314154,0.0,0.004026470337517247,0.005940197783494355,0.007437278423695223,0.011430371006562134,0.026565372087373914,0.009264485332524549,0.007873298582322802,0.1533203125,1,1,0.0
25.0,11.367984771728516,5.0,0.26092231273651123,2.0129899978637695,3.90625,30.24824333190918,9.243061065673828,1.5625,0.49378058314323425,0.07425086945295334,5781.0,123770.0,246515632.0,21.4097900390625,0.24529708921909332,1.7862606048583984,4.785286903381348,3.3782824175432324e-05,0.0,0.11594259738922119,841,927,990,919,792,872,890,921,746,780,782,890,975,1002,1066,1020,765,890,986,1021,921,875,966,1113,1003,992,1146,1134,975,1085,1162,1211,1114,1182,1144,1198,1051,1082,1102,1228,1054,1054,1176,1160,942,1040,1207,1244,1167,1184,1198,1208,1055,1162,1049,970,811,904,967,951,815,911,1071,1149,1051,1211,1326,1200,1001,990,960,941,749,828,876,955,808,764,760,798,622,744,879,893,862,872,895,841,716,840,1051,1152,1053,1273,1326,1247,926,782,782,766,728,824,989,956,794,952,1065,1151,1024,999,1007,1086,1005,1018,1113,1072,859,877,941,1017,926,1096,1225,1288,1110,1134,1096,1144,1007,1007,1049,1007,938,955,952,970,952,1004,1003,1050,924,1049,1024,1098,1001,1159,1151,1099,905,880,983,971,799,872,953,984,985,1018,998,1084,832,812,840,908,859,895,1036,1212,1147,1310,1419,1320,1147,1167,1182,1038,893,989,1017,971,879,1111,1208,1326,1245,1150,1071,1019,1016,969,906,872,761,888,938,921,794,845,925,1035,873,847,957,957,781,861,872,825,714,828,910,1016,874,970,1000,1130,990,1115,1304,1278,1100,1180,1244,1210,1036,1081,1002,1040,830,906,841,955,748,907,1069,1113,955,952,1102,1257,1163,1280,1343,1370,1274,1328,1320,1294,1050,1119,1149,1130,1017,1024,1006,1082,0.00146484375,0.09391261937633834,0.1349954166340733,0.14854347060268724,0.345733468830726,0.11778817408839533,0.082546974449235,0.20696214206243208,0.16701788453600655,0.06577857077753481,0.2652261769259547,0.05027163154778809,0.13364999044627374,0.19198831300134278,0.10788695487285885,0.08231558794096296,0.12553672004084415,0.22341735322195347,0.07044800311277903,0.12298485540180598,0.13249977543649896,0.08400708268596316,0.03125,0.06426048389203946,0.0777824521552339,0.06630564529987483,0.09427748739177477,0.04323426488511456,0.08378542022969394,0.09576289587602549,0.04642525126564341,0.01727715430952552,0.031310975667737106,0.030162978928672854,0.04416179318201177,0.04421574774481161,0.014680953494504793,0.054355156445608385,0.03527810911755555,0.023294649300540163,0.02039122365021592,0.05387935243802235,0.022482157096135425,0.011134525635733769,0.0777579267085718,0.0439453125,0.0375183060787081,0.03582800064032059,0.014517645261053229,0.02580047815160724,0.030649130520459405,0.034678283016727936,0.02681548870653512,0.016016815885602272,0.037314400731528904,0.03983608994994363,0.007042092334890604,0.011759369705851851,0.029749113694780893,0.01953125,0.021439939843847802,0.009814331661250869,0.03126525506559008,0.014778072217208551,0.26246468442685594,0.02108108705558877,0.009618025197066508,0.015655487833868553,0.029133659941750583,0.010918300671385692,0.0324624416769427,0.026565372087373914,0.013810679320049757,0.016630260122975003,0.027964494264211628,0.014084184669781208,0.027500249688142037,0.02231183527108567,0.016164985700436375,0.029296875,0.019384212149686726,0.008400708268596315,0.014517645261053229,0.01953125,0.0341098617120566,0.020716018980074635,0.003521046167445302,0.0146484375,0.004979511243742954,0.012506102026236032,0.023518739411703703,0.010381001770248682,0.0048828125,0.024119314521930602,0.011430371006562134,0.005258950006967289,0.03452669830012439,0.007627196949127592,0.010517900013934578,0.022269051271467537,0.009003461384075085,0.0048828125,0.006905339660024878,0.005940197783494355,0.014906579611790769,0.0107421875,0.011048543456039806,0.014680953494504793,0.01284467425582608,0.006253051013118016,0.004026470337517247,0.021683206358568866,0.007109482313750506,0.03340357690720131,0.021126277004671814,0.00834375365753665,0.024954945974962183,0.009003461384075085,0.0029296875,0.010563138502335907,0.004979511243742954,0.007627196949127592,0.0021836601342771385,0.0021836601342771385,0.005258950006967289,0.021126277004671814,0.009765625,0.0126953125,0.1591796875,1,1,0.0
25.0,11.442754745483398,5.0,0.25281909108161926,1.9913325309753418,3.90625,30.27025032043457,9.301361083984375,1.5625,0.4973989427089691,0.07468628138303757,5849.0,126020.0,257609120.0,21.545562744140625,0.24978196620941162,1.7248836755752563,4.805746555328369,6.544389179907739e-05,0.0,0.11457961052656174,970,1067,1104,1084,1064,1069,1067,1034,841,927,990,919,792,872,890,921,746,780,782,890,975,1002,1066,1020,765,890,986,1021,921,875,966,1113,1003,992,1146,1134,975,1085,1162,1211,1114,1182,1144,1198,1051,1082,1102,1228,1054,1054,1176,1160,942,1040,1207,1244,1167,1184,1198,1208,1055,1162,1049,970,811,904,967,951,815,911,1071,1149,1051,1211,1326,1200,1001,990,960,941,749,828,876,955,808,764,760,798,622,744,879,893,862,872,895,841,716,840,1051,1152,1053,1273,1326,1247,926,782,782,766,728,824,989,956,794,952,1065,1151,1024,999,1007,1086,1005,1018,1113,1072,859,877,941,1017,926,1096,1225,1288,1110,1134,1096,1144,1007,1007,1049,1007,938,955,952,970,952,1004,1003,1050,924,1049,1024,1098,1001,1159,1151,1099,905,880,983,971,799,872,953,984,985,1018,998,1084,832,812,840,908,859,895,1036,1212,1147,1310,1419,1320,1147,1167,1182,1038,893,989,1017,971,879,1111,1208,1326,1245,1150,1071,1019,1016,969,906,872,761,888,938,921,794,845,925,1035,873,847,957,957,781,861,872,825,714,828,910,1016,874,970,1000,1130,990,1115,1304,1278,1100,1180,1244,1210,1036,1081,1002,1040,830,906,841,955,748,907,1069,1113,955,952,1102,1257,1163,1280,1343,1370,1274,1328,1320,1294,0.00341796875,0.08240243402237886,0.134765625,0.15071368507260402,0.3366138834854792,0.11523851290240182,0.0820835491764955,0.19448310225566715,0.15321764576136865,0.058675073772655476,0.2505049374640102,0.04833737762017415,0.13905646493224658,0.18023068798379838,0.12334104221755425,0.09808499632413843,0.1346700578268891,0.21336717376926836,0.08493848482056458,0.1388814712239052,0.11739077422042293,0.09006638515756898,0.04543902392239001,0.04761180368456604,0.09184361343399595,0.05033798425335888,0.104382609015781,0.05079063915603845,0.07745070335507169,0.10984917444154181,0.0557325510678917,0.02039122365021592,0.0412127887617367,0.02638526579317636,0.05086569001213054,0.037314400731528904,0.005694288959809864,0.05156397961892221,0.0341796875,0.024020261477048523,0.015625,0.05960232234244972,0.01953125,0.014906579611790769,0.077265782987705,0.04311277354422679,0.0363433477850164,0.037695818487536684,0.010517900013934578,0.020967686087484266,0.0380859375,0.041524007080994726,0.03384320986555363,0.01708286687942959,0.040700519500341224,0.04239901044158674,0.014517645261053229,0.019236050394133015,0.023212625632821705,0.030289184412638327,0.027151247606362977,0.019236050394133015,0.021417687694786434,0.02209708691207961,0.2579197516023183,0.011048543456039806,0.020600608505594715,0.02489755621871477,0.04018171994422067,0.007042092334890604,0.024472586105745445,0.034637007521422264,0.022777155839239456,0.011759369705851851,0.024472586105745445,0.021683206358568866,0.030383494504109463,0.031387028671851946,0.024647323172117114,0.021683206358568866,0.012236293052872722,0.007627196949127592,0.021417687694786434,0.0283875817456028,0.04280196679845923,0.014517645261053229,0.005859375,0.006905339660024878,0.0041432037960149265,0.020132351687586234,0.0146484375,0.0185803687406645,0.01284467425582608,0.023518739411703703,0.015440808887540914,0.0029296875,0.027500249688142037,0.006176323555016366,0.003521046167445302,0.016253239235442616,0.010381001770248682,0.01019561182510796,0.013879560940968648,0.011759369705851851,0.01875915303935405,0.012352647110032733,0.015191747252054731,0.020531050821902968,0.009959022487485907,0.012732817197661424,0.007437278423695223,0.023940723969006372,0.009212872199274027,0.030162978928672854,0.022777155839239456,0.009003461384075085,0.016105881350068987,0.0166015625,0.009765625,0.018657200365764452,0.013706707859002147,0.014517645261053229,0.0078125,0.012079411012551739,0.013101960805662831,0.02489755621871477,0.005258950006967289,0.004026470337517247,0.1484375,1,1,0.0
25.0,11.333760261535645,4.0,0.2865245044231415,1.444569706916809,25.0,27.88582992553711,9.928853034973145,1.5625,0.4216141104698181,0.07309229671955109,5602.0,104537.0,181067968.0,18.660655975341797,0.2918613851070404,1.5527911186218262,4.4623589515686035,0.0,0.0,0.14058591425418854,798,832,925,938,871,827,826,972,970,1067,1104,1084,1064,1069,1067,1034,841,927,990,919,792,872,890,921,746,780,782,890,975,1002,1066,1020,765,890,986,1021,921,875,966,1113,1003,992,1146,1134,975,1085,1162,1211,1114,1182,1144,1198,1051,1082,1102,1228,1054,1054,1176,1160,942,1040,1207,1244,1167,1184,1198,1208,1055,1162,1049,970,811,904,967,951,815,911,1071,1149,1051,1211,1326,1200,1001,990,960,941,749,828,876,955,808,764,760,798,622,744,879,893,862,872,895,841,716,840,1051,1152,1053,1273,1326,1247,926,782,782,766,728,824,989,956,794,952,1065,1151,1024,999,1007,1086,1005,1018,1113,1072,859,877,941,1017,926,1096,1225,1288,1110,1134,1096,1144,1007,1007,1049,1007,938,955,952,970,952,1004,1003,1050,924,1049,1024,1098,1001,1159,1151,1099,905,880,983,971,799,872,953,984,985,1018,998,1084,832,812,840,908,859,895,1036,1212,1147,1310,1419,1320,1147,1167,1182,1038,893,989,1017,971,879,1111,1208,1326,1245,1150,1071,1019,1016,969,906,872,761,888,938,921,794,845,925,1035,873,847,957,957,781,861,872,825,714,828,910,1016,874,970,1000,1130,990,1115,1304,1278,1100,1180,1244,1210,1036,1081,1002,1040,830,906,841,955,748,907,1069,1113,955,952,1102,1257,0.0,0.018657200365764452,0.1834534453914032,0.18100421946965853,0.25500251619182146,0.10786485368346935,0.15529493267097047,0.15710823866757134,0.13945367209276438,0.03965613379735733,0.19313730145136143,0.051794650805375465,0.10687895471941172,0.11958006815600714,0.16480486804475772,0.13498128690652422,0.18642115160077774,0.17693038019524843,0.10661987549965767,0.1425915019409686,0.13453898515073848,0.048602996633317595,0.046915672458844974,0.08519073627954839,0.05729351618700246,0.07931226759471466,0.08986497711193235,0.04203758447271657,0.08355746328371964,0.09501305741371321,0.049149334110006326,0.015254393898255184,0.03485657870620068,0.025633603024231812,0.05139725533961237,0.03477440198196261,0.01242961138804478,0.04290211452439218,0.046925835065367044,0.037695818487536684,0.0316291694154329,0.049890780368925004,0.03889122607761695,0.013671875,0.05681714143667522,0.022545696055889054,0.014778072217208551,0.0578237161839354,0.01589728573837862,0.018528970665049098,0.0352916230460794,0.050931268790645697,0.04239901044158674,0.005258950006967289,0.021506558149946522,0.053790778726251605,0.0068359375,0.004367320268554277,0.03837281778200879,0.01878455474772592,0.027361183058831836,0.005940197783494355,0.0322265625,0.011759369705851851,0.25841105942812437,0.019384212149686726,0.013982247132105814,0.018165112536853784,0.03192926313334339,0.011048543456039806,0.02713367966689415,0.0244140625,0.014218964627501012,0.019555648822754675,0.022032254243512652,0.01760523083722651,0.0333750146301466,0.024954945974962183,0.0126953125,0.03340357690720131,0.023518739411703703,0.014218964627501012,0.009814331661250869,0.015746597164645604,0.03032065370363286,0.022881590847382775,0.006905339660024878,0.0166875073150733,0.007873298582322802,0.010918300671385692,0.02417855156863271,0.009618025197066508,0.005258950006967289,0.02489755621871477,0.013101960805662831,0.004979511243742954,0.033332125323976586,0.007042092334890604,0.008052940675034493,0.02132844694125152,0.009003461384075085,0.005940197783494355,0.006253051013118016,0.005524271728019903,0.016164985700436375,0.009212872199274027,0.0078125,0.01179984958358845,0.015655487833868553,0.003521046167445302,0.0021836601342771385,0.024119314521930602,0.008734640537108554,0.034678283016727936,0.02132844694125152,0.009212872199274027,0.024954945974962183,0.009959022487485907,0.004367320268554277,0.014218964627501012,0.009264485332524549,0.011920464468489943,0.005258950006967289,0.008400708268596315,0.010918300671385692,0.022032254243512652,0.004026470337517247,0.004367320268554277,0.150390625,1,1,0.0
25.0,11.692521095275879,8.0,0.3155983090400696,1.5139738321304321,25.0,15.551224708557129,10.03278636932373,1.5625,0.4121626913547516,0.07055621594190598,5220.0,69653.0,139051968.0,13.343486785888672,0.27223899960517883,1.017708659172058,3.33691668510437,2.394467628619168e-05,-23.4375,0.1300308108329773,1131,1182,1118,1101,1099,1087,1082,1019,798,832,925,938,871,827,826,972,970,1067,1104,1084,1064,1069,1067,1034,841,927,990,919,792,872,890,921,746,780,782,890,975,1002,1066,1020,765,890,986,1021,921,875,966,1113,1003,992,1146,1134,975,1085,1162,1211,1114,1182,1144,1198,1051,1082,1102,1228,1054,1054,1176,1160,942,1040,1207,1244,1167,1184,1198,1208,1055,1162,1049,970,811,904,967,951,815,911,1071,1149,1051,1211,1326,1200,1001,990,960,941,749,828,876,955,808,764,760,798,622,744,879,893,862,872,895,841,716,840,1051,1152,1053,1273,1326,1247,926,782,782,766,728,824,989,956,794,952,1065,1151,1024,999,1007,1086,1005,1018,1113,1072,859,877,941,1017,926,1096,1225,1288,1110,1134,1096,1144,1007,1007,1049,1007,938,955,952,970,952,1004,1003,1050,924,1049,1024,1098,1001,1159,1151,1099,905,880,983,971,799,872,953,984,985,1018,998,1084,832,812,840,908,859,895,1036,1212,1147,1310,1419,1320,1147,1167,1182,1038,893,989,1017,971,879,1111,1208,1326,1245,1150,1071,1019,1016,969,906,872,761,888,938,921,794,845,925,1035,873,847,957,957,781,861,872,825,714,828,910,1016,874,970,1000,1130,990,1115,1304,1278,1100,1180,1244,1210,1036,1081,1002,1040,830,906,841,955,0.0009765625,0.022798081113142094,0.14576646997691634,0.19180940482239214,0.2921750315897521,0.13989406937741378,0.13879560940968647,0.11922864320435574,0.11005733729595579,0.07469266865614431,0.15920664553166528,0.08643543598968285,0.11449128123575134,0.1051835336192358,0.17969015368285043,0.14500884456625882,0.1916900399372195,0.19586348064853185,0.08894763700574766,0.11348731930513825,0.15156866631302843,0.07402575647752822,0.02652944864688696,0.06561162903219073,0.07881772958586357,0.05841443917475852,0.10878923782526267,0.02847144479904932,0.10054326309557618,0.08695794187298338,0.030508787796510367,0.026565372087373914,0.020132351687586234,0.0417530436063124,0.032033631771204545,0.0517578125,0.010517900013934578,0.05402076830445051,0.03623823303765522,0.03954776705335271,0.029133659941750583,0.06972683604638219,0.04809012598533254,0.035761393405469834,0.036604814089826784,0.003521046167445302,0.012732817197661424,0.07912567148029159,0.03941491420041126,0.041524007080994726,0.024119314521930602,0.041062101643805936,0.029378142493147116,0.024705294220065465,0.04212823166039647,0.03149319432929121,0.01528562093993997,0.021439939843847802,0.020108652619115236,0.0363433477850164,0.0375183060787081,0.022651198251451565,0.03066468450802262,0.01313830473347042,0.24489142367017885,0.031988944051092184,0.015440808887540914,0.007042092334890604,0.021417687694786434,0.0170549308560283,0.0360270834876889,0.02485922277608956,0.013810679320049757,0.014680953494504793,0.025390625,0.016630260122975003,0.03234471711265468,0.025390625,0.012352647110032733,0.0332174831087792,0.023478154844084585,0.013028968812623373,0.013101960805662831,0.01800692276815017,0.034402177644157296,0.020716018980074635,0.0,0.010381001770248682,0.0013810679320049757,0.01878455474772592,0.022482157096135425,0.015746597164645604,0.008286407592029853,0.0192608231673008,0.006905339660024878,0.0126953125,0.04143203796014927,0.0146484375,0.01708286687942959,0.029035290522106457,0.0048828125,0.0021836601342771385,0.013601941676937616,0.008843149548962322,0.016630260122975003,0.009814331661250869,0.010786485368346935,0.014778072217208551,0.017469281074217108,0.007042092334890604,0.004026470337517247,0.027759121881937295,0.011759369705851851,0.03712222228271135,0.02417855156863271,0.0126953125,0.02708090746848056,0.014084184669781208,0.0087890625,0.01953125,0.014778072217208551,0.015254393898255184,0.007627196949127592,0.011134525635733769,0.01313830473347042,0.02681548870653512,0.009264485332524549,0.010786485368346935,0.1572265625,1,1,0.0
25.0,11.442927360534668,4.0,0.2956668436527252,1.5214085578918457,25.0,27.707124710083008,9.762249946594238,1.5625,0.42499199509620667,0.0719216912984848,5424.0,102869.0,178007312.0,18.96552276611328,0.2793411612510681,1.5359772443771362,4.497801780700684,1.2961464562977199e-05,0.0,0.12329475581645966,972,1036,1223,1290,1144,1207,1352,1328,1131,1182,1118,1101,1099,1087,1082,1019,798,832,925,938,871,827,826,972,970,1067,1104,1084,1064,1069,1067,1034,841,927,990,919,792,872,890,921,746,780,782,890,975,1002,1066,1020,765,890,986,1021,921,875,966,1113,1003,992,1146,1134,975,1085,1162,1211,1114,1182,1144,1198,1051,1082,1102,1228,1054,1054,1176,1160,942,1040,1207,1244,1167,1184,1198,1208,1055,1162,1049,970,811,904,967,951,815,911,1071,1149,1051,1211,1326,1200,1001,990,960,941,749,828,876,955,808,764,760,798,622,744,879,893,862,872,895,841,716,840,1051,1152,1053,1273,1326,1247,926,782,782,766,728,824,989,956,794,952,1065,1151,1024,999,1007,1086,1005,1018,1113,1072,859,877,941,1017,926,1096,1225,1288,1110,1134,1096,1144,1007,1007,1049,1007,938,955,952,970,952,1004,1003,1050,924,1049,1024,1098,1001,1159,1151,1099,905,880,983,971,799,872,953,984,985,1018,998,1084,832,812,840,908,859,895,1036,1212,1147,1310,1419,1320,1147,1167,1182,1038,893,989,1017,971,879,1111,1208,1326,1245,1150,1071,1019,1016,969,906,872,761,888,938,921,794,845,925,1035,873,847,957,957,781,861,872,825,714,828,910,1016,874,970,1000,1130,990,1115,1304,1278,1100,1180,1244,1210,0.001953125,0.06481462307048874,0.10547327102578599,0.21988492557054487,0.3268567963121008,0.18242908929123366,0.15540850061366746,0.08955669154773731,0.1155690650705003,0.11399040556571047,0.15542384126822473,0.11325599125725783,0.09047839704609742,0.14272854330074944,0.1541670240793295,0.11050701163990469,0.1523844346715759,0.2290491901189363,0.06165505514712733,0.12518678061801855,0.11459535477895282,0.07352808782844167,0.06779904280355384,0.07118866003362342,0.05635366424317777,0.09058900315532664,0.0982889659381729,0.0386328914938525,0.09534871398346588,0.08219965043562096,0.0603970550627587,0.004367320268554277,0.03819845159298427,0.03152346170228315,0.05603971381017021,0.029556144434417102,0.011134525635733769,0.03986002271866904,0.045908825287277966,0.037186392118476116,0.028854075591199527,0.05966629050933644,0.04296875,0.027793455997573647,0.04120121701118943,0.005524271728019903,0.010563138502335907,0.07539163697507337,0.035934315415965035,0.03869455616437295,0.019555648822754675,0.03648738611771368,0.026240290708094537,0.01886055460530075,0.03756910949545184,0.040700519500341224,0.009959022487485907,0.013879560940968648,0.03317439013957623,0.02510734400816883,0.030162978928672854,0.008843149548962322,0.029765137996344084,0.013982247132105814,0.2549595041469975,0.01760523083722651,0.021417687694786434,0.021683206358568866,0.0325211441510678,0.022545696055889054,0.032241355506287456,0.012352647110032733,0.0013810679320049757,0.027621358640099514,0.034637007521422264,0.0048828125,0.021439939843847802,0.01878455474772592,0.020716018980074635,0.023457836229422487,0.011759369705851851,0.007437278423695223,0.019186408891004394,0.026203921611325662,0.03803582440263759,0.013982247132105814,0.012079411012551739,0.0170549308560283,0.011920464468489943,0.013282686043686957,0.030336376107439583,0.003521046167445302,0.0041432037960149265,0.029133659941750583,0.016164985700436375,0.004367320268554277,0.032285693857063556,0.0065509804028314154,0.007437278423695223,0.020600608505594715,0.010381001770248682,0.006905339660024878,0.005859375,0.005258950006967289,0.015776850020901866,0.010054326309557618,0.008400708268596315,0.010381001770248682,0.016716057391234072,0.0021836601342771385,0.007042092334890604,0.018657200365764452,0.003521046167445302,0.027621358640099514,0.026240290708094537,0.010054326309557618,0.016016815885602272,0.015746597164645604,0.007627196949127592,0.010054326309557618,0.005940197783494355,0.005694288959809864,0.009765625,0.00834375365753665,0.009003461384075085,0.011920464468489943,0.008734640537108554,0.006905339660024878,0.138671875,1,1,0.0
21.875,10.7265625,6.0,0.2855394780635834,1.7452247142791748,25.0,14.692206382751465,9.23353099822998,3.125,0.4542047679424286,0.07775179296731949,6339.0,82260.0,230378160.0,12.976810455322266,0.26025575399398804,1.0651991367340088,3.400926351547241,1.2323299642957863e-06,0.0,0.0890178456902504,1035,1063,1101,1086,888,910,894,967,893,1005,1020,1096,969,1080,1084,1101,990,952,943,920,860,1053,1099,1021,796,783,896,1006,909,1036,1112,1102,877,888,974,971,797,870,1001,1020,893,968,1008,971,938,952,1040,1147,1022,1097,1114,1097,1066,1209,1370,1501,1391,1487,1544,1464,1304,1148,1079,984,903,1054,1119,1081,939,984,1005,1102,1016,1049,1003,974,1003,1119,1179,1162,875,911,872,799,651,681,777,846,778,973,1148,1225,1038,1144,1258,1244,1055,1149,1118,1100,878,872,841,908,808,906,940,984,923,1021,1099,1099,1006,1084,1112,1113,813,871,954,1017,876,1065,1165,1199,1019,1112,1196,1096,856,847,874,841,742,718,811,888,633,702,743,731,653,784,971,1104,975,1066,1004,890,856,956,1040,1083,894,1004,1230,1390,1278,1306,1134,1018,811,808,939,1071,1096,1148,1224,1180,909,970,972,941,747,745,877,1023,880,941,1096,1133,1036,1244,1324,1276,1086,1096,1021,1036,797,860,944,1112,921,892,939,942,810,970,1120,1103,984,969,927,970,909,1072,1147,1210,1069,1098,1080,1021,778,780,941,1063,1035,1135,1144,1133,1145,1160,1263,1303,1180,1289,1277,1227,1049,958,912,941,860,986,1071,985,955,1111,1210,1162,1037,1192,1305,1294,1096,1165,1177,1144,1053,1128,1133,1072,938,957,1163,1198,0.0009765625,0.1647151499633273,0.1478839390327027,0.18255450963155198,0.20582082774774185,0.22795989450115248,0.10189998016207485,0.07936635848937056,0.27864735445457084,0.08759172264254357,0.08074229143982183,0.08649058525579895,0.2507028237231362,0.01886055460530075,0.2524484895343287,0.1069235601028984,0.14769357683785764,0.11824474260123378,0.1643993008712419,0.08647404416899562,0.11254644494833149,0.08943947767074462,0.03088161777508183,0.14583514984452747,0.11399458862310773,0.0814771557953756,0.09407495764681481,0.09295828624150206,0.012079411012551739,0.09317859720216065,0.11914462723810516,0.05078125,0.06176323555016366,0.0048828125,0.04265689388250304,0.02681548870653512,0.08822095043804168,0.024472586105745445,0.04543902392239001,0.04037114571991091,0.052344114387724204,0.02756951994822872,0.06878356114429818,0.04236525774117942,0.01242961138804478,0.03460946317708857,0.07012235574615719,0.011134525635733769,0.014517645261053229,0.027010384152225255,0.041581384484460485,0.0166015625,0.017304731588544287,0.012506102026236032,0.006176323555016366,0.016253239235442616,0.042275118792799535,0.017387200990981306,0.0328276099882258,0.029700988917471777,0.011759369705851851,0.023619895746968406,0.028738162049926096,0.025633603024231812,0.2695913938784403,0.01589728573837862,0.006176323555016366,0.015625,0.01528562093993997,0.023940723969006372,0.007627196949127592,0.010517900013934578,0.006253051013118016,0.02568934851165216,0.014517645261053229,0.007042092334890604,0.0065509804028314154,0.027964494264211628,0.020132351687586234,0.010517900013934578,0.007109482313750506,0.02039122365021592,0.022798081113142094,0.007109482313750506,0.017469281074217108,0.013601941676937616,0.010918300671385692,0.009003461384075085,0.01875915303935405,0.009618025197066508,0.028117539157984314,0.007109482313750506,0.006176323555016366,0.03179457147675724,0.005940197783494355,0.010918300671385692,0.022881590847382775,0.011134525635733769,0.01824369305885684,0.026240290708094537,0.008843149548962322,0.007873298582322802,0.00834375365753665,0.005524271728019903,0.008286407592029853,0.016716057391234072,0.0065509804028314154,0.009264485332524549,0.00834375365753665,0.003521046167445302,0.0009765625,0.012352647110032733,0.009003461384075085,0.016253239235442616,0.027413415718004295,0.013282686043686957,0.02161713244255728,0.012732817197661424,0.0048828125,0.012236293052872722,0.007109482313750506,0.00834375365753665,0.009959022487485907,0.003088161777508183,0.004026470337517247,0.021836601342771385,0.0021836601342771385,0.016858082521125067,0.1513671875,1,1,1.0
21.875,10.746963500976562,6.0,0.27042102813720703,1.7554926872253418,25.0,14.440163612365723,9.307658195495605,3.125,0.46480637788772583,0.07745686173439026,6291.0,75805.0,209118768.0,12.049753189086914,0.26477259397506714,1.0310099124908447,3.3494956493377686,1.1175140571140219e-05,0.0,0.09602611511945724,752,794,841,776,695,766,888,1084,1035,1063,1101,1086,888,910,894,967,893,1005,1020,1096,969,1080,1084,1101,990,952,943,920,860,1053,1099,1021,796,783,896,1006,909,1036,1112,1102,877,888,974,971,797,870,1001,1020,893,968,1008,971,938,952,1040,1147,1022,1097,1114,1097,1066,1209,1370,1501,1391,1487,1544,1464,1304,1148,1079,984,903,1054,1119,1081,939,984,1005,1102,1016,1049,1003,974,1003,1119,1179,1162,875,911,872,799,651,681,777,846,778,973,1148,1225,1038,1144,1258,1244,1055,1149,1118,1100,878,872,841,908,808,906,940,984,923,1021,1099,1099,1006,1084,1112,1113,813,871,954,1017,876,1065,1165,1199,1019,1112,1196,1096,856,847,874,841,742,718,811,888,633,702,743,731,653,784,971,1104,975,1066,1004,890,856,956,1040,1083,894,1004,1230,1390,1278,1306,1134,1018,811,808,939,1071,1096,1148,1224,1180,909,970,972,941,747,745,877,1023,880,941,1096,1133,1036,1244,1324,1276,1086,1096,1021,1036,797,860,944,1112,921,892,939,942,810,970,1120,1103,984,969,927,970,909,1072,1147,1210,1069,1098,1080,1021,778,780,941,1063,1035,1135,1144,1133,1145,1160,1263,1303,1180,1289,1277,1227,1049,958,912,941,860,986,1071,985,955,1111,1210,1162,1037,1192,1305,1294,1096,1165,1177,1144,0.00341796875,0.10322501216859716,0.1969487127939439,0.16132505104516956,0.1775545321230675,0.23227000684354743,0.1588288167102498,0.13706707859002148,0.2212145795325297,0.14087231399426098,0.04555431167847891,0.11933657681907309,0.24452313784467566,0.048100040453221686,0.2906237530425198,0.11884408536387733,0.13680591529415917,0.15639946464583537,0.1566218719291835,0.08933812374347194,0.13495302301323286,0.09018278422355622,0.01886055460530075,0.17063875359517727,0.09128639644962339,0.09260881776289667,0.11312118270924797,0.09047839704609742,0.025465634395322848,0.09194739156137821,0.11257609866540347,0.04769185721513586,0.06186351939340568,0.009814331661250869,0.04037114571991091,0.028738162049926096,0.08378542022969394,0.027238917345666705,0.05264387489040451,0.03986002271866904,0.05814443611954764,0.026002982335340524,0.05814443611954764,0.052932930597139265,0.019773883526676354,0.030649130520459405,0.0659595499639386,0.0146484375,0.008052940675034493,0.016630260122975003,0.03742923417331406,0.028588439781844624,0.006253051013118016,0.003521046167445302,0.0048828125,0.0078125,0.04999580365691486,0.025465634395322848,0.03742923417331406,0.03554741156875253,0.01680141653719263,0.021126277004671814,0.02751758360079174,0.02489755621871477,0.26966743898536544,0.014517645261053229,0.005940197783494355,0.01680141653719263,0.015746597164645604,0.025781989809461104,0.0048828125,0.0146484375,0.004979511243742954,0.025353037081537442,0.01953125,0.012352647110032733,0.013566839833447074,0.020132351687586234,0.0170549308560283,0.018961413905222265,0.013810679320049757,0.023478154844084585,0.01800692276815017,0.013601941676937616,0.020762003540497363,0.007627196949127592,0.018961413905222265,0.015625,0.011134525635733769,0.010918300671385692,0.021836601342771385,0.006905339660024878,0.0013810679320049757,0.03614600688148779,0.006253051013118016,0.007627196949127592,0.02580047815160724,0.011430371006562134,0.014938533731228863,0.020716018980074635,0.006905339660024878,0.0029296875,0.012352647110032733,0.0021836601342771385,0.008843149548962322,0.013982247132105814,0.008843149548962322,0.011430371006562134,0.005859375,0.01019561182510796,0.008843149548962322,0.004979511243742954,0.001953125,0.019652941208494246,0.020531050821902968,0.0078125,0.015440808887540914,0.014778072217208551,0.00390625,0.009003461384075085,0.0013810679320049757,0.008734640537108554,0.005694288959809864,0.0013810679320049757,0.004979511243742954,0.024158822025103478,0.0029296875,0.013601941676937616,0.154296875,1,1,1.0
19.53125,10.563493728637695,6.0,0.31323257088661194,1.6971800327301025,25.0,16.033031463623047,9.224365234375,5.46875,0.4321431815624237,0.07888425141572952,6525.0,93145.0,221082976.0,14.27509593963623,0.25462424755096436,1.235525131225586,3.4180688858032227,5.8659803471527994e-05,0.0,0.09309772402048111,954,862,872,909,812,876,939,971,752,794,841,776,695,766,888,1084,1035,1063,1101,1086,888,910,894,967,893,1005,1020,1096,969,1080,1084,1101,990,952,943,920,860,1053,1099,1021,796,783,896,1006,909,1036,1112,1102,877,888,974,971,797,870,1001,1020,893,968,1008,971,938,952,1040,1147,1022,1097,1114,1097,1066,1209,1370,1501,1391,1487,1544,1464,1304,1148,1079,984,903,1054,1119,1081,939,984,1005,1102,1016,1049,1003,974,1003,1119,1179,1162,875,911,872,799,651,681,777,846,778,973,1148,1225,1038,1144,1258,1244,1055,1149,1118,1100,878,872,841,908,808,906,940,984,923,1021,1099,1099,1006,1084,1112,1113,813,871,954,1017,876,1065,1165,1199,1019,1112,1196,1096,856,847,874,841,742,718,811,888,633,702,743,731,653,784,971,1104,975,1066,1004,890,856,956,1040,1083,894,1004,1230,1390,1278,1306,1134,1018,811,808,939,1071,1096,1148,1224,1180,909,970,972,941,747,745,877,1023,880,941,1096,1133,1036,1244,1324,1276,1086,1096,1021,1036,797,860,944,1112,921,892,939,942,810,970,1120,1103,984,969,927,970,909,1072,1147,1210,1069,1098,1080,1021,778,780,941,1063,1035,1135,1144,1133,1145,1160,1263,1303,1180,1289,1277,1227,1049,958,912,941,860,986,1071,985,955,1111,1210,1162,0.00146484375,0.058958823625482736,0.23693467166131238,0.13224401541944275,0.13132859556169416,0.28368762435624617,0.18045279031838607,0.1523844346715759,0.20497811921741832,0.1362470937996391,0.09969072199191624,0.07754299816838015,0.20074714341274924,0.024647323172117114,0.2793583302143615,0.08233875585246617,0.1636113822055392,0.1149277567962873,0.1660615745234373,0.0966846195080379,0.12259652208183762,0.07044800311277903,0.0283875817456028,0.15904782690334307,0.11077852275380651,0.1158822162772028,0.11207942762034041,0.12374630700968477,0.04306850990468739,0.06354413470702125,0.08675481372856567,0.06927401504284453,0.08479802088317348,0.024492062898407135,0.05490504998777577,0.017686299097924643,0.07050889455540897,0.04143203796014927,0.05633673867912483,0.03057124187987994,0.07002028035251309,0.033260520245950005,0.04848512338791566,0.06262195133547421,0.029700988917471777,0.03554741156875253,0.07391616980533695,0.011430371006562134,0.0021836601342771385,0.026654968874914416,0.03088161777508183,0.019773883526676354,0.01953125,0.01516032685181643,0.01019561182510796,0.021506558149946522,0.035061177873078594,0.02132844694125152,0.0242573092741684,0.03813598474563796,0.0192608231673008,0.010381001770248682,0.013879560940968648,0.03371616504225013,0.26748722509379563,0.0048828125,0.009264485332524549,0.01878455474772592,0.011430371006562134,0.0170549308560283,0.013706707859002147,0.009264485332524549,0.010563138502335907,0.022798081113142094,0.018657200365764452,0.009003461384075085,0.011759369705851851,0.0192608231673008,0.02003738723504218,0.01875915303935405,0.01313830473347042,0.02229045353615884,0.01953125,0.012732817197661424,0.018657200365764452,0.01019561182510796,0.015655487833868553,0.0126953125,0.013282686043686957,0.007437278423695223,0.018347943582085875,0.012079411012551739,0.007873298582322802,0.04203758447271657,0.010563138502335907,0.007109482313750506,0.031204190055996988,0.01171875,0.008843149548962322,0.021417687694786434,0.0009765625,0.007109482313750506,0.0126953125,0.005258950006967289,0.006253051013118016,0.0170549308560283,0.007873298582322802,0.011430371006562134,0.00390625,0.009212872199274027,0.007109482313750506,0.005258950006967289,0.0021836601342771385,0.019186408891004394,0.020132351687586234,0.007873298582322802,0.0170549308560283,0.013810679320049757,0.0027621358640099515,0.009264485332524549,0.0048828125,0.005694288959809864,0.005524271728019903,0.0041432037960149265,0.004026470337517247,0.021506558149946522,0.007109482313750506,0.009003461384075085,0.1591796875,1,1,1.0
19.53125,10.780231475830078,6.0,0.3084229826927185,1.5779472589492798,1.953125,15.436567306518555,9.41799259185791,5.46875,0.42331045866012573,0.07988137751817703,6691.0,88705.0,227033648.0,13.257360458374023,0.2682665288448334,1.1446101665496826,3.381708860397339,1.1675082305373508e-06,3.515625,0.10699822008609772,1214,1390,1532,1527,1351,1401,1358,1276,954,862,872,909,812,876,939,971,752,794,841,776,695,766,888,1084,1035,1063,1101,1086,888,910,894,967,893,1005,1020,1096,969,1080,1084,1101,990,952,943,920,860,1053,1099,1021,796,783,896,1006,909,1036,1112,1102,877,888,974,971,797,870,1001,1020,893,968,1008,971,938,952,1040,1147,1022,1097,1114,1097,1066,1209,1370,1501,1391,1487,1544,1464,1304,1148,1079,984,903,1054,1119,1081,939,984,1005,1102,1016,1049,1003,974,1003,1119,1179,1162,875,911,872,799,651,681,777,846,778,973,1148,1225,1038,1144,1258,1244,1055,1149,1118,1100,878,872,841,908,808,906,940,984,923,1021,1099,1099,1006,1084,1112,1113,813,871,954,1017,876,1065,1165,1199,1019,1112,1196,1096,856,847,874,841,742,718,811,888,633,702,743,731,653,784,971,1104,975,1066,1004,890,856,956,1040,1083,894,1004,1230,1390,1278,1306,1134,1018,811,808,939,1071,1096,1148,1224,1180,909,970,972,941,747,745,877,1023,880,941,1096,1133,1036,1244,1324,1276,1086,1096,1021,1036,797,860,944,1112,921,892,939,942,810,970,1120,1103,984,969,927,970,909,1072,1147,1210,1069,1098,1080,1021,778,780,941,1063,1035,1135,1144,1133,1145,1160,1263,1303,1180,1289,1277,1227,1049,958,912,941,0.00048828125,0.12477472987481092,0.2194746820190504,0.2139719527929566,0.22178291236541456,0.22484702101946585,0.2523785924329895,0.23353527957600032,0.1205412040953865,0.21566780881662803,0.16105881350068987,0.10867960438229156,0.12839104547857702,0.09019335850795951,0.2805183218073802,0.08602623259978609,0.1906299027609786,0.05286081485439202,0.14355800910272845,0.15235939923629435,0.17398441446592502,0.023294649300540163,0.03936649291161401,0.2012974615582252,0.07161606295819962,0.11981510541189404,0.12861368907727672,0.09594695501301503,0.030508787796510367,0.08652365794272143,0.10801063796033082,0.06078268093591967,0.07539163697507337,0.013810679320049757,0.05590340539594418,0.01284467425582608,0.07510013253800929,0.04102724909687501,0.05459150335692846,0.0318844291353799,0.06870032162875608,0.02883754503951836,0.05097805912553979,0.057971961248655585,0.025947910655442233,0.036773770280786586,0.07230520453286238,0.009212872199274027,0.009264485332524549,0.018165112536853784,0.03843489971514537,0.028185292362620726,0.009264485332524549,0.004026470337517247,0.003521046167445302,0.0166875073150733,0.0400390625,0.01179984958358845,0.020899350155305366,0.031310975667737106,0.018657200365764452,0.0166875073150733,0.004367320268554277,0.040700519500341224,0.2684126044598319,0.007042092334890604,0.01441877251975918,0.015440808887540914,0.019236050394133015,0.025390625,0.01019561182510796,0.018165112536853784,0.009959022487485907,0.025559086578715626,0.019555648822754675,0.01441877251975918,0.010786485368346935,0.029556144434417102,0.022269051271467537,0.008400708268596315,0.004026470337517247,0.011048543456039806,0.029765137996344084,0.022545696055889054,0.021035800027869155,0.009003461384075085,0.025202124805788945,0.019652941208494246,0.011388577919619728,0.01188039556698871,0.025559086578715626,0.010563138502335907,0.009003461384075085,0.04372776011179318,0.011388577919619728,0.011920464468489943,0.0341098617120566,0.013810679320049757,0.0048828125,0.02568934851165216,0.0048828125,0.008286407592029853,0.008843149548962322,0.0021836601342771385,0.011134525635733769,0.013282686043686957,0.009765625,0.009618025197066508,0.010517900013934578,0.007437278423695223,0.003521046167445302,0.014218964627501012,0.010918300671385692,0.0107421875,0.023640075072090243,0.013101960805662831,0.013810679320049757,0.01875915303935405,0.010517900013934578,0.014517645261053229,0.007437278423695223,0.014218964627501012,0.013810679320049757,0.008734640537108554,0.005258950006967289,0.013566839833447074,0.015440808887540914,0.00834375365753665,0.16796875,1,1,1.0
15.234375,10.339627265930176,9.0,0.24881131947040558,2.432190179824829,25.0,9.82297420501709,8.162616729736328,2.34375,0.5323230028152466,0.08611487597227097,7776.0,80020.0,299051744.0,10.290637969970703,0.21886567771434784,1.0040150880813599,2.7548582553863525,9.041254998010118e-06,-3.125,0.08947764337062836,1064,1112,1117,1081,1103,1277,1405,1353,1214,1390,1532,1527,1351,1401,1358,1276,954,862,872,909,812,876,939,971,752,794,841,776,695,766,888,1084,1035,1063,1101,1086,888,910,894,967,893,1005,1020,1096,969,1080,1084,1101,990,952,943,920,860,1053,1099,1021,796,783,896,1006,909,1036,1112,1102,877,888,974,971,797,870,1001,1020,893,968,1008,971,938,952,1040,1147,1022,1097,1114,1097,1066,1209,1370,1501,1391,1487,1544,1464,1304,1148,1079,984,903,1054,1119,1081,939,984,1005,1102,1016,1049,1003,974,1003,1119,1179,1162,875,911,872,799,651,681,777,846,778,973,1148,1225,1038,1144,1258,1244,1055,1149,1118,1100,878,872,841,908,808,906,940,984,923,1021,1099,1099,1006,1084,1112,1113,813,871,954,1017,876,1065,1165,1199,1019,1112,1196,1096,856,847,874,841,742,718,811,888,633,702,743,731,653,784,971,1104,975,1066,1004,890,856,956,1040,1083,894,1004,1230,1390,1278,1306,1134,1018,811,808,939,1071,1096,1148,1224,1180,909,970,972,941,747,745,877,1023,880,941,1096,1133,1036,1244,1324,1276,1086,1096,1021,1036,797,860,944,1112,921,892,939,942,810,970,1120,1103,984,969,927,970,909,1072,1147,1210,1069,1098,1080,1021,778,780,941,1063,1035,1135,1144,1133,1145,1160,1263,1303,0.00341796875,0.13073177664331043,0.2158755408690568,0.22045236030503848,0.23197213906679107,0.21566338681179245,0.26326103698836906,0.24971373380841325,0.1016235168273726,0.235996991671769,0.18363530114911186,0.11748416225750455,0.1155690650705003,0.10797973047004152,0.2598647308595889,0.11739077422042293,0.17342716220598292,0.05960232234244972,0.1087497825181913,0.15436484855603158,0.17576226025898636,0.057492914177871196,0.012506102026236032,0.17298668359210576,0.1011909142920149,0.09777824411377337,0.09886941763338178,0.12724575648698588,0.049032774260285905,0.05363097741307024,0.072265625,0.07072497288476526,0.08660628440555082,0.03941491420041126,0.033673710253059895,0.04559616222628419,0.08446559986784653,0.02681548870653512,0.057351745546976654,0.05447783469133341,0.04216217411117754,0.03088161777508183,0.07370297759419221,0.0439453125,0.015254393898255184,0.014084184669781208,0.05511309007625962,0.028437929255002024,0.016630260122975003,0.024472586105745445,0.01878455474772592,0.03088161777508183,0.028117539157984314,0.022482157096135425,0.01875915303935405,0.03088161777508183,0.025633603024231812,0.02763861659782208,0.022545696055889054,0.04697661512033474,0.027759121881937295,0.0048828125,0.020132351687586234,0.024647323172117114,0.27267261882276345,0.009003461384075085,0.00390625,0.020108652619115236,0.007042092334890604,0.015776850020901866,0.01441877251975918,0.003521046167445302,0.009959022487485907,0.025334222209126653,0.01708286687942959,0.00834375365753665,0.011134525635733769,0.01953125,0.0205078125,0.01792730444402912,0.01242961138804478,0.021417687694786434,0.020531050821902968,0.01242961138804478,0.0166015625,0.011388577919619728,0.018657200365764452,0.014938533731228863,0.009959022487485907,0.010381001770248682,0.017820593350483065,0.009765625,0.0048828125,0.03847210078826603,0.009003461384075085,0.006905339660024878,0.026672852116694654,0.012506102026236032,0.01313830473347042,0.01824369305885684,0.003088161777508183,0.005258950006967289,0.016105881350068987,0.006905339660024878,0.0029296875,0.020132351687586234,0.004026470337517247,0.007873298582322802,0.007109482313750506,0.004979511243742954,0.005258950006967289,0.009212872199274027,0.006253051013118016,0.01886055460530075,0.016630260122975003,0.005258950006967289,0.0126953125,0.01886055460530075,0.006905339660024878,0.0126953125,0.007437278423695223,0.004367320268554277,0.006176323555016366,0.006176323555016366,0.005859375,0.022032254243512652,0.007109482313750506,0.010054326309557618,0.1572265625,1,1,1.0
15.234375,10.318319320678711,9.0,0.264597088098526,2.287874221801758,2.34375,9.69690227508545,8.338584899902344,25.0,0.5117316842079163,0.08461789041757584,7508.0,76333.0,269101824.0,10.166888236999512,0.22367124259471893,1.0528689622879028,2.7240140438079834,4.1621965465310495e-06,0.0,0.08860024064779282,1067,1229,1311,1256,1103,1112,1143,1232,1064,1112,1117,1081,1103,1277,1405,1353,1214,1390,1532,1527,1351,1401,1358,1276,954,862,872,909,812,876,939,971,752,794,841,776,695,766,888,1084,1035,1063,1101,1086,888,910,894,967,893,1005,1020,1096,969,1080,1084,1101,990,952,943,920,860,1053,1099,1021,796,783,896,1006,909,1036,1112,1102,877,888,974,971,797,870,1001,1020,893,968,1008,971,938,952,1040,1147,1022,1097,1114,1097,1066,1209,1370,1501,1391,1487,1544,1464,1304,1148,1079,984,903,1054,1119,1081,939,984,1005,1102,1016,1049,1003,974,1003,1119,1179,1162,875,911,872,799,651,681,777,846,778,973,1148,1225,1038,1144,1258,1244,1055,1149,1118,1100,878,872,841,908,808,906,940,984,923,1021,1099,1099,1006,1084,1112,1113,813,871,954,1017,876,1065,1165,1199,1019,1112,1196,1096,856,847,874,841,742,718,811,888,633,702,743,731,653,784,971,1104,975,1066,1004,890,856,956,1040,1083,894,1004,1230,1390,1278,1306,1134,1018,811,808,939,1071,1096,1148,1224,1180,909,970,972,941,747,745,877,1023,880,941,1096,1133,1036,1244,1324,1276,1086,1096,1021,1036,797,860,944,1112,921,892,939,942,810,970,1120,1103,984,969,927,970,909,1072,1147,1210,1069,1098,1080,1021,778,780,941,1063,0.0,0.13642896185671421,0.22402479974520434,0.22508653460187714,0.22894299313148656,0.22478975433676945,0.25652384198422507,0.23825923630382523,0.1104206780238824,0.23143089024157473,0.17556681799407997,0.12840218682729376,0.10417683869605146,0.12003776591798945,0.2647943411231069,0.12839104547857702,0.1750336750872551,0.06397788810218437,0.09427748739177477,0.15467035988530828,0.17362501300677147,0.07072497288476526,0.011430371006562134,0.1584350393130538,0.11215173007618755,0.11005733729595579,0.10990125211882328,0.13003324817093054,0.05219815630817487,0.06738988866830514,0.0849833842474194,0.06149242770090299,0.080078125,0.029378142493147116,0.04314594147338774,0.03516981075267404,0.0731900856349677,0.03656571333368956,0.06615445138453105,0.05899924791794225,0.0390625,0.025334222209126653,0.08273738117177787,0.03477440198196261,0.014906579611790769,0.005940197783494355,0.04848512338791566,0.0363433477850164,0.023619895746968406,0.03179457147675724,0.013566839833447074,0.029313146523053973,0.03144773864864183,0.024705294220065465,0.017820593350483065,0.02638526579317636,0.03304477405407936,0.0244140625,0.02231183527108567,0.04144354526156825,0.02378085090212094,0.005258950006967289,0.01589728573837862,0.027361183058831836,0.27684298155811765,0.0087890625,0.003088161777508183,0.01824369305885684,0.008286407592029853,0.017469281074217108,0.01800692276815017,0.001953125,0.013028968812623373,0.022777155839239456,0.019749754312653012,0.010786485368346935,0.01313830473347042,0.020531050821902968,0.019186408891004394,0.016164985700436375,0.010918300671385692,0.021035800027869155,0.019749754312653012,0.013101960805662831,0.019773883526676354,0.013601941676937616,0.013282686043686957,0.012732817197661424,0.011134525635733769,0.014218964627501012,0.0192608231673008,0.006253051013118016,0.001953125,0.03423544559171505,0.004026470337517247,0.010918300671385692,0.029378142493147116,0.013282686043686957,0.009003461384075085,0.022881590847382775,0.003521046167445302,0.0029296875,0.01528562093993997,0.005859375,0.004367320268554277,0.021035800027869155,0.0013810679320049757,0.005940197783494355,0.00834375365753665,0.004026470337517247,0.005694288959809864,0.010918300671385692,0.007109482313750506,0.020899350155305366,0.013601941676937616,0.0013810679320049757,0.012506102026236032,0.017953883116064683,0.006176323555016366,0.009765625,0.007437278423695223,0.0068359375,0.003521046167445302,0.0013810679320049757,0.003521046167445302,0.01760523083722651,0.009212872199274027,0.009264485332524549,0.1640625,1,1,1.0
15.625,10.324739456176758,9.0,0.271657258272171,2.176368236541748,5.46875,9.721715927124023,8.394448280334473,25.0,0.499042272567749,0.08564848452806473,7692.0,80953.0,276505376.0,10.524311065673828,0.22930046916007996,1.093722939491272,2.7097394466400146,4.9765796575229615e-05,0.0,0.0866146832704544,717,669,717,608,526,716,953,1147,1067,1229,1311,1256,1103,1112,1143,1232,1064,1112,1117,1081,1103,1277,1405,1353,1214,1390,1532,1527,1351,1401,1358,1276,954,862,872,909,812,876,939,971,752,794,841,776,695,766,888,1084,1035,1063,1101,1086,888,910,894,967,893,1005,1020,1096,969,1080,1084,1101,990,952,943,920,860,1053,1099,1021,796,783,896,1006,909,1036,1112,1102,877,888,974,971,797,870,1001,1020,893,968,1008,971,938,952,1040,1147,1022,1097,1114,1097,1066,1209,1370,1501,1391,1487,1544,1464,1304,1148,1079,984,903,1054,1119,1081,939,984,1005,1102,1016,1049,1003,974,1003,1119,1179,1162,875,911,872,799,651,681,777,846,778,973,1148,1225,1038,1144,1258,1244,1055,1149,1118,1100,878,872,841,908,808,906,940,984,923,1021,1099,1099,1006,1084,1112,1113,813,871,954,1017,876,1065,1165,1199,1019,1112,1196,1096,856,847,874,841,742,718,811,888,633,702,743,731,653,784,971,1104,975,1066,1004,890,856,956,1040,1083,894,1004,1230,1390,1278,1306,1134,1018,811,808,939,1071,1096,1148,1224,1180,909,970,972,941,747,745,877,1023,880,941,1096,1133,1036,1244,1324,1276,1086,1096,1021,1036,797,860,944,1112,921,892,939,942,810,970,1120,1103,984,969,927,970,909,1072,1147,1210,0.00146484375,0.11538324599798383,0.16808793918021472,0.22619599261524354,0.27649828493990164,0.19283586011246068,0.3145501597178352,0.2834421136011643,0.12973587788369842,0.19067242141966695,0.14116986997918998,0.10538281365835124,0.12436131387678467,0.12917969340603253,0.31506061515705913,0.14119688942916786,0.2101516212605961,0.08222865013680032,0.047621817735299256,0.1622446254316158,0.16034668556073275,0.10573064994084763,0.04271274946997859,0.15070735721765957,0.11056309233960179,0.13689999147558637,0.1332605322134081,0.09578281121280648,0.020132351687586234,0.056446664127415724,0.06982934039345608,0.08740097982525175,0.09692106074843364,0.04935265143942687,0.021836601342771385,0.04606436099637014,0.09203551096354229,0.02489755621871477,0.05498315726663768,0.04597110271851492,0.05111817315743125,0.01284467425582608,0.08496654974279769,0.025947910655442233,0.016370170521718956,0.0021836601342771385,0.04631213164601319,0.03941491420041126,0.024158822025103478,0.032241355506287456,0.015440808887540914,0.029296875,0.03179457147675724,0.02638526579317636,0.020692988379313566,0.02763861659782208,0.03629082846887118,0.0244140625,0.024647323172117114,0.03516981075267404,0.024158822025103478,0.00834375365753665,0.01800692276815017,0.02376079113397742,0.2822333206370786,0.016630260122975003,0.010918300671385692,0.027238917345666705,0.0013810679320049757,0.009003461384075085,0.0185546875,0.010054326309557618,0.007627196949127592,0.02580047815160724,0.0126953125,0.0027621358640099515,0.010381001770248682,0.0166015625,0.019773883526676354,0.021506558149946522,0.013101960805662831,0.01792730444402912,0.0244140625,0.017469281074217108,0.02157297073669387,0.007109482313750506,0.01188039556698871,0.007109482313750506,0.016105881350068987,0.01589728573837862,0.0170549308560283,0.009003461384075085,0.004979511243742954,0.031988944051092184,0.003088161777508183,0.013879560940968648,0.031988944051092184,0.012732817197661424,0.009212872199274027,0.023940723969006372,0.006253051013118016,0.0009765625,0.017387200990981306,0.008052940675034493,0.001953125,0.02039122365021592,0.0048828125,0.007437278423695223,0.008843149548962322,0.0021836601342771385,0.004367320268554277,0.012732817197661424,0.01019561182510796,0.021683206358568866,0.011759369705851851,0.0013810679320049757,0.0146484375,0.016370170521718956,0.005258950006967289,0.008286407592029853,0.004979511243742954,0.0078125,0.006176323555016366,0.0013810679320049757,0.0013810679320049757,0.01760523083722651,0.0087890625,0.008734640537108554,0.162109375,1,1,1.0
14.0625,10.018095016479492,6.0,0.3061070442199707,2.234854221343994,2.34375,14.4109525680542,8.229278564453125,5.46875,0.4793877899646759,0.08891010284423828,8289.0,104564.0,380776160.0,12.614790916442871,0.2145051658153534,1.014691948890686,3.3444368839263916,1.5079118384164758e-05,0.0,0.07548617571592331,0,46,201,716,970,1103,1165,1099,717,669,717,608,526,716,953,1147,1067,1229,1311,1256,1103,1112,1143,1232,1064,1112,1117,1081,1103,1277,1405,1353,1214,1390,1532,1527,1351,1401,1358,1276,954,862,872,909,812,876,939,971,752,794,841,776,695,766,888,1084,1035,1063,1101,1086,888,910,894,967,893,1005,1020,1096,969,1080,1084,1101,990,952,943,920,860,1053,1099,1021,796,783,896,1006,909,1036,1112,1102,877,888,974,971,797,870,1001,1020,893,968,1008,971,938,952,1040,1147,1022,1097,1114,1097,1066,1209,1370,1501,1391,1487,1544,1464,1304,1148,1079,984,903,1054,1119,1081,939,984,1005,1102,1016,1049,1003,974,1003,1119,1179,1162,875,911,872,799,651,681,777,846,778,973,1148,1225,1038,1144,1258,1244,1055,1149,1118,1100,878,872,841,908,808,906,940,984,923,1021,1099,1099,1006,1084,1112,1113,813,871,954,1017,876,1065,1165,1199,1019,1112,1196,1096,856,847,874,841,742,718,811,888,633,702,743,731,653,784,971,1104,975,1066,1004,890,856,956,1040,1083,894,1004,1230,1390,1278,1306,1134,1018,811,808,939,1071,1096,1148,1224,1180,909,970,972,941,747,745,877,1023,880,941,1096,1133,1036,1244,1324,1276,1086,1096,1021,1036,797,860,944,1112,921,892,939,942,810,970,1120,1103,0.0009765625,0.17267491856793044,0.05153622969515141,0.32333658459264264,0.38808254630186684,0.2812652583751638,0.36118689173911084,0.23077682335907787,0.22335118046899716,0.1826041313848844,0.15207433107809998,0.2010035134383247,0.0701835297219959,0.14839251991195618,0.2132844694125152,0.10272490599185358,0.20114580003951152,0.024647323172117114,0.1336178763393634,0.25181303639377284,0.2608153279907862,0.18213872397298664,0.1262639043724028,0.07968414897978651,0.19316445746926253,0.2269851425619035,0.21671988004955015,0.009003461384075085,0.06715598143341482,0.07565050940181373,0.0474110784919467,0.13810679320049757,0.10841603179284433,0.0814771557953756,0.05978604634771081,0.035907766232129365,0.06670715374194557,0.08622554708845358,0.11338643419506875,0.1012662822676749,0.0029296875,0.06287272891726513,0.0739355204326082,0.0683872710937953,0.026654968874914416,0.038397662600268556,0.03259437357085671,0.06419366574040936,0.054276145435899426,0.0603970550627587,0.028721564784868637,0.008734640537108554,0.0170549308560283,0.009003461384075085,0.019186408891004394,0.040794137840244965,0.026939676219011176,0.03758179961893331,0.03819845159298427,0.022714264354712906,0.024020261477048523,0.020320949264340638,0.028738162049926096,0.014084184669781208,0.28170062099357196,0.024119314521930602,0.018425744398548053,0.02376079113397742,0.0170549308560283,0.027500249688142037,0.016572815184059706,0.009959022487485907,0.025390625,0.015440808887540914,0.0342911130196864,0.023212625632821705,0.014084184669781208,0.038989189018900645,0.04239901044158674,0.04209426184033654,0.035907766232129365,0.03869455616437295,0.0441185820237364,0.03712222228271135,0.038397662600268556,0.0170549308560283,0.020320949264340638,0.01878455474772592,0.035907766232129365,0.0388789633542859,0.03837281778200879,0.016572815184059706,0.01875915303935405,0.05286081485439202,0.022482157096135425,0.007437278423695223,0.021506558149946522,0.025390625,0.017387200990981306,0.029700988917471777,0.017686299097924643,0.017469281074217108,0.023212625632821705,0.023619895746968406,0.01528562093993997,0.03168941550700772,0.020132351687586234,0.02229045353615884,0.021683206358568866,0.013601941676937616,0.0185546875,0.0242573092741684,0.018657200365764452,0.03389952140177692,0.027413415718004295,0.016858082521125067,0.013982247132105814,0.029378142493147116,0.020600608505594715,0.024158822025103478,0.02157297073669387,0.019773883526676354,0.01824369305885684,0.016630260122975003,0.015625,0.017469281074217108,0.023212625632821705,0.015746597164645604,0.14453125,1,1,1.0
9.765625,8.494569778442383,6.0,0.29748016595840454,3.914444923400879,1.171875,16.100465774536133,6.83052921295166,1.5625,0.5595698356628418,0.1141200065612793,13656.0,206100.0,1068541568.0,15.092267036437988,0.14294998347759247,1.3263059854507446,3.425762891769409,2.288353016410838e-06,0.0,0.0864657387137413,1691,1567,205,0,0,0,0,40,0,46,201,716,970,1103,1165,1099,717,669,717,608,526,716,953,1147,1067,1229,1311,1256,1103,1112,1143,1232,1064,1112,1117,1081,1103,1277,1405,1353,1214,1390,1532,1527,1351,1401,1358,1276,954,862,872,909,812,876,939,971,752,794,841,776,695,766,888,1084,1035,1063,1101,1086,888,910,894,967,893,1005,1020,1096,969,1080,1084,1101,990,952,943,920,860,1053,1099,1021,796,783,896,1006,909,1036,1112,1102,877,888,974,971,797,870,1001,1020,893,968,1008,971,938,952,1040,1147,1022,1097,1114,1097,1066,1209,1370,1501,1391,1487,1544,1464,1304,1148,1079,984,903,1054,1119,1081,939,984,1005,1102,1016,1049,1003,974,1003,1119,1179,1162,875,911,872,799,651,681,777,846,778,973,1148,1225,1038,1144,1258,1244,1055,1149,1118,1100,878,872,841,908,808,906,940,984,923,1021,1099,1099,1006,1084,1112,1113,813,871,954,1017,876,1065,1165,1199,1019,1112,1196,1096,856,847,874,841,742,718,811,888,633,702,743,731,653,784,971,1104,975,1066,1004,890,856,956,1040,1083,894,1004,1230,1390,1278,1306,1134,1018,811,808,939,1071,1096,1148,1224,1180,909,970,972,941,747,745,877,1023,880,941,1096,1133,1036,1244,1324,1276,1086,1096,1021,1036,797,860,944,1112,0.001953125,0.23769820124579882,0.029700988917471777,0.39894580207181357,0.4681769364886135,0.3649914591586892,0.40035251343005906,0.19586348064853185,0.30137674411694615,0.265775749961463,0.25485287779196775,0.2795170269797209,0.18022010485472384,0.16234745788745672,0.23060112723664752,0.0726866955700328,0.33570179321791915,0.13658615221734252,0.17352336785544054,0.331980981948497,0.27708573495689304,0.2552735122178544,0.1803364851153796,0.22281467088923154,0.10143565546545766,0.14705617565688334,0.09783674725669048,0.14337853243931994,0.07969611626212174,0.07560006731625744,0.10938371896051446,0.08965779839472014,0.1357983809047356,0.0978757299247407,0.05111817315743125,0.10289187813635137,0.15117805724600306,0.08558722115080268,0.1158822162772028,0.11630937270152675,0.06755949436104679,0.0947265625,0.1326472432344348,0.1067137526854296,0.07031928135701052,0.07474372311778302,0.06250762892892679,0.09096720311989938,0.08552033870676339,0.0882371640474728,0.055423686029932466,0.019457869965987574,0.013601941676937616,0.0375183060787081,0.05424099248827662,0.06738988866830514,0.06720566614877052,0.05097805912553979,0.05132298181043325,0.04979511243742954,0.07064402096252666,0.043858421040792225,0.06332614389403701,0.04574233761183738,0.23294649300540163,0.0342911130196864,0.04026470337517247,0.03516981075267404,0.04841623146968961,0.04239901044158674,0.05978604634771081,0.0465175990774006,0.0417530436063124,0.04576318169476555,0.022798081113142094,0.025465634395322848,0.03294360897154883,0.006905339660024878,0.009814331661250869,0.015746597164645604,0.00390625,0.016572815184059706,0.016016815885602272,0.008286407592029853,0.0126953125,0.015746597164645604,0.0244140625,0.013028968812623373,0.02489755621871477,0.017820593350483065,0.014218964627501012,0.021683206358568866,0.019918044974971814,0.03648738611771368,0.019749754312653012,0.01875915303935405,0.04200354134298158,0.010918300671385692,0.023640075072090243,0.013028968812623373,0.0126953125,0.01800692276815017,0.013101960805662831,0.019236050394133015,0.015440808887540914,0.0341098617120566,0.018657200365764452,0.021836601342771385,0.021945512748285382,0.014084184669781208,0.02003738723504218,0.019628663322501738,0.0126953125,0.023619895746968406,0.029378142493147116,0.017953883116064683,0.00834375365753665,0.03564118670096613,0.023940723969006372,0.016716057391234072,0.0185803687406645,0.02833714478231818,0.025409398107925172,0.022545696055889054,0.021683206358568866,0.03773374821555011,0.015746597164645604,0.027010384152225255,0.1826171875,1,1,1.0
11.71875,8.4213228225708,8.0,0.3114323318004608,2.999176025390625,2.34375,12.703534126281738,7.220885276794434,1.5625,0.5163902640342712,0.13024209439754486,17787.0,221546.0,1465827968.0,12.455501556396484,0.17217737436294556,1.1789817810058594,3.0291788578033447,7.027289484540233e-06,0.0,0.12612685561180115,1052,1120,1040,1068,1032,1271,1550,1694,1691,1567,205,0,0,0,0,40,0,46,201,716,970,1103,1165,1099,717,669,717,608,526,716,953,1147,1067,1229,1311,1256,1103,1112,1143,1232,1064,1112,1117,1081,1103,1277,1405,1353,1214,1390,1532,1527,1351,1401,1358,1276,954,862,872,909,812,876,939,971,752,794,841,776,695,766,888,1084,1035,1063,1101,1086,888,910,894,967,893,1005,1020,1096,969,1080,1084,1101,990,952,943,920,860,1053,1099,1021,796,783,896,1006,909,1036,1112,1102,877,888,974,971,797,870,1001,1020,893,968,1008,971,938,952,1040,1147,1022,1097,1114,1097,1066,1209,1370,1501,1391,1487,1544,1464,1304,1148,1079,984,903,1054,1119,1081,939,984,1005,1102,1016,1049,1003,974,1003,1119,1179,1162,875,911,872,799,651,681,777,846,778,973,1148,1225,1038,1144,1258,1244,1055,1149,1118,1100,878,872,841,908,808,906,940,984,923,1021,1099,1099,1006,1084,1112,1113,813,871,954,1017,876,1065,1165,1199,1019,1112,1196,1096,856,847,874,841,742,718,811,888,633,702,743,731,653,784,971,1104,975,1066,1004,890,856,956,1040,1083,894,1004,1230,1390,1278,1306,1134,1018,811,808,939,1071,1096,1148,1224,1180,909,970,972,941,747,745,877,1023,880,941,1096,1133,1036,1244,1324,1276,0.0029296875,0.20567482017211547,0.0065509804028314154,0.3672706022982237,0.4566565387651563,0.3410091368941784,0.42577341054996337,0.23316132699643455,0.32618503201383,0.25847932525537254,0.26494196418228205,0.3175330173415842,0.2058509434053653,0.19981623790539163,0.23624336677402513,0.10932267163403539,0.37805583731174985,0.1778791906596344,0.19424758512942517,0.3482619591800317,0.26873218566048857,0.25828739701264253,0.17817917384802318,0.24301498316658796,0.06129826104091881,0.1077321513322001,0.07539163697507337,0.14235722399524658,0.06184039140229517,0.0834261059928654,0.10471100045230518,0.11107513057092329,0.13827931893072554,0.0943634309056488,0.03401186477982031,0.08414320011147662,0.13001491167670262,0.07909553410670542,0.10972756374142692,0.10651696269742747,0.046915672458844974,0.07977385983753642,0.11304950028266449,0.08986497711193235,0.050413708981016825,0.05633673867912483,0.04572148402624854,0.07331376710595101,0.0631149555939708,0.0657858195042941,0.03419363554689765,0.005258950006967289,0.011134525635733769,0.019186408891004394,0.0285216442705278,0.044932488555966175,0.04217348219079919,0.03803582440263759,0.04078244730043184,0.025334222209126653,0.051202057534837225,0.035814689103305174,0.058070581044212914,0.029313146523053973,0.23542448947928513,0.03629082846887118,0.04293544518941525,0.0341098617120566,0.05709342180563854,0.05476591755003888,0.07077215207809937,0.056892623686052766,0.05317559917992962,0.05245331641404603,0.031988944051092184,0.03416573375885918,0.03965613379735733,0.013671875,0.013879560940968648,0.019457869965987574,0.009765625,0.016858082521125067,0.01953125,0.013810679320049757,0.015440808887540914,0.026203921611325662,0.03500673501745102,0.024647323172117114,0.034938562148434216,0.02713367966689415,0.023640075072090243,0.03485657870620068,0.03304477405407936,0.050753072110102666,0.032638232357555474,0.019749754312653012,0.03656571333368956,0.0242573092741684,0.0235996991671769,0.026939676219011176,0.016105881350068987,0.015254393898255184,0.02108108705558877,0.019236050394133015,0.009003461384075085,0.024724587697601882,0.014517645261053229,0.015655487833868553,0.019773883526676354,0.010786485368346935,0.01760523083722651,0.013282686043686957,0.007042092334890604,0.016016815885602272,0.02568934851165216,0.015776850020901866,0.01528562093993997,0.029813159223581537,0.018347943582085875,0.008400708268596315,0.011048543456039806,0.017304731588544287,0.013810679320049757,0.010918300671385692,0.009814331661250869,0.021417687694786434,0.009765625,0.01019561182510796,0.166015625,1,1,1.0
10.546875,8.212486267089844,8.0,0.3258739411830902,3.231767416000366,2.34375,12.175387382507324,7.05418062210083,1.5625,0.5148247480392456,0.12924981117248535,17517.0,211636.0,1441737088.0,12.081748962402344,0.159301295876503,1.1829981803894043,2.9928054809570312,2.1853253201697953e-05,0.0,0.12449398636817932,1065,1103,1024,1102,1040,1085,1020,1080,1052,1120,1040,1068,1032,1271,1550,1694,1691,1567,205,0,0,0,0,40,0,46,201,716,970,1103,1165,1099,717,669,717,608,526,716,953,1147,1067,1229,1311,1256,1103,1112,1143,1232,1064,1112,1117,1081,1103,1277,1405,1353,1214,1390,1532,1527,1351,1401,1358,1276,954,862,872,909,812,876,939,971,752,794,841,776,695,766,888,1084,1035,1063,1101,1086,888,910,894,967,893,1005,1020,1096,969,1080,1084,1101,990,952,943,920,860,1053,1099,1021,796,783,896,1006,909,1036,1112,1102,877,888,974,971,797,870,1001,1020,893,968,1008,971,938,952,1040,1147,1022,1097,1114,1097,1066,1209,1370,1501,1391,1487,1544,1464,1304,1148,1079,984,903,1054,1119,1081,939,984,1005,1102,1016,1049,1003,974,1003,1119,1179,1162,875,911,872,799,651,681,777,846,778,973,1148,1225,1038,1144,1258,1244,1055,1149,1118,1100,878,872,841,908,808,906,940,984,923,1021,1099,1099,1006,1084,1112,1113,813,871,954,1017,876,1065,1165,1199,1019,1112,1196,1096,856,847,874,841,742,718,811,888,633,702,743,731,653,784,971,1104,975,1066,1004,890,856,956,1040,1083,894,1004,1230,1390,1278,1306,1134,1018,811,808,939,1071,1096,1148,1224,1180,909,970,972,941,747,745,877,1023,0.0009765625,0.20866926447964626,0.006253051013118016,0.37322195049141105,0.45919729934855225,0.34684470104510234,0.4146264033093998,0.2236903753700707,0.31180495215123694,0.24609568761638004,0.24730758431509056,0.31387636352874876,0.19527831732125386,0.2164578923602442,0.22291737018604912,0.13103780396089723,0.39816574103810815,0.20233941386521884,0.20941517003297877,0.353705760764161,0.25507730247283156,0.24652159299539722,0.15922760973417943,0.2299488475142777,0.06078268093591967,0.11733795679982259,0.09903807522482594,0.1215418247400162,0.05414420420167622,0.0663200267435533,0.09898028213963328,0.09570810733204388,0.13889177107469552,0.1026320263110255,0.04941058844013093,0.0986328125,0.142256701051798,0.09142732295818784,0.12084541698851846,0.11301997077483834,0.041581384484460485,0.07827743916934277,0.10841603179284433,0.0872644796953715,0.04809012598533254,0.0556640625,0.04404286048351438,0.07560006731625744,0.06186351939340568,0.06397788810218437,0.031035641761856844,0.013810679320049757,0.020716018980074635,0.018657200365764452,0.01800692276815017,0.03828573395295441,0.028721564784868637,0.04794116292434991,0.053790778726251605,0.018657200365764452,0.06457877194283375,0.05156397961892221,0.07376764635945804,0.046188412462443235,0.22093849797003215,0.04280196679845923,0.04695630968816917,0.03837281778200879,0.04841623146968961,0.03911129764550935,0.054774623681172495,0.04026470337517247,0.04130524605968086,0.03853402276747824,0.03371616504225013,0.037109375,0.043858421040792225,0.027203883353875233,0.02681548870653512,0.029133659941750583,0.021417687694786434,0.027621358640099514,0.015254393898255184,0.011134525635733769,0.0078125,0.024472586105745445,0.03221176270013797,0.0192608231673008,0.03221176270013797,0.0235996991671769,0.02003738723504218,0.0283875817456028,0.027203883353875233,0.04419417382415922,0.027964494264211628,0.02157297073669387,0.04026470337517247,0.022545696055889054,0.026565372087373914,0.025390625,0.018528970665049098,0.01886055460530075,0.0234375,0.021945512748285382,0.01188039556698871,0.025465634395322848,0.016253239235442616,0.0166875073150733,0.021683206358568866,0.011920464468489943,0.019652941208494246,0.011134525635733769,0.0065509804028314154,0.011759369705851851,0.023518739411703703,0.014778072217208551,0.01680141653719263,0.023518739411703703,0.01171875,0.0021836601342771385,0.004979511243742954,0.013282686043686957,0.01242961138804478,0.010054326309557618,0.010786485368346935,0.02765586378614511,0.006905339660024878,0.017578125,0.173828125,1,1,1.0
11.328125,8.408306121826172,7.0,0.3284934461116791,3.02361798286438,6.25,15.196901321411133,7.125547409057617,1.5625,0.504615306854248,0.12920552492141724,17505.0,239242.0,1534028032.0,13.66706657409668,0.16689123213291168,1.3104482889175415,3.3685431480407715,1.6066500393208116e-05,0.0,0.12274851649999619,4095,4095,4095,4095,1789,1133,1127,1127,1065,1103,1024,1102,1040,1085,1020,1080,1052,1120,1040,1068,1032,1271,1550,1694,1691,1567,205,0,0,0,0,40,0,46,201,716,970,1103,1165,1099,717,669,717,608,526,716,953,1147,1067,1229,1311,1256,1103,1112,1143,1232,1064,1112,1117,1081,1103,1277,1405,1353,1214,1390,1532,1527,1351,1401,1358,1276,954,862,872,909,812,876,939,971,752,794,841,776,695,766,888,1084,1035,1063,1101,1086,888,910,894,967,893,1005,1020,1096,969,1080,1084,1101,990,952,943,920,860,1053,1099,1021,796,783,896,1006,909,1036,1112,1102,877,888,974,971,797,870,1001,1020,893,968,1008,971,938,952,1040,1147,1022,1097,1114,1097,1066,1209,1370,1501,1391,1487,1544,1464,1304,1148,1079,984,903,1054,1119,1081,939,984,1005,1102,1016,1049,1003,974,1003,1119,1179,1162,875,911,872,799,651,681,777,846,778,973,1148,1225,1038,1144,1258,1244,1055,1149,1118,1100,878,872,841,908,808,906,940,984,923,1021,1099,1099,1006,1084,1112,1113,813,871,954,1017,876,1065,1165,1199,1019,1112,1196,1096,856,847,874,841,742,718,811,888,633,702,743,731,653,784,971,1104,975,1066,1004,890,856,956,1040,1083,894,1004,1230,1390,1278,1306,1134,1018,811,808,939,1071,1096,1148,1224,1180,0.00146484375,0.3223691831717,0.5285404895874116,0.7334530501470558,0.973011120629739,0.8525440963124585,0.3978362689592467,0.32131725987587506,0.18726588574241337,0.26743730612522915,0.316002104933283,0.7036165003070881,0.5860172471772975,0.63595891443137,0.635184657363664,0.4438205286848828,0.5907299130221527,0.30317665525160536,0.19918044974971816,0.3362567183380005,0.5201595780462961,0.5289562297517292,0.48610648501177994,0.538957226190166,0.25667436398280324,0.17679018177371172,0.2644483647559015,0.2270418555033204,0.19619186803859293,0.1750336750872551,0.15043183790010645,0.11496094413651017,0.2172824130795942,0.2459542015056487,0.21481045551675645,0.24330717111626932,0.22483217550233614,0.1880738695180907,0.16132505104516956,0.08022685311930028,0.08164085862705807,0.06634878027915246,0.1738308681314456,0.1396620950489324,0.10143565546545766,0.09492267875174115,0.025465634395322848,0.0720938625987959,0.0341098617120566,0.05045152872300582,0.03549371454177001,0.0146484375,0.015746597164645604,0.050043468653589676,0.051202057534837225,0.017953883116064683,0.03803582440263759,0.07001347003490203,0.09635856549643758,0.057691622998991915,0.12538088941956277,0.12313210094133277,0.138496395353377,0.11568453519001105,0.25052206841453173,0.0616473207112759,0.04377135709182611,0.05112750044026728,0.08055900770953259,0.11591513034909488,0.14022090921594987,0.13482576217110562,0.12018068697578932,0.12155359387563179,0.0658944547181146,0.05869944893417468,0.05208841934802573,0.09220115431189195,0.1072841802164095,0.11670228323643739,0.1077587048760447,0.10913932477303523,0.08181006266064746,0.07873298582322802,0.06900504229269341,0.05402076830445051,0.03837281778200879,0.052344114387724204,0.03951157875809357,0.047651847260765046,0.05551824376387459,0.07627196949127592,0.06738988866830514,0.08205449819375002,0.037186392118476116,0.009264485332524549,0.03389952140177692,0.006176323555016366,0.03676080122015373,0.024705294220065465,0.031988944051092184,0.028721564784868637,0.03384320986555363,0.013810679320049757,0.010381001770248682,0.04026470337517247,0.03389952140177692,0.04543902392239001,0.05371981460732448,0.04642525126564341,0.05078125,0.032754902014157074,0.03813598474563796,0.04496431419227085,0.035224001556389516,0.040700519500341224,0.035814689103305174,0.075442218421203,0.06655687191948725,0.05747632409985219,0.05791435548118257,0.05086569001213054,0.047037478823407405,0.05027163154778809,0.05306788347341221,0.07075193627609358,0.05635366424317777,0.07925212330184954,0.2333984375,1,1,1.0
8.203125,6.792811870574951,8.0,0.3084740936756134,6.87934684753418,1.953125,19.049551010131836,5.52726936340332,1.5625,0.6037615537643433,0.27463987469673157,79091.0,1319053.0,39813824512.0,16.677661895751953,0.08776436746120453,1.2765873670578003,3.784254312515259,9.877746265374299e-08,0.0,0.09909556806087494,0,0,0,7,1452,3593,4095,4095,4095,4095,4095,4095,1789,1133,1127,1127,1065,1103,1024,1102,1040,1085,1020,1080,1052,1120,1040,1068,1032,1271,1550,1694,1691,1567,205,0,0,0,0,40,0,46,201,716,970,1103,1165,1099,717,669,717,608,526,716,953,1147,1067,1229,1311,1256,1103,1112,1143,1232,1064,1112,1117,1081,1103,1277,1405,1353,1214,1390,1532,1527,1351,1401,1358,1276,954,862,872,909,812,876,939,971,752,794,841,776,695,766,888,1084,1035,1063,1101,1086,888,910,894,967,893,1005,1020,1096,969,1080,1084,1101,990,952,943,920,860,1053,1099,1021,796,783,896,1006,909,1036,1112,1102,877,888,974,971,797,870,1001,1020,893,968,1008,971,938,952,1040,1147,1022,1097,1114,1097,1066,1209,1370,1501,1391,1487,1544,1464,1304,1148,1079,984,903,1054,1119,1081,939,984,1005,1102,1016,1049,1003,974,1003,1119,1179,1162,875,911,872,799,651,681,777,846,778,973,1148,1225,1038,1144,1258,1244,1055,1149,1118,1100,878,872,841,908,808,906,940,984,923,1021,1099,1099,1006,1084,1112,1113,813,871,954,1017,876,1065,1165,1199,1019,1112,1196,1096,856,847,874,841,742,718,811,888,633,702,743,731,653,784,971,1104,975,1066,1004,890,856,956,1040,1083,894,1004,1230,1390,1278,1306,1134,1018,0.001953125,0.37153037635789704,0.5833741128382243,0.7806882746198422,1.048606692902027,0.9395023578900465,0.4777027933781312,0.4248091774188009,0.31123553996986275,0.3962545997521127,0.45967057249435184,0.8622139940273424,0.7526915256437254,0.7731668017842901,0.805276303467796,0.5558759824908396,0.6000656727771618,0.364352052990053,0.37228043197532995,0.5511871357406276,0.6684040636542916,0.6477341111596375,0.5322122274445636,0.5638454030040234,0.2437105587080323,0.20993368282408145,0.2974029664867142,0.07219300616514149,0.15339804458664985,0.10294747533680783,0.16783527127422115,0.1373069100993652,0.19163779442085083,0.11839385584792424,0.013282686043686957,0.07292247930700965,0.16836855126529948,0.12748162230642857,0.19149093311648024,0.20664394787025883,0.09588232584869982,0.12241747509243855,0.029313146523053973,0.02568934851165216,0.09860863719815889,0.12018068697578932,0.1591167676643575,0.17369091319120672,0.17541193843216957,0.16403052608819352,0.1319263289658818,0.12223816584624102,0.12885445218785735,0.11303262722282682,0.08848001166014224,0.11328125,0.09229936439898723,0.14128804192505331,0.13241697769336572,0.10446936812747135,0.1114522676807942,0.05086569001213054,0.01760523083722651,0.01284467425582608,0.2553519539015281,0.06214038386692591,0.07340476747252396,0.0629030582624528,0.05899924791794225,0.025390625,0.036461239653504826,0.04531292093015696,0.07366414908455511,0.07888425010450933,0.05960232234244972,0.0528788530104722,0.0412127887617367,0.04217348219079919,0.06466731691852853,0.08617022819709289,0.08093105216836195,0.08400708268596316,0.08145374281908893,0.07817991234228686,0.0656552199764516,0.06350660346831682,0.05006252194521991,0.04200354134298158,0.02489755621871477,0.030649130520459405,0.03756910949545184,0.07077215207809937,0.0712957509704843,0.08273161770960155,0.06284238493436003,0.03623823303765522,0.015440808887540914,0.03538607603904968,0.005940197783494355,0.022032254243512652,0.015655487833868553,0.028721564784868637,0.02286074201312427,0.0388789633542859,0.032122820709762745,0.038397662600268556,0.033332125323976586,0.02417855156863271,0.030289184412638327,0.0185546875,0.016016815885602272,0.010918300671385692,0.013982247132105814,0.030586835475323877,0.03149319432929121,0.026565372087373914,0.022881590847382775,0.047881447938012744,0.03625138904935661,0.025781989809461104,0.022777155839239456,0.0126953125,0.012236293052872722,0.015776850020901866,0.018961413905222265,0.04102724909687501,0.01792730444402912,0.036812650048771024,0.19140625,1,1,1.0
8.59375,6.148866653442383,8.0,0.3980681598186493,5.1002678871154785,1.953125,13.678709030151367,5.975357532501221,1.5625,0.5032588243484497,0.2839900255203247,84568.0,1172349.0,37766479872.0,13.862796783447266,0.0986730232834816,1.2654821872711182,3.1570980548858643,3.6952417303837137e-07,0.0,0.0958700180053711,3263,3015,2763,2536,2220,1854,1527,541,0,0,0,7,1452,3593,4095,4095,4095,4095,4095,4095,1789,1133,1127,1127,1065,1103,1024,1102,1040,1085,1020,1080,1052,1120,1040,1068,1032,1271,1550,1694,1691,1567,205,0,0,0,0,40,0,46,201,716,970,1103,1165,1099,717,669,717,608,526,716,953,1147,1067,1229,1311,1256,1103,1112,1143,1232,1064,1112,1117,1081,1103,1277,1405,1353,1214,1390,1532,1527,1351,1401,1358,1276,954,862,872,909,812,876,939,971,752,794,841,776,695,766,888,1084,1035,1063,1101,1086,888,910,894,967,893,1005,1020,1096,969,1080,1084,1101,990,952,943,920,860,1053,1099,1021,796,783,896,1006,909,1036,1112,1102,877,888,974,971,797,870,1001,1020,893,968,1008,971,938,952,1040,1147,1022,1097,1114,1097,1066,1209,1370,1501,1391,1487,1544,1464,1304,1148,1079,984,903,1054,1119,1081,939,984,1005,1102,1016,1049,1003,974,1003,1119,1179,1162,875,911,872,799,651,681,777,846,778,973,1148,1225,1038,1144,1258,1244,1055,1149,1118,1100,878,872,841,908,808,906,940,984,923,1021,1099,1099,1006,1084,1112,1113,813,871,954,1017,876,1065,1165,1199,1019,1112,1196,1096,856,847,874,841,742,718,811,888,633,702,743,731,653,784,971,1104,975,1066,1004,890,856,956,1040,1083,0.0009765625,0.7268282496603957,0.8732380156394978,1.0727960216257857,1.0725008458131955,0.8202101870719252,0.12861368907727672,0.23203790828514995,0.033203125,0.22594288251066144,0.21661644377983014,0.7032782493583232,0.7361299364413835,0.9553881183079492,0.9884636149060643,0.8241707304213738,0.8433124679376569,0.609030601797464,0.6165227086199994,0.7830113202247447,0.8137619781784513,0.7096304143793494,0.48503609119902097,0.4434669128943345,0.1340774435326756,0.1162109375,0.1377264758618339,0.09867631311772757,0.08093105216836195,0.08484861468846018,0.13806880860876772,0.12416177078596709,0.2644339392505037,0.22880132047365523,0.12216402652762148,0.03401186477982031,0.1467120626304772,0.16127775204802447,0.2646051913466507,0.3066468450802262,0.18492391310399883,0.17484832730408134,0.12742550337798478,0.11107513057092329,0.14979972184566653,0.13761564073605628,0.08315130061487501,0.08986497711193235,0.09717164919223241,0.14415134297042043,0.14732829816911022,0.15130417035009983,0.18411505526887298,0.1929594585946302,0.17157789039717364,0.19532226538087158,0.17232938870921183,0.19371416314238132,0.14836038292838236,0.11861114414600762,0.055928988528423255,0.019236050394133015,0.07038028416690333,0.05392358473546298,0.24146384135544788,0.0021836601342771385,0.04088754182706703,0.06207128352371369,0.10744850522186924,0.08527465428014151,0.06296367312427684,0.019749754312653012,0.08261626403148191,0.10287333905905921,0.11861114414600762,0.11496094413651017,0.09978156073785001,0.10374109436787589,0.12672756404303387,0.14295554178229514,0.12745169528628347,0.11673905079897348,0.07083276486636168,0.04577360017678893,0.015254393898255184,0.029700988917471777,0.05503516720158348,0.04680373814969437,0.059578316572928294,0.06658552317863588,0.07925212330184954,0.11865133905181628,0.12185136614797926,0.1291021534593131,0.07567571783616943,0.03168941550700772,0.04606436099637014,0.02708090746848056,0.04848512338791566,0.06377633541896756,0.04421574774481161,0.05334570423338931,0.05715185503281067,0.0902303587444944,0.09154720035357786,0.07305966841510972,0.06406726354240909,0.040465526084180976,0.033332125323976586,0.05208841934802573,0.06944588553734776,0.05476591755003888,0.06448271101257491,0.07565050940181373,0.07565050940181373,0.08309967343556565,0.07996490662474325,0.09456030028836097,0.07044800311277903,0.05402076830445051,0.03984805813106087,0.03931801199061991,0.03891573993197515,0.03371616504225013,0.03149319432929121,0.03614600688148779,0.04976637619625354,0.07817381287574024,0.2373046875,1,1,1.0
8.203125,6.7715163230896,8.0,0.4286912977695465,3.835805892944336,5.46875,11.700738906860352,6.00274658203125,1.171875,0.4531673192977905,0.3449229300022125,124751.0,1545458.0,91571273728.0,12.388341903686523,0.11814136058092117,1.0997931957244873,3.0472378730773926,5.636216542370676e-07,0.0,0.10601852089166641,1053,2472,3743,4095,4095,4095,4095,4095,3263,3015,2763,2536,2220,1854,1527,541,0,0,0,7,1452,3593,4095,4095,4095,4095,4095,4095,1789,1133,1127,1127,1065,1103,1024,1102,1040,1085,1020,1080,1052,1120,1040,1068,1032,1271,1550,1694,1691,1567,205,0,0,0,0,40,0,46,201,716,970,1103,1165,1099,717,669,717,608,526,716,953,1147,1067,1229,1311,1256,1103,1112,1143,1232,1064,1112,1117,1081,1103,1277,1405,1353,1214,1390,1532,1527,1351,1401,1358,1276,954,862,872,909,812,876,939,971,752,794,841,776,695,766,888,1084,1035,1063,1101,1086,888,910,894,967,893,1005,1020,1096,969,1080,1084,1101,990,952,943,920,860,1053,1099,1021,796,783,896,1006,909,1036,1112,1102,877,888,974,971,797,870,1001,1020,893,968,1008,971,938,952,1040,1147,1022,1097,1114,1097,1066,1209,1370,1501,1391,1487,1544,1464,1304,1148,1079,984,903,1054,1119,1081,939,984,1005,1102,1016,1049,1003,974,1003,1119,1179,1162,875,911,872,799,651,681,777,846,778,973,1148,1225,1038,1144,1258,1244,1055,1149,1118,1100,878,872,841,908,808,906,940,984,923,1021,1099,1099,1006,1084,1112,1113,813,871,954,1017,876,1065,1165,1199,1019,1112,1196,1096,856,847,874,841,742,718,811,888,633,702,743,731,653,784,971,1104,0.0,1.2219142429459842,1.2842925627674502,1.4363455075479654,1.046882287754484,0.5761437360713538,0.42323141678438797,0.3258047264660193,0.4821934950944753,0.6943077800637346,0.6533400186209632,1.1370140295178035,1.192621130719219,1.285454527030985,1.2708380443714977,0.875781119327042,0.6049495316570225,0.4111652859800053,0.4318593019318202,0.5183293486970453,0.439974733840998,0.4556195227106688,0.4798898077685102,0.6116096409019713,0.3487258060499334,0.3217399239670396,0.4343727605748253,0.19565643545476158,0.2611788975087885,0.19668463328563093,0.21707383069737543,0.17250915060789393,0.09932653624899368,0.06332614389403701,0.09310692528557053,0.13558753555310046,0.12933463383705707,0.05469621861304862,0.14352811191084278,0.22618545201584755,0.15917669188132177,0.18561111141355677,0.08598742335421881,0.09328600182882227,0.151149667296452,0.14559626610967097,0.10529680718112522,0.10569005283406006,0.1152509257182182,0.1589908532924585,0.15947896520932872,0.1648511550469468,0.18654644409814963,0.1754608625369959,0.14181691598216134,0.15934435979977452,0.1166041797235584,0.11818020292658805,0.09144296805249708,0.06549524467620006,0.10778082783196895,0.07389036108604276,0.050931268790645697,0.04597110271851492,0.28627276334247775,0.08874368994403384,0.10388807553694279,0.08893155292671455,0.06153118750790377,0.0013810679320049757,0.04200354134298158,0.0634765625,0.0803693731779683,0.07696898630952356,0.05022418308837418,0.04789140560640324,0.042979845868487083,0.041581384484460485,0.06917068776158118,0.09466613729982612,0.09232519179530072,0.09391261937633834,0.08128966317053421,0.07072497288476526,0.05449533761056135,0.0519784507116065,0.04597110271851492,0.039257326645003476,0.029765137996344084,0.03928161203343509,0.047138743695887386,0.07952841043555599,0.07418019146419118,0.0817634206599003,0.051794650805375465,0.026868782211323446,0.02638526579317636,0.038989189018900645,0.012236293052872722,0.035507146411519225,0.022881590847382775,0.03768316676088816,0.03259437357085671,0.05183146292857656,0.04314594147338774,0.03452669830012439,0.028185292362620726,0.00834375365753665,0.01760523083722651,0.016858082521125067,0.029133659941750583,0.012506102026236032,0.02229045353615884,0.037998196207702575,0.039571874197958615,0.039764205217777994,0.03527810911755555,0.05765028180916188,0.04203758447271657,0.027361183058831836,0.022140203220223895,0.009765625,0.01171875,0.015440808887540914,0.019773883526676354,0.041718768287683256,0.0166015625,0.03179457147675724,0.1865234375,1,1,1.0
7.421875,5.175743103027344,8.0,0.34040385484695435,8.649911880493164,0.78125,13.799334526062012,4.728242874145508,1.171875,0.59124356508255,0.37762802839279175,149530.0,2171601.0,160279461888.0,14.522845268249512,0.06835255026817322,1.2480566501617432,3.3949148654937744,1.3061749086773489e-06,0.0,0.06618205457925797,985,989,969,918,952,940,976,826,1053,2472,3743,4095,4095,4095,4095,4095,3263,3015,2763,2536,2220,1854,1527,541,0,0,0,7,1452,3593,4095,4095,4095,4095,4095,4095,1789,1133,1127,1127,1065,1103,1024,1102,1040,1085,1020,1080,1052,1120,1040,1068,1032,1271,1550,1694,1691,1567,205,0,0,0,0,40,0,46,201,716,970,1103,1165,1099,717,669,717,608,526,716,953,1147,1067,1229,1311,1256,1103,1112,1143,1232,1064,1112,1117,1081,1103,1277,1405,1353,1214,1390,1532,1527,1351,1401,1358,1276,954,862,872,909,812,876,939,971,752,794,841,776,695,766,888,1084,1035,1063,1101,1086,888,910,894,967,893,1005,1020,1096,969,1080,1084,1101,990,952,943,920,860,1053,1099,1021,796,783,896,1006,909,1036,1112,1102,877,888,974,971,797,870,1001,1020,893,968,1008,971,938,952,1040,1147,1022,1097,1114,1097,1066,1209,1370,1501,1391,1487,1544,1464,1304,1148,1079,984,903,1054,1119,1081,939,984,1005,1102,1016,1049,1003,974,1003,1119,1179,1162,875,911,872,799,651,681,777,846,778,973,1148,1225,1038,1144,1258,1244,1055,1149,1118,1100,878,872,841,908,808,906,940,984,923,1021,1099,1099,1006,1084,1112,1113,813,871,954,1017,876,1065,1165,1199,1019,1112,1196,1096,856,847,874,841,742,718,811,888,0.0029296875,1.2695812039450822,1.3134649453482539,1.4478467014158583,1.0109238023729097,0.5253724729670964,0.44249058772707334,0.3020026439020495,0.4617189152389721,0.6705579046155394,0.6244756406335069,1.103526427629647,1.1479761144033975,1.2522733995806838,1.2503699708833838,0.8844670008600386,0.6399726337304027,0.4454848641886629,0.4669613089697122,0.5484248407103777,0.42609470973030894,0.4256401178081024,0.468290994343582,0.6165234820495137,0.36701734130801067,0.34340858844554845,0.45525517109966834,0.2113440093383371,0.2698654093661566,0.20124297135678507,0.21293765607222964,0.16683220589657263,0.09215977138596895,0.07170921777611648,0.09110862335695782,0.13032628121447842,0.12927563080760088,0.06014388316469852,0.14355136582041375,0.22187534385976876,0.15592311999233638,0.18750254311426393,0.08575975937539121,0.09774410110977445,0.1594221456768995,0.15490140671014338,0.10374109436787589,0.09886941763338178,0.10903004335504919,0.16522387027039678,0.17156677351946356,0.17835036627216122,0.19907748131542788,0.18073794941810997,0.1420285856460769,0.15287180617607407,0.10403484905018381,0.10788695487285885,0.09652667025899662,0.07667725973614688,0.11728918114711244,0.0712957509704843,0.03847210078826603,0.034678283016727936,0.2739410124163438,0.077265782987705,0.09267058443345591,0.08093105216836195,0.0662120897761091,0.010563138502335907,0.03385729652999944,0.06114248375975988,0.08673282543427546,0.08358028695617035,0.04979511243742954,0.04336641271713773,0.037186392118476116,0.037288834164134345,0.0653421756184379,0.0927734375,0.09184361343399595,0.09532870795849042,0.08261049211936172,0.07229201376297557,0.05620963449671156,0.05442529216051865,0.045522898518776035,0.03954776705335271,0.029133659941750583,0.03539954875076535,0.04367320268554277,0.07740143445482171,0.07511917817825073,0.08519073627954839,0.054635159104294395,0.0242573092741684,0.02489755621871477,0.037224840922941246,0.014874556847390447,0.03936649291161401,0.02638526579317636,0.04324529262789947,0.03819845159298427,0.05459150335692846,0.0400390625,0.03066468450802262,0.025559086578715626,0.014084184669781208,0.01953125,0.013282686043686957,0.024119314521930602,0.009765625,0.02161713244255728,0.03869455616437295,0.03983608994994363,0.04239901044158674,0.03819845159298427,0.058438923048348364,0.04089920232689829,0.026565372087373914,0.02003738723504218,0.00834375365753665,0.011388577919619728,0.016105881350068987,0.021836601342771385,0.04293544518941525,0.018165112536853784,0.031988944051092184,0.185546875,1,1,1.0
8.984375,6.91450834274292,7.0,0.3910481631755829,3.8373093605041504,1.171875,15.95324993133545,5.9707207679748535,0.390625,0.48306533694267273,0.3961065709590912,164522.0,2210445.0,191897206784.0,13.435558319091797,0.125886470079422,1.008679747581482,3.6878156661987305,1.7094932900363347e-06,-0.78125,0.12318489700555801,4095,4095,4095,4095,4095,4095,4095,1097,985,989,969,918,952,940,976,826,1053,2472,3743,4095,4095,4095,4095,4095,3263,3015,2763,2536,2220,1854,1527,541,0,0,0,7,1452,3593,4095,4095,4095,4095,4095,4095,1789,1133,1127,1127,1065,1103,1024,1102,1040,1085,1020,1080,1052,1120,1040,1068,1032,1271,1550,1694,1691,1567,205,0,0,0,0,40,0,46,201,716,970,1103,1165,1099,717,669,717,608,526,716,953,1147,1067,1229,1311,1256,1103,1112,1143,1232,1064,1112,1117,1081,1103,1277,1405,1353,1214,1390,1532,1527,1351,1401,1358,1276,954,862,872,909,812,876,939,971,752,794,841,776,695,766,888,1084,1035,1063,1101,1086,888,910,894,967,893,1005,1020,1096,969,1080,1084,1101,990,952,943,920,860,1053,1099,1021,796,783,896,1006,909,1036,1112,1102,877,888,974,971,797,870,1001,1020,893,968,1008,971,938,952,1040,1147,1022,1097,1114,1097,1066,1209,1370,1501,1391,1487,1544,1464,1304,1148,1079,984,903,1054,1119,1081,939,984,1005,1102,1016,1049,1003,974,1003,1119,1179,1162,875,911,872,799,651,681,777,846,778,973,1148,1225,1038,1144,1258,1244,1055,1149,1118,1100,878,872,841,908,808,906,940,984,923,1021,1099,1099,1006,1084,1112,1113,813,871,954,1017,876,1065,1165,1199,1019,1112,1196,1096,0.00048828125,1.9810142593448283,1.6995433979559464,1.4287963758202666,0.25227276538845467,0.4913312942759328,0.605144980217567,0.4341059228696469,0.284421208578334,0.3349737492994437,0.5220838665585282,1.0591287422343674,1.5296476115402275,1.8480621601731284,1.788503767829149,1.147052370746581,0.4220784014871563,0.24284225065588005,0.0609002415143315,0.33617729677317987,0.7425484833477679,0.7474174540689913,0.48048462880265486,0.38480280197931616,0.16365800675881864,0.2465312641118167,0.4749849819017719,0.31354348487369066,0.3775863467867782,0.2892768683586415,0.26602860249640714,0.19127167622514465,0.0883073886220961,0.0501956924839703,0.09295828624150206,0.1809409828707321,0.1958513075784172,0.09506824652102315,0.07031928135701052,0.28735673071295054,0.3010728091770847,0.3242496337888557,0.24408983846765123,0.2234643026428697,0.188600489536269,0.0835060872126248,0.1467120626304772,0.21669347548298387,0.2726848598215143,0.1957514598494814,0.07123553212826908,0.029133659941750583,0.1496181714532159,0.24555255782578433,0.25166718573443037,0.27653449827345516,0.21625953961978764,0.11459119365203269,0.022269051271467537,0.0681777721707307,0.17144444028884995,0.12108193616767648,0.05469621861304862,0.04523919852304871,0.26752109337469193,0.08434696438159837,0.10867960438229156,0.10156719490350419,0.050753072110102666,0.04203758447271657,0.09280940914466189,0.06802372955964062,0.023212625632821705,0.08575975937539121,0.1396620950489324,0.13835516209706905,0.1059243991369294,0.118369688082045,0.09096720311989938,0.019384212149686726,0.08185085260859477,0.14551108951846783,0.18835508552897876,0.16949760700888458,0.11690232227847984,0.04501730692037543,0.0742444445654227,0.08424514385230351,0.10028683533156439,0.10483843043742133,0.10020597226433865,0.09314788741922203,0.043552935783159684,0.05277053158635272,0.06298638865858242,0.03876842429937345,0.024433585943743757,0.04501730692037543,0.02489755621871477,0.04200354134298158,0.039571874197958615,0.0352916230460794,0.0170549308560283,0.049957638915736964,0.0933626437712275,0.09713238395204264,0.08305949677720671,0.07072497288476526,0.08976941558032342,0.10270633677514514,0.09644759863379991,0.08791774755117795,0.07509378291782987,0.05721856279410255,0.05353308622525682,0.08301355678653675,0.10401651368714925,0.1404655400165069,0.10438717708252203,0.07134255270636282,0.046394427813358216,0.05507847129767021,0.05040424961157789,0.05560406580268265,0.05614172793673754,0.06693550581325701,0.025202124805788945,0.02108108705558877,0.1787109375,1,1,1.0
5.859375,5.747798919677734,6.0,0.33577442169189453,7.487405776977539,5.078125,21.685901641845703,4.710061550140381,0.390625,0.5859654545783997,0.4619347155094147,223749.0,4743625.0,530996887552.0,21.200653076171875,0.078260138630867,1.301945686340332,4.316883563995361,0.0,0.0,0.08335615694522858,174,41,0,413,2030,3552,4095,4095,4095,4095,4095,4095,4095,4095,4095,1097,985,989,969,918,952,940,976,826,1053,2472,3743,4095,4095,4095,4095,4095,3263,3015,2763,2536,2220,1854,1527,541,0,0,0,7,1452,3593,4095,4095,4095,4095,4095,4095,1789,1133,1127,1127,1065,1103,1024,1102,1040,1085,1020,1080,1052,1120,1040,1068,1032,1271,1550,1694,1691,1567,205,0,0,0,0,40,0,46,201,716,970,1103,1165,1099,717,669,717,608,526,716,953,1147,1067,1229,1311,1256,1103,1112,1143,1232,1064,1112,1117,1081,1103,1277,1405,1353,1214,1390,1532,1527,1351,1401,1358,1276,954,862,872,909,812,876,939,971,752,794,841,776,695,766,888,1084,1035,1063,1101,1086,888,910,894,967,893,1005,1020,1096,969,1080,1084,1101,990,952,943,920,860,1053,1099,1021,796,783,896,1006,909,1036,1112,1102,877,888,974,971,797,870,1001,1020,893,968,1008,971,938,952,1040,1147,1022,1097,1114,1097,1066,1209,1370,1501,1391,1487,1544,1464,1304,1148,1079,984,903,1054,1119,1081,939,984,1005,1102,1016,1049,1003,974,1003,1119,1179,1162,875,911,872,799,651,681,777,846,778,973,1148,1225,1038,1144,1258,1244,1055,1149,1118,1100,878,872,841,908,808,906,940,984,923,1021,1099,1099,1006,1084,1112,1113,813,871,954,1017,0.0009765625,2.0445293935228723,1.7534453672192796,1.4596342914269562,0.177855062904824,0.5696942884885066,0.6942013208990518,0.5592702756914341,0.42317958733233535,0.45330280893071095,0.6698998094489258,1.2077239681431926,1.7126035895655118,1.9664942822095595,1.8162248418316564,1.034347506154856,0.20333616577843835,0.06658552317863588,0.18585757292763397,0.5655679747777789,0.7366997466564196,0.5402588767717418,0.30252166166065825,0.5287181886162352,0.39665872282734377,0.39097762404316877,0.4520060436553659,0.12457584898718894,0.12682535637839862,0.1340774435326756,0.299159844479215,0.34021677175328463,0.3066655045639355,0.19019165812750322,0.3173031751048839,0.3763365768234278,0.2259323301027202,0.16662915125466962,0.2713807271794971,0.41355778865312653,0.27733343400708843,0.19186905941791152,0.14310223127607552,0.06833146751771836,0.07450730296957998,0.1044921875,0.12393112952653444,0.12665228778807402,0.13998947648959914,0.1714110615280127,0.15222476322871736,0.13327484437457207,0.1264035580870662,0.1294672923373168,0.13970305968465369,0.19648573402860017,0.19888337272699702,0.1981170710472271,0.09052581621216628,0.04514423566924305,0.14566829970875292,0.17795155429573953,0.15046987055819774,0.1425915019409686,0.2998619397695601,0.1537520047188918,0.10554558110096986,0.03554741156875253,0.056345202096686156,0.058045941803568674,0.036604814089826784,0.033673710253059895,0.07952841043555599,0.08501143434695455,0.08552033870676339,0.08575975937539121,0.06550980402831415,0.08309967343556565,0.07258165693774236,0.0283875817456028,0.05459150335692846,0.11078282708900343,0.15421650398883727,0.14453784824465638,0.10129923812414016,0.034402177644157296,0.03582800064032059,0.04559616222628419,0.06944588553734776,0.08212420328761187,0.09524363547059851,0.12335650527061037,0.08976941558032342,0.0650422883021356,0.03419363554689765,0.06979518900470952,0.06287272891726513,0.076171875,0.04265689388250304,0.013282686043686957,0.023619895746968406,0.009618025197066508,0.029556144434417102,0.07469266865614431,0.08484861468846018,0.06210968209436658,0.04752158226795484,0.04271274946997859,0.06451967444983957,0.06977469014803223,0.06021519534948436,0.05208841934802573,0.03798564519292329,0.01933495104806966,0.016716057391234072,0.04979511243742954,0.0622094074555976,0.09712747468090903,0.07381288078397229,0.052344114387724204,0.032638232357555474,0.03176456243611444,0.0341098617120566,0.04386929188518789,0.06250762892892679,0.10005834784580851,0.08214742517505114,0.06186351939340568,0.1171875,1,1,1.0
5.859375,5.268374919891357,6.0,0.3614465594291687,7.546621322631836,5.078125,19.830184936523438,4.70106315612793,0.390625,0.5638392567634583,0.4684874713420868,230142.0,4334821.0,556649545728.0,18.835418701171875,0.07471413165330887,1.058972716331482,4.173601150512695,5.431427325675031e-07,0.0,0.07145863026380539,1471,1209,1005,792,732,680,686,426,174,41,0,413,2030,3552,4095,4095,4095,4095,4095,4095,4095,4095,4095,1097,985,989,969,918,952,940,976,826,1053,2472,3743,4095,4095,4095,4095,4095,3263,3015,2763,2536,2220,1854,1527,541,0,0,0,7,1452,3593,4095,4095,4095,4095,4095,4095,1789,1133,1127,1127,1065,1103,1024,1102,1040,1085,1020,1080,1052,1120,1040,1068,1032,1271,1550,1694,1691,1567,205,0,0,0,0,40,0,46,201,716,970,1103,1165,1099,717,669,717,608,526,716,953,1147,1067,1229,1311,1256,1103,1112,1143,1232,1064,1112,1117,1081,1103,1277,1405,1353,1214,1390,1532,1527,1351,1401,1358,1276,954,862,872,909,812,876,939,971,752,794,841,776,695,766,888,1084,1035,1063,1101,1086,888,910,894,967,893,1005,1020,1096,969,1080,1084,1101,990,952,943,920,860,1053,1099,1021,796,783,896,1006,909,1036,1112,1102,877,888,974,971,797,870,1001,1020,893,968,1008,971,938,952,1040,1147,1022,1097,1114,1097,1066,1209,1370,1501,1391,1487,1544,1464,1304,1148,1079,984,903,1054,1119,1081,939,984,1005,1102,1016,1049,1003,974,1003,1119,1179,1162,875,911,872,799,651,681,777,846,778,973,1148,1225,1038,1144,1258,1244,1055,1149,1118,1100,878,872,841,908,808,906,940,984,923,1021,1099,1099,0.00146484375,2.0587716360524455,1.741126588499577,1.431784837232674,0.18399329032274264,0.5491303938529765,0.6684425859583276,0.5265908977876588,0.39424591321647284,0.41664555814044635,0.6512793348738246,1.1945531090881347,1.748522543522124,2.0243068874639016,1.8526139633810528,1.017143639997423,0.14030589880421213,0.0705562182351111,0.24786225905306888,0.5975876313753922,0.6775063782564154,0.4909089451285509,0.368075980013622,0.5552623080796371,0.3432183055095057,0.3225968941318494,0.4225582664987466,0.1550859963367603,0.18892383376858599,0.12076647432462695,0.23768817072775467,0.28746457088935595,0.31290257272756844,0.19772918923464644,0.33939586371540964,0.42314014762687246,0.2757176831175168,0.21460391442816373,0.3189669001994589,0.43560051694616886,0.25353977458648036,0.14886092978352522,0.10066175843793117,0.06451967444983957,0.11255915464082444,0.08965779839472014,0.10661987549965767,0.150419158210443,0.16341307944498018,0.13372845912987258,0.12830187985952615,0.15197082259568828,0.16865152382002485,0.12054515983266201,0.09680291231676769,0.1750255021178387,0.21932471935359055,0.23997421444020064,0.11617400279658634,0.07788659914683756,0.18706206995962096,0.19488723232986638,0.13604745911928123,0.11367204279412015,0.2771270335066489,0.1275863115962613,0.11184518768503535,0.06508626055840482,0.033260520245950005,0.07422517447523384,0.0585367561353348,0.027759121881937295,0.10002021585210442,0.09572305277220973,0.06640625,0.08102526762770133,0.07694420157653206,0.09793417483237227,0.087890625,0.01800692276815017,0.0701835297219959,0.13028968812623373,0.1541763027719428,0.12430378624327604,0.07813110327722504,0.037057941330098196,0.007109482313750506,0.03032065370363286,0.07852679880068213,0.10740855741311493,0.12943782442016322,0.14501213286052245,0.07437278423695223,0.029813159223581537,0.06202517386015788,0.04471973883537231,0.03837281778200879,0.07072497288476526,0.05277053158635272,0.045908825287277966,0.05774945094520515,0.03917220921900699,0.06061771309702537,0.10743962921464896,0.0955734932004636,0.03843489971514537,0.017953883116064683,0.014874556847390447,0.04148954255126563,0.06833146751771836,0.07794167945013639,0.07258822630526614,0.06207896513794069,0.03984805813106087,0.038989189018900645,0.06936344084796782,0.06894973870353067,0.0794864286918931,0.055860740804980824,0.05546668680141768,0.05078125,0.05033798425335888,0.0576254628591091,0.06493222738234097,0.08017334278036638,0.10608633563239969,0.0682197234241132,0.038098455474865546,0.1416015625,1,1,1.0
7.421875,6.254781723022461,5.0,0.3724140226840973,4.9643449783325195,0.390625,23.241689682006836,5.270690441131592,5.078125,0.522363007068634,0.4799683094024658,241560.0,4924925.0,666648117248.0,20.387998580932617,0.10522294789552689,1.0065910816192627,4.536972999572754,1.1643030575214652e-06,4.6875,0.08590132743120193,2940,3815,3917,4029,4011,4090,2989,2268,1471,1209,1005,792,732,680,686,426,174,41,0,413,2030,3552,4095,4095,4095,4095,4095,4095,4095,4095,4095,1097,985,989,969,918,952,940,976,826,1053,2472,3743,4095,4095,4095,4095,4095,3263,3015,2763,2536,2220,1854,1527,541,0,0,0,7,1452,3593,4095,4095,4095,4095,4095,4095,1789,1133,1127,1127,1065,1103,1024,1102,1040,1085,1020,1080,1052,1120,1040,1068,1032,1271,1550,1694,1691,1567,205,0,0,0,0,40,0,46,201,716,970,1103,1165,1099,717,669,717,608,526,716,953,1147,1067,1229,1311,1256,1103,1112,1143,1232,1064,1112,1117,1081,1103,1277,1405,1353,1214,1390,1532,1527,1351,1401,1358,1276,954,862,872,909,812,876,939,971,752,794,841,776,695,766,888,1084,1035,1063,1101,1086,888,910,894,967,893,1005,1020,1096,969,1080,1084,1101,990,952,943,920,860,1053,1099,1021,796,783,896,1006,909,1036,1112,1102,877,888,974,971,797,870,1001,1020,893,968,1008,971,938,952,1040,1147,1022,1097,1114,1097,1066,1209,1370,1501,1391,1487,1544,1464,1304,1148,1079,984,903,1054,1119,1081,939,984,1005,1102,1016,1049,1003,974,1003,1119,1179,1162,875,911,872,799,651,681,777,846,778,973,1148,1225,1038,1144,1258,1244,1055,1149,1118,1100,878,872,841,908,0.0009765625,2.480056944777845,1.604980691573798,0.8298023438937978,0.6807095965311274,0.5013752144979752,0.5638496314269892,0.4791101615871189,0.5825430648667241,0.5488567955700804,0.939443481142029,1.521254006649311,2.261398477229288,2.281273828669428,1.694691346459769,0.558970930896155,0.4161038730491509,0.3626782735294906,0.3577632420379651,0.24492062898407133,0.7209346575075357,0.8252236265482688,0.37150984074123544,0.31243285411441307,0.4907049223319257,0.5628601616604898,0.5905781399338074,0.18498321044617172,0.04193537217496853,0.20777156111086356,0.37977359250925125,0.37483974847410834,0.26746048394787747,0.15081489464336426,0.2822823122921587,0.37070935066229044,0.2490234375,0.18884809963652832,0.2949040893850663,0.41123022524704855,0.2432660115099457,0.1827216028362996,0.14305890685335929,0.11291444520536403,0.06689987718146075,0.0691431077414411,0.1816852473751502,0.1729811705115979,0.07737062546006741,0.19416901593840424,0.21436825933507872,0.16467751170493233,0.07600266662737996,0.13952545940007072,0.19185663290679328,0.22930095090606534,0.17584905376337018,0.15666448929808965,0.10478383656263573,0.06766528203640627,0.13267240428178784,0.21304735486515447,0.1948064733851365,0.17637973204279533,0.26781503255530237,0.13032628121447842,0.06655687191948725,0.04501730692037543,0.04099236691760812,0.04207160005573831,0.06057836882527665,0.013282686043686957,0.08068321314740175,0.09876325687320728,0.0897800385512594,0.08157074049906869,0.05694288959809864,0.07352160244030746,0.06247710762391919,0.03500673501745102,0.0522803078684538,0.09871013367796974,0.147344480089986,0.1484503489504677,0.11138379227755224,0.04026470337517247,0.039764205217777994,0.04697661512033474,0.06647084404391264,0.08008407942801135,0.10173606713431098,0.13574570026929605,0.09203551096354229,0.047621817735299256,0.05511309007625962,0.06250762892892679,0.03951157875809357,0.06146140225609204,0.03847210078826603,0.0325211441510678,0.044538102542935075,0.026203921611325662,0.04664044506351388,0.09388214969964505,0.09184361343399595,0.0528788530104722,0.03601384553630034,0.03389952140177692,0.055672628178668845,0.06093155269455663,0.055937513639139395,0.048828125,0.04225255400934363,0.030414866215619993,0.025559086578715626,0.06153118750790377,0.07735213417309708,0.10093140763831426,0.0595703125,0.037224840922941246,0.03564118670096613,0.03936649291161401,0.052161602972943914,0.06419366574040936,0.08328881664148592,0.1123046875,0.0732421875,0.03648738611771368,0.1416015625,1,1,1.0
5.859375,5.1134257316589355,6.0,0.32175499200820923,8.41236686706543,4.6875,28.296123504638672,4.694144248962402,0.390625,0.606186032295227,0.5066947937011719,269211.0,6547300.0,909404143616.0,24.320327758789062,0.07205892354249954,1.2210098505020142,4.97653341293335,1.857276174632716e-06,0.0,0.0683240219950676,3784,3816,3831,3007,2077,1408,1239,1995,2940,3815,3917,4029,4011,4090,2989,2268,1471,1209,1005,792,732,680,686,426,174,41,0,413,2030,3552,4095,4095,4095,4095,4095,4095,4095,4095,4095,1097,985,989,969,918,952,940,976,826,1053,2472,3743,4095,4095,4095,4095,4095,3263,3015,2763,2536,2220,1854,1527,541,0,0,0,7,1452,3593,4095,4095,4095,4095,4095,4095,1789,1133,1127,1127,1065,1103,1024,1102,1040,1085,1020,1080,1052,1120,1040,1068,1032,1271,1550,1694,1691,1567,205,0,0,0,0,40,0,46,201,716,970,1103,1165,1099,717,669,717,608,526,716,953,1147,1067,1229,1311,1256,1103,1112,1143,1232,1064,1112,1117,1081,1103,1277,1405,1353,1214,1390,1532,1527,1351,1401,1358,1276,954,862,872,909,812,876,939,971,752,794,841,776,695,766,888,1084,1035,1063,1101,1086,888,910,894,967,893,1005,1020,1096,969,1080,1084,1101,990,952,943,920,860,1053,1099,1021,796,783,896,1006,909,1036,1112,1102,877,888,974,971,797,870,1001,1020,893,968,1008,971,938,952,1040,1147,1022,1097,1114,1097,1066,1209,1370,1501,1391,1487,1544,1464,1304,1148,1079,984,903,1054,1119,1081,939,984,1005,1102,1016,1049,1003,974,1003,1119,1179,1162,875,911,872,799,651,681,777,846,778,973,1148,1225,1038,1144,1258,1244,0.001953125,2.76380593342041,1.4462478497884026,0.4800735957628089,1.0636805539262157,0.4379803881151931,0.9921418427302577,0.8667876550391236,0.8479802088317347,0.7705102879396231,1.0277228870568984,1.4942778480695769,1.9106786594711056,2.0338167845692987,1.834720809028589,0.9072092175750448,0.11624786046838266,0.30413768752193704,0.508092245662674,0.5222820225197908,0.45360040389754464,0.8999567869196575,0.640024787899638,0.05985778484657014,0.5904933560713898,0.7670816072620351,0.7879655218956532,0.345261458685321,0.21289286481046524,0.38882029397692297,0.49713170360086434,0.34783450925001,0.1343864968283092,0.09925449958806182,0.3153797972348677,0.4831932171705527,0.3289856296172052,0.250664780805812,0.32377428589683865,0.32934488871864653,0.22021863303973763,0.2584202855937352,0.21638518413375177,0.1343864968283092,0.021484375,0.12865817156272383,0.1384447413632342,0.12446862765379689,0.1313431182417741,0.151414433150893,0.18226434412055287,0.18924410586331059,0.11722411537349155,0.10066175843793117,0.20806511461305885,0.27395493731309656,0.19348017454482133,0.11589867448155751,0.12696814814957036,0.10699934657957978,0.1499269943595726,0.2548154544616938,0.21428594135090742,0.16572815184059708,0.24023635987493033,0.10708843847393217,0.11057171761498563,0.055389261376903254,0.06518874714171342,0.06300152779800512,0.020132351687586234,0.0656552199764516,0.029523860269201122,0.11922864320435574,0.13789947740706135,0.06693550581325701,0.020132351687586234,0.06954880396392522,0.11430371006562134,0.05840627560275656,0.07625946486466656,0.15293417737661938,0.14808371696930528,0.09546366726445263,0.10105416656466039,0.08343753657536651,0.06543697487402717,0.09142732295818784,0.10374109436787589,0.07304008574732482,0.05815263644906018,0.1401698907276508,0.13374272121695305,0.06454922995961226,0.09327066588299782,0.0794864286918931,0.015254393898255184,0.0752206734830145,0.07660882288068432,0.06630564529987483,0.06772867532968634,0.04496431419227085,0.04518646602054404,0.05277053158635272,0.08878666509906802,0.09596683215327656,0.07186863083193007,0.06772867532968634,0.05671634217082658,0.01878455474772592,0.07031928135701052,0.08212420328761187,0.08541433439714796,0.060962847793021906,0.05363097741307024,0.0712957509704843,0.047701854460233645,0.08385368647151585,0.0882371640474728,0.06298638865858242,0.025390625,0.013982247132105814,0.03149319432929121,0.05603971381017021,0.09104579703755207,0.1315716390085882,0.08643543598968285,0.025012204052472065,0.1591796875,1,1,1.0
7.421875,5.130716800689697,4.0,0.3406009078025818,7.827393054962158,5.078125,39.96450424194336,4.655206203460693,0.390625,0.5846999287605286,0.534536600112915,299609.0,8439880.0,993187725312.0,28.169647216796875,0.07469919323921204,1.8287248611450195,5.633815288543701,6.518898203466961e-07,0.0,0.07034511864185333,573,455,224,297,1356,2764,3511,3739,3784,3816,3831,3007,2077,1408,1239,1995,2940,3815,3917,4029,4011,4090,2989,2268,1471,1209,1005,792,732,680,686,426,174,41,0,413,2030,3552,4095,4095,4095,4095,4095,4095,4095,4095,4095,1097,985,989,969,918,952,940,976,826,1053,2472,3743,4095,4095,4095,4095,4095,3263,3015,2763,2536,2220,1854,1527,541,0,0,0,7,1452,3593,4095,4095,4095,4095,4095,4095,1789,1133,1127,1127,1065,1103,1024,1102,1040,1085,1020,1080,1052,1120,1040,1068,1032,1271,1550,1694,1691,1567,205,0,0,0,0,40,0,46,201,716,970,1103,1165,1099,717,669,717,608,526,716,953,1147,1067,1229,1311,1256,1103,1112,1143,1232,1064,1112,1117,1081,1103,1277,1405,1353,1214,1390,1532,1527,1351,1401,1358,1276,954,862,872,909,812,876,939,971,752,794,841,776,695,766,888,1084,1035,1063,1101,1086,888,910,894,967,893,1005,1020,1096,969,1080,1084,1101,990,952,943,920,860,1053,1099,1021,796,783,896,1006,909,1036,1112,1102,877,888,974,971,797,870,1001,1020,893,968,1008,971,938,952,1040,1147,1022,1097,1114,1097,1066,1209,1370,1501,1391,1487,1544,1464,1304,1148,1079,984,903,1054,1119,1081,939,984,1005,1102,1016,1049,1003,974,1003,1119,1179,1162,875,911,872,799,651,681,777,846,0.00048828125,2.8044270259009263,1.4330391707673638,0.4473135976592696,1.1220839111991459,0.45782454022403346,1.0619833194837933,0.9331360017980029,0.8974694385478769,0.8124137245735625,1.0321933015573126,1.4579110033583595,1.8116603090139023,2.036929831268669,1.9392854401011927,0.9751713724404759,0.1958513075784172,0.42776224402645774,0.6303066040429036,0.5429028807280655,0.5149152089658222,1.0376637157280177,0.6580277840450168,0.15250017009788158,0.7061519318406523,0.79806728551665,0.6850013409900766,0.22846136508590256,0.2090687804141203,0.2984704763358356,0.3259846955433884,0.2655567754755592,0.308334048158659,0.2230007785390085,0.35443837831967195,0.35780722268556436,0.17860150765084892,0.1377264758618339,0.2677491469881662,0.47789041586199854,0.2937262342862956,0.10591989736684569,0.06680715381440262,0.1507358304729798,0.14779685455815747,0.05966629050933644,0.2625373450462721,0.2363402308366353,0.04447381850287383,0.27018503700914454,0.24761589034306872,0.12046602040722482,0.08196728346774725,0.18070628729534124,0.15709002709060854,0.1803364851153796,0.19199576389090145,0.19494594509450322,0.07888425010450933,0.032241355506287456,0.1172525860922159,0.18552117420688552,0.19063240412106375,0.18732189620503942,0.28178016708248854,0.14355800910272845,0.05623507831596863,0.04530239650290313,0.04673236763283359,0.03837281778200879,0.06900504229269341,0.005859375,0.08602623259978609,0.09874877156326506,0.08789605017978357,0.0868701609629144,0.055672628178668845,0.0634765625,0.060080423497156345,0.04935265143942687,0.03452669830012439,0.1092092074917521,0.16683220589657263,0.13788910343530197,0.08433000283079212,0.04421574774481161,0.028854075591199527,0.06078268093591967,0.09407495764681481,0.08995513645538553,0.08022685311930028,0.12648652233353264,0.11155917635542835,0.055928988528423255,0.07098742908354003,0.06698535406110358,0.027793455997573647,0.07092022521627073,0.055586911995147294,0.03564118670096613,0.037186392118476116,0.013282686043686957,0.03014716609459596,0.08620895514825537,0.10407151008525715,0.058991165275542795,0.028588439781844624,0.027203883353875233,0.053790778726251605,0.064453125,0.051840661874949207,0.03965613379735733,0.04088754182706703,0.04372776011179318,0.043552935783159684,0.08143032311106628,0.09209248446969373,0.08304801416198945,0.04559616222628419,0.0596423104867284,0.056446664127415724,0.050818796215850344,0.04632242666262274,0.04848512338791566,0.06457138771412711,0.10232958513616981,0.07856322406687018,0.05040424961157789,0.130859375,1,1,1.0
8.203125,5.3616838455200195,4.0,0.34212222695350647,7.195139408111572,5.078125,41.02387237548828,4.867016792297363,0.390625,0.5776011943817139,0.5375300049781799,302974.0,8481800.0,978335301632.0,27.995141983032227,0.08027657866477966,1.961426854133606,5.67561149597168,2.5786015100948134e-08,0.0,0.07223907113075256,3546,3528,3582,3627,3531,2477,1818,1175,573,455,224,297,1356,2764,3511,3739,3784,3816,3831,3007,2077,1408,1239,1995,2940,3815,3917,4029,4011,4090,2989,2268,1471,1209,1005,792,732,680,686,426,174,41,0,413,2030,3552,4095,4095,4095,4095,4095,4095,4095,4095,4095,1097,985,989,969,918,952,940,976,826,1053,2472,3743,4095,4095,4095,4095,4095,3263,3015,2763,2536,2220,1854,1527,541,0,0,0,7,1452,3593,4095,4095,4095,4095,4095,4095,1789,1133,1127,1127,1065,1103,1024,1102,1040,1085,1020,1080,1052,1120,1040,1068,1032,1271,1550,1694,1691,1567,205,0,0,0,0,40,0,46,201,716,970,1103,1165,1099,717,669,717,608,526,716,953,1147,1067,1229,1311,1256,1103,1112,1143,1232,1064,1112,1117,1081,1103,1277,1405,1353,1214,1390,1532,1527,1351,1401,1358,1276,954,862,872,909,812,876,939,971,752,794,841,776,695,766,888,1084,1035,1063,1101,1086,888,910,894,967,893,1005,1020,1096,969,1080,1084,1101,990,952,943,920,860,1053,1099,1021,796,783,896,1006,909,1036,1112,1102,877,888,974,971,797,870,1001,1020,893,968,1008,971,938,952,1040,1147,1022,1097,1114,1097,1066,1209,1370,1501,1391,1487,1544,1464,1304,1148,1079,984,903,1054,1119,1081,939,984,1005,1102,1016,1049,1003,974,1003,1119,1179,1162,0.00341796875,3.071232393406048,1.0301882740275428,0.8955466824647573,1.0951250424689312,0.1377264758618339,0.8010009464253562,0.43077476964261097,0.48244658495674503,0.6328923681273058,1.1933885436543659,1.8567080565153227,2.1421848377792765,1.6364008701789312,1.752532488947607,1.3399295167747878,0.40019169028985446,0.6930732244032846,0.9757594354296956,0.813380424616259,0.7071728643570876,1.327108195903881,0.6891030781879908,0.411467861918281,0.7580421335794854,0.6568695050707519,0.50892400141985,0.13020548499488763,0.055423686029932466,0.23978934898107052,0.4111745636460879,0.33554266859266807,0.23084086748995644,0.17298668359210576,0.3544814263173797,0.38769654242563095,0.17031429184837218,0.1298497667077708,0.2755308403019878,0.5011373934698837,0.27086189315061066,0.09859412917171542,0.1211567376505533,0.17613354454133748,0.0869140625,0.08734640537108554,0.18593196059238057,0.17639054558777775,0.07170921777611648,0.1953954901808325,0.28949931364356923,0.21689802679674222,0.0369677602163041,0.26117342031867835,0.22424818104970565,0.10094557974869817,0.20818196201660227,0.27707024641370986,0.07184872354264223,0.04606436099637014,0.05097805912553979,0.20620273857777122,0.2580879358462819,0.22059291011868198,0.22421202965211892,0.10368592271300697,0.10683879395175895,0.01875915303935405,0.08865767713977347,0.011134525635733769,0.1018344466111618,0.04018171994422067,0.12846901462892352,0.103515625,0.08008407942801135,0.12846901462892352,0.07085968724090522,0.027621358640099514,0.08203125,0.07986944035387632,0.055000499376284075,0.14937256878905386,0.1436742168192097,0.11254644494833149,0.12054515983266201,0.05731847887042652,0.048100040453221686,0.037057941330098196,0.07182217190701912,0.10601439439457104,0.10471100045230518,0.09926891110224681,0.113247570424408,0.08189744481536135,0.08839913658307309,0.08478677371542281,0.025633603024231812,0.0948472974135803,0.08261626403148191,0.03930588241698849,0.010918300671385692,0.02458921545315268,0.05040424961157789,0.12719328246222605,0.11121670685553076,0.017387200990981306,0.05694288959809864,0.07074519639169857,0.09730895276179709,0.04917843090630536,0.040430159266571196,0.07433430560150416,0.08752637193264329,0.05661536343998338,0.038098455474865546,0.0417530436063124,0.0670707220066124,0.120477894635087,0.05153622969515141,0.03554741156875253,0.07334628019775546,0.07864208759878219,0.07091350132668783,0.0519784507116065,0.045908825287277966,0.10032011294369218,0.09047839704609742,0.046895340638839725,0.138671875,1,1,1.0
7.8125,4.937512397766113,5.0,0.3358331024646759,9.125049591064453,4.6875,48.67802810668945,4.750649452209473,0.390625,0.5985704064369202,0.5597236752510071,328509.0,10161812.0,1267208159232.0,30.933130264282227,0.06559640169143677,2.1965548992156982,6.185172080993652,1.165302478511876e-06,0.0,0.06375768780708313,1447,1034,797,750,1200,2270,3088,3514,3546,3528,3582,3627,3531,2477,1818,1175,573,455,224,297,1356,2764,3511,3739,3784,3816,3831,3007,2077,1408,1239,1995,2940,3815,3917,4029,4011,4090,2989,2268,1471,1209,1005,792,732,680,686,426,174,41,0,413,2030,3552,4095,4095,4095,4095,4095,4095,4095,4095,4095,1097,985,989,969,918,952,940,976,826,1053,2472,3743,4095,4095,4095,4095,4095,3263,3015,2763,2536,2220,1854,1527,541,0,0,0,7,1452,3593,4095,4095,4095,4095,4095,4095,1789,1133,1127,1127,1065,1103,1024,1102,1040,1085,1020,1080,1052,1120,1040,1068,1032,1271,1550,1694,1691,1567,205,0,0,0,0,40,0,46,201,716,970,1103,1165,1099,717,669,717,608,526,716,953,1147,1067,1229,1311,1256,1103,1112,1143,1232,1064,1112,1117,1081,1103,1277,1405,1353,1214,1390,1532,1527,1351,1401,1358,1276,954,862,872,909,812,876,939,971,752,794,841,776,695,766,888,1084,1035,1063,1101,1086,888,910,894,967,893,1005,1020,1096,969,1080,1084,1101,990,952,943,920,860,1053,1099,1021,796,783,896,1006,909,1036,1112,1102,877,888,974,971,797,870,1001,1020,893,968,1008,971,938,952,1040,1147,1022,1097,1114,1097,1066,1209,1370,1501,1391,1487,1544,1464,1304,1148,1079,984,903,1054,1119,1081,939,984,1005,1102,0.00244140625,3.125054473402177,0.9308899868419142,1.0229649508411391,1.0510507684672077,0.19439481677142953,0.6945453655237416,0.3363970784426726,0.5529275832814959,0.7343853888892824,1.2804346979627936,1.8983742032272024,2.075925193335539,1.6174339806881657,1.8238687118161478,1.339896420703067,0.4043876803973248,0.6972902437880737,0.9636895693425193,0.7695721455662525,0.7217609530107705,1.2915407344997176,0.6324454290799801,0.3788483565630288,0.6906064682627492,0.63726745552828,0.587973351218543,0.20333616577843835,0.1367745421875906,0.31275166868013193,0.3635148148698796,0.23864118562921116,0.34577070534715565,0.27538716199063784,0.3552889526401912,0.2578661313771659,0.25156864135069607,0.26362123356276945,0.39623534551531936,0.44343465426434486,0.1702974925297318,0.23175826020730395,0.18566248454252654,0.05614172793673754,0.13001491167670262,0.043891025496570764,0.24023635987493033,0.28787399513112316,0.03847210078826603,0.2948442571703375,0.2719055860130095,0.12636960246919612,0.07162937820661035,0.19077992631732651,0.18351581623819324,0.16071797926760803,0.17215220897984615,0.24133742255580445,0.0832143570030183,0.01760523083722651,0.08291009873746533,0.18682995920029838,0.22886800088394463,0.20208945773043493,0.25839814224283963,0.13433326250426236,0.07123553212826908,0.037109375,0.0570432885410556,0.05097805912553979,0.07827743916934277,0.02286074201312427,0.07219300616514149,0.0923148617038787,0.11136666684813405,0.058601887455771474,0.06032595785734571,0.09393292700321132,0.05198762364924283,0.05765028180916188,0.030586835475323877,0.10483843043742133,0.2032611097464332,0.12816801512115905,0.06253051013118016,0.08430738212147132,0.06861698113512177,0.08722622138032268,0.07032606206011263,0.0653421756184379,0.10682093987510492,0.12732817197661422,0.09157323989113936,0.06839424333942629,0.07202769107260068,0.07754299816838015,0.025855863857175247,0.08835057600143395,0.06698535406110358,0.01824369305885684,0.018961413905222265,0.029652786036501906,0.06057836882527665,0.10987087647356925,0.07627196949127592,0.06231662552165553,0.05402076830445051,0.046022936202922575,0.04597110271851492,0.05996125559769044,0.056892623686052766,0.03363120187055188,0.045522898518776035,0.06228601062149209,0.06442352540027595,0.09258821971598645,0.06361913076133723,0.0849609375,0.08196728346774725,0.030289184412638327,0.04138597675862713,0.06640625,0.08287558402061378,0.07635319964606202,0.05560406580268265,0.08231558794096296,0.08493848482056458,0.05635366424317777,0.1279296875,1,1,1.0
8.203125,5.378211975097656,5.0,0.3445172607898712,6.994448184967041,4.6875,53.55473709106445,4.998965263366699,0.390625,0.5734905004501343,0.5637684464454651,333274.0,10500109.0,1276870524928.0,31.505935668945312,0.0819922462105751,2.3916232585906982,6.4827141761779785,0.0,0.0,0.07921645045280457,25,1230,2415,3225,3386,3372,2814,2154,1447,1034,797,750,1200,2270,3088,3514,3546,3528,3582,3627,3531,2477,1818,1175,573,455,224,297,1356,2764,3511,3739,3784,3816,3831,3007,2077,1408,1239,1995,2940,3815,3917,4029,4011,4090,2989,2268,1471,1209,1005,792,732,680,686,426,174,41,0,413,2030,3552,4095,4095,4095,4095,4095,4095,4095,4095,4095,1097,985,989,969,918,952,940,976,826,1053,2472,3743,4095,4095,4095,4095,4095,3263,3015,2763,2536,2220,1854,1527,541,0,0,0,7,1452,3593,4095,4095,4095,4095,4095,4095,1789,1133,1127,1127,1065,1103,1024,1102,1040,1085,1020,1080,1052,1120,1040,1068,1032,1271,1550,1694,1691,1567,205,0,0,0,0,40,0,46,201,716,970,1103,1165,1099,717,669,717,608,526,716,953,1147,1067,1229,1311,1256,1103,1112,1143,1232,1064,1112,1117,1081,1103,1277,1405,1353,1214,1390,1532,1527,1351,1401,1358,1276,954,862,872,909,812,876,939,971,752,794,841,776,695,766,888,1084,1035,1063,1101,1086,888,910,894,967,893,1005,1020,1096,969,1080,1084,1101,990,952,943,920,860,1053,1099,1021,796,783,896,1006,909,1036,1112,1102,877,888,974,971,797,870,1001,1020,893,968,1008,971,938,952,1040,1147,1022,1097,1114,1097,1066,1209,1370,1501,1391,1487,1544,1464,1304,1148,1079,984,0.001953125,3.206368641582352,0.7041340686844579,1.2536358408046961,0.8504149377840502,0.31968814197225986,0.48168394662732594,0.4880175068951244,0.7930866022336893,0.8266040582431252,1.1391027037925938,1.621379045866813,2.0761415581629423,1.8561737969680483,1.5629149839547616,1.3070496516234882,0.49334193883727606,0.8335108250107831,1.2192319259508473,1.0230274106825352,0.9980497416177032,1.4538601892094254,0.45376541657963687,0.4940335003076912,0.41607751520266817,0.6417316090140897,0.852695096867958,0.40724998059164413,0.3800986493205837,0.3832619033826251,0.12767224215159545,0.4025072672880908,0.4256602824147334,0.20164064770195533,0.18268767439800948,0.4095279786329661,0.26324654641924583,0.13575623803181489,0.2505201650334338,0.5052991438063648,0.246004603149022,0.14409840696938075,0.19227372383008626,0.14621394307958085,0.06641343021843478,0.08746097239280233,0.20136377755357227,0.30834796630228306,0.06253051013118016,0.31481230699458673,0.2777165875325467,0.11920464468489944,0.0655461882599603,0.1972027669035454,0.19690997100738425,0.13103780396089723,0.2038420711379776,0.243495240715248,0.03521046167445302,0.0360270834876889,0.1017922956208077,0.20906649963476034,0.16974499144770674,0.1784225388115443,0.3126525506559008,0.15935034467685602,0.031158312760827766,0.08718247703385017,0.02833714478231818,0.052161602972943914,0.05220729064306117,0.0352916230460794,0.10142155183568141,0.107355270544904,0.08465169114363022,0.0987680848377629,0.04239901044158674,0.06383612107579772,0.06944588553734776,0.03908690643787012,0.037186392118476116,0.09830351900183702,0.19310520305212073,0.13055658182232294,0.06972683604638219,0.07475648128517437,0.056082242247504806,0.06867949598639547,0.07625946486466656,0.08493848482056458,0.08457843133661963,0.12796322914296634,0.1174882209230528,0.04212823166039647,0.07134923616253058,0.04630183434035038,0.0501956924839703,0.05912035495181762,0.03853402276747824,0.04447381850287383,0.046022936202922575,0.01188039556698871,0.024705294220065465,0.10312795923784442,0.10719969921923901,0.034402177644157296,0.04794116292434991,0.05459150335692846,0.06772867532968634,0.04386929188518789,0.05256229156561675,0.04673236763283359,0.04805044765680681,0.05392358473546298,0.05402959450634005,0.08347181893108634,0.06426048389203946,0.09205105268963268,0.06743233008450027,0.03314563036811941,0.04898412579681427,0.05633673867912483,0.05879684852925925,0.06298638865858242,0.07607164880527519,0.08981189992514389,0.057691622998991915,0.07383225848217109,0.099609375,1,1,1.0
8.203125,4.937140941619873,4.0,0.3726799488067627,6.869498252868652,4.6875,53.88253402709961,4.94814395904541,0.390625,0.5476046800613403,0.5749680995941162,346647.0,10717561.0,1321352036352.0,30.917795181274414,0.07971538603305817,2.489776372909546,6.464033126831055,5.63433218303544e-07,0.0,0.06534656882286072,3273,3339,2377,1386,461,203,0,0,25,1230,2415,3225,3386,3372,2814,2154,1447,1034,797,750,1200,2270,3088,3514,3546,3528,3582,3627,3531,2477,1818,1175,573,455,224,297,1356,2764,3511,3739,3784,3816,3831,3007,2077,1408,1239,1995,2940,3815,3917,4029,4011,4090,2989,2268,1471,1209,1005,792,732,680,686,426,174,41,0,413,2030,3552,4095,4095,4095,4095,4095,4095,4095,4095,4095,1097,985,989,969,918,952,940,976,826,1053,2472,3743,4095,4095,4095,4095,4095,3263,3015,2763,2536,2220,1854,1527,541,0,0,0,7,1452,3593,4095,4095,4095,4095,4095,4095,1789,1133,1127,1127,1065,1103,1024,1102,1040,1085,1020,1080,1052,1120,1040,1068,1032,1271,1550,1694,1691,1567,205,0,0,0,0,40,0,46,201,716,970,1103,1165,1099,717,669,717,608,526,716,953,1147,1067,1229,1311,1256,1103,1112,1143,1232,1064,1112,1117,1081,1103,1277,1405,1353,1214,1390,1532,1527,1351,1401,1358,1276,954,862,872,909,812,876,939,971,752,794,841,776,695,766,888,1084,1035,1063,1101,1086,888,910,894,967,893,1005,1020,1096,969,1080,1084,1101,990,952,943,920,860,1053,1099,1021,796,783,896,1006,909,1036,1112,1102,877,888,974,971,797,870,1001,1020,893,968,1008,971,938,952,1040,1147,1022,1097,1114,1097,1066,1209,1370,1501,0.00244140625,3.202890527098399,0.6004485678773959,1.250062940920259,0.7727133703766158,0.21986757627861553,0.6161374200895205,0.45869443135911653,0.6438813603271629,0.7812286374032418,1.2748162230642857,1.7759507977311517,1.9125003590302971,1.9123801798467028,1.6726785315321748,1.100697279056358,0.44021635111728374,0.8251051633450207,1.3547882218629719,1.2541321167775776,1.2225322233918603,1.5862002601370324,0.31483048252520085,0.561000945772132,0.30574361235214814,0.8714007875716927,0.9261772499909933,0.3746132445707339,0.3599808603073192,0.16994712905007628,0.30876985184945244,0.37842395408573026,0.26966743898536544,0.2350677425060583,0.3418317504528738,0.24234692648325232,0.32126531542179654,0.2893065376120597,0.32585741063076695,0.372152324458813,0.32679843684258025,0.08171675203700011,0.12458733151419579,0.21247360963197068,0.01953125,0.14057752019640377,0.14852099830824111,0.3385518390398805,0.10974494494916169,0.35513860441344103,0.2733014449459979,0.09957585986410451,0.06061771309702537,0.20762003540497362,0.2146705622981009,0.10483843043742133,0.2332083594471168,0.21658122016176243,0.04883788964863276,0.04350911994129973,0.12896542202514982,0.16631693704299416,0.19891693589962448,0.21019926517260132,0.2692834572012652,0.14018009591076325,0.048317644050206957,0.06883899823662933,0.019457869965987574,0.07529670518047357,0.021417687694786434,0.053932426841734674,0.08849617780632181,0.1343864968283092,0.06184039140229517,0.11376848343133358,0.04761180368456604,0.0544515697634791,0.07627822103585355,0.035372598195849286,0.03813598474563796,0.10397524729848566,0.19562962535716008,0.11543695778711656,0.08867381089571785,0.05694288959809864,0.031143005310746045,0.06184039140229517,0.10997498661361166,0.07639690318596853,0.0735605061924472,0.16206524719428447,0.08261626403148191,0.05937789106859477,0.05669111435039059,0.08480364390767375,0.026868782211323446,0.09490760727390103,0.05447783469133341,0.0166875073150733,0.05386164934819405,0.04026470337517247,0.037314400731528904,0.07587708381418286,0.1231863049314178,0.0328276099882258,0.044932488555966175,0.06451967444983957,0.07707423250927985,0.035907766232129365,0.06149242770090299,0.04008667139018319,0.049506999436080376,0.06991123566052906,0.06358914295351448,0.06630564529987483,0.0601676632841772,0.11334857912927272,0.03102027377786834,0.07043446453225376,0.04848512338791566,0.011759369705851851,0.07460963064419554,0.11194746174833323,0.09141167518622313,0.045522898518776035,0.11061052303092948,0.06516679929962059,0.1533203125,1,1,1.0
8.203125,5.108659267425537,5.0,0.41039302945137024,7.1818132400512695,5.078125,48.760223388671875,5.1567487716674805,0.390625,0.5175438523292542,0.5879295468330383,362452.0,10778885.0,1402799783936.0,29.738792419433594,0.07206311821937561,2.578125,6.072458267211914,1.3794900723951287e-06,0.0,0.06420661509037018,0,0,463,2056,3131,3231,3258,3257,3273,3339,2377,1386,461,203,0,0,25,1230,2415,3225,3386,3372,2814,2154,1447,1034,797,750,1200,2270,3088,3514,3546,3528,3582,3627,3531,2477,1818,1175,573,455,224,297,1356,2764,3511,3739,3784,3816,3831,3007,2077,1408,1239,1995,2940,3815,3917,4029,4011,4090,2989,2268,1471,1209,1005,792,732,680,686,426,174,41,0,413,2030,3552,4095,4095,4095,4095,4095,4095,4095,4095,4095,1097,985,989,969,918,952,940,976,826,1053,2472,3743,4095,4095,4095,4095,4095,3263,3015,2763,2536,2220,1854,1527,541,0,0,0,7,1452,3593,4095,4095,4095,4095,4095,4095,1789,1133,1127,1127,1065,1103,1024,1102,1040,1085,1020,1080,1052,1120,1040,1068,1032,1271,1550,1694,1691,1567,205,0,0,0,0,40,0,46,201,716,970,1103,1165,1099,717,669,717,608,526,716,953,1147,1067,1229,1311,1256,1103,1112,1143,1232,1064,1112,1117,1081,1103,1277,1405,1353,1214,1390,1532,1527,1351,1401,1358,1276,954,862,872,909,812,876,939,971,752,794,841,776,695,766,888,1084,1035,1063,1101,1086,888,910,894,967,893,1005,1020,1096,969,1080,1084,1101,990,952,943,920,860,1053,1099,1021,796,783,896,1006,909,1036,1112,1102,877,888,974,971,797,870,1001,1020,893,968,1008,971,938,952,1040,1147,0.001953125,3.2162228635554224,0.5017488412734386,1.2952282113144253,0.6748223530158755,0.22149677544651328,0.737527775645523,0.531065067191225,0.4873056660185566,0.7199411887415402,1.404602441981193,1.9524356693703855,1.7401458683476627,2.018836250470399,1.7578952345981127,0.9323855446944027,0.5983268615599338,1.0130874624952375,1.6049061181487498,1.3902436494316945,1.3987320744215546,1.4420892188080603,0.08773858377037579,0.34065797978602314,0.5686990568380917,0.8543582484312993,0.6685795361745723,0.20674084142398017,0.22160223729625797,0.3795161107680668,0.20069963154438222,0.3697511176143363,0.45629719529285834,0.18661544687460102,0.21529825858312412,0.4453392690007924,0.15483366870878024,0.17559126017377422,0.3938199420147685,0.44532963234587536,0.20474535874170513,0.2256704725266692,0.06641343021843478,0.17645811523039698,0.11122956849119878,0.14371735575332076,0.07722257118542662,0.3044275984856277,0.14590052918514007,0.3854058066547813,0.3268567963121008,0.055423686029932466,0.10714185805081985,0.1673886239145768,0.23024519083010317,0.11933657681907309,0.2164821230090825,0.251005059787771,0.018657200365764452,0.05111817315743125,0.1236229384880094,0.1933347127580212,0.16343350407400023,0.21040559745856224,0.2838035795065359,0.1215418247400162,0.0625762474359406,0.04416179318201177,0.04099236691760812,0.06083757080926766,0.04107371258752557,0.0492656181860525,0.07292247930700965,0.14063178152051126,0.05472236611766367,0.11523851290240182,0.04509139211177811,0.05960232234244972,0.07266701239174077,0.04898412579681427,0.021945512748285382,0.12856919120173982,0.17670385053375898,0.11523851290240182,0.10563589908865988,0.024472586105745445,0.037057941330098196,0.10878923782526267,0.11409075661344746,0.0318844291353799,0.12585538018373074,0.11600970628841795,0.11056309233960179,0.07437278423695223,0.09806554852057181,0.025465634395322848,0.06789743474909647,0.04447381850287383,0.05498315726663768,0.054635159104294395,0.02489755621871477,0.020600608505594715,0.05912035495181762,0.10014885314193334,0.08734640537108554,0.06463781540380044,0.018961413905222265,0.04007477447008436,0.08190326697758499,0.046925835065367044,0.04794116292434991,0.04530239650290313,0.05498315726663768,0.06289547729728366,0.0519784507116065,0.05392358473546298,0.08067139229712258,0.0974852017641051,0.04817928274821879,0.07529670518047357,0.013982247132105814,0.04688517142249142,0.09310692528557053,0.08926871001583156,0.05306788347341221,0.08894763700574766,0.07092022521627073,0.0630242296885256,0.107421875,1,1,1.0
8.203125,5.7621750831604,5.0,0.41113248467445374,5.205463409423828,5.078125,47.3886833190918,5.663781642913818,0.390625,0.4939725399017334,0.6007074117660522,378378.0,10708658.0,1399205396480.0,28.301481246948242,0.09489502012729645,2.6120195388793945,5.954915523529053,5.161828084965236e-07,0.0,0.08883054554462433,1627,3502,4095,4095,4095,4095,2555,0,0,0,463,2056,3131,3231,3258,3257,3273,3339,2377,1386,461,203,0,0,25,1230,2415,3225,3386,3372,2814,2154,1447,1034,797,750,1200,2270,3088,3514,3546,3528,3582,3627,3531,2477,1818,1175,573,455,224,297,1356,2764,3511,3739,3784,3816,3831,3007,2077,1408,1239,1995,2940,3815,3917,4029,4011,4090,2989,2268,1471,1209,1005,792,732,680,686,426,174,41,0,413,2030,3552,4095,4095,4095,4095,4095,4095,4095,4095,4095,1097,985,989,969,918,952,940,976,826,1053,2472,3743,4095,4095,4095,4095,4095,3263,3015,2763,2536,2220,1854,1527,541,0,0,0,7,1452,3593,4095,4095,4095,4095,4095,4095,1789,1133,1127,1127,1065,1103,1024,1102,1040,1085,1020,1080,1052,1120,1040,1068,1032,1271,1550,1694,1691,1567,205,0,0,0,0,40,0,46,201,716,970,1103,1165,1099,717,669,717,608,526,716,953,1147,1067,1229,1311,1256,1103,1112,1143,1232,1064,1112,1117,1081,1103,1277,1405,1353,1214,1390,1532,1527,1351,1401,1358,1276,954,862,872,909,812,876,939,971,752,794,841,776,695,766,888,1084,1035,1063,1101,1086,888,910,894,967,893,1005,1020,1096,969,1080,1084,1101,990,952,943,920,860,1053,1099,1021,796,783,896,1006,909,1036,1112,1102,877,888,974,971,797,870,1001,1020,0.00244140625,3.1500176565492874,0.3662057291296291,1.1024664017797652,0.9750779732067625,0.28845811499495955,0.9121726297994124,0.039764205217777994,0.8858778407009736,1.1039981833456822,1.2077251526115071,1.5214458259919157,2.16999592899345,1.6665301584925005,1.874367162084521,1.000368050555527,0.23997620146695342,0.7138698593486251,1.5861819224557718,1.7255074570084867,1.7264398729784265,1.6798399390311447,0.26523157042423706,0.46448766068246583,0.8672540312668112,1.0233988281398354,0.372526274912909,0.30531442163305833,0.3622573040106742,0.6289130737692691,0.20429771525281318,0.5749523640678987,0.5113729225625617,0.1232946414225518,0.3808205609228341,0.45357622502368694,0.14875197978264965,0.2996949234123605,0.43304793912236206,0.35584683275784407,0.27978813875482755,0.15999539368674512,0.07131581261820222,0.1661534354484677,0.08734640537108554,0.12773571888627916,0.08196728346774725,0.30471253903525614,0.16683220589657263,0.4153342240897026,0.3112922216985819,0.06149242770090299,0.07936635848937056,0.23081814418722624,0.2087058234154933,0.12448778109357385,0.2117339744583788,0.21352802015910324,0.10613576694682442,0.0642233712791304,0.05374643713209771,0.29035290522106455,0.10748400192096176,0.21326881903448353,0.34513437501414757,0.09886941763338178,0.15584970697614667,0.05139725533961237,0.1308192860701745,0.13404898906641022,0.09144296805249708,0.13120872211772214,0.1201330655156014,0.19634978460655123,0.0823329644857734,0.16085143519441025,0.016370170521718956,0.11080434625687777,0.06766528203640627,0.0910772156145628,0.0192608231673008,0.15279692712859577,0.1515309094413192,0.134765625,0.09669941402285373,0.03419363554689765,0.03908690643787012,0.10605486734561179,0.11784483610030527,0.02417855156863271,0.13519307775890665,0.11426198576780276,0.11818020292658805,0.09264485332524548,0.1195441743931826,0.010918300671385692,0.0880965469636243,0.0146484375,0.0842621224848065,0.0656552199764516,0.01179984958358845,0.04961283514015835,0.077265782987705,0.0705562182351111,0.11496094413651017,0.05321145596025499,0.037186392118476116,0.06385852626668678,0.07001347003490203,0.04817928274821879,0.0492656181860525,0.029378142493147116,0.0728766922140845,0.06118146526436361,0.03798564519292329,0.05731847887042652,0.08217644330629463,0.09171892468307472,0.047771776596230504,0.07042092334890604,0.020967686087484266,0.04026470337517247,0.09654148897877161,0.09720599326663519,0.04728015014418049,0.09516850835707238,0.06919825678928467,0.06341643787130555,0.09765625,1,1,1.0
8.203125,4.998178482055664,7.0,0.4416484534740448,6.279822826385498,4.6875,39.15282440185547,5.548698425292969,0.390625,0.48165303468704224,0.6191529631614685,401972.0,10472170.0,1485742538752.0,26.05198860168457,0.07669850438833237,2.138213872909546,5.362414836883545,7.77415465336162e-08,0.0,0.06455132365226746,942,895,828,584,297,124,111,413,1627,3502,4095,4095,4095,4095,2555,0,0,0,463,2056,3131,3231,3258,3257,3273,3339,2377,1386,461,203,0,0,25,1230,2415,3225,3386,3372,2814,2154,1447,1034,797,750,1200,2270,3088,3514,3546,3528,3582,3627,3531,2477,1818,1175,573,455,224,297,1356,2764,3511,3739,3784,3816,3831,3007,2077,1408,1239,1995,2940,3815,3917,4029,4011,4090,2989,2268,1471,1209,1005,792,732,680,686,426,174,41,0,413,2030,3552,4095,4095,4095,4095,4095,4095,4095,4095,4095,1097,985,989,969,918,952,940,976,826,1053,2472,3743,4095,4095,4095,4095,4095,3263,3015,2763,2536,2220,1854,1527,541,0,0,0,7,1452,3593,4095,4095,4095,4095,4095,4095,1789,1133,1127,1127,1065,1103,1024,1102,1040,1085,1020,1080,1052,1120,1040,1068,1032,1271,1550,1694,1691,1567,205,0,0,0,0,40,0,46,201,716,970,1103,1165,1099,717,669,717,608,526,716,953,1147,1067,1229,1311,1256,1103,1112,1143,1232,1064,1112,1117,1081,1103,1277,1405,1353,1214,1390,1532,1527,1351,1401,1358,1276,954,862,872,909,812,876,939,971,752,794,841,776,695,766,888,1084,1035,1063,1101,1086,888,910,894,967,893,1005,1020,1096,969,1080,1084,1101,990,952,943,920,860,1053,1099,1021,796,783,896,1006,909,1036,1112,1102,0.0,3.1693366656940527,0.3183548815825531,1.1567414759941637,0.8926534474851531,0.25333657547064026,0.9439364419650969,0.11088608100850973,0.8390825947605385,1.1382015035391104,1.28104901481916,1.473817564731581,2.177787143769311,1.682672731055099,1.842864260232051,1.0623079014073924,0.1779649517400872,0.6562863294445651,1.5772693693961264,1.7831255759082163,1.7875301011758833,1.7154870705669065,0.3249767588595039,0.48216184952078156,0.9240412718237705,1.0195480871454534,0.3431641180812419,0.35882924975670116,0.4092496024696689,0.6376840961398729,0.16522387027039678,0.5857047063595766,0.4607740209302797,0.0733722802978978,0.3679775099308943,0.41179105930784715,0.16810779582775573,0.2607879027106037,0.3982711145391661,0.397105665082636,0.23973764066691544,0.19708666851724538,0.061670521108777125,0.17949898824167548,0.11404059212768071,0.16029017361741418,0.05513903989645744,0.33332125323976586,0.17152507881103804,0.4138655284004027,0.2870911053923652,0.08152981040914767,0.05875628498629423,0.23252238176145437,0.1917099392458932,0.13975424859373686,0.19572222648796495,0.229722706698002,0.10160474632170319,0.07001347003490203,0.07042092334890604,0.2869382594885192,0.09377034284498284,0.2267728683901375,0.32584131359529567,0.08070094117628543,0.14427037795599762,0.03360283307438526,0.10966235967679527,0.11840593788103822,0.06802372955964062,0.10652143923455767,0.1011484951267504,0.17757601547498653,0.06040494958668795,0.15009864106906914,0.02417855156863271,0.08986497711193235,0.08565405137010906,0.07910759043390092,0.0316291694154329,0.16172358556327338,0.15867563022544265,0.12917600208305008,0.11427450465677277,0.0361328125,0.0567751634912056,0.12012115720066371,0.1059243991369294,0.03601384553630034,0.1308192860701745,0.10826198478059051,0.11979918525431488,0.07888425010450933,0.10591989736684569,0.018657200365764452,0.07520165354757209,0.02756951994822872,0.07309229453579777,0.05623507831596863,0.00834375365753665,0.034402177644157296,0.06608954810815872,0.08700179911539994,0.09782212475110276,0.06210968209436658,0.0192608231673008,0.05374643713209771,0.08575975937539121,0.033730304764004966,0.06180182551678414,0.031158312760827766,0.06548068208687582,0.07796003090338684,0.05139725533961237,0.03930588241698849,0.09707836831512241,0.08348895483004493,0.06247710762391919,0.06549524467620006,0.0170549308560283,0.044932488555966175,0.08592085243583644,0.09048893678601856,0.055389261376903254,0.08746097239280233,0.0720938625987959,0.06201748558323214,0.1044921875,1,1,1.0
8.203125,4.971675872802734,7.0,0.4420199990272522,6.513637065887451,4.6875,39.009891510009766,5.521120071411133,0.390625,0.483717679977417,0.6209117770195007,404259.0,10553040.0,1513516826624.0,26.104650497436523,0.07426230609416962,2.1096270084381104,5.355757713317871,0.0,0.0,0.06199044734239578,942,975,973,984,973,942,954,970,942,895,828,584,297,124,111,413,1627,3502,4095,4095,4095,4095,2555,0,0,0,463,2056,3131,3231,3258,3257,3273,3339,2377,1386,461,203,0,0,25,1230,2415,3225,3386,3372,2814,2154,1447,1034,797,750,1200,2270,3088,3514,3546,3528,3582,3627,3531,2477,1818,1175,573,455,224,297,1356,2764,3511,3739,3784,3816,3831,3007,2077,1408,1239,1995,2940,3815,3917,4029,4011,4090,2989,2268,1471,1209,1005,792,732,680,686,426,174,41,0,413,2030,3552,4095,4095,4095,4095,4095,4095,4095,4095,4095,1097,985,989,969,918,952,940,976,826,1053,2472,3743,4095,4095,4095,4095,4095,3263,3015,2763,2536,2220,1854,1527,541,0,0,0,7,1452,3593,4095,4095,4095,4095,4095,4095,1789,1133,1127,1127,1065,1103,1024,1102,1040,1085,1020,1080,1052,1120,1040,1068,1032,1271,1550,1694,1691,1567,205,0,0,0,0,40,0,46,201,716,970,1103,1165,1099,717,669,717,608,526,716,953,1147,1067,1229,1311,1256,1103,1112,1143,1232,1064,1112,1117,1081,1103,1277,1405,1353,1214,1390,1532,1527,1351,1401,1358,1276,954,862,872,909,812,876,939,971,752,794,841,776,695,766,888,1084,1035,1063,1101,1086,888,910,894,967,893,1005,1020,1096,969,1080,1084,1101,990,952,943,920,860,1053,1099,1021,0.00244140625,3.1659916777414043,0.32387883395565176,1.1508220388275807,0.8924616564466729,0.24554284816138125,0.9403059611627188,0.11979918525431488,0.8314740101416374,1.1429841192415486,1.2901843189181252,1.462935280213803,2.1882473350220164,1.6726785315321748,1.8537957609860118,1.0558284663264084,0.1890449452723024,0.6692268169094117,1.5889500160878216,1.7753908935815252,1.7737585104912221,1.706104157750847,0.31048084252761904,0.48563737340454516,0.9163684938007548,1.034443390305425,0.33018356535208304,0.36461239653504823,0.4219156881420631,0.6541831757553891,0.1680964494592339,0.5979274558269093,0.4471867254371786,0.05784845007664018,0.3625309898021058,0.403083787334366,0.16701788453600655,0.24855578024080083,0.402973755845701,0.3984674180709888,0.24326013099767874,0.1965779318763458,0.055285858807492816,0.17991027291077105,0.10646322957006461,0.15324565260229703,0.058267319883501166,0.3304434115027358,0.17444424255964147,0.4170916615104676,0.2859727848148931,0.08389916644040352,0.05681714143667522,0.23053908487135172,0.19213231232526487,0.13695919147466712,0.19968971979522263,0.22509288989666298,0.10438717708252203,0.07109482313750506,0.06641343021843478,0.2943149409813632,0.08737369685913508,0.23453973702686057,0.3212935148817637,0.07070474359335138,0.14169581992176333,0.026868782211323446,0.09832776932142091,0.10708843847393217,0.06253051013118016,0.09740690824538976,0.08953006550536267,0.1856034042177744,0.056581663815902246,0.1621358459185947,0.026672852116694654,0.10261344028655021,0.08106057019315287,0.08554263866508419,0.022714264354712906,0.15418867349352028,0.1611446491864554,0.12356506709286433,0.11454124833788386,0.02681548870653512,0.05476591755003888,0.1262639043724028,0.10979707206338157,0.03773374821555011,0.13293451426551275,0.10434605728253539,0.12015291008443288,0.07469266865614431,0.1026320263110255,0.019236050394133015,0.0741480440340946,0.02883754503951836,0.07115516106229246,0.05688424171566679,0.010563138502335907,0.03500673501745102,0.06961048198123725,0.08719341517792857,0.09886941763338178,0.06408214733016765,0.021439939843847802,0.05715185503281067,0.0837170983208898,0.0363433477850164,0.058991165275542795,0.03144773864864183,0.06401514303348588,0.07422517447523384,0.05286081485439202,0.040430159266571196,0.09473159619357636,0.08709492242774726,0.06287272891726513,0.06744647128840628,0.014938533731228863,0.04688517142249142,0.08236770657796696,0.09145339662846215,0.0570432885410556,0.08625319322949822,0.07422517447523384,0.061173670950647754,0.1015625,1,1,1.0
8.203125,4.964872360229492,7.0,0.44262927770614624,6.486469745635986,4.6875,38.893043518066406,5.522028923034668,0.390625,0.4829203188419342,0.6206375360488892,403902.0,10533625.0,1510239109120.0,26.079654693603516,0.07445041090250015,2.1105048656463623,5.346246242523193,9.477842581873119e-07,0.0,0.06091628968715668,1052,1005,956,990,960,989,953,985,942,975,973,984,973,942,954,970,942,895,828,584,297,124,111,413,1627,3502,4095,4095,4095,4095,2555,0,0,0,463,2056,3131,3231,3258,3257,3273,3339,2377,1386,461,203,0,0,25,1230,2415,3225,3386,3372,2814,2154,1447,1034,797,750,1200,2270,3088,3514,3546,3528,3582,3627,3531,2477,1818,1175,573,455,224,297,1356,2764,3511,3739,3784,3816,3831,3007,2077,1408,1239,1995,2940,3815,3917,4029,4011,4090,2989,2268,1471,1209,1005,792,732,680,686,426,174,41,0,413,2030,3552,4095,4095,4095,4095,4095,4095,4095,4095,4095,1097,985,989,969,918,952,940,976,826,1053,2472,3743,4095,4095,4095,4095,4095,3263,3015,2763,2536,2220,1854,1527,541,0,0,0,7,1452,3593,4095,4095,4095,4095,4095,4095,1789,1133,1127,1127,1065,1103,1024,1102,1040,1085,1020,1080,1052,1120,1040,1068,1032,1271,1550,1694,1691,1567,205,0,0,0,0,40,0,46,201,716,970,1103,1165,1099,717,669,717,608,526,716,953,1147,1067,1229,1311,1256,1103,1112,1143,1232,1064,1112,1117,1081,1103,1277,1405,1353,1214,1390,1532,1527,1351,1401,1358,1276,954,862,872,909,812,876,939,971,752,794,841,776,695,766,888,1084,1035,1063,1101,1086,888,910,894,967,893,1005,1020,1096,969,1080,1084,1101,0.00048828125,3.152182800646467,0.3437721938858094,1.1366868686465572,0.8818797357271188,0.23170064370531437,0.951849913138155,0.13348934265345222,0.8434662518400864,1.162641028596941,1.2715177516980645,1.4678985075414386,2.18352845560081,1.6808172640444479,1.8391894819293235,1.0670861392944415,0.1672204671424753,0.6454790025246331,1.5856109433270926,1.7996912903438609,1.7939463757141652,1.6884912475865161,0.29667737305713426,0.46645454399519953,0.8961864632998833,1.0430684131338361,0.3246567307139212,0.3680863437530922,0.43484344471445446,0.6662432597608458,0.16212114038630573,0.5963823292397207,0.43822854553038393,0.06078268093591967,0.3547127197979032,0.4134101767532629,0.16350642835013066,0.25679137564939786,0.3954583784692929,0.4061866123925234,0.23212625632821704,0.2082163164207554,0.04337740686428283,0.193359375,0.0929018437033225,0.13893982694927798,0.07402575647752822,0.31536316539257686,0.19121183525708552,0.4385907336743893,0.27120496244138315,0.106122287962715,0.0363433477850164,0.2211132458829249,0.1925042248547134,0.12277142408069062,0.21906367020015552,0.2001738746143587,0.12226156892233783,0.0882371640474728,0.07529670518047357,0.3115249681584653,0.06726949257536924,0.24893342429542345,0.30312002905476265,0.07888425010450933,0.12789986532172895,0.027930370402490412,0.11167452276882374,0.1201171875,0.06853353929501074,0.10332197393512942,0.09533370985832641,0.17471737519161526,0.047037478823407405,0.16410899638750004,0.036461239653504826,0.10990125211882328,0.08013169892348022,0.09048366706951955,0.013282686043686957,0.14433646608495904,0.17139993382990126,0.11338643419506875,0.1262185780920004,0.03676080122015373,0.06485139732767184,0.11818020292658805,0.1025390625,0.030336376107439583,0.13810679320049757,0.10164697508507231,0.13604745911928123,0.07161606295819962,0.09047839704609742,0.03819845159298427,0.06132936901604524,0.04501730692037543,0.06666425064795317,0.076171875,0.019773883526676354,0.051164792568084906,0.06944588553734776,0.07847820547993922,0.09727464503858553,0.06392569472286383,0.006905339660024878,0.05687585851000405,0.09836170972457425,0.027500249688142037,0.06508626055840482,0.021945512748285382,0.07070474359335138,0.05969824888897627,0.057226895796810985,0.04334441605697685,0.09980545192955784,0.08740097982525175,0.07745070335507169,0.05688424171566679,0.03149319432929121,0.03168941550700772,0.08924734108434268,0.10346494189656782,0.040794137840244965,0.10022024695833984,0.060080423497156345,0.0712890625,0.119140625,1,1,1.0
8.203125,5.502886772155762,7.0,0.44914311170578003,4.815821170806885,4.6875,32.429473876953125,5.978427886962891,0.390625,0.4561399817466736,0.628413200378418,414086.0,9580577.0,1370575339520.0,23.13668441772461,0.09471696615219116,2.110727310180664,4.827195644378662,6.792059252802574e-07,0.0,0.08381824940443039,4095,4095,4095,4095,4095,4095,4095,1658,1052,1005,956,990,960,989,953,985,942,975,973,984,973,942,954,970,942,895,828,584,297,124,111,413,1627,3502,4095,4095,4095,4095,2555,0,0,0,463,2056,3131,3231,3258,3257,3273,3339,2377,1386,461,203,0,0,25,1230,2415,3225,3386,3372,2814,2154,1447,1034,797,750,1200,2270,3088,3514,3546,3528,3582,3627,3531,2477,1818,1175,573,455,224,297,1356,2764,3511,3739,3784,3816,3831,3007,2077,1408,1239,1995,2940,3815,3917,4029,4011,4090,2989,2268,1471,1209,1005,792,732,680,686,426,174,41,0,413,2030,3552,4095,4095,4095,4095,4095,4095,4095,4095,4095,1097,985,989,969,918,952,940,976,826,1053,2472,3743,4095,4095,4095,4095,4095,3263,3015,2763,2536,2220,1854,1527,541,0,0,0,7,1452,3593,4095,4095,4095,4095,4095,4095,1789,1133,1127,1127,1065,1103,1024,1102,1040,1085,1020,1080,1052,1120,1040,1068,1032,1271,1550,1694,1691,1567,205,0,0,0,0,40,0,46,201,716,970,1103,1165,1099,717,669,717,608,526,716,953,1147,1067,1229,1311,1256,1103,1112,1143,1232,1064,1112,1117,1081,1103,1277,1405,1353,1214,1390,1532,1527,1351,1401,1358,1276,954,862,872,909,812,876,939,971,752,794,841,776,695,766,888,1084,1035,1063,1101,1086,888,910,894,967,0.00146484375,2.6233713456356216,1.0771993450402195,1.040348490501838,0.5340404154595776,0.711786119976233,1.6228976221236295,0.7091867877811733,1.5111827442232089,1.3534423455992974,0.7421804327377336,2.07484877621306,1.5973422387776526,2.2285680472170153,1.4689188109437945,1.4942580631951858,0.4808506881958046,0.9646425848298867,1.9648495744197967,1.5740060970280405,1.4368500276696103,1.8328852828486042,0.47588663171250756,0.7151378589388186,1.1249139540932762,0.9557119813183005,0.4386896579905116,0.3082288685382838,0.32461413438523556,0.6495777812897486,0.21543110408645766,0.6225308281185823,0.43388947720609194,0.07645929348071634,0.36326287335913204,0.4390503796842441,0.22263911666535882,0.28787399513112316,0.28775305184768457,0.5280711490781991,0.19386425956130723,0.3075443242079734,0.11673905079897348,0.2514909156690605,0.12254205721356572,0.13646740288721423,0.15050789360561012,0.45646854548809773,0.29690390998216126,0.39133845977631393,0.2758905729004382,0.12579095459456732,0.18409433500824762,0.24458943122744298,0.264394265052361,0.1969123925923539,0.15040964774172255,0.29859506332292285,0.05815263644906018,0.026240290708094537,0.03521046167445302,0.3125,0.08010194005628858,0.2579031120358068,0.3004164031120622,0.08035157199501645,0.13695919147466712,0.052344114387724204,0.13320326819090544,0.14141285917738405,0.013810679320049757,0.038098455474865546,0.025202124805788945,0.244148437375004,0.1059243991369294,0.22510983647224858,0.07402575647752822,0.13287352113806913,0.06861698113512177,0.022545696055889054,0.10769230874030145,0.2319227999133093,0.12059657260965302,0.21210973469122357,0.03629082846887118,0.07529670518047357,0.029749113694780893,0.1594221456768995,0.14850494458735888,0.07607164880527519,0.11809947873484204,0.1270882694140425,0.09692106074843364,0.09181765057455593,0.11016127121756326,0.03066468450802262,0.06366408598830711,0.04148954255126563,0.08245449776488943,0.07914374839591723,0.026057937625246747,0.04458090707231768,0.0244140625,0.1342160726686549,0.05731847887042652,0.1203115487989996,0.07271948902785728,0.11700832656836062,0.02847144479904932,0.1069235601028984,0.049032774260285905,0.10471100045230518,0.05781546920162377,0.14784846636454385,0.08438087725479668,0.07912567148029159,0.10020597226433865,0.11680030434973791,0.007873298582322802,0.11979918525431488,0.03455430861905104,0.08796654706944176,0.05219815630817487,0.10160474632170319,0.06783419916723538,0.0973873250308281,0.06652104049190001,0.06878356114429818,0.10546875,1,1,1.0
8.203125,5.087850093841553,6.0,0.4653226435184479,5.565243721008301,5.078125,16.826940536499023,5.807291507720947,0.390625,0.45323675870895386,0.6513781547546387,444904.0,7222549.0,1242048626688.0,16.233949661254883,0.08144059777259827,1.376366138458252,3.528768301010132,1.580393984568218e-07,0.0,0.0776154175400734,0,0,0,0,0,0,1800,3835,4095,4095,4095,4095,4095,4095,4095,1658,1052,1005,956,990,960,989,953,985,942,975,973,984,973,942,954,970,942,895,828,584,297,124,111,413,1627,3502,4095,4095,4095,4095,2555,0,0,0,463,2056,3131,3231,3258,3257,3273,3339,2377,1386,461,203,0,0,25,1230,2415,3225,3386,3372,2814,2154,1447,1034,797,750,1200,2270,3088,3514,3546,3528,3582,3627,3531,2477,1818,1175,573,455,224,297,1356,2764,3511,3739,3784,3816,3831,3007,2077,1408,1239,1995,2940,3815,3917,4029,4011,4090,2989,2268,1471,1209,1005,792,732,680,686,426,174,41,0,413,2030,3552,4095,4095,4095,4095,4095,4095,4095,4095,4095,1097,985,989,969,918,952,940,976,826,1053,2472,3743,4095,4095,4095,4095,4095,3263,3015,2763,2536,2220,1854,1527,541,0,0,0,7,1452,3593,4095,4095,4095,4095,4095,4095,1789,1133,1127,1127,1065,1103,1024,1102,1040,1085,1020,1080,1052,1120,1040,1068,1032,1271,1550,1694,1691,1567,205,0,0,0,0,40,0,46,201,716,970,1103,1165,1099,717,669,717,608,526,716,953,1147,1067,1229,1311,1256,1103,1112,1143,1232,1064,1112,1117,1081,1103,1277,1405,1353,1214,1390,1532,1527,1351,1401,1358,1276,954,862,872,909,812,876,939,971,752,794,841,776,695,766,888,1084,0.00048828125,2.777679208490124,0.9179032972011242,0.9009819819504252,0.6878390776487787,0.5969161893203717,1.5507840173345901,0.7666762005862776,1.5468617448335176,1.5346274981986798,0.564615298934607,2.2063702428972967,1.449742800822821,2.401267900931393,1.371100010001735,1.6277682859963538,0.6421126793111385,1.1227334820881392,2.022504318855116,1.4248799859086954,1.3886155601274692,1.960783082269768,0.555859683821506,0.6534903494626529,1.058266226575825,0.9060084580117173,0.4274912800931313,0.30297526957996224,0.4125268638417543,0.6751162393584588,0.13784414053588975,0.5530767559844239,0.47307977538355317,0.13070624202424902,0.40962228076953044,0.4195276583441462,0.2558220989067647,0.26740877681642583,0.2866572758518927,0.5330993774982883,0.2095267130497811,0.30973662232212634,0.1337926265492434,0.2522576436150291,0.1508465087082002,0.16941881802467784,0.1621358459185947,0.4922068758586964,0.28686679271518223,0.341480042886757,0.326367713475788,0.087890625,0.17408579042172803,0.2835363072419722,0.2023276304209049,0.1912966044370381,0.1587327169787411,0.24045062992666272,0.09692106074843364,0.07833224464904483,0.08128379705736255,0.2886564134475693,0.0973873250308281,0.20753274314560355,0.34837968971098904,0.10295210708158946,0.18050563154655183,0.06583653824485615,0.10779852292777557,0.11281727450509435,0.028721564784868637,0.055285858807492816,0.04728015014418049,0.24778144632236201,0.11194320219458671,0.21116569326528167,0.06732617637946556,0.11445379159362197,0.0872644796953715,0.046589298601080326,0.10753279074973263,0.23593434716953868,0.09425725400010668,0.18950597281592513,0.0647557408207047,0.029523860269201122,0.048563737340454514,0.14181691598216134,0.10637809661051735,0.030336376107439583,0.14979335538135946,0.07732130553444362,0.1516032685181643,0.03389952140177692,0.08070094117628543,0.04138597675862713,0.12035117580471794,0.019555648822754675,0.11298199292408351,0.03521046167445302,0.0352916230460794,0.0027621358640099515,0.06686422956493629,0.11242351050973293,0.09344942865171532,0.08576531934553387,0.05334570423338931,0.08634160139438958,0.04026470337517247,0.08091337455655219,0.049304318599079446,0.0782225952910187,0.059889641040867046,0.11858702066299905,0.0557325510678917,0.05784020662094081,0.08717700744715551,0.09379068127767945,0.048494957101309126,0.0728766922140845,0.016105881350068987,0.05642131572521207,0.10565395342122866,0.052344114387724204,0.09795364871898996,0.03931801199061991,0.12730570031623806,0.051239295399784786,0.0458984375,1,1,1.0
8.203125,4.943354606628418,5.0,0.4674129784107208,5.955092906951904,5.078125,20.243642807006836,5.677358627319336,0.390625,0.45601189136505127,0.6650433540344238,463767.0,8349233.0,1508116922368.0,18.003076553344727,0.07657510787248611,1.3600846529006958,3.910205125808716,4.2114294274142594e-07,0.0,0.07212884724140167,0,0,0,0,0,0,0,43,0,0,0,0,0,0,1800,3835,4095,4095,4095,4095,4095,4095,4095,1658,1052,1005,956,990,960,989,953,985,942,975,973,984,973,942,954,970,942,895,828,584,297,124,111,413,1627,3502,4095,4095,4095,4095,2555,0,0,0,463,2056,3131,3231,3258,3257,3273,3339,2377,1386,461,203,0,0,25,1230,2415,3225,3386,3372,2814,2154,1447,1034,797,750,1200,2270,3088,3514,3546,3528,3582,3627,3531,2477,1818,1175,573,455,224,297,1356,2764,3511,3739,3784,3816,3831,3007,2077,1408,1239,1995,2940,3815,3917,4029,4011,4090,2989,2268,1471,1209,1005,792,732,680,686,426,174,41,0,413,2030,3552,4095,4095,4095,4095,4095,4095,4095,4095,4095,1097,985,989,969,918,952,940,976,826,1053,2472,3743,4095,4095,4095,4095,4095,3263,3015,2763,2536,2220,1854,1527,541,0,0,0,7,1452,3593,4095,4095,4095,4095,4095,4095,1789,1133,1127,1127,1065,1103,1024,1102,1040,1085,1020,1080,1052,1120,1040,1068,1032,1271,1550,1694,1691,1567,205,0,0,0,0,40,0,46,201,716,970,1103,1165,1099,717,669,717,608,526,716,953,1147,1067,1229,1311,1256,1103,1112,1143,1232,1064,1112,1117,1081,1103,1277,1405,1353,1214,1390,1532,1527,1351,1401,1358,1276,954,862,872,909,812,876,939,971,0.0029296875,2.957277960419119,0.8223584048012555,0.717220503436228,0.8783532331361026,0.6768958981599761,1.6734286780886163,0.9481692693706679,1.7239163519443095,1.5641937231299081,0.5856591135550091,2.274134158858125,1.439933044678376,2.3196782230981565,1.5055227336301005,1.4972881599081953,0.5283239227002344,1.0103250573437155,1.980644022692848,1.5216990406371027,1.3857642098761012,1.9154859582619832,0.5608946887497472,0.7154145176950956,1.1122571015666078,0.8704070390893499,0.46468061902531926,0.2755308403019878,0.41639713470616474,0.6883962164997083,0.1318937951746268,0.5498914091242136,0.4757062379932837,0.11739077422042293,0.39433903307972684,0.43011564252231377,0.23728660232011625,0.299530997835868,0.25465634395322845,0.5714768321229832,0.2153691197155497,0.3379555347696577,0.17541193843216957,0.23962424108696495,0.18287029167992697,0.19742026735593948,0.12524390267094843,0.4651975167100773,0.24708768157821084,0.36246258772794937,0.2914625998005911,0.09407495764681481,0.165869075942455,0.25769780237447276,0.2312948647357416,0.1980279977443215,0.1433153297886915,0.2588995931410733,0.08359740062122147,0.07152945342667964,0.07582679245236001,0.2920460731005924,0.09764160046370236,0.20970869659305455,0.343878981927401,0.09014576446011013,0.1633430327565203,0.05378191333208736,0.12573408107218348,0.1382862154828822,0.008843149548962322,0.027981540589637505,0.04324529262789947,0.2835480792469399,0.1478710408652164,0.2001667281422559,0.06991123566052906,0.07529670518047357,0.10255766200359938,0.06176323555016366,0.07064402096252666,0.19721002078333463,0.13180699913878874,0.17920387532267282,0.06132936901604524,0.05590340539594418,0.02708090746848056,0.15182013882625275,0.11676763978800016,0.05040424961157789,0.13160787565556367,0.09184361343399595,0.15440808887540916,0.03066468450802262,0.07617813475881403,0.04471973883537231,0.12298485540180598,0.015655487833868553,0.10353404906795759,0.037695818487536684,0.021417687694786434,0.014906579611790769,0.04716908076458329,0.13235574607120917,0.08378542022969394,0.10805036317127913,0.07958834594066089,0.09048893678601856,0.044804959949040865,0.07042092334890604,0.07187526536975468,0.04724988438829275,0.059249262937959034,0.09227869727727742,0.07184872354264223,0.03192926313334339,0.11782460279553579,0.08196728346774725,0.029700988917471777,0.09698991420261825,0.011759369705851851,0.06398534082375455,0.08987028310651153,0.06779904280355384,0.08578755562263697,0.04193537217496853,0.12794459598245359,0.047861526386104865,0.041015625,1,1,1.0
8.203125,4.911379814147949,7.0,0.4410780966281891,6.527048110961914,5.078125,23.22527503967285,5.525473117828369,0.390625,0.48466676473617554,0.6756048202514648,478614.0,9390490.0,1641134030848.0,19.620174407958984,0.07425512373447418,1.710009217262268,4.120693683624268,0.0,0.0,0.06962838023900986,1145,1246,1176,988,668,430,171,0,0,0,0,0,0,0,0,43,0,0,0,0,0,0,1800,3835,4095,4095,4095,4095,4095,4095,4095,1658,1052,1005,956,990,960,989,953,985,942,975,973,984,973,942,954,970,942,895,828,584,297,124,111,413,1627,3502,4095,4095,4095,4095,2555,0,0,0,463,2056,3131,3231,3258,3257,3273,3339,2377,1386,461,203,0,0,25,1230,2415,3225,3386,3372,2814,2154,1447,1034,797,750,1200,2270,3088,3514,3546,3528,3582,3627,3531,2477,1818,1175,573,455,224,297,1356,2764,3511,3739,3784,3816,3831,3007,2077,1408,1239,1995,2940,3815,3917,4029,4011,4090,2989,2268,1471,1209,1005,792,732,680,686,426,174,41,0,413,2030,3552,4095,4095,4095,4095,4095,4095,4095,4095,4095,1097,985,989,969,918,952,940,976,826,1053,2472,3743,4095,4095,4095,4095,4095,3263,3015,2763,2536,2220,1854,1527,541,0,0,0,7,1452,3593,4095,4095,4095,4095,4095,4095,1789,1133,1127,1127,1065,1103,1024,1102,1040,1085,1020,1080,1052,1120,1040,1068,1032,1271,1550,1694,1691,1567,205,0,0,0,0,40,0,46,201,716,970,1103,1165,1099,717,669,717,608,526,716,953,1147,1067,1229,1311,1256,1103,1112,1143,1232,1064,1112,1117,1081,1103,1277,1405,1353,1214,1390,1532,1527,1351,1401,1358,1276,0.00146484375,2.9671808211586397,0.8139682122099617,0.705024019738479,0.8968566254650879,0.6855399193913522,1.689939924899127,0.9753508107863358,1.7541925073503872,1.5623855548907726,0.6095510375236772,2.269015596674933,1.4689671781961895,2.2757872927448313,1.5191813166517583,1.4820969618816933,0.4999818798596488,0.9994324026983898,2.0329854740612734,1.4988745599930096,1.3330020890444894,1.9746016474873522,0.5999782558315786,0.6775992750792246,1.057002035725491,0.9029084787553503,0.40515576228337885,0.33480573344910125,0.40934862823573326,0.6350157259698408,0.18037085582178405,0.6057718810231941,0.42634531158091943,0.0992112524849319,0.3567394976069121,0.48003287043874415,0.2834993063297565,0.3034281993819556,0.24906173112432292,0.5639849242231361,0.24719187041806462,0.29415288040952897,0.13558753555310046,0.23052046890563244,0.14873595099260897,0.1699695739445579,0.14931190339229122,0.48332740955449666,0.2699837686816793,0.3439178057214909,0.3154115464984609,0.07905332248179173,0.15780778632347772,0.2619391125697872,0.21805571321885334,0.1827216028362996,0.15867563022544265,0.25138661176892485,0.08953006550536267,0.06892207026794488,0.07250277809871322,0.28721564784868636,0.09502811216714126,0.22263269132493105,0.3280581451609536,0.09084131141646559,0.15766268124425928,0.06950079433069564,0.14087231399426098,0.14500884456625882,0.02765586378614511,0.046589298601080326,0.06180182551678414,0.27650690759235846,0.13327484437457207,0.18732189620503942,0.05249875021763911,0.08997633728915984,0.08394462176891251,0.04293544518941525,0.08763526270868098,0.2175192953736824,0.11194746174833323,0.1818872233999211,0.06437910048378714,0.035814689103305174,0.03416573375885918,0.1371644520787456,0.12043830932281914,0.035814689103305174,0.14355800910272845,0.08634160139438958,0.13941605446531538,0.04606436099637014,0.08374557255671229,0.032754902014157074,0.10966235967679527,0.01708286687942959,0.10927031820858879,0.04789140560640324,0.03340357690720131,0.011920464468489943,0.05751779032276259,0.13005891491973035,0.09529368730834333,0.0948674049604277,0.06856831906852327,0.08082492850218188,0.04631213164601319,0.06825466310549434,0.05991352207100768,0.05875628498629423,0.05587781055046862,0.10321115305168242,0.06239309705063784,0.04120121701118943,0.10483843043742133,0.08214742517505114,0.04102724909687501,0.0837170983208898,0.01680141653719263,0.06741111271649343,0.09602147307251449,0.05862629304610795,0.09379576519677024,0.04961283514015835,0.11575458585087596,0.04979511243742954,0.0556640625,1,1,1.0
8.203125,4.908056735992432,6.0,0.4417946934700012,6.530547618865967,5.078125,22.67984390258789,5.534924507141113,0.390625,0.48407983779907227,0.6750498414039612,477828.0,9288980.0,1638052659200.0,19.44000816345215,0.07412546128034592,1.6964856386184692,4.083770751953125,1.635002178090872e-08,0.0,0.0695137083530426,1338,1326,1278,1274,1353,1214,1238,1309,1145,1246,1176,988,668,430,171,0,0,0,0,0,0,0,0,43,0,0,0,0,0,0,1800,3835,4095,4095,4095,4095,4095,4095,4095,1658,1052,1005,956,990,960,989,953,985,942,975,973,984,973,942,954,970,942,895,828,584,297,124,111,413,1627,3502,4095,4095,4095,4095,2555,0,0,0,463,2056,3131,3231,3258,3257,3273,3339,2377,1386,461,203,0,0,25,1230,2415,3225,3386,3372,2814,2154,1447,1034,797,750,1200,2270,3088,3514,3546,3528,3582,3627,3531,2477,1818,1175,573,455,224,297,1356,2764,3511,3739,3784,3816,3831,3007,2077,1408,1239,1995,2940,3815,3917,4029,4011,4090,2989,2268,1471,1209,1005,792,732,680,686,426,174,41,0,413,2030,3552,4095,4095,4095,4095,4095,4095,4095,4095,4095,1097,985,989,969,918,952,940,976,826,1053,2472,3743,4095,4095,4095,4095,4095,3263,3015,2763,2536,2220,1854,1527,541,0,0,0,7,1452,3593,4095,4095,4095,4095,4095,4095,1789,1133,1127,1127,1065,1103,1024,1102,1040,1085,1020,1080,1052,1120,1040,1068,1032,1271,1550,1694,1691,1567,205,0,0,0,0,40,0,46,201,716,970,1103,1165,1099,717,669,717,608,526,716,953,1147,1067,1229,1311,1256,1103,1112,1143,1232,1064,1112,1117,1081,1103,1277,1405,1353,0.00146484375,2.991147649969158,0.8220295691821938,0.6866734477822484,0.8976776890730173,0.7027892264672096,1.6951732666219195,0.9564855148407098,1.7317407897025832,1.5583355147130593,0.593648801511578,2.2768713328614445,1.448434128906541,2.2946353295177846,1.5294967267443178,1.4674904474990549,0.48590437110745166,0.979201999324428,2.0292517590028143,1.5137074718596621,1.3164442832274692,1.9863475697333648,0.6194339863455519,0.6744823873042879,1.042486758067972,0.9131277146191361,0.38787361100022205,0.3481743199256144,0.39881669494211347,0.6325057428272669,0.19263051154230676,0.6130020575185475,0.42002860198950476,0.11204964246033221,0.36906957194814677,0.4690479603139822,0.277539681011802,0.3001289726226369,0.24945390184462501,0.5692228594287909,0.24605111857925288,0.29877227061750794,0.140625,0.22245484997706907,0.14235722399524658,0.16212114038630573,0.15166930535225365,0.4866349198598995,0.2753317479171859,0.33504634024245555,0.32292487021249666,0.06856831906852327,0.14855310054536264,0.25179788701123035,0.2286929233405248,0.18945564189694122,0.14607037851993482,0.254176538828085,0.09184361343399595,0.08148300798829357,0.08709492242774726,0.27230688409134124,0.10719969921923901,0.22867624229793507,0.31500763899002565,0.09328089012702775,0.1584230001763105,0.0858708903788305,0.14307890437089796,0.1345141732501664,0.03419363554689765,0.052959948683422846,0.05249875021763911,0.26680895664903104,0.13354648400880229,0.19975656953590765,0.0658944547181146,0.07912567148029159,0.09379068127767945,0.04973762335252673,0.07632821495964505,0.21119278894887464,0.11715901346475718,0.19268248788536885,0.055492471270216295,0.03500673501745102,0.04416179318201177,0.13384607589948763,0.11946437186466738,0.029700988917471777,0.14836038292838236,0.08930075382542446,0.13324621851495508,0.05097805912553979,0.07991718774439362,0.036851488797096106,0.11152497672974566,0.020132351687586234,0.11251254541595156,0.04442017740446937,0.03316001337177665,0.008734640537108554,0.05681714143667522,0.1279334147834883,0.09184361343399595,0.09834231664281547,0.0720872481795335,0.0836943119572884,0.04737083138919884,0.0655461882599603,0.06021519534948436,0.055492471270216295,0.049890780368925004,0.1083984375,0.0654296875,0.04809012598533254,0.09728934982993787,0.08360880778517185,0.048238629043861204,0.07818601133300038,0.0244140625,0.0750366121574162,0.09071524500473739,0.06527646471511095,0.08508992543278111,0.0522803078684538,0.11864732017400417,0.04676296833520656,0.0478515625,1,1,1.0
8.203125,4.912444591522217,6.0,0.4422297179698944,6.557600021362305,5.078125,23.01142692565918,5.528942584991455,0.390625,0.48396775126457214,0.6751847267150879,478019.0,9380500.0,1658034978816.0,19.62369728088379,0.07380257546901703,1.700382113456726,4.118541240692139,6.537392494010419e-08,0.0,0.06980084627866745,4095,4095,4095,2365,1339,1370,1295,1338,1338,1326,1278,1274,1353,1214,1238,1309,1145,1246,1176,988,668,430,171,0,0,0,0,0,0,0,0,43,0,0,0,0,0,0,1800,3835,4095,4095,4095,4095,4095,4095,4095,1658,1052,1005,956,990,960,989,953,985,942,975,973,984,973,942,954,970,942,895,828,584,297,124,111,413,1627,3502,4095,4095,4095,4095,2555,0,0,0,463,2056,3131,3231,3258,3257,3273,3339,2377,1386,461,203,0,0,25,1230,2415,3225,3386,3372,2814,2154,1447,1034,797,750,1200,2270,3088,3514,3546,3528,3582,3627,3531,2477,1818,1175,573,455,224,297,1356,2764,3511,3739,3784,3816,3831,3007,2077,1408,1239,1995,2940,3815,3917,4029,4011,4090,2989,2268,1471,1209,1005,792,732,680,686,426,174,41,0,413,2030,3552,4095,4095,4095,4095,4095,4095,4095,4095,4095,1097,985,989,969,918,952,940,976,826,1053,2472,3743,4095,4095,4095,4095,4095,3263,3015,2763,2536,2220,1854,1527,541,0,0,0,7,1452,3593,4095,4095,4095,4095,4095,4095,1789,1133,1127,1127,1065,1103,1024,1102,1040,1085,1020,1080,1052,1120,1040,1068,1032,1271,1550,1694,1691,1567,205,0,0,0,0,40,0,46,201,716,970,1103,1165,1099,717,669,717,608,526,716,953,1147,1067,1229,1311,1256,1103,1112,1143,1232,0.00244140625,2.5947910655442232,0.5666520210318261,0.8190152037237551,1.2623085556667484,0.9827251838262158,2.0894649554488414,1.1355204870138726,1.6370543361214565,1.2886277824043966,0.6084078425236137,2.3668855279366507,1.0928694313847267,2.5487345828141486,1.875171144939827,1.1077619834325767,0.1748046875,0.882294359319392,2.3713996099190697,1.2330121593015015,1.3614629736161876,1.9952737277213761,0.3307333317692126,0.742521512012131,1.2973837716261547,0.6989493250562462,0.6446910313312155,0.4161726247910695,0.6539476971724933,0.4134782231603401,0.3763834547438062,0.8348581351187313,0.20107941215518754,0.30394164519137656,0.5275408341209608,0.36416354762181224,0.278004892539464,0.2830919771114731,0.2718020988153148,0.6891854174399052,0.3289856296172052,0.3058402921489545,0.16164985700436377,0.1869014085972723,0.07152945342667964,0.16800565092482986,0.23428546466880554,0.5496624344168719,0.20666471459892205,0.3667262000102062,0.26375324265353384,0.12236293052872722,0.19493371472684512,0.291835372816011,0.19356887719177676,0.15592006180677367,0.16367257420793369,0.282714422090575,0.07560006731625744,0.09685708157119066,0.11388577919619727,0.24436903377967134,0.124682978115452,0.2611003801381775,0.2870828006409094,0.1297211752682972,0.19514885722711978,0.06836635009057476,0.1135209277516602,0.15611566490931691,0.04037114571991091,0.06216340024546699,0.10368132374989841,0.25747566182197507,0.08212420328761187,0.22653303283587653,0.10881553341550093,0.11866339486858735,0.1580131237518961,0.11463695774085304,0.008400708268596315,0.17877763014437534,0.15203356342182564,0.2623083959389751,0.08802615418613255,0.0436404354912194,0.0915263633895311,0.07032606206011263,0.18946319238715273,0.1022410102753729,0.08126619617721308,0.11434124891574904,0.20312734749244477,0.05045152872300582,0.14710156436713315,0.0333750146301466,0.05164713993038028,0.07994105074514771,0.173828125,0.05620963449671156,0.07219300616514149,0.05146215674318515,0.03847210078826603,0.1653882908284745,0.10719525100665098,0.10812976980989382,0.07418019146419118,0.05329204550641505,0.055000499376284075,0.09971463494819385,0.08152981040914767,0.058045941803568674,0.0732682245386824,0.09103008368256016,0.0974705265197591,0.07171586706147327,0.07235794356579181,0.10307708551895534,0.07891446816733173,0.07635319964606202,0.05160095630321448,0.0974852017641051,0.06527646471511095,0.08282378497696273,0.09617033596961078,0.023640075072090243,0.13149188323408145,0.07219300616514149,0.0810546875,1,1,1.0
8.203125,5.143653392791748,7.0,0.45817339420318604,5.493064880371094,5.078125,14.519543647766113,5.774777889251709,4.296875,0.4583795666694641,0.696497917175293,508674.0,6742336.0,1756049571840.0,13.254729270935059,0.08344696462154388,1.0200704336166382,3.4476187229156494,5.529071245291561e-07,3.90625,0.08153145760297775,2427,4095,4095,4095,4095,4095,4095,4095,4095,4095,4095,2365,1339,1370,1295,1338,1338,1326,1278,1274,1353,1214,1238,1309,1145,1246,1176,988,668,430,171,0,0,0,0,0,0,0,0,43,0,0,0,0,0,0,1800,3835,4095,4095,4095,4095,4095,4095,4095,1658,1052,1005,956,990,960,989,953,985,942,975,973,984,973,942,954,970,942,895,828,584,297,124,111,413,1627,3502,4095,4095,4095,4095,2555,0,0,0,463,2056,3131,3231,3258,3257,3273,3339,2377,1386,461,203,0,0,25,1230,2415,3225,3386,3372,2814,2154,1447,1034,797,750,1200,2270,3088,3514,3546,3528,3582,3627,3531,2477,1818,1175,573,455,224,297,1356,2764,3511,3739,3784,3816,3831,3007,2077,1408,1239,1995,2940,3815,3917,4029,4011,4090,2989,2268,1471,1209,1005,792,732,680,686,426,174,41,0,413,2030,3552,4095,4095,4095,4095,4095,4095,4095,4095,4095,1097,985,989,969,918,952,940,976,826,1053,2472,3743,4095,4095,4095,4095,4095,3263,3015,2763,2536,2220,1854,1527,541,0,0,0,7,1452,3593,4095,4095,4095,4095,4095,4095,1789,1133,1127,1127,1065,1103,1024,1102,1040,1085,1020,1080,1052,1120,1040,1068,1032,1271,1550,1694,1691,1567,205,0,0,0,0,40,0,46,201,716,970,1103,1165,1099,717,669,717,608,526,716,953,1147,0.001953125,2.0918110082097243,0.47899071600404364,1.0646994769399905,1.8037577294113345,1.5240649373995336,2.5369150323709557,1.1029559040956236,1.1708120993502174,1.6113127366689444,0.3483920080483659,2.8539483945226887,1.0173550469250674,2.194861532027793,1.9458960458368821,1.3845445378428634,0.6045750082096991,1.251714674786229,2.108937536017308,1.3963628115796052,1.492336405569366,1.8641145710095444,0.6171504142338904,0.705214046152736,1.0351124880195408,0.9315141955945911,0.453949277220553,0.24609568761638004,0.5002688638694462,0.6135921783465994,0.21686724646172512,0.7229102435820639,0.309231256556866,0.2551688857958985,0.4605618255233433,0.44953496003965204,0.3437305791744027,0.23379852607203713,0.3059135613120623,0.682251053006599,0.3248725641268639,0.29550497251609537,0.1358299794787414,0.2133694085772409,0.11581636007168376,0.18234804280775901,0.15649699715850432,0.4717484260213417,0.2960289393531827,0.3210767606895317,0.3770543096061602,0.014906579611790769,0.0898915039528773,0.18585757292763397,0.3095703125,0.2930631358375087,0.1630859375,0.14218964627501013,0.1834066533370075,0.09707345631226981,0.03389952140177692,0.3770290160004267,0.09968593871230348,0.14403552019936458,0.38685312730033705,0.0302734375,0.11022618015251924,0.1356613687016603,0.16921604932776813,0.10289187813635137,0.03931801199061991,0.030414866215619993,0.05219815630817487,0.29198402214753655,0.12156928428409726,0.19611407778726048,0.08916181414463537,0.12041851178683878,0.1562805145984747,0.11270732848635553,0.018961413905222265,0.2020540616048961,0.1268328757426111,0.24440025257653203,0.11045953650138843,0.0352916230460794,0.04712862700005334,0.13244578277913027,0.13387101162651402,0.06118146526436361,0.15609428275841264,0.05985778484657014,0.12482058046303464,0.06698535406110358,0.07134255270636282,0.04979511243742954,0.12224206667006875,0.006253051013118016,0.09669941402285373,0.07919795438648593,0.0726866955700328,0.037186392118476116,0.08981189992514389,0.10453324981738017,0.05022418308837418,0.14241750370417297,0.11008766149251525,0.048867171887487515,0.07967217989988726,0.07074519639169857,0.051164792568084906,0.07219300616514149,0.068359375,0.09504818146243728,0.0712890625,0.04961283514015835,0.09610089531361363,0.07595873626027366,0.04498551877453524,0.0929788023058087,0.005524271728019903,0.054774623681172495,0.11410747320791277,0.047681857873959774,0.09604629957784765,0.0794864286918931,0.10809889638162723,0.03221176270013797,0.01953125,1,1,1.0
8.203125,4.79712438583374,8.0,0.42825499176979065,6.261349201202393,2.34375,16.600149154663086,5.607966899871826,4.296875,0.4930068552494049,0.7134616374969482,533754.0,8592613.0,1829250138112.0,16.098451614379883,0.07873811572790146,1.2825483083724976,3.5324645042419434,7.172070013439225e-07,0.0,0.06525343656539917,254,318,222,154,0,0,0,527,2427,4095,4095,4095,4095,4095,4095,4095,4095,4095,4095,2365,1339,1370,1295,1338,1338,1326,1278,1274,1353,1214,1238,1309,1145,1246,1176,988,668,430,171,0,0,0,0,0,0,0,0,43,0,0,0,0,0,0,1800,3835,4095,4095,4095,4095,4095,4095,4095,1658,1052,1005,956,990,960,989,953,985,942,975,973,984,973,942,954,970,942,895,828,584,297,124,111,413,1627,3502,4095,4095,4095,4095,2555,0,0,0,463,2056,3131,3231,3258,3257,3273,3339,2377,1386,461,203,0,0,25,1230,2415,3225,3386,3372,2814,2154,1447,1034,797,750,1200,2270,3088,3514,3546,3528,3582,3627,3531,2477,1818,1175,573,455,224,297,1356,2764,3511,3739,3784,3816,3831,3007,2077,1408,1239,1995,2940,3815,3917,4029,4011,4090,2989,2268,1471,1209,1005,792,732,680,686,426,174,41,0,413,2030,3552,4095,4095,4095,4095,4095,4095,4095,4095,4095,1097,985,989,969,918,952,940,976,826,1053,2472,3743,4095,4095,4095,4095,4095,3263,3015,2763,2536,2220,1854,1527,541,0,0,0,7,1452,3593,4095,4095,4095,4095,4095,4095,1789,1133,1127,1127,1065,1103,1024,1102,1040,1085,1020,1080,1052,1120,1040,1068,1032,1271,1550,1694,1691,1567,205,0,0,0,0,40,0,46,201,716,970,1103,1165,1099,0.00146484375,2.2035441980536445,0.49926895104105246,1.0614443752180935,1.726492073383358,1.462535942483685,2.5677416156419843,1.2275639230278923,1.2323092788551262,1.5615368735741524,0.4557314918095447,2.9405657414658855,0.9634639124384935,2.1643024407962987,1.995489040083718,1.4458617120572308,0.6862288775085614,1.3082063471565648,2.045937825918572,1.456869244197962,1.4707465703659364,1.8973862991142332,0.6465736166218242,0.6695544956583072,1.0151450563705824,0.9448210644730939,0.4697661512033474,0.22869500838529808,0.5126720604846362,0.6194370655177224,0.2227333336962681,0.7359524281925429,0.3039134046795984,0.2838842160246148,0.4878367117054616,0.43831014554925174,0.3452669830012439,0.2667213701723966,0.2882514090458094,0.7192043029673406,0.36129777110679534,0.24684440326616305,0.08647404416899562,0.2530955356356398,0.1598463083250791,0.1933199139026503,0.11744762795603834,0.46002728091074,0.3345635283718199,0.2791055944644036,0.3887467048726155,0.051267206048463625,0.11782460279553579,0.21313238852662095,0.2910877112900208,0.2793173615738243,0.1730941535654372,0.1558741818232963,0.1700705393132072,0.08554263866508419,0.024433585943743757,0.37201007345363185,0.10758598969300165,0.1420890047763032,0.3772844034918009,0.04737083138919884,0.13032628121447842,0.1362470937996391,0.14375053073950936,0.09968593871230348,0.009765625,0.02777629424478104,0.0832143570030183,0.26333166709404937,0.08778748288269181,0.23291373899891163,0.11000533351105712,0.08595969173697417,0.13540805887105303,0.0807718143818446,0.052480581416189075,0.21301154106286485,0.11449128123575134,0.22180226167948067,0.07803339355848819,0.009003461384075085,0.05482683143600859,0.10953183510007776,0.15057124401400748,0.0701835297219959,0.13879560940968647,0.060531121942623965,0.13725133431764028,0.06641343021843478,0.07735213417309708,0.04756170180424188,0.12084541698851846,0.009212872199274027,0.10194676404965149,0.0792220340326448,0.07437278423695223,0.03389952140177692,0.07699995600711507,0.1208611993337586,0.07031928135701052,0.12081384611292555,0.08793943956916192,0.06906720589877705,0.0616473207112759,0.05342609127574192,0.040618426451338716,0.0777456610839654,0.06514484406311687,0.1015625,0.05469621861304862,0.023840928936979887,0.11683704106591823,0.09761717968437343,0.0453970285123807,0.06991123566052906,0.025334222209126653,0.07237112231894104,0.09835686181261072,0.05472236611766367,0.09416108601555584,0.06853353929501074,0.10828840840335244,0.033260520245950005,0.0263671875,1,1,1.0
8.203125,4.772693634033203,7.0,0.4144696891307831,6.654821872711182,2.34375,18.334123611450195,5.530322551727295,4.296875,0.5090385675430298,0.7196689248085022,543082.0,9199530.0,1935330246656.0,16.939485549926758,0.07649169117212296,1.3047577142715454,3.6910667419433594,2.3016740158254834e-07,0.0,0.0652565062046051,2344,1753,1295,1103,1039,762,510,425,254,318,222,154,0,0,0,527,2427,4095,4095,4095,4095,4095,4095,4095,4095,4095,4095,2365,1339,1370,1295,1338,1338,1326,1278,1274,1353,1214,1238,1309,1145,1246,1176,988,668,430,171,0,0,0,0,0,0,0,0,43,0,0,0,0,0,0,1800,3835,4095,4095,4095,4095,4095,4095,4095,1658,1052,1005,956,990,960,989,953,985,942,975,973,984,973,942,954,970,942,895,828,584,297,124,111,413,1627,3502,4095,4095,4095,4095,2555,0,0,0,463,2056,3131,3231,3258,3257,3273,3339,2377,1386,461,203,0,0,25,1230,2415,3225,3386,3372,2814,2154,1447,1034,797,750,1200,2270,3088,3514,3546,3528,3582,3627,3531,2477,1818,1175,573,455,224,297,1356,2764,3511,3739,3784,3816,3831,3007,2077,1408,1239,1995,2940,3815,3917,4029,4011,4090,2989,2268,1471,1209,1005,792,732,680,686,426,174,41,0,413,2030,3552,4095,4095,4095,4095,4095,4095,4095,4095,4095,1097,985,989,969,918,952,940,976,826,1053,2472,3743,4095,4095,4095,4095,4095,3263,3015,2763,2536,2220,1854,1527,541,0,0,0,7,1452,3593,4095,4095,4095,4095,4095,4095,1789,1133,1127,1127,1065,1103,1024,1102,1040,1085,1020,1080,1052,1120,1040,1068,1032,1271,1550,1694,1691,1567,205,0,0,0,0,40,0.00048828125,2.0722548100713314,0.3596535308202122,0.8947343220985284,1.616651068281188,1.2773739872424565,2.343117183449427,1.274467940671446,1.4739689731101555,1.3537009196309095,0.7014309290340471,3.118222937071421,0.9098339901924266,2.013985847097633,1.9842178402640347,1.695335282555011,0.793111252782074,1.185021071749664,2.001417134803575,1.4355435533550007,1.3783230939774613,1.8578135882631905,0.4585166333425188,0.8987983310739992,1.0870057484633568,1.0261720422832468,0.3162163058338316,0.2014868779228505,0.5472811689218307,0.7388448834361548,0.37603870225127134,0.9143045219121814,0.14241750370417297,0.38063645319000955,0.5599238425649119,0.3567461808126529,0.26881734314781625,0.22151614975448355,0.34417282456130077,0.6515457846420797,0.3432891530866554,0.31736478314175515,0.1414432034760607,0.3082613543099997,0.22450107783205386,0.2687534775619846,0.047037478823407405,0.4391187964353297,0.39445993515424926,0.2104237268856005,0.35167776973124776,0.10743962921464896,0.16651464522736525,0.23359448487029055,0.29351674010385065,0.2966838020205142,0.13336426058347328,0.08796654706944176,0.25899534820738845,0.14710156436713315,0.09355652235935538,0.40147647158802413,0.1881118962486262,0.18961413905222266,0.29114831549189757,0.11007899828876448,0.16054877584032873,0.06640625,0.19574658792574218,0.14778394879018333,0.07595873626027366,0.05164713993038028,0.058267319883501166,0.3198491909382415,0.10008693730717935,0.24460892586193195,0.15348195102210155,0.0973873250308281,0.14967234110677502,0.06298638865858242,0.09480706952611133,0.2131614712024098,0.14952571910486878,0.2516501327371806,0.08693600495490653,0.0650496190757066,0.09730405239907149,0.14278198717561122,0.14022430978851014,0.07489667769067973,0.2018084777261077,0.10272490599185358,0.12059657260965302,0.034678283016727936,0.11267770930541855,0.027361183058831836,0.06253051013118016,0.06945275151052557,0.13402764425232627,0.051767024533978793,0.05869944893417468,0.06741111271649343,0.1343864968283092,0.07814941024899436,0.0385216463346016,0.1690102160373745,0.10611779458754785,0.05507847129767021,0.02485922277608956,0.08457843133661963,0.0754232543541001,0.08940215011844392,0.0832143570030183,0.1101439557079911,0.07720404443770458,0.045856862819819905,0.10454693367254743,0.11624786046838266,0.08270855984468616,0.11227071497029582,0.027500249688142037,0.025202124805788945,0.14805151295505645,0.08020902030617605,0.05781546920162377,0.07504932053453457,0.1637745100707854,0.08622554708845358,0.0849609375,1,1,1.0
8.984375,5.309983253479004,6.0,0.4030241370201111,4.7951483726501465,7.03125,34.56039047241211,6.1252617835998535,4.296875,0.4939628541469574,0.7149838209152222,536034.0,11868532.0,2003892830208.0,22.14137840270996,0.1030130460858345,2.315845012664795,4.92185640335083,1.4574623286023325e-08,0.0,0.07512971758842468,2394,3631,4095,4095,4095,4095,4095,3067,2344,1753,1295,1103,1039,762,510,425,254,318,222,154,0,0,0,527,2427,4095,4095,4095,4095,4095,4095,4095,4095,4095,4095,2365,1339,1370,1295,1338,1338,1326,1278,1274,1353,1214,1238,1309,1145,1246,1176,988,668,430,171,0,0,0,0,0,0,0,0,43,0,0,0,0,0,0,1800,3835,4095,4095,4095,4095,4095,4095,4095,1658,1052,1005,956,990,960,989,953,985,942,975,973,984,973,942,954,970,942,895,828,584,297,124,111,413,1627,3502,4095,4095,4095,4095,2555,0,0,0,463,2056,3131,3231,3258,3257,3273,3339,2377,1386,461,203,0,0,25,1230,2415,3225,3386,3372,2814,2154,1447,1034,797,750,1200,2270,3088,3514,3546,3528,3582,3627,3531,2477,1818,1175,573,455,224,297,1356,2764,3511,3739,3784,3816,3831,3007,2077,1408,1239,1995,2940,3815,3917,4029,4011,4090,2989,2268,1471,1209,1005,792,732,680,686,426,174,41,0,413,2030,3552,4095,4095,4095,4095,4095,4095,4095,4095,4095,1097,985,989,969,918,952,940,976,826,1053,2472,3743,4095,4095,4095,4095,4095,3263,3015,2763,2536,2220,1854,1527,541,0,0,0,7,1452,3593,4095,4095,4095,4095,4095,4095,1789,1133,1127,1127,1065,1103,1024,1102,1040,1085,1020,1080,1052,1120,1040,1068,1032,1271,1550,1694,0.0,1.8750162759710247,0.5696909404573327,0.4940846528329321,1.2228559142082367,0.6471375453205266,2.030267565903607,1.8559120050321252,1.9698681759176586,1.449748063398141,1.1839433915292163,3.711011512419828,1.4873034050798806,1.4600589170717737,1.404787108015893,1.7258227390398222,0.4000057696880026,0.8141234391553464,2.522302898044734,1.0005267663184374,1.8615550876512765,1.561428465588294,0.9174579903862276,0.6822650312121686,0.7933150413819295,1.0696890470073992,0.647828333026787,0.30745748582661037,0.539368473512984,0.6005891133046115,0.11875578213718954,0.6432411923745112,0.3935849767345456,0.388588441107684,0.6058096633477931,0.34783862184660364,0.24807763096726018,0.3553734955650149,0.21513873569895434,0.6138571204034531,0.2711117609290724,0.3338715658350446,0.15351612197756706,0.26608416196760004,0.1939847447011177,0.2429737740638123,0.07740143445482171,0.472763175534645,0.3468928152097426,0.26490776616164713,0.3127211741725829,0.060829732431239986,0.0863857715476276,0.13711577397817076,0.3758560582048104,0.36730435723623883,0.24086078139793743,0.13642896185671421,0.15831460674704864,0.02039122365021592,0.04217348219079919,0.31889962069374317,0.059450122090720404,0.16009073545680763,0.41661809002318934,0.04599184312233053,0.13713663813704655,0.1690158586453733,0.10743962921464896,0.11671862580523848,0.0342911130196864,0.07354754056157317,0.09173971791042937,0.23937736171423882,0.12068748002370691,0.20686996223331713,0.07665238067652502,0.10130865211404237,0.1379202230096771,0.09658099444906089,0.026939676219011176,0.20137324948440932,0.12368849333623991,0.23762597206555022,0.10721304274967916,0.03014716609459596,0.026002982335340524,0.13503779694590662,0.12873227488159839,0.05153622969515141,0.12354191094428492,0.07764746633548524,0.15129156377031208,0.06864477254214833,0.07817991234228686,0.05220729064306117,0.11778817408839533,0.022881590847382775,0.12112918458369212,0.060672752214879166,0.05033798425335888,0.007873298582322802,0.07776405879538459,0.09533370985832641,0.044932488555966175,0.14668605907432994,0.1081562257340698,0.05067785447394188,0.057226895796810985,0.0616473207112759,0.043552935783159684,0.08389348279263488,0.07745070335507169,0.08348895483004493,0.0777824521552339,0.05378191333208736,0.09187994911202403,0.059450122090720404,0.01800692276815017,0.09332688536396294,0.051202057534837225,0.10569456439374171,0.06939780470484323,0.09215977138596895,0.10788695487285885,0.06844999573779319,0.07098742908354003,0.0170549308560283,0.0078125,1,1,1.0
8.203125,4.612733364105225,4.0,0.36614590883255005,6.913508892059326,7.03125,44.621910095214844,5.767484664916992,4.296875,0.5537564158439636,0.7216393947601318,546060.0,14525649.0,2662439059456.0,26.600830078125,0.0800977349281311,2.125771999359131,5.753105640411377,5.150528181729896e-07,0.0,0.0590193010866642,2605,2424,1966,1449,1016,1032,712,1127,2394,3631,4095,4095,4095,4095,4095,3067,2344,1753,1295,1103,1039,762,510,425,254,318,222,154,0,0,0,527,2427,4095,4095,4095,4095,4095,4095,4095,4095,4095,4095,2365,1339,1370,1295,1338,1338,1326,1278,1274,1353,1214,1238,1309,1145,1246,1176,988,668,430,171,0,0,0,0,0,0,0,0,43,0,0,0,0,0,0,1800,3835,4095,4095,4095,4095,4095,4095,4095,1658,1052,1005,956,990,960,989,953,985,942,975,973,984,973,942,954,970,942,895,828,584,297,124,111,413,1627,3502,4095,4095,4095,4095,2555,0,0,0,463,2056,3131,3231,3258,3257,3273,3339,2377,1386,461,203,0,0,25,1230,2415,3225,3386,3372,2814,2154,1447,1034,797,750,1200,2270,3088,3514,3546,3528,3582,3627,3531,2477,1818,1175,573,455,224,297,1356,2764,3511,3739,3784,3816,3831,3007,2077,1408,1239,1995,2940,3815,3917,4029,4011,4090,2989,2268,1471,1209,1005,792,732,680,686,426,174,41,0,413,2030,3552,4095,4095,4095,4095,4095,4095,4095,4095,4095,1097,985,989,969,918,952,940,976,826,1053,2472,3743,4095,4095,4095,4095,4095,3263,3015,2763,2536,2220,1854,1527,541,0,0,0,7,1452,3593,4095,4095,4095,4095,4095,4095,1789,1133,1127,1127,1065,1103,1024,1102,1040,1085,1020,1080,0.0,1.9107313168101534,0.6470830168255558,0.36490653108463633,1.062576291206325,0.5777462930333431,2.193880639166847,1.8396884990395888,1.8010579391047383,1.472462284660811,1.0200493325663915,3.5476280454897617,1.3080284605750427,1.5443680610948554,1.5492258415117572,1.8843853344483665,0.5832130671456643,0.6407321747240126,2.63521025280281,0.8163046157581175,2.0343247836664267,1.4231906714551268,1.0993786530816225,0.6295981066838919,0.7841608370632832,1.0156926059229547,0.712134391274113,0.4486961974297204,0.39963366899821223,0.7492373085309012,0.13042503126983823,0.7505116307058186,0.30303349637747606,0.40666764139360856,0.5779773420492912,0.36260069402259015,0.29133659941750584,0.278527540725119,0.2567690918239835,0.6836049106231793,0.3053690794075313,0.30715801543790766,0.16051610201580294,0.22334904553764748,0.1701714447775413,0.2650661198882227,0.04372776011179318,0.4561999985978772,0.3777277601702351,0.2545252370855915,0.2695330191291577,0.0945300393775786,0.07350862994749537,0.0856373487046631,0.41229562031124223,0.38070659996746714,0.2673891611508899,0.19418129447006555,0.11622734915627445,0.07411588266019639,0.037695818487536684,0.382240334926888,0.12175741147271141,0.15059341036094714,0.35590310859147906,0.0388789633542859,0.10068070475062256,0.16133391806336256,0.15438955879287242,0.072265625,0.04999580365691486,0.08797738773090007,0.12448778109357385,0.2145105726219609,0.14363106492851746,0.18375211338203237,0.07163603490270823,0.11575458585087596,0.14836038292838236,0.0773891123287459,0.050413708981016825,0.17415151624476763,0.15940419845891177,0.2748793597463272,0.1498729167472109,0.07292247930700965,0.025947910655442233,0.14363106492851746,0.16875045211166287,0.10708843847393217,0.11568041324188162,0.02417855156863271,0.1005148034271958,0.09128117277095757,0.05808700139829317,0.03983608994994363,0.06256862687359901,0.05476591755003888,0.10804594998022325,0.08035157199501645,0.08735732298944841,0.056640625,0.07694420157653206,0.13793059464088553,0.08429041260562534,0.1260938468091326,0.1205609814838435,0.04935265143942687,0.07635319964606202,0.08126619617721308,0.060712035321756064,0.08293885002963497,0.0866723288618232,0.0707990975015307,0.09913913205633189,0.07994105074514771,0.08565405137010906,0.03676080122015373,0.025390625,0.08399005249704891,0.08383093723439847,0.12948570638004134,0.05731847887042652,0.050413708981016825,0.12508008298943735,0.09592707375399244,0.12481676022398795,0.05519090293337809,0.0478515625,1,1,1.0
8.203125,4.941562652587891,6.0,0.41955649852752686,5.769092559814453,7.03125,29.792280197143555,6.012770175933838,4.296875,0.49469438195228577,0.7258461117744446,552445.0,12519242.0,2600048787456.0,22.661518096923828,0.0857490822672844,1.5105317831039429,4.767611980438232,5.091000048196292e-07,0.0,0.0745595395565033,4047,4074,4095,4095,4095,4095,4095,3144,2605,2424,1966,1449,1016,1032,712,1127,2394,3631,4095,4095,4095,4095,4095,3067,2344,1753,1295,1103,1039,762,510,425,254,318,222,154,0,0,0,527,2427,4095,4095,4095,4095,4095,4095,4095,4095,4095,4095,2365,1339,1370,1295,1338,1338,1326,1278,1274,1353,1214,1238,1309,1145,1246,1176,988,668,430,171,0,0,0,0,0,0,0,0,43,0,0,0,0,0,0,1800,3835,4095,4095,4095,4095,4095,4095,4095,1658,1052,1005,956,990,960,989,953,985,942,975,973,984,973,942,954,970,942,895,828,584,297,124,111,413,1627,3502,4095,4095,4095,4095,2555,0,0,0,463,2056,3131,3231,3258,3257,3273,3339,2377,1386,461,203,0,0,25,1230,2415,3225,3386,3372,2814,2154,1447,1034,797,750,1200,2270,3088,3514,3546,3528,3582,3627,3531,2477,1818,1175,573,455,224,297,1356,2764,3511,3739,3784,3816,3831,3007,2077,1408,1239,1995,2940,3815,3917,4029,4011,4090,2989,2268,1471,1209,1005,792,732,680,686,426,174,41,0,413,2030,3552,4095,4095,4095,4095,4095,4095,4095,4095,4095,1097,985,989,969,918,952,940,976,826,1053,2472,3743,4095,4095,4095,4095,4095,3263,3015,2763,2536,2220,1854,1527,541,0,0,0,7,1452,3593,4095,4095,4095,4095,4095,4095,1789,1133,1127,1127,0.00341796875,2.287288668516722,1.1473316915242848,0.40819962057407205,0.5781282991882214,1.022819507177437,2.7872977350177814,1.3796657815435618,1.43144543242171,1.0392061292002108,1.2363177113749817,3.743153361825952,1.4821262391516246,1.065085910681081,1.1857338872526983,2.007441980038939,0.44017085486175317,0.8698853463227613,2.681288527276374,1.1216261393767546,1.795642463235353,1.705994035574,0.8139658689349423,0.7382554145611844,0.74662785610877,1.145181412630537,0.7416656265537241,0.41087757442400136,0.5017602453473523,0.707990975015307,0.08010194005628858,0.7280952938716249,0.30852575398034543,0.38672984714191655,0.5443895809704119,0.4063837858134479,0.3229765477597902,0.3730737167208515,0.15200533325475993,0.572930168223958,0.19406830267592806,0.42050853823091117,0.2214989282310854,0.380859375,0.3086694552115036,0.25166718573443037,0.2005665384363305,0.5906193162755622,0.22204076457996155,0.36751590408892615,0.418739250386745,0.0649248833538854,0.14241750370417297,0.21388725291145289,0.3459251251350602,0.38217046966412876,0.2631469021559209,0.14949382572756664,0.1346417286006326,0.033730304764004966,0.06180182551678414,0.36959504107166485,0.10779852292777557,0.13788910343530197,0.3600351655527142,0.025633603024231812,0.09042040651617743,0.19252404000915135,0.12112918458369212,0.12553672004084415,0.07707423250927985,0.11241078548067714,0.0542673593337883,0.3035664598074358,0.10855668347841155,0.26440328243832406,0.15469193885676663,0.024492062898407135,0.06253051013118016,0.1373069100993652,0.06146140225609204,0.23253263511086258,0.08378542022969394,0.17318503760711132,0.0602389473175435,0.020716018980074635,0.06239309705063784,0.14754175661923327,0.10449675077652684,0.0471993983343538,0.09124459864685998,0.07134923616253058,0.13942631482480272,0.10358930161075093,0.03911129764550935,0.046188412462443235,0.06312251019996996,0.048828125,0.09100912832231875,0.09277857716026267,0.08910296675241533,0.03317439013957623,0.04971844555217912,0.09387707045871295,0.0283875817456028,0.18221986355586048,0.11204964246033221,0.08219965043562096,0.044248088903160905,0.020600608505594715,0.029442994983752607,0.13269756055830492,0.10451043941061955,0.1294672923373168,0.048238629043861204,0.033332125323976586,0.13896727998786823,0.10620762597126972,0.0537109375,0.11160191114970042,0.05342609127574192,0.1195162495693904,0.051905008851243405,0.09310692528557053,0.13311732596902828,0.09789521543756062,0.10723527827737737,0.047621817735299256,0.0380859375,1,1,1.0
8.203125,5.0290913581848145,4.0,0.3219321370124817,7.3959245681762695,2.34375,42.848018646240234,5.566745758056641,4.296875,0.5973063111305237,0.7426679134368896,578348.0,16019965.0,3400050671616.0,27.699525833129883,0.08076155185699463,1.8812780380249023,5.7933220863342285,4.862981768383179e-07,0.0,0.07572752237319946,988,2142,3294,3880,3856,3934,3912,4008,4047,4074,4095,4095,4095,4095,4095,3144,2605,2424,1966,1449,1016,1032,712,1127,2394,3631,4095,4095,4095,4095,4095,3067,2344,1753,1295,1103,1039,762,510,425,254,318,222,154,0,0,0,527,2427,4095,4095,4095,4095,4095,4095,4095,4095,4095,4095,2365,1339,1370,1295,1338,1338,1326,1278,1274,1353,1214,1238,1309,1145,1246,1176,988,668,430,171,0,0,0,0,0,0,0,0,43,0,0,0,0,0,0,1800,3835,4095,4095,4095,4095,4095,4095,4095,1658,1052,1005,956,990,960,989,953,985,942,975,973,984,973,942,954,970,942,895,828,584,297,124,111,413,1627,3502,4095,4095,4095,4095,2555,0,0,0,463,2056,3131,3231,3258,3257,3273,3339,2377,1386,461,203,0,0,25,1230,2415,3225,3386,3372,2814,2154,1447,1034,797,750,1200,2270,3088,3514,3546,3528,3582,3627,3531,2477,1818,1175,573,455,224,297,1356,2764,3511,3739,3784,3816,3831,3007,2077,1408,1239,1995,2940,3815,3917,4029,4011,4090,2989,2268,1471,1209,1005,792,732,680,686,426,174,41,0,413,2030,3552,4095,4095,4095,4095,4095,4095,4095,4095,4095,1097,985,989,969,918,952,940,976,826,1053,2472,3743,4095,4095,4095,4095,4095,3263,3015,2763,2536,2220,1854,1527,541,0,0,0,7,1452,3593,4095,4095,0.00146484375,2.2278635607296624,1.1713581216874556,0.46399360941728296,0.4440568319840809,1.0520674197564006,2.974696097359034,1.3590754036324801,1.3110205168235265,0.9237068209538458,1.4697278602569022,3.9878126685509647,1.7970533199562069,0.723744166322695,0.8171558497993685,1.7134829185487095,0.11370140295178034,1.1709815115963567,2.260673004475991,1.1999962488751592,1.7835263881586672,1.2733603612085114,1.2119156363305654,0.7066190582408871,0.8685676657803135,0.8204078255624703,0.575284837578868,0.4357712514119408,0.47650346233955326,0.6139347943402949,0.3875673789234156,0.5913841898544174,0.5952546980222652,0.5262666227565065,0.8174300641584202,0.16182674911310438,0.07235794356579181,0.2627660946694084,0.38882029397692297,0.7476477292650565,0.36047989542397896,0.3118355362564749,0.21130790684245732,0.2811567363813246,0.27953579160648195,0.30444482773929177,0.17184170487167288,0.5950976687498973,0.22596609607351947,0.35486862330604674,0.4028849988851163,0.06210968209436658,0.1242539074166313,0.1392928712005218,0.4059705506717147,0.3787577229836067,0.24709347099962906,0.18337805231488521,0.1986674740836785,0.12169473472370387,0.09578281121280648,0.25390625,0.0817109165849959,0.22671398491718867,0.5179023159225016,0.15710823866757134,0.24794881489357617,0.0777579267085718,0.19375600497876713,0.09392277373862962,0.08044646611960536,0.11032131084235974,0.1701041811187545,0.21698374899208503,0.1948064733851365,0.1812964018256882,0.18026243364303654,0.05469621861304862,0.020108652619115236,0.1408756988426821,0.10538281365835124,0.25036784766232745,0.07645929348071634,0.14344835560262675,0.03149319432929121,0.04577360017678893,0.05688424171566679,0.1751643907354982,0.13013222059284849,0.10001544833067118,0.1170775851720005,0.013810679320049757,0.09119232445256838,0.04026470337517247,0.10648562166823422,0.04203758447271657,0.13465589395875707,0.033332125323976586,0.14282205695764671,0.03125,0.033969779552590014,0.0445488075310822,0.09588232584869982,0.11739077422042293,0.060829732431239986,0.1512001346325149,0.1143537591273785,0.05960232234244972,0.032033631771204545,0.020716018980074635,0.02756951994822872,0.12515630486304977,0.08660628440555082,0.13962111839424635,0.0205078125,0.015746597164645604,0.08527465428014151,0.04737083138919884,0.0322265625,0.09003461384075086,0.09205105268963268,0.11784483610030527,0.11457454763311105,0.05569831731093437,0.03614600688148779,0.0078125,0.09128639644962339,0.06186351939340568,0.0693359375,1,1,1.0
7.8125,4.5413713455200195,4.0,0.2828844487667084,8.675601959228516,2.34375,51.400028228759766,5.431543350219727,4.296875,0.6429996490478516,0.7326978445053101,562924.0,17706257.0,3808377700352.0,31.454078674316406,0.07411585748195648,1.760578989982605,6.442314147949219,5.5513648788974024e-08,0.0,0.058705538511276245,2832,2377,2380,2141,1688,1354,927,846,988,2142,3294,3880,3856,3934,3912,4008,4047,4074,4095,4095,4095,4095,4095,3144,2605,2424,1966,1449,1016,1032,712,1127,2394,3631,4095,4095,4095,4095,4095,3067,2344,1753,1295,1103,1039,762,510,425,254,318,222,154,0,0,0,527,2427,4095,4095,4095,4095,4095,4095,4095,4095,4095,4095,2365,1339,1370,1295,1338,1338,1326,1278,1274,1353,1214,1238,1309,1145,1246,1176,988,668,430,171,0,0,0,0,0,0,0,0,43,0,0,0,0,0,0,1800,3835,4095,4095,4095,4095,4095,4095,4095,1658,1052,1005,956,990,960,989,953,985,942,975,973,984,973,942,954,970,942,895,828,584,297,124,111,413,1627,3502,4095,4095,4095,4095,2555,0,0,0,463,2056,3131,3231,3258,3257,3273,3339,2377,1386,461,203,0,0,25,1230,2415,3225,3386,3372,2814,2154,1447,1034,797,750,1200,2270,3088,3514,3546,3528,3582,3627,3531,2477,1818,1175,573,455,224,297,1356,2764,3511,3739,3784,3816,3831,3007,2077,1408,1239,1995,2940,3815,3917,4029,4011,4090,2989,2268,1471,1209,1005,792,732,680,686,426,174,41,0,413,2030,3552,4095,4095,4095,4095,4095,4095,4095,4095,4095,1097,985,989,969,918,952,940,976,826,1053,2472,3743,4095,4095,4095,4095,4095,3263,3015,2763,2536,2220,1854,1527,541,0.00341796875,2.4450757579339197,1.1786142481832247,0.40520872035984623,0.6966512414906815,0.9496411298230822,2.7118509386221183,1.5710316999067258,1.1911520764991113,1.2479815398831668,1.2617569200157055,3.8011100603290697,1.8133335170091274,0.5075504507159585,0.5714951885084258,1.7102980442087905,0.45042509557487226,1.5645814383436463,1.8447637841996543,1.3499050672142552,2.0112109682268096,0.8759330134799144,1.612132848296517,0.5349209678957549,1.2839394232224832,0.4856491558100997,0.17602522131796644,0.17482923623015778,0.7992249787834623,0.33088756382647494,0.23496223633265284,0.498693667029326,0.4729477164988789,0.4814215416291931,0.5991113439635577,0.37481939417147336,0.27421242035518884,0.4035862376200272,0.22958151519480097,0.5656354197179936,0.3295547579704723,0.2905121614993147,0.09676349744855527,0.2817395506091422,0.20422301260973144,0.21649093348171686,0.13020548499488763,0.5003632179872445,0.3265517529631119,0.2507922018636644,0.29201831509358733,0.10927031820858879,0.06115807934316866,0.12232005702294967,0.34272891893950447,0.21189606058330263,0.07042092334890604,0.0601676632841772,0.3082366035563795,0.1306004025603512,0.1643993008712419,0.33474448636950715,0.11939649777795254,0.09351064007442632,0.32741651795978494,0.03144773864864183,0.09789521543756062,0.2382212078553677,0.025633603024231812,0.20743851819410591,0.09046258513375588,0.04163868282290594,0.16513437983448606,0.15380471845316396,0.1878379319628547,0.12343765451928619,0.14562573870688444,0.11062776551319026,0.07474372311778302,0.12202342849654234,0.1195441743931826,0.24443927046569416,0.08010194005628858,0.15324565260229703,0.052161602972943914,0.022545696055889054,0.024119314521930602,0.1232946414225518,0.15257519478433104,0.06180182551678414,0.13821723447620415,0.09277857716026267,0.16861476424294264,0.119140625,0.01878455474772592,0.06289547729728366,0.06171689573955063,0.0626371785579085,0.04833737762017415,0.12442647970805516,0.0834261059928654,0.056825533304594354,0.13743187343708074,0.07457766832826869,0.07888425010450933,0.10066175843793117,0.08778205099314153,0.057451430000323156,0.04438796163032622,0.03936649291161401,0.015655487833868553,0.12577958194740227,0.08691954863303371,0.13895012247437757,0.028985980624327792,0.04026470337517247,0.064460522776208,0.025202124805788945,0.044064508487025304,0.03742923417331406,0.07258822630526614,0.049042498162069216,0.13901530975995505,0.12021639069120447,0.0989417346619219,0.0793483322881714,0.06647084404391264,0.03669588716417175,0.0205078125,1,1,1.0
8.203125,4.650873184204102,4.0,0.30775880813598633,8.801420211791992,2.34375,42.083457946777344,5.40637731552124,4.296875,0.6216146349906921,0.7257850170135498,552352.0,15085085.0,3004739616768.0,27.310636520385742,0.0706266239285469,2.11657977104187,5.653409481048584,6.930580980224477e-07,0.0,0.058793775737285614,254,231,936,2191,3054,3613,3632,3530,2832,2377,2380,2141,1688,1354,927,846,988,2142,3294,3880,3856,3934,3912,4008,4047,4074,4095,4095,4095,4095,4095,3144,2605,2424,1966,1449,1016,1032,712,1127,2394,3631,4095,4095,4095,4095,4095,3067,2344,1753,1295,1103,1039,762,510,425,254,318,222,154,0,0,0,527,2427,4095,4095,4095,4095,4095,4095,4095,4095,4095,4095,2365,1339,1370,1295,1338,1338,1326,1278,1274,1353,1214,1238,1309,1145,1246,1176,988,668,430,171,0,0,0,0,0,0,0,0,43,0,0,0,0,0,0,1800,3835,4095,4095,4095,4095,4095,4095,4095,1658,1052,1005,956,990,960,989,953,985,942,975,973,984,973,942,954,970,942,895,828,584,297,124,111,413,1627,3502,4095,4095,4095,4095,2555,0,0,0,463,2056,3131,3231,3258,3257,3273,3339,2377,1386,461,203,0,0,25,1230,2415,3225,3386,3372,2814,2154,1447,1034,797,750,1200,2270,3088,3514,3546,3528,3582,3627,3531,2477,1818,1175,573,455,224,297,1356,2764,3511,3739,3784,3816,3831,3007,2077,1408,1239,1995,2940,3815,3917,4029,4011,4090,2989,2268,1471,1209,1005,792,732,680,686,426,174,41,0,413,2030,3552,4095,4095,4095,4095,4095,4095,4095,4095,4095,1097,985,989,969,918,952,940,976,826,1053,2472,3743,4095,4095,4095,4095,4095,0.00146484375,2.2295110085988314,1.2585439509953213,0.5648989912907688,0.5810013434021958,1.1930772413523811,2.713492385114111,1.379387876781515,1.470290005681078,1.3520041389176258,0.9387204173947062,3.4685886104945536,1.6672784953860462,0.6620964116540697,0.624184648826033,1.8093175902013205,0.8279850679608378,1.9000957766034094,1.5673000610943482,1.3022778581908248,2.425900172268634,1.0040207140788064,1.6116527253540427,0.13605096400661373,1.2059538640802305,0.8818754100731019,0.538214417227124,0.32111685639565196,0.42231106297506915,0.6476788966656511,0.3873852467592671,0.5284574827705549,0.6960178183982304,0.6862295723742723,0.8884921049283553,0.26022962847010983,0.38514837601294666,0.3394871737454823,0.07128237340193226,0.45307132797702315,0.2695913938784403,0.3827090999545063,0.09092525858597149,0.2858843978184462,0.11382714642252661,0.24601041805878268,0.08261626403148191,0.5230629563085184,0.3010237075746239,0.25212150684030465,0.2915754629771709,0.15139553665979658,0.09902363011569038,0.1763148368456113,0.2916147094951579,0.15490140671014338,0.10333581818905185,0.04794116292434991,0.2409973434365139,0.06332614389403701,0.07680153414465532,0.3559044483838247,0.0794864286918931,0.17862553458003674,0.44686565256012717,0.0899286283845417,0.1562652580440772,0.14674780999650228,0.12477472987481092,0.14906579611790768,0.0833746489784824,0.07134923616253058,0.11914462723810516,0.20247134158946806,0.17120786719383693,0.1300845766042712,0.14587111210810813,0.14595607859860724,0.09328600182882227,0.1508465087082002,0.13384607589948763,0.2716968171720563,0.0492656181860525,0.20412258788235335,0.11357132177356452,0.0517578125,0.08869531800515265,0.09520858352817463,0.10937935956713409,0.03803582440263759,0.05079063915603845,0.09264485332524548,0.09134383719900474,0.09568817644733547,0.12743672914070744,0.051840661874949207,0.14305890685335929,0.05731847887042652,0.1455373030098566,0.08968438651499107,0.121537901441552,0.06958307627860766,0.09610585702440061,0.011048543456039806,0.08955669154773731,0.128921045552416,0.058267319883501166,0.10483843043742133,0.08943947767074462,0.08660628440555082,0.055672628178668845,0.16472672923574677,0.11466191227245673,0.17860150765084892,0.050413708981016825,0.08617022819709289,0.0615931524657089,0.07214675612212453,0.08590420164550487,0.03614600688148779,0.036916129241085546,0.07504296661499268,0.07391616980533695,0.08465169114363022,0.11742326544003774,0.06011216170512654,0.12403497116646428,0.06493222738234097,0.0771484375,1,1,1.0
8.203125,5.027181148529053,5.0,0.36165380477905273,6.099936485290527,2.34375,26.391254425048828,5.83400821685791,4.296875,0.5484374761581421,0.726412832736969,553308.0,11245442.0,2287011102720.0,20.324018478393555,0.08990871906280518,1.442751407623291,4.472074031829834,6.918612029949145e-07,0.0,0.07872148603200912,3675,528,408,361,378,327,328,314,254,231,936,2191,3054,3613,3632,3530,2832,2377,2380,2141,1688,1354,927,846,988,2142,3294,3880,3856,3934,3912,4008,4047,4074,4095,4095,4095,4095,4095,3144,2605,2424,1966,1449,1016,1032,712,1127,2394,3631,4095,4095,4095,4095,4095,3067,2344,1753,1295,1103,1039,762,510,425,254,318,222,154,0,0,0,527,2427,4095,4095,4095,4095,4095,4095,4095,4095,4095,4095,2365,1339,1370,1295,1338,1338,1326,1278,1274,1353,1214,1238,1309,1145,1246,1176,988,668,430,171,0,0,0,0,0,0,0,0,43,0,0,0,0,0,0,1800,3835,4095,4095,4095,4095,4095,4095,4095,1658,1052,1005,956,990,960,989,953,985,942,975,973,984,973,942,954,970,942,895,828,584,297,124,111,413,1627,3502,4095,4095,4095,4095,2555,0,0,0,463,2056,3131,3231,3258,3257,3273,3339,2377,1386,461,203,0,0,25,1230,2415,3225,3386,3372,2814,2154,1447,1034,797,750,1200,2270,3088,3514,3546,3528,3582,3627,3531,2477,1818,1175,573,455,224,297,1356,2764,3511,3739,3784,3816,3831,3007,2077,1408,1239,1995,2940,3815,3917,4029,4011,4090,2989,2268,1471,1209,1005,792,732,680,686,426,174,41,0,413,2030,3552,4095,4095,4095,4095,4095,4095,4095,4095,4095,1097,985,989,969,918,952,940,976,826,0.00146484375,1.7832547333885957,1.512503644450187,0.9721168339844833,0.6215734009244736,1.6598126942313824,2.7384061036643974,1.2098490099057897,1.9131759147262115,1.7394201084090057,0.4850754134547341,3.093975945130772,1.8893180932987477,0.8330083849279979,0.634032780085655,1.5478774396496222,1.0797549103865685,1.843925855623039,1.9948377745024861,0.7547924782221032,2.3551047377570415,1.4184061852171286,1.1307944376325274,0.6556488189879793,0.9516129303395646,0.5986806032106307,0.3182125572119724,0.3053768868624231,0.882687720198463,0.33292761589317943,0.13493888884656094,0.6942013208990518,0.3142802076972002,0.34328498598686763,0.805723245932277,0.09867631311772757,0.2458921545315268,0.08594304847145234,0.31086302205544697,0.5956623000867428,0.1817692127173756,0.5541895390812162,0.23633014268250258,0.33971183233487806,0.01760523083722651,0.3559968818785167,0.13884026417981035,0.6313172559507089,0.262925738275385,0.19834558956626847,0.2602809297942336,0.290910740327494,0.2185799073641498,0.34686119808197524,0.10490663282809207,0.31839681767929273,0.2973949496940317,0.2044936798536758,0.1598492913949657,0.17195543661127954,0.20269730363133612,0.1741925822906867,0.1773906360103053,0.06129826104091881,0.21544881063129917,0.14286545320589775,0.16351809321626165,0.31452741989176325,0.13441133229754104,0.21863880055896592,0.11436209850818282,0.12414256704742738,0.12828701289773123,0.298714809499882,0.04979511243742954,0.25737193061587993,0.03401186477982031,0.1850064085804065,0.16632553793784194,0.1404112144490831,0.18270072454299452,0.3017720339488615,0.020108652619115236,0.2143927261542052,0.1410752611519186,0.08378542022969394,0.1295298894021575,0.13740064325751217,0.05681714143667522,0.09978156073785001,0.04655858375414147,0.04756170180424188,0.06501295694177046,0.009959022487485907,0.10350641173621956,0.09765625,0.0390625,0.09602147307251449,0.02627660946694084,0.14708535572134904,0.0883073886220961,0.06426048389203946,0.13498481947707236,0.10368132374989841,0.0474110784919467,0.16305084764715894,0.07345022537685066,0.11842204534103397,0.10246463072356435,0.06481462307048874,0.04306850990468739,0.11660826901776869,0.1101439557079911,0.1308192860701745,0.018528970665049098,0.03869455616437295,0.06093155269455663,0.03742923417331406,0.051767024533978793,0.020132351687586234,0.03452669830012439,0.061585410255576414,0.09258821971598645,0.08014954894016872,0.08680426702602691,0.041062101643805936,0.08343753657536651,0.022482157096135425,0.029296875,1,1,1.0
8.203125,5.012217044830322,8.0,0.3639279305934906,6.1237897872924805,2.34375,18.990108489990234,5.757013320922852,4.296875,0.5467836260795593,0.7288866639137268,557083.0,9104020.0,2143337840640.0,16.342304229736328,0.08928843587636948,1.052410364151001,3.8027291297912598,5.048611342317599e-07,0.0,0.07086573541164398,0,2152,3487,3514,3513,3577,3551,3645,3675,528,408,361,378,327,328,314,254,231,936,2191,3054,3613,3632,3530,2832,2377,2380,2141,1688,1354,927,846,988,2142,3294,3880,3856,3934,3912,4008,4047,4074,4095,4095,4095,4095,4095,3144,2605,2424,1966,1449,1016,1032,712,1127,2394,3631,4095,4095,4095,4095,4095,3067,2344,1753,1295,1103,1039,762,510,425,254,318,222,154,0,0,0,527,2427,4095,4095,4095,4095,4095,4095,4095,4095,4095,4095,2365,1339,1370,1295,1338,1338,1326,1278,1274,1353,1214,1238,1309,1145,1246,1176,988,668,430,171,0,0,0,0,0,0,0,0,43,0,0,0,0,0,0,1800,3835,4095,4095,4095,4095,4095,4095,4095,1658,1052,1005,956,990,960,989,953,985,942,975,973,984,973,942,954,970,942,895,828,584,297,124,111,413,1627,3502,4095,4095,4095,4095,2555,0,0,0,463,2056,3131,3231,3258,3257,3273,3339,2377,1386,461,203,0,0,25,1230,2415,3225,3386,3372,2814,2154,1447,1034,797,750,1200,2270,3088,3514,3546,3528,3582,3627,3531,2477,1818,1175,573,455,224,297,1356,2764,3511,3739,3784,3816,3831,3007,2077,1408,1239,1995,2940,3815,3917,4029,4011,4090,2989,2268,1471,1209,1005,792,732,680,686,426,174,41,0,413,2030,3552,4095,4095,4095,4095,4095,4095,4095,4095,4095,1097,0.00048828125,2.148649226073,1.1875678595177088,0.6295011561764136,0.27832716548580605,1.4808919095525914,3.0773407377531905,0.8595447719379254,2.120501300274379,1.6797139010461501,0.19347278082186473,2.724932951496041,1.8952383707744163,1.1737103141274927,0.9177219789654542,1.4836687516010907,1.3181644097736245,1.7812355442464407,2.350402343071587,0.5260518390943527,2.0949951568766036,1.4357076334307783,1.2528353006634108,0.7855472634882182,1.2641461055913348,0.36756260967853,0.08358028695617035,0.06750300647963069,0.7213908896526405,0.5697386480441671,0.1766390744140811,0.6169974118863174,0.5375459873132368,0.5286162670367598,0.7728188863290638,0.1859576046116174,0.19246458842564146,0.1750772578138385,0.2813652650088771,0.6465286285835493,0.0825238649934492,0.5738042256446669,0.2721965423028029,0.4010772028780208,0.04833737762017415,0.37793473430092833,0.15762638410282725,0.6706716717835992,0.2647997434171142,0.18061918783901393,0.23846728457586858,0.33217483108779194,0.24772563167025285,0.3830378900415983,0.13579486949819294,0.37817690154194145,0.2879004964598297,0.18689375461126387,0.26284230030400657,0.1622446254316158,0.1887975933374152,0.29417881610048874,0.11578341792209564,0.08316850255291681,0.33984375,0.03066468450802262,0.08027438792016436,0.25316146776270204,0.014680953494504793,0.23995036883571264,0.12125902279975524,0.09636846212928825,0.19632792681172845,0.23899459373073595,0.133020574598825,0.26948170966821317,0.046895340638839725,0.16761920843281813,0.1840347512641337,0.10903004335504919,0.1936575392094916,0.29739013951468934,0.04230894340319232,0.19693176420013245,0.1308921659009365,0.07489667769067973,0.11748416225750455,0.1282312464396902,0.0637464215639359,0.07733980419227864,0.045908825287277966,0.03756910949545184,0.07411588266019639,0.03873150784189832,0.09532870795849042,0.06093155269455663,0.08270855984468616,0.07229201376297557,0.07888425010450933,0.14310223127607552,0.12161242246920388,0.07952841043555599,0.16142846928531776,0.10090305744601163,0.08991271979078255,0.13169118210361563,0.11343268434165316,0.09925449958806182,0.09400396914928812,0.055928988528423255,0.0603970550627587,0.08473051548235884,0.1086971531639952,0.10052903426849892,0.0436404354912194,0.005258950006967289,0.06911551671570507,0.01284467425582608,0.05661536343998338,0.027361183058831836,0.06950079433069564,0.024954945974962183,0.11951225977621044,0.11316332763180449,0.126953125,0.07229201376297557,0.12394651896276991,0.05635366424317777,0.0712890625,1,1,1.0
8.59375,5.06358003616333,7.0,0.42926469445228577,6.1691718101501465,4.296875,17.269969940185547,5.92303991317749,2.34375,0.4911256730556488,0.7335232496261597,564193.0,8729890.0,2020938874880.0,15.473233222961426,0.07960966229438782,1.1628063917160034,3.599646806716919,4.984991051060206e-07,0.0,0.08198291063308716,2365,2408,2407,2205,1548,156,0,0,0,2152,3487,3514,3513,3577,3551,3645,3675,528,408,361,378,327,328,314,254,231,936,2191,3054,3613,3632,3530,2832,2377,2380,2141,1688,1354,927,846,988,2142,3294,3880,3856,3934,3912,4008,4047,4074,4095,4095,4095,4095,4095,3144,2605,2424,1966,1449,1016,1032,712,1127,2394,3631,4095,4095,4095,4095,4095,3067,2344,1753,1295,1103,1039,762,510,425,254,318,222,154,0,0,0,527,2427,4095,4095,4095,4095,4095,4095,4095,4095,4095,4095,2365,1339,1370,1295,1338,1338,1326,1278,1274,1353,1214,1238,1309,1145,1246,1176,988,668,430,171,0,0,0,0,0,0,0,0,43,0,0,0,0,0,0,1800,3835,4095,4095,4095,4095,4095,4095,4095,1658,1052,1005,956,990,960,989,953,985,942,975,973,984,973,942,954,970,942,895,828,584,297,124,111,413,1627,3502,4095,4095,4095,4095,2555,0,0,0,463,2056,3131,3231,3258,3257,3273,3339,2377,1386,461,203,0,0,25,1230,2415,3225,3386,3372,2814,2154,1447,1034,797,750,1200,2270,3088,3514,3546,3528,3582,3627,3531,2477,1818,1175,573,455,224,297,1356,2764,3511,3739,3784,3816,3831,3007,2077,1408,1239,1995,2940,3815,3917,4029,4011,4090,2989,2268,1471,1209,1005,792,732,680,686,426,174,41,0,413,2030,3552,4095,4095,0.001953125,1.5834080862502058,1.7727947666862172,1.0220653858208224,0.8412512052847629,1.1862312365254883,2.800976181163247,1.1702971962920041,1.8312505103621568,1.2165084178553351,0.6136147145263882,2.393683776736237,1.769197613587259,1.6139774621384946,1.3075092433507893,1.477451278993428,1.5426924446038153,1.6268865931211804,2.628767670242338,0.6914752128389731,1.82310513929888,1.232997463647565,1.4810258526757545,0.6492025618939199,1.3150903480735425,0.5238836863477322,0.24376142426152628,0.08717700744715551,0.6223768500036052,0.5065357296722219,0.24638228682721294,0.49792814148432224,0.49421588791951065,0.4324882091171858,0.6440057635315961,0.24238627490476236,0.11553605241109063,0.04438796163032622,0.42308943403192323,0.6791218124587272,0.2606836603321354,0.6200741249811924,0.2813805171335842,0.2323418487491562,0.17445790934718053,0.3780192582003098,0.2436048809295399,0.5192751145513187,0.4238382505270888,0.17601167622762143,0.21534254952343698,0.1474900374846605,0.10157188958999834,0.24249641651769988,0.18714617086657032,0.2520401678618317,0.2747752571749618,0.19663856477988087,0.15668883687602797,0.17436495406770033,0.20909386734509486,0.21698374899208503,0.16467751170493233,0.056277459118062145,0.2651308736982328,0.08291009873746533,0.1374214641658157,0.258501461652095,0.09142732295818784,0.17736106485545286,0.05146215674318515,0.05459150335692846,0.10307245939030282,0.21363741581139364,0.1486686112030083,0.1584350393130538,0.1364394468482264,0.05220729064306117,0.12616189734155203,0.008843149548962322,0.17090959784987803,0.23948291387913057,0.15793162467121352,0.12667111104563328,0.15347263035017533,0.14388646821318285,0.1677073729430317,0.1284467425582608,0.10819149023638741,0.14946511586927702,0.07565681229783815,0.06312251019996996,0.09014576446011013,0.03712222228271135,0.07453289805895384,0.07366414908455511,0.05064020375962568,0.06332614389403701,0.05687585851000405,0.12012115720066371,0.08008407942801135,0.03554741156875253,0.10901254816184365,0.051573226275433176,0.06636315237512502,0.09730895276179709,0.10438717708252203,0.0244140625,0.041718768287683256,0.05814443611954764,0.10794439678765898,0.023457836229422487,0.14018009591076325,0.07783760615620772,0.11348731930513825,0.07797837803780129,0.0693359375,0.06239309705063784,0.12141228895252493,0.04548098055544929,0.04942023800343748,0.07773952754594285,0.07182217190701912,0.07042092334890604,0.08813442747944135,0.04673236763283359,0.09703415133796403,0.033260520245950005,0.0478515625,1,1,1.0
8.203125,4.88812255859375,7.0,0.41645827889442444,7.01116943359375,7.03125,17.424488067626953,5.698240280151367,2.34375,0.5107007026672363,0.7120754718780518,531682.0,8596328.0,1729323597824.0,16.168176651000977,0.07284101843833923,1.328611135482788,3.5665183067321777,3.6734803643412306e-07,0.0,0.08293379098176956,0,18,607,983,926,1082,1735,2312,2365,2408,2407,2205,1548,156,0,0,0,2152,3487,3514,3513,3577,3551,3645,3675,528,408,361,378,327,328,314,254,231,936,2191,3054,3613,3632,3530,2832,2377,2380,2141,1688,1354,927,846,988,2142,3294,3880,3856,3934,3912,4008,4047,4074,4095,4095,4095,4095,4095,3144,2605,2424,1966,1449,1016,1032,712,1127,2394,3631,4095,4095,4095,4095,4095,3067,2344,1753,1295,1103,1039,762,510,425,254,318,222,154,0,0,0,527,2427,4095,4095,4095,4095,4095,4095,4095,4095,4095,4095,2365,1339,1370,1295,1338,1338,1326,1278,1274,1353,1214,1238,1309,1145,1246,1176,988,668,430,171,0,0,0,0,0,0,0,0,43,0,0,0,0,0,0,1800,3835,4095,4095,4095,4095,4095,4095,4095,1658,1052,1005,956,990,960,989,953,985,942,975,973,984,973,942,954,970,942,895,828,584,297,124,111,413,1627,3502,4095,4095,4095,4095,2555,0,0,0,463,2056,3131,3231,3258,3257,3273,3339,2377,1386,461,203,0,0,25,1230,2415,3225,3386,3372,2814,2154,1447,1034,797,750,1200,2270,3088,3514,3546,3528,3582,3627,3531,2477,1818,1175,573,455,224,297,1356,2764,3511,3739,3784,3816,3831,3007,2077,1408,1239,1995,2940,3815,3917,4029,4011,4090,2989,2268,1471,1209,1005,792,732,680,686,426,0.001953125,1.4414158435698694,1.9323588425577514,1.1133125166936102,0.9709614768749558,1.0443033544687985,2.875695517624042,1.1443179195383433,1.9389084649517176,1.2714723741753162,0.6034626860377876,2.284012467492276,1.9197187034856684,1.568252654856778,1.2071027518516524,1.3515614415864714,1.3980899997059675,1.5923183218956658,2.4835218968156676,0.6429920660451964,1.9687453981376029,1.348726151956427,1.3436680258653586,0.7792369083287558,1.3638918146092116,0.39184015097799385,0.2253003976140279,0.14755145193876704,0.4949775212896352,0.634032780085655,0.41778845775651857,0.32622449987149377,0.5311934497130649,0.35773925031483517,0.5671743512271525,0.32111685639565196,0.2845837843199285,0.15634762575148048,0.4211623212084197,0.5187937155078965,0.3425744503437469,0.43939018646518957,0.10138393256441852,0.2603596942887978,0.09538371443027172,0.2830768171999169,0.10630186722300627,0.6243847679924428,0.30049734216615925,0.12216792971871879,0.1531927464931842,0.2765586378614511,0.1542999653567104,0.2527561844579441,0.27215274348000135,0.21364187975020985,0.1560453982685833,0.12839104547857702,0.07694420157653206,0.16093145562830322,0.21481045551675645,0.12850983673325178,0.23581911868693184,0.12246031449203566,0.20875836566905864,0.13441133229754104,0.2034557291000017,0.19716407503739508,0.10655276972850779,0.14847925502360013,0.05097805912553979,0.023212625632821705,0.1589728573837862,0.19156562242561295,0.15053640458854234,0.21019926517260132,0.09215459721358266,0.09999637597192976,0.12816801512115905,0.036461239653504826,0.14562573870688444,0.22589855908478484,0.13595279300650476,0.1077587048760447,0.11948033663446532,0.12474415345338145,0.1465136689458983,0.10471555419343902,0.1278066261639288,0.15101079515685709,0.07460963064419554,0.0803693731779683,0.0856095036872778,0.037186392118476116,0.08479802088317348,0.08867381089571785,0.03389952140177692,0.07165600128064117,0.050753072110102666,0.10490663282809207,0.05879684852925925,0.015655487833868553,0.09680291231676769,0.029361906989009586,0.10049108087997552,0.0657858195042941,0.13761564073605628,0.05507847129767021,0.07834441843801399,0.06634878027915246,0.09387707045871295,0.05198762364924283,0.11971556969314028,0.07535367860882979,0.0826624248195683,0.043858421040792225,0.08128966317053421,0.0448900192756297,0.11624786046838266,0.054974484160303004,0.07996490662474325,0.07679532520053711,0.0628196173284195,0.059626318447163075,0.07943842238904393,0.023478154844084585,0.07692560778635929,0.02376079113397742,0.02734375,1,1,1.0
8.203125,4.71180534362793,7.0,0.413128525018692,7.177894592285156,7.03125,18.27733039855957,5.617933750152588,2.34375,0.5151082873344421,0.7148070335388184,535769.0,8922121.0,1811269812224.0,16.652925491333008,0.07176314294338226,1.3395965099334717,3.6628363132476807,1.4581829077542352e-08,0.0,0.07425940781831741,0,0,0,0,0,0,0,0,0,18,607,983,926,1082,1735,2312,2365,2408,2407,2205,1548,156,0,0,0,2152,3487,3514,3513,3577,3551,3645,3675,528,408,361,378,327,328,314,254,231,936,2191,3054,3613,3632,3530,2832,2377,2380,2141,1688,1354,927,846,988,2142,3294,3880,3856,3934,3912,4008,4047,4074,4095,4095,4095,4095,4095,3144,2605,2424,1966,1449,1016,1032,712,1127,2394,3631,4095,4095,4095,4095,4095,3067,2344,1753,1295,1103,1039,762,510,425,254,318,222,154,0,0,0,527,2427,4095,4095,4095,4095,4095,4095,4095,4095,4095,4095,2365,1339,1370,1295,1338,1338,1326,1278,1274,1353,1214,1238,1309,1145,1246,1176,988,668,430,171,0,0,0,0,0,0,0,0,43,0,0,0,0,0,0,1800,3835,4095,4095,4095,4095,4095,4095,4095,1658,1052,1005,956,990,960,989,953,985,942,975,973,984,973,942,954,970,942,895,828,584,297,124,111,413,1627,3502,4095,4095,4095,4095,2555,0,0,0,463,2056,3131,3231,3258,3257,3273,3339,2377,1386,461,203,0,0,25,1230,2415,3225,3386,3372,2814,2154,1447,1034,797,750,1200,2270,3088,3514,3546,3528,3582,3627,3531,2477,1818,1175,573,455,224,297,1356,2764,3511,3739,3784,3816,3831,3007,2077,1408,1239,1995,2940,3815,3917,4029,4011,4090,2989,2268,0.0,1.2743904900837186,2.1292298797162013,1.0917449010717262,0.9594899260929871,0.904599495463259,3.080379996205096,0.9372319156085402,1.9653096490379225,1.3214377399259067,0.5786765277274306,2.436894268185718,1.7267768001903956,1.738733811347681,1.4008662268781806,1.308816008410682,1.39231135955146,1.4310083176899606,2.380366836935296,0.6966587706244631,2.1020911023462987,1.461625696968807,1.2804328359486445,0.8766599985118076,1.460254856492744,0.45589887093255466,0.29203301083772243,0.1436576214721351,0.5326600155818972,0.5872162153806356,0.36179894367863025,0.36088047650538524,0.5892889179621553,0.42148600410945586,0.49940837190001947,0.39227313440394773,0.3516506508408827,0.2324546983125489,0.4140302537561605,0.4363355125409741,0.3289725846112123,0.41288734514130127,0.1461356526220934,0.3245671250520465,0.031988944051092184,0.35899399172714774,0.18183216127926402,0.5716703788851811,0.3451675317871019,0.1630859375,0.2152628192695229,0.2813889901789786,0.1997255349389272,0.3177927040679019,0.26898048630739024,0.2559264582859327,0.101157923145145,0.12323661586058557,0.05902348920414678,0.19982339691240683,0.25742194909426097,0.15124112694305047,0.24211267115173168,0.11093767192988438,0.23945702803201618,0.11077852275380651,0.18443333624260588,0.23865317413437867,0.14495293215062088,0.10094557974869817,0.061554431677029,0.055423686029932466,0.21294661319401345,0.19742026735593948,0.14038404378181715,0.25395319578019226,0.058885989967505215,0.11062776551319026,0.06825466310549434,0.048759717706327844,0.15608511808277578,0.23707952924290016,0.16451817763981516,0.15627746340674864,0.15380161814539087,0.10253441209692725,0.1131675412608206,0.07152945342667964,0.14305890685335929,0.14652994082975093,0.09128117277095757,0.11945239688708767,0.11920464468489944,0.07453289805895384,0.04737083138919884,0.052344114387724204,0.06814279306413872,0.09227869727727742,0.015254393898255184,0.13126685624645745,0.016858082521125067,0.036812650048771024,0.09363803535443843,0.05336357848560254,0.14400572214413532,0.0865401895464661,0.14003034535281597,0.08925802618956916,0.06262195133547421,0.0146484375,0.08558722115080268,0.009765625,0.14818672278436523,0.0970292370966736,0.10232958513616981,0.0647336461686584,0.033260520245950005,0.009212872199274027,0.07120875185208649,0.06090807081840889,0.11472427485376692,0.08776575330738796,0.06549524467620006,0.04018171994422067,0.04523919852304871,0.0411664822428867,0.08450510801868726,0.030508787796510367,0.0595703125,1,1,1.0
8.59375,5.184374809265137,7.0,0.4040474593639374,5.971052169799805,4.296875,22.887741088867188,5.79161262512207,2.34375,0.5104628801345825,0.7264338731765747,553340.0,10482005.0,2036940144640.0,18.943153381347656,0.08548960089683533,1.7643452882766724,4.061203479766846,1.2706918539606704e-07,0.0,0.0797247663140297,0,0,0,0,0,0,0,0,0,0,0,0,0,0,0,0,0,18,607,983,926,1082,1735,2312,2365,2408,2407,2205,1548,156,0,0,0,2152,3487,3514,3513,3577,3551,3645,3675,528,408,361,378,327,328,314,254,231,936,2191,3054,3613,3632,3530,2832,2377,2380,2141,1688,1354,927,846,988,2142,3294,3880,3856,3934,3912,4008,4047,4074,4095,4095,4095,4095,4095,3144,2605,2424,1966,1449,1016,1032,712,1127,2394,3631,4095,4095,4095,4095,4095,3067,2344,1753,1295,1103,1039,762,510,425,254,318,222,154,0,0,0,527,2427,4095,4095,4095,4095,4095,4095,4095,4095,4095,4095,2365,1339,1370,1295,1338,1338,1326,1278,1274,1353,1214,1238,1309,1145,1246,1176,988,668,430,171,0,0,0,0,0,0,0,0,43,0,0,0,0,0,0,1800,3835,4095,4095,4095,4095,4095,4095,4095,1658,1052,1005,956,990,960,989,953,985,942,975,973,984,973,942,954,970,942,895,828,584,297,124,111,413,1627,3502,4095,4095,4095,4095,2555,0,0,0,463,2056,3131,3231,3258,3257,3273,3339,2377,1386,461,203,0,0,25,1230,2415,3225,3386,3372,2814,2154,1447,1034,797,750,1200,2270,3088,3514,3546,3528,3582,3627,3531,2477,1818,1175,573,455,224,297,1356,2764,3511,3739,3784,3816,3831,3007,2077,1408,1239,1995,0.00146484375,1.210572809247448,2.660055329457251,1.0396923938082243,0.8642578125,1.4295103870186596,3.155274041995454,1.3777002350373866,1.2902138856513439,0.6768958981599761,1.3137578840227873,1.8584525761458652,2.299050475121893,1.861218988635466,1.026146020117045,1.1237243201320553,1.1707632258774165,1.9831118430618797,2.6427809361844874,0.5738906441967686,1.6391746286270923,1.0562073106434364,1.463443341012393,0.6303724175165225,1.1668021713764962,0.16921604932776813,0.2857475942542129,0.32395538296025544,0.34147026806111036,0.6415510230285084,0.4449579266149998,0.37370202818767523,0.48220931710252996,0.36902434924665073,0.5495921616885134,0.34919586448012174,0.32662329586969935,0.20031198962737243,0.373313928054385,0.4764994595215365,0.26671600680066315,0.49874816588253373,0.18847909243768343,0.21754559970649867,0.14511731893500104,0.2356937184794369,0.054731079176570524,0.61458686784493,0.24254360475493789,0.14369081024963049,0.1240580352825405,0.2813042482404505,0.11016127121756326,0.18406325024385511,0.24567874854238322,0.2332022253175694,0.21425923683437234,0.10164697508507231,0.1491968907827448,0.10284088763203725,0.18570614052820875,0.07313142666737912,0.27541486484632655,0.15951484080183623,0.21559704585555114,0.12824240167131065,0.19586104609503496,0.20269730363133612,0.11498582835574239,0.13557346753733807,0.06358914295351448,0.04386929188518789,0.18080916892239246,0.21546872875498446,0.12297322324495649,0.19824459281176263,0.10412647743596562,0.0817634206599003,0.13469838109505589,0.03625138904935661,0.14639971511896485,0.21719461333337703,0.14805151295505645,0.08737369685913508,0.14180346597113125,0.1541763027719428,0.1735563403730656,0.13002591388354093,0.09048366706951955,0.11180681079188837,0.04350911994129973,0.10255766200359938,0.08457843133661963,0.06336378202151693,0.07091350132668783,0.0719548321085494,0.05551824376387459,0.07912567148029159,0.029877067462457725,0.11416178523484911,0.0363433477850164,0.0316291694154329,0.1113880732235068,0.055000499376284075,0.10715965865869327,0.09092525858597149,0.11357132177356452,0.04306850990468739,0.0634765625,0.06684283186971719,0.09618520958784169,0.05277053158635272,0.11107513057092329,0.05940197783494355,0.1063556818740519,0.07186863083193007,0.06991123566052906,0.051267206048463625,0.09145339662846215,0.015440808887540914,0.08418852368067307,0.05156397961892221,0.09379068127767945,0.06783419916723538,0.05899924791794225,0.0360270834876889,0.07511917817825073,0.027759121881937295,0.0615234375,1,1,1.0
7.8125,4.746598243713379,5.0,0.3878844082355499,7.928407192230225,0.78125,21.16655921936035,5.340507507324219,2.34375,0.543557345867157,0.7300560474395752,558872.0,10168020.0,2300379136000.0,18.19382667541504,0.06855820119380951,1.3263052701950073,4.059967994689941,1.3979046364909209e-08,0.0,0.06778872013092041,2493,2297,1944,1375,331,0,0,0,0,0,0,0,0,0,0,0,0,0,0,0,0,0,0,0,0,18,607,983,926,1082,1735,2312,2365,2408,2407,2205,1548,156,0,0,0,2152,3487,3514,3513,3577,3551,3645,3675,528,408,361,378,327,328,314,254,231,936,2191,3054,3613,3632,3530,2832,2377,2380,2141,1688,1354,927,846,988,2142,3294,3880,3856,3934,3912,4008,4047,4074,4095,4095,4095,4095,4095,3144,2605,2424,1966,1449,1016,1032,712,1127,2394,3631,4095,4095,4095,4095,4095,3067,2344,1753,1295,1103,1039,762,510,425,254,318,222,154,0,0,0,527,2427,4095,4095,4095,4095,4095,4095,4095,4095,4095,4095,2365,1339,1370,1295,1338,1338,1326,1278,1274,1353,1214,1238,1309,1145,1246,1176,988,668,430,171,0,0,0,0,0,0,0,0,43,0,0,0,0,0,0,1800,3835,4095,4095,4095,4095,4095,4095,4095,1658,1052,1005,956,990,960,989,953,985,942,975,973,984,973,942,954,970,942,895,828,584,297,124,111,413,1627,3502,4095,4095,4095,4095,2555,0,0,0,463,2056,3131,3231,3258,3257,3273,3339,2377,1386,461,203,0,0,25,1230,2415,3225,3386,3372,2814,2154,1447,1034,797,750,1200,2270,3088,3514,3546,3528,3582,3627,3531,2477,1818,1175,573,455,224,297,1356,2764,3511,3739,0.0029296875,1.4100872667510744,2.8225582406697396,1.011484951267504,0.7865312218310466,1.7548806387368283,2.881544046023306,1.6509963870733924,1.1287495329423953,0.5665830139048539,1.1965297908302317,1.8461848846296145,2.2272447042878607,1.6469769267149275,1.070858113240894,1.202150024115525,1.2220664262214458,1.7491900068121933,2.4504558839747843,0.4444432391044379,1.7902657406427518,1.2102513492027474,1.5736982748849846,0.5114447172984966,1.0795720658376236,0.2437105587080323,0.24112987314444523,0.36823011053774596,0.32424228077261147,0.7046383994985311,0.5003203319577494,0.3933595689547685,0.43961477061787874,0.36915225056098233,0.5525350581995234,0.3496543812686065,0.3194090966464603,0.19424758512942517,0.3746565199413595,0.4932723426920887,0.27829289886922226,0.4889234058641065,0.15742054221675267,0.2269746386102765,0.11511845334602637,0.26389060661247643,0.08955669154773731,0.60576007356348,0.27472666247509914,0.14405538214520136,0.1595746155325567,0.30184629062902846,0.1525095502020514,0.20315551528598302,0.285216442705278,0.19392574092462317,0.22727066385893036,0.13567191301428985,0.15617979379779784,0.08273161770960155,0.161971067694263,0.06537135926242016,0.27731967875293817,0.1681645161869606,0.20943566197949445,0.1357983809047356,0.20318602598905902,0.1924224657738089,0.10756382666417472,0.15144592206319163,0.06451967444983957,0.035907766232129365,0.15718106387482023,0.19528320092740473,0.15130101880362745,0.2176880262720634,0.07696898630952356,0.10920484113197618,0.10608633563239969,0.035372598195849286,0.1445345491599808,0.2291490952662221,0.13951520633196784,0.11864330116005813,0.12012115720066371,0.12796322914296634,0.1598015555944627,0.12433447096016982,0.10157188958999834,0.12428076773385183,0.03773374821555011,0.0929018437033225,0.0739355204326082,0.064453125,0.07552434101947386,0.07181553246425873,0.05781546920162377,0.08527465428014151,0.02627660946694084,0.10504290476191294,0.04716908076458329,0.041062101643805936,0.12277142408069062,0.05503516720158348,0.08603731774029984,0.07600894032144549,0.13736593473060948,0.06040494958668795,0.09128639644962339,0.05875628498629423,0.06336378202151693,0.03317439013957623,0.11399040556571047,0.06766528203640627,0.1080856622127864,0.06406726354240909,0.04716908076458329,0.01953125,0.09006638515756898,0.04398869386545003,0.08693600495490653,0.06720566614877052,0.07427655027268132,0.06207128352371369,0.07083276486636168,0.018657200365764452,0.06963787689846511,0.01760523083722651,0.0419921875,1,1,1.0
8.203125,4.852277755737305,5.0,0.3701636791229248,7.744273662567139,0.78125,18.64037322998047,5.272197723388672,2.34375,0.5578078627586365,0.7209101915359497,544957.0,8730514.0,2054307840000.0,16.02055549621582,0.07202842831611633,1.0461010932922363,3.7863330841064453,5.734391450573639e-08,0.0,0.07011637836694717,4095,4095,4095,4095,4095,3423,2987,2775,2493,2297,1944,1375,331,0,0,0,0,0,0,0,0,0,0,0,0,0,0,0,0,0,0,0,0,18,607,983,926,1082,1735,2312,2365,2408,2407,2205,1548,156,0,0,0,2152,3487,3514,3513,3577,3551,3645,3675,528,408,361,378,327,328,314,254,231,936,2191,3054,3613,3632,3530,2832,2377,2380,2141,1688,1354,927,846,988,2142,3294,3880,3856,3934,3912,4008,4047,4074,4095,4095,4095,4095,4095,3144,2605,2424,1966,1449,1016,1032,712,1127,2394,3631,4095,4095,4095,4095,4095,3067,2344,1753,1295,1103,1039,762,510,425,254,318,222,154,0,0,0,527,2427,4095,4095,4095,4095,4095,4095,4095,4095,4095,4095,2365,1339,1370,1295,1338,1338,1326,1278,1274,1353,1214,1238,1309,1145,1246,1176,988,668,430,171,0,0,0,0,0,0,0,0,43,0,0,0,0,0,0,1800,3835,4095,4095,4095,4095,4095,4095,4095,1658,1052,1005,956,990,960,989,953,985,942,975,973,984,973,942,954,970,942,895,828,584,297,124,111,413,1627,3502,4095,4095,4095,4095,2555,0,0,0,463,2056,3131,3231,3258,3257,3273,3339,2377,1386,461,203,0,0,25,1230,2415,3225,3386,3372,2814,2154,1447,1034,797,750,1200,2270,3088,3514,3546,3528,3582,3627,3531,2477,1818,1175,0.00146484375,0.9837334373853915,2.841029951819197,1.450425460483391,1.3326468289838764,1.768140503163768,3.3797799629053147,2.033444202506435,0.5490722113474017,0.2020186592775258,1.6123697509207007,1.5742348038302076,2.4381503680253296,1.2031392678740025,1.3255410583192204,1.4034701528171636,1.264306028693961,1.4404508737848707,1.998794669295694,0.02765586378614511,1.6611813241556843,1.0673274159343868,1.8465002205727448,0.522409825186759,1.0238027139397086,0.12026001417054956,0.5254541521769898,0.40687044155772595,0.4547573809326192,0.5575727187829019,0.4257655709555821,0.20208945773043493,0.5556529065773801,0.1875330577954545,0.736942429632251,0.19022926151366712,0.16941881802467784,0.17820593350483066,0.48714026847953806,0.43858529762573784,0.31234890145905075,0.4668132188561375,0.18508629100943405,0.2323172197414107,0.11820037536045122,0.270409080583135,0.10401651368714925,0.575434843748112,0.250664780805812,0.19796297301283902,0.19366492587875844,0.35029339073800203,0.14938533731228862,0.12216792971871879,0.2326699863987635,0.2923120896012527,0.20847265035794413,0.03057124187987994,0.10918300671385692,0.20023341862944646,0.24211267115173168,0.18367943894596342,0.16678932762491225,0.1670835367837303,0.11184518768503535,0.23637049271569444,0.24736156560918068,0.20412258788235335,0.07433430560150416,0.13732080053036677,0.0567751634912056,0.08304801416198945,0.23749951814301448,0.2592750448638668,0.09215459721358266,0.15720229820532255,0.13095044056169028,0.12885445218785735,0.1353235168905716,0.07177568291020688,0.12448778109357385,0.23152770817092044,0.1355031055502771,0.1367536227846508,0.09466613729982612,0.14501870922536383,0.19002611482742643,0.15467035988530828,0.06836635009057476,0.09161488775680188,0.05729351618700246,0.12306237501580754,0.11503558064552517,0.049957638915736964,0.09219081032192146,0.11242351050973293,0.015440808887540914,0.05156397961892221,0.07627196949127592,0.13884026417981035,0.04203758447271657,0.03984805813106087,0.11267347735824966,0.0832143570030183,0.10546875,0.12161634336364718,0.10981009997555154,0.047771776596230504,0.11924064065284445,0.08943947767074462,0.03676080122015373,0.04501730692037543,0.126953125,0.09375,0.09254185734751667,0.037186392118476116,0.07417376309280564,0.047138743695887386,0.10843362323086256,0.010918300671385692,0.08770053227783972,0.06395552472669118,0.08273738117177787,0.0328276099882258,0.0441185820237364,0.05519090293337809,0.10352023132439876,0.05064961906207008,0.0,1,1,1.0
8.203125,4.9950642585754395,5.0,0.30881407856941223,8.343670845031738,0.78125,27.20755386352539,5.072032928466797,2.34375,0.6172122955322266,0.7371844053268433,569839.0,11989634.0,2542715535360.0,21.040388107299805,0.07397371530532837,1.420087456703186,4.513942718505859,2.1936010341505607e-07,0.0,0.06949784606695175,1976,1403,1112,1119,764,1304,2783,4095,4095,4095,4095,4095,4095,3423,2987,2775,2493,2297,1944,1375,331,0,0,0,0,0,0,0,0,0,0,0,0,0,0,0,0,0,0,0,0,18,607,983,926,1082,1735,2312,2365,2408,2407,2205,1548,156,0,0,0,2152,3487,3514,3513,3577,3551,3645,3675,528,408,361,378,327,328,314,254,231,936,2191,3054,3613,3632,3530,2832,2377,2380,2141,1688,1354,927,846,988,2142,3294,3880,3856,3934,3912,4008,4047,4074,4095,4095,4095,4095,4095,3144,2605,2424,1966,1449,1016,1032,712,1127,2394,3631,4095,4095,4095,4095,4095,3067,2344,1753,1295,1103,1039,762,510,425,254,318,222,154,0,0,0,527,2427,4095,4095,4095,4095,4095,4095,4095,4095,4095,4095,2365,1339,1370,1295,1338,1338,1326,1278,1274,1353,1214,1238,1309,1145,1246,1176,988,668,430,171,0,0,0,0,0,0,0,0,43,0,0,0,0,0,0,1800,3835,4095,4095,4095,4095,4095,4095,4095,1658,1052,1005,956,990,960,989,953,985,942,975,973,984,973,942,954,970,942,895,828,584,297,124,111,413,1627,3502,4095,4095,4095,4095,2555,0,0,0,463,2056,3131,3231,3258,3257,3273,3339,2377,1386,461,203,0,0,25,1230,2415,3225,3386,3372,2814,2154,1447,1034,797,750,1200,2270,3088,3514,0.00146484375,1.2606132080858072,2.6793892474782295,1.0797323877302976,0.9943928876283359,1.4469311697090115,3.433048903772826,1.7252863660096458,0.7846119070767168,0.18270072454299452,1.9004531018924606,1.2269605245916635,2.780562240773778,0.8648843509341134,1.3942426281331077,1.6869127169982767,1.4521116599663588,1.290468131593038,1.7404560328987382,0.3261192416365907,1.507171336416963,0.8871101490254218,1.8605955589663785,0.7848725826580393,1.2669358235208326,0.30265560971311983,0.5041370898101682,0.22099244725366535,0.5919628351247613,0.7631853119482418,0.596423104867284,0.2385692419469136,0.3872707550220033,0.2900982420685612,0.6086813083877836,0.3309091793978608,0.30289184412638326,0.17774510613208525,0.3781516830235391,0.5269620290898948,0.32577545380410344,0.4421876725375105,0.10265525410951483,0.2939842426462963,0.04898412579681427,0.3337287147392383,0.1563262753279504,0.5157378102210478,0.1982421875,0.24379858853163924,0.2002738984476361,0.35508489319044584,0.11725665277343075,0.14224664485038446,0.15915572097184066,0.33758707689256007,0.13545735065937267,0.10089360561165565,0.027010384152225255,0.20681924581492198,0.18238464890513675,0.16575116804122755,0.24554284816138125,0.22386936520163103,0.1978834693238438,0.15608511808277578,0.17443057470129772,0.2200930104013734,0.10871469911296566,0.1362470937996391,0.05476591755003888,0.026294750034836445,0.16636280334385384,0.18825126187533578,0.1415981950030614,0.22283821032524254,0.0902779081946841,0.07642810469969984,0.13056753838561147,0.035814689103305174,0.13896727998786823,0.20972461263993947,0.15814584707716453,0.1042729153776169,0.14355800910272845,0.1313830473347042,0.15008593322998537,0.10841603179284433,0.11410747320791277,0.13616307276664222,0.05688424171566679,0.08107821571167116,0.0693359375,0.05067785447394188,0.08496654974279769,0.08086621536586003,0.04979511243742954,0.07776405879538459,0.03614600688148779,0.10283625087793169,0.05137869702330432,0.021417687694786434,0.10054800559047732,0.04194674139631744,0.11134525635733769,0.09110862335695782,0.11131955833267941,0.03500673501745102,0.08479802088317348,0.08152981040914767,0.06972683604638219,0.05459150335692846,0.09944648139141381,0.06734742050611979,0.11552367023164155,0.06115807934316866,0.05064020375962568,0.02485922277608956,0.09969072199191624,0.03102027377786834,0.08328881664148592,0.06057836882527665,0.07754299816838015,0.04501730692037543,0.05371981460732448,0.03813598474563796,0.08867381089571785,0.033969779552590014,0.0166015625,1,1,1.0
8.59375,4.984595775604248,4.0,0.3158823251724243,7.2164306640625,4.6875,28.14652442932129,5.298352241516113,2.34375,0.6008555293083191,0.7324472665786743,562539.0,11898361.0,2517164359680.0,21.151174545288086,0.08326214551925659,1.4720604419708252,4.663488388061523,0.0,0.0,0.06743745505809784,3976,4095,4095,4095,4095,4095,3977,2891,1976,1403,1112,1119,764,1304,2783,4095,4095,4095,4095,4095,4095,3423,2987,2775,2493,2297,1944,1375,331,0,0,0,0,0,0,0,0,0,0,0,0,0,0,0,0,0,0,0,0,18,607,983,926,1082,1735,2312,2365,2408,2407,2205,1548,156,0,0,0,2152,3487,3514,3513,3577,3551,3645,3675,528,408,361,378,327,328,314,254,231,936,2191,3054,3613,3632,3530,2832,2377,2380,2141,1688,1354,927,846,988,2142,3294,3880,3856,3934,3912,4008,4047,4074,4095,4095,4095,4095,4095,3144,2605,2424,1966,1449,1016,1032,712,1127,2394,3631,4095,4095,4095,4095,4095,3067,2344,1753,1295,1103,1039,762,510,425,254,318,222,154,0,0,0,527,2427,4095,4095,4095,4095,4095,4095,4095,4095,4095,4095,2365,1339,1370,1295,1338,1338,1326,1278,1274,1353,1214,1238,1309,1145,1246,1176,988,668,430,171,0,0,0,0,0,0,0,0,43,0,0,0,0,0,0,1800,3835,4095,4095,4095,4095,4095,4095,4095,1658,1052,1005,956,990,960,989,953,985,942,975,973,984,973,942,954,970,942,895,828,584,297,124,111,413,1627,3502,4095,4095,4095,4095,2555,0,0,0,463,2056,3131,3231,3258,3257,3273,3339,2377,1386,461,203,0,0,25,1230,2415,3225,3386,3372,2814,2154,0.0029296875,0.7888020000455621,3.0939232363508378,1.6011768900301129,1.286840014137291,1.9716535682705332,2.907288232571469,1.6183337880588027,1.168316537370819,0.5007518837065363,1.8398875496544715,1.0218194882308325,3.1467895738660987,0.591455946815928,1.3925281317726836,2.1296810874926386,1.795486046061501,1.2304160454982418,1.522794460641472,0.6940522506348697,1.1793786459312021,0.5402376937488446,1.5986196882097188,0.9522205501538255,1.4064578432558712,0.29706928521354264,0.2486612715694095,0.272551928130828,0.36323530665463716,0.5863808544015496,0.40090596599064793,0.22754115811803216,0.5417457914026111,0.1589728573837862,0.7390997653461714,0.2825980200393764,0.2698035592265029,0.2554527721016432,0.3552030471602321,0.5197156994590024,0.2979347988203871,0.4570615057426498,0.07107469911300297,0.31789321939605486,0.05064961906207008,0.3240731153524437,0.13750124844071018,0.5353843035979505,0.22559439242813534,0.2529598497942117,0.23596466110217118,0.3940596074747627,0.14732829816911022,0.1501049945851705,0.11395693557876987,0.36894551928924857,0.08418852368067307,0.14948744623556603,0.044538102542935075,0.16774148869987413,0.14169581992176333,0.11667367823285084,0.2443221981049131,0.17683333158837597,0.16045370623860056,0.1913314984773033,0.2090687804141203,0.21980250423764655,0.10706617245051364,0.10382838953126572,0.07535367860882979,0.05731847887042652,0.1488256899817204,0.17733955546388658,0.16645449803039503,0.24734999918076928,0.09115048351232839,0.05286081485439202,0.15305884352927646,0.06002484125245824,0.1153708474185833,0.1943457519506653,0.16068237230034416,0.12415793027588139,0.11746386682621011,0.14756760938912142,0.1763148368456113,0.12272869327634965,0.11512673733505203,0.14850494458735888,0.0828870905231365,0.05507847129767021,0.044538102542935075,0.06324326116676632,0.08754271418365223,0.06296367312427684,0.0646599428017455,0.09767577929726552,0.050527083282330194,0.09119232445256838,0.0616473207112759,0.0065509804028314154,0.09346983691329334,0.05066844441825331,0.10906502532221389,0.09528868330764104,0.11512259541505158,0.03936649291161401,0.08217644330629463,0.0794144083551249,0.07453289805895384,0.0596423104867284,0.09317859720216065,0.06856831906852327,0.1201330655156014,0.058070581044212914,0.06250762892892679,0.0386328914938525,0.10753279074973263,0.015440808887540914,0.09393292700321132,0.07670834721349798,0.06207896513794069,0.035224001556389516,0.07214675612212453,0.023212625632821705,0.06875582583625756,0.013982247132105814,0.0380859375,1,1,1.0
8.59375,4.933943271636963,4.0,0.3055956959724426,8.591925621032715,2.34375,22.228252410888672,5.108864784240723,4.6875,0.6220096349716187,0.7456699013710022,583033.0,9899125.0,2686993563648.0,16.978670120239258,0.07239466905593872,1.043822169303894,4.236756324768066,3.3499350138299633e-07,0.0,0.06639520078897476,4095,3887,2859,2237,1454,1082,1466,2843,3976,4095,4095,4095,4095,4095,3977,2891,1976,1403,1112,1119,764,1304,2783,4095,4095,4095,4095,4095,4095,3423,2987,2775,2493,2297,1944,1375,331,0,0,0,0,0,0,0,0,0,0,0,0,0,0,0,0,0,0,0,0,18,607,983,926,1082,1735,2312,2365,2408,2407,2205,1548,156,0,0,0,2152,3487,3514,3513,3577,3551,3645,3675,528,408,361,378,327,328,314,254,231,936,2191,3054,3613,3632,3530,2832,2377,2380,2141,1688,1354,927,846,988,2142,3294,3880,3856,3934,3912,4008,4047,4074,4095,4095,4095,4095,4095,3144,2605,2424,1966,1449,1016,1032,712,1127,2394,3631,4095,4095,4095,4095,4095,3067,2344,1753,1295,1103,1039,762,510,425,254,318,222,154,0,0,0,527,2427,4095,4095,4095,4095,4095,4095,4095,4095,4095,4095,2365,1339,1370,1295,1338,1338,1326,1278,1274,1353,1214,1238,1309,1145,1246,1176,988,668,430,171,0,0,0,0,0,0,0,0,43,0,0,0,0,0,0,1800,3835,4095,4095,4095,4095,4095,4095,4095,1658,1052,1005,956,990,960,989,953,985,942,975,973,984,973,942,954,970,942,895,828,584,297,124,111,413,1627,3502,4095,4095,4095,4095,2555,0,0,0,463,2056,3131,3231,3258,3257,3273,3339,2377,1386,461,203,0,0,0.0009765625,0.6528829755856483,3.2480393878164606,1.624506068356006,1.1649043987816259,1.876955411435262,2.9749658662777256,1.4728272032737326,1.0616420198830432,0.30113773770943075,1.850481836616865,1.2113131032908468,2.8011995266576375,0.9293632903704995,1.057213139867222,2.0712087166907405,2.0022201136753064,0.8074494894664005,1.096895327474794,1.0419441362221933,1.1847679432469902,0.4131147947219563,1.4756760938912141,1.3473805905799527,1.6997476390446873,0.6043036294669378,0.3409098422880273,0.7199829141920769,0.29418043700525287,0.2420693386145086,0.518642037428785,0.22609478257582108,0.5354350679355039,0.37100250728613365,0.6693322614886654,0.6213224937464855,0.5651125108890962,0.24104482514057585,0.4677041147745557,0.6195571412957536,0.46792020466328327,0.4881845607393154,0.3016187230013107,0.1278066261639288,0.17596561512147232,0.45832003949855504,0.30104905133721177,0.40485435787011825,0.09363803535443843,0.21121085080680668,0.13293451426551275,0.34931055010205125,0.1954882022195489,0.06269044470978138,0.1556200680851294,0.4627092867375833,0.07165600128064117,0.25087774684069386,0.1427419061453907,0.10482023563852738,0.14345167966745478,0.10070438262888097,0.17731804346314464,0.14656573261526987,0.09952317041872868,0.2805387191840474,0.15467035988530828,0.33599427209240673,0.21678147819763288,0.17798638555345409,0.1266146328778355,0.06763708816766716,0.20444470631310835,0.2177821957319561,0.06983616866711377,0.1570323431631726,0.1017594994461896,0.13122325806438145,0.08412619747766317,0.034402177644157296,0.1681985392213363,0.16942163254789902,0.20899806468012821,0.16118311241423236,0.0944997687765855,0.15341669442699596,0.21750833429613967,0.15070735721765957,0.14485091865519495,0.19444386921146622,0.11593158388080999,0.05117411135380431,0.058283684810065524,0.10918300671385692,0.0318844291353799,0.08976941558032342,0.012236293052872722,0.031310975667737106,0.04716908076458329,0.13692088851564638,0.0720541669753778,0.0720938625987959,0.09574795665502883,0.033203125,0.1741734193408478,0.15139553665979658,0.07171586706147327,0.061173670950647754,0.13671875,0.04848512338791566,0.08507311201082884,0.06149242770090299,0.06783419916723538,0.04033569614856129,0.17108527733016837,0.09052581621216628,0.10517900013934578,0.09212872199274028,0.1368372812077188,0.048563737340454514,0.15333275228196774,0.13067340446798617,0.04789140560640324,0.09911508025169924,0.09003461384075086,0.06437910048378714,0.13032628121447842,0.0820835491764955,0.029296875,1,1,1.0
8.59375,5.294219493865967,5.0,0.30529043078422546,7.372217655181885,2.34375,27.83362579345703,5.1258392333984375,0.78125,0.6117315888404846,0.7506793737411499,590893.0,12780532.0,2950632833024.0,21.629180908203125,0.08297795802354813,1.3442119359970093,4.662260055541992,1.1899357588163184e-07,0.0,0.07418379932641983,3962,4074,4059,4088,4095,4095,4095,4095,4095,3887,2859,2237,1454,1082,1466,2843,3976,4095,4095,4095,4095,4095,3977,2891,1976,1403,1112,1119,764,1304,2783,4095,4095,4095,4095,4095,4095,3423,2987,2775,2493,2297,1944,1375,331,0,0,0,0,0,0,0,0,0,0,0,0,0,0,0,0,0,0,0,0,18,607,983,926,1082,1735,2312,2365,2408,2407,2205,1548,156,0,0,0,2152,3487,3514,3513,3577,3551,3645,3675,528,408,361,378,327,328,314,254,231,936,2191,3054,3613,3632,3530,2832,2377,2380,2141,1688,1354,927,846,988,2142,3294,3880,3856,3934,3912,4008,4047,4074,4095,4095,4095,4095,4095,3144,2605,2424,1966,1449,1016,1032,712,1127,2394,3631,4095,4095,4095,4095,4095,3067,2344,1753,1295,1103,1039,762,510,425,254,318,222,154,0,0,0,527,2427,4095,4095,4095,4095,4095,4095,4095,4095,4095,4095,2365,1339,1370,1295,1338,1338,1326,1278,1274,1353,1214,1238,1309,1145,1246,1176,988,668,430,171,0,0,0,0,0,0,0,0,43,0,0,0,0,0,0,1800,3835,4095,4095,4095,4095,4095,4095,4095,1658,1052,1005,956,990,960,989,953,985,942,975,973,984,973,942,954,970,942,895,828,584,297,124,111,413,1627,3502,4095,4095,4095,4095,2555,0,0,0,463,2056,3131,3231,3258,3257,0.001953125,0.3024649128387211,3.7865186823776043,1.8573618015719169,0.9955584115978933,1.7542718790839205,3.183656656778798,1.3092035950701963,0.9558811049647405,0.3819670391142756,1.7951864518686231,1.6711929213392667,2.3744379683597505,1.368841424266375,0.6256474002939906,2.4276742720587166,2.426671944217742,0.812923614404481,0.9658020449801764,1.3176546148676562,0.8236411724068856,0.07460963064419554,1.1547235258725845,1.1338643419506875,1.4014733463710178,0.3669081903940312,0.42367958946738277,0.5775878060044374,0.4110875773066128,0.4849033550439821,0.5180247557037913,0.0166875073150733,0.43852984608042395,0.22815016516270492,0.6657563988739437,0.42601524712584105,0.39673204625832825,0.21895263006281926,0.3396977955259001,0.5960464238769526,0.4046906106601008,0.38490068417986595,0.18989809616283554,0.21875871913426817,0.1361910855371421,0.3159734332349065,0.20943110838687803,0.46484785318567207,0.19990928499948146,0.31150047672045433,0.21406552946077123,0.33969919923289876,0.09533370985832641,0.15032719847573325,0.14959267306413324,0.366814606616805,0.09681768875550083,0.16365800675881864,0.05880495788017421,0.15347263035017533,0.1215418247400162,0.08605394277367268,0.21656140435892576,0.14489041627054144,0.11376848343133358,0.23543461643981767,0.18063238742597362,0.277515626759473,0.16017113593167945,0.12196088845604676,0.09215977138596895,0.03986002271866904,0.147851691504237,0.16740001825950093,0.14197485816708005,0.22621074862925977,0.11538324599798383,0.07230520453286238,0.14997469370677644,0.05859375,0.1321971325261805,0.2355803964020464,0.12755267083793512,0.08020902030617605,0.15983437548878723,0.13797207336916104,0.13499188434083964,0.10646322957006461,0.10569456439374171,0.12360365103356828,0.06682142732248439,0.07453289805895384,0.05852860962410819,0.05264387489040451,0.09408002620411203,0.06640625,0.0637688582707598,0.09310692528557053,0.04463435500791578,0.09544868120947982,0.05815263644906018,0.016370170521718956,0.09250578166316568,0.04212823166039647,0.11611652546193225,0.09961416195605438,0.1114651021357834,0.03889122607761695,0.08017334278036638,0.08086621536586003,0.0809192675229164,0.07040060669030687,0.0943987966687076,0.0849160262044077,0.10391102256426679,0.03936649291161401,0.06950079433069564,0.03742923417331406,0.08527465428014151,0.03803582440263759,0.08412619747766317,0.058242763872064236,0.08015549806238438,0.033332125323976586,0.0626371785579085,0.03416573375885918,0.0659595499639386,0.005940197783494355,0.0458984375,1,1,1.0
7.421875,4.7714409828186035,5.0,0.3087784945964813,9.264391899108887,2.34375,31.553707122802734,4.719007968902588,0.78125,0.6238797307014465,0.7600153684616089,605682.0,14718600.0,3580966207488.0,24.300870895385742,0.06734168529510498,1.42168128490448,4.982997894287109,0.0,0.0,0.06236721947789192,2622,2080,1824,1611,1433,2169,2936,3549,3962,4074,4059,4088,4095,4095,4095,4095,4095,3887,2859,2237,1454,1082,1466,2843,3976,4095,4095,4095,4095,4095,3977,2891,1976,1403,1112,1119,764,1304,2783,4095,4095,4095,4095,4095,4095,3423,2987,2775,2493,2297,1944,1375,331,0,0,0,0,0,0,0,0,0,0,0,0,0,0,0,0,0,0,0,0,18,607,983,926,1082,1735,2312,2365,2408,2407,2205,1548,156,0,0,0,2152,3487,3514,3513,3577,3551,3645,3675,528,408,361,378,327,328,314,254,231,936,2191,3054,3613,3632,3530,2832,2377,2380,2141,1688,1354,927,846,988,2142,3294,3880,3856,3934,3912,4008,4047,4074,4095,4095,4095,4095,4095,3144,2605,2424,1966,1449,1016,1032,712,1127,2394,3631,4095,4095,4095,4095,4095,3067,2344,1753,1295,1103,1039,762,510,425,254,318,222,154,0,0,0,527,2427,4095,4095,4095,4095,4095,4095,4095,4095,4095,4095,2365,1339,1370,1295,1338,1338,1326,1278,1274,1353,1214,1238,1309,1145,1246,1176,988,668,430,171,0,0,0,0,0,0,0,0,43,0,0,0,0,0,0,1800,3835,4095,4095,4095,4095,4095,4095,4095,1658,1052,1005,956,990,960,989,953,985,942,975,973,984,973,942,954,970,942,895,828,584,297,124,111,413,1627,3502,4095,4095,4095,4095,2555,0,0.0009765625,0.2742819688745635,3.938255721941973,1.778108201844258,0.7894256058492213,1.548729603581518,3.3160709350876685,1.4978740249244784,0.8645584531827368,0.20069963154438222,1.845158959961015,1.4115895941065666,2.4775392549640247,1.3213554641943808,0.6478437899933209,2.296762891875028,2.5700989608414044,0.6665888581964013,0.7745464351320592,1.6259648319772049,0.5405897536943485,0.2716529377781798,0.9970779642825882,0.8149804619629526,1.1577176239224842,0.15592311999233638,0.22794943546627733,0.3922451751976311,0.0987680848377629,0.2167022773626529,0.44838684008545165,0.2880081330316608,0.5030292301368483,0.49217684295258096,0.443632470268755,0.505742475633752,0.3267094185808746,0.1398156505463366,0.4702500818344767,0.4975775208771258,0.35127076654373424,0.33137141467744624,0.23584540382291644,0.3155626896453245,0.28761382130398067,0.32118812529203705,0.331498020816378,0.35133727594681236,0.11395693557876987,0.27032442452473454,0.14915533665653738,0.3586591141577989,0.15235626951762807,0.15399062269320624,0.11487380691921584,0.34324609061596684,0.11641182086082501,0.14236727238583322,0.05206094896586656,0.17892426645774298,0.08673282543427546,0.06463781540380044,0.18552117420688552,0.16694363786217267,0.14979335538135946,0.20855954922105355,0.1200059825677486,0.21269567120034033,0.07034640024785939,0.11254644494833149,0.12016084699431269,0.130939516038328,0.045939974556012016,0.06608954810815872,0.1701602360142056,0.18299540963174202,0.18800793829857623,0.17610917762526648,0.047651847260765046,0.059112288868834205,0.1486237010594258,0.13617707987219999,0.17740407581485454,0.1589728573837862,0.16515459159083393,0.23185699804298318,0.09181765057455593,0.09604629957784765,0.12411951863919939,0.0324624416769427,0.13387813526688763,0.10195611825107959,0.06078268093591967,0.13680591529415917,0.05969824888897627,0.06987712429686843,0.01800692276815017,0.021836601342771385,0.03477440198196261,0.08620895514825537,0.13003324817093054,0.06129826104091881,0.0824255775234734,0.11234289431610846,0.04632242666262274,0.03125,0.13495302301323286,0.03936649291161401,0.13002958107894683,0.10756382666417472,0.05139725533961237,0.05330993774982883,0.052959948683422846,0.08168757060835223,0.1515812498469906,0.03928161203343509,0.1338745734940831,0.09360747629938874,0.03853402276747824,0.10572162970878404,0.01875915303935405,0.052932930597139265,0.10721304274967916,0.04756170180424188,0.134588595229389,0.04008667139018319,0.101157923145145,0.08010194005628858,0.02734375,1,1,1.0
6.640625,4.502752780914307,5.0,0.2921449542045593,11.565810203552246,2.34375,35.90354919433594,4.4334330558776855,0.78125,0.651523232460022,0.7551537752151489,597958.0,16464253.0,4227848994816.0,27.534130096435547,0.056331828236579895,1.4106816053390503,5.394371032714844,5.2261167837741596e-08,0.0,0.052571337670087814,59,1310,2813,3640,3775,3806,3865,3832,2622,2080,1824,1611,1433,2169,2936,3549,3962,4074,4059,4088,4095,4095,4095,4095,4095,3887,2859,2237,1454,1082,1466,2843,3976,4095,4095,4095,4095,4095,3977,2891,1976,1403,1112,1119,764,1304,2783,4095,4095,4095,4095,4095,4095,3423,2987,2775,2493,2297,1944,1375,331,0,0,0,0,0,0,0,0,0,0,0,0,0,0,0,0,0,0,0,0,18,607,983,926,1082,1735,2312,2365,2408,2407,2205,1548,156,0,0,0,2152,3487,3514,3513,3577,3551,3645,3675,528,408,361,378,327,328,314,254,231,936,2191,3054,3613,3632,3530,2832,2377,2380,2141,1688,1354,927,846,988,2142,3294,3880,3856,3934,3912,4008,4047,4074,4095,4095,4095,4095,4095,3144,2605,2424,1966,1449,1016,1032,712,1127,2394,3631,4095,4095,4095,4095,4095,3067,2344,1753,1295,1103,1039,762,510,425,254,318,222,154,0,0,0,527,2427,4095,4095,4095,4095,4095,4095,4095,4095,4095,4095,2365,1339,1370,1295,1338,1338,1326,1278,1274,1353,1214,1238,1309,1145,1246,1176,988,668,430,171,0,0,0,0,0,0,0,0,43,0,0,0,0,0,0,1800,3835,4095,4095,4095,4095,4095,4095,4095,1658,1052,1005,956,990,960,989,953,985,942,975,973,984,973,942,954,970,942,895,828,584,297,124,111,413,0.0029296875,0.30532847742386654,3.8518706347409677,1.8889743124900005,0.9337592197764786,1.6414484773021951,3.351105629963978,1.5085870996503468,0.7428046621920977,0.12986445476468195,1.6801331394663364,1.367094025822457,2.649015920485353,1.1608876193229325,0.818013193112706,2.131979307979634,2.564995271853129,0.5617917158038206,0.661649020685973,1.8060989475117704,0.39736974921391793,0.4433690544785893,1.027560019120785,0.6474793490500597,1.1781978675710314,0.31510298967798434,0.07994105074514771,0.5434085519285485,0.14656573261526987,0.15831761867773614,0.5968011460873642,0.2564513369199073,0.3589249155906264,0.4353081429531144,0.48497415218101203,0.4061666549872542,0.3103948256897035,0.13942631482480272,0.41070461854160617,0.5035219131444049,0.31566995734889985,0.38991268060751133,0.15930844581566642,0.3393944587538407,0.26900884893107635,0.2683699648792994,0.3341228354255842,0.34289583373877575,0.12236293052872722,0.2781352180575588,0.12107012118257775,0.37965303743419176,0.18769571897718734,0.18754322825252556,0.10423632517897206,0.2938917751286709,0.16933717650209928,0.13492121905601986,0.09697024677583133,0.2159263384925173,0.09377034284498284,0.1133191275575759,0.1316730764897123,0.2421402423651555,0.23049564527920213,0.1409636763731729,0.1731382245132416,0.1326472432344348,0.07532203202450649,0.05620963449671156,0.195987602776029,0.16811914143051063,0.09596683215327656,0.136205089761913,0.09232519179530072,0.13051274637111898,0.11722004756346607,0.125274357115817,0.1187437357003156,0.06666425064795317,0.0943634309056488,0.19776777054023015,0.12416177078596709,0.10397524729848566,0.1696213443280655,0.18312825379068567,0.09447958298787362,0.09600657408774883,0.10018693617521089,0.06550980402831415,0.1086971531639952,0.07645929348071634,0.035907766232129365,0.10862694102705153,0.051164792568084906,0.06856831906852327,0.020716018980074635,0.05406488490494691,0.007437278423695223,0.06468943422530936,0.1022363463148625,0.02763861659782208,0.0992256702803167,0.07421875,0.08893155292671455,0.07187526536975468,0.09882117688026186,0.010563138502335907,0.10731973126708005,0.06906720589877705,0.07872087212428361,0.07031928135701052,0.0712957509704843,0.08951408607836708,0.10785159079590356,0.0166015625,0.08691954863303371,0.048867171887487515,0.06701382212616314,0.06074344351595307,0.05651420428214956,0.04496431419227085,0.08400708268596316,0.016572815184059706,0.09513342873404339,0.0021836601342771385,0.07679532520053711,0.0412127887617367,0.009765625,1,1,1.0
7.03125,4.525101184844971,5.0,0.28096646070480347,11.502349853515625,2.34375,33.66364669799805,4.429013729095459,0.78125,0.6615216135978699,0.750553548336029,590695.0,15644434.0,4042741776384.0,26.484790802001953,0.057511866092681885,1.3404232263565063,5.235543251037598,4.761336356295942e-07,0.0,0.050088390707969666,3180,2534,2127,1546,858,550,448,216,59,1310,2813,3640,3775,3806,3865,3832,2622,2080,1824,1611,1433,2169,2936,3549,3962,4074,4059,4088,4095,4095,4095,4095,4095,3887,2859,2237,1454,1082,1466,2843,3976,4095,4095,4095,4095,4095,3977,2891,1976,1403,1112,1119,764,1304,2783,4095,4095,4095,4095,4095,4095,3423,2987,2775,2493,2297,1944,1375,331,0,0,0,0,0,0,0,0,0,0,0,0,0,0,0,0,0,0,0,0,18,607,983,926,1082,1735,2312,2365,2408,2407,2205,1548,156,0,0,0,2152,3487,3514,3513,3577,3551,3645,3675,528,408,361,378,327,328,314,254,231,936,2191,3054,3613,3632,3530,2832,2377,2380,2141,1688,1354,927,846,988,2142,3294,3880,3856,3934,3912,4008,4047,4074,4095,4095,4095,4095,4095,3144,2605,2424,1966,1449,1016,1032,712,1127,2394,3631,4095,4095,4095,4095,4095,3067,2344,1753,1295,1103,1039,762,510,425,254,318,222,154,0,0,0,527,2427,4095,4095,4095,4095,4095,4095,4095,4095,4095,4095,2365,1339,1370,1295,1338,1338,1326,1278,1274,1353,1214,1238,1309,1145,1246,1176,988,668,430,171,0,0,0,0,0,0,0,0,43,0,0,0,0,0,0,1800,3835,4095,4095,4095,4095,4095,4095,4095,1658,1052,1005,956,990,960,989,953,985,942,975,973,984,973,942,954,970,0.001953125,0.2778727898760791,3.9343253765052135,1.590055484403436,0.8272060838088245,1.728763885773273,3.0647020791960378,1.2216437781992704,0.98847663968336,0.4133294291978441,1.5710180415156212,1.5880635860598091,2.787413379366818,0.9154537730856421,1.060536533818137,1.8946747086470843,2.565338237687708,0.538030105712794,0.6638535114618103,1.9585457003542135,0.20133772744610998,0.5154187338974413,1.2080014968003858,0.7375141982958622,1.3270420820610909,0.31660662299317827,0.15854335040461184,0.4668745032209539,0.11897240942378852,0.19156562242561295,0.49832636153193444,0.33494812521050366,0.4304259457223467,0.5480673733804633,0.3820456784883977,0.32756940033545995,0.22276116292021464,0.2388648718458893,0.3249958331501212,0.5557841890143158,0.3096088180902763,0.47813680796285307,0.08140689666549776,0.42673099529585545,0.3366648761462449,0.26709296801760457,0.4241531461847914,0.254176538828085,0.055000499376284075,0.19710602299716215,0.19393311737842323,0.43973081504173167,0.15424123799123993,0.21339398992024594,0.17227680749560836,0.3438054820282193,0.12411567682170595,0.1634364216697816,0.05330993774982883,0.19226628371230112,0.05476591755003888,0.05532034780573651,0.1926701138373912,0.2240588531835808,0.24297769904138386,0.17136932893436346,0.18689885730343064,0.07168926621965997,0.11744762795603834,0.07031928135701052,0.24330717111626932,0.17820593350483066,0.15544531564117703,0.18195799307168614,0.09550861132079023,0.19593650318725708,0.1397713073974127,0.13634505289781154,0.06372397695732598,0.057971961248655585,0.13680591529415917,0.1477064905020283,0.14395604501203765,0.12696814814957036,0.22891799844531016,0.1673886239145768,0.08355746328371964,0.13841718468673447,0.08678229126187068,0.11914462723810516,0.05721856279410255,0.10770559124189248,0.08001259704593494,0.11864330116005813,0.08385368647151585,0.07015634787367894,0.03419363554689765,0.04841623146968961,0.04848512338791566,0.028117539157984314,0.12169865296620609,0.04728015014418049,0.13396358940448264,0.04026470337517247,0.13061865686228677,0.11105366387366797,0.1266146328778355,0.05132298181043325,0.07888425010450933,0.11568041324188162,0.03538607603904968,0.04696646350160566,0.04148954255126563,0.10567200466916855,0.12113312111981002,0.03126525506559008,0.09385167013073409,0.03527810911755555,0.11139663462186875,0.02417855156863271,0.09867631311772757,0.06337883101401544,0.10366292585715312,0.025947910655442233,0.10569005283406006,0.04217348219079919,0.07391616980533695,0.07891446816733173,0.0283203125,1,1,1.0
7.421875,4.762471675872803,4.0,0.2973262667655945,10.60498332977295,4.6875,36.429195404052734,4.682185173034668,0.78125,0.6421244144439697,0.750874936580658,591201.0,16426106.0,4030910693376.0,27.784299850463867,0.0605493038892746,1.804220199584961,5.415402889251709,0.0,0.0,0.059851840138435364,3036,3495,3514,3500,3576,3566,3596,3672,3180,2534,2127,1546,858,550,448,216,59,1310,2813,3640,3775,3806,3865,3832,2622,2080,1824,1611,1433,2169,2936,3549,3962,4074,4059,4088,4095,4095,4095,4095,4095,3887,2859,2237,1454,1082,1466,2843,3976,4095,4095,4095,4095,4095,3977,2891,1976,1403,1112,1119,764,1304,2783,4095,4095,4095,4095,4095,4095,3423,2987,2775,2493,2297,1944,1375,331,0,0,0,0,0,0,0,0,0,0,0,0,0,0,0,0,0,0,0,0,18,607,983,926,1082,1735,2312,2365,2408,2407,2205,1548,156,0,0,0,2152,3487,3514,3513,3577,3551,3645,3675,528,408,361,378,327,328,314,254,231,936,2191,3054,3613,3632,3530,2832,2377,2380,2141,1688,1354,927,846,988,2142,3294,3880,3856,3934,3912,4008,4047,4074,4095,4095,4095,4095,4095,3144,2605,2424,1966,1449,1016,1032,712,1127,2394,3631,4095,4095,4095,4095,4095,3067,2344,1753,1295,1103,1039,762,510,425,254,318,222,154,0,0,0,527,2427,4095,4095,4095,4095,4095,4095,4095,4095,4095,4095,2365,1339,1370,1295,1338,1338,1326,1278,1274,1353,1214,1238,1309,1145,1246,1176,988,668,430,171,0,0,0,0,0,0,0,0,43,0,0,0,0,0,0,1800,3835,4095,4095,4095,4095,4095,4095,4095,1658,1052,1005,956,990,960,989,953,985,0.00341796875,0.7136427165037472,3.9754392465184005,1.040880491493044,1.1741205698516777,2.2429931469224584,2.641863109452667,0.9388214969964505,1.0653800078644364,0.7229016686311946,1.0999375932503672,1.354248553025471,3.121199471183477,1.0356798683047848,1.006132396199248,2.2136448974473364,2.839813190280036,0.79432659683007,0.8456038841887366,1.6535152674115194,0.5025882487831778,0.39597170904037016,0.9506970107312733,0.6040029194237088,1.1599018061940447,0.37565301622459096,0.02229045353615884,0.589377920359944,0.18892383376858599,0.21798353794482145,0.5205701035663216,0.2666462731510635,0.4246913013189882,0.5154039313619745,0.4044454550352035,0.33376443324508687,0.2544203029472251,0.21310553945701557,0.37455850679460884,0.4922223759965008,0.24619642265441638,0.468686926095003,0.1712190073745556,0.4004680279603567,0.3361333231947021,0.3306785404575577,0.3497811859602483,0.3539416028148217,0.12846901462892352,0.2947374992793508,0.121537901441552,0.34882014181094506,0.20275140297588917,0.1866461065867807,0.0902779081946841,0.266680248232529,0.19659976187581943,0.15588335890027277,0.12057680105896525,0.19766647855203992,0.11051995586558679,0.1059604064122575,0.144204259539163,0.22198921809777195,0.22030739203409241,0.15693818176437438,0.17247597789738767,0.10623456057400324,0.09697024677583133,0.04664044506351388,0.2092602771345431,0.15385121557271858,0.11470349109395331,0.13855147171698107,0.11016127121756326,0.1555557084461248,0.1410346950834622,0.14363770452472713,0.10261344028655021,0.0726866955700328,0.09084131141646559,0.19574658792574218,0.1256733876125089,0.1088943820873938,0.1705213473651512,0.19275918925307792,0.07998875538955166,0.11286375788639275,0.08126619617721308,0.07642810469969984,0.1022363463148625,0.06766528203640627,0.04145504936873266,0.0955734932004636,0.06772867532968634,0.05709342180563854,0.011430371006562134,0.04789140560640324,0.01792730444402912,0.05402076830445051,0.09840533018484854,0.01708286687942959,0.09695549358760651,0.0630242296885256,0.08927405144949473,0.06634878027915246,0.11338643419506875,0.006905339660024878,0.11855082623448436,0.0653202793288697,0.08629188294677548,0.07891446816733173,0.07535367860882979,0.08867381089571785,0.11138379227755224,0.020716018980074635,0.09652667025899662,0.05930557207300381,0.06466731691852853,0.0656552199764516,0.05580095557485021,0.05996125559769044,0.07345022537685066,0.01886055460530075,0.08575975937539121,0.013028968812623373,0.06883899823662933,0.04894517221149089,0.0,1,1,1.0
6.640625,4.523367881774902,6.0,0.30727216601371765,10.901196479797363,4.6875,35.32151794433594,4.584855079650879,0.78125,0.6345212459564209,0.7536165118217468,595526.0,16578461.0,4228032495616.0,27.838350296020508,0.058206573128700256,1.6172101497650146,5.366881847381592,1.3118635067144169e-08,0.0,0.05300663039088249,2351,2064,1640,1244,875,636,1116,2236,3036,3495,3514,3500,3576,3566,3596,3672,3180,2534,2127,1546,858,550,448,216,59,1310,2813,3640,3775,3806,3865,3832,2622,2080,1824,1611,1433,2169,2936,3549,3962,4074,4059,4088,4095,4095,4095,4095,4095,3887,2859,2237,1454,1082,1466,2843,3976,4095,4095,4095,4095,4095,3977,2891,1976,1403,1112,1119,764,1304,2783,4095,4095,4095,4095,4095,4095,3423,2987,2775,2493,2297,1944,1375,331,0,0,0,0,0,0,0,0,0,0,0,0,0,0,0,0,0,0,0,0,18,607,983,926,1082,1735,2312,2365,2408,2407,2205,1548,156,0,0,0,2152,3487,3514,3513,3577,3551,3645,3675,528,408,361,378,327,328,314,254,231,936,2191,3054,3613,3632,3530,2832,2377,2380,2141,1688,1354,927,846,988,2142,3294,3880,3856,3934,3912,4008,4047,4074,4095,4095,4095,4095,4095,3144,2605,2424,1966,1449,1016,1032,712,1127,2394,3631,4095,4095,4095,4095,4095,3067,2344,1753,1295,1103,1039,762,510,425,254,318,222,154,0,0,0,527,2427,4095,4095,4095,4095,4095,4095,4095,4095,4095,4095,2365,1339,1370,1295,1338,1338,1326,1278,1274,1353,1214,1238,1309,1145,1246,1176,988,668,430,171,0,0,0,0,0,0,0,0,43,0,0,0,0,0,0,1800,3835,4095,4095,4095,4095,4095,4095,4095,1658,0.0029296875,0.822931667786695,3.929062901755291,0.9878280867228149,1.297904467742235,2.3179837752556924,2.73263285042595,1.0690861937242555,0.9381233685992019,0.5968363005390283,1.2273743487841118,1.3723236393141771,3.0260009937978096,0.9534596340394678,1.0658015398578111,2.0896194480242176,2.8690458922201016,0.845168440243016,0.9395323024066948,1.5832105220882586,0.5683560191052128,0.30996438344807886,0.8493882165460188,0.59033909896772,1.0792610706488788,0.46606183138749896,0.11138379227755224,0.6940337004820336,0.2896705624135872,0.31859593875688813,0.42051760976162333,0.32051489413642115,0.49774615614981305,0.6084109774991768,0.3617040379871248,0.24670141370574686,0.30142737014520804,0.22406098135163519,0.4465753150633449,0.41613939620073526,0.22325722417644778,0.41987758669066366,0.208486373639056,0.3393284189983819,0.2795392032214718,0.2820355782216359,0.3410091368941784,0.33039578834047656,0.10235288157019642,0.26000231521749384,0.14524869440906882,0.3561776606413454,0.17541737511764352,0.1628752849866199,0.07181553246425873,0.2710062111005542,0.20762462871777834,0.15944607215845052,0.13791676562594796,0.18714362290952669,0.12281802254798624,0.09400396914928812,0.16834589291290872,0.20913035205438407,0.23263104427137204,0.15510444321702735,0.20059744292100365,0.09848282996467742,0.12368849333623991,0.011388577919619728,0.17296463021572955,0.13469838109505589,0.07805783245465846,0.11926063371826771,0.09550861132079023,0.12796322914296634,0.10416768391430382,0.10889000310349388,0.10328043003882152,0.04203758447271657,0.1183576023485243,0.17082866879429592,0.12283355144203591,0.09889835079040753,0.18623945577587825,0.17139993382990126,0.09824529381271989,0.09578281121280648,0.09473159619357636,0.06419366574040936,0.11269040419337231,0.058242763872064236,0.04226383790699688,0.09067318391750827,0.07580163425908215,0.0599533026491048,0.021683206358568866,0.05765028180916188,0.030289184412638327,0.0567751634912056,0.07724726660376992,0.014084184669781208,0.07292247930700965,0.08955669154773731,0.06481462307048874,0.05694288959809864,0.0835060872126248,0.023457836229422487,0.0973873250308281,0.07882982840082252,0.06149242770090299,0.048828125,0.05614172793673754,0.09980545192955784,0.10203559433946092,0.02161713244255728,0.0705832460921588,0.042275118792799535,0.0634765625,0.07258165693774236,0.0412127887617367,0.05731847887042652,0.06638470468498961,0.032754902014157074,0.07529670518047357,0.020531050821902968,0.06074344351595307,0.05281569251167953,0.0048828125,1,1,1.0
6.640625,4.444768905639648,6.0,0.29740047454833984,10.585664749145508,4.6875,35.79670715332031,4.504724502563477,0.78125,0.6419556140899658,0.748157799243927,586930.0,16423538.0,4079379546112.0,27.982107162475586,0.060643866658210754,1.7092664241790771,5.387556552886963,4.791879177901137e-07,0.0,0.05600893124938011,268,120,0,858,2046,2926,3242,2952,2351,2064,1640,1244,875,636,1116,2236,3036,3495,3514,3500,3576,3566,3596,3672,3180,2534,2127,1546,858,550,448,216,59,1310,2813,3640,3775,3806,3865,3832,2622,2080,1824,1611,1433,2169,2936,3549,3962,4074,4059,4088,4095,4095,4095,4095,4095,3887,2859,2237,1454,1082,1466,2843,3976,4095,4095,4095,4095,4095,3977,2891,1976,1403,1112,1119,764,1304,2783,4095,4095,4095,4095,4095,4095,3423,2987,2775,2493,2297,1944,1375,331,0,0,0,0,0,0,0,0,0,0,0,0,0,0,0,0,0,0,0,0,18,607,983,926,1082,1735,2312,2365,2408,2407,2205,1548,156,0,0,0,2152,3487,3514,3513,3577,3551,3645,3675,528,408,361,378,327,328,314,254,231,936,2191,3054,3613,3632,3530,2832,2377,2380,2141,1688,1354,927,846,988,2142,3294,3880,3856,3934,3912,4008,4047,4074,4095,4095,4095,4095,4095,3144,2605,2424,1966,1449,1016,1032,712,1127,2394,3631,4095,4095,4095,4095,4095,3067,2344,1753,1295,1103,1039,762,510,425,254,318,222,154,0,0,0,527,2427,4095,4095,4095,4095,4095,4095,4095,4095,4095,4095,2365,1339,1370,1295,1338,1338,1326,1278,1274,1353,1214,1238,1309,1145,1246,1176,988,668,430,171,0,0,0,0,0,0,0,0,43,0,0,0,0,0,0,1800,3835,0.001953125,0.5346178005144919,4.380977906227781,1.128110611842327,1.058820749416317,2.509480619761195,2.089210485610781,0.9360569337988947,1.210390028712417,1.0063854434393422,1.316574674523322,0.8486889995064746,2.5238705667960577,1.2846088577062527,1.0233261397250775,1.659276536222105,2.760013728453176,1.022319153552936,1.2967429955644296,1.4052194846097024,0.9271503095686282,0.4113287741863348,0.4623360833102518,0.4604779555090185,1.1625032158263653,0.772604136932223,0.3421733417804422,0.722118280544255,0.3261016952943179,0.30628898528168264,0.5138240922279786,0.4249674167484509,0.30056080852563266,0.4435701247451256,0.4806761255343263,0.39871624938290723,0.21078598797607678,0.2742471968195462,0.33345569907720923,0.4800288970514114,0.14231032212458491,0.5012201679893941,0.29035290522106455,0.3114147415190096,0.23545486905419502,0.2523785924329895,0.3138064731063981,0.3115234375,0.07914374839591723,0.19056986026931544,0.21439050201330195,0.33168927701880535,0.15904782690334307,0.1332605322134081,0.04597110271851492,0.2200236706570774,0.25458330702794546,0.20919874373399763,0.1377264758618339,0.15814584707716453,0.08082492850218188,0.08177508365413406,0.14850494458735888,0.2467999694379049,0.22434597327042946,0.16132209526413346,0.15032719847573325,0.08745552022358637,0.12514106420239135,0.06055474999190428,0.21031492688166067,0.08399005249704891,0.08403545866471059,0.05066844441825331,0.1546611108330131,0.05402076830445051,0.06527646471511095,0.03813598474563796,0.1465136689458983,0.049071658306254345,0.18185051717194298,0.15544531564117703,0.09324510036820048,0.04026470337517247,0.1747064580849318,0.1850553728693983,0.1340774435326756,0.1201330655156014,0.0750366121574162,0.10630186722300627,0.09412563093766789,0.09578778940003016,0.08323727475531263,0.13254295372640346,0.04673236763283359,0.08895835810950573,0.03676080122015373,0.05969824888897627,0.010517900013934578,0.05960232234244972,0.11136666684813405,0.026203921611325662,0.09888388527011507,0.06749594217041982,0.06698535406110358,0.013601941676937616,0.09758786668245603,0.06021519534948436,0.12018068697578932,0.09328600182882227,0.06779904280355384,0.006905339660024878,0.055000499376284075,0.13951520633196784,0.08157074049906869,0.07040060669030687,0.039499508625306025,0.07817991234228686,0.0283875817456028,0.1111952674901546,0.031143005310746045,0.09124459864685998,0.05416181493696112,0.031310975667737106,0.09144296805249708,0.02039122365021592,0.08385368647151585,0.04334441605697685,0.0146484375,1,1,1.0
7.03125,4.511626243591309,4.0,0.30324244499206543,10.352046012878418,6.25,59.058815002441406,4.378417491912842,0.78125,0.6353803277015686,0.7390868663787842,572784.0,19943341.0,4404053278720.0,34.81825637817383,0.06137727200984955,2.535322904586792,6.909061431884766,5.4558036310936586e-08,0.0,0.052191365510225296,2681,2908,2633,2042,1640,1433,1082,702,268,120,0,858,2046,2926,3242,2952,2351,2064,1640,1244,875,636,1116,2236,3036,3495,3514,3500,3576,3566,3596,3672,3180,2534,2127,1546,858,550,448,216,59,1310,2813,3640,3775,3806,3865,3832,2622,2080,1824,1611,1433,2169,2936,3549,3962,4074,4059,4088,4095,4095,4095,4095,4095,3887,2859,2237,1454,1082,1466,2843,3976,4095,4095,4095,4095,4095,3977,2891,1976,1403,1112,1119,764,1304,2783,4095,4095,4095,4095,4095,4095,3423,2987,2775,2493,2297,1944,1375,331,0,0,0,0,0,0,0,0,0,0,0,0,0,0,0,0,0,0,0,0,18,607,983,926,1082,1735,2312,2365,2408,2407,2205,1548,156,0,0,0,2152,3487,3514,3513,3577,3551,3645,3675,528,408,361,378,327,328,314,254,231,936,2191,3054,3613,3632,3530,2832,2377,2380,2141,1688,1354,927,846,988,2142,3294,3880,3856,3934,3912,4008,4047,4074,4095,4095,4095,4095,4095,3144,2605,2424,1966,1449,1016,1032,712,1127,2394,3631,4095,4095,4095,4095,4095,3067,2344,1753,1295,1103,1039,762,510,425,254,318,222,154,0,0,0,527,2427,4095,4095,4095,4095,4095,4095,4095,4095,4095,4095,2365,1339,1370,1295,1338,1338,1326,1278,1274,1353,1214,1238,1309,1145,1246,1176,988,668,430,171,0,0,0,0,0,0,0,0,43,0.00244140625,0.5865629799565997,3.971095796112128,1.2479330139278215,0.8347553200770707,2.076674335071658,2.193993222917298,0.508054704859509,1.5664366911786454,1.342930033482423,1.0769585090090301,0.47567516328048287,2.453822334455424,1.6656664072010712,1.035644416143617,1.4443791855636292,2.756586164185443,1.304842454308721,1.6324155772229858,1.1696287880220884,1.2250878283097721,0.7087718130048318,0.4017649811738901,0.1967355385570885,1.4096303365961058,0.6992658034534468,0.26490776616164713,0.5091722330558089,0.12549113110820384,0.1702974925297318,0.5227565606397442,0.2909517154027465,0.4462644874935172,0.5644945175675044,0.4063837858134479,0.3041643395182452,0.29167029968905495,0.1973574585128823,0.361328125,0.5019996710544435,0.18695497772535788,0.5219057359610104,0.29203301083772243,0.32985268743812934,0.23675750314490596,0.24567874854238322,0.31772067353510625,0.2862927507352136,0.06749594217041982,0.14742212858516876,0.26022962847010983,0.26145078691228063,0.23131135693617866,0.20720161769633114,0.12816801512115905,0.1963109246220815,0.22054967356199098,0.19260328024094064,0.051239295399784786,0.24352461347002002,0.10903004335504919,0.162605720755339,0.10691464051497022,0.18716655327421824,0.1682467267425144,0.21481045551675645,0.19044721473826415,0.0505742475633752,0.1615347732570031,0.032638232357555474,0.16745982585063732,0.09442404981826416,0.058045941803568674,0.07290285978843375,0.13358932398552723,0.06977469014803223,0.0528788530104722,0.03549371454177001,0.13092130647365818,0.0659595499639386,0.16630260122975002,0.19142866976477205,0.055389261376903254,0.037160737481329,0.1305273598238992,0.22242055095979285,0.075574833648226,0.142608221352639,0.060531121942623965,0.09594695501301503,0.09536371574791955,0.07417376309280564,0.011430371006562134,0.0719548321085494,0.09889835079040753,0.0342911130196864,0.03989589495276464,0.068359375,0.06029433218919192,0.06395552472669118,0.05476591755003888,0.030289184412638327,0.0681357950879391,0.09115048351232839,0.06991123566052906,0.05137869702330432,0.09085705741885163,0.03152346170228315,0.11055446639128833,0.08107821571167116,0.06083757080926766,0.017387200990981306,0.04271274946997859,0.12973587788369842,0.07567571783616943,0.04805044765680681,0.06718437719850338,0.06080621123460194,0.05569831731093437,0.06448271101257491,0.054731079176570524,0.03984805813106087,0.08250074906442612,0.054635159104294395,0.061173670950647754,0.05472236611766367,0.019628663322501738,0.08776575330738796,0.0498046875,1,1,1.0
7.03125,4.464358806610107,5.0,0.35737866163253784,10.149402618408203,6.25,47.0887565612793,4.65372371673584,0.78125,0.5849840641021729,0.7241209149360657,549822.0,16417186.0,3367764754432.0,29.859092712402344,0.0576372891664505,2.037667989730835,6.052096366882324,3.5522859320735733e-07,0.0,0.05477231740951538,4095,3663,1804,0,0,0,505,2043,2681,2908,2633,2042,1640,1433,1082,702,268,120,0,858,2046,2926,3242,2952,2351,2064,1640,1244,875,636,1116,2236,3036,3495,3514,3500,3576,3566,3596,3672,3180,2534,2127,1546,858,550,448,216,59,1310,2813,3640,3775,3806,3865,3832,2622,2080,1824,1611,1433,2169,2936,3549,3962,4074,4059,4088,4095,4095,4095,4095,4095,3887,2859,2237,1454,1082,1466,2843,3976,4095,4095,4095,4095,4095,3977,2891,1976,1403,1112,1119,764,1304,2783,4095,4095,4095,4095,4095,4095,3423,2987,2775,2493,2297,1944,1375,331,0,0,0,0,0,0,0,0,0,0,0,0,0,0,0,0,0,0,0,0,18,607,983,926,1082,1735,2312,2365,2408,2407,2205,1548,156,0,0,0,2152,3487,3514,3513,3577,3551,3645,3675,528,408,361,378,327,328,314,254,231,936,2191,3054,3613,3632,3530,2832,2377,2380,2141,1688,1354,927,846,988,2142,3294,3880,3856,3934,3912,4008,4047,4074,4095,4095,4095,4095,4095,3144,2605,2424,1966,1449,1016,1032,712,1127,2394,3631,4095,4095,4095,4095,4095,3067,2344,1753,1295,1103,1039,762,510,425,254,318,222,154,0,0,0,527,2427,4095,4095,4095,4095,4095,4095,4095,4095,4095,4095,2365,1339,1370,1295,1338,1338,1326,1278,1274,1353,1214,1238,1309,1145,1246,1176,988,668,430,171,0,0.00390625,0.822428562575225,3.5405740436277626,1.6438285431753246,0.46064360996370135,1.8580340510801046,1.8547310416711305,0.6322071335252203,1.7278594932299114,1.4417294189084828,1.4785330404770218,0.7194190850159967,2.3463537376366723,1.2762849952017186,1.0223494708521923,1.7276450513345845,2.5904052493922842,0.9437151567709087,1.4082153150477934,1.5140980372869233,1.3123234221342797,0.8489384249047661,0.17236535608701625,0.376211117988094,1.7085680296418,0.8878559097370914,0.4898821412636937,0.21699253909737493,0.21105727574528088,0.33926236638783014,0.5006595076765776,0.41360621232877187,0.6746803091778247,0.7835926789935352,0.6541788023128752,0.5256238228402581,0.4286575457926075,0.34367231011281846,0.10486116949645403,0.6414439851205741,0.11000099875256815,0.5943359695920958,0.47412788236965353,0.10008693730717935,0.12347241644217673,0.16134278459424517,0.4822478810724088,0.2962092916469836,0.14778072217208552,0.3216687773271271,0.1242999501210586,0.4214871354317622,0.08036343988844134,0.06287272891726513,0.07692560778635929,0.14552092013109585,0.3350691106308157,0.2978147390147339,0.09848282996467742,0.2727058431124566,0.1205412040953865,0.23123300850793949,0.08984375,0.15194258077169315,0.1570839560957621,0.2320194125768359,0.23838528722640503,0.098531236372105,0.12128261481453144,0.03625138904935661,0.21541560966581627,0.0820835491764955,0.09295828624150206,0.0361328125,0.1634364216697816,0.08849617780632181,0.020108652619115236,0.0793182795157083,0.06902576971512614,0.07033962150534807,0.1164241085818656,0.16435288661258926,0.11624786046838266,0.06468943422530936,0.18575492037061772,0.19521970451833637,0.13353577186718196,0.1698320524088154,0.004367320268554277,0.15245013312824726,0.0655461882599603,0.12829072979969777,0.04972803537685162,0.06779904280355384,0.1570293065800139,0.07309229453579777,0.10342345542870099,0.13481515167840116,0.09618520958784169,0.12790359347427582,0.11926063371826771,0.0659595499639386,0.14025151140075215,0.04530239650290313,0.08457843133661963,0.0369677602163041,0.07532203202450649,0.11305371815414371,0.04676296833520656,0.15682572156952054,0.05112750044026728,0.10439631261634974,0.09119232445256838,0.05249875021763911,0.1565701066718122,0.06064130740726572,0.0441185820237364,0.06944588553734776,0.05519090293337809,0.131502761869835,0.050413708981016825,0.08645198446349153,0.10320191260642896,0.0375183060787081,0.10927031820858879,0.07370297759419221,0.02763861659782208,0.1189483592076962,0.0908203125,1,1,1.0
8.203125,5.02366828918457,6.0,0.3690218925476074,7.532362937927246,4.6875,27.472009658813477,5.266141891479492,0.78125,0.5570269227027893,0.7214259505271912,545737.0,11507905.0,2200904925184.0,21.08690643310547,0.07395115494728088,1.7712194919586182,4.437420845031738,3.5788710306405846e-07,0.0,0.07480695098638535,0,0,7,1021,2920,4095,4095,4095,4095,3663,1804,0,0,0,505,2043,2681,2908,2633,2042,1640,1433,1082,702,268,120,0,858,2046,2926,3242,2952,2351,2064,1640,1244,875,636,1116,2236,3036,3495,3514,3500,3576,3566,3596,3672,3180,2534,2127,1546,858,550,448,216,59,1310,2813,3640,3775,3806,3865,3832,2622,2080,1824,1611,1433,2169,2936,3549,3962,4074,4059,4088,4095,4095,4095,4095,4095,3887,2859,2237,1454,1082,1466,2843,3976,4095,4095,4095,4095,4095,3977,2891,1976,1403,1112,1119,764,1304,2783,4095,4095,4095,4095,4095,4095,3423,2987,2775,2493,2297,1944,1375,331,0,0,0,0,0,0,0,0,0,0,0,0,0,0,0,0,0,0,0,0,18,607,983,926,1082,1735,2312,2365,2408,2407,2205,1548,156,0,0,0,2152,3487,3514,3513,3577,3551,3645,3675,528,408,361,378,327,328,314,254,231,936,2191,3054,3613,3632,3530,2832,2377,2380,2141,1688,1354,927,846,988,2142,3294,3880,3856,3934,3912,4008,4047,4074,4095,4095,4095,4095,4095,3144,2605,2424,1966,1449,1016,1032,712,1127,2394,3631,4095,4095,4095,4095,4095,3067,2344,1753,1295,1103,1039,762,510,425,254,318,222,154,0,0,0,527,2427,4095,4095,4095,4095,4095,4095,4095,4095,4095,4095,2365,1339,1370,1295,1338,1338,1326,1278,1274,1353,1214,1238,1309,0.001953125,0.9436469419684598,3.380356811334572,1.8010190198572849,0.35067297404990294,1.7785605488814817,1.6987991691923254,0.7961380486708972,1.83082941322561,1.508567818527939,1.728823738870035,0.9975909780062238,2.442206899964933,1.007301851764826,0.9110741959306732,2.064410856133624,2.2626228172730487,0.8686275039046085,1.6120997205611083,1.6208643004034191,1.688083689020688,1.2070474469230839,0.5504781551894864,0.3733343644354977,1.8576049072706804,0.6061684779777382,0.33352862041690967,0.5679481303212042,0.38281374561340714,0.4748554612146839,0.2470722424578772,0.5298380319955579,0.34769602344467254,0.462586637063319,0.5127501830756773,0.3987975644051607,0.21095784407103155,0.25074846760518327,0.3630002483440632,0.49950575242343465,0.17769412748285895,0.5541680281008105,0.3465861449504034,0.29059257736650435,0.16791480329188008,0.16463407225292714,0.4083502837315444,0.19938144398383248,0.033730304764004966,0.23896266872349964,0.18570100506257364,0.3007971028695698,0.21821310368115857,0.18566248454252654,0.07489667769067973,0.2618080100819423,0.23873308211697497,0.20921697773941306,0.1531055671661407,0.1425915019409686,0.022798081113142094,0.14656573261526987,0.06917758104853453,0.2765586378614511,0.10028683533156439,0.3020926287744593,0.21548643220820263,0.06537135926242016,0.22577398479876742,0.06207128352371369,0.13975424859373686,0.14707238751856228,0.09874877156326506,0.06789743474909647,0.16849028770460703,0.04051263381385067,0.03234471711265468,0.03712222228271135,0.10471555419343902,0.067749793245908,0.14022430978851014,0.17210234431565805,0.08450510801868726,0.026868782211323446,0.14070974551505008,0.2361464629790992,0.08305949677720671,0.17429110132329845,0.0670707220066124,0.10548683294055294,0.1279296875,0.053932426841734674,0.03829818662329605,0.057226895796810985,0.10239014483950057,0.06670715374194557,0.027981540589637505,0.056649043016692095,0.041718768287683256,0.049881221832508336,0.05985778484657014,0.025409398107925172,0.0755559028667371,0.07605284168920913,0.07258822630526614,0.02286074201312427,0.08572639198185447,0.07075193627609358,0.08103115245667576,0.12257318295885142,0.02777629424478104,0.0656915236673521,0.0594100045869341,0.08605394277367268,0.11573398711668834,0.04107371258752557,0.04265689388250304,0.05930557207300381,0.04442017740446937,0.07048860325241636,0.05715185503281067,0.037057941330098196,0.07931226759471466,0.0720938625987959,0.03419363554689765,0.05614172793673754,0.0567751634912056,0.06686422956493629,0.0078125,1,1,1.0
7.8125,4.600764274597168,5.0,0.3731306791305542,8.87671184539795,4.6875,29.584325790405273,5.126446723937988,0.78125,0.5633998513221741,0.734382152557373,565515.0,12436840.0,2416809607168.0,21.9920597076416,0.06346942484378815,1.9889397621154785,4.548207759857178,6.769266178707767e-07,0.0,0.05709754675626755,0,0,0,0,0,0,0,0,0,0,7,1021,2920,4095,4095,4095,4095,3663,1804,0,0,0,505,2043,2681,2908,2633,2042,1640,1433,1082,702,268,120,0,858,2046,2926,3242,2952,2351,2064,1640,1244,875,636,1116,2236,3036,3495,3514,3500,3576,3566,3596,3672,3180,2534,2127,1546,858,550,448,216,59,1310,2813,3640,3775,3806,3865,3832,2622,2080,1824,1611,1433,2169,2936,3549,3962,4074,4059,4088,4095,4095,4095,4095,4095,3887,2859,2237,1454,1082,1466,2843,3976,4095,4095,4095,4095,4095,3977,2891,1976,1403,1112,1119,764,1304,2783,4095,4095,4095,4095,4095,4095,3423,2987,2775,2493,2297,1944,1375,331,0,0,0,0,0,0,0,0,0,0,0,0,0,0,0,0,0,0,0,0,18,607,983,926,1082,1735,2312,2365,2408,2407,2205,1548,156,0,0,0,2152,3487,3514,3513,3577,3551,3645,3675,528,408,361,378,327,328,314,254,231,936,2191,3054,3613,3632,3530,2832,2377,2380,2141,1688,1354,927,846,988,2142,3294,3880,3856,3934,3912,4008,4047,4074,4095,4095,4095,4095,4095,3144,2605,2424,1966,1449,1016,1032,712,1127,2394,3631,4095,4095,4095,4095,4095,3067,2344,1753,1295,1103,1039,762,510,425,254,318,222,154,0,0,0,527,2427,4095,4095,4095,4095,4095,4095,4095,4095,4095,4095,2365,1339,1370,1295,1338,0.0,0.8133311788603383,3.6237404048986077,1.5818588351264402,0.6508757926711912,1.4822726168271825,1.8074884518245211,0.8791736789321271,2.0813133619589688,1.6827670942182666,1.9822056243659654,1.2569425429487278,2.6394569477111767,0.986328125,0.7095712801913302,2.1322903954732437,2.1751381490395563,1.0571824692333838,1.7080033456559658,1.4602754286067332,1.5758998782697353,1.0743257226566887,0.4372394330780092,0.3246435117617537,1.828809821818519,0.6806472491646537,0.3777883497018008,0.5243476811454936,0.3922087036723282,0.4946932510745335,0.22470488798005464,0.5421197414657707,0.3439455343199171,0.4639113876967946,0.5005204353238315,0.3874898601558921,0.23706947254856145,0.24567874854238322,0.31711226449548907,0.4985301347231186,0.12232005702294967,0.5014512934056539,0.2983314525466822,0.3103840719088635,0.23136082648376324,0.2373267897371747,0.3513684903046998,0.21530933217236037,0.08592085243583644,0.24028399195441794,0.21709140325716278,0.3039134046795984,0.24482131670223573,0.1879977929817678,0.06146140225609204,0.2618080100819423,0.28311892606102,0.244199211720437,0.13434391105661722,0.17187777430289353,0.0285216442705278,0.1410752611519186,0.0732421875,0.2755014183160236,0.10412647743596562,0.3076559375395188,0.22453505903714993,0.07794167945013639,0.21851008746782222,0.051164792568084906,0.1661993468711313,0.1281531326298036,0.08894763700574766,0.049304318599079446,0.14231032212458491,0.08156489460086368,0.05223468406373567,0.05424099248827662,0.13540453734240282,0.06078268093591967,0.1809278057973526,0.20220740006637136,0.04412938878005861,0.04941058844013093,0.13767799647325865,0.2091417522207669,0.09090427906132997,0.15170702777996817,0.043891025496570764,0.11624786046838266,0.11052427027059557,0.07085968724090522,0.034402177644157296,0.04794116292434991,0.10788695487285885,0.06917068776158118,0.023619895746968406,0.05281569251167953,0.05353308622525682,0.06392569472286383,0.059626318447163075,0.03294360897154883,0.10090305744601163,0.057971961248655585,0.0609002415143315,0.02713367966689415,0.04898412579681427,0.06549524467620006,0.07232498617689657,0.08643543598968285,0.06336378202151693,0.025353037081537442,0.03829818662329605,0.12882114259617927,0.0825238649934492,0.0166875073150733,0.07891446816733173,0.022269051271467537,0.06844999573779319,0.09474166277839768,0.03126525506559008,0.05490504998777577,0.08103115245667576,0.06055474999190428,0.04458090707231768,0.060531121942623965,0.05111817315743125,0.07139600283763375,0.009765625,1,1,1.0
7.8125,4.468284606933594,6.0,0.34363192319869995,9.63761043548584,4.6875,34.52388000488281,4.999866485595703,0.78125,0.59466552734375,0.7530056834220886,594561.0,14169348.0,2923918524416.0,23.831613540649414,0.06170259043574333,1.8596748113632202,5.001059532165527,3.284984018137038e-07,0.0,0.05075822398066521,47,0,0,0,0,0,0,0,0,0,0,0,0,0,0,0,0,0,7,1021,2920,4095,4095,4095,4095,3663,1804,0,0,0,505,2043,2681,2908,2633,2042,1640,1433,1082,702,268,120,0,858,2046,2926,3242,2952,2351,2064,1640,1244,875,636,1116,2236,3036,3495,3514,3500,3576,3566,3596,3672,3180,2534,2127,1546,858,550,448,216,59,1310,2813,3640,3775,3806,3865,3832,2622,2080,1824,1611,1433,2169,2936,3549,3962,4074,4059,4088,4095,4095,4095,4095,4095,3887,2859,2237,1454,1082,1466,2843,3976,4095,4095,4095,4095,4095,3977,2891,1976,1403,1112,1119,764,1304,2783,4095,4095,4095,4095,4095,4095,3423,2987,2775,2493,2297,1944,1375,331,0,0,0,0,0,0,0,0,0,0,0,0,0,0,0,0,0,0,0,0,18,607,983,926,1082,1735,2312,2365,2408,2407,2205,1548,156,0,0,0,2152,3487,3514,3513,3577,3551,3645,3675,528,408,361,378,327,328,314,254,231,936,2191,3054,3613,3632,3530,2832,2377,2380,2141,1688,1354,927,846,988,2142,3294,3880,3856,3934,3912,4008,4047,4074,4095,4095,4095,4095,4095,3144,2605,2424,1966,1449,1016,1032,712,1127,2394,3631,4095,4095,4095,4095,4095,3067,2344,1753,1295,1103,1039,762,510,425,254,318,222,154,0,0,0,527,2427,4095,4095,4095,4095,4095,4095,4095,0.00146484375,1.0430423553439736,3.9845485275478563,1.6826647963737658,1.1472614520746802,1.15297296447025,1.382095064595097,1.4937167495155175,1.7784600074696493,1.1222577050603764,1.544535707998909,0.8948707436083232,2.4570058266396346,1.2477029675818279,1.1894459089990475,2.087968730268512,2.237067674181903,0.760839336102786,1.8642416983817713,1.6378242928674127,1.9387953335192136,1.2451003368957814,0.6370609042816552,0.05975413492491545,1.5371866170435116,0.8728720812158077,0.5580967112310501,0.34589893377646497,0.5457053619317073,0.7174804089360428,0.07031928135701052,0.733560313152386,0.1391284571901006,0.3484467509457204,0.31262509703148483,0.2288492489823063,0.4134136370103353,0.2615310223414665,0.1739597465168397,0.48184231064644123,0.14240745885795064,0.34729396502751275,0.15257519478433104,0.46448766068246583,0.3187201392454586,0.24118128296964259,0.4907292152080324,0.10294747533680783,0.1072841802164095,0.2861344789840549,0.16888603096490284,0.2881455182032935,0.25108293587186514,0.24609568761638004,0.1375116516725151,0.3316403949498613,0.28779613336506593,0.2779379912454198,0.1733254010268353,0.1899081399612327,0.040641898528681275,0.14433646608495904,0.08414320011147662,0.2890575511611845,0.09860863719815889,0.3357458233151012,0.2638183187074858,0.11005733729595579,0.16919350447214693,0.018347943582085875,0.19521970451833637,0.0662120897761091,0.016716057391234072,0.1416857239115909,0.1349954166340733,0.07402575647752822,0.10416768391430382,0.05985778484657014,0.1057577060209444,0.11378524737210553,0.10843802064446337,0.09835686181261072,0.1367536227846508,0.06442352540027595,0.05160095630321448,0.3001242062622912,0.04630183434035038,0.07852679880068213,0.10702162650623033,0.13282686043686956,0.03088161777508183,0.14769357683785764,0.07813110327722504,0.026057937625246747,0.16509394889847,0.1291316979767682,0.05330993774982883,0.0048828125,0.09957585986410451,0.09957585986410451,0.07304008574732482,0.08052940675034494,0.15030499286899174,0.08649058525579895,0.0322265625,0.08796654706944176,0.06991123566052906,0.0009765625,0.13687560756322062,0.11640772466557538,0.01878455474772592,0.0888027754203847,0.07789272110394245,0.06027060204769325,0.1275863115962613,0.07605911124461232,0.07871481457572904,0.07459045489815747,0.10689233828887494,0.0826624248195683,0.030649130520459405,0.10135570894788376,0.0753473503553138,0.038989189018900645,0.07481386611443283,0.08793943956916192,0.06192515180659254,0.08675481372856567,0.015625,1,1,1.0
7.8125,4.981263637542725,4.0,0.3862260580062866,7.339600086212158,5.859375,56.68653106689453,5.039327621459961,0.78125,0.5401763916015625,0.7536253929138184,595540.0,17525882.0,3400353185792.0,29.428556442260742,0.07359752804040909,3.1175689697265625,6.555457592010498,4.7225967136910185e-07,0.0,0.06823565810918808,279,344,377,399,249,313,298,280,47,0,0,0,0,0,0,0,0,0,0,0,0,0,0,0,0,0,7,1021,2920,4095,4095,4095,4095,3663,1804,0,0,0,505,2043,2681,2908,2633,2042,1640,1433,1082,702,268,120,0,858,2046,2926,3242,2952,2351,2064,1640,1244,875,636,1116,2236,3036,3495,3514,3500,3576,3566,3596,3672,3180,2534,2127,1546,858,550,448,216,59,1310,2813,3640,3775,3806,3865,3832,2622,2080,1824,1611,1433,2169,2936,3549,3962,4074,4059,4088,4095,4095,4095,4095,4095,3887,2859,2237,1454,1082,1466,2843,3976,4095,4095,4095,4095,4095,3977,2891,1976,1403,1112,1119,764,1304,2783,4095,4095,4095,4095,4095,4095,3423,2987,2775,2493,2297,1944,1375,331,0,0,0,0,0,0,0,0,0,0,0,0,0,0,0,0,0,0,0,0,18,607,983,926,1082,1735,2312,2365,2408,2407,2205,1548,156,0,0,0,2152,3487,3514,3513,3577,3551,3645,3675,528,408,361,378,327,328,314,254,231,936,2191,3054,3613,3632,3530,2832,2377,2380,2141,1688,1354,927,846,988,2142,3294,3880,3856,3934,3912,4008,4047,4074,4095,4095,4095,4095,4095,3144,2605,2424,1966,1449,1016,1032,712,1127,2394,3631,4095,4095,4095,4095,4095,3067,2344,1753,1295,1103,1039,762,510,425,254,318,222,154,0,0,0,527,0.00341796875,1.6790608501301973,4.281808190259557,2.2871052052160965,1.60769625021992,1.6358048612060403,0.6635481693861442,1.8042945599174636,1.0759791151381048,0.8478705491279982,1.0957209675741988,0.48183736255869525,1.9190509174980728,0.669007324908517,1.2011722719765605,2.5400285496947,1.8166608734505119,1.2482325456080046,1.9087263188520036,1.319864953386604,1.499056837473996,1.0571847244573565,0.4762632337118251,0.35067297404990294,1.7859622129264037,0.5587891990344118,0.2523710348300522,0.3865275825636762,0.29132514213493726,0.5324881094737769,0.14077750519610113,0.7326152088582985,0.26220293947575524,0.2775980898041098,0.3725416347098471,0.21321515187427353,0.40329311916498195,0.22081976315051957,0.17292051502526112,0.48243768951811605,0.13965185201245206,0.38851480808782,0.21008580952382588,0.4033250415884976,0.2325162295347796,0.17757601547498653,0.4074220622602638,0.21261719108832441,0.061554431677029,0.22589011554142072,0.23069415949921832,0.3383137253464785,0.21618235329343669,0.11286375788639275,0.03419363554689765,0.17679827316614619,0.18576518817894852,0.12012115720066371,0.22577398479876742,0.035814689103305174,0.11110517697912416,0.2604860340555483,0.057492914177871196,0.19431630711155629,0.14127791677423052,0.21935298102748577,0.15862453518942932,0.032638232357555474,0.24056958638014342,0.068359375,0.15693514335925973,0.11821247716844775,0.061670521108777125,0.09148467522367476,0.12543412164188145,0.06214038386692591,0.07925212330184954,0.03986002271866904,0.09212872199274028,0.08419418741129138,0.1392517858969438,0.11681663320545166,0.09697024677583133,0.05374643713209771,0.07387099862920876,0.2378746691334158,0.07969611626212174,0.11662053604005398,0.03618556115947052,0.12732817197661422,0.11061052303092948,0.06481462307048874,0.03234471711265468,0.06397788810218437,0.1011909142920149,0.050753072110102666,0.05363097741307024,0.08358028695617035,0.023940723969006372,0.04107371258752557,0.05560406580268265,0.04026470337517247,0.0974852017641051,0.04496431419227085,0.07219300616514149,0.03582800064032059,0.03451288485756307,0.055526831936833984,0.09180206933442203,0.0793182795157083,0.049149334110006326,0.041062101643805936,0.035507146411519225,0.10540543527794387,0.10184849306470264,0.027010384152225255,0.06366408598830711,0.03712222228271135,0.06027060204769325,0.08103115245667576,0.04597110271851492,0.04226383790699688,0.07224582710227219,0.06875582583625756,0.05406488490494691,0.022714264354712906,0.04835710313726542,0.07499211587792183,0.052734375,1,1,1.0
7.8125,4.605320453643799,3.0,0.36616623401641846,10.92816162109375,5.859375,60.777442932128906,4.45051383972168,0.78125,0.5806961059570312,0.7459543943405151,583478.0,19123700.0,3941613699072.0,32.77535629272461,0.053137585520744324,2.7112598419189453,6.887167453765869,5.355811083518347e-08,0.0,0.05078038573265076,4095,3863,2830,2057,1607,1145,748,537,279,344,377,399,249,313,298,280,47,0,0,0,0,0,0,0,0,0,0,0,0,0,0,0,0,0,7,1021,2920,4095,4095,4095,4095,3663,1804,0,0,0,505,2043,2681,2908,2633,2042,1640,1433,1082,702,268,120,0,858,2046,2926,3242,2952,2351,2064,1640,1244,875,636,1116,2236,3036,3495,3514,3500,3576,3566,3596,3672,3180,2534,2127,1546,858,550,448,216,59,1310,2813,3640,3775,3806,3865,3832,2622,2080,1824,1611,1433,2169,2936,3549,3962,4074,4059,4088,4095,4095,4095,4095,4095,3887,2859,2237,1454,1082,1466,2843,3976,4095,4095,4095,4095,4095,3977,2891,1976,1403,1112,1119,764,1304,2783,4095,4095,4095,4095,4095,4095,3423,2987,2775,2493,2297,1944,1375,331,0,0,0,0,0,0,0,0,0,0,0,0,0,0,0,0,0,0,0,0,18,607,983,926,1082,1735,2312,2365,2408,2407,2205,1548,156,0,0,0,2152,3487,3514,3513,3577,3551,3645,3675,528,408,361,378,327,328,314,254,231,936,2191,3054,3613,3632,3530,2832,2377,2380,2141,1688,1354,927,846,988,2142,3294,3880,3856,3934,3912,4008,4047,4074,4095,4095,4095,4095,4095,3144,2605,2424,1966,1449,1016,1032,712,1127,2394,3631,4095,4095,4095,4095,4095,3067,2344,1753,1295,1103,1039,762,510,425,0.00146484375,1.1142749300284653,4.3161404489003585,1.7256442428781535,1.7555728462161808,1.1850548717815985,0.9940374954182378,2.295004985197217,1.0012013848130956,0.47993054523240164,0.6304087254573912,0.41537096104364385,1.4872588402938565,0.3465145953738874,1.2929879270669993,2.7647836558463763,1.866819976005973,1.3968616322810108,1.5846603588020964,1.6349942903098174,1.723044284705319,1.3835164665121813,0.7422960703895196,0.14495293215062088,1.5408178862558537,0.8060593253894922,0.4996880511864729,0.4650837254775763,0.44658065385270307,0.4919442680861644,0.2553239417809893,0.5702029606384036,0.421699770104226,0.3500210346985525,0.5117271364412973,0.243495240715248,0.4901769840037093,0.19867467448504422,0.03149319432929121,0.5243876928309609,0.2666301781803851,0.3465407402011207,0.2716897969452665,0.43244520777440787,0.11627657022672885,0.12733191686777773,0.3210990366999392,0.34005134643593254,0.2007305155380319,0.33570179321791915,0.2092238150817523,0.4599287989700909,0.08848540070370542,0.13535170341803632,0.12457584898718894,0.29192522486770905,0.23316132699643455,0.22496151065107572,0.14501870922536383,0.12403497116646428,0.0910772156145628,0.21746009899133292,0.11079573909127215,0.2419117003204953,0.1586365590314166,0.17318503760711132,0.10878923782526267,0.07475648128517437,0.29842893578189444,0.11010931651986881,0.21086741095399594,0.0856095036872778,0.032241355506287456,0.15062190515654847,0.14701725989499073,0.06384359034641075,0.09027262615927048,0.09264485332524548,0.04673236763283359,0.022482157096135425,0.18756356751221745,0.18016717988446046,0.06601735852013894,0.010918300671385692,0.10804153660890102,0.28324521508346046,0.027500249688142037,0.08233875585246617,0.08400708268596316,0.1587837772029373,0.1003913849679406,0.09965244932633759,0.08219965043562096,0.10255766200359938,0.058958823625482736,0.024472586105745445,0.09978156073785001,0.12898021078983637,0.025353037081537442,0.010054326309557618,0.022545696055889054,0.09030959391950696,0.15185782378599902,0.05978604634771081,0.0352916230460794,0.07692560778635929,0.08848540070370542,0.06216340024546699,0.0722722230940562,0.12968808828932835,0.09304032335508906,0.033260520245950005,0.04631213164601319,0.16212114038630573,0.14108878058282187,0.0595703125,0.003521046167445302,0.09822102313031374,0.08651263511855509,0.06184039140229517,0.027203883353875233,0.08888864782088757,0.10350641173621956,0.09264485332524548,0.01284467425582608,0.057451430000323156,0.09237682492488647,0.08394462176891251,0.09765625,1,1,1.0
7.8125,4.860445976257324,3.0,0.3930036127567291,9.075088500976562,5.859375,62.453392028808594,4.761895656585693,0.78125,0.5467491149902344,0.7477784752845764,586335.0,20174461.0,4345362907136.0,34.407737731933594,0.06024724990129471,2.8025825023651123,7.049379348754883,1.1991852488790755e-07,0.0,0.056982506066560745,684,1456,3240,4095,4095,4095,4095,4095,4095,3863,2830,2057,1607,1145,748,537,279,344,377,399,249,313,298,280,47,0,0,0,0,0,0,0,0,0,0,0,0,0,0,0,0,0,7,1021,2920,4095,4095,4095,4095,3663,1804,0,0,0,505,2043,2681,2908,2633,2042,1640,1433,1082,702,268,120,0,858,2046,2926,3242,2952,2351,2064,1640,1244,875,636,1116,2236,3036,3495,3514,3500,3576,3566,3596,3672,3180,2534,2127,1546,858,550,448,216,59,1310,2813,3640,3775,3806,3865,3832,2622,2080,1824,1611,1433,2169,2936,3549,3962,4074,4059,4088,4095,4095,4095,4095,4095,3887,2859,2237,1454,1082,1466,2843,3976,4095,4095,4095,4095,4095,3977,2891,1976,1403,1112,1119,764,1304,2783,4095,4095,4095,4095,4095,4095,3423,2987,2775,2493,2297,1944,1375,331,0,0,0,0,0,0,0,0,0,0,0,0,0,0,0,0,0,0,0,0,18,607,983,926,1082,1735,2312,2365,2408,2407,2205,1548,156,0,0,0,2152,3487,3514,3513,3577,3551,3645,3675,528,408,361,378,327,328,314,254,231,936,2191,3054,3613,3632,3530,2832,2377,2380,2141,1688,1354,927,846,988,2142,3294,3880,3856,3934,3912,4008,4047,4074,4095,4095,4095,4095,4095,3144,2605,2424,1966,1449,1016,1032,712,1127,2394,3631,4095,4095,4095,4095,4095,3067,0.0009765625,0.7887941414017764,4.428767032961993,1.4397499058030063,2.014648674185032,1.1179798224305375,1.1643971211845012,2.6550837929931594,0.8342610599286541,0.7354449330662044,0.7462426481411962,0.8207965694140152,1.6225685121621694,0.08309967343556565,0.9356615478063941,2.413746834767191,2.279015897219199,0.9725395653528743,1.5390281092485376,1.6763892149097483,1.8400617012791065,1.0558162724161022,0.3283705020011278,0.402220475653784,1.9671045117678128,0.5187523531573134,0.1131675412608206,0.4468539146303944,0.24786995412949156,0.6471928059992686,0.15751744249428826,0.8489968382795612,0.09363294287120669,0.4075262124459805,0.41157793970481477,0.3780823234245854,0.24145001752311815,0.1341414440132248,0.21990227349369382,0.6416312897413106,0.17128026541691563,0.22721190939301472,0.15920664553166528,0.5312580781210274,0.1981363248747268,0.0653202793288697,0.3561682891832547,0.3783029689171153,0.23188784499462234,0.3675301758710178,0.1789988715280093,0.45172745486791627,0.12622235590370992,0.18654644409814963,0.08832358636402354,0.24986454154908647,0.2637387791276108,0.14119688942916786,0.2142058178137417,0.02378085090212094,0.16319116178777737,0.31350089956151467,0.07914374839591723,0.16710921977260204,0.14892818261383625,0.28797336253851374,0.23296491511033005,0.06437910048378714,0.18060334706125067,0.0902514949262658,0.09221666812130294,0.17541737511764352,0.11320124464665034,0.056446664127415724,0.09506824652102315,0.0942471356753499,0.10591989736684569,0.05840627560275656,0.0817634206599003,0.0793182795157083,0.15529493267097047,0.13000390853874957,0.08773858377037579,0.0411664822428867,0.0701835297219959,0.24721501753044478,0.08480364390767375,0.11512259541505158,0.017820593350483065,0.1302347792154045,0.13221155980250046,0.04891593666550076,0.013566839833447074,0.05277053158635272,0.13989406937741378,0.0890976150621644,0.024647323172117114,0.05447783469133341,0.06027060204769325,0.07448810088095657,0.08575975937539121,0.03936649291161401,0.08963120238737317,0.029893023173855404,0.08515714592418609,0.060546875,0.04026470337517247,0.029296875,0.09285050253128682,0.11308745546261005,0.0670707220066124,0.020132351687586234,0.02751758360079174,0.13633106305036063,0.1318937951746268,0.04809012598533254,0.04120121701118943,0.05937789106859477,0.08505068894454298,0.09871013367796974,0.04548098055544929,0.020108652619115236,0.08378542022969394,0.08379111120747124,0.08770596921608478,0.033260520245950005,0.009212872199274027,0.09278885562671643,0.009765625,1,1,1.0
7.8125,4.848165035247803,4.0,0.37919092178344727,8.552695274353027,2.734375,56.05160140991211,4.816628932952881,0.78125,0.5558212995529175,0.7492455840110779,588638.0,19382260.0,4244116602880.0,32.92729949951172,0.06498784571886063,2.596147298812866,6.6267876625061035,2.123545499443935e-07,0.0,0.056738559156656265,1703,1401,1146,1161,1191,1115,1017,1098,684,1456,3240,4095,4095,4095,4095,4095,4095,3863,2830,2057,1607,1145,748,537,279,344,377,399,249,313,298,280,47,0,0,0,0,0,0,0,0,0,0,0,0,0,0,0,0,0,7,1021,2920,4095,4095,4095,4095,3663,1804,0,0,0,505,2043,2681,2908,2633,2042,1640,1433,1082,702,268,120,0,858,2046,2926,3242,2952,2351,2064,1640,1244,875,636,1116,2236,3036,3495,3514,3500,3576,3566,3596,3672,3180,2534,2127,1546,858,550,448,216,59,1310,2813,3640,3775,3806,3865,3832,2622,2080,1824,1611,1433,2169,2936,3549,3962,4074,4059,4088,4095,4095,4095,4095,4095,3887,2859,2237,1454,1082,1466,2843,3976,4095,4095,4095,4095,4095,3977,2891,1976,1403,1112,1119,764,1304,2783,4095,4095,4095,4095,4095,4095,3423,2987,2775,2493,2297,1944,1375,331,0,0,0,0,0,0,0,0,0,0,0,0,0,0,0,0,0,0,0,0,18,607,983,926,1082,1735,2312,2365,2408,2407,2205,1548,156,0,0,0,2152,3487,3514,3513,3577,3551,3645,3675,528,408,361,378,327,328,314,254,231,936,2191,3054,3613,3632,3530,2832,2377,2380,2141,1688,1354,927,846,988,2142,3294,3880,3856,3934,3912,4008,4047,4074,4095,4095,4095,4095,4095,3144,2605,2424,1966,1449,1016,1032,712,1127,0.00244140625,1.292611709578047,4.056427628164844,1.610891276009961,1.5467470674883115,0.6838308740519403,1.5637851770288078,2.851825357105803,1.265733879021353,0.8517058365605169,0.7920072391834214,1.2427746806482467,1.7298117051159787,0.5267393816876645,0.6342470838745105,2.020349451185915,2.60163379834967,0.5916921189255716,1.8754701660679742,1.4076073771251723,1.5649836827606634,0.7770425030683373,0.36523568056250616,0.5422938701493523,1.8154391431639174,0.4830431933311297,0.324108426730673,0.2791551350351698,0.4009773235806221,0.5534154786564986,0.14680953494504792,0.7140602028306868,0.26769215179897526,0.25542290419097413,0.319859626498973,0.2578883204087045,0.3246670117490633,0.2158733320055801,0.24819485312880463,0.6154002132639796,0.1336178763393634,0.22626976306230034,0.15040964774172255,0.5422815598571767,0.18196847512671366,0.10612678114763405,0.3014558435498499,0.35537215377091835,0.22090396351399266,0.3623678558477009,0.1259462778520475,0.3431682866487313,0.2208715825574791,0.13387101162651402,0.050527083282330194,0.1688097812584779,0.126953125,0.16987135563661201,0.2292739154817061,0.12698692458719238,0.05374643713209771,0.20692988379313565,0.1195082698498309,0.20555654760356165,0.2078059833623455,0.1701602360142056,0.1525564420717071,0.11989865155833827,0.18070628729534124,0.04501730692037543,0.12494276643829329,0.18881022117878585,0.14921926128839108,0.020132351687586234,0.12297322324495649,0.11793786459312021,0.12100314780940682,0.059626318447163075,0.09582760558772081,0.09187994911202403,0.13901530975995505,0.10977969910883242,0.11573398711668834,0.07969611626212174,0.07015634787367894,0.20185572859955456,0.1287582009675743,0.17949898824167548,0.08389916644040352,0.055389261376903254,0.0705832460921588,0.12927563080760088,0.071128350525899,0.06993169449206312,0.056581663815902246,0.004026470337517247,0.09594695501301503,0.11962392368450293,0.03259437357085671,0.04203758447271657,0.04559616222628419,0.04673236763283359,0.08912437029986611,0.08754271418365223,0.08793943956916192,0.025781989809461104,0.02847144479904932,0.05498315726663768,0.10190465951735306,0.09750965559661419,0.05249875021763911,0.02108108705558877,0.017686299097924643,0.11676763978800016,0.12554811468740779,0.046022936202922575,0.075574833648226,0.015776850020901866,0.06176323555016366,0.09544868120947982,0.09104579703755207,0.07610924909530747,0.018961413905222265,0.01708286687942959,0.05580095557485021,0.07279813305483548,0.09006638515756898,0.0650496190757066,0.091796875,1,1,1.0
7.8125,4.789163589477539,3.0,0.35375624895095825,9.293925285339355,6.25,52.50637435913086,4.678137302398682,0.78125,0.5834646224975586,0.739898681640625,574043.0,18275285.0,3934806867968.0,31.836088180541992,0.06277914345264435,2.334506034851074,6.437899589538574,3.402401489438489e-07,0.0,0.05462022125720978,4095,4095,4095,4095,4095,3211,2877,2351,1703,1401,1146,1161,1191,1115,1017,1098,684,1456,3240,4095,4095,4095,4095,4095,4095,3863,2830,2057,1607,1145,748,537,279,344,377,399,249,313,298,280,47,0,0,0,0,0,0,0,0,0,0,0,0,0,0,0,0,0,7,1021,2920,4095,4095,4095,4095,3663,1804,0,0,0,505,2043,2681,2908,2633,2042,1640,1433,1082,702,268,120,0,858,2046,2926,3242,2952,2351,2064,1640,1244,875,636,1116,2236,3036,3495,3514,3500,3576,3566,3596,3672,3180,2534,2127,1546,858,550,448,216,59,1310,2813,3640,3775,3806,3865,3832,2622,2080,1824,1611,1433,2169,2936,3549,3962,4074,4059,4088,4095,4095,4095,4095,4095,3887,2859,2237,1454,1082,1466,2843,3976,4095,4095,4095,4095,4095,3977,2891,1976,1403,1112,1119,764,1304,2783,4095,4095,4095,4095,4095,4095,3423,2987,2775,2493,2297,1944,1375,331,0,0,0,0,0,0,0,0,0,0,0,0,0,0,0,0,0,0,0,0,18,607,983,926,1082,1735,2312,2365,2408,2407,2205,1548,156,0,0,0,2152,3487,3514,3513,3577,3551,3645,3675,528,408,361,378,327,328,314,254,231,936,2191,3054,3613,3632,3530,2832,2377,2380,2141,1688,1354,927,846,988,2142,3294,3880,3856,3934,3912,4008,4047,4074,4095,4095,4095,4095,4095,3144,0.0009765625,0.8110485316947194,4.524860481092434,1.7531258050981329,1.752065529507941,1.1416533550590897,1.2629894554199386,2.4337201277002136,1.5499043712034264,0.6699603100308268,0.6578944356817259,1.4692956438463565,1.6937076690001096,0.9023913086087094,0.6219507219229577,1.6970602422664163,2.831103363618708,0.4988408958574696,2.193889985142085,1.103874215797143,1.2846355832873946,0.9415505959422671,0.5999440802900697,0.39048947844452725,1.6463537560325368,0.6566604057568642,0.3340486163545344,0.43661190902956976,0.24887595203625665,0.5284728219687086,0.14852099830824111,0.8003774229480983,0.16899046542567175,0.33160157170308624,0.36665337856374247,0.321168824860851,0.27764961676973876,0.1561431519437397,0.2162705639890564,0.6349256108482593,0.18875970474456116,0.23212009360243654,0.21291078244593034,0.4853230704036391,0.11797020513382354,0.1476193013460056,0.29793319834121895,0.2835262165629761,0.14766451696434219,0.28965080810729155,0.19753134176997156,0.3848325409768859,0.16305084764715894,0.10702162650623033,0.056277459118062145,0.21170019089550984,0.1806640625,0.14504829917733708,0.22352190890873994,0.0902884713384861,0.05208841934802573,0.20459625306935494,0.09836170972457425,0.21483043282590122,0.19876105895554316,0.16698076532573902,0.15279692712859577,0.12325209201484232,0.1712997520182207,0.05476591755003888,0.10514726030714094,0.19394049355166265,0.14062839080113376,0.028117539157984314,0.10666458922588397,0.08516274523680839,0.08389348279263488,0.022798081113142094,0.119140625,0.11519298780080567,0.10029634434740443,0.0637688582707598,0.13886773690116355,0.11036884543863378,0.11452459505946815,0.17911338309547462,0.10666458922588397,0.16580006685888324,0.08130725897069785,0.08523550282823944,0.06814279306413872,0.10687895471941172,0.05329204550641505,0.06652104049190001,0.07381288078397229,0.0300838316420886,0.07914977311700051,0.09244906285967865,0.03126525506559008,0.051202057534837225,0.05912035495181762,0.019555648822754675,0.08359740062122147,0.04728015014418049,0.06900504229269341,0.04501730692037543,0.06011216170512654,0.06603902368240903,0.050043468653589676,0.07165600128064117,0.08908155806235321,0.051794650805375465,0.049449175395203764,0.07939639306319471,0.08008407942801135,0.032122820709762745,0.08541433439714796,0.05859375,0.025947910655442233,0.04606436099637014,0.05201513275619443,0.0667571725027836,0.06640625,0.06149242770090299,0.04935265143942687,0.028721564784868637,0.047037478823407405,0.07352160244030746,0.048828125,1,1,1.0
7.421875,4.772809982299805,4.0,0.35121601819992065,9.715782165527344,6.25,60.713226318359375,4.587086200714111,0.78125,0.5882392525672913,0.750091552734375,589968.0,20591938.0,4631878434816.0,34.90348434448242,0.06054471433162689,2.298553705215454,7.007058620452881,1.1918000097921322e-07,0.0,0.05459810048341751,2760,2232,1708,1367,1183,2008,3130,4095,4095,4095,4095,4095,4095,3211,2877,2351,1703,1401,1146,1161,1191,1115,1017,1098,684,1456,3240,4095,4095,4095,4095,4095,4095,3863,2830,2057,1607,1145,748,537,279,344,377,399,249,313,298,280,47,0,0,0,0,0,0,0,0,0,0,0,0,0,0,0,0,0,7,1021,2920,4095,4095,4095,4095,3663,1804,0,0,0,505,2043,2681,2908,2633,2042,1640,1433,1082,702,268,120,0,858,2046,2926,3242,2952,2351,2064,1640,1244,875,636,1116,2236,3036,3495,3514,3500,3576,3566,3596,3672,3180,2534,2127,1546,858,550,448,216,59,1310,2813,3640,3775,3806,3865,3832,2622,2080,1824,1611,1433,2169,2936,3549,3962,4074,4059,4088,4095,4095,4095,4095,4095,3887,2859,2237,1454,1082,1466,2843,3976,4095,4095,4095,4095,4095,3977,2891,1976,1403,1112,1119,764,1304,2783,4095,4095,4095,4095,4095,4095,3423,2987,2775,2493,2297,1944,1375,331,0,0,0,0,0,0,0,0,0,0,0,0,0,0,0,0,0,0,0,0,18,607,983,926,1082,1735,2312,2365,2408,2407,2205,1548,156,0,0,0,2152,3487,3514,3513,3577,3551,3645,3675,528,408,361,378,327,328,314,254,231,936,2191,3054,3613,3632,3530,2832,2377,2380,2141,1688,1354,927,846,988,2142,3294,3880,3856,3934,3912,4008,0.0,1.2127986264928121,4.087776543364552,1.3992777596303714,1.8968526873462461,1.0784597568210506,1.0637814143525786,2.334451974929961,1.2981821848910333,0.26554600157991104,0.32985268743812934,1.4168387289835616,1.4676080687988586,1.1911360637540482,0.8880798379903799,1.4460767220474033,3.0674543205410503,0.6727239878150164,2.4723972468147446,0.8609898047646624,1.1831992722628344,1.217111904945538,0.658886653616882,0.18496258743984256,1.8380914268294135,0.5202081615777191,0.13011756276214276,0.27333284827708804,0.42401372124404496,0.6166201530991408,0.16164985700436377,0.7026182255753437,0.29890630360117787,0.20958815016118704,0.2482313536434119,0.3605751233178241,0.20363377163835117,0.17926240477474634,0.2577126049365146,0.69146211042883,0.248906605559225,0.24547486975682237,0.2554135697526064,0.44861117199929174,0.10068070475062256,0.16240912610799943,0.313243743858367,0.26225021830677875,0.12222646262779556,0.267914720432298,0.22265839157413067,0.41940488705968937,0.12717828590702895,0.14063856271402103,0.04809012598533254,0.19490435871321646,0.18475364984977294,0.11194746174833323,0.2655118813595098,0.12855806432628142,0.023478154844084585,0.18279465808366988,0.14184045043254145,0.20391223650215917,0.23353527957600032,0.1900512064144038,0.18866874107775056,0.11555668642843785,0.15709002709060854,0.052407843222651324,0.10548683294055294,0.16977588915703695,0.12008542517049646,0.03876842429937345,0.12464090265341395,0.09166171898638527,0.09433816152916658,0.031035641761856844,0.1109720525526761,0.10689233828887494,0.09875360023599297,0.06583653824485615,0.1453733911400656,0.11705721924821638,0.12117641457687643,0.17805870562521164,0.09859412917171542,0.15592311999233638,0.07235794356579181,0.0888671875,0.07706804553495648,0.1063556818740519,0.055586911995147294,0.06595232033165252,0.0626980504659161,0.023478154844084585,0.0902303587444944,0.09389738577391694,0.04145504936873266,0.06057836882527665,0.06895665407777238,0.016858082521125067,0.08493848482056458,0.04154696755113799,0.06516679929962059,0.04463435500791578,0.06071988889339771,0.0666427887434485,0.05414420420167622,0.0755559028667371,0.09044149828378788,0.04917843090630536,0.04941058844013093,0.07015634787367894,0.07958235442140366,0.04350911994129973,0.09420158976450534,0.07271948902785728,0.03221176270013797,0.03986002271866904,0.03496584724603156,0.052959948683422846,0.07152278681093967,0.06097066905776549,0.0658944547181146,0.047461339375870576,0.061554431677029,0.06074344351595307,0.0703125,1,1,1.0
7.8125,4.577181816101074,4.0,0.4046480059623718,9.616884231567383,6.25,47.22932052612305,4.764773368835449,0.78125,0.5392760634422302,0.7374812364578247,570298.0,17612461.0,3947272339456.0,30.882905960083008,0.056075967848300934,1.773025631904602,6.155041694641113,1.2329064702498727e-07,0.0,0.05315645784139633,124,920,2639,3818,4095,4095,4095,3801,2760,2232,1708,1367,1183,2008,3130,4095,4095,4095,4095,4095,4095,3211,2877,2351,1703,1401,1146,1161,1191,1115,1017,1098,684,1456,3240,4095,4095,4095,4095,4095,4095,3863,2830,2057,1607,1145,748,537,279,344,377,399,249,313,298,280,47,0,0,0,0,0,0,0,0,0,0,0,0,0,0,0,0,0,7,1021,2920,4095,4095,4095,4095,3663,1804,0,0,0,505,2043,2681,2908,2633,2042,1640,1433,1082,702,268,120,0,858,2046,2926,3242,2952,2351,2064,1640,1244,875,636,1116,2236,3036,3495,3514,3500,3576,3566,3596,3672,3180,2534,2127,1546,858,550,448,216,59,1310,2813,3640,3775,3806,3865,3832,2622,2080,1824,1611,1433,2169,2936,3549,3962,4074,4059,4088,4095,4095,4095,4095,4095,3887,2859,2237,1454,1082,1466,2843,3976,4095,4095,4095,4095,4095,3977,2891,1976,1403,1112,1119,764,1304,2783,4095,4095,4095,4095,4095,4095,3423,2987,2775,2493,2297,1944,1375,331,0,0,0,0,0,0,0,0,0,0,0,0,0,0,0,0,0,0,0,0,18,607,983,926,1082,1735,2312,2365,2408,2407,2205,1548,156,0,0,0,2152,3487,3514,3513,3577,3551,3645,3675,528,408,361,378,327,328,314,254,231,936,2191,3054,3613,3632,3530,2832,2377,2380,2141,1688,1354,927,846,0.0,1.2846474611449903,4.019070227220844,1.3131773880935118,1.9834330568433622,1.1644171872075135,0.9831079472580384,2.2553972571854666,1.387258161484013,0.3500019618388097,0.41388396246678494,1.4369777891902076,1.511891594204741,1.098213895826459,0.8559864167535043,1.5428976694466128,3.097824342263063,0.58967719347528,2.5208390501183455,0.7773830078026612,1.0877227379712657,1.301321473078019,0.7443494929148129,0.12448778109357385,1.9138564641180857,0.468702186689084,0.11735014754531095,0.18125694524678307,0.5048828125,0.5769162299899191,0.24470442712143978,0.7817832652676437,0.2559432263601225,0.28551721588444756,0.3229765477597902,0.3649914591586892,0.25138850858974554,0.1622152327566103,0.24433585943743757,0.6723950170092918,0.22301788408900117,0.18299280388029648,0.28457037952555836,0.4512521911736967,0.0595703125,0.20434205702579009,0.3503124477308168,0.25812488472776635,0.1353869283251826,0.2964796143804226,0.1936575392094916,0.40150853844633555,0.16054877584032873,0.11981510541189404,0.05033798425335888,0.21241974156477386,0.19562962535716008,0.11118240188652974,0.26381651125607763,0.11875578213718954,0.0048828125,0.1664229836803508,0.1511023388603963,0.21123116855090968,0.24704136132255577,0.19730429695194965,0.2007305155380319,0.11241926899342312,0.15958656779199465,0.048808589842186716,0.11316332763180449,0.16365800675881864,0.12192569558604381,0.03538607603904968,0.12298485540180598,0.09728934982993787,0.0980704108330185,0.03539954875076535,0.1077232986963881,0.10613576694682442,0.09187994911202403,0.058267319883501166,0.14883850542047505,0.11946437186466738,0.12599170209415392,0.18547747468553333,0.09095147618652384,0.15102658251277581,0.06640625,0.08140103900068245,0.0719548321085494,0.11624786046838266,0.06366408598830711,0.07387099862920876,0.06783419916723538,0.03155370004180373,0.08044646611960536,0.09232519179530072,0.032754902014157074,0.05313074417474783,0.06420109341364688,0.012352647110032733,0.07724726660376992,0.040465526084180976,0.06825466310549434,0.05033798425335888,0.0667571725027836,0.07232498617689657,0.0556640625,0.07324869762734053,0.0833746489784824,0.041718768287683256,0.04498551877453524,0.061678252635305186,0.08442607322871479,0.053790778726251605,0.1016235168273726,0.0857430773017611,0.04632242666262274,0.05208841934802573,0.03057124187987994,0.04203758447271657,0.055285858807492816,0.04447381850287383,0.05045152872300582,0.04102724909687501,0.05667428956463636,0.07370297759419221,0.0517578125,1,1,1.0
7.8125,4.567581653594971,4.0,0.4112139642238617,9.303062438964844,6.25,42.60065841674805,4.838478088378906,0.78125,0.5316392779350281,0.7411581873893738,575999.0,16774690.0,3827256000512.0,29.12277603149414,0.057146698236465454,1.6400680541992188,5.832610130310059,2.1701403341012337e-07,0.0,0.05246192589402199,4095,3416,2568,1933,1165,893,491,272,124,920,2639,3818,4095,4095,4095,3801,2760,2232,1708,1367,1183,2008,3130,4095,4095,4095,4095,4095,4095,3211,2877,2351,1703,1401,1146,1161,1191,1115,1017,1098,684,1456,3240,4095,4095,4095,4095,4095,4095,3863,2830,2057,1607,1145,748,537,279,344,377,399,249,313,298,280,47,0,0,0,0,0,0,0,0,0,0,0,0,0,0,0,0,0,7,1021,2920,4095,4095,4095,4095,3663,1804,0,0,0,505,2043,2681,2908,2633,2042,1640,1433,1082,702,268,120,0,858,2046,2926,3242,2952,2351,2064,1640,1244,875,636,1116,2236,3036,3495,3514,3500,3576,3566,3596,3672,3180,2534,2127,1546,858,550,448,216,59,1310,2813,3640,3775,3806,3865,3832,2622,2080,1824,1611,1433,2169,2936,3549,3962,4074,4059,4088,4095,4095,4095,4095,4095,3887,2859,2237,1454,1082,1466,2843,3976,4095,4095,4095,4095,4095,3977,2891,1976,1403,1112,1119,764,1304,2783,4095,4095,4095,4095,4095,4095,3423,2987,2775,2493,2297,1944,1375,331,0,0,0,0,0,0,0,0,0,0,0,0,0,0,0,0,0,0,0,0,18,607,983,926,1082,1735,2312,2365,2408,2407,2205,1548,156,0,0,0,2152,3487,3514,3513,3577,3551,3645,3675,528,408,361,378,327,328,314,254,231,936,2191,3054,3613,3632,3530,0.00244140625,1.2564003166492237,4.035249958261194,1.340689433934705,1.9610661316283113,1.1467792190345414,0.9567327539919573,2.209824568400829,1.4256651948700192,0.37923456499328295,0.4917843090630536,1.497176055259332,1.5798357764740742,1.0139338571920034,0.8382672794880828,1.6444489012190993,3.169149947649375,0.5629880695061397,2.6304310518650214,0.6711592299254049,1.0789071162480683,1.3890306569966915,0.7031521262128532,0.2415507159005139,1.9616712436066253,0.4095291429892622,0.2113214460012023,0.2624029070809454,0.3881415194375991,0.5919169187756929,0.13282686043686956,0.6813131600595371,0.32942016755133674,0.1795627326684992,0.22461786668730574,0.4300868172940857,0.1580010524666415,0.08531937679758864,0.15907180968734538,0.5901516748502992,0.14332863792594636,0.15926354194685308,0.2666015625,0.5040916870521455,0.024647323172117114,0.26367910869707,0.390049625076057,0.26814243926841647,0.17412687196841245,0.34132361208463724,0.15102658251277581,0.3616447092824021,0.1806640625,0.09306082133360502,0.08086031853314239,0.2264614537599335,0.2079688380446846,0.09522861478939527,0.27593896262795403,0.13716792842490153,0.03485657870620068,0.19566374666200304,0.12165946486247997,0.22160869251375553,0.2345133055468615,0.16915686267323926,0.2035189988923792,0.14023451101142428,0.1349954166340733,0.07123553212826908,0.12577958194740227,0.13654076025651016,0.12514106420239135,0.033673710253059895,0.11466191227245673,0.11153780281823526,0.09600657408774883,0.030414866215619993,0.12577958194740227,0.12406956573275044,0.10228297634981377,0.06647084404391264,0.13789947740706135,0.11399040556571047,0.12141228895252493,0.17601167622762143,0.09194739156137821,0.1471210123848944,0.06336378202151693,0.08205449819375002,0.0742444445654227,0.11976733859056235,0.06682142732248439,0.07605284168920913,0.0722722230940562,0.032241355506287456,0.07861783032257318,0.09875360023599297,0.035907766232129365,0.05850416328418031,0.07166930910901864,0.007873298582322802,0.08035157199501645,0.034402177644157296,0.05960232234244972,0.04283537538957287,0.062454206856716724,0.06684283186971719,0.06239309705063784,0.08198473383521623,0.09142732295818784,0.04724988438829275,0.05378191333208736,0.06011216170512654,0.07565050940181373,0.049449175395203764,0.09260366868070076,0.07890842548053031,0.043552935783159684,0.05414420420167622,0.040430159266571196,0.05339037864389314,0.06269044470978138,0.05731847887042652,0.058283684810065524,0.04078244730043184,0.056082242247504806,0.06332614389403701,0.0654296875,1,1,1.0
7.8125,4.5256195068359375,4.0,0.41812995076179504,10.016484260559082,6.25,42.01949691772461,4.8436174392700195,0.78125,0.5290520191192627,0.7470000982284546,585115.0,17079794.0,4014186168320.0,29.19049072265625,0.05281813070178032,1.619183897972107,5.799427509307861,0.0,0.0,0.04989491403102875,697,511,732,1754,2664,3385,3961,4095,4095,3416,2568,1933,1165,893,491,272,124,920,2639,3818,4095,4095,4095,3801,2760,2232,1708,1367,1183,2008,3130,4095,4095,4095,4095,4095,4095,3211,2877,2351,1703,1401,1146,1161,1191,1115,1017,1098,684,1456,3240,4095,4095,4095,4095,4095,4095,3863,2830,2057,1607,1145,748,537,279,344,377,399,249,313,298,280,47,0,0,0,0,0,0,0,0,0,0,0,0,0,0,0,0,0,7,1021,2920,4095,4095,4095,4095,3663,1804,0,0,0,505,2043,2681,2908,2633,2042,1640,1433,1082,702,268,120,0,858,2046,2926,3242,2952,2351,2064,1640,1244,875,636,1116,2236,3036,3495,3514,3500,3576,3566,3596,3672,3180,2534,2127,1546,858,550,448,216,59,1310,2813,3640,3775,3806,3865,3832,2622,2080,1824,1611,1433,2169,2936,3549,3962,4074,4059,4088,4095,4095,4095,4095,4095,3887,2859,2237,1454,1082,1466,2843,3976,4095,4095,4095,4095,4095,3977,2891,1976,1403,1112,1119,764,1304,2783,4095,4095,4095,4095,4095,4095,3423,2987,2775,2493,2297,1944,1375,331,0,0,0,0,0,0,0,0,0,0,0,0,0,0,0,0,0,0,0,0,18,607,983,926,1082,1735,2312,2365,2408,2407,2205,1548,156,0,0,0,2152,3487,3514,3513,3577,3551,3645,3675,528,408,361,378,327,328,314,0.0,1.2529506191012676,4.031515068388442,1.337581938613438,1.968925589345467,1.1593392831899398,0.9421373749363482,2.1994034738694808,1.4367049962806877,0.39025861724000166,0.47892799514763473,1.471298927913128,1.5533512065879695,1.040222896751825,0.8373930905556551,1.6133001663539903,3.1315783117260767,0.5385323834187901,2.5997240140129576,0.6686494270351349,1.0313299899434412,1.4245031193236786,0.7468072964295999,0.26678036014497397,2.013689871706679,0.3632825625816341,0.26955955467322057,0.30446362217677814,0.3283705020011278,0.6168265917180357,0.08863078102013025,0.6184131668801233,0.3926534248368818,0.15321764576136865,0.22603361288275695,0.48536728156134906,0.18380400610076866,0.0649248833538854,0.16618787020455195,0.6055396253879998,0.18063238742597362,0.13293451426551275,0.3053034889039332,0.4509837100857361,0.055000499376284075,0.21356374734989295,0.35214930411013723,0.2501239469354472,0.13249977543649896,0.3032647194305159,0.1836872268679919,0.389617842235544,0.18890364096885232,0.09328600182882227,0.07909553410670542,0.23937536971658785,0.22160223729625797,0.08332888273434312,0.2868518322999657,0.14440252396763242,0.035907766232129365,0.19649058762543978,0.12368849333623991,0.21992612465365677,0.2367152046970486,0.1728322508633055,0.20528495894165208,0.13249977543649896,0.144748833264539,0.06071988889339771,0.11824070990363524,0.14985064382277963,0.1169471819736672,0.03965613379735733,0.12941203448833558,0.11533777802416163,0.11107942341254776,0.04664044506351388,0.11472427485376692,0.12540370599603132,0.09141167518622313,0.057691622998991915,0.12433063578470475,0.09999160731382972,0.10828840840335244,0.169452589217975,0.10211033885591377,0.15139553665979658,0.06269044470978138,0.08856081288089558,0.07902315751618715,0.11951225977621044,0.06746060952800993,0.07600894032144549,0.06709915385274173,0.0332174831087792,0.08029814476824888,0.08858234742537943,0.027759121881937295,0.04509139211177811,0.05930557207300381,0.0126953125,0.06358914295351448,0.029133659941750583,0.0634765625,0.05687585851000405,0.0778437319663267,0.07600894032144549,0.08455023758559907,0.10439631261634974,0.11012663747585451,0.06670715374194557,0.07605284168920913,0.07489667769067973,0.06448271101257491,0.029296875,0.08927405144949473,0.06963787689846511,0.03304477405407936,0.041581384484460485,0.026565372087373914,0.04088754182706703,0.05555258848956208,0.04752158226795484,0.05064020375962568,0.036851488797096106,0.05342609127574192,0.062293665757097896,0.064453125,1,1,1.0
8.203125,4.550321102142334,4.0,0.4164878726005554,9.767827987670898,6.25,43.01296615600586,4.8520827293396,0.78125,0.5293217897415161,0.7432776093482971,579298.0,17052737.0,3917980368896.0,29.43689727783203,0.05419032648205757,1.6817675828933716,5.851232051849365,4.855013457927271e-07,0.0,0.05060767009854317,1512,1339,1308,1293,956,699,667,855,697,511,732,1754,2664,3385,3961,4095,4095,3416,2568,1933,1165,893,491,272,124,920,2639,3818,4095,4095,4095,3801,2760,2232,1708,1367,1183,2008,3130,4095,4095,4095,4095,4095,4095,3211,2877,2351,1703,1401,1146,1161,1191,1115,1017,1098,684,1456,3240,4095,4095,4095,4095,4095,4095,3863,2830,2057,1607,1145,748,537,279,344,377,399,249,313,298,280,47,0,0,0,0,0,0,0,0,0,0,0,0,0,0,0,0,0,7,1021,2920,4095,4095,4095,4095,3663,1804,0,0,0,505,2043,2681,2908,2633,2042,1640,1433,1082,702,268,120,0,858,2046,2926,3242,2952,2351,2064,1640,1244,875,636,1116,2236,3036,3495,3514,3500,3576,3566,3596,3672,3180,2534,2127,1546,858,550,448,216,59,1310,2813,3640,3775,3806,3865,3832,2622,2080,1824,1611,1433,2169,2936,3549,3962,4074,4059,4088,4095,4095,4095,4095,4095,3887,2859,2237,1454,1082,1466,2843,3976,4095,4095,4095,4095,4095,3977,2891,1976,1403,1112,1119,764,1304,2783,4095,4095,4095,4095,4095,4095,3423,2987,2775,2493,2297,1944,1375,331,0,0,0,0,0,0,0,0,0,0,0,0,0,0,0,0,0,0,0,0,18,607,983,926,1082,1735,2312,2365,2408,2407,2205,1548,156,0,0,0,2152,3487,3514,3513,3577,3551,3645,0.00244140625,1.2415105546617096,4.049615822926103,1.3665194377835728,1.94149123069164,1.1420626007131807,0.9102845981458667,2.1375498715656147,1.5100274296978653,0.4725482911959444,0.5173247094828392,1.3835133646053095,1.4488623661572877,1.1112873626366662,0.8759199483516802,1.5050551744657188,3.0039743482711034,0.4471088784425209,2.556360099678548,0.5957063268356575,0.9201727199133086,1.5683496458291006,0.7378322305589938,0.4123360972906765,1.975906202800534,0.4887312379635926,0.24850205836220735,0.3560959867881701,0.4450222206997128,0.6436998958903429,0.22979326991758062,0.7719447054257599,0.24433976253500791,0.20090859972110336,0.16436449140600973,0.46841011440651054,0.04102724909687501,0.07805172344800033,0.04404286048351438,0.48963289483459094,0.19101722264158047,0.05414420420167622,0.43481712618932006,0.32483733581404944,0.17798638555345409,0.09485232469990687,0.2409498523756827,0.16248837942975194,0.07389036108604276,0.31852858089682395,0.18322196814742606,0.3263136504188984,0.2875607633648115,0.04883788964863276,0.17094307452776175,0.24104482514057585,0.18410210537926536,0.18084081303235486,0.18380400610076866,0.0400390625,0.07905332248179173,0.08914576870840972,0.22788039379673083,0.16082475286862377,0.2139719527929566,0.2001452871948978,0.10859181793470114,0.21018792236358286,0.04984296935615174,0.15071368507260402,0.18365607319840052,0.11022618015251924,0.19785937098979306,0.043596707588964285,0.07627196949127592,0.039499508625306025,0.1104206780238824,0.09067318391750827,0.04296875,0.11798233055108559,0.05206094896586656,0.06401514303348588,0.06451967444983957,0.06165505514712733,0.10465634010381684,0.10746181785808055,0.09173971791042937,0.09053108347520929,0.03515625,0.033673710253059895,0.018425744398548053,0.10543709739151423,0.013810679320049757,0.03144773864864183,0.03798564519292329,0.06856831906852327,0.10642291192050998,0.04542852870942581,0.03485657870620068,0.04631213164601319,0.09884047600687496,0.05342609127574192,0.096304115836504,0.0341098617120566,0.02458921545315268,0.009959022487485907,0.0352916230460794,0.06204054755573668,0.03712222228271135,0.056640625,0.06358914295351448,0.03149319432929121,0.07639690318596853,0.04789140560640324,0.03179457147675724,0.030524413297046454,0.056649043016692095,0.03625138904935661,0.014938533731228863,0.018657200365764452,0.00834375365753665,0.011759369705851851,0.03813598474563796,0.030649130520459405,0.02489755621871477,0.01019561182510796,0.03847210078826603,0.0363433477850164,0.0908203125,1,1,1.0
8.203125,4.313053607940674,4.0,0.4067324101924896,10.063909530639648,6.25,48.5384407043457,4.713719844818115,0.78125,0.5396457314491272,0.7319223284721375,561733.0,17432725.0,3767155294208.0,31.033824920654297,0.05362188071012497,1.9375613927841187,6.197314739227295,6.814842663516174e-07,0.0,0.034084271639585495,3359,3709,3551,2906,2457,2318,2281,2059,1512,1339,1308,1293,956,699,667,855,697,511,732,1754,2664,3385,3961,4095,4095,3416,2568,1933,1165,893,491,272,124,920,2639,3818,4095,4095,4095,3801,2760,2232,1708,1367,1183,2008,3130,4095,4095,4095,4095,4095,4095,3211,2877,2351,1703,1401,1146,1161,1191,1115,1017,1098,684,1456,3240,4095,4095,4095,4095,4095,4095,3863,2830,2057,1607,1145,748,537,279,344,377,399,249,313,298,280,47,0,0,0,0,0,0,0,0,0,0,0,0,0,0,0,0,0,7,1021,2920,4095,4095,4095,4095,3663,1804,0,0,0,505,2043,2681,2908,2633,2042,1640,1433,1082,702,268,120,0,858,2046,2926,3242,2952,2351,2064,1640,1244,875,636,1116,2236,3036,3495,3514,3500,3576,3566,3596,3672,3180,2534,2127,1546,858,550,448,216,59,1310,2813,3640,3775,3806,3865,3832,2622,2080,1824,1611,1433,2169,2936,3549,3962,4074,4059,4088,4095,4095,4095,4095,4095,3887,2859,2237,1454,1082,1466,2843,3976,4095,4095,4095,4095,4095,3977,2891,1976,1403,1112,1119,764,1304,2783,4095,4095,4095,4095,4095,4095,3423,2987,2775,2493,2297,1944,1375,331,0,0,0,0,0,0,0,0,0,0,0,0,0,0,0,0,0,0,0,0,18,607,983,926,1082,1735,2312,2365,2408,2407,2205,1548,156,0,0,0.00048828125,1.240633394227348,3.9575229953042363,1.2462364760787104,2.068396491419218,1.20424095021483,1.0408841563619518,2.312612169999139,1.3611056831580337,0.4248495845527319,0.6937890668986825,1.5183891966697722,1.468484083412164,1.024809172940203,1.1464910295803465,1.2306132882618253,2.787726758278293,0.4638836345768437,2.437353667732963,0.5316842492204754,0.7891446816733173,1.8355141009457017,0.625076289289268,0.6375524761068998,1.6787930258252715,0.7651022858896287,0.12277142408069062,0.19059237842031895,0.6335271873270472,0.34645954718332217,0.20328691338310992,0.6274830132727106,0.5079110856827922,0.10758598969300165,0.2662453979667565,0.5390456929558368,0.2677865434885315,0.14793874369889393,0.21089454496083648,0.5726787651184372,0.05313074417474783,0.1187477513150578,0.4278659008684573,0.39029527099309097,0.24767365499762548,0.0830078125,0.2603322210088681,0.21103016266217173,0.11117811302114013,0.3492381933205876,0.23047702580480364,0.2642012192264121,0.35254447277704487,0.15425051221963423,0.20919874373399763,0.15343223422895294,0.07015634787367894,0.23023897775450924,0.20751206328474353,0.12546072928325083,0.072265625,0.2007827699358812,0.14031609409546372,0.21417687694786433,0.23959439017171877,0.18995835098742903,0.21767050187771267,0.09285050253128682,0.1580131237518961,0.12671627545557054,0.09980545192955784,0.05353308622525682,0.17500098091940486,0.10157188958999834,0.01760523083722651,0.05504383074625763,0.08516274523680839,0.11942045774296405,0.022140203220223895,0.11725665277343075,0.05852860962410819,0.09715692658678053,0.0283203125,0.0834261059928654,0.1360789998554522,0.11426198576780276,0.05765028180916188,0.10517900013934578,0.06772867532968634,0.056649043016692095,0.0603970550627587,0.10289187813635137,0.05603971381017021,0.06385852626668678,0.07182881073606755,0.013879560940968648,0.12014894143287908,0.05208841934802573,0.058045941803568674,0.023518739411703703,0.07672699365396628,0.08435261747395294,0.0888671875,0.0585367561353348,0.0244140625,0.03250647847088523,0.0166015625,0.06350660346831682,0.017387200990981306,0.03803582440263759,0.05011012347916992,0.0386328914938525,0.08695794187298338,0.05610774383680947,0.035814689103305174,0.02708090746848056,0.0634765625,0.0445488075310822,0.008052940675034493,0.013982247132105814,0.03712222228271135,0.03936649291161401,0.06939780470484323,0.01528562093993997,0.01760523083722651,0.03356023491687418,0.03538607603904968,0.009814331661250869,0.13671875,1,1,1.0
8.203125,4.245023727416992,5.0,0.3837244212627411,11.434745788574219,6.25,43.896114349365234,4.626091003417969,0.78125,0.5667148232460022,0.7260681390762329,552783.0,16109645.0,3368357199872.0,29.14280128479004,0.04956076666712761,2.054849624633789,5.827495098114014,2.2612830719026533e-07,0.0,0.03468318656086922,204,25,0,0,0,345,1726,2904,3359,3709,3551,2906,2457,2318,2281,2059,1512,1339,1308,1293,956,699,667,855,697,511,732,1754,2664,3385,3961,4095,4095,3416,2568,1933,1165,893,491,272,124,920,2639,3818,4095,4095,4095,3801,2760,2232,1708,1367,1183,2008,3130,4095,4095,4095,4095,4095,4095,3211,2877,2351,1703,1401,1146,1161,1191,1115,1017,1098,684,1456,3240,4095,4095,4095,4095,4095,4095,3863,2830,2057,1607,1145,748,537,279,344,377,399,249,313,298,280,47,0,0,0,0,0,0,0,0,0,0,0,0,0,0,0,0,0,7,1021,2920,4095,4095,4095,4095,3663,1804,0,0,0,505,2043,2681,2908,2633,2042,1640,1433,1082,702,268,120,0,858,2046,2926,3242,2952,2351,2064,1640,1244,875,636,1116,2236,3036,3495,3514,3500,3576,3566,3596,3672,3180,2534,2127,1546,858,550,448,216,59,1310,2813,3640,3775,3806,3865,3832,2622,2080,1824,1611,1433,2169,2936,3549,3962,4074,4059,4088,4095,4095,4095,4095,4095,3887,2859,2237,1454,1082,1466,2843,3976,4095,4095,4095,4095,4095,3977,2891,1976,1403,1112,1119,764,1304,2783,4095,4095,4095,4095,4095,4095,3423,2987,2775,2493,2297,1944,1375,331,0,0,0,0,0,0,0,0,0,0,0,0,0,0,0,0,0,0,0,0,18,607,983,926,1082,1735,2312,0.00244140625,1.2567907886947023,4.22762343088313,1.5640501343869948,1.8298024363785172,1.2199611026003698,0.7156717476714021,2.1252858586738634,1.393344235050561,0.22509288989666298,0.4680465506200887,1.7498392303732706,1.794960129488975,0.6945803784736828,1.338758913610652,1.194859237999528,2.8206212094072485,0.7611676692445134,2.2178594386946906,0.7068997255515547,0.745984453913724,2.089578372826461,0.5769311072939962,0.8217075655999875,1.4012079341131287,0.8983913243908374,0.2647997434171142,0.12016084699431269,0.5670499104057007,0.4340861505885813,0.11932059281460558,0.47094720234334075,0.4976340583871793,0.23549941867505547,0.30608964731330396,0.3906799277787871,0.1578561250423274,0.09600657408774883,0.09254185734751667,0.49409140843092375,0.10328043003882152,0.03430501576220761,0.43657695945654335,0.34448718007543927,0.22537446121092178,0.04193537217496853,0.21840531577323802,0.15761730851141575,0.12360365103356828,0.3841479615617794,0.16212114038630573,0.23307950882495448,0.27488803318102595,0.1368337964612687,0.11726071931361036,0.15926054790543898,0.1580131237518961,0.12592734624855367,0.25395319578019226,0.10483843043742133,0.041718768287683256,0.13017252111680963,0.19983055566294786,0.17504457178620653,0.21173172238855706,0.17834769265425796,0.14458402752595115,0.18654644409814963,0.10699489003751826,0.08164085862705807,0.12057680105896525,0.12221085659317785,0.12012115720066371,0.0649248833538854,0.06944588553734776,0.08240243402237886,0.04542852870942581,0.08719341517792857,0.04523919852304871,0.09087804784478001,0.033969779552590014,0.07250935461268192,0.056218117049313496,0.06149242770090299,0.10381001770248681,0.11611652546193225,0.0991535603386587,0.10390643356421755,0.01516032685181643,0.052161602972943914,0.02847144479904932,0.12232005702294967,0.020899350155305366,0.034637007521422264,0.029361906989009586,0.08121924184934276,0.08086031853314239,0.07958235442140366,0.009003461384075085,0.04212823166039647,0.05139725533961237,0.040618426451338716,0.03625138904935661,0.04216217411117754,0.03965613379735733,0.051767024533978793,0.025334222209126653,0.04236525774117942,0.010918300671385692,0.018425744398548053,0.03419363554689765,0.03192926313334339,0.08385368647151585,0.04835710313726542,0.03954776705335271,0.04306850990468739,0.04542852870942581,0.025202124805788945,0.0283203125,0.025202124805788945,0.04688517142249142,0.031204190055996988,0.037186392118476116,0.05094999008103743,0.0369677602163041,0.027500249688142037,0.05546668680141768,0.04606436099637014,0.0810546875,1,1,1.0
8.203125,4.1040802001953125,4.0,0.3692374527454376,13.561877250671387,6.25,57.54634094238281,4.452263355255127,0.78125,0.5874465107917786,0.7405537962913513,575060.0,19286018.0,4150919692288.0,33.53740310668945,0.04331601783633232,2.410033702850342,6.7228617668151855,5.434211303168013e-08,0.0,0.029649533331394196,1517,1208,791,585,365,301,364,496,204,25,0,0,0,345,1726,2904,3359,3709,3551,2906,2457,2318,2281,2059,1512,1339,1308,1293,956,699,667,855,697,511,732,1754,2664,3385,3961,4095,4095,3416,2568,1933,1165,893,491,272,124,920,2639,3818,4095,4095,4095,3801,2760,2232,1708,1367,1183,2008,3130,4095,4095,4095,4095,4095,4095,3211,2877,2351,1703,1401,1146,1161,1191,1115,1017,1098,684,1456,3240,4095,4095,4095,4095,4095,4095,3863,2830,2057,1607,1145,748,537,279,344,377,399,249,313,298,280,47,0,0,0,0,0,0,0,0,0,0,0,0,0,0,0,0,0,7,1021,2920,4095,4095,4095,4095,3663,1804,0,0,0,505,2043,2681,2908,2633,2042,1640,1433,1082,702,268,120,0,858,2046,2926,3242,2952,2351,2064,1640,1244,875,636,1116,2236,3036,3495,3514,3500,3576,3566,3596,3672,3180,2534,2127,1546,858,550,448,216,59,1310,2813,3640,3775,3806,3865,3832,2622,2080,1824,1611,1433,2169,2936,3549,3962,4074,4059,4088,4095,4095,4095,4095,4095,3887,2859,2237,1454,1082,1466,2843,3976,4095,4095,4095,4095,4095,3977,2891,1976,1403,1112,1119,764,1304,2783,4095,4095,4095,4095,4095,4095,3423,2987,2775,2493,2297,1944,1375,331,0,0,0,0,0,0,0,0,0,0,0,0,0,0,0,0,0,0,0,0.001953125,1.2705262026676345,4.177253713327723,1.532806539572541,1.780435208468754,1.143420829724409,0.6932933507297006,2.0209250150772395,1.4881751956348526,0.29432142154815866,0.3800447016072275,1.8536020626578547,1.9525218795351504,0.5332067021400155,1.5000184375901355,1.098260787705953,2.7069567385240427,0.8230591340819934,2.3226364263207597,0.6089092333071804,0.945058236724479,1.9518941434079649,0.3927505645845023,0.6257540921951097,1.5817231808458758,0.7199060845053419,0.07864208759878219,0.11654282309201976,0.6231922709464414,0.30649130520459406,0.21500792732705593,0.4909545957622738,0.6206705823065265,0.28711103581577463,0.42609470973030894,0.3379442470096422,0.25320290202666823,0.20613797931510167,0.09736773787756667,0.41149915017912797,0.17966892312260113,0.04311277354422679,0.4098364173387362,0.37034901628040445,0.17850536759371027,0.0852522842235446,0.2553612905921924,0.18949339133945575,0.14753529271891608,0.4171511059148898,0.15335451947229375,0.20124297135678507,0.2334127381863643,0.1442472399574826,0.06519606144716608,0.21895263006281926,0.21183979473369138,0.13805153943025228,0.19983055566294786,0.0328130812820536,0.07692560778635929,0.1188039556698871,0.19630849561763788,0.16923577361276929,0.2147038784748168,0.1847794573971267,0.17432392862795731,0.1455438556450104,0.09504316453590968,0.13293451426551275,0.15440808887540916,0.11048543456039805,0.15273449988006405,0.029700988917471777,0.08309967343556565,0.08450510801868726,0.04419417382415922,0.07288323498845817,0.05111817315743125,0.0869140625,0.029361906989009586,0.057492914177871196,0.07625946486466656,0.04609540516096073,0.0727719278225052,0.1064453125,0.1336178763393634,0.07453289805895384,0.05064020375962568,0.020132351687586234,0.023478154844084585,0.06779904280355384,0.034402177644157296,0.07352808782844167,0.050413708981016825,0.024724587697601882,0.11323493800096343,0.03866990209613932,0.04498551877453524,0.036461239653504826,0.0933626437712275,0.036604814089826784,0.07144941298375135,0.010381001770248682,0.04509139211177811,0.0534617800514492,0.04154696755113799,0.02681548870653512,0.026654968874914416,0.01188039556698871,0.028721564784868637,0.03564118670096613,0.08157074049906869,0.04501730692037543,0.0567751634912056,0.0656261625641072,0.021506558149946522,0.012732817197661424,0.055000499376284075,0.050753072110102666,0.04037114571991091,0.024433585943743757,0.03152346170228315,0.04014610310760638,0.03554741156875253,0.03066468450802262,0.012079411012551739,0.017469281074217108,0.140625,1,1,1.0
8.203125,4.1311564445495605,3.0,0.37473857402801514,12.355412483215332,6.25,51.83251190185547,4.592446804046631,0.78125,0.5784443020820618,0.73155677318573,561172.0,17669565.0,3668911587328.0,31.486894607543945,0.046817079186439514,2.410865545272827,6.306228160858154,5.011825692236016e-07,0.0,0.029319193214178085,715,1270,1550,1337,907,1000,1343,1725,1517,1208,791,585,365,301,364,496,204,25,0,0,0,345,1726,2904,3359,3709,3551,2906,2457,2318,2281,2059,1512,1339,1308,1293,956,699,667,855,697,511,732,1754,2664,3385,3961,4095,4095,3416,2568,1933,1165,893,491,272,124,920,2639,3818,4095,4095,4095,3801,2760,2232,1708,1367,1183,2008,3130,4095,4095,4095,4095,4095,4095,3211,2877,2351,1703,1401,1146,1161,1191,1115,1017,1098,684,1456,3240,4095,4095,4095,4095,4095,4095,3863,2830,2057,1607,1145,748,537,279,344,377,399,249,313,298,280,47,0,0,0,0,0,0,0,0,0,0,0,0,0,0,0,0,0,7,1021,2920,4095,4095,4095,4095,3663,1804,0,0,0,505,2043,2681,2908,2633,2042,1640,1433,1082,702,268,120,0,858,2046,2926,3242,2952,2351,2064,1640,1244,875,636,1116,2236,3036,3495,3514,3500,3576,3566,3596,3672,3180,2534,2127,1546,858,550,448,216,59,1310,2813,3640,3775,3806,3865,3832,2622,2080,1824,1611,1433,2169,2936,3549,3962,4074,4059,4088,4095,4095,4095,4095,4095,3887,2859,2237,1454,1082,1466,2843,3976,4095,4095,4095,4095,4095,3977,2891,1976,1403,1112,1119,764,1304,2783,4095,4095,4095,4095,4095,4095,3423,2987,2775,2493,2297,1944,1375,331,0,0,0,0,0,0,0,0,0,0,0,0.0009765625,1.3467533348697935,3.9176635014752117,1.3810327143236782,1.6583172834121276,0.9070420585730894,0.6913324521438343,1.7844501325886921,1.6494103042622963,0.4347557101014549,0.4482241026444319,2.0766240486111154,2.100930952169464,0.5240147382687357,1.6331982316694513,0.9182772503555273,2.561237489400742,0.6562507266086007,2.423202642968425,0.5256274515609631,0.8480864808591829,1.9572612452177276,0.5190758107113305,0.7249495126968999,1.495105705989553,0.8072179617101688,0.15722959527354516,0.04848512338791566,0.5660306540232122,0.3648738611771368,0.16624811386529934,0.5236242160568142,0.5952234557031824,0.26518841936652,0.4213615401117567,0.34767819453213483,0.2636139982775775,0.21289286481046524,0.09391261937633834,0.4170973776867274,0.18375211338203237,0.043891025496570764,0.39339835798641337,0.3837940322515379,0.20863041359087045,0.06732617637946556,0.22260913015665273,0.15660664862967832,0.16328171725411614,0.42282900849204197,0.11771528285393877,0.2421756864558281,0.22881590847382777,0.10209632842722755,0.10755496017389347,0.2066462553876132,0.17076445640927126,0.1564238534752138,0.2077348377556899,0.06944588553734776,0.035934315415965035,0.13348934265345222,0.18380400610076866,0.17544455601792872,0.21308092483792432,0.1763121323607032,0.158025194115045,0.1628752849866199,0.11402804755797064,0.09184361343399595,0.11170867661097673,0.08737369685913508,0.15579156380413883,0.0634765625,0.044248088903160905,0.041581384484460485,0.0869140625,0.061554431677029,0.07219300616514149,0.07605284168920913,0.023212625632821705,0.03792282781044453,0.09408002620411203,0.02489755621871477,0.09148467522367476,0.0834261059928654,0.10296600106582891,0.07660882288068432,0.03891573993197515,0.02315091717017519,0.01019561182510796,0.08910296675241533,0.016105881350068987,0.05476591755003888,0.03756910949545184,0.042275118792799535,0.1013415941920143,0.04769185721513586,0.025559086578715626,0.029378142493147116,0.07345022537685066,0.03340357690720131,0.05245331641404603,0.026240290708094537,0.027759121881937295,0.03625138904935661,0.012732817197661424,0.03792282781044453,0.020600608505594715,0.04283537538957287,0.05281569251167953,0.004026470337517247,0.06743233008450027,0.02847144479904932,0.03941491420041126,0.05111817315743125,0.03712222228271135,0.015254393898255184,0.029035290522106457,0.026565372087373914,0.03192926313334339,0.009264485332524549,0.0244140625,0.035814689103305174,0.02638526579317636,0.01680141653719263,0.013601941676937616,0.010563138502335907,0.12890625,1,1,1.0
8.203125,4.138256072998047,5.0,0.3811611831188202,11.895928382873535,6.25,44.85551834106445,4.720790863037109,0.78125,0.5708516836166382,0.7186617851257324,541563.0,15876450.0,3199862308864.0,29.31597900390625,0.04798714816570282,2.260877847671509,5.823444366455078,7.068658760545077e-07,0.0,0.031141582876443863,0,44,280,412,447,474,464,505,715,1270,1550,1337,907,1000,1343,1725,1517,1208,791,585,365,301,364,496,204,25,0,0,0,345,1726,2904,3359,3709,3551,2906,2457,2318,2281,2059,1512,1339,1308,1293,956,699,667,855,697,511,732,1754,2664,3385,3961,4095,4095,3416,2568,1933,1165,893,491,272,124,920,2639,3818,4095,4095,4095,3801,2760,2232,1708,1367,1183,2008,3130,4095,4095,4095,4095,4095,4095,3211,2877,2351,1703,1401,1146,1161,1191,1115,1017,1098,684,1456,3240,4095,4095,4095,4095,4095,4095,3863,2830,2057,1607,1145,748,537,279,344,377,399,249,313,298,280,47,0,0,0,0,0,0,0,0,0,0,0,0,0,0,0,0,0,7,1021,2920,4095,4095,4095,4095,3663,1804,0,0,0,505,2043,2681,2908,2633,2042,1640,1433,1082,702,268,120,0,858,2046,2926,3242,2952,2351,2064,1640,1244,875,636,1116,2236,3036,3495,3514,3500,3576,3566,3596,3672,3180,2534,2127,1546,858,550,448,216,59,1310,2813,3640,3775,3806,3865,3832,2622,2080,1824,1611,1433,2169,2936,3549,3962,4074,4059,4088,4095,4095,4095,4095,4095,3887,2859,2237,1454,1082,1466,2843,3976,4095,4095,4095,4095,4095,3977,2891,1976,1403,1112,1119,764,1304,2783,4095,4095,4095,4095,4095,4095,3423,2987,2775,2493,2297,1944,1375,331,0,0,0,0.00341796875,1.3903630041997181,3.850254169347668,1.3825907556362442,1.5908230101841767,0.8943062711761777,0.6362182897073952,1.7865329500710176,1.60821580342115,0.3919533079716037,0.4955436480069925,2.0537111696831776,2.0421593778698033,0.562345695524038,1.5780056445621542,0.9719304206967602,2.6093159743160275,0.699723216240324,2.3934389395335303,0.54019532521106,0.8836163936988601,1.9389487971705999,0.4883456988716552,0.6895527105840626,1.5271014633594362,0.8009533208801896,0.15340736979023215,0.07696898630952356,0.5910623858422388,0.35366666317675194,0.1613457399962621,0.5046031775170009,0.5757248000652363,0.2477179321106168,0.393598303259317,0.36906440391986145,0.261401539342269,0.20964274581196946,0.11543695778711656,0.39648918562352525,0.18968705354791984,0.05597160109729336,0.3945820086469371,0.3923023071034523,0.1891130364082571,0.09006638515756898,0.2391940284876697,0.16953136250716314,0.18239772073091273,0.4412938878005861,0.1012662822676749,0.2524843751208692,0.22415247346362985,0.09119232445256838,0.11728918114711244,0.2011078667891255,0.16597253576840515,0.1522466888318229,0.2103239956983128,0.06528376919280574,0.04033569614856129,0.1371644520787456,0.17585989993952084,0.18640836191699697,0.2240162855767707,0.1849419621338277,0.1495799222396075,0.17388572167277036,0.12730570031623806,0.07979178990552928,0.09618520958784169,0.06864477254214833,0.17830490931557424,0.05651420428214956,0.06392569472286383,0.06149242770090299,0.07235794356579181,0.05267104125063203,0.06332614389403701,0.07958235442140366,0.022798081113142094,0.03485657870620068,0.09880670006153824,0.014906579611790769,0.07670834721349798,0.06944588553734776,0.10619864625229604,0.06894973870353067,0.04696646350160566,0.029361906989009586,0.015625,0.09750965559661419,0.009618025197066508,0.056345202096686156,0.0369677602163041,0.0386328914938525,0.10601439439457104,0.04306850990468739,0.025202124805788945,0.03527810911755555,0.06755949436104679,0.03625138904935661,0.049890780368925004,0.03460946317708857,0.016016815885602272,0.022269051271467537,0.020320949264340638,0.025334222209126653,0.03232997140087275,0.03485657870620068,0.03527810911755555,0.0205078125,0.07399354195122897,0.03126525506559008,0.05258950006967289,0.06561162903219073,0.024472586105745445,0.0166015625,0.032241355506287456,0.023294649300540163,0.021683206358568866,0.007437278423695223,0.029361906989009586,0.03656571333368956,0.02751758360079174,0.0146484375,0.010517900013934578,0.01313830473347042,0.1318359375,1,1,1.0
