spectral_rolloff,spectral_bandwidth,peak_count,mid_ratio,low_to_high_ratio,second_peak_freq,kurtosis,centroid,peak_freq,low_ratio,rms,avg_energy,peak_energy,energy_variance,peak_to_avg_e,high_ratio,peak1_to_peak2_ratio,skewness,dc_ratio,delta_peak_freq,spectral_flatness,adc_0,adc_1,adc_2,adc_3,adc_4,adc_5,adc_6,adc_7,adc_8,adc_9,adc_10,adc_11,adc_12,adc_13,adc_14,adc_15,adc_16,adc_17,adc_18,adc_19,adc_20,adc_21,adc_22,adc_23,adc_24,adc_25,adc_26,adc_27,adc_28,adc_29,adc_30,adc_31,adc_32,adc_33,adc_34,adc_35,adc_36,adc_37,adc_38,adc_39,adc_40,adc_41,adc_42,adc_43,adc_44,adc_45,adc_46,adc_47,adc_48,adc_49,adc_50,adc_51,adc_52,adc_53,adc_54,adc_55,adc_56,adc_57,adc_58,adc_59,adc_60,adc_61,adc_62,adc_63,adc_64,adc_65,adc_66,adc_67,adc_68,adc_69,adc_70,adc_71,adc_72,adc_73,adc_74,adc_75,adc_76,adc_77,adc_78,adc_79,adc_80,adc_81,adc_82,adc_83,adc_84,adc_85,adc_86,adc_87,adc_88,adc_89,adc_90,adc_91,adc_92,adc_93,adc_94,adc_95,adc_96,adc_97,adc_98,adc_99,adc_100,adc_101,adc_102,adc_103,adc_104,adc_105,adc_106,adc_107,adc_108,adc_109,adc_110,adc_111,adc_112,adc_113,adc_114,adc_115,adc_116,adc_117,adc_118,adc_119,adc_120,adc_121,adc_122,adc_123,adc_124,adc_125,adc_126,adc_127,adc_128,adc_129,adc_130,adc_131,adc_132,adc_133,adc_134,adc_135,adc_136,adc_137,adc_138,adc_139,adc_140,adc_141,adc_142,adc_143,adc_144,adc_145,adc_146,adc_147,adc_148,adc_149,adc_150,adc_151,adc_152,adc_153,adc_154,adc_155,adc_156,adc_157,adc_158,adc_159,adc_160,adc_161,adc_162,adc_163,adc_164,adc_165,adc_166,adc_167,adc_168,adc_169,adc_170,adc_171,adc_172,adc_173,adc_174,adc_175,adc_176,adc_177,adc_178,adc_179,adc_180,adc_181,adc_182,adc_183,adc_184,adc_185,adc_186,adc_187,adc_188,adc_189,adc_190,adc_191,adc_192,adc_193,adc_194,adc_195,adc_196,adc_197,adc_198,adc_199,adc_200,adc_201,adc_202,adc_203,adc_204,adc_205,adc_206,adc_207,adc_208,adc_209,adc_210,adc_211,adc_212,adc_213,adc_214,adc_215,adc_216,adc_217,adc_218,adc_219,adc_220,adc_221,adc_222,adc_223,adc_224,adc_225,adc_226,adc_227,adc_228,adc_229,adc_230,adc_231,adc_232,adc_233,adc_234,adc_235,adc_236,adc_237,adc_238,adc_239,adc_240,adc_241,adc_242,adc_243,adc_244,adc_245,adc_246,adc_247,adc_248,adc_249,adc_250,adc_251,adc_252,adc_253,adc_254,adc_255,fft_0,fft_1,fft_2,fft_3,fft_4,fft_5,fft_6,fft_7,fft_8,fft_9,fft_10,fft_11,fft_12,fft_13,fft_14,fft_15,fft_16,fft_17,fft_18,fft_19,fft_20,fft_21,fft_22,fft_23,fft_24,fft_25,fft_26,fft_27,fft_28,fft_29,fft_30,fft_31,fft_32,fft_33,fft_34,fft_35,fft_36,fft_37,fft_38,fft_39,fft_40,fft_41,fft_42,fft_43,fft_44,fft_45,fft_46,fft_47,fft_48,fft_49,fft_50,fft_51,fft_52,fft_53,fft_54,fft_55,fft_56,fft_57,fft_58,fft_59,fft_60,fft_61,fft_62,fft_63,fft_64,fft_65,fft_66,fft_67,fft_68,fft_69,fft_70,fft_71,fft_72,fft_73,fft_74,fft_75,fft_76,fft_77,fft_78,fft_79,fft_80,fft_81,fft_82,fft_83,fft_84,fft_85,fft_86,fft_87,fft_88,fft_89,fft_90,fft_91,fft_92,fft_93,fft_94,fft_95,fft_96,fft_97,fft_98,fft_99,fft_100,fft_101,fft_102,fft_103,fft_104,fft_105,fft_106,fft_107,fft_108,fft_109,fft_110,fft_111,fft_112,fft_113,fft_114,fft_115,fft_116,fft_117,fft_118,fft_119,fft_120,fft_121,fft_122,fft_123,fft_124,fft_125,fft_126,fft_127,fft_128,stride,interval,label
25.0,10.623475074768066,4.0,0.1789407581090927,1.8817580938339233,0.390625,32.92749786376953,8.827779769897461,2.34375,0.5361431241035461,0.026904253289103508,759.0,16081.0,4524846.5,21.187088012695312,0.28491607308387756,1.2028573751449585,5.222023963928223,0.00025724663282744586,0.0,0.15873615443706512,844,840,813,860,859,889,863,859,844,856,811,828,862,842,764,813,841,828,799,810,808,830,793,844,855,829,794,863,888,875,842,809,847,841,812,840,906,855,872,904,924,906,845,918,952,955,943,904,876,893,826,822,841,791,809,813,831,841,823,840,911,893,890,860,827,828,780,799,828,812,749,841,907,904,860,843,888,843,795,791,888,903,831,856,858,829,765,843,909,943,925,941,904,923,905,876,856,857,812,864,908,935,889,921,902,859,794,815,809,827,809,829,887,893,856,921,958,942,924,889,939,941,909,921,906,815,860,922,951,920,846,875,892,888,905,911,903,909,872,905,920,856,878,845,846,796,780,782,876,903,872,891,922,926,872,874,877,842,796,864,926,936,906,889,954,954,906,874,905,858,811,859,891,857,807,940,953,907,858,876,830,905,888,825,797,847,751,766,779,761,713,796,829,807,763,763,760,794,815,870,919,908,795,823,847,843,843,846,877,856,830,846,846,762,763,762,782,796,720,797,828,807,795,796,798,824,795,824,873,798,796,814,812,750,713,714,793,765,746,749,763,794,764,825,894,879,857,925,926,878,856,826,895,907,903,861,0.00146484375,0.12755267083793512,0.07475648128517437,0.0146484375,0.029442994983752607,0.04005097002814429,0.10938371896051446,0.01953125,0.012506102026236032,0.0224609375,0.05160095630321448,0.05729351618700246,0.05168405711874704,0.019749754312653012,0.051164792568084906,0.03625138904935661,0.03340357690720131,0.05442529216051865,0.03168941550700772,0.030289184412638327,0.03389952140177692,0.03614600688148779,0.03803582440263759,0.0166875073150733,0.024492062898407135,0.022545696055889054,0.0352916230460794,0.014517645261053229,0.03975221179110863,0.005524271728019903,0.026294750034836445,0.010054326309557618,0.018657200365764452,0.0316291694154329,0.010918300671385692,0.015440808887540914,0.007873298582322802,0.024492062898407135,0.01179984958358845,0.030649130520459405,0.011134525635733769,0.00966747552403483,0.011134525635733769,0.01800692276815017,0.0027621358640099515,0.0126953125,0.025633603024231812,0.04148954255126563,0.0068359375,0.02132844694125152,0.013810679320049757,0.010054326309557618,0.0065509804028314154,0.013601941676937616,0.0065509804028314154,0.007873298582322802,0.011134525635733769,0.0065509804028314154,0.014517645261053229,0.010517900013934578,0.004979511243742954,0.015655487833868553,0.003521046167445302,0.0041432037960149265,0.08680426702602691,0.003088161777508183,0.005694288959809864,0.009959022487485907,0.01019561182510796,0.01313830473347042,0.016164985700436375,0.011388577919619728,0.007873298582322802,0.0027621358640099515,0.007042092334890604,0.0126953125,0.010918300671385692,0.007437278423695223,0.014874556847390447,0.02485922277608956,0.0027621358640099515,0.013028968812623373,0.012732817197661424,0.013810679320049757,0.010563138502335907,0.009814331661250869,0.011134525635733769,0.007437278423695223,0.0048828125,0.0068359375,0.013282686043686957,0.0013810679320049757,0.0021836601342771385,0.02708090746848056,0.0021836601342771385,0.0021836601342771385,0.020132351687586234,0.003521046167445302,0.005258950006967289,0.0065509804028314154,0.0041432037960149265,0.004026470337517247,0.0065509804028314154,0.003088161777508183,0.0013810679320049757,0.0048828125,0.0021836601342771385,0.0027621358640099515,0.0029296875,0.006905339660024878,0.0048828125,0.006176323555016366,0.005940197783494355,0.006253051013118016,0.007873298582322802,0.010054326309557618,0.019186408891004394,0.010517900013934578,0.0021836601342771385,0.011430371006562134,0.0021836601342771385,0.0009765625,0.010918300671385692,0.0029296875,0.0009765625,0.019236050394133015,0.007873298582322802,0.003088161777508183,0.0166015625,1,1,0.0
25.0,10.842366218566895,4.0,0.17699852585792542,1.7475272417068481,2.34375,39.42173385620117,9.127431869506836,0.390625,0.5234588980674744,0.026240291073918343,722.0,17060.0,4322933.5,23.628808975219727,0.2995426058769226,1.3597959280014038,5.701387405395508,9.731728641781956e-05,0.0,0.17735372483730316,878,861,825,828,830,826,749,794,844,840,813,860,859,889,863,859,844,856,811,828,862,842,764,813,841,828,799,810,808,830,793,844,855,829,794,863,888,875,842,809,847,841,812,840,906,855,872,904,924,906,845,918,952,955,943,904,876,893,826,822,841,791,809,813,831,841,823,840,911,893,890,860,827,828,780,799,828,812,749,841,907,904,860,843,888,843,795,791,888,903,831,856,858,829,765,843,909,943,925,941,904,923,905,876,856,857,812,864,908,935,889,921,902,859,794,815,809,827,809,829,887,893,856,921,958,942,924,889,939,941,909,921,906,815,860,922,951,920,846,875,892,888,905,911,903,909,872,905,920,856,878,845,846,796,780,782,876,903,872,891,922,926,872,874,877,842,796,864,926,936,906,889,954,954,906,874,905,858,811,859,891,857,807,940,953,907,858,876,830,905,888,825,797,847,751,766,779,761,713,796,829,807,763,763,760,794,815,870,919,908,795,823,847,843,843,846,877,856,830,846,846,762,763,762,782,796,720,797,828,807,795,796,798,824,795,824,873,798,796,814,812,750,713,714,793,765,746,749,763,794,764,825,894,879,857,925,0.001953125,0.14077750519610113,0.0712957509704843,0.016016815885602272,0.029133659941750583,0.028721564784868637,0.09652173018016542,0.02376079113397742,0.015655487833868553,0.03234471711265468,0.040794137840244965,0.04676296833520656,0.0544515697634791,0.027203883353875233,0.056640625,0.03521046167445302,0.033260520245950005,0.055492471270216295,0.03648738611771368,0.03192926313334339,0.0318844291353799,0.037390995545071574,0.039764205217777994,0.01760523083722651,0.022777155839239456,0.019555648822754675,0.03917220921900699,0.010517900013934578,0.03773374821555011,0.0009765625,0.025465634395322848,0.013810679320049757,0.01516032685181643,0.02681548870653512,0.004367320268554277,0.023619895746968406,0.012352647110032733,0.01589728573837862,0.0192608231673008,0.025465634395322848,0.0185803687406645,0.007042092334890604,0.011920464468489943,0.009212872199274027,0.011759369705851851,0.01878455474772592,0.03149319432929121,0.0363433477850164,0.007437278423695223,0.014680953494504793,0.013282686043686957,0.009212872199274027,0.013028968812623373,0.009765625,0.005940197783494355,0.003521046167445302,0.012506102026236032,0.008052940675034493,0.011759369705851851,0.00834375365753665,0.004979511243742954,0.015191747252054731,0.003088161777508183,0.004026470337517247,0.08839913658307309,0.0009765625,0.005258950006967289,0.009765625,0.007437278423695223,0.010786485368346935,0.018961413905222265,0.007627196949127592,0.004979511243742954,0.007437278423695223,0.005859375,0.00834375365753665,0.015440808887540914,0.010563138502335907,0.010054326309557618,0.024119314521930602,0.005940197783494355,0.01313830473347042,0.010563138502335907,0.01179984958358845,0.013706707859002147,0.005524271728019903,0.008052940675034493,0.005524271728019903,0.0065509804028314154,0.004979511243742954,0.01242961138804478,0.0013810679320049757,0.0029296875,0.02751758360079174,0.0027621358640099515,0.0027621358640099515,0.018528970665049098,0.0029296875,0.007109482313750506,0.009212872199274027,0.003521046167445302,0.004367320268554277,0.003088161777508183,0.0021836601342771385,0.004026470337517247,0.0048828125,0.005694288959809864,0.003088161777508183,0.003521046167445302,0.006176323555016366,0.0041432037960149265,0.005940197783494355,0.0027621358640099515,0.008843149548962322,0.0027621358640099515,0.007437278423695223,0.017953883116064683,0.010381001770248682,0.004979511243742954,0.007627196949127592,0.003088161777508183,0.00390625,0.009264485332524549,0.0013810679320049757,0.0021836601342771385,0.021484375,0.0048828125,0.0013810679320049757,0.01953125,1,1,0.0
25.0,10.839656829833984,4.0,0.19354628026485443,1.741984486579895,2.34375,56.33549880981445,8.985422134399414,0.390625,0.5123405456542969,0.026131032034754753,716.0,20781.0,4891163.5,29.02374267578125,0.2941131591796875,2.127239227294922,6.766032695770264,0.00017442494572605938,0.0,0.17149561643600464,942,910,878,887,971,935,888,842,878,861,825,828,830,826,749,794,844,840,813,860,859,889,863,859,844,856,811,828,862,842,764,813,841,828,799,810,808,830,793,844,855,829,794,863,888,875,842,809,847,841,812,840,906,855,872,904,924,906,845,918,952,955,943,904,876,893,826,822,841,791,809,813,831,841,823,840,911,893,890,860,827,828,780,799,828,812,749,841,907,904,860,843,888,843,795,791,888,903,831,856,858,829,765,843,909,943,925,941,904,923,905,876,856,857,812,864,908,935,889,921,902,859,794,815,809,827,809,829,887,893,856,921,958,942,924,889,939,941,909,921,906,815,860,922,951,920,846,875,892,888,905,911,903,909,872,905,920,856,878,845,846,796,780,782,876,903,872,891,922,926,872,874,877,842,796,864,926,936,906,889,954,954,906,874,905,858,811,859,891,857,807,940,953,907,858,876,830,905,888,825,797,847,751,766,779,761,713,796,829,807,763,763,760,794,815,870,919,908,795,823,847,843,843,846,877,856,830,846,846,762,763,762,782,796,720,797,828,807,795,796,798,824,795,824,873,798,796,814,812,750,713,714,793,765,746,749,0.00244140625,0.11722411537349155,0.06936344084796782,0.009765625,0.04979511243742954,0.029877067462457725,0.09171372563963981,0.04559616222628419,0.02039122365021592,0.04263453115809194,0.0318844291353799,0.03032065370363286,0.06561162903219073,0.04728015014418049,0.0653421756184379,0.029133659941750583,0.025334222209126653,0.07120875185208649,0.028721564784868637,0.01708286687942959,0.04501730692037543,0.029296875,0.0352916230460794,0.023478154844084585,0.033673710253059895,0.015776850020901866,0.04712862700005334,0.0009765625,0.03527810911755555,0.009264485332524549,0.02157297073669387,0.013879560940968648,0.020531050821902968,0.023047702580480365,0.00834375365753665,0.017304731588544287,0.0065509804028314154,0.02209708691207961,0.011920464468489943,0.03144773864864183,0.014517645261053229,0.0009765625,0.006176323555016366,0.006253051013118016,0.017304731588544287,0.022651198251451565,0.03527810911755555,0.03126525506559008,0.011759369705851851,0.011759369705851851,0.008734640537108554,0.007627196949127592,0.016105881350068987,0.015440808887540914,0.0009765625,0.009003461384075085,0.01441877251975918,0.0065509804028314154,0.017469281074217108,0.010054326309557618,0.0013810679320049757,0.0185803687406645,0.004979511243742954,0.008052940675034493,0.09166171898638527,0.0041432037960149265,0.008286407592029853,0.0065509804028314154,0.007873298582322802,0.011430371006562134,0.01760523083722651,0.010054326309557618,0.007109482313750506,0.0048828125,0.0029296875,0.007873298582322802,0.01760523083722651,0.011048543456039806,0.006905339660024878,0.02638526579317636,0.01019561182510796,0.014874556847390447,0.00834375365753665,0.0078125,0.013566839833447074,0.005524271728019903,0.0065509804028314154,0.006176323555016366,0.0078125,0.008734640537108554,0.015746597164645604,0.0027621358640099515,0.001953125,0.0302734375,0.00390625,0.00390625,0.016858082521125067,0.006176323555016366,0.004026470337517247,0.006176323555016366,0.003521046167445302,0.0027621358640099515,0.007109482313750506,0.003088161777508183,0.003521046167445302,0.006905339660024878,0.004367320268554277,0.004979511243742954,0.006176323555016366,0.00390625,0.005258950006967289,0.008052940675034493,0.004979511243742954,0.01179984958358845,0.0013810679320049757,0.006905339660024878,0.019628663322501738,0.008843149548962322,0.0041432037960149265,0.006905339660024878,0.001953125,0.0029296875,0.010563138502335907,0.0009765625,0.001953125,0.020320949264340638,0.005694288959809864,0.0021836601342771385,0.01953125,1,1,0.0
25.0,10.88537883758545,7.0,0.22802552580833435,1.4870073795318604,2.34375,29.670854568481445,9.628686904907227,0.390625,0.46157151460647583,0.026330994442105293,727.0,14409.0,3436179.0,19.819807052612305,0.3104029595851898,1.6336734294891357,4.785343647003174,0.0002685053914319724,0.0,0.17355963587760925,858,856,809,816,878,855,829,922,942,910,878,887,971,935,888,842,878,861,825,828,830,826,749,794,844,840,813,860,859,889,863,859,844,856,811,828,862,842,764,813,841,828,799,810,808,830,793,844,855,829,794,863,888,875,842,809,847,841,812,840,906,855,872,904,924,906,845,918,952,955,943,904,876,893,826,822,841,791,809,813,831,841,823,840,911,893,890,860,827,828,780,799,828,812,749,841,907,904,860,843,888,843,795,791,888,903,831,856,858,829,765,843,909,943,925,941,904,923,905,876,856,857,812,864,908,935,889,921,902,859,794,815,809,827,809,829,887,893,856,921,958,942,924,889,939,941,909,921,906,815,860,922,951,920,846,875,892,888,905,911,903,909,872,905,920,856,878,845,846,796,780,782,876,903,872,891,922,926,872,874,877,842,796,864,926,936,906,889,954,954,906,874,905,858,811,859,891,857,807,940,953,907,858,876,830,905,888,825,797,847,751,766,779,761,713,796,829,807,763,763,760,794,815,870,919,908,795,823,847,843,843,846,877,856,830,846,846,762,763,762,782,796,720,797,828,807,795,796,798,824,795,824,873,798,796,814,0.0009765625,0.09634371864103042,0.06686422956493629,0.02681548870653512,0.06917068776158118,0.029442994983752607,0.07525236269261126,0.05996125559769044,0.03768316676088816,0.058675073772655476,0.01516032685181643,0.023640075072090243,0.05146215674318515,0.04334441605697685,0.04999580365691486,0.023212625632821705,0.023518739411703703,0.06078268093591967,0.03102027377786834,0.029361906989009586,0.03477440198196261,0.03434669022474409,0.04018171994422067,0.016716057391234072,0.026672852116694654,0.020716018980074635,0.04037114571991091,0.007042092334890604,0.032359456105040804,0.007437278423695223,0.02489755621871477,0.016016815885602272,0.01792730444402912,0.022140203220223895,0.006905339660024878,0.018657200365764452,0.007437278423695223,0.021836601342771385,0.013282686043686957,0.031035641761856844,0.016105881350068987,0.0013810679320049757,0.009003461384075085,0.004979511243742954,0.016016815885602272,0.022798081113142094,0.035507146411519225,0.03155370004180373,0.0087890625,0.013879560940968648,0.009003461384075085,0.008052940675034493,0.014874556847390447,0.012732817197661424,0.0021836601342771385,0.005258950006967289,0.0146484375,0.0065509804028314154,0.015746597164645604,0.009264485332524549,0.0021836601342771385,0.0170549308560283,0.003521046167445302,0.0065509804028314154,0.09001872397731434,0.0013810679320049757,0.0065509804028314154,0.00834375365753665,0.007437278423695223,0.010918300671385692,0.018961413905222265,0.00834375365753665,0.005940197783494355,0.007873298582322802,0.0041432037960149265,0.007873298582322802,0.015776850020901866,0.0107421875,0.009003461384075085,0.025465634395322848,0.008052940675034493,0.013028968812623373,0.009765625,0.009212872199274027,0.013982247132105814,0.004979511243742954,0.005940197783494355,0.0048828125,0.0078125,0.007627196949127592,0.015746597164645604,0.0029296875,0.0021836601342771385,0.030336376107439583,0.003521046167445302,0.004367320268554277,0.017820593350483065,0.005258950006967289,0.004367320268554277,0.0065509804028314154,0.004026470337517247,0.003521046167445302,0.005258950006967289,0.003521046167445302,0.003088161777508183,0.0048828125,0.004026470337517247,0.0021836601342771385,0.004367320268554277,0.004367320268554277,0.0021836601342771385,0.007873298582322802,0.005694288959809864,0.010381001770248682,0.001953125,0.0048828125,0.01792730444402912,0.010381001770248682,0.007109482313750506,0.0041432037960149265,0.003521046167445302,0.004367320268554277,0.011759369705851851,0.0009765625,0.0,0.017953883116064683,0.005859375,0.003088161777508183,0.021484375,1,1,0.0
25.0,11.111417770385742,7.0,0.20459111034870148,1.4422017335891724,25.0,19.971805572509766,9.970120429992676,0.390625,0.46971553564071655,0.025031261146068573,657.0,9733.0,2193035.75,14.81430721282959,0.32569336891174316,1.1454631090164185,3.896327495574951,4.755168265546672e-05,0.0,0.1889916956424713,892,826,808,812,905,888,877,872,858,856,809,816,878,855,829,922,942,910,878,887,971,935,888,842,878,861,825,828,830,826,749,794,844,840,813,860,859,889,863,859,844,856,811,828,862,842,764,813,841,828,799,810,808,830,793,844,855,829,794,863,888,875,842,809,847,841,812,840,906,855,872,904,924,906,845,918,952,955,943,904,876,893,826,822,841,791,809,813,831,841,823,840,911,893,890,860,827,828,780,799,828,812,749,841,907,904,860,843,888,843,795,791,888,903,831,856,858,829,765,843,909,943,925,941,904,923,905,876,856,857,812,864,908,935,889,921,902,859,794,815,809,827,809,829,887,893,856,921,958,942,924,889,939,941,909,921,906,815,860,922,951,920,846,875,892,888,905,911,903,909,872,905,920,856,878,845,846,796,780,782,876,903,872,891,922,926,872,874,877,842,796,864,926,936,906,889,954,954,906,874,905,858,811,859,891,857,807,940,953,907,858,876,830,905,888,825,797,847,751,766,779,761,713,796,829,807,763,763,760,794,815,870,919,908,795,823,847,843,843,846,877,856,830,846,846,762,763,762,782,796,720,797,828,807,795,796,0.0029296875,0.08527465428014151,0.06366408598830711,0.03554741156875253,0.075442218421203,0.025559086578715626,0.0667500292602932,0.055860740804980824,0.036604814089826784,0.053790778726251605,0.021945512748285382,0.030835260554388563,0.053790778726251605,0.04088754182706703,0.056623785212204,0.025559086578715626,0.023518739411703703,0.0643198195315434,0.029002426572104487,0.02627660946694084,0.03564118670096613,0.03452669830012439,0.03876842429937345,0.01760523083722651,0.02756951994822872,0.020132351687586234,0.04336641271713773,0.004367320268554277,0.03314563036811941,0.008843149548962322,0.020132351687586234,0.012079411012551739,0.02132844694125152,0.02763861659782208,0.010517900013934578,0.02108108705558877,0.013982247132105814,0.015440808887540914,0.021506558149946522,0.022482157096135425,0.018961413905222265,0.007873298582322802,0.0078125,0.012732817197661424,0.015254393898255184,0.020600608505594715,0.03538607603904968,0.0324624416769427,0.017304731588544287,0.014680953494504793,0.005258950006967289,0.0027621358640099515,0.01188039556698871,0.01708286687942959,0.007109482313750506,0.007627196949127592,0.009765625,0.00966747552403483,0.010517900013934578,0.010381001770248682,0.005940197783494355,0.01727715430952552,0.0013810679320049757,0.007109482313750506,0.09148467522367476,0.001953125,0.006905339660024878,0.008052940675034493,0.007109482313750506,0.010918300671385692,0.019773883526676354,0.006905339660024878,0.004026470337517247,0.0068359375,0.006905339660024878,0.010517900013934578,0.014218964627501012,0.007873298582322802,0.0065509804028314154,0.028117539157984314,0.0126953125,0.016630260122975003,0.005940197783494355,0.006176323555016366,0.011388577919619728,0.008400708268596315,0.009212872199274027,0.007109482313750506,0.004367320268554277,0.0048828125,0.0126953125,0.0021836601342771385,0.001953125,0.02756951994822872,0.001953125,0.004026470337517247,0.014938533731228863,0.007042092334890604,0.004026470337517247,0.0048828125,0.0048828125,0.0041432037960149265,0.006253051013118016,0.004979511243742954,0.004026470337517247,0.004979511243742954,0.005694288959809864,0.0013810679320049757,0.003088161777508183,0.005694288959809864,0.0009765625,0.009264485332524549,0.007437278423695223,0.01179984958358845,0.0027621358640099515,0.007109482313750506,0.020132351687586234,0.009003461384075085,0.005940197783494355,0.0065509804028314154,0.001953125,0.003088161777508183,0.01019561182510796,0.0013810679320049757,0.001953125,0.02108108705558877,0.004979511243742954,0.0009765625,0.01953125,1,1,0.0
25.0,11.113887786865234,6.0,0.21702337265014648,1.3006048202514648,0.390625,17.508501052856445,10.304551124572754,25.0,0.4426414966583252,0.024878397583961487,649.0,8776.0,1927798.125,13.52234172821045,0.3403351306915283,1.1509507894515991,3.6297988891601562,0.0004333485849201679,24.609375,0.20172275602817535,847,859,793,796,828,763,811,862,892,826,808,812,905,888,877,872,858,856,809,816,878,855,829,922,942,910,878,887,971,935,888,842,878,861,825,828,830,826,749,794,844,840,813,860,859,889,863,859,844,856,811,828,862,842,764,813,841,828,799,810,808,830,793,844,855,829,794,863,888,875,842,809,847,841,812,840,906,855,872,904,924,906,845,918,952,955,943,904,876,893,826,822,841,791,809,813,831,841,823,840,911,893,890,860,827,828,780,799,828,812,749,841,907,904,860,843,888,843,795,791,888,903,831,856,858,829,765,843,909,943,925,941,904,923,905,876,856,857,812,864,908,935,889,921,902,859,794,815,809,827,809,829,887,893,856,921,958,942,924,889,939,941,909,921,906,815,860,922,951,920,846,875,892,888,905,911,903,909,872,905,920,856,878,845,846,796,780,782,876,903,872,891,922,926,872,874,877,842,796,864,926,936,906,889,954,954,906,874,905,858,811,859,891,857,807,940,953,907,858,876,830,905,888,825,797,847,751,766,779,761,713,796,829,807,763,763,760,794,815,870,919,908,795,823,847,843,843,846,877,856,830,846,846,762,763,762,0.00341796875,0.0777824521552339,0.05880495788017421,0.037057941330098196,0.07352160244030746,0.01589728573837862,0.07305966841510972,0.04841623146968961,0.028721564784868637,0.05198762364924283,0.018528970665049098,0.021836601342771385,0.050413708981016825,0.04209426184033654,0.04805044765680681,0.0285216442705278,0.0322265625,0.05899924791794225,0.035507146411519225,0.020600608505594715,0.04496431419227085,0.032754902014157074,0.03126525506559008,0.025781989809461104,0.0242573092741684,0.020762003540497363,0.03549371454177001,0.011388577919619728,0.02777629424478104,0.01284467425582608,0.025409398107925172,0.01800692276815017,0.02708090746848056,0.03066468450802262,0.016016815885602272,0.020132351687586234,0.019384212149686726,0.011759369705851851,0.026672852116694654,0.018961413905222265,0.01878455474772592,0.01179984958358845,0.006905339660024878,0.0146484375,0.018657200365764452,0.022482157096135425,0.03669588716417175,0.030336376107439583,0.015440808887540914,0.0146484375,0.004979511243742954,0.003088161777508183,0.013282686043686957,0.017578125,0.007627196949127592,0.008400708268596315,0.010054326309557618,0.010381001770248682,0.011134525635733769,0.012352647110032733,0.006253051013118016,0.020531050821902968,0.003521046167445302,0.008286407592029853,0.09047839704609742,0.003521046167445302,0.004979511243742954,0.011920464468489943,0.005940197783494355,0.007873298582322802,0.02376079113397742,0.007437278423695223,0.006253051013118016,0.0029296875,0.003521046167445302,0.008400708268596315,0.017469281074217108,0.011388577919619728,0.008734640537108554,0.025334222209126653,0.00834375365753665,0.013282686043686957,0.008734640537108554,0.005940197783494355,0.01179984958358845,0.009003461384075085,0.010381001770248682,0.009814331661250869,0.0021836601342771385,0.0027621358640099515,0.010563138502335907,0.0048828125,0.004026470337517247,0.0283875817456028,0.005258950006967289,0.006905339660024878,0.015655487833868553,0.009003461384075085,0.0021836601342771385,0.007042092334890604,0.006253051013118016,0.005524271728019903,0.0013810679320049757,0.0,0.0009765625,0.007042092334890604,0.003521046167445302,0.005940197783494355,0.007042092334890604,0.007437278423695223,0.005258950006967289,0.005859375,0.007042092334890604,0.007873298582322802,0.006176323555016366,0.0065509804028314154,0.019773883526676354,0.008286407592029853,0.0065509804028314154,0.009212872199274027,0.0009765625,0.001953125,0.008052940675034493,0.0029296875,0.004026470337517247,0.02209708691207961,0.006176323555016366,0.0013810679320049757,0.01953125,1,1,0.0
25.0,11.275291442871094,6.0,0.2221272587776184,1.1144819259643555,0.390625,18.756099700927734,10.889152526855469,25.0,0.40999409556388855,0.024335812777280807,621.0,8584.0,1657852.25,13.822866439819336,0.36787864565849304,1.3530895709991455,3.747359037399292,0.0006158332107588649,0.0,0.23125651478767395,923,873,875,927,976,956,920,887,847,859,793,796,828,763,811,862,892,826,808,812,905,888,877,872,858,856,809,816,878,855,829,922,942,910,878,887,971,935,888,842,878,861,825,828,830,826,749,794,844,840,813,860,859,889,863,859,844,856,811,828,862,842,764,813,841,828,799,810,808,830,793,844,855,829,794,863,888,875,842,809,847,841,812,840,906,855,872,904,924,906,845,918,952,955,943,904,876,893,826,822,841,791,809,813,831,841,823,840,911,893,890,860,827,828,780,799,828,812,749,841,907,904,860,843,888,843,795,791,888,903,831,856,858,829,765,843,909,943,925,941,904,923,905,876,856,857,812,864,908,935,889,921,902,859,794,815,809,827,809,829,887,893,856,921,958,942,924,889,939,941,909,921,906,815,860,922,951,920,846,875,892,888,905,911,903,909,872,905,920,856,878,845,846,796,780,782,876,903,872,891,922,926,872,874,877,842,796,864,926,936,906,889,954,954,906,874,905,858,811,859,891,857,807,940,953,907,858,876,830,905,888,825,797,847,751,766,779,761,713,796,829,807,763,763,760,794,815,870,919,908,795,823,847,843,843,846,0.00341796875,0.06377633541896756,0.045908825287277966,0.044291173712689716,0.06284238493436003,0.01284467425582608,0.0948221569838934,0.0498046875,0.03614600688148779,0.06772867532968634,0.007627196949127592,0.025633603024231812,0.0324624416769427,0.02765586378614511,0.05281569251167953,0.04421574774481161,0.03954776705335271,0.07152945342667964,0.02847144479904932,0.013879560940968648,0.04148954255126563,0.044064508487025304,0.03389952140177692,0.019457869965987574,0.018528970665049098,0.0283203125,0.03798564519292329,0.012352647110032733,0.026565372087373914,0.01528562093993997,0.015776850020901866,0.009003461384075085,0.025465634395322848,0.03340357690720131,0.010381001770248682,0.02489755621871477,0.014084184669781208,0.016630260122975003,0.016016815885602272,0.0283875817456028,0.019628663322501738,0.008843149548962322,0.014906579611790769,0.01680141653719263,0.010918300671385692,0.01589728573837862,0.03489759450235476,0.032359456105040804,0.023619895746968406,0.02231183527108567,0.004026470337517247,0.004367320268554277,0.005940197783494355,0.011759369705851851,0.006176323555016366,0.004367320268554277,0.01313830473347042,0.006905339660024878,0.013566839833447074,0.008843149548962322,0.004367320268554277,0.01708286687942959,0.001953125,0.007627196949127592,0.09001872397731434,0.0013810679320049757,0.004367320268554277,0.01188039556698871,0.003521046167445302,0.007109482313750506,0.02161713244255728,0.009765625,0.006176323555016366,0.006253051013118016,0.006176323555016366,0.009003461384075085,0.0126953125,0.006905339660024878,0.0068359375,0.029002426572104487,0.013601941676937616,0.017469281074217108,0.004979511243742954,0.007437278423695223,0.011048543456039806,0.007437278423695223,0.007873298582322802,0.005940197783494355,0.0048828125,0.006253051013118016,0.010918300671385692,0.0021836601342771385,0.00390625,0.025633603024231812,0.003088161777508183,0.005940197783494355,0.014680953494504793,0.009212872199274027,0.0021836601342771385,0.0065509804028314154,0.005258950006967289,0.004367320268554277,0.0021836601342771385,0.0009765625,0.0013810679320049757,0.006253051013118016,0.004367320268554277,0.004367320268554277,0.0048828125,0.005694288959809864,0.003088161777508183,0.007042092334890604,0.005524271728019903,0.0087890625,0.003521046167445302,0.004026470337517247,0.018347943582085875,0.011430371006562134,0.007873298582322802,0.008400708268596315,0.0021836601342771385,0.001953125,0.0065509804028314154,0.003521046167445302,0.004367320268554277,0.022798081113142094,0.006905339660024878,0.0009765625,0.0185546875,1,1,0.0
25.0,10.910059928894043,6.0,0.2508544325828552,1.1651619672775269,25.0,21.60317611694336,10.613268852233887,2.34375,0.40314579010009766,0.024647323414683342,637.0,9428.0,1993179.875,14.800627708435059,0.3459997773170471,1.1095681190490723,4.03652811050415,0.0006002474692650139,0.0,0.20051425695419312,988,975,936,941,942,879,918,919,923,873,875,927,976,956,920,887,847,859,793,796,828,763,811,862,892,826,808,812,905,888,877,872,858,856,809,816,878,855,829,922,942,910,878,887,971,935,888,842,878,861,825,828,830,826,749,794,844,840,813,860,859,889,863,859,844,856,811,828,862,842,764,813,841,828,799,810,808,830,793,844,855,829,794,863,888,875,842,809,847,841,812,840,906,855,872,904,924,906,845,918,952,955,943,904,876,893,826,822,841,791,809,813,831,841,823,840,911,893,890,860,827,828,780,799,828,812,749,841,907,904,860,843,888,843,795,791,888,903,831,856,858,829,765,843,909,943,925,941,904,923,905,876,856,857,812,864,908,935,889,921,902,859,794,815,809,827,809,829,887,893,856,921,958,942,924,889,939,941,909,921,906,815,860,922,951,920,846,875,892,888,905,911,903,909,872,905,920,856,878,845,846,796,780,782,876,903,872,891,922,926,872,874,877,842,796,864,926,936,906,889,954,954,906,874,905,858,811,859,891,857,807,940,953,907,858,876,830,905,888,825,797,847,751,766,779,761,713,796,829,807,763,763,760,794,815,870,0.00146484375,0.060672752214879166,0.032033631771204545,0.047037478823407405,0.04543902392239001,0.03168941550700772,0.10254371269217491,0.06839424333942629,0.04911051156515687,0.07162937820661035,0.010563138502335907,0.03180956538066861,0.047138743695887386,0.03803582440263759,0.04615743085193935,0.03360283307438526,0.04005097002814429,0.05966629050933644,0.04120121701118943,0.004026470337517247,0.053790778726251605,0.05040424961157789,0.030524413297046454,0.0244140625,0.014778072217208551,0.03614600688148779,0.04194674139631744,0.012352647110032733,0.03152346170228315,0.012732817197661424,0.016164985700436375,0.00834375365753665,0.022032254243512652,0.029296875,0.010918300671385692,0.02315091717017519,0.014874556847390447,0.015440808887540914,0.017820593350483065,0.02681548870653512,0.0185803687406645,0.007437278423695223,0.013706707859002147,0.0166875073150733,0.010517900013934578,0.01589728573837862,0.03423544559171505,0.033432114782468145,0.023619895746968406,0.023047702580480365,0.00390625,0.0048828125,0.005694288959809864,0.009959022487485907,0.006253051013118016,0.004367320268554277,0.013282686043686957,0.008843149548962322,0.011759369705851851,0.009003461384075085,0.006253051013118016,0.01878455474772592,0.004026470337517247,0.007873298582322802,0.08763526270868098,0.004026470337517247,0.0013810679320049757,0.014218964627501012,0.001953125,0.007109482313750506,0.01800692276815017,0.010563138502335907,0.006905339660024878,0.010381001770248682,0.009212872199274027,0.013282686043686957,0.012506102026236032,0.008052940675034493,0.004026470337517247,0.02681548870653512,0.011134525635733769,0.0146484375,0.006905339660024878,0.006176323555016366,0.01019561182510796,0.00966747552403483,0.009959022487485907,0.0065509804028314154,0.005258950006967289,0.005940197783494355,0.013706707859002147,0.0021836601342771385,0.003088161777508183,0.026057937625246747,0.0027621358640099515,0.005940197783494355,0.013706707859002147,0.00834375365753665,0.0027621358640099515,0.006905339660024878,0.004367320268554277,0.00390625,0.004026470337517247,0.001953125,0.0021836601342771385,0.0041432037960149265,0.004026470337517247,0.0029296875,0.006176323555016366,0.004026470337517247,0.005940197783494355,0.0041432037960149265,0.006176323555016366,0.0065509804028314154,0.006905339660024878,0.007627196949127592,0.02161713244255728,0.007437278423695223,0.005258950006967289,0.0078125,0.0,0.0021836601342771385,0.00966747552403483,0.0021836601342771385,0.004026470337517247,0.023478154844084585,0.003521046167445302,0.003088161777508183,0.015625,1,1,0.0
25.0,10.582157135009766,6.0,0.2430282086133957,1.3638887405395508,25.0,24.935823440551758,10.170305252075195,2.34375,0.4367486834526062,0.025390625,676.0,11026.0,2206085.75,16.310651779174805,0.3202230930328369,1.369179129600525,4.243414402008057,0.00010392729745944962,0.0,0.19605909287929535,966,907,860,941,1004,990,957,924,988,975,936,941,942,879,918,919,923,873,875,927,976,956,920,887,847,859,793,796,828,763,811,862,892,826,808,812,905,888,877,872,858,856,809,816,878,855,829,922,942,910,878,887,971,935,888,842,878,861,825,828,830,826,749,794,844,840,813,860,859,889,863,859,844,856,811,828,862,842,764,813,841,828,799,810,808,830,793,844,855,829,794,863,888,875,842,809,847,841,812,840,906,855,872,904,924,906,845,918,952,955,943,904,876,893,826,822,841,791,809,813,831,841,823,840,911,893,890,860,827,828,780,799,828,812,749,841,907,904,860,843,888,843,795,791,888,903,831,856,858,829,765,843,909,943,925,941,904,923,905,876,856,857,812,864,908,935,889,921,902,859,794,815,809,827,809,829,887,893,856,921,958,942,924,889,939,941,909,921,906,815,860,922,951,920,846,875,892,888,905,911,903,909,872,905,920,856,878,845,846,796,780,782,876,903,872,891,922,926,872,874,877,842,796,864,926,936,906,889,954,954,906,874,905,858,811,859,891,857,807,940,953,907,858,876,830,905,888,825,797,847,751,766,779,761,713,796,0.0,0.07597129038584657,0.025633603024231812,0.05306788347341221,0.013810679320049757,0.058242763872064236,0.08710587156631937,0.07818601133300038,0.04471973883537231,0.04148954255126563,0.033673710253059895,0.005258950006967289,0.047037478823407405,0.04212823166039647,0.04712862700005334,0.05765028180916188,0.046895340638839725,0.08082492850218188,0.019773883526676354,0.022798081113142094,0.03908690643787012,0.03316001337177665,0.02489755621871477,0.03126525506559008,0.010563138502335907,0.03756910949545184,0.03304477405407936,0.021417687694786434,0.028185292362620726,0.021417687694786434,0.009003461384075085,0.001953125,0.018657200365764452,0.02833714478231818,0.003521046167445302,0.018657200365764452,0.010786485368346935,0.0185803687406645,0.023619895746968406,0.017387200990981306,0.0166015625,0.007042092334890604,0.007042092334890604,0.007042092334890604,0.005258950006967289,0.004026470337517247,0.028738162049926096,0.040700519500341224,0.03389952140177692,0.03389952140177692,0.011920464468489943,0.01179984958358845,0.015440808887540914,0.016105881350068987,0.007109482313750506,0.010786485368346935,0.01188039556698871,0.007627196949127592,0.01760523083722651,0.011048543456039806,0.003088161777508183,0.012732817197661424,0.0021836601342771385,0.010054326309557618,0.09237682492488647,0.005524271728019903,0.004026470337517247,0.01680141653719263,0.0013810679320049757,0.0078125,0.01824369305885684,0.011920464468489943,0.007042092334890604,0.010563138502335907,0.009765625,0.011920464468489943,0.016105881350068987,0.009264485332524549,0.007437278423695223,0.029264304812054096,0.013601941676937616,0.018657200365764452,0.005524271728019903,0.008400708268596315,0.012506102026236032,0.005694288959809864,0.009264485332524549,0.008734640537108554,0.003521046167445302,0.00390625,0.013101960805662831,0.0027621358640099515,0.0021836601342771385,0.027203883353875233,0.0021836601342771385,0.004367320268554277,0.014680953494504793,0.008052940675034493,0.003088161777508183,0.007437278423695223,0.004367320268554277,0.003088161777508183,0.0048828125,0.0021836601342771385,0.0021836601342771385,0.0048828125,0.0029296875,0.006176323555016366,0.004979511243742954,0.006253051013118016,0.0021836601342771385,0.007437278423695223,0.0041432037960149265,0.006905339660024878,0.006905339660024878,0.004979511243742954,0.020320949264340638,0.007873298582322802,0.006905339660024878,0.011430371006562134,0.0041432037960149265,0.0048828125,0.011430371006562134,0.0027621358640099515,0.0048828125,0.023518739411703703,0.005524271728019903,0.003521046167445302,0.0146484375,1,1,0.0
25.0,10.89098834991455,5.0,0.26849398016929626,1.1902704238891602,2.34375,16.53742027282715,10.618529319763184,25.0,0.39752623438835144,0.025689348578453064,692.0,8948.0,2274952.25,12.930635452270508,0.3339797854423523,1.1246857643127441,3.5918288230895996,0.0,22.65625,0.19786660373210907,839,856,845,861,874,892,871,923,966,907,860,941,1004,990,957,924,988,975,936,941,942,879,918,919,923,873,875,927,976,956,920,887,847,859,793,796,828,763,811,862,892,826,808,812,905,888,877,872,858,856,809,816,878,855,829,922,942,910,878,887,971,935,888,842,878,861,825,828,830,826,749,794,844,840,813,860,859,889,863,859,844,856,811,828,862,842,764,813,841,828,799,810,808,830,793,844,855,829,794,863,888,875,842,809,847,841,812,840,906,855,872,904,924,906,845,918,952,955,943,904,876,893,826,822,841,791,809,813,831,841,823,840,911,893,890,860,827,828,780,799,828,812,749,841,907,904,860,843,888,843,795,791,888,903,831,856,858,829,765,843,909,943,925,941,904,923,905,876,856,857,812,864,908,935,889,921,902,859,794,815,809,827,809,829,887,893,856,921,958,942,924,889,939,941,909,921,906,815,860,922,951,920,846,875,892,888,905,911,903,909,872,905,920,856,878,845,846,796,780,782,876,903,872,891,922,926,872,874,877,842,796,864,926,936,906,889,954,954,906,874,905,858,811,859,891,857,807,940,953,907,858,876,830,905,888,825,0.001953125,0.09084131141646559,0.033673710253059895,0.056649043016692095,0.023619895746968406,0.0649248833538854,0.0701835297219959,0.06844999573779319,0.029378142493147116,0.03625138904935661,0.03057124187987994,0.011430371006562134,0.03149319432929121,0.026294750034836445,0.05610774383680947,0.042275118792799535,0.03554741156875253,0.0662120897761091,0.03389952140177692,0.009765625,0.04574233761183738,0.04642525126564341,0.0341796875,0.019186408891004394,0.020108652619115236,0.02638526579317636,0.028854075591199527,0.021683206358568866,0.018425744398548053,0.027413415718004295,0.0021836601342771385,0.006253051013118016,0.017469281074217108,0.02652944864688696,0.005524271728019903,0.0126953125,0.013601941676937616,0.017387200990981306,0.027203883353875233,0.016630260122975003,0.012236293052872722,0.0048828125,0.010786485368346935,0.010786485368346935,0.0009765625,0.0068359375,0.031988944051092184,0.037314400731528904,0.030383494504109463,0.031143005310746045,0.009618025197066508,0.007873298582322802,0.0126953125,0.014084184669781208,0.006253051013118016,0.006905339660024878,0.012236293052872722,0.0068359375,0.014517645261053229,0.009959022487485907,0.003521046167445302,0.01727715430952552,0.003088161777508183,0.0068359375,0.08882425130350892,0.0021836601342771385,0.0021836601342771385,0.012732817197661424,0.0027621358640099515,0.007437278423695223,0.0205078125,0.011048543456039806,0.007873298582322802,0.009618025197066508,0.009765625,0.012352647110032733,0.011759369705851851,0.008052940675034493,0.003088161777508183,0.02489755621871477,0.009003461384075085,0.013101960805662831,0.007109482313750506,0.004026470337517247,0.007873298582322802,0.008286407592029853,0.007109482313750506,0.005859375,0.005694288959809864,0.006253051013118016,0.008734640537108554,0.0065509804028314154,0.004367320268554277,0.03126525506559008,0.00390625,0.001953125,0.013601941676937616,0.009618025197066508,0.0009765625,0.005859375,0.0048828125,0.00390625,0.005694288959809864,0.0027621358640099515,0.0021836601342771385,0.00390625,0.003088161777508183,0.006253051013118016,0.005258950006967289,0.005859375,0.0021836601342771385,0.0078125,0.0021836601342771385,0.004367320268554277,0.009003461384075085,0.007627196949127592,0.022269051271467537,0.006905339660024878,0.0048828125,0.008052940675034493,0.0009765625,0.0013810679320049757,0.00834375365753665,0.0021836601342771385,0.001953125,0.019186408891004394,0.003088161777508183,0.00834375365753665,0.009765625,1,1,0.0
25.0,10.883330345153809,6.0,0.2564988136291504,1.2470471858978271,25.0,19.07209587097168,10.338556289672852,0.390625,0.41262197494506836,0.0242965929210186,619.0,8653.0,1915308.375,13.978998184204102,0.33087921142578125,1.0459325313568115,3.8167243003845215,0.00020170948118902743,0.0,0.186184361577034,764,812,781,811,830,827,751,809,839,856,845,861,874,892,871,923,966,907,860,941,1004,990,957,924,988,975,936,941,942,879,918,919,923,873,875,927,976,956,920,887,847,859,793,796,828,763,811,862,892,826,808,812,905,888,877,872,858,856,809,816,878,855,829,922,942,910,878,887,971,935,888,842,878,861,825,828,830,826,749,794,844,840,813,860,859,889,863,859,844,856,811,828,862,842,764,813,841,828,799,810,808,830,793,844,855,829,794,863,888,875,842,809,847,841,812,840,906,855,872,904,924,906,845,918,952,955,943,904,876,893,826,822,841,791,809,813,831,841,823,840,911,893,890,860,827,828,780,799,828,812,749,841,907,904,860,843,888,843,795,791,888,903,831,856,858,829,765,843,909,943,925,941,904,923,905,876,856,857,812,864,908,935,889,921,902,859,794,815,809,827,809,829,887,893,856,921,958,942,924,889,939,941,909,921,906,815,860,922,951,920,846,875,892,888,905,911,903,909,872,905,920,856,878,845,846,796,780,782,876,903,872,891,922,926,872,874,877,842,796,864,926,936,906,889,954,954,906,874,905,858,811,859,891,857,807,940,0.00048828125,0.06693550581325701,0.036916129241085546,0.07050889455540897,0.009765625,0.0841091914067753,0.08400708268596316,0.08832358636402354,0.04145504936873266,0.024119314521930602,0.04680373814969437,0.03149319432929121,0.0126953125,0.013601941676937616,0.06149242770090299,0.02847144479904932,0.042979845868487083,0.06649953236809851,0.03317439013957623,0.0166875073150733,0.035814689103305174,0.0363433477850164,0.02638526579317636,0.02763861659782208,0.013282686043686957,0.03125,0.03665688355297551,0.0166015625,0.012732817197661424,0.033969779552590014,0.009212872199274027,0.0166875073150733,0.0126953125,0.015655487833868553,0.015440808887540914,0.015746597164645604,0.01886055460530075,0.01727715430952552,0.01528562093993997,0.022651198251451565,0.02489755621871477,0.01760523083722651,0.0126953125,0.013671875,0.013282686043686957,0.01528562093993997,0.04428040644044779,0.02708090746848056,0.020320949264340638,0.020320949264340638,0.0029296875,0.00834375365753665,0.007042092334890604,0.009003461384075085,0.004367320268554277,0.013028968812623373,0.010786485368346935,0.007109482313750506,0.017304731588544287,0.007873298582322802,0.004367320268554277,0.01824369305885684,0.005859375,0.004026470337517247,0.09082556268426892,0.003521046167445302,0.0068359375,0.01727715430952552,0.004026470337517247,0.008286407592029853,0.013282686043686957,0.009264485332524549,0.0027621358640099515,0.0029296875,0.0009765625,0.007109482313750506,0.005258950006967289,0.007437278423695223,0.007109482313750506,0.0170549308560283,0.004979511243742954,0.007042092334890604,0.01284467425582608,0.007873298582322802,0.009959022487485907,0.0065509804028314154,0.003521046167445302,0.014218964627501012,0.003088161777508183,0.0013810679320049757,0.015655487833868553,0.0029296875,0.0013810679320049757,0.027413415718004295,0.003521046167445302,0.004979511243742954,0.016105881350068987,0.007873298582322802,0.0009765625,0.006253051013118016,0.0048828125,0.0027621358640099515,0.005859375,0.004026470337517247,0.003088161777508183,0.006253051013118016,0.005694288959809864,0.006253051013118016,0.0,0.0021836601342771385,0.005258950006967289,0.003088161777508183,0.007873298582322802,0.00834375365753665,0.0041432037960149265,0.0041432037960149265,0.01708286687942959,0.010381001770248682,0.007437278423695223,0.011134525635733769,0.003521046167445302,0.0027621358640099515,0.008734640537108554,0.0021836601342771385,0.0009765625,0.0170549308560283,0.0021836601342771385,0.009618025197066508,0.0078125,1,1,0.0
25.0,10.384422302246094,8.0,0.2169487178325653,1.527826189994812,2.734375,15.868409156799316,9.558527946472168,25.0,0.473278671503067,0.025202125310897827,666.0,8650.0,2477913.75,12.987987518310547,0.3097726106643677,1.0574572086334229,3.600756883621216,1.1727591299859341e-05,0.0,0.17328880727291107,762,735,696,732,748,760,736,718,764,812,781,811,830,827,751,809,839,856,845,861,874,892,871,923,966,907,860,941,1004,990,957,924,988,975,936,941,942,879,918,919,923,873,875,927,976,956,920,887,847,859,793,796,828,763,811,862,892,826,808,812,905,888,877,872,858,856,809,816,878,855,829,922,942,910,878,887,971,935,888,842,878,861,825,828,830,826,749,794,844,840,813,860,859,889,863,859,844,856,811,828,862,842,764,813,841,828,799,810,808,830,793,844,855,829,794,863,888,875,842,809,847,841,812,840,906,855,872,904,924,906,845,918,952,955,943,904,876,893,826,822,841,791,809,813,831,841,823,840,911,893,890,860,827,828,780,799,828,812,749,841,907,904,860,843,888,843,795,791,888,903,831,856,858,829,765,843,909,943,925,941,904,923,905,876,856,857,812,864,908,935,889,921,902,859,794,815,809,827,809,829,887,893,856,921,958,942,924,889,939,941,909,921,906,815,860,922,951,920,846,875,892,888,905,911,903,909,872,905,920,856,878,845,846,796,780,782,876,903,872,891,922,926,872,874,877,842,796,864,926,936,906,889,954,954,906,874,0.00146484375,0.03936649291161401,0.06134491708804457,0.09871013367796974,0.03773374821555011,0.11114379614000125,0.07754299816838015,0.0869140625,0.032241355506287456,0.04961283514015835,0.03416573375885918,0.034637007521422264,0.03455430861905104,0.035814689103305174,0.04367320268554277,0.048808589842186716,0.04154696755113799,0.07042092334890604,0.033332125323976586,0.009003461384075085,0.0492656181860525,0.04981426072209707,0.0388789633542859,0.019773883526676354,0.02003738723504218,0.03102027377786834,0.03152346170228315,0.017820593350483065,0.01824369305885684,0.029893023173855404,0.008400708268596315,0.014874556847390447,0.013982247132105814,0.014680953494504793,0.01708286687942959,0.01760523083722651,0.019773883526676354,0.020132351687586234,0.01727715430952552,0.019236050394133015,0.022881590847382775,0.015746597164645604,0.013671875,0.013982247132105814,0.0078125,0.01179984958358845,0.03798564519292329,0.03304477405407936,0.026565372087373914,0.02580047815160724,0.003088161777508183,0.001953125,0.0048828125,0.0065509804028314154,0.0029296875,0.013671875,0.005940197783494355,0.012079411012551739,0.019457869965987574,0.009212872199274027,0.006176323555016366,0.01878455474772592,0.006176323555016366,0.005694288959809864,0.08832358636402354,0.004026470337517247,0.009765625,0.01760523083722651,0.006905339660024878,0.010517900013934578,0.010054326309557618,0.010381001770248682,0.00390625,0.0021836601342771385,0.003521046167445302,0.010381001770248682,0.0029296875,0.008052940675034493,0.006176323555016366,0.018347943582085875,0.003521046167445302,0.00834375365753665,0.01179984958358845,0.005258950006967289,0.007873298582322802,0.008052940675034493,0.0013810679320049757,0.014517645261053229,0.0048828125,0.003521046167445302,0.0166875073150733,0.003088161777508183,0.0021836601342771385,0.02580047815160724,0.005258950006967289,0.004979511243742954,0.016370170521718956,0.008400708268596315,0.0013810679320049757,0.0065509804028314154,0.003521046167445302,0.0021836601342771385,0.006253051013118016,0.004367320268554277,0.003088161777508183,0.009003461384075085,0.007042092334890604,0.003088161777508183,0.003088161777508183,0.003521046167445302,0.005258950006967289,0.0048828125,0.004367320268554277,0.0065509804028314154,0.006905339660024878,0.005859375,0.019773883526676354,0.009618025197066508,0.007873298582322802,0.011134525635733769,0.003088161777508183,0.00390625,0.010381001770248682,0.0013810679320049757,0.0013810679320049757,0.01792730444402912,0.0021836601342771385,0.009765625,0.0078125,1,1,0.0
19.140625,9.98581600189209,6.0,0.2253393828868866,1.9882311820983887,1.171875,21.71027374267578,8.658730506896973,1.953125,0.5154234766960144,0.02737860567867756,786.0,12953.0,3642924.75,16.479642868041992,0.2592371702194214,1.2677890062332153,4.144509792327881,8.944010187406093e-05,0.0,0.16713598370552063,920,888,844,832,828,779,697,746,762,735,696,732,748,760,736,718,764,812,781,811,830,827,751,809,839,856,845,861,874,892,871,923,966,907,860,941,1004,990,957,924,988,975,936,941,942,879,918,919,923,873,875,927,976,956,920,887,847,859,793,796,828,763,811,862,892,826,808,812,905,888,877,872,858,856,809,816,878,855,829,922,942,910,878,887,971,935,888,842,878,861,825,828,830,826,749,794,844,840,813,860,859,889,863,859,844,856,811,828,862,842,764,813,841,828,799,810,808,830,793,844,855,829,794,863,888,875,842,809,847,841,812,840,906,855,872,904,924,906,845,918,952,955,943,904,876,893,826,822,841,791,809,813,831,841,823,840,911,893,890,860,827,828,780,799,828,812,749,841,907,904,860,843,888,843,795,791,888,903,831,856,858,829,765,843,909,943,925,941,904,923,905,876,856,857,812,864,908,935,889,921,902,859,794,815,809,827,809,829,887,893,856,921,958,942,924,889,939,941,909,921,906,815,860,922,951,920,846,875,892,888,905,911,903,909,872,905,920,856,878,845,846,796,780,782,876,903,872,891,922,926,872,874,877,842,796,864,0.0029296875,0.021945512748285382,0.08236770657796696,0.1189042545106047,0.056640625,0.12351488995076983,0.06256862687359901,0.07250277809871322,0.01760523083722651,0.05996125559769044,0.014680953494504793,0.020108652619115236,0.040700519500341224,0.033203125,0.05969824888897627,0.04239901044158674,0.027500249688142037,0.055423686029932466,0.042275118792799535,0.013101960805662831,0.034402177644157296,0.035934315415965035,0.02627660946694084,0.029813159223581537,0.0126953125,0.029133659941750583,0.036773770280786586,0.022269051271467537,0.008843149548962322,0.039257326645003476,0.009618025197066508,0.013566839833447074,0.007437278423695223,0.018657200365764452,0.008400708268596315,0.017820593350483065,0.012732817197661424,0.01727715430952552,0.021683206358568866,0.018961413905222265,0.0192608231673008,0.010517900013934578,0.007042092334890604,0.007437278423695223,0.01188039556698871,0.011430371006562134,0.041062101643805936,0.030414866215619993,0.02231183527108567,0.01886055460530075,0.00390625,0.009003461384075085,0.007873298582322802,0.009814331661250869,0.0065509804028314154,0.012506102026236032,0.013028968812623373,0.005258950006967289,0.014874556847390447,0.010918300671385692,0.003088161777508183,0.016164985700436375,0.003088161777508183,0.009003461384075085,0.09071524500473739,0.0029296875,0.003088161777508183,0.013282686043686957,0.0021836601342771385,0.005694288959809864,0.016630260122975003,0.012732817197661424,0.004026470337517247,0.005940197783494355,0.003088161777508183,0.006905339660024878,0.0048828125,0.008843149548962322,0.008734640537108554,0.01589728573837862,0.003088161777508183,0.009212872199274027,0.011388577919619728,0.007873298582322802,0.009765625,0.005258950006967289,0.0021836601342771385,0.012506102026236032,0.0013810679320049757,0.0013810679320049757,0.013879560940968648,0.00390625,0.0013810679320049757,0.028854075591199527,0.0027621358640099515,0.004026470337517247,0.013810679320049757,0.008286407592029853,0.0027621358640099515,0.006176323555016366,0.005258950006967289,0.004979511243742954,0.0041432037960149265,0.0021836601342771385,0.0021836601342771385,0.0048828125,0.004026470337517247,0.006253051013118016,0.0013810679320049757,0.003521046167445302,0.006253051013118016,0.0021836601342771385,0.008843149548962322,0.009765625,0.004026470337517247,0.0029296875,0.018165112536853784,0.009765625,0.004979511243742954,0.009264485332524549,0.0013810679320049757,0.0,0.0078125,0.003088161777508183,0.0027621358640099515,0.020600608505594715,0.004026470337517247,0.0065509804028314154,0.01171875,1,1,0.0
19.140625,10.03266716003418,5.0,0.17836546897888184,2.250359535217285,1.171875,30.051700592041016,8.093913078308105,1.953125,0.568851888179779,0.027534905821084976,795.0,15997.0,5057383.0,20.122013092041016,0.2527826726436615,1.079055666923523,4.947061061859131,0.00035366584779694676,0.0,0.13923987746238708,825,781,746,751,862,893,875,870,920,888,844,832,828,779,697,746,762,735,696,732,748,760,736,718,764,812,781,811,830,827,751,809,839,856,845,861,874,892,871,923,966,907,860,941,1004,990,957,924,988,975,936,941,942,879,918,919,923,873,875,927,976,956,920,887,847,859,793,796,828,763,811,862,892,826,808,812,905,888,877,872,858,856,809,816,878,855,829,922,942,910,878,887,971,935,888,842,878,861,825,828,830,826,749,794,844,840,813,860,859,889,863,859,844,856,811,828,862,842,764,813,841,828,799,810,808,830,793,844,855,829,794,863,888,875,842,809,847,841,812,840,906,855,872,904,924,906,845,918,952,955,943,904,876,893,826,822,841,791,809,813,831,841,823,840,911,893,890,860,827,828,780,799,828,812,749,841,907,904,860,843,888,843,795,791,888,903,831,856,858,829,765,843,909,943,925,941,904,923,905,876,856,857,812,864,908,935,889,921,902,859,794,815,809,827,809,829,887,893,856,921,958,942,924,889,939,941,909,921,906,815,860,922,951,920,846,875,892,888,905,911,903,909,872,905,920,856,878,845,846,796,780,782,876,903,872,891,0.00048828125,0.011048543456039806,0.09352593667041312,0.1258061165249056,0.05975413492491545,0.11466191227245673,0.05519090293337809,0.06950765487997752,0.02003738723504218,0.047037478823407405,0.030289184412638327,0.03149319432929121,0.040430159266571196,0.04239901044158674,0.04724988438829275,0.056446664127415724,0.020320949264340638,0.04695630968816917,0.05688424171566679,0.02132844694125152,0.026294750034836445,0.028738162049926096,0.02039122365021592,0.04239901044158674,0.022140203220223895,0.022651198251451565,0.035061177873078594,0.036773770280786586,0.02039122365021592,0.030649130520459405,0.005694288959809864,0.007873298582322802,0.019384212149686726,0.01824369305885684,0.02039122365021592,0.022269051271467537,0.017578125,0.02708090746848056,0.027621358640099514,0.009264485332524549,0.010381001770248682,0.00390625,0.0027621358640099515,0.001953125,0.015440808887540914,0.014906579611790769,0.04668132188561375,0.026672852116694654,0.0166875073150733,0.015655487833868553,0.005859375,0.010918300671385692,0.01019561182510796,0.011920464468489943,0.005258950006967289,0.009765625,0.010918300671385692,0.007627196949127592,0.013282686043686957,0.011048543456039806,0.001953125,0.015625,0.0013810679320049757,0.006253051013118016,0.08933812374347194,0.0021836601342771385,0.007109482313750506,0.016630260122975003,0.0027621358640099515,0.007109482313750506,0.015746597164645604,0.011388577919619728,0.003088161777508183,0.006253051013118016,0.003521046167445302,0.0048828125,0.007627196949127592,0.01019561182510796,0.011134525635733769,0.013566839833447074,0.0027621358640099515,0.010517900013934578,0.010381001770248682,0.008052940675034493,0.009003461384075085,0.005694288959809864,0.0021836601342771385,0.01313830473347042,0.0027621358640099515,0.0021836601342771385,0.013982247132105814,0.003521046167445302,0.0,0.028738162049926096,0.0027621358640099515,0.0029296875,0.013982247132105814,0.008400708268596315,0.001953125,0.005258950006967289,0.005258950006967289,0.004367320268554277,0.004026470337517247,0.0013810679320049757,0.0021836601342771385,0.0048828125,0.003521046167445302,0.005940197783494355,0.0029296875,0.004979511243742954,0.005258950006967289,0.00390625,0.007873298582322802,0.010517900013934578,0.004026470337517247,0.001953125,0.0185803687406645,0.009814331661250869,0.003521046167445302,0.0068359375,0.003088161777508183,0.0027621358640099515,0.010054326309557618,0.0021836601342771385,0.003521046167445302,0.020320949264340638,0.0009765625,0.009212872199274027,0.0087890625,1,1,0.0
18.359375,9.89234733581543,4.0,0.1836634874343872,2.1569595336914062,1.953125,29.740188598632812,8.041932106018066,1.171875,0.5577533841133118,0.027861997485160828,814.0,16596.0,5100885.0,20.388206481933594,0.2585831582546234,1.2038300037384033,4.920866012573242,9.592786227585748e-06,0.0,0.13602109253406525,893,936,907,925,952,912,822,846,825,781,746,751,862,893,875,870,920,888,844,832,828,779,697,746,762,735,696,732,748,760,736,718,764,812,781,811,830,827,751,809,839,856,845,861,874,892,871,923,966,907,860,941,1004,990,957,924,988,975,936,941,942,879,918,919,923,873,875,927,976,956,920,887,847,859,793,796,828,763,811,862,892,826,808,812,905,888,877,872,858,856,809,816,878,855,829,922,942,910,878,887,971,935,888,842,878,861,825,828,830,826,749,794,844,840,813,860,859,889,863,859,844,856,811,828,862,842,764,813,841,828,799,810,808,830,793,844,855,829,794,863,888,875,842,809,847,841,812,840,906,855,872,904,924,906,845,918,952,955,943,904,876,893,826,822,841,791,809,813,831,841,823,840,911,893,890,860,827,828,780,799,828,812,749,841,907,904,860,843,888,843,795,791,888,903,831,856,858,829,765,843,909,943,925,941,904,923,905,876,856,857,812,864,908,935,889,921,902,859,794,815,809,827,809,829,887,893,856,921,958,942,924,889,939,941,909,921,906,815,860,922,951,920,846,875,892,888,905,911,903,909,872,905,920,856,878,845,0.00048828125,0.02489755621871477,0.08407516894543314,0.12531241476384258,0.06563342812322873,0.1314628691376925,0.04865202619953574,0.055937513639139395,0.0068359375,0.04226383790699688,0.034637007521422264,0.03144773864864183,0.029700988917471777,0.04280196679845923,0.0318844291353799,0.06944588553734776,0.027203883353875233,0.04501730692037543,0.07184872354264223,0.03500673501745102,0.019555648822754675,0.019457869965987574,0.011759369705851851,0.04606436099637014,0.03406789754396955,0.009814331661250869,0.023518739411703703,0.0332174831087792,0.023457836229422487,0.026565372087373914,0.0065509804028314154,0.015776850020901866,0.010054326309557618,0.01528562093993997,0.011430371006562134,0.015655487833868553,0.016105881350068987,0.0185803687406645,0.01886055460530075,0.0146484375,0.016253239235442616,0.007042092334890604,0.009814331661250869,0.004026470337517247,0.014906579611790769,0.015191747252054731,0.0474110784919467,0.026240290708094537,0.013810679320049757,0.0126953125,0.009814331661250869,0.011759369705851851,0.011920464468489943,0.01284467425582608,0.003088161777508183,0.010381001770248682,0.009003461384075085,0.007627196949127592,0.01589728573837862,0.009814331661250869,0.003088161777508183,0.01680141653719263,0.0021836601342771385,0.005524271728019903,0.09001872397731434,0.0021836601342771385,0.004979511243742954,0.014680953494504793,0.0021836601342771385,0.006905339660024878,0.015254393898255184,0.011134525635733769,0.0029296875,0.0048828125,0.001953125,0.005258950006967289,0.008052940675034493,0.008286407592029853,0.010918300671385692,0.013982247132105814,0.006253051013118016,0.011759369705851851,0.010054326309557618,0.008400708268596315,0.009264485332524549,0.007437278423695223,0.0009765625,0.013879560940968648,0.004026470337517247,0.0021836601342771385,0.01589728573837862,0.0029296875,0.0021836601342771385,0.029700988917471777,0.0009765625,0.004026470337517247,0.014778072217208551,0.0065509804028314154,0.0009765625,0.0065509804028314154,0.004026470337517247,0.0048828125,0.003088161777508183,0.0013810679320049757,0.0021836601342771385,0.004979511243742954,0.004367320268554277,0.006176323555016366,0.003088161777508183,0.004026470337517247,0.003088161777508183,0.005859375,0.00834375365753665,0.011048543456039806,0.004367320268554277,0.003088161777508183,0.01875915303935405,0.009003461384075085,0.0009765625,0.004979511243742954,0.003088161777508183,0.004026470337517247,0.011388577919619728,0.0,0.0,0.01792730444402912,0.004979511243742954,0.006905339660024878,0.01171875,1,1,0.0
18.359375,9.888870239257812,4.0,0.21054184436798096,2.331834316253662,1.171875,33.674930572509766,7.941507339477539,1.953125,0.5525141358375549,0.02798154018819332,821.0,18122.0,6014042.5,22.073081970214844,0.23694400489330292,1.1005709171295166,5.276604652404785,9.51429501583334e-06,0.0,0.13016106188297272,904,873,827,814,888,863,863,876,893,936,907,925,952,912,822,846,825,781,746,751,862,893,875,870,920,888,844,832,828,779,697,746,762,735,696,732,748,760,736,718,764,812,781,811,830,827,751,809,839,856,845,861,874,892,871,923,966,907,860,941,1004,990,957,924,988,975,936,941,942,879,918,919,923,873,875,927,976,956,920,887,847,859,793,796,828,763,811,862,892,826,808,812,905,888,877,872,858,856,809,816,878,855,829,922,942,910,878,887,971,935,888,842,878,861,825,828,830,826,749,794,844,840,813,860,859,889,863,859,844,856,811,828,862,842,764,813,841,828,799,810,808,830,793,844,855,829,794,863,888,875,842,809,847,841,812,840,906,855,872,904,924,906,845,918,952,955,943,904,876,893,826,822,841,791,809,813,831,841,823,840,911,893,890,860,827,828,780,799,828,812,749,841,907,904,860,843,888,843,795,791,888,903,831,856,858,829,765,843,909,943,925,941,904,923,905,876,856,857,812,864,908,935,889,921,902,859,794,815,809,827,809,829,887,893,856,921,958,942,924,889,939,941,909,921,906,815,860,922,951,920,846,875,892,888,905,911,0.0009765625,0.0185803687406645,0.08600960221023744,0.1215418247400162,0.0595703125,0.1266146328778355,0.055937513639139395,0.06214038386692591,0.004367320268554277,0.0492656181860525,0.029700988917471777,0.02652944864688696,0.023047702580480365,0.03984805813106087,0.026868782211323446,0.072265625,0.03221176270013797,0.04606436099637014,0.07692560778635929,0.04008667139018319,0.017469281074217108,0.013982247132105814,0.008400708268596315,0.04316803926816473,0.03521046167445302,0.009212872199274027,0.022269051271467537,0.030162978928672854,0.019384212149686726,0.02995676103550384,0.004026470337517247,0.011920464468489943,0.01313830473347042,0.01708286687942959,0.0146484375,0.01875915303935405,0.014517645261053229,0.020716018980074635,0.022140203220223895,0.015440808887540914,0.016630260122975003,0.00834375365753665,0.00966747552403483,0.005859375,0.012732817197661424,0.013282686043686957,0.0465175990774006,0.027981540589637505,0.012732817197661424,0.010381001770248682,0.01179984958358845,0.013601941676937616,0.011759369705851851,0.010563138502335907,0.001953125,0.013101960805662831,0.01188039556698871,0.005694288959809864,0.012732817197661424,0.013101960805662831,0.0009765625,0.015746597164645604,0.0029296875,0.004979511243742954,0.09176050642597164,0.004367320268554277,0.0029296875,0.013601941676937616,0.0021836601342771385,0.005258950006967289,0.014517645261053229,0.011134525635733769,0.0009765625,0.00390625,0.0029296875,0.004026470337517247,0.010563138502335907,0.009264485332524549,0.012732817197661424,0.0126953125,0.0041432037960149265,0.01171875,0.0087890625,0.006905339660024878,0.009765625,0.007109482313750506,0.0013810679320049757,0.0126953125,0.0027621358640099515,0.0021836601342771385,0.015440808887540914,0.001953125,0.0021836601342771385,0.030586835475323877,0.0027621358640099515,0.0029296875,0.013706707859002147,0.0065509804028314154,0.00390625,0.004979511243742954,0.005524271728019903,0.003088161777508183,0.005694288959809864,0.0013810679320049757,0.0013810679320049757,0.003088161777508183,0.003088161777508183,0.006905339660024878,0.0009765625,0.0021836601342771385,0.003521046167445302,0.005859375,0.007873298582322802,0.010517900013934578,0.005940197783494355,0.00390625,0.018961413905222265,0.008843149548962322,0.0013810679320049757,0.005258950006967289,0.003088161777508183,0.00390625,0.010563138502335907,0.0021836601342771385,0.0013810679320049757,0.019628663322501738,0.003521046167445302,0.0068359375,0.0107421875,1,1,0.0
18.75,9.907362937927246,5.0,0.22052617371082306,2.232961654663086,1.171875,29.39887046813965,8.08358383178711,1.953125,0.538371741771698,0.027896204963326454,816.0,16810.0,5642737.0,20.60049057006836,0.24110209941864014,1.0852162837982178,4.898876190185547,3.82808102585841e-05,0.0,0.12409151345491409,841,862,807,832,857,814,877,894,904,873,827,814,888,863,863,876,893,936,907,925,952,912,822,846,825,781,746,751,862,893,875,870,920,888,844,832,828,779,697,746,762,735,696,732,748,760,736,718,764,812,781,811,830,827,751,809,839,856,845,861,874,892,871,923,966,907,860,941,1004,990,957,924,988,975,936,941,942,879,918,919,923,873,875,927,976,956,920,887,847,859,793,796,828,763,811,862,892,826,808,812,905,888,877,872,858,856,809,816,878,855,829,922,942,910,878,887,971,935,888,842,878,861,825,828,830,826,749,794,844,840,813,860,859,889,863,859,844,856,811,828,862,842,764,813,841,828,799,810,808,830,793,844,855,829,794,863,888,875,842,809,847,841,812,840,906,855,872,904,924,906,845,918,952,955,943,904,876,893,826,822,841,791,809,813,831,841,823,840,911,893,890,860,827,828,780,799,828,812,749,841,907,904,860,843,888,843,795,791,888,903,831,856,858,829,765,843,909,943,925,941,904,923,905,876,856,857,812,864,908,935,889,921,902,859,794,815,809,827,809,829,887,893,856,921,958,942,924,889,939,941,909,921,906,815,860,922,0.00146484375,0.003521046167445302,0.0859375,0.10826198478059051,0.047461339375870576,0.13190825562803882,0.06332614389403701,0.058013073204215414,0.009212872199274027,0.04421574774481161,0.04225255400934363,0.03813598474563796,0.0324624416769427,0.04820896502811517,0.034678283016727936,0.0664349662175584,0.02713367966689415,0.0498046875,0.07134255270636282,0.037314400731528904,0.024705294220065465,0.018528970665049098,0.01284467425582608,0.045522898518776035,0.037695818487536684,0.008052940675034493,0.022545696055889054,0.027621358640099514,0.016630260122975003,0.029813159223581537,0.0027621358640099515,0.012236293052872722,0.01179984958358845,0.014778072217208551,0.010918300671385692,0.01528562093993997,0.01824369305885684,0.020967686087484266,0.022482157096135425,0.010517900013934578,0.011134525635733769,0.0065509804028314154,0.005940197783494355,0.008052940675034493,0.006905339660024878,0.008843149548962322,0.04462367054217134,0.03149319432929121,0.010054326309557618,0.01188039556698871,0.014517645261053229,0.009959022487485907,0.007437278423695223,0.0065509804028314154,0.0065509804028314154,0.009814331661250869,0.011920464468489943,0.01019561182510796,0.016630260122975003,0.009212872199274027,0.004026470337517247,0.016370170521718956,0.0013810679320049757,0.0068359375,0.0898915039528773,0.004979511243742954,0.004979511243742954,0.014517645261053229,0.004367320268554277,0.0048828125,0.013810679320049757,0.009765625,0.0,0.004979511243742954,0.003088161777508183,0.003521046167445302,0.007109482313750506,0.007437278423695223,0.010918300671385692,0.013601941676937616,0.007042092334890604,0.014218964627501012,0.006176323555016366,0.004026470337517247,0.007873298582322802,0.007873298582322802,0.0048828125,0.0107421875,0.00390625,0.005524271728019903,0.018657200365764452,0.0021836601342771385,0.005258950006967289,0.03274034104343791,0.0027621358640099515,0.004979511243742954,0.015655487833868553,0.006905339660024878,0.0013810679320049757,0.006253051013118016,0.005258950006967289,0.003521046167445302,0.0048828125,0.0021836601342771385,0.0013810679320049757,0.004026470337517247,0.0027621358640099515,0.007873298582322802,0.0009765625,0.0021836601342771385,0.004026470337517247,0.005940197783494355,0.007437278423695223,0.01019561182510796,0.0065509804028314154,0.0041432037960149265,0.01760523083722651,0.009765625,0.0013810679320049757,0.004367320268554277,0.004367320268554277,0.004979511243742954,0.009618025197066508,0.003088161777508183,0.003088161777508183,0.021683206358568866,0.003088161777508183,0.006905339660024878,0.0087890625,1,1,0.0
19.53125,10.011326789855957,4.0,0.2282392382621765,2.283834934234619,1.171875,33.71997833251953,8.205342292785645,1.953125,0.536742627620697,0.027621358633041382,800.0,18245.0,5199726.5,22.806249618530273,0.23501814901828766,1.4845402240753174,5.142970085144043,8.778432675171643e-05,0.0,0.13415764272212982,943,956,908,925,949,940,863,824,841,862,807,832,857,814,877,894,904,873,827,814,888,863,863,876,893,936,907,925,952,912,822,846,825,781,746,751,862,893,875,870,920,888,844,832,828,779,697,746,762,735,696,732,748,760,736,718,764,812,781,811,830,827,751,809,839,856,845,861,874,892,871,923,966,907,860,941,1004,990,957,924,988,975,936,941,942,879,918,919,923,873,875,927,976,956,920,887,847,859,793,796,828,763,811,862,892,826,808,812,905,888,877,872,858,856,809,816,878,855,829,922,942,910,878,887,971,935,888,842,878,861,825,828,830,826,749,794,844,840,813,860,859,889,863,859,844,856,811,828,862,842,764,813,841,828,799,810,808,830,793,844,855,829,794,863,888,875,842,809,847,841,812,840,906,855,872,904,924,906,845,918,952,955,943,904,876,893,826,822,841,791,809,813,831,841,823,840,911,893,890,860,827,828,780,799,828,812,749,841,907,904,860,843,888,843,795,791,888,903,831,856,858,829,765,843,909,943,925,941,904,923,905,876,856,857,812,864,908,935,889,921,902,859,794,815,809,827,809,829,887,893,856,921,958,942,924,889,0.00048828125,0.009264485332524549,0.08734640537108554,0.11457454763311105,0.04984296935615174,0.1265166776617316,0.06392569472286383,0.0637688582707598,0.008052940675034493,0.050413708981016825,0.04148954255126563,0.038397662600268556,0.03152346170228315,0.051767024533978793,0.032285693857063556,0.07012235574615719,0.02229045353615884,0.04695630968816917,0.06577857077753481,0.032359456105040804,0.02847144479904932,0.023478154844084585,0.01800692276815017,0.05078125,0.04239901044158674,0.007437278423695223,0.02132844694125152,0.022798081113142094,0.01313830473347042,0.03430501576220761,0.003088161777508183,0.01179984958358845,0.01516032685181643,0.010786485368346935,0.01179984958358845,0.016716057391234072,0.018657200365764452,0.019555648822754675,0.020692988379313566,0.006905339660024878,0.006905339660024878,0.005940197783494355,0.004979511243742954,0.010381001770248682,0.0029296875,0.006905339660024878,0.04324529262789947,0.03389952140177692,0.009212872199274027,0.016370170521718956,0.016164985700436375,0.0068359375,0.003088161777508183,0.00834375365753665,0.010517900013934578,0.007042092334890604,0.009003461384075085,0.012236293052872722,0.020132351687586234,0.007873298582322802,0.0048828125,0.011134525635733769,0.003521046167445302,0.007627196949127592,0.09203551096354229,0.008843149548962322,0.004026470337517247,0.01019561182510796,0.007627196949127592,0.009003461384075085,0.011134525635733769,0.007873298582322802,0.0048828125,0.007873298582322802,0.003088161777508183,0.008052940675034493,0.0068359375,0.005694288959809864,0.013982247132105814,0.012506102026236032,0.006905339660024878,0.01516032685181643,0.007437278423695223,0.004979511243742954,0.011134525635733769,0.004367320268554277,0.003521046167445302,0.010786485368346935,0.004367320268554277,0.003521046167445302,0.016253239235442616,0.001953125,0.0029296875,0.03066468450802262,0.0029296875,0.0029296875,0.013671875,0.006905339660024878,0.003088161777508183,0.0048828125,0.004367320268554277,0.003521046167445302,0.004026470337517247,0.0009765625,0.003088161777508183,0.004367320268554277,0.004367320268554277,0.005524271728019903,0.00390625,0.003521046167445302,0.0048828125,0.00390625,0.004979511243742954,0.007873298582322802,0.009003461384075085,0.006905339660024878,0.019773883526676354,0.008843149548962322,0.003521046167445302,0.006905339660024878,0.003521046167445302,0.0029296875,0.008052940675034493,0.0021836601342771385,0.0013810679320049757,0.019186408891004394,0.0029296875,0.008400708268596315,0.01171875,1,1,0.0
19.140625,9.891907691955566,4.0,0.2282581776380539,2.368762731552124,1.171875,28.701152801513672,8.0916166305542,1.953125,0.5426542162895203,0.02794743701815605,819.0,16784.0,5239332.5,20.493284225463867,0.22908762097358704,1.2193243503570557,4.78251838684082,9.533797310723457e-06,0.0,0.13634642958641052,895,872,765,797,843,815,846,889,943,956,908,925,949,940,863,824,841,862,807,832,857,814,877,894,904,873,827,814,888,863,863,876,893,936,907,925,952,912,822,846,825,781,746,751,862,893,875,870,920,888,844,832,828,779,697,746,762,735,696,732,748,760,736,718,764,812,781,811,830,827,751,809,839,856,845,861,874,892,871,923,966,907,860,941,1004,990,957,924,988,975,936,941,942,879,918,919,923,873,875,927,976,956,920,887,847,859,793,796,828,763,811,862,892,826,808,812,905,888,877,872,858,856,809,816,878,855,829,922,942,910,878,887,971,935,888,842,878,861,825,828,830,826,749,794,844,840,813,860,859,889,863,859,844,856,811,828,862,842,764,813,841,828,799,810,808,830,793,844,855,829,794,863,888,875,842,809,847,841,812,840,906,855,872,904,924,906,845,918,952,955,943,904,876,893,826,822,841,791,809,813,831,841,823,840,911,893,890,860,827,828,780,799,828,812,749,841,907,904,860,843,888,843,795,791,888,903,831,856,858,829,765,843,909,943,925,941,904,923,905,876,856,857,812,864,908,935,889,921,902,859,794,815,809,827,809,829,0.00048828125,0.007437278423695223,0.07977385983753642,0.10104000968492088,0.05635366424317777,0.14022430978851014,0.0485735551384605,0.05681714143667522,0.007627196949127592,0.053790778726251605,0.0264394265052361,0.026939676219011176,0.018961413905222265,0.058242763872064236,0.025390625,0.08074229143982183,0.0065509804028314154,0.049032774260285905,0.05373756442264689,0.032241355506287456,0.041718768287683256,0.03126525506559008,0.023212625632821705,0.04501730692037543,0.03911129764550935,0.018961413905222265,0.03192926313334339,0.034402177644157296,0.02458921545315268,0.02489755621871477,0.007042092334890604,0.011759369705851851,0.016016815885602272,0.016105881350068987,0.019457869965987574,0.023840928936979887,0.013028968812623373,0.011920464468489943,0.014778072217208551,0.010563138502335907,0.00390625,0.008286407592029853,0.007627196949127592,0.013810679320049757,0.0013810679320049757,0.009264485332524549,0.04523919852304871,0.03232997140087275,0.008400708268596315,0.0166875073150733,0.015254393898255184,0.007042092334890604,0.0021836601342771385,0.008843149548962322,0.01171875,0.006253051013118016,0.007873298582322802,0.013601941676937616,0.02161713244255728,0.009264485332524549,0.005940197783494355,0.01019561182510796,0.004979511243742954,0.0048828125,0.09327066588299782,0.006905339660024878,0.0027621358640099515,0.012236293052872722,0.00390625,0.007109482313750506,0.012506102026236032,0.007437278423695223,0.003088161777508183,0.007873298582322802,0.004026470337517247,0.007873298582322802,0.006253051013118016,0.004026470337517247,0.01313830473347042,0.011920464468489943,0.009814331661250869,0.016164985700436375,0.006905339660024878,0.0041432037960149265,0.011134525635733769,0.004026470337517247,0.004367320268554277,0.009765625,0.006905339660024878,0.004026470337517247,0.014938533731228863,0.003521046167445302,0.0009765625,0.027621358640099514,0.005258950006967289,0.004026470337517247,0.014778072217208551,0.004026470337517247,0.001953125,0.0065509804028314154,0.004026470337517247,0.004026470337517247,0.005258950006967289,0.0021836601342771385,0.0021836601342771385,0.0027621358640099515,0.006176323555016366,0.0048828125,0.003088161777508183,0.004979511243742954,0.006905339660024878,0.00390625,0.004026470337517247,0.007437278423695223,0.009264485332524549,0.007109482313750506,0.01878455474772592,0.008734640537108554,0.0021836601342771385,0.005859375,0.0041432037960149265,0.00390625,0.007437278423695223,0.003088161777508183,0.0029296875,0.019236050394133015,0.004026470337517247,0.009003461384075085,0.013671875,1,1,0.0
19.53125,9.922677040100098,5.0,0.24483904242515564,2.0280065536499023,1.171875,41.821006774902344,8.376791000366211,1.953125,0.5057688355445862,0.027724744752049446,806.0,20618.0,5654983.0,25.580644607543945,0.24939212203025818,1.926015853881836,5.691064834594727,9.68738822848536e-06,0.0,0.1410793960094452,872,843,777,844,892,892,904,872,895,872,765,797,843,815,846,889,943,956,908,925,949,940,863,824,841,862,807,832,857,814,877,894,904,873,827,814,888,863,863,876,893,936,907,925,952,912,822,846,825,781,746,751,862,893,875,870,920,888,844,832,828,779,697,746,762,735,696,732,748,760,736,718,764,812,781,811,830,827,751,809,839,856,845,861,874,892,871,923,966,907,860,941,1004,990,957,924,988,975,936,941,942,879,918,919,923,873,875,927,976,956,920,887,847,859,793,796,828,763,811,862,892,826,808,812,905,888,877,872,858,856,809,816,878,855,829,922,942,910,878,887,971,935,888,842,878,861,825,828,830,826,749,794,844,840,813,860,859,889,863,859,844,856,811,828,862,842,764,813,841,828,799,810,808,830,793,844,855,829,794,863,888,875,842,809,847,841,812,840,906,855,872,904,924,906,845,918,952,955,943,904,876,893,826,822,841,791,809,813,831,841,823,840,911,893,890,860,827,828,780,799,828,812,749,841,907,904,860,843,888,843,795,791,888,903,831,856,858,829,765,843,909,943,925,941,904,923,905,876,856,857,812,864,908,935,889,921,0.00244140625,0.005258950006967289,0.08124272240544168,0.10449675077652684,0.05329204550641505,0.13735899197279094,0.055000499376284075,0.054774623681172495,0.004026470337517247,0.04615743085193935,0.027621358640099514,0.021836601342771385,0.013028968812623373,0.052344114387724204,0.016858082521125067,0.08986497711193235,0.004979511243742954,0.04697661512033474,0.04336641271713773,0.03554741156875253,0.05219815630817487,0.03712222228271135,0.02708090746848056,0.03539954875076535,0.028738162049926096,0.022798081113142094,0.03057124187987994,0.036773770280786586,0.024472586105745445,0.034402177644157296,0.005258950006967289,0.0048828125,0.01878455474772592,0.009959022487485907,0.013982247132105814,0.017469281074217108,0.016630260122975003,0.0170549308560283,0.01792730444402912,0.011048543456039806,0.007873298582322802,0.005258950006967289,0.0048828125,0.013282686043686957,0.0009765625,0.008286407592029853,0.04416179318201177,0.03360283307438526,0.008734640537108554,0.016630260122975003,0.016164985700436375,0.006253051013118016,0.0013810679320049757,0.011134525635733769,0.010381001770248682,0.005258950006967289,0.005694288959809864,0.009814331661250869,0.016716057391234072,0.008843149548962322,0.004979511243742954,0.011920464468489943,0.004367320268554277,0.008052940675034493,0.09361257016799096,0.011134525635733769,0.001953125,0.01019561182510796,0.00390625,0.005940197783494355,0.014517645261053229,0.009003461384075085,0.0021836601342771385,0.009003461384075085,0.005859375,0.009264485332524549,0.005940197783494355,0.00390625,0.015440808887540914,0.011388577919619728,0.005258950006967289,0.014517645261053229,0.0048828125,0.0009765625,0.010918300671385692,0.005258950006967289,0.008843149548962322,0.010918300671385692,0.009618025197066508,0.0048828125,0.009959022487485907,0.007042092334890604,0.005940197783494355,0.032122820709762745,0.005940197783494355,0.007042092334890604,0.016716057391234072,0.009212872199274027,0.004026470337517247,0.003088161777508183,0.005258950006967289,0.00390625,0.0021836601342771385,0.0021836601342771385,0.0009765625,0.004367320268554277,0.004026470337517247,0.005940197783494355,0.003088161777508183,0.004979511243742954,0.007042092334890604,0.004026470337517247,0.004367320268554277,0.009212872199274027,0.007873298582322802,0.0048828125,0.0170549308560283,0.011388577919619728,0.004367320268554277,0.007873298582322802,0.005940197783494355,0.003521046167445302,0.007873298582322802,0.003521046167445302,0.0021836601342771385,0.016572815184059706,0.005694288959809864,0.005524271728019903,0.0087890625,1,1,0.0
21.09375,9.950428009033203,5.0,0.24459294974803925,1.9527531862258911,1.171875,37.139461517333984,8.442011833190918,1.953125,0.4995756447315216,0.027621358633041382,800.0,19784.0,5667443.0,24.729999542236328,0.25583142042160034,1.7278602123260498,5.41164493560791,0.0002438905357848853,0.0,0.13766412436962128,861,859,829,825,856,862,840,824,872,843,777,844,892,892,904,872,895,872,765,797,843,815,846,889,943,956,908,925,949,940,863,824,841,862,807,832,857,814,877,894,904,873,827,814,888,863,863,876,893,936,907,925,952,912,822,846,825,781,746,751,862,893,875,870,920,888,844,832,828,779,697,746,762,735,696,732,748,760,736,718,764,812,781,811,830,827,751,809,839,856,845,861,874,892,871,923,966,907,860,941,1004,990,957,924,988,975,936,941,942,879,918,919,923,873,875,927,976,956,920,887,847,859,793,796,828,763,811,862,892,826,808,812,905,888,877,872,858,856,809,816,878,855,829,922,942,910,878,887,971,935,888,842,878,861,825,828,830,826,749,794,844,840,813,860,859,889,863,859,844,856,811,828,862,842,764,813,841,828,799,810,808,830,793,844,855,829,794,863,888,875,842,809,847,841,812,840,906,855,872,904,924,906,845,918,952,955,943,904,876,893,826,822,841,791,809,813,831,841,823,840,911,893,890,860,827,828,780,799,828,812,749,841,907,904,860,843,888,843,795,791,888,903,831,856,858,829,765,843,909,943,925,941,904,923,905,876,0.00244140625,0.011759369705851851,0.0754232543541001,0.10605486734561179,0.059047720538402244,0.1315716390085882,0.05861002378173304,0.05969824888897627,0.004026470337517247,0.04194674139631744,0.03192926313334339,0.021683206358568866,0.010918300671385692,0.048808589842186716,0.013601941676937616,0.09513342873404339,0.00834375365753665,0.049957638915736964,0.04200354134298158,0.04026470337517247,0.0522803078684538,0.0352916230460794,0.025202124805788945,0.0328276099882258,0.02638526579317636,0.0185803687406645,0.02638526579317636,0.03314563036811941,0.018961413905222265,0.033432114782468145,0.0013810679320049757,0.009814331661250869,0.0146484375,0.014517645261053229,0.0166015625,0.021836601342771385,0.013028968812623373,0.01284467425582608,0.01680141653719263,0.006176323555016366,0.0048828125,0.0065509804028314154,0.0048828125,0.008734640537108554,0.004026470337517247,0.004026470337517247,0.04008667139018319,0.03676080122015373,0.008843149548962322,0.020716018980074635,0.01284467425582608,0.004367320268554277,0.0041432037960149265,0.008843149548962322,0.010381001770248682,0.004367320268554277,0.007042092334890604,0.011759369705851851,0.018347943582085875,0.009212872199274027,0.003521046167445302,0.013101960805662831,0.0029296875,0.007873298582322802,0.09361257016799096,0.010918300671385692,0.001953125,0.010517900013934578,0.0027621358640099515,0.005258950006967289,0.013810679320049757,0.008400708268596315,0.003521046167445302,0.008400708268596315,0.004979511243742954,0.008843149548962322,0.006905339660024878,0.005694288959809864,0.014680953494504793,0.012352647110032733,0.008052940675034493,0.016016815885602272,0.0048828125,0.003521046167445302,0.010918300671385692,0.004979511243742954,0.007437278423695223,0.0107421875,0.009212872199274027,0.004367320268554277,0.010563138502335907,0.007109482313750506,0.0048828125,0.03144773864864183,0.005694288959809864,0.006905339660024878,0.015746597164645604,0.008400708268596315,0.003521046167445302,0.004026470337517247,0.004979511243742954,0.003521046167445302,0.00390625,0.0,0.0029296875,0.005694288959809864,0.00390625,0.006905339660024878,0.0027621358640099515,0.0027621358640099515,0.004367320268554277,0.003521046167445302,0.005859375,0.006905339660024878,0.010054326309557618,0.007873298582322802,0.0192608231673008,0.0087890625,0.003088161777508183,0.0068359375,0.0065509804028314154,0.0048828125,0.006176323555016366,0.004979511243742954,0.004026470337517247,0.014938533731228863,0.0078125,0.004367320268554277,0.0068359375,1,1,0.0
22.265625,9.947992324829102,5.0,0.2519577741622925,2.0196375846862793,1.171875,31.824674606323242,8.404285430908203,1.953125,0.5003163814544678,0.027448182925581932,790.0,18152.0,5364329.0,22.977214813232422,0.24772582948207855,1.5390876531600952,5.03961706161499,0.0002471918996889144,0.0,0.139987051486969,824,830,826,891,937,889,807,840,861,859,829,825,856,862,840,824,872,843,777,844,892,892,904,872,895,872,765,797,843,815,846,889,943,956,908,925,949,940,863,824,841,862,807,832,857,814,877,894,904,873,827,814,888,863,863,876,893,936,907,925,952,912,822,846,825,781,746,751,862,893,875,870,920,888,844,832,828,779,697,746,762,735,696,732,748,760,736,718,764,812,781,811,830,827,751,809,839,856,845,861,874,892,871,923,966,907,860,941,1004,990,957,924,988,975,936,941,942,879,918,919,923,873,875,927,976,956,920,887,847,859,793,796,828,763,811,862,892,826,808,812,905,888,877,872,858,856,809,816,878,855,829,922,942,910,878,887,971,935,888,842,878,861,825,828,830,826,749,794,844,840,813,860,859,889,863,859,844,856,811,828,862,842,764,813,841,828,799,810,808,830,793,844,855,829,794,863,888,875,842,809,847,841,812,840,906,855,872,904,924,906,845,918,952,955,943,904,876,893,826,822,841,791,809,813,831,841,823,840,911,893,890,860,827,828,780,799,828,812,749,841,907,904,860,843,888,843,795,791,888,903,831,856,858,829,765,843,0.00341796875,0.02652944864688696,0.0602389473175435,0.11777602868210876,0.06350660346831682,0.1195441743931826,0.07015634787367894,0.0519784507116065,0.0146484375,0.04026470337517247,0.02003738723504218,0.0192608231673008,0.015746597164645604,0.05416181493696112,0.01824369305885684,0.08878666509906802,0.013101960805662831,0.04290211452439218,0.03360283307438526,0.04120121701118943,0.0595703125,0.03585460888805824,0.023457836229422487,0.029313146523053973,0.02777629424478104,0.013282686043686957,0.02652944864688696,0.033332125323976586,0.022881590847382775,0.031158312760827766,0.006905339660024878,0.004979511243742954,0.017953883116064683,0.011759369705851851,0.011759369705851851,0.020108652619115236,0.008286407592029853,0.00834375365753665,0.01313830473347042,0.009003461384075085,0.0048828125,0.013601941676937616,0.010563138502335907,0.0021836601342771385,0.0126953125,0.006905339660024878,0.03847210078826603,0.03984805813106087,0.0048828125,0.020600608505594715,0.011134525635733769,0.012236293052872722,0.0068359375,0.011134525635733769,0.017686299097924643,0.0021836601342771385,0.004026470337517247,0.004979511243742954,0.013101960805662831,0.006176323555016366,0.009618025197066508,0.009765625,0.008400708268596315,0.006253051013118016,0.09728934982993787,0.007109482313750506,0.003521046167445302,0.014084184669781208,0.005694288959809864,0.007437278423695223,0.011134525635733769,0.00966747552403483,0.0013810679320049757,0.006176323555016366,0.004026470337517247,0.007042092334890604,0.0029296875,0.0021836601342771385,0.016105881350068987,0.008843149548962322,0.005859375,0.012352647110032733,0.0065509804028314154,0.0009765625,0.010786485368346935,0.007627196949127592,0.011388577919619728,0.014680953494504793,0.010786485368346935,0.003088161777508183,0.012352647110032733,0.004026470337517247,0.0041432037960149265,0.030524413297046454,0.004979511243742954,0.0048828125,0.016716057391234072,0.005940197783494355,0.003088161777508183,0.00390625,0.007873298582322802,0.004026470337517247,0.003088161777508183,0.0027621358640099515,0.0021836601342771385,0.0048828125,0.0027621358640099515,0.0065509804028314154,0.0021836601342771385,0.004979511243742954,0.005940197783494355,0.0041432037960149265,0.004979511243742954,0.007627196949127592,0.008400708268596315,0.0065509804028314154,0.019457869965987574,0.010563138502335907,0.004026470337517247,0.006905339660024878,0.006176323555016366,0.004367320268554277,0.006905339660024878,0.00390625,0.0021836601342771385,0.015776850020901866,0.006176323555016366,0.005694288959809864,0.0078125,1,1,0.0
25.0,10.130083084106445,4.0,0.2447512298822403,1.91704261302948,1.171875,27.10869026184082,8.608221054077148,1.953125,0.49633970856666565,0.027186349034309387,775.0,14985.0,5024735.0,19.33548355102539,0.25890907645225525,1.030250906944275,4.741625785827637,0.0004934094613417983,0.0,0.14403945207595825,823,829,840,921,892,905,858,831,824,830,826,891,937,889,807,840,861,859,829,825,856,862,840,824,872,843,777,844,892,892,904,872,895,872,765,797,843,815,846,889,943,956,908,925,949,940,863,824,841,862,807,832,857,814,877,894,904,873,827,814,888,863,863,876,893,936,907,925,952,912,822,846,825,781,746,751,862,893,875,870,920,888,844,832,828,779,697,746,762,735,696,732,748,760,736,718,764,812,781,811,830,827,751,809,839,856,845,861,874,892,871,923,966,907,860,941,1004,990,957,924,988,975,936,941,942,879,918,919,923,873,875,927,976,956,920,887,847,859,793,796,828,763,811,862,892,826,808,812,905,888,877,872,858,856,809,816,878,855,829,922,942,910,878,887,971,935,888,842,878,861,825,828,830,826,749,794,844,840,813,860,859,889,863,859,844,856,811,828,862,842,764,813,841,828,799,810,808,830,793,844,855,829,794,863,888,875,842,809,847,841,812,840,906,855,872,904,924,906,845,918,952,955,943,904,876,893,826,822,841,791,809,813,831,841,823,840,911,893,890,860,827,828,780,799,828,812,749,841,907,904,860,843,888,843,795,791,0.00146484375,0.02161713244255728,0.0650422883021356,0.11430371006562134,0.0622094074555976,0.12352647110032731,0.06615445138453105,0.05715185503281067,0.011134525635733769,0.037314400731528904,0.025465634395322848,0.013982247132105814,0.00834375365753665,0.05862629304610795,0.024158822025103478,0.08219965043562096,0.009264485332524549,0.036773770280786586,0.03585460888805824,0.034637007521422264,0.06819875102311831,0.047330550062705604,0.0318844291353799,0.020967686087484266,0.025465634395322848,0.0029296875,0.025633603024231812,0.0325211441510678,0.030835260554388563,0.02765586378614511,0.015746597164645604,0.0048828125,0.02568934851165216,0.01188039556698871,0.006176323555016366,0.02231183527108567,0.0013810679320049757,0.003088161777508183,0.015254393898255184,0.009003461384075085,0.011388577919619728,0.013810679320049757,0.008734640537108554,0.003088161777508183,0.011134525635733769,0.007437278423695223,0.04008667139018319,0.03756910949545184,0.006253051013118016,0.020132351687586234,0.009618025197066508,0.01188039556698871,0.007627196949127592,0.010786485368346935,0.019457869965987574,0.0048828125,0.0048828125,0.0027621358640099515,0.013810679320049757,0.003521046167445302,0.011134525635733769,0.006253051013118016,0.007873298582322802,0.003521046167445302,0.09234068476564532,0.008734640537108554,0.003088161777508183,0.009765625,0.0021836601342771385,0.0029296875,0.012236293052872722,0.005258950006967289,0.005694288959809864,0.007042092334890604,0.0021836601342771385,0.0021836601342771385,0.003521046167445302,0.003088161777508183,0.018347943582085875,0.007042092334890604,0.0021836601342771385,0.009814331661250869,0.007109482313750506,0.004026470337517247,0.0146484375,0.007873298582322802,0.009959022487485907,0.01528562093993997,0.006905339660024878,0.0009765625,0.013810679320049757,0.004367320268554277,0.0027621358640099515,0.030336376107439583,0.0048828125,0.0065509804028314154,0.0166015625,0.0065509804028314154,0.0013810679320049757,0.0048828125,0.0068359375,0.0021836601342771385,0.004026470337517247,0.003088161777508183,0.0048828125,0.0065509804028314154,0.0013810679320049757,0.008052940675034493,0.0021836601342771385,0.006176323555016366,0.0068359375,0.0027621358640099515,0.004367320268554277,0.009618025197066508,0.007437278423695223,0.0065509804028314154,0.01792730444402912,0.010517900013934578,0.003521046167445302,0.007437278423695223,0.005940197783494355,0.00390625,0.0065509804028314154,0.004367320268554277,0.0029296875,0.014906579611790769,0.007042092334890604,0.003521046167445302,0.0068359375,1,1,0.0
20.703125,9.926553726196289,4.0,0.25056448578834534,1.961913824081421,1.171875,28.567323684692383,8.41076946258545,1.953125,0.49641144275665283,0.027186349034309387,775.0,16000.0,4922595.5,20.645160675048828,0.25302407145500183,1.1678831577301025,4.796574115753174,9.072214743355289e-05,0.0,0.12680166959762573,919,858,844,857,846,795,717,767,823,829,840,921,892,905,858,831,824,830,826,891,937,889,807,840,861,859,829,825,856,862,840,824,872,843,777,844,892,892,904,872,895,872,765,797,843,815,846,889,943,956,908,925,949,940,863,824,841,862,807,832,857,814,877,894,904,873,827,814,888,863,863,876,893,936,907,925,952,912,822,846,825,781,746,751,862,893,875,870,920,888,844,832,828,779,697,746,762,735,696,732,748,760,736,718,764,812,781,811,830,827,751,809,839,856,845,861,874,892,871,923,966,907,860,941,1004,990,957,924,988,975,936,941,942,879,918,919,923,873,875,927,976,956,920,887,847,859,793,796,828,763,811,862,892,826,808,812,905,888,877,872,858,856,809,816,878,855,829,922,942,910,878,887,971,935,888,842,878,861,825,828,830,826,749,794,844,840,813,860,859,889,863,859,844,856,811,828,862,842,764,813,841,828,799,810,808,830,793,844,855,829,794,863,888,875,842,809,847,841,812,840,906,855,872,904,924,906,845,918,952,955,943,904,876,893,826,822,841,791,809,813,831,841,823,840,911,893,890,860,827,828,780,799,828,812,749,841,0.0029296875,0.02708090746848056,0.06093155269455663,0.11979918525431488,0.0576171875,0.12721577398032866,0.06180182551678414,0.05490504998777577,0.005940197783494355,0.04074735555668958,0.0316291694154329,0.012732817197661424,0.0027621358640099515,0.06180182551678414,0.0283875817456028,0.078125,0.012732817197661424,0.03274034104343791,0.03434669022474409,0.03712222228271135,0.07224582710227219,0.04817928274821879,0.02995676103550384,0.024119314521930602,0.03102027377786834,0.005258950006967289,0.02847144479904932,0.035061177873078594,0.030508787796510367,0.030336376107439583,0.013566839833447074,0.0029296875,0.02298555135925746,0.012352647110032733,0.007437278423695223,0.021683206358568866,0.003521046167445302,0.003088161777508183,0.014874556847390447,0.007873298582322802,0.007873298582322802,0.013101960805662831,0.008734640537108554,0.0009765625,0.011134525635733769,0.006905339660024878,0.03954776705335271,0.038397662600268556,0.004979511243742954,0.01875915303935405,0.013810679320049757,0.01179984958358845,0.004367320268554277,0.01179984958358845,0.013879560940968648,0.0013810679320049757,0.003088161777508183,0.005940197783494355,0.011759369705851851,0.009003461384075085,0.012236293052872722,0.008400708268596315,0.012732817197661424,0.004026470337517247,0.09310180375168038,0.005940197783494355,0.0065509804028314154,0.006176323555016366,0.005694288959809864,0.00390625,0.015655487833868553,0.0027621358640099515,0.009212872199274027,0.007873298582322802,0.0041432037960149265,0.003088161777508183,0.0021836601342771385,0.0027621358640099515,0.01953125,0.006253051013118016,0.0021836601342771385,0.010918300671385692,0.007627196949127592,0.003521046167445302,0.013810679320049757,0.008734640537108554,0.011388577919619728,0.017387200990981306,0.0048828125,0.001953125,0.014778072217208551,0.005940197783494355,0.005694288959809864,0.03232997140087275,0.004367320268554277,0.0048828125,0.013671875,0.004026470337517247,0.0013810679320049757,0.005694288959809864,0.009212872199274027,0.004026470337517247,0.0027621358640099515,0.003088161777508183,0.0013810679320049757,0.0048828125,0.003521046167445302,0.007873298582322802,0.0009765625,0.0048828125,0.006905339660024878,0.0021836601342771385,0.0027621358640099515,0.010786485368346935,0.006905339660024878,0.005258950006967289,0.0170549308560283,0.010517900013934578,0.003088161777508183,0.0048828125,0.005694288959809864,0.005940197783494355,0.004979511243742954,0.006176323555016366,0.004979511243742954,0.015746597164645604,0.005940197783494355,0.006905339660024878,0.009765625,1,1,0.0
21.09375,9.979964256286621,5.0,0.252614825963974,1.953314185142517,1.171875,31.52448081970215,8.45673942565918,1.953125,0.49431857466697693,0.027534905821084976,795.0,16970.0,5369482.5,21.345911026000977,0.2530665993690491,1.1276496648788452,5.069485664367676,0.0003535547002684325,0.0,0.12525148689746857,909,904,847,842,891,856,848,871,919,858,844,857,846,795,717,767,823,829,840,921,892,905,858,831,824,830,826,891,937,889,807,840,861,859,829,825,856,862,840,824,872,843,777,844,892,892,904,872,895,872,765,797,843,815,846,889,943,956,908,925,949,940,863,824,841,862,807,832,857,814,877,894,904,873,827,814,888,863,863,876,893,936,907,925,952,912,822,846,825,781,746,751,862,893,875,870,920,888,844,832,828,779,697,746,762,735,696,732,748,760,736,718,764,812,781,811,830,827,751,809,839,856,845,861,874,892,871,923,966,907,860,941,1004,990,957,924,988,975,936,941,942,879,918,919,923,873,875,927,976,956,920,887,847,859,793,796,828,763,811,862,892,826,808,812,905,888,877,872,858,856,809,816,878,855,829,922,942,910,878,887,971,935,888,842,878,861,825,828,830,826,749,794,844,840,813,860,859,889,863,859,844,856,811,828,862,842,764,813,841,828,799,810,808,830,793,844,855,829,794,863,888,875,842,809,847,841,812,840,906,855,872,904,924,906,845,918,952,955,943,904,876,893,826,822,841,791,809,813,831,841,823,840,911,893,890,860,0.00244140625,0.016164985700436375,0.06609676273053795,0.11426198576780276,0.07077215207809937,0.11255915464082444,0.07387099862920876,0.041524007080994726,0.01179984958358845,0.05336357848560254,0.04194674139631744,0.0224609375,0.010563138502335907,0.07152945342667964,0.03936649291161401,0.06875582583625756,0.0224609375,0.025633603024231812,0.02568934851165216,0.04337740686428283,0.0677779402322681,0.041524007080994726,0.027500249688142037,0.023294649300540163,0.026654968874914416,0.0041432037960149265,0.02638526579317636,0.034938562148434216,0.03149319432929121,0.029700988917471777,0.012732817197661424,0.004026470337517247,0.022032254243512652,0.010517900013934578,0.004979511243742954,0.020531050821902968,0.0021836601342771385,0.0021836601342771385,0.016858082521125067,0.006905339660024878,0.009814331661250869,0.009212872199274027,0.005258950006967289,0.004979511243742954,0.012732817197661424,0.007873298582322802,0.036916129241085546,0.041062101643805936,0.005694288959809864,0.016016815885602272,0.017469281074217108,0.010563138502335907,0.0,0.008734640537108554,0.013810679320049757,0.0027621358640099515,0.0009765625,0.00390625,0.011048543456039806,0.007873298582322802,0.012236293052872722,0.006253051013118016,0.009765625,0.004026470337517247,0.0933626437712275,0.005940197783494355,0.006253051013118016,0.0065509804028314154,0.006176323555016366,0.004026470337517247,0.01528562093993997,0.003521046167445302,0.007873298582322802,0.006905339660024878,0.003521046167445302,0.003088161777508183,0.0027621358640099515,0.003521046167445302,0.018528970665049098,0.007437278423695223,0.003088161777508183,0.008400708268596315,0.008400708268596315,0.0048828125,0.016016815885602272,0.006905339660024878,0.009212872199274027,0.0146484375,0.006176323555016366,0.0009765625,0.013879560940968648,0.0048828125,0.003088161777508183,0.03066468450802262,0.0065509804028314154,0.006905339660024878,0.014680953494504793,0.005940197783494355,0.0013810679320049757,0.0065509804028314154,0.0087890625,0.00390625,0.004367320268554277,0.004979511243742954,0.0021836601342771385,0.004367320268554277,0.005258950006967289,0.005940197783494355,0.0029296875,0.0027621358640099515,0.004026470337517247,0.0009765625,0.0009765625,0.013028968812623373,0.004979511243742954,0.004979511243742954,0.01589728573837862,0.009003461384075085,0.0021836601342771385,0.0027621358640099515,0.009765625,0.0078125,0.008400708268596315,0.004026470337517247,0.0013810679320049757,0.01727715430952552,0.007437278423695223,0.0029296875,0.005859375,1,1,0.0
20.703125,9.93375301361084,6.0,0.24620871245861053,2.007874011993408,1.953125,23.575132369995117,8.375356674194336,1.171875,0.5031852722167969,0.027256418019533157,779.0,13690.0,4436370.0,17.57381248474121,0.2506060004234314,1.0304855108261108,4.3258490562438965,0.00025041570188477635,-0.78125,0.12130366265773773,909,958,892,905,920,905,840,888,909,904,847,842,891,856,848,871,919,858,844,857,846,795,717,767,823,829,840,921,892,905,858,831,824,830,826,891,937,889,807,840,861,859,829,825,856,862,840,824,872,843,777,844,892,892,904,872,895,872,765,797,843,815,846,889,943,956,908,925,949,940,863,824,841,862,807,832,857,814,877,894,904,873,827,814,888,863,863,876,893,936,907,925,952,912,822,846,825,781,746,751,862,893,875,870,920,888,844,832,828,779,697,746,762,735,696,732,748,760,736,718,764,812,781,811,830,827,751,809,839,856,845,861,874,892,871,923,966,907,860,941,1004,990,957,924,988,975,936,941,942,879,918,919,923,873,875,927,976,956,920,887,847,859,793,796,828,763,811,862,892,826,808,812,905,888,877,872,858,856,809,816,878,855,829,922,942,910,878,887,971,935,888,842,878,861,825,828,830,826,749,794,844,840,813,860,859,889,863,859,844,856,811,828,862,842,764,813,841,828,799,810,808,830,793,844,855,829,794,863,888,875,842,809,847,841,812,840,906,855,872,904,924,906,845,918,952,955,943,904,876,893,826,822,841,791,809,813,0.0009765625,0.01708286687942959,0.06545883212839411,0.12065981980037022,0.0755559028667371,0.11302840856429912,0.06744647128840628,0.04627092867375834,0.008052940675034493,0.04416179318201177,0.03803582440263759,0.00966747552403483,0.004367320268554277,0.06104882659409291,0.027759121881937295,0.07818601133300038,0.018425744398548053,0.025390625,0.030524413297046454,0.04883788964863276,0.07525236269261126,0.03430501576220761,0.01760523083722651,0.030524413297046454,0.017820593350483065,0.011759369705851851,0.01953125,0.03340357690720131,0.04089920232689829,0.036916129241085546,0.016630260122975003,0.009959022487485907,0.015776850020901866,0.008843149548962322,0.007627196949127592,0.016572815184059706,0.0065509804028314154,0.006253051013118016,0.020716018980074635,0.006905339660024878,0.011759369705851851,0.007042092334890604,0.007042092334890604,0.0048828125,0.013282686043686957,0.008734640537108554,0.03768316676088816,0.03984805813106087,0.0065509804028314154,0.0166015625,0.01953125,0.012236293052872722,0.0021836601342771385,0.009003461384075085,0.014084184669781208,0.004367320268554277,0.004026470337517247,0.0021836601342771385,0.01284467425582608,0.0048828125,0.009959022487485907,0.008052940675034493,0.010381001770248682,0.005694288959809864,0.0949879608556765,0.005524271728019903,0.00834375365753665,0.005940197783494355,0.005524271728019903,0.0021836601342771385,0.013282686043686957,0.003521046167445302,0.007627196949127592,0.007042092334890604,0.0029296875,0.003521046167445302,0.001953125,0.0029296875,0.017686299097924643,0.008734640537108554,0.0048828125,0.006253051013118016,0.011134525635733769,0.008052940675034493,0.0185546875,0.005258950006967289,0.007437278423695223,0.011920464468489943,0.009814331661250869,0.003088161777508183,0.016164985700436375,0.004367320268554277,0.0048828125,0.0318844291353799,0.004979511243742954,0.0048828125,0.013706707859002147,0.005258950006967289,0.001953125,0.005258950006967289,0.006905339660024878,0.003088161777508183,0.006905339660024878,0.005940197783494355,0.003088161777508183,0.003088161777508183,0.0048828125,0.006253051013118016,0.001953125,0.004026470337517247,0.003521046167445302,0.001953125,0.003088161777508183,0.012506102026236032,0.007109482313750506,0.007109482313750506,0.016572815184059706,0.007627196949127592,0.004026470337517247,0.004026470337517247,0.013028968812623373,0.005524271728019903,0.010054326309557618,0.003521046167445302,0.006176323555016366,0.012236293052872722,0.009003461384075085,0.0087890625,0.01171875,1,1,0.0
22.65625,10.152182579040527,6.0,0.2422582358121872,1.8807356357574463,1.953125,25.145627975463867,8.573890686035156,1.171875,0.4947041869163513,0.027482904493808746,792.0,15266.0,4914962.0,19.275253295898438,0.2630375921726227,1.1395939588546753,4.486642360687256,3.941081013181247e-05,0.0,0.13918881118297577,845,830,792,791,879,888,910,924,909,958,892,905,920,905,840,888,909,904,847,842,891,856,848,871,919,858,844,857,846,795,717,767,823,829,840,921,892,905,858,831,824,830,826,891,937,889,807,840,861,859,829,825,856,862,840,824,872,843,777,844,892,892,904,872,895,872,765,797,843,815,846,889,943,956,908,925,949,940,863,824,841,862,807,832,857,814,877,894,904,873,827,814,888,863,863,876,893,936,907,925,952,912,822,846,825,781,746,751,862,893,875,870,920,888,844,832,828,779,697,746,762,735,696,732,748,760,736,718,764,812,781,811,830,827,751,809,839,856,845,861,874,892,871,923,966,907,860,941,1004,990,957,924,988,975,936,941,942,879,918,919,923,873,875,927,976,956,920,887,847,859,793,796,828,763,811,862,892,826,808,812,905,888,877,872,858,856,809,816,878,855,829,922,942,910,878,887,971,935,888,842,878,861,825,828,830,826,749,794,844,840,813,860,859,889,863,859,844,856,811,828,862,842,764,813,841,828,799,810,808,830,793,844,855,829,794,863,888,875,842,809,847,841,812,840,906,855,872,904,924,906,845,918,952,955,943,904,0.0009765625,0.01727715430952552,0.06709915385274173,0.11898443270886651,0.07873298582322802,0.11084737205986493,0.07002028035251309,0.046394427813358216,0.013566839833447074,0.043891025496570764,0.03869455616437295,0.003521046167445302,0.012079411012551739,0.051794650805375465,0.021417687694786434,0.08355746328371964,0.025012204052472065,0.021836601342771385,0.02777629424478104,0.06057836882527665,0.07077215207809937,0.025334222209126653,0.025465634395322848,0.023212625632821705,0.015254393898255184,0.008734640537108554,0.030336376107439583,0.04143203796014927,0.03423544559171505,0.03389952140177692,0.009765625,0.001953125,0.02510734400816883,0.012506102026236032,0.008286407592029853,0.020967686087484266,0.004367320268554277,0.006176323555016366,0.013982247132105814,0.011430371006562134,0.014218964627501012,0.008400708268596315,0.0021836601342771385,0.009212872199274027,0.01284467425582608,0.009765625,0.035061177873078594,0.040430159266571196,0.007873298582322802,0.0126953125,0.020531050821902968,0.0078125,0.0027621358640099515,0.005940197783494355,0.016630260122975003,0.0021836601342771385,0.003088161777508183,0.005524271728019903,0.010918300671385692,0.009003461384075085,0.013982247132105814,0.0041432037960149265,0.009765625,0.003088161777508183,0.09420158976450534,0.005859375,0.0065509804028314154,0.005940197783494355,0.009264485332524549,0.0065509804028314154,0.016716057391234072,0.0013810679320049757,0.008400708268596315,0.005258950006967289,0.0021836601342771385,0.004026470337517247,0.003521046167445302,0.0029296875,0.017469281074217108,0.008843149548962322,0.005694288959809864,0.006253051013118016,0.009765625,0.007873298582322802,0.01727715430952552,0.004026470337517247,0.008843149548962322,0.013982247132105814,0.0078125,0.0,0.014938533731228863,0.005258950006967289,0.003521046167445302,0.0300838316420886,0.006176323555016366,0.007042092334890604,0.013810679320049757,0.004026470337517247,0.0009765625,0.005258950006967289,0.008052940675034493,0.0021836601342771385,0.005940197783494355,0.004979511243742954,0.0048828125,0.004026470337517247,0.006176323555016366,0.0068359375,0.0013810679320049757,0.0041432037960149265,0.0048828125,0.003088161777508183,0.0048828125,0.013566839833447074,0.008843149548962322,0.00834375365753665,0.018657200365764452,0.005940197783494355,0.006176323555016366,0.006905339660024878,0.009814331661250869,0.0021836601342771385,0.007627196949127592,0.006176323555016366,0.004367320268554277,0.015746597164645604,0.005524271728019903,0.004367320268554277,0.0078125,1,1,0.0
22.265625,10.066763877868652,6.0,0.23546898365020752,1.870219111442566,1.953125,23.439950942993164,8.515873908996582,1.171875,0.49816423654556274,0.027500249445438385,793.0,14845.0,4816489.0,18.720050811767578,0.26636677980422974,1.1522042751312256,4.331551551818848,3.937278961529955e-05,0.0,0.1330735683441162,870,906,847,857,862,793,844,827,845,830,792,791,879,888,910,924,909,958,892,905,920,905,840,888,909,904,847,842,891,856,848,871,919,858,844,857,846,795,717,767,823,829,840,921,892,905,858,831,824,830,826,891,937,889,807,840,861,859,829,825,856,862,840,824,872,843,777,844,892,892,904,872,895,872,765,797,843,815,846,889,943,956,908,925,949,940,863,824,841,862,807,832,857,814,877,894,904,873,827,814,888,863,863,876,893,936,907,925,952,912,822,846,825,781,746,751,862,893,875,870,920,888,844,832,828,779,697,746,762,735,696,732,748,760,736,718,764,812,781,811,830,827,751,809,839,856,845,861,874,892,871,923,966,907,860,941,1004,990,957,924,988,975,936,941,942,879,918,919,923,873,875,927,976,956,920,887,847,859,793,796,828,763,811,862,892,826,808,812,905,888,877,872,858,856,809,816,878,855,829,922,942,910,878,887,971,935,888,842,878,861,825,828,830,826,749,794,844,840,813,860,859,889,863,859,844,856,811,828,862,842,764,813,841,828,799,810,808,830,793,844,855,829,794,863,888,875,842,809,847,841,812,840,906,855,872,904,0.0009765625,0.01188039556698871,0.07675806098878353,0.10346494189656782,0.09087804784478001,0.09533370985832641,0.0816116500616257,0.04421574774481161,0.02763861659782208,0.043013116299893045,0.04143203796014927,0.012732817197661424,0.022798081113142094,0.04026470337517247,0.026939676219011176,0.08123685290267743,0.035224001556389516,0.012079411012551739,0.01878455474772592,0.060080423497156345,0.06354413470702125,0.03066468450802262,0.029765137996344084,0.019457869965987574,0.022269051271467537,0.0029296875,0.026294750034836445,0.03401186477982031,0.03360283307438526,0.031158312760827766,0.01589728573837862,0.007873298582322802,0.016105881350068987,0.009618025197066508,0.005859375,0.01792730444402912,0.004979511243742954,0.004026470337517247,0.020132351687586234,0.0065509804028314154,0.007873298582322802,0.017469281074217108,0.009814331661250869,0.013879560940968648,0.009003461384075085,0.013982247132105814,0.031387028671851946,0.04216217411117754,0.011134525635733769,0.008400708268596315,0.014874556847390447,0.009765625,0.005940197783494355,0.013101960805662831,0.010054326309557618,0.005694288959809864,0.003521046167445302,0.0021836601342771385,0.011920464468489943,0.004367320268554277,0.010517900013934578,0.00834375365753665,0.012079411012551739,0.0013810679320049757,0.09204587240584515,0.0065509804028314154,0.0048828125,0.006253051013118016,0.008734640537108554,0.005694288959809864,0.01516032685181643,0.0009765625,0.008286407592029853,0.006905339660024878,0.003521046167445302,0.0048828125,0.0009765625,0.0021836601342771385,0.015191747252054731,0.010517900013934578,0.005940197783494355,0.008843149548962322,0.006905339660024878,0.003521046167445302,0.014778072217208551,0.007437278423695223,0.009003461384075085,0.0126953125,0.009264485332524549,0.003088161777508183,0.015776850020901866,0.004026470337517247,0.0048828125,0.03274034104343791,0.004026470337517247,0.004367320268554277,0.015625,0.0065509804028314154,0.0009765625,0.0065509804028314154,0.009003461384075085,0.003521046167445302,0.004367320268554277,0.00390625,0.004026470337517247,0.0048828125,0.004979511243742954,0.005694288959809864,0.0027621358640099515,0.003088161777508183,0.004026470337517247,0.001953125,0.003521046167445302,0.01179984958358845,0.008734640537108554,0.007873298582322802,0.017387200990981306,0.007627196949127592,0.006905339660024878,0.007109482313750506,0.011759369705851851,0.0027621358640099515,0.007042092334890604,0.007042092334890604,0.006176323555016366,0.017387200990981306,0.0048828125,0.0027621358640099515,0.005859375,1,1,0.0
23.046875,10.202220916748047,7.0,0.22660517692565918,1.9793875217437744,1.953125,15.762511253356934,8.53355884552002,1.171875,0.5138130187988281,0.026921970769762993,760.0,11225.0,3869677.5,14.769737243652344,0.2595818042755127,1.1778594255447388,3.6208250522613525,4.107957283849828e-05,0.0,0.14375394582748413,903,872,795,889,895,887,871,846,870,906,847,857,862,793,844,827,845,830,792,791,879,888,910,924,909,958,892,905,920,905,840,888,909,904,847,842,891,856,848,871,919,858,844,857,846,795,717,767,823,829,840,921,892,905,858,831,824,830,826,891,937,889,807,840,861,859,829,825,856,862,840,824,872,843,777,844,892,892,904,872,895,872,765,797,843,815,846,889,943,956,908,925,949,940,863,824,841,862,807,832,857,814,877,894,904,873,827,814,888,863,863,876,893,936,907,925,952,912,822,846,825,781,746,751,862,893,875,870,920,888,844,832,828,779,697,746,762,735,696,732,748,760,736,718,764,812,781,811,830,827,751,809,839,856,845,861,874,892,871,923,966,907,860,941,1004,990,957,924,988,975,936,941,942,879,918,919,923,873,875,927,976,956,920,887,847,859,793,796,828,763,811,862,892,826,808,812,905,888,877,872,858,856,809,816,878,855,829,922,942,910,878,887,971,935,888,842,878,861,825,828,830,826,749,794,844,840,813,860,859,889,863,859,844,856,811,828,862,842,764,813,841,828,799,810,808,830,793,844,855,829,794,863,888,875,842,809,0.00341796875,0.012236293052872722,0.07203431096058605,0.10740855741311493,0.0855649328115834,0.09727464503858553,0.08527465428014151,0.03965613379735733,0.031035641761856844,0.046895340638839725,0.045856862819819905,0.017820593350483065,0.027151247606362977,0.03648738611771368,0.03057124187987994,0.07650293641282768,0.03554741156875253,0.011759369705851851,0.01878455474772592,0.05731847887042652,0.06634878027915246,0.029296875,0.02763861659782208,0.018961413905222265,0.022140203220223895,0.0021836601342771385,0.02833714478231818,0.03304477405407936,0.03294360897154883,0.03102027377786834,0.01800692276815017,0.009959022487485907,0.015776850020901866,0.006253051013118016,0.004367320268554277,0.020108652619115236,0.003521046167445302,0.001953125,0.0185546875,0.007042092334890604,0.007042092334890604,0.015746597164645604,0.00966747552403483,0.011759369705851851,0.006176323555016366,0.014517645261053229,0.028185292362620726,0.0439561618551832,0.014517645261053229,0.009212872199274027,0.013982247132105814,0.011920464468489943,0.008052940675034493,0.014517645261053229,0.009765625,0.005258950006967289,0.004367320268554277,0.0013810679320049757,0.01242961138804478,0.007873298582322802,0.013101960805662831,0.005940197783494355,0.009003461384075085,0.003521046167445302,0.09457038510684945,0.006253051013118016,0.005524271728019903,0.0078125,0.007873298582322802,0.005940197783494355,0.01760523083722651,0.001953125,0.008400708268596315,0.0048828125,0.0013810679320049757,0.0029296875,0.0021836601342771385,0.0009765625,0.013282686043686957,0.011920464468489943,0.009003461384075085,0.009618025197066508,0.005258950006967289,0.0021836601342771385,0.013566839833447074,0.009618025197066508,0.008052940675034493,0.01019561182510796,0.012352647110032733,0.0048828125,0.017953883116064683,0.006253051013118016,0.005940197783494355,0.032241355506287456,0.004026470337517247,0.006253051013118016,0.014778072217208551,0.004367320268554277,0.0009765625,0.0041432037960149265,0.006905339660024878,0.0021836601342771385,0.006253051013118016,0.005258950006967289,0.0021836601342771385,0.0041432037960149265,0.003088161777508183,0.005694288959809864,0.0048828125,0.0,0.00390625,0.0009765625,0.001953125,0.009264485332524549,0.010918300671385692,0.007437278423695223,0.016370170521718956,0.008843149548962322,0.008734640537108554,0.010918300671385692,0.009618025197066508,0.0013810679320049757,0.0048828125,0.0065509804028314154,0.0021836601342771385,0.015655487833868553,0.0087890625,0.0065509804028314154,0.009765625,1,1,0.0
25.0,10.273136138916016,7.0,0.2141510248184204,1.976106882095337,1.953125,17.396381378173828,8.625199317932129,1.171875,0.5217962861061096,0.027028031647205353,766.0,12097.0,3971216.0,15.792428016662598,0.2640526592731476,1.2192097902297974,3.7752246856689453,0.0004994241171516478,0.0,0.13641022145748138,919,894,846,889,876,815,855,856,903,872,795,889,895,887,871,846,870,906,847,857,862,793,844,827,845,830,792,791,879,888,910,924,909,958,892,905,920,905,840,888,909,904,847,842,891,856,848,871,919,858,844,857,846,795,717,767,823,829,840,921,892,905,858,831,824,830,826,891,937,889,807,840,861,859,829,825,856,862,840,824,872,843,777,844,892,892,904,872,895,872,765,797,843,815,846,889,943,956,908,925,949,940,863,824,841,862,807,832,857,814,877,894,904,873,827,814,888,863,863,876,893,936,907,925,952,912,822,846,825,781,746,751,862,893,875,870,920,888,844,832,828,779,697,746,762,735,696,732,748,760,736,718,764,812,781,811,830,827,751,809,839,856,845,861,874,892,871,923,966,907,860,941,1004,990,957,924,988,975,936,941,942,879,918,919,923,873,875,927,976,956,920,887,847,859,793,796,828,763,811,862,892,826,808,812,905,888,877,872,858,856,809,816,878,855,829,922,942,910,878,887,971,935,888,842,878,861,825,828,830,826,749,794,844,840,813,860,859,889,863,859,844,856,811,828,862,842,764,813,841,828,799,810,808,830,793,844,0.001953125,0.016016815885602272,0.06698535406110358,0.1086971531639952,0.08418852368067307,0.09267058443345591,0.09040458446119623,0.04089920232689829,0.03416573375885918,0.04324529262789947,0.040229160007902304,0.0170549308560283,0.02157297073669387,0.04163868282290594,0.0263671875,0.08231558794096296,0.035907766232129365,0.010918300671385692,0.015440808887540914,0.058991165275542795,0.06253051013118016,0.034402177644157296,0.0234375,0.025559086578715626,0.016630260122975003,0.007873298582322802,0.032754902014157074,0.03853402276747824,0.026565372087373914,0.024492062898407135,0.023619895746968406,0.016370170521718956,0.010563138502335907,0.005940197783494355,0.0048828125,0.02652944864688696,0.003521046167445302,0.004026470337517247,0.014938533731228863,0.009264485332524549,0.0087890625,0.013601941676937616,0.0126953125,0.013101960805662831,0.0065509804028314154,0.01760523083722651,0.02883754503951836,0.043596707588964285,0.0146484375,0.013028968812623373,0.011134525635733769,0.013566839833447074,0.006253051013118016,0.011430371006562134,0.012732817197661424,0.0029296875,0.0021836601342771385,0.0027621358640099515,0.010517900013934578,0.0068359375,0.012079411012551739,0.006253051013118016,0.009212872199274027,0.003521046167445302,0.0933626437712275,0.006176323555016366,0.005258950006967289,0.008400708268596315,0.007873298582322802,0.007873298582322802,0.01792730444402912,0.0021836601342771385,0.007437278423695223,0.007042092334890604,0.0021836601342771385,0.0041432037960149265,0.0021836601342771385,0.003521046167445302,0.012732817197661424,0.011134525635733769,0.005694288959809864,0.011134525635733769,0.005940197783494355,0.004367320268554277,0.015746597164645604,0.0068359375,0.008843149548962322,0.013101960805662831,0.009212872199274027,0.004979511243742954,0.0170549308560283,0.0048828125,0.007627196949127592,0.03419363554689765,0.0021836601342771385,0.006253051013118016,0.016105881350068987,0.004979511243742954,0.003521046167445302,0.004367320268554277,0.005694288959809864,0.0,0.007873298582322802,0.006905339660024878,0.0021836601342771385,0.004367320268554277,0.0021836601342771385,0.006253051013118016,0.004979511243742954,0.0013810679320049757,0.005940197783494355,0.0021836601342771385,0.003088161777508183,0.007873298582322802,0.012732817197661424,0.008734640537108554,0.0170549308560283,0.008400708268596315,0.009618025197066508,0.009765625,0.008052940675034493,0.001953125,0.006253051013118016,0.004026470337517247,0.004367320268554277,0.015776850020901866,0.0065509804028314154,0.0048828125,0.0078125,1,1,0.0
25.0,10.272866249084473,6.0,0.22380918264389038,1.882973551750183,25.0,17.675813674926758,8.710144996643066,1.171875,0.5069580674171448,0.02704566903412342,767.0,12389.0,3962008.75,16.152542114257812,0.26923272013664246,1.3554704189300537,3.8025717735290527,0.00016288137703668326,0.0,0.1496652066707611,830,828,795,872,904,874,873,847,919,894,846,889,876,815,855,856,903,872,795,889,895,887,871,846,870,906,847,857,862,793,844,827,845,830,792,791,879,888,910,924,909,958,892,905,920,905,840,888,909,904,847,842,891,856,848,871,919,858,844,857,846,795,717,767,823,829,840,921,892,905,858,831,824,830,826,891,937,889,807,840,861,859,829,825,856,862,840,824,872,843,777,844,892,892,904,872,895,872,765,797,843,815,846,889,943,956,908,925,949,940,863,824,841,862,807,832,857,814,877,894,904,873,827,814,888,863,863,876,893,936,907,925,952,912,822,846,825,781,746,751,862,893,875,870,920,888,844,832,828,779,697,746,762,735,696,732,748,760,736,718,764,812,781,811,830,827,751,809,839,856,845,861,874,892,871,923,966,907,860,941,1004,990,957,924,988,975,936,941,942,879,918,919,923,873,875,927,976,956,920,887,847,859,793,796,828,763,811,862,892,826,808,812,905,888,877,872,858,856,809,816,878,855,829,922,942,910,878,887,971,935,888,842,878,861,825,828,830,826,749,794,844,840,813,860,859,889,863,859,844,856,811,828,862,842,764,813,0.00146484375,0.022269051271467537,0.06046018239126604,0.10972756374142692,0.0856373487046631,0.0856095036872778,0.09572305277220973,0.047621817735299256,0.035934315415965035,0.0352916230460794,0.033730304764004966,0.010563138502335907,0.015776850020901866,0.04509139211177811,0.020600608505594715,0.08848540070370542,0.0448900192756297,0.0029296875,0.009212872199274027,0.05079063915603845,0.06991123566052906,0.03066468450802262,0.022482157096135425,0.02132844694125152,0.021945512748285382,0.0048828125,0.029296875,0.03176456243611444,0.03316001337177665,0.0318844291353799,0.01760523083722651,0.009264485332524549,0.014938533731228863,0.009212872199274027,0.007873298582322802,0.022881590847382775,0.006253051013118016,0.005524271728019903,0.011048543456039806,0.012079411012551739,0.012732817197661424,0.010054326309557618,0.013282686043686957,0.010517900013934578,0.005524271728019903,0.01878455474772592,0.0283203125,0.04372776011179318,0.01589728573837862,0.013671875,0.009003461384075085,0.014680953494504793,0.005258950006967289,0.011388577919619728,0.013706707859002147,0.003088161777508183,0.001953125,0.003521046167445302,0.010918300671385692,0.005694288959809864,0.01179984958358845,0.007109482313750506,0.009814331661250869,0.004026470337517247,0.09457038510684945,0.005940197783494355,0.004979511243742954,0.008734640537108554,0.008286407592029853,0.008734640537108554,0.01760523083722651,0.001953125,0.0065509804028314154,0.007627196949127592,0.0041432037960149265,0.005258950006967289,0.0009765625,0.0021836601342771385,0.014874556847390447,0.011920464468489943,0.006905339660024878,0.010381001770248682,0.004979511243742954,0.0021836601342771385,0.014874556847390447,0.009212872199274027,0.006176323555016366,0.012352647110032733,0.008052940675034493,0.0013810679320049757,0.013706707859002147,0.0021836601342771385,0.007627196949127592,0.03712222228271135,0.0021836601342771385,0.00834375365753665,0.019457869965987574,0.007873298582322802,0.007437278423695223,0.0041432037960149265,0.003088161777508183,0.003088161777508183,0.009212872199274027,0.005859375,0.0009765625,0.0065509804028314154,0.00390625,0.004979511243742954,0.003088161777508183,0.0009765625,0.0027621358640099515,0.0013810679320049757,0.0009765625,0.008843149548962322,0.010918300671385692,0.007437278423695223,0.016164985700436375,0.009765625,0.010786485368346935,0.0126953125,0.0065509804028314154,0.004367320268554277,0.007109482313750506,0.0021836601342771385,0.004979511243742954,0.014517645261053229,0.004367320268554277,0.004026470337517247,0.0048828125,1,1,0.0
25.0,10.311492919921875,7.0,0.23698419332504272,1.8250478506088257,2.34375,17.82110023498535,8.813970565795898,1.171875,0.49292629957199097,0.027080906555056572,769.0,12625.0,4160842.0,16.41742515563965,0.2700895071029663,1.314009189605713,3.8346056938171387,9.133903222391382e-05,0.0,0.13689985871315002,891,831,781,782,809,832,808,781,830,828,795,872,904,874,873,847,919,894,846,889,876,815,855,856,903,872,795,889,895,887,871,846,870,906,847,857,862,793,844,827,845,830,792,791,879,888,910,924,909,958,892,905,920,905,840,888,909,904,847,842,891,856,848,871,919,858,844,857,846,795,717,767,823,829,840,921,892,905,858,831,824,830,826,891,937,889,807,840,861,859,829,825,856,862,840,824,872,843,777,844,892,892,904,872,895,872,765,797,843,815,846,889,943,956,908,925,949,940,863,824,841,862,807,832,857,814,877,894,904,873,827,814,888,863,863,876,893,936,907,925,952,912,822,846,825,781,746,751,862,893,875,870,920,888,844,832,828,779,697,746,762,735,696,732,748,760,736,718,764,812,781,811,830,827,751,809,839,856,845,861,874,892,871,923,966,907,860,941,1004,990,957,924,988,975,936,941,942,879,918,919,923,873,875,927,976,956,920,887,847,859,793,796,828,763,811,862,892,826,808,812,905,888,877,872,858,856,809,816,878,855,829,922,942,910,878,887,971,935,888,842,878,861,825,828,830,826,749,794,844,840,813,860,859,889,863,859,0.00146484375,0.02157297073669387,0.05996125559769044,0.10944473223532734,0.08496654974279769,0.0868701609629144,0.09578281121280648,0.0453970285123807,0.03803582440263759,0.035372598195849286,0.031143005310746045,0.011920464468489943,0.013101960805662831,0.047037478823407405,0.017953883116064683,0.09053108347520929,0.04835710313726542,0.0009765625,0.011430371006562134,0.047861526386104865,0.0732682245386824,0.025947910655442233,0.02751758360079174,0.01824369305885684,0.021417687694786434,0.00390625,0.02995676103550384,0.03792282781044453,0.027361183058831836,0.026294750034836445,0.022545696055889054,0.014084184669781208,0.016253239235442616,0.005859375,0.005258950006967289,0.0170549308560283,0.007627196949127592,0.0065509804028314154,0.013810679320049757,0.015746597164645604,0.01824369305885684,0.003521046167445302,0.014938533731228863,0.01284467425582608,0.010054326309557618,0.022269051271467537,0.0318844291353799,0.04007477447008436,0.013282686043686957,0.012732817197661424,0.013282686043686957,0.011759369705851851,0.006253051013118016,0.013706707859002147,0.01188039556698871,0.0048828125,0.003088161777508183,0.004979511243742954,0.010054326309557618,0.0065509804028314154,0.011134525635733769,0.007437278423695223,0.009959022487485907,0.00390625,0.0933626437712275,0.007873298582322802,0.003521046167445302,0.0087890625,0.009264485332524549,0.005859375,0.0170549308560283,0.0021836601342771385,0.009264485332524549,0.004979511243742954,0.0027621358640099515,0.006253051013118016,0.004367320268554277,0.0065509804028314154,0.015746597164645604,0.008052940675034493,0.005258950006967289,0.007042092334890604,0.008052940675034493,0.0021836601342771385,0.012236293052872722,0.011759369705851851,0.003521046167445302,0.011134525635733769,0.009003461384075085,0.0021836601342771385,0.010563138502335907,0.0027621358640099515,0.0087890625,0.0385216463346016,0.003521046167445302,0.009212872199274027,0.017953883116064683,0.0068359375,0.0068359375,0.00390625,0.003088161777508183,0.003521046167445302,0.008400708268596315,0.005940197783494355,0.001953125,0.007109482313750506,0.004367320268554277,0.0041432037960149265,0.0021836601342771385,0.0013810679320049757,0.0027621358640099515,0.001953125,0.0021836601342771385,0.007873298582322802,0.011759369705851851,0.008286407592029853,0.0170549308560283,0.009618025197066508,0.010918300671385692,0.012352647110032733,0.007042092334890604,0.0048828125,0.007109482313750506,0.0013810679320049757,0.006176323555016366,0.013282686043686957,0.003088161777508183,0.0048828125,0.00390625,1,1,0.0
3.125,4.5163044929504395,6.0,0.042664241045713425,22.223373413085938,0.390625,23.70359992980957,2.535623550415039,0.78125,0.9161128401756287,0.09626945108175278,9718.0,244069.0,1303351680.0,25.11514663696289,0.041222941130399704,1.374695897102356,4.513284683227539,5.144628448761068e-05,0.0,0.039016563445329666,1560,1530,1503,1482,1469,1406,1432,1403,1372,1341,1274,1278,1245,1182,1163,1096,1035,1035,970,927,878,779,776,703,640,571,491,394,362,298,218,102,2,0,0,30,205,334,301,304,312,343,374,496,650,619,557,543,606,621,604,663,749,731,631,669,666,664,667,735,730,776,745,728,751,827,815,844,815,775,700,760,782,776,760,749,729,732,733,768,807,798,777,845,887,888,871,861,910,876,822,814,830,766,793,828,873,844,815,918,970,987,984,955,953,970,935,950,953,879,893,894,922,878,832,827,891,862,860,860,876,912,873,895,1000,1006,942,972,958,927,893,889,957,941,942,944,1022,1017,988,984,959,909,830,880,863,830,781,812,761,763,731,712,728,781,782,843,889,894,841,904,891,831,781,782,809,832,808,781,830,828,795,872,904,874,873,847,919,894,846,889,876,815,855,856,903,872,795,889,895,887,871,846,870,906,847,857,862,793,844,827,845,830,792,791,879,888,910,924,909,958,892,905,920,905,840,888,909,904,847,842,891,856,848,871,919,858,844,857,846,795,717,767,823,829,840,921,892,905,858,831,824,830,826,891,937,889,807,840,861,859,829,825,856,862,840,824,0.0029296875,0.3551641143988766,0.5828867519829277,0.480997430489194,0.5525177979515435,0.45126592803487364,0.4173385289592925,0.17481559847232822,0.14662753421190203,0.07101429282303845,0.076171875,0.09361257016799096,0.1474738715354165,0.1647151499633273,0.052407843222651324,0.1343013117813501,0.030649130520459405,0.0027621358640099515,0.04673236763283359,0.03340357690720131,0.055526831936833984,0.09480706952611133,0.033432114782468145,0.06348407407478518,0.03601384553630034,0.04336641271713773,0.06083757080926766,0.037057941330098196,0.05277053158635272,0.023619895746968406,0.03629082846887118,0.0324624416769427,0.008400708268596315,0.02376079113397742,0.048759717706327844,0.07298130621692726,0.0567751634912056,0.014517645261053229,0.014680953494504793,0.033203125,0.029813159223581537,0.0412127887617367,0.03585460888805824,0.037695818487536684,0.015746597164645604,0.03144773864864183,0.04559616222628419,0.008400708268596315,0.018657200365764452,0.007873298582322802,0.013101960805662831,0.012352647110032733,0.005258950006967289,0.024954945974962183,0.01708286687942959,0.009814331661250869,0.0087890625,0.020531050821902968,0.01878455474772592,0.013028968812623373,0.007627196949127592,0.016253239235442616,0.013601941676937616,0.008286407592029853,0.08370000912975047,0.014778072217208551,0.021506558149946522,0.03316001337177665,0.02751758360079174,0.01933495104806966,0.03192926313334339,0.010918300671385692,0.012506102026236032,0.02039122365021592,0.021836601342771385,0.01933495104806966,0.006905339660024878,0.0146484375,0.019773883526676354,0.004026470337517247,0.013101960805662831,0.010381001770248682,0.023640075072090243,0.013101960805662831,0.0065509804028314154,0.015440808887540914,0.01792730444402912,0.013566839833447074,0.020320949264340638,0.01313830473347042,0.02627660946694084,0.0126953125,0.008052940675034493,0.024705294220065465,0.016370170521718956,0.017686299097924643,0.013601941676937616,0.014517645261053229,0.017953883116064683,0.0166015625,0.013282686043686957,0.01589728573837862,0.019918044974971814,0.010918300671385692,0.013982247132105814,0.010517900013934578,0.009264485332524549,0.010517900013934578,0.009814331661250869,0.010918300671385692,0.016716057391234072,0.007873298582322802,0.012079411012551739,0.01019561182510796,0.013879560940968648,0.012236293052872722,0.027010384152225255,0.011048543456039806,0.007627196949127592,0.004367320268554277,0.010918300671385692,0.012079411012551739,0.004026470337517247,0.0146484375,0.01188039556698871,0.020967686087484266,0.005940197783494355,0.0107421875,0.0185546875,1,1,1.0
2.34375,4.428886413574219,6.0,0.04518014192581177,24.703102111816406,1.5625,26.86661720275879,2.454793930053711,0.78125,0.917671799659729,0.11201133579015732,13156.0,356261.0,2860954624.0,27.079734802246094,0.037148039788007736,1.1129504442214966,4.8899407386779785,2.1377773009589873e-05,0.0,0.04198527708649635,1471,1612,1579,1597,1593,1564,1592,1533,1560,1530,1503,1482,1469,1406,1432,1403,1372,1341,1274,1278,1245,1182,1163,1096,1035,1035,970,927,878,779,776,703,640,571,491,394,362,298,218,102,2,0,0,30,205,334,301,304,312,343,374,496,650,619,557,543,606,621,604,663,749,731,631,669,666,664,667,735,730,776,745,728,751,827,815,844,815,775,700,760,782,776,760,749,729,732,733,768,807,798,777,845,887,888,871,861,910,876,822,814,830,766,793,828,873,844,815,918,970,987,984,955,953,970,935,950,953,879,893,894,922,878,832,827,891,862,860,860,876,912,873,895,1000,1006,942,972,958,927,893,889,957,941,942,944,1022,1017,988,984,959,909,830,880,863,830,781,812,761,763,731,712,728,781,782,843,889,894,841,904,891,831,781,782,809,832,808,781,830,828,795,872,904,874,873,847,919,894,846,889,876,815,855,856,903,872,795,889,895,887,871,846,870,906,847,857,862,793,844,827,845,830,792,791,879,888,910,924,909,958,892,905,920,905,840,888,909,904,847,842,891,856,848,871,919,858,844,857,846,795,717,767,823,829,840,921,892,905,858,831,824,830,826,891,937,889,807,840,0.0029296875,0.39259512945137937,0.7375607481684269,0.6266777408243622,0.6587592698662886,0.4667366020841923,0.36333506195870385,0.03847210078826603,0.00390625,0.1568622039804288,0.1154989018904103,0.1748728699080644,0.1313830473347042,0.06093155269455663,0.10340962290746099,0.022482157096135425,0.08649058525579895,0.10547327102578599,0.07800894700602157,0.06132936901604524,0.0341098617120566,0.045908825287277966,0.05694288959809864,0.04804052295409705,0.027981540589637505,0.041120123577006444,0.015625,0.008843149548962322,0.021439939843847802,0.0318844291353799,0.05064961906207008,0.049042498162069216,0.02286074201312427,0.012732817197661424,0.04203758447271657,0.0712957509704843,0.05191419476563286,0.007437278423695223,0.021417687694786434,0.02751758360079174,0.032241355506287456,0.03477440198196261,0.026939676219011176,0.020692988379313566,0.025633603024231812,0.020132351687586234,0.031035641761856844,0.03549371454177001,0.017953883116064683,0.025031260972609954,0.02231183527108567,0.02229045353615884,0.025031260972609954,0.004026470337517247,0.01188039556698871,0.019186408891004394,0.019773883526676354,0.004979511243742954,0.0107421875,0.013982247132105814,0.021506558149946522,0.0021836601342771385,0.011388577919619728,0.007437278423695223,0.08102526762770133,0.009212872199274027,0.013706707859002147,0.025781989809461104,0.01886055460530075,0.009814331661250869,0.027500249688142037,0.0009765625,0.005258950006967289,0.015746597164645604,0.01516032685181643,0.007627196949127592,0.009212872199274027,0.0068359375,0.008286407592029853,0.01792730444402912,0.007873298582322802,0.020531050821902968,0.006905339660024878,0.007627196949127592,0.01708286687942959,0.003088161777508183,0.0009765625,0.008400708268596315,0.005258950006967289,0.004979511243742954,0.01284467425582608,0.005258950006967289,0.009814331661250869,0.03601384553630034,0.004026470337517247,0.008400708268596315,0.018528970665049098,0.005940197783494355,0.006253051013118016,0.005940197783494355,0.0021836601342771385,0.0048828125,0.013282686043686957,0.0009765625,0.001953125,0.0041432037960149265,0.005694288959809864,0.004367320268554277,0.007109482313750506,0.0029296875,0.0021836601342771385,0.010054326309557618,0.00390625,0.006253051013118016,0.011134525635733769,0.007109482313750506,0.018347943582085875,0.009264485332524549,0.0078125,0.015655487833868553,0.007109482313750506,0.0048828125,0.01188039556698871,0.0041432037960149265,0.0021836601342771385,0.01953125,0.004026470337517247,0.0009765625,0.0087890625,1,1,1.0
2.34375,3.248467445373535,4.0,0.026519306004047394,44.10363006591797,1.5625,34.43096160888672,1.9352387189865112,0.78125,0.9518975019454956,0.12689301371574402,16884.0,570421.0,5982453760.0,33.784706115722656,0.021583199501037598,1.2535513639450073,5.556687355041504,1.6657273590681143e-05,0.0,0.016466517001390457,986,922,855,811,828,831,872,1159,1471,1612,1579,1597,1593,1564,1592,1533,1560,1530,1503,1482,1469,1406,1432,1403,1372,1341,1274,1278,1245,1182,1163,1096,1035,1035,970,927,878,779,776,703,640,571,491,394,362,298,218,102,2,0,0,30,205,334,301,304,312,343,374,496,650,619,557,543,606,621,604,663,749,731,631,669,666,664,667,735,730,776,745,728,751,827,815,844,815,775,700,760,782,776,760,749,729,732,733,768,807,798,777,845,887,888,871,861,910,876,822,814,830,766,793,828,873,844,815,918,970,987,984,955,953,970,935,950,953,879,893,894,922,878,832,827,891,862,860,860,876,912,873,895,1000,1006,942,972,958,927,893,889,957,941,942,944,1022,1017,988,984,959,909,830,880,863,830,781,812,761,763,731,712,728,781,782,843,889,894,841,904,891,831,781,782,809,832,808,781,830,828,795,872,904,874,873,847,919,894,846,889,876,815,855,856,903,872,795,889,895,887,871,846,870,906,847,857,862,793,844,827,845,830,792,791,879,888,910,924,909,958,892,905,920,905,840,888,909,904,847,842,891,856,848,871,919,858,844,857,846,795,717,767,823,829,840,921,892,905,858,831,0.0,0.39947255645946167,0.7449072545841723,0.6290586298801251,0.6556430007601703,0.4581660341045906,0.3542715179218399,0.034637007521422264,0.006176323555016366,0.14874556847390447,0.10517900013934578,0.16624811386529934,0.13387813526688763,0.07168926621965997,0.0939988964908839,0.03389952140177692,0.09001872397731434,0.11088608100850973,0.09087804784478001,0.07305966841510972,0.047330550062705604,0.04577360017678893,0.07298130621692726,0.06114248375975988,0.04515479695975348,0.058438923048348364,0.003088161777508183,0.018657200365764452,0.03712222228271135,0.04367320268554277,0.058021292099659956,0.048238629043861204,0.005940197783494355,0.03066468450802262,0.05623507831596863,0.06772867532968634,0.03521046167445302,0.010054326309557618,0.033332125323976586,0.01760523083722651,0.02751758360079174,0.020320949264340638,0.011430371006562134,0.011388577919619728,0.032033631771204545,0.010563138502335907,0.02777629424478104,0.02489755621871477,0.009765625,0.015440808887540914,0.016164985700436375,0.018657200365764452,0.021836601342771385,0.003088161777508183,0.009959022487485907,0.018528970665049098,0.019773883526676354,0.007437278423695223,0.011388577919619728,0.01441877251975918,0.02157297073669387,0.0013810679320049757,0.0107421875,0.0048828125,0.07958235442140366,0.0126953125,0.017304731588544287,0.026654968874914416,0.016716057391234072,0.0048828125,0.027500249688142037,0.005940197783494355,0.004367320268554277,0.008843149548962322,0.008400708268596315,0.008286407592029853,0.004979511243742954,0.004367320268554277,0.01179984958358845,0.010918300671385692,0.007042092334890604,0.01878455474772592,0.010786485368346935,0.003521046167445302,0.014084184669781208,0.0065509804028314154,0.005258950006967289,0.009003461384075085,0.001953125,0.007437278423695223,0.01242961138804478,0.006176323555016366,0.009765625,0.037186392118476116,0.005940197783494355,0.009212872199274027,0.01800692276815017,0.0048828125,0.007627196949127592,0.009264485332524549,0.004979511243742954,0.006253051013118016,0.013601941676937616,0.005859375,0.003088161777508183,0.00834375365753665,0.007627196949127592,0.006253051013118016,0.00390625,0.0027621358640099515,0.005940197783494355,0.009618025197066508,0.0027621358640099515,0.0048828125,0.007627196949127592,0.0021836601342771385,0.016253239235442616,0.0126953125,0.010786485368346935,0.01760523083722651,0.006253051013118016,0.004367320268554277,0.013601941676937616,0.0021836601342771385,0.0009765625,0.021417687694786434,0.003521046167445302,0.0009765625,0.009765625,1,1,1.0
2.34375,3.2345077991485596,4.0,0.03289790078997612,45.70975112915039,1.5625,35.247283935546875,1.9356187582015991,0.78125,0.946397602558136,0.1270507425069809,16926.0,581841.0,6042981376.0,34.37557601928711,0.02070450223982334,1.290831446647644,5.6175217628479,0.0,0.0,0.016326768323779106,1258,1276,1227,1212,1166,1110,1040,1038,986,922,855,811,828,831,872,1159,1471,1612,1579,1597,1593,1564,1592,1533,1560,1530,1503,1482,1469,1406,1432,1403,1372,1341,1274,1278,1245,1182,1163,1096,1035,1035,970,927,878,779,776,703,640,571,491,394,362,298,218,102,2,0,0,30,205,334,301,304,312,343,374,496,650,619,557,543,606,621,604,663,749,731,631,669,666,664,667,735,730,776,745,728,751,827,815,844,815,775,700,760,782,776,760,749,729,732,733,768,807,798,777,845,887,888,871,861,910,876,822,814,830,766,793,828,873,844,815,918,970,987,984,955,953,970,935,950,953,879,893,894,922,878,832,827,891,862,860,860,876,912,873,895,1000,1006,942,972,958,927,893,889,957,941,942,944,1022,1017,988,984,959,909,830,880,863,830,781,812,761,763,731,712,728,781,782,843,889,894,841,904,891,831,781,782,809,832,808,781,830,828,795,872,904,874,873,847,919,894,846,889,876,815,855,856,903,872,795,889,895,887,871,846,870,906,847,857,862,793,844,827,845,830,792,791,879,888,910,924,909,958,892,905,920,905,840,888,909,904,847,842,891,856,848,871,919,858,844,857,846,795,717,767,0.00341796875,0.46658946261519363,0.8181921303224458,0.6297806058066534,0.5955670310728899,0.3801024128288076,0.3278356820665425,0.10194676404965149,0.08179840465379658,0.07607164880527519,0.13453898515073848,0.21099400646501823,0.20167848074280648,0.11045953650138843,0.14761607112901498,0.0498046875,0.13591420642739693,0.1465136689458983,0.08891546593820342,0.0739677602285121,0.03676080122015373,0.06550980402831415,0.03712222228271135,0.03232997140087275,0.025947910655442233,0.036604814089826784,0.024158822025103478,0.031081700122733494,0.031387028671851946,0.060080423497156345,0.07730280244985664,0.06350660346831682,0.016630260122975003,0.04609540516096073,0.06967210539741003,0.06332614389403701,0.02108108705558877,0.022545696055889054,0.03250647847088523,0.0048828125,0.0126953125,0.029313146523053973,0.02751758360079174,0.0283875817456028,0.019652941208494246,0.026294750034836445,0.031204190055996988,0.04316803926816473,0.020716018980074635,0.0324624416769427,0.015776850020901866,0.010381001770248682,0.009959022487485907,0.0146484375,0.005694288959809864,0.009765625,0.0166875073150733,0.018165112536853784,0.013982247132105814,0.021836601342771385,0.0300838316420886,0.00966747552403483,0.01708286687942959,0.009003461384075085,0.08219965043562096,0.01760523083722651,0.023840928936979887,0.028738162049926096,0.013982247132105814,0.004367320268554277,0.03564118670096613,0.014084184669781208,0.007873298582322802,0.013101960805662831,0.0185803687406645,0.016630260122975003,0.009814331661250869,0.012506102026236032,0.012352647110032733,0.022798081113142094,0.009765625,0.0185546875,0.014874556847390447,0.009003461384075085,0.008734640537108554,0.009814331661250869,0.013671875,0.006253051013118016,0.007873298582322802,0.01284467425582608,0.008734640537108554,0.0146484375,0.0146484375,0.04239901044158674,0.01284467425582608,0.013566839833447074,0.0170549308560283,0.009212872199274027,0.014084184669781208,0.0170549308560283,0.014218964627501012,0.010054326309557618,0.007873298582322802,0.014517645261053229,0.013028968812623373,0.010054326309557618,0.007042092334890604,0.007437278423695223,0.010918300671385692,0.0107421875,0.010054326309557618,0.016164985700436375,0.010786485368346935,0.011920464468489943,0.019555648822754675,0.01516032685181643,0.028185292362620726,0.007627196949127592,0.008400708268596315,0.013982247132105814,0.0048828125,0.0068359375,0.01886055460530075,0.007109482313750506,0.008052940675034493,0.027413415718004295,0.007627196949127592,0.007873298582322802,0.0166015625,1,1,1.0
2.34375,3.919621229171753,4.0,0.045824069529771805,32.049713134765625,1.171875,45.64866638183594,2.122819662094116,0.78125,0.9253050088882446,0.1304835081100464,17853.0,701957.0,6698958848.0,39.3187141418457,0.028870929032564163,1.6878429651260376,6.264370918273926,2.1441948774736375e-05,0.0,0.03228481858968735,1224,1454,1449,1422,1368,1386,1372,1308,1258,1276,1227,1212,1166,1110,1040,1038,986,922,855,811,828,831,872,1159,1471,1612,1579,1597,1593,1564,1592,1533,1560,1530,1503,1482,1469,1406,1432,1403,1372,1341,1274,1278,1245,1182,1163,1096,1035,1035,970,927,878,779,776,703,640,571,491,394,362,298,218,102,2,0,0,30,205,334,301,304,312,343,374,496,650,619,557,543,606,621,604,663,749,731,631,669,666,664,667,735,730,776,745,728,751,827,815,844,815,775,700,760,782,776,760,749,729,732,733,768,807,798,777,845,887,888,871,861,910,876,822,814,830,766,793,828,873,844,815,918,970,987,984,955,953,970,935,950,953,879,893,894,922,878,832,827,891,862,860,860,876,912,873,895,1000,1006,942,972,958,927,893,889,957,941,942,944,1022,1017,988,984,959,909,830,880,863,830,781,812,761,763,731,712,728,781,782,843,889,894,841,904,891,831,781,782,809,832,808,781,830,828,795,872,904,874,873,847,919,894,846,889,876,815,855,856,903,872,795,889,895,887,871,846,870,906,847,857,862,793,844,827,845,830,792,791,879,888,910,924,909,958,892,905,920,905,840,888,909,904,847,842,891,856,848,871,0.001953125,0.5743922795300189,0.9030162072570169,0.5928836324161041,0.4847381215127957,0.34192101540257186,0.4082603596986481,0.19393311737842323,0.15076113551877407,0.1347585482743407,0.2255436581050901,0.28093786933373943,0.19394049355166265,0.04712862700005334,0.1606230098140932,0.04334441605697685,0.05281569251167953,0.06641343021843478,0.07690080907269543,0.06993169449206312,0.064460522776208,0.05153622969515141,0.09916798652176644,0.087890625,0.056082242247504806,0.0657858195042941,0.030508787796510367,0.01179984958358845,0.025559086578715626,0.02713367966689415,0.05635366424317777,0.06278165297048996,0.024020261477048523,0.03516981075267404,0.07001347003490203,0.07354754056157317,0.023940723969006372,0.021506558149946522,0.03389952140177692,0.006253051013118016,0.01516032685181643,0.03618556115947052,0.03385729652999944,0.027203883353875233,0.03601384553630034,0.022651198251451565,0.012352647110032733,0.03869455616437295,0.01188039556698871,0.020108652619115236,0.011134525635733769,0.02161713244255728,0.028854075591199527,0.01800692276815017,0.025390625,0.03485657870620068,0.03371616504225013,0.012732817197661424,0.02286074201312427,0.014517645261053229,0.0027621358640099515,0.01800692276815017,0.01188039556698871,0.0208765218031562,0.0755559028667371,0.0107421875,0.005258950006967289,0.026294750034836445,0.025334222209126653,0.013982247132105814,0.021417687694786434,0.005940197783494355,0.0065509804028314154,0.008052940675034493,0.00834375365753665,0.010918300671385692,0.00390625,0.006176323555016366,0.007873298582322802,0.0170549308560283,0.001953125,0.012732817197661424,0.016253239235442616,0.004026470337517247,0.009765625,0.012352647110032733,0.011759369705851851,0.013982247132105814,0.007109482313750506,0.013601941676937616,0.01953125,0.003088161777508183,0.004026470337517247,0.0283203125,0.009212872199274027,0.014874556847390447,0.02489755621871477,0.007873298582322802,0.005258950006967289,0.004367320268554277,0.0029296875,0.007437278423695223,0.014906579611790769,0.004979511243742954,0.0029296875,0.007873298582322802,0.0065509804028314154,0.004979511243742954,0.0013810679320049757,0.001953125,0.005694288959809864,0.009765625,0.004026470337517247,0.006176323555016366,0.0126953125,0.007627196949127592,0.020600608505594715,0.009765625,0.007873298582322802,0.015776850020901866,0.0048828125,0.003521046167445302,0.012236293052872722,0.0041432037960149265,0.003521046167445302,0.016572815184059706,0.007042092334890604,0.004026470337517247,0.00390625,1,1,1.0
2.734375,3.2772932052612305,4.0,0.03332050144672394,43.280120849609375,1.171875,59.009849548339844,1.9666519165039062,0.78125,0.9448484778404236,0.13673967123031616,19606.0,855049.0,8270872576.0,43.61159896850586,0.021831003949046135,2.3198087215423584,7.025337219238281,6.375528300850419e-06,0.0,0.020089760422706604,599,526,427,367,344,394,503,814,1224,1454,1449,1422,1368,1386,1372,1308,1258,1276,1227,1212,1166,1110,1040,1038,986,922,855,811,828,831,872,1159,1471,1612,1579,1597,1593,1564,1592,1533,1560,1530,1503,1482,1469,1406,1432,1403,1372,1341,1274,1278,1245,1182,1163,1096,1035,1035,970,927,878,779,776,703,640,571,491,394,362,298,218,102,2,0,0,30,205,334,301,304,312,343,374,496,650,619,557,543,606,621,604,663,749,731,631,669,666,664,667,735,730,776,745,728,751,827,815,844,815,775,700,760,782,776,760,749,729,732,733,768,807,798,777,845,887,888,871,861,910,876,822,814,830,766,793,828,873,844,815,918,970,987,984,955,953,970,935,950,953,879,893,894,922,878,832,827,891,862,860,860,876,912,873,895,1000,1006,942,972,958,927,893,889,957,941,942,944,1022,1017,988,984,959,909,830,880,863,830,781,812,761,763,731,712,728,781,782,843,889,894,841,904,891,831,781,782,809,832,808,781,830,828,795,872,904,874,873,847,919,894,846,889,876,815,855,856,903,872,795,889,895,887,871,846,870,906,847,857,862,793,844,827,845,830,792,791,879,888,910,924,909,958,892,905,920,905,840,888,0.00048828125,0.4785604650547085,0.8659863100093068,0.6684040636542916,0.5649395071408226,0.2777783923672129,0.33705556358246713,0.2345133055468615,0.21561695028565886,0.13784414053588975,0.29616743393861056,0.36252704387941226,0.2589658888811496,0.10300304252797357,0.21434823895125404,0.11251254541595156,0.021506558149946522,0.04898412579681427,0.1313830473347042,0.12652044657239755,0.11593158388080999,0.1017922956208077,0.12411951863919939,0.10655724476136201,0.044538102542935075,0.04216217411117754,0.04239901044158674,0.025409398107925172,0.005859375,0.050043468653589676,0.0726866955700328,0.06664994347949826,0.019236050394133015,0.042275118792799535,0.07115516106229246,0.06440131677264667,0.019749754312653012,0.023619895746968406,0.02708090746848056,0.01727715430952552,0.025202124805788945,0.04712862700005334,0.04226383790699688,0.028437929255002024,0.05022418308837418,0.019628663322501738,0.006176323555016366,0.028117539157984314,0.011759369705851851,0.003088161777508183,0.021683206358568866,0.028117539157984314,0.0325211441510678,0.009003461384075085,0.01589728573837862,0.021126277004671814,0.02132844694125152,0.0021836601342771385,0.013982247132105814,0.013282686043686957,0.010563138502335907,0.01171875,0.005940197783494355,0.016105881350068987,0.0720938625987959,0.013601941676937616,0.003088161777508183,0.02489755621871477,0.0244140625,0.012732817197661424,0.0235996991671769,0.005258950006967289,0.003088161777508183,0.010381001770248682,0.013101960805662831,0.007873298582322802,0.01019561182510796,0.0029296875,0.005258950006967289,0.013810679320049757,0.005940197783494355,0.016370170521718956,0.013282686043686957,0.004026470337517247,0.015746597164645604,0.005940197783494355,0.005859375,0.009003461384075085,0.0021836601342771385,0.010381001770248682,0.0166015625,0.0021836601342771385,0.003088161777508183,0.02847144479904932,0.009003461384075085,0.014084184669781208,0.024020261477048523,0.007873298582322802,0.005258950006967289,0.006905339660024878,0.004026470337517247,0.005694288959809864,0.010786485368346935,0.006905339660024878,0.005940197783494355,0.001953125,0.001953125,0.0041432037960149265,0.008843149548962322,0.005940197783494355,0.0048828125,0.011430371006562134,0.004367320268554277,0.008734640537108554,0.006176323555016366,0.0065509804028314154,0.018165112536853784,0.006905339660024878,0.003088161777508183,0.009212872199274027,0.0021836601342771385,0.0021836601342771385,0.013028968812623373,0.0009765625,0.0,0.018961413905222265,0.005859375,0.0021836601342771385,0.005859375,1,1,1.0
4.296875,3.181595802307129,4.0,0.06244822219014168,42.73955535888672,1.171875,49.19036102294922,2.2674803733825684,0.78125,0.9161168932914734,0.14133191108703613,20945.0,786361.0,7927359488.0,37.544090270996094,0.02143487147986889,1.6785870790481567,6.440624237060547,3.729944637598237e-07,0.0,0.01646582968533039,1049,1035,936,857,840,779,728,644,599,526,427,367,344,394,503,814,1224,1454,1449,1422,1368,1386,1372,1308,1258,1276,1227,1212,1166,1110,1040,1038,986,922,855,811,828,831,872,1159,1471,1612,1579,1597,1593,1564,1592,1533,1560,1530,1503,1482,1469,1406,1432,1403,1372,1341,1274,1278,1245,1182,1163,1096,1035,1035,970,927,878,779,776,703,640,571,491,394,362,298,218,102,2,0,0,30,205,334,301,304,312,343,374,496,650,619,557,543,606,621,604,663,749,731,631,669,666,664,667,735,730,776,745,728,751,827,815,844,815,775,700,760,782,776,760,749,729,732,733,768,807,798,777,845,887,888,871,861,910,876,822,814,830,766,793,828,873,844,815,918,970,987,984,955,953,970,935,950,953,879,893,894,922,878,832,827,891,862,860,860,876,912,873,895,1000,1006,942,972,958,927,893,889,957,941,942,944,1022,1017,988,984,959,909,830,880,863,830,781,812,761,763,731,712,728,781,782,843,889,894,841,904,891,831,781,782,809,832,808,781,830,828,795,872,904,874,873,847,919,894,846,889,876,815,855,856,903,872,795,889,895,887,871,846,870,906,847,857,862,793,844,827,845,830,792,791,879,888,910,924,0.00146484375,0.4794245592583045,0.8629862423680934,0.6667583720393545,0.5705014268621577,0.27912951169978034,0.32871302639710603,0.23955856416346819,0.22484702101946585,0.144204259539163,0.3084237318434783,0.3751894154599041,0.2619172667123166,0.10586586119427853,0.2098950659751275,0.1154163023647981,0.014218964627501012,0.06514484406311687,0.1280638013618145,0.11573398711668834,0.0968767719722014,0.08332888273434312,0.11005733729595579,0.09865214847597482,0.05342609127574192,0.059112288868834205,0.04809012598533254,0.030586835475323877,0.01242961138804478,0.05373756442264689,0.08652365794272143,0.08348895483004493,0.030289184412638327,0.057691622998991915,0.07345022537685066,0.050706074163074884,0.03066468450802262,0.016164985700436375,0.020967686087484266,0.014680953494504793,0.02132844694125152,0.03954776705335271,0.037378240642587185,0.029313146523053973,0.047138743695887386,0.02286074201312427,0.004026470337517247,0.028721564784868637,0.013671875,0.001953125,0.022798081113142094,0.02638526579317636,0.029442994983752607,0.0065509804028314154,0.014680953494504793,0.0244140625,0.02510734400816883,0.0048828125,0.0166875073150733,0.00966747552403483,0.008734640537108554,0.010918300671385692,0.006905339660024878,0.012079411012551739,0.07292247930700965,0.013566839833447074,0.007109482313750506,0.018657200365764452,0.022798081113142094,0.016370170521718956,0.0208765218031562,0.007109482313750506,0.0065509804028314154,0.007042092334890604,0.0126953125,0.010563138502335907,0.009959022487485907,0.004367320268554277,0.00390625,0.01441877251975918,0.007109482313750506,0.016716057391234072,0.011134525635733769,0.004026470337517247,0.013566839833447074,0.005940197783494355,0.009264485332524549,0.011759369705851851,0.005940197783494355,0.01242961138804478,0.019384212149686726,0.0029296875,0.007873298582322802,0.033730304764004966,0.004367320268554277,0.009212872199274027,0.02108108705558877,0.001953125,0.003088161777508183,0.004367320268554277,0.0013810679320049757,0.0048828125,0.013810679320049757,0.005524271728019903,0.003521046167445302,0.005694288959809864,0.003088161777508183,0.0013810679320049757,0.00834375365753665,0.0068359375,0.003521046167445302,0.013101960805662831,0.005694288959809864,0.0078125,0.004979511243742954,0.007109482313750506,0.019749754312653012,0.005940197783494355,0.001953125,0.010381001770248682,0.0013810679320049757,0.0,0.011920464468489943,0.0029296875,0.0021836601342771385,0.01824369305885684,0.006905339660024878,0.0013810679320049757,0.0078125,1,1,1.0
4.296875,3.1854653358459473,4.0,0.05730115622282028,39.21426010131836,1.171875,48.23907470703125,2.2772626876831055,0.78125,0.9192569255828857,0.1417361944913864,21065.0,780922.0,7905378304.0,37.07201385498047,0.023441903293132782,1.6752159595489502,6.3712615966796875,3.337823272886453e-06,0.0,0.016586463898420334,1276,1295,1260,1245,1208,1167,1088,1086,1049,1035,936,857,840,779,728,644,599,526,427,367,344,394,503,814,1224,1454,1449,1422,1368,1386,1372,1308,1258,1276,1227,1212,1166,1110,1040,1038,986,922,855,811,828,831,872,1159,1471,1612,1579,1597,1593,1564,1592,1533,1560,1530,1503,1482,1469,1406,1432,1403,1372,1341,1274,1278,1245,1182,1163,1096,1035,1035,970,927,878,779,776,703,640,571,491,394,362,298,218,102,2,0,0,30,205,334,301,304,312,343,374,496,650,619,557,543,606,621,604,663,749,731,631,669,666,664,667,735,730,776,745,728,751,827,815,844,815,775,700,760,782,776,760,749,729,732,733,768,807,798,777,845,887,888,871,861,910,876,822,814,830,766,793,828,873,844,815,918,970,987,984,955,953,970,935,950,953,879,893,894,922,878,832,827,891,862,860,860,876,912,873,895,1000,1006,942,972,958,927,893,889,957,941,942,944,1022,1017,988,984,959,909,830,880,863,830,781,812,761,763,731,712,728,781,782,843,889,894,841,904,891,831,781,782,809,832,808,781,830,828,795,872,904,874,873,847,919,894,846,889,876,815,855,856,903,872,795,889,895,887,871,846,870,906,847,857,862,793,844,827,0.001953125,0.57144595869042,0.8240318628835679,0.5935716863208333,0.6264753095506338,0.3299827663661131,0.23863718932698402,0.28845811499495955,0.30615039684887335,0.22085215170470415,0.38354049281835634,0.4062370885117699,0.21629702018276029,0.06078268093591967,0.13893639493803955,0.04695630968816917,0.05066844441825331,0.03712222228271135,0.09427748739177477,0.11830924706841191,0.13755672325196033,0.12512582168537958,0.1459789457425202,0.11254644494833149,0.03032065370363286,0.026565372087373914,0.018425744398548053,0.004026470337517247,0.025353037081537442,0.03477440198196261,0.08164085862705807,0.09524363547059851,0.04501730692037543,0.06905339660024878,0.07635319964606202,0.04334441605697685,0.03813598474563796,0.007873298582322802,0.0283203125,0.007109482313750506,0.017953883116064683,0.05011012347916992,0.04543902392239001,0.027759121881937295,0.05033798425335888,0.009618025197066508,0.013101960805662831,0.0324624416769427,0.009618025197066508,0.016572815184059706,0.023212625632821705,0.03601384553630034,0.04283537538957287,0.01800692276815017,0.0166015625,0.013566839833447074,0.01953125,0.010918300671385692,0.023212625632821705,0.017953883116064683,0.0027621358640099515,0.0166875073150733,0.012506102026236032,0.010918300671385692,0.07485846834662813,0.018657200365764452,0.011134525635733769,0.0170549308560283,0.030289184412638327,0.022269051271467537,0.015746597164645604,0.012506102026236032,0.006253051013118016,0.016630260122975003,0.019384212149686726,0.004979511243742954,0.013101960805662831,0.008052940675034493,0.014906579611790769,0.01792730444402912,0.006253051013118016,0.007042092334890604,0.02378085090212094,0.012079411012551739,0.023518739411703703,0.010918300671385692,0.0029296875,0.001953125,0.007109482313750506,0.017578125,0.02458921545315268,0.008734640537108554,0.010786485368346935,0.03384320986555363,0.004026470337517247,0.004026470337517247,0.01760523083722651,0.0027621358640099515,0.0048828125,0.003088161777508183,0.006176323555016366,0.010918300671385692,0.01800692276815017,0.010918300671385692,0.009959022487485907,0.0041432037960149265,0.005258950006967289,0.0087890625,0.008400708268596315,0.0048828125,0.008052940675034493,0.010786485368346935,0.006253051013118016,0.0027621358640099515,0.007873298582322802,0.006905339660024878,0.013101960805662831,0.013982247132105814,0.008052940675034493,0.006176323555016366,0.009003461384075085,0.008843149548962322,0.018961413905222265,0.009959022487485907,0.009814331661250869,0.012236293052872722,0.013982247132105814,0.008843149548962322,0.0166015625,1,1,1.0
3.90625,3.4557530879974365,4.0,0.04541345313191414,36.73853302001953,1.5625,38.067779541015625,2.385462522506714,0.78125,0.9292917847633362,0.14499568939208984,22045.0,712013.0,7522242048.0,32.29816436767578,0.025294745340943336,1.730135440826416,5.611886978149414,5.670037353411317e-06,0.0,0.022656520828604698,399,365,250,219,351,682,1118,1309,1276,1295,1260,1245,1208,1167,1088,1086,1049,1035,936,857,840,779,728,644,599,526,427,367,344,394,503,814,1224,1454,1449,1422,1368,1386,1372,1308,1258,1276,1227,1212,1166,1110,1040,1038,986,922,855,811,828,831,872,1159,1471,1612,1579,1597,1593,1564,1592,1533,1560,1530,1503,1482,1469,1406,1432,1403,1372,1341,1274,1278,1245,1182,1163,1096,1035,1035,970,927,878,779,776,703,640,571,491,394,362,298,218,102,2,0,0,30,205,334,301,304,312,343,374,496,650,619,557,543,606,621,604,663,749,731,631,669,666,664,667,735,730,776,745,728,751,827,815,844,815,775,700,760,782,776,760,749,729,732,733,768,807,798,777,845,887,888,871,861,910,876,822,814,830,766,793,828,873,844,815,918,970,987,984,955,953,970,935,950,953,879,893,894,922,878,832,827,891,862,860,860,876,912,873,895,1000,1006,942,972,958,927,893,889,957,941,942,944,1022,1017,988,984,959,909,830,880,863,830,781,812,761,763,731,712,728,781,782,843,889,894,841,904,891,831,781,782,809,832,808,781,830,828,795,872,904,874,873,847,919,894,846,889,876,815,855,856,903,872,795,889,895,887,871,846,0.0029296875,0.48911062375551384,0.8916373940294567,0.6197672179285908,0.5360910090145973,0.36977819857002836,0.2697381593723477,0.2217850623725628,0.3041643395182452,0.23444416297224765,0.4551095583296486,0.49048817664467986,0.2459542015056487,0.11440795423691388,0.057971961248655585,0.04026470337517247,0.12962924614097748,0.08309967343556565,0.12877671640474564,0.18548004553061515,0.20762003540497362,0.18504764252722275,0.1443628928652574,0.0734242528776734,0.03485657870620068,0.08093105216836195,0.05459150335692846,0.05969824888897627,0.05459150335692846,0.0846967426056505,0.11925263689432615,0.09310692528557053,0.02681548870653512,0.03936649291161401,0.05416181493696112,0.07453289805895384,0.014778072217208551,0.03489759450235476,0.02751758360079174,0.02833714478231818,0.03670887915861817,0.04680373814969437,0.032285693857063556,0.0146484375,0.037186392118476116,0.01727715430952552,0.013982247132105814,0.04559616222628419,0.02489755621871477,0.022545696055889054,0.03931801199061991,0.04680373814969437,0.04154696755113799,0.013810679320049757,0.006176323555016366,0.029378142493147116,0.04244397228925924,0.022798081113142094,0.027964494264211628,0.009618025197066508,0.026939676219011176,0.007873298582322802,0.0126953125,0.019652941208494246,0.06129826104091881,0.020967686087484266,0.010517900013934578,0.03316001337177665,0.018657200365764452,0.007437278423695223,0.029813159223581537,0.0048828125,0.008843149548962322,0.005694288959809864,0.013282686043686957,0.009003461384075085,0.011134525635733769,0.0013810679320049757,0.010517900013934578,0.0146484375,0.0021836601342771385,0.008843149548962322,0.019773883526676354,0.010517900013934578,0.021683206358568866,0.003521046167445302,0.007109482313750506,0.010381001770248682,0.007873298582322802,0.015746597164645604,0.02108108705558877,0.005694288959809864,0.009765625,0.03389952140177692,0.010786485368346935,0.016164985700436375,0.024954945974962183,0.01019561182510796,0.009959022487485907,0.010918300671385692,0.007042092334890604,0.004026470337517247,0.014084184669781208,0.005694288959809864,0.005940197783494355,0.009003461384075085,0.0021836601342771385,0.006176323555016366,0.009765625,0.005524271728019903,0.007873298582322802,0.009814331661250869,0.006253051013118016,0.0027621358640099515,0.007042092334890604,0.010054326309557618,0.017953883116064683,0.010054326309557618,0.005694288959809864,0.0126953125,0.004367320268554277,0.005694288959809864,0.009765625,0.007042092334890604,0.005524271728019903,0.021683206358568866,0.004026470337517247,0.0021836601342771385,0.0048828125,1,1,1.0
4.296875,3.493770122528076,6.0,0.07007060199975967,29.530672073364258,1.171875,48.933677673339844,2.6914432048797607,0.78125,0.8994705677032471,0.15085282921791077,23862.0,833636.0,8603026432.0,34.93571472167969,0.030458858236670494,2.0697569847106934,6.252874374389648,1.1786089999077376e-05,0.0,0.02420956641435623,781,767,699,654,584,474,455,445,399,365,250,219,351,682,1118,1309,1276,1295,1260,1245,1208,1167,1088,1086,1049,1035,936,857,840,779,728,644,599,526,427,367,344,394,503,814,1224,1454,1449,1422,1368,1386,1372,1308,1258,1276,1227,1212,1166,1110,1040,1038,986,922,855,811,828,831,872,1159,1471,1612,1579,1597,1593,1564,1592,1533,1560,1530,1503,1482,1469,1406,1432,1403,1372,1341,1274,1278,1245,1182,1163,1096,1035,1035,970,927,878,779,776,703,640,571,491,394,362,298,218,102,2,0,0,30,205,334,301,304,312,343,374,496,650,619,557,543,606,621,604,663,749,731,631,669,666,664,667,735,730,776,745,728,751,827,815,844,815,775,700,760,782,776,760,749,729,732,733,768,807,798,777,845,887,888,871,861,910,876,822,814,830,766,793,828,873,844,815,918,970,987,984,955,953,970,935,950,953,879,893,894,922,878,832,827,891,862,860,860,876,912,873,895,1000,1006,942,972,958,927,893,889,957,941,942,944,1022,1017,988,984,959,909,830,880,863,830,781,812,761,763,731,712,728,781,782,843,889,894,841,904,891,831,781,782,809,832,808,781,830,828,795,872,904,874,873,847,919,894,846,889,876,815,855,856,0.00048828125,0.448437882798726,0.9376078225756641,0.6207281992260808,0.49313698873704914,0.4175418563236823,0.26008483089695045,0.23730669687935285,0.34882834371493704,0.28176832121588885,0.48911062375551384,0.49034427459632335,0.20772336037576702,0.09248516066833455,0.07115516106229246,0.030524413297046454,0.11338222870078118,0.051711727714350494,0.1341023362379368,0.16801416537192632,0.1734464076048713,0.15235939923629435,0.1323089027690621,0.08527465428014151,0.009212872199274027,0.05277053158635272,0.028588439781844624,0.03625138904935661,0.0441185820237364,0.06448271101257491,0.11328125,0.1064497920502387,0.04377135709182611,0.05960232234244972,0.0441185820237364,0.07136928277575572,0.0325211441510678,0.03758179961893331,0.045575241756164196,0.03891573993197515,0.05117411135380431,0.06118146526436361,0.029556144434417102,0.007627196949127592,0.019749754312653012,0.0341098617120566,0.021836601342771385,0.05191419476563286,0.0324624416769427,0.01760523083722651,0.03648738611771368,0.03317439013957623,0.026672852116694654,0.003088161777508183,0.01313830473347042,0.025334222209126653,0.028721564784868637,0.01019561182510796,0.020899350155305366,0.007873298582322802,0.01589728573837862,0.007042092334890604,0.009003461384075085,0.010054326309557618,0.059498227389561786,0.024119314521930602,0.007627196949127592,0.033332125323976586,0.025202124805788945,0.004979511243742954,0.03088161777508183,0.0021836601342771385,0.007437278423695223,0.010054326309557618,0.008734640537108554,0.0068359375,0.004979511243742954,0.005694288959809864,0.006253051013118016,0.0185803687406645,0.005258950006967289,0.014517645261053229,0.01313830473347042,0.004979511243742954,0.012352647110032733,0.008843149548962322,0.009618025197066508,0.013028968812623373,0.00390625,0.00834375365753665,0.016016815885602272,0.005524271728019903,0.005940197783494355,0.03057124187987994,0.00390625,0.0065509804028314154,0.020716018980074635,0.003088161777508183,0.0021836601342771385,0.004026470337517247,0.0048828125,0.004367320268554277,0.006905339660024878,0.0029296875,0.0013810679320049757,0.006905339660024878,0.004979511243742954,0.0,0.007437278423695223,0.005694288959809864,0.004367320268554277,0.010381001770248682,0.0029296875,0.003521046167445302,0.00390625,0.007109482313750506,0.01680141653719263,0.009003461384075085,0.0027621358640099515,0.008400708268596315,0.0013810679320049757,0.0021836601342771385,0.0126953125,0.0027621358640099515,0.003521046167445302,0.017469281074217108,0.008734640537108554,0.00390625,0.0107421875,1,1,1.0
4.296875,3.1966068744659424,5.0,0.0529339499771595,33.19505310058594,1.171875,56.19060134887695,2.5631155967712402,0.78125,0.9193700551986694,0.15233436226844788,24333.0,921812.0,9721420800.0,37.88320541381836,0.027695996686816216,2.281599998474121,6.714920997619629,3.21060895203118e-07,0.0,0.016521913930773735,894,1101,1085,1051,1035,974,940,857,781,767,699,654,584,474,455,445,399,365,250,219,351,682,1118,1309,1276,1295,1260,1245,1208,1167,1088,1086,1049,1035,936,857,840,779,728,644,599,526,427,367,344,394,503,814,1224,1454,1449,1422,1368,1386,1372,1308,1258,1276,1227,1212,1166,1110,1040,1038,986,922,855,811,828,831,872,1159,1471,1612,1579,1597,1593,1564,1592,1533,1560,1530,1503,1482,1469,1406,1432,1403,1372,1341,1274,1278,1245,1182,1163,1096,1035,1035,970,927,878,779,776,703,640,571,491,394,362,298,218,102,2,0,0,30,205,334,301,304,312,343,374,496,650,619,557,543,606,621,604,663,749,731,631,669,666,664,667,735,730,776,745,728,751,827,815,844,815,775,700,760,782,776,760,749,729,732,733,768,807,798,777,845,887,888,871,861,910,876,822,814,830,766,793,828,873,844,815,918,970,987,984,955,953,970,935,950,953,879,893,894,922,878,832,827,891,862,860,860,876,912,873,895,1000,1006,942,972,958,927,893,889,957,941,942,944,1022,1017,988,984,959,909,830,880,863,830,781,812,761,763,731,712,728,781,782,843,889,894,841,904,891,831,781,782,809,832,808,781,830,828,795,872,904,874,873,847,0.0,0.46369857132761316,0.9157063627059688,0.6314743398737159,0.49979396389678044,0.39838483873803243,0.2825929579929878,0.21312567657631795,0.33937759876134377,0.2861344789840549,0.511114564598321,0.5117494996128515,0.2050990502717243,0.1026320263110255,0.08231558794096296,0.049032774260285905,0.10623456057400324,0.029035290522106457,0.12852096778407893,0.14310223127607552,0.15530107360193637,0.1512285151078932,0.158462124026458,0.10355707454340472,0.022269051271467537,0.07075193627609358,0.04973762335252673,0.05774945094520515,0.05111817315743125,0.07640938532038498,0.10350641173621956,0.0878797736356769,0.03601384553630034,0.06649953236809851,0.058013073204215414,0.06071988889339771,0.048867171887487515,0.047138743695887386,0.05991352207100768,0.05305889729377392,0.06232427689690957,0.05642131572521207,0.01760523083722651,0.016253239235442616,0.029378142493147116,0.022545696055889054,0.0185546875,0.054355156445608385,0.037378240642587185,0.029133659941750583,0.04794116292434991,0.036851488797096106,0.015254393898255184,0.014680953494504793,0.02681548870653512,0.025633603024231812,0.014906579611790769,0.015746597164645604,0.03434669022474409,0.023212625632821705,0.027964494264211628,0.018165112536853784,0.022140203220223895,0.024705294220065465,0.06132936901604524,0.01760523083722651,0.012236293052872722,0.022269051271467537,0.023478154844084585,0.01800692276815017,0.02378085090212094,0.011388577919619728,0.011759369705851851,0.020600608505594715,0.0021836601342771385,0.017387200990981306,0.011430371006562134,0.006905339660024878,0.008843149548962322,0.013028968812623373,0.003088161777508183,0.007042092334890604,0.019773883526676354,0.010381001770248682,0.015655487833868553,0.010918300671385692,0.014517645261053229,0.018425744398548053,0.009212872199274027,0.010054326309557618,0.019186408891004394,0.009212872199274027,0.009765625,0.03585460888805824,0.0021836601342771385,0.01179984958358845,0.02378085090212094,0.006253051013118016,0.0048828125,0.004979511243742954,0.0013810679320049757,0.008052940675034493,0.011134525635733769,0.007109482313750506,0.005258950006967289,0.008400708268596315,0.009003461384075085,0.004979511243742954,0.010786485368346935,0.009618025197066508,0.007873298582322802,0.006253051013118016,0.005258950006967289,0.003521046167445302,0.005694288959809864,0.010918300671385692,0.020600608505594715,0.003521046167445302,0.001953125,0.007873298582322802,0.005258950006967289,0.006176323555016366,0.01760523083722651,0.008052940675034493,0.007873298582322802,0.02003738723504218,0.006905339660024878,0.003088161777508183,0.0048828125,1,1,1.0
4.296875,3.467759847640991,6.0,0.05237506702542305,28.859508514404297,1.171875,50.316551208496094,2.6742796897888184,0.78125,0.915888786315918,0.15310868620872498,24581.0,879250.0,9413191680.0,35.76949691772461,0.03173612058162689,2.1028149127960205,6.335542678833008,0.0,0.0,0.025846412405371666,885,810,750,698,633,523,522,605,894,1101,1085,1051,1035,974,940,857,781,767,699,654,584,474,455,445,399,365,250,219,351,682,1118,1309,1276,1295,1260,1245,1208,1167,1088,1086,1049,1035,936,857,840,779,728,644,599,526,427,367,344,394,503,814,1224,1454,1449,1422,1368,1386,1372,1308,1258,1276,1227,1212,1166,1110,1040,1038,986,922,855,811,828,831,872,1159,1471,1612,1579,1597,1593,1564,1592,1533,1560,1530,1503,1482,1469,1406,1432,1403,1372,1341,1274,1278,1245,1182,1163,1096,1035,1035,970,927,878,779,776,703,640,571,491,394,362,298,218,102,2,0,0,30,205,334,301,304,312,343,374,496,650,619,557,543,606,621,604,663,749,731,631,669,666,664,667,735,730,776,745,728,751,827,815,844,815,775,700,760,782,776,760,749,729,732,733,768,807,798,777,845,887,888,871,861,910,876,822,814,830,766,793,828,873,844,815,918,970,987,984,955,953,970,935,950,953,879,893,894,922,878,832,827,891,862,860,860,876,912,873,895,1000,1006,942,972,958,927,893,889,957,941,942,944,1022,1017,988,984,959,909,830,880,863,830,781,812,761,763,731,712,728,781,782,843,889,894,841,904,891,831,781,782,809,832,808,781,0.00341796875,0.4469040654473608,0.9459080357116784,0.6050433233213165,0.5116684284656193,0.40161422218277165,0.25847932525537254,0.22242055095979285,0.3113458300525531,0.2529598497942117,0.5009546702697152,0.5371564254960189,0.2356937184794369,0.13717835693478808,0.08358028695617035,0.08400708268596316,0.1201171875,0.03294360897154883,0.13331777163928027,0.11016127121756326,0.14247106425653816,0.16631693704299416,0.19119188410560622,0.11617810723237686,0.05386164934819405,0.10166104744145878,0.07657146790590882,0.06744647128840628,0.03304477405407936,0.058267319883501166,0.08008407942801135,0.104765632282345,0.06184039140229517,0.08255275080237522,0.03866990209613932,0.08134243915218281,0.04138597675862713,0.05101546049456632,0.044804959949040865,0.04107371258752557,0.0474110784919467,0.05328309713165524,0.029296875,0.0048828125,0.027361183058831836,0.028168369339562415,0.025202124805788945,0.059578316572928294,0.04080582503081285,0.027203883353875233,0.04293544518941525,0.027361183058831836,0.01589728573837862,0.014218964627501012,0.021945512748285382,0.016370170521718956,0.025633603024231812,0.018961413905222265,0.031035641761856844,0.013566839833447074,0.02376079113397742,0.006905339660024878,0.010517900013934578,0.013706707859002147,0.06114248375975988,0.02132844694125152,0.007627196949127592,0.030162978928672854,0.020531050821902968,0.010918300671385692,0.024119314521930602,0.0048828125,0.005940197783494355,0.0185803687406645,0.004026470337517247,0.013706707859002147,0.007437278423695223,0.006176323555016366,0.006176323555016366,0.014778072217208551,0.0013810679320049757,0.010918300671385692,0.015746597164645604,0.007437278423695223,0.010918300671385692,0.011134525635733769,0.008843149548962322,0.011759369705851851,0.0013810679320049757,0.010563138502335907,0.01760523083722651,0.0021836601342771385,0.0021836601342771385,0.02652944864688696,0.007437278423695223,0.00390625,0.0185803687406645,0.005859375,0.004979511243742954,0.007873298582322802,0.007873298582322802,0.0027621358640099515,0.009003461384075085,0.003088161777508183,0.003521046167445302,0.003088161777508183,0.004979511243742954,0.003521046167445302,0.006905339660024878,0.007109482313750506,0.004979511243742954,0.007873298582322802,0.0021836601342771385,0.0009765625,0.005258950006967289,0.007627196949127592,0.017387200990981306,0.007109482313750506,0.0021836601342771385,0.006905339660024878,0.003088161777508183,0.003521046167445302,0.01313830473347042,0.00390625,0.003521046167445302,0.016630260122975003,0.008734640537108554,0.003521046167445302,0.0107421875,1,1,1.0
4.296875,3.2749569416046143,5.0,0.062410205602645874,30.14345932006836,1.171875,56.14378356933594,2.6798691749572754,0.78125,0.9074842929840088,0.1540277749300003,24877.0,938205.0,10059129856.0,37.71375274658203,0.030105512589216232,2.4441332817077637,6.714646339416504,1.538767355668824e-05,0.0,0.019188717007637024,1115,1080,1032,1052,1053,1016,988,896,885,810,750,698,633,523,522,605,894,1101,1085,1051,1035,974,940,857,781,767,699,654,584,474,455,445,399,365,250,219,351,682,1118,1309,1276,1295,1260,1245,1208,1167,1088,1086,1049,1035,936,857,840,779,728,644,599,526,427,367,344,394,503,814,1224,1454,1449,1422,1368,1386,1372,1308,1258,1276,1227,1212,1166,1110,1040,1038,986,922,855,811,828,831,872,1159,1471,1612,1579,1597,1593,1564,1592,1533,1560,1530,1503,1482,1469,1406,1432,1403,1372,1341,1274,1278,1245,1182,1163,1096,1035,1035,970,927,878,779,776,703,640,571,491,394,362,298,218,102,2,0,0,30,205,334,301,304,312,343,374,496,650,619,557,543,606,621,604,663,749,731,631,669,666,664,667,735,730,776,745,728,751,827,815,844,815,775,700,760,782,776,760,749,729,732,733,768,807,798,777,845,887,888,871,861,910,876,822,814,830,766,793,828,873,844,815,918,970,987,984,955,953,970,935,950,953,879,893,894,922,878,832,827,891,862,860,860,876,912,873,895,1000,1006,942,972,958,927,893,889,957,941,942,944,1022,1017,988,984,959,909,830,880,863,830,781,812,761,763,731,712,728,781,782,843,889,894,841,904,0.00048828125,0.46261137574982364,0.9094707215783272,0.6580386536442532,0.4570322933348134,0.45294185752030613,0.22124044451580452,0.27360660228682604,0.3154296875,0.21183979473369138,0.47104338065095247,0.5671634217082657,0.27629988966396696,0.17850002496115458,0.11760991576034842,0.11608366849311884,0.10786485368346935,0.03179457147675724,0.10235288157019642,0.10840283634092704,0.17146668918623315,0.17572970164303695,0.16915968155494243,0.09884047600687496,0.03500673501745102,0.0849609375,0.0656915236673521,0.06982934039345608,0.04416179318201177,0.06844999573779319,0.07686979943029074,0.10041513106779915,0.06419366574040936,0.08479802088317348,0.037186392118476116,0.08282378497696273,0.03936649291161401,0.048828125,0.04794116292434991,0.04542852870942581,0.0542673593337883,0.04961283514015835,0.02638526579317636,0.01242961138804478,0.035224001556389516,0.0283875817456028,0.03385729652999944,0.0670707220066124,0.04597110271851492,0.024472586105745445,0.035761393405469834,0.025781989809461104,0.02376079113397742,0.006176323555016366,0.01875915303935405,0.02315091717017519,0.021439939843847802,0.016164985700436375,0.033673710253059895,0.017953883116064683,0.02681548870653512,0.007873298582322802,0.009003461384075085,0.0126953125,0.06078268093591967,0.023518739411703703,0.010786485368346935,0.03250647847088523,0.016164985700436375,0.015655487833868553,0.020320949264340638,0.010918300671385692,0.01188039556698871,0.0208765218031562,0.00390625,0.0146484375,0.010517900013934578,0.0021836601342771385,0.00834375365753665,0.020600608505594715,0.008286407592029853,0.0166015625,0.013879560940968648,0.0048828125,0.01708286687942959,0.005940197783494355,0.01188039556698871,0.016572815184059706,0.006176323555016366,0.010054326309557618,0.01824369305885684,0.0021836601342771385,0.0029296875,0.026939676219011176,0.007873298582322802,0.0029296875,0.019555648822754675,0.006905339660024878,0.006905339660024878,0.009618025197066508,0.004979511243742954,0.0021836601342771385,0.01179984958358845,0.005859375,0.00390625,0.009212872199274027,0.0065509804028314154,0.004367320268554277,0.009003461384075085,0.0009765625,0.003088161777508183,0.0166015625,0.006176323555016366,0.007437278423695223,0.010786485368346935,0.006905339660024878,0.01708286687942959,0.008843149548962322,0.0041432037960149265,0.01179984958358845,0.0048828125,0.006905339660024878,0.01708286687942959,0.007627196949127592,0.005258950006967289,0.019384212149686726,0.007873298582322802,0.005258950006967289,0.01171875,1,1,1.0
4.296875,3.4094772338867188,5.0,0.06543701887130737,28.750520706176758,1.171875,47.2432746887207,2.7390730381011963,0.78125,0.9031496644020081,0.15496911108493805,25182.0,867316.0,9558575104.0,34.44190216064453,0.031413331627845764,1.9101815223693848,6.15961217880249,3.1023981250655197e-07,0.0,0.02425767295062542,461,632,862,1146,1199,1232,1183,1144,1115,1080,1032,1052,1053,1016,988,896,885,810,750,698,633,523,522,605,894,1101,1085,1051,1035,974,940,857,781,767,699,654,584,474,455,445,399,365,250,219,351,682,1118,1309,1276,1295,1260,1245,1208,1167,1088,1086,1049,1035,936,857,840,779,728,644,599,526,427,367,344,394,503,814,1224,1454,1449,1422,1368,1386,1372,1308,1258,1276,1227,1212,1166,1110,1040,1038,986,922,855,811,828,831,872,1159,1471,1612,1579,1597,1593,1564,1592,1533,1560,1530,1503,1482,1469,1406,1432,1403,1372,1341,1274,1278,1245,1182,1163,1096,1035,1035,970,927,878,779,776,703,640,571,491,394,362,298,218,102,2,0,0,30,205,334,301,304,312,343,374,496,650,619,557,543,606,621,604,663,749,731,631,669,666,664,667,735,730,776,745,728,751,827,815,844,815,775,700,760,782,776,760,749,729,732,733,768,807,798,777,845,887,888,871,861,910,876,822,814,830,766,793,828,873,844,815,918,970,987,984,955,953,970,935,950,953,879,893,894,922,878,832,827,891,862,860,860,876,912,873,895,1000,1006,942,972,958,927,893,889,957,941,942,944,1022,1017,988,984,959,909,830,880,863,830,781,812,761,763,731,712,0.0009765625,0.4689534063883972,0.8963466031458988,0.6776823084286815,0.43481712618932006,0.4773722788375327,0.2000904832245921,0.3017325282691985,0.30649130520459406,0.17669575481744831,0.477963249421806,0.6072719180351435,0.2799465918694429,0.18122011135568156,0.14851778770288815,0.09658099444906089,0.06609676273053795,0.019186408891004394,0.12421936418873317,0.14854347060268724,0.12568476986872007,0.1410752611519186,0.21399869315915956,0.1438466949327179,0.08746097239280233,0.13000390853874957,0.08710587156631937,0.040641898528681275,0.02713367966689415,0.06253051013118016,0.12403881548363009,0.07958235442140366,0.03232997140087275,0.09237682492488647,0.07352160244030746,0.09588232584869982,0.06836635009057476,0.07639690318596853,0.031310975667737106,0.0235996991671769,0.03792282781044453,0.07042092334890604,0.02489755621871477,0.019384212149686726,0.038989189018900645,0.01516032685181643,0.03930588241698849,0.075574833648226,0.05330993774982883,0.023840928936979887,0.027981540589637505,0.031387028671851946,0.025353037081537442,0.012732817197661424,0.02883754503951836,0.020132351687586234,0.024954945974962183,0.027361183058831836,0.033969779552590014,0.006905339660024878,0.01589728573837862,0.010918300671385692,0.01824369305885684,0.0208765218031562,0.05507847129767021,0.01878455474772592,0.009618025197066508,0.02108108705558877,0.02847144479904932,0.006905339660024878,0.027793455997573647,0.004026470337517247,0.004367320268554277,0.02161713244255728,0.001953125,0.01589728573837862,0.010381001770248682,0.0009765625,0.007042092334890604,0.02003738723504218,0.007437278423695223,0.01441877251975918,0.018165112536853784,0.010918300671385692,0.014517645261053229,0.015254393898255184,0.012236293052872722,0.007873298582322802,0.006176323555016366,0.015776850020901866,0.01188039556698871,0.013601941676937616,0.013282686043686957,0.03340357690720131,0.007437278423695223,0.016716057391234072,0.026654968874914416,0.009212872199274027,0.008052940675034493,0.007873298582322802,0.013810679320049757,0.011759369705851851,0.010517900013934578,0.007109482313750506,0.008734640537108554,0.003088161777508183,0.010918300671385692,0.006176323555016366,0.013601941676937616,0.006253051013118016,0.007437278423695223,0.0185803687406645,0.009618025197066508,0.010054326309557618,0.013810679320049757,0.011134525635733769,0.02132844694125152,0.003521046167445302,0.004026470337517247,0.0048828125,0.007109482313750506,0.007437278423695223,0.008843149548962322,0.0029296875,0.006905339660024878,0.011048543456039806,0.013101960805662831,0.006905339660024878,0.0009765625,1,1,1.0
4.296875,3.584381341934204,6.0,0.07337544113397598,24.941246032714844,1.171875,42.07181930541992,2.896986961364746,0.78125,0.890904426574707,0.1575719267129898,26035.0,842465.0,9742518272.0,32.35894012451172,0.03572012484073639,1.749442458152771,5.832633018493652,1.2003033589280676e-06,0.0,0.026659810915589333,300,283,215,265,303,283,202,314,461,632,862,1146,1199,1232,1183,1144,1115,1080,1032,1052,1053,1016,988,896,885,810,750,698,633,523,522,605,894,1101,1085,1051,1035,974,940,857,781,767,699,654,584,474,455,445,399,365,250,219,351,682,1118,1309,1276,1295,1260,1245,1208,1167,1088,1086,1049,1035,936,857,840,779,728,644,599,526,427,367,344,394,503,814,1224,1454,1449,1422,1368,1386,1372,1308,1258,1276,1227,1212,1166,1110,1040,1038,986,922,855,811,828,831,872,1159,1471,1612,1579,1597,1593,1564,1592,1533,1560,1530,1503,1482,1469,1406,1432,1403,1372,1341,1274,1278,1245,1182,1163,1096,1035,1035,970,927,878,779,776,703,640,571,491,394,362,298,218,102,2,0,0,30,205,334,301,304,312,343,374,496,650,619,557,543,606,621,604,663,749,731,631,669,666,664,667,735,730,776,745,728,751,827,815,844,815,775,700,760,782,776,760,749,729,732,733,768,807,798,777,845,887,888,871,861,910,876,822,814,830,766,793,828,873,844,815,918,970,987,984,955,953,970,935,950,953,879,893,894,922,878,832,827,891,862,860,860,876,912,873,895,1000,1006,942,972,958,927,893,889,957,941,942,944,1022,1017,988,984,959,909,830,880,0.00341796875,0.48749643960288397,0.8930812227533229,0.668830538739658,0.45802446997960455,0.5036080831156252,0.25174106870717006,0.4117215759064547,0.35547143285388677,0.0734761886952214,0.5095841241779985,0.7087590303468059,0.2727128371839899,0.16665204301892855,0.17714316161520674,0.029700988917471777,0.1279744077370336,0.07745070335507169,0.1832427870513534,0.10272490599185358,0.1340774435326756,0.19639592085135266,0.19612380325603845,0.09783187333100152,0.047881447938012744,0.10047209880937173,0.07873298582322802,0.0576254628591091,0.010918300671385692,0.04809012598533254,0.1207941101255174,0.08567075077914574,0.027981540589637505,0.095703125,0.0771484375,0.10569005283406006,0.06312251019996996,0.0658944547181146,0.021836601342771385,0.027981540589637505,0.05938592107621395,0.05374643713209771,0.021836601342771385,0.019555648822754675,0.037998196207702575,0.041718768287683256,0.031143005310746045,0.0485146185483368,0.03385729652999944,0.03451288485756307,0.05381736614630803,0.0208765218031562,0.026672852116694654,0.012732817197661424,0.009003461384075085,0.027759121881937295,0.0166875073150733,0.020531050821902968,0.03873150784189832,0.01516032685181643,0.023047702580480365,0.006905339660024878,0.016630260122975003,0.01953125,0.05781546920162377,0.014778072217208551,0.003521046167445302,0.029893023173855404,0.02157297073669387,0.013879560940968648,0.014778072217208551,0.017578125,0.020531050821902968,0.020132351687586234,0.016716057391234072,0.007042092334890604,0.011134525635733769,0.02231183527108567,0.013982247132105814,0.0021836601342771385,0.015191747252054731,0.010786485368346935,0.0208765218031562,0.014680953494504793,0.010918300671385692,0.013566839833447074,0.007873298582322802,0.016630260122975003,0.008843149548962322,0.008843149548962322,0.01760523083722651,0.003521046167445302,0.0048828125,0.02734375,0.007627196949127592,0.014680953494504793,0.026672852116694654,0.006905339660024878,0.007109482313750506,0.007873298582322802,0.012732817197661424,0.006176323555016366,0.01284467425582608,0.006905339660024878,0.005258950006967289,0.010918300671385692,0.006253051013118016,0.007873298582322802,0.003521046167445302,0.00834375365753665,0.007873298582322802,0.005694288959809864,0.005940197783494355,0.007109482313750506,0.003521046167445302,0.0041432037960149265,0.007437278423695223,0.015746597164645604,0.010054326309557618,0.01589728573837862,0.008052940675034493,0.009264485332524549,0.0146484375,0.005694288959809864,0.0013810679320049757,0.011134525635733769,0.013601941676937616,0.007109482313750506,0.001953125,1,1,1.0
4.296875,3.3453550338745117,6.0,0.06957586854696274,28.761999130249023,4.296875,34.2531852722168,2.906616449356079,0.78125,0.8991619944572449,0.1653565764427185,28671.0,836338.0,11054271488.0,29.1701717376709,0.03126215189695358,1.5877594947814941,5.267977237701416,1.3351625966606662e-05,0.0,0.023731090128421783,599,541,476,474,413,457,413,363,300,283,215,265,303,283,202,314,461,632,862,1146,1199,1232,1183,1144,1115,1080,1032,1052,1053,1016,988,896,885,810,750,698,633,523,522,605,894,1101,1085,1051,1035,974,940,857,781,767,699,654,584,474,455,445,399,365,250,219,351,682,1118,1309,1276,1295,1260,1245,1208,1167,1088,1086,1049,1035,936,857,840,779,728,644,599,526,427,367,344,394,503,814,1224,1454,1449,1422,1368,1386,1372,1308,1258,1276,1227,1212,1166,1110,1040,1038,986,922,855,811,828,831,872,1159,1471,1612,1579,1597,1593,1564,1592,1533,1560,1530,1503,1482,1469,1406,1432,1403,1372,1341,1274,1278,1245,1182,1163,1096,1035,1035,970,927,878,779,776,703,640,571,491,394,362,298,218,102,2,0,0,30,205,334,301,304,312,343,374,496,650,619,557,543,606,621,604,663,749,731,631,669,666,664,667,735,730,776,745,728,751,827,815,844,815,775,700,760,782,776,760,749,729,732,733,768,807,798,777,845,887,888,871,861,910,876,822,814,830,766,793,828,873,844,815,918,970,987,984,955,953,970,935,950,953,879,893,894,922,878,832,827,891,862,860,860,876,912,873,895,1000,1006,942,972,958,927,893,889,957,941,942,944,0.0029296875,0.5474066193954982,0.862473329878076,0.7367502312998025,0.42400472451222926,0.606835968931042,0.22537446121092178,0.47495285603320836,0.2821522123086128,0.08789605017978357,0.5856941226319797,0.647189122100816,0.20416696769017456,0.11942045774296405,0.11107513057092329,0.08044646611960536,0.07769044180937032,0.023619895746968406,0.1411191945668459,0.15964631566671694,0.09015105392847086,0.1672774883768757,0.24435342288553868,0.12016084699431269,0.0765963732465921,0.08693600495490653,0.04419417382415922,0.05459150335692846,0.03460946317708857,0.05249875021763911,0.10368132374989841,0.0974852017641051,0.02458921545315268,0.08771684208158445,0.07642810469969984,0.10195611825107959,0.06118146526436361,0.06300152779800512,0.028185292362620726,0.0341796875,0.05392358473546298,0.04883788964863276,0.03057124187987994,0.003521046167445302,0.0263671875,0.027010384152225255,0.02883754503951836,0.06701382212616314,0.04501730692037543,0.02108108705558877,0.03847210078826603,0.03389952140177692,0.010381001770248682,0.021506558149946522,0.020600608505594715,0.015776850020901866,0.031204190055996988,0.0068359375,0.032359456105040804,0.0208765218031562,0.029361906989009586,0.0021836601342771385,0.00834375365753665,0.013810679320049757,0.05417061815765103,0.01760523083722651,0.004979511243742954,0.029556144434417102,0.020320949264340638,0.015625,0.016630260122975003,0.0170549308560283,0.020132351687586234,0.014218964627501012,0.015655487833868553,0.0009765625,0.006253051013118016,0.016253239235442616,0.007627196949127592,0.006905339660024878,0.005524271728019903,0.006905339660024878,0.01878455474772592,0.01179984958358845,0.0029296875,0.0166015625,0.001953125,0.011388577919619728,0.011048543456039806,0.001953125,0.014680953494504793,0.006176323555016366,0.003088161777508183,0.02765586378614511,0.0048828125,0.01188039556698871,0.02378085090212094,0.003521046167445302,0.004026470337517247,0.0068359375,0.008734640537108554,0.0009765625,0.010563138502335907,0.005694288959809864,0.004026470337517247,0.010381001770248682,0.0021836601342771385,0.006905339660024878,0.006176323555016366,0.009212872199274027,0.006176323555016366,0.012079411012551739,0.0065509804028314154,0.007109482313750506,0.009212872199274027,0.007042092334890604,0.016253239235442616,0.008734640537108554,0.00390625,0.01179984958358845,0.001953125,0.00390625,0.01800692276815017,0.0065509804028314154,0.0048828125,0.016572815184059706,0.008843149548962322,0.0013810679320049757,0.0078125,1,1,1.0
4.296875,3.1897969245910645,6.0,0.05784833803772926,33.64081573486328,1.171875,26.536731719970703,2.745182514190674,0.78125,0.9149539470672607,0.16790343821048737,29561.0,779994.0,11728546816.0,26.385913848876953,0.027197733521461487,1.3704107999801636,4.695451736450195,9.514224984741304e-06,0.0,0.017489904537796974,734,923,937,891,841,783,683,669,599,541,476,474,413,457,413,363,300,283,215,265,303,283,202,314,461,632,862,1146,1199,1232,1183,1144,1115,1080,1032,1052,1053,1016,988,896,885,810,750,698,633,523,522,605,894,1101,1085,1051,1035,974,940,857,781,767,699,654,584,474,455,445,399,365,250,219,351,682,1118,1309,1276,1295,1260,1245,1208,1167,1088,1086,1049,1035,936,857,840,779,728,644,599,526,427,367,344,394,503,814,1224,1454,1449,1422,1368,1386,1372,1308,1258,1276,1227,1212,1166,1110,1040,1038,986,922,855,811,828,831,872,1159,1471,1612,1579,1597,1593,1564,1592,1533,1560,1530,1503,1482,1469,1406,1432,1403,1372,1341,1274,1278,1245,1182,1163,1096,1035,1035,970,927,878,779,776,703,640,571,491,394,362,298,218,102,2,0,0,30,205,334,301,304,312,343,374,496,650,619,557,543,606,621,604,663,749,731,631,669,666,664,667,735,730,776,745,728,751,827,815,844,815,775,700,760,782,776,760,749,729,732,733,768,807,798,777,845,887,888,871,861,910,876,822,814,830,766,793,828,873,844,815,918,970,987,984,955,953,970,935,950,953,879,893,894,922,878,832,827,891,862,860,860,876,912,873,895,1000,1006,942,972,0.0029296875,0.5715160473216753,0.8454042395487914,0.7667813035702441,0.3991381897985509,0.6278089344916485,0.19928815044236395,0.4585644688266989,0.264394265052361,0.1015625,0.5648289257758197,0.6431722474236252,0.22317391166673764,0.1315752631223767,0.12467150439771336,0.06853353929501074,0.08505068894454298,0.021945512748285382,0.14031609409546372,0.154324685982552,0.09310180375168038,0.16719480124244293,0.24632809093026248,0.11772743452709751,0.07309229453579777,0.07952841043555599,0.05021468801633766,0.06256862687359901,0.02039122365021592,0.04324529262789947,0.1211567376505533,0.08041682373453195,0.03902586172400017,0.10468822877544841,0.05551824376387459,0.09375,0.046895340638839725,0.0632583388308658,0.04894517221149089,0.03521046167445302,0.031988944051092184,0.07660882288068432,0.01179984958358845,0.030586835475323877,0.051767024533978793,0.047037478823407405,0.037224840922941246,0.04236525774117942,0.03936649291161401,0.04336641271713773,0.04572148402624854,0.017953883116064683,0.029749113694780893,0.01516032685181643,0.03250647847088523,0.0029296875,0.04225255400934363,0.009959022487485907,0.02627660946694084,0.027930370402490412,0.036916129241085546,0.009264485332524549,0.010786485368346935,0.01760523083722651,0.05402076830445051,0.01188039556698871,0.0013810679320049757,0.03669588716417175,0.011759369705851851,0.0242573092741684,0.02376079113397742,0.013601941676937616,0.012506102026236032,0.01313830473347042,0.003521046167445302,0.012236293052872722,0.009814331661250869,0.01886055460530075,0.014680953494504793,0.005694288959809864,0.017953883116064683,0.01528562093993997,0.016572815184059706,0.009212872199274027,0.014084184669781208,0.007109482313750506,0.00834375365753665,0.005940197783494355,0.009765625,0.006905339660024878,0.00966747552403483,0.010786485368346935,0.0065509804028314154,0.027621358640099514,0.005524271728019903,0.011134525635733769,0.025390625,0.0041432037960149265,0.005258950006967289,0.009003461384075085,0.005940197783494355,0.005524271728019903,0.007873298582322802,0.006253051013118016,0.0065509804028314154,0.004026470337517247,0.007873298582322802,0.003088161777508183,0.00966747552403483,0.0013810679320049757,0.006176323555016366,0.008843149548962322,0.005940197783494355,0.009003461384075085,0.007437278423695223,0.0048828125,0.013810679320049757,0.00834375365753665,0.004367320268554277,0.003521046167445302,0.004367320268554277,0.0027621358640099515,0.0185546875,0.00966747552403483,0.009814331661250869,0.02108108705558877,0.006905339660024878,0.0021836601342771385,0.009765625,1,1,1.0
4.296875,3.287865161895752,6.0,0.05856582894921303,31.110095977783203,1.171875,25.505624771118164,2.7541725635528564,0.78125,0.912115216255188,0.16800564527511597,29597.0,749426.0,11811858432.0,25.321012496948242,0.029318945482373238,1.2155863046646118,4.648355007171631,9.502426109975204e-06,0.0,0.02036147750914097,1080,1036,970,893,875,823,760,653,734,923,937,891,841,783,683,669,599,541,476,474,413,457,413,363,300,283,215,265,303,283,202,314,461,632,862,1146,1199,1232,1183,1144,1115,1080,1032,1052,1053,1016,988,896,885,810,750,698,633,523,522,605,894,1101,1085,1051,1035,974,940,857,781,767,699,654,584,474,455,445,399,365,250,219,351,682,1118,1309,1276,1295,1260,1245,1208,1167,1088,1086,1049,1035,936,857,840,779,728,644,599,526,427,367,344,394,503,814,1224,1454,1449,1422,1368,1386,1372,1308,1258,1276,1227,1212,1166,1110,1040,1038,986,922,855,811,828,831,872,1159,1471,1612,1579,1597,1593,1564,1592,1533,1560,1530,1503,1482,1469,1406,1432,1403,1372,1341,1274,1278,1245,1182,1163,1096,1035,1035,970,927,878,779,776,703,640,571,491,394,362,298,218,102,2,0,0,30,205,334,301,304,312,343,374,496,650,619,557,543,606,621,604,663,749,731,631,669,666,664,667,735,730,776,745,728,751,827,815,844,815,775,700,760,782,776,760,749,729,732,733,768,807,798,777,845,887,888,871,861,910,876,822,814,830,766,793,828,873,844,815,918,970,987,984,955,953,970,935,950,953,879,893,894,922,878,832,827,891,862,860,860,0.00244140625,0.5644666412741572,0.8522442529719005,0.7623075899092838,0.40379767074479983,0.6394873962353345,0.19362798971450101,0.4574671565706333,0.24823903727839877,0.1176788203056742,0.5459325025708592,0.6466377744742052,0.24187621754578892,0.13706707859002148,0.12976895267783262,0.049890780368925004,0.11134525635733769,0.007873298582322802,0.11121670685553076,0.17779338821115245,0.07888425010450933,0.17054930856028302,0.27333284827708804,0.10497024841238499,0.060829732431239986,0.05996125559769044,0.077265782987705,0.07529670518047357,0.009264485332524549,0.061585410255576414,0.12976527811701077,0.0629030582624528,0.05688424171566679,0.08976941558032342,0.05490504998777577,0.08081902865703353,0.0653421756184379,0.07246330648081699,0.033432114782468145,0.028588439781844624,0.04145504936873266,0.0656552199764516,0.01824369305885684,0.023294649300540163,0.04794116292434991,0.04367320268554277,0.038989189018900645,0.04216217411117754,0.03869455616437295,0.04212823166039647,0.04290211452439218,0.022482157096135425,0.025353037081537442,0.019236050394133015,0.030289184412638327,0.008400708268596315,0.03629082846887118,0.0048828125,0.03126525506559008,0.019773883526676354,0.027621358640099514,0.0041432037960149265,0.007873298582322802,0.010381001770248682,0.05245331641404603,0.02231183527108567,0.009618025197066508,0.02756951994822872,0.02209708691207961,0.0192608231673008,0.01528562093993997,0.020531050821902968,0.020132351687586234,0.0065509804028314154,0.007873298582322802,0.013671875,0.01188039556698871,0.01800692276815017,0.01760523083722651,0.010381001770248682,0.022140203220223895,0.018165112536853784,0.014084184669781208,0.006253051013118016,0.014680953494504793,0.01188039556698871,0.005859375,0.007627196949127592,0.011920464468489943,0.0009765625,0.015191747252054731,0.004979511243742954,0.007042092334890604,0.03274034104343791,0.001953125,0.009264485332524549,0.019628663322501738,0.004979511243742954,0.003088161777508183,0.001953125,0.009765625,0.004026470337517247,0.010918300671385692,0.005859375,0.005940197783494355,0.009003461384075085,0.0065509804028314154,0.004979511243742954,0.011134525635733769,0.0009765625,0.006176323555016366,0.009959022487485907,0.0078125,0.0107421875,0.0087890625,0.006176323555016366,0.016630260122975003,0.005940197783494355,0.0021836601342771385,0.007627196949127592,0.0009765625,0.0021836601342771385,0.014778072217208551,0.0029296875,0.0087890625,0.020531050821902968,0.001953125,0.007437278423695223,0.0166015625,1,1,1.0
4.296875,3.2812917232513428,6.0,0.061481259763240814,30.6574649810791,1.171875,25.997758865356445,2.76157546043396,0.78125,0.908872663974762,0.1682920604944229,29698.0,761602.0,11882976256.0,25.6448917388916,0.029646048322319984,1.249878168106079,4.6849493980407715,6.57643613521941e-06,0.0,0.019148878753185272,1304,1326,1288,1264,1240,1208,1127,1128,1080,1036,970,893,875,823,760,653,734,923,937,891,841,783,683,669,599,541,476,474,413,457,413,363,300,283,215,265,303,283,202,314,461,632,862,1146,1199,1232,1183,1144,1115,1080,1032,1052,1053,1016,988,896,885,810,750,698,633,523,522,605,894,1101,1085,1051,1035,974,940,857,781,767,699,654,584,474,455,445,399,365,250,219,351,682,1118,1309,1276,1295,1260,1245,1208,1167,1088,1086,1049,1035,936,857,840,779,728,644,599,526,427,367,344,394,503,814,1224,1454,1449,1422,1368,1386,1372,1308,1258,1276,1227,1212,1166,1110,1040,1038,986,922,855,811,828,831,872,1159,1471,1612,1579,1597,1593,1564,1592,1533,1560,1530,1503,1482,1469,1406,1432,1403,1372,1341,1274,1278,1245,1182,1163,1096,1035,1035,970,927,878,779,776,703,640,571,491,394,362,298,218,102,2,0,0,30,205,334,301,304,312,343,374,496,650,619,557,543,606,621,604,663,749,731,631,669,666,664,667,735,730,776,745,728,751,827,815,844,815,775,700,760,782,776,760,749,729,732,733,768,807,798,777,845,887,888,871,861,910,876,822,814,830,766,793,828,873,844,815,918,970,987,984,955,953,970,935,950,953,879,893,894,0.001953125,0.47588362571087334,0.9433639241932237,0.7143739918245292,0.4616786364898351,0.7223559606247446,0.18098050833438573,0.4466393763237968,0.20550782734983788,0.1705045684470892,0.4685190267536376,0.7150211635205118,0.24673813514822912,0.08930075382542446,0.07271948902785728,0.11186223985584415,0.09512340360848376,0.055000499376284075,0.1581820250203884,0.17639054558777775,0.0823329644857734,0.18312825379068567,0.2331347392402621,0.1226626254812011,0.08130725897069785,0.06919825678928467,0.05097805912553979,0.0849160262044077,0.014778072217208551,0.048100040453221686,0.14330202041553977,0.05306788347341221,0.06561162903219073,0.0912184652942842,0.05513903989645744,0.08011384492966282,0.0658944547181146,0.06734742050611979,0.038397662600268556,0.03625138904935661,0.0318844291353799,0.07584565562088906,0.009212872199274027,0.03274034104343791,0.0510995134841841,0.049042498162069216,0.023518739411703703,0.053790778726251605,0.04501730692037543,0.027930370402490412,0.04530239650290313,0.021126277004671814,0.025390625,0.005940197783494355,0.029313146523053973,0.006905339660024878,0.040430159266571196,0.009765625,0.029313146523053973,0.025465634395322848,0.03179457147675724,0.0009765625,0.010517900013934578,0.01179984958358845,0.05198762364924283,0.023294649300540163,0.010563138502335907,0.030586835475323877,0.020132351687586234,0.02568934851165216,0.021506558149946522,0.018961413905222265,0.013101960805662831,0.01589728573837862,0.003521046167445302,0.013282686043686957,0.01179984958358845,0.020692988379313566,0.011430371006562134,0.003088161777508183,0.010918300671385692,0.00834375365753665,0.02376079113397742,0.015776850020901866,0.01800692276815017,0.001953125,0.013601941676937616,0.0029296875,0.015655487833868553,0.007437278423695223,0.017578125,0.003521046167445302,0.004367320268554277,0.031081700122733494,0.0048828125,0.011759369705851851,0.017578125,0.006176323555016366,0.005258950006967289,0.004367320268554277,0.011388577919619728,0.0009765625,0.011134525635733769,0.007437278423695223,0.00834375365753665,0.0029296875,0.007873298582322802,0.0029296875,0.004026470337517247,0.006905339660024878,0.004367320268554277,0.011388577919619728,0.001953125,0.001953125,0.0021836601342771385,0.005694288959809864,0.010517900013934578,0.01441877251975918,0.009814331661250869,0.0013810679320049757,0.00834375365753665,0.0068359375,0.020531050821902968,0.006905339660024878,0.004979511243742954,0.016164985700436375,0.005694288959809864,0.012352647110032733,0.0205078125,1,1,1.0
4.296875,3.2792084217071533,4.0,0.05685891956090927,31.136777877807617,1.953125,32.853153228759766,2.7545387744903564,0.78125,0.9137933850288391,0.17191383242607117,30990.0,933165.0,14375156736.0,30.1118106842041,0.029347717761993408,1.7055168151855469,5.237428188323975,4.033530785818584e-06,0.0,0.018843449652194977,1039,1049,984,892,905,971,1161,1274,1304,1326,1288,1264,1240,1208,1127,1128,1080,1036,970,893,875,823,760,653,734,923,937,891,841,783,683,669,599,541,476,474,413,457,413,363,300,283,215,265,303,283,202,314,461,632,862,1146,1199,1232,1183,1144,1115,1080,1032,1052,1053,1016,988,896,885,810,750,698,633,523,522,605,894,1101,1085,1051,1035,974,940,857,781,767,699,654,584,474,455,445,399,365,250,219,351,682,1118,1309,1276,1295,1260,1245,1208,1167,1088,1086,1049,1035,936,857,840,779,728,644,599,526,427,367,344,394,503,814,1224,1454,1449,1422,1368,1386,1372,1308,1258,1276,1227,1212,1166,1110,1040,1038,986,922,855,811,828,831,872,1159,1471,1612,1579,1597,1593,1564,1592,1533,1560,1530,1503,1482,1469,1406,1432,1403,1372,1341,1274,1278,1245,1182,1163,1096,1035,1035,970,927,878,779,776,703,640,571,491,394,362,298,218,102,2,0,0,30,205,334,301,304,312,343,374,496,650,619,557,543,606,621,604,663,749,731,631,669,666,664,667,735,730,776,745,728,751,827,815,844,815,775,700,760,782,776,760,749,729,732,733,768,807,798,777,845,887,888,871,861,910,876,822,814,830,766,793,828,873,844,815,918,970,987,984,955,0.00048828125,0.4630368802437019,0.9557030004649228,0.7136928277575572,0.4647914312075103,0.734772919330154,0.17318503760711132,0.4373997164641178,0.21339398992024594,0.16713204578278537,0.4697519402578094,0.7210080708595632,0.23764403141872786,0.08185085260859477,0.06836635009057476,0.11090758014224192,0.08680426702602691,0.048867171887487515,0.15727204796247965,0.17183615505640923,0.08429041260562534,0.17783093187640683,0.23937736171423882,0.12363836628521012,0.08082492850218188,0.06457138771412711,0.05731847887042652,0.0859375,0.012732817197661424,0.05539786954563607,0.14001672372385837,0.05620963449671156,0.06118146526436361,0.08379111120747124,0.06314516859502817,0.09053108347520929,0.05569831731093437,0.05940197783494355,0.04984296935615174,0.037186392118476116,0.033969779552590014,0.08164085862705807,0.005524271728019903,0.02777629424478104,0.035814689103305174,0.03416573375885918,0.031143005310746045,0.05879684852925925,0.027981540589637505,0.040229160007902304,0.05281569251167953,0.01589728573837862,0.031035641761856844,0.023047702580480365,0.0328130812820536,0.01313830473347042,0.030586835475323877,0.013810679320049757,0.027964494264211628,0.014517645261053229,0.03102027377786834,0.013982247132105814,0.004026470337517247,0.013282686043686957,0.050527083282330194,0.012732817197661424,0.0009765625,0.034402177644157296,0.015440808887540914,0.019773883526676354,0.020716018980074635,0.014680953494504793,0.0146484375,0.012352647110032733,0.005859375,0.009003461384075085,0.007627196949127592,0.016572815184059706,0.010054326309557618,0.005258950006967289,0.0166015625,0.013982247132105814,0.020692988379313566,0.011134525635733769,0.01589728573837862,0.009264485332524549,0.007437278423695223,0.005940197783494355,0.010517900013934578,0.004026470337517247,0.010786485368346935,0.009003461384075085,0.006905339660024878,0.0283875817456028,0.004367320268554277,0.01179984958358845,0.021035800027869155,0.0013810679320049757,0.003088161777508183,0.004026470337517247,0.006905339660024878,0.0041432037960149265,0.009212872199274027,0.0048828125,0.0048828125,0.005694288959809864,0.006176323555016366,0.0013810679320049757,0.005859375,0.0048828125,0.0021836601342771385,0.012732817197661424,0.0021836601342771385,0.005258950006967289,0.005940197783494355,0.007042092334890604,0.014218964627501012,0.00834375365753665,0.006253051013118016,0.006905339660024878,0.0021836601342771385,0.004026470337517247,0.01313830473347042,0.00390625,0.010918300671385692,0.023212625632821705,0.0027621358640099515,0.0048828125,0.01171875,1,1,1.0
4.296875,3.1657516956329346,4.0,0.055182334035634995,32.074100494384766,1.953125,33.72409439086914,2.722621440887451,0.78125,0.9162509441375732,0.17237642407417297,31157.0,957736.0,14898455552.0,30.739030838012695,0.028566693887114525,1.6917634010314941,5.311213493347168,2.5074558607229847e-07,0.0,0.017566222697496414,439,458,456,478,652,701,793,904,1039,1049,984,892,905,971,1161,1274,1304,1326,1288,1264,1240,1208,1127,1128,1080,1036,970,893,875,823,760,653,734,923,937,891,841,783,683,669,599,541,476,474,413,457,413,363,300,283,215,265,303,283,202,314,461,632,862,1146,1199,1232,1183,1144,1115,1080,1032,1052,1053,1016,988,896,885,810,750,698,633,523,522,605,894,1101,1085,1051,1035,974,940,857,781,767,699,654,584,474,455,445,399,365,250,219,351,682,1118,1309,1276,1295,1260,1245,1208,1167,1088,1086,1049,1035,936,857,840,779,728,644,599,526,427,367,344,394,503,814,1224,1454,1449,1422,1368,1386,1372,1308,1258,1276,1227,1212,1166,1110,1040,1038,986,922,855,811,828,831,872,1159,1471,1612,1579,1597,1593,1564,1592,1533,1560,1530,1503,1482,1469,1406,1432,1403,1372,1341,1274,1278,1245,1182,1163,1096,1035,1035,970,927,878,779,776,703,640,571,491,394,362,298,218,102,2,0,0,30,205,334,301,304,312,343,374,496,650,619,557,543,606,621,604,663,749,731,631,669,666,664,667,735,730,776,745,728,751,827,815,844,815,775,700,760,782,776,760,749,729,732,733,768,807,798,777,845,887,888,871,861,910,876,822,814,830,766,793,828,0.0009765625,0.5478663587017096,0.8891954158388515,0.6620121437180558,0.5263454453997549,0.7429375322042981,0.24221899996761712,0.4708742962237781,0.20593431762644498,0.2154643026644002,0.4475086334930101,0.7756599323727355,0.16975903655818755,0.06979518900470952,0.09793417483237227,0.07131581261820222,0.10758155745250321,0.02376079113397742,0.10964061637140125,0.21664065669513832,0.046394427813358216,0.2202143024175719,0.200547517924807,0.13879560940968647,0.10748400192096176,0.07031928135701052,0.0601676632841772,0.1085347186675766,0.030414866215619993,0.07165600128064117,0.13147375017418222,0.06738988866830514,0.05208841934802573,0.0883073886220961,0.057782469501902405,0.08450510801868726,0.0622094074555976,0.058894087044197664,0.04979511243742954,0.04515479695975348,0.027413415718004295,0.09184361343399595,0.016370170521718956,0.0332174831087792,0.02376079113397742,0.02161713244255728,0.045908825287277966,0.054302495212725954,0.02763861659782208,0.051239295399784786,0.040465526084180976,0.029378142493147116,0.0166015625,0.014218964627501012,0.025202124805788945,0.006253051013118016,0.04021730523823047,0.001953125,0.035814689103305174,0.012732817197661424,0.022032254243512652,0.018528970665049098,0.008400708268596315,0.015655487833868553,0.049149334110006326,0.005524271728019903,0.007042092334890604,0.03168941550700772,0.021945512748285382,0.016164985700436375,0.014680953494504793,0.02229045353615884,0.013601941676937616,0.019749754312653012,0.010786485368346935,0.008843149548962322,0.007873298582322802,0.008734640537108554,0.009003461384075085,0.01589728573837862,0.027930370402490412,0.024705294220065465,0.009618025197066508,0.0021836601342771385,0.0048828125,0.012352647110032733,0.009618025197066508,0.009264485332524549,0.0126953125,0.008052940675034493,0.016630260122975003,0.003088161777508183,0.005694288959809864,0.033203125,0.0013810679320049757,0.008052940675034493,0.023478154844084585,0.001953125,0.0027621358640099515,0.004367320268554277,0.007042092334890604,0.004026470337517247,0.010054326309557618,0.004979511243742954,0.006176323555016366,0.0029296875,0.004367320268554277,0.004367320268554277,0.006905339660024878,0.005694288959809864,0.003088161777508183,0.012732817197661424,0.006905339660024878,0.007873298582322802,0.005524271728019903,0.0,0.00966747552403483,0.013101960805662831,0.009212872199274027,0.00390625,0.007873298582322802,0.00834375365753665,0.016630260122975003,0.003521046167445302,0.015746597164645604,0.029378142493147116,0.007437278423695223,0.006905339660024878,0.0068359375,1,1,1.0
4.296875,3.257113456726074,6.0,0.05581888556480408,30.388887405395508,4.296875,26.41241455078125,2.7975542545318604,0.78125,0.9141010046005249,0.17438136041164398,31886.0,829076.0,14068123648.0,26.00125503540039,0.03008010797202587,1.314170479774475,4.74674654006958,9.800395446291077e-07,0.0,0.018057184293866158,728,654,571,544,539,523,507,459,439,458,456,478,652,701,793,904,1039,1049,984,892,905,971,1161,1274,1304,1326,1288,1264,1240,1208,1127,1128,1080,1036,970,893,875,823,760,653,734,923,937,891,841,783,683,669,599,541,476,474,413,457,413,363,300,283,215,265,303,283,202,314,461,632,862,1146,1199,1232,1183,1144,1115,1080,1032,1052,1053,1016,988,896,885,810,750,698,633,523,522,605,894,1101,1085,1051,1035,974,940,857,781,767,699,654,584,474,455,445,399,365,250,219,351,682,1118,1309,1276,1295,1260,1245,1208,1167,1088,1086,1049,1035,936,857,840,779,728,644,599,526,427,367,344,394,503,814,1224,1454,1449,1422,1368,1386,1372,1308,1258,1276,1227,1212,1166,1110,1040,1038,986,922,855,811,828,831,872,1159,1471,1612,1579,1597,1593,1564,1592,1533,1560,1530,1503,1482,1469,1406,1432,1403,1372,1341,1274,1278,1245,1182,1163,1096,1035,1035,970,927,878,779,776,703,640,571,491,394,362,298,218,102,2,0,0,30,205,334,301,304,312,343,374,496,650,619,557,543,606,621,604,663,749,731,631,669,666,664,667,735,730,776,745,728,751,827,815,844,815,775,700,760,782,776,760,749,729,732,733,768,807,798,777,845,887,888,871,861,0.00048828125,0.602389473175435,0.8624263344970874,0.6128309017766347,0.5809504567753941,0.7900994163442469,0.25202124805788945,0.43870596205497153,0.256127602723629,0.1860729589626846,0.4964982433768216,0.7358928172807441,0.18678656587508174,0.10190933865777003,0.10320191260642896,0.07535367860882979,0.10591989736684569,0.04007477447008436,0.1421963531756188,0.1850064085804065,0.0681357950879391,0.19523680173686878,0.22794943546627733,0.11452459505946815,0.08676030993141122,0.0833746489784824,0.040641898528681275,0.10812976980989382,0.0341098617120566,0.06967210539741003,0.14240745885795064,0.06350660346831682,0.05569831731093437,0.08212420328761187,0.06262956540946861,0.08888864782088757,0.05765028180916188,0.05765028180916188,0.05258950006967289,0.04314594147338774,0.0332174831087792,0.0880965469636243,0.01516032685181643,0.025202124805788945,0.026565372087373914,0.02638526579317636,0.041015625,0.05139725533961237,0.03179457147675724,0.042275118792799535,0.04576318169476555,0.02039122365021592,0.026057937625246747,0.019652941208494246,0.027413415718004295,0.011759369705851851,0.0318844291353799,0.009003461384075085,0.029035290522106457,0.016164985700436375,0.026294750034836445,0.013282686043686957,0.004026470337517247,0.012352647110032733,0.047651847260765046,0.009003461384075085,0.00390625,0.032359456105040804,0.020108652619115236,0.017953883116064683,0.0170549308560283,0.01875915303935405,0.010563138502335907,0.01878455474772592,0.009814331661250869,0.0048828125,0.0027621358640099515,0.010054326309557618,0.009264485332524549,0.010054326309557618,0.021683206358568866,0.0185803687406645,0.014084184669781208,0.006176323555016366,0.01171875,0.011134525635733769,0.004367320268554277,0.00966747552403483,0.006905339660024878,0.007437278423695223,0.01188039556698871,0.007437278423695223,0.0,0.028985980624327792,0.0029296875,0.010517900013934578,0.019749754312653012,0.004367320268554277,0.0021836601342771385,0.006176323555016366,0.007042092334890604,0.0048828125,0.005859375,0.0021836601342771385,0.0009765625,0.007627196949127592,0.001953125,0.004367320268554277,0.010517900013934578,0.0,0.0048828125,0.007873298582322802,0.0021836601342771385,0.001953125,0.0021836601342771385,0.006253051013118016,0.013601941676937616,0.0107421875,0.006905339660024878,0.007873298582322802,0.003521046167445302,0.003521046167445302,0.012732817197661424,0.00390625,0.010786485368346935,0.023047702580480365,0.0029296875,0.0048828125,0.0126953125,1,1,1.0
4.296875,3.09139347076416,6.0,0.05472271144390106,31.985509872436523,1.953125,23.917137145996094,2.733219623565674,0.78125,0.9166199564933777,0.1757269948720932,32380.0,779909.0,13886214144.0,24.08613395690918,0.028657348826527596,1.1914629936218262,4.525820732116699,2.412722324152128e-07,0.0,0.0159035362303257,1128,1082,1021,988,938,845,841,780,728,654,571,544,539,523,507,459,439,458,456,478,652,701,793,904,1039,1049,984,892,905,971,1161,1274,1304,1326,1288,1264,1240,1208,1127,1128,1080,1036,970,893,875,823,760,653,734,923,937,891,841,783,683,669,599,541,476,474,413,457,413,363,300,283,215,265,303,283,202,314,461,632,862,1146,1199,1232,1183,1144,1115,1080,1032,1052,1053,1016,988,896,885,810,750,698,633,523,522,605,894,1101,1085,1051,1035,974,940,857,781,767,699,654,584,474,455,445,399,365,250,219,351,682,1118,1309,1276,1295,1260,1245,1208,1167,1088,1086,1049,1035,936,857,840,779,728,644,599,526,427,367,344,394,503,814,1224,1454,1449,1422,1368,1386,1372,1308,1258,1276,1227,1212,1166,1110,1040,1038,986,922,855,811,828,831,872,1159,1471,1612,1579,1597,1593,1564,1592,1533,1560,1530,1503,1482,1469,1406,1432,1403,1372,1341,1274,1278,1245,1182,1163,1096,1035,1035,970,927,878,779,776,703,640,571,491,394,362,298,218,102,2,0,0,30,205,334,301,304,312,343,374,496,650,619,557,543,606,621,604,663,749,731,631,669,666,664,667,735,730,776,745,728,751,827,815,844,815,775,700,760,782,776,760,749,729,732,733,768,0.00146484375,0.5666461305076019,0.8618489116125598,0.6518179779129802,0.5627610342671684,0.7629222263680147,0.29031677308648834,0.46549672657668956,0.2753317479171859,0.2016548359240673,0.5289778645432697,0.7120131854004405,0.2066924003248566,0.13149188323408145,0.10597840546222805,0.11160618372913766,0.08143032311106628,0.04501730692037543,0.1362470937996391,0.18548004553061515,0.040229160007902304,0.22672450094467797,0.1981170710472271,0.14254133193931912,0.1164241085818656,0.05940197783494355,0.06892207026794488,0.08906014422597114,0.007873298582322802,0.04501730692037543,0.1556200680851294,0.03965613379735733,0.07754299816838015,0.06134491708804457,0.08143032311106628,0.10353865457268921,0.04979511243742954,0.07383871658482785,0.03742923417331406,0.04577360017678893,0.01953125,0.09938412798339347,0.024647323172117114,0.029133659941750583,0.01933495104806966,0.024158822025103478,0.041718768287683256,0.049032774260285905,0.03416573375885918,0.039764205217777994,0.05245331641404603,0.021836601342771385,0.02485922277608956,0.022032254243512652,0.02161713244255728,0.007627196949127592,0.03930588241698849,0.004367320268554277,0.03538607603904968,0.009814331661250869,0.032754902014157074,0.0146484375,0.006253051013118016,0.010918300671385692,0.04577360017678893,0.018657200365764452,0.009814331661250869,0.04179870031061073,0.018657200365764452,0.008400708268596315,0.008400708268596315,0.027151247606362977,0.014680953494504793,0.026203921611325662,0.018425744398548053,0.004979511243742954,0.0048828125,0.011430371006562134,0.014874556847390447,0.0048828125,0.015746597164645604,0.017469281074217108,0.019236050394133015,0.006905339660024878,0.012079411012551739,0.016016815885602272,0.0087890625,0.0107421875,0.013028968812623373,0.0041432037960149265,0.013282686043686957,0.00966747552403483,0.007109482313750506,0.022545696055889054,0.008843149548962322,0.01680141653719263,0.018961413905222265,0.01179984958358845,0.008734640537108554,0.012732817197661424,0.0,0.00966747552403483,0.01171875,0.0068359375,0.007873298582322802,0.003521046167445302,0.005258950006967289,0.0107421875,0.015746597164645604,0.006176323555016366,0.011430371006562134,0.004979511243742954,0.006253051013118016,0.004979511243742954,0.008052940675034493,0.010563138502335907,0.017387200990981306,0.0068359375,0.004367320268554277,0.0021836601342771385,0.007873298582322802,0.008052940675034493,0.0126953125,0.007437278423695223,0.015746597164645604,0.022798081113142094,0.007437278423695223,0.005694288959809864,0.017578125,1,1,1.0
4.296875,3.2693636417388916,7.0,0.05823586508631706,29.836217880249023,1.953125,23.379499435424805,2.8146820068359375,0.78125,0.911223292350769,0.17652025818824768,32673.0,778865.0,13372331008.0,23.838184356689453,0.030540844425559044,1.2761499881744385,4.4443254470825195,2.1519424535654252e-06,0.0,0.02149440348148346,0,0,188,426,608,830,1081,1134,1128,1082,1021,988,938,845,841,780,728,654,571,544,539,523,507,459,439,458,456,478,652,701,793,904,1039,1049,984,892,905,971,1161,1274,1304,1326,1288,1264,1240,1208,1127,1128,1080,1036,970,893,875,823,760,653,734,923,937,891,841,783,683,669,599,541,476,474,413,457,413,363,300,283,215,265,303,283,202,314,461,632,862,1146,1199,1232,1183,1144,1115,1080,1032,1052,1053,1016,988,896,885,810,750,698,633,523,522,605,894,1101,1085,1051,1035,974,940,857,781,767,699,654,584,474,455,445,399,365,250,219,351,682,1118,1309,1276,1295,1260,1245,1208,1167,1088,1086,1049,1035,936,857,840,779,728,644,599,526,427,367,344,394,503,814,1224,1454,1449,1422,1368,1386,1372,1308,1258,1276,1227,1212,1166,1110,1040,1038,986,922,855,811,828,831,872,1159,1471,1612,1579,1597,1593,1564,1592,1533,1560,1530,1503,1482,1469,1406,1432,1403,1372,1341,1274,1278,1245,1182,1163,1096,1035,1035,970,927,878,779,776,703,640,571,491,394,362,298,218,102,2,0,0,30,205,334,301,304,312,343,374,496,650,619,557,543,606,621,604,663,749,731,631,669,666,664,667,735,730,776,745,728,751,827,815,844,815,775,700,760,0.00048828125,0.6365667056289797,0.9007040872468621,0.600951045018062,0.5364244567643625,0.7416096897599173,0.25135815773894044,0.5260001691810713,0.20875836566905864,0.2918239351157566,0.5277423623678487,0.7425125213492036,0.21929210520396114,0.2236072242456922,0.174739207358792,0.20000467294955926,0.08017334278036638,0.11619452352569497,0.12553672004084415,0.25619647699892395,0.04973762335252673,0.2992331558624191,0.14378038168240576,0.20979735633486343,0.12393497706474578,0.06419366574040936,0.07599639241540515,0.08594304847145234,0.08001855635008397,0.0989417346619219,0.1641351448171907,0.10374109436787589,0.0166015625,0.11933657681907309,0.04372776011179318,0.08793943956916192,0.05862629304610795,0.04236525774117942,0.06880435528831459,0.013566839833447074,0.04145504936873266,0.09100912832231875,0.02485922277608956,0.049890780368925004,0.005524271728019903,0.015440808887540914,0.052407843222651324,0.04212823166039647,0.03954776705335271,0.0390625,0.06134491708804457,0.03521046167445302,0.014084184669781208,0.01760523083722651,0.03356023491687418,0.013282686043686957,0.0478515625,0.026565372087373914,0.02489755621871477,0.03477440198196261,0.044932488555966175,0.009765625,0.0192608231673008,0.01760523083722651,0.04194674139631744,0.005940197783494355,0.015625,0.02132844694125152,0.023294649300540163,0.027500249688142037,0.024433585943743757,0.01760523083722651,0.020132351687586234,0.0192608231673008,0.013706707859002147,0.010918300671385692,0.008286407592029853,0.007873298582322802,0.017953883116064683,0.0027621358640099515,0.01589728573837862,0.021417687694786434,0.018347943582085875,0.005258950006967289,0.001953125,0.013101960805662831,0.01800692276815017,0.004979511243742954,0.017387200990981306,0.014517645261053229,0.004979511243742954,0.02315091717017519,0.013982247132105814,0.0386328914938525,0.012506102026236032,0.004979511243742954,0.029700988917471777,0.009003461384075085,0.011134525635733769,0.010918300671385692,0.01760523083722651,0.015655487833868553,0.0078125,0.011134525635733769,0.010918300671385692,0.008400708268596315,0.011430371006562134,0.01284467425582608,0.0170549308560283,0.01188039556698871,0.015746597164645604,0.005694288959809864,0.010517900013934578,0.0107421875,0.013982247132105814,0.00966747552403483,0.013601941676937616,0.01708286687942959,0.015776850020901866,0.0146484375,0.014680953494504793,0.013810679320049757,0.011430371006562134,0.015746597164645604,0.001953125,0.020600608505594715,0.012079411012551739,0.017304731588544287,0.0009765625,1,1,1.0
4.296875,3.559453010559082,8.0,0.09227283298969269,24.453691482543945,4.296875,24.716535568237305,3.0478806495666504,0.78125,0.8720652461051941,0.18357816338539124,35338.0,850676.0,14501311488.0,24.072555541992188,0.035661906003952026,1.4714878797531128,4.513028144836426,2.2107684571892605e-07,0.0,0.02800002135336399,348,266,183,91,27,0,0,0,0,0,188,426,608,830,1081,1134,1128,1082,1021,988,938,845,841,780,728,654,571,544,539,523,507,459,439,458,456,478,652,701,793,904,1039,1049,984,892,905,971,1161,1274,1304,1326,1288,1264,1240,1208,1127,1128,1080,1036,970,893,875,823,760,653,734,923,937,891,841,783,683,669,599,541,476,474,413,457,413,363,300,283,215,265,303,283,202,314,461,632,862,1146,1199,1232,1183,1144,1115,1080,1032,1052,1053,1016,988,896,885,810,750,698,633,523,522,605,894,1101,1085,1051,1035,974,940,857,781,767,699,654,584,474,455,445,399,365,250,219,351,682,1118,1309,1276,1295,1260,1245,1208,1167,1088,1086,1049,1035,936,857,840,779,728,644,599,526,427,367,344,394,503,814,1224,1454,1449,1422,1368,1386,1372,1308,1258,1276,1227,1212,1166,1110,1040,1038,986,922,855,811,828,831,872,1159,1471,1612,1579,1597,1593,1564,1592,1533,1560,1530,1503,1482,1469,1406,1432,1403,1372,1341,1274,1278,1245,1182,1163,1096,1035,1035,970,927,878,779,776,703,640,571,491,394,362,298,218,102,2,0,0,30,205,334,301,304,312,343,374,496,650,619,557,543,606,621,604,663,749,731,631,669,666,664,667,735,730,776,745,728,0.00341796875,0.7550924979636316,1.0059873629130838,0.5926672449155603,0.4545224444027163,0.647336461686584,0.338090958494634,0.6657263163795709,0.28226879820213313,0.3838201223913867,0.6561831485666868,0.6394583150178812,0.33891784113491397,0.2392578125,0.12564302988814244,0.21576727996618,0.025947910655442233,0.06021519534948436,0.06457138771412711,0.240839003481879,0.04471973883537231,0.22245913698239755,0.19872506998962866,0.14998423175584366,0.11277922839738777,0.040430159266571196,0.07422517447523384,0.06153118750790377,0.045575241756164196,0.06149242770090299,0.17817917384802318,0.08219965043562096,0.03902586172400017,0.10346494189656782,0.040700519500341224,0.07600894032144549,0.06314516859502817,0.04433421665162565,0.061585410255576414,0.032638232357555474,0.03676080122015373,0.08403545866471059,0.009814331661250869,0.029523860269201122,0.029652786036501906,0.02708090746848056,0.04306850990468739,0.05317559917992962,0.03250647847088523,0.0450596562307005,0.04194674139631744,0.0170549308560283,0.031158312760827766,0.023518739411703703,0.02161713244255728,0.007873298582322802,0.04283537538957287,0.009618025197066508,0.0341796875,0.020600608505594715,0.04324529262789947,0.004367320268554277,0.013028968812623373,0.007042092334890604,0.036916129241085546,0.007873298582322802,0.011920464468489943,0.029556144434417102,0.022032254243512652,0.019652941208494246,0.01760523083722651,0.0208765218031562,0.01019561182510796,0.021683206358568866,0.013282686043686957,0.0041432037960149265,0.005859375,0.01589728573837862,0.0027621358640099515,0.015440808887540914,0.028721564784868637,0.022545696055889054,0.011388577919619728,0.009212872199274027,0.013566839833447074,0.01019561182510796,0.004979511243742954,0.008052940675034493,0.008052940675034493,0.007627196949127592,0.006253051013118016,0.014218964627501012,0.005940197783494355,0.03168941550700772,0.006253051013118016,0.0041432037960149265,0.02378085090212094,0.0021836601342771385,0.004026470337517247,0.007437278423695223,0.008052940675034493,0.008734640537108554,0.007042092334890604,0.004026470337517247,0.0048828125,0.005940197783494355,0.0021836601342771385,0.007437278423695223,0.011134525635733769,0.003088161777508183,0.0013810679320049757,0.01019561182510796,0.005258950006967289,0.004026470337517247,0.003521046167445302,0.01019561182510796,0.016370170521718956,0.0068359375,0.0041432037960149265,0.004026470337517247,0.007042092334890604,0.008734640537108554,0.007873298582322802,0.010517900013934578,0.0048828125,0.017953883116064683,0.007873298582322802,0.01284467425582608,0.0029296875,1,1,1.0
4.296875,3.0208213329315186,7.0,0.06628012657165527,34.66969680786133,0.390625,30.55242919921875,2.736846685409546,0.78125,0.9075430035591125,0.19234810769557953,38795.0,1061170.0,18332579840.0,27.353267669677734,0.02617683820426464,1.7749443054199219,4.887431621551514,9.867490007309243e-06,0.0,0.01614021323621273,814,807,735,698,630,568,455,429,348,266,183,91,27,0,0,0,0,0,188,426,608,830,1081,1134,1128,1082,1021,988,938,845,841,780,728,654,571,544,539,523,507,459,439,458,456,478,652,701,793,904,1039,1049,984,892,905,971,1161,1274,1304,1326,1288,1264,1240,1208,1127,1128,1080,1036,970,893,875,823,760,653,734,923,937,891,841,783,683,669,599,541,476,474,413,457,413,363,300,283,215,265,303,283,202,314,461,632,862,1146,1199,1232,1183,1144,1115,1080,1032,1052,1053,1016,988,896,885,810,750,698,633,523,522,605,894,1101,1085,1051,1035,974,940,857,781,767,699,654,584,474,455,445,399,365,250,219,351,682,1118,1309,1276,1295,1260,1245,1208,1167,1088,1086,1049,1035,936,857,840,779,728,644,599,526,427,367,344,394,503,814,1224,1454,1449,1422,1368,1386,1372,1308,1258,1276,1227,1212,1166,1110,1040,1038,986,922,855,811,828,831,872,1159,1471,1612,1579,1597,1593,1564,1592,1533,1560,1530,1503,1482,1469,1406,1432,1403,1372,1341,1274,1278,1245,1182,1163,1096,1035,1035,970,927,878,779,776,703,640,571,491,394,362,298,218,102,2,0,0,30,205,334,301,304,312,343,374,496,650,619,557,543,606,621,604,663,749,731,631,669,0.0029296875,0.7583056546144915,1.0063371134894747,0.5897160069661246,0.4549838119813045,0.6442781818518702,0.3456562247494001,0.6815237912498365,0.2963106915721088,0.3931776943581875,0.6753217424839675,0.6175744497538491,0.3485452664940526,0.22218460188422853,0.09898028213963328,0.18993073656568285,0.026939676219011176,0.03614600688148779,0.09327066588299782,0.22167108325812826,0.013282686043686957,0.2532010187981284,0.17267491856793044,0.17513172097007842,0.1021990269683682,0.06057836882527665,0.04723979149393681,0.09090427906132997,0.03813598474563796,0.061017575593020734,0.16125409734680485,0.0567751634912056,0.06247710762391919,0.0855649328115834,0.047681857873959774,0.06228601062149209,0.08079542496825412,0.03384320986555363,0.07706804553495648,0.033673710253059895,0.04673236763283359,0.07876326191964536,0.009959022487485907,0.03625138904935661,0.022482157096135425,0.022482157096135425,0.0441185820237364,0.050818796215850344,0.0341796875,0.04143203796014927,0.04695630968816917,0.017953883116064683,0.025409398107925172,0.019555648822754675,0.025353037081537442,0.0021836601342771385,0.03869455616437295,0.015254393898255184,0.024472586105745445,0.020531050821902968,0.03088161777508183,0.009959022487485907,0.004367320268554277,0.005694288959809864,0.03712222228271135,0.017387200990981306,0.01760523083722651,0.034938562148434216,0.03102027377786834,0.025559086578715626,0.025353037081537442,0.013671875,0.011134525635733769,0.016253239235442616,0.009765625,0.004026470337517247,0.004026470337517247,0.013028968812623373,0.005694288959809864,0.013706707859002147,0.025781989809461104,0.018961413905222265,0.013566839833447074,0.003521046167445302,0.0068359375,0.008734640537108554,0.011759369705851851,0.006176323555016366,0.009264485332524549,0.016253239235442616,0.012506102026236032,0.012236293052872722,0.007437278423695223,0.0333750146301466,0.004367320268554277,0.01516032685181643,0.020600608505594715,0.007873298582322802,0.006176323555016366,0.004367320268554277,0.011759369705851851,0.005694288959809864,0.0021836601342771385,0.0048828125,0.004026470337517247,0.0048828125,0.003521046167445302,0.007873298582322802,0.0126953125,0.003088161777508183,0.003088161777508183,0.010918300671385692,0.005694288959809864,0.004026470337517247,0.0048828125,0.01171875,0.01824369305885684,0.007873298582322802,0.009212872199274027,0.009212872199274027,0.009003461384075085,0.009618025197066508,0.013282686043686957,0.009003461384075085,0.007042092334890604,0.0264394265052361,0.006253051013118016,0.004026470337517247,0.01171875,1,1,1.0
4.296875,3.0549137592315674,7.0,0.06184624508023262,37.192848205566406,0.390625,30.17089080810547,2.722778797149658,0.78125,0.913590133190155,0.19270971417427063,38941.0,1061908.0,18546079744.0,27.269664764404297,0.02456359751522541,1.7611582279205322,4.861334800720215,7.222286512842402e-06,0.0,0.017050080001354218,1215,1192,1134,1082,1016,1019,969,890,814,807,735,698,630,568,455,429,348,266,183,91,27,0,0,0,0,0,188,426,608,830,1081,1134,1128,1082,1021,988,938,845,841,780,728,654,571,544,539,523,507,459,439,458,456,478,652,701,793,904,1039,1049,984,892,905,971,1161,1274,1304,1326,1288,1264,1240,1208,1127,1128,1080,1036,970,893,875,823,760,653,734,923,937,891,841,783,683,669,599,541,476,474,413,457,413,363,300,283,215,265,303,283,202,314,461,632,862,1146,1199,1232,1183,1144,1115,1080,1032,1052,1053,1016,988,896,885,810,750,698,633,523,522,605,894,1101,1085,1051,1035,974,940,857,781,767,699,654,584,474,455,445,399,365,250,219,351,682,1118,1309,1276,1295,1260,1245,1208,1167,1088,1086,1049,1035,936,857,840,779,728,644,599,526,427,367,344,394,503,814,1224,1454,1449,1422,1368,1386,1372,1308,1258,1276,1227,1212,1166,1110,1040,1038,986,922,855,811,828,831,872,1159,1471,1612,1579,1597,1593,1564,1592,1533,1560,1530,1503,1482,1469,1406,1432,1403,1372,1341,1274,1278,1245,1182,1163,1096,1035,1035,970,927,878,779,776,703,640,571,491,394,362,298,218,102,2,0,0,30,205,334,301,304,312,343,374,496,650,619,557,543,0.00244140625,0.7071829785831627,0.8988800285834216,0.4844714653186582,0.5480673733804633,0.6948844363509752,0.3851978952669217,0.7827524615200038,0.38615854705277997,0.4303439587720066,0.7390591191865723,0.5592259384251768,0.3162449555126643,0.14487725159522166,0.10623007194780185,0.17820593350483066,0.04724988438829275,0.10368592271300697,0.0478515625,0.27832202576227066,0.07043446453225376,0.20147741133395583,0.20919646437157202,0.1565701066718122,0.137864894465475,0.027759121881937295,0.07794167945013639,0.09095147618652384,0.06543697487402717,0.08493848482056458,0.13855147171698107,0.03676080122015373,0.08348895483004493,0.08297908510253126,0.04668132188561375,0.04324529262789947,0.09053108347520929,0.0242573092741684,0.07101429282303845,0.021506558149946522,0.022545696055889054,0.09204587240584515,0.019749754312653012,0.032122820709762745,0.046404704572330945,0.025334222209126653,0.0701019525579809,0.026654968874914416,0.048494957101309126,0.03907470512449718,0.055937513639139395,0.03813598474563796,0.019749754312653012,0.0166875073150733,0.03360283307438526,0.013982247132105814,0.04154696755113799,0.009814331661250869,0.0325211441510678,0.023518739411703703,0.03521046167445302,0.008843149548962322,0.0013810679320049757,0.006905339660024878,0.035507146411519225,0.020899350155305366,0.022777155839239456,0.027361183058831836,0.029313146523053973,0.025353037081537442,0.0170549308560283,0.027500249688142037,0.010563138502335907,0.0285216442705278,0.018657200365764452,0.020716018980074635,0.020967686087484266,0.013601941676937616,0.024492062898407135,0.013982247132105814,0.008843149548962322,0.02833714478231818,0.015655487833868553,0.015254393898255184,0.01792730444402912,0.008400708268596315,0.009264485332524549,0.015655487833868553,0.008734640537108554,0.003521046167445302,0.00390625,0.017387200990981306,0.009765625,0.03798564519292329,0.004367320268554277,0.015440808887540914,0.017820593350483065,0.010381001770248682,0.007042092334890604,0.004367320268554277,0.014874556847390447,0.009814331661250869,0.004026470337517247,0.005258950006967289,0.007109482313750506,0.009003461384075085,0.006905339660024878,0.007042092334890604,0.004026470337517247,0.0087890625,0.012079411012551739,0.0013810679320049757,0.008400708268596315,0.008843149548962322,0.009003461384075085,0.0027621358640099515,0.010918300671385692,0.012352647110032733,0.0048828125,0.003088161777508183,0.009264485332524549,0.01188039556698871,0.006905339660024878,0.014218964627501012,0.003521046167445302,0.028117539157984314,0.010054326309557618,0.0021836601342771385,0.013671875,1,1,1.0
4.296875,3.1489174365997314,7.0,0.060497697442770004,33.94959259033203,2.734375,20.582469940185547,2.897590160369873,0.78125,0.9126206636428833,0.1936427652835846,39319.0,847234.0,16962336768.0,21.547698974609375,0.026881638914346695,1.3187260627746582,4.13619327545166,4.967263521393761e-06,0.0,0.020537719130516052,1195,1147,1087,1021,1000,941,904,1097,1215,1192,1134,1082,1016,1019,969,890,814,807,735,698,630,568,455,429,348,266,183,91,27,0,0,0,0,0,188,426,608,830,1081,1134,1128,1082,1021,988,938,845,841,780,728,654,571,544,539,523,507,459,439,458,456,478,652,701,793,904,1039,1049,984,892,905,971,1161,1274,1304,1326,1288,1264,1240,1208,1127,1128,1080,1036,970,893,875,823,760,653,734,923,937,891,841,783,683,669,599,541,476,474,413,457,413,363,300,283,215,265,303,283,202,314,461,632,862,1146,1199,1232,1183,1144,1115,1080,1032,1052,1053,1016,988,896,885,810,750,698,633,523,522,605,894,1101,1085,1051,1035,974,940,857,781,767,699,654,584,474,455,445,399,365,250,219,351,682,1118,1309,1276,1295,1260,1245,1208,1167,1088,1086,1049,1035,936,857,840,779,728,644,599,526,427,367,344,394,503,814,1224,1454,1449,1422,1368,1386,1372,1308,1258,1276,1227,1212,1166,1110,1040,1038,986,922,855,811,828,831,872,1159,1471,1612,1579,1597,1593,1564,1592,1533,1560,1530,1503,1482,1469,1406,1432,1403,1372,1341,1274,1278,1245,1182,1163,1096,1035,1035,970,927,878,779,776,703,640,571,491,394,362,298,218,102,2,0,0,30,205,334,301,304,0.001953125,0.6895291986182096,0.7769394019417156,0.35022668309713734,0.6072695623947678,0.6457877194283375,0.5250065757702953,0.8266911599417168,0.4490594996257195,0.30364655919367217,0.619140625,0.6838455172531915,0.28570754179488606,0.2613176146989581,0.13824828018857108,0.20985189755799544,0.058070581044212914,0.023518739411703703,0.13348934265345222,0.24661442005725412,0.06684283186971719,0.2526486282284215,0.24739433421969045,0.09395323024066948,0.13300264995487696,0.03521046167445302,0.1253961009318322,0.07258822630526614,0.1086137711984319,0.12785511901179214,0.09826470604247123,0.026240290708094537,0.12156536187183933,0.09620008090644337,0.05146215674318515,0.0388789633542859,0.08981189992514389,0.05539786954563607,0.03922087036723282,0.056892623686052766,0.04848512338791566,0.06207128352371369,0.0263671875,0.06262956540946861,0.018961413905222265,0.015776850020901866,0.03792282781044453,0.059498227389561786,0.036812650048771024,0.03538607603904968,0.06298638865858242,0.032359456105040804,0.01179984958358845,0.009264485332524549,0.05201513275619443,0.0283875817456028,0.029523860269201122,0.010381001770248682,0.047701854460233645,0.029035290522106457,0.045939974556012016,0.0126953125,0.00966747552403483,0.017387200990981306,0.037186392118476116,0.0318844291353799,0.03401186477982031,0.013601941676937616,0.02489755621871477,0.022482157096135425,0.0021836601342771385,0.041524007080994726,0.016572815184059706,0.024433585943743757,0.014874556847390447,0.025031260972609954,0.01589728573837862,0.012079411012551739,0.01188039556698871,0.0166015625,0.031081700122733494,0.012506102026236032,0.02638526579317636,0.012732817197661424,0.011759369705851851,0.016164985700436375,0.028168369339562415,0.030649130520459405,0.016164985700436375,0.017953883116064683,0.017469281074217108,0.026057937625246747,0.019652941208494246,0.04756170180424188,0.014084184669781208,0.024705294220065465,0.01727715430952552,0.01875915303935405,0.015440808887540914,0.010918300671385692,0.021506558149946522,0.01792730444402912,0.01589728573837862,0.014517645261053229,0.014874556847390447,0.020692988379313566,0.016164985700436375,0.01019561182510796,0.015746597164645604,0.012236293052872722,0.01313830473347042,0.016858082521125067,0.010786485368346935,0.010918300671385692,0.013810679320049757,0.016164985700436375,0.014084184669781208,0.023619895746968406,0.02039122365021592,0.01886055460530075,0.009003461384075085,0.01441877251975918,0.006253051013118016,0.021836601342771385,0.0078125,0.032033631771204545,0.01878455474772592,0.007437278423695223,0.021484375,1,1,1.0
4.296875,3.6855149269104004,8.0,0.07882686704397202,25.2170467376709,0.78125,17.2182559967041,3.1990487575531006,2.734375,0.8860366940498352,0.19181935489177704,38582.0,716616.0,14835762176.0,18.573843002319336,0.03513642027974129,1.1321717500686646,3.809931993484497,3.2397792892879806e-06,0.0,0.03647225722670555,1435,1401,1371,1309,1323,1306,1278,1206,1195,1147,1087,1021,1000,941,904,1097,1215,1192,1134,1082,1016,1019,969,890,814,807,735,698,630,568,455,429,348,266,183,91,27,0,0,0,0,0,188,426,608,830,1081,1134,1128,1082,1021,988,938,845,841,780,728,654,571,544,539,523,507,459,439,458,456,478,652,701,793,904,1039,1049,984,892,905,971,1161,1274,1304,1326,1288,1264,1240,1208,1127,1128,1080,1036,970,893,875,823,760,653,734,923,937,891,841,783,683,669,599,541,476,474,413,457,413,363,300,283,215,265,303,283,202,314,461,632,862,1146,1199,1232,1183,1144,1115,1080,1032,1052,1053,1016,988,896,885,810,750,698,633,523,522,605,894,1101,1085,1051,1035,974,940,857,781,767,699,654,584,474,455,445,399,365,250,219,351,682,1118,1309,1276,1295,1260,1245,1208,1167,1088,1086,1049,1035,936,857,840,779,728,644,599,526,427,367,344,394,503,814,1224,1454,1449,1422,1368,1386,1372,1308,1258,1276,1227,1212,1166,1110,1040,1038,986,922,855,811,828,831,872,1159,1471,1612,1579,1597,1593,1564,1592,1533,1560,1530,1503,1482,1469,1406,1432,1403,1372,1341,1274,1278,1245,1182,1163,1096,1035,1035,970,927,878,779,776,703,640,571,491,394,362,298,218,102,0.00146484375,0.7990561162270663,0.666102249910947,0.3174654339574822,0.6193631611605844,0.39529677046892764,0.6803003814557134,0.6411763121743168,0.3067494581943692,0.34750397165347824,0.635682180827788,0.6130261710773702,0.507789963442225,0.18646462996380592,0.09416614993693494,0.12100708844568389,0.15027643798180737,0.19667978447738424,0.04961283514015835,0.29071561979748917,0.10021073072160393,0.25756454103360493,0.1201013073852426,0.20660010014371855,0.04576318169476555,0.10054326309557618,0.10967540359092384,0.0041432037960149265,0.11962392368450293,0.15100132195102475,0.07529670518047357,0.058675073772655476,0.1476774331696557,0.11270732848635553,0.05862629304610795,0.06501295694177046,0.06800970838468809,0.07969611626212174,0.03538607603904968,0.07033962150534807,0.0734242528776734,0.07200782775713194,0.03144773864864183,0.02003738723504218,0.05852860962410819,0.05417061815765103,0.0927734375,0.0009765625,0.06457138771412711,0.06783419916723538,0.037378240642587185,0.0369677602163041,0.05208841934802573,0.04334441605697685,0.033260520245950005,0.029893023173855404,0.018657200365764452,0.030289184412638327,0.05694288959809864,0.025353037081537442,0.0634765625,0.02003738723504218,0.020132351687586234,0.027151247606362977,0.0419921875,0.04290211452439218,0.0448900192756297,0.006176323555016366,0.014778072217208551,0.01528562093993997,0.02777629424478104,0.0369677602163041,0.028721564784868637,0.01284467425582608,0.024492062898407135,0.016164985700436375,0.027238917345666705,0.03538607603904968,0.03648738611771368,0.0341796875,0.014218964627501012,0.04673236763283359,0.019457869965987574,0.027361183058831836,0.02713367966689415,0.022881590847382775,0.022651198251451565,0.019555648822754675,0.021683206358568866,0.033260520245950005,0.0325211441510678,0.023457836229422487,0.024492062898407135,0.0498046875,0.021126277004671814,0.029652786036501906,0.018961413905222265,0.023047702580480365,0.020108652619115236,0.016105881350068987,0.020716018980074635,0.020967686087484266,0.0244140625,0.02108108705558877,0.020132351687586234,0.020600608505594715,0.019457869965987574,0.02458921545315268,0.026672852116694654,0.023457836229422487,0.024492062898407135,0.021035800027869155,0.026868782211323446,0.025353037081537442,0.021417687694786434,0.023457836229422487,0.032285693857063556,0.011759369705851851,0.02157297073669387,0.0244140625,0.01878455474772592,0.012352647110032733,0.023640075072090243,0.02039122365021592,0.014517645261053229,0.02638526579317636,0.022545696055889054,0.01179984958358845,0.0263671875,1,1,1.0
4.6875,4.499382972717285,8.0,0.07970915734767914,17.72391128540039,2.34375,16.564037322998047,3.5312466621398926,0.390625,0.8711403012275696,0.1857985556125641,36198.0,669506.0,12288837632.0,18.495662689208984,0.04915056750178337,1.3795998096466064,3.7293176651000977,1.9424201127549168e-06,0.0,0.05760607868432999,539,636,938,1307,1470,1501,1436,1486,1435,1401,1371,1309,1323,1306,1278,1206,1195,1147,1087,1021,1000,941,904,1097,1215,1192,1134,1082,1016,1019,969,890,814,807,735,698,630,568,455,429,348,266,183,91,27,0,0,0,0,0,188,426,608,830,1081,1134,1128,1082,1021,988,938,845,841,780,728,654,571,544,539,523,507,459,439,458,456,478,652,701,793,904,1039,1049,984,892,905,971,1161,1274,1304,1326,1288,1264,1240,1208,1127,1128,1080,1036,970,893,875,823,760,653,734,923,937,891,841,783,683,669,599,541,476,474,413,457,413,363,300,283,215,265,303,283,202,314,461,632,862,1146,1199,1232,1183,1144,1115,1080,1032,1052,1053,1016,988,896,885,810,750,698,633,523,522,605,894,1101,1085,1051,1035,974,940,857,781,767,699,654,584,474,455,445,399,365,250,219,351,682,1118,1309,1276,1295,1260,1245,1208,1167,1088,1086,1049,1035,936,857,840,779,728,644,599,526,427,367,344,394,503,814,1224,1454,1449,1422,1368,1386,1372,1308,1258,1276,1227,1212,1166,1110,1040,1038,986,922,855,811,828,831,872,1159,1471,1612,1579,1597,1593,1564,1592,1533,1560,1530,1503,1482,1469,1406,1432,1403,1372,1341,1274,1278,1245,1182,1163,1096,1035,1035,970,927,878,779,776,703,0.00390625,0.8987691515923341,0.695546314488219,0.4329653473482543,0.5978006425350612,0.25121204298271765,0.6843278703181964,0.49670180655132273,0.17307486899697574,0.48696110601814396,0.7758922731797747,0.4737143534834986,0.47152600045384974,0.04769185721513586,0.16445730027360064,0.23498050040649981,0.10355707454340472,0.12292668361042297,0.08396734020553114,0.18950597281592513,0.024705294220065465,0.27721477249658255,0.23723032849904674,0.0937550861250546,0.1465136689458983,0.017387200990981306,0.10994896832060601,0.10758598969300165,0.06991123566052906,0.06917068776158118,0.16212114038630573,0.06184039140229517,0.062293665757097896,0.058991165275542795,0.07475648128517437,0.025781989809461104,0.1188039556698871,0.037314400731528904,0.06132936901604524,0.053932426841734674,0.045522898518776035,0.0601676632841772,0.021945512748285382,0.05249875021763911,0.017953883116064683,0.032122820709762745,0.0602389473175435,0.029652786036501906,0.0585367561353348,0.04212823166039647,0.05211587525049349,0.03549371454177001,0.033203125,0.02638526579317636,0.025334222209126653,0.011759369705851851,0.02652944864688696,0.011134525635733769,0.03876842429937345,0.016716057391234072,0.04051263381385067,0.006905339660024878,0.003088161777508183,0.009212872199274027,0.026294750034836445,0.01875915303935405,0.020108652619115236,0.024724587697601882,0.01528562093993997,0.010786485368346935,0.017304731588544287,0.02039122365021592,0.005940197783494355,0.01589728573837862,0.007873298582322802,0.009959022487485907,0.01171875,0.011759369705851851,0.018165112536853784,0.013601941676937616,0.010918300671385692,0.02489755621871477,0.013671875,0.00966747552403483,0.01179984958358845,0.0021836601342771385,0.0107421875,0.01284467425582608,0.001953125,0.01019561182510796,0.0107421875,0.011134525635733769,0.001953125,0.0300838316420886,0.0048828125,0.006905339660024878,0.019186408891004394,0.007042092334890604,0.004979511243742954,0.005694288959809864,0.010918300671385692,0.005940197783494355,0.003088161777508183,0.0009765625,0.0027621358640099515,0.008734640537108554,0.0021836601342771385,0.005524271728019903,0.010918300671385692,0.0048828125,0.007042092334890604,0.005258950006967289,0.00966747552403483,0.00966747552403483,0.008843149548962322,0.006176323555016366,0.01589728573837862,0.005258950006967289,0.005694288959809864,0.007437278423695223,0.006905339660024878,0.006905339660024878,0.012352647110032733,0.007627196949127592,0.005940197783494355,0.022269051271467537,0.005940197783494355,0.008286407592029853,0.0087890625,1,1,1.0
4.6875,3.168774127960205,5.0,0.07238655537366867,28.077926635742188,3.90625,24.08729362487793,2.9932351112365723,0.390625,0.8957124948501587,0.18515068292617798,35946.0,847025.0,14765725696.0,23.563817977905273,0.03190094977617264,1.3418174982070923,4.434301853179932,1.3909665540268179e-05,0.0,0.018424157053232193,878,814,745,648,663,682,686,604,539,636,938,1307,1470,1501,1436,1486,1435,1401,1371,1309,1323,1306,1278,1206,1195,1147,1087,1021,1000,941,904,1097,1215,1192,1134,1082,1016,1019,969,890,814,807,735,698,630,568,455,429,348,266,183,91,27,0,0,0,0,0,188,426,608,830,1081,1134,1128,1082,1021,988,938,845,841,780,728,654,571,544,539,523,507,459,439,458,456,478,652,701,793,904,1039,1049,984,892,905,971,1161,1274,1304,1326,1288,1264,1240,1208,1127,1128,1080,1036,970,893,875,823,760,653,734,923,937,891,841,783,683,669,599,541,476,474,413,457,413,363,300,283,215,265,303,283,202,314,461,632,862,1146,1199,1232,1183,1144,1115,1080,1032,1052,1053,1016,988,896,885,810,750,698,633,523,522,605,894,1101,1085,1051,1035,974,940,857,781,767,699,654,584,474,455,445,399,365,250,219,351,682,1118,1309,1276,1295,1260,1245,1208,1167,1088,1086,1049,1035,936,857,840,779,728,644,599,526,427,367,344,394,503,814,1224,1454,1449,1422,1368,1386,1372,1308,1258,1276,1227,1212,1166,1110,1040,1038,986,922,855,811,828,831,872,1159,1471,1612,1579,1597,1593,1564,1592,1533,1560,1530,1503,1482,1469,1406,1432,1403,1372,1341,1274,1278,1245,1182,1163,1096,0.001953125,0.8618406124876037,0.6646610928030411,0.3904540641621023,0.6356289201613688,0.2673891611508899,0.7253867860527119,0.4927781209522779,0.1789988715280093,0.5169586505107451,0.8091531928289797,0.43863313254173913,0.4728862108459107,0.013706707859002147,0.18552117420688552,0.2546114006324761,0.0881560661803516,0.09317859720216065,0.09096720311989938,0.21078598797607678,0.028168369339562415,0.2525051486557378,0.2246900330720392,0.11568041324188162,0.12945624265444688,0.011920464468489943,0.10471100045230518,0.09306082133360502,0.07982763795971018,0.08291009873746533,0.15401229690403376,0.05402076830445051,0.05960232234244972,0.06640625,0.07427655027268132,0.032359456105040804,0.12172999436589288,0.0361328125,0.06383612107579772,0.05633673867912483,0.04728015014418049,0.05940197783494355,0.023478154844084585,0.05329204550641505,0.017953883116064683,0.03126525506559008,0.05866694646826402,0.031387028671851946,0.0594741796038481,0.04008667139018319,0.05472236611766367,0.037998196207702575,0.0352916230460794,0.02995676103550384,0.02489755621871477,0.013706707859002147,0.023518739411703703,0.012079411012551739,0.04203758447271657,0.019652941208494246,0.03873150784189832,0.009765625,0.007042092334890604,0.008734640537108554,0.02638526579317636,0.016016815885602272,0.0185546875,0.023840928936979887,0.016716057391234072,0.010054326309557618,0.0146484375,0.023457836229422487,0.009003461384075085,0.013282686043686957,0.010918300671385692,0.009264485332524549,0.01589728573837862,0.01242961138804478,0.021035800027869155,0.009765625,0.013982247132105814,0.021945512748285382,0.015440808887540914,0.009003461384075085,0.012732817197661424,0.004979511243742954,0.009212872199274027,0.011388577919619728,0.003088161777508183,0.01171875,0.011388577919619728,0.009814331661250869,0.0009765625,0.02847144479904932,0.005859375,0.007873298582322802,0.016370170521718956,0.009003461384075085,0.006176323555016366,0.003088161777508183,0.010517900013934578,0.005940197783494355,0.0065509804028314154,0.003521046167445302,0.0021836601342771385,0.004367320268554277,0.001953125,0.007042092334890604,0.006253051013118016,0.005524271728019903,0.007042092334890604,0.004026470337517247,0.008052940675034493,0.0078125,0.011048543456039806,0.004979511243742954,0.01516032685181643,0.0048828125,0.005524271728019903,0.01019561182510796,0.009003461384075085,0.003521046167445302,0.012236293052872722,0.008843149548962322,0.0041432037960149265,0.02378085090212094,0.0041432037960149265,0.008286407592029853,0.0068359375,1,1,1.0
4.6875,3.1285579204559326,6.0,0.07127124816179276,28.42799949645996,3.90625,21.96187400817871,3.0361416339874268,0.390625,0.8971694111824036,0.18549804389476776,36081.0,778850.0,14832797696.0,21.586153030395508,0.03155935928225517,1.13446843624115,4.294515132904053,3.464373321548919e-06,0.0,0.018490055575966835,1196,1181,1160,1132,1085,1000,1020,960,878,814,745,648,663,682,686,604,539,636,938,1307,1470,1501,1436,1486,1435,1401,1371,1309,1323,1306,1278,1206,1195,1147,1087,1021,1000,941,904,1097,1215,1192,1134,1082,1016,1019,969,890,814,807,735,698,630,568,455,429,348,266,183,91,27,0,0,0,0,0,188,426,608,830,1081,1134,1128,1082,1021,988,938,845,841,780,728,654,571,544,539,523,507,459,439,458,456,478,652,701,793,904,1039,1049,984,892,905,971,1161,1274,1304,1326,1288,1264,1240,1208,1127,1128,1080,1036,970,893,875,823,760,653,734,923,937,891,841,783,683,669,599,541,476,474,413,457,413,363,300,283,215,265,303,283,202,314,461,632,862,1146,1199,1232,1183,1144,1115,1080,1032,1052,1053,1016,988,896,885,810,750,698,633,523,522,605,894,1101,1085,1051,1035,974,940,857,781,767,699,654,584,474,455,445,399,365,250,219,351,682,1118,1309,1276,1295,1260,1245,1208,1167,1088,1086,1049,1035,936,857,840,779,728,644,599,526,427,367,344,394,503,814,1224,1454,1449,1422,1368,1386,1372,1308,1258,1276,1227,1212,1166,1110,1040,1038,986,922,855,811,828,831,872,1159,1471,1612,1579,1597,1593,1564,1592,1533,1560,1530,1503,1482,1469,1406,1432,1403,0.00244140625,0.8262717184423983,0.6311593774388558,0.3656597414383884,0.6706503419096389,0.2534344324192049,0.7474372311778302,0.45793597017836796,0.14826393018250952,0.5336465075035188,0.8153425524178185,0.4448678992857783,0.4510873162101802,0.04120121701118943,0.1622152327566103,0.23484043954024833,0.09635856549643758,0.11457454763311105,0.09124459864685998,0.19212486673125867,0.03389952140177692,0.26204103582371674,0.23844528805473975,0.11204964246033221,0.13808262239655705,0.006176323555016366,0.09814331661250869,0.08997633728915984,0.07902315751618715,0.08542549893995718,0.15251892972933312,0.0546875,0.05996125559769044,0.06442352540027595,0.07402575647752822,0.028168369339562415,0.11575458585087596,0.0318844291353799,0.06514484406311687,0.04761180368456604,0.03869455616437295,0.06680715381440262,0.03066468450802262,0.06401514303348588,0.010918300671385692,0.0412127887617367,0.06372397695732598,0.026203921611325662,0.06457877194283375,0.05156397961892221,0.04360764367532443,0.028168369339562415,0.028721564784868637,0.019186408891004394,0.026294750034836445,0.004979511243742954,0.031310975667737106,0.015254393898255184,0.04008667139018319,0.016105881350068987,0.04501730692037543,0.010054326309557618,0.008286407592029853,0.012352647110032733,0.023518739411703703,0.014906579611790769,0.016164985700436375,0.024492062898407135,0.016572815184059706,0.008843149548962322,0.016370170521718956,0.02108108705558877,0.008843149548962322,0.016164985700436375,0.01019561182510796,0.010786485368346935,0.011759369705851851,0.012236293052872722,0.01800692276815017,0.015254393898255184,0.01019561182510796,0.026240290708094537,0.010563138502335907,0.0048828125,0.0087890625,0.005859375,0.012079411012551739,0.014084184669781208,0.007437278423695223,0.013101960805662831,0.014084184669781208,0.006905339660024878,0.0029296875,0.03014716609459596,0.004367320268554277,0.00834375365753665,0.0170549308560283,0.008286407592029853,0.005859375,0.003088161777508183,0.010054326309557618,0.004367320268554277,0.006176323555016366,0.004026470337517247,0.003088161777508183,0.004026470337517247,0.0029296875,0.003088161777508183,0.00834375365753665,0.0027621358640099515,0.006176323555016366,0.005524271728019903,0.00966747552403483,0.00834375365753665,0.007873298582322802,0.00390625,0.012506102026236032,0.008052940675034493,0.0027621358640099515,0.008052940675034493,0.011759369705851851,0.006253051013118016,0.014517645261053229,0.010381001770248682,0.0021836601342771385,0.025855863857175247,0.0048828125,0.009003461384075085,0.0048828125,1,1,1.0
4.6875,3.1545052528381348,6.0,0.07163198292255402,28.35999298095703,3.90625,21.177688598632812,3.0860090255737305,0.390625,0.8967478275299072,0.18361972272396088,35354.0,715889.0,14421022720.0,20.24916648864746,0.031620170921087265,1.0269885063171387,4.253459930419922,5.524448170035612e-06,0.0,0.018382567912340164,1423,1436,1373,1388,1367,1343,1307,1245,1196,1181,1160,1132,1085,1000,1020,960,878,814,745,648,663,682,686,604,539,636,938,1307,1470,1501,1436,1486,1435,1401,1371,1309,1323,1306,1278,1206,1195,1147,1087,1021,1000,941,904,1097,1215,1192,1134,1082,1016,1019,969,890,814,807,735,698,630,568,455,429,348,266,183,91,27,0,0,0,0,0,188,426,608,830,1081,1134,1128,1082,1021,988,938,845,841,780,728,654,571,544,539,523,507,459,439,458,456,478,652,701,793,904,1039,1049,984,892,905,971,1161,1274,1304,1326,1288,1264,1240,1208,1127,1128,1080,1036,970,893,875,823,760,653,734,923,937,891,841,783,683,669,599,541,476,474,413,457,413,363,300,283,215,265,303,283,202,314,461,632,862,1146,1199,1232,1183,1144,1115,1080,1032,1052,1053,1016,988,896,885,810,750,698,633,523,522,605,894,1101,1085,1051,1035,974,940,857,781,767,699,654,584,474,455,445,399,365,250,219,351,682,1118,1309,1276,1295,1260,1245,1208,1167,1088,1086,1049,1035,936,857,840,779,728,644,599,526,427,367,344,394,503,814,1224,1454,1449,1422,1368,1386,1372,1308,1258,1276,1227,1212,1166,1110,1040,1038,986,922,855,811,828,831,872,1159,1471,1612,1579,1597,1593,1564,1592,1533,0.00146484375,0.7940149781089937,0.598250349377069,0.36594000394438486,0.6840985859100577,0.22187534385976876,0.7287669221408452,0.4528323576833253,0.14465326880602986,0.5058678585799243,0.78966476570739,0.45659388293973924,0.47510443091585547,0.020531050821902968,0.18285464591637568,0.2490387556563188,0.08236770657796696,0.09871013367796974,0.07707423250927985,0.2010035134383247,0.022269051271467537,0.27234190388161583,0.24340122408030135,0.10265525410951483,0.14618785091910907,0.008843149548962322,0.09053108347520929,0.0824255775234734,0.08403545866471059,0.09040458446119623,0.15710823866757134,0.06201748558323214,0.05651420428214956,0.05590340539594418,0.07365767567630108,0.024433585943743757,0.10504290476191294,0.022269051271467537,0.07657146790590882,0.04848512338791566,0.04577360017678893,0.05960232234244972,0.034402177644157296,0.05869944893417468,0.021506558149946522,0.034402177644157296,0.059450122090720404,0.032122820709762745,0.0643198195315434,0.04501730692037543,0.05033798425335888,0.03316001337177665,0.03656571333368956,0.019457869965987574,0.03304477405407936,0.005258950006967289,0.037314400731528904,0.02132844694125152,0.04225255400934363,0.019384212149686726,0.0492656181860525,0.017578125,0.014938533731228863,0.013566839833447074,0.03066468450802262,0.013982247132105814,0.024954945974962183,0.015440808887540914,0.005940197783494355,0.009212872199274027,0.024472586105745445,0.018657200365764452,0.003088161777508183,0.013810679320049757,0.006253051013118016,0.003521046167445302,0.02039122365021592,0.01953125,0.026002982335340524,0.003521046167445302,0.019384212149686726,0.018528970665049098,0.018165112536853784,0.0146484375,0.010918300671385692,0.005940197783494355,0.019628663322501738,0.022714264354712906,0.012732817197661424,0.0166015625,0.01953125,0.006253051013118016,0.009618025197066508,0.03625138904935661,0.0027621358640099515,0.0048828125,0.019773883526676354,0.014517645261053229,0.013810679320049757,0.005859375,0.010563138502335907,0.007873298582322802,0.011388577919619728,0.009264485332524549,0.01019561182510796,0.0146484375,0.01019561182510796,0.012079411012551739,0.01708286687942959,0.013028968812623373,0.016164985700436375,0.005940197783494355,0.005524271728019903,0.009618025197066508,0.016858082521125067,0.010786485368346935,0.02132844694125152,0.0013810679320049757,0.00966747552403483,0.0078125,0.009003461384075085,0.010918300671385692,0.0185803687406645,0.007437278423695223,0.0048828125,0.027151247606362977,0.007627196949127592,0.010381001770248682,0.0029296875,1,1,1.0
4.6875,3.4434382915496826,6.0,0.07772894203662872,26.175792694091797,3.90625,20.206501007080078,3.207631826400757,0.390625,0.8883338570594788,0.1806376725435257,34215.0,661085.0,13052156928.0,19.321496963500977,0.033937226980924606,1.0110481977462769,4.152704238891602,2.055016466329107e-06,0.0,0.025077305734157562,477,475,456,460,441,381,734,1193,1423,1436,1373,1388,1367,1343,1307,1245,1196,1181,1160,1132,1085,1000,1020,960,878,814,745,648,663,682,686,604,539,636,938,1307,1470,1501,1436,1486,1435,1401,1371,1309,1323,1306,1278,1206,1195,1147,1087,1021,1000,941,904,1097,1215,1192,1134,1082,1016,1019,969,890,814,807,735,698,630,568,455,429,348,266,183,91,27,0,0,0,0,0,188,426,608,830,1081,1134,1128,1082,1021,988,938,845,841,780,728,654,571,544,539,523,507,459,439,458,456,478,652,701,793,904,1039,1049,984,892,905,971,1161,1274,1304,1326,1288,1264,1240,1208,1127,1128,1080,1036,970,893,875,823,760,653,734,923,937,891,841,783,683,669,599,541,476,474,413,457,413,363,300,283,215,265,303,283,202,314,461,632,862,1146,1199,1232,1183,1144,1115,1080,1032,1052,1053,1016,988,896,885,810,750,698,633,523,522,605,894,1101,1085,1051,1035,974,940,857,781,767,699,654,584,474,455,445,399,365,250,219,351,682,1118,1309,1276,1295,1260,1245,1208,1167,1088,1086,1049,1035,936,857,840,779,728,644,599,526,427,367,344,394,503,814,1224,1454,1449,1422,1368,1386,1372,1308,1258,1276,1227,1212,1166,1110,1040,1038,986,922,855,811,828,831,872,1159,0.00390625,0.5415168946396556,0.3704970531681055,0.5408331497889571,0.6802933722046871,0.16191512269707178,0.48908137568406307,0.6685602792455316,0.3730673260101025,0.5106899023189772,0.9206296623614333,0.25436032114626844,0.39251131466635875,0.19634978460655123,0.0880965469636243,0.07504296661499268,0.21124696988974223,0.26083178177474664,0.21248931857920272,0.15727204796247965,0.15102658251277581,0.15742962915145808,0.18868895901560995,0.19005873324454084,0.08832358636402354,0.07672699365396628,0.15544531564117703,0.14637039836683646,0.03274034104343791,0.07513821899090369,0.12667111104563328,0.03232997140087275,0.06298638865858242,0.06935656603345587,0.07345022537685066,0.03057124187987994,0.10721304274967916,0.01878455474772592,0.0865401895464661,0.07277848001518246,0.06939780470484323,0.044815601193686584,0.005859375,0.043891025496570764,0.03057124187987994,0.04599184312233053,0.05642131572521207,0.05371981460732448,0.09602147307251449,0.08926871001583156,0.02039122365021592,0.02763861659782208,0.01680141653719263,0.04458090707231768,0.010918300671385692,0.03712222228271135,0.005859375,0.018657200365764452,0.038397662600268556,0.02286074201312427,0.04088754182706703,0.008734640537108554,0.011134525635733769,0.020692988379313566,0.01680141653719263,0.014084184669781208,0.01516032685181643,0.02209708691207961,0.012732817197661424,0.011134525635733769,0.017578125,0.025947910655442233,0.009618025197066508,0.0065509804028314154,0.01760523083722651,0.0185803687406645,0.020531050821902968,0.004026470337517247,0.009814331661250869,0.024492062898407135,0.009212872199274027,0.03712222228271135,0.013028968812623373,0.01188039556698871,0.021035800027869155,0.0166015625,0.0048828125,0.012079411012551739,0.007627196949127592,0.0027621358640099515,0.009003461384075085,0.009003461384075085,0.011388577919619728,0.03371616504225013,0.006176323555016366,0.011430371006562134,0.02161713244255728,0.010786485368346935,0.010563138502335907,0.003088161777508183,0.007109482313750506,0.003521046167445302,0.005258950006967289,0.0048828125,0.005694288959809864,0.00966747552403483,0.005258950006967289,0.010563138502335907,0.0021836601342771385,0.0027621358640099515,0.0029296875,0.009814331661250869,0.013601941676937616,0.009212872199274027,0.006176323555016366,0.007109482313750506,0.013282686043686957,0.013566839833447074,0.015655487833868553,0.019236050394133015,0.004367320268554277,0.010786485368346935,0.015254393898255184,0.0021836601342771385,0.011134525635733769,0.023619895746968406,0.011134525635733769,0.010381001770248682,0.001953125,1,1,1.0
4.6875,3.4215338230133057,7.0,0.09426875412464142,20.219501495361328,1.5625,34.63530349731445,3.594221591949463,3.90625,0.8630473613739014,0.17451529204845428,31935.0,888730.0,11971721216.0,27.8293399810791,0.042683906853199005,1.8313757181167603,5.211767196655273,1.56564583448926e-05,0.0,0.024903276935219765,873,813,734,698,633,573,495,459,477,475,456,460,441,381,734,1193,1423,1436,1373,1388,1367,1343,1307,1245,1196,1181,1160,1132,1085,1000,1020,960,878,814,745,648,663,682,686,604,539,636,938,1307,1470,1501,1436,1486,1435,1401,1371,1309,1323,1306,1278,1206,1195,1147,1087,1021,1000,941,904,1097,1215,1192,1134,1082,1016,1019,969,890,814,807,735,698,630,568,455,429,348,266,183,91,27,0,0,0,0,0,188,426,608,830,1081,1134,1128,1082,1021,988,938,845,841,780,728,654,571,544,539,523,507,459,439,458,456,478,652,701,793,904,1039,1049,984,892,905,971,1161,1274,1304,1326,1288,1264,1240,1208,1127,1128,1080,1036,970,893,875,823,760,653,734,923,937,891,841,783,683,669,599,541,476,474,413,457,413,363,300,283,215,265,303,283,202,314,461,632,862,1146,1199,1232,1183,1144,1115,1080,1032,1052,1053,1016,988,896,885,810,750,698,633,523,522,605,894,1101,1085,1051,1035,974,940,857,781,767,699,654,584,474,455,445,399,365,250,219,351,682,1118,1309,1276,1295,1260,1245,1208,1167,1088,1086,1049,1035,936,857,840,779,728,644,599,526,427,367,344,394,503,814,1224,1454,1449,1422,1368,1386,1372,1308,1258,1276,1227,1212,1166,1110,1040,1038,0.001953125,0.4990272596477892,0.34652698001162413,0.5831509259543418,0.6607526083182829,0.2029230140565359,0.47501710559763166,0.6938983380614577,0.38487218939909335,0.5461560564420038,0.9440713095482814,0.2535303708153744,0.36750422676406475,0.1809673341390391,0.06284238493436003,0.10441458128612234,0.19321629017771524,0.23710165246896872,0.19163779442085083,0.15529493267097047,0.13028968812623373,0.17615249425685164,0.1995105476363695,0.1809198990926518,0.08479802088317348,0.06687136060847652,0.14936299168030684,0.13967575126242443,0.04458090707231768,0.06655687191948725,0.13901530975995505,0.04088754182706703,0.07181553246425873,0.07402575647752822,0.05985778484657014,0.043891025496570764,0.11932458901645257,0.03250647847088523,0.0778314798639503,0.07469266865614431,0.06332614389403701,0.06083757080926766,0.009618025197066508,0.05850416328418031,0.015655487833868553,0.046589298601080326,0.06118146526436361,0.039257326645003476,0.0830078125,0.07444968184588249,0.021945512748285382,0.016572815184059706,0.005694288959809864,0.03149319432929121,0.0027621358640099515,0.030414866215619993,0.015746597164645604,0.021506558149946522,0.04668132188561375,0.02713367966689415,0.032359456105040804,0.009003461384075085,0.008400708268596315,0.018425744398548053,0.02039122365021592,0.020692988379313566,0.014874556847390447,0.029556144434417102,0.020132351687586234,0.014218964627501012,0.0107421875,0.02638526579317636,0.012352647110032733,0.015440808887540914,0.013810679320049757,0.013706707859002147,0.011388577919619728,0.01179984958358845,0.018165112536853784,0.015655487833868553,0.009814331661250869,0.028437929255002024,0.009765625,0.004026470337517247,0.0126953125,0.011920464468489943,0.003088161777508183,0.007627196949127592,0.003088161777508183,0.007873298582322802,0.004367320268554277,0.009959022487485907,0.007873298582322802,0.028854075591199527,0.007627196949127592,0.011388577919619728,0.017820593350483065,0.009264485332524549,0.005524271728019903,0.0021836601342771385,0.007042092334890604,0.0021836601342771385,0.003088161777508183,0.0027621358640099515,0.003088161777508183,0.003088161777508183,0.0048828125,0.0013810679320049757,0.012079411012551739,0.005859375,0.011134525635733769,0.0021836601342771385,0.004026470337517247,0.0027621358640099515,0.010517900013934578,0.004026470337517247,0.013982247132105814,0.0065509804028314154,0.007873298582322802,0.013101960805662831,0.007627196949127592,0.003088161777508183,0.010381001770248682,0.007109482313750506,0.007873298582322802,0.020692988379313566,0.007042092334890604,0.0068359375,0.0078125,1,1,1.0
4.6875,3.1944057941436768,6.0,0.08510562777519226,21.239953994750977,2.734375,36.74592590332031,3.550264596939087,3.90625,0.8737569451332092,0.1751507818698883,32168.0,934565.0,12779842560.0,29.052629470825195,0.04113742336630821,1.8510489463806152,5.3821892738342285,3.885769274347695e-06,0.0,0.02055729553103447,1238,1175,1145,1086,1032,1034,954,919,873,813,734,698,633,573,495,459,477,475,456,460,441,381,734,1193,1423,1436,1373,1388,1367,1343,1307,1245,1196,1181,1160,1132,1085,1000,1020,960,878,814,745,648,663,682,686,604,539,636,938,1307,1470,1501,1436,1486,1435,1401,1371,1309,1323,1306,1278,1206,1195,1147,1087,1021,1000,941,904,1097,1215,1192,1134,1082,1016,1019,969,890,814,807,735,698,630,568,455,429,348,266,183,91,27,0,0,0,0,0,188,426,608,830,1081,1134,1128,1082,1021,988,938,845,841,780,728,654,571,544,539,523,507,459,439,458,456,478,652,701,793,904,1039,1049,984,892,905,971,1161,1274,1304,1326,1288,1264,1240,1208,1127,1128,1080,1036,970,893,875,823,760,653,734,923,937,891,841,783,683,669,599,541,476,474,413,457,413,363,300,283,215,265,303,283,202,314,461,632,862,1146,1199,1232,1183,1144,1115,1080,1032,1052,1053,1016,988,896,885,810,750,698,633,523,522,605,894,1101,1085,1051,1035,974,940,857,781,767,699,654,584,474,455,445,399,365,250,219,351,682,1118,1309,1276,1295,1260,1245,1208,1167,1088,1086,1049,1035,936,857,840,779,728,644,599,526,427,367,344,394,503,814,1224,1454,1449,1422,1368,1386,1372,1308,0.00341796875,0.48161464599441756,0.343051547611795,0.6012786591930371,0.6410126792379754,0.21543110408645766,0.49048331577806054,0.6806052140091389,0.36701734130801067,0.5378794195909816,0.9256875034945522,0.2662865870594197,0.384484202681744,0.1815933658278719,0.077265782987705,0.08906014422597114,0.20560061788503223,0.25061721903834866,0.20490599174768306,0.1667492979569648,0.1319949850805923,0.17211065609628745,0.19240511847208694,0.1701041811187545,0.09100912832231875,0.05781546920162377,0.14471588713158362,0.1360789998554522,0.05094999008103743,0.0601676632841772,0.14092984536100422,0.03989589495276464,0.075574833648226,0.07773952754594285,0.06359664123111303,0.04203758447271657,0.1189042545106047,0.031204190055996988,0.0782225952910187,0.0732682245386824,0.06336378202151693,0.05912035495181762,0.008286407592029853,0.056649043016692095,0.01727715430952552,0.046875,0.06118146526436361,0.04014610310760638,0.08286407592029854,0.07485846834662813,0.022651198251451565,0.017304731588544287,0.007109482313750506,0.031387028671851946,0.0021836601342771385,0.029442994983752607,0.016253239235442616,0.022651198251451565,0.04723979149393681,0.027964494264211628,0.032638232357555474,0.008843149548962322,0.009264485332524549,0.01760523083722651,0.020132351687586234,0.0208765218031562,0.015655487833868553,0.03014716609459596,0.021126277004671814,0.0146484375,0.010517900013934578,0.02580047815160724,0.012079411012551739,0.01589728573837862,0.0126953125,0.01313830473347042,0.012079411012551739,0.01188039556698871,0.0170549308560283,0.016716057391234072,0.009765625,0.029361906989009586,0.008843149548962322,0.0048828125,0.013982247132105814,0.012079411012551739,0.001953125,0.007627196949127592,0.004026470337517247,0.006176323555016366,0.005940197783494355,0.008052940675034493,0.007042092334890604,0.03102027377786834,0.005258950006967289,0.008734640537108554,0.014938533731228863,0.009618025197066508,0.0027621358640099515,0.0065509804028314154,0.009765625,0.006253051013118016,0.006905339660024878,0.005258950006967289,0.004026470337517247,0.007042092334890604,0.0021836601342771385,0.0048828125,0.008052940675034493,0.0029296875,0.005859375,0.007042092334890604,0.008843149548962322,0.0021836601342771385,0.010918300671385692,0.007109482313750506,0.01800692276815017,0.003521046167445302,0.007109482313750506,0.009003461384075085,0.009264485332524549,0.0021836601342771385,0.009212872199274027,0.008286407592029853,0.008843149548962322,0.018961413905222265,0.008400708268596315,0.006905339660024878,0.0068359375,1,1,1.0
4.6875,3.213484287261963,6.0,0.08929715305566788,20.99523162841797,2.734375,35.40117263793945,3.5724010467529297,3.90625,0.8692982792854309,0.17408031225204468,31776.0,898522.0,12042112000.0,28.276750564575195,0.04140455648303032,1.8498574495315552,5.270092964172363,1.2047215022903401e-05,0.0,0.022031595930457115,814,1007,1194,1342,1339,1325,1256,1262,1238,1175,1145,1086,1032,1034,954,919,873,813,734,698,633,573,495,459,477,475,456,460,441,381,734,1193,1423,1436,1373,1388,1367,1343,1307,1245,1196,1181,1160,1132,1085,1000,1020,960,878,814,745,648,663,682,686,604,539,636,938,1307,1470,1501,1436,1486,1435,1401,1371,1309,1323,1306,1278,1206,1195,1147,1087,1021,1000,941,904,1097,1215,1192,1134,1082,1016,1019,969,890,814,807,735,698,630,568,455,429,348,266,183,91,27,0,0,0,0,0,188,426,608,830,1081,1134,1128,1082,1021,988,938,845,841,780,728,654,571,544,539,523,507,459,439,458,456,478,652,701,793,904,1039,1049,984,892,905,971,1161,1274,1304,1326,1288,1264,1240,1208,1127,1128,1080,1036,970,893,875,823,760,653,734,923,937,891,841,783,683,669,599,541,476,474,413,457,413,363,300,283,215,265,303,283,202,314,461,632,862,1146,1199,1232,1183,1144,1115,1080,1032,1052,1053,1016,988,896,885,810,750,698,633,523,522,605,894,1101,1085,1051,1035,974,940,857,781,767,699,654,584,474,455,445,399,365,250,219,351,682,1118,1309,1276,1295,1260,1245,1208,1167,1088,1086,1049,1035,936,857,840,779,728,644,599,526,427,367,344,394,503,814,0.0,0.4473562357043156,0.36316178521255443,0.617120280407898,0.606583682382662,0.20365250390356462,0.5220089677646906,0.6506845537499484,0.37070935066229044,0.5176637974496009,0.9508815690514862,0.22724548523366098,0.3461235636319341,0.18444884809474024,0.05281569251167953,0.12259652208183762,0.17101000822348866,0.24023635987493033,0.2051920256613778,0.14874556847390447,0.1635268413198006,0.142608221352639,0.1632379063658531,0.1501653395808293,0.11728918114711244,0.032754902014157074,0.14065212412022526,0.14258146935290025,0.06176323555016366,0.05168405711874704,0.11970361984503186,0.020132351687586234,0.05208841934802573,0.05406488490494691,0.05472236611766367,0.06017558790235897,0.1336178763393634,0.05381736614630803,0.05633673867912483,0.05386164934819405,0.04421574774481161,0.04789140560640324,0.015440808887540914,0.03889122607761695,0.039257326645003476,0.06485139732767184,0.08055900770953259,0.029700988917471777,0.06256862687359901,0.05416181493696112,0.034637007521422264,0.005940197783494355,0.012506102026236032,0.03965613379735733,0.019384212149686726,0.045856862819819905,0.005694288959809864,0.013101960805662831,0.033260520245950005,0.01875915303935405,0.030649130520459405,0.016253239235442616,0.016630260122975003,0.023840928936979887,0.01800692276815017,0.021417687694786434,0.009003461384075085,0.023047702580480365,0.014517645261053229,0.016164985700436375,0.007437278423695223,0.03032065370363286,0.014938533731228863,0.01953125,0.009765625,0.009959022487485907,0.0146484375,0.009003461384075085,0.0146484375,0.01886055460530075,0.01188039556698871,0.025409398107925172,0.011759369705851851,0.003088161777508183,0.009003461384075085,0.014680953494504793,0.004979511243742954,0.0065509804028314154,0.009618025197066508,0.003521046167445302,0.011759369705851851,0.004979511243742954,0.0065509804028314154,0.03032065370363286,0.009003461384075085,0.011759369705851851,0.013706707859002147,0.0065509804028314154,0.0027621358640099515,0.004367320268554277,0.010517900013934578,0.003088161777508183,0.00390625,0.003521046167445302,0.0029296875,0.0041432037960149265,0.001953125,0.004026470337517247,0.009212872199274027,0.003088161777508183,0.006176323555016366,0.006253051013118016,0.007873298582322802,0.0021836601342771385,0.011759369705851851,0.0068359375,0.017469281074217108,0.0048828125,0.005940197783494355,0.01188039556698871,0.007627196949127592,0.004367320268554277,0.010786485368346935,0.005940197783494355,0.006176323555016366,0.022482157096135425,0.005258950006967289,0.008286407592029853,0.009765625,1,1,1.0
4.6875,3.152554512023926,6.0,0.08358050137758255,22.732656478881836,2.734375,41.023746490478516,3.5133655071258545,3.90625,0.877805233001709,0.17135541141033173,30789.0,948097.0,12196804608.0,30.793367385864258,0.03861428052186966,2.1355605125427246,5.660842418670654,0.0,0.0,0.021520908921957016,791,715,744,927,840,829,763,715,814,1007,1194,1342,1339,1325,1256,1262,1238,1175,1145,1086,1032,1034,954,919,873,813,734,698,633,573,495,459,477,475,456,460,441,381,734,1193,1423,1436,1373,1388,1367,1343,1307,1245,1196,1181,1160,1132,1085,1000,1020,960,878,814,745,648,663,682,686,604,539,636,938,1307,1470,1501,1436,1486,1435,1401,1371,1309,1323,1306,1278,1206,1195,1147,1087,1021,1000,941,904,1097,1215,1192,1134,1082,1016,1019,969,890,814,807,735,698,630,568,455,429,348,266,183,91,27,0,0,0,0,0,188,426,608,830,1081,1134,1128,1082,1021,988,938,845,841,780,728,654,571,544,539,523,507,459,439,458,456,478,652,701,793,904,1039,1049,984,892,905,971,1161,1274,1304,1326,1288,1264,1240,1208,1127,1128,1080,1036,970,893,875,823,760,653,734,923,937,891,841,783,683,669,599,541,476,474,413,457,413,363,300,283,215,265,303,283,202,314,461,632,862,1146,1199,1232,1183,1144,1115,1080,1032,1052,1053,1016,988,896,885,810,750,698,633,523,522,605,894,1101,1085,1051,1035,974,940,857,781,767,699,654,584,474,455,445,399,365,250,219,351,682,1118,1309,1276,1295,1260,1245,1208,1167,1088,1086,1049,1035,936,857,840,779,728,644,0.00390625,0.4979760213081063,0.31125852029314494,0.6268968408341611,0.6289130737692691,0.2692639781047312,0.533737641309826,0.6306877729554985,0.29983172465626706,0.46252890831582844,0.8937062286115511,0.21364187975020985,0.349861608120162,0.24750417378306788,0.010517900013934578,0.17683333158837597,0.13000390853874957,0.19917326763285975,0.1863085722510864,0.11270732848635553,0.21250951409078503,0.09466613729982612,0.11739889786834937,0.12659580122265918,0.15460868908545425,0.028738162049926096,0.15399371919580945,0.16863173119730926,0.07460963064419554,0.07313142666737912,0.09178129023290317,0.03601384553630034,0.03259437357085671,0.04107371258752557,0.03625138904935661,0.07958235442140366,0.15245013312824726,0.0653202793288697,0.04428040644044779,0.04005097002814429,0.053932426841734674,0.032241355506287456,0.020600608505594715,0.049304318599079446,0.04337740686428283,0.07123553212826908,0.0855649328115834,0.018961413905222265,0.06442352540027595,0.06149242770090299,0.022545696055889054,0.005940197783494355,0.0065509804028314154,0.03986002271866904,0.01019561182510796,0.037695818487536684,0.008052940675034493,0.0170549308560283,0.0386328914938525,0.019384212149686726,0.03500673501745102,0.010786485368346935,0.013101960805662831,0.021439939843847802,0.02108108705558877,0.023940723969006372,0.005940197783494355,0.021836601342771385,0.011430371006562134,0.0185546875,0.005258950006967289,0.032285693857063556,0.017686299097924643,0.020531050821902968,0.004979511243742954,0.010918300671385692,0.020132351687586234,0.0065509804028314154,0.0185546875,0.020320949264340638,0.019749754312653012,0.020108652619115236,0.010054326309557618,0.005859375,0.015746597164645604,0.020132351687586234,0.005694288959809864,0.01441877251975918,0.005859375,0.0068359375,0.007873298582322802,0.009959022487485907,0.008052940675034493,0.0300838316420886,0.0041432037960149265,0.005859375,0.0126953125,0.012079411012551739,0.0029296875,0.009003461384075085,0.013982247132105814,0.009212872199274027,0.007627196949127592,0.004026470337517247,0.0029296875,0.006905339660024878,0.0027621358640099515,0.003521046167445302,0.009765625,0.004979511243742954,0.009765625,0.003088161777508183,0.0065509804028314154,0.0029296875,0.009618025197066508,0.006253051013118016,0.016105881350068987,0.0048828125,0.007042092334890604,0.009765625,0.008734640537108554,0.0027621358640099515,0.010054326309557618,0.005258950006967289,0.0065509804028314154,0.022482157096135425,0.0048828125,0.007873298582322802,0.0107421875,1,1,1.0
4.6875,3.298064947128296,6.0,0.08417437970638275,19.453073501586914,2.734375,34.20195007324219,3.476942300796509,3.90625,0.8710486888885498,0.16832606494426727,29710.0,837509.0,10701735936.0,28.189464569091797,0.04477692022919655,2.007986307144165,5.197803020477295,1.6828880688990466e-05,0.0,0.02257780358195305,351,352,362,439,407,425,505,745,791,715,744,927,840,829,763,715,814,1007,1194,1342,1339,1325,1256,1262,1238,1175,1145,1086,1032,1034,954,919,873,813,734,698,633,573,495,459,477,475,456,460,441,381,734,1193,1423,1436,1373,1388,1367,1343,1307,1245,1196,1181,1160,1132,1085,1000,1020,960,878,814,745,648,663,682,686,604,539,636,938,1307,1470,1501,1436,1486,1435,1401,1371,1309,1323,1306,1278,1206,1195,1147,1087,1021,1000,941,904,1097,1215,1192,1134,1082,1016,1019,969,890,814,807,735,698,630,568,455,429,348,266,183,91,27,0,0,0,0,0,188,426,608,830,1081,1134,1128,1082,1021,988,938,845,841,780,728,654,571,544,539,523,507,459,439,458,456,478,652,701,793,904,1039,1049,984,892,905,971,1161,1274,1304,1326,1288,1264,1240,1208,1127,1128,1080,1036,970,893,875,823,760,653,734,923,937,891,841,783,683,669,599,541,476,474,413,457,413,363,300,283,215,265,303,283,202,314,461,632,862,1146,1199,1232,1183,1144,1115,1080,1032,1052,1053,1016,988,896,885,810,750,698,633,523,522,605,894,1101,1085,1051,1035,974,940,857,781,767,699,654,584,474,455,445,399,365,250,219,351,682,1118,1309,1276,1295,1260,1245,1208,1167,1088,1086,0.00244140625,0.4465753150633449,0.4286252850798301,0.5363284450677305,0.7044969525240848,0.19407075971879956,0.41228636787226036,0.7467153466341279,0.31470323176680703,0.4976953799495677,0.7853262797860875,0.2829824706131396,0.4075262124459805,0.3475821769754263,0.10691464051497022,0.26762267250071653,0.05164713993038028,0.23211187638020223,0.2557046436948866,0.1737211090877438,0.22940698218790662,0.13570002717570945,0.16105881350068987,0.12997456228362653,0.1037227070769892,0.040618426451338716,0.12785138944572766,0.12908737866486564,0.09314788741922203,0.049071658306254345,0.08995513645538553,0.04239901044158674,0.010517900013934578,0.03363120187055188,0.0208765218031562,0.09460567350572933,0.1603020725242391,0.052959948683422846,0.06800970838468809,0.06543697487402717,0.05245331641404603,0.060080423497156345,0.02638526579317636,0.020132351687586234,0.06437910048378714,0.09392277373862962,0.11376848343133358,0.015655487833868553,0.05117411135380431,0.06977469014803223,0.01760523083722651,0.03385729652999944,0.027500249688142037,0.03798564519292329,0.01680141653719263,0.034678283016727936,0.028920103310470405,0.03516981075267404,0.024158822025103478,0.004367320268554277,0.03941491420041126,0.025390625,0.02568934851165216,0.032285693857063556,0.0107421875,0.015440808887540914,0.014517645261053229,0.03149319432929121,0.016716057391234072,0.011134525635733769,0.014906579611790769,0.04130524605968086,0.02833714478231818,0.03371616504225013,0.00834375365753665,0.016164985700436375,0.03521046167445302,0.01878455474772592,0.0324624416769427,0.0244140625,0.0300838316420886,0.031204190055996988,0.009003461384075085,0.01589728573837862,0.024020261477048523,0.006905339660024878,0.010517900013934578,0.0021836601342771385,0.0146484375,0.008734640537108554,0.0205078125,0.006176323555016366,0.0068359375,0.0166875073150733,0.017953883116064683,0.01760523083722651,0.022269051271467537,0.0264394265052361,0.0170549308560283,0.024158822025103478,0.02756951994822872,0.018165112536853784,0.014517645261053229,0.012352647110032733,0.01284467425582608,0.009765625,0.013982247132105814,0.016630260122975003,0.007042092334890604,0.0126953125,0.02039122365021592,0.017469281074217108,0.008843149548962322,0.01760523083722651,0.007627196949127592,0.015655487833868553,0.025390625,0.013282686043686957,0.013879560940968648,0.010918300671385692,0.020132351687586234,0.013028968812623373,0.018657200365764452,0.007873298582322802,0.004026470337517247,0.023518739411703703,0.013706707859002147,0.0027621358640099515,0.001953125,1,1,1.0
5.078125,3.8806495666503906,5.0,0.12684635818004608,17.684558868408203,2.734375,24.451560974121094,3.75862979888916,3.90625,0.8264223337173462,0.17234322428703308,31145.0,646696.0,9881607168.0,20.764039993286133,0.04673129692673683,1.1060891151428223,4.5049943923950195,6.2710410020372365e-06,0.0,0.03934003412723541,520,476,474,440,473,414,348,297,351,352,362,439,407,425,505,745,791,715,744,927,840,829,763,715,814,1007,1194,1342,1339,1325,1256,1262,1238,1175,1145,1086,1032,1034,954,919,873,813,734,698,633,573,495,459,477,475,456,460,441,381,734,1193,1423,1436,1373,1388,1367,1343,1307,1245,1196,1181,1160,1132,1085,1000,1020,960,878,814,745,648,663,682,686,604,539,636,938,1307,1470,1501,1436,1486,1435,1401,1371,1309,1323,1306,1278,1206,1195,1147,1087,1021,1000,941,904,1097,1215,1192,1134,1082,1016,1019,969,890,814,807,735,698,630,568,455,429,348,266,183,91,27,0,0,0,0,0,188,426,608,830,1081,1134,1128,1082,1021,988,938,845,841,780,728,654,571,544,539,523,507,459,439,458,456,478,652,701,793,904,1039,1049,984,892,905,971,1161,1274,1304,1326,1288,1264,1240,1208,1127,1128,1080,1036,970,893,875,823,760,653,734,923,937,891,841,783,683,669,599,541,476,474,413,457,413,363,300,283,215,265,303,283,202,314,461,632,862,1146,1199,1232,1183,1144,1115,1080,1032,1052,1053,1016,988,896,885,810,750,698,633,523,522,605,894,1101,1085,1051,1035,974,940,857,781,767,699,654,584,474,455,445,399,365,250,219,351,682,1118,1309,0.00244140625,0.4647883534480792,0.6150149968497497,0.36469870058983495,0.88613025109146,0.318893639606292,0.3711567072417881,0.7827146914476614,0.18028359431030158,0.3528892067438846,0.8036990715254066,0.16308886131361122,0.26103645321530583,0.2673891611508899,0.08709492242774726,0.1672176155703437,0.1509255148984534,0.21601465373312387,0.16510838965501617,0.08536966162505602,0.23906840398142654,0.05687585851000405,0.08680426702602691,0.07856322406687018,0.14551108951846783,0.06958307627860766,0.1719249306025607,0.14614870394413623,0.06842212521720062,0.0341098617120566,0.10576221469470515,0.03623823303765522,0.006176323555016366,0.036773770280786586,0.0126953125,0.08721528735064886,0.1445345491599808,0.034637007521422264,0.07354754056157317,0.06741111271649343,0.022140203220223895,0.05223468406373567,0.04848512338791566,0.05219815630817487,0.06549524467620006,0.08802615418613255,0.08629188294677548,0.025633603024231812,0.07354754056157317,0.05985778484657014,0.033260520245950005,0.009765625,0.022714264354712906,0.056623785212204,0.01878455474772592,0.014874556847390447,0.0300838316420886,0.04007477447008436,0.04239901044158674,0.011388577919619728,0.049957638915736964,0.026565372087373914,0.027793455997573647,0.033260520245950005,0.01171875,0.0192608231673008,0.011430371006562134,0.031081700122733494,0.0068359375,0.024647323172117114,0.01680141653719263,0.04769185721513586,0.032033631771204545,0.03180956538066861,0.021035800027869155,0.030508787796510367,0.02132844694125152,0.023619895746968406,0.027500249688142037,0.015440808887540914,0.010054326309557618,0.023212625632821705,0.019773883526676354,0.013282686043686957,0.021683206358568866,0.029133659941750583,0.01313830473347042,0.019236050394133015,0.005694288959809864,0.01313830473347042,0.009618025197066508,0.006176323555016366,0.006253051013118016,0.021439939843847802,0.01589728573837862,0.0166015625,0.021506558149946522,0.024724587697601882,0.016370170521718956,0.021439939843847802,0.02417855156863271,0.011920464468489943,0.006253051013118016,0.009959022487485907,0.012352647110032733,0.015655487833868553,0.009264485332524549,0.014084184669781208,0.014218964627501012,0.012079411012551739,0.013282686043686957,0.007873298582322802,0.013706707859002147,0.005940197783494355,0.0185803687406645,0.007873298582322802,0.004367320268554277,0.018961413905222265,0.022651198251451565,0.007873298582322802,0.025855863857175247,0.01589728573837862,0.01708286687942959,0.010786485368346935,0.010054326309557618,0.03126525506559008,0.016630260122975003,0.0048828125,0.001953125,1,1,1.0
4.6875,3.9315686225891113,4.0,0.0827677994966507,17.557621002197266,3.90625,31.20241355895996,3.371168613433838,1.5625,0.8678060173988342,0.17137211561203003,30795.0,823370.0,13511540736.0,26.737133026123047,0.04942617192864418,1.2156490087509155,5.24781608581543,6.342185315588722e-06,0.0,0.03836921975016594,921,911,841,829,744,693,587,557,520,476,474,440,473,414,348,297,351,352,362,439,407,425,505,745,791,715,744,927,840,829,763,715,814,1007,1194,1342,1339,1325,1256,1262,1238,1175,1145,1086,1032,1034,954,919,873,813,734,698,633,573,495,459,477,475,456,460,441,381,734,1193,1423,1436,1373,1388,1367,1343,1307,1245,1196,1181,1160,1132,1085,1000,1020,960,878,814,745,648,663,682,686,604,539,636,938,1307,1470,1501,1436,1486,1435,1401,1371,1309,1323,1306,1278,1206,1195,1147,1087,1021,1000,941,904,1097,1215,1192,1134,1082,1016,1019,969,890,814,807,735,698,630,568,455,429,348,266,183,91,27,0,0,0,0,0,188,426,608,830,1081,1134,1128,1082,1021,988,938,845,841,780,728,654,571,544,539,523,507,459,439,458,456,478,652,701,793,904,1039,1049,984,892,905,971,1161,1274,1304,1326,1288,1264,1240,1208,1127,1128,1080,1036,970,893,875,823,760,653,734,923,937,891,841,783,683,669,599,541,476,474,413,457,413,363,300,283,215,265,303,283,202,314,461,632,862,1146,1199,1232,1183,1144,1115,1080,1032,1052,1053,1016,988,896,885,810,750,698,633,523,522,605,894,1101,1085,1051,1035,974,940,857,781,767,699,654,584,474,455,445,0.00048828125,0.4288454995967826,0.5457132260719574,0.4437818488928296,0.8351276788918384,0.25725332944919355,0.28903775495859346,0.8636611861900765,0.2354872696142843,0.3636446540060874,0.7637343125051121,0.17550162220610002,0.1939847447011177,0.2543284500606527,0.1472506001950841,0.1028547966401885,0.23249572093676532,0.17491104044717273,0.09018278422355622,0.04680373814969437,0.31813912290989754,0.07600894032144549,0.1298534388777552,0.07852679880068213,0.07876931574248353,0.0856373487046631,0.1134579037478287,0.1017922956208077,0.12448778109357385,0.08219965043562096,0.050931268790645697,0.07366414908455511,0.05503516720158348,0.0726866955700328,0.04501730692037543,0.05220729064306117,0.12852096778407893,0.0603970550627587,0.04697661512033474,0.0417530436063124,0.03989589495276464,0.03179457147675724,0.03500673501745102,0.053932426841734674,0.048494957101309126,0.07048860325241636,0.07699995600711507,0.028920103310470405,0.053790778726251605,0.04102724909687501,0.0380859375,0.03221176270013797,0.03489759450235476,0.05223468406373567,0.022777155839239456,0.0380859375,0.0318844291353799,0.032241355506287456,0.022269051271467537,0.02681548870653512,0.020716018980074635,0.01188039556698871,0.006176323555016366,0.01441877251975918,0.04236525774117942,0.04203758447271657,0.01953125,0.003521046167445302,0.021836601342771385,0.025465634395322848,0.006176323555016366,0.0300838316420886,0.020716018980074635,0.026294750034836445,0.007873298582322802,0.021506558149946522,0.02376079113397742,0.019384212149686726,0.025465634395322848,0.01528562093993997,0.013982247132105814,0.017953883116064683,0.01528562093993997,0.012732817197661424,0.02568934851165216,0.01878455474772592,0.009618025197066508,0.00390625,0.013706707859002147,0.00834375365753665,0.02161713244255728,0.015746597164645604,0.015655487833868553,0.03363120187055188,0.010918300671385692,0.005524271728019903,0.004367320268554277,0.0065509804028314154,0.0048828125,0.006253051013118016,0.015440808887540914,0.013982247132105814,0.011759369705851851,0.006253051013118016,0.005258950006967289,0.004367320268554277,0.006253051013118016,0.01019561182510796,0.0065509804028314154,0.0078125,0.010563138502335907,0.005940197783494355,0.009959022487485907,0.005694288959809864,0.015746597164645604,0.008400708268596315,0.0146484375,0.01760523083722651,0.018347943582085875,0.010054326309557618,0.020899350155305366,0.013282686043686957,0.01824369305885684,0.010786485368346935,0.010054326309557618,0.01792730444402912,0.007437278423695223,0.01760523083722651,0.01953125,1,1,1.0
4.296875,3.6128132343292236,4.0,0.09334161877632141,21.10323143005371,1.5625,32.40419006347656,3.32441782951355,2.734375,0.8656390905380249,0.16756515204906464,29442.0,782144.0,12868947968.0,26.56558609008789,0.041019268333911896,1.0695006847381592,5.361075401306152,2.653492003901192e-07,1.171875,0.034691449254751205,791,714,653,702,941,1087,1055,976,921,911,841,829,744,693,587,557,520,476,474,440,473,414,348,297,351,352,362,439,407,425,505,745,791,715,744,927,840,829,763,715,814,1007,1194,1342,1339,1325,1256,1262,1238,1175,1145,1086,1032,1034,954,919,873,813,734,698,633,573,495,459,477,475,456,460,441,381,734,1193,1423,1436,1373,1388,1367,1343,1307,1245,1196,1181,1160,1132,1085,1000,1020,960,878,814,745,648,663,682,686,604,539,636,938,1307,1470,1501,1436,1486,1435,1401,1371,1309,1323,1306,1278,1206,1195,1147,1087,1021,1000,941,904,1097,1215,1192,1134,1082,1016,1019,969,890,814,807,735,698,630,568,455,429,348,266,183,91,27,0,0,0,0,0,188,426,608,830,1081,1134,1128,1082,1021,988,938,845,841,780,728,654,571,544,539,523,507,459,439,458,456,478,652,701,793,904,1039,1049,984,892,905,971,1161,1274,1304,1326,1288,1264,1240,1208,1127,1128,1080,1036,970,893,875,823,760,653,734,923,937,891,841,783,683,669,599,541,476,474,413,457,413,363,300,283,215,265,303,283,202,314,461,632,862,1146,1199,1232,1183,1144,1115,1080,1032,1052,1053,1016,988,896,885,810,750,698,633,523,522,605,894,1101,1085,1051,1035,974,940,857,0.0,0.409777075477526,0.510981137340005,0.4867652246320939,0.8214614814183935,0.24657381251773525,0.24609568761638004,0.9074036719951024,0.24850205836220735,0.3438290591791729,0.783826318459495,0.15696248688791556,0.15099184815084493,0.2139719527929566,0.1458743809651738,0.06287272891726513,0.23421421894070374,0.1315716390085882,0.12513725374719803,0.09084131141646559,0.30009083962014865,0.0991535603386587,0.14193790872801398,0.10442371442248673,0.10283625087793169,0.044804959949040865,0.13781992366803605,0.1385790016902729,0.08102526762770133,0.04631213164601319,0.09277857716026267,0.05097805912553979,0.021945512748285382,0.06064130740726572,0.018347943582085875,0.06823370144360712,0.10749287426419542,0.04419417382415922,0.0742444445654227,0.054635159104294395,0.05245331641404603,0.01760523083722651,0.050413708981016825,0.07803339355848819,0.01528562093993997,0.04984296935615174,0.09171892468307472,0.034402177644157296,0.03712222228271135,0.06481462307048874,0.01760523083722651,0.028985980624327792,0.015440808887540914,0.031988944051092184,0.004367320268554277,0.03274034104343791,0.016370170521718956,0.027361183058831836,0.03515625,0.0087890625,0.036604814089826784,0.016572815184059706,0.0126953125,0.01441877251975918,0.032285693857063556,0.03902586172400017,0.012506102026236032,0.014874556847390447,0.015746597164645604,0.03614600688148779,0.009765625,0.025031260972609954,0.010054326309557618,0.015254393898255184,0.007873298582322802,0.011134525635733769,0.021836601342771385,0.010918300671385692,0.023457836229422487,0.0166875073150733,0.01760523083722651,0.023940723969006372,0.006176323555016366,0.004979511243742954,0.016630260122975003,0.0170549308560283,0.0013810679320049757,0.009264485332524549,0.006253051013118016,0.0009765625,0.01242961138804478,0.0078125,0.006253051013118016,0.027203883353875233,0.008843149548962322,0.0041432037960149265,0.007873298582322802,0.0146484375,0.00390625,0.0068359375,0.010517900013934578,0.006905339660024878,0.009212872199274027,0.004367320268554277,0.0013810679320049757,0.0048828125,0.0027621358640099515,0.003521046167445302,0.007437278423695223,0.0009765625,0.0065509804028314154,0.00966747552403483,0.005694288959809864,0.008052940675034493,0.0087890625,0.007873298582322802,0.018347943582085875,0.00966747552403483,0.010786485368346935,0.006905339660024878,0.012506102026236032,0.0041432037960149265,0.008286407592029853,0.003521046167445302,0.006253051013118016,0.02568934851165216,0.003521046167445302,0.007437278423695223,0.009765625,1,1,1.0
3.90625,3.295156240463257,4.0,0.0868302583694458,22.441242218017578,1.5625,34.698341369628906,3.2639172077178955,2.734375,0.8742140531539917,0.16717198491096497,29304.0,863378.0,13794256896.0,29.46280288696289,0.0389556884765625,1.220187783241272,5.555158615112305,0.0,0.0,0.022066930308938026,1146,1146,1098,1065,1017,922,940,843,791,714,653,702,941,1087,1055,976,921,911,841,829,744,693,587,557,520,476,474,440,473,414,348,297,351,352,362,439,407,425,505,745,791,715,744,927,840,829,763,715,814,1007,1194,1342,1339,1325,1256,1262,1238,1175,1145,1086,1032,1034,954,919,873,813,734,698,633,573,495,459,477,475,456,460,441,381,734,1193,1423,1436,1373,1388,1367,1343,1307,1245,1196,1181,1160,1132,1085,1000,1020,960,878,814,745,648,663,682,686,604,539,636,938,1307,1470,1501,1436,1486,1435,1401,1371,1309,1323,1306,1278,1206,1195,1147,1087,1021,1000,941,904,1097,1215,1192,1134,1082,1016,1019,969,890,814,807,735,698,630,568,455,429,348,266,183,91,27,0,0,0,0,0,188,426,608,830,1081,1134,1128,1082,1021,988,938,845,841,780,728,654,571,544,539,523,507,459,439,458,456,478,652,701,793,904,1039,1049,984,892,905,971,1161,1274,1304,1326,1288,1264,1240,1208,1127,1128,1080,1036,970,893,875,823,760,653,734,923,937,891,841,783,683,669,599,541,476,474,413,457,413,363,300,283,215,265,303,283,202,314,461,632,862,1146,1199,1232,1183,1144,1115,1080,1032,1052,1053,1016,988,896,885,810,750,698,633,523,522,605,0.0009765625,0.3938199420147685,0.5099236838891809,0.4895160168841596,0.8449184662798207,0.2725466794970777,0.267599508725843,0.8822878738796196,0.23068795851561383,0.35467911092777316,0.7652125902176068,0.17994207509814095,0.15780778632347772,0.23273555841109836,0.17339141508363967,0.03954776705335271,0.2567040862842644,0.10381001770248681,0.14762576156794457,0.1170449979929761,0.2792934604249316,0.10059067798295383,0.12500381463905974,0.08940215011844392,0.11979918525431488,0.07037350868826746,0.13936131979000946,0.11240654348420472,0.10743962921464896,0.06934281435967474,0.07679532520053711,0.03873150784189832,0.016630260122975003,0.03585460888805824,0.009618025197066508,0.09221666812130294,0.11048543456039805,0.04501730692037543,0.09182803659920026,0.06395552472669118,0.0734761886952214,0.01589728573837862,0.03866990209613932,0.06275126494694275,0.031387028671851946,0.0670707220066124,0.08496654974279769,0.031988944051092184,0.037224840922941246,0.04728015014418049,0.036461239653504826,0.04833737762017415,0.032033631771204545,0.01313830473347042,0.023212625632821705,0.04026470337517247,0.024492062898407135,0.04421574774481161,0.038397662600268556,0.010786485368346935,0.029035290522106457,0.027361183058831836,0.013566839833447074,0.010517900013934578,0.0441185820237364,0.0369677602163041,0.015746597164645604,0.022545696055889054,0.003521046167445302,0.03554741156875253,0.0234375,0.034637007521422264,0.016253239235442616,0.007873298582322802,0.021417687694786434,0.007873298582322802,0.038989189018900645,0.027500249688142037,0.03889122607761695,0.008400708268596315,0.011759369705851851,0.013282686043686957,0.01933495104806966,0.019773883526676354,0.026654968874914416,0.005859375,0.013601941676937616,0.020531050821902968,0.011134525635733769,0.014874556847390447,0.010381001770248682,0.005859375,0.01188039556698871,0.023212625632821705,0.01953125,0.011134525635733769,0.005940197783494355,0.0021836601342771385,0.008052940675034493,0.016858082521125067,0.02286074201312427,0.008286407592029853,0.0065509804028314154,0.013982247132105814,0.013706707859002147,0.016164985700436375,0.015746597164645604,0.013706707859002147,0.008286407592029853,0.011759369705851851,0.019236050394133015,0.005258950006967289,0.015746597164645604,0.013982247132105814,0.022269051271467537,0.019555648822754675,0.029700988917471777,0.015254393898255184,0.005940197783494355,0.016253239235442616,0.00834375365753665,0.009003461384075085,0.010381001770248682,0.008052940675034493,0.005258950006967289,0.01727715430952552,0.012236293052872722,0.01800692276815017,0.0205078125,1,1,1.0
4.296875,3.7987349033355713,4.0,0.09136779606342316,19.8265323638916,1.5625,33.91304397583008,3.3863582611083984,2.734375,0.8650035858154297,0.16772443056106567,29498.0,816245.0,13349748736.0,27.67119789123535,0.04362858831882477,1.090412974357605,5.496757507324219,1.0593705610517645e-06,0.0,0.03712991252541542,1417,1399,1338,1351,1311,1295,1272,1198,1146,1146,1098,1065,1017,922,940,843,791,714,653,702,941,1087,1055,976,921,911,841,829,744,693,587,557,520,476,474,440,473,414,348,297,351,352,362,439,407,425,505,745,791,715,744,927,840,829,763,715,814,1007,1194,1342,1339,1325,1256,1262,1238,1175,1145,1086,1032,1034,954,919,873,813,734,698,633,573,495,459,477,475,456,460,441,381,734,1193,1423,1436,1373,1388,1367,1343,1307,1245,1196,1181,1160,1132,1085,1000,1020,960,878,814,745,648,663,682,686,604,539,636,938,1307,1470,1501,1436,1486,1435,1401,1371,1309,1323,1306,1278,1206,1195,1147,1087,1021,1000,941,904,1097,1215,1192,1134,1082,1016,1019,969,890,814,807,735,698,630,568,455,429,348,266,183,91,27,0,0,0,0,0,188,426,608,830,1081,1134,1128,1082,1021,988,938,845,841,780,728,654,571,544,539,523,507,459,439,458,456,478,652,701,793,904,1039,1049,984,892,905,971,1161,1274,1304,1326,1288,1264,1240,1208,1127,1128,1080,1036,970,893,875,823,760,653,734,923,937,891,841,783,683,669,599,541,476,474,413,457,413,363,300,283,215,265,303,283,202,314,461,632,862,1146,1199,1232,1183,1144,1115,1080,1032,1052,1053,1016,988,896,0.0,0.3084221857939882,0.5582043550983647,0.49093225662082984,0.9957729645843325,0.40698293446747114,0.4122354757458156,0.7521744043329921,0.2909910460467719,0.48837889648632765,0.6380190064280817,0.2912727602468456,0.09925449958806182,0.2001214612258367,0.21396526717923645,0.0878363547725346,0.20536856293762784,0.15391628794200976,0.18825126187533578,0.08250074906442612,0.27472145539028764,0.05198762364924283,0.12796322914296634,0.09480706952611133,0.07109482313750506,0.04809012598533254,0.12365379215754528,0.14556023594236736,0.08106057019315287,0.053932426841734674,0.09219081032192146,0.035907766232129365,0.005694288959809864,0.045522898518776035,0.021506558149946522,0.08914576870840972,0.0912184652942842,0.06647084404391264,0.07635319964606202,0.037186392118476116,0.0693359375,0.0170549308560283,0.0300838316420886,0.06354413470702125,0.04033569614856129,0.03773374821555011,0.07202769107260068,0.05879684852925925,0.022269051271467537,0.08167005674630888,0.018347943582085875,0.02833714478231818,0.0013810679320049757,0.043013116299893045,0.005524271728019903,0.027621358640099514,0.01953125,0.025633603024231812,0.035907766232129365,0.005694288959809864,0.03521046167445302,0.02003738723504218,0.009765625,0.0078125,0.0377211092106015,0.0328130812820536,0.006905339660024878,0.022651198251451565,0.007042092334890604,0.04290211452439218,0.023294649300540163,0.019773883526676354,0.0027621358640099515,0.019749754312653012,0.004367320268554277,0.0170549308560283,0.023518739411703703,0.014874556847390447,0.01727715430952552,0.022798081113142094,0.024020261477048523,0.029378142493147116,0.008052940675034493,0.004979511243742954,0.019236050394133015,0.021683206358568866,0.006253051013118016,0.0029296875,0.013879560940968648,0.008052940675034493,0.007437278423695223,0.005940197783494355,0.0021836601342771385,0.020762003540497363,0.0146484375,0.007042092334890604,0.001953125,0.007873298582322802,0.003088161777508183,0.013671875,0.016016815885602272,0.0013810679320049757,0.010563138502335907,0.011134525635733769,0.008734640537108554,0.004026470337517247,0.006905339660024878,0.008734640537108554,0.009765625,0.006176323555016366,0.003521046167445302,0.013982247132105814,0.0048828125,0.007627196949127592,0.007873298582322802,0.004026470337517247,0.013810679320049757,0.018528970665049098,0.016164985700436375,0.0166875073150733,0.005940197783494355,0.005940197783494355,0.0009765625,0.00834375365753665,0.007627196949127592,0.022798081113142094,0.010517900013934578,0.014517645261053229,0.0185546875,1,1,1.0
3.90625,3.3195431232452393,4.0,0.08189116418361664,24.27546501159668,2.734375,44.93354034423828,3.1008200645446777,1.5625,0.8817847371101379,0.17268043756484985,31267.0,1039730.0,14273991680.0,33.25326919555664,0.036324113607406616,1.7526030540466309,6.029074668884277,0.0,0.0,0.022029871121048927,985,1079,1070,1037,1033,1038,1229,1372,1417,1399,1338,1351,1311,1295,1272,1198,1146,1146,1098,1065,1017,922,940,843,791,714,653,702,941,1087,1055,976,921,911,841,829,744,693,587,557,520,476,474,440,473,414,348,297,351,352,362,439,407,425,505,745,791,715,744,927,840,829,763,715,814,1007,1194,1342,1339,1325,1256,1262,1238,1175,1145,1086,1032,1034,954,919,873,813,734,698,633,573,495,459,477,475,456,460,441,381,734,1193,1423,1436,1373,1388,1367,1343,1307,1245,1196,1181,1160,1132,1085,1000,1020,960,878,814,745,648,663,682,686,604,539,636,938,1307,1470,1501,1436,1486,1435,1401,1371,1309,1323,1306,1278,1206,1195,1147,1087,1021,1000,941,904,1097,1215,1192,1134,1082,1016,1019,969,890,814,807,735,698,630,568,455,429,348,266,183,91,27,0,0,0,0,0,188,426,608,830,1081,1134,1128,1082,1021,988,938,845,841,780,728,654,571,544,539,523,507,459,439,458,456,478,652,701,793,904,1039,1049,984,892,905,971,1161,1274,1304,1326,1288,1264,1240,1208,1127,1128,1080,1036,970,893,875,823,760,653,734,923,937,891,841,783,683,669,599,541,476,474,413,457,413,363,300,283,215,265,303,283,202,314,461,632,862,1146,1199,1232,1183,1144,0.001953125,0.31196548525318923,0.5526826113129092,0.49572451810613777,0.9971090490455277,0.4125950559274569,0.42021928058385666,0.7410172723360708,0.296471572619673,0.5013685570442923,0.6260077934389388,0.3010854792584865,0.08930075382542446,0.18640836191699697,0.2044027196535257,0.0989417346619219,0.18756356751221745,0.16200639142273493,0.16921604932776813,0.06991123566052906,0.2841813654374862,0.06652104049190001,0.12585538018373074,0.0863857715476276,0.08479802088317348,0.06253051013118016,0.1144371255882051,0.13833103469103167,0.0857430773017611,0.06348407407478518,0.10403484905018381,0.03538607603904968,0.009264485332524549,0.05328309713165524,0.020320949264340638,0.08466858825104964,0.09474166277839768,0.06256862687359901,0.08008407942801135,0.03936649291161401,0.0752206734830145,0.022140203220223895,0.02995676103550384,0.0667571725027836,0.045856862819819905,0.027759121881937295,0.08041682373453195,0.06153118750790377,0.03676080122015373,0.08389348279263488,0.0021836601342771385,0.018347943582085875,0.01760523083722651,0.03066468450802262,0.0126953125,0.03819845159298427,0.023047702580480365,0.04314594147338774,0.027930370402490412,0.016858082521125067,0.01760523083722651,0.009765625,0.009618025197066508,0.023619895746968406,0.022032254243512652,0.033673710253059895,0.010563138502335907,0.014938533731228863,0.013810679320049757,0.034402177644157296,0.013601941676937616,0.02681548870653512,0.005940197783494355,0.0126953125,0.008052940675034493,0.014517645261053229,0.025390625,0.01589728573837862,0.017304731588544287,0.023619895746968406,0.022482157096135425,0.031204190055996988,0.01188039556698871,0.009814331661250869,0.024724587697601882,0.013282686043686957,0.007873298582322802,0.013028968812623373,0.008843149548962322,0.009003461384075085,0.011920464468489943,0.007437278423695223,0.012352647110032733,0.03340357690720131,0.003088161777508183,0.005859375,0.012506102026236032,0.01875915303935405,0.008400708268596315,0.004026470337517247,0.011759369705851851,0.008734640537108554,0.004979511243742954,0.0048828125,0.005940197783494355,0.006905339660024878,0.007109482313750506,0.0068359375,0.0068359375,0.0048828125,0.004026470337517247,0.0126953125,0.0021836601342771385,0.005694288959809864,0.012079411012551739,0.008052940675034493,0.019628663322501738,0.01824369305885684,0.010918300671385692,0.0166015625,0.0068359375,0.005940197783494355,0.010054326309557618,0.004026470337517247,0.0048828125,0.023619895746968406,0.001953125,0.006905339660024878,0.0068359375,1,1,1.0
3.90625,3.3269736766815186,4.0,0.07893311232328415,23.69092559814453,2.734375,45.63579559326172,3.104139566421509,1.5625,0.8837630152702332,0.17255890369415283,31223.0,1042522.0,14142870528.0,33.38955307006836,0.0373038649559021,1.8106255531311035,6.055904388427734,4.0033660297922324e-06,0.0,0.024602308869361877,477,506,438,445,681,827,861,870,985,1079,1070,1037,1033,1038,1229,1372,1417,1399,1338,1351,1311,1295,1272,1198,1146,1146,1098,1065,1017,922,940,843,791,714,653,702,941,1087,1055,976,921,911,841,829,744,693,587,557,520,476,474,440,473,414,348,297,351,352,362,439,407,425,505,745,791,715,744,927,840,829,763,715,814,1007,1194,1342,1339,1325,1256,1262,1238,1175,1145,1086,1032,1034,954,919,873,813,734,698,633,573,495,459,477,475,456,460,441,381,734,1193,1423,1436,1373,1388,1367,1343,1307,1245,1196,1181,1160,1132,1085,1000,1020,960,878,814,745,648,663,682,686,604,539,636,938,1307,1470,1501,1436,1486,1435,1401,1371,1309,1323,1306,1278,1206,1195,1147,1087,1021,1000,941,904,1097,1215,1192,1134,1082,1016,1019,969,890,814,807,735,698,630,568,455,429,348,266,183,91,27,0,0,0,0,0,188,426,608,830,1081,1134,1128,1082,1021,988,938,845,841,780,728,654,571,544,539,523,507,459,439,458,456,478,652,701,793,904,1039,1049,984,892,905,971,1161,1274,1304,1326,1288,1264,1240,1208,1127,1128,1080,1036,970,893,875,823,760,653,734,923,937,891,841,783,683,669,599,541,476,474,413,457,413,363,300,283,215,265,303,283,202,314,0.001953125,0.3644344934278313,0.4881845607393154,0.5542626701699703,0.9923201344664826,0.4572701115260208,0.46589298601080326,0.6720091220145756,0.33510184035335155,0.571278211702508,0.5817567318738704,0.3314678123808272,0.03983608994994363,0.11728918114711244,0.14004396565684124,0.10194676404965149,0.20105806853699784,0.12641487459954834,0.16097589423696526,0.12858773385456157,0.22739022425538452,0.0375183060787081,0.08106057019315287,0.07605911124461232,0.0283203125,0.0642233712791304,0.1315788871363452,0.17553150661477593,0.0726866955700328,0.04789140560640324,0.05524271728019903,0.04676296833520656,0.03451288485756307,0.03848449315476178,0.05590340539594418,0.09999637597192976,0.059626318447163075,0.08399005249704891,0.049506999436080376,0.03792282781044453,0.05211587525049349,0.005694288959809864,0.029035290522106457,0.05381736614630803,0.04712862700005334,0.044932488555966175,0.06457138771412711,0.07290285978843375,0.03618556115947052,0.09501305741371321,0.007873298582322802,0.010054326309557618,0.0244140625,0.029877067462457725,0.019457869965987574,0.04179870031061073,0.029813159223581537,0.049042498162069216,0.020320949264340638,0.020531050821902968,0.02229045353615884,0.003521046167445302,0.011048543456039806,0.018425744398548053,0.029700988917471777,0.03582800064032059,0.007109482313750506,0.01727715430952552,0.009003461384075085,0.03936649291161401,0.01800692276815017,0.022140203220223895,0.0013810679320049757,0.0170549308560283,0.0029296875,0.01589728573837862,0.019384212149686726,0.009003461384075085,0.0208765218031562,0.019628663322501738,0.015191747252054731,0.027793455997573647,0.013982247132105814,0.01179984958358845,0.021439939843847802,0.01313830473347042,0.005694288959809864,0.013028968812623373,0.0068359375,0.004367320268554277,0.014874556847390447,0.01019561182510796,0.003521046167445302,0.020132351687586234,0.0170549308560283,0.007873298582322802,0.00834375365753665,0.012732817197661424,0.011388577919619728,0.0166875073150733,0.005940197783494355,0.014778072217208551,0.016630260122975003,0.0048828125,0.005940197783494355,0.012079411012551739,0.009814331661250869,0.0087890625,0.0021836601342771385,0.0065509804028314154,0.005258950006967289,0.013671875,0.0048828125,0.007437278423695223,0.011759369705851851,0.009003461384075085,0.020899350155305366,0.017953883116064683,0.008400708268596315,0.01284467425582608,0.010918300671385692,0.0041432037960149265,0.010054326309557618,0.003088161777508183,0.0065509804028314154,0.025633603024231812,0.005940197783494355,0.009003461384075085,0.0126953125,1,1,1.0
3.90625,3.303725004196167,5.0,0.056241169571876526,23.631755828857422,2.734375,45.99231719970703,3.0000159740448,1.5625,0.9054440855979919,0.17201365530490875,31026.0,1032532.0,13527660544.0,33.279571533203125,0.03831472247838974,2.180485725402832,5.979896068572998,4.028755029139575e-06,0.0,0.02440500818192959,809,731,677,600,526,555,522,495,477,506,438,445,681,827,861,870,985,1079,1070,1037,1033,1038,1229,1372,1417,1399,1338,1351,1311,1295,1272,1198,1146,1146,1098,1065,1017,922,940,843,791,714,653,702,941,1087,1055,976,921,911,841,829,744,693,587,557,520,476,474,440,473,414,348,297,351,352,362,439,407,425,505,745,791,715,744,927,840,829,763,715,814,1007,1194,1342,1339,1325,1256,1262,1238,1175,1145,1086,1032,1034,954,919,873,813,734,698,633,573,495,459,477,475,456,460,441,381,734,1193,1423,1436,1373,1388,1367,1343,1307,1245,1196,1181,1160,1132,1085,1000,1020,960,878,814,745,648,663,682,686,604,539,636,938,1307,1470,1501,1436,1486,1435,1401,1371,1309,1323,1306,1278,1206,1195,1147,1087,1021,1000,941,904,1097,1215,1192,1134,1082,1016,1019,969,890,814,807,735,698,630,568,455,429,348,266,183,91,27,0,0,0,0,0,188,426,608,830,1081,1134,1128,1082,1021,988,938,845,841,780,728,654,571,544,539,523,507,459,439,458,456,478,652,701,793,904,1039,1049,984,892,905,971,1161,1274,1304,1326,1288,1264,1240,1208,1127,1128,1080,1036,970,893,875,823,760,653,734,923,937,891,841,783,683,669,599,541,476,474,413,457,413,363,0.001953125,0.28172601048343077,0.5813008275932906,0.46448355431490135,0.9191009681534693,0.37518814453394994,0.40115328469888795,0.6755568291557309,0.3032631470801441,0.6255284935966303,0.5040585782962174,0.39754730710842473,0.0794864286918931,0.047701854460233645,0.07258822630526614,0.11160618372913766,0.2575700949660127,0.07077215207809937,0.21370659638480724,0.15293417737661938,0.2202814174937741,0.013601941676937616,0.11933657681907309,0.09400396914928812,0.05731847887042652,0.05597160109729336,0.11348731930513825,0.17124407013142318,0.05614172793673754,0.027793455997573647,0.057971961248655585,0.06312251019996996,0.048828125,0.04014610310760638,0.07320962817965357,0.10405318118231732,0.0517578125,0.08291009873746533,0.055937513639139395,0.058283684810065524,0.07091350132668783,0.01680141653719263,0.010918300671385692,0.05498315726663768,0.05546668680141768,0.021417687694786434,0.08835597293959001,0.05330993774982883,0.034678283016727936,0.0762281943237755,0.014906579611790769,0.02510734400816883,0.007627196949127592,0.04239901044158674,0.014778072217208551,0.047771776596230504,0.023940723969006372,0.05146215674318515,0.024472586105745445,0.025947910655442233,0.020716018980074635,0.0013810679320049757,0.011430371006562134,0.016164985700436375,0.028437929255002024,0.030289184412638327,0.006905339660024878,0.018165112536853784,0.01760523083722651,0.028168369339562415,0.016716057391234072,0.033673710253059895,0.014680953494504793,0.02883754503951836,0.016370170521718956,0.033673710253059895,0.004367320268554277,0.009618025197066508,0.03828573395295441,0.010918300671385692,0.004979511243742954,0.009959022487485907,0.0126953125,0.010786485368346935,0.010381001770248682,0.026057937625246747,0.008734640537108554,0.0078125,0.011759369705851851,0.008734640537108554,0.0146484375,0.011134525635733769,0.009212872199274027,0.025031260972609954,0.01589728573837862,0.010517900013934578,0.006253051013118016,0.010054326309557618,0.014680953494504793,0.019384212149686726,0.0029296875,0.01760523083722651,0.014680953494504793,0.0048828125,0.008400708268596315,0.01019561182510796,0.007873298582322802,0.008400708268596315,0.010918300671385692,0.005258950006967289,0.012352647110032733,0.0048828125,0.008843149548962322,0.009264485332524549,0.009814331661250869,0.004979511243742954,0.011134525635733769,0.019652941208494246,0.01792730444402912,0.02108108705558877,0.005524271728019903,0.00834375365753665,0.013028968812623373,0.005694288959809864,0.008052940675034493,0.028117539157984314,0.006905339660024878,0.009765625,0.013671875,1,1,1.0
4.296875,3.5467822551727295,5.0,0.06773579120635986,21.402013778686523,2.734375,38.72218322753906,3.1870126724243164,1.5625,0.8906490206718445,0.16589494049549103,28858.0,885781.0,11168418816.0,30.694469451904297,0.04161519557237625,1.85098397731781,5.536664009094238,4.33150398748694e-06,0.0,0.028687814250588417,445,782,1040,1064,1003,968,872,860,809,731,677,600,526,555,522,495,477,506,438,445,681,827,861,870,985,1079,1070,1037,1033,1038,1229,1372,1417,1399,1338,1351,1311,1295,1272,1198,1146,1146,1098,1065,1017,922,940,843,791,714,653,702,941,1087,1055,976,921,911,841,829,744,693,587,557,520,476,474,440,473,414,348,297,351,352,362,439,407,425,505,745,791,715,744,927,840,829,763,715,814,1007,1194,1342,1339,1325,1256,1262,1238,1175,1145,1086,1032,1034,954,919,873,813,734,698,633,573,495,459,477,475,456,460,441,381,734,1193,1423,1436,1373,1388,1367,1343,1307,1245,1196,1181,1160,1132,1085,1000,1020,960,878,814,745,648,663,682,686,604,539,636,938,1307,1470,1501,1436,1486,1435,1401,1371,1309,1323,1306,1278,1206,1195,1147,1087,1021,1000,941,904,1097,1215,1192,1134,1082,1016,1019,969,890,814,807,735,698,630,568,455,429,348,266,183,91,27,0,0,0,0,0,188,426,608,830,1081,1134,1128,1082,1021,988,938,845,841,780,728,654,571,544,539,523,507,459,439,458,456,478,652,701,793,904,1039,1049,984,892,905,971,1161,1274,1304,1326,1288,1264,1240,1208,1127,1128,1080,1036,970,893,875,823,760,653,734,923,937,891,841,783,683,669,0.00048828125,0.21457947168918595,0.6536734728396421,0.4049544584312171,0.8445148533474198,0.3533186390058488,0.41220771375580195,0.6212910272878395,0.36512077319171155,0.696291801800362,0.5160326646623595,0.37187674385751834,0.07250277809871322,0.10934883894720401,0.11711016328328759,0.03385729652999944,0.2420161471694041,0.12811219686412204,0.16738007764685262,0.09086755323791498,0.25728854487657826,0.0707990975015307,0.047330550062705604,0.07660882288068432,0.014938533731228863,0.07560637441736684,0.17273013920207883,0.1622152327566103,0.11719156893977657,0.08554263866508419,0.09236133801680174,0.02489755621871477,0.00966747552403483,0.029361906989009586,0.0417530436063124,0.12779543289357814,0.0450596562307005,0.11372656276834169,0.022269051271467537,0.0634765625,0.060766989008218926,0.03144773864864183,0.011430371006562134,0.043891025496570764,0.07181553246425873,0.013982247132105814,0.10156719490350419,0.04271274946997859,0.032033631771204545,0.07399354195122897,0.0244140625,0.022032254243512652,0.022651198251451565,0.04217348219079919,0.02765586378614511,0.04820896502811517,0.0375183060787081,0.04789140560640324,0.022269051271467537,0.006905339660024878,0.0300838316420886,0.0242573092741684,0.01824369305885684,0.03873150784189832,0.011388577919619728,0.04894517221149089,0.026565372087373914,0.007873298582322802,0.007042092334890604,0.04283537538957287,0.026654968874914416,0.017304731588544287,0.0013810679320049757,0.015440808887540914,0.0087890625,0.026294750034836445,0.013810679320049757,0.009003461384075085,0.03356023491687418,0.01589728573837862,0.003521046167445302,0.009959022487485907,0.013101960805662831,0.009618025197066508,0.010918300671385692,0.0242573092741684,0.006176323555016366,0.009003461384075085,0.005258950006967289,0.0013810679320049757,0.013982247132105814,0.007873298582322802,0.0009765625,0.022798081113142094,0.013028968812623373,0.0029296875,0.010517900013934578,0.014778072217208551,0.005258950006967289,0.012352647110032733,0.010563138502335907,0.010054326309557618,0.016716057391234072,0.006905339660024878,0.005940197783494355,0.012236293052872722,0.009618025197066508,0.007873298582322802,0.007627196949127592,0.003521046167445302,0.00966747552403483,0.005524271728019903,0.007437278423695223,0.009212872199274027,0.006905339660024878,0.0021836601342771385,0.0146484375,0.020716018980074635,0.010918300671385692,0.014218964627501012,0.011430371006562134,0.003088161777508183,0.004026470337517247,0.0065509804028314154,0.003088161777508183,0.01589728573837862,0.004979511243742954,0.010563138502335907,0.0009765625,1,1,1.0
4.296875,3.5333094596862793,5.0,0.06442458927631378,16.625165939331055,3.515625,28.96522331237793,3.3110103607177734,1.5625,0.8824936151504517,0.16456744074821472,28398.0,747850.0,10090136576.0,26.3346004486084,0.05308179184794426,1.4710655212402344,4.888787746429443,2.7510361633176217e-07,0.0,0.02345665730535984,0,0,0,63,268,440,367,349,445,782,1040,1064,1003,968,872,860,809,731,677,600,526,555,522,495,477,506,438,445,681,827,861,870,985,1079,1070,1037,1033,1038,1229,1372,1417,1399,1338,1351,1311,1295,1272,1198,1146,1146,1098,1065,1017,922,940,843,791,714,653,702,941,1087,1055,976,921,911,841,829,744,693,587,557,520,476,474,440,473,414,348,297,351,352,362,439,407,425,505,745,791,715,744,927,840,829,763,715,814,1007,1194,1342,1339,1325,1256,1262,1238,1175,1145,1086,1032,1034,954,919,873,813,734,698,633,573,495,459,477,475,456,460,441,381,734,1193,1423,1436,1373,1388,1367,1343,1307,1245,1196,1181,1160,1132,1085,1000,1020,960,878,814,745,648,663,682,686,604,539,636,938,1307,1470,1501,1436,1486,1435,1401,1371,1309,1323,1306,1278,1206,1195,1147,1087,1021,1000,941,904,1097,1215,1192,1134,1082,1016,1019,969,890,814,807,735,698,630,568,455,429,348,266,183,91,27,0,0,0,0,0,188,426,608,830,1081,1134,1128,1082,1021,988,938,845,841,780,728,654,571,544,539,523,507,459,439,458,456,478,652,701,793,904,1039,1049,984,892,905,971,1161,1274,1304,1326,1288,1264,1240,1208,1127,1128,1080,1036,970,893,875,823,760,653,0.001953125,0.3719728998136837,0.5524107723768503,0.44636064285096655,0.9534856395390173,0.22711115208820554,0.26310159683351914,0.7172544094946041,0.3784856920246561,0.8304812899600044,0.4826363152573331,0.41082998979818663,0.1851687141440311,0.23840328906049782,0.24282457790504985,0.10432777661363503,0.16611899355441342,0.2296251277186039,0.06892207026794488,0.18125694524678307,0.17194434414341797,0.07391616980533695,0.12543412164188145,0.13190825562803882,0.0615931524657089,0.048602996633317595,0.11048543456039805,0.18907268906557678,0.07309229453579777,0.07144941298375135,0.05532034780573651,0.020899350155305366,0.027793455997573647,0.06210968209436658,0.013282686043686957,0.12988648373570885,0.06284238493436003,0.1320347170402779,0.004979511243742954,0.07847820547993922,0.07096727460556314,0.045856862819819905,0.019384212149686726,0.058675073772655476,0.0676088825416835,0.00834375365753665,0.09420158976450534,0.04695630968816917,0.02315091717017519,0.08433000283079212,0.01179984958358845,0.017686299097924643,0.013982247132105814,0.03931801199061991,0.019773883526676354,0.04917843090630536,0.03451288485756307,0.05353308622525682,0.015440808887540914,0.013282686043686957,0.034402177644157296,0.028185292362620726,0.0224609375,0.044248088903160905,0.0146484375,0.056082242247504806,0.027964494264211628,0.0170549308560283,0.0048828125,0.04518646602054404,0.0126953125,0.0316291694154329,0.013601941676937616,0.029361906989009586,0.016630260122975003,0.03180956538066861,0.007873298582322802,0.008286407592029853,0.02883754503951836,0.01528562093993997,0.013282686043686957,0.026002982335340524,0.020531050821902968,0.019457869965987574,0.00390625,0.033730304764004966,0.016016815885602272,0.009814331661250869,0.013028968812623373,0.010054326309557618,0.01878455474772592,0.0146484375,0.0048828125,0.01824369305885684,0.014874556847390447,0.0048828125,0.01242961138804478,0.013601941676937616,0.004026470337517247,0.019773883526676354,0.012236293052872722,0.02108108705558877,0.01953125,0.008843149548962322,0.012079411012551739,0.008286407592029853,0.00834375365753665,0.007873298582322802,0.01760523083722651,0.013671875,0.015440808887540914,0.019749754312653012,0.010918300671385692,0.009003461384075085,0.02157297073669387,0.0166875073150733,0.022777155839239456,0.014517645261053229,0.021484375,0.0234375,0.008400708268596315,0.012079411012551739,0.013982247132105814,0.007873298582322802,0.008843149548962322,0.014517645261053229,0.010786485368346935,0.01760523083722651,0.00390625,1,1,1.0
4.296875,3.728203058242798,4.0,0.08059130609035492,18.95482063293457,3.515625,36.477447509765625,3.3919901847839355,1.5625,0.8733341693878174,0.17583006620407104,32418.0,953297.0,14806630400.0,29.406410217285156,0.0460745170712471,1.3181614875793457,5.561973571777344,3.8557896004931536e-06,0.0,0.0340251550078392,493,426,344,280,201,120,0,0,0,0,0,63,268,440,367,349,445,782,1040,1064,1003,968,872,860,809,731,677,600,526,555,522,495,477,506,438,445,681,827,861,870,985,1079,1070,1037,1033,1038,1229,1372,1417,1399,1338,1351,1311,1295,1272,1198,1146,1146,1098,1065,1017,922,940,843,791,714,653,702,941,1087,1055,976,921,911,841,829,744,693,587,557,520,476,474,440,473,414,348,297,351,352,362,439,407,425,505,745,791,715,744,927,840,829,763,715,814,1007,1194,1342,1339,1325,1256,1262,1238,1175,1145,1086,1032,1034,954,919,873,813,734,698,633,573,495,459,477,475,456,460,441,381,734,1193,1423,1436,1373,1388,1367,1343,1307,1245,1196,1181,1160,1132,1085,1000,1020,960,878,814,745,648,663,682,686,604,539,636,938,1307,1470,1501,1436,1486,1435,1401,1371,1309,1323,1306,1278,1206,1195,1147,1087,1021,1000,941,904,1097,1215,1192,1134,1082,1016,1019,969,890,814,807,735,698,630,568,455,429,348,266,183,91,27,0,0,0,0,0,188,426,608,830,1081,1134,1128,1082,1021,988,938,845,841,780,728,654,571,544,539,523,507,459,439,458,456,478,652,701,793,904,1039,1049,984,892,905,971,1161,1274,1304,1326,1288,1264,1240,1208,1127,1128,0.0009765625,0.5287181886162352,0.5414534907352565,0.45815770801395195,0.9822126586682461,0.07702472279965233,0.2806695670780661,0.662711890541978,0.5198762364924283,0.8866117303603633,0.6143975273340855,0.28291506093112145,0.11739077422042293,0.19504131564140176,0.1817692127173756,0.07720404443770458,0.20533373207615038,0.13910446391069847,0.1472506001950841,0.10203092098913263,0.2429737740638123,0.0883073886220961,0.07418019146419118,0.1325897143395098,0.05002440810494413,0.013982247132105814,0.1340169705704427,0.16435288661258926,0.06104882659409291,0.055423686029932466,0.04961283514015835,0.021439939843847802,0.021417687694786434,0.05198762364924283,0.025781989809461104,0.12930882332443824,0.04412938878005861,0.11207942762034041,0.030524413297046454,0.05524271728019903,0.0542673593337883,0.016858082521125067,0.023518739411703703,0.023619895746968406,0.08734640537108554,0.034402177644157296,0.12169473472370387,0.03527810911755555,0.04398869386545003,0.07516359923786663,0.04642525126564341,0.026565372087373914,0.04577360017678893,0.027621358640099514,0.0318844291353799,0.025031260972609954,0.024119314521930602,0.03625138904935661,0.029313146523053973,0.014938533731228863,0.02458921545315268,0.01824369305885684,0.01528562093993997,0.03869455616437295,0.0146484375,0.05183146292857656,0.020716018980074635,0.015776850020901866,0.009618025197066508,0.030508787796510367,0.021836601342771385,0.0300838316420886,0.0166015625,0.031158312760827766,0.007627196949127592,0.011759369705851851,0.024472586105745445,0.016370170521718956,0.03340357690720131,0.02315091717017519,0.01179984958358845,0.003088161777508183,0.007109482313750506,0.003521046167445302,0.02209708691207961,0.01589728573837862,0.01188039556698871,0.007873298582322802,0.020899350155305366,0.014517645261053229,0.013706707859002147,0.013101960805662831,0.008052940675034493,0.01886055460530075,0.015746597164645604,0.0027621358640099515,0.010381001770248682,0.009959022487485907,0.009618025197066508,0.0244140625,0.008734640537108554,0.02298555135925746,0.009618025197066508,0.012732817197661424,0.012079411012551739,0.009264485332524549,0.012732817197661424,0.013706707859002147,0.006253051013118016,0.012732817197661424,0.007109482313750506,0.011134525635733769,0.011759369705851851,0.014680953494504793,0.0,0.00834375365753665,0.0235996991671769,0.016630260122975003,0.007042092334890604,0.010918300671385692,0.007109482313750506,0.01019561182510796,0.013982247132105814,0.0048828125,0.007437278423695223,0.02157297073669387,0.0068359375,0.014517645261053229,0.0,1,1,1.0
3.90625,3.399832248687744,5.0,0.06232837215065956,23.507028579711914,3.515625,34.399505615234375,3.1788132190704346,1.5625,0.8994103074073792,0.18165375292301178,34601.0,1011605.0,17607516160.0,29.23629379272461,0.03826133534312248,1.2272813320159912,5.366780757904053,9.031461445374589e-07,0.0,0.025989726185798645,971,910,857,763,750,697,648,538,493,426,344,280,201,120,0,0,0,0,0,63,268,440,367,349,445,782,1040,1064,1003,968,872,860,809,731,677,600,526,555,522,495,477,506,438,445,681,827,861,870,985,1079,1070,1037,1033,1038,1229,1372,1417,1399,1338,1351,1311,1295,1272,1198,1146,1146,1098,1065,1017,922,940,843,791,714,653,702,941,1087,1055,976,921,911,841,829,744,693,587,557,520,476,474,440,473,414,348,297,351,352,362,439,407,425,505,745,791,715,744,927,840,829,763,715,814,1007,1194,1342,1339,1325,1256,1262,1238,1175,1145,1086,1032,1034,954,919,873,813,734,698,633,573,495,459,477,475,456,460,441,381,734,1193,1423,1436,1373,1388,1367,1343,1307,1245,1196,1181,1160,1132,1085,1000,1020,960,878,814,745,648,663,682,686,604,539,636,938,1307,1470,1501,1436,1486,1435,1401,1371,1309,1323,1306,1278,1206,1195,1147,1087,1021,1000,941,904,1097,1215,1192,1134,1082,1016,1019,969,890,814,807,735,698,630,568,455,429,348,266,183,91,27,0,0,0,0,0,188,426,608,830,1081,1134,1128,1082,1021,988,938,845,841,780,728,654,571,544,539,523,507,459,439,458,456,478,652,701,793,904,1039,1049,984,892,905,971,1161,1274,0.00341796875,0.6324567383457198,0.5946399644464662,0.4354121936525752,0.9370548462993746,0.10130865211404237,0.3800233713291166,0.5649471035392281,0.5218911174181272,0.8001933102702556,0.5827427553882756,0.32960105594354755,0.09363294287120669,0.16773296041118688,0.1879977929817678,0.06641343021843478,0.17811493426877578,0.2023276304209049,0.10047209880937173,0.1604329022535224,0.19691965716858875,0.037695818487536684,0.07967217989988726,0.08927405144949473,0.011388577919619728,0.0471993983343538,0.15983437548878723,0.14438601233028298,0.07560637441736684,0.04462367054217134,0.05198762364924283,0.030586835475323877,0.021126277004671814,0.04979511243742954,0.026672852116694654,0.11962392368450293,0.050753072110102666,0.104765632282345,0.03066468450802262,0.04695630968816917,0.04226383790699688,0.033332125323976586,0.028721564784868637,0.030162978928672854,0.08796654706944176,0.017578125,0.1135209277516602,0.03363120187055188,0.029749113694780893,0.07560006731625744,0.029749113694780893,0.024492062898407135,0.0341796875,0.04194674139631744,0.03936649291161401,0.03803582440263759,0.03847210078826603,0.027930370402490412,0.037314400731528904,0.01441877251975918,0.015191747252054731,0.012352647110032733,0.011134525635733769,0.032285693857063556,0.01516032685181643,0.045522898518776035,0.017953883116064683,0.011759369705851851,0.010918300671385692,0.030162978928672854,0.02777629424478104,0.022269051271467537,0.009814331661250869,0.021417687694786434,0.0048828125,0.022651198251451565,0.014906579611790769,0.008734640537108554,0.03356023491687418,0.012079411012551739,0.001953125,0.014084184669781208,0.013282686043686957,0.009003461384075085,0.0126953125,0.018961413905222265,0.0009765625,0.009003461384075085,0.013566839833447074,0.009765625,0.006176323555016366,0.0068359375,0.009003461384075085,0.025633603024231812,0.012732817197661424,0.003521046167445302,0.005694288959809864,0.008400708268596315,0.011134525635733769,0.020600608505594715,0.0027621358640099515,0.01708286687942959,0.0048828125,0.008400708268596315,0.004367320268554277,0.00834375365753665,0.007042092334890604,0.005940197783494355,0.005258950006967289,0.0041432037960149265,0.005694288959809864,0.01179984958358845,0.0009765625,0.004367320268554277,0.011134525635733769,0.0021836601342771385,0.014218964627501012,0.021836601342771385,0.00390625,0.0048828125,0.012079411012551739,0.00834375365753665,0.011388577919619728,0.007437278423695223,0.007109482313750506,0.024119314521930602,0.005940197783494355,0.013282686043686957,0.0009765625,1,1,1.0
3.90625,3.2730257511138916,7.0,0.05759217590093613,24.092897415161133,3.515625,30.74350357055664,3.002995729446411,1.5625,0.9048510789871216,0.1778791844844818,33178.0,920725.0,14662417408.0,27.751070022583008,0.03755675628781319,1.3713243007659912,4.9966840744018555,1.1537884347490035e-05,0.0,0.020441818982362747,1248,1264,1215,1194,1159,1111,1021,1007,971,910,857,763,750,697,648,538,493,426,344,280,201,120,0,0,0,0,0,63,268,440,367,349,445,782,1040,1064,1003,968,872,860,809,731,677,600,526,555,522,495,477,506,438,445,681,827,861,870,985,1079,1070,1037,1033,1038,1229,1372,1417,1399,1338,1351,1311,1295,1272,1198,1146,1146,1098,1065,1017,922,940,843,791,714,653,702,941,1087,1055,976,921,911,841,829,744,693,587,557,520,476,474,440,473,414,348,297,351,352,362,439,407,425,505,745,791,715,744,927,840,829,763,715,814,1007,1194,1342,1339,1325,1256,1262,1238,1175,1145,1086,1032,1034,954,919,873,813,734,698,633,573,495,459,477,475,456,460,441,381,734,1193,1423,1436,1373,1388,1367,1343,1307,1245,1196,1181,1160,1132,1085,1000,1020,960,878,814,745,648,663,682,686,604,539,636,938,1307,1470,1501,1436,1486,1435,1401,1371,1309,1323,1306,1278,1206,1195,1147,1087,1021,1000,941,904,1097,1215,1192,1134,1082,1016,1019,969,890,814,807,735,698,630,568,455,429,348,266,183,91,27,0,0,0,0,0,188,426,608,830,1081,1134,1128,1082,1021,988,938,845,841,780,728,654,571,544,539,523,507,459,439,458,456,478,652,701,793,904,0.00048828125,0.5880074115727225,0.5517992932416393,0.47119014127097036,0.985433342586227,0.06014388316469852,0.37425794296652565,0.5612388885009844,0.567213863884525,0.7942101293828088,0.6054971011507431,0.33785251997927684,0.09536371574791955,0.16435288661258926,0.20812698317490763,0.09810930065742127,0.15237191746811535,0.22160869251375553,0.12107012118257775,0.1678125409174182,0.21619338159867502,0.049506999436080376,0.04848512338791566,0.10673162469236874,0.0369677602163041,0.022714264354712906,0.1426784214869502,0.16164985700436377,0.07064402096252666,0.0596423104867284,0.06239309705063784,0.020716018980074635,0.01188039556698871,0.041062101643805936,0.032754902014157074,0.11545760951417001,0.0537109375,0.10287333905905921,0.0332174831087792,0.04316803926816473,0.03798564519292329,0.03984805813106087,0.03356023491687418,0.03837281778200879,0.08527465428014151,0.004367320268554277,0.09944648139141381,0.04794116292434991,0.04088754182706703,0.057443129569737274,0.04555431167847891,0.03829818662329605,0.051905008851243405,0.037224840922941246,0.03853402276747824,0.020762003540497363,0.0192608231673008,0.04421574774481161,0.019773883526676354,0.007109482313750506,0.029313146523053973,0.027930370402490412,0.026002982335340524,0.027621358640099514,0.027010384152225255,0.03274034104343791,0.024724587697601882,0.004026470337517247,0.0041432037960149265,0.0388789633542859,0.019773883526676354,0.027930370402490412,0.013601941676937616,0.026294750034836445,0.005859375,0.021683206358568866,0.015655487833868553,0.010054326309557618,0.034637007521422264,0.012732817197661424,0.005940197783494355,0.01589728573837862,0.01824369305885684,0.010563138502335907,0.021945512748285382,0.01019561182510796,0.012079411012551739,0.009765625,0.02229045353615884,0.013879560940968648,0.01800692276815017,0.011920464468489943,0.007042092334890604,0.0328276099882258,0.004367320268554277,0.01589728573837862,0.0087890625,0.0166015625,0.013982247132105814,0.009003461384075085,0.009264485332524549,0.01708286687942959,0.01313830473347042,0.009003461384075085,0.01019561182510796,0.009264485332524549,0.011134525635733769,0.009212872199274027,0.005258950006967289,0.0009765625,0.0087890625,0.01441877251975918,0.003521046167445302,0.005940197783494355,0.013982247132105814,0.006176323555016366,0.017578125,0.025390625,0.005524271728019903,0.010563138502335907,0.009003461384075085,0.013282686043686957,0.015776850020901866,0.006905339660024878,0.006905339660024878,0.013566839833447074,0.009765625,0.003521046167445302,0.015625,1,1,1.0
