spectral_rolloff,spectral_bandwidth,peak_count,mid_ratio,low_to_high_ratio,second_peak_freq,kurtosis,centroid,peak_freq,low_ratio,rms,avg_energy,peak_energy,energy_variance,peak_to_avg_e,high_ratio,peak1_to_peak2_ratio,skewness,dc_ratio,delta_peak_freq,spectral_flatness,adc_0,adc_1,adc_2,adc_3,adc_4,adc_5,adc_6,adc_7,adc_8,adc_9,adc_10,adc_11,adc_12,adc_13,adc_14,adc_15,adc_16,adc_17,adc_18,adc_19,adc_20,adc_21,adc_22,adc_23,adc_24,adc_25,adc_26,adc_27,adc_28,adc_29,adc_30,adc_31,adc_32,adc_33,adc_34,adc_35,adc_36,adc_37,adc_38,adc_39,adc_40,adc_41,adc_42,adc_43,adc_44,adc_45,adc_46,adc_47,adc_48,adc_49,adc_50,adc_51,adc_52,adc_53,adc_54,adc_55,adc_56,adc_57,adc_58,adc_59,adc_60,adc_61,adc_62,adc_63,adc_64,adc_65,adc_66,adc_67,adc_68,adc_69,adc_70,adc_71,adc_72,adc_73,adc_74,adc_75,adc_76,adc_77,adc_78,adc_79,adc_80,adc_81,adc_82,adc_83,adc_84,adc_85,adc_86,adc_87,adc_88,adc_89,adc_90,adc_91,adc_92,adc_93,adc_94,adc_95,adc_96,adc_97,adc_98,adc_99,adc_100,adc_101,adc_102,adc_103,adc_104,adc_105,adc_106,adc_107,adc_108,adc_109,adc_110,adc_111,adc_112,adc_113,adc_114,adc_115,adc_116,adc_117,adc_118,adc_119,adc_120,adc_121,adc_122,adc_123,adc_124,adc_125,adc_126,adc_127,adc_128,adc_129,adc_130,adc_131,adc_132,adc_133,adc_134,adc_135,adc_136,adc_137,adc_138,adc_139,adc_140,adc_141,adc_142,adc_143,adc_144,adc_145,adc_146,adc_147,adc_148,adc_149,adc_150,adc_151,adc_152,adc_153,adc_154,adc_155,adc_156,adc_157,adc_158,adc_159,adc_160,adc_161,adc_162,adc_163,adc_164,adc_165,adc_166,adc_167,adc_168,adc_169,adc_170,adc_171,adc_172,adc_173,adc_174,adc_175,adc_176,adc_177,adc_178,adc_179,adc_180,adc_181,adc_182,adc_183,adc_184,adc_185,adc_186,adc_187,adc_188,adc_189,adc_190,adc_191,adc_192,adc_193,adc_194,adc_195,adc_196,adc_197,adc_198,adc_199,adc_200,adc_201,adc_202,adc_203,adc_204,adc_205,adc_206,adc_207,adc_208,adc_209,adc_210,adc_211,adc_212,adc_213,adc_214,adc_215,adc_216,adc_217,adc_218,adc_219,adc_220,adc_221,adc_222,adc_223,adc_224,adc_225,adc_226,adc_227,adc_228,adc_229,adc_230,adc_231,adc_232,adc_233,adc_234,adc_235,adc_236,adc_237,adc_238,adc_239,adc_240,adc_241,adc_242,adc_243,adc_244,adc_245,adc_246,adc_247,adc_248,adc_249,adc_250,adc_251,adc_252,adc_253,adc_254,adc_255,fft_0,fft_1,fft_2,fft_3,fft_4,fft_5,fft_6,fft_7,fft_8,fft_9,fft_10,fft_11,fft_12,fft_13,fft_14,fft_15,fft_16,fft_17,fft_18,fft_19,fft_20,fft_21,fft_22,fft_23,fft_24,fft_25,fft_26,fft_27,fft_28,fft_29,fft_30,fft_31,fft_32,fft_33,fft_34,fft_35,fft_36,fft_37,fft_38,fft_39,fft_40,fft_41,fft_42,fft_43,fft_44,fft_45,fft_46,fft_47,fft_48,fft_49,fft_50,fft_51,fft_52,fft_53,fft_54,fft_55,fft_56,fft_57,fft_58,fft_59,fft_60,fft_61,fft_62,fft_63,fft_64,fft_65,fft_66,fft_67,fft_68,fft_69,fft_70,fft_71,fft_72,fft_73,fft_74,fft_75,fft_76,fft_77,fft_78,fft_79,fft_80,fft_81,fft_82,fft_83,fft_84,fft_85,fft_86,fft_87,fft_88,fft_89,fft_90,fft_91,fft_92,fft_93,fft_94,fft_95,fft_96,fft_97,fft_98,fft_99,fft_100,fft_101,fft_102,fft_103,fft_104,fft_105,fft_106,fft_107,fft_108,fft_109,fft_110,fft_111,fft_112,fft_113,fft_114,fft_115,fft_116,fft_117,fft_118,fft_119,fft_120,fft_121,fft_122,fft_123,fft_124,fft_125,fft_126,fft_127,fft_128,stride,interval,label
14.0625,9.197604179382324,8.0,0.1542273461818695,3.3941311836242676,1.171875,14.594298362731934,7.249798774719238,1.953125,0.6532948613166809,0.031280502676963806,1026.0,14650.0,6355006.5,14.278752326965332,0.19247779250144958,1.2244044542312622,3.4114835262298584,0.0002740330819506198,0.0,0.12090051919221878,970,923,895,891,924,891,910,922,908,904,871,911,966,909,954,959,940,894,860,888,985,943,953,940,903,908,889,920,942,925,919,1006,1050,1034,1000,984,1018,968,988,940,970,936,920,939,955,893,812,860,859,824,763,762,745,796,809,845,816,814,796,824,846,823,781,875,921,905,908,956,969,1003,1015,1035,1036,1018,975,1007,1083,1079,1069,1023,1033,975,923,906,957,887,920,940,954,935,954,986,1015,967,928,944,937,975,935,951,990,924,952,987,1006,973,941,921,939,895,861,875,859,890,875,904,938,873,796,861,892,862,857,907,983,990,976,952,984,928,878,892,957,908,848,921,935,907,895,924,943,956,935,924,861,907,841,862,927,877,824,888,924,895,894,954,943,954,927,953,943,903,864,872,926,888,888,875,936,889,839,815,848,798,847,889,906,856,809,810,911,908,920,968,972,988,974,1049,1054,984,1021,1067,1052,973,955,936,939,888,859,889,857,875,904,987,1024,989,927,991,1020,971,968,938,943,888,840,808,876,809,830,861,921,887,842,920,939,864,840,848,878,906,908,953,940,939,937,955,1002,970,922,967,909,845,784,816,874,920,936,986,1017,986,972,989,1016,958,936,936,0.00146484375,0.026057937625246747,0.05208841934802573,0.09777824411377337,0.087890625,0.12621480016721492,0.103515625,0.06726949257536924,0.09264485332524548,0.0912184652942842,0.03477440198196261,0.0557411062219935,0.08739552391339991,0.0505742475633752,0.010517900013934578,0.030586835475323877,0.07232498617689657,0.03406789754396955,0.034637007521422264,0.052344114387724204,0.025633603024231812,0.04026470337517247,0.02995676103550384,0.040465526084180976,0.013028968812623373,0.025559086578715626,0.003521046167445302,0.029523860269201122,0.012732817197661424,0.0332174831087792,0.023518739411703703,0.014680953494504793,0.03385729652999944,0.01188039556698871,0.0021836601342771385,0.020132351687586234,0.025012204052472065,0.024020261477048523,0.012236293052872722,0.008400708268596315,0.015746597164645604,0.005694288959809864,0.0009765625,0.017578125,0.007873298582322802,0.010381001770248682,0.03032065370363286,0.038098455474865546,0.021484375,0.009814331661250869,0.004979511243742954,0.004026470337517247,0.004367320268554277,0.005258950006967289,0.008843149548962322,0.008052940675034493,0.005694288959809864,0.005694288959809864,0.012236293052872722,0.007873298582322802,0.0029296875,0.01171875,0.009003461384075085,0.0029296875,0.08843149548962322,0.014084184669781208,0.003521046167445302,0.0027621358640099515,0.004367320268554277,0.005940197783494355,0.010563138502335907,0.005694288959809864,0.009003461384075085,0.004979511243742954,0.0021836601342771385,0.009003461384075085,0.007437278423695223,0.003088161777508183,0.0166015625,0.02638526579317636,0.0027621358640099515,0.011430371006562134,0.01019561182510796,0.003088161777508183,0.007627196949127592,0.004367320268554277,0.0027621358640099515,0.005524271728019903,0.010381001770248682,0.003521046167445302,0.010918300671385692,0.006253051013118016,0.0027621358640099515,0.018657200365764452,0.001953125,0.005524271728019903,0.020600608505594715,0.004026470337517247,0.010918300671385692,0.012506102026236032,0.0021836601342771385,0.004026470337517247,0.006176323555016366,0.001953125,0.005940197783494355,0.007627196949127592,0.001953125,0.005859375,0.0087890625,0.0041432037960149265,0.006253051013118016,0.003088161777508183,0.008286407592029853,0.003088161777508183,0.0041432037960149265,0.007437278423695223,0.019186408891004394,0.009959022487485907,0.005859375,0.0065509804028314154,0.003088161777508183,0.00390625,0.0185803687406645,0.010054326309557618,0.008734640537108554,0.014084184669781208,0.0027621358640099515,0.003521046167445302,0.005859375,1,1,0.0
14.0625,9.060829162597656,8.0,0.15809015929698944,3.4313344955444336,2.34375,17.08848762512207,7.187431335449219,1.953125,0.6519197225570679,0.031097037717700005,1014.0,16704.0,6556164.5,16.473373413085938,0.18999013304710388,1.4866501092910767,3.62587308883667,6.933103577466682e-05,0.0,0.1195262148976326,1065,1000,987,988,1031,939,943,957,970,923,895,891,924,891,910,922,908,904,871,911,966,909,954,959,940,894,860,888,985,943,953,940,903,908,889,920,942,925,919,1006,1050,1034,1000,984,1018,968,988,940,970,936,920,939,955,893,812,860,859,824,763,762,745,796,809,845,816,814,796,824,846,823,781,875,921,905,908,956,969,1003,1015,1035,1036,1018,975,1007,1083,1079,1069,1023,1033,975,923,906,957,887,920,940,954,935,954,986,1015,967,928,944,937,975,935,951,990,924,952,987,1006,973,941,921,939,895,861,875,859,890,875,904,938,873,796,861,892,862,857,907,983,990,976,952,984,928,878,892,957,908,848,921,935,907,895,924,943,956,935,924,861,907,841,862,927,877,824,888,924,895,894,954,943,954,927,953,943,903,864,872,926,888,888,875,936,889,839,815,848,798,847,889,906,856,809,810,911,908,920,968,972,988,974,1049,1054,984,1021,1067,1052,973,955,936,939,888,859,889,857,875,904,987,1024,989,927,991,1020,971,968,938,943,888,840,808,876,809,830,861,921,887,842,920,939,864,840,848,878,906,908,953,940,939,937,955,1002,970,922,967,909,845,784,816,874,920,936,986,0.00341796875,0.026654968874914416,0.05281569251167953,0.09847798801526743,0.08567075077914574,0.12737310340375288,0.10517900013934578,0.06836635009057476,0.09082556268426892,0.09173971791042937,0.03304477405407936,0.05417061815765103,0.08955669154773731,0.05386164934819405,0.010918300671385692,0.028854075591199527,0.0720541669753778,0.0361328125,0.03585460888805824,0.05531172757229022,0.026672852116694654,0.04194674139631744,0.027010384152225255,0.04145504936873266,0.01516032685181643,0.027759121881937295,0.001953125,0.031310975667737106,0.014778072217208551,0.033332125323976586,0.022269051271467537,0.01589728573837862,0.033673710253059895,0.013810679320049757,0.0009765625,0.0205078125,0.025855863857175247,0.02315091717017519,0.011759369705851851,0.008400708268596315,0.01528562093993997,0.004367320268554277,0.001953125,0.016016815885602272,0.006905339660024878,0.01188039556698871,0.0316291694154329,0.0369677602163041,0.0205078125,0.009003461384075085,0.007437278423695223,0.0021836601342771385,0.004026470337517247,0.006253051013118016,0.009003461384075085,0.007873298582322802,0.005258950006967289,0.006253051013118016,0.013810679320049757,0.007042092334890604,0.003521046167445302,0.010563138502335907,0.009618025197066508,0.004026470337517247,0.09037293204108808,0.014218964627501012,0.003521046167445302,0.004367320268554277,0.005258950006967289,0.005940197783494355,0.010786485368346935,0.004979511243742954,0.010918300671385692,0.006253051013118016,0.0009765625,0.009959022487485907,0.005694288959809864,0.003088161777508183,0.016105881350068987,0.026672852116694654,0.004367320268554277,0.01019561182510796,0.011759369705851851,0.0041432037960149265,0.008052940675034493,0.004026470337517247,0.001953125,0.0065509804028314154,0.00966747552403483,0.0029296875,0.012079411012551739,0.005859375,0.003088161777508183,0.01878455474772592,0.0021836601342771385,0.006905339660024878,0.020600608505594715,0.004026470337517247,0.010918300671385692,0.013706707859002147,0.0027621358640099515,0.003088161777508183,0.005940197783494355,0.0021836601342771385,0.004979511243742954,0.007627196949127592,0.0013810679320049757,0.0065509804028314154,0.009003461384075085,0.004026470337517247,0.007437278423695223,0.003521046167445302,0.007042092334890604,0.0021836601342771385,0.005940197783494355,0.00834375365753665,0.020531050821902968,0.009765625,0.0048828125,0.006905339660024878,0.003088161777508183,0.005694288959809864,0.020132351687586234,0.007873298582322802,0.005258950006967289,0.014778072217208551,0.0021836601342771385,0.005940197783494355,0.0087890625,1,1,0.0
14.0625,9.175715446472168,8.0,0.1634616106748581,3.3436076641082764,2.34375,17.27027130126953,7.2960638999938965,1.953125,0.6439477205276489,0.031387027353048325,1033.0,17012.0,6745212.0,16.468538284301758,0.19259068369865417,1.4665517807006836,3.6380248069763184,0.00037054120912216604,0.0,0.12006912380456924,1051,1034,985,1002,1022,971,973,1000,1065,1000,987,988,1031,939,943,957,970,923,895,891,924,891,910,922,908,904,871,911,966,909,954,959,940,894,860,888,985,943,953,940,903,908,889,920,942,925,919,1006,1050,1034,1000,984,1018,968,988,940,970,936,920,939,955,893,812,860,859,824,763,762,745,796,809,845,816,814,796,824,846,823,781,875,921,905,908,956,969,1003,1015,1035,1036,1018,975,1007,1083,1079,1069,1023,1033,975,923,906,957,887,920,940,954,935,954,986,1015,967,928,944,937,975,935,951,990,924,952,987,1006,973,941,921,939,895,861,875,859,890,875,904,938,873,796,861,892,862,857,907,983,990,976,952,984,928,878,892,957,908,848,921,935,907,895,924,943,956,935,924,861,907,841,862,927,877,824,888,924,895,894,954,943,954,927,953,943,903,864,872,926,888,888,875,936,889,839,815,848,798,847,889,906,856,809,810,911,908,920,968,972,988,974,1049,1054,984,1021,1067,1052,973,955,936,939,888,859,889,857,875,904,987,1024,989,927,991,1020,971,968,938,943,888,840,808,876,809,830,861,921,887,842,920,939,864,840,848,878,906,908,953,940,939,937,955,1002,970,922,967,0.00244140625,0.04005097002814429,0.07295516677976469,0.09600657408774883,0.05975413492491545,0.1550859963367603,0.13348934265345222,0.051202057534837225,0.0642233712791304,0.12003776591798945,0.025465634395322848,0.030336376107439583,0.07048183818658645,0.04078244730043184,0.01727715430952552,0.052932930597139265,0.0603970550627587,0.012732817197661424,0.013671875,0.03294360897154883,0.026672852116694654,0.029378142493147116,0.04632242666262274,0.029133659941750583,0.0029296875,0.01878455474772592,0.0166015625,0.03521046167445302,0.024492062898407135,0.020967686087484266,0.02286074201312427,0.0065509804028314154,0.02315091717017519,0.0126953125,0.010563138502335907,0.018425744398548053,0.027238917345666705,0.021836601342771385,0.014084184669781208,0.013810679320049757,0.011759369705851851,0.007042092334890604,0.0068359375,0.016630260122975003,0.008734640537108554,0.01242961138804478,0.03360283307438526,0.036461239653504826,0.020716018980074635,0.010054326309557618,0.0048828125,0.003088161777508183,0.004367320268554277,0.004979511243742954,0.008400708268596315,0.008052940675034493,0.005258950006967289,0.0065509804028314154,0.013601941676937616,0.0065509804028314154,0.0013810679320049757,0.011134525635733769,0.0107421875,0.005258950006967289,0.09134383719900474,0.013671875,0.004367320268554277,0.005940197783494355,0.007437278423695223,0.0065509804028314154,0.008734640537108554,0.003088161777508183,0.011759369705851851,0.008286407592029853,0.0013810679320049757,0.010918300671385692,0.0048828125,0.004367320268554277,0.01824369305885684,0.025633603024231812,0.003521046167445302,0.011759369705851851,0.009618025197066508,0.003088161777508183,0.007627196949127592,0.003521046167445302,0.004367320268554277,0.007873298582322802,0.007627196949127592,0.0013810679320049757,0.010381001770248682,0.006176323555016366,0.001953125,0.019773883526676354,0.004026470337517247,0.006905339660024878,0.020320949264340638,0.003088161777508183,0.010786485368346935,0.012236293052872722,0.001953125,0.004367320268554277,0.0065509804028314154,0.0021836601342771385,0.004979511243742954,0.007042092334890604,0.0009765625,0.006176323555016366,0.0087890625,0.004367320268554277,0.005940197783494355,0.0029296875,0.007627196949127592,0.0029296875,0.004367320268554277,0.007109482313750506,0.01886055460530075,0.010786485368346935,0.006176323555016366,0.0087890625,0.0009765625,0.006253051013118016,0.020132351687586234,0.006905339660024878,0.004026470337517247,0.014517645261053229,0.00390625,0.0078125,0.009765625,1,1,0.0
14.0625,9.223121643066406,5.0,0.11519788205623627,3.686897039413452,2.34375,32.29185485839844,6.880528450012207,1.953125,0.6960200667381287,0.03164424002170563,1050.0,25220.0,10855321.0,24.019046783447266,0.18878206610679626,1.349745750427246,5.164545059204102,0.00018587498925626278,0.0,0.11741161346435547,952,904,872,888,904,936,956,1003,1051,1034,985,1002,1022,971,973,1000,1065,1000,987,988,1031,939,943,957,970,923,895,891,924,891,910,922,908,904,871,911,966,909,954,959,940,894,860,888,985,943,953,940,903,908,889,920,942,925,919,1006,1050,1034,1000,984,1018,968,988,940,970,936,920,939,955,893,812,860,859,824,763,762,745,796,809,845,816,814,796,824,846,823,781,875,921,905,908,956,969,1003,1015,1035,1036,1018,975,1007,1083,1079,1069,1023,1033,975,923,906,957,887,920,940,954,935,954,986,1015,967,928,944,937,975,935,951,990,924,952,987,1006,973,941,921,939,895,861,875,859,890,875,904,938,873,796,861,892,862,857,907,983,990,976,952,984,928,878,892,957,908,848,921,935,907,895,924,943,956,935,924,861,907,841,862,927,877,824,888,924,895,894,954,943,954,927,953,943,903,864,872,926,888,888,875,936,889,839,815,848,798,847,889,906,856,809,810,911,908,920,968,972,988,974,1049,1054,984,1021,1067,1052,973,955,936,939,888,859,889,857,875,904,987,1024,989,927,991,1020,971,968,938,943,888,840,808,876,809,830,861,921,887,842,920,939,864,840,848,878,906,908,953,0.0029296875,0.03539954875076535,0.06686422956493629,0.09880670006153824,0.06583653824485615,0.14936299168030684,0.1313104399529032,0.058021292099659956,0.06312251019996996,0.12056493657222261,0.0185546875,0.02378085090212094,0.07250935461268192,0.04523919852304871,0.023047702580480365,0.05996125559769044,0.055526831936833984,0.0065509804028314154,0.006253051013118016,0.025781989809461104,0.02847144479904932,0.0318844291353799,0.05153622969515141,0.02231183527108567,0.010054326309557618,0.02580047815160724,0.01878455474772592,0.04217348219079919,0.02751758360079174,0.02638526579317636,0.015625,0.013810679320049757,0.029035290522106457,0.015440808887540914,0.0048828125,0.022032254243512652,0.026294750034836445,0.022798081113142094,0.012506102026236032,0.01019561182510796,0.015776850020901866,0.001953125,0.005258950006967289,0.012352647110032733,0.003521046167445302,0.014906579611790769,0.03554741156875253,0.032241355506287456,0.01760523083722651,0.007627196949127592,0.007627196949127592,0.0009765625,0.0021836601342771385,0.007627196949127592,0.01019561182510796,0.006176323555016366,0.006176323555016366,0.005694288959809864,0.012506102026236032,0.007873298582322802,0.0027621358640099515,0.010918300671385692,0.009264485332524549,0.0041432037960149265,0.08940215011844392,0.013810679320049757,0.003088161777508183,0.0041432037960149265,0.006176323555016366,0.004979511243742954,0.010381001770248682,0.006176323555016366,0.012079411012551739,0.006176323555016366,0.001953125,0.012732817197661424,0.0027621358640099515,0.005258950006967289,0.017469281074217108,0.023457836229422487,0.004026470337517247,0.009618025197066508,0.011388577919619728,0.0013810679320049757,0.004026470337517247,0.006905339660024878,0.0065509804028314154,0.008400708268596315,0.007109482313750506,0.0009765625,0.008052940675034493,0.006176323555016366,0.0029296875,0.022269051271467537,0.005694288959809864,0.007627196949127592,0.01875915303935405,0.0021836601342771385,0.008400708268596315,0.010918300671385692,0.003088161777508183,0.003088161777508183,0.0065509804028314154,0.001953125,0.00390625,0.007042092334890604,0.0,0.005859375,0.009003461384075085,0.003088161777508183,0.005694288959809864,0.004026470337517247,0.007627196949127592,0.004026470337517247,0.003521046167445302,0.007627196949127592,0.019652941208494246,0.012236293052872722,0.007873298582322802,0.01019561182510796,0.0009765625,0.005258950006967289,0.02132844694125152,0.0065509804028314154,0.003521046167445302,0.0146484375,0.004026470337517247,0.008052940675034493,0.0107421875,1,1,0.0
13.671875,9.216976165771484,5.0,0.12319213896989822,3.542682647705078,2.34375,29.2447566986084,6.925402641296387,1.953125,0.6837924122810364,0.031599003821611404,1047.0,23393.0,10143353.0,22.342884063720703,0.1930154263973236,1.293860673904419,4.910694599151611,0.00026852244627662003,0.0,0.11043031513690948,888,894,890,920,955,908,872,967,952,904,872,888,904,936,956,1003,1051,1034,985,1002,1022,971,973,1000,1065,1000,987,988,1031,939,943,957,970,923,895,891,924,891,910,922,908,904,871,911,966,909,954,959,940,894,860,888,985,943,953,940,903,908,889,920,942,925,919,1006,1050,1034,1000,984,1018,968,988,940,970,936,920,939,955,893,812,860,859,824,763,762,745,796,809,845,816,814,796,824,846,823,781,875,921,905,908,956,969,1003,1015,1035,1036,1018,975,1007,1083,1079,1069,1023,1033,975,923,906,957,887,920,940,954,935,954,986,1015,967,928,944,937,975,935,951,990,924,952,987,1006,973,941,921,939,895,861,875,859,890,875,904,938,873,796,861,892,862,857,907,983,990,976,952,984,928,878,892,957,908,848,921,935,907,895,924,943,956,935,924,861,907,841,862,927,877,824,888,924,895,894,954,943,954,927,953,943,903,864,872,926,888,888,875,936,889,839,815,848,798,847,889,906,856,809,810,911,908,920,968,972,988,974,1049,1054,984,1021,1067,1052,973,955,936,939,888,859,889,857,875,904,987,1024,989,927,991,1020,971,968,938,943,888,840,808,876,809,830,861,921,887,842,920,0.0009765625,0.037378240642587185,0.07083276486636168,0.09538371443027172,0.06341643787130555,0.1498760983233578,0.12796322914296634,0.057226895796810985,0.06720566614877052,0.11630937270152675,0.014938533731228863,0.02627660946694084,0.07720404443770458,0.05086569001213054,0.02489755621871477,0.06284238493436003,0.05245331641404603,0.0021836601342771385,0.003521046167445302,0.021035800027869155,0.025781989809461104,0.03798564519292329,0.0492656181860525,0.020108652619115236,0.009618025197066508,0.02883754503951836,0.01242961138804478,0.03629082846887118,0.02132844694125152,0.02489755621871477,0.022545696055889054,0.006905339660024878,0.02315091717017519,0.013706707859002147,0.011759369705851851,0.023047702580480365,0.031204190055996988,0.015746597164645604,0.005859375,0.0065509804028314154,0.015191747252054731,0.007873298582322802,0.00390625,0.014874556847390447,0.004979511243742954,0.01824369305885684,0.03847210078826603,0.027930370402490412,0.01188039556698871,0.006176323555016366,0.011759369705851851,0.006176323555016366,0.003088161777508183,0.009814331661250869,0.007437278423695223,0.007873298582322802,0.005694288959809864,0.006905339660024878,0.013282686043686957,0.005694288959809864,0.0013810679320049757,0.009003461384075085,0.010381001770248682,0.0048828125,0.09048366706951955,0.014517645261053229,0.0021836601342771385,0.004026470337517247,0.005258950006967289,0.005258950006967289,0.010054326309557618,0.005258950006967289,0.01019561182510796,0.004026470337517247,0.003521046167445302,0.01188039556698871,0.005258950006967289,0.005258950006967289,0.01800692276815017,0.022545696055889054,0.007109482313750506,0.008400708268596315,0.011759369705851851,0.003088161777508183,0.004026470337517247,0.009765625,0.008734640537108554,0.011430371006562134,0.004367320268554277,0.003521046167445302,0.010918300671385692,0.004026470337517247,0.0029296875,0.0205078125,0.003088161777508183,0.005258950006967289,0.021506558149946522,0.0029296875,0.008286407592029853,0.009814331661250869,0.003088161777508183,0.004979511243742954,0.0087890625,0.003088161777508183,0.004367320268554277,0.007873298582322802,0.0009765625,0.005258950006967289,0.009814331661250869,0.003088161777508183,0.0048828125,0.0027621358640099515,0.008400708268596315,0.0029296875,0.005694288959809864,0.007109482313750506,0.019186408891004394,0.011388577919619728,0.007109482313750506,0.009959022487485907,0.0,0.005859375,0.0208765218031562,0.0048828125,0.0021836601342771385,0.015625,0.003521046167445302,0.0065509804028314154,0.0087890625,1,1,0.0
14.0625,9.246118545532227,5.0,0.1283106803894043,3.6527163982391357,2.34375,29.748363494873047,6.936455726623535,1.953125,0.6843386888504028,0.03143257275223732,1036.0,23554.0,9787964.0,22.73552131652832,0.18735063076019287,1.3718112707138062,4.900524616241455,3.015704351128079e-05,0.0,0.11244180798530579,905,840,815,846,846,862,874,910,888,894,890,920,955,908,872,967,952,904,872,888,904,936,956,1003,1051,1034,985,1002,1022,971,973,1000,1065,1000,987,988,1031,939,943,957,970,923,895,891,924,891,910,922,908,904,871,911,966,909,954,959,940,894,860,888,985,943,953,940,903,908,889,920,942,925,919,1006,1050,1034,1000,984,1018,968,988,940,970,936,920,939,955,893,812,860,859,824,763,762,745,796,809,845,816,814,796,824,846,823,781,875,921,905,908,956,969,1003,1015,1035,1036,1018,975,1007,1083,1079,1069,1023,1033,975,923,906,957,887,920,940,954,935,954,986,1015,967,928,944,937,975,935,951,990,924,952,987,1006,973,941,921,939,895,861,875,859,890,875,904,938,873,796,861,892,862,857,907,983,990,976,952,984,928,878,892,957,908,848,921,935,907,895,924,943,956,935,924,861,907,841,862,927,877,824,888,924,895,894,954,943,954,927,953,943,903,864,872,926,888,888,875,936,889,839,815,848,798,847,889,906,856,809,810,911,908,920,968,972,988,974,1049,1054,984,1021,1067,1052,973,955,936,939,888,859,889,857,875,904,987,1024,989,927,991,1020,971,968,938,943,888,840,808,0.001953125,0.03773374821555011,0.07187526536975468,0.0939988964908839,0.0656261625641072,0.1471210123848944,0.12785511901179214,0.059498227389561786,0.06368655170187644,0.11938451599219811,0.019384212149686726,0.02652944864688696,0.07665238067652502,0.049909891949924366,0.0208765218031562,0.0603970550627587,0.04723979149393681,0.0041432037960149265,0.006253051013118016,0.016164985700436375,0.025947910655442233,0.04334441605697685,0.04606436099637014,0.023840928936979887,0.009264485332524549,0.02489755621871477,0.009959022487485907,0.03192926313334339,0.02417855156863271,0.0192608231673008,0.0192608231673008,0.012732817197661424,0.028185292362620726,0.016858082521125067,0.0048828125,0.01953125,0.024492062898407135,0.022482157096135425,0.013282686043686957,0.011759369705851851,0.009003461384075085,0.010918300671385692,0.005258950006967289,0.020600608505594715,0.010054326309557618,0.018657200365764452,0.039257326645003476,0.026565372087373914,0.009003461384075085,0.008286407592029853,0.012732817197661424,0.007627196949127592,0.0041432037960149265,0.009003461384075085,0.006253051013118016,0.008052940675034493,0.006253051013118016,0.007109482313750506,0.01284467425582608,0.0048828125,0.001953125,0.0078125,0.01188039556698871,0.0068359375,0.08894763700574766,0.0166875073150733,0.004367320268554277,0.0029296875,0.006905339660024878,0.004026470337517247,0.009264485332524549,0.0029296875,0.009959022487485907,0.006253051013118016,0.0048828125,0.008734640537108554,0.009264485332524549,0.007437278423695223,0.019384212149686726,0.020899350155305366,0.010563138502335907,0.010786485368346935,0.011048543456039806,0.00390625,0.007627196949127592,0.007873298582322802,0.008052940675034493,0.009765625,0.006253051013118016,0.0013810679320049757,0.010054326309557618,0.004979511243742954,0.0027621358640099515,0.021126277004671814,0.0029296875,0.0048828125,0.022269051271467537,0.00390625,0.007873298582322802,0.008400708268596315,0.0041432037960149265,0.0041432037960149265,0.008400708268596315,0.004026470337517247,0.001953125,0.005940197783494355,0.001953125,0.005859375,0.006905339660024878,0.004026470337517247,0.007109482313750506,0.0065509804028314154,0.007437278423695223,0.006253051013118016,0.0009765625,0.0048828125,0.01824369305885684,0.01179984958358845,0.004367320268554277,0.005694288959809864,0.003088161777508183,0.0027621358640099515,0.01800692276815017,0.006253051013118016,0.0013810679320049757,0.019652941208494246,0.0048828125,0.004026470337517247,0.0048828125,1,1,0.0
14.0625,9.167364120483398,5.0,0.12066701054573059,3.71285343170166,2.34375,28.70835304260254,6.8878092765808105,1.953125,0.6927511096000671,0.0312347374856472,1023.0,22696.0,9542624.0,22.185728073120117,0.18658186495304108,1.324076771736145,4.843583106994629,0.0001221635175170377,0.0,0.12094774842262268,987,950,919,909,958,939,877,911,905,840,815,846,846,862,874,910,888,894,890,920,955,908,872,967,952,904,872,888,904,936,956,1003,1051,1034,985,1002,1022,971,973,1000,1065,1000,987,988,1031,939,943,957,970,923,895,891,924,891,910,922,908,904,871,911,966,909,954,959,940,894,860,888,985,943,953,940,903,908,889,920,942,925,919,1006,1050,1034,1000,984,1018,968,988,940,970,936,920,939,955,893,812,860,859,824,763,762,745,796,809,845,816,814,796,824,846,823,781,875,921,905,908,956,969,1003,1015,1035,1036,1018,975,1007,1083,1079,1069,1023,1033,975,923,906,957,887,920,940,954,935,954,986,1015,967,928,944,937,975,935,951,990,924,952,987,1006,973,941,921,939,895,861,875,859,890,875,904,938,873,796,861,892,862,857,907,983,990,976,952,984,928,878,892,957,908,848,921,935,907,895,924,943,956,935,924,861,907,841,862,927,877,824,888,924,895,894,954,943,954,927,953,943,903,864,872,926,888,888,875,936,889,839,815,848,798,847,889,906,856,809,810,911,908,920,968,972,988,974,1049,1054,984,1021,1067,1052,973,955,936,939,888,859,889,857,875,904,987,1024,989,927,991,0.00048828125,0.037160737481329,0.07170921777611648,0.09425725400010668,0.0631149555939708,0.1482960880681892,0.12500381463905974,0.06064130740726572,0.06527646471511095,0.1201171875,0.01824369305885684,0.023840928936979887,0.0712957509704843,0.04498551877453524,0.016370170521718956,0.05511309007625962,0.04280196679845923,0.009814331661250869,0.010918300671385692,0.012352647110032733,0.027964494264211628,0.050527083282330194,0.04130524605968086,0.029700988917471777,0.009212872199274027,0.0192608231673008,0.016572815184059706,0.03676080122015373,0.030289184412638327,0.023047702580480365,0.013982247132105814,0.01528562093993997,0.029749113694780893,0.012732817197661424,0.007109482313750506,0.017820593350483065,0.027500249688142037,0.01760523083722651,0.009618025197066508,0.009212872199274027,0.011759369705851851,0.009959022487485907,0.003088161777508183,0.01760523083722651,0.007109482313750506,0.01800692276815017,0.03922087036723282,0.02777629424478104,0.009814331661250869,0.006253051013118016,0.0126953125,0.0068359375,0.0041432037960149265,0.01188039556698871,0.006905339660024878,0.009959022487485907,0.006905339660024878,0.009765625,0.015440808887540914,0.0021836601342771385,0.0048828125,0.006905339660024878,0.007437278423695223,0.003521046167445302,0.08854465853554229,0.013282686043686957,0.0029296875,0.004367320268554277,0.005694288959809864,0.0048828125,0.010918300671385692,0.004979511243742954,0.01171875,0.007437278423695223,0.003088161777508183,0.006905339660024878,0.01019561182510796,0.007627196949127592,0.017953883116064683,0.020320949264340638,0.012732817197661424,0.01188039556698871,0.010918300671385692,0.005258950006967289,0.0078125,0.006253051013118016,0.007042092334890604,0.009814331661250869,0.0065509804028314154,0.0021836601342771385,0.011388577919619728,0.003521046167445302,0.004026470337517247,0.018347943582085875,0.0021836601342771385,0.005258950006967289,0.020762003540497363,0.001953125,0.0068359375,0.009003461384075085,0.003521046167445302,0.004026470337517247,0.007627196949127592,0.003088161777508183,0.003088161777508183,0.0068359375,0.0013810679320049757,0.005258950006967289,0.007873298582322802,0.004979511243742954,0.008052940675034493,0.005694288959809864,0.0065509804028314154,0.005258950006967289,0.0,0.004026470337517247,0.01792730444402912,0.011388577919619728,0.00390625,0.005524271728019903,0.004026470337517247,0.003088161777508183,0.01878455474772592,0.005940197783494355,0.0009765625,0.0192608231673008,0.004367320268554277,0.004026470337517247,0.005859375,1,1,0.0
14.0625,9.134939193725586,5.0,0.11318939179182053,3.615527629852295,2.34375,29.958053588867188,6.879627704620361,1.953125,0.6946742534637451,0.030974123626947403,1006.0,23060.0,9428106.0,22.92246437072754,0.19213634729385376,1.4073847532272339,4.946749210357666,7.761203050904442e-06,0.0,0.12015502154827118,911,873,890,907,941,906,924,943,987,950,919,909,958,939,877,911,905,840,815,846,846,862,874,910,888,894,890,920,955,908,872,967,952,904,872,888,904,936,956,1003,1051,1034,985,1002,1022,971,973,1000,1065,1000,987,988,1031,939,943,957,970,923,895,891,924,891,910,922,908,904,871,911,966,909,954,959,940,894,860,888,985,943,953,940,903,908,889,920,942,925,919,1006,1050,1034,1000,984,1018,968,988,940,970,936,920,939,955,893,812,860,859,824,763,762,745,796,809,845,816,814,796,824,846,823,781,875,921,905,908,956,969,1003,1015,1035,1036,1018,975,1007,1083,1079,1069,1023,1033,975,923,906,957,887,920,940,954,935,954,986,1015,967,928,944,937,975,935,951,990,924,952,987,1006,973,941,921,939,895,861,875,859,890,875,904,938,873,796,861,892,862,857,907,983,990,976,952,984,928,878,892,957,908,848,921,935,907,895,924,943,956,935,924,861,907,841,862,927,877,824,888,924,895,894,954,943,954,927,953,943,903,864,872,926,888,888,875,936,889,839,815,848,798,847,889,906,856,809,810,911,908,920,968,972,988,974,1049,1054,984,1021,1067,1052,973,955,936,939,888,859,889,0.001953125,0.0380859375,0.06939780470484323,0.09777824411377337,0.058013073204215414,0.15135458616901745,0.120477894635087,0.0642233712791304,0.06768641973110726,0.12292668361042297,0.020967686087484266,0.020600608505594715,0.06514484406311687,0.04203758447271657,0.009264485332524549,0.05328309713165524,0.03500673501745102,0.0166875073150733,0.017686299097924643,0.018961413905222265,0.018165112536853784,0.045939974556012016,0.03984805813106087,0.027361183058831836,0.005940197783494355,0.025465634395322848,0.00966747552403483,0.030508787796510367,0.022269051271467537,0.014938533731228863,0.020108652619115236,0.019186408891004394,0.03485657870620068,0.01824369305885684,0.005940197783494355,0.011134525635733769,0.02485922277608956,0.017387200990981306,0.009003461384075085,0.0065509804028314154,0.01760523083722651,0.00834375365753665,0.004367320268554277,0.013879560940968648,0.006176323555016366,0.01284467425582608,0.03477440198196261,0.030524413297046454,0.006905339660024878,0.0078125,0.013982247132105814,0.007109482313750506,0.003521046167445302,0.009618025197066508,0.006905339660024878,0.008734640537108554,0.007437278423695223,0.009003461384075085,0.015440808887540914,0.0021836601342771385,0.003521046167445302,0.006253051013118016,0.009003461384075085,0.004367320268554277,0.08770053227783972,0.014517645261053229,0.0041432037960149265,0.0048828125,0.007109482313750506,0.006176323555016366,0.00966747552403483,0.004367320268554277,0.010918300671385692,0.005940197783494355,0.0013810679320049757,0.008052940675034493,0.009003461384075085,0.005258950006967289,0.016630260122975003,0.02161713244255728,0.014906579611790769,0.013566839833447074,0.010918300671385692,0.006253051013118016,0.009003461384075085,0.004979511243742954,0.005694288959809864,0.009003461384075085,0.005940197783494355,0.0029296875,0.01188039556698871,0.003088161777508183,0.004367320268554277,0.01878455474772592,0.0029296875,0.0048828125,0.021506558149946522,0.0021836601342771385,0.007109482313750506,0.008052940675034493,0.004026470337517247,0.003088161777508183,0.006176323555016366,0.003088161777508183,0.0048828125,0.007109482313750506,0.0013810679320049757,0.0041432037960149265,0.009003461384075085,0.004979511243742954,0.008052940675034493,0.005694288959809864,0.0048828125,0.005940197783494355,0.001953125,0.0013810679320049757,0.017820593350483065,0.013028968812623373,0.003521046167445302,0.003521046167445302,0.005694288959809864,0.004979511243742954,0.019555648822754675,0.004026470337517247,0.001953125,0.018961413905222265,0.0021836601342771385,0.0048828125,0.0078125,1,1,0.0
14.0625,9.25838851928711,5.0,0.10254864394664764,3.826131582260132,3.515625,32.02876663208008,6.820765018463135,1.953125,0.7114946842193604,0.03063356876373291,984.0,24021.0,9646557.0,24.411584854125977,0.185956671833992,1.5159987211227417,5.12131929397583,0.0001269166386919096,0.0,0.11818096786737442,861,875,846,907,975,942,893,925,911,873,890,907,941,906,924,943,987,950,919,909,958,939,877,911,905,840,815,846,846,862,874,910,888,894,890,920,955,908,872,967,952,904,872,888,904,936,956,1003,1051,1034,985,1002,1022,971,973,1000,1065,1000,987,988,1031,939,943,957,970,923,895,891,924,891,910,922,908,904,871,911,966,909,954,959,940,894,860,888,985,943,953,940,903,908,889,920,942,925,919,1006,1050,1034,1000,984,1018,968,988,940,970,936,920,939,955,893,812,860,859,824,763,762,745,796,809,845,816,814,796,824,846,823,781,875,921,905,908,956,969,1003,1015,1035,1036,1018,975,1007,1083,1079,1069,1023,1033,975,923,906,957,887,920,940,954,935,954,986,1015,967,928,944,937,975,935,951,990,924,952,987,1006,973,941,921,939,895,861,875,859,890,875,904,938,873,796,861,892,862,857,907,983,990,976,952,984,928,878,892,957,908,848,921,935,907,895,924,943,956,935,924,861,907,841,862,927,877,824,888,924,895,894,954,943,954,927,953,943,903,864,872,926,888,888,875,936,889,839,815,848,798,847,889,906,856,809,810,911,908,920,968,972,988,974,1049,1054,984,1021,1067,0.00244140625,0.04841623146968961,0.07486483792488655,0.09194739156137821,0.05597160109729336,0.13763989354620323,0.11962392368450293,0.06800970838468809,0.05715185503281067,0.11827699923215537,0.014680953494504793,0.02132844694125152,0.06935656603345587,0.032033631771204545,0.014517645261053229,0.03554741156875253,0.02713367966689415,0.03259437357085671,0.03521046167445302,0.03419363554689765,0.0065509804028314154,0.04337740686428283,0.04756170180424188,0.020899350155305366,0.022482157096135425,0.04120121701118943,0.007437278423695223,0.01760523083722651,0.035814689103305174,0.019628663322501738,0.0078125,0.02315091717017519,0.03360283307438526,0.007627196949127592,0.010786485368346935,0.02286074201312427,0.02489755621871477,0.025633603024231812,0.01680141653719263,0.0166875073150733,0.015655487833868553,0.016716057391234072,0.011430371006562134,0.006905339660024878,0.006253051013118016,0.007627196949127592,0.03088161777508183,0.0318844291353799,0.004026470337517247,0.0107421875,0.01179984958358845,0.006253051013118016,0.0027621358640099515,0.012732817197661424,0.005524271728019903,0.011759369705851851,0.00390625,0.007627196949127592,0.011430371006562134,0.005524271728019903,0.005694288959809864,0.0027621358640099515,0.0107421875,0.006176323555016366,0.08523550282823944,0.009618025197066508,0.004979511243742954,0.004979511243742954,0.0013810679320049757,0.0013810679320049757,0.011759369705851851,0.0021836601342771385,0.007109482313750506,0.0021836601342771385,0.0048828125,0.01242961138804478,0.0065509804028314154,0.004367320268554277,0.01188039556698871,0.025409398107925172,0.01953125,0.018657200365764452,0.008052940675034493,0.0065509804028314154,0.007627196949127592,0.008052940675034493,0.009212872199274027,0.013566839833447074,0.005694288959809864,0.0029296875,0.0078125,0.005940197783494355,0.007109482313750506,0.018961413905222265,0.0021836601342771385,0.0021836601342771385,0.022269051271467537,0.0021836601342771385,0.007109482313750506,0.011920464468489943,0.0,0.006253051013118016,0.01019561182510796,0.006253051013118016,0.0021836601342771385,0.006253051013118016,0.0027621358640099515,0.008052940675034493,0.010918300671385692,0.004026470337517247,0.007437278423695223,0.005940197783494355,0.0027621358640099515,0.007042092334890604,0.0029296875,0.0027621358640099515,0.01875915303935405,0.011759369705851851,0.001953125,0.003521046167445302,0.005258950006967289,0.004979511243742954,0.019773883526676354,0.0048828125,0.001953125,0.01933495104806966,0.0009765625,0.006176323555016366,0.0087890625,1,1,0.0
14.84375,9.557209968566895,5.0,0.11566987633705139,3.4366209506988525,2.34375,26.9312686920166,7.223114490509033,1.953125,0.6850049495697021,0.030226146802306175,958.0,19865.0,7789043.0,20.73590850830078,0.19932514429092407,1.3238919973373413,4.712893009185791,0.00020375894382596016,0.0,0.12413748353719711,999,1016,970,952,926,859,855,893,861,875,846,907,975,942,893,925,911,873,890,907,941,906,924,943,987,950,919,909,958,939,877,911,905,840,815,846,846,862,874,910,888,894,890,920,955,908,872,967,952,904,872,888,904,936,956,1003,1051,1034,985,1002,1022,971,973,1000,1065,1000,987,988,1031,939,943,957,970,923,895,891,924,891,910,922,908,904,871,911,966,909,954,959,940,894,860,888,985,943,953,940,903,908,889,920,942,925,919,1006,1050,1034,1000,984,1018,968,988,940,970,936,920,939,955,893,812,860,859,824,763,762,745,796,809,845,816,814,796,824,846,823,781,875,921,905,908,956,969,1003,1015,1035,1036,1018,975,1007,1083,1079,1069,1023,1033,975,923,906,957,887,920,940,954,935,954,986,1015,967,928,944,937,975,935,951,990,924,952,987,1006,973,941,921,939,895,861,875,859,890,875,904,938,873,796,861,892,862,857,907,983,990,976,952,984,928,878,892,957,908,848,921,935,907,895,924,943,956,935,924,861,907,841,862,927,877,824,888,924,895,894,954,943,954,927,953,943,903,864,872,926,888,888,875,936,889,839,815,848,798,847,889,906,856,809,810,911,908,920,968,0.0029296875,0.06057836882527665,0.08479802088317348,0.08507311201082884,0.06332614389403701,0.12323661586058557,0.125639234656839,0.06864477254214833,0.055586911995147294,0.10927031820858879,0.015440808887540914,0.02286074201312427,0.0642530630843593,0.018657200365764452,0.020692988379313566,0.03144773864864183,0.014218964627501012,0.04203758447271657,0.0411664822428867,0.04230894340319232,0.007873298582322802,0.029313146523053973,0.0570432885410556,0.008286407592029853,0.0224609375,0.03360283307438526,0.013982247132105814,0.030508787796510367,0.0325211441510678,0.02229045353615884,0.014906579611790769,0.014517645261053229,0.03126525506559008,0.017304731588544287,0.004026470337517247,0.012352647110032733,0.027010384152225255,0.016630260122975003,0.007873298582322802,0.007109482313750506,0.012506102026236032,0.011134525635733769,0.006905339660024878,0.013671875,0.0009765625,0.014938533731228863,0.0302734375,0.03500673501745102,0.007627196949127592,0.011134525635733769,0.01589728573837862,0.007873298582322802,0.0029296875,0.009814331661250869,0.007873298582322802,0.010381001770248682,0.005940197783494355,0.007873298582322802,0.01284467425582608,0.005258950006967289,0.005258950006967289,0.0021836601342771385,0.008734640537108554,0.0041432037960149265,0.08718247703385017,0.012732817197661424,0.001953125,0.0029296875,0.003521046167445302,0.0048828125,0.007873298582322802,0.001953125,0.007109482313750506,0.003521046167445302,0.0021836601342771385,0.009618025197066508,0.009765625,0.005258950006967289,0.015254393898255184,0.022545696055889054,0.0146484375,0.014517645261053229,0.010054326309557618,0.004979511243742954,0.008400708268596315,0.0048828125,0.006905339660024878,0.009765625,0.005258950006967289,0.003088161777508183,0.011388577919619728,0.004367320268554277,0.0041432037960149265,0.019918044974971814,0.001953125,0.004367320268554277,0.022140203220223895,0.003088161777508183,0.005258950006967289,0.009814331661250869,0.00390625,0.0027621358640099515,0.007109482313750506,0.0021836601342771385,0.003521046167445302,0.005258950006967289,0.001953125,0.006253051013118016,0.006253051013118016,0.0021836601342771385,0.005258950006967289,0.0021836601342771385,0.006176323555016366,0.005258950006967289,0.005258950006967289,0.001953125,0.0166015625,0.014680953494504793,0.0029296875,0.003088161777508183,0.005694288959809864,0.007109482313750506,0.020762003540497363,0.004026470337517247,0.0009765625,0.01824369305885684,0.003521046167445302,0.004979511243742954,0.0068359375,1,1,0.0
14.453125,9.444171905517578,6.0,0.11561029404401779,3.4576737880706787,1.953125,22.714513778686523,7.086114406585693,2.34375,0.6859925985336304,0.02974911406636238,928.0,16552.0,6820955.0,17.836206436157227,0.19839712977409363,1.0393720865249634,4.303072452545166,0.0003030634543392807,0.0,0.11636602878570557,826,863,860,969,1003,935,951,955,999,1016,970,952,926,859,855,893,861,875,846,907,975,942,893,925,911,873,890,907,941,906,924,943,987,950,919,909,958,939,877,911,905,840,815,846,846,862,874,910,888,894,890,920,955,908,872,967,952,904,872,888,904,936,956,1003,1051,1034,985,1002,1022,971,973,1000,1065,1000,987,988,1031,939,943,957,970,923,895,891,924,891,910,922,908,904,871,911,966,909,954,959,940,894,860,888,985,943,953,940,903,908,889,920,942,925,919,1006,1050,1034,1000,984,1018,968,988,940,970,936,920,939,955,893,812,860,859,824,763,762,745,796,809,845,816,814,796,824,846,823,781,875,921,905,908,956,969,1003,1015,1035,1036,1018,975,1007,1083,1079,1069,1023,1033,975,923,906,957,887,920,940,954,935,954,986,1015,967,928,944,937,975,935,951,990,924,952,987,1006,973,941,921,939,895,861,875,859,890,875,904,938,873,796,861,892,862,857,907,983,990,976,952,984,928,878,892,957,908,848,921,935,907,895,924,943,956,935,924,861,907,841,862,927,877,824,888,924,895,894,954,943,954,927,953,943,903,864,872,926,888,888,875,936,889,839,815,848,798,847,889,0.00244140625,0.05306788347341221,0.07803339355848819,0.09124459864685998,0.055937513639139395,0.12802283703213974,0.11754908409005217,0.07607164880527519,0.04756170180424188,0.11490286000064631,0.02489755621871477,0.03179457147675724,0.06945275151052557,0.01516032685181643,0.029893023173855404,0.03088161777508183,0.004026470337517247,0.047861526386104865,0.042879879687695605,0.04377135709182611,0.014778072217208551,0.0300838316420886,0.05014817217370222,0.018961413905222265,0.011134525635733769,0.032359456105040804,0.0027621358640099515,0.019236050394133015,0.0341098617120566,0.022714264354712906,0.00390625,0.016105881350068987,0.023619895746968406,0.020600608505594715,0.0065509804028314154,0.013706707859002147,0.02132844694125152,0.017304731588544287,0.005859375,0.0029296875,0.01516032685181643,0.013671875,0.01179984958358845,0.018961413905222265,0.00834375365753665,0.017387200990981306,0.02231183527108567,0.03965613379735733,0.004367320268554277,0.015746597164645604,0.009765625,0.0021836601342771385,0.005258950006967289,0.014517645261053229,0.0029296875,0.009765625,0.007042092334890604,0.006176323555016366,0.01313830473347042,0.0013810679320049757,0.004979511243742954,0.005694288959809864,0.010054326309557618,0.004979511243742954,0.08541433439714796,0.010786485368346935,0.0048828125,0.0048828125,0.0021836601342771385,0.0027621358640099515,0.009212872199274027,0.0021836601342771385,0.005258950006967289,0.0029296875,0.0027621358640099515,0.009814331661250869,0.01019561182510796,0.006253051013118016,0.016253239235442616,0.020692988379313566,0.015254393898255184,0.014084184669781208,0.010054326309557618,0.005258950006967289,0.009765625,0.004979511243742954,0.004367320268554277,0.008400708268596315,0.00390625,0.005940197783494355,0.01313830473347042,0.007109482313750506,0.0041432037960149265,0.02229045353615884,0.003088161777508183,0.0009765625,0.022269051271467537,0.0021836601342771385,0.00834375365753665,0.010517900013934578,0.004026470337517247,0.003521046167445302,0.0048828125,0.0021836601342771385,0.006176323555016366,0.00834375365753665,0.004367320268554277,0.0065509804028314154,0.0029296875,0.0041432037960149265,0.0027621358640099515,0.0009765625,0.0068359375,0.006905339660024878,0.006905339660024878,0.004026470337517247,0.019384212149686726,0.011759369705851851,0.0009765625,0.003521046167445302,0.0048828125,0.0048828125,0.021035800027869155,0.0021836601342771385,0.001953125,0.016370170521718956,0.0048828125,0.0048828125,0.0048828125,1,1,0.0
15.625,9.438912391662598,6.0,0.11775825917720795,3.6531801223754883,2.34375,22.796377182006836,7.076563835144043,1.953125,0.6926420331001282,0.0297009889036417,925.0,17186.0,6910566.5,18.57946014404297,0.18959973752498627,1.1861412525177002,4.332460403442383,0.0002109758061124012,0.0,0.11292695254087448,989,984,919,910,921,844,813,840,826,863,860,969,1003,935,951,955,999,1016,970,952,926,859,855,893,861,875,846,907,975,942,893,925,911,873,890,907,941,906,924,943,987,950,919,909,958,939,877,911,905,840,815,846,846,862,874,910,888,894,890,920,955,908,872,967,952,904,872,888,904,936,956,1003,1051,1034,985,1002,1022,971,973,1000,1065,1000,987,988,1031,939,943,957,970,923,895,891,924,891,910,922,908,904,871,911,966,909,954,959,940,894,860,888,985,943,953,940,903,908,889,920,942,925,919,1006,1050,1034,1000,984,1018,968,988,940,970,936,920,939,955,893,812,860,859,824,763,762,745,796,809,845,816,814,796,824,846,823,781,875,921,905,908,956,969,1003,1015,1035,1036,1018,975,1007,1083,1079,1069,1023,1033,975,923,906,957,887,920,940,954,935,954,986,1015,967,928,944,937,975,935,951,990,924,952,987,1006,973,941,921,939,895,861,875,859,890,875,904,938,873,796,861,892,862,857,907,983,990,976,952,984,928,878,892,957,908,848,921,935,907,895,924,943,956,935,924,861,907,841,862,927,877,824,888,924,895,894,954,943,954,927,953,943,903,864,872,926,888,888,875,0.00244140625,0.03819845159298427,0.06372397695732598,0.10526057290366518,0.04642525126564341,0.12100314780940682,0.12255373029443874,0.07567571783616943,0.059112288868834205,0.10012980619365497,0.013282686043686957,0.01800692276815017,0.06463781540380044,0.024158822025103478,0.02489755621871477,0.02157297073669387,0.0166015625,0.055672628178668845,0.05417061815765103,0.054355156445608385,0.0244140625,0.026654968874914416,0.05328309713165524,0.02713367966689415,0.0041432037960149265,0.034637007521422264,0.005940197783494355,0.011759369705851851,0.04051263381385067,0.027361183058831836,0.004026470337517247,0.014517645261053229,0.019652941208494246,0.024492062898407135,0.008052940675034493,0.010563138502335907,0.024020261477048523,0.015440808887540914,0.0048828125,0.004367320268554277,0.014938533731228863,0.014680953494504793,0.01242961138804478,0.018657200365764452,0.009264485332524549,0.015625,0.022140203220223895,0.03758179961893331,0.0013810679320049757,0.013566839833447074,0.0107421875,0.005258950006967289,0.005258950006967289,0.010918300671385692,0.005940197783494355,0.009003461384075085,0.005694288959809864,0.006905339660024878,0.011920464468489943,0.005258950006967289,0.006905339660024878,0.003521046167445302,0.0065509804028314154,0.001953125,0.08746097239280233,0.0126953125,0.0048828125,0.005258950006967289,0.0009765625,0.0021836601342771385,0.010918300671385692,0.0021836601342771385,0.005258950006967289,0.003088161777508183,0.0029296875,0.010381001770248682,0.010054326309557618,0.006176323555016366,0.015440808887540914,0.020600608505594715,0.013810679320049757,0.013566839833447074,0.01171875,0.007437278423695223,0.011759369705851851,0.0021836601342771385,0.003088161777508183,0.011759369705851851,0.0021836601342771385,0.00390625,0.010517900013934578,0.004367320268554277,0.0041432037960149265,0.0192608231673008,0.0021836601342771385,0.003088161777508183,0.02417855156863271,0.004026470337517247,0.005524271728019903,0.012236293052872722,0.001953125,0.004979511243742954,0.005940197783494355,0.004367320268554277,0.007109482313750506,0.010054326309557618,0.005859375,0.007042092334890604,0.003088161777508183,0.0029296875,0.0021836601342771385,0.0009765625,0.006176323555016366,0.004979511243742954,0.005694288959809864,0.003521046167445302,0.0170549308560283,0.013706707859002147,0.003088161777508183,0.006253051013118016,0.0021836601342771385,0.001953125,0.017686299097924643,0.004979511243742954,0.005694288959809864,0.0126953125,0.009212872199274027,0.009618025197066508,0.0009765625,1,1,0.0
16.015625,9.389491081237793,5.0,0.15324220061302185,3.323227882385254,1.953125,21.61737632751465,7.310731887817383,2.34375,0.6508954167366028,0.029459185898303986,910.0,15749.0,6512001.5,17.30659294128418,0.19586239755153656,1.0257929563522339,4.218777656555176,0.0002145167818525806,0.390625,0.1151658222079277,896,862,826,842,908,832,890,967,989,984,919,910,921,844,813,840,826,863,860,969,1003,935,951,955,999,1016,970,952,926,859,855,893,861,875,846,907,975,942,893,925,911,873,890,907,941,906,924,943,987,950,919,909,958,939,877,911,905,840,815,846,846,862,874,910,888,894,890,920,955,908,872,967,952,904,872,888,904,936,956,1003,1051,1034,985,1002,1022,971,973,1000,1065,1000,987,988,1031,939,943,957,970,923,895,891,924,891,910,922,908,904,871,911,966,909,954,959,940,894,860,888,985,943,953,940,903,908,889,920,942,925,919,1006,1050,1034,1000,984,1018,968,988,940,970,936,920,939,955,893,812,860,859,824,763,762,745,796,809,845,816,814,796,824,846,823,781,875,921,905,908,956,969,1003,1015,1035,1036,1018,975,1007,1083,1079,1069,1023,1033,975,923,906,957,887,920,940,954,935,954,986,1015,967,928,944,937,975,935,951,990,924,952,987,1006,973,941,921,939,895,861,875,859,890,875,904,938,873,796,861,892,862,857,907,983,990,976,952,984,928,878,892,957,908,848,921,935,907,895,924,943,956,935,924,861,907,841,862,927,877,824,888,924,895,894,954,943,954,927,953,0.00146484375,0.04712862700005334,0.07177568291020688,0.09913913205633189,0.04447381850287383,0.13003324817093054,0.11210069788937603,0.0852522842235446,0.0546875,0.09730405239907149,0.018528970665049098,0.013282686043686957,0.058045941803568674,0.027500249688142037,0.022482157096135425,0.018347943582085875,0.022777155839239456,0.06153118750790377,0.059450122090720404,0.05879684852925925,0.029313146523053973,0.030336376107439583,0.0492656181860525,0.029133659941750583,0.007042092334890604,0.03585460888805824,0.0048828125,0.014517645261053229,0.03803582440263759,0.026565372087373914,0.0009765625,0.017387200990981306,0.01708286687942959,0.02568934851165216,0.009765625,0.009003461384075085,0.025633603024231812,0.01313830473347042,0.0021836601342771385,0.0029296875,0.014874556847390447,0.011134525635733769,0.010918300671385692,0.021836601342771385,0.011134525635733769,0.01800692276815017,0.01878455474772592,0.039499508625306025,0.003521046167445302,0.013101960805662831,0.010381001770248682,0.008734640537108554,0.0068359375,0.008052940675034493,0.008400708268596315,0.010918300671385692,0.0029296875,0.005940197783494355,0.009814331661250869,0.0048828125,0.00834375365753665,0.006176323555016366,0.00834375365753665,0.004026470337517247,0.0863857715476276,0.011430371006562134,0.004026470337517247,0.0048828125,0.0021836601342771385,0.0,0.013028968812623373,0.0041432037960149265,0.004367320268554277,0.003521046167445302,0.0021836601342771385,0.008052940675034493,0.0087890625,0.003088161777508183,0.013706707859002147,0.022269051271467537,0.01680141653719263,0.015440808887540914,0.013282686043686957,0.010918300671385692,0.015655487833868553,0.001953125,0.007109482313750506,0.014906579611790769,0.004026470337517247,0.0013810679320049757,0.009264485332524549,0.0021836601342771385,0.0013810679320049757,0.02157297073669387,0.004367320268554277,0.0013810679320049757,0.023640075072090243,0.003521046167445302,0.00834375365753665,0.009765625,0.0029296875,0.003088161777508183,0.006176323555016366,0.003521046167445302,0.006905339660024878,0.010381001770248682,0.005694288959809864,0.006905339660024878,0.0021836601342771385,0.003521046167445302,0.0021836601342771385,0.0021836601342771385,0.006176323555016366,0.003088161777508183,0.007109482313750506,0.005694288959809864,0.017469281074217108,0.013282686043686957,0.004026470337517247,0.009003461384075085,0.003088161777508183,0.0027621358640099515,0.019773883526676354,0.003088161777508183,0.005258950006967289,0.013706707859002147,0.006905339660024878,0.005258950006967289,0.00390625,1,1,0.0
16.40625,9.467989921569824,6.0,0.1696462333202362,3.2667040824890137,2.34375,22.750534057617188,7.372286796569824,1.953125,0.6357412934303284,0.029797160997986794,931.0,17730.0,6456425.5,19.044038772583008,0.19461245834827423,1.3455263376235962,4.234264850616455,7.550272130174562e-05,0.0,0.11544875800609589,986,985,910,909,950,907,874,859,896,862,826,842,908,832,890,967,989,984,919,910,921,844,813,840,826,863,860,969,1003,935,951,955,999,1016,970,952,926,859,855,893,861,875,846,907,975,942,893,925,911,873,890,907,941,906,924,943,987,950,919,909,958,939,877,911,905,840,815,846,846,862,874,910,888,894,890,920,955,908,872,967,952,904,872,888,904,936,956,1003,1051,1034,985,1002,1022,971,973,1000,1065,1000,987,988,1031,939,943,957,970,923,895,891,924,891,910,922,908,904,871,911,966,909,954,959,940,894,860,888,985,943,953,940,903,908,889,920,942,925,919,1006,1050,1034,1000,984,1018,968,988,940,970,936,920,939,955,893,812,860,859,824,763,762,745,796,809,845,816,814,796,824,846,823,781,875,921,905,908,956,969,1003,1015,1035,1036,1018,975,1007,1083,1079,1069,1023,1033,975,923,906,957,887,920,940,954,935,954,986,1015,967,928,944,937,975,935,951,990,924,952,987,1006,973,941,921,939,895,861,875,859,890,875,904,938,873,796,861,892,862,857,907,983,990,976,952,984,928,878,892,957,908,848,921,935,907,895,924,943,956,935,924,861,907,841,862,927,877,824,888,0.00341796875,0.044804959949040865,0.07001347003490203,0.09805096013650966,0.04979511243742954,0.12973955327721115,0.1111952674901546,0.086963425237864,0.04789140560640324,0.0994848332946488,0.025390625,0.014084184669781208,0.052932930597139265,0.0360270834876889,0.02713367966689415,0.011388577919619728,0.0283203125,0.0705562182351111,0.059578316572928294,0.0537109375,0.02489755621871477,0.03489759450235476,0.04894517221149089,0.01878455474772592,0.009959022487485907,0.027010384152225255,0.008843149548962322,0.012732817197661424,0.04314594147338774,0.03406789754396955,0.010381001770248682,0.009814331661250869,0.01878455474772592,0.023212625632821705,0.003521046167445302,0.012236293052872722,0.020600608505594715,0.0185803687406645,0.0068359375,0.006905339660024878,0.01284467425582608,0.014517645261053229,0.010786485368346935,0.01878455474772592,0.009003461384075085,0.020132351687586234,0.01760523083722651,0.041120123577006444,0.005694288959809864,0.01441877251975918,0.010918300671385692,0.011388577919619728,0.007437278423695223,0.007873298582322802,0.01019561182510796,0.013810679320049757,0.0021836601342771385,0.003521046167445302,0.011388577919619728,0.001953125,0.005258950006967289,0.0029296875,0.007873298582322802,0.001953125,0.09037293204108808,0.015776850020901866,0.006176323555016366,0.007873298582322802,0.001953125,0.003521046167445302,0.011048543456039806,0.004979511243742954,0.006253051013118016,0.005694288959809864,0.0,0.008400708268596315,0.006253051013118016,0.004367320268554277,0.013282686043686957,0.019652941208494246,0.014906579611790769,0.01179984958358845,0.014517645261053229,0.009959022487485907,0.014084184669781208,0.0021836601342771385,0.006176323555016366,0.010517900013934578,0.00390625,0.004367320268554277,0.01019561182510796,0.004979511243742954,0.006253051013118016,0.01792730444402912,0.004979511243742954,0.005694288959809864,0.0283875817456028,0.007873298582322802,0.010054326309557618,0.014874556847390447,0.008052940675034493,0.0048828125,0.004979511243742954,0.0013810679320049757,0.003521046167445302,0.007873298582322802,0.0029296875,0.003521046167445302,0.001953125,0.007109482313750506,0.0009765625,0.0029296875,0.003088161777508183,0.004026470337517247,0.0065509804028314154,0.007109482313750506,0.017469281074217108,0.013810679320049757,0.005694288959809864,0.009959022487485907,0.004026470337517247,0.004367320268554277,0.020899350155305366,0.0009765625,0.003521046167445302,0.015440808887540914,0.005859375,0.007873298582322802,0.0029296875,1,1,0.0
17.578125,9.662971496582031,6.0,0.17159700393676758,2.9885752201080322,2.34375,21.9200496673584,7.588385581970215,1.953125,0.6207090616226196,0.03000447526574135,944.0,17650.0,6545194.0,18.69703483581543,0.20769396424293518,1.3613574504852295,4.164561748504639,0.00040511938277632,0.0,0.12701104581356049,984,956,971,1003,988,1005,970,984,986,985,910,909,950,907,874,859,896,862,826,842,908,832,890,967,989,984,919,910,921,844,813,840,826,863,860,969,1003,935,951,955,999,1016,970,952,926,859,855,893,861,875,846,907,975,942,893,925,911,873,890,907,941,906,924,943,987,950,919,909,958,939,877,911,905,840,815,846,846,862,874,910,888,894,890,920,955,908,872,967,952,904,872,888,904,936,956,1003,1051,1034,985,1002,1022,971,973,1000,1065,1000,987,988,1031,939,943,957,970,923,895,891,924,891,910,922,908,904,871,911,966,909,954,959,940,894,860,888,985,943,953,940,903,908,889,920,942,925,919,1006,1050,1034,1000,984,1018,968,988,940,970,936,920,939,955,893,812,860,859,824,763,762,745,796,809,845,816,814,796,824,846,823,781,875,921,905,908,956,969,1003,1015,1035,1036,1018,975,1007,1083,1079,1069,1023,1033,975,923,906,957,887,920,940,954,935,954,986,1015,967,928,944,937,975,935,951,990,924,952,987,1006,973,941,921,939,895,861,875,859,890,875,904,938,873,796,861,892,862,857,907,983,990,976,952,984,928,878,892,957,908,848,921,935,907,895,924,943,956,935,924,0.0009765625,0.023619895746968406,0.0663200267435533,0.09142732295818784,0.07475648128517437,0.13780608354712667,0.10234822270760861,0.10548683294055294,0.03768316676088816,0.09236133801680174,0.041120123577006444,0.01878455474772592,0.06186351939340568,0.051239295399784786,0.044921875,0.008286407592029853,0.019918044974971814,0.05873193341310506,0.04631213164601319,0.04820896502811517,0.019749754312653012,0.02417855156863271,0.05482683143600859,0.02756951994822872,0.0048828125,0.0341796875,0.00390625,0.012732817197661424,0.03984805813106087,0.03149319432929121,0.007873298582322802,0.01171875,0.018961413905222265,0.021484375,0.00390625,0.01313830473347042,0.021945512748285382,0.015254393898255184,0.003521046167445302,0.005940197783494355,0.012236293052872722,0.009765625,0.010381001770248682,0.023294649300540163,0.013982247132105814,0.018347943582085875,0.019749754312653012,0.03601384553630034,0.0009765625,0.012236293052872722,0.009959022487485907,0.0068359375,0.005940197783494355,0.007873298582322802,0.009003461384075085,0.012079411012551739,0.0029296875,0.004026470337517247,0.010381001770248682,0.003088161777508183,0.005694288959809864,0.00390625,0.006253051013118016,0.0021836601342771385,0.08757538953689593,0.011388577919619728,0.0041432037960149265,0.003088161777508183,0.004367320268554277,0.0027621358640099515,0.016016815885602272,0.008286407592029853,0.005258950006967289,0.011430371006562134,0.008052940675034493,0.007873298582322802,0.0013810679320049757,0.009765625,0.01824369305885684,0.012732817197661424,0.005940197783494355,0.005694288959809864,0.015440808887540914,0.005694288959809864,0.005940197783494355,0.0078125,0.0027621358640099515,0.0146484375,0.004979511243742954,0.006905339660024878,0.006176323555016366,0.001953125,0.0029296875,0.024020261477048523,0.00390625,0.0,0.023518739411703703,0.004026470337517247,0.006253051013118016,0.014517645261053229,0.006253051013118016,0.006253051013118016,0.0021836601342771385,0.0013810679320049757,0.0048828125,0.005859375,0.0021836601342771385,0.0029296875,0.0027621358640099515,0.006905339660024878,0.0,0.003088161777508183,0.003088161777508183,0.004026470337517247,0.006253051013118016,0.005940197783494355,0.0170549308560283,0.013282686043686957,0.0048828125,0.008052940675034493,0.003088161777508183,0.0021836601342771385,0.019918044974971814,0.0029296875,0.004979511243742954,0.013566839833447074,0.007042092334890604,0.005859375,0.0048828125,1,1,0.0
14.0625,9.221975326538086,6.0,0.1636808216571808,3.493939161300659,2.734375,26.220340728759766,7.107334613800049,1.953125,0.6502197980880737,0.03006797656416893,948.0,19913.0,6991097.0,21.005273818969727,0.1860993504524231,1.7066335678100586,4.472518444061279,3.2932111935224384e-05,0.0,0.10743502527475357,891,890,859,904,990,971,908,1003,984,956,971,1003,988,1005,970,984,986,985,910,909,950,907,874,859,896,862,826,842,908,832,890,967,989,984,919,910,921,844,813,840,826,863,860,969,1003,935,951,955,999,1016,970,952,926,859,855,893,861,875,846,907,975,942,893,925,911,873,890,907,941,906,924,943,987,950,919,909,958,939,877,911,905,840,815,846,846,862,874,910,888,894,890,920,955,908,872,967,952,904,872,888,904,936,956,1003,1051,1034,985,1002,1022,971,973,1000,1065,1000,987,988,1031,939,943,957,970,923,895,891,924,891,910,922,908,904,871,911,966,909,954,959,940,894,860,888,985,943,953,940,903,908,889,920,942,925,919,1006,1050,1034,1000,984,1018,968,988,940,970,936,920,939,955,893,812,860,859,824,763,762,745,796,809,845,816,814,796,824,846,823,781,875,921,905,908,956,969,1003,1015,1035,1036,1018,975,1007,1083,1079,1069,1023,1033,975,923,906,957,887,920,940,954,935,954,986,1015,967,928,944,937,975,935,951,990,924,952,987,1006,973,941,921,939,895,861,875,859,890,875,904,938,873,796,861,892,862,857,907,983,990,976,952,984,928,878,892,957,908,848,921,0.00341796875,0.02489755621871477,0.0647336461686584,0.09295828624150206,0.07437278423695223,0.1350801639612596,0.10442371442248673,0.10403484905018381,0.03416573375885918,0.09360747629938874,0.04416179318201177,0.020762003540497363,0.06231662552165553,0.0528517934677141,0.04673236763283359,0.010563138502335907,0.01878455474772592,0.05688424171566679,0.0465175990774006,0.04935265143942687,0.022269051271467537,0.026294750034836445,0.0519784507116065,0.024724587697601882,0.004979511243742954,0.03057124187987994,0.007042092334890604,0.010054326309557618,0.04271274946997859,0.03176456243611444,0.005940197783494355,0.012732817197661424,0.019773883526676354,0.02378085090212094,0.0068359375,0.009814331661250869,0.022777155839239456,0.01708286687942959,0.005694288959809864,0.005258950006967289,0.012079411012551739,0.01313830473347042,0.009003461384075085,0.021683206358568866,0.013282686043686957,0.021945512748285382,0.015746597164645604,0.03585460888805824,0.004367320268554277,0.009003461384075085,0.013706707859002147,0.005940197783494355,0.0048828125,0.00966747552403483,0.007873298582322802,0.009959022487485907,0.0048828125,0.0048828125,0.009003461384075085,0.004026470337517247,0.006253051013118016,0.0041432037960149265,0.00834375365753665,0.001953125,0.08951408607836708,0.01313830473347042,0.005940197783494355,0.0048828125,0.0029296875,0.0021836601342771385,0.014218964627501012,0.006905339660024878,0.0027621358640099515,0.010786485368346935,0.009003461384075085,0.005940197783494355,0.004367320268554277,0.010517900013934578,0.01878455474772592,0.012236293052872722,0.005258950006967289,0.005258950006967289,0.016630260122975003,0.0065509804028314154,0.0048828125,0.010381001770248682,0.005258950006967289,0.017469281074217108,0.007042092334890604,0.005694288959809864,0.00834375365753665,0.004367320268554277,0.0,0.022269051271467537,0.0009765625,0.003088161777508183,0.025559086578715626,0.005859375,0.009264485332524549,0.013706707859002147,0.006176323555016366,0.004026470337517247,0.004026470337517247,0.0009765625,0.005694288959809864,0.005940197783494355,0.001953125,0.0029296875,0.00390625,0.006253051013118016,0.0009765625,0.004026470337517247,0.003088161777508183,0.004026470337517247,0.007437278423695223,0.006253051013118016,0.01760523083722651,0.012506102026236032,0.003521046167445302,0.00834375365753665,0.0021836601342771385,0.0029296875,0.020132351687586234,0.0029296875,0.004979511243742954,0.014680953494504793,0.005524271728019903,0.008052940675034493,0.0029296875,1,1,0.0
15.234375,9.379890441894531,6.0,0.16083268821239471,3.323716640472412,2.34375,24.14590072631836,7.257500171661377,1.953125,0.6450825929641724,0.030162978917360306,954.0,19133.0,6869647.5,20.05555534362793,0.19408470392227173,1.6733427047729492,4.314660549163818,0.00040111984708346426,0.0,0.11656006425619125,1024,1004,952,925,908,911,895,926,891,890,859,904,990,971,908,1003,984,956,971,1003,988,1005,970,984,986,985,910,909,950,907,874,859,896,862,826,842,908,832,890,967,989,984,919,910,921,844,813,840,826,863,860,969,1003,935,951,955,999,1016,970,952,926,859,855,893,861,875,846,907,975,942,893,925,911,873,890,907,941,906,924,943,987,950,919,909,958,939,877,911,905,840,815,846,846,862,874,910,888,894,890,920,955,908,872,967,952,904,872,888,904,936,956,1003,1051,1034,985,1002,1022,971,973,1000,1065,1000,987,988,1031,939,943,957,970,923,895,891,924,891,910,922,908,904,871,911,966,909,954,959,940,894,860,888,985,943,953,940,903,908,889,920,942,925,919,1006,1050,1034,1000,984,1018,968,988,940,970,936,920,939,955,893,812,860,859,824,763,762,745,796,809,845,816,814,796,824,846,823,781,875,921,905,908,956,969,1003,1015,1035,1036,1018,975,1007,1083,1079,1069,1023,1033,975,923,906,957,887,920,940,954,935,954,986,1015,967,928,944,937,975,935,951,990,924,952,987,1006,973,941,921,939,895,861,875,859,890,875,904,938,873,796,861,892,862,857,907,983,990,976,952,0.0,0.02458921545315268,0.07170921777611648,0.0849833842474194,0.07271948902785728,0.14001672372385837,0.10247859079956957,0.09836170972457425,0.03489759450235476,0.10082741796203365,0.04576318169476555,0.02638526579317636,0.06083757080926766,0.06080621123460194,0.05328309713165524,0.01792730444402912,0.01284467425582608,0.050413708981016825,0.04961283514015835,0.05560406580268265,0.02638526579317636,0.03155370004180373,0.05117411135380431,0.020716018980074635,0.003521046167445302,0.0324624416769427,0.009003461384075085,0.012732817197661424,0.03819845159298427,0.027793455997573647,0.007873298582322802,0.011920464468489943,0.020716018980074635,0.020132351687586234,0.005940197783494355,0.013982247132105814,0.026672852116694654,0.01171875,0.003088161777508183,0.001953125,0.017686299097924643,0.017469281074217108,0.012506102026236032,0.01800692276815017,0.012079411012551739,0.025409398107925172,0.011134525635733769,0.03527810911755555,0.007873298582322802,0.006176323555016366,0.016105881350068987,0.0029296875,0.008400708268596315,0.009814331661250869,0.01188039556698871,0.013028968812623373,0.003088161777508183,0.0021836601342771385,0.01179984958358845,0.0,0.0027621358640099515,0.0013810679320049757,0.0048828125,0.004026470337517247,0.0856373487046631,0.010517900013934578,0.001953125,0.0041432037960149265,0.004367320268554277,0.0021836601342771385,0.01179984958358845,0.0029296875,0.001953125,0.007627196949127592,0.009003461384075085,0.004026470337517247,0.008843149548962322,0.013879560940968648,0.021506558149946522,0.010054326309557618,0.003088161777508183,0.009003461384075085,0.014084184669781208,0.004026470337517247,0.008286407592029853,0.007873298582322802,0.0048828125,0.015746597164645604,0.0048828125,0.004367320268554277,0.007042092334890604,0.003088161777508183,0.001953125,0.023478154844084585,0.0021836601342771385,0.0027621358640099515,0.025559086578715626,0.006176323555016366,0.0087890625,0.013879560940968648,0.0048828125,0.004979511243742954,0.0029296875,0.0021836601342771385,0.0041432037960149265,0.006176323555016366,0.001953125,0.004026470337517247,0.0013810679320049757,0.0048828125,0.0009765625,0.0009765625,0.004979511243742954,0.005694288959809864,0.004979511243742954,0.0068359375,0.017304731588544287,0.011759369705851851,0.004367320268554277,0.007042092334890604,0.0013810679320049757,0.0,0.01875915303935405,0.005258950006967289,0.005524271728019903,0.01680141653719263,0.003521046167445302,0.009264485332524549,0.0009765625,1,1,0.0
13.671875,9.146657943725586,6.0,0.17684705555438995,3.534724712371826,2.34375,27.79012107849121,7.068435192108154,1.953125,0.6416307687759399,0.030399184674024582,969.0,20557.0,7080486.5,21.21465492248535,0.18152214586734772,1.8667817115783691,4.561750411987305,0.0,0.0,0.09987838566303253,991,944,940,960,1052,1038,969,1017,1024,1004,952,925,908,911,895,926,891,890,859,904,990,971,908,1003,984,956,971,1003,988,1005,970,984,986,985,910,909,950,907,874,859,896,862,826,842,908,832,890,967,989,984,919,910,921,844,813,840,826,863,860,969,1003,935,951,955,999,1016,970,952,926,859,855,893,861,875,846,907,975,942,893,925,911,873,890,907,941,906,924,943,987,950,919,909,958,939,877,911,905,840,815,846,846,862,874,910,888,894,890,920,955,908,872,967,952,904,872,888,904,936,956,1003,1051,1034,985,1002,1022,971,973,1000,1065,1000,987,988,1031,939,943,957,970,923,895,891,924,891,910,922,908,904,871,911,966,909,954,959,940,894,860,888,985,943,953,940,903,908,889,920,942,925,919,1006,1050,1034,1000,984,1018,968,988,940,970,936,920,939,955,893,812,860,859,824,763,762,745,796,809,845,816,814,796,824,846,823,781,875,921,905,908,956,969,1003,1015,1035,1036,1018,975,1007,1083,1079,1069,1023,1033,975,923,906,957,887,920,940,954,935,954,986,1015,967,928,944,937,975,935,951,990,924,952,987,1006,973,941,921,939,895,861,875,859,890,875,904,938,873,796,861,0.0,0.03179457147675724,0.08718247703385017,0.06991123566052906,0.06239309705063784,0.13639750204623663,0.11434124891574904,0.08575975937539121,0.019918044974971814,0.10770559124189248,0.05765028180916188,0.031387028671851946,0.07352808782844167,0.052344114387724204,0.04271274946997859,0.009618025197066508,0.021035800027869155,0.06111908292312051,0.0439561618551832,0.04655858375414147,0.024020261477048523,0.027010384152225255,0.04632242666262274,0.021836601342771385,0.010517900013934578,0.02568934851165216,0.014084184669781208,0.008400708268596315,0.03989589495276464,0.02378085090212094,0.008052940675034493,0.014084184669781208,0.020531050821902968,0.018347943582085875,0.007042092334890604,0.015254393898255184,0.028117539157984314,0.01179984958358845,0.006176323555016366,0.003088161777508183,0.015655487833868553,0.015776850020901866,0.009959022487485907,0.019186408891004394,0.011048543456039806,0.02315091717017519,0.011759369705851851,0.0385216463346016,0.010918300671385692,0.0029296875,0.01953125,0.004979511243742954,0.012352647110032733,0.010517900013934578,0.016253239235442616,0.0166015625,0.003521046167445302,0.0013810679320049757,0.013101960805662831,0.004026470337517247,0.007109482313750506,0.004026470337517247,0.00834375365753665,0.0009765625,0.0886684333032513,0.010918300671385692,0.004026470337517247,0.0021836601342771385,0.006253051013118016,0.0041432037960149265,0.01313830473347042,0.003521046167445302,0.0029296875,0.007627196949127592,0.009765625,0.003521046167445302,0.008400708268596315,0.014218964627501012,0.020531050821902968,0.010918300671385692,0.003521046167445302,0.007873298582322802,0.01589728573837862,0.005859375,0.008843149548962322,0.009212872199274027,0.007437278423695223,0.016105881350068987,0.003088161777508183,0.004367320268554277,0.005694288959809864,0.0013810679320049757,0.004367320268554277,0.026057937625246747,0.003521046167445302,0.004026470337517247,0.02638526579317636,0.008734640537108554,0.010918300671385692,0.012236293052872722,0.0048828125,0.004979511243742954,0.003088161777508183,0.0041432037960149265,0.006176323555016366,0.0048828125,0.003521046167445302,0.0048828125,0.0013810679320049757,0.003521046167445302,0.001953125,0.0009765625,0.004026470337517247,0.005524271728019903,0.005694288959809864,0.007042092334890604,0.017469281074217108,0.012732817197661424,0.0048828125,0.006253051013118016,0.0021836601342771385,0.0009765625,0.01792730444402912,0.005694288959809864,0.0068359375,0.0170549308560283,0.0021836601342771385,0.009618025197066508,0.0,1,1,0.0
16.796875,9.42313003540039,6.0,0.14825654029846191,3.3718671798706055,2.34375,24.973421096801758,7.308430194854736,1.953125,0.6569197177886963,0.030477512627840042,974.0,19508.0,7255720.5,20.02874755859375,0.1948237270116806,1.4230067729949951,4.419426441192627,0.0,0.0,0.11660899966955185,955,970,971,972,1038,1001,974,954,991,944,940,960,1052,1038,969,1017,1024,1004,952,925,908,911,895,926,891,890,859,904,990,971,908,1003,984,956,971,1003,988,1005,970,984,986,985,910,909,950,907,874,859,896,862,826,842,908,832,890,967,989,984,919,910,921,844,813,840,826,863,860,969,1003,935,951,955,999,1016,970,952,926,859,855,893,861,875,846,907,975,942,893,925,911,873,890,907,941,906,924,943,987,950,919,909,958,939,877,911,905,840,815,846,846,862,874,910,888,894,890,920,955,908,872,967,952,904,872,888,904,936,956,1003,1051,1034,985,1002,1022,971,973,1000,1065,1000,987,988,1031,939,943,957,970,923,895,891,924,891,910,922,908,904,871,911,966,909,954,959,940,894,860,888,985,943,953,940,903,908,889,920,942,925,919,1006,1050,1034,1000,984,1018,968,988,940,970,936,920,939,955,893,812,860,859,824,763,762,745,796,809,845,816,814,796,824,846,823,781,875,921,905,908,956,969,1003,1015,1035,1036,1018,975,1007,1083,1079,1069,1023,1033,975,923,906,957,887,920,940,954,935,954,986,1015,967,928,944,937,975,935,951,990,924,952,987,1006,973,941,921,939,895,861,875,0.00048828125,0.05258950006967289,0.11057171761498563,0.06057836882527665,0.04217348219079919,0.11932059281460558,0.13613505423190111,0.08997103754907047,0.017304731588544287,0.09578281121280648,0.05206094896586656,0.017686299097924643,0.06641343021843478,0.04239901044158674,0.04271274946997859,0.011920464468489943,0.02378085090212094,0.04737083138919884,0.045658866123285,0.05953027599268817,0.030289184412638327,0.0341796875,0.05198762364924283,0.02108108705558877,0.0021836601342771385,0.03221176270013797,0.00834375365753665,0.010563138502335907,0.03986002271866904,0.027151247606362977,0.006253051013118016,0.012732817197661424,0.020600608505594715,0.02003738723504218,0.0065509804028314154,0.012079411012551739,0.025633603024231812,0.014874556847390447,0.004026470337517247,0.0041432037960149265,0.01441877251975918,0.01284467425582608,0.016164985700436375,0.013706707859002147,0.006905339660024878,0.029893023173855404,0.005258950006967289,0.03549371454177001,0.014517645261053229,0.009003461384075085,0.014517645261053229,0.003088161777508183,0.008734640537108554,0.007627196949127592,0.008400708268596315,0.009212872199274027,0.0065509804028314154,0.005258950006967289,0.013028968812623373,0.0027621358640099515,0.0048828125,0.004367320268554277,0.0048828125,0.006176323555016366,0.08629188294677548,0.013706707859002147,0.004979511243742954,0.004979511243742954,0.003088161777508183,0.0013810679320049757,0.013566839833447074,0.005940197783494355,0.0021836601342771385,0.007627196949127592,0.007627196949127592,0.001953125,0.006905339660024878,0.012732817197661424,0.018961413905222265,0.012732817197661424,0.0068359375,0.01242961138804478,0.013671875,0.004026470337517247,0.011759369705851851,0.0048828125,0.003088161777508183,0.013982247132105814,0.0048828125,0.006905339660024878,0.007873298582322802,0.003088161777508183,0.0009765625,0.021945512748285382,0.003088161777508183,0.0021836601342771385,0.023478154844084585,0.005694288959809864,0.009212872199274027,0.014938533731228863,0.007109482313750506,0.003521046167445302,0.004026470337517247,0.003088161777508183,0.005694288959809864,0.0041432037960149265,0.0021836601342771385,0.003088161777508183,0.001953125,0.006176323555016366,0.0013810679320049757,0.001953125,0.006176323555016366,0.006176323555016366,0.0027621358640099515,0.007873298582322802,0.016630260122975003,0.011759369705851851,0.006176323555016366,0.003088161777508183,0.003521046167445302,0.0048828125,0.02157297073669387,0.004367320268554277,0.003088161777508183,0.017469281074217108,0.007437278423695223,0.005258950006967289,0.005859375,1,1,0.0
14.0625,9.309568405151367,6.0,0.1561039686203003,3.6082537174224854,1.953125,24.7515869140625,7.027863502502441,2.34375,0.660768985748291,0.030399184674024582,969.0,19433.0,7647643.0,20.05469512939453,0.18312707543373108,1.301694631576538,4.477640151977539,8.056978913373314e-06,0.0,0.11276733130216599,844,831,814,860,895,873,824,889,955,970,971,972,1038,1001,974,954,991,944,940,960,1052,1038,969,1017,1024,1004,952,925,908,911,895,926,891,890,859,904,990,971,908,1003,984,956,971,1003,988,1005,970,984,986,985,910,909,950,907,874,859,896,862,826,842,908,832,890,967,989,984,919,910,921,844,813,840,826,863,860,969,1003,935,951,955,999,1016,970,952,926,859,855,893,861,875,846,907,975,942,893,925,911,873,890,907,941,906,924,943,987,950,919,909,958,939,877,911,905,840,815,846,846,862,874,910,888,894,890,920,955,908,872,967,952,904,872,888,904,936,956,1003,1051,1034,985,1002,1022,971,973,1000,1065,1000,987,988,1031,939,943,957,970,923,895,891,924,891,910,922,908,904,871,911,966,909,954,959,940,894,860,888,985,943,953,940,903,908,889,920,942,925,919,1006,1050,1034,1000,984,1018,968,988,940,970,936,920,939,955,893,812,860,859,824,763,762,745,796,809,845,816,814,796,824,846,823,781,875,921,905,908,956,969,1003,1015,1035,1036,1018,975,1007,1083,1079,1069,1023,1033,975,923,906,957,887,920,940,954,935,954,986,1015,967,928,944,937,975,935,951,990,924,952,987,0.00146484375,0.03066468450802262,0.09328600182882227,0.054731079176570524,0.06180182551678414,0.13770916375368156,0.14154430415619873,0.0731900856349677,0.016253239235442616,0.10453324981738017,0.065865502847333,0.02489755621871477,0.06649953236809851,0.043013116299893045,0.05580095557485021,0.029700988917471777,0.023294649300540163,0.037057941330098196,0.06071988889339771,0.05729351618700246,0.01792730444402912,0.020899350155305366,0.0517578125,0.025202124805788945,0.013982247132105814,0.02627660946694084,0.01878455474772592,0.01680141653719263,0.0300838316420886,0.03180956538066861,0.014680953494504793,0.007873298582322802,0.020967686087484266,0.02751758360079174,0.0041432037960149265,0.01727715430952552,0.02489755621871477,0.008052940675034493,0.006905339660024878,0.0048828125,0.0126953125,0.010786485368346935,0.013601941676937616,0.018347943582085875,0.0,0.03126525506559008,0.0041432037960149265,0.03601384553630034,0.01760523083722651,0.013671875,0.010381001770248682,0.007437278423695223,0.005694288959809864,0.01188039556698871,0.009212872199274027,0.012236293052872722,0.005940197783494355,0.003521046167445302,0.0126953125,0.0009765625,0.004026470337517247,0.001953125,0.003521046167445302,0.006176323555016366,0.0842621224848065,0.013982247132105814,0.005694288959809864,0.006176323555016366,0.00390625,0.0021836601342771385,0.014680953494504793,0.0041432037960149265,0.003088161777508183,0.00834375365753665,0.00834375365753665,0.0048828125,0.005694288959809864,0.009003461384075085,0.016716057391234072,0.015440808887540914,0.007109482313750506,0.014906579611790769,0.012079411012551739,0.0021836601342771385,0.010517900013934578,0.005940197783494355,0.00390625,0.01528562093993997,0.003521046167445302,0.004979511243742954,0.005940197783494355,0.0027621358640099515,0.0009765625,0.023619895746968406,0.0021836601342771385,0.0029296875,0.023518739411703703,0.004979511243742954,0.007873298582322802,0.01589728573837862,0.007627196949127592,0.003088161777508183,0.005258950006967289,0.0048828125,0.005940197783494355,0.004979511243742954,0.003521046167445302,0.004026470337517247,0.00390625,0.0078125,0.0029296875,0.0041432037960149265,0.00834375365753665,0.007437278423695223,0.0009765625,0.009003461384075085,0.018657200365764452,0.010563138502335907,0.003521046167445302,0.003521046167445302,0.0027621358640099515,0.003521046167445302,0.021417687694786434,0.004026470337517247,0.003088161777508183,0.01708286687942959,0.007042092334890604,0.006176323555016366,0.0048828125,1,1,0.0
12.890625,9.168754577636719,5.0,0.1596788763999939,3.6605327129364014,1.953125,30.14820098876953,7.002101898193359,2.34375,0.6600152850151062,0.031035641208291054,1010.0,21008.0,8903540.0,20.799999237060547,0.18030580878257751,1.0564746856689453,4.960371494293213,6.960718019399792e-05,0.0,0.11370167136192322,905,864,844,861,939,873,827,874,844,831,814,860,895,873,824,889,955,970,971,972,1038,1001,974,954,991,944,940,960,1052,1038,969,1017,1024,1004,952,925,908,911,895,926,891,890,859,904,990,971,908,1003,984,956,971,1003,988,1005,970,984,986,985,910,909,950,907,874,859,896,862,826,842,908,832,890,967,989,984,919,910,921,844,813,840,826,863,860,969,1003,935,951,955,999,1016,970,952,926,859,855,893,861,875,846,907,975,942,893,925,911,873,890,907,941,906,924,943,987,950,919,909,958,939,877,911,905,840,815,846,846,862,874,910,888,894,890,920,955,908,872,967,952,904,872,888,904,936,956,1003,1051,1034,985,1002,1022,971,973,1000,1065,1000,987,988,1031,939,943,957,970,923,895,891,924,891,910,922,908,904,871,911,966,909,954,959,940,894,860,888,985,943,953,940,903,908,889,920,942,925,919,1006,1050,1034,1000,984,1018,968,988,940,970,936,920,939,955,893,812,860,859,824,763,762,745,796,809,845,816,814,796,824,846,823,781,875,921,905,908,956,969,1003,1015,1035,1036,1018,975,1007,1083,1079,1069,1023,1033,975,923,906,957,887,920,940,954,935,954,986,1015,967,928,944,0.00341796875,0.012732817197661424,0.08542549893995718,0.047731833632226314,0.0733917743283435,0.14356797344982022,0.1587327169787411,0.07740143445482171,0.0318844291353799,0.09295828624150206,0.05580095557485021,0.014938533731228863,0.051905008851243405,0.05524271728019903,0.057451430000323156,0.022032254243512652,0.015746597164645604,0.04680373814969437,0.05027163154778809,0.05637058472524145,0.025465634395322848,0.029035290522106457,0.05317559917992962,0.02489755621871477,0.009003461384075085,0.02489755621871477,0.0166015625,0.014218964627501012,0.03144773864864183,0.0300838316420886,0.014938533731228863,0.006253051013118016,0.02229045353615884,0.028437929255002024,0.003521046167445302,0.01824369305885684,0.026565372087373914,0.007627196949127592,0.008843149548962322,0.006905339660024878,0.009814331661250869,0.007873298582322802,0.016630260122975003,0.014906579611790769,0.00390625,0.03232997140087275,0.0013810679320049757,0.03304477405407936,0.014084184669781208,0.010786485368346935,0.012732817197661424,0.003088161777508183,0.008734640537108554,0.007873298582322802,0.009003461384075085,0.009212872199274027,0.007042092334890604,0.005859375,0.01313830473347042,0.0048828125,0.005940197783494355,0.005694288959809864,0.006905339660024878,0.005694288959809864,0.0882371640474728,0.013810679320049757,0.004979511243742954,0.0029296875,0.005258950006967289,0.003088161777508183,0.010918300671385692,0.005940197783494355,0.0027621358640099515,0.009003461384075085,0.004979511243742954,0.0009765625,0.009003461384075085,0.013282686043686957,0.01953125,0.0126953125,0.0068359375,0.011134525635733769,0.014517645261053229,0.0041432037960149265,0.013282686043686957,0.005694288959809864,0.0021836601342771385,0.01441877251975918,0.004979511243742954,0.006905339660024878,0.008286407592029853,0.004367320268554277,0.0009765625,0.02157297073669387,0.005694288959809864,0.0009765625,0.022140203220223895,0.009003461384075085,0.012079411012551739,0.012079411012551739,0.00390625,0.007042092334890604,0.0021836601342771385,0.0,0.0065509804028314154,0.004367320268554277,0.0029296875,0.0048828125,0.001953125,0.0027621358640099515,0.003088161777508183,0.004367320268554277,0.0048828125,0.004367320268554277,0.004979511243742954,0.00834375365753665,0.017820593350483065,0.010786485368346935,0.005258950006967289,0.005258950006967289,0.004026470337517247,0.004979511243742954,0.021506558149946522,0.0027621358640099515,0.0048828125,0.01760523083722651,0.006253051013118016,0.006905339660024878,0.0048828125,1,1,0.0
12.890625,9.133426666259766,5.0,0.16407287120819092,3.6797502040863037,1.953125,39.59953689575195,6.935660362243652,2.34375,0.6573007106781006,0.03132620081305504,1029.0,26420.0,10927169.0,25.675413131713867,0.17862644791603088,1.2224124670028687,5.729491233825684,0.0003718064399436116,0.0,0.11153984069824219,890,877,845,894,924,848,872,889,905,864,844,861,939,873,827,874,844,831,814,860,895,873,824,889,955,970,971,972,1038,1001,974,954,991,944,940,960,1052,1038,969,1017,1024,1004,952,925,908,911,895,926,891,890,859,904,990,971,908,1003,984,956,971,1003,988,1005,970,984,986,985,910,909,950,907,874,859,896,862,826,842,908,832,890,967,989,984,919,910,921,844,813,840,826,863,860,969,1003,935,951,955,999,1016,970,952,926,859,855,893,861,875,846,907,975,942,893,925,911,873,890,907,941,906,924,943,987,950,919,909,958,939,877,911,905,840,815,846,846,862,874,910,888,894,890,920,955,908,872,967,952,904,872,888,904,936,956,1003,1051,1034,985,1002,1022,971,973,1000,1065,1000,987,988,1031,939,943,957,970,923,895,891,924,891,910,922,908,904,871,911,966,909,954,959,940,894,860,888,985,943,953,940,903,908,889,920,942,925,919,1006,1050,1034,1000,984,1018,968,988,940,970,936,920,939,955,893,812,860,859,824,763,762,745,796,809,845,816,814,796,824,846,823,781,875,921,905,908,956,969,1003,1015,1035,1036,1018,975,1007,1083,1079,1069,1023,1033,975,923,906,957,887,920,940,0.001953125,0.0048828125,0.086963425237864,0.035934315415965035,0.07657146790590882,0.13666642413854402,0.16987696964112917,0.09466613729982612,0.034637007521422264,0.08348895483004493,0.04794116292434991,0.012732817197661424,0.06440131677264667,0.04021730523823047,0.04841623146968961,0.02713367966689415,0.025202124805788945,0.035907766232129365,0.06324326116676632,0.051767024533978793,0.0146484375,0.023518739411703703,0.04416179318201177,0.015776850020901866,0.008734640537108554,0.03360283307438526,0.008400708268596315,0.010918300671385692,0.03798564519292329,0.026002982335340524,0.013282686043686957,0.005940197783494355,0.024492062898407135,0.02638526579317636,0.0068359375,0.017469281074217108,0.02458921545315268,0.006905339660024878,0.0078125,0.005940197783494355,0.0107421875,0.009003461384075085,0.016164985700436375,0.016630260122975003,0.0021836601342771385,0.03304477405407936,0.0009765625,0.03304477405407936,0.014874556847390447,0.012732817197661424,0.011388577919619728,0.003521046167445302,0.0087890625,0.0078125,0.010381001770248682,0.009814331661250869,0.007627196949127592,0.00834375365753665,0.014517645261053229,0.0065509804028314154,0.008400708268596315,0.008052940675034493,0.009264485332524549,0.0048828125,0.08843149548962322,0.010517900013934578,0.003088161777508183,0.0048828125,0.003088161777508183,0.001953125,0.012732817197661424,0.0065509804028314154,0.001953125,0.007437278423695223,0.007042092334890604,0.0021836601342771385,0.007042092334890604,0.011134525635733769,0.01953125,0.013879560940968648,0.006176323555016366,0.012079411012551739,0.013282686043686957,0.004367320268554277,0.0107421875,0.0065509804028314154,0.004367320268554277,0.011048543456039806,0.006176323555016366,0.008843149548962322,0.010517900013934578,0.0048828125,0.00390625,0.024472586105745445,0.00390625,0.003088161777508183,0.025559086578715626,0.005859375,0.009765625,0.013601941676937616,0.005524271728019903,0.005258950006967289,0.0009765625,0.0013810679320049757,0.005258950006967289,0.006253051013118016,0.0021836601342771385,0.004367320268554277,0.0041432037960149265,0.0021836601342771385,0.0048828125,0.004367320268554277,0.004367320268554277,0.00390625,0.005694288959809864,0.009212872199274027,0.018425744398548053,0.010563138502335907,0.005694288959809864,0.0048828125,0.003088161777508183,0.003521046167445302,0.021417687694786434,0.003088161777508183,0.004026470337517247,0.016253239235442616,0.005940197783494355,0.0068359375,0.00390625,1,1,0.0
12.890625,9.1950044631958,4.0,0.13851886987686157,3.796085834503174,1.953125,45.680137634277344,6.902355194091797,2.34375,0.6818594336509705,0.031387027353048325,1033.0,30260.0,12130884.0,29.293319702148438,0.17962171137332916,1.5450600385665894,6.103126525878906,0.00012095737474737689,0.0,0.11095258593559265,862,842,812,858,935,936,910,921,890,877,845,894,924,848,872,889,905,864,844,861,939,873,827,874,844,831,814,860,895,873,824,889,955,970,971,972,1038,1001,974,954,991,944,940,960,1052,1038,969,1017,1024,1004,952,925,908,911,895,926,891,890,859,904,990,971,908,1003,984,956,971,1003,988,1005,970,984,986,985,910,909,950,907,874,859,896,862,826,842,908,832,890,967,989,984,919,910,921,844,813,840,826,863,860,969,1003,935,951,955,999,1016,970,952,926,859,855,893,861,875,846,907,975,942,893,925,911,873,890,907,941,906,924,943,987,950,919,909,958,939,877,911,905,840,815,846,846,862,874,910,888,894,890,920,955,908,872,967,952,904,872,888,904,936,956,1003,1051,1034,985,1002,1022,971,973,1000,1065,1000,987,988,1031,939,943,957,970,923,895,891,924,891,910,922,908,904,871,911,966,909,954,959,940,894,860,888,985,943,953,940,903,908,889,920,942,925,919,1006,1050,1034,1000,984,1018,968,988,940,970,936,920,939,955,893,812,860,859,824,763,762,745,796,809,845,816,814,796,824,846,823,781,875,921,905,908,956,969,1003,1015,1035,1036,1018,975,1007,1083,1079,1069,1023,0.00048828125,0.024492062898407135,0.10104472886521747,0.018425744398548053,0.06527646471511095,0.1179742470780501,0.15666448929808965,0.08914576870840972,0.017469281074217108,0.10217102851289504,0.06287272891726513,0.0192608231673008,0.05021468801633766,0.05808700139829317,0.05208841934802573,0.0107421875,0.030649130520459405,0.03406789754396955,0.06527646471511095,0.06726949257536924,0.009003461384075085,0.009959022487485907,0.035814689103305174,0.009212872199274027,0.02039122365021592,0.04809012598533254,0.005694288959809864,0.008052940675034493,0.046925835065367044,0.015746597164645604,0.025465634395322848,0.007042092334890604,0.027010384152225255,0.03618556115947052,0.006905339660024878,0.021945512748285382,0.030649130520459405,0.0166875073150733,0.0013810679320049757,0.0027621358640099515,0.018657200365764452,0.01589728573837862,0.013282686043686957,0.021945512748285382,0.007873298582322802,0.0380859375,0.00390625,0.029893023173855404,0.012732817197661424,0.010054326309557618,0.011920464468489943,0.005258950006967289,0.006253051013118016,0.010054326309557618,0.013982247132105814,0.011430371006562134,0.009003461384075085,0.012236293052872722,0.017820593350483065,0.009264485332524549,0.009959022487485907,0.005694288959809864,0.005694288959809864,0.006176323555016366,0.08613701980937478,0.016253239235442616,0.008400708268596315,0.0027621358640099515,0.009003461384075085,0.006905339660024878,0.013566839833447074,0.010381001770248682,0.007873298582322802,0.004367320268554277,0.011759369705851851,0.007627196949127592,0.005694288959809864,0.01179984958358845,0.021945512748285382,0.009212872199274027,0.003088161777508183,0.008843149548962322,0.0166015625,0.004026470337517247,0.012732817197661424,0.006253051013118016,0.004367320268554277,0.01179984958358845,0.005694288959809864,0.010517900013934578,0.011759369705851851,0.005258950006967289,0.004367320268554277,0.026203921611325662,0.0013810679320049757,0.003521046167445302,0.022881590847382775,0.007042092334890604,0.0126953125,0.011759369705851851,0.0009765625,0.006905339660024878,0.004026470337517247,0.0029296875,0.008400708268596315,0.004026470337517247,0.0027621358640099515,0.0009765625,0.005258950006967289,0.0065509804028314154,0.006905339660024878,0.006176323555016366,0.0021836601342771385,0.004979511243742954,0.010381001770248682,0.012079411012551739,0.022545696055889054,0.007873298582322802,0.003521046167445302,0.007109482313750506,0.0013810679320049757,0.004026470337517247,0.022482157096135425,0.0021836601342771385,0.003088161777508183,0.016164985700436375,0.005258950006967289,0.006905339660024878,0.00390625,1,1,0.0
15.625,9.468217849731445,6.0,0.16796371340751648,3.0047996044158936,1.953125,36.04680252075195,7.495053768157959,2.34375,0.6242765188217163,0.031523462384939194,1042.0,25736.0,9648202.0,24.69865608215332,0.2077597826719284,1.7634644508361816,5.271528720855713,7.497375918319449e-06,0.0,0.1267474740743637,861,863,890,927,928,815,815,844,862,842,812,858,935,936,910,921,890,877,845,894,924,848,872,889,905,864,844,861,939,873,827,874,844,831,814,860,895,873,824,889,955,970,971,972,1038,1001,974,954,991,944,940,960,1052,1038,969,1017,1024,1004,952,925,908,911,895,926,891,890,859,904,990,971,908,1003,984,956,971,1003,988,1005,970,984,986,985,910,909,950,907,874,859,896,862,826,842,908,832,890,967,989,984,919,910,921,844,813,840,826,863,860,969,1003,935,951,955,999,1016,970,952,926,859,855,893,861,875,846,907,975,942,893,925,911,873,890,907,941,906,924,943,987,950,919,909,958,939,877,911,905,840,815,846,846,862,874,910,888,894,890,920,955,908,872,967,952,904,872,888,904,936,956,1003,1051,1034,985,1002,1022,971,973,1000,1065,1000,987,988,1031,939,943,957,970,923,895,891,924,891,910,922,908,904,871,911,966,909,954,959,940,894,860,888,985,943,953,940,903,908,889,920,942,925,919,1006,1050,1034,1000,984,1018,968,988,940,970,936,920,939,955,893,812,860,859,824,763,762,745,796,809,845,816,814,796,824,846,823,781,875,921,905,908,956,969,1003,1015,1035,0.00244140625,0.06630564529987483,0.14128804192505331,0.024020261477048523,0.03401186477982031,0.09578281121280648,0.11656736962013105,0.05667428956463636,0.03648738611771368,0.10927031820858879,0.0634765625,0.02652944864688696,0.04263453115809194,0.05859375,0.024705294220065465,0.02763861659782208,0.044538102542935075,0.020132351687586234,0.07560006731625744,0.04984296935615174,0.008843149548962322,0.020716018980074635,0.03819845159298427,0.009264485332524549,0.013982247132105814,0.04447381850287383,0.004367320268554277,0.0048828125,0.04336641271713773,0.021484375,0.025633603024231812,0.011759369705851851,0.01680141653719263,0.029361906989009586,0.008843149548962322,0.007627196949127592,0.016016815885602272,0.013566839833447074,0.016630260122975003,0.0170549308560283,0.005859375,0.0029296875,0.027010384152225255,0.009618025197066508,0.013810679320049757,0.019457869965987574,0.016630260122975003,0.0388789633542859,0.025559086578715626,0.023518739411703703,0.020108652619115236,0.01188039556698871,0.021683206358568866,0.007627196949127592,0.0,0.011134525635733769,0.005694288959809864,0.004026470337517247,0.007873298582322802,0.010517900013934578,0.011134525635733769,0.010918300671385692,0.010381001770248682,0.003088161777508183,0.0863857715476276,0.013810679320049757,0.0048828125,0.0041432037960149265,0.004979511243742954,0.003088161777508183,0.014218964627501012,0.006176323555016366,0.0013810679320049757,0.0087890625,0.004026470337517247,0.0009765625,0.009212872199274027,0.009959022487485907,0.013706707859002147,0.01824369305885684,0.009212872199274027,0.013601941676937616,0.016630260122975003,0.010918300671385692,0.017820593350483065,0.0029296875,0.0021836601342771385,0.017469281074217108,0.0027621358640099515,0.009212872199274027,0.00966747552403483,0.007042092334890604,0.006176323555016366,0.02638526579317636,0.003088161777508183,0.0041432037960149265,0.021506558149946522,0.008286407592029853,0.013810679320049757,0.009814331661250869,0.003088161777508183,0.004979511243742954,0.005940197783494355,0.004979511243742954,0.004026470337517247,0.008843149548962322,0.003088161777508183,0.005694288959809864,0.005694288959809864,0.0,0.0027621358640099515,0.0041432037960149265,0.005258950006967289,0.003088161777508183,0.009264485332524549,0.007109482313750506,0.01800692276815017,0.013810679320049757,0.009765625,0.012079411012551739,0.0041432037960149265,0.004026470337517247,0.020899350155305366,0.005694288959809864,0.003088161777508183,0.013671875,0.003521046167445302,0.008734640537108554,0.0048828125,1,1,0.0
18.359375,9.90067195892334,5.0,0.16755841672420502,2.8088459968566895,2.34375,29.35842514038086,7.689395427703857,0.78125,0.6138867735862732,0.030241919681429863,959.0,20932.0,7600860.5,21.826902389526367,0.2185548096895218,1.4691184759140015,4.855348110198975,0.00020359466725494713,0.0,0.14041069149971008,974,943,906,909,941,874,829,811,861,863,890,927,928,815,815,844,862,842,812,858,935,936,910,921,890,877,845,894,924,848,872,889,905,864,844,861,939,873,827,874,844,831,814,860,895,873,824,889,955,970,971,972,1038,1001,974,954,991,944,940,960,1052,1038,969,1017,1024,1004,952,925,908,911,895,926,891,890,859,904,990,971,908,1003,984,956,971,1003,988,1005,970,984,986,985,910,909,950,907,874,859,896,862,826,842,908,832,890,967,989,984,919,910,921,844,813,840,826,863,860,969,1003,935,951,955,999,1016,970,952,926,859,855,893,861,875,846,907,975,942,893,925,911,873,890,907,941,906,924,943,987,950,919,909,958,939,877,911,905,840,815,846,846,862,874,910,888,894,890,920,955,908,872,967,952,904,872,888,904,936,956,1003,1051,1034,985,1002,1022,971,973,1000,1065,1000,987,988,1031,939,943,957,970,923,895,891,924,891,910,922,908,904,871,911,966,909,954,959,940,894,860,888,985,943,953,940,903,908,889,920,942,925,919,1006,1050,1034,1000,984,1018,968,988,940,970,936,920,939,955,893,812,860,859,824,763,762,745,796,809,845,816,814,796,824,846,823,781,875,0.0029296875,0.07383871658482785,0.14855631038753295,0.03088161777508183,0.030524413297046454,0.09520858352817463,0.10840283634092704,0.04668132188561375,0.04597110271851492,0.1063556818740519,0.05751779032276259,0.027964494264211628,0.05417061815765103,0.046188412462443235,0.027010384152225255,0.0328276099882258,0.03232997140087275,0.03549371454177001,0.060829732431239986,0.060829732431239986,0.01313830473347042,0.005940197783494355,0.03601384553630034,0.012732817197661424,0.027151247606362977,0.054661335817017695,0.018657200365764452,0.0126953125,0.03452669830012439,0.03416573375885918,0.025465634395322848,0.0166015625,0.011134525635733769,0.018961413905222265,0.010563138502335907,0.009765625,0.016630260122975003,0.006176323555016366,0.013810679320049757,0.013028968812623373,0.003088161777508183,0.003521046167445302,0.02286074201312427,0.012506102026236032,0.009959022487485907,0.023640075072090243,0.014680953494504793,0.03516981075267404,0.022798081113142094,0.01953125,0.020132351687586234,0.0068359375,0.015746597164645604,0.006253051013118016,0.005940197783494355,0.008843149548962322,0.006905339660024878,0.006253051013118016,0.0146484375,0.003088161777508183,0.003521046167445302,0.007627196949127592,0.011430371006562134,0.010054326309557618,0.09363803535443843,0.006253051013118016,0.0021836601342771385,0.00834375365753665,0.003521046167445302,0.004026470337517247,0.00834375365753665,0.007042092334890604,0.0065509804028314154,0.005258950006967289,0.009212872199274027,0.004979511243742954,0.004979511243742954,0.0065509804028314154,0.01760523083722651,0.013671875,0.005694288959809864,0.008843149548962322,0.01680141653719263,0.007437278423695223,0.014517645261053229,0.004367320268554277,0.004026470337517247,0.011134525635733769,0.006905339660024878,0.008400708268596315,0.009765625,0.001953125,0.0,0.020762003540497363,0.007042092334890604,0.003521046167445302,0.02638526579317636,0.005940197783494355,0.007873298582322802,0.01528562093993997,0.005258950006967289,0.0078125,0.0027621358640099515,0.0013810679320049757,0.007627196949127592,0.005258950006967289,0.0009765625,0.0021836601342771385,0.006176323555016366,0.0029296875,0.004367320268554277,0.005258950006967289,0.0048828125,0.003521046167445302,0.008286407592029853,0.008052940675034493,0.01708286687942959,0.012079411012551739,0.009003461384075085,0.01171875,0.0021836601342771385,0.0027621358640099515,0.020899350155305366,0.003521046167445302,0.0009765625,0.014517645261053229,0.005940197783494355,0.007109482313750506,0.001953125,1,1,0.0
18.359375,9.76229476928711,5.0,0.16351856291294098,2.96879243850708,2.34375,35.30966567993164,7.5098395347595215,0.78125,0.6257167458534241,0.030147166922688484,953.0,23141.0,7926326.0,24.28226661682129,0.21076472103595734,1.8780230283737183,5.255463123321533,0.000294878933345899,0.0,0.13192862272262573,1004,968,952,952,920,923,889,957,974,943,906,909,941,874,829,811,861,863,890,927,928,815,815,844,862,842,812,858,935,936,910,921,890,877,845,894,924,848,872,889,905,864,844,861,939,873,827,874,844,831,814,860,895,873,824,889,955,970,971,972,1038,1001,974,954,991,944,940,960,1052,1038,969,1017,1024,1004,952,925,908,911,895,926,891,890,859,904,990,971,908,1003,984,956,971,1003,988,1005,970,984,986,985,910,909,950,907,874,859,896,862,826,842,908,832,890,967,989,984,919,910,921,844,813,840,826,863,860,969,1003,935,951,955,999,1016,970,952,926,859,855,893,861,875,846,907,975,942,893,925,911,873,890,907,941,906,924,943,987,950,919,909,958,939,877,911,905,840,815,846,846,862,874,910,888,894,890,920,955,908,872,967,952,904,872,888,904,936,956,1003,1051,1034,985,1002,1022,971,973,1000,1065,1000,987,988,1031,939,943,957,970,923,895,891,924,891,910,922,908,904,871,911,966,909,954,959,940,894,860,888,985,943,953,940,903,908,889,920,942,925,919,1006,1050,1034,1000,984,1018,968,988,940,970,936,920,939,955,893,812,860,859,824,763,762,745,796,809,845,0.00341796875,0.047771776596230504,0.1223824135207349,0.03828573395295441,0.06071988889339771,0.0647336461686584,0.08656222677359858,0.03936649291161401,0.07418019146419118,0.1087497825181913,0.04973762335252673,0.03813598474563796,0.07864208759878219,0.023518739411703703,0.050931268790645697,0.025465634395322848,0.02489755621871477,0.033332125323976586,0.07256194526664032,0.0615931524657089,0.003521046167445302,0.0208765218031562,0.0369677602163041,0.010918300671385692,0.022032254243512652,0.053790778726251605,0.016716057391234072,0.01727715430952552,0.04120121701118943,0.037378240642587185,0.029700988917471777,0.021683206358568866,0.01284467425582608,0.016016815885602272,0.00966747552403483,0.01516032685181643,0.02132844694125152,0.010517900013934578,0.011759369705851851,0.017578125,0.007109482313750506,0.007437278423695223,0.029442994983752607,0.017304731588544287,0.015746597164645604,0.027793455997573647,0.015191747252054731,0.027621358640099514,0.014778072217208551,0.013101960805662831,0.012506102026236032,0.0048828125,0.015746597164645604,0.001953125,0.00390625,0.007873298582322802,0.0068359375,0.004026470337517247,0.0126953125,0.006176323555016366,0.005694288959809864,0.0068359375,0.010381001770248682,0.010381001770248682,0.09377542786669668,0.0065509804028314154,0.0021836601342771385,0.006253051013118016,0.0048828125,0.0029296875,0.011920464468489943,0.004979511243742954,0.0021836601342771385,0.009765625,0.0068359375,0.007109482313750506,0.0065509804028314154,0.0013810679320049757,0.019236050394133015,0.011920464468489943,0.0009765625,0.007042092334890604,0.014906579611790769,0.0013810679320049757,0.009959022487485907,0.0087890625,0.006176323555016366,0.014517645261053229,0.0065509804028314154,0.005940197783494355,0.008843149548962322,0.004979511243742954,0.003088161777508183,0.024158822025103478,0.0041432037960149265,0.0021836601342771385,0.0244140625,0.007437278423695223,0.008734640537108554,0.0166015625,0.005258950006967289,0.007873298582322802,0.003088161777508183,0.0021836601342771385,0.006253051013118016,0.005694288959809864,0.0021836601342771385,0.003521046167445302,0.004367320268554277,0.0021836601342771385,0.003088161777508183,0.003088161777508183,0.003521046167445302,0.0021836601342771385,0.006905339660024878,0.007873298582322802,0.017304731588544287,0.013028968812623373,0.009765625,0.01171875,0.0041432037960149265,0.003088161777508183,0.0208765218031562,0.003521046167445302,0.0027621358640099515,0.01516032685181643,0.005940197783494355,0.007042092334890604,0.0029296875,1,1,0.0
18.359375,9.808479309082031,7.0,0.18303273618221283,2.4519810676574707,3.515625,22.503467559814453,8.231977462768555,0.78125,0.58030104637146,0.029133660718798637,890.0,15705.0,5113057.0,17.646066665649414,0.23666620254516602,1.266430139541626,4.161242485046387,0.00042983965249732137,0.0,0.1402336210012436,824,860,902,967,1050,1003,953,988,1004,968,952,952,920,923,889,957,974,943,906,909,941,874,829,811,861,863,890,927,928,815,815,844,862,842,812,858,935,936,910,921,890,877,845,894,924,848,872,889,905,864,844,861,939,873,827,874,844,831,814,860,895,873,824,889,955,970,971,972,1038,1001,974,954,991,944,940,960,1052,1038,969,1017,1024,1004,952,925,908,911,895,926,891,890,859,904,990,971,908,1003,984,956,971,1003,988,1005,970,984,986,985,910,909,950,907,874,859,896,862,826,842,908,832,890,967,989,984,919,910,921,844,813,840,826,863,860,969,1003,935,951,955,999,1016,970,952,926,859,855,893,861,875,846,907,975,942,893,925,911,873,890,907,941,906,924,943,987,950,919,909,958,939,877,911,905,840,815,846,846,862,874,910,888,894,890,920,955,908,872,967,952,904,872,888,904,936,956,1003,1051,1034,985,1002,1022,971,973,1000,1065,1000,987,988,1031,939,943,957,970,923,895,891,924,891,910,922,908,904,871,911,966,909,954,959,940,894,860,888,985,943,953,940,903,908,889,920,942,925,919,1006,1050,1034,1000,984,1018,968,988,940,970,936,920,939,955,893,812,860,0.0029296875,0.03756910949545184,0.10816945126970129,0.06601735852013894,0.08323727475531263,0.052407843222651324,0.05731847887042652,0.023840928936979887,0.09447958298787362,0.08433000283079212,0.020600608505594715,0.02489755621871477,0.0722722230940562,0.048828125,0.047861526386104865,0.014517645261053229,0.049032774260285905,0.020320949264340638,0.07219300616514149,0.05064961906207008,0.023840928936979887,0.007873298582322802,0.04014610310760638,0.021683206358568866,0.0328276099882258,0.051905008851243405,0.02209708691207961,0.011048543456039806,0.0361328125,0.019236050394133015,0.029002426572104487,0.018961413905222265,0.010786485368346935,0.0234375,0.02229045353615884,0.012732817197661424,0.0170549308560283,0.004367320268554277,0.01242961138804478,0.0041432037960149265,0.012236293052872722,0.0065509804028314154,0.03126525506559008,0.009959022487485907,0.02108108705558877,0.021484375,0.022777155839239456,0.026002982335340524,0.014084184669781208,0.009264485332524549,0.0146484375,0.00390625,0.013101960805662831,0.001953125,0.006905339660024878,0.006176323555016366,0.008843149548962322,0.00390625,0.0107421875,0.0065509804028314154,0.007437278423695223,0.007627196949127592,0.009264485332524549,0.007627196949127592,0.09351064007442632,0.007437278423695223,0.0013810679320049757,0.007873298582322802,0.004367320268554277,0.0029296875,0.010054326309557618,0.0065509804028314154,0.003088161777508183,0.009264485332524549,0.004979511243742954,0.006176323555016366,0.007873298582322802,0.0021836601342771385,0.018657200365764452,0.012506102026236032,0.001953125,0.007437278423695223,0.014938533731228863,0.0,0.008734640537108554,0.009003461384075085,0.005258950006967289,0.014778072217208551,0.005258950006967289,0.006905339660024878,0.009814331661250869,0.0041432037960149265,0.0013810679320049757,0.021035800027869155,0.005940197783494355,0.003088161777508183,0.02627660946694084,0.006253051013118016,0.009212872199274027,0.013706707859002147,0.00390625,0.004979511243742954,0.0021836601342771385,0.001953125,0.005694288959809864,0.004026470337517247,0.001953125,0.001953125,0.0041432037960149265,0.0041432037960149265,0.005694288959809864,0.006253051013118016,0.006253051013118016,0.004026470337517247,0.0087890625,0.0068359375,0.018961413905222265,0.011388577919619728,0.006905339660024878,0.00834375365753665,0.001953125,0.0009765625,0.0185803687406645,0.007437278423695223,0.001953125,0.011134525635733769,0.0021836601342771385,0.009618025197066508,0.0068359375,1,1,0.0
19.140625,9.921216011047363,7.0,0.22181236743927002,2.2441980838775635,3.125,16.806156158447266,8.478240966796875,0.78125,0.538317084312439,0.027810607105493546,811.0,12269.0,3882762.5,15.128236770629883,0.2398705631494522,1.3107905387878418,3.6251847743988037,0.0003467172500677407,0.0,0.1440788060426712,1049,1005,957,937,863,826,764,829,824,860,902,967,1050,1003,953,988,1004,968,952,952,920,923,889,957,974,943,906,909,941,874,829,811,861,863,890,927,928,815,815,844,862,842,812,858,935,936,910,921,890,877,845,894,924,848,872,889,905,864,844,861,939,873,827,874,844,831,814,860,895,873,824,889,955,970,971,972,1038,1001,974,954,991,944,940,960,1052,1038,969,1017,1024,1004,952,925,908,911,895,926,891,890,859,904,990,971,908,1003,984,956,971,1003,988,1005,970,984,986,985,910,909,950,907,874,859,896,862,826,842,908,832,890,967,989,984,919,910,921,844,813,840,826,863,860,969,1003,935,951,955,999,1016,970,952,926,859,855,893,861,875,846,907,975,942,893,925,911,873,890,907,941,906,924,943,987,950,919,909,958,939,877,911,905,840,815,846,846,862,874,910,888,894,890,920,955,908,872,967,952,904,872,888,904,936,956,1003,1051,1034,985,1002,1022,971,973,1000,1065,1000,987,988,1031,939,943,957,970,923,895,891,924,891,910,922,908,904,871,911,966,909,954,959,940,894,860,888,985,943,953,940,903,908,889,920,942,925,919,1006,1050,1034,1000,984,1018,968,988,940,0.00341796875,0.038989189018900645,0.11000099875256815,0.06680715381440262,0.08103115245667576,0.05555258848956208,0.061678252635305186,0.024647323172117114,0.09119232445256838,0.09141167518622313,0.028185292362620726,0.031988944051092184,0.08152981040914767,0.04438796163032622,0.05715185503281067,0.009959022487485907,0.05765028180916188,0.01589728573837862,0.07873298582322802,0.04559616222628419,0.035814689103305174,0.018165112536853784,0.04200354134298158,0.029264304812054096,0.03564118670096613,0.041581384484460485,0.018961413905222265,0.009003461384075085,0.04723979149393681,0.019236050394133015,0.036461239653504826,0.024705294220065465,0.003088161777508183,0.016253239235442616,0.014084184669781208,0.008843149548962322,0.013671875,0.005694288959809864,0.016630260122975003,0.011430371006562134,0.009814331661250869,0.005694288959809864,0.026672852116694654,0.003088161777508183,0.02209708691207961,0.01792730444402912,0.026057937625246747,0.027151247606362977,0.014517645261053229,0.007109482313750506,0.013982247132105814,0.0048828125,0.013101960805662831,0.0021836601342771385,0.007109482313750506,0.006905339660024878,0.008843149548962322,0.003521046167445302,0.010054326309557618,0.007873298582322802,0.007627196949127592,0.004979511243742954,0.009959022487485907,0.010054326309557618,0.09377542786669668,0.0068359375,0.0013810679320049757,0.006253051013118016,0.0013810679320049757,0.0013810679320049757,0.010786485368346935,0.006253051013118016,0.0065509804028314154,0.005694288959809864,0.005859375,0.003088161777508183,0.009814331661250869,0.003088161777508183,0.018425744398548053,0.013282686043686957,0.004367320268554277,0.0087890625,0.012732817197661424,0.0021836601342771385,0.010517900013934578,0.006905339660024878,0.003521046167445302,0.013028968812623373,0.006176323555016366,0.005940197783494355,0.007437278423695223,0.0048828125,0.003088161777508183,0.023047702580480365,0.00390625,0.0021836601342771385,0.025781989809461104,0.006253051013118016,0.007873298582322802,0.014084184669781208,0.003521046167445302,0.005258950006967289,0.00390625,0.001953125,0.005258950006967289,0.004026470337517247,0.0021836601342771385,0.0013810679320049757,0.00390625,0.004979511243742954,0.006176323555016366,0.006253051013118016,0.007042092334890604,0.005940197783494355,0.008400708268596315,0.007627196949127592,0.020716018980074635,0.009959022487485907,0.004979511243742954,0.005694288959809864,0.0041432037960149265,0.003088161777508183,0.01680141653719263,0.009212872199274027,0.004026470337517247,0.013810679320049757,0.0048828125,0.0065509804028314154,0.0029296875,1,1,0.0
17.96875,9.624205589294434,7.0,0.23040451109409332,2.3581578731536865,25.0,15.340558052062988,8.235465049743652,0.78125,0.540423572063446,0.028771327808499336,868.0,12688.0,4296490.5,14.617511749267578,0.22917191684246063,1.375989556312561,3.4468319416046143,0.00044085364788770676,0.0,0.13757793605327606,1016,975,936,942,1035,992,953,1024,1049,1005,957,937,863,826,764,829,824,860,902,967,1050,1003,953,988,1004,968,952,952,920,923,889,957,974,943,906,909,941,874,829,811,861,863,890,927,928,815,815,844,862,842,812,858,935,936,910,921,890,877,845,894,924,848,872,889,905,864,844,861,939,873,827,874,844,831,814,860,895,873,824,889,955,970,971,972,1038,1001,974,954,991,944,940,960,1052,1038,969,1017,1024,1004,952,925,908,911,895,926,891,890,859,904,990,971,908,1003,984,956,971,1003,988,1005,970,984,986,985,910,909,950,907,874,859,896,862,826,842,908,832,890,967,989,984,919,910,921,844,813,840,826,863,860,969,1003,935,951,955,999,1016,970,952,926,859,855,893,861,875,846,907,975,942,893,925,911,873,890,907,941,906,924,943,987,950,919,909,958,939,877,911,905,840,815,846,846,862,874,910,888,894,890,920,955,908,872,967,952,904,872,888,904,936,956,1003,1051,1034,985,1002,1022,971,973,1000,1065,1000,987,988,1031,939,943,957,970,923,895,891,924,891,910,922,908,904,871,911,966,909,954,959,940,894,860,888,985,943,953,940,903,908,889,920,942,925,919,1006,0.0,0.03629082846887118,0.10569005283406006,0.0630242296885256,0.08612594750136461,0.05002440810494413,0.05469621861304862,0.02229045353615884,0.09318883154753746,0.08536966162505602,0.027203883353875233,0.027500249688142037,0.07754299816838015,0.03813598474563796,0.05859375,0.0048828125,0.059047720538402244,0.011430371006562134,0.08488794457851848,0.04372776011179318,0.04089920232689829,0.022651198251451565,0.04107371258752557,0.029700988917471777,0.032285693857063556,0.037314400731528904,0.014084184669781208,0.005258950006967289,0.04463435500791578,0.02231183527108567,0.03221176270013797,0.020132351687586234,0.005258950006967289,0.018961413905222265,0.017469281074217108,0.011048543456039806,0.01680141653719263,0.0027621358640099515,0.012732817197661424,0.011430371006562134,0.005859375,0.00390625,0.023518739411703703,0.00390625,0.019749754312653012,0.014874556847390447,0.027413415718004295,0.028117539157984314,0.015440808887540914,0.005940197783494355,0.014938533731228863,0.0078125,0.015440808887540914,0.005258950006967289,0.005258950006967289,0.007873298582322802,0.0068359375,0.004026470337517247,0.011759369705851851,0.005694288959809864,0.007437278423695223,0.007042092334890604,0.007042092334890604,0.010563138502335907,0.09544868120947982,0.004026470337517247,0.004026470337517247,0.0048828125,0.004367320268554277,0.0013810679320049757,0.013982247132105814,0.0027621358640099515,0.008286407592029853,0.004979511243742954,0.009264485332524549,0.0,0.010054326309557618,0.0065509804028314154,0.017304731588544287,0.014680953494504793,0.007873298582322802,0.010517900013934578,0.010517900013934578,0.004367320268554277,0.013982247132105814,0.0048828125,0.0021836601342771385,0.0126953125,0.008052940675034493,0.005859375,0.006253051013118016,0.005524271728019903,0.004367320268554277,0.023518739411703703,0.004026470337517247,0.0013810679320049757,0.026002982335340524,0.005524271728019903,0.006176323555016366,0.01528562093993997,0.0021836601342771385,0.005940197783494355,0.0048828125,0.003521046167445302,0.006905339660024878,0.0021836601342771385,0.00390625,0.0009765625,0.006176323555016366,0.0021836601342771385,0.00390625,0.004367320268554277,0.005940197783494355,0.006905339660024878,0.007109482313750506,0.006905339660024878,0.021417687694786434,0.009212872199274027,0.003088161777508183,0.0048828125,0.005524271728019903,0.004026470337517247,0.0166015625,0.008734640537108554,0.003521046167445302,0.013810679320049757,0.004367320268554277,0.007109482313750506,0.0029296875,1,1,0.0
19.53125,9.809659004211426,7.0,0.24292030930519104,2.217768907546997,25.0,14.74145221710205,8.515390396118164,0.78125,0.5217987298965454,0.02825288288295269,837.0,11713.0,4127723.0,13.994026184082031,0.23528094589710236,1.2261070013046265,3.438683271408081,0.0,0.0,0.1375921368598938,983,942,918,941,1004,986,959,955,1016,975,936,942,1035,992,953,1024,1049,1005,957,937,863,826,764,829,824,860,902,967,1050,1003,953,988,1004,968,952,952,920,923,889,957,974,943,906,909,941,874,829,811,861,863,890,927,928,815,815,844,862,842,812,858,935,936,910,921,890,877,845,894,924,848,872,889,905,864,844,861,939,873,827,874,844,831,814,860,895,873,824,889,955,970,971,972,1038,1001,974,954,991,944,940,960,1052,1038,969,1017,1024,1004,952,925,908,911,895,926,891,890,859,904,990,971,908,1003,984,956,971,1003,988,1005,970,984,986,985,910,909,950,907,874,859,896,862,826,842,908,832,890,967,989,984,919,910,921,844,813,840,826,863,860,969,1003,935,951,955,999,1016,970,952,926,859,855,893,861,875,846,907,975,942,893,925,911,873,890,907,941,906,924,943,987,950,919,909,958,939,877,911,905,840,815,846,846,862,874,910,888,894,890,920,955,908,872,967,952,904,872,888,904,936,956,1003,1051,1034,985,1002,1022,971,973,1000,1065,1000,987,988,1031,939,943,957,970,923,895,891,924,891,910,922,908,904,871,911,966,909,954,959,940,894,860,888,985,943,953,940,0.0009765625,0.04074735555668958,0.1131675412608206,0.06419366574040936,0.07674563556401758,0.05220729064306117,0.06204054755573668,0.031035641761856844,0.09889835079040753,0.08273738117177787,0.018165112536853784,0.021484375,0.06991123566052906,0.040700519500341224,0.05313074417474783,0.001953125,0.055492471270216295,0.007042092334890604,0.08984905724813648,0.03954776705335271,0.04597110271851492,0.026939676219011176,0.04037114571991091,0.031035641761856844,0.030289184412638327,0.03554741156875253,0.01188039556698871,0.003521046167445302,0.042578572962093046,0.023212625632821705,0.03144773864864183,0.020531050821902968,0.006176323555016366,0.01933495104806966,0.01760523083722651,0.01188039556698871,0.017304731588544287,0.0009765625,0.010918300671385692,0.01179984958358845,0.004026470337517247,0.0041432037960149265,0.02132844694125152,0.004979511243742954,0.020108652619115236,0.011759369705851851,0.03102027377786834,0.027413415718004295,0.013101960805662831,0.003521046167445302,0.011430371006562134,0.005859375,0.014218964627501012,0.0021836601342771385,0.00834375365753665,0.006905339660024878,0.009212872199274027,0.005694288959809864,0.014218964627501012,0.003521046167445302,0.004979511243742954,0.010918300671385692,0.009003461384075085,0.010381001770248682,0.09707836831512241,0.0041432037960149265,0.007627196949127592,0.0048828125,0.006905339660024878,0.00390625,0.015440808887540914,0.005694288959809864,0.009212872199274027,0.0041432037960149265,0.007873298582322802,0.0021836601342771385,0.009959022487485907,0.005859375,0.016858082521125067,0.014938533731228863,0.007437278423695223,0.011134525635733769,0.011920464468489943,0.005940197783494355,0.01528562093993997,0.004026470337517247,0.003088161777508183,0.010563138502335907,0.009264485332524549,0.003521046167445302,0.0078125,0.005524271728019903,0.0029296875,0.02229045353615884,0.004026470337517247,0.0013810679320049757,0.023047702580480365,0.008400708268596315,0.0048828125,0.016630260122975003,0.0013810679320049757,0.006253051013118016,0.006176323555016366,0.004367320268554277,0.008052940675034493,0.001953125,0.001953125,0.001953125,0.004026470337517247,0.0048828125,0.005694288959809864,0.006176323555016366,0.0048828125,0.0048828125,0.004979511243742954,0.0048828125,0.0185803687406645,0.01188039556698871,0.004979511243742954,0.001953125,0.009003461384075085,0.007109482313750506,0.017686299097924643,0.008052940675034493,0.0041432037960149265,0.0146484375,0.0048828125,0.0107421875,0.0068359375,1,1,0.0
21.484375,9.959004402160645,7.0,0.24030306935310364,2.237410545349121,3.125,17.964441299438477,8.515695571899414,0.78125,0.52503502368927,0.028421156108379364,847.0,13429.0,4473977.0,15.854781150817871,0.23466189205646515,1.3093798160552979,3.7602505683898926,3.687043863465078e-05,0.0,0.13916417956352234,953,971,954,983,973,922,862,926,983,942,918,941,1004,986,959,955,1016,975,936,942,1035,992,953,1024,1049,1005,957,937,863,826,764,829,824,860,902,967,1050,1003,953,988,1004,968,952,952,920,923,889,957,974,943,906,909,941,874,829,811,861,863,890,927,928,815,815,844,862,842,812,858,935,936,910,921,890,877,845,894,924,848,872,889,905,864,844,861,939,873,827,874,844,831,814,860,895,873,824,889,955,970,971,972,1038,1001,974,954,991,944,940,960,1052,1038,969,1017,1024,1004,952,925,908,911,895,926,891,890,859,904,990,971,908,1003,984,956,971,1003,988,1005,970,984,986,985,910,909,950,907,874,859,896,862,826,842,908,832,890,967,989,984,919,910,921,844,813,840,826,863,860,969,1003,935,951,955,999,1016,970,952,926,859,855,893,861,875,846,907,975,942,893,925,911,873,890,907,941,906,924,943,987,950,919,909,958,939,877,911,905,840,815,846,846,862,874,910,888,894,890,920,955,908,872,967,952,904,872,888,904,936,956,1003,1051,1034,985,1002,1022,971,973,1000,1065,1000,987,988,1031,939,943,957,970,923,895,891,924,891,910,922,908,904,871,911,966,909,954,959,0.00341796875,0.045908825287277966,0.11777197993501043,0.06011216170512654,0.0742444445654227,0.04809012598533254,0.05960232234244972,0.03126525506559008,0.09902363011569038,0.07982763795971018,0.02378085090212094,0.0242573092741684,0.07647800064410373,0.0412127887617367,0.05587781055046862,0.007437278423695223,0.052344114387724204,0.009765625,0.08697987325841985,0.033260520245950005,0.04697661512033474,0.03363120187055188,0.049957638915736964,0.04033569614856129,0.031204190055996988,0.02765586378614511,0.003088161777508183,0.00834375365753665,0.03356023491687418,0.02132844694125152,0.033260520245950005,0.027413415718004295,0.004026470337517247,0.010054326309557618,0.011759369705851851,0.006176323555016366,0.008400708268596315,0.008052940675034493,0.013879560940968648,0.0048828125,0.01019561182510796,0.0065509804028314154,0.019457869965987574,0.012236293052872722,0.020132351687586234,0.005940197783494355,0.03813598474563796,0.02286074201312427,0.007873298582322802,0.007042092334890604,0.009003461384075085,0.003521046167445302,0.010381001770248682,0.005940197783494355,0.011920464468489943,0.010786485368346935,0.007627196949127592,0.008734640537108554,0.015625,0.0013810679320049757,0.007627196949127592,0.01019561182510796,0.006905339660024878,0.01179984958358845,0.09824529381271989,0.003088161777508183,0.006176323555016366,0.0048828125,0.006253051013118016,0.003521046167445302,0.014938533731228863,0.005524271728019903,0.008400708268596315,0.003521046167445302,0.007873298582322802,0.001953125,0.009765625,0.005258950006967289,0.014906579611790769,0.0166875073150733,0.00834375365753665,0.011388577919619728,0.010381001770248682,0.007627196949127592,0.016164985700436375,0.0029296875,0.0048828125,0.010563138502335907,0.010054326309557618,0.005694288959809864,0.009264485332524549,0.0029296875,0.0009765625,0.021945512748285382,0.003088161777508183,0.0009765625,0.023294649300540163,0.009212872199274027,0.004979511243742954,0.015746597164645604,0.0009765625,0.004026470337517247,0.004367320268554277,0.00390625,0.00834375365753665,0.004026470337517247,0.0013810679320049757,0.0021836601342771385,0.0048828125,0.006176323555016366,0.006905339660024878,0.004026470337517247,0.0027621358640099515,0.005940197783494355,0.003521046167445302,0.005258950006967289,0.022482157096135425,0.010054326309557618,0.0021836601342771385,0.004026470337517247,0.00834375365753665,0.0041432037960149265,0.020132351687586234,0.005694288959809864,0.001953125,0.011920464468489943,0.004979511243742954,0.005940197783494355,0.001953125,1,1,0.0
21.875,9.87387466430664,7.0,0.24548831582069397,2.345791816711426,3.125,20.075178146362305,8.45438289642334,0.78125,0.529000997543335,0.028521643951535225,853.0,14544.0,4655470.0,17.050411224365234,0.22551065683364868,1.4145108461380005,3.936521291732788,0.0004484222736209631,0.0,0.12962432205677032,875,842,839,872,967,953,939,971,953,971,954,983,973,922,862,926,983,942,918,941,1004,986,959,955,1016,975,936,942,1035,992,953,1024,1049,1005,957,937,863,826,764,829,824,860,902,967,1050,1003,953,988,1004,968,952,952,920,923,889,957,974,943,906,909,941,874,829,811,861,863,890,927,928,815,815,844,862,842,812,858,935,936,910,921,890,877,845,894,924,848,872,889,905,864,844,861,939,873,827,874,844,831,814,860,895,873,824,889,955,970,971,972,1038,1001,974,954,991,944,940,960,1052,1038,969,1017,1024,1004,952,925,908,911,895,926,891,890,859,904,990,971,908,1003,984,956,971,1003,988,1005,970,984,986,985,910,909,950,907,874,859,896,862,826,842,908,832,890,967,989,984,919,910,921,844,813,840,826,863,860,969,1003,935,951,955,999,1016,970,952,926,859,855,893,861,875,846,907,975,942,893,925,911,873,890,907,941,906,924,943,987,950,919,909,958,939,877,911,905,840,815,846,846,862,874,910,888,894,890,920,955,908,872,967,952,904,872,888,904,936,956,1003,1051,1034,985,1002,1022,971,973,1000,1065,1000,987,988,1031,939,943,957,970,923,895,891,924,891,910,922,0.00048828125,0.040465526084180976,0.11336961128189084,0.0656915236673521,0.07366414908455511,0.05328309713165524,0.06493222738234097,0.035372598195849286,0.10407151008525715,0.07462880146305781,0.02378085090212094,0.022651198251451565,0.07912567148029159,0.03983608994994363,0.05932165058002906,0.013282686043686957,0.05117411135380431,0.012079411012551739,0.08832358636402354,0.027930370402490412,0.05153622969515141,0.03813598474563796,0.04809012598533254,0.03773374821555011,0.025633603024231812,0.03304477405407936,0.007437278423695223,0.003521046167445302,0.03848449315476178,0.02157297073669387,0.030289184412638327,0.023619895746968406,0.0048828125,0.011920464468489943,0.01516032685181643,0.009814331661250869,0.009959022487485907,0.010563138502335907,0.01760523083722651,0.001953125,0.013601941676937616,0.0087890625,0.0192608231673008,0.014906579611790769,0.021506558149946522,0.005258950006967289,0.039571874197958615,0.021945512748285382,0.006905339660024878,0.009003461384075085,0.010786485368346935,0.003088161777508183,0.008843149548962322,0.006253051013118016,0.011759369705851851,0.01019561182510796,0.006253051013118016,0.007437278423695223,0.014517645261053229,0.003521046167445302,0.005859375,0.010381001770248682,0.00834375365753665,0.00834375365753665,0.09805096013650966,0.003521046167445302,0.008843149548962322,0.00390625,0.007109482313750506,0.004367320268554277,0.013282686043686957,0.005940197783494355,0.0065509804028314154,0.005694288959809864,0.0078125,0.0013810679320049757,0.01019561182510796,0.0065509804028314154,0.016630260122975003,0.015440808887540914,0.007437278423695223,0.010054326309557618,0.010918300671385692,0.0068359375,0.01528562093993997,0.003088161777508183,0.0041432037960149265,0.009003461384075085,0.010918300671385692,0.0048828125,0.00966747552403483,0.00390625,0.0009765625,0.0205078125,0.005258950006967289,0.003088161777508183,0.02229045353615884,0.010563138502335907,0.005524271728019903,0.013566839833447074,0.0027621358640099515,0.0021836601342771385,0.0021836601342771385,0.0021836601342771385,0.004979511243742954,0.003521046167445302,0.0029296875,0.0009765625,0.004367320268554277,0.004367320268554277,0.007109482313750506,0.006176323555016366,0.004026470337517247,0.003521046167445302,0.0009765625,0.004026470337517247,0.02132844694125152,0.011134525635733769,0.003521046167445302,0.005859375,0.008843149548962322,0.003521046167445302,0.019773883526676354,0.006905339660024878,0.0041432037960149265,0.012732817197661424,0.005258950006967289,0.0065509804028314154,0.001953125,1,1,0.0
18.359375,9.697857856750488,7.0,0.24678483605384827,2.36853289604187,3.125,17.834915161132812,8.35307502746582,0.78125,0.5296118259429932,0.02880445495247841,870.0,13477.0,4684404.5,15.490804672241211,0.22360332310199738,1.1866689920425415,3.7330806255340576,8.974646334536374e-06,0.0,0.13319532573223114,923,924,861,890,912,844,890,877,875,842,839,872,967,953,939,971,953,971,954,983,973,922,862,926,983,942,918,941,1004,986,959,955,1016,975,936,942,1035,992,953,1024,1049,1005,957,937,863,826,764,829,824,860,902,967,1050,1003,953,988,1004,968,952,952,920,923,889,957,974,943,906,909,941,874,829,811,861,863,890,927,928,815,815,844,862,842,812,858,935,936,910,921,890,877,845,894,924,848,872,889,905,864,844,861,939,873,827,874,844,831,814,860,895,873,824,889,955,970,971,972,1038,1001,974,954,991,944,940,960,1052,1038,969,1017,1024,1004,952,925,908,911,895,926,891,890,859,904,990,971,908,1003,984,956,971,1003,988,1005,970,984,986,985,910,909,950,907,874,859,896,862,826,842,908,832,890,967,989,984,919,910,921,844,813,840,826,863,860,969,1003,935,951,955,999,1016,970,952,926,859,855,893,861,875,846,907,975,942,893,925,911,873,890,907,941,906,924,943,987,950,919,909,958,939,877,911,905,840,815,846,846,862,874,910,888,894,890,920,955,908,872,967,952,904,872,888,904,936,956,1003,1051,1034,985,1002,1022,971,973,1000,1065,1000,987,988,1031,939,943,957,0.001953125,0.035814689103305174,0.10867960438229156,0.06963787689846511,0.07042092334890604,0.05614172793673754,0.0682197234241132,0.03989589495276464,0.10763916234354265,0.0720938625987959,0.026939676219011176,0.026939676219011176,0.08189744481536135,0.04244397228925924,0.05731847887042652,0.01188039556698871,0.0492656181860525,0.008843149548962322,0.08976941558032342,0.03088161777508183,0.05006252194521991,0.036604814089826784,0.04835710313726542,0.03829818662329605,0.026868782211323446,0.03192926313334339,0.005859375,0.004026470337517247,0.03756910949545184,0.021506558149946522,0.030289184412638327,0.023212625632821705,0.005694288959809864,0.01179984958358845,0.014084184669781208,0.008400708268596315,0.008400708268596315,0.01019561182510796,0.015746597164645604,0.0027621358640099515,0.011430371006562134,0.006905339660024878,0.020108652619115236,0.01284467425582608,0.019384212149686726,0.004026470337517247,0.041120123577006444,0.022881590847382775,0.005258950006967289,0.011388577919619728,0.013282686043686957,0.0021836601342771385,0.00834375365753665,0.007109482313750506,0.009264485332524549,0.009765625,0.007437278423695223,0.0068359375,0.015254393898255184,0.0021836601342771385,0.0065509804028314154,0.010918300671385692,0.007042092334890604,0.010918300671385692,0.09814331661250869,0.003088161777508183,0.007437278423695223,0.0048828125,0.007042092334890604,0.0041432037960149265,0.013879560940968648,0.006905339660024878,0.007437278423695223,0.004979511243742954,0.007437278423695223,0.0013810679320049757,0.010054326309557618,0.006905339660024878,0.015440808887540914,0.016630260122975003,0.007873298582322802,0.01179984958358845,0.011430371006562134,0.004367320268554277,0.013982247132105814,0.005258950006967289,0.0027621358640099515,0.007437278423695223,0.013101960805662831,0.0065509804028314154,0.012352647110032733,0.0029296875,0.001953125,0.022777155839239456,0.001953125,0.0009765625,0.024119314521930602,0.009003461384075085,0.003521046167445302,0.016630260122975003,0.0021836601342771385,0.0013810679320049757,0.0021836601342771385,0.0009765625,0.0041432037960149265,0.005524271728019903,0.005258950006967289,0.0021836601342771385,0.005859375,0.005258950006967289,0.007873298582322802,0.009212872199274027,0.005940197783494355,0.0029296875,0.0009765625,0.0048828125,0.02315091717017519,0.009003461384075085,0.0029296875,0.005694288959809864,0.006905339660024878,0.003088161777508183,0.0192608231673008,0.006176323555016366,0.001953125,0.011388577919619728,0.003521046167445302,0.0041432037960149265,0.0009765625,1,1,0.0
19.53125,9.746753692626953,6.0,0.24365481734275818,2.3955540657043457,3.125,16.778627395629883,8.415639877319336,0.78125,0.5335994362831116,0.028936587274074554,878.0,12385.0,4683600.0,14.10592269897461,0.22274574637413025,1.0194255113601685,3.6367828845977783,0.00014223865582607687,0.0,0.12396597117185593,910,856,813,830,893,875,890,952,923,924,861,890,912,844,890,877,875,842,839,872,967,953,939,971,953,971,954,983,973,922,862,926,983,942,918,941,1004,986,959,955,1016,975,936,942,1035,992,953,1024,1049,1005,957,937,863,826,764,829,824,860,902,967,1050,1003,953,988,1004,968,952,952,920,923,889,957,974,943,906,909,941,874,829,811,861,863,890,927,928,815,815,844,862,842,812,858,935,936,910,921,890,877,845,894,924,848,872,889,905,864,844,861,939,873,827,874,844,831,814,860,895,873,824,889,955,970,971,972,1038,1001,974,954,991,944,940,960,1052,1038,969,1017,1024,1004,952,925,908,911,895,926,891,890,859,904,990,971,908,1003,984,956,971,1003,988,1005,970,984,986,985,910,909,950,907,874,859,896,862,826,842,908,832,890,967,989,984,919,910,921,844,813,840,826,863,860,969,1003,935,951,955,999,1016,970,952,926,859,855,893,861,875,846,907,975,942,893,925,911,873,890,907,941,906,924,943,987,950,919,909,958,939,877,911,905,840,815,846,846,862,874,910,888,894,890,920,955,908,872,967,952,904,872,888,904,936,956,1003,1051,1034,985,1002,1022,971,973,1000,0.00244140625,0.006176323555016366,0.09556850385049803,0.09462583239654107,0.04130524605968086,0.05306788347341221,0.06080621123460194,0.037186392118476116,0.08541433439714796,0.09698991420261825,0.029877067462457725,0.027793455997573647,0.05781546920162377,0.022651198251451565,0.07746301568379664,0.027010384152225255,0.05996125559769044,0.029700988917471777,0.09728934982993787,0.014517645261053229,0.06641343021843478,0.037695818487536684,0.03385729652999944,0.03066468450802262,0.039499508625306025,0.021439939843847802,0.005940197783494355,0.014517645261053229,0.0283875817456028,0.01284467425582608,0.03768316676088816,0.021417687694786434,0.007873298582322802,0.0166015625,0.01953125,0.013101960805662831,0.006253051013118016,0.0126953125,0.015254393898255184,0.005694288959809864,0.009264485332524549,0.004979511243742954,0.021683206358568866,0.014517645261053229,0.01953125,0.004026470337517247,0.040700519500341224,0.021683206358568866,0.0068359375,0.008734640537108554,0.010054326309557618,0.0048828125,0.005859375,0.00966747552403483,0.010563138502335907,0.010918300671385692,0.007873298582322802,0.0048828125,0.015746597164645604,0.0021836601342771385,0.007873298582322802,0.011134525635733769,0.005694288959809864,0.009264485332524549,0.09610585702440061,0.004979511243742954,0.009765625,0.003521046167445302,0.005694288959809864,0.003088161777508183,0.012506102026236032,0.0048828125,0.009765625,0.003088161777508183,0.0048828125,0.0048828125,0.007873298582322802,0.010054326309557618,0.016630260122975003,0.013982247132105814,0.006253051013118016,0.009003461384075085,0.013282686043686957,0.007437278423695223,0.01528562093993997,0.003088161777508183,0.00390625,0.009814331661250869,0.012352647110032733,0.005524271728019903,0.01188039556698871,0.003521046167445302,0.004026470337517247,0.02315091717017519,0.0013810679320049757,0.0021836601342771385,0.024647323172117114,0.009814331661250869,0.003521046167445302,0.01680141653719263,0.003088161777508183,0.001953125,0.001953125,0.0009765625,0.005694288959809864,0.004026470337517247,0.004367320268554277,0.0009765625,0.0065509804028314154,0.0021836601342771385,0.0068359375,0.009212872199274027,0.008052940675034493,0.0021836601342771385,0.003521046167445302,0.005940197783494355,0.025031260972609954,0.01019561182510796,0.003521046167445302,0.007042092334890604,0.004979511243742954,0.0027621358640099515,0.017578125,0.006253051013118016,0.0009765625,0.009003461384075085,0.0021836601342771385,0.00390625,0.0,1,1,0.0
19.53125,9.704179763793945,7.0,0.3000611960887909,2.0899853706359863,3.515625,13.344602584838867,8.697159767150879,7.03125,0.47342032194137573,0.028555061668157578,855.0,9925.0,4460719.5,11.608186721801758,0.22651848196983337,1.0061841011047363,3.3297767639160156,0.0002283084177179262,-17.96875,0.129146546125412,969,909,873,894,927,841,878,910,910,856,813,830,893,875,890,952,923,924,861,890,912,844,890,877,875,842,839,872,967,953,939,971,953,971,954,983,973,922,862,926,983,942,918,941,1004,986,959,955,1016,975,936,942,1035,992,953,1024,1049,1005,957,937,863,826,764,829,824,860,902,967,1050,1003,953,988,1004,968,952,952,920,923,889,957,974,943,906,909,941,874,829,811,861,863,890,927,928,815,815,844,862,842,812,858,935,936,910,921,890,877,845,894,924,848,872,889,905,864,844,861,939,873,827,874,844,831,814,860,895,873,824,889,955,970,971,972,1038,1001,974,954,991,944,940,960,1052,1038,969,1017,1024,1004,952,925,908,911,895,926,891,890,859,904,990,971,908,1003,984,956,971,1003,988,1005,970,984,986,985,910,909,950,907,874,859,896,862,826,842,908,832,890,967,989,984,919,910,921,844,813,840,826,863,860,969,1003,935,951,955,999,1016,970,952,926,859,855,893,861,875,846,907,975,942,893,925,911,873,890,907,941,906,924,943,987,950,919,909,958,939,877,911,905,840,815,846,846,862,874,910,888,894,890,920,955,908,872,967,952,904,872,888,904,936,956,1003,0.001953125,0.018961413905222265,0.0982889659381729,0.10797973047004152,0.023619895746968406,0.04074735555668958,0.03936649291161401,0.022482157096135425,0.06977469014803223,0.10401651368714925,0.01171875,0.007042092334890604,0.07144941298375135,0.028437929255002024,0.07037350868826746,0.02108108705558877,0.047037478823407405,0.014680953494504793,0.09073626823677045,0.023518739411703703,0.058675073772655476,0.04280196679845923,0.03828573395295441,0.025633603024231812,0.033260520245950005,0.029264304812054096,0.007873298582322802,0.016105881350068987,0.024724587697601882,0.013810679320049757,0.04088754182706703,0.02315091717017519,0.007873298582322802,0.01800692276815017,0.018961413905222265,0.01284467425582608,0.007109482313750506,0.011920464468489943,0.015440808887540914,0.003088161777508183,0.0126953125,0.008734640537108554,0.01800692276815017,0.0126953125,0.020320949264340638,0.005940197783494355,0.03866990209613932,0.02510734400816883,0.006253051013118016,0.013810679320049757,0.015746597164645604,0.0029296875,0.01019561182510796,0.004979511243742954,0.010563138502335907,0.011048543456039806,0.005524271728019903,0.005940197783494355,0.012732817197661424,0.004367320268554277,0.004979511243742954,0.013566839833447074,0.006176323555016366,0.0126953125,0.0973873250308281,0.004367320268554277,0.007873298582322802,0.005258950006967289,0.007873298582322802,0.004367320268554277,0.01188039556698871,0.005694288959809864,0.007042092334890604,0.00390625,0.007873298582322802,0.0027621358640099515,0.007873298582322802,0.007627196949127592,0.014517645261053229,0.016858082521125067,0.007627196949127592,0.009959022487485907,0.014874556847390447,0.006253051013118016,0.0170549308560283,0.0009765625,0.005694288959809864,0.010786485368346935,0.01019561182510796,0.0027621358640099515,0.010381001770248682,0.005258950006967289,0.0041432037960149265,0.022545696055889054,0.001953125,0.0021836601342771385,0.025465634395322848,0.00834375365753665,0.004026470337517247,0.016370170521718956,0.0027621358640099515,0.001953125,0.003521046167445302,0.0009765625,0.0041432037960149265,0.004979511243742954,0.004367320268554277,0.0021836601342771385,0.004979511243742954,0.004367320268554277,0.006253051013118016,0.006253051013118016,0.005694288959809864,0.0009765625,0.004026470337517247,0.004367320268554277,0.02378085090212094,0.011388577919619728,0.004979511243742954,0.01019561182510796,0.003088161777508183,0.004026470337517247,0.017469281074217108,0.004367320268554277,0.0013810679320049757,0.009003461384075085,0.003521046167445302,0.003521046167445302,0.0,1,1,0.0
25.0,9.964359283447266,7.0,0.27327045798301697,1.9325741529464722,3.515625,17.52505111694336,8.984526634216309,1.171875,0.4789166748523712,0.027655864134430885,802.0,12226.0,4670583.0,15.244388580322266,0.24781283736228943,1.07765531539917,3.846308469772339,0.00015570412506349385,0.0,0.1353243738412857,1035,1002,989,1020,1049,988,991,940,969,909,873,894,927,841,878,910,910,856,813,830,893,875,890,952,923,924,861,890,912,844,890,877,875,842,839,872,967,953,939,971,953,971,954,983,973,922,862,926,983,942,918,941,1004,986,959,955,1016,975,936,942,1035,992,953,1024,1049,1005,957,937,863,826,764,829,824,860,902,967,1050,1003,953,988,1004,968,952,952,920,923,889,957,974,943,906,909,941,874,829,811,861,863,890,927,928,815,815,844,862,842,812,858,935,936,910,921,890,877,845,894,924,848,872,889,905,864,844,861,939,873,827,874,844,831,814,860,895,873,824,889,955,970,971,972,1038,1001,974,954,991,944,940,960,1052,1038,969,1017,1024,1004,952,925,908,911,895,926,891,890,859,904,990,971,908,1003,984,956,971,1003,988,1005,970,984,986,985,910,909,950,907,874,859,896,862,826,842,908,832,890,967,989,984,919,910,921,844,813,840,826,863,860,969,1003,935,951,955,999,1016,970,952,926,859,855,893,861,875,846,907,975,942,893,925,911,873,890,907,941,906,924,943,987,950,919,909,958,939,877,911,905,840,815,846,846,862,874,910,888,894,890,920,955,908,872,967,0.0009765625,0.006253051013118016,0.08711134561952612,0.10755496017389347,0.02681548870653512,0.06064130740726572,0.058267319883501166,0.04226383790699688,0.05490504998777577,0.12343765451928619,0.026565372087373914,0.01800692276815017,0.07529670518047357,0.03601384553630034,0.07366414908455511,0.029313146523053973,0.03936649291161401,0.005258950006967289,0.07839917709541523,0.03066468450802262,0.0639033130819644,0.05623507831596863,0.03176456243611444,0.0146484375,0.04447381850287383,0.023047702580480365,0.01516032685181643,0.0224609375,0.026294750034836445,0.010381001770248682,0.03549371454177001,0.018425744398548053,0.007627196949127592,0.011759369705851851,0.01516032685181643,0.010054326309557618,0.01019561182510796,0.01179984958358845,0.018961413905222265,0.004367320268554277,0.01284467425582608,0.009618025197066508,0.01800692276815017,0.010918300671385692,0.018961413905222265,0.0048828125,0.04026470337517247,0.024433585943743757,0.005524271728019903,0.013706707859002147,0.01589728573837862,0.0,0.009264485332524549,0.006905339660024878,0.011759369705851851,0.011430371006562134,0.005258950006967289,0.005694288959809864,0.014084184669781208,0.0021836601342771385,0.007109482313750506,0.0107421875,0.008400708268596315,0.011430371006562134,0.09932653624899368,0.003088161777508183,0.005258950006967289,0.007437278423695223,0.009959022487485907,0.007109482313750506,0.01019561182510796,0.005694288959809864,0.009003461384075085,0.001953125,0.005258950006967289,0.0048828125,0.0065509804028314154,0.009814331661250869,0.01589728573837862,0.015655487833868553,0.007627196949127592,0.010786485368346935,0.0126953125,0.005258950006967289,0.016016815885602272,0.003088161777508183,0.006905339660024878,0.010786485368346935,0.009264485332524549,0.0027621358640099515,0.010517900013934578,0.006176323555016366,0.004979511243742954,0.022482157096135425,0.0021836601342771385,0.0021836601342771385,0.025202124805788945,0.008400708268596315,0.0029296875,0.016105881350068987,0.003088161777508183,0.0013810679320049757,0.0021836601342771385,0.0009765625,0.0048828125,0.0048828125,0.004979511243742954,0.0027621358640099515,0.006253051013118016,0.003521046167445302,0.007437278423695223,0.007437278423695223,0.005258950006967289,0.003088161777508183,0.003521046167445302,0.0029296875,0.02229045353615884,0.012732817197661424,0.007873298582322802,0.011134525635733769,0.0013810679320049757,0.005940197783494355,0.018165112536853784,0.003088161777508183,0.003088161777508183,0.008400708268596315,0.005859375,0.0048828125,0.001953125,1,1,0.0
22.65625,9.8024320602417,7.0,0.2585846185684204,2.207531690597534,1.171875,22.628032684326172,8.714268684387207,3.515625,0.5102671384811401,0.028671715408563614,862.0,15977.0,5303984.5,18.53480339050293,0.23114827275276184,1.3171476125717163,4.209318161010742,3.623155498644337e-05,0.0,0.13331909477710724,968,969,954,974,973,1002,984,992,1035,1002,989,1020,1049,988,991,940,969,909,873,894,927,841,878,910,910,856,813,830,893,875,890,952,923,924,861,890,912,844,890,877,875,842,839,872,967,953,939,971,953,971,954,983,973,922,862,926,983,942,918,941,1004,986,959,955,1016,975,936,942,1035,992,953,1024,1049,1005,957,937,863,826,764,829,824,860,902,967,1050,1003,953,988,1004,968,952,952,920,923,889,957,974,943,906,909,941,874,829,811,861,863,890,927,928,815,815,844,862,842,812,858,935,936,910,921,890,877,845,894,924,848,872,889,905,864,844,861,939,873,827,874,844,831,814,860,895,873,824,889,955,970,971,972,1038,1001,974,954,991,944,940,960,1052,1038,969,1017,1024,1004,952,925,908,911,895,926,891,890,859,904,990,971,908,1003,984,956,971,1003,988,1005,970,984,986,985,910,909,950,907,874,859,896,862,826,842,908,832,890,967,989,984,919,910,921,844,813,840,826,863,860,969,1003,935,951,955,999,1016,970,952,926,859,855,893,861,875,846,907,975,942,893,925,911,873,890,907,941,906,924,943,987,950,919,909,958,939,877,911,905,840,815,846,846,862,874,910,0.0009765625,0.020600608505594715,0.07580163425908215,0.1189483592076962,0.02833714478231818,0.07250277809871322,0.06134491708804457,0.04673236763283359,0.04530239650290313,0.12514106420239135,0.021417687694786434,0.01179984958358845,0.08214742517505114,0.03813598474563796,0.06584378058999052,0.019773883526676354,0.04438796163032622,0.008286407592029853,0.08479802088317348,0.028920103310470405,0.05747632409985219,0.052344114387724204,0.036812650048771024,0.014874556847390447,0.0412127887617367,0.02708090746848056,0.01589728573837862,0.023840928936979887,0.026294750034836445,0.009003461384075085,0.03623823303765522,0.01886055460530075,0.007873298582322802,0.013982247132105814,0.01760523083722651,0.010918300671385692,0.007042092334890604,0.008734640537108554,0.016630260122975003,0.001953125,0.01760523083722651,0.015254393898255184,0.01179984958358845,0.005694288959809864,0.014517645261053229,0.004367320268554277,0.045908825287277966,0.018961413905222265,0.0048828125,0.0068359375,0.00966747552403483,0.007437278423695223,0.005940197783494355,0.007873298582322802,0.006905339660024878,0.009003461384075085,0.007437278423695223,0.009003461384075085,0.00966747552403483,0.0068359375,0.005940197783494355,0.015191747252054731,0.0041432037960149265,0.010381001770248682,0.09707836831512241,0.003088161777508183,0.007437278423695223,0.004367320268554277,0.007627196949127592,0.005940197783494355,0.01313830473347042,0.00834375365753665,0.0048828125,0.004979511243742954,0.008843149548962322,0.005694288959809864,0.0041432037960149265,0.01179984958358845,0.01680141653719263,0.0126953125,0.003521046167445302,0.009765625,0.009959022487485907,0.003521046167445302,0.012732817197661424,0.006176323555016366,0.008286407592029853,0.009264485332524549,0.005524271728019903,0.004367320268554277,0.00834375365753665,0.010381001770248682,0.008400708268596315,0.025781989809461104,0.0029296875,0.003521046167445302,0.022881590847382775,0.010563138502335907,0.004367320268554277,0.0146484375,0.0009765625,0.0027621358640099515,0.0048828125,0.0013810679320049757,0.003521046167445302,0.00390625,0.003088161777508183,0.0,0.006176323555016366,0.003521046167445302,0.008052940675034493,0.008052940675034493,0.004979511243742954,0.0021836601342771385,0.0021836601342771385,0.0021836601342771385,0.02161713244255728,0.013566839833447074,0.00834375365753665,0.012732817197661424,0.0013810679320049757,0.0065509804028314154,0.01800692276815017,0.00390625,0.004367320268554277,0.007873298582322802,0.007109482313750506,0.005694288959809864,0.0029296875,1,1,0.0
18.359375,9.7162504196167,6.0,0.2450415939092636,2.4274649620056152,1.171875,24.332889556884766,8.41881275177002,3.515625,0.5346910953521729,0.028953060507774353,879.0,16421.0,5884404.0,18.681455612182617,0.22026729583740234,1.1068347692489624,4.397398948669434,3.5544180718716234e-05,0.0,0.13126333057880402,872,892,872,840,876,859,823,937,968,969,954,974,973,1002,984,992,1035,1002,989,1020,1049,988,991,940,969,909,873,894,927,841,878,910,910,856,813,830,893,875,890,952,923,924,861,890,912,844,890,877,875,842,839,872,967,953,939,971,953,971,954,983,973,922,862,926,983,942,918,941,1004,986,959,955,1016,975,936,942,1035,992,953,1024,1049,1005,957,937,863,826,764,829,824,860,902,967,1050,1003,953,988,1004,968,952,952,920,923,889,957,974,943,906,909,941,874,829,811,861,863,890,927,928,815,815,844,862,842,812,858,935,936,910,921,890,877,845,894,924,848,872,889,905,864,844,861,939,873,827,874,844,831,814,860,895,873,824,889,955,970,971,972,1038,1001,974,954,991,944,940,960,1052,1038,969,1017,1024,1004,952,925,908,911,895,926,891,890,859,904,990,971,908,1003,984,956,971,1003,988,1005,970,984,986,985,910,909,950,907,874,859,896,862,826,842,908,832,890,967,989,984,919,910,921,844,813,840,826,863,860,969,1003,935,951,955,999,1016,970,952,926,859,855,893,861,875,846,907,975,942,893,925,911,873,890,907,941,906,924,943,987,950,919,909,958,939,877,911,0.00146484375,0.020600608505594715,0.07539163697507337,0.11946437186466738,0.027621358640099514,0.07163603490270823,0.06036546664267809,0.044921875,0.04627092867375834,0.12363836628521012,0.021506558149946522,0.011430371006562134,0.08035157199501645,0.036461239653504826,0.06664994347949826,0.02132844694125152,0.044538102542935075,0.008052940675034493,0.08204287492034462,0.02627660946694084,0.05985778484657014,0.04971844555217912,0.037314400731528904,0.018961413905222265,0.03813598474563796,0.029700988917471777,0.017387200990981306,0.026294750034836445,0.022651198251451565,0.005940197783494355,0.035907766232129365,0.016370170521718956,0.008734640537108554,0.011048543456039806,0.0166875073150733,0.013879560940968648,0.009003461384075085,0.013282686043686957,0.012236293052872722,0.005258950006967289,0.018961413905222265,0.01878455474772592,0.008052940675034493,0.004026470337517247,0.012506102026236032,0.007437278423695223,0.04979511243742954,0.015440808887540914,0.007627196949127592,0.006253051013118016,0.009814331661250869,0.0065509804028314154,0.007627196949127592,0.005694288959809864,0.00834375365753665,0.009264485332524549,0.0065509804028314154,0.007873298582322802,0.011388577919619728,0.007627196949127592,0.004026470337517247,0.01589728573837862,0.0027621358640099515,0.009264485332524549,0.09594695501301503,0.003088161777508183,0.006176323555016366,0.007109482313750506,0.010918300671385692,0.009003461384075085,0.01019561182510796,0.004026470337517247,0.009003461384075085,0.003521046167445302,0.008286407592029853,0.001953125,0.008052940675034493,0.009765625,0.013566839833447074,0.013879560940968648,0.0009765625,0.008052940675034493,0.007873298582322802,0.006253051013118016,0.009212872199274027,0.010563138502335907,0.013601941676937616,0.013982247132105814,0.001953125,0.00390625,0.01313830473347042,0.008400708268596315,0.006176323555016366,0.0244140625,0.0013810679320049757,0.0021836601342771385,0.025202124805788945,0.010054326309557618,0.0021836601342771385,0.016105881350068987,0.0027621358640099515,0.003521046167445302,0.005258950006967289,0.003088161777508183,0.003088161777508183,0.004979511243742954,0.004367320268554277,0.0009765625,0.007109482313750506,0.0021836601342771385,0.0068359375,0.009814331661250869,0.004979511243742954,0.003088161777508183,0.0021836601342771385,0.0021836601342771385,0.020967686087484266,0.01441877251975918,0.009003461384075085,0.01284467425582608,0.0013810679320049757,0.007042092334890604,0.01800692276815017,0.003521046167445302,0.004367320268554277,0.007873298582322802,0.006253051013118016,0.004979511243742954,0.0029296875,1,1,0.0
18.359375,9.83447551727295,6.0,0.24358341097831726,2.367485761642456,1.171875,24.623573303222656,8.519877433776855,3.515625,0.5317930579185486,0.028787896037101746,869.0,16029.0,5700929.0,18.44533920288086,0.22462354600429535,1.0710992813110352,4.420702934265137,8.090978371910751e-05,0.0,0.13234476745128632,937,875,841,858,847,858,847,890,872,892,872,840,876,859,823,937,968,969,954,974,973,1002,984,992,1035,1002,989,1020,1049,988,991,940,969,909,873,894,927,841,878,910,910,856,813,830,893,875,890,952,923,924,861,890,912,844,890,877,875,842,839,872,967,953,939,971,953,971,954,983,973,922,862,926,983,942,918,941,1004,986,959,955,1016,975,936,942,1035,992,953,1024,1049,1005,957,937,863,826,764,829,824,860,902,967,1050,1003,953,988,1004,968,952,952,920,923,889,957,974,943,906,909,941,874,829,811,861,863,890,927,928,815,815,844,862,842,812,858,935,936,910,921,890,877,845,894,924,848,872,889,905,864,844,861,939,873,827,874,844,831,814,860,895,873,824,889,955,970,971,972,1038,1001,974,954,991,944,940,960,1052,1038,969,1017,1024,1004,952,925,908,911,895,926,891,890,859,904,990,971,908,1003,984,956,971,1003,988,1005,970,984,986,985,910,909,950,907,874,859,896,862,826,842,908,832,890,967,989,984,919,910,921,844,813,840,826,863,860,969,1003,935,951,955,999,1016,970,952,926,859,855,893,861,875,846,907,975,942,893,925,911,873,890,907,941,906,924,943,0.001953125,0.007627196949127592,0.0896365222201456,0.1059243991369294,0.04033569614856129,0.08399005249704891,0.07345022537685066,0.056581663815902246,0.04026470337517247,0.12092036478253208,0.01188039556698871,0.003088161777508183,0.07091350132668783,0.02489755621871477,0.07871481457572904,0.033203125,0.03847210078826603,0.013282686043686957,0.07313142666737912,0.01792730444402912,0.06608954810815872,0.04130524605968086,0.04324529262789947,0.02510734400816883,0.0341098617120566,0.03527810911755555,0.024119314521930602,0.030835260554388563,0.027621358640099514,0.011430371006562134,0.0318844291353799,0.020600608505594715,0.005524271728019903,0.014517645261053229,0.017686299097924643,0.012236293052872722,0.007109482313750506,0.011134525635733769,0.013810679320049757,0.003521046167445302,0.0192608231673008,0.01760523083722651,0.007437278423695223,0.003088161777508183,0.013028968812623373,0.006253051013118016,0.04841623146968961,0.01708286687942959,0.0048828125,0.006253051013118016,0.0087890625,0.0068359375,0.005258950006967289,0.009003461384075085,0.0065509804028314154,0.010054326309557618,0.0068359375,0.00834375365753665,0.009003461384075085,0.0048828125,0.005859375,0.012352647110032733,0.006176323555016366,0.012352647110032733,0.09522861478939527,0.005694288959809864,0.008400708268596315,0.0048828125,0.009264485332524549,0.010563138502335907,0.01019561182510796,0.006253051013118016,0.010563138502335907,0.003088161777508183,0.005940197783494355,0.0009765625,0.010563138502335907,0.009212872199274027,0.012079411012551739,0.015776850020901866,0.003088161777508183,0.009003461384075085,0.007109482313750506,0.007042092334890604,0.009618025197066508,0.010918300671385692,0.013706707859002147,0.014778072217208551,0.0029296875,0.0021836601342771385,0.012236293052872722,0.007873298582322802,0.005694288959809864,0.02417855156863271,0.0013810679320049757,0.0021836601342771385,0.0244140625,0.009618025197066508,0.0029296875,0.016164985700436375,0.0021836601342771385,0.0029296875,0.003521046167445302,0.001953125,0.004367320268554277,0.005940197783494355,0.005524271728019903,0.0021836601342771385,0.0048828125,0.001953125,0.007109482313750506,0.010786485368346935,0.004979511243742954,0.005258950006967289,0.003088161777508183,0.0021836601342771385,0.022032254243512652,0.01284467425582608,0.0065509804028314154,0.011134525635733769,0.0027621358640099515,0.0065509804028314154,0.01800692276815017,0.0041432037960149265,0.004979511243742954,0.009765625,0.005940197783494355,0.005940197783494355,0.0009765625,1,1,0.0
17.96875,9.75330924987793,8.0,0.24172453582286835,2.391343593597412,1.171875,19.185243606567383,8.341500282287598,3.515625,0.5346840023994446,0.02910090796649456,888.0,15332.0,5365515.5,17.265766143798828,0.22359146177768707,1.303187370300293,3.858323335647583,0.00014063461276236922,0.0,0.1297057867050171,1002,952,923,922,958,955,905,938,937,875,841,858,847,858,847,890,872,892,872,840,876,859,823,937,968,969,954,974,973,1002,984,992,1035,1002,989,1020,1049,988,991,940,969,909,873,894,927,841,878,910,910,856,813,830,893,875,890,952,923,924,861,890,912,844,890,877,875,842,839,872,967,953,939,971,953,971,954,983,973,922,862,926,983,942,918,941,1004,986,959,955,1016,975,936,942,1035,992,953,1024,1049,1005,957,937,863,826,764,829,824,860,902,967,1050,1003,953,988,1004,968,952,952,920,923,889,957,974,943,906,909,941,874,829,811,861,863,890,927,928,815,815,844,862,842,812,858,935,936,910,921,890,877,845,894,924,848,872,889,905,864,844,861,939,873,827,874,844,831,814,860,895,873,824,889,955,970,971,972,1038,1001,974,954,991,944,940,960,1052,1038,969,1017,1024,1004,952,925,908,911,895,926,891,890,859,904,990,971,908,1003,984,956,971,1003,988,1005,970,984,986,985,910,909,950,907,874,859,896,862,826,842,908,832,890,967,989,984,919,910,921,844,813,840,826,863,860,969,1003,935,951,955,999,1016,970,952,926,859,855,893,861,875,846,907,975,942,893,925,0.00244140625,0.015776850020901866,0.08074229143982183,0.10938371896051446,0.034938562148434216,0.07740143445482171,0.07717315664113417,0.06247710762391919,0.031035641761856844,0.12733191686777773,0.016370170521718956,0.011134525635733769,0.06687136060847652,0.01727715430952552,0.086963425237864,0.03984805813106087,0.04216217411117754,0.0192608231673008,0.07381934058189163,0.013982247132105814,0.0603970550627587,0.04200354134298158,0.04316803926816473,0.019236050394133015,0.03798564519292329,0.03066468450802262,0.01878455474772592,0.028721564784868637,0.023457836229422487,0.009212872199274027,0.030289184412638327,0.02157297073669387,0.001953125,0.01792730444402912,0.0208765218031562,0.010918300671385692,0.0078125,0.010054326309557618,0.01589728573837862,0.004026470337517247,0.017387200990981306,0.01953125,0.005258950006967289,0.003088161777508183,0.008400708268596315,0.005694288959809864,0.04574233761183738,0.020899350155305366,0.003088161777508183,0.009264485332524549,0.0068359375,0.010381001770248682,0.005258950006967289,0.010381001770248682,0.010054326309557618,0.013982247132105814,0.003088161777508183,0.003521046167445302,0.013101960805662831,0.0048828125,0.003088161777508183,0.01680141653719263,0.001953125,0.0087890625,0.09796825159362854,0.0013810679320049757,0.0068359375,0.004367320268554277,0.006905339660024878,0.007873298582322802,0.013879560940968648,0.008286407592029853,0.009264485332524549,0.0009765625,0.004026470337517247,0.0021836601342771385,0.010918300671385692,0.008843149548962322,0.010786485368346935,0.015746597164645604,0.004026470337517247,0.008734640537108554,0.007042092334890604,0.007873298582322802,0.009264485332524549,0.011759369705851851,0.014906579611790769,0.014517645261053229,0.0048828125,0.0009765625,0.01188039556698871,0.008400708268596315,0.006905339660024878,0.02489755621871477,0.0009765625,0.0009765625,0.023294649300540163,0.008052940675034493,0.0029296875,0.01680141653719263,0.003521046167445302,0.00390625,0.0065509804028314154,0.003521046167445302,0.003088161777508183,0.004979511243742954,0.004026470337517247,0.0,0.005258950006967289,0.003088161777508183,0.006253051013118016,0.009264485332524549,0.0068359375,0.0048828125,0.0021836601342771385,0.0009765625,0.021683206358568866,0.013879560940968648,0.007109482313750506,0.009212872199274027,0.004367320268554277,0.004979511243742954,0.016164985700436375,0.005258950006967289,0.007627196949127592,0.01179984958358845,0.005694288959809864,0.006253051013118016,0.0,1,1,0.0
18.75,9.766302108764648,7.0,0.24930037558078766,2.3827931880950928,1.171875,22.609088897705078,8.401912689208984,3.515625,0.5287825465202332,0.02923169918358326,896.0,17001.0,5851287.5,18.97433090209961,0.22191709280014038,1.355093240737915,4.179654598236084,0.00021795039356220514,0.0,0.11952947080135345,973,937,891,889,975,968,984,967,1002,952,923,922,958,955,905,938,937,875,841,858,847,858,847,890,872,892,872,840,876,859,823,937,968,969,954,974,973,1002,984,992,1035,1002,989,1020,1049,988,991,940,969,909,873,894,927,841,878,910,910,856,813,830,893,875,890,952,923,924,861,890,912,844,890,877,875,842,839,872,967,953,939,971,953,971,954,983,973,922,862,926,983,942,918,941,1004,986,959,955,1016,975,936,942,1035,992,953,1024,1049,1005,957,937,863,826,764,829,824,860,902,967,1050,1003,953,988,1004,968,952,952,920,923,889,957,974,943,906,909,941,874,829,811,861,863,890,927,928,815,815,844,862,842,812,858,935,936,910,921,890,877,845,894,924,848,872,889,905,864,844,861,939,873,827,874,844,831,814,860,895,873,824,889,955,970,971,972,1038,1001,974,954,991,944,940,960,1052,1038,969,1017,1024,1004,952,925,908,911,895,926,891,890,859,904,990,971,908,1003,984,956,971,1003,988,1005,970,984,986,985,910,909,950,907,874,859,896,862,826,842,908,832,890,967,989,984,919,910,921,844,813,840,826,863,860,969,1003,935,951,955,999,1016,970,952,926,859,855,893,0.0009765625,0.025947910655442233,0.07295516677976469,0.10938371896051446,0.03633022507370757,0.08072457249192408,0.08773858377037579,0.0727719278225052,0.03179457147675724,0.12033928907314063,0.009212872199274027,0.010517900013934578,0.06385852626668678,0.0235996991671769,0.07972004543733809,0.03232997140087275,0.03989589495276464,0.013982247132105814,0.071128350525899,0.0146484375,0.0642530630843593,0.0375183060787081,0.047731833632226314,0.01800692276815017,0.04323426488511456,0.027203883353875233,0.014906579611790769,0.027621358640099514,0.018961413905222265,0.011134525635733769,0.02681548870653512,0.02734375,0.0048828125,0.023294649300540163,0.02108108705558877,0.00390625,0.016016815885602272,0.01760523083722651,0.011759369705851851,0.011920464468489943,0.02627660946694084,0.025409398107925172,0.009618025197066508,0.005694288959809864,0.0146484375,0.0048828125,0.04696646350160566,0.015776850020901866,0.007873298582322802,0.004026470337517247,0.011388577919619728,0.0048828125,0.004026470337517247,0.011759369705851851,0.0048828125,0.011430371006562134,0.007042092334890604,0.004979511243742954,0.013982247132105814,0.0029296875,0.0021836601342771385,0.017820593350483065,0.001953125,0.009264485332524549,0.09692106074843364,0.0021836601342771385,0.006905339660024878,0.004979511243742954,0.008400708268596315,0.008400708268596315,0.011920464468489943,0.006253051013118016,0.007873298582322802,0.0021836601342771385,0.00390625,0.00390625,0.012506102026236032,0.005859375,0.008052940675034493,0.018961413905222265,0.007437278423695223,0.01313830473347042,0.0027621358640099515,0.00390625,0.012079411012551739,0.008052940675034493,0.01242961138804478,0.013601941676937616,0.001953125,0.004026470337517247,0.013028968812623373,0.005940197783494355,0.0048828125,0.024705294220065465,0.001953125,0.001953125,0.023294649300540163,0.0078125,0.0029296875,0.0166015625,0.001953125,0.0027621358640099515,0.0048828125,0.003088161777508183,0.004026470337517247,0.007109482313750506,0.004367320268554277,0.003088161777508183,0.00834375365753665,0.0048828125,0.007873298582322802,0.006905339660024878,0.009959022487485907,0.005940197783494355,0.004026470337517247,0.003521046167445302,0.021506558149946522,0.01284467425582608,0.005258950006967289,0.007437278423695223,0.006253051013118016,0.009003461384075085,0.019555648822754675,0.003088161777508183,0.004979511243742954,0.011430371006562134,0.005258950006967289,0.004367320268554277,0.001953125,1,1,0.0
18.359375,9.838232040405273,7.0,0.23528079688549042,2.3245627880096436,1.171875,19.276628494262695,8.46506404876709,3.515625,0.5346981883049011,0.029248006641864777,897.0,15185.0,5445324.0,16.928651809692383,0.23002098500728607,1.210345983505249,3.879035234451294,3.4833192330552265e-05,0.0,0.13295111060142517,958,954,938,1004,1037,1002,928,972,973,937,891,889,975,968,984,967,1002,952,923,922,958,955,905,938,937,875,841,858,847,858,847,890,872,892,872,840,876,859,823,937,968,969,954,974,973,1002,984,992,1035,1002,989,1020,1049,988,991,940,969,909,873,894,927,841,878,910,910,856,813,830,893,875,890,952,923,924,861,890,912,844,890,877,875,842,839,872,967,953,939,971,953,971,954,983,973,922,862,926,983,942,918,941,1004,986,959,955,1016,975,936,942,1035,992,953,1024,1049,1005,957,937,863,826,764,829,824,860,902,967,1050,1003,953,988,1004,968,952,952,920,923,889,957,974,943,906,909,941,874,829,811,861,863,890,927,928,815,815,844,862,842,812,858,935,936,910,921,890,877,845,894,924,848,872,889,905,864,844,861,939,873,827,874,844,831,814,860,895,873,824,889,955,970,971,972,1038,1001,974,954,991,944,940,960,1052,1038,969,1017,1024,1004,952,925,908,911,895,926,891,890,859,904,990,971,908,1003,984,956,971,1003,988,1005,970,984,986,985,910,909,950,907,874,859,896,862,826,842,908,832,890,967,989,984,919,910,921,844,813,840,826,863,860,969,1003,935,951,955,0.0009765625,0.03363120187055188,0.0703125,0.10878923782526267,0.04296875,0.08629188294677548,0.09570810733204388,0.07692560778635929,0.03951157875809357,0.11056309233960179,0.001953125,0.007873298582322802,0.07109482313750506,0.03155370004180373,0.07485846834662813,0.03521046167445302,0.029652786036501906,0.021836601342771385,0.06176323555016366,0.004367320268554277,0.06090807081840889,0.038989189018900645,0.049071658306254345,0.006905339660024878,0.04509139211177811,0.029523860269201122,0.0205078125,0.04007477447008436,0.02883754503951836,0.020600608505594715,0.021439939843847802,0.0300838316420886,0.009003461384075085,0.01313830473347042,0.012236293052872722,0.013671875,0.007627196949127592,0.009765625,0.0166875073150733,0.0009765625,0.01589728573837862,0.021126277004671814,0.0013810679320049757,0.005694288959809864,0.005940197783494355,0.004367320268554277,0.0377211092106015,0.024492062898407135,0.008400708268596315,0.003088161777508183,0.010918300671385692,0.009003461384075085,0.010054326309557618,0.010381001770248682,0.0009765625,0.010563138502335907,0.010563138502335907,0.007873298582322802,0.015746597164645604,0.0029296875,0.0021836601342771385,0.019652941208494246,0.0,0.008400708268596315,0.09789521543756062,0.0021836601342771385,0.007042092334890604,0.005258950006967289,0.008843149548962322,0.007109482313750506,0.013282686043686957,0.007627196949127592,0.008052940675034493,0.0013810679320049757,0.0027621358640099515,0.003088161777508183,0.011759369705851851,0.007873298582322802,0.009212872199274027,0.01824369305885684,0.006905339660024878,0.01179984958358845,0.0048828125,0.007873298582322802,0.013601941676937616,0.007042092334890604,0.009618025197066508,0.012236293052872722,0.0009765625,0.005694288959809864,0.015440808887540914,0.004979511243742954,0.003521046167445302,0.023640075072090243,0.003088161777508183,0.0013810679320049757,0.023619895746968406,0.0078125,0.003521046167445302,0.016253239235442616,0.0027621358640099515,0.0021836601342771385,0.004979511243742954,0.003521046167445302,0.00390625,0.005258950006967289,0.0029296875,0.0013810679320049757,0.007437278423695223,0.0027621358640099515,0.00834375365753665,0.007042092334890604,0.00834375365753665,0.0048828125,0.004026470337517247,0.004367320268554277,0.02003738723504218,0.014517645261053229,0.005258950006967289,0.005694288959809864,0.007873298582322802,0.01019561182510796,0.020531050821902968,0.0021836601342771385,0.0041432037960149265,0.009765625,0.005694288959809864,0.006253051013118016,0.0,1,1,0.0
19.53125,9.826875686645508,7.0,0.214924156665802,2.4384477138519287,1.171875,15.989957809448242,8.278059005737305,3.515625,0.5567530989646912,0.029296875,900.0,12818.0,5188192.5,14.24222183227539,0.22832274436950684,1.03287672996521,3.5826523303985596,3.47113746101968e-05,0.0,0.11486094444990158,971,975,953,966,1002,935,920,986,958,954,938,1004,1037,1002,928,972,973,937,891,889,975,968,984,967,1002,952,923,922,958,955,905,938,937,875,841,858,847,858,847,890,872,892,872,840,876,859,823,937,968,969,954,974,973,1002,984,992,1035,1002,989,1020,1049,988,991,940,969,909,873,894,927,841,878,910,910,856,813,830,893,875,890,952,923,924,861,890,912,844,890,877,875,842,839,872,967,953,939,971,953,971,954,983,973,922,862,926,983,942,918,941,1004,986,959,955,1016,975,936,942,1035,992,953,1024,1049,1005,957,937,863,826,764,829,824,860,902,967,1050,1003,953,988,1004,968,952,952,920,923,889,957,974,943,906,909,941,874,829,811,861,863,890,927,928,815,815,844,862,842,812,858,935,936,910,921,890,877,845,894,924,848,872,889,905,864,844,861,939,873,827,874,844,831,814,860,895,873,824,889,955,970,971,972,1038,1001,974,954,991,944,940,960,1052,1038,969,1017,1024,1004,952,925,908,911,895,926,891,890,859,904,990,971,908,1003,984,956,971,1003,988,1005,970,984,986,985,910,909,950,907,874,859,896,862,826,842,908,832,890,967,989,984,919,910,921,844,813,840,0.0029296875,0.04543902392239001,0.07587708381418286,0.09683738716643824,0.0537109375,0.09344942865171532,0.08594304847145234,0.0647557408207047,0.03385729652999944,0.12332944365545188,0.01284467425582608,0.01589728573837862,0.05912035495181762,0.03554741156875253,0.06514484406311687,0.0244140625,0.023518739411703703,0.025390625,0.04973762335252673,0.011134525635733769,0.05869944893417468,0.046875,0.047037478823407405,0.013282686043686957,0.03756910949545184,0.04018171994422067,0.029313146523053973,0.037186392118476116,0.0285216442705278,0.010381001770248682,0.027793455997573647,0.026203921611325662,0.0048828125,0.02231183527108567,0.014517645261053229,0.009264485332524549,0.014778072217208551,0.016858082521125067,0.013028968812623373,0.0048828125,0.012352647110032733,0.016253239235442616,0.006905339660024878,0.01188039556698871,0.005694288959809864,0.009264485332524549,0.03477440198196261,0.025633603024231812,0.0126953125,0.0041432037960149265,0.013879560940968648,0.005258950006967289,0.0065509804028314154,0.012079411012551739,0.0029296875,0.010786485368346935,0.009264485332524549,0.008400708268596315,0.011920464468489943,0.0013810679320049757,0.005859375,0.020762003540497363,0.003088161777508183,0.00834375365753665,0.09978156073785001,0.0013810679320049757,0.008052940675034493,0.00390625,0.010054326309557618,0.008734640537108554,0.011759369705851851,0.008286407592029853,0.006905339660024878,0.0021836601342771385,0.0021836601342771385,0.003088161777508183,0.012506102026236032,0.0078125,0.009003461384075085,0.01792730444402912,0.006905339660024878,0.011134525635733769,0.005258950006967289,0.007873298582322802,0.0126953125,0.00834375365753665,0.009814331661250869,0.010381001770248682,0.0029296875,0.007873298582322802,0.0170549308560283,0.004026470337517247,0.003088161777508183,0.022032254243512652,0.006905339660024878,0.004367320268554277,0.024492062898407135,0.005524271728019903,0.0009765625,0.013101960805662831,0.0009765625,0.0,0.004979511243742954,0.0065509804028314154,0.0048828125,0.0048828125,0.0013810679320049757,0.0009765625,0.0048828125,0.0013810679320049757,0.008734640537108554,0.0065509804028314154,0.008400708268596315,0.006176323555016366,0.004979511243742954,0.005694288959809864,0.02157297073669387,0.013706707859002147,0.0041432037960149265,0.007042092334890604,0.0065509804028314154,0.008734640537108554,0.02003738723504218,0.0021836601342771385,0.0048828125,0.010786485368346935,0.004979511243742954,0.0048828125,0.0009765625,1,1,0.0
22.65625,9.950875282287598,6.0,0.19527432322502136,2.3607585430145264,25.0,22.066987991333008,8.396427154541016,3.515625,0.5652780532836914,0.028953060507774353,879.0,15949.0,5135586.0,18.144481658935547,0.23944763839244843,1.5276819467544556,4.127306938171387,0.0003199033089913428,0.0,0.13424071669578552,936,910,861,906,923,827,863,919,971,975,953,966,1002,935,920,986,958,954,938,1004,1037,1002,928,972,973,937,891,889,975,968,984,967,1002,952,923,922,958,955,905,938,937,875,841,858,847,858,847,890,872,892,872,840,876,859,823,937,968,969,954,974,973,1002,984,992,1035,1002,989,1020,1049,988,991,940,969,909,873,894,927,841,878,910,910,856,813,830,893,875,890,952,923,924,861,890,912,844,890,877,875,842,839,872,967,953,939,971,953,971,954,983,973,922,862,926,983,942,918,941,1004,986,959,955,1016,975,936,942,1035,992,953,1024,1049,1005,957,937,863,826,764,829,824,860,902,967,1050,1003,953,988,1004,968,952,952,920,923,889,957,974,943,906,909,941,874,829,811,861,863,890,927,928,815,815,844,862,842,812,858,935,936,910,921,890,877,845,894,924,848,872,889,905,864,844,861,939,873,827,874,844,831,814,860,895,873,824,889,955,970,971,972,1038,1001,974,954,991,944,940,960,1052,1038,969,1017,1024,1004,952,925,908,911,895,926,891,890,859,904,990,971,908,1003,984,956,971,1003,988,1005,970,984,986,985,910,909,950,907,874,859,896,862,826,842,908,832,890,967,0.0009765625,0.04145504936873266,0.07229201376297557,0.10150614422020533,0.0528788530104722,0.09569315955768631,0.09061005567784078,0.0650496190757066,0.037186392118476116,0.12313210094133277,0.0146484375,0.01589728573837862,0.055586911995147294,0.03406789754396955,0.0630242296885256,0.020692988379313566,0.023840928936979887,0.029313146523053973,0.04515479695975348,0.016105881350068987,0.05490504998777577,0.05281569251167953,0.04263453115809194,0.0185803687406645,0.0324624416769427,0.04154696755113799,0.026057937625246747,0.031387028671851946,0.022651198251451565,0.012506102026236032,0.022545696055889054,0.03176456243611444,0.008400708268596315,0.017953883116064683,0.0107421875,0.01188039556698871,0.011134525635733769,0.013282686043686957,0.013282686043686957,0.0027621358640099515,0.016164985700436375,0.015746597164645604,0.007042092334890604,0.010563138502335907,0.0029296875,0.010786485368346935,0.032754902014157074,0.027981540589637505,0.01441877251975918,0.007042092334890604,0.0166015625,0.004026470337517247,0.005859375,0.012732817197661424,0.005694288959809864,0.009264485332524549,0.009814331661250869,0.011048543456039806,0.0126953125,0.004367320268554277,0.006176323555016366,0.0234375,0.003521046167445302,0.006253051013118016,0.09902363011569038,0.00390625,0.007437278423695223,0.0068359375,0.008843149548962322,0.006253051013118016,0.013879560940968648,0.0078125,0.009212872199274027,0.0029296875,0.0048828125,0.0048828125,0.014680953494504793,0.008052940675034493,0.010786485368346935,0.015254393898255184,0.0048828125,0.0087890625,0.0068359375,0.009003461384075085,0.014218964627501012,0.006176323555016366,0.00834375365753665,0.011134525635733769,0.003088161777508183,0.007873298582322802,0.016716057391234072,0.004367320268554277,0.0041432037960149265,0.0235996991671769,0.004979511243742954,0.0027621358640099515,0.024020261477048523,0.007042092334890604,0.0009765625,0.01589728573837862,0.0027621358640099515,0.0021836601342771385,0.003521046167445302,0.004026470337517247,0.005940197783494355,0.007873298582322802,0.0029296875,0.0027621358640099515,0.006253051013118016,0.00390625,0.007042092334890604,0.009959022487485907,0.006253051013118016,0.004367320268554277,0.0065509804028314154,0.007873298582322802,0.022482157096135425,0.012506102026236032,0.001953125,0.009003461384075085,0.005940197783494355,0.007873298582322802,0.017953883116064683,0.00390625,0.006253051013118016,0.011388577919619728,0.004979511243742954,0.004367320268554277,0.0009765625,1,1,0.0
23.828125,10.072330474853516,6.0,0.18755412101745605,2.466062307357788,1.171875,21.968400955200195,8.39370346069336,3.515625,0.5780456066131592,0.028887107968330383,875.0,15898.0,5291292.5,18.169143676757812,0.23440024256706238,1.471492052078247,4.177104473114014,3.571269189706072e-05,0.0,0.15286900103092194,968,912,861,855,896,891,920,983,936,910,861,906,923,827,863,919,971,975,953,966,1002,935,920,986,958,954,938,1004,1037,1002,928,972,973,937,891,889,975,968,984,967,1002,952,923,922,958,955,905,938,937,875,841,858,847,858,847,890,872,892,872,840,876,859,823,937,968,969,954,974,973,1002,984,992,1035,1002,989,1020,1049,988,991,940,969,909,873,894,927,841,878,910,910,856,813,830,893,875,890,952,923,924,861,890,912,844,890,877,875,842,839,872,967,953,939,971,953,971,954,983,973,922,862,926,983,942,918,941,1004,986,959,955,1016,975,936,942,1035,992,953,1024,1049,1005,957,937,863,826,764,829,824,860,902,967,1050,1003,953,988,1004,968,952,952,920,923,889,957,974,943,906,909,941,874,829,811,861,863,890,927,928,815,815,844,862,842,812,858,935,936,910,921,890,877,845,894,924,848,872,889,905,864,844,861,939,873,827,874,844,831,814,860,895,873,824,889,955,970,971,972,1038,1001,974,954,991,944,940,960,1052,1038,969,1017,1024,1004,952,925,908,911,895,926,891,890,859,904,990,971,908,1003,984,956,971,1003,988,1005,970,984,986,985,910,909,950,907,874,859,0.001953125,0.049032774260285905,0.08103115245667576,0.09407495764681481,0.049909891949924366,0.08676030993141122,0.08930075382542446,0.0732421875,0.03869455616437295,0.11484059439754755,0.01019561182510796,0.010918300671385692,0.05715185503281067,0.030336376107439583,0.06583653824485615,0.013982247132105814,0.025031260972609954,0.03460946317708857,0.039257326645003476,0.019749754312653012,0.05064020375962568,0.05498315726663768,0.03907470512449718,0.017469281074217108,0.03516981075267404,0.03853402276747824,0.026939676219011176,0.03477440198196261,0.02638526579317636,0.008843149548962322,0.025465634395322848,0.0325211441510678,0.01019561182510796,0.020692988379313566,0.005940197783494355,0.0170549308560283,0.007873298582322802,0.008286407592029853,0.014778072217208551,0.0048828125,0.020967686087484266,0.01313830473347042,0.011134525635733769,0.013810679320049757,0.0065509804028314154,0.015440808887540914,0.027621358640099514,0.029765137996344084,0.018528970665049098,0.008400708268596315,0.016164985700436375,0.0029296875,0.00390625,0.0078125,0.0048828125,0.008052940675034493,0.011430371006562134,0.00966747552403483,0.014778072217208551,0.001953125,0.005258950006967289,0.020600608505594715,0.003088161777508183,0.007109482313750506,0.0989417346619219,0.004026470337517247,0.0068359375,0.007042092334890604,0.006905339660024878,0.007109482313750506,0.01179984958358845,0.005859375,0.007042092334890604,0.0027621358640099515,0.001953125,0.00390625,0.012506102026236032,0.0065509804028314154,0.008734640537108554,0.018961413905222265,0.006253051013118016,0.009003461384075085,0.009003461384075085,0.01179984958358845,0.014517645261053229,0.007873298582322802,0.005524271728019903,0.010381001770248682,0.0029296875,0.006905339660024878,0.014778072217208551,0.005694288959809864,0.0027621358640099515,0.02229045353615884,0.006176323555016366,0.0048828125,0.024119314521930602,0.005694288959809864,0.0009765625,0.014517645261053229,0.0027621358640099515,0.0021836601342771385,0.004979511243742954,0.003521046167445302,0.0048828125,0.007627196949127592,0.003088161777508183,0.0021836601342771385,0.005859375,0.003521046167445302,0.007042092334890604,0.009814331661250869,0.0048828125,0.004367320268554277,0.0048828125,0.008400708268596315,0.02108108705558877,0.013982247132105814,0.001953125,0.011134525635733769,0.004979511243742954,0.005694288959809864,0.015655487833868553,0.005940197783494355,0.0065509804028314154,0.009959022487485907,0.006176323555016366,0.006905339660024878,0.0,1,1,0.0
23.828125,10.034211158752441,7.0,0.18575116991996765,2.331547498703003,25.0,18.197797775268555,8.431371688842773,3.515625,0.5698432326316833,0.028521643951535225,853.0,13829.0,4588276.0,16.21219253540039,0.2444055825471878,1.3471992015838623,3.7924420833587646,0.00014649868535343558,0.0,0.1489066183567047,958,928,904,906,937,845,876,940,968,912,861,855,896,891,920,983,936,910,861,906,923,827,863,919,971,975,953,966,1002,935,920,986,958,954,938,1004,1037,1002,928,972,973,937,891,889,975,968,984,967,1002,952,923,922,958,955,905,938,937,875,841,858,847,858,847,890,872,892,872,840,876,859,823,937,968,969,954,974,973,1002,984,992,1035,1002,989,1020,1049,988,991,940,969,909,873,894,927,841,878,910,910,856,813,830,893,875,890,952,923,924,861,890,912,844,890,877,875,842,839,872,967,953,939,971,953,971,954,983,973,922,862,926,983,942,918,941,1004,986,959,955,1016,975,936,942,1035,992,953,1024,1049,1005,957,937,863,826,764,829,824,860,902,967,1050,1003,953,988,1004,968,952,952,920,923,889,957,974,943,906,909,941,874,829,811,861,863,890,927,928,815,815,844,862,842,812,858,935,936,910,921,890,877,845,894,924,848,872,889,905,864,844,861,939,873,827,874,844,831,814,860,895,873,824,889,955,970,971,972,1038,1001,974,954,991,944,940,960,1052,1038,969,1017,1024,1004,952,925,908,911,895,926,891,890,859,904,990,971,908,1003,984,956,971,1003,988,1005,970,984,0.001953125,0.04501730692037543,0.0733722802978978,0.09692106074843364,0.05669111435039059,0.09334732041683846,0.082546974449235,0.06880435528831459,0.0324624416769427,0.11281304779342417,0.003521046167445302,0.0048828125,0.06204054755573668,0.024020261477048523,0.06958307627860766,0.008400708268596315,0.027964494264211628,0.03803582440263759,0.03873150784189832,0.020108652619115236,0.04794116292434991,0.05342609127574192,0.04078244730043184,0.013282686043686957,0.037314400731528904,0.041120123577006444,0.0283875817456028,0.0333750146301466,0.023457836229422487,0.010054326309557618,0.023047702580480365,0.03014716609459596,0.007873298582322802,0.0205078125,0.008734640537108554,0.014517645261053229,0.011134525635733769,0.009003461384075085,0.01886055460530075,0.0048828125,0.021506558149946522,0.017387200990981306,0.014084184669781208,0.015440808887540914,0.008843149548962322,0.019773883526676354,0.024492062898407135,0.031204190055996988,0.020600608505594715,0.01019561182510796,0.013982247132105814,0.006905339660024878,0.008286407592029853,0.009814331661250869,0.0009765625,0.010918300671385692,0.007437278423695223,0.009003461384075085,0.01179984958358845,0.004367320268554277,0.007109482313750506,0.023212625632821705,0.003521046167445302,0.007109482313750506,0.09805096013650966,0.004979511243742954,0.006176323555016366,0.007042092334890604,0.0068359375,0.007873298582322802,0.01171875,0.004026470337517247,0.006253051013118016,0.004367320268554277,0.0,0.004026470337517247,0.009959022487485907,0.005694288959809864,0.0041432037960149265,0.020132351687586234,0.0065509804028314154,0.00834375365753665,0.011430371006562134,0.0146484375,0.018657200365764452,0.0048828125,0.007627196949127592,0.0126953125,0.0009765625,0.005859375,0.016630260122975003,0.003088161777508183,0.0041432037960149265,0.024433585943743757,0.003088161777508183,0.003088161777508183,0.021836601342771385,0.004367320268554277,0.0021836601342771385,0.012079411012551739,0.0027621358640099515,0.0021836601342771385,0.0068359375,0.0029296875,0.004979511243742954,0.007873298582322802,0.004367320268554277,0.00390625,0.003521046167445302,0.001953125,0.0087890625,0.007873298582322802,0.006176323555016366,0.0009765625,0.005694288959809864,0.009959022487485907,0.021945512748285382,0.013879560940968648,0.00390625,0.013982247132105814,0.0009765625,0.005859375,0.019773883526676354,0.0021836601342771385,0.003088161777508183,0.009959022487485907,0.0048828125,0.001953125,0.00390625,1,1,0.0
23.828125,10.169477462768555,6.0,0.19030727446079254,2.240412950515747,25.0,17.908205032348633,8.625177383422852,3.515625,0.5598194003105164,0.028421156108379364,847.0,13345.0,4473102.5,15.755607604980469,0.2498733103275299,1.323777437210083,3.771515130996704,0.00014741788618266582,0.0,0.13856756687164307,938,924,920,941,968,920,889,889,958,928,904,906,937,845,876,940,968,912,861,855,896,891,920,983,936,910,861,906,923,827,863,919,971,975,953,966,1002,935,920,986,958,954,938,1004,1037,1002,928,972,973,937,891,889,975,968,984,967,1002,952,923,922,958,955,905,938,937,875,841,858,847,858,847,890,872,892,872,840,876,859,823,937,968,969,954,974,973,1002,984,992,1035,1002,989,1020,1049,988,991,940,969,909,873,894,927,841,878,910,910,856,813,830,893,875,890,952,923,924,861,890,912,844,890,877,875,842,839,872,967,953,939,971,953,971,954,983,973,922,862,926,983,942,918,941,1004,986,959,955,1016,975,936,942,1035,992,953,1024,1049,1005,957,937,863,826,764,829,824,860,902,967,1050,1003,953,988,1004,968,952,952,920,923,889,957,974,943,906,909,941,874,829,811,861,863,890,927,928,815,815,844,862,842,812,858,935,936,910,921,890,877,845,894,924,848,872,889,905,864,844,861,939,873,827,874,844,831,814,860,895,873,824,889,955,970,971,972,1038,1001,974,954,991,944,940,960,1052,1038,969,1017,1024,1004,952,925,908,911,895,926,891,890,859,904,990,971,908,1003,0.0029296875,0.04217348219079919,0.05996125559769044,0.09522861478939527,0.06935656603345587,0.09863764684934735,0.07038028416690333,0.07722257118542662,0.035907766232129365,0.1011720635254035,0.0146484375,0.015254393898255184,0.055389261376903254,0.033260520245950005,0.06118146526436361,0.0166015625,0.019773883526676354,0.0328276099882258,0.04290211452439218,0.016858082521125067,0.05277053158635272,0.05459150335692846,0.04074735555668958,0.01727715430952552,0.03423544559171505,0.03908690643787012,0.0264394265052361,0.03340357690720131,0.022881590847382775,0.01179984958358845,0.022545696055889054,0.028920103310470405,0.005258950006967289,0.022545696055889054,0.010563138502335907,0.017953883116064683,0.012506102026236032,0.006905339660024878,0.021683206358568866,0.01019561182510796,0.02681548870653512,0.014517645261053229,0.016164985700436375,0.01760523083722651,0.01019561182510796,0.017953883116064683,0.029313146523053973,0.028721564784868637,0.017304731588544287,0.009003461384075085,0.0166875073150733,0.004026470337517247,0.005258950006967289,0.006253051013118016,0.0029296875,0.010054326309557618,0.007873298582322802,0.007873298582322802,0.011759369705851851,0.0048828125,0.0065509804028314154,0.022032254243512652,0.0027621358640099515,0.006905339660024878,0.09991527783147393,0.004367320268554277,0.00966747552403483,0.01019561182510796,0.009003461384075085,0.008052940675034493,0.01242961138804478,0.0009765625,0.001953125,0.009003461384075085,0.0048828125,0.003521046167445302,0.006253051013118016,0.001953125,0.007437278423695223,0.0146484375,0.0013810679320049757,0.007873298582322802,0.007437278423695223,0.009003461384075085,0.012506102026236032,0.008400708268596315,0.004026470337517247,0.010563138502335907,0.003521046167445302,0.0048828125,0.013101960805662831,0.007109482313750506,0.0021836601342771385,0.024119314521930602,0.005258950006967289,0.0013810679320049757,0.02229045353615884,0.004367320268554277,0.0027621358640099515,0.012352647110032733,0.0029296875,0.0029296875,0.0065509804028314154,0.001953125,0.005859375,0.007873298582322802,0.0013810679320049757,0.0021836601342771385,0.004979511243742954,0.003088161777508183,0.0065509804028314154,0.009003461384075085,0.004367320268554277,0.003521046167445302,0.005524271728019903,0.008400708268596315,0.02039122365021592,0.01528562093993997,0.004026470337517247,0.014938533731228863,0.001953125,0.003088161777508183,0.018347943582085875,0.004026470337517247,0.0009765625,0.009959022487485907,0.006253051013118016,0.0,0.0068359375,1,1,0.0
24.21875,10.106267929077148,7.0,0.19156692922115326,2.125913381576538,25.0,16.489328384399414,8.70885944366455,3.515625,0.5498100519180298,0.02793036960065365,818.0,10733.0,3991580.75,13.121026992797852,0.25862300395965576,1.025315284729004,3.6565420627593994,0.00034358358243480325,0.0,0.14331431686878204,972,958,952,952,919,903,876,908,938,924,920,941,968,920,889,889,958,928,904,906,937,845,876,940,968,912,861,855,896,891,920,983,936,910,861,906,923,827,863,919,971,975,953,966,1002,935,920,986,958,954,938,1004,1037,1002,928,972,973,937,891,889,975,968,984,967,1002,952,923,922,958,955,905,938,937,875,841,858,847,858,847,890,872,892,872,840,876,859,823,937,968,969,954,974,973,1002,984,992,1035,1002,989,1020,1049,988,991,940,969,909,873,894,927,841,878,910,910,856,813,830,893,875,890,952,923,924,861,890,912,844,890,877,875,842,839,872,967,953,939,971,953,971,954,983,973,922,862,926,983,942,918,941,1004,986,959,955,1016,975,936,942,1035,992,953,1024,1049,1005,957,937,863,826,764,829,824,860,902,967,1050,1003,953,988,1004,968,952,952,920,923,889,957,974,943,906,909,941,874,829,811,861,863,890,927,928,815,815,844,862,842,812,858,935,936,910,921,890,877,845,894,924,848,872,889,905,864,844,861,939,873,827,874,844,831,814,860,895,873,824,889,955,970,971,972,1038,1001,974,954,991,944,940,960,1052,1038,969,1017,1024,1004,952,925,908,911,895,926,0.00146484375,0.040618426451338716,0.06337883101401544,0.10096919551220962,0.06919825678928467,0.103515625,0.0666427887434485,0.077265782987705,0.035814689103305174,0.09433816152916658,0.021035800027869155,0.022798081113142094,0.04841623146968961,0.042275118792799535,0.05249875021763911,0.025781989809461104,0.023478154844084585,0.0244140625,0.03585460888805824,0.027964494264211628,0.044291173712689716,0.060546875,0.03889122607761695,0.006905339660024878,0.043858421040792225,0.049071658306254345,0.03527810911755555,0.022798081113142094,0.01441877251975918,0.023212625632821705,0.026868782211323446,0.019628663322501738,0.009765625,0.031204190055996988,0.0078125,0.02489755621871477,0.005524271728019903,0.0065509804028314154,0.014680953494504793,0.0048828125,0.018425744398548053,0.017686299097924643,0.011134525635733769,0.0146484375,0.010786485368346935,0.022798081113142094,0.025559086578715626,0.0283875817456028,0.0166015625,0.005694288959809864,0.01313830473347042,0.004979511243742954,0.005258950006967289,0.009003461384075085,0.005258950006967289,0.006253051013118016,0.01179984958358845,0.008052940675034493,0.014084184669781208,0.0021836601342771385,0.006905339660024878,0.023640075072090243,0.005694288959809864,0.00390625,0.09824529381271989,0.005694288959809864,0.005694288959809864,0.007042092334890604,0.007873298582322802,0.006176323555016366,0.013282686043686957,0.004026470337517247,0.005859375,0.00966747552403483,0.005694288959809864,0.006905339660024878,0.003088161777508183,0.001953125,0.008734640537108554,0.0126953125,0.0021836601342771385,0.0065509804028314154,0.006176323555016366,0.006176323555016366,0.010786485368346935,0.011759369705851851,0.0021836601342771385,0.012732817197661424,0.005694288959809864,0.003521046167445302,0.013706707859002147,0.006905339660024878,0.00390625,0.025781989809461104,0.0029296875,0.001953125,0.020967686087484266,0.004026470337517247,0.001953125,0.013101960805662831,0.003088161777508183,0.003088161777508183,0.0048828125,0.003088161777508183,0.004979511243742954,0.007109482313750506,0.001953125,0.001953125,0.005524271728019903,0.003521046167445302,0.006253051013118016,0.008734640537108554,0.005694288959809864,0.003088161777508183,0.004979511243742954,0.008052940675034493,0.020531050821902968,0.014938533731228863,0.004026470337517247,0.0146484375,0.0,0.004367320268554277,0.018657200365764452,0.003521046167445302,0.001953125,0.009765625,0.005258950006967289,0.0,0.005859375,1,1,0.0
23.828125,10.039617538452148,6.0,0.19897235929965973,2.208965539932251,1.171875,17.22335433959961,8.557056427001953,1.953125,0.5514058470726013,0.02798154018819332,821.0,11236.0,4022324.75,13.685749053955078,0.24962176382541656,1.05107581615448,3.7339868545532227,8.563680603401735e-05,0.0,0.14232483506202698,968,975,922,926,983,935,877,973,972,958,952,952,919,903,876,908,938,924,920,941,968,920,889,889,958,928,904,906,937,845,876,940,968,912,861,855,896,891,920,983,936,910,861,906,923,827,863,919,971,975,953,966,1002,935,920,986,958,954,938,1004,1037,1002,928,972,973,937,891,889,975,968,984,967,1002,952,923,922,958,955,905,938,937,875,841,858,847,858,847,890,872,892,872,840,876,859,823,937,968,969,954,974,973,1002,984,992,1035,1002,989,1020,1049,988,991,940,969,909,873,894,927,841,878,910,910,856,813,830,893,875,890,952,923,924,861,890,912,844,890,877,875,842,839,872,967,953,939,971,953,971,954,983,973,922,862,926,983,942,918,941,1004,986,959,955,1016,975,936,942,1035,992,953,1024,1049,1005,957,937,863,826,764,829,824,860,902,967,1050,1003,953,988,1004,968,952,952,920,923,889,957,974,943,906,909,941,874,829,811,861,863,890,927,928,815,815,844,862,842,812,858,935,936,910,921,890,877,845,894,924,848,872,889,905,864,844,861,939,873,827,874,844,831,814,860,895,873,824,889,955,970,971,972,1038,1001,974,954,991,944,940,960,1052,1038,969,1017,0.0009765625,0.0411664822428867,0.062454206856716724,0.09847798801526743,0.06800269671310033,0.1022410102753729,0.06779904280355384,0.07468628439452693,0.032754902014157074,0.09420158976450534,0.021683206358568866,0.024472586105745445,0.04883788964863276,0.0445488075310822,0.04898412579681427,0.028117539157984314,0.025633603024231812,0.023478154844084585,0.0324624416769427,0.03126525506559008,0.04089920232689829,0.05781546920162377,0.04386929188518789,0.006905339660024878,0.04051263381385067,0.048828125,0.029700988917471777,0.0264394265052361,0.019652941208494246,0.01727715430952552,0.023212625632821705,0.023212625632821705,0.0041432037960149265,0.029765137996344084,0.012506102026236032,0.02638526579317636,0.011759369705851851,0.004979511243742954,0.01680141653719263,0.01019561182510796,0.017304731588544287,0.0170549308560283,0.007042092334890604,0.0126953125,0.013601941676937616,0.027010384152225255,0.024647323172117114,0.026672852116694654,0.013982247132105814,0.0021836601342771385,0.013671875,0.0027621358640099515,0.0021836601342771385,0.007437278423695223,0.005694288959809864,0.008400708268596315,0.009212872199274027,0.006905339660024878,0.011759369705851851,0.003088161777508183,0.006176323555016366,0.022032254243512652,0.003088161777508183,0.005524271728019903,0.10018693617521089,0.0065509804028314154,0.007437278423695223,0.008734640537108554,0.005694288959809864,0.008052940675034493,0.011430371006562134,0.004367320268554277,0.0065509804028314154,0.008052940675034493,0.005258950006967289,0.009212872199274027,0.004026470337517247,0.005258950006967289,0.010054326309557618,0.012506102026236032,0.0048828125,0.007873298582322802,0.005694288959809864,0.003521046167445302,0.009212872199274027,0.013810679320049757,0.0009765625,0.01516032685181643,0.0048828125,0.0027621358640099515,0.016164985700436375,0.003088161777508183,0.0048828125,0.0244140625,0.0048828125,0.004026470337517247,0.02315091717017519,0.005859375,0.0021836601342771385,0.012732817197661424,0.0029296875,0.003088161777508183,0.005940197783494355,0.001953125,0.005940197783494355,0.007109482313750506,0.0009765625,0.0013810679320049757,0.006905339660024878,0.004367320268554277,0.0065509804028314154,0.009003461384075085,0.005694288959809864,0.0027621358640099515,0.005258950006967289,0.00834375365753665,0.02161713244255728,0.014517645261053229,0.003521046167445302,0.014938533731228863,0.0013810679320049757,0.003521046167445302,0.019457869965987574,0.003088161777508183,0.0021836601342771385,0.009814331661250869,0.004026470337517247,0.0009765625,0.005859375,1,1,0.0
25.0,10.25605297088623,7.0,0.19679462909698486,2.1284995079040527,25.0,17.536474227905273,8.780597686767578,1.953125,0.546467125415802,0.027759121730923653,808.0,10961.0,3881729.5,13.565593719482422,0.25673821568489075,1.0414252281188965,3.774759531021118,3.864211612381041e-05,0.0,0.1454140990972519,920,892,907,940,955,969,969,1000,968,975,922,926,983,935,877,973,972,958,952,952,919,903,876,908,938,924,920,941,968,920,889,889,958,928,904,906,937,845,876,940,968,912,861,855,896,891,920,983,936,910,861,906,923,827,863,919,971,975,953,966,1002,935,920,986,958,954,938,1004,1037,1002,928,972,973,937,891,889,975,968,984,967,1002,952,923,922,958,955,905,938,937,875,841,858,847,858,847,890,872,892,872,840,876,859,823,937,968,969,954,974,973,1002,984,992,1035,1002,989,1020,1049,988,991,940,969,909,873,894,927,841,878,910,910,856,813,830,893,875,890,952,923,924,861,890,912,844,890,877,875,842,839,872,967,953,939,971,953,971,954,983,973,922,862,926,983,942,918,941,1004,986,959,955,1016,975,936,942,1035,992,953,1024,1049,1005,957,937,863,826,764,829,824,860,902,967,1050,1003,953,988,1004,968,952,952,920,923,889,957,974,943,906,909,941,874,829,811,861,863,890,927,928,815,815,844,862,842,812,858,935,936,910,921,890,877,845,894,924,848,872,889,905,864,844,861,939,873,827,874,844,831,814,860,895,873,824,889,955,970,971,972,1038,1001,974,954,0.00244140625,0.04835710313726542,0.0647557408207047,0.08651263511855509,0.05661536343998338,0.09675856946110849,0.07597129038584657,0.06368655170187644,0.025559086578715626,0.08771684208158445,0.032241355506287456,0.034678283016727936,0.03803582440263759,0.05006252194521991,0.05442529216051865,0.02458921545315268,0.0300838316420886,0.03066468450802262,0.03539954875076535,0.024492062898407135,0.04673236763283359,0.059498227389561786,0.038397662600268556,0.007873298582322802,0.04311277354422679,0.05002440810494413,0.03179457147675724,0.024472586105745445,0.019236050394133015,0.018657200365764452,0.0244140625,0.024492062898407135,0.0048828125,0.029296875,0.011920464468489943,0.026654968874914416,0.009003461384075085,0.0048828125,0.014517645261053229,0.007109482313750506,0.019652941208494246,0.014517645261053229,0.009003461384075085,0.010918300671385692,0.009212872199274027,0.02489755621871477,0.019749754312653012,0.031143005310746045,0.01878455474772592,0.005524271728019903,0.01313830473347042,0.007873298582322802,0.004367320268554277,0.006253051013118016,0.0087890625,0.014517645261053229,0.0048828125,0.011759369705851851,0.014084184669781208,0.005694288959809864,0.003088161777508183,0.020716018980074635,0.008843149548962322,0.001953125,0.09641793005623034,0.0041432037960149265,0.007042092334890604,0.007873298582322802,0.00834375365753665,0.009212872199274027,0.010918300671385692,0.0027621358640099515,0.005524271728019903,0.005859375,0.003521046167445302,0.008052940675034493,0.005694288959809864,0.005940197783494355,0.009003461384075085,0.013982247132105814,0.007042092334890604,0.010054326309557618,0.006176323555016366,0.003088161777508183,0.00834375365753665,0.013671875,0.003521046167445302,0.0166015625,0.004367320268554277,0.005258950006967289,0.01727715430952552,0.004026470337517247,0.003088161777508183,0.02209708691207961,0.006253051013118016,0.0009765625,0.020600608505594715,0.00390625,0.003088161777508183,0.01313830473347042,0.00390625,0.0021836601342771385,0.0048828125,0.004367320268554277,0.0048828125,0.008843149548962322,0.001953125,0.0009765625,0.006176323555016366,0.004979511243742954,0.006176323555016366,0.009212872199274027,0.007042092334890604,0.003521046167445302,0.0048828125,0.010563138502335907,0.021417687694786434,0.013982247132105814,0.003521046167445302,0.014517645261053229,0.001953125,0.003521046167445302,0.019384212149686726,0.00390625,0.0013810679320049757,0.010054326309557618,0.005258950006967289,0.0,0.005859375,1,1,0.0
25.0,10.27344799041748,6.0,0.22598551213741302,1.9516327381134033,25.0,15.93127727508545,8.998875617980957,1.953125,0.5117818117141724,0.027186349034309387,775.0,9817.0,3115887.0,12.667097091674805,0.2622326612472534,1.0070784091949463,3.5327937602996826,0.00025185616686940193,-23.046875,0.16150759160518646,1005,989,939,893,907,830,798,892,920,892,907,940,955,969,969,1000,968,975,922,926,983,935,877,973,972,958,952,952,919,903,876,908,938,924,920,941,968,920,889,889,958,928,904,906,937,845,876,940,968,912,861,855,896,891,920,983,936,910,861,906,923,827,863,919,971,975,953,966,1002,935,920,986,958,954,938,1004,1037,1002,928,972,973,937,891,889,975,968,984,967,1002,952,923,922,958,955,905,938,937,875,841,858,847,858,847,890,872,892,872,840,876,859,823,937,968,969,954,974,973,1002,984,992,1035,1002,989,1020,1049,988,991,940,969,909,873,894,927,841,878,910,910,856,813,830,893,875,890,952,923,924,861,890,912,844,890,877,875,842,839,872,967,953,939,971,953,971,954,983,973,922,862,926,983,942,918,941,1004,986,959,955,1016,975,936,942,1035,992,953,1024,1049,1005,957,937,863,826,764,829,824,860,902,967,1050,1003,953,988,1004,968,952,952,920,923,889,957,974,943,906,909,941,874,829,811,861,863,890,927,928,815,815,844,862,842,812,858,935,936,910,921,890,877,845,894,924,848,872,889,905,864,844,861,939,873,827,874,844,831,814,860,895,873,824,889,0.0029296875,0.0603970550627587,0.07232498617689657,0.07489667769067973,0.04236525774117942,0.099609375,0.07915579737952907,0.05932165058002906,0.03416573375885918,0.07131581261820222,0.0436404354912194,0.0411664822428867,0.035907766232129365,0.0385216463346016,0.06873501701081162,0.0126953125,0.013282686043686957,0.025465634395322848,0.04501730692037543,0.04007477447008436,0.0352916230460794,0.06332614389403701,0.05406488490494691,0.01516032685181643,0.02883754503951836,0.04074735555668958,0.022798081113142094,0.03951157875809357,0.018528970665049098,0.02652944864688696,0.02231183527108567,0.010381001770248682,0.018347943582085875,0.03389952140177692,0.0009765625,0.01727715430952552,0.012506102026236032,0.0048828125,0.024705294220065465,0.01516032685181643,0.022545696055889054,0.015746597164645604,0.004026470337517247,0.010918300671385692,0.013982247132105814,0.0285216442705278,0.024724587697601882,0.027759121881937295,0.014517645261053229,0.0021836601342771385,0.0146484375,0.0048828125,0.0009765625,0.0048828125,0.005859375,0.008734640537108554,0.009212872199274027,0.007627196949127592,0.011048543456039806,0.0048828125,0.005524271728019903,0.018961413905222265,0.005258950006967289,0.004367320268554277,0.10082741796203365,0.010381001770248682,0.0013810679320049757,0.003088161777508183,0.012506102026236032,0.005694288959809864,0.013282686043686957,0.0027621358640099515,0.001953125,0.003088161777508183,0.0027621358640099515,0.009264485332524549,0.00834375365753665,0.008400708268596315,0.011134525635733769,0.013706707859002147,0.008400708268596315,0.011134525635733769,0.005940197783494355,0.005258950006967289,0.01019561182510796,0.01313830473347042,0.004026470337517247,0.015440808887540914,0.001953125,0.004367320268554277,0.01441877251975918,0.005940197783494355,0.0041432037960149265,0.02568934851165216,0.003521046167445302,0.00390625,0.0235996991671769,0.007109482313750506,0.004026470337517247,0.011388577919619728,0.004979511243742954,0.004367320268554277,0.0048828125,0.00390625,0.004367320268554277,0.0065509804028314154,0.003088161777508183,0.003088161777508183,0.004026470337517247,0.003088161777508183,0.005258950006967289,0.010918300671385692,0.005524271728019903,0.004026470337517247,0.003521046167445302,0.007873298582322802,0.020132351687586234,0.014906579611790769,0.004026470337517247,0.01313830473347042,0.0029296875,0.003088161777508183,0.0170549308560283,0.006905339660024878,0.004367320268554277,0.013879560940968648,0.001953125,0.004026470337517247,0.001953125,1,1,0.0
25.0,10.337803840637207,7.0,0.22729358077049255,1.7630208730697632,1.953125,17.200090408325195,9.243490219116211,25.0,0.4930464029312134,0.027326306328177452,783.0,10660.0,3121873.75,13.614303588867188,0.27966001629829407,1.0246058702468872,3.587355852127075,0.00035915241460315883,23.046875,0.15488025546073914,1036,999,989,1034,1063,1019,976,953,1005,989,939,893,907,830,798,892,920,892,907,940,955,969,969,1000,968,975,922,926,983,935,877,973,972,958,952,952,919,903,876,908,938,924,920,941,968,920,889,889,958,928,904,906,937,845,876,940,968,912,861,855,896,891,920,983,936,910,861,906,923,827,863,919,971,975,953,966,1002,935,920,986,958,954,938,1004,1037,1002,928,972,973,937,891,889,975,968,984,967,1002,952,923,922,958,955,905,938,937,875,841,858,847,858,847,890,872,892,872,840,876,859,823,937,968,969,954,974,973,1002,984,992,1035,1002,989,1020,1049,988,991,940,969,909,873,894,927,841,878,910,910,856,813,830,893,875,890,952,923,924,861,890,912,844,890,877,875,842,839,872,967,953,939,971,953,971,954,983,973,922,862,926,983,942,918,941,1004,986,959,955,1016,975,936,942,1035,992,953,1024,1049,1005,957,937,863,826,764,829,824,860,902,967,1050,1003,953,988,1004,968,952,952,920,923,889,957,974,943,906,909,941,874,829,811,861,863,890,927,928,815,815,844,862,842,812,858,935,936,910,921,890,877,845,894,924,848,872,889,905,864,844,861,939,873,827,874,0.0,0.0242573092741684,0.037378240642587185,0.08625319322949822,0.07391616980533695,0.06046018239126604,0.11647324650270081,0.024020261477048523,0.046404704572330945,0.044064508487025304,0.07746301568379664,0.06743233008450027,0.0528517934677141,0.02315091717017519,0.08473051548235884,0.035761393405469834,0.016016815885602272,0.006176323555016366,0.029652786036501906,0.047681857873959774,0.0283875817456028,0.045908825287277966,0.0485735551384605,0.011759369705851851,0.03908690643787012,0.047701854460233645,0.025559086578715626,0.03527810911755555,0.02298555135925746,0.021035800027869155,0.018657200365764452,0.01019561182510796,0.019773883526676354,0.03477440198196261,0.0009765625,0.016630260122975003,0.01284467425582608,0.0021836601342771385,0.019749754312653012,0.010786485368346935,0.021035800027869155,0.01242961138804478,0.007873298582322802,0.003088161777508183,0.01441877251975918,0.0341098617120566,0.026057937625246747,0.02039122365021592,0.007109482313750506,0.005694288959809864,0.01589728573837862,0.005694288959809864,0.007109482313750506,0.011759369705851851,0.012079411012551739,0.01313830473347042,0.005258950006967289,0.011430371006562134,0.01516032685181643,0.003088161777508183,0.0048828125,0.021506558149946522,0.00390625,0.004367320268554277,0.1017922956208077,0.010563138502335907,0.0,0.0027621358640099515,0.013282686043686957,0.007109482313750506,0.011134525635733769,0.0027621358640099515,0.0041432037960149265,0.006905339660024878,0.003521046167445302,0.004979511243742954,0.009212872199274027,0.009003461384075085,0.00966747552403483,0.018528970665049098,0.013879560940968648,0.017387200990981306,0.004367320268554277,0.009959022487485907,0.014938533731228863,0.009212872199274027,0.0027621358640099515,0.013982247132105814,0.005859375,0.0029296875,0.017578125,0.003088161777508183,0.0027621358640099515,0.023212625632821705,0.004026470337517247,0.001953125,0.0235996991671769,0.007042092334890604,0.0029296875,0.010786485368346935,0.0041432037960149265,0.003088161777508183,0.004367320268554277,0.0027621358640099515,0.0048828125,0.00834375365753665,0.0009765625,0.0009765625,0.007042092334890604,0.003088161777508183,0.008400708268596315,0.011134525635733769,0.001953125,0.008052940675034493,0.00390625,0.009264485332524549,0.021836601342771385,0.012352647110032733,0.0009765625,0.010381001770248682,0.003521046167445302,0.001953125,0.01760523083722651,0.005258950006967289,0.003521046167445302,0.01171875,0.003088161777508183,0.0021836601342771385,0.00390625,1,1,0.0
25.0,10.217095375061035,6.0,0.21929290890693665,1.858157992362976,25.0,22.904064178466797,9.342399597167969,2.34375,0.507556676864624,0.027759121730923653,808.0,14225.0,4086061.0,17.60519790649414,0.27315041422843933,1.3092498779296875,4.204672336578369,0.0,0.0,0.14278848469257355,940,968,956,987,1024,970,912,1017,1036,999,989,1034,1063,1019,976,953,1005,989,939,893,907,830,798,892,920,892,907,940,955,969,969,1000,968,975,922,926,983,935,877,973,972,958,952,952,919,903,876,908,938,924,920,941,968,920,889,889,958,928,904,906,937,845,876,940,968,912,861,855,896,891,920,983,936,910,861,906,923,827,863,919,971,975,953,966,1002,935,920,986,958,954,938,1004,1037,1002,928,972,973,937,891,889,975,968,984,967,1002,952,923,922,958,955,905,938,937,875,841,858,847,858,847,890,872,892,872,840,876,859,823,937,968,969,954,974,973,1002,984,992,1035,1002,989,1020,1049,988,991,940,969,909,873,894,927,841,878,910,910,856,813,830,893,875,890,952,923,924,861,890,912,844,890,877,875,842,839,872,967,953,939,971,953,971,954,983,973,922,862,926,983,942,918,941,1004,986,959,955,1016,975,936,942,1035,992,953,1024,1049,1005,957,937,863,826,764,829,824,860,902,967,1050,1003,953,988,1004,968,952,952,920,923,889,957,974,943,906,909,941,874,829,811,861,863,890,927,928,815,815,844,862,842,812,858,935,936,910,921,890,877,845,894,924,848,872,889,0.0029296875,0.013671875,0.01953125,0.0881560661803516,0.08293885002963497,0.05313074417474783,0.1289247441752146,0.03618556115947052,0.06424564141952549,0.03192926313334339,0.07120875185208649,0.05402076830445051,0.05669111435039059,0.01800692276815017,0.06892207026794488,0.025031260972609954,0.009003461384075085,0.015776850020901866,0.03954776705335271,0.04737083138919884,0.02489755621871477,0.05137869702330432,0.05784020662094081,0.019749754312653012,0.031310975667737106,0.04014610310760638,0.03168941550700772,0.028168369339562415,0.019384212149686726,0.017953883116064683,0.01589728573837862,0.014778072217208551,0.01800692276815017,0.037186392118476116,0.0029296875,0.015776850020901866,0.01313830473347042,0.0027621358640099515,0.020967686087484266,0.010918300671385692,0.021035800027869155,0.011388577919619728,0.006905339660024878,0.0027621358640099515,0.014938533731228863,0.033730304764004966,0.02638526579317636,0.020716018980074635,0.008052940675034493,0.004367320268554277,0.01516032685181643,0.004367320268554277,0.004367320268554277,0.010563138502335907,0.011134525635733769,0.01179984958358845,0.0065509804028314154,0.009959022487485907,0.01284467425582608,0.004026470337517247,0.004367320268554277,0.0192608231673008,0.0065509804028314154,0.003088161777508183,0.0998627674694636,0.008734640537108554,0.003088161777508183,0.005524271728019903,0.010563138502335907,0.006253051013118016,0.012732817197661424,0.0,0.0013810679320049757,0.004026470337517247,0.0021836601342771385,0.008400708268596315,0.009959022487485907,0.0078125,0.0087890625,0.01760523083722651,0.01179984958358845,0.01516032685181643,0.007109482313750506,0.010563138502335907,0.015776850020901866,0.007109482313750506,0.004367320268554277,0.01179984958358845,0.007109482313750506,0.0027621358640099515,0.0170549308560283,0.003088161777508183,0.0021836601342771385,0.023047702580480365,0.004026470337517247,0.003088161777508183,0.02315091717017519,0.005694288959809864,0.0029296875,0.011759369705851851,0.0021836601342771385,0.0021836601342771385,0.006905339660024878,0.0013810679320049757,0.008052940675034493,0.005258950006967289,0.003521046167445302,0.003088161777508183,0.004979511243742954,0.0029296875,0.0065509804028314154,0.009003461384075085,0.003088161777508183,0.006253051013118016,0.006253051013118016,0.006176323555016366,0.01875915303935405,0.012732817197661424,0.003088161777508183,0.009003461384075085,0.0065509804028314154,0.003088161777508183,0.02161713244255728,0.0021836601342771385,0.0,0.009618025197066508,0.0048828125,0.004026470337517247,0.001953125,1,1,0.0
25.0,10.119752883911133,5.0,0.19941848516464233,2.0385687351226807,25.0,32.64857482910156,9.061378479003906,2.34375,0.537108302116394,0.027586810290813446,798.0,17429.0,4663642.0,21.840852737426758,0.263473242521286,1.6667304039001465,4.971043586730957,0.00035243327147327363,0.0,0.1402384638786316,910,841,779,780,862,858,888,955,940,968,956,987,1024,970,912,1017,1036,999,989,1034,1063,1019,976,953,1005,989,939,893,907,830,798,892,920,892,907,940,955,969,969,1000,968,975,922,926,983,935,877,973,972,958,952,952,919,903,876,908,938,924,920,941,968,920,889,889,958,928,904,906,937,845,876,940,968,912,861,855,896,891,920,983,936,910,861,906,923,827,863,919,971,975,953,966,1002,935,920,986,958,954,938,1004,1037,1002,928,972,973,937,891,889,975,968,984,967,1002,952,923,922,958,955,905,938,937,875,841,858,847,858,847,890,872,892,872,840,876,859,823,937,968,969,954,974,973,1002,984,992,1035,1002,989,1020,1049,988,991,940,969,909,873,894,927,841,878,910,910,856,813,830,893,875,890,952,923,924,861,890,912,844,890,877,875,842,839,872,967,953,939,971,953,971,954,983,973,922,862,926,983,942,918,941,1004,986,959,955,1016,975,936,942,1035,992,953,1024,1049,1005,957,937,863,826,764,829,824,860,902,967,1050,1003,953,988,1004,968,952,952,920,923,889,957,974,943,906,909,941,874,829,811,861,863,890,927,928,815,815,844,862,842,812,858,935,936,910,921,0.00341796875,0.015440808887540914,0.02568934851165216,0.09131773224657,0.0857430773017611,0.049506999436080376,0.13299906473619702,0.030524413297046454,0.06655687191948725,0.02580047815160724,0.07745070335507169,0.05551824376387459,0.06277405734370389,0.015776850020901866,0.061585410255576414,0.02458921545315268,0.01242961138804478,0.022651198251451565,0.04627092867375834,0.051202057534837225,0.01953125,0.049149334110006326,0.0630469234045663,0.024705294220065465,0.037224840922941246,0.046925835065367044,0.03179457147675724,0.0316291694154329,0.02652944864688696,0.019918044974971814,0.018961413905222265,0.006905339660024878,0.019773883526676354,0.03032065370363286,0.004026470337517247,0.021945512748285382,0.006176323555016366,0.007873298582322802,0.023840928936979887,0.016630260122975003,0.024433585943743757,0.0166015625,0.007109482313750506,0.009212872199274027,0.008734640537108554,0.0324624416769427,0.022881590847382775,0.019457869965987574,0.003088161777508183,0.009959022487485907,0.014938533731228863,0.009765625,0.008286407592029853,0.0107421875,0.010786485368346935,0.012732817197661424,0.007042092334890604,0.007109482313750506,0.009618025197066508,0.007042092334890604,0.0021836601342771385,0.018425744398548053,0.007437278423695223,0.0013810679320049757,0.09957585986410451,0.0078125,0.003088161777508183,0.004367320268554277,0.010918300671385692,0.005694288959809864,0.0126953125,0.0009765625,0.003088161777508183,0.004979511243742954,0.001953125,0.006905339660024878,0.008286407592029853,0.007437278423695223,0.009959022487485907,0.01760523083722651,0.012506102026236032,0.014938533731228863,0.004979511243742954,0.009264485332524549,0.013982247132105814,0.008400708268596315,0.004367320268554277,0.011759369705851851,0.0065509804028314154,0.0013810679320049757,0.018165112536853784,0.0013810679320049757,0.00390625,0.021506558149946522,0.004367320268554277,0.0029296875,0.023212625632821705,0.007627196949127592,0.003521046167445302,0.009814331661250869,0.003088161777508183,0.0009765625,0.0068359375,0.0009765625,0.009003461384075085,0.0048828125,0.004979511243742954,0.004979511243742954,0.003521046167445302,0.004026470337517247,0.006176323555016366,0.0078125,0.00390625,0.006176323555016366,0.006176323555016366,0.0065509804028314154,0.020531050821902968,0.012236293052872722,0.003521046167445302,0.009003461384075085,0.004979511243742954,0.003521046167445302,0.020716018980074635,0.003521046167445302,0.0013810679320049757,0.010918300671385692,0.003521046167445302,0.003521046167445302,0.001953125,1,1,0.0
23.828125,9.875165939331055,5.0,0.20457936823368073,2.1408908367156982,25.0,33.14960861206055,8.843836784362793,2.34375,0.5421738028526306,0.0283371452242136,842.0,18548.0,5188967.5,22.02850341796875,0.25324681401252747,1.7839761972427368,4.99294376373291,0.0004542294191196561,0.0,0.14182543754577637,783,776,748,813,906,857,902,941,910,841,779,780,862,858,888,955,940,968,956,987,1024,970,912,1017,1036,999,989,1034,1063,1019,976,953,1005,989,939,893,907,830,798,892,920,892,907,940,955,969,969,1000,968,975,922,926,983,935,877,973,972,958,952,952,919,903,876,908,938,924,920,941,968,920,889,889,958,928,904,906,937,845,876,940,968,912,861,855,896,891,920,983,936,910,861,906,923,827,863,919,971,975,953,966,1002,935,920,986,958,954,938,1004,1037,1002,928,972,973,937,891,889,975,968,984,967,1002,952,923,922,958,955,905,938,937,875,841,858,847,858,847,890,872,892,872,840,876,859,823,937,968,969,954,974,973,1002,984,992,1035,1002,989,1020,1049,988,991,940,969,909,873,894,927,841,878,910,910,856,813,830,893,875,890,952,923,924,861,890,912,844,890,877,875,842,839,872,967,953,939,971,953,971,954,983,973,922,862,926,983,942,918,941,1004,986,959,955,1016,975,936,942,1035,992,953,1024,1049,1005,957,937,863,826,764,829,824,860,902,967,1050,1003,953,988,1004,968,952,952,920,923,889,957,974,943,906,909,941,874,829,811,861,863,890,927,928,815,815,844,0.00146484375,0.025390625,0.0369677602163041,0.10265525410951483,0.09602147307251449,0.0375183060787081,0.14375053073950936,0.03917220921900699,0.07567571783616943,0.029264304812054096,0.0682197234241132,0.04577360017678893,0.052932930597139265,0.021836601342771385,0.0712957509704843,0.02638526579317636,0.011759369705851851,0.014517645261053229,0.03954776705335271,0.0439561618551832,0.02652944864688696,0.055000499376284075,0.06720566614877052,0.029378142493147116,0.03792282781044453,0.04809012598533254,0.03500673501745102,0.03250647847088523,0.0300838316420886,0.023478154844084585,0.020716018980074635,0.005940197783494355,0.01875915303935405,0.029313146523053973,0.0048828125,0.021683206358568866,0.007627196949127592,0.005524271728019903,0.022777155839239456,0.014938533731228863,0.025559086578715626,0.015440808887540914,0.005258950006967289,0.01188039556698871,0.006905339660024878,0.029133659941750583,0.021836601342771385,0.020899350155305366,0.0009765625,0.0126953125,0.014680953494504793,0.0126953125,0.009618025197066508,0.008400708268596315,0.007437278423695223,0.009618025197066508,0.011048543456039806,0.0065509804028314154,0.01179984958358845,0.005694288959809864,0.004026470337517247,0.019749754312653012,0.006176323555016366,0.0029296875,0.09889835079040753,0.006905339660024878,0.0048828125,0.005859375,0.00966747552403483,0.0048828125,0.013879560940968648,0.001953125,0.003088161777508183,0.0048828125,0.0029296875,0.007109482313750506,0.007873298582322802,0.007627196949127592,0.009618025197066508,0.018165112536853784,0.01242961138804478,0.014778072217208551,0.0041432037960149265,0.005940197783494355,0.013282686043686957,0.009814331661250869,0.006176323555016366,0.008400708268596315,0.009212872199274027,0.003521046167445302,0.02039122365021592,0.0027621358640099515,0.001953125,0.024472586105745445,0.0021836601342771385,0.0041432037960149265,0.024472586105745445,0.0048828125,0.003088161777508183,0.013101960805662831,0.0021836601342771385,0.003088161777508183,0.005524271728019903,0.003088161777508183,0.005940197783494355,0.006905339660024878,0.003521046167445302,0.004026470337517247,0.003088161777508183,0.0027621358640099515,0.004026470337517247,0.008734640537108554,0.005940197783494355,0.0048828125,0.008052940675034493,0.005258950006967289,0.018657200365764452,0.012079411012551739,0.004367320268554277,0.011134525635733769,0.005859375,0.003521046167445302,0.020108652619115236,0.004979511243742954,0.0021836601342771385,0.01188039556698871,0.0027621358640099515,0.003088161777508183,0.0029296875,1,1,0.0
19.53125,9.745733261108398,4.0,0.20681005716323853,2.3165721893310547,1.171875,37.13358688354492,8.417985916137695,2.34375,0.5540303587913513,0.02944299578666687,909.0,21668.0,6668974.5,23.837182998657227,0.23915956914424896,1.9609049558639526,5.34784460067749,7.730896322755143e-05,0.0,0.1400359570980072,971,909,858,810,815,781,766,812,783,776,748,813,906,857,902,941,910,841,779,780,862,858,888,955,940,968,956,987,1024,970,912,1017,1036,999,989,1034,1063,1019,976,953,1005,989,939,893,907,830,798,892,920,892,907,940,955,969,969,1000,968,975,922,926,983,935,877,973,972,958,952,952,919,903,876,908,938,924,920,941,968,920,889,889,958,928,904,906,937,845,876,940,968,912,861,855,896,891,920,983,936,910,861,906,923,827,863,919,971,975,953,966,1002,935,920,986,958,954,938,1004,1037,1002,928,972,973,937,891,889,975,968,984,967,1002,952,923,922,958,955,905,938,937,875,841,858,847,858,847,890,872,892,872,840,876,859,823,937,968,969,954,974,973,1002,984,992,1035,1002,989,1020,1049,988,991,940,969,909,873,894,927,841,878,910,910,856,813,830,893,875,890,952,923,924,861,890,912,844,890,877,875,842,839,872,967,953,939,971,953,971,954,983,973,922,862,926,983,942,918,941,1004,986,959,955,1016,975,936,942,1035,992,953,1024,1049,1005,957,937,863,826,764,829,824,860,902,967,1050,1003,953,988,1004,968,952,952,920,923,889,957,974,943,906,909,941,874,829,811,0.0009765625,0.026654968874914416,0.0390625,0.10361691683360184,0.09814331661250869,0.032285693857063556,0.15040964774172255,0.044815601193686584,0.08219965043562096,0.03527810911755555,0.058013073204215414,0.04416179318201177,0.0439561618551832,0.021945512748285382,0.07670834721349798,0.03891573993197515,0.024705294220065465,0.027621358640099514,0.05264387489040451,0.05597160109729336,0.013982247132105814,0.040641898528681275,0.058991165275542795,0.01878455474772592,0.03792282781044453,0.041718768287683256,0.0342911130196864,0.021506558149946522,0.02756951994822872,0.009264485332524549,0.013282686043686957,0.010381001770248682,0.03317439013957623,0.017820593350483065,0.0192608231673008,0.035934315415965035,0.009003461384075085,0.0166015625,0.0316291694154329,0.0166875073150733,0.018425744398548053,0.007109482313750506,0.006176323555016366,0.013671875,0.0126953125,0.02039122365021592,0.014218964627501012,0.025390625,0.007873298582322802,0.020531050821902968,0.01188039556698871,0.016253239235442616,0.007437278423695223,0.003521046167445302,0.005859375,0.0087890625,0.007042092334890604,0.01019561182510796,0.01179984958358845,0.008052940675034493,0.0021836601342771385,0.01792730444402912,0.005694288959809864,0.004367320268554277,0.10098336231940404,0.009814331661250869,0.005859375,0.008286407592029853,0.0078125,0.0027621358640099515,0.014938533731228863,0.003521046167445302,0.003521046167445302,0.006253051013118016,0.0009765625,0.009212872199274027,0.006253051013118016,0.004979511243742954,0.007042092334890604,0.020132351687586234,0.0146484375,0.014938533731228863,0.0048828125,0.004979511243742954,0.01589728573837862,0.007437278423695223,0.008400708268596315,0.011134525635733769,0.008843149548962322,0.003521046167445302,0.015655487833868553,0.0021836601342771385,0.005940197783494355,0.01878455474772592,0.005524271728019903,0.006905339660024878,0.026868782211323446,0.00966747552403483,0.006253051013118016,0.01516032685181643,0.0021836601342771385,0.005940197783494355,0.0078125,0.006253051013118016,0.004979511243742954,0.010054326309557618,0.00390625,0.005694288959809864,0.001953125,0.004367320268554277,0.005258950006967289,0.008734640537108554,0.004026470337517247,0.00390625,0.007627196949127592,0.003521046167445302,0.01760523083722651,0.012732817197661424,0.006905339660024878,0.013282686043686957,0.004367320268554277,0.005694288959809864,0.016630260122975003,0.007109482313750506,0.004979511243742954,0.008400708268596315,0.0068359375,0.005694288959809864,0.0,1,1,0.0
19.53125,9.779314041137695,5.0,0.2090187817811966,2.322258949279785,1.171875,40.927799224853516,8.341617584228516,2.34375,0.5528958439826965,0.029956761747598648,941.0,23722.0,7556050.0,25.209352493286133,0.23808535933494568,2.107123851776123,5.641048431396484,3.3199979952769354e-05,0.0,0.15758837759494781,864,808,824,857,922,886,953,972,971,909,858,810,815,781,766,812,783,776,748,813,906,857,902,941,910,841,779,780,862,858,888,955,940,968,956,987,1024,970,912,1017,1036,999,989,1034,1063,1019,976,953,1005,989,939,893,907,830,798,892,920,892,907,940,955,969,969,1000,968,975,922,926,983,935,877,973,972,958,952,952,919,903,876,908,938,924,920,941,968,920,889,889,958,928,904,906,937,845,876,940,968,912,861,855,896,891,920,983,936,910,861,906,923,827,863,919,971,975,953,966,1002,935,920,986,958,954,938,1004,1037,1002,928,972,973,937,891,889,975,968,984,967,1002,952,923,922,958,955,905,938,937,875,841,858,847,858,847,890,872,892,872,840,876,859,823,937,968,969,954,974,973,1002,984,992,1035,1002,989,1020,1049,988,991,940,969,909,873,894,927,841,878,910,910,856,813,830,893,875,890,952,923,924,861,890,912,844,890,877,875,842,839,872,967,953,939,971,953,971,954,983,973,922,862,926,983,942,918,941,1004,986,959,955,1016,975,936,942,1035,992,953,1024,1049,1005,957,937,863,826,764,829,824,860,902,967,1050,1003,953,988,1004,968,952,952,920,923,889,957,0.0029296875,0.03712222228271135,0.04697661512033474,0.11057603000037816,0.10002021585210442,0.044804959949040865,0.13743187343708074,0.033332125323976586,0.07674563556401758,0.021683206358568866,0.06927401504284453,0.03304477405407936,0.03843489971514537,0.0363433477850164,0.09192664530850553,0.05045152872300582,0.03813598474563796,0.03773374821555011,0.06395552472669118,0.06744647128840628,0.015655487833868553,0.026654968874914416,0.05097805912553979,0.010381001770248682,0.035761393405469834,0.028721564784868637,0.047771776596230504,0.007873298582322802,0.040465526084180976,0.021439939843847802,0.02458921545315268,0.009765625,0.02708090746848056,0.019773883526676354,0.013982247132105814,0.028854075591199527,0.007873298582322802,0.010054326309557618,0.02708090746848056,0.015746597164645604,0.019773883526676354,0.009959022487485907,0.003521046167445302,0.012236293052872722,0.012506102026236032,0.020132351687586234,0.014680953494504793,0.02376079113397742,0.009003461384075085,0.0185803687406645,0.008052940675034493,0.012236293052872722,0.0041432037960149265,0.008052940675034493,0.010381001770248682,0.013282686043686957,0.008734640537108554,0.004026470337517247,0.008734640537108554,0.009003461384075085,0.0048828125,0.022032254243512652,0.005859375,0.004979511243742954,0.09585248230618659,0.004367320268554277,0.005694288959809864,0.003521046167445302,0.012506102026236032,0.007109482313750506,0.012732817197661424,0.0009765625,0.0009765625,0.003088161777508183,0.003088161777508183,0.009003461384075085,0.005940197783494355,0.006905339660024878,0.009765625,0.019555648822754675,0.013566839833447074,0.01171875,0.008286407592029853,0.008734640537108554,0.01800692276815017,0.004367320268554277,0.0048828125,0.013601941676937616,0.004367320268554277,0.0009765625,0.01953125,0.003088161777508183,0.003088161777508183,0.024433585943743757,0.0013810679320049757,0.004026470337517247,0.024020261477048523,0.005940197783494355,0.004026470337517247,0.010786485368346935,0.003088161777508183,0.003088161777508183,0.0087890625,0.004367320268554277,0.003521046167445302,0.008843149548962322,0.0027621358640099515,0.004979511243742954,0.0021836601342771385,0.00390625,0.0048828125,0.009003461384075085,0.005694288959809864,0.0021836601342771385,0.01019561182510796,0.003521046167445302,0.0192608231673008,0.009264485332524549,0.0065509804028314154,0.015655487833868553,0.0009765625,0.0013810679320049757,0.021439939843847802,0.0021836601342771385,0.001953125,0.012236293052872722,0.001953125,0.0041432037960149265,0.005859375,1,1,0.0
17.578125,9.588605880737305,5.0,0.2499416172504425,2.256406784057617,1.171875,27.331220626831055,8.075211524963379,2.34375,0.5197252631187439,0.030414866283535957,970.0,19805.0,6861796.5,20.417526245117188,0.230333149433136,1.5447312593460083,4.608691215515137,0.00028989941347390413,0.0,0.1293126791715622,942,906,892,906,939,904,873,830,864,808,824,857,922,886,953,972,971,909,858,810,815,781,766,812,783,776,748,813,906,857,902,941,910,841,779,780,862,858,888,955,940,968,956,987,1024,970,912,1017,1036,999,989,1034,1063,1019,976,953,1005,989,939,893,907,830,798,892,920,892,907,940,955,969,969,1000,968,975,922,926,983,935,877,973,972,958,952,952,919,903,876,908,938,924,920,941,968,920,889,889,958,928,904,906,937,845,876,940,968,912,861,855,896,891,920,983,936,910,861,906,923,827,863,919,971,975,953,966,1002,935,920,986,958,954,938,1004,1037,1002,928,972,973,937,891,889,975,968,984,967,1002,952,923,922,958,955,905,938,937,875,841,858,847,858,847,890,872,892,872,840,876,859,823,937,968,969,954,974,973,1002,984,992,1035,1002,989,1020,1049,988,991,940,969,909,873,894,927,841,878,910,910,856,813,830,893,875,890,952,923,924,861,890,912,844,890,877,875,842,839,872,967,953,939,971,953,971,954,983,973,922,862,926,983,942,918,941,1004,986,959,955,1016,975,936,942,1035,992,953,1024,1049,1005,957,937,863,826,764,829,824,860,902,967,1050,1003,953,988,0.00244140625,0.046925835065367044,0.05160095630321448,0.1135251281078954,0.096304115836504,0.0517578125,0.13070624202424902,0.025781989809461104,0.082546974449235,0.021506558149946522,0.06385852626668678,0.028920103310470405,0.03259437357085671,0.03401186477982031,0.08835057600143395,0.04929464634423423,0.03389952140177692,0.03452669830012439,0.05899924791794225,0.06204054755573668,0.016370170521718956,0.032754902014157074,0.056277459118062145,0.01589728573837862,0.040641898528681275,0.0328276099882258,0.04809012598533254,0.005940197783494355,0.0450596562307005,0.023840928936979887,0.029700988917471777,0.013101960805662831,0.024705294220065465,0.022881590847382775,0.011134525635733769,0.02510734400816883,0.005258950006967289,0.01019561182510796,0.030414866215619993,0.019186408891004394,0.015776850020901866,0.009814331661250869,0.005694288959809864,0.014218964627501012,0.013671875,0.020132351687586234,0.015440808887540914,0.022482157096135425,0.007627196949127592,0.016858082521125067,0.009003461384075085,0.010918300671385692,0.004026470337517247,0.007873298582322802,0.009264485332524549,0.01242961138804478,0.009212872199274027,0.0048828125,0.010381001770248682,0.007627196949127592,0.004367320268554277,0.02231183527108567,0.005694288959809864,0.004026470337517247,0.0966747552403483,0.006253051013118016,0.00390625,0.004026470337517247,0.010786485368346935,0.004979511243742954,0.012236293052872722,0.001953125,0.0021836601342771385,0.004367320268554277,0.0048828125,0.011134525635733769,0.004026470337517247,0.008734640537108554,0.012079411012551739,0.016858082521125067,0.011388577919619728,0.010517900013934578,0.006253051013118016,0.007627196949127592,0.016253239235442616,0.007109482313750506,0.004979511243742954,0.012079411012551739,0.006905339660024878,0.0013810679320049757,0.01680141653719263,0.001953125,0.0048828125,0.023294649300540163,0.0009765625,0.0048828125,0.024472586105745445,0.0048828125,0.0021836601342771385,0.011134525635733769,0.0029296875,0.001953125,0.009264485332524549,0.003521046167445302,0.004367320268554277,0.008843149548962322,0.001953125,0.004367320268554277,0.0029296875,0.003088161777508183,0.004367320268554277,0.009212872199274027,0.005258950006967289,0.004367320268554277,0.007873298582322802,0.0021836601342771385,0.01800692276815017,0.011134525635733769,0.008052940675034493,0.0166015625,0.0009765625,0.003088161777508183,0.020320949264340638,0.003088161777508183,0.003521046167445302,0.012732817197661424,0.003521046167445302,0.005694288959809864,0.0078125,1,1,0.0
17.578125,9.610207557678223,6.0,0.2439085990190506,2.1832492351531982,1.171875,24.17696189880371,8.10112476348877,2.34375,0.5185695290565491,0.030241919681429863,959.0,17914.0,6332068.0,18.679874420166016,0.23752188682556152,1.3255882263183594,4.359807968139648,0.00020365769159980118,0.0,0.13726253807544708,987,920,907,923,958,988,941,937,942,906,892,906,939,904,873,830,864,808,824,857,922,886,953,972,971,909,858,810,815,781,766,812,783,776,748,813,906,857,902,941,910,841,779,780,862,858,888,955,940,968,956,987,1024,970,912,1017,1036,999,989,1034,1063,1019,976,953,1005,989,939,893,907,830,798,892,920,892,907,940,955,969,969,1000,968,975,922,926,983,935,877,973,972,958,952,952,919,903,876,908,938,924,920,941,968,920,889,889,958,928,904,906,937,845,876,940,968,912,861,855,896,891,920,983,936,910,861,906,923,827,863,919,971,975,953,966,1002,935,920,986,958,954,938,1004,1037,1002,928,972,973,937,891,889,975,968,984,967,1002,952,923,922,958,955,905,938,937,875,841,858,847,858,847,890,872,892,872,840,876,859,823,937,968,969,954,974,973,1002,984,992,1035,1002,989,1020,1049,988,991,940,969,909,873,894,927,841,878,910,910,856,813,830,893,875,890,952,923,924,861,890,912,844,890,877,875,842,839,872,967,953,939,971,953,971,954,983,973,922,862,926,983,942,918,941,1004,986,959,955,1016,975,936,942,1035,992,953,1024,1049,1005,957,937,863,826,764,829,0.00146484375,0.04018171994422067,0.051767024533978793,0.11753285699388291,0.1039844190223423,0.05402959450634005,0.12442647970805516,0.020108652619115236,0.0842621224848065,0.019918044974971814,0.062454206856716724,0.024492062898407135,0.026565372087373914,0.030289184412638327,0.07991718774439362,0.04008667139018319,0.02132844694125152,0.02157297073669387,0.049071658306254345,0.05687585851000405,0.029378142493147116,0.030336376107439583,0.05258950006967289,0.016370170521718956,0.03360283307438526,0.018657200365764452,0.05305889729377392,0.015655487833868553,0.03416573375885918,0.013566839833447074,0.015254393898255184,0.015440808887540914,0.03847210078826603,0.01171875,0.023518739411703703,0.027793455997573647,0.017387200990981306,0.004979511243742954,0.02638526579317636,0.02756951994822872,0.009618025197066508,0.01878455474772592,0.01760523083722651,0.021683206358568866,0.019186408891004394,0.023518739411703703,0.025202124805788945,0.013810679320049757,0.0048828125,0.01242961138804478,0.016105881350068987,0.01760523083722651,0.009003461384075085,0.004979511243742954,0.010517900013934578,0.016630260122975003,0.009765625,0.001953125,0.010786485368346935,0.007627196949127592,0.0078125,0.018425744398548053,0.008052940675034493,0.0021836601342771385,0.09905733209361085,0.005694288959809864,0.007042092334890604,0.004979511243742954,0.0146484375,0.008400708268596315,0.014084184669781208,0.0029296875,0.00390625,0.006176323555016366,0.003521046167445302,0.013282686043686957,0.0,0.009212872199274027,0.016630260122975003,0.0146484375,0.005258950006967289,0.011388577919619728,0.006176323555016366,0.007042092334890604,0.0126953125,0.008843149548962322,0.010517900013934578,0.015440808887540914,0.0041432037960149265,0.005258950006967289,0.0185803687406645,0.005258950006967289,0.0041432037960149265,0.026565372087373914,0.0041432037960149265,0.0021836601342771385,0.024119314521930602,0.0078125,0.005258950006967289,0.014517645261053229,0.0021836601342771385,0.0021836601342771385,0.007873298582322802,0.003088161777508183,0.005524271728019903,0.010054326309557618,0.0021836601342771385,0.005694288959809864,0.003521046167445302,0.003521046167445302,0.004026470337517247,0.009264485332524549,0.005258950006967289,0.0048828125,0.007437278423695223,0.0013810679320049757,0.016253239235442616,0.011759369705851851,0.009003461384075085,0.01800692276815017,0.0021836601342771385,0.003521046167445302,0.02298555135925746,0.0013810679320049757,0.0027621358640099515,0.013879560940968648,0.0009765625,0.0027621358640099515,0.00390625,1,1,0.0
21.484375,10.158668518066406,6.0,0.19275134801864624,1.965964436531067,1.171875,22.852874755859375,8.561397552490234,2.34375,0.5350779294967651,0.0297009889036417,925.0,16234.0,6169731.5,17.550270080566406,0.2721707224845886,1.1207455396652222,4.349865436553955,7.599939272040501e-05,0.0,0.15215009450912476,968,971,941,936,986,959,920,989,987,920,907,923,958,988,941,937,942,906,892,906,939,904,873,830,864,808,824,857,922,886,953,972,971,909,858,810,815,781,766,812,783,776,748,813,906,857,902,941,910,841,779,780,862,858,888,955,940,968,956,987,1024,970,912,1017,1036,999,989,1034,1063,1019,976,953,1005,989,939,893,907,830,798,892,920,892,907,940,955,969,969,1000,968,975,922,926,983,935,877,973,972,958,952,952,919,903,876,908,938,924,920,941,968,920,889,889,958,928,904,906,937,845,876,940,968,912,861,855,896,891,920,983,936,910,861,906,923,827,863,919,971,975,953,966,1002,935,920,986,958,954,938,1004,1037,1002,928,972,973,937,891,889,975,968,984,967,1002,952,923,922,958,955,905,938,937,875,841,858,847,858,847,890,872,892,872,840,876,859,823,937,968,969,954,974,973,1002,984,992,1035,1002,989,1020,1049,988,991,940,969,909,873,894,927,841,878,910,910,856,813,830,893,875,890,952,923,924,861,890,912,844,890,877,875,842,839,872,967,953,939,971,953,971,954,983,973,922,862,926,983,942,918,941,1004,986,959,955,1016,975,936,942,1035,992,953,1024,0.0009765625,0.034637007521422264,0.051248600638288774,0.12018068697578932,0.11107513057092329,0.05373756442264689,0.12089275784316354,0.01800692276815017,0.08212420328761187,0.019773883526676354,0.06545883212839411,0.023518739411703703,0.022269051271467537,0.03234471711265468,0.06919825678928467,0.029442994983752607,0.0068359375,0.0126953125,0.048010736536257245,0.06449010539491819,0.04014610310760638,0.020967686087484266,0.03798564519292329,0.012732817197661424,0.017953883116064683,0.029313146523053973,0.038397662600268556,0.023518739411703703,0.027759121881937295,0.013706707859002147,0.0283203125,0.0235996991671769,0.032285693857063556,0.024433585943743757,0.013282686043686957,0.02132844694125152,0.006905339660024878,0.009765625,0.028588439781844624,0.01953125,0.014778072217208551,0.013601941676937616,0.0107421875,0.015776850020901866,0.01824369305885684,0.01875915303935405,0.020320949264340638,0.01792730444402912,0.005859375,0.01313830473347042,0.01188039556698871,0.013671875,0.006905339660024878,0.005940197783494355,0.00834375365753665,0.01179984958358845,0.007873298582322802,0.006253051013118016,0.008843149548962322,0.010054326309557618,0.005940197783494355,0.0244140625,0.008400708268596315,0.005524271728019903,0.09533370985832641,0.007873298582322802,0.0029296875,0.006905339660024878,0.009814331661250869,0.005694288959809864,0.01019561182510796,0.0021836601342771385,0.0009765625,0.001953125,0.0013810679320049757,0.01019561182510796,0.0029296875,0.007042092334890604,0.014938533731228863,0.017387200990981306,0.005940197783494355,0.011134525635733769,0.007627196949127592,0.0065509804028314154,0.012506102026236032,0.009212872199274027,0.009765625,0.016630260122975003,0.0021836601342771385,0.003521046167445302,0.019457869965987574,0.0029296875,0.003521046167445302,0.024158822025103478,0.0021836601342771385,0.004979511243742954,0.024472586105745445,0.005694288959809864,0.00390625,0.010517900013934578,0.0021836601342771385,0.003088161777508183,0.008052940675034493,0.0029296875,0.006176323555016366,0.007042092334890604,0.0013810679320049757,0.0041432037960149265,0.005940197783494355,0.0048828125,0.003088161777508183,0.005859375,0.001953125,0.004979511243742954,0.00834375365753665,0.0021836601342771385,0.01886055460530075,0.00966747552403483,0.007437278423695223,0.016016815885602272,0.0027621358640099515,0.0009765625,0.019555648822754675,0.003521046167445302,0.0029296875,0.010563138502335907,0.004979511243742954,0.0068359375,0.0087890625,1,1,0.0
20.703125,10.083081245422363,5.0,0.17224086821079254,2.2881405353546143,1.171875,23.777494430541992,8.143813133239746,2.34375,0.5760183334350586,0.02873816154897213,866.0,15325.0,6128744.0,17.696304321289062,0.25174081325531006,1.011885166168213,4.490712642669678,3.607894177548587e-05,1.171875,0.14386630058288574,952,892,840,812,826,873,908,955,968,971,941,936,986,959,920,989,987,920,907,923,958,988,941,937,942,906,892,906,939,904,873,830,864,808,824,857,922,886,953,972,971,909,858,810,815,781,766,812,783,776,748,813,906,857,902,941,910,841,779,780,862,858,888,955,940,968,956,987,1024,970,912,1017,1036,999,989,1034,1063,1019,976,953,1005,989,939,893,907,830,798,892,920,892,907,940,955,969,969,1000,968,975,922,926,983,935,877,973,972,958,952,952,919,903,876,908,938,924,920,941,968,920,889,889,958,928,904,906,937,845,876,940,968,912,861,855,896,891,920,983,936,910,861,906,923,827,863,919,971,975,953,966,1002,935,920,986,958,954,938,1004,1037,1002,928,972,973,937,891,889,975,968,984,967,1002,952,923,922,958,955,905,938,937,875,841,858,847,858,847,890,872,892,872,840,876,859,823,937,968,969,954,974,973,1002,984,992,1035,1002,989,1020,1049,988,991,940,969,909,873,894,927,841,878,910,910,856,813,830,893,875,890,952,923,924,861,890,912,844,890,877,875,842,839,872,967,953,939,971,953,971,954,983,973,922,862,926,983,942,918,941,1004,986,959,955,0.001953125,0.05256229156561675,0.04021730523823047,0.09835686181261072,0.09968593871230348,0.033260520245950005,0.13711577397817076,0.0390625,0.06844999573779319,0.025559086578715626,0.080078125,0.0328276099882258,0.0328276099882258,0.03614600688148779,0.050043468653589676,0.011430371006562134,0.018961413905222265,0.0283875817456028,0.06577857077753481,0.0785692933027761,0.029749113694780893,0.015191747252054731,0.04323426488511456,0.004979511243742954,0.0318844291353799,0.02378085090212094,0.0492656181860525,0.01708286687942959,0.029313146523053973,0.0068359375,0.01760523083722651,0.025781989809461104,0.04143203796014927,0.024647323172117114,0.020108652619115236,0.014778072217208551,0.010786485368346935,0.015440808887540914,0.03489759450235476,0.01878455474772592,0.016164985700436375,0.010381001770248682,0.007042092334890604,0.012732817197661424,0.01727715430952552,0.016858082521125067,0.017953883116064683,0.01953125,0.009765625,0.011759369705851851,0.013879560940968648,0.013810679320049757,0.010381001770248682,0.0021836601342771385,0.008052940675034493,0.01441877251975918,0.0078125,0.0027621358640099515,0.009765625,0.006253051013118016,0.004979511243742954,0.020967686087484266,0.00390625,0.008052940675034493,0.09199405352406786,0.006253051013118016,0.003088161777508183,0.007109482313750506,0.0048828125,0.003088161777508183,0.010563138502335907,0.0065509804028314154,0.005258950006967289,0.0027621358640099515,0.0048828125,0.009003461384075085,0.006176323555016366,0.007873298582322802,0.019236050394133015,0.0170549308560283,0.0029296875,0.014680953494504793,0.006253051013118016,0.00390625,0.015746597164645604,0.005258950006967289,0.006905339660024878,0.014218964627501012,0.0048828125,0.001953125,0.01800692276815017,0.003088161777508183,0.004026470337517247,0.025633603024231812,0.0029296875,0.004026470337517247,0.02489755621871477,0.0065509804028314154,0.00390625,0.011134525635733769,0.0029296875,0.003521046167445302,0.007873298582322802,0.0021836601342771385,0.006176323555016366,0.006905339660024878,0.0,0.004026470337517247,0.005694288959809864,0.004026470337517247,0.0013810679320049757,0.007109482313750506,0.004367320268554277,0.0065509804028314154,0.006176323555016366,0.004026470337517247,0.020132351687586234,0.006905339660024878,0.004979511243742954,0.01242961138804478,0.004026470337517247,0.004367320268554277,0.01760523083722651,0.004367320268554277,0.005258950006967289,0.014680953494504793,0.0009765625,0.003088161777508183,0.005859375,1,1,0.0
18.359375,9.790600776672363,6.0,0.18943357467651367,2.189519166946411,1.5625,32.583255767822266,8.258358001708984,2.34375,0.5564320683479309,0.02885407581925392,873.0,19714.0,5966351.5,22.58190155029297,0.2541343569755554,1.89193856716156,5.00302267074585,0.00014310373808257282,0.0,0.1431059092283249,943,926,923,973,1040,1019,958,987,952,892,840,812,826,873,908,955,968,971,941,936,986,959,920,989,987,920,907,923,958,988,941,937,942,906,892,906,939,904,873,830,864,808,824,857,922,886,953,972,971,909,858,810,815,781,766,812,783,776,748,813,906,857,902,941,910,841,779,780,862,858,888,955,940,968,956,987,1024,970,912,1017,1036,999,989,1034,1063,1019,976,953,1005,989,939,893,907,830,798,892,920,892,907,940,955,969,969,1000,968,975,922,926,983,935,877,973,972,958,952,952,919,903,876,908,938,924,920,941,968,920,889,889,958,928,904,906,937,845,876,940,968,912,861,855,896,891,920,983,936,910,861,906,923,827,863,919,971,975,953,966,1002,935,920,986,958,954,938,1004,1037,1002,928,972,973,937,891,889,975,968,984,967,1002,952,923,922,958,955,905,938,937,875,841,858,847,858,847,890,872,892,872,840,876,859,823,937,968,969,954,974,973,1002,984,992,1035,1002,989,1020,1049,988,991,940,969,909,873,894,927,841,878,910,910,856,813,830,893,875,890,952,923,924,861,890,912,844,890,877,875,842,839,872,967,953,939,971,953,971,954,983,973,922,862,926,0.001953125,0.051794650805375465,0.040430159266571196,0.0989417346619219,0.10096919551220962,0.03452669830012439,0.13633106305036063,0.03665688355297551,0.06895665407777238,0.023212625632821705,0.07931226759471466,0.029523860269201122,0.028920103310470405,0.038989189018900645,0.0510995134841841,0.011759369705851851,0.019555648822754675,0.0324624416769427,0.06910861723810208,0.083984375,0.02681548870653512,0.01792730444402912,0.047461339375870576,0.011134525635733769,0.035907766232129365,0.019918044974971814,0.05363097741307024,0.022651198251451565,0.024158822025103478,0.004367320268554277,0.023212625632821705,0.026057937625246747,0.037224840922941246,0.023840928936979887,0.016630260122975003,0.019384212149686726,0.010918300671385692,0.012079411012551739,0.034678283016727936,0.0244140625,0.015254393898255184,0.005694288959809864,0.003521046167445302,0.009212872199274027,0.018657200365764452,0.013982247132105814,0.018657200365764452,0.017953883116064683,0.009264485332524549,0.010918300671385692,0.014874556847390447,0.014218964627501012,0.0087890625,0.0029296875,0.007627196949127592,0.013282686043686957,0.0068359375,0.0021836601342771385,0.010517900013934578,0.0065509804028314154,0.004026470337517247,0.020600608505594715,0.003088161777508183,0.007873298582322802,0.09184361343399595,0.007627196949127592,0.0009765625,0.007873298582322802,0.005859375,0.0029296875,0.010381001770248682,0.005694288959809864,0.00390625,0.0013810679320049757,0.0048828125,0.007109482313750506,0.007109482313750506,0.0068359375,0.018657200365764452,0.017578125,0.0021836601342771385,0.015440808887540914,0.005524271728019903,0.003088161777508183,0.016016815885602272,0.004026470337517247,0.006905339660024878,0.013566839833447074,0.0048828125,0.003521046167445302,0.017469281074217108,0.0029296875,0.0041432037960149265,0.02458921545315268,0.0013810679320049757,0.0041432037960149265,0.024020261477048523,0.006253051013118016,0.004367320268554277,0.011759369705851851,0.001953125,0.001953125,0.008734640537108554,0.004367320268554277,0.005940197783494355,0.0048828125,0.001953125,0.004367320268554277,0.006176323555016366,0.0041432037960149265,0.003521046167445302,0.00834375365753665,0.005940197783494355,0.007627196949127592,0.005524271728019903,0.004367320268554277,0.0192608231673008,0.007627196949127592,0.005524271728019903,0.01179984958358845,0.00390625,0.0048828125,0.01708286687942959,0.0048828125,0.005258950006967289,0.0146484375,0.0009765625,0.003088161777508183,0.005859375,1,1,0.0
17.578125,9.647704124450684,6.0,0.20899438858032227,2.177394151687622,1.5625,30.42270278930664,8.193598747253418,2.34375,0.5420576930046082,0.029084516689181328,887.0,19489.0,6085821.0,21.97181510925293,0.2489479035139084,1.8231056928634644,4.8323259353637695,0.00014086738519836217,0.0,0.13635386526584625,1007,972,922,918,956,919,907,873,943,926,923,973,1040,1019,958,987,952,892,840,812,826,873,908,955,968,971,941,936,986,959,920,989,987,920,907,923,958,988,941,937,942,906,892,906,939,904,873,830,864,808,824,857,922,886,953,972,971,909,858,810,815,781,766,812,783,776,748,813,906,857,902,941,910,841,779,780,862,858,888,955,940,968,956,987,1024,970,912,1017,1036,999,989,1034,1063,1019,976,953,1005,989,939,893,907,830,798,892,920,892,907,940,955,969,969,1000,968,975,922,926,983,935,877,973,972,958,952,952,919,903,876,908,938,924,920,941,968,920,889,889,958,928,904,906,937,845,876,940,968,912,861,855,896,891,920,983,936,910,861,906,923,827,863,919,971,975,953,966,1002,935,920,986,958,954,938,1004,1037,1002,928,972,973,937,891,889,975,968,984,967,1002,952,923,922,958,955,905,938,937,875,841,858,847,858,847,890,872,892,872,840,876,859,823,937,968,969,954,974,973,1002,984,992,1035,1002,989,1020,1049,988,991,940,969,909,873,894,927,841,878,910,910,856,813,830,893,875,890,952,923,924,861,890,912,844,890,877,875,842,839,872,967,953,939,971,0.001953125,0.0522803078684538,0.04026470337517247,0.09901399887216075,0.10070438262888097,0.0341098617120566,0.1353869283251826,0.0363433477850164,0.07086641623643256,0.022714264354712906,0.07825306885767823,0.0283203125,0.027361183058831836,0.040794137840244965,0.05006252194521991,0.011134525635733769,0.0224609375,0.03416573375885918,0.07206078443114557,0.08291584979346625,0.023619895746968406,0.019918044974971814,0.04891593666550076,0.010381001770248682,0.03176456243611444,0.021836601342771385,0.04848512338791566,0.018425744398548053,0.02883754503951836,0.006176323555016366,0.01878455474772592,0.028185292362620726,0.04306850990468739,0.027930370402490412,0.015746597164645604,0.016630260122975003,0.005258950006967289,0.009003461384075085,0.028721564784868637,0.025202124805788945,0.008400708268596315,0.006905339660024878,0.005940197783494355,0.010054326309557618,0.018528970665049098,0.009959022487485907,0.01953125,0.016716057391234072,0.011048543456039806,0.010918300671385692,0.015776850020901866,0.0146484375,0.005258950006967289,0.007042092334890604,0.003521046167445302,0.0126953125,0.005694288959809864,0.004979511243742954,0.01284467425582608,0.004026470337517247,0.0041432037960149265,0.022482157096135425,0.0029296875,0.008400708268596315,0.09254185734751667,0.007627196949127592,0.0009765625,0.007042092334890604,0.006905339660024878,0.0021836601342771385,0.01019561182510796,0.005524271728019903,0.004026470337517247,0.0009765625,0.004367320268554277,0.008286407592029853,0.006253051013118016,0.005694288959809864,0.017469281074217108,0.018961413905222265,0.0027621358640099515,0.016253239235442616,0.006253051013118016,0.0021836601342771385,0.017820593350483065,0.003521046167445302,0.0048828125,0.011134525635733769,0.006176323555016366,0.003521046167445302,0.0185546875,0.004026470337517247,0.003088161777508183,0.024020261477048523,0.001953125,0.0048828125,0.02315091717017519,0.0065509804028314154,0.0041432037960149265,0.012732817197661424,0.0013810679320049757,0.0021836601342771385,0.008286407592029853,0.004026470337517247,0.004979511243742954,0.005694288959809864,0.0013810679320049757,0.003088161777508183,0.007437278423695223,0.006176323555016366,0.004367320268554277,0.00834375365753665,0.005859375,0.007109482313750506,0.0041432037960149265,0.0048828125,0.017686299097924643,0.007873298582322802,0.0068359375,0.009003461384075085,0.007109482313750506,0.007109482313750506,0.0185546875,0.0048828125,0.004367320268554277,0.011759369705851851,0.003521046167445302,0.006176323555016366,0.0087890625,1,1,0.0
17.96875,9.704659461975098,6.0,0.21294216811656952,2.1933367252349854,1.5625,29.58077621459961,8.216435432434082,2.34375,0.5405890345573425,0.029018864035606384,883.0,19220.0,6028170.5,21.766704559326172,0.24646878242492676,1.8074102401733398,4.765853404998779,0.0001414252183167264,0.0,0.13855929672718048,894,908,844,912,968,968,937,986,1007,972,922,918,956,919,907,873,943,926,923,973,1040,1019,958,987,952,892,840,812,826,873,908,955,968,971,941,936,986,959,920,989,987,920,907,923,958,988,941,937,942,906,892,906,939,904,873,830,864,808,824,857,922,886,953,972,971,909,858,810,815,781,766,812,783,776,748,813,906,857,902,941,910,841,779,780,862,858,888,955,940,968,956,987,1024,970,912,1017,1036,999,989,1034,1063,1019,976,953,1005,989,939,893,907,830,798,892,920,892,907,940,955,969,969,1000,968,975,922,926,983,935,877,973,972,958,952,952,919,903,876,908,938,924,920,941,968,920,889,889,958,928,904,906,937,845,876,940,968,912,861,855,896,891,920,983,936,910,861,906,923,827,863,919,971,975,953,966,1002,935,920,986,958,954,938,1004,1037,1002,928,972,973,937,891,889,975,968,984,967,1002,952,923,922,958,955,905,938,937,875,841,858,847,858,847,890,872,892,872,840,876,859,823,937,968,969,954,974,973,1002,984,992,1035,1002,989,1020,1049,988,991,940,969,909,873,894,927,841,878,910,910,856,813,830,893,875,890,952,923,924,861,890,912,844,890,877,0.00048828125,0.04976637619625354,0.04518646602054404,0.09859412917171542,0.0966846195080379,0.029523860269201122,0.13680591529415917,0.03601384553630034,0.07510013253800929,0.02231183527108567,0.0754232543541001,0.023840928936979887,0.024433585943743757,0.045575241756164196,0.04712862700005334,0.009003461384075085,0.025465634395322848,0.03633022507370757,0.06977469014803223,0.07912567148029159,0.025947910655442233,0.017387200990981306,0.04501730692037543,0.009003461384075085,0.03455430861905104,0.019918044974971814,0.051164792568084906,0.020692988379313566,0.026565372087373914,0.005940197783494355,0.01953125,0.025409398107925172,0.04324529262789947,0.027203883353875233,0.017469281074217108,0.015254393898255184,0.003521046167445302,0.008843149548962322,0.027238917345666705,0.02627660946694084,0.007627196949127592,0.006176323555016366,0.0068359375,0.009212872199274027,0.019236050394133015,0.009264485332524549,0.020531050821902968,0.016370170521718956,0.010381001770248682,0.01019561182510796,0.015746597164645604,0.0146484375,0.005258950006967289,0.006905339660024878,0.0029296875,0.012079411012551739,0.005694288959809864,0.0048828125,0.013282686043686957,0.004026470337517247,0.004026470337517247,0.02229045353615884,0.003088161777508183,0.009264485332524549,0.09242327007875659,0.007627196949127592,0.0009765625,0.007109482313750506,0.005940197783494355,0.0013810679320049757,0.009814331661250869,0.005694288959809864,0.004026470337517247,0.0009765625,0.00390625,0.007109482313750506,0.005859375,0.005694288959809864,0.017686299097924643,0.018347943582085875,0.0027621358640099515,0.01727715430952552,0.005940197783494355,0.001953125,0.017387200990981306,0.004026470337517247,0.0048828125,0.01313830473347042,0.005940197783494355,0.003521046167445302,0.01760523083722651,0.0048828125,0.0029296875,0.024020261477048523,0.003521046167445302,0.005694288959809864,0.022777155839239456,0.006905339660024878,0.0065509804028314154,0.013982247132105814,0.0027621358640099515,0.0013810679320049757,0.011134525635733769,0.0048828125,0.006905339660024878,0.0068359375,0.0013810679320049757,0.004026470337517247,0.005859375,0.004979511243742954,0.0048828125,0.006176323555016366,0.005694288959809864,0.005258950006967289,0.003088161777508183,0.0068359375,0.018657200365764452,0.007873298582322802,0.007042092334890604,0.007109482313750506,0.006905339660024878,0.006253051013118016,0.022269051271467537,0.0013810679320049757,0.0029296875,0.01188039556698871,0.0027621358640099515,0.003521046167445302,0.0048828125,1,1,0.0
18.359375,9.810178756713867,7.0,0.20833446085453033,2.151426315307617,1.171875,32.07642364501953,8.28332805633545,2.34375,0.5404568910598755,0.028821004554629326,871.0,19625.0,5935681.5,22.531572341918945,0.251208633184433,1.9253408908843994,4.939775466918945,8.969494956545532e-06,0.0,0.1335253119468689,880,831,809,814,909,906,918,903,894,908,844,912,968,968,937,986,1007,972,922,918,956,919,907,873,943,926,923,973,1040,1019,958,987,952,892,840,812,826,873,908,955,968,971,941,936,986,959,920,989,987,920,907,923,958,988,941,937,942,906,892,906,939,904,873,830,864,808,824,857,922,886,953,972,971,909,858,810,815,781,766,812,783,776,748,813,906,857,902,941,910,841,779,780,862,858,888,955,940,968,956,987,1024,970,912,1017,1036,999,989,1034,1063,1019,976,953,1005,989,939,893,907,830,798,892,920,892,907,940,955,969,969,1000,968,975,922,926,983,935,877,973,972,958,952,952,919,903,876,908,938,924,920,941,968,920,889,889,958,928,904,906,937,845,876,940,968,912,861,855,896,891,920,983,936,910,861,906,923,827,863,919,971,975,953,966,1002,935,920,986,958,954,938,1004,1037,1002,928,972,973,937,891,889,975,968,984,967,1002,952,923,922,958,955,905,938,937,875,841,858,847,858,847,890,872,892,872,840,876,859,823,937,968,969,954,974,973,1002,984,992,1035,1002,989,1020,1049,988,991,940,969,909,873,894,927,841,878,910,910,856,813,830,893,875,890,952,0.00048828125,0.051164792568084906,0.03792282781044453,0.10312795923784442,0.09717164919223241,0.031035641761856844,0.14360782392434318,0.0439561618551832,0.07627822103585355,0.029700988917471777,0.06701382212616314,0.017387200990981306,0.01680141653719263,0.05402076830445051,0.04316803926816473,0.0078125,0.03274034104343791,0.035507146411519225,0.06090807081840889,0.07511917817825073,0.03500673501745102,0.012506102026236032,0.04820896502811517,0.01727715430952552,0.03819845159298427,0.016630260122975003,0.04458090707231768,0.017820593350483065,0.0341098617120566,0.01179984958358845,0.013879560940968648,0.033332125323976586,0.04404286048351438,0.030289184412638327,0.012236293052872722,0.020108652619115236,0.009618025197066508,0.01188039556698871,0.03152346170228315,0.021945512748285382,0.009959022487485907,0.010381001770248682,0.010381001770248682,0.013671875,0.018961413905222265,0.00834375365753665,0.022140203220223895,0.0146484375,0.010563138502335907,0.012732817197661424,0.013282686043686957,0.01179984958358845,0.008052940675034493,0.005524271728019903,0.0048828125,0.013810679320049757,0.005940197783494355,0.0041432037960149265,0.010563138502335907,0.007627196949127592,0.006905339660024878,0.019773883526676354,0.003088161777508183,0.01188039556698871,0.0911557146801431,0.010381001770248682,0.00390625,0.004026470337517247,0.006905339660024878,0.0029296875,0.00966747552403483,0.0078125,0.004367320268554277,0.0029296875,0.0021836601342771385,0.0068359375,0.007627196949127592,0.004979511243742954,0.019186408891004394,0.01800692276815017,0.0013810679320049757,0.016630260122975003,0.005258950006967289,0.0027621358640099515,0.015746597164645604,0.0048828125,0.005940197783494355,0.0126953125,0.0068359375,0.0048828125,0.01800692276815017,0.005940197783494355,0.0013810679320049757,0.021683206358568866,0.0021836601342771385,0.005859375,0.021836601342771385,0.007873298582322802,0.004026470337517247,0.011759369705851851,0.001953125,0.003088161777508183,0.008843149548962322,0.0048828125,0.005940197783494355,0.004026470337517247,0.003521046167445302,0.005694288959809864,0.003521046167445302,0.0029296875,0.003521046167445302,0.003521046167445302,0.004367320268554277,0.005258950006967289,0.004979511243742954,0.00966747552403483,0.019918044974971814,0.007873298582322802,0.005940197783494355,0.008734640537108554,0.004026470337517247,0.003521046167445302,0.0192608231673008,0.0048828125,0.004979511243742954,0.0146484375,0.0009765625,0.006253051013118016,0.0078125,1,1,0.0
17.1875,9.656803131103516,5.0,0.20474374294281006,2.1957364082336426,1.171875,38.40123748779297,8.107881546020508,2.34375,0.5464071035385132,0.029133660718798637,890.0,21625.0,6504937.5,24.297752380371094,0.24884913861751556,1.9391140937805176,5.430181980133057,8.76846843311796e-06,0.0,0.14460551738739014,970,969,951,958,955,859,857,889,880,831,809,814,909,906,918,903,894,908,844,912,968,968,937,986,1007,972,922,918,956,919,907,873,943,926,923,973,1040,1019,958,987,952,892,840,812,826,873,908,955,968,971,941,936,986,959,920,989,987,920,907,923,958,988,941,937,942,906,892,906,939,904,873,830,864,808,824,857,922,886,953,972,971,909,858,810,815,781,766,812,783,776,748,813,906,857,902,941,910,841,779,780,862,858,888,955,940,968,956,987,1024,970,912,1017,1036,999,989,1034,1063,1019,976,953,1005,989,939,893,907,830,798,892,920,892,907,940,955,969,969,1000,968,975,922,926,983,935,877,973,972,958,952,952,919,903,876,908,938,924,920,941,968,920,889,889,958,928,904,906,937,845,876,940,968,912,861,855,896,891,920,983,936,910,861,906,923,827,863,919,971,975,953,966,1002,935,920,986,958,954,938,1004,1037,1002,928,972,973,937,891,889,975,968,984,967,1002,952,923,922,958,955,905,938,937,875,841,858,847,858,847,890,872,892,872,840,876,859,823,937,968,969,954,974,973,1002,984,992,1035,1002,989,1020,1049,988,991,940,969,909,873,894,927,841,878,910,0.0009765625,0.05191419476563286,0.05045152872300582,0.08843149548962322,0.10570809791748233,0.04148954255126563,0.13070624202424902,0.0388789633542859,0.0602389473175435,0.03669588716417175,0.06640625,0.030162978928672854,0.008400708268596315,0.062148056940223906,0.049042498162069216,0.02229045353615884,0.04680373814969437,0.04154696755113799,0.04935265143942687,0.07219300616514149,0.047037478823407405,0.021506558149946522,0.0615931524657089,0.028721564784868637,0.03126525506559008,0.026294750034836445,0.03758179961893331,0.007627196949127592,0.03423544559171505,0.004979511243742954,0.024020261477048523,0.02763861659782208,0.038397662600268556,0.024433585943743757,0.01886055460530075,0.015776850020901866,0.0029296875,0.005694288959809864,0.031035641761856844,0.027010384152225255,0.01313830473347042,0.009003461384075085,0.007873298582322802,0.015254393898255184,0.0146484375,0.011388577919619728,0.020132351687586234,0.015746597164645604,0.0126953125,0.015254393898255184,0.011388577919619728,0.008052940675034493,0.011430371006562134,0.001953125,0.009003461384075085,0.012732817197661424,0.003521046167445302,0.007873298582322802,0.01171875,0.007042092334890604,0.007873298582322802,0.024433585943743757,0.0048828125,0.008843149548962322,0.09254185734751667,0.008052940675034493,0.0013810679320049757,0.005694288959809864,0.008052940675034493,0.0013810679320049757,0.0126953125,0.009765625,0.005694288959809864,0.004367320268554277,0.0013810679320049757,0.007437278423695223,0.009003461384075085,0.005940197783494355,0.020899350155305366,0.017387200990981306,0.0013810679320049757,0.01528562093993997,0.005694288959809864,0.0021836601342771385,0.016630260122975003,0.0048828125,0.007437278423695223,0.013810679320049757,0.008052940675034493,0.0048828125,0.016858082521125067,0.007437278423695223,0.0009765625,0.021683206358568866,0.0009765625,0.004026470337517247,0.024492062898407135,0.0048828125,0.0048828125,0.01242961138804478,0.0009765625,0.0009765625,0.010054326309557618,0.004026470337517247,0.005940197783494355,0.005859375,0.0029296875,0.004979511243742954,0.004367320268554277,0.001953125,0.0021836601342771385,0.003088161777508183,0.00390625,0.004979511243742954,0.006176323555016366,0.011759369705851851,0.021439939843847802,0.006176323555016366,0.0041432037960149265,0.009959022487485907,0.0027621358640099515,0.00390625,0.01878455474772592,0.00390625,0.0027621358640099515,0.011759369705851851,0.003088161777508183,0.004979511243742954,0.005859375,1,1,0.0
18.359375,9.68948745727539,5.0,0.25189247727394104,2.101182222366333,1.5625,30.319339752197266,8.350630760192871,2.34375,0.5068745017051697,0.029084516689181328,887.0,17914.0,5224513.0,20.1961669921875,0.2412330061197281,1.5288896560668945,4.803625583648682,3.5208788176532835e-05,0.0,0.13810817897319794,1015,1014,925,907,957,905,891,989,970,969,951,958,955,859,857,889,880,831,809,814,909,906,918,903,894,908,844,912,968,968,937,986,1007,972,922,918,956,919,907,873,943,926,923,973,1040,1019,958,987,952,892,840,812,826,873,908,955,968,971,941,936,986,959,920,989,987,920,907,923,958,988,941,937,942,906,892,906,939,904,873,830,864,808,824,857,922,886,953,972,971,909,858,810,815,781,766,812,783,776,748,813,906,857,902,941,910,841,779,780,862,858,888,955,940,968,956,987,1024,970,912,1017,1036,999,989,1034,1063,1019,976,953,1005,989,939,893,907,830,798,892,920,892,907,940,955,969,969,1000,968,975,922,926,983,935,877,973,972,958,952,952,919,903,876,908,938,924,920,941,968,920,889,889,958,928,904,906,937,845,876,940,968,912,861,855,896,891,920,983,936,910,861,906,923,827,863,919,971,975,953,966,1002,935,920,986,958,954,938,1004,1037,1002,928,972,973,937,891,889,975,968,984,967,1002,952,923,922,958,955,905,938,937,875,841,858,847,858,847,890,872,892,872,840,876,859,823,937,968,969,954,974,973,1002,984,992,1035,1002,989,1020,1049,988,991,940,0.00244140625,0.05781546920162377,0.05688424171566679,0.07655278358307036,0.11641182086082501,0.05198762364924283,0.13082293102597328,0.04820896502811517,0.05808700139829317,0.04515479695975348,0.056446664127415724,0.02376079113397742,0.005258950006967289,0.0637688582707598,0.04217348219079919,0.014517645261053229,0.0380859375,0.03798564519292329,0.056446664127415724,0.07033962150534807,0.04523919852304871,0.016105881350068987,0.05869944893417468,0.029378142493147116,0.03601384553630034,0.027413415718004295,0.03423544559171505,0.004367320268554277,0.036604814089826784,0.006905339660024878,0.02638526579317636,0.02417855156863271,0.03965613379735733,0.025633603024231812,0.017686299097924643,0.01792730444402912,0.005694288959809864,0.007109482313750506,0.03066468450802262,0.025465634395322848,0.010563138502335907,0.007437278423695223,0.005940197783494355,0.01171875,0.013601941676937616,0.0146484375,0.0170549308560283,0.020132351687586234,0.016370170521718956,0.01886055460530075,0.008400708268596315,0.006176323555016366,0.014084184669781208,0.0029296875,0.009765625,0.009003461384075085,0.0027621358640099515,0.007042092334890604,0.013982247132105814,0.005694288959809864,0.006253051013118016,0.020132351687586234,0.0027621358640099515,0.012352647110032733,0.09212872199274028,0.00834375365753665,0.003521046167445302,0.004026470337517247,0.005694288959809864,0.0013810679320049757,0.011134525635733769,0.0078125,0.007042092334890604,0.004026470337517247,0.0009765625,0.010054326309557618,0.008052940675034493,0.004979511243742954,0.021683206358568866,0.017304731588544287,0.001953125,0.014874556847390447,0.007109482313750506,0.003521046167445302,0.01878455474772592,0.003521046167445302,0.007437278423695223,0.014778072217208551,0.005694288959809864,0.005258950006967289,0.016370170521718956,0.010054326309557618,0.0021836601342771385,0.019236050394133015,0.0021836601342771385,0.0021836601342771385,0.025781989809461104,0.004026470337517247,0.005694288959809864,0.014778072217208551,0.003088161777508183,0.0021836601342771385,0.008400708268596315,0.003088161777508183,0.004979511243742954,0.0048828125,0.0029296875,0.004979511243742954,0.003521046167445302,0.001953125,0.0021836601342771385,0.003088161777508183,0.004026470337517247,0.00390625,0.0065509804028314154,0.010563138502335907,0.020692988379313566,0.009618025197066508,0.005859375,0.010918300671385692,0.001953125,0.0021836601342771385,0.01589728573837862,0.004979511243742954,0.0027621358640099515,0.009765625,0.004979511243742954,0.004367320268554277,0.0029296875,1,1,0.0
18.359375,9.618124008178711,4.0,0.23638035356998444,2.2175981998443604,1.5625,31.543405532836914,8.154701232910156,2.34375,0.5262936949729919,0.02916637621819973,892.0,17946.0,5490441.0,20.118833541870117,0.237325981259346,1.262913465499878,4.958970546722412,0.00021889501658733934,0.0,0.13531988859176636,1004,974,967,969,990,921,952,988,1015,1014,925,907,957,905,891,989,970,969,951,958,955,859,857,889,880,831,809,814,909,906,918,903,894,908,844,912,968,968,937,986,1007,972,922,918,956,919,907,873,943,926,923,973,1040,1019,958,987,952,892,840,812,826,873,908,955,968,971,941,936,986,959,920,989,987,920,907,923,958,988,941,937,942,906,892,906,939,904,873,830,864,808,824,857,922,886,953,972,971,909,858,810,815,781,766,812,783,776,748,813,906,857,902,941,910,841,779,780,862,858,888,955,940,968,956,987,1024,970,912,1017,1036,999,989,1034,1063,1019,976,953,1005,989,939,893,907,830,798,892,920,892,907,940,955,969,969,1000,968,975,922,926,983,935,877,973,972,958,952,952,919,903,876,908,938,924,920,941,968,920,889,889,958,928,904,906,937,845,876,940,968,912,861,855,896,891,920,983,936,910,861,906,923,827,863,919,971,975,953,966,1002,935,920,986,958,954,938,1004,1037,1002,928,972,973,937,891,889,975,968,984,967,1002,952,923,922,958,955,905,938,937,875,841,858,847,858,847,890,872,892,872,840,876,859,823,937,968,969,954,974,973,1002,984,992,0.00146484375,0.051267206048463625,0.05374643713209771,0.08457843133661963,0.10691464051497022,0.04696646350160566,0.12281802254798624,0.04209426184033654,0.04898412579681427,0.04981426072209707,0.054635159104294395,0.029877067462457725,0.006253051013118016,0.07048183818658645,0.03416573375885918,0.01171875,0.03234471711265468,0.03363120187055188,0.06090807081840889,0.06945275151052557,0.043552935783159684,0.01188039556698871,0.0567751634912056,0.032754902014157074,0.039499508625306025,0.029378142493147116,0.030649130520459405,0.0021836601342771385,0.037224840922941246,0.0078125,0.02756951994822872,0.022777155839239456,0.0412127887617367,0.02681548870653512,0.01800692276815017,0.02157297073669387,0.00834375365753665,0.008843149548962322,0.03294360897154883,0.021506558149946522,0.00834375365753665,0.007873298582322802,0.004026470337517247,0.00966747552403483,0.01284467425582608,0.017686299097924643,0.016858082521125067,0.020716018980074635,0.01760523083722651,0.02132844694125152,0.005694288959809864,0.008734640537108554,0.0126953125,0.004026470337517247,0.006176323555016366,0.010381001770248682,0.004026470337517247,0.0065509804028314154,0.011759369705851851,0.006253051013118016,0.006176323555016366,0.02161713244255728,0.003088161777508183,0.01179984958358845,0.09124459864685998,0.008843149548962322,0.003521046167445302,0.0041432037960149265,0.004979511243742954,0.001953125,0.01188039556698871,0.007873298582322802,0.006253051013118016,0.004026470337517247,0.0,0.009814331661250869,0.007437278423695223,0.004367320268554277,0.020132351687586234,0.017686299097924643,0.0009765625,0.01516032685181643,0.007109482313750506,0.004026470337517247,0.018425744398548053,0.0029296875,0.007627196949127592,0.015625,0.005694288959809864,0.004026470337517247,0.015254393898255184,0.009765625,0.0021836601342771385,0.019749754312653012,0.003088161777508183,0.0013810679320049757,0.025390625,0.0048828125,0.005940197783494355,0.014874556847390447,0.003521046167445302,0.0027621358640099515,0.008843149548962322,0.001953125,0.004026470337517247,0.005940197783494355,0.004367320268554277,0.006905339660024878,0.003088161777508183,0.0029296875,0.003088161777508183,0.003088161777508183,0.003521046167445302,0.0029296875,0.0068359375,0.011430371006562134,0.020132351687586234,0.009212872199274027,0.0065509804028314154,0.0126953125,0.0009765625,0.0029296875,0.016370170521718956,0.006253051013118016,0.0029296875,0.009618025197066508,0.0048828125,0.0048828125,0.00390625,1,1,0.0
19.140625,9.798616409301758,5.0,0.24824561178684235,1.9993761777877808,1.5625,26.77737045288086,8.502423286437988,2.34375,0.501117467880249,0.028454691171646118,849.0,15817.0,4593102.5,18.63015365600586,0.25063690543174744,1.3196228742599487,4.542409896850586,8.277612505480647e-05,0.0,0.14122435450553894,943,967,953,1015,1087,1023,973,959,1004,974,967,969,990,921,952,988,1015,1014,925,907,957,905,891,989,970,969,951,958,955,859,857,889,880,831,809,814,909,906,918,903,894,908,844,912,968,968,937,986,1007,972,922,918,956,919,907,873,943,926,923,973,1040,1019,958,987,952,892,840,812,826,873,908,955,968,971,941,936,986,959,920,989,987,920,907,923,958,988,941,937,942,906,892,906,939,904,873,830,864,808,824,857,922,886,953,972,971,909,858,810,815,781,766,812,783,776,748,813,906,857,902,941,910,841,779,780,862,858,888,955,940,968,956,987,1024,970,912,1017,1036,999,989,1034,1063,1019,976,953,1005,989,939,893,907,830,798,892,920,892,907,940,955,969,969,1000,968,975,922,926,983,935,877,973,972,958,952,952,919,903,876,908,938,924,920,941,968,920,889,889,958,928,904,906,937,845,876,940,968,912,861,855,896,891,920,983,936,910,861,906,923,827,863,919,971,975,953,966,1002,935,920,986,958,954,938,1004,1037,1002,928,972,973,937,891,889,975,968,984,967,1002,952,923,922,958,955,905,938,937,875,841,858,847,858,847,890,872,892,872,840,876,859,823,937,0.0029296875,0.05313074417474783,0.054355156445608385,0.08217644330629463,0.10875416714806983,0.04712862700005334,0.12531241476384258,0.04194674139631744,0.05349744501875913,0.04559616222628419,0.0595703125,0.032033631771204545,0.005524271728019903,0.0742444445654227,0.03406789754396955,0.015776850020901866,0.03126525506559008,0.028738162049926096,0.06561162903219073,0.06961048198123725,0.04386929188518789,0.011759369705851851,0.05975413492491545,0.03911129764550935,0.038098455474865546,0.03451288485756307,0.03633022507370757,0.0087890625,0.03179457147675724,0.004367320268554277,0.021683206358568866,0.030289184412638327,0.03371616504225013,0.020762003540497363,0.024647323172117114,0.021126277004671814,0.011759369705851851,0.0107421875,0.03931801199061991,0.016858082521125067,0.005694288959809864,0.010563138502335907,0.0048828125,0.01019561182510796,0.010563138502335907,0.020762003540497363,0.020716018980074635,0.018347943582085875,0.0146484375,0.018961413905222265,0.008052940675034493,0.009003461384075085,0.011134525635733769,0.0021836601342771385,0.008734640537108554,0.010517900013934578,0.001953125,0.00834375365753665,0.01441877251975918,0.00390625,0.0048828125,0.018528970665049098,0.003521046167445302,0.013810679320049757,0.09504818146243728,0.006176323555016366,0.003088161777508183,0.007042092334890604,0.009003461384075085,0.0027621358640099515,0.011920464468489943,0.008400708268596315,0.003088161777508183,0.0021836601342771385,0.004979511243742954,0.013282686043686957,0.008052940675034493,0.006253051013118016,0.025465634395322848,0.01284467425582608,0.004367320268554277,0.014218964627501012,0.006905339660024878,0.0,0.014778072217208551,0.00390625,0.0029296875,0.011759369705851851,0.0029296875,0.003521046167445302,0.011388577919619728,0.01313830473347042,0.005258950006967289,0.018165112536853784,0.004367320268554277,0.0009765625,0.02751758360079174,0.005694288959809864,0.005859375,0.013282686043686957,0.0021836601342771385,0.0021836601342771385,0.009814331661250869,0.003088161777508183,0.004979511243742954,0.005258950006967289,0.003521046167445302,0.005940197783494355,0.003521046167445302,0.0021836601342771385,0.003088161777508183,0.0029296875,0.004026470337517247,0.004367320268554277,0.005940197783494355,0.009003461384075085,0.018528970665049098,0.009814331661250869,0.007627196949127592,0.013706707859002147,0.001953125,0.004367320268554277,0.015254393898255184,0.005524271728019903,0.0021836601342771385,0.009814331661250869,0.00390625,0.003088161777508183,0.0068359375,1,1,0.0
18.75,9.644503593444824,5.0,0.25693774223327637,2.0247550010681152,1.5625,26.449419021606445,8.45451831817627,2.34375,0.4974019527435303,0.02900242619216442,882.0,16466.0,5005025.5,18.668933868408203,0.24566031992435455,1.3276890516281128,4.507502555847168,0.00031867148936726153,0.0,0.13978144526481628,862,828,826,824,815,844,846,876,943,967,953,1015,1087,1023,973,959,1004,974,967,969,990,921,952,988,1015,1014,925,907,957,905,891,989,970,969,951,958,955,859,857,889,880,831,809,814,909,906,918,903,894,908,844,912,968,968,937,986,1007,972,922,918,956,919,907,873,943,926,923,973,1040,1019,958,987,952,892,840,812,826,873,908,955,968,971,941,936,986,959,920,989,987,920,907,923,958,988,941,937,942,906,892,906,939,904,873,830,864,808,824,857,922,886,953,972,971,909,858,810,815,781,766,812,783,776,748,813,906,857,902,941,910,841,779,780,862,858,888,955,940,968,956,987,1024,970,912,1017,1036,999,989,1034,1063,1019,976,953,1005,989,939,893,907,830,798,892,920,892,907,940,955,969,969,1000,968,975,922,926,983,935,877,973,972,958,952,952,919,903,876,908,938,924,920,941,968,920,889,889,958,928,904,906,937,845,876,940,968,912,861,855,896,891,920,983,936,910,861,906,923,827,863,919,971,975,953,966,1002,935,920,986,958,954,938,1004,1037,1002,928,972,973,937,891,889,975,968,984,967,1002,952,923,922,958,955,905,938,937,875,841,858,847,858,847,890,0.0,0.04848512338791566,0.05800485314420897,0.08098406185124195,0.11271578967990271,0.052959948683422846,0.12920552971406218,0.04630183434035038,0.05821819750308156,0.04014610310760638,0.06514484406311687,0.03614600688148779,0.009618025197066508,0.07888425010450933,0.032285693857063556,0.018165112536853784,0.02627660946694084,0.029877067462457725,0.06988394790162049,0.064460522776208,0.048494957101309126,0.016016815885602272,0.0609002415143315,0.03489759450235476,0.037224840922941246,0.030508787796510367,0.0342911130196864,0.004367320268554277,0.03423544559171505,0.003088161777508183,0.023212625632821705,0.027238917345666705,0.0363433477850164,0.020762003540497363,0.02489755621871477,0.017686299097924643,0.010517900013934578,0.010517900013934578,0.040641898528681275,0.013982247132105814,0.007627196949127592,0.011759369705851851,0.006253051013118016,0.011388577919619728,0.009003461384075085,0.02108108705558877,0.021439939843847802,0.01800692276815017,0.013671875,0.01953125,0.008400708268596315,0.009003461384075085,0.010918300671385692,0.0009765625,0.009003461384075085,0.010918300671385692,0.0009765625,0.00834375365753665,0.014938533731228863,0.004367320268554277,0.005940197783494355,0.018657200365764452,0.004979511243742954,0.011388577919619728,0.09318883154753746,0.007873298582322802,0.0029296875,0.004979511243742954,0.005859375,0.0009765625,0.013566839833447074,0.010381001770248682,0.004979511243742954,0.0021836601342771385,0.005524271728019903,0.012079411012551739,0.004979511243742954,0.005524271728019903,0.026294750034836445,0.011920464468489943,0.007627196949127592,0.011759369705851851,0.009959022487485907,0.003521046167445302,0.01242961138804478,0.007042092334890604,0.001953125,0.0107421875,0.0013810679320049757,0.005859375,0.010786485368346935,0.014517645261053229,0.0078125,0.020531050821902968,0.003521046167445302,0.004026470337517247,0.024472586105745445,0.005524271728019903,0.0048828125,0.013810679320049757,0.003521046167445302,0.004026470337517247,0.007627196949127592,0.001953125,0.0048828125,0.003521046167445302,0.003521046167445302,0.005258950006967289,0.005258950006967289,0.0021836601342771385,0.0021836601342771385,0.001953125,0.005258950006967289,0.005258950006967289,0.005524271728019903,0.009003461384075085,0.019236050394133015,0.010054326309557618,0.008052940675034493,0.013282686043686957,0.001953125,0.0048828125,0.015440808887540914,0.005859375,0.0013810679320049757,0.009212872199274027,0.003088161777508183,0.003088161777508183,0.0068359375,1,1,0.0
17.96875,9.486146926879883,5.0,0.2519582509994507,2.1967878341674805,1.5625,27.525070190429688,8.183786392211914,2.34375,0.5140438079833984,0.029491540044546127,912.0,17505.0,5514404.0,19.19407844543457,0.23399792611598969,1.313991904258728,4.588863372802734,0.0,0.0,0.13784895837306976,985,986,954,968,1002,939,860,889,862,828,826,824,815,844,846,876,943,967,953,1015,1087,1023,973,959,1004,974,967,969,990,921,952,988,1015,1014,925,907,957,905,891,989,970,969,951,958,955,859,857,889,880,831,809,814,909,906,918,903,894,908,844,912,968,968,937,986,1007,972,922,918,956,919,907,873,943,926,923,973,1040,1019,958,987,952,892,840,812,826,873,908,955,968,971,941,936,986,959,920,989,987,920,907,923,958,988,941,937,942,906,892,906,939,904,873,830,864,808,824,857,922,886,953,972,971,909,858,810,815,781,766,812,783,776,748,813,906,857,902,941,910,841,779,780,862,858,888,955,940,968,956,987,1024,970,912,1017,1036,999,989,1034,1063,1019,976,953,1005,989,939,893,907,830,798,892,920,892,907,940,955,969,969,1000,968,975,922,926,983,935,877,973,972,958,952,952,919,903,876,908,938,924,920,941,968,920,889,889,958,928,904,906,937,845,876,940,968,912,861,855,896,891,920,983,936,910,861,906,923,827,863,919,971,975,953,966,1002,935,920,986,958,954,938,1004,1037,1002,928,972,973,937,891,889,975,968,984,967,1002,952,923,922,958,955,905,938,0.00244140625,0.06856831906852327,0.04179870031061073,0.0973873250308281,0.09302494690710827,0.04463435500791578,0.10864449831519384,0.055586911995147294,0.05531172757229022,0.04833737762017415,0.06595232033165252,0.03500673501745102,0.021126277004671814,0.08701823988259946,0.037695818487536684,0.0324624416769427,0.015440808887540914,0.03941491420041126,0.07876931574248353,0.051905008851243405,0.056623785212204,0.023294649300540163,0.05614172793673754,0.026294750034836445,0.046925835065367044,0.0341098617120566,0.027500249688142037,0.011388577919619728,0.025781989809461104,0.0048828125,0.01589728573837862,0.0341796875,0.03066468450802262,0.018961413905222265,0.026294750034836445,0.022482157096135425,0.01171875,0.009959022487485907,0.03768316676088816,0.01680141653719263,0.006905339660024878,0.010918300671385692,0.005940197783494355,0.0087890625,0.011388577919619728,0.022032254243512652,0.020716018980074635,0.018425744398548053,0.013810679320049757,0.0185803687406645,0.010517900013934578,0.0087890625,0.0126953125,0.0009765625,0.0107421875,0.009003461384075085,0.0027621358640099515,0.005859375,0.013282686043686957,0.0048828125,0.003521046167445302,0.0185803687406645,0.004026470337517247,0.013601941676937616,0.09602147307251449,0.006176323555016366,0.0013810679320049757,0.005258950006967289,0.0065509804028314154,0.0013810679320049757,0.010786485368346935,0.009003461384075085,0.0065509804028314154,0.003088161777508183,0.0048828125,0.00966747552403483,0.003088161777508183,0.0041432037960149265,0.02638526579317636,0.013282686043686957,0.009003461384075085,0.010918300671385692,0.01179984958358845,0.005859375,0.009814331661250869,0.00834375365753665,0.0021836601342771385,0.012732817197661424,0.0027621358640099515,0.006905339660024878,0.012732817197661424,0.012732817197661424,0.0041432037960149265,0.019457869965987574,0.00390625,0.0,0.02751758360079174,0.005940197783494355,0.006253051013118016,0.011388577919619728,0.0013810679320049757,0.003088161777508183,0.01019561182510796,0.0,0.001953125,0.003088161777508183,0.0048828125,0.004367320268554277,0.0065509804028314154,0.0021836601342771385,0.003088161777508183,0.0021836601342771385,0.005694288959809864,0.005258950006967289,0.005940197783494355,0.0107421875,0.019773883526676354,0.009618025197066508,0.0068359375,0.0126953125,0.003088161777508183,0.004367320268554277,0.015746597164645604,0.005258950006967289,0.0013810679320049757,0.010918300671385692,0.003088161777508183,0.003521046167445302,0.005859375,1,1,0.0
18.75,9.604832649230957,6.0,0.28751739859580994,2.0617494583129883,1.171875,15.45432186126709,8.432699203491211,2.34375,0.4797782003879547,0.029345663264393806,903.0,12377.0,4408930.0,13.706533432006836,0.23270440101623535,1.2445449829101562,3.4823453426361084,0.0002162760792998597,0.0,0.13928130269050598,955,922,902,906,909,951,967,988,985,986,954,968,1002,939,860,889,862,828,826,824,815,844,846,876,943,967,953,1015,1087,1023,973,959,1004,974,967,969,990,921,952,988,1015,1014,925,907,957,905,891,989,970,969,951,958,955,859,857,889,880,831,809,814,909,906,918,903,894,908,844,912,968,968,937,986,1007,972,922,918,956,919,907,873,943,926,923,973,1040,1019,958,987,952,892,840,812,826,873,908,955,968,971,941,936,986,959,920,989,987,920,907,923,958,988,941,937,942,906,892,906,939,904,873,830,864,808,824,857,922,886,953,972,971,909,858,810,815,781,766,812,783,776,748,813,906,857,902,941,910,841,779,780,862,858,888,955,940,968,956,987,1024,970,912,1017,1036,999,989,1034,1063,1019,976,953,1005,989,939,893,907,830,798,892,920,892,907,940,955,969,969,1000,968,975,922,926,983,935,877,973,972,958,952,952,919,903,876,908,938,924,920,941,968,920,889,889,958,928,904,906,937,845,876,940,968,912,861,855,896,891,920,983,936,910,861,906,923,827,863,919,971,975,953,966,1002,935,920,986,958,954,938,1004,1037,1002,928,972,973,937,891,889,975,968,984,967,0.00048828125,0.06350660346831682,0.04523919852304871,0.09328089012702775,0.09604629957784765,0.04018171994422067,0.10918300671385692,0.05328309713165524,0.052480581416189075,0.05373756442264689,0.064460522776208,0.03489759450235476,0.02652944864688696,0.09104579703755207,0.04033569614856129,0.035814689103305174,0.010786485368346935,0.04531292093015696,0.07783760615620772,0.05459150335692846,0.05249875021763911,0.019186408891004394,0.05258950006967289,0.03057124187987994,0.04421574774481161,0.03489759450235476,0.03088161777508183,0.008400708268596315,0.029442994983752607,0.0013810679320049757,0.01886055460530075,0.0324624416769427,0.032359456105040804,0.016716057391234072,0.02777629424478104,0.023478154844084585,0.013810679320049757,0.012352647110032733,0.037314400731528904,0.01800692276815017,0.005940197783494355,0.009003461384075085,0.0048828125,0.007437278423695223,0.01284467425582608,0.022140203220223895,0.019652941208494246,0.019457869965987574,0.013282686043686957,0.017686299097924643,0.012732817197661424,0.008052940675034493,0.016370170521718956,0.004367320268554277,0.008400708268596315,0.010918300671385692,0.005258950006967289,0.009618025197066508,0.016572815184059706,0.0021836601342771385,0.0065509804028314154,0.018528970665049098,0.005694288959809864,0.01019561182510796,0.0911557146801431,0.01019561182510796,0.005859375,0.009003461384075085,0.009814331661250869,0.00390625,0.008734640537108554,0.005258950006967289,0.006176323555016366,0.005258950006967289,0.003088161777508183,0.006905339660024878,0.0009765625,0.0048828125,0.026002982335340524,0.013028968812623373,0.011759369705851851,0.011759369705851851,0.01242961138804478,0.007109482313750506,0.008400708268596315,0.008052940675034493,0.0021836601342771385,0.014874556847390447,0.0029296875,0.006176323555016366,0.013810679320049757,0.011759369705851851,0.004979511243742954,0.017953883116064683,0.005524271728019903,0.003088161777508183,0.024954945974962183,0.007109482313750506,0.004026470337517247,0.013028968812623373,0.003521046167445302,0.003088161777508183,0.007873298582322802,0.0021836601342771385,0.004026470337517247,0.0041432037960149265,0.004026470337517247,0.005940197783494355,0.004979511243742954,0.003088161777508183,0.0021836601342771385,0.0009765625,0.006176323555016366,0.006253051013118016,0.005258950006967289,0.009212872199274027,0.01886055460530075,0.009959022487485907,0.007437278423695223,0.012506102026236032,0.0009765625,0.004026470337517247,0.01441877251975918,0.0065509804028314154,0.001953125,0.010786485368346935,0.004367320268554277,0.0041432037960149265,0.0068359375,1,1,0.0
17.96875,9.437314987182617,6.0,0.29461389780044556,2.0441534519195557,1.5625,15.946966171264648,8.338357925415039,2.34375,0.47366777062416077,0.02931314706802368,901.0,12500.0,4275352.0,13.87347412109375,0.23171831667423248,1.2922568321228027,3.5269827842712402,8.670470379001927e-06,0.0,0.15508677065372467,905,863,840,872,954,936,894,939,955,922,902,906,909,951,967,988,985,986,954,968,1002,939,860,889,862,828,826,824,815,844,846,876,943,967,953,1015,1087,1023,973,959,1004,974,967,969,990,921,952,988,1015,1014,925,907,957,905,891,989,970,969,951,958,955,859,857,889,880,831,809,814,909,906,918,903,894,908,844,912,968,968,937,986,1007,972,922,918,956,919,907,873,943,926,923,973,1040,1019,958,987,952,892,840,812,826,873,908,955,968,971,941,936,986,959,920,989,987,920,907,923,958,988,941,937,942,906,892,906,939,904,873,830,864,808,824,857,922,886,953,972,971,909,858,810,815,781,766,812,783,776,748,813,906,857,902,941,910,841,779,780,862,858,888,955,940,968,956,987,1024,970,912,1017,1036,999,989,1034,1063,1019,976,953,1005,989,939,893,907,830,798,892,920,892,907,940,955,969,969,1000,968,975,922,926,983,935,877,973,972,958,952,952,919,903,876,908,938,924,920,941,968,920,889,889,958,928,904,906,937,845,876,940,968,912,861,855,896,891,920,983,936,910,861,906,923,827,863,919,971,975,953,966,1002,935,920,986,958,954,938,1004,1037,1002,928,972,0.0009765625,0.05045152872300582,0.058438923048348364,0.08323727475531263,0.09999637597192976,0.027361183058831836,0.09886941763338178,0.058958823625482736,0.05580095557485021,0.056218117049313496,0.07516359923786663,0.04576318169476555,0.029035290522106457,0.09392277373862962,0.030835260554388563,0.027793455997573647,0.0166015625,0.037998196207702575,0.07919795438648593,0.05064961906207008,0.057691622998991915,0.02286074201312427,0.050931268790645697,0.030649130520459405,0.04696646350160566,0.03773374821555011,0.03304477405407936,0.005694288959809864,0.03340357690720131,0.0029296875,0.01708286687942959,0.03623823303765522,0.02833714478231818,0.0166875073150733,0.02756951994822872,0.024433585943743757,0.008052940675034493,0.006253051013118016,0.041581384484460485,0.011388577919619728,0.005258950006967289,0.006905339660024878,0.0009765625,0.009264485332524549,0.018657200365764452,0.026294750034836445,0.023478154844084585,0.01878455474772592,0.007873298582322802,0.0126953125,0.0126953125,0.0048828125,0.013282686043686957,0.0021836601342771385,0.008400708268596315,0.01019561182510796,0.003088161777508183,0.007873298582322802,0.014874556847390447,0.0021836601342771385,0.005258950006967289,0.018165112536853784,0.004979511243742954,0.01171875,0.09310180375168038,0.007873298582322802,0.003088161777508183,0.007109482313750506,0.007042092334890604,0.0013810679320049757,0.011759369705851851,0.008843149548962322,0.0027621358640099515,0.00390625,0.001953125,0.005940197783494355,0.004979511243742954,0.005524271728019903,0.025947910655442233,0.01589728573837862,0.01589728573837862,0.014938533731228863,0.01242961138804478,0.007042092334890604,0.01019561182510796,0.005940197783494355,0.0009765625,0.013282686043686957,0.0021836601342771385,0.006905339660024878,0.013282686043686957,0.01188039556698871,0.005258950006967289,0.01800692276815017,0.005940197783494355,0.003088161777508183,0.023619895746968406,0.005940197783494355,0.005940197783494355,0.013982247132105814,0.001953125,0.0013810679320049757,0.01179984958358845,0.0013810679320049757,0.0021836601342771385,0.0,0.0027621358640099515,0.003088161777508183,0.004367320268554277,0.0021836601342771385,0.004367320268554277,0.004979511243742954,0.005258950006967289,0.009264485332524549,0.0009765625,0.0068359375,0.018425744398548053,0.010918300671385692,0.003521046167445302,0.009212872199274027,0.0041432037960149265,0.004979511243742954,0.014084184669781208,0.006176323555016366,0.0009765625,0.011048543456039806,0.004026470337517247,0.003521046167445302,0.005859375,1,1,0.0
17.96875,9.364531517028809,7.0,0.2921919524669647,1.9866368770599365,2.34375,13.533998489379883,8.47628116607666,1.5625,0.47081637382507324,0.029296875,900.0,10485.0,4095265.0,11.649999618530273,0.23699165880680084,1.0229268074035645,3.255204916000366,3.470625597401522e-05,-0.78125,0.13061612844467163,922,894,863,894,953,924,905,875,905,863,840,872,954,936,894,939,955,922,902,906,909,951,967,988,985,986,954,968,1002,939,860,889,862,828,826,824,815,844,846,876,943,967,953,1015,1087,1023,973,959,1004,974,967,969,990,921,952,988,1015,1014,925,907,957,905,891,989,970,969,951,958,955,859,857,889,880,831,809,814,909,906,918,903,894,908,844,912,968,968,937,986,1007,972,922,918,956,919,907,873,943,926,923,973,1040,1019,958,987,952,892,840,812,826,873,908,955,968,971,941,936,986,959,920,989,987,920,907,923,958,988,941,937,942,906,892,906,939,904,873,830,864,808,824,857,922,886,953,972,971,909,858,810,815,781,766,812,783,776,748,813,906,857,902,941,910,841,779,780,862,858,888,955,940,968,956,987,1024,970,912,1017,1036,999,989,1034,1063,1019,976,953,1005,989,939,893,907,830,798,892,920,892,907,940,955,969,969,1000,968,975,922,926,983,935,877,973,972,958,952,952,919,903,876,908,938,924,920,941,968,920,889,889,958,928,904,906,937,845,876,940,968,912,861,855,896,891,920,983,936,910,861,906,923,827,863,919,971,975,953,966,1002,935,920,986,0.00048828125,0.03496584724603156,0.07642810469969984,0.08171675203700011,0.09546366726445263,0.025781989809461104,0.0836943119572884,0.07469266865614431,0.07109482313750506,0.040653629485348924,0.07640314450808067,0.039764205217777994,0.01516032685181643,0.08205449819375002,0.04421574774481161,0.040618426451338716,0.011430371006562134,0.0492656181860525,0.07411588266019639,0.058283684810065524,0.049042498162069216,0.016016815885602272,0.05731847887042652,0.028721564784868637,0.04501730692037543,0.03371616504225013,0.029442994983752607,0.010517900013934578,0.029361906989009586,0.0013810679320049757,0.019457869965987574,0.03406789754396955,0.030336376107439583,0.016164985700436375,0.027010384152225255,0.023518739411703703,0.009003461384075085,0.007873298582322802,0.03984805813106087,0.013982247132105814,0.005524271728019903,0.008052940675034493,0.0013810679320049757,0.01019561182510796,0.015655487833868553,0.022651198251451565,0.0185803687406645,0.022545696055889054,0.009765625,0.010517900013934578,0.0170549308560283,0.0021836601342771385,0.013982247132105814,0.005694288959809864,0.010381001770248682,0.006905339660024878,0.004979511243742954,0.003521046167445302,0.013982247132105814,0.0013810679320049757,0.006253051013118016,0.017820593350483065,0.005694288959809864,0.010918300671385692,0.09192664530850553,0.0065509804028314154,0.0021836601342771385,0.005258950006967289,0.004367320268554277,0.001953125,0.015440808887540914,0.010054326309557618,0.0021836601342771385,0.0068359375,0.003088161777508183,0.0041432037960149265,0.0021836601342771385,0.0065509804028314154,0.026654968874914416,0.014778072217208551,0.013282686043686957,0.010918300671385692,0.01516032685181643,0.011134525635733769,0.008843149548962322,0.00390625,0.004367320268554277,0.010918300671385692,0.001953125,0.007627196949127592,0.013282686043686957,0.01188039556698871,0.001953125,0.015746597164645604,0.007873298582322802,0.004979511243742954,0.022482157096135425,0.006176323555016366,0.006253051013118016,0.016016815885602272,0.0021836601342771385,0.0021836601342771385,0.012506102026236032,0.003088161777508183,0.004026470337517247,0.0027621358640099515,0.0009765625,0.0048828125,0.003521046167445302,0.0021836601342771385,0.0021836601342771385,0.0027621358640099515,0.00390625,0.005859375,0.003088161777508183,0.004026470337517247,0.015746597164645604,0.014938533731228863,0.003521046167445302,0.0078125,0.008400708268596315,0.009003461384075085,0.015655487833868553,0.0065509804028314154,0.00390625,0.010918300671385692,0.007873298582322802,0.0013810679320049757,0.0107421875,1,1,0.0
18.359375,9.54987621307373,10.0,0.29535242915153503,2.000680685043335,25.0,10.434426307678223,8.529428482055664,1.5625,0.4698183238506317,0.028953060507774353,879.0,9556.0,3626018.25,10.871444702148438,0.23482924699783325,1.078433632850647,2.844727039337158,8.879575034370646e-06,0.0,0.13891363143920898,969,1003,956,1001,991,911,840,872,922,894,863,894,953,924,905,875,905,863,840,872,954,936,894,939,955,922,902,906,909,951,967,988,985,986,954,968,1002,939,860,889,862,828,826,824,815,844,846,876,943,967,953,1015,1087,1023,973,959,1004,974,967,969,990,921,952,988,1015,1014,925,907,957,905,891,989,970,969,951,958,955,859,857,889,880,831,809,814,909,906,918,903,894,908,844,912,968,968,937,986,1007,972,922,918,956,919,907,873,943,926,923,973,1040,1019,958,987,952,892,840,812,826,873,908,955,968,971,941,936,986,959,920,989,987,920,907,923,958,988,941,937,942,906,892,906,939,904,873,830,864,808,824,857,922,886,953,972,971,909,858,810,815,781,766,812,783,776,748,813,906,857,902,941,910,841,779,780,862,858,888,955,940,968,956,987,1024,970,912,1017,1036,999,989,1034,1063,1019,976,953,1005,989,939,893,907,830,798,892,920,892,907,940,955,969,969,1000,968,975,922,926,983,935,877,973,972,958,952,952,919,903,876,908,938,924,920,941,968,920,889,889,958,928,904,906,937,845,876,940,968,912,861,855,896,891,920,983,936,910,861,906,923,827,863,919,0.00048828125,0.03384320986555363,0.0761593539388486,0.08093694384763074,0.09618520958784169,0.024724587697601882,0.08126619617721308,0.078125,0.07520165354757209,0.037378240642587185,0.07696898630952356,0.03618556115947052,0.01313830473347042,0.07991718774439362,0.048759717706327844,0.04350911994129973,0.007042092334890604,0.049449175395203764,0.06977469014803223,0.06061771309702537,0.05153622969515141,0.021945512748285382,0.056892623686052766,0.027361183058831836,0.04712862700005334,0.037186392118476116,0.03294360897154883,0.0048828125,0.03168941550700772,0.004026470337517247,0.014680953494504793,0.035934315415965035,0.029700988917471777,0.019773883526676354,0.02510734400816883,0.0208765218031562,0.011759369705851851,0.010517900013934578,0.0385216463346016,0.016105881350068987,0.005258950006967289,0.009959022487485907,0.004367320268554277,0.01179984958358845,0.014906579611790769,0.020899350155305366,0.017304731588544287,0.026002982335340524,0.01019561182510796,0.007042092334890604,0.016164985700436375,0.006253051013118016,0.009618025197066508,0.004367320268554277,0.013982247132105814,0.005258950006967289,0.007042092334890604,0.009003461384075085,0.018347943582085875,0.00390625,0.00834375365753665,0.021126277004671814,0.0027621358640099515,0.013282686043686957,0.09407495764681481,0.007437278423695223,0.0029296875,0.005940197783494355,0.007627196949127592,0.0009765625,0.013706707859002147,0.008400708268596315,0.001953125,0.005258950006967289,0.0021836601342771385,0.00390625,0.003088161777508183,0.005694288959809864,0.026002982335340524,0.01516032685181643,0.014084184669781208,0.01242961138804478,0.015655487833868553,0.010918300671385692,0.011134525635733769,0.001953125,0.003521046167445302,0.010563138502335907,0.001953125,0.007873298582322802,0.014906579611790769,0.010563138502335907,0.004979511243742954,0.018165112536853784,0.005694288959809864,0.003521046167445302,0.024954945974962183,0.006176323555016366,0.004367320268554277,0.014938533731228863,0.0027621358640099515,0.0009765625,0.0126953125,0.003088161777508183,0.004026470337517247,0.0021836601342771385,0.0,0.005694288959809864,0.003521046167445302,0.003088161777508183,0.0027621358640099515,0.004367320268554277,0.0027621358640099515,0.006253051013118016,0.004026470337517247,0.0013810679320049757,0.015254393898255184,0.01441877251975918,0.001953125,0.004026470337517247,0.00834375365753665,0.010054326309557618,0.019186408891004394,0.003088161777508183,0.003088161777508183,0.009003461384075085,0.003088161777508183,0.004979511243742954,0.00390625,1,1,0.0
18.75,9.51470947265625,10.0,0.2967977821826935,1.92172372341156,25.0,10.484354972839355,8.639405250549316,1.5625,0.46252161264419556,0.029199056327342987,894.0,9701.0,3690297.25,10.85123062133789,0.24068060517311096,1.0453664064407349,2.8333945274353027,8.730116860533599e-06,-23.4375,0.1364593505859375,905,846,815,846,905,906,921,985,969,1003,956,1001,991,911,840,872,922,894,863,894,953,924,905,875,905,863,840,872,954,936,894,939,955,922,902,906,909,951,967,988,985,986,954,968,1002,939,860,889,862,828,826,824,815,844,846,876,943,967,953,1015,1087,1023,973,959,1004,974,967,969,990,921,952,988,1015,1014,925,907,957,905,891,989,970,969,951,958,955,859,857,889,880,831,809,814,909,906,918,903,894,908,844,912,968,968,937,986,1007,972,922,918,956,919,907,873,943,926,923,973,1040,1019,958,987,952,892,840,812,826,873,908,955,968,971,941,936,986,959,920,989,987,920,907,923,958,988,941,937,942,906,892,906,939,904,873,830,864,808,824,857,922,886,953,972,971,909,858,810,815,781,766,812,783,776,748,813,906,857,902,941,910,841,779,780,862,858,888,955,940,968,956,987,1024,970,912,1017,1036,999,989,1034,1063,1019,976,953,1005,989,939,893,907,830,798,892,920,892,907,940,955,969,969,1000,968,975,922,926,983,935,877,973,972,958,952,952,919,903,876,908,938,924,920,941,968,920,889,889,958,928,904,906,937,845,876,940,968,912,861,855,896,891,920,983,0.001953125,0.03232997140087275,0.07670834721349798,0.08660628440555082,0.0913020656924422,0.027151247606362977,0.08701823988259946,0.0720938625987959,0.07070474359335138,0.04239901044158674,0.08465169114363022,0.04337740686428283,0.004026470337517247,0.07293555605405407,0.05747632409985219,0.051248600638288774,0.007437278423695223,0.05414420420167622,0.06300152779800512,0.062201741950367886,0.06149242770090299,0.03014716609459596,0.049042498162069216,0.0363433477850164,0.04306850990468739,0.030586835475323877,0.025390625,0.011048543456039806,0.02376079113397742,0.005258950006967289,0.02161713244255728,0.031081700122733494,0.030336376107439583,0.01441877251975918,0.027413415718004295,0.022651198251451565,0.005694288959809864,0.010563138502335907,0.04209426184033654,0.018961413905222265,0.006905339660024878,0.011920464468489943,0.006905339660024878,0.014517645261053229,0.013566839833447074,0.01878455474772592,0.017469281074217108,0.026565372087373914,0.008843149548962322,0.004026470337517247,0.015440808887540914,0.010381001770248682,0.006905339660024878,0.004026470337517247,0.012236293052872722,0.010563138502335907,0.004026470337517247,0.008400708268596315,0.013879560940968648,0.003521046167445302,0.003521046167445302,0.016253239235442616,0.008052940675034493,0.009814331661250869,0.09184361343399595,0.0048828125,0.0021836601342771385,0.0013810679320049757,0.004367320268554277,0.005524271728019903,0.01313830473347042,0.0048828125,0.005258950006967289,0.00390625,0.0,0.006176323555016366,0.003521046167445302,0.005940197783494355,0.027151247606362977,0.014906579611790769,0.014084184669781208,0.011920464468489943,0.01528562093993997,0.010381001770248682,0.011134525635733769,0.003088161777508183,0.0021836601342771385,0.012352647110032733,0.0,0.006253051013118016,0.012732817197661424,0.013028968812623373,0.001953125,0.015746597164645604,0.008400708268596315,0.005524271728019903,0.021439939843847802,0.0029296875,0.009003461384075085,0.012079411012551739,0.0013810679320049757,0.0029296875,0.0087890625,0.0021836601342771385,0.0,0.0013810679320049757,0.004026470337517247,0.005940197783494355,0.0009765625,0.004367320268554277,0.0021836601342771385,0.003088161777508183,0.004026470337517247,0.004979511243742954,0.0068359375,0.0021836601342771385,0.016105881350068987,0.014218964627501012,0.003521046167445302,0.006253051013118016,0.007873298582322802,0.008734640537108554,0.0166015625,0.005940197783494355,0.0009765625,0.010563138502335907,0.0048828125,0.0021836601342771385,0.0078125,1,1,0.0
17.1875,9.276238441467285,9.0,0.3025689423084259,2.120892286300659,1.5625,9.800848007202148,8.33465576171875,25.0,0.47395938634872437,0.02931314706802368,901.0,8845.0,3675169.5,9.816869735717773,0.22347168624401093,1.0118979215621948,2.73654842376709,0.00013872150157112628,23.4375,0.12873391807079315,987,1016,957,968,970,888,895,894,905,846,815,846,905,906,921,985,969,1003,956,1001,991,911,840,872,922,894,863,894,953,924,905,875,905,863,840,872,954,936,894,939,955,922,902,906,909,951,967,988,985,986,954,968,1002,939,860,889,862,828,826,824,815,844,846,876,943,967,953,1015,1087,1023,973,959,1004,974,967,969,990,921,952,988,1015,1014,925,907,957,905,891,989,970,969,951,958,955,859,857,889,880,831,809,814,909,906,918,903,894,908,844,912,968,968,937,986,1007,972,922,918,956,919,907,873,943,926,923,973,1040,1019,958,987,952,892,840,812,826,873,908,955,968,971,941,936,986,959,920,989,987,920,907,923,958,988,941,937,942,906,892,906,939,904,873,830,864,808,824,857,922,886,953,972,971,909,858,810,815,781,766,812,783,776,748,813,906,857,902,941,910,841,779,780,862,858,888,955,940,968,956,987,1024,970,912,1017,1036,999,989,1034,1063,1019,976,953,1005,989,939,893,907,830,798,892,920,892,907,940,955,969,969,1000,968,975,922,926,983,935,877,973,972,958,952,952,919,903,876,908,938,924,920,941,968,920,889,889,958,928,904,906,937,845,876,940,0.00048828125,0.03819845159298427,0.07642810469969984,0.07389036108604276,0.09821131317792677,0.030414866215619993,0.08055900770953259,0.07485846834662813,0.06634878027915246,0.04673236763283359,0.07936635848937056,0.04883788964863276,0.013982247132105814,0.06641343021843478,0.06253051013118016,0.06114248375975988,0.018347943582085875,0.064453125,0.052344114387724204,0.06563342812322873,0.07181553246425873,0.038989189018900645,0.03813598474563796,0.04574233761183738,0.033432114782468145,0.020600608505594715,0.018425744398548053,0.018165112536853784,0.026002982335340524,0.005940197783494355,0.021836601342771385,0.03792282781044453,0.02458921545315268,0.021417687694786434,0.022777155839239456,0.020600608505594715,0.0126953125,0.009003461384075085,0.040794137840244965,0.012732817197661424,0.001953125,0.007873298582322802,0.009212872199274027,0.013566839833447074,0.009814331661250869,0.015655487833868553,0.01680141653719263,0.030289184412638327,0.00834375365753665,0.0048828125,0.012506102026236032,0.010517900013934578,0.008734640537108554,0.0021836601342771385,0.009003461384075085,0.010563138502335907,0.001953125,0.006176323555016366,0.0126953125,0.0013810679320049757,0.005940197783494355,0.0185803687406645,0.006905339660024878,0.010918300671385692,0.0929018437033225,0.005694288959809864,0.0021836601342771385,0.0027621358640099515,0.0048828125,0.004367320268554277,0.013566839833447074,0.006176323555016366,0.004979511243742954,0.004026470337517247,0.0009765625,0.006253051013118016,0.003088161777508183,0.0048828125,0.026294750034836445,0.01589728573837862,0.0146484375,0.013101960805662831,0.013810679320049757,0.009003461384075085,0.009618025197066508,0.004026470337517247,0.003088161777508183,0.011759369705851851,0.001953125,0.008052940675034493,0.014680953494504793,0.009618025197066508,0.004026470337517247,0.016253239235442616,0.005859375,0.004367320268554277,0.024119314521930602,0.005258950006967289,0.007437278423695223,0.014517645261053229,0.0013810679320049757,0.00390625,0.008400708268596315,0.0021836601342771385,0.0021836601342771385,0.0027621358640099515,0.005694288959809864,0.005258950006967289,0.003088161777508183,0.006905339660024878,0.003521046167445302,0.004367320268554277,0.0068359375,0.006176323555016366,0.009003461384075085,0.00390625,0.0192608231673008,0.012732817197661424,0.003521046167445302,0.008052940675034493,0.006176323555016366,0.007042092334890604,0.0166015625,0.004026470337517247,0.0021836601342771385,0.0087890625,0.004026470337517247,0.0048828125,0.00390625,1,1,0.0
17.96875,9.333597183227539,8.0,0.31874093413352966,2.060706615447998,25.0,10.254568099975586,8.43045425415039,1.5625,0.4586767852306366,0.02942679449915886,908.0,10114.0,3607332.75,11.138766288757324,0.22258228063583374,1.117569088935852,2.726632833480835,8.595569852332119e-06,0.0,0.14306679368019104,921,906,894,923,971,938,936,985,987,1016,957,968,970,888,895,894,905,846,815,846,905,906,921,985,969,1003,956,1001,991,911,840,872,922,894,863,894,953,924,905,875,905,863,840,872,954,936,894,939,955,922,902,906,909,951,967,988,985,986,954,968,1002,939,860,889,862,828,826,824,815,844,846,876,943,967,953,1015,1087,1023,973,959,1004,974,967,969,990,921,952,988,1015,1014,925,907,957,905,891,989,970,969,951,958,955,859,857,889,880,831,809,814,909,906,918,903,894,908,844,912,968,968,937,986,1007,972,922,918,956,919,907,873,943,926,923,973,1040,1019,958,987,952,892,840,812,826,873,908,955,968,971,941,936,986,959,920,989,987,920,907,923,958,988,941,937,942,906,892,906,939,904,873,830,864,808,824,857,922,886,953,972,971,909,858,810,815,781,766,812,783,776,748,813,906,857,902,941,910,841,779,780,862,858,888,955,940,968,956,987,1024,970,912,1017,1036,999,989,1034,1063,1019,976,953,1005,989,939,893,907,830,798,892,920,892,907,940,955,969,969,1000,968,975,922,926,983,935,877,973,972,958,952,952,919,903,876,908,938,924,920,941,968,920,889,889,0.00244140625,0.04018171994422067,0.07833224464904483,0.07032606206011263,0.10014885314193334,0.03340357690720131,0.07905935409378553,0.07485846834662813,0.06284238493436003,0.051905008851243405,0.08148300798829357,0.05476591755003888,0.015625,0.061017575593020734,0.06856831906852327,0.0656915236673521,0.02003738723504218,0.060829732431239986,0.056649043016692095,0.0595703125,0.06950079433069564,0.0324624416769427,0.04325631755927754,0.038098455474865546,0.0390625,0.0283875817456028,0.024119314521930602,0.013282686043686957,0.021506558149946522,0.007109482313750506,0.025633603024231812,0.033332125323976586,0.02376079113397742,0.02157297073669387,0.019384212149686726,0.014680953494504793,0.016164985700436375,0.0146484375,0.0363433477850164,0.011388577919619728,0.003521046167445302,0.004026470337517247,0.009959022487485907,0.013810679320049757,0.007873298582322802,0.014874556847390447,0.017387200990981306,0.030336376107439583,0.007627196949127592,0.008286407592029853,0.011134525635733769,0.009814331661250869,0.011430371006562134,0.0009765625,0.009212872199274027,0.00834375365753665,0.003521046167445302,0.006905339660024878,0.0146484375,0.0021836601342771385,0.004367320268554277,0.01727715430952552,0.008052940675034493,0.009212872199274027,0.09086755323791498,0.0048828125,0.004026470337517247,0.0009765625,0.005694288959809864,0.0048828125,0.01188039556698871,0.007042092334890604,0.0021836601342771385,0.005524271728019903,0.001953125,0.004979511243742954,0.0009765625,0.0021836601342771385,0.023518739411703703,0.0166015625,0.01589728573837862,0.013982247132105814,0.013028968812623373,0.009212872199274027,0.009003461384075085,0.004367320268554277,0.004026470337517247,0.010918300671385692,0.0013810679320049757,0.008052940675034493,0.013982247132105814,0.010918300671385692,0.0041432037960149265,0.0170549308560283,0.006905339660024878,0.004367320268554277,0.022777155839239456,0.005694288959809864,0.007627196949127592,0.013028968812623373,0.0009765625,0.0027621358640099515,0.008400708268596315,0.0013810679320049757,0.0009765625,0.0027621358640099515,0.0041432037960149265,0.0048828125,0.0021836601342771385,0.005940197783494355,0.0021836601342771385,0.004367320268554277,0.006176323555016366,0.0048828125,0.009003461384075085,0.0041432037960149265,0.018528970665049098,0.013706707859002147,0.0048828125,0.008052940675034493,0.004979511243742954,0.0065509804028314154,0.014778072217208551,0.0048828125,0.0027621358640099515,0.008400708268596315,0.0041432037960149265,0.005258950006967289,0.00390625,1,1,0.0
15.234375,9.155447006225586,9.0,0.3180158734321594,2.2576375007629395,25.0,10.677433967590332,8.184322357177734,1.5625,0.47263485193252563,0.029378142207860947,905.0,10517.0,3586532.0,11.620994567871094,0.20934928953647614,1.214714765548706,2.7646358013153076,0.00021577952429652214,0.0,0.13626717031002045,968,969,923,892,920,830,847,875,921,906,894,923,971,938,936,985,987,1016,957,968,970,888,895,894,905,846,815,846,905,906,921,985,969,1003,956,1001,991,911,840,872,922,894,863,894,953,924,905,875,905,863,840,872,954,936,894,939,955,922,902,906,909,951,967,988,985,986,954,968,1002,939,860,889,862,828,826,824,815,844,846,876,943,967,953,1015,1087,1023,973,959,1004,974,967,969,990,921,952,988,1015,1014,925,907,957,905,891,989,970,969,951,958,955,859,857,889,880,831,809,814,909,906,918,903,894,908,844,912,968,968,937,986,1007,972,922,918,956,919,907,873,943,926,923,973,1040,1019,958,987,952,892,840,812,826,873,908,955,968,971,941,936,986,959,920,989,987,920,907,923,958,988,941,937,942,906,892,906,939,904,873,830,864,808,824,857,922,886,953,972,971,909,858,810,815,781,766,812,783,776,748,813,906,857,902,941,910,841,779,780,862,858,888,955,940,968,956,987,1024,970,912,1017,1036,999,989,1034,1063,1019,976,953,1005,989,939,893,907,830,798,892,920,892,907,940,955,969,969,1000,968,975,922,926,983,935,877,973,972,958,952,952,919,903,876,908,0.00341796875,0.038397662600268556,0.07504296661499268,0.0724303970343307,0.10346494189656782,0.028185292362620726,0.07478199109014315,0.07968414897978651,0.06514484406311687,0.052959948683422846,0.07936635848937056,0.0594741796038481,0.021506558149946522,0.05476591755003888,0.0741480440340946,0.07048183818658645,0.020967686087484266,0.05688424171566679,0.0634765625,0.05417061815765103,0.0634765625,0.027759121881937295,0.04961283514015835,0.0361328125,0.04336641271713773,0.02638526579317636,0.018961413905222265,0.020762003540497363,0.021439939843847802,0.008734640537108554,0.02378085090212094,0.03837281778200879,0.02458921545315268,0.019555648822754675,0.024705294220065465,0.021035800027869155,0.008734640537108554,0.014084184669781208,0.034938562148434216,0.016630260122975003,0.009003461384075085,0.0029296875,0.01179984958358845,0.011759369705851851,0.006253051013118016,0.013282686043686957,0.020967686087484266,0.030586835475323877,0.005258950006967289,0.009765625,0.01179984958358845,0.007627196949127592,0.008400708268596315,0.0021836601342771385,0.010786485368346935,0.010918300671385692,0.0013810679320049757,0.005258950006967289,0.01528562093993997,0.0021836601342771385,0.005258950006967289,0.016858082521125067,0.008400708268596315,0.008400708268596315,0.09181765057455593,0.0041432037960149265,0.001953125,0.0013810679320049757,0.0065509804028314154,0.004367320268554277,0.013282686043686957,0.005940197783494355,0.004367320268554277,0.003088161777508183,0.0021836601342771385,0.003088161777508183,0.001953125,0.004367320268554277,0.021439939843847802,0.019918044974971814,0.01800692276815017,0.015440808887540914,0.013601941676937616,0.012079411012551739,0.009765625,0.0009765625,0.0021836601342771385,0.012079411012551739,0.0009765625,0.006176323555016366,0.014517645261053229,0.010786485368346935,0.004026470337517247,0.016716057391234072,0.0048828125,0.003088161777508183,0.023840928936979887,0.007042092334890604,0.009264485332524549,0.013282686043686957,0.0013810679320049757,0.00390625,0.008052940675034493,0.001953125,0.0009765625,0.0021836601342771385,0.004367320268554277,0.004367320268554277,0.0009765625,0.0048828125,0.0009765625,0.0029296875,0.0065509804028314154,0.0041432037960149265,0.009618025197066508,0.0048828125,0.01886055460530075,0.013810679320049757,0.0048828125,0.009814331661250869,0.004367320268554277,0.0068359375,0.015776850020901866,0.001953125,0.0027621358640099515,0.009212872199274027,0.0027621358640099515,0.0041432037960149265,0.005859375,1,1,0.0
16.796875,9.230270385742188,9.0,0.31270888447761536,2.184234142303467,25.0,11.456929206848145,8.28747844696045,1.5625,0.47144922614097595,0.029668862000107765,923.0,11225.0,3735204.25,12.161430358886719,0.2158418893814087,1.269796371459961,2.84238600730896,0.0004145761486142874,0.0,0.12844805419445038,1001,953,904,888,904,873,857,887,968,969,923,892,920,830,847,875,921,906,894,923,971,938,936,985,987,1016,957,968,970,888,895,894,905,846,815,846,905,906,921,985,969,1003,956,1001,991,911,840,872,922,894,863,894,953,924,905,875,905,863,840,872,954,936,894,939,955,922,902,906,909,951,967,988,985,986,954,968,1002,939,860,889,862,828,826,824,815,844,846,876,943,967,953,1015,1087,1023,973,959,1004,974,967,969,990,921,952,988,1015,1014,925,907,957,905,891,989,970,969,951,958,955,859,857,889,880,831,809,814,909,906,918,903,894,908,844,912,968,968,937,986,1007,972,922,918,956,919,907,873,943,926,923,973,1040,1019,958,987,952,892,840,812,826,873,908,955,968,971,941,936,986,959,920,989,987,920,907,923,958,988,941,937,942,906,892,906,939,904,873,830,864,808,824,857,922,886,953,972,971,909,858,810,815,781,766,812,783,776,748,813,906,857,902,941,910,841,779,780,862,858,888,955,940,968,956,987,1024,970,912,1017,1036,999,989,1034,1063,1019,976,953,1005,989,939,893,907,830,798,892,920,892,907,940,955,969,969,1000,968,975,922,926,983,935,877,973,0.00146484375,0.03773374821555011,0.0705832460921588,0.07232498617689657,0.10656619426331047,0.029133659941750583,0.07235794356579181,0.08044646611960536,0.06115807934316866,0.05614172793673754,0.08412619747766317,0.0595703125,0.016716057391234072,0.0585367561353348,0.0701019525579809,0.06779904280355384,0.022140203220223895,0.061678252635305186,0.06074344351595307,0.05363097741307024,0.06664994347949826,0.02376079113397742,0.05219815630817487,0.0316291694154329,0.04752158226795484,0.029035290522106457,0.01760523083722651,0.02458921545315268,0.0235996991671769,0.010563138502335907,0.021506558149946522,0.03917220921900699,0.028588439781844624,0.014680953494504793,0.02652944864688696,0.019384212149686726,0.01188039556698871,0.0170549308560283,0.03356023491687418,0.013566839833447074,0.005859375,0.0021836601342771385,0.009003461384075085,0.011134525635733769,0.004026470337517247,0.011134525635733769,0.018961413905222265,0.033203125,0.0068359375,0.01313830473347042,0.010918300671385692,0.004979511243742954,0.007109482313750506,0.0048828125,0.010381001770248682,0.012732817197661424,0.0021836601342771385,0.003521046167445302,0.017387200990981306,0.004367320268554277,0.004979511243742954,0.013982247132105814,0.010918300671385692,0.009765625,0.0937550861250546,0.0029296875,0.0,0.004367320268554277,0.003088161777508183,0.005940197783494355,0.01313830473347042,0.005258950006967289,0.0048828125,0.0048828125,0.00390625,0.003088161777508183,0.0009765625,0.001953125,0.022269051271467537,0.0185803687406645,0.016572815184059706,0.014778072217208551,0.012506102026236032,0.01019561182510796,0.0087890625,0.0021836601342771385,0.003521046167445302,0.010918300671385692,0.0013810679320049757,0.005940197783494355,0.012236293052872722,0.010918300671385692,0.004026470337517247,0.015254393898255184,0.005258950006967289,0.003088161777508183,0.024647323172117114,0.007627196949127592,0.008843149548962322,0.014517645261053229,0.0029296875,0.005524271728019903,0.0078125,0.001953125,0.0009765625,0.0009765625,0.0029296875,0.003521046167445302,0.0021836601342771385,0.006253051013118016,0.0021836601342771385,0.0029296875,0.006176323555016366,0.0048828125,0.0087890625,0.0041432037960149265,0.018347943582085875,0.01516032685181643,0.005940197783494355,0.011134525635733769,0.003088161777508183,0.005258950006967289,0.01589728573837862,0.0009765625,0.004026470337517247,0.008843149548962322,0.003088161777508183,0.003521046167445302,0.005859375,1,1,0.0
17.578125,9.19775676727295,8.0,0.31326088309288025,2.1541128158569336,25.0,12.68126106262207,8.325050354003906,1.5625,0.46901097893714905,0.029797160997986794,931.0,11908.0,3891862.0,12.790547370910645,0.2177281379699707,1.2919604778289795,2.9665870666503906,7.546030974481255e-05,0.0,0.1283150464296341,1019,987,969,970,968,968,976,990,1001,953,904,888,904,873,857,887,968,969,923,892,920,830,847,875,921,906,894,923,971,938,936,985,987,1016,957,968,970,888,895,894,905,846,815,846,905,906,921,985,969,1003,956,1001,991,911,840,872,922,894,863,894,953,924,905,875,905,863,840,872,954,936,894,939,955,922,902,906,909,951,967,988,985,986,954,968,1002,939,860,889,862,828,826,824,815,844,846,876,943,967,953,1015,1087,1023,973,959,1004,974,967,969,990,921,952,988,1015,1014,925,907,957,905,891,989,970,969,951,958,955,859,857,889,880,831,809,814,909,906,918,903,894,908,844,912,968,968,937,986,1007,972,922,918,956,919,907,873,943,926,923,973,1040,1019,958,987,952,892,840,812,826,873,908,955,968,971,941,936,986,959,920,989,987,920,907,923,958,988,941,937,942,906,892,906,939,904,873,830,864,808,824,857,922,886,953,972,971,909,858,810,815,781,766,812,783,776,748,813,906,857,902,941,910,841,779,780,862,858,888,955,940,968,956,987,1024,970,912,1017,1036,999,989,1034,1063,1019,976,953,1005,989,939,893,907,830,798,892,920,892,907,940,955,969,969,1000,0.001953125,0.03549371454177001,0.08011384492966282,0.07905935409378553,0.10141214832614977,0.02108108705558877,0.06666425064795317,0.08770053227783972,0.06314516859502817,0.0629030582624528,0.09042040651617743,0.06336378202151693,0.011430371006562134,0.06366408598830711,0.06366408598830711,0.06608954810815872,0.0242573092741684,0.0655461882599603,0.06093155269455663,0.04981426072209707,0.0656261625641072,0.021945512748285382,0.05511309007625962,0.03180956538066861,0.047881447938012744,0.027151247606362977,0.01760523083722651,0.02489755621871477,0.02378085090212094,0.011430371006562134,0.02132844694125152,0.04014610310760638,0.030524413297046454,0.013282686043686957,0.025855863857175247,0.0170549308560283,0.0146484375,0.015746597164645604,0.03564118670096613,0.012732817197661424,0.003521046167445302,0.005258950006967289,0.006176323555016366,0.007873298582322802,0.0029296875,0.0107421875,0.022798081113142094,0.03176456243611444,0.004026470337517247,0.011759369705851851,0.014218964627501012,0.009003461384075085,0.007042092334890604,0.003088161777508183,0.008400708268596315,0.010517900013934578,0.003521046167445302,0.006905339660024878,0.015776850020901866,0.003521046167445302,0.004026470337517247,0.016016815885602272,0.007873298582322802,0.008734640537108554,0.09084131141646559,0.004367320268554277,0.003521046167445302,0.003521046167445302,0.007627196949127592,0.001953125,0.015746597164645604,0.005694288959809864,0.009212872199274027,0.0021836601342771385,0.0065509804028314154,0.003088161777508183,0.005258950006967289,0.004367320268554277,0.021126277004671814,0.016164985700436375,0.011759369705851851,0.010918300671385692,0.015254393898255184,0.005694288959809864,0.005940197783494355,0.006905339660024878,0.0087890625,0.008052940675034493,0.006176323555016366,0.0013810679320049757,0.01019561182510796,0.010563138502335907,0.008400708268596315,0.019236050394133015,0.0021836601342771385,0.0048828125,0.021683206358568866,0.0041432037960149265,0.008052940675034493,0.014680953494504793,0.0009765625,0.005524271728019903,0.007042092334890604,0.0029296875,0.0013810679320049757,0.001953125,0.003088161777508183,0.004026470337517247,0.0021836601342771385,0.004979511243742954,0.0021836601342771385,0.0029296875,0.007109482313750506,0.005258950006967289,0.01019561182510796,0.004367320268554277,0.019236050394133015,0.013982247132105814,0.005258950006967289,0.009264485332524549,0.004026470337517247,0.003521046167445302,0.014218964627501012,0.0029296875,0.005524271728019903,0.009003461384075085,0.0009765625,0.004367320268554277,0.0087890625,1,1,0.0
14.84375,8.979292869567871,6.0,0.3037646412849426,2.365009069442749,25.0,10.314576148986816,8.021178245544434,1.5625,0.48933088779449463,0.03017878346145153,955.0,10784.0,4107020.25,11.292146682739258,0.20690444111824036,1.2462729215621948,2.737715721130371,0.0001308590144617483,0.0,0.13155534863471985,950,942,910,908,956,923,910,1019,1019,987,969,970,968,968,976,990,1001,953,904,888,904,873,857,887,968,969,923,892,920,830,847,875,921,906,894,923,971,938,936,985,987,1016,957,968,970,888,895,894,905,846,815,846,905,906,921,985,969,1003,956,1001,991,911,840,872,922,894,863,894,953,924,905,875,905,863,840,872,954,936,894,939,955,922,902,906,909,951,967,988,985,986,954,968,1002,939,860,889,862,828,826,824,815,844,846,876,943,967,953,1015,1087,1023,973,959,1004,974,967,969,990,921,952,988,1015,1014,925,907,957,905,891,989,970,969,951,958,955,859,857,889,880,831,809,814,909,906,918,903,894,908,844,912,968,968,937,986,1007,972,922,918,956,919,907,873,943,926,923,973,1040,1019,958,987,952,892,840,812,826,873,908,955,968,971,941,936,986,959,920,989,987,920,907,923,958,988,941,937,942,906,892,906,939,904,873,830,864,808,824,857,922,886,953,972,971,909,858,810,815,781,766,812,783,776,748,813,906,857,902,941,910,841,779,780,862,858,888,955,940,968,956,987,1024,970,912,1017,1036,999,989,1034,1063,1019,976,953,1005,989,939,893,907,830,798,892,0.0029296875,0.03521046167445302,0.08091337455655219,0.0807718143818446,0.10368592271300697,0.022032254243512652,0.0664349662175584,0.08396734020553114,0.06153118750790377,0.0591848440410225,0.08389916644040352,0.0634765625,0.017953883116064683,0.05569831731093437,0.06583653824485615,0.05879684852925925,0.021945512748285382,0.07202769107260068,0.05614172793673754,0.045908825287277966,0.06543697487402717,0.014517645261053229,0.060962847793021906,0.037378240642587185,0.04138597675862713,0.02132844694125152,0.019652941208494246,0.017953883116064683,0.0166875073150733,0.015746597164645604,0.026294750034836445,0.046394427813358216,0.035061177873078594,0.009003461384075085,0.029264304812054096,0.013810679320049757,0.018961413905222265,0.01516032685181643,0.0385216463346016,0.01441877251975918,0.006253051013118016,0.005694288959809864,0.008400708268596315,0.008734640537108554,0.0021836601342771385,0.009765625,0.020967686087484266,0.03250647847088523,0.0041432037960149265,0.012506102026236032,0.016716057391234072,0.011134525635733769,0.007627196949127592,0.003088161777508183,0.009003461384075085,0.008052940675034493,0.003088161777508183,0.005258950006967289,0.013982247132105814,0.004026470337517247,0.005940197783494355,0.014680953494504793,0.010918300671385692,0.01179984958358845,0.09383134491768995,0.006176323555016366,0.00390625,0.0021836601342771385,0.00834375365753665,0.0021836601342771385,0.016105881350068987,0.0065509804028314154,0.009618025197066508,0.0021836601342771385,0.007873298582322802,0.003088161777508183,0.006176323555016366,0.005694288959809864,0.019918044974971814,0.016630260122975003,0.010054326309557618,0.009003461384075085,0.015440808887540914,0.003521046167445302,0.004026470337517247,0.010381001770248682,0.011388577919619728,0.010786485368346935,0.007873298582322802,0.004367320268554277,0.015191747252054731,0.005940197783494355,0.007627196949127592,0.018347943582085875,0.006905339660024878,0.0041432037960149265,0.026002982335340524,0.00834375365753665,0.011134525635733769,0.011430371006562134,0.003088161777508183,0.0009765625,0.010517900013934578,0.004367320268554277,0.0048828125,0.005940197783494355,0.003521046167445302,0.005258950006967289,0.004979511243742954,0.008052940675034493,0.005258950006967289,0.0048828125,0.005258950006967289,0.003088161777508183,0.011134525635733769,0.005859375,0.020692988379313566,0.012506102026236032,0.004026470337517247,0.008052940675034493,0.0048828125,0.0029296875,0.01516032685181643,0.003088161777508183,0.0065509804028314154,0.010563138502335907,0.0029296875,0.003088161777508183,0.005859375,1,1,0.0
17.96875,9.366442680358887,7.0,0.2900007367134094,2.096503257751465,25.0,11.212379455566406,8.405774116516113,1.5625,0.48070859909057617,0.030083831399679184,949.0,11273.0,4033217.75,11.878819465637207,0.2292906641960144,1.221078872680664,2.838313102722168,0.00029634751263074577,0.0,0.15351462364196777,1036,1005,944,923,937,943,985,988,950,942,910,908,956,923,910,1019,1019,987,969,970,968,968,976,990,1001,953,904,888,904,873,857,887,968,969,923,892,920,830,847,875,921,906,894,923,971,938,936,985,987,1016,957,968,970,888,895,894,905,846,815,846,905,906,921,985,969,1003,956,1001,991,911,840,872,922,894,863,894,953,924,905,875,905,863,840,872,954,936,894,939,955,922,902,906,909,951,967,988,985,986,954,968,1002,939,860,889,862,828,826,824,815,844,846,876,943,967,953,1015,1087,1023,973,959,1004,974,967,969,990,921,952,988,1015,1014,925,907,957,905,891,989,970,969,951,958,955,859,857,889,880,831,809,814,909,906,918,903,894,908,844,912,968,968,937,986,1007,972,922,918,956,919,907,873,943,926,923,973,1040,1019,958,987,952,892,840,812,826,873,908,955,968,971,941,936,986,959,920,989,987,920,907,923,958,988,941,937,942,906,892,906,939,904,873,830,864,808,824,857,922,886,953,972,971,909,858,810,815,781,766,812,783,776,748,813,906,857,902,941,910,841,779,780,862,858,888,955,940,968,956,987,1024,970,912,1017,1036,999,989,1034,1063,1019,976,953,0.00146484375,0.0324624416769427,0.09124459864685998,0.09115048351232839,0.11416178523484911,0.026868782211323446,0.06720566614877052,0.0732421875,0.058021292099659956,0.047651847260765046,0.07288323498845817,0.06641343021843478,0.029133659941750583,0.04898412579681427,0.06420109341364688,0.0485146185483368,0.027500249688142037,0.08106057019315287,0.05747632409985219,0.03792282781044453,0.05879684852925925,0.01800692276815017,0.05852860962410819,0.0439453125,0.035814689103305174,0.027621358640099514,0.02681548870653512,0.02315091717017519,0.01760523083722651,0.02003738723504218,0.021506558149946522,0.04226383790699688,0.03712222228271135,0.010517900013934578,0.020762003540497363,0.013028968812623373,0.01284467425582608,0.013282686043686957,0.03406789754396955,0.01516032685181643,0.005694288959809864,0.0065509804028314154,0.005859375,0.004367320268554277,0.005694288959809864,0.00834375365753665,0.0283203125,0.027621358640099514,0.004026470337517247,0.007042092334890604,0.015625,0.012079411012551739,0.013282686043686957,0.004026470337517247,0.01284467425582608,0.014084184669781208,0.0027621358640099515,0.004979511243742954,0.018347943582085875,0.0048828125,0.0029296875,0.0170549308560283,0.006253051013118016,0.007873298582322802,0.08986497711193235,0.004367320268554277,0.003521046167445302,0.005258950006967289,0.005524271728019903,0.004979511243742954,0.013101960805662831,0.005694288959809864,0.005258950006967289,0.0021836601342771385,0.005258950006967289,0.003521046167445302,0.010054326309557618,0.010918300671385692,0.0166015625,0.0166875073150733,0.005258950006967289,0.0107421875,0.014906579611790769,0.001953125,0.0009765625,0.01019561182510796,0.010918300671385692,0.014084184669781208,0.0048828125,0.005940197783494355,0.013810679320049757,0.009765625,0.0041432037960149265,0.01589728573837862,0.003521046167445302,0.0021836601342771385,0.023518739411703703,0.0065509804028314154,0.009212872199274027,0.012352647110032733,0.0009765625,0.0048828125,0.006905339660024878,0.003088161777508183,0.0013810679320049757,0.0021836601342771385,0.003521046167445302,0.0048828125,0.0021836601342771385,0.0048828125,0.0027621358640099515,0.004026470337517247,0.006905339660024878,0.0068359375,0.007873298582322802,0.0027621358640099515,0.018347943582085875,0.013706707859002147,0.005258950006967289,0.008286407592029853,0.004026470337517247,0.0041432037960149265,0.013982247132105814,0.0027621358640099515,0.005524271728019903,0.009814331661250869,0.0009765625,0.003521046167445302,0.0078125,1,1,0.0
14.84375,9.069448471069336,7.0,0.28133586049079895,2.344799518585205,0.78125,16.040122985839844,7.91981315612793,1.5625,0.5038039684295654,0.029861103743314743,935.0,13666.0,4403840.5,14.616043090820312,0.21486015617847443,1.5654066801071167,3.397221326828003,7.516096957260743e-05,0.0,0.13677863776683807,861,816,812,871,928,891,901,975,1036,1005,944,923,937,943,985,988,950,942,910,908,956,923,910,1019,1019,987,969,970,968,968,976,990,1001,953,904,888,904,873,857,887,968,969,923,892,920,830,847,875,921,906,894,923,971,938,936,985,987,1016,957,968,970,888,895,894,905,846,815,846,905,906,921,985,969,1003,956,1001,991,911,840,872,922,894,863,894,953,924,905,875,905,863,840,872,954,936,894,939,955,922,902,906,909,951,967,988,985,986,954,968,1002,939,860,889,862,828,826,824,815,844,846,876,943,967,953,1015,1087,1023,973,959,1004,974,967,969,990,921,952,988,1015,1014,925,907,957,905,891,989,970,969,951,958,955,859,857,889,880,831,809,814,909,906,918,903,894,908,844,912,968,968,937,986,1007,972,922,918,956,919,907,873,943,926,923,973,1040,1019,958,987,952,892,840,812,826,873,908,955,968,971,941,936,986,959,920,989,987,920,907,923,958,988,941,937,942,906,892,906,939,904,873,830,864,808,824,857,922,886,953,972,971,909,858,810,815,781,766,812,783,776,748,813,906,857,902,941,910,841,779,780,862,858,888,955,940,968,956,987,1024,970,912,1017,0.00244140625,0.05560406580268265,0.0803693731779683,0.08410352195232466,0.0794864286918931,0.013982247132105814,0.032033631771204545,0.09379576519677024,0.02489755621871477,0.048317644050206957,0.05064961906207008,0.07871481457572904,0.05960232234244972,0.047701854460233645,0.05258950006967289,0.04632242666262274,0.052344114387724204,0.08437522605583143,0.07842350200356973,0.04761180368456604,0.0649248833538854,0.022798081113142094,0.06300152779800512,0.03452669830012439,0.04120121701118943,0.014906579611790769,0.029523860269201122,0.0185803687406645,0.011430371006562134,0.02777629424478104,0.0224609375,0.04080582503081285,0.037224840922941246,0.014778072217208551,0.021683206358568866,0.016858082521125067,0.013282686043686957,0.013601941676937616,0.03756910949545184,0.0170549308560283,0.009814331661250869,0.0048828125,0.012236293052872722,0.011048543456039806,0.011134525635733769,0.009959022487485907,0.03669588716417175,0.023212625632821705,0.009618025197066508,0.0009765625,0.009765625,0.006905339660024878,0.009618025197066508,0.005940197783494355,0.007627196949127592,0.009003461384075085,0.0029296875,0.0041432037960149265,0.017469281074217108,0.007109482313750506,0.001953125,0.01589728573837862,0.00390625,0.007627196949127592,0.087890625,0.003521046167445302,0.0027621358640099515,0.004367320268554277,0.005258950006967289,0.0027621358640099515,0.015440808887540914,0.00390625,0.007627196949127592,0.003521046167445302,0.0,0.006253051013118016,0.011134525635733769,0.01516032685181643,0.014680953494504793,0.018657200365764452,0.0,0.01589728573837862,0.01179984958358845,0.005524271728019903,0.004367320268554277,0.005694288959809864,0.008052940675034493,0.009765625,0.007873298582322802,0.0048828125,0.016716057391234072,0.006905339660024878,0.003088161777508183,0.012732817197661424,0.006176323555016366,0.004026470337517247,0.022798081113142094,0.0041432037960149265,0.006176323555016366,0.016105881350068987,0.003088161777508183,0.004979511243742954,0.009959022487485907,0.0027621358640099515,0.00390625,0.004367320268554277,0.0009765625,0.0021836601342771385,0.0027621358640099515,0.006253051013118016,0.0027621358640099515,0.0041432037960149265,0.011759369705851851,0.009959022487485907,0.00390625,0.005524271728019903,0.020320949264340638,0.011759369705851851,0.0013810679320049757,0.006253051013118016,0.006253051013118016,0.0041432037960149265,0.01708286687942959,0.0009765625,0.0021836601342771385,0.006905339660024878,0.001953125,0.0065509804028314154,0.01171875,1,1,0.0
15.234375,9.136417388916016,8.0,0.3363419771194458,1.9042472839355469,25.0,9.623894691467285,8.527413368225098,2.734375,0.4351451098918915,0.02941058576107025,907.0,9225.0,3574092.25,10.170892715454102,0.22851291298866272,1.1388888359069824,2.6979970932006836,0.0002151074295397848,-22.265625,0.13705134391784668,985,940,904,892,922,846,814,812,861,816,812,871,928,891,901,975,1036,1005,944,923,937,943,985,988,950,942,910,908,956,923,910,1019,1019,987,969,970,968,968,976,990,1001,953,904,888,904,873,857,887,968,969,923,892,920,830,847,875,921,906,894,923,971,938,936,985,987,1016,957,968,970,888,895,894,905,846,815,846,905,906,921,985,969,1003,956,1001,991,911,840,872,922,894,863,894,953,924,905,875,905,863,840,872,954,936,894,939,955,922,902,906,909,951,967,988,985,986,954,968,1002,939,860,889,862,828,826,824,815,844,846,876,943,967,953,1015,1087,1023,973,959,1004,974,967,969,990,921,952,988,1015,1014,925,907,957,905,891,989,970,969,951,958,955,859,857,889,880,831,809,814,909,906,918,903,894,908,844,912,968,968,937,986,1007,972,922,918,956,919,907,873,943,926,923,973,1040,1019,958,987,952,892,840,812,826,873,908,955,968,971,941,936,986,959,920,989,987,920,907,923,958,988,941,937,942,906,892,906,939,904,873,830,864,808,824,857,922,886,953,972,971,909,858,810,815,781,766,812,783,776,748,813,906,857,902,941,910,841,779,780,862,858,888,955,0.00341796875,0.06844999573779319,0.08400708268596316,0.0902514949262658,0.07279813305483548,0.027010384152225255,0.027759121881937295,0.09344942865171532,0.029313146523053973,0.0400390625,0.03756910949545184,0.09048366706951955,0.0596423104867284,0.06032595785734571,0.0412127887617367,0.05841443917475852,0.0441185820237364,0.07235794356579181,0.0664349662175584,0.04835710313726542,0.06577857077753481,0.013879560940968648,0.06184039140229517,0.04200354134298158,0.03623823303765522,0.025781989809461104,0.023047702580480365,0.019555648822754675,0.015440808887540914,0.019749754312653012,0.02847144479904932,0.04911051156515687,0.04314594147338774,0.009003461384075085,0.017686299097924643,0.014517645261053229,0.010786485368346935,0.014218964627501012,0.03180956538066861,0.013282686043686957,0.005258950006967289,0.0048828125,0.008734640537108554,0.008843149548962322,0.008734640537108554,0.008400708268596315,0.03430501576220761,0.02489755621871477,0.009264485332524549,0.0009765625,0.010054326309557618,0.007437278423695223,0.009618025197066508,0.004367320268554277,0.009003461384075085,0.010563138502335907,0.0,0.003088161777508183,0.019186408891004394,0.0065509804028314154,0.0021836601342771385,0.01760523083722651,0.006905339660024878,0.008734640537108554,0.09084131141646559,0.004979511243742954,0.004367320268554277,0.005258950006967289,0.007042092334890604,0.0048828125,0.014218964627501012,0.0041432037960149265,0.004367320268554277,0.0029296875,0.004367320268554277,0.0048828125,0.009003461384075085,0.01313830473347042,0.0146484375,0.019186408891004394,0.0021836601342771385,0.01528562093993997,0.012732817197661424,0.004979511243742954,0.00390625,0.004979511243742954,0.006905339660024878,0.010381001770248682,0.006905339660024878,0.0048828125,0.01589728573837862,0.008734640537108554,0.0029296875,0.013982247132105814,0.0041432037960149265,0.003521046167445302,0.022798081113142094,0.004979511243742954,0.008052940675034493,0.01313830473347042,0.0013810679320049757,0.004026470337517247,0.007873298582322802,0.003088161777508183,0.0013810679320049757,0.0027621358640099515,0.0029296875,0.003521046167445302,0.0027621358640099515,0.005524271728019903,0.0,0.001953125,0.009959022487485907,0.007873298582322802,0.005859375,0.003088161777508183,0.017820593350483065,0.012079411012551739,0.003088161777508183,0.0048828125,0.007627196949127592,0.0021836601342771385,0.016630260122975003,0.0009765625,0.003088161777508183,0.006905339660024878,0.0029296875,0.006905339660024878,0.01171875,1,1,0.0
15.234375,9.071023941040039,8.0,0.3129098117351532,2.0165793895721436,25.0,10.345077514648438,8.325780868530273,2.734375,0.4593189060688019,0.029459185898303986,910.0,9157.0,3760017.75,10.062637329101562,0.22777129709720612,1.0582456588745117,2.794668436050415,0.0004205431032460183,1.5625,0.12993043661117554,919,906,859,875,905,926,895,976,985,940,904,892,922,846,814,812,861,816,812,871,928,891,901,975,1036,1005,944,923,937,943,985,988,950,942,910,908,956,923,910,1019,1019,987,969,970,968,968,976,990,1001,953,904,888,904,873,857,887,968,969,923,892,920,830,847,875,921,906,894,923,971,938,936,985,987,1016,957,968,970,888,895,894,905,846,815,846,905,906,921,985,969,1003,956,1001,991,911,840,872,922,894,863,894,953,924,905,875,905,863,840,872,954,936,894,939,955,922,902,906,909,951,967,988,985,986,954,968,1002,939,860,889,862,828,826,824,815,844,846,876,943,967,953,1015,1087,1023,973,959,1004,974,967,969,990,921,952,988,1015,1014,925,907,957,905,891,989,970,969,951,958,955,859,857,889,880,831,809,814,909,906,918,903,894,908,844,912,968,968,937,986,1007,972,922,918,956,919,907,873,943,926,923,973,1040,1019,958,987,952,892,840,812,826,873,908,955,968,971,941,936,986,959,920,989,987,920,907,923,958,988,941,937,942,906,892,906,939,904,873,830,864,808,824,857,922,886,953,972,971,909,858,810,815,781,766,812,783,776,748,813,906,857,902,941,0.001953125,0.0567751634912056,0.07580163425908215,0.07842350200356973,0.0670707220066124,0.024647323172117114,0.015746597164645604,0.10432777661363503,0.0235996991671769,0.04559616222628419,0.02756951994822872,0.1015812783120769,0.06366408598830711,0.07002028035251309,0.035224001556389516,0.0647336461686584,0.03521046167445302,0.07134923616253058,0.05978604634771081,0.03984805813106087,0.05765028180916188,0.021836601342771385,0.05498315726663768,0.03500673501745102,0.041718768287683256,0.018961413905222265,0.0244140625,0.018657200365764452,0.01313830473347042,0.021683206358568866,0.023619895746968406,0.04530239650290313,0.03936649291161401,0.0065509804028314154,0.02108108705558877,0.012079411012551739,0.013282686043686957,0.01284467425582608,0.031081700122733494,0.013566839833447074,0.0048828125,0.005940197783494355,0.006905339660024878,0.008400708268596315,0.007437278423695223,0.006905339660024878,0.03434669022474409,0.025781989809461104,0.01019561182510796,0.0013810679320049757,0.00966747552403483,0.005694288959809864,0.00834375365753665,0.004367320268554277,0.00834375365753665,0.010517900013934578,0.0,0.003521046167445302,0.018657200365764452,0.005694288959809864,0.0021836601342771385,0.016016815885602272,0.0065509804028314154,0.009003461384075085,0.08986497711193235,0.004026470337517247,0.003521046167445302,0.003521046167445302,0.0068359375,0.003088161777508183,0.015655487833868553,0.0027621358640099515,0.003521046167445302,0.004367320268554277,0.004367320268554277,0.005940197783494355,0.01019561182510796,0.0107421875,0.01528562093993997,0.019457869965987574,0.004367320268554277,0.01313830473347042,0.01516032685181643,0.006253051013118016,0.005694288959809864,0.003521046167445302,0.007109482313750506,0.007873298582322802,0.0078125,0.006176323555016366,0.018165112536853784,0.009264485332524549,0.0021836601342771385,0.013282686043686957,0.004026470337517247,0.004026470337517247,0.021506558149946522,0.004979511243742954,0.008400708268596315,0.013028968812623373,0.0009765625,0.003521046167445302,0.007873298582322802,0.003521046167445302,0.0013810679320049757,0.0021836601342771385,0.003521046167445302,0.005258950006967289,0.0021836601342771385,0.005258950006967289,0.0021836601342771385,0.0013810679320049757,0.009618025197066508,0.009765625,0.0068359375,0.004367320268554277,0.01800692276815017,0.010563138502335907,0.003088161777508183,0.0048828125,0.007873298582322802,0.005694288959809864,0.018961413905222265,0.0029296875,0.003521046167445302,0.0068359375,0.0013810679320049757,0.003088161777508183,0.0087890625,1,1,0.0
17.96875,9.190035820007324,7.0,0.30366069078445435,2.030029535293579,4.296875,15.013280868530273,8.49291706085205,2.734375,0.466526597738266,0.028671715408563614,862.0,11413.0,3866188.75,13.24013900756836,0.22981271147727966,1.054805874824524,3.342167854309082,0.0001449065312044695,0.0,0.13241642713546753,879,856,842,890,983,970,954,972,919,906,859,875,905,926,895,976,985,940,904,892,922,846,814,812,861,816,812,871,928,891,901,975,1036,1005,944,923,937,943,985,988,950,942,910,908,956,923,910,1019,1019,987,969,970,968,968,976,990,1001,953,904,888,904,873,857,887,968,969,923,892,920,830,847,875,921,906,894,923,971,938,936,985,987,1016,957,968,970,888,895,894,905,846,815,846,905,906,921,985,969,1003,956,1001,991,911,840,872,922,894,863,894,953,924,905,875,905,863,840,872,954,936,894,939,955,922,902,906,909,951,967,988,985,986,954,968,1002,939,860,889,862,828,826,824,815,844,846,876,943,967,953,1015,1087,1023,973,959,1004,974,967,969,990,921,952,988,1015,1014,925,907,957,905,891,989,970,969,951,958,955,859,857,889,880,831,809,814,909,906,918,903,894,908,844,912,968,968,937,986,1007,972,922,918,956,919,907,873,943,926,923,973,1040,1019,958,987,952,892,840,812,826,873,908,955,968,971,941,936,986,959,920,989,987,920,907,923,958,988,941,937,942,906,892,906,939,904,873,830,864,808,824,857,922,886,953,972,971,909,858,810,815,781,766,812,0.00390625,0.03549371454177001,0.058601887455771474,0.05985778484657014,0.04961283514015835,0.043858421040792225,0.013982247132105814,0.1064497920502387,0.04120121701118943,0.03066468450802262,0.031988944051092184,0.09405975033616015,0.049071658306254345,0.05524271728019903,0.04752158226795484,0.05363097741307024,0.04804052295409705,0.07031928135701052,0.06289547729728366,0.05139725533961237,0.0656915236673521,0.016630260122975003,0.05286081485439202,0.03712222228271135,0.04737083138919884,0.017469281074217108,0.022545696055889054,0.014680953494504793,0.011134525635733769,0.024433585943743757,0.021126277004671814,0.043013116299893045,0.038397662600268556,0.007042092334890604,0.020320949264340638,0.01242961138804478,0.013706707859002147,0.011759369705851851,0.0333750146301466,0.015440808887540914,0.007873298582322802,0.008843149548962322,0.003088161777508183,0.0065509804028314154,0.004979511243742954,0.004026470337517247,0.03500673501745102,0.02580047815160724,0.015776850020901866,0.004979511243742954,0.005258950006967289,0.0027621358640099515,0.006253051013118016,0.0009765625,0.0126953125,0.014938533731228863,0.004026470337517247,0.007437278423695223,0.015746597164645604,0.005524271728019903,0.001953125,0.014906579611790769,0.0048828125,0.007042092334890604,0.0908203125,0.0027621358640099515,0.003088161777508183,0.004026470337517247,0.008286407592029853,0.00390625,0.0166015625,0.003521046167445302,0.0027621358640099515,0.005258950006967289,0.005940197783494355,0.0048828125,0.007873298582322802,0.010054326309557618,0.012732817197661424,0.020320949264340638,0.0021836601342771385,0.015254393898255184,0.012506102026236032,0.0048828125,0.0029296875,0.0065509804028314154,0.0065509804028314154,0.009814331661250869,0.006905339660024878,0.004367320268554277,0.017469281074217108,0.007042092334890604,0.001953125,0.010786485368346935,0.0041432037960149265,0.005859375,0.020320949264340638,0.006253051013118016,0.009618025197066508,0.01179984958358845,0.0009765625,0.006176323555016366,0.007109482313750506,0.0013810679320049757,0.0021836601342771385,0.0021836601342771385,0.0027621358640099515,0.005258950006967289,0.0021836601342771385,0.005859375,0.001953125,0.0013810679320049757,0.009618025197066508,0.009618025197066508,0.006176323555016366,0.004026470337517247,0.01760523083722651,0.01179984958358845,0.0029296875,0.0041432037960149265,0.008400708268596315,0.005940197783494355,0.018961413905222265,0.0027621358640099515,0.004026470337517247,0.0065509804028314154,0.0021836601342771385,0.0029296875,0.0078125,1,1,0.0
18.359375,9.249149322509766,5.0,0.34614166617393494,1.6367300748825073,4.296875,19.59050750732422,9.180557250976562,2.734375,0.40587759017944336,0.027430804446339607,789.0,11882.0,3166789.0,15.059569358825684,0.2479807585477829,1.2808020114898682,3.772461175918579,0.0006334877689369023,0.0,0.13914629817008972,909,941,890,906,909,839,893,875,879,856,842,890,983,970,954,972,919,906,859,875,905,926,895,976,985,940,904,892,922,846,814,812,861,816,812,871,928,891,901,975,1036,1005,944,923,937,943,985,988,950,942,910,908,956,923,910,1019,1019,987,969,970,968,968,976,990,1001,953,904,888,904,873,857,887,968,969,923,892,920,830,847,875,921,906,894,923,971,938,936,985,987,1016,957,968,970,888,895,894,905,846,815,846,905,906,921,985,969,1003,956,1001,991,911,840,872,922,894,863,894,953,924,905,875,905,863,840,872,954,936,894,939,955,922,902,906,909,951,967,988,985,986,954,968,1002,939,860,889,862,828,826,824,815,844,846,876,943,967,953,1015,1087,1023,973,959,1004,974,967,969,990,921,952,988,1015,1014,925,907,957,905,891,989,970,969,951,958,955,859,857,889,880,831,809,814,909,906,918,903,894,908,844,912,968,968,937,986,1007,972,922,918,956,919,907,873,943,926,923,973,1040,1019,958,987,952,892,840,812,826,873,908,955,968,971,941,936,986,959,920,989,987,920,907,923,958,988,941,937,942,906,892,906,939,904,873,830,864,808,824,857,922,886,953,972,0.00146484375,0.025781989809461104,0.04712862700005334,0.052344114387724204,0.03928161203343509,0.05417061815765103,0.02485922277608956,0.09921605864952161,0.04848512338791566,0.022269051271467537,0.04217348219079919,0.08348895483004493,0.05603971381017021,0.05603971381017021,0.03847210078826603,0.0647557408207047,0.04428040644044779,0.06392569472286383,0.05482683143600859,0.04007477447008436,0.055672628178668845,0.02229045353615884,0.05709342180563854,0.037314400731528904,0.037057941330098196,0.024954945974962183,0.02108108705558877,0.0166015625,0.009959022487485907,0.028721564784868637,0.0264394265052361,0.039764205217777994,0.0332174831087792,0.009814331661250869,0.027981540589637505,0.004979511243742954,0.017953883116064683,0.014084184669781208,0.027361183058831836,0.011759369705851851,0.0048828125,0.0065509804028314154,0.005694288959809864,0.0048828125,0.0041432037960149265,0.0027621358640099515,0.03340357690720131,0.027793455997573647,0.015776850020901866,0.005940197783494355,0.005258950006967289,0.0048828125,0.008052940675034493,0.0021836601342771385,0.011920464468489943,0.012732817197661424,0.0021836601342771385,0.003521046167445302,0.01875915303935405,0.0048828125,0.003088161777508183,0.014874556847390447,0.0078125,0.009959022487485907,0.0859375,0.003088161777508183,0.0009765625,0.0013810679320049757,0.010918300671385692,0.005940197783494355,0.0166015625,0.006253051013118016,0.004026470337517247,0.004026470337517247,0.0048828125,0.003088161777508183,0.008734640537108554,0.012236293052872722,0.014938533731228863,0.01933495104806966,0.0021836601342771385,0.014906579611790769,0.0126953125,0.004367320268554277,0.00390625,0.006176323555016366,0.004979511243742954,0.0068359375,0.009814331661250869,0.007437278423695223,0.019918044974971814,0.011134525635733769,0.0013810679320049757,0.014906579611790769,0.0048828125,0.0021836601342771385,0.022140203220223895,0.0021836601342771385,0.004979511243742954,0.015254393898255184,0.004979511243742954,0.006905339660024878,0.0027621358640099515,0.006253051013118016,0.004026470337517247,0.007437278423695223,0.004026470337517247,0.0,0.004026470337517247,0.0013810679320049757,0.005524271728019903,0.005940197783494355,0.006253051013118016,0.009959022487485907,0.010918300671385692,0.008052940675034493,0.01953125,0.009618025197066508,0.0029296875,0.007627196949127592,0.006176323555016366,0.005258950006967289,0.01680141653719263,0.0009765625,0.003521046167445302,0.006176323555016366,0.0013810679320049757,0.004026470337517247,0.0087890625,1,1,0.0
22.65625,9.636575698852539,5.0,0.3357830047607422,1.5032488107681274,25.0,18.37896156311035,9.602579116821289,2.734375,0.39887499809265137,0.026294749230146408,725.0,10322.0,2390177.25,14.237241744995117,0.26534196734428406,1.3329029083251953,3.6105599403381348,9.69817119766958e-05,0.0,0.15571965277194977,910,908,906,955,1003,969,957,956,909,941,890,906,909,839,893,875,879,856,842,890,983,970,954,972,919,906,859,875,905,926,895,976,985,940,904,892,922,846,814,812,861,816,812,871,928,891,901,975,1036,1005,944,923,937,943,985,988,950,942,910,908,956,923,910,1019,1019,987,969,970,968,968,976,990,1001,953,904,888,904,873,857,887,968,969,923,892,920,830,847,875,921,906,894,923,971,938,936,985,987,1016,957,968,970,888,895,894,905,846,815,846,905,906,921,985,969,1003,956,1001,991,911,840,872,922,894,863,894,953,924,905,875,905,863,840,872,954,936,894,939,955,922,902,906,909,951,967,988,985,986,954,968,1002,939,860,889,862,828,826,824,815,844,846,876,943,967,953,1015,1087,1023,973,959,1004,974,967,969,990,921,952,988,1015,1014,925,907,957,905,891,989,970,969,951,958,955,859,857,889,880,831,809,814,909,906,918,903,894,908,844,912,968,968,937,986,1007,972,922,918,956,919,907,873,943,926,923,973,1040,1019,958,987,952,892,840,812,826,873,908,955,968,971,941,936,986,959,920,989,987,920,907,923,958,988,941,937,942,906,892,906,939,904,873,830,0.00244140625,0.014218964627501012,0.030289184412638327,0.056446664127415724,0.03434669022474409,0.054774623681172495,0.0316291694154329,0.09095147618652384,0.03389952140177692,0.037288834164134345,0.029035290522106457,0.09805096013650966,0.04848512338791566,0.05286081485439202,0.051267206048463625,0.054661335817017695,0.056082242247504806,0.055672628178668845,0.049506999436080376,0.04280196679845923,0.048828125,0.033203125,0.0537109375,0.035372598195849286,0.03102027377786834,0.03066468450802262,0.02132844694125152,0.01800692276815017,0.010517900013934578,0.03401186477982031,0.025781989809461104,0.03554741156875253,0.030289184412638327,0.009814331661250869,0.028185292362620726,0.007627196949127592,0.014874556847390447,0.014778072217208551,0.029378142493147116,0.01171875,0.005694288959809864,0.006905339660024878,0.005524271728019903,0.004026470337517247,0.003088161777508183,0.0013810679320049757,0.033969779552590014,0.027361183058831836,0.0166015625,0.007109482313750506,0.005258950006967289,0.007042092334890604,0.009212872199274027,0.004367320268554277,0.008734640537108554,0.009959022487485907,0.0009765625,0.004026470337517247,0.017953883116064683,0.003088161777508183,0.0048828125,0.01313830473347042,0.007042092334890604,0.008843149548962322,0.087890625,0.001953125,0.0,0.001953125,0.009765625,0.0048828125,0.01589728573837862,0.004367320268554277,0.003088161777508183,0.004367320268554277,0.005258950006967289,0.003088161777508183,0.007437278423695223,0.01171875,0.012732817197661424,0.01878455474772592,0.0013810679320049757,0.013101960805662831,0.014680953494504793,0.004026470337517247,0.0048828125,0.004367320268554277,0.004979511243742954,0.0078125,0.008843149548962322,0.007437278423695223,0.01800692276815017,0.008843149548962322,0.0009765625,0.013982247132105814,0.0027621358640099515,0.0021836601342771385,0.02209708691207961,0.0029296875,0.005258950006967289,0.016105881350068987,0.005524271728019903,0.007109482313750506,0.0029296875,0.005694288959809864,0.004026470337517247,0.0065509804028314154,0.00390625,0.0009765625,0.003088161777508183,0.0021836601342771385,0.003521046167445302,0.005859375,0.0065509804028314154,0.007437278423695223,0.01179984958358845,0.007627196949127592,0.017304731588544287,0.01019561182510796,0.006253051013118016,0.010563138502335907,0.004026470337517247,0.005694288959809864,0.013982247132105814,0.003521046167445302,0.0009765625,0.003088161777508183,0.0048828125,0.0013810679320049757,0.0048828125,1,1,0.0
23.4375,9.482805252075195,3.0,0.3363194763660431,1.4354711771011353,2.734375,20.9621639251709,9.71157169342041,4.296875,0.3911745250225067,0.025707904249429703,693.0,10081.0,2377463.0,14.546897888183594,0.2725059986114502,1.162208914756775,3.95451021194458,0.00028171236044727266,0.0,0.15054969489574432,1000,940,919,907,924,845,863,890,910,908,906,955,1003,969,957,956,909,941,890,906,909,839,893,875,879,856,842,890,983,970,954,972,919,906,859,875,905,926,895,976,985,940,904,892,922,846,814,812,861,816,812,871,928,891,901,975,1036,1005,944,923,937,943,985,988,950,942,910,908,956,923,910,1019,1019,987,969,970,968,968,976,990,1001,953,904,888,904,873,857,887,968,969,923,892,920,830,847,875,921,906,894,923,971,938,936,985,987,1016,957,968,970,888,895,894,905,846,815,846,905,906,921,985,969,1003,956,1001,991,911,840,872,922,894,863,894,953,924,905,875,905,863,840,872,954,936,894,939,955,922,902,906,909,951,967,988,985,986,954,968,1002,939,860,889,862,828,826,824,815,844,846,876,943,967,953,1015,1087,1023,973,959,1004,974,967,969,990,921,952,988,1015,1014,925,907,957,905,891,989,970,969,951,958,955,859,857,889,880,831,809,814,909,906,918,903,894,908,844,912,968,968,937,986,1007,972,922,918,956,919,907,873,943,926,923,973,1040,1019,958,987,952,892,840,812,826,873,908,955,968,971,941,936,986,959,920,989,987,920,907,923,958,988,941,937,0.0029296875,0.013671875,0.030414866215619993,0.058070581044212914,0.03585460888805824,0.052959948683422846,0.028985980624327792,0.09280940914466189,0.03554741156875253,0.03521046167445302,0.0324624416769427,0.09377034284498284,0.05079063915603845,0.055526831936833984,0.0485735551384605,0.053790778726251605,0.053932426841734674,0.06080621123460194,0.05392358473546298,0.04833737762017415,0.051164792568084906,0.034938562148434216,0.04972803537685162,0.032285693857063556,0.029893023173855404,0.03564118670096613,0.024020261477048523,0.019652941208494246,0.011920464468489943,0.03907470512449718,0.021945512748285382,0.0325211441510678,0.030835260554388563,0.005258950006967289,0.02298555135925746,0.009212872199274027,0.017387200990981306,0.011388577919619728,0.027151247606362977,0.008734640537108554,0.003088161777508183,0.004026470337517247,0.009212872199274027,0.0013810679320049757,0.0,0.0027621358640099515,0.0361328125,0.027010384152225255,0.01760523083722651,0.0065509804028314154,0.007873298582322802,0.007042092334890604,0.009814331661250869,0.004026470337517247,0.009959022487485907,0.010517900013934578,0.0,0.00390625,0.0185803687406645,0.0029296875,0.004979511243742954,0.01284467425582608,0.006253051013118016,0.007873298582322802,0.0888671875,0.0027621358640099515,0.0013810679320049757,0.0009765625,0.011134525635733769,0.0065509804028314154,0.015776850020901866,0.007873298582322802,0.004979511243742954,0.003088161777508183,0.004026470337517247,0.006176323555016366,0.007873298582322802,0.009618025197066508,0.010381001770248682,0.019749754312653012,0.0021836601342771385,0.013101960805662831,0.01708286687942959,0.0065509804028314154,0.007873298582322802,0.0029296875,0.007109482313750506,0.009003461384075085,0.007873298582322802,0.005524271728019903,0.01875915303935405,0.009003461384075085,0.0009765625,0.014680953494504793,0.003521046167445302,0.001953125,0.022798081113142094,0.003088161777508183,0.0048828125,0.015440808887540914,0.0048828125,0.006176323555016366,0.0021836601342771385,0.006176323555016366,0.004979511243742954,0.007627196949127592,0.003088161777508183,0.0009765625,0.0021836601342771385,0.0027621358640099515,0.003088161777508183,0.0048828125,0.005258950006967289,0.006253051013118016,0.0126953125,0.007873298582322802,0.019652941208494246,0.009212872199274027,0.007109482313750506,0.011134525635733769,0.001953125,0.0027621358640099515,0.015440808887540914,0.0027621358640099515,0.001953125,0.0048828125,0.0027621358640099515,0.0021836601342771385,0.0078125,1,1,0.0
24.609375,9.60782527923584,4.0,0.34459221363067627,1.4001702070236206,2.734375,19.06245994567871,9.818509101867676,4.296875,0.38234058022499084,0.02594790980219841,706.0,9220.0,2374279.5,13.059490203857422,0.2730672359466553,1.0208148956298828,3.7612075805664062,0.00039828295120969415,0.0,0.14593632519245148,959,953,928,970,1048,1001,970,943,1000,940,919,907,924,845,863,890,910,908,906,955,1003,969,957,956,909,941,890,906,909,839,893,875,879,856,842,890,983,970,954,972,919,906,859,875,905,926,895,976,985,940,904,892,922,846,814,812,861,816,812,871,928,891,901,975,1036,1005,944,923,937,943,985,988,950,942,910,908,956,923,910,1019,1019,987,969,970,968,968,976,990,1001,953,904,888,904,873,857,887,968,969,923,892,920,830,847,875,921,906,894,923,971,938,936,985,987,1016,957,968,970,888,895,894,905,846,815,846,905,906,921,985,969,1003,956,1001,991,911,840,872,922,894,863,894,953,924,905,875,905,863,840,872,954,936,894,939,955,922,902,906,909,951,967,988,985,986,954,968,1002,939,860,889,862,828,826,824,815,844,846,876,943,967,953,1015,1087,1023,973,959,1004,974,967,969,990,921,952,988,1015,1014,925,907,957,905,891,989,970,969,951,958,955,859,857,889,880,831,809,814,909,906,918,903,894,908,844,912,968,968,937,986,1007,972,922,918,956,919,907,873,943,926,923,973,1040,1019,958,987,952,892,840,812,826,873,908,955,968,971,941,936,986,959,920,989,0.0009765625,0.01441877251975918,0.027238917345666705,0.061585410255576414,0.04014610310760638,0.049071658306254345,0.024119314521930602,0.09795364871898996,0.0380859375,0.029264304812054096,0.037378240642587185,0.08867381089571785,0.05685070147589017,0.0615931524657089,0.04642525126564341,0.049042498162069216,0.057226895796810985,0.06176323555016366,0.05339037864389314,0.04984296935615174,0.04458090707231768,0.03954776705335271,0.05614172793673754,0.03853402276747824,0.027964494264211628,0.03179457147675724,0.019652941208494246,0.017686299097924643,0.01179984958358845,0.03500673501745102,0.02833714478231818,0.03102027377786834,0.024724587697601882,0.007042092334890604,0.022545696055889054,0.013810679320049757,0.014778072217208551,0.007109482313750506,0.029556144434417102,0.009618025197066508,0.0029296875,0.0029296875,0.012352647110032733,0.001953125,0.003088161777508183,0.004979511243742954,0.03847210078826603,0.024492062898407135,0.015440808887540914,0.0048828125,0.005940197783494355,0.006905339660024878,0.010563138502335907,0.004979511243742954,0.009264485332524549,0.009212872199274027,0.0009765625,0.005940197783494355,0.017469281074217108,0.003521046167445302,0.003521046167445302,0.013101960805662831,0.006905339660024878,0.008400708268596315,0.08887255306604262,0.001953125,0.003521046167445302,0.003088161777508183,0.01019561182510796,0.007109482313750506,0.018165112536853784,0.009765625,0.007873298582322802,0.003521046167445302,0.005524271728019903,0.007873298582322802,0.005694288959809864,0.01313830473347042,0.011388577919619728,0.016716057391234072,0.0048828125,0.0107421875,0.015254393898255184,0.004367320268554277,0.003521046167445302,0.006253051013118016,0.003088161777508183,0.005859375,0.01019561182510796,0.006176323555016366,0.014874556847390447,0.005859375,0.0027621358640099515,0.01528562093993997,0.0029296875,0.0009765625,0.0244140625,0.0027621358640099515,0.005258950006967289,0.013810679320049757,0.004026470337517247,0.005940197783494355,0.004026470337517247,0.006176323555016366,0.004367320268554277,0.008734640537108554,0.0048828125,0.001953125,0.003088161777508183,0.0021836601342771385,0.003521046167445302,0.003088161777508183,0.006176323555016366,0.006905339660024878,0.012236293052872722,0.007627196949127592,0.017953883116064683,0.010517900013934578,0.0087890625,0.013810679320049757,0.0013810679320049757,0.004367320268554277,0.015254393898255184,0.004367320268554277,0.0041432037960149265,0.006253051013118016,0.0021836601342771385,0.004367320268554277,0.009765625,1,1,0.0
23.828125,9.634571075439453,6.0,0.35166871547698975,1.4687784910202026,25.0,18.66151237487793,9.728299140930176,2.734375,0.3857191205024719,0.026131032034754753,716.0,10061.0,2480387.25,14.051675796508789,0.26261216402053833,1.2148032188415527,3.7044315338134766,4.361241735750809e-05,0.0,0.16040344536304474,925,936,891,919,922,937,904,925,959,953,928,970,1048,1001,970,943,1000,940,919,907,924,845,863,890,910,908,906,955,1003,969,957,956,909,941,890,906,909,839,893,875,879,856,842,890,983,970,954,972,919,906,859,875,905,926,895,976,985,940,904,892,922,846,814,812,861,816,812,871,928,891,901,975,1036,1005,944,923,937,943,985,988,950,942,910,908,956,923,910,1019,1019,987,969,970,968,968,976,990,1001,953,904,888,904,873,857,887,968,969,923,892,920,830,847,875,921,906,894,923,971,938,936,985,987,1016,957,968,970,888,895,894,905,846,815,846,905,906,921,985,969,1003,956,1001,991,911,840,872,922,894,863,894,953,924,905,875,905,863,840,872,954,936,894,939,955,922,902,906,909,951,967,988,985,986,954,968,1002,939,860,889,862,828,826,824,815,844,846,876,943,967,953,1015,1087,1023,973,959,1004,974,967,969,990,921,952,988,1015,1014,925,907,957,905,891,989,970,969,951,958,955,859,857,889,880,831,809,814,909,906,918,903,894,908,844,912,968,968,937,986,1007,972,922,918,956,919,907,873,943,926,923,973,1040,1019,958,987,952,892,840,812,826,873,908,955,0.00048828125,0.01171875,0.029700988917471777,0.055285858807492816,0.03460946317708857,0.05267104125063203,0.027500249688142037,0.10220369263190864,0.03792282781044453,0.02580047815160724,0.04350911994129973,0.08214742517505114,0.06440131677264667,0.06883899823662933,0.04883788964863276,0.04283537538957287,0.06336378202151693,0.05597160109729336,0.04817928274821879,0.04501730692037543,0.044815601193686584,0.03623823303765522,0.054635159104294395,0.03500673501745102,0.030162978928672854,0.03232997140087275,0.0208765218031562,0.0166875073150733,0.010054326309557618,0.03500673501745102,0.027793455997573647,0.03180956538066861,0.02458921545315268,0.007109482313750506,0.022881590847382775,0.013810679320049757,0.0146484375,0.005940197783494355,0.028437929255002024,0.008052940675034493,0.004026470337517247,0.003088161777508183,0.010786485368346935,0.0009765625,0.0013810679320049757,0.0027621358640099515,0.035907766232129365,0.025781989809461104,0.017387200990981306,0.005940197783494355,0.007873298582322802,0.0065509804028314154,0.0087890625,0.0021836601342771385,0.011759369705851851,0.009212872199274027,0.0013810679320049757,0.0041432037960149265,0.01800692276815017,0.003088161777508183,0.003088161777508183,0.014084184669781208,0.006905339660024878,0.00966747552403483,0.08789605017978357,0.001953125,0.00390625,0.003521046167445302,0.010054326309557618,0.006176323555016366,0.01824369305885684,0.010918300671385692,0.008843149548962322,0.003521046167445302,0.005258950006967289,0.00834375365753665,0.005258950006967289,0.012079411012551739,0.010918300671385692,0.017304731588544287,0.0048828125,0.010918300671385692,0.01528562093993997,0.005694288959809864,0.0029296875,0.006905339660024878,0.0021836601342771385,0.004979511243742954,0.012079411012551739,0.007109482313750506,0.013671875,0.0048828125,0.004979511243742954,0.016016815885602272,0.004026470337517247,0.003088161777508183,0.023294649300540163,0.0009765625,0.007042092334890604,0.0126953125,0.0029296875,0.0048828125,0.004026470337517247,0.006905339660024878,0.0048828125,0.007042092334890604,0.003088161777508183,0.0,0.00390625,0.001953125,0.006253051013118016,0.005258950006967289,0.008400708268596315,0.007042092334890604,0.011388577919619728,0.0078125,0.017304731588544287,0.010517900013934578,0.009212872199274027,0.013982247132105814,0.0013810679320049757,0.0013810679320049757,0.0166875073150733,0.0029296875,0.003088161777508183,0.005940197783494355,0.0029296875,0.003088161777508183,0.0078125,1,1,0.0
23.828125,9.632686614990234,6.0,0.3452196419239044,1.5075374841690063,25.0,20.458742141723633,9.665483474731445,2.734375,0.3936555087566376,0.026021312922239304,710.0,10953.0,2508188.25,15.42676067352295,0.261124849319458,1.352055311203003,3.853142261505127,1.099565633921884e-05,0.0,0.1526602804660797,924,944,923,940,974,927,863,909,925,936,891,919,922,937,904,925,959,953,928,970,1048,1001,970,943,1000,940,919,907,924,845,863,890,910,908,906,955,1003,969,957,956,909,941,890,906,909,839,893,875,879,856,842,890,983,970,954,972,919,906,859,875,905,926,895,976,985,940,904,892,922,846,814,812,861,816,812,871,928,891,901,975,1036,1005,944,923,937,943,985,988,950,942,910,908,956,923,910,1019,1019,987,969,970,968,968,976,990,1001,953,904,888,904,873,857,887,968,969,923,892,920,830,847,875,921,906,894,923,971,938,936,985,987,1016,957,968,970,888,895,894,905,846,815,846,905,906,921,985,969,1003,956,1001,991,911,840,872,922,894,863,894,953,924,905,875,905,863,840,872,954,936,894,939,955,922,902,906,909,951,967,988,985,986,954,968,1002,939,860,889,862,828,826,824,815,844,846,876,943,967,953,1015,1087,1023,973,959,1004,974,967,969,990,921,952,988,1015,1014,925,907,957,905,891,989,970,969,951,958,955,859,857,889,880,831,809,814,909,906,918,903,894,908,844,912,968,968,937,986,1007,972,922,918,956,919,907,873,943,926,923,973,1040,1019,958,987,0.001953125,0.017387200990981306,0.03168941550700772,0.0599533026491048,0.03564118670096613,0.05633673867912483,0.03389952140177692,0.0912184652942842,0.026654968874914416,0.03629082846887118,0.03869455616437295,0.07529670518047357,0.06772867532968634,0.07670834721349798,0.04655858375414147,0.03389952140177692,0.07258822630526614,0.04835710313726542,0.037109375,0.033332125323976586,0.047138743695887386,0.02417855156863271,0.04627092867375834,0.022777155839239456,0.03066468450802262,0.044932488555966175,0.015776850020901866,0.0065509804028314154,0.006905339660024878,0.022482157096135425,0.03819845159298427,0.03340357690720131,0.013810679320049757,0.015254393898255184,0.01680141653719263,0.023047702580480365,0.025633603024231812,0.013810679320049757,0.018425744398548053,0.007873298582322802,0.008052940675034493,0.00834375365753665,0.009003461384075085,0.009212872199274027,0.007873298582322802,0.009618025197066508,0.04037114571991091,0.02229045353615884,0.014084184669781208,0.0013810679320049757,0.007109482313750506,0.003088161777508183,0.01019561182510796,0.007042092334890604,0.008052940675034493,0.008286407592029853,0.003088161777508183,0.0065509804028314154,0.016370170521718956,0.0048828125,0.003088161777508183,0.013810679320049757,0.007627196949127592,0.008734640537108554,0.08984905724813648,0.003521046167445302,0.004979511243742954,0.003088161777508183,0.0126953125,0.009003461384075085,0.014680953494504793,0.0065509804028314154,0.00390625,0.0021836601342771385,0.0013810679320049757,0.009003461384075085,0.009618025197066508,0.0087890625,0.008843149548962322,0.015254393898255184,0.009003461384075085,0.00966747552403483,0.014517645261053229,0.005524271728019903,0.003088161777508183,0.009003461384075085,0.005694288959809864,0.007873298582322802,0.008734640537108554,0.003521046167445302,0.0166875073150733,0.007042092334890604,0.0021836601342771385,0.013706707859002147,0.0021836601342771385,0.0021836601342771385,0.024647323172117114,0.0027621358640099515,0.0065509804028314154,0.010918300671385692,0.0021836601342771385,0.0041432037960149265,0.00390625,0.006905339660024878,0.0048828125,0.007437278423695223,0.003088161777508183,0.0,0.0041432037960149265,0.001953125,0.004979511243742954,0.004979511243742954,0.007873298582322802,0.007627196949127592,0.011134525635733769,0.005258950006967289,0.016164985700436375,0.012506102026236032,0.010381001770248682,0.015776850020901866,0.0021836601342771385,0.001953125,0.01760523083722651,0.004026470337517247,0.0029296875,0.005694288959809864,0.0029296875,0.0021836601342771385,0.0068359375,1,1,0.0
25.0,9.867257118225098,7.0,0.3341648578643799,1.4397034645080566,25.0,15.783998489379883,9.840188980102539,2.734375,0.39291873574256897,0.025446902960538864,679.0,8725.0,2287739.25,12.84977912902832,0.27291643619537354,1.030714750289917,3.4776625633239746,0.00018392919446341693,-22.265625,0.16772106289863586,985,1001,953,967,958,957,925,952,924,944,923,940,974,927,863,909,925,936,891,919,922,937,904,925,959,953,928,970,1048,1001,970,943,1000,940,919,907,924,845,863,890,910,908,906,955,1003,969,957,956,909,941,890,906,909,839,893,875,879,856,842,890,983,970,954,972,919,906,859,875,905,926,895,976,985,940,904,892,922,846,814,812,861,816,812,871,928,891,901,975,1036,1005,944,923,937,943,985,988,950,942,910,908,956,923,910,1019,1019,987,969,970,968,968,976,990,1001,953,904,888,904,873,857,887,968,969,923,892,920,830,847,875,921,906,894,923,971,938,936,985,987,1016,957,968,970,888,895,894,905,846,815,846,905,906,921,985,969,1003,956,1001,991,911,840,872,922,894,863,894,953,924,905,875,905,863,840,872,954,936,894,939,955,922,902,906,909,951,967,988,985,986,954,968,1002,939,860,889,862,828,826,824,815,844,846,876,943,967,953,1015,1087,1023,973,959,1004,974,967,969,990,921,952,988,1015,1014,925,907,957,905,891,989,970,969,951,958,955,859,857,889,880,831,809,814,909,906,918,903,894,908,844,912,968,968,937,986,1007,972,922,918,956,919,907,873,0.00244140625,0.01878455474772592,0.03304477405407936,0.05784845007664018,0.03304477405407936,0.05715185503281067,0.033260520245950005,0.09545367682255783,0.03149319432929121,0.03149319432929121,0.0385216463346016,0.08217644330629463,0.06090807081840889,0.0693359375,0.03928161203343509,0.04026470337517247,0.07224582710227219,0.053932426841734674,0.03452669830012439,0.028854075591199527,0.047621817735299256,0.013810679320049757,0.04014610310760638,0.014874556847390447,0.03088161777508183,0.05264387489040451,0.009765625,0.004026470337517247,0.016630260122975003,0.02510734400816883,0.04154696755113799,0.024020261477048523,0.020108652619115236,0.007437278423695223,0.016630260122975003,0.014680953494504793,0.01800692276815017,0.007873298582322802,0.025334222209126653,0.004026470337517247,0.0065509804028314154,0.007627196949127592,0.004026470337517247,0.008286407592029853,0.008400708268596315,0.009765625,0.037186392118476116,0.024724587697601882,0.015776850020901866,0.00390625,0.008734640537108554,0.0021836601342771385,0.011759369705851851,0.008843149548962322,0.006176323555016366,0.008286407592029853,0.00390625,0.007042092334890604,0.016858082521125067,0.005694288959809864,0.005258950006967289,0.011759369705851851,0.005694288959809864,0.007873298582322802,0.0888671875,0.001953125,0.003521046167445302,0.003088161777508183,0.011388577919619728,0.0078125,0.014906579611790769,0.008400708268596315,0.005258950006967289,0.00390625,0.0027621358640099515,0.007873298582322802,0.012079411012551739,0.008734640537108554,0.007873298582322802,0.015746597164645604,0.010381001770248682,0.009618025197066508,0.0126953125,0.004367320268554277,0.004367320268554277,0.0078125,0.0048828125,0.007437278423695223,0.009618025197066508,0.0048828125,0.015191747252054731,0.006905339660024878,0.003088161777508183,0.0146484375,0.0021836601342771385,0.001953125,0.026002982335340524,0.003521046167445302,0.0068359375,0.010054326309557618,0.001953125,0.003521046167445302,0.004367320268554277,0.006253051013118016,0.004979511243742954,0.0068359375,0.0048828125,0.0021836601342771385,0.0027621358640099515,0.001953125,0.00390625,0.006176323555016366,0.007627196949127592,0.010054326309557618,0.009264485332524549,0.006905339660024878,0.0170549308560283,0.010786485368346935,0.008843149548962322,0.011920464468489943,0.0021836601342771385,0.0041432037960149265,0.0146484375,0.0065509804028314154,0.0065509804028314154,0.010786485368346935,0.003521046167445302,0.004367320268554277,0.00390625,1,1,0.0
25.0,9.904084205627441,6.0,0.3222813904285431,1.536278486251831,25.0,17.709386825561523,9.768118858337402,2.734375,0.41050875186920166,0.025164255872368813,664.0,9554.0,2350442.0,14.388554573059082,0.26720985770225525,1.1537253856658936,3.679935932159424,0.0002939343685284257,0.0,0.17442439496517181,971,920,870,877,940,902,863,941,985,1001,953,967,958,957,925,952,924,944,923,940,974,927,863,909,925,936,891,919,922,937,904,925,959,953,928,970,1048,1001,970,943,1000,940,919,907,924,845,863,890,910,908,906,955,1003,969,957,956,909,941,890,906,909,839,893,875,879,856,842,890,983,970,954,972,919,906,859,875,905,926,895,976,985,940,904,892,922,846,814,812,861,816,812,871,928,891,901,975,1036,1005,944,923,937,943,985,988,950,942,910,908,956,923,910,1019,1019,987,969,970,968,968,976,990,1001,953,904,888,904,873,857,887,968,969,923,892,920,830,847,875,921,906,894,923,971,938,936,985,987,1016,957,968,970,888,895,894,905,846,815,846,905,906,921,985,969,1003,956,1001,991,911,840,872,922,894,863,894,953,924,905,875,905,863,840,872,954,936,894,939,955,922,902,906,909,951,967,988,985,986,954,968,1002,939,860,889,862,828,826,824,815,844,846,876,943,967,953,1015,1087,1023,973,959,1004,974,967,969,990,921,952,988,1015,1014,925,907,957,905,891,989,970,969,951,958,955,859,857,889,880,831,809,814,909,906,918,903,894,908,844,912,968,968,937,986,0.00146484375,0.009212872199274027,0.02286074201312427,0.0655461882599603,0.04311277354422679,0.052959948683422846,0.03527810911755555,0.08625319322949822,0.022777155839239456,0.03742923417331406,0.0439561618551832,0.07499211587792183,0.06640625,0.06864477254214833,0.04283537538957287,0.046022936202922575,0.06684283186971719,0.059626318447163075,0.037186392118476116,0.030414866215619993,0.0471993983343538,0.008734640537108554,0.036812650048771024,0.013601941676937616,0.029133659941750583,0.0544515697634791,0.007109482313750506,0.006176323555016366,0.015625,0.02638526579317636,0.04014610310760638,0.025781989809461104,0.018347943582085875,0.009003461384075085,0.014517645261053229,0.01528562093993997,0.019555648822754675,0.009959022487485907,0.026654968874914416,0.006176323555016366,0.006905339660024878,0.00834375365753665,0.003088161777508183,0.0087890625,0.009264485332524549,0.011388577919619728,0.03819845159298427,0.024492062898407135,0.015440808887540914,0.004026470337517247,0.007627196949127592,0.003521046167445302,0.010918300671385692,0.007873298582322802,0.007627196949127592,0.007042092334890604,0.004026470337517247,0.007627196949127592,0.01708286687942959,0.004979511243742954,0.0048828125,0.013282686043686957,0.006905339660024878,0.008843149548962322,0.09082556268426892,0.0041432037960149265,0.004026470337517247,0.0009765625,0.010918300671385692,0.005524271728019903,0.018657200365764452,0.009765625,0.00834375365753665,0.0048828125,0.004979511243742954,0.005524271728019903,0.01313830473347042,0.0048828125,0.005940197783494355,0.015746597164645604,0.01313830473347042,0.011759369705851851,0.010517900013934578,0.001953125,0.005940197783494355,0.006176323555016366,0.004026470337517247,0.006253051013118016,0.010918300671385692,0.0048828125,0.016370170521718956,0.007627196949127592,0.0021836601342771385,0.014218964627501012,0.0029296875,0.0021836601342771385,0.024647323172117114,0.003088161777508183,0.006176323555016366,0.0126953125,0.004026470337517247,0.003088161777508183,0.005524271728019903,0.008400708268596315,0.007109482313750506,0.005258950006967289,0.00390625,0.0027621358640099515,0.005859375,0.003088161777508183,0.0009765625,0.007873298582322802,0.005940197783494355,0.012079411012551739,0.007042092334890604,0.008286407592029853,0.018657200365764452,0.009765625,0.006253051013118016,0.00966747552403483,0.003521046167445302,0.006253051013118016,0.0166015625,0.007873298582322802,0.0068359375,0.008286407592029853,0.003088161777508183,0.003088161777508183,0.0048828125,1,1,0.0
25.0,10.026094436645508,8.0,0.3277629315853119,1.42637038230896,2.734375,14.594197273254395,10.012527465820312,25.0,0.39518246054649353,0.025202125310897827,666.0,8650.0,2151623.25,12.987987518310547,0.2770546078681946,1.1088322401046753,3.292468309402466,0.00010554461186984554,0.0,0.17784392833709717,934,973,957,960,958,907,895,909,971,920,870,877,940,902,863,941,985,1001,953,967,958,957,925,952,924,944,923,940,974,927,863,909,925,936,891,919,922,937,904,925,959,953,928,970,1048,1001,970,943,1000,940,919,907,924,845,863,890,910,908,906,955,1003,969,957,956,909,941,890,906,909,839,893,875,879,856,842,890,983,970,954,972,919,906,859,875,905,926,895,976,985,940,904,892,922,846,814,812,861,816,812,871,928,891,901,975,1036,1005,944,923,937,943,985,988,950,942,910,908,956,923,910,1019,1019,987,969,970,968,968,976,990,1001,953,904,888,904,873,857,887,968,969,923,892,920,830,847,875,921,906,894,923,971,938,936,985,987,1016,957,968,970,888,895,894,905,846,815,846,905,906,921,985,969,1003,956,1001,991,911,840,872,922,894,863,894,953,924,905,875,905,863,840,872,954,936,894,939,955,922,902,906,909,951,967,988,985,986,954,968,1002,939,860,889,862,828,826,824,815,844,846,876,943,967,953,1015,1087,1023,973,959,1004,974,967,969,990,921,952,988,1015,1014,925,907,957,905,891,989,970,969,951,958,955,859,857,889,880,831,809,814,909,906,918,903,0.00341796875,0.013282686043686957,0.027361183058831836,0.060829732431239986,0.040618426451338716,0.049071658306254345,0.030649130520459405,0.08531378776500607,0.020692988379313566,0.04209426184033654,0.04555431167847891,0.06900504229269341,0.07258822630526614,0.06952823246612329,0.04615743085193935,0.051711727714350494,0.060080423497156345,0.06693550581325701,0.03792282781044453,0.027964494264211628,0.05371981460732448,0.008843149548962322,0.029556144434417102,0.02315091717017519,0.021417687694786434,0.045522898518776035,0.013282686043686957,0.0048828125,0.009814331661250869,0.016630260122975003,0.047881447938012744,0.024119314521930602,0.020320949264340638,0.0107421875,0.018528970665049098,0.006905339660024878,0.011048543456039806,0.0009765625,0.025465634395322848,0.001953125,0.01188039556698871,0.010563138502335907,0.008734640537108554,0.007437278423695223,0.004026470337517247,0.004026470337517247,0.03304477405407936,0.03066468450802262,0.020692988379313566,0.009264485332524549,0.013282686043686957,0.007109482313750506,0.016016815885602272,0.011759369705851851,0.005694288959809864,0.010786485368346935,0.0013810679320049757,0.006905339660024878,0.015191747252054731,0.007042092334890604,0.005694288959809864,0.01179984958358845,0.0065509804028314154,0.0068359375,0.0888671875,0.003521046167445302,0.003521046167445302,0.0021836601342771385,0.011430371006562134,0.005940197783494355,0.01760523083722651,0.009618025197066508,0.007109482313750506,0.0048828125,0.0048828125,0.006176323555016366,0.012732817197661424,0.0048828125,0.007042092334890604,0.015625,0.01242961138804478,0.012732817197661424,0.010381001770248682,0.001953125,0.005694288959809864,0.005694288959809864,0.004367320268554277,0.006253051013118016,0.010918300671385692,0.005524271728019903,0.016630260122975003,0.00834375365753665,0.0021836601342771385,0.014218964627501012,0.003088161777508183,0.0021836601342771385,0.0244140625,0.0029296875,0.006253051013118016,0.010918300671385692,0.001953125,0.0021836601342771385,0.005859375,0.007873298582322802,0.005258950006967289,0.004979511243742954,0.0048828125,0.0021836601342771385,0.004367320268554277,0.0013810679320049757,0.0027621358640099515,0.005940197783494355,0.0048828125,0.011759369705851851,0.0065509804028314154,0.005940197783494355,0.0166015625,0.01171875,0.007437278423695223,0.009212872199274027,0.0048828125,0.007873298582322802,0.016630260122975003,0.009264485332524549,0.007627196949127592,0.0078125,0.0048828125,0.001953125,0.0068359375,1,1,0.0
25.0,9.970577239990234,8.0,0.33418387174606323,1.3997347354888916,2.734375,13.828524589538574,9.98688793182373,25.0,0.3883620798587799,0.02505030296742916,658.0,8281.0,2073488.25,12.58510684967041,0.27745404839515686,1.0850366353988647,3.20487117767334,0.0005815402255393565,0.0,0.17283429205417633,972,990,957,986,984,935,874,891,934,973,957,960,958,907,895,909,971,920,870,877,940,902,863,941,985,1001,953,967,958,957,925,952,924,944,923,940,974,927,863,909,925,936,891,919,922,937,904,925,959,953,928,970,1048,1001,970,943,1000,940,919,907,924,845,863,890,910,908,906,955,1003,969,957,956,909,941,890,906,909,839,893,875,879,856,842,890,983,970,954,972,919,906,859,875,905,926,895,976,985,940,904,892,922,846,814,812,861,816,812,871,928,891,901,975,1036,1005,944,923,937,943,985,988,950,942,910,908,956,923,910,1019,1019,987,969,970,968,968,976,990,1001,953,904,888,904,873,857,887,968,969,923,892,920,830,847,875,921,906,894,923,971,938,936,985,987,1016,957,968,970,888,895,894,905,846,815,846,905,906,921,985,969,1003,956,1001,991,911,840,872,922,894,863,894,953,924,905,875,905,863,840,872,954,936,894,939,955,922,902,906,909,951,967,988,985,986,954,968,1002,939,860,889,862,828,826,824,815,844,846,876,943,967,953,1015,1087,1023,973,959,1004,974,967,969,990,921,952,988,1015,1014,925,907,957,905,891,989,970,969,951,958,955,859,857,889,0.00244140625,0.0341796875,0.04911051156515687,0.04336641271713773,0.04695630968816917,0.027964494264211628,0.029765137996344084,0.0664349662175584,0.0041432037960149265,0.05208841934802573,0.0656915236673521,0.07820430545125556,0.0602389473175435,0.05191419476563286,0.02756951994822872,0.044248088903160905,0.07796003090338684,0.049071658306254345,0.038397662600268556,0.03873150784189832,0.036812650048771024,0.01019561182510796,0.03665688355297551,0.0185803687406645,0.02132844694125152,0.05153622969515141,0.015191747252054731,0.018657200365764452,0.004367320268554277,0.014938533731228863,0.05424099248827662,0.030835260554388563,0.02510734400816883,0.01824369305885684,0.025031260972609954,0.008843149548962322,0.005524271728019903,0.0065509804028314154,0.020132351687586234,0.006905339660024878,0.011430371006562134,0.008052940675034493,0.011388577919619728,0.0029296875,0.0027621358640099515,0.005940197783494355,0.0328130812820536,0.029700988917471777,0.018961413905222265,0.008052940675034493,0.011134525635733769,0.006253051013118016,0.013982247132105814,0.008734640537108554,0.0065509804028314154,0.0087890625,0.0029296875,0.007109482313750506,0.017304731588544287,0.004367320268554277,0.003521046167445302,0.014084184669781208,0.009003461384075085,0.005694288959809864,0.09082556268426892,0.003521046167445302,0.0009765625,0.003088161777508183,0.012079411012551739,0.00834375365753665,0.015655487833868553,0.007437278423695223,0.006905339660024878,0.004026470337517247,0.006253051013118016,0.004979511243742954,0.01313830473347042,0.005258950006967289,0.006253051013118016,0.016105881350068987,0.01242961138804478,0.012352647110032733,0.010918300671385692,0.0021836601342771385,0.006905339660024878,0.0048828125,0.003521046167445302,0.0048828125,0.011388577919619728,0.004367320268554277,0.0170549308560283,0.007873298582322802,0.0027621358640099515,0.015191747252054731,0.0041432037960149265,0.0,0.0244140625,0.003521046167445302,0.005940197783494355,0.010918300671385692,0.0027621358640099515,0.001953125,0.006176323555016366,0.008052940675034493,0.005694288959809864,0.0048828125,0.005258950006967289,0.0013810679320049757,0.003088161777508183,0.0013810679320049757,0.004979511243742954,0.00390625,0.003521046167445302,0.012236293052872722,0.004367320268554277,0.007042092334890604,0.018165112536853784,0.010563138502335907,0.005258950006967289,0.007627196949127592,0.006905339660024878,0.008286407592029853,0.019186408891004394,0.0048828125,0.004026470337517247,0.0087890625,0.003088161777508183,0.006905339660024878,0.001953125,1,1,0.0
25.0,10.090347290039062,6.0,0.2975539267063141,1.2686105966567993,4.296875,15.72736644744873,10.349861145019531,25.0,0.3928089439868927,0.024627968668937683,636.0,8650.0,1872574.75,13.600628852844238,0.3096371293067932,1.3488227128982544,3.3684377670288086,0.0003066807403229177,0.0,0.17080393433570862,924,878,887,937,972,919,893,960,972,990,957,986,984,935,874,891,934,973,957,960,958,907,895,909,971,920,870,877,940,902,863,941,985,1001,953,967,958,957,925,952,924,944,923,940,974,927,863,909,925,936,891,919,922,937,904,925,959,953,928,970,1048,1001,970,943,1000,940,919,907,924,845,863,890,910,908,906,955,1003,969,957,956,909,941,890,906,909,839,893,875,879,856,842,890,983,970,954,972,919,906,859,875,905,926,895,976,985,940,904,892,922,846,814,812,861,816,812,871,928,891,901,975,1036,1005,944,923,937,943,985,988,950,942,910,908,956,923,910,1019,1019,987,969,970,968,968,976,990,1001,953,904,888,904,873,857,887,968,969,923,892,920,830,847,875,921,906,894,923,971,938,936,985,987,1016,957,968,970,888,895,894,905,846,815,846,905,906,921,985,969,1003,956,1001,991,911,840,872,922,894,863,894,953,924,905,875,905,863,840,872,954,936,894,939,955,922,902,906,909,951,967,988,985,986,954,968,1002,939,860,889,862,828,826,824,815,844,846,876,943,967,953,1015,1087,1023,973,959,1004,974,967,969,990,921,952,988,1015,1014,925,907,957,905,891,989,0.0029296875,0.028185292362620726,0.0448900192756297,0.043858421040792225,0.041015625,0.03088161777508183,0.0235996991671769,0.06733325849975859,0.010918300671385692,0.06061771309702537,0.07288323498845817,0.08091337455655219,0.05840627560275656,0.04421574774481161,0.0192608231673008,0.03936649291161401,0.08307671772423385,0.04789140560640324,0.04817928274821879,0.046394427813358216,0.03676080122015373,0.008843149548962322,0.026294750034836445,0.027203883353875233,0.013671875,0.043858421040792225,0.014906579611790769,0.010517900013934578,0.0068359375,0.016858082521125067,0.0465175990774006,0.030414866215619993,0.0170549308560283,0.019457869965987574,0.019773883526676354,0.0048828125,0.0013810679320049757,0.010517900013934578,0.02298555135925746,0.01284467425582608,0.015746597164645604,0.0107421875,0.014517645261053229,0.0021836601342771385,0.005258950006967289,0.009003461384075085,0.0342911130196864,0.027759121881937295,0.017304731588544287,0.0065509804028314154,0.01019561182510796,0.005258950006967289,0.0146484375,0.009003461384075085,0.0048828125,0.009814331661250869,0.0013810679320049757,0.004979511243742954,0.015655487833868553,0.006253051013118016,0.0048828125,0.01171875,0.0065509804028314154,0.007873298582322802,0.09082556268426892,0.005694288959809864,0.0027621358640099515,0.001953125,0.009212872199274027,0.009003461384075085,0.014084184669781208,0.006905339660024878,0.0068359375,0.003088161777508183,0.006176323555016366,0.0041432037960149265,0.013706707859002147,0.0048828125,0.006905339660024878,0.015776850020901866,0.01242961138804478,0.012236293052872722,0.009959022487485907,0.0021836601342771385,0.0065509804028314154,0.005258950006967289,0.003521046167445302,0.007873298582322802,0.009212872199274027,0.0048828125,0.014517645261053229,0.007873298582322802,0.0027621358640099515,0.012732817197661424,0.0027621358640099515,0.003521046167445302,0.022482157096135425,0.0029296875,0.003521046167445302,0.009959022487485907,0.0027621358640099515,0.003521046167445302,0.003521046167445302,0.004979511243742954,0.0048828125,0.0065509804028314154,0.004026470337517247,0.003521046167445302,0.004367320268554277,0.004367320268554277,0.005258950006967289,0.0048828125,0.007109482313750506,0.009003461384075085,0.005694288959809864,0.007109482313750506,0.018528970665049098,0.010918300671385692,0.004026470337517247,0.00966747552403483,0.005940197783494355,0.006253051013118016,0.0192608231673008,0.004979511243742954,0.006176323555016366,0.00966747552403483,0.0048828125,0.005258950006967289,0.00390625,1,1,0.0
25.0,10.020176887512207,7.0,0.29411399364471436,1.4000422954559326,6.25,16.403648376464844,10.1918306350708,25.0,0.4117720425128937,0.024453094229102135,627.0,8650.0,2035687.5,13.795853614807129,0.29411399364471436,1.195246696472168,3.5413780212402344,0.00044845842057839036,0.0,0.17948363721370697,890,892,859,879,888,799,860,906,924,878,887,937,972,919,893,960,972,990,957,986,984,935,874,891,934,973,957,960,958,907,895,909,971,920,870,877,940,902,863,941,985,1001,953,967,958,957,925,952,924,944,923,940,974,927,863,909,925,936,891,919,922,937,904,925,959,953,928,970,1048,1001,970,943,1000,940,919,907,924,845,863,890,910,908,906,955,1003,969,957,956,909,941,890,906,909,839,893,875,879,856,842,890,983,970,954,972,919,906,859,875,905,926,895,976,985,940,904,892,922,846,814,812,861,816,812,871,928,891,901,975,1036,1005,944,923,937,943,985,988,950,942,910,908,956,923,910,1019,1019,987,969,970,968,968,976,990,1001,953,904,888,904,873,857,887,968,969,923,892,920,830,847,875,921,906,894,923,971,938,936,985,987,1016,957,968,970,888,895,894,905,846,815,846,905,906,921,985,969,1003,956,1001,991,911,840,872,922,894,863,894,953,924,905,875,905,863,840,872,954,936,894,939,955,922,902,906,909,951,967,988,985,986,954,968,1002,939,860,889,862,828,826,824,815,844,846,876,943,967,953,1015,1087,1023,973,959,1004,974,967,969,990,921,952,988,0.00244140625,0.013879560940968648,0.038098455474865546,0.044932488555966175,0.026654968874914416,0.035372598195849286,0.022140203220223895,0.06216340024546699,0.021836601342771385,0.06853353929501074,0.08407516894543314,0.09588232584869982,0.044248088903160905,0.05334570423338931,0.0318844291353799,0.0328130812820536,0.0719548321085494,0.057492914177871196,0.04203758447271657,0.037224840922941246,0.03891573993197515,0.007627196949127592,0.03515625,0.02286074201312427,0.016164985700436375,0.04627092867375834,0.01886055460530075,0.015191747252054731,0.00834375365753665,0.013982247132105814,0.047138743695887386,0.028920103310470405,0.015440808887540914,0.021126277004671814,0.020600608505594715,0.007627196949127592,0.001953125,0.011430371006562134,0.020320949264340638,0.010517900013934578,0.011388577919619728,0.007042092334890604,0.01019561182510796,0.005694288959809864,0.0009765625,0.005258950006967289,0.02734375,0.03149319432929121,0.01589728573837862,0.005694288959809864,0.005940197783494355,0.003088161777508183,0.013982247132105814,0.017820593350483065,0.006176323555016366,0.016630260122975003,0.006176323555016366,0.0126953125,0.016016815885602272,0.0078125,0.005859375,0.018961413905222265,0.013028968812623373,0.001953125,0.08797738773090007,0.0009765625,0.006253051013118016,0.0048828125,0.011759369705851851,0.0041432037960149265,0.018347943582085875,0.009003461384075085,0.0021836601342771385,0.0013810679320049757,0.006253051013118016,0.0021836601342771385,0.014906579611790769,0.0048828125,0.008843149548962322,0.013566839833447074,0.010381001770248682,0.010381001770248682,0.009814331661250869,0.003088161777508183,0.007437278423695223,0.006253051013118016,0.003088161777508183,0.006905339660024878,0.009618025197066508,0.005859375,0.015440808887540914,0.0087890625,0.0021836601342771385,0.013982247132105814,0.0029296875,0.0021836601342771385,0.023294649300540163,0.0021836601342771385,0.004367320268554277,0.012236293052872722,0.004367320268554277,0.0027621358640099515,0.004979511243742954,0.004367320268554277,0.0027621358640099515,0.00966747552403483,0.0013810679320049757,0.004367320268554277,0.006905339660024878,0.0048828125,0.005258950006967289,0.0065509804028314154,0.00834375365753665,0.009264485332524549,0.005258950006967289,0.009212872199274027,0.020132351687586234,0.009765625,0.0021836601342771385,0.010563138502335907,0.005258950006967289,0.004367320268554277,0.01680141653719263,0.005524271728019903,0.005940197783494355,0.009959022487485907,0.003521046167445302,0.005258950006967289,0.0029296875,1,1,0.0
25.0,9.991756439208984,6.0,0.28495901823043823,1.4763531684875488,25.0,19.0958309173584,10.176159858703613,4.296875,0.42629340291023254,0.02472458779811859,641.0,9640.0,2298172.25,15.03900146484375,0.2887475788593292,1.1877772808074951,3.862243413925171,0.0003045475168619305,0.0,0.17233462631702423,952,909,864,846,936,954,975,986,890,892,859,879,888,799,860,906,924,878,887,937,972,919,893,960,972,990,957,986,984,935,874,891,934,973,957,960,958,907,895,909,971,920,870,877,940,902,863,941,985,1001,953,967,958,957,925,952,924,944,923,940,974,927,863,909,925,936,891,919,922,937,904,925,959,953,928,970,1048,1001,970,943,1000,940,919,907,924,845,863,890,910,908,906,955,1003,969,957,956,909,941,890,906,909,839,893,875,879,856,842,890,983,970,954,972,919,906,859,875,905,926,895,976,985,940,904,892,922,846,814,812,861,816,812,871,928,891,901,975,1036,1005,944,923,937,943,985,988,950,942,910,908,956,923,910,1019,1019,987,969,970,968,968,976,990,1001,953,904,888,904,873,857,887,968,969,923,892,920,830,847,875,921,906,894,923,971,938,936,985,987,1016,957,968,970,888,895,894,905,846,815,846,905,906,921,985,969,1003,956,1001,991,911,840,872,922,894,863,894,953,924,905,875,905,863,840,872,954,936,894,939,955,922,902,906,909,951,967,988,985,986,954,968,1002,939,860,889,862,828,826,824,815,844,846,876,943,967,953,1015,1087,1023,973,959,0.0009765625,0.011430371006562134,0.042578572962093046,0.04080582503081285,0.029133659941750583,0.029813159223581537,0.0333750146301466,0.05079063915603845,0.018165112536853784,0.05688424171566679,0.07381288078397229,0.08620895514825537,0.05459150335692846,0.048238629043861204,0.022269051271467537,0.03758179961893331,0.08218224570300486,0.05255321893388168,0.051767024533978793,0.04367320268554277,0.04688517142249142,0.0027621358640099515,0.033332125323976586,0.014517645261053229,0.026057937625246747,0.05490504998777577,0.020108652619115236,0.0224609375,0.013282686043686957,0.0065509804028314154,0.05406488490494691,0.022032254243512652,0.01313830473347042,0.021836601342771385,0.01680141653719263,0.011388577919619728,0.008734640537108554,0.018961413905222265,0.016105881350068987,0.015440808887540914,0.007627196949127592,0.0048828125,0.005694288959809864,0.01019561182510796,0.005694288959809864,0.006176323555016366,0.02286074201312427,0.035061177873078594,0.01528562093993997,0.007042092334890604,0.009003461384075085,0.006905339660024878,0.01824369305885684,0.020320949264340638,0.009765625,0.016164985700436375,0.009765625,0.014874556847390447,0.019773883526676354,0.0048828125,0.00390625,0.017820593350483065,0.010381001770248682,0.003521046167445302,0.0869140625,0.003088161777508183,0.0041432037960149265,0.0009765625,0.009264485332524549,0.007109482313750506,0.0170549308560283,0.008734640537108554,0.004979511243742954,0.001953125,0.003088161777508183,0.004367320268554277,0.012352647110032733,0.001953125,0.008843149548962322,0.011759369705851851,0.009765625,0.00966747552403483,0.012236293052872722,0.004367320268554277,0.008734640537108554,0.004979511243742954,0.001953125,0.009003461384075085,0.008734640537108554,0.006176323555016366,0.014680953494504793,0.008400708268596315,0.0013810679320049757,0.013566839833447074,0.0029296875,0.0021836601342771385,0.023840928936979887,0.001953125,0.003521046167445302,0.011388577919619728,0.003521046167445302,0.0009765625,0.005694288959809864,0.0048828125,0.003088161777508183,0.008734640537108554,0.0009765625,0.004026470337517247,0.007627196949127592,0.005694288959809864,0.0048828125,0.007109482313750506,0.009264485332524549,0.007873298582322802,0.005940197783494355,0.008843149548962322,0.021035800027869155,0.009765625,0.0021836601342771385,0.011430371006562134,0.004979511243742954,0.004979511243742954,0.016858082521125067,0.005940197783494355,0.0048828125,0.009618025197066508,0.0029296875,0.005524271728019903,0.0029296875,1,1,0.0
25.0,9.89767837524414,4.0,0.32990312576293945,1.2139167785644531,4.296875,16.126323699951172,10.518087387084961,25.0,0.36742204427719116,0.024589216336607933,634.0,7921.0,1982480.5,12.493690490722656,0.3026748299598694,1.0164250135421753,3.502248764038086,4.923743472318165e-05,20.703125,0.17961262166500092,1072,1052,1017,1019,1034,952,943,926,952,909,864,846,936,954,975,986,890,892,859,879,888,799,860,906,924,878,887,937,972,919,893,960,972,990,957,986,984,935,874,891,934,973,957,960,958,907,895,909,971,920,870,877,940,902,863,941,985,1001,953,967,958,957,925,952,924,944,923,940,974,927,863,909,925,936,891,919,922,937,904,925,959,953,928,970,1048,1001,970,943,1000,940,919,907,924,845,863,890,910,908,906,955,1003,969,957,956,909,941,890,906,909,839,893,875,879,856,842,890,983,970,954,972,919,906,859,875,905,926,895,976,985,940,904,892,922,846,814,812,861,816,812,871,928,891,901,975,1036,1005,944,923,937,943,985,988,950,942,910,908,956,923,910,1019,1019,987,969,970,968,968,976,990,1001,953,904,888,904,873,857,887,968,969,923,892,920,830,847,875,921,906,894,923,971,938,936,985,987,1016,957,968,970,888,895,894,905,846,815,846,905,906,921,985,969,1003,956,1001,991,911,840,872,922,894,863,894,953,924,905,875,905,863,840,872,954,936,894,939,955,922,902,906,909,951,967,988,985,986,954,968,1002,939,860,889,862,828,826,824,815,844,846,876,0.0009765625,0.009814331661250869,0.03554741156875253,0.0485735551384605,0.020600608505594715,0.04008667139018319,0.03601384553630034,0.04695630968816917,0.026868782211323446,0.052344114387724204,0.06636315237512502,0.08052940675034494,0.065865502847333,0.042979845868487083,0.010517900013934578,0.037314400731528904,0.08955669154773731,0.061585410255576414,0.059889641040867046,0.035934315415965035,0.05476591755003888,0.015746597164645604,0.04531292093015696,0.020132351687586234,0.01933495104806966,0.04254496271639056,0.022032254243512652,0.01019561182510796,0.004367320268554277,0.016105881350068987,0.05416181493696112,0.024647323172117114,0.0242573092741684,0.010786485368346935,0.005524271728019903,0.014517645261053229,0.016630260122975003,0.026565372087373914,0.020320949264340638,0.022269051271467537,0.007042092334890604,0.009618025197066508,0.007627196949127592,0.0146484375,0.00966747552403483,0.010918300671385692,0.025202124805788945,0.0322265625,0.013282686043686957,0.005694288959809864,0.007627196949127592,0.006253051013118016,0.016016815885602272,0.020531050821902968,0.01019561182510796,0.016716057391234072,0.009959022487485907,0.013982247132105814,0.020531050821902968,0.0021836601342771385,0.0021836601342771385,0.015440808887540914,0.010563138502335907,0.00390625,0.08797738773090007,0.001953125,0.0078125,0.0048828125,0.008286407592029853,0.007437278423695223,0.013982247132105814,0.005258950006967289,0.007873298582322802,0.0048828125,0.0029296875,0.008734640537108554,0.008734640537108554,0.0013810679320049757,0.009814331661250869,0.009618025197066508,0.0065509804028314154,0.0065509804028314154,0.011759369705851851,0.005258950006967289,0.007627196949127592,0.0065509804028314154,0.004367320268554277,0.007109482313750506,0.010918300671385692,0.004367320268554277,0.015440808887540914,0.007109482313750506,0.003521046167445302,0.01188039556698871,0.0048828125,0.003088161777508183,0.0242573092741684,0.004367320268554277,0.005258950006967289,0.013810679320049757,0.005258950006967289,0.004026470337517247,0.005940197783494355,0.0027621358640099515,0.005258950006967289,0.007873298582322802,0.003521046167445302,0.0029296875,0.005940197783494355,0.004026470337517247,0.00390625,0.009003461384075085,0.010517900013934578,0.008052940675034493,0.0068359375,0.010381001770248682,0.021836601342771385,0.007873298582322802,0.0021836601342771385,0.009003461384075085,0.005940197783494355,0.006176323555016366,0.017686299097924643,0.005694288959809864,0.005940197783494355,0.008734640537108554,0.0021836601342771385,0.006905339660024878,0.001953125,1,1,0.0
25.0,9.812874794006348,7.0,0.34809064865112305,1.1466420888900757,25.0,15.965645790100098,10.536248207092285,6.25,0.34822139143943787,0.025031261146068573,657.0,8410.0,2093797.125,12.80060863494873,0.3036879301071167,1.0362247228622437,3.4623918533325195,4.7540379455313087e-05,0.0,0.19549182057380676,965,911,888,921,999,974,992,1003,1072,1052,1017,1019,1034,952,943,926,952,909,864,846,936,954,975,986,890,892,859,879,888,799,860,906,924,878,887,937,972,919,893,960,972,990,957,986,984,935,874,891,934,973,957,960,958,907,895,909,971,920,870,877,940,902,863,941,985,1001,953,967,958,957,925,952,924,944,923,940,974,927,863,909,925,936,891,919,922,937,904,925,959,953,928,970,1048,1001,970,943,1000,940,919,907,924,845,863,890,910,908,906,955,1003,969,957,956,909,941,890,906,909,839,893,875,879,856,842,890,983,970,954,972,919,906,859,875,905,926,895,976,985,940,904,892,922,846,814,812,861,816,812,871,928,891,901,975,1036,1005,944,923,937,943,985,988,950,942,910,908,956,923,910,1019,1019,987,969,970,968,968,976,990,1001,953,904,888,904,873,857,887,968,969,923,892,920,830,847,875,921,906,894,923,971,938,936,985,987,1016,957,968,970,888,895,894,905,846,815,846,905,906,921,985,969,1003,956,1001,991,911,840,872,922,894,863,894,953,924,905,875,905,863,840,872,954,936,894,939,955,922,902,906,909,951,967,988,985,986,954,968,1002,939,860,889,0.001953125,0.02751758360079174,0.01760523083722651,0.07292247930700965,0.0065509804028314154,0.062148056940223906,0.054276145435899426,0.030289184412638327,0.04239901044158674,0.035372598195849286,0.0439453125,0.06055474999190428,0.08185085260859477,0.023212625632821705,0.0146484375,0.021683206358568866,0.07617813475881403,0.07250277809871322,0.04559616222628419,0.02777629424478104,0.04200354134298158,0.011388577919619728,0.034637007521422264,0.023294649300540163,0.01800692276815017,0.0485735551384605,0.016253239235442616,0.0166875073150733,0.0065509804028314154,0.009003461384075085,0.05392358473546298,0.021683206358568866,0.019384212149686726,0.015655487833868553,0.009959022487485907,0.012732817197661424,0.01284467425582608,0.02132844694125152,0.01727715430952552,0.017820593350483065,0.00834375365753665,0.003521046167445302,0.003088161777508183,0.011759369705851851,0.009003461384075085,0.009003461384075085,0.0192608231673008,0.03798564519292329,0.01313830473347042,0.0087890625,0.014517645261053229,0.007437278423695223,0.018425744398548053,0.013982247132105814,0.0029296875,0.01760523083722651,0.009618025197066508,0.01680141653719263,0.020320949264340638,0.006905339660024878,0.0048828125,0.0170549308560283,0.006905339660024878,0.006176323555016366,0.09082556268426892,0.0021836601342771385,0.006905339660024878,0.005859375,0.009959022487485907,0.008286407592029853,0.013879560940968648,0.003521046167445302,0.009003461384075085,0.006905339660024878,0.00390625,0.009765625,0.009212872199274027,0.003521046167445302,0.011134525635733769,0.008734640537108554,0.007627196949127592,0.0078125,0.01019561182510796,0.0013810679320049757,0.007042092334890604,0.004026470337517247,0.001953125,0.0078125,0.007627196949127592,0.007042092334890604,0.013282686043686957,0.01019561182510796,0.0013810679320049757,0.014906579611790769,0.003088161777508183,0.0021836601342771385,0.024119314521930602,0.0021836601342771385,0.003088161777508183,0.011920464468489943,0.003521046167445302,0.0013810679320049757,0.005258950006967289,0.005694288959809864,0.003088161777508183,0.008843149548962322,0.0009765625,0.0048828125,0.008400708268596315,0.005524271728019903,0.005694288959809864,0.007109482313750506,0.007873298582322802,0.009003461384075085,0.005524271728019903,0.006176323555016366,0.018347943582085875,0.012352647110032733,0.0041432037960149265,0.013706707859002147,0.003521046167445302,0.0041432037960149265,0.016572815184059706,0.007437278423695223,0.0013810679320049757,0.011430371006562134,0.007437278423695223,0.004367320268554277,0.0068359375,1,1,0.0
25.0,10.323430061340332,7.0,0.2868765592575073,1.2379142045974731,4.6875,15.883289337158203,10.660923957824707,25.0,0.3944680392742157,0.024158822372555733,612.0,8650.0,2020702.625,14.133986473083496,0.318655401468277,1.2313166856765747,3.520695686340332,0.00020403739472385496,0.0,0.1907203644514084,939,923,879,892,888,907,894,908,965,911,888,921,999,974,992,1003,1072,1052,1017,1019,1034,952,943,926,952,909,864,846,936,954,975,986,890,892,859,879,888,799,860,906,924,878,887,937,972,919,893,960,972,990,957,986,984,935,874,891,934,973,957,960,958,907,895,909,971,920,870,877,940,902,863,941,985,1001,953,967,958,957,925,952,924,944,923,940,974,927,863,909,925,936,891,919,922,937,904,925,959,953,928,970,1048,1001,970,943,1000,940,919,907,924,845,863,890,910,908,906,955,1003,969,957,956,909,941,890,906,909,839,893,875,879,856,842,890,983,970,954,972,919,906,859,875,905,926,895,976,985,940,904,892,922,846,814,812,861,816,812,871,928,891,901,975,1036,1005,944,923,937,943,985,988,950,942,910,908,956,923,910,1019,1019,987,969,970,968,968,976,990,1001,953,904,888,904,873,857,887,968,969,923,892,920,830,847,875,921,906,894,923,971,938,936,985,987,1016,957,968,970,888,895,894,905,846,815,846,905,906,921,985,969,1003,956,1001,991,911,840,872,922,894,863,894,953,924,905,875,905,863,840,872,954,936,894,939,955,922,902,906,909,951,967,988,0.0029296875,0.018347943582085875,0.029133659941750583,0.06090807081840889,0.006905339660024878,0.061678252635305186,0.0478515625,0.043552935783159684,0.05371981460732448,0.041015625,0.03803582440263759,0.05211587525049349,0.09306082133360502,0.011388577919619728,0.025559086578715626,0.010918300671385692,0.06484404414466417,0.0720938625987959,0.037378240642587185,0.03554741156875253,0.03931801199061991,0.001953125,0.03601384553630034,0.01441877251975918,0.021945512748285382,0.04523919852304871,0.020967686087484266,0.010918300671385692,0.0013810679320049757,0.013810679320049757,0.05902348920414678,0.01760523083722651,0.020899350155305366,0.018347943582085875,0.0126953125,0.014084184669781208,0.011430371006562134,0.020132351687586234,0.01680141653719263,0.015746597164645604,0.009765625,0.0009765625,0.003088161777508183,0.013879560940968648,0.011759369705851851,0.012079411012551739,0.0166875073150733,0.03792282781044453,0.008400708268596315,0.006176323555016366,0.013282686043686957,0.004367320268554277,0.013282686043686957,0.018961413905222265,0.007873298582322802,0.017820593350483065,0.009814331661250869,0.013879560940968648,0.017953883116064683,0.0048828125,0.005258950006967289,0.0185546875,0.011388577919619728,0.0048828125,0.0869140625,0.003521046167445302,0.003088161777508183,0.004979511243742954,0.01242961138804478,0.005258950006967289,0.016370170521718956,0.00390625,0.00834375365753665,0.007437278423695223,0.004367320268554277,0.008843149548962322,0.007873298582322802,0.003521046167445302,0.011134525635733769,0.007873298582322802,0.005524271728019903,0.006905339660024878,0.010918300671385692,0.003521046167445302,0.005694288959809864,0.006253051013118016,0.0041432037960149265,0.004979511243742954,0.007873298582322802,0.008843149548962322,0.009814331661250869,0.013282686043686957,0.005258950006967289,0.01760523083722651,0.0048828125,0.005258950006967289,0.022714264354712906,0.004979511243742954,0.006176323555016366,0.009765625,0.004367320268554277,0.0029296875,0.007873298582322802,0.0029296875,0.005694288959809864,0.005940197783494355,0.0027621358640099515,0.003521046167445302,0.009765625,0.008052940675034493,0.007873298582322802,0.006253051013118016,0.0068359375,0.009959022487485907,0.0068359375,0.0065509804028314154,0.019186408891004394,0.011134525635733769,0.0027621358640099515,0.01284467425582608,0.0041432037960149265,0.003521046167445302,0.016164985700436375,0.008734640537108554,0.0021836601342771385,0.010918300671385692,0.008400708268596315,0.005524271728019903,0.0087890625,1,1,0.0
25.0,10.44870662689209,7.0,0.2552630305290222,1.2747243642807007,25.0,19.63802719116211,10.73271369934082,4.6875,0.41734039783477783,0.023820919916033745,595.0,9081.0,1919735.375,15.262185096740723,0.32739657163619995,1.1464461088180542,3.841719388961792,0.00047249055933207273,0.0,0.20319734513759613,925,919,863,892,943,907,847,908,939,923,879,892,888,907,894,908,965,911,888,921,999,974,992,1003,1072,1052,1017,1019,1034,952,943,926,952,909,864,846,936,954,975,986,890,892,859,879,888,799,860,906,924,878,887,937,972,919,893,960,972,990,957,986,984,935,874,891,934,973,957,960,958,907,895,909,971,920,870,877,940,902,863,941,985,1001,953,967,958,957,925,952,924,944,923,940,974,927,863,909,925,936,891,919,922,937,904,925,959,953,928,970,1048,1001,970,943,1000,940,919,907,924,845,863,890,910,908,906,955,1003,969,957,956,909,941,890,906,909,839,893,875,879,856,842,890,983,970,954,972,919,906,859,875,905,926,895,976,985,940,904,892,922,846,814,812,861,816,812,871,928,891,901,975,1036,1005,944,923,937,943,985,988,950,942,910,908,956,923,910,1019,1019,987,969,970,968,968,976,990,1001,953,904,888,904,873,857,887,968,969,923,892,920,830,847,875,921,906,894,923,971,938,936,985,987,1016,957,968,970,888,895,894,905,846,815,846,905,906,921,985,969,1003,956,1001,991,911,840,872,922,894,863,894,953,924,905,875,905,863,840,872,954,936,894,939,0.0029296875,0.016858082521125067,0.036461239653504826,0.05765028180916188,0.013810679320049757,0.06783419916723538,0.05191419476563286,0.04458090707231768,0.05872381397801917,0.037224840922941246,0.032285693857063556,0.04809012598533254,0.09166171898638527,0.0126953125,0.024724587697601882,0.011134525635733769,0.06744647128840628,0.06971315741240136,0.04007477447008436,0.03549371454177001,0.04107371258752557,0.004026470337517247,0.035814689103305174,0.0166875073150733,0.019773883526676354,0.04559616222628419,0.018657200365764452,0.011920464468489943,0.0029296875,0.009765625,0.05651420428214956,0.02132844694125152,0.018657200365764452,0.014874556847390447,0.009212872199274027,0.014517645261053229,0.016105881350068987,0.024472586105745445,0.011759369705851851,0.011430371006562134,0.010054326309557618,0.005694288959809864,0.00834375365753665,0.016105881350068987,0.01708286687942959,0.017304731588544287,0.0170549308560283,0.03554741156875253,0.0048828125,0.0027621358640099515,0.009814331661250869,0.0021836601342771385,0.014938533731228863,0.020132351687586234,0.010563138502335907,0.013982247132105814,0.004979511243742954,0.01188039556698871,0.01589728573837862,0.010054326309557618,0.0078125,0.02003738723504218,0.008052940675034493,0.008052940675034493,0.091796875,0.003521046167445302,0.008052940675034493,0.007873298582322802,0.00834375365753665,0.010563138502335907,0.011759369705851851,0.007627196949127592,0.0065509804028314154,0.0009765625,0.006253051013118016,0.006176323555016366,0.007873298582322802,0.007109482313750506,0.01242961138804478,0.0048828125,0.0013810679320049757,0.007109482313750506,0.006176323555016366,0.0048828125,0.00390625,0.0048828125,0.0048828125,0.009814331661250869,0.004367320268554277,0.009959022487485907,0.014218964627501012,0.011134525635733769,0.0013810679320049757,0.014938533731228863,0.003521046167445302,0.0021836601342771385,0.024472586105745445,0.001953125,0.00390625,0.009618025197066508,0.0029296875,0.0009765625,0.007627196949127592,0.0029296875,0.0048828125,0.007873298582322802,0.0029296875,0.0027621358640099515,0.008286407592029853,0.006176323555016366,0.007109482313750506,0.007042092334890604,0.007873298582322802,0.010381001770248682,0.004979511243742954,0.006905339660024878,0.0170549308560283,0.01313830473347042,0.0048828125,0.014218964627501012,0.003088161777508183,0.005258950006967289,0.017578125,0.006905339660024878,0.0021836601342771385,0.011134525635733769,0.007109482313750506,0.0048828125,0.005859375,1,1,0.0
25.0,10.836143493652344,7.0,0.2826255261898041,1.252285122871399,2.34375,19.42291259765625,10.963207244873047,25.0,0.39886486530303955,0.023619895800948143,585.0,8872.0,1829921.625,15.165811538696289,0.31850960850715637,1.1891167163848877,3.875260591506958,0.0003338675305712968,0.0,0.2085099071264267,1004,984,968,956,958,910,847,943,983,953,951,1003,1021,1036,1002,990,912,895,863,876,942,910,875,912,891,841,827,840,830,842,845,878,967,952,927,921,938,862,854,861,935,904,905,956,1005,922,975,955,1007,970,952,937,990,956,940,1016,990,1004,984,999,999,908,923,968,950,878,840,848,919,860,844,891,876,891,907,956,987,957,903,921,941,901,875,903,940,906,906,919,973,924,887,874,906,871,843,938,984,960,924,909,903,908,892,907,925,919,863,892,943,907,847,908,939,923,879,892,888,907,894,908,965,911,888,921,999,974,992,1003,1072,1052,1017,1019,1034,952,943,926,952,909,864,846,936,954,975,986,890,892,859,879,888,799,860,906,924,878,887,937,972,919,893,960,972,990,957,986,984,935,874,891,934,973,957,960,958,907,895,909,971,920,870,877,940,902,863,941,985,1001,953,967,958,957,925,952,924,944,923,940,974,927,863,909,925,936,891,919,922,937,904,925,959,953,928,970,1048,1001,970,943,1000,940,919,907,924,845,863,890,910,908,906,955,1003,969,957,956,909,941,890,906,909,839,893,875,879,856,842,890,983,970,954,972,919,906,859,875,905,926,895,976,0.0029296875,0.0208765218031562,0.01441877251975918,0.028117539157984314,0.06354413470702125,0.04280196679845923,0.09392277373862962,0.06746060952800993,0.021945512748285382,0.04841623146968961,0.04981426072209707,0.01589728573837862,0.05281569251167953,0.0439561618551832,0.012079411012551739,0.044538102542935075,0.023212625632821705,0.029700988917471777,0.0720938625987959,0.013982247132105814,0.019918044974971814,0.027413415718004295,0.03384320986555363,0.032754902014157074,0.068359375,0.026654968874914416,0.007437278423695223,0.023518739411703703,0.01680141653719263,0.013282686043686957,0.027500249688142037,0.023518739411703703,0.013101960805662831,0.0065509804028314154,0.018165112536853784,0.01589728573837862,0.022798081113142094,0.0021836601342771385,0.027010384152225255,0.007109482313750506,0.010563138502335907,0.01933495104806966,0.01188039556698871,0.004979511243742954,0.016370170521718956,0.009814331661250869,0.02298555135925746,0.0235996991671769,0.010786485368346935,0.0068359375,0.011134525635733769,0.006176323555016366,0.0192608231673008,0.016630260122975003,0.009003461384075085,0.013810679320049757,0.009003461384075085,0.003521046167445302,0.016630260122975003,0.008843149548962322,0.0041432037960149265,0.018347943582085875,0.011134525635733769,0.011388577919619728,0.09095147618652384,0.0009765625,0.0013810679320049757,0.011134525635733769,0.004026470337517247,0.0027621358640099515,0.013879560940968648,0.009765625,0.0048828125,0.005859375,0.004367320268554277,0.003521046167445302,0.006176323555016366,0.006253051013118016,0.009618025197066508,0.011388577919619728,0.007042092334890604,0.011759369705851851,0.010517900013934578,0.004026470337517247,0.007109482313750506,0.006176323555016366,0.0065509804028314154,0.008734640537108554,0.005859375,0.004979511243742954,0.012352647110032733,0.008843149548962322,0.01019561182510796,0.022714264354712906,0.001953125,0.005940197783494355,0.019384212149686726,0.0021836601342771385,0.0021836601342771385,0.007873298582322802,0.005258950006967289,0.004026470337517247,0.012506102026236032,0.0009765625,0.0048828125,0.0021836601342771385,0.0021836601342771385,0.0013810679320049757,0.010517900013934578,0.001953125,0.006905339660024878,0.011759369705851851,0.004026470337517247,0.009003461384075085,0.0048828125,0.007109482313750506,0.020132351687586234,0.005940197783494355,0.0048828125,0.010517900013934578,0.005258950006967289,0.003521046167445302,0.0166875073150733,0.008400708268596315,0.007437278423695223,0.018165112536853784,0.001953125,0.007437278423695223,0.005859375,1,1,1.0
25.0,10.842072486877441,6.0,0.277584433555603,1.3163790702819824,25.0,22.05046272277832,10.838894844055176,2.34375,0.4105427861213684,0.023498455062508583,579.0,9250.0,2011821.0,15.975820541381836,0.31187278032302856,1.0664052963256836,4.178782939910889,0.00048559403512626886,0.0,0.2003357857465744,1082,1023,999,989,1034,1000,1005,968,1004,984,968,956,958,910,847,943,983,953,951,1003,1021,1036,1002,990,912,895,863,876,942,910,875,912,891,841,827,840,830,842,845,878,967,952,927,921,938,862,854,861,935,904,905,956,1005,922,975,955,1007,970,952,937,990,956,940,1016,990,1004,984,999,999,908,923,968,950,878,840,848,919,860,844,891,876,891,907,956,987,957,903,921,941,901,875,903,940,906,906,919,973,924,887,874,906,871,843,938,984,960,924,909,903,908,892,907,925,919,863,892,943,907,847,908,939,923,879,892,888,907,894,908,965,911,888,921,999,974,992,1003,1072,1052,1017,1019,1034,952,943,926,952,909,864,846,936,954,975,986,890,892,859,879,888,799,860,906,924,878,887,937,972,919,893,960,972,990,957,986,984,935,874,891,934,973,957,960,958,907,895,909,971,920,870,877,940,902,863,941,985,1001,953,967,958,957,925,952,924,944,923,940,974,927,863,909,925,936,891,919,922,937,904,925,959,953,928,970,1048,1001,970,943,1000,940,919,907,924,845,863,890,910,908,906,955,1003,969,957,956,909,941,890,906,909,839,893,875,879,856,842,890,983,970,954,972,0.001953125,0.035507146411519225,0.022269051271467537,0.01953125,0.09048366706951955,0.04917843090630536,0.09944648139141381,0.04447381850287383,0.0352916230460794,0.06201748558323214,0.029296875,0.021683206358568866,0.07692560778635929,0.0655461882599603,0.03416573375885918,0.05694288959809864,0.01792730444402912,0.024158822025103478,0.0556640625,0.028588439781844624,0.0170549308560283,0.018165112536853784,0.022777155839239456,0.02157297073669387,0.06712046983374836,0.025031260972609954,0.013028968812623373,0.025559086578715626,0.017820593350483065,0.010786485368346935,0.023840928936979887,0.020692988379313566,0.014874556847390447,0.005258950006967289,0.019236050394133015,0.013282686043686957,0.025781989809461104,0.005258950006967289,0.023212625632821705,0.011134525635733769,0.006176323555016366,0.014874556847390447,0.012732817197661424,0.010381001770248682,0.019918044974971814,0.004026470337517247,0.0263671875,0.019555648822754675,0.00966747552403483,0.012732817197661424,0.015625,0.0048828125,0.01760523083722651,0.021836601342771385,0.005524271728019903,0.013601941676937616,0.009959022487485907,0.0021836601342771385,0.019186408891004394,0.006253051013118016,0.005694288959809864,0.018961413905222265,0.009003461384075085,0.010918300671385692,0.09198368624466106,0.0021836601342771385,0.003521046167445302,0.012236293052872722,0.004026470337517247,0.0021836601342771385,0.01019561182510796,0.007873298582322802,0.007109482313750506,0.005524271728019903,0.005859375,0.007437278423695223,0.007042092334890604,0.004367320268554277,0.007437278423695223,0.016016815885602272,0.01179984958358845,0.015440808887540914,0.01019561182510796,0.0029296875,0.010517900013934578,0.003088161777508183,0.004026470337517247,0.0065509804028314154,0.0065509804028314154,0.005694288959809864,0.014778072217208551,0.006905339660024878,0.007873298582322802,0.02157297073669387,0.003088161777508183,0.004979511243742954,0.019384212149686726,0.0021836601342771385,0.0013810679320049757,0.006253051013118016,0.004979511243742954,0.001953125,0.011430371006562134,0.0013810679320049757,0.003521046167445302,0.003521046167445302,0.004979511243742954,0.0021836601342771385,0.014874556847390447,0.0027621358640099515,0.0087890625,0.011759369705851851,0.004026470337517247,0.011134525635733769,0.0065509804028314154,0.0068359375,0.01878455474772592,0.00390625,0.005694288959809864,0.006905339660024878,0.006176323555016366,0.007042092334890604,0.019749754312653012,0.005694288959809864,0.004979511243742954,0.015746597164645604,0.0041432037960149265,0.0068359375,0.009765625,1,1,1.0
25.0,10.705206871032715,7.0,0.2535924017429352,1.628172755241394,25.0,20.052520751953125,9.999455451965332,2.34375,0.46240511536598206,0.024974046275019646,654.0,10370.0,2729837.5,15.856268882751465,0.28400248289108276,1.168845772743225,4.045931339263916,0.00019095813331659883,0.0,0.19295892119407654,539,759,810,892,1037,1066,1022,1082,1082,1023,999,989,1034,1000,1005,968,1004,984,968,956,958,910,847,943,983,953,951,1003,1021,1036,1002,990,912,895,863,876,942,910,875,912,891,841,827,840,830,842,845,878,967,952,927,921,938,862,854,861,935,904,905,956,1005,922,975,955,1007,970,952,937,990,956,940,1016,990,1004,984,999,999,908,923,968,950,878,840,848,919,860,844,891,876,891,907,956,987,957,903,921,941,901,875,903,940,906,906,919,973,924,887,874,906,871,843,938,984,960,924,909,903,908,892,907,925,919,863,892,943,907,847,908,939,923,879,892,888,907,894,908,965,911,888,921,999,974,992,1003,1072,1052,1017,1019,1034,952,943,926,952,909,864,846,936,954,975,986,890,892,859,879,888,799,860,906,924,878,887,937,972,919,893,960,972,990,957,986,984,935,874,891,934,973,957,960,958,907,895,909,971,920,870,877,940,902,863,941,985,1001,953,967,958,957,925,952,924,944,923,940,974,927,863,909,925,936,891,919,922,937,904,925,959,953,928,970,1048,1001,970,943,1000,940,919,907,924,845,863,890,910,908,906,955,1003,969,957,956,909,941,890,906,909,839,893,875,0.00341796875,0.01727715430952552,0.02315091717017519,0.0065509804028314154,0.09100912832231875,0.06867949598639547,0.12341061069862597,0.0244140625,0.060531121942623965,0.06991123566052906,0.02847144479904932,0.045908825287277966,0.10246463072356435,0.09215977138596895,0.058991165275542795,0.08576531934553387,0.01800692276815017,0.053790778726251605,0.06844999573779319,0.030649130520459405,0.015655487833868553,0.03152346170228315,0.05353308622525682,0.04898412579681427,0.08029814476824888,0.036812650048771024,0.01800692276815017,0.0205078125,0.03516981075267404,0.024954945974962183,0.03742923417331406,0.04769185721513586,0.014938533731228863,0.029765137996344084,0.01760523083722651,0.03665688355297551,0.015254393898255184,0.01680141653719263,0.040653629485348924,0.014938533731228863,0.016164985700436375,0.015746597164645604,0.0087890625,0.02231183527108567,0.022269051271467537,0.010381001770248682,0.03515625,0.014084184669781208,0.01516032685181643,0.02229045353615884,0.023212625632821705,0.00966747552403483,0.005940197783494355,0.025559086578715626,0.020531050821902968,0.007042092334890604,0.020320949264340638,0.013982247132105814,0.006905339660024878,0.020762003540497363,0.016105881350068987,0.010563138502335907,0.026294750034836445,0.02229045353615884,0.08231558794096296,0.014084184669781208,0.012732817197661424,0.015746597164645604,0.01708286687942959,0.016630260122975003,0.023619895746968406,0.022140203220223895,0.018347943582085875,0.008286407592029853,0.01179984958358845,0.018165112536853784,0.009618025197066508,0.010918300671385692,0.007109482313750506,0.026240290708094537,0.022482157096135425,0.02580047815160724,0.00834375365753665,0.011759369705851851,0.011134525635733769,0.009264485332524549,0.01242961138804478,0.01589728573837862,0.011134525635733769,0.009959022487485907,0.0065509804028314154,0.0146484375,0.015440808887540914,0.020531050821902968,0.009264485332524549,0.007109482313750506,0.020692988379313566,0.010054326309557618,0.008734640537108554,0.014517645261053229,0.010918300671385692,0.009765625,0.0166875073150733,0.0065509804028314154,0.010563138502335907,0.009003461384075085,0.006905339660024878,0.007437278423695223,0.019628663322501738,0.009212872199274027,0.0146484375,0.013101960805662831,0.008052940675034493,0.0170549308560283,0.004979511243742954,0.012236293052872722,0.024119314521930602,0.003521046167445302,0.001953125,0.011759369705851851,0.005258950006967289,0.0048828125,0.016016815885602272,0.011759369705851851,0.009264485332524549,0.01875915303935405,0.007042092334890604,0.008400708268596315,0.015625,1,1,1.0
24.21875,10.479851722717285,7.0,0.319411963224411,1.330403208732605,4.6875,18.58694839477539,10.296448707580566,2.34375,0.38854068517684937,0.0322265625,1089.0,15970.0,5460743.5,14.664830207824707,0.29204732179641724,1.4506312608718872,3.7021231651306152,0.00035138041130267084,0.0,0.29142916202545166,0,0,0,0,8,204,334,443,539,759,810,892,1037,1066,1022,1082,1082,1023,999,989,1034,1000,1005,968,1004,984,968,956,958,910,847,943,983,953,951,1003,1021,1036,1002,990,912,895,863,876,942,910,875,912,891,841,827,840,830,842,845,878,967,952,927,921,938,862,854,861,935,904,905,956,1005,922,975,955,1007,970,952,937,990,956,940,1016,990,1004,984,999,999,908,923,968,950,878,840,848,919,860,844,891,876,891,907,956,987,957,903,921,941,901,875,903,940,906,906,919,973,924,887,874,906,871,843,938,984,960,924,909,903,908,892,907,925,919,863,892,943,907,847,908,939,923,879,892,888,907,894,908,965,911,888,921,999,974,992,1003,1072,1052,1017,1019,1034,952,943,926,952,909,864,846,936,954,975,986,890,892,859,879,888,799,860,906,924,878,887,937,972,919,893,960,972,990,957,986,984,935,874,891,934,973,957,960,958,907,895,909,971,920,870,877,940,902,863,941,985,1001,953,967,958,957,925,952,924,944,923,940,974,927,863,909,925,936,891,919,922,937,904,925,959,953,928,970,1048,1001,970,943,1000,940,919,907,924,845,863,890,910,908,906,955,1003,969,957,956,0.0029296875,0.1911469864009272,0.21937906549495875,0.2025631690692533,0.2587909050641952,0.2650517280043018,0.308015305374143,0.16500438799947725,0.23273555841109836,0.2513467752250178,0.1603526330277907,0.20147741133395583,0.18890364096885232,0.1621358459185947,0.1371401151882543,0.14057752019640377,0.12128261481453144,0.11270732848635553,0.14769680535975233,0.08622554708845358,0.09594695501301503,0.08245449776488943,0.04026470337517247,0.0363433477850164,0.08240822050699133,0.05930557207300381,0.04696646350160566,0.05765028180916188,0.015746597164645604,0.04271274946997859,0.05635366424317777,0.056446664127415724,0.020531050821902968,0.039764205217777994,0.02568934851165216,0.04574233761183738,0.027793455997573647,0.02847144479904932,0.03813598474563796,0.0324624416769427,0.0192608231673008,0.013101960805662831,0.03389952140177692,0.031204190055996988,0.04324529262789947,0.0283203125,0.037224840922941246,0.0361328125,0.025334222209126653,0.019773883526676354,0.027010384152225255,0.027621358640099514,0.03629082846887118,0.03922087036723282,0.018347943582085875,0.02378085090212094,0.03102027377786834,0.022482157096135425,0.03155370004180373,0.03234471711265468,0.02315091717017519,0.027500249688142037,0.037186392118476116,0.036916129241085546,0.07298130621692726,0.026939676219011176,0.026939676219011176,0.021836601342771385,0.029296875,0.026654968874914416,0.025409398107925172,0.024724587697601882,0.026294750034836445,0.017953883116064683,0.021126277004671814,0.016858082521125067,0.018165112536853784,0.015440808887540914,0.018657200365764452,0.003088161777508183,0.007627196949127592,0.01313830473347042,0.0235996991671769,0.012352647110032733,0.025390625,0.011388577919619728,0.015746597164645604,0.0185546875,0.021035800027869155,0.01792730444402912,0.01284467425582608,0.02132844694125152,0.02286074201312427,0.025031260972609954,0.015625,0.013101960805662831,0.017686299097924643,0.017820593350483065,0.017686299097924643,0.01708286687942959,0.020716018980074635,0.016858082521125067,0.008286407592029853,0.0185546875,0.016105881350068987,0.019918044974971814,0.022651198251451565,0.01878455474772592,0.02003738723504218,0.017686299097924643,0.015440808887540914,0.01953125,0.01800692276815017,0.01188039556698871,0.026654968874914416,0.016630260122975003,0.020899350155305366,0.0192608231673008,0.020132351687586234,0.0146484375,0.01242961138804478,0.01313830473347042,0.017820593350483065,0.0166015625,0.016858082521125067,0.027964494264211628,0.010918300671385692,0.010563138502335907,0.021484375,1,1,1.0
7.03125,6.838113307952881,8.0,0.18196697533130646,8.227863311767578,1.953125,14.061759948730469,5.0352959632873535,2.34375,0.7293848991394043,0.08045239001512527,6787.0,99482.0,277409984.0,14.65772819519043,0.08864815533161163,1.350464940071106,3.273939847946167,4.143512705923058e-05,0.0,0.15154600143432617,270,232,136,54,0,0,0,0,0,0,0,0,8,204,334,443,539,759,810,892,1037,1066,1022,1082,1082,1023,999,989,1034,1000,1005,968,1004,984,968,956,958,910,847,943,983,953,951,1003,1021,1036,1002,990,912,895,863,876,942,910,875,912,891,841,827,840,830,842,845,878,967,952,927,921,938,862,854,861,935,904,905,956,1005,922,975,955,1007,970,952,937,990,956,940,1016,990,1004,984,999,999,908,923,968,950,878,840,848,919,860,844,891,876,891,907,956,987,957,903,921,941,901,875,903,940,906,906,919,973,924,887,874,906,871,843,938,984,960,924,909,903,908,892,907,925,919,863,892,943,907,847,908,939,923,879,892,888,907,894,908,965,911,888,921,999,974,992,1003,1072,1052,1017,1019,1034,952,943,926,952,909,864,846,936,954,975,986,890,892,859,879,888,799,860,906,924,878,887,937,972,919,893,960,972,990,957,986,984,935,874,891,934,973,957,960,958,907,895,909,971,920,870,877,940,902,863,941,985,1001,953,967,958,957,925,952,924,944,923,940,974,927,863,909,925,936,891,919,922,937,904,925,959,953,928,970,1048,1001,970,943,1000,940,919,907,924,845,863,890,0.00244140625,0.3844097835030113,0.40925426304297385,0.38082431729674415,0.44035606022607665,0.4098364173387362,0.407571842904912,0.28267225297170157,0.2909910460467719,0.3061176870585529,0.1905398319283124,0.1824317030944603,0.08550360992127942,0.04463435500791578,0.04203758447271657,0.01284467425582608,0.035907766232129365,0.0300838316420886,0.06641343021843478,0.023478154844084585,0.04074735555668958,0.0650789339122896,0.06917068776158118,0.0710277208826882,0.0208765218031562,0.024492062898407135,0.04265689388250304,0.04404286048351438,0.029877067462457725,0.025947910655442233,0.03614600688148779,0.027981540589637505,0.006905339660024878,0.016716057391234072,0.013706707859002147,0.022545696055889054,0.026654968874914416,0.011759369705851851,0.015440808887540914,0.019773883526676354,0.017304731588544287,0.029378142493147116,0.022269051271467537,0.008400708268596315,0.005258950006967289,0.017469281074217108,0.022714264354712906,0.025633603024231812,0.020600608505594715,0.02458921545315268,0.02132844694125152,0.010563138502335907,0.020600608505594715,0.008734640537108554,0.0146484375,0.022798081113142094,0.006905339660024878,0.009765625,0.027621358640099514,0.015625,0.010054326309557618,0.025947910655442233,0.026868782211323446,0.03144773864864183,0.07462880146305781,0.020600608505594715,0.020531050821902968,0.013566839833447074,0.021506558149946522,0.01516032685181643,0.012079411012551739,0.009003461384075085,0.009003461384075085,0.007873298582322802,0.00390625,0.008400708268596315,0.0048828125,0.007437278423695223,0.006253051013118016,0.02847144479904932,0.024119314521930602,0.026294750034836445,0.0041432037960149265,0.012079411012551739,0.0021836601342771385,0.01179984958358845,0.006905339660024878,0.004367320268554277,0.005859375,0.00834375365753665,0.01760523083722651,0.008052940675034493,0.01188039556698871,0.024020261477048523,0.005694288959809864,0.0048828125,0.015776850020901866,0.009814331661250869,0.009814331661250869,0.007627196949127592,0.013601941676937616,0.009264485332524549,0.005694288959809864,0.013101960805662831,0.007873298582322802,0.009765625,0.01179984958358845,0.009003461384075085,0.0048828125,0.008286407592029853,0.013810679320049757,0.007437278423695223,0.003088161777508183,0.010381001770248682,0.0048828125,0.003521046167445302,0.012236293052872722,0.011430371006562134,0.01516032685181643,0.0048828125,0.014906579611790769,0.016016815885602272,0.02713367966689415,0.005940197783494355,0.008843149548962322,0.019918044974971814,0.0,0.005694288959809864,0.0107421875,1,1,1.0
3.515625,3.983025312423706,8.0,0.020076802000403404,37.33836364746094,1.953125,15.569856643676758,2.5602469444274902,1.5625,0.9543633460998535,0.10408525168895721,11360.0,203333.0,1496994304.0,17.899032592773438,0.025559859350323677,1.1544811725616455,3.6993794441223145,1.719257670629304e-05,0.0,0.03107173927128315,889,812,747,667,624,542,475,384,270,232,136,54,0,0,0,0,0,0,0,0,8,204,334,443,539,759,810,892,1037,1066,1022,1082,1082,1023,999,989,1034,1000,1005,968,1004,984,968,956,958,910,847,943,983,953,951,1003,1021,1036,1002,990,912,895,863,876,942,910,875,912,891,841,827,840,830,842,845,878,967,952,927,921,938,862,854,861,935,904,905,956,1005,922,975,955,1007,970,952,937,990,956,940,1016,990,1004,984,999,999,908,923,968,950,878,840,848,919,860,844,891,876,891,907,956,987,957,903,921,941,901,875,903,940,906,906,919,973,924,887,874,906,871,843,938,984,960,924,909,903,908,892,907,925,919,863,892,943,907,847,908,939,923,879,892,888,907,894,908,965,911,888,921,999,974,992,1003,1072,1052,1017,1019,1034,952,943,926,952,909,864,846,936,954,975,986,890,892,859,879,888,799,860,906,924,878,887,937,972,919,893,960,972,990,957,986,984,935,874,891,934,973,957,960,958,907,895,909,971,920,870,877,940,902,863,941,985,1001,953,967,958,957,925,952,924,944,923,940,974,927,863,909,925,936,891,919,922,937,904,925,959,953,928,970,1048,1001,970,943,0.0009765625,0.4323294136695167,0.45404380513067133,0.41590098919394264,0.4715745386163161,0.42030437702710705,0.39649159091340014,0.2748516029159886,0.2597821452688546,0.2693064761352369,0.15168188053719792,0.13907703795145898,0.058283684810065524,0.033673710253059895,0.021945512748285382,0.04716908076458329,0.030383494504109463,0.0386328914938525,0.08217644330629463,0.010517900013934578,0.030508787796510367,0.03965613379735733,0.04200354134298158,0.04642525126564341,0.04655858375414147,0.003088161777508183,0.02489755621871477,0.024647323172117114,0.03758179961893331,0.01760523083722651,0.0205078125,0.011759369705851851,0.02003738723504218,0.005258950006967289,0.024119314521930602,0.015746597164645604,0.02315091717017519,0.005258950006967289,0.025334222209126653,0.009618025197066508,0.013982247132105814,0.023940723969006372,0.010918300671385692,0.0065509804028314154,0.01171875,0.0065509804028314154,0.026294750034836445,0.01792730444402912,0.01019561182510796,0.013282686043686957,0.015440808887540914,0.0013810679320049757,0.016370170521718956,0.01878455474772592,0.008734640537108554,0.013282686043686957,0.0087890625,0.0009765625,0.017953883116064683,0.0107421875,0.0029296875,0.020132351687586234,0.020132351687586234,0.023518739411703703,0.07814941024899436,0.014938533731228863,0.013982247132105814,0.014680953494504793,0.01760523083722651,0.013706707859002147,0.015440808887540914,0.0126953125,0.009959022487485907,0.0029296875,0.0021836601342771385,0.010563138502335907,0.003088161777508183,0.005694288959809864,0.003088161777508183,0.021683206358568866,0.01760523083722651,0.019555648822754675,0.007042092334890604,0.0048828125,0.009959022487485907,0.003521046167445302,0.006176323555016366,0.010918300671385692,0.006905339660024878,0.004026470337517247,0.011388577919619728,0.007627196949127592,0.007109482313750506,0.01727715430952552,0.008286407592029853,0.004979511243742954,0.01800692276815017,0.0027621358640099515,0.003088161777508183,0.004367320268554277,0.005940197783494355,0.001953125,0.007873298582322802,0.0065509804028314154,0.003088161777508183,0.005940197783494355,0.009212872199274027,0.0048828125,0.008843149548962322,0.003521046167445302,0.009003461384075085,0.008734640537108554,0.0021836601342771385,0.005859375,0.012506102026236032,0.004979511243742954,0.01516032685181643,0.0087890625,0.010563138502335907,0.00390625,0.006253051013118016,0.00834375365753665,0.021683206358568866,0.004026470337517247,0.0,0.011430371006562134,0.008052940675034493,0.01188039556698871,0.001953125,1,1,1.0
3.125,3.30375337600708,6.0,0.015195286832749844,57.45491409301758,0.78125,17.785829544067383,2.160026788711548,1.5625,0.9679574370384216,0.10567200183868408,11709.0,233185.0,1832406272.0,19.915021896362305,0.01684725284576416,1.0787111520767212,3.982053518295288,2.668766001079348e-06,0.0,0.017627157270908356,1293,1256,1195,1133,1115,1016,1015,940,889,812,747,667,624,542,475,384,270,232,136,54,0,0,0,0,0,0,0,0,8,204,334,443,539,759,810,892,1037,1066,1022,1082,1082,1023,999,989,1034,1000,1005,968,1004,984,968,956,958,910,847,943,983,953,951,1003,1021,1036,1002,990,912,895,863,876,942,910,875,912,891,841,827,840,830,842,845,878,967,952,927,921,938,862,854,861,935,904,905,956,1005,922,975,955,1007,970,952,937,990,956,940,1016,990,1004,984,999,999,908,923,968,950,878,840,848,919,860,844,891,876,891,907,956,987,957,903,921,941,901,875,903,940,906,906,919,973,924,887,874,906,871,843,938,984,960,924,909,903,908,892,907,925,919,863,892,943,907,847,908,939,923,879,892,888,907,894,908,965,911,888,921,999,974,992,1003,1072,1052,1017,1019,1034,952,943,926,952,909,864,846,936,954,975,986,890,892,859,879,888,799,860,906,924,878,887,937,972,919,893,960,972,990,957,986,984,935,874,891,934,973,957,960,958,907,895,909,971,920,870,877,940,902,863,941,985,1001,953,967,958,957,925,952,924,944,923,940,974,927,863,909,925,936,891,919,922,937,904,925,0.00146484375,0.3920202134039585,0.42956763242832685,0.41681032883042446,0.48952186144444176,0.4615092207131106,0.44153802305765705,0.31742037037392595,0.28008112141005237,0.26646022753207527,0.13591420642739693,0.09578281121280648,0.05960232234244972,0.06800269671310033,0.058601887455771474,0.07366414908455511,0.06768641973110726,0.0324624416769427,0.052734375,0.03500673501745102,0.018961413905222265,0.05651420428214956,0.07250277809871322,0.07171586706147327,0.022269051271467537,0.025781989809461104,0.02751758360079174,0.026294750034836445,0.027981540589637505,0.010517900013934578,0.0021836601342771385,0.013810679320049757,0.04037114571991091,0.021683206358568866,0.04334441605697685,0.03126525506559008,0.005258950006967289,0.011430371006562134,0.024647323172117114,0.021506558149946522,0.01878455474772592,0.03389952140177692,0.022545696055889054,0.016630260122975003,0.012079411012551739,0.012079411012551739,0.03756910949545184,0.011048543456039806,0.005940197783494355,0.010517900013934578,0.020531050821902968,0.007109482313750506,0.008734640537108554,0.01933495104806966,0.013982247132105814,0.018425744398548053,0.006905339660024878,0.0048828125,0.02298555135925746,0.01760523083722651,0.009765625,0.013028968812623373,0.01760523083722651,0.01589728573837862,0.08110761637830514,0.013566839833447074,0.018425744398548053,0.021836601342771385,0.02510734400816883,0.020716018980074635,0.013982247132105814,0.0065509804028314154,0.005258950006967289,0.011134525635733769,0.008052940675034493,0.019186408891004394,0.012236293052872722,0.013810679320049757,0.011759369705851851,0.015440808887540914,0.009003461384075085,0.019384212149686726,0.015440808887540914,0.012352647110032733,0.010918300671385692,0.011134525635733769,0.009814331661250869,0.006253051013118016,0.005258950006967289,0.0078125,0.01019561182510796,0.012732817197661424,0.013566839833447074,0.009814331661250869,0.013982247132105814,0.009765625,0.021836601342771385,0.0041432037960149265,0.003088161777508183,0.01019561182510796,0.010517900013934578,0.008843149548962322,0.0013810679320049757,0.013982247132105814,0.009618025197066508,0.008400708268596315,0.0068359375,0.0041432037960149265,0.014218964627501012,0.00390625,0.0013810679320049757,0.01680141653719263,0.01019561182510796,0.007873298582322802,0.01680141653719263,0.010563138502335907,0.021417687694786434,0.004367320268554277,0.010381001770248682,0.0041432037960149265,0.012732817197661424,0.011920464468489943,0.02132844694125152,0.007437278423695223,0.004979511243742954,0.009959022487485907,0.0126953125,0.017578125,0.001953125,1,1,1.0
3.125,3.740543842315674,7.0,0.025291912257671356,43.92572021484375,1.953125,17.799142837524414,2.383074998855591,1.5625,0.9530121088027954,0.1086839884519577,12386.0,251272.0,1999664128.0,20.286775588989258,0.021695991978049278,1.1250799894332886,3.9687650203704834,5.676772161677945e-06,0.0,0.027588309720158577,1560,1519,1487,1437,1440,1402,1370,1305,1293,1256,1195,1133,1115,1016,1015,940,889,812,747,667,624,542,475,384,270,232,136,54,0,0,0,0,0,0,0,0,8,204,334,443,539,759,810,892,1037,1066,1022,1082,1082,1023,999,989,1034,1000,1005,968,1004,984,968,956,958,910,847,943,983,953,951,1003,1021,1036,1002,990,912,895,863,876,942,910,875,912,891,841,827,840,830,842,845,878,967,952,927,921,938,862,854,861,935,904,905,956,1005,922,975,955,1007,970,952,937,990,956,940,1016,990,1004,984,999,999,908,923,968,950,878,840,848,919,860,844,891,876,891,907,956,987,957,903,921,941,901,875,903,940,906,906,919,973,924,887,874,906,871,843,938,984,960,924,909,903,908,892,907,925,919,863,892,943,907,847,908,939,923,879,892,888,907,894,908,965,911,888,921,999,974,992,1003,1072,1052,1017,1019,1034,952,943,926,952,909,864,846,936,954,975,986,890,892,859,879,888,799,860,906,924,878,887,937,972,919,893,960,972,990,957,986,984,935,874,891,934,973,957,960,958,907,895,909,971,920,870,877,940,902,863,941,985,1001,953,967,958,957,925,952,924,944,923,940,974,927,863,909,0.0029296875,0.30625006228076534,0.4268483081252801,0.501097428463268,0.6104453053011057,0.5861148820045662,0.50700431481807,0.351276196354789,0.20837656208407068,0.14826071401031243,0.04236525774117942,0.14834752618561128,0.15510444321702735,0.1126480823365474,0.0868701609629144,0.019186408891004394,0.03986002271866904,0.0650496190757066,0.11484059439754755,0.038989189018900645,0.05614172793673754,0.0244140625,0.043013116299893045,0.06693550581325701,0.04576318169476555,0.03452669830012439,0.05249875021763911,0.050043468653589676,0.005258950006967289,0.0170549308560283,0.014680953494504793,0.025559086578715626,0.050753072110102666,0.031988944051092184,0.049071658306254345,0.04026470337517247,0.018657200365764452,0.020320949264340638,0.005859375,0.028721564784868637,0.033203125,0.03430501576220761,0.007627196949127592,0.021035800027869155,0.0283875817456028,0.021439939843847802,0.009003461384075085,0.03554741156875253,0.028854075591199527,0.02777629424478104,0.0107421875,0.022269051271467537,0.03389952140177692,0.037314400731528904,0.022140203220223895,0.011134525635733769,0.013810679320049757,0.014874556847390447,0.029296875,0.01760523083722651,0.01313830473347042,0.016630260122975003,0.023457836229422487,0.0126953125,0.08434696438159837,0.018425744398548053,0.025559086578715626,0.0283203125,0.0325211441510678,0.02231183527108567,0.0013810679320049757,0.009003461384075085,0.011759369705851851,0.013810679320049757,0.01760523083722651,0.019457869965987574,0.012506102026236032,0.007042092334890604,0.010054326309557618,0.032285693857063556,0.0283203125,0.023619895746968406,0.01284467425582608,0.008734640537108554,0.02378085090212094,0.013028968812623373,0.020967686087484266,0.021506558149946522,0.009212872199274027,0.008734640537108554,0.022881590847382775,0.012732817197661424,0.01800692276815017,0.01179984958358845,0.01800692276815017,0.014680953494504793,0.025633603024231812,0.008734640537108554,0.007873298582322802,0.016164985700436375,0.018657200365764452,0.015440808887540914,0.012352647110032733,0.016630260122975003,0.01179984958358845,0.008052940675034493,0.010517900013934578,0.0126953125,0.017387200990981306,0.01516032685181643,0.018961413905222265,0.004026470337517247,0.008052940675034493,0.01242961138804478,0.014084184669781208,0.010786485368346935,0.01727715430952552,0.014084184669781208,0.006905339660024878,0.014084184669781208,0.013810679320049757,0.01824369305885684,0.030383494504109463,0.004979511243742954,0.007437278423695223,0.015776850020901866,0.010918300671385692,0.01760523083722651,0.0029296875,1,1,1.0
2.734375,4.212153911590576,5.0,0.02952818013727665,32.07781219482422,1.953125,25.88929557800293,2.5616259574890137,1.5625,0.9411327838897705,0.12007748335599899,15119.0,390745.0,3612949504.0,25.844633102416992,0.029339058324694633,1.0847458839416504,4.786407470703125,1.8602055206429213e-05,0.0,0.038779377937316895,1129,1360,1510,1614,1608,1627,1644,1582,1560,1519,1487,1437,1440,1402,1370,1305,1293,1256,1195,1133,1115,1016,1015,940,889,812,747,667,624,542,475,384,270,232,136,54,0,0,0,0,0,0,0,0,8,204,334,443,539,759,810,892,1037,1066,1022,1082,1082,1023,999,989,1034,1000,1005,968,1004,984,968,956,958,910,847,943,983,953,951,1003,1021,1036,1002,990,912,895,863,876,942,910,875,912,891,841,827,840,830,842,845,878,967,952,927,921,938,862,854,861,935,904,905,956,1005,922,975,955,1007,970,952,937,990,956,940,1016,990,1004,984,999,999,908,923,968,950,878,840,848,919,860,844,891,876,891,907,956,987,957,903,921,941,901,875,903,940,906,906,919,973,924,887,874,906,871,843,938,984,960,924,909,903,908,892,907,925,919,863,892,943,907,847,908,939,923,879,892,888,907,894,908,965,911,888,921,999,974,992,1003,1072,1052,1017,1019,1034,952,943,926,952,909,864,846,936,954,975,986,890,892,859,879,888,799,860,906,924,878,887,937,972,919,893,960,972,990,957,986,984,935,874,891,934,973,957,960,958,907,895,909,971,920,870,877,940,902,863,941,985,1001,953,967,958,957,925,952,0.0029296875,0.2865923943521326,0.4914622943498088,0.6127740986262928,0.723867360352227,0.6488851817270459,0.4847548441337464,0.2962092916469836,0.09870530287885373,0.1523844346715759,0.1498760983233578,0.22358376577332892,0.12880633556824575,0.049957638915736964,0.03149319432929121,0.08245449776488943,0.05511309007625962,0.06892207026794488,0.07560006731625744,0.05392358473546298,0.030586835475323877,0.0785692933027761,0.0820835491764955,0.06040494958668795,0.0594741796038481,0.030524413297046454,0.020108652619115236,0.02713367966689415,0.05709342180563854,0.03430501576220761,0.03625138904935661,0.029556144434417102,0.022032254243512652,0.014874556847390447,0.0412127887617367,0.027010384152225255,0.007873298582322802,0.010786485368346935,0.017304731588544287,0.02157297073669387,0.0244140625,0.029700988917471777,0.0029296875,0.0146484375,0.021506558149946522,0.020899350155305366,0.021683206358568866,0.0244140625,0.01792730444402912,0.012506102026236032,0.010381001770248682,0.016370170521718956,0.010918300671385692,0.024472586105745445,0.01792730444402912,0.024433585943743757,0.0146484375,0.011759369705851851,0.013810679320049757,0.01933495104806966,0.014874556847390447,0.027500249688142037,0.019773883526676354,0.03712222228271135,0.06905339660024878,0.024492062898407135,0.01727715430952552,0.00834375365753665,0.013982247132105814,0.013671875,0.014680953494504793,0.00966747552403483,0.006905339660024878,0.0041432037960149265,0.005258950006967289,0.011920464468489943,0.0027621358640099515,0.003521046167445302,0.00390625,0.02580047815160724,0.01680141653719263,0.012732817197661424,0.013810679320049757,0.009212872199274027,0.014517645261053229,0.010918300671385692,0.007873298582322802,0.0027621358640099515,0.011134525635733769,0.01179984958358845,0.006253051013118016,0.013982247132105814,0.006253051013118016,0.0244140625,0.003521046167445302,0.007627196949127592,0.013601941676937616,0.01188039556698871,0.010517900013934578,0.0065509804028314154,0.0027621358640099515,0.006176323555016366,0.00390625,0.013706707859002147,0.01019561182510796,0.007627196949127592,0.0,0.004979511243742954,0.017387200990981306,0.008843149548962322,0.013671875,0.003088161777508183,0.0013810679320049757,0.006905339660024878,0.01313830473347042,0.006176323555016366,0.017469281074217108,0.005258950006967289,0.00834375365753665,0.001953125,0.00834375365753665,0.006176323555016366,0.0185803687406645,0.011388577919619728,0.009212872199274027,0.014938533731228863,0.010918300671385692,0.0021836601342771385,0.0146484375,1,1,1.0
2.34375,3.062037944793701,5.0,0.022400449961423874,60.13301086425781,1.953125,30.843807220458984,2.1677355766296387,1.5625,0.9616081714630127,0.13027139008045197,17795.0,549437.0,5911374336.0,30.875919342041016,0.01599135249853134,1.2444638013839722,5.236702919006348,1.5804334907443263e-05,0.0,0.01959965005517006,890,863,791,712,652,584,588,798,1129,1360,1510,1614,1608,1627,1644,1582,1560,1519,1487,1437,1440,1402,1370,1305,1293,1256,1195,1133,1115,1016,1015,940,889,812,747,667,624,542,475,384,270,232,136,54,0,0,0,0,0,0,0,0,8,204,334,443,539,759,810,892,1037,1066,1022,1082,1082,1023,999,989,1034,1000,1005,968,1004,984,968,956,958,910,847,943,983,953,951,1003,1021,1036,1002,990,912,895,863,876,942,910,875,912,891,841,827,840,830,842,845,878,967,952,927,921,938,862,854,861,935,904,905,956,1005,922,975,955,1007,970,952,937,990,956,940,1016,990,1004,984,999,999,908,923,968,950,878,840,848,919,860,844,891,876,891,907,956,987,957,903,921,941,901,875,903,940,906,906,919,973,924,887,874,906,871,843,938,984,960,924,909,903,908,892,907,925,919,863,892,943,907,847,908,939,923,879,892,888,907,894,908,965,911,888,921,999,974,992,1003,1072,1052,1017,1019,1034,952,943,926,952,909,864,846,936,954,975,986,890,892,859,879,888,799,860,906,924,878,887,937,972,919,893,960,972,990,957,986,984,935,874,891,934,973,957,960,958,907,895,909,971,920,870,877,940,902,863,941,0.001953125,0.2798580054864668,0.44933019167955446,0.5666427644662664,0.6978808341625425,0.6643963143059862,0.5292977758871484,0.3432974871344845,0.10390643356421755,0.11617400279658634,0.16632553793784194,0.2640784625583977,0.16678932762491225,0.08347181893108634,0.07075193627609358,0.12298485540180598,0.09450481455007745,0.09783674725669048,0.076171875,0.0836943119572884,0.06608954810815872,0.10918300671385692,0.08839913658307309,0.04833737762017415,0.08558722115080268,0.040794137840244965,0.04412938878005861,0.04789140560640324,0.046589298601080326,0.029035290522106457,0.03066468450802262,0.027981540589637505,0.03756910949545184,0.020692988379313566,0.04360764367532443,0.03144773864864183,0.013982247132105814,0.011430371006562134,0.0146484375,0.017953883116064683,0.02417855156863271,0.021417687694786434,0.01171875,0.01284467425582608,0.018528970665049098,0.025409398107925172,0.03144773864864183,0.016716057391234072,0.011759369705851851,0.001953125,0.018347943582085875,0.010786485368346935,0.008400708268596315,0.012732817197661424,0.009212872199274027,0.01875915303935405,0.01878455474772592,0.010054326309557618,0.01019561182510796,0.0068359375,0.003521046167445302,0.02161713244255728,0.0166015625,0.025947910655442233,0.0703125,0.0244140625,0.023457836229422487,0.0107421875,0.01441877251975918,0.006905339660024878,0.016630260122975003,0.013879560940968648,0.010786485368346935,0.003521046167445302,0.0027621358640099515,0.009814331661250869,0.0013810679320049757,0.0068359375,0.005524271728019903,0.026939676219011176,0.013566839833447074,0.010918300671385692,0.016630260122975003,0.012506102026236032,0.010381001770248682,0.0126953125,0.0021836601342771385,0.00834375365753665,0.014680953494504793,0.010563138502335907,0.01441877251975918,0.005940197783494355,0.0021836601342771385,0.021506558149946522,0.006176323555016366,0.003088161777508183,0.01727715430952552,0.003521046167445302,0.004979511243742954,0.001953125,0.006253051013118016,0.0009765625,0.009264485332524549,0.007873298582322802,0.007042092334890604,0.008052940675034493,0.006176323555016366,0.001953125,0.016630260122975003,0.007873298582322802,0.012079411012551739,0.004979511243742954,0.0021836601342771385,0.007109482313750506,0.0126953125,0.005859375,0.016858082521125067,0.007042092334890604,0.011920464468489943,0.003088161777508183,0.004979511243742954,0.0041432037960149265,0.02231183527108567,0.008734640537108554,0.007873298582322802,0.01589728573837862,0.005258950006967289,0.005258950006967289,0.0078125,1,1,1.0
2.734375,2.9998772144317627,5.0,0.04254322126507759,60.069801330566406,1.953125,29.532203674316406,2.346172332763672,1.5625,0.9417787194252014,0.13127048313617706,18069.0,510696.0,5532039680.0,28.263656616210938,0.015678072348237038,1.1033368110656738,5.109870910644531,6.917877726664301e-06,0.0,0.01840350776910782,1337,1293,1245,1193,1118,1101,1050,1002,890,863,791,712,652,584,588,798,1129,1360,1510,1614,1608,1627,1644,1582,1560,1519,1487,1437,1440,1402,1370,1305,1293,1256,1195,1133,1115,1016,1015,940,889,812,747,667,624,542,475,384,270,232,136,54,0,0,0,0,0,0,0,0,8,204,334,443,539,759,810,892,1037,1066,1022,1082,1082,1023,999,989,1034,1000,1005,968,1004,984,968,956,958,910,847,943,983,953,951,1003,1021,1036,1002,990,912,895,863,876,942,910,875,912,891,841,827,840,830,842,845,878,967,952,927,921,938,862,854,861,935,904,905,956,1005,922,975,955,1007,970,952,937,990,956,940,1016,990,1004,984,999,999,908,923,968,950,878,840,848,919,860,844,891,876,891,907,956,987,957,903,921,941,901,875,903,940,906,906,919,973,924,887,874,906,871,843,938,984,960,924,909,903,908,892,907,925,919,863,892,943,907,847,908,939,923,879,892,888,907,894,908,965,911,888,921,999,974,992,1003,1072,1052,1017,1019,1034,952,943,926,952,909,864,846,936,954,975,986,890,892,859,879,888,799,860,906,924,878,887,937,972,919,893,960,972,990,957,986,984,935,874,891,934,973,957,960,958,907,895,909,0.00048828125,0.311534151951325,0.5243058474822702,0.6040952793784957,0.6673838413622447,0.5920361327923646,0.5074912595700926,0.36839712036531586,0.1722657357213363,0.05033798425335888,0.1713108862237585,0.3144728376002909,0.22543580975809735,0.13591420642739693,0.120477894635087,0.17103231363437993,0.13577379915187177,0.10082741796203365,0.03676080122015373,0.06800970838468809,0.05852860962410819,0.07909553410670542,0.0637688582707598,0.053790778726251605,0.06118146526436361,0.039499508625306025,0.036604814089826784,0.049449175395203764,0.06684283186971719,0.047881447938012744,0.04606436099637014,0.04130524605968086,0.05094999008103743,0.030835260554388563,0.04203758447271657,0.02751758360079174,0.022798081113142094,0.004026470337517247,0.02510734400816883,0.020132351687586234,0.02777629424478104,0.03676080122015373,0.013671875,0.027010384152225255,0.03416573375885918,0.040430159266571196,0.04576318169476555,0.016253239235442616,0.013601941676937616,0.011430371006562134,0.024705294220065465,0.0048828125,0.019457869965987574,0.01878455474772592,0.008843149548962322,0.0170549308560283,0.013101960805662831,0.009959022487485907,0.007873298582322802,0.008843149548962322,0.0065509804028314154,0.02489755621871477,0.01953125,0.020716018980074635,0.0705562182351111,0.030336376107439583,0.031035641761856844,0.00834375365753665,0.0041432037960149265,0.016253239235442616,0.0244140625,0.011430371006562134,0.003521046167445302,0.01188039556698871,0.01760523083722651,0.01313830473347042,0.014938533731228863,0.0205078125,0.021945512748285382,0.027361183058831836,0.003088161777508183,0.024724587697601882,0.01284467425582608,0.0107421875,0.010918300671385692,0.004026470337517247,0.012236293052872722,0.0068359375,0.010563138502335907,0.015625,0.009003461384075085,0.015191747252054731,0.0065509804028314154,0.0285216442705278,0.008843149548962322,0.006905339660024878,0.020108652619115236,0.003088161777508183,0.00834375365753665,0.005694288959809864,0.008400708268596315,0.005859375,0.011134525635733769,0.014938533731228863,0.012352647110032733,0.007627196949127592,0.003521046167445302,0.0087890625,0.01019561182510796,0.005524271728019903,0.006905339660024878,0.015746597164645604,0.010918300671385692,0.014874556847390447,0.0013810679320049757,0.006176323555016366,0.012732817197661424,0.011048543456039806,0.0013810679320049757,0.007437278423695223,0.013810679320049757,0.007042092334890604,0.015776850020901866,0.016858082521125067,0.014938533731228863,0.02489755621871477,0.003088161777508183,0.013282686043686957,0.0009765625,1,1,1.0
3.90625,3.404491901397705,5.0,0.05146127939224243,41.335086822509766,1.171875,24.278413772583008,2.481694459915161,1.5625,0.9261332154273987,0.13427290320396423,18905.0,467037.0,5142912512.0,24.704416275024414,0.02240549959242344,1.2205076217651367,4.624246597290039,4.13240741181653e-07,0.0,0.025306029245257378,1550,1535,1516,1479,1467,1433,1370,1384,1337,1293,1245,1193,1118,1101,1050,1002,890,863,791,712,652,584,588,798,1129,1360,1510,1614,1608,1627,1644,1582,1560,1519,1487,1437,1440,1402,1370,1305,1293,1256,1195,1133,1115,1016,1015,940,889,812,747,667,624,542,475,384,270,232,136,54,0,0,0,0,0,0,0,0,8,204,334,443,539,759,810,892,1037,1066,1022,1082,1082,1023,999,989,1034,1000,1005,968,1004,984,968,956,958,910,847,943,983,953,951,1003,1021,1036,1002,990,912,895,863,876,942,910,875,912,891,841,827,840,830,842,845,878,967,952,927,921,938,862,854,861,935,904,905,956,1005,922,975,955,1007,970,952,937,990,956,940,1016,990,1004,984,999,999,908,923,968,950,878,840,848,919,860,844,891,876,891,907,956,987,957,903,921,941,901,875,903,940,906,906,919,973,924,887,874,906,871,843,938,984,960,924,909,903,908,892,907,925,919,863,892,943,907,847,908,939,923,879,892,888,907,894,908,965,911,888,921,999,974,992,1003,1072,1052,1017,1019,1034,952,943,926,952,909,864,846,936,954,975,986,890,892,859,879,888,799,860,906,924,878,887,937,972,919,893,960,972,990,957,986,984,935,874,891,0.001953125,0.40700519500341226,0.6457980566747494,0.6221323985402758,0.5596793769148973,0.5312580781210274,0.6023712666481534,0.4875639262223163,0.21495247603962697,0.11210069788937603,0.2722858700552386,0.350924442690359,0.16683220589657263,0.06481462307048874,0.04239901044158674,0.08297908510253126,0.055937513639139395,0.098531236372105,0.10407151008525715,0.10944473223532734,0.0958126764563362,0.136093015614049,0.08001855635008397,0.013879560940968648,0.07085968724090522,0.006253051013118016,0.011759369705851851,0.022269051271467537,0.06894973870353067,0.0510995134841841,0.052959948683422846,0.04891593666550076,0.05620963449671156,0.033673710253059895,0.03813598474563796,0.0185803687406645,0.022651198251451565,0.011920464468489943,0.02108108705558877,0.03798564519292329,0.04442017740446937,0.0352916230460794,0.0318844291353799,0.026057937625246747,0.01727715430952552,0.021035800027869155,0.029035290522106457,0.022714264354712906,0.020899350155305366,0.01708286687942959,0.025947910655442233,0.02756951994822872,0.0146484375,0.005940197783494355,0.016105881350068987,0.015440808887540914,0.021506558149946522,0.011134525635733769,0.023212625632821705,0.01953125,0.0126953125,0.026002982335340524,0.019773883526676354,0.027010384152225255,0.0732682245386824,0.028117539157984314,0.03066468450802262,0.006905339660024878,0.0027621358640099515,0.019186408891004394,0.021506558149946522,0.006176323555016366,0.009264485332524549,0.013982247132105814,0.019186408891004394,0.004979511243742954,0.012732817197661424,0.0170549308560283,0.01242961138804478,0.018528970665049098,0.014517645261053229,0.012079411012551739,0.01760523083722651,0.016105881350068987,0.008052940675034493,0.013028968812623373,0.006176323555016366,0.01589728573837862,0.006905339660024878,0.003521046167445302,0.005694288959809864,0.015440808887540914,0.007873298582322802,0.028168369339562415,0.007042092334890604,0.005694288959809864,0.0166875073150733,0.0021836601342771385,0.006905339660024878,0.004026470337517247,0.006905339660024878,0.006253051013118016,0.007437278423695223,0.015254393898255184,0.0087890625,0.0021836601342771385,0.007109482313750506,0.005694288959809864,0.010517900013934578,0.0029296875,0.006253051013118016,0.008400708268596315,0.006176323555016366,0.009765625,0.01179984958358845,0.005258950006967289,0.014938533731228863,0.009618025197066508,0.009618025197066508,0.004979511243742954,0.007627196949127592,0.0065509804028314154,0.0170549308560283,0.011920464468489943,0.01019561182510796,0.02039122365021592,0.0029296875,0.009212872199274027,0.00390625,1,1,1.0
3.125,3.1243906021118164,6.0,0.03395731747150421,48.4119758605957,1.171875,19.273530960083008,2.384481191635132,0.78125,0.9464918971061707,0.14219635725021362,21202.0,437314.0,5923245056.0,20.626073837280273,0.019550779834389687,1.0775262117385864,4.129786968231201,5.895559297641739e-06,-0.390625,0.0218220017850399,718,640,555,463,491,687,1051,1324,1550,1535,1516,1479,1467,1433,1370,1384,1337,1293,1245,1193,1118,1101,1050,1002,890,863,791,712,652,584,588,798,1129,1360,1510,1614,1608,1627,1644,1582,1560,1519,1487,1437,1440,1402,1370,1305,1293,1256,1195,1133,1115,1016,1015,940,889,812,747,667,624,542,475,384,270,232,136,54,0,0,0,0,0,0,0,0,8,204,334,443,539,759,810,892,1037,1066,1022,1082,1082,1023,999,989,1034,1000,1005,968,1004,984,968,956,958,910,847,943,983,953,951,1003,1021,1036,1002,990,912,895,863,876,942,910,875,912,891,841,827,840,830,842,845,878,967,952,927,921,938,862,854,861,935,904,905,956,1005,922,975,955,1007,970,952,937,990,956,940,1016,990,1004,984,999,999,908,923,968,950,878,840,848,919,860,844,891,876,891,907,956,987,957,903,921,941,901,875,903,940,906,906,919,973,924,887,874,906,871,843,938,984,960,924,909,903,908,892,907,925,919,863,892,943,907,847,908,939,923,879,892,888,907,894,908,965,911,888,921,999,974,992,1003,1072,1052,1017,1019,1034,952,943,926,952,909,864,846,936,954,975,986,890,892,859,879,888,799,860,906,924,878,887,937,972,919,893,960,0.0029296875,0.34546027840415766,0.5936728979544418,0.6507021412845998,0.6262347422433365,0.4956446740188991,0.5500127964265106,0.49063495212836195,0.2722858700552386,0.11971556969314028,0.32137364720549827,0.4141465587583068,0.19493371472684512,0.09442404981826416,0.0647336461686584,0.02995676103550384,0.0332174831087792,0.14092984536100422,0.15722959527354516,0.1622152327566103,0.1467445605957956,0.1713025356374514,0.06880435528831459,0.03316001337177665,0.03869455616437295,0.0380859375,0.0328276099882258,0.05821819750308156,0.09652667025899662,0.07232498617689657,0.06071988889339771,0.049071658306254345,0.05765028180916188,0.025334222209126653,0.01313830473347042,0.013810679320049757,0.01824369305885684,0.02765586378614511,0.013982247132105814,0.042275118792799535,0.04496431419227085,0.023457836229422487,0.03088161777508183,0.014938533731228863,0.0027621358640099515,0.009264485332524549,0.016370170521718956,0.031035641761856844,0.027413415718004295,0.01886055460530075,0.03460946317708857,0.0235996991671769,0.021945512748285382,0.010918300671385692,0.004979511243742954,0.008400708268596315,0.009959022487485907,0.007873298582322802,0.006253051013118016,0.004026470337517247,0.004367320268554277,0.015440808887540914,0.010517900013934578,0.028738162049926096,0.056640625,0.03340357690720131,0.019773883526676354,0.008843149548962322,0.016370170521718956,0.01441877251975918,0.01188039556698871,0.01019561182510796,0.005940197783494355,0.004026470337517247,0.010563138502335907,0.007627196949127592,0.008843149548962322,0.014778072217208551,0.0146484375,0.023619895746968406,0.007627196949127592,0.016370170521718956,0.013810679320049757,0.011388577919619728,0.0065509804028314154,0.006176323555016366,0.0048828125,0.008400708268596315,0.008843149548962322,0.0078125,0.010563138502335907,0.008400708268596315,0.001953125,0.021506558149946522,0.0027621358640099515,0.00390625,0.01313830473347042,0.0065509804028314154,0.0029296875,0.0065509804028314154,0.00834375365753665,0.0021836601342771385,0.011134525635733769,0.010563138502335907,0.009212872199274027,0.005940197783494355,0.0021836601342771385,0.004367320268554277,0.011048543456039806,0.0027621358640099515,0.006905339660024878,0.010381001770248682,0.0065509804028314154,0.011134525635733769,0.005694288959809864,0.0021836601342771385,0.013810679320049757,0.008843149548962322,0.0048828125,0.0041432037960149265,0.009959022487485907,0.0013810679320049757,0.024158822025103478,0.010381001770248682,0.005258950006967289,0.0126953125,0.010054326309557618,0.0065509804028314154,0.013671875,1,1,1.0
4.296875,2.9576497077941895,7.0,0.0544121153652668,46.024375915527344,1.5625,19.381553649902344,2.569155693054199,1.171875,0.9254794120788574,0.1446170061826706,21930.0,443981.0,5806177280.0,20.245370864868164,0.020108461380004883,1.0796678066253662,4.097727298736572,1.2824728401028551e-05,0.0,0.017165422439575195,1157,1146,1094,1040,989,920,827,797,718,640,555,463,491,687,1051,1324,1550,1535,1516,1479,1467,1433,1370,1384,1337,1293,1245,1193,1118,1101,1050,1002,890,863,791,712,652,584,588,798,1129,1360,1510,1614,1608,1627,1644,1582,1560,1519,1487,1437,1440,1402,1370,1305,1293,1256,1195,1133,1115,1016,1015,940,889,812,747,667,624,542,475,384,270,232,136,54,0,0,0,0,0,0,0,0,8,204,334,443,539,759,810,892,1037,1066,1022,1082,1082,1023,999,989,1034,1000,1005,968,1004,984,968,956,958,910,847,943,983,953,951,1003,1021,1036,1002,990,912,895,863,876,942,910,875,912,891,841,827,840,830,842,845,878,967,952,927,921,938,862,854,861,935,904,905,956,1005,922,975,955,1007,970,952,937,990,956,940,1016,990,1004,984,999,999,908,923,968,950,878,840,848,919,860,844,891,876,891,907,956,987,957,903,921,941,901,875,903,940,906,906,919,973,924,887,874,906,871,843,938,984,960,924,909,903,908,892,907,925,919,863,892,943,907,847,908,939,923,879,892,888,907,894,908,965,911,888,921,999,974,992,1003,1072,1052,1017,1019,1034,952,943,926,952,909,864,846,936,954,975,986,890,892,859,879,888,799,860,906,0.0,0.37825254700906863,0.6061440916069701,0.6193323650756319,0.6143540639016881,0.5279799403223692,0.5325812321701388,0.4577026652056203,0.27097981721953396,0.10451043941061955,0.329136334401924,0.445586538487475,0.22210088702234684,0.1205293361046032,0.08910296675241533,0.010918300671385692,0.0630469234045663,0.17081750315692365,0.1687419748164084,0.17101000822348866,0.14369081024963049,0.14742212858516876,0.044932488555966175,0.025781989809461104,0.04518646602054404,0.015625,0.009814331661250869,0.03360283307438526,0.08710587156631937,0.0731966003962637,0.07292247930700965,0.06634878027915246,0.07665238067652502,0.044538102542935075,0.005258950006967289,0.022269051271467537,0.03179457147675724,0.04203758447271657,0.01953125,0.044804959949040865,0.038989189018900645,0.013982247132105814,0.022269051271467537,0.01188039556698871,0.009959022487485907,0.01516032685181643,0.0192608231673008,0.03126525506559008,0.031035641761856844,0.023640075072090243,0.04014610310760638,0.02734375,0.026565372087373914,0.016253239235442616,0.005940197783494355,0.01441877251975918,0.015776850020901866,0.011134525635733769,0.011759369705851851,0.0068359375,0.0021836601342771385,0.01792730444402912,0.012352647110032733,0.02376079113397742,0.06074344351595307,0.037057941330098196,0.025633603024231812,0.009212872199274027,0.020132351687586234,0.018528970665049098,0.009814331661250869,0.014938533731228863,0.008734640537108554,0.007437278423695223,0.014517645261053229,0.009765625,0.013101960805662831,0.01800692276815017,0.01284467425582608,0.021506558149946522,0.012236293052872722,0.011759369705851851,0.019457869965987574,0.016016815885602272,0.007627196949127592,0.0048828125,0.01019561182510796,0.004026470337517247,0.01760523083722651,0.011759369705851851,0.01760523083722651,0.011134525635733769,0.011430371006562134,0.02756951994822872,0.006905339660024878,0.0065509804028314154,0.018347943582085875,0.003521046167445302,0.009765625,0.004367320268554277,0.005694288959809864,0.0068359375,0.011920464468489943,0.004979511243742954,0.012236293052872722,0.012352647110032733,0.004026470337517247,0.009959022487485907,0.005258950006967289,0.003088161777508183,0.006176323555016366,0.007873298582322802,0.001953125,0.004979511243742954,0.010517900013934578,0.006253051013118016,0.010517900013934578,0.013282686043686957,0.008400708268596315,0.009765625,0.012506102026236032,0.008843149548962322,0.031035641761856844,0.0,0.005524271728019903,0.015746597164645604,0.007873298582322802,0.007627196949127592,0.00390625,1,1,1.0
4.296875,3.220900297164917,7.0,0.05938570573925972,39.36709976196289,1.5625,17.853073120117188,2.665809154510498,1.171875,0.9173128008842468,0.1454455405473709,22182.0,402205.0,5607798272.0,18.132043838500977,0.023301508277654648,1.0162723064422607,3.9352145195007324,0.0,0.0,0.021169573068618774,1239,1464,1417,1354,1376,1309,1289,1245,1157,1146,1094,1040,989,920,827,797,718,640,555,463,491,687,1051,1324,1550,1535,1516,1479,1467,1433,1370,1384,1337,1293,1245,1193,1118,1101,1050,1002,890,863,791,712,652,584,588,798,1129,1360,1510,1614,1608,1627,1644,1582,1560,1519,1487,1437,1440,1402,1370,1305,1293,1256,1195,1133,1115,1016,1015,940,889,812,747,667,624,542,475,384,270,232,136,54,0,0,0,0,0,0,0,0,8,204,334,443,539,759,810,892,1037,1066,1022,1082,1082,1023,999,989,1034,1000,1005,968,1004,984,968,956,958,910,847,943,983,953,951,1003,1021,1036,1002,990,912,895,863,876,942,910,875,912,891,841,827,840,830,842,845,878,967,952,927,921,938,862,854,861,935,904,905,956,1005,922,975,955,1007,970,952,937,990,956,940,1016,990,1004,984,999,999,908,923,968,950,878,840,848,919,860,844,891,876,891,907,956,987,957,903,921,941,901,875,903,940,906,906,919,973,924,887,874,906,871,843,938,984,960,924,909,903,908,892,907,925,919,863,892,943,907,847,908,939,923,879,892,888,907,894,908,965,911,888,921,999,974,992,1003,1072,1052,1017,1019,1034,952,943,926,952,909,864,846,936,954,975,986,0.001953125,0.4747540288817496,0.6298048340782407,0.521953243397775,0.6354488510569284,0.6028618589357537,0.4426855941617259,0.42494834137159854,0.35359250070550957,0.18072739599351742,0.41696474221742225,0.4939533828794047,0.1928680033375826,0.09886941763338178,0.06310740008360746,0.06738988866830514,0.08856081288089558,0.121286546370842,0.10366292585715312,0.1201965566030836,0.1262525743278689,0.18657200365764454,0.10066175843793117,0.055000499376284075,0.04597110271851492,0.06354413470702125,0.055285858807492816,0.07485846834662813,0.08041682373453195,0.04632242666262274,0.04130524605968086,0.04688517142249142,0.06750300647963069,0.04898412579681427,0.02376079113397742,0.021836601342771385,0.04334441605697685,0.05156397961892221,0.027500249688142037,0.04501730692037543,0.0324624416769427,0.0166875073150733,0.020600608505594715,0.023212625632821705,0.013566839833447074,0.009814331661250869,0.0048828125,0.0485146185483368,0.04200354134298158,0.027361183058831836,0.035814689103305174,0.004026470337517247,0.009003461384075085,0.013982247132105814,0.020899350155305366,0.019555648822754675,0.019628663322501738,0.018425744398548053,0.022545696055889054,0.025409398107925172,0.02568934851165216,0.023840928936979887,0.0192608231673008,0.04820896502811517,0.058675073772655476,0.01800692276815017,0.020899350155305366,0.011759369705851851,0.0,0.025855863857175247,0.013282686043686957,0.013101960805662831,0.01824369305885684,0.006905339660024878,0.011048543456039806,0.016370170521718956,0.016630260122975003,0.02286074201312427,0.01441877251975918,0.02157297073669387,0.01516032685181643,0.012732817197661424,0.022714264354712906,0.01589728573837862,0.017304731588544287,0.014517645261053229,0.011388577919619728,0.014517645261053229,0.016016815885602272,0.0021836601342771385,0.006176323555016366,0.0166015625,0.0048828125,0.021506558149946522,0.007873298582322802,0.009003461384075085,0.01019561182510796,0.011430371006562134,0.0048828125,0.007873298582322802,0.008286407592029853,0.0068359375,0.0009765625,0.00834375365753665,0.005258950006967289,0.013982247132105814,0.005940197783494355,0.011134525635733769,0.008843149548962322,0.006176323555016366,0.005258950006967289,0.00834375365753665,0.003088161777508183,0.004367320268554277,0.011430371006562134,0.011430371006562134,0.01760523083722651,0.01313830473347042,0.014938533731228863,0.010054326309557618,0.004979511243742954,0.008734640537108554,0.018961413905222265,0.0126953125,0.012732817197661424,0.020132351687586234,0.010381001770248682,0.010054326309557618,0.017578125,1,1,1.0
4.296875,3.3151609897613525,9.0,0.047688838094472885,39.63700866699219,0.78125,17.107507705688477,2.690429449081421,1.5625,0.9288765788078308,0.14931829273700714,23379.0,423410.0,5971915776.0,18.11069679260254,0.023434579372406006,1.0180033445358276,3.8116188049316406,5.346469606593018e-06,0.0,0.026598628610372543,923,890,828,810,699,571,568,798,1239,1464,1417,1354,1376,1309,1289,1245,1157,1146,1094,1040,989,920,827,797,718,640,555,463,491,687,1051,1324,1550,1535,1516,1479,1467,1433,1370,1384,1337,1293,1245,1193,1118,1101,1050,1002,890,863,791,712,652,584,588,798,1129,1360,1510,1614,1608,1627,1644,1582,1560,1519,1487,1437,1440,1402,1370,1305,1293,1256,1195,1133,1115,1016,1015,940,889,812,747,667,624,542,475,384,270,232,136,54,0,0,0,0,0,0,0,0,8,204,334,443,539,759,810,892,1037,1066,1022,1082,1082,1023,999,989,1034,1000,1005,968,1004,984,968,956,958,910,847,943,983,953,951,1003,1021,1036,1002,990,912,895,863,876,942,910,875,912,891,841,827,840,830,842,845,878,967,952,927,921,938,862,854,861,935,904,905,956,1005,922,975,955,1007,970,952,937,990,956,940,1016,990,1004,984,999,999,908,923,968,950,878,840,848,919,860,844,891,876,891,907,956,987,957,903,921,941,901,875,903,940,906,906,919,973,924,887,874,906,871,843,938,984,960,924,909,903,908,892,907,925,919,863,892,943,907,847,908,939,923,879,892,888,907,894,908,965,911,888,921,999,974,992,1003,1072,1052,1017,1019,1034,952,943,926,0.001953125,0.44371844972016916,0.6290919817455807,0.551571110558232,0.6117008523283729,0.5963471480266109,0.47185757838545433,0.40378231899479267,0.33071026284967564,0.16292212019408278,0.4138655284004027,0.5206204805945048,0.22577398479876742,0.13137578840227873,0.09490760727390103,0.09205105268963268,0.12035117580471794,0.12852096778407893,0.07165600128064117,0.09532870795849042,0.12440731683047035,0.2119950522079337,0.13041040635038545,0.08479802088317348,0.058070581044212914,0.09048366706951955,0.07905332248179173,0.09095147618652384,0.058991165275542795,0.021506558149946522,0.051164792568084906,0.06936344084796782,0.09078355270853203,0.06944588553734776,0.0318844291353799,0.040794137840244965,0.05078125,0.05899924791794225,0.027361183058831836,0.030649130520459405,0.01875915303935405,0.034402177644157296,0.0352916230460794,0.03876842429937345,0.02489755621871477,0.01824369305885684,0.013101960805662831,0.05694288959809864,0.04576318169476555,0.0283875817456028,0.026294750034836445,0.014938533731228863,0.011134525635733769,0.019773883526676354,0.029700988917471777,0.01824369305885684,0.014906579611790769,0.023478154844084585,0.01441877251975918,0.016105881350068987,0.01878455474772592,0.006176323555016366,0.0021836601342771385,0.035507146411519225,0.0616473207112759,0.029313146523053973,0.019457869965987574,0.007437278423695223,0.013282686043686957,0.013879560940968648,0.014778072217208551,0.004979511243742954,0.010563138502335907,0.0021836601342771385,0.007042092334890604,0.01179984958358845,0.012506102026236032,0.018961413905222265,0.013282686043686957,0.02231183527108567,0.013028968812623373,0.015655487833868553,0.018657200365764452,0.011134525635733769,0.014778072217208551,0.013982247132105814,0.005258950006967289,0.013566839833447074,0.009618025197066508,0.005694288959809864,0.008052940675034493,0.008400708268596315,0.003521046167445302,0.0208765218031562,0.0009765625,0.003088161777508183,0.013879560940968648,0.004367320268554277,0.0021836601342771385,0.0048828125,0.007627196949127592,0.0021836601342771385,0.006253051013118016,0.009814331661250869,0.004367320268554277,0.009814331661250869,0.003521046167445302,0.009264485332524549,0.008400708268596315,0.004367320268554277,0.005859375,0.005694288959809864,0.0021836601342771385,0.008052940675034493,0.00834375365753665,0.011430371006562134,0.020600608505594715,0.005940197783494355,0.013601941676937616,0.004367320268554277,0.006176323555016366,0.001953125,0.022545696055889054,0.00966747552403483,0.003088161777508183,0.009212872199274027,0.00966747552403483,0.004367320268554277,0.005859375,1,1,1.0
4.296875,3.177535057067871,8.0,0.06081646680831909,33.63414001464844,1.5625,16.410085678100586,2.7980778217315674,0.78125,0.9120662808418274,0.1504223346710205,23726.0,414981.0,5902518272.0,17.490558624267578,0.027117274701595306,1.0576698780059814,3.752019166946411,5.268431323202094e-06,0.0,0.021625371649861336,1303,1273,1211,1193,1196,1130,1086,1050,923,890,828,810,699,571,568,798,1239,1464,1417,1354,1376,1309,1289,1245,1157,1146,1094,1040,989,920,827,797,718,640,555,463,491,687,1051,1324,1550,1535,1516,1479,1467,1433,1370,1384,1337,1293,1245,1193,1118,1101,1050,1002,890,863,791,712,652,584,588,798,1129,1360,1510,1614,1608,1627,1644,1582,1560,1519,1487,1437,1440,1402,1370,1305,1293,1256,1195,1133,1115,1016,1015,940,889,812,747,667,624,542,475,384,270,232,136,54,0,0,0,0,0,0,0,0,8,204,334,443,539,759,810,892,1037,1066,1022,1082,1082,1023,999,989,1034,1000,1005,968,1004,984,968,956,958,910,847,943,983,953,951,1003,1021,1036,1002,990,912,895,863,876,942,910,875,912,891,841,827,840,830,842,845,878,967,952,927,921,938,862,854,861,935,904,905,956,1005,922,975,955,1007,970,952,937,990,956,940,1016,990,1004,984,999,999,908,923,968,950,878,840,848,919,860,844,891,876,891,907,956,987,957,903,921,941,901,875,903,940,906,906,919,973,924,887,874,906,871,843,938,984,960,924,909,903,908,892,907,925,919,863,892,943,907,847,908,939,923,879,892,888,907,894,908,965,911,888,921,999,974,992,1003,0.00341796875,0.4901779567884393,0.6037565571367689,0.5366030994622926,0.6568695050707519,0.5507821157462167,0.49845074005240386,0.42797287514555354,0.284776408510674,0.12481676022398795,0.3991895571671052,0.5538926137690325,0.26005916215789365,0.1631210198044715,0.12051351029884899,0.12341061069862597,0.13248537954603531,0.10024403359787881,0.08631950784198222,0.12058866437838384,0.14058769578992156,0.20305456260696977,0.11237260174764646,0.06842212521720062,0.0567751634912056,0.08567075077914574,0.08022685311930028,0.09840533018484854,0.06284238493436003,0.0146484375,0.05374643713209771,0.07529670518047357,0.09568817644733547,0.06917068776158118,0.026057937625246747,0.033730304764004966,0.043013116299893045,0.05286081485439202,0.028721564784868637,0.04311277354422679,0.019555648822754675,0.0318844291353799,0.033203125,0.04898412579681427,0.0388789633542859,0.032033631771204545,0.027759121881937295,0.06543697487402717,0.04577360017678893,0.025559086578715626,0.013879560940968648,0.020716018980074635,0.01179984958358845,0.01019561182510796,0.0192608231673008,0.011388577919619728,0.0126953125,0.02003738723504218,0.01824369305885684,0.020967686087484266,0.023518739411703703,0.007042092334890604,0.004026470337517247,0.03527810911755555,0.0634765625,0.03371616504225013,0.01792730444402912,0.01284467425582608,0.013282686043686957,0.016164985700436375,0.017387200990981306,0.009765625,0.01760523083722651,0.007109482313750506,0.013982247132105814,0.013566839833447074,0.014906579611790769,0.015440808887540914,0.006176323555016366,0.031081700122733494,0.0029296875,0.019773883526676354,0.013706707859002147,0.013566839833447074,0.007873298582322802,0.009003461384075085,0.011759369705851851,0.013282686043686957,0.016630260122975003,0.003088161777508183,0.0013810679320049757,0.0126953125,0.005859375,0.015440808887540914,0.0065509804028314154,0.007627196949127592,0.0170549308560283,0.0048828125,0.007437278423695223,0.009003461384075085,0.012732817197661424,0.006905339660024878,0.0065509804028314154,0.01242961138804478,0.005524271728019903,0.017578125,0.009264485332524549,0.01528562093993997,0.001953125,0.007042092334890604,0.01179984958358845,0.006253051013118016,0.007109482313750506,0.01242961138804478,0.005258950006967289,0.004367320268554277,0.0126953125,0.012079411012551739,0.013566839833447074,0.009814331661250869,0.0,0.0078125,0.0166875073150733,0.015655487833868553,0.009264485332524549,0.004979511243742954,0.01516032685181643,0.007873298582322802,0.0009765625,1,1,1.0
4.296875,3.298130512237549,8.0,0.06558576971292496,31.255760192871094,0.78125,16.274850845336914,2.8510591983795166,1.5625,0.9054453372955322,0.15233749151229858,24334.0,452437.0,6128974336.0,18.592792510986328,0.02896890975534916,1.1836804151535034,3.726649284362793,1.5731235180282965e-05,0.0,0.0252710971981287,535,714,1004,1292,1432,1357,1372,1340,1303,1273,1211,1193,1196,1130,1086,1050,923,890,828,810,699,571,568,798,1239,1464,1417,1354,1376,1309,1289,1245,1157,1146,1094,1040,989,920,827,797,718,640,555,463,491,687,1051,1324,1550,1535,1516,1479,1467,1433,1370,1384,1337,1293,1245,1193,1118,1101,1050,1002,890,863,791,712,652,584,588,798,1129,1360,1510,1614,1608,1627,1644,1582,1560,1519,1487,1437,1440,1402,1370,1305,1293,1256,1195,1133,1115,1016,1015,940,889,812,747,667,624,542,475,384,270,232,136,54,0,0,0,0,0,0,0,0,8,204,334,443,539,759,810,892,1037,1066,1022,1082,1082,1023,999,989,1034,1000,1005,968,1004,984,968,956,958,910,847,943,983,953,951,1003,1021,1036,1002,990,912,895,863,876,942,910,875,912,891,841,827,840,830,842,845,878,967,952,927,921,938,862,854,861,935,904,905,956,1005,922,975,955,1007,970,952,937,990,956,940,1016,990,1004,984,999,999,908,923,968,950,878,840,848,919,860,844,891,876,891,907,956,987,957,903,921,941,901,875,903,940,906,906,919,973,924,887,874,906,871,843,938,984,960,924,909,903,908,892,907,925,919,863,892,943,907,847,908,939,923,879,892,888,907,894,908,0.0,0.5070795491729607,0.5970951014031424,0.5287055622302484,0.681420932988589,0.5250610679349929,0.5212557287839041,0.4414462181158307,0.24747141971682338,0.10936192025586777,0.41544672075153405,0.6029116870996998,0.2762170390492462,0.16998360049862624,0.11328125,0.12813452708481818,0.08196728346774725,0.1064453125,0.13002958107894683,0.11404059212768071,0.07203431096058605,0.19339882804570746,0.17890561032909663,0.13602642789882435,0.10014885314193334,0.13304208098380002,0.10008693730717935,0.06397788810218437,0.06508626055840482,0.07888425010450933,0.060546875,0.0185803687406645,0.05342609127574192,0.08250074906442612,0.07352160244030746,0.07764746633548524,0.086963425237864,0.0812485914841855,0.034637007521422264,0.015776850020901866,0.045908825287277966,0.021683206358568866,0.014938533731228863,0.033673710253059895,0.04145504936873266,0.04280196679845923,0.04007477447008436,0.082546974449235,0.05784845007664018,0.031988944051092184,0.0013810679320049757,0.027238917345666705,0.013982247132105814,0.005859375,0.022269051271467537,0.026294750034836445,0.026565372087373914,0.03676080122015373,0.025409398107925172,0.022269051271467537,0.017387200990981306,0.013982247132105814,0.015254393898255184,0.03234471711265468,0.049042498162069216,0.021683206358568866,0.02298555135925746,0.006176323555016366,0.013028968812623373,0.018961413905222265,0.01284467425582608,0.0065509804028314154,0.010563138502335907,0.0048828125,0.005694288959809864,0.01708286687942959,0.01792730444402912,0.02039122365021592,0.003088161777508183,0.03385729652999944,0.0009765625,0.019773883526676354,0.01800692276815017,0.019555648822754675,0.0146484375,0.01760523083722651,0.016253239235442616,0.02286074201312427,0.009765625,0.013982247132105814,0.015655487833868553,0.003088161777508183,0.012732817197661424,0.030586835475323877,0.009618025197066508,0.009003461384075085,0.013810679320049757,0.01313830473347042,0.00834375365753665,0.007042092334890604,0.0029296875,0.006253051013118016,0.013601941676937616,0.013706707859002147,0.005258950006967289,0.011759369705851851,0.009814331661250869,0.015655487833868553,0.004026470337517247,0.009618025197066508,0.014938533731228863,0.006253051013118016,0.009264485332524549,0.01313830473347042,0.009003461384075085,0.006176323555016366,0.015655487833868553,0.01516032685181643,0.020600608505594715,0.011430371006562134,0.009618025197066508,0.009003461384075085,0.0285216442705278,0.009618025197066508,0.00390625,0.01760523083722651,0.0009765625,0.009212872199274027,0.0146484375,1,1,1.0
4.296875,3.646263599395752,8.0,0.0727214515209198,25.70665168762207,4.296875,16.82370948791504,3.0568675994873047,1.5625,0.892557680606842,0.15614010393619537,25564.0,486890.0,6665212416.0,19.045923233032227,0.03472088277339935,1.2773901224136353,3.7751269340515137,0.0,0.0,0.030182935297489166,744,671,585,505,524,494,441,381,535,714,1004,1292,1432,1357,1372,1340,1303,1273,1211,1193,1196,1130,1086,1050,923,890,828,810,699,571,568,798,1239,1464,1417,1354,1376,1309,1289,1245,1157,1146,1094,1040,989,920,827,797,718,640,555,463,491,687,1051,1324,1550,1535,1516,1479,1467,1433,1370,1384,1337,1293,1245,1193,1118,1101,1050,1002,890,863,791,712,652,584,588,798,1129,1360,1510,1614,1608,1627,1644,1582,1560,1519,1487,1437,1440,1402,1370,1305,1293,1256,1195,1133,1115,1016,1015,940,889,812,747,667,624,542,475,384,270,232,136,54,0,0,0,0,0,0,0,0,8,204,334,443,539,759,810,892,1037,1066,1022,1082,1082,1023,999,989,1034,1000,1005,968,1004,984,968,956,958,910,847,943,983,953,951,1003,1021,1036,1002,990,912,895,863,876,942,910,875,912,891,841,827,840,830,842,845,878,967,952,927,921,938,862,854,861,935,904,905,956,1005,922,975,955,1007,970,952,937,990,956,940,1016,990,1004,984,999,999,908,923,968,950,878,840,848,919,860,844,891,876,891,907,956,987,957,903,921,941,901,875,903,940,906,906,919,973,924,887,874,906,871,843,938,984,960,924,909,903,908,892,907,925,919,863,892,943,907,847,908,0.00146484375,0.4506304245620968,0.6668177274584353,0.4746455426034055,0.7006929509937042,0.5412323995992633,0.5045011099433598,0.5097478520009956,0.18352361110363846,0.09314788741922203,0.43463175478566496,0.6658595285367358,0.2952159905545456,0.1760468912948204,0.10291041387387093,0.11720377491154295,0.029264304812054096,0.1570839560957621,0.12476326459492318,0.07237112231894104,0.07996490662474325,0.23281544933115075,0.17962379985028779,0.1308192860701745,0.07152278681093967,0.10321115305168242,0.07354754056157317,0.05862629304610795,0.06652104049190001,0.060531121942623965,0.04752158226795484,0.03221176270013797,0.06287272891726513,0.07632821495964505,0.06129826104091881,0.0667500292602932,0.07584565562088906,0.07203431096058605,0.027010384152225255,0.019236050394133015,0.035224001556389516,0.020716018980074635,0.02003738723504218,0.03908690643787012,0.03665688355297551,0.03316001337177665,0.028588439781844624,0.0685822260393728,0.04794116292434991,0.02756951994822872,0.013810679320049757,0.020132351687586234,0.010918300671385692,0.010381001770248682,0.02132844694125152,0.013706707859002147,0.016253239235442616,0.025334222209126653,0.018657200365764452,0.019186408891004394,0.01886055460530075,0.005258950006967289,0.007042092334890604,0.03144773864864183,0.053932426841734674,0.027500249688142037,0.01760523083722651,0.0065509804028314154,0.00834375365753665,0.019236050394133015,0.0126953125,0.0078125,0.013282686043686957,0.004026470337517247,0.013282686043686957,0.009765625,0.011134525635733769,0.011388577919619728,0.013601941676937616,0.023212625632821705,0.010381001770248682,0.010918300671385692,0.021126277004671814,0.0146484375,0.015746597164645604,0.013706707859002147,0.005940197783494355,0.0126953125,0.010517900013934578,0.00390625,0.008052940675034493,0.00834375365753665,0.004026470337517247,0.02161713244255728,0.0013810679320049757,0.0009765625,0.0146484375,0.007873298582322802,0.0013810679320049757,0.0068359375,0.0065509804028314154,0.003088161777508183,0.004979511243742954,0.007042092334890604,0.007042092334890604,0.009959022487485907,0.0021836601342771385,0.00834375365753665,0.007109482313750506,0.003521046167445302,0.006905339660024878,0.0048828125,0.003521046167445302,0.009814331661250869,0.005258950006967289,0.007873298582322802,0.017304731588544287,0.008843149548962322,0.013982247132105814,0.007042092334890604,0.0048828125,0.004367320268554277,0.02231183527108567,0.010381001770248682,0.0009765625,0.012236293052872722,0.0065509804028314154,0.005524271728019903,0.0087890625,1,1,1.0
4.296875,3.1157729625701904,8.0,0.07016713917255402,36.49656295776367,0.78125,18.778705596923828,2.949047803878784,1.5625,0.9050350189208984,0.15911677479743958,26548.0,514820.0,7857569280.0,19.392044067382812,0.024797813966870308,1.1041834354400635,3.9898340702056885,2.648427425810951e-06,0.0,0.020027535036206245,1207,1144,1096,1023,953,926,877,813,744,671,585,505,524,494,441,381,535,714,1004,1292,1432,1357,1372,1340,1303,1273,1211,1193,1196,1130,1086,1050,923,890,828,810,699,571,568,798,1239,1464,1417,1354,1376,1309,1289,1245,1157,1146,1094,1040,989,920,827,797,718,640,555,463,491,687,1051,1324,1550,1535,1516,1479,1467,1433,1370,1384,1337,1293,1245,1193,1118,1101,1050,1002,890,863,791,712,652,584,588,798,1129,1360,1510,1614,1608,1627,1644,1582,1560,1519,1487,1437,1440,1402,1370,1305,1293,1256,1195,1133,1115,1016,1015,940,889,812,747,667,624,542,475,384,270,232,136,54,0,0,0,0,0,0,0,0,8,204,334,443,539,759,810,892,1037,1066,1022,1082,1082,1023,999,989,1034,1000,1005,968,1004,984,968,956,958,910,847,943,983,953,951,1003,1021,1036,1002,990,912,895,863,876,942,910,875,912,891,841,827,840,830,842,845,878,967,952,927,921,938,862,854,861,935,904,905,956,1005,922,975,955,1007,970,952,937,990,956,940,1016,990,1004,984,999,999,908,923,968,950,878,840,848,919,860,844,891,876,891,907,956,987,957,903,921,941,901,875,903,940,906,906,919,973,924,887,874,906,871,843,938,984,960,924,909,903,908,892,907,0.0009765625,0.4721656964946618,0.6298048340782407,0.5128887283975786,0.6639167176837917,0.5734783771299878,0.4680465506200887,0.5274106583711373,0.18615750672366213,0.07330075783123127,0.42962202093419516,0.7004737885477106,0.31154792713301577,0.18047657078562598,0.09502811216714126,0.09925449958806182,0.036773770280786586,0.16911175417572435,0.0956532874061397,0.07050889455540897,0.09675856946110849,0.20993368282408145,0.1664774138106489,0.1308192860701745,0.09365331114268348,0.12643373320281878,0.08493848482056458,0.03984805813106087,0.08634160139438958,0.06867949598639547,0.027930370402490412,0.04412938878005861,0.0791015625,0.06861003152441522,0.04599184312233053,0.05386164934819405,0.08008407942801135,0.08493848482056458,0.04099236691760812,0.010381001770248682,0.04789140560640324,0.016370170521718956,0.00834375365753665,0.04555431167847891,0.04712862700005334,0.03986002271866904,0.029813159223581537,0.06121263259458914,0.0436404354912194,0.0283875817456028,0.019555648822754675,0.024954945974962183,0.016370170521718956,0.00834375365753665,0.017578125,0.017686299097924643,0.020320949264340638,0.028117539157984314,0.017387200990981306,0.015440808887540914,0.01589728573837862,0.0065509804028314154,0.0009765625,0.029877067462457725,0.0546875,0.0332174831087792,0.012236293052872722,0.012732817197661424,0.008400708268596315,0.022777155839239456,0.013879560940968648,0.004979511243742954,0.016630260122975003,0.010918300671385692,0.019236050394133015,0.017953883116064683,0.016253239235442616,0.0009765625,0.022798081113142094,0.01516032685181643,0.020320949264340638,0.014517645261053229,0.019652941208494246,0.004367320268554277,0.008052940675034493,0.0068359375,0.012352647110032733,0.01878455474772592,0.010517900013934578,0.012732817197661424,0.01441877251975918,0.007437278423695223,0.007109482313750506,0.02286074201312427,0.0048828125,0.006253051013118016,0.015746597164645604,0.007873298582322802,0.005694288959809864,0.011920464468489943,0.009003461384075085,0.007627196949127592,0.009959022487485907,0.009814331661250869,0.005258950006967289,0.010381001770248682,0.007873298582322802,0.01242961138804478,0.0048828125,0.0013810679320049757,0.004367320268554277,0.009618025197066508,0.004026470337517247,0.011134525635733769,0.0048828125,0.008052940675034493,0.01313830473347042,0.012352647110032733,0.01680141653719263,0.011430371006562134,0.00834375365753665,0.007627196949127592,0.027361183058831836,0.006176323555016366,0.003088161777508183,0.014517645261053229,0.010054326309557618,0.003088161777508183,0.0048828125,1,1,1.0
4.296875,3.2705135345458984,8.0,0.06683428585529327,33.07961654663086,1.5625,17.6762638092041,3.020672559738159,4.296875,0.9057837724685669,0.15983138978481293,26787.0,514498.0,7833469440.0,19.207002639770508,0.027381930500268936,1.1131573915481567,3.8775246143341064,1.166590891443775e-06,2.734375,0.023273160681128502,635,651,727,832,983,1080,1117,1228,1207,1144,1096,1023,953,926,877,813,744,671,585,505,524,494,441,381,535,714,1004,1292,1432,1357,1372,1340,1303,1273,1211,1193,1196,1130,1086,1050,923,890,828,810,699,571,568,798,1239,1464,1417,1354,1376,1309,1289,1245,1157,1146,1094,1040,989,920,827,797,718,640,555,463,491,687,1051,1324,1550,1535,1516,1479,1467,1433,1370,1384,1337,1293,1245,1193,1118,1101,1050,1002,890,863,791,712,652,584,588,798,1129,1360,1510,1614,1608,1627,1644,1582,1560,1519,1487,1437,1440,1402,1370,1305,1293,1256,1195,1133,1115,1016,1015,940,889,812,747,667,624,542,475,384,270,232,136,54,0,0,0,0,0,0,0,0,8,204,334,443,539,759,810,892,1037,1066,1022,1082,1082,1023,999,989,1034,1000,1005,968,1004,984,968,956,958,910,847,943,983,953,951,1003,1021,1036,1002,990,912,895,863,876,942,910,875,912,891,841,827,840,830,842,845,878,967,952,927,921,938,862,854,861,935,904,905,956,1005,922,975,955,1007,970,952,937,990,956,940,1016,990,1004,984,999,999,908,923,968,950,878,840,848,919,860,844,891,876,891,907,956,987,957,903,921,941,901,875,903,940,906,906,919,973,924,887,874,906,871,843,938,0.0029296875,0.4657148645716688,0.6455550876221061,0.4978409883880979,0.6793906780493902,0.557411062219935,0.4736881813641359,0.5088968290980164,0.21353471946270383,0.04673236763283359,0.4074150399414678,0.7262086724555877,0.3367342704152197,0.19426722246211411,0.0969948304362024,0.07936635848937056,0.07232498617689657,0.1687419748164084,0.06967210539741003,0.10731973126708005,0.09322464290846147,0.17967157707982517,0.20264083674279554,0.1706750772509827,0.10748400192096176,0.11422859535628682,0.0485735551384605,0.05137869702330432,0.07734596942838332,0.0352916230460794,0.05960232234244972,0.04225255400934363,0.04712862700005334,0.08006621481550638,0.07489031082046033,0.07565050940181373,0.06726240374110376,0.0595703125,0.02638526579317636,0.022269051271467537,0.028854075591199527,0.0324624416769427,0.022482157096135425,0.03340357690720131,0.04632242666262274,0.04627092867375834,0.03951157875809357,0.06314516859502817,0.03889122607761695,0.026294750034836445,0.02229045353615884,0.024492062898407135,0.0170549308560283,0.006905339660024878,0.020132351687586234,0.019457869965987574,0.017387200990981306,0.02286074201312427,0.01188039556698871,0.018961413905222265,0.025781989809461104,0.003088161777508183,0.00966747552403483,0.022545696055889054,0.04606436099637014,0.025390625,0.022032254243512652,0.003521046167445302,0.013566839833447074,0.014517645261053229,0.014874556847390447,0.007109482313750506,0.013601941676937616,0.004367320268554277,0.013282686043686957,0.014778072217208551,0.016016815885602272,0.006253051013118016,0.0185803687406645,0.01878455474772592,0.01933495104806966,0.01188039556698871,0.020762003540497363,0.0048828125,0.008400708268596315,0.006905339660024878,0.01188039556698871,0.01878455474772592,0.007873298582322802,0.009618025197066508,0.011920464468489943,0.009264485332524549,0.0027621358640099515,0.021506558149946522,0.0009765625,0.0,0.014517645261053229,0.007873298582322802,0.0009765625,0.005940197783494355,0.007437278423695223,0.004367320268554277,0.004026470337517247,0.005524271728019903,0.008400708268596315,0.007627196949127592,0.004026470337517247,0.0107421875,0.004979511243742954,0.0021836601342771385,0.0065509804028314154,0.006176323555016366,0.0021836601342771385,0.010381001770248682,0.0041432037960149265,0.006905339660024878,0.01516032685181643,0.010517900013934578,0.015440808887540914,0.006905339660024878,0.006253051013118016,0.003088161777508183,0.02286074201312427,0.011388577919619728,0.0029296875,0.011388577919619728,0.005940197783494355,0.007109482313750506,0.01171875,1,1,1.0
4.296875,3.121347427368164,8.0,0.07232093065977097,38.45930862426758,1.5625,19.531320571899414,3.0172131061553955,4.296875,0.9041693210601807,0.16077730059623718,27105.0,552997.0,8168969728.0,20.402029037475586,0.023509765043854713,1.142572283744812,4.048519611358643,1.0376278623880353e-05,0.0,0.020021753385663033,1152,1083,1037,967,886,857,792,718,635,651,727,832,983,1080,1117,1228,1207,1144,1096,1023,953,926,877,813,744,671,585,505,524,494,441,381,535,714,1004,1292,1432,1357,1372,1340,1303,1273,1211,1193,1196,1130,1086,1050,923,890,828,810,699,571,568,798,1239,1464,1417,1354,1376,1309,1289,1245,1157,1146,1094,1040,989,920,827,797,718,640,555,463,491,687,1051,1324,1550,1535,1516,1479,1467,1433,1370,1384,1337,1293,1245,1193,1118,1101,1050,1002,890,863,791,712,652,584,588,798,1129,1360,1510,1614,1608,1627,1644,1582,1560,1519,1487,1437,1440,1402,1370,1305,1293,1256,1195,1133,1115,1016,1015,940,889,812,747,667,624,542,475,384,270,232,136,54,0,0,0,0,0,0,0,0,8,204,334,443,539,759,810,892,1037,1066,1022,1082,1082,1023,999,989,1034,1000,1005,968,1004,984,968,956,958,910,847,943,983,953,951,1003,1021,1036,1002,990,912,895,863,876,942,910,875,912,891,841,827,840,830,842,845,878,967,952,927,921,938,862,854,861,935,904,905,956,1005,922,975,955,1007,970,952,937,990,956,940,1016,990,1004,984,999,999,908,923,968,950,878,840,848,919,860,844,891,876,891,907,956,987,957,903,921,941,901,875,903,940,906,906,919,0.0029296875,0.4698402441697645,0.6326414277348787,0.5061656363565415,0.675358458106534,0.5577497174490124,0.48837889648632765,0.5027106243175669,0.213697671117664,0.0441185820237364,0.38891226077616947,0.7187526536975468,0.35893022961155546,0.21707383069737543,0.11673905079897348,0.08347181893108634,0.09488750824629871,0.1734464076048713,0.06720566614877052,0.1295446137274753,0.08400708268596316,0.18339885350059315,0.2202727586330202,0.17528684812608322,0.08963120238737317,0.09593204445502197,0.05258950006967289,0.05899924791794225,0.06718437719850338,0.05206094896586656,0.04515479695975348,0.03936649291161401,0.06055474999190428,0.06800269671310033,0.06839424333942629,0.07679532520053711,0.08029220621521276,0.06284238493436003,0.01708286687942959,0.029133659941750583,0.02229045353615884,0.03712222228271135,0.028920103310470405,0.027964494264211628,0.0492656181860525,0.0510995134841841,0.04216217411117754,0.059833881570470274,0.03866990209613932,0.029813159223581537,0.02003738723504218,0.02638526579317636,0.012732817197661424,0.007627196949127592,0.02417855156863271,0.016630260122975003,0.012506102026236032,0.021683206358568866,0.019236050394133015,0.0185546875,0.01824369305885684,0.004979511243742954,0.0041432037960149265,0.02489755621871477,0.04789140560640324,0.03234471711265468,0.02315091717017519,0.010054326309557618,0.019555648822754675,0.007873298582322802,0.021683206358568866,0.012732817197661424,0.014778072217208551,0.005524271728019903,0.005859375,0.01878455474772592,0.022482157096135425,0.010563138502335907,0.025353037081537442,0.015746597164645604,0.025781989809461104,0.019749754312653012,0.015440808887540914,0.007437278423695223,0.009003461384075085,0.015440808887540914,0.009264485332524549,0.01313830473347042,0.0126953125,0.00390625,0.007873298582322802,0.0009765625,0.009618025197066508,0.0283203125,0.006176323555016366,0.007873298582322802,0.017469281074217108,0.011134525635733769,0.007042092334890604,0.009264485332524549,0.0009765625,0.0013810679320049757,0.004979511243742954,0.006905339660024878,0.011134525635733769,0.007109482313750506,0.005258950006967289,0.011920464468489943,0.004026470337517247,0.005694288959809864,0.007042092334890604,0.0107421875,0.005694288959809864,0.014084184669781208,0.0013810679320049757,0.0009765625,0.014778072217208551,0.011759369705851851,0.01528562093993997,0.0009765625,0.0041432037960149265,0.008400708268596315,0.020108652619115236,0.014084184669781208,0.004979511243742954,0.018961413905222265,0.009003461384075085,0.0013810679320049757,0.00390625,1,1,1.0
4.296875,3.2444539070129395,8.0,0.07973462343215942,36.42739486694336,1.5625,18.87221336364746,3.0711591243743896,4.296875,0.895677387714386,0.16121861338615417,27254.0,541700.0,7994782720.0,19.8759822845459,0.02458801679313183,1.1326357126235962,3.9748425483703613,1.0319296052330174e-05,0.0,0.021630115807056427,697,1020,1275,1336,1336,1288,1212,1207,1152,1083,1037,967,886,857,792,718,635,651,727,832,983,1080,1117,1228,1207,1144,1096,1023,953,926,877,813,744,671,585,505,524,494,441,381,535,714,1004,1292,1432,1357,1372,1340,1303,1273,1211,1193,1196,1130,1086,1050,923,890,828,810,699,571,568,798,1239,1464,1417,1354,1376,1309,1289,1245,1157,1146,1094,1040,989,920,827,797,718,640,555,463,491,687,1051,1324,1550,1535,1516,1479,1467,1433,1370,1384,1337,1293,1245,1193,1118,1101,1050,1002,890,863,791,712,652,584,588,798,1129,1360,1510,1614,1608,1627,1644,1582,1560,1519,1487,1437,1440,1402,1370,1305,1293,1256,1195,1133,1115,1016,1015,940,889,812,747,667,624,542,475,384,270,232,136,54,0,0,0,0,0,0,0,0,8,204,334,443,539,759,810,892,1037,1066,1022,1082,1082,1023,999,989,1034,1000,1005,968,1004,984,968,956,958,910,847,943,983,953,951,1003,1021,1036,1002,990,912,895,863,876,942,910,875,912,891,841,827,840,830,842,845,878,967,952,927,921,938,862,854,861,935,904,905,956,1005,922,975,955,1007,970,952,937,990,956,940,1016,990,1004,984,999,999,908,923,968,950,878,840,848,919,860,844,891,876,891,907,956,987,957,903,921,0.001953125,0.47765088478596623,0.6167747952626542,0.518255747460065,0.6775408641695562,0.5528491005606527,0.526160601273527,0.47638736696188627,0.23982315223544312,0.051794650805375465,0.33727618673018395,0.7443949747808645,0.4087401147982817,0.24490700027099732,0.12457584898718894,0.05064020375962568,0.13595279300650476,0.11674721979592544,0.1295298894021575,0.12500381463905974,0.0522803078684538,0.2328482171637312,0.16101439777704324,0.1262185780920004,0.1258250663685903,0.15759310437913063,0.07391616980533695,0.05258950006967289,0.10291041387387093,0.020600608505594715,0.09860863719815889,0.042979845868487083,0.059450122090720404,0.11469101903022488,0.054635159104294395,0.03489759450235476,0.08424514385230351,0.1000726435974489,0.04018171994422067,0.0439561618551832,0.03149319432929121,0.04820896502811517,0.05286081485439202,0.008734640537108554,0.06132936901604524,0.0728766922140845,0.05811162322973375,0.04033569614856129,0.048602996633317595,0.04961283514015835,0.01760523083722651,0.029700988917471777,0.008400708268596315,0.030289184412638327,0.033730304764004966,0.009814331661250869,0.032285693857063556,0.047330550062705604,0.026294750034836445,0.008052940675034493,0.032359456105040804,0.026240290708094537,0.029523860269201122,0.011920464468489943,0.03406789754396955,0.007873298582322802,0.032285693857063556,0.014517645261053229,0.005258950006967289,0.02763861659782208,0.01516032685181643,0.005694288959809864,0.026294750034836445,0.01589728573837862,0.019918044974971814,0.009765625,0.02132844694125152,0.018657200365764452,0.0244140625,0.021484375,0.032638232357555474,0.025390625,0.010054326309557618,0.014938533731228863,0.015655487833868553,0.020132351687586234,0.0009765625,0.007873298582322802,0.01875915303935405,0.0146484375,0.018961413905222265,0.013706707859002147,0.006253051013118016,0.013601941676937616,0.00834375365753665,0.006905339660024878,0.011759369705851851,0.006253051013118016,0.009814331661250869,0.016105881350068987,0.01528562093993997,0.013601941676937616,0.01589728573837862,0.0170549308560283,0.009212872199274027,0.01792730444402912,0.0087890625,0.011048543456039806,0.012506102026236032,0.012352647110032733,0.013566839833447074,0.0166015625,0.01188039556698871,0.02132844694125152,0.0078125,0.007109482313750506,0.022269051271467537,0.010563138502335907,0.0087890625,0.011430371006562134,0.0078125,0.016105881350068987,0.032754902014157074,0.0021836601342771385,0.008843149548962322,0.007042092334890604,0.013282686043686957,0.014680953494504793,0.017578125,1,1,1.0
4.6875,3.7362728118896484,8.0,0.08179923892021179,24.26762580871582,1.5625,19.702985763549805,3.290201425552368,4.296875,0.8818617463111877,0.1641293317079544,28247.0,581041.0,8331220992.0,20.57000732421875,0.03633902221918106,1.207079529762268,4.033535003662109,4.425213319336763e-06,0.0,0.03503270074725151,0,0,0,40,220,251,281,368,697,1020,1275,1336,1336,1288,1212,1207,1152,1083,1037,967,886,857,792,718,635,651,727,832,983,1080,1117,1228,1207,1144,1096,1023,953,926,877,813,744,671,585,505,524,494,441,381,535,714,1004,1292,1432,1357,1372,1340,1303,1273,1211,1193,1196,1130,1086,1050,923,890,828,810,699,571,568,798,1239,1464,1417,1354,1376,1309,1289,1245,1157,1146,1094,1040,989,920,827,797,718,640,555,463,491,687,1051,1324,1550,1535,1516,1479,1467,1433,1370,1384,1337,1293,1245,1193,1118,1101,1050,1002,890,863,791,712,652,584,588,798,1129,1360,1510,1614,1608,1627,1644,1582,1560,1519,1487,1437,1440,1402,1370,1305,1293,1256,1195,1133,1115,1016,1015,940,889,812,747,667,624,542,475,384,270,232,136,54,0,0,0,0,0,0,0,0,8,204,334,443,539,759,810,892,1037,1066,1022,1082,1082,1023,999,989,1034,1000,1005,968,1004,984,968,956,958,910,847,943,983,953,951,1003,1021,1036,1002,990,912,895,863,876,942,910,875,912,891,841,827,840,830,842,845,878,967,952,927,921,938,862,854,861,935,904,905,956,1005,922,975,955,1007,970,952,937,990,956,940,1016,990,1004,984,999,999,908,923,968,950,878,840,848,919,860,844,891,0.00341796875,0.5275110050156278,0.6105273184447874,0.6441619739961959,0.4946035998122796,0.7460534848837105,0.4900514785817468,0.5977360291932411,0.2719844904572987,0.22789294838333976,0.19746132387449836,0.8180242685388112,0.554966815953064,0.32572861207321735,0.17727770142590288,0.1057577060209444,0.1842419160184893,0.08645198446349153,0.18165112536853784,0.018657200365764452,0.1537675106342694,0.15831460674704864,0.20339712841066152,0.20351196988680306,0.11777197993501043,0.09765625,0.05156397961892221,0.04239901044158674,0.09181765057455593,0.017469281074217108,0.08303078726171866,0.05687585851000405,0.04712862700005334,0.12343765451928619,0.0591848440410225,0.023294649300540163,0.09735304492641877,0.10943166082589298,0.03869455616437295,0.06129826104091881,0.0166875073150733,0.0667500292602932,0.05402076830445051,0.04163868282290594,0.07171586706147327,0.05245331641404603,0.022269051271467537,0.06892207026794488,0.05286081485439202,0.01528562093993997,0.02713367966689415,0.027500249688142037,0.024472586105745445,0.003521046167445302,0.03149319432929121,0.0170549308560283,0.011388577919619728,0.03385729652999944,0.034678283016727936,0.01313830473347042,0.026203921611325662,0.0318844291353799,0.03629082846887118,0.013282686043686957,0.03538607603904968,0.0048828125,0.030524413297046454,0.020132351687586234,0.009814331661250869,0.026057937625246747,0.031035641761856844,0.020692988379313566,0.026294750034836445,0.015254393898255184,0.006905339660024878,0.031988944051092184,0.03149319432929121,0.011759369705851851,0.029133659941750583,0.022269051271467537,0.004026470337517247,0.003521046167445302,0.03670887915861817,0.01242961138804478,0.010381001770248682,0.020531050821902968,0.023840928936979887,0.021683206358568866,0.019749754312653012,0.010918300671385692,0.016716057391234072,0.010786485368346935,0.01589728573837862,0.016630260122975003,0.012732817197661424,0.009618025197066508,0.014778072217208551,0.009003461384075085,0.014778072217208551,0.020716018980074635,0.016630260122975003,0.0146484375,0.017387200990981306,0.01727715430952552,0.019555648822754675,0.008734640537108554,0.014938533731228863,0.022269051271467537,0.009003461384075085,0.009264485332524549,0.008052940675034493,0.007042092334890604,0.011430371006562134,0.004979511243742954,0.013810679320049757,0.014218964627501012,0.004367320268554277,0.023518739411703703,0.025855863857175247,0.009959022487485907,0.013671875,0.02039122365021592,0.03066468450802262,0.0146484375,0.0166015625,0.013282686043686957,0.02132844694125152,0.020531050821902968,0.025390625,1,1,1.0
4.6875,3.716033697128296,9.0,0.09196138381958008,27.856037139892578,1.953125,20.0452938079834,3.3524997234344482,4.296875,0.8765707015991211,0.17928899824619293,33706.0,701669.0,11887686656.0,20.817331314086914,0.03146788850426674,1.2022435665130615,4.0622100830078125,1.1357320545357652e-05,0.0,0.03489290177822113,506,472,394,328,248,143,25,0,0,0,0,40,220,251,281,368,697,1020,1275,1336,1336,1288,1212,1207,1152,1083,1037,967,886,857,792,718,635,651,727,832,983,1080,1117,1228,1207,1144,1096,1023,953,926,877,813,744,671,585,505,524,494,441,381,535,714,1004,1292,1432,1357,1372,1340,1303,1273,1211,1193,1196,1130,1086,1050,923,890,828,810,699,571,568,798,1239,1464,1417,1354,1376,1309,1289,1245,1157,1146,1094,1040,989,920,827,797,718,640,555,463,491,687,1051,1324,1550,1535,1516,1479,1467,1433,1370,1384,1337,1293,1245,1193,1118,1101,1050,1002,890,863,791,712,652,584,588,798,1129,1360,1510,1614,1608,1627,1644,1582,1560,1519,1487,1437,1440,1402,1370,1305,1293,1256,1195,1133,1115,1016,1015,940,889,812,747,667,624,542,475,384,270,232,136,54,0,0,0,0,0,0,0,0,8,204,334,443,539,759,810,892,1037,1066,1022,1082,1082,1023,999,989,1034,1000,1005,968,1004,984,968,956,958,910,847,943,983,953,951,1003,1021,1036,1002,990,912,895,863,876,942,910,875,912,891,841,827,840,830,842,845,878,967,952,927,921,938,862,854,861,935,904,905,956,1005,922,975,955,1007,970,952,937,990,956,940,1016,990,1004,984,999,999,908,923,968,0.0029296875,0.612648023507795,0.5975413492491545,0.7724831598415396,0.37012620577733346,0.8353491878765641,0.6025414366343016,0.5644641069974059,0.387488629574232,0.25074846760518327,0.1541670240793295,0.8915245465778713,0.47966022227510985,0.2254167723405723,0.08017334278036638,0.029378142493147116,0.11062345514458044,0.10579827716773159,0.1316477244469147,0.08616469435460591,0.09229936439898723,0.21398978007503652,0.1541020575879246,0.1683118996650197,0.14562573870688444,0.13505192076112627,0.033203125,0.0664349662175584,0.07402575647752822,0.030289184412638327,0.08039903305762802,0.033673710253059895,0.06132936901604524,0.10509282686416224,0.0417530436063124,0.04606436099637014,0.09814331661250869,0.08379111120747124,0.009003461384075085,0.038989189018900645,0.01886055460530075,0.03451288485756307,0.0235996991671769,0.026294750034836445,0.03922087036723282,0.05811162322973375,0.057691622998991915,0.048238629043861204,0.04515479695975348,0.05011012347916992,0.01179984958358845,0.021417687694786434,0.01242961138804478,0.028588439781844624,0.013982247132105814,0.019773883526676354,0.025781989809461104,0.0283875817456028,0.015440808887540914,0.009959022487485907,0.017953883116064683,0.01760523083722651,0.023518739411703703,0.008052940675034493,0.03451288485756307,0.009003461384075085,0.02489755621871477,0.012732817197661424,0.009814331661250869,0.014517645261053229,0.024119314521930602,0.01680141653719263,0.010517900013934578,0.005694288959809864,0.014218964627501012,0.018961413905222265,0.012079411012551739,0.009765625,0.014680953494504793,0.022651198251451565,0.02489755621871477,0.01727715430952552,0.01589728573837862,0.009003461384075085,0.011134525635733769,0.006905339660024878,0.013810679320049757,0.020967686087484266,0.005258950006967289,0.004367320268554277,0.0048828125,0.0021836601342771385,0.010563138502335907,0.023619895746968406,0.003521046167445302,0.0013810679320049757,0.012732817197661424,0.003521046167445302,0.006905339660024878,0.013601941676937616,0.005859375,0.004026470337517247,0.005859375,0.004367320268554277,0.01242961138804478,0.006176323555016366,0.006905339660024878,0.009003461384075085,0.012079411012551739,0.008052940675034493,0.012732817197661424,0.0107421875,0.006905339660024878,0.01589728573837862,0.004367320268554277,0.004026470337517247,0.020132351687586234,0.0065509804028314154,0.010786485368346935,0.006905339660024878,0.0021836601342771385,0.007042092334890604,0.023294649300540163,0.011048543456039806,0.003521046167445302,0.013028968812623373,0.01019561182510796,0.009959022487485907,0.0126953125,1,1,1.0
4.296875,2.9401769638061523,7.0,0.05665404722094536,45.22710037231445,1.953125,23.091598510742188,2.953829526901245,4.296875,0.9229391813278198,0.1864595115184784,36456.0,833425.0,16565686272.0,22.861120223999023,0.020406773313879967,1.1390178203582764,4.4152302742004395,7.714739695074968e-06,0.0,0.018169768154621124,1052,983,927,860,824,761,702,622,506,472,394,328,248,143,25,0,0,0,0,40,220,251,281,368,697,1020,1275,1336,1336,1288,1212,1207,1152,1083,1037,967,886,857,792,718,635,651,727,832,983,1080,1117,1228,1207,1144,1096,1023,953,926,877,813,744,671,585,505,524,494,441,381,535,714,1004,1292,1432,1357,1372,1340,1303,1273,1211,1193,1196,1130,1086,1050,923,890,828,810,699,571,568,798,1239,1464,1417,1354,1376,1309,1289,1245,1157,1146,1094,1040,989,920,827,797,718,640,555,463,491,687,1051,1324,1550,1535,1516,1479,1467,1433,1370,1384,1337,1293,1245,1193,1118,1101,1050,1002,890,863,791,712,652,584,588,798,1129,1360,1510,1614,1608,1627,1644,1582,1560,1519,1487,1437,1440,1402,1370,1305,1293,1256,1195,1133,1115,1016,1015,940,889,812,747,667,624,542,475,384,270,232,136,54,0,0,0,0,0,0,0,0,8,204,334,443,539,759,810,892,1037,1066,1022,1082,1082,1023,999,989,1034,1000,1005,968,1004,984,968,956,958,910,847,943,983,953,951,1003,1021,1036,1002,990,912,895,863,876,942,910,875,912,891,841,827,840,830,842,845,878,967,952,927,921,938,862,854,861,935,904,905,956,1005,922,975,955,1007,970,952,937,990,956,940,1016,0.00146484375,0.6288941186718159,0.5923155472546127,0.7911030285430714,0.36069015681217503,0.8369231785530357,0.6200741249811924,0.5458503934023855,0.3917220921900699,0.2349967339471345,0.1754336841631689,0.875201610771524,0.4685078313248299,0.23207900458179276,0.09524363547059851,0.027930370402490412,0.13198053412969715,0.08832898495125782,0.14656573261526987,0.06577857077753481,0.10966235967679527,0.19288778112145163,0.17444424255964147,0.1669950429214938,0.1268215965291062,0.13747003402162325,0.05168405711874704,0.06377633541896756,0.08212420328761187,0.03773374821555011,0.08680426702602691,0.018657200365764452,0.06814279306413872,0.09212872199274028,0.04938162843660364,0.051905008851243405,0.08700179911539994,0.08332888273434312,0.0185803687406645,0.03989589495276464,0.014517645261053229,0.04033569614856129,0.02681548870653512,0.02763861659782208,0.0411664822428867,0.056446664127415724,0.054974484160303004,0.049071658306254345,0.04462367054217134,0.048602996633317595,0.010381001770248682,0.01878455474772592,0.01188039556698871,0.02489755621871477,0.014680953494504793,0.016016815885602272,0.023619895746968406,0.03179457147675724,0.0170549308560283,0.0048828125,0.024020261477048523,0.017387200990981306,0.021126277004671814,0.013028968812623373,0.03891573993197515,0.014938533731228863,0.023940723969006372,0.008052940675034493,0.007873298582322802,0.016253239235442616,0.020132351687586234,0.011759369705851851,0.01284467425582608,0.0029296875,0.011134525635733769,0.018961413905222265,0.013982247132105814,0.0068359375,0.016164985700436375,0.0205078125,0.022798081113142094,0.0146484375,0.01824369305885684,0.005694288959809864,0.007873298582322802,0.008052940675034493,0.01313830473347042,0.017686299097924643,0.009264485332524549,0.004026470337517247,0.010786485368346935,0.005940197783494355,0.00390625,0.021836601342771385,0.001953125,0.0048828125,0.013101960805662831,0.007873298582322802,0.0041432037960149265,0.006905339660024878,0.006176323555016366,0.005524271728019903,0.006253051013118016,0.007437278423695223,0.008052940675034493,0.007873298582322802,0.004367320268554277,0.010918300671385692,0.006176323555016366,0.003088161777508183,0.00834375365753665,0.007109482313750506,0.0021836601342771385,0.01179984958358845,0.003521046167445302,0.0021836601342771385,0.015625,0.011134525635733769,0.011134525635733769,0.007437278423695223,0.003088161777508183,0.010381001770248682,0.027151247606362977,0.0068359375,0.0021836601342771385,0.012236293052872722,0.0068359375,0.0048828125,0.0087890625,1,1,1.0
4.296875,2.8722126483917236,7.0,0.0577097125351429,45.32521438598633,1.953125,22.401235580444336,2.9113869667053223,4.296875,0.9219495058059692,0.18662311136722565,36520.0,803186.0,16583659520.0,21.993045806884766,0.02034076489508152,1.0935660600662231,4.370690822601318,1.9252972833783133e-06,0.0,0.01661941595375538,1049,1064,973,1038,1143,1117,1144,1081,1052,983,927,860,824,761,702,622,506,472,394,328,248,143,25,0,0,0,0,40,220,251,281,368,697,1020,1275,1336,1336,1288,1212,1207,1152,1083,1037,967,886,857,792,718,635,651,727,832,983,1080,1117,1228,1207,1144,1096,1023,953,926,877,813,744,671,585,505,524,494,441,381,535,714,1004,1292,1432,1357,1372,1340,1303,1273,1211,1193,1196,1130,1086,1050,923,890,828,810,699,571,568,798,1239,1464,1417,1354,1376,1309,1289,1245,1157,1146,1094,1040,989,920,827,797,718,640,555,463,491,687,1051,1324,1550,1535,1516,1479,1467,1433,1370,1384,1337,1293,1245,1193,1118,1101,1050,1002,890,863,791,712,652,584,588,798,1129,1360,1510,1614,1608,1627,1644,1582,1560,1519,1487,1437,1440,1402,1370,1305,1293,1256,1195,1133,1115,1016,1015,940,889,812,747,667,624,542,475,384,270,232,136,54,0,0,0,0,0,0,0,0,8,204,334,443,539,759,810,892,1037,1066,1022,1082,1082,1023,999,989,1034,1000,1005,968,1004,984,968,956,958,910,847,943,983,953,951,1003,1021,1036,1002,990,912,895,863,876,942,910,875,912,891,841,827,840,830,842,845,878,967,952,927,921,938,862,854,861,935,904,905,956,1005,922,975,955,0.0009765625,0.6010938528094044,0.6132097141797846,0.775959258003,0.34820444840728987,0.8630624899578626,0.6306507249770371,0.551380021381366,0.41603396379767255,0.2373850494073477,0.19316445746926253,0.8656118013222664,0.45333120981354863,0.2407439495209735,0.11295244576760086,0.04203758447271657,0.1444553485243283,0.08719341517792857,0.14556023594236736,0.05960232234244972,0.10721304274967916,0.19275918925307792,0.17418984485549452,0.15934435979977452,0.1297101472130807,0.1421963531756188,0.052161602972943914,0.06967210539741003,0.07627196949127592,0.043013116299893045,0.07873298582322802,0.021945512748285382,0.05852860962410819,0.09911508025169924,0.04984296935615174,0.04143203796014927,0.09805582317235327,0.08478677371542281,0.005524271728019903,0.03564118670096613,0.026672852116694654,0.0264394265052361,0.032033631771204545,0.013810679320049757,0.05329204550641505,0.06372397695732598,0.044804959949040865,0.05378191333208736,0.04026470337517247,0.03907470512449718,0.018528970665049098,0.028721564784868637,0.011759369705851851,0.03340357690720131,0.01589728573837862,0.022140203220223895,0.02485922277608956,0.026565372087373914,0.019236050394133015,0.005694288959809864,0.023212625632821705,0.01760523083722651,0.021126277004671814,0.012236293052872722,0.03742923417331406,0.013810679320049757,0.027413415718004295,0.011759369705851851,0.0087890625,0.015776850020901866,0.025031260972609954,0.0166875073150733,0.006905339660024878,0.006176323555016366,0.015440808887540914,0.012732817197661424,0.01727715430952552,0.005940197783494355,0.022482157096135425,0.017686299097924643,0.01680141653719263,0.011759369705851851,0.020716018980074635,0.0048828125,0.008734640537108554,0.009264485332524549,0.013282686043686957,0.020531050821902968,0.008052940675034493,0.003521046167445302,0.010517900013934578,0.0065509804028314154,0.0027621358640099515,0.023478154844084585,0.0041432037960149265,0.006176323555016366,0.017387200990981306,0.0087890625,0.004026470337517247,0.01284467425582608,0.007873298582322802,0.005258950006967289,0.00390625,0.001953125,0.010786485368346935,0.016253239235442616,0.006176323555016366,0.0078125,0.008052940675034493,0.008843149548962322,0.0041432037960149265,0.004979511243742954,0.009003461384075085,0.007109482313750506,0.013671875,0.010918300671385692,0.0235996991671769,0.009959022487485907,0.003088161777508183,0.011920464468489943,0.005694288959809864,0.007109482313750506,0.023457836229422487,0.007873298582322802,0.006905339660024878,0.007042092334890604,0.003088161777508183,0.004367320268554277,0.00390625,1,1,1.0
4.296875,2.9103000164031982,7.0,0.05951085314154625,44.570716857910156,1.953125,22.562923431396484,2.9273574352264404,4.296875,0.9198511242866516,0.18726079165935516,36770.0,785681.0,16699608064.0,21.367446899414062,0.020638015121221542,1.0059163570404053,4.381478786468506,8.498606689499866e-07,0.0,0.01796805113554001,1389,1388,1341,1303,1294,1244,1212,1163,1049,1064,973,1038,1143,1117,1144,1081,1052,983,927,860,824,761,702,622,506,472,394,328,248,143,25,0,0,0,0,40,220,251,281,368,697,1020,1275,1336,1336,1288,1212,1207,1152,1083,1037,967,886,857,792,718,635,651,727,832,983,1080,1117,1228,1207,1144,1096,1023,953,926,877,813,744,671,585,505,524,494,441,381,535,714,1004,1292,1432,1357,1372,1340,1303,1273,1211,1193,1196,1130,1086,1050,923,890,828,810,699,571,568,798,1239,1464,1417,1354,1376,1309,1289,1245,1157,1146,1094,1040,989,920,827,797,718,640,555,463,491,687,1051,1324,1550,1535,1516,1479,1467,1433,1370,1384,1337,1293,1245,1193,1118,1101,1050,1002,890,863,791,712,652,584,588,798,1129,1360,1510,1614,1608,1627,1644,1582,1560,1519,1487,1437,1440,1402,1370,1305,1293,1256,1195,1133,1115,1016,1015,940,889,812,747,667,624,542,475,384,270,232,136,54,0,0,0,0,0,0,0,0,8,204,334,443,539,759,810,892,1037,1066,1022,1082,1082,1023,999,989,1034,1000,1005,968,1004,984,968,956,958,910,847,943,983,953,951,1003,1021,1036,1002,990,912,895,863,876,942,910,875,912,891,841,827,840,830,842,845,878,967,952,927,921,938,862,854,861,0.00244140625,0.5122645139485816,0.698002444637357,0.7897130720363058,0.2664083262611541,0.9325456042554237,0.7158576154161639,0.4711607928040928,0.39292899626517386,0.16078027248548812,0.21374452461234605,0.8464746633975088,0.5222820225197908,0.2371941454211514,0.05985778484657014,0.025390625,0.13003324817093054,0.06253051013118016,0.19457869965987573,0.041718768287683256,0.154296875,0.15071368507260402,0.20751206328474353,0.1268215965291062,0.14443224015804199,0.16822405198139492,0.03416573375885918,0.07699995600711507,0.07354754056157317,0.024433585943743757,0.0927117393525196,0.016716057391234072,0.0701835297219959,0.08770053227783972,0.06214038386692591,0.03316001337177665,0.10494753298756375,0.09269630839909598,0.009264485332524549,0.03452669830012439,0.04239901044158674,0.021683206358568866,0.04958399326088322,0.016716057391234072,0.0630469234045663,0.04577360017678893,0.04323426488511456,0.06149242770090299,0.0388789633542859,0.056649043016692095,0.011920464468489943,0.011759369705851851,0.013282686043686957,0.016858082521125067,0.025465634395322848,0.012352647110032733,0.0341098617120566,0.03614600688148779,0.01019561182510796,0.01516032685181643,0.014906579611790769,0.022032254243512652,0.026565372087373914,0.013601941676937616,0.03984805813106087,0.014778072217208551,0.02751758360079174,0.013028968812623373,0.010381001770248682,0.013101960805662831,0.023940723969006372,0.014938533731228863,0.009765625,0.005524271728019903,0.009212872199274027,0.020132351687586234,0.020967686087484266,0.006176323555016366,0.01188039556698871,0.024020261477048523,0.02627660946694084,0.01792730444402912,0.020716018980074635,0.007437278423695223,0.0029296875,0.016370170521718956,0.007627196949127592,0.012079411012551739,0.009003461384075085,0.009264485332524549,0.003088161777508183,0.0009765625,0.009003461384075085,0.0192608231673008,0.0029296875,0.007873298582322802,0.017469281074217108,0.010517900013934578,0.003521046167445302,0.0146484375,0.010054326309557618,0.007109482313750506,0.006253051013118016,0.005940197783494355,0.009618025197066508,0.019773883526676354,0.007627196949127592,0.014218964627501012,0.004026470337517247,0.004979511243742954,0.0065509804028314154,0.0029296875,0.003088161777508183,0.007873298582322802,0.007627196949127592,0.005940197783494355,0.016164985700436375,0.014874556847390447,0.005524271728019903,0.015776850020901866,0.009959022487485907,0.0013810679320049757,0.01824369305885684,0.0126953125,0.009959022487485907,0.004026470337517247,0.006253051013118016,0.007042092334890604,0.0,1,1,1.0
4.296875,2.9389193058013916,5.0,0.05944052338600159,42.823673248291016,4.296875,23.686670303344727,2.9512221813201904,1.953125,0.9190971255302429,0.19036957621574402,38001.0,911885.0,19108374528.0,23.996341705322266,0.02146236039698124,1.2137024402618408,4.51559591293335,5.13960185344331e-06,0.0,0.016462961211800575,765,794,762,712,792,826,1040,1245,1389,1388,1341,1303,1294,1244,1212,1163,1049,1064,973,1038,1143,1117,1144,1081,1052,983,927,860,824,761,702,622,506,472,394,328,248,143,25,0,0,0,0,40,220,251,281,368,697,1020,1275,1336,1336,1288,1212,1207,1152,1083,1037,967,886,857,792,718,635,651,727,832,983,1080,1117,1228,1207,1144,1096,1023,953,926,877,813,744,671,585,505,524,494,441,381,535,714,1004,1292,1432,1357,1372,1340,1303,1273,1211,1193,1196,1130,1086,1050,923,890,828,810,699,571,568,798,1239,1464,1417,1354,1376,1309,1289,1245,1157,1146,1094,1040,989,920,827,797,718,640,555,463,491,687,1051,1324,1550,1535,1516,1479,1467,1433,1370,1384,1337,1293,1245,1193,1118,1101,1050,1002,890,863,791,712,652,584,588,798,1129,1360,1510,1614,1608,1627,1644,1582,1560,1519,1487,1437,1440,1402,1370,1305,1293,1256,1195,1133,1115,1016,1015,940,889,812,747,667,624,542,475,384,270,232,136,54,0,0,0,0,0,0,0,0,8,204,334,443,539,759,810,892,1037,1066,1022,1082,1082,1023,999,989,1034,1000,1005,968,1004,984,968,956,958,910,847,943,983,953,951,1003,1021,1036,1002,990,912,895,863,876,942,910,875,912,891,841,827,840,830,842,845,878,0.00390625,0.5415943782204719,0.6695950881632011,0.7676706816413273,0.2930745251759847,0.9395449904733328,0.7148257393991346,0.4806404117251282,0.4199559397520266,0.13936131979000946,0.24221899996761712,0.8238599818994673,0.5516981784698524,0.24693131589182124,0.049032774260285905,0.051248600638288774,0.14480153148536729,0.04942023800343748,0.2197265625,0.027981540589637505,0.16233864622932617,0.15831761867773614,0.19442424972053907,0.12076647432462695,0.15962241920051765,0.14986018976716525,0.030289184412638327,0.05811162322973375,0.08631950784198222,0.039571874197958615,0.08560393359691847,0.01727715430952552,0.05590340539594418,0.10012504389043982,0.05406488490494691,0.034938562148434216,0.10567200466916855,0.08531378776500607,0.004979511243742954,0.03066468450802262,0.04008667139018319,0.025781989809461104,0.048828125,0.020600608505594715,0.05932165058002906,0.04239901044158674,0.05255321893388168,0.055000499376284075,0.04737083138919884,0.050818796215850344,0.0021836601342771385,0.018165112536853784,0.0,0.029378142493147116,0.021484375,0.023294649300540163,0.02485922277608956,0.027500249688142037,0.020899350155305366,0.0048828125,0.02763861659782208,0.008286407592029853,0.017953883116064683,0.0009765625,0.0328130812820536,0.01188039556698871,0.015254393898255184,0.009765625,0.013282686043686957,0.01708286687942959,0.020132351687586234,0.01284467425582608,0.008843149548962322,0.004367320268554277,0.013282686043686957,0.0166875073150733,0.020531050821902968,0.003521046167445302,0.013282686043686957,0.023640075072090243,0.027010384152225255,0.0170549308560283,0.02315091717017519,0.005258950006967289,0.001953125,0.01680141653719263,0.005940197783494355,0.018657200365764452,0.003521046167445302,0.0021836601342771385,0.009959022487485907,0.007873298582322802,0.001953125,0.0264394265052361,0.006905339660024878,0.005859375,0.014906579611790769,0.001953125,0.007437278423695223,0.011134525635733769,0.003521046167445302,0.0013810679320049757,0.004026470337517247,0.0009765625,0.009959022487485907,0.016016815885602272,0.005940197783494355,0.011388577919619728,0.0048828125,0.005940197783494355,0.004979511243742954,0.0013810679320049757,0.003088161777508183,0.006176323555016366,0.009618025197066508,0.009264485332524549,0.020132351687586234,0.01516032685181643,0.0,0.014084184669781208,0.007873298582322802,0.009003461384075085,0.026240290708094537,0.0041432037960149265,0.0065509804028314154,0.0126953125,0.005524271728019903,0.0048828125,0.009765625,1,1,1.0
4.296875,2.906071662902832,6.0,0.06222417950630188,45.19971466064453,4.296875,23.696794509887695,2.9553894996643066,1.953125,0.9174774885177612,0.19088737666606903,38208.0,925625.0,18595991552.0,24.225948333740234,0.02029830403625965,1.3005539178848267,4.4700517654418945,1.3086181752441917e-05,0.0,0.01320557203143835,1072,1005,941,872,826,744,680,648,765,794,762,712,792,826,1040,1245,1389,1388,1341,1303,1294,1244,1212,1163,1049,1064,973,1038,1143,1117,1144,1081,1052,983,927,860,824,761,702,622,506,472,394,328,248,143,25,0,0,0,0,40,220,251,281,368,697,1020,1275,1336,1336,1288,1212,1207,1152,1083,1037,967,886,857,792,718,635,651,727,832,983,1080,1117,1228,1207,1144,1096,1023,953,926,877,813,744,671,585,505,524,494,441,381,535,714,1004,1292,1432,1357,1372,1340,1303,1273,1211,1193,1196,1130,1086,1050,923,890,828,810,699,571,568,798,1239,1464,1417,1354,1376,1309,1289,1245,1157,1146,1094,1040,989,920,827,797,718,640,555,463,491,687,1051,1324,1550,1535,1516,1479,1467,1433,1370,1384,1337,1293,1245,1193,1118,1101,1050,1002,890,863,791,712,652,584,588,798,1129,1360,1510,1614,1608,1627,1644,1582,1560,1519,1487,1437,1440,1402,1370,1305,1293,1256,1195,1133,1115,1016,1015,940,889,812,747,667,624,542,475,384,270,232,136,54,0,0,0,0,0,0,0,0,8,204,334,443,539,759,810,892,1037,1066,1022,1082,1082,1023,999,989,1034,1000,1005,968,1004,984,968,956,958,910,847,943,983,953,951,1003,1021,1036,1002,990,912,895,863,876,942,910,875,912,0.00244140625,0.5294563081490007,0.6791442804996237,0.7805966506342731,0.2929248013911071,0.9237971552684232,0.6995521475145975,0.49746059242479196,0.4329653473482543,0.14387652592384229,0.2594809442186413,0.8038930582311714,0.5700189540455575,0.25775515756710166,0.048010736536257245,0.07050889455540897,0.166015625,0.03317439013957623,0.22754115811803216,0.009765625,0.14380691065199033,0.18248919729371996,0.17519705440884317,0.1444553485243283,0.13602642789882435,0.15380471845316396,0.045908825287277966,0.08106057019315287,0.06726949257536924,0.0244140625,0.09758298032606098,0.011759369705851851,0.07298130621692726,0.08693600495490653,0.07064402096252666,0.019749754312653012,0.11920464468489944,0.08022685311930028,0.0146484375,0.020600608505594715,0.036604814089826784,0.03192926313334339,0.04398869386545003,0.01953125,0.05731847887042652,0.04542852870942581,0.05067785447394188,0.05490504998777577,0.049506999436080376,0.04999580365691486,0.0041432037960149265,0.022545696055889054,0.0048828125,0.03360283307438526,0.016253239235442616,0.023619895746968406,0.01875915303935405,0.03356023491687418,0.016016815885602272,0.01242961138804478,0.019555648822754675,0.016164985700436375,0.02510734400816883,0.009212872199274027,0.03629082846887118,0.011048543456039806,0.024020261477048523,0.013101960805662831,0.015776850020901866,0.009765625,0.015254393898255184,0.0078125,0.014680953494504793,0.0027621358640099515,0.0126953125,0.01589728573837862,0.01824369305885684,0.003521046167445302,0.0146484375,0.022140203220223895,0.025012204052472065,0.01516032685181643,0.02376079113397742,0.0021836601342771385,0.0041432037960149265,0.013028968812623373,0.010563138502335907,0.018425744398548053,0.009212872199274027,0.006253051013118016,0.010054326309557618,0.005258950006967289,0.007873298582322802,0.020762003540497363,0.0027621358640099515,0.007042092334890604,0.018165112536853784,0.009618025197066508,0.007042092334890604,0.017686299097924643,0.005258950006967289,0.0048828125,0.003088161777508183,0.006253051013118016,0.007627196949127592,0.01179984958358845,0.005258950006967289,0.006905339660024878,0.007627196949127592,0.007873298582322802,0.004979511243742954,0.0009765625,0.003521046167445302,0.006176323555016366,0.009765625,0.010381001770248682,0.021126277004671814,0.01441877251975918,0.0021836601342771385,0.01188039556698871,0.005940197783494355,0.009765625,0.026294750034836445,0.0065509804028314154,0.003521046167445302,0.008843149548962322,0.0048828125,0.005694288959809864,0.0048828125,1,1,1.0
4.6875,2.910482406616211,6.0,0.06457938998937607,42.697906494140625,4.296875,22.524585723876953,2.9726662635803223,1.953125,0.9140141010284424,0.19112204015254974,38302.0,894856.0,18071304192.0,23.36316680908203,0.02140653133392334,1.320555567741394,4.359430313110352,5.0991729949600995e-06,0.0,0.015415224246680737,1390,1381,1336,1288,1228,1223,1183,1102,1072,1005,941,872,826,744,680,648,765,794,762,712,792,826,1040,1245,1389,1388,1341,1303,1294,1244,1212,1163,1049,1064,973,1038,1143,1117,1144,1081,1052,983,927,860,824,761,702,622,506,472,394,328,248,143,25,0,0,0,0,40,220,251,281,368,697,1020,1275,1336,1336,1288,1212,1207,1152,1083,1037,967,886,857,792,718,635,651,727,832,983,1080,1117,1228,1207,1144,1096,1023,953,926,877,813,744,671,585,505,524,494,441,381,535,714,1004,1292,1432,1357,1372,1340,1303,1273,1211,1193,1196,1130,1086,1050,923,890,828,810,699,571,568,798,1239,1464,1417,1354,1376,1309,1289,1245,1157,1146,1094,1040,989,920,827,797,718,640,555,463,491,687,1051,1324,1550,1535,1516,1479,1467,1433,1370,1384,1337,1293,1245,1193,1118,1101,1050,1002,890,863,791,712,652,584,588,798,1129,1360,1510,1614,1608,1627,1644,1582,1560,1519,1487,1437,1440,1402,1370,1305,1293,1256,1195,1133,1115,1016,1015,940,889,812,747,667,624,542,475,384,270,232,136,54,0,0,0,0,0,0,0,0,8,204,334,443,539,759,810,892,1037,1066,1022,1082,1082,1023,999,989,1034,1000,1005,968,1004,984,968,956,958,910,847,943,983,953,951,1003,1021,1036,1002,990,0.0009765625,0.44656570508165777,0.7412167273736316,0.8648540272226987,0.3317280900011345,0.8450555943365686,0.6258760035258987,0.5717854747633859,0.515932858201882,0.11746386682621011,0.326144097338897,0.80372043015354,0.6127025035938374,0.19952966699890848,0.021035800027869155,0.05139725533961237,0.1684959477240152,0.05938592107621395,0.18073794941810997,0.05139725533961237,0.17471737519161526,0.13684773491464713,0.2087058234154933,0.10910436662839308,0.17207463548059967,0.12732817197661422,0.055285858807492816,0.07580163425908215,0.059047720538402244,0.04026470337517247,0.09040458446119623,0.02847144479904932,0.08645198446349153,0.07640314450808067,0.08082492850218188,0.014218964627501012,0.12574545783453026,0.0703125,0.013282686043686957,0.0300838316420886,0.0332174831087792,0.01760523083722651,0.056446664127415724,0.027981540589637505,0.0642233712791304,0.034637007521422264,0.0693359375,0.0363433477850164,0.05633673867912483,0.03304477405407936,0.019457869965987574,0.026672852116694654,0.014906579611790769,0.020132351687586234,0.023478154844084585,0.018961413905222265,0.03179457147675724,0.022651198251451565,0.023212625632821705,0.005524271728019903,0.029296875,0.008843149548962322,0.02286074201312427,0.007873298582322802,0.03803582440263759,0.013601941676937616,0.021484375,0.012236293052872722,0.014084184669781208,0.012732817197661424,0.01878455474772592,0.013028968812623373,0.0078125,0.005694288959809864,0.009959022487485907,0.023518739411703703,0.019555648822754675,0.012732817197661424,0.01760523083722651,0.012079411012551739,0.013566839833447074,0.007627196949127592,0.01824369305885684,0.010054326309557618,0.010786485368346935,0.01528562093993997,0.009765625,0.01284467425582608,0.006176323555016366,0.007042092334890604,0.010563138502335907,0.0087890625,0.0021836601342771385,0.028854075591199527,0.005258950006967289,0.0009765625,0.01313830473347042,0.007437278423695223,0.003521046167445302,0.013879560940968648,0.007042092334890604,0.0048828125,0.0021836601342771385,0.006176323555016366,0.005258950006967289,0.013601941676937616,0.003088161777508183,0.008734640537108554,0.005258950006967289,0.005524271728019903,0.0009765625,0.0029296875,0.005940197783494355,0.006253051013118016,0.011759369705851851,0.007873298582322802,0.019236050394133015,0.01313830473347042,0.0029296875,0.014517645261053229,0.007627196949127592,0.008052940675034493,0.025390625,0.0048828125,0.005258950006967289,0.010918300671385692,0.004367320268554277,0.004026470337517247,0.0068359375,1,1,1.0
4.6875,2.8626792430877686,7.0,0.0541866309940815,43.43317794799805,1.953125,19.605499267578125,2.962390422821045,1.171875,0.9245271682739258,0.193856880068779,39406.0,784306.0,18483980288.0,19.903213500976562,0.021286197006702423,1.0474059581756592,4.108195781707764,7.930108836262661e-07,-0.78125,0.015428987331688404,474,506,490,508,510,572,813,1232,1390,1381,1336,1288,1228,1223,1183,1102,1072,1005,941,872,826,744,680,648,765,794,762,712,792,826,1040,1245,1389,1388,1341,1303,1294,1244,1212,1163,1049,1064,973,1038,1143,1117,1144,1081,1052,983,927,860,824,761,702,622,506,472,394,328,248,143,25,0,0,0,0,40,220,251,281,368,697,1020,1275,1336,1336,1288,1212,1207,1152,1083,1037,967,886,857,792,718,635,651,727,832,983,1080,1117,1228,1207,1144,1096,1023,953,926,877,813,744,671,585,505,524,494,441,381,535,714,1004,1292,1432,1357,1372,1340,1303,1273,1211,1193,1196,1130,1086,1050,923,890,828,810,699,571,568,798,1239,1464,1417,1354,1376,1309,1289,1245,1157,1146,1094,1040,989,920,827,797,718,640,555,463,491,687,1051,1324,1550,1535,1516,1479,1467,1433,1370,1384,1337,1293,1245,1193,1118,1101,1050,1002,890,863,791,712,652,584,588,798,1129,1360,1510,1614,1608,1627,1644,1582,1560,1519,1487,1437,1440,1402,1370,1305,1293,1256,1195,1133,1115,1016,1015,940,889,812,747,667,624,542,475,384,270,232,136,54,0,0,0,0,0,0,0,0,8,204,334,443,539,759,810,892,1037,1066,1022,1082,1082,1023,999,989,1034,1000,1005,968,1004,984,968,956,958,910,847,943,0.00244140625,0.533461511626853,0.7062680672554204,0.8068699545373816,0.23057010814081344,0.8640895183953924,0.6114661697674039,0.6075898456460794,0.5366270917118162,0.21102112419366226,0.4032446395413678,0.7324746074766991,0.6988258323397272,0.19744200422336247,0.10187189951666167,0.11050701163990469,0.19933599873847777,0.12530860951917433,0.1603526330277907,0.1111952674901546,0.231447372749269,0.12574545783453026,0.2064130658649438,0.13105599733883438,0.17223251612810053,0.11000099875256815,0.08189744481536135,0.1031695645304862,0.04367320268554277,0.023619895746968406,0.10597840546222805,0.017686299097924643,0.08011384492966282,0.08348895483004493,0.07735213417309708,0.014218964627501012,0.1280638013618145,0.06448271101257491,0.020132351687586234,0.037390995545071574,0.030336376107439583,0.0029296875,0.06927401504284453,0.04367320268554277,0.07177568291020688,0.03803582440263759,0.08643543598968285,0.024705294220065465,0.0522803078684538,0.04216217411117754,0.03149319432929121,0.016630260122975003,0.020531050821902968,0.02568934851165216,0.035061177873078594,0.03618556115947052,0.014517645261053229,0.03803582440263759,0.014218964627501012,0.017686299097924643,0.014874556847390447,0.019457869965987574,0.013982247132105814,0.005258950006967289,0.0283875817456028,0.014906579611790769,0.013282686043686957,0.0048828125,0.008734640537108554,0.0107421875,0.017820593350483065,0.008734640537108554,0.011134525635733769,0.008052940675034493,0.016253239235442616,0.02485922277608956,0.025633603024231812,0.019749754312653012,0.021417687694786434,0.005258950006967289,0.005694288959809864,0.0146484375,0.010918300671385692,0.0166015625,0.0126953125,0.024020261477048523,0.0013810679320049757,0.022777155839239456,0.005940197783494355,0.003088161777508183,0.009618025197066508,0.0027621358640099515,0.007437278423695223,0.0205078125,0.009264485332524549,0.009212872199274027,0.015776850020901866,0.001953125,0.005859375,0.009003461384075085,0.011388577919619728,0.009003461384075085,0.006253051013118016,0.009765625,0.005258950006967289,0.0107421875,0.0065509804028314154,0.009264485332524549,0.0041432037960149265,0.001953125,0.003088161777508183,0.0068359375,0.0107421875,0.009618025197066508,0.011759369705851851,0.00390625,0.01528562093993997,0.01800692276815017,0.0027621358640099515,0.014938533731228863,0.006905339660024878,0.009765625,0.023940723969006372,0.009814331661250869,0.008400708268596315,0.00834375365753665,0.003088161777508183,0.0048828125,0.01171875,1,1,1.0
4.6875,2.961268424987793,7.0,0.0659712478518486,37.96683120727539,1.171875,17.4417724609375,3.0980517864227295,1.953125,0.9100589156150818,0.1964857280254364,40482.0,782920.0,17596157952.0,19.339954376220703,0.02396984212100506,1.1468600034713745,3.8475499153137207,4.824575626116712e-06,0.0,0.01712539605796337,891,858,746,667,583,557,541,527,474,506,490,508,510,572,813,1232,1390,1381,1336,1288,1228,1223,1183,1102,1072,1005,941,872,826,744,680,648,765,794,762,712,792,826,1040,1245,1389,1388,1341,1303,1294,1244,1212,1163,1049,1064,973,1038,1143,1117,1144,1081,1052,983,927,860,824,761,702,622,506,472,394,328,248,143,25,0,0,0,0,40,220,251,281,368,697,1020,1275,1336,1336,1288,1212,1207,1152,1083,1037,967,886,857,792,718,635,651,727,832,983,1080,1117,1228,1207,1144,1096,1023,953,926,877,813,744,671,585,505,524,494,441,381,535,714,1004,1292,1432,1357,1372,1340,1303,1273,1211,1193,1196,1130,1086,1050,923,890,828,810,699,571,568,798,1239,1464,1417,1354,1376,1309,1289,1245,1157,1146,1094,1040,989,920,827,797,718,640,555,463,491,687,1051,1324,1550,1535,1516,1479,1467,1433,1370,1384,1337,1293,1245,1193,1118,1101,1050,1002,890,863,791,712,652,584,588,798,1129,1360,1510,1614,1608,1627,1644,1582,1560,1519,1487,1437,1440,1402,1370,1305,1293,1256,1195,1133,1115,1016,1015,940,889,812,747,667,624,542,475,384,270,232,136,54,0,0,0,0,0,0,0,0,8,204,334,443,539,759,810,892,1037,1066,1022,1082,1082,1023,999,989,1034,1000,1005,968,0.00244140625,0.5774515714610295,0.7111661773792005,0.8053438047187227,0.18047392866622775,0.8352527130914107,0.5663161633638996,0.659541278140194,0.5887465218929243,0.2155174097520894,0.42769647020975377,0.7718798432603617,0.6769233710281694,0.154324685982552,0.08293885002963497,0.0701019525579809,0.16158494804458215,0.09351064007442632,0.17909474666692882,0.07391616980533695,0.19542233239957066,0.12365379215754528,0.21767050187771267,0.1032065329324719,0.18882032284382858,0.10066175843793117,0.082546974449235,0.09957585986410451,0.033730304764004966,0.04531292093015696,0.11496094413651017,0.03656571333368956,0.0937550861250546,0.09090427906132997,0.07963027395271949,0.028854075591199527,0.11992251119538087,0.06800970838468809,0.010381001770248682,0.03983608994994363,0.039571874197958615,0.013879560940968648,0.06518874714171342,0.03853402276747824,0.06368655170187644,0.0380859375,0.0759775666707419,0.029877067462457725,0.051794650805375465,0.03623823303765522,0.026294750034836445,0.020132351687586234,0.01824369305885684,0.018165112536853784,0.033332125323976586,0.0332174831087792,0.02286074201312427,0.031158312760827766,0.020692988379313566,0.01792730444402912,0.015254393898255184,0.021484375,0.0208765218031562,0.007627196949127592,0.02713367966689415,0.009765625,0.012506102026236032,0.005859375,0.008286407592029853,0.014906579611790769,0.020531050821902968,0.01242961138804478,0.009765625,0.005694288959809864,0.012506102026236032,0.024119314521930602,0.02157297073669387,0.01680141653719263,0.019773883526676354,0.007873298582322802,0.010381001770248682,0.01188039556698871,0.01528562093993997,0.012352647110032733,0.010517900013934578,0.01875915303935405,0.005859375,0.01760523083722651,0.0013810679320049757,0.0013810679320049757,0.011430371006562134,0.007873298582322802,0.006176323555016366,0.022798081113142094,0.0048828125,0.008052940675034493,0.01680141653719263,0.0021836601342771385,0.007042092334890604,0.009618025197066508,0.0078125,0.006176323555016366,0.0041432037960149265,0.007042092334890604,0.003521046167445302,0.01171875,0.003521046167445302,0.0078125,0.004367320268554277,0.004979511243742954,0.0,0.0048828125,0.00834375365753665,0.008400708268596315,0.009003461384075085,0.008400708268596315,0.02039122365021592,0.013566839833447074,0.003088161777508183,0.011759369705851851,0.007042092334890604,0.004979511243742954,0.0242573092741684,0.004979511243742954,0.006253051013118016,0.01284467425582608,0.006905339660024878,0.006253051013118016,0.005859375,1,1,1.0
4.6875,2.8757848739624023,9.0,0.053180381655693054,38.47760772705078,1.171875,15.892888069152832,3.051704168319702,1.953125,0.9228358864784241,0.19741785526275635,40867.0,731536.0,18060195840.0,17.900407791137695,0.02398371323943138,1.0756553411483765,3.6985654830932617,4.779193659487646e-06,0.0,0.016235100105404854,1295,1276,1208,1146,1116,1063,971,944,891,858,746,667,583,557,541,527,474,506,490,508,510,572,813,1232,1390,1381,1336,1288,1228,1223,1183,1102,1072,1005,941,872,826,744,680,648,765,794,762,712,792,826,1040,1245,1389,1388,1341,1303,1294,1244,1212,1163,1049,1064,973,1038,1143,1117,1144,1081,1052,983,927,860,824,761,702,622,506,472,394,328,248,143,25,0,0,0,0,40,220,251,281,368,697,1020,1275,1336,1336,1288,1212,1207,1152,1083,1037,967,886,857,792,718,635,651,727,832,983,1080,1117,1228,1207,1144,1096,1023,953,926,877,813,744,671,585,505,524,494,441,381,535,714,1004,1292,1432,1357,1372,1340,1303,1273,1211,1193,1196,1130,1086,1050,923,890,828,810,699,571,568,798,1239,1464,1417,1354,1376,1309,1289,1245,1157,1146,1094,1040,989,920,827,797,718,640,555,463,491,687,1051,1324,1550,1535,1516,1479,1467,1433,1370,1384,1337,1293,1245,1193,1118,1101,1050,1002,890,863,791,712,652,584,588,798,1129,1360,1510,1614,1608,1627,1644,1582,1560,1519,1487,1437,1440,1402,1370,1305,1293,1256,1195,1133,1115,1016,1015,940,889,812,747,667,624,542,475,384,270,232,136,54,0,0,0,0,0,0,0,0,8,204,334,443,539,759,810,892,1037,1066,1022,1082,0.00048828125,0.5559831986667466,0.6909440214279811,0.7820851249315257,0.186832511434979,0.8693189116648865,0.5862271419534332,0.6685980793598145,0.6059104046953364,0.245124968750994,0.45764536231554426,0.791256714802916,0.6654870405189216,0.13212858145054313,0.06833146751771836,0.041718768287683256,0.16225344219582688,0.06944588553734776,0.15729933292662165,0.08613701980937478,0.20921697773941306,0.10573064994084763,0.2222875922800025,0.12041851178683878,0.17601167622762143,0.11284263145042414,0.0701835297219959,0.08613701980937478,0.05097805912553979,0.05078125,0.1022083580824683,0.048759717706327844,0.1074263138287451,0.09204587240584515,0.08430738212147132,0.039499508625306025,0.10981444226948034,0.0771484375,0.0029296875,0.032285693857063556,0.0333750146301466,0.010381001770248682,0.06701382212616314,0.041524007080994726,0.06324326116676632,0.041718768287683256,0.0739355204326082,0.03500673501745102,0.05117411135380431,0.03549371454177001,0.026203921611325662,0.02489755621871477,0.022482157096135425,0.015440808887540914,0.0386328914938525,0.03676080122015373,0.018961413905222265,0.035907766232129365,0.016016815885602272,0.014938533731228863,0.01800692276815017,0.016253239235442616,0.021945512748285382,0.007437278423695223,0.029749113694780893,0.0065509804028314154,0.01313830473347042,0.008052940675034493,0.007437278423695223,0.016370170521718956,0.021683206358568866,0.009212872199274027,0.010918300671385692,0.006905339660024878,0.013601941676937616,0.027010384152225255,0.020320949264340638,0.016105881350068987,0.019555648822754675,0.012079411012551739,0.013101960805662831,0.007873298582322802,0.017387200990981306,0.015746597164645604,0.013282686043686957,0.024492062898407135,0.0029296875,0.021683206358568866,0.005859375,0.004979511243742954,0.005940197783494355,0.005258950006967289,0.0009765625,0.027964494264211628,0.004026470337517247,0.004026470337517247,0.01800692276815017,0.007627196949127592,0.010918300671385692,0.009212872199274027,0.009618025197066508,0.009814331661250869,0.007873298582322802,0.011048543456039806,0.004367320268554277,0.011430371006562134,0.006253051013118016,0.010054326309557618,0.004979511243742954,0.007042092334890604,0.001953125,0.0021836601342771385,0.006176323555016366,0.005258950006967289,0.0126953125,0.007042092334890604,0.0166875073150733,0.01680141653719263,0.0021836601342771385,0.012506102026236032,0.0009765625,0.0041432037960149265,0.01760523083722651,0.0107421875,0.012732817197661424,0.019457869965987574,0.013810679320049757,0.01284467425582608,0.0009765625,1,1,1.0
4.6875,2.9244284629821777,9.0,0.049399733543395996,38.73285675048828,4.296875,16.52025032043457,3.089261770248413,1.953125,0.9266754984855652,0.1987418681383133,41417.0,792425.0,18612688896.0,19.132844924926758,0.02392479032278061,1.2070449590682983,3.744133234024048,1.8862924378026946e-07,0.0,0.01659693382680416,158,219,282,460,858,1144,1292,1304,1295,1276,1208,1146,1116,1063,971,944,891,858,746,667,583,557,541,527,474,506,490,508,510,572,813,1232,1390,1381,1336,1288,1228,1223,1183,1102,1072,1005,941,872,826,744,680,648,765,794,762,712,792,826,1040,1245,1389,1388,1341,1303,1294,1244,1212,1163,1049,1064,973,1038,1143,1117,1144,1081,1052,983,927,860,824,761,702,622,506,472,394,328,248,143,25,0,0,0,0,40,220,251,281,368,697,1020,1275,1336,1336,1288,1212,1207,1152,1083,1037,967,886,857,792,718,635,651,727,832,983,1080,1117,1228,1207,1144,1096,1023,953,926,877,813,744,671,585,505,524,494,441,381,535,714,1004,1292,1432,1357,1372,1340,1303,1273,1211,1193,1196,1130,1086,1050,923,890,828,810,699,571,568,798,1239,1464,1417,1354,1376,1309,1289,1245,1157,1146,1094,1040,989,920,827,797,718,640,555,463,491,687,1051,1324,1550,1535,1516,1479,1467,1433,1370,1384,1337,1293,1245,1193,1118,1101,1050,1002,890,863,791,712,652,584,588,798,1129,1360,1510,1614,1608,1627,1644,1582,1560,1519,1487,1437,1440,1402,1370,1305,1293,1256,1195,1133,1115,1016,1015,940,889,812,747,667,624,542,475,384,270,232,136,54,0,0,0,0,0,0,0,0,8,204,334,443,0.0009765625,0.583037255851996,0.7439643871438867,0.8419679259944053,0.22673291341549623,0.8530093160033345,0.6244275332355992,0.6066717195125776,0.5574495561298749,0.2924278861591617,0.5086119008377882,0.7806565128559764,0.6882680590747896,0.07453289805895384,0.09425725400010668,0.02681548870653512,0.1852613963381053,0.05694288959809864,0.09876325687320728,0.14708535572134904,0.26992194566297917,0.13453898515073848,0.17671194587918002,0.16933717650209928,0.12976895267783262,0.1578561250423274,0.053932426841734674,0.0833746489784824,0.05511309007625962,0.08081902865703353,0.15070735721765957,0.04769185721513586,0.06800269671310033,0.10081795903636322,0.07453289805895384,0.0048828125,0.14355800910272845,0.04543902392239001,0.03149319432929121,0.05966629050933644,0.05932165058002906,0.03155370004180373,0.05328309713165524,0.023212625632821705,0.07182881073606755,0.0283875817456028,0.08434696438159837,0.02315091717017519,0.052932930597139265,0.039571874197958615,0.02756951994822872,0.016370170521718956,0.01708286687942959,0.023478154844084585,0.029002426572104487,0.02713367966689415,0.026002982335340524,0.02510734400816883,0.027500249688142037,0.021945512748285382,0.014218964627501012,0.029264304812054096,0.022032254243512652,0.012079411012551739,0.027010384152225255,0.01792730444402912,0.019186408891004394,0.01179984958358845,0.017387200990981306,0.01824369305885684,0.026002982335340524,0.017820593350483065,0.011388577919619728,0.001953125,0.012236293052872722,0.021506558149946522,0.0234375,0.016858082521125067,0.018961413905222265,0.009212872199274027,0.01179984958358845,0.009765625,0.0146484375,0.016858082521125067,0.012506102026236032,0.022798081113142094,0.0048828125,0.016105881350068987,0.007873298582322802,0.007873298582322802,0.013282686043686957,0.012079411012551739,0.009765625,0.019773883526676354,0.008052940675034493,0.011920464468489943,0.015440808887540914,0.004367320268554277,0.0009765625,0.015655487833868553,0.0021836601342771385,0.003088161777508183,0.007109482313750506,0.010517900013934578,0.0013810679320049757,0.008052940675034493,0.007109482313750506,0.010786485368346935,0.0027621358640099515,0.005694288959809864,0.003088161777508183,0.001953125,0.004979511243742954,0.004367320268554277,0.01516032685181643,0.003521046167445302,0.011759369705851851,0.02108108705558877,0.008400708268596315,0.004367320268554277,0.008400708268596315,0.005694288959809864,0.025390625,0.005524271728019903,0.006176323555016366,0.01171875,0.0048828125,0.0009765625,0.009765625,1,1,1.0
4.6875,2.9482178688049316,9.0,0.05230462923645973,35.70313262939453,1.171875,16.16868782043457,3.076535940170288,1.953125,0.9218748211860657,0.2033056765794754,43341.0,762970.0,19786739712.0,17.603885650634766,0.02582055702805519,1.0263994932174683,3.708813190460205,7.210130092971667e-07,0.0,0.016443829983472824,583,551,471,396,318,221,104,126,158,219,282,460,858,1144,1292,1304,1295,1276,1208,1146,1116,1063,971,944,891,858,746,667,583,557,541,527,474,506,490,508,510,572,813,1232,1390,1381,1336,1288,1228,1223,1183,1102,1072,1005,941,872,826,744,680,648,765,794,762,712,792,826,1040,1245,1389,1388,1341,1303,1294,1244,1212,1163,1049,1064,973,1038,1143,1117,1144,1081,1052,983,927,860,824,761,702,622,506,472,394,328,248,143,25,0,0,0,0,40,220,251,281,368,697,1020,1275,1336,1336,1288,1212,1207,1152,1083,1037,967,886,857,792,718,635,651,727,832,983,1080,1117,1228,1207,1144,1096,1023,953,926,877,813,744,671,585,505,524,494,441,381,535,714,1004,1292,1432,1357,1372,1340,1303,1273,1211,1193,1196,1130,1086,1050,923,890,828,810,699,571,568,798,1239,1464,1417,1354,1376,1309,1289,1245,1157,1146,1094,1040,989,920,827,797,718,640,555,463,491,687,1051,1324,1550,1535,1516,1479,1467,1433,1370,1384,1337,1293,1245,1193,1118,1101,1050,1002,890,863,791,712,652,584,588,798,1129,1360,1510,1614,1608,1627,1644,1582,1560,1519,1487,1437,1440,1402,1370,1305,1293,1256,1195,1133,1115,1016,1015,940,889,812,747,667,624,542,475,384,270,232,136,54,0,0,0,0,0.00341796875,0.5639705509045642,0.6607634330939933,0.7665219405306944,0.14307557164540757,0.7991151923453883,0.544515697634791,0.6137475834505633,0.5072581860449078,0.2648717634751311,0.4987252197228426,0.7094509806672527,0.763390843031034,0.004979511243742954,0.16842518381021263,0.09969072199191624,0.23438313787955314,0.11624786046838266,0.025559086578715626,0.211920812824515,0.32324808812590183,0.20059744292100365,0.12257318295885142,0.15723869324320916,0.1809278057973526,0.1184341244984026,0.10194208662705952,0.1179984958358845,0.02376079113397742,0.03902586172400017,0.10666458922588397,0.05066844441825331,0.10441458128612234,0.11160191114970042,0.05527723319564416,0.025947910655442233,0.13778185999028614,0.0458984375,0.04107371258752557,0.06911551671570507,0.06800970838468809,0.04033569614856129,0.047651847260765046,0.020108652619115236,0.07647800064410373,0.03423544559171505,0.07754299816838015,0.032033631771204545,0.061554431677029,0.02638526579317636,0.04496431419227085,0.0244140625,0.027151247606362977,0.0445488075310822,0.005524271728019903,0.0126953125,0.050753072110102666,0.024954945974962183,0.04542852870942581,0.04239901044158674,0.013282686043686957,0.024492062898407135,0.014778072217208551,0.013282686043686957,0.03756910949545184,0.007109482313750506,0.008734640537108554,0.01019561182510796,0.009959022487485907,0.0009765625,0.012506102026236032,0.026002982335340524,0.010054326309557618,0.013706707859002147,0.011134525635733769,0.013810679320049757,0.029296875,0.021126277004671814,0.023294649300540163,0.010918300671385692,0.014517645261053229,0.007109482313750506,0.015440808887540914,0.023940723969006372,0.013810679320049757,0.020132351687586234,0.015746597164645604,0.0041432037960149265,0.0126953125,0.0126953125,0.022777155839239456,0.011134525635733769,0.012506102026236032,0.029523860269201122,0.013282686043686957,0.007873298582322802,0.0235996991671769,0.013566839833447074,0.018347943582085875,0.003521046167445302,0.018347943582085875,0.013879560940968648,0.00834375365753665,0.006905339660024878,0.012732817197661424,0.015776850020901866,0.012732817197661424,0.013028968812623373,0.006905339660024878,0.006905339660024878,0.009003461384075085,0.008400708268596315,0.0027621358640099515,0.003521046167445302,0.02157297073669387,0.008052940675034493,0.008843149548962322,0.02708090746848056,0.015746597164645604,0.007873298582322802,0.017686299097924643,0.013810679320049757,0.033203125,0.008052940675034493,0.009212872199274027,0.014906579611790769,0.013566839833447074,0.014680953494504793,0.0029296875,1,1,1.0
4.6875,3.3847715854644775,8.0,0.0787213072180748,28.471487045288086,1.171875,15.526996612548828,3.3944931030273438,1.953125,0.8900187015533447,0.19510731101036072,39916.0,669605.0,15784075264.0,16.775352478027344,0.03125999867916107,1.0868499279022217,3.6383447647094727,9.590277841198258e-06,0.0,0.024232495576143265,775,758,747,732,750,680,619,651,583,551,471,396,318,221,104,126,158,219,282,460,858,1144,1292,1304,1295,1276,1208,1146,1116,1063,971,944,891,858,746,667,583,557,541,527,474,506,490,508,510,572,813,1232,1390,1381,1336,1288,1228,1223,1183,1102,1072,1005,941,872,826,744,680,648,765,794,762,712,792,826,1040,1245,1389,1388,1341,1303,1294,1244,1212,1163,1049,1064,973,1038,1143,1117,1144,1081,1052,983,927,860,824,761,702,622,506,472,394,328,248,143,25,0,0,0,0,40,220,251,281,368,697,1020,1275,1336,1336,1288,1212,1207,1152,1083,1037,967,886,857,792,718,635,651,727,832,983,1080,1117,1228,1207,1144,1096,1023,953,926,877,813,744,671,585,505,524,494,441,381,535,714,1004,1292,1432,1357,1372,1340,1303,1273,1211,1193,1196,1130,1086,1050,923,890,828,810,699,571,568,798,1239,1464,1417,1354,1376,1309,1289,1245,1157,1146,1094,1040,989,920,827,797,718,640,555,463,491,687,1051,1324,1550,1535,1516,1479,1467,1433,1370,1384,1337,1293,1245,1193,1118,1101,1050,1002,890,863,791,712,652,584,588,798,1129,1360,1510,1614,1608,1627,1644,1582,1560,1519,1487,1437,1440,1402,1370,1305,1293,1256,1195,1133,1115,1016,1015,940,889,812,747,667,624,542,475,384,0.00146484375,0.5777958113146494,0.5201329926837222,0.6854606204641017,0.0830078125,0.6636631381855769,0.5077984147686008,0.520723051475437,0.37787416824112996,0.3841976097592573,0.6224932946759377,0.7785506344439431,0.7144300587446546,0.11281304779342417,0.12795577620436874,0.10932267163403539,0.2504516336800147,0.11000099875256815,0.11050701163990469,0.12986445476468195,0.25424031509063,0.1294672923373168,0.17513444368329667,0.17943522116962268,0.12636960246919612,0.16278157414568659,0.08496654974279769,0.1170449979929761,0.024119314521930602,0.049149334110006326,0.12227326878063242,0.029133659941750583,0.09377034284498284,0.09604629957784765,0.06935656603345587,0.020716018980074635,0.13211053578178683,0.05097805912553979,0.025334222209126653,0.05201513275619443,0.04911051156515687,0.019749754312653012,0.0682197234241132,0.04179870031061073,0.05255321893388168,0.03452669830012439,0.08072457249192408,0.010918300671385692,0.06814279306413872,0.05256229156561675,0.029700988917471777,0.0068359375,0.008052940675034493,0.020600608505594715,0.0283875817456028,0.023640075072090243,0.0318844291353799,0.014874556847390447,0.04014610310760638,0.03758179961893331,0.005524271728019903,0.030524413297046454,0.0048828125,0.009765625,0.03984805813106087,0.0027621358640099515,0.00834375365753665,0.0065509804028314154,0.009212872199274027,0.005694288959809864,0.017686299097924643,0.021683206358568866,0.009003461384075085,0.003521046167445302,0.010563138502335907,0.025633603024231812,0.015625,0.007109482313750506,0.008286407592029853,0.016105881350068987,0.005258950006967289,0.022777155839239456,0.005258950006967289,0.01019561182510796,0.005859375,0.016630260122975003,0.005859375,0.017686299097924643,0.00390625,0.0048828125,0.01516032685181643,0.009003461384075085,0.009212872199274027,0.023212625632821705,0.009765625,0.0013810679320049757,0.020600608505594715,0.00966747552403483,0.013879560940968648,0.005694288959809864,0.013566839833447074,0.0068359375,0.003521046167445302,0.006905339660024878,0.0048828125,0.007109482313750506,0.007437278423695223,0.010563138502335907,0.005258950006967289,0.008400708268596315,0.0048828125,0.0048828125,0.01019561182510796,0.011759369705851851,0.009264485332524549,0.005694288959809864,0.017820593350483065,0.016858082521125067,0.0048828125,0.006176323555016366,0.007042092334890604,0.004367320268554277,0.02580047815160724,0.0021836601342771385,0.003521046167445302,0.011134525635733769,0.007109482313750506,0.006905339660024878,0.0029296875,1,1,1.0
4.6875,3.1214277744293213,9.0,0.07698759436607361,29.2120361328125,4.6875,16.046396255493164,3.5199429988861084,4.296875,0.8924612402915955,0.18346384167671204,35294.0,635585.0,12268925952.0,18.00830078125,0.03055114857852459,1.187556505203247,3.677056074142456,1.992191982935765e-06,0.0,0.018211279064416885,1054,1040,984,937,873,763,748,735,775,758,747,732,750,680,619,651,583,551,471,396,318,221,104,126,158,219,282,460,858,1144,1292,1304,1295,1276,1208,1146,1116,1063,971,944,891,858,746,667,583,557,541,527,474,506,490,508,510,572,813,1232,1390,1381,1336,1288,1228,1223,1183,1102,1072,1005,941,872,826,744,680,648,765,794,762,712,792,826,1040,1245,1389,1388,1341,1303,1294,1244,1212,1163,1049,1064,973,1038,1143,1117,1144,1081,1052,983,927,860,824,761,702,622,506,472,394,328,248,143,25,0,0,0,0,40,220,251,281,368,697,1020,1275,1336,1336,1288,1212,1207,1152,1083,1037,967,886,857,792,718,635,651,727,832,983,1080,1117,1228,1207,1144,1096,1023,953,926,877,813,744,671,585,505,524,494,441,381,535,714,1004,1292,1432,1357,1372,1340,1303,1273,1211,1193,1196,1130,1086,1050,923,890,828,810,699,571,568,798,1239,1464,1417,1354,1376,1309,1289,1245,1157,1146,1094,1040,989,920,827,797,718,640,555,463,491,687,1051,1324,1550,1535,1516,1479,1467,1433,1370,1384,1337,1293,1245,1193,1118,1101,1050,1002,890,863,791,712,652,584,588,798,1129,1360,1510,1614,1608,1627,1644,1582,1560,1519,1487,1437,1440,1402,1370,1305,1293,1256,1195,1133,1115,1016,1015,940,0.00244140625,0.602994724889554,0.4747700988146954,0.6917489274833148,0.13310299687038946,0.6251197700182548,0.5546367783257634,0.47480625417522276,0.3944164146768031,0.3912153741791606,0.6094915816466578,0.7918910327664274,0.6995276083307181,0.0777579267085718,0.1208611993337586,0.08748822814228531,0.2427735160649511,0.11111376017485554,0.08179840465379658,0.1560453982685833,0.2607421875,0.14063856271402103,0.1819894374255623,0.16118311241423236,0.12890994904730552,0.16229751883236115,0.07144941298375135,0.1087497825181913,0.03340357690720131,0.05688424171566679,0.12730570031623806,0.024433585943743757,0.09090427906132997,0.09355652235935538,0.0720938625987959,0.020132351687586234,0.13041040635038545,0.05669111435039059,0.018961413905222265,0.04697661512033474,0.04627092867375834,0.022140203220223895,0.07131581261820222,0.03452669830012439,0.060080423497156345,0.026294750034836445,0.08385368647151585,0.014680953494504793,0.06449010539491819,0.04244397228925924,0.035814689103305174,0.005694288959809864,0.007437278423695223,0.025202124805788945,0.0264394265052361,0.02638526579317636,0.030649130520459405,0.018961413905222265,0.03601384553630034,0.035507146411519225,0.00390625,0.029264304812054096,0.006176323555016366,0.008400708268596315,0.03676080122015373,0.00390625,0.007042092334890604,0.0021836601342771385,0.007873298582322802,0.010786485368346935,0.01875915303935405,0.013706707859002147,0.004367320268554277,0.012079411012551739,0.0027621358640099515,0.021126277004671814,0.02231183527108567,0.014680953494504793,0.0170549308560283,0.009814331661250869,0.009814331661250869,0.015655487833868553,0.0068359375,0.017387200990981306,0.0029296875,0.011048543456039806,0.012352647110032733,0.018961413905222265,0.0009765625,0.0009765625,0.011759369705851851,0.007873298582322802,0.006905339660024878,0.024492062898407135,0.006905339660024878,0.0029296875,0.020762003540497363,0.006253051013118016,0.010054326309557618,0.010381001770248682,0.007109482313750506,0.0021836601342771385,0.004026470337517247,0.006905339660024878,0.004979511243742954,0.014517645261053229,0.00390625,0.0048828125,0.00834375365753665,0.0013810679320049757,0.005258950006967289,0.005940197783494355,0.003088161777508183,0.007437278423695223,0.01878455474772592,0.007109482313750506,0.021439939843847802,0.013879560940968648,0.005258950006967289,0.012236293052872722,0.0021836601342771385,0.001953125,0.021506558149946522,0.006176323555016366,0.004367320268554277,0.009814331661250869,0.0048828125,0.006905339660024878,0.00390625,1,1,1.0
4.6875,3.103696346282959,7.0,0.07533948123455048,29.85645866394043,4.6875,16.781156539916992,3.510408878326416,4.296875,0.8946940302848816,0.18229050934314728,34844.0,657553.0,12032874496.0,18.871341705322266,0.02996651455760002,1.2815074920654297,3.739636182785034,5.605199021374574e-06,0.0,0.016377419233322144,1435,1400,1357,1305,1305,1243,1179,1149,1054,1040,984,937,873,763,748,735,775,758,747,732,750,680,619,651,583,551,471,396,318,221,104,126,158,219,282,460,858,1144,1292,1304,1295,1276,1208,1146,1116,1063,971,944,891,858,746,667,583,557,541,527,474,506,490,508,510,572,813,1232,1390,1381,1336,1288,1228,1223,1183,1102,1072,1005,941,872,826,744,680,648,765,794,762,712,792,826,1040,1245,1389,1388,1341,1303,1294,1244,1212,1163,1049,1064,973,1038,1143,1117,1144,1081,1052,983,927,860,824,761,702,622,506,472,394,328,248,143,25,0,0,0,0,40,220,251,281,368,697,1020,1275,1336,1336,1288,1212,1207,1152,1083,1037,967,886,857,792,718,635,651,727,832,983,1080,1117,1228,1207,1144,1096,1023,953,926,877,813,744,671,585,505,524,494,441,381,535,714,1004,1292,1432,1357,1372,1340,1303,1273,1211,1193,1196,1130,1086,1050,923,890,828,810,699,571,568,798,1239,1464,1417,1354,1376,1309,1289,1245,1157,1146,1094,1040,989,920,827,797,718,640,555,463,491,687,1051,1324,1550,1535,1516,1479,1467,1433,1370,1384,1337,1293,1245,1193,1118,1101,1050,1002,890,863,791,712,652,584,588,798,1129,1360,1510,1614,1608,1627,1644,1582,1560,1519,1487,1437,1440,1402,1370,1305,0.00341796875,0.6311284014224294,0.4571230543479581,0.7196470550555304,0.17007334305117178,0.6355854081358038,0.5848728935202135,0.4901769840037093,0.4298162094162494,0.3543253524422163,0.5820517312356975,0.7583220037375541,0.7287773909745713,0.08963120238737317,0.13591420642739693,0.10591089325263153,0.2487168762542892,0.10361231480758046,0.09874877156326506,0.14641925635930714,0.270641748205228,0.14941725384663684,0.1655496677885003,0.15765965680164504,0.14136227087160336,0.15200533325475993,0.0656915236673521,0.101157923145145,0.03828573395295441,0.06207896513794069,0.1331352351735879,0.021945512748285382,0.08808572096702875,0.08953006550536267,0.07650293641282768,0.023619895746968406,0.12416177078596709,0.06171689573955063,0.021683206358568866,0.05339037864389314,0.05511309007625962,0.0283875817456028,0.06114248375975988,0.033730304764004966,0.05525997793279339,0.03538607603904968,0.07835050462318051,0.011048543456039806,0.06772867532968634,0.05219815630817487,0.025559086578715626,0.011920464468489943,0.014517645261053229,0.029035290522106457,0.018165112536853784,0.020132351687586234,0.03712222228271135,0.024119314521930602,0.03250647847088523,0.03125,0.0013810679320049757,0.029296875,0.005258950006967289,0.007627196949127592,0.037057941330098196,0.0029296875,0.008400708268596315,0.003088161777508183,0.007437278423695223,0.010563138502335907,0.014874556847390447,0.015655487833868553,0.0009765625,0.010918300671385692,0.0048828125,0.020600608505594715,0.020600608505594715,0.010381001770248682,0.010786485368346935,0.012732817197661424,0.003521046167445302,0.01800692276815017,0.009264485332524549,0.015440808887540914,0.006905339660024878,0.013810679320049757,0.013282686043686957,0.01516032685181643,0.005524271728019903,0.003521046167445302,0.008052940675034493,0.007437278423695223,0.006176323555016366,0.020967686087484266,0.008843149548962322,0.0009765625,0.020320949264340638,0.008400708268596315,0.011134525635733769,0.011134525635733769,0.007042092334890604,0.003088161777508183,0.005258950006967289,0.007109482313750506,0.0078125,0.01589728573837862,0.005940197783494355,0.007873298582322802,0.0048828125,0.004026470337517247,0.00390625,0.0021836601342771385,0.005694288959809864,0.0068359375,0.015746597164645604,0.003088161777508183,0.0170549308560283,0.017820593350483065,0.009264485332524549,0.012732817197661424,0.0048828125,0.003088161777508183,0.019236050394133015,0.008052940675034493,0.005694288959809864,0.008400708268596315,0.004026470337517247,0.009264485332524549,0.001953125,1,1,1.0
4.6875,3.0629353523254395,7.0,0.07635603100061417,31.007265090942383,4.6875,15.707094192504883,3.4473047256469727,4.296875,0.8947866559028625,0.18442557752132416,35665.0,602986.0,12479836160.0,16.906940460205078,0.02885732240974903,1.0827233791351318,3.654585599899292,1.0733329872891773e-05,0.0,0.017002873122692108,463,464,570,988,1430,1470,1486,1464,1435,1400,1357,1305,1305,1243,1179,1149,1054,1040,984,937,873,763,748,735,775,758,747,732,750,680,619,651,583,551,471,396,318,221,104,126,158,219,282,460,858,1144,1292,1304,1295,1276,1208,1146,1116,1063,971,944,891,858,746,667,583,557,541,527,474,506,490,508,510,572,813,1232,1390,1381,1336,1288,1228,1223,1183,1102,1072,1005,941,872,826,744,680,648,765,794,762,712,792,826,1040,1245,1389,1388,1341,1303,1294,1244,1212,1163,1049,1064,973,1038,1143,1117,1144,1081,1052,983,927,860,824,761,702,622,506,472,394,328,248,143,25,0,0,0,0,40,220,251,281,368,697,1020,1275,1336,1336,1288,1212,1207,1152,1083,1037,967,886,857,792,718,635,651,727,832,983,1080,1117,1228,1207,1144,1096,1023,953,926,877,813,744,671,585,505,524,494,441,381,535,714,1004,1292,1432,1357,1372,1340,1303,1273,1211,1193,1196,1130,1086,1050,923,890,828,810,699,571,568,798,1239,1464,1417,1354,1376,1309,1289,1245,1157,1146,1094,1040,989,920,827,797,718,640,555,463,491,687,1051,1324,1550,1535,1516,1479,1467,1433,1370,1384,1337,1293,1245,1193,1118,1101,1050,1002,890,863,791,712,652,584,588,798,1129,1360,1510,1614,1608,1627,1644,1582,0.00048828125,0.5187100682343608,0.46753280279772297,0.5806220487554503,0.19807615044965188,0.49705016689284304,0.6741938828427604,0.38740124828509725,0.5380602378731196,0.2894910779773975,0.44486361181566175,0.6245703173861717,0.8573417886857919,0.2030216834603588,0.2089387362549427,0.18247090564989096,0.20284310367136282,0.036604814089826784,0.11538324599798383,0.26634567332734227,0.36025098105091197,0.227876208780821,0.2613194394343244,0.17032829001488428,0.05960232234244972,0.2558239628404245,0.16510838965501617,0.19470608985283755,0.0632960172777297,0.08430738212147132,0.17110199930170034,0.096304115836504,0.03126525506559008,0.01019561182510796,0.13886773690116355,0.09184361343399595,0.1449068704328156,0.024119314521930602,0.06726949257536924,0.05200596467068105,0.005694288959809864,0.0375183060787081,0.09570810733204388,0.023294649300540163,0.09277857716026267,0.050413708981016825,0.048808589842186716,0.037314400731528904,0.08867381089571785,0.07473734321737298,0.007042092334890604,0.029652786036501906,0.031035641761856844,0.04606436099637014,0.020716018980074635,0.03633022507370757,0.02132844694125152,0.021035800027869155,0.04794116292434991,0.050413708981016825,0.01878455474772592,0.013282686043686957,0.026654968874914416,0.01528562093993997,0.04239901044158674,0.020531050821902968,0.0300838316420886,0.024954945974962183,0.025559086578715626,0.023457836229422487,0.03931801199061991,0.014084184669781208,0.025390625,0.035814689103305174,0.021836601342771385,0.005940197783494355,0.04496431419227085,0.030508787796510367,0.020716018980074635,0.03889122607761695,0.024020261477048523,0.03665688355297551,0.03554741156875253,0.037109375,0.03234471711265468,0.0244140625,0.03936649291161401,0.04145504936873266,0.025465634395322848,0.025334222209126653,0.029556144434417102,0.029296875,0.027930370402490412,0.046925835065367044,0.020762003540497363,0.02708090746848056,0.024158822025103478,0.019186408891004394,0.023457836229422487,0.013282686043686957,0.029749113694780893,0.020320949264340638,0.020132351687586234,0.026057937625246747,0.0185803687406645,0.03126525506559008,0.019628663322501738,0.020531050821902968,0.019773883526676354,0.0208765218031562,0.019773883526676354,0.016105881350068987,0.022269051271467537,0.01792730444402912,0.020762003540497363,0.016630260122975003,0.01760523083722651,0.030162978928672854,0.02510734400816883,0.032359456105040804,0.016858082521125067,0.020600608505594715,0.0380859375,0.016105881350068987,0.017686299097924643,0.027793455997573647,0.025559086578715626,0.016105881350068987,0.025390625,1,1,1.0
7.421875,4.672848224639893,7.0,0.13860605657100677,12.509438514709473,2.34375,25.39683723449707,4.447417736053467,4.6875,0.797631561756134,0.18280769884586334,35042.0,770740.0,10741036032.0,21.994749069213867,0.06376238167285919,1.6171056032180786,4.396018981933594,2.2294148038781714e-07,0.0,0.06449670344591141,760,686,599,507,445,346,318,350,463,464,570,988,1430,1470,1486,1464,1435,1400,1357,1305,1305,1243,1179,1149,1054,1040,984,937,873,763,748,735,775,758,747,732,750,680,619,651,583,551,471,396,318,221,104,126,158,219,282,460,858,1144,1292,1304,1295,1276,1208,1146,1116,1063,971,944,891,858,746,667,583,557,541,527,474,506,490,508,510,572,813,1232,1390,1381,1336,1288,1228,1223,1183,1102,1072,1005,941,872,826,744,680,648,765,794,762,712,792,826,1040,1245,1389,1388,1341,1303,1294,1244,1212,1163,1049,1064,973,1038,1143,1117,1144,1081,1052,983,927,860,824,761,702,622,506,472,394,328,248,143,25,0,0,0,0,40,220,251,281,368,697,1020,1275,1336,1336,1288,1212,1207,1152,1083,1037,967,886,857,792,718,635,651,727,832,983,1080,1117,1228,1207,1144,1096,1023,953,926,877,813,744,671,585,505,524,494,441,381,535,714,1004,1292,1432,1357,1372,1340,1303,1273,1211,1193,1196,1130,1086,1050,923,890,828,810,699,571,568,798,1239,1464,1417,1354,1376,1309,1289,1245,1157,1146,1094,1040,989,920,827,797,718,640,555,463,491,687,1051,1324,1550,1535,1516,1479,1467,1433,1370,1384,1337,1293,1245,1193,1118,1101,1050,1002,890,863,791,712,652,584,588,798,0.001953125,0.3639172964356318,0.5093173690677376,0.39119343406612195,0.38916965219358585,0.344473337855289,0.8742416365204067,0.4532449497755825,0.7240089746414253,0.10920484113197618,0.418001833167916,0.5802400407967789,0.8547661391210409,0.31450316226503516,0.1515309094413192,0.12962924614097748,0.08315130061487501,0.12150651049341,0.040700519500341224,0.2332022253175694,0.2263350825216412,0.09874877156326506,0.2230007785390085,0.20533373207615038,0.1270882694140425,0.15182327959683609,0.07667725973614688,0.10915243119080437,0.02315091717017519,0.0412127887617367,0.11663689006285771,0.05546668680141768,0.05402076830445051,0.06516679929962059,0.12026001417054956,0.06819875102311831,0.10685218255148383,0.05258950006967289,0.056581663815902246,0.06332614389403701,0.03389952140177692,0.011134525635733769,0.08399005249704891,0.03304477405407936,0.06741111271649343,0.028437929255002024,0.07965422290783321,0.013879560940968648,0.06314516859502817,0.040794137840244965,0.041015625,0.007109482313750506,0.007873298582322802,0.007627196949127592,0.03891573993197515,0.017469281074217108,0.056623785212204,0.0328130812820536,0.037998196207702575,0.019773883526676354,0.021035800027869155,0.042275118792799535,0.013282686043686957,0.022140203220223895,0.04737083138919884,0.013601941676937616,0.0021836601342771385,0.0048828125,0.011759369705851851,0.016253239235442616,0.016016815885602272,0.013706707859002147,0.0041432037960149265,0.016858082521125067,0.009003461384075085,0.01589728573837862,0.023212625632821705,0.008843149548962322,0.0013810679320049757,0.01760523083722651,0.006253051013118016,0.013982247132105814,0.0185546875,0.025559086578715626,0.009765625,0.004367320268554277,0.013810679320049757,0.019652941208494246,0.0021836601342771385,0.004026470337517247,0.012506102026236032,0.004367320268554277,0.004979511243742954,0.019384212149686726,0.011134525635733769,0.004367320268554277,0.025781989809461104,0.00834375365753665,0.005859375,0.015440808887540914,0.009212872199274027,0.011759369705851851,0.005258950006967289,0.006253051013118016,0.0021836601342771385,0.010786485368346935,0.001953125,0.0021836601342771385,0.010381001770248682,0.004026470337517247,0.006253051013118016,0.001953125,0.0065509804028314154,0.005940197783494355,0.0166875073150733,0.005694288959809864,0.019652941208494246,0.013982247132105814,0.007109482313750506,0.013282686043686957,0.0027621358640099515,0.003521046167445302,0.023619895746968406,0.005694288959809864,0.007873298582322802,0.012079411012551739,0.004026470337517247,0.007042092334890604,0.0029296875,1,1,1.0
4.6875,3.1783089637756348,5.0,0.09946668148040771,26.343502044677734,4.6875,29.321136474609375,3.8056464195251465,2.34375,0.8675992488861084,0.17911604046821594,33641.0,801425.0,13872945152.0,23.822864532470703,0.03293408825993538,1.0460883378982544,4.977832317352295,3.7156980852159904e-06,0.0,0.019601894542574883,1216,1164,1104,1040,958,943,921,825,760,686,599,507,445,346,318,350,463,464,570,988,1430,1470,1486,1464,1435,1400,1357,1305,1305,1243,1179,1149,1054,1040,984,937,873,763,748,735,775,758,747,732,750,680,619,651,583,551,471,396,318,221,104,126,158,219,282,460,858,1144,1292,1304,1295,1276,1208,1146,1116,1063,971,944,891,858,746,667,583,557,541,527,474,506,490,508,510,572,813,1232,1390,1381,1336,1288,1228,1223,1183,1102,1072,1005,941,872,826,744,680,648,765,794,762,712,792,826,1040,1245,1389,1388,1341,1303,1294,1244,1212,1163,1049,1064,973,1038,1143,1117,1144,1081,1052,983,927,860,824,761,702,622,506,472,394,328,248,143,25,0,0,0,0,40,220,251,281,368,697,1020,1275,1336,1336,1288,1212,1207,1152,1083,1037,967,886,857,792,718,635,651,727,832,983,1080,1117,1228,1207,1144,1096,1023,953,926,877,813,744,671,585,505,524,494,441,381,535,714,1004,1292,1432,1357,1372,1340,1303,1273,1211,1193,1196,1130,1086,1050,923,890,828,810,699,571,568,798,1239,1464,1417,1354,1376,1309,1289,1245,1157,1146,1094,1040,989,920,827,797,718,640,555,463,491,687,1051,1324,1550,1535,1516,1479,1467,1433,1370,1384,1337,1293,1245,1193,1118,1101,1050,1002,0.00146484375,0.42673099529585545,0.5173127267672724,0.42740873020593534,0.33061652881175674,0.3211985173515409,0.8548754720740946,0.39312311557142254,0.7566248445534338,0.13700444480201296,0.3708688154640282,0.5371173649973889,0.890267283562437,0.3683544041287081,0.17152507881103804,0.1432121497940479,0.10001544833067118,0.15907180968734538,0.0650422883021356,0.19882102608888996,0.21006084105753928,0.09898028213963328,0.19331251405012276,0.17850536759371027,0.12568476986872007,0.16713204578278537,0.0852522842235446,0.12414256704742738,0.012732817197661424,0.04143203796014927,0.12224206667006875,0.054774623681172495,0.051905008851243405,0.06275126494694275,0.12488550664711984,0.07427655027268132,0.11117382399029459,0.04555431167847891,0.05899924791794225,0.0537109375,0.024119314521930602,0.025202124805788945,0.07074519639169857,0.02713367966689415,0.05281569251167953,0.034678283016727936,0.09596683215327656,0.019918044974971814,0.057418221078473046,0.03179457147675724,0.05555258848956208,0.020531050821902968,0.021683206358568866,0.018347943582085875,0.029813159223581537,0.0048828125,0.05146215674318515,0.02883754503951836,0.03389952140177692,0.023212625632821705,0.014938533731228863,0.03676080122015373,0.011134525635733769,0.01953125,0.04769185721513586,0.011759369705851851,0.001953125,0.0021836601342771385,0.009618025197066508,0.01313830473347042,0.021417687694786434,0.007109482313750506,0.010918300671385692,0.025390625,0.01878455474772592,0.021506558149946522,0.022545696055889054,0.008052940675034493,0.012352647110032733,0.011759369705851851,0.011430371006562134,0.007627196949127592,0.008052940675034493,0.015746597164645604,0.00390625,0.0166875073150733,0.015746597164645604,0.017820593350483065,0.006905339660024878,0.0048828125,0.01179984958358845,0.009765625,0.007109482313750506,0.025633603024231812,0.005258950006967289,0.0027621358640099515,0.022269051271467537,0.007042092334890604,0.005694288959809864,0.013282686043686957,0.008734640537108554,0.009765625,0.003088161777508183,0.006905339660024878,0.001953125,0.013671875,0.004026470337517247,0.005940197783494355,0.0048828125,0.0021836601342771385,0.004026470337517247,0.007109482313750506,0.003088161777508183,0.010054326309557618,0.015776850020901866,0.0048828125,0.016630260122975003,0.0185803687406645,0.009814331661250869,0.014938533731228863,0.0021836601342771385,0.004026470337517247,0.025409398107925172,0.0021836601342771385,0.006176323555016366,0.013879560940968648,0.004367320268554277,0.005524271728019903,0.00390625,1,1,1.0
4.6875,3.1830332279205322,5.0,0.10496105998754501,25.27768325805664,2.34375,30.478174209594727,3.784721612930298,4.6875,0.8609781265258789,0.179227814078331,33683.0,831076.0,14377036800.0,24.6734561920166,0.034060802310705185,1.0845139026641846,5.105441570281982,2.0874711026408477e-06,0.0,0.02064458280801773,872,1102,1308,1388,1386,1337,1272,1264,1216,1164,1104,1040,958,943,921,825,760,686,599,507,445,346,318,350,463,464,570,988,1430,1470,1486,1464,1435,1400,1357,1305,1305,1243,1179,1149,1054,1040,984,937,873,763,748,735,775,758,747,732,750,680,619,651,583,551,471,396,318,221,104,126,158,219,282,460,858,1144,1292,1304,1295,1276,1208,1146,1116,1063,971,944,891,858,746,667,583,557,541,527,474,506,490,508,510,572,813,1232,1390,1381,1336,1288,1228,1223,1183,1102,1072,1005,941,872,826,744,680,648,765,794,762,712,792,826,1040,1245,1389,1388,1341,1303,1294,1244,1212,1163,1049,1064,973,1038,1143,1117,1144,1081,1052,983,927,860,824,761,702,622,506,472,394,328,248,143,25,0,0,0,0,40,220,251,281,368,697,1020,1275,1336,1336,1288,1212,1207,1152,1083,1037,967,886,857,792,718,635,651,727,832,983,1080,1117,1228,1207,1144,1096,1023,953,926,877,813,744,671,585,505,524,494,441,381,535,714,1004,1292,1432,1357,1372,1340,1303,1273,1211,1193,1196,1130,1086,1050,923,890,828,810,699,571,568,798,1239,1464,1417,1354,1376,1309,1289,1245,1157,1146,1094,1040,989,920,827,797,718,640,555,463,491,687,1051,1324,1550,1535,1516,1479,1467,1433,1370,1384,0.00146484375,0.4185205542690862,0.5065046635344327,0.43879073342455377,0.31441369609169234,0.3341570848215339,0.8377244335475121,0.3667014943546236,0.7697022533667747,0.1570323431631726,0.35839976796415174,0.5334087715838005,0.883724315653168,0.3797961923256711,0.14517645261053228,0.10481568644530265,0.14119688942916786,0.12236293052872722,0.022269051271467537,0.21467722594707625,0.2558239628404245,0.11824070990363524,0.24873029621239598,0.2345133055468615,0.15351612197756706,0.11165744193012352,0.031310975667737106,0.12112918458369212,0.05328309713165524,0.016858082521125067,0.1208611993337586,0.09528868330764104,0.03126525506559008,0.036916129241085546,0.09351064007442632,0.03489759450235476,0.11128100016865033,0.07387099862920876,0.06647084404391264,0.0865401895464661,0.03773374821555011,0.033673710253059895,0.09205105268963268,0.0009765625,0.06528376919280574,0.0567751634912056,0.11057171761498563,0.03500673501745102,0.05731847887042652,0.03813598474563796,0.06332614389403701,0.02833714478231818,0.027010384152225255,0.027621358640099514,0.02489755621871477,0.023640075072090243,0.051767024533978793,0.03460946317708857,0.041120123577006444,0.009212872199274027,0.027238917345666705,0.048010736536257245,0.009618025197066508,0.007042092334890604,0.03873150784189832,0.013028968812623373,0.01760523083722651,0.018657200365764452,0.02751758360079174,0.028437929255002024,0.01441877251975918,0.021439939843847802,0.003521046167445302,0.016630260122975003,0.011920464468489943,0.012079411012551739,0.03340357690720131,0.01727715430952552,0.018528970665049098,0.0166015625,0.019773883526676354,0.0126953125,0.003521046167445302,0.008400708268596315,0.012732817197661424,0.016716057391234072,0.022482157096135425,0.025012204052472065,0.0048828125,0.0065509804028314154,0.013028968812623373,0.009212872199274027,0.013810679320049757,0.020132351687586234,0.016572815184059706,0.01528562093993997,0.020692988379313566,0.007873298582322802,0.014938533731228863,0.011920464468489943,0.00390625,0.01188039556698871,0.010918300671385692,0.0068359375,0.007042092334890604,0.011759369705851851,0.005940197783494355,0.009003461384075085,0.0048828125,0.007437278423695223,0.004367320268554277,0.009959022487485907,0.006176323555016366,0.014778072217208551,0.012236293052872722,0.0048828125,0.010517900013934578,0.021126277004671814,0.013101960805662831,0.01875915303935405,0.007109482313750506,0.006905339660024878,0.0205078125,0.013028968812623373,0.009618025197066508,0.004979511243742954,0.015440808887540914,0.010517900013934578,0.015625,1,1,1.0
5.078125,3.47012996673584,4.0,0.11881428211927414,22.766937255859375,2.34375,29.972137451171875,3.944342613220215,4.6875,0.8441095948219299,0.17952023446559906,33793.0,818905.0,13999345664.0,24.23297691345215,0.03707611560821533,1.112836241722107,5.063878536224365,2.0806810425710864e-06,2.34375,0.028924860060214996,1227,1176,1117,1049,958,935,872,813,872,1102,1308,1388,1386,1337,1272,1264,1216,1164,1104,1040,958,943,921,825,760,686,599,507,445,346,318,350,463,464,570,988,1430,1470,1486,1464,1435,1400,1357,1305,1305,1243,1179,1149,1054,1040,984,937,873,763,748,735,775,758,747,732,750,680,619,651,583,551,471,396,318,221,104,126,158,219,282,460,858,1144,1292,1304,1295,1276,1208,1146,1116,1063,971,944,891,858,746,667,583,557,541,527,474,506,490,508,510,572,813,1232,1390,1381,1336,1288,1228,1223,1183,1102,1072,1005,941,872,826,744,680,648,765,794,762,712,792,826,1040,1245,1389,1388,1341,1303,1294,1244,1212,1163,1049,1064,973,1038,1143,1117,1144,1081,1052,983,927,860,824,761,702,622,506,472,394,328,248,143,25,0,0,0,0,40,220,251,281,368,697,1020,1275,1336,1336,1288,1212,1207,1152,1083,1037,967,886,857,792,718,635,651,727,832,983,1080,1117,1228,1207,1144,1096,1023,953,926,877,813,744,671,585,505,524,494,441,381,535,714,1004,1292,1432,1357,1372,1340,1303,1273,1211,1193,1196,1130,1086,1050,923,890,828,810,699,571,568,798,1239,1464,1417,1354,1376,1309,1289,1245,1157,1146,1094,1040,989,920,827,797,718,640,555,463,491,687,1051,1324,0.001953125,0.3273160135176373,0.4354921315092218,0.49524044631916947,0.26810153529500547,0.415489186060131,0.7596325598449308,0.2806814593164356,0.8121477977623015,0.21585566028404296,0.3669068907828064,0.5673693656969396,0.8347347555490798,0.35742320909928615,0.07468628439452693,0.040794137840244965,0.14969464056070161,0.06853353929501074,0.040618426451338716,0.26749435561455226,0.222744037655411,0.06894973870353067,0.22271834728921253,0.21293765607222964,0.161971067694263,0.1416554315637205,0.05879684852925925,0.1313721587856571,0.024492062898407135,0.020762003540497363,0.11916463641235625,0.0777824521552339,0.03155370004180373,0.03930588241698849,0.10355707454340472,0.04471973883537231,0.10953183510007776,0.06655687191948725,0.0655461882599603,0.07827743916934277,0.026565372087373914,0.03149319432929121,0.07950442358221727,0.01708286687942959,0.052344114387724204,0.0411664822428867,0.10350641173621956,0.026057937625246747,0.06228601062149209,0.036812650048771024,0.04984296935615174,0.016105881350068987,0.01824369305885684,0.013671875,0.031988944051092184,0.0048828125,0.05146215674318515,0.027930370402490412,0.03633022507370757,0.021506558149946522,0.021417687694786434,0.043891025496570764,0.011134525635733769,0.0170549308560283,0.03554741156875253,0.0021836601342771385,0.014517645261053229,0.013282686043686957,0.024954945974962183,0.027361183058831836,0.018657200365764452,0.018425744398548053,0.001953125,0.016630260122975003,0.012236293052872722,0.015440808887540914,0.02847144479904932,0.01188039556698871,0.014874556847390447,0.010786485368346935,0.011759369705851851,0.011388577919619728,0.007873298582322802,0.017578125,0.005694288959809864,0.010918300671385692,0.011759369705851851,0.014517645261053229,0.007042092334890604,0.005694288959809864,0.009264485332524549,0.010517900013934578,0.008052940675034493,0.02417855156863271,0.008400708268596315,0.006253051013118016,0.02417855156863271,0.0013810679320049757,0.006905339660024878,0.007627196949127592,0.009003461384075085,0.004367320268554277,0.0048828125,0.0,0.005940197783494355,0.009212872199274027,0.0013810679320049757,0.00390625,0.004979511243742954,0.0021836601342771385,0.004367320268554277,0.008286407592029853,0.005258950006967289,0.011430371006562134,0.01188039556698871,0.0029296875,0.01824369305885684,0.013671875,0.0048828125,0.009003461384075085,0.007109482313750506,0.004367320268554277,0.018961413905222265,0.007042092334890604,0.003088161777508183,0.014680953494504793,0.0078125,0.004026470337517247,0.0048828125,1,1,1.0
4.6875,3.216201066970825,5.0,0.11136966198682785,24.19591522216797,3.125,28.034900665283203,3.927891731262207,4.6875,0.8533614873886108,0.1738610416650772,31696.0,730629.0,12373437440.0,23.0511417388916,0.03526882827281952,1.056396245956421,4.913158416748047,3.943597675970523e-06,0.0,0.020586658269166946,1244,1433,1437,1400,1390,1342,1278,1278,1227,1176,1117,1049,958,935,872,813,872,1102,1308,1388,1386,1337,1272,1264,1216,1164,1104,1040,958,943,921,825,760,686,599,507,445,346,318,350,463,464,570,988,1430,1470,1486,1464,1435,1400,1357,1305,1305,1243,1179,1149,1054,1040,984,937,873,763,748,735,775,758,747,732,750,680,619,651,583,551,471,396,318,221,104,126,158,219,282,460,858,1144,1292,1304,1295,1276,1208,1146,1116,1063,971,944,891,858,746,667,583,557,541,527,474,506,490,508,510,572,813,1232,1390,1381,1336,1288,1228,1223,1183,1102,1072,1005,941,872,826,744,680,648,765,794,762,712,792,826,1040,1245,1389,1388,1341,1303,1294,1244,1212,1163,1049,1064,973,1038,1143,1117,1144,1081,1052,983,927,860,824,761,702,622,506,472,394,328,248,143,25,0,0,0,0,40,220,251,281,368,697,1020,1275,1336,1336,1288,1212,1207,1152,1083,1037,967,886,857,792,718,635,651,727,832,983,1080,1117,1228,1207,1144,1096,1023,953,926,877,813,744,671,585,505,524,494,441,381,535,714,1004,1292,1432,1357,1372,1340,1303,1273,1211,1193,1196,1130,1086,1050,923,890,828,810,699,571,568,798,1239,1464,1417,1354,1376,1309,1289,1245,1157,1146,1094,1040,989,920,827,797,0.00244140625,0.47674356991732936,0.5777718780085944,0.3518675434413373,0.4102143746017231,0.420327066502352,0.7415961871430814,0.3060382344412891,0.7043202731138304,0.34022798411764693,0.28110415597921895,0.5365986563354003,0.8446142221180636,0.4046246218345178,0.07754299816838015,0.0956532874061397,0.20486409962803695,0.11080434625687777,0.1488256899817204,0.3197120061973561,0.11914462723810516,0.07835050462318051,0.14169581992176333,0.14500555619742644,0.07552434101947386,0.16082475286862377,0.07717315664113417,0.08541433439714796,0.0927734375,0.051905008851243405,0.14519287435738765,0.11245743688108528,0.07340476747252396,0.08079542496825412,0.07783760615620772,0.05869944893417468,0.08605394277367268,0.0592170622492013,0.06437910048378714,0.054407766707750466,0.029813159223581537,0.016630260122975003,0.08273738117177787,0.016164985700436375,0.05879684852925925,0.04314594147338774,0.1037640738995273,0.025781989809461104,0.06354413470702125,0.03676080122015373,0.05086569001213054,0.020762003540497363,0.028721564784868637,0.025353037081537442,0.024954945974962183,0.0126953125,0.03614600688148779,0.017820593350483065,0.05027163154778809,0.01760523083722651,0.03179457147675724,0.05045152872300582,0.011134525635733769,0.0009765625,0.050753072110102666,0.018528970665049098,0.007437278423695223,0.007042092334890604,0.007109482313750506,0.016016815885602272,0.029893023173855404,0.014778072217208551,0.015625,0.0126953125,0.001953125,0.007873298582322802,0.035814689103305174,0.020716018980074635,0.021035800027869155,0.016253239235442616,0.01875915303935405,0.01760523083722651,0.008400708268596315,0.020762003540497363,0.009003461384075085,0.009765625,0.007042092334890604,0.012506102026236032,0.010918300671385692,0.007873298582322802,0.014680953494504793,0.005524271728019903,0.006905339660024878,0.019457869965987574,0.013028968812623373,0.010918300671385692,0.018425744398548053,0.0065509804028314154,0.010054326309557618,0.013982247132105814,0.009264485332524549,0.008734640537108554,0.003521046167445302,0.005859375,0.009765625,0.0068359375,0.005859375,0.003521046167445302,0.011388577919619728,0.006905339660024878,0.003521046167445302,0.010563138502335907,0.008400708268596315,0.016630260122975003,0.007109482313750506,0.006176323555016366,0.02003738723504218,0.010381001770248682,0.0029296875,0.0048828125,0.00966747552403483,0.006253051013118016,0.02376079113397742,0.001953125,0.005258950006967289,0.011134525635733769,0.007109482313750506,0.005524271728019903,0.0087890625,1,1,1.0
5.078125,3.3378140926361084,5.0,0.1134459525346756,21.723756790161133,2.34375,25.590984344482422,3.769406318664551,4.6875,0.8475396633148193,0.17613625526428223,32531.0,748026.0,11392889856.0,22.994251251220703,0.039014413952827454,1.2971248626708984,4.5748491287231445,6.003880116622895e-06,0.0,0.025378398597240448,875,797,728,620,599,512,509,796,1244,1433,1437,1400,1390,1342,1278,1278,1227,1176,1117,1049,958,935,872,813,872,1102,1308,1388,1386,1337,1272,1264,1216,1164,1104,1040,958,943,921,825,760,686,599,507,445,346,318,350,463,464,570,988,1430,1470,1486,1464,1435,1400,1357,1305,1305,1243,1179,1149,1054,1040,984,937,873,763,748,735,775,758,747,732,750,680,619,651,583,551,471,396,318,221,104,126,158,219,282,460,858,1144,1292,1304,1295,1276,1208,1146,1116,1063,971,944,891,858,746,667,583,557,541,527,474,506,490,508,510,572,813,1232,1390,1381,1336,1288,1228,1223,1183,1102,1072,1005,941,872,826,744,680,648,765,794,762,712,792,826,1040,1245,1389,1388,1341,1303,1294,1244,1212,1163,1049,1064,973,1038,1143,1117,1144,1081,1052,983,927,860,824,761,702,622,506,472,394,328,248,143,25,0,0,0,0,40,220,251,281,368,697,1020,1275,1336,1336,1288,1212,1207,1152,1083,1037,967,886,857,792,718,635,651,727,832,983,1080,1117,1228,1207,1144,1096,1023,953,926,877,813,744,671,585,505,524,494,441,381,535,714,1004,1292,1432,1357,1372,1340,1303,1273,1211,1193,1196,1130,1086,1050,923,890,828,810,699,571,568,798,1239,1464,1417,1354,1376,1309,1289,1245,0.001953125,0.3919520914034857,0.4932723426920887,0.43474583884951984,0.34254521871962507,0.34375,0.8194360319521139,0.374726513636242,0.6503473674146938,0.33559666576161407,0.20647081057058836,0.4755899480067041,0.9010751236600664,0.46488067736727146,0.14115635831472764,0.1524595163109523,0.2466994808468345,0.162851862331818,0.1943580193170623,0.3254063926439294,0.09770018542925164,0.1184703545810123,0.1568409236053614,0.17030589239619187,0.08255275080237522,0.13510840125740528,0.05709342180563854,0.10569005283406006,0.08501143434695455,0.046915672458844974,0.1454422566251192,0.1028547966401885,0.06954880396392522,0.07876326191964536,0.08305949677720671,0.06210968209436658,0.09171892468307472,0.051573226275433176,0.054774623681172495,0.058991165275542795,0.03665688355297551,0.022140203220223895,0.08773858377037579,0.011388577919619728,0.04680373814969437,0.04107371258752557,0.10540543527794387,0.026565372087373914,0.06583653824485615,0.031988944051092184,0.0629030582624528,0.03489759450235476,0.03983608994994363,0.033730304764004966,0.013982247132105814,0.01875915303935405,0.043013116299893045,0.027500249688142037,0.04271274946997859,0.013282686043686957,0.026565372087373914,0.04695630968816917,0.008400708268596315,0.0013810679320049757,0.05027163154778809,0.01800692276815017,0.0065509804028314154,0.005694288959809864,0.007873298582322802,0.020531050821902968,0.0342911130196864,0.022798081113142094,0.014906579611790769,0.0048828125,0.007437278423695223,0.009003461384075085,0.03516981075267404,0.01516032685181643,0.01800692276815017,0.0078125,0.007873298582322802,0.008734640537108554,0.010918300671385692,0.016016815885602272,0.007109482313750506,0.01284467425582608,0.01516032685181643,0.016858082521125067,0.007042092334890604,0.007873298582322802,0.009003461384075085,0.010918300671385692,0.004026470337517247,0.020132351687586234,0.0126953125,0.0107421875,0.019773883526676354,0.0065509804028314154,0.010381001770248682,0.014938533731228863,0.011920464468489943,0.005694288959809864,0.0065509804028314154,0.005258950006967289,0.011430371006562134,0.005940197783494355,0.005694288959809864,0.006905339660024878,0.0029296875,0.003521046167445302,0.0078125,0.006905339660024878,0.0041432037960149265,0.007109482313750506,0.015440808887540914,0.003521046167445302,0.013028968812623373,0.018657200365764452,0.009814331661250869,0.007873298582322802,0.01516032685181643,0.010918300671385692,0.02315091717017519,0.005524271728019903,0.009765625,0.013982247132105814,0.007042092334890604,0.009618025197066508,0.01171875,1,1,1.0
5.078125,3.3386237621307373,3.0,0.1482415646314621,20.9453125,2.34375,33.98651885986328,3.9671216011047363,4.6875,0.8129456639289856,0.1767173409461975,32746.0,851377.0,12574318592.0,25.999420166015625,0.038812775164842606,1.209182620048523,5.290462970733643,3.817172910203226e-06,0.0,0.02692105807363987,1243,1256,1196,1161,1128,1040,959,939,875,797,728,620,599,512,509,796,1244,1433,1437,1400,1390,1342,1278,1278,1227,1176,1117,1049,958,935,872,813,872,1102,1308,1388,1386,1337,1272,1264,1216,1164,1104,1040,958,943,921,825,760,686,599,507,445,346,318,350,463,464,570,988,1430,1470,1486,1464,1435,1400,1357,1305,1305,1243,1179,1149,1054,1040,984,937,873,763,748,735,775,758,747,732,750,680,619,651,583,551,471,396,318,221,104,126,158,219,282,460,858,1144,1292,1304,1295,1276,1208,1146,1116,1063,971,944,891,858,746,667,583,557,541,527,474,506,490,508,510,572,813,1232,1390,1381,1336,1288,1228,1223,1183,1102,1072,1005,941,872,826,744,680,648,765,794,762,712,792,826,1040,1245,1389,1388,1341,1303,1294,1244,1212,1163,1049,1064,973,1038,1143,1117,1144,1081,1052,983,927,860,824,761,702,622,506,472,394,328,248,143,25,0,0,0,0,40,220,251,281,368,697,1020,1275,1336,1336,1288,1212,1207,1152,1083,1037,967,886,857,792,718,635,651,727,832,983,1080,1117,1228,1207,1144,1096,1023,953,926,877,813,744,671,585,505,524,494,441,381,535,714,1004,1292,1432,1357,1372,1340,1303,1273,1211,1193,1196,1130,1086,1050,923,890,828,810,699,571,568,798,0.0,0.3653244478671974,0.4670052163202382,0.46016408398732567,0.33114685756016565,0.31310975667737106,0.8489210124481409,0.4071691824832308,0.6154048622908743,0.3694776177550849,0.19405110250472885,0.4932607423798741,0.8780209299777563,0.44240005830071116,0.12629033719005633,0.14681278290768027,0.20374379903332335,0.139597209791046,0.15094131117406298,0.310370245071719,0.1195162495693904,0.07851465329000695,0.1242539074166313,0.12824240167131065,0.04559616222628419,0.16876175450959335,0.0912184652942842,0.11442462449115315,0.11594392249731117,0.07481386611443283,0.17145278396370894,0.07550539757842854,0.0594741796038481,0.057492914177871196,0.0882371640474728,0.0400390625,0.08106057019315287,0.06744647128840628,0.06715598143341482,0.04615743085193935,0.04496431419227085,0.0185803687406645,0.10088887936241489,0.015746597164645604,0.040229160007902304,0.03930588241698849,0.09957585986410451,0.023840928936979887,0.04972803537685162,0.01019561182510796,0.07422517447523384,0.030162978928672854,0.0166015625,0.0078125,0.04130524605968086,0.01727715430952552,0.02568934851165216,0.014874556847390447,0.0720938625987959,0.029313146523053973,0.045658866123285,0.04203758447271657,0.026294750034836445,0.029652786036501906,0.0537109375,0.012236293052872722,0.019186408891004394,0.019457869965987574,0.02489755621871477,0.01284467425582608,0.028168369339562415,0.012732817197661424,0.02638526579317636,0.013879560940968648,0.013671875,0.010517900013934578,0.046394427813358216,0.0242573092741684,0.025202124805788945,0.011388577919619728,0.011134525635733769,0.005258950006967289,0.015254393898255184,0.0,0.022545696055889054,0.005694288959809864,0.010054326309557618,0.0021836601342771385,0.023940723969006372,0.01886055460530075,0.026868782211323446,0.011134525635733769,0.023518739411703703,0.0341098617120566,0.01242961138804478,0.011920464468489943,0.03155370004180373,0.014906579611790769,0.014778072217208551,0.007437278423695223,0.007042092334890604,0.017820593350483065,0.009618025197066508,0.013810679320049757,0.016105881350068987,0.008400708268596315,0.013810679320049757,0.01284467425582608,0.008400708268596315,0.013028968812623373,0.015655487833868553,0.013566839833447074,0.010918300671385692,0.005258950006967289,0.02161713244255728,0.014218964627501012,0.010786485368346935,0.023619895746968406,0.0170549308560283,0.0087890625,0.021035800027869155,0.01760523083722651,0.034637007521422264,0.013282686043686957,0.012079411012551739,0.016630260122975003,0.020132351687586234,0.012079411012551739,0.0068359375,1,1,1.0
5.078125,3.820704460144043,4.0,0.1271064579486847,17.599576950073242,2.34375,34.255191802978516,4.036535739898682,4.6875,0.8259627223014832,0.1746409386396408,31981.0,808369.0,12291806208.0,25.276538848876953,0.04693083092570305,1.069732427597046,5.332798957824707,0.0,0.0,0.03882046788930893,984,879,830,810,928,1087,1258,1352,1243,1256,1196,1161,1128,1040,959,939,875,797,728,620,599,512,509,796,1244,1433,1437,1400,1390,1342,1278,1278,1227,1176,1117,1049,958,935,872,813,872,1102,1308,1388,1386,1337,1272,1264,1216,1164,1104,1040,958,943,921,825,760,686,599,507,445,346,318,350,463,464,570,988,1430,1470,1486,1464,1435,1400,1357,1305,1305,1243,1179,1149,1054,1040,984,937,873,763,748,735,775,758,747,732,750,680,619,651,583,551,471,396,318,221,104,126,158,219,282,460,858,1144,1292,1304,1295,1276,1208,1146,1116,1063,971,944,891,858,746,667,583,557,541,527,474,506,490,508,510,572,813,1232,1390,1381,1336,1288,1228,1223,1183,1102,1072,1005,941,872,826,744,680,648,765,794,762,712,792,826,1040,1245,1389,1388,1341,1303,1294,1244,1212,1163,1049,1064,973,1038,1143,1117,1144,1081,1052,983,927,860,824,761,702,622,506,472,394,328,248,143,25,0,0,0,0,40,220,251,281,368,697,1020,1275,1336,1336,1288,1212,1207,1152,1083,1037,967,886,857,792,718,635,651,727,832,983,1080,1117,1228,1207,1144,1096,1023,953,926,877,813,744,671,585,505,524,494,441,381,535,714,1004,1292,1432,1357,1372,1340,1303,1273,1211,1193,1196,1130,1086,1050,0.00341796875,0.4043546626122537,0.4985071785275083,0.44439173756771966,0.30916802775313884,0.33241160429565353,0.8548001677124258,0.4204733842008184,0.6071706172463105,0.37012878238764113,0.15182327959683609,0.4770395361552078,0.8863282541179941,0.44908392168210487,0.1425915019409686,0.16423969690531817,0.16608741554389597,0.129319885603491,0.11057171761498563,0.3092173781709085,0.1377264758618339,0.06545883212839411,0.08735732298944841,0.09882117688026186,0.01171875,0.17759749622813917,0.10374109436787589,0.15129156377031208,0.11774363480714214,0.07599639241540515,0.15847115123556646,0.06779904280355384,0.02485922277608956,0.04543902392239001,0.05258950006967289,0.05569831731093437,0.06149242770090299,0.05996125559769044,0.049890780368925004,0.05912035495181762,0.0701835297219959,0.05363097741307024,0.10054326309557618,0.04728015014418049,0.01188039556698871,0.011430371006562134,0.0681357950879391,0.01188039556698871,0.03250647847088523,0.033203125,0.05097805912553979,0.0009765625,0.024705294220065465,0.03294360897154883,0.0377211092106015,0.033673710253059895,0.020132351687586234,0.033432114782468145,0.055672628178668845,0.010517900013934578,0.022545696055889054,0.03125,0.007437278423695223,0.013101960805662831,0.04447381850287383,0.009264485332524549,0.006253051013118016,0.006176323555016366,0.009618025197066508,0.016572815184059706,0.03304477405407936,0.020108652619115236,0.015746597164645604,0.004979511243742954,0.007873298582322802,0.01179984958358845,0.03126525506559008,0.011920464468489943,0.011920464468489943,0.014517645261053229,0.013982247132105814,0.009003461384075085,0.0027621358640099515,0.015746597164645604,0.010517900013934578,0.008052940675034493,0.008286407592029853,0.0126953125,0.0107421875,0.005694288959809864,0.013810679320049757,0.0065509804028314154,0.0126953125,0.026294750034836445,0.0068359375,0.004979511243742954,0.023047702580480365,0.005940197783494355,0.005694288959809864,0.005859375,0.006905339660024878,0.007873298582322802,0.0021836601342771385,0.004979511243742954,0.00966747552403483,0.0048828125,0.005940197783494355,0.007109482313750506,0.003088161777508183,0.0041432037960149265,0.008400708268596315,0.0027621358640099515,0.0027621358640099515,0.0126953125,0.011920464468489943,0.007873298582322802,0.01800692276815017,0.011759369705851851,0.004367320268554277,0.005524271728019903,0.007042092334890604,0.0041432037960149265,0.020762003540497363,0.007109482313750506,0.0021836601342771385,0.013879560940968648,0.005940197783494355,0.005524271728019903,0.0068359375,1,1,1.0
5.078125,3.151134729385376,4.0,0.12155776470899582,20.8503475189209,2.34375,34.42641067504883,3.7966701984405518,4.6875,0.8382395505905151,0.17443877458572388,31907.0,823738.0,12670577664.0,25.816843032836914,0.04020266607403755,1.0751276016235352,5.339606761932373,1.1997580259048846e-05,0.0,0.020450612530112267,1324,1335,1287,1229,1216,1114,1113,1053,984,879,830,810,928,1087,1258,1352,1243,1256,1196,1161,1128,1040,959,939,875,797,728,620,599,512,509,796,1244,1433,1437,1400,1390,1342,1278,1278,1227,1176,1117,1049,958,935,872,813,872,1102,1308,1388,1386,1337,1272,1264,1216,1164,1104,1040,958,943,921,825,760,686,599,507,445,346,318,350,463,464,570,988,1430,1470,1486,1464,1435,1400,1357,1305,1305,1243,1179,1149,1054,1040,984,937,873,763,748,735,775,758,747,732,750,680,619,651,583,551,471,396,318,221,104,126,158,219,282,460,858,1144,1292,1304,1295,1276,1208,1146,1116,1063,971,944,891,858,746,667,583,557,541,527,474,506,490,508,510,572,813,1232,1390,1381,1336,1288,1228,1223,1183,1102,1072,1005,941,872,826,744,680,648,765,794,762,712,792,826,1040,1245,1389,1388,1341,1303,1294,1244,1212,1163,1049,1064,973,1038,1143,1117,1144,1081,1052,983,927,860,824,761,702,622,506,472,394,328,248,143,25,0,0,0,0,40,220,251,281,368,697,1020,1275,1336,1336,1288,1212,1207,1152,1083,1037,967,886,857,792,718,635,651,727,832,983,1080,1117,1228,1207,1144,1096,1023,953,926,877,813,744,671,585,505,524,494,441,381,535,714,1004,1292,1432,1357,1372,1340,0.00341796875,0.41149915017912797,0.5003984770802743,0.4496017813352002,0.3012770492629627,0.3242716918371894,0.8631249195626434,0.4263598509160361,0.6017558790235897,0.3742388311744107,0.1599685685756077,0.4793499582208066,0.8875497293643475,0.4515606414862273,0.145455370163747,0.1689481349113954,0.1699246811909089,0.1352494993077175,0.10753279074973263,0.3049518709824923,0.14226005296096664,0.06508626055840482,0.0817634206599003,0.0973922212036288,0.0126953125,0.17551248985254092,0.10014885314193334,0.15054590704962567,0.11323072687996676,0.0728766922140845,0.15772013463455015,0.06744647128840628,0.0283875817456028,0.04473040035390151,0.05531172757229022,0.0517578125,0.05850416328418031,0.06420109341364688,0.05198762364924283,0.05912035495181762,0.0731900856349677,0.055672628178668845,0.10093140763831426,0.04848512338791566,0.012236293052872722,0.009212872199274027,0.06715598143341482,0.01188039556698871,0.033332125323976586,0.0333750146301466,0.050753072110102666,0.0009765625,0.024119314521930602,0.03192926313334339,0.037109375,0.0328276099882258,0.021035800027869155,0.032359456105040804,0.056892623686052766,0.010918300671385692,0.025012204052472065,0.03126525506559008,0.009003461384075085,0.015191747252054731,0.04200354134298158,0.009003461384075085,0.009264485332524549,0.008843149548962322,0.006176323555016366,0.017304731588544287,0.03384320986555363,0.021417687694786434,0.013566839833447074,0.006905339660024878,0.007042092334890604,0.00966747552403483,0.03384320986555363,0.013671875,0.01441877251975918,0.01179984958358845,0.013810679320049757,0.00834375365753665,0.0013810679320049757,0.014938533731228863,0.010918300671385692,0.00966747552403483,0.008400708268596315,0.013810679320049757,0.009765625,0.004367320268554277,0.014517645261053229,0.0048828125,0.012352647110032733,0.026294750034836445,0.007042092334890604,0.0048828125,0.024647323172117114,0.004979511243742954,0.007873298582322802,0.007627196949127592,0.005940197783494355,0.005859375,0.003521046167445302,0.0013810679320049757,0.005694288959809864,0.00834375365753665,0.003088161777508183,0.0041432037960149265,0.005258950006967289,0.005524271728019903,0.009212872199274027,0.006176323555016366,0.0048828125,0.0107421875,0.014084184669781208,0.010786485368346935,0.019652941208494246,0.011759369705851851,0.006176323555016366,0.007627196949127592,0.006176323555016366,0.0027621358640099515,0.019773883526676354,0.006905339660024878,0.003088161777508183,0.014680953494504793,0.005940197783494355,0.005258950006967289,0.0068359375,1,1,1.0
5.078125,3.161426544189453,4.0,0.12160464376211166,21.182682037353516,2.34375,34.57438278198242,3.7884321212768555,4.6875,0.8387970924377441,0.17504456639289856,32129.0,826010.0,12886203392.0,25.70917320251465,0.039598248898983,1.0573970079421997,5.352321624755859,1.191458613902796e-05,0.0,0.0206680316478014,492,475,702,1097,1400,1451,1432,1401,1324,1335,1287,1229,1216,1114,1113,1053,984,879,830,810,928,1087,1258,1352,1243,1256,1196,1161,1128,1040,959,939,875,797,728,620,599,512,509,796,1244,1433,1437,1400,1390,1342,1278,1278,1227,1176,1117,1049,958,935,872,813,872,1102,1308,1388,1386,1337,1272,1264,1216,1164,1104,1040,958,943,921,825,760,686,599,507,445,346,318,350,463,464,570,988,1430,1470,1486,1464,1435,1400,1357,1305,1305,1243,1179,1149,1054,1040,984,937,873,763,748,735,775,758,747,732,750,680,619,651,583,551,471,396,318,221,104,126,158,219,282,460,858,1144,1292,1304,1295,1276,1208,1146,1116,1063,971,944,891,858,746,667,583,557,541,527,474,506,490,508,510,572,813,1232,1390,1381,1336,1288,1228,1223,1183,1102,1072,1005,941,872,826,744,680,648,765,794,762,712,792,826,1040,1245,1389,1388,1341,1303,1294,1244,1212,1163,1049,1064,973,1038,1143,1117,1144,1081,1052,983,927,860,824,761,702,622,506,472,394,328,248,143,25,0,0,0,0,40,220,251,281,368,697,1020,1275,1336,1336,1288,1212,1207,1152,1083,1037,967,886,857,792,718,635,651,727,832,983,1080,1117,1228,1207,1144,1096,1023,953,926,877,813,744,671,585,505,524,494,441,381,0.00341796875,0.4016154094824912,0.5024781802170502,0.4339817819595126,0.3128614242967456,0.34083290404748967,0.8607859732594705,0.4351262683230761,0.5882968449646914,0.39056762273917295,0.1668522119857308,0.4974778458919757,0.874638073864788,0.4476503275268134,0.14571739311003734,0.17753573205759612,0.1840917448116903,0.15518742704293745,0.0933626437712275,0.3000606475563133,0.15544531564117703,0.08020902030617605,0.06664994347949826,0.11690232227847984,0.0369677602163041,0.15443587983044582,0.08676030993141122,0.12766477222547656,0.12950043572901176,0.09522861478939527,0.1814725364735409,0.049957638915736964,0.003521046167445302,0.05094999008103743,0.03126525506559008,0.07642810469969984,0.08039903305762802,0.04008667139018319,0.04462367054217134,0.05211587525049349,0.058070581044212914,0.04144354526156825,0.12028776632939704,0.057226895796810985,0.009814331661250869,0.024647323172117114,0.04697661512033474,0.027930370402490412,0.047138743695887386,0.045856862819819905,0.0417530436063124,0.01680141653719263,0.02229045353615884,0.018347943582085875,0.04314594147338774,0.03521046167445302,0.009765625,0.04148954255126563,0.05765028180916188,0.00966747552403483,0.01760523083722651,0.03625138904935661,0.0065509804028314154,0.012732817197661424,0.046188412462443235,0.0041432037960149265,0.011430371006562134,0.01242961138804478,0.004026470337517247,0.01878455474772592,0.03489759450235476,0.021836601342771385,0.011430371006562134,0.008052940675034493,0.004026470337517247,0.009003461384075085,0.03430501576220761,0.010381001770248682,0.009765625,0.016572815184059706,0.015776850020901866,0.011388577919619728,0.005940197783494355,0.013982247132105814,0.010381001770248682,0.004979511243742954,0.004026470337517247,0.012079411012551739,0.012079411012551739,0.004026470337517247,0.010918300671385692,0.00834375365753665,0.009264485332524549,0.022881590847382775,0.009765625,0.006253051013118016,0.02580047815160724,0.006176323555016366,0.009264485332524549,0.009814331661250869,0.006905339660024878,0.006253051013118016,0.005258950006967289,0.0009765625,0.0048828125,0.009264485332524549,0.004979511243742954,0.005940197783494355,0.003521046167445302,0.004979511243742954,0.008843149548962322,0.004026470337517247,0.0029296875,0.010786485368346935,0.013706707859002147,0.009765625,0.017953883116064683,0.013982247132105814,0.007873298582322802,0.009003461384075085,0.005940197783494355,0.0009765625,0.016716057391234072,0.007873298582322802,0.005258950006967289,0.012506102026236032,0.00834375365753665,0.0021836601342771385,0.00390625,1,1,1.0
5.078125,3.1794373989105225,5.0,0.12304455041885376,20.200538635253906,2.34375,33.877140045166016,3.8151164054870605,4.6875,0.835590660572052,0.17526236176490784,32209.0,802152.0,12521987072.0,24.904592514038086,0.041364770382642746,1.0324437618255615,5.282768249511719,1.1885033927683253e-05,0.0,0.020520377904176712,700,632,540,506,491,425,448,496,492,475,702,1097,1400,1451,1432,1401,1324,1335,1287,1229,1216,1114,1113,1053,984,879,830,810,928,1087,1258,1352,1243,1256,1196,1161,1128,1040,959,939,875,797,728,620,599,512,509,796,1244,1433,1437,1400,1390,1342,1278,1278,1227,1176,1117,1049,958,935,872,813,872,1102,1308,1388,1386,1337,1272,1264,1216,1164,1104,1040,958,943,921,825,760,686,599,507,445,346,318,350,463,464,570,988,1430,1470,1486,1464,1435,1400,1357,1305,1305,1243,1179,1149,1054,1040,984,937,873,763,748,735,775,758,747,732,750,680,619,651,583,551,471,396,318,221,104,126,158,219,282,460,858,1144,1292,1304,1295,1276,1208,1146,1116,1063,971,944,891,858,746,667,583,557,541,527,474,506,490,508,510,572,813,1232,1390,1381,1336,1288,1228,1223,1183,1102,1072,1005,941,872,826,744,680,648,765,794,762,712,792,826,1040,1245,1389,1388,1341,1303,1294,1244,1212,1163,1049,1064,973,1038,1143,1117,1144,1081,1052,983,927,860,824,761,702,622,506,472,394,328,248,143,25,0,0,0,0,40,220,251,281,368,697,1020,1275,1336,1336,1288,1212,1207,1152,1083,1037,967,886,857,792,718,635,651,727,832,983,1080,1117,1228,1207,1144,1096,1023,953,926,877,813,0.0029296875,0.39867199747695553,0.5072910859759361,0.4253083849279709,0.3137487257973379,0.34381796425071204,0.8682519376927004,0.44387317076348826,0.583230236570514,0.39206399986823043,0.17258376589355096,0.49253808508458413,0.8813042373740617,0.45285973512475763,0.14721497491876304,0.17479104782679983,0.1803497053930268,0.15130417035009983,0.09791469707266642,0.2973452407550977,0.15625,0.07722257118542662,0.0637688582707598,0.1149277567962873,0.037695818487536684,0.1531055671661407,0.08484861468846018,0.12543412164188145,0.1306879999560768,0.09610585702440061,0.1820182566446375,0.05111817315743125,0.0041432037960149265,0.051840661874949207,0.03356023491687418,0.07485846834662813,0.07851465329000695,0.04144354526156825,0.04290211452439218,0.05603971381017021,0.056623785212204,0.03843489971514537,0.11849852587591807,0.055285858807492816,0.011134525635733769,0.02833714478231818,0.0441185820237364,0.0318844291353799,0.04961283514015835,0.04941058844013093,0.04026470337517247,0.020531050821902968,0.020967686087484266,0.014778072217208551,0.04630183434035038,0.0385216463346016,0.011134525635733769,0.04360764367532443,0.055000499376284075,0.007109482313750506,0.018165112536853784,0.03756910949545184,0.007627196949127592,0.015191747252054731,0.04501730692037543,0.004979511243742954,0.012506102026236032,0.012352647110032733,0.003088161777508183,0.021417687694786434,0.03452669830012439,0.019918044974971814,0.010918300671385692,0.008052940675034493,0.005524271728019903,0.010054326309557618,0.0341796875,0.0087890625,0.007873298582322802,0.016164985700436375,0.015440808887540914,0.011134525635733769,0.007873298582322802,0.010563138502335907,0.014938533731228863,0.004979511243742954,0.004026470337517247,0.016630260122975003,0.00834375365753665,0.001953125,0.012236293052872722,0.004367320268554277,0.01284467425582608,0.026654968874914416,0.005859375,0.0027621358640099515,0.0244140625,0.005258950006967289,0.006253051013118016,0.006176323555016366,0.006176323555016366,0.007873298582322802,0.003088161777508183,0.003088161777508183,0.006176323555016366,0.009814331661250869,0.0041432037960149265,0.0048828125,0.0048828125,0.005694288959809864,0.008734640537108554,0.00390625,0.003088161777508183,0.009959022487485907,0.014218964627501012,0.009765625,0.01886055460530075,0.013982247132105814,0.007873298582322802,0.009618025197066508,0.00390625,0.0,0.01792730444402912,0.006905339660024878,0.0041432037960149265,0.012236293052872722,0.007627196949127592,0.004026470337517247,0.005859375,1,1,1.0
5.078125,3.1783854961395264,4.0,0.12222588062286377,20.319915771484375,2.34375,34.471717834472656,3.8122448921203613,4.6875,0.8366025686264038,0.17574869096279144,32388.0,814426.0,12813429760.0,25.145917892456055,0.04117155820131302,1.0302916765213013,5.334287643432617,8.683641681273002e-06,0.0,0.020010292530059814,1180,1116,1065,1000,967,895,843,744,700,632,540,506,491,425,448,496,492,475,702,1097,1400,1451,1432,1401,1324,1335,1287,1229,1216,1114,1113,1053,984,879,830,810,928,1087,1258,1352,1243,1256,1196,1161,1128,1040,959,939,875,797,728,620,599,512,509,796,1244,1433,1437,1400,1390,1342,1278,1278,1227,1176,1117,1049,958,935,872,813,872,1102,1308,1388,1386,1337,1272,1264,1216,1164,1104,1040,958,943,921,825,760,686,599,507,445,346,318,350,463,464,570,988,1430,1470,1486,1464,1435,1400,1357,1305,1305,1243,1179,1149,1054,1040,984,937,873,763,748,735,775,758,747,732,750,680,619,651,583,551,471,396,318,221,104,126,158,219,282,460,858,1144,1292,1304,1295,1276,1208,1146,1116,1063,971,944,891,858,746,667,583,557,541,527,474,506,490,508,510,572,813,1232,1390,1381,1336,1288,1228,1223,1183,1102,1072,1005,941,872,826,744,680,648,765,794,762,712,792,826,1040,1245,1389,1388,1341,1303,1294,1244,1212,1163,1049,1064,973,1038,1143,1117,1144,1081,1052,983,927,860,824,761,702,622,506,472,394,328,248,143,25,0,0,0,0,40,220,251,281,368,697,1020,1275,1336,1336,1288,1212,1207,1152,1083,1037,967,886,857,792,718,635,651,727,832,983,1080,1117,1228,0.00048828125,0.39756529841512356,0.5118724795921046,0.4215369106073566,0.31105623518153835,0.34127750719035455,0.8728360256434955,0.44321092985702254,0.5864483450202184,0.3880235642031977,0.16930338228726044,0.4912963550235974,0.8793412551966502,0.44893524511791455,0.14449165420454438,0.1739597465168397,0.18312825379068567,0.15321764576136865,0.09618025197066508,0.2995867107627189,0.1553839524161264,0.0777579267085718,0.06561162903219073,0.11426198576780276,0.03648738611771368,0.15379541734235067,0.08531937679758864,0.12515630486304977,0.13041406273400527,0.09665995695132515,0.1829094002336885,0.05191419476563286,0.003521046167445302,0.05220729064306117,0.03416573375885918,0.0741480440340946,0.07702472279965233,0.043552935783159684,0.04293544518941525,0.05715185503281067,0.05525997793279339,0.03648738611771368,0.11914462723810516,0.05590340539594418,0.013028968812623373,0.029523860269201122,0.04324529262789947,0.031988944051092184,0.051711727714350494,0.04833737762017415,0.04372776011179318,0.0185803687406645,0.020132351687586234,0.016016815885602272,0.04514423566924305,0.03665688355297551,0.010786485368346935,0.04217348219079919,0.05685070147589017,0.01019561182510796,0.016716057391234072,0.03813598474563796,0.007042092334890604,0.014517645261053229,0.04577360017678893,0.003088161777508183,0.013982247132105814,0.014218964627501012,0.0013810679320049757,0.022269051271467537,0.033332125323976586,0.0185803687406645,0.011759369705851851,0.008052940675034493,0.0065509804028314154,0.01171875,0.03259437357085671,0.007437278423695223,0.009618025197066508,0.01589728573837862,0.01441877251975918,0.009618025197066508,0.0065509804028314154,0.01188039556698871,0.012732817197661424,0.005524271728019903,0.004367320268554277,0.014218964627501012,0.01019561182510796,0.0021836601342771385,0.010381001770248682,0.006905339660024878,0.010563138502335907,0.025781989809461104,0.00834375365753665,0.00390625,0.025781989809461104,0.003088161777508183,0.006253051013118016,0.006905339660024878,0.007437278423695223,0.007873298582322802,0.0009765625,0.004026470337517247,0.007437278423695223,0.009618025197066508,0.003088161777508183,0.0029296875,0.006253051013118016,0.007437278423695223,0.00966747552403483,0.004367320268554277,0.003088161777508183,0.011430371006562134,0.013810679320049757,0.008400708268596315,0.017469281074217108,0.01441877251975918,0.009212872199274027,0.009959022487485907,0.004026470337517247,0.0009765625,0.018165112536853784,0.007627196949127592,0.004026470337517247,0.013810679320049757,0.007437278423695223,0.00390625,0.005859375,1,1,1.0
5.078125,3.1852223873138428,4.0,0.12178051471710205,20.241857528686523,2.34375,34.56816864013672,3.8112499713897705,4.6875,0.8368756771087646,0.17570257186889648,32371.0,810802.0,12871087104.0,25.04717254638672,0.041343819350004196,1.0149614810943604,5.346866130828857,2.413363802133972e-07,0.0,0.020063994452357292,812,845,877,927,973,1086,1196,1227,1180,1116,1065,1000,967,895,843,744,700,632,540,506,491,425,448,496,492,475,702,1097,1400,1451,1432,1401,1324,1335,1287,1229,1216,1114,1113,1053,984,879,830,810,928,1087,1258,1352,1243,1256,1196,1161,1128,1040,959,939,875,797,728,620,599,512,509,796,1244,1433,1437,1400,1390,1342,1278,1278,1227,1176,1117,1049,958,935,872,813,872,1102,1308,1388,1386,1337,1272,1264,1216,1164,1104,1040,958,943,921,825,760,686,599,507,445,346,318,350,463,464,570,988,1430,1470,1486,1464,1435,1400,1357,1305,1305,1243,1179,1149,1054,1040,984,937,873,763,748,735,775,758,747,732,750,680,619,651,583,551,471,396,318,221,104,126,158,219,282,460,858,1144,1292,1304,1295,1276,1208,1146,1116,1063,971,944,891,858,746,667,583,557,541,527,474,506,490,508,510,572,813,1232,1390,1381,1336,1288,1228,1223,1183,1102,1072,1005,941,872,826,744,680,648,765,794,762,712,792,826,1040,1245,1389,1388,1341,1303,1294,1244,1212,1163,1049,1064,973,1038,1143,1117,1144,1081,1052,983,927,860,824,761,702,622,506,472,394,328,248,143,25,0,0,0,0,40,220,251,281,368,697,1020,1275,1336,1336,1288,1212,1207,1152,1083,1037,967,886,857,792,718,0.00341796875,0.39736014922963875,0.49045026060741653,0.4267879798404919,0.33139299868898575,0.36200448732071266,0.8782576817090512,0.46271031726936834,0.5723839334830865,0.384732162647078,0.16957354743084563,0.47263304598259437,0.8789333763175016,0.431928857738138,0.1289247441752146,0.17362226662293392,0.1935097466116149,0.16311224993574688,0.08114875941618058,0.3141937133587497,0.14065551426747427,0.06783419916723538,0.06649953236809851,0.10467456339145345,0.04471973883537231,0.14075040523816273,0.08036343988844134,0.11920464468489944,0.14018009591076325,0.09671913652234963,0.17106576629742662,0.0570432885410556,0.013028968812623373,0.0411664822428867,0.02638526579317636,0.08315130061487501,0.08808572096702875,0.04005097002814429,0.05274341647027647,0.04805044765680681,0.06514484406311687,0.04230894340319232,0.10843802064446337,0.04606436099637014,0.020600608505594715,0.039764205217777994,0.0324624416769427,0.03965613379735733,0.0602389473175435,0.04239901044158674,0.051905008851243405,0.010517900013934578,0.0234375,0.023518739411703703,0.0380859375,0.03179457147675724,0.0041432037960149265,0.04848512338791566,0.05349744501875913,0.007109482313750506,0.020531050821902968,0.038397662600268556,0.009618025197066508,0.01516032685181643,0.044291173712689716,0.004979511243742954,0.0126953125,0.013282686043686957,0.0021836601342771385,0.022545696055889054,0.03360283307438526,0.019918044974971814,0.010918300671385692,0.009765625,0.005940197783494355,0.010381001770248682,0.034678283016727936,0.005940197783494355,0.007437278423695223,0.01516032685181643,0.010381001770248682,0.005258950006967289,0.0048828125,0.01441877251975918,0.010054326309557618,0.00834375365753665,0.006905339660024878,0.008843149548962322,0.014874556847390447,0.005940197783494355,0.005940197783494355,0.007873298582322802,0.013028968812623373,0.029133659941750583,0.00390625,0.0009765625,0.02209708691207961,0.007109482313750506,0.006176323555016366,0.0065509804028314154,0.004979511243742954,0.007042092334890604,0.0048828125,0.0013810679320049757,0.007627196949127592,0.007042092334890604,0.0013810679320049757,0.0029296875,0.007109482313750506,0.0078125,0.010918300671385692,0.0041432037960149265,0.0027621358640099515,0.010918300671385692,0.013982247132105814,0.009618025197066508,0.01760523083722651,0.0126953125,0.008052940675034493,0.009003461384075085,0.005940197783494355,0.0021836601342771385,0.016105881350068987,0.007042092334890604,0.004367320268554277,0.011388577919619728,0.007873298582322802,0.006905339660024878,0.0087890625,1,1,1.0
5.078125,3.1706674098968506,3.0,0.11805644631385803,20.53412437438965,2.34375,35.48295974731445,3.7880022525787354,4.6875,0.8409879207611084,0.1752786934375763,32215.0,810050.0,12822385664.0,25.145118713378906,0.04095562547445297,1.0015393495559692,5.416519641876221,1.1883004845003597e-05,0.0,0.020254159346222878,859,903,823,747,716,638,599,728,812,845,877,927,973,1086,1196,1227,1180,1116,1065,1000,967,895,843,744,700,632,540,506,491,425,448,496,492,475,702,1097,1400,1451,1432,1401,1324,1335,1287,1229,1216,1114,1113,1053,984,879,830,810,928,1087,1258,1352,1243,1256,1196,1161,1128,1040,959,939,875,797,728,620,599,512,509,796,1244,1433,1437,1400,1390,1342,1278,1278,1227,1176,1117,1049,958,935,872,813,872,1102,1308,1388,1386,1337,1272,1264,1216,1164,1104,1040,958,943,921,825,760,686,599,507,445,346,318,350,463,464,570,988,1430,1470,1486,1464,1435,1400,1357,1305,1305,1243,1179,1149,1054,1040,984,937,873,763,748,735,775,758,747,732,750,680,619,651,583,551,471,396,318,221,104,126,158,219,282,460,858,1144,1292,1304,1295,1276,1208,1146,1116,1063,971,944,891,858,746,667,583,557,541,527,474,506,490,508,510,572,813,1232,1390,1381,1336,1288,1228,1223,1183,1102,1072,1005,941,872,826,744,680,648,765,794,762,712,792,826,1040,1245,1389,1388,1341,1303,1294,1244,1212,1163,1049,1064,973,1038,1143,1117,1144,1081,1052,983,927,860,824,761,702,622,506,472,394,328,248,143,25,0,0,0,0,40,220,251,281,368,697,1020,1275,1336,1336,1288,1212,1207,0.001953125,0.411363550528149,0.5466831415686702,0.4466831462344229,0.29009659835467416,0.3364495212278844,0.8260414255020797,0.4519585690710358,0.5374155732317876,0.4318361141734148,0.21584019634082366,0.4379368372275606,0.9121177395226743,0.41394847523444966,0.08884035480893875,0.1657655515437791,0.2225212892784169,0.18342745127927962,0.05937789106859477,0.3382474745876773,0.12920922019348238,0.04501730692037543,0.05603971381017021,0.11270732848635553,0.05731847887042652,0.14337188084077127,0.09003461384075086,0.12798931101037367,0.13387101162651402,0.09610585702440061,0.17664717272804709,0.05940197783494355,0.014517645261053229,0.03847210078826603,0.03317439013957623,0.08691954863303371,0.09533370985832641,0.03316001337177665,0.06519606144716608,0.03477440198196261,0.07992315416253955,0.051164792568084906,0.096304115836504,0.04244397228925924,0.03792282781044453,0.052959948683422846,0.032033631771204545,0.035224001556389516,0.05310381298563486,0.03363120187055188,0.041062101643805936,0.01824369305885684,0.027793455997573647,0.010517900013934578,0.04820896502811517,0.0377211092106015,0.01188039556698871,0.04026470337517247,0.06146140225609204,0.013879560940968648,0.018165112536853784,0.0441185820237364,0.01589728573837862,0.01800692276815017,0.044248088903160905,0.009003461384075085,0.015254393898255184,0.021484375,0.006905339660024878,0.030162978928672854,0.023478154844084585,0.017820593350483065,0.018657200365764452,0.016164985700436375,0.0078125,0.012732817197661424,0.04239901044158674,0.010381001770248682,0.0185546875,0.013810679320049757,0.004979511243742954,0.01019561182510796,0.009003461384075085,0.024119314521930602,0.0107421875,0.004026470337517247,0.0048828125,0.020108652619115236,0.004979511243742954,0.006253051013118016,0.013982247132105814,0.011430371006562134,0.0048828125,0.024158822025103478,0.010517900013934578,0.006253051013118016,0.024647323172117114,0.009264485332524549,0.006905339660024878,0.007873298582322802,0.006905339660024878,0.004367320268554277,0.005258950006967289,0.006176323555016366,0.010918300671385692,0.010517900013934578,0.005258950006967289,0.006905339660024878,0.00390625,0.00390625,0.00390625,0.01019561182510796,0.008843149548962322,0.01528562093993997,0.007437278423695223,0.0029296875,0.010918300671385692,0.01933495104806966,0.011920464468489943,0.013101960805662831,0.0048828125,0.004026470337517247,0.017686299097924643,0.010786485368346935,0.0078125,0.008400708268596315,0.010563138502335907,0.009959022487485907,0.01171875,1,1,1.0
5.078125,3.3300554752349854,4.0,0.11846929788589478,19.169490814208984,2.34375,36.22748565673828,3.847468376159668,4.6875,0.8378245830535889,0.17534396052360535,32239.0,872372.0,12568151040.0,27.059524536132812,0.04370614513754845,1.219265103340149,5.430068492889404,3.877279141306644e-06,0.0,0.02598757855594158,956,937,920,858,767,745,735,840,859,903,823,747,716,638,599,728,812,845,877,927,973,1086,1196,1227,1180,1116,1065,1000,967,895,843,744,700,632,540,506,491,425,448,496,492,475,702,1097,1400,1451,1432,1401,1324,1335,1287,1229,1216,1114,1113,1053,984,879,830,810,928,1087,1258,1352,1243,1256,1196,1161,1128,1040,959,939,875,797,728,620,599,512,509,796,1244,1433,1437,1400,1390,1342,1278,1278,1227,1176,1117,1049,958,935,872,813,872,1102,1308,1388,1386,1337,1272,1264,1216,1164,1104,1040,958,943,921,825,760,686,599,507,445,346,318,350,463,464,570,988,1430,1470,1486,1464,1435,1400,1357,1305,1305,1243,1179,1149,1054,1040,984,937,873,763,748,735,775,758,747,732,750,680,619,651,583,551,471,396,318,221,104,126,158,219,282,460,858,1144,1292,1304,1295,1276,1208,1146,1116,1063,971,944,891,858,746,667,583,557,541,527,474,506,490,508,510,572,813,1232,1390,1381,1336,1288,1228,1223,1183,1102,1072,1005,941,872,826,744,680,648,765,794,762,712,792,826,1040,1245,1389,1388,1341,1303,1294,1244,1212,1163,1049,1064,973,1038,1143,1117,1144,1081,1052,983,927,860,824,761,702,622,506,472,394,328,248,143,25,0,0,0,0,40,220,251,281,368,0.0,0.43502762980791126,0.5951168990502255,0.48274201801483085,0.27385918934887016,0.3437624842370785,0.7740026393717236,0.4855755110848693,0.475835527102106,0.4572148402624854,0.2428677756923025,0.38062517839499616,0.879538075848724,0.34856578706200675,0.1201330655156014,0.23983905800072636,0.163832730659212,0.10903004335504919,0.13650932621098869,0.26171328410803546,0.19848257438985867,0.12065191571469142,0.10565395342122866,0.10619864625229604,0.034637007521422264,0.1388814712239052,0.024119314521930602,0.06641343021843478,0.20299584610921884,0.12415024889929868,0.11272848027944526,0.08293885002963497,0.05902348920414678,0.06457138771412711,0.026057937625246747,0.0896365222201456,0.07469266865614431,0.05862629304610795,0.0285216442705278,0.05705164714444738,0.0701835297219959,0.0630242296885256,0.08976941558032342,0.023518739411703703,0.044815601193686584,0.0658944547181146,0.029893023173855404,0.03813598474563796,0.04973762335252673,0.0390625,0.027964494264211628,0.030649130520459405,0.015746597164645604,0.026294750034836445,0.034637007521422264,0.016105881350068987,0.012732817197661424,0.06359664123111303,0.043552935783159684,0.014517645261053229,0.03936649291161401,0.01708286687942959,0.012506102026236032,0.016630260122975003,0.05774945094520515,0.01760523083722651,0.022798081113142094,0.005859375,0.016630260122975003,0.01589728573837862,0.04323426488511456,0.019236050394133015,0.020716018980074635,0.003088161777508183,0.010563138502335907,0.004979511243742954,0.05067785447394188,0.01760523083722651,0.0205078125,0.019186408891004394,0.01019561182510796,0.016164985700436375,0.01313830473347042,0.023619895746968406,0.017953883116064683,0.008052940675034493,0.010517900013934578,0.012079411012551739,0.018657200365764452,0.011430371006562134,0.0027621358640099515,0.009765625,0.022545696055889054,0.035224001556389516,0.009264485332524549,0.012732817197661424,0.0332174831087792,0.00834375365753665,0.010563138502335907,0.009212872199274027,0.008400708268596315,0.018961413905222265,0.015440808887540914,0.01019561182510796,0.013706707859002147,0.0048828125,0.006176323555016366,0.0068359375,0.00966747552403483,0.009003461384075085,0.00390625,0.012352647110032733,0.012732817197661424,0.019457869965987574,0.0041432037960149265,0.005694288959809864,0.01589728573837862,0.013282686043686957,0.0048828125,0.001953125,0.014778072217208551,0.012079411012551739,0.010918300671385692,0.009264485332524549,0.010918300671385692,0.02568934851165216,0.007873298582322802,0.009003461384075085,0.005859375,1,1,1.0
5.078125,3.6127073764801025,5.0,0.10929271578788757,18.443220138549805,2.34375,33.370914459228516,3.8018946647644043,4.6875,0.8448966145515442,0.172481507062912,31195.0,811165.0,11023379456.0,26.0030460357666,0.04581068828701973,1.2912918329238892,5.1797051429748535,0.0,0.0,0.03234109655022621,879,798,729,665,687,717,784,935,956,937,920,858,767,745,735,840,859,903,823,747,716,638,599,728,812,845,877,927,973,1086,1196,1227,1180,1116,1065,1000,967,895,843,744,700,632,540,506,491,425,448,496,492,475,702,1097,1400,1451,1432,1401,1324,1335,1287,1229,1216,1114,1113,1053,984,879,830,810,928,1087,1258,1352,1243,1256,1196,1161,1128,1040,959,939,875,797,728,620,599,512,509,796,1244,1433,1437,1400,1390,1342,1278,1278,1227,1176,1117,1049,958,935,872,813,872,1102,1308,1388,1386,1337,1272,1264,1216,1164,1104,1040,958,943,921,825,760,686,599,507,445,346,318,350,463,464,570,988,1430,1470,1486,1464,1435,1400,1357,1305,1305,1243,1179,1149,1054,1040,984,937,873,763,748,735,775,758,747,732,750,680,619,651,583,551,471,396,318,221,104,126,158,219,282,460,858,1144,1292,1304,1295,1276,1208,1146,1116,1063,971,944,891,858,746,667,583,557,541,527,474,506,490,508,510,572,813,1232,1390,1381,1336,1288,1228,1223,1183,1102,1072,1005,941,872,826,744,680,648,765,794,762,712,792,826,1040,1245,1389,1388,1341,1303,1294,1244,1212,1163,1049,1064,973,1038,1143,1117,1144,1081,1052,983,927,860,824,761,702,622,506,472,394,328,248,143,25,0,0.0,0.33352862041690967,0.5125678785079348,0.3218955024189357,0.16779833288080703,0.18969710852028565,0.6867567726692827,0.4419385013517727,0.38979036810431134,0.5845793178182075,0.35982584661552336,0.2766586222877082,0.8059238454276596,0.2892999447075863,0.23965806762945163,0.31088602991480885,0.07511917817825073,0.11399040556571047,0.1550736971974938,0.2852582357222369,0.13747003402162325,0.09385167013073409,0.09111385692811169,0.0937550861250546,0.040700519500341224,0.15327365432569148,0.054407766707750466,0.07560637441736684,0.19564424950220552,0.15126634745882891,0.10167980755371323,0.11066224241796592,0.08536966162505602,0.08560393359691847,0.05321145596025499,0.08631950784198222,0.049071658306254345,0.06078268093591967,0.03356023491687418,0.041524007080994726,0.10527416221921232,0.08399005249704891,0.07258822630526614,0.054635159104294395,0.058045941803568674,0.04942023800343748,0.058021292099659956,0.023212625632821705,0.05274341647027647,0.05349744501875913,0.06231662552165553,0.0041432037960149265,0.035224001556389516,0.01727715430952552,0.05317559917992962,0.040229160007902304,0.013810679320049757,0.04680373814969437,0.0609002415143315,0.020108652619115236,0.043596707588964285,0.015440808887540914,0.019773883526676354,0.021484375,0.061670521108777125,0.02763861659782208,0.0244140625,0.01179984958358845,0.022881590847382775,0.03430501576220761,0.0324624416769427,0.003521046167445302,0.0325211441510678,0.026868782211323446,0.020899350155305366,0.027981540589637505,0.03340357690720131,0.0146484375,0.023212625632821705,0.015746597164645604,0.01933495104806966,0.01242961138804478,0.0170549308560283,0.030336376107439583,0.01019561182510796,0.017953883116064683,0.015440808887540914,0.030508787796510367,0.007873298582322802,0.016164985700436375,0.013982247132105814,0.01953125,0.021683206358568866,0.04283537538957287,0.011759369705851851,0.01760523083722651,0.03648738611771368,0.01441877251975918,0.015254393898255184,0.011920464468489943,0.012732817197661424,0.01792730444402912,0.01727715430952552,0.013101960805662831,0.0192608231673008,0.01760523083722651,0.013810679320049757,0.016105881350068987,0.009959022487485907,0.012079411012551739,0.019628663322501738,0.01313830473347042,0.008734640537108554,0.006905339660024878,0.022714264354712906,0.016016815885602272,0.017304731588544287,0.025559086578715626,0.019186408891004394,0.018347943582085875,0.013566839833447074,0.012352647110032733,0.005859375,0.016630260122975003,0.017578125,0.029264304812054096,0.013282686043686957,0.016858082521125067,0.0126953125,1,1,1.0
5.859375,4.335790634155273,5.0,0.13463769853115082,11.767908096313477,2.34375,33.38071060180664,4.406617641448975,4.6875,0.7975859642028809,0.1582844853401184,26271.0,681064.0,7643438080.0,25.9245548248291,0.06777635961771011,1.377152681350708,5.210031986236572,0.0,0.0,0.05931433290243149,1260,1272,1210,1148,1131,1064,1005,909,879,798,729,665,687,717,784,935,956,937,920,858,767,745,735,840,859,903,823,747,716,638,599,728,812,845,877,927,973,1086,1196,1227,1180,1116,1065,1000,967,895,843,744,700,632,540,506,491,425,448,496,492,475,702,1097,1400,1451,1432,1401,1324,1335,1287,1229,1216,1114,1113,1053,984,879,830,810,928,1087,1258,1352,1243,1256,1196,1161,1128,1040,959,939,875,797,728,620,599,512,509,796,1244,1433,1437,1400,1390,1342,1278,1278,1227,1176,1117,1049,958,935,872,813,872,1102,1308,1388,1386,1337,1272,1264,1216,1164,1104,1040,958,943,921,825,760,686,599,507,445,346,318,350,463,464,570,988,1430,1470,1486,1464,1435,1400,1357,1305,1305,1243,1179,1149,1054,1040,984,937,873,763,748,735,775,758,747,732,750,680,619,651,583,551,471,396,318,221,104,126,158,219,282,460,858,1144,1292,1304,1295,1276,1208,1146,1116,1063,971,944,891,858,746,667,583,557,541,527,474,506,490,508,510,572,813,1232,1390,1381,1336,1288,1228,1223,1183,1102,1072,1005,941,872,826,744,680,648,765,794,762,712,792,826,1040,1245,1389,1388,1341,1303,1294,1244,1212,1163,1049,1064,973,1038,1143,1117,1144,1081,1052,983,927,860,824,761,702,622,0.0009765625,0.2627261686106878,0.5403744861354145,0.21205802281805777,0.08798280756073616,0.20301228844041067,0.49925653496726463,0.6120749107839112,0.22308843061883904,0.5405976922519777,0.29532419010013516,0.43227426271755737,0.7361415960689157,0.4351492807593851,0.1729811705115979,0.17581651122029404,0.19901998739649437,0.14492661296163398,0.1291575438856675,0.2557027788914553,0.2204285660856642,0.14901460593915997,0.13944341374624702,0.07295516677976469,0.06875582583625756,0.09978633943380054,0.06366408598830711,0.0999200501323785,0.17119951158257807,0.12328303849502739,0.12107012118257775,0.09665995695132515,0.07232498617689657,0.07805172344800033,0.04609540516096073,0.07161606295819962,0.04789140560640324,0.036461239653504826,0.0517578125,0.02157297073669387,0.08776575330738796,0.04789140560640324,0.10911310721455798,0.05097805912553979,0.019628663322501738,0.05211587525049349,0.015746597164645604,0.048867171887487515,0.05476591755003888,0.04203758447271657,0.018657200365764452,0.041581384484460485,0.0048828125,0.044538102542935075,0.016016815885602272,0.0325211441510678,0.02039122365021592,0.05667428956463636,0.048759717706327844,0.007109482313750506,0.021945512748285382,0.03179457147675724,0.007042092334890604,0.008400708268596315,0.055672628178668845,0.016572815184059706,0.017469281074217108,0.0048828125,0.011759369705851851,0.029893023173855404,0.024492062898407135,0.01760523083722651,0.0166015625,0.019457869965987574,0.01019561182510796,0.014938533731228863,0.034678283016727936,0.01019561182510796,0.009765625,0.020132351687586234,0.0065509804028314154,0.013810679320049757,0.009264485332524549,0.016164985700436375,0.014938533731228863,0.010054326309557618,0.009212872199274027,0.014517645261053229,0.013601941676937616,0.007042092334890604,0.015776850020901866,0.010563138502335907,0.007437278423695223,0.029313146523053973,0.0,0.007109482313750506,0.0283875817456028,0.004367320268554277,0.005940197783494355,0.0021836601342771385,0.0021836601342771385,0.007873298582322802,0.003088161777508183,0.00390625,0.004979511243742954,0.011134525635733769,0.008052940675034493,0.005694288959809864,0.013982247132105814,0.013101960805662831,0.011134525635733769,0.01019561182510796,0.011759369705851851,0.020600608505594715,0.007437278423695223,0.010918300671385692,0.021484375,0.005694288959809864,0.006176323555016366,0.0107421875,0.007042092334890604,0.004367320268554277,0.017820593350483065,0.0048828125,0.004979511243742954,0.01760523083722651,0.0029296875,0.005258950006967289,0.0009765625,1,1,1.0
5.859375,3.674304246902466,7.0,0.1728271096944809,13.071725845336914,2.734375,26.543394088745117,4.370510578155518,4.6875,0.7683902978897095,0.15080541372299194,23847.0,568228.0,6044776448.0,23.82806968688965,0.05878261849284172,1.4464837312698364,4.651776313781738,1.310408151766751e-06,0.0,0.0320073626935482,655,714,751,847,873,847,912,1144,1260,1272,1210,1148,1131,1064,1005,909,879,798,729,665,687,717,784,935,956,937,920,858,767,745,735,840,859,903,823,747,716,638,599,728,812,845,877,927,973,1086,1196,1227,1180,1116,1065,1000,967,895,843,744,700,632,540,506,491,425,448,496,492,475,702,1097,1400,1451,1432,1401,1324,1335,1287,1229,1216,1114,1113,1053,984,879,830,810,928,1087,1258,1352,1243,1256,1196,1161,1128,1040,959,939,875,797,728,620,599,512,509,796,1244,1433,1437,1400,1390,1342,1278,1278,1227,1176,1117,1049,958,935,872,813,872,1102,1308,1388,1386,1337,1272,1264,1216,1164,1104,1040,958,943,921,825,760,686,599,507,445,346,318,350,463,464,570,988,1430,1470,1486,1464,1435,1400,1357,1305,1305,1243,1179,1149,1054,1040,984,937,873,763,748,735,775,758,747,732,750,680,619,651,583,551,471,396,318,221,104,126,158,219,282,460,858,1144,1292,1304,1295,1276,1208,1146,1116,1063,971,944,891,858,746,667,583,557,541,527,474,506,490,508,510,572,813,1232,1390,1381,1336,1288,1228,1223,1183,1102,1072,1005,941,872,826,744,680,648,765,794,762,712,792,826,1040,1245,1389,1388,1341,1303,1294,1244,1212,1163,1049,1064,973,1038,1143,1117,1144,1081,0.00390625,0.2719844904572987,0.5185261806547612,0.19683246455807005,0.10786485368346935,0.1787002643670772,0.4939755853959638,0.6176400758578284,0.1920925991556953,0.5551360559803462,0.30072100147402253,0.467391015063313,0.7340229895211102,0.4629071067740839,0.14595607859860724,0.1706750772509827,0.20736264749979683,0.1192846209734568,0.16642011844351604,0.22132663929632834,0.2147593939506234,0.14389972353041164,0.12636960246919612,0.06927401504284453,0.03922087036723282,0.13816547612013613,0.03125,0.0626371785579085,0.20755112351435323,0.11971556969314028,0.11793786459312021,0.0656915236673521,0.04283537538957287,0.05378191333208736,0.01800692276815017,0.09141167518622313,0.06800970838468809,0.05681714143667522,0.032122820709762745,0.032033631771204545,0.09952317041872868,0.062293665757097896,0.10563589908865988,0.06202517386015788,0.0126953125,0.047461339375870576,0.006253051013118016,0.05731847887042652,0.057971961248655585,0.047621817735299256,0.015191747252054731,0.046188412462443235,0.011430371006562134,0.04543902392239001,0.026672852116694654,0.036773770280786586,0.01019561182510796,0.0510995134841841,0.04789140560640324,0.006253051013118016,0.03149319432929121,0.025633603024231812,0.00834375365753665,0.0185803687406645,0.04421574774481161,0.004367320268554277,0.016630260122975003,0.008843149548962322,0.009814331661250869,0.0208765218031562,0.033203125,0.009765625,0.02209708691207961,0.020132351687586234,0.011388577919619728,0.017387200990981306,0.031035641761856844,0.0107421875,0.010381001770248682,0.021439939843847802,0.00834375365753665,0.01589728573837862,0.01019561182510796,0.011134525635733769,0.011759369705851851,0.011134525635733769,0.00834375365753665,0.01953125,0.0048828125,0.005524271728019903,0.006176323555016366,0.006905339660024878,0.017387200990981306,0.026294750034836445,0.012236293052872722,0.0065509804028314154,0.025012204052472065,0.007873298582322802,0.011134525635733769,0.010381001770248682,0.010381001770248682,0.016572815184059706,0.012506102026236032,0.005694288959809864,0.009765625,0.009765625,0.005940197783494355,0.006253051013118016,0.010918300671385692,0.013028968812623373,0.013566839833447074,0.008052940675034493,0.012079411012551739,0.019773883526676354,0.007627196949127592,0.01019561182510796,0.020762003540497363,0.008843149548962322,0.006176323555016366,0.009212872199274027,0.007437278423695223,0.004979511243742954,0.014084184669781208,0.003088161777508183,0.004367320268554277,0.01953125,0.007873298582322802,0.0027621358640099515,0.005859375,1,1,1.0
5.859375,3.6804957389831543,7.0,0.17345795035362244,13.059396743774414,2.734375,25.446670532226562,4.404784202575684,4.6875,0.7677527666091919,0.15108971297740936,23937.0,564962.0,6181947392.0,23.602039337158203,0.05878929793834686,1.412369728088379,4.565351486206055,2.088789187837392e-05,0.0,0.03479280322790146,1162,1103,1035,969,937,857,784,718,655,714,751,847,873,847,912,1144,1260,1272,1210,1148,1131,1064,1005,909,879,798,729,665,687,717,784,935,956,937,920,858,767,745,735,840,859,903,823,747,716,638,599,728,812,845,877,927,973,1086,1196,1227,1180,1116,1065,1000,967,895,843,744,700,632,540,506,491,425,448,496,492,475,702,1097,1400,1451,1432,1401,1324,1335,1287,1229,1216,1114,1113,1053,984,879,830,810,928,1087,1258,1352,1243,1256,1196,1161,1128,1040,959,939,875,797,728,620,599,512,509,796,1244,1433,1437,1400,1390,1342,1278,1278,1227,1176,1117,1049,958,935,872,813,872,1102,1308,1388,1386,1337,1272,1264,1216,1164,1104,1040,958,943,921,825,760,686,599,507,445,346,318,350,463,464,570,988,1430,1470,1486,1464,1435,1400,1357,1305,1305,1243,1179,1149,1054,1040,984,937,873,763,748,735,775,758,747,732,750,680,619,651,583,551,471,396,318,221,104,126,158,219,282,460,858,1144,1292,1304,1295,1276,1208,1146,1116,1063,971,944,891,858,746,667,583,557,541,527,474,506,490,508,510,572,813,1232,1390,1381,1336,1288,1228,1223,1183,1102,1072,1005,941,872,826,744,680,648,765,794,762,712,792,826,1040,1245,1389,1388,1341,1303,1294,1244,1212,1163,0.00146484375,0.2807782773649683,0.504012222384041,0.18777699672880138,0.1236229384880094,0.16115944382197345,0.4905882997818155,0.6240608789139248,0.16996115745647683,0.5626644318040575,0.3024002692650298,0.49124588282755055,0.7429484431783887,0.4742917854590213,0.12012115720066371,0.1884158338044408,0.19670645144364426,0.09061005567784078,0.17707046761244033,0.22719511961195002,0.18654133176599563,0.11604258419931991,0.09658099444906089,0.09858929268846846,0.026654968874914416,0.13650932621098869,0.03434669022474409,0.0837170983208898,0.18594991177718104,0.10211033885591377,0.13384607589948763,0.0849609375,0.06383612107579772,0.07096727460556314,0.0417530436063124,0.07469266865614431,0.05097805912553979,0.03629082846887118,0.048808589842186716,0.029700988917471777,0.08327736564581188,0.05146215674318515,0.1015625,0.04789140560640324,0.02458921545315268,0.04794116292434991,0.019236050394133015,0.04789140560640324,0.05669111435039059,0.04014610310760638,0.01875915303935405,0.04089920232689829,0.00390625,0.04209426184033654,0.019918044974971814,0.03179457147675724,0.01516032685181643,0.05596308117927501,0.04695630968816917,0.003088161777508183,0.0242573092741684,0.029133659941750583,0.003521046167445302,0.013028968812623373,0.05079063915603845,0.01313830473347042,0.011759369705851851,0.007873298582322802,0.004979511243742954,0.0244140625,0.0300838316420886,0.0170549308560283,0.015440808887540914,0.014517645261053229,0.0065509804028314154,0.01284467425582608,0.034938562148434216,0.006253051013118016,0.009814331661250869,0.01800692276815017,0.004979511243742954,0.011134525635733769,0.004979511243742954,0.01441877251975918,0.009264485332524549,0.007873298582322802,0.003521046167445302,0.016105881350068987,0.010563138502335907,0.0027621358640099515,0.009765625,0.0021836601342771385,0.010517900013934578,0.0244140625,0.006253051013118016,0.001953125,0.024954945974962183,0.0027621358640099515,0.0048828125,0.0,0.001953125,0.007873298582322802,0.004367320268554277,0.005940197783494355,0.004367320268554277,0.003088161777508183,0.003521046167445302,0.004026470337517247,0.004026470337517247,0.004026470337517247,0.010918300671385692,0.003521046167445302,0.0041432037960149265,0.01242961138804478,0.005940197783494355,0.00390625,0.0170549308560283,0.009618025197066508,0.004026470337517247,0.0087890625,0.009765625,0.007042092334890604,0.018657200365764452,0.004026470337517247,0.0021836601342771385,0.018165112536853784,0.00390625,0.003088161777508183,0.0009765625,1,1,1.0
5.078125,3.418516159057617,7.0,0.16832007467746735,14.330938339233398,2.734375,25.759082794189453,4.319790363311768,4.6875,0.7774314284324646,0.15102343261241913,23916.0,578785.0,6438077952.0,24.20074462890625,0.054248467087745667,1.41730535030365,4.597301483154297,2.939889100161963e-06,0.0,0.02270294912159443,636,861,1130,1327,1335,1248,1257,1214,1162,1103,1035,969,937,857,784,718,655,714,751,847,873,847,912,1144,1260,1272,1210,1148,1131,1064,1005,909,879,798,729,665,687,717,784,935,956,937,920,858,767,745,735,840,859,903,823,747,716,638,599,728,812,845,877,927,973,1086,1196,1227,1180,1116,1065,1000,967,895,843,744,700,632,540,506,491,425,448,496,492,475,702,1097,1400,1451,1432,1401,1324,1335,1287,1229,1216,1114,1113,1053,984,879,830,810,928,1087,1258,1352,1243,1256,1196,1161,1128,1040,959,939,875,797,728,620,599,512,509,796,1244,1433,1437,1400,1390,1342,1278,1278,1227,1176,1117,1049,958,935,872,813,872,1102,1308,1388,1386,1337,1272,1264,1216,1164,1104,1040,958,943,921,825,760,686,599,507,445,346,318,350,463,464,570,988,1430,1470,1486,1464,1435,1400,1357,1305,1305,1243,1179,1149,1054,1040,984,937,873,763,748,735,775,758,747,732,750,680,619,651,583,551,471,396,318,221,104,126,158,219,282,460,858,1144,1292,1304,1295,1276,1208,1146,1116,1063,971,944,891,858,746,667,583,557,541,527,474,506,490,508,510,572,813,1232,1390,1381,1336,1288,1228,1223,1183,1102,1072,1005,941,872,826,744,680,648,765,794,762,712,792,826,1040,1245,0.00146484375,0.3318157618756251,0.43939018646518957,0.12306237501580754,0.17189996711415526,0.21507666706847853,0.4439537332846333,0.6472318540337586,0.22699354537324026,0.5449647510573684,0.32548258238804156,0.44638200789531857,0.6797786958395966,0.5234639175353214,0.14962135844631377,0.16911175417572435,0.23658826397949673,0.061585410255576414,0.22376070987920227,0.251892555704095,0.12490841371343345,0.06057836882527665,0.08590420164550487,0.12467150439771336,0.08531937679758864,0.07854501354530427,0.08140103900068245,0.09237682492488647,0.2096723125205026,0.14621394307958085,0.11160191114970042,0.035814689103305174,0.016858082521125067,0.02681548870653512,0.05385279562094624,0.11382714642252661,0.022269051271467537,0.046188412462443235,0.0933626437712275,0.049149334110006326,0.04572148402624854,0.05667428956463636,0.074321474962658,0.04615743085193935,0.05274341647027647,0.012506102026236032,0.03149319432929121,0.08214742517505114,0.07567571783616943,0.06839424333942629,0.03385729652999944,0.040794137840244965,0.025353037081537442,0.016572815184059706,0.036773770280786586,0.011048543456039806,0.03614600688148779,0.0707990975015307,0.059833881570470274,0.02298555135925746,0.03712222228271135,0.014680953494504793,0.021836601342771385,0.03066468450802262,0.034402177644157296,0.004979511243742954,0.0242573092741684,0.008843149548962322,0.01878455474772592,0.03496584724603156,0.01800692276815017,0.02681548870653512,0.003521046167445302,0.007109482313750506,0.005694288959809864,0.015746597164645604,0.0328130812820536,0.007873298582322802,0.0027621358640099515,0.027759121881937295,0.01528562093993997,0.021506558149946522,0.012732817197661424,0.014517645261053229,0.003521046167445302,0.00834375365753665,0.008734640537108554,0.006253051013118016,0.022140203220223895,0.011134525635733769,0.020716018980074635,0.015440808887540914,0.016105881350068987,0.034678283016727936,0.014680953494504793,0.011134525635733769,0.021836601342771385,0.013282686043686957,0.0166875073150733,0.011920464468489943,0.010054326309557618,0.007109482313750506,0.007437278423695223,0.01516032685181643,0.01188039556698871,0.010381001770248682,0.01242961138804478,0.012732817197661424,0.004367320268554277,0.0107421875,0.018657200365764452,0.005859375,0.012236293052872722,0.020132351687586234,0.010918300671385692,0.007627196949127592,0.011388577919619728,0.01760523083722651,0.007109482313750506,0.011048543456039806,0.018528970665049098,0.013982247132105814,0.023478154844084585,0.013706707859002147,0.013706707859002147,0.02734375,0.013810679320049757,0.007873298582322802,0.01171875,1,1,1.0
5.859375,4.033875465393066,7.0,0.19266793131828308,10.891881942749023,2.734375,22.780118942260742,4.546557903289795,4.6875,0.7394427061080933,0.14986974000930786,23552.0,484546.0,5562693120.0,20.573453903198242,0.06788934022188187,1.103101134300232,4.344670295715332,2.9853715659555746e-06,0.0,0.044705335050821304,664,586,508,487,506,505,492,523,636,861,1130,1327,1335,1248,1257,1214,1162,1103,1035,969,937,857,784,718,655,714,751,847,873,847,912,1144,1260,1272,1210,1148,1131,1064,1005,909,879,798,729,665,687,717,784,935,956,937,920,858,767,745,735,840,859,903,823,747,716,638,599,728,812,845,877,927,973,1086,1196,1227,1180,1116,1065,1000,967,895,843,744,700,632,540,506,491,425,448,496,492,475,702,1097,1400,1451,1432,1401,1324,1335,1287,1229,1216,1114,1113,1053,984,879,830,810,928,1087,1258,1352,1243,1256,1196,1161,1128,1040,959,939,875,797,728,620,599,512,509,796,1244,1433,1437,1400,1390,1342,1278,1278,1227,1176,1117,1049,958,935,872,813,872,1102,1308,1388,1386,1337,1272,1264,1216,1164,1104,1040,958,943,921,825,760,686,599,507,445,346,318,350,463,464,570,988,1430,1470,1486,1464,1435,1400,1357,1305,1305,1243,1179,1149,1054,1040,984,937,873,763,748,735,775,758,747,732,750,680,619,651,583,551,471,396,318,221,104,126,158,219,282,460,858,1144,1292,1304,1295,1276,1208,1146,1116,1063,971,944,891,858,746,667,583,557,541,527,474,506,490,508,510,572,813,1232,1390,1381,1336,1288,1228,1223,1183,1102,1072,1005,941,872,826,744,680,648,0.0,0.3820506709180417,0.38488086194700094,0.0697473489674574,0.20942200090461036,0.2711434178654496,0.43537276684004594,0.6383798847538202,0.27808892519728795,0.5786740556822352,0.37690884819302317,0.4658520445821895,0.6513935409773809,0.56476898331672,0.12805263057153127,0.21591529654751912,0.20859384143841628,0.01953125,0.19589025874003607,0.28170062099357196,0.14187406430377017,0.09530369452153009,0.11410329428889476,0.09234068476564532,0.06939780470484323,0.1059604064122575,0.055672628178668845,0.07152945342667964,0.2091417522207669,0.12586674598217207,0.1231863049314178,0.048828125,0.030524413297046454,0.03869455616437295,0.049506999436080376,0.103956901423213,0.021126277004671814,0.03742923417331406,0.08603731774029984,0.0478515625,0.048238629043861204,0.06055474999190428,0.07177568291020688,0.05313074417474783,0.0412127887617367,0.022140203220223895,0.017469281074217108,0.0705562182351111,0.05840627560275656,0.05940197783494355,0.029749113694780893,0.029652786036501906,0.009003461384075085,0.03360283307438526,0.017820593350483065,0.02833714478231818,0.020132351687586234,0.05751779032276259,0.046394427813358216,0.004979511243742954,0.021945512748285382,0.03125,0.009618025197066508,0.016716057391234072,0.04737083138919884,0.015254393898255184,0.009814331661250869,0.011920464468489943,0.008734640537108554,0.021506558149946522,0.029378142493147116,0.015776850020901866,0.01441877251975918,0.014517645261053229,0.003088161777508183,0.010786485368346935,0.034637007521422264,0.005940197783494355,0.009212872199274027,0.021035800027869155,0.008843149548962322,0.012506102026236032,0.003088161777508183,0.018961413905222265,0.008734640537108554,0.0029296875,0.005940197783494355,0.013282686043686957,0.009618025197066508,0.003088161777508183,0.0065509804028314154,0.0029296875,0.014874556847390447,0.021683206358568866,0.0078125,0.003088161777508183,0.024954945974962183,0.0021836601342771385,0.003088161777508183,0.003088161777508183,0.0021836601342771385,0.009765625,0.004026470337517247,0.004979511243742954,0.001953125,0.005694288959809864,0.0065509804028314154,0.004979511243742954,0.004367320268554277,0.0029296875,0.010563138502335907,0.003521046167445302,0.003088161777508183,0.010563138502335907,0.009618025197066508,0.003521046167445302,0.015746597164645604,0.011134525635733769,0.009003461384075085,0.01441877251975918,0.005859375,0.0013810679320049757,0.01188039556698871,0.003088161777508183,0.003088161777508183,0.01313830473347042,0.0041432037960149265,0.008843149548962322,0.0029296875,1,1,1.0
5.46875,3.3684353828430176,6.0,0.20462176203727722,13.496495246887207,2.734375,19.51010513305664,4.347281455993652,4.6875,0.7405112981796265,0.1526595503091812,24437.0,444925.0,5720929280.0,18.207021713256836,0.05486693233251572,1.0411864519119263,4.037116050720215,0.0,0.0,0.023464826866984367,1159,1128,1037,968,926,824,799,732,664,586,508,487,506,505,492,523,636,861,1130,1327,1335,1248,1257,1214,1162,1103,1035,969,937,857,784,718,655,714,751,847,873,847,912,1144,1260,1272,1210,1148,1131,1064,1005,909,879,798,729,665,687,717,784,935,956,937,920,858,767,745,735,840,859,903,823,747,716,638,599,728,812,845,877,927,973,1086,1196,1227,1180,1116,1065,1000,967,895,843,744,700,632,540,506,491,425,448,496,492,475,702,1097,1400,1451,1432,1401,1324,1335,1287,1229,1216,1114,1113,1053,984,879,830,810,928,1087,1258,1352,1243,1256,1196,1161,1128,1040,959,939,875,797,728,620,599,512,509,796,1244,1433,1437,1400,1390,1342,1278,1278,1227,1176,1117,1049,958,935,872,813,872,1102,1308,1388,1386,1337,1272,1264,1216,1164,1104,1040,958,943,921,825,760,686,599,507,445,346,318,350,463,464,570,988,1430,1470,1486,1464,1435,1400,1357,1305,1305,1243,1179,1149,1054,1040,984,937,873,763,748,735,775,758,747,732,750,680,619,651,583,551,471,396,318,221,104,126,158,219,282,460,858,1144,1292,1304,1295,1276,1208,1146,1116,1063,971,944,891,858,746,667,583,557,541,527,474,506,490,508,510,572,813,1232,1390,1381,1336,1288,1228,1223,1183,1102,0.0,0.35914405368033775,0.40257597212213014,0.0830078125,0.21304287846911535,0.2617934390861145,0.4144906763148637,0.6589778336775224,0.2904448576443233,0.5714059041840798,0.3879363034062271,0.46283396442513625,0.6364251144239448,0.58203125,0.12208593650012797,0.23165742192473027,0.19449290928014293,0.019773883526676354,0.1825780163537332,0.27693769791306966,0.15192061127887702,0.0969948304362024,0.10655276972850779,0.09658099444906089,0.06733325849975859,0.10074225565866247,0.060531121942623965,0.07520165354757209,0.21019926517260132,0.12779543289357814,0.12352647110032731,0.04712862700005334,0.031387028671851946,0.0386328914938525,0.04805044765680681,0.10368592271300697,0.022269051271467537,0.04026470337517247,0.08912972038362996,0.049449175395203764,0.04471973883537231,0.06442352540027595,0.06771459305999888,0.056892623686052766,0.04026470337517247,0.025390625,0.012732817197661424,0.0676934641625913,0.05424099248827662,0.055672628178668845,0.027759121881937295,0.033332125323976586,0.005524271728019903,0.03527810911755555,0.02157297073669387,0.025947910655442233,0.018425744398548053,0.06080621123460194,0.0474110784919467,0.007873298582322802,0.02286074201312427,0.028721564784868637,0.009959022487485907,0.017686299097924643,0.04627092867375834,0.013879560940968648,0.011134525635733769,0.01179984958358845,0.008843149548962322,0.023294649300540163,0.02833714478231818,0.016716057391234072,0.013282686043686957,0.012506102026236032,0.0041432037960149265,0.013101960805662831,0.0333750146301466,0.008286407592029853,0.010563138502335907,0.019628663322501738,0.00834375365753665,0.009618025197066508,0.0,0.018961413905222265,0.009212872199274027,0.0041432037960149265,0.006253051013118016,0.014680953494504793,0.009212872199274027,0.0021836601342771385,0.007109482313750506,0.0029296875,0.013101960805662831,0.023518739411703703,0.005859375,0.0021836601342771385,0.025202124805788945,0.0021836601342771385,0.005694288959809864,0.003521046167445302,0.0009765625,0.006905339660024878,0.0013810679320049757,0.008400708268596315,0.005524271728019903,0.0021836601342771385,0.003088161777508183,0.001953125,0.006905339660024878,0.005694288959809864,0.007109482313750506,0.007437278423695223,0.0009765625,0.008843149548962322,0.00834375365753665,0.006253051013118016,0.01886055460530075,0.008052940675034493,0.005940197783494355,0.011048543456039806,0.0065509804028314154,0.0029296875,0.014874556847390447,0.001953125,0.001953125,0.01516032685181643,0.003521046167445302,0.007109482313750506,0.001953125,1,1,1.0
5.46875,3.355686664581299,6.0,0.2086852341890335,13.287405967712402,4.6875,19.89556312561035,4.3465752601623535,2.734375,0.7359293103218079,0.1527688354253769,24472.0,455346.0,5793554432.0,18.606815338134766,0.05538547784090042,1.0721288919448853,4.0791754722595215,0.0,0.0,0.022169148549437523,748,736,783,966,1179,1247,1256,1166,1159,1128,1037,968,926,824,799,732,664,586,508,487,506,505,492,523,636,861,1130,1327,1335,1248,1257,1214,1162,1103,1035,969,937,857,784,718,655,714,751,847,873,847,912,1144,1260,1272,1210,1148,1131,1064,1005,909,879,798,729,665,687,717,784,935,956,937,920,858,767,745,735,840,859,903,823,747,716,638,599,728,812,845,877,927,973,1086,1196,1227,1180,1116,1065,1000,967,895,843,744,700,632,540,506,491,425,448,496,492,475,702,1097,1400,1451,1432,1401,1324,1335,1287,1229,1216,1114,1113,1053,984,879,830,810,928,1087,1258,1352,1243,1256,1196,1161,1128,1040,959,939,875,797,728,620,599,512,509,796,1244,1433,1437,1400,1390,1342,1278,1278,1227,1176,1117,1049,958,935,872,813,872,1102,1308,1388,1386,1337,1272,1264,1216,1164,1104,1040,958,943,921,825,760,686,599,507,445,346,318,350,463,464,570,988,1430,1470,1486,1464,1435,1400,1357,1305,1305,1243,1179,1149,1054,1040,984,937,873,763,748,735,775,758,747,732,750,680,619,651,583,551,471,396,318,221,104,126,158,219,282,460,858,1144,1292,1304,1295,1276,1208,1146,1116,1063,971,944,891,858,746,667,583,557,541,527,474,506,490,508,510,572,813,1232,0.0029296875,0.43847982494610355,0.3777227106038993,0.11622734915627445,0.14368749171684675,0.2093696251933725,0.45121097808090027,0.6870788671542309,0.25698627669806184,0.49722377603999657,0.38994325273870983,0.42388324994332993,0.5669321709753438,0.6507981315337441,0.10490663282809207,0.2944040362703365,0.12709577322353824,0.09077830009460634,0.1785160523791383,0.2100903489261562,0.12763488814917168,0.03221176270013797,0.11739077422042293,0.12132192464436946,0.11836163106348194,0.1378475997411436,0.03554741156875253,0.06132936901604524,0.17888961781313115,0.1270882694140425,0.08240243402237886,0.0662120897761091,0.015746597164645604,0.025334222209126653,0.08746097239280233,0.11057171761498563,0.020132351687586234,0.0048828125,0.06149242770090299,0.028721564784868637,0.07298130621692726,0.03768316676088816,0.082546974449235,0.051267206048463625,0.06027060204769325,0.022482157096135425,0.023840928936979887,0.07042092334890604,0.040653629485348924,0.048828125,0.021506558149946522,0.04209426184033654,0.00834375365753665,0.030414866215619993,0.025559086578715626,0.0244140625,0.024119314521930602,0.054355156445608385,0.04447381850287383,0.0087890625,0.015776850020901866,0.03371616504225013,0.018165112536853784,0.026203921611325662,0.0390625,0.005859375,0.0146484375,0.010054326309557618,0.0009765625,0.013982247132105814,0.03670887915861817,0.012236293052872722,0.01760523083722651,0.01516032685181643,0.005694288959809864,0.017578125,0.024705294220065465,0.0166015625,0.019236050394133015,0.01441877251975918,0.008843149548962322,0.005524271728019903,0.009212872199274027,0.010918300671385692,0.003521046167445302,0.005694288959809864,0.0087890625,0.009618025197066508,0.01284467425582608,0.011388577919619728,0.0013810679320049757,0.006253051013118016,0.010918300671385692,0.028185292362620726,0.00390625,0.009765625,0.025202124805788945,0.010381001770248682,0.013101960805662831,0.006176323555016366,0.006253051013118016,0.0087890625,0.007873298582322802,0.0021836601342771385,0.0009765625,0.007627196949127592,0.007627196949127592,0.006253051013118016,0.005694288959809864,0.009814331661250869,0.004026470337517247,0.010918300671385692,0.0048828125,0.010563138502335907,0.006176323555016366,0.007627196949127592,0.01589728573837862,0.012732817197661424,0.007873298582322802,0.016630260122975003,0.006253051013118016,0.004367320268554277,0.012079411012551739,0.006905339660024878,0.006905339660024878,0.013982247132105814,0.005258950006967289,0.0027621358640099515,0.005859375,1,1,1.0
5.078125,3.44264817237854,7.0,0.24162864685058594,14.32825756072998,5.078125,22.45907211303711,4.272857666015625,2.734375,0.7088959813117981,0.15048888325691223,23747.0,495009.0,5806696448.0,20.845117568969727,0.049475379288196564,1.1146039962768555,4.296532154083252,1.1843219908769242e-05,0.0,0.02706730365753174,536,526,512,511,535,620,667,732,748,736,783,966,1179,1247,1256,1166,1159,1128,1037,968,926,824,799,732,664,586,508,487,506,505,492,523,636,861,1130,1327,1335,1248,1257,1214,1162,1103,1035,969,937,857,784,718,655,714,751,847,873,847,912,1144,1260,1272,1210,1148,1131,1064,1005,909,879,798,729,665,687,717,784,935,956,937,920,858,767,745,735,840,859,903,823,747,716,638,599,728,812,845,877,927,973,1086,1196,1227,1180,1116,1065,1000,967,895,843,744,700,632,540,506,491,425,448,496,492,475,702,1097,1400,1451,1432,1401,1324,1335,1287,1229,1216,1114,1113,1053,984,879,830,810,928,1087,1258,1352,1243,1256,1196,1161,1128,1040,959,939,875,797,728,620,599,512,509,796,1244,1433,1437,1400,1390,1342,1278,1278,1227,1176,1117,1049,958,935,872,813,872,1102,1308,1388,1386,1337,1272,1264,1216,1164,1104,1040,958,943,921,825,760,686,599,507,445,346,318,350,463,464,570,988,1430,1470,1486,1464,1435,1400,1357,1305,1305,1243,1179,1149,1054,1040,984,937,873,763,748,735,775,758,747,732,750,680,619,651,583,551,471,396,318,221,104,126,158,219,282,460,858,1144,1292,1304,1295,1276,1208,1146,1116,1063,971,944,891,858,746,667,583,557,541,527,0.00048828125,0.43638796485648185,0.37564666939432695,0.1135503269824112,0.14576646997691634,0.2115379546899659,0.455385030966349,0.6850222240100647,0.25315770067515786,0.4935593635388899,0.3879363034062271,0.41913762158173695,0.5606055677569548,0.6573012877746066,0.10465634010381684,0.3000336310291484,0.122074218687502,0.09628430832583862,0.18335724876936152,0.20730055082315152,0.1208611993337586,0.032241355506287456,0.12360365103356828,0.11560206830243472,0.11593158388080999,0.1408858529000101,0.0300838316420886,0.06583653824485615,0.17691151380229697,0.13070624202424902,0.08273738117177787,0.062454206856716724,0.012079411012551739,0.026294750034836445,0.08531937679758864,0.10934883894720401,0.019457869965987574,0.005694288959809864,0.06232427689690957,0.027964494264211628,0.0712957509704843,0.03866990209613932,0.08029220621521276,0.05339037864389314,0.05840627560275656,0.024492062898407135,0.019652941208494246,0.06686422956493629,0.04458090707231768,0.04697661512033474,0.020132351687586234,0.03902586172400017,0.009003461384075085,0.030289184412638327,0.01878455474772592,0.03088161777508183,0.016105881350068987,0.058601887455771474,0.03983608994994363,0.013810679320049757,0.021126277004671814,0.026203921611325662,0.014938533731228863,0.021417687694786434,0.0458984375,0.012079411012551739,0.009618025197066508,0.013282686043686957,0.006253051013118016,0.017820593350483065,0.032241355506287456,0.015655487833868553,0.012079411012551739,0.011134525635733769,0.0048828125,0.01760523083722651,0.026868782211323446,0.014517645261053229,0.017686299097924643,0.013101960805662831,0.004367320268554277,0.009765625,0.007437278423695223,0.0126953125,0.0029296875,0.0021836601342771385,0.009765625,0.013671875,0.0068359375,0.008052940675034493,0.004979511243742954,0.0021836601342771385,0.009264485332524549,0.02713367966689415,0.005258950006967289,0.0027621358640099515,0.023640075072090243,0.0041432037960149265,0.006905339660024878,0.004026470337517247,0.0013810679320049757,0.005258950006967289,0.003088161777508183,0.007437278423695223,0.005258950006967289,0.003088161777508183,0.003521046167445302,0.0027621358640099515,0.007437278423695223,0.0041432037960149265,0.00834375365753665,0.005859375,0.0013810679320049757,0.009264485332524549,0.008052940675034493,0.0048828125,0.01760523083722651,0.009814331661250869,0.007873298582322802,0.014874556847390447,0.004026470337517247,0.003088161777508183,0.013982247132105814,0.0021836601342771385,0.0013810679320049757,0.014517645261053229,0.0013810679320049757,0.0041432037960149265,0.0009765625,1,1,1.0
5.078125,3.3512485027313232,7.0,0.2464321255683899,14.529125213623047,5.078125,22.726661682128906,4.255270004272461,2.734375,0.705041766166687,0.15017169713974,23647.0,492050.0,5787197952.0,20.808135986328125,0.0485261008143425,1.0861263275146484,4.320247650146484,3.303747178051708e-07,0.0,0.021781574934720993,939,922,860,811,777,684,584,576,536,526,512,511,535,620,667,732,748,736,783,966,1179,1247,1256,1166,1159,1128,1037,968,926,824,799,732,664,586,508,487,506,505,492,523,636,861,1130,1327,1335,1248,1257,1214,1162,1103,1035,969,937,857,784,718,655,714,751,847,873,847,912,1144,1260,1272,1210,1148,1131,1064,1005,909,879,798,729,665,687,717,784,935,956,937,920,858,767,745,735,840,859,903,823,747,716,638,599,728,812,845,877,927,973,1086,1196,1227,1180,1116,1065,1000,967,895,843,744,700,632,540,506,491,425,448,496,492,475,702,1097,1400,1451,1432,1401,1324,1335,1287,1229,1216,1114,1113,1053,984,879,830,810,928,1087,1258,1352,1243,1256,1196,1161,1128,1040,959,939,875,797,728,620,599,512,509,796,1244,1433,1437,1400,1390,1342,1278,1278,1227,1176,1117,1049,958,935,872,813,872,1102,1308,1388,1386,1337,1272,1264,1216,1164,1104,1040,958,943,921,825,760,686,599,507,445,346,318,350,463,464,570,988,1430,1470,1486,1464,1435,1400,1357,1305,1305,1243,1179,1149,1054,1040,984,937,873,763,748,735,775,758,747,732,750,680,619,651,583,551,471,396,318,221,104,126,158,219,282,460,858,1144,1292,1304,1295,1276,1208,1146,1116,1063,971,944,0.00146484375,0.4128041850890695,0.36567278166682454,0.08884035480893875,0.16523252806296382,0.23067555604832327,0.47961946185078347,0.6770121219062535,0.23887485295345584,0.47138136755365906,0.3979932514941218,0.4233924982573102,0.558156515942493,0.6559505687791121,0.08505068894454298,0.2855055250712171,0.1387578133797365,0.0832143570030183,0.18417720206435406,0.2216990458232631,0.13017252111680963,0.038098455474865546,0.10977969910883242,0.1240580352825405,0.12210546368895747,0.13965868078691215,0.0390625,0.062454206856716724,0.17339141508363967,0.13364999044627374,0.07605284168920913,0.0632583388308658,0.01708286687942959,0.033260520245950005,0.08835057600143395,0.10328043003882152,0.020716018980074635,0.011134525635733769,0.06332614389403701,0.02883754503951836,0.06514484406311687,0.044538102542935075,0.07835050462318051,0.04999580365691486,0.056446664127415724,0.018657200365764452,0.024705294220065465,0.0731900856349677,0.03989589495276464,0.04789140560640324,0.0208765218031562,0.044804959949040865,0.012732817197661424,0.025031260972609954,0.0208765218031562,0.032241355506287456,0.01953125,0.05661536343998338,0.035507146411519225,0.01800692276815017,0.0234375,0.022714264354712906,0.013101960805662831,0.017469281074217108,0.04883788964863276,0.014218964627501012,0.008400708268596315,0.01188039556698871,0.005940197783494355,0.017953883116064683,0.03340357690720131,0.014778072217208551,0.013810679320049757,0.011759369705851851,0.005258950006967289,0.01800692276815017,0.02751758360079174,0.013566839833447074,0.016253239235442616,0.0146484375,0.005694288959809864,0.007042092334890604,0.007437278423695223,0.0126953125,0.0021836601342771385,0.0041432037960149265,0.010918300671385692,0.0146484375,0.007437278423695223,0.009264485332524549,0.006905339660024878,0.005258950006967289,0.007873298582322802,0.02681548870653512,0.007873298582322802,0.0013810679320049757,0.026002982335340524,0.003088161777508183,0.008400708268596315,0.0065509804028314154,0.004367320268554277,0.005258950006967289,0.006253051013118016,0.0048828125,0.0027621358640099515,0.003088161777508183,0.003088161777508183,0.0021836601342771385,0.008843149548962322,0.005258950006967289,0.010054326309557618,0.0048828125,0.003521046167445302,0.009959022487485907,0.011134525635733769,0.005859375,0.019652941208494246,0.007873298582322802,0.006253051013118016,0.013601941676937616,0.004979511243742954,0.0027621358640099515,0.013282686043686957,0.003521046167445302,0.0013810679320049757,0.015440808887540914,0.0021836601342771385,0.0041432037960149265,0.0,1,1,1.0
5.078125,3.3809661865234375,7.0,0.2480056881904602,14.457690238952637,5.078125,22.621902465820312,4.2884745597839355,2.734375,0.703345775604248,0.1493949145078659,23403.0,480610.0,5629962752.0,20.536256790161133,0.04864855483174324,1.065247893333435,4.3116374015808105,3.0043572678550845e-06,0.0,0.024141468107700348,506,540,745,990,1133,1146,1118,1036,939,922,860,811,777,684,584,576,536,526,512,511,535,620,667,732,748,736,783,966,1179,1247,1256,1166,1159,1128,1037,968,926,824,799,732,664,586,508,487,506,505,492,523,636,861,1130,1327,1335,1248,1257,1214,1162,1103,1035,969,937,857,784,718,655,714,751,847,873,847,912,1144,1260,1272,1210,1148,1131,1064,1005,909,879,798,729,665,687,717,784,935,956,937,920,858,767,745,735,840,859,903,823,747,716,638,599,728,812,845,877,927,973,1086,1196,1227,1180,1116,1065,1000,967,895,843,744,700,632,540,506,491,425,448,496,492,475,702,1097,1400,1451,1432,1401,1324,1335,1287,1229,1216,1114,1113,1053,984,879,830,810,928,1087,1258,1352,1243,1256,1196,1161,1128,1040,959,939,875,797,728,620,599,512,509,796,1244,1433,1437,1400,1390,1342,1278,1278,1227,1176,1117,1049,958,935,872,813,872,1102,1308,1388,1386,1337,1272,1264,1216,1164,1104,1040,958,943,921,825,760,686,599,507,445,346,318,350,463,464,570,988,1430,1470,1486,1464,1435,1400,1357,1305,1305,1243,1179,1149,1054,1040,984,937,873,763,748,735,775,758,747,732,750,680,619,651,583,551,471,396,318,221,104,126,158,219,282,460,858,1144,1292,1304,0.001953125,0.48243472433545753,0.4368193645279047,0.14805151295505645,0.19416901593840424,0.27649311121935355,0.4809260479392084,0.591455946815928,0.1526564299192901,0.397231727136624,0.4040715423539896,0.4302032150198077,0.5552726131061415,0.631413927605048,0.03554741156875253,0.1996801680053102,0.21016069712418317,0.051267206048463625,0.10014885314193334,0.1785160523791383,0.17612000778194759,0.04761180368456604,0.18566248454252654,0.09967637146445647,0.09067318391750827,0.14504829917733708,0.06641343021843478,0.05406488490494691,0.24601041805878268,0.07279813305483548,0.1057035869354282,0.12462177274728434,0.07861176483397699,0.09087804784478001,0.12150651049341,0.05220729064306117,0.049304318599079446,0.05635366424317777,0.10841603179284433,0.06934281435967474,0.09392277373862962,0.014218964627501012,0.10187189951666167,0.07320962817965357,0.06634878027915246,0.044932488555966175,0.004367320268554277,0.07128237340193226,0.06021519534948436,0.06935656603345587,0.03917220921900699,0.05899924791794225,0.029700988917471777,0.010918300671385692,0.029133659941750583,0.05117411135380431,0.01792730444402912,0.07422517447523384,0.04033569614856129,0.02039122365021592,0.03259437357085671,0.03582800064032059,0.0208765218031562,0.034678283016727936,0.03554741156875253,0.016630260122975003,0.014938533731228863,0.0283203125,0.022140203220223895,0.03149319432929121,0.022269051271467537,0.015440808887540914,0.025334222209126653,0.023518739411703703,0.013282686043686957,0.027621358640099514,0.020600608505594715,0.020967686087484266,0.017686299097924643,0.022545696055889054,0.014680953494504793,0.011134525635733769,0.013282686043686957,0.013566839833447074,0.014517645261053229,0.01878455474772592,0.027413415718004295,0.03126525506559008,0.01179984958358845,0.01727715430952552,0.021836601342771385,0.01528562093993997,0.025947910655442233,0.014680953494504793,0.010517900013934578,0.01886055460530075,0.02108108705558877,0.01792730444402912,0.01242961138804478,0.012732817197661424,0.014938533731228863,0.013282686043686957,0.016630260122975003,0.018165112536853784,0.014906579611790769,0.017304731588544287,0.0166875073150733,0.014517645261053229,0.017820593350483065,0.0170549308560283,0.018528970665049098,0.010918300671385692,0.016105881350068987,0.012506102026236032,0.02161713244255728,0.017820593350483065,0.02627660946694084,0.020531050821902968,0.01878455474772592,0.029313146523053973,0.009814331661250869,0.01760523083722651,0.028437929255002024,0.013810679320049757,0.015746597164645604,0.0041432037960149265,0.015655487833868553,0.01589728573837862,0.017578125,1,1,1.0
6.25,4.621941566467285,9.0,0.22232584655284882,8.09912395477295,2.734375,17.918291091918945,4.632554054260254,5.078125,0.6922072172164917,0.1494300216436386,23414.0,418050.0,4837272064.0,17.85470199584961,0.08546692132949829,1.1396815776824951,3.852909564971924,5.338491973816417e-06,0.0,0.06644205003976822,0,0,44,152,268,298,304,431,506,540,745,990,1133,1146,1118,1036,939,922,860,811,777,684,584,576,536,526,512,511,535,620,667,732,748,736,783,966,1179,1247,1256,1166,1159,1128,1037,968,926,824,799,732,664,586,508,487,506,505,492,523,636,861,1130,1327,1335,1248,1257,1214,1162,1103,1035,969,937,857,784,718,655,714,751,847,873,847,912,1144,1260,1272,1210,1148,1131,1064,1005,909,879,798,729,665,687,717,784,935,956,937,920,858,767,745,735,840,859,903,823,747,716,638,599,728,812,845,877,927,973,1086,1196,1227,1180,1116,1065,1000,967,895,843,744,700,632,540,506,491,425,448,496,492,475,702,1097,1400,1451,1432,1401,1324,1335,1287,1229,1216,1114,1113,1053,984,879,830,810,928,1087,1258,1352,1243,1256,1196,1161,1128,1040,959,939,875,797,728,620,599,512,509,796,1244,1433,1437,1400,1390,1342,1278,1278,1227,1176,1117,1049,958,935,872,813,872,1102,1308,1388,1386,1337,1272,1264,1216,1164,1104,1040,958,943,921,825,760,686,599,507,445,346,318,350,463,464,570,988,1430,1470,1486,1464,1435,1400,1357,1305,1305,1243,1179,1149,1054,1040,984,937,873,763,748,735,775,758,747,732,750,680,619,651,583,551,471,396,318,221,104,126,0.0,0.570949251234601,0.5372833525049016,0.23094206231221615,0.2853117218508351,0.3734518519241355,0.5518278094427772,0.516959572899281,0.0947265625,0.306114571658138,0.490865233096609,0.517995299152268,0.6399554964327995,0.545145843310316,0.11916463641235625,0.21218615524472623,0.19077992631732651,0.1250343275618646,0.12540370599603132,0.126953125,0.11968768485829392,0.07200782775713194,0.18230619826752412,0.05729351618700246,0.05866694646826402,0.09654148897877161,0.0742444445654227,0.014906579611790769,0.20904140941940375,0.11971556969314028,0.0616473207112759,0.0824255775234734,0.0439453125,0.056277459118062145,0.0824255775234734,0.09610089531361363,0.007873298582322802,0.01441877251975918,0.06501295694177046,0.0264394265052361,0.06583653824485615,0.04999580365691486,0.07567571783616943,0.04350911994129973,0.06090807081840889,0.013566839833447074,0.03828573395295441,0.07266045014741514,0.03455430861905104,0.03451288485756307,0.017686299097924643,0.03102027377786834,0.00966747552403483,0.04217348219079919,0.029264304812054096,0.018165112536853784,0.03126525506559008,0.04336641271713773,0.031158312760827766,0.02763861659782208,0.029652786036501906,0.015440808887540914,0.011430371006562134,0.009814331661250869,0.04961283514015835,0.012732817197661424,0.015440808887540914,0.007873298582322802,0.00390625,0.01019561182510796,0.03601384553630034,0.02132844694125152,0.004979511243742954,0.0065509804028314154,0.008843149548962322,0.0126953125,0.033969779552590014,0.010786485368346935,0.01727715430952552,0.016630260122975003,0.010918300671385692,0.010918300671385692,0.0126953125,0.01188039556698871,0.00390625,0.0048828125,0.011759369705851851,0.01680141653719263,0.0048828125,0.0065509804028314154,0.0065509804028314154,0.0009765625,0.010918300671385692,0.025390625,0.00390625,0.0048828125,0.022140203220223895,0.0041432037960149265,0.00390625,0.007042092334890604,0.005258950006967289,0.0021836601342771385,0.0078125,0.003088161777508183,0.0029296875,0.0027621358640099515,0.0021836601342771385,0.0029296875,0.009765625,0.0009765625,0.011430371006562134,0.007873298582322802,0.003088161777508183,0.010517900013934578,0.005258950006967289,0.0,0.016630260122975003,0.010054326309557618,0.008734640537108554,0.01188039556698871,0.006176323555016366,0.001953125,0.014084184669781208,0.0009765625,0.0013810679320049757,0.012506102026236032,0.0009765625,0.003521046167445302,0.00390625,1,1,1.0
5.078125,3.3787403106689453,8.0,0.16209158301353455,16.607421875,0.390625,14.319221496582031,3.7766237258911133,4.6875,0.7903200387954712,0.15664014220237732,25728.0,429437.0,6088691200.0,16.691425323486328,0.04758836328983307,1.256332278251648,3.5018181800842285,0.0,0.0,0.019855922088027,543,472,382,283,240,126,40,0,0,0,44,152,268,298,304,431,506,540,745,990,1133,1146,1118,1036,939,922,860,811,777,684,584,576,536,526,512,511,535,620,667,732,748,736,783,966,1179,1247,1256,1166,1159,1128,1037,968,926,824,799,732,664,586,508,487,506,505,492,523,636,861,1130,1327,1335,1248,1257,1214,1162,1103,1035,969,937,857,784,718,655,714,751,847,873,847,912,1144,1260,1272,1210,1148,1131,1064,1005,909,879,798,729,665,687,717,784,935,956,937,920,858,767,745,735,840,859,903,823,747,716,638,599,728,812,845,877,927,973,1086,1196,1227,1180,1116,1065,1000,967,895,843,744,700,632,540,506,491,425,448,496,492,475,702,1097,1400,1451,1432,1401,1324,1335,1287,1229,1216,1114,1113,1053,984,879,830,810,928,1087,1258,1352,1243,1256,1196,1161,1128,1040,959,939,875,797,728,620,599,512,509,796,1244,1433,1437,1400,1390,1342,1278,1278,1227,1176,1117,1049,958,935,872,813,872,1102,1308,1388,1386,1337,1272,1264,1216,1164,1104,1040,958,943,921,825,760,686,599,507,445,346,318,350,463,464,570,988,1430,1470,1486,1464,1435,1400,1357,1305,1305,1243,1179,1149,1054,1040,984,937,873,763,748,735,775,758,747,732,750,680,619,651,0.0029296875,0.5834648347406262,0.5544622259318948,0.23793680278414397,0.30096033883107653,0.3860585134954093,0.566557765294957,0.5290130191924369,0.11062345514458044,0.3185525319899483,0.48686709278820545,0.5090204982864455,0.6297465332226586,0.5589018285596185,0.10483843043742133,0.2040104274702682,0.19776777054023015,0.1170735122706696,0.1127411694504829,0.12156536187183933,0.12709202137417067,0.07996490662474325,0.19205536060116762,0.04805044765680681,0.05281569251167953,0.08910296675241533,0.0794144083551249,0.015655487833868553,0.2044167161649366,0.12446862765379689,0.059450122090720404,0.07872087212428361,0.04102724909687501,0.05416181493696112,0.08484861468846018,0.09361257016799096,0.011134525635733769,0.0166015625,0.06641343021843478,0.028185292362620726,0.06583653824485615,0.048867171887487515,0.07657146790590882,0.04254496271639056,0.060672752214879166,0.014778072217208551,0.03756910949545184,0.07250935461268192,0.035907766232129365,0.0360270834876889,0.01760523083722651,0.032754902014157074,0.009003461384075085,0.040618426451338716,0.0283875817456028,0.017953883116064683,0.030586835475323877,0.04419417382415922,0.032754902014157074,0.027203883353875233,0.029264304812054096,0.015655487833868553,0.013810679320049757,0.008843149548962322,0.050753072110102666,0.013982247132105814,0.01727715430952552,0.007437278423695223,0.0048828125,0.009003461384075085,0.03629082846887118,0.022777155839239456,0.00390625,0.007873298582322802,0.006905339660024878,0.011759369705851851,0.033203125,0.011920464468489943,0.016858082521125067,0.015655487833868553,0.0087890625,0.008734640537108554,0.012732817197661424,0.009003461384075085,0.004367320268554277,0.007042092334890604,0.013601941676937616,0.01800692276815017,0.005258950006967289,0.0048828125,0.005940197783494355,0.0013810679320049757,0.01019561182510796,0.026057937625246747,0.004026470337517247,0.003088161777508183,0.023640075072090243,0.003088161777508183,0.005258950006967289,0.005694288959809864,0.003088161777508183,0.004026470337517247,0.006176323555016366,0.0048828125,0.0027621358640099515,0.003088161777508183,0.0013810679320049757,0.0021836601342771385,0.01019561182510796,0.0009765625,0.011920464468489943,0.005940197783494355,0.0027621358640099515,0.009814331661250869,0.004026470337517247,0.0013810679320049757,0.013706707859002147,0.01019561182510796,0.010054326309557618,0.010517900013934578,0.006905339660024878,0.0009765625,0.013706707859002147,0.001953125,0.0013810679320049757,0.0126953125,0.0013810679320049757,0.004367320268554277,0.0048828125,1,1,1.0
5.078125,3.3534886837005615,8.0,0.1609041690826416,17.159841537475586,0.390625,13.813628196716309,3.7117905616760254,4.6875,0.7928897142410278,0.1585523784160614,26360.0,415845.0,6366566912.0,15.775607109069824,0.046206120401620865,1.1649363040924072,3.4520790576934814,1.0669448784028646e-05,0.0,0.019370099529623985,1020,1008,938,895,830,748,665,624,543,472,382,283,240,126,40,0,0,0,44,152,268,298,304,431,506,540,745,990,1133,1146,1118,1036,939,922,860,811,777,684,584,576,536,526,512,511,535,620,667,732,748,736,783,966,1179,1247,1256,1166,1159,1128,1037,968,926,824,799,732,664,586,508,487,506,505,492,523,636,861,1130,1327,1335,1248,1257,1214,1162,1103,1035,969,937,857,784,718,655,714,751,847,873,847,912,1144,1260,1272,1210,1148,1131,1064,1005,909,879,798,729,665,687,717,784,935,956,937,920,858,767,745,735,840,859,903,823,747,716,638,599,728,812,845,877,927,973,1086,1196,1227,1180,1116,1065,1000,967,895,843,744,700,632,540,506,491,425,448,496,492,475,702,1097,1400,1451,1432,1401,1324,1335,1287,1229,1216,1114,1113,1053,984,879,830,810,928,1087,1258,1352,1243,1256,1196,1161,1128,1040,959,939,875,797,728,620,599,512,509,796,1244,1433,1437,1400,1390,1342,1278,1278,1227,1176,1117,1049,958,935,872,813,872,1102,1308,1388,1386,1337,1272,1264,1216,1164,1104,1040,958,943,921,825,760,686,599,507,445,346,318,350,463,464,570,988,1430,1470,1486,1464,1435,1400,1357,1305,1305,1243,1179,1149,1054,1040,984,937,873,763,748,735,0.0009765625,0.5608190214797601,0.5214560283143077,0.2524371561840008,0.29800681148655445,0.40537225828322854,0.5866727158205682,0.5054755798538771,0.12997456228362653,0.3159613601624772,0.5031154844912481,0.5049593072491476,0.6106046350337565,0.5933812652829288,0.0734761886952214,0.17581651122029404,0.22911163594115602,0.13227285817124035,0.10981009997555154,0.09620008090644337,0.1069235601028984,0.0872644796953715,0.17183615505640923,0.07044800311277903,0.07171586706147327,0.10901254816184365,0.07345022537685066,0.008400708268596315,0.21882845970163622,0.13086301883919318,0.04438796163032622,0.06595232033165252,0.0283875817456028,0.04143203796014927,0.09363294287120669,0.08576531934553387,0.02132844694125152,0.02763861659782208,0.07473734321737298,0.0283875817456028,0.07224582710227219,0.05808700139829317,0.07345022537685066,0.033673710253059895,0.07120875185208649,0.02489755621871477,0.030524413297046454,0.06746060952800993,0.0363433477850164,0.03803582440263759,0.008286407592029853,0.03813598474563796,0.01800692276815017,0.049071658306254345,0.03629082846887118,0.015440808887540914,0.03430501576220761,0.04761180368456604,0.031035641761856844,0.020716018980074635,0.022545696055889054,0.022140203220223895,0.021035800027869155,0.006176323555016366,0.055285858807492816,0.015746597164645604,0.022269051271467537,0.014938533731228863,0.00966747552403483,0.017820593350483065,0.0352916230460794,0.0170549308560283,0.009765625,0.0048828125,0.015776850020901866,0.005258950006967289,0.03419363554689765,0.02039122365021592,0.022777155839239456,0.013601941676937616,0.011134525635733769,0.0021836601342771385,0.01878455474772592,0.007627196949127592,0.0126953125,0.011388577919619728,0.007042092334890604,0.010054326309557618,0.009212872199274027,0.011920464468489943,0.013282686043686957,0.007437278423695223,0.01589728573837862,0.029523860269201122,0.009814331661250869,0.003521046167445302,0.02751758360079174,0.0065509804028314154,0.010918300671385692,0.0009765625,0.005694288959809864,0.004026470337517247,0.012352647110032733,0.0048828125,0.0065509804028314154,0.008052940675034493,0.0068359375,0.008843149548962322,0.004026470337517247,0.008843149548962322,0.007873298582322802,0.003521046167445302,0.0065509804028314154,0.0021836601342771385,0.00834375365753665,0.0107421875,0.009814331661250869,0.014517645261053229,0.011759369705851851,0.00834375365753665,0.010381001770248682,0.0107421875,0.022798081113142094,0.0068359375,0.009765625,0.010918300671385692,0.008843149548962322,0.005258950006967289,0.00390625,1,1,1.0
5.078125,3.5523595809936523,8.0,0.17143015563488007,15.728395462036133,5.078125,13.590524673461914,3.820934534072876,4.6875,0.7790390849113464,0.15835677087306976,26295.0,390949.0,6235217408.0,14.867807388305664,0.049530740827322006,1.058894157409668,3.4218156337738037,1.1884073956025532e-06,0.0,0.02829121984541416,1415,1384,1327,1278,1262,1213,1178,1114,1020,1008,938,895,830,748,665,624,543,472,382,283,240,126,40,0,0,0,44,152,268,298,304,431,506,540,745,990,1133,1146,1118,1036,939,922,860,811,777,684,584,576,536,526,512,511,535,620,667,732,748,736,783,966,1179,1247,1256,1166,1159,1128,1037,968,926,824,799,732,664,586,508,487,506,505,492,523,636,861,1130,1327,1335,1248,1257,1214,1162,1103,1035,969,937,857,784,718,655,714,751,847,873,847,912,1144,1260,1272,1210,1148,1131,1064,1005,909,879,798,729,665,687,717,784,935,956,937,920,858,767,745,735,840,859,903,823,747,716,638,599,728,812,845,877,927,973,1086,1196,1227,1180,1116,1065,1000,967,895,843,744,700,632,540,506,491,425,448,496,492,475,702,1097,1400,1451,1432,1401,1324,1335,1287,1229,1216,1114,1113,1053,984,879,830,810,928,1087,1258,1352,1243,1256,1196,1161,1128,1040,959,939,875,797,728,620,599,512,509,796,1244,1433,1437,1400,1390,1342,1278,1278,1227,1176,1117,1049,958,935,872,813,872,1102,1308,1388,1386,1337,1272,1264,1216,1164,1104,1040,958,943,921,825,760,686,599,507,445,346,318,350,463,464,570,988,1430,1470,1486,1464,1435,1400,1357,1305,1305,1243,1179,1149,0.0029296875,0.5342948273419967,0.4786720487315051,0.3266758480209025,0.3563396140372644,0.4900563437317573,0.6716989685823042,0.5521267088159117,0.20840173234274478,0.3950349217683215,0.438562465485605,0.4323426488511456,0.5638496314269892,0.5861539313818632,0.1319841470157555,0.19383474158018482,0.19632792681172845,0.13884026417981035,0.13713663813704655,0.14169581992176333,0.13693133583976783,0.07823478614206926,0.20231584629029,0.03954776705335271,0.05402076830445051,0.0888671875,0.07085968724090522,0.017387200990981306,0.21204902816150392,0.12265873803209049,0.05153622969515141,0.07042092334890604,0.03066468450802262,0.048100040453221686,0.09588232584869982,0.08167005674630888,0.014778072217208551,0.022798081113142094,0.05840627560275656,0.0126953125,0.052344114387724204,0.058021292099659956,0.09227869727727742,0.04673236763283359,0.055586911995147294,0.011388577919619728,0.04306850990468739,0.08595969173697417,0.032122820709762745,0.0341098617120566,0.031204190055996988,0.02708090746848056,0.0048828125,0.0283875817456028,0.017578125,0.020600608505594715,0.03416573375885918,0.03585460888805824,0.030649130520459405,0.032638232357555474,0.031158312760827766,0.016253239235442616,0.013982247132105814,0.00966747552403483,0.05306788347341221,0.014218964627501012,0.018961413905222265,0.012732817197661424,0.004979511243742954,0.015254393898255184,0.0412127887617367,0.024647323172117114,0.004367320268554277,0.01188039556698871,0.009814331661250869,0.010054326309557618,0.025781989809461104,0.011759369705851851,0.011134525635733769,0.020967686087484266,0.013810679320049757,0.01313830473347042,0.010918300671385692,0.01171875,0.0027621358640099515,0.009814331661250869,0.01760523083722651,0.019555648822754675,0.010054326309557618,0.009003461384075085,0.008052940675034493,0.0048828125,0.013982247132105814,0.02378085090212094,0.005940197783494355,0.004026470337517247,0.024954945974962183,0.004367320268554277,0.009003461384075085,0.0021836601342771385,0.006176323555016366,0.001953125,0.0126953125,0.001953125,0.008052940675034493,0.0041432037960149265,0.0048828125,0.004367320268554277,0.007627196949127592,0.005694288959809864,0.01528562093993997,0.006905339660024878,0.005694288959809864,0.011388577919619728,0.0027621358640099515,0.0013810679320049757,0.014680953494504793,0.010381001770248682,0.01179984958358845,0.007627196949127592,0.009959022487485907,0.005524271728019903,0.017953883116064683,0.004026470337517247,0.006176323555016366,0.008286407592029853,0.005940197783494355,0.0013810679320049757,0.0009765625,1,1,1.0
5.078125,3.3659822940826416,9.0,0.17043034732341766,17.58918571472168,5.078125,14.914801597595215,3.673908233642578,2.34375,0.784943163394928,0.16213290393352509,27564.0,473096.0,6473572352.0,17.16354751586914,0.04462646320462227,1.313185214996338,3.482028007507324,1.0203509191342164e-05,0.0,0.023060856387019157,910,1246,1468,1568,1530,1463,1484,1448,1415,1384,1327,1278,1262,1213,1178,1114,1020,1008,938,895,830,748,665,624,543,472,382,283,240,126,40,0,0,0,44,152,268,298,304,431,506,540,745,990,1133,1146,1118,1036,939,922,860,811,777,684,584,576,536,526,512,511,535,620,667,732,748,736,783,966,1179,1247,1256,1166,1159,1128,1037,968,926,824,799,732,664,586,508,487,506,505,492,523,636,861,1130,1327,1335,1248,1257,1214,1162,1103,1035,969,937,857,784,718,655,714,751,847,873,847,912,1144,1260,1272,1210,1148,1131,1064,1005,909,879,798,729,665,687,717,784,935,956,937,920,858,767,745,735,840,859,903,823,747,716,638,599,728,812,845,877,927,973,1086,1196,1227,1180,1116,1065,1000,967,895,843,744,700,632,540,506,491,425,448,496,492,475,702,1097,1400,1451,1432,1401,1324,1335,1287,1229,1216,1114,1113,1053,984,879,830,810,928,1087,1258,1352,1243,1256,1196,1161,1128,1040,959,939,875,797,728,620,599,512,509,796,1244,1433,1437,1400,1390,1342,1278,1278,1227,1176,1117,1049,958,935,872,813,872,1102,1308,1388,1386,1337,1272,1264,1216,1164,1104,1040,958,943,921,825,760,686,599,507,445,346,318,350,463,464,570,988,1430,1470,1486,1464,0.00048828125,0.5303372789032761,0.47056330586766065,0.3224978448367003,0.35332943560291796,0.5019426752924931,0.6926437768516571,0.5634054737435893,0.24051606325684427,0.43150582948992594,0.39880354279653824,0.40748876825311564,0.577234355385746,0.5422235218581448,0.16344809153210776,0.24221899996761712,0.15898485488256814,0.08400708268596316,0.08008407942801135,0.09353103497981048,0.12216792971871879,0.1077587048760447,0.14720201813516826,0.09948004011532995,0.08106057019315287,0.11247015663193725,0.12643373320281878,0.04820896502811517,0.16255879438929405,0.14376711536186798,0.10222235315655417,0.11830924706841191,0.08145374281908893,0.08128966317053421,0.05078125,0.12139657825254294,0.04239901044158674,0.04447381850287383,0.09554355319246101,0.037695818487536684,0.07745070335507169,0.08575975937539121,0.10648562166823422,0.04120121701118943,0.07074519639169857,0.03585460888805824,0.0578237161839354,0.10779852292777557,0.048100040453221686,0.055000499376284075,0.049149334110006326,0.049881221832508336,0.029700988917471777,0.042979845868487083,0.03742923417331406,0.006176323555016366,0.04696646350160566,0.05620963449671156,0.041062101643805936,0.014517645261053229,0.026672852116694654,0.021484375,0.023619895746968406,0.024647323172117114,0.030289184412638327,0.020967686087484266,0.013810679320049757,0.010054326309557618,0.018961413905222265,0.010517900013934578,0.0242573092741684,0.013671875,0.015746597164645604,0.00834375365753665,0.020320949264340638,0.003088161777508183,0.022482157096135425,0.0185803687406645,0.0068359375,0.027151247606362977,0.018347943582085875,0.018657200365764452,0.0048828125,0.010918300671385692,0.011759369705851851,0.018425744398548053,0.014778072217208551,0.007873298582322802,0.014517645261053229,0.01589728573837862,0.018165112536853784,0.0126953125,0.011134525635733769,0.037695818487536684,0.01589728573837862,0.01516032685181643,0.022545696055889054,0.014517645261053229,0.010918300671385692,0.01727715430952552,0.011134525635733769,0.01313830473347042,0.009814331661250869,0.01313830473347042,0.009264485332524549,0.012506102026236032,0.011134525635733769,0.011759369705851851,0.004026470337517247,0.01242961138804478,0.019457869965987574,0.009959022487485907,0.009212872199274027,0.0146484375,0.0068359375,0.003521046167445302,0.009618025197066508,0.016630260122975003,0.014517645261053229,0.006905339660024878,0.011920464468489943,0.011759369705851851,0.022269051271467537,0.009765625,0.01019561182510796,0.0205078125,0.0068359375,0.011759369705851851,0.0107421875,1,1,1.0
5.078125,3.9513933658599854,8.0,0.1479063481092453,12.098353385925293,4.6875,16.38153648376465,3.8894529342651367,2.34375,0.7870401740074158,0.16319409012794495,27926.0,503060.0,6486552576.0,18.014036178588867,0.06505349278450012,1.4398442506790161,3.6168975830078125,2.7975423222414975e-07,0.0,0.04409310966730118,1246,1196,1132,1066,1024,957,889,827,910,1246,1468,1568,1530,1463,1484,1448,1415,1384,1327,1278,1262,1213,1178,1114,1020,1008,938,895,830,748,665,624,543,472,382,283,240,126,40,0,0,0,44,152,268,298,304,431,506,540,745,990,1133,1146,1118,1036,939,922,860,811,777,684,584,576,536,526,512,511,535,620,667,732,748,736,783,966,1179,1247,1256,1166,1159,1128,1037,968,926,824,799,732,664,586,508,487,506,505,492,523,636,861,1130,1327,1335,1248,1257,1214,1162,1103,1035,969,937,857,784,718,655,714,751,847,873,847,912,1144,1260,1272,1210,1148,1131,1064,1005,909,879,798,729,665,687,717,784,935,956,937,920,858,767,745,735,840,859,903,823,747,716,638,599,728,812,845,877,927,973,1086,1196,1227,1180,1116,1065,1000,967,895,843,744,700,632,540,506,491,425,448,496,492,475,702,1097,1400,1451,1432,1401,1324,1335,1287,1229,1216,1114,1113,1053,984,879,830,810,928,1087,1258,1352,1243,1256,1196,1161,1128,1040,959,939,875,797,728,620,599,512,509,796,1244,1433,1437,1400,1390,1342,1278,1278,1227,1176,1117,1049,958,935,872,813,872,1102,1308,1388,1386,1337,1272,1264,1216,1164,1104,1040,958,943,921,825,760,686,599,507,445,346,318,350,0.0009765625,0.5489123948315496,0.5048979234924349,0.3466191628504918,0.3621361847040042,0.4537160241724115,0.6267287188440671,0.4984191699828044,0.22093849797003215,0.41945945651127986,0.4304901948492301,0.33155986759676037,0.503910035111753,0.5420801589642216,0.26371708235138236,0.3436417842802594,0.0841091914067753,0.02652944864688696,0.033332125323976586,0.0630469234045663,0.1337355903635334,0.1742610041948795,0.04216217411117754,0.1865847821244009,0.12142407064351213,0.09765625,0.1931842049027968,0.1275863115962613,0.16437899624568306,0.04336641271713773,0.11304950028266449,0.10932267163403539,0.05317559917992962,0.013982247132105814,0.13448581118707106,0.05117411135380431,0.03554741156875253,0.03088161777508183,0.03928161203343509,0.04367320268554277,0.0742444445654227,0.04325631755927754,0.06519606144716608,0.020108652619115236,0.08430738212147132,0.0380859375,0.04014610310760638,0.11117811302114013,0.04078244730043184,0.05146215674318515,0.049890780368925004,0.04961283514015835,0.027010384152225255,0.047037478823407405,0.03803582440263759,0.016105881350068987,0.02833714478231818,0.051840661874949207,0.0412127887617367,0.033332125323976586,0.03363120187055188,0.017387200990981306,0.01875915303935405,0.003521046167445302,0.04848512338791566,0.007109482313750506,0.013282686043686957,0.02298555135925746,0.023619895746968406,0.016370170521718956,0.03908690643787012,0.031988944051092184,0.027964494264211628,0.01760523083722651,0.03179457147675724,0.01441877251975918,0.023940723969006372,0.030414866215619993,0.008286407592029853,0.03902586172400017,0.0283875817456028,0.028985980624327792,0.011759369705851851,0.016253239235442616,0.027500249688142037,0.027151247606362977,0.011920464468489943,0.02039122365021592,0.01760523083722651,0.017387200990981306,0.01727715430952552,0.020600608505594715,0.0185803687406645,0.007873298582322802,0.013282686043686957,0.016630260122975003,0.03316001337177665,0.015655487833868553,0.016253239235442616,0.019555648822754675,0.022269051271467537,0.019749754312653012,0.012732817197661424,0.02108108705558877,0.015776850020901866,0.02132844694125152,0.019457869965987574,0.020692988379313566,0.009618025197066508,0.019236050394133015,0.024492062898407135,0.014778072217208551,0.013282686043686957,0.01792730444402912,0.013810679320049757,0.013982247132105814,0.004367320268554277,0.022269051271467537,0.015776850020901866,0.025390625,0.01171875,0.016858082521125067,0.0027621358640099515,0.017578125,0.016858082521125067,0.011920464468489943,0.02157297073669387,0.015655487833868553,0.015625,1,1,1.0
5.46875,4.405550003051758,9.0,0.18545269966125488,10.935853004455566,0.390625,13.301239013671875,4.0066046714782715,2.34375,0.7463035583496094,0.15944308042526245,26657.0,411869.0,5314042368.0,15.450688362121582,0.06824374198913574,1.303626298904419,3.2653305530548096,1.1722859198926017e-06,0.0,0.05610086768865585,1532,1500,1463,1419,1417,1321,1341,1304,1246,1196,1132,1066,1024,957,889,827,910,1246,1468,1568,1530,1463,1484,1448,1415,1384,1327,1278,1262,1213,1178,1114,1020,1008,938,895,830,748,665,624,543,472,382,283,240,126,40,0,0,0,44,152,268,298,304,431,506,540,745,990,1133,1146,1118,1036,939,922,860,811,777,684,584,576,536,526,512,511,535,620,667,732,748,736,783,966,1179,1247,1256,1166,1159,1128,1037,968,926,824,799,732,664,586,508,487,506,505,492,523,636,861,1130,1327,1335,1248,1257,1214,1162,1103,1035,969,937,857,784,718,655,714,751,847,873,847,912,1144,1260,1272,1210,1148,1131,1064,1005,909,879,798,729,665,687,717,784,935,956,937,920,858,767,745,735,840,859,903,823,747,716,638,599,728,812,845,877,927,973,1086,1196,1227,1180,1116,1065,1000,967,895,843,744,700,632,540,506,491,425,448,496,492,475,702,1097,1400,1451,1432,1401,1324,1335,1287,1229,1216,1114,1113,1053,984,879,830,810,928,1087,1258,1352,1243,1256,1196,1161,1128,1040,959,939,875,797,728,620,599,512,509,796,1244,1433,1437,1400,1390,1342,1278,1278,1227,1176,1117,1049,958,935,872,813,872,1102,1308,1388,1386,1337,1272,1264,1216,1164,1104,1040,958,943,921,825,0.0029296875,0.669191189986003,0.6794236646697561,0.4725482911959444,0.4311332655214164,0.28226879820213313,0.439974733840998,0.30066867059123015,0.35482562228368447,0.5550346899789941,0.39987223492042295,0.17926240477474634,0.5786740556822352,0.39511578758093574,0.3254752572261158,0.395628357401458,0.22304353995426998,0.12721577398032866,0.0992112524849319,0.05014817217370222,0.04523919852304871,0.07912567148029159,0.1271970313247602,0.11170867661097673,0.075442218421203,0.09304032335508906,0.16397237572969847,0.09832776932142091,0.14150387255218716,0.07229201376297557,0.11430371006562134,0.11190059773930638,0.05160095630321448,0.013101960805662831,0.11871562259387583,0.07091350132668783,0.011134525635733769,0.009264485332524549,0.06750300647963069,0.02638526579317636,0.06652104049190001,0.07459045489815747,0.10786485368346935,0.0599533026491048,0.03798564519292329,0.009618025197066508,0.05277053158635272,0.0634765625,0.0318844291353799,0.017304731588544287,0.03813598474563796,0.011048543456039806,0.027010384152225255,0.010381001770248682,0.02161713244255728,0.01760523083722651,0.058283684810065524,0.05156397961892221,0.03869455616437295,0.017686299097924643,0.029035290522106457,0.011920464468489943,0.014778072217208551,0.0048828125,0.04283537538957287,0.006253051013118016,0.009003461384075085,0.02161713244255728,0.027621358640099514,0.01824369305885684,0.020762003540497363,0.014218964627501012,0.027759121881937295,0.020320949264340638,0.029035290522106457,0.018165112536853784,0.020762003540497363,0.005258950006967289,0.021836601342771385,0.009959022487485907,0.00390625,0.001953125,0.019652941208494246,0.013879560940968648,0.0009765625,0.01188039556698871,0.015440808887540914,0.007627196949127592,0.012732817197661424,0.014084184669781208,0.016016815885602272,0.013601941676937616,0.006176323555016366,0.0170549308560283,0.007437278423695223,0.011759369705851851,0.029378142493147116,0.011759369705851851,0.009765625,0.01760523083722651,0.0166015625,0.015776850020901866,0.0078125,0.0146484375,0.009959022487485907,0.012506102026236032,0.010054326309557618,0.008400708268596315,0.016858082521125067,0.0068359375,0.007873298582322802,0.0126953125,0.014680953494504793,0.01188039556698871,0.012506102026236032,0.013879560940968648,0.023518739411703703,0.010517900013934578,0.013810679320049757,0.0048828125,0.009765625,0.010786485368346935,0.014517645261053229,0.008843149548962322,0.006905339660024878,0.011134525635733769,0.013028968812623373,0.0087890625,0.0087890625,1,1,1.0
5.46875,3.776776075363159,7.0,0.1627139151096344,14.878168106079102,0.390625,18.44304847717285,3.4792826175689697,0.78125,0.7845541834831238,0.1622328758239746,27598.0,484040.0,6669564416.0,17.538951873779297,0.05273190885782242,1.0308154821395874,3.8445568084716797,1.019077990349615e-05,0.390625,0.032969880849123,1437,1643,1646,1627,1638,1607,1563,1529,1532,1500,1463,1419,1417,1321,1341,1304,1246,1196,1132,1066,1024,957,889,827,910,1246,1468,1568,1530,1463,1484,1448,1415,1384,1327,1278,1262,1213,1178,1114,1020,1008,938,895,830,748,665,624,543,472,382,283,240,126,40,0,0,0,44,152,268,298,304,431,506,540,745,990,1133,1146,1118,1036,939,922,860,811,777,684,584,576,536,526,512,511,535,620,667,732,748,736,783,966,1179,1247,1256,1166,1159,1128,1037,968,926,824,799,732,664,586,508,487,506,505,492,523,636,861,1130,1327,1335,1248,1257,1214,1162,1103,1035,969,937,857,784,718,655,714,751,847,873,847,912,1144,1260,1272,1210,1148,1131,1064,1005,909,879,798,729,665,687,717,784,935,956,937,920,858,767,745,735,840,859,903,823,747,716,638,599,728,812,845,877,927,973,1086,1196,1227,1180,1116,1065,1000,967,895,843,744,700,632,540,506,491,425,448,496,492,475,702,1097,1400,1451,1432,1401,1324,1335,1287,1229,1216,1114,1113,1053,984,879,830,810,928,1087,1258,1352,1243,1256,1196,1161,1128,1040,959,939,875,797,728,620,599,512,509,796,1244,1433,1437,1400,1390,1342,1278,1278,1227,1176,1117,1049,958,935,872,813,872,1102,1308,1388,1386,1337,1272,1264,0.001953125,0.7577583844241111,0.7851234543057395,0.5169586505107451,0.43359375,0.17721313506413064,0.44425866429730176,0.2891680550519023,0.43460981210936583,0.6234607816474437,0.2995373655519732,0.2716968171720563,0.6304578891277187,0.42095734434072357,0.23419996719425273,0.31566542564827565,0.14516331387548473,0.037998196207702575,0.025465634395322848,0.033203125,0.09956149278072604,0.14642576952656017,0.09884047600687496,0.14701725989499073,0.05765028180916188,0.02777629424478104,0.11165744193012352,0.04627092867375834,0.1737211090877438,0.11589867448155751,0.11043795014631307,0.12930882332443824,0.07851465329000695,0.028168369339562415,0.12051351029884899,0.05101546049456632,0.03314563036811941,0.024724587697601882,0.0528788530104722,0.028588439781844624,0.0676088825416835,0.07070474359335138,0.10569005283406006,0.060829732431239986,0.03676080122015373,0.009212872199274027,0.04193537217496853,0.0728766922140845,0.014084184669781208,0.01792730444402912,0.04833737762017415,0.032638232357555474,0.021417687694786434,0.034938562148434216,0.026057937625246747,0.018347943582085875,0.035761393405469834,0.025781989809461104,0.010054326309557618,0.021035800027869155,0.003521046167445302,0.04143203796014927,0.03936649291161401,0.032754902014157074,0.031035641761856844,0.023047702580480365,0.014874556847390447,0.006905339660024878,0.0087890625,0.010054326309557618,0.03712222228271135,0.02751758360079174,0.028920103310470405,0.0208765218031562,0.033673710253059895,0.020531050821902968,0.0170549308560283,0.008400708268596315,0.024433585943743757,0.0065509804028314154,0.007437278423695223,0.007042092334890604,0.015746597164645604,0.013101960805662831,0.011759369705851851,0.019555648822754675,0.007042092334890604,0.0146484375,0.010918300671385692,0.008734640537108554,0.006253051013118016,0.010381001770248682,0.018528970665049098,0.03232997140087275,0.014218964627501012,0.011759369705851851,0.019236050394133015,0.009003461384075085,0.011759369705851851,0.001953125,0.008734640537108554,0.008734640537108554,0.007627196949127592,0.013810679320049757,0.007873298582322802,0.01284467425582608,0.010918300671385692,0.009618025197066508,0.013282686043686957,0.005859375,0.009212872199274027,0.01188039556698871,0.014938533731228863,0.012352647110032733,0.00966747552403483,0.007437278423695223,0.014778072217208551,0.014218964627501012,0.011430371006562134,0.01800692276815017,0.004367320268554277,0.008843149548962322,0.009814331661250869,0.010786485368346935,0.012732817197661424,0.011759369705851851,0.009618025197066508,0.0107421875,0.009765625,1,1,1.0
5.078125,3.6522395610809326,5.0,0.11432915925979614,17.357421875,0.390625,23.542327880859375,3.1897146701812744,0.78125,0.8374249339103699,0.16997237503528595,30294.0,646362.0,9989198848.0,21.3363037109375,0.04824592545628548,1.0735305547714233,4.419573783874512,4.126140083826613e-06,0.0,0.030138729140162468,906,832,761,678,569,524,543,974,1437,1643,1646,1627,1638,1607,1563,1529,1532,1500,1463,1419,1417,1321,1341,1304,1246,1196,1132,1066,1024,957,889,827,910,1246,1468,1568,1530,1463,1484,1448,1415,1384,1327,1278,1262,1213,1178,1114,1020,1008,938,895,830,748,665,624,543,472,382,283,240,126,40,0,0,0,44,152,268,298,304,431,506,540,745,990,1133,1146,1118,1036,939,922,860,811,777,684,584,576,536,526,512,511,535,620,667,732,748,736,783,966,1179,1247,1256,1166,1159,1128,1037,968,926,824,799,732,664,586,508,487,506,505,492,523,636,861,1130,1327,1335,1248,1257,1214,1162,1103,1035,969,937,857,784,718,655,714,751,847,873,847,912,1144,1260,1272,1210,1148,1131,1064,1005,909,879,798,729,665,687,717,784,935,956,937,920,858,767,745,735,840,859,903,823,747,716,638,599,728,812,845,877,927,973,1086,1196,1227,1180,1116,1065,1000,967,895,843,744,700,632,540,506,491,425,448,496,492,475,702,1097,1400,1451,1432,1401,1324,1335,1287,1229,1216,1114,1113,1053,984,879,830,810,928,1087,1258,1352,1243,1256,1196,1161,1128,1040,959,939,875,797,728,620,599,512,509,796,1244,1433,1437,1400,1390,1342,1278,1278,1227,1176,1117,1049,958,935,872,813,0.00048828125,0.6540738309196794,0.6756549342296893,0.5336143389146439,0.5058574897406954,0.25044592188741877,0.33857578203507716,0.18202087634738365,0.5007642627042767,0.7119971123540377,0.272635892528881,0.31007358785103334,0.7363695694569851,0.4013671875,0.1346417286006326,0.2203679873886465,0.10719969921923901,0.06027060204769325,0.09540370892046729,0.1275377165415196,0.16392874942393512,0.19957267886760108,0.1775008123674742,0.13408811240079052,0.04154696755113799,0.08578755562263697,0.0987680848377629,0.07163603490270823,0.1057577060209444,0.11496094413651017,0.1525095502020514,0.13778185999028614,0.0603970550627587,0.027361183058831836,0.11606312816410852,0.09184361343399595,0.013982247132105814,0.032638232357555474,0.07443046489176261,0.0048828125,0.039499508625306025,0.055672628178668845,0.09194739156137821,0.05208841934802573,0.051202057534837225,0.007873298582322802,0.03477440198196261,0.08081902865703353,0.01528562093993997,0.026565372087373914,0.045939974556012016,0.03829818662329605,0.01760523083722651,0.040794137840244965,0.023478154844084585,0.032359456105040804,0.05183146292857656,0.017820593350483065,0.01680141653719263,0.013810679320049757,0.02378085090212094,0.030336376107439583,0.021417687694786434,0.019384212149686726,0.04577360017678893,0.0013810679320049757,0.006905339660024878,0.019555648822754675,0.025390625,0.015440808887540914,0.019652941208494246,0.011134525635733769,0.016630260122975003,0.009003461384075085,0.01933495104806966,0.007437278423695223,0.019773883526676354,0.009264485332524549,0.014874556847390447,0.01516032685181643,0.004979511243742954,0.006905339660024878,0.01019561182510796,0.005694288959809864,0.012732817197661424,0.013879560940968648,0.001953125,0.017686299097924643,0.0027621358640099515,0.003088161777508183,0.005258950006967289,0.0021836601342771385,0.007042092334890604,0.02777629424478104,0.00390625,0.008052940675034493,0.023619895746968406,0.0068359375,0.004026470337517247,0.01242961138804478,0.009003461384075085,0.00834375365753665,0.007042092334890604,0.003088161777508183,0.0029296875,0.0021836601342771385,0.001953125,0.003521046167445302,0.007627196949127592,0.004367320268554277,0.007873298582322802,0.00390625,0.008400708268596315,0.006253051013118016,0.0048828125,0.0068359375,0.013282686043686957,0.0087890625,0.0013810679320049757,0.017686299097924643,0.008286407592029853,0.003088161777508183,0.01760523083722651,0.0021836601342771385,0.003088161777508183,0.012236293052872722,0.0048828125,0.001953125,0.0029296875,1,1,1.0
5.078125,3.3883440494537354,7.0,0.10740493983030319,18.849918365478516,3.515625,19.650598526000977,3.4201531410217285,4.6875,0.8476278781890869,0.16919350624084473,30017.0,568580.0,9573757952.0,18.941932678222656,0.04496719315648079,1.069633960723877,4.111390113830566,2.602689903596911e-07,0.0,0.01908336579799652,1036,1018,998,1022,1111,1080,990,972,906,832,761,678,569,524,543,974,1437,1643,1646,1627,1638,1607,1563,1529,1532,1500,1463,1419,1417,1321,1341,1304,1246,1196,1132,1066,1024,957,889,827,910,1246,1468,1568,1530,1463,1484,1448,1415,1384,1327,1278,1262,1213,1178,1114,1020,1008,938,895,830,748,665,624,543,472,382,283,240,126,40,0,0,0,44,152,268,298,304,431,506,540,745,990,1133,1146,1118,1036,939,922,860,811,777,684,584,576,536,526,512,511,535,620,667,732,748,736,783,966,1179,1247,1256,1166,1159,1128,1037,968,926,824,799,732,664,586,508,487,506,505,492,523,636,861,1130,1327,1335,1248,1257,1214,1162,1103,1035,969,937,857,784,718,655,714,751,847,873,847,912,1144,1260,1272,1210,1148,1131,1064,1005,909,879,798,729,665,687,717,784,935,956,937,920,858,767,745,735,840,859,903,823,747,716,638,599,728,812,845,877,927,973,1086,1196,1227,1180,1116,1065,1000,967,895,843,744,700,632,540,506,491,425,448,496,492,475,702,1097,1400,1451,1432,1401,1324,1335,1287,1229,1216,1114,1113,1053,984,879,830,810,928,1087,1258,1352,1243,1256,1196,1161,1128,1040,959,939,875,797,728,620,599,512,509,796,1244,1433,1437,1400,1390,1342,1278,1278,0.0009765625,0.6477930014326166,0.6736618057873403,0.5421505258578915,0.5112750044026728,0.24056958638014342,0.34288609927378993,0.1913290062569027,0.4918124268415762,0.6982264803740316,0.2813534016735905,0.2920721958737926,0.7264889915771694,0.38361508063465394,0.14607037851993482,0.20964274581196946,0.12849128283905098,0.07539163697507337,0.11024780797184884,0.14967234110677502,0.18769571897718734,0.21836601342771383,0.2027796229912865,0.1280638013618145,0.051767024533978793,0.1083984375,0.1242999501210586,0.0911557146801431,0.10217102851289504,0.09084131141646559,0.13065880734947904,0.11608366849311884,0.05027163154778809,0.015746597164645604,0.1137894379714025,0.07152945342667964,0.009003461384075085,0.0146484375,0.07560006731625744,0.018657200365764452,0.04655858375414147,0.06853353929501074,0.10018693617521089,0.060829732431239986,0.0576171875,0.01760523083722651,0.03179457147675724,0.08519073627954839,0.02231183527108567,0.026868782211323446,0.04239901044158674,0.03434669022474409,0.015625,0.0377211092106015,0.021836601342771385,0.030586835475323877,0.050413708981016825,0.019555648822754675,0.015440808887540914,0.011134525635733769,0.019236050394133015,0.03149319432929121,0.0242573092741684,0.02209708691207961,0.0441185820237364,0.006176323555016366,0.007042092334890604,0.020762003540497363,0.026565372087373914,0.0185803687406645,0.016630260122975003,0.006176323555016366,0.01680141653719263,0.009212872199274027,0.015440808887540914,0.0041432037960149265,0.01875915303935405,0.0126953125,0.01441877251975918,0.015254393898255184,0.0021836601342771385,0.0048828125,0.012236293052872722,0.008052940675034493,0.015440808887540914,0.016630260122975003,0.003088161777508183,0.021035800027869155,0.0048828125,0.004979511243742954,0.008052940675034493,0.004026470337517247,0.00390625,0.02489755621871477,0.0,0.004367320268554277,0.025012204052472065,0.0065509804028314154,0.0029296875,0.01019561182510796,0.008052940675034493,0.007873298582322802,0.003088161777508183,0.007109482313750506,0.003521046167445302,0.00390625,0.0009765625,0.0021836601342771385,0.009814331661250869,0.0048828125,0.006905339660024878,0.0027621358640099515,0.008286407592029853,0.007042092334890604,0.004979511243742954,0.009003461384075085,0.015440808887540914,0.006253051013118016,0.001953125,0.016164985700436375,0.007437278423695223,0.001953125,0.015746597164645604,0.0013810679320049757,0.0029296875,0.008843149548962322,0.0048828125,0.001953125,0.0009765625,1,1,1.0
5.078125,3.398268938064575,7.0,0.1164356917142868,19.698514938354492,3.515625,19.276771545410156,3.4401681423187256,4.6875,0.8408769965171814,0.16867978870868683,29835.0,553424.0,9208214528.0,18.549488067626953,0.04268732666969299,1.082593560218811,4.074735164642334,1.0474132068338804e-06,0.0,0.018862098455429077,1419,1382,1341,1291,1241,1229,1197,1146,1036,1018,998,1022,1111,1080,990,972,906,832,761,678,569,524,543,974,1437,1643,1646,1627,1638,1607,1563,1529,1532,1500,1463,1419,1417,1321,1341,1304,1246,1196,1132,1066,1024,957,889,827,910,1246,1468,1568,1530,1463,1484,1448,1415,1384,1327,1278,1262,1213,1178,1114,1020,1008,938,895,830,748,665,624,543,472,382,283,240,126,40,0,0,0,44,152,268,298,304,431,506,540,745,990,1133,1146,1118,1036,939,922,860,811,777,684,584,576,536,526,512,511,535,620,667,732,748,736,783,966,1179,1247,1256,1166,1159,1128,1037,968,926,824,799,732,664,586,508,487,506,505,492,523,636,861,1130,1327,1335,1248,1257,1214,1162,1103,1035,969,937,857,784,718,655,714,751,847,873,847,912,1144,1260,1272,1210,1148,1131,1064,1005,909,879,798,729,665,687,717,784,935,956,937,920,858,767,745,735,840,859,903,823,747,716,638,599,728,812,845,877,927,973,1086,1196,1227,1180,1116,1065,1000,967,895,843,744,700,632,540,506,491,425,448,496,492,475,702,1097,1400,1451,1432,1401,1324,1335,1287,1229,1216,1114,1113,1053,984,879,830,810,928,1087,1258,1352,1243,1256,1196,1161,1128,1040,959,939,875,797,728,620,599,512,509,796,0.00048828125,0.6547318108979128,0.6721942941348006,0.5348353851047594,0.5152716148170136,0.2505506173958496,0.32872898281201945,0.1815881140495228,0.5055915978035348,0.6968592894284292,0.2748516029159886,0.279687568195697,0.7054675603879782,0.3606994107860536,0.1639956383474044,0.18992822596461645,0.15340736979023215,0.10797973047004152,0.1435414003204547,0.17555595371077787,0.18900458339401538,0.1976640662053871,0.20025485014072147,0.10032011294369218,0.015746597164645604,0.07298130621692726,0.0956532874061397,0.06090807081840889,0.10612678114763405,0.12414256704742738,0.16336638498977965,0.12839104547857702,0.03554741156875253,0.047138743695887386,0.08343753657536651,0.07724726660376992,0.03582800064032059,0.022482157096135425,0.07381288078397229,0.04290211452439218,0.06250762892892679,0.0866723288618232,0.10471555419343902,0.06201748558323214,0.07794167945013639,0.0235996991671769,0.05281569251167953,0.06519606144716608,0.013671875,0.027151247606362977,0.05978604634771081,0.05336357848560254,0.018961413905222265,0.03516981075267404,0.003088161777508183,0.019773883526676354,0.04263453115809194,0.029893023173855404,0.0065509804028314154,0.033203125,0.03144773864864183,0.04979511243742954,0.029378142493147116,0.025947910655442233,0.05590340539594418,0.0170549308560283,0.015746597164645604,0.011759369705851851,0.006176323555016366,0.01242961138804478,0.03477440198196261,0.023294649300540163,0.03712222228271135,0.029700988917471777,0.007109482313750506,0.0166015625,0.029313146523053973,0.03102027377786834,0.025855863857175247,0.019773883526676354,0.01800692276815017,0.021683206358568866,0.015746597164645604,0.018657200365764452,0.029133659941750583,0.013982247132105814,0.018347943582085875,0.015746597164645604,0.012352647110032733,0.0126953125,0.009264485332524549,0.013282686043686957,0.021035800027869155,0.040653629485348924,0.016370170521718956,0.020531050821902968,0.03582800064032059,0.022651198251451565,0.014218964627501012,0.01800692276815017,0.0087890625,0.01188039556698871,0.01179984958358845,0.02108108705558877,0.016716057391234072,0.01441877251975918,0.014218964627501012,0.015655487833868553,0.010563138502335907,0.01441877251975918,0.018347943582085875,0.015625,0.018961413905222265,0.018961413905222265,0.009814331661250869,0.0146484375,0.01953125,0.01528562093993997,0.016630260122975003,0.009264485332524549,0.013566839833447074,0.013706707859002147,0.00390625,0.015655487833868553,0.017686299097924643,0.02298555135925746,0.013028968812623373,0.013671875,0.0146484375,1,1,1.0
5.078125,4.183160305023193,7.0,0.11295588314533234,15.699165344238281,3.515625,18.920928955078125,3.630006790161133,4.6875,0.8339250683784485,0.1684393435716629,29750.0,521860.0,8951095296.0,17.541513442993164,0.05311906710267067,1.0248584747314453,4.052257061004639,2.6259650098836573e-07,0.0,0.04821300879120827,1273,1468,1561,1531,1533,1501,1448,1448,1419,1382,1341,1291,1241,1229,1197,1146,1036,1018,998,1022,1111,1080,990,972,906,832,761,678,569,524,543,974,1437,1643,1646,1627,1638,1607,1563,1529,1532,1500,1463,1419,1417,1321,1341,1304,1246,1196,1132,1066,1024,957,889,827,910,1246,1468,1568,1530,1463,1484,1448,1415,1384,1327,1278,1262,1213,1178,1114,1020,1008,938,895,830,748,665,624,543,472,382,283,240,126,40,0,0,0,44,152,268,298,304,431,506,540,745,990,1133,1146,1118,1036,939,922,860,811,777,684,584,576,536,526,512,511,535,620,667,732,748,736,783,966,1179,1247,1256,1166,1159,1128,1037,968,926,824,799,732,664,586,508,487,506,505,492,523,636,861,1130,1327,1335,1248,1257,1214,1162,1103,1035,969,937,857,784,718,655,714,751,847,873,847,912,1144,1260,1272,1210,1148,1131,1064,1005,909,879,798,729,665,687,717,784,935,956,937,920,858,767,745,735,840,859,903,823,747,716,638,599,728,812,845,877,927,973,1086,1196,1227,1180,1116,1065,1000,967,895,843,744,700,632,540,506,491,425,448,496,492,475,702,1097,1400,1451,1432,1401,1324,1335,1287,1229,1216,1114,1113,1053,984,879,830,810,928,1087,1258,1352,1243,1256,1196,1161,1128,1040,959,939,0.00341796875,0.823613382914946,0.7092089757016758,0.3962112764035325,0.5542489050551952,0.40485906903969854,0.16982362910514368,0.1559353521348195,0.6273188489862688,0.6982012116473307,0.3076311380765247,0.20264789596432906,0.645333455556012,0.21934645942593947,0.22242055095979285,0.058070581044212914,0.2024148116651677,0.20508975041453842,0.21191631263206312,0.16351809321626165,0.08140689666549776,0.12356506709286433,0.10082741796203365,0.1920479120237846,0.10049108087997552,0.12873227488159839,0.11977928208173409,0.13486466016900053,0.06332614389403701,0.06638470468498961,0.11109230094211427,0.09610585702440061,0.05363097741307024,0.012732817197661424,0.11970361984503186,0.07016314432299241,0.010381001770248682,0.011759369705851851,0.07546749643110022,0.029700988917471777,0.05156397961892221,0.07489667769067973,0.09352593667041312,0.049032774260285905,0.06886670004790618,0.011134525635733769,0.0510995134841841,0.07437278423695223,0.01171875,0.05198762364924283,0.04416179318201177,0.03873150784189832,0.01680141653719263,0.011134525635733769,0.0324624416769427,0.02378085090212094,0.03274034104343791,0.0048828125,0.02777629424478104,0.026002982335340524,0.0375183060787081,0.016105881350068987,0.018165112536853784,0.01875915303935405,0.0361328125,0.012506102026236032,0.010918300671385692,0.02231183527108567,0.027930370402490412,0.016105881350068987,0.020762003540497363,0.010918300671385692,0.022269051271467537,0.016016815885602272,0.009814331661250869,0.005940197783494355,0.021439939843847802,0.0208765218031562,0.021683206358568866,0.009959022487485907,0.01179984958358845,0.015440808887540914,0.0013810679320049757,0.0048828125,0.013601941676937616,0.007627196949127592,0.006905339660024878,0.014517645261053229,0.010517900013934578,0.010517900013934578,0.013601941676937616,0.010786485368346935,0.003088161777508183,0.01878455474772592,0.0048828125,0.003521046167445302,0.02003738723504218,0.0013810679320049757,0.0078125,0.016164985700436375,0.010563138502335907,0.005694288959809864,0.009003461384075085,0.00966747552403483,0.0065509804028314154,0.010918300671385692,0.007873298582322802,0.007109482313750506,0.011920464468489943,0.009618025197066508,0.012352647110032733,0.00834375365753665,0.013566839833447074,0.013282686043686957,0.0048828125,0.013879560940968648,0.021506558149946522,0.003521046167445302,0.009959022487485907,0.009264485332524549,0.0013810679320049757,0.005940197783494355,0.018425744398548053,0.005258950006967289,0.003521046167445302,0.009814331661250869,0.009264485332524549,0.005940197783494355,0.00390625,1,1,1.0
4.6875,3.4531350135803223,6.0,0.09253741800785065,22.150588989257812,0.78125,22.688962936401367,3.1481516361236572,0.390625,0.8682643175125122,0.17220206558704376,31094.0,711290.0,11500283904.0,22.87547492980957,0.03919825330376625,1.348647117614746,4.416637897491455,1.2311087630223483e-05,0.0,0.023987308144569397,686,606,512,441,393,343,480,840,1273,1468,1561,1531,1533,1501,1448,1448,1419,1382,1341,1291,1241,1229,1197,1146,1036,1018,998,1022,1111,1080,990,972,906,832,761,678,569,524,543,974,1437,1643,1646,1627,1638,1607,1563,1529,1532,1500,1463,1419,1417,1321,1341,1304,1246,1196,1132,1066,1024,957,889,827,910,1246,1468,1568,1530,1463,1484,1448,1415,1384,1327,1278,1262,1213,1178,1114,1020,1008,938,895,830,748,665,624,543,472,382,283,240,126,40,0,0,0,44,152,268,298,304,431,506,540,745,990,1133,1146,1118,1036,939,922,860,811,777,684,584,576,536,526,512,511,535,620,667,732,748,736,783,966,1179,1247,1256,1166,1159,1128,1037,968,926,824,799,732,664,586,508,487,506,505,492,523,636,861,1130,1327,1335,1248,1257,1214,1162,1103,1035,969,937,857,784,718,655,714,751,847,873,847,912,1144,1260,1272,1210,1148,1131,1064,1005,909,879,798,729,665,687,717,784,935,956,937,920,858,767,745,735,840,859,903,823,747,716,638,599,728,812,845,877,927,973,1086,1196,1227,1180,1116,1065,1000,967,895,843,744,700,632,540,506,491,425,448,496,492,475,702,1097,1400,1451,1432,1401,1324,1335,1287,1229,1216,1114,1113,1053,984,879,830,810,928,1087,1258,1352,0.0,0.6783841670653878,0.7416945577227639,0.45180661687847795,0.41217532240410243,0.4058800994016977,0.216429252641425,0.049071658306254345,0.7360619182663729,0.8313856888931208,0.2747752571749618,0.2875889516138129,0.5623618062123581,0.12667111104563328,0.31547956987543435,0.056649043016692095,0.2559264582859327,0.2675852530984868,0.23499470481588283,0.12043830932281914,0.06284238493436003,0.19212486673125867,0.1451436035428846,0.1958829559872146,0.0937550861250546,0.12796322914296634,0.12491223114940608,0.10090305744601163,0.08383093723439847,0.09015105392847086,0.1313721587856571,0.09913913205633189,0.04239901044158674,0.0185803687406645,0.11311696735336682,0.07171586706147327,0.017953883116064683,0.016370170521718956,0.07362530009754205,0.04695630968816917,0.061554431677029,0.082546974449235,0.08068321314740175,0.028721564784868637,0.07161606295819962,0.027759121881937295,0.05459150335692846,0.10129923812414016,0.03848449315476178,0.06186351939340568,0.0166015625,0.01171875,0.020716018980074635,0.03623823303765522,0.025334222209126653,0.026240290708094537,0.04145504936873266,0.013982247132105814,0.012236293052872722,0.029313146523053973,0.0388789633542859,0.0242573092741684,0.009959022487485907,0.013879560940968648,0.0332174831087792,0.013601941676937616,0.011759369705851851,0.023518739411703703,0.025390625,0.01019561182510796,0.027621358640099514,0.0166875073150733,0.03155370004180373,0.023294649300540163,0.007627196949127592,0.014517645261053229,0.008286407592029853,0.016630260122975003,0.026654968874914416,0.013601941676937616,0.012236293052872722,0.008843149548962322,0.01886055460530075,0.014218964627501012,0.019918044974971814,0.0192608231673008,0.011134525635733769,0.017820593350483065,0.005859375,0.005940197783494355,0.009212872199274027,0.01188039556698871,0.009765625,0.019652941208494246,0.009003461384075085,0.0048828125,0.0192608231673008,0.00390625,0.012079411012551739,0.021484375,0.011048543456039806,0.005694288959809864,0.011388577919619728,0.017686299097924643,0.013810679320049757,0.009765625,0.008734640537108554,0.011430371006562134,0.004367320268554277,0.005859375,0.001953125,0.010054326309557618,0.00834375365753665,0.003521046167445302,0.010517900013934578,0.0048828125,0.006905339660024878,0.013706707859002147,0.01179984958358845,0.010517900013934578,0.010054326309557618,0.01171875,0.014874556847390447,0.01284467425582608,0.012079411012551739,0.016630260122975003,0.015655487833868553,0.0107421875,0.009765625,1,1,1.0
5.46875,3.549234628677368,5.0,0.11511369794607162,20.449729919433594,0.78125,24.21412467956543,3.441941261291504,3.515625,0.8436323404312134,0.17496556043624878,32100.0,724778.0,12077654016.0,22.578754425048828,0.0412539578974247,1.2564780712127686,4.566713333129883,0.0,0.0,0.02965150773525238,584,736,893,1024,953,888,793,765,686,606,512,441,393,343,480,840,1273,1468,1561,1531,1533,1501,1448,1448,1419,1382,1341,1291,1241,1229,1197,1146,1036,1018,998,1022,1111,1080,990,972,906,832,761,678,569,524,543,974,1437,1643,1646,1627,1638,1607,1563,1529,1532,1500,1463,1419,1417,1321,1341,1304,1246,1196,1132,1066,1024,957,889,827,910,1246,1468,1568,1530,1463,1484,1448,1415,1384,1327,1278,1262,1213,1178,1114,1020,1008,938,895,830,748,665,624,543,472,382,283,240,126,40,0,0,0,44,152,268,298,304,431,506,540,745,990,1133,1146,1118,1036,939,922,860,811,777,684,584,576,536,526,512,511,535,620,667,732,748,736,783,966,1179,1247,1256,1166,1159,1128,1037,968,926,824,799,732,664,586,508,487,506,505,492,523,636,861,1130,1327,1335,1248,1257,1214,1162,1103,1035,969,937,857,784,718,655,714,751,847,873,847,912,1144,1260,1272,1210,1148,1131,1064,1005,909,879,798,729,665,687,717,784,935,956,937,920,858,767,745,735,840,859,903,823,747,716,638,599,728,812,845,877,927,973,1086,1196,1227,1180,1116,1065,1000,967,895,843,744,700,632,540,506,491,425,448,496,492,475,702,1097,1400,1451,1432,1401,1324,1335,1287,1229,1216,1114,1113,1053,0.001953125,0.6442308130275216,0.7695814397100488,0.4491338234939003,0.37577485457785464,0.44445933211081373,0.19669917899320669,0.08527465428014151,0.7522327250065639,0.8124178331349596,0.30103004371530473,0.26015632331549265,0.5837279302113177,0.13816547612013613,0.29992077099139086,0.04501730692037543,0.2573274615841682,0.2714791057267417,0.24527470971859097,0.1279744077370336,0.06348407407478518,0.20488737408530158,0.1596851397972595,0.18677890718294995,0.07796003090338684,0.10755496017389347,0.0987680848377629,0.09569315955768631,0.05328309713165524,0.08307671772423385,0.10687895471941172,0.08858234742537943,0.08429041260562534,0.02568934851165216,0.12713703625918582,0.11798233055108559,0.06448271101257491,0.06032595785734571,0.10531039182097976,0.09262426329202637,0.06641343021843478,0.06253051013118016,0.0390625,0.03564118670096613,0.023294649300540163,0.030336376107439583,0.02003738723504218,0.08307671772423385,0.009212872199274027,0.04148954255126563,0.054774623681172495,0.045908825287277966,0.029035290522106457,0.023940723969006372,0.04789140560640324,0.04334441605697685,0.055928988528423255,0.020692988379313566,0.0166875073150733,0.01760523083722651,0.028588439781844624,0.0332174831087792,0.009003461384075085,0.010918300671385692,0.033260520245950005,0.011134525635733769,0.010381001770248682,0.021035800027869155,0.018165112536853784,0.010918300671385692,0.029133659941750583,0.017387200990981306,0.027621358640099514,0.017578125,0.021945512748285382,0.013566839833447074,0.017820593350483065,0.010381001770248682,0.009264485332524549,0.018528970665049098,0.009765625,0.016105881350068987,0.0,0.0041432037960149265,0.0065509804028314154,0.017820593350483065,0.0065509804028314154,0.02580047815160724,0.007437278423695223,0.005694288959809864,0.0009765625,0.006176323555016366,0.010918300671385692,0.024492062898407135,0.008843149548962322,0.005859375,0.017469281074217108,0.007109482313750506,0.014218964627501012,0.024119314521930602,0.009765625,0.008843149548962322,0.00966747552403483,0.018657200365764452,0.013879560940968648,0.0065509804028314154,0.009212872199274027,0.009003461384075085,0.01824369305885684,0.013601941676937616,0.015440808887540914,0.00834375365753665,0.012732817197661424,0.01516032685181643,0.008052940675034493,0.015776850020901866,0.023518739411703703,0.0021836601342771385,0.004979511243742954,0.0170549308560283,0.009264485332524549,0.0048828125,0.009765625,0.007873298582322802,0.009003461384075085,0.015746597164645604,0.010786485368346935,0.0068359375,0.0048828125,1,1,1.0
5.46875,3.587103843688965,5.0,0.11473236232995987,20.039302825927734,0.78125,23.719850540161133,3.477276086807251,3.515625,0.8431907892227173,0.17535212635993958,32242.0,692084.0,12156400640.0,21.465293884277344,0.042076852172613144,1.114422082901001,4.535308361053467,3.876911705447128e-06,0.0,0.02875770442187786,940,875,806,715,685,587,538,553,584,736,893,1024,953,888,793,765,686,606,512,441,393,343,480,840,1273,1468,1561,1531,1533,1501,1448,1448,1419,1382,1341,1291,1241,1229,1197,1146,1036,1018,998,1022,1111,1080,990,972,906,832,761,678,569,524,543,974,1437,1643,1646,1627,1638,1607,1563,1529,1532,1500,1463,1419,1417,1321,1341,1304,1246,1196,1132,1066,1024,957,889,827,910,1246,1468,1568,1530,1463,1484,1448,1415,1384,1327,1278,1262,1213,1178,1114,1020,1008,938,895,830,748,665,624,543,472,382,283,240,126,40,0,0,0,44,152,268,298,304,431,506,540,745,990,1133,1146,1118,1036,939,922,860,811,777,684,584,576,536,526,512,511,535,620,667,732,748,736,783,966,1179,1247,1256,1166,1159,1128,1037,968,926,824,799,732,664,586,508,487,506,505,492,523,636,861,1130,1327,1335,1248,1257,1214,1162,1103,1035,969,937,857,784,718,655,714,751,847,873,847,912,1144,1260,1272,1210,1148,1131,1064,1005,909,879,798,729,665,687,717,784,935,956,937,920,858,767,745,735,840,859,903,823,747,716,638,599,728,812,845,877,927,973,1086,1196,1227,1180,1116,1065,1000,967,895,843,744,700,632,540,506,491,425,448,496,492,475,702,1097,1400,1451,1432,1401,0.00146484375,0.5726362987337088,0.8766056043393072,0.4012341058262902,0.34796882893185005,0.543379593890533,0.0856095036872778,0.16471804485774413,0.6758884940192844,0.7262172083583673,0.252618428774784,0.295912940548042,0.5196523883677705,0.1980207738285955,0.38094700514315516,0.12540370599603132,0.3160458619843668,0.3135967083816609,0.23997620146695342,0.07250935461268192,0.1175936970585185,0.21767488310856659,0.16969722937692036,0.15564457904261092,0.0656915236673521,0.10708843847393217,0.10744850522186924,0.11733389293652804,0.05930557207300381,0.07186863083193007,0.10471555419343902,0.096566181791662,0.08102526762770133,0.026294750034836445,0.11946437186466738,0.11614116208842583,0.0677779402322681,0.058070581044212914,0.11483644215694609,0.08401843422749,0.045908825287277966,0.0471993983343538,0.06184039140229517,0.03819845159298427,0.04642525126564341,0.007873298582322802,0.037695818487536684,0.08953006550536267,0.022482157096135425,0.04421574774481161,0.037186392118476116,0.034938562148434216,0.008734640537108554,0.009959022487485907,0.03629082846887118,0.03316001337177665,0.04577360017678893,0.016253239235442616,0.027500249688142037,0.009003461384075085,0.021836601342771385,0.0332174831087792,0.014218964627501012,0.011759369705851851,0.038397662600268556,0.0068359375,0.005694288959809864,0.0126953125,0.0126953125,0.021126277004671814,0.019918044974971814,0.0078125,0.013671875,0.006176323555016366,0.0146484375,0.004026470337517247,0.018528970665049098,0.02003738723504218,0.025465634395322848,0.010381001770248682,0.009618025197066508,0.004026470337517247,0.016572815184059706,0.011759369705851851,0.020716018980074635,0.006905339660024878,0.007627196949127592,0.017387200990981306,0.011048543456039806,0.009264485332524549,0.008843149548962322,0.001953125,0.006905339660024878,0.023619895746968406,0.005258950006967289,0.0041432037960149265,0.017387200990981306,0.006905339660024878,0.010918300671385692,0.01875915303935405,0.003088161777508183,0.008843149548962322,0.003088161777508183,0.006176323555016366,0.0021836601342771385,0.007109482313750506,0.005940197783494355,0.007042092334890604,0.004979511243742954,0.001953125,0.0013810679320049757,0.007873298582322802,0.0048828125,0.0041432037960149265,0.009814331661250869,0.008400708268596315,0.01953125,0.011759369705851851,0.01708286687942959,0.013566839833447074,0.009814331661250869,0.006905339660024878,0.016630260122975003,0.005258950006967289,0.008052940675034493,0.014218964627501012,0.006905339660024878,0.004979511243742954,0.0029296875,1,1,1.0
5.46875,3.460563898086548,6.0,0.15288156270980835,19.246273040771484,3.515625,29.414203643798828,3.4486398696899414,0.78125,0.8052777051925659,0.17380617558956146,31676.0,805765.0,11445800960.0,25.437713623046875,0.04184070974588394,1.4570531845092773,4.887915134429932,2.2197316411620704e-06,0.0,0.02288464643061161,1287,1276,1240,1211,1161,1062,1036,1005,940,875,806,715,685,587,538,553,584,736,893,1024,953,888,793,765,686,606,512,441,393,343,480,840,1273,1468,1561,1531,1533,1501,1448,1448,1419,1382,1341,1291,1241,1229,1197,1146,1036,1018,998,1022,1111,1080,990,972,906,832,761,678,569,524,543,974,1437,1643,1646,1627,1638,1607,1563,1529,1532,1500,1463,1419,1417,1321,1341,1304,1246,1196,1132,1066,1024,957,889,827,910,1246,1468,1568,1530,1463,1484,1448,1415,1384,1327,1278,1262,1213,1178,1114,1020,1008,938,895,830,748,665,624,543,472,382,283,240,126,40,0,0,0,44,152,268,298,304,431,506,540,745,990,1133,1146,1118,1036,939,922,860,811,777,684,584,576,536,526,512,511,535,620,667,732,748,736,783,966,1179,1247,1256,1166,1159,1128,1037,968,926,824,799,732,664,586,508,487,506,505,492,523,636,861,1130,1327,1335,1248,1257,1214,1162,1103,1035,969,937,857,784,718,655,714,751,847,873,847,912,1144,1260,1272,1210,1148,1131,1064,1005,909,879,798,729,665,687,717,784,935,956,937,920,858,767,745,735,840,859,903,823,747,716,638,599,728,812,845,877,927,973,1086,1196,1227,1180,1116,1065,1000,967,895,843,744,700,632,540,506,491,425,448,496,0.001953125,0.5926414983931482,0.8139846149462167,0.46337761994355187,0.2881968139387615,0.574749966867387,0.10990125211882328,0.23060112723664752,0.6822112135494243,0.6465824663592593,0.2607732747151519,0.3473557448621939,0.4500205141265958,0.24864209465686127,0.46572305555720456,0.19543209229232006,0.30459515076833055,0.25621136629976315,0.14101778911081794,0.10691464051497022,0.07844174073446564,0.138812786021275,0.12012115720066371,0.24576995377430222,0.1210346693072543,0.10871031289121677,0.06239309705063784,0.1280340104218681,0.03389952140177692,0.06836635009057476,0.018961413905222265,0.18004009647945657,0.11402804755797064,0.07851465329000695,0.0626980504659161,0.04523919852304871,0.007873298582322802,0.03625138904935661,0.05879684852925925,0.09959022487485908,0.09533370985832641,0.0794864286918931,0.029877067462457725,0.05875628498629423,0.031204190055996988,0.023478154844084585,0.051164792568084906,0.07539163697507337,0.027203883353875233,0.05539786954563607,0.030162978928672854,0.03676080122015373,0.010918300671385692,0.005258950006967289,0.04428040644044779,0.04200354134298158,0.05424099248827662,0.016716057391234072,0.012236293052872722,0.026294750034836445,0.036916129241085546,0.0185803687406645,0.0324624416769427,0.031143005310746045,0.05513903989645744,0.018347943582085875,0.016016815885602272,0.021836601342771385,0.032241355506287456,0.009765625,0.03180956538066861,0.021126277004671814,0.027793455997573647,0.01284467425582608,0.025781989809461104,0.011134525635733769,0.028168369339562415,0.02756951994822872,0.03434669022474409,0.013982247132105814,0.016630260122975003,0.008400708268596315,0.022140203220223895,0.017387200990981306,0.022777155839239456,0.011134525635733769,0.012236293052872722,0.03179457147675724,0.011920464468489943,0.009003461384075085,0.012079411012551739,0.020531050821902968,0.015776850020901866,0.007873298582322802,0.01878455474772592,0.020132351687586234,0.031035641761856844,0.017387200990981306,0.009814331661250869,0.016016815885602272,0.01760523083722651,0.011134525635733769,0.014874556847390447,0.022714264354712906,0.0166015625,0.010786485368346935,0.012732817197661424,0.010786485368346935,0.016016815885602272,0.012079411012551739,0.011134525635733769,0.01760523083722651,0.013601941676937616,0.01188039556698871,0.016858082521125067,0.018528970665049098,0.029877067462457725,0.013879560940968648,0.01589728573837862,0.023212625632821705,0.01516032685181643,0.010786485368346935,0.01284467425582608,0.014680953494504793,0.01171875,0.006176323555016366,0.013982247132105814,0.015625,0.0166015625,1,1,1.0
5.46875,4.031126976013184,5.0,0.16728536784648895,17.437700271606445,3.125,23.837440490722656,3.5782270431518555,0.78125,0.7875509262084961,0.1719859391450882,31016.0,694756.0,9787066368.0,22.39992332458496,0.04516369104385376,1.4236220121383667,4.396235466003418,4.030111085739918e-06,0.0,0.044631678611040115,751,679,588,522,584,717,1064,1340,1287,1276,1240,1211,1161,1062,1036,1005,940,875,806,715,685,587,538,553,584,736,893,1024,953,888,793,765,686,606,512,441,393,343,480,840,1273,1468,1561,1531,1533,1501,1448,1448,1419,1382,1341,1291,1241,1229,1197,1146,1036,1018,998,1022,1111,1080,990,972,906,832,761,678,569,524,543,974,1437,1643,1646,1627,1638,1607,1563,1529,1532,1500,1463,1419,1417,1321,1341,1304,1246,1196,1132,1066,1024,957,889,827,910,1246,1468,1568,1530,1463,1484,1448,1415,1384,1327,1278,1262,1213,1178,1114,1020,1008,938,895,830,748,665,624,543,472,382,283,240,126,40,0,0,0,44,152,268,298,304,431,506,540,745,990,1133,1146,1118,1036,939,922,860,811,777,684,584,576,536,526,512,511,535,620,667,732,748,736,783,966,1179,1247,1256,1166,1159,1128,1037,968,926,824,799,732,664,586,508,487,506,505,492,523,636,861,1130,1327,1335,1248,1257,1214,1162,1103,1035,969,937,857,784,718,655,714,751,847,873,847,912,1144,1260,1272,1210,1148,1131,1064,1005,909,879,798,729,665,687,717,784,935,956,937,920,858,767,745,735,840,859,903,823,747,716,638,599,728,812,845,877,927,973,1086,1196,1227,1180,1116,1065,1000,967,895,843,744,0.00146484375,0.6058757767464751,0.779235684471088,0.5014265690267884,0.2532932805305227,0.5999782558315786,0.1289247441752146,0.2664065363818109,0.6736129638366739,0.6194901788285583,0.25202124805788945,0.37970327336706494,0.41875519251095,0.24850205836220735,0.4747279140805042,0.19654154315572867,0.28039420579700153,0.2288950842519921,0.1384447413632342,0.12755267083793512,0.056082242247504806,0.15601789401204313,0.14226005296096664,0.2375798141484674,0.10838084035093924,0.08745552022358637,0.03930588241698849,0.1455078125,0.03656571333368956,0.04664044506351388,0.04203758447271657,0.17180840329100974,0.08865767713977347,0.05694288959809864,0.08722622138032268,0.06720566614877052,0.023840928936979887,0.04350911994129973,0.08541433439714796,0.0912184652942842,0.0684708911834301,0.05930557207300381,0.04606436099637014,0.03516981075267404,0.03521046167445302,0.017686299097924643,0.026939676219011176,0.08425646332079294,0.008052940675034493,0.047037478823407405,0.04336641271713773,0.03221176270013797,0.019652941208494246,0.026240290708094537,0.0283875817456028,0.02315091717017519,0.03363120187055188,0.004367320268554277,0.030289184412638327,0.015776850020901866,0.020600608505594715,0.036604814089826784,0.025633603024231812,0.014517645261053229,0.036812650048771024,0.013566839833447074,0.007042092334890604,0.01878455474772592,0.014680953494504793,0.019555648822754675,0.020899350155305366,0.008400708268596315,0.01188039556698871,0.009618025197066508,0.009765625,0.008052940675034493,0.011388577919619728,0.012506102026236032,0.020108652619115236,0.0170549308560283,0.0013810679320049757,0.008286407592029853,0.006905339660024878,0.003088161777508183,0.011759369705851851,0.014517645261053229,0.0009765625,0.018961413905222265,0.001953125,0.004026470337517247,0.008734640537108554,0.011759369705851851,0.004367320268554277,0.01760523083722651,0.0078125,0.008843149548962322,0.025465634395322848,0.0065509804028314154,0.0048828125,0.01589728573837862,0.006253051013118016,0.003088161777508183,0.003521046167445302,0.009814331661250869,0.00390625,0.0068359375,0.004367320268554277,0.007109482313750506,0.003521046167445302,0.0021836601342771385,0.003088161777508183,0.004367320268554277,0.0009765625,0.0068359375,0.003521046167445302,0.008734640537108554,0.017304731588544287,0.007109482313750506,0.010918300671385692,0.011134525635733769,0.004367320268554277,0.0021836601342771385,0.016370170521718956,0.003088161777508183,0.0,0.007627196949127592,0.003521046167445302,0.004367320268554277,0.0048828125,1,1,1.0
5.46875,3.3187801837921143,7.0,0.1657722145318985,21.01866912841797,3.125,20.895469665527344,3.3627378940582275,0.78125,0.7963404655456543,0.17035068571567535,30429.0,636704.0,9263360000.0,20.92424964904785,0.037887293845415115,1.3381869792938232,4.149296760559082,2.310686113560223e-06,0.0,0.018872875720262527,440,392,455,670,889,891,889,827,751,679,588,522,584,717,1064,1340,1287,1276,1240,1211,1161,1062,1036,1005,940,875,806,715,685,587,538,553,584,736,893,1024,953,888,793,765,686,606,512,441,393,343,480,840,1273,1468,1561,1531,1533,1501,1448,1448,1419,1382,1341,1291,1241,1229,1197,1146,1036,1018,998,1022,1111,1080,990,972,906,832,761,678,569,524,543,974,1437,1643,1646,1627,1638,1607,1563,1529,1532,1500,1463,1419,1417,1321,1341,1304,1246,1196,1132,1066,1024,957,889,827,910,1246,1468,1568,1530,1463,1484,1448,1415,1384,1327,1278,1262,1213,1178,1114,1020,1008,938,895,830,748,665,624,543,472,382,283,240,126,40,0,0,0,44,152,268,298,304,431,506,540,745,990,1133,1146,1118,1036,939,922,860,811,777,684,584,576,536,526,512,511,535,620,667,732,748,736,783,966,1179,1247,1256,1166,1159,1128,1037,968,926,824,799,732,664,586,508,487,506,505,492,523,636,861,1130,1327,1335,1248,1257,1214,1162,1103,1035,969,937,857,784,718,655,714,751,847,873,847,912,1144,1260,1272,1210,1148,1131,1064,1005,909,879,798,729,665,687,717,784,935,956,937,920,858,767,745,735,840,859,903,823,747,716,638,599,728,812,845,877,927,973,1086,1196,1227,0.00244140625,0.6042460246967426,0.8430585500491856,0.4295820627030316,0.33228678126715006,0.5286532497042381,0.21976128197917144,0.32049257752487054,0.7300436649588722,0.5242276277657356,0.26900884893107635,0.47248067826420986,0.33680081883056845,0.20486409962803695,0.4211192956653027,0.11818020292658805,0.252597664556029,0.2798580054864668,0.20666471459892205,0.045575241756164196,0.12898021078983637,0.09281968419690978,0.07639690318596853,0.3082551668079053,0.1804342922325924,0.13254295372640346,0.06180182551678414,0.2093696251933725,0.09461071363111613,0.0318844291353799,0.09978633943380054,0.13548902876802943,0.0629030582624528,0.029877067462457725,0.08927405144949473,0.08693600495490653,0.0411664822428867,0.01516032685181643,0.04898412579681427,0.10322501216859716,0.10156719490350419,0.06718437719850338,0.057451430000323156,0.058070581044212914,0.05808700139829317,0.018961413905222265,0.02489755621871477,0.09826470604247123,0.016105881350068987,0.05513903989645744,0.04496431419227085,0.0192608231673008,0.01441877251975918,0.019457869965987574,0.0332174831087792,0.03416573375885918,0.04723979149393681,0.008286407592029853,0.029700988917471777,0.029700988917471777,0.023518739411703703,0.04911051156515687,0.03125,0.006176323555016366,0.027361183058831836,0.011759369705851851,0.011388577919619728,0.0029296875,0.02458921545315268,0.018657200365764452,0.02708090746848056,0.01953125,0.022482157096135425,0.008052940675034493,0.025781989809461104,0.020600608505594715,0.021126277004671814,0.021439939843847802,0.022651198251451565,0.030383494504109463,0.016370170521718956,0.023294649300540163,0.01760523083722651,0.018961413905222265,0.029133659941750583,0.004367320268554277,0.01528562093993997,0.0332174831087792,0.01528562093993997,0.015746597164645604,0.0224609375,0.0283875817456028,0.017387200990981306,0.032285693857063556,0.01313830473347042,0.009765625,0.020692988379313566,0.0126953125,0.013810679320049757,0.009959022487485907,0.012732817197661424,0.010517900013934578,0.014778072217208551,0.02298555135925746,0.0166875073150733,0.013706707859002147,0.015655487833868553,0.017578125,0.009264485332524549,0.014938533731228863,0.015746597164645604,0.012732817197661424,0.013706707859002147,0.013282686043686957,0.009959022487485907,0.004026470337517247,0.016370170521718956,0.019457869965987574,0.021836601342771385,0.024433585943743757,0.01589728573837862,0.013028968812623373,0.022798081113142094,0.016716057391234072,0.013706707859002147,0.0170549308560283,0.011759369705851851,0.010918300671385692,0.0087890625,1,1,1.0
5.859375,4.097919940948486,6.0,0.15654177963733673,15.441303253173828,3.125,29.275737762451172,3.595501661300659,0.78125,0.7921570539474487,0.17252573370933533,31211.0,745273.0,9870195712.0,23.878536224365234,0.051301177591085434,1.3335760831832886,4.822082042694092,6.257706445467193e-06,0.0,0.04415362700819969,729,652,558,505,462,398,407,411,440,392,455,670,889,891,889,827,751,679,588,522,584,717,1064,1340,1287,1276,1240,1211,1161,1062,1036,1005,940,875,806,715,685,587,538,553,584,736,893,1024,953,888,793,765,686,606,512,441,393,343,480,840,1273,1468,1561,1531,1533,1501,1448,1448,1419,1382,1341,1291,1241,1229,1197,1146,1036,1018,998,1022,1111,1080,990,972,906,832,761,678,569,524,543,974,1437,1643,1646,1627,1638,1607,1563,1529,1532,1500,1463,1419,1417,1321,1341,1304,1246,1196,1132,1066,1024,957,889,827,910,1246,1468,1568,1530,1463,1484,1448,1415,1384,1327,1278,1262,1213,1178,1114,1020,1008,938,895,830,748,665,624,543,472,382,283,240,126,40,0,0,0,44,152,268,298,304,431,506,540,745,990,1133,1146,1118,1036,939,922,860,811,777,684,584,576,536,526,512,511,535,620,667,732,748,736,783,966,1179,1247,1256,1166,1159,1128,1037,968,926,824,799,732,664,586,508,487,506,505,492,523,636,861,1130,1327,1335,1248,1257,1214,1162,1103,1035,969,937,857,784,718,655,714,751,847,873,847,912,1144,1260,1272,1210,1148,1131,1064,1005,909,879,798,729,665,687,717,784,935,956,937,920,858,767,745,735,840,859,903,823,747,716,638,599,728,0.0009765625,0.6255033373602639,0.89040438948078,0.4041081232097922,0.3880039015111712,0.5167815214083613,0.30221414474214564,0.40577200131751656,0.7201795873256116,0.49628210622092567,0.22283821032524254,0.5111854628142101,0.36641921160776203,0.12732817197661422,0.35480949555671004,0.099609375,0.3273407783464459,0.32300016902765627,0.16011158390109195,0.09957585986410451,0.12641487459954834,0.10270633677514514,0.14022430978851014,0.2778127224452498,0.1317889094362292,0.07864208759878219,0.016105881350068987,0.16510838965501617,0.04688517142249142,0.030336376107439583,0.057351745546976654,0.16082475286862377,0.07504932053453457,0.04120121701118943,0.09310692528557053,0.08013169892348022,0.0333750146301466,0.026654968874914416,0.07331376710595101,0.08700179911539994,0.08164085862705807,0.06744647128840628,0.042578572962093046,0.04447381850287383,0.03803582440263759,0.014218964627501012,0.0283875817456028,0.08389348279263488,0.010563138502335907,0.04577360017678893,0.04230894340319232,0.0390625,0.025559086578715626,0.03126525506559008,0.034637007521422264,0.020967686087484266,0.021683206358568866,0.017820593350483065,0.04306850990468739,0.006253051013118016,0.01708286687942959,0.03179457147675724,0.020108652619115236,0.02161713244255728,0.045908825287277966,0.015776850020901866,0.011759369705851851,0.023212625632821705,0.01516032685181643,0.020108652619115236,0.023457836229422487,0.009264485332524549,0.009959022487485907,0.009765625,0.010918300671385692,0.009765625,0.010381001770248682,0.011388577919619728,0.01589728573837862,0.017387200990981306,0.006253051013118016,0.010054326309557618,0.011920464468489943,0.008843149548962322,0.01680141653719263,0.0107421875,0.00390625,0.023518739411703703,0.0029296875,0.007437278423695223,0.01179984958358845,0.010054326309557618,0.004026470337517247,0.016630260122975003,0.008286407592029853,0.011430371006562134,0.02763861659782208,0.005524271728019903,0.009618025197066508,0.019918044974971814,0.0029296875,0.006176323555016366,0.0027621358640099515,0.011134525635733769,0.007873298582322802,0.0029296875,0.005694288959809864,0.007627196949127592,0.003521046167445302,0.005940197783494355,0.006905339660024878,0.005694288959809864,0.0048828125,0.006176323555016366,0.005524271728019903,0.006176323555016366,0.019773883526676354,0.008734640537108554,0.009959022487485907,0.013982247132105814,0.003088161777508183,0.005940197783494355,0.020967686087484266,0.00390625,0.0027621358640099515,0.009212872199274027,0.004026470337517247,0.004367320268554277,0.0048828125,1,1,1.0
5.46875,3.4130144119262695,6.0,0.13916771113872528,22.123424530029297,3.125,32.631221771240234,3.265784978866577,0.78125,0.8236045837402344,0.17506909370422363,32138.0,831332.0,11030749184.0,25.867570877075195,0.03722771629691124,1.5285968780517578,5.040012836456299,9.723457878862973e-07,0.0,0.022504344582557678,1209,1129,1083,1008,938,907,859,827,729,652,558,505,462,398,407,411,440,392,455,670,889,891,889,827,751,679,588,522,584,717,1064,1340,1287,1276,1240,1211,1161,1062,1036,1005,940,875,806,715,685,587,538,553,584,736,893,1024,953,888,793,765,686,606,512,441,393,343,480,840,1273,1468,1561,1531,1533,1501,1448,1448,1419,1382,1341,1291,1241,1229,1197,1146,1036,1018,998,1022,1111,1080,990,972,906,832,761,678,569,524,543,974,1437,1643,1646,1627,1638,1607,1563,1529,1532,1500,1463,1419,1417,1321,1341,1304,1246,1196,1132,1066,1024,957,889,827,910,1246,1468,1568,1530,1463,1484,1448,1415,1384,1327,1278,1262,1213,1178,1114,1020,1008,938,895,830,748,665,624,543,472,382,283,240,126,40,0,0,0,44,152,268,298,304,431,506,540,745,990,1133,1146,1118,1036,939,922,860,811,777,684,584,576,536,526,512,511,535,620,667,732,748,736,783,966,1179,1247,1256,1166,1159,1128,1037,968,926,824,799,732,664,586,508,487,506,505,492,523,636,861,1130,1327,1335,1248,1257,1214,1162,1103,1035,969,937,857,784,718,655,714,751,847,873,847,912,1144,1260,1272,1210,1148,1131,1064,1005,909,879,798,729,665,687,717,784,935,956,937,920,858,767,745,735,840,0.00244140625,0.593899356728774,0.8847548460988007,0.3750114439171792,0.40539460726267224,0.45963322654252764,0.3183204299415356,0.4143295866187403,0.7731495330791375,0.44354647415061854,0.24306207072896172,0.556614068719595,0.38323204250281434,0.0812016269765133,0.3273160135176373,0.13032628121447842,0.35804835379767713,0.31452741989176325,0.12584022418895233,0.11742326544003774,0.09574795665502883,0.12043830932281914,0.12448778109357385,0.27629988966396696,0.1427419061453907,0.09317859720216065,0.022714264354712906,0.17469281074217108,0.05164713993038028,0.02713367966689415,0.05532034780573651,0.1633780598547263,0.0752206734830145,0.03792282781044453,0.09969072199191624,0.08802615418613255,0.03965613379735733,0.015254393898255184,0.05966629050933644,0.09999637597192976,0.08705111210182247,0.051794650805375465,0.058267319883501166,0.02833714478231818,0.031081700122733494,0.03088161777508183,0.0380859375,0.07516359923786663,0.027621358640099514,0.033260520245950005,0.058070581044212914,0.04941058844013093,0.03489759450235476,0.03792282781044453,0.02157297073669387,0.017686299097924643,0.03144773864864183,0.007873298582322802,0.03936649291161401,0.01188039556698871,0.010517900013934578,0.03601384553630034,0.0170549308560283,0.023940723969006372,0.048494957101309126,0.01878455474772592,0.0146484375,0.022482157096135425,0.011048543456039806,0.021417687694786434,0.0205078125,0.013282686043686957,0.014084184669781208,0.009765625,0.01800692276815017,0.021417687694786434,0.005258950006967289,0.0021836601342771385,0.011048543456039806,0.004979511243742954,0.0126953125,0.003521046167445302,0.013028968812623373,0.0068359375,0.005694288959809864,0.01800692276815017,0.00834375365753665,0.01886055460530075,0.008052940675034493,0.007042092334890604,0.014906579611790769,0.019555648822754675,0.0065509804028314154,0.023518739411703703,0.003521046167445302,0.007873298582322802,0.02489755621871477,0.008052940675034493,0.008052940675034493,0.02003738723504218,0.003521046167445302,0.007109482313750506,0.003088161777508183,0.012732817197661424,0.008286407592029853,0.005859375,0.007627196949127592,0.010381001770248682,0.0013810679320049757,0.0048828125,0.0048828125,0.003521046167445302,0.001953125,0.006253051013118016,0.005859375,0.01019561182510796,0.01792730444402912,0.00834375365753665,0.01284467425582608,0.014218964627501012,0.005694288959809864,0.004367320268554277,0.01878455474772592,0.005694288959809864,0.0041432037960149265,0.009765625,0.003088161777508183,0.0027621358640099515,0.0048828125,1,1,1.0
5.46875,3.4542076587677,4.0,0.13563120365142822,20.788787841796875,3.125,32.9429817199707,3.35758113861084,0.78125,0.8246984481811523,0.17505818605422974,32134.0,820816.0,11275390976.0,25.543537139892578,0.039670348167419434,1.3095403909683228,5.123763561248779,6.077995749365073e-06,0.0,0.02262885496020317,1095,1081,1007,927,892,839,894,1144,1209,1129,1083,1008,938,907,859,827,729,652,558,505,462,398,407,411,440,392,455,670,889,891,889,827,751,679,588,522,584,717,1064,1340,1287,1276,1240,1211,1161,1062,1036,1005,940,875,806,715,685,587,538,553,584,736,893,1024,953,888,793,765,686,606,512,441,393,343,480,840,1273,1468,1561,1531,1533,1501,1448,1448,1419,1382,1341,1291,1241,1229,1197,1146,1036,1018,998,1022,1111,1080,990,972,906,832,761,678,569,524,543,974,1437,1643,1646,1627,1638,1607,1563,1529,1532,1500,1463,1419,1417,1321,1341,1304,1246,1196,1132,1066,1024,957,889,827,910,1246,1468,1568,1530,1463,1484,1448,1415,1384,1327,1278,1262,1213,1178,1114,1020,1008,938,895,830,748,665,624,543,472,382,283,240,126,40,0,0,0,44,152,268,298,304,431,506,540,745,990,1133,1146,1118,1036,939,922,860,811,777,684,584,576,536,526,512,511,535,620,667,732,748,736,783,966,1179,1247,1256,1166,1159,1128,1037,968,926,824,799,732,664,586,508,487,506,505,492,523,636,861,1130,1327,1335,1248,1257,1214,1162,1103,1035,969,937,857,784,718,655,714,751,847,873,847,912,1144,1260,1272,1210,1148,1131,1064,1005,909,879,798,729,665,687,717,784,935,0.00341796875,0.5731723099445811,0.8963503269879508,0.34803185906861717,0.4348631825630081,0.43259183581192656,0.349392445355623,0.4444829341328546,0.7596940739926634,0.46198115758742836,0.21580484602386207,0.5329204550641505,0.3907677961654716,0.10449675077652684,0.3433974799319774,0.11606312816410852,0.34589204098405224,0.32412460982670305,0.13554532712552803,0.1203115487989996,0.10253441209692725,0.12632431411421075,0.13282686043686956,0.2676654311262841,0.14152072045763353,0.09874877156326506,0.026654968874914416,0.17939269719564646,0.051164792568084906,0.029296875,0.048867171887487515,0.17139993382990126,0.07091350132668783,0.032241355506287456,0.10630186722300627,0.09306082133360502,0.04143203796014927,0.018657200365764452,0.05765028180916188,0.10826198478059051,0.07485846834662813,0.05160095630321448,0.04848512338791566,0.0328276099882258,0.026203921611325662,0.017820593350483065,0.03455430861905104,0.08240243402237886,0.015191747252054731,0.04372776011179318,0.04789140560640324,0.05022418308837418,0.03792282781044453,0.04290211452439218,0.022269051271467537,0.010918300671385692,0.03126525506559008,0.0065509804028314154,0.03419363554689765,0.016253239235442616,0.007873298582322802,0.03936649291161401,0.014680953494504793,0.02638526579317636,0.05066844441825331,0.022482157096135425,0.015746597164645604,0.020692988379313566,0.012236293052872722,0.01886055460530075,0.026565372087373914,0.019652941208494246,0.008734640537108554,0.0146484375,0.010563138502335907,0.01727715430952552,0.003088161777508183,0.006176323555016366,0.013282686043686957,0.010786485368346935,0.009959022487485907,0.00390625,0.01441877251975918,0.009003461384075085,0.004367320268554277,0.021836601342771385,0.010517900013934578,0.016164985700436375,0.010786485368346935,0.00834375365753665,0.017469281074217108,0.021945512748285382,0.008286407592029853,0.025012204052472065,0.006905339660024878,0.01179984958358845,0.029700988917471777,0.006905339660024878,0.012732817197661424,0.01878455474772592,0.004367320268554277,0.003521046167445302,0.0087890625,0.014517645261053229,0.0048828125,0.01019561182510796,0.004367320268554277,0.0013810679320049757,0.010786485368346935,0.008734640537108554,0.010517900013934578,0.01179984958358845,0.009765625,0.008286407592029853,0.011759369705851851,0.013101960805662831,0.026294750034836445,0.0009765625,0.008734640537108554,0.007873298582322802,0.007873298582322802,0.00390625,0.01589728573837862,0.01019561182510796,0.007109482313750506,0.013028968812623373,0.004979511243742954,0.005258950006967289,0.0068359375,1,1,1.0
5.46875,3.552753210067749,4.0,0.13878028094768524,19.92938995361328,3.125,34.6379280090332,3.391296863555908,0.78125,0.8200709223747253,0.17521882057189941,32193.0,842472.0,11216686080.0,26.169416427612305,0.04114881902933121,1.3921245336532593,5.218386650085449,1.1890828318428248e-05,0.0,0.025928787887096405,219,233,332,538,810,1062,1184,1213,1095,1081,1007,927,892,839,894,1144,1209,1129,1083,1008,938,907,859,827,729,652,558,505,462,398,407,411,440,392,455,670,889,891,889,827,751,679,588,522,584,717,1064,1340,1287,1276,1240,1211,1161,1062,1036,1005,940,875,806,715,685,587,538,553,584,736,893,1024,953,888,793,765,686,606,512,441,393,343,480,840,1273,1468,1561,1531,1533,1501,1448,1448,1419,1382,1341,1291,1241,1229,1197,1146,1036,1018,998,1022,1111,1080,990,972,906,832,761,678,569,524,543,974,1437,1643,1646,1627,1638,1607,1563,1529,1532,1500,1463,1419,1417,1321,1341,1304,1246,1196,1132,1066,1024,957,889,827,910,1246,1468,1568,1530,1463,1484,1448,1415,1384,1327,1278,1262,1213,1178,1114,1020,1008,938,895,830,748,665,624,543,472,382,283,240,126,40,0,0,0,44,152,268,298,304,431,506,540,745,990,1133,1146,1118,1036,939,922,860,811,777,684,584,576,536,526,512,511,535,620,667,732,748,736,783,966,1179,1247,1256,1166,1159,1128,1037,968,926,824,799,732,664,586,508,487,506,505,492,523,636,861,1130,1327,1335,1248,1257,1214,1162,1103,1035,969,937,857,784,718,655,714,751,847,873,847,912,1144,1260,1272,1210,1148,1131,1064,1005,909,0.00341796875,0.6117936089752084,0.8566908098472621,0.396557730667858,0.4019500880594699,0.41052462066526935,0.36299893474159833,0.4740353476305566,0.789087880547876,0.4699863659118915,0.15745688680909858,0.47758798797172736,0.41793794607575363,0.1767011520028679,0.38040964031659447,0.040794137840244965,0.37122222282711353,0.4040715423539896,0.11751256997258847,0.2027231790321337,0.05527723319564416,0.19378553495328,0.08914576870840972,0.3252671537574561,0.22109383626875526,0.11653463976700233,0.059498227389561786,0.14401565551426387,0.025633603024231812,0.09789521543756062,0.08457843133661963,0.18367943894596342,0.0441185820237364,0.05111817315743125,0.05022418308837418,0.04051263381385067,0.028721564784868637,0.04809012598533254,0.08315130061487501,0.08385368647151585,0.1074263138287451,0.049957638915736964,0.0735605061924472,0.0146484375,0.020132351687586234,0.0318844291353799,0.045856862819819905,0.08797738773090007,0.01441877251975918,0.045908825287277966,0.04577360017678893,0.05620963449671156,0.04630183434035038,0.05011012347916992,0.010563138502335907,0.02638526579317636,0.04336641271713773,0.01760523083722651,0.05513903989645744,0.016370170521718956,0.028185292362620726,0.016253239235442616,0.03798564519292329,0.021035800027869155,0.028920103310470405,0.0013810679320049757,0.01284467425582608,0.030835260554388563,0.0224609375,0.03144773864864183,0.009003461384075085,0.01188039556698871,0.024647323172117114,0.01516032685181643,0.02510734400816883,0.029133659941750583,0.007437278423695223,0.010381001770248682,0.0192608231673008,0.014218964627501012,0.008400708268596315,0.009264485332524549,0.020531050821902968,0.014938533731228863,0.004026470337517247,0.02847144479904932,0.01886055460530075,0.026672852116694654,0.016253239235442616,0.018347943582085875,0.02417855156863271,0.01019561182510796,0.008843149548962322,0.007627196949127592,0.01680141653719263,0.01441877251975918,0.021836601342771385,0.01284467425582608,0.005258950006967289,0.019773883526676354,0.01313830473347042,0.013982247132105814,0.009003461384075085,0.017686299097924643,0.013982247132105814,0.012732817197661424,0.012236293052872722,0.010381001770248682,0.013671875,0.009814331661250869,0.01188039556698871,0.016164985700436375,0.014778072217208551,0.011134525635733769,0.015746597164645604,0.0185803687406645,0.0285216442705278,0.00834375365753665,0.016858082521125067,0.0166875073150733,0.01179984958358845,0.009765625,0.024724587697601882,0.004367320268554277,0.006905339660024878,0.0027621358640099515,0.0087890625,0.010918300671385692,0.0078125,1,1,1.0
6.25,3.8415772914886475,3.0,0.18102982640266418,18.77877426147461,3.125,29.12933349609375,3.6456081867218018,0.78125,0.7775636315345764,0.17995531857013702,33957.0,769570.0,11150304256.0,22.663074493408203,0.04140651598572731,1.1786842346191406,4.779162883758545,1.1273339623585343e-05,0.0,0.034728098660707474,717,684,569,469,415,319,217,235,219,233,332,538,810,1062,1184,1213,1095,1081,1007,927,892,839,894,1144,1209,1129,1083,1008,938,907,859,827,729,652,558,505,462,398,407,411,440,392,455,670,889,891,889,827,751,679,588,522,584,717,1064,1340,1287,1276,1240,1211,1161,1062,1036,1005,940,875,806,715,685,587,538,553,584,736,893,1024,953,888,793,765,686,606,512,441,393,343,480,840,1273,1468,1561,1531,1533,1501,1448,1448,1419,1382,1341,1291,1241,1229,1197,1146,1036,1018,998,1022,1111,1080,990,972,906,832,761,678,569,524,543,974,1437,1643,1646,1627,1638,1607,1563,1529,1532,1500,1463,1419,1417,1321,1341,1304,1246,1196,1132,1066,1024,957,889,827,910,1246,1468,1568,1530,1463,1484,1448,1415,1384,1327,1278,1262,1213,1178,1114,1020,1008,938,895,830,748,665,624,543,472,382,283,240,126,40,0,0,0,44,152,268,298,304,431,506,540,745,990,1133,1146,1118,1036,939,922,860,811,777,684,584,576,536,526,512,511,535,620,667,732,748,736,783,966,1179,1247,1256,1166,1159,1128,1037,968,926,824,799,732,664,586,508,487,506,505,492,523,636,861,1130,1327,1335,1248,1257,1214,1162,1103,1035,969,937,857,784,718,655,714,751,847,873,847,912,1144,0.0,0.750742862287667,0.7219597836862203,0.5382135312650699,0.3749415034127928,0.3256422299679152,0.48075548005613405,0.6107662653652403,0.7733980419227864,0.5930846652595358,0.05940197783494355,0.3645404608814074,0.34165733758859185,0.2179813504422454,0.2962463146897952,0.10529680718112522,0.4564225797986967,0.36736017590415543,0.05374643713209771,0.1549537294296596,0.06457877194283375,0.12186310538911325,0.09965244932633759,0.29432790197226383,0.16585757642247845,0.09903807522482594,0.027010384152225255,0.16479618778448968,0.005940197783494355,0.07817991234228686,0.06287272891726513,0.18716655327421824,0.03847210078826603,0.03848449315476178,0.06250762892892679,0.05524271728019903,0.025559086578715626,0.030414866215619993,0.0681777721707307,0.09654148897877161,0.08205449819375002,0.05800485314420897,0.04421574774481161,0.04447381850287383,0.04548098055544929,0.0341098617120566,0.0318844291353799,0.05774945094520515,0.04531292093015696,0.019918044974971814,0.07247646607531044,0.039499508625306025,0.01933495104806966,0.023518739411703703,0.0377211092106015,0.015655487833868553,0.023940723969006372,0.009814331661250869,0.035907766232129365,0.014680953494504793,0.01242961138804478,0.02847144479904932,0.028168369339562415,0.022269051271467537,0.035907766232129365,0.007627196949127592,0.008052940675034493,0.024954945974962183,0.013101960805662831,0.024472586105745445,0.020531050821902968,0.01516032685181643,0.009765625,0.013879560940968648,0.008286407592029853,0.01242961138804478,0.01188039556698871,0.011388577919619728,0.0027621358640099515,0.011430371006562134,0.02315091717017519,0.013566839833447074,0.011920464468489943,0.006905339660024878,0.015776850020901866,0.01019561182510796,0.0013810679320049757,0.016105881350068987,0.007109482313750506,0.006905339660024878,0.0170549308560283,0.018657200365764452,0.003521046167445302,0.0170549308560283,0.010381001770248682,0.011759369705851851,0.02485922277608956,0.0048828125,0.003521046167445302,0.017469281074217108,0.0029296875,0.0041432037960149265,0.005258950006967289,0.013101960805662831,0.003521046167445302,0.007873298582322802,0.0029296875,0.005524271728019903,0.007627196949127592,0.009618025197066508,0.00966747552403483,0.0013810679320049757,0.003521046167445302,0.009003461384075085,0.0009765625,0.001953125,0.021417687694786434,0.00834375365753665,0.0021836601342771385,0.004026470337517247,0.007437278423695223,0.003521046167445302,0.015254393898255184,0.007873298582322802,0.0048828125,0.008734640537108554,0.0009765625,0.003521046167445302,0.0009765625,1,1,1.0
6.25,3.294569253921509,6.0,0.15773653984069824,23.442760467529297,0.390625,18.819543838500977,3.291438102722168,3.125,0.8078048825263977,0.1820889711380005,34767.0,627200.0,11615086592.0,18.040096282958984,0.03445860743522644,1.0612646341323853,3.9467673301696777,0.0,0.0,0.01774667017161846,1192,1131,1070,999,973,907,845,748,717,684,569,469,415,319,217,235,219,233,332,538,810,1062,1184,1213,1095,1081,1007,927,892,839,894,1144,1209,1129,1083,1008,938,907,859,827,729,652,558,505,462,398,407,411,440,392,455,670,889,891,889,827,751,679,588,522,584,717,1064,1340,1287,1276,1240,1211,1161,1062,1036,1005,940,875,806,715,685,587,538,553,584,736,893,1024,953,888,793,765,686,606,512,441,393,343,480,840,1273,1468,1561,1531,1533,1501,1448,1448,1419,1382,1341,1291,1241,1229,1197,1146,1036,1018,998,1022,1111,1080,990,972,906,832,761,678,569,524,543,974,1437,1643,1646,1627,1638,1607,1563,1529,1532,1500,1463,1419,1417,1321,1341,1304,1246,1196,1132,1066,1024,957,889,827,910,1246,1468,1568,1530,1463,1484,1448,1415,1384,1327,1278,1262,1213,1178,1114,1020,1008,938,895,830,748,665,624,543,472,382,283,240,126,40,0,0,0,44,152,268,298,304,431,506,540,745,990,1133,1146,1118,1036,939,922,860,811,777,684,584,576,536,526,512,511,535,620,667,732,748,736,783,966,1179,1247,1256,1166,1159,1128,1037,968,926,824,799,732,664,586,508,487,506,505,492,523,636,861,1130,1327,1335,1248,1257,1214,1162,1103,1035,969,937,857,784,718,0.00341796875,0.6899882285178234,0.7834977430592294,0.5125678785079348,0.3236608646185765,0.3864190067047373,0.44907011807429986,0.6075396163016669,0.8276757515224202,0.6135921783465994,0.04283537538957287,0.30876985184945244,0.3244789641957802,0.24836578293675854,0.2470703125,0.15813378592346508,0.46484477579981354,0.3163957005378671,0.10284088763203725,0.11272848027944526,0.0939988964908839,0.15077378644902362,0.11522196040118136,0.3014716609459596,0.21058682149462019,0.10390643356421755,0.04794116292434991,0.12650537025602226,0.03360283307438526,0.06090807081840889,0.06701382212616314,0.17079796153511545,0.0498046875,0.009003461384075085,0.08590420164550487,0.0570432885410556,0.008843149548962322,0.054635159104294395,0.08854465853554229,0.08770596921608478,0.10203092098913263,0.03889122607761695,0.050931268790645697,0.044064508487025304,0.04833737762017415,0.03180956538066861,0.02713367966689415,0.04143203796014927,0.060962847793021906,0.010563138502335907,0.07905935409378553,0.023840928936979887,0.010563138502335907,0.03625138904935661,0.03057124187987994,0.008052940675034493,0.0386328914938525,0.01019561182510796,0.0510995134841841,0.007627196949127592,0.026057937625246747,0.029877067462457725,0.02161713244255728,0.018347943582085875,0.04898412579681427,0.020132351687586234,0.009618025197066508,0.013566839833447074,0.022269051271467537,0.019384212149686726,0.017953883116064683,0.010054326309557618,0.01727715430952552,0.015655487833868553,0.009618025197066508,0.00966747552403483,0.014938533731228863,0.01589728573837862,0.0078125,0.01727715430952552,0.029893023173855404,0.01953125,0.009003461384075085,0.008734640537108554,0.017686299097924643,0.01953125,0.010517900013934578,0.01727715430952552,0.013282686043686957,0.013879560940968648,0.01760523083722651,0.007873298582322802,0.011134525635733769,0.02378085090212094,0.003088161777508183,0.008734640537108554,0.029378142493147116,0.008400708268596315,0.014517645261053229,0.010054326309557618,0.0126953125,0.009264485332524549,0.0048828125,0.011388577919619728,0.009212872199274027,0.009814331661250869,0.005694288959809864,0.0029296875,0.013601941676937616,0.013028968812623373,0.01441877251975918,0.005258950006967289,0.007627196949127592,0.013810679320049757,0.004367320268554277,0.003088161777508183,0.0263671875,0.005940197783494355,0.0065509804028314154,0.006905339660024878,0.007437278423695223,0.003088161777508183,0.018165112536853784,0.00390625,0.005524271728019903,0.011134525635733769,0.006905339660024878,0.004979511243742954,0.0078125,1,1,1.0
6.25,3.475942611694336,6.0,0.15900857746601105,23.76474952697754,0.78125,22.177942276000977,3.358624219894409,3.125,0.8070322275161743,0.18252576887607574,34934.0,718324.0,12452393984.0,20.56231689453125,0.03395921364426613,1.115950584411621,4.278519153594971,1.0958119673887268e-05,0.0,0.024676864966750145,1262,1418,1399,1390,1354,1307,1245,1228,1192,1131,1070,999,973,907,845,748,717,684,569,469,415,319,217,235,219,233,332,538,810,1062,1184,1213,1095,1081,1007,927,892,839,894,1144,1209,1129,1083,1008,938,907,859,827,729,652,558,505,462,398,407,411,440,392,455,670,889,891,889,827,751,679,588,522,584,717,1064,1340,1287,1276,1240,1211,1161,1062,1036,1005,940,875,806,715,685,587,538,553,584,736,893,1024,953,888,793,765,686,606,512,441,393,343,480,840,1273,1468,1561,1531,1533,1501,1448,1448,1419,1382,1341,1291,1241,1229,1197,1146,1036,1018,998,1022,1111,1080,990,972,906,832,761,678,569,524,543,974,1437,1643,1646,1627,1638,1607,1563,1529,1532,1500,1463,1419,1417,1321,1341,1304,1246,1196,1132,1066,1024,957,889,827,910,1246,1468,1568,1530,1463,1484,1448,1415,1384,1327,1278,1262,1213,1178,1114,1020,1008,938,895,830,748,665,624,543,472,382,283,240,126,40,0,0,0,44,152,268,298,304,431,506,540,745,990,1133,1146,1118,1036,939,922,860,811,777,684,584,576,536,526,512,511,535,620,667,732,748,736,783,966,1179,1247,1256,1166,1159,1128,1037,968,926,824,799,732,664,586,508,487,506,505,492,523,636,861,1130,1327,1335,1248,1257,1214,0.0,0.6187261403425299,0.8540048833702958,0.5153622969515141,0.2555871345064053,0.44321738502751107,0.46880899693836037,0.6598506423261423,0.8435521776922029,0.6808265700017958,0.10990125211882328,0.3139690203114505,0.2590119176059551,0.20536856293762784,0.22483853798684625,0.14709508112314634,0.4042662088309374,0.33766475470837287,0.098536075704952,0.16966631734296192,0.040641898528681275,0.15179501032211634,0.074456086395066,0.31350242056512945,0.16492634371906467,0.09269630839909598,0.02638526579317636,0.1660184972178011,0.003521046167445302,0.08430738212147132,0.07527136981462162,0.17030589239619187,0.05633673867912483,0.03317439013957623,0.08493848482056458,0.06989077084016754,0.008052940675034493,0.04973762335252673,0.08991271979078255,0.08008407942801135,0.10163759243170069,0.04120121701118943,0.05146215674318515,0.04572148402624854,0.051202057534837225,0.03792282781044453,0.034678283016727936,0.04979511243742954,0.057351745546976654,0.007437278423695223,0.06451967444983957,0.033332125323976586,0.026868782211323446,0.0328130812820536,0.0300838316420886,0.0224609375,0.018347943582085875,0.0166875073150733,0.029313146523053973,0.019457869965987574,0.010918300671385692,0.025409398107925172,0.03601384553630034,0.019749754312653012,0.03527810911755555,0.012506102026236032,0.0208765218031562,0.027203883353875233,0.012732817197661424,0.013101960805662831,0.0285216442705278,0.009003461384075085,0.014938533731228863,0.00834375365753665,0.014906579611790769,0.014680953494504793,0.011920464468489943,0.015440808887540914,0.007437278423695223,0.01708286687942959,0.026939676219011176,0.01680141653719263,0.003521046167445302,0.0048828125,0.008400708268596315,0.020108652619115236,0.009618025197066508,0.025559086578715626,0.0029296875,0.0029296875,0.01019561182510796,0.02157297073669387,0.007627196949127592,0.019555648822754675,0.013706707859002147,0.011759369705851851,0.020762003540497363,0.010786485368346935,0.009765625,0.0235996991671769,0.006176323555016366,0.005859375,0.010563138502335907,0.0013810679320049757,0.008843149548962322,0.0048828125,0.007042092334890604,0.005694288959809864,0.011759369705851851,0.011759369705851851,0.013601941676937616,0.0041432037960149265,0.007042092334890604,0.011430371006562134,0.003521046167445302,0.0027621358640099515,0.0244140625,0.00390625,0.006905339660024878,0.009814331661250869,0.0021836601342771385,0.005694288959809864,0.009814331661250869,0.012079411012551739,0.009003461384075085,0.012506102026236032,0.005258950006967289,0.007109482313750506,0.001953125,1,1,1.0
5.46875,3.340514659881592,6.0,0.13518032431602478,23.294654846191406,3.125,23.942161560058594,3.281280040740967,0.78125,0.829222559928894,0.18537718057632446,36034.0,764752.0,14368241664.0,21.223066329956055,0.035597119480371475,1.0249360799789429,4.4684882164001465,0.0,0.0,0.0214784424751997,1096,1020,955,875,839,746,761,1016,1262,1418,1399,1390,1354,1307,1245,1228,1192,1131,1070,999,973,907,845,748,717,684,569,469,415,319,217,235,219,233,332,538,810,1062,1184,1213,1095,1081,1007,927,892,839,894,1144,1209,1129,1083,1008,938,907,859,827,729,652,558,505,462,398,407,411,440,392,455,670,889,891,889,827,751,679,588,522,584,717,1064,1340,1287,1276,1240,1211,1161,1062,1036,1005,940,875,806,715,685,587,538,553,584,736,893,1024,953,888,793,765,686,606,512,441,393,343,480,840,1273,1468,1561,1531,1533,1501,1448,1448,1419,1382,1341,1291,1241,1229,1197,1146,1036,1018,998,1022,1111,1080,990,972,906,832,761,678,569,524,543,974,1437,1643,1646,1627,1638,1607,1563,1529,1532,1500,1463,1419,1417,1321,1341,1304,1246,1196,1132,1066,1024,957,889,827,910,1246,1468,1568,1530,1463,1484,1448,1415,1384,1327,1278,1262,1213,1178,1114,1020,1008,938,895,830,748,665,624,543,472,382,283,240,126,40,0,0,0,44,152,268,298,304,431,506,540,745,990,1133,1146,1118,1036,939,922,860,811,777,684,584,576,536,526,512,511,535,620,667,732,748,736,783,966,1179,1247,1256,1166,1159,1128,1037,968,926,824,799,732,664,586,508,487,506,505,492,523,0.001953125,0.6456607054653638,0.8246640995430778,0.5076659944913492,0.2897545031904433,0.42140680400060915,0.4374051672471104,0.613692419144103,0.8718247703385017,0.6496959562058655,0.10383757422671748,0.2537352940098589,0.258215387142646,0.2533967996035396,0.15646957228413852,0.2103670672384716,0.34377358095609806,0.3448634753788673,0.1522999235838049,0.24844064770509858,0.04099236691760812,0.15687436289866896,0.10565395342122866,0.2822823122921587,0.11609188360713735,0.17123571628672146,0.10655276972850779,0.17030589239619187,0.0770432926692032,0.11382714642252661,0.11653463976700233,0.14517645261053228,0.07910759043390092,0.030383494504109463,0.09220115431189195,0.022545696055889054,0.048828125,0.04438796163032622,0.045658866123285,0.11472427485376692,0.0656915236673521,0.07567571783616943,0.0602389473175435,0.024492062898407135,0.02681548870653512,0.017304731588544287,0.018961413905222265,0.0341098617120566,0.07120875185208649,0.008400708268596315,0.05862629304610795,0.03625138904935661,0.04107371258752557,0.040229160007902304,0.04194674139631744,0.03848449315476178,0.012732817197661424,0.02756951994822872,0.03406789754396955,0.03669588716417175,0.03614600688148779,0.007627196949127592,0.03984805813106087,0.009814331661250869,0.05774945094520515,0.02652944864688696,0.010054326309557618,0.017953883116064683,0.022651198251451565,0.03088161777508183,0.021035800027869155,0.024119314521930602,0.0,0.009765625,0.01760523083722651,0.020899350155305366,0.004026470337517247,0.011388577919619728,0.004979511243742954,0.018347943582085875,0.029700988917471777,0.01800692276815017,0.0021836601342771385,0.007873298582322802,0.0009765625,0.020132351687586234,0.013101960805662831,0.026565372087373914,0.013028968812623373,0.013810679320049757,0.02833714478231818,0.021035800027869155,0.01188039556698871,0.015440808887540914,0.013282686043686957,0.009959022487485907,0.03316001337177665,0.011048543456039806,0.015440808887540914,0.009618025197066508,0.01242961138804478,0.012732817197661424,0.01284467425582608,0.01800692276815017,0.01019561182510796,0.009765625,0.013982247132105814,0.013810679320049757,0.012732817197661424,0.0126953125,0.016370170521718956,0.009003461384075085,0.009765625,0.013982247132105814,0.005940197783494355,0.007109482313750506,0.02286074201312427,0.009212872199274027,0.010786485368346935,0.012079411012551739,0.013566839833447074,0.012732817197661424,0.022140203220223895,0.010563138502335907,0.0068359375,0.0048828125,0.01188039556698871,0.009959022487485907,0.0126953125,1,1,1.0
6.25,3.6834137439727783,6.0,0.14260725677013397,18.578466415405273,0.78125,26.117586135864258,3.410306930541992,3.125,0.8136001229286194,0.18353919684886932,35323.0,797000.0,13645872128.0,22.563201904296875,0.043792642652988434,1.1176458597183228,4.659976005554199,3.5387456591706723e-06,0.0,0.031412288546562195,1385,1401,1341,1326,1280,1194,1193,1144,1096,1020,955,875,839,746,761,1016,1262,1418,1399,1390,1354,1307,1245,1228,1192,1131,1070,999,973,907,845,748,717,684,569,469,415,319,217,235,219,233,332,538,810,1062,1184,1213,1095,1081,1007,927,892,839,894,1144,1209,1129,1083,1008,938,907,859,827,729,652,558,505,462,398,407,411,440,392,455,670,889,891,889,827,751,679,588,522,584,717,1064,1340,1287,1276,1240,1211,1161,1062,1036,1005,940,875,806,715,685,587,538,553,584,736,893,1024,953,888,793,765,686,606,512,441,393,343,480,840,1273,1468,1561,1531,1533,1501,1448,1448,1419,1382,1341,1291,1241,1229,1197,1146,1036,1018,998,1022,1111,1080,990,972,906,832,761,678,569,524,543,974,1437,1643,1646,1627,1638,1607,1563,1529,1532,1500,1463,1419,1417,1321,1341,1304,1246,1196,1132,1066,1024,957,889,827,910,1246,1468,1568,1530,1463,1484,1448,1415,1384,1327,1278,1262,1213,1178,1114,1020,1008,938,895,830,748,665,624,543,472,382,283,240,126,40,0,0,0,44,152,268,298,304,431,506,540,745,990,1133,1146,1118,1036,939,922,860,811,777,684,584,576,536,526,512,511,535,620,667,732,748,736,783,966,1179,1247,1256,1166,1159,1128,1037,968,926,824,799,732,0.00146484375,0.47621417213701295,0.9340334060543489,0.6888560013799742,0.3284576183367605,0.26024611928430186,0.5146326862508953,0.5128217849960197,0.8958165958230796,0.5286812104914077,0.1980207738285955,0.10648114362531004,0.2627025730873953,0.3260973085612313,0.1586365590314166,0.25998214073466,0.24522804701735346,0.46122913509824653,0.11753285699388291,0.2520401678618317,0.08396734020553114,0.08222865013680032,0.12488550664711984,0.27547026219983406,0.1632963182715249,0.11822457773766841,0.058070581044212914,0.1764148736405226,0.05208841934802573,0.11676763978800016,0.11924064065284445,0.13310299687038946,0.08444301548245142,0.032754902014157074,0.09067318391750827,0.016016815885602272,0.049957638915736964,0.029361906989009586,0.05387935243802235,0.09295828624150206,0.0902303587444944,0.05349744501875913,0.06111908292312051,0.047037478823407405,0.05937789106859477,0.048828125,0.04809012598533254,0.06699247221149413,0.03889122607761695,0.025031260972609954,0.07539163697507337,0.036604814089826784,0.0126953125,0.03521046167445302,0.023212625632821705,0.02681548870653512,0.01313830473347042,0.026654968874914416,0.020692988379313566,0.03670887915861817,0.03149319432929121,0.0021836601342771385,0.04306850990468739,0.009765625,0.057492914177871196,0.023518739411703703,0.001953125,0.027361183058831836,0.010563138502335907,0.02458921545315268,0.0333750146301466,0.013706707859002147,0.020531050821902968,0.016164985700436375,0.014906579611790769,0.0065509804028314154,0.029378142493147116,0.027621358640099514,0.023047702580480365,0.010054326309557618,0.005859375,0.01171875,0.022881590847382775,0.016016815885602272,0.022777155839239456,0.016630260122975003,0.010054326309557618,0.024724587697601882,0.003521046167445302,0.00390625,0.018165112536853784,0.025465634395322848,0.008843149548962322,0.010786485368346935,0.01313830473347042,0.009264485332524549,0.03489759450235476,0.010054326309557618,0.011134525635733769,0.018657200365764452,0.009212872199274027,0.01019561182510796,0.016105881350068987,0.0048828125,0.013706707859002147,0.010918300671385692,0.009959022487485907,0.00834375365753665,0.014517645261053229,0.013982247132105814,0.007109482313750506,0.017686299097924643,0.01800692276815017,0.012079411012551739,0.01800692276815017,0.01528562093993997,0.030289184412638327,0.014084184669781208,0.012732817197661424,0.0146484375,0.0048828125,0.01188039556698871,0.009814331661250869,0.0166875073150733,0.010517900013934578,0.003088161777508183,0.01188039556698871,0.010786485368346935,0.0146484375,1,1,1.0
6.25,3.733165740966797,4.0,0.15959283709526062,19.075550079345703,3.125,33.28805923461914,3.365600109100342,0.78125,0.7985449433326721,0.18448245525360107,35687.0,914797.0,15910584320.0,25.633899688720703,0.04186222329735756,1.087142825126648,5.286274433135986,1.9702547433553264e-06,0.0,0.03248246759176254,168,255,490,958,1384,1501,1496,1466,1385,1401,1341,1326,1280,1194,1193,1144,1096,1020,955,875,839,746,761,1016,1262,1418,1399,1390,1354,1307,1245,1228,1192,1131,1070,999,973,907,845,748,717,684,569,469,415,319,217,235,219,233,332,538,810,1062,1184,1213,1095,1081,1007,927,892,839,894,1144,1209,1129,1083,1008,938,907,859,827,729,652,558,505,462,398,407,411,440,392,455,670,889,891,889,827,751,679,588,522,584,717,1064,1340,1287,1276,1240,1211,1161,1062,1036,1005,940,875,806,715,685,587,538,553,584,736,893,1024,953,888,793,765,686,606,512,441,393,343,480,840,1273,1468,1561,1531,1533,1501,1448,1448,1419,1382,1341,1291,1241,1229,1197,1146,1036,1018,998,1022,1111,1080,990,972,906,832,761,678,569,524,543,974,1437,1643,1646,1627,1638,1607,1563,1529,1532,1500,1463,1419,1417,1321,1341,1304,1246,1196,1132,1066,1024,957,889,827,910,1246,1468,1568,1530,1463,1484,1448,1415,1384,1327,1278,1262,1213,1178,1114,1020,1008,938,895,830,748,665,624,543,472,382,283,240,126,40,0,0,0,44,152,268,298,304,431,506,540,745,990,1133,1146,1118,1036,939,922,860,811,777,684,584,576,536,526,512,511,535,620,667,732,748,736,783,966,1179,1247,1256,1166,0.0009765625,0.5088968290980164,0.9379068127767944,0.6567105085321854,0.27291034564980365,0.29289387063919214,0.585286096241082,0.542972262803385,0.8704021085839817,0.45336276426335215,0.2812381318025441,0.06647084404391264,0.27649311121935355,0.35823874592856736,0.2719581915195244,0.23852326656711637,0.3207602743880362,0.4815799919382593,0.0126953125,0.12150651049341,0.07665238067652502,0.2158203125,0.05201513275619443,0.3480798091355372,0.06437910048378714,0.24569233444608402,0.185546875,0.13900501906300733,0.13879560940968647,0.06680715381440262,0.044538102542935075,0.23973565166287358,0.04716908076458329,0.0741480440340946,0.12433063578470475,0.1111952674901546,0.06149242770090299,0.10972756374142692,0.0822460450494097,0.16039723200133912,0.026654968874914416,0.1080591890126801,0.08709492242774726,0.007873298582322802,0.04442017740446937,0.050413708981016825,0.05715185503281067,0.07085968724090522,0.04416179318201177,0.032359456105040804,0.07529670518047357,0.0369677602163041,0.014517645261053229,0.041524007080994726,0.026294750034836445,0.03798564519292329,0.010918300671385692,0.027010384152225255,0.04559616222628419,0.027010384152225255,0.032285693857063556,0.033203125,0.02378085090212094,0.027151247606362977,0.033332125323976586,0.025409398107925172,0.03179457147675724,0.01179984958358845,0.034637007521422264,0.03316001337177665,0.014517645261053229,0.030508787796510367,0.006905339660024878,0.0048828125,0.0244140625,0.019773883526676354,0.029361906989009586,0.03451288485756307,0.029700988917471777,0.016630260122975003,0.0065509804028314154,0.01800692276815017,0.027361183058831836,0.01875915303935405,0.020692988379313566,0.02756951994822872,0.017953883116064683,0.0328130812820536,0.0185546875,0.022545696055889054,0.03712222228271135,0.012079411012551739,0.021836601342771385,0.035907766232129365,0.013982247132105814,0.023640075072090243,0.02286074201312427,0.018528970665049098,0.0208765218031562,0.018961413905222265,0.019236050394133015,0.015776850020901866,0.013706707859002147,0.021126277004671814,0.01284467425582608,0.011134525635733769,0.014517645261053229,0.009618025197066508,0.018961413905222265,0.019186408891004394,0.0126953125,0.021683206358568866,0.02157297073669387,0.016630260122975003,0.02231183527108567,0.01760523083722651,0.036773770280786586,0.008400708268596315,0.016105881350068987,0.017953883116064683,0.016105881350068987,0.016858082521125067,0.02847144479904932,0.007437278423695223,0.013028968812623373,0.0208765218031562,0.014938533731228863,0.014680953494504793,0.009765625,1,1,1.0
6.640625,4.325438976287842,5.0,0.18290762603282928,11.43065357208252,3.125,31.626100540161133,3.7929563522338867,0.78125,0.751360297203064,0.1905122995376587,38058.0,922400.0,15641765888.0,24.236690521240234,0.06573205441236496,1.1611263751983643,5.082452297210693,8.211092676901899e-07,0.0,0.04724053665995598,111,141,217,332,410,295,263,167,168,255,490,958,1384,1501,1496,1466,1385,1401,1341,1326,1280,1194,1193,1144,1096,1020,955,875,839,746,761,1016,1262,1418,1399,1390,1354,1307,1245,1228,1192,1131,1070,999,973,907,845,748,717,684,569,469,415,319,217,235,219,233,332,538,810,1062,1184,1213,1095,1081,1007,927,892,839,894,1144,1209,1129,1083,1008,938,907,859,827,729,652,558,505,462,398,407,411,440,392,455,670,889,891,889,827,751,679,588,522,584,717,1064,1340,1287,1276,1240,1211,1161,1062,1036,1005,940,875,806,715,685,587,538,553,584,736,893,1024,953,888,793,765,686,606,512,441,393,343,480,840,1273,1468,1561,1531,1533,1501,1448,1448,1419,1382,1341,1291,1241,1229,1197,1146,1036,1018,998,1022,1111,1080,990,972,906,832,761,678,569,524,543,974,1437,1643,1646,1627,1638,1607,1563,1529,1532,1500,1463,1419,1417,1321,1341,1304,1246,1196,1132,1066,1024,957,889,827,910,1246,1468,1568,1530,1463,1484,1448,1415,1384,1327,1278,1262,1213,1178,1114,1020,1008,938,895,830,748,665,624,543,472,382,283,240,126,40,0,0,0,44,152,268,298,304,431,506,540,745,990,1133,1146,1118,1036,939,922,860,811,777,684,584,576,536,526,512,511,535,620,667,732,0.00146484375,0.6463117570716949,0.9731659683492456,0.5879887597183945,0.15339804458664985,0.3973361482541862,0.751601099621109,0.5839165995892555,0.9221092831602619,0.42849844356507916,0.42533865506979496,0.20547998201833167,0.21144325941756809,0.2837430870793719,0.3369494433415257,0.12298485540180598,0.3962545997521127,0.38020401346896665,0.09295828624150206,0.19282102297056217,0.01800692276815017,0.17033948771984772,0.08839913658307309,0.298682881880135,0.09865214847597482,0.21095784407103155,0.15280004782151677,0.13396358940448264,0.11647324650270081,0.05532034780573651,0.034402177644157296,0.21960500109593967,0.050818796215850344,0.054407766707750466,0.12376171942810418,0.0824255775234734,0.05027163154778809,0.07031928135701052,0.04929464634423423,0.11247015663193725,0.07717315664113417,0.05476591755003888,0.03676080122015373,0.050931268790645697,0.038397662600268556,0.012732817197661424,0.007627196949127592,0.015254393898255184,0.09379576519677024,0.0380859375,0.02489755621871477,0.07565050940181373,0.04627092867375834,0.013982247132105814,0.04531292093015696,0.016370170521718956,0.025465634395322848,0.030649130520459405,0.020132351687586234,0.03742923417331406,0.03460946317708857,0.0208765218031562,0.024119314521930602,0.020320949264340638,0.03813598474563796,0.022798081113142094,0.023047702580480365,0.006905339660024878,0.025334222209126653,0.0318844291353799,0.029700988917471777,0.0166875073150733,0.022545696055889054,0.022798081113142094,0.012506102026236032,0.0107421875,0.02756951994822872,0.012079411012551739,0.008843149548962322,0.016716057391234072,0.029035290522106457,0.013879560940968648,0.01760523083722651,0.018961413905222265,0.025855863857175247,0.009264485332524549,0.013101960805662831,0.02286074201312427,0.006253051013118016,0.008052940675034493,0.027238917345666705,0.020132351687586234,0.017304731588544287,0.030336376107439583,0.00834375365753665,0.020132351687586234,0.022777155839239456,0.014874556847390447,0.0170549308560283,0.009765625,0.013282686043686957,0.010517900013934578,0.013671875,0.007873298582322802,0.013706707859002147,0.01284467425582608,0.009814331661250869,0.014778072217208551,0.010054326309557618,0.007437278423695223,0.013706707859002147,0.009765625,0.007042092334890604,0.009618025197066508,0.011134525635733769,0.017304731588544287,0.017578125,0.022269051271467537,0.013706707859002147,0.016716057391234072,0.0068359375,0.014680953494504793,0.02003738723504218,0.012506102026236032,0.008843149548962322,0.0170549308560283,0.013982247132105814,0.012732817197661424,0.0078125,1,1,1.0
5.859375,3.631385326385498,6.0,0.1457839459180832,18.643898010253906,3.125,28.98049545288086,3.3109002113342285,0.78125,0.8107309937477112,0.19875626266002655,41423.0,993056.0,19987478528.0,23.973541259765625,0.04348506033420563,1.1138046979904175,4.911170482635498,1.6974121308521717e-06,0.0,0.03219590708613396,298,252,206,175,170,90,40,21,111,141,217,332,410,295,263,167,168,255,490,958,1384,1501,1496,1466,1385,1401,1341,1326,1280,1194,1193,1144,1096,1020,955,875,839,746,761,1016,1262,1418,1399,1390,1354,1307,1245,1228,1192,1131,1070,999,973,907,845,748,717,684,569,469,415,319,217,235,219,233,332,538,810,1062,1184,1213,1095,1081,1007,927,892,839,894,1144,1209,1129,1083,1008,938,907,859,827,729,652,558,505,462,398,407,411,440,392,455,670,889,891,889,827,751,679,588,522,584,717,1064,1340,1287,1276,1240,1211,1161,1062,1036,1005,940,875,806,715,685,587,538,553,584,736,893,1024,953,888,793,765,686,606,512,441,393,343,480,840,1273,1468,1561,1531,1533,1501,1448,1448,1419,1382,1341,1291,1241,1229,1197,1146,1036,1018,998,1022,1111,1080,990,972,906,832,761,678,569,524,543,974,1437,1643,1646,1627,1638,1607,1563,1529,1532,1500,1463,1419,1417,1321,1341,1304,1246,1196,1132,1066,1024,957,889,827,910,1246,1468,1568,1530,1463,1484,1448,1415,1384,1327,1278,1262,1213,1178,1114,1020,1008,938,895,830,748,665,624,543,472,382,283,240,126,40,0,0,0,44,152,268,298,304,431,506,540,745,990,1133,1146,1118,1036,939,922,860,811,777,684,584,576,0.0029296875,0.7126966238597828,1.0309526419358703,0.6205975931959969,0.20057367066312878,0.3993412315169235,0.7844666446477768,0.5195899872811374,0.999512076552513,0.5069196628220927,0.39288530620343437,0.19316198889812178,0.17584905376337018,0.27166873517643375,0.2776547689403732,0.17647703009422758,0.3487750278912847,0.4334408602209557,0.04809012598533254,0.14656573261526987,0.051573226275433176,0.20837656208407068,0.09363294287120669,0.3009730136471502,0.10943166082589298,0.2265625,0.15337006557395794,0.11430371006562134,0.10379164262176893,0.04102724909687501,0.029313146523053973,0.20425102930264857,0.05715185503281067,0.04026470337517247,0.11538324599798383,0.0622094074555976,0.0363433477850164,0.05164713993038028,0.06844999573779319,0.10407151008525715,0.08278347442391695,0.06936344084796782,0.04007477447008436,0.04089920232689829,0.010381001770248682,0.0166015625,0.03234471711265468,0.04163868282290594,0.07038028416690333,0.023619895746968406,0.04917843090630536,0.05305889729377392,0.034678283016727936,0.012732817197661424,0.0465175990774006,0.008843149548962322,0.029378142493147116,0.0166015625,0.025781989809461104,0.0283203125,0.02489755621871477,0.011920464468489943,0.03521046167445302,0.007627196949127592,0.04848512338791566,0.02315091717017519,0.010918300671385692,0.019628663322501738,0.011134525635733769,0.019186408891004394,0.03057124187987994,0.0027621358640099515,0.021506558149946522,0.022140203220223895,0.006176323555016366,0.014874556847390447,0.011388577919619728,0.01792730444402912,0.014778072217208551,0.007873298582322802,0.010054326309557618,0.008843149548962322,0.012352647110032733,0.0029296875,0.008286407592029853,0.009814331661250869,0.006176323555016366,0.011388577919619728,0.009618025197066508,0.003521046167445302,0.016630260122975003,0.01953125,0.009959022487485907,0.02315091717017519,0.0027621358640099515,0.015254393898255184,0.02485922277608956,0.007873298582322802,0.011388577919619728,0.012079411012551739,0.005258950006967289,0.003521046167445302,0.009618025197066508,0.004026470337517247,0.007042092334890604,0.009618025197066508,0.004979511243742954,0.009003461384075085,0.0048828125,0.007437278423695223,0.004367320268554277,0.00966747552403483,0.01179984958358845,0.007109482313750506,0.00834375365753665,0.004367320268554277,0.019555648822754675,0.013028968812623373,0.004367320268554277,0.007109482313750506,0.005258950006967289,0.007627196949127592,0.011388577919619728,0.012352647110032733,0.004979511243742954,0.011920464468489943,0.010786485368346935,0.009765625,0.00390625,1,1,1.0
5.46875,3.2011704444885254,5.0,0.1334407478570938,24.75028419494629,3.125,30.755550384521484,3.0791678428649902,0.78125,0.8329068422317505,0.20589494705200195,44452.0,1114493.0,25373106176.0,25.07183074951172,0.033652413636446,1.0639013051986694,5.100108623504639,6.327029495878378e-06,0.0,0.01863683946430683,761,715,616,512,424,378,320,295,298,252,206,175,170,90,40,21,111,141,217,332,410,295,263,167,168,255,490,958,1384,1501,1496,1466,1385,1401,1341,1326,1280,1194,1193,1144,1096,1020,955,875,839,746,761,1016,1262,1418,1399,1390,1354,1307,1245,1228,1192,1131,1070,999,973,907,845,748,717,684,569,469,415,319,217,235,219,233,332,538,810,1062,1184,1213,1095,1081,1007,927,892,839,894,1144,1209,1129,1083,1008,938,907,859,827,729,652,558,505,462,398,407,411,440,392,455,670,889,891,889,827,751,679,588,522,584,717,1064,1340,1287,1276,1240,1211,1161,1062,1036,1005,940,875,806,715,685,587,538,553,584,736,893,1024,953,888,793,765,686,606,512,441,393,343,480,840,1273,1468,1561,1531,1533,1501,1448,1448,1419,1382,1341,1291,1241,1229,1197,1146,1036,1018,998,1022,1111,1080,990,972,906,832,761,678,569,524,543,974,1437,1643,1646,1627,1638,1607,1563,1529,1532,1500,1463,1419,1417,1321,1341,1304,1246,1196,1132,1066,1024,957,889,827,910,1246,1468,1568,1530,1463,1484,1448,1415,1384,1327,1278,1262,1213,1178,1114,1020,1008,938,895,830,748,665,624,543,472,382,283,240,126,40,0,0,0,44,152,268,298,304,431,506,540,745,990,1133,1146,1118,1036,0.00244140625,0.7537152142192088,1.0872083952612592,0.6753139754618599,0.26187174865597973,0.35332943560291796,0.743816315074689,0.47593171945869933,0.9793013351576234,0.4885633950461331,0.35884918224193174,0.15523351000010638,0.2207052855259294,0.29875950243533705,0.32300016902765627,0.13866499762875567,0.37949098124486624,0.3956910262371752,0.06954880396392522,0.1745617419648776,0.0341098617120566,0.19444386921146622,0.06636315237512502,0.32597884445351666,0.0974705265197591,0.24705294220065463,0.1674341966417796,0.09740690824538976,0.09758786668245603,0.03304477405407936,0.03521046167445302,0.19342841254906168,0.05378191333208736,0.03066468450802262,0.10667799968913826,0.059578316572928294,0.0283203125,0.05765028180916188,0.07288323498845817,0.11373914058955598,0.07136928277575572,0.07258822630526614,0.04473040035390151,0.037224840922941246,0.023518739411703703,0.0065509804028314154,0.019384212149686726,0.0283203125,0.08309393510227597,0.03460946317708857,0.04421574774481161,0.05808700139829317,0.024020261477048523,0.021506558149946522,0.0388789633542859,0.01800692276815017,0.0283875817456028,0.009264485332524549,0.029893023173855404,0.0263671875,0.02458921545315268,0.008843149548962322,0.03549371454177001,0.009003461384075085,0.04752158226795484,0.023478154844084585,0.01019561182510796,0.022140203220223895,0.008400708268596315,0.015440808887540914,0.02847144479904932,0.007437278423695223,0.017469281074217108,0.017953883116064683,0.009003461384075085,0.009212872199274027,0.01800692276815017,0.01760523083722651,0.011920464468489943,0.006253051013118016,0.01727715430952552,0.0048828125,0.014517645261053229,0.009003461384075085,0.014218964627501012,0.01171875,0.003088161777508183,0.014680953494504793,0.0107421875,0.007873298582322802,0.01516032685181643,0.019918044974971814,0.008286407592029853,0.021439939843847802,0.003088161777508183,0.014874556847390447,0.02417855156863271,0.00834375365753665,0.011134525635733769,0.013101960805662831,0.0021836601342771385,0.00390625,0.006905339660024878,0.011388577919619728,0.003088161777508183,0.004026470337517247,0.0048828125,0.001953125,0.007873298582322802,0.006253051013118016,0.005258950006967289,0.01019561182510796,0.007437278423695223,0.004026470337517247,0.009765625,0.01179984958358845,0.02231183527108567,0.011920464468489943,0.004026470337517247,0.005694288959809864,0.0048828125,0.0021836601342771385,0.011388577919619728,0.01179984958358845,0.003088161777508183,0.0087890625,0.009959022487485907,0.008843149548962322,0.0029296875,1,1,1.0
5.46875,3.206301689147949,5.0,0.13919615745544434,25.986982345581055,3.125,33.08432388305664,2.99895977973938,0.78125,0.8289068341255188,0.2077348381280899,45250.0,1239440.0,27043751936.0,27.390939712524414,0.03189700096845627,1.2325170040130615,5.272340297698975,4.316261765779927e-06,0.0,0.0170785803347826,1167,1150,1102,1036,1005,942,857,825,761,715,616,512,424,378,320,295,298,252,206,175,170,90,40,21,111,141,217,332,410,295,263,167,168,255,490,958,1384,1501,1496,1466,1385,1401,1341,1326,1280,1194,1193,1144,1096,1020,955,875,839,746,761,1016,1262,1418,1399,1390,1354,1307,1245,1228,1192,1131,1070,999,973,907,845,748,717,684,569,469,415,319,217,235,219,233,332,538,810,1062,1184,1213,1095,1081,1007,927,892,839,894,1144,1209,1129,1083,1008,938,907,859,827,729,652,558,505,462,398,407,411,440,392,455,670,889,891,889,827,751,679,588,522,584,717,1064,1340,1287,1276,1240,1211,1161,1062,1036,1005,940,875,806,715,685,587,538,553,584,736,893,1024,953,888,793,765,686,606,512,441,393,343,480,840,1273,1468,1561,1531,1533,1501,1448,1448,1419,1382,1341,1291,1241,1229,1197,1146,1036,1018,998,1022,1111,1080,990,972,906,832,761,678,569,524,543,974,1437,1643,1646,1627,1638,1607,1563,1529,1532,1500,1463,1419,1417,1321,1341,1304,1246,1196,1132,1066,1024,957,889,827,910,1246,1468,1568,1530,1463,1484,1448,1415,1384,1327,1278,1262,1213,1178,1114,1020,1008,938,895,830,748,665,624,543,472,382,283,240,126,40,0,0,0,44,152,268,298,304,431,0.00048828125,0.7306573797642805,1.0302141940905136,0.6212910272878395,0.24643840572723807,0.4027666258455627,0.7848871633501815,0.4154570505504158,1.0125799453633046,0.5102265711129017,0.30665462000308796,0.12347241644217673,0.28131102853494855,0.3186243744668548,0.37559589089125367,0.0768760023594459,0.355641752629495,0.428774331517366,0.04723979149393681,0.1144371255882051,0.1092092074917521,0.26425896733857046,0.14599201107376827,0.2482313536434119,0.13810679320049757,0.18190557373634172,0.17688994974641453,0.15422577970458856,0.16800565092482986,0.0386328914938525,0.06201748558323214,0.13901530975995505,0.08360880778517185,0.03455430861905104,0.0662120897761091,0.10554106317270544,0.06228601062149209,0.09111385692811169,0.030336376107439583,0.08315130061487501,0.10848198497655324,0.0705562182351111,0.049881221832508336,0.03180956538066861,0.022714264354712906,0.029442994983752607,0.017387200990981306,0.020716018980074635,0.09628926058549604,0.047771776596230504,0.04416179318201177,0.06210968209436658,0.01188039556698871,0.03316001337177665,0.05329204550641505,0.016858082521125067,0.0411664822428867,0.027361183058831836,0.014680953494504793,0.0341796875,0.02652944864688696,0.029035290522106457,0.049957638915736964,0.010381001770248682,0.06457877194283375,0.01760523083722651,0.014938533731228863,0.020531050821902968,0.0244140625,0.029264304812054096,0.03516981075267404,0.006905339660024878,0.0300838316420886,0.029133659941750583,0.017304731588544287,0.020132351687586234,0.023940723969006372,0.026939676219011176,0.017469281074217108,0.013028968812623373,0.02681548870653512,0.008734640537108554,0.02638526579317636,0.017469281074217108,0.013566839833447074,0.023212625632821705,0.0185803687406645,0.001953125,0.020108652619115236,0.012079411012551739,0.03155370004180373,0.023294649300540163,0.02315091717017519,0.03317439013957623,0.01800692276815017,0.005940197783494355,0.03891573993197515,0.013706707859002147,0.013028968812623373,0.02638526579317636,0.019457869965987574,0.01516032685181643,0.0185803687406645,0.008843149548962322,0.01824369305885684,0.01886055460530075,0.01589728573837862,0.012236293052872722,0.018657200365764452,0.018528970665049098,0.014680953494504793,0.018961413905222265,0.011759369705851851,0.012352647110032733,0.020716018980074635,0.019236050394133015,0.034678283016727936,0.004367320268554277,0.010786485368346935,0.011388577919619728,0.015746597164645604,0.019186408891004394,0.020716018980074635,0.01878455474772592,0.016630260122975003,0.024158822025103478,0.011430371006562134,0.01188039556698871,0.015625,1,1,1.0
5.46875,3.8319385051727295,5.0,0.14403080940246582,19.08181381225586,3.125,31.30616569519043,3.2576773166656494,0.78125,0.8133450746536255,0.20713716745376587,44990.0,1112897.0,25708394496.0,24.736541748046875,0.0426240973174572,1.0351336002349854,5.163399696350098,1.7364845916745253e-07,0.0,0.037125300616025925,1498,1483,1432,1376,1325,1337,1309,1256,1167,1150,1102,1036,1005,942,857,825,761,715,616,512,424,378,320,295,298,252,206,175,170,90,40,21,111,141,217,332,410,295,263,167,168,255,490,958,1384,1501,1496,1466,1385,1401,1341,1326,1280,1194,1193,1144,1096,1020,955,875,839,746,761,1016,1262,1418,1399,1390,1354,1307,1245,1228,1192,1131,1070,999,973,907,845,748,717,684,569,469,415,319,217,235,219,233,332,538,810,1062,1184,1213,1095,1081,1007,927,892,839,894,1144,1209,1129,1083,1008,938,907,859,827,729,652,558,505,462,398,407,411,440,392,455,670,889,891,889,827,751,679,588,522,584,717,1064,1340,1287,1276,1240,1211,1161,1062,1036,1005,940,875,806,715,685,587,538,553,584,736,893,1024,953,888,793,765,686,606,512,441,393,343,480,840,1273,1468,1561,1531,1533,1501,1448,1448,1419,1382,1341,1291,1241,1229,1197,1146,1036,1018,998,1022,1111,1080,990,972,906,832,761,678,569,524,543,974,1437,1643,1646,1627,1638,1607,1563,1529,1532,1500,1463,1419,1417,1321,1341,1304,1246,1196,1132,1066,1024,957,889,827,910,1246,1468,1568,1530,1463,1484,1448,1415,1384,1327,1278,1262,1213,1178,1114,1020,1008,938,895,830,748,665,624,543,472,382,283,240,126,40,0,0.0009765625,0.7200868861437426,0.7585697127049057,0.4604624223484687,0.4478856748756194,0.5882798234129449,0.8420585349570096,0.201562594628127,0.9334287617353899,0.38878963354285906,0.4932452748725344,0.3747570522426048,0.27212646080259323,0.10169856420533076,0.21307197336233485,0.2914887748637707,0.2720966706991587,0.5080772296742657,0.14002694006980407,0.22846762650288832,0.044921875,0.144600516552352,0.03144773864864183,0.36196101666877145,0.15221849819061495,0.21619338159867502,0.09925449958806182,0.1824317030944603,0.1837417330796073,0.077265782987705,0.07734596942838332,0.13001491167670262,0.11362169344448007,0.06689987718146075,0.0803693731779683,0.13656520395635421,0.09203551096354229,0.06836635009057476,0.07485846834662813,0.09061005567784078,0.08358028695617035,0.11093767192988438,0.07931226759471466,0.06064130740726572,0.06247710762391919,0.040794137840244965,0.06527646471511095,0.07817991234228686,0.04203758447271657,0.021484375,0.05960232234244972,0.08737369685913508,0.0637464215639359,0.04438796163032622,0.001953125,0.0510995134841841,0.048238629043861204,0.02627660946694084,0.030162978928672854,0.053932426841734674,0.04572148402624854,0.03633022507370757,0.049957638915736964,0.02003738723504218,0.0720938625987959,0.015655487833868553,0.029378142493147116,0.009003461384075085,0.03477440198196261,0.04088754182706703,0.05498315726663768,0.0316291694154329,0.032638232357555474,0.022881590847382775,0.03768316676088816,0.026672852116694654,0.04627092867375834,0.020967686087484266,0.03340357690720131,0.04226383790699688,0.022777155839239456,0.04008667139018319,0.022482157096135425,0.029313146523053973,0.03843489971514537,0.02378085090212094,0.023047702580480365,0.03496584724603156,0.030289184412638327,0.0244140625,0.01528562093993997,0.03986002271866904,0.03304477405407936,0.045908825287277966,0.027793455997573647,0.0166015625,0.046404704572330945,0.023940723969006372,0.025409398107925172,0.027151247606362977,0.027964494264211628,0.024705294220065465,0.02995676103550384,0.027361183058831836,0.025031260972609954,0.023212625632821705,0.0244140625,0.0244140625,0.024119314521930602,0.0208765218031562,0.028437929255002024,0.022798081113142094,0.03126525506559008,0.027500249688142037,0.018528970665049098,0.02568934851165216,0.02003738723504218,0.03149319432929121,0.025353037081537442,0.021035800027869155,0.02638526579317636,0.020716018980074635,0.013101960805662831,0.033432114782468145,0.027361183058831836,0.0361328125,0.023940723969006372,0.023518739411703703,0.0263671875,1,1,1.0
6.640625,4.852635860443115,5.0,0.14889082312583923,12.905876159667969,2.34375,24.51889419555664,3.894909381866455,3.125,0.7899041771888733,0.20094183087348938,42339.0,913613.0,17832966144.0,21.578521728515625,0.061205003410577774,1.2287904024124146,4.497345924377441,7.380743909379817e-07,0.0,0.07289500534534454,711,617,617,911,1342,1551,1527,1564,1498,1483,1432,1376,1325,1337,1309,1256,1167,1150,1102,1036,1005,942,857,825,761,715,616,512,424,378,320,295,298,252,206,175,170,90,40,21,111,141,217,332,410,295,263,167,168,255,490,958,1384,1501,1496,1466,1385,1401,1341,1326,1280,1194,1193,1144,1096,1020,955,875,839,746,761,1016,1262,1418,1399,1390,1354,1307,1245,1228,1192,1131,1070,999,973,907,845,748,717,684,569,469,415,319,217,235,219,233,332,538,810,1062,1184,1213,1095,1081,1007,927,892,839,894,1144,1209,1129,1083,1008,938,907,859,827,729,652,558,505,462,398,407,411,440,392,455,670,889,891,889,827,751,679,588,522,584,717,1064,1340,1287,1276,1240,1211,1161,1062,1036,1005,940,875,806,715,685,587,538,553,584,736,893,1024,953,888,793,765,686,606,512,441,393,343,480,840,1273,1468,1561,1531,1533,1501,1448,1448,1419,1382,1341,1291,1241,1229,1197,1146,1036,1018,998,1022,1111,1080,990,972,906,832,761,678,569,524,543,974,1437,1643,1646,1627,1638,1607,1563,1529,1532,1500,1463,1419,1417,1321,1341,1304,1246,1196,1132,1066,1024,957,889,827,910,1246,1468,1568,1530,1463,1484,1448,1415,1384,1327,1278,1262,1213,1178,1114,1020,1008,938,895,830,748,665,624,0.0,0.7859623505017591,0.6688961261570369,0.5103387059469403,0.6077867987918498,0.6350585261730127,0.781489831351853,0.31479413041455684,0.7883521177649443,0.24010135100086674,0.6038987014910677,0.4219665428024228,0.14338185812287946,0.12385415366225927,0.15922760973417943,0.26352173097821346,0.39140668857572736,0.3817510095769077,0.11355872536465576,0.20429771525281318,0.0777579267085718,0.25315770067515786,0.1340169705704427,0.25263541641165094,0.14971693669325625,0.17699774375382674,0.19674523330595148,0.14363770452472713,0.15952679753978885,0.0342911130196864,0.07402575647752822,0.1591077770852321,0.03250647847088523,0.0390625,0.11170867661097673,0.055389261376903254,0.014680953494504793,0.07510013253800929,0.0731900856349677,0.12743672914070744,0.08552033870676339,0.03983608994994363,0.023212625632821705,0.05112750044026728,0.009003461384075085,0.026002982335340524,0.017469281074217108,0.0185803687406645,0.09306082133360502,0.04531292093015696,0.06201748558323214,0.03712222228271135,0.04501730692037543,0.006176323555016366,0.048563737340454514,0.026203921611325662,0.003521046167445302,0.016164985700436375,0.049506999436080376,0.0283203125,0.03126525506559008,0.0065509804028314154,0.027981540589637505,0.012352647110032733,0.05198762364924283,0.02458921545315268,0.007437278423695223,0.020762003540497363,0.009814331661250869,0.0170549308560283,0.030524413297046454,0.015440808887540914,0.009814331661250869,0.0048828125,0.012506102026236032,0.007109482313750506,0.019749754312653012,0.007627196949127592,0.013566839833447074,0.0146484375,0.005694288959809864,0.01242961138804478,0.011759369705851851,0.0021836601342771385,0.010918300671385692,0.005524271728019903,0.005694288959809864,0.015625,0.004026470337517247,0.007042092334890604,0.020716018980074635,0.015746597164645604,0.008400708268596315,0.02157297073669387,0.003521046167445302,0.0078125,0.02763861659782208,0.003521046167445302,0.007627196949127592,0.016016815885602272,0.005859375,0.0021836601342771385,0.0068359375,0.010517900013934578,0.0029296875,0.0021836601342771385,0.0021836601342771385,0.006253051013118016,0.0021836601342771385,0.003088161777508183,0.004367320268554277,0.007109482313750506,0.009212872199274027,0.0048828125,0.0068359375,0.006905339660024878,0.01824369305885684,0.015440808887540914,0.006253051013118016,0.008052940675034493,0.004979511243742954,0.004026470337517247,0.011134525635733769,0.012732817197661424,0.006253051013118016,0.014906579611790769,0.005694288959809864,0.0027621358640099515,0.005859375,1,1,1.0
6.25,3.354008674621582,7.0,0.13566717505455017,18.933561325073242,0.390625,16.79352569580078,3.286153554916382,3.125,0.8209721446037292,0.19633035361766815,40418.0,651689.0,15138309120.0,16.12373161315918,0.04336068034172058,1.0060904026031494,3.766267776489258,0.0,0.0,0.01767507754266262,1208,1165,1086,1005,982,920,861,745,711,617,617,911,1342,1551,1527,1564,1498,1483,1432,1376,1325,1337,1309,1256,1167,1150,1102,1036,1005,942,857,825,761,715,616,512,424,378,320,295,298,252,206,175,170,90,40,21,111,141,217,332,410,295,263,167,168,255,490,958,1384,1501,1496,1466,1385,1401,1341,1326,1280,1194,1193,1144,1096,1020,955,875,839,746,761,1016,1262,1418,1399,1390,1354,1307,1245,1228,1192,1131,1070,999,973,907,845,748,717,684,569,469,415,319,217,235,219,233,332,538,810,1062,1184,1213,1095,1081,1007,927,892,839,894,1144,1209,1129,1083,1008,938,907,859,827,729,652,558,505,462,398,407,411,440,392,455,670,889,891,889,827,751,679,588,522,584,717,1064,1340,1287,1276,1240,1211,1161,1062,1036,1005,940,875,806,715,685,587,538,553,584,736,893,1024,953,888,793,765,686,606,512,441,393,343,480,840,1273,1468,1561,1531,1533,1501,1448,1448,1419,1382,1341,1291,1241,1229,1197,1146,1036,1018,998,1022,1111,1080,990,972,906,832,761,678,569,524,543,974,1437,1643,1646,1627,1638,1607,1563,1529,1532,1500,1463,1419,1417,1321,1341,1304,1246,1196,1132,1066,1024,957,889,827,910,1246,1468,1568,1530,1463,1484,1448,1415,1384,1327,1278,1262,1213,1178,1114,0.00341796875,0.8137461569324695,0.6684896657597177,0.5464955784792438,0.6292405276701412,0.6096081409982064,0.7457255308642802,0.3315210349197141,0.7887488015433273,0.25330457557614805,0.5717888105303008,0.39747173472742253,0.16370170521718955,0.1059604064122575,0.15602095027998494,0.27472666247509914,0.3802729860840926,0.39161252127746,0.1291316979767682,0.22189468511376806,0.0856373487046631,0.26353801579013525,0.14500884456625882,0.24293648361413478,0.15591394525569324,0.17601167622762143,0.2025914153047354,0.14141623108766216,0.15722959527354516,0.033673710253059895,0.07402575647752822,0.15637202266600075,0.030649130520459405,0.04283537538957287,0.1164241085818656,0.05064020375962568,0.012079411012551739,0.07955838383217875,0.07642810469969984,0.13095044056169028,0.09570810733204388,0.040430159266571196,0.033673710253059895,0.04203758447271657,0.01886055460530075,0.020531050821902968,0.010381001770248682,0.024158822025103478,0.08488794457851848,0.034637007521422264,0.05532034780573651,0.04789140560640324,0.03828573395295441,0.005694288959809864,0.046915672458844974,0.0170549308560283,0.008400708268596315,0.018425744398548053,0.050413708981016825,0.023518739411703703,0.029765137996344084,0.005258950006967289,0.02638526579317636,0.015776850020901866,0.051840661874949207,0.026868782211323446,0.007109482313750506,0.022798081113142094,0.008400708268596315,0.014517645261053229,0.028185292362620726,0.013282686043686957,0.010918300671385692,0.008843149548962322,0.01188039556698871,0.003088161777508183,0.022714264354712906,0.001953125,0.012732817197661424,0.020108652619115236,0.0027621358640099515,0.017387200990981306,0.005940197783494355,0.0065509804028314154,0.014680953494504793,0.008400708268596315,0.00390625,0.010918300671385692,0.006253051013118016,0.004979511243742954,0.024158822025103478,0.012236293052872722,0.005859375,0.020108652619115236,0.0013810679320049757,0.01019561182510796,0.02681548870653512,0.003088161777508183,0.007437278423695223,0.015625,0.0041432037960149265,0.0,0.0048828125,0.0078125,0.004367320268554277,0.004979511243742954,0.003521046167445302,0.0021836601342771385,0.006905339660024878,0.0027621358640099515,0.007873298582322802,0.004026470337517247,0.012079411012551739,0.010054326309557618,0.003521046167445302,0.01019561182510796,0.018961413905222265,0.013982247132105814,0.004367320268554277,0.003088161777508183,0.006253051013118016,0.008052940675034493,0.013810679320049757,0.01019561182510796,0.0048828125,0.013028968812623373,0.0041432037960149265,0.0021836601342771385,0.0029296875,1,1,1.0
6.25,3.3661959171295166,8.0,0.13903504610061646,18.772151947021484,3.125,17.13772201538086,3.261331081390381,0.390625,0.8174206018447876,0.196483314037323,40481.0,694349.0,14985300992.0,17.1524658203125,0.04354432225227356,1.0643892288208008,3.7876689434051514,9.456591214984655e-06,0.0,0.01672501675784588,1452,1434,1422,1406,1369,1323,1262,1246,1208,1165,1086,1005,982,920,861,745,711,617,617,911,1342,1551,1527,1564,1498,1483,1432,1376,1325,1337,1309,1256,1167,1150,1102,1036,1005,942,857,825,761,715,616,512,424,378,320,295,298,252,206,175,170,90,40,21,111,141,217,332,410,295,263,167,168,255,490,958,1384,1501,1496,1466,1385,1401,1341,1326,1280,1194,1193,1144,1096,1020,955,875,839,746,761,1016,1262,1418,1399,1390,1354,1307,1245,1228,1192,1131,1070,999,973,907,845,748,717,684,569,469,415,319,217,235,219,233,332,538,810,1062,1184,1213,1095,1081,1007,927,892,839,894,1144,1209,1129,1083,1008,938,907,859,827,729,652,558,505,462,398,407,411,440,392,455,670,889,891,889,827,751,679,588,522,584,717,1064,1340,1287,1276,1240,1211,1161,1062,1036,1005,940,875,806,715,685,587,538,553,584,736,893,1024,953,888,793,765,686,606,512,441,393,343,480,840,1273,1468,1561,1531,1533,1501,1448,1448,1419,1382,1341,1291,1241,1229,1197,1146,1036,1018,998,1022,1111,1080,990,972,906,832,761,678,569,524,543,974,1437,1643,1646,1627,1638,1607,1563,1529,1532,1500,1463,1419,1417,1321,1341,1304,1246,1196,1132,1066,1024,957,889,827,910,1246,1468,1568,1530,1463,1484,1448,0.001953125,0.8307608635255531,0.6767831772844061,0.5665830139048539,0.6276023094392472,0.5891011597269196,0.7402942804338464,0.31908647318268457,0.8066837770313026,0.26930824674097026,0.5750701198116586,0.4126609257148251,0.1654891698699292,0.106122287962715,0.14923843333857256,0.2726026597137449,0.38882029397692297,0.3849118337372554,0.11800657764787548,0.21055058916598768,0.07444968184588249,0.25188876963951334,0.1351613302874684,0.2521423102712162,0.15965527591942036,0.16836855126529948,0.20158388482731032,0.14669581094805342,0.1616793524625062,0.03848449315476178,0.07660882288068432,0.16018304368100314,0.0285216442705278,0.04107371258752557,0.11397367180085728,0.051164792568084906,0.011134525635733769,0.07986944035387632,0.0726866955700328,0.12795577620436874,0.09145339662846215,0.04074735555668958,0.029296875,0.04577360017678893,0.016253239235442616,0.023640075072090243,0.009765625,0.020531050821902968,0.0888671875,0.037390995545071574,0.058070581044212914,0.04789140560640324,0.03965613379735733,0.006253051013118016,0.0453970285123807,0.015625,0.009765625,0.019186408891004394,0.050413708981016825,0.024119314521930602,0.030414866215619993,0.0065509804028314154,0.027203883353875233,0.0146484375,0.049957638915736964,0.026002982335340524,0.0087890625,0.024472586105745445,0.005694288959809864,0.013879560940968648,0.02751758360079174,0.009959022487485907,0.014680953494504793,0.008052940675034493,0.015746597164645604,0.007109482313750506,0.021683206358568866,0.005940197783494355,0.013982247132105814,0.015440808887540914,0.004367320268554277,0.014218964627501012,0.010563138502335907,0.006253051013118016,0.0166015625,0.007873298582322802,0.0021836601342771385,0.011759369705851851,0.009003461384075085,0.0048828125,0.025781989809461104,0.010054326309557618,0.003521046167445302,0.018425744398548053,0.0009765625,0.009765625,0.02681548870653512,0.0027621358640099515,0.0078125,0.0146484375,0.003088161777508183,0.0,0.006176323555016366,0.006905339660024878,0.005258950006967289,0.0048828125,0.0041432037960149265,0.0041432037960149265,0.0048828125,0.001953125,0.006176323555016366,0.0048828125,0.009003461384075085,0.007627196949127592,0.005859375,0.008734640537108554,0.01680141653719263,0.015440808887540914,0.007042092334890604,0.0013810679320049757,0.008400708268596315,0.010517900013934578,0.017304731588544287,0.00834375365753665,0.0029296875,0.011134525635733769,0.005258950006967289,0.0021836601342771385,0.00390625,1,1,1.0
6.25,3.3487143516540527,8.0,0.13403695821762085,18.884817123413086,3.125,17.747915267944336,3.2313108444213867,0.390625,0.8224141001701355,0.19763028621673584,40955.0,723689.0,15592601600.0,17.670345306396484,0.043548956513404846,1.0605847835540771,3.8448233604431152,3.052078000109759e-06,0.0,0.01683143526315689,637,569,746,1196,1562,1567,1551,1531,1452,1434,1422,1406,1369,1323,1262,1246,1208,1165,1086,1005,982,920,861,745,711,617,617,911,1342,1551,1527,1564,1498,1483,1432,1376,1325,1337,1309,1256,1167,1150,1102,1036,1005,942,857,825,761,715,616,512,424,378,320,295,298,252,206,175,170,90,40,21,111,141,217,332,410,295,263,167,168,255,490,958,1384,1501,1496,1466,1385,1401,1341,1326,1280,1194,1193,1144,1096,1020,955,875,839,746,761,1016,1262,1418,1399,1390,1354,1307,1245,1228,1192,1131,1070,999,973,907,845,748,717,684,569,469,415,319,217,235,219,233,332,538,810,1062,1184,1213,1095,1081,1007,927,892,839,894,1144,1209,1129,1083,1008,938,907,859,827,729,652,558,505,462,398,407,411,440,392,455,670,889,891,889,827,751,679,588,522,584,717,1064,1340,1287,1276,1240,1211,1161,1062,1036,1005,940,875,806,715,685,587,538,553,584,736,893,1024,953,888,793,765,686,606,512,441,393,343,480,840,1273,1468,1561,1531,1533,1501,1448,1448,1419,1382,1341,1291,1241,1229,1197,1146,1036,1018,998,1022,1111,1080,990,972,906,832,761,678,569,524,543,974,1437,1643,1646,1627,1638,1607,1563,1529,1532,1500,1463,1419,1417,1321,1341,1304,1246,1196,1132,1066,1024,957,889,827,0.0,0.7748868059741073,0.6316638458645257,0.5327924886844175,0.6789076266258339,0.6075168547627307,0.6852971244231774,0.36195574714407425,0.8288663029370487,0.324989964256861,0.5487203797707729,0.4505330637188643,0.19885699768875412,0.12264707494545388,0.15086547396721214,0.2448349501848771,0.3881194055617843,0.41905911551637115,0.08718247703385017,0.22348564002823118,0.07437919540753755,0.26954717174440945,0.18321155780831835,0.19824459281176263,0.1664229836803508,0.21613823444536637,0.20699900250033287,0.1208611993337586,0.16492634371906467,0.06165505514712733,0.1164241085818656,0.14235722399524658,0.0234375,0.07991718774439362,0.1195082698498309,0.06057836882527665,0.04631213164601319,0.07313142666737912,0.07844174073446564,0.14571739311003734,0.06615445138453105,0.003521046167445302,0.04673236763283359,0.06032595785734571,0.05258950006967289,0.03625138904935661,0.03192926313334339,0.0528788530104722,0.06014388316469852,0.031204190055996988,0.046915672458844974,0.03829818662329605,0.0528517934677141,0.01878455474772592,0.04263453115809194,0.0341796875,0.025353037081537442,0.013601941676937616,0.03954776705335271,0.0078125,0.02995676103550384,0.018657200365764452,0.013982247132105814,0.024158822025103478,0.06287272891726513,0.01760523083722651,0.0166015625,0.022482157096135425,0.0048828125,0.0048828125,0.020132351687586234,0.0027621358640099515,0.02298555135925746,0.012732817197661424,0.02229045353615884,0.013101960805662831,0.021506558149946522,0.01242961138804478,0.014084184669781208,0.0126953125,0.005859375,0.017820593350483065,0.010563138502335907,0.010517900013934578,0.019749754312653012,0.010918300671385692,0.006176323555016366,0.009212872199274027,0.0065509804028314154,0.006253051013118016,0.022777155839239456,0.013671875,0.006905339660024878,0.01878455474772592,0.001953125,0.012506102026236032,0.025202124805788945,0.0009765625,0.0065509804028314154,0.015746597164645604,0.0048828125,0.0013810679320049757,0.0041432037960149265,0.007042092334890604,0.005694288959809864,0.0065509804028314154,0.005258950006967289,0.004979511243742954,0.003521046167445302,0.001953125,0.003521046167445302,0.005258950006967289,0.0068359375,0.008843149548962322,0.007873298582322802,0.011430371006562134,0.0185546875,0.013810679320049757,0.005258950006967289,0.003521046167445302,0.004367320268554277,0.006905339660024878,0.012236293052872722,0.012732817197661424,0.007873298582322802,0.01441877251975918,0.0,0.003521046167445302,0.0,1,1,1.0
6.25,3.414442539215088,8.0,0.1417023241519928,17.444719314575195,0.390625,17.15897560119629,3.388394355773926,3.125,0.8117641806602478,0.19743233919143677,40873.0,720392.0,14469151744.0,17.625131607055664,0.04653351753950119,1.1441749334335327,3.743910551071167,0.0,0.0,0.019221827387809753,551,647,713,827,907,812,793,718,637,569,746,1196,1562,1567,1551,1531,1452,1434,1422,1406,1369,1323,1262,1246,1208,1165,1086,1005,982,920,861,745,711,617,617,911,1342,1551,1527,1564,1498,1483,1432,1376,1325,1337,1309,1256,1167,1150,1102,1036,1005,942,857,825,761,715,616,512,424,378,320,295,298,252,206,175,170,90,40,21,111,141,217,332,410,295,263,167,168,255,490,958,1384,1501,1496,1466,1385,1401,1341,1326,1280,1194,1193,1144,1096,1020,955,875,839,746,761,1016,1262,1418,1399,1390,1354,1307,1245,1228,1192,1131,1070,999,973,907,845,748,717,684,569,469,415,319,217,235,219,233,332,538,810,1062,1184,1213,1095,1081,1007,927,892,839,894,1144,1209,1129,1083,1008,938,907,859,827,729,652,558,505,462,398,407,411,440,392,455,670,889,891,889,827,751,679,588,522,584,717,1064,1340,1287,1276,1240,1211,1161,1062,1036,1005,940,875,806,715,685,587,538,553,584,736,893,1024,953,888,793,765,686,606,512,441,393,343,480,840,1273,1468,1561,1531,1533,1501,1448,1448,1419,1382,1341,1291,1241,1229,1197,1146,1036,1018,998,1022,1111,1080,990,972,906,832,761,678,569,524,543,974,1437,1643,1646,1627,1638,1607,1563,1529,1532,1500,1463,1419,1417,1321,1341,1304,0.00048828125,0.6837925213244426,0.544327387692991,0.5440715321465415,0.7669019365748567,0.5589530162958865,0.626721871291467,0.3267648754280003,0.9074667293450289,0.3438623418166475,0.6320947414802873,0.47297090507850614,0.12016084699431269,0.14193790872801398,0.17277430300201482,0.2757937679745742,0.40005821758040827,0.36302126533705165,0.09086755323791498,0.16715201598471346,0.016105881350068987,0.21119278894887464,0.1603526330277907,0.2131793662616226,0.21693979312318898,0.23366183816416794,0.24616349458125006,0.10004881620988826,0.17552607346437255,0.10142155183568141,0.15755376473362445,0.166190739445498,0.05932165058002906,0.08379111120747124,0.086963425237864,0.08906014422597114,0.05066844441825331,0.04898412579681427,0.0890976150621644,0.14068602191651916,0.08542549893995718,0.03389952140177692,0.015746597164645604,0.07033962150534807,0.04673236763283359,0.055672628178668845,0.038098455474865546,0.06518874714171342,0.03813598474563796,0.028588439781844624,0.036851488797096106,0.04898412579681427,0.0701835297219959,0.04078244730043184,0.04037114571991091,0.04632242666262274,0.04102724909687501,0.030289184412638327,0.05531172757229022,0.023640075072090243,0.03936649291161401,0.013282686043686957,0.026203921611325662,0.018165112536853784,0.05374643713209771,0.0300838316420886,0.011759369705851851,0.007873298582322802,0.01760523083722651,0.010381001770248682,0.005694288959809864,0.014906579611790769,0.0386328914938525,0.026939676219011176,0.03813598474563796,0.029133659941750583,0.010918300671385692,0.023840928936979887,0.0065509804028314154,0.031204190055996988,0.012506102026236032,0.02756951994822872,0.0087890625,0.008400708268596315,0.007873298582322802,0.007109482313750506,0.012236293052872722,0.017953883116064683,0.023294649300540163,0.018528970665049098,0.03625138904935661,0.019628663322501738,0.01589728573837862,0.03317439013957623,0.01441877251975918,0.018657200365764452,0.0235996991671769,0.012506102026236032,0.006905339660024878,0.023212625632821705,0.013879560940968648,0.013101960805662831,0.007873298582322802,0.010563138502335907,0.01760523083722651,0.015254393898255184,0.0146484375,0.015776850020901866,0.007873298582322802,0.013282686043686957,0.013706707859002147,0.005940197783494355,0.0185803687406645,0.01589728573837862,0.004979511243742954,0.00834375365753665,0.015655487833868553,0.02378085090212094,0.015746597164645604,0.0087890625,0.016858082521125067,0.018961413905222265,0.02229045353615884,0.016630260122975003,0.014874556847390447,0.02638526579317636,0.01171875,0.013810679320049757,0.0107421875,1,1,1.0
6.25,3.9053428173065186,8.0,0.13411234319210052,13.563947677612305,1.5625,22.355878829956055,3.6640281677246094,3.125,0.8064334988594055,0.19781839847564697,41033.0,863498.0,15265241088.0,21.043989181518555,0.059454187750816345,1.4001731872558594,4.1851959228515625,1.90392313470511e-07,0.0,0.03936215862631798,669,573,543,526,540,524,539,534,551,647,713,827,907,812,793,718,637,569,746,1196,1562,1567,1551,1531,1452,1434,1422,1406,1369,1323,1262,1246,1208,1165,1086,1005,982,920,861,745,711,617,617,911,1342,1551,1527,1564,1498,1483,1432,1376,1325,1337,1309,1256,1167,1150,1102,1036,1005,942,857,825,761,715,616,512,424,378,320,295,298,252,206,175,170,90,40,21,111,141,217,332,410,295,263,167,168,255,490,958,1384,1501,1496,1466,1385,1401,1341,1326,1280,1194,1193,1144,1096,1020,955,875,839,746,761,1016,1262,1418,1399,1390,1354,1307,1245,1228,1192,1131,1070,999,973,907,845,748,717,684,569,469,415,319,217,235,219,233,332,538,810,1062,1184,1213,1095,1081,1007,927,892,839,894,1144,1209,1129,1083,1008,938,907,859,827,729,652,558,505,462,398,407,411,440,392,455,670,889,891,889,827,751,679,588,522,584,717,1064,1340,1287,1276,1240,1211,1161,1062,1036,1005,940,875,806,715,685,587,538,553,584,736,893,1024,953,888,793,765,686,606,512,441,393,343,480,840,1273,1468,1561,1531,1533,1501,1448,1448,1419,1382,1341,1291,1241,1229,1197,1146,1036,1018,998,1022,1111,1080,990,972,906,832,761,678,569,524,543,974,1437,1643,1646,1627,1638,1607,1563,1529,0.00146484375,0.4752880628374557,0.3361489273809966,0.6919370865640136,0.9063431264449485,0.36822752064180075,0.707990975015307,0.13791330815554476,0.9109375837532123,0.20116713434948266,0.6490115646483993,0.30468906499998716,0.25273543155691053,0.0185546875,0.029313146523053973,0.337524921768662,0.46914554437730943,0.4349859757190634,0.08740097982525175,0.2621010791813109,0.1172525860922159,0.306324790074457,0.1857035728131433,0.22227257581947843,0.16445730027360064,0.18206016736512032,0.23889082185815846,0.08425646332079294,0.13810679320049757,0.08526906231618388,0.15099184815084493,0.15334830059034013,0.06324326116676632,0.08772227800896436,0.08231558794096296,0.08617022819709289,0.03756910949545184,0.0684708911834301,0.06543697487402717,0.11602614640843083,0.0557411062219935,0.0322265625,0.04523919852304871,0.08328881664148592,0.07086641623643256,0.04794116292434991,0.04577360017678893,0.05603971381017021,0.07383225848217109,0.037057941330098196,0.04894517221149089,0.051905008851243405,0.03460946317708857,0.02847144479904932,0.06481462307048874,0.056277459118062145,0.04416179318201177,0.03066468450802262,0.044932488555966175,0.020716018980074635,0.04697661512033474,0.024020261477048523,0.020692988379313566,0.013282686043686957,0.0537109375,0.030383494504109463,0.01708286687942959,0.011134525635733769,0.021126277004671814,0.013101960805662831,0.01792730444402912,0.015191747252054731,0.03623823303765522,0.015655487833868553,0.02229045353615884,0.013282686043686957,0.021836601342771385,0.0021836601342771385,0.020132351687586234,0.011759369705851851,0.013282686043686957,0.01708286687942959,0.01792730444402912,0.018961413905222265,0.022269051271467537,0.016253239235442616,0.011759369705851851,0.021945512748285382,0.016716057391234072,0.009765625,0.03676080122015373,0.009765625,0.011759369705851851,0.032122820709762745,0.013601941676937616,0.016105881350068987,0.02229045353615884,0.011388577919619728,0.008052940675034493,0.015625,0.009765625,0.011430371006562134,0.011134525635733769,0.007109482313750506,0.011920464468489943,0.007109482313750506,0.0087890625,0.009618025197066508,0.016716057391234072,0.011134525635733769,0.014906579611790769,0.018961413905222265,0.007042092334890604,0.015776850020901866,0.019652941208494246,0.023518739411703703,0.029442994983752607,0.0021836601342771385,0.006905339660024878,0.012236293052872722,0.01284467425582608,0.01516032685181643,0.0234375,0.004979511243742954,0.008400708268596315,0.02286074201312427,0.009814331661250869,0.01188039556698871,0.0087890625,1,1,1.0
6.640625,3.8136565685272217,5.0,0.1754211038351059,14.192049026489258,1.5625,26.616634368896484,3.8388707637786865,3.125,0.770301878452301,0.19484318792819977,39808.0,870116.0,17656983552.0,21.857816696166992,0.054277002811431885,1.0101641416549683,4.730069160461426,1.7662865730017074e-06,0.0,0.03637440875172615,1162,1087,1040,974,940,827,824,751,669,573,543,526,540,524,539,534,551,647,713,827,907,812,793,718,637,569,746,1196,1562,1567,1551,1531,1452,1434,1422,1406,1369,1323,1262,1246,1208,1165,1086,1005,982,920,861,745,711,617,617,911,1342,1551,1527,1564,1498,1483,1432,1376,1325,1337,1309,1256,1167,1150,1102,1036,1005,942,857,825,761,715,616,512,424,378,320,295,298,252,206,175,170,90,40,21,111,141,217,332,410,295,263,167,168,255,490,958,1384,1501,1496,1466,1385,1401,1341,1326,1280,1194,1193,1144,1096,1020,955,875,839,746,761,1016,1262,1418,1399,1390,1354,1307,1245,1228,1192,1131,1070,999,973,907,845,748,717,684,569,469,415,319,217,235,219,233,332,538,810,1062,1184,1213,1095,1081,1007,927,892,839,894,1144,1209,1129,1083,1008,938,907,859,827,729,652,558,505,462,398,407,411,440,392,455,670,889,891,889,827,751,679,588,522,584,717,1064,1340,1287,1276,1240,1211,1161,1062,1036,1005,940,875,806,715,685,587,538,553,584,736,893,1024,953,888,793,765,686,606,512,441,393,343,480,840,1273,1468,1561,1531,1533,1501,1448,1448,1419,1382,1341,1291,1241,1229,1197,1146,1036,1018,998,1022,1111,1080,990,972,906,832,761,678,569,524,543,974,0.0009765625,0.3515245205179727,0.2178084683147763,0.8154062964459444,0.9350656055954459,0.26222839836706524,0.8305949677720671,0.10166104744145878,0.8009336745177859,0.1199940616409894,0.5346579354794908,0.3223603080605468,0.27411328322614287,0.09277857716026267,0.13493888884656094,0.24036335777777576,0.3806652650378645,0.4039299078087228,0.0842621224848065,0.18165112536853784,0.03232997140087275,0.2375055412850683,0.20326814742674462,0.1641351448171907,0.16968879938067188,0.2474482965891325,0.18190557373634172,0.1429421989092231,0.16496970621082271,0.04290211452439218,0.10497024841238499,0.12246031449203566,0.04642525126564341,0.10304007067423226,0.10962756831815418,0.09082556268426892,0.05310381298563486,0.05249875021763911,0.0778437319663267,0.12403881548363009,0.06104882659409291,0.026057937625246747,0.0445488075310822,0.07246330648081699,0.061585410255576414,0.033332125323976586,0.028437929255002024,0.0412127887617367,0.06549524467620006,0.013282686043686957,0.028437929255002024,0.05258950006967289,0.06366408598830711,0.035372598195849286,0.0341098617120566,0.032285693857063556,0.021836601342771385,0.01242961138804478,0.03629082846887118,0.012732817197661424,0.02229045353615884,0.035761393405469834,0.011920464468489943,0.03614600688148779,0.06927401504284453,0.012732817197661424,0.01824369305885684,0.026294750034836445,0.012079411012551739,0.011430371006562134,0.008286407592029853,0.014778072217208551,0.03936649291161401,0.023478154844084585,0.03102027377786834,0.019773883526676354,0.01589728573837862,0.0029296875,0.01760523083722651,0.011759369705851851,0.010517900013934578,0.01953125,0.010517900013934578,0.012506102026236032,0.011388577919619728,0.004026470337517247,0.005859375,0.013282686043686957,0.01760523083722651,0.013810679320049757,0.023212625632821705,0.02108108705558877,0.013601941676937616,0.012732817197661424,0.006905339660024878,0.012236293052872722,0.032754902014157074,0.011759369705851851,0.012506102026236032,0.024492062898407135,0.01284467425582608,0.008843149548962322,0.0048828125,0.007873298582322802,0.01284467425582608,0.009003461384075085,0.0065509804028314154,0.009618025197066508,0.012079411012551739,0.009003461384075085,0.013101960805662831,0.016716057391234072,0.0048828125,0.012352647110032733,0.015191747252054731,0.0192608231673008,0.02489755621871477,0.009814331661250869,0.005258950006967289,0.0027621358640099515,0.009618025197066508,0.011920464468489943,0.013028968812623373,0.016105881350068987,0.01284467425582608,0.013706707859002147,0.006905339660024878,0.005694288959809864,0.005859375,1,1,1.0
6.25,3.6742122173309326,4.0,0.14484958350658417,15.757433891296387,2.34375,27.734600067138672,3.598050117492676,1.5625,0.8041192889213562,0.1870187371969223,36675.0,916820.0,18246903808.0,24.99850082397461,0.05103110522031784,1.2673763036727905,4.9763360023498535,8.520663641320425e-07,0.0,0.030847400426864624,1247,1402,1390,1341,1339,1294,1260,1176,1162,1087,1040,974,940,827,824,751,669,573,543,526,540,524,539,534,551,647,713,827,907,812,793,718,637,569,746,1196,1562,1567,1551,1531,1452,1434,1422,1406,1369,1323,1262,1246,1208,1165,1086,1005,982,920,861,745,711,617,617,911,1342,1551,1527,1564,1498,1483,1432,1376,1325,1337,1309,1256,1167,1150,1102,1036,1005,942,857,825,761,715,616,512,424,378,320,295,298,252,206,175,170,90,40,21,111,141,217,332,410,295,263,167,168,255,490,958,1384,1501,1496,1466,1385,1401,1341,1326,1280,1194,1193,1144,1096,1020,955,875,839,746,761,1016,1262,1418,1399,1390,1354,1307,1245,1228,1192,1131,1070,999,973,907,845,748,717,684,569,469,415,319,217,235,219,233,332,538,810,1062,1184,1213,1095,1081,1007,927,892,839,894,1144,1209,1129,1083,1008,938,907,859,827,729,652,558,505,462,398,407,411,440,392,455,670,889,891,889,827,751,679,588,522,584,717,1064,1340,1287,1276,1240,1211,1161,1062,1036,1005,940,875,806,715,685,587,538,553,584,736,893,1024,953,888,793,765,686,606,512,441,393,343,480,840,1273,1468,1561,1531,1533,1501,1448,1448,1419,1382,1341,1291,1241,1229,1197,1146,1036,1018,998,1022,1111,1080,990,972,0.00244140625,0.47912509019125815,0.32418492152209233,0.700042069397105,1.0066995315576435,0.2846558242746089,0.7920283110596612,0.0283875817456028,0.8527197018320722,0.02489755621871477,0.5131341128173184,0.2759959824863993,0.3814648632502491,0.20107941215518754,0.24267725493139064,0.14247106425653816,0.3051691405527484,0.3696840514717908,0.13235574607120917,0.09140645866696268,0.08455587708786218,0.2658923430603908,0.2802751388232335,0.11170867661097673,0.10381001770248681,0.2231290381998459,0.18653366300505125,0.12134550442975833,0.11442879167525022,0.06749594217041982,0.14469282037498063,0.14543897805571457,0.061670521108777125,0.08430738212147132,0.09048366706951955,0.07657146790590882,0.034678283016727936,0.06823370144360712,0.0677779402322681,0.12352647110032731,0.05353308622525682,0.021484375,0.05402076830445051,0.06508626055840482,0.05476591755003888,0.0166875073150733,0.010918300671385692,0.033673710253059895,0.0595703125,0.021945512748285382,0.03676080122015373,0.04632242666262274,0.08342039011426647,0.03221176270013797,0.028168369339562415,0.01589728573837862,0.012732817197661424,0.016164985700436375,0.014517645261053229,0.01878455474772592,0.04891593666550076,0.03500673501745102,0.013706707859002147,0.014906579611790769,0.05774945094520515,0.021439939843847802,0.020692988379313566,0.024647323172117114,0.006905339660024878,0.007109482313750506,0.021506558149946522,0.0041432037960149265,0.029133659941750583,0.019918044974971814,0.028738162049926096,0.018961413905222265,0.013982247132105814,0.005524271728019903,0.013566839833447074,0.011920464468489943,0.007109482313750506,0.02209708691207961,0.003088161777508183,0.005694288959809864,0.010381001770248682,0.007109482313750506,0.009618025197066508,0.0013810679320049757,0.008734640537108554,0.009765625,0.02108108705558877,0.009765625,0.003521046167445302,0.024954945974962183,0.009003461384075085,0.009765625,0.025781989809461104,0.005694288959809864,0.006176323555016366,0.01188039556698871,0.0009765625,0.0041432037960149265,0.009003461384075085,0.009765625,0.003521046167445302,0.007042092334890604,0.0048828125,0.004367320268554277,0.005940197783494355,0.0009765625,0.007437278423695223,0.009003461384075085,0.004026470337517247,0.009003461384075085,0.007873298582322802,0.010517900013934578,0.015655487833868553,0.01708286687942959,0.008400708268596315,0.009003461384075085,0.0027621358640099515,0.001953125,0.013282686043686957,0.009003461384075085,0.0029296875,0.016370170521718956,0.0087890625,0.009618025197066508,0.0087890625,1,1,1.0
6.25,3.4041695594787598,4.0,0.1321779489517212,17.873016357421875,3.125,33.380645751953125,3.422842502593994,1.5625,0.8218398690223694,0.18905755877494812,37479.0,1062673.0,19265892352.0,28.353824615478516,0.04598215967416763,1.3937572240829468,5.33457612991333,5.211151801631786e-06,0.0,0.0200444795191288,489,504,590,670,704,733,776,925,1247,1402,1390,1341,1339,1294,1260,1176,1162,1087,1040,974,940,827,824,751,669,573,543,526,540,524,539,534,551,647,713,827,907,812,793,718,637,569,746,1196,1562,1567,1551,1531,1452,1434,1422,1406,1369,1323,1262,1246,1208,1165,1086,1005,982,920,861,745,711,617,617,911,1342,1551,1527,1564,1498,1483,1432,1376,1325,1337,1309,1256,1167,1150,1102,1036,1005,942,857,825,761,715,616,512,424,378,320,295,298,252,206,175,170,90,40,21,111,141,217,332,410,295,263,167,168,255,490,958,1384,1501,1496,1466,1385,1401,1341,1326,1280,1194,1193,1144,1096,1020,955,875,839,746,761,1016,1262,1418,1399,1390,1354,1307,1245,1228,1192,1131,1070,999,973,907,845,748,717,684,569,469,415,319,217,235,219,233,332,538,810,1062,1184,1213,1095,1081,1007,927,892,839,894,1144,1209,1129,1083,1008,938,907,859,827,729,652,558,505,462,398,407,411,440,392,455,670,889,891,889,827,751,679,588,522,584,717,1064,1340,1287,1276,1240,1211,1161,1062,1036,1005,940,875,806,715,685,587,538,553,584,736,893,1024,953,888,793,765,686,606,512,441,393,343,480,840,1273,1468,1561,1531,1533,1501,1448,1448,1419,1382,1341,1291,1241,1229,1197,1146,0.00244140625,0.3874110950494098,0.2808292208256314,0.7383387306079254,0.8998481622406586,0.3668873960620072,0.6962952259106596,0.10036288223184313,0.9513483216731875,0.12033928907314063,0.5762298037616278,0.22609478257582108,0.4679813440631082,0.2834606183937652,0.3213840332660895,0.11897240942378852,0.3131402133436244,0.3076171875,0.1262185780920004,0.11111376017485554,0.1088943820873938,0.29785316341782875,0.2494061091625417,0.15070735721765957,0.13666642413854402,0.23504339913109165,0.17100721984255884,0.14298222379303233,0.12117641457687643,0.05539786954563607,0.14699779815062813,0.14761607112901498,0.07627822103585355,0.07230520453286238,0.09131773224657,0.056640625,0.0445488075310822,0.05459150335692846,0.09220115431189195,0.12544552560780928,0.06358914295351448,0.05033798425335888,0.07610298367038677,0.0807718143818446,0.06991123566052906,0.01441877251975918,0.022798081113142094,0.05569831731093437,0.04021730523823047,0.05079063915603845,0.0656552199764516,0.0170549308560283,0.05969824888897627,0.011759369705851851,0.04496431419227085,0.03371616504225013,0.0185803687406645,0.008734640537108554,0.023518739411703703,0.023518739411703703,0.04789140560640324,0.051267206048463625,0.022545696055889054,0.0021836601342771385,0.047037478823407405,0.033673710253059895,0.03152346170228315,0.03371616504225013,0.013566839833447074,0.01727715430952552,0.023518739411703703,0.0170549308560283,0.04216217411117754,0.025465634395322848,0.0283875817456028,0.011134525635733769,0.029378142493147116,0.016716057391234072,0.0170549308560283,0.025855863857175247,0.012236293052872722,0.016716057391234072,0.019628663322501738,0.0146484375,0.022798081113142094,0.011134525635733769,0.008843149548962322,0.017304731588544287,0.023457836229422487,0.022545696055889054,0.006176323555016366,0.024492062898407135,0.018961413905222265,0.03066468450802262,0.023518739411703703,0.022032254243512652,0.022545696055889054,0.017953883116064683,0.021506558149946522,0.010381001770248682,0.015655487833868553,0.016105881350068987,0.015440808887540914,0.016253239235442616,0.019918044974971814,0.013101960805662831,0.013810679320049757,0.014938533731228863,0.022269051271467537,0.017820593350483065,0.01188039556698871,0.012236293052872722,0.022482157096135425,0.012506102026236032,0.02108108705558877,0.020692988379313566,0.03032065370363286,0.0048828125,0.008843149548962322,0.007437278423695223,0.013810679320049757,0.013028968812623373,0.0027621358640099515,0.022651198251451565,0.016630260122975003,0.01708286687942959,0.021683206358568866,0.022032254243512652,0.021484375,1,1,1.0
6.25,3.952988862991333,5.0,0.14570489525794983,15.486071586608887,1.5625,30.269287109375,3.765394926071167,3.125,0.8024759292602539,0.19068743288516998,38128.0,949028.0,18047629312.0,24.890579223632812,0.051819201558828354,1.1177396774291992,5.093526840209961,5.122438778926153e-06,1.5625,0.043798986822366714,0,0,0,0,0,0,109,349,489,504,590,670,704,733,776,925,1247,1402,1390,1341,1339,1294,1260,1176,1162,1087,1040,974,940,827,824,751,669,573,543,526,540,524,539,534,551,647,713,827,907,812,793,718,637,569,746,1196,1562,1567,1551,1531,1452,1434,1422,1406,1369,1323,1262,1246,1208,1165,1086,1005,982,920,861,745,711,617,617,911,1342,1551,1527,1564,1498,1483,1432,1376,1325,1337,1309,1256,1167,1150,1102,1036,1005,942,857,825,761,715,616,512,424,378,320,295,298,252,206,175,170,90,40,21,111,141,217,332,410,295,263,167,168,255,490,958,1384,1501,1496,1466,1385,1401,1341,1326,1280,1194,1193,1144,1096,1020,955,875,839,746,761,1016,1262,1418,1399,1390,1354,1307,1245,1228,1192,1131,1070,999,973,907,845,748,717,684,569,469,415,319,217,235,219,233,332,538,810,1062,1184,1213,1095,1081,1007,927,892,839,894,1144,1209,1129,1083,1008,938,907,859,827,729,652,558,505,462,398,407,411,440,392,455,670,889,891,889,827,751,679,588,522,584,717,1064,1340,1287,1276,1240,1211,1161,1062,1036,1005,940,875,806,715,685,587,538,553,584,736,893,1024,953,888,793,765,686,606,512,441,393,343,480,840,1273,1468,1561,1531,1533,1501,1448,1448,0.0029296875,0.29418043700525287,0.44893524511791455,0.7679743629785977,0.6995242000426523,0.6633188908728361,0.5009917913133697,0.35982187102735835,1.062654820550474,0.29032662775096946,0.3780861070035264,0.48820018858384395,0.3744057078814882,0.23990267051619243,0.1787002643670772,0.2910418402621917,0.38128606907056695,0.484541341460636,0.21417687694786433,0.11057603000037816,0.16167640315883733,0.30814377052439057,0.3757317080128453,0.15351612197756706,0.0757072165754465,0.14720201813516826,0.24462062189690092,0.11513916220106554,0.16930338228726044,0.023619895746968406,0.12136515075133607,0.13354648400880229,0.09018278422355622,0.06278165297048996,0.10562235631399403,0.050043468653589676,0.0794144083551249,0.013982247132105814,0.11056309233960179,0.07722257118542662,0.03434669022474409,0.07745070335507169,0.11338643419506875,0.02315091717017519,0.0048828125,0.06253051013118016,0.051202057534837225,0.06395552472669118,0.08603731774029984,0.02003738723504218,0.023940723969006372,0.07969611626212174,0.11992251119538087,0.05490504998777577,0.06256862687359901,0.05455655360727899,0.04891593666550076,0.03371616504225013,0.05078125,0.01727715430952552,0.026240290708094537,0.054635159104294395,0.026002982335340524,0.0126953125,0.040794137840244965,0.0388789633542859,0.040700519500341224,0.045908825287277966,0.018165112536853784,0.025202124805788945,0.010381001770248682,0.03102027377786834,0.047731833632226314,0.01727715430952552,0.01528562093993997,0.033203125,0.030336376107439583,0.03876842429937345,0.0300838316420886,0.03585460888805824,0.034678283016727936,0.04311277354422679,0.026240290708094537,0.029700988917471777,0.029133659941750583,0.0328130812820536,0.029296875,0.024954945974962183,0.017304731588544287,0.016105881350068987,0.03088161777508183,0.03032065370363286,0.02378085090212094,0.021417687694786434,0.028588439781844624,0.025409398107925172,0.02681548870653512,0.025334222209126653,0.030586835475323877,0.022269051271467537,0.025353037081537442,0.02286074201312427,0.018347943582085875,0.0166875073150733,0.02489755621871477,0.020716018980074635,0.02489755621871477,0.02298555135925746,0.0166015625,0.02132844694125152,0.025855863857175247,0.0263671875,0.015776850020901866,0.02833714478231818,0.0166015625,0.015746597164645604,0.004979511243742954,0.035907766232129365,0.025947910655442233,0.028117539157984314,0.022798081113142094,0.024724587697601882,0.023047702580480365,0.028920103310470405,0.023457836229422487,0.01313830473347042,0.02777629424478104,0.028920103310470405,0.029296875,1,1,1.0
6.640625,4.54469633102417,4.0,0.17925164103507996,12.420469284057617,1.171875,41.2633171081543,4.163323879241943,3.125,0.7595918774604797,0.20085875689983368,42304.0,1184089.0,18953549824.0,27.990001678466797,0.06115645542740822,1.9146569967269897,5.659505367279053,6.648183443758171e-06,0.0,0.06421065330505371,396,313,221,123,10,0,0,0,0,0,0,0,0,0,109,349,489,504,590,670,704,733,776,925,1247,1402,1390,1341,1339,1294,1260,1176,1162,1087,1040,974,940,827,824,751,669,573,543,526,540,524,539,534,551,647,713,827,907,812,793,718,637,569,746,1196,1562,1567,1551,1531,1452,1434,1422,1406,1369,1323,1262,1246,1208,1165,1086,1005,982,920,861,745,711,617,617,911,1342,1551,1527,1564,1498,1483,1432,1376,1325,1337,1309,1256,1167,1150,1102,1036,1005,942,857,825,761,715,616,512,424,378,320,295,298,252,206,175,170,90,40,21,111,141,217,332,410,295,263,167,168,255,490,958,1384,1501,1496,1466,1385,1401,1341,1326,1280,1194,1193,1144,1096,1020,955,875,839,746,761,1016,1262,1418,1399,1390,1354,1307,1245,1228,1192,1131,1070,999,973,907,845,748,717,684,569,469,415,319,217,235,219,233,332,538,810,1062,1184,1213,1095,1081,1007,927,892,839,894,1144,1209,1129,1083,1008,938,907,859,827,729,652,558,505,462,398,407,411,440,392,455,670,889,891,889,827,751,679,588,522,584,717,1064,1340,1287,1276,1240,1211,1161,1062,1036,1005,940,875,806,715,685,587,538,553,584,736,893,1024,953,888,793,765,686,606,512,441,393,343,480,840,0.00048828125,0.4868024481606027,0.7324537753469631,0.7580748428395387,0.7994301912464087,0.840707450141625,0.6932747802707615,0.4746344916836542,0.870626144463197,0.29815878110906174,0.26814243926841647,0.4626072527272772,0.22501661451244134,0.09328600182882227,0.2175302558989101,0.08233875585246617,0.24064291354789635,0.32598030723583044,0.1302347792154045,0.13601941676937618,0.0656915236673521,0.22911787958730334,0.25803619852364734,0.05978604634771081,0.09474669566972788,0.22333410044675955,0.24178551568632708,0.05747632409985219,0.14967234110677502,0.09874877156326506,0.11621504063134562,0.120477894635087,0.061585410255576414,0.0980704108330185,0.08813442747944135,0.06991123566052906,0.056640625,0.038397662600268556,0.08389916644040352,0.08523550282823944,0.01516032685181643,0.045522898518776035,0.07827743916934277,0.03756910949545184,0.0385216463346016,0.031035641761856844,0.018425744398548053,0.029035290522106457,0.06021519534948436,0.033203125,0.050413708981016825,0.032033631771204545,0.06950079433069564,0.03014716609459596,0.0192608231673008,0.005694288959809864,0.018657200365764452,0.0302734375,0.026294750034836445,0.024647323172117114,0.03989589495276464,0.019555648822754675,0.009003461384075085,0.02777629424478104,0.054661335817017695,0.02580047815160724,0.01528562093993997,0.021945512748285382,0.0048828125,0.004026470337517247,0.01171875,0.0107421875,0.028437929255002024,0.0048828125,0.02286074201312427,0.023940723969006372,0.008286407592029853,0.0146484375,0.015776850020901866,0.012732817197661424,0.0087890625,0.022651198251451565,0.00390625,0.0065509804028314154,0.009003461384075085,0.006253051013118016,0.012079411012551739,0.003521046167445302,0.009212872199274027,0.010381001770248682,0.025465634395322848,0.006253051013118016,0.0009765625,0.022140203220223895,0.006253051013118016,0.00834375365753665,0.025202124805788945,0.006176323555016366,0.010563138502335907,0.01313830473347042,0.007627196949127592,0.004026470337517247,0.0009765625,0.0021836601342771385,0.005694288959809864,0.005694288959809864,0.006905339660024878,0.004979511243742954,0.0048828125,0.0021836601342771385,0.006176323555016366,0.009264485332524549,0.008052940675034493,0.00966747552403483,0.00834375365753665,0.01019561182510796,0.01878455474772592,0.012732817197661424,0.0048828125,0.007042092334890604,0.0009765625,0.0013810679320049757,0.01242961138804478,0.00834375365753665,0.0009765625,0.017578125,0.007109482313750506,0.008734640537108554,0.005859375,1,1,1.0
4.296875,3.1307506561279297,6.0,0.08547143638134003,21.525489807128906,1.953125,18.387493133544922,2.995959997177124,3.125,0.8739288449287415,0.20241716504096985,42963.0,794810.0,19905746944.0,18.4998722076416,0.04059971868991852,1.0724414587020874,4.006493091583252,1.8184135797127965e-07,0.0,0.0170747060328722,952,889,813,735,704,622,510,472,396,313,221,123,10,0,0,0,0,0,0,0,0,0,109,349,489,504,590,670,704,733,776,925,1247,1402,1390,1341,1339,1294,1260,1176,1162,1087,1040,974,940,827,824,751,669,573,543,526,540,524,539,534,551,647,713,827,907,812,793,718,637,569,746,1196,1562,1567,1551,1531,1452,1434,1422,1406,1369,1323,1262,1246,1208,1165,1086,1005,982,920,861,745,711,617,617,911,1342,1551,1527,1564,1498,1483,1432,1376,1325,1337,1309,1256,1167,1150,1102,1036,1005,942,857,825,761,715,616,512,424,378,320,295,298,252,206,175,170,90,40,21,111,141,217,332,410,295,263,167,168,255,490,958,1384,1501,1496,1466,1385,1401,1341,1326,1280,1194,1193,1144,1096,1020,955,875,839,746,761,1016,1262,1418,1399,1390,1354,1307,1245,1228,1192,1131,1070,999,973,907,845,748,717,684,569,469,415,319,217,235,219,233,332,538,810,1062,1184,1213,1095,1081,1007,927,892,839,894,1144,1209,1129,1083,1008,938,907,859,827,729,652,558,505,462,398,407,411,440,392,455,670,889,891,889,827,751,679,588,522,584,717,1064,1340,1287,1276,1240,1211,1161,1062,1036,1005,940,875,806,715,685,587,538,553,584,736,893,1024,953,888,793,765,0.00341796875,0.431601958463254,0.6739675184171323,0.7880084863583348,0.7420673473877435,0.859173560375402,0.6485176496493663,0.5179465080537546,0.9080970620191718,0.35296081507031013,0.2261264155793257,0.5052944254193423,0.1924125532214752,0.09809471878006003,0.24974428450237168,0.043891025496570764,0.24093204081444963,0.28519805183761804,0.10990125211882328,0.1717251210857458,0.04148954255126563,0.19521970451833637,0.2838187005987631,0.03538607603904968,0.06870032162875608,0.19858825243792155,0.24916318076596722,0.05731847887042652,0.15033354233235946,0.08323727475531263,0.1208611993337586,0.12933832063268036,0.05511309007625962,0.09278885562671643,0.09425725400010668,0.0752206734830145,0.05765028180916188,0.038989189018900645,0.08210678256195271,0.0826624248195683,0.01284467425582608,0.044804959949040865,0.07605911124461232,0.04089920232689829,0.04597110271851492,0.028721564784868637,0.017686299097924643,0.03179457147675724,0.052344114387724204,0.037160737481329,0.04958399326088322,0.03911129764550935,0.0731900856349677,0.04078244730043184,0.019186408891004394,0.01727715430952552,0.025633603024231812,0.025855863857175247,0.02763861659782208,0.013810679320049757,0.03869455616437295,0.025781989809461104,0.0065509804028314154,0.025559086578715626,0.061585410255576414,0.01933495104806966,0.011430371006562134,0.016716057391234072,0.00834375365753665,0.003088161777508183,0.013982247132105814,0.008843149548962322,0.028920103310470405,0.005524271728019903,0.022269051271467537,0.023212625632821705,0.008052940675034493,0.012732817197661424,0.01284467425582608,0.0146484375,0.006176323555016366,0.01878455474772592,0.007873298582322802,0.011759369705851851,0.006176323555016366,0.011759369705851851,0.015440808887540914,0.0048828125,0.004026470337517247,0.006905339660024878,0.019773883526676354,0.011048543456039806,0.0065509804028314154,0.028185292362620726,0.009814331661250869,0.013028968812623373,0.02489755621871477,0.003521046167445302,0.004367320268554277,0.011388577919619728,0.0027621358640099515,0.004026470337517247,0.005859375,0.004367320268554277,0.007873298582322802,0.004026470337517247,0.007873298582322802,0.005524271728019903,0.003088161777508183,0.0021836601342771385,0.005940197783494355,0.009003461384075085,0.008052940675034493,0.009212872199274027,0.007873298582322802,0.00966747552403483,0.016370170521718956,0.01441877251975918,0.005859375,0.007109482313750506,0.0027621358640099515,0.0029296875,0.00834375365753665,0.01171875,0.004979511243742954,0.020967686087484266,0.007627196949127592,0.00834375365753665,0.001953125,1,1,1.0
4.296875,3.13371205329895,6.0,0.08134876191616058,20.725643157958984,1.953125,20.46329116821289,3.0538594722747803,3.125,0.8763670325279236,0.20099639892578125,42362.0,864698.0,19836424192.0,20.4121150970459,0.04228419065475464,1.1171274185180664,4.177215099334717,9.036620213009883e-06,0.0,0.018036790192127228,1352,1294,1245,1180,1167,1096,1065,970,952,889,813,735,704,622,510,472,396,313,221,123,10,0,0,0,0,0,0,0,0,0,109,349,489,504,590,670,704,733,776,925,1247,1402,1390,1341,1339,1294,1260,1176,1162,1087,1040,974,940,827,824,751,669,573,543,526,540,524,539,534,551,647,713,827,907,812,793,718,637,569,746,1196,1562,1567,1551,1531,1452,1434,1422,1406,1369,1323,1262,1246,1208,1165,1086,1005,982,920,861,745,711,617,617,911,1342,1551,1527,1564,1498,1483,1432,1376,1325,1337,1309,1256,1167,1150,1102,1036,1005,942,857,825,761,715,616,512,424,378,320,295,298,252,206,175,170,90,40,21,111,141,217,332,410,295,263,167,168,255,490,958,1384,1501,1496,1466,1385,1401,1341,1326,1280,1194,1193,1144,1096,1020,955,875,839,746,761,1016,1262,1418,1399,1390,1354,1307,1245,1228,1192,1131,1070,999,973,907,845,748,717,684,569,469,415,319,217,235,219,233,332,538,810,1062,1184,1213,1095,1081,1007,927,892,839,894,1144,1209,1129,1083,1008,938,907,859,827,729,652,558,505,462,398,407,411,440,392,455,670,889,891,889,827,751,679,588,522,584,717,1064,1340,1287,1276,1240,1211,1161,1062,1036,1005,940,875,806,715,685,587,538,553,0.0,0.33238865185404215,0.6005859375,0.8847128071293152,0.6683027536653134,0.9563718431425912,0.6955709941289495,0.5844063653535292,0.8311028830766386,0.3345735049833092,0.3122817230847075,0.4197106118275592,0.2678791218777385,0.11856691401122209,0.20082551342103003,0.11254644494833149,0.2118262887058971,0.3449574850672272,0.17096538867131897,0.179777703242109,0.096304115836504,0.1826041313848844,0.28466419983032476,0.012506102026236032,0.058021292099659956,0.15681659964063613,0.26531245974123663,0.08676030993141122,0.1310923765199206,0.08612594750136461,0.15847115123556646,0.15653355618341322,0.04789140560640324,0.13229809042085192,0.05476591755003888,0.04631213164601319,0.0731966003962637,0.004979511243742954,0.1127411694504829,0.04606436099637014,0.03585460888805824,0.0386328914938525,0.032754902014157074,0.08343753657536651,0.07232498617689657,0.01886055460530075,0.025559086578715626,0.06061771309702537,0.07352160244030746,0.022798081113142094,0.05685070147589017,0.024119314521930602,0.05472236611766367,0.03618556115947052,0.013982247132105814,0.021683206358568866,0.04559616222628419,0.04917843090630536,0.050753072110102666,0.01179984958358845,0.03057124187987994,0.041120123577006444,0.01875915303935405,0.03066468450802262,0.07381288078397229,0.023457836229422487,0.009003461384075085,0.022032254243512652,0.012079411012551739,0.01313830473347042,0.0027621358640099515,0.022140203220223895,0.01933495104806966,0.019918044974971814,0.03798564519292329,0.021683206358568866,0.02376079113397742,0.022545696055889054,0.009959022487485907,0.03126525506559008,0.02580047815160724,0.03803582440263759,0.011759369705851851,0.007042092334890604,0.020600608505594715,0.006176323555016366,0.020600608505594715,0.01528562093993997,0.013566839833447074,0.007873298582322802,0.029652786036501906,0.02108108705558877,0.016370170521718956,0.0363433477850164,0.02003738723504218,0.02209708691207961,0.03192926313334339,0.014778072217208551,0.011134525635733769,0.0013810679320049757,0.016630260122975003,0.015440808887540914,0.010517900013934578,0.01171875,0.011388577919619728,0.01760523083722651,0.012732817197661424,0.013282686043686957,0.02132844694125152,0.016105881350068987,0.016630260122975003,0.01800692276815017,0.010918300671385692,0.025855863857175247,0.010918300671385692,0.013671875,0.029313146523053973,0.0029296875,0.011430371006562134,0.01284467425582608,0.010381001770248682,0.009618025197066508,0.017469281074217108,0.014218964627501012,0.008843149548962322,0.020716018980074635,0.013982247132105814,0.01242961138804478,0.001953125,1,1,1.0
4.296875,3.6589901447296143,7.0,0.08374793827533722,16.89555549621582,1.171875,23.59162712097168,3.2284438610076904,1.953125,0.8650521039962769,0.20357054471969604,43454.0,959077.0,21414799360.0,22.071086883544922,0.051199980080127716,1.168554425239563,4.474339485168457,0.0,0.0,0.03171660006046295,936,908,1022,1326,1466,1447,1384,1386,1352,1294,1245,1180,1167,1096,1065,970,952,889,813,735,704,622,510,472,396,313,221,123,10,0,0,0,0,0,0,0,0,0,109,349,489,504,590,670,704,733,776,925,1247,1402,1390,1341,1339,1294,1260,1176,1162,1087,1040,974,940,827,824,751,669,573,543,526,540,524,539,534,551,647,713,827,907,812,793,718,637,569,746,1196,1562,1567,1551,1531,1452,1434,1422,1406,1369,1323,1262,1246,1208,1165,1086,1005,982,920,861,745,711,617,617,911,1342,1551,1527,1564,1498,1483,1432,1376,1325,1337,1309,1256,1167,1150,1102,1036,1005,942,857,825,761,715,616,512,424,378,320,295,298,252,206,175,170,90,40,21,111,141,217,332,410,295,263,167,168,255,490,958,1384,1501,1496,1466,1385,1401,1341,1326,1280,1194,1193,1144,1096,1020,955,875,839,746,761,1016,1262,1418,1399,1390,1354,1307,1245,1228,1192,1131,1070,999,973,907,845,748,717,684,569,469,415,319,217,235,219,233,332,538,810,1062,1184,1213,1095,1081,1007,927,892,839,894,1144,1209,1129,1083,1008,938,907,859,827,729,652,558,505,462,398,407,411,440,392,455,670,889,891,889,827,751,679,588,522,584,717,1064,1340,1287,1276,1240,1211,1161,1062,1036,1005,0.0009765625,0.22952335227222795,0.5569189613877612,0.986791158331454,0.6457677828429583,1.0477355153296122,0.7937627115508357,0.5927501089416944,0.7373615975553083,0.24730372805748968,0.3718331449660082,0.39343835516996517,0.26827222361234876,0.07224582710227219,0.13562973084526916,0.14948744623556603,0.14307890437089796,0.2950722014438863,0.16929493267950174,0.2465892828451036,0.07469266865614431,0.13479746566789852,0.3451910159076839,0.06950765487997752,0.04695630968816917,0.19934556701951522,0.20102249080409393,0.09473159619357636,0.12966234813516905,0.12323661586058557,0.10630186722300627,0.09550861132079023,0.08752637193264329,0.08505068894454298,0.10401651368714925,0.07313142666737912,0.07499211587792183,0.0453970285123807,0.07200782775713194,0.08721528735064886,0.013671875,0.04398869386545003,0.0720541669753778,0.04976637619625354,0.05715185503281067,0.016105881350068987,0.008400708268596315,0.05164713993038028,0.04577360017678893,0.013706707859002147,0.03316001337177665,0.04193537217496853,0.07383225848217109,0.020108652619115236,0.020762003540497363,0.007437278423695223,0.03250647847088523,0.043891025496570764,0.04372776011179318,0.017304731588544287,0.027361183058831836,0.03539954875076535,0.008400708268596315,0.02286074201312427,0.0634765625,0.019457869965987574,0.012236293052872722,0.02108108705558877,0.0041432037960149265,0.004026470337517247,0.01589728573837862,0.008843149548962322,0.0224609375,0.013101960805662831,0.021836601342771385,0.015655487833868553,0.014778072217208551,0.0185803687406645,0.014084184669781208,0.015254393898255184,0.009003461384075085,0.020600608505594715,0.007042092334890604,0.010563138502335907,0.00834375365753665,0.010786485368346935,0.011759369705851851,0.0021836601342771385,0.008734640537108554,0.009959022487485907,0.021683206358568866,0.0065509804028314154,0.001953125,0.023619895746968406,0.007873298582322802,0.01019561182510796,0.0242573092741684,0.004026470337517247,0.0078125,0.012506102026236032,0.004026470337517247,0.0009765625,0.0048828125,0.0048828125,0.005258950006967289,0.0027621358640099515,0.005258950006967289,0.003088161777508183,0.006905339660024878,0.0021836601342771385,0.003088161777508183,0.005694288959809864,0.006253051013118016,0.012506102026236032,0.003521046167445302,0.0009765625,0.01680141653719263,0.013282686043686957,0.005940197783494355,0.003088161777508183,0.00834375365753665,0.0065509804028314154,0.01708286687942959,0.0048828125,0.0009765625,0.014938533731228863,0.007627196949127592,0.008843149548962322,0.005859375,1,1,1.0
4.296875,3.052403211593628,5.0,0.0795787051320076,23.842668533325195,1.171875,29.50558853149414,2.9927496910095215,1.953125,0.8833712935447693,0.2060917168855667,44537.0,1151074.0,26592118784.0,25.8453426361084,0.03705001622438431,1.1273345947265625,5.002391338348389,7.016517429292435e-07,0.0,0.015986213460564613,1390,1337,1306,1242,1229,1159,1111,1050,936,908,1022,1326,1466,1447,1384,1386,1352,1294,1245,1180,1167,1096,1065,970,952,889,813,735,704,622,510,472,396,313,221,123,10,0,0,0,0,0,0,0,0,0,109,349,489,504,590,670,704,733,776,925,1247,1402,1390,1341,1339,1294,1260,1176,1162,1087,1040,974,940,827,824,751,669,573,543,526,540,524,539,534,551,647,713,827,907,812,793,718,637,569,746,1196,1562,1567,1551,1531,1452,1434,1422,1406,1369,1323,1262,1246,1208,1165,1086,1005,982,920,861,745,711,617,617,911,1342,1551,1527,1564,1498,1483,1432,1376,1325,1337,1309,1256,1167,1150,1102,1036,1005,942,857,825,761,715,616,512,424,378,320,295,298,252,206,175,170,90,40,21,111,141,217,332,410,295,263,167,168,255,490,958,1384,1501,1496,1466,1385,1401,1341,1326,1280,1194,1193,1144,1096,1020,955,875,839,746,761,1016,1262,1418,1399,1390,1354,1307,1245,1228,1192,1131,1070,999,973,907,845,748,717,684,569,469,415,319,217,235,219,233,332,538,810,1062,1184,1213,1095,1081,1007,927,892,839,894,1144,1209,1129,1083,1008,938,907,859,827,729,652,558,505,462,398,407,411,440,392,455,670,889,891,889,827,751,679,588,522,584,717,1064,1340,0.00244140625,0.21212996634051706,0.559632515903468,0.9992529940012729,0.6593677393798268,1.0460912703013927,0.7990859531963399,0.5763746001937761,0.7488120525547579,0.2492397191903215,0.3577112579374261,0.401216279035979,0.2635506810592915,0.07366414908455511,0.13884026417981035,0.14814488530981093,0.14214939822600595,0.3056656225000128,0.17721851649274864,0.2504059356912183,0.08217644330629463,0.12908737866486564,0.34987660003765075,0.0735605061924472,0.049149334110006326,0.20074714341274924,0.20042146144320785,0.0929018437033225,0.12935306676437036,0.12285295979928734,0.10783390440831402,0.09570810733204388,0.08812901697405061,0.08634160139438958,0.1044921875,0.07334628019775546,0.07856322406687018,0.05094999008103743,0.06715598143341482,0.09257276817307865,0.0166875073150733,0.05139725533961237,0.07674563556401758,0.0522803078684538,0.06468943422530936,0.014517645261053229,0.0126953125,0.056649043016692095,0.05097805912553979,0.011048543456039806,0.04014610310760638,0.035507146411519225,0.06823370144360712,0.025465634395322848,0.016016815885602272,0.004979511243742954,0.028721564784868637,0.04008667139018319,0.04026470337517247,0.01878455474772592,0.027361183058831836,0.03496584724603156,0.007437278423695223,0.021439939843847802,0.06419366574040936,0.019628663322501738,0.011134525635733769,0.020692988379313566,0.004979511243742954,0.003521046167445302,0.0166875073150733,0.0068359375,0.023457836229422487,0.011134525635733769,0.0224609375,0.01792730444402912,0.013101960805662831,0.015776850020901866,0.011759369705851851,0.01760523083722651,0.013028968812623373,0.023640075072090243,0.004026470337517247,0.009618025197066508,0.004367320268554277,0.013028968812623373,0.014874556847390447,0.0048828125,0.009959022487485907,0.013566839833447074,0.02231183527108567,0.0048828125,0.0013810679320049757,0.021484375,0.009765625,0.012236293052872722,0.023478154844084585,0.003521046167445302,0.007042092334890604,0.011759369705851851,0.0048828125,0.0009765625,0.005258950006967289,0.006253051013118016,0.005940197783494355,0.001953125,0.006905339660024878,0.004367320268554277,0.006905339660024878,0.004026470337517247,0.0013810679320049757,0.0041432037960149265,0.007437278423695223,0.014517645261053229,0.0021836601342771385,0.0029296875,0.018657200365764452,0.011759369705851851,0.004367320268554277,0.0021836601342771385,0.007437278423695223,0.0048828125,0.01680141653719263,0.004026470337517247,0.0021836601342771385,0.015254393898255184,0.007437278423695223,0.009003461384075085,0.0068359375,1,1,1.0
4.296875,3.0720479488372803,5.0,0.08164575695991516,23.5579891204834,1.171875,29.23870086669922,3.004318952560425,1.953125,0.8809589147567749,0.20712566375732422,44985.0,1147464.0,27199092736.0,25.507701873779297,0.03739533573389053,1.0959436893463135,4.988955497741699,4.3416307562438305e-06,0.0,0.016043556854128838,1589,1597,1561,1549,1527,1438,1466,1432,1390,1337,1306,1242,1229,1159,1111,1050,936,908,1022,1326,1466,1447,1384,1386,1352,1294,1245,1180,1167,1096,1065,970,952,889,813,735,704,622,510,472,396,313,221,123,10,0,0,0,0,0,0,0,0,0,109,349,489,504,590,670,704,733,776,925,1247,1402,1390,1341,1339,1294,1260,1176,1162,1087,1040,974,940,827,824,751,669,573,543,526,540,524,539,534,551,647,713,827,907,812,793,718,637,569,746,1196,1562,1567,1551,1531,1452,1434,1422,1406,1369,1323,1262,1246,1208,1165,1086,1005,982,920,861,745,711,617,617,911,1342,1551,1527,1564,1498,1483,1432,1376,1325,1337,1309,1256,1167,1150,1102,1036,1005,942,857,825,761,715,616,512,424,378,320,295,298,252,206,175,170,90,40,21,111,141,217,332,410,295,263,167,168,255,490,958,1384,1501,1496,1466,1385,1401,1341,1326,1280,1194,1193,1144,1096,1020,955,875,839,746,761,1016,1262,1418,1399,1390,1354,1307,1245,1228,1192,1131,1070,999,973,907,845,748,717,684,569,469,415,319,217,235,219,233,332,538,810,1062,1184,1213,1095,1081,1007,927,892,839,894,1144,1209,1129,1083,1008,938,907,859,827,729,652,558,505,462,398,407,411,440,392,455,670,889,891,889,827,0.00146484375,0.046915672458844974,0.6885153468685612,1.0575053683385922,0.8561245568823339,0.8785008830813473,0.6683284393410408,0.5700398668769594,0.8866800308176458,0.42465537066884085,0.47390757977166714,0.23059492375129007,0.4178786136015654,0.19698986759366663,0.12360365103356828,0.23328400044950073,0.20737184542601395,0.17627967530541133,0.04999580365691486,0.14517645261053228,0.08355746328371964,0.19715198227197597,0.3124786369651057,0.08106057019315287,0.046925835065367044,0.1712190073745556,0.13884026417981035,0.14726679065354326,0.15135143567233886,0.14562573870688444,0.06858917846739404,0.1026459636208665,0.07033962150534807,0.08813442747944135,0.0929788023058087,0.06501295694177046,0.08067139229712258,0.05111817315743125,0.06967210539741003,0.08865767713977347,0.007437278423695223,0.04723979149393681,0.05694288959809864,0.06115807934316866,0.0474110784919467,0.026654968874914416,0.019555648822754675,0.04323426488511456,0.024492062898407135,0.02847144479904932,0.016370170521718956,0.05991352207100768,0.07256194526664032,0.03869455616437295,0.01953125,0.0318844291353799,0.04026470337517247,0.017953883116064683,0.016716057391234072,0.03477440198196261,0.030508787796510367,0.045908825287277966,0.021506558149946522,0.0224609375,0.07794167945013639,0.02751758360079174,0.01886055460530075,0.03126525506559008,0.012352647110032733,0.011920464468489943,0.02489755621871477,0.009959022487485907,0.031035641761856844,0.01441877251975918,0.037186392118476116,0.013706707859002147,0.029378142493147116,0.033203125,0.029378142493147116,0.0009765625,0.007042092334890604,0.009765625,0.02003738723504218,0.0170549308560283,0.022140203220223895,0.003521046167445302,0.022482157096135425,0.014874556847390447,0.009814331661250869,0.0185803687406645,0.015440808887540914,0.009212872199274027,0.01313830473347042,0.012352647110032733,0.01878455474772592,0.021417687694786434,0.02751758360079174,0.010918300671385692,0.014778072217208551,0.01708286687942959,0.012732817197661424,0.008843149548962322,0.014218964627501012,0.010054326309557618,0.013601941676937616,0.014680953494504793,0.01179984958358845,0.009814331661250869,0.01528562093993997,0.01188039556698871,0.014938533731228863,0.014517645261053229,0.019186408891004394,0.012506102026236032,0.01878455474772592,0.016716057391234072,0.03032065370363286,0.009618025197066508,0.014084184669781208,0.013982247132105814,0.005940197783494355,0.0087890625,0.015440808887540914,0.009765625,0.013282686043686957,0.004979511243742954,0.017686299097924643,0.016253239235442616,0.001953125,1,1,1.0
3.90625,3.280702590942383,6.0,0.06586911529302597,25.313499450683594,3.125,24.259252548217773,2.9555137157440186,1.171875,0.8986307978630066,0.21444831788539886,48222.0,1172641.0,29200193536.0,24.31755256652832,0.03550006076693535,1.4224313497543335,4.531949996948242,1.458087808714481e-06,0.0,0.02698059193789959,1130,1450,1625,1656,1693,1672,1674,1627,1589,1597,1561,1549,1527,1438,1466,1432,1390,1337,1306,1242,1229,1159,1111,1050,936,908,1022,1326,1466,1447,1384,1386,1352,1294,1245,1180,1167,1096,1065,970,952,889,813,735,704,622,510,472,396,313,221,123,10,0,0,0,0,0,0,0,0,0,109,349,489,504,590,670,704,733,776,925,1247,1402,1390,1341,1339,1294,1260,1176,1162,1087,1040,974,940,827,824,751,669,573,543,526,540,524,539,534,551,647,713,827,907,812,793,718,637,569,746,1196,1562,1567,1551,1531,1452,1434,1422,1406,1369,1323,1262,1246,1208,1165,1086,1005,982,920,861,745,711,617,617,911,1342,1551,1527,1564,1498,1483,1432,1376,1325,1337,1309,1256,1167,1150,1102,1036,1005,942,857,825,761,715,616,512,424,378,320,295,298,252,206,175,170,90,40,21,111,141,217,332,410,295,263,167,168,255,490,958,1384,1501,1496,1466,1385,1401,1341,1326,1280,1194,1193,1144,1096,1020,955,875,839,746,761,1016,1262,1418,1399,1390,1354,1307,1245,1228,1192,1131,1070,999,973,907,845,748,717,684,569,469,415,319,217,235,219,233,332,538,810,1062,1184,1213,1095,1081,1007,927,892,839,894,1144,1209,1129,1083,1008,938,907,859,827,729,652,558,505,462,398,407,411,0.00341796875,0.2068930110409197,0.8750544939783126,1.0440768523886772,1.0015285254085533,0.698586972348161,0.4827667115853592,0.7556801911321556,0.8049114619309701,0.4125511368930618,0.5697980676973731,0.33982410593369156,0.29817797176223176,0.07647800064410373,0.20020483971232633,0.09932653624899368,0.16937659456410384,0.3079657623285445,0.1795733545397104,0.26562679514558846,0.04281310589215424,0.20668547924104771,0.26171328410803546,0.024705294220065465,0.06463781540380044,0.0955734932004636,0.18278422340743786,0.19755789379046787,0.13431196286682964,0.2016548359240673,0.029313146523053973,0.10580278411259583,0.06583653824485615,0.09847798801526743,0.07170921777611648,0.04372776011179318,0.09610585702440061,0.06300152779800512,0.06361913076133723,0.09073626823677045,0.014517645261053229,0.046875,0.04226383790699688,0.06074344351595307,0.024705294220065465,0.04848512338791566,0.0412127887617367,0.07144941298375135,0.030162978928672854,0.022482157096135425,0.04794116292434991,0.03149319432929121,0.048100040453221686,0.04138597675862713,0.014906579611790769,0.0041432037960149265,0.025781989809461104,0.046895340638839725,0.04688517142249142,0.009618025197066508,0.037314400731528904,0.022269051271467537,0.004979511243742954,0.015655487833868553,0.06055474999190428,0.006905339660024878,0.005258950006967289,0.014874556847390447,0.006905339660024878,0.009003461384075085,0.013810679320049757,0.011134525635733769,0.0205078125,0.014938533731228863,0.023047702580480365,0.013982247132105814,0.016016815885602272,0.01800692276815017,0.01516032685181643,0.014517645261053229,0.009264485332524549,0.02231183527108567,0.004979511243742954,0.009003461384075085,0.007437278423695223,0.010786485368346935,0.011388577919619728,0.0,0.006905339660024878,0.007627196949127592,0.017686299097924643,0.009814331661250869,0.0068359375,0.02157297073669387,0.007042092334890604,0.01179984958358845,0.01875915303935405,0.0013810679320049757,0.005694288959809864,0.012506102026236032,0.003521046167445302,0.003088161777508183,0.00390625,0.003088161777508183,0.003521046167445302,0.005694288959809864,0.0013810679320049757,0.0013810679320049757,0.0048828125,0.001953125,0.004367320268554277,0.0021836601342771385,0.010381001770248682,0.013706707859002147,0.006176323555016366,0.004026470337517247,0.020132351687586234,0.011134525635733769,0.006176323555016366,0.005258950006967289,0.005859375,0.003088161777508183,0.013810679320049757,0.007109482313750506,0.0021836601342771385,0.01760523083722651,0.004979511243742954,0.009264485332524549,0.0087890625,1,1,1.0
3.90625,2.9138128757476807,6.0,0.06614191830158234,23.565494537353516,1.5625,23.496931076049805,2.828524351119995,1.171875,0.8958430290222168,0.21982203423976898,50669.0,1143049.0,31843280896.0,22.559139251708984,0.038015030324459076,1.0867716073989868,4.489294528961182,7.555146567028714e-06,0.0,0.013243602588772774,829,794,682,591,538,395,383,646,1130,1450,1625,1656,1693,1672,1674,1627,1589,1597,1561,1549,1527,1438,1466,1432,1390,1337,1306,1242,1229,1159,1111,1050,936,908,1022,1326,1466,1447,1384,1386,1352,1294,1245,1180,1167,1096,1065,970,952,889,813,735,704,622,510,472,396,313,221,123,10,0,0,0,0,0,0,0,0,0,109,349,489,504,590,670,704,733,776,925,1247,1402,1390,1341,1339,1294,1260,1176,1162,1087,1040,974,940,827,824,751,669,573,543,526,540,524,539,534,551,647,713,827,907,812,793,718,637,569,746,1196,1562,1567,1551,1531,1452,1434,1422,1406,1369,1323,1262,1246,1208,1165,1086,1005,982,920,861,745,711,617,617,911,1342,1551,1527,1564,1498,1483,1432,1376,1325,1337,1309,1256,1167,1150,1102,1036,1005,942,857,825,761,715,616,512,424,378,320,295,298,252,206,175,170,90,40,21,111,141,217,332,410,295,263,167,168,255,490,958,1384,1501,1496,1466,1385,1401,1341,1326,1280,1194,1193,1144,1096,1020,955,875,839,746,761,1016,1262,1418,1399,1390,1354,1307,1245,1228,1192,1131,1070,999,973,907,845,748,717,684,569,469,415,319,217,235,219,233,332,538,810,1062,1184,1213,1095,1081,1007,927,892,839,894,1144,1209,1129,1083,1008,938,907,859,827,0.00390625,0.22307560563647053,0.8913811936731008,1.033384483876216,1.0022790687248757,0.6983268633097395,0.48485123387915663,0.7572296103159581,0.79137301436413,0.39838483873803243,0.5536549588656843,0.33491965170127463,0.302809970400296,0.07950442358221727,0.18863841010797988,0.10804153660890102,0.17596561512147232,0.2992889242328507,0.17204415060762973,0.25782914541435703,0.048563737340454514,0.19295698740086198,0.2726026597137449,0.0234375,0.06750300647963069,0.09173971791042937,0.19457869965987573,0.2049618345880406,0.13342145550862147,0.2119950522079337,0.023047702580480365,0.11336961128189084,0.06177095547214246,0.10687895471941172,0.06426048389203946,0.040465526084180976,0.101157923145145,0.06886670004790618,0.0673828125,0.08843149548962322,0.016164985700436375,0.04433421665162565,0.04207160005573831,0.05765028180916188,0.024705294220065465,0.04752158226795484,0.03965613379735733,0.07139600283763375,0.031158312760827766,0.0208765218031562,0.04632242666262274,0.03102027377786834,0.0492656181860525,0.04145504936873266,0.01516032685181643,0.005694288959809864,0.024492062898407135,0.04789140560640324,0.04789140560640324,0.008400708268596315,0.04005097002814429,0.021035800027869155,0.006905339660024878,0.013282686043686957,0.06348407407478518,0.007627196949127592,0.0021836601342771385,0.01680141653719263,0.005258950006967289,0.005940197783494355,0.013810679320049757,0.010563138502335907,0.019555648822754675,0.017469281074217108,0.023640075072090243,0.012732817197661424,0.015625,0.01680141653719263,0.01313830473347042,0.016716057391234072,0.011430371006562134,0.023212625632821705,0.006253051013118016,0.011430371006562134,0.008052940675034493,0.01242961138804478,0.009264485332524549,0.0013810679320049757,0.005524271728019903,0.006905339660024878,0.01708286687942959,0.009765625,0.005694288959809864,0.020531050821902968,0.0078125,0.011048543456039806,0.020132351687586234,0.0021836601342771385,0.006905339660024878,0.013706707859002147,0.0021836601342771385,0.004026470337517247,0.003521046167445302,0.0027621358640099515,0.0027621358640099515,0.005258950006967289,0.001953125,0.0021836601342771385,0.0048828125,0.0,0.003521046167445302,0.003521046167445302,0.00966747552403483,0.01284467425582608,0.007627196949127592,0.005258950006967289,0.020108652619115236,0.011430371006562134,0.005524271728019903,0.004367320268554277,0.005940197783494355,0.003521046167445302,0.013566839833447074,0.0065509804028314154,0.001953125,0.017469281074217108,0.004367320268554277,0.008734640537108554,0.009765625,1,1,1.0
3.90625,2.951072931289673,6.0,0.06459622085094452,22.076608657836914,1.5625,23.378395080566406,2.8293778896331787,1.171875,0.8948690891265869,0.21929210424423218,50425.0,1119757.0,31528779776.0,22.20638656616211,0.040534716099500656,1.0630325078964233,4.487934112548828,9.9156886790297e-06,0.0,0.01322859711945057,1271,1212,1167,1102,1088,1016,969,863,829,794,682,591,538,395,383,646,1130,1450,1625,1656,1693,1672,1674,1627,1589,1597,1561,1549,1527,1438,1466,1432,1390,1337,1306,1242,1229,1159,1111,1050,936,908,1022,1326,1466,1447,1384,1386,1352,1294,1245,1180,1167,1096,1065,970,952,889,813,735,704,622,510,472,396,313,221,123,10,0,0,0,0,0,0,0,0,0,109,349,489,504,590,670,704,733,776,925,1247,1402,1390,1341,1339,1294,1260,1176,1162,1087,1040,974,940,827,824,751,669,573,543,526,540,524,539,534,551,647,713,827,907,812,793,718,637,569,746,1196,1562,1567,1551,1531,1452,1434,1422,1406,1369,1323,1262,1246,1208,1165,1086,1005,982,920,861,745,711,617,617,911,1342,1551,1527,1564,1498,1483,1432,1376,1325,1337,1309,1256,1167,1150,1102,1036,1005,942,857,825,761,715,616,512,424,378,320,295,298,252,206,175,170,90,40,21,111,141,217,332,410,295,263,167,168,255,490,958,1384,1501,1496,1466,1385,1401,1341,1326,1280,1194,1193,1144,1096,1020,955,875,839,746,761,1016,1262,1418,1399,1390,1354,1307,1245,1228,1192,1131,1070,999,973,907,845,748,717,684,569,469,415,319,217,235,219,233,332,538,810,1062,1184,1213,1095,1081,1007,927,892,839,894,1144,0.00146484375,0.24917466302839159,0.9140958861424221,1.0101626886456152,0.9870167962435566,0.7175049986980845,0.5053434944909417,0.736473817855874,0.8018315568247607,0.40459869470843035,0.5572031491532236,0.3178167106176948,0.31822154800277314,0.09203551096354229,0.20699900250033287,0.09198368624466106,0.17621744923957985,0.31122941159708284,0.18133847938042247,0.26404957034266224,0.04226383790699688,0.2005403847678855,0.267578125,0.01878455474772592,0.06186351939340568,0.09658099444906089,0.19275918925307792,0.20167848074280648,0.13105599733883438,0.21064115830198232,0.024647323172117114,0.1114522676807942,0.0634765625,0.10300304252797357,0.0670707220066124,0.04007477447008436,0.10024403359787881,0.06701382212616314,0.06129826104091881,0.09542869614200584,0.021417687694786434,0.05139725533961237,0.0332174831087792,0.06289547729728366,0.01680141653719263,0.05531172757229022,0.044804959949040865,0.07567571783616943,0.036916129241085546,0.013982247132105814,0.04263453115809194,0.03582800064032059,0.052734375,0.041524007080994726,0.010918300671385692,0.010563138502335907,0.020692988379313566,0.049957638915736964,0.051794650805375465,0.007042092334890604,0.04212823166039647,0.01878455474772592,0.0087890625,0.01179984958358845,0.06451967444983957,0.00966747552403483,0.0048828125,0.013706707859002147,0.007873298582322802,0.009264485332524549,0.016016815885602272,0.008734640537108554,0.023518739411703703,0.014517645261053229,0.027964494264211628,0.0087890625,0.018961413905222265,0.017820593350483065,0.012732817197661424,0.021484375,0.016105881350068987,0.024158822025103478,0.009765625,0.015191747252054731,0.011388577919619728,0.0087890625,0.012732817197661424,0.0021836601342771385,0.007873298582322802,0.007437278423695223,0.018657200365764452,0.012352647110032733,0.009264485332524549,0.018347943582085875,0.011430371006562134,0.013601941676937616,0.02417855156863271,0.005694288959809864,0.0107421875,0.017304731588544287,0.005524271728019903,0.0078125,0.003521046167445302,0.008843149548962322,0.007873298582322802,0.007627196949127592,0.005940197783494355,0.006176323555016366,0.008400708268596315,0.0068359375,0.007042092334890604,0.0029296875,0.008843149548962322,0.013810679320049757,0.005694288959809864,0.0065509804028314154,0.019773883526676354,0.011759369705851851,0.008052940675034493,0.006905339660024878,0.0048828125,0.005940197783494355,0.01800692276815017,0.008052940675034493,0.00390625,0.019186408891004394,0.0048828125,0.00966747552403483,0.0087890625,1,1,1.0
3.90625,3.044097423553467,6.0,0.06739811599254608,21.96078872680664,1.5625,22.163240432739258,2.8552451133728027,1.171875,0.8919847011566162,0.2199629843235016,50734.0,1069997.0,30968788992.0,21.090333938598633,0.04061715677380562,1.0474506616592407,4.3794097900390625,1.385883138027566e-06,0.0,0.017552567645907402,1529,1511,1456,1418,1373,1375,1354,1308,1271,1212,1167,1102,1088,1016,969,863,829,794,682,591,538,395,383,646,1130,1450,1625,1656,1693,1672,1674,1627,1589,1597,1561,1549,1527,1438,1466,1432,1390,1337,1306,1242,1229,1159,1111,1050,936,908,1022,1326,1466,1447,1384,1386,1352,1294,1245,1180,1167,1096,1065,970,952,889,813,735,704,622,510,472,396,313,221,123,10,0,0,0,0,0,0,0,0,0,109,349,489,504,590,670,704,733,776,925,1247,1402,1390,1341,1339,1294,1260,1176,1162,1087,1040,974,940,827,824,751,669,573,543,526,540,524,539,534,551,647,713,827,907,812,793,718,637,569,746,1196,1562,1567,1551,1531,1452,1434,1422,1406,1369,1323,1262,1246,1208,1165,1086,1005,982,920,861,745,711,617,617,911,1342,1551,1527,1564,1498,1483,1432,1376,1325,1337,1309,1256,1167,1150,1102,1036,1005,942,857,825,761,715,616,512,424,378,320,295,298,252,206,175,170,90,40,21,111,141,217,332,410,295,263,167,168,255,490,958,1384,1501,1496,1466,1385,1401,1341,1326,1280,1194,1193,1144,1096,1020,955,875,839,746,761,1016,1262,1418,1399,1390,1354,1307,1245,1228,1192,1131,1070,999,973,907,845,748,717,684,569,469,415,319,217,235,219,233,332,538,810,1062,1184,1213,0.00146484375,0.35330514279554615,0.989080897155619,0.9046242700067547,0.881610964173472,0.8193778389911367,0.5890283063683145,0.6720140889825269,0.8936053819294517,0.4916601837937713,0.6411525136153894,0.400390625,0.23156683584419127,0.012236293052872722,0.1408858529000101,0.16794603770863797,0.17933155131725026,0.266522853537027,0.16657763328297184,0.27010384152225253,0.09713238395204264,0.21086741095399594,0.2428559952396237,0.0616473207112759,0.08734640537108554,0.09642287545310257,0.16376286346928645,0.18134636783501654,0.12306237501580754,0.2014703111003773,0.03936649291161401,0.10274347185247723,0.07214675612212453,0.1022083580824683,0.06738988866830514,0.03521046167445302,0.1055094322580221,0.07288323498845817,0.05417061815765103,0.10332197393512942,0.03712222228271135,0.05101546049456632,0.03984805813106087,0.04574233761183738,0.03648738611771368,0.03869455616437295,0.020716018980074635,0.05198762364924283,0.0146484375,0.034637007521422264,0.05504383074625763,0.03155370004180373,0.042979845868487083,0.0412127887617367,0.024954945974962183,0.0087890625,0.03384320986555363,0.03516981075267404,0.0400390625,0.01878455474772592,0.03485657870620068,0.02231183527108567,0.013982247132105814,0.014906579611790769,0.06448271101257491,0.006905339660024878,0.0029296875,0.016630260122975003,0.005258950006967289,0.009814331661250869,0.0205078125,0.006176323555016366,0.022714264354712906,0.023212625632821705,0.02681548870653512,0.0166875073150733,0.009765625,0.0078125,0.010381001770248682,0.014517645261053229,0.006253051013118016,0.0166015625,0.006905339660024878,0.0048828125,0.003088161777508183,0.021417687694786434,0.0021836601342771385,0.01019561182510796,0.006253051013118016,0.010563138502335907,0.01516032685181643,0.003088161777508183,0.0,0.024492062898407135,0.0041432037960149265,0.011134525635733769,0.01953125,0.0009765625,0.0065509804028314154,0.012732817197661424,0.0041432037960149265,0.003521046167445302,0.003521046167445302,0.004367320268554277,0.005694288959809864,0.008052940675034493,0.0013810679320049757,0.0048828125,0.0021836601342771385,0.003088161777508183,0.003088161777508183,0.0048828125,0.011759369705851851,0.014906579611790769,0.0065509804028314154,0.003088161777508183,0.016253239235442616,0.015625,0.01171875,0.01019561182510796,0.0013810679320049757,0.00390625,0.017578125,0.0041432037960149265,0.0013810679320049757,0.020132351687586234,0.0021836601342771385,0.009003461384075085,0.0107421875,1,1,1.0
3.90625,2.8633573055267334,7.0,0.05988296493887901,26.34569549560547,1.171875,18.455663681030273,2.8172898292541504,0.78125,0.9057380557060242,0.2243225872516632,52765.0,1025802.0,31047168000.0,19.440956115722656,0.03437897562980652,1.195438265800476,3.998671293258667,1.3325586678547552e-06,0.0,0.012673323042690754,894,1016,954,876,874,938,1208,1504,1529,1511,1456,1418,1373,1375,1354,1308,1271,1212,1167,1102,1088,1016,969,863,829,794,682,591,538,395,383,646,1130,1450,1625,1656,1693,1672,1674,1627,1589,1597,1561,1549,1527,1438,1466,1432,1390,1337,1306,1242,1229,1159,1111,1050,936,908,1022,1326,1466,1447,1384,1386,1352,1294,1245,1180,1167,1096,1065,970,952,889,813,735,704,622,510,472,396,313,221,123,10,0,0,0,0,0,0,0,0,0,109,349,489,504,590,670,704,733,776,925,1247,1402,1390,1341,1339,1294,1260,1176,1162,1087,1040,974,940,827,824,751,669,573,543,526,540,524,539,534,551,647,713,827,907,812,793,718,637,569,746,1196,1562,1567,1551,1531,1452,1434,1422,1406,1369,1323,1262,1246,1208,1165,1086,1005,982,920,861,745,711,617,617,911,1342,1551,1527,1564,1498,1483,1432,1376,1325,1337,1309,1256,1167,1150,1102,1036,1005,942,857,825,761,715,616,512,424,378,320,295,298,252,206,175,170,90,40,21,111,141,217,332,410,295,263,167,168,255,490,958,1384,1501,1496,1466,1385,1401,1341,1326,1280,1194,1193,1144,1096,1020,955,875,839,746,761,1016,1262,1418,1399,1390,1354,1307,1245,1228,1192,1131,1070,999,973,907,845,748,717,684,569,469,415,319,217,235,0.00244140625,0.4334496610952802,1.0178128665481858,0.8521004473794838,0.822947891866217,0.834975214607469,0.5529051607837361,0.7497812587916267,0.8377756604550985,0.4201806978523124,0.5587934657179713,0.34860545673487675,0.31007512566655343,0.09015105392847086,0.2171155632045859,0.10855668347841155,0.11818020292658805,0.24544573039143056,0.09692106074843364,0.19617485405693008,0.12903934889967913,0.16640006040425304,0.2760063484678047,0.12775065000484404,0.15440808887540916,0.1195082698498309,0.1065840910128301,0.12100314780940682,0.07509378291782987,0.2388648718458893,0.07200782775713194,0.1511402027948848,0.03917220921900699,0.1343864968283092,0.09928812320056919,0.08273161770960155,0.0778437319663267,0.06825466310549434,0.023940723969006372,0.13896727998786823,0.07362530009754205,0.06426048389203946,0.0683872710937953,0.016630260122975003,0.06146140225609204,0.01516032685181643,0.028185292362620726,0.06207896513794069,0.0244140625,0.03250647847088523,0.05527723319564416,0.026565372087373914,0.04769185721513586,0.04225255400934363,0.021417687694786434,0.005694288959809864,0.03496584724603156,0.03625138904935661,0.03792282781044453,0.02229045353615884,0.03538607603904968,0.019773883526676354,0.016105881350068987,0.009264485332524549,0.06652104049190001,0.011388577919619728,0.010517900013934578,0.012079411012551739,0.015191747252054731,0.019384212149686726,0.028985980624327792,0.01516032685181643,0.020320949264340638,0.03155370004180373,0.019628663322501738,0.024724587697601882,0.006905339660024878,0.01875915303935405,0.016630260122975003,0.013601941676937616,0.009618025197066508,0.02161713244255728,0.0068359375,0.008052940675034493,0.004026470337517247,0.019384212149686726,0.007042092334890604,0.012732817197661424,0.010381001770248682,0.01284467425582608,0.015191747252054731,0.0,0.003088161777508183,0.026565372087373914,0.007627196949127592,0.014938533731228863,0.02417855156863271,0.0065509804028314154,0.011134525635733769,0.014084184669781208,0.01284467425582608,0.008052940675034493,0.0126953125,0.007109482313750506,0.007873298582322802,0.010381001770248682,0.009814331661250869,0.007109482313750506,0.013706707859002147,0.009765625,0.0126953125,0.007437278423695223,0.010918300671385692,0.013671875,0.01019561182510796,0.010918300671385692,0.025353037081537442,0.0087890625,0.0065509804028314154,0.010563138502335907,0.009212872199274027,0.005859375,0.01800692276815017,0.004026470337517247,0.007109482313750506,0.024705294220065465,0.004979511243742954,0.013101960805662831,0.0068359375,1,1,1.0
3.90625,3.166249990463257,6.0,0.0586756132543087,23.26627540588379,1.171875,19.9798526763916,2.8516221046447754,0.78125,0.9025329351425171,0.22017964720726013,50834.0,1086265.0,28821700608.0,21.368867874145508,0.0387914665043354,1.4267710447311401,4.123064994812012,3.842138994514244e-06,0.0,0.0212533138692379,697,617,512,495,471,507,524,760,894,1016,954,876,874,938,1208,1504,1529,1511,1456,1418,1373,1375,1354,1308,1271,1212,1167,1102,1088,1016,969,863,829,794,682,591,538,395,383,646,1130,1450,1625,1656,1693,1672,1674,1627,1589,1597,1561,1549,1527,1438,1466,1432,1390,1337,1306,1242,1229,1159,1111,1050,936,908,1022,1326,1466,1447,1384,1386,1352,1294,1245,1180,1167,1096,1065,970,952,889,813,735,704,622,510,472,396,313,221,123,10,0,0,0,0,0,0,0,0,0,109,349,489,504,590,670,704,733,776,925,1247,1402,1390,1341,1339,1294,1260,1176,1162,1087,1040,974,940,827,824,751,669,573,543,526,540,524,539,534,551,647,713,827,907,812,793,718,637,569,746,1196,1562,1567,1551,1531,1452,1434,1422,1406,1369,1323,1262,1246,1208,1165,1086,1005,982,920,861,745,711,617,617,911,1342,1551,1527,1564,1498,1483,1432,1376,1325,1337,1309,1256,1167,1150,1102,1036,1005,942,857,825,761,715,616,512,424,378,320,295,298,252,206,175,170,90,40,21,111,141,217,332,410,295,263,167,168,255,490,958,1384,1501,1496,1466,1385,1401,1341,1326,1280,1194,1193,1144,1096,1020,955,875,839,746,761,1016,1262,1418,1399,1390,1354,1307,1245,1228,1192,1131,1070,999,973,907,845,748,0.00146484375,0.44569995822165953,1.0218526201976414,0.8463422725526418,0.8157126660935751,0.8336326697290305,0.5444920529853123,0.7640152181338007,0.8246056972694515,0.4056979610144585,0.5448107315530156,0.33352433136767967,0.32450688439165376,0.10062859380713596,0.2305887200990414,0.11720377491154295,0.10164697508507231,0.22917406474800983,0.08434696438159837,0.19766647855203992,0.14298222379303233,0.18239772073091273,0.25905425680963323,0.12927931928587624,0.14725707659207862,0.1298497667077708,0.12341061069862597,0.12598034756910623,0.0733722802978978,0.23892874372933476,0.05281569251167953,0.1410752611519186,0.0385216463346016,0.118369688082045,0.08955669154773731,0.06577857077753481,0.0866888321139537,0.06508626055840482,0.031035641761856844,0.12712578403227376,0.06071988889339771,0.06408214733016765,0.054635159104294395,0.029313146523053973,0.05709342180563854,0.01953125,0.01708286687942959,0.050753072110102666,0.015440808887540914,0.04226383790699688,0.06481462307048874,0.018425744398548053,0.05503516720158348,0.0341098617120566,0.015440808887540914,0.0029296875,0.0285216442705278,0.040653629485348924,0.04367320268554277,0.014680953494504793,0.0363433477850164,0.020899350155305366,0.008400708268596315,0.01528562093993997,0.06055474999190428,0.005524271728019903,0.0078125,0.018961413905222265,0.00834375365753665,0.01171875,0.021439939843847802,0.011388577919619728,0.0192608231673008,0.02458921545315268,0.025202124805788945,0.017387200990981306,0.009212872199274027,0.009264485332524549,0.0107421875,0.012352647110032733,0.003521046167445302,0.020320949264340638,0.005258950006967289,0.009618025197066508,0.005694288959809864,0.017820593350483065,0.003521046167445302,0.006253051013118016,0.00390625,0.007873298582322802,0.013879560940968648,0.007627196949127592,0.004979511243742954,0.021126277004671814,0.005694288959809864,0.007873298582322802,0.021836601342771385,0.004979511243742954,0.0041432037960149265,0.010054326309557618,0.007109482313750506,0.001953125,0.0065509804028314154,0.0013810679320049757,0.003088161777508183,0.006905339660024878,0.003088161777508183,0.001953125,0.008400708268596315,0.0041432037960149265,0.007109482313750506,0.003521046167445302,0.01019561182510796,0.013566839833447074,0.00390625,0.005694288959809864,0.021035800027869155,0.009618025197066508,0.006253051013118016,0.007042092334890604,0.006253051013118016,0.0021836601342771385,0.015440808887540914,0.0013810679320049757,0.00390625,0.0208765218031562,0.0009765625,0.009618025197066508,0.009765625,1,1,1.0
3.90625,2.9691989421844482,6.0,0.05897848308086395,25.180028915405273,1.171875,20.350324630737305,2.785672664642334,0.78125,0.9050772786140442,0.21902447938919067,50302.0,1094905.0,28545632256.0,21.766630172729492,0.03594424948096275,1.4577547311782837,4.155575752258301,1.3977930848341202e-06,0.0,0.014048383571207523,1180,1116,1062,990,968,890,796,762,697,617,512,495,471,507,524,760,894,1016,954,876,874,938,1208,1504,1529,1511,1456,1418,1373,1375,1354,1308,1271,1212,1167,1102,1088,1016,969,863,829,794,682,591,538,395,383,646,1130,1450,1625,1656,1693,1672,1674,1627,1589,1597,1561,1549,1527,1438,1466,1432,1390,1337,1306,1242,1229,1159,1111,1050,936,908,1022,1326,1466,1447,1384,1386,1352,1294,1245,1180,1167,1096,1065,970,952,889,813,735,704,622,510,472,396,313,221,123,10,0,0,0,0,0,0,0,0,0,109,349,489,504,590,670,704,733,776,925,1247,1402,1390,1341,1339,1294,1260,1176,1162,1087,1040,974,940,827,824,751,669,573,543,526,540,524,539,534,551,647,713,827,907,812,793,718,637,569,746,1196,1562,1567,1551,1531,1452,1434,1422,1406,1369,1323,1262,1246,1208,1165,1086,1005,982,920,861,745,711,617,617,911,1342,1551,1527,1564,1498,1483,1432,1376,1325,1337,1309,1256,1167,1150,1102,1036,1005,942,857,825,761,715,616,512,424,378,320,295,298,252,206,175,170,90,40,21,111,141,217,332,410,295,263,167,168,255,490,958,1384,1501,1496,1466,1385,1401,1341,1326,1280,1194,1193,1144,1096,1020,955,875,839,746,761,1016,1262,1418,1399,1390,1354,1307,1245,1228,0.0029296875,0.44220276930902447,1.0238013166856952,0.8436098335543104,0.8136459485637828,0.8382075495109365,0.5473717749257369,0.7664080916294133,0.8228488041061647,0.40258189440368547,0.5408225696278287,0.3306641201823635,0.32641446349317776,0.10098336231940404,0.23077682335907787,0.1187477513150578,0.10138393256441852,0.22884299800696636,0.08607610448992307,0.19819407513459386,0.14266171030246969,0.18271116398786577,0.25952504425621703,0.12933463383705707,0.14637039836683646,0.1297101472130807,0.1236229384880094,0.12785138944572766,0.0742444445654227,0.23714388198762404,0.05386164934819405,0.13936131979000946,0.03975221179110863,0.12097555976134317,0.08986497711193235,0.06869338044948818,0.08479802088317348,0.06649953236809851,0.03066468450802262,0.12650537025602226,0.060712035321756064,0.06083757080926766,0.054661335817017695,0.03192926313334339,0.05342609127574192,0.020899350155305366,0.014906579611790769,0.04841623146968961,0.013982247132105814,0.04325631755927754,0.06615445138453105,0.016630260122975003,0.055937513639139395,0.03356023491687418,0.0146484375,0.003521046167445302,0.028721564784868637,0.04144354526156825,0.043013116299893045,0.014517645261053229,0.03601384553630034,0.02161713244255728,0.009003461384075085,0.014938533731228863,0.0615234375,0.006176323555016366,0.007042092334890604,0.0166875073150733,0.010054326309557618,0.014084184669781208,0.023518739411703703,0.013282686043686957,0.016253239235442616,0.023518739411703703,0.02315091717017519,0.014874556847390447,0.011134525635733769,0.0065509804028314154,0.009814331661250869,0.013706707859002147,0.00390625,0.02161713244255728,0.005258950006967289,0.011134525635733769,0.007873298582322802,0.017953883116064683,0.0048828125,0.005694288959809864,0.004979511243742954,0.008052940675034493,0.013982247132105814,0.0078125,0.004367320268554277,0.021484375,0.006253051013118016,0.007873298582322802,0.020967686087484266,0.003521046167445302,0.005258950006967289,0.010563138502335907,0.007109482313750506,0.0027621358640099515,0.008286407592029853,0.0021836601342771385,0.003521046167445302,0.005940197783494355,0.004979511243742954,0.0009765625,0.007109482313750506,0.003088161777508183,0.004979511243742954,0.0029296875,0.011388577919619728,0.016016815885602272,0.0021836601342771385,0.005258950006967289,0.021439939843847802,0.00834375365753665,0.003521046167445302,0.006253051013118016,0.007627196949127592,0.003521046167445302,0.01589728573837862,0.0013810679320049757,0.004367320268554277,0.021417687694786434,0.0021836601342771385,0.009264485332524549,0.0107421875,1,1,1.0
3.90625,2.9734601974487305,6.0,0.059133388102054596,25.19059181213379,1.171875,20.455949783325195,2.7852563858032227,0.78125,0.9049427509307861,0.21898093819618225,50282.0,1099085.0,28594137088.0,21.85841941833496,0.03592383861541748,1.472814679145813,4.16561222076416,5.593411060544895e-06,0.0,0.0142974266782403,1468,1434,1391,1353,1339,1294,1261,1180,1180,1116,1062,990,968,890,796,762,697,617,512,495,471,507,524,760,894,1016,954,876,874,938,1208,1504,1529,1511,1456,1418,1373,1375,1354,1308,1271,1212,1167,1102,1088,1016,969,863,829,794,682,591,538,395,383,646,1130,1450,1625,1656,1693,1672,1674,1627,1589,1597,1561,1549,1527,1438,1466,1432,1390,1337,1306,1242,1229,1159,1111,1050,936,908,1022,1326,1466,1447,1384,1386,1352,1294,1245,1180,1167,1096,1065,970,952,889,813,735,704,622,510,472,396,313,221,123,10,0,0,0,0,0,0,0,0,0,109,349,489,504,590,670,704,733,776,925,1247,1402,1390,1341,1339,1294,1260,1176,1162,1087,1040,974,940,827,824,751,669,573,543,526,540,524,539,534,551,647,713,827,907,812,793,718,637,569,746,1196,1562,1567,1551,1531,1452,1434,1422,1406,1369,1323,1262,1246,1208,1165,1086,1005,982,920,861,745,711,617,617,911,1342,1551,1527,1564,1498,1483,1432,1376,1325,1337,1309,1256,1167,1150,1102,1036,1005,942,857,825,761,715,616,512,424,378,320,295,298,252,206,175,170,90,40,21,111,141,217,332,410,295,263,167,168,255,490,958,1384,1501,1496,1466,1385,1401,1341,1326,1280,1194,1193,1144,1096,1020,955,875,839,746,761,1016,0.00048828125,0.4520482391002456,1.0101947868531365,0.8623760189565159,0.8313214493641142,0.8346427802099774,0.5631252628372375,0.7548581769508563,0.8328841588322421,0.396041547657191,0.5230036973403158,0.31306254298902303,0.33849690459285636,0.09764160046370236,0.2191376656997156,0.12879152683796363,0.12068748002370691,0.24740011646511634,0.08882425130350892,0.17906013101072535,0.15581298749704373,0.18760423941631132,0.2485999002421172,0.13147375017418222,0.13033359859924118,0.12112918458369212,0.13074271852484032,0.13990770294818752,0.08399005249704891,0.23873108474338633,0.0720872481795335,0.1597657443841241,0.021506558149946522,0.10355707454340472,0.08976941558032342,0.04789140560640324,0.08802615418613255,0.049042498162069216,0.018165112536853784,0.1453733911400656,0.07952841043555599,0.06090807081840889,0.06783419916723538,0.03176456243611444,0.036604814089826784,0.038989189018900645,0.004979511243742954,0.03176456243611444,0.022032254243512652,0.05681714143667522,0.07229201376297557,0.025353037081537442,0.049032774260285905,0.047037478823407405,0.029313146523053973,0.015440808887540914,0.02489755621871477,0.047621817735299256,0.05417061815765103,0.011759369705851851,0.023619895746968406,0.03250647847088523,0.02231183527108567,0.0065509804028314154,0.06839424333942629,0.01727715430952552,0.01953125,0.029652786036501906,0.00834375365753665,0.0013810679320049757,0.01760523083722651,0.003521046167445302,0.02765586378614511,0.03623823303765522,0.013282686043686957,0.021417687694786434,0.0205078125,0.012732817197661424,0.006176323555016366,0.023047702580480365,0.01313830473347042,0.031310975667737106,0.011920464468489943,0.0192608231673008,0.010517900013934578,0.01727715430952552,0.009003461384075085,0.016164985700436375,0.006905339660024878,0.015254393898255184,0.020108652619115236,0.017469281074217108,0.012506102026236032,0.028117539157984314,0.003521046167445302,0.015655487833868553,0.023640075072090243,0.01171875,0.01242961138804478,0.003521046167445302,0.011388577919619728,0.006176323555016366,0.0009765625,0.008843149548962322,0.01171875,0.014938533731228863,0.012732817197661424,0.011134525635733769,0.0166015625,0.0126953125,0.006905339660024878,0.008843149548962322,0.016164985700436375,0.022798081113142094,0.006905339660024878,0.0126953125,0.02847144479904932,0.0021836601342771385,0.007873298582322802,0.013282686043686957,0.007873298582322802,0.006905339660024878,0.017820593350483065,0.005258950006967289,0.005694288959809864,0.022714264354712906,0.004979511243742954,0.015655487833868553,0.0048828125,1,1,1.0
3.90625,3.2655203342437744,6.0,0.05818880349397659,22.47110366821289,1.171875,19.759897232055664,2.847593307495117,0.78125,0.9016847610473633,0.2198762446641922,50694.0,1070065.0,28761544704.0,21.10831642150879,0.040126413106918335,1.3721983432769775,4.1161627769470215,1.5411067977311177e-07,0.0,0.021819159388542175,153,92,0,16,174,527,1040,1453,1468,1434,1391,1353,1339,1294,1261,1180,1180,1116,1062,990,968,890,796,762,697,617,512,495,471,507,524,760,894,1016,954,876,874,938,1208,1504,1529,1511,1456,1418,1373,1375,1354,1308,1271,1212,1167,1102,1088,1016,969,863,829,794,682,591,538,395,383,646,1130,1450,1625,1656,1693,1672,1674,1627,1589,1597,1561,1549,1527,1438,1466,1432,1390,1337,1306,1242,1229,1159,1111,1050,936,908,1022,1326,1466,1447,1384,1386,1352,1294,1245,1180,1167,1096,1065,970,952,889,813,735,704,622,510,472,396,313,221,123,10,0,0,0,0,0,0,0,0,0,109,349,489,504,590,670,704,733,776,925,1247,1402,1390,1341,1339,1294,1260,1176,1162,1087,1040,974,940,827,824,751,669,573,543,526,540,524,539,534,551,647,713,827,907,812,793,718,637,569,746,1196,1562,1567,1551,1531,1452,1434,1422,1406,1369,1323,1262,1246,1208,1165,1086,1005,982,920,861,745,711,617,617,911,1342,1551,1527,1564,1498,1483,1432,1376,1325,1337,1309,1256,1167,1150,1102,1036,1005,942,857,825,761,715,616,512,424,378,320,295,298,252,206,175,170,90,40,21,111,141,217,332,410,295,263,167,168,255,490,958,1384,1501,1496,1466,1385,1401,1341,1326,1280,1194,1193,1144,0.00390625,0.40947790818015767,1.1536328363081128,0.7088747386390394,0.7345937849380628,0.7723522857373385,0.4173705196043027,0.7260004966881264,0.9200488608280731,0.5453356194172317,0.5999782558315786,0.39245785821052354,0.46619277234720136,0.2334985239117055,0.3174083523377875,0.262925738275385,0.21976128197917144,0.34256192281027475,0.20250901943889207,0.1234994467286601,0.23246700585992103,0.2340899959859522,0.21079729860373642,0.17363325189764425,0.05097805912553979,0.08429041260562534,0.14465326880602986,0.15897585684336485,0.09789034442298178,0.30745748582661037,0.09981978389984873,0.18406325024385511,0.0684708911834301,0.0856095036872778,0.04306850990468739,0.07444968184588249,0.05281569251167953,0.059450122090720404,0.0234375,0.13388882001678962,0.06485139732767184,0.05633673867912483,0.061902046842736244,0.03126525506559008,0.03477440198196261,0.04501730692037543,0.01284467425582608,0.023840928936979887,0.03853402276747824,0.06528376919280574,0.06763708816766716,0.04999580365691486,0.021836601342771385,0.059498227389561786,0.04794116292434991,0.04074735555668958,0.009212872199274027,0.07720404443770458,0.035934315415965035,0.045658866123285,0.04143203796014927,0.014517645261053229,0.027361183058831836,0.030383494504109463,0.039257326645003476,0.015440808887540914,0.012079411012551739,0.009618025197066508,0.021945512748285382,0.027010384152225255,0.02883754503951836,0.019555648822754675,0.020600608505594715,0.022798081113142094,0.027500249688142037,0.026565372087373914,0.0166875073150733,0.01800692276815017,0.0068359375,0.0283875817456028,0.018961413905222265,0.03813598474563796,0.014517645261053229,0.020108652619115236,0.01242961138804478,0.031310975667737106,0.013101960805662831,0.020762003540497363,0.014517645261053229,0.010563138502335907,0.0048828125,0.01441877251975918,0.011134525635733769,0.029700988917471777,0.020132351687586234,0.013101960805662831,0.0264394265052361,0.013282686043686957,0.013810679320049757,0.024119314521930602,0.01878455474772592,0.014906579611790769,0.017953883116064683,0.012236293052872722,0.009959022487485907,0.014680953494504793,0.0107421875,0.013982247132105814,0.020716018980074635,0.01760523083722651,0.013879560940968648,0.012079411012551739,0.019186408891004394,0.027361183058831836,0.011134525635733769,0.017304731588544287,0.0318844291353799,0.009618025197066508,0.013982247132105814,0.011759369705851851,0.005524271728019903,0.008052940675034493,0.009264485332524549,0.009814331661250869,0.014778072217208551,0.0283203125,0.012732817197661424,0.0021836601342771385,0.0224609375,1,1,1.0
4.6875,3.5009584426879883,6.0,0.09593268483877182,18.29536247253418,3.125,30.704811096191406,3.1952619552612305,0.78125,0.8572131991386414,0.2281961441040039,54603.0,1395517.0,31973736448.0,25.55751609802246,0.04685412719845772,1.5722204446792603,4.897228240966797,9.156980922853108e-06,0.0,0.03159341961145401,0,0,0,0,0,123,296,283,153,92,0,16,174,527,1040,1453,1468,1434,1391,1353,1339,1294,1261,1180,1180,1116,1062,990,968,890,796,762,697,617,512,495,471,507,524,760,894,1016,954,876,874,938,1208,1504,1529,1511,1456,1418,1373,1375,1354,1308,1271,1212,1167,1102,1088,1016,969,863,829,794,682,591,538,395,383,646,1130,1450,1625,1656,1693,1672,1674,1627,1589,1597,1561,1549,1527,1438,1466,1432,1390,1337,1306,1242,1229,1159,1111,1050,936,908,1022,1326,1466,1447,1384,1386,1352,1294,1245,1180,1167,1096,1065,970,952,889,813,735,704,622,510,472,396,313,221,123,10,0,0,0,0,0,0,0,0,0,109,349,489,504,590,670,704,733,776,925,1247,1402,1390,1341,1339,1294,1260,1176,1162,1087,1040,974,940,827,824,751,669,573,543,526,540,524,539,534,551,647,713,827,907,812,793,718,637,569,746,1196,1562,1567,1551,1531,1452,1434,1422,1406,1369,1323,1262,1246,1208,1165,1086,1005,982,920,861,745,711,617,617,911,1342,1551,1527,1564,1498,1483,1432,1376,1325,1337,1309,1256,1167,1150,1102,1036,1005,942,857,825,761,715,616,512,424,378,320,295,298,252,206,175,170,90,40,21,111,141,217,332,410,295,263,167,168,255,490,958,1384,1501,1496,1466,0.00244140625,0.530375040622973,1.4598123225990094,0.524955711313185,0.8238559303999552,0.5079101468617813,0.46618970383934943,0.45556195779245584,1.1721199288312936,0.6144277946940374,0.38681861281638374,0.18540547655035242,0.49740403519770227,0.16445730027360064,0.09400396914928812,0.13218631103558082,0.16953136250716314,0.24023635987493033,0.06275126494694275,0.23601517567091454,0.08891546593820342,0.10794439678765898,0.3249591508282714,0.2348891658358273,0.15896685829484336,0.17740676365358526,0.2221631395422946,0.2284926704550064,0.1578561250423274,0.329136334401924,0.1392209639624745,0.20869211456507078,0.09048366706951955,0.09628430832583862,0.04501730692037543,0.08008407942801135,0.07632821495964505,0.05688424171566679,0.02489755621871477,0.16367257420793369,0.10972756374142692,0.06269044470978138,0.08925268379685514,0.08605394277367268,0.051767024533978793,0.07182217190701912,0.05472236611766367,0.08425646332079294,0.05371981460732448,0.015254393898255184,0.0632583388308658,0.01441877251975918,0.07448810088095657,0.05274341647027647,0.04271274946997859,0.03676080122015373,0.03629082846887118,0.07851465329000695,0.07015634787367894,0.05459150335692846,0.037160737481329,0.03773374821555011,0.04724988438829275,0.04631213164601319,0.02847144479904932,0.02847144479904932,0.020531050821902968,0.007627196949127592,0.028854075591199527,0.023518739411703703,0.005258950006967289,0.009765625,0.03941491420041126,0.049909891949924366,0.004979511243742954,0.02161713244255728,0.03798564519292329,0.01953125,0.0341796875,0.009212872199274027,0.018961413905222265,0.008400708268596315,0.02489755621871477,0.02777629424478104,0.02580047815160724,0.005258950006967289,0.02229045353615884,0.028185292362620726,0.020132351687586234,0.026002982335340524,0.0244140625,0.027930370402490412,0.02229045353615884,0.041524007080994726,0.028185292362620726,0.021417687694786434,0.030289184412638327,0.020600608505594715,0.02376079113397742,0.028721564784868637,0.027793455997573647,0.020132351687586234,0.01708286687942959,0.019749754312653012,0.02458921545315268,0.027500249688142037,0.02681548870653512,0.023212625632821705,0.0192608231673008,0.01824369305885684,0.02157297073669387,0.022798081113142094,0.020320949264340638,0.007437278423695223,0.024724587697601882,0.020531050821902968,0.02627660946694084,0.020531050821902968,0.022545696055889054,0.029877067462457725,0.019773883526676354,0.017953883116064683,0.013982247132105814,0.017686299097924643,0.022482157096135425,0.03922087036723282,0.021506558149946522,0.011134525635733769,0.0302734375,1,1,1.0
4.6875,4.17025089263916,3.0,0.060981836169958115,12.733702659606934,3.125,55.5826416015625,3.2112560272216797,0.78125,0.8706448674201965,0.2364814132452011,58640.0,2234570.0,60767035392.0,38.10658264160156,0.06837327033281326,1.5511362552642822,6.932886600494385,3.330673735035816e-06,0.0,0.04362162575125694,607,542,492,430,348,221,176,87,0,0,0,0,0,123,296,283,153,92,0,16,174,527,1040,1453,1468,1434,1391,1353,1339,1294,1261,1180,1180,1116,1062,990,968,890,796,762,697,617,512,495,471,507,524,760,894,1016,954,876,874,938,1208,1504,1529,1511,1456,1418,1373,1375,1354,1308,1271,1212,1167,1102,1088,1016,969,863,829,794,682,591,538,395,383,646,1130,1450,1625,1656,1693,1672,1674,1627,1589,1597,1561,1549,1527,1438,1466,1432,1390,1337,1306,1242,1229,1159,1111,1050,936,908,1022,1326,1466,1447,1384,1386,1352,1294,1245,1180,1167,1096,1065,970,952,889,813,735,704,622,510,472,396,313,221,123,10,0,0,0,0,0,0,0,0,0,109,349,489,504,590,670,704,733,776,925,1247,1402,1390,1341,1339,1294,1260,1176,1162,1087,1040,974,940,827,824,751,669,573,543,526,540,524,539,534,551,647,713,827,907,812,793,718,637,569,746,1196,1562,1567,1551,1531,1452,1434,1422,1406,1369,1323,1262,1246,1208,1165,1086,1005,982,920,861,745,711,617,617,911,1342,1551,1527,1564,1498,1483,1432,1376,1325,1337,1309,1256,1167,1150,1102,1036,1005,942,857,825,761,715,616,512,424,378,320,295,298,252,206,175,170,90,40,21,111,141,217,332,410,295,263,167,0.00146484375,0.59513933361526,1.5472883192486464,0.5153067791715497,0.8936315284583379,0.413934651916373,0.5540897210798515,0.35550228421836144,1.2217358912431362,0.5798257092337136,0.27384351831287274,0.0697473489674574,0.4080325413610663,0.08567075077914574,0.1376987754440433,0.029813159223581537,0.03384320986555363,0.1588228121805722,0.19990928499948146,0.24873221329016204,0.18448762201899252,0.20031198962737243,0.24806994233292856,0.20264789596432906,0.0208765218031562,0.04120121701118943,0.08773858377037579,0.09752432495290357,0.0567751634912056,0.227578875942805,0.09697024677583133,0.20694370938141382,0.049149334110006326,0.04789140560640324,0.1016235168273726,0.07366414908455511,0.056345202096686156,0.06944588553734776,0.05850416328418031,0.13695919147466712,0.04898412579681427,0.05406488490494691,0.058021292099659956,0.034402177644157296,0.026294750034836445,0.05442529216051865,0.025031260972609954,0.05249875021763911,0.04280196679845923,0.032754902014157074,0.051905008851243405,0.025633603024231812,0.046188412462443235,0.043891025496570764,0.031988944051092184,0.0244140625,0.0065509804028314154,0.062293665757097896,0.03758179961893331,0.026672852116694654,0.029378142493147116,0.022777155839239456,0.0244140625,0.009264485332524549,0.05168405711874704,0.022545696055889054,0.022269051271467537,0.027930370402490412,0.02458921545315268,0.03234471711265468,0.0341098617120566,0.020692988379313566,0.023940723969006372,0.03149319432929121,0.01528562093993997,0.020967686087484266,0.029035290522106457,0.00966747552403483,0.023212625632821705,0.0021836601342771385,0.00834375365753665,0.0126953125,0.014218964627501012,0.022798081113142094,0.015440808887540914,0.02003738723504218,0.01179984958358845,0.020899350155305366,0.014218964627501012,0.007627196949127592,0.0048828125,0.0041432037960149265,0.01019561182510796,0.01313830473347042,0.009618025197066508,0.013028968812623373,0.025012204052472065,0.01284467425582608,0.007627196949127592,0.013566839833447074,0.007437278423695223,0.011430371006562134,0.015746597164645604,0.007873298582322802,0.005940197783494355,0.012079411012551739,0.012352647110032733,0.010918300671385692,0.013879560940968648,0.008734640537108554,0.010054326309557618,0.011759369705851851,0.010563138502335907,0.004367320268554277,0.013282686043686957,0.01188039556698871,0.026294750034836445,0.005524271728019903,0.011430371006562134,0.013282686043686957,0.0029296875,0.005694288959809864,0.0170549308560283,0.008843149548962322,0.007437278423695223,0.011759369705851851,0.006905339660024878,0.01800692276815017,0.001953125,1,1,1.0
3.515625,3.0788769721984863,3.0,0.047362927347421646,28.05414581298828,3.125,58.24877166748047,2.545555830001831,0.78125,0.9198487401008606,0.23482012748718262,57819.0,2510397.0,74820960256.0,43.4182014465332,0.03278833627700806,1.6039389371871948,7.146373271942139,1.2160693358964636e-06,0.0,0.018667951226234436,1129,1084,1016,940,908,839,796,728,607,542,492,430,348,221,176,87,0,0,0,0,0,123,296,283,153,92,0,16,174,527,1040,1453,1468,1434,1391,1353,1339,1294,1261,1180,1180,1116,1062,990,968,890,796,762,697,617,512,495,471,507,524,760,894,1016,954,876,874,938,1208,1504,1529,1511,1456,1418,1373,1375,1354,1308,1271,1212,1167,1102,1088,1016,969,863,829,794,682,591,538,395,383,646,1130,1450,1625,1656,1693,1672,1674,1627,1589,1597,1561,1549,1527,1438,1466,1432,1390,1337,1306,1242,1229,1159,1111,1050,936,908,1022,1326,1466,1447,1384,1386,1352,1294,1245,1180,1167,1096,1065,970,952,889,813,735,704,622,510,472,396,313,221,123,10,0,0,0,0,0,0,0,0,0,109,349,489,504,590,670,704,733,776,925,1247,1402,1390,1341,1339,1294,1260,1176,1162,1087,1040,974,940,827,824,751,669,573,543,526,540,524,539,534,551,647,713,827,907,812,793,718,637,569,746,1196,1562,1567,1551,1531,1452,1434,1422,1406,1369,1323,1262,1246,1208,1165,1086,1005,982,920,861,745,711,617,617,911,1342,1551,1527,1564,1498,1483,1432,1376,1325,1337,1309,1256,1167,1150,1102,1036,1005,942,857,825,761,715,616,512,424,378,320,295,298,252,206,175,170,90,40,21,0.00146484375,0.4266952364018919,1.420984681124064,0.3817510095769077,0.7485400931935203,0.48046875,0.5582402317748787,0.24676905422983708,1.3796602516464496,0.6280329546694814,0.11932458901645257,0.10747512884529378,0.279687568195697,0.09407495764681481,0.27157042532397474,0.158819809830603,0.11746386682621011,0.2738295877501944,0.16658049581050194,0.1583868772754435,0.1603615538147923,0.15527650842089027,0.28381030009143127,0.22642986756237882,0.08645198446349153,0.09770018542925164,0.12724575648698588,0.096304115836504,0.011134525635733769,0.2350291976646366,0.09665995695132515,0.21776467891579843,0.0836943119572884,0.05373756442264689,0.11007899828876448,0.1105975894051338,0.02231183527108567,0.08691954863303371,0.04203758447271657,0.1340774435326756,0.09018278422355622,0.04207160005573831,0.06064130740726572,0.07992315416253955,0.07690080907269543,0.004979511243742954,0.026294750034836445,0.022140203220223895,0.05027163154778809,0.07754299816838015,0.0448900192756297,0.06894973870353067,0.054731079176570524,0.007109482313750506,0.014938533731228863,0.020967686087484266,0.03430501576220761,0.07309229453579777,0.05416181493696112,0.045908825287277966,0.04145504936873266,0.009618025197066508,0.014218964627501012,0.004026470337517247,0.06071988889339771,0.03371616504225013,0.03538607603904968,0.034678283016727936,0.03986002271866904,0.03984805813106087,0.021836601342771385,0.01441877251975918,0.04102724909687501,0.050527083282330194,0.02132844694125152,0.01179984958358845,0.02132844694125152,0.024492062898407135,0.0146484375,0.035907766232129365,0.025334222209126653,0.046394427813358216,0.018347943582085875,0.010517900013934578,0.021836601342771385,0.014938533731228863,0.022545696055889054,0.0283203125,0.021836601342771385,0.02580047815160724,0.016630260122975003,0.022482157096135425,0.02286074201312427,0.0068359375,0.0242573092741684,0.024433585943743757,0.03304477405407936,0.027500249688142037,0.01792730444402912,0.02833714478231818,0.022545696055889054,0.021836601342771385,0.021506558149946522,0.01824369305885684,0.022651198251451565,0.026672852116694654,0.025390625,0.018528970665049098,0.012732817197661424,0.0185803687406645,0.023212625632821705,0.016105881350068987,0.022269051271467537,0.03032065370363286,0.016716057391234072,0.015746597164645604,0.0009765625,0.024724587697601882,0.021506558149946522,0.0302734375,0.019652941208494246,0.016858082521125067,0.004367320268554277,0.019628663322501738,0.022651198251451565,0.0126953125,0.020531050821902968,0.030835260554388563,0.0107421875,1,1,1.0
3.515625,3.874249219894409,3.0,0.06725345551967621,19.5632266998291,3.125,52.712398529052734,3.0265555381774902,0.78125,0.8873866200447083,0.22815226018428802,54582.0,2117282.0,69309227008.0,38.79084777832031,0.04535992816090584,1.0608023405075073,6.981245040893555,1.2881829434263636e-06,0.0,0.03509828820824623,1451,1416,1372,1321,1310,1226,1213,1211,1129,1084,1016,940,908,839,796,728,607,542,492,430,348,221,176,87,0,0,0,0,0,123,296,283,153,92,0,16,174,527,1040,1453,1468,1434,1391,1353,1339,1294,1261,1180,1180,1116,1062,990,968,890,796,762,697,617,512,495,471,507,524,760,894,1016,954,876,874,938,1208,1504,1529,1511,1456,1418,1373,1375,1354,1308,1271,1212,1167,1102,1088,1016,969,863,829,794,682,591,538,395,383,646,1130,1450,1625,1656,1693,1672,1674,1627,1589,1597,1561,1549,1527,1438,1466,1432,1390,1337,1306,1242,1229,1159,1111,1050,936,908,1022,1326,1466,1447,1384,1386,1352,1294,1245,1180,1167,1096,1065,970,952,889,813,735,704,622,510,472,396,313,221,123,10,0,0,0,0,0,0,0,0,0,109,349,489,504,590,670,704,733,776,925,1247,1402,1390,1341,1339,1294,1260,1176,1162,1087,1040,974,940,827,824,751,669,573,543,526,540,524,539,534,551,647,713,827,907,812,793,718,637,569,746,1196,1562,1567,1551,1531,1452,1434,1422,1406,1369,1323,1262,1246,1208,1165,1086,1005,982,920,861,745,711,617,617,911,1342,1551,1527,1564,1498,1483,1432,1376,1325,1337,1309,1256,1167,1150,1102,1036,1005,942,857,825,761,715,616,512,424,378,320,295,0.00146484375,0.1885271548030801,1.3529229345823601,0.15884682893742816,0.7654281674598967,0.4677418357670798,0.8147809217448904,0.029264304812054096,1.3509541283421749,0.4100643963368027,0.3217399239670396,0.25587055676902154,0.34071956336819936,0.1208611993337586,0.142256701051798,0.09715692658678053,0.10788695487285885,0.11578341792209564,0.2295939767612362,0.2835363072419722,0.2348830756016737,0.2558239628404245,0.18605501964987148,0.13923808810172114,0.07077215207809937,0.09649702599246582,0.14516331387548473,0.14058769578992156,0.04372776011179318,0.2600536613841774,0.07810668730685473,0.2090893063088003,0.08424514385230351,0.048238629043861204,0.0974705265197591,0.10841603179284433,0.013879560940968648,0.06232427689690957,0.001953125,0.18072739599351742,0.10497024841238499,0.0166015625,0.009618025197066508,0.037390995545071574,0.05208841934802573,0.06466731691852853,0.03984805813106087,0.06202517386015788,0.04848512338791566,0.031143005310746045,0.07486483792488655,0.039571874197958615,0.017304731588544287,0.05274341647027647,0.032241355506287456,0.02376079113397742,0.04576318169476555,0.043013116299893045,0.07362530009754205,0.046394427813358216,0.03451288485756307,0.009959022487485907,0.011134525635733769,0.0009765625,0.05899924791794225,0.03601384553630034,0.037378240642587185,0.02847144479904932,0.04007477447008436,0.03032065370363286,0.005694288959809864,0.019918044974971814,0.029133659941750583,0.03066468450802262,0.04225255400934363,0.0328276099882258,0.022482157096135425,0.025633603024231812,0.028117539157984314,0.013982247132105814,0.01727715430952552,0.004367320268554277,0.022140203220223895,0.029035290522106457,0.016016815885602272,0.035761393405469834,0.014906579611790769,0.005258950006967289,0.013101960805662831,0.02108108705558877,0.020762003540497363,0.0235996991671769,0.019918044974971814,0.016716057391234072,0.025465634395322848,0.021484375,0.0342911130196864,0.026868782211323446,0.0170549308560283,0.03032065370363286,0.02510734400816883,0.0192608231673008,0.011920464468489943,0.019186408891004394,0.022714264354712906,0.015254393898255184,0.015440808887540914,0.0170549308560283,0.02458921545315268,0.021035800027869155,0.012732817197661424,0.0208765218031562,0.01933495104806966,0.007109482313750506,0.0192608231673008,0.02039122365021592,0.03416573375885918,0.016105881350068987,0.012732817197661424,0.016016815885602272,0.023619895746968406,0.018961413905222265,0.016253239235442616,0.015746597164645604,0.0205078125,0.020899350155305366,0.0205078125,0.029378142493147116,0.009765625,1,1,1.0
3.90625,3.840660333633423,4.0,0.06164443865418434,17.69472885131836,3.125,48.766876220703125,3.1403791904449463,0.78125,0.8881619572639465,0.22271192073822021,52010.0,1919314.0,62579081216.0,36.90278625488281,0.05019359290599823,1.0029168128967285,6.688974857330322,1.3518945252144476e-06,-2.34375,0.0324227511882782,170,176,376,906,1422,1532,1547,1448,1451,1416,1372,1321,1310,1226,1213,1211,1129,1084,1016,940,908,839,796,728,607,542,492,430,348,221,176,87,0,0,0,0,0,123,296,283,153,92,0,16,174,527,1040,1453,1468,1434,1391,1353,1339,1294,1261,1180,1180,1116,1062,990,968,890,796,762,697,617,512,495,471,507,524,760,894,1016,954,876,874,938,1208,1504,1529,1511,1456,1418,1373,1375,1354,1308,1271,1212,1167,1102,1088,1016,969,863,829,794,682,591,538,395,383,646,1130,1450,1625,1656,1693,1672,1674,1627,1589,1597,1561,1549,1527,1438,1466,1432,1390,1337,1306,1242,1229,1159,1111,1050,936,908,1022,1326,1466,1447,1384,1386,1352,1294,1245,1180,1167,1096,1065,970,952,889,813,735,704,622,510,472,396,313,221,123,10,0,0,0,0,0,0,0,0,0,109,349,489,504,590,670,704,733,776,925,1247,1402,1390,1341,1339,1294,1260,1176,1162,1087,1040,974,940,827,824,751,669,573,543,526,540,524,539,534,551,647,713,827,907,812,793,718,637,569,746,1196,1562,1567,1551,1531,1452,1434,1422,1406,1369,1323,1262,1246,1208,1165,1086,1005,982,920,861,745,711,617,617,911,1342,1551,1527,1564,1498,1483,1432,1376,1325,1337,1309,1256,1167,1150,1102,1036,1005,942,857,825,0.00244140625,0.15679835419083046,1.348200326087594,0.133285577486897,0.7932651510778416,0.47337601769204213,0.8922302770297224,0.10954924736234499,1.3029411643644582,0.3151756184592828,0.41241588312859423,0.29105658530954215,0.4517126764227628,0.17682524180018902,0.024492062898407135,0.06577857077753481,0.08022685311930028,0.1598463083250791,0.2945546269941985,0.16993309948559537,0.24918231757606343,0.20774860977460535,0.29699222860219365,0.2637008085976949,0.13056753838561147,0.11965580851846279,0.09556850385049803,0.013879560940968648,0.11676763978800016,0.1436576214721351,0.18727607070887686,0.26539871450542635,0.07910759043390092,0.08793943956916192,0.11000533351105712,0.0412127887617367,0.10346494189656782,0.09978633943380054,0.0896365222201456,0.09905733209361085,0.0677779402322681,0.0601676632841772,0.06867949598639547,0.0832143570030183,0.08082492850218188,0.022798081113142094,0.026672852116694654,0.025559086578715626,0.06074344351595307,0.0332174831087792,0.047731833632226314,0.026868782211323446,0.03656571333368956,0.04350911994129973,0.025390625,0.014517645261053229,0.021683206358568866,0.049071658306254345,0.04865202619953574,0.019652941208494246,0.014517645261053229,0.03516981075267404,0.04014610310760638,0.0283875817456028,0.03452669830012439,0.013982247132105814,0.009618025197066508,0.019918044974971814,0.01875915303935405,0.0264394265052361,0.020716018980074635,0.003088161777508183,0.026203921611325662,0.03538607603904968,0.02847144479904932,0.019236050394133015,0.010517900013934578,0.01680141653719263,0.018657200365764452,0.009264485332524549,0.007873298582322802,0.01516032685181643,0.012506102026236032,0.0166015625,0.004979511243742954,0.02315091717017519,0.011759369705851851,0.019236050394133015,0.015625,0.01760523083722651,0.007873298582322802,0.011134525635733769,0.016572815184059706,0.020531050821902968,0.0048828125,0.01760523083722651,0.025855863857175247,0.004367320268554277,0.012506102026236032,0.0021836601342771385,0.0021836601342771385,0.01179984958358845,0.01589728573837862,0.0048828125,0.009959022487485907,0.013879560940968648,0.011388577919619728,0.0048828125,0.009618025197066508,0.008734640537108554,0.0,0.007873298582322802,0.009959022487485907,0.00834375365753665,0.005694288959809864,0.006176323555016366,0.01760523083722651,0.013282686043686957,0.011048543456039806,0.021836601342771385,0.008734640537108554,0.007109482313750506,0.014778072217208551,0.013706707859002147,0.009003461384075085,0.018528970665049098,0.009765625,0.010517900013934578,0.0185546875,1,1,1.0
4.296875,3.307433605194092,4.0,0.07315925508737564,20.580944061279297,3.125,45.00719451904297,3.102330207824707,0.78125,0.8838935494422913,0.22597242891788483,53544.0,1905938.0,60621737984.0,35.595733642578125,0.042947184294462204,1.070678949356079,6.385902404785156,3.647690846264595e-06,0.0,0.020453449338674545,792,696,648,554,448,411,329,269,170,176,376,906,1422,1532,1547,1448,1451,1416,1372,1321,1310,1226,1213,1211,1129,1084,1016,940,908,839,796,728,607,542,492,430,348,221,176,87,0,0,0,0,0,123,296,283,153,92,0,16,174,527,1040,1453,1468,1434,1391,1353,1339,1294,1261,1180,1180,1116,1062,990,968,890,796,762,697,617,512,495,471,507,524,760,894,1016,954,876,874,938,1208,1504,1529,1511,1456,1418,1373,1375,1354,1308,1271,1212,1167,1102,1088,1016,969,863,829,794,682,591,538,395,383,646,1130,1450,1625,1656,1693,1672,1674,1627,1589,1597,1561,1549,1527,1438,1466,1432,1390,1337,1306,1242,1229,1159,1111,1050,936,908,1022,1326,1466,1447,1384,1386,1352,1294,1245,1180,1167,1096,1065,970,952,889,813,735,704,622,510,472,396,313,221,123,10,0,0,0,0,0,0,0,0,0,109,349,489,504,590,670,704,733,776,925,1247,1402,1390,1341,1339,1294,1260,1176,1162,1087,1040,974,940,827,824,751,669,573,543,526,540,524,539,534,551,647,713,827,907,812,793,718,637,569,746,1196,1562,1567,1551,1531,1452,1434,1422,1406,1369,1323,1262,1246,1208,1165,1086,1005,982,920,861,745,711,617,617,911,1342,1551,1527,1564,1498,1483,1432,1376,1325,1337,1309,1256,0.00341796875,0.2524843751208692,1.280256677164321,0.24383770269658395,0.6862761267741839,0.5846633281431208,0.9517732634250151,0.18787093029576266,1.317101903195375,0.21883063873623143,0.5075739373528578,0.3410762492647355,0.5349824720702195,0.2157297073669387,0.08592085243583644,0.087890625,0.07118866003362342,0.2210075506931356,0.24557391773611795,0.14660151566246254,0.19309532554812184,0.1717251210857458,0.28411256187458767,0.23820319226077272,0.09314788741922203,0.0943634309056488,0.09220115431189195,0.026654968874914416,0.09618025197066508,0.15197082259568828,0.17820593350483066,0.2623174850284673,0.07504296661499268,0.07817991234228686,0.1041081582103777,0.04154696755113799,0.08997633728915984,0.08592085243583644,0.07258822630526614,0.11826490402657105,0.05991352207100768,0.050931268790645697,0.0628196173284195,0.06870032162875608,0.06545883212839411,0.01019561182510796,0.022714264354712906,0.005524271728019903,0.06537135926242016,0.05511309007625962,0.025559086578715626,0.023640075072090243,0.05765028180916188,0.06129826104091881,0.0439561618551832,0.032122820709762745,0.03434669022474409,0.03614600688148779,0.06231662552165553,0.029652786036501906,0.019555648822754675,0.027930370402490412,0.0341796875,0.024705294220065465,0.0369677602163041,0.015655487833868553,0.0126953125,0.020600608505594715,0.02378085090212094,0.025559086578715626,0.0126953125,0.008286407592029853,0.019555648822754675,0.023640075072090243,0.029749113694780893,0.021439939843847802,0.020600608505594715,0.0041432037960149265,0.013982247132105814,0.014938533731228863,0.0065509804028314154,0.02751758360079174,0.004367320268554277,0.013566839833447074,0.007627196949127592,0.020108652619115236,0.0013810679320049757,0.010381001770248682,0.007109482313750506,0.014517645261053229,0.005940197783494355,0.01019561182510796,0.014778072217208551,0.01878455474772592,0.003088161777508183,0.014906579611790769,0.023212625632821705,0.0009765625,0.009212872199274027,0.008052940675034493,0.006253051013118016,0.008734640537108554,0.005859375,0.0065509804028314154,0.009264485332524549,0.0009765625,0.004367320268554277,0.010517900013934578,0.013101960805662831,0.0078125,0.0166015625,0.009264485332524549,0.01528562093993997,0.021683206358568866,0.013671875,0.009003461384075085,0.021945512748285382,0.004026470337517247,0.004979511243742954,0.008400708268596315,0.010918300671385692,0.004026470337517247,0.009765625,0.009212872199274027,0.007873298582322802,0.014517645261053229,0.007873298582322802,0.011134525635733769,0.0166015625,1,1,1.0
