spectral_rolloff,spectral_bandwidth,peak_count,mid_ratio,low_to_high_ratio,second_peak_freq,kurtosis,centroid,peak_freq,low_ratio,rms,avg_energy,peak_energy,energy_variance,peak_to_avg_e,high_ratio,peak1_to_peak2_ratio,skewness,dc_ratio,delta_peak_freq,spectral_flatness,adc_0,adc_1,adc_2,adc_3,adc_4,adc_5,adc_6,adc_7,adc_8,adc_9,adc_10,adc_11,adc_12,adc_13,adc_14,adc_15,adc_16,adc_17,adc_18,adc_19,adc_20,adc_21,adc_22,adc_23,adc_24,adc_25,adc_26,adc_27,adc_28,adc_29,adc_30,adc_31,adc_32,adc_33,adc_34,adc_35,adc_36,adc_37,adc_38,adc_39,adc_40,adc_41,adc_42,adc_43,adc_44,adc_45,adc_46,adc_47,adc_48,adc_49,adc_50,adc_51,adc_52,adc_53,adc_54,adc_55,adc_56,adc_57,adc_58,adc_59,adc_60,adc_61,adc_62,adc_63,adc_64,adc_65,adc_66,adc_67,adc_68,adc_69,adc_70,adc_71,adc_72,adc_73,adc_74,adc_75,adc_76,adc_77,adc_78,adc_79,adc_80,adc_81,adc_82,adc_83,adc_84,adc_85,adc_86,adc_87,adc_88,adc_89,adc_90,adc_91,adc_92,adc_93,adc_94,adc_95,adc_96,adc_97,adc_98,adc_99,adc_100,adc_101,adc_102,adc_103,adc_104,adc_105,adc_106,adc_107,adc_108,adc_109,adc_110,adc_111,adc_112,adc_113,adc_114,adc_115,adc_116,adc_117,adc_118,adc_119,adc_120,adc_121,adc_122,adc_123,adc_124,adc_125,adc_126,adc_127,adc_128,adc_129,adc_130,adc_131,adc_132,adc_133,adc_134,adc_135,adc_136,adc_137,adc_138,adc_139,adc_140,adc_141,adc_142,adc_143,adc_144,adc_145,adc_146,adc_147,adc_148,adc_149,adc_150,adc_151,adc_152,adc_153,adc_154,adc_155,adc_156,adc_157,adc_158,adc_159,adc_160,adc_161,adc_162,adc_163,adc_164,adc_165,adc_166,adc_167,adc_168,adc_169,adc_170,adc_171,adc_172,adc_173,adc_174,adc_175,adc_176,adc_177,adc_178,adc_179,adc_180,adc_181,adc_182,adc_183,adc_184,adc_185,adc_186,adc_187,adc_188,adc_189,adc_190,adc_191,adc_192,adc_193,adc_194,adc_195,adc_196,adc_197,adc_198,adc_199,adc_200,adc_201,adc_202,adc_203,adc_204,adc_205,adc_206,adc_207,adc_208,adc_209,adc_210,adc_211,adc_212,adc_213,adc_214,adc_215,adc_216,adc_217,adc_218,adc_219,adc_220,adc_221,adc_222,adc_223,adc_224,adc_225,adc_226,adc_227,adc_228,adc_229,adc_230,adc_231,adc_232,adc_233,adc_234,adc_235,adc_236,adc_237,adc_238,adc_239,adc_240,adc_241,adc_242,adc_243,adc_244,adc_245,adc_246,adc_247,adc_248,adc_249,adc_250,adc_251,adc_252,adc_253,adc_254,adc_255,fft_0,fft_1,fft_2,fft_3,fft_4,fft_5,fft_6,fft_7,fft_8,fft_9,fft_10,fft_11,fft_12,fft_13,fft_14,fft_15,fft_16,fft_17,fft_18,fft_19,fft_20,fft_21,fft_22,fft_23,fft_24,fft_25,fft_26,fft_27,fft_28,fft_29,fft_30,fft_31,fft_32,fft_33,fft_34,fft_35,fft_36,fft_37,fft_38,fft_39,fft_40,fft_41,fft_42,fft_43,fft_44,fft_45,fft_46,fft_47,fft_48,fft_49,fft_50,fft_51,fft_52,fft_53,fft_54,fft_55,fft_56,fft_57,fft_58,fft_59,fft_60,fft_61,fft_62,fft_63,fft_64,fft_65,fft_66,fft_67,fft_68,fft_69,fft_70,fft_71,fft_72,fft_73,fft_74,fft_75,fft_76,fft_77,fft_78,fft_79,fft_80,fft_81,fft_82,fft_83,fft_84,fft_85,fft_86,fft_87,fft_88,fft_89,fft_90,fft_91,fft_92,fft_93,fft_94,fft_95,fft_96,fft_97,fft_98,fft_99,fft_100,fft_101,fft_102,fft_103,fft_104,fft_105,fft_106,fft_107,fft_108,fft_109,fft_110,fft_111,fft_112,fft_113,fft_114,fft_115,fft_116,fft_117,fft_118,fft_119,fft_120,fft_121,fft_122,fft_123,fft_124,fft_125,fft_126,fft_127,fft_128,stride,interval,label
25.0,12.487336158752441,6.0,0.1222735270857811,0.8568766117095947,18.359375,15.97925090789795,12.72086238861084,1.171875,0.4050367474555969,0.015655487775802612,257.0,3161.0,308254.5,12.29961109161377,0.4726897180080414,1.066104531288147,3.527768135070801,0.0004860562621615827,0.0,0.24060696363449097,910,891,895,877,841,875,907,893,840,811,861,845,827,826,783,844,844,856,856,844,811,888,860,870,857,808,810,861,877,891,864,842,874,876,920,939,896,875,911,936,925,905,921,939,909,891,908,876,906,879,895,864,861,862,928,943,927,909,889,859,877,877,908,877,912,925,933,910,904,845,876,920,918,969,928,938,943,939,955,957,921,888,927,936,907,873,859,893,879,906,904,872,831,872,874,877,843,841,904,907,904,895,872,907,863,840,844,874,857,892,912,937,936,878,874,904,893,892,872,846,879,859,889,905,860,846,903,904,890,854,888,924,907,895,911,885,908,922,906,908,874,859,939,910,889,879,889,892,920,905,922,874,910,889,908,891,861,814,874,907,889,858,840,841,875,875,888,909,887,873,924,912,894,860,847,904,889,872,891,872,857,907,910,908,841,825,876,893,902,888,832,876,861,861,858,876,859,909,926,936,920,861,877,924,922,923,922,922,959,939,952,938,888,874,925,924,902,843,887,876,893,911,895,872,895,890,894,887,841,825,893,921,910,910,873,858,904,906,927,887,920,889,904,891,888,827,877,904,904,887,878,888,910,907,924,941,0.0009765625,0.017304731588544287,0.050413708981016825,0.05498315726663768,0.0166015625,0.025633603024231812,0.049071658306254345,0.03527810911755555,0.0361328125,0.010918300671385692,0.018165112536853784,0.0021836601342771385,0.01284467425582608,0.019555648822754675,0.03389952140177692,0.006905339660024878,0.004367320268554277,0.0013810679320049757,0.013101960805662831,0.01727715430952552,0.004979511243742954,0.01800692276815017,0.022777155839239456,0.025202124805788945,0.00390625,0.01188039556698871,0.011759369705851851,0.020716018980074635,0.006905339660024878,0.02510734400816883,0.0,0.01589728573837862,0.017953883116064683,0.003088161777508183,0.0048828125,0.019384212149686726,0.00390625,0.007873298582322802,0.010918300671385692,0.0068359375,0.00834375365753665,0.010786485368346935,0.013282686043686957,0.016858082521125067,0.004367320268554277,0.027500249688142037,0.0341796875,0.05416181493696112,0.014906579611790769,0.016630260122975003,0.006253051013118016,0.008843149548962322,0.008734640537108554,0.013566839833447074,0.0021836601342771385,0.015254393898255184,0.005258950006967289,0.0021836601342771385,0.004979511243742954,0.00390625,0.005524271728019903,0.00390625,0.0,0.009003461384075085,0.03389952140177692,0.0029296875,0.0013810679320049757,0.005258950006967289,0.0029296875,0.001953125,0.0234375,0.0048828125,0.003088161777508183,0.0027621358640099515,0.004026470337517247,0.003521046167445302,0.0021836601342771385,0.0009765625,0.0068359375,0.011920464468489943,0.0065509804028314154,0.006905339660024878,0.00966747552403483,0.0068359375,0.009959022487485907,0.005940197783494355,0.00390625,0.005258950006967289,0.0027621358640099515,0.0021836601342771385,0.00390625,0.004026470337517247,0.0009765625,0.0341796875,0.0048828125,0.0041432037960149265,0.008734640537108554,0.0048828125,0.0048828125,0.00390625,0.004367320268554277,0.004026470337517247,0.007873298582322802,0.0021836601342771385,0.007109482313750506,0.0021836601342771385,0.0009765625,0.0021836601342771385,0.0027621358640099515,0.003088161777508183,0.003521046167445302,0.007873298582322802,0.004026470337517247,0.009003461384075085,0.007873298582322802,0.007437278423695223,0.004367320268554277,0.00834375365753665,0.004367320268554277,0.007042092334890604,0.005940197783494355,0.0021836601342771385,0.0041432037960149265,0.005258950006967289,0.004026470337517247,0.02286074201312427,0.0027621358640099515,0.003088161777508183,0.0087890625,1,1,0.0
25.0,12.39175796508789,5.0,0.12199763208627701,0.8551937937736511,18.359375,16.946916580200195,12.58690357208252,1.171875,0.40473517775535583,0.015440808609127998,250.0,3170.0,306554.25,12.680000305175781,0.47326719760894775,1.0305591821670532,3.6339731216430664,0.00012477385462261736,0.0,0.21048760414123535,890,873,937,922,893,863,872,927,910,891,895,877,841,875,907,893,840,811,861,845,827,826,783,844,844,856,856,844,811,888,860,870,857,808,810,861,877,891,864,842,874,876,920,939,896,875,911,936,925,905,921,939,909,891,908,876,906,879,895,864,861,862,928,943,927,909,889,859,877,877,908,877,912,925,933,910,904,845,876,920,918,969,928,938,943,939,955,957,921,888,927,936,907,873,859,893,879,906,904,872,831,872,874,877,843,841,904,907,904,895,872,907,863,840,844,874,857,892,912,937,936,878,874,904,893,892,872,846,879,859,889,905,860,846,903,904,890,854,888,924,907,895,911,885,908,922,906,908,874,859,939,910,889,879,889,892,920,905,922,874,910,889,908,891,861,814,874,907,889,858,840,841,875,875,888,909,887,873,924,912,894,860,847,904,889,872,891,872,857,907,910,908,841,825,876,893,902,888,832,876,861,861,858,876,859,909,926,936,920,861,877,924,922,923,922,922,959,939,952,938,888,874,925,924,902,843,887,876,893,911,895,872,895,890,894,887,841,825,893,921,910,910,873,858,904,906,927,887,920,889,904,891,888,827,877,904,0.001953125,0.014778072217208551,0.048808589842186716,0.055937513639139395,0.017953883116064683,0.0283875817456028,0.051202057534837225,0.036461239653504826,0.03623823303765522,0.0068359375,0.015440808887540914,0.0041432037960149265,0.01179984958358845,0.01727715430952552,0.032359456105040804,0.005524271728019903,0.005694288959809864,0.001953125,0.011134525635733769,0.019186408891004394,0.005940197783494355,0.02003738723504218,0.020531050821902968,0.023619895746968406,0.0048828125,0.010918300671385692,0.0126953125,0.01933495104806966,0.007873298582322802,0.025390625,0.0009765625,0.0166875073150733,0.018528970665049098,0.0029296875,0.004026470337517247,0.01800692276815017,0.003521046167445302,0.009814331661250869,0.013028968812623373,0.007873298582322802,0.008400708268596315,0.007873298582322802,0.0126953125,0.017387200990981306,0.008734640537108554,0.029313146523053973,0.03340357690720131,0.05328309713165524,0.0146484375,0.017953883116064683,0.007437278423695223,0.0048828125,0.013706707859002147,0.009814331661250869,0.005694288959809864,0.011134525635733769,0.007627196949127592,0.006905339660024878,0.0021836601342771385,0.009618025197066508,0.001953125,0.009814331661250869,0.005694288959809864,0.003521046167445302,0.03891573993197515,0.005940197783494355,0.004367320268554277,0.0,0.005940197783494355,0.005940197783494355,0.023294649300540163,0.0027621358640099515,0.0021836601342771385,0.0013810679320049757,0.001953125,0.005940197783494355,0.0027621358640099515,0.001953125,0.008400708268596315,0.013282686043686957,0.007042092334890604,0.009212872199274027,0.009003461384075085,0.007627196949127592,0.009765625,0.005694288959809864,0.003521046167445302,0.005524271728019903,0.0027621358640099515,0.0021836601342771385,0.005258950006967289,0.005524271728019903,0.0013810679320049757,0.03423544559171505,0.005258950006967289,0.0041432037960149265,0.00834375365753665,0.004979511243742954,0.005940197783494355,0.0041432037960149265,0.00390625,0.004979511243742954,0.008734640537108554,0.0013810679320049757,0.005940197783494355,0.003088161777508183,0.0,0.0009765625,0.0021836601342771385,0.0029296875,0.0027621358640099515,0.008843149548962322,0.0021836601342771385,0.009212872199274027,0.007873298582322802,0.007627196949127592,0.0041432037960149265,0.00834375365753665,0.003521046167445302,0.006176323555016366,0.0078125,0.004026470337517247,0.0065509804028314154,0.007873298582322802,0.005694288959809864,0.023212625632821705,0.0041432037960149265,0.0041432037960149265,0.0107421875,1,1,0.0
25.0,12.684484481811523,6.0,0.11044885218143463,0.819380521774292,18.359375,16.542491912841797,13.050823211669922,1.171875,0.40062037110328674,0.015625,256.0,3281.0,315847.03125,12.81640625,0.4889307916164398,1.1021162271499634,3.594644784927368,0.0004865588271059096,0.0,0.2300896942615509,904,903,892,909,922,877,937,925,890,873,937,922,893,863,872,927,910,891,895,877,841,875,907,893,840,811,861,845,827,826,783,844,844,856,856,844,811,888,860,870,857,808,810,861,877,891,864,842,874,876,920,939,896,875,911,936,925,905,921,939,909,891,908,876,906,879,895,864,861,862,928,943,927,909,889,859,877,877,908,877,912,925,933,910,904,845,876,920,918,969,928,938,943,939,955,957,921,888,927,936,907,873,859,893,879,906,904,872,831,872,874,877,843,841,904,907,904,895,872,907,863,840,844,874,857,892,912,937,936,878,874,904,893,892,872,846,879,859,889,905,860,846,903,904,890,854,888,924,907,895,911,885,908,922,906,908,874,859,939,910,889,879,889,892,920,905,922,874,910,889,908,891,861,814,874,907,889,858,840,841,875,875,888,909,887,873,924,912,894,860,847,904,889,872,891,872,857,907,910,908,841,825,876,893,902,888,832,876,861,861,858,876,859,909,926,936,920,861,877,924,922,923,922,922,959,939,952,938,888,874,925,924,902,843,887,876,893,911,895,872,895,890,894,887,841,825,893,921,910,910,873,858,904,906,927,887,0.00390625,0.01284467425582608,0.048010736536257245,0.0570432885410556,0.019186408891004394,0.030649130520459405,0.05363097741307024,0.03633022507370757,0.03564118670096613,0.004979511243742954,0.012732817197661424,0.005694288959809864,0.010054326309557618,0.013982247132105814,0.033730304764004966,0.001953125,0.009212872199274027,0.004026470337517247,0.008052940675034493,0.01800692276815017,0.004026470337517247,0.0205078125,0.018961413905222265,0.026868782211323446,0.0013810679320049757,0.009003461384075085,0.010381001770248682,0.022032254243512652,0.0068359375,0.025012204052472065,0.001953125,0.015254393898255184,0.016164985700436375,0.004979511243742954,0.0048828125,0.016370170521718956,0.0041432037960149265,0.009959022487485907,0.014084184669781208,0.009003461384075085,0.010381001770248682,0.005940197783494355,0.0146484375,0.019186408891004394,0.010517900013934578,0.03057124187987994,0.0361328125,0.051202057534837225,0.012732817197661424,0.01589728573837862,0.006176323555016366,0.0021836601342771385,0.01313830473347042,0.007873298582322802,0.006176323555016366,0.009959022487485907,0.00834375365753665,0.0065509804028314154,0.003521046167445302,0.006905339660024878,0.0021836601342771385,0.007627196949127592,0.004026470337517247,0.005694288959809864,0.03742923417331406,0.004026470337517247,0.0048828125,0.0009765625,0.005524271728019903,0.0048828125,0.0244140625,0.0027621358640099515,0.001953125,0.0021836601342771385,0.0009765625,0.005258950006967289,0.0029296875,0.0013810679320049757,0.007627196949127592,0.01179984958358845,0.007042092334890604,0.007109482313750506,0.009765625,0.006176323555016366,0.008843149548962322,0.0065509804028314154,0.0048828125,0.006253051013118016,0.004367320268554277,0.0009765625,0.004367320268554277,0.0029296875,0.0009765625,0.03452669830012439,0.004367320268554277,0.004026470337517247,0.007873298582322802,0.005940197783494355,0.005258950006967289,0.00390625,0.005694288959809864,0.0048828125,0.009003461384075085,0.001953125,0.005940197783494355,0.003088161777508183,0.0021836601342771385,0.0,0.001953125,0.0009765625,0.003521046167445302,0.010517900013934578,0.0009765625,0.009959022487485907,0.008052940675034493,0.005694288959809864,0.0027621358640099515,0.005694288959809864,0.0009765625,0.004367320268554277,0.0065509804028314154,0.0027621358640099515,0.005694288959809864,0.009003461384075085,0.001953125,0.020762003540497363,0.003521046167445302,0.001953125,0.0078125,1,1,0.0
25.0,12.271279335021973,5.0,0.11071758717298508,0.870869517326355,2.34375,16.578388214111328,12.51838207244873,1.171875,0.4139513373374939,0.015533177182078362,253.0,3412.0,327638.4375,13.486166000366211,0.47533106803894043,1.1312997341156006,3.5813162326812744,0.001971050165593624,0.0,0.20157469809055328,909,907,926,927,905,860,904,907,904,903,892,909,922,877,937,925,890,873,937,922,893,863,872,927,910,891,895,877,841,875,907,893,840,811,861,845,827,826,783,844,844,856,856,844,811,888,860,870,857,808,810,861,877,891,864,842,874,876,920,939,896,875,911,936,925,905,921,939,909,891,908,876,906,879,895,864,861,862,928,943,927,909,889,859,877,877,908,877,912,925,933,910,904,845,876,920,918,969,928,938,943,939,955,957,921,888,927,936,907,873,859,893,879,906,904,872,831,872,874,877,843,841,904,907,904,895,872,907,863,840,844,874,857,892,912,937,936,878,874,904,893,892,872,846,879,859,889,905,860,846,903,904,890,854,888,924,907,895,911,885,908,922,906,908,874,859,939,910,889,879,889,892,920,905,922,874,910,889,908,891,861,814,874,907,889,858,840,841,875,875,888,909,887,873,924,912,894,860,847,904,889,872,891,872,857,907,910,908,841,825,876,893,902,888,832,876,861,861,858,876,859,909,926,936,920,861,877,924,922,923,922,922,959,939,952,938,888,874,925,924,902,843,887,876,893,911,895,872,895,890,894,887,841,825,893,921,0.00048828125,0.01019561182510796,0.0485735551384605,0.05866694646826402,0.01760523083722651,0.030649130520459405,0.05211587525049349,0.03455430861905104,0.036773770280786586,0.007042092334890604,0.01441877251975918,0.004026470337517247,0.01019561182510796,0.0166875073150733,0.031081700122733494,0.004979511243742954,0.008052940675034493,0.005694288959809864,0.007873298582322802,0.02003738723504218,0.006253051013118016,0.022482157096135425,0.016253239235442616,0.028920103310470405,0.0021836601342771385,0.008286407592029853,0.0065509804028314154,0.025353037081537442,0.004367320268554277,0.02510734400816883,0.005258950006967289,0.011759369705851851,0.013028968812623373,0.007109482313750506,0.0,0.017953883116064683,0.003088161777508183,0.012352647110032733,0.010054326309557618,0.007042092334890604,0.01019561182510796,0.010786485368346935,0.00834375365753665,0.013566839833447074,0.01242961138804478,0.029361906989009586,0.033332125323976586,0.051573226275433176,0.014778072217208551,0.014517645261053229,0.0078125,0.0027621358640099515,0.012236293052872722,0.0065509804028314154,0.007042092334890604,0.01179984958358845,0.007109482313750506,0.001953125,0.0027621358640099515,0.007437278423695223,0.005694288959809864,0.008286407592029853,0.006905339660024878,0.001953125,0.04014610310760638,0.007042092334890604,0.005859375,0.0021836601342771385,0.006176323555016366,0.004026470337517247,0.022269051271467537,0.0021836601342771385,0.0027621358640099515,0.0013810679320049757,0.003521046167445302,0.0048828125,0.0029296875,0.0013810679320049757,0.007873298582322802,0.010786485368346935,0.004367320268554277,0.005859375,0.007109482313750506,0.004367320268554277,0.006905339660024878,0.007873298582322802,0.007437278423695223,0.008400708268596315,0.0048828125,0.003088161777508183,0.005940197783494355,0.007042092334890604,0.003521046167445302,0.035907766232129365,0.00390625,0.0027621358640099515,0.009003461384075085,0.0041432037960149265,0.0065509804028314154,0.004979511243742954,0.004026470337517247,0.00390625,0.006905339660024878,0.003088161777508183,0.005694288959809864,0.0041432037960149265,0.001953125,0.0021836601342771385,0.0,0.0,0.0021836601342771385,0.011920464468489943,0.001953125,0.011759369705851851,0.009212872199274027,0.004979511243742954,0.0021836601342771385,0.004026470337517247,0.0021836601342771385,0.006253051013118016,0.003521046167445302,0.0009765625,0.0029296875,0.006176323555016366,0.005694288959809864,0.023619895746968406,0.0029296875,0.003521046167445302,0.0107421875,1,1,0.0
25.0,12.662492752075195,6.0,0.11460161954164505,0.8750326037406921,2.34375,17.227455139160156,12.787485122680664,1.171875,0.41319411993026733,0.015533177182078362,253.0,3609.0,335472.96875,14.264822006225586,0.4722042679786682,1.267204999923706,3.644608736038208,3.079860834986903e-05,0.0,0.2096037119626999,871,856,842,831,886,904,920,877,909,907,926,927,905,860,904,907,904,903,892,909,922,877,937,925,890,873,937,922,893,863,872,927,910,891,895,877,841,875,907,893,840,811,861,845,827,826,783,844,844,856,856,844,811,888,860,870,857,808,810,861,877,891,864,842,874,876,920,939,896,875,911,936,925,905,921,939,909,891,908,876,906,879,895,864,861,862,928,943,927,909,889,859,877,877,908,877,912,925,933,910,904,845,876,920,918,969,928,938,943,939,955,957,921,888,927,936,907,873,859,893,879,906,904,872,831,872,874,877,843,841,904,907,904,895,872,907,863,840,844,874,857,892,912,937,936,878,874,904,893,892,872,846,879,859,889,905,860,846,903,904,890,854,888,924,907,895,911,885,908,922,906,908,874,859,939,910,889,879,889,892,920,905,922,874,910,889,908,891,861,814,874,907,889,858,840,841,875,875,888,909,887,873,924,912,894,860,847,904,889,872,891,872,857,907,910,908,841,825,876,893,902,888,832,876,861,861,858,876,859,909,926,936,920,861,877,924,922,923,922,922,959,939,952,938,888,874,925,924,902,843,887,876,893,911,895,872,0.00390625,0.01179984958358845,0.04789140560640324,0.057451430000323156,0.018657200365764452,0.03294360897154883,0.05353308622525682,0.033203125,0.03983608994994363,0.009212872199274027,0.01708286687942959,0.0029296875,0.014218964627501012,0.020600608505594715,0.027203883353875233,0.007627196949127592,0.01171875,0.00966747552403483,0.0027621358640099515,0.020108652619115236,0.005524271728019903,0.019918044974971814,0.02003738723504218,0.028738162049926096,0.004026470337517247,0.011920464468489943,0.011759369705851851,0.020320949264340638,0.008843149548962322,0.022777155839239456,0.004026470337517247,0.013601941676937616,0.013282686043686957,0.010054326309557618,0.006176323555016366,0.012352647110032733,0.005694288959809864,0.017686299097924643,0.013101960805662831,0.003088161777508183,0.0065509804028314154,0.016164985700436375,0.006253051013118016,0.007437278423695223,0.01760523083722651,0.029035290522106457,0.033432114782468145,0.05078125,0.014938533731228863,0.012236293052872722,0.009003461384075085,0.008286407592029853,0.0068359375,0.011920464468489943,0.0048828125,0.015625,0.0021836601342771385,0.0048828125,0.003088161777508183,0.011134525635733769,0.0021836601342771385,0.009003461384075085,0.0041432037960149265,0.004979511243742954,0.03742923417331406,0.003521046167445302,0.0048828125,0.0013810679320049757,0.008286407592029853,0.007437278423695223,0.023212625632821705,0.0021836601342771385,0.00390625,0.0013810679320049757,0.005258950006967289,0.0048828125,0.0021836601342771385,0.004026470337517247,0.008734640537108554,0.008052940675034493,0.001953125,0.0041432037960149265,0.005258950006967289,0.004979511243742954,0.007437278423695223,0.0068359375,0.007437278423695223,0.008843149548962322,0.0013810679320049757,0.004979511243742954,0.0068359375,0.005694288959809864,0.0021836601342771385,0.03259437357085671,0.005694288959809864,0.0048828125,0.008400708268596315,0.005258950006967289,0.005258950006967289,0.004026470337517247,0.005694288959809864,0.006176323555016366,0.009814331661250869,0.0009765625,0.008052940675034493,0.0021836601342771385,0.0009765625,0.0021836601342771385,0.0027621358640099515,0.0021836601342771385,0.0013810679320049757,0.012506102026236032,0.001953125,0.011430371006562134,0.00966747552403483,0.004026470337517247,0.0021836601342771385,0.00390625,0.0021836601342771385,0.007109482313750506,0.004026470337517247,0.0013810679320049757,0.003521046167445302,0.0065509804028314154,0.004026470337517247,0.02229045353615884,0.0041432037960149265,0.0027621358640099515,0.009765625,1,1,0.0
25.0,12.427572250366211,6.0,0.11749116331338882,0.9294705390930176,2.34375,17.456392288208008,12.419990539550781,1.171875,0.4251248836517334,0.015625,256.0,3461.0,320087.59375,13.51953125,0.457383930683136,1.1517471075057983,3.6813621520996094,0.0019495552405714989,0.0,0.22639037668704987,879,861,873,858,823,825,875,890,871,856,842,831,886,904,920,877,909,907,926,927,905,860,904,907,904,903,892,909,922,877,937,925,890,873,937,922,893,863,872,927,910,891,895,877,841,875,907,893,840,811,861,845,827,826,783,844,844,856,856,844,811,888,860,870,857,808,810,861,877,891,864,842,874,876,920,939,896,875,911,936,925,905,921,939,909,891,908,876,906,879,895,864,861,862,928,943,927,909,889,859,877,877,908,877,912,925,933,910,904,845,876,920,918,969,928,938,943,939,955,957,921,888,927,936,907,873,859,893,879,906,904,872,831,872,874,877,843,841,904,907,904,895,872,907,863,840,844,874,857,892,912,937,936,878,874,904,893,892,872,846,879,859,889,905,860,846,903,904,890,854,888,924,907,895,911,885,908,922,906,908,874,859,939,910,889,879,889,892,920,905,922,874,910,889,908,891,861,814,874,907,889,858,840,841,875,875,888,909,887,873,924,912,894,860,847,904,889,872,891,872,857,907,910,908,841,825,876,893,902,888,832,876,861,861,858,876,859,909,926,936,920,861,877,924,922,923,922,922,959,939,952,938,888,874,925,924,0.00341796875,0.019236050394133015,0.03989589495276464,0.05219815630817487,0.026240290708094537,0.041524007080994726,0.054407766707750466,0.026654968874914416,0.04574233761183738,0.0166015625,0.023212625632821705,0.008734640537108554,0.019457869965987574,0.02039122365021592,0.027621358640099514,0.0068359375,0.013282686043686957,0.007873298582322802,0.004979511243742954,0.01824369305885684,0.003521046167445302,0.019457869965987574,0.019457869965987574,0.027793455997573647,0.0029296875,0.00966747552403483,0.011430371006562134,0.0234375,0.007042092334890604,0.022482157096135425,0.005859375,0.01179984958358845,0.014218964627501012,0.006176323555016366,0.003521046167445302,0.015440808887540914,0.0021836601342771385,0.013982247132105814,0.01708286687942959,0.003088161777508183,0.0009765625,0.018961413905222265,0.011134525635733769,0.0027621358640099515,0.019918044974971814,0.027759121881937295,0.033969779552590014,0.04941058844013093,0.016016815885602272,0.008052940675034493,0.009212872199274027,0.010381001770248682,0.004979511243742954,0.013601941676937616,0.0013810679320049757,0.0126953125,0.006176323555016366,0.004026470337517247,0.0009765625,0.008052940675034493,0.005258950006967289,0.009212872199274027,0.007042092334890604,0.0021836601342771385,0.03676080122015373,0.003521046167445302,0.00390625,0.0013810679320049757,0.0078125,0.006253051013118016,0.0244140625,0.0021836601342771385,0.00390625,0.0009765625,0.0027621358640099515,0.005940197783494355,0.0009765625,0.003088161777508183,0.006176323555016366,0.008286407592029853,0.003088161777508183,0.0048828125,0.0029296875,0.007873298582322802,0.011134525635733769,0.005694288959809864,0.0065509804028314154,0.0065509804028314154,0.0021836601342771385,0.0027621358640099515,0.0048828125,0.003088161777508183,0.0013810679320049757,0.03601384553630034,0.0021836601342771385,0.001953125,0.007109482313750506,0.003521046167445302,0.0065509804028314154,0.005258950006967289,0.004979511243742954,0.003521046167445302,0.00834375365753665,0.0021836601342771385,0.005940197783494355,0.0027621358640099515,0.0013810679320049757,0.0,0.001953125,0.001953125,0.0021836601342771385,0.011759369705851851,0.0013810679320049757,0.011388577919619728,0.01019561182510796,0.0048828125,0.0021836601342771385,0.003521046167445302,0.001953125,0.006905339660024878,0.004026470337517247,0.0009765625,0.0041432037960149265,0.006253051013118016,0.0041432037960149265,0.02315091717017519,0.003521046167445302,0.0021836601342771385,0.009765625,1,1,0.0
25.0,12.383594512939453,8.0,0.10866574943065643,0.9885256886482239,1.171875,14.440567970275879,12.239917755126953,2.34375,0.44309550523757935,0.015776850283145905,261.0,3104.0,300556.0,11.892720222473145,0.448238730430603,1.0864542722702026,3.308062791824341,0.0014652233803644776,0.0,0.1926189661026001,923,870,858,890,877,889,903,860,879,861,873,858,823,825,875,890,871,856,842,831,886,904,920,877,909,907,926,927,905,860,904,907,904,903,892,909,922,877,937,925,890,873,937,922,893,863,872,927,910,891,895,877,841,875,907,893,840,811,861,845,827,826,783,844,844,856,856,844,811,888,860,870,857,808,810,861,877,891,864,842,874,876,920,939,896,875,911,936,925,905,921,939,909,891,908,876,906,879,895,864,861,862,928,943,927,909,889,859,877,877,908,877,912,925,933,910,904,845,876,920,918,969,928,938,943,939,955,957,921,888,927,936,907,873,859,893,879,906,904,872,831,872,874,877,843,841,904,907,904,895,872,907,863,840,844,874,857,892,912,937,936,878,874,904,893,892,872,846,879,859,889,905,860,846,903,904,890,854,888,924,907,895,911,885,908,922,906,908,874,859,939,910,889,879,889,892,920,905,922,874,910,889,908,891,861,814,874,907,889,858,840,841,875,875,888,909,887,873,924,912,894,860,847,904,889,872,891,872,857,907,910,908,841,825,876,893,902,888,832,876,861,861,858,876,859,909,926,936,920,861,877,924,922,923,922,922,0.00390625,0.025334222209126653,0.0332174831087792,0.05245331641404603,0.0300838316420886,0.04296875,0.049071658306254345,0.02298555135925746,0.04283537538957287,0.014517645261053229,0.01878455474772592,0.006905339660024878,0.012236293052872722,0.018425744398548053,0.02751758360079174,0.010054326309557618,0.013810679320049757,0.01441877251975918,0.0027621358640099515,0.013982247132105814,0.0041432037960149265,0.01313830473347042,0.024119314521930602,0.021945512748285382,0.005694288959809864,0.004026470337517247,0.004367320268554277,0.026294750034836445,0.0027621358640099515,0.02847144479904932,0.0013810679320049757,0.01760523083722651,0.015254393898255184,0.011920464468489943,0.0065509804028314154,0.013671875,0.004367320268554277,0.013982247132105814,0.011759369705851851,0.004979511243742954,0.005524271728019903,0.01516032685181643,0.0146484375,0.007873298582322802,0.019384212149686726,0.02489755621871477,0.03385729652999944,0.05064961906207008,0.01727715430952552,0.006176323555016366,0.010054326309557618,0.012236293052872722,0.00834375365753665,0.012352647110032733,0.004367320268554277,0.009618025197066508,0.007873298582322802,0.001953125,0.0021836601342771385,0.009618025197066508,0.003521046167445302,0.01019561182510796,0.005859375,0.0048828125,0.03742923417331406,0.003088161777508183,0.004979511243742954,0.0,0.006253051013118016,0.005859375,0.024119314521930602,0.0021836601342771385,0.004026470337517247,0.0013810679320049757,0.003088161777508183,0.005524271728019903,0.0,0.003521046167445302,0.005940197783494355,0.009212872199274027,0.003088161777508183,0.004026470337517247,0.004026470337517247,0.008843149548962322,0.011388577919619728,0.004979511243742954,0.006905339660024878,0.007042092334890604,0.001953125,0.0021836601342771385,0.003521046167445302,0.0027621358640099515,0.0013810679320049757,0.03554741156875253,0.0029296875,0.0021836601342771385,0.007109482313750506,0.0027621358640099515,0.0068359375,0.005258950006967289,0.004367320268554277,0.0029296875,0.006905339660024878,0.003521046167445302,0.004979511243742954,0.0027621358640099515,0.0009765625,0.0009765625,0.0027621358640099515,0.0021836601342771385,0.0013810679320049757,0.010918300671385692,0.0021836601342771385,0.011759369705851851,0.008843149548962322,0.004026470337517247,0.0013810679320049757,0.004026470337517247,0.0009765625,0.005859375,0.004367320268554277,0.0013810679320049757,0.001953125,0.004026470337517247,0.005859375,0.022798081113142094,0.0048828125,0.0013810679320049757,0.0078125,1,1,0.0
25.0,12.28504467010498,7.0,0.10157103836536407,0.8722338080406189,18.359375,14.039977073669434,12.518471717834473,1.171875,0.41855889558792114,0.015440808609127998,250.0,2885.0,271253.6875,11.539999961853027,0.479870080947876,1.0724906921386719,3.256126880645752,0.0019989381544291973,0.0,0.1999312788248062,940,938,943,940,886,864,920,937,923,870,858,890,877,889,903,860,879,861,873,858,823,825,875,890,871,856,842,831,886,904,920,877,909,907,926,927,905,860,904,907,904,903,892,909,922,877,937,925,890,873,937,922,893,863,872,927,910,891,895,877,841,875,907,893,840,811,861,845,827,826,783,844,844,856,856,844,811,888,860,870,857,808,810,861,877,891,864,842,874,876,920,939,896,875,911,936,925,905,921,939,909,891,908,876,906,879,895,864,861,862,928,943,927,909,889,859,877,877,908,877,912,925,933,910,904,845,876,920,918,969,928,938,943,939,955,957,921,888,927,936,907,873,859,893,879,906,904,872,831,872,874,877,843,841,904,907,904,895,872,907,863,840,844,874,857,892,912,937,936,878,874,904,893,892,872,846,879,859,889,905,860,846,903,904,890,854,888,924,907,895,911,885,908,922,906,908,874,859,939,910,889,879,889,892,920,905,922,874,910,889,908,891,861,814,874,907,889,858,840,841,875,875,888,909,887,873,924,912,894,860,847,904,889,872,891,872,857,907,910,908,841,825,876,893,902,888,832,876,861,861,858,876,859,909,926,936,0.0009765625,0.023518739411703703,0.03521046167445302,0.05146215674318515,0.03144773864864183,0.04523919852304871,0.051248600638288774,0.0205078125,0.04367320268554277,0.016630260122975003,0.019555648822754675,0.009212872199274027,0.009003461384075085,0.018165112536853784,0.02763861659782208,0.013101960805662831,0.01760523083722651,0.01760523083722651,0.007873298582322802,0.009212872199274027,0.006176323555016366,0.01760523083722651,0.020132351687586234,0.02708090746848056,0.003088161777508183,0.009814331661250869,0.009814331661250869,0.020108652619115236,0.008286407592029853,0.020899350155305366,0.005524271728019903,0.012732817197661424,0.016370170521718956,0.004026470337517247,0.008052940675034493,0.008843149548962322,0.006253051013118016,0.020692988379313566,0.012079411012551739,0.006253051013118016,0.009814331661250869,0.009264485332524549,0.014517645261053229,0.014517645261053229,0.016164985700436375,0.01953125,0.03176456243611444,0.052161602972943914,0.021417687694786434,0.007627196949127592,0.012506102026236032,0.0126953125,0.013282686043686957,0.007042092334890604,0.008286407592029853,0.014218964627501012,0.0041432037960149265,0.004979511243742954,0.003088161777508183,0.009765625,0.0021836601342771385,0.006905339660024878,0.006905339660024878,0.001953125,0.037378240642587185,0.0041432037960149265,0.0041432037960149265,0.003088161777508183,0.008843149548962322,0.006905339660024878,0.022798081113142094,0.0021836601342771385,0.003088161777508183,0.0021836601342771385,0.00390625,0.005258950006967289,0.0009765625,0.001953125,0.0048828125,0.009618025197066508,0.004367320268554277,0.0041432037960149265,0.004026470337517247,0.009765625,0.013601941676937616,0.0021836601342771385,0.005258950006967289,0.005694288959809864,0.0009765625,0.003088161777508183,0.0065509804028314154,0.0041432037960149265,0.0021836601342771385,0.03434669022474409,0.001953125,0.001953125,0.0068359375,0.003088161777508183,0.006905339660024878,0.004367320268554277,0.005694288959809864,0.004979511243742954,0.008734640537108554,0.0021836601342771385,0.005940197783494355,0.0029296875,0.0013810679320049757,0.0013810679320049757,0.001953125,0.0013810679320049757,0.0013810679320049757,0.012352647110032733,0.001953125,0.012506102026236032,0.007873298582322802,0.0048828125,0.001953125,0.003521046167445302,0.001953125,0.0068359375,0.0021836601342771385,0.001953125,0.003088161777508183,0.006253051013118016,0.0048828125,0.021506558149946522,0.003088161777508183,0.003088161777508183,0.009765625,1,1,0.0
25.0,12.314175605773926,6.0,0.11660224199295044,0.9330737590789795,1.171875,14.915894508361816,12.382996559143066,18.359375,0.42640653252601624,0.015563844703137875,254.0,2853.0,282743.1875,11.232283592224121,0.4569912254810333,1.0273677110671997,3.4080655574798584,0.00012270691513549536,0.0,0.22598780691623688,887,844,843,904,924,952,936,909,940,938,943,940,886,864,920,937,923,870,858,890,877,889,903,860,879,861,873,858,823,825,875,890,871,856,842,831,886,904,920,877,909,907,926,927,905,860,904,907,904,903,892,909,922,877,937,925,890,873,937,922,893,863,872,927,910,891,895,877,841,875,907,893,840,811,861,845,827,826,783,844,844,856,856,844,811,888,860,870,857,808,810,861,877,891,864,842,874,876,920,939,896,875,911,936,925,905,921,939,909,891,908,876,906,879,895,864,861,862,928,943,927,909,889,859,877,877,908,877,912,925,933,910,904,845,876,920,918,969,928,938,943,939,955,957,921,888,927,936,907,873,859,893,879,906,904,872,831,872,874,877,843,841,904,907,904,895,872,907,863,840,844,874,857,892,912,937,936,878,874,904,893,892,872,846,879,859,889,905,860,846,903,904,890,854,888,924,907,895,911,885,908,922,906,908,874,859,939,910,889,879,889,892,920,905,922,874,910,889,908,891,861,814,874,907,889,858,840,841,875,875,888,909,887,873,924,912,894,860,847,904,889,872,891,872,857,907,910,908,841,825,876,893,902,888,832,876,0.0,0.020531050821902968,0.040430159266571196,0.045939974556012016,0.03625138904935661,0.05156397961892221,0.051248600638288774,0.0166015625,0.04306850990468739,0.016572815184059706,0.016370170521718956,0.00834375365753665,0.008843149548962322,0.021506558149946522,0.024724587697601882,0.014680953494504793,0.017820593350483065,0.016105881350068987,0.007109482313750506,0.009959022487485907,0.004026470337517247,0.016716057391234072,0.018528970665049098,0.027010384152225255,0.003088161777508183,0.009003461384075085,0.009814331661250869,0.022651198251451565,0.004979511243742954,0.025031260972609954,0.001953125,0.01516032685181643,0.01441877251975918,0.00834375365753665,0.004026470337517247,0.013879560940968648,0.003521046167445302,0.017387200990981306,0.0166015625,0.00390625,0.010517900013934578,0.011920464468489943,0.012732817197661424,0.0170549308560283,0.01284467425582608,0.016164985700436375,0.030336376107439583,0.05476591755003888,0.023478154844084585,0.009264485332524549,0.011134525635733769,0.010918300671385692,0.014517645261053229,0.0041432037960149265,0.006905339660024878,0.016016815885602272,0.003088161777508183,0.006176323555016366,0.0013810679320049757,0.0078125,0.004367320268554277,0.00966747552403483,0.005694288959809864,0.004026470337517247,0.037695818487536684,0.004026470337517247,0.0041432037960149265,0.0013810679320049757,0.006905339660024878,0.0065509804028314154,0.023212625632821705,0.0027621358640099515,0.00390625,0.0009765625,0.003088161777508183,0.0048828125,0.0013810679320049757,0.003088161777508183,0.006253051013118016,0.008843149548962322,0.0029296875,0.0048828125,0.003521046167445302,0.008052940675034493,0.011920464468489943,0.0029296875,0.0048828125,0.005524271728019903,0.0021836601342771385,0.0027621358640099515,0.0068359375,0.004026470337517247,0.0021836601342771385,0.03455430861905104,0.0009765625,0.0013810679320049757,0.006905339660024878,0.003521046167445302,0.005694288959809864,0.003088161777508183,0.005694288959809864,0.0048828125,0.0078125,0.0027621358640099515,0.005940197783494355,0.0021836601342771385,0.0013810679320049757,0.0021836601342771385,0.0021836601342771385,0.001953125,0.003088161777508183,0.011759369705851851,0.0,0.010563138502335907,0.010563138502335907,0.0048828125,0.001953125,0.004367320268554277,0.0,0.004979511243742954,0.003521046167445302,0.0021836601342771385,0.0029296875,0.005859375,0.005258950006967289,0.02039122365021592,0.0021836601342771385,0.004979511243742954,0.01171875,1,1,0.0
25.0,12.20185375213623,8.0,0.10982519388198853,0.9318464398384094,1.953125,14.87499713897705,12.231954574584961,18.359375,0.4293851852416992,0.01571628637611866,259.0,3145.0,308820.28125,12.142857551574707,0.46078962087631226,1.1280487775802612,3.411464214324951,0.0,0.0,0.20883622765541077,880,870,842,832,799,844,874,894,887,844,843,904,924,952,936,909,940,938,943,940,886,864,920,937,923,870,858,890,877,889,903,860,879,861,873,858,823,825,875,890,871,856,842,831,886,904,920,877,909,907,926,927,905,860,904,907,904,903,892,909,922,877,937,925,890,873,937,922,893,863,872,927,910,891,895,877,841,875,907,893,840,811,861,845,827,826,783,844,844,856,856,844,811,888,860,870,857,808,810,861,877,891,864,842,874,876,920,939,896,875,911,936,925,905,921,939,909,891,908,876,906,879,895,864,861,862,928,943,927,909,889,859,877,877,908,877,912,925,933,910,904,845,876,920,918,969,928,938,943,939,955,957,921,888,927,936,907,873,859,893,879,906,904,872,831,872,874,877,843,841,904,907,904,895,872,907,863,840,844,874,857,892,912,937,936,878,874,904,893,892,872,846,879,859,889,905,860,846,903,904,890,854,888,924,907,895,911,885,908,922,906,908,874,859,939,910,889,879,889,892,920,905,922,874,910,889,908,891,861,814,874,907,889,858,840,841,875,875,888,909,887,873,924,912,894,860,847,904,889,872,891,872,857,907,910,908,0.0,0.024119314521930602,0.035907766232129365,0.052932930597139265,0.029700988917471777,0.045939974556012016,0.05688424171566679,0.0146484375,0.05011012347916992,0.022777155839239456,0.01878455474772592,0.013706707859002147,0.005940197783494355,0.026672852116694654,0.020692988379313566,0.01760523083722651,0.0205078125,0.014517645261053229,0.005694288959809864,0.013879560940968648,0.0021836601342771385,0.014084184669781208,0.023457836229422487,0.021506558149946522,0.0065509804028314154,0.007873298582322802,0.008052940675034493,0.01792730444402912,0.010563138502335907,0.018528970665049098,0.009765625,0.012732817197661424,0.02108108705558877,0.008400708268596315,0.012732817197661424,0.010054326309557618,0.007437278423695223,0.010786485368346935,0.01760523083722651,0.005694288959809864,0.008052940675034493,0.021035800027869155,0.009264485332524549,0.022482157096135425,0.009814331661250869,0.009618025197066508,0.0332174831087792,0.05469621861304862,0.024492062898407135,0.01019561182510796,0.007042092334890604,0.004026470337517247,0.009264485332524549,0.011388577919619728,0.003521046167445302,0.00966747552403483,0.0065509804028314154,0.003521046167445302,0.003521046167445302,0.009814331661250869,0.004026470337517247,0.007873298582322802,0.009003461384075085,0.0048828125,0.0352916230460794,0.003521046167445302,0.0065509804028314154,0.001953125,0.007109482313750506,0.008843149548962322,0.022881590847382775,0.0009765625,0.001953125,0.0021836601342771385,0.004367320268554277,0.004367320268554277,0.001953125,0.0021836601342771385,0.0027621358640099515,0.010517900013934578,0.0048828125,0.007627196949127592,0.0027621358640099515,0.005258950006967289,0.0107421875,0.006253051013118016,0.006905339660024878,0.0021836601342771385,0.005524271728019903,0.00390625,0.008734640537108554,0.005859375,0.003521046167445302,0.035814689103305174,0.0009765625,0.0009765625,0.0078125,0.004367320268554277,0.006253051013118016,0.003088161777508183,0.005258950006967289,0.0048828125,0.009618025197066508,0.0021836601342771385,0.004979511243742954,0.003521046167445302,0.0021836601342771385,0.003088161777508183,0.003521046167445302,0.0027621358640099515,0.004367320268554277,0.010918300671385692,0.0027621358640099515,0.00834375365753665,0.012352647110032733,0.004367320268554277,0.0021836601342771385,0.007109482313750506,0.003521046167445302,0.005940197783494355,0.0021836601342771385,0.004026470337517247,0.005859375,0.007437278423695223,0.003521046167445302,0.023212625632821705,0.0048828125,0.0009765625,0.0078125,1,1,0.0
25.0,12.398244857788086,5.0,0.10971669107675552,1.0009726285934448,18.359375,16.601781845092773,12.138833999633789,2.34375,0.4453580379486084,0.016046559438109398,270.0,3393.0,352161.3125,12.566666603088379,0.4449252784252167,1.0816066265106201,3.6343185901641846,0.0,-16.015625,0.23423397541046143,893,891,925,906,888,864,829,903,880,870,842,832,799,844,874,894,887,844,843,904,924,952,936,909,940,938,943,940,886,864,920,937,923,870,858,890,877,889,903,860,879,861,873,858,823,825,875,890,871,856,842,831,886,904,920,877,909,907,926,927,905,860,904,907,904,903,892,909,922,877,937,925,890,873,937,922,893,863,872,927,910,891,895,877,841,875,907,893,840,811,861,845,827,826,783,844,844,856,856,844,811,888,860,870,857,808,810,861,877,891,864,842,874,876,920,939,896,875,911,936,925,905,921,939,909,891,908,876,906,879,895,864,861,862,928,943,927,909,889,859,877,877,908,877,912,925,933,910,904,845,876,920,918,969,928,938,943,939,955,957,921,888,927,936,907,873,859,893,879,906,904,872,831,872,874,877,843,841,904,907,904,895,872,907,863,840,844,874,857,892,912,937,936,878,874,904,893,892,872,846,879,859,889,905,860,846,903,904,890,854,888,924,907,895,911,885,908,922,906,908,874,859,939,910,889,879,889,892,920,905,922,874,910,889,908,891,861,814,874,907,889,858,840,841,875,875,888,909,887,873,924,912,894,860,847,904,0.00244140625,0.022651198251451565,0.037314400731528904,0.050413708981016825,0.030835260554388563,0.0436404354912194,0.05402959450634005,0.01953125,0.05245331641404603,0.026057937625246747,0.023518739411703703,0.018165112536853784,0.007109482313750506,0.030336376107439583,0.016630260122975003,0.01589728573837862,0.017820593350483065,0.011759369705851851,0.003088161777508183,0.0126953125,0.00390625,0.0170549308560283,0.019773883526676354,0.024119314521930602,0.0048828125,0.005694288959809864,0.0048828125,0.0192608231673008,0.010918300671385692,0.018425744398548053,0.01019561182510796,0.011759369705851851,0.02108108705558877,0.007437278423695223,0.012732817197661424,0.008734640537108554,0.007437278423695223,0.011759369705851851,0.016016815885602272,0.006905339660024878,0.0068359375,0.023619895746968406,0.00834375365753665,0.0244140625,0.010054326309557618,0.009003461384075085,0.034402177644157296,0.05329204550641505,0.024158822025103478,0.010054326309557618,0.004367320268554277,0.0048828125,0.006253051013118016,0.013101960805662831,0.0078125,0.01242961138804478,0.004367320268554277,0.006905339660024878,0.00390625,0.006905339660024878,0.004979511243742954,0.01019561182510796,0.006905339660024878,0.0041432037960149265,0.037695818487536684,0.004026470337517247,0.004979511243742954,0.0009765625,0.006905339660024878,0.006253051013118016,0.023619895746968406,0.0009765625,0.001953125,0.003088161777508183,0.004979511243742954,0.004026470337517247,0.0027621358640099515,0.003088161777508183,0.0013810679320049757,0.010381001770248682,0.0048828125,0.007627196949127592,0.005258950006967289,0.005258950006967289,0.01313830473347042,0.004979511243742954,0.0041432037960149265,0.0041432037960149265,0.00390625,0.0048828125,0.007042092334890604,0.003521046167445302,0.0009765625,0.03363120187055188,0.003088161777508183,0.003088161777508183,0.007109482313750506,0.004979511243742954,0.005524271728019903,0.0009765625,0.005694288959809864,0.0048828125,0.006253051013118016,0.004026470337517247,0.0048828125,0.0013810679320049757,0.001953125,0.003088161777508183,0.0029296875,0.0021836601342771385,0.0048828125,0.009765625,0.003088161777508183,0.0087890625,0.0126953125,0.0029296875,0.001953125,0.007437278423695223,0.0029296875,0.007109482313750506,0.0009765625,0.001953125,0.00390625,0.0048828125,0.0048828125,0.020899350155305366,0.004026470337517247,0.004026470337517247,0.0107421875,1,1,0.0
25.0,12.106311798095703,7.0,0.10339943319559097,1.0242120027542114,18.359375,14.859451293945312,11.937899589538574,2.34375,0.4536624848842621,0.016046559438109398,270.0,3061.0,332016.0,11.337037086486816,0.44293808937072754,1.027871012687683,3.404644250869751,0.0007226686575450003,0.0,0.22398369014263153,920,890,895,858,826,879,908,923,893,891,925,906,888,864,829,903,880,870,842,832,799,844,874,894,887,844,843,904,924,952,936,909,940,938,943,940,886,864,920,937,923,870,858,890,877,889,903,860,879,861,873,858,823,825,875,890,871,856,842,831,886,904,920,877,909,907,926,927,905,860,904,907,904,903,892,909,922,877,937,925,890,873,937,922,893,863,872,927,910,891,895,877,841,875,907,893,840,811,861,845,827,826,783,844,844,856,856,844,811,888,860,870,857,808,810,861,877,891,864,842,874,876,920,939,896,875,911,936,925,905,921,939,909,891,908,876,906,879,895,864,861,862,928,943,927,909,889,859,877,877,908,877,912,925,933,910,904,845,876,920,918,969,928,938,943,939,955,957,921,888,927,936,907,873,859,893,879,906,904,872,831,872,874,877,843,841,904,907,904,895,872,907,863,840,844,874,857,892,912,937,936,878,874,904,893,892,872,846,879,859,889,905,860,846,903,904,890,854,888,924,907,895,911,885,908,922,906,908,874,859,939,910,889,879,889,892,920,905,922,874,910,889,908,891,861,814,874,907,889,858,840,841,875,875,888,909,0.00146484375,0.023457836229422487,0.0361328125,0.050753072110102666,0.029893023173855404,0.044804959949040865,0.05476591755003888,0.01708286687942959,0.050753072110102666,0.0234375,0.022545696055889054,0.0170549308560283,0.004367320268554277,0.0283875817456028,0.017304731588544287,0.020320949264340638,0.02108108705558877,0.0087890625,0.0021836601342771385,0.016716057391234072,0.007437278423695223,0.015746597164645604,0.018165112536853784,0.028920103310470405,0.0021836601342771385,0.004026470337517247,0.0009765625,0.022651198251451565,0.013706707859002147,0.014938533731228863,0.015254393898255184,0.013810679320049757,0.026294750034836445,0.013028968812623373,0.013282686043686957,0.0146484375,0.0027621358640099515,0.013879560940968648,0.014778072217208551,0.001953125,0.0021836601342771385,0.02161713244255728,0.0029296875,0.022777155839239456,0.009003461384075085,0.007627196949127592,0.036604814089826784,0.052932930597139265,0.022714264354712906,0.011134525635733769,0.0013810679320049757,0.008052940675034493,0.007627196949127592,0.010918300671385692,0.009765625,0.015440808887540914,0.0013810679320049757,0.0065509804028314154,0.001953125,0.007873298582322802,0.003088161777508183,0.007627196949127592,0.0068359375,0.003521046167445302,0.03582800064032059,0.0021836601342771385,0.005694288959809864,0.0,0.0068359375,0.007437278423695223,0.023619895746968406,0.0,0.0009765625,0.003521046167445302,0.005694288959809864,0.003088161777508183,0.004026470337517247,0.004367320268554277,0.0021836601342771385,0.010054326309557618,0.004979511243742954,0.008400708268596315,0.006905339660024878,0.007437278423695223,0.014680953494504793,0.003521046167445302,0.004367320268554277,0.005940197783494355,0.0009765625,0.0021836601342771385,0.006176323555016366,0.0048828125,0.0029296875,0.034402177644157296,0.0013810679320049757,0.0021836601342771385,0.007873298582322802,0.004026470337517247,0.005859375,0.003088161777508183,0.005940197783494355,0.005940197783494355,0.009003461384075085,0.0029296875,0.00390625,0.0021836601342771385,0.0027621358640099515,0.003088161777508183,0.0041432037960149265,0.003088161777508183,0.005258950006967289,0.009003461384075085,0.004026470337517247,0.009264485332524549,0.011430371006562134,0.0009765625,0.0021836601342771385,0.004979511243742954,0.0021836601342771385,0.006253051013118016,0.003521046167445302,0.001953125,0.0027621358640099515,0.007109482313750506,0.003088161777508183,0.022798081113142094,0.003088161777508183,0.0021836601342771385,0.0078125,1,1,0.0
25.0,12.03326416015625,5.0,0.11384983360767365,0.9631754755973816,18.359375,14.618775367736816,12.011012077331543,2.34375,0.4347640573978424,0.016164986416697502,274.0,3145.0,330915.75,11.47810173034668,0.45138612389564514,1.0704561471939087,3.358058452606201,0.00025616210768930614,0.0,0.19415321946144104,858,830,896,937,893,871,875,942,920,890,895,858,826,879,908,923,893,891,925,906,888,864,829,903,880,870,842,832,799,844,874,894,887,844,843,904,924,952,936,909,940,938,943,940,886,864,920,937,923,870,858,890,877,889,903,860,879,861,873,858,823,825,875,890,871,856,842,831,886,904,920,877,909,907,926,927,905,860,904,907,904,903,892,909,922,877,937,925,890,873,937,922,893,863,872,927,910,891,895,877,841,875,907,893,840,811,861,845,827,826,783,844,844,856,856,844,811,888,860,870,857,808,810,861,877,891,864,842,874,876,920,939,896,875,911,936,925,905,921,939,909,891,908,876,906,879,895,864,861,862,928,943,927,909,889,859,877,877,908,877,912,925,933,910,904,845,876,920,918,969,928,938,943,939,955,957,921,888,927,936,907,873,859,893,879,906,904,872,831,872,874,877,843,841,904,907,904,895,872,907,863,840,844,874,857,892,912,937,936,878,874,904,893,892,872,846,879,859,889,905,860,846,903,904,890,854,888,924,907,895,911,885,908,922,906,908,874,859,939,910,889,879,889,892,920,905,922,874,910,889,908,891,861,814,874,907,0.0,0.024119314521930602,0.03360283307438526,0.05328309713165524,0.02681548870653512,0.04194674139631744,0.05937789106859477,0.013028968812623373,0.049042498162069216,0.0205078125,0.018961413905222265,0.014906579611790769,0.0,0.02756951994822872,0.017304731588544287,0.023212625632821705,0.024119314521930602,0.005859375,0.003521046167445302,0.015746597164645604,0.008843149548962322,0.01875915303935405,0.015776850020901866,0.0283875817456028,0.004979511243742954,0.0013810679320049757,0.0029296875,0.019652941208494246,0.013566839833447074,0.015440808887540914,0.01179984958358845,0.0126953125,0.022032254243512652,0.0087890625,0.013706707859002147,0.011759369705851851,0.0078125,0.008843149548962322,0.019628663322501738,0.0041432037960149265,0.008400708268596315,0.0166015625,0.0048828125,0.017953883116064683,0.006253051013118016,0.006176323555016366,0.0377211092106015,0.05603971381017021,0.0242573092741684,0.014084184669781208,0.0078125,0.015655487833868553,0.014778072217208551,0.005524271728019903,0.009003461384075085,0.015655487833868553,0.0068359375,0.003088161777508183,0.005940197783494355,0.009765625,0.00834375365753665,0.014218964627501012,0.007109482313750506,0.006176323555016366,0.040465526084180976,0.005940197783494355,0.008052940675034493,0.004367320268554277,0.001953125,0.009264485332524549,0.024472586105745445,0.0029296875,0.0021836601342771385,0.006176323555016366,0.008400708268596315,0.0,0.00390625,0.0048828125,0.004026470337517247,0.010054326309557618,0.004367320268554277,0.007873298582322802,0.006176323555016366,0.005694288959809864,0.013810679320049757,0.00390625,0.004026470337517247,0.005940197783494355,0.0021836601342771385,0.003088161777508183,0.005859375,0.0048828125,0.0021836601342771385,0.0332174831087792,0.0021836601342771385,0.0027621358640099515,0.009003461384075085,0.006176323555016366,0.0048828125,0.0048828125,0.005258950006967289,0.005940197783494355,0.009959022487485907,0.004026470337517247,0.0029296875,0.0027621358640099515,0.0041432037960149265,0.004367320268554277,0.0029296875,0.0021836601342771385,0.0041432037960149265,0.010918300671385692,0.0041432037960149265,0.007873298582322802,0.012506102026236032,0.0,0.003521046167445302,0.005258950006967289,0.003088161777508183,0.0065509804028314154,0.0041432037960149265,0.003088161777508183,0.00390625,0.006905339660024878,0.003088161777508183,0.02231183527108567,0.003088161777508183,0.0021836601342771385,0.0078125,1,1,0.0
25.0,12.126866340637207,6.0,0.11694270372390747,0.8848680257797241,18.359375,17.748592376708984,12.53931999206543,2.34375,0.41455909609794617,0.016311809420585632,279.0,3697.0,370311.65625,13.250896453857422,0.46849820017814636,1.1226844787597656,3.729299545288086,0.0,0.0,0.23392651975154877,872,857,855,846,909,904,922,919,858,830,896,937,893,871,875,942,920,890,895,858,826,879,908,923,893,891,925,906,888,864,829,903,880,870,842,832,799,844,874,894,887,844,843,904,924,952,936,909,940,938,943,940,886,864,920,937,923,870,858,890,877,889,903,860,879,861,873,858,823,825,875,890,871,856,842,831,886,904,920,877,909,907,926,927,905,860,904,907,904,903,892,909,922,877,937,925,890,873,937,922,893,863,872,927,910,891,895,877,841,875,907,893,840,811,861,845,827,826,783,844,844,856,856,844,811,888,860,870,857,808,810,861,877,891,864,842,874,876,920,939,896,875,911,936,925,905,921,939,909,891,908,876,906,879,895,864,861,862,928,943,927,909,889,859,877,877,908,877,912,925,933,910,904,845,876,920,918,969,928,938,943,939,955,957,921,888,927,936,907,873,859,893,879,906,904,872,831,872,874,877,843,841,904,907,904,895,872,907,863,840,844,874,857,892,912,937,936,878,874,904,893,892,872,846,879,859,889,905,860,846,903,904,890,854,888,924,907,895,911,885,908,922,906,908,874,859,939,910,889,879,889,892,920,905,922,874,0.00244140625,0.022777155839239456,0.0363433477850164,0.051239295399784786,0.02713367966689415,0.03941491420041126,0.061173670950647754,0.012352647110032733,0.05139725533961237,0.01953125,0.01589728573837862,0.013706707859002147,0.0048828125,0.030414866215619993,0.015746597164645604,0.025465634395322848,0.018425744398548053,0.007437278423695223,0.0048828125,0.010918300671385692,0.003521046167445302,0.013671875,0.0208765218031562,0.030414866215619993,0.003088161777508183,0.005940197783494355,0.004367320268554277,0.022798081113142094,0.019749754312653012,0.009618025197066508,0.015776850020901866,0.01800692276815017,0.019652941208494246,0.006176323555016366,0.012506102026236032,0.006905339660024878,0.012732817197661424,0.006176323555016366,0.024119314521930602,0.009618025197066508,0.011920464468489943,0.011134525635733769,0.009212872199274027,0.01441877251975918,0.009003461384075085,0.011920464468489943,0.043013116299893045,0.05374643713209771,0.021683206358568866,0.013601941676937616,0.009959022487485907,0.016370170521718956,0.016105881350068987,0.004979511243742954,0.0021836601342771385,0.009959022487485907,0.006905339660024878,0.0078125,0.005694288959809864,0.005258950006967289,0.005258950006967289,0.009212872199274027,0.006253051013118016,0.003521046167445302,0.03742923417331406,0.0041432037960149265,0.003088161777508183,0.003521046167445302,0.005258950006967289,0.005940197783494355,0.026240290708094537,0.003088161777508183,0.0021836601342771385,0.006905339660024878,0.00834375365753665,0.0,0.005694288959809864,0.005694288959809864,0.004979511243742954,0.007873298582322802,0.001953125,0.005258950006967289,0.004026470337517247,0.007437278423695223,0.0107421875,0.006905339660024878,0.005694288959809864,0.005524271728019903,0.0048828125,0.007042092334890604,0.003088161777508183,0.008052940675034493,0.006253051013118016,0.033203125,0.004026470337517247,0.001953125,0.007109482313750506,0.0013810679320049757,0.007873298582322802,0.0013810679320049757,0.006176323555016366,0.004026470337517247,0.007873298582322802,0.0009765625,0.0041432037960149265,0.005258950006967289,0.006905339660024878,0.007109482313750506,0.0021836601342771385,0.0,0.0027621358640099515,0.012079411012551739,0.005524271728019903,0.007042092334890604,0.013879560940968648,0.0021836601342771385,0.004367320268554277,0.003088161777508183,0.0,0.0041432037960149265,0.0021836601342771385,0.0021836601342771385,0.0027621358640099515,0.00390625,0.0068359375,0.01953125,0.003521046167445302,0.004026470337517247,0.00390625,1,1,0.0
25.0,11.816778182983398,6.0,0.11680904030799866,0.8926356434822083,18.359375,17.784887313842773,12.19874382019043,2.34375,0.41654491424560547,0.016282550990581512,278.0,3924.0,378461.5,14.115107536315918,0.46664607524871826,1.295477032661438,3.7056539058685303,0.0007024839869700372,0.0,0.22516636550426483,908,874,878,905,856,824,857,891,872,857,855,846,909,904,922,919,858,830,896,937,893,871,875,942,920,890,895,858,826,879,908,923,893,891,925,906,888,864,829,903,880,870,842,832,799,844,874,894,887,844,843,904,924,952,936,909,940,938,943,940,886,864,920,937,923,870,858,890,877,889,903,860,879,861,873,858,823,825,875,890,871,856,842,831,886,904,920,877,909,907,926,927,905,860,904,907,904,903,892,909,922,877,937,925,890,873,937,922,893,863,872,927,910,891,895,877,841,875,907,893,840,811,861,845,827,826,783,844,844,856,856,844,811,888,860,870,857,808,810,861,877,891,864,842,874,876,920,939,896,875,911,936,925,905,921,939,909,891,908,876,906,879,895,864,861,862,928,943,927,909,889,859,877,877,908,877,912,925,933,910,904,845,876,920,918,969,928,938,943,939,955,957,921,888,927,936,907,873,859,893,879,906,904,872,831,872,874,877,843,841,904,907,904,895,872,907,863,840,844,874,857,892,912,937,936,878,874,904,893,892,872,846,879,859,889,905,860,846,903,904,890,854,888,924,907,895,911,885,908,922,906,908,874,859,939,910,0.0009765625,0.021439939843847802,0.03936649291161401,0.04673236763283359,0.031204190055996988,0.03618556115947052,0.06350660346831682,0.013810679320049757,0.05321145596025499,0.019555648822754675,0.014680953494504793,0.014517645261053229,0.009003461384075085,0.0341098617120566,0.011759369705851851,0.0235996991671769,0.014084184669781208,0.012079411012551739,0.007042092334890604,0.013879560940968648,0.005258950006967289,0.011134525635733769,0.01933495104806966,0.0333750146301466,0.006176323555016366,0.003521046167445302,0.004367320268554277,0.018657200365764452,0.0166015625,0.013810679320049757,0.012732817197661424,0.014517645261053229,0.02286074201312427,0.0087890625,0.010563138502335907,0.008052940675034493,0.010054326309557618,0.009264485332524549,0.021683206358568866,0.010054326309557618,0.013810679320049757,0.010054326309557618,0.01188039556698871,0.010517900013934578,0.011759369705851851,0.014084184669781208,0.04442017740446937,0.051711727714350494,0.020108652619115236,0.012079411012551739,0.010918300671385692,0.015254393898255184,0.015254393898255184,0.008286407592029853,0.004026470337517247,0.0107421875,0.004367320268554277,0.007109482313750506,0.0021836601342771385,0.009003461384075085,0.003088161777508183,0.009003461384075085,0.0078125,0.005940197783494355,0.03984805813106087,0.0065509804028314154,0.006253051013118016,0.0041432037960149265,0.003088161777508183,0.008400708268596315,0.023212625632821705,0.0021836601342771385,0.0,0.003521046167445302,0.005940197783494355,0.003088161777508183,0.006253051013118016,0.007873298582322802,0.006905339660024878,0.005258950006967289,0.0021836601342771385,0.003088161777508183,0.0013810679320049757,0.005694288959809864,0.008734640537108554,0.010054326309557618,0.004979511243742954,0.00834375365753665,0.00390625,0.0048828125,0.00390625,0.007437278423695223,0.0041432037960149265,0.0341098617120566,0.0021836601342771385,0.001953125,0.0087890625,0.00390625,0.006905339660024878,0.003088161777508183,0.007627196949127592,0.005940197783494355,0.006253051013118016,0.0021836601342771385,0.005694288959809864,0.005258950006967289,0.005694288959809864,0.007873298582322802,0.003521046167445302,0.001953125,0.001953125,0.013706707859002147,0.006253051013118016,0.006176323555016366,0.013282686043686957,0.0029296875,0.004367320268554277,0.003088161777508183,0.0009765625,0.005694288959809864,0.0009765625,0.0013810679320049757,0.001953125,0.0048828125,0.0048828125,0.021506558149946522,0.004026470337517247,0.0021836601342771385,0.005859375,1,1,0.0
25.0,12.023507118225098,7.0,0.12086748331785202,0.9211744666099548,3.125,19.076549530029297,12.278935432434082,2.34375,0.42153090238571167,0.016341015696525574,280.0,4229.0,391210.09375,15.103571891784668,0.4576016068458557,1.4243853092193604,3.7967376708984375,0.00011150136560900137,0.0,0.23669114708900452,919,912,920,922,940,940,957,895,908,874,878,905,856,824,857,891,872,857,855,846,909,904,922,919,858,830,896,937,893,871,875,942,920,890,895,858,826,879,908,923,893,891,925,906,888,864,829,903,880,870,842,832,799,844,874,894,887,844,843,904,924,952,936,909,940,938,943,940,886,864,920,937,923,870,858,890,877,889,903,860,879,861,873,858,823,825,875,890,871,856,842,831,886,904,920,877,909,907,926,927,905,860,904,907,904,903,892,909,922,877,937,925,890,873,937,922,893,863,872,927,910,891,895,877,841,875,907,893,840,811,861,845,827,826,783,844,844,856,856,844,811,888,860,870,857,808,810,861,877,891,864,842,874,876,920,939,896,875,911,936,925,905,921,939,909,891,908,876,906,879,895,864,861,862,928,943,927,909,889,859,877,877,908,877,912,925,933,910,904,845,876,920,918,969,928,938,943,939,955,957,921,888,927,936,907,873,859,893,879,906,904,872,831,872,874,877,843,841,904,907,904,895,872,907,863,840,844,874,857,892,912,937,936,878,874,904,893,892,872,846,879,859,889,905,860,846,903,904,890,854,888,924,907,895,911,885,0.00048828125,0.026002982335340524,0.03152346170228315,0.05256229156561675,0.032033631771204545,0.04225255400934363,0.05694288959809864,0.020132351687586234,0.059450122090720404,0.0234375,0.010381001770248682,0.01589728573837862,0.014680953494504793,0.03891573993197515,0.009003461384075085,0.021417687694786434,0.010054326309557618,0.01516032685181643,0.0065509804028314154,0.01760523083722651,0.007873298582322802,0.01313830473347042,0.0170549308560283,0.032241355506287456,0.005524271728019903,0.001953125,0.0013810679320049757,0.021126277004671814,0.015655487833868553,0.011920464468489943,0.016253239235442616,0.018425744398548053,0.020967686087484266,0.005859375,0.012732817197661424,0.008052940675034493,0.011048543456039806,0.007109482313750506,0.020692988379313566,0.005694288959809864,0.010054326309557618,0.014084184669781208,0.01313830473347042,0.0068359375,0.013282686043686957,0.01800692276815017,0.048317644050206957,0.050043468653589676,0.016370170521718956,0.010786485368346935,0.010918300671385692,0.010054326309557618,0.010786485368346935,0.009003461384075085,0.006905339660024878,0.013982247132105814,0.004367320268554277,0.005694288959809864,0.004367320268554277,0.006253051013118016,0.005258950006967289,0.008843149548962322,0.006905339660024878,0.005940197783494355,0.03931801199061991,0.006253051013118016,0.004979511243742954,0.0048828125,0.003521046167445302,0.007873298582322802,0.024433585943743757,0.0027621358640099515,0.0013810679320049757,0.0048828125,0.006176323555016366,0.003521046167445302,0.005940197783494355,0.006905339660024878,0.008052940675034493,0.005258950006967289,0.004367320268554277,0.0029296875,0.003088161777508183,0.005258950006967289,0.010563138502335907,0.01019561182510796,0.003521046167445302,0.009814331661250869,0.0013810679320049757,0.0021836601342771385,0.006176323555016366,0.0048828125,0.0021836601342771385,0.0316291694154329,0.004979511243742954,0.0021836601342771385,0.008052940675034493,0.0021836601342771385,0.006905339660024878,0.001953125,0.005940197783494355,0.0041432037960149265,0.007437278423695223,0.0021836601342771385,0.004026470337517247,0.004367320268554277,0.0048828125,0.005940197783494355,0.00390625,0.0009765625,0.0021836601342771385,0.012732817197661424,0.0048828125,0.005940197783494355,0.013810679320049757,0.0021836601342771385,0.004367320268554277,0.0027621358640099515,0.0,0.005258950006967289,0.001953125,0.0013810679320049757,0.003088161777508183,0.004367320268554277,0.005859375,0.020108652619115236,0.004026470337517247,0.00390625,0.0048828125,1,1,0.0
25.0,11.639715194702148,8.0,0.1229754239320755,1.0110987424850464,2.34375,15.634696960449219,11.650178909301758,3.125,0.44093233346939087,0.01657281443476677,288.0,3706.0,413400.03125,12.86805534362793,0.4360922574996948,1.090000033378601,3.5174288749694824,2.7039450287702493e-05,0.78125,0.22183857858181,857,864,873,875,855,861,923,927,919,912,920,922,940,940,957,895,908,874,878,905,856,824,857,891,872,857,855,846,909,904,922,919,858,830,896,937,893,871,875,942,920,890,895,858,826,879,908,923,893,891,925,906,888,864,829,903,880,870,842,832,799,844,874,894,887,844,843,904,924,952,936,909,940,938,943,940,886,864,920,937,923,870,858,890,877,889,903,860,879,861,873,858,823,825,875,890,871,856,842,831,886,904,920,877,909,907,926,927,905,860,904,907,904,903,892,909,922,877,937,925,890,873,937,922,893,863,872,927,910,891,895,877,841,875,907,893,840,811,861,845,827,826,783,844,844,856,856,844,811,888,860,870,857,808,810,861,877,891,864,842,874,876,920,939,896,875,911,936,925,905,921,939,909,891,908,876,906,879,895,864,861,862,928,943,927,909,889,859,877,877,908,877,912,925,933,910,904,845,876,920,918,969,928,938,943,939,955,957,921,888,927,936,907,873,859,893,879,906,904,872,831,872,874,877,843,841,904,907,904,895,872,907,863,840,844,874,857,892,912,937,936,878,874,904,893,892,872,846,879,859,889,905,860,846,903,904,0.00048828125,0.018961413905222265,0.03954776705335271,0.05111817315743125,0.025353037081537442,0.041718768287683256,0.055672628178668845,0.02003738723504218,0.060962847793021906,0.030289184412638327,0.004367320268554277,0.015776850020901866,0.020716018980074635,0.044932488555966175,0.007109482313750506,0.01886055460530075,0.009814331661250869,0.016370170521718956,0.005940197783494355,0.01760523083722651,0.007042092334890604,0.013706707859002147,0.018657200365764452,0.03179457147675724,0.0048828125,0.0029296875,0.0027621358640099515,0.020531050821902968,0.01680141653719263,0.010786485368346935,0.014778072217208551,0.01760523083722651,0.020531050821902968,0.007109482313750506,0.010517900013934578,0.006905339660024878,0.011430371006562134,0.004979511243742954,0.023457836229422487,0.006176323555016366,0.006905339660024878,0.01708286687942959,0.0107421875,0.007873298582322802,0.013810679320049757,0.0208765218031562,0.051905008851243405,0.04809012598533254,0.011759369705851851,0.008052940675034493,0.008052940675034493,0.007042092334890604,0.009264485332524549,0.006176323555016366,0.005258950006967289,0.00966747552403483,0.008400708268596315,0.009618025197066508,0.003088161777508183,0.009814331661250869,0.0041432037960149265,0.010517900013934578,0.0065509804028314154,0.003521046167445302,0.037057941330098196,0.00390625,0.001953125,0.005258950006967289,0.005258950006967289,0.009959022487485907,0.023294649300540163,0.00390625,0.0021836601342771385,0.0021836601342771385,0.005694288959809864,0.003521046167445302,0.005524271728019903,0.005940197783494355,0.006253051013118016,0.007437278423695223,0.0048828125,0.0027621358640099515,0.0041432037960149265,0.0068359375,0.010786485368346935,0.010918300671385692,0.0021836601342771385,0.009618025197066508,0.0009765625,0.003088161777508183,0.005940197783494355,0.005258950006967289,0.004979511243742954,0.0325211441510678,0.003521046167445302,0.0021836601342771385,0.0087890625,0.003088161777508183,0.007873298582322802,0.003088161777508183,0.007042092334890604,0.0048828125,0.007873298582322802,0.0021836601342771385,0.003521046167445302,0.004026470337517247,0.004026470337517247,0.005524271728019903,0.003521046167445302,0.0009765625,0.0021836601342771385,0.013028968812623373,0.005258950006967289,0.005859375,0.013101960805662831,0.0021836601342771385,0.003088161777508183,0.00390625,0.0,0.00390625,0.001953125,0.0021836601342771385,0.003088161777508183,0.004367320268554277,0.006253051013118016,0.020967686087484266,0.004367320268554277,0.0021836601342771385,0.005859375,1,1,0.0
24.21875,11.661465644836426,8.0,0.13326396048069,1.0342516899108887,2.34375,15.078713417053223,11.570887565612793,3.125,0.4406648576259613,0.016687506809830666,292.0,3897.0,435414.28125,13.345890045166016,0.4260711669921875,1.1990768909454346,3.445695161819458,2.667947228474077e-05,0.0,0.21258874237537384,879,841,862,891,876,872,889,831,857,864,873,875,855,861,923,927,919,912,920,922,940,940,957,895,908,874,878,905,856,824,857,891,872,857,855,846,909,904,922,919,858,830,896,937,893,871,875,942,920,890,895,858,826,879,908,923,893,891,925,906,888,864,829,903,880,870,842,832,799,844,874,894,887,844,843,904,924,952,936,909,940,938,943,940,886,864,920,937,923,870,858,890,877,889,903,860,879,861,873,858,823,825,875,890,871,856,842,831,886,904,920,877,909,907,926,927,905,860,904,907,904,903,892,909,922,877,937,925,890,873,937,922,893,863,872,927,910,891,895,877,841,875,907,893,840,811,861,845,827,826,783,844,844,856,856,844,811,888,860,870,857,808,810,861,877,891,864,842,874,876,920,939,896,875,911,936,925,905,921,939,909,891,908,876,906,879,895,864,861,862,928,943,927,909,889,859,877,877,908,877,912,925,933,910,904,845,876,920,918,969,928,938,943,939,955,957,921,888,927,936,907,873,859,893,879,906,904,872,831,872,874,877,843,841,904,907,904,895,872,907,863,840,844,874,857,892,912,937,936,878,874,904,893,892,872,846,0.00146484375,0.021945512748285382,0.0385216463346016,0.0492656181860525,0.02751758360079174,0.04008667139018319,0.05781546920162377,0.018657200365764452,0.059047720538402244,0.03088161777508183,0.0029296875,0.016370170521718956,0.022482157096135425,0.04627092867375834,0.006253051013118016,0.016858082521125067,0.011759369705851851,0.013810679320049757,0.004367320268554277,0.01589728573837862,0.0078125,0.014218964627501012,0.01516032685181643,0.029813159223581537,0.0027621358640099515,0.0048828125,0.0041432037960149265,0.01953125,0.0166875073150733,0.014874556847390447,0.014680953494504793,0.017953883116064683,0.023294649300540163,0.006905339660024878,0.01441877251975918,0.009618025197066508,0.009003461384075085,0.009765625,0.02039122365021592,0.009765625,0.012506102026236032,0.01284467425582608,0.006176323555016366,0.012506102026236032,0.011430371006562134,0.020600608505594715,0.05258950006967289,0.0492656181860525,0.011134525635733769,0.007042092334890604,0.007437278423695223,0.006905339660024878,0.01313830473347042,0.0027621358640099515,0.004026470337517247,0.007627196949127592,0.007109482313750506,0.008052940675034493,0.0009765625,0.009003461384075085,0.005694288959809864,0.010918300671385692,0.0065509804028314154,0.0041432037960149265,0.03798564519292329,0.004026470337517247,0.004026470337517247,0.005258950006967289,0.005694288959809864,0.009003461384075085,0.024647323172117114,0.004979511243742954,0.003088161777508183,0.001953125,0.0068359375,0.0027621358640099515,0.005258950006967289,0.0041432037960149265,0.005524271728019903,0.0087890625,0.006905339660024878,0.004367320268554277,0.0048828125,0.005258950006967289,0.012732817197661424,0.008843149548962322,0.0021836601342771385,0.007873298582322802,0.0009765625,0.0029296875,0.005694288959809864,0.0048828125,0.003521046167445302,0.03126525506559008,0.004367320268554277,0.0021836601342771385,0.006905339660024878,0.0027621358640099515,0.005524271728019903,0.003088161777508183,0.007873298582322802,0.0048828125,0.006905339660024878,0.0013810679320049757,0.003521046167445302,0.004026470337517247,0.004026470337517247,0.004979511243742954,0.004979511243742954,0.0027621358640099515,0.0013810679320049757,0.013982247132105814,0.005694288959809864,0.007109482313750506,0.012506102026236032,0.001953125,0.0027621358640099515,0.003521046167445302,0.0013810679320049757,0.00390625,0.0013810679320049757,0.003521046167445302,0.0027621358640099515,0.005694288959809864,0.004979511243742954,0.021683206358568866,0.0029296875,0.004026470337517247,0.0048828125,1,1,0.0
25.0,11.637690544128418,7.0,0.1252734363079071,1.0044012069702148,2.34375,14.792646408081055,11.625184059143066,3.125,0.43832364678382874,0.016687506809830666,292.0,3656.0,433789.625,12.520547866821289,0.43640291690826416,1.043081283569336,3.4284470081329346,0.00024008963373489678,0.0,0.21388381719589233,910,894,907,906,857,840,905,911,879,841,862,891,876,872,889,831,857,864,873,875,855,861,923,927,919,912,920,922,940,940,957,895,908,874,878,905,856,824,857,891,872,857,855,846,909,904,922,919,858,830,896,937,893,871,875,942,920,890,895,858,826,879,908,923,893,891,925,906,888,864,829,903,880,870,842,832,799,844,874,894,887,844,843,904,924,952,936,909,940,938,943,940,886,864,920,937,923,870,858,890,877,889,903,860,879,861,873,858,823,825,875,890,871,856,842,831,886,904,920,877,909,907,926,927,905,860,904,907,904,903,892,909,922,877,937,925,890,873,937,922,893,863,872,927,910,891,895,877,841,875,907,893,840,811,861,845,827,826,783,844,844,856,856,844,811,888,860,870,857,808,810,861,877,891,864,842,874,876,920,939,896,875,911,936,925,905,921,939,909,891,908,876,906,879,895,864,861,862,928,943,927,909,889,859,877,877,908,877,912,925,933,910,904,845,876,920,918,969,928,938,943,939,955,957,921,888,927,936,907,873,859,893,879,906,904,872,831,872,874,877,843,841,904,907,904,895,872,907,863,840,844,874,857,892,912,937,0.0029296875,0.017304731588544287,0.04026470337517247,0.05258950006967289,0.02568934851165216,0.04377135709182611,0.0557411062219935,0.018528970665049098,0.05781546920162377,0.027621358640099514,0.004367320268554277,0.013282686043686957,0.022269051271467537,0.04642525126564341,0.0068359375,0.015746597164645604,0.012732817197661424,0.012732817197661424,0.00390625,0.016716057391234072,0.008400708268596315,0.014517645261053229,0.015440808887540914,0.02847144479904932,0.0029296875,0.005694288959809864,0.005258950006967289,0.01800692276815017,0.014084184669781208,0.0126953125,0.01680141653719263,0.01760523083722651,0.021417687694786434,0.008286407592029853,0.009003461384075085,0.00390625,0.014680953494504793,0.005859375,0.01760523083722651,0.007437278423695223,0.01441877251975918,0.008734640537108554,0.009814331661250869,0.015625,0.004979511243742954,0.018657200365764452,0.05079063915603845,0.05146215674318515,0.01242961138804478,0.010054326309557618,0.009003461384075085,0.010918300671385692,0.01760523083722651,0.0029296875,0.0021836601342771385,0.009212872199274027,0.0029296875,0.004367320268554277,0.004367320268554277,0.005694288959809864,0.003088161777508183,0.0087890625,0.008843149548962322,0.005940197783494355,0.0377211092106015,0.0029296875,0.003088161777508183,0.005694288959809864,0.0065509804028314154,0.01019561182510796,0.022798081113142094,0.005258950006967289,0.003088161777508183,0.0009765625,0.0065509804028314154,0.004026470337517247,0.004979511243742954,0.003088161777508183,0.0048828125,0.008843149548962322,0.007873298582322802,0.005258950006967289,0.0048828125,0.0048828125,0.013282686043686957,0.008400708268596315,0.003088161777508183,0.010054326309557618,0.0021836601342771385,0.001953125,0.006253051013118016,0.004026470337517247,0.004026470337517247,0.03180956538066861,0.004026470337517247,0.0009765625,0.007873298582322802,0.003521046167445302,0.007437278423695223,0.003088161777508183,0.007042092334890604,0.005258950006967289,0.008400708268596315,0.0013810679320049757,0.0027621358640099515,0.004367320268554277,0.003088161777508183,0.005694288959809864,0.0048828125,0.0021836601342771385,0.0009765625,0.013879560940968648,0.006253051013118016,0.007437278423695223,0.013028968812623373,0.001953125,0.004026470337517247,0.0029296875,0.0009765625,0.004979511243742954,0.0009765625,0.001953125,0.001953125,0.004979511243742954,0.006253051013118016,0.021506558149946522,0.004026470337517247,0.0013810679320049757,0.005859375,1,1,0.0
25.0,11.822904586791992,8.0,0.12569855153560638,1.008745789527893,2.34375,13.801729202270508,11.745704650878906,3.125,0.439054012298584,0.0166015625,289.0,3505.0,434947.15625,12.12802791595459,0.43524742126464844,1.0758134126663208,3.3592514991760254,0.0009718959918245673,0.0,0.2059134840965271,912,875,877,909,896,894,880,874,910,894,907,906,857,840,905,911,879,841,862,891,876,872,889,831,857,864,873,875,855,861,923,927,919,912,920,922,940,940,957,895,908,874,878,905,856,824,857,891,872,857,855,846,909,904,922,919,858,830,896,937,893,871,875,942,920,890,895,858,826,879,908,923,893,891,925,906,888,864,829,903,880,870,842,832,799,844,874,894,887,844,843,904,924,952,936,909,940,938,943,940,886,864,920,937,923,870,858,890,877,889,903,860,879,861,873,858,823,825,875,890,871,856,842,831,886,904,920,877,909,907,926,927,905,860,904,907,904,903,892,909,922,877,937,925,890,873,937,922,893,863,872,927,910,891,895,877,841,875,907,893,840,811,861,845,827,826,783,844,844,856,856,844,811,888,860,870,857,808,810,861,877,891,864,842,874,876,920,939,896,875,911,936,925,905,921,939,909,891,908,876,906,879,895,864,861,862,928,943,927,909,889,859,877,877,908,877,912,925,933,910,904,845,876,920,918,969,928,938,943,939,955,957,921,888,927,936,907,873,859,893,879,906,904,872,831,872,874,877,843,841,904,907,904,895,872,907,0.00341796875,0.024433585943743757,0.040465526084180976,0.0453970285123807,0.023478154844084585,0.0441185820237364,0.05146215674318515,0.027010384152225255,0.06514484406311687,0.025559086578715626,0.010517900013934578,0.010054326309557618,0.018347943582085875,0.04501730692037543,0.013566839833447074,0.015254393898255184,0.015440808887540914,0.010918300671385692,0.003521046167445302,0.012506102026236032,0.010054326309557618,0.015776850020901866,0.01242961138804478,0.02510734400816883,0.0041432037960149265,0.007873298582322802,0.007627196949127592,0.016716057391234072,0.012732817197661424,0.011430371006562134,0.0166015625,0.016370170521718956,0.021945512748285382,0.009765625,0.008843149548962322,0.0041432037960149265,0.013810679320049757,0.006253051013118016,0.018961413905222265,0.006176323555016366,0.013982247132105814,0.009264485332524549,0.011134525635733769,0.016630260122975003,0.003521046167445302,0.0170549308560283,0.050413708981016825,0.05223468406373567,0.012506102026236032,0.010563138502335907,0.007873298582322802,0.0126953125,0.01800692276815017,0.003088161777508183,0.0009765625,0.009765625,0.003521046167445302,0.006253051013118016,0.0027621358640099515,0.0068359375,0.003521046167445302,0.009003461384075085,0.008734640537108554,0.005940197783494355,0.0386328914938525,0.0029296875,0.0027621358640099515,0.005859375,0.0065509804028314154,0.009264485332524549,0.023940723969006372,0.005524271728019903,0.003088161777508183,0.0009765625,0.007042092334890604,0.004026470337517247,0.005524271728019903,0.001953125,0.006176323555016366,0.009618025197066508,0.00834375365753665,0.005258950006967289,0.003088161777508183,0.004026470337517247,0.012732817197661424,0.009264485332524549,0.0013810679320049757,0.008286407592029853,0.001953125,0.001953125,0.006905339660024878,0.00390625,0.0029296875,0.030508787796510367,0.0041432037960149265,0.0013810679320049757,0.007873298582322802,0.0048828125,0.0087890625,0.003088161777508183,0.005940197783494355,0.0048828125,0.0065509804028314154,0.0009765625,0.003521046167445302,0.0048828125,0.003521046167445302,0.005258950006967289,0.005859375,0.0027621358640099515,0.0009765625,0.012732817197661424,0.0048828125,0.0065509804028314154,0.012732817197661424,0.003088161777508183,0.003521046167445302,0.004367320268554277,0.0021836601342771385,0.003088161777508183,0.001953125,0.0021836601342771385,0.0013810679320049757,0.006905339660024878,0.007109482313750506,0.018528970665049098,0.005694288959809864,0.0013810679320049757,0.0078125,1,1,0.0
25.0,11.66978931427002,8.0,0.11906959116458893,1.0182191133499146,18.359375,18.270666122436523,11.669428825378418,3.125,0.44444143772125244,0.01654401794075966,287.0,4450.0,441073.875,15.505226135253906,0.4364889860153198,1.5554002523422241,3.7437641620635986,0.001329931546933949,0.0,0.21434462070465088,941,957,908,910,887,920,920,935,912,875,877,909,896,894,880,874,910,894,907,906,857,840,905,911,879,841,862,891,876,872,889,831,857,864,873,875,855,861,923,927,919,912,920,922,940,940,957,895,908,874,878,905,856,824,857,891,872,857,855,846,909,904,922,919,858,830,896,937,893,871,875,942,920,890,895,858,826,879,908,923,893,891,925,906,888,864,829,903,880,870,842,832,799,844,874,894,887,844,843,904,924,952,936,909,940,938,943,940,886,864,920,937,923,870,858,890,877,889,903,860,879,861,873,858,823,825,875,890,871,856,842,831,886,904,920,877,909,907,926,927,905,860,904,907,904,903,892,909,922,877,937,925,890,873,937,922,893,863,872,927,910,891,895,877,841,875,907,893,840,811,861,845,827,826,783,844,844,856,856,844,811,888,860,870,857,808,810,861,877,891,864,842,874,876,920,939,896,875,911,936,925,905,921,939,909,891,908,876,906,879,895,864,861,862,928,943,927,909,889,859,877,877,908,877,912,925,933,910,904,845,876,920,918,969,928,938,943,939,955,957,921,888,927,936,907,873,859,893,879,906,904,872,831,872,874,877,0.00048828125,0.03549371454177001,0.04728015014418049,0.037998196207702575,0.01727715430952552,0.05374643713209771,0.04179870031061073,0.03032065370363286,0.061554431677029,0.0170549308560283,0.01171875,0.009212872199274027,0.02681548870653512,0.05079063915603845,0.0041432037960149265,0.01760523083722651,0.008843149548962322,0.017953883116064683,0.0048828125,0.012732817197661424,0.004367320268554277,0.008843149548962322,0.008052940675034493,0.022269051271467537,0.007627196949127592,0.015440808887540914,0.014874556847390447,0.011920464468489943,0.011134525635733769,0.007873298582322802,0.0166875073150733,0.010381001770248682,0.029652786036501906,0.0146484375,0.013566839833447074,0.0107421875,0.007873298582322802,0.007873298582322802,0.024492062898407135,0.0021836601342771385,0.009814331661250869,0.01441877251975918,0.01760523083722651,0.020531050821902968,0.004026470337517247,0.020600608505594715,0.05519090293337809,0.048010736536257245,0.0065509804028314154,0.005258950006967289,0.004026470337517247,0.009003461384075085,0.012732817197661424,0.0009765625,0.004026470337517247,0.006253051013118016,0.0041432037960149265,0.003521046167445302,0.005940197783494355,0.003521046167445302,0.0021836601342771385,0.008400708268596315,0.00834375365753665,0.004367320268554277,0.0361328125,0.0048828125,0.0029296875,0.003088161777508183,0.006905339660024878,0.008400708268596315,0.0244140625,0.005694288959809864,0.004367320268554277,0.0021836601342771385,0.00834375365753665,0.0021836601342771385,0.004026470337517247,0.003521046167445302,0.005940197783494355,0.009212872199274027,0.007109482313750506,0.0048828125,0.00390625,0.004367320268554277,0.012079411012551739,0.009959022487485907,0.0021836601342771385,0.007873298582322802,0.001953125,0.004026470337517247,0.006176323555016366,0.003088161777508183,0.0027621358640099515,0.030524413297046454,0.005258950006967289,0.0021836601342771385,0.006905339660024878,0.0048828125,0.009618025197066508,0.001953125,0.005694288959809864,0.005258950006967289,0.005859375,0.0013810679320049757,0.00390625,0.004367320268554277,0.0013810679320049757,0.007437278423695223,0.005694288959809864,0.0027621358640099515,0.003088161777508183,0.010563138502335907,0.00390625,0.004367320268554277,0.013282686043686957,0.003521046167445302,0.0027621358640099515,0.005940197783494355,0.004367320268554277,0.005940197783494355,0.0021836601342771385,0.0013810679320049757,0.0048828125,0.003088161777508183,0.008400708268596315,0.023212625632821705,0.00390625,0.003088161777508183,0.00390625,1,1,0.0
24.21875,11.75609016418457,7.0,0.12320371717214584,0.9983142614364624,17.96875,14.821874618530273,11.563721656799316,3.125,0.4380283057689667,0.016773011535406113,295.0,3973.0,454587.125,13.467796325683594,0.4387679696083069,1.2438948154449463,3.4093072414398193,2.6415891625219956e-05,0.0,0.20470960438251495,872,847,893,895,922,921,893,955,941,957,908,910,887,920,920,935,912,875,877,909,896,894,880,874,910,894,907,906,857,840,905,911,879,841,862,891,876,872,889,831,857,864,873,875,855,861,923,927,919,912,920,922,940,940,957,895,908,874,878,905,856,824,857,891,872,857,855,846,909,904,922,919,858,830,896,937,893,871,875,942,920,890,895,858,826,879,908,923,893,891,925,906,888,864,829,903,880,870,842,832,799,844,874,894,887,844,843,904,924,952,936,909,940,938,943,940,886,864,920,937,923,870,858,890,877,889,903,860,879,861,873,858,823,825,875,890,871,856,842,831,886,904,920,877,909,907,926,927,905,860,904,907,904,903,892,909,922,877,937,925,890,873,937,922,893,863,872,927,910,891,895,877,841,875,907,893,840,811,861,845,827,826,783,844,844,856,856,844,811,888,860,870,857,808,810,861,877,891,864,842,874,876,920,939,896,875,911,936,925,905,921,939,909,891,908,876,906,879,895,864,861,862,928,943,927,909,889,859,877,877,908,877,912,925,933,910,904,845,876,920,918,969,928,938,943,939,955,957,921,888,927,936,907,873,859,893,0.0029296875,0.03922087036723282,0.051164792568084906,0.03813598474563796,0.014218964627501012,0.057226895796810985,0.03954776705335271,0.030336376107439583,0.05815263644906018,0.0185546875,0.010786485368346935,0.011759369705851851,0.026654968874914416,0.048828125,0.004367320268554277,0.020600608505594715,0.005859375,0.020967686087484266,0.006253051013118016,0.010563138502335907,0.0068359375,0.010918300671385692,0.003521046167445302,0.018347943582085875,0.011134525635733769,0.016630260122975003,0.015440808887540914,0.01760523083722651,0.015776850020901866,0.004979511243742954,0.010918300671385692,0.013101960805662831,0.02580047815160724,0.007627196949127592,0.011134525635733769,0.0048828125,0.015254393898255184,0.006905339660024878,0.017469281074217108,0.008734640537108554,0.011920464468489943,0.013982247132105814,0.013706707859002147,0.013879560940968648,0.004979511243742954,0.014874556847390447,0.051840661874949207,0.05306788347341221,0.009959022487485907,0.009003461384075085,0.003521046167445302,0.011134525635733769,0.007873298582322802,0.0065509804028314154,0.009618025197066508,0.00390625,0.00834375365753665,0.004367320268554277,0.009959022487485907,0.0041432037960149265,0.0021836601342771385,0.011759369705851851,0.006176323555016366,0.001953125,0.037695818487536684,0.005258950006967289,0.004979511243742954,0.004026470337517247,0.007627196949127592,0.009959022487485907,0.024472586105745445,0.006176323555016366,0.004367320268554277,0.001953125,0.0068359375,0.003088161777508183,0.005694288959809864,0.001953125,0.005258950006967289,0.009765625,0.007873298582322802,0.004979511243742954,0.003521046167445302,0.006176323555016366,0.012506102026236032,0.009212872199274027,0.0013810679320049757,0.008400708268596315,0.003088161777508183,0.001953125,0.0065509804028314154,0.004979511243742954,0.003088161777508183,0.03102027377786834,0.005940197783494355,0.0021836601342771385,0.006905339660024878,0.005258950006967289,0.009003461384075085,0.0021836601342771385,0.006176323555016366,0.0048828125,0.006176323555016366,0.0009765625,0.0048828125,0.005524271728019903,0.0021836601342771385,0.004979511243742954,0.007873298582322802,0.0048828125,0.005258950006967289,0.00834375365753665,0.0021836601342771385,0.003088161777508183,0.01441877251975918,0.005258950006967289,0.005258950006967289,0.006176323555016366,0.005940197783494355,0.008052940675034493,0.004026470337517247,0.00390625,0.0048828125,0.003521046167445302,0.004979511243742954,0.020320949264340638,0.004367320268554277,0.0021836601342771385,0.0078125,1,1,0.0
25.0,11.900683403015137,6.0,0.12043756991624832,1.0401341915130615,1.953125,13.697515487670898,11.54054069519043,3.125,0.4484327435493469,0.016829773783683777,297.0,3546.0,458979.46875,11.939393997192383,0.43112969398498535,1.032615065574646,3.336341619491577,0.0009466708870604634,0.0,0.23135274648666382,939,958,956,923,878,943,906,905,872,847,893,895,922,921,893,955,941,957,908,910,887,920,920,935,912,875,877,909,896,894,880,874,910,894,907,906,857,840,905,911,879,841,862,891,876,872,889,831,857,864,873,875,855,861,923,927,919,912,920,922,940,940,957,895,908,874,878,905,856,824,857,891,872,857,855,846,909,904,922,919,858,830,896,937,893,871,875,942,920,890,895,858,826,879,908,923,893,891,925,906,888,864,829,903,880,870,842,832,799,844,874,894,887,844,843,904,924,952,936,909,940,938,943,940,886,864,920,937,923,870,858,890,877,889,903,860,879,861,873,858,823,825,875,890,871,856,842,831,886,904,920,877,909,907,926,927,905,860,904,907,904,903,892,909,922,877,937,925,890,873,937,922,893,863,872,927,910,891,895,877,841,875,907,893,840,811,861,845,827,826,783,844,844,856,856,844,811,888,860,870,857,808,810,861,877,891,864,842,874,876,920,939,896,875,911,936,925,905,921,939,909,891,908,876,906,879,895,864,861,862,928,943,927,909,889,859,877,877,908,877,912,925,933,910,904,845,876,920,918,969,928,938,943,939,955,957,0.00341796875,0.04154696755113799,0.05153622969515141,0.03813598474563796,0.013101960805662831,0.058675073772655476,0.0400390625,0.0283875817456028,0.05531172757229022,0.0208765218031562,0.007042092334890604,0.011430371006562134,0.022482157096135425,0.048602996633317595,0.005940197783494355,0.016572815184059706,0.009959022487485907,0.020132351687586234,0.008843149548962322,0.014778072217208551,0.006905339660024878,0.010517900013934578,0.0021836601342771385,0.014517645261053229,0.013706707859002147,0.01800692276815017,0.013982247132105814,0.021035800027869155,0.01680141653719263,0.00834375365753665,0.014517645261053229,0.0146484375,0.025947910655442233,0.01179984958358845,0.01171875,0.008400708268596315,0.012079411012551739,0.0021836601342771385,0.019652941208494246,0.008843149548962322,0.01708286687942959,0.011048543456039806,0.009765625,0.00834375365753665,0.009212872199274027,0.011134525635733769,0.04941058844013093,0.05560406580268265,0.013879560940968648,0.011920464468489943,0.008734640537108554,0.009003461384075085,0.006905339660024878,0.009264485332524549,0.010786485368346935,0.011759369705851851,0.0021836601342771385,0.004026470337517247,0.004026470337517247,0.006905339660024878,0.0048828125,0.005258950006967289,0.012236293052872722,0.0068359375,0.0324624416769427,0.010054326309557618,0.008400708268596315,0.0013810679320049757,0.0107421875,0.012732817197661424,0.02157297073669387,0.003088161777508183,0.0021836601342771385,0.001953125,0.005694288959809864,0.003521046167445302,0.005859375,0.0013810679320049757,0.006905339660024878,0.009264485332524549,0.006253051013118016,0.0029296875,0.0048828125,0.0068359375,0.01516032685181643,0.006905339660024878,0.005258950006967289,0.010786485368346935,0.0013810679320049757,0.005694288959809864,0.005859375,0.0041432037960149265,0.0065509804028314154,0.032241355506287456,0.003088161777508183,0.001953125,0.008052940675034493,0.003521046167445302,0.0068359375,0.005258950006967289,0.006905339660024878,0.003088161777508183,0.007873298582322802,0.004026470337517247,0.005258950006967289,0.006905339660024878,0.0013810679320049757,0.005940197783494355,0.008400708268596315,0.004367320268554277,0.005694288959809864,0.006905339660024878,0.0041432037960149265,0.0041432037960149265,0.01313830473347042,0.006905339660024878,0.007627196949127592,0.0041432037960149265,0.003521046167445302,0.008400708268596315,0.001953125,0.003088161777508183,0.0009765625,0.005940197783494355,0.009765625,0.022269051271467537,0.005524271728019903,0.005694288959809864,0.001953125,1,1,0.0
25.0,12.1235990524292,8.0,0.11910779774188995,0.990227222442627,18.359375,14.071718215942383,11.759200096130371,1.953125,0.43828335404396057,0.01688634417951107,299.0,3610.0,450571.65625,12.073578834533691,0.44260886311531067,1.1135101318359375,3.389648199081421,0.0012768064625561237,-1.171875,0.245850071310997,859,856,925,923,907,863,872,940,939,958,956,923,878,943,906,905,872,847,893,895,922,921,893,955,941,957,908,910,887,920,920,935,912,875,877,909,896,894,880,874,910,894,907,906,857,840,905,911,879,841,862,891,876,872,889,831,857,864,873,875,855,861,923,927,919,912,920,922,940,940,957,895,908,874,878,905,856,824,857,891,872,857,855,846,909,904,922,919,858,830,896,937,893,871,875,942,920,890,895,858,826,879,908,923,893,891,925,906,888,864,829,903,880,870,842,832,799,844,874,894,887,844,843,904,924,952,936,909,940,938,943,940,886,864,920,937,923,870,858,890,877,889,903,860,879,861,873,858,823,825,875,890,871,856,842,831,886,904,920,877,909,907,926,927,905,860,904,907,904,903,892,909,922,877,937,925,890,873,937,922,893,863,872,927,910,891,895,877,841,875,907,893,840,811,861,845,827,826,783,844,844,856,856,844,811,888,860,870,857,808,810,861,877,891,864,842,874,876,920,939,896,875,911,936,925,905,921,939,909,891,908,876,906,879,895,864,861,862,928,943,927,909,889,859,877,877,908,877,912,925,933,910,904,845,876,920,0.001953125,0.032638232357555474,0.04239901044158674,0.028185292362620726,0.020762003540497363,0.06743233008450027,0.032754902014157074,0.03179457147675724,0.04631213164601319,0.029313146523053973,0.0013810679320049757,0.015440808887540914,0.01792730444402912,0.04981426072209707,0.010918300671385692,0.012236293052872722,0.012506102026236032,0.025390625,0.014517645261053229,0.0146484375,0.012236293052872722,0.015746597164645604,0.001953125,0.016016815885602272,0.009765625,0.014874556847390447,0.013601941676937616,0.01878455474772592,0.0166875073150733,0.006905339660024878,0.0126953125,0.015440808887540914,0.023212625632821705,0.0107421875,0.010918300671385692,0.008843149548962322,0.009003461384075085,0.004367320268554277,0.022545696055889054,0.009003461384075085,0.019652941208494246,0.009003461384075085,0.006905339660024878,0.004367320268554277,0.013982247132105814,0.011759369705851851,0.05040424961157789,0.05525997793279339,0.014906579611790769,0.011759369705851851,0.010517900013934578,0.0048828125,0.01188039556698871,0.006905339660024878,0.006253051013118016,0.009003461384075085,0.004367320268554277,0.005524271728019903,0.006905339660024878,0.0,0.003088161777508183,0.011134525635733769,0.007873298582322802,0.0021836601342771385,0.03676080122015373,0.004979511243742954,0.00390625,0.0029296875,0.009618025197066508,0.009618025197066508,0.023619895746968406,0.007627196949127592,0.003521046167445302,0.006253051013118016,0.001953125,0.008400708268596315,0.007109482313750506,0.0027621358640099515,0.009003461384075085,0.006176323555016366,0.005859375,0.0048828125,0.005258950006967289,0.0048828125,0.012732817197661424,0.007873298582322802,0.003088161777508183,0.009765625,0.0009765625,0.004026470337517247,0.004026470337517247,0.004979511243742954,0.005694288959809864,0.03126525506559008,0.0029296875,0.003088161777508183,0.009264485332524549,0.004367320268554277,0.007042092334890604,0.005694288959809864,0.006253051013118016,0.00390625,0.005859375,0.0021836601342771385,0.00390625,0.004367320268554277,0.0029296875,0.004367320268554277,0.009765625,0.007627196949127592,0.008286407592029853,0.004979511243742954,0.0065509804028314154,0.007437278423695223,0.009212872199274027,0.005940197783494355,0.008052940675034493,0.0009765625,0.0009765625,0.004367320268554277,0.001953125,0.0009765625,0.0048828125,0.0021836601342771385,0.008052940675034493,0.02229045353615884,0.0027621358640099515,0.001953125,0.005859375,1,1,0.0
25.0,11.855278968811035,6.0,0.1407923698425293,0.896623969078064,18.359375,22.52781867980957,12.031868934631348,1.953125,0.40618813037872314,0.01657281443476677,288.0,4768.0,440907.6875,16.55555534362793,0.45301949977874756,1.4890693426132202,4.127185344696045,0.00043387478217482567,0.0,0.23410192131996155,872,907,872,861,857,828,862,888,859,856,925,923,907,863,872,940,939,958,956,923,878,943,906,905,872,847,893,895,922,921,893,955,941,957,908,910,887,920,920,935,912,875,877,909,896,894,880,874,910,894,907,906,857,840,905,911,879,841,862,891,876,872,889,831,857,864,873,875,855,861,923,927,919,912,920,922,940,940,957,895,908,874,878,905,856,824,857,891,872,857,855,846,909,904,922,919,858,830,896,937,893,871,875,942,920,890,895,858,826,879,908,923,893,891,925,906,888,864,829,903,880,870,842,832,799,844,874,894,887,844,843,904,924,952,936,909,940,938,943,940,886,864,920,937,923,870,858,890,877,889,903,860,879,861,873,858,823,825,875,890,871,856,842,831,886,904,920,877,909,907,926,927,905,860,904,907,904,903,892,909,922,877,937,925,890,873,937,922,893,863,872,927,910,891,895,877,841,875,907,893,840,811,861,845,827,826,783,844,844,856,856,844,811,888,860,870,857,808,810,861,877,891,864,842,874,876,920,939,896,875,911,936,925,905,921,939,909,891,908,876,906,879,895,864,861,862,928,943,927,909,889,859,877,877,908,877,0.00146484375,0.029133659941750583,0.037378240642587185,0.020132351687586234,0.0244140625,0.07459045489815747,0.036812650048771024,0.025855863857175247,0.04728015014418049,0.03149319432929121,0.0065509804028314154,0.008286407592029853,0.02378085090212094,0.05183146292857656,0.0048828125,0.016253239235442616,0.009618025197066508,0.02108108705558877,0.010563138502335907,0.015254393898255184,0.009765625,0.01284467425582608,0.0029296875,0.012506102026236032,0.013810679320049757,0.014874556847390447,0.011134525635733769,0.017686299097924643,0.013566839833447074,0.006905339660024878,0.01284467425582608,0.0126953125,0.025781989809461104,0.009765625,0.011134525635733769,0.007042092334890604,0.010786485368346935,0.004367320268554277,0.02108108705558877,0.005940197783494355,0.017953883116064683,0.007109482313750506,0.005859375,0.004367320268554277,0.014517645261053229,0.009264485332524549,0.04984296935615174,0.056446664127415724,0.016164985700436375,0.01242961138804478,0.011920464468489943,0.0027621358640099515,0.013566839833447074,0.005524271728019903,0.003521046167445302,0.0068359375,0.005694288959809864,0.005524271728019903,0.0078125,0.001953125,0.0021836601342771385,0.009765625,0.008843149548962322,0.0029296875,0.03676080122015373,0.005258950006967289,0.003088161777508183,0.003521046167445302,0.00834375365753665,0.009003461384075085,0.023640075072090243,0.008734640537108554,0.003521046167445302,0.006253051013118016,0.0021836601342771385,0.008052940675034493,0.0065509804028314154,0.001953125,0.007873298582322802,0.0068359375,0.005258950006967289,0.0027621358640099515,0.006176323555016366,0.004367320268554277,0.012352647110032733,0.009212872199274027,0.0021836601342771385,0.0087890625,0.0027621358640099515,0.003088161777508183,0.003088161777508183,0.006253051013118016,0.005859375,0.03102027377786834,0.003521046167445302,0.004026470337517247,0.008734640537108554,0.005694288959809864,0.008400708268596315,0.004979511243742954,0.004979511243742954,0.004367320268554277,0.006905339660024878,0.0021836601342771385,0.006176323555016366,0.0065509804028314154,0.0009765625,0.007109482313750506,0.006905339660024878,0.005694288959809864,0.007042092334890604,0.003521046167445302,0.006905339660024878,0.009003461384075085,0.008734640537108554,0.007873298582322802,0.011134525635733769,0.0021836601342771385,0.0021836601342771385,0.001953125,0.00390625,0.004026470337517247,0.006253051013118016,0.004367320268554277,0.006253051013118016,0.020320949264340638,0.005940197783494355,0.0041432037960149265,0.001953125,1,1,0.0
25.0,11.889103889465332,5.0,0.1338319331407547,0.9427229762077332,18.359375,31.308774948120117,11.975519180297852,1.953125,0.4203154742717743,0.01654401794075966,287.0,5834.0,530445.75,20.327526092529297,0.4458526074886322,1.7461837530136108,4.870797634124756,0.00024476475664414465,0.0,0.23757676780223846,878,860,874,864,858,797,857,887,872,907,872,861,857,828,862,888,859,856,925,923,907,863,872,940,939,958,956,923,878,943,906,905,872,847,893,895,922,921,893,955,941,957,908,910,887,920,920,935,912,875,877,909,896,894,880,874,910,894,907,906,857,840,905,911,879,841,862,891,876,872,889,831,857,864,873,875,855,861,923,927,919,912,920,922,940,940,957,895,908,874,878,905,856,824,857,891,872,857,855,846,909,904,922,919,858,830,896,937,893,871,875,942,920,890,895,858,826,879,908,923,893,891,925,906,888,864,829,903,880,870,842,832,799,844,874,894,887,844,843,904,924,952,936,909,940,938,943,940,886,864,920,937,923,870,858,890,877,889,903,860,879,861,873,858,823,825,875,890,871,856,842,831,886,904,920,877,909,907,926,927,905,860,904,907,904,903,892,909,922,877,937,925,890,873,937,922,893,863,872,927,910,891,895,877,841,875,907,893,840,811,861,845,827,826,783,844,844,856,856,844,811,888,860,870,857,808,810,861,877,891,864,842,874,876,920,939,896,875,911,936,925,905,921,939,909,891,908,876,906,879,895,864,861,862,928,943,0.00048828125,0.029652786036501906,0.03891573993197515,0.014778072217208551,0.023619895746968406,0.07730280244985664,0.044932488555966175,0.019555648822754675,0.05603971381017021,0.022881590847382775,0.005940197783494355,0.014517645261053229,0.01824369305885684,0.048808589842186716,0.01179984958358845,0.01313830473347042,0.010563138502335907,0.02652944864688696,0.010563138502335907,0.01171875,0.0065509804028314154,0.009618025197066508,0.0048828125,0.010517900013934578,0.01589728573837862,0.013601941676937616,0.008734640537108554,0.01528562093993997,0.013101960805662831,0.003521046167445302,0.010517900013934578,0.016105881350068987,0.022545696055889054,0.014517645261053229,0.013810679320049757,0.011388577919619728,0.012352647110032733,0.0029296875,0.016016815885602272,0.007437278423695223,0.013282686043686957,0.006905339660024878,0.0048828125,0.008052940675034493,0.01875915303935405,0.01019561182510796,0.051267206048463625,0.055423686029932466,0.015746597164645604,0.010563138502335907,0.009765625,0.004026470337517247,0.011388577919619728,0.005258950006967289,0.007437278423695223,0.009814331661250869,0.0021836601342771385,0.005859375,0.005524271728019903,0.0013810679320049757,0.004979511243742954,0.010918300671385692,0.007873298582322802,0.0021836601342771385,0.037695818487536684,0.004026470337517247,0.0021836601342771385,0.004367320268554277,0.008843149548962322,0.009959022487485907,0.02376079113397742,0.007873298582322802,0.0029296875,0.005694288959809864,0.005524271728019903,0.004367320268554277,0.006905339660024878,0.0013810679320049757,0.009959022487485907,0.006253051013118016,0.001953125,0.004367320268554277,0.009264485332524549,0.0013810679320049757,0.009765625,0.010517900013934578,0.004026470337517247,0.011759369705851851,0.003088161777508183,0.0065509804028314154,0.005940197783494355,0.0048828125,0.007437278423695223,0.0328276099882258,0.0021836601342771385,0.0013810679320049757,0.008052940675034493,0.004367320268554277,0.0065509804028314154,0.005694288959809864,0.006253051013118016,0.0029296875,0.007873298582322802,0.0027621358640099515,0.006176323555016366,0.006176323555016366,0.0009765625,0.006176323555016366,0.006905339660024878,0.0068359375,0.00834375365753665,0.0021836601342771385,0.009003461384075085,0.009959022487485907,0.005859375,0.007042092334890604,0.008400708268596315,0.0021836601342771385,0.0021836601342771385,0.003521046167445302,0.0021836601342771385,0.0021836601342771385,0.004026470337517247,0.004367320268554277,0.0078125,0.021506558149946522,0.004026470337517247,0.0029296875,0.00390625,1,1,0.0
25.0,11.962156295776367,6.0,0.1242109164595604,1.0057709217071533,3.125,31.508987426757812,11.855554580688477,1.953125,0.43915441632270813,0.01674455963075161,294.0,6266.0,610448.5625,21.312925338745117,0.4366346597671509,1.9028241634368896,4.91368293762207,2.6523792257648893e-05,0.0,0.2238778918981552,877,857,843,842,874,894,892,856,878,860,874,864,858,797,857,887,872,907,872,861,857,828,862,888,859,856,925,923,907,863,872,940,939,958,956,923,878,943,906,905,872,847,893,895,922,921,893,955,941,957,908,910,887,920,920,935,912,875,877,909,896,894,880,874,910,894,907,906,857,840,905,911,879,841,862,891,876,872,889,831,857,864,873,875,855,861,923,927,919,912,920,922,940,940,957,895,908,874,878,905,856,824,857,891,872,857,855,846,909,904,922,919,858,830,896,937,893,871,875,942,920,890,895,858,826,879,908,923,893,891,925,906,888,864,829,903,880,870,842,832,799,844,874,894,887,844,843,904,924,952,936,909,940,938,943,940,886,864,920,937,923,870,858,890,877,889,903,860,879,861,873,858,823,825,875,890,871,856,842,831,886,904,920,877,909,907,926,927,905,860,904,907,904,903,892,909,922,877,937,925,890,873,937,922,893,863,872,927,910,891,895,877,841,875,907,893,840,811,861,845,827,826,783,844,844,856,856,844,811,888,860,870,857,808,810,861,877,891,864,842,874,876,920,939,896,875,911,936,925,905,921,939,909,891,908,876,0.00244140625,0.03168941550700772,0.04007477447008436,0.016016815885602272,0.02209708691207961,0.07504932053453457,0.04548098055544929,0.022798081113142094,0.05317559917992962,0.025465634395322848,0.0021836601342771385,0.013282686043686957,0.019773883526676354,0.050043468653589676,0.007627196949127592,0.014218964627501012,0.010563138502335907,0.02376079113397742,0.012732817197661424,0.013601941676937616,0.01019561182510796,0.012352647110032733,0.0021836601342771385,0.013706707859002147,0.015625,0.016858082521125067,0.009618025197066508,0.017387200990981306,0.011388577919619728,0.004979511243742954,0.010054326309557618,0.013982247132105814,0.021417687694786434,0.01313830473347042,0.011430371006562134,0.012079411012551739,0.010563138502335907,0.001953125,0.016164985700436375,0.01019561182510796,0.011388577919619728,0.009765625,0.007042092334890604,0.011134525635733769,0.0185803687406645,0.009765625,0.050818796215850344,0.056640625,0.016630260122975003,0.008734640537108554,0.007627196949127592,0.007437278423695223,0.007873298582322802,0.008400708268596315,0.009959022487485907,0.012079411012551739,0.003521046167445302,0.0078125,0.00834375365753665,0.0009765625,0.0021836601342771385,0.009264485332524549,0.009765625,0.003088161777508183,0.037186392118476116,0.004367320268554277,0.0009765625,0.006905339660024878,0.009003461384075085,0.011134525635733769,0.022269051271467537,0.0065509804028314154,0.003088161777508183,0.0048828125,0.0048828125,0.005258950006967289,0.005859375,0.0009765625,0.009212872199274027,0.007627196949127592,0.0009765625,0.005524271728019903,0.009003461384075085,0.0009765625,0.008843149548962322,0.010918300671385692,0.005524271728019903,0.0126953125,0.003088161777508183,0.0065509804028314154,0.005859375,0.004026470337517247,0.006176323555016366,0.03066468450802262,0.00390625,0.003521046167445302,0.007437278423695223,0.006176323555016366,0.008843149548962322,0.003088161777508183,0.007437278423695223,0.0013810679320049757,0.00834375365753665,0.004026470337517247,0.005859375,0.004026470337517247,0.0021836601342771385,0.005694288959809864,0.007627196949127592,0.0048828125,0.005859375,0.004026470337517247,0.009765625,0.012236293052872722,0.005859375,0.006253051013118016,0.008052940675034493,0.00390625,0.004026470337517247,0.006905339660024878,0.0013810679320049757,0.0009765625,0.006253051013118016,0.001953125,0.006176323555016366,0.019384212149686726,0.007437278423695223,0.0041432037960149265,0.0009765625,1,1,0.0
25.0,11.850281715393066,6.0,0.13220275938510895,0.9978681802749634,18.359375,28.849084854125977,11.810893058776855,1.953125,0.4334356188774109,0.016773011535406113,295.0,5906.0,573058.5625,20.02033805847168,0.43436160683631897,1.7556480169296265,4.708987236022949,0.0006614106823690236,0.0,0.23010486364364624,911,907,924,906,845,814,862,893,877,857,843,842,874,894,892,856,878,860,874,864,858,797,857,887,872,907,872,861,857,828,862,888,859,856,925,923,907,863,872,940,939,958,956,923,878,943,906,905,872,847,893,895,922,921,893,955,941,957,908,910,887,920,920,935,912,875,877,909,896,894,880,874,910,894,907,906,857,840,905,911,879,841,862,891,876,872,889,831,857,864,873,875,855,861,923,927,919,912,920,922,940,940,957,895,908,874,878,905,856,824,857,891,872,857,855,846,909,904,922,919,858,830,896,937,893,871,875,942,920,890,895,858,826,879,908,923,893,891,925,906,888,864,829,903,880,870,842,832,799,844,874,894,887,844,843,904,924,952,936,909,940,938,943,940,886,864,920,937,923,870,858,890,877,889,903,860,879,861,873,858,823,825,875,890,871,856,842,831,886,904,920,877,909,907,926,927,905,860,904,907,904,903,892,909,922,877,937,925,890,873,937,922,893,863,872,927,910,891,895,877,841,875,907,893,840,811,861,845,827,826,783,844,844,856,856,844,811,888,860,870,857,808,810,861,877,891,864,842,874,876,920,939,896,875,911,936,0.00244140625,0.03792282781044453,0.04695630968816917,0.023619895746968406,0.014938533731228863,0.06732617637946556,0.04051263381385067,0.030162978928672854,0.045575241756164196,0.03192926313334339,0.007627196949127592,0.007109482313750506,0.0244140625,0.04688517142249142,0.011048543456039806,0.009814331661250869,0.014517645261053229,0.026294750034836445,0.01284467425582608,0.011388577919619728,0.007437278423695223,0.01019561182510796,0.004026470337517247,0.01188039556698871,0.016630260122975003,0.015655487833868553,0.007873298582322802,0.014680953494504793,0.010918300671385692,0.0021836601342771385,0.00834375365753665,0.017686299097924643,0.022269051271467537,0.014084184669781208,0.013982247132105814,0.007873298582322802,0.011920464468489943,0.00390625,0.021506558149946522,0.011134525635733769,0.016572815184059706,0.014680953494504793,0.013028968812623373,0.01589728573837862,0.020531050821902968,0.012732817197661424,0.05219815630817487,0.05342609127574192,0.01528562093993997,0.005859375,0.003521046167445302,0.010054326309557618,0.0068359375,0.009212872199274027,0.007042092334890604,0.008286407592029853,0.006176323555016366,0.00390625,0.005258950006967289,0.0021836601342771385,0.005258950006967289,0.0107421875,0.0065509804028314154,0.003088161777508183,0.03648738611771368,0.004979511243742954,0.0027621358640099515,0.006253051013118016,0.008843149548962322,0.011048543456039806,0.020899350155305366,0.007042092334890604,0.0029296875,0.004367320268554277,0.004979511243742954,0.005859375,0.005524271728019903,0.001953125,0.009003461384075085,0.008052940675034493,0.0021836601342771385,0.007437278423695223,0.010381001770248682,0.004026470337517247,0.010563138502335907,0.008052940675034493,0.005940197783494355,0.011759369705851851,0.0,0.0041432037960149265,0.003521046167445302,0.005524271728019903,0.007042092334890604,0.03317439013957623,0.001953125,0.0021836601342771385,0.008052940675034493,0.00390625,0.007873298582322802,0.004979511243742954,0.0065509804028314154,0.0021836601342771385,0.0087890625,0.004026470337517247,0.005859375,0.004979511243742954,0.003088161777508183,0.005859375,0.008052940675034493,0.004026470337517247,0.005940197783494355,0.004026470337517247,0.010786485368346935,0.012506102026236032,0.003521046167445302,0.0065509804028314154,0.006253051013118016,0.003521046167445302,0.003521046167445302,0.004979511243742954,0.0013810679320049757,0.001953125,0.005694288959809864,0.0021836601342771385,0.006905339660024878,0.020692988379313566,0.0048828125,0.00390625,0.00390625,1,1,0.0
25.0,11.914061546325684,7.0,0.12410272657871246,0.9502752423286438,18.359375,20.61815643310547,11.964149475097656,1.953125,0.4267825782299042,0.016716057434678078,293.0,4753.0,455055.75,16.221843719482422,0.44911468029022217,1.5880388021469116,3.9277331829071045,0.0006646461552008986,0.0,0.24352654814720154,920,870,874,922,875,892,887,862,911,907,924,906,845,814,862,893,877,857,843,842,874,894,892,856,878,860,874,864,858,797,857,887,872,907,872,861,857,828,862,888,859,856,925,923,907,863,872,940,939,958,956,923,878,943,906,905,872,847,893,895,922,921,893,955,941,957,908,910,887,920,920,935,912,875,877,909,896,894,880,874,910,894,907,906,857,840,905,911,879,841,862,891,876,872,889,831,857,864,873,875,855,861,923,927,919,912,920,922,940,940,957,895,908,874,878,905,856,824,857,891,872,857,855,846,909,904,922,919,858,830,896,937,893,871,875,942,920,890,895,858,826,879,908,923,893,891,925,906,888,864,829,903,880,870,842,832,799,844,874,894,887,844,843,904,924,952,936,909,940,938,943,940,886,864,920,937,923,870,858,890,877,889,903,860,879,861,873,858,823,825,875,890,871,856,842,831,886,904,920,877,909,907,926,927,905,860,904,907,904,903,892,909,922,877,937,925,890,873,937,922,893,863,872,927,910,891,895,877,841,875,907,893,840,811,861,845,827,826,783,844,844,856,856,844,811,888,860,870,857,808,810,861,877,891,864,842,0.00341796875,0.03539954875076535,0.04615743085193935,0.021439939843847802,0.0166015625,0.06684283186971719,0.04088754182706703,0.03066468450802262,0.04350911994129973,0.0341098617120566,0.010517900013934578,0.0048828125,0.025202124805788945,0.04398869386545003,0.014218964627501012,0.010918300671385692,0.011388577919619728,0.025334222209126653,0.010381001770248682,0.0146484375,0.011134525635733769,0.014084184669781208,0.0048828125,0.0146484375,0.021506558149946522,0.016716057391234072,0.003521046167445302,0.010563138502335907,0.015655487833868553,0.005859375,0.013028968812623373,0.015440808887540914,0.026294750034836445,0.009003461384075085,0.009003461384075085,0.0107421875,0.009212872199274027,0.0013810679320049757,0.0166875073150733,0.0078125,0.014874556847390447,0.009264485332524549,0.010563138502335907,0.013566839833447074,0.0166015625,0.011134525635733769,0.04984296935615174,0.05633673867912483,0.01800692276815017,0.007042092334890604,0.004026470337517247,0.013879560940968648,0.009264485332524549,0.010786485368346935,0.003088161777508183,0.0048828125,0.005258950006967289,0.003521046167445302,0.004367320268554277,0.0029296875,0.0041432037960149265,0.011759369705851851,0.008052940675034493,0.003088161777508183,0.037186392118476116,0.004026470337517247,0.0009765625,0.006176323555016366,0.009765625,0.009814331661250869,0.023294649300540163,0.006905339660024878,0.004367320268554277,0.0041432037960149265,0.005859375,0.005524271728019903,0.006905339660024878,0.0013810679320049757,0.00834375365753665,0.009959022487485907,0.0021836601342771385,0.007873298582322802,0.012352647110032733,0.0048828125,0.011134525635733769,0.007042092334890604,0.006253051013118016,0.010918300671385692,0.0013810679320049757,0.003521046167445302,0.003521046167445302,0.006176323555016366,0.007437278423695223,0.03389952140177692,0.0029296875,0.0021836601342771385,0.009003461384075085,0.004026470337517247,0.008400708268596315,0.003521046167445302,0.007109482313750506,0.001953125,0.009264485332524549,0.004026470337517247,0.004979511243742954,0.004367320268554277,0.003521046167445302,0.006253051013118016,0.007873298582322802,0.00390625,0.006176323555016366,0.0048828125,0.01171875,0.013810679320049757,0.0029296875,0.004026470337517247,0.005940197783494355,0.0021836601342771385,0.0009765625,0.00390625,0.001953125,0.0009765625,0.004367320268554277,0.003088161777508183,0.007873298582322802,0.020692988379313566,0.005694288959809864,0.004026470337517247,0.001953125,1,1,0.0
25.0,12.027823448181152,7.0,0.13064667582511902,0.9427921772003174,18.359375,21.084129333496094,12.201558113098145,1.953125,0.42187708616256714,0.016658907756209373,291.0,4685.0,442013.96875,16.09965705871582,0.44747623801231384,1.4077523946762085,3.961197853088379,0.0013120899675413966,0.0,0.23257823288440704,904,888,909,908,861,847,877,911,920,870,874,922,875,892,887,862,911,907,924,906,845,814,862,893,877,857,843,842,874,894,892,856,878,860,874,864,858,797,857,887,872,907,872,861,857,828,862,888,859,856,925,923,907,863,872,940,939,958,956,923,878,943,906,905,872,847,893,895,922,921,893,955,941,957,908,910,887,920,920,935,912,875,877,909,896,894,880,874,910,894,907,906,857,840,905,911,879,841,862,891,876,872,889,831,857,864,873,875,855,861,923,927,919,912,920,922,940,940,957,895,908,874,878,905,856,824,857,891,872,857,855,846,909,904,922,919,858,830,896,937,893,871,875,942,920,890,895,858,826,879,908,923,893,891,925,906,888,864,829,903,880,870,842,832,799,844,874,894,887,844,843,904,924,952,936,909,940,938,943,940,886,864,920,937,923,870,858,890,877,889,903,860,879,861,873,858,823,825,875,890,871,856,842,831,886,904,920,877,909,907,926,927,905,860,904,907,904,903,892,909,922,877,937,925,890,873,937,922,893,863,872,927,910,891,895,877,841,875,907,893,840,811,861,845,827,826,783,844,844,856,856,844,811,888,860,870,0.0029296875,0.028721564784868637,0.03902586172400017,0.01878455474772592,0.020320949264340638,0.06253051013118016,0.04078244730043184,0.0390625,0.037314400731528904,0.0388789633542859,0.015776850020901866,0.011134525635733769,0.019555648822754675,0.04642525126564341,0.011759369705851851,0.017304731588544287,0.011134525635733769,0.022482157096135425,0.01886055460530075,0.009765625,0.009003461384075085,0.005940197783494355,0.006905339660024878,0.01019561182510796,0.013810679320049757,0.0166015625,0.010054326309557618,0.016630260122975003,0.009003461384075085,0.0029296875,0.009264485332524549,0.02209708691207961,0.028588439781844624,0.01179984958358845,0.010563138502335907,0.008052940675034493,0.0021836601342771385,0.006905339660024878,0.013566839833447074,0.011920464468489943,0.011759369705851851,0.004367320268554277,0.007437278423695223,0.010918300671385692,0.011759369705851851,0.011430371006562134,0.04668132188561375,0.06017558790235897,0.020132351687586234,0.00966747552403483,0.006253051013118016,0.016164985700436375,0.013982247132105814,0.008400708268596315,0.0009765625,0.005258950006967289,0.0021836601342771385,0.007873298582322802,0.008734640537108554,0.001953125,0.0009765625,0.008052940675034493,0.008734640537108554,0.0,0.03798564519292329,0.0041432037960149265,0.003088161777508183,0.006253051013118016,0.0078125,0.010517900013934578,0.022651198251451565,0.007042092334890604,0.0021836601342771385,0.004026470337517247,0.004367320268554277,0.005258950006967289,0.005694288959809864,0.0009765625,0.0078125,0.009814331661250869,0.0021836601342771385,0.0078125,0.01171875,0.0065509804028314154,0.012236293052872722,0.006905339660024878,0.005258950006967289,0.010517900013934578,0.001953125,0.004367320268554277,0.004367320268554277,0.005694288959809864,0.007042092334890604,0.033969779552590014,0.0013810679320049757,0.0009765625,0.008843149548962322,0.003521046167445302,0.007873298582322802,0.0048828125,0.007109482313750506,0.001953125,0.00966747552403483,0.005258950006967289,0.004979511243742954,0.0041432037960149265,0.0021836601342771385,0.005940197783494355,0.007873298582322802,0.003521046167445302,0.006253051013118016,0.0048828125,0.0126953125,0.0146484375,0.0021836601342771385,0.003521046167445302,0.006176323555016366,0.0009765625,0.0009765625,0.0048828125,0.0021836601342771385,0.0009765625,0.004979511243742954,0.0013810679320049757,0.004979511243742954,0.01933495104806966,0.006176323555016366,0.004367320268554277,0.00390625,1,1,0.0
25.0,11.973750114440918,8.0,0.12771837413311005,0.8545913696289062,18.359375,19.498064041137695,12.552459716796875,1.953125,0.4019453525543213,0.01639927364885807,282.0,4100.0,407858.84375,14.539007186889648,0.47033628821372986,1.0797998905181885,3.8414175510406494,0.0009947774233296514,0.0,0.2201411873102188,935,888,890,928,926,941,888,873,904,888,909,908,861,847,877,911,920,870,874,922,875,892,887,862,911,907,924,906,845,814,862,893,877,857,843,842,874,894,892,856,878,860,874,864,858,797,857,887,872,907,872,861,857,828,862,888,859,856,925,923,907,863,872,940,939,958,956,923,878,943,906,905,872,847,893,895,922,921,893,955,941,957,908,910,887,920,920,935,912,875,877,909,896,894,880,874,910,894,907,906,857,840,905,911,879,841,862,891,876,872,889,831,857,864,873,875,855,861,923,927,919,912,920,922,940,940,957,895,908,874,878,905,856,824,857,891,872,857,855,846,909,904,922,919,858,830,896,937,893,871,875,942,920,890,895,858,826,879,908,923,893,891,925,906,888,864,829,903,880,870,842,832,799,844,874,894,887,844,843,904,924,952,936,909,940,938,943,940,886,864,920,937,923,870,858,890,877,889,903,860,879,861,873,858,823,825,875,890,871,856,842,831,886,904,920,877,909,907,926,927,905,860,904,907,904,903,892,909,922,877,937,925,890,873,937,922,893,863,872,927,910,891,895,877,841,875,907,893,840,811,861,845,827,826,783,844,0.001953125,0.009212872199274027,0.02847144479904932,0.030649130520459405,0.029700988917471777,0.044932488555966175,0.026654968874914416,0.044932488555966175,0.04447381850287383,0.02756951994822872,0.011430371006562134,0.01878455474772592,0.023619895746968406,0.05281569251167953,0.01284467425582608,0.004026470337517247,0.014874556847390447,0.02489755621871477,0.009264485332524549,0.018165112536853784,0.015440808887540914,0.010517900013934578,0.010381001770248682,0.005524271728019903,0.014874556847390447,0.015254393898255184,0.012732817197661424,0.01800692276815017,0.00834375365753665,0.0048828125,0.011759369705851851,0.019652941208494246,0.029652786036501906,0.009765625,0.009765625,0.008734640537108554,0.009814331661250869,0.0048828125,0.020600608505594715,0.017469281074217108,0.0041432037960149265,0.008286407592029853,0.004026470337517247,0.0065509804028314154,0.0029296875,0.01516032685181643,0.04367320268554277,0.06149242770090299,0.023212625632821705,0.013810679320049757,0.010786485368346935,0.01179984958358845,0.015440808887540914,0.005258950006967289,0.008052940675034493,0.011134525635733769,0.007042092334890604,0.0009765625,0.0021836601342771385,0.004979511243742954,0.006905339660024878,0.011759369705851851,0.012732817197661424,0.004026470337517247,0.04145504936873266,0.003088161777508183,0.004979511243742954,0.0048828125,0.007042092334890604,0.011134525635733769,0.022269051271467537,0.0065509804028314154,0.003088161777508183,0.004979511243742954,0.0048828125,0.0065509804028314154,0.005694288959809864,0.003088161777508183,0.007873298582322802,0.010054326309557618,0.0027621358640099515,0.0078125,0.009212872199274027,0.003088161777508183,0.009264485332524549,0.009003461384075085,0.008052940675034493,0.010786485368346935,0.0029296875,0.004367320268554277,0.0041432037960149265,0.005694288959809864,0.005694288959809864,0.029893023173855404,0.0027621358640099515,0.004367320268554277,0.007873298582322802,0.001953125,0.007873298582322802,0.006176323555016366,0.006905339660024878,0.0009765625,0.009814331661250869,0.003521046167445302,0.004367320268554277,0.005694288959809864,0.0027621358640099515,0.003521046167445302,0.009618025197066508,0.0013810679320049757,0.007627196949127592,0.004979511243742954,0.013028968812623373,0.012236293052872722,0.004367320268554277,0.005940197783494355,0.0048828125,0.0029296875,0.001953125,0.0013810679320049757,0.004026470337517247,0.003088161777508183,0.003088161777508183,0.00390625,0.004979511243742954,0.016858082521125067,0.008400708268596315,0.005694288959809864,0.0068359375,1,1,0.0
25.0,11.659646987915039,7.0,0.15522080659866333,0.6658948659896851,5.078125,18.901395797729492,13.265946388244629,18.359375,0.33767685294151306,0.016105880960822105,272.0,3965.0,343044.25,14.577205657958984,0.507102370262146,1.355555534362793,3.762269973754883,0.0004582163819577545,0.0,0.26449689269065857,892,891,905,936,923,956,925,956,935,888,890,928,926,941,888,873,904,888,909,908,861,847,877,911,920,870,874,922,875,892,887,862,911,907,924,906,845,814,862,893,877,857,843,842,874,894,892,856,878,860,874,864,858,797,857,887,872,907,872,861,857,828,862,888,859,856,925,923,907,863,872,940,939,958,956,923,878,943,906,905,872,847,893,895,922,921,893,955,941,957,908,910,887,920,920,935,912,875,877,909,896,894,880,874,910,894,907,906,857,840,905,911,879,841,862,891,876,872,889,831,857,864,873,875,855,861,923,927,919,912,920,922,940,940,957,895,908,874,878,905,856,824,857,891,872,857,855,846,909,904,922,919,858,830,896,937,893,871,875,942,920,890,895,858,826,879,908,923,893,891,925,906,888,864,829,903,880,870,842,832,799,844,874,894,887,844,843,904,924,952,936,909,940,938,943,940,886,864,920,937,923,870,858,890,877,889,903,860,879,861,873,858,823,825,875,890,871,856,842,831,886,904,920,877,909,907,926,927,905,860,904,907,904,903,892,909,922,877,937,925,890,873,937,922,893,863,872,927,910,891,895,877,841,875,907,893,0.00048828125,0.006253051013118016,0.0325211441510678,0.04334441605697685,0.03625138904935661,0.0328276099882258,0.013566839833447074,0.040618426451338716,0.056581663815902246,0.014680953494504793,0.008400708268596315,0.016370170521718956,0.0341098617120566,0.0411664822428867,0.02209708691207961,0.01589728573837862,0.003088161777508183,0.013601941676937616,0.021417687694786434,0.014517645261053229,0.011759369705851851,0.0029296875,0.008286407592029853,0.015746597164645604,0.014218964627501012,0.022269051271467537,0.0048828125,0.009212872199274027,0.015191747252054731,0.004026470337517247,0.009618025197066508,0.01760523083722651,0.02376079113397742,0.013566839833447074,0.012732817197661424,0.004367320268554277,0.006253051013118016,0.005694288959809864,0.019773883526676354,0.016630260122975003,0.004367320268554277,0.008286407592029853,0.004979511243742954,0.007873298582322802,0.004367320268554277,0.017387200990981306,0.04712862700005334,0.058283684810065524,0.020132351687586234,0.008843149548962322,0.005859375,0.009003461384075085,0.009765625,0.0087890625,0.0027621358640099515,0.0048828125,0.001953125,0.008052940675034493,0.0078125,0.0013810679320049757,0.0048828125,0.011759369705851851,0.006905339660024878,0.005940197783494355,0.036604814089826784,0.003521046167445302,0.004979511243742954,0.003088161777508183,0.005524271728019903,0.007873298582322802,0.022881590847382775,0.006176323555016366,0.0,0.0048828125,0.0048828125,0.0041432037960149265,0.006253051013118016,0.0013810679320049757,0.007627196949127592,0.009765625,0.0027621358640099515,0.007873298582322802,0.009003461384075085,0.003521046167445302,0.009618025197066508,0.007873298582322802,0.007873298582322802,0.009003461384075085,0.0041432037960149265,0.005258950006967289,0.005524271728019903,0.00390625,0.005524271728019903,0.034402177644157296,0.0,0.0009765625,0.009814331661250869,0.004367320268554277,0.008400708268596315,0.0048828125,0.0065509804028314154,0.0013810679320049757,0.009765625,0.0041432037960149265,0.0048828125,0.0041432037960149265,0.003088161777508183,0.005258950006967289,0.00834375365753665,0.003088161777508183,0.007873298582322802,0.003088161777508183,0.010918300671385692,0.01284467425582608,0.003088161777508183,0.0048828125,0.0021836601342771385,0.0029296875,0.0021836601342771385,0.004026470337517247,0.004026470337517247,0.00390625,0.007437278423695223,0.0009765625,0.0048828125,0.021035800027869155,0.003521046167445302,0.003088161777508183,0.001953125,1,1,0.0
25.0,12.0253324508667,6.0,0.13986724615097046,0.7913942337036133,3.125,17.39617347717285,13.05726432800293,18.359375,0.37998566031455994,0.015776850283145905,261.0,3562.0,337523.75,13.647509574890137,0.4801470935344696,1.0610663890838623,3.630406618118286,2.9898941647843458e-05,0.0,0.22736163437366486,839,840,911,938,941,911,847,893,892,891,905,936,923,956,925,956,935,888,890,928,926,941,888,873,904,888,909,908,861,847,877,911,920,870,874,922,875,892,887,862,911,907,924,906,845,814,862,893,877,857,843,842,874,894,892,856,878,860,874,864,858,797,857,887,872,907,872,861,857,828,862,888,859,856,925,923,907,863,872,940,939,958,956,923,878,943,906,905,872,847,893,895,922,921,893,955,941,957,908,910,887,920,920,935,912,875,877,909,896,894,880,874,910,894,907,906,857,840,905,911,879,841,862,891,876,872,889,831,857,864,873,875,855,861,923,927,919,912,920,922,940,940,957,895,908,874,878,905,856,824,857,891,872,857,855,846,909,904,922,919,858,830,896,937,893,871,875,942,920,890,895,858,826,879,908,923,893,891,925,906,888,864,829,903,880,870,842,832,799,844,874,894,887,844,843,904,924,952,936,909,940,938,943,940,886,864,920,937,923,870,858,890,877,889,903,860,879,861,873,858,823,825,875,890,871,856,842,831,886,904,920,877,909,907,926,927,905,860,904,907,904,903,892,909,922,877,937,925,890,873,937,922,893,863,872,927,0.00048828125,0.0065509804028314154,0.031035641761856844,0.04438796163032622,0.03889122607761695,0.0283875817456028,0.0087890625,0.04005097002814429,0.06207128352371369,0.01179984958358845,0.008734640537108554,0.011759369705851851,0.034678283016727936,0.037288834164134345,0.017578125,0.01708286687942959,0.008734640537108554,0.02376079113397742,0.01313830473347042,0.014906579611790769,0.014517645261053229,0.009212872199274027,0.013601941676937616,0.005859375,0.005940197783494355,0.026565372087373914,0.015254393898255184,0.01188039556698871,0.02286074201312427,0.013879560940968648,0.019749754312653012,0.012732817197661424,0.013810679320049757,0.023212625632821705,0.022032254243512652,0.007042092334890604,0.0027621358640099515,0.009003461384075085,0.0126953125,0.009765625,0.011759369705851851,0.0126953125,0.005859375,0.005694288959809864,0.0048828125,0.02039122365021592,0.047881447938012744,0.058021292099659956,0.01953125,0.009003461384075085,0.006905339660024878,0.0078125,0.007042092334890604,0.010381001770248682,0.0021836601342771385,0.0041432037960149265,0.003088161777508183,0.009814331661250869,0.01019561182510796,0.004026470337517247,0.005940197783494355,0.014218964627501012,0.005524271728019903,0.008052940675034493,0.037314400731528904,0.0041432037960149265,0.005940197783494355,0.0009765625,0.00390625,0.008843149548962322,0.02132844694125152,0.004367320268554277,0.0013810679320049757,0.005694288959809864,0.006176323555016366,0.004979511243742954,0.006176323555016366,0.0029296875,0.007627196949127592,0.009003461384075085,0.0027621358640099515,0.007109482313750506,0.009959022487485907,0.003088161777508183,0.009618025197066508,0.007873298582322802,0.007627196949127592,0.008734640537108554,0.0041432037960149265,0.005694288959809864,0.005694288959809864,0.003521046167445302,0.0068359375,0.03500673501745102,0.0013810679320049757,0.0009765625,0.009003461384075085,0.004367320268554277,0.006253051013118016,0.006176323555016366,0.0048828125,0.0021836601342771385,0.011134525635733769,0.004026470337517247,0.005258950006967289,0.006253051013118016,0.004367320268554277,0.005694288959809864,0.008052940675034493,0.00390625,0.00834375365753665,0.001953125,0.009814331661250869,0.013028968812623373,0.0021836601342771385,0.004367320268554277,0.0041432037960149265,0.0027621358640099515,0.001953125,0.004026470337517247,0.003088161777508183,0.0021836601342771385,0.006905339660024878,0.0013810679320049757,0.0048828125,0.021683206358568866,0.004026470337517247,0.003088161777508183,0.001953125,1,1,0.0
25.0,11.8618745803833,6.0,0.12840233743190765,0.7421991229057312,18.359375,20.232873916625977,13.092571258544922,3.125,0.371311753988266,0.016135459765791893,273.0,4040.0,371995.0625,14.798534393310547,0.5002859234809875,1.1444759368896484,3.9061295986175537,2.859103369701188e-05,0.0,0.2450530081987381,855,827,861,831,812,846,826,872,839,840,911,938,941,911,847,893,892,891,905,936,923,956,925,956,935,888,890,928,926,941,888,873,904,888,909,908,861,847,877,911,920,870,874,922,875,892,887,862,911,907,924,906,845,814,862,893,877,857,843,842,874,894,892,856,878,860,874,864,858,797,857,887,872,907,872,861,857,828,862,888,859,856,925,923,907,863,872,940,939,958,956,923,878,943,906,905,872,847,893,895,922,921,893,955,941,957,908,910,887,920,920,935,912,875,877,909,896,894,880,874,910,894,907,906,857,840,905,911,879,841,862,891,876,872,889,831,857,864,873,875,855,861,923,927,919,912,920,922,940,940,957,895,908,874,878,905,856,824,857,891,872,857,855,846,909,904,922,919,858,830,896,937,893,871,875,942,920,890,895,858,826,879,908,923,893,891,925,906,888,864,829,903,880,870,842,832,799,844,874,894,887,844,843,904,924,952,936,909,940,938,943,940,886,864,920,937,923,870,858,890,877,889,903,860,879,861,873,858,823,825,875,890,871,856,842,831,886,904,920,877,909,907,926,927,905,860,904,907,904,903,892,909,922,877,937,925,0.00341796875,0.016370170521718956,0.014218964627501012,0.041718768287683256,0.0537109375,0.01760523083722651,0.01179984958358845,0.0417530436063124,0.0752206734830145,0.0185546875,0.01516032685181643,0.004026470337517247,0.025559086578715626,0.047330550062705604,0.007873298582322802,0.0065509804028314154,0.013601941676937616,0.021035800027869155,0.016105881350068987,0.01875915303935405,0.014874556847390447,0.003088161777508183,0.010918300671385692,0.00966747552403483,0.009765625,0.02376079113397742,0.013810679320049757,0.012506102026236032,0.021417687694786434,0.013601941676937616,0.018961413905222265,0.01313830473347042,0.015655487833868553,0.021683206358568866,0.018165112536853784,0.006176323555016366,0.0029296875,0.006905339660024878,0.014874556847390447,0.012079411012551739,0.010517900013934578,0.008400708268596315,0.004026470337517247,0.0013810679320049757,0.006253051013118016,0.020531050821902968,0.0445488075310822,0.060712035321756064,0.020692988379313566,0.011134525635733769,0.009212872199274027,0.012352647110032733,0.009212872199274027,0.013982247132105814,0.005258950006967289,0.010054326309557618,0.003088161777508183,0.004026470337517247,0.003521046167445302,0.001953125,0.0009765625,0.009814331661250869,0.0021836601342771385,0.010786485368346935,0.03419363554689765,0.007627196949127592,0.009765625,0.004367320268554277,0.0,0.011759369705851851,0.01953125,0.006176323555016366,0.0021836601342771385,0.003088161777508183,0.003521046167445302,0.00390625,0.007627196949127592,0.0021836601342771385,0.004026470337517247,0.0126953125,0.006176323555016366,0.006905339660024878,0.011388577919619728,0.006176323555016366,0.013982247132105814,0.0041432037960149265,0.004367320268554277,0.01179984958358845,0.0021836601342771385,0.004026470337517247,0.0065509804028314154,0.0021836601342771385,0.004026470337517247,0.03521046167445302,0.00390625,0.0029296875,0.010918300671385692,0.006905339660024878,0.0048828125,0.009264485332524549,0.004367320268554277,0.0041432037960149265,0.010517900013934578,0.0013810679320049757,0.00834375365753665,0.0048828125,0.0048828125,0.006905339660024878,0.007437278423695223,0.003088161777508183,0.007627196949127592,0.0027621358640099515,0.009264485332524549,0.01179984958358845,0.004026470337517247,0.005694288959809864,0.004367320268554277,0.003521046167445302,0.003088161777508183,0.006253051013118016,0.0009765625,0.0009765625,0.003521046167445302,0.004026470337517247,0.0013810679320049757,0.021836601342771385,0.0013810679320049757,0.0021836601342771385,0.001953125,1,1,0.0
25.0,11.820181846618652,7.0,0.13223740458488464,0.8563945889472961,18.359375,31.237648010253906,12.539243698120117,3.125,0.4003174901008606,0.0166302602738142,290.0,5933.0,564588.25,20.458620071411133,0.46744510531425476,1.5350582599639893,4.936069488525391,0.0013183383271098137,0.0,0.2136484831571579,872,841,878,863,859,809,796,864,855,827,861,831,812,846,826,872,839,840,911,938,941,911,847,893,892,891,905,936,923,956,925,956,935,888,890,928,926,941,888,873,904,888,909,908,861,847,877,911,920,870,874,922,875,892,887,862,911,907,924,906,845,814,862,893,877,857,843,842,874,894,892,856,878,860,874,864,858,797,857,887,872,907,872,861,857,828,862,888,859,856,925,923,907,863,872,940,939,958,956,923,878,943,906,905,872,847,893,895,922,921,893,955,941,957,908,910,887,920,920,935,912,875,877,909,896,894,880,874,910,894,907,906,857,840,905,911,879,841,862,891,876,872,889,831,857,864,873,875,855,861,923,927,919,912,920,922,940,940,957,895,908,874,878,905,856,824,857,891,872,857,855,846,909,904,922,919,858,830,896,937,893,871,875,942,920,890,895,858,826,879,908,923,893,891,925,906,888,864,829,903,880,870,842,832,799,844,874,894,887,844,843,904,924,952,936,909,940,938,943,940,886,864,920,937,923,870,858,890,877,889,903,860,879,861,873,858,823,825,875,890,871,856,842,831,886,904,920,877,909,907,926,927,905,860,904,907,0.00341796875,0.024433585943743757,0.0068359375,0.04606436099637014,0.06078268093591967,0.009959022487485907,0.013810679320049757,0.03756910949545184,0.07504296661499268,0.025390625,0.013601941676937616,0.004026470337517247,0.020899350155305366,0.05006252194521991,0.013810679320049757,0.007873298582322802,0.006905339660024878,0.01760523083722651,0.017304731588544287,0.013706707859002147,0.01313830473347042,0.007873298582322802,0.013982247132105814,0.007437278423695223,0.00390625,0.02833714478231818,0.013810679320049757,0.009264485332524549,0.021836601342771385,0.011388577919619728,0.015440808887540914,0.015440808887540914,0.01878455474772592,0.019749754312653012,0.017953883116064683,0.004026470337517247,0.003521046167445302,0.009003461384075085,0.013671875,0.01171875,0.011430371006562134,0.009003461384075085,0.004367320268554277,0.0021836601342771385,0.005940197783494355,0.021439939843847802,0.044932488555966175,0.0591848440410225,0.019236050394133015,0.011388577919619728,0.007873298582322802,0.014680953494504793,0.011759369705851851,0.011134525635733769,0.0048828125,0.0087890625,0.003521046167445302,0.0048828125,0.0078125,0.0041432037960149265,0.004367320268554277,0.014517645261053229,0.004026470337517247,0.009003461384075085,0.037224840922941246,0.004367320268554277,0.0048828125,0.0009765625,0.004026470337517247,0.00834375365753665,0.021439939843847802,0.003521046167445302,0.0021836601342771385,0.006253051013118016,0.005524271728019903,0.0065509804028314154,0.004979511243742954,0.001953125,0.007109482313750506,0.01179984958358845,0.0048828125,0.008734640537108554,0.008400708268596315,0.0048828125,0.01242961138804478,0.004026470337517247,0.003521046167445302,0.010918300671385692,0.0009765625,0.001953125,0.005258950006967289,0.0013810679320049757,0.003521046167445302,0.03515625,0.005258950006967289,0.00390625,0.010563138502335907,0.006253051013118016,0.003088161777508183,0.00966747552403483,0.006176323555016366,0.0029296875,0.0087890625,0.001953125,0.006905339660024878,0.004367320268554277,0.004026470337517247,0.004979511243742954,0.00834375365753665,0.0021836601342771385,0.009212872199274027,0.0021836601342771385,0.007873298582322802,0.013282686043686957,0.001953125,0.004026470337517247,0.0048828125,0.0021836601342771385,0.001953125,0.004367320268554277,0.0021836601342771385,0.0021836601342771385,0.005258950006967289,0.001953125,0.0021836601342771385,0.020967686087484266,0.0021836601342771385,0.0021836601342771385,0.0,1,1,0.0
25.0,11.6564302444458,6.0,0.13526798784732819,0.9250394701957703,1.5625,27.692764282226562,12.085768699645996,3.125,0.4155297875404358,0.016829773783683777,297.0,5905.0,615316.625,19.88215446472168,0.44920220971107483,1.5242643356323242,4.682339191436768,0.0012880162103101611,0.0,0.20057274401187897,919,893,894,906,926,903,906,927,872,841,878,863,859,809,796,864,855,827,861,831,812,846,826,872,839,840,911,938,941,911,847,893,892,891,905,936,923,956,925,956,935,888,890,928,926,941,888,873,904,888,909,908,861,847,877,911,920,870,874,922,875,892,887,862,911,907,924,906,845,814,862,893,877,857,843,842,874,894,892,856,878,860,874,864,858,797,857,887,872,907,872,861,857,828,862,888,859,856,925,923,907,863,872,940,939,958,956,923,878,943,906,905,872,847,893,895,922,921,893,955,941,957,908,910,887,920,920,935,912,875,877,909,896,894,880,874,910,894,907,906,857,840,905,911,879,841,862,891,876,872,889,831,857,864,873,875,855,861,923,927,919,912,920,922,940,940,957,895,908,874,878,905,856,824,857,891,872,857,855,846,909,904,922,919,858,830,896,937,893,871,875,942,920,890,895,858,826,879,908,923,893,891,925,906,888,864,829,903,880,870,842,832,799,844,874,894,887,844,843,904,924,952,936,909,940,938,943,940,886,864,920,937,923,870,858,890,877,889,903,860,879,861,873,858,823,825,875,890,871,856,842,831,886,904,920,877,0.00341796875,0.02376079113397742,0.007437278423695223,0.045908825287277966,0.06057836882527665,0.009618025197066508,0.013982247132105814,0.037378240642587185,0.07584565562088906,0.02510734400816883,0.014680953494504793,0.004026470337517247,0.020531050821902968,0.05097805912553979,0.01179984958358845,0.007873298582322802,0.007873298582322802,0.016105881350068987,0.01875915303935405,0.01179984958358845,0.01171875,0.009212872199274027,0.013982247132105814,0.006176323555016366,0.0029296875,0.031035641761856844,0.014778072217208551,0.006905339660024878,0.022140203220223895,0.009618025197066508,0.014218964627501012,0.013671875,0.019457869965987574,0.020108652619115236,0.021484375,0.006176323555016366,0.0027621358640099515,0.007627196949127592,0.014938533731228863,0.013671875,0.008052940675034493,0.005694288959809864,0.0048828125,0.005524271728019903,0.009765625,0.023840928936979887,0.0471993983343538,0.05765028180916188,0.016253239235442616,0.007627196949127592,0.004367320268554277,0.013982247132105814,0.010517900013934578,0.009618025197066508,0.0009765625,0.005859375,0.0009765625,0.006905339660024878,0.005859375,0.0,0.0021836601342771385,0.011430371006562134,0.0021836601342771385,0.010381001770248682,0.037109375,0.005524271728019903,0.007873298582322802,0.0009765625,0.005258950006967289,0.007109482313750506,0.023047702580480365,0.00390625,0.001953125,0.007627196949127592,0.006176323555016366,0.007109482313750506,0.005524271728019903,0.0013810679320049757,0.006253051013118016,0.01188039556698871,0.003521046167445302,0.007873298582322802,0.009264485332524549,0.0041432037960149265,0.01188039556698871,0.005524271728019903,0.005524271728019903,0.009212872199274027,0.0013810679320049757,0.0013810679320049757,0.00390625,0.004367320268554277,0.001953125,0.03500673501745102,0.007627196949127592,0.007437278423695223,0.011759369705851851,0.007627196949127592,0.0013810679320049757,0.009618025197066508,0.007437278423695223,0.0021836601342771385,0.007109482313750506,0.003088161777508183,0.005940197783494355,0.0048828125,0.003521046167445302,0.0048828125,0.008734640537108554,0.003088161777508183,0.007873298582322802,0.001953125,0.008052940675034493,0.013282686043686957,0.0027621358640099515,0.0029296875,0.005859375,0.0009765625,0.0,0.003521046167445302,0.003088161777508183,0.0027621358640099515,0.005694288959809864,0.001953125,0.0021836601342771385,0.019773883526676354,0.0009765625,0.0021836601342771385,0.001953125,1,1,0.0
25.0,11.599550247192383,6.0,0.1386411339044571,0.9335178136825562,1.5625,28.00799560546875,12.0225191116333,3.125,0.41587093472480774,0.016829773783683777,297.0,6032.0,627986.5,20.309764862060547,0.44548794627189636,1.5675675868988037,4.683084011077881,0.001285414444282651,0.0,0.1843622475862503,844,827,872,878,872,825,893,907,919,893,894,906,926,903,906,927,872,841,878,863,859,809,796,864,855,827,861,831,812,846,826,872,839,840,911,938,941,911,847,893,892,891,905,936,923,956,925,956,935,888,890,928,926,941,888,873,904,888,909,908,861,847,877,911,920,870,874,922,875,892,887,862,911,907,924,906,845,814,862,893,877,857,843,842,874,894,892,856,878,860,874,864,858,797,857,887,872,907,872,861,857,828,862,888,859,856,925,923,907,863,872,940,939,958,956,923,878,943,906,905,872,847,893,895,922,921,893,955,941,957,908,910,887,920,920,935,912,875,877,909,896,894,880,874,910,894,907,906,857,840,905,911,879,841,862,891,876,872,889,831,857,864,873,875,855,861,923,927,919,912,920,922,940,940,957,895,908,874,878,905,856,824,857,891,872,857,855,846,909,904,922,919,858,830,896,937,893,871,875,942,920,890,895,858,826,879,908,923,893,891,925,906,888,864,829,903,880,870,842,832,799,844,874,894,887,844,843,904,924,952,936,909,940,938,943,940,886,864,920,937,923,870,858,890,877,889,903,860,879,861,873,858,823,825,875,890,0.0009765625,0.028437929255002024,0.0048828125,0.05064961906207008,0.05902348920414678,0.011134525635733769,0.010517900013934578,0.040653629485348924,0.07722257118542662,0.024647323172117114,0.01878455474772592,0.007437278423695223,0.017387200990981306,0.052734375,0.01589728573837862,0.00966747552403483,0.006905339660024878,0.01878455474772592,0.017469281074217108,0.013282686043686957,0.009765625,0.009003461384075085,0.013706707859002147,0.005940197783494355,0.0,0.033730304764004966,0.013282686043686957,0.0048828125,0.01760523083722651,0.00834375365753665,0.01953125,0.01188039556698871,0.015625,0.020132351687586234,0.015440808887540914,0.001953125,0.007437278423695223,0.013566839833447074,0.008734640537108554,0.008843149548962322,0.008734640537108554,0.009003461384075085,0.005258950006967289,0.008286407592029853,0.013879560940968648,0.024705294220065465,0.04769185721513586,0.05623507831596863,0.012732817197661424,0.006905339660024878,0.004026470337517247,0.013566839833447074,0.010381001770248682,0.013028968812623373,0.0048828125,0.008734640537108554,0.004979511243742954,0.006176323555016366,0.0027621358640099515,0.00390625,0.004979511243742954,0.013810679320049757,0.0029296875,0.011430371006562134,0.03911129764550935,0.003521046167445302,0.005859375,0.0021836601342771385,0.005940197783494355,0.008400708268596315,0.0208765218031562,0.0021836601342771385,0.003521046167445302,0.004367320268554277,0.0029296875,0.005258950006967289,0.0078125,0.0029296875,0.007042092334890604,0.009264485332524549,0.0013810679320049757,0.008052940675034493,0.00834375365753665,0.001953125,0.008400708268596315,0.005694288959809864,0.006176323555016366,0.012236293052872722,0.003521046167445302,0.001953125,0.007873298582322802,0.0021836601342771385,0.0048828125,0.036812650048771024,0.004026470337517247,0.003088161777508183,0.01179984958358845,0.008052940675034493,0.0029296875,0.01179984958358845,0.008052940675034493,0.004026470337517247,0.006253051013118016,0.003088161777508183,0.0048828125,0.004979511243742954,0.003521046167445302,0.006176323555016366,0.008052940675034493,0.003088161777508183,0.008052940675034493,0.0027621358640099515,0.007109482313750506,0.013982247132105814,0.0021836601342771385,0.0009765625,0.005258950006967289,0.003088161777508183,0.0027621358640099515,0.005694288959809864,0.0009765625,0.0013810679320049757,0.0021836601342771385,0.004026470337517247,0.001953125,0.022545696055889054,0.0027621358640099515,0.0027621358640099515,0.0009765625,1,1,0.0
25.0,11.815652847290039,6.0,0.1473785638809204,1.0007730722427368,1.5625,27.3270263671875,11.915552139282227,3.125,0.4264754354953766,0.01713860221207142,308.0,6253.0,668376.9375,20.30194854736328,0.426146000623703,1.7117438316345215,4.581177711486816,0.00010136076889466494,0.0,0.1904294490814209,843,831,841,841,873,888,859,809,844,827,872,878,872,825,893,907,919,893,894,906,926,903,906,927,872,841,878,863,859,809,796,864,855,827,861,831,812,846,826,872,839,840,911,938,941,911,847,893,892,891,905,936,923,956,925,956,935,888,890,928,926,941,888,873,904,888,909,908,861,847,877,911,920,870,874,922,875,892,887,862,911,907,924,906,845,814,862,893,877,857,843,842,874,894,892,856,878,860,874,864,858,797,857,887,872,907,872,861,857,828,862,888,859,856,925,923,907,863,872,940,939,958,956,923,878,943,906,905,872,847,893,895,922,921,893,955,941,957,908,910,887,920,920,935,912,875,877,909,896,894,880,874,910,894,907,906,857,840,905,911,879,841,862,891,876,872,889,831,857,864,873,875,855,861,923,927,919,912,920,922,940,940,957,895,908,874,878,905,856,824,857,891,872,857,855,846,909,904,922,919,858,830,896,937,893,871,875,942,920,890,895,858,826,879,908,923,893,891,925,906,888,864,829,903,880,870,842,832,799,844,874,894,887,844,843,904,924,952,936,909,940,938,943,940,886,864,920,937,923,870,858,890,877,889,903,860,0.0009765625,0.02751758360079174,0.0048828125,0.049881221832508336,0.0578237161839354,0.012079411012551739,0.01242961138804478,0.04026470337517247,0.07746301568379664,0.025633603024231812,0.01589728573837862,0.0048828125,0.019628663322501738,0.050753072110102666,0.012236293052872722,0.007627196949127592,0.007109482313750506,0.014517645261053229,0.020132351687586234,0.011134525635733769,0.013810679320049757,0.009765625,0.013810679320049757,0.0065509804028314154,0.004979511243742954,0.029893023173855404,0.01680141653719263,0.005694288959809864,0.021506558149946522,0.005524271728019903,0.01589728573837862,0.00834375365753665,0.012352647110032733,0.025202124805788945,0.017469281074217108,0.007042092334890604,0.009959022487485907,0.01516032685181643,0.005859375,0.0029296875,0.013601941676937616,0.0126953125,0.008843149548962322,0.012732817197661424,0.016630260122975003,0.027621358640099514,0.04917843090630536,0.053932426841734674,0.01019561182510796,0.005258950006967289,0.005524271728019903,0.010381001770248682,0.006176323555016366,0.015746597164645604,0.004979511243742954,0.0107421875,0.004367320268554277,0.004026470337517247,0.005258950006967289,0.0029296875,0.0029296875,0.011759369705851851,0.0021836601342771385,0.010918300671385692,0.038098455474865546,0.005694288959809864,0.006905339660024878,0.001953125,0.006253051013118016,0.006176323555016366,0.022269051271467537,0.0009765625,0.0041432037960149265,0.0041432037960149265,0.0029296875,0.006253051013118016,0.008400708268596315,0.004979511243742954,0.008400708268596315,0.009003461384075085,0.0021836601342771385,0.009814331661250869,0.007109482313750506,0.0027621358640099515,0.010517900013934578,0.0048828125,0.004367320268554277,0.013282686043686957,0.004026470337517247,0.003521046167445302,0.007042092334890604,0.0021836601342771385,0.003088161777508183,0.034678283016727936,0.006905339660024878,0.005694288959809864,0.011759369705851851,0.007109482313750506,0.003088161777508183,0.009765625,0.0065509804028314154,0.0029296875,0.00834375365753665,0.0013810679320049757,0.0068359375,0.0048828125,0.0021836601342771385,0.004026470337517247,0.007873298582322802,0.003088161777508183,0.008400708268596315,0.003521046167445302,0.0065509804028314154,0.013810679320049757,0.003088161777508183,0.0013810679320049757,0.005694288959809864,0.004367320268554277,0.00390625,0.007109482313750506,0.0,0.001953125,0.0048828125,0.0029296875,0.0021836601342771385,0.021506558149946522,0.0029296875,0.0021836601342771385,0.0,1,1,0.0
25.0,11.715227127075195,6.0,0.1342117339372635,0.9619256854057312,1.5625,29.370384216308594,11.984173774719238,3.125,0.42449313402175903,0.017054930329322815,305.0,6292.0,639807.1875,20.62950897216797,0.44129514694213867,1.7946377992630005,4.7196760177612305,0.0001021398275042884,0.0,0.2023179680109024,924,895,936,935,892,860,894,873,843,831,841,841,873,888,859,809,844,827,872,878,872,825,893,907,919,893,894,906,926,903,906,927,872,841,878,863,859,809,796,864,855,827,861,831,812,846,826,872,839,840,911,938,941,911,847,893,892,891,905,936,923,956,925,956,935,888,890,928,926,941,888,873,904,888,909,908,861,847,877,911,920,870,874,922,875,892,887,862,911,907,924,906,845,814,862,893,877,857,843,842,874,894,892,856,878,860,874,864,858,797,857,887,872,907,872,861,857,828,862,888,859,856,925,923,907,863,872,940,939,958,956,923,878,943,906,905,872,847,893,895,922,921,893,955,941,957,908,910,887,920,920,935,912,875,877,909,896,894,880,874,910,894,907,906,857,840,905,911,879,841,862,891,876,872,889,831,857,864,873,875,855,861,923,927,919,912,920,922,940,940,957,895,908,874,878,905,856,824,857,891,872,857,855,846,909,904,922,919,858,830,896,937,893,871,875,942,920,890,895,858,826,879,908,923,893,891,925,906,888,864,829,903,880,870,842,832,799,844,874,894,887,844,843,904,924,952,936,909,940,938,943,940,886,864,920,937,0.00244140625,0.02627660946694084,0.004026470337517247,0.05021468801633766,0.06177095547214246,0.010918300671385692,0.009264485332524549,0.04005097002814429,0.07722257118542662,0.024119314521930602,0.018528970665049098,0.007873298582322802,0.018425744398548053,0.048602996633317595,0.013028968812623373,0.0068359375,0.010786485368346935,0.012506102026236032,0.023940723969006372,0.007042092334890604,0.015776850020901866,0.012079411012551739,0.016716057391234072,0.0107421875,0.009618025197066508,0.029313146523053973,0.022269051271467537,0.006253051013118016,0.02161713244255728,0.0013810679320049757,0.020132351687586234,0.005940197783494355,0.010918300671385692,0.023047702580480365,0.012732817197661424,0.003521046167445302,0.009618025197066508,0.01313830473347042,0.009959022487485907,0.008400708268596315,0.011048543456039806,0.012236293052872722,0.0048828125,0.010918300671385692,0.014874556847390447,0.024954945974962183,0.04680373814969437,0.05402076830445051,0.010918300671385692,0.009765625,0.008286407592029853,0.0065509804028314154,0.0021836601342771385,0.0170549308560283,0.005258950006967289,0.010054326309557618,0.0013810679320049757,0.006905339660024878,0.005524271728019903,0.003088161777508183,0.0029296875,0.013282686043686957,0.0027621358640099515,0.0107421875,0.03819845159298427,0.0048828125,0.006905339660024878,0.001953125,0.006905339660024878,0.005258950006967289,0.022269051271467537,0.0009765625,0.0048828125,0.0041432037960149265,0.001953125,0.006176323555016366,0.009003461384075085,0.0048828125,0.0065509804028314154,0.009212872199274027,0.003088161777508183,0.010054326309557618,0.007873298582322802,0.0048828125,0.011430371006562134,0.0048828125,0.0029296875,0.014517645261053229,0.0027621358640099515,0.003521046167445302,0.005694288959809864,0.0029296875,0.0027621358640099515,0.035934315415965035,0.006176323555016366,0.005524271728019903,0.010563138502335907,0.0078125,0.0021836601342771385,0.009814331661250869,0.006176323555016366,0.0027621358640099515,0.0087890625,0.0009765625,0.0078125,0.003521046167445302,0.001953125,0.0048828125,0.007873298582322802,0.005258950006967289,0.006905339660024878,0.0048828125,0.006253051013118016,0.015746597164645604,0.003088161777508183,0.003088161777508183,0.0029296875,0.004979511243742954,0.004367320268554277,0.005258950006967289,0.0027621358640099515,0.001953125,0.0041432037960149265,0.00390625,0.0009765625,0.024119314521930602,0.003521046167445302,0.004979511243742954,0.0029296875,1,1,0.0
25.0,12.016611099243164,6.0,0.13827715814113617,0.9867094159126282,1.5625,29.101428985595703,12.069543838500977,3.125,0.427979052066803,0.01713860221207142,308.0,6253.0,648488.125,20.30194854736328,0.43374377489089966,1.562859296798706,4.728548049926758,0.0006320952670648694,0.0,0.20567065477371216,909,871,878,936,925,925,923,888,924,895,936,935,892,860,894,873,843,831,841,841,873,888,859,809,844,827,872,878,872,825,893,907,919,893,894,906,926,903,906,927,872,841,878,863,859,809,796,864,855,827,861,831,812,846,826,872,839,840,911,938,941,911,847,893,892,891,905,936,923,956,925,956,935,888,890,928,926,941,888,873,904,888,909,908,861,847,877,911,920,870,874,922,875,892,887,862,911,907,924,906,845,814,862,893,877,857,843,842,874,894,892,856,878,860,874,864,858,797,857,887,872,907,872,861,857,828,862,888,859,856,925,923,907,863,872,940,939,958,956,923,878,943,906,905,872,847,893,895,922,921,893,955,941,957,908,910,887,920,920,935,912,875,877,909,896,894,880,874,910,894,907,906,857,840,905,911,879,841,862,891,876,872,889,831,857,864,873,875,855,861,923,927,919,912,920,922,940,940,957,895,908,874,878,905,856,824,857,891,872,857,855,846,909,904,922,919,858,830,896,937,893,871,875,942,920,890,895,858,826,879,908,923,893,891,925,906,888,864,829,903,880,870,842,832,799,844,874,894,887,844,843,904,924,952,936,909,0.00146484375,0.02638526579317636,0.005524271728019903,0.04835710313726542,0.060672752214879166,0.008400708268596315,0.009264485332524549,0.03792282781044453,0.07607164880527519,0.024158822025103478,0.02157297073669387,0.011430371006562134,0.019236050394133015,0.04548098055544929,0.011920464468489943,0.0041432037960149265,0.014517645261053229,0.007873298582322802,0.025781989809461104,0.010918300671385692,0.018961413905222265,0.008734640537108554,0.011134525635733769,0.005258950006967289,0.0048828125,0.03102027377786834,0.015655487833868553,0.006253051013118016,0.022798081113142094,0.006253051013118016,0.01313830473347042,0.005258950006967289,0.007042092334890604,0.030414866215619993,0.01242961138804478,0.009618025197066508,0.015440808887540914,0.019749754312653012,0.01179984958358845,0.014517645261053229,0.007109482313750506,0.01019561182510796,0.006176323555016366,0.00966747552403483,0.015191747252054731,0.023518739411703703,0.0465175990774006,0.05378191333208736,0.00966747552403483,0.011388577919619728,0.011134525635733769,0.0021836601342771385,0.005258950006967289,0.012732817197661424,0.0021836601342771385,0.005258950006967289,0.00390625,0.006176323555016366,0.0027621358640099515,0.004979511243742954,0.0048828125,0.012236293052872722,0.0013810679320049757,0.011759369705851851,0.0390625,0.004026470337517247,0.0048828125,0.0021836601342771385,0.0048828125,0.006253051013118016,0.022777155839239456,0.001953125,0.005524271728019903,0.004367320268554277,0.0021836601342771385,0.005940197783494355,0.009003461384075085,0.004026470337517247,0.006905339660024878,0.010517900013934578,0.00390625,0.010381001770248682,0.007873298582322802,0.0065509804028314154,0.0126953125,0.003088161777508183,0.0009765625,0.012732817197661424,0.0009765625,0.0009765625,0.005940197783494355,0.001953125,0.004026470337517247,0.03485657870620068,0.005258950006967289,0.006253051013118016,0.01313830473347042,0.0068359375,0.0027621358640099515,0.008734640537108554,0.005258950006967289,0.004026470337517247,0.007873298582322802,0.001953125,0.0068359375,0.003521046167445302,0.0021836601342771385,0.00390625,0.009003461384075085,0.0048828125,0.005258950006967289,0.004979511243742954,0.005524271728019903,0.017304731588544287,0.0029296875,0.0041432037960149265,0.0021836601342771385,0.0041432037960149265,0.003088161777508183,0.003088161777508183,0.003088161777508183,0.0013810679320049757,0.0021836601342771385,0.004979511243742954,0.001953125,0.023478154844084585,0.003521046167445302,0.0021836601342771385,0.0,1,1,0.0
25.0,11.89931869506836,6.0,0.1315089762210846,0.9556446671485901,1.5625,29.142894744873047,12.153898239135742,3.125,0.4243965446949005,0.01697084680199623,302.0,6068.0,607322.9375,20.092714309692383,0.4440944790840149,1.5720207691192627,4.704629421234131,0.00023234800028149039,0.0,0.1924297958612442,920,911,942,927,877,864,927,937,909,871,878,936,925,925,923,888,924,895,936,935,892,860,894,873,843,831,841,841,873,888,859,809,844,827,872,878,872,825,893,907,919,893,894,906,926,903,906,927,872,841,878,863,859,809,796,864,855,827,861,831,812,846,826,872,839,840,911,938,941,911,847,893,892,891,905,936,923,956,925,956,935,888,890,928,926,941,888,873,904,888,909,908,861,847,877,911,920,870,874,922,875,892,887,862,911,907,924,906,845,814,862,893,877,857,843,842,874,894,892,856,878,860,874,864,858,797,857,887,872,907,872,861,857,828,862,888,859,856,925,923,907,863,872,940,939,958,956,923,878,943,906,905,872,847,893,895,922,921,893,955,941,957,908,910,887,920,920,935,912,875,877,909,896,894,880,874,910,894,907,906,857,840,905,911,879,841,862,891,876,872,889,831,857,864,873,875,855,861,923,927,919,912,920,922,940,940,957,895,908,874,878,905,856,824,857,891,872,857,855,846,909,904,922,919,858,830,896,937,893,871,875,942,920,890,895,858,826,879,908,923,893,891,925,906,888,864,829,903,880,870,842,832,799,844,874,894,0.00244140625,0.026672852116694654,0.003088161777508183,0.0505742475633752,0.0596423104867284,0.010786485368346935,0.011388577919619728,0.036461239653504826,0.0726866955700328,0.020600608505594715,0.023840928936979887,0.013982247132105814,0.01589728573837862,0.04531292093015696,0.014778072217208551,0.008052940675034493,0.019652941208494246,0.0029296875,0.027361183058831836,0.01708286687942959,0.021506558149946522,0.0021836601342771385,0.009814331661250869,0.006253051013118016,0.004367320268554277,0.025781989809461104,0.01800692276815017,0.01313830473347042,0.027500249688142037,0.0048828125,0.022777155839239456,0.006176323555016366,0.011430371006562134,0.021126277004671814,0.015440808887540914,0.004979511243742954,0.009212872199274027,0.017578125,0.0021836601342771385,0.009814331661250869,0.004979511243742954,0.0009765625,0.007873298582322802,0.006253051013118016,0.011134525635733769,0.018347943582085875,0.04239901044158674,0.057418221078473046,0.015440808887540914,0.0170549308560283,0.016253239235442616,0.007873298582322802,0.012079411012551739,0.005694288959809864,0.005694288959809864,0.0107421875,0.009212872199274027,0.0013810679320049757,0.007873298582322802,0.003088161777508183,0.0021836601342771385,0.00966747552403483,0.003521046167445302,0.012236293052872722,0.039257326645003476,0.004367320268554277,0.0078125,0.0021836601342771385,0.007109482313750506,0.005940197783494355,0.02157297073669387,0.0,0.0048828125,0.004026470337517247,0.003088161777508183,0.005694288959809864,0.007873298582322802,0.00390625,0.004979511243742954,0.0107421875,0.005940197783494355,0.011920464468489943,0.006176323555016366,0.006253051013118016,0.013982247132105814,0.001953125,0.0029296875,0.011759369705851851,0.0029296875,0.0029296875,0.006905339660024878,0.0021836601342771385,0.0021836601342771385,0.0342911130196864,0.0065509804028314154,0.004026470337517247,0.011920464468489943,0.00834375365753665,0.0021836601342771385,0.009212872199274027,0.005694288959809864,0.0029296875,0.008400708268596315,0.001953125,0.0068359375,0.004026470337517247,0.0013810679320049757,0.003521046167445302,0.0087890625,0.006253051013118016,0.0048828125,0.0068359375,0.003521046167445302,0.018347943582085875,0.003088161777508183,0.005694288959809864,0.003088161777508183,0.0021836601342771385,0.0013810679320049757,0.0048828125,0.0009765625,0.0021836601342771385,0.0048828125,0.0021836601342771385,0.0013810679320049757,0.022140203220223895,0.0029296875,0.005940197783494355,0.00390625,1,1,0.0
25.0,11.94970417022705,6.0,0.1377161592245102,0.9153353571891785,1.5625,25.75887107849121,12.242666244506836,3.125,0.4120839238166809,0.01691455952823162,300.0,5540.0,563500.5,18.46666717529297,0.4501999318599701,1.4852546453475952,4.479068756103516,0.0006491146050393581,0.0,0.1955026090145111,940,893,893,937,920,922,877,863,920,911,942,927,877,864,927,937,909,871,878,936,925,925,923,888,924,895,936,935,892,860,894,873,843,831,841,841,873,888,859,809,844,827,872,878,872,825,893,907,919,893,894,906,926,903,906,927,872,841,878,863,859,809,796,864,855,827,861,831,812,846,826,872,839,840,911,938,941,911,847,893,892,891,905,936,923,956,925,956,935,888,890,928,926,941,888,873,904,888,909,908,861,847,877,911,920,870,874,922,875,892,887,862,911,907,924,906,845,814,862,893,877,857,843,842,874,894,892,856,878,860,874,864,858,797,857,887,872,907,872,861,857,828,862,888,859,856,925,923,907,863,872,940,939,958,956,923,878,943,906,905,872,847,893,895,922,921,893,955,941,957,908,910,887,920,920,935,912,875,877,909,896,894,880,874,910,894,907,906,857,840,905,911,879,841,862,891,876,872,889,831,857,864,873,875,855,861,923,927,919,912,920,922,940,940,957,895,908,874,878,905,856,824,857,891,872,857,855,846,909,904,922,919,858,830,896,937,893,871,875,942,920,890,895,858,826,879,908,923,893,891,925,906,888,864,829,903,0.0029296875,0.025781989809461104,0.013282686043686957,0.06655687191948725,0.04642525126564341,0.02627660946694084,0.027361183058831836,0.023940723969006372,0.0585367561353348,0.015254393898255184,0.03819845159298427,0.026654968874914416,0.027759121881937295,0.03371616504225013,0.005940197783494355,0.005694288959809864,0.012506102026236032,0.012079411012551739,0.02161713244255728,0.01019561182510796,0.0170549308560283,0.007627196949127592,0.009765625,0.003088161777508183,0.0013810679320049757,0.029877067462457725,0.014874556847390447,0.010918300671385692,0.027930370402490412,0.005859375,0.01824369305885684,0.0021836601342771385,0.007437278423695223,0.024472586105745445,0.00966747552403483,0.001953125,0.005258950006967289,0.011388577919619728,0.006905339660024878,0.004367320268554277,0.012079411012551739,0.0068359375,0.011920464468489943,0.009003461384075085,0.010563138502335907,0.01516032685181643,0.04236525774117942,0.05731847887042652,0.0185546875,0.020132351687586234,0.01708286687942959,0.011759369705851851,0.013566839833447074,0.009212872199274027,0.005524271728019903,0.011134525635733769,0.004367320268554277,0.003521046167445302,0.005258950006967289,0.003521046167445302,0.00390625,0.010786485368346935,0.0,0.013101960805662831,0.04008667139018319,0.0027621358640099515,0.007042092334890604,0.0,0.0065509804028314154,0.004367320268554277,0.023478154844084585,0.001953125,0.005694288959809864,0.0029296875,0.0021836601342771385,0.005258950006967289,0.006253051013118016,0.004979511243742954,0.005940197783494355,0.010517900013934578,0.006253051013118016,0.012732817197661424,0.005258950006967289,0.004979511243742954,0.012352647110032733,0.003088161777508183,0.0027621358640099515,0.012079411012551739,0.001953125,0.0021836601342771385,0.008286407592029853,0.0013810679320049757,0.003521046167445302,0.03340357690720131,0.0068359375,0.0048828125,0.011388577919619728,0.009765625,0.0009765625,0.008843149548962322,0.0048828125,0.006253051013118016,0.006905339660024878,0.003521046167445302,0.004979511243742954,0.003521046167445302,0.0029296875,0.0009765625,0.010918300671385692,0.008843149548962322,0.005940197783494355,0.007042092334890604,0.0029296875,0.0166015625,0.0009765625,0.0029296875,0.003521046167445302,0.004026470337517247,0.0027621358640099515,0.0021836601342771385,0.004026470337517247,0.0013810679320049757,0.0029296875,0.004367320268554277,0.0048828125,0.019186408891004394,0.0027621358640099515,0.007873298582322802,0.005859375,1,1,0.0
25.0,12.028127670288086,6.0,0.09573419392108917,0.9822440147399902,3.125,22.071086883544922,12.312092781066895,1.171875,0.44808292388916016,0.016716057434678078,293.0,4645.0,462949.96875,15.853241920471191,0.45618289709091187,1.292791485786438,4.134911060333252,0.0009592070709913969,0.0,0.20698599517345428,856,854,845,863,860,906,909,938,940,893,893,937,920,922,877,863,920,911,942,927,877,864,927,937,909,871,878,936,925,925,923,888,924,895,936,935,892,860,894,873,843,831,841,841,873,888,859,809,844,827,872,878,872,825,893,907,919,893,894,906,926,903,906,927,872,841,878,863,859,809,796,864,855,827,861,831,812,846,826,872,839,840,911,938,941,911,847,893,892,891,905,936,923,956,925,956,935,888,890,928,926,941,888,873,904,888,909,908,861,847,877,911,920,870,874,922,875,892,887,862,911,907,924,906,845,814,862,893,877,857,843,842,874,894,892,856,878,860,874,864,858,797,857,887,872,907,872,861,857,828,862,888,859,856,925,923,907,863,872,940,939,958,956,923,878,943,906,905,872,847,893,895,922,921,893,955,941,957,908,910,887,920,920,935,912,875,877,909,896,894,880,874,910,894,907,906,857,840,905,911,879,841,862,891,876,872,889,831,857,864,873,875,855,861,923,927,919,912,920,922,940,940,957,895,908,874,878,905,856,824,857,891,872,857,855,846,909,904,922,919,858,830,896,937,893,871,875,942,920,890,895,858,826,879,908,923,0.00244140625,0.022269051271467537,0.006905339660024878,0.05985778484657014,0.05503516720158348,0.02751758360079174,0.027981540589637505,0.032241355506287456,0.05336357848560254,0.009003461384075085,0.04496431419227085,0.03538607603904968,0.035061177873078594,0.026565372087373914,0.007873298582322802,0.011134525635733769,0.005258950006967289,0.01760523083722651,0.026565372087373914,0.007873298582322802,0.023619895746968406,0.007042092334890604,0.005524271728019903,0.005524271728019903,0.004979511243742954,0.024433585943743757,0.01953125,0.00834375365753665,0.023940723969006372,0.004026470337517247,0.01516032685181643,0.0013810679320049757,0.005258950006967289,0.025947910655442233,0.008052940675034493,0.0029296875,0.005940197783494355,0.009618025197066508,0.007873298582322802,0.003088161777508183,0.013028968812623373,0.007873298582322802,0.013810679320049757,0.0107421875,0.011759369705851851,0.017820593350483065,0.04421574774481161,0.05442529216051865,0.0170549308560283,0.017304731588544287,0.013282686043686957,0.009959022487485907,0.009003461384075085,0.011388577919619728,0.001953125,0.008734640537108554,0.007437278423695223,0.001953125,0.009959022487485907,0.0021836601342771385,0.0009765625,0.012352647110032733,0.005524271728019903,0.009212872199274027,0.037109375,0.0048828125,0.0027621358640099515,0.0041432037960149265,0.0048828125,0.004026470337517247,0.02417855156863271,0.001953125,0.004026470337517247,0.003521046167445302,0.0027621358640099515,0.006253051013118016,0.0068359375,0.0027621358640099515,0.005258950006967289,0.011920464468489943,0.006253051013118016,0.013101960805662831,0.004979511243742954,0.003521046167445302,0.011134525635733769,0.0048828125,0.0009765625,0.010563138502335907,0.003088161777508183,0.00390625,0.009212872199274027,0.004026470337517247,0.0013810679320049757,0.0363433477850164,0.006905339660024878,0.0029296875,0.013566839833447074,0.010563138502335907,0.0021836601342771385,0.007627196949127592,0.004367320268554277,0.0048828125,0.007109482313750506,0.0027621358640099515,0.005940197783494355,0.0041432037960149265,0.003088161777508183,0.0013810679320049757,0.010517900013934578,0.009212872199274027,0.006905339660024878,0.007042092334890604,0.0048828125,0.014517645261053229,0.0021836601342771385,0.004026470337517247,0.0021836601342771385,0.004979511243742954,0.0021836601342771385,0.00390625,0.004026470337517247,0.00390625,0.006905339660024878,0.0,0.0021836601342771385,0.022545696055889054,0.003521046167445302,0.0041432037960149265,0.001953125,1,1,0.0
25.0,12.17514419555664,6.0,0.09052471071481705,1.0824413299560547,1.5625,15.04250717163086,12.18502140045166,1.171875,0.47274017333984375,0.016829773783683777,297.0,3757.0,428241.84375,12.649831771850586,0.4367351233959198,1.1829345226287842,3.416815757751465,0.0006565470830537379,0.0,0.20292937755584717,873,861,924,891,890,846,829,874,856,854,845,863,860,906,909,938,940,893,893,937,920,922,877,863,920,911,942,927,877,864,927,937,909,871,878,936,925,925,923,888,924,895,936,935,892,860,894,873,843,831,841,841,873,888,859,809,844,827,872,878,872,825,893,907,919,893,894,906,926,903,906,927,872,841,878,863,859,809,796,864,855,827,861,831,812,846,826,872,839,840,911,938,941,911,847,893,892,891,905,936,923,956,925,956,935,888,890,928,926,941,888,873,904,888,909,908,861,847,877,911,920,870,874,922,875,892,887,862,911,907,924,906,845,814,862,893,877,857,843,842,874,894,892,856,878,860,874,864,858,797,857,887,872,907,872,861,857,828,862,888,859,856,925,923,907,863,872,940,939,958,956,923,878,943,906,905,872,847,893,895,922,921,893,955,941,957,908,910,887,920,920,935,912,875,877,909,896,894,880,874,910,894,907,906,857,840,905,911,879,841,862,891,876,872,889,831,857,864,873,875,855,861,923,927,919,912,920,922,940,940,957,895,908,874,878,905,856,824,857,891,872,857,855,846,909,904,922,919,858,830,896,937,893,871,875,942,0.00244140625,0.021836601342771385,0.006905339660024878,0.060829732431239986,0.054355156445608385,0.027621358640099514,0.028588439781844624,0.030383494504109463,0.05417061815765103,0.009264485332524549,0.04416179318201177,0.033203125,0.033332125323976586,0.026565372087373914,0.008052940675034493,0.012079411012551739,0.006905339660024878,0.019236050394133015,0.02417855156863271,0.004026470337517247,0.024492062898407135,0.009264485332524549,0.001953125,0.007437278423695223,0.0078125,0.020600608505594715,0.0235996991671769,0.008734640537108554,0.019773883526676354,0.007109482313750506,0.010381001770248682,0.005258950006967289,0.00390625,0.025947910655442233,0.011388577919619728,0.004367320268554277,0.005258950006967289,0.015655487833868553,0.004026470337517247,0.006253051013118016,0.010918300671385692,0.009765625,0.013282686043686957,0.012236293052872722,0.013982247132105814,0.018347943582085875,0.04673236763283359,0.05220729064306117,0.0166015625,0.013982247132105814,0.008052940675034493,0.006176323555016366,0.005694288959809864,0.009765625,0.005940197783494355,0.011430371006562134,0.010381001770248682,0.0027621358640099515,0.009959022487485907,0.001953125,0.0027621358640099515,0.013101960805662831,0.001953125,0.011759369705851851,0.0390625,0.003088161777508183,0.004026470337517247,0.001953125,0.004979511243742954,0.004367320268554277,0.023212625632821705,0.001953125,0.004026470337517247,0.003521046167445302,0.0021836601342771385,0.004979511243742954,0.005524271728019903,0.003521046167445302,0.005694288959809864,0.011920464468489943,0.006253051013118016,0.0126953125,0.007627196949127592,0.00390625,0.013282686043686957,0.003088161777508183,0.0029296875,0.009212872199274027,0.0048828125,0.004367320268554277,0.007109482313750506,0.0029296875,0.001953125,0.035507146411519225,0.006253051013118016,0.005258950006967289,0.011388577919619728,0.009212872199274027,0.0,0.008400708268596315,0.004026470337517247,0.006176323555016366,0.006253051013118016,0.004367320268554277,0.004367320268554277,0.0041432037960149265,0.004367320268554277,0.0021836601342771385,0.01019561182510796,0.009003461384075085,0.008400708268596315,0.004979511243742954,0.006905339660024878,0.01441877251975918,0.004026470337517247,0.005940197783494355,0.0009765625,0.003521046167445302,0.0021836601342771385,0.006253051013118016,0.0009765625,0.0021836601342771385,0.004026470337517247,0.003521046167445302,0.0021836601342771385,0.021126277004671814,0.0021836601342771385,0.007873298582322802,0.0048828125,1,1,0.0
25.0,12.155966758728027,7.0,0.08821731060743332,1.064267635345459,1.5625,15.691191673278809,12.191387176513672,1.171875,0.4700847864151001,0.016716057434678078,293.0,3880.0,424394.0,13.242321014404297,0.441697895526886,1.2524209022521973,3.4996025562286377,0.0006644871318712831,0.0,0.2159220576286316,858,856,890,862,841,879,892,910,873,861,924,891,890,846,829,874,856,854,845,863,860,906,909,938,940,893,893,937,920,922,877,863,920,911,942,927,877,864,927,937,909,871,878,936,925,925,923,888,924,895,936,935,892,860,894,873,843,831,841,841,873,888,859,809,844,827,872,878,872,825,893,907,919,893,894,906,926,903,906,927,872,841,878,863,859,809,796,864,855,827,861,831,812,846,826,872,839,840,911,938,941,911,847,893,892,891,905,936,923,956,925,956,935,888,890,928,926,941,888,873,904,888,909,908,861,847,877,911,920,870,874,922,875,892,887,862,911,907,924,906,845,814,862,893,877,857,843,842,874,894,892,856,878,860,874,864,858,797,857,887,872,907,872,861,857,828,862,888,859,856,925,923,907,863,872,940,939,958,956,923,878,943,906,905,872,847,893,895,922,921,893,955,941,957,908,910,887,920,920,935,912,875,877,909,896,894,880,874,910,894,907,906,857,840,905,911,879,841,862,891,876,872,889,831,857,864,873,875,855,861,923,927,919,912,920,922,940,940,957,895,908,874,878,905,856,824,857,891,872,857,855,846,909,904,922,919,0.00341796875,0.019236050394133015,0.01179984958358845,0.06352912487222888,0.05349744501875913,0.03176456243611444,0.03192926313334339,0.024647323172117114,0.05596308117927501,0.011759369705851851,0.03876842429937345,0.031035641761856844,0.03088161777508183,0.024492062898407135,0.011388577919619728,0.014874556847390447,0.007109482313750506,0.020967686087484266,0.027203883353875233,0.0065509804028314154,0.025781989809461104,0.009264485332524549,0.003088161777508183,0.007627196949127592,0.0078125,0.020132351687586234,0.02485922277608956,0.007042092334890604,0.01878455474772592,0.007873298582322802,0.011759369705851851,0.004367320268554277,0.005694288959809864,0.024433585943743757,0.009765625,0.0013810679320049757,0.004979511243742954,0.010563138502335907,0.006905339660024878,0.005859375,0.00834375365753665,0.003521046167445302,0.007627196949127592,0.007437278423695223,0.009003461384075085,0.013810679320049757,0.0445488075310822,0.055928988528423255,0.021417687694786434,0.013706707859002147,0.0021836601342771385,0.005940197783494355,0.00834375365753665,0.00834375365753665,0.011759369705851851,0.017387200990981306,0.011430371006562134,0.004979511243742954,0.004979511243742954,0.004367320268554277,0.00390625,0.0087890625,0.0048828125,0.008052940675034493,0.03515625,0.007109482313750506,0.0009765625,0.004979511243742954,0.0065509804028314154,0.0013810679320049757,0.021506558149946522,0.0009765625,0.0041432037960149265,0.004026470337517247,0.0013810679320049757,0.003521046167445302,0.0048828125,0.00390625,0.0065509804028314154,0.010517900013934578,0.005694288959809864,0.01188039556698871,0.008400708268596315,0.006253051013118016,0.013982247132105814,0.0013810679320049757,0.003088161777508183,0.010381001770248682,0.0021836601342771385,0.003088161777508183,0.009003461384075085,0.0029296875,0.0013810679320049757,0.03670887915861817,0.005859375,0.00390625,0.012506102026236032,0.007873298582322802,0.0021836601342771385,0.010786485368346935,0.006253051013118016,0.007627196949127592,0.006905339660024878,0.007109482313750506,0.005524271728019903,0.004026470337517247,0.004026470337517247,0.0027621358640099515,0.008734640537108554,0.008052940675034493,0.0065509804028314154,0.005940197783494355,0.005859375,0.013601941676937616,0.0041432037960149265,0.006253051013118016,0.0021836601342771385,0.003088161777508183,0.0021836601342771385,0.007627196949127592,0.0,0.0009765625,0.0027621358640099515,0.003521046167445302,0.003521046167445302,0.019555648822754675,0.003521046167445302,0.005524271728019903,0.00390625,1,1,0.0
25.0,12.137184143066406,5.0,0.09892444312572479,1.0990291833877563,3.125,18.54495620727539,12.002375602722168,1.171875,0.4717935025691986,0.0166302602738142,290.0,4232.0,446324.65625,14.593103408813477,0.4292820692062378,1.2886723279953003,3.8114748001098633,0.001317558460868895,0.0,0.2130274772644043,895,877,938,908,908,861,856,890,858,856,890,862,841,879,892,910,873,861,924,891,890,846,829,874,856,854,845,863,860,906,909,938,940,893,893,937,920,922,877,863,920,911,942,927,877,864,927,937,909,871,878,936,925,925,923,888,924,895,936,935,892,860,894,873,843,831,841,841,873,888,859,809,844,827,872,878,872,825,893,907,919,893,894,906,926,903,906,927,872,841,878,863,859,809,796,864,855,827,861,831,812,846,826,872,839,840,911,938,941,911,847,893,892,891,905,936,923,956,925,956,935,888,890,928,926,941,888,873,904,888,909,908,861,847,877,911,920,870,874,922,875,892,887,862,911,907,924,906,845,814,862,893,877,857,843,842,874,894,892,856,878,860,874,864,858,797,857,887,872,907,872,861,857,828,862,888,859,856,925,923,907,863,872,940,939,958,956,923,878,943,906,905,872,847,893,895,922,921,893,955,941,957,908,910,887,920,920,935,912,875,877,909,896,894,880,874,910,894,907,906,857,840,905,911,879,841,862,891,876,872,889,831,857,864,873,875,855,861,923,927,919,912,920,922,940,940,957,895,908,874,878,905,856,824,857,891,0.00341796875,0.025012204052472065,0.004026470337517247,0.05661536343998338,0.0602389473175435,0.0332174831087792,0.03712222228271135,0.025465634395322848,0.05027163154778809,0.019773883526676354,0.03477440198196261,0.023640075072090243,0.024705294220065465,0.024119314521930602,0.01875915303935405,0.021506558149946522,0.007109482313750506,0.023212625632821705,0.032359456105040804,0.012079411012551739,0.021683206358568866,0.007873298582322802,0.005940197783494355,0.005940197783494355,0.010054326309557618,0.018528970665049098,0.028117539157984314,0.009212872199274027,0.015254393898255184,0.012236293052872722,0.011920464468489943,0.004979511243742954,0.008400708268596315,0.022032254243512652,0.011048543456039806,0.0027621358640099515,0.006253051013118016,0.009264485332524549,0.009212872199274027,0.0068359375,0.009765625,0.0013810679320049757,0.0048828125,0.0048828125,0.007109482313750506,0.013101960805662831,0.04421574774481161,0.05539786954563607,0.022482157096135425,0.012079411012551739,0.003521046167445302,0.004367320268554277,0.01188039556698871,0.003088161777508183,0.009814331661250869,0.014517645261053229,0.005694288959809864,0.0029296875,0.009003461384075085,0.0021836601342771385,0.0029296875,0.014517645261053229,0.001953125,0.013601941676937616,0.03917220921900699,0.006176323555016366,0.005258950006967289,0.006905339660024878,0.004367320268554277,0.003088161777508183,0.023047702580480365,0.005940197783494355,0.003088161777508183,0.007109482313750506,0.0021836601342771385,0.003088161777508183,0.003088161777508183,0.005524271728019903,0.0068359375,0.010517900013934578,0.005524271728019903,0.011759369705851851,0.007873298582322802,0.005940197783494355,0.014084184669781208,0.0013810679320049757,0.0029296875,0.011134525635733769,0.0021836601342771385,0.003088161777508183,0.009212872199274027,0.003088161777508183,0.0,0.03742923417331406,0.0048828125,0.005258950006967289,0.011920464468489943,0.008052940675034493,0.0009765625,0.009003461384075085,0.005940197783494355,0.007109482313750506,0.007109482313750506,0.007109482313750506,0.0041432037960149265,0.004367320268554277,0.0041432037960149265,0.003088161777508183,0.00834375365753665,0.007627196949127592,0.007109482313750506,0.006176323555016366,0.006905339660024878,0.013706707859002147,0.005694288959809864,0.007109482313750506,0.00390625,0.0021836601342771385,0.0021836601342771385,0.006176323555016366,0.0021836601342771385,0.0021836601342771385,0.0048828125,0.0027621358640099515,0.0013810679320049757,0.021683206358568866,0.0009765625,0.008286407592029853,0.0068359375,1,1,0.0
25.0,12.396638870239258,6.0,0.11737126857042313,1.0017421245574951,1.171875,16.566312789916992,12.378254890441895,1.5625,0.44169846177101135,0.01674455963075161,294.0,3805.0,413465.625,12.942176818847656,0.4409302771091461,1.1321035623550415,3.5813515186309814,0.0012979444582015276,0.390625,0.22206905484199524,903,905,880,889,919,921,925,941,895,877,938,908,908,861,856,890,858,856,890,862,841,879,892,910,873,861,924,891,890,846,829,874,856,854,845,863,860,906,909,938,940,893,893,937,920,922,877,863,920,911,942,927,877,864,927,937,909,871,878,936,925,925,923,888,924,895,936,935,892,860,894,873,843,831,841,841,873,888,859,809,844,827,872,878,872,825,893,907,919,893,894,906,926,903,906,927,872,841,878,863,859,809,796,864,855,827,861,831,812,846,826,872,839,840,911,938,941,911,847,893,892,891,905,936,923,956,925,956,935,888,890,928,926,941,888,873,904,888,909,908,861,847,877,911,920,870,874,922,875,892,887,862,911,907,924,906,845,814,862,893,877,857,843,842,874,894,892,856,878,860,874,864,858,797,857,887,872,907,872,861,857,828,862,888,859,856,925,923,907,863,872,940,939,958,956,923,878,943,906,905,872,847,893,895,922,921,893,955,941,957,908,910,887,920,920,935,912,875,877,909,896,894,880,874,910,894,907,906,857,840,905,911,879,841,862,891,876,872,889,831,857,864,873,875,855,861,923,927,919,912,920,922,940,940,957,895,0.0009765625,0.02756951994822872,0.0021836601342771385,0.05342609127574192,0.0637688582707598,0.03423544559171505,0.040430159266571196,0.026565372087373914,0.04817928274821879,0.024020261477048523,0.02995676103550384,0.020716018980074635,0.02489755621871477,0.0208765218031562,0.023457836229422487,0.024492062898407135,0.006905339660024878,0.01886055460530075,0.02847144479904932,0.01019561182510796,0.01886055460530075,0.013101960805662831,0.0029296875,0.00966747552403483,0.010786485368346935,0.01933495104806966,0.024492062898407135,0.007042092334890604,0.018961413905222265,0.007873298582322802,0.009765625,0.006905339660024878,0.006905339660024878,0.022545696055889054,0.012352647110032733,0.0027621358640099515,0.008052940675034493,0.009264485332524549,0.00966747552403483,0.005940197783494355,0.011388577919619728,0.003088161777508183,0.005694288959809864,0.0021836601342771385,0.0068359375,0.011134525635733769,0.04471973883537231,0.05417061815765103,0.023212625632821705,0.008734640537108554,0.008734640537108554,0.004979511243742954,0.015746597164645604,0.0041432037960149265,0.003521046167445302,0.007437278423695223,0.010918300671385692,0.004026470337517247,0.011388577919619728,0.0048828125,0.006905339660024878,0.0087890625,0.004979511243742954,0.008052940675034493,0.03515625,0.005694288959809864,0.0021836601342771385,0.001953125,0.0041432037960149265,0.004026470337517247,0.025012204052472065,0.005258950006967289,0.0,0.007627196949127592,0.0021836601342771385,0.0009765625,0.0021836601342771385,0.0065509804028314154,0.009264485332524549,0.008843149548962322,0.003521046167445302,0.010517900013934578,0.005940197783494355,0.004026470337517247,0.011430371006562134,0.0048828125,0.0027621358640099515,0.007437278423695223,0.0065509804028314154,0.005258950006967289,0.005258950006967289,0.0009765625,0.0048828125,0.03656571333368956,0.007437278423695223,0.006176323555016366,0.0146484375,0.004026470337517247,0.0048828125,0.011134525635733769,0.004026470337517247,0.009003461384075085,0.0048828125,0.003088161777508183,0.00390625,0.0065509804028314154,0.006905339660024878,0.005258950006967289,0.007042092334890604,0.005940197783494355,0.004979511243742954,0.008052940675034493,0.007109482313750506,0.010918300671385692,0.007873298582322802,0.009959022487485907,0.0048828125,0.0013810679320049757,0.0021836601342771385,0.003521046167445302,0.00390625,0.0048828125,0.006253051013118016,0.006176323555016366,0.005258950006967289,0.018347943582085875,0.0048828125,0.005859375,0.001953125,1,1,0.0
25.0,12.296786308288574,6.0,0.11486523598432541,1.0722161531448364,18.359375,19.270566940307617,12.013361930847168,1.5625,0.45799073576927185,0.01651517115533352,286.0,4264.0,405077.78125,14.909090995788574,0.42714402079582214,1.3857653141021729,3.816812515258789,0.00010890280100284144,0.0,0.2362404316663742,905,879,904,902,889,842,879,905,903,905,880,889,919,921,925,941,895,877,938,908,908,861,856,890,858,856,890,862,841,879,892,910,873,861,924,891,890,846,829,874,856,854,845,863,860,906,909,938,940,893,893,937,920,922,877,863,920,911,942,927,877,864,927,937,909,871,878,936,925,925,923,888,924,895,936,935,892,860,894,873,843,831,841,841,873,888,859,809,844,827,872,878,872,825,893,907,919,893,894,906,926,903,906,927,872,841,878,863,859,809,796,864,855,827,861,831,812,846,826,872,839,840,911,938,941,911,847,893,892,891,905,936,923,956,925,956,935,888,890,928,926,941,888,873,904,888,909,908,861,847,877,911,920,870,874,922,875,892,887,862,911,907,924,906,845,814,862,893,877,857,843,842,874,894,892,856,878,860,874,864,858,797,857,887,872,907,872,861,857,828,862,888,859,856,925,923,907,863,872,940,939,958,956,923,878,943,906,905,872,847,893,895,922,921,893,955,941,957,908,910,887,920,920,935,912,875,877,909,896,894,880,874,910,894,907,906,857,840,905,911,879,841,862,891,876,872,889,831,857,864,873,875,855,861,923,927,0.0,0.017953883116064683,0.01171875,0.06146140225609204,0.05784020662094081,0.025334222209126653,0.03843489971514537,0.034678283016727936,0.0412127887617367,0.03317439013957623,0.027010384152225255,0.018347943582085875,0.02681548870653512,0.01528562093993997,0.025202124805788945,0.0234375,0.004979511243742954,0.013879560940968648,0.024472586105745445,0.007109482313750506,0.021836601342771385,0.012352647110032733,0.0009765625,0.00834375365753665,0.008843149548962322,0.020600608505594715,0.02286074201312427,0.009264485332524549,0.018347943582085875,0.01019561182510796,0.007109482313750506,0.009003461384075085,0.010517900013934578,0.020132351687586234,0.01188039556698871,0.004979511243742954,0.004367320268554277,0.011920464468489943,0.0048828125,0.003088161777508183,0.014218964627501012,0.007873298582322802,0.010563138502335907,0.004026470337517247,0.0078125,0.013671875,0.04737083138919884,0.051267206048463625,0.0208765218031562,0.0048828125,0.010054326309557618,0.00390625,0.01179984958358845,0.007437278423695223,0.004979511243742954,0.011430371006562134,0.011134525635733769,0.003088161777508183,0.008843149548962322,0.0027621358640099515,0.00390625,0.009618025197066508,0.003521046167445302,0.009959022487485907,0.037109375,0.0048828125,0.004367320268554277,0.003521046167445302,0.003521046167445302,0.0027621358640099515,0.02298555135925746,0.004367320268554277,0.003088161777508183,0.005524271728019903,0.0013810679320049757,0.004026470337517247,0.005258950006967289,0.006176323555016366,0.010517900013934578,0.0065509804028314154,0.0013810679320049757,0.009765625,0.005258950006967289,0.003521046167445302,0.008286407592029853,0.0065509804028314154,0.006176323555016366,0.008400708268596315,0.005859375,0.0027621358640099515,0.008052940675034493,0.0027621358640099515,0.003088161777508183,0.03798564519292329,0.004979511243742954,0.004979511243742954,0.01313830473347042,0.005940197783494355,0.003521046167445302,0.0107421875,0.0048828125,0.00834375365753665,0.0048828125,0.004026470337517247,0.003088161777508183,0.006176323555016366,0.005940197783494355,0.0048828125,0.0065509804028314154,0.006176323555016366,0.006176323555016366,0.007627196949127592,0.008843149548962322,0.012236293052872722,0.007873298582322802,0.007873298582322802,0.003521046167445302,0.003521046167445302,0.0009765625,0.006176323555016366,0.0021836601342771385,0.003088161777508183,0.003088161777508183,0.004026470337517247,0.003088161777508183,0.020716018980074635,0.0013810679320049757,0.007109482313750506,0.0048828125,1,1,0.0
25.0,12.453055381774902,6.0,0.10292130708694458,1.0388256311416626,1.5625,18.938478469848633,12.295266151428223,1.171875,0.4570809304714203,0.016253238543868065,277.0,3961.0,387074.15625,14.299638748168945,0.43999776244163513,1.1291334629058838,3.8152623176574707,0.0,0.0,0.24137787520885468,894,903,903,872,892,889,894,870,905,879,904,902,889,842,879,905,903,905,880,889,919,921,925,941,895,877,938,908,908,861,856,890,858,856,890,862,841,879,892,910,873,861,924,891,890,846,829,874,856,854,845,863,860,906,909,938,940,893,893,937,920,922,877,863,920,911,942,927,877,864,927,937,909,871,878,936,925,925,923,888,924,895,936,935,892,860,894,873,843,831,841,841,873,888,859,809,844,827,872,878,872,825,893,907,919,893,894,906,926,903,906,927,872,841,878,863,859,809,796,864,855,827,861,831,812,846,826,872,839,840,911,938,941,911,847,893,892,891,905,936,923,956,925,956,935,888,890,928,926,941,888,873,904,888,909,908,861,847,877,911,920,870,874,922,875,892,887,862,911,907,924,906,845,814,862,893,877,857,843,842,874,894,892,856,878,860,874,864,858,797,857,887,872,907,872,861,857,828,862,888,859,856,925,923,907,863,872,940,939,958,956,923,878,943,906,905,872,847,893,895,922,921,893,955,941,957,908,910,887,920,920,935,912,875,877,909,896,894,880,874,910,894,907,906,857,840,905,911,879,841,862,891,876,872,889,831,0.00048828125,0.025559086578715626,0.003521046167445302,0.05862629304610795,0.056345202096686156,0.025855863857175247,0.0302734375,0.03819845159298427,0.035907766232129365,0.035814689103305174,0.03125,0.01528562093993997,0.02847144479904932,0.013101960805662831,0.02847144479904932,0.0235996991671769,0.006176323555016366,0.013601941676937616,0.024020261477048523,0.0068359375,0.02229045353615884,0.009765625,0.004026470337517247,0.010918300671385692,0.011759369705851851,0.020132351687586234,0.021417687694786434,0.010054326309557618,0.019236050394133015,0.011759369705851851,0.007437278423695223,0.009003461384075085,0.010563138502335907,0.022140203220223895,0.009618025197066508,0.0027621358640099515,0.005940197783494355,0.009814331661250869,0.007873298582322802,0.005694288959809864,0.011134525635733769,0.0065509804028314154,0.010918300671385692,0.0048828125,0.006176323555016366,0.012352647110032733,0.047037478823407405,0.050818796215850344,0.021506558149946522,0.003088161777508183,0.01179984958358845,0.004026470337517247,0.009264485332524549,0.006905339660024878,0.007042092334890604,0.0126953125,0.009003461384075085,0.0013810679320049757,0.010918300671385692,0.004026470337517247,0.006253051013118016,0.008734640537108554,0.0041432037960149265,0.00834375365753665,0.037109375,0.004026470337517247,0.00390625,0.003088161777508183,0.003088161777508183,0.00390625,0.02376079113397742,0.0048828125,0.0029296875,0.006253051013118016,0.0009765625,0.004026470337517247,0.007109482313750506,0.00390625,0.010563138502335907,0.0065509804028314154,0.0021836601342771385,0.009959022487485907,0.004367320268554277,0.0048828125,0.009264485332524549,0.007437278423695223,0.007042092334890604,0.011430371006562134,0.0029296875,0.0021836601342771385,0.007873298582322802,0.0009765625,0.005258950006967289,0.03601384553630034,0.007873298582322802,0.0068359375,0.013566839833447074,0.0048828125,0.005258950006967289,0.008734640537108554,0.003521046167445302,0.005940197783494355,0.007437278423695223,0.006176323555016366,0.0041432037960149265,0.00390625,0.005524271728019903,0.003521046167445302,0.007627196949127592,0.005694288959809864,0.004367320268554277,0.008400708268596315,0.009264485332524549,0.011759369705851851,0.00834375365753665,0.008734640537108554,0.004367320268554277,0.00390625,0.0021836601342771385,0.006905339660024878,0.0013810679320049757,0.0013810679320049757,0.003521046167445302,0.003521046167445302,0.0021836601342771385,0.01933495104806966,0.0027621358640099515,0.0068359375,0.0048828125,1,1,0.0
25.0,12.383480072021484,5.0,0.10970620810985565,1.010075569152832,1.5625,17.46979331970215,12.373505592346191,1.171875,0.4473782181739807,0.016135459765791893,273.0,3604.0,349159.84375,13.201465606689453,0.44291558861732483,1.082607388496399,3.639150619506836,2.8606573323486373e-05,0.0,0.24816402792930603,872,879,889,926,862,847,904,910,894,903,903,872,892,889,894,870,905,879,904,902,889,842,879,905,903,905,880,889,919,921,925,941,895,877,938,908,908,861,856,890,858,856,890,862,841,879,892,910,873,861,924,891,890,846,829,874,856,854,845,863,860,906,909,938,940,893,893,937,920,922,877,863,920,911,942,927,877,864,927,937,909,871,878,936,925,925,923,888,924,895,936,935,892,860,894,873,843,831,841,841,873,888,859,809,844,827,872,878,872,825,893,907,919,893,894,906,926,903,906,927,872,841,878,863,859,809,796,864,855,827,861,831,812,846,826,872,839,840,911,938,941,911,847,893,892,891,905,936,923,956,925,956,935,888,890,928,926,941,888,873,904,888,909,908,861,847,877,911,920,870,874,922,875,892,887,862,911,907,924,906,845,814,862,893,877,857,843,842,874,894,892,856,878,860,874,864,858,797,857,887,872,907,872,861,857,828,862,888,859,856,925,923,907,863,872,940,939,958,956,923,878,943,906,905,872,847,893,895,922,921,893,955,941,957,908,910,887,920,920,935,912,875,877,909,896,894,880,874,910,894,907,906,857,840,905,911,0.00341796875,0.024492062898407135,0.004026470337517247,0.057782469501902405,0.05774945094520515,0.02756951994822872,0.03144773864864183,0.03665688355297551,0.03629082846887118,0.035061177873078594,0.0324624416769427,0.014874556847390447,0.029700988917471777,0.011430371006562134,0.027413415718004295,0.020899350155305366,0.004026470337517247,0.01589728573837862,0.026654968874914416,0.009003461384075085,0.020132351687586234,0.01284467425582608,0.0013810679320049757,0.0087890625,0.0087890625,0.019186408891004394,0.025781989809461104,0.006905339660024878,0.021439939843847802,0.007109482313750506,0.005859375,0.012732817197661424,0.014517645261053229,0.019186408891004394,0.009814331661250869,0.008400708268596315,0.0027621358640099515,0.016016815885602272,0.011759369705851851,0.008052940675034493,0.008286407592029853,0.0048828125,0.011388577919619728,0.006905339660024878,0.006176323555016366,0.010918300671385692,0.04697661512033474,0.05045152872300582,0.018961413905222265,0.003088161777508183,0.011430371006562134,0.0048828125,0.0087890625,0.003521046167445302,0.007109482313750506,0.009264485332524549,0.010918300671385692,0.005258950006967289,0.009212872199274027,0.00390625,0.004026470337517247,0.0107421875,0.0027621358640099515,0.010381001770248682,0.03515625,0.004367320268554277,0.0041432037960149265,0.0021836601342771385,0.0027621358640099515,0.0041432037960149265,0.022482157096135425,0.004367320268554277,0.0021836601342771385,0.006176323555016366,0.0009765625,0.0027621358640099515,0.005524271728019903,0.0021836601342771385,0.009003461384075085,0.009003461384075085,0.004979511243742954,0.011134525635733769,0.0048828125,0.0048828125,0.011430371006562134,0.006905339660024878,0.006176323555016366,0.01171875,0.0027621358640099515,0.0048828125,0.005694288959809864,0.0013810679320049757,0.0048828125,0.03866990209613932,0.0048828125,0.007042092334890604,0.013282686043686957,0.005524271728019903,0.004026470337517247,0.010918300671385692,0.003521046167445302,0.006253051013118016,0.006905339660024878,0.005258950006967289,0.0041432037960149265,0.004026470337517247,0.003521046167445302,0.001953125,0.009003461384075085,0.005940197783494355,0.005859375,0.009003461384075085,0.007437278423695223,0.011134525635733769,0.008286407592029853,0.0087890625,0.004026470337517247,0.003521046167445302,0.001953125,0.0078125,0.0013810679320049757,0.0009765625,0.0041432037960149265,0.003088161777508183,0.001953125,0.019749754312653012,0.0027621358640099515,0.007109482313750506,0.0048828125,1,1,0.0
25.0,12.457524299621582,5.0,0.10347961634397507,1.0048274993896484,1.5625,17.39132308959961,12.39836311340332,1.171875,0.4493395686149597,0.016194457188248634,275.0,3501.0,352002.875,12.73090934753418,0.4471808075904846,1.0011438131332397,3.624391555786133,0.0013918477343395352,0.0,0.2383968085050583,908,845,873,902,903,876,874,841,872,879,889,926,862,847,904,910,894,903,903,872,892,889,894,870,905,879,904,902,889,842,879,905,903,905,880,889,919,921,925,941,895,877,938,908,908,861,856,890,858,856,890,862,841,879,892,910,873,861,924,891,890,846,829,874,856,854,845,863,860,906,909,938,940,893,893,937,920,922,877,863,920,911,942,927,877,864,927,937,909,871,878,936,925,925,923,888,924,895,936,935,892,860,894,873,843,831,841,841,873,888,859,809,844,827,872,878,872,825,893,907,919,893,894,906,926,903,906,927,872,841,878,863,859,809,796,864,855,827,861,831,812,846,826,872,839,840,911,938,941,911,847,893,892,891,905,936,923,956,925,956,935,888,890,928,926,941,888,873,904,888,909,908,861,847,877,911,920,870,874,922,875,892,887,862,911,907,924,906,845,814,862,893,877,857,843,842,874,894,892,856,878,860,874,864,858,797,857,887,872,907,872,861,857,828,862,888,859,856,925,923,907,863,872,940,939,958,956,923,878,943,906,905,872,847,893,895,922,921,893,955,941,957,908,910,887,920,920,935,912,875,877,909,896,894,880,874,0.00048828125,0.026294750034836445,0.004026470337517247,0.05852860962410819,0.056345202096686156,0.025465634395322848,0.030383494504109463,0.03712222228271135,0.035907766232129365,0.03516981075267404,0.03176456243611444,0.015746597164645604,0.02995676103550384,0.01188039556698871,0.026672852116694654,0.021417687694786434,0.004026470337517247,0.014680953494504793,0.026057937625246747,0.006905339660024878,0.02286074201312427,0.011388577919619728,0.001953125,0.007873298582322802,0.011759369705851851,0.018657200365764452,0.022545696055889054,0.009814331661250869,0.019236050394133015,0.010918300671385692,0.008052940675034493,0.008286407592029853,0.009959022487485907,0.01760523083722651,0.01313830473347042,0.00834375365753665,0.0029296875,0.018165112536853784,0.009959022487485907,0.005694288959809864,0.014084184669781208,0.0029296875,0.009618025197066508,0.009959022487485907,0.008052940675034493,0.011388577919619728,0.047461339375870576,0.04958399326088322,0.01878455474772592,0.007873298582322802,0.010918300671385692,0.005694288959809864,0.012732817197661424,0.0013810679320049757,0.004026470337517247,0.006905339660024878,0.013879560940968648,0.004979511243742954,0.006176323555016366,0.0009765625,0.004979511243742954,0.009765625,0.004367320268554277,0.007627196949127592,0.03712222228271135,0.0029296875,0.0048828125,0.004026470337517247,0.0029296875,0.003088161777508183,0.022482157096135425,0.004367320268554277,0.0021836601342771385,0.005859375,0.0009765625,0.003088161777508183,0.005940197783494355,0.0021836601342771385,0.008734640537108554,0.009814331661250869,0.005258950006967289,0.01179984958358845,0.005258950006967289,0.004979511243742954,0.012352647110032733,0.0065509804028314154,0.005940197783494355,0.01019561182510796,0.004367320268554277,0.004367320268554277,0.006176323555016366,0.0009765625,0.0041432037960149265,0.036604814089826784,0.007109482313750506,0.006253051013118016,0.013282686043686957,0.005258950006967289,0.004026470337517247,0.009959022487485907,0.003088161777508183,0.005940197783494355,0.006176323555016366,0.0048828125,0.003521046167445302,0.004979511243742954,0.004979511243742954,0.003088161777508183,0.008734640537108554,0.006253051013118016,0.006176323555016366,0.007873298582322802,0.007437278423695223,0.010918300671385692,0.009264485332524549,0.009765625,0.0048828125,0.004367320268554277,0.0021836601342771385,0.008052940675034493,0.0009765625,0.0009765625,0.004026470337517247,0.003088161777508183,0.0021836601342771385,0.019773883526676354,0.0029296875,0.007437278423695223,0.0048828125,1,1,0.0
25.0,12.459195137023926,6.0,0.10427937656641006,1.0023036003112793,1.5625,17.580398559570312,12.444092750549316,1.171875,0.44837555289268494,0.016105880960822105,272.0,3592.0,343172.0625,13.20588207244873,0.4473450779914856,1.0790027379989624,3.6460890769958496,2.862458859453909e-05,-0.390625,0.2430075705051422,905,893,911,921,874,843,903,909,908,845,873,902,903,876,874,841,872,879,889,926,862,847,904,910,894,903,903,872,892,889,894,870,905,879,904,902,889,842,879,905,903,905,880,889,919,921,925,941,895,877,938,908,908,861,856,890,858,856,890,862,841,879,892,910,873,861,924,891,890,846,829,874,856,854,845,863,860,906,909,938,940,893,893,937,920,922,877,863,920,911,942,927,877,864,927,937,909,871,878,936,925,925,923,888,924,895,936,935,892,860,894,873,843,831,841,841,873,888,859,809,844,827,872,878,872,825,893,907,919,893,894,906,926,903,906,927,872,841,878,863,859,809,796,864,855,827,861,831,812,846,826,872,839,840,911,938,941,911,847,893,892,891,905,936,923,956,925,956,935,888,890,928,926,941,888,873,904,888,909,908,861,847,877,911,920,870,874,922,875,892,887,862,911,907,924,906,845,814,862,893,877,857,843,842,874,894,892,856,878,860,874,864,858,797,857,887,872,907,872,861,857,828,862,888,859,856,925,923,907,863,872,940,939,958,956,923,878,943,906,905,872,847,893,895,922,921,893,955,941,957,908,910,887,920,920,935,0.001953125,0.021945512748285382,0.0048828125,0.05442529216051865,0.058601887455771474,0.02777629424478104,0.025781989809461104,0.04154696755113799,0.033969779552590014,0.03614600688148779,0.028721564784868637,0.01441877251975918,0.02708090746848056,0.014517645261053229,0.029133659941750583,0.020531050821902968,0.004026470337517247,0.017686299097924643,0.02713367966689415,0.007042092334890604,0.024472586105745445,0.009003461384075085,0.005258950006967289,0.01019561182510796,0.015655487833868553,0.020967686087484266,0.01878455474772592,0.013601941676937616,0.014084184669781208,0.0087890625,0.010381001770248682,0.012732817197661424,0.016716057391234072,0.0170549308560283,0.008286407592029853,0.006905339660024878,0.0048828125,0.010918300671385692,0.005694288959809864,0.0021836601342771385,0.0166015625,0.005940197783494355,0.0021836601342771385,0.010517900013934578,0.009959022487485907,0.011388577919619728,0.04514423566924305,0.05139725533961237,0.019384212149686726,0.013982247132105814,0.010563138502335907,0.009618025197066508,0.01760523083722651,0.005859375,0.0009765625,0.010918300671385692,0.011134525635733769,0.0021836601342771385,0.008843149548962322,0.004026470337517247,0.0048828125,0.01019561182510796,0.0029296875,0.00834375365753665,0.03618556115947052,0.0029296875,0.005694288959809864,0.005694288959809864,0.0048828125,0.0021836601342771385,0.023940723969006372,0.005258950006967289,0.00390625,0.00390625,0.001953125,0.0,0.003088161777508183,0.003088161777508183,0.00834375365753665,0.012352647110032733,0.00834375365753665,0.015254393898255184,0.0041432037960149265,0.003088161777508183,0.013282686043686957,0.0048828125,0.005859375,0.010918300671385692,0.004026470337517247,0.003088161777508183,0.006176323555016366,0.0009765625,0.005940197783494355,0.0380859375,0.0048828125,0.005694288959809864,0.013879560940968648,0.004026470337517247,0.004979511243742954,0.009003461384075085,0.003088161777508183,0.007437278423695223,0.006253051013118016,0.0041432037960149265,0.0027621358640099515,0.004979511243742954,0.00390625,0.0021836601342771385,0.008843149548962322,0.004979511243742954,0.0041432037960149265,0.009003461384075085,0.007873298582322802,0.012352647110032733,0.007873298582322802,0.009959022487485907,0.0065509804028314154,0.004979511243742954,0.004367320268554277,0.009264485332524549,0.0013810679320049757,0.0009765625,0.004979511243742954,0.004026470337517247,0.003521046167445302,0.01953125,0.0027621358640099515,0.0065509804028314154,0.005859375,1,1,0.0
25.0,12.579339027404785,6.0,0.12152020633220673,0.9345182180404663,1.171875,17.32065773010254,12.869816780090332,1.5625,0.42437201738357544,0.016194457188248634,275.0,3601.0,335467.78125,13.094545364379883,0.45410779118537903,1.1593689918518066,3.626678943634033,0.0004531166050583124,0.390625,0.2508489191532135,950,904,889,922,907,887,847,856,905,893,911,921,874,843,903,909,908,845,873,902,903,876,874,841,872,879,889,926,862,847,904,910,894,903,903,872,892,889,894,870,905,879,904,902,889,842,879,905,903,905,880,889,919,921,925,941,895,877,938,908,908,861,856,890,858,856,890,862,841,879,892,910,873,861,924,891,890,846,829,874,856,854,845,863,860,906,909,938,940,893,893,937,920,922,877,863,920,911,942,927,877,864,927,937,909,871,878,936,925,925,923,888,924,895,936,935,892,860,894,873,843,831,841,841,873,888,859,809,844,827,872,878,872,825,893,907,919,893,894,906,926,903,906,927,872,841,878,863,859,809,796,864,855,827,861,831,812,846,826,872,839,840,911,938,941,911,847,893,892,891,905,936,923,956,925,956,935,888,890,928,926,941,888,873,904,888,909,908,861,847,877,911,920,870,874,922,875,892,887,862,911,907,924,906,845,814,862,893,877,857,843,842,874,894,892,856,878,860,874,864,858,797,857,887,872,907,872,861,857,828,862,888,859,856,925,923,907,863,872,940,939,958,956,923,878,943,906,905,872,847,893,895,922,921,893,955,0.0009765625,0.02003738723504218,0.005258950006967289,0.05321145596025499,0.05966629050933644,0.0283203125,0.025409398107925172,0.04271274946997859,0.03340357690720131,0.03601384553630034,0.029556144434417102,0.013566839833447074,0.026294750034836445,0.014680953494504793,0.028185292362620726,0.019186408891004394,0.0021836601342771385,0.01800692276815017,0.027010384152225255,0.006176323555016366,0.025633603024231812,0.007109482313750506,0.005694288959809864,0.0107421875,0.014778072217208551,0.021945512748285382,0.02003738723504218,0.011920464468489943,0.016370170521718956,0.008734640537108554,0.010054326309557618,0.011759369705851851,0.014680953494504793,0.0166875073150733,0.009618025197066508,0.008400708268596315,0.004979511243742954,0.011920464468489943,0.008843149548962322,0.004367320268554277,0.015776850020901866,0.008400708268596315,0.0013810679320049757,0.01179984958358845,0.011759369705851851,0.012506102026236032,0.04664044506351388,0.05027163154778809,0.01760523083722651,0.014938533731228863,0.007873298582322802,0.008400708268596315,0.01680141653719263,0.006176323555016366,0.003521046167445302,0.010381001770248682,0.010563138502335907,0.0041432037960149265,0.007109482313750506,0.0009765625,0.00390625,0.010563138502335907,0.007109482313750506,0.004979511243742954,0.03911129764550935,0.004367320268554277,0.0041432037960149265,0.0048828125,0.003521046167445302,0.005258950006967289,0.024158822025103478,0.004979511243742954,0.003521046167445302,0.0048828125,0.0027621358640099515,0.001953125,0.004367320268554277,0.0009765625,0.009003461384075085,0.010563138502335907,0.0065509804028314154,0.012506102026236032,0.004026470337517247,0.0041432037960149265,0.014218964627501012,0.0048828125,0.0041432037960149265,0.009212872199274027,0.004979511243742954,0.0027621358640099515,0.007873298582322802,0.001953125,0.0065509804028314154,0.037695818487536684,0.005524271728019903,0.007109482313750506,0.01313830473347042,0.004367320268554277,0.005524271728019903,0.009618025197066508,0.0027621358640099515,0.006253051013118016,0.005258950006967289,0.003521046167445302,0.0027621358640099515,0.004979511243742954,0.003521046167445302,0.0021836601342771385,0.008286407592029853,0.004979511243742954,0.0048828125,0.006905339660024878,0.005940197783494355,0.010918300671385692,0.010563138502335907,0.009959022487485907,0.0048828125,0.0041432037960149265,0.0009765625,0.0065509804028314154,0.003088161777508183,0.0021836601342771385,0.004367320268554277,0.003088161777508183,0.005258950006967289,0.016716057391234072,0.0068359375,0.005859375,0.0087890625,1,1,0.0
25.0,12.36311149597168,7.0,0.12010117620229721,0.93337082862854,1.171875,17.31912612915039,12.73497200012207,1.5625,0.4247875511646271,0.016164986416697502,274.0,3733.0,341848.15625,13.6240873336792,0.4551112651824951,1.2573256492614746,3.6256604194641113,0.00011367834667908028,0.0,0.2584499716758728,905,910,875,877,858,895,922,953,950,904,889,922,907,887,847,856,905,893,911,921,874,843,903,909,908,845,873,902,903,876,874,841,872,879,889,926,862,847,904,910,894,903,903,872,892,889,894,870,905,879,904,902,889,842,879,905,903,905,880,889,919,921,925,941,895,877,938,908,908,861,856,890,858,856,890,862,841,879,892,910,873,861,924,891,890,846,829,874,856,854,845,863,860,906,909,938,940,893,893,937,920,922,877,863,920,911,942,927,877,864,927,937,909,871,878,936,925,925,923,888,924,895,936,935,892,860,894,873,843,831,841,841,873,888,859,809,844,827,872,878,872,825,893,907,919,893,894,906,926,903,906,927,872,841,878,863,859,809,796,864,855,827,861,831,812,846,826,872,839,840,911,938,941,911,847,893,892,891,905,936,923,956,925,956,935,888,890,928,926,941,888,873,904,888,909,908,861,847,877,911,920,870,874,922,875,892,887,862,911,907,924,906,845,814,862,893,877,857,843,842,874,894,892,856,878,860,874,864,858,797,857,887,872,907,872,861,857,828,862,888,859,856,925,923,907,863,872,940,939,958,956,923,878,943,906,905,0.00048828125,0.020108652619115236,0.006176323555016366,0.05094999008103743,0.05852860962410819,0.026654968874914416,0.025353037081537442,0.043013116299893045,0.0352916230460794,0.0332174831087792,0.03102027377786834,0.01284467425582608,0.027981540589637505,0.011388577919619728,0.027500249688142037,0.018961413905222265,0.0021836601342771385,0.01528562093993997,0.02489755621871477,0.007627196949127592,0.022714264354712906,0.011134525635733769,0.0048828125,0.0078125,0.016716057391234072,0.020320949264340638,0.015776850020901866,0.01760523083722651,0.01313830473347042,0.007873298582322802,0.011430371006562134,0.016164985700436375,0.017953883116064683,0.021439939843847802,0.008400708268596315,0.005258950006967289,0.0009765625,0.016370170521718956,0.011759369705851851,0.007109482313750506,0.01019561182510796,0.0078125,0.0065509804028314154,0.01171875,0.013982247132105814,0.015746597164645604,0.047037478823407405,0.05014817217370222,0.016105881350068987,0.0166875073150733,0.004367320268554277,0.005258950006967289,0.013282686043686957,0.004367320268554277,0.006176323555016366,0.007042092334890604,0.014084184669781208,0.004979511243742954,0.007042092334890604,0.0021836601342771385,0.005258950006967289,0.009212872199274027,0.0048828125,0.006905339660024878,0.037224840922941246,0.001953125,0.005258950006967289,0.005694288959809864,0.004026470337517247,0.0065509804028314154,0.022881590847382775,0.004367320268554277,0.003521046167445302,0.006253051013118016,0.0013810679320049757,0.001953125,0.003521046167445302,0.0021836601342771385,0.00834375365753665,0.011759369705851851,0.007873298582322802,0.014084184669781208,0.0027621358640099515,0.00390625,0.012236293052872722,0.005694288959809864,0.004979511243742954,0.009212872199274027,0.006176323555016366,0.003088161777508183,0.009212872199274027,0.0027621358640099515,0.007437278423695223,0.03813598474563796,0.006176323555016366,0.006905339660024878,0.01242961138804478,0.004026470337517247,0.005258950006967289,0.009959022487485907,0.0029296875,0.004979511243742954,0.004979511243742954,0.003088161777508183,0.0009765625,0.006176323555016366,0.0021836601342771385,0.0009765625,0.009003461384075085,0.003088161777508183,0.005524271728019903,0.0048828125,0.004026470337517247,0.008052940675034493,0.012506102026236032,0.010918300671385692,0.003521046167445302,0.0027621358640099515,0.0021836601342771385,0.006905339660024878,0.006905339660024878,0.0048828125,0.007873298582322802,0.005940197783494355,0.007042092334890604,0.020132351687586234,0.0027621358640099515,0.007627196949127592,0.005859375,1,1,0.0
25.0,12.608501434326172,7.0,0.10771791636943817,0.885835587978363,1.171875,16.7663516998291,13.098904609680176,1.5625,0.41913262009620667,0.016105880960822105,272.0,3592.0,320963.625,13.20588207244873,0.47314944863319397,1.3196179866790771,3.5668327808380127,2.8701817427645437e-05,0.0,0.262857049703598,871,862,925,923,907,893,860,920,905,910,875,877,858,895,922,953,950,904,889,922,907,887,847,856,905,893,911,921,874,843,903,909,908,845,873,902,903,876,874,841,872,879,889,926,862,847,904,910,894,903,903,872,892,889,894,870,905,879,904,902,889,842,879,905,903,905,880,889,919,921,925,941,895,877,938,908,908,861,856,890,858,856,890,862,841,879,892,910,873,861,924,891,890,846,829,874,856,854,845,863,860,906,909,938,940,893,893,937,920,922,877,863,920,911,942,927,877,864,927,937,909,871,878,936,925,925,923,888,924,895,936,935,892,860,894,873,843,831,841,841,873,888,859,809,844,827,872,878,872,825,893,907,919,893,894,906,926,903,906,927,872,841,878,863,859,809,796,864,855,827,861,831,812,846,826,872,839,840,911,938,941,911,847,893,892,891,905,936,923,956,925,956,935,888,890,928,926,941,888,873,904,888,909,908,861,847,877,911,920,870,874,922,875,892,887,862,911,907,924,906,845,814,862,893,877,857,843,842,874,894,892,856,878,860,874,864,858,797,857,887,872,907,872,861,857,828,862,888,859,856,925,923,907,863,872,940,0.00146484375,0.0185546875,0.008400708268596315,0.05198762364924283,0.05281569251167953,0.02132844694125152,0.031143005310746045,0.03756910949545184,0.0324624416769427,0.0390625,0.025781989809461104,0.014874556847390447,0.022032254243512652,0.016858082521125067,0.0283875817456028,0.014680953494504793,0.0027621358640099515,0.012079411012551739,0.020132351687586234,0.008400708268596315,0.017469281074217108,0.015655487833868553,0.007109482313750506,0.007042092334890604,0.020716018980074635,0.02510734400816883,0.014874556847390447,0.0170549308560283,0.016630260122975003,0.003088161777508183,0.006253051013118016,0.01188039556698871,0.013810679320049757,0.016630260122975003,0.00834375365753665,0.005859375,0.005694288959809864,0.011759369705851851,0.006905339660024878,0.005694288959809864,0.010381001770248682,0.0065509804028314154,0.010054326309557618,0.009618025197066508,0.015746597164645604,0.01824369305885684,0.04655858375414147,0.04999580365691486,0.014680953494504793,0.018347943582085875,0.003088161777508183,0.003521046167445302,0.007627196949127592,0.0021836601342771385,0.006905339660024878,0.01019561182510796,0.013566839833447074,0.0009765625,0.012236293052872722,0.005258950006967289,0.0013810679320049757,0.013982247132105814,0.00966747552403483,0.0029296875,0.041062101643805936,0.005940197783494355,0.0021836601342771385,0.003088161777508183,0.0029296875,0.00390625,0.023840928936979887,0.005694288959809864,0.004367320268554277,0.0048828125,0.0013810679320049757,0.0021836601342771385,0.004367320268554277,0.0021836601342771385,0.008286407592029853,0.01179984958358845,0.006905339660024878,0.013982247132105814,0.003088161777508183,0.0048828125,0.0126953125,0.0048828125,0.003088161777508183,0.007627196949127592,0.005940197783494355,0.0021836601342771385,0.006905339660024878,0.0,0.0048828125,0.0360270834876889,0.0078125,0.0087890625,0.011048543456039806,0.006176323555016366,0.006176323555016366,0.010563138502335907,0.0029296875,0.005940197783494355,0.0041432037960149265,0.0021836601342771385,0.0,0.007109482313750506,0.0009765625,0.0021836601342771385,0.008734640537108554,0.0027621358640099515,0.0065509804028314154,0.003521046167445302,0.0029296875,0.0068359375,0.013982247132105814,0.009003461384075085,0.0013810679320049757,0.0009765625,0.005258950006967289,0.010054326309557618,0.005524271728019903,0.0021836601342771385,0.006176323555016366,0.003088161777508183,0.0029296875,0.016164985700436375,0.005694288959809864,0.004367320268554277,0.009765625,1,1,0.0
25.0,12.442901611328125,8.0,0.11594818532466888,0.8408717513084412,1.171875,14.745231628417969,13.337562561035156,1.5625,0.4038164019584656,0.015655487775802612,257.0,2925.0,287354.6875,11.381322860717773,0.48023542761802673,1.0321100950241089,3.399319648742676,0.00027303339447826147,0.390625,0.24027815461158752,874,861,878,860,846,906,919,920,871,862,925,923,907,893,860,920,905,910,875,877,858,895,922,953,950,904,889,922,907,887,847,856,905,893,911,921,874,843,903,909,908,845,873,902,903,876,874,841,872,879,889,926,862,847,904,910,894,903,903,872,892,889,894,870,905,879,904,902,889,842,879,905,903,905,880,889,919,921,925,941,895,877,938,908,908,861,856,890,858,856,890,862,841,879,892,910,873,861,924,891,890,846,829,874,856,854,845,863,860,906,909,938,940,893,893,937,920,922,877,863,920,911,942,927,877,864,927,937,909,871,878,936,925,925,923,888,924,895,936,935,892,860,894,873,843,831,841,841,873,888,859,809,844,827,872,878,872,825,893,907,919,893,894,906,926,903,906,927,872,841,878,863,859,809,796,864,855,827,861,831,812,846,826,872,839,840,911,938,941,911,847,893,892,891,905,936,923,956,925,956,935,888,890,928,926,941,888,873,904,888,909,908,861,847,877,911,920,870,874,922,875,892,887,862,911,907,924,906,845,814,862,893,877,857,843,842,874,894,892,856,878,860,874,864,858,797,857,887,872,907,872,861,857,828,862,888,0.0,0.01760523083722651,0.009618025197066508,0.05416181493696112,0.05067785447394188,0.02209708691207961,0.0328276099882258,0.0386328914938525,0.029749113694780893,0.04074735555668958,0.02568934851165216,0.012506102026236032,0.0242573092741684,0.013566839833447074,0.025334222209126653,0.017578125,0.004026470337517247,0.012506102026236032,0.0242573092741684,0.007627196949127592,0.021836601342771385,0.012236293052872722,0.004026470337517247,0.006176323555016366,0.016370170521718956,0.019555648822754675,0.011430371006562134,0.020600608505594715,0.013601941676937616,0.0048828125,0.008052940675034493,0.014874556847390447,0.011388577919619728,0.01680141653719263,0.01313830473347042,0.011048543456039806,0.008052940675034493,0.006905339660024878,0.001953125,0.005258950006967289,0.013982247132105814,0.007042092334890604,0.013982247132105814,0.010381001770248682,0.01878455474772592,0.021683206358568866,0.04804052295409705,0.047621817735299256,0.0126953125,0.01792730444402912,0.005859375,0.003521046167445302,0.008734640537108554,0.0041432037960149265,0.004979511243742954,0.01242961138804478,0.009212872199274027,0.0027621358640099515,0.009618025197066508,0.003088161777508183,0.004026470337517247,0.011134525635733769,0.007873298582322802,0.005940197783494355,0.03907470512449718,0.0029296875,0.0048828125,0.005524271728019903,0.00390625,0.006253051013118016,0.022545696055889054,0.0027621358640099515,0.0021836601342771385,0.006253051013118016,0.0009765625,0.0013810679320049757,0.001953125,0.00390625,0.010918300671385692,0.009814331661250869,0.0048828125,0.011134525635733769,0.004979511243742954,0.006253051013118016,0.01528562093993997,0.004026470337517247,0.004026470337517247,0.009212872199274027,0.00390625,0.0029296875,0.0068359375,0.0009765625,0.004367320268554277,0.03629082846887118,0.007042092334890604,0.008734640537108554,0.011759369705851851,0.00390625,0.005694288959809864,0.01019561182510796,0.001953125,0.005694288959809864,0.005694288959809864,0.004367320268554277,0.0027621358640099515,0.009003461384075085,0.003088161777508183,0.0048828125,0.010563138502335907,0.004367320268554277,0.009003461384075085,0.0021836601342771385,0.0021836601342771385,0.005694288959809864,0.013028968812623373,0.006905339660024878,0.0021836601342771385,0.001953125,0.003088161777508183,0.009003461384075085,0.003088161777508183,0.0021836601342771385,0.0048828125,0.003088161777508183,0.005694288959809864,0.01760523083722651,0.004026470337517247,0.006253051013118016,0.0068359375,1,1,0.0
25.0,12.43089771270752,8.0,0.10469851642847061,0.850555956363678,1.5625,14.855979919433594,13.229738235473633,1.171875,0.41150012612342834,0.015655487775802612,257.0,3076.0,284792.96875,11.9688720703125,0.48380136489868164,1.1422206163406372,3.403411626815796,0.0,0.0,0.2591995894908905,880,871,938,935,921,893,875,907,874,861,878,860,846,906,919,920,871,862,925,923,907,893,860,920,905,910,875,877,858,895,922,953,950,904,889,922,907,887,847,856,905,893,911,921,874,843,903,909,908,845,873,902,903,876,874,841,872,879,889,926,862,847,904,910,894,903,903,872,892,889,894,870,905,879,904,902,889,842,879,905,903,905,880,889,919,921,925,941,895,877,938,908,908,861,856,890,858,856,890,862,841,879,892,910,873,861,924,891,890,846,829,874,856,854,845,863,860,906,909,938,940,893,893,937,920,922,877,863,920,911,942,927,877,864,927,937,909,871,878,936,925,925,923,888,924,895,936,935,892,860,894,873,843,831,841,841,873,888,859,809,844,827,872,878,872,825,893,907,919,893,894,906,926,903,906,927,872,841,878,863,859,809,796,864,855,827,861,831,812,846,826,872,839,840,911,938,941,911,847,893,892,891,905,936,923,956,925,956,935,888,890,928,926,941,888,873,904,888,909,908,861,847,877,911,920,870,874,922,875,892,887,862,911,907,924,906,845,814,862,893,877,857,843,842,874,894,892,856,878,860,874,864,858,797,857,887,0.00146484375,0.016716057391234072,0.012506102026236032,0.04314594147338774,0.052344114387724204,0.0126953125,0.04130524605968086,0.030289184412638327,0.0283875817456028,0.049042498162069216,0.020108652619115236,0.011759369705851851,0.02777629424478104,0.011759369705851851,0.017820593350483065,0.023518739411703703,0.008400708268596315,0.0170549308560283,0.028168369339562415,0.007042092334890604,0.025947910655442233,0.010381001770248682,0.0,0.003521046167445302,0.017469281074217108,0.018528970665049098,0.008286407592029853,0.024433585943743757,0.016253239235442616,0.0048828125,0.005694288959809864,0.01242961138804478,0.007873298582322802,0.011920464468489943,0.011048543456039806,0.00966747552403483,0.009618025197066508,0.011388577919619728,0.007873298582322802,0.005694288959809864,0.011134525635733769,0.004367320268554277,0.006905339660024878,0.0041432037960149265,0.012236293052872722,0.017469281074217108,0.04281310589215424,0.05321145596025499,0.018165112536853784,0.022777155839239456,0.01179984958358845,0.00966747552403483,0.0126953125,0.007873298582322802,0.004026470337517247,0.013028968812623373,0.010054326309557618,0.004979511243742954,0.007437278423695223,0.0029296875,0.0021836601342771385,0.014218964627501012,0.009765625,0.003088161777508183,0.041015625,0.005940197783494355,0.005940197783494355,0.006905339660024878,0.006905339660024878,0.008734640537108554,0.021417687694786434,0.0013810679320049757,0.0009765625,0.007042092334890604,0.004026470337517247,0.001953125,0.005694288959809864,0.0013810679320049757,0.009003461384075085,0.011134525635733769,0.007873298582322802,0.014778072217208551,0.0027621358640099515,0.0065509804028314154,0.01528562093993997,0.00390625,0.001953125,0.008400708268596315,0.003088161777508183,0.005258950006967289,0.005694288959809864,0.0027621358640099515,0.0048828125,0.03625138904935661,0.007437278423695223,0.008286407592029853,0.014517645261053229,0.003521046167445302,0.0041432037960149265,0.011388577919619728,0.0013810679320049757,0.003088161777508183,0.006176323555016366,0.0029296875,0.0029296875,0.007873298582322802,0.0,0.0027621358640099515,0.008400708268596315,0.0027621358640099515,0.005940197783494355,0.004979511243742954,0.0009765625,0.0029296875,0.015746597164645604,0.004979511243742954,0.003521046167445302,0.004367320268554277,0.0048828125,0.007873298582322802,0.003521046167445302,0.004979511243742954,0.007437278423695223,0.005940197783494355,0.005940197783494355,0.019384212149686726,0.004367320268554277,0.004367320268554277,0.0087890625,1,1,0.0
26.5625,12.56019115447998,8.0,0.11500149965286255,0.7822960615158081,1.5625,14.404229164123535,13.8149995803833,18.359375,0.3884488344192505,0.015746597200632095,260.0,2969.0,290299.96875,11.419230461120605,0.49654966592788696,1.033414602279663,3.356795072555542,0.00027002699789591134,16.796875,0.25732818245887756,874,871,858,871,907,941,927,924,880,871,938,935,921,893,875,907,874,861,878,860,846,906,919,920,871,862,925,923,907,893,860,920,905,910,875,877,858,895,922,953,950,904,889,922,907,887,847,856,905,893,911,921,874,843,903,909,908,845,873,902,903,876,874,841,872,879,889,926,862,847,904,910,894,903,903,872,892,889,894,870,905,879,904,902,889,842,879,905,903,905,880,889,919,921,925,941,895,877,938,908,908,861,856,890,858,856,890,862,841,879,892,910,873,861,924,891,890,846,829,874,856,854,845,863,860,906,909,938,940,893,893,937,920,922,877,863,920,911,942,927,877,864,927,937,909,871,878,936,925,925,923,888,924,895,936,935,892,860,894,873,843,831,841,841,873,888,859,809,844,827,872,878,872,825,893,907,919,893,894,906,926,903,906,927,872,841,878,863,859,809,796,864,855,827,861,831,812,846,826,872,839,840,911,938,941,911,847,893,892,891,905,936,923,956,925,956,935,888,890,928,926,941,888,873,904,888,909,908,861,847,877,911,920,870,874,922,875,892,887,862,911,907,924,906,845,814,862,893,877,857,843,842,874,894,892,856,0.0009765625,0.019457869965987574,0.0185803687406645,0.037314400731528904,0.04973762335252673,0.006176323555016366,0.04756170180424188,0.031204190055996988,0.02209708691207961,0.051248600638288774,0.024954945974962183,0.0065509804028314154,0.031143005310746045,0.007437278423695223,0.022545696055889054,0.021439939843847802,0.003088161777508183,0.015776850020901866,0.02376079113397742,0.007109482313750506,0.020967686087484266,0.010918300671385692,0.004367320268554277,0.007873298582322802,0.013282686043686957,0.015440808887540914,0.010381001770248682,0.027151247606362977,0.014680953494504793,0.009618025197066508,0.007873298582322802,0.013982247132105814,0.0048828125,0.006176323555016366,0.01313830473347042,0.010381001770248682,0.012506102026236032,0.0185803687406645,0.013982247132105814,0.007873298582322802,0.014218964627501012,0.006176323555016366,0.009003461384075085,0.004026470337517247,0.015746597164645604,0.022140203220223895,0.04723979149393681,0.04894517221149089,0.013282686043686957,0.01708286687942959,0.01019561182510796,0.006253051013118016,0.013601941676937616,0.0029296875,0.003088161777508183,0.009618025197066508,0.011388577919619728,0.001953125,0.01179984958358845,0.0041432037960149265,0.004979511243742954,0.011920464468489943,0.008286407592029853,0.005694288959809864,0.038098455474865546,0.003088161777508183,0.005258950006967289,0.004979511243742954,0.004026470337517247,0.006176323555016366,0.020899350155305366,0.0027621358640099515,0.001953125,0.005258950006967289,0.0009765625,0.001953125,0.001953125,0.004026470337517247,0.011134525635733769,0.00834375365753665,0.003521046167445302,0.01019561182510796,0.005694288959809864,0.0021836601342771385,0.010918300671385692,0.006905339660024878,0.0027621358640099515,0.004026470337517247,0.006905339660024878,0.006905339660024878,0.0009765625,0.006253051013118016,0.005940197783494355,0.03385729652999944,0.005694288959809864,0.005859375,0.016630260122975003,0.005258950006967289,0.0029296875,0.013282686043686957,0.0009765625,0.003088161777508183,0.0041432037960149265,0.001953125,0.0013810679320049757,0.005524271728019903,0.0009765625,0.0021836601342771385,0.009959022487485907,0.0,0.007873298582322802,0.004367320268554277,0.001953125,0.001953125,0.014218964627501012,0.00390625,0.0048828125,0.005258950006967289,0.0009765625,0.007042092334890604,0.006176323555016366,0.003088161777508183,0.0048828125,0.001953125,0.0048828125,0.01528562093993997,0.005694288959809864,0.009814331661250869,0.0029296875,1,1,0.0
25.0,12.066086769104004,7.0,0.0959184318780899,0.8295390605926514,1.5625,13.966208457946777,13.12435531616211,3.515625,0.4099234640598297,0.015502449125051498,252.0,2754.0,280972.3125,10.928571701049805,0.4941581189632416,1.061680793762207,3.339278221130371,0.0001239656558027491,0.0,0.23446811735630035,879,874,876,872,872,827,888,905,874,871,858,871,907,941,927,924,880,871,938,935,921,893,875,907,874,861,878,860,846,906,919,920,871,862,925,923,907,893,860,920,905,910,875,877,858,895,922,953,950,904,889,922,907,887,847,856,905,893,911,921,874,843,903,909,908,845,873,902,903,876,874,841,872,879,889,926,862,847,904,910,894,903,903,872,892,889,894,870,905,879,904,902,889,842,879,905,903,905,880,889,919,921,925,941,895,877,938,908,908,861,856,890,858,856,890,862,841,879,892,910,873,861,924,891,890,846,829,874,856,854,845,863,860,906,909,938,940,893,893,937,920,922,877,863,920,911,942,927,877,864,927,937,909,871,878,936,925,925,923,888,924,895,936,935,892,860,894,873,843,831,841,841,873,888,859,809,844,827,872,878,872,825,893,907,919,893,894,906,926,903,906,927,872,841,878,863,859,809,796,864,855,827,861,831,812,846,826,872,839,840,911,938,941,911,847,893,892,891,905,936,923,956,925,956,935,888,890,928,926,941,888,873,904,888,909,908,861,847,877,911,920,870,874,922,875,892,887,862,911,907,924,906,845,814,862,893,0.0009765625,0.018657200365764452,0.018528970665049098,0.03742923417331406,0.04984296935615174,0.006253051013118016,0.047037478823407405,0.029813159223581537,0.02209708691207961,0.05033798425335888,0.02458921545315268,0.0078125,0.03149319432929121,0.0065509804028314154,0.021417687694786434,0.022798081113142094,0.00390625,0.016105881350068987,0.021836601342771385,0.0065509804028314154,0.019773883526676354,0.012506102026236032,0.005940197783494355,0.009264485332524549,0.011134525635733769,0.012732817197661424,0.009003461384075085,0.029035290522106457,0.01800692276815017,0.009212872199274027,0.006176323555016366,0.0107421875,0.007109482313750506,0.009765625,0.010918300671385692,0.009814331661250869,0.010918300671385692,0.014084184669781208,0.011430371006562134,0.009959022487485907,0.010786485368346935,0.008734640537108554,0.0048828125,0.005258950006967289,0.013282686043686957,0.02378085090212094,0.04809012598533254,0.04769185721513586,0.013028968812623373,0.013566839833447074,0.010918300671385692,0.004367320268554277,0.011759369705851851,0.0021836601342771385,0.007437278423695223,0.013101960805662831,0.00834375365753665,0.005940197783494355,0.008400708268596315,0.0009765625,0.0029296875,0.013282686043686957,0.009003461384075085,0.003088161777508183,0.0390625,0.00390625,0.006176323555016366,0.006253051013118016,0.004367320268554277,0.007042092334890604,0.021439939843847802,0.0021836601342771385,0.0021836601342771385,0.004979511243742954,0.0009765625,0.0009765625,0.00390625,0.004026470337517247,0.010918300671385692,0.010381001770248682,0.001953125,0.007042092334890604,0.008400708268596315,0.003088161777508183,0.007109482313750506,0.011048543456039806,0.005258950006967289,0.003088161777508183,0.00834375365753665,0.010918300671385692,0.0048828125,0.006253051013118016,0.007437278423695223,0.037378240642587185,0.005258950006967289,0.007437278423695223,0.014517645261053229,0.003088161777508183,0.0027621358640099515,0.013028968812623373,0.0029296875,0.001953125,0.005859375,0.0021836601342771385,0.0013810679320049757,0.005694288959809864,0.0013810679320049757,0.0021836601342771385,0.010054326309557618,0.0009765625,0.0065509804028314154,0.006176323555016366,0.004026470337517247,0.0021836601342771385,0.014084184669781208,0.004367320268554277,0.006905339660024878,0.005940197783494355,0.0021836601342771385,0.008734640537108554,0.006905339660024878,0.001953125,0.0021836601342771385,0.0021836601342771385,0.00834375365753665,0.019749754312653012,0.0021836601342771385,0.005940197783494355,0.0078125,1,1,0.0
26.953125,12.647005081176758,8.0,0.09018377959728241,0.7970934510231018,1.5625,13.349555969238281,13.745993614196777,3.515625,0.4035452604293823,0.01547165960073471,251.0,2657.0,280198.15625,10.585657119750977,0.5062709450721741,1.0199615955352783,3.2752413749694824,0.00012417732796166092,0.0,0.25051939487457275,894,873,830,825,856,861,892,845,879,874,876,872,872,827,888,905,874,871,858,871,907,941,927,924,880,871,938,935,921,893,875,907,874,861,878,860,846,906,919,920,871,862,925,923,907,893,860,920,905,910,875,877,858,895,922,953,950,904,889,922,907,887,847,856,905,893,911,921,874,843,903,909,908,845,873,902,903,876,874,841,872,879,889,926,862,847,904,910,894,903,903,872,892,889,894,870,905,879,904,902,889,842,879,905,903,905,880,889,919,921,925,941,895,877,938,908,908,861,856,890,858,856,890,862,841,879,892,910,873,861,924,891,890,846,829,874,856,854,845,863,860,906,909,938,940,893,893,937,920,922,877,863,920,911,942,927,877,864,927,937,909,871,878,936,925,925,923,888,924,895,936,935,892,860,894,873,843,831,841,841,873,888,859,809,844,827,872,878,872,825,893,907,919,893,894,906,926,903,906,927,872,841,878,863,859,809,796,864,855,827,861,831,812,846,826,872,839,840,911,938,941,911,847,893,892,891,905,936,923,956,925,956,935,888,890,928,926,941,888,873,904,888,909,908,861,847,877,911,920,870,874,922,875,892,887,862,0.0,0.018961413905222265,0.01727715430952552,0.03742923417331406,0.05249875021763911,0.004979511243742954,0.04848512338791566,0.029893023173855404,0.019384212149686726,0.050753072110102666,0.02681548870653512,0.005694288959809864,0.0283203125,0.010786485368346935,0.018961413905222265,0.02485922277608956,0.008843149548962322,0.021506558149946522,0.022545696055889054,0.007042092334890604,0.0126953125,0.017304731588544287,0.012236293052872722,0.016105881350068987,0.008734640537108554,0.013028968812623373,0.0013810679320049757,0.025390625,0.016164985700436375,0.0048828125,0.011134525635733769,0.019628663322501738,0.0021836601342771385,0.0009765625,0.013982247132105814,0.009814331661250869,0.008843149548962322,0.016630260122975003,0.007042092334890604,0.0048828125,0.008400708268596315,0.010786485368346935,0.0027621358640099515,0.009618025197066508,0.01179984958358845,0.02638526579317636,0.04883788964863276,0.04833737762017415,0.012352647110032733,0.007627196949127592,0.009814331661250869,0.004367320268554277,0.006176323555016366,0.006905339660024878,0.0078125,0.015655487833868553,0.008286407592029853,0.0041432037960149265,0.008843149548962322,0.0041432037960149265,0.0029296875,0.01188039556698871,0.0078125,0.006253051013118016,0.038098455474865546,0.0021836601342771385,0.005694288959809864,0.005859375,0.00390625,0.006905339660024878,0.021506558149946522,0.0013810679320049757,0.0,0.005694288959809864,0.0029296875,0.004026470337517247,0.005258950006967289,0.007109482313750506,0.012732817197661424,0.01019561182510796,0.0021836601342771385,0.009264485332524549,0.007873298582322802,0.0013810679320049757,0.007873298582322802,0.009814331661250869,0.0021836601342771385,0.005258950006967289,0.006253051013118016,0.006905339660024878,0.0021836601342771385,0.0068359375,0.0068359375,0.036604814089826784,0.004026470337517247,0.004979511243742954,0.01313830473347042,0.004367320268554277,0.004979511243742954,0.011134525635733769,0.003088161777508183,0.0009765625,0.0065509804028314154,0.003088161777508183,0.003088161777508183,0.004026470337517247,0.0027621358640099515,0.001953125,0.009264485332524549,0.0021836601342771385,0.0048828125,0.007109482313750506,0.004979511243742954,0.0029296875,0.01313830473347042,0.004979511243742954,0.007437278423695223,0.0041432037960149265,0.0021836601342771385,0.010918300671385692,0.004367320268554277,0.0009765625,0.003521046167445302,0.0027621358640099515,0.005694288959809864,0.017953883116064683,0.0048828125,0.008052940675034493,0.005859375,1,1,0.0
25.0,12.361922264099121,8.0,0.1068173423409462,0.835189163684845,3.515625,14.340499877929688,13.295756340026855,1.5625,0.40648478269577026,0.015533177182078362,253.0,2890.0,299009.96875,11.422924995422363,0.48669788241386414,1.0699740648269653,3.3974194526672363,0.0,0.0,0.2411121129989624,906,892,905,892,872,858,921,924,894,873,830,825,856,861,892,845,879,874,876,872,872,827,888,905,874,871,858,871,907,941,927,924,880,871,938,935,921,893,875,907,874,861,878,860,846,906,919,920,871,862,925,923,907,893,860,920,905,910,875,877,858,895,922,953,950,904,889,922,907,887,847,856,905,893,911,921,874,843,903,909,908,845,873,902,903,876,874,841,872,879,889,926,862,847,904,910,894,903,903,872,892,889,894,870,905,879,904,902,889,842,879,905,903,905,880,889,919,921,925,941,895,877,938,908,908,861,856,890,858,856,890,862,841,879,892,910,873,861,924,891,890,846,829,874,856,854,845,863,860,906,909,938,940,893,893,937,920,922,877,863,920,911,942,927,877,864,927,937,909,871,878,936,925,925,923,888,924,895,936,935,892,860,894,873,843,831,841,841,873,888,859,809,844,827,872,878,872,825,893,907,919,893,894,906,926,903,906,927,872,841,878,863,859,809,796,864,855,827,861,831,812,846,826,872,839,840,911,938,941,911,847,893,892,891,905,936,923,956,925,956,935,888,890,928,926,941,888,873,904,888,909,908,861,847,877,911,0.00341796875,0.01878455474772592,0.0166875073150733,0.037390995545071574,0.05274341647027647,0.004367320268554277,0.049957638915736964,0.031143005310746045,0.018657200365764452,0.048828125,0.02713367966689415,0.007109482313750506,0.027413415718004295,0.00966747552403483,0.01800692276815017,0.026294750034836445,0.008843149548962322,0.0208765218031562,0.022140203220223895,0.006905339660024878,0.013282686043686957,0.01589728573837862,0.011759369705851851,0.014874556847390447,0.009003461384075085,0.012732817197661424,0.003088161777508183,0.026565372087373914,0.017469281074217108,0.0041432037960149265,0.009212872199274027,0.01824369305885684,0.0009765625,0.0029296875,0.014680953494504793,0.010563138502335907,0.010054326309557618,0.018425744398548053,0.009003461384075085,0.0021836601342771385,0.009765625,0.009264485332524549,0.004026470337517247,0.009959022487485907,0.008734640537108554,0.025781989809461104,0.048808589842186716,0.047701854460233645,0.013566839833447074,0.005524271728019903,0.009765625,0.005694288959809864,0.003521046167445302,0.007109482313750506,0.005524271728019903,0.013982247132105814,0.011048543456039806,0.0009765625,0.009765625,0.0027621358640099515,0.0048828125,0.013566839833447074,0.009814331661250869,0.005694288959809864,0.03614600688148779,0.0009765625,0.006176323555016366,0.0029296875,0.004026470337517247,0.0068359375,0.02229045353615884,0.0009765625,0.003088161777508183,0.003088161777508183,0.0027621358640099515,0.003521046167445302,0.0029296875,0.004367320268554277,0.009618025197066508,0.011430371006562134,0.0027621358640099515,0.005940197783494355,0.010918300671385692,0.004979511243742954,0.007042092334890604,0.011134525635733769,0.003521046167445302,0.007873298582322802,0.003521046167445302,0.004026470337517247,0.0021836601342771385,0.008400708268596315,0.007873298582322802,0.037390995545071574,0.0027621358640099515,0.003521046167445302,0.011134525635733769,0.0041432037960149265,0.006176323555016366,0.01171875,0.004979511243742954,0.001953125,0.005694288959809864,0.0021836601342771385,0.0027621358640099515,0.0048828125,0.003088161777508183,0.0021836601342771385,0.008734640537108554,0.0029296875,0.004367320268554277,0.008843149548962322,0.005940197783494355,0.004979511243742954,0.01179984958358845,0.008286407592029853,0.005524271728019903,0.0029296875,0.00390625,0.008052940675034493,0.005258950006967289,0.003521046167445302,0.004979511243742954,0.0013810679320049757,0.008400708268596315,0.01886055460530075,0.0009765625,0.003521046167445302,0.0087890625,1,1,0.0
25.0,12.464815139770508,8.0,0.10375925898551941,0.8370600938796997,2.34375,14.333377838134766,13.313887596130371,1.5625,0.4083738923072815,0.015502449125051498,252.0,2917.0,295494.59375,11.575396537780762,0.4878668487071991,1.1146351099014282,3.390363931655884,0.0015185793163254857,0.0,0.23860090970993042,920,861,879,877,909,908,911,875,906,892,905,892,872,858,921,924,894,873,830,825,856,861,892,845,879,874,876,872,872,827,888,905,874,871,858,871,907,941,927,924,880,871,938,935,921,893,875,907,874,861,878,860,846,906,919,920,871,862,925,923,907,893,860,920,905,910,875,877,858,895,922,953,950,904,889,922,907,887,847,856,905,893,911,921,874,843,903,909,908,845,873,902,903,876,874,841,872,879,889,926,862,847,904,910,894,903,903,872,892,889,894,870,905,879,904,902,889,842,879,905,903,905,880,889,919,921,925,941,895,877,938,908,908,861,856,890,858,856,890,862,841,879,892,910,873,861,924,891,890,846,829,874,856,854,845,863,860,906,909,938,940,893,893,937,920,922,877,863,920,911,942,927,877,864,927,937,909,871,878,936,925,925,923,888,924,895,936,935,892,860,894,873,843,831,841,841,873,888,859,809,844,827,872,878,872,825,893,907,919,893,894,906,926,903,906,927,872,841,878,863,859,809,796,864,855,827,861,831,812,846,826,872,839,840,911,938,941,911,847,893,892,891,905,936,923,956,925,956,935,888,890,928,926,941,888,873,0.0009765625,0.01792730444402912,0.017820593350483065,0.03936649291161401,0.05328309713165524,0.006176323555016366,0.05164713993038028,0.03066468450802262,0.01727715430952552,0.04752158226795484,0.027759121881937295,0.008400708268596315,0.02638526579317636,0.009765625,0.016630260122975003,0.025947910655442233,0.008843149548962322,0.021035800027869155,0.021417687694786434,0.00834375365753665,0.014906579611790769,0.013982247132105814,0.01019561182510796,0.013101960805662831,0.008400708268596315,0.009765625,0.004026470337517247,0.029749113694780893,0.021035800027869155,0.003088161777508183,0.0126953125,0.022714264354712906,0.005694288959809864,0.003088161777508183,0.013706707859002147,0.005524271728019903,0.004026470337517247,0.0126953125,0.008400708268596315,0.007627196949127592,0.010918300671385692,0.003088161777508183,0.005940197783494355,0.008400708268596315,0.00390625,0.023478154844084585,0.04688517142249142,0.050527083282330194,0.017387200990981306,0.003521046167445302,0.009959022487485907,0.009212872199274027,0.005258950006967289,0.0087890625,0.0009765625,0.00834375365753665,0.011134525635733769,0.005524271728019903,0.0078125,0.0013810679320049757,0.001953125,0.015440808887540914,0.011759369705851851,0.007873298582322802,0.03614600688148779,0.0009765625,0.0041432037960149265,0.004026470337517247,0.004979511243742954,0.006905339660024878,0.021417687694786434,0.0,0.003088161777508183,0.003088161777508183,0.001953125,0.001953125,0.003521046167445302,0.004979511243742954,0.009959022487485907,0.012732817197661424,0.004026470337517247,0.007109482313750506,0.01019561182510796,0.004026470337517247,0.0087890625,0.008843149548962322,0.0021836601342771385,0.006176323555016366,0.0048828125,0.007437278423695223,0.001953125,0.005258950006967289,0.005859375,0.035061177873078594,0.006253051013118016,0.0027621358640099515,0.013566839833447074,0.0065509804028314154,0.007627196949127592,0.010381001770248682,0.007109482313750506,0.003088161777508183,0.006905339660024878,0.003088161777508183,0.001953125,0.006176323555016366,0.001953125,0.0027621358640099515,0.009003461384075085,0.0021836601342771385,0.004979511243742954,0.0078125,0.005258950006967289,0.004367320268554277,0.01171875,0.008052940675034493,0.005859375,0.0027621358640099515,0.004026470337517247,0.007873298582322802,0.004026470337517247,0.0027621358640099515,0.0048828125,0.0009765625,0.008052940675034493,0.019749754312653012,0.0021836601342771385,0.0048828125,0.0087890625,1,1,0.0
25.0,12.468180656433105,7.0,0.0955156683921814,0.839952290058136,2.34375,14.752327919006348,13.20017147064209,1.5625,0.4129040241241455,0.015533177182078362,253.0,2977.0,305551.4375,11.76679801940918,0.4915803074836731,1.064354658126831,3.4371347427368164,0.0001233654038514942,0.0,0.23766513168811798,876,859,878,874,840,832,895,926,920,861,879,877,909,908,911,875,906,892,905,892,872,858,921,924,894,873,830,825,856,861,892,845,879,874,876,872,872,827,888,905,874,871,858,871,907,941,927,924,880,871,938,935,921,893,875,907,874,861,878,860,846,906,919,920,871,862,925,923,907,893,860,920,905,910,875,877,858,895,922,953,950,904,889,922,907,887,847,856,905,893,911,921,874,843,903,909,908,845,873,902,903,876,874,841,872,879,889,926,862,847,904,910,894,903,903,872,892,889,894,870,905,879,904,902,889,842,879,905,903,905,880,889,919,921,925,941,895,877,938,908,908,861,856,890,858,856,890,862,841,879,892,910,873,861,924,891,890,846,829,874,856,854,845,863,860,906,909,938,940,893,893,937,920,922,877,863,920,911,942,927,877,864,927,937,909,871,878,936,925,925,923,888,924,895,936,935,892,860,894,873,843,831,841,841,873,888,859,809,844,827,872,878,872,825,893,907,919,893,894,906,926,903,906,927,872,841,878,863,859,809,796,864,855,827,861,831,812,846,826,872,839,840,911,938,941,911,847,893,892,891,905,936,923,956,925,956,0.0009765625,0.028854075591199527,0.023047702580480365,0.025465634395322848,0.041062101643805936,0.016630260122975003,0.03902586172400017,0.01824369305885684,0.02157297073669387,0.05524271728019903,0.04026470337517247,0.01708286687942959,0.019236050394133015,0.0166875073150733,0.01760523083722651,0.025855863857175247,0.0,0.014517645261053229,0.02734375,0.004979511243742954,0.011388577919619728,0.01760523083722651,0.012352647110032733,0.012506102026236032,0.009765625,0.010918300671385692,0.004026470337517247,0.028738162049926096,0.019236050394133015,0.00390625,0.010918300671385692,0.01953125,0.0013810679320049757,0.0009765625,0.016630260122975003,0.01188039556698871,0.009618025197066508,0.015440808887540914,0.0009765625,0.012352647110032733,0.008052940675034493,0.008400708268596315,0.009814331661250869,0.007437278423695223,0.0041432037960149265,0.018425744398548053,0.043552935783159684,0.05511309007625962,0.02231183527108567,0.008843149548962322,0.010563138502335907,0.011048543456039806,0.012079411012551739,0.005940197783494355,0.005940197783494355,0.01284467425582608,0.005940197783494355,0.005859375,0.007437278423695223,0.004367320268554277,0.004367320268554277,0.010918300671385692,0.010381001770248682,0.005524271728019903,0.03614600688148779,0.0009765625,0.0048828125,0.0029296875,0.004367320268554277,0.007109482313750506,0.02161713244255728,0.0013810679320049757,0.004367320268554277,0.0013810679320049757,0.0013810679320049757,0.001953125,0.003521046167445302,0.003088161777508183,0.0078125,0.014218964627501012,0.005940197783494355,0.009765625,0.009959022487485907,0.003088161777508183,0.009765625,0.007873298582322802,0.00390625,0.004979511243742954,0.005258950006967289,0.007109482313750506,0.003521046167445302,0.0048828125,0.006176323555016366,0.03582800064032059,0.0048828125,0.003088161777508183,0.011920464468489943,0.006176323555016366,0.007437278423695223,0.011134525635733769,0.006176323555016366,0.0027621358640099515,0.0065509804028314154,0.0029296875,0.0021836601342771385,0.005258950006967289,0.0027621358640099515,0.001953125,0.00834375365753665,0.0029296875,0.004026470337517247,0.008734640537108554,0.0068359375,0.004026470337517247,0.011388577919619728,0.005940197783494355,0.005258950006967289,0.0041432037960149265,0.0029296875,0.010918300671385692,0.0027621358640099515,0.001953125,0.006176323555016366,0.0021836601342771385,0.008286407592029853,0.019384212149686726,0.001953125,0.00390625,0.0107421875,1,1,0.0
25.0,12.414812088012695,8.0,0.10516922920942307,0.744384765625,18.359375,18.545616149902344,13.775160789489746,3.515625,0.3818528950214386,0.015409896150231361,249.0,3200.0,272228.1875,12.85140609741211,0.5129778385162354,1.0047096014022827,3.7401187419891357,0.00012523873010650277,0.0,0.2515944838523865,877,830,832,890,891,891,874,860,876,859,878,874,840,832,895,926,920,861,879,877,909,908,911,875,906,892,905,892,872,858,921,924,894,873,830,825,856,861,892,845,879,874,876,872,872,827,888,905,874,871,858,871,907,941,927,924,880,871,938,935,921,893,875,907,874,861,878,860,846,906,919,920,871,862,925,923,907,893,860,920,905,910,875,877,858,895,922,953,950,904,889,922,907,887,847,856,905,893,911,921,874,843,903,909,908,845,873,902,903,876,874,841,872,879,889,926,862,847,904,910,894,903,903,872,892,889,894,870,905,879,904,902,889,842,879,905,903,905,880,889,919,921,925,941,895,877,938,908,908,861,856,890,858,856,890,862,841,879,892,910,873,861,924,891,890,846,829,874,856,854,845,863,860,906,909,938,940,893,893,937,920,922,877,863,920,911,942,927,877,864,927,937,909,871,878,936,925,925,923,888,924,895,936,935,892,860,894,873,843,831,841,841,873,888,859,809,844,827,872,878,872,825,893,907,919,893,894,906,926,903,906,927,872,841,878,863,859,809,796,864,855,827,861,831,812,846,826,872,839,840,911,938,941,911,847,893,0.00244140625,0.034678283016727936,0.027621358640099514,0.0208765218031562,0.03455430861905104,0.021945512748285382,0.036604814089826784,0.012352647110032733,0.018961413905222265,0.05211587525049349,0.0400390625,0.022140203220223895,0.02489755621871477,0.009765625,0.023294649300540163,0.018657200365764452,0.008400708268596315,0.023640075072090243,0.020132351687586234,0.010918300671385692,0.018961413905222265,0.013282686043686957,0.0126953125,0.02003738723504218,0.007873298582322802,0.016572815184059706,0.005694288959809864,0.023294649300540163,0.017578125,0.0048828125,0.007873298582322802,0.023294649300540163,0.005940197783494355,0.0048828125,0.013810679320049757,0.006176323555016366,0.006176323555016366,0.01589728573837862,0.006253051013118016,0.007873298582322802,0.00390625,0.01188039556698871,0.010381001770248682,0.007627196949127592,0.007873298582322802,0.017820593350483065,0.04412938878005861,0.055672628178668845,0.022032254243512652,0.009814331661250869,0.007873298582322802,0.007437278423695223,0.010381001770248682,0.004367320268554277,0.003521046167445302,0.011134525635733769,0.009264485332524549,0.006253051013118016,0.005694288959809864,0.004367320268554277,0.0021836601342771385,0.012236293052872722,0.0068359375,0.001953125,0.03917220921900699,0.0027621358640099515,0.008052940675034493,0.0013810679320049757,0.006905339660024878,0.009264485332524549,0.019555648822754675,0.0013810679320049757,0.003088161777508183,0.0021836601342771385,0.001953125,0.0021836601342771385,0.004026470337517247,0.003088161777508183,0.008052940675034493,0.01441877251975918,0.004026470337517247,0.009765625,0.008734640537108554,0.003088161777508183,0.0078125,0.008734640537108554,0.0009765625,0.005524271728019903,0.007627196949127592,0.00966747552403483,0.005524271728019903,0.0013810679320049757,0.0027621358640099515,0.03179457147675724,0.007627196949127592,0.003521046167445302,0.008286407592029853,0.0027621358640099515,0.004026470337517247,0.01171875,0.004979511243742954,0.0021836601342771385,0.009003461384075085,0.003521046167445302,0.003088161777508183,0.007627196949127592,0.0009765625,0.0013810679320049757,0.009618025197066508,0.004026470337517247,0.003088161777508183,0.009003461384075085,0.005940197783494355,0.004026470337517247,0.012732817197661424,0.005694288959809864,0.007109482313750506,0.003088161777508183,0.004026470337517247,0.008286407592029853,0.0065509804028314154,0.0021836601342771385,0.003521046167445302,0.0027621358640099515,0.004979511243742954,0.015776850020901866,0.005940197783494355,0.006253051013118016,0.015625,1,1,0.0
25.0,12.351731300354004,8.0,0.11925817281007767,0.754896342754364,3.515625,18.62747573852539,13.704182624816895,18.359375,0.37886500358581543,0.015285621397197247,245.0,3250.0,250953.46875,13.26530647277832,0.5018768310546875,1.1411516666412354,3.719332695007324,0.0007952665910124779,0.0,0.2680620849132538,904,890,888,890,862,925,937,907,877,830,832,890,891,891,874,860,876,859,878,874,840,832,895,926,920,861,879,877,909,908,911,875,906,892,905,892,872,858,921,924,894,873,830,825,856,861,892,845,879,874,876,872,872,827,888,905,874,871,858,871,907,941,927,924,880,871,938,935,921,893,875,907,874,861,878,860,846,906,919,920,871,862,925,923,907,893,860,920,905,910,875,877,858,895,922,953,950,904,889,922,907,887,847,856,905,893,911,921,874,843,903,909,908,845,873,902,903,876,874,841,872,879,889,926,862,847,904,910,894,903,903,872,892,889,894,870,905,879,904,902,889,842,879,905,903,905,880,889,919,921,925,941,895,877,938,908,908,861,856,890,858,856,890,862,841,879,892,910,873,861,924,891,890,846,829,874,856,854,845,863,860,906,909,938,940,893,893,937,920,922,877,863,920,911,942,927,877,864,927,937,909,871,878,936,925,925,923,888,924,895,936,935,892,860,894,873,843,831,841,841,873,888,859,809,844,827,872,878,872,825,893,907,919,893,894,906,926,903,906,927,872,841,878,863,859,809,796,864,855,827,861,831,812,846,826,872,0.0029296875,0.032241355506287456,0.026565372087373914,0.019457869965987574,0.033432114782468145,0.024020261477048523,0.03452669830012439,0.009264485332524549,0.019236050394133015,0.048238629043861204,0.03828573395295441,0.021945512748285382,0.0283875817456028,0.005524271728019903,0.021417687694786434,0.024705294220065465,0.007109482313750506,0.017387200990981306,0.0242573092741684,0.005524271728019903,0.0126953125,0.014778072217208551,0.008400708268596315,0.012506102026236032,0.003088161777508183,0.009264485332524549,0.005940197783494355,0.01824369305885684,0.00966747552403483,0.011134525635733769,0.0021836601342771385,0.022714264354712906,0.01242961138804478,0.012236293052872722,0.01727715430952552,0.0041432037960149265,0.007042092334890604,0.01792730444402912,0.01284467425582608,0.0065509804028314154,0.003521046167445302,0.017820593350483065,0.014778072217208551,0.011759369705851851,0.014517645261053229,0.01878455474772592,0.04723979149393681,0.051767024533978793,0.01953125,0.009264485332524549,0.0029296875,0.003521046167445302,0.006176323555016366,0.0068359375,0.0009765625,0.006905339660024878,0.010786485368346935,0.009765625,0.003088161777508183,0.005859375,0.004026470337517247,0.009814331661250869,0.005859375,0.003088161777508183,0.03625138904935661,0.003088161777508183,0.005859375,0.0009765625,0.006176323555016366,0.009212872199274027,0.021836601342771385,0.0013810679320049757,0.004026470337517247,0.001953125,0.003088161777508183,0.0021836601342771385,0.005524271728019903,0.005524271728019903,0.009765625,0.01313830473347042,0.003088161777508183,0.009003461384075085,0.009212872199274027,0.0029296875,0.008400708268596315,0.009003461384075085,0.0013810679320049757,0.005258950006967289,0.009212872199274027,0.010563138502335907,0.007042092334890604,0.0,0.003521046167445302,0.032754902014157074,0.007873298582322802,0.004367320268554277,0.009003461384075085,0.001953125,0.003521046167445302,0.008734640537108554,0.005524271728019903,0.00390625,0.007873298582322802,0.003088161777508183,0.0009765625,0.005694288959809864,0.00390625,0.00390625,0.0065509804028314154,0.004026470337517247,0.006253051013118016,0.007042092334890604,0.0048828125,0.004367320268554277,0.012236293052872722,0.008843149548962322,0.0041432037960149265,0.001953125,0.0009765625,0.008286407592029853,0.0048828125,0.0,0.005694288959809864,0.0021836601342771385,0.007042092334890604,0.01800692276815017,0.0041432037960149265,0.0048828125,0.0126953125,1,1,0.0
25.78125,12.345719337463379,7.0,0.09757079929113388,0.6983014345169067,3.515625,16.321617126464844,14.069524765014648,18.359375,0.37105756998062134,0.01487455703318119,232.0,2810.0,213958.859375,12.112069129943848,0.5313716530799866,1.1516393423080444,3.482175588607788,0.001207891502417624,0.0,0.26082643866539,874,856,905,911,906,908,857,917,904,890,888,890,862,925,937,907,877,830,832,890,891,891,874,860,876,859,878,874,840,832,895,926,920,861,879,877,909,908,911,875,906,892,905,892,872,858,921,924,894,873,830,825,856,861,892,845,879,874,876,872,872,827,888,905,874,871,858,871,907,941,927,924,880,871,938,935,921,893,875,907,874,861,878,860,846,906,919,920,871,862,925,923,907,893,860,920,905,910,875,877,858,895,922,953,950,904,889,922,907,887,847,856,905,893,911,921,874,843,903,909,908,845,873,902,903,876,874,841,872,879,889,926,862,847,904,910,894,903,903,872,892,889,894,870,905,879,904,902,889,842,879,905,903,905,880,889,919,921,925,941,895,877,938,908,908,861,856,890,858,856,890,862,841,879,892,910,873,861,924,891,890,846,829,874,856,854,845,863,860,906,909,938,940,893,893,937,920,922,877,863,920,911,942,927,877,864,927,937,909,871,878,936,925,925,923,888,924,895,936,935,892,860,894,873,843,831,841,841,873,888,859,809,844,827,872,878,872,825,893,907,919,893,894,906,926,903,906,927,872,841,878,863,859,809,796,864,0.00244140625,0.01886055460530075,0.016164985700436375,0.015746597164645604,0.031988944051092184,0.037314400731528904,0.03102027377786834,0.01188039556698871,0.017469281074217108,0.03756910949545184,0.027793455997573647,0.016105881350068987,0.029133659941750583,0.013810679320049757,0.011134525635733769,0.029002426572104487,0.0013810679320049757,0.015625,0.02763861659782208,0.010786485368346935,0.01313830473347042,0.010563138502335907,0.007627196949127592,0.015440808887540914,0.0021836601342771385,0.011759369705851851,0.005940197783494355,0.017469281074217108,0.010918300671385692,0.010918300671385692,0.005258950006967289,0.02489755621871477,0.01179984958358845,0.009765625,0.013282686043686957,0.00390625,0.007437278423695223,0.015776850020901866,0.0068359375,0.005524271728019903,0.005524271728019903,0.011920464468489943,0.009212872199274027,0.00834375365753665,0.014906579611790769,0.01441877251975918,0.04433421665162565,0.05651420428214956,0.023212625632821705,0.013566839833447074,0.003521046167445302,0.0029296875,0.0013810679320049757,0.01242961138804478,0.004367320268554277,0.007437278423695223,0.009264485332524549,0.00966747552403483,0.006253051013118016,0.00390625,0.0029296875,0.012506102026236032,0.006253051013118016,0.0009765625,0.03828573395295441,0.003521046167445302,0.006176323555016366,0.0021836601342771385,0.005940197783494355,0.0068359375,0.022881590847382775,0.0029296875,0.0048828125,0.0029296875,0.0013810679320049757,0.0021836601342771385,0.001953125,0.0021836601342771385,0.006253051013118016,0.015746597164645604,0.005524271728019903,0.011759369705851851,0.007873298582322802,0.005940197783494355,0.007873298582322802,0.00834375365753665,0.003088161777508183,0.003521046167445302,0.009264485332524549,0.009003461384075085,0.005258950006967289,0.003521046167445302,0.0027621358640099515,0.03057124187987994,0.0087890625,0.0048828125,0.007042092334890604,0.0009765625,0.001953125,0.009212872199274027,0.007873298582322802,0.005524271728019903,0.005258950006967289,0.0009765625,0.0021836601342771385,0.004026470337517247,0.004026470337517247,0.00390625,0.009264485332524549,0.003088161777508183,0.004026470337517247,0.008734640537108554,0.004979511243742954,0.0021836601342771385,0.0146484375,0.009003461384075085,0.005258950006967289,0.0013810679320049757,0.0013810679320049757,0.010381001770248682,0.004026470337517247,0.001953125,0.007437278423695223,0.0021836601342771385,0.007873298582322802,0.016630260122975003,0.005524271728019903,0.005258950006967289,0.0146484375,1,1,0.0
27.34375,12.517032623291016,5.0,0.11496097594499588,0.5264515280723572,17.96875,24.268939971923828,15.375049591064453,18.359375,0.30523744225502014,0.014285877346992493,214.0,3349.0,195181.625,15.649532318115234,0.579801619052887,1.6249393224716187,4.134793281555176,0.0009118097368627787,0.0,0.2728936970233917,910,905,922,888,848,875,894,910,874,856,905,911,906,908,857,917,904,890,888,890,862,925,937,907,877,830,832,890,891,891,874,860,876,859,878,874,840,832,895,926,920,861,879,877,909,908,911,875,906,892,905,892,872,858,921,924,894,873,830,825,856,861,892,845,879,874,876,872,872,827,888,905,874,871,858,871,907,941,927,924,880,871,938,935,921,893,875,907,874,861,878,860,846,906,919,920,871,862,925,923,907,893,860,920,905,910,875,877,858,895,922,953,950,904,889,922,907,887,847,856,905,893,911,921,874,843,903,909,908,845,873,902,903,876,874,841,872,879,889,926,862,847,904,910,894,903,903,872,892,889,894,870,905,879,904,902,889,842,879,905,903,905,880,889,919,921,925,941,895,877,938,908,908,861,856,890,858,856,890,862,841,879,892,910,873,861,924,891,890,846,829,874,856,854,845,863,860,906,909,938,940,893,893,937,920,922,877,863,920,911,942,927,877,864,927,937,909,871,878,936,925,925,923,888,924,895,936,935,892,860,894,873,843,831,841,841,873,888,859,809,844,827,872,878,872,825,893,907,919,893,894,906,926,903,906,927,0.00146484375,0.01313830473347042,0.014517645261053229,0.015440808887540914,0.0283875817456028,0.04254496271639056,0.035814689103305174,0.0166015625,0.013282686043686957,0.03527810911755555,0.025781989809461104,0.011920464468489943,0.02376079113397742,0.013810679320049757,0.016716057391234072,0.0242573092741684,0.00390625,0.017686299097924643,0.025390625,0.005524271728019903,0.009959022487485907,0.012732817197661424,0.004026470337517247,0.0146484375,0.0013810679320049757,0.015440808887540914,0.008843149548962322,0.01760523083722651,0.014084184669781208,0.008400708268596315,0.0048828125,0.022777155839239456,0.009765625,0.009959022487485907,0.0146484375,0.001953125,0.007873298582322802,0.01875915303935405,0.006905339660024878,0.009003461384075085,0.004979511243742954,0.010381001770248682,0.005524271728019903,0.0048828125,0.015625,0.012506102026236032,0.04236525774117942,0.057971961248655585,0.024119314521930602,0.015440808887540914,0.006253051013118016,0.0065509804028314154,0.0021836601342771385,0.013671875,0.005940197783494355,0.011759369705851851,0.006905339660024878,0.005694288959809864,0.006253051013118016,0.004979511243742954,0.005258950006967289,0.010786485368346935,0.004367320268554277,0.0041432037960149265,0.034402177644157296,0.003088161777508183,0.003521046167445302,0.003521046167445302,0.004026470337517247,0.007437278423695223,0.02108108705558877,0.0021836601342771385,0.0027621358640099515,0.003088161777508183,0.0021836601342771385,0.0027621358640099515,0.003088161777508183,0.0029296875,0.007437278423695223,0.01516032685181643,0.005258950006967289,0.010381001770248682,0.009212872199274027,0.006905339660024878,0.009264485332524549,0.0068359375,0.0027621358640099515,0.0021836601342771385,0.007437278423695223,0.009003461384075085,0.005694288959809864,0.0009765625,0.0027621358640099515,0.03144773864864183,0.007627196949127592,0.004979511243742954,0.009765625,0.0021836601342771385,0.004979511243742954,0.01019561182510796,0.006253051013118016,0.003088161777508183,0.007873298582322802,0.0021836601342771385,0.0009765625,0.005694288959809864,0.0027621358640099515,0.003088161777508183,0.007437278423695223,0.0041432037960149265,0.005859375,0.006905339660024878,0.00390625,0.0029296875,0.013282686043686957,0.009212872199274027,0.003521046167445302,0.0027621358640099515,0.001953125,0.009264485332524549,0.0048828125,0.0,0.005258950006967289,0.004026470337517247,0.007109482313750506,0.019186408891004394,0.003088161777508183,0.0021836601342771385,0.0107421875,1,1,0.0
27.34375,12.377227783203125,6.0,0.11103111505508423,0.5132886171340942,1.953125,28.698104858398438,15.319089889526367,18.359375,0.30152714252471924,0.014016308821737766,206.0,3524.0,196942.921875,17.106796264648438,0.5874417424201965,1.8566912412643433,4.544005870819092,0.00034105119993910193,0.0,0.27801358699798584,921,888,942,935,905,862,878,924,910,905,922,888,848,875,894,910,874,856,905,911,906,908,857,917,904,890,888,890,862,925,937,907,877,830,832,890,891,891,874,860,876,859,878,874,840,832,895,926,920,861,879,877,909,908,911,875,906,892,905,892,872,858,921,924,894,873,830,825,856,861,892,845,879,874,876,872,872,827,888,905,874,871,858,871,907,941,927,924,880,871,938,935,921,893,875,907,874,861,878,860,846,906,919,920,871,862,925,923,907,893,860,920,905,910,875,877,858,895,922,953,950,904,889,922,907,887,847,856,905,893,911,921,874,843,903,909,908,845,873,902,903,876,874,841,872,879,889,926,862,847,904,910,894,903,903,872,892,889,894,870,905,879,904,902,889,842,879,905,903,905,880,889,919,921,925,941,895,877,938,908,908,861,856,890,858,856,890,862,841,879,892,910,873,861,924,891,890,846,829,874,856,854,845,863,860,906,909,938,940,893,893,937,920,922,877,863,920,911,942,927,877,864,927,937,909,871,878,936,925,925,923,888,924,895,936,935,892,860,894,873,843,831,841,841,873,888,859,809,844,827,872,878,872,825,893,907,0.00341796875,0.011430371006562134,0.017387200990981306,0.011759369705851851,0.025465634395322848,0.04138597675862713,0.037057941330098196,0.013879560940968648,0.014906579611790769,0.03848449315476178,0.028854075591199527,0.0146484375,0.02765586378614511,0.0166015625,0.013982247132105814,0.0244140625,0.005258950006967289,0.021836601342771385,0.020132351687586234,0.004026470337517247,0.011759369705851851,0.018165112536853784,0.005859375,0.01313830473347042,0.005524271728019903,0.018961413905222265,0.012732817197661424,0.021417687694786434,0.017686299097924643,0.004979511243742954,0.00390625,0.020531050821902968,0.011759369705851851,0.01171875,0.014517645261053229,0.0,0.008286407592029853,0.018657200365764452,0.007437278423695223,0.009003461384075085,0.00390625,0.009003461384075085,0.0048828125,0.0029296875,0.016016815885602272,0.010517900013934578,0.04212823166039647,0.05873193341310506,0.024472586105745445,0.016253239235442616,0.008734640537108554,0.009212872199274027,0.006176323555016366,0.009765625,0.0029296875,0.008843149548962322,0.011759369705851851,0.01171875,0.003521046167445302,0.0065509804028314154,0.004026470337517247,0.013810679320049757,0.007109482313750506,0.0021836601342771385,0.03983608994994363,0.008400708268596315,0.004979511243742954,0.007627196949127592,0.0021836601342771385,0.007109482313750506,0.020132351687586234,0.006905339660024878,0.0021836601342771385,0.005524271728019903,0.004979511243742954,0.0048828125,0.006176323555016366,0.0048828125,0.009264485332524549,0.01516032685181643,0.006253051013118016,0.01179984958358845,0.007873298582322802,0.006253051013118016,0.010054326309557618,0.006905339660024878,0.004367320268554277,0.003088161777508183,0.0065509804028314154,0.008843149548962322,0.005524271728019903,0.0013810679320049757,0.0029296875,0.0322265625,0.007437278423695223,0.0048828125,0.009765625,0.0013810679320049757,0.004367320268554277,0.008286407592029853,0.007109482313750506,0.003521046167445302,0.006905339660024878,0.003088161777508183,0.001953125,0.006905339660024878,0.0029296875,0.003088161777508183,0.007042092334890604,0.0048828125,0.006176323555016366,0.0078125,0.00390625,0.003088161777508183,0.012506102026236032,0.009765625,0.0029296875,0.003088161777508183,0.0021836601342771385,0.0087890625,0.005524271728019903,0.0009765625,0.006253051013118016,0.0041432037960149265,0.00834375365753665,0.019236050394133015,0.003088161777508183,0.004026470337517247,0.0126953125,1,1,0.0
27.34375,12.330412864685059,6.0,0.1126488447189331,0.4984281361103058,17.96875,26.788761138916016,15.526840209960938,18.359375,0.2951631546020508,0.01455045398324728,222.0,3617.0,213879.328125,16.29279327392578,0.5921880006790161,1.9435787200927734,4.379201889038086,0.001721170381642878,0.0,0.30535945296287537,905,875,874,862,895,906,952,966,921,888,942,935,905,862,878,924,910,905,922,888,848,875,894,910,874,856,905,911,906,908,857,917,904,890,888,890,862,925,937,907,877,830,832,890,891,891,874,860,876,859,878,874,840,832,895,926,920,861,879,877,909,908,911,875,906,892,905,892,872,858,921,924,894,873,830,825,856,861,892,845,879,874,876,872,872,827,888,905,874,871,858,871,907,941,927,924,880,871,938,935,921,893,875,907,874,861,878,860,846,906,919,920,871,862,925,923,907,893,860,920,905,910,875,877,858,895,922,953,950,904,889,922,907,887,847,856,905,893,911,921,874,843,903,909,908,845,873,902,903,876,874,841,872,879,889,926,862,847,904,910,894,903,903,872,892,889,894,870,905,879,904,902,889,842,879,905,903,905,880,889,919,921,925,941,895,877,938,908,908,861,856,890,858,856,890,862,841,879,892,910,873,861,924,891,890,846,829,874,856,854,845,863,860,906,909,938,940,893,893,937,920,922,877,863,920,911,942,927,877,864,927,937,909,871,878,936,925,925,923,888,924,895,936,935,892,860,894,873,843,831,841,841,873,888,859,809,0.0009765625,0.013810679320049757,0.028588439781844624,0.005258950006967289,0.01760523083722651,0.03363120187055188,0.034402177644157296,0.004367320268554277,0.024119314521930602,0.03477440198196261,0.022269051271467537,0.011134525635733769,0.022032254243512652,0.020716018980074635,0.020899350155305366,0.02039122365021592,0.006905339660024878,0.017686299097924643,0.025559086578715626,0.006176323555016366,0.011430371006562134,0.015746597164645604,0.0078125,0.010054326309557618,0.007109482313750506,0.019773883526676354,0.0166015625,0.022714264354712906,0.021417687694786434,0.0027621358640099515,0.004026470337517247,0.019652941208494246,0.016630260122975003,0.014938533731228863,0.009003461384075085,0.007042092334890604,0.005524271728019903,0.011430371006562134,0.013101960805662831,0.009003461384075085,0.003088161777508183,0.013601941676937616,0.008052940675034493,0.005524271728019903,0.01878455474772592,0.012352647110032733,0.04555431167847891,0.056345202096686156,0.02003738723504218,0.011759369705851851,0.007873298582322802,0.007437278423695223,0.005940197783494355,0.008400708268596315,0.001953125,0.006176323555016366,0.009959022487485907,0.008843149548962322,0.005258950006967289,0.004367320268554277,0.0021836601342771385,0.012506102026236032,0.005694288959809864,0.0009765625,0.03773374821555011,0.006253051013118016,0.0041432037960149265,0.0065509804028314154,0.0021836601342771385,0.007437278423695223,0.020132351687586234,0.00390625,0.001953125,0.00390625,0.0027621358640099515,0.004026470337517247,0.0048828125,0.0048828125,0.01019561182510796,0.012079411012551739,0.0013810679320049757,0.008843149548962322,0.008400708268596315,0.00390625,0.005940197783494355,0.009814331661250869,0.005524271728019903,0.0009765625,0.005859375,0.005940197783494355,0.004026470337517247,0.0041432037960149265,0.004979511243742954,0.03234471711265468,0.005940197783494355,0.0048828125,0.00966747552403483,0.0021836601342771385,0.003088161777508183,0.009264485332524549,0.007627196949127592,0.004367320268554277,0.006176323555016366,0.0021836601342771385,0.001953125,0.005940197783494355,0.001953125,0.0013810679320049757,0.009003461384075085,0.005258950006967289,0.0065509804028314154,0.0065509804028314154,0.0021836601342771385,0.0048828125,0.010563138502335907,0.007873298582322802,0.004367320268554277,0.001953125,0.0021836601342771385,0.007873298582322802,0.005258950006967289,0.001953125,0.005524271728019903,0.003088161777508183,0.0065509804028314154,0.018165112536853784,0.005258950006967289,0.0013810679320049757,0.009765625,1,1,0.0
26.953125,11.964098930358887,7.0,0.13165965676307678,0.4299432635307312,17.96875,27.152080535888672,15.362009048461914,18.359375,0.26108524203300476,0.014016308821737766,206.0,3329.0,183669.59375,16.160194396972656,0.6072551012039185,1.5298713445663452,4.403171062469482,0.000151463522342965,0.0,0.2867746651172638,846,831,860,858,830,798,908,908,905,875,874,862,895,906,952,966,921,888,942,935,905,862,878,924,910,905,922,888,848,875,894,910,874,856,905,911,906,908,857,917,904,890,888,890,862,925,937,907,877,830,832,890,891,891,874,860,876,859,878,874,840,832,895,926,920,861,879,877,909,908,911,875,906,892,905,892,872,858,921,924,894,873,830,825,856,861,892,845,879,874,876,872,872,827,888,905,874,871,858,871,907,941,927,924,880,871,938,935,921,893,875,907,874,861,878,860,846,906,919,920,871,862,925,923,907,893,860,920,905,910,875,877,858,895,922,953,950,904,889,922,907,887,847,856,905,893,911,921,874,843,903,909,908,845,873,902,903,876,874,841,872,879,889,926,862,847,904,910,894,903,903,872,892,889,894,870,905,879,904,902,889,842,879,905,903,905,880,889,919,921,925,941,895,877,938,908,908,861,856,890,858,856,890,862,841,879,892,910,873,861,924,891,890,846,829,874,856,854,845,863,860,906,909,938,940,893,893,937,920,922,877,863,920,911,942,927,877,864,927,937,909,871,878,936,925,925,923,888,924,895,936,935,892,860,894,873,0.00244140625,0.011134525635733769,0.023478154844084585,0.009003461384075085,0.018961413905222265,0.036851488797096106,0.037186392118476116,0.006905339660024878,0.022140203220223895,0.03843489971514537,0.025465634395322848,0.013706707859002147,0.024954945974962183,0.023212625632821705,0.020899350155305366,0.01760523083722651,0.00834375365753665,0.019457869965987574,0.025353037081537442,0.004367320268554277,0.009618025197066508,0.013810679320049757,0.005258950006967289,0.01284467425582608,0.004367320268554277,0.0166015625,0.013566839833447074,0.019749754312653012,0.019918044974971814,0.001953125,0.006905339660024878,0.016716057391234072,0.015440808887540914,0.017304731588544287,0.011134525635733769,0.007437278423695223,0.010786485368346935,0.010918300671385692,0.013101960805662831,0.006176323555016366,0.006905339660024878,0.018425744398548053,0.013879560940968648,0.009264485332524549,0.021506558149946522,0.01284467425582608,0.048317644050206957,0.0534617800514492,0.016630260122975003,0.008400708268596315,0.006905339660024878,0.006176323555016366,0.004979511243742954,0.012079411012551739,0.005694288959809864,0.010054326309557618,0.0068359375,0.005940197783494355,0.004026470337517247,0.007109482313750506,0.005258950006967289,0.012079411012551739,0.009003461384075085,0.003521046167445302,0.040794137840244965,0.009212872199274027,0.006253051013118016,0.0087890625,0.0027621358640099515,0.009814331661250869,0.017469281074217108,0.003521046167445302,0.001953125,0.0009765625,0.0,0.004026470337517247,0.0029296875,0.006253051013118016,0.01179984958358845,0.010381001770248682,0.0009765625,0.0065509804028314154,0.007627196949127592,0.0048828125,0.004367320268554277,0.010381001770248682,0.009003461384075085,0.004026470337517247,0.004026470337517247,0.006253051013118016,0.007042092334890604,0.0021836601342771385,0.004979511243742954,0.0341098617120566,0.006176323555016366,0.004367320268554277,0.009765625,0.001953125,0.004026470337517247,0.008734640537108554,0.005859375,0.00390625,0.006905339660024878,0.0021836601342771385,0.0013810679320049757,0.004979511243742954,0.001953125,0.0013810679320049757,0.010054326309557618,0.006905339660024878,0.006905339660024878,0.005524271728019903,0.0027621358640099515,0.006253051013118016,0.009814331661250869,0.005694288959809864,0.005940197783494355,0.0013810679320049757,0.0009765625,0.009765625,0.003521046167445302,0.0009765625,0.004026470337517247,0.0041432037960149265,0.007873298582322802,0.019555648822754675,0.0029296875,0.0029296875,0.01171875,1,1,0.0
26.171875,12.137649536132812,7.0,0.11985992640256882,0.4605199992656708,17.96875,20.378103256225586,15.460607528686523,18.359375,0.2775190472602844,0.01435247901827097,216.0,2997.0,194750.453125,13.875,0.6026210188865662,1.2242647409439087,3.922433614730835,0.000902559666428715,0.0,0.28979653120040894,907,874,872,859,892,892,873,844,846,831,860,858,830,798,908,908,905,875,874,862,895,906,952,966,921,888,942,935,905,862,878,924,910,905,922,888,848,875,894,910,874,856,905,911,906,908,857,917,904,890,888,890,862,925,937,907,877,830,832,890,891,891,874,860,876,859,878,874,840,832,895,926,920,861,879,877,909,908,911,875,906,892,905,892,872,858,921,924,894,873,830,825,856,861,892,845,879,874,876,872,872,827,888,905,874,871,858,871,907,941,927,924,880,871,938,935,921,893,875,907,874,861,878,860,846,906,919,920,871,862,925,923,907,893,860,920,905,910,875,877,858,895,922,953,950,904,889,922,907,887,847,856,905,893,911,921,874,843,903,909,908,845,873,902,903,876,874,841,872,879,889,926,862,847,904,910,894,903,903,872,892,889,894,870,905,879,904,902,889,842,879,905,903,905,880,889,919,921,925,941,895,877,938,908,908,861,856,890,858,856,890,862,841,879,892,910,873,861,924,891,890,846,829,874,856,854,845,863,860,906,909,938,940,893,893,937,920,922,877,863,920,911,942,927,877,864,927,937,909,871,878,936,925,925,923,888,0.0009765625,0.009212872199274027,0.020762003540497363,0.0126953125,0.016572815184059706,0.03828573395295441,0.03983608994994363,0.006253051013118016,0.02627660946694084,0.036461239653504826,0.021945512748285382,0.010517900013934578,0.02108108705558877,0.019652941208494246,0.019555648822754675,0.022651198251451565,0.0048828125,0.020899350155305366,0.020600608505594715,0.0013810679320049757,0.007627196949127592,0.013982247132105814,0.0013810679320049757,0.016105881350068987,0.0013810679320049757,0.01284467425582608,0.016858082521125067,0.01708286687942959,0.024472586105745445,0.003088161777508183,0.009765625,0.017304731588544287,0.01933495104806966,0.016858082521125067,0.0078125,0.006905339660024878,0.005694288959809864,0.013706707859002147,0.009264485332524549,0.004367320268554277,0.003521046167445302,0.01792730444402912,0.014778072217208551,0.008843149548962322,0.01875915303935405,0.0126953125,0.04789140560640324,0.055000499376284075,0.014874556847390447,0.007109482313750506,0.009003461384075085,0.005940197783494355,0.006905339660024878,0.016164985700436375,0.007873298582322802,0.012732817197661424,0.00834375365753665,0.009003461384075085,0.0029296875,0.006905339660024878,0.003521046167445302,0.013601941676937616,0.006176323555016366,0.0,0.03853402276747824,0.006176323555016366,0.005940197783494355,0.007627196949127592,0.0027621358640099515,0.00834375365753665,0.017578125,0.005258950006967289,0.0013810679320049757,0.0013810679320049757,0.0021836601342771385,0.003088161777508183,0.0021836601342771385,0.006253051013118016,0.012506102026236032,0.010918300671385692,0.003521046167445302,0.007042092334890604,0.007042092334890604,0.006905339660024878,0.007042092334890604,0.009765625,0.008734640537108554,0.004367320268554277,0.004367320268554277,0.008286407592029853,0.005694288959809864,0.0027621358640099515,0.003088161777508183,0.032359456105040804,0.0065509804028314154,0.004367320268554277,0.009003461384075085,0.0021836601342771385,0.0027621358640099515,0.0065509804028314154,0.007109482313750506,0.0013810679320049757,0.008734640537108554,0.003088161777508183,0.0009765625,0.0048828125,0.0021836601342771385,0.0,0.008843149548962322,0.005859375,0.007109482313750506,0.007042092334890604,0.0013810679320049757,0.005258950006967289,0.009003461384075085,0.005940197783494355,0.007042092334890604,0.0009765625,0.0021836601342771385,0.011134525635733769,0.0027621358640099515,0.0013810679320049757,0.005694288959809864,0.0048828125,0.007437278423695223,0.018165112536853784,0.004979511243742954,0.0021836601342771385,0.009765625,1,1,0.0
25.78125,11.993753433227539,6.0,0.11014482378959656,0.4457283020019531,17.96875,22.781265258789062,15.412277221679688,18.359375,0.2743486762046814,0.014218964613974094,212.0,3172.0,197282.296875,14.962264060974121,0.6155065298080444,1.3189189434051514,4.146207809448242,0.00014740023470949382,0.0,0.27083730697631836,923,922,952,937,888,876,921,921,907,874,872,859,892,892,873,844,846,831,860,858,830,798,908,908,905,875,874,862,895,906,952,966,921,888,942,935,905,862,878,924,910,905,922,888,848,875,894,910,874,856,905,911,906,908,857,917,904,890,888,890,862,925,937,907,877,830,832,890,891,891,874,860,876,859,878,874,840,832,895,926,920,861,879,877,909,908,911,875,906,892,905,892,872,858,921,924,894,873,830,825,856,861,892,845,879,874,876,872,872,827,888,905,874,871,858,871,907,941,927,924,880,871,938,935,921,893,875,907,874,861,878,860,846,906,919,920,871,862,925,923,907,893,860,920,905,910,875,877,858,895,922,953,950,904,889,922,907,887,847,856,905,893,911,921,874,843,903,909,908,845,873,902,903,876,874,841,872,879,889,926,862,847,904,910,894,903,903,872,892,889,894,870,905,879,904,902,889,842,879,905,903,905,880,889,919,921,925,941,895,877,938,908,908,861,856,890,858,856,890,862,841,879,892,910,873,861,924,891,890,846,829,874,856,854,845,863,860,906,909,938,940,893,893,937,920,922,877,863,920,911,942,927,877,864,927,937,0.00048828125,0.008400708268596315,0.020132351687586234,0.01313830473347042,0.0166015625,0.03803582440263759,0.03984805813106087,0.005694288959809864,0.025633603024231812,0.036604814089826784,0.022798081113142094,0.010381001770248682,0.020108652619115236,0.019918044974971814,0.020132351687586234,0.023478154844084585,0.003088161777508183,0.023840928936979887,0.01792730444402912,0.0027621358640099515,0.004979511243742954,0.011134525635733769,0.006176323555016366,0.013879560940968648,0.006253051013118016,0.0170549308560283,0.01800692276815017,0.021836601342771385,0.020600608505594715,0.0027621358640099515,0.005694288959809864,0.014517645261053229,0.0170549308560283,0.022269051271467537,0.007627196949127592,0.013601941676937616,0.009765625,0.009814331661250869,0.016253239235442616,0.012352647110032733,0.005859375,0.01284467425582608,0.013810679320049757,0.012079411012551739,0.015440808887540914,0.015746597164645604,0.05097805912553979,0.05286081485439202,0.009814331661250869,0.0048828125,0.008400708268596315,0.0027621358640099515,0.0021836601342771385,0.01284467425582608,0.0021836601342771385,0.007109482313750506,0.009003461384075085,0.006176323555016366,0.005524271728019903,0.008400708268596315,0.006905339660024878,0.013810679320049757,0.008734640537108554,0.0027621358640099515,0.0369677602163041,0.005694288959809864,0.0048828125,0.005859375,0.004026470337517247,0.007627196949127592,0.017469281074217108,0.004979511243742954,0.0021836601342771385,0.0,0.0009765625,0.0021836601342771385,0.0021836601342771385,0.005859375,0.012732817197661424,0.010918300671385692,0.0048828125,0.008052940675034493,0.0065509804028314154,0.008052940675034493,0.008052940675034493,0.009003461384075085,0.007627196949127592,0.003088161777508183,0.005258950006967289,0.007627196949127592,0.005258950006967289,0.0027621358640099515,0.004367320268554277,0.033260520245950005,0.006905339660024878,0.004367320268554277,0.00966747552403483,0.0021836601342771385,0.0021836601342771385,0.005859375,0.007437278423695223,0.0013810679320049757,0.009765625,0.0029296875,0.0021836601342771385,0.004367320268554277,0.0009765625,0.0013810679320049757,0.007627196949127592,0.0041432037960149265,0.004979511243742954,0.007437278423695223,0.0009765625,0.007873298582322802,0.007627196949127592,0.0048828125,0.0068359375,0.0009765625,0.0009765625,0.009765625,0.0048828125,0.0009765625,0.005258950006967289,0.003088161777508183,0.007042092334890604,0.019652941208494246,0.0027621358640099515,0.003088161777508183,0.0126953125,1,1,0.0
26.953125,12.08458423614502,7.0,0.11489503085613251,0.4426870346069336,17.96875,21.56209945678711,15.38036060333252,18.359375,0.27159354090690613,0.014185389503836632,211.0,2930.0,197031.3125,13.886256217956543,0.6135114431381226,1.0752294063568115,4.06382417678833,3.689628283609636e-05,0.0,0.2710796594619751,876,841,859,876,877,886,887,877,923,922,952,937,888,876,921,921,907,874,872,859,892,892,873,844,846,831,860,858,830,798,908,908,905,875,874,862,895,906,952,966,921,888,942,935,905,862,878,924,910,905,922,888,848,875,894,910,874,856,905,911,906,908,857,917,904,890,888,890,862,925,937,907,877,830,832,890,891,891,874,860,876,859,878,874,840,832,895,926,920,861,879,877,909,908,911,875,906,892,905,892,872,858,921,924,894,873,830,825,856,861,892,845,879,874,876,872,872,827,888,905,874,871,858,871,907,941,927,924,880,871,938,935,921,893,875,907,874,861,878,860,846,906,919,920,871,862,925,923,907,893,860,920,905,910,875,877,858,895,922,953,950,904,889,922,907,887,847,856,905,893,911,921,874,843,903,909,908,845,873,902,903,876,874,841,872,879,889,926,862,847,904,910,894,903,903,872,892,889,894,870,905,879,904,902,889,842,879,905,903,905,880,889,919,921,925,941,895,877,938,908,908,861,856,890,858,856,890,862,841,879,892,910,873,861,924,891,890,846,829,874,856,854,845,863,860,906,909,938,940,893,893,937,920,922,877,863,0.00146484375,0.0068359375,0.020692988379313566,0.016164985700436375,0.010563138502335907,0.03294360897154883,0.03385729652999944,0.007109482313750506,0.020132351687586234,0.042275118792799535,0.02751758360079174,0.016105881350068987,0.019773883526676354,0.022777155839239456,0.023294649300540163,0.03014716609459596,0.006253051013118016,0.030289184412638327,0.01516032685181643,0.00834375365753665,0.0021836601342771385,0.005258950006967289,0.010381001770248682,0.007627196949127592,0.007873298582322802,0.020600608505594715,0.011920464468489943,0.016105881350068987,0.021035800027869155,0.0048828125,0.010918300671385692,0.014680953494504793,0.01933495104806966,0.016016815885602272,0.009212872199274027,0.008052940675034493,0.009212872199274027,0.008052940675034493,0.01708286687942959,0.011920464468489943,0.0065509804028314154,0.007873298582322802,0.010786485368346935,0.011048543456039806,0.01171875,0.015776850020901866,0.05011012347916992,0.053932426841734674,0.010054326309557618,0.0065509804028314154,0.008400708268596315,0.005694288959809864,0.004367320268554277,0.009765625,0.0009765625,0.005859375,0.007042092334890604,0.003521046167445302,0.004367320268554277,0.009959022487485907,0.007627196949127592,0.015746597164645604,0.006905339660024878,0.0021836601342771385,0.03773374821555011,0.005859375,0.005524271728019903,0.007042092334890604,0.003521046167445302,0.007873298582322802,0.01800692276815017,0.005859375,0.0021836601342771385,0.0009765625,0.0009765625,0.0027621358640099515,0.0009765625,0.004367320268554277,0.01284467425582608,0.01171875,0.005524271728019903,0.008052940675034493,0.007109482313750506,0.009959022487485907,0.008734640537108554,0.007437278423695223,0.006176323555016366,0.0009765625,0.005859375,0.006176323555016366,0.006905339660024878,0.0013810679320049757,0.0027621358640099515,0.03126525506559008,0.008052940675034493,0.005940197783494355,0.010563138502335907,0.0029296875,0.003088161777508183,0.006253051013118016,0.007109482313750506,0.0013810679320049757,0.009003461384075085,0.001953125,0.0009765625,0.004367320268554277,0.0021836601342771385,0.0,0.0087890625,0.004979511243742954,0.0048828125,0.008052940675034493,0.0009765625,0.007873298582322802,0.006176323555016366,0.003088161777508183,0.008400708268596315,0.0029296875,0.0013810679320049757,0.008286407592029853,0.005694288959809864,0.001953125,0.0041432037960149265,0.005258950006967289,0.009003461384075085,0.019918044974971814,0.003521046167445302,0.0021836601342771385,0.0107421875,1,1,0.0
26.5625,12.077393531799316,6.0,0.152198925614357,0.44701337814331055,17.96875,21.959653854370117,15.283854484558105,18.359375,0.26190388202667236,0.014151735231280327,210.0,3050.0,200352.3125,14.523809432983398,0.5858972072601318,1.1583744287490845,4.081021785736084,0.000334013719111681,0.0,0.2721617519855499,909,923,905,891,855,831,877,891,876,841,859,876,877,886,887,877,923,922,952,937,888,876,921,921,907,874,872,859,892,892,873,844,846,831,860,858,830,798,908,908,905,875,874,862,895,906,952,966,921,888,942,935,905,862,878,924,910,905,922,888,848,875,894,910,874,856,905,911,906,908,857,917,904,890,888,890,862,925,937,907,877,830,832,890,891,891,874,860,876,859,878,874,840,832,895,926,920,861,879,877,909,908,911,875,906,892,905,892,872,858,921,924,894,873,830,825,856,861,892,845,879,874,876,872,872,827,888,905,874,871,858,871,907,941,927,924,880,871,938,935,921,893,875,907,874,861,878,860,846,906,919,920,871,862,925,923,907,893,860,920,905,910,875,877,858,895,922,953,950,904,889,922,907,887,847,856,905,893,911,921,874,843,903,909,908,845,873,902,903,876,874,841,872,879,889,926,862,847,904,910,894,903,903,872,892,889,894,870,905,879,904,902,889,842,879,905,903,905,880,889,919,921,925,941,895,877,938,908,908,861,856,890,858,856,890,862,841,879,892,910,873,861,924,891,890,846,829,874,856,854,845,863,860,906,909,938,0.0009765625,0.011048543456039806,0.024647323172117114,0.02039122365021592,0.011920464468489943,0.02681548870653512,0.031035641761856844,0.0146484375,0.019652941208494246,0.04597110271851492,0.026868782211323446,0.012732817197661424,0.014874556847390447,0.0166015625,0.01878455474772592,0.026939676219011176,0.0048828125,0.026294750034836445,0.016630260122975003,0.005694288959809864,0.0027621358640099515,0.007437278423695223,0.009212872199274027,0.009765625,0.005859375,0.017953883116064683,0.014874556847390447,0.018961413905222265,0.0208765218031562,0.0021836601342771385,0.007873298582322802,0.013282686043686957,0.020108652619115236,0.022269051271467537,0.004367320268554277,0.012352647110032733,0.003088161777508183,0.014938533731228863,0.01019561182510796,0.005524271728019903,0.005524271728019903,0.01179984958358845,0.003088161777508183,0.007042092334890604,0.004367320268554277,0.0166015625,0.04835710313726542,0.05729351618700246,0.0126953125,0.012732817197661424,0.011920464468489943,0.010517900013934578,0.008734640537108554,0.0041432037960149265,0.006905339660024878,0.01171875,0.004367320268554277,0.006905339660024878,0.0021836601342771385,0.004979511243742954,0.0048828125,0.011430371006562134,0.010054326309557618,0.0048828125,0.03623823303765522,0.004979511243742954,0.005940197783494355,0.007109482313750506,0.00390625,0.008734640537108554,0.0166875073150733,0.004979511243742954,0.0021836601342771385,0.0009765625,0.0021836601342771385,0.003088161777508183,0.0029296875,0.004979511243742954,0.009959022487485907,0.013810679320049757,0.007042092334890604,0.008400708268596315,0.007873298582322802,0.011048543456039806,0.010918300671385692,0.005859375,0.004026470337517247,0.0021836601342771385,0.005258950006967289,0.007109482313750506,0.00834375365753665,0.0009765625,0.0009765625,0.03032065370363286,0.006253051013118016,0.004367320268554277,0.007873298582322802,0.0013810679320049757,0.004026470337517247,0.008052940675034493,0.005940197783494355,0.003521046167445302,0.0087890625,0.004026470337517247,0.001953125,0.0029296875,0.0029296875,0.0021836601342771385,0.006253051013118016,0.003521046167445302,0.0041432037960149265,0.009003461384075085,0.0027621358640099515,0.008843149548962322,0.007873298582322802,0.0048828125,0.005940197783494355,0.0009765625,0.0009765625,0.009765625,0.0041432037960149265,0.0,0.004979511243742954,0.00390625,0.0065509804028314154,0.019384212149686726,0.0029296875,0.003521046167445302,0.0126953125,1,1,0.0
26.5625,12.057334899902344,4.0,0.11897595971822739,0.44474291801452637,17.96875,28.096729278564453,15.43535041809082,18.359375,0.27121034264564514,0.013982247561216354,205.0,3442.0,207439.34375,16.79024314880371,0.6098136901855469,1.403752088546753,4.657923698425293,0.0001523867540527135,0.0,0.2773430347442627,938,896,906,928,910,891,878,875,909,923,905,891,855,831,877,891,876,841,859,876,877,886,887,877,923,922,952,937,888,876,921,921,907,874,872,859,892,892,873,844,846,831,860,858,830,798,908,908,905,875,874,862,895,906,952,966,921,888,942,935,905,862,878,924,910,905,922,888,848,875,894,910,874,856,905,911,906,908,857,917,904,890,888,890,862,925,937,907,877,830,832,890,891,891,874,860,876,859,878,874,840,832,895,926,920,861,879,877,909,908,911,875,906,892,905,892,872,858,921,924,894,873,830,825,856,861,892,845,879,874,876,872,872,827,888,905,874,871,858,871,907,941,927,924,880,871,938,935,921,893,875,907,874,861,878,860,846,906,919,920,871,862,925,923,907,893,860,920,905,910,875,877,858,895,922,953,950,904,889,922,907,887,847,856,905,893,911,921,874,843,903,909,908,845,873,902,903,876,874,841,872,879,889,926,862,847,904,910,894,903,903,872,892,889,894,870,905,879,904,902,889,842,879,905,903,905,880,889,919,921,925,941,895,877,938,908,908,861,856,890,858,856,890,862,841,879,892,910,873,861,924,891,890,846,829,874,0.00341796875,0.011759369705851851,0.012236293052872722,0.02489755621871477,0.0013810679320049757,0.023478154844084585,0.018961413905222265,0.022032254243512652,0.011759369705851851,0.05852860962410819,0.03434669022474409,0.018657200365764452,0.0065509804028314154,0.006176323555016366,0.01019561182510796,0.017469281074217108,0.0078125,0.018961413905222265,0.01188039556698871,0.011759369705851851,0.0065509804028314154,0.001953125,0.015655487833868553,0.006176323555016366,0.008286407592029853,0.014218964627501012,0.01516032685181643,0.019186408891004394,0.022881590847382775,0.003521046167445302,0.006905339660024878,0.011388577919619728,0.021836601342771385,0.023619895746968406,0.003088161777508183,0.010563138502335907,0.0048828125,0.013810679320049757,0.01019561182510796,0.004979511243742954,0.004367320268554277,0.013810679320049757,0.003521046167445302,0.0068359375,0.0009765625,0.018165112536853784,0.04938162843660364,0.057559226673013185,0.01284467425582608,0.0126953125,0.009765625,0.008734640537108554,0.005694288959809864,0.00834375365753665,0.0048828125,0.008400708268596315,0.007109482313750506,0.005694288959809864,0.0029296875,0.009765625,0.005694288959809864,0.014517645261053229,0.007437278423695223,0.003088161777508183,0.03931801199061991,0.007873298582322802,0.003521046167445302,0.004367320268554277,0.006176323555016366,0.010381001770248682,0.0166015625,0.004367320268554277,0.0013810679320049757,0.0,0.0021836601342771385,0.004026470337517247,0.0013810679320049757,0.004026470337517247,0.010563138502335907,0.013101960805662831,0.006905339660024878,0.009003461384075085,0.0065509804028314154,0.009814331661250869,0.010918300671385692,0.006253051013118016,0.0041432037960149265,0.0009765625,0.007109482313750506,0.005694288959809864,0.010381001770248682,0.003088161777508183,0.0013810679320049757,0.0283203125,0.005940197783494355,0.003088161777508183,0.006253051013118016,0.0013810679320049757,0.00390625,0.007873298582322802,0.00834375365753665,0.0013810679320049757,0.009212872199274027,0.003088161777508183,0.0,0.003088161777508183,0.003521046167445302,0.003521046167445302,0.006905339660024878,0.001953125,0.003521046167445302,0.008400708268596315,0.00390625,0.007109482313750506,0.009264485332524549,0.0048828125,0.009003461384075085,0.0027621358640099515,0.0013810679320049757,0.008052940675034493,0.005940197783494355,0.004367320268554277,0.003521046167445302,0.006905339660024878,0.008286407592029853,0.016164985700436375,0.005694288959809864,0.0065509804028314154,0.015625,1,1,0.0
26.953125,12.138724327087402,4.0,0.06996450573205948,0.47102150321006775,18.359375,29.95345687866211,15.832367897033691,3.515625,0.29779762029647827,0.013948102481663227,204.0,3592.0,271219.5625,17.60784339904785,0.6322378516197205,1.0339666604995728,5.027003765106201,0.0018703003879636526,-14.84375,0.2638518512248993,912,889,863,874,861,910,926,940,938,896,906,928,910,891,878,875,909,923,905,891,855,831,877,891,876,841,859,876,877,886,887,877,923,922,952,937,888,876,921,921,907,874,872,859,892,892,873,844,846,831,860,858,830,798,908,908,905,875,874,862,895,906,952,966,921,888,942,935,905,862,878,924,910,905,922,888,848,875,894,910,874,856,905,911,906,908,857,917,904,890,888,890,862,925,937,907,877,830,832,890,891,891,874,860,876,859,878,874,840,832,895,926,920,861,879,877,909,908,911,875,906,892,905,892,872,858,921,924,894,873,830,825,856,861,892,845,879,874,876,872,872,827,888,905,874,871,858,871,907,941,927,924,880,871,938,935,921,893,875,907,874,861,878,860,846,906,919,920,871,862,925,923,907,893,860,920,905,910,875,877,858,895,922,953,950,904,889,922,907,887,847,856,905,893,911,921,874,843,903,909,908,845,873,902,903,876,874,841,872,879,889,926,862,847,904,910,894,903,903,872,892,889,894,870,905,879,904,902,889,842,879,905,903,905,880,889,919,921,925,941,895,877,938,908,908,861,856,890,858,856,890,862,841,879,892,910,0.0,0.011388577919619728,0.011759369705851851,0.026654968874914416,0.0021836601342771385,0.02286074201312427,0.018165112536853784,0.022714264354712906,0.011759369705851851,0.05937789106859477,0.03452669830012439,0.019236050394133015,0.006176323555016366,0.006253051013118016,0.010786485368346935,0.016858082521125067,0.0078125,0.017953883116064683,0.012732817197661424,0.012079411012551739,0.007437278423695223,0.001953125,0.0170549308560283,0.005940197783494355,0.009212872199274027,0.013601941676937616,0.016630260122975003,0.020132351687586234,0.023457836229422487,0.0065509804028314154,0.010786485368346935,0.009003461384075085,0.024472586105745445,0.02229045353615884,0.0065509804028314154,0.007109482313750506,0.00834375365753665,0.010054326309557618,0.012732817197661424,0.006253051013118016,0.006253051013118016,0.0185546875,0.007042092334890604,0.010918300671385692,0.005859375,0.023619895746968406,0.053932426841734674,0.052734375,0.009003461384075085,0.009003461384075085,0.005258950006967289,0.003088161777508183,0.0021836601342771385,0.009003461384075085,0.0029296875,0.006905339660024878,0.003088161777508183,0.005694288959809864,0.0021836601342771385,0.004367320268554277,0.0048828125,0.010786485368346935,0.009618025197066508,0.00390625,0.0369677602163041,0.005694288959809864,0.004026470337517247,0.005694288959809864,0.0048828125,0.007873298582322802,0.01708286687942959,0.005694288959809864,0.0029296875,0.0009765625,0.0021836601342771385,0.0027621358640099515,0.0021836601342771385,0.0048828125,0.010563138502335907,0.012506102026236032,0.006905339660024878,0.009003461384075085,0.006253051013118016,0.009212872199274027,0.010918300671385692,0.005940197783494355,0.004026470337517247,0.0029296875,0.007873298582322802,0.0065509804028314154,0.01179984958358845,0.00390625,0.001953125,0.0300838316420886,0.004367320268554277,0.0009765625,0.007873298582322802,0.0013810679320049757,0.0021836601342771385,0.005524271728019903,0.007042092334890604,0.0021836601342771385,0.0065509804028314154,0.004026470337517247,0.0021836601342771385,0.0,0.005524271728019903,0.0048828125,0.004367320268554277,0.001953125,0.005694288959809864,0.006253051013118016,0.003521046167445302,0.006253051013118016,0.007109482313750506,0.0021836601342771385,0.009618025197066508,0.0041432037960149265,0.0041432037960149265,0.007627196949127592,0.003088161777508183,0.004026470337517247,0.007042092334890604,0.001953125,0.0048828125,0.02108108705558877,0.0013810679320049757,0.004026470337517247,0.01171875,1,1,0.0
25.390625,11.933911323547363,5.0,0.07121402025222778,0.4857073426246643,17.96875,28.670202255249023,15.399635314941406,3.515625,0.30363863706588745,0.013982247561216354,205.0,3697.0,272306.59375,18.034147262573242,0.6251473426818848,1.212131142616272,4.887885093688965,0.0,0.0,0.2548171579837799,831,816,891,925,904,894,876,927,912,889,863,874,861,910,926,940,938,896,906,928,910,891,878,875,909,923,905,891,855,831,877,891,876,841,859,876,877,886,887,877,923,922,952,937,888,876,921,921,907,874,872,859,892,892,873,844,846,831,860,858,830,798,908,908,905,875,874,862,895,906,952,966,921,888,942,935,905,862,878,924,910,905,922,888,848,875,894,910,874,856,905,911,906,908,857,917,904,890,888,890,862,925,937,907,877,830,832,890,891,891,874,860,876,859,878,874,840,832,895,926,920,861,879,877,909,908,911,875,906,892,905,892,872,858,921,924,894,873,830,825,856,861,892,845,879,874,876,872,872,827,888,905,874,871,858,871,907,941,927,924,880,871,938,935,921,893,875,907,874,861,878,860,846,906,919,920,871,862,925,923,907,893,860,920,905,910,875,877,858,895,922,953,950,904,889,922,907,887,847,856,905,893,911,921,874,843,903,909,908,845,873,902,903,876,874,841,872,879,889,926,862,847,904,910,894,903,903,872,892,889,894,870,905,879,904,902,889,842,879,905,903,905,880,889,919,921,925,941,895,877,938,908,908,861,856,890,0.00146484375,0.014218964627501012,0.009264485332524549,0.02751758360079174,0.004026470337517247,0.020320949264340638,0.016630260122975003,0.02417855156863271,0.014680953494504793,0.056623785212204,0.031158312760827766,0.0170549308560283,0.0078125,0.008052940675034493,0.00966747552403483,0.020716018980074635,0.01019561182510796,0.014874556847390447,0.015776850020901866,0.013879560940968648,0.010918300671385692,0.005859375,0.020899350155305366,0.009765625,0.0107421875,0.00834375365753665,0.021439939843847802,0.025855863857175247,0.01953125,0.007627196949127592,0.012506102026236032,0.011388577919619728,0.020899350155305366,0.020531050821902968,0.0048828125,0.013282686043686957,0.003088161777508183,0.014874556847390447,0.010563138502335907,0.007873298582322802,0.0013810679320049757,0.01441877251975918,0.009003461384075085,0.006253051013118016,0.006176323555016366,0.022032254243512652,0.05306788347341221,0.05406488490494691,0.011920464468489943,0.011430371006562134,0.001953125,0.0013810679320049757,0.004026470337517247,0.01188039556698871,0.006176323555016366,0.0087890625,0.0013810679320049757,0.009765625,0.004979511243742954,0.0027621358640099515,0.006905339660024878,0.013982247132105814,0.008400708268596315,0.0013810679320049757,0.03869455616437295,0.008400708268596315,0.0027621358640099515,0.004026470337517247,0.005940197783494355,0.009618025197066508,0.016630260122975003,0.0048828125,0.0021836601342771385,0.0,0.001953125,0.003088161777508183,0.0009765625,0.004026470337517247,0.011134525635733769,0.012506102026236032,0.006253051013118016,0.008400708268596315,0.006905339660024878,0.009618025197066508,0.011388577919619728,0.0048828125,0.00390625,0.0021836601342771385,0.0065509804028314154,0.005258950006967289,0.01171875,0.003521046167445302,0.0021836601342771385,0.02847144479904932,0.005694288959809864,0.0013810679320049757,0.007042092334890604,0.0021836601342771385,0.0013810679320049757,0.006176323555016366,0.006905339660024878,0.003088161777508183,0.005940197783494355,0.00390625,0.0027621358640099515,0.0009765625,0.005694288959809864,0.005258950006967289,0.004026470337517247,0.0013810679320049757,0.005940197783494355,0.005694288959809864,0.003521046167445302,0.0041432037960149265,0.006253051013118016,0.0021836601342771385,0.010517900013934578,0.004979511243742954,0.004979511243742954,0.007042092334890604,0.0021836601342771385,0.00390625,0.00834375365753665,0.0021836601342771385,0.005940197783494355,0.019384212149686726,0.001953125,0.00390625,0.0126953125,1,1,0.0
25.0,11.722061157226562,4.0,0.08771336078643799,0.44082891941070557,18.359375,27.367795944213867,15.437309265136719,3.515625,0.27911871671676636,0.014050288125872612,207.0,3362.0,254442.359375,16.241546630859375,0.6331679224967957,1.096900463104248,4.7938313484191895,0.0003383713192306459,0.0,0.25600799918174744,906,890,912,873,825,844,871,877,831,816,891,925,904,894,876,927,912,889,863,874,861,910,926,940,938,896,906,928,910,891,878,875,909,923,905,891,855,831,877,891,876,841,859,876,877,886,887,877,923,922,952,937,888,876,921,921,907,874,872,859,892,892,873,844,846,831,860,858,830,798,908,908,905,875,874,862,895,906,952,966,921,888,942,935,905,862,878,924,910,905,922,888,848,875,894,910,874,856,905,911,906,908,857,917,904,890,888,890,862,925,937,907,877,830,832,890,891,891,874,860,876,859,878,874,840,832,895,926,920,861,879,877,909,908,911,875,906,892,905,892,872,858,921,924,894,873,830,825,856,861,892,845,879,874,876,872,872,827,888,905,874,871,858,871,907,941,927,924,880,871,938,935,921,893,875,907,874,861,878,860,846,906,919,920,871,862,925,923,907,893,860,920,905,910,875,877,858,895,922,953,950,904,889,922,907,887,847,856,905,893,911,921,874,843,903,909,908,845,873,902,903,876,874,841,872,879,889,926,862,847,904,910,894,903,903,872,892,889,894,870,905,879,904,902,889,842,879,905,903,905,880,889,919,921,925,941,0.00146484375,0.008052940675034493,0.016164985700436375,0.024158822025103478,0.007873298582322802,0.023940723969006372,0.010786485368346935,0.0300838316420886,0.019457869965987574,0.056892623686052766,0.026002982335340524,0.013982247132105814,0.01019561182510796,0.01179984958358845,0.0087890625,0.021836601342771385,0.013282686043686957,0.01313830473347042,0.015440808887540914,0.016164985700436375,0.0126953125,0.006905339660024878,0.020132351687586234,0.009618025197066508,0.0087890625,0.008286407592029853,0.0208765218031562,0.02378085090212094,0.0185546875,0.0048828125,0.009264485332524549,0.01171875,0.022714264354712906,0.022482157096135425,0.005694288959809864,0.008843149548962322,0.008400708268596315,0.013282686043686957,0.00834375365753665,0.001953125,0.00834375365753665,0.010517900013934578,0.005258950006967289,0.001953125,0.006253051013118016,0.018425744398548053,0.04894517221149089,0.057971961248655585,0.016630260122975003,0.014906579611790769,0.005694288959809864,0.007042092334890604,0.009003461384075085,0.011430371006562134,0.009618025197066508,0.0126953125,0.0048828125,0.009003461384075085,0.003521046167445302,0.0065509804028314154,0.004367320268554277,0.012236293052872722,0.010517900013934578,0.003521046167445302,0.036604814089826784,0.008734640537108554,0.003521046167445302,0.003088161777508183,0.006253051013118016,0.010054326309557618,0.0170549308560283,0.005694288959809864,0.0027621358640099515,0.0021836601342771385,0.0013810679320049757,0.0013810679320049757,0.003521046167445302,0.0041432037960149265,0.008843149548962322,0.014874556847390447,0.008734640537108554,0.010381001770248682,0.007627196949127592,0.010054326309557618,0.014680953494504793,0.0009765625,0.0027621358640099515,0.0027621358640099515,0.004979511243742954,0.0041432037960149265,0.011759369705851851,0.006905339660024878,0.0048828125,0.0283875817456028,0.003521046167445302,0.0013810679320049757,0.009212872199274027,0.0021836601342771385,0.003088161777508183,0.007042092334890604,0.0065509804028314154,0.0021836601342771385,0.007109482313750506,0.003088161777508183,0.003521046167445302,0.0009765625,0.004979511243742954,0.004026470337517247,0.0048828125,0.0021836601342771385,0.0048828125,0.005859375,0.005524271728019903,0.0029296875,0.006253051013118016,0.001953125,0.009765625,0.0048828125,0.0041432037960149265,0.009814331661250869,0.003521046167445302,0.001953125,0.005258950006967289,0.005940197783494355,0.004026470337517247,0.02132844694125152,0.0009765625,0.005524271728019903,0.0087890625,1,1,0.0
25.390625,11.8011474609375,4.0,0.09315180033445358,0.44303423166275024,3.515625,30.33523178100586,15.548500061035156,18.359375,0.2784166932106018,0.014151735231280327,210.0,3524.0,255784.171875,16.78095245361328,0.628431499004364,1.0383028984069824,5.02241325378418,0.0003338774258736521,14.84375,0.28360432386398315,872,830,875,857,840,814,844,922,906,890,912,873,825,844,871,877,831,816,891,925,904,894,876,927,912,889,863,874,861,910,926,940,938,896,906,928,910,891,878,875,909,923,905,891,855,831,877,891,876,841,859,876,877,886,887,877,923,922,952,937,888,876,921,921,907,874,872,859,892,892,873,844,846,831,860,858,830,798,908,908,905,875,874,862,895,906,952,966,921,888,942,935,905,862,878,924,910,905,922,888,848,875,894,910,874,856,905,911,906,908,857,917,904,890,888,890,862,925,937,907,877,830,832,890,891,891,874,860,876,859,878,874,840,832,895,926,920,861,879,877,909,908,911,875,906,892,905,892,872,858,921,924,894,873,830,825,856,861,892,845,879,874,876,872,872,827,888,905,874,871,858,871,907,941,927,924,880,871,938,935,921,893,875,907,874,861,878,860,846,906,919,920,871,862,925,923,907,893,860,920,905,910,875,877,858,895,922,953,950,904,889,922,907,887,847,856,905,893,911,921,874,843,903,909,908,845,873,902,903,876,874,841,872,879,889,926,862,847,904,910,894,903,903,872,892,889,894,870,905,879,904,902,889,842,879,905,0.0009765625,0.0013810679320049757,0.023640075072090243,0.0244140625,0.01680141653719263,0.025390625,0.0048828125,0.035061177873078594,0.027413415718004295,0.04723979149393681,0.027500249688142037,0.02161713244255728,0.004979511243742954,0.0048828125,0.005524271728019903,0.014874556847390447,0.005940197783494355,0.020762003540497363,0.017686299097924643,0.011920464468489943,0.014938533731228863,0.011759369705851851,0.02777629424478104,0.0166875073150733,0.011920464468489943,0.006176323555016366,0.022545696055889054,0.022881590847382775,0.020600608505594715,0.0013810679320049757,0.006176323555016366,0.010054326309557618,0.025781989809461104,0.021506558149946522,0.0087890625,0.009003461384075085,0.0087890625,0.014874556847390447,0.006905339660024878,0.0021836601342771385,0.008734640537108554,0.008734640537108554,0.0065509804028314154,0.0021836601342771385,0.009003461384075085,0.018961413905222265,0.05045152872300582,0.05669111435039059,0.0170549308560283,0.0146484375,0.007109482313750506,0.007437278423695223,0.009003461384075085,0.005859375,0.005940197783494355,0.007627196949127592,0.0027621358640099515,0.006905339660024878,0.005258950006967289,0.0009765625,0.009814331661250869,0.016716057391234072,0.006253051013118016,0.0027621358640099515,0.04216217411117754,0.009212872199274027,0.006253051013118016,0.008734640537108554,0.0009765625,0.0048828125,0.01760523083722651,0.0065509804028314154,0.003521046167445302,0.0021836601342771385,0.0041432037960149265,0.0048828125,0.0029296875,0.003521046167445302,0.012732817197661424,0.0126953125,0.006905339660024878,0.009959022487485907,0.005524271728019903,0.008400708268596315,0.01313830473347042,0.003521046167445302,0.0009765625,0.003088161777508183,0.004367320268554277,0.004367320268554277,0.010054326309557618,0.005524271728019903,0.00390625,0.02847144479904932,0.003521046167445302,0.0013810679320049757,0.008734640537108554,0.0027621358640099515,0.0013810679320049757,0.005258950006967289,0.007109482313750506,0.0029296875,0.007042092334890604,0.004367320268554277,0.0027621358640099515,0.001953125,0.004367320268554277,0.003521046167445302,0.005258950006967289,0.0,0.005940197783494355,0.005258950006967289,0.0065509804028314154,0.0048828125,0.004367320268554277,0.0013810679320049757,0.0078125,0.0029296875,0.0021836601342771385,0.0065509804028314154,0.004979511243742954,0.004367320268554277,0.007627196949127592,0.003088161777508183,0.00390625,0.021836601342771385,0.0021836601342771385,0.003088161777508183,0.01171875,1,1,0.0
25.0,11.661014556884766,5.0,0.10380205512046814,0.4584898054599762,17.96875,23.033626556396484,15.236995697021484,18.359375,0.2817281484603882,0.014484762214124203,220.0,3370.0,235860.71875,15.318181991577148,0.6144698262214661,1.2626452445983887,4.2161760330200195,0.0001420000771759078,0.0,0.24765527248382568,874,888,877,890,895,891,908,920,872,830,875,857,840,814,844,922,906,890,912,873,825,844,871,877,831,816,891,925,904,894,876,927,912,889,863,874,861,910,926,940,938,896,906,928,910,891,878,875,909,923,905,891,855,831,877,891,876,841,859,876,877,886,887,877,923,922,952,937,888,876,921,921,907,874,872,859,892,892,873,844,846,831,860,858,830,798,908,908,905,875,874,862,895,906,952,966,921,888,942,935,905,862,878,924,910,905,922,888,848,875,894,910,874,856,905,911,906,908,857,917,904,890,888,890,862,925,937,907,877,830,832,890,891,891,874,860,876,859,878,874,840,832,895,926,920,861,879,877,909,908,911,875,906,892,905,892,872,858,921,924,894,873,830,825,856,861,892,845,879,874,876,872,872,827,888,905,874,871,858,871,907,941,927,924,880,871,938,935,921,893,875,907,874,861,878,860,846,906,919,920,871,862,925,923,907,893,860,920,905,910,875,877,858,895,922,953,950,904,889,922,907,887,847,856,905,893,911,921,874,843,903,909,908,845,873,902,903,876,874,841,872,879,889,926,862,847,904,910,894,903,903,872,892,889,894,870,0.00146484375,0.0013810679320049757,0.023619895746968406,0.025031260972609954,0.016858082521125067,0.024724587697601882,0.005940197783494355,0.03521046167445302,0.0264394265052361,0.048808589842186716,0.02580047815160724,0.02039122365021592,0.0065509804028314154,0.0068359375,0.004367320268554277,0.01313830473347042,0.007437278423695223,0.021836601342771385,0.01760523083722651,0.01019561182510796,0.01441877251975918,0.013282686043686957,0.029813159223581537,0.01792730444402912,0.01313830473347042,0.006905339660024878,0.022032254243512652,0.019773883526676354,0.023212625632821705,0.004367320268554277,0.007873298582322802,0.007627196949127592,0.025465634395322848,0.019457869965987574,0.006905339660024878,0.010054326309557618,0.007042092334890604,0.012079411012551739,0.009618025197066508,0.0009765625,0.01019561182510796,0.009618025197066508,0.007437278423695223,0.0048828125,0.011048543456039806,0.019749754312653012,0.05168405711874704,0.05596308117927501,0.016370170521718956,0.012236293052872722,0.0065509804028314154,0.006905339660024878,0.007873298582322802,0.006176323555016366,0.004026470337517247,0.007042092334890604,0.001953125,0.00834375365753665,0.005940197783494355,0.0,0.010381001770248682,0.01708286687942959,0.005694288959809864,0.0021836601342771385,0.0412127887617367,0.008286407592029853,0.0048828125,0.0068359375,0.003521046167445302,0.006253051013118016,0.01680141653719263,0.007437278423695223,0.0029296875,0.001953125,0.004026470337517247,0.005258950006967289,0.004026470337517247,0.0013810679320049757,0.01242961138804478,0.010786485368346935,0.0041432037960149265,0.007873298582322802,0.006253051013118016,0.00834375365753665,0.009765625,0.004979511243742954,0.0009765625,0.005258950006967289,0.0021836601342771385,0.005694288959809864,0.009814331661250869,0.0068359375,0.006253051013118016,0.029264304812054096,0.003088161777508183,0.001953125,0.009212872199274027,0.0021836601342771385,0.0013810679320049757,0.005859375,0.006253051013118016,0.003521046167445302,0.007042092334890604,0.0041432037960149265,0.0013810679320049757,0.0,0.0048828125,0.004026470337517247,0.007042092334890604,0.0021836601342771385,0.004979511243742954,0.007627196949127592,0.00834375365753665,0.005694288959809864,0.0021836601342771385,0.0041432037960149265,0.005694288959809864,0.0013810679320049757,0.003088161777508183,0.004026470337517247,0.0041432037960149265,0.0048828125,0.007627196949127592,0.0029296875,0.006176323555016366,0.01953125,0.0021836601342771385,0.006176323555016366,0.0087890625,1,1,0.0
25.0,11.503419876098633,5.0,0.11256666481494904,0.47023245692253113,17.96875,22.83921241760254,15.005597114562988,18.359375,0.2838326394557953,0.014418772421777248,218.0,3284.0,239758.6875,15.064220428466797,0.6036006808280945,1.172438383102417,4.242292404174805,0.0003221303632017225,0.0,0.2548266053199768,939,906,909,873,876,828,890,888,874,888,877,890,895,891,908,920,872,830,875,857,840,814,844,922,906,890,912,873,825,844,871,877,831,816,891,925,904,894,876,927,912,889,863,874,861,910,926,940,938,896,906,928,910,891,878,875,909,923,905,891,855,831,877,891,876,841,859,876,877,886,887,877,923,922,952,937,888,876,921,921,907,874,872,859,892,892,873,844,846,831,860,858,830,798,908,908,905,875,874,862,895,906,952,966,921,888,942,935,905,862,878,924,910,905,922,888,848,875,894,910,874,856,905,911,906,908,857,917,904,890,888,890,862,925,937,907,877,830,832,890,891,891,874,860,876,859,878,874,840,832,895,926,920,861,879,877,909,908,911,875,906,892,905,892,872,858,921,924,894,873,830,825,856,861,892,845,879,874,876,872,872,827,888,905,874,871,858,871,907,941,927,924,880,871,938,935,921,893,875,907,874,861,878,860,846,906,919,920,871,862,925,923,907,893,860,920,905,910,875,877,858,895,922,953,950,904,889,922,907,887,847,856,905,893,911,921,874,843,903,909,908,845,873,902,903,876,874,841,872,879,889,926,862,847,904,910,0.00146484375,0.001953125,0.024492062898407135,0.023478154844084585,0.018165112536853784,0.02489755621871477,0.0068359375,0.03485657870620068,0.0244140625,0.049957638915736964,0.026939676219011176,0.01727715430952552,0.009212872199274027,0.010054326309557618,0.0009765625,0.011430371006562134,0.00966747552403483,0.025855863857175247,0.018961413905222265,0.011759369705851851,0.018528970665049098,0.01708286687942959,0.03014716609459596,0.018165112536853784,0.009003461384075085,0.00834375365753665,0.020716018980074635,0.024119314521930602,0.018425744398548053,0.0021836601342771385,0.004979511243742954,0.01179984958358845,0.027981540589637505,0.019457869965987574,0.009618025197066508,0.01188039556698871,0.005859375,0.013282686043686957,0.010786485368346935,0.0021836601342771385,0.009959022487485907,0.010054326309557618,0.006905339660024878,0.006176323555016366,0.01171875,0.020132351687586234,0.051767024533978793,0.055937513639139395,0.016105881350068987,0.012236293052872722,0.007873298582322802,0.005694288959809864,0.005694288959809864,0.008286407592029853,0.00390625,0.009003461384075085,0.0,0.008052940675034493,0.00390625,0.0021836601342771385,0.009003461384075085,0.01708286687942959,0.006905339660024878,0.003521046167445302,0.04311277354422679,0.009003461384075085,0.007109482313750506,0.007627196949127592,0.0021836601342771385,0.005694288959809864,0.016253239235442616,0.005694288959809864,0.001953125,0.0009765625,0.0027621358640099515,0.004026470337517247,0.003521046167445302,0.0021836601342771385,0.011388577919619728,0.01019561182510796,0.003088161777508183,0.005694288959809864,0.007627196949127592,0.0087890625,0.008400708268596315,0.007627196949127592,0.003521046167445302,0.007627196949127592,0.0013810679320049757,0.005694288959809864,0.013566839833447074,0.008843149548962322,0.005524271728019903,0.03057124187987994,0.0048828125,0.001953125,0.00834375365753665,0.0048828125,0.0021836601342771385,0.006253051013118016,0.0065509804028314154,0.0021836601342771385,0.0068359375,0.0048828125,0.003521046167445302,0.0009765625,0.004367320268554277,0.004367320268554277,0.0048828125,0.0021836601342771385,0.003521046167445302,0.009212872199274027,0.010918300671385692,0.007873298582322802,0.0021836601342771385,0.005694288959809864,0.0048828125,0.0041432037960149265,0.005694288959809864,0.005859375,0.0009765625,0.001953125,0.003088161777508183,0.005859375,0.0027621358640099515,0.0234375,0.001953125,0.0021836601342771385,0.0126953125,1,1,0.0
25.0,11.864604949951172,5.0,0.12539099156856537,0.4460621774196625,17.96875,21.630468368530273,15.363520622253418,18.359375,0.26978784799575806,0.014778072014451027,229.0,3281.0,251061.125,14.327510833740234,0.6048211455345154,1.1676156520843506,4.121766567230225,0.00030599755700677633,0.0,0.2516515552997589,908,928,926,908,937,941,951,907,939,906,909,873,876,828,890,888,874,888,877,890,895,891,908,920,872,830,875,857,840,814,844,922,906,890,912,873,825,844,871,877,831,816,891,925,904,894,876,927,912,889,863,874,861,910,926,940,938,896,906,928,910,891,878,875,909,923,905,891,855,831,877,891,876,841,859,876,877,886,887,877,923,922,952,937,888,876,921,921,907,874,872,859,892,892,873,844,846,831,860,858,830,798,908,908,905,875,874,862,895,906,952,966,921,888,942,935,905,862,878,924,910,905,922,888,848,875,894,910,874,856,905,911,906,908,857,917,904,890,888,890,862,925,937,907,877,830,832,890,891,891,874,860,876,859,878,874,840,832,895,926,920,861,879,877,909,908,911,875,906,892,905,892,872,858,921,924,894,873,830,825,856,861,892,845,879,874,876,872,872,827,888,905,874,871,858,871,907,941,927,924,880,871,938,935,921,893,875,907,874,861,878,860,846,906,919,920,871,862,925,923,907,893,860,920,905,910,875,877,858,895,922,953,950,904,889,922,907,887,847,856,905,893,911,921,874,843,903,909,908,845,873,902,903,876,874,841,0.00341796875,0.011759369705851851,0.0283875817456028,0.016105881350068987,0.02833714478231818,0.030835260554388563,0.016105881350068987,0.031143005310746045,0.018528970665049098,0.05731847887042652,0.026939676219011176,0.009814331661250869,0.017304731588544287,0.016858082521125067,0.008052940675034493,0.004367320268554277,0.006905339660024878,0.027010384152225255,0.02231183527108567,0.013566839833447074,0.01680141653719263,0.013566839833447074,0.028738162049926096,0.018425744398548053,0.010381001770248682,0.008286407592029853,0.021417687694786434,0.023294649300540163,0.018528970665049098,0.0021836601342771385,0.004026470337517247,0.010786485368346935,0.029813159223581537,0.01680141653719263,0.007873298582322802,0.010918300671385692,0.00834375365753665,0.011430371006562134,0.009003461384075085,0.0027621358640099515,0.008286407592029853,0.011134525635733769,0.003088161777508183,0.005940197783494355,0.011134525635733769,0.01589728573837862,0.05045152872300582,0.055672628178668845,0.016716057391234072,0.007627196949127592,0.0068359375,0.0021836601342771385,0.003521046167445302,0.010918300671385692,0.008400708268596315,0.010786485368346935,0.004367320268554277,0.0048828125,0.007042092334890604,0.0021836601342771385,0.011759369705851851,0.01800692276815017,0.0048828125,0.0013810679320049757,0.0400390625,0.009003461384075085,0.004367320268554277,0.007873298582322802,0.0021836601342771385,0.003521046167445302,0.017578125,0.006905339660024878,0.003088161777508183,0.0029296875,0.001953125,0.0,0.0065509804028314154,0.005694288959809864,0.010563138502335907,0.008734640537108554,0.001953125,0.006905339660024878,0.008400708268596315,0.0048828125,0.010563138502335907,0.0065509804028314154,0.0048828125,0.005859375,0.006176323555016366,0.003088161777508183,0.010054326309557618,0.004367320268554277,0.005694288959809864,0.02734375,0.0021836601342771385,0.0027621358640099515,0.007627196949127592,0.003088161777508183,0.0021836601342771385,0.003088161777508183,0.003521046167445302,0.004026470337517247,0.009003461384075085,0.003088161777508183,0.004367320268554277,0.004026470337517247,0.001953125,0.0029296875,0.006176323555016366,0.0,0.004367320268554277,0.008734640537108554,0.009212872199274027,0.007873298582322802,0.0013810679320049757,0.005940197783494355,0.004979511243742954,0.004026470337517247,0.006253051013118016,0.006176323555016366,0.0,0.0013810679320049757,0.004026470337517247,0.005694288959809864,0.0021836601342771385,0.022482157096135425,0.0021836601342771385,0.0021836601342771385,0.01171875,1,1,0.0
25.0,11.688518524169922,4.0,0.12808279693126678,0.5652331113815308,18.359375,23.938838958740234,14.211861610412598,3.515625,0.3148646056652069,0.01487455703318119,232.0,3445.0,274498.9375,14.849138259887695,0.5570526123046875,1.059999942779541,4.344490051269531,0.001646394724957645,-14.84375,0.24252666532993317,875,877,906,909,858,847,895,920,908,928,926,908,937,941,951,907,939,906,909,873,876,828,890,888,874,888,877,890,895,891,908,920,872,830,875,857,840,814,844,922,906,890,912,873,825,844,871,877,831,816,891,925,904,894,876,927,912,889,863,874,861,910,926,940,938,896,906,928,910,891,878,875,909,923,905,891,855,831,877,891,876,841,859,876,877,886,887,877,923,922,952,937,888,876,921,921,907,874,872,859,892,892,873,844,846,831,860,858,830,798,908,908,905,875,874,862,895,906,952,966,921,888,942,935,905,862,878,924,910,905,922,888,848,875,894,910,874,856,905,911,906,908,857,917,904,890,888,890,862,925,937,907,877,830,832,890,891,891,874,860,876,859,878,874,840,832,895,926,920,861,879,877,909,908,911,875,906,892,905,892,872,858,921,924,894,873,830,825,856,861,892,845,879,874,876,872,872,827,888,905,874,871,858,871,907,941,927,924,880,871,938,935,921,893,875,907,874,861,878,860,846,906,919,920,871,862,925,923,907,893,860,920,905,910,875,877,858,895,922,953,950,904,889,922,907,887,847,856,905,893,911,921,874,843,903,909,0.00146484375,0.007109482313750506,0.024954945974962183,0.015625,0.0244140625,0.032638232357555474,0.013706707859002147,0.0341796875,0.021417687694786434,0.05721856279410255,0.029264304812054096,0.005524271728019903,0.020108652619115236,0.01792730444402912,0.010381001770248682,0.005524271728019903,0.005859375,0.025409398107925172,0.020600608505594715,0.0126953125,0.0170549308560283,0.014778072217208551,0.028721564784868637,0.0170549308560283,0.010054326309557618,0.005524271728019903,0.024433585943743757,0.022798081113142094,0.021836601342771385,0.003521046167445302,0.007437278423695223,0.011430371006562134,0.027964494264211628,0.020132351687586234,0.0126953125,0.015440808887540914,0.0021836601342771385,0.007627196949127592,0.01528562093993997,0.0068359375,0.014517645261053229,0.007873298582322802,0.008734640537108554,0.009765625,0.010517900013934578,0.012506102026236032,0.049909891949924366,0.05373756442264689,0.0166015625,0.001953125,0.005694288959809864,0.004026470337517247,0.009765625,0.009264485332524549,0.007873298582322802,0.005258950006967289,0.003088161777508183,0.009003461384075085,0.003521046167445302,0.0029296875,0.01019561182510796,0.018961413905222265,0.004026470337517247,0.0048828125,0.0386328914938525,0.006176323555016366,0.0013810679320049757,0.006253051013118016,0.00390625,0.0029296875,0.01792730444402912,0.006176323555016366,0.0029296875,0.0021836601342771385,0.0009765625,0.0,0.005940197783494355,0.004979511243742954,0.010918300671385692,0.010517900013934578,0.003088161777508183,0.006176323555016366,0.008400708268596315,0.004979511243742954,0.01284467425582608,0.007437278423695223,0.004979511243742954,0.005258950006967289,0.005859375,0.004367320268554277,0.009212872199274027,0.006176323555016366,0.0068359375,0.028721564784868637,0.0013810679320049757,0.0021836601342771385,0.007627196949127592,0.0027621358640099515,0.0009765625,0.004026470337517247,0.0048828125,0.004026470337517247,0.008734640537108554,0.0013810679320049757,0.004026470337517247,0.003088161777508183,0.003088161777508183,0.001953125,0.005694288959809864,0.0,0.004367320268554277,0.00834375365753665,0.009765625,0.0065509804028314154,0.0021836601342771385,0.006905339660024878,0.004367320268554277,0.0041432037960149265,0.006905339660024878,0.007109482313750506,0.0,0.0013810679320049757,0.004367320268554277,0.005258950006967289,0.0027621358640099515,0.02231183527108567,0.0009765625,0.003088161777508183,0.01171875,1,1,0.0
25.0,11.676410675048828,4.0,0.12180556356906891,0.5549057722091675,18.359375,23.109882354736328,14.228034019470215,3.515625,0.31340494751930237,0.014938533306121826,234.0,3433.0,262117.8125,14.670940399169922,0.5647894740104675,1.133751630783081,4.2297892570495605,0.00030026023159734905,0.0,0.24031205475330353,903,841,828,864,871,872,878,832,875,877,906,909,858,847,895,920,908,928,926,908,937,941,951,907,939,906,909,873,876,828,890,888,874,888,877,890,895,891,908,920,872,830,875,857,840,814,844,922,906,890,912,873,825,844,871,877,831,816,891,925,904,894,876,927,912,889,863,874,861,910,926,940,938,896,906,928,910,891,878,875,909,923,905,891,855,831,877,891,876,841,859,876,877,886,887,877,923,922,952,937,888,876,921,921,907,874,872,859,892,892,873,844,846,831,860,858,830,798,908,908,905,875,874,862,895,906,952,966,921,888,942,935,905,862,878,924,910,905,922,888,848,875,894,910,874,856,905,911,906,908,857,917,904,890,888,890,862,925,937,907,877,830,832,890,891,891,874,860,876,859,878,874,840,832,895,926,920,861,879,877,909,908,911,875,906,892,905,892,872,858,921,924,894,873,830,825,856,861,892,845,879,874,876,872,872,827,888,905,874,871,858,871,907,941,927,924,880,871,938,935,921,893,875,907,874,861,878,860,846,906,919,920,871,862,925,923,907,893,860,920,905,910,875,877,858,895,922,953,950,904,889,922,907,887,847,856,0.00146484375,0.007437278423695223,0.02489755621871477,0.01680141653719263,0.022545696055889054,0.0324624416769427,0.01284467425582608,0.03669588716417175,0.024119314521930602,0.058070581044212914,0.0316291694154329,0.0048828125,0.024492062898407135,0.020132351687586234,0.0126953125,0.011134525635733769,0.004026470337517247,0.02231183527108567,0.01875915303935405,0.013282686043686957,0.024647323172117114,0.017953883116064683,0.02003738723504218,0.010054326309557618,0.018347943582085875,0.009765625,0.019555648822754675,0.01589728573837862,0.019628663322501738,0.005859375,0.0029296875,0.0146484375,0.03401186477982031,0.014938533731228863,0.0027621358640099515,0.005258950006967289,0.011388577919619728,0.017304731588544287,0.014517645261053229,0.008052940675034493,0.018528970665049098,0.001953125,0.0170549308560283,0.01188039556698871,0.011430371006562134,0.008286407592029853,0.04835710313726542,0.05490504998777577,0.018165112536853784,0.006176323555016366,0.00834375365753665,0.0087890625,0.013982247132105814,0.004026470337517247,0.003521046167445302,0.005940197783494355,0.0,0.006253051013118016,0.004026470337517247,0.001953125,0.010563138502335907,0.017304731588544287,0.005940197783494355,0.0048828125,0.03984805813106087,0.0048828125,0.0009765625,0.005940197783494355,0.005694288959809864,0.001953125,0.01708286687942959,0.0041432037960149265,0.0,0.0,0.001953125,0.003088161777508183,0.00390625,0.008052940675034493,0.008843149548962322,0.010786485368346935,0.005694288959809864,0.010054326309557618,0.007042092334890604,0.0009765625,0.0126953125,0.004979511243742954,0.0029296875,0.005940197783494355,0.005694288959809864,0.0021836601342771385,0.011430371006562134,0.004367320268554277,0.0065509804028314154,0.028854075591199527,0.0,0.0021836601342771385,0.005694288959809864,0.0041432037960149265,0.0009765625,0.005524271728019903,0.006253051013118016,0.004979511243742954,0.010381001770248682,0.0009765625,0.005940197783494355,0.005258950006967289,0.0009765625,0.004026470337517247,0.004026470337517247,0.001953125,0.00390625,0.008843149548962322,0.009264485332524549,0.006176323555016366,0.0027621358640099515,0.005859375,0.003088161777508183,0.005524271728019903,0.007873298582322802,0.00834375365753665,0.001953125,0.0009765625,0.005258950006967289,0.00390625,0.004026470337517247,0.021683206358568866,0.0013810679320049757,0.001953125,0.0126953125,1,1,0.0
23.828125,11.758984565734863,4.0,0.13556568324565887,1.0275319814682007,18.359375,45.114994049072266,11.854249954223633,1.5625,0.43808624148368835,0.01685808226466179,298.0,6761.0,569092.5,22.68791961669922,0.4263480603694916,2.1915721893310547,5.822610378265381,2.62013309111353e-05,0.0,0.22452802956104279,887,845,860,920,909,909,906,845,876,855,861,863,826,827,888,905,894,877,843,828,862,872,891,845,893,892,909,908,904,859,895,910,909,907,894,894,938,954,938,942,889,873,958,968,959,921,896,937,918,911,940,910,886,921,911,920,879,875,926,909,889,874,844,906,888,890,843,857,840,875,879,875,855,796,780,813,826,839,826,829,894,909,959,941,925,891,957,921,903,841,828,864,871,872,878,832,875,877,906,909,858,847,895,920,908,928,926,908,937,941,951,907,939,906,909,873,876,828,890,888,874,888,877,890,895,891,908,920,872,830,875,857,840,814,844,922,906,890,912,873,825,844,871,877,831,816,891,925,904,894,876,927,912,889,863,874,861,910,926,940,938,896,906,928,910,891,878,875,909,923,905,891,855,831,877,891,876,841,859,876,877,886,887,877,923,922,952,937,888,876,921,921,907,874,872,859,892,892,873,844,846,831,860,858,830,798,908,908,905,875,874,862,895,906,952,966,921,888,942,935,905,862,878,924,910,905,922,888,848,875,894,910,874,856,905,911,906,908,857,917,904,890,888,890,862,925,937,907,877,830,832,890,891,891,874,860,0.00341796875,0.008843149548962322,0.01242961138804478,0.030289184412638327,0.07474372311778302,0.02833714478231818,0.013566839833447074,0.03460946317708857,0.028985980624327792,0.025855863857175247,0.05490504998777577,0.006905339660024878,0.04018171994422067,0.029313146523053973,0.009814331661250869,0.012732817197661424,0.011388577919619728,0.014938533731228863,0.02039122365021592,0.03434669022474409,0.027203883353875233,0.019918044974971814,0.0065509804028314154,0.031035641761856844,0.004367320268554277,0.010517900013934578,0.011759369705851851,0.02681548870653512,0.01875915303935405,0.006253051013118016,0.0041432037960149265,0.008843149548962322,0.01953125,0.019236050394133015,0.009264485332524549,0.007109482313750506,0.006176323555016366,0.012352647110032733,0.02161713244255728,0.013982247132105814,0.008734640537108554,0.005258950006967289,0.010517900013934578,0.013601941676937616,0.004026470337517247,0.025781989809461104,0.04226383790699688,0.05551824376387459,0.017387200990981306,0.00834375365753665,0.012236293052872722,0.005694288959809864,0.016716057391234072,0.004979511243742954,0.003088161777508183,0.005940197783494355,0.007042092334890604,0.0048828125,0.007109482313750506,0.004367320268554277,0.0021836601342771385,0.021035800027869155,0.005859375,0.009003461384075085,0.03623823303765522,0.006253051013118016,0.0013810679320049757,0.007109482313750506,0.00390625,0.0048828125,0.01875915303935405,0.0021836601342771385,0.0048828125,0.003088161777508183,0.0013810679320049757,0.0009765625,0.005859375,0.005258950006967289,0.005258950006967289,0.01188039556698871,0.004979511243742954,0.0065509804028314154,0.010918300671385692,0.009765625,0.011134525635733769,0.006176323555016366,0.0013810679320049757,0.0048828125,0.0027621358640099515,0.003521046167445302,0.006176323555016366,0.009003461384075085,0.008052940675034493,0.029749113694780893,0.0021836601342771385,0.001953125,0.008734640537108554,0.003521046167445302,0.003521046167445302,0.007437278423695223,0.004979511243742954,0.004367320268554277,0.005694288959809864,0.0027621358640099515,0.003521046167445302,0.004979511243742954,0.004367320268554277,0.005940197783494355,0.0048828125,0.006176323555016366,0.0029296875,0.01188039556698871,0.0009765625,0.008286407592029853,0.0048828125,0.0013810679320049757,0.0021836601342771385,0.00390625,0.005694288959809864,0.007873298582322802,0.006253051013118016,0.003088161777508183,0.005859375,0.003088161777508183,0.007627196949127592,0.020132351687586234,0.006176323555016366,0.003088161777508183,0.01171875,1,1,1.0
23.828125,11.515496253967285,4.0,0.1474011242389679,0.9577967524528503,18.359375,34.25877380371094,12.034331321716309,1.5625,0.4171099066734314,0.016801416873931885,296.0,5858.0,503702.4375,19.79054069519043,0.4354889690876007,1.8125,5.041068077087402,0.001290220650844276,0.0,0.23215681314468384,907,879,895,879,829,813,875,891,887,845,860,920,909,909,906,845,876,855,861,863,826,827,888,905,894,877,843,828,862,872,891,845,893,892,909,908,904,859,895,910,909,907,894,894,938,954,938,942,889,873,958,968,959,921,896,937,918,911,940,910,886,921,911,920,879,875,926,909,889,874,844,906,888,890,843,857,840,875,879,875,855,796,780,813,826,839,826,829,894,909,959,941,925,891,957,921,903,841,828,864,871,872,878,832,875,877,906,909,858,847,895,920,908,928,926,908,937,941,951,907,939,906,909,873,876,828,890,888,874,888,877,890,895,891,908,920,872,830,875,857,840,814,844,922,906,890,912,873,825,844,871,877,831,816,891,925,904,894,876,927,912,889,863,874,861,910,926,940,938,896,906,928,910,891,878,875,909,923,905,891,855,831,877,891,876,841,859,876,877,886,887,877,923,922,952,937,888,876,921,921,907,874,872,859,892,892,873,844,846,831,860,858,830,798,908,908,905,875,874,862,895,906,952,966,921,888,942,935,905,862,878,924,910,905,922,888,848,875,894,910,874,856,905,911,906,908,857,917,904,890,888,890,862,925,937,907,0.00146484375,0.005694288959809864,0.016105881350068987,0.03521046167445302,0.07605284168920913,0.025465634395322848,0.01179984958358845,0.03539954875076535,0.025465634395322848,0.0244140625,0.05715185503281067,0.007437278423695223,0.03891573993197515,0.03014716609459596,0.009212872199274027,0.012236293052872722,0.012236293052872722,0.015746597164645604,0.0185803687406645,0.0328130812820536,0.030289184412638327,0.01878455474772592,0.001953125,0.03618556115947052,0.001953125,0.0166015625,0.0078125,0.0208765218031562,0.013028968812623373,0.00390625,0.00834375365753665,0.01019561182510796,0.02108108705558877,0.0107421875,0.004026470337517247,0.004367320268554277,0.016370170521718956,0.009618025197066508,0.01188039556698871,0.01019561182510796,0.003521046167445302,0.010381001770248682,0.004026470337517247,0.015440808887540914,0.010786485368346935,0.025012204052472065,0.04239901044158674,0.056446664127415724,0.01878455474772592,0.00834375365753665,0.011048543456039806,0.0021836601342771385,0.020600608505594715,0.0021836601342771385,0.003088161777508183,0.011134525635733769,0.003088161777508183,0.0021836601342771385,0.010786485368346935,0.003088161777508183,0.0048828125,0.019555648822754675,0.0048828125,0.008052940675034493,0.0352916230460794,0.007042092334890604,0.0013810679320049757,0.006905339660024878,0.004367320268554277,0.005258950006967289,0.019186408891004394,0.003521046167445302,0.004026470337517247,0.0009765625,0.004026470337517247,0.001953125,0.003088161777508183,0.003521046167445302,0.004026470337517247,0.012079411012551739,0.005694288959809864,0.009212872199274027,0.006905339660024878,0.007109482313750506,0.010381001770248682,0.007873298582322802,0.0021836601342771385,0.007042092334890604,0.0029296875,0.0,0.004367320268554277,0.010381001770248682,0.009765625,0.031988944051092184,0.0009765625,0.003521046167445302,0.010054326309557618,0.0041432037960149265,0.0027621358640099515,0.007042092334890604,0.004367320268554277,0.004979511243742954,0.003521046167445302,0.0009765625,0.0021836601342771385,0.007109482313750506,0.003521046167445302,0.006905339660024878,0.006176323555016366,0.0048828125,0.0021836601342771385,0.01284467425582608,0.0013810679320049757,0.008400708268596315,0.00390625,0.0029296875,0.0013810679320049757,0.0065509804028314154,0.004026470337517247,0.011134525635733769,0.005694288959809864,0.003088161777508183,0.009264485332524549,0.0021836601342771385,0.007109482313750506,0.02003738723504218,0.004979511243742954,0.0021836601342771385,0.0126953125,1,1,1.0
23.828125,11.809024810791016,4.0,0.15959976613521576,1.012890338897705,3.90625,34.30389404296875,12.12848949432373,1.5625,0.4228910207748413,0.01688634417951107,299.0,6065.0,544470.1875,20.28428077697754,0.41750919818878174,1.7708029747009277,5.0750508308410645,0.00023512814368586987,0.0,0.20248156785964966,839,800,828,908,857,863,857,862,907,879,895,879,829,813,875,891,887,845,860,920,909,909,906,845,876,855,861,863,826,827,888,905,894,877,843,828,862,872,891,845,893,892,909,908,904,859,895,910,909,907,894,894,938,954,938,942,889,873,958,968,959,921,896,937,918,911,940,910,886,921,911,920,879,875,926,909,889,874,844,906,888,890,843,857,840,875,879,875,855,796,780,813,826,839,826,829,894,909,959,941,925,891,957,921,903,841,828,864,871,872,878,832,875,877,906,909,858,847,895,920,908,928,926,908,937,941,951,907,939,906,909,873,876,828,890,888,874,888,877,890,895,891,908,920,872,830,875,857,840,814,844,922,906,890,912,873,825,844,871,877,831,816,891,925,904,894,876,927,912,889,863,874,861,910,926,940,938,896,906,928,910,891,878,875,909,923,905,891,855,831,877,891,876,841,859,876,877,886,887,877,923,922,952,937,888,876,921,921,907,874,872,859,892,892,873,844,846,831,860,858,830,798,908,908,905,875,874,862,895,906,952,966,921,888,942,935,905,862,878,924,910,905,922,888,848,875,894,910,874,856,905,911,906,908,857,917,0.00048828125,0.0065509804028314154,0.026654968874914416,0.04144354526156825,0.07015634787367894,0.027621358640099514,0.0208765218031562,0.04428040644044779,0.027151247606362977,0.023640075072090243,0.05078125,0.0068359375,0.04293544518941525,0.0224609375,0.017953883116064683,0.00834375365753665,0.013706707859002147,0.021945512748285382,0.0166015625,0.03452669830012439,0.03168941550700772,0.024647323172117114,0.005258950006967289,0.03648738611771368,0.006176323555016366,0.013982247132105814,0.011430371006562134,0.023047702580480365,0.01589728573837862,0.0027621358640099515,0.003088161777508183,0.012236293052872722,0.017304731588544287,0.012079411012551739,0.0009765625,0.008052940675034493,0.01800692276815017,0.013101960805662831,0.009003461384075085,0.009765625,0.005940197783494355,0.014517645261053229,0.006176323555016366,0.019749754312653012,0.01589728573837862,0.028920103310470405,0.04572148402624854,0.05258950006967289,0.01516032685181643,0.0048828125,0.006176323555016366,0.004026470337517247,0.01516032685181643,0.001953125,0.0013810679320049757,0.007627196949127592,0.005258950006967289,0.00390625,0.007873298582322802,0.0048828125,0.0027621358640099515,0.019384212149686726,0.008286407592029853,0.008286407592029853,0.03837281778200879,0.005859375,0.0029296875,0.004979511243742954,0.003521046167445302,0.006905339660024878,0.018961413905222265,0.0027621358640099515,0.0021836601342771385,0.004026470337517247,0.004026470337517247,0.003521046167445302,0.0065509804028314154,0.004026470337517247,0.007042092334890604,0.008734640537108554,0.003088161777508183,0.0065509804028314154,0.010381001770248682,0.009765625,0.010517900013934578,0.005258950006967289,0.0029296875,0.003088161777508183,0.003521046167445302,0.003521046167445302,0.00834375365753665,0.007873298582322802,0.0068359375,0.030508787796510367,0.004367320268554277,0.004026470337517247,0.009959022487485907,0.004026470337517247,0.006176323555016366,0.007873298582322802,0.0021836601342771385,0.004979511243742954,0.0048828125,0.0021836601342771385,0.0009765625,0.006905339660024878,0.003088161777508183,0.006905339660024878,0.007042092334890604,0.0048828125,0.0021836601342771385,0.013601941676937616,0.0013810679320049757,0.008286407592029853,0.003521046167445302,0.0013810679320049757,0.0,0.005258950006967289,0.004367320268554277,0.00834375365753665,0.007042092334890604,0.001953125,0.007627196949127592,0.0021836601342771385,0.004367320268554277,0.017304731588544287,0.007042092334890604,0.0021836601342771385,0.015625,1,1,1.0
23.828125,11.509322166442871,7.0,0.1639348417520523,1.0529879331588745,18.359375,23.824716567993164,11.731359481811523,1.5625,0.42882204055786133,0.01722186803817749,311.0,5161.0,468709.15625,16.5948543548584,0.40724310278892517,1.7796552181243896,4.088852882385254,2.506265627744142e-05,0.0,0.214240163564682,844,831,824,828,825,828,857,846,839,800,828,908,857,863,857,862,907,879,895,879,829,813,875,891,887,845,860,920,909,909,906,845,876,855,861,863,826,827,888,905,894,877,843,828,862,872,891,845,893,892,909,908,904,859,895,910,909,907,894,894,938,954,938,942,889,873,958,968,959,921,896,937,918,911,940,910,886,921,911,920,879,875,926,909,889,874,844,906,888,890,843,857,840,875,879,875,855,796,780,813,826,839,826,829,894,909,959,941,925,891,957,921,903,841,828,864,871,872,878,832,875,877,906,909,858,847,895,920,908,928,926,908,937,941,951,907,939,906,909,873,876,828,890,888,874,888,877,890,895,891,908,920,872,830,875,857,840,814,844,922,906,890,912,873,825,844,871,877,831,816,891,925,904,894,876,927,912,889,863,874,861,910,926,940,938,896,906,928,910,891,878,875,909,923,905,891,855,831,877,891,876,841,859,876,877,886,887,877,923,922,952,937,888,876,921,921,907,874,872,859,892,892,873,844,846,831,860,858,830,798,908,908,905,875,874,862,895,906,952,966,921,888,942,935,905,862,878,924,910,905,922,888,848,875,894,910,0.0,0.0234375,0.04244397228925924,0.04756170180424188,0.05472236611766367,0.04293544518941525,0.033332125323976586,0.04664044506351388,0.041524007080994726,0.03819845159298427,0.04531292093015696,0.01800692276815017,0.03102027377786834,0.033673710253059895,0.013982247132105814,0.010054326309557618,0.014906579611790769,0.0166875073150733,0.01933495104806966,0.031988944051092184,0.03155370004180373,0.019457869965987574,0.0013810679320049757,0.0377211092106015,0.0041432037960149265,0.01589728573837862,0.009765625,0.021836601342771385,0.014680953494504793,0.003521046167445302,0.0065509804028314154,0.01171875,0.0208765218031562,0.010517900013934578,0.005524271728019903,0.004026470337517247,0.014874556847390447,0.009003461384075085,0.014084184669781208,0.007109482313750506,0.0009765625,0.013706707859002147,0.009003461384075085,0.015440808887540914,0.017469281074217108,0.025855863857175247,0.04518646602054404,0.053790778726251605,0.016716057391234072,0.007873298582322802,0.0021836601342771385,0.009212872199274027,0.010563138502335907,0.006905339660024878,0.005524271728019903,0.003521046167445302,0.009003461384075085,0.0065509804028314154,0.009264485332524549,0.005940197783494355,0.004367320268554277,0.019457869965987574,0.005694288959809864,0.010381001770248682,0.036773770280786586,0.004026470337517247,0.0041432037960149265,0.004026470337517247,0.0048828125,0.01188039556698871,0.016572815184059706,0.003521046167445302,0.003088161777508183,0.005524271728019903,0.0,0.0013810679320049757,0.0041432037960149265,0.004367320268554277,0.0027621358640099515,0.013810679320049757,0.006905339660024878,0.009765625,0.006905339660024878,0.005859375,0.008052940675034493,0.00834375365753665,0.004026470337517247,0.0021836601342771385,0.0048828125,0.006253051013118016,0.00966747552403483,0.007627196949127592,0.006905339660024878,0.03180956538066861,0.0041432037960149265,0.003088161777508183,0.009618025197066508,0.003088161777508183,0.004367320268554277,0.009618025197066508,0.003088161777508183,0.001953125,0.007873298582322802,0.0048828125,0.004367320268554277,0.007873298582322802,0.00390625,0.004979511243742954,0.011134525635733769,0.0065509804028314154,0.0048828125,0.015191747252054731,0.0048828125,0.004367320268554277,0.00834375365753665,0.0029296875,0.004979511243742954,0.0021836601342771385,0.005694288959809864,0.006905339660024878,0.010563138502335907,0.0021836601342771385,0.010918300671385692,0.003088161777508183,0.005524271728019903,0.02132844694125152,0.004026470337517247,0.0013810679320049757,0.0126953125,1,1,1.0
23.828125,11.908758163452148,9.0,0.15443411469459534,1.2216308116912842,18.359375,9.07914924621582,11.339231491088867,1.5625,0.4649599492549896,0.0179804228246212,339.0,3140.0,406057.34375,9.262537002563477,0.38060593605041504,1.0349373817443848,2.5608081817626953,0.0,0.0,0.2344997525215149,400,460,621,672,683,679,775,874,844,831,824,828,825,828,857,846,839,800,828,908,857,863,857,862,907,879,895,879,829,813,875,891,887,845,860,920,909,909,906,845,876,855,861,863,826,827,888,905,894,877,843,828,862,872,891,845,893,892,909,908,904,859,895,910,909,907,894,894,938,954,938,942,889,873,958,968,959,921,896,937,918,911,940,910,886,921,911,920,879,875,926,909,889,874,844,906,888,890,843,857,840,875,879,875,855,796,780,813,826,839,826,829,894,909,959,941,925,891,957,921,903,841,828,864,871,872,878,832,875,877,906,909,858,847,895,920,908,928,926,908,937,941,951,907,939,906,909,873,876,828,890,888,874,888,877,890,895,891,908,920,872,830,875,857,840,814,844,922,906,890,912,873,825,844,871,877,831,816,891,925,904,894,876,927,912,889,863,874,861,910,926,940,938,896,906,928,910,891,878,875,909,923,905,891,855,831,877,891,876,841,859,876,877,886,887,877,923,922,952,937,888,876,921,921,907,874,872,859,892,892,873,844,846,831,860,858,830,798,908,908,905,875,874,862,895,906,952,966,921,888,942,935,905,862,878,924,0.0009765625,0.10689233828887494,0.11956012850701224,0.0947265625,0.04680373814969437,0.1123046875,0.07943842238904393,0.03803582440263759,0.07474372311778302,0.06332614389403701,0.11739889786834937,0.05597160109729336,0.0992256702803167,0.037186392118476116,0.06664994347949826,0.05511309007625962,0.06078268093591967,0.07288323498845817,0.03500673501745102,0.08389348279263488,0.017304731588544287,0.04891593666550076,0.04265689388250304,0.045908825287277966,0.0361328125,0.05064961906207008,0.033203125,0.011759369705851851,0.022269051271467537,0.024158822025103478,0.020531050821902968,0.027151247606362977,0.0021836601342771385,0.01589728573837862,0.020108652619115236,0.02298555135925746,0.0332174831087792,0.010517900013934578,0.029002426572104487,0.021506558149946522,0.019236050394133015,0.0283203125,0.029035290522106457,0.027759121881937295,0.0361328125,0.04337740686428283,0.0630469234045663,0.0352916230460794,0.0021836601342771385,0.008843149548962322,0.01516032685181643,0.006176323555016366,0.02458921545315268,0.0068359375,0.008052940675034493,0.014778072217208551,0.007627196949127592,0.008400708268596315,0.0009765625,0.011430371006562134,0.007873298582322802,0.014874556847390447,0.0048828125,0.009765625,0.03452669830012439,0.0009765625,0.0078125,0.006176323555016366,0.008286407592029853,0.01589728573837862,0.009212872199274027,0.007042092334890604,0.010918300671385692,0.006905339660024878,0.010517900013934578,0.009618025197066508,0.009765625,0.006176323555016366,0.01441877251975918,0.0021836601342771385,0.005258950006967289,0.0021836601342771385,0.014874556847390447,0.013601941676937616,0.013982247132105814,0.0107421875,0.007042092334890604,0.010381001770248682,0.004979511243742954,0.01019561182510796,0.012732817197661424,0.0048828125,0.0048828125,0.03371616504225013,0.006176323555016366,0.006253051013118016,0.011920464468489943,0.0041432037960149265,0.003088161777508183,0.014517645261053229,0.008052940675034493,0.0065509804028314154,0.013982247132105814,0.012079411012551739,0.010517900013934578,0.0166015625,0.007437278423695223,0.014778072217208551,0.010918300671385692,0.003521046167445302,0.009765625,0.0065509804028314154,0.005258950006967289,0.0126953125,0.003088161777508183,0.007109482313750506,0.004979511243742954,0.011388577919619728,0.009765625,0.0078125,0.01179984958358845,0.0065509804028314154,0.00966747552403483,0.0065509804028314154,0.0041432037960149265,0.020899350155305366,0.0021836601342771385,0.003088161777508183,0.0107421875,1,1,1.0
13.671875,8.482155799865723,7.0,0.2307576686143875,3.287747859954834,3.90625,13.270602226257324,6.9293694496154785,0.78125,0.5898375511169434,0.03521046042442322,1300.0,14989.0,8144622.0,11.529999732971191,0.17940475046634674,1.0371575355529785,3.207836627960205,2.4036005925154313e-05,-3.125,0.16286250948905945,412,358,348,313,318,393,430,430,400,460,621,672,683,679,775,874,844,831,824,828,825,828,857,846,839,800,828,908,857,863,857,862,907,879,895,879,829,813,875,891,887,845,860,920,909,909,906,845,876,855,861,863,826,827,888,905,894,877,843,828,862,872,891,845,893,892,909,908,904,859,895,910,909,907,894,894,938,954,938,942,889,873,958,968,959,921,896,937,918,911,940,910,886,921,911,920,879,875,926,909,889,874,844,906,888,890,843,857,840,875,879,875,855,796,780,813,826,839,826,829,894,909,959,941,925,891,957,921,903,841,828,864,871,872,878,832,875,877,906,909,858,847,895,920,908,928,926,908,937,941,951,907,939,906,909,873,876,828,890,888,874,888,877,890,895,891,908,920,872,830,875,857,840,814,844,922,906,890,912,873,825,844,871,877,831,816,891,925,904,894,876,927,912,889,863,874,861,910,926,940,938,896,906,928,910,891,878,875,909,923,905,891,855,831,877,891,876,841,859,876,877,886,887,877,923,922,952,937,888,876,921,921,907,874,872,859,892,892,873,844,846,831,860,858,830,798,908,908,905,875,874,862,895,906,952,966,0.00244140625,0.2352238858816379,0.2384812813056889,0.19256861665167724,0.1724787425336136,0.19668463328563093,0.15338250132080186,0.12558608937588017,0.11434124891574904,0.10132277145890395,0.13562973084526916,0.09875360023599297,0.11711016328328759,0.07171586706147327,0.0794864286918931,0.04941058844013093,0.05414420420167622,0.03102027377786834,0.04194674139631744,0.01284467425582608,0.049449175395203764,0.03954776705335271,0.025390625,0.016716057391234072,0.025353037081537442,0.03176456243611444,0.02039122365021592,0.02003738723504218,0.012732817197661424,0.022651198251451565,0.02231183527108567,0.0170549308560283,0.007437278423695223,0.013282686043686957,0.013810679320049757,0.014517645261053229,0.021417687694786434,0.005258950006967289,0.022651198251451565,0.005258950006967289,0.006905339660024878,0.018657200365764452,0.00834375365753665,0.015440808887540914,0.011388577919619728,0.019457869965987574,0.03975221179110863,0.060962847793021906,0.02417855156863271,0.021126277004671814,0.0170549308560283,0.02417855156863271,0.024492062898407135,0.020320949264340638,0.019773883526676354,0.025559086578715626,0.013982247132105814,0.01441877251975918,0.014938533731228863,0.0166015625,0.013601941676937616,0.0166015625,0.012236293052872722,0.004367320268554277,0.03179457147675724,0.0013810679320049757,0.008734640537108554,0.0087890625,0.007873298582322802,0.013810679320049757,0.013282686043686957,0.006905339660024878,0.010054326309557618,0.005694288959809864,0.010054326309557618,0.007627196949127592,0.010563138502335907,0.009003461384075085,0.004979511243742954,0.017469281074217108,0.009003461384075085,0.01313830473347042,0.011388577919619728,0.013982247132105814,0.015655487833868553,0.0013810679320049757,0.008400708268596315,0.011134525635733769,0.006905339660024878,0.0078125,0.00834375365753665,0.003088161777508183,0.0,0.030508787796510367,0.00834375365753665,0.006905339660024878,0.011920464468489943,0.0041432037960149265,0.006253051013118016,0.0166015625,0.006176323555016366,0.009814331661250869,0.011134525635733769,0.009765625,0.007042092334890604,0.013101960805662831,0.005258950006967289,0.008052940675034493,0.005940197783494355,0.008843149548962322,0.0041432037960149265,0.018528970665049098,0.008843149548962322,0.0,0.0126953125,0.0068359375,0.007873298582322802,0.009765625,0.0048828125,0.015440808887540914,0.005258950006967289,0.008843149548962322,0.004026470337517247,0.009959022487485907,0.0029296875,0.019236050394133015,0.004979511243742954,0.004026470337517247,0.0087890625,1,1,1.0
4.6875,6.0362749099731445,6.0,0.07067239284515381,13.595952033996582,0.390625,21.833402633666992,3.5238916873931885,0.78125,0.865657389163971,0.0539235845208168,3049.0,59636.0,92678192.0,19.559200286865234,0.06367023289203644,1.0278879404067993,4.258227348327637,6.405197927961126e-05,0.0,0.07597087323665619,910,844,830,750,684,600,511,491,412,358,348,313,318,393,430,430,400,460,621,672,683,679,775,874,844,831,824,828,825,828,857,846,839,800,828,908,857,863,857,862,907,879,895,879,829,813,875,891,887,845,860,920,909,909,906,845,876,855,861,863,826,827,888,905,894,877,843,828,862,872,891,845,893,892,909,908,904,859,895,910,909,907,894,894,938,954,938,942,889,873,958,968,959,921,896,937,918,911,940,910,886,921,911,920,879,875,926,909,889,874,844,906,888,890,843,857,840,875,879,875,855,796,780,813,826,839,826,829,894,909,959,941,925,891,957,921,903,841,828,864,871,872,878,832,875,877,906,909,858,847,895,920,908,928,926,908,937,941,951,907,939,906,909,873,876,828,890,888,874,888,877,890,895,891,908,920,872,830,875,857,840,814,844,922,906,890,912,873,825,844,871,877,831,816,891,925,904,894,876,927,912,889,863,874,861,910,926,940,938,896,906,928,910,891,878,875,909,923,905,891,855,831,877,891,876,841,859,876,877,886,887,877,923,922,952,937,888,876,921,921,907,874,872,859,892,892,873,844,846,831,860,858,830,798,908,908,0.0029296875,0.24918231757606343,0.252871237816876,0.20474535874170513,0.1878074668171773,0.20633450713103665,0.1619681237024839,0.13577379915187177,0.11772743452709751,0.10420429821558017,0.12879152683796363,0.09697024677583133,0.10405318118231732,0.0701835297219959,0.06341643787130555,0.0361328125,0.03232997140087275,0.007873298582322802,0.0283203125,0.035907766232129365,0.031988944051092184,0.03813598474563796,0.022269051271467537,0.0235996991671769,0.01589728573837862,0.029877067462457725,0.01188039556698871,0.0126953125,0.007627196949127592,0.003521046167445302,0.010054326309557618,0.0048828125,0.02229045353615884,0.01680141653719263,0.0027621358640099515,0.010054326309557618,0.021945512748285382,0.008400708268596315,0.013282686043686957,0.010517900013934578,0.001953125,0.012732817197661424,0.010381001770248682,0.011430371006562134,0.015625,0.021484375,0.04559616222628419,0.055672628178668845,0.020108652619115236,0.019773883526676354,0.0170549308560283,0.019773883526676354,0.026203921611325662,0.013982247132105814,0.01171875,0.017820593350483065,0.00390625,0.004026470337517247,0.006905339660024878,0.004367320268554277,0.0021836601342771385,0.02458921545315268,0.013601941676937616,0.012732817197661424,0.042979845868487083,0.011759369705851851,0.0048828125,0.006176323555016366,0.0065509804028314154,0.01188039556698871,0.01528562093993997,0.0041432037960149265,0.007873298582322802,0.003088161777508183,0.007042092334890604,0.0048828125,0.008400708268596315,0.005694288959809864,0.005694288959809864,0.013282686043686957,0.005524271728019903,0.009212872199274027,0.01179984958358845,0.011759369705851851,0.01441877251975918,0.0027621358640099515,0.004026470337517247,0.007873298582322802,0.0009765625,0.006253051013118016,0.008400708268596315,0.005694288959809864,0.005859375,0.029313146523053973,0.004979511243742954,0.0021836601342771385,0.0068359375,0.004026470337517247,0.007873298582322802,0.009618025197066508,0.0013810679320049757,0.003088161777508183,0.008734640537108554,0.006905339660024878,0.006176323555016366,0.01188039556698871,0.0021836601342771385,0.008400708268596315,0.006176323555016366,0.0048828125,0.003521046167445302,0.014778072217208551,0.005258950006967289,0.003521046167445302,0.009003461384075085,0.00390625,0.004367320268554277,0.008843149548962322,0.005258950006967289,0.009814331661250869,0.00834375365753665,0.004026470337517247,0.008052940675034493,0.003088161777508183,0.004026470337517247,0.01792730444402912,0.007627196949127592,0.0029296875,0.0166015625,1,1,1.0
3.90625,5.390589714050293,6.0,0.046563468873500824,18.359779357910156,0.390625,22.687225341796875,3.039557933807373,0.78125,0.9041882157325745,0.0551476888358593,3189.0,67050.0,115657696.0,21.025400161743164,0.04924831539392471,1.029827356338501,4.375848293304443,8.81883897818625e-05,0.0,0.04817836359143257,1208,1166,1132,1096,1112,1078,1035,989,910,844,830,750,684,600,511,491,412,358,348,313,318,393,430,430,400,460,621,672,683,679,775,874,844,831,824,828,825,828,857,846,839,800,828,908,857,863,857,862,907,879,895,879,829,813,875,891,887,845,860,920,909,909,906,845,876,855,861,863,826,827,888,905,894,877,843,828,862,872,891,845,893,892,909,908,904,859,895,910,909,907,894,894,938,954,938,942,889,873,958,968,959,921,896,937,918,911,940,910,886,921,911,920,879,875,926,909,889,874,844,906,888,890,843,857,840,875,879,875,855,796,780,813,826,839,826,829,894,909,959,941,925,891,957,921,903,841,828,864,871,872,878,832,875,877,906,909,858,847,895,920,908,928,926,908,937,941,951,907,939,906,909,873,876,828,890,888,874,888,877,890,895,891,908,920,872,830,875,857,840,814,844,922,906,890,912,873,825,844,871,877,831,816,891,925,904,894,876,927,912,889,863,874,861,910,926,940,938,896,906,928,910,891,878,875,909,923,905,891,855,831,877,891,876,841,859,876,877,886,887,877,923,922,952,937,888,876,921,921,907,874,872,859,892,892,873,844,0.00244140625,0.18510947622549356,0.2250250908319031,0.22114343522997126,0.2035845912416154,0.2694923262202498,0.23273555841109836,0.20701512687808024,0.1801354174384445,0.15564457904261092,0.13368566373943438,0.11241078548067714,0.06763708816766716,0.0634765625,0.009212872199274027,0.016858082521125067,0.03406789754396955,0.049881221832508336,0.02638526579317636,0.04290211452439218,0.0436404354912194,0.02777629424478104,0.02417855156863271,0.0166015625,0.029264304812054096,0.04102724909687501,0.0244140625,0.0029296875,0.01528562093993997,0.007873298582322802,0.007873298582322802,0.0107421875,0.030649130520459405,0.025559086578715626,0.01313830473347042,0.021417687694786434,0.03149319432929121,0.006905339660024878,0.0283875817456028,0.00834375365753665,0.01589728573837862,0.02108108705558877,0.010054326309557618,0.012079411012551739,0.024724587697601882,0.029556144434417102,0.06314516859502817,0.040794137840244965,0.012506102026236032,0.013282686043686957,0.011134525635733769,0.0048828125,0.010563138502335907,0.012236293052872722,0.014517645261053229,0.020899350155305366,0.01188039556698871,0.011759369705851851,0.010054326309557618,0.012352647110032733,0.0048828125,0.020899350155305366,0.010381001770248682,0.013282686043686957,0.043552935783159684,0.012506102026236032,0.003088161777508183,0.0021836601342771385,0.007873298582322802,0.0146484375,0.012352647110032733,0.007109482313750506,0.008286407592029853,0.0068359375,0.006905339660024878,0.0065509804028314154,0.0041432037960149265,0.007437278423695223,0.01284467425582608,0.004026470337517247,0.007437278423695223,0.008052940675034493,0.008052940675034493,0.0,0.006253051013118016,0.009618025197066508,0.011920464468489943,0.012352647110032733,0.010563138502335907,0.010054326309557618,0.011134525635733769,0.001953125,0.006905339660024878,0.03452669830012439,0.0009765625,0.0021836601342771385,0.004979511243742954,0.006176323555016366,0.0078125,0.00834375365753665,0.004026470337517247,0.005694288959809864,0.011134525635733769,0.008734640537108554,0.005524271728019903,0.009959022487485907,0.005859375,0.0009765625,0.01516032685181643,0.009212872199274027,0.012079411012551739,0.004979511243742954,0.005524271728019903,0.0126953125,0.0021836601342771385,0.004026470337517247,0.006905339660024878,0.0027621358640099515,0.0029296875,0.01589728573837862,0.003521046167445302,0.009212872199274027,0.006253051013118016,0.007627196949127592,0.004026470337517247,0.020967686087484266,0.007042092334890604,0.00390625,0.0185546875,1,1,1.0
3.90625,5.236336708068848,8.0,0.034913837909698486,18.308128356933594,2.34375,16.846336364746094,3.262970209121704,1.953125,0.9151027202606201,0.061048828065395355,3908.0,76154.0,157365840.0,19.4866943359375,0.04998341202735901,1.3408102989196777,3.758755922317505,4.996542338631116e-05,0.0,0.04768897965550423,858,889,1040,1161,1240,1211,1246,1227,1208,1166,1132,1096,1112,1078,1035,989,910,844,830,750,684,600,511,491,412,358,348,313,318,393,430,430,400,460,621,672,683,679,775,874,844,831,824,828,825,828,857,846,839,800,828,908,857,863,857,862,907,879,895,879,829,813,875,891,887,845,860,920,909,909,906,845,876,855,861,863,826,827,888,905,894,877,843,828,862,872,891,845,893,892,909,908,904,859,895,910,909,907,894,894,938,954,938,942,889,873,958,968,959,921,896,937,918,911,940,910,886,921,911,920,879,875,926,909,889,874,844,906,888,890,843,857,840,875,879,875,855,796,780,813,826,839,826,829,894,909,959,941,925,891,957,921,903,841,828,864,871,872,878,832,875,877,906,909,858,847,895,920,908,928,926,908,937,941,951,907,939,906,909,873,876,828,890,888,874,888,877,890,895,891,908,920,872,830,875,857,840,814,844,922,906,890,912,873,825,844,871,877,831,816,891,925,904,894,876,927,912,889,863,874,861,910,926,940,938,896,906,928,910,891,878,875,909,923,905,891,855,831,877,891,876,841,859,876,877,886,887,877,923,922,952,937,888,876,921,921,0.00146484375,0.166015625,0.2271006539648224,0.24119314521930604,0.22754744485632997,0.2999970753845074,0.26056839655304814,0.23042115835418664,0.18952861736887602,0.15720229820532255,0.11250830725622067,0.09181765057455593,0.03614600688148779,0.03460946317708857,0.03152346170228315,0.029378142493147116,0.05524271728019903,0.04942023800343748,0.04367320268554277,0.008843149548962322,0.052480581416189075,0.05022418308837418,0.035224001556389516,0.02378085090212094,0.023940723969006372,0.03179457147675724,0.013982247132105814,0.029765137996344084,0.019652941208494246,0.0242573092741684,0.029378142493147116,0.018425744398548053,0.006905339660024878,0.011388577919619728,0.01516032685181643,0.007627196949127592,0.0065509804028314154,0.0170549308560283,0.006905339660024878,0.013982247132105814,0.0041432037960149265,0.013566839833447074,0.00834375365753665,0.011430371006562134,0.011388577919619728,0.01727715430952552,0.049042498162069216,0.05374643713209771,0.0208765218031562,0.0205078125,0.01878455474772592,0.006905339660024878,0.017686299097924643,0.005940197783494355,0.008400708268596315,0.014906579611790769,0.009264485332524549,0.009212872199274027,0.014218964627501012,0.011759369705851851,0.006905339660024878,0.0205078125,0.011759369705851851,0.006905339660024878,0.037695818487536684,0.004979511243742954,0.0048828125,0.007873298582322802,0.0009765625,0.0078125,0.017387200990981306,0.001953125,0.0029296875,0.0021836601342771385,0.0013810679320049757,0.0009765625,0.0029296875,0.0021836601342771385,0.007627196949127592,0.007042092334890604,0.0027621358640099515,0.004367320268554277,0.009212872199274027,0.0041432037960149265,0.006905339660024878,0.007627196949127592,0.00834375365753665,0.0087890625,0.006176323555016366,0.005694288959809864,0.007873298582322802,0.001953125,0.003088161777508183,0.03149319432929121,0.004367320268554277,0.0027621358640099515,0.008052940675034493,0.0009765625,0.006176323555016366,0.013671875,0.0041432037960149265,0.008400708268596315,0.004979511243742954,0.0021836601342771385,0.0021836601342771385,0.008400708268596315,0.0021836601342771385,0.007627196949127592,0.009003461384075085,0.003521046167445302,0.005859375,0.011430371006562134,0.003088161777508183,0.007627196949127592,0.0041432037960149265,0.0021836601342771385,0.001953125,0.0029296875,0.0027621358640099515,0.01188039556698871,0.0027621358640099515,0.0065509804028314154,0.0027621358640099515,0.007437278423695223,0.001953125,0.01953125,0.004979511243742954,0.001953125,0.015625,1,1,1.0
3.515625,4.367359161376953,7.0,0.03684023767709732,25.56378746032715,2.34375,19.78519630432129,2.9265048503875732,1.953125,0.9269014000892639,0.06380623579025269,4269.0,94370.0,215481008.0,22.105878829956055,0.03625837713479996,1.3255330324172974,4.085026741027832,1.646777309360914e-05,0.0,0.030907731503248215,1098,1066,989,943,974,936,892,813,858,889,1040,1161,1240,1211,1246,1227,1208,1166,1132,1096,1112,1078,1035,989,910,844,830,750,684,600,511,491,412,358,348,313,318,393,430,430,400,460,621,672,683,679,775,874,844,831,824,828,825,828,857,846,839,800,828,908,857,863,857,862,907,879,895,879,829,813,875,891,887,845,860,920,909,909,906,845,876,855,861,863,826,827,888,905,894,877,843,828,862,872,891,845,893,892,909,908,904,859,895,910,909,907,894,894,938,954,938,942,889,873,958,968,959,921,896,937,918,911,940,910,886,921,911,920,879,875,926,909,889,874,844,906,888,890,843,857,840,875,879,875,855,796,780,813,826,839,826,829,894,909,959,941,925,891,957,921,903,841,828,864,871,872,878,832,875,877,906,909,858,847,895,920,908,928,926,908,937,941,951,907,939,906,909,873,876,828,890,888,874,888,877,890,895,891,908,920,872,830,875,857,840,814,844,922,906,890,912,873,825,844,871,877,831,816,891,925,904,894,876,927,912,889,863,874,861,910,926,940,938,896,906,928,910,891,878,875,909,923,905,891,855,831,877,891,876,841,859,876,877,886,887,877,0.001953125,0.15810061300642642,0.24986454154908647,0.27182841285479387,0.2545701956181641,0.29877067462457724,0.24162177184070438,0.2025466902794614,0.16445730027360064,0.14363770452472713,0.13007357935938904,0.11228770251994219,0.05681714143667522,0.05996125559769044,0.023478154844084585,0.0439561618551832,0.0726866955700328,0.07115516106229246,0.0650496190757066,0.010381001770248682,0.06704939021004637,0.06548068208687582,0.044921875,0.04200354134298158,0.020600608505594715,0.01760523083722651,0.009264485332524549,0.02489755621871477,0.007873298582322802,0.013282686043686957,0.01528562093993997,0.004026470337517247,0.020132351687586234,0.022269051271467537,0.021683206358568866,0.021417687694786434,0.013282686043686957,0.028185292362620726,0.014517645261053229,0.027981540589637505,0.01933495104806966,0.023478154844084585,0.021417687694786434,0.027151247606362977,0.004979511243742954,0.011430371006562134,0.05580095557485021,0.051164792568084906,0.020716018980074635,0.017469281074217108,0.012732817197661424,0.007042092334890604,0.01516032685181643,0.012079411012551739,0.009003461384075085,0.013028968812623373,0.005258950006967289,0.007873298582322802,0.01800692276815017,0.014517645261053229,0.01188039556698871,0.01680141653719263,0.007873298582322802,0.010381001770248682,0.04014610310760638,0.007437278423695223,0.004026470337517247,0.007873298582322802,0.004026470337517247,0.004367320268554277,0.022798081113142094,0.005940197783494355,0.0065509804028314154,0.005258950006967289,0.009814331661250869,0.0078125,0.009264485332524549,0.010786485368346935,0.013982247132105814,0.007873298582322802,0.011430371006562134,0.012732817197661424,0.004979511243742954,0.0078125,0.014218964627501012,0.001953125,0.0048828125,0.005940197783494355,0.004367320268554277,0.001953125,0.0021836601342771385,0.008400708268596315,0.004367320268554277,0.03625138904935661,0.00390625,0.0041432037960149265,0.004367320268554277,0.006253051013118016,0.0048828125,0.013566839833447074,0.00834375365753665,0.012352647110032733,0.006905339660024878,0.0021836601342771385,0.004979511243742954,0.01019561182510796,0.0048828125,0.010054326309557618,0.006905339660024878,0.008843149548962322,0.008843149548962322,0.009003461384075085,0.005694288959809864,0.011048543456039806,0.003521046167445302,0.0021836601342771385,0.003521046167445302,0.006905339660024878,0.004367320268554277,0.007873298582322802,0.007109482313750506,0.005940197783494355,0.0027621358640099515,0.010517900013934578,0.003088161777508183,0.022714264354712906,0.004026470337517247,0.005859375,0.01953125,1,1,1.0
3.90625,4.893125057220459,6.0,0.06162528321146965,21.098854064941406,1.171875,20.078535079956055,3.144627809524536,1.953125,0.8959121108055115,0.0657132938504219,4528.0,93600.0,228735648.0,20.671377182006836,0.04246259480714798,1.208053708076477,4.152012825012207,2.7604482966125943e-05,0.0,0.045145414769649506,1081,1117,1198,1211,1162,1143,1180,1128,1098,1066,989,943,974,936,892,813,858,889,1040,1161,1240,1211,1246,1227,1208,1166,1132,1096,1112,1078,1035,989,910,844,830,750,684,600,511,491,412,358,348,313,318,393,430,430,400,460,621,672,683,679,775,874,844,831,824,828,825,828,857,846,839,800,828,908,857,863,857,862,907,879,895,879,829,813,875,891,887,845,860,920,909,909,906,845,876,855,861,863,826,827,888,905,894,877,843,828,862,872,891,845,893,892,909,908,904,859,895,910,909,907,894,894,938,954,938,942,889,873,958,968,959,921,896,937,918,911,940,910,886,921,911,920,879,875,926,909,889,874,844,906,888,890,843,857,840,875,879,875,855,796,780,813,826,839,826,829,894,909,959,941,925,891,957,921,903,841,828,864,871,872,878,832,875,877,906,909,858,847,895,920,908,928,926,908,937,941,951,907,939,906,909,873,876,828,890,888,874,888,877,890,895,891,908,920,872,830,875,857,840,814,844,922,906,890,912,873,825,844,871,877,831,816,891,925,904,894,876,927,912,889,863,874,861,910,926,940,938,896,906,928,910,891,878,875,909,923,905,891,855,831,877,891,0.0,0.16815600935275943,0.3031514893588489,0.32179179180860196,0.2835144436502324,0.2671732937789468,0.1852613963381053,0.16051610201580294,0.17854810289898945,0.18939522713888088,0.17430478011824665,0.14883850542047505,0.04789140560640324,0.06440131677264667,0.06741111271649343,0.068359375,0.08389348279263488,0.05027163154778809,0.048238629043861204,0.028721564784868637,0.032241355506287456,0.03317439013957623,0.02108108705558877,0.0126953125,0.02681548870653512,0.03941491420041126,0.021417687694786434,0.032754902014157074,0.024119314521930602,0.027793455997573647,0.031035641761856844,0.01792730444402912,0.006905339660024878,0.009959022487485907,0.013028968812623373,0.010054326309557618,0.00834375365753665,0.019652941208494246,0.010918300671385692,0.020692988379313566,0.011920464468489943,0.0170549308560283,0.016105881350068987,0.020531050821902968,0.0027621358640099515,0.009814331661250869,0.049881221832508336,0.054635159104294395,0.023619895746968406,0.0205078125,0.01708286687942959,0.001953125,0.010918300671385692,0.012732817197661424,0.01242961138804478,0.016105881350068987,0.003088161777508183,0.0048828125,0.016105881350068987,0.01284467425582608,0.010381001770248682,0.019773883526676354,0.011134525635733769,0.007437278423695223,0.037057941330098196,0.004026470337517247,0.007437278423695223,0.011134525635733769,0.00390625,0.003521046167445302,0.020531050821902968,0.0048828125,0.008734640537108554,0.003521046167445302,0.008052940675034493,0.005940197783494355,0.005694288959809864,0.0065509804028314154,0.012079411012551739,0.004026470337517247,0.005940197783494355,0.0078125,0.0068359375,0.001953125,0.009618025197066508,0.0041432037960149265,0.006176323555016366,0.008400708268596315,0.0021836601342771385,0.0009765625,0.0009765625,0.006176323555016366,0.001953125,0.03416573375885918,0.0029296875,0.0013810679320049757,0.005859375,0.003521046167445302,0.004026470337517247,0.01516032685181643,0.0048828125,0.009212872199274027,0.0048828125,0.003088161777508183,0.0021836601342771385,0.00966747552403483,0.001953125,0.006253051013118016,0.011759369705851851,0.0021836601342771385,0.004367320268554277,0.0146484375,0.006253051013118016,0.007873298582322802,0.0048828125,0.0048828125,0.004026470337517247,0.0013810679320049757,0.0009765625,0.013101960805662831,0.005694288959809864,0.004026470337517247,0.0041432037960149265,0.00834375365753665,0.0021836601342771385,0.020600608505594715,0.003088161777508183,0.004979511243742954,0.0185546875,1,1,1.0
3.90625,4.380043983459473,4.0,0.05090577155351639,25.741907119750977,0.78125,22.65269660949707,2.8563153743743896,1.171875,0.9136033058166504,0.06908101588487625,5004.0,108580.0,294836576.0,21.698640823364258,0.03549089655280113,1.1267576217651367,4.381180286407471,0.0,0.0,0.03130670636892319,1146,1096,1068,1052,1005,974,992,1000,1081,1117,1198,1211,1162,1143,1180,1128,1098,1066,989,943,974,936,892,813,858,889,1040,1161,1240,1211,1246,1227,1208,1166,1132,1096,1112,1078,1035,989,910,844,830,750,684,600,511,491,412,358,348,313,318,393,430,430,400,460,621,672,683,679,775,874,844,831,824,828,825,828,857,846,839,800,828,908,857,863,857,862,907,879,895,879,829,813,875,891,887,845,860,920,909,909,906,845,876,855,861,863,826,827,888,905,894,877,843,828,862,872,891,845,893,892,909,908,904,859,895,910,909,907,894,894,938,954,938,942,889,873,958,968,959,921,896,937,918,911,940,910,886,921,911,920,879,875,926,909,889,874,844,906,888,890,843,857,840,875,879,875,855,796,780,813,826,839,826,829,894,909,959,941,925,891,957,921,903,841,828,864,871,872,878,832,875,877,906,909,858,847,895,920,908,928,926,908,937,941,951,907,939,906,909,873,876,828,890,888,874,888,877,890,895,891,908,920,872,830,875,857,840,814,844,922,906,890,912,873,825,844,871,877,831,816,891,925,904,894,876,927,912,889,863,874,861,910,926,940,938,896,906,928,910,891,878,875,0.001953125,0.1994531785521863,0.3531769030751058,0.3452586964942126,0.2749209897373144,0.2201753229850305,0.1773906360103053,0.19725837316497216,0.2153248342405554,0.19331251405012276,0.13700444480201296,0.1070349922361294,0.03768316676088816,0.05277053158635272,0.033260520245950005,0.059047720538402244,0.09205105268963268,0.07733980419227864,0.07443046489176261,0.0377211092106015,0.03676080122015373,0.031158312760827766,0.003088161777508183,0.0166015625,0.03712222228271135,0.05342609127574192,0.033673710253059895,0.04498551877453524,0.03259437357085671,0.0324624416769427,0.026057937625246747,0.010786485368346935,0.015746597164645604,0.020108652619115236,0.023212625632821705,0.01792730444402912,0.0027621358640099515,0.0234375,0.005258950006967289,0.010054326309557618,0.005258950006967289,0.0021836601342771385,0.0208765218031562,0.025353037081537442,0.01313830473347042,0.007109482313750506,0.05198762364924283,0.05633673867912483,0.026203921611325662,0.014906579611790769,0.0029296875,0.014874556847390447,0.024119314521930602,0.0013810679320049757,0.009765625,0.01878455474772592,0.013028968812623373,0.009959022487485907,0.009212872199274027,0.007873298582322802,0.014906579611790769,0.019773883526676354,0.009264485332524549,0.011920464468489943,0.04230894340319232,0.00834375365753665,0.009003461384075085,0.014680953494504793,0.009003461384075085,0.006905339660024878,0.019652941208494246,0.00834375365753665,0.010918300671385692,0.006253051013118016,0.003521046167445302,0.0013810679320049757,0.005258950006967289,0.0065509804028314154,0.008400708268596315,0.011134525635733769,0.013101960805662831,0.01441877251975918,0.003088161777508183,0.00966747552403483,0.014680953494504793,0.004979511243742954,0.004026470337517247,0.0065509804028314154,0.007109482313750506,0.006253051013118016,0.007437278423695223,0.007873298582322802,0.003088161777508183,0.0328276099882258,0.0065509804028314154,0.0041432037960149265,0.005694288959809864,0.005694288959809864,0.0021836601342771385,0.017304731588544287,0.006253051013118016,0.0078125,0.007627196949127592,0.0078125,0.004367320268554277,0.004367320268554277,0.007873298582322802,0.011759369705851851,0.00834375365753665,0.007109482313750506,0.007873298582322802,0.011134525635733769,0.005694288959809864,0.009618025197066508,0.005694288959809864,0.003088161777508183,0.003088161777508183,0.005524271728019903,0.005258950006967289,0.015776850020901866,0.0027621358640099515,0.007873298582322802,0.0078125,0.004979511243742954,0.00390625,0.0185803687406645,0.0009765625,0.006905339660024878,0.021484375,1,1,1.0
3.515625,4.626364231109619,5.0,0.05431870371103287,22.094894409179688,1.171875,28.62089729309082,2.8486642837524414,0.78125,0.9047336578369141,0.07158942520618439,5374.0,130793.0,367605248.0,24.338109970092773,0.04094763472676277,1.0463942289352417,4.880677223205566,2.3259093723027036e-05,-0.390625,0.038049228489398956,778,780,760,864,990,1085,1190,1176,1146,1096,1068,1052,1005,974,992,1000,1081,1117,1198,1211,1162,1143,1180,1128,1098,1066,989,943,974,936,892,813,858,889,1040,1161,1240,1211,1246,1227,1208,1166,1132,1096,1112,1078,1035,989,910,844,830,750,684,600,511,491,412,358,348,313,318,393,430,430,400,460,621,672,683,679,775,874,844,831,824,828,825,828,857,846,839,800,828,908,857,863,857,862,907,879,895,879,829,813,875,891,887,845,860,920,909,909,906,845,876,855,861,863,826,827,888,905,894,877,843,828,862,872,891,845,893,892,909,908,904,859,895,910,909,907,894,894,938,954,938,942,889,873,958,968,959,921,896,937,918,911,940,910,886,921,911,920,879,875,926,909,889,874,844,906,888,890,843,857,840,875,879,875,855,796,780,813,826,839,826,829,894,909,959,941,925,891,957,921,903,841,828,864,871,872,878,832,875,877,906,909,858,847,895,920,908,928,926,908,937,941,951,907,939,906,909,873,876,828,890,888,874,888,877,890,895,891,908,920,872,830,875,857,840,814,844,922,906,890,912,873,825,844,871,877,831,816,891,925,904,894,876,927,912,889,863,874,861,910,926,940,0.00048828125,0.18477687680459412,0.3392722048256903,0.34927778662406217,0.29215055017871616,0.22361575398913403,0.157375099672948,0.19113700770099606,0.23292602229109474,0.2127113637481038,0.13111419918353262,0.08709492242774726,0.04350911994129973,0.05879684852925925,0.02378085090212094,0.07118866003362342,0.11436209850818282,0.10052903426849892,0.09610585702440061,0.06293337299108603,0.026939676219011176,0.0126953125,0.027759121881937295,0.014778072217208551,0.051711727714350494,0.05597160109729336,0.03144773864864183,0.0411664822428867,0.016370170521718956,0.012352647110032733,0.021836601342771385,0.01708286687942959,0.01878455474772592,0.019749754312653012,0.022482157096135425,0.007627196949127592,0.010381001770248682,0.0126953125,0.01188039556698871,0.012732817197661424,0.009003461384075085,0.00834375365753665,0.02157297073669387,0.02568934851165216,0.010786485368346935,0.006905339660024878,0.055285858807492816,0.05206094896586656,0.020531050821902968,0.009814331661250869,0.0065509804028314154,0.011430371006562134,0.020600608505594715,0.008052940675034493,0.014906579611790769,0.02229045353615884,0.004367320268554277,0.0029296875,0.020320949264340638,0.018165112536853784,0.01019561182510796,0.020108652619115236,0.01589728573837862,0.005258950006967289,0.0300838316420886,0.004367320268554277,0.010517900013934578,0.009003461384075085,0.001953125,0.0065509804028314154,0.022777155839239456,0.007627196949127592,0.011134525635733769,0.0065509804028314154,0.009814331661250869,0.006176323555016366,0.0009765625,0.0021836601342771385,0.005258950006967289,0.010054326309557618,0.011134525635733769,0.01242961138804478,0.004367320268554277,0.008843149548962322,0.013810679320049757,0.003521046167445302,0.004026470337517247,0.006253051013118016,0.0048828125,0.0021836601342771385,0.003088161777508183,0.005859375,0.0021836601342771385,0.034678283016727936,0.001953125,0.0009765625,0.007873298582322802,0.0013810679320049757,0.005694288959809864,0.01242961138804478,0.003521046167445302,0.007873298582322802,0.006905339660024878,0.004979511243742954,0.0021836601342771385,0.0065509804028314154,0.0048828125,0.009618025197066508,0.007873298582322802,0.004367320268554277,0.005694288959809864,0.011134525635733769,0.004979511243742954,0.007873298582322802,0.005694288959809864,0.0027621358640099515,0.0021836601342771385,0.0029296875,0.0027621358640099515,0.014517645261053229,0.004979511243742954,0.004026470337517247,0.004026470337517247,0.009003461384075085,0.0029296875,0.021417687694786434,0.005859375,0.0021836601342771385,0.0146484375,1,1,1.0
3.90625,4.300215244293213,6.0,0.07936499267816544,26.3695125579834,0.78125,26.38767433166504,2.872140407562256,1.171875,0.8869977593421936,0.07233157753944397,5486.0,127921.0,372210656.0,23.317718505859375,0.03363724425435066,1.0598523616790771,4.709945201873779,1.4239192296372494e-06,0.390625,0.0317276194691658,1065,1004,953,936,878,829,764,734,778,780,760,864,990,1085,1190,1176,1146,1096,1068,1052,1005,974,992,1000,1081,1117,1198,1211,1162,1143,1180,1128,1098,1066,989,943,974,936,892,813,858,889,1040,1161,1240,1211,1246,1227,1208,1166,1132,1096,1112,1078,1035,989,910,844,830,750,684,600,511,491,412,358,348,313,318,393,430,430,400,460,621,672,683,679,775,874,844,831,824,828,825,828,857,846,839,800,828,908,857,863,857,862,907,879,895,879,829,813,875,891,887,845,860,920,909,909,906,845,876,855,861,863,826,827,888,905,894,877,843,828,862,872,891,845,893,892,909,908,904,859,895,910,909,907,894,894,938,954,938,942,889,873,958,968,959,921,896,937,918,911,940,910,886,921,911,920,879,875,926,909,889,874,844,906,888,890,843,857,840,875,879,875,855,796,780,813,826,839,826,829,894,909,959,941,925,891,957,921,903,841,828,864,871,872,878,832,875,877,906,909,858,847,895,920,908,928,926,908,937,941,951,907,939,906,909,873,876,828,890,888,874,888,877,890,895,891,908,920,872,830,875,857,840,814,844,922,906,890,912,873,825,844,871,877,831,816,891,925,904,894,876,927,0.0009765625,0.20690683909304824,0.35265671729588005,0.33292761589317943,0.2697028014968586,0.23780048836288162,0.17216882732521316,0.17252297068807695,0.2190136002450194,0.22388640438917343,0.15242510848377003,0.09281968419690978,0.04037114571991091,0.05560406580268265,0.021945512748285382,0.08143032311106628,0.13287710974409894,0.11946437186466738,0.1114651021357834,0.07998875538955166,0.020132351687586234,0.008052940675034493,0.0390625,0.016105881350068987,0.04033569614856129,0.03902586172400017,0.0166015625,0.030649130520459405,0.02161713244255728,0.025012204052472065,0.022798081113142094,0.007873298582322802,0.019555648822754675,0.024020261477048523,0.029765137996344084,0.015746597164645604,0.013566839833447074,0.009814331661250869,0.01792730444402912,0.013982247132105814,0.012732817197661424,0.012352647110032733,0.017304731588544287,0.021417687694786434,0.012732817197661424,0.007627196949127592,0.05498315726663768,0.05198762364924283,0.020600608505594715,0.003088161777508183,0.013028968812623373,0.014517645261053229,0.019186408891004394,0.016253239235442616,0.019457869965987574,0.020132351687586234,0.004367320268554277,0.010381001770248682,0.01792730444402912,0.010563138502335907,0.004367320268554277,0.024492062898407135,0.01313830473347042,0.0078125,0.037378240642587185,0.003088161777508183,0.01188039556698871,0.0146484375,0.006253051013118016,0.009618025197066508,0.018528970665049098,0.007437278423695223,0.010563138502335907,0.007873298582322802,0.012732817197661424,0.009003461384075085,0.0021836601342771385,0.0,0.005258950006967289,0.011759369705851851,0.013566839833447074,0.014517645261053229,0.0013810679320049757,0.0068359375,0.009814331661250869,0.004367320268554277,0.006176323555016366,0.006253051013118016,0.007627196949127592,0.007437278423695223,0.009003461384075085,0.003521046167445302,0.005940197783494355,0.027361183058831836,0.008734640537108554,0.007109482313750506,0.007627196949127592,0.008400708268596315,0.006253051013118016,0.0170549308560283,0.003521046167445302,0.0029296875,0.011048543456039806,0.0048828125,0.003088161777508183,0.009765625,0.001953125,0.006905339660024878,0.012732817197661424,0.0048828125,0.007042092334890604,0.011134525635733769,0.005524271728019903,0.00834375365753665,0.009003461384075085,0.007109482313750506,0.007109482313750506,0.003088161777508183,0.00390625,0.01019561182510796,0.007109482313750506,0.008400708268596315,0.003521046167445302,0.007437278423695223,0.0048828125,0.014874556847390447,0.0027621358640099515,0.008052940675034493,0.0224609375,1,1,1.0
3.90625,4.45947265625,7.0,0.09641438722610474,25.308456420898438,1.171875,25.802690505981445,2.982015371322632,0.78125,0.8692398071289062,0.07332677394151688,5638.0,130408.0,363910944.0,23.13018798828125,0.034345824271440506,1.12203049659729,4.59183931350708,5.542331109609222e-06,0.0,0.03971564397215843,1150,1180,1176,1160,1116,1148,1128,1098,1065,1004,953,936,878,829,764,734,778,780,760,864,990,1085,1190,1176,1146,1096,1068,1052,1005,974,992,1000,1081,1117,1198,1211,1162,1143,1180,1128,1098,1066,989,943,974,936,892,813,858,889,1040,1161,1240,1211,1246,1227,1208,1166,1132,1096,1112,1078,1035,989,910,844,830,750,684,600,511,491,412,358,348,313,318,393,430,430,400,460,621,672,683,679,775,874,844,831,824,828,825,828,857,846,839,800,828,908,857,863,857,862,907,879,895,879,829,813,875,891,887,845,860,920,909,909,906,845,876,855,861,863,826,827,888,905,894,877,843,828,862,872,891,845,893,892,909,908,904,859,895,910,909,907,894,894,938,954,938,942,889,873,958,968,959,921,896,937,918,911,940,910,886,921,911,920,879,875,926,909,889,874,844,906,888,890,843,857,840,875,879,875,855,796,780,813,826,839,826,829,894,909,959,941,925,891,957,921,903,841,828,864,871,872,878,832,875,877,906,909,858,847,895,920,908,928,926,908,937,941,951,907,939,906,909,873,876,828,890,888,874,888,877,890,895,891,908,920,872,830,875,857,840,814,844,922,906,890,912,873,825,844,871,877,0.0009765625,0.269336574849681,0.37962666090827085,0.2758266163110895,0.23343725161047696,0.2979299973570894,0.17492194478560466,0.1172525860922159,0.25370522390602646,0.27899110502331237,0.14938533731228862,0.04523919852304871,0.09142732295818784,0.10255766200359938,0.06269044470978138,0.10569005283406006,0.12679527446232594,0.08043461047646094,0.07411588266019639,0.045856862819819905,0.035814689103305174,0.024433585943743757,0.0318844291353799,0.027238917345666705,0.06366408598830711,0.058242763872064236,0.028117539157984314,0.02751758360079174,0.009959022487485907,0.022881590847382775,0.03452669830012439,0.017469281074217108,0.015746597164645604,0.025202124805788945,0.03180956538066861,0.020132351687586234,0.016858082521125067,0.005524271728019903,0.021439939843847802,0.019628663322501738,0.013101960805662831,0.01313830473347042,0.01441877251975918,0.02376079113397742,0.020600608505594715,0.0166015625,0.06457138771412711,0.042275118792799535,0.010786485368346935,0.009814331661250869,0.0170549308560283,0.0048828125,0.01284467425582608,0.010381001770248682,0.010563138502335907,0.01680141653719263,0.00390625,0.004367320268554277,0.016105881350068987,0.013566839833447074,0.009003461384075085,0.02039122365021592,0.01313830473347042,0.006253051013118016,0.03274034104343791,0.0021836601342771385,0.01188039556698871,0.010563138502335907,0.003088161777508183,0.007627196949127592,0.024158822025103478,0.009003461384075085,0.013101960805662831,0.006253051013118016,0.007042092334890604,0.0013810679320049757,0.004979511243742954,0.007437278423695223,0.012236293052872722,0.0041432037960149265,0.005258950006967289,0.007109482313750506,0.007627196949127592,0.0078125,0.016016815885602272,0.0027621358640099515,0.0021836601342771385,0.005940197783494355,0.004979511243742954,0.0027621358640099515,0.004979511243742954,0.0029296875,0.003521046167445302,0.03032065370363286,0.007873298582322802,0.005940197783494355,0.006253051013118016,0.006253051013118016,0.007042092334890604,0.014680953494504793,0.0009765625,0.006253051013118016,0.007109482313750506,0.0021836601342771385,0.003088161777508183,0.007109482313750506,0.0068359375,0.011759369705851851,0.006176323555016366,0.007873298582322802,0.009003461384075085,0.008843149548962322,0.003088161777508183,0.006905339660024878,0.004367320268554277,0.003521046167445302,0.0021836601342771385,0.003521046167445302,0.0021836601342771385,0.013101960805662831,0.003521046167445302,0.005524271728019903,0.0021836601342771385,0.006905339660024878,0.0009765625,0.01760523083722651,0.003088161777508183,0.0048828125,0.0185546875,1,1,1.0
3.90625,4.098180294036865,7.0,0.08965647965669632,27.932920455932617,1.953125,24.832387924194336,2.870138645172119,0.78125,0.8788796067237854,0.07631571590900421,6107.0,151117.0,436982560.0,24.744882583618164,0.03146393224596977,1.6236220598220825,4.487322807312012,5.116502961755032e-06,0.0,0.03207549825310707,862,832,909,971,1021,1064,1039,1118,1150,1180,1176,1160,1116,1148,1128,1098,1065,1004,953,936,878,829,764,734,778,780,760,864,990,1085,1190,1176,1146,1096,1068,1052,1005,974,992,1000,1081,1117,1198,1211,1162,1143,1180,1128,1098,1066,989,943,974,936,892,813,858,889,1040,1161,1240,1211,1246,1227,1208,1166,1132,1096,1112,1078,1035,989,910,844,830,750,684,600,511,491,412,358,348,313,318,393,430,430,400,460,621,672,683,679,775,874,844,831,824,828,825,828,857,846,839,800,828,908,857,863,857,862,907,879,895,879,829,813,875,891,887,845,860,920,909,909,906,845,876,855,861,863,826,827,888,905,894,877,843,828,862,872,891,845,893,892,909,908,904,859,895,910,909,907,894,894,938,954,938,942,889,873,958,968,959,921,896,937,918,911,940,910,886,921,911,920,879,875,926,909,889,874,844,906,888,890,843,857,840,875,879,875,855,796,780,813,826,839,826,829,894,909,959,941,925,891,957,921,903,841,828,864,871,872,878,832,875,877,906,909,858,847,895,920,908,928,926,908,937,941,951,907,939,906,909,873,876,828,890,888,874,888,877,890,895,891,908,920,872,830,875,857,840,814,844,922,0.00048828125,0.28343874896362087,0.3838337879473608,0.2618735695301399,0.23396163091150124,0.3103640996130404,0.1706750772509827,0.11432456650408807,0.26684291101724295,0.2830296478377765,0.13763989354620323,0.03500673501745102,0.09166171898638527,0.10160474632170319,0.05902348920414678,0.09430277302650374,0.11302840856429912,0.08286407592029854,0.08567075077914574,0.05784845007664018,0.03625138904935661,0.01886055460530075,0.0386328914938525,0.023294649300540163,0.05305889729377392,0.043552935783159684,0.0166015625,0.029361906989009586,0.02108108705558877,0.02231183527108567,0.01878455474772592,0.012236293052872722,0.020132351687586234,0.020132351687586234,0.019773883526676354,0.005940197783494355,0.003521046167445302,0.02003738723504218,0.011388577919619728,0.004026470337517247,0.01708286687942959,0.015440808887540914,0.022798081113142094,0.019555648822754675,0.0107421875,0.009618025197066508,0.05313074417474783,0.05328309713165524,0.021417687694786434,0.0087890625,0.024119314521930602,0.013706707859002147,0.006905339660024878,0.01878455474772592,0.01019561182510796,0.009765625,0.011134525635733769,0.006176323555016366,0.01441877251975918,0.014778072217208551,0.01284467425582608,0.01800692276815017,0.0146484375,0.006905339660024878,0.029378142493147116,0.006176323555016366,0.009814331661250869,0.005859375,0.003521046167445302,0.001953125,0.022140203220223895,0.005694288959809864,0.007873298582322802,0.001953125,0.008052940675034493,0.007042092334890604,0.0027621358640099515,0.0021836601342771385,0.005940197783494355,0.009618025197066508,0.010918300671385692,0.011388577919619728,0.004026470337517247,0.003088161777508183,0.013101960805662831,0.003521046167445302,0.0029296875,0.0027621358640099515,0.0078125,0.0048828125,0.0048828125,0.004367320268554277,0.001953125,0.03180956538066861,0.006176323555016366,0.004026470337517247,0.007437278423695223,0.003521046167445302,0.007042092334890604,0.01313830473347042,0.0029296875,0.007109482313750506,0.007109482313750506,0.005694288959809864,0.0013810679320049757,0.004367320268554277,0.004367320268554277,0.0065509804028314154,0.011048543456039806,0.003521046167445302,0.005694288959809864,0.010563138502335907,0.003521046167445302,0.00390625,0.009814331661250869,0.007873298582322802,0.006176323555016366,0.005940197783494355,0.004026470337517247,0.011388577919619728,0.0,0.0065509804028314154,0.005940197783494355,0.007873298582322802,0.0013810679320049757,0.01953125,0.00390625,0.003521046167445302,0.0185546875,1,1,1.0
3.515625,4.02836275100708,7.0,0.08177205175161362,32.51827621459961,1.953125,24.78520393371582,2.772136926651001,0.78125,0.8908330798149109,0.07661505043506622,6155.0,154485.0,465361600.0,25.099105834960938,0.027394844219088554,1.5294787883758545,4.513821601867676,1.269161202799296e-06,0.0,0.029487354680895805,743,778,861,874,889,924,906,905,862,832,909,971,1021,1064,1039,1118,1150,1180,1176,1160,1116,1148,1128,1098,1065,1004,953,936,878,829,764,734,778,780,760,864,990,1085,1190,1176,1146,1096,1068,1052,1005,974,992,1000,1081,1117,1198,1211,1162,1143,1180,1128,1098,1066,989,943,974,936,892,813,858,889,1040,1161,1240,1211,1246,1227,1208,1166,1132,1096,1112,1078,1035,989,910,844,830,750,684,600,511,491,412,358,348,313,318,393,430,430,400,460,621,672,683,679,775,874,844,831,824,828,825,828,857,846,839,800,828,908,857,863,857,862,907,879,895,879,829,813,875,891,887,845,860,920,909,909,906,845,876,855,861,863,826,827,888,905,894,877,843,828,862,872,891,845,893,892,909,908,904,859,895,910,909,907,894,894,938,954,938,942,889,873,958,968,959,921,896,937,918,911,940,910,886,921,911,920,879,875,926,909,889,874,844,906,888,890,843,857,840,875,879,875,855,796,780,813,826,839,826,829,894,909,959,941,925,891,957,921,903,841,828,864,871,872,878,832,875,877,906,909,858,847,895,920,908,928,926,908,937,941,951,907,939,906,909,873,876,828,890,888,874,888,877,890,895,891,908,920,0.00341796875,0.2662453979667565,0.3918109438681662,0.2719424109360705,0.21698594655179068,0.32309316098275453,0.17952289505417635,0.1015812783120769,0.28740982631802997,0.28843497129511814,0.11616168861906248,0.04280196679845923,0.07478199109014315,0.078125,0.03869455616437295,0.09512340360848376,0.1365302830454715,0.09078355270853203,0.06636315237512502,0.033332125323976586,0.05006252194521991,0.041581384484460485,0.05329204550641505,0.04761180368456604,0.0701835297219959,0.030508787796510367,0.007873298582322802,0.03623823303765522,0.04239901044158674,0.03423544559171505,0.01019561182510796,0.029893023173855404,0.024119314521930602,0.007437278423695223,0.011388577919619728,0.021683206358568866,0.011048543456039806,0.015746597164645604,0.020531050821902968,0.01528562093993997,0.0087890625,0.005694288959809864,0.025465634395322848,0.0283875817456028,0.0027621358640099515,0.0065509804028314154,0.04531292093015696,0.06177095547214246,0.028168369339562415,0.017953883116064683,0.033260520245950005,0.016716057391234072,0.003088161777508183,0.014906579611790769,0.004367320268554277,0.020967686087484266,0.003088161777508183,0.0087890625,0.015655487833868553,0.004026470337517247,0.016858082521125067,0.00834375365753665,0.013982247132105814,0.01760523083722651,0.0205078125,0.016253239235442616,0.007873298582322802,0.009264485332524549,0.009003461384075085,0.009003461384075085,0.01800692276815017,0.007437278423695223,0.013282686043686957,0.007109482313750506,0.005258950006967289,0.003521046167445302,0.007042092334890604,0.0065509804028314154,0.005694288959809864,0.013282686043686957,0.014874556847390447,0.014906579611790769,0.007109482313750506,0.0021836601342771385,0.01800692276815017,0.007042092334890604,0.0048828125,0.008052940675034493,0.001953125,0.003521046167445302,0.009264485332524549,0.005258950006967289,0.009618025197066508,0.03401186477982031,0.007109482313750506,0.006253051013118016,0.01179984958358845,0.00390625,0.005940197783494355,0.01878455474772592,0.007873298582322802,0.0009765625,0.01179984958358845,0.0021836601342771385,0.004367320268554277,0.0068359375,0.008734640537108554,0.011920464468489943,0.00834375365753665,0.0021836601342771385,0.0041432037960149265,0.01313830473347042,0.005258950006967289,0.004026470337517247,0.011134525635733769,0.008734640537108554,0.007627196949127592,0.007437278423695223,0.005694288959809864,0.015746597164645604,0.005258950006967289,0.005859375,0.003088161777508183,0.004026470337517247,0.006176323555016366,0.021945512748285382,0.007042092334890604,0.005694288959809864,0.01171875,1,1,1.0
3.515625,4.376863479614258,6.0,0.08343975245952606,25.507917404174805,1.953125,25.594682693481445,2.9399375915527344,0.78125,0.8819833993911743,0.07755529880523682,6307.0,160973.0,500691712.0,25.522911071777344,0.03457684814929962,1.47061026096344,4.603304862976074,6.069156006560661e-05,0.0,0.037162136286497116,640,634,679,651,667,634,605,680,743,778,861,874,889,924,906,905,862,832,909,971,1021,1064,1039,1118,1150,1180,1176,1160,1116,1148,1128,1098,1065,1004,953,936,878,829,764,734,778,780,760,864,990,1085,1190,1176,1146,1096,1068,1052,1005,974,992,1000,1081,1117,1198,1211,1162,1143,1180,1128,1098,1066,989,943,974,936,892,813,858,889,1040,1161,1240,1211,1246,1227,1208,1166,1132,1096,1112,1078,1035,989,910,844,830,750,684,600,511,491,412,358,348,313,318,393,430,430,400,460,621,672,683,679,775,874,844,831,824,828,825,828,857,846,839,800,828,908,857,863,857,862,907,879,895,879,829,813,875,891,887,845,860,920,909,909,906,845,876,855,861,863,826,827,888,905,894,877,843,828,862,872,891,845,893,892,909,908,904,859,895,910,909,907,894,894,938,954,938,942,889,873,958,968,959,921,896,937,918,911,940,910,886,921,911,920,879,875,926,909,889,874,844,906,888,890,843,857,840,875,879,875,855,796,780,813,826,839,826,829,894,909,959,941,925,891,957,921,903,841,828,864,871,872,878,832,875,877,906,909,858,847,895,920,908,928,926,908,937,941,951,907,939,906,909,873,876,828,890,888,0.0029296875,0.2181672098586759,0.42777450582290577,0.29465659633822044,0.16572815184059708,0.37361014616950755,0.18760423941631132,0.11809947873484204,0.32638232357555474,0.26184443402408714,0.09791469707266642,0.0882371640474728,0.0439453125,0.08212420328761187,0.07044800311277903,0.13091766425678822,0.14001672372385837,0.056640625,0.0670707220066124,0.055526831936833984,0.05101546049456632,0.02847144479904932,0.046394427813358216,0.029361906989009586,0.05669111435039059,0.03936649291161401,0.005258950006967289,0.02777629424478104,0.03623823303765522,0.03406789754396955,0.007042092334890604,0.027981540589637505,0.023212625632821705,0.005940197783494355,0.014938533731228863,0.02108108705558877,0.013101960805662831,0.009003461384075085,0.01313830473347042,0.012352647110032733,0.010918300671385692,0.013706707859002147,0.031310975667737106,0.022881590847382775,0.014084184669781208,0.0166875073150733,0.057443129569737274,0.05064961906207008,0.016016815885602272,0.009959022487485907,0.021683206358568866,0.009264485332524549,0.009003461384075085,0.01760523083722651,0.009003461384075085,0.012079411012551739,0.0078125,0.003521046167445302,0.015254393898255184,0.009003461384075085,0.0126953125,0.01313830473347042,0.012236293052872722,0.015254393898255184,0.022545696055889054,0.013601941676937616,0.005940197783494355,0.008400708268596315,0.0041432037960149265,0.004979511243742954,0.020600608505594715,0.006253051013118016,0.008052940675034493,0.0013810679320049757,0.009212872199274027,0.007437278423695223,0.0021836601342771385,0.003521046167445302,0.009264485332524549,0.007109482313750506,0.007437278423695223,0.009959022487485907,0.004367320268554277,0.005694288959809864,0.01179984958358845,0.004367320268554277,0.003088161777508183,0.0041432037960149265,0.007437278423695223,0.0,0.005940197783494355,0.004026470337517247,0.009003461384075085,0.033673710253059895,0.007627196949127592,0.005694288959809864,0.010054326309557618,0.005940197783494355,0.0021836601342771385,0.0192608231673008,0.004026470337517247,0.0048828125,0.007042092334890604,0.005524271728019903,0.004367320268554277,0.0029296875,0.004026470337517247,0.00390625,0.013566839833447074,0.006905339660024878,0.012079411012551739,0.0048828125,0.003088161777508183,0.005859375,0.003521046167445302,0.003088161777508183,0.004367320268554277,0.0027621358640099515,0.00390625,0.009959022487485907,0.0009765625,0.006253051013118016,0.003521046167445302,0.0065509804028314154,0.0013810679320049757,0.019773883526676354,0.004026470337517247,0.003521046167445302,0.0146484375,1,1,1.0
3.515625,3.8497097492218018,5.0,0.08582654595375061,32.7762565612793,1.953125,31.466876983642578,2.7799642086029053,0.78125,0.8871079087257385,0.08006621152162552,6722.0,191880.0,659231872.0,28.545076370239258,0.027065565809607506,1.3109691143035889,5.168492317199707,4.183599594398402e-05,0.0,0.027734732255339622,943,892,812,734,714,687,687,680,640,634,679,651,667,634,605,680,743,778,861,874,889,924,906,905,862,832,909,971,1021,1064,1039,1118,1150,1180,1176,1160,1116,1148,1128,1098,1065,1004,953,936,878,829,764,734,778,780,760,864,990,1085,1190,1176,1146,1096,1068,1052,1005,974,992,1000,1081,1117,1198,1211,1162,1143,1180,1128,1098,1066,989,943,974,936,892,813,858,889,1040,1161,1240,1211,1246,1227,1208,1166,1132,1096,1112,1078,1035,989,910,844,830,750,684,600,511,491,412,358,348,313,318,393,430,430,400,460,621,672,683,679,775,874,844,831,824,828,825,828,857,846,839,800,828,908,857,863,857,862,907,879,895,879,829,813,875,891,887,845,860,920,909,909,906,845,876,855,861,863,826,827,888,905,894,877,843,828,862,872,891,845,893,892,909,908,904,859,895,910,909,907,894,894,938,954,938,942,889,873,958,968,959,921,896,937,918,911,940,910,886,921,911,920,879,875,926,909,889,874,844,906,888,890,843,857,840,875,879,875,855,796,780,813,826,839,826,829,894,909,959,941,925,891,957,921,903,841,828,864,871,872,878,832,875,877,906,909,858,847,895,920,908,928,926,908,937,941,951,907,0.00048828125,0.20806053102477773,0.43735719802531065,0.297824345580264,0.15747202791351647,0.3857236447283716,0.18357816589443327,0.13137578840227873,0.32719507596664166,0.24694676382288888,0.11105366387366797,0.09100912832231875,0.0595703125,0.09692106074843364,0.07642810469969984,0.121537901441552,0.1232211377625767,0.0701835297219959,0.07730280244985664,0.04848512338791566,0.04337740686428283,0.03452669830012439,0.052407843222651324,0.04688517142249142,0.0659595499639386,0.022651198251451565,0.015746597164645604,0.04473040035390151,0.033332125323976586,0.018528970665049098,0.019652941208494246,0.01800692276815017,0.01792730444402912,0.01800692276815017,0.013810679320049757,0.012506102026236032,0.00390625,0.020716018980074635,0.018961413905222265,0.01313830473347042,0.009003461384075085,0.0068359375,0.029813159223581537,0.027413415718004295,0.010786485368346935,0.015254393898255184,0.05353308622525682,0.053148690719483506,0.017953883116064683,0.0126953125,0.024158822025103478,0.009814331661250869,0.0065509804028314154,0.015655487833868553,0.007873298582322802,0.014680953494504793,0.004979511243742954,0.0065509804028314154,0.011430371006562134,0.008843149548962322,0.015440808887540914,0.012732817197661424,0.013982247132105814,0.010381001770248682,0.026057937625246747,0.009959022487485907,0.010054326309557618,0.0029296875,0.007873298582322802,0.005859375,0.017304731588544287,0.004979511243742954,0.010563138502335907,0.005258950006967289,0.006176323555016366,0.006176323555016366,0.0029296875,0.0009765625,0.007627196949127592,0.007042092334890604,0.008052940675034493,0.009618025197066508,0.0041432037960149265,0.0048828125,0.012352647110032733,0.005258950006967289,0.003521046167445302,0.005940197783494355,0.004367320268554277,0.0021836601342771385,0.00834375365753665,0.006253051013118016,0.008843149548962322,0.03554741156875253,0.004367320268554277,0.001953125,0.007109482313750506,0.0041432037960149265,0.004026470337517247,0.015440808887540914,0.00390625,0.004367320268554277,0.009765625,0.003088161777508183,0.001953125,0.0048828125,0.005524271728019903,0.007437278423695223,0.0126953125,0.0048828125,0.009814331661250869,0.005258950006967289,0.0021836601342771385,0.005258950006967289,0.0041432037960149265,0.001953125,0.0021836601342771385,0.0021836601342771385,0.0029296875,0.008843149548962322,0.0013810679320049757,0.007873298582322802,0.004367320268554277,0.006905339660024878,0.0009765625,0.019773883526676354,0.004026470337517247,0.0041432037960149265,0.0146484375,1,1,1.0
3.515625,3.7903077602386475,5.0,0.08556105196475983,33.23031234741211,1.953125,33.67256164550781,2.7655694484710693,0.78125,0.8877246379852295,0.08069503307342529,6828.0,200573.0,697499456.0,29.375072479248047,0.026714304462075233,1.2856419086456299,5.365161895751953,1.1440325806688634e-06,0.0,0.02710745297372341,940,909,956,956,957,952,1020,989,943,892,812,734,714,687,687,680,640,634,679,651,667,634,605,680,743,778,861,874,889,924,906,905,862,832,909,971,1021,1064,1039,1118,1150,1180,1176,1160,1116,1148,1128,1098,1065,1004,953,936,878,829,764,734,778,780,760,864,990,1085,1190,1176,1146,1096,1068,1052,1005,974,992,1000,1081,1117,1198,1211,1162,1143,1180,1128,1098,1066,989,943,974,936,892,813,858,889,1040,1161,1240,1211,1246,1227,1208,1166,1132,1096,1112,1078,1035,989,910,844,830,750,684,600,511,491,412,358,348,313,318,393,430,430,400,460,621,672,683,679,775,874,844,831,824,828,825,828,857,846,839,800,828,908,857,863,857,862,907,879,895,879,829,813,875,891,887,845,860,920,909,909,906,845,876,855,861,863,826,827,888,905,894,877,843,828,862,872,891,845,893,892,909,908,904,859,895,910,909,907,894,894,938,954,938,942,889,873,958,968,959,921,896,937,918,911,940,910,886,921,911,920,879,875,926,909,889,874,844,906,888,890,843,857,840,875,879,875,855,796,780,813,826,839,826,829,894,909,959,941,925,891,957,921,903,841,828,864,871,872,878,832,875,877,906,909,858,847,895,920,0.00341796875,0.20749367945592984,0.43989994645444663,0.29483940537753583,0.16122748165956435,0.3835342765122377,0.18393108138701114,0.12705824974445776,0.3289146005472013,0.25138661176892485,0.10546875,0.09596683215327656,0.056892623686052766,0.10160474632170319,0.08315130061487501,0.1229460772657634,0.11611652546193225,0.0759775666707419,0.08079542496825412,0.044804959949040865,0.04642525126564341,0.04306850990468739,0.060672752214879166,0.050413708981016825,0.05862629304610795,0.0235996991671769,0.015655487833868553,0.0388789633542859,0.03125,0.025559086578715626,0.012506102026236032,0.02376079113397742,0.016016815885602272,0.01188039556698871,0.019628663322501738,0.007627196949127592,0.001953125,0.023940723969006372,0.01953125,0.014906579611790769,0.013028968812623373,0.003521046167445302,0.0318844291353799,0.03340357690720131,0.012352647110032733,0.019773883526676354,0.0567751634912056,0.05027163154778809,0.013879560940968648,0.009814331661250869,0.022545696055889054,0.012732817197661424,0.0029296875,0.013879560940968648,0.008400708268596315,0.0170549308560283,0.005524271728019903,0.009212872199274027,0.010517900013934578,0.011920464468489943,0.01188039556698871,0.014218964627501012,0.011430371006562134,0.01441877251975918,0.024492062898407135,0.010786485368346935,0.007109482313750506,0.0048828125,0.0065509804028314154,0.004367320268554277,0.015440808887540914,0.0041432037960149265,0.012732817197661424,0.009618025197066508,0.0027621358640099515,0.007873298582322802,0.007873298582322802,0.004026470337517247,0.008734640537108554,0.0068359375,0.0029296875,0.011388577919619728,0.004979511243742954,0.007109482313750506,0.012506102026236032,0.010054326309557618,0.007109482313750506,0.009618025197066508,0.0009765625,0.0065509804028314154,0.011134525635733769,0.007437278423695223,0.003521046167445302,0.031158312760827766,0.007042092334890604,0.006253051013118016,0.0126953125,0.005694288959809864,0.0021836601342771385,0.018657200365764452,0.0013810679320049757,0.008286407592029853,0.005694288959809864,0.007437278423695223,0.0021836601342771385,0.008734640537108554,0.004979511243742954,0.010517900013934578,0.010563138502335907,0.0027621358640099515,0.009765625,0.006176323555016366,0.00390625,0.006253051013118016,0.0027621358640099515,0.0013810679320049757,0.00390625,0.0029296875,0.003521046167445302,0.009959022487485907,0.0009765625,0.007109482313750506,0.0048828125,0.006253051013118016,0.001953125,0.0205078125,0.0041432037960149265,0.0041432037960149265,0.015625,1,1,1.0
3.515625,3.890889883041382,5.0,0.0886504203081131,32.17866134643555,1.953125,33.999977111816406,2.80580472946167,0.78125,0.8838816285133362,0.08095461875200272,6872.0,202912.0,701848320.0,29.52735710144043,0.027467943727970123,1.315526008605957,5.383268356323242,5.5702072131680325e-05,0.0,0.02957581728696823,409,479,525,560,654,684,777,830,940,909,956,956,957,952,1020,989,943,892,812,734,714,687,687,680,640,634,679,651,667,634,605,680,743,778,861,874,889,924,906,905,862,832,909,971,1021,1064,1039,1118,1150,1180,1176,1160,1116,1148,1128,1098,1065,1004,953,936,878,829,764,734,778,780,760,864,990,1085,1190,1176,1146,1096,1068,1052,1005,974,992,1000,1081,1117,1198,1211,1162,1143,1180,1128,1098,1066,989,943,974,936,892,813,858,889,1040,1161,1240,1211,1246,1227,1208,1166,1132,1096,1112,1078,1035,989,910,844,830,750,684,600,511,491,412,358,348,313,318,393,430,430,400,460,621,672,683,679,775,874,844,831,824,828,825,828,857,846,839,800,828,908,857,863,857,862,907,879,895,879,829,813,875,891,887,845,860,920,909,909,906,845,876,855,861,863,826,827,888,905,894,877,843,828,862,872,891,845,893,892,909,908,904,859,895,910,909,907,894,894,938,954,938,942,889,873,958,968,959,921,896,937,918,911,940,910,886,921,911,920,879,875,926,909,889,874,844,906,888,890,843,857,840,875,879,875,855,796,780,813,826,839,826,829,894,909,959,941,925,891,957,921,903,841,828,864,871,872,878,832,0.001953125,0.194600753930132,0.52297908010273,0.21344091007753543,0.24652159299539722,0.3058402921489545,0.21451724124077015,0.045575241756164196,0.3886988644837756,0.2872438699650865,0.11181107554160066,0.16793751980746302,0.12150651049341,0.16861476424294264,0.10517900013934578,0.0596423104867284,0.14171937448181043,0.10812976980989382,0.02489755621871477,0.055672628178668845,0.07168926621965997,0.020320949264340638,0.019384212149686726,0.04737083138919884,0.09361257016799096,0.02627660946694084,0.038989189018900645,0.0656915236673521,0.022798081113142094,0.019457869965987574,0.01727715430952552,0.024119314521930602,0.028721564784868637,0.0021836601342771385,0.0283875817456028,0.012352647110032733,0.013101960805662831,0.035224001556389516,0.03066468450802262,0.026939676219011176,0.01188039556698871,0.009765625,0.04293544518941525,0.027621358640099514,0.02161713244255728,0.016164985700436375,0.05459150335692846,0.06201748558323214,0.031081700122733494,0.024647323172117114,0.029442994983752607,0.005859375,0.01875915303935405,0.026654968874914416,0.009959022487485907,0.022545696055889054,0.008400708268596315,0.018347943582085875,0.004026470337517247,0.019457869965987574,0.016716057391234072,0.025559086578715626,0.0013810679320049757,0.023619895746968406,0.017304731588544287,0.01824369305885684,0.0068359375,0.014084184669781208,0.013282686043686957,0.012236293052872722,0.007873298582322802,0.014084184669781208,0.021417687694786434,0.013028968812623373,0.007437278423695223,0.016253239235442616,0.007873298582322802,0.007873298582322802,0.01284467425582608,0.007109482313750506,0.010918300671385692,0.009264485332524549,0.008843149548962322,0.008843149548962322,0.0065509804028314154,0.010918300671385692,0.011759369705851851,0.014680953494504793,0.005258950006967289,0.011759369705851851,0.016253239235442616,0.011134525635733769,0.001953125,0.025465634395322848,0.013810679320049757,0.012079411012551739,0.014517645261053229,0.012079411012551739,0.005940197783494355,0.014218964627501012,0.007109482313750506,0.009765625,0.015655487833868553,0.004367320268554277,0.008843149548962322,0.004026470337517247,0.009618025197066508,0.003521046167445302,0.014517645261053229,0.012079411012551739,0.006253051013118016,0.017686299097924643,0.012079411012551739,0.009264485332524549,0.013982247132105814,0.011134525635733769,0.013706707859002147,0.013028968812623373,0.013982247132105814,0.017578125,0.008052940675034493,0.008734640537108554,0.009814331661250869,0.0065509804028314154,0.0065509804028314154,0.01680141653719263,0.001953125,0.01019561182510796,0.009765625,1,1,1.0
4.6875,4.493298053741455,4.0,0.0978156253695488,21.96582794189453,3.125,50.880008697509766,3.1500887870788574,0.78125,0.8629006147384644,0.08764070272445679,8054.0,286793.0,1011855936.0,35.6087646484375,0.03928377479314804,1.8102647066116333,6.450352668762207,1.551951572764665e-05,0.0,0.047846365720033646,728,653,604,508,407,335,374,377,409,479,525,560,654,684,777,830,940,909,956,956,957,952,1020,989,943,892,812,734,714,687,687,680,640,634,679,651,667,634,605,680,743,778,861,874,889,924,906,905,862,832,909,971,1021,1064,1039,1118,1150,1180,1176,1160,1116,1148,1128,1098,1065,1004,953,936,878,829,764,734,778,780,760,864,990,1085,1190,1176,1146,1096,1068,1052,1005,974,992,1000,1081,1117,1198,1211,1162,1143,1180,1128,1098,1066,989,943,974,936,892,813,858,889,1040,1161,1240,1211,1246,1227,1208,1166,1132,1096,1112,1078,1035,989,910,844,830,750,684,600,511,491,412,358,348,313,318,393,430,430,400,460,621,672,683,679,775,874,844,831,824,828,825,828,857,846,839,800,828,908,857,863,857,862,907,879,895,879,829,813,875,891,887,845,860,920,909,909,906,845,876,855,861,863,826,827,888,905,894,877,843,828,862,872,891,845,893,892,909,908,904,859,895,910,909,907,894,894,938,954,938,942,889,873,958,968,959,921,896,937,918,911,940,910,886,921,911,920,879,875,926,909,889,874,844,906,888,890,843,857,840,875,879,875,855,796,780,813,826,839,826,829,894,909,959,941,925,891,957,921,0.001953125,0.22269051271467538,0.5788322452908757,0.14471588713158362,0.30889182844829177,0.24097359907604018,0.2809005261490628,0.07279813305483548,0.4443262790845892,0.2464209908845737,0.16815600935275943,0.16013838505543904,0.13791676562594796,0.1435414003204547,0.055672628178668845,0.08893155292671455,0.1555710345847125,0.06481462307048874,0.06392569472286383,0.05808700139829317,0.04005097002814429,0.028117539157984314,0.04865202619953574,0.048238629043861204,0.0676934641625913,0.020531050821902968,0.017469281074217108,0.04350911994129973,0.029442994983752607,0.024705294220065465,0.01284467425582608,0.026565372087373914,0.010381001770248682,0.018347943582085875,0.024705294220065465,0.009618025197066508,0.012732817197661424,0.026203921611325662,0.02681548870653512,0.019236050394133015,0.013028968812623373,0.019773883526676354,0.01878455474772592,0.02485922277608956,0.0041432037960149265,0.017578125,0.05002440810494413,0.0528517934677141,0.009814331661250869,0.009618025197066508,0.019918044974971814,0.01878455474772592,0.003521046167445302,0.008286407592029853,0.013982247132105814,0.013101960805662831,0.01019561182510796,0.0021836601342771385,0.015254393898255184,0.006176323555016366,0.018657200365764452,0.01441877251975918,0.012732817197661424,0.013601941676937616,0.021683206358568866,0.0126953125,0.0065509804028314154,0.006176323555016366,0.007873298582322802,0.005524271728019903,0.013706707859002147,0.005940197783494355,0.011759369705851851,0.006253051013118016,0.005258950006967289,0.004367320268554277,0.007627196949127592,0.004979511243742954,0.008400708268596315,0.009618025197066508,0.001953125,0.012732817197661424,0.005859375,0.007437278423695223,0.016630260122975003,0.008400708268596315,0.003088161777508183,0.005258950006967289,0.004979511243742954,0.0021836601342771385,0.007873298582322802,0.005694288959809864,0.006253051013118016,0.03304477405407936,0.006176323555016366,0.0048828125,0.009212872199274027,0.005940197783494355,0.003088161777508183,0.013982247132105814,0.005694288959809864,0.0029296875,0.011134525635733769,0.0027621358640099515,0.006176323555016366,0.005694288959809864,0.0021836601342771385,0.009814331661250869,0.0065509804028314154,0.0027621358640099515,0.005694288959809864,0.00966747552403483,0.006176323555016366,0.005940197783494355,0.004367320268554277,0.0009765625,0.004367320268554277,0.0029296875,0.007042092334890604,0.008052940675034493,0.0027621358640099515,0.004026470337517247,0.0013810679320049757,0.004026470337517247,0.004979511243742954,0.02378085090212094,0.006176323555016366,0.0021836601342771385,0.017578125,1,1,1.0
3.90625,3.4980101585388184,3.0,0.07388678938150406,42.40957260131836,3.125,56.179203033447266,2.689664125442505,0.78125,0.9047788977622986,0.09171892702579498,8821.0,351322.0,1464542976.0,39.827911376953125,0.02133430913090706,1.6970765590667725,6.895599365234375,1.4169148016662803e-05,0.0,0.02372679114341736,1079,1022,969,955,905,858,807,718,728,653,604,508,407,335,374,377,409,479,525,560,654,684,777,830,940,909,956,956,957,952,1020,989,943,892,812,734,714,687,687,680,640,634,679,651,667,634,605,680,743,778,861,874,889,924,906,905,862,832,909,971,1021,1064,1039,1118,1150,1180,1176,1160,1116,1148,1128,1098,1065,1004,953,936,878,829,764,734,778,780,760,864,990,1085,1190,1176,1146,1096,1068,1052,1005,974,992,1000,1081,1117,1198,1211,1162,1143,1180,1128,1098,1066,989,943,974,936,892,813,858,889,1040,1161,1240,1211,1246,1227,1208,1166,1132,1096,1112,1078,1035,989,910,844,830,750,684,600,511,491,412,358,348,313,318,393,430,430,400,460,621,672,683,679,775,874,844,831,824,828,825,828,857,846,839,800,828,908,857,863,857,862,907,879,895,879,829,813,875,891,887,845,860,920,909,909,906,845,876,855,861,863,826,827,888,905,894,877,843,828,862,872,891,845,893,892,909,908,904,859,895,910,909,907,894,894,938,954,938,942,889,873,958,968,959,921,896,937,918,911,940,910,886,921,911,920,879,875,926,909,889,874,844,906,888,890,843,857,840,875,879,875,855,796,780,813,826,839,826,829,0.00341796875,0.2037367777834479,0.568842417156668,0.1611446491864554,0.3080276898904672,0.23786865533815676,0.2835363072419722,0.07109482313750506,0.4683520853399557,0.24665888731090377,0.19439481677142953,0.1624032539530266,0.14517645261053228,0.1236229384880094,0.03648738611771368,0.11200282120557416,0.13535170341803632,0.07607164880527519,0.06239309705063784,0.035814689103305174,0.06527646471511095,0.02039122365021592,0.0235996991671769,0.05715185503281067,0.08965779839472014,0.003088161777508183,0.03756910949545184,0.036604814089826784,0.03316001337177665,0.04367320268554277,0.029264304812054096,0.03564118670096613,0.018528970665049098,0.029296875,0.008843149548962322,0.019555648822754675,0.005859375,0.023212625632821705,0.025031260972609954,0.023457836229422487,0.004026470337517247,0.020716018980074635,0.029442994983752607,0.013810679320049757,0.015191747252054731,0.0205078125,0.045658866123285,0.05539786954563607,0.008734640537108554,0.012079411012551739,0.027964494264211628,0.023478154844084585,0.01179984958358845,0.007873298582322802,0.0166875073150733,0.010517900013934578,0.005524271728019903,0.011048543456039806,0.006176323555016366,0.0146484375,0.008400708268596315,0.01313830473347042,0.016858082521125067,0.009212872199274027,0.029378142493147116,0.011430371006562134,0.009814331661250869,0.01019561182510796,0.0021836601342771385,0.0048828125,0.014084184669781208,0.009618025197066508,0.01727715430952552,0.007109482313750506,0.0068359375,0.005859375,0.005524271728019903,0.0068359375,0.007627196949127592,0.013879560940968648,0.005524271728019903,0.019186408891004394,0.007437278423695223,0.005940197783494355,0.01878455474772592,0.004026470337517247,0.003088161777508183,0.007873298582322802,0.0013810679320049757,0.008843149548962322,0.010517900013934578,0.004979511243742954,0.007873298582322802,0.034402177644157296,0.007109482313750506,0.003521046167445302,0.006176323555016366,0.0013810679320049757,0.007042092334890604,0.021417687694786434,0.0021836601342771385,0.008052940675034493,0.011759369705851851,0.0041432037960149265,0.007109482313750506,0.003521046167445302,0.007042092334890604,0.010054326309557618,0.005258950006967289,0.007873298582322802,0.006176323555016366,0.010918300671385692,0.009003461384075085,0.008052940675034493,0.004367320268554277,0.004026470337517247,0.0027621358640099515,0.005859375,0.009264485332524549,0.011134525635733769,0.004367320268554277,0.0048828125,0.004026470337517247,0.005694288959809864,0.0021836601342771385,0.022545696055889054,0.009212872199274027,0.0021836601342771385,0.021484375,1,1,1.0
3.90625,3.7935690879821777,3.0,0.06831440329551697,33.88497543334961,3.125,51.7609748840332,2.8404011726379395,0.78125,0.9049782156944275,0.0926036685705185,8992.0,339300.0,1474648960.0,37.73353958129883,0.0267073605209589,1.4751596450805664,6.664745330810547,4.257052933098748e-05,0.0,0.02759094350039959,809,958,1143,1210,1148,1119,1132,1112,1079,1022,969,955,905,858,807,718,728,653,604,508,407,335,374,377,409,479,525,560,654,684,777,830,940,909,956,956,957,952,1020,989,943,892,812,734,714,687,687,680,640,634,679,651,667,634,605,680,743,778,861,874,889,924,906,905,862,832,909,971,1021,1064,1039,1118,1150,1180,1176,1160,1116,1148,1128,1098,1065,1004,953,936,878,829,764,734,778,780,760,864,990,1085,1190,1176,1146,1096,1068,1052,1005,974,992,1000,1081,1117,1198,1211,1162,1143,1180,1128,1098,1066,989,943,974,936,892,813,858,889,1040,1161,1240,1211,1246,1227,1208,1166,1132,1096,1112,1078,1035,989,910,844,830,750,684,600,511,491,412,358,348,313,318,393,430,430,400,460,621,672,683,679,775,874,844,831,824,828,825,828,857,846,839,800,828,908,857,863,857,862,907,879,895,879,829,813,875,891,887,845,860,920,909,909,906,845,876,855,861,863,826,827,888,905,894,877,843,828,862,872,891,845,893,892,909,908,904,859,895,910,909,907,894,894,938,954,938,942,889,873,958,968,959,921,896,937,918,911,940,910,886,921,911,920,879,875,926,909,889,874,844,906,888,890,843,857,840,875,879,875,0.0,0.18190557373634172,0.5599732338094454,0.18417979105909071,0.3181031489034416,0.2286095059558524,0.3017973148699228,0.09480706952611133,0.5066138572945198,0.23252033103731623,0.22898256247150267,0.14656573261526987,0.1331137438389745,0.08106057019315287,0.06738988866830514,0.12490841371343345,0.09871013367796974,0.12097555976134317,0.020600608505594715,0.07427655027268132,0.06844999573779319,0.026565372087373914,0.057443129569737274,0.08759172264254357,0.05729351618700246,0.04336641271713773,0.014084184669781208,0.04337740686428283,0.05022418308837418,0.0013810679320049757,0.022545696055889054,0.032122820709762745,0.021836601342771385,0.030289184412638327,0.0436404354912194,0.029749113694780893,0.03066468450802262,0.017469281074217108,0.011759369705851851,0.003521046167445302,0.019749754312653012,0.004367320268554277,0.04074735555668958,0.0146484375,0.021506558149946522,0.014938533731228863,0.0328276099882258,0.06638470468498961,0.018528970665049098,0.01886055460530075,0.03250647847088523,0.027010384152225255,0.01589728573837862,0.012732817197661424,0.015440808887540914,0.0146484375,0.0,0.011430371006562134,0.013101960805662831,0.010918300671385692,0.01528562093993997,0.010381001770248682,0.014517645261053229,0.0126953125,0.021683206358568866,0.012506102026236032,0.007109482313750506,0.0029296875,0.0078125,0.003088161777508183,0.01680141653719263,0.003088161777508183,0.013566839833447074,0.009765625,0.0041432037960149265,0.007437278423695223,0.004367320268554277,0.0048828125,0.007109482313750506,0.013282686043686957,0.005524271728019903,0.017953883116064683,0.005940197783494355,0.0021836601342771385,0.014906579611790769,0.007042092334890604,0.0078125,0.011430371006562134,0.006176323555016366,0.008400708268596315,0.003088161777508183,0.003088161777508183,0.011134525635733769,0.03623823303765522,0.005694288959809864,0.005940197783494355,0.011388577919619728,0.00834375365753665,0.004979511243742954,0.0126953125,0.007873298582322802,0.0027621358640099515,0.0068359375,0.006253051013118016,0.0009765625,0.0021836601342771385,0.005859375,0.006176323555016366,0.008052940675034493,0.008286407592029853,0.005694288959809864,0.011759369705851851,0.008843149548962322,0.0078125,0.004367320268554277,0.0021836601342771385,0.0041432037960149265,0.004979511243742954,0.0065509804028314154,0.00966747552403483,0.001953125,0.0068359375,0.0029296875,0.0065509804028314154,0.008843149548962322,0.026565372087373914,0.005258950006967289,0.006176323555016366,0.013671875,1,1,1.0
3.90625,3.7056360244750977,4.0,0.06853721290826797,33.189029693603516,3.125,46.882320404052734,2.909355401992798,0.78125,0.904218316078186,0.09463087469339371,9390.0,328802.0,1587209728.0,35.01618576049805,0.02724449150264263,1.2217445373535156,6.41278076171875,0.0,0.0,0.026534130796790123,556,523,568,653,680,686,648,685,809,958,1143,1210,1148,1119,1132,1112,1079,1022,969,955,905,858,807,718,728,653,604,508,407,335,374,377,409,479,525,560,654,684,777,830,940,909,956,956,957,952,1020,989,943,892,812,734,714,687,687,680,640,634,679,651,667,634,605,680,743,778,861,874,889,924,906,905,862,832,909,971,1021,1064,1039,1118,1150,1180,1176,1160,1116,1148,1128,1098,1065,1004,953,936,878,829,764,734,778,780,760,864,990,1085,1190,1176,1146,1096,1068,1052,1005,974,992,1000,1081,1117,1198,1211,1162,1143,1180,1128,1098,1066,989,943,974,936,892,813,858,889,1040,1161,1240,1211,1246,1227,1208,1166,1132,1096,1112,1078,1035,989,910,844,830,750,684,600,511,491,412,358,348,313,318,393,430,430,400,460,621,672,683,679,775,874,844,831,824,828,825,828,857,846,839,800,828,908,857,863,857,862,907,879,895,879,829,813,875,891,887,845,860,920,909,909,906,845,876,855,861,863,826,827,888,905,894,877,843,828,862,872,891,845,893,892,909,908,904,859,895,910,909,907,894,894,938,954,938,942,889,873,958,968,959,921,896,937,918,911,940,910,886,921,911,920,879,875,926,909,889,874,844,906,0.00390625,0.236652750313528,0.5415133723952809,0.1980978153483798,0.25625788978898106,0.2892620325907553,0.26131396518999955,0.09502811216714126,0.5471975192945142,0.25462825530737726,0.28334620577424385,0.14883850542047505,0.13051274637111898,0.04555431167847891,0.11487380691921584,0.11373914058955598,0.1201330655156014,0.12649406183953482,0.026939676219011176,0.08710587156631937,0.0341796875,0.025012204052472065,0.04981426072209707,0.06114248375975988,0.07139600283763375,0.0192608231673008,0.021417687694786434,0.024724587697601882,0.05353308622525682,0.015776850020901866,0.03274034104343791,0.024724587697601882,0.031035641761856844,0.03102027377786834,0.05211587525049349,0.03758179961893331,0.04033569614856129,0.019773883526676354,0.010517900013934578,0.01171875,0.021126277004671814,0.01171875,0.04225255400934363,0.0048828125,0.019773883526676354,0.020132351687586234,0.042979845868487083,0.05715185503281067,0.009212872199274027,0.011134525635733769,0.024705294220065465,0.024492062898407135,0.011759369705851851,0.0048828125,0.01886055460530075,0.009003461384075085,0.005694288959809864,0.012236293052872722,0.008286407592029853,0.013282686043686957,0.013282686043686957,0.009959022487485907,0.015746597164645604,0.011134525635733769,0.022651198251451565,0.010563138502335907,0.009765625,0.004026470337517247,0.003521046167445302,0.0021836601342771385,0.015746597164645604,0.009765625,0.01727715430952552,0.005258950006967289,0.009618025197066508,0.0013810679320049757,0.011430371006562134,0.009765625,0.013879560940968648,0.005940197783494355,0.003088161777508183,0.010054326309557618,0.005940197783494355,0.009003461384075085,0.017820593350483065,0.007873298582322802,0.0013810679320049757,0.007042092334890604,0.0009765625,0.007873298582322802,0.007109482313750506,0.0009765625,0.01179984958358845,0.03869455616437295,0.0041432037960149265,0.005940197783494355,0.011388577919619728,0.007627196949127592,0.005940197783494355,0.013982247132105814,0.007042092334890604,0.004979511243742954,0.005859375,0.004979511243742954,0.004979511243742954,0.0021836601342771385,0.005258950006967289,0.011430371006562134,0.004367320268554277,0.003088161777508183,0.006176323555016366,0.010918300671385692,0.007627196949127592,0.007873298582322802,0.004026470337517247,0.003521046167445302,0.00390625,0.001953125,0.006905339660024878,0.007042092334890604,0.004979511243742954,0.0021836601342771385,0.0013810679320049757,0.004026470337517247,0.0048828125,0.02458921545315268,0.005940197783494355,0.004026470337517247,0.0166015625,1,1,1.0
3.90625,3.5559825897216797,2.0,0.06639251857995987,34.115501403808594,0.78125,44.87057876586914,2.9425065517425537,3.125,0.9070206880569458,0.09728445112705231,9924.0,313970.0,1694826368.0,31.6374454498291,0.026586763560771942,1.0211037397384644,6.2727837562561035,5.0379061576677486e-05,2.34375,0.024105021730065346,863,799,743,696,663,669,621,600,556,523,568,653,680,686,648,685,809,958,1143,1210,1148,1119,1132,1112,1079,1022,969,955,905,858,807,718,728,653,604,508,407,335,374,377,409,479,525,560,654,684,777,830,940,909,956,956,957,952,1020,989,943,892,812,734,714,687,687,680,640,634,679,651,667,634,605,680,743,778,861,874,889,924,906,905,862,832,909,971,1021,1064,1039,1118,1150,1180,1176,1160,1116,1148,1128,1098,1065,1004,953,936,878,829,764,734,778,780,760,864,990,1085,1190,1176,1146,1096,1068,1052,1005,974,992,1000,1081,1117,1198,1211,1162,1143,1180,1128,1098,1066,989,943,974,936,892,813,858,889,1040,1161,1240,1211,1246,1227,1208,1166,1132,1096,1112,1078,1035,989,910,844,830,750,684,600,511,491,412,358,348,313,318,393,430,430,400,460,621,672,683,679,775,874,844,831,824,828,825,828,857,846,839,800,828,908,857,863,857,862,907,879,895,879,829,813,875,891,887,845,860,920,909,909,906,845,876,855,861,863,826,827,888,905,894,877,843,828,862,872,891,845,893,892,909,908,904,859,895,910,909,907,894,894,938,954,938,942,889,873,958,968,959,921,896,937,918,911,940,910,886,921,911,920,0.001953125,0.261720571938621,0.5284574827705549,0.21824806392549412,0.23330852739992067,0.30993207618073854,0.26587799589964806,0.12100314780940682,0.5719664120182677,0.23703125321872937,0.28749110995935867,0.1242539074166313,0.10449675077652684,0.07033962150534807,0.1067137526854296,0.09389738577391694,0.12791104945338236,0.10532850194868389,0.028721564784868637,0.06738988866830514,0.0570432885410556,0.01589728573837862,0.05086569001213054,0.08204287492034462,0.056082242247504806,0.03936649291161401,0.007109482313750506,0.04462367054217134,0.040653629485348924,0.0126953125,0.014084184669781208,0.024954945974962183,0.016716057391234072,0.019186408891004394,0.03891573993197515,0.025031260972609954,0.033969779552590014,0.02638526579317636,0.020132351687586234,0.010381001770248682,0.027010384152225255,0.010918300671385692,0.04789140560640324,0.011759369705851851,0.026565372087373914,0.023212625632821705,0.04051263381385067,0.0576254628591091,0.008843149548962322,0.011048543456039806,0.027361183058831836,0.021126277004671814,0.008734640537108554,0.006253051013118016,0.016016815885602272,0.009264485332524549,0.007109482313750506,0.009003461384075085,0.008286407592029853,0.01179984958358845,0.012079411012551739,0.012506102026236032,0.014517645261053229,0.010381001770248682,0.026057937625246747,0.010786485368346935,0.0068359375,0.007109482313750506,0.0048828125,0.003521046167445302,0.013282686043686957,0.007042092334890604,0.014517645261053229,0.005940197783494355,0.006253051013118016,0.003088161777508183,0.008400708268596315,0.0065509804028314154,0.010563138502335907,0.009264485332524549,0.0013810679320049757,0.014517645261053229,0.004979511243742954,0.004367320268554277,0.015191747252054731,0.007873298582322802,0.005258950006967289,0.008843149548962322,0.0048828125,0.00390625,0.006176323555016366,0.003088161777508183,0.007437278423695223,0.03460946317708857,0.0048828125,0.0021836601342771385,0.009959022487485907,0.004026470337517247,0.0021836601342771385,0.013566839833447074,0.006253051013118016,0.0009765625,0.007873298582322802,0.005940197783494355,0.0021836601342771385,0.0009765625,0.006253051013118016,0.00834375365753665,0.005940197783494355,0.005694288959809864,0.006176323555016366,0.0087890625,0.0065509804028314154,0.005694288959809864,0.0048828125,0.003088161777508183,0.004979511243742954,0.0009765625,0.004367320268554277,0.005694288959809864,0.005694288959809864,0.0029296875,0.001953125,0.0013810679320049757,0.004367320268554277,0.021836601342771385,0.005940197783494355,0.0013810679320049757,0.0185546875,1,1,1.0
3.90625,3.3533833026885986,3.0,0.06153636798262596,40.470542907714844,0.78125,45.78153610229492,2.8508949279785156,3.125,0.9158340096473694,0.09790008515119553,10050.0,343037.0,1792880640.0,34.133033752441406,0.022629642859101295,1.1714423894882202,6.320119380950928,1.2437713849067222e-05,0.0,0.021352095529437065,1144,1115,1131,1086,1064,1036,940,934,863,799,743,696,663,669,621,600,556,523,568,653,680,686,648,685,809,958,1143,1210,1148,1119,1132,1112,1079,1022,969,955,905,858,807,718,728,653,604,508,407,335,374,377,409,479,525,560,654,684,777,830,940,909,956,956,957,952,1020,989,943,892,812,734,714,687,687,680,640,634,679,651,667,634,605,680,743,778,861,874,889,924,906,905,862,832,909,971,1021,1064,1039,1118,1150,1180,1176,1160,1116,1148,1128,1098,1065,1004,953,936,878,829,764,734,778,780,760,864,990,1085,1190,1176,1146,1096,1068,1052,1005,974,992,1000,1081,1117,1198,1211,1162,1143,1180,1128,1098,1066,989,943,974,936,892,813,858,889,1040,1161,1240,1211,1246,1227,1208,1166,1132,1096,1112,1078,1035,989,910,844,830,750,684,600,511,491,412,358,348,313,318,393,430,430,400,460,621,672,683,679,775,874,844,831,824,828,825,828,857,846,839,800,828,908,857,863,857,862,907,879,895,879,829,813,875,891,887,845,860,920,909,909,906,845,876,855,861,863,826,827,888,905,894,877,843,828,862,872,891,845,893,892,909,908,904,859,895,910,909,907,894,894,938,954,938,942,889,873,958,968,959,921,896,937,0.00341796875,0.21205802281805777,0.5708774224771379,0.16987696964112917,0.23959439017171877,0.3315670583341525,0.2202143024175719,0.13070624202424902,0.607280555305011,0.24893342429542345,0.3173828125,0.09302494690710827,0.0643124055704178,0.10915243119080437,0.08867381089571785,0.0948472974135803,0.11410329428889476,0.11671862580523848,0.016016815885602272,0.08910296675241533,0.05373756442264689,0.03434669022474409,0.05978604634771081,0.06350660346831682,0.06772867532968634,0.027930370402490412,0.017304731588544287,0.03829818662329605,0.04911051156515687,0.008052940675034493,0.010918300671385692,0.029877067462457725,0.0126953125,0.014517645261053229,0.03951157875809357,0.026672852116694654,0.041062101643805936,0.02833714478231818,0.017469281074217108,0.01284467425582608,0.021439939843847802,0.007873298582322802,0.03676080122015373,0.01516032685181643,0.019186408891004394,0.015440808887540914,0.029523860269201122,0.06828260197817711,0.019236050394133015,0.015625,0.03527810911755555,0.008843149548962322,0.003088161777508183,0.007873298582322802,0.025559086578715626,0.0048828125,0.012352647110032733,0.01800692276815017,0.01179984958358845,0.010918300671385692,0.01792730444402912,0.016253239235442616,0.009814331661250869,0.013282686043686957,0.029378142493147116,0.014218964627501012,0.00390625,0.007109482313750506,0.007042092334890604,0.001953125,0.01727715430952552,0.01019561182510796,0.01953125,0.001953125,0.011759369705851851,0.006905339660024878,0.010517900013934578,0.0029296875,0.004026470337517247,0.01589728573837862,0.007873298582322802,0.020716018980074635,0.0041432037960149265,0.006905339660024878,0.012236293052872722,0.013566839833447074,0.00390625,0.004367320268554277,0.0027621358640099515,0.010054326309557618,0.0048828125,0.00390625,0.009814331661250869,0.03232997140087275,0.008400708268596315,0.004367320268554277,0.006905339660024878,0.003521046167445302,0.001953125,0.011920464468489943,0.008843149548962322,0.00390625,0.004026470337517247,0.0065509804028314154,0.005859375,0.003088161777508183,0.003088161777508183,0.00834375365753665,0.009212872199274027,0.009212872199274027,0.004026470337517247,0.011920464468489943,0.0065509804028314154,0.0021836601342771385,0.009959022487485907,0.006905339660024878,0.010517900013934578,0.005258950006967289,0.008052940675034493,0.007873298582322802,0.005940197783494355,0.004367320268554277,0.001953125,0.005694288959809864,0.007873298582322802,0.020692988379313566,0.004979511243742954,0.001953125,0.0224609375,1,1,1.0
3.90625,3.5222513675689697,3.0,0.06261017173528671,38.44422149658203,0.78125,48.648460388183594,2.9177911281585693,3.125,0.9136248826980591,0.10031536221504211,10552.0,386704.0,2276511744.0,36.6474609375,0.023764945566654205,1.131600260734558,6.605894088745117,3.627557816798799e-05,0.0,0.02422528900206089,679,666,710,807,958,1096,1176,1196,1144,1115,1131,1086,1064,1036,940,934,863,799,743,696,663,669,621,600,556,523,568,653,680,686,648,685,809,958,1143,1210,1148,1119,1132,1112,1079,1022,969,955,905,858,807,718,728,653,604,508,407,335,374,377,409,479,525,560,654,684,777,830,940,909,956,956,957,952,1020,989,943,892,812,734,714,687,687,680,640,634,679,651,667,634,605,680,743,778,861,874,889,924,906,905,862,832,909,971,1021,1064,1039,1118,1150,1180,1176,1160,1116,1148,1128,1098,1065,1004,953,936,878,829,764,734,778,780,760,864,990,1085,1190,1176,1146,1096,1068,1052,1005,974,992,1000,1081,1117,1198,1211,1162,1143,1180,1128,1098,1066,989,943,974,936,892,813,858,889,1040,1161,1240,1211,1246,1227,1208,1166,1132,1096,1112,1078,1035,989,910,844,830,750,684,600,511,491,412,358,348,313,318,393,430,430,400,460,621,672,683,679,775,874,844,831,824,828,825,828,857,846,839,800,828,908,857,863,857,862,907,879,895,879,829,813,875,891,887,845,860,920,909,909,906,845,876,855,861,863,826,827,888,905,894,877,843,828,862,872,891,845,893,892,909,908,904,859,895,910,909,907,894,894,938,954,938,942,0.0009765625,0.2482121435153336,0.5342368142442522,0.19611650919966953,0.2642896408908729,0.29553724345345445,0.22029007601417736,0.0989417346619219,0.5938857074046089,0.28567916790535786,0.35339150963489663,0.09764160046370236,0.03954776705335271,0.14548487130392737,0.08291584979346625,0.11338222870078118,0.09450481455007745,0.14893138437205425,0.0300838316420886,0.11983500263464475,0.030414866215619993,0.04244397228925924,0.03907470512449718,0.07450730296957998,0.08394462176891251,0.05532034780573651,0.026654968874914416,0.06298638865858242,0.030414866215619993,0.028920103310470405,0.019236050394133015,0.012352647110032733,0.028721564784868637,0.022269051271467537,0.05027163154778809,0.03452669830012439,0.03656571333368956,0.019652941208494246,0.0126953125,0.007109482313750506,0.019773883526676354,0.004367320268554277,0.036604814089826784,0.01824369305885684,0.023212625632821705,0.020600608505594715,0.029035290522106457,0.0666427887434485,0.020762003540497363,0.012236293052872722,0.02777629424478104,0.01953125,0.013810679320049757,0.00834375365753665,0.024158822025103478,0.0170549308560283,0.00390625,0.004979511243742954,0.0166015625,0.0170549308560283,0.0041432037960149265,0.01019561182510796,0.0244140625,0.013810679320049757,0.016630260122975003,0.006905339660024878,0.017387200990981306,0.014084184669781208,0.007042092334890604,0.010918300671385692,0.009765625,0.004026470337517247,0.01441877251975918,0.009003461384075085,0.009814331661250869,0.0009765625,0.013810679320049757,0.005940197783494355,0.005694288959809864,0.016716057391234072,0.008400708268596315,0.021683206358568866,0.003521046167445302,0.009959022487485907,0.016105881350068987,0.010918300671385692,0.0013810679320049757,0.009814331661250869,0.004979511243742954,0.0078125,0.006253051013118016,0.006905339660024878,0.004979511243742954,0.036604814089826784,0.0009765625,0.004979511243742954,0.012236293052872722,0.007042092334890604,0.006253051013118016,0.01824369305885684,0.001953125,0.0041432037960149265,0.010517900013934578,0.008843149548962322,0.0021836601342771385,0.0027621358640099515,0.007042092334890604,0.010054326309557618,0.007437278423695223,0.007437278423695223,0.00390625,0.012506102026236032,0.005694288959809864,0.0009765625,0.009814331661250869,0.0078125,0.009003461384075085,0.004979511243742954,0.009959022487485907,0.009959022487485907,0.0029296875,0.006905339660024878,0.005258950006967289,0.003088161777508183,0.0021836601342771385,0.022651198251451565,0.01019561182510796,0.006905339660024878,0.013671875,1,1,1.0
3.90625,3.6014387607574463,3.0,0.08166421204805374,34.40571975708008,0.78125,45.1501579284668,3.0719165802001953,3.125,0.8923982977867126,0.10126157104969025,10752.0,369833.0,2032148864.0,34.396671295166016,0.02593749761581421,1.2357712984085083,6.257390022277832,2.9064065074635437e-06,0.0,0.026348818093538284,809,735,746,715,683,634,652,685,679,666,710,807,958,1096,1176,1196,1144,1115,1131,1086,1064,1036,940,934,863,799,743,696,663,669,621,600,556,523,568,653,680,686,648,685,809,958,1143,1210,1148,1119,1132,1112,1079,1022,969,955,905,858,807,718,728,653,604,508,407,335,374,377,409,479,525,560,654,684,777,830,940,909,956,956,957,952,1020,989,943,892,812,734,714,687,687,680,640,634,679,651,667,634,605,680,743,778,861,874,889,924,906,905,862,832,909,971,1021,1064,1039,1118,1150,1180,1176,1160,1116,1148,1128,1098,1065,1004,953,936,878,829,764,734,778,780,760,864,990,1085,1190,1176,1146,1096,1068,1052,1005,974,992,1000,1081,1117,1198,1211,1162,1143,1180,1128,1098,1066,989,943,974,936,892,813,858,889,1040,1161,1240,1211,1246,1227,1208,1166,1132,1096,1112,1078,1035,989,910,844,830,750,684,600,511,491,412,358,348,313,318,393,430,430,400,460,621,672,683,679,775,874,844,831,824,828,825,828,857,846,839,800,828,908,857,863,857,862,907,879,895,879,829,813,875,891,887,845,860,920,909,909,906,845,876,855,861,863,826,827,888,905,894,877,843,828,862,872,891,845,893,892,909,908,904,859,895,910,0.0,0.2807341188879836,0.5015283115416637,0.21679247602519053,0.29494127626582295,0.26870379383402976,0.20600608505594714,0.0945300393775786,0.6096011011328978,0.302809970400296,0.3737186155889151,0.0768760023594459,0.010381001770248682,0.15693818176437438,0.05305889729377392,0.13716792842490153,0.07305966841510972,0.1519927848308103,0.01792730444402912,0.09835686181261072,0.0332174831087792,0.017820593350483065,0.04523919852304871,0.07475648128517437,0.06514484406311687,0.03304477405407936,0.0170549308560283,0.0436404354912194,0.04848512338791566,0.017304731588544287,0.003088161777508183,0.027930370402490412,0.023478154844084585,0.011430371006562134,0.053932426841734674,0.0412127887617367,0.04463435500791578,0.019628663322501738,0.006905339660024878,0.007437278423695223,0.015440808887540914,0.004367320268554277,0.033673710253059895,0.023518739411703703,0.02847144479904932,0.02681548870653512,0.032033631771204545,0.06192515180659254,0.019186408891004394,0.009264485332524549,0.01792730444402912,0.029652786036501906,0.018961413905222265,0.01188039556698871,0.01242961138804478,0.01680141653719263,0.01284467425582608,0.01019561182510796,0.0027621358640099515,0.020132351687586234,0.013706707859002147,0.010517900013934578,0.011388577919619728,0.013810679320049757,0.027238917345666705,0.013982247132105814,0.005940197783494355,0.0021836601342771385,0.003088161777508183,0.006905339660024878,0.009618025197066508,0.0126953125,0.009618025197066508,0.008400708268596315,0.003088161777508183,0.0041432037960149265,0.00834375365753665,0.006905339660024878,0.009003461384075085,0.01188039556698871,0.0048828125,0.01760523083722651,0.0009765625,0.006176323555016366,0.014938533731228863,0.008843149548962322,0.004367320268554277,0.006905339660024878,0.0029296875,0.0065509804028314154,0.007437278423695223,0.0013810679320049757,0.010918300671385692,0.03516981075267404,0.006905339660024878,0.003521046167445302,0.008843149548962322,0.0041432037960149265,0.0027621358640099515,0.011759369705851851,0.007109482313750506,0.004367320268554277,0.009003461384075085,0.0029296875,0.003088161777508183,0.003088161777508183,0.006176323555016366,0.006905339660024878,0.006253051013118016,0.007042092334890604,0.005694288959809864,0.009212872199274027,0.00390625,0.003521046167445302,0.007873298582322802,0.004979511243742954,0.00390625,0.0021836601342771385,0.0048828125,0.004367320268554277,0.008286407592029853,0.0021836601342771385,0.004026470337517247,0.005258950006967289,0.006253051013118016,0.02417855156863271,0.003088161777508183,0.001953125,0.021484375,1,1,1.0
3.90625,3.3946549892425537,3.0,0.07462439686059952,37.613182067871094,0.78125,46.108116149902344,3.012941598892212,3.125,0.9014103412628174,0.10184849053621292,10877.0,389665.0,2064591232.0,35.824676513671875,0.023965278640389442,1.4774084091186523,6.226157188415527,0.0,0.0,0.020223919302225113,1163,1144,1085,1049,1039,1016,986,904,809,735,746,715,683,634,652,685,679,666,710,807,958,1096,1176,1196,1144,1115,1131,1086,1064,1036,940,934,863,799,743,696,663,669,621,600,556,523,568,653,680,686,648,685,809,958,1143,1210,1148,1119,1132,1112,1079,1022,969,955,905,858,807,718,728,653,604,508,407,335,374,377,409,479,525,560,654,684,777,830,940,909,956,956,957,952,1020,989,943,892,812,734,714,687,687,680,640,634,679,651,667,634,605,680,743,778,861,874,889,924,906,905,862,832,909,971,1021,1064,1039,1118,1150,1180,1176,1160,1116,1148,1128,1098,1065,1004,953,936,878,829,764,734,778,780,760,864,990,1085,1190,1176,1146,1096,1068,1052,1005,974,992,1000,1081,1117,1198,1211,1162,1143,1180,1128,1098,1066,989,943,974,936,892,813,858,889,1040,1161,1240,1211,1246,1227,1208,1166,1132,1096,1112,1078,1035,989,910,844,830,750,684,600,511,491,412,358,348,313,318,393,430,430,400,460,621,672,683,679,775,874,844,831,824,828,825,828,857,846,839,800,828,908,857,863,857,862,907,879,895,879,829,813,875,891,887,845,860,920,909,909,906,845,876,855,861,863,826,827,888,905,894,877,843,828,862,872,891,845,0.00341796875,0.23334735646570168,0.5445349628863734,0.22603361288275695,0.2568285110618334,0.25082452228401414,0.2532782196861444,0.04938162843660364,0.5869164998389491,0.35021579084714527,0.41711566892434887,0.0768760023594459,0.037378240642587185,0.1702974925297318,0.019652941208494246,0.1484503489504677,0.09385167013073409,0.12175741147271141,0.01589728573837862,0.08943947767074462,0.05258950006967289,0.043891025496570764,0.04789140560640324,0.07152945342667964,0.07864208759878219,0.05153622969515141,0.011134525635733769,0.04498551877453524,0.0453970285123807,0.004026470337517247,0.01019561182510796,0.04014610310760638,0.0244140625,0.0126953125,0.06449010539491819,0.05245331641404603,0.045908825287277966,0.0068359375,0.015776850020901866,0.010918300671385692,0.027981540589637505,0.017387200990981306,0.025947910655442233,0.0324624416769427,0.03564118670096613,0.03848449315476178,0.0441185820237364,0.051267206048463625,0.015746597164645604,0.009264485332524549,0.017686299097924643,0.024724587697601882,0.008734640537108554,0.0029296875,0.01933495104806966,0.013028968812623373,0.0048828125,0.0021836601342771385,0.009003461384075085,0.022714264354712906,0.010918300671385692,0.007873298582322802,0.009814331661250869,0.01589728573837862,0.02995676103550384,0.01760523083722651,0.008734640537108554,0.005859375,0.006253051013118016,0.011759369705851851,0.0048828125,0.006905339660024878,0.012732817197661424,0.005940197783494355,0.01179984958358845,0.007873298582322802,0.007873298582322802,0.005940197783494355,0.013028968812623373,0.009959022487485907,0.005694288959809864,0.0126953125,0.010381001770248682,0.004026470337517247,0.005258950006967289,0.018425744398548053,0.0068359375,0.008052940675034493,0.0048828125,0.007437278423695223,0.0078125,0.005258950006967289,0.010786485368346935,0.03928161203343509,0.008843149548962322,0.006253051013118016,0.007437278423695223,0.006905339660024878,0.005859375,0.010918300671385692,0.006905339660024878,0.006905339660024878,0.012506102026236032,0.0078125,0.0029296875,0.003088161777508183,0.004979511243742954,0.008734640537108554,0.013706707859002147,0.013282686043686957,0.013028968812623373,0.0027621358640099515,0.005940197783494355,0.010563138502335907,0.0,0.0009765625,0.006905339660024878,0.0041432037960149265,0.0068359375,0.006905339660024878,0.003521046167445302,0.004367320268554277,0.004979511243742954,0.0041432037960149265,0.003521046167445302,0.025353037081537442,0.0027621358640099515,0.0021836601342771385,0.021484375,1,1,1.0
3.90625,3.568087577819824,4.0,0.07514724880456924,33.56179428100586,0.78125,38.73550033569336,3.116483449935913,3.125,0.8980933427810669,0.10410358011722565,11364.0,361204.0,2205404672.0,31.784934997558594,0.026759395375847816,1.1617189645767212,5.79915189743042,3.3683827496133745e-05,0.0,0.023192519322037697,999,1100,1191,1213,1215,1191,1208,1181,1163,1144,1085,1049,1039,1016,986,904,809,735,746,715,683,634,652,685,679,666,710,807,958,1096,1176,1196,1144,1115,1131,1086,1064,1036,940,934,863,799,743,696,663,669,621,600,556,523,568,653,680,686,648,685,809,958,1143,1210,1148,1119,1132,1112,1079,1022,969,955,905,858,807,718,728,653,604,508,407,335,374,377,409,479,525,560,654,684,777,830,940,909,956,956,957,952,1020,989,943,892,812,734,714,687,687,680,640,634,679,651,667,634,605,680,743,778,861,874,889,924,906,905,862,832,909,971,1021,1064,1039,1118,1150,1180,1176,1160,1116,1148,1128,1098,1065,1004,953,936,878,829,764,734,778,780,760,864,990,1085,1190,1176,1146,1096,1068,1052,1005,974,992,1000,1081,1117,1198,1211,1162,1143,1180,1128,1098,1066,989,943,974,936,892,813,858,889,1040,1161,1240,1211,1246,1227,1208,1166,1132,1096,1112,1078,1035,989,910,844,830,750,684,600,511,491,412,358,348,313,318,393,430,430,400,460,621,672,683,679,775,874,844,831,824,828,825,828,857,846,839,800,828,908,857,863,857,862,907,879,895,879,829,813,875,891,887,845,860,920,909,909,906,845,876,855,861,863,826,827,888,905,0.00341796875,0.20198088995552663,0.576288554128597,0.258501461652095,0.25146247344149864,0.2164556894394847,0.27889708602767177,0.0679535947543547,0.6145713503256667,0.36570016463299226,0.41907276980157054,0.03889122607761695,0.06608954810815872,0.12754145528000457,0.06704939021004637,0.10104000968492088,0.11512259541505158,0.13413433435671984,0.03385729652999944,0.12584022418895233,0.008052940675034493,0.021506558149946522,0.03911129764550935,0.08925802618956916,0.05064961906207008,0.013028968812623373,0.03792282781044453,0.0567751634912056,0.0528517934677141,0.0388789633542859,0.024119314521930602,0.007627196949127592,0.025409398107925172,0.019773883526676354,0.03792282781044453,0.03792282781044453,0.05781546920162377,0.0234375,0.0048828125,0.007042092334890604,0.025465634395322848,0.01284467425582608,0.03819845159298427,0.024472586105745445,0.02883754503951836,0.036773770280786586,0.0417530436063124,0.053790778726251605,0.016253239235442616,0.009212872199274027,0.019236050394133015,0.022777155839239456,0.009959022487485907,0.005694288959809864,0.016716057391234072,0.01589728573837862,0.013028968812623373,0.01171875,0.0,0.01680141653719263,0.014874556847390447,0.013101960805662831,0.01760523083722651,0.009264485332524549,0.02157297073669387,0.007627196949127592,0.009264485332524549,0.005859375,0.0048828125,0.005524271728019903,0.011134525635733769,0.013101960805662831,0.007873298582322802,0.008400708268596315,0.007109482313750506,0.003521046167445302,0.009618025197066508,0.0027621358640099515,0.009765625,0.010918300671385692,0.0048828125,0.013566839833447074,0.008400708268596315,0.003088161777508183,0.008734640537108554,0.014218964627501012,0.0021836601342771385,0.007627196949127592,0.0027621358640099515,0.005940197783494355,0.007873298582322802,0.003088161777508183,0.0107421875,0.031035641761856844,0.006905339660024878,0.001953125,0.011430371006562134,0.004979511243742954,0.00390625,0.014938533731228863,0.008843149548962322,0.004026470337517247,0.006905339660024878,0.0009765625,0.0048828125,0.00390625,0.007042092334890604,0.009765625,0.008400708268596315,0.009765625,0.009765625,0.005859375,0.0029296875,0.007873298582322802,0.004026470337517247,0.0013810679320049757,0.0041432037960149265,0.0013810679320049757,0.003521046167445302,0.003088161777508183,0.007873298582322802,0.0,0.0021836601342771385,0.0048828125,0.005940197783494355,0.02039122365021592,0.007873298582322802,0.003521046167445302,0.0166015625,1,1,1.0
3.90625,3.202116012573242,4.0,0.06328914314508438,36.9406623840332,0.78125,40.748897552490234,3.000983715057373,3.125,0.9120219945907593,0.10653934627771378,11902.0,396045.0,2618856192.0,33.2755012512207,0.0246888380497694,1.1372727155685425,5.978921890258789,3.21614534186665e-05,0.0,0.01916544884443283,792,792,782,751,750,702,747,825,999,1100,1191,1213,1215,1191,1208,1181,1163,1144,1085,1049,1039,1016,986,904,809,735,746,715,683,634,652,685,679,666,710,807,958,1096,1176,1196,1144,1115,1131,1086,1064,1036,940,934,863,799,743,696,663,669,621,600,556,523,568,653,680,686,648,685,809,958,1143,1210,1148,1119,1132,1112,1079,1022,969,955,905,858,807,718,728,653,604,508,407,335,374,377,409,479,525,560,654,684,777,830,940,909,956,956,957,952,1020,989,943,892,812,734,714,687,687,680,640,634,679,651,667,634,605,680,743,778,861,874,889,924,906,905,862,832,909,971,1021,1064,1039,1118,1150,1180,1176,1160,1116,1148,1128,1098,1065,1004,953,936,878,829,764,734,778,780,760,864,990,1085,1190,1176,1146,1096,1068,1052,1005,974,992,1000,1081,1117,1198,1211,1162,1143,1180,1128,1098,1066,989,943,974,936,892,813,858,889,1040,1161,1240,1211,1246,1227,1208,1166,1132,1096,1112,1078,1035,989,910,844,830,750,684,600,511,491,412,358,348,313,318,393,430,430,400,460,621,672,683,679,775,874,844,831,824,828,825,828,857,846,839,800,828,908,857,863,857,862,907,879,895,879,829,813,875,891,887,845,860,920,909,909,906,845,0.0029296875,0.21358384126842686,0.570303302847502,0.2345133055468615,0.2328482171637312,0.23768817072775467,0.296046657390437,0.05731847887042652,0.6040573898233472,0.38559505698806984,0.43305784907674016,0.040641898528681275,0.08385368647151585,0.11241078548067714,0.08315130061487501,0.08763526270868098,0.11552367023164155,0.14769680535975233,0.03670887915861817,0.12292280451218408,0.014874556847390447,0.013601941676937616,0.04306850990468739,0.08429041260562534,0.05507847129767021,0.014874556847390447,0.034678283016727936,0.05524271728019903,0.05378191333208736,0.03965613379735733,0.025465634395322848,0.007042092334890604,0.023619895746968406,0.019236050394133015,0.03917220921900699,0.043552935783159684,0.0601676632841772,0.018657200365764452,0.007627196949127592,0.0048828125,0.028185292362620726,0.013282686043686957,0.030162978928672854,0.02777629424478104,0.03125,0.03168941550700772,0.037378240642587185,0.0596423104867284,0.019918044974971814,0.010918300671385692,0.012506102026236032,0.030162978928672854,0.01179984958358845,0.004367320268554277,0.0185546875,0.015191747252054731,0.010054326309557618,0.009212872199274027,0.0027621358640099515,0.019236050394133015,0.0170549308560283,0.015746597164645604,0.019457869965987574,0.00834375365753665,0.0205078125,0.006176323555016366,0.007437278423695223,0.0048828125,0.006253051013118016,0.009814331661250869,0.005940197783494355,0.010563138502335907,0.011134525635733769,0.004367320268554277,0.010054326309557618,0.008400708268596315,0.003521046167445302,0.006253051013118016,0.010786485368346935,0.010054326309557618,0.0009765625,0.013601941676937616,0.006176323555016366,0.0009765625,0.007627196949127592,0.016716057391234072,0.005524271728019903,0.007042092334890604,0.003088161777508183,0.0048828125,0.0087890625,0.003521046167445302,0.010381001770248682,0.029700988917471777,0.006905339660024878,0.004367320268554277,0.010563138502335907,0.003088161777508183,0.0021836601342771385,0.010381001770248682,0.010918300671385692,0.006905339660024878,0.011759369705851851,0.0065509804028314154,0.0027621358640099515,0.0027621358640099515,0.0,0.001953125,0.009003461384075085,0.004979511243742954,0.0029296875,0.0126953125,0.005258950006967289,0.006253051013118016,0.010563138502335907,0.007873298582322802,0.005940197783494355,0.008400708268596315,0.005940197783494355,0.007109482313750506,0.0029296875,0.0048828125,0.004026470337517247,0.0048828125,0.007109482313750506,0.020320949264340638,0.007627196949127592,0.004367320268554277,0.0146484375,1,1,1.0
3.90625,3.224760055541992,4.0,0.06241873279213905,36.49519729614258,0.78125,38.00236892700195,3.0418078899383545,3.125,0.912575900554657,0.10699488967657089,12004.0,382610.0,2574283264.0,31.87354278564453,0.025005368515849113,1.1218754053115845,5.770647048950195,2.3428501663147472e-05,0.0,0.02040129341185093,894,860,845,814,729,687,735,764,792,792,782,751,750,702,747,825,999,1100,1191,1213,1215,1191,1208,1181,1163,1144,1085,1049,1039,1016,986,904,809,735,746,715,683,634,652,685,679,666,710,807,958,1096,1176,1196,1144,1115,1131,1086,1064,1036,940,934,863,799,743,696,663,669,621,600,556,523,568,653,680,686,648,685,809,958,1143,1210,1148,1119,1132,1112,1079,1022,969,955,905,858,807,718,728,653,604,508,407,335,374,377,409,479,525,560,654,684,777,830,940,909,956,956,957,952,1020,989,943,892,812,734,714,687,687,680,640,634,679,651,667,634,605,680,743,778,861,874,889,924,906,905,862,832,909,971,1021,1064,1039,1118,1150,1180,1176,1160,1116,1148,1128,1098,1065,1004,953,936,878,829,764,734,778,780,760,864,990,1085,1190,1176,1146,1096,1068,1052,1005,974,992,1000,1081,1117,1198,1211,1162,1143,1180,1128,1098,1066,989,943,974,936,892,813,858,889,1040,1161,1240,1211,1246,1227,1208,1166,1132,1096,1112,1078,1035,989,910,844,830,750,684,600,511,491,412,358,348,313,318,393,430,430,400,460,621,672,683,679,775,874,844,831,824,828,825,828,857,846,839,800,828,908,857,863,857,862,907,879,895,879,829,813,875,891,0.0009765625,0.21869767789440803,0.5694397820175882,0.22296870209573766,0.22105932608006534,0.24572338511958708,0.30951947778598077,0.06253051013118016,0.6089530853591737,0.39047482464825056,0.42969748745495084,0.030414866215619993,0.08554263866508419,0.1037227070769892,0.08152981040914767,0.1011484951267504,0.09782212475110276,0.142892152038724,0.0185803687406645,0.11472427485376692,0.018657200365764452,0.031310975667737106,0.027759121881937295,0.10261808710825696,0.039764205217777994,0.0021836601342771385,0.05200596467068105,0.07134923616253058,0.05011012347916992,0.04630183434035038,0.03088161777508183,0.021035800027869155,0.010786485368346935,0.007042092334890604,0.051267206048463625,0.04688517142249142,0.050043468653589676,0.01589728573837862,0.005940197783494355,0.004026470337517247,0.019918044974971814,0.0048828125,0.03538607603904968,0.020132351687586234,0.023640075072090243,0.0300838316420886,0.0363433477850164,0.05784845007664018,0.021945512748285382,0.013282686043686957,0.019628663322501738,0.020531050821902968,0.007873298582322802,0.007873298582322802,0.018165112536853784,0.019749754312653012,0.017578125,0.016858082521125067,0.007109482313750506,0.010918300671385692,0.009003461384075085,0.006176323555016366,0.014874556847390447,0.014084184669781208,0.025633603024231812,0.013282686043686957,0.011759369705851851,0.007873298582322802,0.004026470337517247,0.00390625,0.012236293052872722,0.013879560940968648,0.007627196949127592,0.007873298582322802,0.009959022487485907,0.006905339660024878,0.0048828125,0.005258950006967289,0.011134525635733769,0.01019561182510796,0.0009765625,0.010563138502335907,0.009212872199274027,0.003521046167445302,0.005694288959809864,0.016253239235442616,0.0013810679320049757,0.009959022487485907,0.005859375,0.009003461384075085,0.007437278423695223,0.008052940675034493,0.004026470337517247,0.035761393405469834,0.0021836601342771385,0.0048828125,0.0068359375,0.0048828125,0.004026470337517247,0.014680953494504793,0.005940197783494355,0.001953125,0.007873298582322802,0.0027621358640099515,0.0021836601342771385,0.0,0.0029296875,0.004026470337517247,0.009618025197066508,0.006176323555016366,0.00390625,0.012079411012551739,0.004026470337517247,0.007627196949127592,0.009003461384075085,0.006253051013118016,0.005940197783494355,0.004979511243742954,0.004367320268554277,0.0048828125,0.007873298582322802,0.001953125,0.0029296875,0.003088161777508183,0.003521046167445302,0.023212625632821705,0.005694288959809864,0.003521046167445302,0.021484375,1,1,1.0
3.90625,3.284431219100952,4.0,0.057977888733148575,33.87712097167969,0.78125,38.15875244140625,3.0518734455108643,3.125,0.9150123596191406,0.1072397232055664,12059.0,388837.0,2613500928.0,32.24454879760742,0.027009744197130203,1.14359450340271,5.777385234832764,2.5914221168932272e-06,0.0,0.01858501322567463,1049,1040,1049,1054,1036,983,983,903,894,860,845,814,729,687,735,764,792,792,782,751,750,702,747,825,999,1100,1191,1213,1215,1191,1208,1181,1163,1144,1085,1049,1039,1016,986,904,809,735,746,715,683,634,652,685,679,666,710,807,958,1096,1176,1196,1144,1115,1131,1086,1064,1036,940,934,863,799,743,696,663,669,621,600,556,523,568,653,680,686,648,685,809,958,1143,1210,1148,1119,1132,1112,1079,1022,969,955,905,858,807,718,728,653,604,508,407,335,374,377,409,479,525,560,654,684,777,830,940,909,956,956,957,952,1020,989,943,892,812,734,714,687,687,680,640,634,679,651,667,634,605,680,743,778,861,874,889,924,906,905,862,832,909,971,1021,1064,1039,1118,1150,1180,1176,1160,1116,1148,1128,1098,1065,1004,953,936,878,829,764,734,778,780,760,864,990,1085,1190,1176,1146,1096,1068,1052,1005,974,992,1000,1081,1117,1198,1211,1162,1143,1180,1128,1098,1066,989,943,974,936,892,813,858,889,1040,1161,1240,1211,1246,1227,1208,1166,1132,1096,1112,1078,1035,989,910,844,830,750,684,600,511,491,412,358,348,313,318,393,430,430,400,460,621,672,683,679,775,874,844,831,824,828,825,828,857,846,839,800,828,908,857,863,857,862,0.0029296875,0.21326881903448353,0.55203515568336,0.24017879184220503,0.24591154589266506,0.2687410574911197,0.31249084459244814,0.05040424961157789,0.5905619915651088,0.4204461661588738,0.43720562431717447,0.03538607603904968,0.09253155144433337,0.1017922956208077,0.07324869762734053,0.12698692458719238,0.0927734375,0.11933657681907309,0.03180956538066861,0.13545735065937267,0.009814331661250869,0.03088161777508183,0.04442017740446937,0.09184361343399595,0.05459150335692846,0.01179984958358845,0.040430159266571196,0.05985778484657014,0.05476591755003888,0.04518646602054404,0.03144773864864183,0.015776850020901866,0.014874556847390447,0.012236293052872722,0.049032774260285905,0.048828125,0.05255321893388168,0.0126953125,0.00834375365753665,0.004367320268554277,0.020531050821902968,0.007873298582322802,0.033260520245950005,0.01875915303935405,0.0185803687406645,0.026057937625246747,0.03389952140177692,0.06027060204769325,0.0242573092741684,0.016630260122975003,0.027621358640099514,0.014517645261053229,0.015625,0.013879560940968648,0.010786485368346935,0.014517645261053229,0.013601941676937616,0.009765625,0.0065509804028314154,0.01792730444402912,0.012732817197661424,0.011920464468489943,0.016370170521718956,0.009618025197066508,0.023619895746968406,0.009003461384075085,0.008052940675034493,0.004367320268554277,0.0021836601342771385,0.004979511243742954,0.00966747552403483,0.011388577919619728,0.010563138502335907,0.0068359375,0.007042092334890604,0.004979511243742954,0.007042092334890604,0.003521046167445302,0.008734640537108554,0.010918300671385692,0.003521046167445302,0.01179984958358845,0.009212872199274027,0.003521046167445302,0.009264485332524549,0.0126953125,0.001953125,0.005859375,0.003088161777508183,0.007042092334890604,0.005694288959809864,0.0048828125,0.007042092334890604,0.03304477405407936,0.0021836601342771385,0.004026470337517247,0.006176323555016366,0.0021836601342771385,0.001953125,0.012506102026236032,0.0048828125,0.0021836601342771385,0.006905339660024878,0.0029296875,0.003521046167445302,0.0021836601342771385,0.003521046167445302,0.004367320268554277,0.008734640537108554,0.006253051013118016,0.00390625,0.011388577919619728,0.003088161777508183,0.007627196949127592,0.007109482313750506,0.0029296875,0.0048828125,0.003521046167445302,0.0029296875,0.003088161777508183,0.007873298582322802,0.003088161777508183,0.0009765625,0.001953125,0.0027621358640099515,0.0235996991671769,0.005258950006967289,0.001953125,0.0185546875,1,1,1.0
3.90625,3.1185357570648193,4.0,0.059396229684352875,37.563323974609375,0.78125,33.73313522338867,3.040896415710449,3.125,0.9162126183509827,0.1079753115773201,12225.0,365705.0,2490594816.0,29.914520263671875,0.02439114823937416,1.1444518566131592,5.4145965576171875,2.300569394719787e-05,0.0,0.01727891154587269,904,923,927,909,823,800,894,985,1049,1040,1049,1054,1036,983,983,903,894,860,845,814,729,687,735,764,792,792,782,751,750,702,747,825,999,1100,1191,1213,1215,1191,1208,1181,1163,1144,1085,1049,1039,1016,986,904,809,735,746,715,683,634,652,685,679,666,710,807,958,1096,1176,1196,1144,1115,1131,1086,1064,1036,940,934,863,799,743,696,663,669,621,600,556,523,568,653,680,686,648,685,809,958,1143,1210,1148,1119,1132,1112,1079,1022,969,955,905,858,807,718,728,653,604,508,407,335,374,377,409,479,525,560,654,684,777,830,940,909,956,956,957,952,1020,989,943,892,812,734,714,687,687,680,640,634,679,651,667,634,605,680,743,778,861,874,889,924,906,905,862,832,909,971,1021,1064,1039,1118,1150,1180,1176,1160,1116,1148,1128,1098,1065,1004,953,936,878,829,764,734,778,780,760,864,990,1085,1190,1176,1146,1096,1068,1052,1005,974,992,1000,1081,1117,1198,1211,1162,1143,1180,1128,1098,1066,989,943,974,936,892,813,858,889,1040,1161,1240,1211,1246,1227,1208,1166,1132,1096,1112,1078,1035,989,910,844,830,750,684,600,511,491,412,358,348,313,318,393,430,430,400,460,621,672,683,679,775,874,844,831,824,828,825,828,857,846,0.00341796875,0.21413234490102728,0.552164707544599,0.24057751471901714,0.24647323172117114,0.26996434011565684,0.31262509703148483,0.0519784507116065,0.5920143860795912,0.41931392219223806,0.4345703125,0.03234471711265468,0.08887255306604262,0.1042729153776169,0.0719548321085494,0.12223816584624102,0.09393292700321132,0.12512963248870274,0.025409398107925172,0.12870634357317653,0.016105881350068987,0.03853402276747824,0.04334441605697685,0.09758786668245603,0.06083757080926766,0.02108108705558877,0.03500673501745102,0.051794650805375465,0.05899924791794225,0.048317644050206957,0.04107371258752557,0.019749754312653012,0.020132351687586234,0.01886055460530075,0.0634765625,0.051767024533978793,0.038397662600268556,0.026565372087373914,0.0068359375,0.009765625,0.03389952140177692,0.0205078125,0.019773883526676354,0.029133659941750583,0.01953125,0.018657200365764452,0.036604814089826784,0.06027060204769325,0.026057937625246747,0.01824369305885684,0.03179457147675724,0.022269051271467537,0.017820593350483065,0.010563138502335907,0.015440808887540914,0.016630260122975003,0.015746597164645604,0.016253239235442616,0.008052940675034493,0.012352647110032733,0.0068359375,0.009003461384075085,0.012732817197661424,0.006253051013118016,0.01953125,0.007437278423695223,0.004367320268554277,0.0013810679320049757,0.001953125,0.005258950006967289,0.013101960805662831,0.01528562093993997,0.007042092334890604,0.009264485332524549,0.011048543456039806,0.008400708268596315,0.004979511243742954,0.004979511243742954,0.0048828125,0.014906579611790769,0.006905339660024878,0.014680953494504793,0.008400708268596315,0.00390625,0.010918300671385692,0.014218964627501012,0.004026470337517247,0.008843149548962322,0.005258950006967289,0.007873298582322802,0.005694288959809864,0.006176323555016366,0.005859375,0.033969779552590014,0.00390625,0.0029296875,0.007042092334890604,0.001953125,0.0041432037960149265,0.011759369705851851,0.0021836601342771385,0.001953125,0.0048828125,0.0,0.003088161777508183,0.001953125,0.0021836601342771385,0.0,0.008843149548962322,0.0013810679320049757,0.003521046167445302,0.010054326309557618,0.0013810679320049757,0.007109482313750506,0.006253051013118016,0.005940197783494355,0.0027621358640099515,0.007437278423695223,0.004979511243742954,0.006253051013118016,0.007042092334890604,0.0013810679320049757,0.0021836601342771385,0.0029296875,0.0021836601342771385,0.024119314521930602,0.0041432037960149265,0.0009765625,0.0185546875,1,1,1.0
3.90625,3.200218439102173,4.0,0.060113999992609024,34.1679801940918,0.78125,34.00264358520508,3.0753984451293945,3.125,0.9131603837013245,0.1081341803073883,12261.0,367506.0,2491943168.0,29.973575592041016,0.026725616306066513,1.1495482921600342,5.432926654815674,3.122077032458037e-05,0.0,0.01779092848300934,537,491,508,622,683,664,720,795,904,923,927,909,823,800,894,985,1049,1040,1049,1054,1036,983,983,903,894,860,845,814,729,687,735,764,792,792,782,751,750,702,747,825,999,1100,1191,1213,1215,1191,1208,1181,1163,1144,1085,1049,1039,1016,986,904,809,735,746,715,683,634,652,685,679,666,710,807,958,1096,1176,1196,1144,1115,1131,1086,1064,1036,940,934,863,799,743,696,663,669,621,600,556,523,568,653,680,686,648,685,809,958,1143,1210,1148,1119,1132,1112,1079,1022,969,955,905,858,807,718,728,653,604,508,407,335,374,377,409,479,525,560,654,684,777,830,940,909,956,956,957,952,1020,989,943,892,812,734,714,687,687,680,640,634,679,651,667,634,605,680,743,778,861,874,889,924,906,905,862,832,909,971,1021,1064,1039,1118,1150,1180,1176,1160,1116,1148,1128,1098,1065,1004,953,936,878,829,764,734,778,780,760,864,990,1085,1190,1176,1146,1096,1068,1052,1005,974,992,1000,1081,1117,1198,1211,1162,1143,1180,1128,1098,1066,989,943,974,936,892,813,858,889,1040,1161,1240,1211,1246,1227,1208,1166,1132,1096,1112,1078,1035,989,910,844,830,750,684,600,511,491,412,358,348,313,318,393,430,430,400,460,621,672,683,679,775,874,0.0009765625,0.19901998739649437,0.6166657765699957,0.2882514090458094,0.2983937815654896,0.26099078154087435,0.29045306626650247,0.07136928277575572,0.5774515714610295,0.44949040699058584,0.39397973518733326,0.03813598474563796,0.03389952140177692,0.14403220960877172,0.08315130061487501,0.07350862994749537,0.08478677371542281,0.1599298132494865,0.030336376107439583,0.1358299794787414,0.04984296935615174,0.06332614389403701,0.07529670518047357,0.07092022521627073,0.0727719278225052,0.025633603024231812,0.03975221179110863,0.0649689350721871,0.05164713993038028,0.040653629485348924,0.026654968874914416,0.006905339660024878,0.026939676219011176,0.027759121881937295,0.06630564529987483,0.06171689573955063,0.029765137996344084,0.035907766232129365,0.016164985700436375,0.019236050394133015,0.04200354134298158,0.0283875817456028,0.022651198251451565,0.025334222209126653,0.009212872199274027,0.029313146523053973,0.04290211452439218,0.05374643713209771,0.021126277004671814,0.015746597164645604,0.029296875,0.012506102026236032,0.020716018980074635,0.017387200990981306,0.009264485332524549,0.009765625,0.011388577919619728,0.016164985700436375,0.009959022487485907,0.0065509804028314154,0.0013810679320049757,0.009765625,0.009003461384075085,0.0021836601342771385,0.01824369305885684,0.011430371006562134,0.004979511243742954,0.009003461384075085,0.008734640537108554,0.0048828125,0.01878455474772592,0.019773883526676354,0.014680953494504793,0.006176323555016366,0.009765625,0.009003461384075085,0.016630260122975003,0.008400708268596315,0.01680141653719263,0.003088161777508183,0.0041432037960149265,0.010381001770248682,0.01516032685181643,0.010563138502335907,0.014938533731228863,0.005859375,0.010381001770248682,0.0021836601342771385,0.0048828125,0.0,0.012236293052872722,0.010381001770248682,0.003088161777508183,0.037314400731528904,0.005694288959809864,0.0,0.009765625,0.001953125,0.005859375,0.013879560940968648,0.0,0.004026470337517247,0.006905339660024878,0.0048828125,0.003521046167445302,0.005258950006967289,0.00390625,0.0068359375,0.0048828125,0.008843149548962322,0.007627196949127592,0.012506102026236032,0.005940197783494355,0.011134525635733769,0.006905339660024878,0.0013810679320049757,0.004367320268554277,0.005694288959809864,0.004026470337517247,0.007873298582322802,0.001953125,0.003521046167445302,0.004367320268554277,0.005694288959809864,0.005258950006967289,0.025465634395322848,0.001953125,0.0,0.017578125,1,1,1.0
3.90625,3.3439271450042725,4.0,0.06794410943984985,33.2569580078125,3.125,35.942989349365234,2.995302200317383,0.78125,0.9048480987548828,0.11161472648382187,13063.0,398749.0,2841439744.0,30.525070190429688,0.027207784354686737,1.1404298543930054,5.574319362640381,2.3922086711536394e-06,0.0,0.020020127296447754,540,511,492,475,414,424,424,502,537,491,508,622,683,664,720,795,904,923,927,909,823,800,894,985,1049,1040,1049,1054,1036,983,983,903,894,860,845,814,729,687,735,764,792,792,782,751,750,702,747,825,999,1100,1191,1213,1215,1191,1208,1181,1163,1144,1085,1049,1039,1016,986,904,809,735,746,715,683,634,652,685,679,666,710,807,958,1096,1176,1196,1144,1115,1131,1086,1064,1036,940,934,863,799,743,696,663,669,621,600,556,523,568,653,680,686,648,685,809,958,1143,1210,1148,1119,1132,1112,1079,1022,969,955,905,858,807,718,728,653,604,508,407,335,374,377,409,479,525,560,654,684,777,830,940,909,956,956,957,952,1020,989,943,892,812,734,714,687,687,680,640,634,679,651,667,634,605,680,743,778,861,874,889,924,906,905,862,832,909,971,1021,1064,1039,1118,1150,1180,1176,1160,1116,1148,1128,1098,1065,1004,953,936,878,829,764,734,778,780,760,864,990,1085,1190,1176,1146,1096,1068,1052,1005,974,992,1000,1081,1117,1198,1211,1162,1143,1180,1128,1098,1066,989,943,974,936,892,813,858,889,1040,1161,1240,1211,1246,1227,1208,1166,1132,1096,1112,1078,1035,989,910,844,830,750,684,600,511,491,412,358,348,313,318,393,430,430,0.00341796875,0.19906550478501417,0.6284579936384502,0.2980356116810173,0.3103564176185684,0.26257911579792986,0.28903115592309125,0.08759172264254357,0.5811392073507969,0.45298291313501565,0.3717933885796033,0.05027163154778809,0.02417855156863271,0.1454324206951731,0.11230893334365287,0.07899901725061205,0.055672628178668845,0.14449165420454438,0.05223468406373567,0.16164985700436377,0.037109375,0.03385729652999944,0.05328309713165524,0.0896365222201456,0.043891025496570764,0.016370170521718956,0.04404286048351438,0.05079063915603845,0.06741111271649343,0.060531121942623965,0.056446664127415724,0.03500673501745102,0.010563138502335907,0.006176323555016366,0.0534617800514492,0.04290211452439218,0.05281569251167953,0.013282686043686957,0.009212872199274027,0.011920464468489943,0.032359456105040804,0.025633603024231812,0.011430371006562134,0.036461239653504826,0.020531050821902968,0.025559086578715626,0.044921875,0.05111817315743125,0.01760523083722651,0.011388577919619728,0.025947910655442233,0.015776850020901866,0.01760523083722651,0.014680953494504793,0.011430371006562134,0.012352647110032733,0.01516032685181643,0.01708286687942959,0.009264485332524549,0.01284467425582608,0.007109482313750506,0.012079411012551739,0.01441877251975918,0.007042092334890604,0.0224609375,0.010381001770248682,0.004979511243742954,0.00390625,0.0021836601342771385,0.0013810679320049757,0.015440808887540914,0.016370170521718956,0.01019561182510796,0.0048828125,0.00966747552403483,0.007627196949127592,0.0146484375,0.0048828125,0.014218964627501012,0.005524271728019903,0.0027621358640099515,0.009264485332524549,0.013101960805662831,0.008400708268596315,0.01313830473347042,0.009959022487485907,0.0048828125,0.005258950006967289,0.001953125,0.007042092334890604,0.006176323555016366,0.00390625,0.009618025197066508,0.029877067462457725,0.001953125,0.008843149548962322,0.007109482313750506,0.006176323555016366,0.003521046167445302,0.009765625,0.006905339660024878,0.004979511243742954,0.0027621358640099515,0.003088161777508183,0.0048828125,0.004979511243742954,0.004026470337517247,0.005258950006967289,0.003088161777508183,0.007873298582322802,0.008400708268596315,0.00966747552403483,0.005694288959809864,0.009814331661250869,0.0065509804028314154,0.0013810679320049757,0.003521046167445302,0.005940197783494355,0.004367320268554277,0.007042092334890604,0.004367320268554277,0.0,0.001953125,0.001953125,0.0029296875,0.021945512748285382,0.007109482313750506,0.00390625,0.021484375,1,1,1.0
3.90625,3.1736578941345215,4.0,0.06711076945066452,33.9354362487793,3.125,37.2236442565918,2.9177722930908203,0.78125,0.9061859846115112,0.11235138028860092,13236.0,414145.0,2949411584.0,31.289287567138672,0.026703238487243652,1.1694782972335815,5.6659088134765625,2.8921966077177785e-05,0.0,0.018942171707749367,847,792,776,729,714,677,590,588,540,511,492,475,414,424,424,502,537,491,508,622,683,664,720,795,904,923,927,909,823,800,894,985,1049,1040,1049,1054,1036,983,983,903,894,860,845,814,729,687,735,764,792,792,782,751,750,702,747,825,999,1100,1191,1213,1215,1191,1208,1181,1163,1144,1085,1049,1039,1016,986,904,809,735,746,715,683,634,652,685,679,666,710,807,958,1096,1176,1196,1144,1115,1131,1086,1064,1036,940,934,863,799,743,696,663,669,621,600,556,523,568,653,680,686,648,685,809,958,1143,1210,1148,1119,1132,1112,1079,1022,969,955,905,858,807,718,728,653,604,508,407,335,374,377,409,479,525,560,654,684,777,830,940,909,956,956,957,952,1020,989,943,892,812,734,714,687,687,680,640,634,679,651,667,634,605,680,743,778,861,874,889,924,906,905,862,832,909,971,1021,1064,1039,1118,1150,1180,1176,1160,1116,1148,1128,1098,1065,1004,953,936,878,829,764,734,778,780,760,864,990,1085,1190,1176,1146,1096,1068,1052,1005,974,992,1000,1081,1117,1198,1211,1162,1143,1180,1128,1098,1066,989,943,974,936,892,813,858,889,1040,1161,1240,1211,1246,1227,1208,1166,1132,1096,1112,1078,1035,989,910,844,830,750,684,600,511,491,0.00341796875,0.25530152987161114,0.545150216775246,0.21433266624872901,0.2677224320040152,0.17608751531359743,0.2106705848876726,0.15333275228196774,0.5660230721667604,0.489928860852562,0.28706619041723475,0.11402386572804137,0.09742648752362679,0.11487380691921584,0.1577473420948457,0.14871030133499338,0.06991123566052906,0.09821131317792677,0.03712222228271135,0.11454124833788386,0.036604814089826784,0.0659595499639386,0.07383225848217109,0.0733917743283435,0.07044800311277903,0.016572815184059706,0.05336357848560254,0.0705562182351111,0.04979511243742954,0.051905008851243405,0.05873193341310506,0.04018171994422067,0.014517645261053229,0.006905339660024878,0.049071658306254345,0.049071658306254345,0.0485146185483368,0.023518739411703703,0.012732817197661424,0.01680141653719263,0.03922087036723282,0.021683206358568866,0.030586835475323877,0.019918044974971814,0.025947910655442233,0.009003461384075085,0.0283203125,0.06856831906852327,0.03460946317708857,0.020716018980074635,0.021506558149946522,0.03316001337177665,0.005940197783494355,0.0235996991671769,0.0087890625,0.005258950006967289,0.0087890625,0.021417687694786434,0.017953883116064683,0.010918300671385692,0.009765625,0.019773883526676354,0.021506558149946522,0.012732817197661424,0.027361183058831836,0.011388577919619728,0.0068359375,0.0013810679320049757,0.006905339660024878,0.006176323555016366,0.021417687694786434,0.022140203220223895,0.019628663322501738,0.008400708268596315,0.006176323555016366,0.005524271728019903,0.01284467425582608,0.009765625,0.007109482313750506,0.01878455474772592,0.01179984958358845,0.022269051271467537,0.0048828125,0.009765625,0.010918300671385692,0.014938533731228863,0.01441877251975918,0.006253051013118016,0.009765625,0.004026470337517247,0.01284467425582608,0.01019561182510796,0.009264485332524549,0.028168369339562415,0.007873298582322802,0.013282686043686957,0.007042092334890604,0.010918300671385692,0.0065509804028314154,0.006253051013118016,0.009003461384075085,0.008734640537108554,0.004026470337517247,0.006176323555016366,0.005694288959809864,0.008734640537108554,0.007109482313750506,0.009618025197066508,0.012079411012551739,0.006253051013118016,0.003521046167445302,0.010918300671385692,0.005940197783494355,0.0009765625,0.01589728573837862,0.011134525635733769,0.01284467425582608,0.006176323555016366,0.0087890625,0.012732817197661424,0.0041432037960149265,0.007873298582322802,0.008734640537108554,0.006253051013118016,0.0029296875,0.021836601342771385,0.011134525635733769,0.0087890625,0.0263671875,1,1,1.0
3.90625,3.871675491333008,3.0,0.07890185713768005,24.150907516479492,0.78125,36.21120834350586,3.265930652618408,3.125,0.8844752907752991,0.1048293337225914,11523.0,335945.0,2207109888.0,29.154300689697266,0.03662285953760147,1.0780425071716309,5.714914321899414,3.321955227875151e-05,2.34375,0.03555888682603836,1162,1133,1133,1069,1019,1004,990,939,847,792,776,729,714,677,590,588,540,511,492,475,414,424,424,502,537,491,508,622,683,664,720,795,904,923,927,909,823,800,894,985,1049,1040,1049,1054,1036,983,983,903,894,860,845,814,729,687,735,764,792,792,782,751,750,702,747,825,999,1100,1191,1213,1215,1191,1208,1181,1163,1144,1085,1049,1039,1016,986,904,809,735,746,715,683,634,652,685,679,666,710,807,958,1096,1176,1196,1144,1115,1131,1086,1064,1036,940,934,863,799,743,696,663,669,621,600,556,523,568,653,680,686,648,685,809,958,1143,1210,1148,1119,1132,1112,1079,1022,969,955,905,858,807,718,728,653,604,508,407,335,374,377,409,479,525,560,654,684,777,830,940,909,956,956,957,952,1020,989,943,892,812,734,714,687,687,680,640,634,679,651,667,634,605,680,743,778,861,874,889,924,906,905,862,832,909,971,1021,1064,1039,1118,1150,1180,1176,1160,1116,1148,1128,1098,1065,1004,953,936,878,829,764,734,778,780,760,864,990,1085,1190,1176,1146,1096,1068,1052,1005,974,992,1000,1081,1117,1198,1211,1162,1143,1180,1128,1098,1066,989,943,974,936,892,813,858,889,1040,1161,1240,1211,1246,1227,1208,1166,1132,1096,1112,1078,1035,989,0.0009765625,0.3039134046795984,0.515957811626984,0.19990928499948146,0.29068281357505493,0.1749355742528093,0.22282965081804398,0.20289246380207368,0.6170028217071855,0.44871851393555756,0.2787021092899303,0.09730405239907149,0.10601439439457104,0.07717315664113417,0.1101482848405744,0.11897240942378852,0.08063000567370318,0.14019370166600356,0.030649130520459405,0.14925760292611562,0.031035641761856844,0.031310975667737106,0.04324529262789947,0.10150614422020533,0.06537135926242016,0.03179457147675724,0.02286074201312427,0.051248600638288774,0.057226895796810985,0.040653629485348924,0.03670887915861817,0.023940723969006372,0.025409398107925172,0.019773883526676354,0.0632960172777297,0.0377211092106015,0.05385279562094624,0.016572815184059706,0.009765625,0.014084184669781208,0.03891573993197515,0.021035800027869155,0.03088161777508183,0.023294649300540163,0.031204190055996988,0.0013810679320049757,0.03623823303765522,0.06289547729728366,0.02681548870653512,0.011920464468489943,0.009814331661250869,0.020531050821902968,0.017953883116064683,0.022269051271467537,0.009765625,0.013566839833447074,0.0170549308560283,0.015776850020901866,0.005940197783494355,0.013879560940968648,0.008734640537108554,0.00390625,0.0048828125,0.005258950006967289,0.021439939843847802,0.019555648822754675,0.013028968812623373,0.011388577919619728,0.005859375,0.0041432037960149265,0.013282686043686957,0.016630260122975003,0.012732817197661424,0.005859375,0.006253051013118016,0.004367320268554277,0.01242961138804478,0.0087890625,0.005859375,0.016716057391234072,0.010786485368346935,0.022032254243512652,0.010381001770248682,0.011759369705851851,0.014778072217208551,0.005524271728019903,0.010563138502335907,0.005940197783494355,0.003521046167445302,0.0087890625,0.0068359375,0.005694288959809864,0.011759369705851851,0.03455430861905104,0.004979511243742954,0.0021836601342771385,0.010563138502335907,0.003521046167445302,0.005940197783494355,0.016164985700436375,0.007873298582322802,0.0048828125,0.005258950006967289,0.004026470337517247,0.005258950006967289,0.005859375,0.0048828125,0.005940197783494355,0.007042092334890604,0.005524271728019903,0.0013810679320049757,0.009618025197066508,0.003521046167445302,0.0021836601342771385,0.013671875,0.00834375365753665,0.009212872199274027,0.006176323555016366,0.006176323555016366,0.009003461384075085,0.0041432037960149265,0.0013810679320049757,0.0013810679320049757,0.004367320268554277,0.00834375365753665,0.023457836229422487,0.005694288959809864,0.004026470337517247,0.015625,1,1,1.0
3.90625,3.479436159133911,3.0,0.07081712037324905,31.684633255004883,0.78125,42.468318939208984,3.121102809906006,3.125,0.9007541537284851,0.10556364804506302,11685.0,399185.0,2324177920.0,34.162174224853516,0.028428737074136734,1.43003249168396,6.041131973266602,2.674261622814811e-06,0.0,0.02552175149321556,943,887,873,811,766,750,889,1096,1162,1133,1133,1069,1019,1004,990,939,847,792,776,729,714,677,590,588,540,511,492,475,414,424,424,502,537,491,508,622,683,664,720,795,904,923,927,909,823,800,894,985,1049,1040,1049,1054,1036,983,983,903,894,860,845,814,729,687,735,764,792,792,782,751,750,702,747,825,999,1100,1191,1213,1215,1191,1208,1181,1163,1144,1085,1049,1039,1016,986,904,809,735,746,715,683,634,652,685,679,666,710,807,958,1096,1176,1196,1144,1115,1131,1086,1064,1036,940,934,863,799,743,696,663,669,621,600,556,523,568,653,680,686,648,685,809,958,1143,1210,1148,1119,1132,1112,1079,1022,969,955,905,858,807,718,728,653,604,508,407,335,374,377,409,479,525,560,654,684,777,830,940,909,956,956,957,952,1020,989,943,892,812,734,714,687,687,680,640,634,679,651,667,634,605,680,743,778,861,874,889,924,906,905,862,832,909,971,1021,1064,1039,1118,1150,1180,1176,1160,1116,1148,1128,1098,1065,1004,953,936,878,829,764,734,778,780,760,864,990,1085,1190,1176,1146,1096,1068,1052,1005,974,992,1000,1081,1117,1198,1211,1162,1143,1180,1128,1098,1066,989,943,974,936,892,813,858,889,1040,1161,1240,1211,1246,1227,0.0029296875,0.24124256498116456,0.5244149717752825,0.17528684812608322,0.22798081113142094,0.1172525860922159,0.16187388769526148,0.23126187680649507,0.6090572213286195,0.47150172949885366,0.23316132699643455,0.13633456064680669,0.150441346966029,0.046589298601080326,0.06993169449206312,0.09971463494819385,0.09765625,0.16918223091773196,0.06880435528831459,0.18209159407510414,0.029700988917471777,0.01589728573837862,0.02756951994822872,0.11422442086854241,0.0856095036872778,0.03712222228271135,0.033673710253059895,0.06545883212839411,0.04630183434035038,0.03917220921900699,0.04447381850287383,0.030162978928672854,0.023478154844084585,0.0170549308560283,0.05837360989796272,0.04018171994422067,0.054661335817017695,0.021439939843847802,0.01800692276815017,0.0235996991671769,0.04421574774481161,0.021506558149946522,0.043552935783159684,0.03423544559171505,0.043891025496570764,0.01313830473347042,0.05097805912553979,0.04805044765680681,0.011759369705851851,0.00390625,0.02229045353615884,0.013028968812623373,0.01886055460530075,0.008843149548962322,0.013566839833447074,0.0146484375,0.007437278423695223,0.009212872199274027,0.006176323555016366,0.0048828125,0.0,0.010918300671385692,0.011430371006562134,0.005940197783494355,0.023212625632821705,0.013671875,0.007109482313750506,0.006176323555016366,0.003521046167445302,0.003088161777508183,0.01878455474772592,0.019186408891004394,0.019457869965987574,0.005940197783494355,0.0013810679320049757,0.0048828125,0.003088161777508183,0.004367320268554277,0.007873298582322802,0.009618025197066508,0.003521046167445302,0.0126953125,0.009003461384075085,0.004026470337517247,0.007437278423695223,0.012506102026236032,0.009264485332524549,0.0021836601342771385,0.004367320268554277,0.003521046167445302,0.0065509804028314154,0.0029296875,0.009959022487485907,0.03149319432929121,0.004367320268554277,0.003521046167445302,0.008734640537108554,0.0021836601342771385,0.004367320268554277,0.014084184669781208,0.007109482313750506,0.004026470337517247,0.001953125,0.001953125,0.0013810679320049757,0.003521046167445302,0.003088161777508183,0.0021836601342771385,0.009765625,0.0021836601342771385,0.0087890625,0.007873298582322802,0.0048828125,0.008734640537108554,0.0065509804028314154,0.003521046167445302,0.0065509804028314154,0.0009765625,0.003521046167445302,0.00834375365753665,0.0021836601342771385,0.003088161777508183,0.0029296875,0.0021836601342771385,0.005694288959809864,0.022482157096135425,0.005694288959809864,0.0013810679320049757,0.0166015625,1,1,1.0
3.90625,3.4072227478027344,3.0,0.0859721377491951,28.148202896118164,0.78125,43.23063659667969,3.3161191940307617,3.125,0.8826699256896973,0.10297989100217819,11120.0,388970.0,2279032064.0,34.97931671142578,0.03135795146226883,1.3488574028015137,6.210803031921387,2.529150151531212e-05,0.0,0.020013796165585518,1213,1199,1148,1114,1119,1104,1067,1021,943,887,873,811,766,750,889,1096,1162,1133,1133,1069,1019,1004,990,939,847,792,776,729,714,677,590,588,540,511,492,475,414,424,424,502,537,491,508,622,683,664,720,795,904,923,927,909,823,800,894,985,1049,1040,1049,1054,1036,983,983,903,894,860,845,814,729,687,735,764,792,792,782,751,750,702,747,825,999,1100,1191,1213,1215,1191,1208,1181,1163,1144,1085,1049,1039,1016,986,904,809,735,746,715,683,634,652,685,679,666,710,807,958,1096,1176,1196,1144,1115,1131,1086,1064,1036,940,934,863,799,743,696,663,669,621,600,556,523,568,653,680,686,648,685,809,958,1143,1210,1148,1119,1132,1112,1079,1022,969,955,905,858,807,718,728,653,604,508,407,335,374,377,409,479,525,560,654,684,777,830,940,909,956,956,957,952,1020,989,943,892,812,734,714,687,687,680,640,634,679,651,667,634,605,680,743,778,861,874,889,924,906,905,862,832,909,971,1021,1064,1039,1118,1150,1180,1176,1160,1116,1148,1128,1098,1065,1004,953,936,878,829,764,734,778,780,760,864,990,1085,1190,1176,1146,1096,1068,1052,1005,974,992,1000,1081,1117,1198,1211,1162,1143,1180,1128,1098,1066,989,943,974,936,892,813,0.00048828125,0.27549795669933347,0.536769245998415,0.20620505103243486,0.25116648334512515,0.1416015625,0.15820613905307856,0.21370882764335056,0.5778453253525014,0.5062598333463394,0.19683246455807005,0.1725312622048198,0.1848388010815205,0.06204054755573668,0.03125,0.06641343021843478,0.0883073886220961,0.15759310437913063,0.08301355678653675,0.164703569876842,0.011759369705851851,0.0517578125,0.062454206856716724,0.08410352195232466,0.04917843090630536,0.0441185820237364,0.006905339660024878,0.05603971381017021,0.057451430000323156,0.0078125,0.05681714143667522,0.06247710762391919,0.04324529262789947,0.02751758360079174,0.027621358640099514,0.06977469014803223,0.028185292362620726,0.03866990209613932,0.011388577919619728,0.0029296875,0.030414866215619993,0.024472586105745445,0.03126525506559008,0.0166015625,0.04089920232689829,0.013282686043686957,0.04971844555217912,0.05329204550641505,0.015746597164645604,0.011134525635733769,0.02652944864688696,0.011759369705851851,0.02108108705558877,0.006253051013118016,0.01441877251975918,0.013282686043686957,0.006905339660024878,0.010054326309557618,0.0048828125,0.0068359375,0.0041432037960149265,0.012732817197661424,0.014778072217208551,0.010563138502335907,0.02652944864688696,0.010918300671385692,0.001953125,0.007873298582322802,0.009618025197066508,0.005859375,0.013282686043686957,0.013982247132105814,0.013282686043686957,0.003088161777508183,0.0027621358640099515,0.00390625,0.006176323555016366,0.007627196949127592,0.0065509804028314154,0.010381001770248682,0.005940197783494355,0.009618025197066508,0.011134525635733769,0.0009765625,0.004979511243742954,0.014680953494504793,0.01242961138804478,0.0048828125,0.005940197783494355,0.008400708268596315,0.006253051013118016,0.005859375,0.009212872199274027,0.0363433477850164,0.00390625,0.0048828125,0.0048828125,0.006176323555016366,0.0013810679320049757,0.01019561182510796,0.0013810679320049757,0.0013810679320049757,0.007109482313750506,0.0021836601342771385,0.003521046167445302,0.0048828125,0.0021836601342771385,0.0048828125,0.009959022487485907,0.0009765625,0.0068359375,0.0048828125,0.007042092334890604,0.009003461384075085,0.005694288959809864,0.004026470337517247,0.005940197783494355,0.0,0.003521046167445302,0.008400708268596315,0.0009765625,0.001953125,0.003088161777508183,0.003521046167445302,0.005258950006967289,0.023478154844084585,0.0041432037960149265,0.0,0.0185546875,1,1,1.0
3.90625,3.393683910369873,3.0,0.06764420121908188,29.156997680664062,0.78125,37.29318618774414,3.184671401977539,3.125,0.9014390707015991,0.104218028485775,11389.0,350125.0,2276257792.0,30.742382049560547,0.0309167318046093,1.158905267715454,5.82470703125,6.85956194956816e-07,0.0,0.01899733953177929,839,841,890,942,952,1002,1131,1195,1213,1199,1148,1114,1119,1104,1067,1021,943,887,873,811,766,750,889,1096,1162,1133,1133,1069,1019,1004,990,939,847,792,776,729,714,677,590,588,540,511,492,475,414,424,424,502,537,491,508,622,683,664,720,795,904,923,927,909,823,800,894,985,1049,1040,1049,1054,1036,983,983,903,894,860,845,814,729,687,735,764,792,792,782,751,750,702,747,825,999,1100,1191,1213,1215,1191,1208,1181,1163,1144,1085,1049,1039,1016,986,904,809,735,746,715,683,634,652,685,679,666,710,807,958,1096,1176,1196,1144,1115,1131,1086,1064,1036,940,934,863,799,743,696,663,669,621,600,556,523,568,653,680,686,648,685,809,958,1143,1210,1148,1119,1132,1112,1079,1022,969,955,905,858,807,718,728,653,604,508,407,335,374,377,409,479,525,560,654,684,777,830,940,909,956,956,957,952,1020,989,943,892,812,734,714,687,687,680,640,634,679,651,667,634,605,680,743,778,861,874,889,924,906,905,862,832,909,971,1021,1064,1039,1118,1150,1180,1176,1160,1116,1148,1128,1098,1065,1004,953,936,878,829,764,734,778,780,760,864,990,1085,1190,1176,1146,1096,1068,1052,1005,974,992,1000,1081,1117,1198,1211,1162,1143,1180,1128,0.0009765625,0.2380189546362081,0.5103274935723146,0.16820704390464933,0.25263541641165094,0.14725707659207862,0.19190881884628586,0.18714617086657032,0.5623796122256481,0.5240820716474335,0.178419866275145,0.20136377755357227,0.21875217981614814,0.07370297759419221,0.02847144479904932,0.05808700139829317,0.0966747552403483,0.14818672278436523,0.09675856946110849,0.138812786021275,0.040430159266571196,0.06939780470484323,0.07177568291020688,0.1082575802164283,0.06939780470484323,0.0657858195042941,0.02229045353615884,0.0782225952910187,0.032241355506287456,0.026240290708094537,0.049881221832508336,0.03941491420041126,0.03304477405407936,0.025409398107925172,0.04350911994129973,0.06176323555016366,0.04290211452439218,0.04894517221149089,0.02681548870653512,0.0170549308560283,0.016630260122975003,0.02777629424478104,0.02417855156863271,0.0048828125,0.04398869386545003,0.022881590847382775,0.05729351618700246,0.04917843090630536,0.012236293052872722,0.01516032685181643,0.03126525506559008,0.019773883526676354,0.013101960805662831,0.014084184669781208,0.009765625,0.017578125,0.01528562093993997,0.0013810679320049757,0.010517900013934578,0.0021836601342771385,0.0065509804028314154,0.01516032685181643,0.01242961138804478,0.0027621358640099515,0.02286074201312427,0.01760523083722651,0.009212872199274027,0.0009765625,0.008734640537108554,0.010786485368346935,0.01800692276815017,0.009264485332524549,0.00966747552403483,0.005940197783494355,0.009003461384075085,0.008843149548962322,0.011759369705851851,0.015440808887540914,0.012352647110032733,0.011134525635733769,0.010381001770248682,0.00390625,0.010918300671385692,0.007873298582322802,0.011759369705851851,0.013028968812623373,0.01516032685181643,0.00966747552403483,0.005524271728019903,0.01019561182510796,0.015254393898255184,0.010918300671385692,0.007873298582322802,0.025781989809461104,0.007437278423695223,0.00834375365753665,0.013282686043686957,0.005859375,0.007627196949127592,0.012732817197661424,0.009212872199274027,0.007627196949127592,0.009814331661250869,0.006253051013118016,0.007109482313750506,0.005940197783494355,0.005258950006967289,0.00834375365753665,0.011134525635733769,0.003521046167445302,0.009959022487485907,0.004026470337517247,0.009003461384075085,0.011048543456039806,0.005859375,0.005940197783494355,0.009264485332524549,0.004367320268554277,0.004367320268554277,0.00390625,0.0065509804028314154,0.007873298582322802,0.009264485332524549,0.007109482313750506,0.0048828125,0.015440808887540914,0.011759369705851851,0.0087890625,0.009765625,1,1,1.0
4.296875,3.5678048133850098,3.0,0.07494605332612991,26.792312622070312,3.515625,36.917118072509766,3.3915367126464844,3.125,0.8917694091796875,0.10312333703041077,11151.0,331634.0,2115737472.0,29.740291595458984,0.03328452631831169,1.1514909267425537,5.812992572784424,2.802376457111677e-06,0.0,0.033188797533512115,844,858,893,880,871,810,809,796,839,841,890,942,952,1002,1131,1195,1213,1199,1148,1114,1119,1104,1067,1021,943,887,873,811,766,750,889,1096,1162,1133,1133,1069,1019,1004,990,939,847,792,776,729,714,677,590,588,540,511,492,475,414,424,424,502,537,491,508,622,683,664,720,795,904,923,927,909,823,800,894,985,1049,1040,1049,1054,1036,983,983,903,894,860,845,814,729,687,735,764,792,792,782,751,750,702,747,825,999,1100,1191,1213,1215,1191,1208,1181,1163,1144,1085,1049,1039,1016,986,904,809,735,746,715,683,634,652,685,679,666,710,807,958,1096,1176,1196,1144,1115,1131,1086,1064,1036,940,934,863,799,743,696,663,669,621,600,556,523,568,653,680,686,648,685,809,958,1143,1210,1148,1119,1132,1112,1079,1022,969,955,905,858,807,718,728,653,604,508,407,335,374,377,409,479,525,560,654,684,777,830,940,909,956,956,957,952,1020,989,943,892,812,734,714,687,687,680,640,634,679,651,667,634,605,680,743,778,861,874,889,924,906,905,862,832,909,971,1021,1064,1039,1118,1150,1180,1176,1160,1116,1148,1128,1098,1065,1004,953,936,878,829,764,734,778,780,760,864,990,1085,1190,1176,1146,1096,1068,1052,1005,974,992,1000,0.0009765625,0.177734375,0.46075746285350094,0.11932458901645257,0.29056960367539847,0.19832876034548239,0.24874946632519698,0.1294415082766784,0.5062513563349886,0.5795024237067791,0.1251524948718812,0.24178551568632708,0.24458943122744298,0.11560206830243472,0.02161713244255728,0.0192608231673008,0.054774623681172495,0.1218865804794628,0.05862629304610795,0.1454324206951731,0.016572815184059706,0.038989189018900645,0.05306788347341221,0.09250578166316568,0.05482683143600859,0.04789140560640324,0.003521046167445302,0.06440131677264667,0.04606436099637014,0.011759369705851851,0.05715185503281067,0.051202057534837225,0.032638232357555474,0.0208765218031562,0.03813598474563796,0.0631149555939708,0.03669588716417175,0.04367320268554277,0.01878455474772592,0.009264485332524549,0.024433585943743757,0.024433585943743757,0.029893023173855404,0.014680953494504793,0.040641898528681275,0.012732817197661424,0.0498046875,0.054276145435899426,0.016858082521125067,0.011430371006562134,0.027361183058831836,0.011388577919619728,0.0208765218031562,0.005940197783494355,0.012352647110032733,0.012732817197661424,0.009959022487485907,0.008286407592029853,0.005694288959809864,0.003521046167445302,0.003088161777508183,0.013671875,0.012506102026236032,0.006253051013118016,0.026057937625246747,0.014517645261053229,0.005694288959809864,0.005940197783494355,0.01188039556698871,0.009618025197066508,0.01179984958358845,0.010786485368346935,0.010918300671385692,0.007042092334890604,0.006176323555016366,0.007873298582322802,0.004367320268554277,0.009003461384075085,0.011134525635733769,0.006905339660024878,0.003088161777508183,0.009618025197066508,0.008400708268596315,0.0029296875,0.006905339660024878,0.012732817197661424,0.012352647110032733,0.005694288959809864,0.003088161777508183,0.007873298582322802,0.01179984958358845,0.00834375365753665,0.008052940675034493,0.029556144434417102,0.003521046167445302,0.004026470337517247,0.008400708268596315,0.006253051013118016,0.004026470337517247,0.009264485332524549,0.0021836601342771385,0.001953125,0.007109482313750506,0.003088161777508183,0.00390625,0.0048828125,0.004367320268554277,0.003088161777508183,0.007042092334890604,0.0065509804028314154,0.005258950006967289,0.010517900013934578,0.005694288959809864,0.007873298582322802,0.010381001770248682,0.001953125,0.003521046167445302,0.004367320268554277,0.006176323555016366,0.010563138502335907,0.0009765625,0.0021836601342771385,0.0029296875,0.0048828125,0.001953125,0.018165112536853784,0.008843149548962322,0.005940197783494355,0.0126953125,1,1,1.0
4.296875,3.278858184814453,3.0,0.057678718119859695,29.233165740966797,3.125,39.36970901489258,3.3811163902282715,3.515625,0.9111528396606445,0.10086524486541748,10668.0,352136.0,1997690112.0,33.00862503051758,0.031168462708592415,1.3103222846984863,5.8928351402282715,2.929229140136158e-06,0.0,0.022626692429184914,1084,1020,1017,1003,904,857,844,862,844,858,893,880,871,810,809,796,839,841,890,942,952,1002,1131,1195,1213,1199,1148,1114,1119,1104,1067,1021,943,887,873,811,766,750,889,1096,1162,1133,1133,1069,1019,1004,990,939,847,792,776,729,714,677,590,588,540,511,492,475,414,424,424,502,537,491,508,622,683,664,720,795,904,923,927,909,823,800,894,985,1049,1040,1049,1054,1036,983,983,903,894,860,845,814,729,687,735,764,792,792,782,751,750,702,747,825,999,1100,1191,1213,1215,1191,1208,1181,1163,1144,1085,1049,1039,1016,986,904,809,735,746,715,683,634,652,685,679,666,710,807,958,1096,1176,1196,1144,1115,1131,1086,1064,1036,940,934,863,799,743,696,663,669,621,600,556,523,568,653,680,686,648,685,809,958,1143,1210,1148,1119,1132,1112,1079,1022,969,955,905,858,807,718,728,653,604,508,407,335,374,377,409,479,525,560,654,684,777,830,940,909,956,956,957,952,1020,989,943,892,812,734,714,687,687,680,640,634,679,651,667,634,605,680,743,778,861,874,889,924,906,905,862,832,909,971,1021,1064,1039,1118,1150,1180,1176,1160,1116,1148,1128,1098,1065,1004,953,936,878,829,764,734,778,780,760,864,990,1085,1190,1176,0.00341796875,0.1611328125,0.4426532785926567,0.11676763978800016,0.3088316181737049,0.21481267530951895,0.24990843049567676,0.12754145528000457,0.5042127519882635,0.5741323808344695,0.1343900450334829,0.2267013650402944,0.22990529639940877,0.10265525410951483,0.009959022487485907,0.0283875817456028,0.06518874714171342,0.12415024889929868,0.06630564529987483,0.13713663813704655,0.023518739411703703,0.03936649291161401,0.0492656181860525,0.0966846195080379,0.05814443611954764,0.04421574774481161,0.0009765625,0.06253051013118016,0.047138743695887386,0.010918300671385692,0.05633673867912483,0.05067785447394188,0.03477440198196261,0.024433585943743757,0.03452669830012439,0.06684283186971719,0.0324624416769427,0.04102724909687501,0.013671875,0.0048828125,0.029133659941750583,0.018657200365764452,0.026203921611325662,0.0170549308560283,0.03430501576220761,0.0146484375,0.05021468801633766,0.05459150335692846,0.01516032685181643,0.014517645261053229,0.029264304812054096,0.015191747252054731,0.01760523083722651,0.011388577919619728,0.015776850020901866,0.01800692276815017,0.007627196949127592,0.010786485368346935,0.007873298582322802,0.006253051013118016,0.0029296875,0.012352647110032733,0.013566839833447074,0.009618025197066508,0.026654968874914416,0.012236293052872722,0.003521046167445302,0.007042092334890604,0.010918300671385692,0.007437278423695223,0.011134525635733769,0.013810679320049757,0.013028968812623373,0.005258950006967289,0.0029296875,0.004979511243742954,0.006253051013118016,0.009765625,0.009003461384075085,0.01019561182510796,0.007042092334890604,0.005859375,0.008286407592029853,0.007627196949127592,0.010918300671385692,0.008400708268596315,0.009212872199274027,0.004026470337517247,0.001953125,0.003521046167445302,0.008052940675034493,0.004367320268554277,0.008843149548962322,0.03317439013957623,0.0009765625,0.004979511243742954,0.00834375365753665,0.003521046167445302,0.004026470337517247,0.009814331661250869,0.004026470337517247,0.0021836601342771385,0.0068359375,0.0029296875,0.004026470337517247,0.004026470337517247,0.004026470337517247,0.0027621358640099515,0.007109482313750506,0.007042092334890604,0.0041432037960149265,0.009959022487485907,0.0065509804028314154,0.008734640537108554,0.009264485332524549,0.001953125,0.004367320268554277,0.001953125,0.003088161777508183,0.00834375365753665,0.0027621358640099515,0.0041432037960149265,0.00390625,0.001953125,0.004367320268554277,0.0208765218031562,0.007042092334890604,0.003521046167445302,0.015625,1,1,1.0
4.296875,3.31862473487854,4.0,0.05763619393110275,28.935001373291016,3.125,39.68223571777344,3.3930673599243164,3.515625,0.9108834862709045,0.09982456266880035,10449.0,345640.0,1906261248.0,33.07876205444336,0.0314803346991539,1.2965713739395142,5.902932167053223,3.663285679067485e-05,0.0,0.021899398416280746,809,923,1079,1180,1179,1167,1144,1066,1084,1020,1017,1003,904,857,844,862,844,858,893,880,871,810,809,796,839,841,890,942,952,1002,1131,1195,1213,1199,1148,1114,1119,1104,1067,1021,943,887,873,811,766,750,889,1096,1162,1133,1133,1069,1019,1004,990,939,847,792,776,729,714,677,590,588,540,511,492,475,414,424,424,502,537,491,508,622,683,664,720,795,904,923,927,909,823,800,894,985,1049,1040,1049,1054,1036,983,983,903,894,860,845,814,729,687,735,764,792,792,782,751,750,702,747,825,999,1100,1191,1213,1215,1191,1208,1181,1163,1144,1085,1049,1039,1016,986,904,809,735,746,715,683,634,652,685,679,666,710,807,958,1096,1176,1196,1144,1115,1131,1086,1064,1036,940,934,863,799,743,696,663,669,621,600,556,523,568,653,680,686,648,685,809,958,1143,1210,1148,1119,1132,1112,1079,1022,969,955,905,858,807,718,728,653,604,508,407,335,374,377,409,479,525,560,654,684,777,830,940,909,956,956,957,952,1020,989,943,892,812,734,714,687,687,680,640,634,679,651,667,634,605,680,743,778,861,874,889,924,906,905,862,832,909,971,1021,1064,1039,1118,1150,1180,1176,1160,1116,1148,1128,1098,1065,1004,953,936,878,829,764,734,0.00048828125,0.18612420461470622,0.4749849819017719,0.10569005283406006,0.2856591375806151,0.20919646437157202,0.276187690163327,0.09821131317792677,0.47390254883621064,0.6038639581831953,0.11715901346475718,0.2270418555033204,0.20943566197949445,0.08953006550536267,0.02108108705558877,0.05899924791794225,0.09556850385049803,0.1420890047763032,0.09100912832231875,0.11050701163990469,0.051794650805375465,0.0341796875,0.020899350155305366,0.10328043003882152,0.05688424171566679,0.037186392118476116,0.026057937625246747,0.07617813475881403,0.041015625,0.029133659941750583,0.062454206856716724,0.029556144434417102,0.04372776011179318,0.04263453115809194,0.025633603024231812,0.08505068894454298,0.015746597164645604,0.03304477405407936,0.003521046167445302,0.018165112536853784,0.033260520245950005,0.007873298582322802,0.013028968812623373,0.013671875,0.040641898528681275,0.02489755621871477,0.05953027599268817,0.04442017740446937,0.009264485332524549,0.005940197783494355,0.02157297073669387,0.0087890625,0.02298555135925746,0.005258950006967289,0.01179984958358845,0.01242961138804478,0.012352647110032733,0.0048828125,0.010054326309557618,0.003521046167445302,0.003088161777508183,0.007873298582322802,0.011430371006562134,0.013101960805662831,0.029442994983752607,0.009618025197066508,0.0009765625,0.009003461384075085,0.007042092334890604,0.005694288959809864,0.013982247132105814,0.011388577919619728,0.010517900013934578,0.0065509804028314154,0.0065509804028314154,0.007627196949127592,0.0029296875,0.0068359375,0.007042092334890604,0.012079411012551739,0.009003461384075085,0.003088161777508183,0.011388577919619728,0.009959022487485907,0.01528562093993997,0.0048828125,0.007109482313750506,0.005258950006967289,0.004979511243742954,0.004026470337517247,0.005694288959809864,0.007042092334890604,0.0048828125,0.03149319432929121,0.004367320268554277,0.006905339660024878,0.010381001770248682,0.0068359375,0.004367320268554277,0.008400708268596315,0.0013810679320049757,0.0013810679320049757,0.0048828125,0.001953125,0.001953125,0.0021836601342771385,0.0027621358640099515,0.0027621358640099515,0.007437278423695223,0.005940197783494355,0.004979511243742954,0.0107421875,0.007042092334890604,0.010381001770248682,0.009765625,0.003088161777508183,0.005940197783494355,0.0,0.0021836601342771385,0.007109482313750506,0.004367320268554277,0.0048828125,0.00390625,0.001953125,0.004026470337517247,0.021439939843847802,0.008286407592029853,0.005258950006967289,0.013671875,1,1,1.0
4.296875,3.3250651359558105,3.0,0.06225045397877693,26.782102584838867,0.78125,43.71007537841797,3.3669538497924805,3.515625,0.9039958119392395,0.10102584958076477,10702.0,382365.0,2084019584.0,35.72836685180664,0.03375372663140297,1.6162869930267334,6.16210412979126,7.299365734070307e-07,0.0,0.020692361518740654,861,876,889,861,732,668,718,761,809,923,1079,1180,1179,1167,1144,1066,1084,1020,1017,1003,904,857,844,862,844,858,893,880,871,810,809,796,839,841,890,942,952,1002,1131,1195,1213,1199,1148,1114,1119,1104,1067,1021,943,887,873,811,766,750,889,1096,1162,1133,1133,1069,1019,1004,990,939,847,792,776,729,714,677,590,588,540,511,492,475,414,424,424,502,537,491,508,622,683,664,720,795,904,923,927,909,823,800,894,985,1049,1040,1049,1054,1036,983,983,903,894,860,845,814,729,687,735,764,792,792,782,751,750,702,747,825,999,1100,1191,1213,1215,1191,1208,1181,1163,1144,1085,1049,1039,1016,986,904,809,735,746,715,683,634,652,685,679,666,710,807,958,1096,1176,1196,1144,1115,1131,1086,1064,1036,940,934,863,799,743,696,663,669,621,600,556,523,568,653,680,686,648,685,809,958,1143,1210,1148,1119,1132,1112,1079,1022,969,955,905,858,807,718,728,653,604,508,407,335,374,377,409,479,525,560,654,684,777,830,940,909,956,956,957,952,1020,989,943,892,812,734,714,687,687,680,640,634,679,651,667,634,605,680,743,778,861,874,889,924,906,905,862,832,909,971,1021,1064,1039,1118,1150,1180,1176,1160,1116,1148,1128,1098,0.0009765625,0.1603526330277907,0.4372307084867755,0.14519287435738765,0.2792251601548051,0.16891143988470936,0.252597664556029,0.11779222227886921,0.4680628508399548,0.6379375377440869,0.08625319322949822,0.24484468792198308,0.19186905941791152,0.07882982840082252,0.04958399326088322,0.0824255775234734,0.1142578125,0.12864705238330984,0.08124272240544168,0.11078282708900343,0.0411664822428867,0.0244140625,0.03828573395295441,0.09944168636349851,0.06207896513794069,0.027964494264211628,0.023478154844084585,0.06397788810218437,0.05539786954563607,0.036812650048771024,0.07565050940181373,0.015746597164645604,0.05765028180916188,0.06118146526436361,0.016164985700436375,0.09480706952611133,0.02847144479904932,0.013282686043686957,0.023047702580480365,0.025353037081537442,0.01284467425582608,0.029700988917471777,0.03406789754396955,0.024724587697601882,0.025633603024231812,0.020108652619115236,0.05459150335692846,0.05258950006967289,0.013810679320049757,0.0170549308560283,0.012236293052872722,0.01171875,0.04021730523823047,0.011430371006562134,0.01528562093993997,0.010918300671385692,0.0244140625,0.0065509804028314154,0.019749754312653012,0.012352647110032733,0.008843149548962322,0.011388577919619728,0.016858082521125067,0.0087890625,0.027010384152225255,0.014084184669781208,0.005694288959809864,0.0146484375,0.010054326309557618,0.0021836601342771385,0.022545696055889054,0.0087890625,0.0048828125,0.0166015625,0.0166015625,0.016630260122975003,0.007873298582322802,0.006905339660024878,0.005940197783494355,0.022798081113142094,0.019384212149686726,0.01019561182510796,0.007873298582322802,0.013982247132105814,0.013101960805662831,0.013282686043686957,0.013810679320049757,0.008052940675034493,0.005258950006967289,0.005694288959809864,0.009814331661250869,0.003088161777508183,0.012236293052872722,0.03803582440263759,0.007873298582322802,0.011920464468489943,0.015191747252054731,0.012079411012551739,0.007627196949127592,0.007627196949127592,0.004979511243742954,0.005694288959809864,0.0021836601342771385,0.004026470337517247,0.006905339660024878,0.008052940675034493,0.008843149548962322,0.008052940675034493,0.010054326309557618,0.012732817197661424,0.003521046167445302,0.003521046167445302,0.009212872199274027,0.006905339660024878,0.012732817197661424,0.005859375,0.005258950006967289,0.00834375365753665,0.010517900013934578,0.011388577919619728,0.006905339660024878,0.009765625,0.009618025197066508,0.003088161777508183,0.009212872199274027,0.02489755621871477,0.00966747552403483,0.008052940675034493,0.009765625,1,1,1.0
4.296875,3.9196228981018066,3.0,0.06363944709300995,20.062942504882812,3.125,54.59396743774414,3.6566596031188965,3.515625,0.8919051885604858,0.10046735405921936,10584.0,426733.0,2194142208.0,40.318687438964844,0.044455353170633316,1.8575818538665771,6.844521999359131,2.9524217097787187e-06,0.0,0.03788696974515915,862,798,767,763,743,728,727,775,861,876,889,861,732,668,718,761,809,923,1079,1180,1179,1167,1144,1066,1084,1020,1017,1003,904,857,844,862,844,858,893,880,871,810,809,796,839,841,890,942,952,1002,1131,1195,1213,1199,1148,1114,1119,1104,1067,1021,943,887,873,811,766,750,889,1096,1162,1133,1133,1069,1019,1004,990,939,847,792,776,729,714,677,590,588,540,511,492,475,414,424,424,502,537,491,508,622,683,664,720,795,904,923,927,909,823,800,894,985,1049,1040,1049,1054,1036,983,983,903,894,860,845,814,729,687,735,764,792,792,782,751,750,702,747,825,999,1100,1191,1213,1215,1191,1208,1181,1163,1144,1085,1049,1039,1016,986,904,809,735,746,715,683,634,652,685,679,666,710,807,958,1096,1176,1196,1144,1115,1131,1086,1064,1036,940,934,863,799,743,696,663,669,621,600,556,523,568,653,680,686,648,685,809,958,1143,1210,1148,1119,1132,1112,1079,1022,969,955,905,858,807,718,728,653,604,508,407,335,374,377,409,479,525,560,654,684,777,830,940,909,956,956,957,952,1020,989,943,892,812,734,714,687,687,680,640,634,679,651,667,634,605,680,743,778,861,874,889,924,906,905,862,832,909,971,1021,1064,1039,1118,0.00048828125,0.1537427004190082,0.3976960107976877,0.22358376577332892,0.23786865533815676,0.1000726435974489,0.29128585660197726,0.10794439678765898,0.3974465407404901,0.6858403373845761,0.13953912898562326,0.18619592483273206,0.14844071234188552,0.037186392118476116,0.04559616222628419,0.03669588716417175,0.05879684852925925,0.12573408107218348,0.07963027395271949,0.13680591529415917,0.05781546920162377,0.05985778484657014,0.018347943582085875,0.11896840139207199,0.0632960172777297,0.04630183434035038,0.03891573993197515,0.08791774755117795,0.031310975667737106,0.03126525506559008,0.057971961248655585,0.027621358640099514,0.047330550062705604,0.0492656181860525,0.0185803687406645,0.08822095043804168,0.023212625632821705,0.02161713244255728,0.015655487833868553,0.017953883116064683,0.020132351687586234,0.022798081113142094,0.029893023173855404,0.02286074201312427,0.026240290708094537,0.02458921545315268,0.05996125559769044,0.04447381850287383,0.004026470337517247,0.005940197783494355,0.015254393898255184,0.004026470337517247,0.029378142493147116,0.0013810679320049757,0.013810679320049757,0.008734640537108554,0.015655487833868553,0.003521046167445302,0.012732817197661424,0.0048828125,0.005258950006967289,0.005524271728019903,0.009959022487485907,0.013982247132105814,0.032285693857063556,0.007437278423695223,0.0048828125,0.012732817197661424,0.0021836601342771385,0.009003461384075085,0.01875915303935405,0.003521046167445302,0.005694288959809864,0.014874556847390447,0.009618025197066508,0.007627196949127592,0.0065509804028314154,0.009212872199274027,0.006253051013118016,0.011920464468489943,0.009212872199274027,0.0041432037960149265,0.008843149548962322,0.009618025197066508,0.01516032685181643,0.0041432037960149265,0.005694288959809864,0.001953125,0.003088161777508183,0.005940197783494355,0.008734640537108554,0.005940197783494355,0.008286407592029853,0.03304477405407936,0.0021836601342771385,0.005524271728019903,0.010563138502335907,0.005940197783494355,0.003088161777508183,0.009212872199274027,0.0041432037960149265,0.0013810679320049757,0.007042092334890604,0.003521046167445302,0.004979511243742954,0.0065509804028314154,0.0048828125,0.001953125,0.005258950006967289,0.004979511243742954,0.004979511243742954,0.01019561182510796,0.006253051013118016,0.009264485332524549,0.008286407592029853,0.003521046167445302,0.0048828125,0.0021836601342771385,0.0041432037960149265,0.009814331661250869,0.0009765625,0.001953125,0.0048828125,0.004367320268554277,0.004367320268554277,0.019555648822754675,0.007109482313750506,0.003521046167445302,0.015625,1,1,1.0
3.90625,3.444352865219116,3.0,0.06269777566194534,23.297441482543945,0.78125,77.2700424194336,3.568359851837158,3.515625,0.8987260460853577,0.09775873273611069,10021.0,493226.0,2373991424.0,49.21923828125,0.038576170802116394,2.974017858505249,8.171924591064453,7.796000431881112e-07,0.0,0.023009292781352997,1017,1014,986,969,923,920,923,919,862,798,767,763,743,728,727,775,861,876,889,861,732,668,718,761,809,923,1079,1180,1179,1167,1144,1066,1084,1020,1017,1003,904,857,844,862,844,858,893,880,871,810,809,796,839,841,890,942,952,1002,1131,1195,1213,1199,1148,1114,1119,1104,1067,1021,943,887,873,811,766,750,889,1096,1162,1133,1133,1069,1019,1004,990,939,847,792,776,729,714,677,590,588,540,511,492,475,414,424,424,502,537,491,508,622,683,664,720,795,904,923,927,909,823,800,894,985,1049,1040,1049,1054,1036,983,983,903,894,860,845,814,729,687,735,764,792,792,782,751,750,702,747,825,999,1100,1191,1213,1215,1191,1208,1181,1163,1144,1085,1049,1039,1016,986,904,809,735,746,715,683,634,652,685,679,666,710,807,958,1096,1176,1196,1144,1115,1131,1086,1064,1036,940,934,863,799,743,696,663,669,621,600,556,523,568,653,680,686,648,685,809,958,1143,1210,1148,1119,1132,1112,1079,1022,969,955,905,858,807,718,728,653,604,508,407,335,374,377,409,479,525,560,654,684,777,830,940,909,956,956,957,952,1020,989,943,892,812,734,714,687,687,680,640,634,679,651,667,634,605,680,743,778,861,874,889,924,906,905,0.00146484375,0.149643665497525,0.3960006092721895,0.21728899663038767,0.24925502405488553,0.09430277302650374,0.28556397435122244,0.121537901441552,0.3915613776919271,0.6998308794899631,0.151404985200148,0.1746846218247353,0.14360782392434318,0.04531292093015696,0.046915672458844974,0.019749754312653012,0.05094999008103743,0.14403552019936458,0.0980704108330185,0.11970361984503186,0.06514484406311687,0.04254496271639056,0.01284467425582608,0.10186253758129139,0.057451430000323156,0.031204190055996988,0.03180956538066861,0.07805172344800033,0.0471993983343538,0.049506999436080376,0.059112288868834205,0.024119314521930602,0.060962847793021906,0.04421574774481161,0.02231183527108567,0.07387099862920876,0.021836601342771385,0.03538607603904968,0.005524271728019903,0.022482157096135425,0.022881590847382775,0.023457836229422487,0.02847144479904932,0.020600608505594715,0.028117539157984314,0.019628663322501738,0.05765028180916188,0.04688517142249142,0.009212872199274027,0.011134525635733769,0.009618025197066508,0.001953125,0.03066468450802262,0.0029296875,0.009765625,0.011430371006562134,0.013028968812623373,0.004979511243742954,0.009212872199274027,0.001953125,0.004979511243742954,0.006176323555016366,0.007437278423695223,0.016716057391234072,0.03515625,0.005258950006967289,0.0065509804028314154,0.011430371006562134,0.003521046167445302,0.009959022487485907,0.015746597164645604,0.006905339660024878,0.006905339660024878,0.0107421875,0.009212872199274027,0.009003461384075085,0.0041432037960149265,0.0065509804028314154,0.0041432037960149265,0.013982247132105814,0.011920464468489943,0.005940197783494355,0.00834375365753665,0.009814331661250869,0.013282686043686957,0.007109482313750506,0.009212872199274027,0.004026470337517247,0.00390625,0.003088161777508183,0.004979511243742954,0.008286407592029853,0.004026470337517247,0.029296875,0.0048828125,0.0021836601342771385,0.007109482313750506,0.001953125,0.005859375,0.009765625,0.004026470337517247,0.004026470337517247,0.0065509804028314154,0.0027621358640099515,0.0013810679320049757,0.004026470337517247,0.004367320268554277,0.004026470337517247,0.0068359375,0.008400708268596315,0.001953125,0.007873298582322802,0.004026470337517247,0.006905339660024878,0.011430371006562134,0.003521046167445302,0.005694288959809864,0.0009765625,0.0021836601342771385,0.0087890625,0.0021836601342771385,0.0013810679320049757,0.0027621358640099515,0.0048828125,0.00390625,0.018425744398548053,0.006905339660024878,0.0029296875,0.0166015625,1,1,1.0
3.90625,3.337642192840576,3.0,0.05917375907301903,23.835649490356445,0.78125,80.87191009521484,3.5318539142608643,3.515625,0.9029441475868225,0.09803637117147446,10078.0,513554.0,2513234176.0,50.95792770385742,0.037882089614868164,3.123161792755127,8.38961124420166,6.976300937822089e-06,0.0,0.0212674792855978,719,762,875,935,955,960,956,1024,1017,1014,986,969,923,920,923,919,862,798,767,763,743,728,727,775,861,876,889,861,732,668,718,761,809,923,1079,1180,1179,1167,1144,1066,1084,1020,1017,1003,904,857,844,862,844,858,893,880,871,810,809,796,839,841,890,942,952,1002,1131,1195,1213,1199,1148,1114,1119,1104,1067,1021,943,887,873,811,766,750,889,1096,1162,1133,1133,1069,1019,1004,990,939,847,792,776,729,714,677,590,588,540,511,492,475,414,424,424,502,537,491,508,622,683,664,720,795,904,923,927,909,823,800,894,985,1049,1040,1049,1054,1036,983,983,903,894,860,845,814,729,687,735,764,792,792,782,751,750,702,747,825,999,1100,1191,1213,1215,1191,1208,1181,1163,1144,1085,1049,1039,1016,986,904,809,735,746,715,683,634,652,685,679,666,710,807,958,1096,1176,1196,1144,1115,1131,1086,1064,1036,940,934,863,799,743,696,663,669,621,600,556,523,568,653,680,686,648,685,809,958,1143,1210,1148,1119,1132,1112,1079,1022,969,955,905,858,807,718,728,653,604,508,407,335,374,377,409,479,525,560,654,684,777,830,940,909,956,956,957,952,1020,989,943,892,812,734,714,687,687,680,640,634,679,651,667,634,605,680,0.00048828125,0.14657874564314025,0.39361284077175396,0.21484375,0.25496511482520906,0.09096196111089858,0.2838774971896232,0.12509533107958168,0.386264727166648,0.7026698016555795,0.15647261972977144,0.1702610883196768,0.14778072217208552,0.05064961906207008,0.04372776011179318,0.017820593350483065,0.05447783469133341,0.1454324206951731,0.09728934982993787,0.11818020292658805,0.06284238493436003,0.040465526084180976,0.015254393898255184,0.10504290476191294,0.06121263259458914,0.03066468450802262,0.03515625,0.0810546875,0.042979845868487083,0.046895340638839725,0.0567751634912056,0.0244140625,0.057971961248655585,0.04559616222628419,0.017820593350483065,0.07550539757842854,0.025559086578715626,0.03340357690720131,0.0021836601342771385,0.01760523083722651,0.027621358640099514,0.018528970665049098,0.0235996991671769,0.01589728573837862,0.0333750146301466,0.0170549308560283,0.055672628178668845,0.04941058844013093,0.01313830473347042,0.013982247132105814,0.009212872199274027,0.0048828125,0.02638526579317636,0.004979511243742954,0.013601941676937616,0.008843149548962322,0.0146484375,0.003088161777508183,0.012352647110032733,0.00390625,0.0027621358640099515,0.009003461384075085,0.005694288959809864,0.01760523083722651,0.037109375,0.003088161777508183,0.007042092334890604,0.009003461384075085,0.00390625,0.007627196949127592,0.016858082521125067,0.0065509804028314154,0.005940197783494355,0.011759369705851851,0.008052940675034493,0.007627196949127592,0.004026470337517247,0.004979511243742954,0.003088161777508183,0.016105881350068987,0.012506102026236032,0.006905339660024878,0.006253051013118016,0.007873298582322802,0.012079411012551739,0.0065509804028314154,0.007873298582322802,0.003088161777508183,0.003521046167445302,0.003088161777508183,0.006176323555016366,0.006905339660024878,0.0041432037960149265,0.028721564784868637,0.005258950006967289,0.0021836601342771385,0.005940197783494355,0.0009765625,0.005694288959809864,0.008734640537108554,0.003521046167445302,0.003521046167445302,0.005524271728019903,0.0013810679320049757,0.0021836601342771385,0.004026470337517247,0.0041432037960149265,0.003521046167445302,0.006905339660024878,0.007873298582322802,0.0013810679320049757,0.006905339660024878,0.00390625,0.005940197783494355,0.011759369705851851,0.0048828125,0.006176323555016366,0.0009765625,0.0009765625,0.008843149548962322,0.0021836601342771385,0.0009765625,0.003521046167445302,0.0048828125,0.0041432037960149265,0.019236050394133015,0.007109482313750506,0.0029296875,0.0166015625,1,1,1.0
3.90625,3.3190758228302,3.0,0.06006144359707832,24.170312881469727,0.78125,82.17896270751953,3.5353963375091553,3.515625,0.9025954008102417,0.09803150594234467,10077.0,517729.0,2532394752.0,51.377296447753906,0.037343140691518784,3.1868679523468018,8.46519660949707,7.752364581392612e-07,0.0,0.019931122660636902,457,396,478,540,585,640,648,698,719,762,875,935,955,960,956,1024,1017,1014,986,969,923,920,923,919,862,798,767,763,743,728,727,775,861,876,889,861,732,668,718,761,809,923,1079,1180,1179,1167,1144,1066,1084,1020,1017,1003,904,857,844,862,844,858,893,880,871,810,809,796,839,841,890,942,952,1002,1131,1195,1213,1199,1148,1114,1119,1104,1067,1021,943,887,873,811,766,750,889,1096,1162,1133,1133,1069,1019,1004,990,939,847,792,776,729,714,677,590,588,540,511,492,475,414,424,424,502,537,491,508,622,683,664,720,795,904,923,927,909,823,800,894,985,1049,1040,1049,1054,1036,983,983,903,894,860,845,814,729,687,735,764,792,792,782,751,750,702,747,825,999,1100,1191,1213,1215,1191,1208,1181,1163,1144,1085,1049,1039,1016,986,904,809,735,746,715,683,634,652,685,679,666,710,807,958,1096,1176,1196,1144,1115,1131,1086,1064,1036,940,934,863,799,743,696,663,669,621,600,556,523,568,653,680,686,648,685,809,958,1143,1210,1148,1119,1132,1112,1079,1022,969,955,905,858,807,718,728,653,604,508,407,335,374,377,409,479,525,560,654,684,777,830,940,909,956,956,957,952,1020,989,943,892,812,734,714,687,687,680,0.0009765625,0.17304731588544287,0.4209539460932102,0.20326814742674462,0.25033737306683534,0.12568856372506423,0.24783147635808517,0.1563262753279504,0.3876362714804758,0.7366997466564196,0.18834495891146988,0.1365302830454715,0.17212450817206876,0.0794864286918931,0.013282686043686957,0.04337740686428283,0.0762281943237755,0.11715901346475718,0.07632821495964505,0.142892152038724,0.07905332248179173,0.05837360989796272,0.014906579611790769,0.08338036799272094,0.055423686029932466,0.01824369305885684,0.04559616222628419,0.0919058943725056,0.04008667139018319,0.05064961906207008,0.047138743695887386,0.030336376107439583,0.05027163154778809,0.05286081485439202,0.009003461384075085,0.07313142666737912,0.03168941550700772,0.039257326645003476,0.0021836601342771385,0.020600608505594715,0.025012204052472065,0.020531050821902968,0.02489755621871477,0.01528562093993997,0.034637007521422264,0.014906579611790769,0.05313074417474783,0.0522803078684538,0.01760523083722651,0.0166015625,0.012352647110032733,0.008286407592029853,0.021683206358568866,0.005258950006967289,0.0166875073150733,0.006176323555016366,0.01760523083722651,0.004979511243742954,0.007873298582322802,0.001953125,0.008052940675034493,0.0029296875,0.011134525635733769,0.013601941676937616,0.034402177644157296,0.010054326309557618,0.010918300671385692,0.013101960805662831,0.007873298582322802,0.01019561182510796,0.013810679320049757,0.00834375365753665,0.0013810679320049757,0.017304731588544287,0.010517900013934578,0.0041432037960149265,0.005694288959809864,0.005258950006967289,0.003088161777508183,0.02157297073669387,0.01800692276815017,0.013601941676937616,0.005524271728019903,0.005694288959809864,0.01800692276815017,0.0,0.005524271728019903,0.0048828125,0.004026470337517247,0.003521046167445302,0.0013810679320049757,0.013566839833447074,0.005859375,0.02763861659782208,0.004979511243742954,0.006905339660024878,0.011388577919619728,0.006253051013118016,0.0013810679320049757,0.013601941676937616,0.007627196949127592,0.007042092334890604,0.007873298582322802,0.004979511243742954,0.003088161777508183,0.0065509804028314154,0.007042092334890604,0.003088161777508183,0.005258950006967289,0.006905339660024878,0.0021836601342771385,0.007109482313750506,0.004026470337517247,0.005258950006967289,0.013282686043686957,0.006176323555016366,0.007627196949127592,0.00390625,0.004026470337517247,0.009003461384075085,0.003521046167445302,0.004979511243742954,0.0,0.008400708268596315,0.006253051013118016,0.019555648822754675,0.0021836601342771385,0.004367320268554277,0.01171875,1,1,1.0
3.90625,3.3829073905944824,3.0,0.05662985146045685,23.903833389282227,0.78125,85.38406372070312,3.5244834423065186,3.515625,0.9054896235466003,0.10130394250154495,10761.0,569090.0,3003614464.0,52.884490966796875,0.03788052126765251,3.0627522468566895,8.67802906036377,2.90383445644693e-06,0.0,0.022681280970573425,843,768,749,663,602,508,456,478,457,396,478,540,585,640,648,698,719,762,875,935,955,960,956,1024,1017,1014,986,969,923,920,923,919,862,798,767,763,743,728,727,775,861,876,889,861,732,668,718,761,809,923,1079,1180,1179,1167,1144,1066,1084,1020,1017,1003,904,857,844,862,844,858,893,880,871,810,809,796,839,841,890,942,952,1002,1131,1195,1213,1199,1148,1114,1119,1104,1067,1021,943,887,873,811,766,750,889,1096,1162,1133,1133,1069,1019,1004,990,939,847,792,776,729,714,677,590,588,540,511,492,475,414,424,424,502,537,491,508,622,683,664,720,795,904,923,927,909,823,800,894,985,1049,1040,1049,1054,1036,983,983,903,894,860,845,814,729,687,735,764,792,792,782,751,750,702,747,825,999,1100,1191,1213,1215,1191,1208,1181,1163,1144,1085,1049,1039,1016,986,904,809,735,746,715,683,634,652,685,679,666,710,807,958,1096,1176,1196,1144,1115,1131,1086,1064,1036,940,934,863,799,743,696,663,669,621,600,556,523,568,653,680,686,648,685,809,958,1143,1210,1148,1119,1132,1112,1079,1022,969,955,905,858,807,718,728,653,604,508,407,335,374,377,409,479,525,560,654,684,777,830,940,909,956,956,957,952,1020,989,0.00146484375,0.19276908398072948,0.44224913474214483,0.18868895901560995,0.2626208799058064,0.13687560756322062,0.2317644325544056,0.17454261954490558,0.36903339423029036,0.7373434902868927,0.19668463328563093,0.13942631482480272,0.1795866309952569,0.06825466310549434,0.0244140625,0.0400390625,0.0616473207112759,0.12761620704781007,0.0880965469636243,0.13111419918353262,0.0720938625987959,0.0505742475633752,0.009618025197066508,0.09110862335695782,0.05386164934819405,0.023840928936979887,0.040653629485348924,0.08740097982525175,0.04239901044158674,0.05064020375962568,0.0471993983343538,0.029765137996344084,0.0519784507116065,0.05164713993038028,0.011759369705851851,0.07292247930700965,0.027010384152225255,0.035507146411519225,0.003521046167445302,0.01792730444402912,0.025781989809461104,0.014906579611790769,0.017953883116064683,0.010563138502335907,0.03984805813106087,0.0170549308560283,0.05781546920162377,0.0465175990774006,0.01589728573837862,0.010563138502335907,0.0166875073150733,0.005258950006967289,0.028437929255002024,0.001953125,0.009765625,0.013810679320049757,0.011134525635733769,0.007042092334890604,0.009765625,0.005694288959809864,0.005940197783494355,0.007873298582322802,0.007873298582322802,0.014938533731228863,0.03907470512449718,0.004979511243742954,0.009003461384075085,0.007109482313750506,0.006905339660024878,0.005694288959809864,0.018425744398548053,0.00390625,0.005694288959809864,0.012079411012551739,0.005694288959809864,0.007042092334890604,0.0021836601342771385,0.004026470337517247,0.001953125,0.017820593350483065,0.01313830473347042,0.007873298582322802,0.005940197783494355,0.006176323555016366,0.013982247132105814,0.004026470337517247,0.005258950006967289,0.0009765625,0.0009765625,0.0009765625,0.0021836601342771385,0.01179984958358845,0.003521046167445302,0.0264394265052361,0.004979511243742954,0.005694288959809864,0.009618025197066508,0.0048828125,0.003088161777508183,0.011920464468489943,0.005940197783494355,0.004979511243742954,0.007109482313750506,0.001953125,0.0021836601342771385,0.004026470337517247,0.004026470337517247,0.004367320268554277,0.008400708268596315,0.009765625,0.0021836601342771385,0.007627196949127592,0.0027621358640099515,0.007873298582322802,0.009003461384075085,0.0027621358640099515,0.004367320268554277,0.0009765625,0.0013810679320049757,0.0065509804028314154,0.003521046167445302,0.0013810679320049757,0.003521046167445302,0.006176323555016366,0.0048828125,0.02003738723504218,0.006176323555016366,0.001953125,0.015625,1,1,1.0
3.90625,3.253826141357422,3.0,0.053814131766557693,25.79500389099121,0.78125,84.09969329833984,3.4368202686309814,3.515625,0.9108738303184509,0.10189062356948853,10886.0,570085.0,3040718848.0,52.36863708496094,0.035312023013830185,2.779749870300293,8.609210968017578,6.458728876168607e-06,0.0,0.01859397068619728,1166,1158,1102,1068,1063,1022,972,923,843,768,749,663,602,508,456,478,457,396,478,540,585,640,648,698,719,762,875,935,955,960,956,1024,1017,1014,986,969,923,920,923,919,862,798,767,763,743,728,727,775,861,876,889,861,732,668,718,761,809,923,1079,1180,1179,1167,1144,1066,1084,1020,1017,1003,904,857,844,862,844,858,893,880,871,810,809,796,839,841,890,942,952,1002,1131,1195,1213,1199,1148,1114,1119,1104,1067,1021,943,887,873,811,766,750,889,1096,1162,1133,1133,1069,1019,1004,990,939,847,792,776,729,714,677,590,588,540,511,492,475,414,424,424,502,537,491,508,622,683,664,720,795,904,923,927,909,823,800,894,985,1049,1040,1049,1054,1036,983,983,903,894,860,845,814,729,687,735,764,792,792,782,751,750,702,747,825,999,1100,1191,1213,1215,1191,1208,1181,1163,1144,1085,1049,1039,1016,986,904,809,735,746,715,683,634,652,685,679,666,710,807,958,1096,1176,1196,1144,1115,1131,1086,1064,1036,940,934,863,799,743,696,663,669,621,600,556,523,568,653,680,686,648,685,809,958,1143,1210,1148,1119,1132,1112,1079,1022,969,955,905,858,807,718,728,653,604,508,407,335,374,377,409,479,525,560,654,684,777,830,0.0029296875,0.14621394307958085,0.3928173342265431,0.2373368355281901,0.21318831322793624,0.16815600935275943,0.20786104710788203,0.20690683909304824,0.37473160357679774,0.7753518813132247,0.2373267897371747,0.13654076025651016,0.20605700161615248,0.056892623686052766,0.06253051013118016,0.0377211092106015,0.03975221179110863,0.15935034467685602,0.09258821971598645,0.13455670513568863,0.058021292099659956,0.0777824521552339,0.02489755621871477,0.06839424333942629,0.06055474999190428,0.007437278423695223,0.0595703125,0.10189998016207485,0.0283875817456028,0.037378240642587185,0.06180182551678414,0.027203883353875233,0.05255321893388168,0.03936649291161401,0.017686299097924643,0.08250074906442612,0.04102724909687501,0.049071658306254345,0.013282686043686957,0.0318844291353799,0.011920464468489943,0.021506558149946522,0.014517645261053229,0.004026470337517247,0.05342609127574192,0.027500249688142037,0.06927401504284453,0.036461239653504826,0.011048543456039806,0.003088161777508183,0.013810679320049757,0.0065509804028314154,0.029893023173855404,0.008734640537108554,0.019384212149686726,0.00390625,0.020531050821902968,0.01019561182510796,0.003088161777508183,0.010517900013934578,0.014084184669781208,0.012079411012551739,0.0126953125,0.01953125,0.04404286048351438,0.0029296875,0.0048828125,0.011759369705851851,0.0013810679320049757,0.013101960805662831,0.011048543456039806,0.011134525635733769,0.0029296875,0.021417687694786434,0.00834375365753665,0.007437278423695223,0.007873298582322802,0.007873298582322802,0.011430371006562134,0.014084184669781208,0.004979511243742954,0.0029296875,0.010918300671385692,0.01019561182510796,0.007873298582322802,0.010563138502335907,0.005694288959809864,0.010563138502335907,0.010381001770248682,0.009765625,0.007627196949127592,0.018961413905222265,0.010563138502335907,0.03538607603904968,0.004367320268554277,0.004026470337517247,0.004026470337517247,0.003088161777508183,0.009212872199274027,0.007873298582322802,0.0068359375,0.007873298582322802,0.012506102026236032,0.008400708268596315,0.005694288959809864,0.008400708268596315,0.00834375365753665,0.001953125,0.012079411012551739,0.013282686043686957,0.005258950006967289,0.008052940675034493,0.005940197783494355,0.013810679320049757,0.0048828125,0.003521046167445302,0.006905339660024878,0.004367320268554277,0.0021836601342771385,0.010381001770248682,0.0009765625,0.003088161777508183,0.0009765625,0.007109482313750506,0.006176323555016366,0.02039122365021592,0.0065509804028314154,0.003521046167445302,0.0166015625,1,1,1.0
3.90625,3.5802063941955566,3.0,0.05797533690929413,20.917274475097656,0.78125,94.50275421142578,3.716697931289673,3.515625,0.8990437388420105,0.10425005108118057,11396.0,630373.0,3493845248.0,55.315284729003906,0.042980924248695374,3.895977258682251,9.204201698303223,2.4677648980286904e-05,0.0,0.02577788010239601,696,664,686,731,842,959,1130,1195,1166,1158,1102,1068,1063,1022,972,923,843,768,749,663,602,508,456,478,457,396,478,540,585,640,648,698,719,762,875,935,955,960,956,1024,1017,1014,986,969,923,920,923,919,862,798,767,763,743,728,727,775,861,876,889,861,732,668,718,761,809,923,1079,1180,1179,1167,1144,1066,1084,1020,1017,1003,904,857,844,862,844,858,893,880,871,810,809,796,839,841,890,942,952,1002,1131,1195,1213,1199,1148,1114,1119,1104,1067,1021,943,887,873,811,766,750,889,1096,1162,1133,1133,1069,1019,1004,990,939,847,792,776,729,714,677,590,588,540,511,492,475,414,424,424,502,537,491,508,622,683,664,720,795,904,923,927,909,823,800,894,985,1049,1040,1049,1054,1036,983,983,903,894,860,845,814,729,687,735,764,792,792,782,751,750,702,747,825,999,1100,1191,1213,1215,1191,1208,1181,1163,1144,1085,1049,1039,1016,986,904,809,735,746,715,683,634,652,685,679,666,710,807,958,1096,1176,1196,1144,1115,1131,1086,1064,1036,940,934,863,799,743,696,663,669,621,600,556,523,568,653,680,686,648,685,809,958,1143,1210,1148,1119,1132,1112,1079,1022,969,955,905,858,807,718,728,653,604,508,407,335,374,377,0.0029296875,0.09311716750828294,0.3443404242298442,0.28816703042984954,0.17757601547498653,0.2192747090073406,0.15693818176437438,0.25113040943690057,0.3309495246871115,0.7536633352177632,0.22014066880633393,0.17753573205759612,0.16740286672455063,0.03389952140177692,0.04697661512033474,0.020132351687586234,0.06698535406110358,0.12855806432628142,0.08580422904878436,0.12994153982454054,0.06296367312427684,0.05821819750308156,0.009003461384075085,0.08255275080237522,0.047861526386104865,0.017578125,0.06149242770090299,0.10721304274967916,0.023478154844084585,0.032754902014157074,0.06734742050611979,0.030649130520459405,0.049890780368925004,0.040700519500341224,0.0185803687406645,0.07909553410670542,0.04789140560640324,0.055672628178668845,0.021836601342771385,0.032754902014157074,0.023518739411703703,0.009212872199274027,0.005940197783494355,0.01878455474772592,0.04102724909687501,0.028168369339562415,0.06278165297048996,0.04716908076458329,0.014906579611790769,0.013810679320049757,0.018425744398548053,0.007873298582322802,0.032122820709762745,0.005694288959809864,0.007437278423695223,0.012732817197661424,0.0146484375,0.0013810679320049757,0.007437278423695223,0.004979511243742954,0.011920464468489943,0.008052940675034493,0.01188039556698871,0.017304731588544287,0.043013116299893045,0.0009765625,0.003521046167445302,0.013028968812623373,0.005694288959809864,0.012236293052872722,0.016016815885602272,0.0078125,0.006905339660024878,0.017304731588544287,0.0,0.010381001770248682,0.004979511243742954,0.006176323555016366,0.0048828125,0.015440808887540914,0.012506102026236032,0.006253051013118016,0.007627196949127592,0.00834375365753665,0.009264485332524549,0.008734640537108554,0.0029296875,0.007627196949127592,0.008734640537108554,0.009003461384075085,0.005859375,0.01792730444402912,0.01019561182510796,0.033673710253059895,0.004367320268554277,0.0013810679320049757,0.006905339660024878,0.004367320268554277,0.004367320268554277,0.01313830473347042,0.007873298582322802,0.007873298582322802,0.0048828125,0.0009765625,0.004979511243742954,0.0021836601342771385,0.006176323555016366,0.009264485332524549,0.00390625,0.0021836601342771385,0.005940197783494355,0.006253051013118016,0.0048828125,0.009264485332524549,0.011759369705851851,0.008843149548962322,0.005258950006967289,0.010786485368346935,0.009264485332524549,0.013982247132105814,0.006905339660024878,0.007109482313750506,0.005694288959809864,0.009765625,0.0078125,0.021836601342771385,0.006253051013118016,0.005524271728019903,0.0185546875,1,1,1.0
3.90625,3.674314022064209,2.0,0.05106367915868759,19.068981170654297,0.78125,98.33453369140625,3.759847640991211,3.515625,0.9016525745391846,0.10038663446903229,10567.0,595600.0,3055090944.0,56.36415100097656,0.047283731400966644,4.7904767990112305,9.415388107299805,2.661414873728063e-05,0.0,0.026731690391898155,717,710,679,651,664,636,650,620,696,664,686,731,842,959,1130,1195,1166,1158,1102,1068,1063,1022,972,923,843,768,749,663,602,508,456,478,457,396,478,540,585,640,648,698,719,762,875,935,955,960,956,1024,1017,1014,986,969,923,920,923,919,862,798,767,763,743,728,727,775,861,876,889,861,732,668,718,761,809,923,1079,1180,1179,1167,1144,1066,1084,1020,1017,1003,904,857,844,862,844,858,893,880,871,810,809,796,839,841,890,942,952,1002,1131,1195,1213,1199,1148,1114,1119,1104,1067,1021,943,887,873,811,766,750,889,1096,1162,1133,1133,1069,1019,1004,990,939,847,792,776,729,714,677,590,588,540,511,492,475,414,424,424,502,537,491,508,622,683,664,720,795,904,923,927,909,823,800,894,985,1049,1040,1049,1054,1036,983,983,903,894,860,845,814,729,687,735,764,792,792,782,751,750,702,747,825,999,1100,1191,1213,1215,1191,1208,1181,1163,1144,1085,1049,1039,1016,986,904,809,735,746,715,683,634,652,685,679,666,710,807,958,1096,1176,1196,1144,1115,1131,1086,1064,1036,940,934,863,799,743,696,663,669,621,600,556,523,568,653,680,686,648,685,809,958,1143,1210,1148,1119,1132,1112,1079,1022,969,955,905,858,807,718,0.00341796875,0.06836635009057476,0.32584424038816556,0.30790691960814737,0.1757866752635003,0.2388988059102264,0.13797552936699162,0.25835938681206505,0.3112232831036277,0.7291757492226374,0.19601679656011983,0.17533852667907382,0.1596851397972595,0.05808700139829317,0.025390625,0.04226383790699688,0.05027163154778809,0.14596261243385453,0.10456517602719204,0.11946437186466738,0.0465175990774006,0.08027438792016436,0.029700988917471777,0.06083757080926766,0.06755949436104679,0.005859375,0.06247710762391919,0.09606615616263244,0.040430159266571196,0.05064020375962568,0.05330993774982883,0.04008667139018319,0.03954776705335271,0.053932426841734674,0.003088161777508183,0.06894973870353067,0.0342911130196864,0.04290211452439218,0.009618025197066508,0.02298555135925746,0.022714264354712906,0.011759369705851851,0.011920464468489943,0.007873298582322802,0.04523919852304871,0.023212625632821705,0.0642233712791304,0.04014610310760638,0.009003461384075085,0.0048828125,0.01179984958358845,0.003088161777508183,0.02489755621871477,0.0048828125,0.01441877251975918,0.011430371006562134,0.01242961138804478,0.011134525635733769,0.01242961138804478,0.008734640537108554,0.003521046167445302,0.009618025197066508,0.006176323555016366,0.014906579611790769,0.0363433477850164,0.008286407592029853,0.012732817197661424,0.006176323555016366,0.007042092334890604,0.005694288959809864,0.0170549308560283,0.006253051013118016,0.003521046167445302,0.01680141653719263,0.006253051013118016,0.004026470337517247,0.003521046167445302,0.004367320268554277,0.008734640537108554,0.014517645261053229,0.0065509804028314154,0.0021836601342771385,0.01019561182510796,0.006905339660024878,0.011134525635733769,0.0065509804028314154,0.004026470337517247,0.007437278423695223,0.006905339660024878,0.003521046167445302,0.001953125,0.012352647110032733,0.003088161777508183,0.027238917345666705,0.004026470337517247,0.006176323555016366,0.008400708268596315,0.003521046167445302,0.005694288959809864,0.008734640537108554,0.0041432037960149265,0.004026470337517247,0.008052940675034493,0.0021836601342771385,0.001953125,0.0013810679320049757,0.004979511243742954,0.008052940675034493,0.003088161777508183,0.0041432037960149265,0.0048828125,0.0041432037960149265,0.004367320268554277,0.011134525635733769,0.007873298582322802,0.006176323555016366,0.005258950006967289,0.007627196949127592,0.004367320268554277,0.011048543456039806,0.001953125,0.001953125,0.004026470337517247,0.004026470337517247,0.0021836601342771385,0.015254393898255184,0.0048828125,0.0048828125,0.0107421875,1,1,1.0
3.90625,3.2627718448638916,1.0,0.059209223836660385,21.434133529663086,0.78125,96.89022064208984,3.6548891067504883,3.515625,0.8988550901412964,0.09789521247148514,10049.0,557525.0,2695340288.0,55.48064422607422,0.04193568602204323,5.007769584655762,9.318740844726562,3.809366899076849e-05,0.0,0.021550247445702553,1052,1006,972,908,814,763,766,736,717,710,679,651,664,636,650,620,696,664,686,731,842,959,1130,1195,1166,1158,1102,1068,1063,1022,972,923,843,768,749,663,602,508,456,478,457,396,478,540,585,640,648,698,719,762,875,935,955,960,956,1024,1017,1014,986,969,923,920,923,919,862,798,767,763,743,728,727,775,861,876,889,861,732,668,718,761,809,923,1079,1180,1179,1167,1144,1066,1084,1020,1017,1003,904,857,844,862,844,858,893,880,871,810,809,796,839,841,890,942,952,1002,1131,1195,1213,1199,1148,1114,1119,1104,1067,1021,943,887,873,811,766,750,889,1096,1162,1133,1133,1069,1019,1004,990,939,847,792,776,729,714,677,590,588,540,511,492,475,414,424,424,502,537,491,508,622,683,664,720,795,904,923,927,909,823,800,894,985,1049,1040,1049,1054,1036,983,983,903,894,860,845,814,729,687,735,764,792,792,782,751,750,702,747,825,999,1100,1191,1213,1215,1191,1208,1181,1163,1144,1085,1049,1039,1016,986,904,809,735,746,715,683,634,652,685,679,666,710,807,958,1096,1176,1196,1144,1115,1131,1086,1064,1036,940,934,863,799,743,696,663,669,621,600,556,523,568,653,680,686,648,685,809,958,1143,1210,1148,1119,1132,1112,0.001953125,0.07835050462318051,0.3303279495596065,0.30531442163305833,0.16820704390464933,0.24143224286135936,0.1331137438389745,0.2678079105727313,0.30369209648150547,0.7255865946750052,0.19074993104545976,0.18028623921907577,0.1547782246574918,0.06561162903219073,0.020320949264340638,0.049042498162069216,0.04501730692037543,0.15220910014994843,0.10699489003751826,0.12185527935401615,0.04883788964863276,0.08219965043562096,0.030289184412638327,0.061670521108777125,0.06836635009057476,0.0021836601342771385,0.05873193341310506,0.09480706952611133,0.0400390625,0.0492656181860525,0.0534617800514492,0.03629082846887118,0.04336641271713773,0.04979511243742954,0.008400708268596315,0.07297477223542737,0.038989189018900645,0.04712862700005334,0.0146484375,0.024158822025103478,0.027500249688142037,0.008052940675034493,0.01589728573837862,0.010918300671385692,0.04263453115809194,0.01760523083722651,0.062148056940223906,0.039571874197958615,0.011048543456039806,0.006253051013118016,0.008052940675034493,0.009814331661250869,0.01953125,0.008286407592029853,0.01516032685181643,0.016630260122975003,0.007042092334890604,0.008400708268596315,0.01313830473347042,0.004367320268554277,0.0065509804028314154,0.007873298582322802,0.007627196949127592,0.01708286687942959,0.037109375,0.005940197783494355,0.010786485368346935,0.009003461384075085,0.009765625,0.004026470337517247,0.019773883526676354,0.005524271728019903,0.00390625,0.015776850020901866,0.006905339660024878,0.003521046167445302,0.0048828125,0.00390625,0.009003461384075085,0.015655487833868553,0.004979511243742954,0.003088161777508183,0.010054326309557618,0.007437278423695223,0.01179984958358845,0.006176323555016366,0.005694288959809864,0.006253051013118016,0.00390625,0.001953125,0.0009765625,0.013282686043686957,0.006253051013118016,0.029700988917471777,0.001953125,0.004367320268554277,0.007437278423695223,0.0029296875,0.004026470337517247,0.009814331661250869,0.004026470337517247,0.003521046167445302,0.0078125,0.003088161777508183,0.001953125,0.0021836601342771385,0.0048828125,0.007042092334890604,0.003521046167445302,0.004026470337517247,0.004979511243742954,0.00390625,0.0048828125,0.0126953125,0.006905339660024878,0.0048828125,0.005940197783494355,0.005859375,0.0021836601342771385,0.007873298582322802,0.004367320268554277,0.0013810679320049757,0.005940197783494355,0.003088161777508183,0.0021836601342771385,0.017304731588544287,0.003521046167445302,0.004026470337517247,0.013671875,1,1,1.0
4.296875,3.314011812210083,2.0,0.06299654394388199,21.261438369750977,0.78125,96.37372589111328,3.6683361530303955,3.515625,0.894912600517273,0.09781724959611893,10033.0,552050.0,2649095168.0,55.02342224121094,0.04209087789058685,4.824894905090332,9.285924911499023,1.2458682249416597e-05,0.0,0.02155611291527748,858,1020,1166,1193,1176,1164,1132,1051,1052,1006,972,908,814,763,766,736,717,710,679,651,664,636,650,620,696,664,686,731,842,959,1130,1195,1166,1158,1102,1068,1063,1022,972,923,843,768,749,663,602,508,456,478,457,396,478,540,585,640,648,698,719,762,875,935,955,960,956,1024,1017,1014,986,969,923,920,923,919,862,798,767,763,743,728,727,775,861,876,889,861,732,668,718,761,809,923,1079,1180,1179,1167,1144,1066,1084,1020,1017,1003,904,857,844,862,844,858,893,880,871,810,809,796,839,841,890,942,952,1002,1131,1195,1213,1199,1148,1114,1119,1104,1067,1021,943,887,873,811,766,750,889,1096,1162,1133,1133,1069,1019,1004,990,939,847,792,776,729,714,677,590,588,540,511,492,475,414,424,424,502,537,491,508,622,683,664,720,795,904,923,927,909,823,800,894,985,1049,1040,1049,1054,1036,983,983,903,894,860,845,814,729,687,735,764,792,792,782,751,750,702,747,825,999,1100,1191,1213,1215,1191,1208,1181,1163,1144,1085,1049,1039,1016,986,904,809,735,746,715,683,634,652,685,679,666,710,807,958,1096,1176,1196,1144,1115,1131,1086,1064,1036,940,934,863,799,743,696,663,669,621,600,556,523,568,653,680,686,648,685,0.00146484375,0.07219300616514149,0.3311338976956678,0.3022819830519709,0.174528959390743,0.2337740505309778,0.14019370166600356,0.26527471446276363,0.30645085190579757,0.7279846056054586,0.19199576389090145,0.18573438305107454,0.14846640857479396,0.07048860325241636,0.017953883116064683,0.051895821310884466,0.03983608994994363,0.15546985414965953,0.10228297634981377,0.12553672004084415,0.051905008851243405,0.07931226759471466,0.027010384152225255,0.06256862687359901,0.06749594217041982,0.0048828125,0.06002484125245824,0.09379576519677024,0.04254496271639056,0.049506999436080376,0.05267104125063203,0.03485657870620068,0.044538102542935075,0.04794116292434991,0.008734640537108554,0.07048860325241636,0.03798564519292329,0.0450596562307005,0.012236293052872722,0.022545696055889054,0.025031260972609954,0.009264485332524549,0.01284467425582608,0.011759369705851851,0.040700519500341224,0.01727715430952552,0.05875628498629423,0.04239901044158674,0.014517645261053229,0.005940197783494355,0.01019561182510796,0.01242961138804478,0.015254393898255184,0.012732817197661424,0.015776850020901866,0.020600608505594715,0.005940197783494355,0.005524271728019903,0.010381001770248682,0.0048828125,0.009212872199274027,0.011388577919619728,0.004026470337517247,0.018961413905222265,0.03419363554689765,0.009814331661250869,0.013282686043686957,0.005694288959809864,0.007873298582322802,0.006905339660024878,0.016016815885602272,0.005940197783494355,0.003521046167445302,0.014517645261053229,0.005694288959809864,0.0048828125,0.004026470337517247,0.004026470337517247,0.011134525635733769,0.01516032685181643,0.00390625,0.005694288959809864,0.009003461384075085,0.005940197783494355,0.013982247132105814,0.004979511243742954,0.003088161777508183,0.005524271728019903,0.004979511243742954,0.00390625,0.0021836601342771385,0.01313830473347042,0.004367320268554277,0.027621358640099514,0.003521046167445302,0.006253051013118016,0.007627196949127592,0.003088161777508183,0.005859375,0.00966747552403483,0.0048828125,0.004026470337517247,0.0065509804028314154,0.0021836601342771385,0.0021836601342771385,0.0009765625,0.0048828125,0.007109482313750506,0.003088161777508183,0.004026470337517247,0.0048828125,0.00390625,0.0048828125,0.012506102026236032,0.006905339660024878,0.005258950006967289,0.0048828125,0.0048828125,0.0027621358640099515,0.00834375365753665,0.004026470337517247,0.0013810679320049757,0.005940197783494355,0.00390625,0.0021836601342771385,0.017953883116064683,0.003521046167445302,0.003088161777508183,0.013671875,1,1,1.0
4.296875,3.268549680709839,2.0,0.06371279805898666,21.92017936706543,0.78125,96.80559539794922,3.657081365585327,3.515625,0.8954373002052307,0.09790495783090591,10051.0,555705.0,2678649600.0,55.28852844238281,0.04084990918636322,4.833226203918457,9.313148498535156,6.995512649154989e-06,0.0,0.02206256240606308,920,856,809,728,621,591,650,713,858,1020,1166,1193,1176,1164,1132,1051,1052,1006,972,908,814,763,766,736,717,710,679,651,664,636,650,620,696,664,686,731,842,959,1130,1195,1166,1158,1102,1068,1063,1022,972,923,843,768,749,663,602,508,456,478,457,396,478,540,585,640,648,698,719,762,875,935,955,960,956,1024,1017,1014,986,969,923,920,923,919,862,798,767,763,743,728,727,775,861,876,889,861,732,668,718,761,809,923,1079,1180,1179,1167,1144,1066,1084,1020,1017,1003,904,857,844,862,844,858,893,880,871,810,809,796,839,841,890,942,952,1002,1131,1195,1213,1199,1148,1114,1119,1104,1067,1021,943,887,873,811,766,750,889,1096,1162,1133,1133,1069,1019,1004,990,939,847,792,776,729,714,677,590,588,540,511,492,475,414,424,424,502,537,491,508,622,683,664,720,795,904,923,927,909,823,800,894,985,1049,1040,1049,1054,1036,983,983,903,894,860,845,814,729,687,735,764,792,792,782,751,750,702,747,825,999,1100,1191,1213,1215,1191,1208,1181,1163,1144,1085,1049,1039,1016,986,904,809,735,746,715,683,634,652,685,679,666,710,807,958,1096,1176,1196,1144,1115,1131,1086,1064,1036,940,934,863,799,743,696,663,669,621,600,0.001953125,0.04107371258752557,0.3598006671485844,0.26022962847010983,0.19784732072205205,0.2151719793860033,0.1397713073974127,0.31281264877696885,0.2595176947703678,0.6809729336416677,0.15761730851141575,0.14047911812577174,0.1940584741933472,0.0324624416769427,0.05156397961892221,0.05245331641404603,0.08044646611960536,0.16437899624568306,0.1450384365307661,0.13858244255239935,0.08435261747395294,0.08048794711848263,0.02157297073669387,0.10104000968492088,0.03954776705335271,0.04107371258752557,0.09460567350572933,0.09171372563963981,0.07532203202450649,0.07632821495964505,0.04789140560640324,0.006176323555016366,0.06501295694177046,0.04367320268554277,0.02708090746848056,0.050043468653589676,0.026002982335340524,0.026294750034836445,0.006176323555016366,0.034402177644157296,0.0170549308560283,0.007873298582322802,0.016370170521718956,0.0192608231673008,0.03758179961893331,0.01441877251975918,0.06153118750790377,0.03951157875809357,0.013810679320049757,0.0068359375,0.012236293052872722,0.016858082521125067,0.010786485368346935,0.01589728573837862,0.01179984958358845,0.01953125,0.013706707859002147,0.006253051013118016,0.010563138502335907,0.011388577919619728,0.0009765625,0.004026470337517247,0.013982247132105814,0.01760523083722651,0.03965613379735733,0.010517900013934578,0.01824369305885684,0.013566839833447074,0.01680141653719263,0.01188039556698871,0.009959022487485907,0.013566839833447074,0.009264485332524549,0.011759369705851851,0.009959022487485907,0.005940197783494355,0.010381001770248682,0.00966747552403483,0.013706707859002147,0.010918300671385692,0.007873298582322802,0.0013810679320049757,0.013028968812623373,0.010918300671385692,0.017953883116064683,0.004367320268554277,0.007627196949127592,0.0027621358640099515,0.008734640537108554,0.010918300671385692,0.007873298582322802,0.005694288959809864,0.003088161777508183,0.02489755621871477,0.007042092334890604,0.008400708268596315,0.005694288959809864,0.007873298582322802,0.0029296875,0.013879560940968648,0.0041432037960149265,0.005258950006967289,0.013566839833447074,0.006253051013118016,0.008843149548962322,0.005258950006967289,0.010786485368346935,0.009264485332524549,0.008052940675034493,0.009618025197066508,0.0048828125,0.009765625,0.009003461384075085,0.0166015625,0.006176323555016366,0.006905339660024878,0.007627196949127592,0.003088161777508183,0.008734640537108554,0.012506102026236032,0.005694288959809864,0.0068359375,0.0048828125,0.006176323555016366,0.005940197783494355,0.012236293052872722,0.004979511243742954,0.01019561182510796,0.0224609375,1,1,1.0
4.6875,3.797963857650757,3.0,0.09091472625732422,16.34756088256836,0.78125,89.33403015136719,3.8885741233825684,3.515625,0.8566810488700867,0.09620504081249237,9705.0,486250.0,2131094528.0,50.1030387878418,0.05240420997142792,3.5820839405059814,8.856574058532715,1.287869417865295e-05,0.0,0.03504234552383423,822,857,905,970,972,999,989,926,920,856,809,728,621,591,650,713,858,1020,1166,1193,1176,1164,1132,1051,1052,1006,972,908,814,763,766,736,717,710,679,651,664,636,650,620,696,664,686,731,842,959,1130,1195,1166,1158,1102,1068,1063,1022,972,923,843,768,749,663,602,508,456,478,457,396,478,540,585,640,648,698,719,762,875,935,955,960,956,1024,1017,1014,986,969,923,920,923,919,862,798,767,763,743,728,727,775,861,876,889,861,732,668,718,761,809,923,1079,1180,1179,1167,1144,1066,1084,1020,1017,1003,904,857,844,862,844,858,893,880,871,810,809,796,839,841,890,942,952,1002,1131,1195,1213,1199,1148,1114,1119,1104,1067,1021,943,887,873,811,766,750,889,1096,1162,1133,1133,1069,1019,1004,990,939,847,792,776,729,714,677,590,588,540,511,492,475,414,424,424,502,537,491,508,622,683,664,720,795,904,923,927,909,823,800,894,985,1049,1040,1049,1054,1036,983,983,903,894,860,845,814,729,687,735,764,792,792,782,751,750,702,747,825,999,1100,1191,1213,1215,1191,1208,1181,1163,1144,1085,1049,1039,1016,986,904,809,735,746,715,683,634,652,685,679,666,710,807,958,1096,1176,1196,1144,1115,1131,1086,1064,1036,940,934,0.00048828125,0.03936649291161401,0.37496439446851565,0.2395346771811247,0.2096359221331898,0.21195006174643216,0.14269847232506117,0.3387025108692592,0.23239930628346367,0.6545074579500275,0.15467035988530828,0.11079573909127215,0.21534476383132772,0.0027621358640099515,0.06836635009057476,0.08929541398903225,0.0880965469636243,0.20174230791103173,0.14070974551505008,0.17236812249752073,0.10156719490350419,0.04143203796014927,0.019773883526676354,0.0750366121574162,0.07783760615620772,0.025465634395322848,0.058283684810065524,0.0849160262044077,0.040618426451338716,0.049890780368925004,0.047621817735299256,0.03585460888805824,0.05729351618700246,0.030289184412638327,0.03032065370363286,0.07279813305483548,0.04961283514015835,0.03401186477982031,0.016105881350068987,0.029877067462457725,0.0021836601342771385,0.020132351687586234,0.015191747252054731,0.027238917345666705,0.03152346170228315,0.009814331661250869,0.06146140225609204,0.0390625,0.013879560940968648,0.009264485332524549,0.011134525635733769,0.018961413905222265,0.011134525635733769,0.0126953125,0.0048828125,0.009003461384075085,0.016630260122975003,0.015776850020901866,0.020108652619115236,0.007109482313750506,0.012079411012551739,0.010786485368346935,0.009003461384075085,0.024724587697601882,0.030414866215619993,0.011759369705851851,0.012506102026236032,0.008734640537108554,0.011134525635733769,0.0013810679320049757,0.019236050394133015,0.01171875,0.00390625,0.019457869965987574,0.005258950006967289,0.008734640537108554,0.009618025197066508,0.010563138502335907,0.015776850020901866,0.010918300671385692,0.007873298582322802,0.0021836601342771385,0.014680953494504793,0.010381001770248682,0.020132351687586234,0.0027621358640099515,0.005694288959809864,0.008843149548962322,0.012732817197661424,0.008734640537108554,0.007873298582322802,0.011388577919619728,0.007873298582322802,0.0328130812820536,0.0027621358640099515,0.003088161777508183,0.011388577919619728,0.0048828125,0.006905339660024878,0.009212872199274027,0.0065509804028314154,0.00390625,0.007627196949127592,0.004979511243742954,0.0021836601342771385,0.0027621358640099515,0.006905339660024878,0.010381001770248682,0.0027621358640099515,0.008052940675034493,0.003088161777508183,0.007109482313750506,0.007437278423695223,0.016164985700436375,0.004026470337517247,0.004026470337517247,0.003088161777508183,0.006253051013118016,0.0078125,0.013706707859002147,0.001953125,0.004367320268554277,0.0087890625,0.001953125,0.004367320268554277,0.019628663322501738,0.004026470337517247,0.0027621358640099515,0.0126953125,1,1,1.0
5.859375,3.7315526008605957,3.0,0.1151503250002861,19.038095474243164,0.78125,80.97782897949219,3.885024309158325,3.515625,0.840691328048706,0.0958375558257103,9631.0,449189.0,1911198976.0,46.63991165161133,0.044158369302749634,3.0468363761901855,8.346212387084961,8.111234137686552e-07,0.0,0.030142271891236305,952,891,826,779,727,712,712,767,822,857,905,970,972,999,989,926,920,856,809,728,621,591,650,713,858,1020,1166,1193,1176,1164,1132,1051,1052,1006,972,908,814,763,766,736,717,710,679,651,664,636,650,620,696,664,686,731,842,959,1130,1195,1166,1158,1102,1068,1063,1022,972,923,843,768,749,663,602,508,456,478,457,396,478,540,585,640,648,698,719,762,875,935,955,960,956,1024,1017,1014,986,969,923,920,923,919,862,798,767,763,743,728,727,775,861,876,889,861,732,668,718,761,809,923,1079,1180,1179,1167,1144,1066,1084,1020,1017,1003,904,857,844,862,844,858,893,880,871,810,809,796,839,841,890,942,952,1002,1131,1195,1213,1199,1148,1114,1119,1104,1067,1021,943,887,873,811,766,750,889,1096,1162,1133,1133,1069,1019,1004,990,939,847,792,776,729,714,677,590,588,540,511,492,475,414,424,424,502,537,491,508,622,683,664,720,795,904,923,927,909,823,800,894,985,1049,1040,1049,1054,1036,983,983,903,894,860,845,814,729,687,735,764,792,792,782,751,750,702,747,825,999,1100,1191,1213,1215,1191,1208,1181,1163,1144,1085,1049,1039,1016,986,904,809,735,746,715,683,634,652,685,679,666,710,807,958,1096,1176,1196,0.00390625,0.05597160109729336,0.3125976409959774,0.29789158286464146,0.2518035681364931,0.15071368507260402,0.20275845834795803,0.37758760964059923,0.18488265156209982,0.5987411326347066,0.14517645261053228,0.0647336461686584,0.24774680422541528,0.05164713993038028,0.09140645866696268,0.1250343275618646,0.07525236269261126,0.2164821230090825,0.10635119835985923,0.1619681237024839,0.07532203202450649,0.061554431677029,0.017578125,0.06977469014803223,0.0599533026491048,0.016164985700436375,0.07202769107260068,0.09128639644962339,0.05286081485439202,0.05996125559769044,0.04200354134298158,0.027010384152225255,0.06055474999190428,0.03066468450802262,0.028721564784868637,0.0622094074555976,0.03819845159298427,0.028721564784868637,0.004026470337517247,0.029264304812054096,0.01589728573837862,0.009618025197066508,0.007873298582322802,0.016858082521125067,0.032241355506287456,0.0126953125,0.04632242666262274,0.04509139211177811,0.022482157096135425,0.020132351687586234,0.0029296875,0.007873298582322802,0.022482157096135425,0.009814331661250869,0.015655487833868553,0.018961413905222265,0.012732817197661424,0.008400708268596315,0.014874556847390447,0.008734640537108554,0.008052940675034493,0.00834375365753665,0.010786485368346935,0.02378085090212094,0.031310975667737106,0.009264485332524549,0.009814331661250869,0.010918300671385692,0.014778072217208551,0.007042092334890604,0.013566839833447074,0.014517645261053229,0.00834375365753665,0.009959022487485907,0.011388577919619728,0.0009765625,0.006905339660024878,0.00390625,0.005859375,0.021417687694786434,0.0048828125,0.010563138502335907,0.006176323555016366,0.004367320268554277,0.010054326309557618,0.007042092334890604,0.007627196949127592,0.0013810679320049757,0.007437278423695223,0.009212872199274027,0.007627196949127592,0.005258950006967289,0.005258950006967289,0.029700988917471777,0.003521046167445302,0.001953125,0.009959022487485907,0.0048828125,0.00390625,0.010381001770248682,0.003088161777508183,0.003088161777508183,0.009003461384075085,0.001953125,0.005258950006967289,0.0027621358640099515,0.007437278423695223,0.004026470337517247,0.005940197783494355,0.0009765625,0.008843149548962322,0.0021836601342771385,0.00390625,0.010054326309557618,0.0107421875,0.007873298582322802,0.0078125,0.0027621358640099515,0.004367320268554277,0.009959022487485907,0.003521046167445302,0.004979511243742954,0.006253051013118016,0.0021836601342771385,0.004979511243742954,0.017953883116064683,0.004979511243742954,0.003088161777508183,0.013671875,1,1,1.0
5.859375,3.552804946899414,4.0,0.12025585770606995,18.577125549316406,2.734375,66.91399383544922,3.8200318813323975,3.515625,0.8348067998886108,0.0937245637178421,9211.0,375905.0,1474363008.0,40.81044387817383,0.04493734985589981,2.514448404312134,7.435997009277344,5.42793313798029e-05,0.0,0.028148222714662552,1005,984,1004,1002,999,1000,967,989,952,891,826,779,727,712,712,767,822,857,905,970,972,999,989,926,920,856,809,728,621,591,650,713,858,1020,1166,1193,1176,1164,1132,1051,1052,1006,972,908,814,763,766,736,717,710,679,651,664,636,650,620,696,664,686,731,842,959,1130,1195,1166,1158,1102,1068,1063,1022,972,923,843,768,749,663,602,508,456,478,457,396,478,540,585,640,648,698,719,762,875,935,955,960,956,1024,1017,1014,986,969,923,920,923,919,862,798,767,763,743,728,727,775,861,876,889,861,732,668,718,761,809,923,1079,1180,1179,1167,1144,1066,1084,1020,1017,1003,904,857,844,862,844,858,893,880,871,810,809,796,839,841,890,942,952,1002,1131,1195,1213,1199,1148,1114,1119,1104,1067,1021,943,887,873,811,766,750,889,1096,1162,1133,1133,1069,1019,1004,990,939,847,792,776,729,714,677,590,588,540,511,492,475,414,424,424,502,537,491,508,622,683,664,720,795,904,923,927,909,823,800,894,985,1049,1040,1049,1054,1036,983,983,903,894,860,845,814,729,687,735,764,792,792,782,751,750,702,747,825,999,1100,1191,1213,1215,1191,1208,1181,1163,1144,1085,1049,1039,1016,986,904,809,735,746,715,683,634,652,685,0.00146484375,0.049071658306254345,0.36669369222283554,0.2770444302508315,0.19663856477988087,0.18623945577587825,0.2072545412898205,0.3451288485756307,0.20990869626245018,0.5715460826753885,0.119140625,0.017578125,0.29314122527222536,0.10355707454340472,0.12222646262779556,0.15655487833868553,0.05097805912553979,0.19457869965987573,0.0872808709824388,0.1179742470780501,0.06861698113512177,0.07745070335507169,0.021945512748285382,0.0949879608556765,0.08613701980937478,0.038397662600268556,0.0390625,0.10130865211404237,0.035907766232129365,0.07580163425908215,0.016716057391234072,0.021945512748285382,0.07640938532038498,0.040794137840244965,0.023457836229422487,0.058601887455771474,0.03549371454177001,0.04014610310760638,0.01019561182510796,0.0235996991671769,0.01019561182510796,0.012506102026236032,0.010563138502335907,0.013282686043686957,0.036604814089826784,0.017469281074217108,0.0412127887617367,0.048317644050206957,0.025781989809461104,0.02315091717017519,0.011430371006562134,0.0065509804028314154,0.01800692276815017,0.021683206358568866,0.008843149548962322,0.013028968812623373,0.023518739411703703,0.022881590847382775,0.02681548870653512,0.009765625,0.01878455474772592,0.018347943582085875,0.009765625,0.010786485368346935,0.04271274946997859,0.015746597164645604,0.023047702580480365,0.006905339660024878,0.004367320268554277,0.0078125,0.022777155839239456,0.013810679320049757,0.0078125,0.019186408891004394,0.0126953125,0.009003461384075085,0.013810679320049757,0.010563138502335907,0.0013810679320049757,0.026294750034836445,0.009264485332524549,0.016016815885602272,0.0009765625,0.009959022487485907,0.011759369705851851,0.009618025197066508,0.010563138502335907,0.007873298582322802,0.013879560940968648,0.009003461384075085,0.005940197783494355,0.01516032685181643,0.006253051013118016,0.0242573092741684,0.008843149548962322,0.010918300671385692,0.008400708268596315,0.011759369705851851,0.009814331661250869,0.006176323555016366,0.009264485332524549,0.011759369705851851,0.003088161777508183,0.007437278423695223,0.00390625,0.004026470337517247,0.009959022487485907,0.006176323555016366,0.009814331661250869,0.006253051013118016,0.012732817197661424,0.007042092334890604,0.006253051013118016,0.006253051013118016,0.01516032685181643,0.012079411012551739,0.01179984958358845,0.0029296875,0.009814331661250869,0.015655487833868553,0.004367320268554277,0.0065509804028314154,0.010918300671385692,0.005859375,0.005258950006967289,0.014778072217208551,0.0048828125,0.0107421875,0.0224609375,1,1,1.0
5.859375,4.164160251617432,4.0,0.1263584941625595,16.27081298828125,0.78125,58.983646392822266,3.978001594543457,3.515625,0.8230566382408142,0.09345453232526779,9158.0,342533.0,1307587200.0,37.4025993347168,0.05058485269546509,2.4293808937072754,6.92241907119751,7.676908353460021e-06,0.0,0.04422955960035324,1162,1177,1147,1083,1036,1071,1079,1068,1005,984,1004,1002,999,1000,967,989,952,891,826,779,727,712,712,767,822,857,905,970,972,999,989,926,920,856,809,728,621,591,650,713,858,1020,1166,1193,1176,1164,1132,1051,1052,1006,972,908,814,763,766,736,717,710,679,651,664,636,650,620,696,664,686,731,842,959,1130,1195,1166,1158,1102,1068,1063,1022,972,923,843,768,749,663,602,508,456,478,457,396,478,540,585,640,648,698,719,762,875,935,955,960,956,1024,1017,1014,986,969,923,920,923,919,862,798,767,763,743,728,727,775,861,876,889,861,732,668,718,761,809,923,1079,1180,1179,1167,1144,1066,1084,1020,1017,1003,904,857,844,862,844,858,893,880,871,810,809,796,839,841,890,942,952,1002,1131,1195,1213,1199,1148,1114,1119,1104,1067,1021,943,887,873,811,766,750,889,1096,1162,1133,1133,1069,1019,1004,990,939,847,792,776,729,714,677,590,588,540,511,492,475,414,424,424,502,537,491,508,622,683,664,720,795,904,923,927,909,823,800,894,985,1049,1040,1049,1054,1036,983,983,903,894,860,845,814,729,687,735,764,792,792,782,751,750,702,747,825,999,1100,1191,1213,1215,1191,1208,1181,1163,1144,1085,1049,1039,1016,986,904,0.0029296875,0.10289187813635137,0.4261439467246697,0.29085336552430746,0.15825134296058319,0.2065262302984043,0.2636393209070307,0.37235727532938395,0.19321382226880834,0.506181651081508,0.1747064580849318,0.07783760615620772,0.27152125704958197,0.11357132177356452,0.07881772958586357,0.10443741262947048,0.035224001556389516,0.17195543661127954,0.13791676562594796,0.17210234431565805,0.10002021585210442,0.0441185820237364,0.0283875817456028,0.0643198195315434,0.05111817315743125,0.028920103310470405,0.08102526762770133,0.06936344084796782,0.03828573395295441,0.0417530436063124,0.044248088903160905,0.04961283514015835,0.09161488775680188,0.029442994983752607,0.04515479695975348,0.04014610310760638,0.023212625632821705,0.050043468653589676,0.019628663322501738,0.016858082521125067,0.00390625,0.01760523083722651,0.019236050394133015,0.004979511243742954,0.04627092867375834,0.029652786036501906,0.03250647847088523,0.047651847260765046,0.027981540589637505,0.026294750034836445,0.02638526579317636,0.027500249688142037,0.006176323555016366,0.027361183058831836,0.014778072217208551,0.012352647110032733,0.01528562093993997,0.0170549308560283,0.007109482313750506,0.015440808887540914,0.005940197783494355,0.006905339660024878,0.017953883116064683,0.030414866215619993,0.03152346170228315,0.007109482313750506,0.007109482313750506,0.01878455474772592,0.02003738723504218,0.0166015625,0.014517645261053229,0.0021836601342771385,0.004026470337517247,0.02286074201312427,0.009003461384075085,0.009618025197066508,0.014938533731228863,0.010918300671385692,0.0027621358640099515,0.028437929255002024,0.01171875,0.014517645261053229,0.005524271728019903,0.013810679320049757,0.02132844694125152,0.005258950006967289,0.006176323555016366,0.01284467425582608,0.007627196949127592,0.005694288959809864,0.010517900013934578,0.010054326309557618,0.010786485368346935,0.0324624416769427,0.009765625,0.0048828125,0.013879560940968648,0.003521046167445302,0.0048828125,0.017820593350483065,0.006905339660024878,0.01188039556698871,0.010054326309557618,0.008052940675034493,0.006253051013118016,0.007437278423695223,0.006253051013118016,0.011048543456039806,0.007873298582322802,0.0065509804028314154,0.012352647110032733,0.007109482313750506,0.005694288959809864,0.004026470337517247,0.014218964627501012,0.011430371006562134,0.009212872199274027,0.008400708268596315,0.010786485368346935,0.014906579611790769,0.007873298582322802,0.007437278423695223,0.004026470337517247,0.010786485368346935,0.01019561182510796,0.0192608231673008,0.011759369705851851,0.004979511243742954,0.005859375,1,1,1.0
5.46875,4.228262901306152,5.0,0.11331753432750702,16.144617080688477,0.78125,36.178497314453125,3.796435594558716,3.515625,0.8349646329879761,0.0946006327867508,9384.0,268666.0,1139849216.0,28.63022232055664,0.051717836409807205,1.4109127521514893,5.477322101593018,2.9970255127409473e-05,0.0,0.046139854937791824,666,651,670,686,653,587,702,1020,1162,1177,1147,1083,1036,1071,1079,1068,1005,984,1004,1002,999,1000,967,989,952,891,826,779,727,712,712,767,822,857,905,970,972,999,989,926,920,856,809,728,621,591,650,713,858,1020,1166,1193,1176,1164,1132,1051,1052,1006,972,908,814,763,766,736,717,710,679,651,664,636,650,620,696,664,686,731,842,959,1130,1195,1166,1158,1102,1068,1063,1022,972,923,843,768,749,663,602,508,456,478,457,396,478,540,585,640,648,698,719,762,875,935,955,960,956,1024,1017,1014,986,969,923,920,923,919,862,798,767,763,743,728,727,775,861,876,889,861,732,668,718,761,809,923,1079,1180,1179,1167,1144,1066,1084,1020,1017,1003,904,857,844,862,844,858,893,880,871,810,809,796,839,841,890,942,952,1002,1131,1195,1213,1199,1148,1114,1119,1104,1067,1021,943,887,873,811,766,750,889,1096,1162,1133,1133,1069,1019,1004,990,939,847,792,776,729,714,677,590,588,540,511,492,475,414,424,424,502,537,491,508,622,683,664,720,795,904,923,927,909,823,800,894,985,1049,1040,1049,1054,1036,983,983,903,894,860,845,814,729,687,735,764,792,792,782,751,750,702,747,825,999,1100,1191,1213,1215,1191,1208,1181,0.0029296875,0.019236050394133015,0.36951246153345846,0.20478028967900114,0.14305890685335929,0.2882514090458094,0.22149246981459733,0.29228598826831964,0.2863393825592186,0.4591682228205089,0.22754115811803216,0.15776850020901867,0.29068281357505493,0.1702610883196768,0.06894973870353067,0.03984805813106087,0.10307245939030282,0.21697495853068974,0.15793162467121352,0.20404548422189514,0.07939639306319471,0.09184361343399595,0.03455430861905104,0.10090305744601163,0.06027060204769325,0.03756910949545184,0.05685070147589017,0.08740097982525175,0.03986002271866904,0.04942023800343748,0.04523919852304871,0.049449175395203764,0.09229936439898723,0.025781989809461104,0.05815263644906018,0.031310975667737106,0.03014716609459596,0.06856831906852327,0.03798564519292329,0.03549371454177001,0.020132351687586234,0.027238917345666705,0.04154696755113799,0.021417687694786434,0.05765028180916188,0.043013116299893045,0.05378191333208736,0.02681548870653512,0.015440808887540914,0.010918300671385692,0.020899350155305366,0.024647323172117114,0.014680953494504793,0.00834375365753665,0.008400708268596315,0.008400708268596315,0.013566839833447074,0.015746597164645604,0.014218964627501012,0.009264485332524549,0.0027621358640099515,0.003088161777508183,0.017469281074217108,0.03149319432929121,0.0342911130196864,0.006253051013118016,0.014517645261053229,0.021683206358568866,0.018425744398548053,0.017953883116064683,0.02638526579317636,0.017820593350483065,0.014778072217208551,0.019457869965987574,0.022714264354712906,0.013282686043686957,0.013101960805662831,0.010381001770248682,0.01878455474772592,0.012732817197661424,0.011430371006562134,0.006905339660024878,0.01680141653719263,0.0041432037960149265,0.007437278423695223,0.011759369705851851,0.011134525635733769,0.006905339660024878,0.013566839833447074,0.005258950006967289,0.004367320268554277,0.015440808887540914,0.008843149548962322,0.026868782211323446,0.012236293052872722,0.008052940675034493,0.01589728573837862,0.005694288959809864,0.007437278423695223,0.0192608231673008,0.009959022487485907,0.016370170521718956,0.003521046167445302,0.010517900013934578,0.006905339660024878,0.007109482313750506,0.014778072217208551,0.004026470337517247,0.013982247132105814,0.007873298582322802,0.011388577919619728,0.009003461384075085,0.010786485368346935,0.019457869965987574,0.005524271728019903,0.007437278423695223,0.009959022487485907,0.005694288959809864,0.007437278423695223,0.015440808887540914,0.00390625,0.0048828125,0.007437278423695223,0.009618025197066508,0.009212872199274027,0.015746597164645604,0.01284467425582608,0.006905339660024878,0.0048828125,1,1,1.0
6.640625,4.388148784637451,6.0,0.1687280237674713,12.625029563903809,0.78125,29.295072555541992,4.345981597900391,3.515625,0.7702613472938538,0.09398368000984192,9262.0,221077.0,816656000.0,23.869251251220703,0.061010655015707016,1.5441356897354126,4.722940444946289,3.0365730708581395e-05,0.0,0.05539920553565025,828,775,703,671,699,653,666,682,666,651,670,686,653,587,702,1020,1162,1177,1147,1083,1036,1071,1079,1068,1005,984,1004,1002,999,1000,967,989,952,891,826,779,727,712,712,767,822,857,905,970,972,999,989,926,920,856,809,728,621,591,650,713,858,1020,1166,1193,1176,1164,1132,1051,1052,1006,972,908,814,763,766,736,717,710,679,651,664,636,650,620,696,664,686,731,842,959,1130,1195,1166,1158,1102,1068,1063,1022,972,923,843,768,749,663,602,508,456,478,457,396,478,540,585,640,648,698,719,762,875,935,955,960,956,1024,1017,1014,986,969,923,920,923,919,862,798,767,763,743,728,727,775,861,876,889,861,732,668,718,761,809,923,1079,1180,1179,1167,1144,1066,1084,1020,1017,1003,904,857,844,862,844,858,893,880,871,810,809,796,839,841,890,942,952,1002,1131,1195,1213,1199,1148,1114,1119,1104,1067,1021,943,887,873,811,766,750,889,1096,1162,1133,1133,1069,1019,1004,990,939,847,792,776,729,714,677,590,588,540,511,492,475,414,424,424,502,537,491,508,622,683,664,720,795,904,923,927,909,823,800,894,985,1049,1040,1049,1054,1036,983,983,903,894,860,845,814,729,687,735,764,792,792,782,751,750,702,747,825,0.0029296875,0.07943842238904393,0.3671887986180494,0.14176647186110442,0.13784414053588975,0.35703878248687076,0.2685191737881944,0.31429689684703505,0.30596967050676693,0.3890556855734803,0.2868268965405817,0.19197341035467158,0.22308843061883904,0.12354191094428492,0.0009765625,0.06875582583625756,0.0866888321139537,0.21536247747484139,0.1044921875,0.14772263099473895,0.09669941402285373,0.0300838316420886,0.04473040035390151,0.04673236763283359,0.04280196679845923,0.05978604634771081,0.11000099875256815,0.0360270834876889,0.026868782211323446,0.06603902368240903,0.0316291694154329,0.04548098055544929,0.08912437029986611,0.04712862700005334,0.022269051271467537,0.05482683143600859,0.02485922277608956,0.044064508487025304,0.020600608505594715,0.013810679320049757,0.011134525635733769,0.02713367966689415,0.036773770280786586,0.016105881350068987,0.06114248375975988,0.04462367054217134,0.05137869702330432,0.029313146523053973,0.014874556847390447,0.008843149548962322,0.0166015625,0.019457869965987574,0.005258950006967289,0.01886055460530075,0.010054326309557618,0.011134525635733769,0.012506102026236032,0.013101960805662831,0.0021836601342771385,0.018657200365764452,0.014874556847390447,0.017387200990981306,0.00834375365753665,0.0146484375,0.0439453125,0.00966747552403483,0.019186408891004394,0.005859375,0.010918300671385692,0.007627196949127592,0.014906579611790769,0.007627196949127592,0.004026470337517247,0.018347943582085875,0.014906579611790769,0.007873298582322802,0.011134525635733769,0.007042092334890604,0.01589728573837862,0.01441877251975918,0.007109482313750506,0.007873298582322802,0.012352647110032733,0.003521046167445302,0.009264485332524549,0.006253051013118016,0.006253051013118016,0.011759369705851851,0.007873298582322802,0.007437278423695223,0.01188039556698871,0.004026470337517247,0.011759369705851851,0.03496584724603156,0.003088161777508183,0.007627196949127592,0.005258950006967289,0.008400708268596315,0.007627196949127592,0.0068359375,0.004367320268554277,0.004026470337517247,0.011134525635733769,0.004026470337517247,0.004026470337517247,0.004367320268554277,0.007042092334890604,0.004979511243742954,0.009003461384075085,0.0021836601342771385,0.01019561182510796,0.003521046167445302,0.004979511243742954,0.014906579611790769,0.005859375,0.0048828125,0.005859375,0.003521046167445302,0.006905339660024878,0.010918300671385692,0.0048828125,0.0048828125,0.0013810679320049757,0.0065509804028314154,0.007437278423695223,0.020108652619115236,0.0048828125,0.004026470337517247,0.015625,1,1,1.0
6.25,3.997943639755249,7.0,0.11704369634389877,14.4817476272583,0.78125,17.7452335357666,3.94217848777771,3.515625,0.8259242177009583,0.0918799489736557,8852.0,158717.0,745676160.0,17.930072784423828,0.057032082229852676,1.1226507425308228,3.865459680557251,3.177225516992621e-05,0.0,0.03671339154243469,1165,1147,1117,1080,1037,955,953,892,828,775,703,671,699,653,666,682,666,651,670,686,653,587,702,1020,1162,1177,1147,1083,1036,1071,1079,1068,1005,984,1004,1002,999,1000,967,989,952,891,826,779,727,712,712,767,822,857,905,970,972,999,989,926,920,856,809,728,621,591,650,713,858,1020,1166,1193,1176,1164,1132,1051,1052,1006,972,908,814,763,766,736,717,710,679,651,664,636,650,620,696,664,686,731,842,959,1130,1195,1166,1158,1102,1068,1063,1022,972,923,843,768,749,663,602,508,456,478,457,396,478,540,585,640,648,698,719,762,875,935,955,960,956,1024,1017,1014,986,969,923,920,923,919,862,798,767,763,743,728,727,775,861,876,889,861,732,668,718,761,809,923,1079,1180,1179,1167,1144,1066,1084,1020,1017,1003,904,857,844,862,844,858,893,880,871,810,809,796,839,841,890,942,952,1002,1131,1195,1213,1199,1148,1114,1119,1104,1067,1021,943,887,873,811,766,750,889,1096,1162,1133,1133,1069,1019,1004,990,939,847,792,776,729,714,677,590,588,540,511,492,475,414,424,424,502,537,491,508,622,683,664,720,795,904,923,927,909,823,800,894,985,1049,1040,1049,1054,1036,983,983,903,894,860,845,814,729,687,735,764,0.001953125,0.0388789633542859,0.3299928814669305,0.22426944385552308,0.2074454141539784,0.35071648422497753,0.22096439527003164,0.2544315479606573,0.3821991658711177,0.3365047899106527,0.3590457901083527,0.2548154544616938,0.1643006548988631,0.09610585702440061,0.06080621123460194,0.12721577398032866,0.0630469234045663,0.17539290870590066,0.13817928024407108,0.17923314243784416,0.12577958194740227,0.0492656181860525,0.04935265143942687,0.0773891123287459,0.035061177873078594,0.04212823166039647,0.09184361343399595,0.047771776596230504,0.03401186477982031,0.055672628178668845,0.040465526084180976,0.05277053158635272,0.09328600182882227,0.051767024533978793,0.020967686087484266,0.05330993774982883,0.01516032685181643,0.05306788347341221,0.033673710253059895,0.02734375,0.020320949264340638,0.027413415718004295,0.03828573395295441,0.020132351687586234,0.04194674139631744,0.02580047815160724,0.04200354134298158,0.04367320268554277,0.028437929255002024,0.027759121881937295,0.0341796875,0.036916129241085546,0.01800692276815017,0.009264485332524549,0.012079411012551739,0.007873298582322802,0.014938533731228863,0.018347943582085875,0.008400708268596315,0.021836601342771385,0.016630260122975003,0.02161713244255728,0.014218964627501012,0.013282686043686957,0.04712862700005334,0.01589728573837862,0.017304731588544287,0.011430371006562134,0.01800692276815017,0.016105881350068987,0.021126277004671814,0.014874556847390447,0.014778072217208551,0.015655487833868553,0.021506558149946522,0.010381001770248682,0.004026470337517247,0.006253051013118016,0.009264485332524549,0.022651198251451565,0.009959022487485907,0.009618025197066508,0.01179984958358845,0.00966747552403483,0.015440808887540914,0.0107421875,0.009814331661250869,0.007627196949127592,0.014778072217208551,0.004979511243742954,0.0126953125,0.011759369705851851,0.016858082521125067,0.04080582503081285,0.007873298582322802,0.0126953125,0.008734640537108554,0.013101960805662831,0.012236293052872722,0.012732817197661424,0.007109482313750506,0.012079411012551739,0.008734640537108554,0.009264485332524549,0.005940197783494355,0.005859375,0.013601941676937616,0.010054326309557618,0.006253051013118016,0.010786485368346935,0.009003461384075085,0.009814331661250869,0.007873298582322802,0.007109482313750506,0.012506102026236032,0.008400708268596315,0.0068359375,0.013282686043686957,0.005940197783494355,0.013566839833447074,0.005258950006967289,0.005859375,0.006176323555016366,0.012732817197661424,0.011759369705851851,0.025409398107925172,0.009003461384075085,0.008843149548962322,0.01953125,1,1,1.0
6.640625,4.5629472732543945,7.0,0.12767387926578522,13.42854118347168,3.90625,16.594934463500977,4.193136692047119,3.125,0.8118677735328674,0.09411042928695679,9287.0,153172.0,746277568.0,16.493162155151367,0.06045836955308914,1.1331301927566528,3.7263331413269043,1.3458746252581477e-05,0.0,0.0628303661942482,976,957,1000,1053,1144,1179,1208,1135,1165,1147,1117,1080,1037,955,953,892,828,775,703,671,699,653,666,682,666,651,670,686,653,587,702,1020,1162,1177,1147,1083,1036,1071,1079,1068,1005,984,1004,1002,999,1000,967,989,952,891,826,779,727,712,712,767,822,857,905,970,972,999,989,926,920,856,809,728,621,591,650,713,858,1020,1166,1193,1176,1164,1132,1051,1052,1006,972,908,814,763,766,736,717,710,679,651,664,636,650,620,696,664,686,731,842,959,1130,1195,1166,1158,1102,1068,1063,1022,972,923,843,768,749,663,602,508,456,478,457,396,478,540,585,640,648,698,719,762,875,935,955,960,956,1024,1017,1014,986,969,923,920,923,919,862,798,767,763,743,728,727,775,861,876,889,861,732,668,718,761,809,923,1079,1180,1179,1167,1144,1066,1084,1020,1017,1003,904,857,844,862,844,858,893,880,871,810,809,796,839,841,890,942,952,1002,1131,1195,1213,1199,1148,1114,1119,1104,1067,1021,943,887,873,811,766,750,889,1096,1162,1133,1133,1069,1019,1004,990,939,847,792,776,729,714,677,590,588,540,511,492,475,414,424,424,502,537,491,508,622,683,664,720,795,904,923,927,909,823,800,894,985,1049,1040,1049,1054,1036,983,983,903,0.00048828125,0.07968414897978651,0.30115198844039126,0.268874099822158,0.2570604858467926,0.3881415194375991,0.2439608713262872,0.27309199712111953,0.39884538902705713,0.29657288286948225,0.36876324128768584,0.23908037106405244,0.15436484855603158,0.06366408598830711,0.055672628178668845,0.10843802064446337,0.046022936202922575,0.18089354091434898,0.13203832844376157,0.1699695739445579,0.09697024677583133,0.040465526084180976,0.037695818487536684,0.050818796215850344,0.04283537538957287,0.059450122090720404,0.11277922839738777,0.03304477405407936,0.026565372087373914,0.07632821495964505,0.021506558149946522,0.03152346170228315,0.0732421875,0.029361906989009586,0.04226383790699688,0.03316001337177665,0.022798081113142094,0.06385852626668678,0.03088161777508183,0.03538607603904968,0.013101960805662831,0.006253051013118016,0.01727715430952552,0.003521046167445302,0.0557325510678917,0.044804959949040865,0.04280196679845923,0.03500673501745102,0.020320949264340638,0.010786485368346935,0.01680141653719263,0.017686299097924643,0.003088161777508183,0.023619895746968406,0.015440808887540914,0.01760523083722651,0.00834375365753665,0.005940197783494355,0.007627196949127592,0.012079411012551739,0.009814331661250869,0.011134525635733769,0.007109482313750506,0.01878455474772592,0.04008667139018319,0.0048828125,0.01516032685181643,0.012506102026236032,0.011388577919619728,0.009212872199274027,0.022651198251451565,0.016105881350068987,0.011759369705851851,0.00966747552403483,0.01019561182510796,0.0013810679320049757,0.008052940675034493,0.006176323555016366,0.01179984958358845,0.017387200990981306,0.0087890625,0.005940197783494355,0.01179984958358845,0.004026470337517247,0.01188039556698871,0.0048828125,0.003521046167445302,0.00966747552403483,0.0029296875,0.006253051013118016,0.007627196949127592,0.005524271728019903,0.007042092334890604,0.0316291694154329,0.0029296875,0.005694288959809864,0.0048828125,0.0065509804028314154,0.005940197783494355,0.009212872199274027,0.0009765625,0.007109482313750506,0.006905339660024878,0.0009765625,0.003088161777508183,0.001953125,0.006253051013118016,0.006905339660024878,0.0029296875,0.003521046167445302,0.008734640537108554,0.0021836601342771385,0.0013810679320049757,0.009618025197066508,0.006905339660024878,0.003521046167445302,0.0009765625,0.008400708268596315,0.0009765625,0.007437278423695223,0.003088161777508183,0.001953125,0.0027621358640099515,0.005524271728019903,0.006253051013118016,0.018961413905222265,0.005694288959809864,0.0027621358640099515,0.013671875,1,1,1.0
5.078125,3.6460371017456055,8.0,0.10374975949525833,17.363170623779297,1.953125,17.706127166748047,3.7382681369781494,3.125,0.8474432826042175,0.09524863958358765,9513.0,166805.0,835468352.0,17.534425735473633,0.048806946724653244,1.0559149980545044,3.806419849395752,8.21181913579494e-07,0.0,0.027814315631985664,989,1143,1191,1145,1096,1064,1072,1024,976,957,1000,1053,1144,1179,1208,1135,1165,1147,1117,1080,1037,955,953,892,828,775,703,671,699,653,666,682,666,651,670,686,653,587,702,1020,1162,1177,1147,1083,1036,1071,1079,1068,1005,984,1004,1002,999,1000,967,989,952,891,826,779,727,712,712,767,822,857,905,970,972,999,989,926,920,856,809,728,621,591,650,713,858,1020,1166,1193,1176,1164,1132,1051,1052,1006,972,908,814,763,766,736,717,710,679,651,664,636,650,620,696,664,686,731,842,959,1130,1195,1166,1158,1102,1068,1063,1022,972,923,843,768,749,663,602,508,456,478,457,396,478,540,585,640,648,698,719,762,875,935,955,960,956,1024,1017,1014,986,969,923,920,923,919,862,798,767,763,743,728,727,775,861,876,889,861,732,668,718,761,809,923,1079,1180,1179,1167,1144,1066,1084,1020,1017,1003,904,857,844,862,844,858,893,880,871,810,809,796,839,841,890,942,952,1002,1131,1195,1213,1199,1148,1114,1119,1104,1067,1021,943,887,873,811,766,750,889,1096,1162,1133,1133,1069,1019,1004,990,939,847,792,776,729,714,677,590,588,540,511,492,475,414,424,424,502,537,491,508,622,683,664,720,795,904,923,927,909,823,800,894,985,0.00146484375,0.08152981040914767,0.300249695179806,0.27359963106275526,0.26300008459053564,0.3930503320665149,0.24986454154908647,0.27883210893063076,0.3962606165092477,0.294955826377714,0.3612726942279565,0.22587322750778843,0.16793751980746302,0.07692560778635929,0.041718768287683256,0.10240411506967445,0.058885989967505215,0.18208373790611637,0.13388882001678962,0.17929698137932573,0.11098494254043259,0.05551824376387459,0.024492062898407135,0.05879684852925925,0.06064130740726572,0.05875628498629423,0.13024942385496674,0.020600608505594715,0.03500673501745102,0.09257276817307865,0.0048828125,0.019628663322501738,0.07627196949127592,0.0283875817456028,0.03828573395295441,0.04935265143942687,0.0244140625,0.0517578125,0.03102027377786834,0.03340357690720131,0.019918044974971814,0.013810679320049757,0.0192608231673008,0.013810679320049757,0.051794650805375465,0.048867171887487515,0.04008667139018319,0.04037114571991091,0.023619895746968406,0.008286407592029853,0.005524271728019903,0.013601941676937616,0.0078125,0.02763861659782208,0.021035800027869155,0.01800692276815017,0.00834375365753665,0.01313830473347042,0.0029296875,0.020967686087484266,0.018347943582085875,0.020716018980074635,0.001953125,0.017686299097924643,0.031310975667737106,0.0048828125,0.01680141653719263,0.016253239235442616,0.005694288959809864,0.0041432037960149265,0.01792730444402912,0.009959022487485907,0.004026470337517247,0.014517645261053229,0.01516032685181643,0.003521046167445302,0.004367320268554277,0.003088161777508183,0.008286407592029853,0.0192608231673008,0.009959022487485907,0.005258950006967289,0.013879560940968648,0.004026470337517247,0.010563138502335907,0.004026470337517247,0.0027621358640099515,0.009212872199274027,0.004026470337517247,0.0065509804028314154,0.00834375365753665,0.005258950006967289,0.0078125,0.0324624416769427,0.0009765625,0.0029296875,0.007437278423695223,0.004026470337517247,0.003521046167445302,0.00834375365753665,0.003521046167445302,0.003088161777508183,0.009264485332524549,0.0027621358640099515,0.0013810679320049757,0.0009765625,0.007873298582322802,0.005859375,0.004026470337517247,0.004026470337517247,0.008286407592029853,0.0027621358640099515,0.001953125,0.009814331661250869,0.007437278423695223,0.003521046167445302,0.0009765625,0.007873298582322802,0.001953125,0.009003461384075085,0.001953125,0.0021836601342771385,0.001953125,0.0048828125,0.0048828125,0.0170549308560283,0.0048828125,0.0013810679320049757,0.01171875,1,1,1.0
5.859375,3.6460390090942383,8.0,0.11101032793521881,15.643753051757812,1.953125,17.34143829345703,3.789669990539551,3.125,0.8355768322944641,0.0961703360080719,9698.0,164650.0,836037056.0,16.97772789001465,0.05341281369328499,1.0164018869400024,3.7540695667266846,7.249733243952505e-06,1.171875,0.025989480316638947,826,825,828,811,776,779,761,783,989,1143,1191,1145,1096,1064,1072,1024,976,957,1000,1053,1144,1179,1208,1135,1165,1147,1117,1080,1037,955,953,892,828,775,703,671,699,653,666,682,666,651,670,686,653,587,702,1020,1162,1177,1147,1083,1036,1071,1079,1068,1005,984,1004,1002,999,1000,967,989,952,891,826,779,727,712,712,767,822,857,905,970,972,999,989,926,920,856,809,728,621,591,650,713,858,1020,1166,1193,1176,1164,1132,1051,1052,1006,972,908,814,763,766,736,717,710,679,651,664,636,650,620,696,664,686,731,842,959,1130,1195,1166,1158,1102,1068,1063,1022,972,923,843,768,749,663,602,508,456,478,457,396,478,540,585,640,648,698,719,762,875,935,955,960,956,1024,1017,1014,986,969,923,920,923,919,862,798,767,763,743,728,727,775,861,876,889,861,732,668,718,761,809,923,1079,1180,1179,1167,1144,1066,1084,1020,1017,1003,904,857,844,862,844,858,893,880,871,810,809,796,839,841,890,942,952,1002,1131,1195,1213,1199,1148,1114,1119,1104,1067,1021,943,887,873,811,766,750,889,1096,1162,1133,1133,1069,1019,1004,990,939,847,792,776,729,714,677,590,588,540,511,492,475,414,424,424,502,537,491,508,622,683,664,720,795,0.00048828125,0.0705562182351111,0.30966887725052006,0.2742802303765086,0.263671875,0.3888889645773193,0.2481103050050663,0.28032957571492134,0.40179583824360704,0.2893345557800814,0.3562312071009468,0.21433266624872901,0.1787109375,0.08771684208158445,0.03451288485756307,0.10586586119427853,0.06180182551678414,0.1745207627850234,0.14555696003036492,0.18999851025449063,0.10300304252797357,0.06201748558323214,0.01878455474772592,0.04695630968816917,0.05852860962410819,0.06577857077753481,0.12292668361042297,0.0300838316420886,0.027361183058831836,0.08222865013680032,0.014517645261053229,0.022482157096135425,0.06836635009057476,0.021417687694786434,0.04642525126564341,0.04447381850287383,0.03180956538066861,0.04631213164601319,0.023478154844084585,0.025559086578715626,0.020320949264340638,0.020716018980074635,0.025559086578715626,0.0185803687406645,0.04917843090630536,0.051248600638288774,0.04088754182706703,0.04216217411117754,0.025633603024231812,0.00834375365753665,0.003088161777508183,0.01800692276815017,0.009003461384075085,0.024724587697601882,0.017686299097924643,0.014517645261053229,0.007873298582322802,0.011048543456039806,0.0013810679320049757,0.017578125,0.014874556847390447,0.01824369305885684,0.003088161777508183,0.013982247132105814,0.032241355506287456,0.007109482313750506,0.014874556847390447,0.019555648822754675,0.008400708268596315,0.0065509804028314154,0.0166015625,0.007627196949127592,0.003521046167445302,0.018165112536853784,0.018961413905222265,0.0065509804028314154,0.0027621358640099515,0.005940197783494355,0.009003461384075085,0.0208765218031562,0.011759369705851851,0.008400708268596315,0.010918300671385692,0.005940197783494355,0.014517645261053229,0.003521046167445302,0.003088161777508183,0.009003461384075085,0.0065509804028314154,0.007873298582322802,0.010918300671385692,0.0048828125,0.005524271728019903,0.03126525506559008,0.003521046167445302,0.005258950006967289,0.005940197783494355,0.005940197783494355,0.003521046167445302,0.010054326309557618,0.003521046167445302,0.004979511243742954,0.009618025197066508,0.003088161777508183,0.0021836601342771385,0.0013810679320049757,0.01019561182510796,0.0048828125,0.003521046167445302,0.005694288959809864,0.009264485332524549,0.003088161777508183,0.0013810679320049757,0.009814331661250869,0.009003461384075085,0.004979511243742954,0.0013810679320049757,0.008400708268596315,0.0021836601342771385,0.0107421875,0.003521046167445302,0.0029296875,0.003521046167445302,0.004026470337517247,0.004367320268554277,0.016716057391234072,0.0065509804028314154,0.0027621358640099515,0.013671875,1,1,1.0
5.859375,3.698514699935913,8.0,0.11540751159191132,16.803482055664062,1.953125,17.412839889526367,3.7765259742736816,3.125,0.8349059820175171,0.09609593451023102,9683.0,169282.0,835962944.0,17.482391357421875,0.0496864877641201,1.0674797296524048,3.757766008377075,8.067690941970795e-07,0.0,0.030137989670038223,985,966,955,923,841,792,813,811,826,825,828,811,776,779,761,783,989,1143,1191,1145,1096,1064,1072,1024,976,957,1000,1053,1144,1179,1208,1135,1165,1147,1117,1080,1037,955,953,892,828,775,703,671,699,653,666,682,666,651,670,686,653,587,702,1020,1162,1177,1147,1083,1036,1071,1079,1068,1005,984,1004,1002,999,1000,967,989,952,891,826,779,727,712,712,767,822,857,905,970,972,999,989,926,920,856,809,728,621,591,650,713,858,1020,1166,1193,1176,1164,1132,1051,1052,1006,972,908,814,763,766,736,717,710,679,651,664,636,650,620,696,664,686,731,842,959,1130,1195,1166,1158,1102,1068,1063,1022,972,923,843,768,749,663,602,508,456,478,457,396,478,540,585,640,648,698,719,762,875,935,955,960,956,1024,1017,1014,986,969,923,920,923,919,862,798,767,763,743,728,727,775,861,876,889,861,732,668,718,761,809,923,1079,1180,1179,1167,1144,1066,1084,1020,1017,1003,904,857,844,862,844,858,893,880,871,810,809,796,839,841,890,942,952,1002,1131,1195,1213,1199,1148,1114,1119,1104,1067,1021,943,887,873,811,766,750,889,1096,1162,1133,1133,1069,1019,1004,990,939,847,792,776,729,714,677,590,588,540,511,492,475,414,424,424,502,0.0029296875,0.16119198724033487,0.22317391166673764,0.21406552946077123,0.1859165724830041,0.31956133339435994,0.16392874942393512,0.20293006346211565,0.4845167383347685,0.21014481410567287,0.3770720141206555,0.14869747484701584,0.2535303708153744,0.16022768985932564,0.07258165693774236,0.16605295995631605,0.06684283186971719,0.1154989018904103,0.18282335037244626,0.1864850868623824,0.07305966841510972,0.01528562093993997,0.0650496190757066,0.0836943119572884,0.05969824888897627,0.04021730523823047,0.1479355204570242,0.024472586105745445,0.04377135709182611,0.09588232584869982,0.016253239235442616,0.040465526084180976,0.08515714592418609,0.034678283016727936,0.04848512338791566,0.031204190055996988,0.03941491420041126,0.04296875,0.017953883116064683,0.022777155839239456,0.029765137996344084,0.027413415718004295,0.02417855156863271,0.022798081113142094,0.0596423104867284,0.05447783469133341,0.04518646602054404,0.03676080122015373,0.02417855156863271,0.013671875,0.011759369705851851,0.007109482313750506,0.016716057391234072,0.035934315415965035,0.0283875817456028,0.01878455474772592,0.019186408891004394,0.022140203220223895,0.010918300671385692,0.01953125,0.012079411012551739,0.0065509804028314154,0.013982247132105814,0.009959022487485907,0.03829818662329605,0.019749754312653012,0.016016815885602272,0.033332125323976586,0.017387200990981306,0.014517645261053229,0.005694288959809864,0.006905339660024878,0.018347943582085875,0.013982247132105814,0.016105881350068987,0.009003461384075085,0.01680141653719263,0.011920464468489943,0.01792730444402912,0.01727715430952552,0.010517900013934578,0.005258950006967289,0.022545696055889054,0.01188039556698871,0.016370170521718956,0.009765625,0.007627196949127592,0.0021836601342771385,0.013982247132105814,0.009003461384075085,0.01886055460530075,0.005940197783494355,0.004367320268554277,0.025559086578715626,0.010918300671385692,0.012079411012551739,0.007873298582322802,0.010381001770248682,0.006176323555016366,0.01680141653719263,0.011759369705851851,0.005258950006967289,0.017953883116064683,0.01188039556698871,0.007873298582322802,0.008843149548962322,0.009212872199274027,0.013566839833447074,0.011134525635733769,0.006905339660024878,0.003521046167445302,0.012732817197661424,0.01284467425582608,0.01441877251975918,0.006253051013118016,0.0078125,0.01019561182510796,0.013101960805662831,0.00834375365753665,0.011048543456039806,0.006905339660024878,0.009814331661250869,0.0078125,0.008400708268596315,0.00390625,0.012352647110032733,0.013810679320049757,0.008052940675034493,0.021484375,1,1,1.0
7.03125,4.543381690979004,4.0,0.15380948781967163,10.139567375183105,3.90625,41.51588439941406,4.47638463973999,3.125,0.7702279090881348,0.09196294844150543,8868.0,246160.0,831474112.0,27.75823211669922,0.0759626030921936,1.65108323097229,5.71259880065918,3.171311618643813e-05,0.0,0.06283917278051376,1003,984,986,1015,1007,1007,969,955,985,966,955,923,841,792,813,811,826,825,828,811,776,779,761,783,989,1143,1191,1145,1096,1064,1072,1024,976,957,1000,1053,1144,1179,1208,1135,1165,1147,1117,1080,1037,955,953,892,828,775,703,671,699,653,666,682,666,651,670,686,653,587,702,1020,1162,1177,1147,1083,1036,1071,1079,1068,1005,984,1004,1002,999,1000,967,989,952,891,826,779,727,712,712,767,822,857,905,970,972,999,989,926,920,856,809,728,621,591,650,713,858,1020,1166,1193,1176,1164,1132,1051,1052,1006,972,908,814,763,766,736,717,710,679,651,664,636,650,620,696,664,686,731,842,959,1130,1195,1166,1158,1102,1068,1063,1022,972,923,843,768,749,663,602,508,456,478,457,396,478,540,585,640,648,698,719,762,875,935,955,960,956,1024,1017,1014,986,969,923,920,923,919,862,798,767,763,743,728,727,775,861,876,889,861,732,668,718,761,809,923,1079,1180,1179,1167,1144,1066,1084,1020,1017,1003,904,857,844,862,844,858,893,880,871,810,809,796,839,841,890,942,952,1002,1131,1195,1213,1199,1148,1114,1119,1104,1067,1021,943,887,873,811,766,750,889,1096,1162,1133,1133,1069,1019,1004,990,939,847,792,776,729,714,677,590,588,0.0009765625,0.2806695670780661,0.1491968907827448,0.12033928907314063,0.06800269671310033,0.20333616577843835,0.10920484113197618,0.23945702803201618,0.5210498614037313,0.25365071275679724,0.27790024494875515,0.14427037795599762,0.2405596755890963,0.13529180002788474,0.09730895276179709,0.142256701051798,0.03712222228271135,0.1892944930269553,0.13137578840227873,0.18997843168211104,0.1021990269683682,0.06577857077753481,0.03152346170228315,0.04179870031061073,0.03304477405407936,0.04148954255126563,0.12106224388524793,0.0029296875,0.04789140560640324,0.101157923145145,0.0065509804028314154,0.030162978928672854,0.07817991234228686,0.026002982335340524,0.04848512338791566,0.04531292093015696,0.03585460888805824,0.04239901044158674,0.037224840922941246,0.0411664822428867,0.02489755621871477,0.0009765625,0.021506558149946522,0.009264485332524549,0.03554741156875253,0.03356023491687418,0.024705294220065465,0.06064130740726572,0.04102724909687501,0.0224609375,0.016164985700436375,0.03259437357085671,0.013566839833447074,0.01441877251975918,0.013282686043686957,0.02003738723504218,0.0013810679320049757,0.01188039556698871,0.004979511243742954,0.021417687694786434,0.016716057391234072,0.013671875,0.007873298582322802,0.010054326309557618,0.03434669022474409,0.016716057391234072,0.018425744398548053,0.0285216442705278,0.01019561182510796,0.007042092334890604,0.009618025197066508,0.011759369705851851,0.012236293052872722,0.009959022487485907,0.01188039556698871,0.009814331661250869,0.004367320268554277,0.0068359375,0.0065509804028314154,0.024119314521930602,0.013982247132105814,0.012732817197661424,0.0041432037960149265,0.005524271728019903,0.007042092334890604,0.011430371006562134,0.010054326309557618,0.013566839833447074,0.007109482313750506,0.0021836601342771385,0.014517645261053229,0.0048828125,0.008052940675034493,0.0242573092741684,0.01019561182510796,0.010786485368346935,0.006905339660024878,0.008286407592029853,0.004026470337517247,0.012506102026236032,0.011134525635733769,0.005940197783494355,0.012732817197661424,0.009212872199274027,0.008843149548962322,0.00834375365753665,0.006253051013118016,0.003088161777508183,0.010563138502335907,0.011134525635733769,0.0126953125,0.006253051013118016,0.00390625,0.009003461384075085,0.014680953494504793,0.009264485332524549,0.009003461384075085,0.003088161777508183,0.009765625,0.003088161777508183,0.008052940675034493,0.007873298582322802,0.0068359375,0.010918300671385692,0.005694288959809864,0.009618025197066508,0.013706707859002147,0.006905339660024878,0.0205078125,1,1,1.0
6.640625,4.359272003173828,4.0,0.16731706261634827,10.580436706542969,0.390625,67.34739685058594,4.47554349899292,3.125,0.7607786655426025,0.08613148331642151,7779.0,284681.0,832238272.0,36.596092224121094,0.07190427929162979,3.446417808532715,7.358964443206787,4.01683064410463e-06,0.0,0.04914848506450653,951,983,984,984,951,986,1034,1002,1003,984,986,1015,1007,1007,969,955,985,966,955,923,841,792,813,811,826,825,828,811,776,779,761,783,989,1143,1191,1145,1096,1064,1072,1024,976,957,1000,1053,1144,1179,1208,1135,1165,1147,1117,1080,1037,955,953,892,828,775,703,671,699,653,666,682,666,651,670,686,653,587,702,1020,1162,1177,1147,1083,1036,1071,1079,1068,1005,984,1004,1002,999,1000,967,989,952,891,826,779,727,712,712,767,822,857,905,970,972,999,989,926,920,856,809,728,621,591,650,713,858,1020,1166,1193,1176,1164,1132,1051,1052,1006,972,908,814,763,766,736,717,710,679,651,664,636,650,620,696,664,686,731,842,959,1130,1195,1166,1158,1102,1068,1063,1022,972,923,843,768,749,663,602,508,456,478,457,396,478,540,585,640,648,698,719,762,875,935,955,960,956,1024,1017,1014,986,969,923,920,923,919,862,798,767,763,743,728,727,775,861,876,889,861,732,668,718,761,809,923,1079,1180,1179,1167,1144,1066,1084,1020,1017,1003,904,857,844,862,844,858,893,880,871,810,809,796,839,841,890,942,952,1002,1131,1195,1213,1199,1148,1114,1119,1104,1067,1021,943,887,873,811,766,750,889,1096,1162,1133,1133,1069,1019,1004,990,939,0.0029296875,0.31275166868013193,0.1507358304729798,0.09096196111089858,0.051573226275433176,0.1852613963381053,0.13763989354620323,0.27452524993887883,0.4967094865470952,0.2862677662762419,0.26730890025724596,0.1774712595707621,0.20599914091357008,0.10445567411109799,0.06269044470978138,0.12016084699431269,0.05139725533961237,0.15687436289866896,0.159682153660808,0.1879292977677314,0.08594304847145234,0.0363433477850164,0.03902586172400017,0.06361913076133723,0.062293665757097896,0.06397788810218437,0.12429611388044781,0.029133659941750583,0.03618556115947052,0.09328600182882227,0.01528562093993997,0.012079411012551739,0.08128379705736255,0.03618556115947052,0.033260520245950005,0.04080582503081285,0.028168369339562415,0.047461339375870576,0.027793455997573647,0.03434669022474409,0.024433585943743757,0.004026470337517247,0.018528970665049098,0.008052940675034493,0.03585460888805824,0.03500673501745102,0.02638526579317636,0.0594741796038481,0.037224840922941246,0.017578125,0.014084184669781208,0.025855863857175247,0.004026470337517247,0.024724587697601882,0.019773883526676354,0.014680953494504793,0.012732817197661424,0.0146484375,0.008843149548962322,0.008843149548962322,0.009003461384075085,0.023518739411703703,0.012236293052872722,0.013028968812623373,0.025390625,0.00834375365753665,0.017953883116064683,0.019918044974971814,0.008843149548962322,0.005940197783494355,0.011759369705851851,0.004979511243742954,0.01171875,0.009814331661250869,0.011134525635733769,0.005694288959809864,0.0041432037960149265,0.005524271728019903,0.006905339660024878,0.022482157096135425,0.012732817197661424,0.011388577919619728,0.006905339660024878,0.004367320268554277,0.003521046167445302,0.011048543456039806,0.007873298582322802,0.007042092334890604,0.010517900013934578,0.0068359375,0.015746597164645604,0.004979511243742954,0.003521046167445302,0.033332125323976586,0.003088161777508183,0.004367320268554277,0.009264485332524549,0.003521046167445302,0.0048828125,0.008400708268596315,0.004367320268554277,0.003088161777508183,0.010517900013934578,0.004367320268554277,0.003088161777508183,0.0048828125,0.003521046167445302,0.0021836601342771385,0.0078125,0.008052940675034493,0.011388577919619728,0.003521046167445302,0.0027621358640099515,0.004979511243742954,0.0126953125,0.004979511243742954,0.007873298582322802,0.004979511243742954,0.007437278423695223,0.007109482313750506,0.004367320268554277,0.005859375,0.0048828125,0.0009765625,0.0041432037960149265,0.019457869965987574,0.004367320268554277,0.004367320268554277,0.009765625,1,1,1.0
7.03125,4.059173583984375,5.0,0.14918258786201477,11.841334342956543,0.390625,54.88546371459961,4.277811050415039,3.125,0.784561276435852,0.08549803495407104,7665.0,258705.0,767740800.0,33.751468658447266,0.06625615060329437,2.5223517417907715,6.57963752746582,3.668950739665888e-05,0.0,0.039438195526599884,651,655,683,640,681,794,829,926,951,983,984,984,951,986,1034,1002,1003,984,986,1015,1007,1007,969,955,985,966,955,923,841,792,813,811,826,825,828,811,776,779,761,783,989,1143,1191,1145,1096,1064,1072,1024,976,957,1000,1053,1144,1179,1208,1135,1165,1147,1117,1080,1037,955,953,892,828,775,703,671,699,653,666,682,666,651,670,686,653,587,702,1020,1162,1177,1147,1083,1036,1071,1079,1068,1005,984,1004,1002,999,1000,967,989,952,891,826,779,727,712,712,767,822,857,905,970,972,999,989,926,920,856,809,728,621,591,650,713,858,1020,1166,1193,1176,1164,1132,1051,1052,1006,972,908,814,763,766,736,717,710,679,651,664,636,650,620,696,664,686,731,842,959,1130,1195,1166,1158,1102,1068,1063,1022,972,923,843,768,749,663,602,508,456,478,457,396,478,540,585,640,648,698,719,762,875,935,955,960,956,1024,1017,1014,986,969,923,920,923,919,862,798,767,763,743,728,727,775,861,876,889,861,732,668,718,761,809,923,1079,1180,1179,1167,1144,1066,1084,1020,1017,1003,904,857,844,862,844,858,893,880,871,810,809,796,839,841,890,942,952,1002,1131,1195,1213,1199,1148,1114,1119,1104,1067,1021,943,887,873,811,766,750,889,1096,0.0029296875,0.23690246905887538,0.11864732017400417,0.1844566035316323,0.06680715381440262,0.13706707859002148,0.11213472192776154,0.3079038223113596,0.5371741793291895,0.3620216106898113,0.20806969810036763,0.257949330403597,0.12900239075803618,0.06312251019996996,0.013282686043686957,0.14134203047953614,0.08399005249704891,0.10924413208730166,0.15939223252424348,0.1300992381514132,0.14006098917427565,0.08082492850218188,0.009618025197066508,0.02108108705558877,0.03633022507370757,0.04606436099637014,0.12041851178683878,0.008400708268596315,0.041120123577006444,0.08479802088317348,0.016630260122975003,0.019749754312653012,0.06419366574040936,0.03066468450802262,0.03066468450802262,0.04696646350160566,0.0224609375,0.05086569001213054,0.023294649300540163,0.03601384553630034,0.029313146523053973,0.004026470337517247,0.024119314521930602,0.018165112536853784,0.025855863857175247,0.04501730692037543,0.0380859375,0.04695630968816917,0.024492062898407135,0.008400708268596315,0.0,0.0208765218031562,0.016858082521125067,0.0170549308560283,0.006905339660024878,0.015440808887540914,0.00390625,0.010563138502335907,0.004026470337517247,0.0192608231673008,0.009959022487485907,0.013101960805662831,0.014938533731228863,0.006905339660024878,0.02132844694125152,0.014874556847390447,0.0235996991671769,0.014517645261053229,0.00834375365753665,0.007873298582322802,0.012079411012551739,0.00390625,0.012732817197661424,0.008843149548962322,0.009765625,0.007873298582322802,0.003088161777508183,0.0078125,0.009212872199274027,0.019384212149686726,0.008400708268596315,0.008734640537108554,0.010786485368346935,0.0013810679320049757,0.008843149548962322,0.006176323555016366,0.005258950006967289,0.009003461384075085,0.0065509804028314154,0.0029296875,0.013810679320049757,0.001953125,0.0021836601342771385,0.03144773864864183,0.005258950006967289,0.006176323555016366,0.009959022487485907,0.0021836601342771385,0.00390625,0.007873298582322802,0.005258950006967289,0.0021836601342771385,0.010563138502335907,0.005694288959809864,0.0048828125,0.0048828125,0.007042092334890604,0.0013810679320049757,0.0065509804028314154,0.007109482313750506,0.01019561182510796,0.0013810679320049757,0.003521046167445302,0.0065509804028314154,0.00834375365753665,0.0013810679320049757,0.0048828125,0.005258950006967289,0.004979511243742954,0.005694288959809864,0.0029296875,0.0041432037960149265,0.003521046167445302,0.00390625,0.003088161777508183,0.01800692276815017,0.0048828125,0.0021836601342771385,0.01171875,1,1,1.0
6.25,3.708958148956299,3.0,0.1215614601969719,14.37534236907959,3.515625,62.10129165649414,4.156144142150879,3.125,0.8213055729866028,0.08618682622909546,7789.0,302573.0,998728512.0,38.846195220947266,0.057132940739393234,2.2017159461975098,7.1734938621521,3.610676867538132e-05,0.0,0.03006647154688835,454,426,429,427,457,560,665,656,651,655,683,640,681,794,829,926,951,983,984,984,951,986,1034,1002,1003,984,986,1015,1007,1007,969,955,985,966,955,923,841,792,813,811,826,825,828,811,776,779,761,783,989,1143,1191,1145,1096,1064,1072,1024,976,957,1000,1053,1144,1179,1208,1135,1165,1147,1117,1080,1037,955,953,892,828,775,703,671,699,653,666,682,666,651,670,686,653,587,702,1020,1162,1177,1147,1083,1036,1071,1079,1068,1005,984,1004,1002,999,1000,967,989,952,891,826,779,727,712,712,767,822,857,905,970,972,999,989,926,920,856,809,728,621,591,650,713,858,1020,1166,1193,1176,1164,1132,1051,1052,1006,972,908,814,763,766,736,717,710,679,651,664,636,650,620,696,664,686,731,842,959,1130,1195,1166,1158,1102,1068,1063,1022,972,923,843,768,749,663,602,508,456,478,457,396,478,540,585,640,648,698,719,762,875,935,955,960,956,1024,1017,1014,986,969,923,920,923,919,862,798,767,763,743,728,727,775,861,876,889,861,732,668,718,761,809,923,1079,1180,1179,1167,1144,1066,1084,1020,1017,1003,904,857,844,862,844,858,893,880,871,810,809,796,839,841,890,942,952,1002,1131,1195,1213,1199,1148,1114,1119,1104,1067,1021,0.00146484375,0.19295698740086198,0.12323661586058557,0.27285268096585363,0.1298497667077708,0.04462367054217134,0.21036933391735602,0.3992146411542468,0.45220011010082173,0.3815411066029872,0.2979524035238263,0.21239729250459208,0.20869211456507078,0.12553672004084415,0.06945275151052557,0.11976733859056235,0.06800269671310033,0.14065212412022526,0.19621860131484253,0.17890561032909663,0.11748416225750455,0.06763708816766716,0.05033798425335888,0.05406488490494691,0.07297477223542737,0.07565681229783815,0.1042729153776169,0.03032065370363286,0.06214038386692591,0.0820835491764955,0.03601384553630034,0.028721564784868637,0.0602389473175435,0.04280196679845923,0.01878455474772592,0.03416573375885918,0.035224001556389516,0.037378240642587185,0.03928161203343509,0.04574233761183738,0.01760523083722651,0.014906579611790769,0.02734375,0.01171875,0.04712862700005334,0.028437929255002024,0.01760523083722651,0.06936344084796782,0.041718768287683256,0.019652941208494246,0.021417687694786434,0.009212872199274027,0.023518739411703703,0.037186392118476116,0.020692988379313566,0.01760523083722651,0.020967686087484266,0.01886055460530075,0.020132351687586234,0.03585460888805824,0.020716018980074635,0.014680953494504793,0.028168369339562415,0.01708286687942959,0.01188039556698871,0.012236293052872722,0.016253239235442616,0.023619895746968406,0.015776850020901866,0.01019561182510796,0.010381001770248682,0.014084184669781208,0.004026470337517247,0.02161713244255728,0.021417687694786434,0.0065509804028314154,0.014938533731228863,0.0087890625,0.0048828125,0.033673710253059895,0.022269051271467537,0.023047702580480365,0.016716057391234072,0.015746597164645604,0.016716057391234072,0.010517900013934578,0.008400708268596315,0.014680953494504793,0.005524271728019903,0.009003461384075085,0.016370170521718956,0.010918300671385692,0.009003461384075085,0.031143005310746045,0.012506102026236032,0.012236293052872722,0.016253239235442616,0.01019561182510796,0.009003461384075085,0.01589728573837862,0.01171875,0.007873298582322802,0.012236293052872722,0.009003461384075085,0.011388577919619728,0.007873298582322802,0.014084184669781208,0.010918300671385692,0.010054326309557618,0.010563138502335907,0.013879560940968648,0.012079411012551739,0.009959022487485907,0.006253051013118016,0.020132351687586234,0.011430371006562134,0.013566839833447074,0.016716057391234072,0.007437278423695223,0.01528562093993997,0.008843149548962322,0.007873298582322802,0.008843149548962322,0.013282686043686957,0.0068359375,0.019773883526676354,0.011388577919619728,0.01188039556698871,0.0029296875,1,1,1.0
7.03125,4.667177200317383,5.0,0.14820213615894318,12.539085388183594,2.734375,28.492740631103516,4.518000602722168,3.125,0.7888838648796082,0.09318371117115021,9105.0,214418.0,892588800.0,23.54947853088379,0.06291398406028748,1.2830642461776733,4.875770092010498,7.722033842583187e-06,0.0,0.07085230946540833,668,651,682,622,602,511,456,477,454,426,429,427,457,560,665,656,651,655,683,640,681,794,829,926,951,983,984,984,951,986,1034,1002,1003,984,986,1015,1007,1007,969,955,985,966,955,923,841,792,813,811,826,825,828,811,776,779,761,783,989,1143,1191,1145,1096,1064,1072,1024,976,957,1000,1053,1144,1179,1208,1135,1165,1147,1117,1080,1037,955,953,892,828,775,703,671,699,653,666,682,666,651,670,686,653,587,702,1020,1162,1177,1147,1083,1036,1071,1079,1068,1005,984,1004,1002,999,1000,967,989,952,891,826,779,727,712,712,767,822,857,905,970,972,999,989,926,920,856,809,728,621,591,650,713,858,1020,1166,1193,1176,1164,1132,1051,1052,1006,972,908,814,763,766,736,717,710,679,651,664,636,650,620,696,664,686,731,842,959,1130,1195,1166,1158,1102,1068,1063,1022,972,923,843,768,749,663,602,508,456,478,457,396,478,540,585,640,648,698,719,762,875,935,955,960,956,1024,1017,1014,986,969,923,920,923,919,862,798,767,763,743,728,727,775,861,876,889,861,732,668,718,761,809,923,1079,1180,1179,1167,1144,1066,1084,1020,1017,1003,904,857,844,862,844,858,893,880,871,810,809,796,839,841,890,942,952,1002,1131,1195,0.00146484375,0.22656460465078476,0.18484654015751317,0.3566953853085159,0.20560061788503223,0.07580163425908215,0.29508512917372276,0.41722997099183523,0.38963864727675585,0.2807341188879836,0.3068364969560463,0.15372098819586758,0.2063391290609724,0.0556640625,0.0474110784919467,0.1064453125,0.10903004335504919,0.09578778940003016,0.15854335040461184,0.1340774435326756,0.12570753128930487,0.058601887455771474,0.021945512748285382,0.05353308622525682,0.07115516106229246,0.08055900770953259,0.08622554708845358,0.026672852116694654,0.0693359375,0.09462583239654107,0.03521046167445302,0.03250647847088523,0.05966629050933644,0.04367320268554277,0.021439939843847802,0.0316291694154329,0.03954776705335271,0.04419417382415922,0.04311277354422679,0.03554741156875253,0.01179984958358845,0.026203921611325662,0.007627196949127592,0.01589728573837862,0.04007477447008436,0.03618556115947052,0.04501730692037543,0.051794650805375465,0.0126953125,0.007873298582322802,0.009212872199274027,0.024119314521930602,0.01886055460530075,0.01589728573837862,0.012506102026236032,0.010918300671385692,0.009765625,0.0027621358640099515,0.008400708268596315,0.025781989809461104,0.017304731588544287,0.006905339660024878,0.020716018980074635,0.01019561182510796,0.016858082521125067,0.01188039556698871,0.01824369305885684,0.020692988379313566,0.005258950006967289,0.0009765625,0.01878455474772592,0.009003461384075085,0.011920464468489943,0.014938533731228863,0.008734640537108554,0.011134525635733769,0.010918300671385692,0.01313830473347042,0.014084184669781208,0.01589728573837862,0.005694288959809864,0.006176323555016366,0.008734640537108554,0.0029296875,0.001953125,0.013601941676937616,0.008400708268596315,0.003088161777508183,0.009212872199274027,0.009003461384075085,0.0078125,0.007109482313750506,0.009003461384075085,0.02681548870653512,0.011048543456039806,0.010918300671385692,0.012732817197661424,0.008843149548962322,0.005524271728019903,0.014517645261053229,0.011759369705851851,0.009959022487485907,0.003088161777508183,0.004979511243742954,0.005694288959809864,0.006905339660024878,0.003521046167445302,0.008400708268596315,0.014084184669781208,0.015254393898255184,0.016253239235442616,0.0048828125,0.008286407592029853,0.010918300671385692,0.006905339660024878,0.005859375,0.00834375365753665,0.003521046167445302,0.009212872199274027,0.010517900013934578,0.003521046167445302,0.0048828125,0.004026470337517247,0.009003461384075085,0.003521046167445302,0.01516032685181643,0.009003461384075085,0.006905339660024878,0.0078125,1,1,1.0
5.859375,3.976510763168335,6.0,0.10594644397497177,15.883482933044434,3.125,22.2163143157959,3.8226611614227295,2.734375,0.841099202632904,0.09208212792873383,8891.0,182537.0,797656960.0,20.530536651611328,0.052954331040382385,1.1466395854949951,4.298445224761963,7.908090083219577e-06,0.0,0.042892079800367355,1006,968,886,824,795,715,713,712,668,651,682,622,602,511,456,477,454,426,429,427,457,560,665,656,651,655,683,640,681,794,829,926,951,983,984,984,951,986,1034,1002,1003,984,986,1015,1007,1007,969,955,985,966,955,923,841,792,813,811,826,825,828,811,776,779,761,783,989,1143,1191,1145,1096,1064,1072,1024,976,957,1000,1053,1144,1179,1208,1135,1165,1147,1117,1080,1037,955,953,892,828,775,703,671,699,653,666,682,666,651,670,686,653,587,702,1020,1162,1177,1147,1083,1036,1071,1079,1068,1005,984,1004,1002,999,1000,967,989,952,891,826,779,727,712,712,767,822,857,905,970,972,999,989,926,920,856,809,728,621,591,650,713,858,1020,1166,1193,1176,1164,1132,1051,1052,1006,972,908,814,763,766,736,717,710,679,651,664,636,650,620,696,664,686,731,842,959,1130,1195,1166,1158,1102,1068,1063,1022,972,923,843,768,749,663,602,508,456,478,457,396,478,540,585,640,648,698,719,762,875,935,955,960,956,1024,1017,1014,986,969,923,920,923,919,862,798,767,763,743,728,727,775,861,876,889,861,732,668,718,761,809,923,1079,1180,1179,1167,1144,1066,1084,1020,1017,1003,904,857,844,862,844,858,893,880,871,810,809,796,0.00244140625,0.2197460928820216,0.18621385057114107,0.3623165324040849,0.21413234490102728,0.0820835491764955,0.3121488505620781,0.4331029915550634,0.37439042456029964,0.2598188532166525,0.3102596081914268,0.1557395225662393,0.19858825243792155,0.028985980624327792,0.04809012598533254,0.13871313206691174,0.09618025197066508,0.12900239075803618,0.13249977543649896,0.16987696964112917,0.0919058943725056,0.03521046167445302,0.04805044765680681,0.060672752214879166,0.07258822630526614,0.0697473489674574,0.11739077422042293,0.022032254243512652,0.03712222228271135,0.08149471111337916,0.010918300671385692,0.02157297073669387,0.06836635009057476,0.0170549308560283,0.040465526084180976,0.05329204550641505,0.020762003540497363,0.047138743695887386,0.0324624416769427,0.04007477447008436,0.009959022487485907,0.020132351687586234,0.015746597164645604,0.012352647110032733,0.04398869386545003,0.03149319432929121,0.04372776011179318,0.05153622969515141,0.014218964627501012,0.007437278423695223,0.0048828125,0.0224609375,0.013879560940968648,0.023619895746968406,0.012236293052872722,0.011920464468489943,0.010918300671385692,0.013706707859002147,0.010918300671385692,0.020967686087484266,0.0048828125,0.01933495104806966,0.0087890625,0.0078125,0.027964494264211628,0.020531050821902968,0.029002426572104487,0.00966747552403483,0.011134525635733769,0.008052940675034493,0.011048543456039806,0.0068359375,0.0065509804028314154,0.016370170521718956,0.012236293052872722,0.010054326309557618,0.012236293052872722,0.013982247132105814,0.014938533731228863,0.0146484375,0.006905339660024878,0.008052940675034493,0.003521046167445302,0.009959022487485907,0.005524271728019903,0.014517645261053229,0.008286407592029853,0.011759369705851851,0.005258950006967289,0.007042092334890604,0.01878455474772592,0.009003461384075085,0.0041432037960149265,0.03633022507370757,0.0009765625,0.005258950006967289,0.0048828125,0.005940197783494355,0.007042092334890604,0.003088161777508183,0.001953125,0.0027621358640099515,0.011388577919619728,0.004367320268554277,0.005524271728019903,0.0013810679320049757,0.0065509804028314154,0.0065509804028314154,0.01284467425582608,0.0126953125,0.016572815184059706,0.003521046167445302,0.007873298582322802,0.008052940675034493,0.008843149548962322,0.00390625,0.0078125,0.006905339660024878,0.00390625,0.00834375365753665,0.0027621358640099515,0.004026470337517247,0.0041432037960149265,0.0021836601342771385,0.006253051013118016,0.020692988379313566,0.0048828125,0.003088161777508183,0.017578125,1,1,1.0
5.859375,4.017475605010986,6.0,0.10976453870534897,15.87365436553955,3.125,23.46101188659668,3.81242036819458,2.734375,0.8374765515327454,0.09261396527290344,8994.0,196690.0,825603776.0,21.8690242767334,0.05275890231132507,1.3382365703582764,4.389037609100342,2.1715772163588554e-05,0.0,0.0369146503508091,729,700,871,1050,1144,1085,1096,1055,1006,968,886,824,795,715,713,712,668,651,682,622,602,511,456,477,454,426,429,427,457,560,665,656,651,655,683,640,681,794,829,926,951,983,984,984,951,986,1034,1002,1003,984,986,1015,1007,1007,969,955,985,966,955,923,841,792,813,811,826,825,828,811,776,779,761,783,989,1143,1191,1145,1096,1064,1072,1024,976,957,1000,1053,1144,1179,1208,1135,1165,1147,1117,1080,1037,955,953,892,828,775,703,671,699,653,666,682,666,651,670,686,653,587,702,1020,1162,1177,1147,1083,1036,1071,1079,1068,1005,984,1004,1002,999,1000,967,989,952,891,826,779,727,712,712,767,822,857,905,970,972,999,989,926,920,856,809,728,621,591,650,713,858,1020,1166,1193,1176,1164,1132,1051,1052,1006,972,908,814,763,766,736,717,710,679,651,664,636,650,620,696,664,686,731,842,959,1130,1195,1166,1158,1102,1068,1063,1022,972,923,843,768,749,663,602,508,456,478,457,396,478,540,585,640,648,698,719,762,875,935,955,960,956,1024,1017,1014,986,969,923,920,923,919,862,798,767,763,743,728,727,775,861,876,889,861,732,668,718,761,809,923,1079,1180,1179,1167,1144,1066,1084,1020,1017,1003,904,857,844,862,0.00341796875,0.21261719108832441,0.18314127254119375,0.3611340800748441,0.21706284712509136,0.07992315416253955,0.31968217563763257,0.447022484403749,0.3597675335861426,0.25412588157069327,0.3217028703888205,0.15359375496725577,0.20003089666134236,0.02417855156863271,0.05932165058002906,0.16013838505543904,0.087890625,0.151480552306396,0.13087394974805433,0.19186408891004395,0.08763526270868098,0.05511309007625962,0.055672628178668845,0.04606436099637014,0.050818796215850344,0.04306850990468739,0.126953125,0.010517900013934578,0.04938162843660364,0.10786485368346935,0.024492062898407135,0.04089920232689829,0.04804052295409705,0.04324529262789947,0.017304731588544287,0.029700988917471777,0.040618426451338716,0.05219815630817487,0.04051263381385067,0.0208765218031562,0.0283203125,0.01800692276815017,0.013879560940968648,0.013101960805662831,0.03274034104343791,0.0316291694154329,0.02638526579317636,0.0653421756184379,0.0283875817456028,0.011134525635733769,0.01708286687942959,0.021945512748285382,0.025353037081537442,0.011920464468489943,0.010786485368346935,0.012236293052872722,0.009212872199274027,0.005258950006967289,0.009003461384075085,0.02510734400816883,0.010918300671385692,0.014874556847390447,0.013601941676937616,0.007873298582322802,0.025353037081537442,0.016016815885602272,0.024705294220065465,0.014517645261053229,0.0068359375,0.007109482313750506,0.015440808887540914,0.0027621358640099515,0.011388577919619728,0.010918300671385692,0.009264485332524549,0.007437278423695223,0.006905339660024878,0.009618025197066508,0.009959022487485907,0.019628663322501738,0.008400708268596315,0.0087890625,0.0068359375,0.005258950006967289,0.003521046167445302,0.0126953125,0.006253051013118016,0.009264485332524549,0.004026470337517247,0.005940197783494355,0.01708286687942959,0.005859375,0.001953125,0.033969779552590014,0.0021836601342771385,0.004979511243742954,0.006905339660024878,0.0021836601342771385,0.003088161777508183,0.007873298582322802,0.006905339660024878,0.006905339660024878,0.005524271728019903,0.003088161777508183,0.001953125,0.0048828125,0.004979511243742954,0.0009765625,0.0048828125,0.005859375,0.011048543456039806,0.005524271728019903,0.0065509804028314154,0.003088161777508183,0.008052940675034493,0.0029296875,0.001953125,0.0027621358640099515,0.007873298582322802,0.007627196949127592,0.0013810679320049757,0.0013810679320049757,0.0009765625,0.0048828125,0.00390625,0.019749754312653012,0.004367320268554277,0.001953125,0.0166015625,1,1,1.0
6.25,3.782792806625366,5.0,0.1198396161198616,14.520821571350098,1.171875,24.688350677490234,3.8337574005126953,2.734375,0.8234519958496094,0.0937194749712944,9210.0,209536.0,860550976.0,22.75092315673828,0.05670836195349693,1.5322222709655762,4.455610752105713,4.1563853301340714e-05,0.0,0.030546052381396294,837,840,856,827,827,813,873,761,729,700,871,1050,1144,1085,1096,1055,1006,968,886,824,795,715,713,712,668,651,682,622,602,511,456,477,454,426,429,427,457,560,665,656,651,655,683,640,681,794,829,926,951,983,984,984,951,986,1034,1002,1003,984,986,1015,1007,1007,969,955,985,966,955,923,841,792,813,811,826,825,828,811,776,779,761,783,989,1143,1191,1145,1096,1064,1072,1024,976,957,1000,1053,1144,1179,1208,1135,1165,1147,1117,1080,1037,955,953,892,828,775,703,671,699,653,666,682,666,651,670,686,653,587,702,1020,1162,1177,1147,1083,1036,1071,1079,1068,1005,984,1004,1002,999,1000,967,989,952,891,826,779,727,712,712,767,822,857,905,970,972,999,989,926,920,856,809,728,621,591,650,713,858,1020,1166,1193,1176,1164,1132,1051,1052,1006,972,908,814,763,766,736,717,710,679,651,664,636,650,620,696,664,686,731,842,959,1130,1195,1166,1158,1102,1068,1063,1022,972,923,843,768,749,663,602,508,456,478,457,396,478,540,585,640,648,698,719,762,875,935,955,960,956,1024,1017,1014,986,969,923,920,923,919,862,798,767,763,743,728,727,775,861,876,889,861,732,668,718,761,809,923,1079,1180,1179,1167,1144,1066,0.001953125,0.25076177883912554,0.16684363824126477,0.32678092696936434,0.1744879725117738,0.04088754182706703,0.30770243114543716,0.4773153393371136,0.32165098820823174,0.245956140221377,0.34098955996464586,0.17198593720899466,0.18036556844711243,0.01953125,0.04688517142249142,0.16096700749669607,0.06561162903219073,0.13324621851495508,0.14877441718747433,0.1652815803211508,0.09462583239654107,0.034402177644157296,0.058601887455771474,0.06528376919280574,0.0683872710937953,0.04979511243742954,0.14193454921112628,0.024705294220065465,0.048010736536257245,0.11966776314094055,0.03360283307438526,0.050043468653589676,0.04574233761183738,0.04999580365691486,0.020531050821902968,0.03274034104343791,0.036773770280786586,0.05527723319564416,0.03521046167445302,0.024724587697601882,0.02209708691207961,0.020692988379313566,0.008052940675034493,0.016716057391234072,0.025781989809461104,0.04005097002814429,0.022798081113142094,0.06963787689846511,0.036604814089826784,0.019773883526676354,0.025633603024231812,0.029378142493147116,0.028920103310470405,0.01179984958358845,0.01792730444402912,0.003521046167445302,0.014680953494504793,0.012506102026236032,0.01019561182510796,0.01878455474772592,0.009212872199274027,0.013282686043686957,0.01516032685181643,0.006176323555016366,0.019749754312653012,0.010381001770248682,0.02132844694125152,0.01760523083722651,0.007873298582322802,0.011048543456039806,0.013601941676937616,0.004979511243742954,0.00834375365753665,0.015254393898255184,0.009264485332524549,0.010517900013934578,0.006905339660024878,0.009003461384075085,0.009765625,0.022032254243512652,0.010381001770248682,0.009959022487485907,0.010517900013934578,0.00390625,0.0009765625,0.016716057391234072,0.010786485368346935,0.013101960805662831,0.005694288959809864,0.006253051013118016,0.019384212149686726,0.005258950006967289,0.00390625,0.028185292362620726,0.008052940675034493,0.006253051013118016,0.007627196949127592,0.00834375365753665,0.0048828125,0.005258950006967289,0.0048828125,0.0048828125,0.011759369705851851,0.005940197783494355,0.005940197783494355,0.005524271728019903,0.003088161777508183,0.0068359375,0.010563138502335907,0.0048828125,0.0041432037960149265,0.012079411012551739,0.012236293052872722,0.008052940675034493,0.011920464468489943,0.01019561182510796,0.007873298582322802,0.004979511243742954,0.011759369705851851,0.013982247132105814,0.005694288959809864,0.004026470337517247,0.007109482313750506,0.003088161777508183,0.007873298582322802,0.01760523083722651,0.007437278423695223,0.003088161777508183,0.01171875,1,1,1.0
6.640625,4.092494010925293,5.0,0.11412879824638367,11.813499450683594,3.90625,33.497493743896484,3.9968960285186768,2.734375,0.8167354464530945,0.09249547123908997,8971.0,238897.0,871425984.0,26.629919052124023,0.06913577020168304,1.9594248533248901,5.089056968688965,1.3932694855611771e-05,0.0,0.043243084102869034,1050,988,1003,967,893,844,861,855,837,840,856,827,827,813,873,761,729,700,871,1050,1144,1085,1096,1055,1006,968,886,824,795,715,713,712,668,651,682,622,602,511,456,477,454,426,429,427,457,560,665,656,651,655,683,640,681,794,829,926,951,983,984,984,951,986,1034,1002,1003,984,986,1015,1007,1007,969,955,985,966,955,923,841,792,813,811,826,825,828,811,776,779,761,783,989,1143,1191,1145,1096,1064,1072,1024,976,957,1000,1053,1144,1179,1208,1135,1165,1147,1117,1080,1037,955,953,892,828,775,703,671,699,653,666,682,666,651,670,686,653,587,702,1020,1162,1177,1147,1083,1036,1071,1079,1068,1005,984,1004,1002,999,1000,967,989,952,891,826,779,727,712,712,767,822,857,905,970,972,999,989,926,920,856,809,728,621,591,650,713,858,1020,1166,1193,1176,1164,1132,1051,1052,1006,972,908,814,763,766,736,717,710,679,651,664,636,650,620,696,664,686,731,842,959,1130,1195,1166,1158,1102,1068,1063,1022,972,923,843,768,749,663,602,508,456,478,457,396,478,540,585,640,648,698,719,762,875,935,955,960,956,1024,1017,1014,986,969,923,920,923,919,862,798,767,763,743,728,727,775,861,876,889,861,732,668,718,761,0.00146484375,0.2505201650334338,0.17268320278877916,0.327650908434345,0.1657080100426203,0.0264394265052361,0.2958984375,0.48964263340447145,0.29902114119791057,0.24445292525559112,0.35434150120342617,0.1989049497023975,0.15235939923629435,0.0439561618551832,0.02847144479904932,0.1306879999560768,0.09166171898638527,0.09522360736913207,0.12530860951917433,0.18171673892508197,0.04961283514015835,0.05066844441825331,0.09395323024066948,0.06448271101257491,0.0375183060787081,0.021683206358568866,0.11753285699388291,0.024705294220065465,0.06939780470484323,0.08245449776488943,0.017953883116064683,0.026565372087373914,0.05633673867912483,0.0333750146301466,0.019236050394133015,0.017953883116064683,0.06457877194283375,0.05852860962410819,0.053932426841734674,0.0065509804028314154,0.04037114571991091,0.011430371006562134,0.020132351687586234,0.00390625,0.03585460888805824,0.03539954875076535,0.029813159223581537,0.0650789339122896,0.03538607603904968,0.01933495104806966,0.025031260972609954,0.029893023173855404,0.025202124805788945,0.016370170521718956,0.014517645261053229,0.011134525635733769,0.004979511243742954,0.009765625,0.005524271728019903,0.025390625,0.01708286687942959,0.015776850020901866,0.016630260122975003,0.013282686043686957,0.030649130520459405,0.023840928936979887,0.028185292362620726,0.0170549308560283,0.006176323555016366,0.005940197783494355,0.02229045353615884,0.004979511243742954,0.014938533731228863,0.012079411012551739,0.013566839833447074,0.007109482313750506,0.01019561182510796,0.010918300671385692,0.009618025197066508,0.020967686087484266,0.009765625,0.0068359375,0.009618025197066508,0.008400708268596315,0.006253051013118016,0.017469281074217108,0.009212872199274027,0.015776850020901866,0.0048828125,0.0029296875,0.009765625,0.0065509804028314154,0.008052940675034493,0.03633022507370757,0.006253051013118016,0.004026470337517247,0.007042092334890604,0.004367320268554277,0.007042092334890604,0.009814331661250869,0.0087890625,0.008843149548962322,0.007437278423695223,0.0048828125,0.004026470337517247,0.0,0.00390625,0.0065509804028314154,0.01171875,0.0065509804028314154,0.0027621358640099515,0.013101960805662831,0.01441877251975918,0.010517900013934578,0.009212872199274027,0.01019561182510796,0.010786485368346935,0.006905339660024878,0.005940197783494355,0.009264485332524549,0.004979511243742954,0.007873298582322802,0.005859375,0.009212872199274027,0.003521046167445302,0.023619895746968406,0.004367320268554277,0.009814331661250869,0.0244140625,1,1,1.0
5.859375,4.409564018249512,5.0,0.09918872267007828,12.956354141235352,3.90625,37.750762939453125,3.9840035438537598,2.734375,0.8362663984298706,0.09132817387580872,8746.0,251396.0,902134336.0,28.744112014770508,0.06454488635063171,1.90947687625885,5.422937393188477,8.038635314733256e-06,0.0,0.04454854130744934,1164,1114,1086,1079,1050,1037,1040,1017,1050,988,1003,967,893,844,861,855,837,840,856,827,827,813,873,761,729,700,871,1050,1144,1085,1096,1055,1006,968,886,824,795,715,713,712,668,651,682,622,602,511,456,477,454,426,429,427,457,560,665,656,651,655,683,640,681,794,829,926,951,983,984,984,951,986,1034,1002,1003,984,986,1015,1007,1007,969,955,985,966,955,923,841,792,813,811,826,825,828,811,776,779,761,783,989,1143,1191,1145,1096,1064,1072,1024,976,957,1000,1053,1144,1179,1208,1135,1165,1147,1117,1080,1037,955,953,892,828,775,703,671,699,653,666,682,666,651,670,686,653,587,702,1020,1162,1177,1147,1083,1036,1071,1079,1068,1005,984,1004,1002,999,1000,967,989,952,891,826,779,727,712,712,767,822,857,905,970,972,999,989,926,920,856,809,728,621,591,650,713,858,1020,1166,1193,1176,1164,1132,1051,1052,1006,972,908,814,763,766,736,717,710,679,651,664,636,650,620,696,664,686,731,842,959,1130,1195,1166,1158,1102,1068,1063,1022,972,923,843,768,749,663,602,508,456,478,457,396,478,540,585,640,648,698,719,762,875,935,955,960,956,1024,1017,1014,986,969,923,920,923,919,862,798,767,763,743,728,727,775,0.0029296875,0.17744707634893608,0.236614463672332,0.392808836902421,0.1838766313035748,0.06146140225609204,0.2367091614446226,0.5192760328251262,0.24254360475493789,0.23656609274228538,0.36514166813057064,0.2564959578465157,0.09821131317792677,0.071128350525899,0.025390625,0.096566181791662,0.12132192464436946,0.12732817197661422,0.10769230874030145,0.19555648822754673,0.07072497288476526,0.046915672458844974,0.07427655027268132,0.06093155269455663,0.048494957101309126,0.01824369305885684,0.12643373320281878,0.02751758360079174,0.07331376710595101,0.07876326191964536,0.019457869965987574,0.03304477405407936,0.05078125,0.04627092867375834,0.014778072217208551,0.0029296875,0.06201748558323214,0.0707990975015307,0.031204190055996988,0.023619895746968406,0.016630260122975003,0.028588439781844624,0.0170549308560283,0.030508787796510367,0.03234471711265468,0.032241355506287456,0.021945512748285382,0.07235794356579181,0.01179984958358845,0.007109482313750506,0.008052940675034493,0.007873298582322802,0.036604814089826784,0.006253051013118016,0.021683206358568866,0.009765625,0.019628663322501738,0.015440808887540914,0.009765625,0.0166015625,0.015254393898255184,0.009618025197066508,0.0185803687406645,0.012352647110032733,0.02995676103550384,0.021417687694786434,0.025202124805788945,0.019749754312653012,0.0009765625,0.009765625,0.015776850020901866,0.004979511243742954,0.006253051013118016,0.016016815885602272,0.0021836601342771385,0.013879560940968648,0.005258950006967289,0.0065509804028314154,0.013601941676937616,0.019918044974971814,0.004367320268554277,0.01188039556698871,0.0041432037960149265,0.013810679320049757,0.011759369705851851,0.007873298582322802,0.006176323555016366,0.007873298582322802,0.005694288959809864,0.007109482313750506,0.01878455474772592,0.0009765625,0.006176323555016366,0.032122820709762745,0.008400708268596315,0.0029296875,0.005694288959809864,0.004979511243742954,0.006176323555016366,0.009959022487485907,0.008734640537108554,0.007873298582322802,0.012079411012551739,0.006905339660024878,0.0078125,0.007873298582322802,0.0068359375,0.010054326309557618,0.006905339660024878,0.00390625,0.012732817197661424,0.009765625,0.009003461384075085,0.0048828125,0.010054326309557618,0.0041432037960149265,0.003521046167445302,0.003088161777508183,0.012352647110032733,0.012732817197661424,0.004026470337517247,0.004367320268554277,0.004979511243742954,0.005258950006967289,0.0021836601342771385,0.020531050821902968,0.003088161777508183,0.009003461384075085,0.0244140625,1,1,1.0
6.25,4.181375980377197,3.0,0.10335557907819748,13.584770202636719,1.171875,42.72029495239258,3.8831143379211426,2.734375,0.8351662755012512,0.09319906681776047,9108.0,282746.0,1088838272.0,31.043697357177734,0.061478130519390106,1.747567892074585,5.871140003204346,3.0878018151270226e-05,0.0,0.03758529946208,876,841,844,856,861,950,1096,1150,1164,1114,1086,1079,1050,1037,1040,1017,1050,988,1003,967,893,844,861,855,837,840,856,827,827,813,873,761,729,700,871,1050,1144,1085,1096,1055,1006,968,886,824,795,715,713,712,668,651,682,622,602,511,456,477,454,426,429,427,457,560,665,656,651,655,683,640,681,794,829,926,951,983,984,984,951,986,1034,1002,1003,984,986,1015,1007,1007,969,955,985,966,955,923,841,792,813,811,826,825,828,811,776,779,761,783,989,1143,1191,1145,1096,1064,1072,1024,976,957,1000,1053,1144,1179,1208,1135,1165,1147,1117,1080,1037,955,953,892,828,775,703,671,699,653,666,682,666,651,670,686,653,587,702,1020,1162,1177,1147,1083,1036,1071,1079,1068,1005,984,1004,1002,999,1000,967,989,952,891,826,779,727,712,712,767,822,857,905,970,972,999,989,926,920,856,809,728,621,591,650,713,858,1020,1166,1193,1176,1164,1132,1051,1052,1006,972,908,814,763,766,736,717,710,679,651,664,636,650,620,696,664,686,731,842,959,1130,1195,1166,1158,1102,1068,1063,1022,972,923,843,768,749,663,602,508,456,478,457,396,478,540,585,640,648,698,719,762,875,935,955,960,956,1024,1017,1014,986,969,923,920,923,919,0.0029296875,0.1624795754141357,0.2520685449050841,0.4045774803694223,0.18390774761099016,0.07033962150534807,0.23409203295930328,0.5346302872709165,0.228707518254757,0.22236480377305948,0.35124225865857617,0.25725332944919355,0.10346494189656782,0.06153118750790377,0.01878455474772592,0.11121670685553076,0.10747512884529378,0.12558608937588017,0.12142407064351213,0.18170624234819446,0.06545883212839411,0.04200354134298158,0.08832898495125782,0.065865502847333,0.03889122607761695,0.022714264354712906,0.1137517170200081,0.025202124805788945,0.06463781540380044,0.0773891123287459,0.009212872199274027,0.03936649291161401,0.042879879687695605,0.04627092867375834,0.005694288959809864,0.010517900013934578,0.055526831936833984,0.06314516859502817,0.03527810911755555,0.02161713244255728,0.021417687694786434,0.024724587697601882,0.01589728573837862,0.027203883353875233,0.03371616504225013,0.029556144434417102,0.023047702580480365,0.07001347003490203,0.0146484375,0.0041432037960149265,0.01019561182510796,0.012506102026236032,0.03356023491687418,0.004367320268554277,0.017953883116064683,0.007109482313750506,0.013810679320049757,0.01019561182510796,0.007437278423695223,0.023294649300540163,0.010517900013934578,0.015776850020901866,0.011430371006562134,0.005694288959809864,0.02286074201312427,0.014218964627501012,0.022269051271467537,0.0166875073150733,0.007109482313750506,0.00834375365753665,0.013101960805662831,0.005859375,0.01242961138804478,0.010381001770248682,0.005524271728019903,0.00834375365753665,0.005694288959809864,0.007109482313750506,0.012236293052872722,0.018961413905222265,0.0021836601342771385,0.008843149548962322,0.0,0.011134525635733769,0.009212872199274027,0.008734640537108554,0.0041432037960149265,0.009264485332524549,0.001953125,0.003521046167445302,0.014874556847390447,0.004026470337517247,0.003088161777508183,0.0342911130196864,0.0027621358640099515,0.003088161777508183,0.005940197783494355,0.0029296875,0.003521046167445302,0.005258950006967289,0.0041432037960149265,0.0029296875,0.009264485332524549,0.0021836601342771385,0.003521046167445302,0.005694288959809864,0.0021836601342771385,0.004026470337517247,0.006905339660024878,0.001953125,0.007437278423695223,0.01019561182510796,0.011759369705851851,0.007042092334890604,0.007042092334890604,0.00390625,0.00390625,0.001953125,0.0087890625,0.0087890625,0.0009765625,0.001953125,0.0013810679320049757,0.004026470337517247,0.001953125,0.020762003540497363,0.0009765625,0.005524271728019903,0.0205078125,1,1,1.0
5.46875,3.8258392810821533,3.0,0.10122454166412354,16.195579528808594,1.171875,46.96440887451172,3.7025344371795654,2.734375,0.8465076088905334,0.09289158135652542,9048.0,299714.0,1159741952.0,33.1248893737793,0.05226781964302063,1.7462390661239624,6.185155391693115,3.108198870904744e-05,0.0,0.026704750955104828,1024,968,892,874,824,879,907,877,876,841,844,856,861,950,1096,1150,1164,1114,1086,1079,1050,1037,1040,1017,1050,988,1003,967,893,844,861,855,837,840,856,827,827,813,873,761,729,700,871,1050,1144,1085,1096,1055,1006,968,886,824,795,715,713,712,668,651,682,622,602,511,456,477,454,426,429,427,457,560,665,656,651,655,683,640,681,794,829,926,951,983,984,984,951,986,1034,1002,1003,984,986,1015,1007,1007,969,955,985,966,955,923,841,792,813,811,826,825,828,811,776,779,761,783,989,1143,1191,1145,1096,1064,1072,1024,976,957,1000,1053,1144,1179,1208,1135,1165,1147,1117,1080,1037,955,953,892,828,775,703,671,699,653,666,682,666,651,670,686,653,587,702,1020,1162,1177,1147,1083,1036,1071,1079,1068,1005,984,1004,1002,999,1000,967,989,952,891,826,779,727,712,712,767,822,857,905,970,972,999,989,926,920,856,809,728,621,591,650,713,858,1020,1166,1193,1176,1164,1132,1051,1052,1006,972,908,814,763,766,736,717,710,679,651,664,636,650,620,696,664,686,731,842,959,1130,1195,1166,1158,1102,1068,1063,1022,972,923,843,768,749,663,602,508,456,478,457,396,478,540,585,640,648,698,719,762,875,935,955,960,956,1024,0.0029296875,0.16947228597293018,0.2433679178125378,0.40221691910237567,0.19024931361391664,0.07293555605405407,0.22723709173859888,0.5317748226224119,0.22475793320823864,0.2252982811535025,0.35365722518048925,0.26587799589964806,0.10008693730717935,0.061670521108777125,0.025031260972609954,0.12123935928059638,0.09699974642061732,0.12259652208183762,0.12900239075803618,0.17783093187640683,0.05414420420167622,0.052480581416189075,0.08914576870840972,0.05476591755003888,0.034637007521422264,0.027759121881937295,0.12094008016667863,0.022482157096135425,0.06991123566052906,0.07851465329000695,0.019457869965987574,0.03873150784189832,0.04509139211177811,0.0534617800514492,0.009959022487485907,0.0146484375,0.049957638915736964,0.059249262937959034,0.038397662600268556,0.023478154844084585,0.027151247606362977,0.023619895746968406,0.014680953494504793,0.022269051271467537,0.030508787796510367,0.03192926313334339,0.019186408891004394,0.07277848001518246,0.013566839833447074,0.0048828125,0.009959022487485907,0.011134525635733769,0.03496584724603156,0.0041432037960149265,0.017578125,0.007873298582322802,0.014778072217208551,0.009765625,0.008400708268596315,0.021836601342771385,0.012236293052872722,0.013879560940968648,0.013879560940968648,0.007873298582322802,0.024020261477048523,0.014938533731228863,0.020600608505594715,0.01800692276815017,0.009264485332524549,0.010517900013934578,0.01284467425582608,0.007437278423695223,0.014517645261053229,0.00834375365753665,0.007042092334890604,0.00834375365753665,0.00390625,0.005524271728019903,0.01188039556698871,0.0185546875,0.0021836601342771385,0.01019561182510796,0.0009765625,0.009959022487485907,0.008052940675034493,0.010517900013934578,0.003088161777508183,0.007873298582322802,0.003521046167445302,0.006253051013118016,0.016572815184059706,0.003088161777508183,0.004026470337517247,0.033260520245950005,0.0048828125,0.004026470337517247,0.007873298582322802,0.0009765625,0.0,0.007042092334890604,0.0041432037960149265,0.0013810679320049757,0.009264485332524549,0.0027621358640099515,0.0021836601342771385,0.004979511243742954,0.0013810679320049757,0.0048828125,0.009212872199274027,0.0013810679320049757,0.010054326309557618,0.010786485368346935,0.010054326309557618,0.004367320268554277,0.008843149548962322,0.005258950006967289,0.005258950006967289,0.0021836601342771385,0.0065509804028314154,0.0065509804028314154,0.0029296875,0.0027621358640099515,0.001953125,0.004026470337517247,0.003521046167445302,0.019749754312653012,0.0009765625,0.006253051013118016,0.0224609375,1,1,1.0
5.859375,3.8704147338867188,3.0,0.10000137984752655,15.244528770446777,1.171875,46.37129592895508,3.7359540462493896,2.734375,0.8445954322814941,0.09288130700588226,9046.0,296521.0,1143139456.0,32.779239654541016,0.05540318414568901,1.7479735612869263,6.142175674438477,3.108851160504855e-05,0.0,0.028488965705037117,791,750,782,828,887,1000,1037,1040,1024,968,892,874,824,879,907,877,876,841,844,856,861,950,1096,1150,1164,1114,1086,1079,1050,1037,1040,1017,1050,988,1003,967,893,844,861,855,837,840,856,827,827,813,873,761,729,700,871,1050,1144,1085,1096,1055,1006,968,886,824,795,715,713,712,668,651,682,622,602,511,456,477,454,426,429,427,457,560,665,656,651,655,683,640,681,794,829,926,951,983,984,984,951,986,1034,1002,1003,984,986,1015,1007,1007,969,955,985,966,955,923,841,792,813,811,826,825,828,811,776,779,761,783,989,1143,1191,1145,1096,1064,1072,1024,976,957,1000,1053,1144,1179,1208,1135,1165,1147,1117,1080,1037,955,953,892,828,775,703,671,699,653,666,682,666,651,670,686,653,587,702,1020,1162,1177,1147,1083,1036,1071,1079,1068,1005,984,1004,1002,999,1000,967,989,952,891,826,779,727,712,712,767,822,857,905,970,972,999,989,926,920,856,809,728,621,591,650,713,858,1020,1166,1193,1176,1164,1132,1051,1052,1006,972,908,814,763,766,736,717,710,679,651,664,636,650,620,696,664,686,731,842,959,1130,1195,1166,1158,1102,1068,1063,1022,972,923,843,768,749,663,602,508,456,478,457,396,478,540,585,640,648,698,0.0009765625,0.16854970842877712,0.2449225758811742,0.3972305267343245,0.18769571897718734,0.07016314432299241,0.22389066398343926,0.5280711490781991,0.21937906549495875,0.22436722680868593,0.3479030461795579,0.2666301781803851,0.10859181793470114,0.05168405711874704,0.015440808887540914,0.11787315689215529,0.10464267055545057,0.12246031449203566,0.11945239688708767,0.18098050833438573,0.06870032162875608,0.03891573993197515,0.09967637146445647,0.06603902368240903,0.021506558149946522,0.04145504936873266,0.11179828080440375,0.009959022487485907,0.06828260197817711,0.09184361343399595,0.03452669830012439,0.04145504936873266,0.05078125,0.06950765487997752,0.02229045353615884,0.029893023173855404,0.03401186477982031,0.043552935783159684,0.05258950006967289,0.01171875,0.03144773864864183,0.01680141653719263,0.010918300671385692,0.03521046167445302,0.037186392118476116,0.026057937625246747,0.030524413297046454,0.06250762892892679,0.020132351687586234,0.006253051013118016,0.009264485332524549,0.012079411012551739,0.032241355506287456,0.006905339660024878,0.022032254243512652,0.007437278423695223,0.015625,0.010786485368346935,0.007437278423695223,0.022798081113142094,0.011134525635733769,0.013706707859002147,0.01516032685181643,0.009264485332524549,0.024954945974962183,0.01589728573837862,0.01760523083722651,0.019186408891004394,0.012352647110032733,0.008843149548962322,0.016716057391234072,0.004979511243742954,0.0126953125,0.013706707859002147,0.003521046167445302,0.01242961138804478,0.007873298582322802,0.010517900013934578,0.016164985700436375,0.015625,0.004026470337517247,0.004979511243742954,0.0041432037960149265,0.01441877251975918,0.012236293052872722,0.005940197783494355,0.005258950006967289,0.008843149548962322,0.0021836601342771385,0.003088161777508183,0.014517645261053229,0.004367320268554277,0.0021836601342771385,0.031387028671851946,0.006176323555016366,0.004367320268554277,0.009212872199274027,0.0021836601342771385,0.0021836601342771385,0.007627196949127592,0.0041432037960149265,0.001953125,0.007042092334890604,0.0027621358640099515,0.0021836601342771385,0.001953125,0.0029296875,0.006905339660024878,0.0048828125,0.0029296875,0.008843149548962322,0.008843149548962322,0.012506102026236032,0.0078125,0.004979511243742954,0.0021836601342771385,0.001953125,0.0013810679320049757,0.009765625,0.009765625,0.0021836601342771385,0.004026470337517247,0.001953125,0.006253051013118016,0.0048828125,0.0192608231673008,0.0009765625,0.007627196949127592,0.0234375,1,1,1.0
5.859375,3.954737663269043,3.0,0.10281163454055786,14.364526748657227,1.171875,46.74177551269531,3.7995822429656982,2.734375,0.8387948870658875,0.09244906157255173,8962.0,292405.0,1103598720.0,32.62720489501953,0.05839349329471588,1.767256736755371,6.159335136413574,3.4866470741690136e-06,0.0,0.031295906752347946,942,937,972,938,902,877,812,828,791,750,782,828,887,1000,1037,1040,1024,968,892,874,824,879,907,877,876,841,844,856,861,950,1096,1150,1164,1114,1086,1079,1050,1037,1040,1017,1050,988,1003,967,893,844,861,855,837,840,856,827,827,813,873,761,729,700,871,1050,1144,1085,1096,1055,1006,968,886,824,795,715,713,712,668,651,682,622,602,511,456,477,454,426,429,427,457,560,665,656,651,655,683,640,681,794,829,926,951,983,984,984,951,986,1034,1002,1003,984,986,1015,1007,1007,969,955,985,966,955,923,841,792,813,811,826,825,828,811,776,779,761,783,989,1143,1191,1145,1096,1064,1072,1024,976,957,1000,1053,1144,1179,1208,1135,1165,1147,1117,1080,1037,955,953,892,828,775,703,671,699,653,666,682,666,651,670,686,653,587,702,1020,1162,1177,1147,1083,1036,1071,1079,1068,1005,984,1004,1002,999,1000,967,989,952,891,826,779,727,712,712,767,822,857,905,970,972,999,989,926,920,856,809,728,621,591,650,713,858,1020,1166,1193,1176,1164,1132,1051,1052,1006,972,908,814,763,766,736,717,710,679,651,664,636,650,620,696,664,686,731,842,959,1130,1195,1166,1158,1102,1068,1063,1022,972,923,843,768,749,663,602,508,456,478,0.00390625,0.122074218687502,0.3028304409070221,0.3024144605014948,0.17079796153511545,0.10314645255086635,0.17798638555345409,0.5216973830534932,0.14380691065199033,0.1741597302286059,0.2579031120358068,0.20742012784692607,0.18623689541382207,0.08152981040914767,0.07077215207809937,0.0439453125,0.16448049430802578,0.19044971849776757,0.18386625803089907,0.12553672004084415,0.04817928274821879,0.09311716750828294,0.08808572096702875,0.03014716609459596,0.05861002378173304,0.009618025197066508,0.12065981980037022,0.029813159223581537,0.05255321893388168,0.09672406651886237,0.02995676103550384,0.02489755621871477,0.06451967444983957,0.07667725973614688,0.032359456105040804,0.03891573993197515,0.027500249688142037,0.03847210078826603,0.055928988528423255,0.007873298582322802,0.019457869965987574,0.0300838316420886,0.021836601342771385,0.024119314521930602,0.0325211441510678,0.03618556115947052,0.013982247132105814,0.07754299816838015,0.004026470337517247,0.011134525635733769,0.023047702580480365,0.027759121881937295,0.017387200990981306,0.020762003540497363,0.024433585943743757,0.019186408891004394,0.027238917345666705,0.022032254243512652,0.005258950006967289,0.03179457147675724,0.005258950006967289,0.01441877251975918,0.0208765218031562,0.015776850020901866,0.032033631771204545,0.020132351687586234,0.01188039556698871,0.0208765218031562,0.02003738723504218,0.0065509804028314154,0.02638526579317636,0.0065509804028314154,0.001953125,0.020320949264340638,0.011759369705851851,0.006905339660024878,0.0146484375,0.009264485332524549,0.0048828125,0.027930370402490412,0.012352647110032733,0.020600608505594715,0.012236293052872722,0.0065509804028314154,0.013810679320049757,0.013601941676937616,0.010054326309557618,0.006905339660024878,0.014084184669781208,0.010517900013934578,0.011759369705851851,0.011388577919619728,0.0065509804028314154,0.03179457147675724,0.008843149548962322,0.005940197783494355,0.011430371006562134,0.007109482313750506,0.008052940675034493,0.011920464468489943,0.007627196949127592,0.00834375365753665,0.0,0.007873298582322802,0.008052940675034493,0.011759369705851851,0.008734640537108554,0.003521046167445302,0.012352647110032733,0.008734640537108554,0.011134525635733769,0.016572815184059706,0.010786485368346935,0.0027621358640099515,0.01528562093993997,0.012352647110032733,0.01179984958358845,0.009264485332524549,0.01179984958358845,0.013982247132105814,0.007109482313750506,0.0078125,0.006176323555016366,0.010918300671385692,0.0087890625,0.018961413905222265,0.006176323555016366,0.010054326309557618,0.02734375,1,1,1.0
7.03125,4.9432501792907715,4.0,0.15540418028831482,9.63917064666748,0.78125,65.96707916259766,4.353091716766357,2.734375,0.7652103304862976,0.08673832565546036,7889.0,285389.0,847918912.0,36.175559997558594,0.07938549667596817,2.967824697494507,7.312177658081055,6.337530794553459e-05,0.0,0.061920490115880966,840,809,879,875,887,956,983,992,942,937,972,938,902,877,812,828,791,750,782,828,887,1000,1037,1040,1024,968,892,874,824,879,907,877,876,841,844,856,861,950,1096,1150,1164,1114,1086,1079,1050,1037,1040,1017,1050,988,1003,967,893,844,861,855,837,840,856,827,827,813,873,761,729,700,871,1050,1144,1085,1096,1055,1006,968,886,824,795,715,713,712,668,651,682,622,602,511,456,477,454,426,429,427,457,560,665,656,651,655,683,640,681,794,829,926,951,983,984,984,951,986,1034,1002,1003,984,986,1015,1007,1007,969,955,985,966,955,923,841,792,813,811,826,825,828,811,776,779,761,783,989,1143,1191,1145,1096,1064,1072,1024,976,957,1000,1053,1144,1179,1208,1135,1165,1147,1117,1080,1037,955,953,892,828,775,703,671,699,653,666,682,666,651,670,686,653,587,702,1020,1162,1177,1147,1083,1036,1071,1079,1068,1005,984,1004,1002,999,1000,967,989,952,891,826,779,727,712,712,767,822,857,905,970,972,999,989,926,920,856,809,728,621,591,650,713,858,1020,1166,1193,1176,1164,1132,1051,1052,1006,972,908,814,763,766,736,717,710,679,651,664,636,650,620,696,664,686,731,842,959,1130,1195,1166,1158,1102,1068,1063,1022,972,923,0.0009765625,0.12592734624855367,0.316924248052916,0.27596833796573533,0.18579342172596053,0.1301798471443989,0.15896385866547277,0.5400531898016541,0.11336961128189084,0.1449956906434663,0.23365775669903407,0.17541737511764352,0.18740333608550452,0.10834123631530206,0.08516274523680839,0.06917068776158118,0.1436576214721351,0.17321256881110164,0.17532764824956346,0.1608692209529219,0.028185292362620726,0.06945275151052557,0.07724726660376992,0.06097066905776549,0.032638232357555474,0.036773770280786586,0.11311696735336682,0.014084184669781208,0.0755559028667371,0.0807718143818446,0.028985980624327792,0.04421574774481161,0.04216217411117754,0.05731847887042652,0.014517645261053229,0.020531050821902968,0.04145504936873266,0.04979511243742954,0.04941058844013093,0.014938533731228863,0.029523860269201122,0.019652941208494246,0.011759369705851851,0.024954945974962183,0.028920103310470405,0.035907766232129365,0.023619895746968406,0.06833146751771836,0.013671875,0.010918300671385692,0.0192608231673008,0.02209708691207961,0.027500249688142037,0.015440808887540914,0.028168369339562415,0.0048828125,0.011134525635733769,0.006176323555016366,0.013601941676937616,0.017469281074217108,0.017578125,0.014906579611790769,0.013566839833447074,0.007873298582322802,0.01792730444402912,0.010563138502335907,0.022798081113142094,0.01528562093993997,0.009003461384075085,0.006905339660024878,0.0166015625,0.0013810679320049757,0.007627196949127592,0.014778072217208551,0.005940197783494355,0.005258950006967289,0.009003461384075085,0.0041432037960149265,0.00834375365753665,0.022269051271467537,0.009959022487485907,0.0170549308560283,0.009959022487485907,0.012506102026236032,0.0166015625,0.003521046167445302,0.007437278423695223,0.009765625,0.001953125,0.003521046167445302,0.01680141653719263,0.0048828125,0.008052940675034493,0.03633022507370757,0.007627196949127592,0.009212872199274027,0.009959022487485907,0.006253051013118016,0.005524271728019903,0.008052940675034493,0.007109482313750506,0.004367320268554277,0.010517900013934578,0.006253051013118016,0.003521046167445302,0.0041432037960149265,0.005258950006967289,0.005859375,0.005940197783494355,0.004367320268554277,0.0068359375,0.01242961138804478,0.009618025197066508,0.0021836601342771385,0.00966747552403483,0.007042092334890604,0.005524271728019903,0.003521046167445302,0.0107421875,0.009618025197066508,0.003521046167445302,0.0048828125,0.004367320268554277,0.0021836601342771385,0.0048828125,0.02298555135925746,0.006176323555016366,0.006905339660024878,0.0146484375,1,1,1.0
6.640625,4.359899520874023,3.0,0.16063107550144196,11.518468856811523,0.78125,75.86400604248047,4.06635046005249,2.734375,0.7723184823989868,0.08505629748106003,7586.0,305825.0,909878208.0,40.314395904541016,0.06705044209957123,2.9037694931030273,7.980483531951904,4.119273398828227e-06,0.0,0.04559598118066788,777,697,671,637,667,702,781,860,840,809,879,875,887,956,983,992,942,937,972,938,902,877,812,828,791,750,782,828,887,1000,1037,1040,1024,968,892,874,824,879,907,877,876,841,844,856,861,950,1096,1150,1164,1114,1086,1079,1050,1037,1040,1017,1050,988,1003,967,893,844,861,855,837,840,856,827,827,813,873,761,729,700,871,1050,1144,1085,1096,1055,1006,968,886,824,795,715,713,712,668,651,682,622,602,511,456,477,454,426,429,427,457,560,665,656,651,655,683,640,681,794,829,926,951,983,984,984,951,986,1034,1002,1003,984,986,1015,1007,1007,969,955,985,966,955,923,841,792,813,811,826,825,828,811,776,779,761,783,989,1143,1191,1145,1096,1064,1072,1024,976,957,1000,1053,1144,1179,1208,1135,1165,1147,1117,1080,1037,955,953,892,828,775,703,671,699,653,666,682,666,651,670,686,653,587,702,1020,1162,1177,1147,1083,1036,1071,1079,1068,1005,984,1004,1002,999,1000,967,989,952,891,826,779,727,712,712,767,822,857,905,970,972,999,989,926,920,856,809,728,621,591,650,713,858,1020,1166,1193,1176,1164,1132,1051,1052,1006,972,908,814,763,766,736,717,710,679,651,664,636,650,620,696,664,686,731,842,959,1130,1195,0.0,0.11357132177356452,0.3281395318582692,0.3581269194599793,0.09736773787756667,0.13479746566789852,0.23162654428641466,0.5106973719582838,0.09698991420261825,0.1256733876125089,0.1633780598547263,0.09546366726445263,0.20119320654501055,0.16425130969589377,0.1085347186675766,0.13566839833447075,0.0793182795157083,0.11382714642252661,0.11932059281460558,0.16911175417572435,0.07632821495964505,0.06853353929501074,0.11070101610111947,0.023940723969006372,0.05482683143600859,0.010054326309557618,0.11216448449500961,0.017686299097924643,0.055492471270216295,0.09736773787756667,0.0388789633542859,0.04820896502811517,0.03917220921900699,0.0591848440410225,0.013101960805662831,0.021945512748285382,0.038098455474865546,0.04531292093015696,0.0492656181860525,0.014218964627501012,0.02003738723504218,0.027759121881937295,0.01878455474772592,0.017820593350483065,0.016858082521125067,0.04518646602054404,0.03965613379735733,0.051905008851243405,0.028854075591199527,0.013706707859002147,0.004367320268554277,0.00834375365753665,0.03360283307438526,0.009765625,0.0166015625,0.014517645261053229,0.022651198251451565,0.01516032685181643,0.007873298582322802,0.02568934851165216,0.012236293052872722,0.009618025197066508,0.0170549308560283,0.009264485332524549,0.01708286687942959,0.011759369705851851,0.021683206358568866,0.0185546875,0.013566839833447074,0.006253051013118016,0.023457836229422487,0.0065509804028314154,0.006176323555016366,0.016253239235442616,0.016858082521125067,0.0048828125,0.007873298582322802,0.006905339660024878,0.020108652619115236,0.010563138502335907,0.0068359375,0.0048828125,0.0013810679320049757,0.009264485332524549,0.0048828125,0.014084184669781208,0.005859375,0.004367320268554277,0.00966747552403483,0.005258950006967289,0.009765625,0.007873298582322802,0.006176323555016366,0.03149319432929121,0.010381001770248682,0.011388577919619728,0.012352647110032733,0.009003461384075085,0.007627196949127592,0.012079411012551739,0.009765625,0.0065509804028314154,0.0065509804028314154,0.005524271728019903,0.004979511243742954,0.009959022487485907,0.0048828125,0.0041432037960149265,0.01179984958358845,0.005258950006967289,0.0146484375,0.004979511243742954,0.013982247132105814,0.010918300671385692,0.005524271728019903,0.004979511243742954,0.0068359375,0.006176323555016366,0.004979511243742954,0.007873298582322802,0.003521046167445302,0.00390625,0.0009765625,0.0048828125,0.0048828125,0.020132351687586234,0.005258950006967289,0.007627196949127592,0.0146484375,1,1,1.0
6.640625,4.4346723556518555,3.0,0.16182242333889008,11.119051933288574,1.171875,58.498165130615234,3.912275552749634,2.734375,0.7690156102180481,0.08387074619531631,7376.0,273481.0,849813440.0,37.07714080810547,0.06916197389364243,2.0335428714752197,7.010836124420166,0.0,0.0,0.04849665239453316,824,780,747,777,794,780,781,830,777,697,671,637,667,702,781,860,840,809,879,875,887,956,983,992,942,937,972,938,902,877,812,828,791,750,782,828,887,1000,1037,1040,1024,968,892,874,824,879,907,877,876,841,844,856,861,950,1096,1150,1164,1114,1086,1079,1050,1037,1040,1017,1050,988,1003,967,893,844,861,855,837,840,856,827,827,813,873,761,729,700,871,1050,1144,1085,1096,1055,1006,968,886,824,795,715,713,712,668,651,682,622,602,511,456,477,454,426,429,427,457,560,665,656,651,655,683,640,681,794,829,926,951,983,984,984,951,986,1034,1002,1003,984,986,1015,1007,1007,969,955,985,966,955,923,841,792,813,811,826,825,828,811,776,779,761,783,989,1143,1191,1145,1096,1064,1072,1024,976,957,1000,1053,1144,1179,1208,1135,1165,1147,1117,1080,1037,955,953,892,828,775,703,671,699,653,666,682,666,651,670,686,653,587,702,1020,1162,1177,1147,1083,1036,1071,1079,1068,1005,984,1004,1002,999,1000,967,989,952,891,826,779,727,712,712,767,822,857,905,970,972,999,989,926,920,856,809,728,621,591,650,713,858,1020,1166,1193,1176,1164,1132,1051,1052,1006,972,908,814,763,766,736,717,710,679,651,664,636,650,620,0.001953125,0.11463695774085304,0.3141937133587497,0.35463743150534327,0.0986328125,0.11589867448155751,0.24436903377967134,0.48982762944466784,0.11715901346475718,0.14227681132229195,0.14072330006141762,0.07229201376297557,0.20986098638374173,0.17984930299990262,0.11370140295178034,0.1519927848308103,0.07271948902785728,0.11565567846808933,0.12429611388044781,0.14360782392434318,0.06844999573779319,0.0866888321139537,0.0866888321139537,0.04462367054217134,0.04458090707231768,0.028985980624327792,0.11533777802416163,0.018961413905222265,0.07250277809871322,0.08121924184934276,0.021945512748285382,0.03126525506559008,0.055672628178668845,0.07399354195122897,0.01953125,0.024472586105745445,0.04632242666262274,0.05667428956463636,0.04543902392239001,0.015776850020901866,0.025012204052472065,0.025947910655442233,0.019555648822754675,0.015254393898255184,0.013282686043686957,0.04835710313726542,0.043596707588964285,0.047037478823407405,0.031158312760827766,0.014218964627501012,0.005694288959809864,0.017304731588544287,0.02378085090212094,0.019773883526676354,0.027964494264211628,0.012732817197661424,0.013879560940968648,0.0029296875,0.01792730444402912,0.011134525635733769,0.02161713244255728,0.02315091717017519,0.007627196949127592,0.009959022487485907,0.030649130520459405,0.01800692276815017,0.017469281074217108,0.01188039556698871,0.012732817197661424,0.0048828125,0.0146484375,0.0041432037960149265,0.009003461384075085,0.013706707859002147,0.010381001770248682,0.0009765625,0.008286407592029853,0.004026470337517247,0.019918044974971814,0.011134525635733769,0.007873298582322802,0.004979511243742954,0.003088161777508183,0.006905339660024878,0.007042092334890604,0.013601941676937616,0.008400708268596315,0.01019561182510796,0.006905339660024878,0.0021836601342771385,0.015655487833868553,0.005859375,0.009212872199274027,0.0390625,0.0021836601342771385,0.003088161777508183,0.0065509804028314154,0.0013810679320049757,0.00390625,0.003088161777508183,0.003521046167445302,0.004026470337517247,0.012506102026236032,0.005694288959809864,0.003521046167445302,0.004367320268554277,0.0048828125,0.0013810679320049757,0.009814331661250869,0.0048828125,0.01441877251975918,0.004367320268554277,0.011430371006562134,0.010381001770248682,0.004367320268554277,0.003088161777508183,0.006253051013118016,0.004026470337517247,0.005694288959809864,0.007042092334890604,0.0009765625,0.0013810679320049757,0.0021836601342771385,0.0021836601342771385,0.0013810679320049757,0.0235996991671769,0.0029296875,0.004367320268554277,0.01953125,1,1,1.0
6.640625,4.498426914215088,4.0,0.16839775443077087,10.105807304382324,1.171875,54.440696716308594,3.990351676940918,2.734375,0.7567223310470581,0.08276043087244034,7182.0,251586.0,748936448.0,35.03007507324219,0.07487994432449341,1.9077322483062744,6.73292875289917,1.7403315723640844e-05,0.0,0.039773255586624146,999,988,1002,976,956,879,887,876,824,780,747,777,794,780,781,830,777,697,671,637,667,702,781,860,840,809,879,875,887,956,983,992,942,937,972,938,902,877,812,828,791,750,782,828,887,1000,1037,1040,1024,968,892,874,824,879,907,877,876,841,844,856,861,950,1096,1150,1164,1114,1086,1079,1050,1037,1040,1017,1050,988,1003,967,893,844,861,855,837,840,856,827,827,813,873,761,729,700,871,1050,1144,1085,1096,1055,1006,968,886,824,795,715,713,712,668,651,682,622,602,511,456,477,454,426,429,427,457,560,665,656,651,655,683,640,681,794,829,926,951,983,984,984,951,986,1034,1002,1003,984,986,1015,1007,1007,969,955,985,966,955,923,841,792,813,811,826,825,828,811,776,779,761,783,989,1143,1191,1145,1096,1064,1072,1024,976,957,1000,1053,1144,1179,1208,1135,1165,1147,1117,1080,1037,955,953,892,828,775,703,671,699,653,666,682,666,651,670,686,653,587,702,1020,1162,1177,1147,1083,1036,1071,1079,1068,1005,984,1004,1002,999,1000,967,989,952,891,826,779,727,712,712,767,822,857,905,970,972,999,989,926,920,856,809,728,621,591,650,713,858,1020,1166,1193,1176,1164,1132,1051,1052,1006,972,908,814,763,766,736,0.0009765625,0.14854347060268724,0.25925849228195497,0.367802530962236,0.10486116949645403,0.0858708903788305,0.30906313195082,0.4545633572607455,0.15050472538522253,0.14403552019936458,0.1467120626304772,0.07595873626027366,0.1633926522628131,0.14530121133907165,0.06419366574040936,0.10913932477303523,0.11476167613611397,0.14740595518838442,0.1457043031537488,0.17273013920207883,0.06900504229269341,0.05960232234244972,0.1137894379714025,0.019628663322501738,0.05940197783494355,0.007873298582322802,0.10300304252797357,0.004367320268554277,0.07170921777611648,0.08015549806238438,0.021945512748285382,0.032122820709762745,0.05482683143600859,0.07144941298375135,0.017953883116064683,0.023212625632821705,0.04314594147338774,0.049071658306254345,0.04958399326088322,0.0146484375,0.01760523083722651,0.030162978928672854,0.019918044974971814,0.02638526579317636,0.025559086578715626,0.03452669830012439,0.034637007521422264,0.06046018239126604,0.01886055460530075,0.008734640537108554,0.010786485368346935,0.010563138502335907,0.03477440198196261,0.009618025197066508,0.017686299097924643,0.0166015625,0.022714264354712906,0.011759369705851851,0.01824369305885684,0.012732817197661424,0.0244140625,0.025202124805788945,0.005258950006967289,0.009959022487485907,0.03149319432929121,0.01760523083722651,0.019555648822754675,0.009765625,0.01019561182510796,0.004367320268554277,0.017953883116064683,0.003521046167445302,0.006905339660024878,0.013982247132105814,0.01589728573837862,0.007109482313750506,0.0013810679320049757,0.007042092334890604,0.012236293052872722,0.019186408891004394,0.0065509804028314154,0.011134525635733769,0.0048828125,0.012352647110032733,0.007109482313750506,0.0126953125,0.005694288959809864,0.006253051013118016,0.011388577919619728,0.004367320268554277,0.013566839833447074,0.008286407592029853,0.010918300671385692,0.03989589495276464,0.003088161777508183,0.0027621358640099515,0.007873298582322802,0.003521046167445302,0.0048828125,0.0048828125,0.007109482313750506,0.004979511243742954,0.008843149548962322,0.0041432037960149265,0.003088161777508183,0.007109482313750506,0.001953125,0.008734640537108554,0.005859375,0.004367320268554277,0.005258950006967289,0.012732817197661424,0.004367320268554277,0.009264485332524549,0.005258950006967289,0.005940197783494355,0.008734640537108554,0.009765625,0.001953125,0.009618025197066508,0.006905339660024878,0.006176323555016366,0.004026470337517247,0.004026470337517247,0.0048828125,0.025465634395322848,0.006253051013118016,0.003088161777508183,0.021484375,1,1,1.0
7.03125,4.690611362457275,4.0,0.17390599846839905,10.32624626159668,1.171875,44.553932189941406,4.064814567565918,2.734375,0.7531577348709106,0.081635020673275,6988.0,216665.0,642808192.0,31.005294799804688,0.07293625175952911,1.52742338180542,6.115379333496094,4.471941792871803e-06,0.0,0.04675392434000969,1131,1118,1082,1036,1051,1007,1039,983,999,988,1002,976,956,879,887,876,824,780,747,777,794,780,781,830,777,697,671,637,667,702,781,860,840,809,879,875,887,956,983,992,942,937,972,938,902,877,812,828,791,750,782,828,887,1000,1037,1040,1024,968,892,874,824,879,907,877,876,841,844,856,861,950,1096,1150,1164,1114,1086,1079,1050,1037,1040,1017,1050,988,1003,967,893,844,861,855,837,840,856,827,827,813,873,761,729,700,871,1050,1144,1085,1096,1055,1006,968,886,824,795,715,713,712,668,651,682,622,602,511,456,477,454,426,429,427,457,560,665,656,651,655,683,640,681,794,829,926,951,983,984,984,951,986,1034,1002,1003,984,986,1015,1007,1007,969,955,985,966,955,923,841,792,813,811,826,825,828,811,776,779,761,783,989,1143,1191,1145,1096,1064,1072,1024,976,957,1000,1053,1144,1179,1208,1135,1165,1147,1117,1080,1037,955,953,892,828,775,703,671,699,653,666,682,666,651,670,686,653,587,702,1020,1162,1177,1147,1083,1036,1071,1079,1068,1005,984,1004,1002,999,1000,967,989,952,891,826,779,727,712,712,767,822,857,905,970,972,999,989,926,920,856,809,728,621,591,650,713,858,1020,1166,1193,1176,1164,1132,1051,0.001953125,0.1690158586453733,0.2355803964020464,0.38426710645909484,0.10394313989180048,0.10186253758129139,0.32820927582161896,0.46595950815991394,0.1424911442732111,0.12306237501580754,0.17094307452776175,0.09851671694725929,0.15324565260229703,0.1319949850805923,0.07539163697507337,0.11394019689836542,0.0947718561172781,0.1229460772657634,0.12474415345338145,0.15932640381964805,0.068359375,0.07722257118542662,0.09327066588299782,0.0412127887617367,0.0400390625,0.024020261477048523,0.12113312111981002,0.020531050821902968,0.05709342180563854,0.09506824652102315,0.035907766232129365,0.04416179318201177,0.04673236763283359,0.06269044470978138,0.02231183527108567,0.029523860269201122,0.03902586172400017,0.049909891949924366,0.04530239650290313,0.017304731588544287,0.020967686087484266,0.02756951994822872,0.016630260122975003,0.02847144479904932,0.027759121881937295,0.03340357690720131,0.03088161777508183,0.0599533026491048,0.02681548870653512,0.01727715430952552,0.003521046167445302,0.009264485332524549,0.029264304812054096,0.020531050821902968,0.030649130520459405,0.012236293052872722,0.009003461384075085,0.005258950006967289,0.01284467425582608,0.01933495104806966,0.0126953125,0.012732817197661424,0.0146484375,0.004367320268554277,0.023212625632821705,0.020967686087484266,0.0087890625,0.019773883526676354,0.019773883526676354,0.007437278423695223,0.013671875,0.005940197783494355,0.007627196949127592,0.015440808887540914,0.013810679320049757,0.004979511243742954,0.004026470337517247,0.006253051013118016,0.013879560940968648,0.017578125,0.007627196949127592,0.008734640537108554,0.003088161777508183,0.010563138502335907,0.004026470337517247,0.014938533731228863,0.008052940675034493,0.009959022487485907,0.004026470337517247,0.003521046167445302,0.0166875073150733,0.003088161777508183,0.0021836601342771385,0.030835260554388563,0.010918300671385692,0.012079411012551739,0.007627196949127592,0.005258950006967289,0.0029296875,0.007627196949127592,0.0027621358640099515,0.005258950006967289,0.013706707859002147,0.0078125,0.0048828125,0.007873298582322802,0.004979511243742954,0.007042092334890604,0.009003461384075085,0.004367320268554277,0.003088161777508183,0.0146484375,0.00390625,0.010381001770248682,0.005258950006967289,0.007873298582322802,0.0107421875,0.011388577919619728,0.0048828125,0.01179984958358845,0.001953125,0.003521046167445302,0.004026470337517247,0.0041432037960149265,0.0021836601342771385,0.019384212149686726,0.0041432037960149265,0.009264485332524549,0.013671875,1,1,1.0
6.640625,4.481911659240723,3.0,0.14367301762104034,10.309432983398438,1.171875,45.57399368286133,3.899935722351074,2.734375,0.7806090116500854,0.0822286531329155,7090.0,227665.0,714393408.0,32.1107177734375,0.07571794092655182,1.4703811407089233,6.256103038787842,1.7630349248065613e-05,0.0,0.04837853088974953,718,653,668,713,757,813,990,1103,1131,1118,1082,1036,1051,1007,1039,983,999,988,1002,976,956,879,887,876,824,780,747,777,794,780,781,830,777,697,671,637,667,702,781,860,840,809,879,875,887,956,983,992,942,937,972,938,902,877,812,828,791,750,782,828,887,1000,1037,1040,1024,968,892,874,824,879,907,877,876,841,844,856,861,950,1096,1150,1164,1114,1086,1079,1050,1037,1040,1017,1050,988,1003,967,893,844,861,855,837,840,856,827,827,813,873,761,729,700,871,1050,1144,1085,1096,1055,1006,968,886,824,795,715,713,712,668,651,682,622,602,511,456,477,454,426,429,427,457,560,665,656,651,655,683,640,681,794,829,926,951,983,984,984,951,986,1034,1002,1003,984,986,1015,1007,1007,969,955,985,966,955,923,841,792,813,811,826,825,828,811,776,779,761,783,989,1143,1191,1145,1096,1064,1072,1024,976,957,1000,1053,1144,1179,1208,1135,1165,1147,1117,1080,1037,955,953,892,828,775,703,671,699,653,666,682,666,651,670,686,653,587,702,1020,1162,1177,1147,1083,1036,1071,1079,1068,1005,984,1004,1002,999,1000,967,989,952,891,826,779,727,712,712,767,822,857,905,970,972,999,989,926,920,856,809,728,621,591,650,713,0.00244140625,0.11530469914543609,0.29785796611968773,0.32415108951383736,0.15235626951762807,0.04509139211177811,0.3523983661418887,0.411216310553146,0.20105095349408048,0.15421650398883727,0.21506558149946525,0.15505524665938125,0.10867960438229156,0.08997633728915984,0.11098494254043259,0.14275860794222378,0.04794116292434991,0.07297477223542737,0.1141910194727355,0.10312795923784442,0.04631213164601319,0.08647404416899562,0.0973873250308281,0.06844999573779319,0.0681777721707307,0.037695818487536684,0.09457038510684945,0.0324624416769427,0.09568817644733547,0.05381736614630803,0.005940197783494355,0.015440808887540914,0.0685822260393728,0.08286407592029854,0.011920464468489943,0.022545696055889054,0.023840928936979887,0.03014716609459596,0.04627092867375834,0.03930588241698849,0.04194674139631744,0.0107421875,0.010786485368346935,0.017387200990981306,0.016630260122975003,0.04037114571991091,0.035814689103305174,0.06093155269455663,0.022651198251451565,0.01760523083722651,0.006905339660024878,0.011048543456039806,0.027621358640099514,0.02708090746848056,0.0363433477850164,0.0087890625,0.005694288959809864,0.014517645261053229,0.001953125,0.028168369339562415,0.016164985700436375,0.019628663322501738,0.005524271728019903,0.007873298582322802,0.0332174831087792,0.02003738723504218,0.019384212149686726,0.012236293052872722,0.012506102026236032,0.0021836601342771385,0.02161713244255728,0.009003461384075085,0.013601941676937616,0.009765625,0.009003461384075085,0.0009765625,0.0048828125,0.003521046167445302,0.01441877251975918,0.016370170521718956,0.008734640537108554,0.0065509804028314154,0.004367320268554277,0.007627196949127592,0.0087890625,0.012506102026236032,0.009959022487485907,0.010517900013934578,0.005258950006967289,0.009814331661250869,0.009264485332524549,0.011759369705851851,0.012352647110032733,0.04008667139018319,0.009618025197066508,0.0068359375,0.006253051013118016,0.0048828125,0.0065509804028314154,0.00834375365753665,0.007627196949127592,0.0027621358640099515,0.006905339660024878,0.003521046167445302,0.00390625,0.003088161777508183,0.0048828125,0.003088161777508183,0.01019561182510796,0.003521046167445302,0.0048828125,0.014778072217208551,0.004026470337517247,0.011759369705851851,0.005258950006967289,0.008052940675034493,0.010918300671385692,0.007437278423695223,0.005859375,0.006905339660024878,0.005524271728019903,0.0041432037960149265,0.004979511243742954,0.0087890625,0.007873298582322802,0.024020261477048523,0.009003461384075085,0.001953125,0.0234375,1,1,1.0
5.859375,4.78902006149292,4.0,0.12172144651412964,10.545845985412598,2.34375,31.661775588989258,3.9652175903320312,2.734375,0.802209734916687,0.08088979870080948,6861.0,177313.0,555343168.0,25.843608856201172,0.07606878876686096,1.3616732358932495,5.1829633712768555,2.846459756256081e-05,0.0,0.04848218709230423,783,794,844,871,905,877,857,746,718,653,668,713,757,813,990,1103,1131,1118,1082,1036,1051,1007,1039,983,999,988,1002,976,956,879,887,876,824,780,747,777,794,780,781,830,777,697,671,637,667,702,781,860,840,809,879,875,887,956,983,992,942,937,972,938,902,877,812,828,791,750,782,828,887,1000,1037,1040,1024,968,892,874,824,879,907,877,876,841,844,856,861,950,1096,1150,1164,1114,1086,1079,1050,1037,1040,1017,1050,988,1003,967,893,844,861,855,837,840,856,827,827,813,873,761,729,700,871,1050,1144,1085,1096,1055,1006,968,886,824,795,715,713,712,668,651,682,622,602,511,456,477,454,426,429,427,457,560,665,656,651,655,683,640,681,794,829,926,951,983,984,984,951,986,1034,1002,1003,984,986,1015,1007,1007,969,955,985,966,955,923,841,792,813,811,826,825,828,811,776,779,761,783,989,1143,1191,1145,1096,1064,1072,1024,976,957,1000,1053,1144,1179,1208,1135,1165,1147,1117,1080,1037,955,953,892,828,775,703,671,699,653,666,682,666,651,670,686,653,587,702,1020,1162,1177,1147,1083,1036,1071,1079,1068,1005,984,1004,1002,999,1000,967,989,952,891,826,779,727,712,712,767,822,857,905,970,972,999,989,926,0.0009765625,0.11771528285393877,0.29171770648330364,0.3314678123808272,0.144600516552352,0.05610774383680947,0.34362929565808653,0.4229462761997906,0.18783031613968182,0.15676489868421647,0.19193366430655312,0.1399792574093848,0.09280940914466189,0.06608954810815872,0.10217102851289504,0.13415921650611692,0.06516679929962059,0.0400390625,0.10483843043742133,0.07735213417309708,0.06289547729728366,0.10442371442248673,0.12421936418873317,0.08770596921608478,0.10217102851289504,0.054774623681172495,0.06132936901604524,0.042275118792799535,0.11228770251994219,0.054974484160303004,0.0300838316420886,0.04271274946997859,0.0411664822428867,0.05635366424317777,0.016370170521718956,0.0285216442705278,0.032638232357555474,0.04360764367532443,0.04973762335252673,0.025390625,0.028920103310470405,0.021035800027869155,0.005694288959809864,0.027203883353875233,0.02231183527108567,0.040465526084180976,0.035061177873078594,0.05731847887042652,0.027010384152225255,0.019236050394133015,0.004026470337517247,0.01680141653719263,0.020600608505594715,0.024020261477048523,0.030414866215619993,0.0029296875,0.015625,0.011134525635733769,0.013028968812623373,0.015655487833868553,0.018528970665049098,0.016858082521125067,0.0146484375,0.005524271728019903,0.022651198251451565,0.025855863857175247,0.008843149548962322,0.016105881350068987,0.012732817197661424,0.009765625,0.020132351687586234,0.008052940675034493,0.013982247132105814,0.0068359375,0.008843149548962322,0.006176323555016366,0.007873298582322802,0.0027621358640099515,0.016858082521125067,0.01441877251975918,0.00834375365753665,0.00390625,0.005524271728019903,0.004367320268554277,0.012506102026236032,0.008843149548962322,0.007627196949127592,0.007109482313750506,0.010918300671385692,0.007627196949127592,0.0087890625,0.009264485332524549,0.009264485332524549,0.036773770280786586,0.006176323555016366,0.009765625,0.006253051013118016,0.004026470337517247,0.004026470337517247,0.0009765625,0.007437278423695223,0.007873298582322802,0.0068359375,0.003521046167445302,0.004979511243742954,0.003088161777508183,0.0048828125,0.0029296875,0.010918300671385692,0.0029296875,0.006905339660024878,0.015440808887540914,0.005258950006967289,0.012732817197661424,0.005694288959809864,0.008400708268596315,0.009765625,0.005258950006967289,0.005258950006967289,0.001953125,0.0087890625,0.007873298582322802,0.005258950006967289,0.004979511243742954,0.004367320268554277,0.024119314521930602,0.001953125,0.0068359375,0.015625,1,1,1.0
7.03125,4.636622905731201,4.0,0.1306690126657486,11.395498275756836,2.34375,35.41802215576172,3.93400239944458,2.734375,0.7991982102394104,0.08000067621469498,6711.0,187573.0,564631040.0,27.950082778930664,0.0701327994465828,1.5149211883544922,5.480656623840332,4.656274086300982e-06,0.0,0.05091559886932373,966,956,951,886,799,750,762,762,783,794,844,871,905,877,857,746,718,653,668,713,757,813,990,1103,1131,1118,1082,1036,1051,1007,1039,983,999,988,1002,976,956,879,887,876,824,780,747,777,794,780,781,830,777,697,671,637,667,702,781,860,840,809,879,875,887,956,983,992,942,937,972,938,902,877,812,828,791,750,782,828,887,1000,1037,1040,1024,968,892,874,824,879,907,877,876,841,844,856,861,950,1096,1150,1164,1114,1086,1079,1050,1037,1040,1017,1050,988,1003,967,893,844,861,855,837,840,856,827,827,813,873,761,729,700,871,1050,1144,1085,1096,1055,1006,968,886,824,795,715,713,712,668,651,682,622,602,511,456,477,454,426,429,427,457,560,665,656,651,655,683,640,681,794,829,926,951,983,984,984,951,986,1034,1002,1003,984,986,1015,1007,1007,969,955,985,966,955,923,841,792,813,811,826,825,828,811,776,779,761,783,989,1143,1191,1145,1096,1064,1072,1024,976,957,1000,1053,1144,1179,1208,1135,1165,1147,1117,1080,1037,955,953,892,828,775,703,671,699,653,666,682,666,651,670,686,653,587,702,1020,1162,1177,1147,1083,1036,1071,1079,1068,1005,984,1004,1002,999,1000,967,989,952,891,826,779,727,712,712,767,0.00048828125,0.12518678061801855,0.28975121185338953,0.329472273590573,0.15137033766883312,0.04615743085193935,0.35637440433405587,0.4222568620448285,0.18343784936614943,0.13713663813704655,0.18714617086657032,0.11948033663446532,0.1087497825181913,0.0720872481795335,0.08358028695617035,0.11842204534103397,0.09178129023290317,0.010918300671385692,0.1114522676807942,0.05066844441825331,0.07460963064419554,0.10445567411109799,0.15264705884082375,0.07839917709541523,0.10871908515775444,0.03902586172400017,0.07376764635945804,0.016370170521718956,0.08527465428014151,0.06911551671570507,0.007873298582322802,0.01878455474772592,0.06392569472286383,0.07627196949127592,0.013282686043686957,0.031988944051092184,0.015625,0.046394427813358216,0.0361328125,0.02315091717017519,0.022777155839239456,0.027500249688142037,0.013282686043686957,0.030649130520459405,0.026868782211323446,0.0377211092106015,0.032359456105040804,0.05731847887042652,0.03066468450802262,0.022714264354712906,0.00834375365753665,0.022032254243512652,0.016016815885602272,0.016858082521125067,0.021439939843847802,0.013982247132105814,0.018165112536853784,0.0013810679320049757,0.01680141653719263,0.022714264354712906,0.006253051013118016,0.012236293052872722,0.010918300671385692,0.007437278423695223,0.0332174831087792,0.017953883116064683,0.017304731588544287,0.017686299097924643,0.019457869965987574,0.0087890625,0.011759369705851851,0.001953125,0.009003461384075085,0.0126953125,0.013706707859002147,0.010517900013934578,0.010381001770248682,0.0048828125,0.01800692276815017,0.0146484375,0.008734640537108554,0.004026470337517247,0.007437278423695223,0.0041432037960149265,0.016858082521125067,0.003521046167445302,0.005258950006967289,0.001953125,0.01242961138804478,0.003521046167445302,0.016858082521125067,0.00390625,0.003088161777508183,0.032754902014157074,0.01313830473347042,0.009959022487485907,0.005258950006967289,0.004367320268554277,0.0048828125,0.008734640537108554,0.003088161777508183,0.0027621358640099515,0.011134525635733769,0.005258950006967289,0.00390625,0.006253051013118016,0.004026470337517247,0.0065509804028314154,0.009003461384075085,0.0021836601342771385,0.007437278423695223,0.015746597164645604,0.003521046167445302,0.01441877251975918,0.005258950006967289,0.006253051013118016,0.005940197783494355,0.003088161777508183,0.004026470337517247,0.008400708268596315,0.007042092334890604,0.005258950006967289,0.00390625,0.007042092334890604,0.007627196949127592,0.018961413905222265,0.010918300671385692,0.0029296875,0.0263671875,1,1,1.0
7.03125,4.756532192230225,4.0,0.13342571258544922,11.673068046569824,2.34375,35.198490142822266,3.9538397789001465,2.734375,0.7981950640678406,0.07988734543323517,6692.0,186962.0,574953856.0,27.938135147094727,0.06837920099496841,1.4039137363433838,5.490555763244629,1.1673188282657065e-06,0.0,0.04761920124292374,1051,1018,1015,1052,1023,1006,968,940,966,956,951,886,799,750,762,762,783,794,844,871,905,877,857,746,718,653,668,713,757,813,990,1103,1131,1118,1082,1036,1051,1007,1039,983,999,988,1002,976,956,879,887,876,824,780,747,777,794,780,781,830,777,697,671,637,667,702,781,860,840,809,879,875,887,956,983,992,942,937,972,938,902,877,812,828,791,750,782,828,887,1000,1037,1040,1024,968,892,874,824,879,907,877,876,841,844,856,861,950,1096,1150,1164,1114,1086,1079,1050,1037,1040,1017,1050,988,1003,967,893,844,861,855,837,840,856,827,827,813,873,761,729,700,871,1050,1144,1085,1096,1055,1006,968,886,824,795,715,713,712,668,651,682,622,602,511,456,477,454,426,429,427,457,560,665,656,651,655,683,640,681,794,829,926,951,983,984,984,951,986,1034,1002,1003,984,986,1015,1007,1007,969,955,985,966,955,923,841,792,813,811,826,825,828,811,776,779,761,783,989,1143,1191,1145,1096,1064,1072,1024,976,957,1000,1053,1144,1179,1208,1135,1165,1147,1117,1080,1037,955,953,892,828,775,703,671,699,653,666,682,666,651,670,686,653,587,702,1020,1162,1177,1147,1083,1036,1071,1079,1068,1005,984,1004,1002,999,1000,967,989,0.001953125,0.1684959477240152,0.27641031852043857,0.33070161158996964,0.16915686267323926,0.023047702580480365,0.3911349210812783,0.4231254976571113,0.17485105443019658,0.09848282996467742,0.1712997520182207,0.08236770657796696,0.12012115720066371,0.06615445138453105,0.09840533018484854,0.13923808810172114,0.09574795665502883,0.033432114782468145,0.13893639493803955,0.04102724909687501,0.05006252194521991,0.08128966317053421,0.13562973084526916,0.0649689350721871,0.08867381089571785,0.035814689103305174,0.07324869762734053,0.029556144434417102,0.10190933865777003,0.056640625,0.0192608231673008,0.034402177644157296,0.04941058844013093,0.06481462307048874,0.008052940675034493,0.022798081113142094,0.028721564784868637,0.03521046167445302,0.04642525126564341,0.033332125323976586,0.03625138904935661,0.01800692276815017,0.01760523083722651,0.025855863857175247,0.0324624416769427,0.02627660946694084,0.02298555135925746,0.055937513639139395,0.04107371258752557,0.021506558149946522,0.009264485332524549,0.018657200365764452,0.02568934851165216,0.01589728573837862,0.026565372087373914,0.009618025197066508,0.01179984958358845,0.006253051013118016,0.0107421875,0.019749754312653012,0.01188039556698871,0.013566839833447074,0.011134525635733769,0.0021836601342771385,0.028721564784868637,0.0205078125,0.014218964627501012,0.014938533731228863,0.015440808887540914,0.006176323555016366,0.01760523083722651,0.005694288959809864,0.009814331661250869,0.008400708268596315,0.011134525635733769,0.005524271728019903,0.005258950006967289,0.0021836601342771385,0.014517645261053229,0.013282686043686957,0.010786485368346935,0.00390625,0.005524271728019903,0.001953125,0.013101960805662831,0.006253051013118016,0.004026470337517247,0.004026470337517247,0.008734640537108554,0.003088161777508183,0.01441877251975918,0.004979511243742954,0.005258950006967289,0.03455430861905104,0.009618025197066508,0.007873298582322802,0.004367320268554277,0.001953125,0.0021836601342771385,0.0041432037960149265,0.0048828125,0.0048828125,0.007873298582322802,0.0009765625,0.003088161777508183,0.0009765625,0.0048828125,0.003521046167445302,0.009765625,0.0048828125,0.005940197783494355,0.012236293052872722,0.0048828125,0.009765625,0.0013810679320049757,0.003521046167445302,0.0068359375,0.006905339660024878,0.001953125,0.006176323555016366,0.004979511243742954,0.0029296875,0.0,0.004367320268554277,0.004367320268554277,0.02039122365021592,0.007873298582322802,0.0009765625,0.0224609375,1,1,1.0
6.25,4.436398506164551,4.0,0.12782269716262817,12.254166603088379,2.34375,35.375579833984375,3.7355639934539795,2.734375,0.8063732981681824,0.08033376932144165,6767.0,187732.0,629777344.0,27.742279052734375,0.06580401211977005,1.1702677011489868,5.55587100982666,1.8470653230906464e-05,0.0,0.03827310726046562,920,953,960,1000,990,1038,1039,1052,1051,1018,1015,1052,1023,1006,968,940,966,956,951,886,799,750,762,762,783,794,844,871,905,877,857,746,718,653,668,713,757,813,990,1103,1131,1118,1082,1036,1051,1007,1039,983,999,988,1002,976,956,879,887,876,824,780,747,777,794,780,781,830,777,697,671,637,667,702,781,860,840,809,879,875,887,956,983,992,942,937,972,938,902,877,812,828,791,750,782,828,887,1000,1037,1040,1024,968,892,874,824,879,907,877,876,841,844,856,861,950,1096,1150,1164,1114,1086,1079,1050,1037,1040,1017,1050,988,1003,967,893,844,861,855,837,840,856,827,827,813,873,761,729,700,871,1050,1144,1085,1096,1055,1006,968,886,824,795,715,713,712,668,651,682,622,602,511,456,477,454,426,429,427,457,560,665,656,651,655,683,640,681,794,829,926,951,983,984,984,951,986,1034,1002,1003,984,986,1015,1007,1007,969,955,985,966,955,923,841,792,813,811,826,825,828,811,776,779,761,783,989,1143,1191,1145,1096,1064,1072,1024,976,957,1000,1053,1144,1179,1208,1135,1165,1147,1117,1080,1037,955,953,892,828,775,703,671,699,653,666,682,666,651,670,686,653,587,702,1020,1162,1177,1147,1083,1036,1071,1079,1068,0.001953125,0.14598221218495788,0.26938968202447916,0.34849053907208716,0.144748833264539,0.0013810679320049757,0.3826580125138054,0.40357560397952874,0.19121183525708552,0.07660882288068432,0.16989100384080127,0.05899924791794225,0.12411951863919939,0.05635366424317777,0.12234734190129551,0.1604180406123521,0.07334628019775546,0.04051263381385067,0.12228496751951975,0.05880495788017421,0.0676088825416835,0.10195611825107959,0.15437411535835852,0.06588721794309765,0.09194220543702984,0.01516032685181643,0.0939988964908839,0.03452669830012439,0.11333595796425679,0.040653629485348924,0.03798564519292329,0.05139725533961237,0.037160737481329,0.06961048198123725,0.009765625,0.016253239235442616,0.020132351687586234,0.04416179318201177,0.03363120187055188,0.019918044974971814,0.024724587697601882,0.01760523083722651,0.009618025197066508,0.011430371006562134,0.030162978928672854,0.013028968812623373,0.0126953125,0.055285858807492816,0.05160095630321448,0.01824369305885684,0.01441877251975918,0.003521046167445302,0.027413415718004295,0.029700988917471777,0.029296875,0.015746597164645604,0.025559086578715626,0.009264485332524549,0.018347943582085875,0.03406789754396955,0.019628663322501738,0.02713367966689415,0.011134525635733769,0.012506102026236032,0.020531050821902968,0.0324624416769427,0.01878455474772592,0.00390625,0.013566839833447074,0.007873298582322802,0.010381001770248682,0.0065509804028314154,0.010517900013934578,0.012732817197661424,0.009264485332524549,0.007109482313750506,0.008734640537108554,0.01019561182510796,0.006176323555016366,0.019773883526676354,0.018425744398548053,0.013601941676937616,0.007437278423695223,0.011388577919619728,0.00834375365753665,0.011920464468489943,0.012506102026236032,0.007627196949127592,0.01727715430952552,0.007627196949127592,0.022140203220223895,0.0107421875,0.01284467425582608,0.04311277354422679,0.004367320268554277,0.005694288959809864,0.010563138502335907,0.007042092334890604,0.008052940675034493,0.005940197783494355,0.010381001770248682,0.004026470337517247,0.011134525635733769,0.006176323555016366,0.004979511243742954,0.0065509804028314154,0.008052940675034493,0.0029296875,0.014938533731228863,0.008843149548962322,0.006905339660024878,0.01188039556698871,0.009959022487485907,0.0048828125,0.007873298582322802,0.010918300671385692,0.013282686043686957,0.003521046167445302,0.007873298582322802,0.009003461384075085,0.010517900013934578,0.008052940675034493,0.0078125,0.013810679320049757,0.012732817197661424,0.029378142493147116,0.007627196949127592,0.009765625,0.013671875,1,1,1.0
7.03125,5.216598033905029,4.0,0.1473545879125595,9.757684707641602,2.34375,32.334815979003906,4.1121015548706055,2.734375,0.7733862400054932,0.08013764768838882,6734.0,170785.0,586857600.0,25.361597061157227,0.07925919443368912,1.1123160123825073,5.33557653427124,1.8561871911515482e-05,0.0,0.06101103499531746,845,839,904,855,778,716,672,825,920,953,960,1000,990,1038,1039,1052,1051,1018,1015,1052,1023,1006,968,940,966,956,951,886,799,750,762,762,783,794,844,871,905,877,857,746,718,653,668,713,757,813,990,1103,1131,1118,1082,1036,1051,1007,1039,983,999,988,1002,976,956,879,887,876,824,780,747,777,794,780,781,830,777,697,671,637,667,702,781,860,840,809,879,875,887,956,983,992,942,937,972,938,902,877,812,828,791,750,782,828,887,1000,1037,1040,1024,968,892,874,824,879,907,877,876,841,844,856,861,950,1096,1150,1164,1114,1086,1079,1050,1037,1040,1017,1050,988,1003,967,893,844,861,855,837,840,856,827,827,813,873,761,729,700,871,1050,1144,1085,1096,1055,1006,968,886,824,795,715,713,712,668,651,682,622,602,511,456,477,454,426,429,427,457,560,665,656,651,655,683,640,681,794,829,926,951,983,984,984,951,986,1034,1002,1003,984,986,1015,1007,1007,969,955,985,966,955,923,841,792,813,811,826,825,828,811,776,779,761,783,989,1143,1191,1145,1096,1064,1072,1024,976,957,1000,1053,1144,1179,1208,1135,1165,1147,1117,1080,1037,955,953,892,828,775,703,671,699,653,666,682,666,651,670,686,653,587,702,1020,0.001953125,0.09952317041872868,0.2503449920634913,0.39815136976359744,0.10613576694682442,0.0544515697634791,0.40311217768185836,0.3939470554931694,0.1949410530395182,0.03986002271866904,0.1287582009675743,0.0734242528776734,0.08734640537108554,0.010918300671385692,0.1319190999278772,0.1444949542685904,0.0777824521552339,0.013706707859002147,0.11203687496774918,0.03066468450802262,0.07462880146305781,0.07680153414465532,0.14610954648055652,0.04804052295409705,0.07645929348071634,0.04007477447008436,0.07139600283763375,0.03304477405407936,0.10160474632170319,0.054407766707750466,0.022482157096135425,0.04102724909687501,0.03922087036723282,0.06114248375975988,0.010563138502335907,0.010563138502335907,0.0244140625,0.04283537538957287,0.029035290522106457,0.014680953494504793,0.022651198251451565,0.01878455474772592,0.016105881350068987,0.0065509804028314154,0.04033569614856129,0.005694288959809864,0.024492062898407135,0.043013116299893045,0.04841623146968961,0.0041432037960149265,0.013982247132105814,0.02003738723504218,0.008400708268596315,0.02229045353615884,0.009618025197066508,0.026294750034836445,0.013810679320049757,0.0166875073150733,0.0009765625,0.021439939843847802,0.019457869965987574,0.012506102026236032,0.015746597164645604,0.005694288959809864,0.03155370004180373,0.017469281074217108,0.010563138502335907,0.014874556847390447,0.00966747552403483,0.003088161777508183,0.018657200365764452,0.003521046167445302,0.004367320268554277,0.014084184669781208,0.012236293052872722,0.007627196949127592,0.007627196949127592,0.007873298582322802,0.007627196949127592,0.01708286687942959,0.015440808887540914,0.011430371006562134,0.003088161777508183,0.009212872199274027,0.0146484375,0.0068359375,0.006176323555016366,0.0021836601342771385,0.008734640537108554,0.004026470337517247,0.012732817197661424,0.007873298582322802,0.005859375,0.033203125,0.011134525635733769,0.009003461384075085,0.006253051013118016,0.00390625,0.001953125,0.004367320268554277,0.007873298582322802,0.007873298582322802,0.003521046167445302,0.0029296875,0.0013810679320049757,0.0048828125,0.0029296875,0.0021836601342771385,0.012236293052872722,0.006905339660024878,0.005859375,0.009959022487485907,0.008734640537108554,0.004979511243742954,0.007109482313750506,0.0087890625,0.00966747552403483,0.003088161777508183,0.004979511243742954,0.012079411012551739,0.0027621358640099515,0.0029296875,0.005258950006967289,0.007873298582322802,0.00390625,0.020531050821902968,0.007873298582322802,0.0021836601342771385,0.0244140625,1,1,1.0
