spectral_rolloff,spectral_bandwidth,peak_count,mid_ratio,low_to_high_ratio,second_peak_freq,kurtosis,centroid,peak_freq,low_ratio,rms,avg_energy,peak_energy,energy_variance,peak_to_avg_e,high_ratio,peak1_to_peak2_ratio,skewness,dc_ratio,delta_peak_freq,spectral_flatness,adc_0,adc_1,adc_2,adc_3,adc_4,adc_5,adc_6,adc_7,adc_8,adc_9,adc_10,adc_11,adc_12,adc_13,adc_14,adc_15,adc_16,adc_17,adc_18,adc_19,adc_20,adc_21,adc_22,adc_23,adc_24,adc_25,adc_26,adc_27,adc_28,adc_29,adc_30,adc_31,adc_32,adc_33,adc_34,adc_35,adc_36,adc_37,adc_38,adc_39,adc_40,adc_41,adc_42,adc_43,adc_44,adc_45,adc_46,adc_47,adc_48,adc_49,adc_50,adc_51,adc_52,adc_53,adc_54,adc_55,adc_56,adc_57,adc_58,adc_59,adc_60,adc_61,adc_62,adc_63,adc_64,adc_65,adc_66,adc_67,adc_68,adc_69,adc_70,adc_71,adc_72,adc_73,adc_74,adc_75,adc_76,adc_77,adc_78,adc_79,adc_80,adc_81,adc_82,adc_83,adc_84,adc_85,adc_86,adc_87,adc_88,adc_89,adc_90,adc_91,adc_92,adc_93,adc_94,adc_95,adc_96,adc_97,adc_98,adc_99,adc_100,adc_101,adc_102,adc_103,adc_104,adc_105,adc_106,adc_107,adc_108,adc_109,adc_110,adc_111,adc_112,adc_113,adc_114,adc_115,adc_116,adc_117,adc_118,adc_119,adc_120,adc_121,adc_122,adc_123,adc_124,adc_125,adc_126,adc_127,adc_128,adc_129,adc_130,adc_131,adc_132,adc_133,adc_134,adc_135,adc_136,adc_137,adc_138,adc_139,adc_140,adc_141,adc_142,adc_143,adc_144,adc_145,adc_146,adc_147,adc_148,adc_149,adc_150,adc_151,adc_152,adc_153,adc_154,adc_155,adc_156,adc_157,adc_158,adc_159,adc_160,adc_161,adc_162,adc_163,adc_164,adc_165,adc_166,adc_167,adc_168,adc_169,adc_170,adc_171,adc_172,adc_173,adc_174,adc_175,adc_176,adc_177,adc_178,adc_179,adc_180,adc_181,adc_182,adc_183,adc_184,adc_185,adc_186,adc_187,adc_188,adc_189,adc_190,adc_191,adc_192,adc_193,adc_194,adc_195,adc_196,adc_197,adc_198,adc_199,adc_200,adc_201,adc_202,adc_203,adc_204,adc_205,adc_206,adc_207,adc_208,adc_209,adc_210,adc_211,adc_212,adc_213,adc_214,adc_215,adc_216,adc_217,adc_218,adc_219,adc_220,adc_221,adc_222,adc_223,adc_224,adc_225,adc_226,adc_227,adc_228,adc_229,adc_230,adc_231,adc_232,adc_233,adc_234,adc_235,adc_236,adc_237,adc_238,adc_239,adc_240,adc_241,adc_242,adc_243,adc_244,adc_245,adc_246,adc_247,adc_248,adc_249,adc_250,adc_251,adc_252,adc_253,adc_254,adc_255,fft_0,fft_1,fft_2,fft_3,fft_4,fft_5,fft_6,fft_7,fft_8,fft_9,fft_10,fft_11,fft_12,fft_13,fft_14,fft_15,fft_16,fft_17,fft_18,fft_19,fft_20,fft_21,fft_22,fft_23,fft_24,fft_25,fft_26,fft_27,fft_28,fft_29,fft_30,fft_31,fft_32,fft_33,fft_34,fft_35,fft_36,fft_37,fft_38,fft_39,fft_40,fft_41,fft_42,fft_43,fft_44,fft_45,fft_46,fft_47,fft_48,fft_49,fft_50,fft_51,fft_52,fft_53,fft_54,fft_55,fft_56,fft_57,fft_58,fft_59,fft_60,fft_61,fft_62,fft_63,fft_64,fft_65,fft_66,fft_67,fft_68,fft_69,fft_70,fft_71,fft_72,fft_73,fft_74,fft_75,fft_76,fft_77,fft_78,fft_79,fft_80,fft_81,fft_82,fft_83,fft_84,fft_85,fft_86,fft_87,fft_88,fft_89,fft_90,fft_91,fft_92,fft_93,fft_94,fft_95,fft_96,fft_97,fft_98,fft_99,fft_100,fft_101,fft_102,fft_103,fft_104,fft_105,fft_106,fft_107,fft_108,fft_109,fft_110,fft_111,fft_112,fft_113,fft_114,fft_115,fft_116,fft_117,fft_118,fft_119,fft_120,fft_121,fft_122,fft_123,fft_124,fft_125,fft_126,fft_127,fft_128,stride,interval,cam_label,cam_hm_conf,cam_bg_conf,timestamp,label
21.875,11.537603378295898,4.0,0.11026223003864288,0.6973817944526672,3.515625,48.84432601928711,13.612833976745605,19.921875,0.3655553162097931,0.026439426466822624,733.0,15725.0,2920312.25,21.452932357788086,0.5241824388504028,2.326183319091797,6.092247009277344,0.0001704866299405694,0.0,0.3025767207145691,0,0,0,0,0,0,39,124,60,20,7,78,123,60,0,73,154,204,62,0,21,72,71,0,0,10,17,26,46,6,6,30,78,0,0,0,90,96,30,19,108,127,239,40,0,0,76,144,75,48,37,23,23,0,0,0,0,62,0,0,0,73,108,9,0,0,2,123,91,0,4,4,42,0,0,0,0,0,0,0,0,0,22,0,0,0,0,39,0,0,0,0,0,0,0,0,108,138,92,0,85,105,91,4,0,25,6,0,0,0,0,62,7,18,0,0,0,9,79,0,79,136,127,0,0,0,170,142,89,110,159,190,238,208,41,40,27,86,24,0,0,40,86,62,0,0,88,45,0,0,0,76,70,0,40,94,117,150,126,0,54,175,248,77,22,46,41,70,0,0,26,60,41,0,0,0,73,41,21,6,64,90,90,42,0,1,30,24,0,0,0,137,119,0,0,0,24,60,63,41,120,140,72,26,0,28,55,123,0,0,0,118,72,0,0,18,64,136,108,76,92,184,169,110,0,136,62,43,41,57,44,28,21,0,0,0,55,26,0,0,0,0,0,0,0,0,0,0,0,0,0,0,0,0,0,0,0.001953125,0.04841623146968961,0.043013116299893045,0.07645929348071634,0.03485657870620068,0.0388789633542859,0.049957638915736964,0.045908825287277966,0.07206078443114557,0.08029220621521276,0.024119314521930602,0.05281569251167953,0.018347943582085875,0.036916129241085546,0.011430371006562134,0.030289184412638327,0.031387028671851946,0.03670887915861817,0.020108652619115236,0.0048828125,0.02315091717017519,0.0107421875,0.0332174831087792,0.024119314521930602,0.010786485368346935,0.04737083138919884,0.026057937625246747,0.026672852116694654,0.013101960805662831,0.0324624416769427,0.0048828125,0.015746597164645604,0.017387200990981306,0.0009765625,0.013101960805662831,0.0283875817456028,0.020132351687586234,0.009814331661250869,0.022881590847382775,0.020967686087484266,0.018961413905222265,0.021035800027869155,0.043552935783159684,0.0283875817456028,0.01528562093993997,0.02132844694125152,0.016253239235442616,0.0021836601342771385,0.024647323172117114,0.026565372087373914,0.03168941550700772,0.12246031449203566,0.05875628498629423,0.0400390625,0.01878455474772592,0.025855863857175247,0.006905339660024878,0.004979511243742954,0.011134525635733769,0.0009765625,0.03304477405407936,0.029264304812054096,0.010381001770248682,0.025855863857175247,0.015776850020901866,0.014938533731228863,0.008400708268596315,0.013566839833447074,0.017387200990981306,0.014874556847390447,0.01680141653719263,0.022714264354712906,0.02417855156863271,0.012079411012551739,0.013982247132105814,0.009003461384075085,0.0126953125,0.012352647110032733,0.0065509804028314154,0.017469281074217108,0.005694288959809864,0.007873298582322802,0.013282686043686957,0.020531050821902968,0.012352647110032733,0.004026470337517247,0.011430371006562134,0.007873298582322802,0.007627196949127592,0.006176323555016366,0.007042092334890604,0.021506558149946522,0.006253051013118016,0.005694288959809864,0.018961413905222265,0.003088161777508183,0.010918300671385692,0.005694288959809864,0.0078125,0.008843149548962322,0.008734640537108554,0.01875915303935405,0.016105881350068987,0.017469281074217108,0.01284467425582608,0.009264485332524549,0.004026470337517247,0.0013810679320049757,0.004026470337517247,0.008286407592029853,0.010786485368346935,0.007109482313750506,0.0021836601342771385,0.013028968812623373,0.015746597164645604,0.024020261477048523,0.004367320268554277,0.012732817197661424,0.015191747252054731,0.017469281074217108,0.009003461384075085,0.005940197783494355,0.016164985700436375,0.011920464468489943,0.0146484375,0.008400708268596315,0.012236293052872722,0.013982247132105814,0.00390625,1,1,1,0.49455124139785767,0.5054487586021423,1778749554.570649,1.0
23.4375,11.272087097167969,2.0,0.14016270637512207,0.5587919354438782,3.515625,62.1640625,14.264544486999512,19.921875,0.3082323670387268,0.029018864035606384,883.0,22905.0,5527178.5,25.939977645874023,0.5516049265861511,2.3047897815704346,7.036877155303955,0.0,0.0,0.290272980928421,140,22,0,18,124,136,20,1,60,93,280,202,23,91,166,203,76,6,58,157,206,88,0,0,62,152,17,0,33,112,94,0,0,0,0,0,0,0,0,39,124,60,20,7,78,123,60,0,73,154,204,62,0,21,72,71,0,0,10,17,26,46,6,6,30,78,0,0,0,90,96,30,19,108,127,239,40,0,0,76,144,75,48,37,23,23,0,0,0,0,62,0,0,0,73,108,9,0,0,2,123,91,0,4,4,42,0,0,0,0,0,0,0,0,0,22,0,0,0,0,39,0,0,0,0,0,0,0,0,108,138,92,0,85,105,91,4,0,25,6,0,0,0,0,62,7,18,0,0,0,9,79,0,79,136,127,0,0,0,170,142,89,110,159,190,238,208,41,40,27,86,24,0,0,40,86,62,0,0,88,45,0,0,0,76,70,0,40,94,117,150,126,0,54,175,248,77,22,46,41,70,0,0,26,60,41,0,0,0,73,41,21,6,64,90,90,42,0,1,30,24,0,0,0,137,119,0,0,0,24,60,63,41,120,140,72,26,0,28,55,123,0,0,0,118,72,0,0,18,64,136,108,76,92,184,169,0.0,0.06687136060847652,0.058267319883501166,0.07031928135701052,0.032122820709762745,0.02286074201312427,0.009765625,0.06917758104853453,0.050413708981016825,0.09735304492641877,0.01019561182510796,0.04080582503081285,0.01441877251975918,0.0417530436063124,0.0192608231673008,0.04630183434035038,0.021417687694786434,0.05223468406373567,0.015776850020901866,0.013982247132105814,0.03014716609459596,0.011134525635733769,0.0300838316420886,0.0332174831087792,0.010918300671385692,0.0637688582707598,0.01792730444402912,0.007627196949127592,0.017387200990981306,0.040653629485348924,0.01188039556698871,0.005694288959809864,0.021836601342771385,0.007627196949127592,0.006905339660024878,0.024472586105745445,0.02681548870653512,0.010786485368346935,0.016164985700436375,0.0283875817456028,0.022651198251451565,0.01589728573837862,0.0400390625,0.02995676103550384,0.0244140625,0.011430371006562134,0.013982247132105814,0.024472586105745445,0.03773374821555011,0.0224609375,0.06232427689690957,0.14779685455815747,0.03538607603904968,0.04324529262789947,0.017820593350483065,0.009212872199274027,0.026057937625246747,0.018657200365764452,0.0234375,0.01313830473347042,0.04377135709182611,0.034678283016727936,0.01019561182510796,0.020600608505594715,0.020108652619115236,0.016370170521718956,0.0146484375,0.020132351687586234,0.02417855156863271,0.017820593350483065,0.013706707859002147,0.03274034104343791,0.015440808887540914,0.004026470337517247,0.006176323555016366,0.006176323555016366,0.007627196949127592,0.015776850020901866,0.008734640537108554,0.01886055460530075,0.0029296875,0.007042092334890604,0.0146484375,0.016016815885602272,0.015254393898255184,0.008843149548962322,0.014778072217208551,0.00390625,0.010381001770248682,0.0048828125,0.0065509804028314154,0.02638526579317636,0.007873298582322802,0.008052940675034493,0.021484375,0.0013810679320049757,0.013101960805662831,0.006176323555016366,0.009765625,0.010918300671385692,0.008843149548962322,0.0170549308560283,0.021484375,0.0234375,0.014517645261053229,0.010918300671385692,0.0065509804028314154,0.009212872199274027,0.006176323555016366,0.004367320268554277,0.0048828125,0.011759369705851851,0.004367320268554277,0.01313830473347042,0.016105881350068987,0.02132844694125152,0.0021836601342771385,0.012352647110032733,0.01528562093993997,0.018165112536853784,0.0078125,0.003088161777508183,0.019652941208494246,0.013706707859002147,0.015440808887540914,0.008052940675034493,0.013101960805662831,0.015440808887540914,0.0029296875,1,1,1,0.5019183158874512,0.49808168411254883,1778749555.6897879,1.0
21.09375,10.91441535949707,3.0,0.13484396040439606,0.5494110584259033,2.734375,69.12460327148438,14.237700462341309,19.921875,0.3067786991596222,0.029280593618750572,899.0,26626.0,7095550.0,29.617353439331055,0.5583773255348206,3.115974187850952,7.480652332305908,8.688399248057976e-06,0.0,0.24175415933132172,19,1,77,108,78,88,28,88,138,78,90,106,153,220,102,3,26,21,24,0,0,56,124,108,59,0,0,96,76,75,73,0,42,140,22,0,18,124,136,20,1,60,93,280,202,23,91,166,203,76,6,58,157,206,88,0,0,62,152,17,0,33,112,94,0,0,0,0,0,0,0,0,39,124,60,20,7,78,123,60,0,73,154,204,62,0,21,72,71,0,0,10,17,26,46,6,6,30,78,0,0,0,90,96,30,19,108,127,239,40,0,0,76,144,75,48,37,23,23,0,0,0,0,62,0,0,0,73,108,9,0,0,2,123,91,0,4,4,42,0,0,0,0,0,0,0,0,0,22,0,0,0,0,39,0,0,0,0,0,0,0,0,108,138,92,0,85,105,91,4,0,25,6,0,0,0,0,62,7,18,0,0,0,9,79,0,79,136,127,0,0,0,170,142,89,110,159,190,238,208,41,40,27,86,24,0,0,40,86,62,0,0,88,45,0,0,0,76,70,0,40,94,117,150,126,0,54,175,248,77,22,46,41,70,0,0,26,60,41,0,0,0,73,41,21,6,64,90,90,42,0,1,30,24,0,0,0.00048828125,0.06895665407777238,0.05137869702330432,0.06132936901604524,0.02003738723504218,0.021836601342771385,0.01242961138804478,0.09027262615927048,0.05861002378173304,0.08904408046917865,0.011134525635733769,0.04239901044158674,0.007042092334890604,0.037998196207702575,0.020600608505594715,0.0517578125,0.013282686043686957,0.03625138904935661,0.031035641761856844,0.009765625,0.012079411012551739,0.013982247132105814,0.04606436099637014,0.0192608231673008,0.007873298582322802,0.06934281435967474,0.019918044974971814,0.007109482313750506,0.007437278423695223,0.0328130812820536,0.0048828125,0.013101960805662831,0.016630260122975003,0.021945512748285382,0.013706707859002147,0.023212625632821705,0.03669588716417175,0.009959022487485907,0.022545696055889054,0.02229045353615884,0.0244140625,0.013706707859002147,0.029378142493147116,0.04026470337517247,0.032754902014157074,0.004979511243742954,0.0065509804028314154,0.010517900013934578,0.030162978928672854,0.007627196949127592,0.0656915236673521,0.15935034467685602,0.03931801199061991,0.04809012598533254,0.029378142493147116,0.013282686043686957,0.013282686043686957,0.012236293052872722,0.020692988379313566,0.007627196949127592,0.0332174831087792,0.023940723969006372,0.015655487833868553,0.0369677602163041,0.005524271728019903,0.009264485332524549,0.007873298582322802,0.013879560940968648,0.013566839833447074,0.004979511243742954,0.004026470337517247,0.041120123577006444,0.005524271728019903,0.0166015625,0.012236293052872722,0.0107421875,0.007873298582322802,0.013566839833447074,0.007042092334890604,0.023294649300540163,0.005694288959809864,0.005258950006967289,0.01760523083722651,0.013671875,0.013282686043686957,0.009003461384075085,0.013982247132105814,0.009264485332524549,0.0065509804028314154,0.009959022487485907,0.011134525635733769,0.027413415718004295,0.011759369705851851,0.011430371006562134,0.023457836229422487,0.0013810679320049757,0.012732817197661424,0.005258950006967289,0.0078125,0.009264485332524549,0.011759369705851851,0.014874556847390447,0.025559086578715626,0.023840928936979887,0.009765625,0.012506102026236032,0.0021836601342771385,0.0065509804028314154,0.010786485368346935,0.0048828125,0.0021836601342771385,0.012236293052872722,0.003521046167445302,0.010563138502335907,0.012732817197661424,0.01680141653719263,0.008052940675034493,0.007873298582322802,0.01589728573837862,0.019457869965987574,0.005859375,0.0021836601342771385,0.020692988379313566,0.009765625,0.011134525635733769,0.0068359375,0.0048828125,0.0065509804028314154,0.0107421875,1,1,1,0.32790619134902954,0.6720938086509705,1778749555.8178904,1.0
21.09375,11.141407012939453,4.0,0.0999942198395729,0.6038955450057983,2.734375,64.12102508544922,14.077840805053711,19.921875,0.3388683795928955,0.03002036362886429,945.0,27770.0,8122563.0,29.38624382019043,0.5611374378204346,2.196125030517578,7.294178009033203,0.00020653134561143816,0.0,0.2713547646999359,0,0,0,0,0,8,95,199,183,124,46,188,215,140,57,0,107,105,78,0,0,75,91,27,0,0,8,4,0,0,0,77,120,73,19,1,77,108,78,88,28,88,138,78,90,106,153,220,102,3,26,21,24,0,0,56,124,108,59,0,0,96,76,75,73,0,42,140,22,0,18,124,136,20,1,60,93,280,202,23,91,166,203,76,6,58,157,206,88,0,0,62,152,17,0,33,112,94,0,0,0,0,0,0,0,0,39,124,60,20,7,78,123,60,0,73,154,204,62,0,21,72,71,0,0,10,17,26,46,6,6,30,78,0,0,0,90,96,30,19,108,127,239,40,0,0,76,144,75,48,37,23,23,0,0,0,0,62,0,0,0,73,108,9,0,0,2,123,91,0,4,4,42,0,0,0,0,0,0,0,0,0,22,0,0,0,0,39,0,0,0,0,0,0,0,0,108,138,92,0,85,105,91,4,0,25,6,0,0,0,0,62,7,18,0,0,0,9,79,0,79,136,127,0,0,0,170,142,89,110,159,190,238,208,41,40,27,86,24,0,0,40,86,62,0,0,88,45,0,0,0,76,70,0,40,94,0.00244140625,0.08908155806235321,0.04323426488511456,0.04498551877453524,0.034637007521422264,0.012506102026236032,0.025633603024231812,0.10981444226948034,0.08432434822235509,0.06630564529987483,0.027203883353875233,0.02157297073669387,0.022482157096135425,0.019384212149686726,0.0048828125,0.05066844441825331,0.0041432037960149265,0.033260520245950005,0.0300838316420886,0.00834375365753665,0.0107421875,0.017387200990981306,0.05022418308837418,0.029652786036501906,0.013601941676937616,0.04973762335252673,0.003521046167445302,0.017686299097924643,0.02485922277608956,0.018425744398548053,0.02231183527108567,0.023518739411703703,0.026240290708094537,0.02756951994822872,0.015440808887540914,0.01019561182510796,0.02734375,0.012079411012551739,0.019186408891004394,0.03274034104343791,0.023212625632821705,0.021035800027869155,0.03451288485756307,0.039764205217777994,0.03539954875076535,0.01188039556698871,0.01708286687942959,0.029700988917471777,0.030336376107439583,0.03149319432929121,0.0471993983343538,0.1627376286130579,0.05264387489040451,0.03451288485756307,0.010918300671385692,0.00390625,0.024119314521930602,0.011759369705851851,0.01760523083722651,0.015625,0.033432114782468145,0.02713367966689415,0.013101960805662831,0.026868782211323446,0.016716057391234072,0.02039122365021592,0.009212872199274027,0.019186408891004394,0.016253239235442616,0.004367320268554277,0.0027621358640099515,0.04008667139018319,0.007873298582322802,0.0185803687406645,0.016016815885602272,0.01441877251975918,0.009765625,0.0146484375,0.011388577919619728,0.0264394265052361,0.009765625,0.011134525635733769,0.019236050394133015,0.007437278423695223,0.006253051013118016,0.0041432037960149265,0.01284467425582608,0.005258950006967289,0.009003461384075085,0.005524271728019903,0.005694288959809864,0.020762003540497363,0.016164985700436375,0.01800692276815017,0.027500249688142037,0.004979511243742954,0.011759369705851851,0.004367320268554277,0.007627196949127592,0.004979511243742954,0.02108108705558877,0.0126953125,0.0361328125,0.013982247132105814,0.01516032685181643,0.010381001770248682,0.00390625,0.005940197783494355,0.012732817197661424,0.008843149548962322,0.005940197783494355,0.015191747252054731,0.010918300671385692,0.005694288959809864,0.01019561182510796,0.011134525635733769,0.008843149548962322,0.010054326309557618,0.01589728573837862,0.020531050821902968,0.006176323555016366,0.004367320268554277,0.019457869965987574,0.010786485368346935,0.011134525635733769,0.0065509804028314154,0.004026470337517247,0.008734640537108554,0.0087890625,1,1,1,0.46195507049560547,0.5380449295043945,1778749556.510955,1.0
20.703125,10.956866264343262,5.0,0.11657048016786575,0.6847626566886902,2.734375,47.45326614379883,13.370458602905273,19.921875,0.35906514525413513,0.02968492917716503,924.0,22949.0,6569915.5,24.836580276489258,0.5243643522262573,1.767346978187561,6.168665885925293,0.0003041850868612528,0.0,0.25509095191955566,0,0,0,0,0,90,0,0,0,0,4,87,0,0,0,0,0,0,0,0,59,5,0,0,0,0,0,0,0,0,0,0,0,8,95,199,183,124,46,188,215,140,57,0,107,105,78,0,0,75,91,27,0,0,8,4,0,0,0,77,120,73,19,1,77,108,78,88,28,88,138,78,90,106,153,220,102,3,26,21,24,0,0,56,124,108,59,0,0,96,76,75,73,0,42,140,22,0,18,124,136,20,1,60,93,280,202,23,91,166,203,76,6,58,157,206,88,0,0,62,152,17,0,33,112,94,0,0,0,0,0,0,0,0,39,124,60,20,7,78,123,60,0,73,154,204,62,0,21,72,71,0,0,10,17,26,46,6,6,30,78,0,0,0,90,96,30,19,108,127,239,40,0,0,76,144,75,48,37,23,23,0,0,0,0,62,0,0,0,73,108,9,0,0,2,123,91,0,4,4,42,0,0,0,0,0,0,0,0,0,22,0,0,0,0,39,0,0,0,0,0,0,0,0,108,138,92,0,85,105,91,4,0,25,6,0,0,0,0,62,7,18,0,0,0,9,79,0,79,136,127,0,0,0,170,142,0.0029296875,0.0830078125,0.01953125,0.03406789754396955,0.05417061815765103,0.03066468450802262,0.0300838316420886,0.11128100016865033,0.08849617780632181,0.04848512338791566,0.04972803537685162,0.022714264354712906,0.04194674139631744,0.007109482313750506,0.025559086578715626,0.06603902368240903,0.017686299097924643,0.022269051271467537,0.013982247132105814,0.012236293052872722,0.011134525635733769,0.0283875817456028,0.044932488555966175,0.0328130812820536,0.0048828125,0.05374643713209771,0.005524271728019903,0.0235996991671769,0.02108108705558877,0.031988944051092184,0.006905339660024878,0.02883754503951836,0.0341098617120566,0.033432114782468145,0.011759369705851851,0.009264485332524549,0.0224609375,0.015625,0.010381001770248682,0.02627660946694084,0.027361183058831836,0.011134525635733769,0.03773374821555011,0.028854075591199527,0.02378085090212094,0.008052940675034493,0.006176323555016366,0.014938533731228863,0.037160737481329,0.024492062898407135,0.022269051271467537,0.14793874369889393,0.07950442358221727,0.031035641761856844,0.020108652619115236,0.030414866215619993,0.01878455474772592,0.008843149548962322,0.0264394265052361,0.01589728573837862,0.03618556115947052,0.03803582440263759,0.0146484375,0.018347943582085875,0.013028968812623373,0.005940197783494355,0.012732817197661424,0.0065509804028314154,0.010786485368346935,0.005694288959809864,0.009765625,0.0264394265052361,0.019773883526676354,0.023457836229422487,0.009003461384075085,0.012236293052872722,0.011134525635733769,0.013101960805662831,0.007873298582322802,0.018657200365764452,0.0013810679320049757,0.0048828125,0.012079411012551739,0.009765625,0.011388577919619728,0.006905339660024878,0.015440808887540914,0.008400708268596315,0.007042092334890604,0.006176323555016366,0.0048828125,0.019457869965987574,0.019918044974971814,0.013810679320049757,0.0205078125,0.009003461384075085,0.0166875073150733,0.003088161777508183,0.0029296875,0.0068359375,0.019186408891004394,0.013282686043686957,0.032241355506287456,0.01886055460530075,0.009765625,0.004979511243742954,0.009003461384075085,0.004026470337517247,0.01589728573837862,0.008734640537108554,0.004367320268554277,0.012236293052872722,0.004367320268554277,0.003521046167445302,0.008400708268596315,0.004979511243742954,0.007627196949127592,0.009765625,0.016630260122975003,0.02039122365021592,0.004979511243742954,0.005258950006967289,0.01878455474772592,0.012732817197661424,0.009765625,0.008734640537108554,0.004367320268554277,0.010054326309557618,0.0107421875,1,1,1,0.42249348759651184,0.5775065124034882,1778749557.109322,1.0
20.3125,11.309392929077148,5.0,0.08668246120214462,0.763395369052887,0.390625,36.69851303100586,12.870158195495605,19.921875,0.39538630843162537,0.028202205896377563,834.0,19930.0,6521503.5,23.896883010864258,0.5179312229156494,1.2164306640625,5.575241565704346,8.42941299197264e-05,0.0,0.22925832867622375,0,0,89,95,56,0,0,3,0,0,0,0,0,0,0,0,0,0,0,0,0,0,0,0,0,0,0,0,0,0,0,0,0,0,0,0,0,0,90,0,0,0,0,4,87,0,0,0,0,0,0,0,0,59,5,0,0,0,0,0,0,0,0,0,0,0,8,95,199,183,124,46,188,215,140,57,0,107,105,78,0,0,75,91,27,0,0,8,4,0,0,0,77,120,73,19,1,77,108,78,88,28,88,138,78,90,106,153,220,102,3,26,21,24,0,0,56,124,108,59,0,0,96,76,75,73,0,42,140,22,0,18,124,136,20,1,60,93,280,202,23,91,166,203,76,6,58,157,206,88,0,0,62,152,17,0,33,112,94,0,0,0,0,0,0,0,0,39,124,60,20,7,78,123,60,0,73,154,204,62,0,21,72,71,0,0,10,17,26,46,6,6,30,78,0,0,0,90,96,30,19,108,127,239,40,0,0,76,144,75,48,37,23,23,0,0,0,0,62,0,0,0,73,108,9,0,0,2,123,91,0,4,4,42,0,0,0,0,0,0,0,0,0,22,0,0,0,0,39,0,0,0,0,0,0,0,0.00146484375,0.125,0.03155370004180373,0.013101960805662831,0.05603971381017021,0.005694288959809864,0.01528562093993997,0.08114875941618058,0.0863857715476276,0.0185803687406645,0.07015634787367894,0.0126953125,0.02417855156863271,0.012079411012551739,0.014680953494504793,0.0567751634912056,0.012506102026236032,0.008052940675034493,0.005694288959809864,0.03057124187987994,0.024020261477048523,0.021035800027869155,0.034637007521422264,0.0185803687406645,0.019918044974971814,0.03304477405407936,0.027500249688142037,0.0185803687406645,0.01800692276815017,0.018165112536853784,0.016016815885602272,0.022651198251451565,0.03304477405407936,0.034402177644157296,0.014906579611790769,0.009765625,0.023518739411703703,0.015191747252054731,0.012506102026236032,0.022798081113142094,0.025031260972609954,0.017387200990981306,0.03066468450802262,0.016105881350068987,0.021683206358568866,0.005258950006967289,0.008052940675034493,0.025633603024231812,0.023212625632821705,0.004367320268554277,0.026939676219011176,0.137864894465475,0.0919058943725056,0.014874556847390447,0.016716057391234072,0.01727715430952552,0.020132351687586234,0.0041432037960149265,0.021945512748285382,0.027964494264211628,0.022651198251451565,0.03088161777508183,0.016716057391234072,0.008734640537108554,0.01878455474772592,0.004979511243742954,0.009765625,0.0087890625,0.008052940675034493,0.008843149548962322,0.010054326309557618,0.02485922277608956,0.020132351687586234,0.01727715430952552,0.011388577919619728,0.0065509804028314154,0.007627196949127592,0.014084184669781208,0.005859375,0.023457836229422487,0.004026470337517247,0.005940197783494355,0.008052940675034493,0.004367320268554277,0.009959022487485907,0.011134525635733769,0.01242961138804478,0.00966747552403483,0.0021836601342771385,0.01179984958358845,0.0041432037960149265,0.0146484375,0.02652944864688696,0.006905339660024878,0.01878455474772592,0.012079411012551739,0.009212872199274027,0.004367320268554277,0.007437278423695223,0.0009765625,0.017820593350483065,0.011134525635733769,0.03527810911755555,0.016164985700436375,0.010786485368346935,0.006176323555016366,0.009212872199274027,0.009003461384075085,0.010918300671385692,0.0021836601342771385,0.0048828125,0.013879560940968648,0.004979511243742954,0.005694288959809864,0.006253051013118016,0.003088161777508183,0.007042092334890604,0.008052940675034493,0.013810679320049757,0.01528562093993997,0.003521046167445302,0.013282686043686957,0.013879560940968648,0.013282686043686957,0.01516032685181643,0.007873298582322802,0.006253051013118016,0.009618025197066508,0.0029296875,1,1,1,0.4949295222759247,0.5050704777240753,1778749557.7412875,1.0
20.3125,11.234606742858887,6.0,0.07982639223337173,0.7429351210594177,0.390625,36.46696090698242,13.029842376708984,19.921875,0.39222875237464905,0.028219107538461685,835.0,19625.0,6179651.0,23.502994537353516,0.5279448628425598,1.266455888748169,5.526349067687988,0.0,0.0,0.24236318469047546,4,56,0,0,0,3,122,26,0,0,0,1,8,0,0,0,0,0,0,0,7,76,22,0,0,4,0,56,0,0,0,135,92,0,0,89,95,56,0,0,3,0,0,0,0,0,0,0,0,0,0,0,0,0,0,0,0,0,0,0,0,0,0,0,0,0,0,0,0,0,0,90,0,0,0,0,4,87,0,0,0,0,0,0,0,0,59,5,0,0,0,0,0,0,0,0,0,0,0,8,95,199,183,124,46,188,215,140,57,0,107,105,78,0,0,75,91,27,0,0,8,4,0,0,0,77,120,73,19,1,77,108,78,88,28,88,138,78,90,106,153,220,102,3,26,21,24,0,0,56,124,108,59,0,0,96,76,75,73,0,42,140,22,0,18,124,136,20,1,60,93,280,202,23,91,166,203,76,6,58,157,206,88,0,0,62,152,17,0,33,112,94,0,0,0,0,0,0,0,0,39,124,60,20,7,78,123,60,0,73,154,204,62,0,21,72,71,0,0,10,17,26,46,6,6,30,78,0,0,0,90,96,30,19,108,127,239,40,0,0,76,144,75,48,37,23,23,0,0,0,0,62,0,0,0,73,0.0,0.12156536187183933,0.0341098617120566,0.01680141653719263,0.05406488490494691,0.011134525635733769,0.013282686043686957,0.08740097982525175,0.07943842238904393,0.012236293052872722,0.07600894032144549,0.010381001770248682,0.023619895746968406,0.007042092334890604,0.01953125,0.053148690719483506,0.012079411012551739,0.0068359375,0.01188039556698871,0.029296875,0.014517645261053229,0.029296875,0.029296875,0.00966747552403483,0.02847144479904932,0.029313146523053973,0.02376079113397742,0.013028968812623373,0.013810679320049757,0.01800692276815017,0.023619895746968406,0.011759369705851851,0.03618556115947052,0.033332125323976586,0.01708286687942959,0.006905339660024878,0.02510734400816883,0.01284467425582608,0.011920464468489943,0.026240290708094537,0.028738162049926096,0.022269051271467537,0.022798081113142094,0.007437278423695223,0.02751758360079174,0.005524271728019903,0.010918300671385692,0.014680953494504793,0.03452669830012439,0.015746597164645604,0.04163868282290594,0.13680591529415917,0.08802615418613255,0.012236293052872722,0.01188039556698871,0.0332174831087792,0.005694288959809864,0.01516032685181643,0.02485922277608956,0.03521046167445302,0.02039122365021592,0.024492062898407135,0.021126277004671814,0.01792730444402912,0.010918300671385692,0.010786485368346935,0.01680141653719263,0.005940197783494355,0.011759369705851851,0.0068359375,0.014084184669781208,0.02568934851165216,0.015440808887540914,0.019749754312653012,0.009264485332524549,0.007109482313750506,0.007042092334890604,0.013282686043686957,0.009003461384075085,0.019773883526676354,0.004026470337517247,0.0,0.013706707859002147,0.010381001770248682,0.0065509804028314154,0.007042092334890604,0.007627196949127592,0.01284467425582608,0.0027621358640099515,0.011430371006562134,0.003521046167445302,0.01589728573837862,0.024724587697601882,0.0078125,0.01824369305885684,0.014938533731228863,0.0078125,0.009264485332524549,0.012732817197661424,0.007109482313750506,0.013028968812623373,0.013982247132105814,0.02847144479904932,0.0185546875,0.016105881350068987,0.004979511243742954,0.010918300671385692,0.010563138502335907,0.00834375365753665,0.005694288959809864,0.0021836601342771385,0.009959022487485907,0.008734640537108554,0.005258950006967289,0.0041432037960149265,0.0013810679320049757,0.01019561182510796,0.007109482313750506,0.009003461384075085,0.010918300671385692,0.006905339660024878,0.013101960805662831,0.01875915303935405,0.008052940675034493,0.013810679320049757,0.006253051013118016,0.01171875,0.008843149548962322,0.0078125,1,1,1,0.680855393409729,0.319144606590271,1778749558.9224684,1.0
21.875,11.300171852111816,4.0,0.08830882608890533,0.747517466545105,0.390625,35.316349029541016,13.027215003967285,19.921875,0.38998469710350037,0.02798154018819332,821.0,16714.0,5301032.0,20.35809898376465,0.5217064619064331,1.0191463232040405,5.4416022300720215,0.0,0.0,0.23122353851795197,44,0,0,0,27,26,0,0,0,45,156,124,64,0,0,138,93,3,6,109,168,89,0,0,8,0,0,0,0,0,93,25,0,0,4,56,0,0,0,3,122,26,0,0,0,1,8,0,0,0,0,0,0,0,7,76,22,0,0,4,0,56,0,0,0,135,92,0,0,89,95,56,0,0,3,0,0,0,0,0,0,0,0,0,0,0,0,0,0,0,0,0,0,0,0,0,0,0,0,0,0,0,0,0,0,90,0,0,0,0,4,87,0,0,0,0,0,0,0,0,59,5,0,0,0,0,0,0,0,0,0,0,0,8,95,199,183,124,46,188,215,140,57,0,107,105,78,0,0,75,91,27,0,0,8,4,0,0,0,77,120,73,19,1,77,108,78,88,28,88,138,78,90,106,153,220,102,3,26,21,24,0,0,56,124,108,59,0,0,96,76,75,73,0,42,140,22,0,18,124,136,20,1,60,93,280,202,23,91,166,203,76,6,58,157,206,88,0,0,62,152,17,0,33,112,94,0,0,0,0,0,0,0,0,39,124,60,20,7,78,123,60,0,73,154,204,62,0,21,72,71,0,0,10,17,26,0.0,0.12506102026236032,0.02681548870653512,0.016858082521125067,0.055928988528423255,0.0146484375,0.013566839833447074,0.08757538953689593,0.07665238067652502,0.01019561182510796,0.06910861723810208,0.01441877251975918,0.017953883116064683,0.0048828125,0.025855863857175247,0.05066844441825331,0.010054326309557618,0.00966747552403483,0.01441877251975918,0.023840928936979887,0.024492062898407135,0.021836601342771385,0.03554741156875253,0.004367320268554277,0.02847144479904932,0.03819845159298427,0.03625138904935661,0.004026470337517247,0.014778072217208551,0.009765625,0.022777155839239456,0.020692988379313566,0.030414866215619993,0.033673710253059895,0.022798081113142094,0.01313830473347042,0.011134525635733769,0.007437278423695223,0.007627196949127592,0.015440808887540914,0.009003461384075085,0.021945512748285382,0.007437278423695223,0.010054326309557618,0.022798081113142094,0.014906579611790769,0.025031260972609954,0.02489755621871477,0.009959022487485907,0.02708090746848056,0.06392569472286383,0.1262525743278689,0.06886670004790618,0.0412127887617367,0.028920103310470405,0.02458921545315268,0.012079411012551739,0.029133659941750583,0.034938562148434216,0.03419363554689765,0.006176323555016366,0.021836601342771385,0.0185803687406645,0.014938533731228863,0.022032254243512652,0.01516032685181643,0.02883754503951836,0.016164985700436375,0.0021836601342771385,0.0065509804028314154,0.01708286687942959,0.027203883353875233,0.010563138502335907,0.02489755621871477,0.006905339660024878,0.007873298582322802,0.011920464468489943,0.00966747552403483,0.0065509804028314154,0.020600608505594715,0.001953125,0.0021836601342771385,0.010918300671385692,0.01019561182510796,0.011134525635733769,0.006253051013118016,0.007437278423695223,0.012236293052872722,0.0048828125,0.006905339660024878,0.007873298582322802,0.018657200365764452,0.01800692276815017,0.01953125,0.009003461384075085,0.013671875,0.010918300671385692,0.008286407592029853,0.007437278423695223,0.009212872199274027,0.005258950006967289,0.028117539157984314,0.012506102026236032,0.01708286687942959,0.0126953125,0.01878455474772592,0.005258950006967289,0.0029296875,0.01242961138804478,0.006176323555016366,0.001953125,0.015746597164645604,0.0009765625,0.006176323555016366,0.005694288959809864,0.008734640537108554,0.004367320268554277,0.013282686043686957,0.005859375,0.011134525635733769,0.005258950006967289,0.01589728573837862,0.020108652619115236,0.0009765625,0.010517900013934578,0.0027621358640099515,0.011134525635733769,0.008734640537108554,0.0048828125,1,1,1,0.680855393409729,0.319144606590271,1778749559.0543506,1.0
21.484375,11.242011070251465,5.0,0.0960308089852333,0.7584565281867981,0.390625,34.88245391845703,12.83887767791748,19.921875,0.38989952206611633,0.027256418019533157,779.0,14785.0,4203726.5,18.979461669921875,0.514069676399231,1.001625895500183,5.359767436981201,0.00016045247321017087,0.0,0.2528092563152313,0,20,120,126,121,0,2,17,92,92,24,0,78,64,40,0,0,23,63,0,0,0,0,78,76,45,0,45,44,0,0,0,27,26,0,0,0,45,156,124,64,0,0,138,93,3,6,109,168,89,0,0,8,0,0,0,0,0,93,25,0,0,4,56,0,0,0,3,122,26,0,0,0,1,8,0,0,0,0,0,0,0,7,76,22,0,0,4,0,56,0,0,0,135,92,0,0,89,95,56,0,0,3,0,0,0,0,0,0,0,0,0,0,0,0,0,0,0,0,0,0,0,0,0,0,0,0,0,0,0,0,0,0,90,0,0,0,0,4,87,0,0,0,0,0,0,0,0,59,5,0,0,0,0,0,0,0,0,0,0,0,8,95,199,183,124,46,188,215,140,57,0,107,105,78,0,0,75,91,27,0,0,8,4,0,0,0,77,120,73,19,1,77,108,78,88,28,88,138,78,90,106,153,220,102,3,26,21,24,0,0,56,124,108,59,0,0,96,76,75,73,0,42,140,22,0,18,124,136,20,1,60,93,280,202,23,91,166,203,76,6,58,157,206,88,0,0,62,152,17,0,33,112,94,0,0,0.001953125,0.11864732017400417,0.04143203796014927,0.022798081113142094,0.06437910048378714,0.024954945974962183,0.02378085090212094,0.08014954894016872,0.07015634787367894,0.007873298582322802,0.05539786954563607,0.02756951994822872,0.013982247132105814,0.01284467425582608,0.01441877251975918,0.05256229156561675,0.02568934851165216,0.013810679320049757,0.02298555135925746,0.019652941208494246,0.0324624416769427,0.0166015625,0.038098455474865546,0.01589728573837862,0.01800692276815017,0.029556144434417102,0.02833714478231818,0.003521046167445302,0.0185546875,0.0107421875,0.020600608505594715,0.018347943582085875,0.032241355506287456,0.035372598195849286,0.020967686087484266,0.0126953125,0.013706707859002147,0.005524271728019903,0.009264485332524549,0.011430371006562134,0.004026470337517247,0.02458921545315268,0.004979511243742954,0.01760523083722651,0.013282686043686957,0.021506558149946522,0.01589728573837862,0.017469281074217108,0.029813159223581537,0.02298555135925746,0.06861003152441522,0.1187437357003156,0.049890780368925004,0.0537109375,0.021506558149946522,0.04311277354422679,0.008734640537108554,0.0205078125,0.03798564519292329,0.024647323172117114,0.007437278423695223,0.029442994983752607,0.013982247132105814,0.007873298582322802,0.016858082521125067,0.012506102026236032,0.027981540589637505,0.013982247132105814,0.006176323555016366,0.004979511243742954,0.009003461384075085,0.017469281074217108,0.0021836601342771385,0.031310975667737106,0.01179984958358845,0.0048828125,0.011134525635733769,0.012732817197661424,0.007873298582322802,0.017469281074217108,0.003521046167445302,0.009003461384075085,0.0166015625,0.012506102026236032,0.009814331661250869,0.0009765625,0.007109482313750506,0.01188039556698871,0.005694288959809864,0.008843149548962322,0.011388577919619728,0.0205078125,0.01589728573837862,0.020531050821902968,0.011920464468489943,0.011759369705851851,0.0087890625,0.008052940675034493,0.009212872199274027,0.0087890625,0.005940197783494355,0.03088161777508183,0.013028968812623373,0.014938533731228863,0.007627196949127592,0.013879560940968648,0.003521046167445302,0.004979511243742954,0.0170549308560283,0.0021836601342771385,0.0029296875,0.012732817197661424,0.001953125,0.004026470337517247,0.005940197783494355,0.009618025197066508,0.005258950006967289,0.012352647110032733,0.005524271728019903,0.011388577919619728,0.010381001770248682,0.006905339660024878,0.011759369705851851,0.010918300671385692,0.010563138502335907,0.0048828125,0.0068359375,0.008843149548962322,0.0048828125,1,1,1,0.0,0.7465255558490753,1778749560.1550415,1.0
21.875,11.365737915039062,4.0,0.10364145785570145,0.7830032110214233,3.125,33.131065368652344,12.755388259887695,19.921875,0.39363452792167664,0.024079741910099983,608.0,11321.0,1898963.625,18.620065689086914,0.5027240514755249,1.9329007863998413,4.976914405822754,1.284917652810691e-05,0.0,0.2988118529319763,46,110,0,0,0,0,0,0,0,0,0,24,0,0,0,0,0,0,0,0,0,0,0,0,0,0,0,0,18,0,76,42,18,0,20,120,126,121,0,2,17,92,92,24,0,78,64,40,0,0,23,63,0,0,0,0,78,76,45,0,45,44,0,0,0,27,26,0,0,0,45,156,124,64,0,0,138,93,3,6,109,168,89,0,0,8,0,0,0,0,0,93,25,0,0,4,56,0,0,0,3,122,26,0,0,0,1,8,0,0,0,0,0,0,0,7,76,22,0,0,4,0,56,0,0,0,135,92,0,0,89,95,56,0,0,3,0,0,0,0,0,0,0,0,0,0,0,0,0,0,0,0,0,0,0,0,0,0,0,0,0,0,0,0,0,0,90,0,0,0,0,4,87,0,0,0,0,0,0,0,0,59,5,0,0,0,0,0,0,0,0,0,0,0,8,95,199,183,124,46,188,215,140,57,0,107,105,78,0,0,75,91,27,0,0,8,4,0,0,0,77,120,73,19,1,77,108,78,88,28,88,138,78,90,106,153,220,102,3,26,21,24,0,0,56,124,108,59,0,0,96,76,75,73,0,42,0.00048828125,0.07219300616514149,0.07366414908455511,0.03742923417331406,0.025633603024231812,0.04239901044158674,0.056082242247504806,0.033969779552590014,0.07473734321737298,0.035934315415965035,0.052959948683422846,0.024724587697601882,0.011388577919619728,0.024647323172117114,0.031158312760827766,0.029700988917471777,0.0166875073150733,0.009814331661250869,0.010563138502335907,0.030586835475323877,0.032638232357555474,0.015746597164645604,0.04194674139631744,0.020716018980074635,0.012732817197661424,0.012079411012551739,0.010517900013934578,0.018528970665049098,0.02708090746848056,0.0021836601342771385,0.022140203220223895,0.02161713244255728,0.035814689103305174,0.0285216442705278,0.014680953494504793,0.019749754312653012,0.01589728573837862,0.011430371006562134,0.011759369705851851,0.018425744398548053,0.0146484375,0.010563138502335907,0.011048543456039806,0.03232997140087275,0.003088161777508183,0.03014716609459596,0.0029296875,0.011134525635733769,0.012236293052872722,0.003521046167445302,0.05078125,0.10390643356421755,0.033332125323976586,0.051905008851243405,0.014517645261053229,0.009212872199274027,0.0234375,0.02489755621871477,0.016016815885602272,0.01792730444402912,0.011048543456039806,0.03176456243611444,0.0126953125,0.01171875,0.01760523083722651,0.015440808887540914,0.0208765218031562,0.020600608505594715,0.009264485332524549,0.007873298582322802,0.005694288959809864,0.016858082521125067,0.007873298582322802,0.02417855156863271,0.006905339660024878,0.003521046167445302,0.008286407592029853,0.010381001770248682,0.00834375365753665,0.013282686043686957,0.0048828125,0.003521046167445302,0.009264485332524549,0.01589728573837862,0.004979511243742954,0.0048828125,0.008286407592029853,0.01179984958358845,0.007627196949127592,0.007437278423695223,0.01019561182510796,0.023047702580480365,0.012506102026236032,0.01727715430952552,0.009003461384075085,0.010786485368346935,0.007873298582322802,0.0048828125,0.009003461384075085,0.010517900013934578,0.0048828125,0.025947910655442233,0.007873298582322802,0.017953883116064683,0.004979511243742954,0.008052940675034493,0.005694288959809864,0.005694288959809864,0.010918300671385692,0.008286407592029853,0.012079411012551739,0.009814331661250869,0.006253051013118016,0.008052940675034493,0.0021836601342771385,0.007109482313750506,0.004367320268554277,0.011759369705851851,0.0065509804028314154,0.016858082521125067,0.0078125,0.007873298582322802,0.009618025197066508,0.013671875,0.007042092334890604,0.003088161777508183,0.0068359375,0.009765625,0.00390625,1,1,1,0.0,0.7091688513755798,1778749560.277696,1.0
23.828125,11.71092700958252,5.0,0.0939413532614708,0.7103462219238281,0.78125,51.30717849731445,13.793204307556152,19.921875,0.37630704045295715,0.02224762924015522,519.0,11618.0,1567339.125,22.385356903076172,0.5297515988349915,2.1028053760528564,6.333365440368652,0.0001354055420961231,0.0,0.3183732330799103,0,0,0,0,24,0,0,0,61,89,31,0,0,0,24,0,0,0,30,56,0,0,0,0,0,23,0,0,0,190,64,0,0,46,110,0,0,0,0,0,0,0,0,0,24,0,0,0,0,0,0,0,0,0,0,0,0,0,0,0,0,18,0,76,42,18,0,20,120,126,121,0,2,17,92,92,24,0,78,64,40,0,0,23,63,0,0,0,0,78,76,45,0,45,44,0,0,0,27,26,0,0,0,45,156,124,64,0,0,138,93,3,6,109,168,89,0,0,8,0,0,0,0,0,93,25,0,0,4,56,0,0,0,3,122,26,0,0,0,1,8,0,0,0,0,0,0,0,7,76,22,0,0,4,0,56,0,0,0,135,92,0,0,89,95,56,0,0,3,0,0,0,0,0,0,0,0,0,0,0,0,0,0,0,0,0,0,0,0,0,0,0,0,0,0,0,0,0,0,90,0,0,0,0,4,87,0,0,0,0,0,0,0,0,59,5,0,0,0,0,0,0,0,0,0,0,0,8,95,199,183,124,46,188,215,140,57,0,107,105,78,0,0,75,91,27,0,0,8,4,0,0,0,77,120,73,0.00146484375,0.02883754503951836,0.07258822630526614,0.04523919852304871,0.03179457147675724,0.024492062898407135,0.05623507831596863,0.022032254243512652,0.06354413470702125,0.03168941550700772,0.05669111435039059,0.040653629485348924,0.023212625632821705,0.016105881350068987,0.031204190055996988,0.01878455474772592,0.00966747552403483,0.013810679320049757,0.030835260554388563,0.024020261477048523,0.010786485368346935,0.010918300671385692,0.03829818662329605,0.003088161777508183,0.027010384152225255,0.0107421875,0.013982247132105814,0.013982247132105814,0.017578125,0.01708286687942959,0.010918300671385692,0.007873298582322802,0.019749754312653012,0.021417687694786434,0.003088161777508183,0.026294750034836445,0.015440808887540914,0.010918300671385692,0.015746597164645604,0.021683206358568866,0.011048543456039806,0.022798081113142094,0.0065509804028314154,0.029296875,0.004026470337517247,0.031988944051092184,0.009003461384075085,0.0065509804028314154,0.02681548870653512,0.03102027377786834,0.028985980624327792,0.10526057290366518,0.0192608231673008,0.025465634395322848,0.016253239235442616,0.02681548870653512,0.01680141653719263,0.029813159223581537,0.01589728573837862,0.020692988379313566,0.007042092334890604,0.027964494264211628,0.013879560940968648,0.009264485332524549,0.021836601342771385,0.01800692276815017,0.019555648822754675,0.023047702580480365,0.008843149548962322,0.007042092334890604,0.005940197783494355,0.016016815885602272,0.0021836601342771385,0.027500249688142037,0.006905339660024878,0.014517645261053229,0.006905339660024878,0.0013810679320049757,0.011134525635733769,0.0078125,0.0078125,0.0021836601342771385,0.012732817197661424,0.014084184669781208,0.001953125,0.006905339660024878,0.010054326309557618,0.011759369705851851,0.005694288959809864,0.011920464468489943,0.008843149548962322,0.016572815184059706,0.0048828125,0.005258950006967289,0.003088161777508183,0.004979511243742954,0.004367320268554277,0.0009765625,0.014938533731228863,0.01760523083722651,0.014084184669781208,0.01179984958358845,0.01528562093993997,0.015440808887540914,0.009003461384075085,0.018961413905222265,0.003521046167445302,0.0065509804028314154,0.014218964627501012,0.003521046167445302,0.009003461384075085,0.004026470337517247,0.010517900013934578,0.014517645261053229,0.004979511243742954,0.00834375365753665,0.004979511243742954,0.01019561182510796,0.009814331661250869,0.015440808887540914,0.009212872199274027,0.009003461384075085,0.013282686043686957,0.011134525635733769,0.008734640537108554,0.0048828125,0.007873298582322802,0.0087890625,0.005859375,1,1,1,0.3695007860660553,0.6304992139339447,1778749560.987608,1.0
26.5625,11.845356941223145,2.0,0.1228056326508522,0.3461970090866089,2.34375,80.6523208618164,16.42816734313965,19.921875,0.22558516263961792,0.01940879598259926,395.0,9860.0,883776.625,24.962024688720703,0.6516091823577881,3.836575984954834,8.162091255187988,0.0009686857229098678,0.0,0.42150554060935974,0,0,0,0,0,0,0,0,0,0,0,0,21,107,0,0,0,0,92,0,0,0,0,0,0,0,0,0,9,19,0,0,0,7,0,0,0,0,24,0,0,0,61,89,31,0,0,0,24,0,0,0,30,56,0,0,0,0,0,23,0,0,0,190,64,0,0,46,110,0,0,0,0,0,0,0,0,0,24,0,0,0,0,0,0,0,0,0,0,0,0,0,0,0,0,18,0,76,42,18,0,20,120,126,121,0,2,17,92,92,24,0,78,64,40,0,0,23,63,0,0,0,0,78,76,45,0,45,44,0,0,0,27,26,0,0,0,45,156,124,64,0,0,138,93,3,6,109,168,89,0,0,8,0,0,0,0,0,93,25,0,0,4,56,0,0,0,3,122,26,0,0,0,1,8,0,0,0,0,0,0,0,7,76,22,0,0,4,0,56,0,0,0,135,92,0,0,89,95,56,0,0,3,0,0,0,0,0,0,0,0,0,0,0,0,0,0,0,0,0,0,0,0,0,0,0,0,0,0,0,0,0,0,90,0,0,0,0,4,87,0,0,0,0,0,0,0,0,59,5,0,0,0,0,0,0,0.00341796875,0.04014610310760638,0.03419363554689765,0.010918300671385692,0.027759121881937295,0.032754902014157074,0.049506999436080376,0.014874556847390447,0.04336641271713773,0.007042092334890604,0.02763861659782208,0.024020261477048523,0.013982247132105814,0.03234471711265468,0.021417687694786434,0.021484375,0.008734640537108554,0.011759369705851851,0.019555648822754675,0.018425744398548053,0.010786485368346935,0.020600608505594715,0.04088754182706703,0.01179984958358845,0.023212625632821705,0.011430371006562134,0.0029296875,0.02777629424478104,0.006905339660024878,0.02756951994822872,0.011920464468489943,0.010563138502335907,0.016858082521125067,0.01760523083722651,0.013671875,0.03126525506559008,0.01760523083722651,0.023640075072090243,0.015776850020901866,0.011134525635733769,0.014938533731228863,0.022798081113142094,0.007627196949127592,0.03460946317708857,0.006253051013118016,0.03564118670096613,0.021836601342771385,0.015254393898255184,0.008843149548962322,0.021945512748285382,0.013601941676937616,0.09697024677583133,0.02510734400816883,0.015776850020901866,0.00834375365753665,0.01800692276815017,0.013706707859002147,0.0283875817456028,0.013101960805662831,0.01708286687942959,0.0041432037960149265,0.02756951994822872,0.009959022487485907,0.016370170521718956,0.016630260122975003,0.010517900013934578,0.017469281074217108,0.02458921545315268,0.013671875,0.009003461384075085,0.007109482313750506,0.016858082521125067,0.0027621358640099515,0.025633603024231812,0.004026470337517247,0.008843149548962322,0.0078125,0.007109482313750506,0.0107421875,0.005524271728019903,0.006905339660024878,0.0021836601342771385,0.007873298582322802,0.016630260122975003,0.006176323555016366,0.008052940675034493,0.011920464468489943,0.013282686043686957,0.008052940675034493,0.006176323555016366,0.011048543456039806,0.007873298582322802,0.015191747252054731,0.005940197783494355,0.011430371006562134,0.007109482313750506,0.010381001770248682,0.007627196949127592,0.01313830473347042,0.011430371006562134,0.016858082521125067,0.011759369705851851,0.027500249688142037,0.009814331661250869,0.011134525635733769,0.009212872199274027,0.009003461384075085,0.013282686043686957,0.010381001770248682,0.008400708268596315,0.0027621358640099515,0.006176323555016366,0.01708286687942959,0.011388577919619728,0.003088161777508183,0.006253051013118016,0.006253051013118016,0.007873298582322802,0.0087890625,0.013101960805662831,0.009765625,0.009959022487485907,0.013982247132105814,0.01171875,0.00834375365753665,0.007109482313750506,0.0107421875,0.007873298582322802,0.0029296875,1,1,1,0.0,0.8837392926216125,1778749561.6190164,1.0
26.171875,12.090685844421387,4.0,0.09548012167215347,0.4505142569541931,3.90625,65.23651123046875,16.105274200439453,19.921875,0.28093421459198,0.019211245700716972,387.0,8468.0,719307.3125,21.88113784790039,0.6235856413841248,3.353663444519043,7.11759614944458,0.0007260845741257071,0.0,0.38030093908309937,90,89,73,0,0,0,0,0,0,0,25,46,90,63,0,96,110,185,74,0,2,141,73,1,0,0,10,27,0,0,0,0,0,0,0,0,0,0,0,0,21,107,0,0,0,0,92,0,0,0,0,0,0,0,0,0,9,19,0,0,0,7,0,0,0,0,24,0,0,0,61,89,31,0,0,0,24,0,0,0,30,56,0,0,0,0,0,23,0,0,0,190,64,0,0,46,110,0,0,0,0,0,0,0,0,0,24,0,0,0,0,0,0,0,0,0,0,0,0,0,0,0,0,18,0,76,42,18,0,20,120,126,121,0,2,17,92,92,24,0,78,64,40,0,0,23,63,0,0,0,0,78,76,45,0,45,44,0,0,0,27,26,0,0,0,45,156,124,64,0,0,138,93,3,6,109,168,89,0,0,8,0,0,0,0,0,93,25,0,0,4,56,0,0,0,3,122,26,0,0,0,1,8,0,0,0,0,0,0,0,7,76,22,0,0,4,0,56,0,0,0,135,92,0,0,89,95,56,0,0,3,0,0,0,0,0,0,0,0,0,0,0,0,0,0,0,0,0,0,0,0,0,0,0,0,0,0.0029296875,0.03401186477982031,0.03625138904935661,0.01171875,0.03521046167445302,0.04542852870942581,0.04891593666550076,0.0300838316420886,0.01727715430952552,0.024724587697601882,0.049071658306254345,0.02378085090212094,0.013810679320049757,0.03066468450802262,0.01727715430952552,0.013101960805662831,0.013282686043686957,0.01878455474772592,0.0126953125,0.005524271728019903,0.013101960805662831,0.025465634395322848,0.028854075591199527,0.008734640537108554,0.02039122365021592,0.015440808887540914,0.009814331661250869,0.019773883526676354,0.01171875,0.018425744398548053,0.016858082521125067,0.007042092334890604,0.008843149548962322,0.0021836601342771385,0.021439939843847802,0.015776850020901866,0.014906579611790769,0.013282686043686957,0.020600608505594715,0.010918300671385692,0.01179984958358845,0.022269051271467537,0.01019561182510796,0.026565372087373914,0.010381001770248682,0.037378240642587185,0.01019561182510796,0.013282686043686957,0.017686299097924643,0.0009765625,0.0283875817456028,0.08986497711193235,0.034637007521422264,0.030289184412638327,0.008843149548962322,0.025855863857175247,0.02132844694125152,0.01875915303935405,0.019918044974971814,0.011134525635733769,0.012732817197661424,0.033260520245950005,0.007873298582322802,0.02315091717017519,0.007873298582322802,0.021506558149946522,0.016858082521125067,0.02315091717017519,0.007873298582322802,0.012732817197661424,0.006905339660024878,0.016253239235442616,0.003521046167445302,0.023840928936979887,0.0029296875,0.0087890625,0.008734640537108554,0.001953125,0.012079411012551739,0.006253051013118016,0.0041432037960149265,0.0078125,0.014938533731228863,0.004367320268554277,0.006253051013118016,0.005940197783494355,0.006905339660024878,0.0029296875,0.012236293052872722,0.005694288959809864,0.016105881350068987,0.003088161777508183,0.01824369305885684,0.005258950006967289,0.005694288959809864,0.00390625,0.007042092334890604,0.006176323555016366,0.011759369705851851,0.009212872199274027,0.01760523083722651,0.00834375365753665,0.02298555135925746,0.013101960805662831,0.013671875,0.009212872199274027,0.008734640537108554,0.014778072217208551,0.00966747552403483,0.009618025197066508,0.0021836601342771385,0.0027621358640099515,0.010381001770248682,0.016572815184059706,0.007109482313750506,0.006176323555016366,0.01019561182510796,0.007042092334890604,0.010381001770248682,0.006253051013118016,0.015776850020901866,0.006176323555016366,0.007042092334890604,0.011759369705851851,0.015746597164645604,0.0041432037960149265,0.00390625,0.010918300671385692,0.0068359375,1,1,1,0.0,0.7423104643821716,1778749562.2384505,1.0
26.171875,11.93068790435791,1.0,0.1623380184173584,0.3735632300376892,0.78125,74.75231170654297,16.11610221862793,19.921875,0.22781601548194885,0.02034440077841282,434.0,9698.0,879185.75,22.345623016357422,0.6098459362983704,4.376353740692139,7.70908260345459,0.0004493412561714649,0.0,0.3964594602584839,46,0,0,6,126,61,0,0,0,59,0,0,0,8,29,77,72,20,60,127,121,0,0,60,6,31,0,0,0,71,105,104,78,90,89,73,0,0,0,0,0,0,0,25,46,90,63,0,96,110,185,74,0,2,141,73,1,0,0,10,27,0,0,0,0,0,0,0,0,0,0,0,0,21,107,0,0,0,0,92,0,0,0,0,0,0,0,0,0,9,19,0,0,0,7,0,0,0,0,24,0,0,0,61,89,31,0,0,0,24,0,0,0,30,56,0,0,0,0,0,23,0,0,0,190,64,0,0,46,110,0,0,0,0,0,0,0,0,0,24,0,0,0,0,0,0,0,0,0,0,0,0,0,0,0,0,18,0,76,42,18,0,20,120,126,121,0,2,17,92,92,24,0,78,64,40,0,0,23,63,0,0,0,0,78,76,45,0,45,44,0,0,0,27,26,0,0,0,45,156,124,64,0,0,138,93,3,6,109,168,89,0,0,8,0,0,0,0,0,93,25,0,0,4,56,0,0,0,3,122,26,0,0,0,1,8,0,0,0,0,0,0,0,7,76,22,0,0,4,0,56,0,0,0,135,92,0.00244140625,0.03538607603904968,0.04597110271851492,0.04008667139018319,0.009765625,0.027500249688142037,0.038397662600268556,0.03250647847088523,0.011134525635733769,0.02489755621871477,0.045939974556012016,0.01589728573837862,0.025012204052472065,0.02708090746848056,0.032754902014157074,0.029035290522106457,0.03066468450802262,0.03792282781044453,0.029035290522106457,0.016858082521125067,0.009003461384075085,0.018347943582085875,0.03126525506559008,0.019628663322501738,0.02003738723504218,0.016630260122975003,0.012236293052872722,0.020132351687586234,0.010918300671385692,0.02132844694125152,0.013706707859002147,0.007873298582322802,0.011134525635733769,0.004979511243742954,0.01886055460530075,0.01886055460530075,0.014517645261053229,0.013282686043686957,0.020600608505594715,0.011920464468489943,0.010517900013934578,0.020600608505594715,0.009814331661250869,0.028168369339562415,0.014084184669781208,0.0333750146301466,0.01792730444402912,0.009264485332524549,0.021683206358568866,0.011134525635733769,0.041718768287683256,0.09617033596961078,0.02756951994822872,0.026868782211323446,0.0078125,0.017387200990981306,0.014874556847390447,0.021683206358568866,0.022545696055889054,0.0126953125,0.013982247132105814,0.03516981075267404,0.005940197783494355,0.02376079113397742,0.003088161777508183,0.0263671875,0.021945512748285382,0.014218964627501012,0.016370170521718956,0.005694288959809864,0.0029296875,0.01875915303935405,0.006253051013118016,0.03126525506559008,0.010054326309557618,0.009765625,0.011388577919619728,0.0048828125,0.012079411012551739,0.005694288959809864,0.0068359375,0.00834375365753665,0.015746597164645604,0.006905339660024878,0.0041432037960149265,0.005258950006967289,0.005940197783494355,0.0048828125,0.009618025197066508,0.008400708268596315,0.015655487833868553,0.005694288959809864,0.018657200365764452,0.004367320268554277,0.005940197783494355,0.0048828125,0.007627196949127592,0.0027621358640099515,0.01313830473347042,0.010918300671385692,0.019555648822754675,0.0065509804028314154,0.02132844694125152,0.014874556847390447,0.015655487833868553,0.006905339660024878,0.012352647110032733,0.01313830473347042,0.009618025197066508,0.008286407592029853,0.003088161777508183,0.005859375,0.008734640537108554,0.020531050821902968,0.008843149548962322,0.0029296875,0.0087890625,0.009003461384075085,0.012506102026236032,0.006905339660024878,0.017304731588544287,0.006905339660024878,0.005694288959809864,0.013879560940968648,0.01792730444402912,0.005694288959809864,0.003521046167445302,0.007109482313750506,0.001953125,1,1,0,0.0,0.8901315778493881,1778749562.8628645,1.0
23.828125,11.653347969055176,4.0,0.14310084283351898,0.6092595458030701,0.390625,41.48936080932617,13.885376930236816,19.921875,0.3244187533855438,0.023253673687577248,567.0,12053.0,1940932.25,21.257495880126953,0.5324804186820984,1.7101305723190308,5.72381067276001,0.0006740954704582691,0.0,0.3073379397392273,0,0,25,76,1,4,61,135,103,62,24,60,172,188,126,88,207,200,142,0,23,30,88,56,0,0,23,63,62,0,0,46,95,46,0,0,6,126,61,0,0,0,59,0,0,0,8,29,77,72,20,60,127,121,0,0,60,6,31,0,0,0,71,105,104,78,90,89,73,0,0,0,0,0,0,0,25,46,90,63,0,96,110,185,74,0,2,141,73,1,0,0,10,27,0,0,0,0,0,0,0,0,0,0,0,0,21,107,0,0,0,0,92,0,0,0,0,0,0,0,0,0,9,19,0,0,0,7,0,0,0,0,24,0,0,0,61,89,31,0,0,0,24,0,0,0,30,56,0,0,0,0,0,23,0,0,0,190,64,0,0,46,110,0,0,0,0,0,0,0,0,0,24,0,0,0,0,0,0,0,0,0,0,0,0,0,0,0,0,18,0,76,42,18,0,20,120,126,121,0,2,17,92,92,24,0,78,64,40,0,0,23,63,0,0,0,0,78,76,45,0,45,44,0,0,0,27,26,0,0,0,45,156,124,64,0,0,138,93,3,6,109,168,89,0,0,8,0,0,0,0,0,93,25,0,0,0.00341796875,0.08198473383521623,0.005940197783494355,0.01441877251975918,0.054661335817017695,0.016572815184059706,0.03500673501745102,0.07230520453286238,0.04509139211177811,0.00834375365753665,0.04632242666262274,0.03908690643787012,0.005694288959809864,0.01284467425582608,0.046895340638839725,0.0388789633542859,0.033203125,0.023047702580480365,0.018657200365764452,0.02708090746848056,0.022881590847382775,0.025353037081537442,0.024158822025103478,0.0205078125,0.02489755621871477,0.023212625632821705,0.022545696055889054,0.02627660946694084,0.012236293052872722,0.018657200365764452,0.00390625,0.01760523083722651,0.0078125,0.006253051013118016,0.027361183058831836,0.01760523083722651,0.010054326309557618,0.015625,0.019555648822754675,0.014218964627501012,0.011759369705851851,0.02489755621871477,0.013028968812623373,0.027621358640099514,0.0166875073150733,0.025781989809461104,0.013706707859002147,0.019457869965987574,0.011759369705851851,0.025781989809461104,0.06377633541896756,0.10721304274967916,0.01727715430952552,0.009264485332524549,0.009264485332524549,0.026057937625246747,0.014938533731228863,0.021035800027869155,0.02995676103550384,0.003088161777508183,0.0027621358640099515,0.023212625632821705,0.02003738723504218,0.013028968812623373,0.01188039556698871,0.030162978928672854,0.02580047815160724,0.011134525635733769,0.021945512748285382,0.005694288959809864,0.009618025197066508,0.013601941676937616,0.005694288959809864,0.026939676219011176,0.00390625,0.0068359375,0.014906579611790769,0.00390625,0.007437278423695223,0.006176323555016366,0.009765625,0.005694288959809864,0.014938533731228863,0.006176323555016366,0.005694288959809864,0.0078125,0.003088161777508183,0.0009765625,0.012506102026236032,0.005940197783494355,0.013671875,0.0068359375,0.019628663322501738,0.006176323555016366,0.005940197783494355,0.006253051013118016,0.007042092334890604,0.006176323555016366,0.010381001770248682,0.014084184669781208,0.020692988379313566,0.0009765625,0.014778072217208551,0.01727715430952552,0.01019561182510796,0.01313830473347042,0.0146484375,0.017304731588544287,0.010786485368346935,0.007627196949127592,0.008400708268596315,0.01019561182510796,0.004367320268554277,0.01875915303935405,0.007109482313750506,0.0048828125,0.006905339660024878,0.011920464468489943,0.014906579611790769,0.0048828125,0.010563138502335907,0.014218964627501012,0.003088161777508183,0.011920464468489943,0.011134525635733769,0.009618025197066508,0.005258950006967289,0.01019561182510796,0.0048828125,1,1,0,0.0,0.8755229189991951,1778749563.5916555,1.0
24.21875,12.004193305969238,4.0,0.14859333634376526,0.6330745816230774,0.390625,37.686214447021484,13.987314224243164,19.921875,0.3300546705722809,0.02207549661397934,511.0,9965.0,1393901.625,19.500978469848633,0.5213519930839539,1.7357603311538696,5.396948337554932,0.0005498365499079227,0.0,0.30326998233795166,135,234,233,41,0,42,187,41,0,0,0,0,44,0,0,7,104,106,0,0,0,12,62,0,0,0,42,78,0,0,0,79,88,0,0,0,25,76,1,4,61,135,103,62,24,60,172,188,126,88,207,200,142,0,23,30,88,56,0,0,23,63,62,0,0,46,95,46,0,0,6,126,61,0,0,0,59,0,0,0,8,29,77,72,20,60,127,121,0,0,60,6,31,0,0,0,71,105,104,78,90,89,73,0,0,0,0,0,0,0,25,46,90,63,0,96,110,185,74,0,2,141,73,1,0,0,10,27,0,0,0,0,0,0,0,0,0,0,0,0,21,107,0,0,0,0,92,0,0,0,0,0,0,0,0,0,9,19,0,0,0,7,0,0,0,0,24,0,0,0,61,89,31,0,0,0,24,0,0,0,30,56,0,0,0,0,0,23,0,0,0,190,64,0,0,46,110,0,0,0,0,0,0,0,0,0,24,0,0,0,0,0,0,0,0,0,0,0,0,0,0,0,0,18,0,76,42,18,0,20,120,126,121,0,2,17,92,92,24,0,78,64,40,0,0,23,63,0,0,0,0,78,76,45,0,45,0.0029296875,0.07399354195122897,0.02157297073669387,0.024954945974962183,0.07152278681093967,0.028721564784868637,0.016164985700436375,0.05334570423338931,0.028588439781844624,0.017387200990981306,0.03876842429937345,0.048494957101309126,0.0048828125,0.010381001770248682,0.0450596562307005,0.0412127887617367,0.03758179961893331,0.01800692276815017,0.0244140625,0.023457836229422487,0.017469281074217108,0.0224609375,0.026868782211323446,0.019628663322501738,0.008734640537108554,0.02378085090212094,0.006253051013118016,0.011759369705851851,0.010563138502335907,0.01171875,0.009003461384075085,0.028985980624327792,0.003521046167445302,0.004367320268554277,0.0192608231673008,0.011388577919619728,0.005940197783494355,0.021417687694786434,0.019186408891004394,0.006905339660024878,0.01313830473347042,0.016572815184059706,0.018657200365764452,0.022269051271467537,0.014874556847390447,0.024492062898407135,0.008734640537108554,0.024020261477048523,0.014517645261053229,0.003088161777508183,0.04737083138919884,0.0974852017641051,0.04398869386545003,0.02568934851165216,0.03250647847088523,0.029313146523053973,0.01878455474772592,0.0021836601342771385,0.014517645261053229,0.011134525635733769,0.009765625,0.01875915303935405,0.024492062898407135,0.013282686043686957,0.003521046167445302,0.02039122365021592,0.029035290522106457,0.005940197783494355,0.0170549308560283,0.009003461384075085,0.012506102026236032,0.01188039556698871,0.004979511243742954,0.0264394265052361,0.00390625,0.007042092334890604,0.012732817197661424,0.0021836601342771385,0.005258950006967289,0.005940197783494355,0.011759369705851851,0.004026470337517247,0.013671875,0.007873298582322802,0.007437278423695223,0.010918300671385692,0.006905339660024878,0.0048828125,0.013810679320049757,0.0013810679320049757,0.005859375,0.013566839833447074,0.014680953494504793,0.005940197783494355,0.003521046167445302,0.008052940675034493,0.005524271728019903,0.008734640537108554,0.0166875073150733,0.007627196949127592,0.010786485368346935,0.01441877251975918,0.0009765625,0.02580047815160724,0.0068359375,0.013879560940968648,0.012732817197661424,0.01760523083722651,0.006176323555016366,0.007873298582322802,0.010918300671385692,0.013282686043686957,0.006176323555016366,0.01516032685181643,0.010517900013934578,0.004367320268554277,0.004979511243742954,0.0107421875,0.01313830473347042,0.0029296875,0.01313830473347042,0.018528970665049098,0.008400708268596315,0.01019561182510796,0.007042092334890604,0.010786485368346935,0.003088161777508183,0.009264485332524549,0.0029296875,1,1,0,0.0,0.8898471742868423,1778749564.203441,1.0
22.265625,11.490882873535156,3.0,0.155074343085289,0.5794251561164856,0.390625,47.40489196777344,13.854934692382812,19.921875,0.30996793508529663,0.024859223514795303,648.0,14218.0,2454761.0,21.94135856628418,0.5349577069282532,1.896744966506958,6.000411510467529,0.0,0.0,0.2768775224685669,46,0,0,5,62,92,0,0,0,0,0,21,0,0,56,16,0,0,62,157,152,0,0,20,91,62,0,5,135,234,233,41,0,42,187,41,0,0,0,0,44,0,0,7,104,106,0,0,0,12,62,0,0,0,42,78,0,0,0,79,88,0,0,0,25,76,1,4,61,135,103,62,24,60,172,188,126,88,207,200,142,0,23,30,88,56,0,0,23,63,62,0,0,46,95,46,0,0,6,126,61,0,0,0,59,0,0,0,8,29,77,72,20,60,127,121,0,0,60,6,31,0,0,0,71,105,104,78,90,89,73,0,0,0,0,0,0,0,25,46,90,63,0,96,110,185,74,0,2,141,73,1,0,0,10,27,0,0,0,0,0,0,0,0,0,0,0,0,21,107,0,0,0,0,92,0,0,0,0,0,0,0,0,0,9,19,0,0,0,7,0,0,0,0,24,0,0,0,61,89,31,0,0,0,24,0,0,0,30,56,0,0,0,0,0,23,0,0,0,190,64,0,0,46,110,0,0,0,0,0,0,0,0,0,24,0,0,0,0,0,0,0,0,0,0,0,0,0,0,0,0,18,0,76,42,18,0.0,0.08455023758559907,0.008734640537108554,0.004367320268554277,0.06699247221149413,0.04631213164601319,0.034402177644157296,0.05490504998777577,0.004026470337517247,0.03756910949545184,0.04138597675862713,0.05687585851000405,0.009003461384075085,0.004979511243742954,0.04789140560640324,0.025559086578715626,0.05111817315743125,0.018347943582085875,0.04014610310760638,0.040618426451338716,0.02417855156863271,0.03792282781044453,0.025781989809461104,0.010517900013934578,0.010054326309557618,0.013810679320049757,0.01589728573837862,0.020600608505594715,0.006176323555016366,0.010381001770248682,0.01878455474772592,0.04336641271713773,0.023619895746968406,0.024433585943743757,0.005258950006967289,0.011759369705851851,0.009212872199274027,0.012732817197661424,0.016716057391234072,0.010563138502335907,0.017304731588544287,0.014517645261053229,0.0242573092741684,0.009264485332524549,0.01284467425582608,0.01878455474772592,0.020320949264340638,0.036604814089826784,0.020716018980074635,0.020716018980074635,0.049071658306254345,0.1164445852354847,0.05277053158635272,0.03057124187987994,0.008052940675034493,0.03274034104343791,0.010786485368346935,0.023047702580480365,0.02108108705558877,0.01760523083722651,0.013706707859002147,0.014680953494504793,0.0285216442705278,0.004026470337517247,0.006905339660024878,0.0166015625,0.027500249688142037,0.008734640537108554,0.00834375365753665,0.019773883526676354,0.02229045353615884,0.003088161777508183,0.0027621358640099515,0.03176456243611444,0.004367320268554277,0.00390625,0.013810679320049757,0.0021836601342771385,0.005694288959809864,0.00834375365753665,0.013706707859002147,0.0048828125,0.011759369705851851,0.011759369705851851,0.007873298582322802,0.006176323555016366,0.004367320268554277,0.007627196949127592,0.0029296875,0.013706707859002147,0.0048828125,0.020531050821902968,0.009003461384075085,0.009003461384075085,0.004979511243742954,0.004979511243742954,0.005940197783494355,0.010786485368346935,0.015746597164645604,0.010054326309557618,0.009618025197066508,0.01886055460530075,0.004979511243742954,0.025390625,0.013101960805662831,0.007109482313750506,0.014874556847390447,0.010786485368346935,0.0013810679320049757,0.009003461384075085,0.012732817197661424,0.013982247132105814,0.008052940675034493,0.013810679320049757,0.007873298582322802,0.005694288959809864,0.005694288959809864,0.011759369705851851,0.014517645261053229,0.003088161777508183,0.007042092334890604,0.009959022487485907,0.01179984958358845,0.02039122365021592,0.006176323555016366,0.014938533731228863,0.004026470337517247,0.013101960805662831,0.0068359375,1,1,0,0.0,0.9341556504368782,1778749564.8284106,1.0
23.4375,11.652780532836914,3.0,0.14847080409526825,0.5318920612335205,0.390625,60.706295013427734,14.493402481079102,19.921875,0.2956615686416626,0.024472586810588837,628.0,15685.0,2618431.25,24.97611427307129,0.555867612361908,2.254563808441162,6.923536777496338,0.0,0.0,0.277505487203598,0,0,40,43,0,0,0,4,93,7,0,0,2,28,0,0,0,0,3,0,0,0,29,40,0,0,22,24,108,29,0,7,59,46,0,0,5,62,92,0,0,0,0,0,21,0,0,56,16,0,0,62,157,152,0,0,20,91,62,0,5,135,234,233,41,0,42,187,41,0,0,0,0,44,0,0,7,104,106,0,0,0,12,62,0,0,0,42,78,0,0,0,79,88,0,0,0,25,76,1,4,61,135,103,62,24,60,172,188,126,88,207,200,142,0,23,30,88,56,0,0,23,63,62,0,0,46,95,46,0,0,6,126,61,0,0,0,59,0,0,0,8,29,77,72,20,60,127,121,0,0,60,6,31,0,0,0,71,105,104,78,90,89,73,0,0,0,0,0,0,0,25,46,90,63,0,96,110,185,74,0,2,141,73,1,0,0,10,27,0,0,0,0,0,0,0,0,0,0,0,0,21,107,0,0,0,0,92,0,0,0,0,0,0,0,0,0,9,19,0,0,0,7,0,0,0,0,24,0,0,0,61,89,31,0,0,0,24,0,0,0,30,56,0,0,0,0,0,23,0,0,0,190,64,0,0,0.0,0.08145374281908893,0.004367320268554277,0.011388577919619728,0.05899924791794225,0.05306788347341221,0.041524007080994726,0.04668132188561375,0.009765625,0.03601384553630034,0.04442017740446937,0.04642525126564341,0.013566839833447074,0.010786485368346935,0.034402177644157296,0.03954776705335271,0.046589298601080326,0.01589728573837862,0.032285693857063556,0.04107371258752557,0.018165112536853784,0.03317439013957623,0.0341098617120566,0.0166015625,0.017304731588544287,0.01441877251975918,0.014778072217208551,0.018657200365764452,0.003088161777508183,0.00390625,0.013101960805662831,0.03477440198196261,0.021683206358568866,0.02713367966689415,0.0048828125,0.012732817197661424,0.010563138502335907,0.00834375365753665,0.007437278423695223,0.010054326309557618,0.004979511243742954,0.028721564784868637,0.024158822025103478,0.013810679320049757,0.023212625632821705,0.01179984958358845,0.020531050821902968,0.03088161777508183,0.010563138502335907,0.016630260122975003,0.034938562148434216,0.12230446293096597,0.06176323555016366,0.031988944051092184,0.007437278423695223,0.035934315415965035,0.0041432037960149265,0.0185803687406645,0.020132351687586234,0.013282686043686957,0.010054326309557618,0.007873298582322802,0.03452669830012439,0.01179984958358845,0.006176323555016366,0.02161713244255728,0.02681548870653512,0.01019561182510796,0.007437278423695223,0.019652941208494246,0.02315091717017519,0.0048828125,0.003088161777508183,0.030414866215619993,0.008400708268596315,0.0013810679320049757,0.010563138502335907,0.0021836601342771385,0.007873298582322802,0.006905339660024878,0.015655487833868553,0.0041432037960149265,0.01188039556698871,0.009618025197066508,0.012236293052872722,0.010381001770248682,0.009618025197066508,0.011430371006562134,0.006253051013118016,0.011388577919619728,0.0029296875,0.019236050394133015,0.008843149548962322,0.009618025197066508,0.003521046167445302,0.0065509804028314154,0.006905339660024878,0.0065509804028314154,0.011759369705851851,0.013706707859002147,0.0048828125,0.014084184669781208,0.0041432037960149265,0.030414866215619993,0.01680141653719263,0.007873298582322802,0.015440808887540914,0.01242961138804478,0.004367320268554277,0.010517900013934578,0.011134525635733769,0.016164985700436375,0.010918300671385692,0.015746597164645604,0.006176323555016366,0.006253051013118016,0.005859375,0.013706707859002147,0.011048543456039806,0.001953125,0.0048828125,0.007627196949127592,0.0126953125,0.01792730444402912,0.004026470337517247,0.01760523083722651,0.007109482313750506,0.014084184669781208,0.0029296875,1,1,0,0.0,0.9033214449882507,1778749565.4543254,1.0
20.3125,11.083073616027832,4.0,0.18627947568893433,0.7379932403564453,1.5625,47.9266471862793,12.712207794189453,19.921875,0.3455250859260559,0.02711610123515129,771.0,17593.0,3718366.75,22.818418502807617,0.46819543838500977,2.1206605434417725,6.015143394470215,1.0128838766831905e-05,0.0,0.23179274797439575,2,0,0,0,0,0,0,5,0,23,61,79,0,4,28,91,109,0,0,0,46,71,0,0,7,160,205,204,200,124,218,218,94,0,0,40,43,0,0,0,4,93,7,0,0,2,28,0,0,0,0,3,0,0,0,29,40,0,0,22,24,108,29,0,7,59,46,0,0,5,62,92,0,0,0,0,0,21,0,0,56,16,0,0,62,157,152,0,0,20,91,62,0,5,135,234,233,41,0,42,187,41,0,0,0,0,44,0,0,7,104,106,0,0,0,12,62,0,0,0,42,78,0,0,0,79,88,0,0,0,25,76,1,4,61,135,103,62,24,60,172,188,126,88,207,200,142,0,23,30,88,56,0,0,23,63,62,0,0,46,95,46,0,0,6,126,61,0,0,0,59,0,0,0,8,29,77,72,20,60,127,121,0,0,60,6,31,0,0,0,71,105,104,78,90,89,73,0,0,0,0,0,0,0,25,46,90,63,0,96,110,185,74,0,2,141,73,1,0,0,10,27,0,0,0,0,0,0,0,0,0,0,0,0,21,107,0,0,0,0,92,0,0,0,0,0,0,0,0,0,9,19,0,0,0,7,0.00048828125,0.04655858375414147,0.03889122607761695,0.04891593666550076,0.08894763700574766,0.05784845007664018,0.03712222228271135,0.07527136981462162,0.030649130520459405,0.03869455616437295,0.033673710253059895,0.0656552199764516,0.016630260122975003,0.008734640537108554,0.05305889729377392,0.049149334110006326,0.05101546049456632,0.037695818487536684,0.04531292093015696,0.04574233761183738,0.02510734400816883,0.01680141653719263,0.05094999008103743,0.016105881350068987,0.013566839833447074,0.010517900013934578,0.020531050821902968,0.019384212149686726,0.0029296875,0.003088161777508183,0.01019561182510796,0.0369677602163041,0.02161713244255728,0.024158822025103478,0.004026470337517247,0.010918300671385692,0.009264485332524549,0.005694288959809864,0.003088161777508183,0.003521046167445302,0.007109482313750506,0.022777155839239456,0.0192608231673008,0.020108652619115236,0.026939676219011176,0.018657200365764452,0.018657200365764452,0.02763861659782208,0.03798564519292329,0.019773883526676354,0.01179984958358845,0.1295298894021575,0.0719548321085494,0.015440808887540914,0.018657200365764452,0.0328276099882258,0.01760523083722651,0.016105881350068987,0.015254393898255184,0.00390625,0.020967686087484266,0.01171875,0.020600608505594715,0.006905339660024878,0.012506102026236032,0.021945512748285382,0.01284467425582608,0.0205078125,0.0013810679320049757,0.014517645261053229,0.020132351687586234,0.005859375,0.013101960805662831,0.018657200365764452,0.018347943582085875,0.010918300671385692,0.003088161777508183,0.008843149548962322,0.010563138502335907,0.009264485332524549,0.012732817197661424,0.003088161777508183,0.014938533731228863,0.0087890625,0.016253239235442616,0.009212872199274027,0.006905339660024878,0.006905339660024878,0.0027621358640099515,0.017469281074217108,0.0048828125,0.0185803687406645,0.005258950006967289,0.012732817197661424,0.006176323555016366,0.007109482313750506,0.0009765625,0.006253051013118016,0.003088161777508183,0.02485922277608956,0.007109482313750506,0.0021836601342771385,0.018425744398548053,0.024954945974962183,0.006905339660024878,0.013282686043686957,0.014874556847390447,0.004026470337517247,0.006905339660024878,0.003521046167445302,0.019384212149686726,0.009765625,0.011920464468489943,0.014517645261053229,0.0029296875,0.009003461384075085,0.005524271728019903,0.013282686043686957,0.00834375365753665,0.005940197783494355,0.0009765625,0.003088161777508183,0.012732817197661424,0.01792730444402912,0.006176323555016366,0.016630260122975003,0.0041432037960149265,0.013601941676937616,0.0048828125,1,1,1,0.0,0.947262667119503,1778749566.0752754,1.0
20.3125,10.941545486450195,4.0,0.19484427571296692,0.7109776735305786,1.5625,53.16144561767578,12.709647178649902,19.921875,0.3345734775066376,0.027063293382525444,768.0,18560.0,3914034.0,24.16666603088379,0.4705822467803955,2.319420099258423,6.370479583740234,0.00025412702234461904,0.0,0.2358141541481018,0,0,0,0,2,42,27,0,4,60,74,21,0,1,28,105,0,0,0,19,42,0,0,0,0,0,0,0,8,40,4,0,0,0,2,0,0,0,0,0,0,5,0,23,61,79,0,4,28,91,109,0,0,0,46,71,0,0,7,160,205,204,200,124,218,218,94,0,0,40,43,0,0,0,4,93,7,0,0,2,28,0,0,0,0,3,0,0,0,29,40,0,0,22,24,108,29,0,7,59,46,0,0,5,62,92,0,0,0,0,0,21,0,0,56,16,0,0,62,157,152,0,0,20,91,62,0,5,135,234,233,41,0,42,187,41,0,0,0,0,44,0,0,7,104,106,0,0,0,12,62,0,0,0,42,78,0,0,0,79,88,0,0,0,25,76,1,4,61,135,103,62,24,60,172,188,126,88,207,200,142,0,23,30,88,56,0,0,23,63,62,0,0,46,95,46,0,0,6,126,61,0,0,0,59,0,0,0,8,29,77,72,20,60,127,121,0,0,60,6,31,0,0,0,71,105,104,78,90,89,73,0,0,0,0,0,0,0,25,46,90,63,0,96,110,185,74,0,2,141,73,1,0,0,10,27,0.00244140625,0.04377135709182611,0.035507146411519225,0.045575241756164196,0.08735732298944841,0.060712035321756064,0.04005097002814429,0.0734761886952214,0.02847144479904932,0.04008667139018319,0.0318844291353799,0.06454922995961226,0.0146484375,0.008052940675034493,0.05879684852925925,0.05277053158635272,0.04898412579681427,0.035814689103305174,0.04377135709182611,0.04809012598533254,0.025633603024231812,0.0208765218031562,0.04737083138919884,0.01800692276815017,0.017469281074217108,0.009814331661250869,0.0208765218031562,0.019555648822754675,0.0048828125,0.005694288959809864,0.013601941676937616,0.03385729652999944,0.025031260972609954,0.020108652619115236,0.009003461384075085,0.0126953125,0.014517645261053229,0.003521046167445302,0.012732817197661424,0.014778072217208551,0.011134525635733769,0.011430371006562134,0.012732817197661424,0.012506102026236032,0.0166015625,0.0300838316420886,0.020716018980074635,0.0388789633542859,0.02638526579317636,0.01760523083722651,0.025781989809461104,0.13304208098380002,0.06950765487997752,0.003521046167445302,0.0048828125,0.02315091717017519,0.02489755621871477,0.013601941676937616,0.025012204052472065,0.010517900013934578,0.023619895746968406,0.020320949264340638,0.013282686043686957,0.004026470337517247,0.008400708268596315,0.017469281074217108,0.011134525635733769,0.023478154844084585,0.003521046167445302,0.015746597164645604,0.017387200990981306,0.008286407592029853,0.014874556847390447,0.018657200365764452,0.01708286687942959,0.009003461384075085,0.00390625,0.009003461384075085,0.011388577919619728,0.010054326309557618,0.0126953125,0.0009765625,0.014517645261053229,0.009765625,0.014874556847390447,0.01188039556698871,0.008734640537108554,0.007042092334890604,0.007042092334890604,0.012079411012551739,0.0,0.013282686043686957,0.008052940675034493,0.01708286687942959,0.0029296875,0.004979511243742954,0.004367320268554277,0.009765625,0.004026470337517247,0.019749754312653012,0.0048828125,0.0048828125,0.025781989809461104,0.020531050821902968,0.0027621358640099515,0.005258950006967289,0.011048543456039806,0.0021836601342771385,0.012352647110032733,0.003088161777508183,0.020132351687586234,0.012352647110032733,0.008400708268596315,0.012506102026236032,0.0021836601342771385,0.007873298582322802,0.0048828125,0.009618025197066508,0.010786485368346935,0.008400708268596315,0.0021836601342771385,0.005258950006967289,0.01284467425582608,0.016370170521718956,0.007627196949127592,0.016253239235442616,0.0013810679320049757,0.0170549308560283,0.0029296875,1,1,0,0.3968232274055481,0.6031767725944519,1778749566.70889,1.0
20.3125,10.907917976379395,4.0,0.18897967040538788,0.802897572517395,1.953125,37.79793167114258,12.185476303100586,19.921875,0.36117762327194214,0.026330994442105293,727.0,14800.0,2966742.25,20.357633590698242,0.4498426914215088,2.080404758453369,5.212763786315918,0.0003865273611154407,0.0,0.2374139130115509,0,0,19,8,7,0,0,0,0,0,0,0,0,58,0,0,0,0,40,29,0,0,0,0,0,0,0,0,0,0,0,0,2,42,27,0,4,60,74,21,0,1,28,105,0,0,0,19,42,0,0,0,0,0,0,0,8,40,4,0,0,0,2,0,0,0,0,0,0,5,0,23,61,79,0,4,28,91,109,0,0,0,46,71,0,0,7,160,205,204,200,124,218,218,94,0,0,40,43,0,0,0,4,93,7,0,0,2,28,0,0,0,0,3,0,0,0,29,40,0,0,22,24,108,29,0,7,59,46,0,0,5,62,92,0,0,0,0,0,21,0,0,56,16,0,0,62,157,152,0,0,20,91,62,0,5,135,234,233,41,0,42,187,41,0,0,0,0,44,0,0,7,104,106,0,0,0,12,62,0,0,0,42,78,0,0,0,79,88,0,0,0,25,76,1,4,61,135,103,62,24,60,172,188,126,88,207,200,142,0,23,30,88,56,0,0,23,63,62,0,0,46,95,46,0,0,6,126,61,0,0,0,59,0,0,0,8,29,77,72,20,60,127,121,0,0,60,6,31,0,0,0,71,105,104,78,0.0029296875,0.05511309007625962,0.05597160109729336,0.033673710253059895,0.0664349662175584,0.08236770657796696,0.06269044470978138,0.05281569251167953,0.0283875817456028,0.04891593666550076,0.020320949264340638,0.050931268790645697,0.025559086578715626,0.0107421875,0.051767024533978793,0.050527083282330194,0.045908825287277966,0.03149319432929121,0.04074735555668958,0.049881221832508336,0.021836601342771385,0.02286074201312427,0.05033798425335888,0.019186408891004394,0.013982247132105814,0.009618025197066508,0.020600608505594715,0.01933495104806966,0.004026470337517247,0.005258950006967289,0.013601941676937616,0.03340357690720131,0.026203921611325662,0.019652941208494246,0.010918300671385692,0.0065509804028314154,0.01516032685181643,0.006253051013118016,0.006253051013118016,0.012732817197661424,0.010054326309557618,0.007873298582322802,0.011920464468489943,0.011388577919619728,0.019749754312653012,0.03250647847088523,0.006905339660024878,0.02286074201312427,0.04014610310760638,0.010381001770248682,0.027964494264211628,0.1188039556698871,0.07888425010450933,0.015440808887540914,0.011920464468489943,0.010381001770248682,0.034402177644157296,0.006253051013118016,0.014874556847390447,0.0068359375,0.014778072217208551,0.020600608505594715,0.007873298582322802,0.008052940675034493,0.0087890625,0.01760523083722651,0.009003461384075085,0.019749754312653012,0.0021836601342771385,0.01313830473347042,0.021417687694786434,0.005694288959809864,0.01680141653719263,0.014906579611790769,0.017953883116064683,0.0065509804028314154,0.007627196949127592,0.013601941676937616,0.006253051013118016,0.010918300671385692,0.007109482313750506,0.003088161777508183,0.009959022487485907,0.004979511243742954,0.01589728573837862,0.009959022487485907,0.013028968812623373,0.0048828125,0.011759369705851851,0.007627196949127592,0.005940197783494355,0.010918300671385692,0.005859375,0.014778072217208551,0.003521046167445302,0.0065509804028314154,0.004367320268554277,0.0107421875,0.005258950006967289,0.019384212149686726,0.006176323555016366,0.0021836601342771385,0.02209708691207961,0.025633603024231812,0.004026470337517247,0.0013810679320049757,0.007437278423695223,0.005258950006967289,0.0126953125,0.0009765625,0.020132351687586234,0.011048543456039806,0.010054326309557618,0.0087890625,0.005940197783494355,0.006176323555016366,0.003521046167445302,0.0126953125,0.0065509804028314154,0.004367320268554277,0.0048828125,0.006176323555016366,0.010517900013934578,0.013282686043686957,0.009765625,0.013601941676937616,0.004367320268554277,0.013982247132105814,0.005859375,1,1,0,0.0,0.7134657204151154,1778749568.4531467,1.0
20.3125,11.201913833618164,7.0,0.15474244952201843,0.8137282133102417,1.5625,31.275259017944336,12.409112930297852,19.921875,0.37922435998916626,0.026312878355383873,726.0,13073.0,2564909.5,18.006887435913086,0.4660331904888153,1.7954951524734497,4.724032878875732,4.2995958210667595e-05,0.0,0.2726447284221649,0,0,0,0,0,0,58,89,0,0,0,124,27,0,0,0,0,0,0,0,0,42,0,0,3,127,138,0,0,0,0,4,0,0,0,19,8,7,0,0,0,0,0,0,0,0,58,0,0,0,0,40,29,0,0,0,0,0,0,0,0,0,0,0,0,2,42,27,0,4,60,74,21,0,1,28,105,0,0,0,19,42,0,0,0,0,0,0,0,8,40,4,0,0,0,2,0,0,0,0,0,0,5,0,23,61,79,0,4,28,91,109,0,0,0,46,71,0,0,7,160,205,204,200,124,218,218,94,0,0,40,43,0,0,0,4,93,7,0,0,2,28,0,0,0,0,3,0,0,0,29,40,0,0,22,24,108,29,0,7,59,46,0,0,5,62,92,0,0,0,0,0,21,0,0,56,16,0,0,62,157,152,0,0,20,91,62,0,5,135,234,233,41,0,42,187,41,0,0,0,0,44,0,0,7,104,106,0,0,0,12,62,0,0,0,42,78,0,0,0,79,88,0,0,0,25,76,1,4,61,135,103,62,24,60,172,188,126,88,207,200,142,0,23,30,88,56,0,0,23,63,62,0,0,46,95,0.0009765625,0.064460522776208,0.0656552199764516,0.013101960805662831,0.08332888273434312,0.06289547729728366,0.04712862700005334,0.060672752214879166,0.022545696055889054,0.049149334110006326,0.026240290708094537,0.062408380111993976,0.0264394265052361,0.033969779552590014,0.026868782211323446,0.041524007080994726,0.043552935783159684,0.008843149548962322,0.05715185503281067,0.030524413297046454,0.02681548870653512,0.016572815184059706,0.037109375,0.03168941550700772,0.021945512748285382,0.009959022487485907,0.021417687694786434,0.0126953125,0.009003461384075085,0.010918300671385692,0.017953883116064683,0.028854075591199527,0.02638526579317636,0.026565372087373914,0.0029296875,0.014874556847390447,0.021683206358568866,0.014084184669781208,0.009618025197066508,0.021126277004671814,0.01878455474772592,0.0041432037960149265,0.01019561182510796,0.015655487833868553,0.02039122365021592,0.029442994983752607,0.013982247132105814,0.033673710253059895,0.0300838316420886,0.02833714478231818,0.034637007521422264,0.11165744193012352,0.07085968724090522,0.02108108705558877,0.009264485332524549,0.019773883526676354,0.044804959949040865,0.009003461384075085,0.006905339660024878,0.013810679320049757,0.016716057391234072,0.02231183527108567,0.009959022487485907,0.0048828125,0.007627196949127592,0.013028968812623373,0.001953125,0.022482157096135425,0.016572815184059706,0.007042092334890604,0.01284467425582608,0.020531050821902968,0.001953125,0.007873298582322802,0.024158822025103478,0.014906579611790769,0.0065509804028314154,0.007042092334890604,0.010563138502335907,0.00834375365753665,0.005258950006967289,0.0041432037960149265,0.012732817197661424,0.007873298582322802,0.018165112536853784,0.007627196949127592,0.014778072217208551,0.0068359375,0.013566839833447074,0.008052940675034493,0.004026470337517247,0.010381001770248682,0.005940197783494355,0.014084184669781208,0.003521046167445302,0.006176323555016366,0.003088161777508183,0.009212872199274027,0.0048828125,0.016716057391234072,0.011388577919619728,0.0041432037960149265,0.01792730444402912,0.028721564784868637,0.009618025197066508,0.007042092334890604,0.011759369705851851,0.006253051013118016,0.016716057391234072,0.004367320268554277,0.0192608231673008,0.01188039556698871,0.01019561182510796,0.007873298582322802,0.00834375365753665,0.004367320268554277,0.0009765625,0.01179984958358845,0.009765625,0.0065509804028314154,0.006253051013118016,0.00834375365753665,0.009765625,0.009212872199274027,0.012506102026236032,0.0146484375,0.003088161777508183,0.0146484375,0.0068359375,1,1,0,0.0,0.7134657204151154,1778749568.4531467,1.0
21.09375,11.395085334777832,7.0,0.1832588165998459,0.7063232660293579,0.390625,23.78173065185547,12.86642074584961,19.921875,0.3380855917930603,0.023396775126457214,574.0,8705.0,1314193.5,15.165505409240723,0.478655606508255,1.8740581274032593,4.070862293243408,0.0004892700235359371,0.0,0.2865924835205078,0,0,0,2,7,0,0,0,6,8,26,3,0,0,0,0,0,0,0,0,0,0,0,0,1,0,0,0,0,18,0,0,0,0,0,0,0,0,0,58,89,0,0,0,124,27,0,0,0,0,0,0,0,0,42,0,0,3,127,138,0,0,0,0,4,0,0,0,19,8,7,0,0,0,0,0,0,0,0,58,0,0,0,0,40,29,0,0,0,0,0,0,0,0,0,0,0,0,2,42,27,0,4,60,74,21,0,1,28,105,0,0,0,19,42,0,0,0,0,0,0,0,8,40,4,0,0,0,2,0,0,0,0,0,0,5,0,23,61,79,0,4,28,91,109,0,0,0,46,71,0,0,7,160,205,204,200,124,218,218,94,0,0,40,43,0,0,0,4,93,7,0,0,2,28,0,0,0,0,3,0,0,0,29,40,0,0,22,24,108,29,0,7,59,46,0,0,5,62,92,0,0,0,0,0,21,0,0,56,16,0,0,62,157,152,0,0,20,91,62,0,5,135,234,233,41,0,42,187,41,0,0,0,0,44,0,0,7,104,106,0,0,0,12,62,0,0,0,42,78,0,0,0,79,88,0,0.0029296875,0.06655687191948725,0.005940197783494355,0.06603902368240903,0.0567751634912056,0.05590340539594418,0.022269051271467537,0.05329204550641505,0.04848512338791566,0.03168941550700772,0.0192608231673008,0.03554741156875253,0.014938533731228863,0.03539954875076535,0.029313146523053973,0.04574233761183738,0.035761393405469834,0.004367320268554277,0.05223468406373567,0.03633022507370757,0.02765586378614511,0.02132844694125152,0.027413415718004295,0.033432114782468145,0.014778072217208551,0.0009765625,0.016630260122975003,0.011430371006562134,0.015440808887540914,0.005859375,0.01953125,0.021126277004671814,0.01878455474772592,0.02638526579317636,0.01528562093993997,0.004979511243742954,0.014218964627501012,0.01284467425582608,0.009212872199274027,0.017820593350483065,0.015746597164645604,0.003521046167445302,0.0170549308560283,0.01792730444402912,0.01886055460530075,0.029523860269201122,0.01284467425582608,0.0208765218031562,0.037224840922941246,0.030336376107439583,0.029700988917471777,0.09111385692811169,0.06256862687359901,0.0341796875,0.021484375,0.003521046167445302,0.032241355506287456,0.0041432037960149265,0.00966747552403483,0.021506558149946522,0.0263671875,0.01313830473347042,0.0021836601342771385,0.006905339660024878,0.0107421875,0.006176323555016366,0.004026470337517247,0.022140203220223895,0.018165112536853784,0.008843149548962322,0.0126953125,0.020967686087484266,0.005258950006967289,0.005258950006967289,0.0208765218031562,0.012732817197661424,0.005258950006967289,0.010054326309557618,0.009212872199274027,0.007873298582322802,0.006176323555016366,0.0029296875,0.01019561182510796,0.003521046167445302,0.012506102026236032,0.012506102026236032,0.01019561182510796,0.006905339660024878,0.016164985700436375,0.009264485332524549,0.0029296875,0.01188039556698871,0.009003461384075085,0.01019561182510796,0.0065509804028314154,0.005694288959809864,0.001953125,0.01019561182510796,0.003521046167445302,0.0170549308560283,0.014517645261053229,0.009765625,0.02161713244255728,0.024119314521930602,0.005524271728019903,0.005258950006967289,0.010563138502335907,0.005694288959809864,0.011759369705851851,0.004979511243742954,0.012236293052872722,0.011759369705851851,0.010517900013934578,0.01284467425582608,0.006905339660024878,0.004026470337517247,0.005258950006967289,0.007437278423695223,0.00390625,0.006253051013118016,0.0027621358640099515,0.00834375365753665,0.010786485368346935,0.005524271728019903,0.010517900013934578,0.016105881350068987,0.004367320268554277,0.013982247132105814,0.005859375,1,1,1,0.7603344917297363,0.23966550827026367,1778749569.6180172,1.0
21.09375,11.211760520935059,6.0,0.18083816766738892,0.8139861226081848,1.5625,14.801972389221191,12.144021034240723,19.921875,0.36758074164390564,0.0229855515062809,554.0,6341.0,1098658.25,11.44584846496582,0.45158109068870544,1.255643606185913,3.2917611598968506,0.0006904909387230873,0.0,0.29983967542648315,0,16,0,47,0,0,0,0,6,0,0,0,57,87,46,0,0,3,47,0,0,0,0,7,0,0,0,0,26,21,0,4,0,21,0,0,0,2,7,0,0,0,6,8,26,3,0,0,0,0,0,0,0,0,0,0,0,0,1,0,0,0,0,18,0,0,0,0,0,0,0,0,0,58,89,0,0,0,124,27,0,0,0,0,0,0,0,0,42,0,0,3,127,138,0,0,0,0,4,0,0,0,19,8,7,0,0,0,0,0,0,0,0,58,0,0,0,0,40,29,0,0,0,0,0,0,0,0,0,0,0,0,2,42,27,0,4,60,74,21,0,1,28,105,0,0,0,19,42,0,0,0,0,0,0,0,8,40,4,0,0,0,2,0,0,0,0,0,0,5,0,23,61,79,0,4,28,91,109,0,0,0,46,71,0,0,7,160,205,204,200,124,218,218,94,0,0,40,43,0,0,0,4,93,7,0,0,2,28,0,0,0,0,3,0,0,0,29,40,0,0,22,24,108,29,0,7,59,46,0,0,5,62,92,0,0,0,0,0,21,0,0,56,16,0,0,62,157,152,0,0,20,91,62,0,5,0.00341796875,0.06793955910518003,0.009765625,0.06666425064795317,0.06939780470484323,0.04935265143942687,0.029264304812054096,0.05414420420167622,0.043596707588964285,0.030414866215619993,0.020108652619115236,0.0363433477850164,0.011430371006562134,0.03316001337177665,0.031143005310746045,0.04018171994422067,0.03843489971514537,0.005694288959809864,0.04789140560640324,0.03460946317708857,0.029133659941750583,0.015746597164645604,0.02568934851165216,0.03819845159298427,0.01680141653719263,0.007437278423695223,0.022798081113142094,0.011134525635733769,0.015254393898255184,0.011920464468489943,0.0170549308560283,0.014938533731228863,0.009814331661250869,0.016253239235442616,0.013601941676937616,0.0170549308560283,0.02039122365021592,0.00390625,0.008843149548962322,0.024647323172117114,0.012079411012551739,0.007873298582322802,0.020531050821902968,0.021506558149946522,0.023457836229422487,0.038989189018900645,0.004026470337517247,0.03554741156875253,0.03986002271866904,0.013282686043686957,0.023047702580480365,0.07776405879538459,0.055285858807492816,0.03221176270013797,0.015191747252054731,0.010918300671385692,0.041062101643805936,0.005258950006967289,0.00834375365753665,0.01875915303935405,0.022545696055889054,0.0185803687406645,0.005694288959809864,0.006176323555016366,0.014874556847390447,0.006905339660024878,0.009959022487485907,0.02039122365021592,0.018347943582085875,0.011759369705851851,0.009003461384075085,0.020531050821902968,0.00390625,0.0048828125,0.015746597164645604,0.007627196949127592,0.009814331661250869,0.007437278423695223,0.009212872199274027,0.009618025197066508,0.006905339660024878,0.0013810679320049757,0.009212872199274027,0.004367320268554277,0.009003461384075085,0.009003461384075085,0.016716057391234072,0.006905339660024878,0.01589728573837862,0.006176323555016366,0.003521046167445302,0.007042092334890604,0.007109482313750506,0.010563138502335907,0.007109482313750506,0.003521046167445302,0.007873298582322802,0.005940197783494355,0.008052940675034493,0.006905339660024878,0.009003461384075085,0.005694288959809864,0.01284467425582608,0.025633603024231812,0.005258950006967289,0.00390625,0.012236293052872722,0.009264485332524549,0.009959022487485907,0.006905339660024878,0.013282686043686957,0.013282686043686957,0.009814331661250869,0.011388577919619728,0.005940197783494355,0.004979511243742954,0.005258950006967289,0.0065509804028314154,0.004367320268554277,0.006176323555016366,0.001953125,0.0065509804028314154,0.009814331661250869,0.00390625,0.011134525635733769,0.0166015625,0.003521046167445302,0.014084184669781208,0.0048828125,1,1,1,0.6902773380279541,0.3097226619720459,1778749569.710666,1.0
21.484375,11.716474533081055,8.0,0.21538585424423218,0.981240451335907,0.390625,13.1176176071167,11.654245376586914,19.921875,0.3885924816131592,0.01923605054616928,388.0,4082.0,471407.71875,10.520618438720703,0.39602166414260864,1.2456514835357666,3.0737721920013428,0.0005033320630900562,0.0,0.3566693365573883,0,0,0,0,0,0,0,0,0,0,0,60,44,0,0,0,0,0,0,0,0,0,0,0,0,0,38,90,0,16,0,47,0,0,0,0,6,0,0,0,57,87,46,0,0,3,47,0,0,0,0,7,0,0,0,0,26,21,0,4,0,21,0,0,0,2,7,0,0,0,6,8,26,3,0,0,0,0,0,0,0,0,0,0,0,0,1,0,0,0,0,18,0,0,0,0,0,0,0,0,0,58,89,0,0,0,124,27,0,0,0,0,0,0,0,0,42,0,0,3,127,138,0,0,0,0,4,0,0,0,19,8,7,0,0,0,0,0,0,0,0,58,0,0,0,0,40,29,0,0,0,0,0,0,0,0,0,0,0,0,2,42,27,0,4,60,74,21,0,1,28,105,0,0,0,19,42,0,0,0,0,0,0,0,8,40,4,0,0,0,2,0,0,0,0,0,0,5,0,23,61,79,0,4,28,91,109,0,0,0,46,71,0,0,7,160,205,204,200,124,218,218,94,0,0,40,43,0,0,0,4,93,7,0,0,2,28,0,0,0,0,3,0,0,0,29,40,0,0,22,24,108,29,0,7,59,0.00244140625,0.05590340539594418,0.04263453115809194,0.04632242666262274,0.03869455616437295,0.05201513275619443,0.04523919852304871,0.041718768287683256,0.024705294220065465,0.025947910655442233,0.033332125323976586,0.029765137996344084,0.006905339660024878,0.03819845159298427,0.02417855156863271,0.033332125323976586,0.053148690719483506,0.02378085090212094,0.02777629424478104,0.026654968874914416,0.02847144479904932,0.019749754312653012,0.010918300671385692,0.02286074201312427,0.017820593350483065,0.00390625,0.020132351687586234,0.005258950006967289,0.009264485332524549,0.012236293052872722,0.00834375365753665,0.005694288959809864,0.011920464468489943,0.007042092334890604,0.012079411012551739,0.018425744398548053,0.011388577919619728,0.010563138502335907,0.009765625,0.020531050821902968,0.014517645261053229,0.01019561182510796,0.009003461384075085,0.006905339660024878,0.008400708268596315,0.027759121881937295,0.01878455474772592,0.0166015625,0.010918300671385692,0.02157297073669387,0.027010384152225255,0.06239309705063784,0.03539954875076535,0.0146484375,0.020531050821902968,0.022714264354712906,0.01727715430952552,0.02157297073669387,0.007627196949127592,0.007873298582322802,0.013028968812623373,0.016630260122975003,0.006176323555016366,0.010054326309557618,0.004026470337517247,0.0146484375,0.01313830473347042,0.016164985700436375,0.01516032685181643,0.012079411012551739,0.007627196949127592,0.013282686043686957,0.0065509804028314154,0.009618025197066508,0.012352647110032733,0.007109482313750506,0.0087890625,0.006176323555016366,0.007627196949127592,0.009003461384075085,0.0048828125,0.0009765625,0.009212872199274027,0.0048828125,0.008052940675034493,0.0041432037960149265,0.011134525635733769,0.009003461384075085,0.007437278423695223,0.004026470337517247,0.011388577919619728,0.003521046167445302,0.009003461384075085,0.008052940675034493,0.005859375,0.003088161777508183,0.007437278423695223,0.008400708268596315,0.009959022487485907,0.007627196949127592,0.010786485368346935,0.006253051013118016,0.010918300671385692,0.0244140625,0.005524271728019903,0.006253051013118016,0.011134525635733769,0.004979511243742954,0.01188039556698871,0.006905339660024878,0.01441877251975918,0.011134525635733769,0.00966747552403483,0.010517900013934578,0.010381001770248682,0.009959022487485907,0.0065509804028314154,0.0041432037960149265,0.0021836601342771385,0.00966747552403483,0.008052940675034493,0.0087890625,0.003088161777508183,0.0087890625,0.004979511243742954,0.004026470337517247,0.006905339660024878,0.008400708268596315,0.00390625,1,1,1,0.8163612484931946,0.18363875150680542,1778749570.334706,1.0
22.265625,11.595939636230469,8.0,0.17794789373874664,0.9740739464759827,6.25,12.833513259887695,11.921515464782715,0.390625,0.40562793612480164,0.021216368302702904,472.0,4882.0,673691.125,10.343220710754395,0.4164241850376129,1.268710970878601,3.011843681335449,0.0004133324546273798,-19.53125,0.33816075325012207,54,19,0,7,0,0,0,0,0,0,0,18,0,0,0,105,0,0,0,43,104,0,0,93,142,142,45,0,93,232,46,0,0,0,0,0,0,0,0,0,0,0,0,0,60,44,0,0,0,0,0,0,0,0,0,0,0,0,0,38,90,0,16,0,47,0,0,0,0,6,0,0,0,57,87,46,0,0,3,47,0,0,0,0,7,0,0,0,0,26,21,0,4,0,21,0,0,0,2,7,0,0,0,6,8,26,3,0,0,0,0,0,0,0,0,0,0,0,0,1,0,0,0,0,18,0,0,0,0,0,0,0,0,0,58,89,0,0,0,124,27,0,0,0,0,0,0,0,0,42,0,0,3,127,138,0,0,0,0,4,0,0,0,19,8,7,0,0,0,0,0,0,0,0,58,0,0,0,0,40,29,0,0,0,0,0,0,0,0,0,0,0,0,2,42,27,0,4,60,74,21,0,1,28,105,0,0,0,19,42,0,0,0,0,0,0,0,8,40,4,0,0,0,2,0,0,0,0,0,0,5,0,23,61,79,0,4,28,91,109,0,0,0,46,71,0,0,7,160,205,204,200,124,218,218,94,0.00244140625,0.06823370144360712,0.050818796215850344,0.035907766232129365,0.026565372087373914,0.0380859375,0.048759717706327844,0.052932930597139265,0.03936649291161401,0.04514423566924305,0.05160095630321448,0.03416573375885918,0.010786485368346935,0.031035641761856844,0.021836601342771385,0.03538607603904968,0.06057836882527665,0.0318844291353799,0.027621358640099514,0.017387200990981306,0.019749754312653012,0.014938533731228863,0.011134525635733769,0.02489755621871477,0.02039122365021592,0.006905339660024878,0.020531050821902968,0.007109482313750506,0.0087890625,0.016105881350068987,0.007627196949127592,0.007873298582322802,0.011134525635733769,0.0087890625,0.013282686043686957,0.019628663322501738,0.01313830473347042,0.016630260122975003,0.010786485368346935,0.020692988379313566,0.0087890625,0.020531050821902968,0.0107421875,0.005258950006967289,0.01589728573837862,0.01800692276815017,0.01179984958358845,0.02681548870653512,0.027500249688142037,0.033673710253059895,0.03515625,0.0596423104867284,0.022269051271467537,0.0166015625,0.024705294220065465,0.011134525635733769,0.04021730523823047,0.033203125,0.026002982335340524,0.007437278423695223,0.023940723969006372,0.02039122365021592,0.009264485332524549,0.012079411012551739,0.003088161777508183,0.015746597164645604,0.014517645261053229,0.015746597164645604,0.017953883116064683,0.00834375365753665,0.009264485332524549,0.011134525635733769,0.009212872199274027,0.0078125,0.015776850020901866,0.009765625,0.012732817197661424,0.006176323555016366,0.004979511243742954,0.00390625,0.008734640537108554,0.00390625,0.011920464468489943,0.00834375365753665,0.009959022487485907,0.0065509804028314154,0.0065509804028314154,0.012352647110032733,0.013566839833447074,0.005258950006967289,0.013282686043686957,0.006905339660024878,0.015191747252054731,0.004979511243742954,0.0021836601342771385,0.007627196949127592,0.0107421875,0.005524271728019903,0.005940197783494355,0.005940197783494355,0.009003461384075085,0.0021836601342771385,0.007042092334890604,0.025633603024231812,0.0087890625,0.008734640537108554,0.004979511243742954,0.013282686043686957,0.00390625,0.00834375365753665,0.015440808887540914,0.018528970665049098,0.0013810679320049757,0.009003461384075085,0.007873298582322802,0.0048828125,0.007873298582322802,0.008734640537108554,0.005940197783494355,0.00834375365753665,0.006176323555016366,0.007042092334890604,0.0027621358640099515,0.005940197783494355,0.011430371006562134,0.0027621358640099515,0.014218964627501012,0.00390625,0.0048828125,1,1,1,0.7731767296791077,0.22682327032089233,1778749570.9571195,1.0
26.5625,12.220426559448242,5.0,0.12302261590957642,0.42020201683044434,2.34375,22.836875915527344,16.342693328857422,19.921875,0.2594755291938782,0.01674455963075161,294.0,3589.0,219811.6875,12.207483291625977,0.6175018548965454,1.6493566036224365,3.8597068786621094,2.654209492902737e-05,19.53125,0.41195788979530334,27,144,250,144,156,75,73,167,141,94,5,8,110,18,3,5,55,74,63,0,0,0,0,0,0,0,0,0,0,0,0,0,62,54,19,0,7,0,0,0,0,0,0,0,18,0,0,0,105,0,0,0,43,104,0,0,93,142,142,45,0,93,232,46,0,0,0,0,0,0,0,0,0,0,0,0,0,60,44,0,0,0,0,0,0,0,0,0,0,0,0,0,38,90,0,16,0,47,0,0,0,0,6,0,0,0,57,87,46,0,0,3,47,0,0,0,0,7,0,0,0,0,26,21,0,4,0,21,0,0,0,2,7,0,0,0,6,8,26,3,0,0,0,0,0,0,0,0,0,0,0,0,1,0,0,0,0,18,0,0,0,0,0,0,0,0,0,58,89,0,0,0,124,27,0,0,0,0,0,0,0,0,42,0,0,3,127,138,0,0,0,0,4,0,0,0,19,8,7,0,0,0,0,0,0,0,0,58,0,0,0,0,40,29,0,0,0,0,0,0,0,0,0,0,0,0,2,42,27,0,4,60,74,21,0,1,28,105,0,0,0,19,42,0,0,0,0,0,0,0,8,40,4,0,0,0,0.00048828125,0.032241355506287456,0.01800692276815017,0.011048543456039806,0.030524413297046454,0.0328276099882258,0.04555431167847891,0.0244140625,0.0048828125,0.020132351687586234,0.040618426451338716,0.020320949264340638,0.025781989809461104,0.01886055460530075,0.016572815184059706,0.01313830473347042,0.03423544559171505,0.023457836229422487,0.00966747552403483,0.01875915303935405,0.02638526579317636,0.011920464468489943,0.008843149548962322,0.01760523083722651,0.014778072217208551,0.0021836601342771385,0.016016815885602272,0.01188039556698871,0.007627196949127592,0.015440808887540914,0.01589728573837862,0.012079411012551739,0.004026470337517247,0.020108652619115236,0.02108108705558877,0.01878455474772592,0.011759369705851851,0.016164985700436375,0.007627196949127592,0.016716057391234072,0.015625,0.023640075072090243,0.010054326309557618,0.00390625,0.009003461384075085,0.0009765625,0.01760523083722651,0.023047702580480365,0.006176323555016366,0.0029296875,0.028117539157984314,0.05850416328418031,0.028985980624327792,0.02765586378614511,0.004979511243742954,0.010786485368346935,0.03889122607761695,0.035934315415965035,0.0244140625,0.005859375,0.01727715430952552,0.01284467425582608,0.019773883526676354,0.0283875817456028,0.011388577919619728,0.0078125,0.01019561182510796,0.013810679320049757,0.018528970665049098,0.010786485368346935,0.015254393898255184,0.003088161777508183,0.015440808887540914,0.0029296875,0.010786485368346935,0.010918300671385692,0.011430371006562134,0.0048828125,0.003088161777508183,0.0029296875,0.011388577919619728,0.006905339660024878,0.010381001770248682,0.0029296875,0.007042092334890604,0.00966747552403483,0.008734640537108554,0.012506102026236032,0.01680141653719263,0.003521046167445302,0.009003461384075085,0.005258950006967289,0.015440808887540914,0.0065509804028314154,0.005940197783494355,0.007437278423695223,0.009959022487485907,0.007873298582322802,0.009212872199274027,0.00834375365753665,0.008052940675034493,0.00834375365753665,0.009003461384075085,0.015254393898255184,0.0041432037960149265,0.009618025197066508,0.007873298582322802,0.019186408891004394,0.0048828125,0.005694288959809864,0.01313830473347042,0.016016815885602272,0.0027621358640099515,0.011134525635733769,0.009003461384075085,0.0021836601342771385,0.007042092334890604,0.011388577919619728,0.009264485332524549,0.007627196949127592,0.009814331661250869,0.0041432037960149265,0.003088161777508183,0.009618025197066508,0.00834375365753665,0.0027621358640099515,0.01589728573837862,0.003088161777508183,0.0048828125,1,1,1,0.738556444644928,0.261443555355072,1778749572.09445,1.0
21.484375,11.894283294677734,6.0,0.07500259578227997,1.3570148944854736,1.5625,30.246030807495117,10.501371383666992,0.390625,0.53255295753479,0.025428157299757004,678.0,13597.0,3095568.25,20.05457305908203,0.3924444317817688,1.5713624954223633,4.965803623199463,0.00018433816148899496,-19.53125,0.2841782569885254,6,57,57,0,0,0,3,5,42,0,75,236,108,92,91,169,188,232,136,123,174,222,71,0,0,48,105,191,79,2,106,89,103,44,27,144,250,144,156,75,73,167,141,94,5,8,110,18,3,5,55,74,63,0,0,0,0,0,0,0,0,0,0,0,0,0,62,54,19,0,7,0,0,0,0,0,0,0,18,0,0,0,105,0,0,0,43,104,0,0,93,142,142,45,0,93,232,46,0,0,0,0,0,0,0,0,0,0,0,0,0,60,44,0,0,0,0,0,0,0,0,0,0,0,0,0,38,90,0,16,0,47,0,0,0,0,6,0,0,0,57,87,46,0,0,3,47,0,0,0,0,7,0,0,0,0,26,21,0,4,0,21,0,0,0,2,7,0,0,0,6,8,26,3,0,0,0,0,0,0,0,0,0,0,0,0,1,0,0,0,0,18,0,0,0,0,0,0,0,0,0,58,89,0,0,0,124,27,0,0,0,0,0,0,0,0,42,0,0,3,127,138,0,0,0,0,4,0,0,0,19,8,7,0,0,0,0,0,0,0,0,58,0,0,0,0,40,29,0,0,0,0,0,0,0,0,0.001953125,0.11387321757189345,0.06906720589877705,0.08526906231618388,0.09084131141646559,0.030649130520459405,0.021506558149946522,0.03149319432929121,0.011920464468489943,0.0390625,0.06652104049190001,0.04367320268554277,0.020692988379313566,0.020531050821902968,0.04200354134298158,0.013810679320049757,0.03066468450802262,0.030649130520459405,0.009003461384075085,0.015776850020901866,0.029378142493147116,0.006905339660024878,0.004367320268554277,0.017578125,0.012732817197661424,0.014874556847390447,0.0009765625,0.014517645261053229,0.020320949264340638,0.01516032685181643,0.017387200990981306,0.013982247132105814,0.020967686087484266,0.033332125323976586,0.03126525506559008,0.012079411012551739,0.014218964627501012,0.013810679320049757,0.01589728573837862,0.018657200365764452,0.007873298582322802,0.016105881350068987,0.013982247132105814,0.003088161777508183,0.01313830473347042,0.010054326309557618,0.005524271728019903,0.030414866215619993,0.024724587697601882,0.027930370402490412,0.04606436099637014,0.0849609375,0.03168941550700772,0.013810679320049757,0.03304477405407936,0.026002982335340524,0.026654968874914416,0.020531050821902968,0.02847144479904932,0.006905339660024878,0.016630260122975003,0.015776850020901866,0.0146484375,0.0224609375,0.01188039556698871,0.01516032685181643,0.010563138502335907,0.01441877251975918,0.019773883526676354,0.011430371006562134,0.011134525635733769,0.007873298582322802,0.022881590847382775,0.007627196949127592,0.0041432037960149265,0.0146484375,0.010517900013934578,0.004979511243742954,0.01188039556698871,0.014874556847390447,0.0013810679320049757,0.015440808887540914,0.0185546875,0.008843149548962322,0.014517645261053229,0.01441877251975918,0.009212872199274027,0.011759369705851851,0.013879560940968648,0.003088161777508183,0.0166015625,0.0048828125,0.009765625,0.017469281074217108,0.018961413905222265,0.010918300671385692,0.004026470337517247,0.01800692276815017,0.009264485332524549,0.005940197783494355,0.007873298582322802,0.010563138502335907,0.013810679320049757,0.009003461384075085,0.0065509804028314154,0.01179984958358845,0.0041432037960149265,0.012236293052872722,0.004979511243742954,0.009814331661250869,0.011388577919619728,0.0166015625,0.0048828125,0.011430371006562134,0.005940197783494355,0.0029296875,0.009618025197066508,0.0087890625,0.005524271728019903,0.012352647110032733,0.0021836601342771385,0.011388577919619728,0.010517900013934578,0.014874556847390447,0.009003461384075085,0.006905339660024878,0.019555648822754675,0.006253051013118016,0.005859375,1,1,1,0.738556444644928,0.261443555355072,1778749572.09445,1.0
21.875,11.617729187011719,4.0,0.10880333930253983,1.1081243753433228,19.921875,56.874332427978516,11.041521072387695,0.390625,0.4684528112411499,0.028066616505384445,826.0,21393.0,5135470.0,25.89951515197754,0.42274385690689087,1.9140198230743408,6.79447603225708,0.0002363440435146913,0.0,0.2874014675617218,123,19,73,59,45,61,0,0,72,140,155,0,0,0,16,0,0,30,111,187,216,77,0,173,237,88,38,9,6,57,57,0,0,0,3,5,42,0,75,236,108,92,91,169,188,232,136,123,174,222,71,0,0,48,105,191,79,2,106,89,103,44,27,144,250,144,156,75,73,167,141,94,5,8,110,18,3,5,55,74,63,0,0,0,0,0,0,0,0,0,0,0,0,0,62,54,19,0,7,0,0,0,0,0,0,0,18,0,0,0,105,0,0,0,43,104,0,0,93,142,142,45,0,93,232,46,0,0,0,0,0,0,0,0,0,0,0,0,0,60,44,0,0,0,0,0,0,0,0,0,0,0,0,0,38,90,0,16,0,47,0,0,0,0,6,0,0,0,57,87,46,0,0,3,47,0,0,0,0,7,0,0,0,0,26,21,0,4,0,21,0,0,0,2,7,0,0,0,6,8,26,3,0,0,0,0,0,0,0,0,0,0,0,0,1,0,0,0,0,18,0,0,0,0,0,0,0,0,0,58,89,0,0,0,124,27,0,0,0,0,0,0,0,0,42,0,0,3,127,138,0,0,0,0,4,0,0.00244140625,0.14283541105369812,0.07756759157152573,0.0556640625,0.0534617800514492,0.04891593666550076,0.017686299097924643,0.0324624416769427,0.01589728573837862,0.029652786036501906,0.07320962817965357,0.058438923048348364,0.03485657870620068,0.04138597675862713,0.0498046875,0.020600608505594715,0.0400390625,0.04099236691760812,0.032285693857063556,0.007627196949127592,0.0244140625,0.022032254243512652,0.019236050394133015,0.022482157096135425,0.003521046167445302,0.0021836601342771385,0.014517645261053229,0.026654968874914416,0.0300838316420886,0.022881590847382775,0.015746597164645604,0.006253051013118016,0.023478154844084585,0.04033569614856129,0.03601384553630034,0.01589728573837862,0.009003461384075085,0.004979511243742954,0.014218964627501012,0.021484375,0.016858082521125067,0.023047702580480365,0.009264485332524549,0.004026470337517247,0.017820593350483065,0.01242961138804478,0.021126277004671814,0.023640075072090243,0.009264485332524549,0.03144773864864183,0.049890780368925004,0.10324348809718052,0.04154696755113799,0.01528562093993997,0.029361906989009586,0.013282686043686957,0.04138597675862713,0.026654968874914416,0.029442994983752607,0.015440808887540914,0.01019561182510796,0.017578125,0.018657200365764452,0.01589728573837862,0.0126953125,0.0242573092741684,0.02003738723504218,0.025409398107925172,0.015655487833868553,0.0009765625,0.0027621358640099515,0.016105881350068987,0.028854075591199527,0.010381001770248682,0.01179984958358845,0.011430371006562134,0.014778072217208551,0.004026470337517247,0.010517900013934578,0.017578125,0.008843149548962322,0.021683206358568866,0.026057937625246747,0.016105881350068987,0.021506558149946522,0.006905339660024878,0.0087890625,0.007873298582322802,0.007627196949127592,0.009212872199274027,0.018657200365764452,0.0048828125,0.011134525635733769,0.013282686043686957,0.01760523083722651,0.013706707859002147,0.0065509804028314154,0.019918044974971814,0.008843149548962322,0.004979511243742954,0.009959022487485907,0.009618025197066508,0.011048543456039806,0.007873298582322802,0.010563138502335907,0.015746597164645604,0.009618025197066508,0.016016815885602272,0.006253051013118016,0.006905339660024878,0.008400708268596315,0.012732817197661424,0.008843149548962322,0.010786485368346935,0.007437278423695223,0.007437278423695223,0.009212872199274027,0.012352647110032733,0.003088161777508183,0.01188039556698871,0.005258950006967289,0.0107421875,0.012236293052872722,0.017953883116064683,0.005694288959809864,0.0068359375,0.015746597164645604,0.003088161777508183,0.01171875,1,1,1,0.8353773355484009,0.16462266445159912,1778749572.7400472,1.0
20.3125,11.539665222167969,4.0,0.08968307822942734,1.2260146141052246,19.921875,58.92188262939453,10.658257484436035,0.390625,0.501372218132019,0.02918272092938423,893.0,26065.0,7546768.5,29.188129425048828,0.408944696187973,1.9720814228057861,6.991576194763184,8.740189514355734e-06,0.0,0.2529059052467346,27,8,75,55,0,0,20,25,93,26,0,22,19,29,4,18,7,124,46,0,0,64,157,120,111,62,46,64,62,126,75,205,204,123,19,73,59,45,61,0,0,72,140,155,0,0,0,16,0,0,30,111,187,216,77,0,173,237,88,38,9,6,57,57,0,0,0,3,5,42,0,75,236,108,92,91,169,188,232,136,123,174,222,71,0,0,48,105,191,79,2,106,89,103,44,27,144,250,144,156,75,73,167,141,94,5,8,110,18,3,5,55,74,63,0,0,0,0,0,0,0,0,0,0,0,0,0,62,54,19,0,7,0,0,0,0,0,0,0,18,0,0,0,105,0,0,0,43,104,0,0,93,142,142,45,0,93,232,46,0,0,0,0,0,0,0,0,0,0,0,0,0,60,44,0,0,0,0,0,0,0,0,0,0,0,0,0,38,90,0,16,0,47,0,0,0,0,6,0,0,0,57,87,46,0,0,3,47,0,0,0,0,7,0,0,0,0,26,21,0,4,0,21,0,0,0,2,7,0,0,0,6,8,26,3,0,0,0,0,0,0,0,0,0,0,0,0,1,0,0,0,0,18,0,0,0,0.00048828125,0.15766268124425928,0.06184039140229517,0.03712222228271135,0.08995513645538553,0.03669588716417175,0.03192926313334339,0.006176323555016366,0.020108652619115236,0.020531050821902968,0.0809192675229164,0.06936344084796782,0.04433421665162565,0.04769185721513586,0.03554741156875253,0.007042092334890604,0.025947910655442233,0.028168369339562415,0.024119314521930602,0.013282686043686957,0.0048828125,0.03126525506559008,0.0325211441510678,0.037695818487536684,0.0170549308560283,0.014218964627501012,0.025633603024231812,0.0361328125,0.02777629424478104,0.019384212149686726,0.00390625,0.023478154844084585,0.0316291694154329,0.02681548870653512,0.03500673501745102,0.0065509804028314154,0.029700988917471777,0.01878455474772592,0.026294750034836445,0.0205078125,0.013566839833447074,0.013810679320049757,0.007873298582322802,0.007873298582322802,0.0185803687406645,0.012079411012551739,0.020132351687586234,0.02161713244255728,0.01179984958358845,0.019749754312653012,0.03847210078826603,0.11227071497029582,0.0557411062219935,0.028920103310470405,0.0048828125,0.021836601342771385,0.022651198251451565,0.03149319432929121,0.011759369705851851,0.020967686087484266,0.004367320268554277,0.019384212149686726,0.02209708691207961,0.007873298582322802,0.024119314521930602,0.0166015625,0.007873298582322802,0.020716018980074635,0.003521046167445302,0.011388577919619728,0.009003461384075085,0.02161713244255728,0.028721564784868637,0.009959022487485907,0.0126953125,0.012352647110032733,0.0166015625,0.0048828125,0.009003461384075085,0.017387200990981306,0.010918300671385692,0.022777155839239456,0.02376079113397742,0.016370170521718956,0.026002982335340524,0.0068359375,0.011759369705851851,0.0048828125,0.009765625,0.008052940675034493,0.018657200365764452,0.0041432037960149265,0.011388577919619728,0.01516032685181643,0.014680953494504793,0.016630260122975003,0.00966747552403483,0.021417687694786434,0.006176323555016366,0.008400708268596315,0.008843149548962322,0.005940197783494355,0.011134525635733769,0.0013810679320049757,0.011134525635733769,0.006905339660024878,0.003088161777508183,0.0048828125,0.019457869965987574,0.008052940675034493,0.01441877251975918,0.012352647110032733,0.019186408891004394,0.0065509804028314154,0.01441877251975918,0.0009765625,0.008400708268596315,0.012352647110032733,0.0029296875,0.010517900013934578,0.0,0.01188039556698871,0.006176323555016366,0.01242961138804478,0.014517645261053229,0.01313830473347042,0.013982247132105814,0.0048828125,0.0126953125,1,1,1,0.8242772221565247,0.17572277784347534,1778749573.0708346,1.0
20.703125,11.68105411529541,3.0,0.09056473523378372,1.092106580734253,19.921875,57.166282653808594,11.250184059143066,0.390625,0.47473692893981934,0.02900242619216442,882.0,24461.0,6827246.5,27.73356056213379,0.43469834327697754,1.7512171268463135,6.921649932861328,7.965236000018194e-05,0.0,0.2965266704559326,30,61,0,0,0,24,63,0,0,0,40,8,0,0,0,0,0,0,0,20,88,31,0,0,0,0,73,88,0,1,5,74,29,27,8,75,55,0,0,20,25,93,26,0,22,19,29,4,18,7,124,46,0,0,64,157,120,111,62,46,64,62,126,75,205,204,123,19,73,59,45,61,0,0,72,140,155,0,0,0,16,0,0,30,111,187,216,77,0,173,237,88,38,9,6,57,57,0,0,0,3,5,42,0,75,236,108,92,91,169,188,232,136,123,174,222,71,0,0,48,105,191,79,2,106,89,103,44,27,144,250,144,156,75,73,167,141,94,5,8,110,18,3,5,55,74,63,0,0,0,0,0,0,0,0,0,0,0,0,0,62,54,19,0,7,0,0,0,0,0,0,0,18,0,0,0,105,0,0,0,43,104,0,0,93,142,142,45,0,93,232,46,0,0,0,0,0,0,0,0,0,0,0,0,0,60,44,0,0,0,0,0,0,0,0,0,0,0,0,0,38,90,0,16,0,47,0,0,0,0,6,0,0,0,57,87,46,0,0,3,47,0,0,0,0,7,0,0,0,0,26,21,0,4,0,21,0.00146484375,0.15273449988006405,0.04632242666262274,0.048238629043861204,0.07504296661499268,0.04676296833520656,0.0283875817456028,0.00834375365753665,0.027151247606362977,0.024954945974962183,0.08360880778517185,0.06647084404391264,0.04350911994129973,0.048238629043861204,0.03803582440263759,0.009814331661250869,0.02231183527108567,0.024705294220065465,0.027930370402490412,0.013810679320049757,0.009003461384075085,0.0283203125,0.029893023173855404,0.038397662600268556,0.018347943582085875,0.014906579611790769,0.027151247606362977,0.03843489971514537,0.025409398107925172,0.013706707859002147,0.009765625,0.016253239235442616,0.03192926313334339,0.034637007521422264,0.03144773864864183,0.014218964627501012,0.03676080122015373,0.021506558149946522,0.020132351687586234,0.01792730444402912,0.01589728573837862,0.012236293052872722,0.014084184669781208,0.01313830473347042,0.020132351687586234,0.0041432037960149265,0.01800692276815017,0.02417855156863271,0.01708286687942959,0.022798081113142094,0.0283875817456028,0.1154163023647981,0.06074344351595307,0.030414866215619993,0.005694288959809864,0.02286074201312427,0.023619895746968406,0.029035290522106457,0.017820593350483065,0.014938533731228863,0.004367320268554277,0.020132351687586234,0.022714264354712906,0.014084184669781208,0.016164985700436375,0.022714264354712906,0.014680953494504793,0.013810679320049757,0.006905339660024878,0.016858082521125067,0.014084184669781208,0.020132351687586234,0.024492062898407135,0.013282686043686957,0.0166875073150733,0.016253239235442616,0.014938533731228863,0.0021836601342771385,0.010918300671385692,0.016716057391234072,0.009003461384075085,0.025465634395322848,0.02231183527108567,0.012506102026236032,0.02751758360079174,0.008052940675034493,0.015655487833868553,0.0048828125,0.011048543456039806,0.009618025197066508,0.01800692276815017,0.003088161777508183,0.011388577919619728,0.014906579611790769,0.0146484375,0.015746597164645604,0.01242961138804478,0.021417687694786434,0.005694288959809864,0.0065509804028314154,0.009814331661250869,0.007627196949127592,0.009959022487485907,0.0009765625,0.011430371006562134,0.006253051013118016,0.004367320268554277,0.004026470337517247,0.02161713244255728,0.010918300671385692,0.013879560940968648,0.015440808887540914,0.016370170521718956,0.006253051013118016,0.012506102026236032,0.004026470337517247,0.011920464468489943,0.00966747552403483,0.005859375,0.01188039556698871,0.003088161777508183,0.01528562093993997,0.009264485332524549,0.008843149548962322,0.016370170521718956,0.014938533731228863,0.013101960805662831,0.0048828125,0.01171875,1,1,1,0.7200846672058105,0.27991533279418945,1778749574.1786,1.0
21.484375,11.721196174621582,3.0,0.08853983879089355,1.0387920141220093,19.921875,53.369083404541016,11.500308990478516,0.390625,0.4644012451171875,0.02910090796649456,888.0,23860.0,6798343.0,26.869369506835938,0.44705891609191895,1.6485869884490967,6.685363292694092,0.0005625483463518322,0.0,0.2996826171875,31,0,0,0,4,8,0,0,0,8,0,0,0,0,0,0,0,0,0,0,0,0,0,0,61,6,0,1,8,62,125,42,0,0,30,61,0,0,0,24,63,0,0,0,40,8,0,0,0,0,0,0,0,20,88,31,0,0,0,0,73,88,0,1,5,74,29,27,8,75,55,0,0,20,25,93,26,0,22,19,29,4,18,7,124,46,0,0,64,157,120,111,62,46,64,62,126,75,205,204,123,19,73,59,45,61,0,0,72,140,155,0,0,0,16,0,0,30,111,187,216,77,0,173,237,88,38,9,6,57,57,0,0,0,3,5,42,0,75,236,108,92,91,169,188,232,136,123,174,222,71,0,0,48,105,191,79,2,106,89,103,44,27,144,250,144,156,75,73,167,141,94,5,8,110,18,3,5,55,74,63,0,0,0,0,0,0,0,0,0,0,0,0,0,62,54,19,0,7,0,0,0,0,0,0,0,18,0,0,0,105,0,0,0,43,104,0,0,93,142,142,45,0,93,232,46,0,0,0,0,0,0,0,0,0,0,0,0,0,60,44,0,0,0,0,0,0,0,0,0,0,0,0,0,38,90,0.00390625,0.1508465087082002,0.04143203796014927,0.04236525774117942,0.08473051548235884,0.0332174831087792,0.0166015625,0.021506558149946522,0.03941491420041126,0.03549371454177001,0.07366414908455511,0.07394196951635135,0.037314400731528904,0.052344114387724204,0.03340357690720131,0.011388577919619728,0.01886055460530075,0.021836601342771385,0.02763861659782208,0.01589728573837862,0.012732817197661424,0.02157297073669387,0.03406789754396955,0.040618426451338716,0.010517900013934578,0.014938533731228863,0.031081700122733494,0.03434669022474409,0.025465634395322848,0.013879560940968648,0.006905339660024878,0.022032254243512652,0.025947910655442233,0.0400390625,0.0283875817456028,0.022269051271467537,0.033203125,0.014906579611790769,0.029378142493147116,0.0107421875,0.017820593350483065,0.0146484375,0.01953125,0.0170549308560283,0.014874556847390447,0.009003461384075085,0.020899350155305366,0.02108108705558877,0.007627196949127592,0.03180956538066861,0.026565372087373914,0.11748416225750455,0.06516679929962059,0.019652941208494246,0.014517645261053229,0.023518739411703703,0.013671875,0.035814689103305174,0.021836601342771385,0.012236293052872722,0.0048828125,0.02378085090212094,0.019236050394133015,0.01188039556698871,0.02161713244255728,0.019749754312653012,0.017820593350483065,0.010786485368346935,0.007873298582322802,0.016164985700436375,0.011920464468489943,0.022651198251451565,0.02378085090212094,0.012352647110032733,0.01878455474772592,0.01800692276815017,0.011430371006562134,0.0048828125,0.01516032685181643,0.01242961138804478,0.01284467425582608,0.021126277004671814,0.026565372087373914,0.009618025197066508,0.028117539157984314,0.009003461384075085,0.0146484375,0.0048828125,0.011048543456039806,0.010054326309557618,0.01800692276815017,0.001953125,0.014084184669781208,0.011430371006562134,0.01589728573837862,0.01760523083722651,0.016164985700436375,0.013601941676937616,0.009959022487485907,0.01313830473347042,0.0021836601342771385,0.013028968812623373,0.004979511243742954,0.004979511243742954,0.010563138502335907,0.007873298582322802,0.003088161777508183,0.0041432037960149265,0.02039122365021592,0.010918300671385692,0.01589728573837862,0.01760523083722651,0.013282686043686957,0.008843149548962322,0.015254393898255184,0.0009765625,0.00966747552403483,0.0068359375,0.009003461384075085,0.01242961138804478,0.003088161777508183,0.013028968812623373,0.008843149548962322,0.007627196949127592,0.01886055460530075,0.0166015625,0.012352647110032733,0.003521046167445302,0.0126953125,1,1,1,0.6623209714889526,0.33767902851104736,1778749574.4522395,1.0
21.484375,11.677508354187012,4.0,0.07935809344053268,1.0356385707855225,19.921875,50.3231315612793,11.590326309204102,0.390625,0.468379944562912,0.029084516689181328,887.0,22769.0,6432952.5,25.669673919677734,0.4522619843482971,1.575709342956543,6.482022285461426,3.519206074997783e-05,0.0,0.3135596215724945,0,30,120,0,0,0,0,0,4,0,0,0,19,19,0,0,0,72,59,0,0,9,88,79,0,0,0,0,31,0,0,0,4,8,0,0,0,8,0,0,0,0,0,0,0,0,0,0,0,0,0,0,61,6,0,1,8,62,125,42,0,0,30,61,0,0,0,24,63,0,0,0,40,8,0,0,0,0,0,0,0,20,88,31,0,0,0,0,73,88,0,1,5,74,29,27,8,75,55,0,0,20,25,93,26,0,22,19,29,4,18,7,124,46,0,0,64,157,120,111,62,46,64,62,126,75,205,204,123,19,73,59,45,61,0,0,72,140,155,0,0,0,16,0,0,30,111,187,216,77,0,173,237,88,38,9,6,57,57,0,0,0,3,5,42,0,75,236,108,92,91,169,188,232,136,123,174,222,71,0,0,48,105,191,79,2,106,89,103,44,27,144,250,144,156,75,73,167,141,94,5,8,110,18,3,5,55,74,63,0,0,0,0,0,0,0,0,0,0,0,0,0,62,54,19,0,7,0,0,0,0,0,0,0,18,0,0,0,105,0,0,0,43,104,0,0,93,142,142,45,0,93,232,46,0,0,0.0009765625,0.14735742434724458,0.043858421040792225,0.04642525126564341,0.08128966317053421,0.03179457147675724,0.013879560940968648,0.028185292362620726,0.04316803926816473,0.0283203125,0.0841091914067753,0.0658944547181146,0.0478515625,0.04789140560640324,0.029523860269201122,0.011134525635733769,0.01284467425582608,0.013101960805662831,0.026057937625246747,0.022032254243512652,0.018425744398548053,0.01875915303935405,0.0363433477850164,0.037695818487536684,0.012079411012551739,0.015254393898255184,0.0283203125,0.03889122607761695,0.020531050821902968,0.019186408891004394,0.0078125,0.015254393898255184,0.03274034104343791,0.03406789754396955,0.020899350155305366,0.030162978928672854,0.029378142493147116,0.01589728573837862,0.03179457147675724,0.009814331661250869,0.021439939843847802,0.01179984958358845,0.018425744398548053,0.021506558149946522,0.011759369705851851,0.016253239235442616,0.0170549308560283,0.0283875817456028,0.01727715430952552,0.02417855156863271,0.03585460888805824,0.11739077422042293,0.0637688582707598,0.012506102026236032,0.009003461384075085,0.021126277004671814,0.01824369305885684,0.03984805813106087,0.026057937625246747,0.016164985700436375,0.00834375365753665,0.02763861659782208,0.0146484375,0.007873298582322802,0.014218964627501012,0.02161713244255728,0.013101960805662831,0.007109482313750506,0.01313830473347042,0.015254393898255184,0.010054326309557618,0.02489755621871477,0.021836601342771385,0.0146484375,0.0170549308560283,0.01680141653719263,0.013982247132105814,0.006176323555016366,0.018528970665049098,0.010517900013934578,0.01179984958358845,0.021484375,0.023212625632821705,0.01441877251975918,0.024119314521930602,0.012732817197661424,0.016858082521125067,0.005940197783494355,0.012506102026236032,0.01188039556698871,0.016253239235442616,0.004367320268554277,0.011388577919619728,0.011759369705851851,0.020716018980074635,0.01800692276815017,0.018961413905222265,0.0146484375,0.0041432037960149265,0.008734640537108554,0.008734640537108554,0.0126953125,0.001953125,0.011759369705851851,0.004367320268554277,0.005859375,0.007437278423695223,0.007873298582322802,0.019749754312653012,0.012506102026236032,0.015440808887540914,0.016630260122975003,0.01589728573837862,0.005524271728019903,0.013282686043686957,0.005694288959809864,0.0048828125,0.0048828125,0.013282686043686957,0.009618025197066508,0.003521046167445302,0.009618025197066508,0.01188039556698871,0.006176323555016366,0.01589728573837862,0.015655487833868553,0.010563138502335907,0.003521046167445302,0.0166015625,1,1,1,0.8262897729873657,0.17371022701263428,1778749575.0513124,1.0
20.703125,11.47016716003418,4.0,0.08019082993268967,1.1369247436523438,19.921875,53.83488082885742,11.1849365234375,0.390625,0.48937323689460754,0.02916637621819973,892.0,22525.0,5786187.0,25.252243041992188,0.4304359257221222,2.161708354949951,6.500833034515381,0.00031512606074102223,0.0,0.2671072483062744,64,76,74,0,0,120,110,135,142,62,76,154,106,73,105,172,136,94,46,71,22,30,0,0,0,0,0,0,0,0,19,94,151,0,30,120,0,0,0,0,0,4,0,0,0,19,19,0,0,0,72,59,0,0,9,88,79,0,0,0,0,31,0,0,0,4,8,0,0,0,8,0,0,0,0,0,0,0,0,0,0,0,0,0,0,61,6,0,1,8,62,125,42,0,0,30,61,0,0,0,24,63,0,0,0,40,8,0,0,0,0,0,0,0,20,88,31,0,0,0,0,73,88,0,1,5,74,29,27,8,75,55,0,0,20,25,93,26,0,22,19,29,4,18,7,124,46,0,0,64,157,120,111,62,46,64,62,126,75,205,204,123,19,73,59,45,61,0,0,72,140,155,0,0,0,16,0,0,30,111,187,216,77,0,173,237,88,38,9,6,57,57,0,0,0,3,5,42,0,75,236,108,92,91,169,188,232,136,123,174,222,71,0,0,48,105,191,79,2,106,89,103,44,27,144,250,144,156,75,73,167,141,94,5,8,110,18,3,5,55,74,63,0,0,0,0,0,0,0,0,0,0,0,0,0,62,0.0029296875,0.14656573261526987,0.019773883526676354,0.025202124805788945,0.0757072165754465,0.06097066905776549,0.0375183060787081,0.05198762364924283,0.005859375,0.0675806651437342,0.047651847260765046,0.05490504998777577,0.08580422904878436,0.04642525126564341,0.020967686087484266,0.03192926313334339,0.005940197783494355,0.019773883526676354,0.017387200990981306,0.013671875,0.009003461384075085,0.016253239235442616,0.051164792568084906,0.02681548870653512,0.018347943582085875,0.013706707859002147,0.028168369339562415,0.03614600688148779,0.03356023491687418,0.007873298582322802,0.010054326309557618,0.017953883116064683,0.04548098055544929,0.03304477405407936,0.021035800027869155,0.0300838316420886,0.027010384152225255,0.022651198251451565,0.023619895746968406,0.013982247132105814,0.023457836229422487,0.0029296875,0.0126953125,0.02681548870653512,0.0087890625,0.02157297073669387,0.008400708268596315,0.01824369305885684,0.003088161777508183,0.031081700122733494,0.048238629043861204,0.09968593871230348,0.06680715381440262,0.030649130520459405,0.020531050821902968,0.015440808887540914,0.0048828125,0.024492062898407135,0.014218964627501012,0.005940197783494355,0.007109482313750506,0.012352647110032733,0.019773883526676354,0.013282686043686957,0.01800692276815017,0.036604814089826784,0.015625,0.005940197783494355,0.012732817197661424,0.01019561182510796,0.0146484375,0.01953125,0.026654968874914416,0.01875915303935405,0.019749754312653012,0.009618025197066508,0.020320949264340638,0.013879560940968648,0.0146484375,0.014517645261053229,0.013706707859002147,0.018165112536853784,0.02713367966689415,0.015655487833868553,0.021836601342771385,0.014517645261053229,0.017304731588544287,0.006253051013118016,0.013282686043686957,0.01242961138804478,0.013566839833447074,0.007627196949127592,0.013566839833447074,0.008286407592029853,0.010786485368346935,0.007437278423695223,0.029378142493147116,0.016630260122975003,0.007873298582322802,0.0029296875,0.008843149548962322,0.014874556847390447,0.0021836601342771385,0.012732817197661424,0.004026470337517247,0.00390625,0.0,0.0087890625,0.011759369705851851,0.020531050821902968,0.007437278423695223,0.013982247132105814,0.010563138502335907,0.013282686043686957,0.007109482313750506,0.01284467425582608,0.004026470337517247,0.004367320268554277,0.014218964627501012,0.010563138502335907,0.0048828125,0.008052940675034493,0.01284467425582608,0.005694288959809864,0.017686299097924643,0.0146484375,0.005524271728019903,0.0013810679320049757,0.0126953125,1,1,1,0.6609472632408142,0.3390527367591858,1778749575.6618645,1.0
21.875,11.523953437805176,3.0,0.08983045071363449,0.9590563774108887,19.921875,73.89044189453125,11.711482048034668,0.390625,0.4455736577510834,0.029940839856863022,940.0,28285.0,7763881.0,30.090425491333008,0.46459588408470154,2.891831159591675,7.8685150146484375,0.0,0.0,0.31442713737487793,89,80,107,169,151,47,0,0,75,125,76,0,0,62,199,104,0,0,106,201,104,125,141,152,79,0,0,0,24,72,0,0,0,64,76,74,0,0,120,110,135,142,62,76,154,106,73,105,172,136,94,46,71,22,30,0,0,0,0,0,0,0,0,19,94,151,0,30,120,0,0,0,0,0,4,0,0,0,19,19,0,0,0,72,59,0,0,9,88,79,0,0,0,0,31,0,0,0,4,8,0,0,0,8,0,0,0,0,0,0,0,0,0,0,0,0,0,0,61,6,0,1,8,62,125,42,0,0,30,61,0,0,0,24,63,0,0,0,40,8,0,0,0,0,0,0,0,20,88,31,0,0,0,0,73,88,0,1,5,74,29,27,8,75,55,0,0,20,25,93,26,0,22,19,29,4,18,7,124,46,0,0,64,157,120,111,62,46,64,62,126,75,205,204,123,19,73,59,45,61,0,0,72,140,155,0,0,0,16,0,0,30,111,187,216,77,0,173,237,88,38,9,6,57,57,0,0,0,3,5,42,0,75,236,108,92,91,169,188,232,136,123,174,222,71,0,0,48,105,191,79,2,106,89,103,44,0.0,0.16423969690531817,0.013810679320049757,0.007873298582322802,0.04421574774481161,0.04377135709182611,0.009618025197066508,0.04074735555668958,0.026002982335340524,0.0733722802978978,0.03676080122015373,0.04789140560640324,0.09285563792591651,0.05667428956463636,0.028437929255002024,0.030835260554388563,0.0126953125,0.027759121881937295,0.022545696055889054,0.005859375,0.019652941208494246,0.011048543456039806,0.03829818662329605,0.027759121881937295,0.031204190055996988,0.012352647110032733,0.01760523083722651,0.04824851299623291,0.0505742475633752,0.022798081113142094,0.023212625632821705,0.008052940675034493,0.029700988917471777,0.020108652619115236,0.009959022487485907,0.03477440198196261,0.029523860269201122,0.011759369705851851,0.033260520245950005,0.023294649300540163,0.02489755621871477,0.011920464468489943,0.023478154844084585,0.02847144479904932,0.0166015625,0.030414866215619993,0.01284467425582608,0.02229045353615884,0.018528970665049098,0.049506999436080376,0.05879684852925925,0.09658099444906089,0.04655858375414147,0.04226383790699688,0.015254393898255184,0.016630260122975003,0.027361183058831836,0.012506102026236032,0.032033631771204545,0.019773883526676354,0.022482157096135425,0.012732817197661424,0.02995676103550384,0.0192608231673008,0.010381001770248682,0.031988944051092184,0.009264485332524549,0.0166875073150733,0.015440808887540914,0.009814331661250869,0.01589728573837862,0.0192608231673008,0.022269051271467537,0.014218964627501012,0.021484375,0.008400708268596315,0.021417687694786434,0.016858082521125067,0.01528562093993997,0.019773883526676354,0.02108108705558877,0.01800692276815017,0.02231183527108567,0.01179984958358845,0.026654968874914416,0.01528562093993997,0.0235996991671769,0.007437278423695223,0.008734640537108554,0.010517900013934578,0.010918300671385692,0.0068359375,0.011134525635733769,0.007042092334890604,0.005524271728019903,0.0048828125,0.0283875817456028,0.013982247132105814,0.008400708268596315,0.0068359375,0.010517900013934578,0.00966747552403483,0.007873298582322802,0.013706707859002147,0.0126953125,0.011759369705851851,0.008052940675034493,0.003088161777508183,0.014874556847390447,0.01878455474772592,0.009264485332524549,0.014874556847390447,0.004026470337517247,0.013810679320049757,0.008734640537108554,0.009212872199274027,0.00390625,0.0041432037960149265,0.0107421875,0.009212872199274027,0.003088161777508183,0.016016815885602272,0.018657200365764452,0.011134525635733769,0.020692988379313566,0.01188039556698871,0.005258950006967289,0.0027621358640099515,0.01171875,1,1,1,0.8636703491210938,0.13632965087890625,1778749576.3045008,1.0
21.484375,11.518539428710938,5.0,0.1036115512251854,0.8834182620048523,19.921875,29.30461311340332,12.405142784118652,0.390625,0.42045143246650696,0.02663707360625267,744.0,11570.0,2223607.5,15.551074981689453,0.47593700885772705,1.327748417854309,4.669071197509766,4.1994750063167885e-05,0.0,0.34746870398521423,0,0,87,106,89,0,0,8,31,0,0,0,5,48,0,0,0,0,21,0,0,0,90,61,127,21,0,71,78,105,5,47,94,159,89,80,107,169,151,47,0,0,75,125,76,0,0,62,199,104,0,0,106,201,104,125,141,152,79,0,0,0,24,72,0,0,0,64,76,74,0,0,120,110,135,142,62,76,154,106,73,105,172,136,94,46,71,22,30,0,0,0,0,0,0,0,0,19,94,151,0,30,120,0,0,0,0,0,4,0,0,0,19,19,0,0,0,72,59,0,0,9,88,79,0,0,0,0,31,0,0,0,4,8,0,0,0,8,0,0,0,0,0,0,0,0,0,0,0,0,0,0,61,6,0,1,8,62,125,42,0,0,30,61,0,0,0,24,63,0,0,0,40,8,0,0,0,0,0,0,0,20,88,31,0,0,0,0,73,88,0,1,5,74,29,27,8,75,55,0,0,20,25,93,26,0,22,19,29,4,18,7,124,46,0,0,64,157,120,111,62,46,64,62,126,75,205,204,123,19,73,59,45,61,0,0,72,140,155,0,0,0,16,0,0,30,111,187,216,77,0,173,237,88,38,9,0.0009765625,0.10504290476191294,0.062293665757097896,0.05960232234244972,0.03742923417331406,0.029378142493147116,0.047461339375870576,0.04336641271713773,0.03873150784189832,0.06561162903219073,0.042578572962093046,0.03294360897154883,0.06800970838468809,0.029893023173855404,0.01680141653719263,0.01313830473347042,0.022482157096135425,0.03965613379735733,0.02485922277608956,0.016164985700436375,0.027010384152225255,0.013101960805662831,0.02489755621871477,0.028854075591199527,0.04280196679845923,0.030336376107439583,0.014218964627501012,0.029700988917471777,0.03149319432929121,0.0009765625,0.031035641761856844,0.014517645261053229,0.01313830473347042,0.005694288959809864,0.023619895746968406,0.024433585943743757,0.02231183527108567,0.011920464468489943,0.037224840922941246,0.024724587697601882,0.02489755621871477,0.012732817197661424,0.025353037081537442,0.024119314521930602,0.0166015625,0.020692988379313566,0.012732817197661424,0.014084184669781208,0.018425744398548053,0.043858421040792225,0.055526831936833984,0.09116094554777315,0.037314400731528904,0.052480581416189075,0.03401186477982031,0.024119314521930602,0.012506102026236032,0.022777155839239456,0.018165112536853784,0.010517900013934578,0.015440808887540914,0.00390625,0.025559086578715626,0.02231183527108567,0.005694288959809864,0.02157297073669387,0.013101960805662831,0.023212625632821705,0.016253239235442616,0.013879560940968648,0.012236293052872722,0.014680953494504793,0.01760523083722651,0.01171875,0.02833714478231818,0.009003461384075085,0.01760523083722651,0.02315091717017519,0.008400708268596315,0.009003461384075085,0.016164985700436375,0.0048828125,0.008052940675034493,0.0021836601342771385,0.01800692276815017,0.011134525635733769,0.02681548870653512,0.01179984958358845,0.007109482313750506,0.010054326309557618,0.011134525635733769,0.009003461384075085,0.011048543456039806,0.0009765625,0.004367320268554277,0.009814331661250869,0.023619895746968406,0.009003461384075085,0.01242961138804478,0.00834375365753665,0.008400708268596315,0.006176323555016366,0.008843149548962322,0.007042092334890604,0.005694288959809864,0.008843149548962322,0.010918300671385692,0.007437278423695223,0.015254393898255184,0.024724587697601882,0.009264485332524549,0.008734640537108554,0.008734640537108554,0.016370170521718956,0.013282686043686957,0.009765625,0.011430371006562134,0.009264485332524549,0.011920464468489943,0.0068359375,0.013706707859002147,0.004979511243742954,0.008286407592029853,0.005940197783494355,0.010563138502335907,0.009814331661250869,0.010517900013934578,0.005258950006967289,0.0126953125,1,1,1,0.7257257103919983,0.2742742896080017,1778749576.9425547,1.0
22.265625,11.8294095993042,4.0,0.07600227743387222,0.8471161723136902,19.921875,32.78862380981445,12.490947723388672,0.390625,0.42375969886779785,0.02531539276242256,672.0,10952.0,2152492.25,16.297618865966797,0.5002380013465881,1.0911626815795898,5.0945868492126465,4.6441964514087886e-05,0.0,0.3241117298603058,88,88,23,22,29,75,152,94,1,0,95,136,102,0,18,120,168,108,88,61,0,54,4,20,3,72,56,17,0,0,87,106,89,0,0,8,31,0,0,0,5,48,0,0,0,0,21,0,0,0,90,61,127,21,0,71,78,105,5,47,94,159,89,80,107,169,151,47,0,0,75,125,76,0,0,62,199,104,0,0,106,201,104,125,141,152,79,0,0,0,24,72,0,0,0,64,76,74,0,0,120,110,135,142,62,76,154,106,73,105,172,136,94,46,71,22,30,0,0,0,0,0,0,0,0,19,94,151,0,30,120,0,0,0,0,0,4,0,0,0,19,19,0,0,0,72,59,0,0,9,88,79,0,0,0,0,31,0,0,0,4,8,0,0,0,8,0,0,0,0,0,0,0,0,0,0,0,0,0,0,61,6,0,1,8,62,125,42,0,0,30,61,0,0,0,24,63,0,0,0,40,8,0,0,0,0,0,0,0,20,88,31,0,0,0,0,73,88,0,1,5,74,29,27,8,75,55,0,0,20,25,93,26,0,22,19,29,4,18,7,124,46,0,0,64,157,120,111,62,46,64,62,126,75,205,204,0.0009765625,0.1021990269683682,0.06750300647963069,0.065865502847333,0.048602996633317595,0.03965613379735733,0.032638232357555474,0.043552935783159684,0.014517645261053229,0.0390625,0.0369677602163041,0.0544515697634791,0.05002440810494413,0.022545696055889054,0.013982247132105814,0.029133659941750583,0.03837281778200879,0.019918044974971814,0.021945512748285382,0.011430371006562134,0.003521046167445302,0.01878455474772592,0.004367320268554277,0.025947910655442233,0.03066468450802262,0.014517645261053229,0.0021836601342771385,0.03179457147675724,0.018425744398548053,0.01792730444402912,0.04005097002814429,0.007873298582322802,0.02132844694125152,0.014680953494504793,0.027759121881937295,0.025202124805788945,0.024119314521930602,0.014517645261053229,0.03371616504225013,0.03088161777508183,0.03406789754396955,0.005524271728019903,0.02713367966689415,0.021506558149946522,0.020132351687586234,0.009003461384075085,0.014906579611790769,0.024492062898407135,0.018961413905222265,0.004979511243742954,0.039257326645003476,0.09783674725669048,0.046022936202922575,0.033260520245950005,0.010381001770248682,0.017953883116064683,0.03485657870620068,0.027361183058831836,0.007042092334890604,0.009765625,0.014938533731228863,0.01019561182510796,0.0341796875,0.018165112536853784,0.006253051013118016,0.007873298582322802,0.02638526579317636,0.031143005310746045,0.013601941676937616,0.013879560940968648,0.006253051013118016,0.0021836601342771385,0.009212872199274027,0.011430371006562134,0.01760523083722651,0.005940197783494355,0.02229045353615884,0.013101960805662831,0.020600608505594715,0.012079411012551739,0.007109482313750506,0.008843149548962322,0.006905339660024878,0.010918300671385692,0.011430371006562134,0.00966747552403483,0.025334222209126653,0.006905339660024878,0.010918300671385692,0.009212872199274027,0.009003461384075085,0.0048828125,0.010054326309557618,0.003521046167445302,0.0021836601342771385,0.011430371006562134,0.022269051271467537,0.0048828125,0.009212872199274027,0.0078125,0.009765625,0.005940197783494355,0.0068359375,0.009814331661250869,0.0065509804028314154,0.0078125,0.01760523083722651,0.008734640537108554,0.009765625,0.01792730444402912,0.005694288959809864,0.011759369705851851,0.010918300671385692,0.019236050394133015,0.014938533731228863,0.012079411012551739,0.014084184669781208,0.009003461384075085,0.014084184669781208,0.0048828125,0.012352647110032733,0.009003461384075085,0.009618025197066508,0.010918300671385692,0.014874556847390447,0.006253051013118016,0.007109482313750506,0.004367320268554277,0.009765625,1,1,1,0.0,0.8003920167684555,1778749578.0951464,1.0
22.65625,11.810948371887207,3.0,0.08460835367441177,0.814673900604248,19.921875,41.789451599121094,12.818588256835938,0.390625,0.41095301508903503,0.02388089708983898,598.0,11717.0,2364451.25,19.593645095825195,0.5044386386871338,1.0145467519760132,5.946325778961182,0.00032637076219543815,0.0,0.2974873185157776,59,24,40,9,2,0,0,0,0,20,29,0,0,0,0,39,0,0,0,94,18,0,0,23,109,0,0,0,0,1,22,0,0,88,88,23,22,29,75,152,94,1,0,95,136,102,0,18,120,168,108,88,61,0,54,4,20,3,72,56,17,0,0,87,106,89,0,0,8,31,0,0,0,5,48,0,0,0,0,21,0,0,0,90,61,127,21,0,71,78,105,5,47,94,159,89,80,107,169,151,47,0,0,75,125,76,0,0,62,199,104,0,0,106,201,104,125,141,152,79,0,0,0,24,72,0,0,0,64,76,74,0,0,120,110,135,142,62,76,154,106,73,105,172,136,94,46,71,22,30,0,0,0,0,0,0,0,0,19,94,151,0,30,120,0,0,0,0,0,4,0,0,0,19,19,0,0,0,72,59,0,0,9,88,79,0,0,0,0,31,0,0,0,4,8,0,0,0,8,0,0,0,0,0,0,0,0,0,0,0,0,0,0,61,6,0,1,8,62,125,42,0,0,30,61,0,0,0,24,63,0,0,0,40,8,0,0,0,0,0,0,0,20,88,31,0,0,0,0,73,88,0,1,5,74,29,0.00244140625,0.10570809791748233,0.045522898518776035,0.04239901044158674,0.034637007521422264,0.04981426072209707,0.05258950006967289,0.027361183058831836,0.010054326309557618,0.024954945974962183,0.04655858375414147,0.06080621123460194,0.03452669830012439,0.033332125323976586,0.004026470337517247,0.0192608231673008,0.03819845159298427,0.025202124805788945,0.016016815885602272,0.014680953494504793,0.0065509804028314154,0.02734375,0.009212872199274027,0.022482157096135425,0.021417687694786434,0.016630260122975003,0.010517900013934578,0.025781989809461104,0.0126953125,0.01760523083722651,0.02652944864688696,0.014938533731228863,0.020531050821902968,0.01886055460530075,0.016858082521125067,0.010517900013934578,0.011759369705851851,0.0013810679320049757,0.023518739411703703,0.02765586378614511,0.036916129241085546,0.003088161777508183,0.023640075072090243,0.02417855156863271,0.022140203220223895,0.010381001770248682,0.010563138502335907,0.016572815184059706,0.0185803687406645,0.020692988379313566,0.03014716609459596,0.10494753298756375,0.056640625,0.012732817197661424,0.016630260122975003,0.030835260554388563,0.012236293052872722,0.00834375365753665,0.019236050394133015,0.005940197783494355,0.018165112536853784,0.006253051013118016,0.03614600688148779,0.014218964627501012,0.0087890625,0.0126953125,0.018961413905222265,0.026294750034836445,0.009212872199274027,0.003088161777508183,0.006253051013118016,0.012732817197661424,0.0048828125,0.018528970665049098,0.005258950006967289,0.010381001770248682,0.011759369705851851,0.022269051271467537,0.013879560940968648,0.01284467425582608,0.005524271728019903,0.0048828125,0.005940197783494355,0.018425744398548053,0.00966747552403483,0.019236050394133015,0.012732817197661424,0.019555648822754675,0.0021836601342771385,0.009003461384075085,0.008286407592029853,0.0021836601342771385,0.013282686043686957,0.0013810679320049757,0.001953125,0.010563138502335907,0.021945512748285382,0.005859375,0.007042092334890604,0.008286407592029853,0.010054326309557618,0.007627196949127592,0.005258950006967289,0.01179984958358845,0.004979511243742954,0.012236293052872722,0.013282686043686957,0.008400708268596315,0.01019561182510796,0.015655487833868553,0.009618025197066508,0.012236293052872722,0.014084184669781208,0.013028968812623373,0.009765625,0.01171875,0.01727715430952552,0.008734640537108554,0.012352647110032733,0.009003461384075085,0.01800692276815017,0.005694288959809864,0.007042092334890604,0.004367320268554277,0.0087890625,0.006253051013118016,0.0029296875,0.0048828125,0.0048828125,1,1,1,0.0,0.9640637040138245,1778749578.2038977,1.0
21.484375,11.789645195007324,4.0,0.09189097583293915,0.8726759552955627,19.921875,42.68925476074219,12.42073917388916,0.390625,0.4231831431388855,0.02390085533261299,599.0,13226.0,2638483.25,22.08013343811035,0.48492586612701416,1.1909950971603394,6.007046222686768,0.0004690309287980199,0.0,0.2749570310115814,0,0,0,0,0,0,0,7,0,0,0,0,58,0,0,0,0,0,0,0,0,0,44,0,0,0,0,26,0,0,2,29,91,59,24,40,9,2,0,0,0,0,20,29,0,0,0,0,39,0,0,0,94,18,0,0,23,109,0,0,0,0,1,22,0,0,88,88,23,22,29,75,152,94,1,0,95,136,102,0,18,120,168,108,88,61,0,54,4,20,3,72,56,17,0,0,87,106,89,0,0,8,31,0,0,0,5,48,0,0,0,0,21,0,0,0,90,61,127,21,0,71,78,105,5,47,94,159,89,80,107,169,151,47,0,0,75,125,76,0,0,62,199,104,0,0,106,201,104,125,141,152,79,0,0,0,24,72,0,0,0,64,76,74,0,0,120,110,135,142,62,76,154,106,73,105,172,136,94,46,71,22,30,0,0,0,0,0,0,0,0,19,94,151,0,30,120,0,0,0,0,0,4,0,0,0,19,19,0,0,0,72,59,0,0,9,88,79,0,0,0,0,31,0,0,0,4,8,0,0,0,8,0,0,0,0,0,0,0,0,0,0,0,0,0,0,61,6,0,1,8,62,125,42,0,0,0.0029296875,0.11230893334365287,0.03829818662329605,0.047138743695887386,0.03485657870620068,0.0448900192756297,0.057226895796810985,0.0244140625,0.009814331661250869,0.024492062898407135,0.04324529262789947,0.06392569472286383,0.030336376107439583,0.037314400731528904,0.007109482313750506,0.020531050821902968,0.03869455616437295,0.023457836229422487,0.013282686043686957,0.01680141653719263,0.00834375365753665,0.029700988917471777,0.011388577919619728,0.01800692276815017,0.02765586378614511,0.013601941676937616,0.0126953125,0.02627660946694084,0.016630260122975003,0.010381001770248682,0.033969779552590014,0.010918300671385692,0.015191747252054731,0.01284467425582608,0.010786485368346935,0.0107421875,0.009264485332524549,0.004367320268554277,0.02298555135925746,0.029361906989009586,0.03496584724603156,0.005694288959809864,0.022798081113142094,0.022798081113142094,0.01680141653719263,0.012732817197661424,0.014218964627501012,0.025947910655442233,0.018961413905222265,0.01800692276815017,0.01886055460530075,0.10291041387387093,0.0632960172777297,0.006905339660024878,0.017304731588544287,0.027151247606362977,0.012352647110032733,0.008286407592029853,0.01441877251975918,0.005940197783494355,0.013566839833447074,0.009003461384075085,0.030414866215619993,0.020320949264340638,0.010517900013934578,0.009814331661250869,0.021417687694786434,0.0235996991671769,0.010563138502335907,0.0021836601342771385,0.006905339660024878,0.007042092334890604,0.0021836601342771385,0.015655487833868553,0.003521046167445302,0.016370170521718956,0.007627196949127592,0.0170549308560283,0.020108652619115236,0.005694288959809864,0.008052940675034493,0.012506102026236032,0.007042092334890604,0.013282686043686957,0.0065509804028314154,0.022032254243512652,0.010054326309557618,0.02003738723504218,0.0013810679320049757,0.009212872199274027,0.008286407592029853,0.0009765625,0.013028968812623373,0.001953125,0.0029296875,0.00834375365753665,0.02489755621871477,0.006905339660024878,0.005940197783494355,0.011388577919619728,0.012236293052872722,0.004367320268554277,0.003521046167445302,0.0146484375,0.004979511243742954,0.012732817197661424,0.012236293052872722,0.009814331661250869,0.009003461384075085,0.011759369705851851,0.006905339660024878,0.009618025197066508,0.011430371006562134,0.018165112536853784,0.008734640537108554,0.008734640537108554,0.020716018980074635,0.005940197783494355,0.009618025197066508,0.007873298582322802,0.016105881350068987,0.00834375365753665,0.0048828125,0.0021836601342771385,0.005940197783494355,0.008400708268596315,0.0013810679320049757,0.0065509804028314154,0.0078125,1,1,0,0.0,0.7781749069690704,1778749578.9155133,1.0
20.3125,11.744438171386719,4.0,0.09142306447029114,0.9784415364265442,19.921875,51.760040283203125,11.84116268157959,0.390625,0.44933822751045227,0.02390085533261299,599.0,16202.0,3228499.75,27.04841423034668,0.4592387080192566,1.5623915195465088,6.594167709350586,5.2107759984210134e-05,0.0,0.25303226709365845,0,0,0,0,41,48,188,108,21,0,21,75,0,0,0,0,0,0,0,0,0,0,0,0,0,0,0,0,0,0,0,28,0,0,0,0,0,0,0,0,0,7,0,0,0,0,58,0,0,0,0,0,0,0,0,0,44,0,0,0,0,26,0,0,2,29,91,59,24,40,9,2,0,0,0,0,20,29,0,0,0,0,39,0,0,0,94,18,0,0,23,109,0,0,0,0,1,22,0,0,88,88,23,22,29,75,152,94,1,0,95,136,102,0,18,120,168,108,88,61,0,54,4,20,3,72,56,17,0,0,87,106,89,0,0,8,31,0,0,0,5,48,0,0,0,0,21,0,0,0,90,61,127,21,0,71,78,105,5,47,94,159,89,80,107,169,151,47,0,0,75,125,76,0,0,62,199,104,0,0,106,201,104,125,141,152,79,0,0,0,24,72,0,0,0,64,76,74,0,0,120,110,135,142,62,76,154,106,73,105,172,136,94,46,71,22,30,0,0,0,0,0,0,0,0,19,94,151,0,30,120,0,0,0,0,0,4,0,0,0,19,19,0,0,0,72,59,0,0,9,88,79,0,0,0,0,0.0009765625,0.12430378624327604,0.04005097002814429,0.04007477447008436,0.028168369339562415,0.057691622998991915,0.04543902392239001,0.014218964627501012,0.018961413905222265,0.023457836229422487,0.037224840922941246,0.06772867532968634,0.03102027377786834,0.03712222228271135,0.005940197783494355,0.021506558149946522,0.03936649291161401,0.021506558149946522,0.012352647110032733,0.0208765218031562,0.0065509804028314154,0.024724587697601882,0.01727715430952552,0.012732817197661424,0.03176456243611444,0.009618025197066508,0.013982247132105814,0.0244140625,0.01792730444402912,0.010517900013934578,0.029378142493147116,0.016572815184059706,0.01878455474772592,0.007873298582322802,0.010054326309557618,0.005694288959809864,0.0126953125,0.0029296875,0.019457869965987574,0.03304477405407936,0.03144773864864183,0.009765625,0.023840928936979887,0.018347943582085875,0.010563138502335907,0.006253051013118016,0.018961413905222265,0.01589728573837862,0.02652944864688696,0.004367320268554277,0.016370170521718956,0.09944648139141381,0.06699247221149413,0.0009765625,0.011759369705851851,0.028117539157984314,0.011759369705851851,0.0013810679320049757,0.010563138502335907,0.007873298582322802,0.010054326309557618,0.004026470337517247,0.032638232357555474,0.019555648822754675,0.010918300671385692,0.011759369705851851,0.0192608231673008,0.022269051271467537,0.012236293052872722,0.005940197783494355,0.0048828125,0.011134525635733769,0.0041432037960149265,0.013282686043686957,0.007873298582322802,0.017820593350483065,0.011920464468489943,0.015776850020901866,0.017469281074217108,0.007873298582322802,0.0068359375,0.009765625,0.007042092334890604,0.013810679320049757,0.003088161777508183,0.023518739411703703,0.0068359375,0.0170549308560283,0.006905339660024878,0.0126953125,0.004026470337517247,0.004979511243742954,0.010786485368346935,0.005258950006967289,0.005258950006967289,0.010381001770248682,0.021836601342771385,0.006905339660024878,0.006253051013118016,0.013282686043686957,0.0068359375,0.004979511243742954,0.008734640537108554,0.017820593350483065,0.0027621358640099515,0.01019561182510796,0.012732817197661424,0.009003461384075085,0.011134525635733769,0.010918300671385692,0.0065509804028314154,0.006905339660024878,0.013706707859002147,0.015625,0.0087890625,0.0087890625,0.020132351687586234,0.0065509804028314154,0.008734640537108554,0.007042092334890604,0.016105881350068987,0.007042092334890604,0.006253051013118016,0.004979511243742954,0.003088161777508183,0.009003461384075085,0.0041432037960149265,0.0009765625,0.001953125,1,1,1,0.0,0.8623842000961304,1778749580.015856,1.0
21.875,11.935759544372559,3.0,0.11457458883523941,0.8880606889724731,19.921875,45.639671325683594,12.268826484680176,0.390625,0.416465163230896,0.02437496930360794,623.0,14645.0,2877138.25,23.50722312927246,0.4689602553844452,1.4076316356658936,6.139969825744629,0.0,0.0,0.264397531747818,0,0,0,0,0,0,0,0,0,0,0,0,0,0,0,61,0,0,10,106,7,4,0,0,0,0,0,0,0,0,0,0,41,48,188,108,21,0,21,75,0,0,0,0,0,0,0,0,0,0,0,0,0,0,0,0,0,0,0,28,0,0,0,0,0,0,0,0,0,7,0,0,0,0,58,0,0,0,0,0,0,0,0,0,44,0,0,0,0,26,0,0,2,29,91,59,24,40,9,2,0,0,0,0,20,29,0,0,0,0,39,0,0,0,94,18,0,0,23,109,0,0,0,0,1,22,0,0,88,88,23,22,29,75,152,94,1,0,95,136,102,0,18,120,168,108,88,61,0,54,4,20,3,72,56,17,0,0,87,106,89,0,0,8,31,0,0,0,5,48,0,0,0,0,21,0,0,0,90,61,127,21,0,71,78,105,5,47,94,159,89,80,107,169,151,47,0,0,75,125,76,0,0,62,199,104,0,0,106,201,104,125,141,152,79,0,0,0,24,72,0,0,0,64,76,74,0,0,120,110,135,142,62,76,154,106,73,105,172,136,94,46,71,22,30,0,0,0,0,0,0,0,0,19,94,151,0.0,0.11818020292658805,0.0324624416769427,0.04917843090630536,0.018657200365764452,0.06977469014803223,0.034637007521422264,0.0013810679320049757,0.022269051271467537,0.037378240642587185,0.04848512338791566,0.05223468406373567,0.029523860269201122,0.046895340638839725,0.018657200365764452,0.020762003540497363,0.051794650805375465,0.013101960805662831,0.004979511243742954,0.019652941208494246,0.005694288959809864,0.03179457147675724,0.01179984958358845,0.01933495104806966,0.026002982335340524,0.015655487833868553,0.02108108705558877,0.015191747252054731,0.015655487833868553,0.01953125,0.035507146411519225,0.006905339660024878,0.015776850020901866,0.014517645261053229,0.0048828125,0.013028968812623373,0.01441877251975918,0.013810679320049757,0.007627196949127592,0.04207160005573831,0.028168369339562415,0.0065509804028314154,0.020762003540497363,0.02315091717017519,0.0065509804028314154,0.003088161777508183,0.011920464468489943,0.022269051271467537,0.015625,0.013601941676937616,0.03126525506559008,0.099609375,0.05715185503281067,0.017469281074217108,0.027981540589637505,0.013282686043686957,0.024492062898407135,0.008734640537108554,0.0048828125,0.0048828125,0.011759369705851851,0.005859375,0.03813598474563796,0.01792730444402912,0.016630260122975003,0.020600608505594715,0.019773883526676354,0.013282686043686957,0.012352647110032733,0.008734640537108554,0.010563138502335907,0.008843149548962322,0.004979511243742954,0.0146484375,0.0065509804028314154,0.01760523083722651,0.01242961138804478,0.01824369305885684,0.022714264354712906,0.0107421875,0.0013810679320049757,0.005859375,0.013879560940968648,0.009003461384075085,0.007109482313750506,0.019918044974971814,0.005524271728019903,0.01878455474772592,0.007627196949127592,0.013879560940968648,0.0027621358640099515,0.0013810679320049757,0.012079411012551739,0.007873298582322802,0.00966747552403483,0.011920464468489943,0.01589728573837862,0.0009765625,0.004367320268554277,0.008400708268596315,0.007437278423695223,0.006253051013118016,0.013671875,0.02132844694125152,0.005694288959809864,0.013706707859002147,0.008400708268596315,0.01019561182510796,0.013282686043686957,0.010054326309557618,0.0065509804028314154,0.007627196949127592,0.013671875,0.014084184669781208,0.010918300671385692,0.005694288959809864,0.02485922277608956,0.003521046167445302,0.014778072217208551,0.011759369705851851,0.014517645261053229,0.005524271728019903,0.010918300671385692,0.0065509804028314154,0.008400708268596315,0.007873298582322802,0.004026470337517247,0.003088161777508183,0.0,1,1,1,0.0,0.7581405937671661,1778749581.233942,1.0
21.875,12.208717346191406,4.0,0.1194063350558281,0.7587401866912842,19.921875,38.86872100830078,12.965906143188477,0.390625,0.37989795207977295,0.02231183461844921,522.0,10778.0,1796959.75,20.647510528564453,0.5006957054138184,1.2292426824569702,5.672665119171143,0.00013465192751027644,0.0,0.26634955406188965,58,60,142,125,0,8,0,5,7,0,0,8,18,0,26,0,44,76,0,0,0,0,7,45,0,0,21,0,0,0,0,0,0,0,0,0,0,0,0,0,0,0,0,0,0,0,0,0,61,0,0,10,106,7,4,0,0,0,0,0,0,0,0,0,0,41,48,188,108,21,0,21,75,0,0,0,0,0,0,0,0,0,0,0,0,0,0,0,0,0,0,0,28,0,0,0,0,0,0,0,0,0,7,0,0,0,0,58,0,0,0,0,0,0,0,0,0,44,0,0,0,0,26,0,0,2,29,91,59,24,40,9,2,0,0,0,0,20,29,0,0,0,0,39,0,0,0,94,18,0,0,23,109,0,0,0,0,1,22,0,0,88,88,23,22,29,75,152,94,1,0,95,136,102,0,18,120,168,108,88,61,0,54,4,20,3,72,56,17,0,0,87,106,89,0,0,8,31,0,0,0,5,48,0,0,0,0,21,0,0,0,90,61,127,21,0,71,78,105,5,47,94,159,89,80,107,169,151,47,0,0,75,125,76,0,0,62,199,104,0,0,106,201,104,125,141,152,79,0,0,0,24,72,0,0,0,0.00146484375,0.10138393256441852,0.026868782211323446,0.0654296875,0.051905008851243405,0.050706074163074884,0.013101960805662831,0.022140203220223895,0.003521046167445302,0.019384212149686726,0.03500673501745102,0.021417687694786434,0.03057124187987994,0.031081700122733494,0.0021836601342771385,0.029313146523053973,0.049304318599079446,0.0065509804028314154,0.006176323555016366,0.025633603024231812,0.017469281074217108,0.025633603024231812,0.021417687694786434,0.021836601342771385,0.022714264354712906,0.014084184669781208,0.020716018980074635,0.009814331661250869,0.00834375365753665,0.01188039556698871,0.026203921611325662,0.016370170521718956,0.017686299097924643,0.01441877251975918,0.0009765625,0.013282686043686957,0.01589728573837862,0.0170549308560283,0.013810679320049757,0.03986002271866904,0.021126277004671814,0.013706707859002147,0.015776850020901866,0.021506558149946522,0.012732817197661424,0.005940197783494355,0.016572815184059706,0.021506558149946522,0.019555648822754675,0.0107421875,0.03232997140087275,0.09144296805249708,0.05597160109729336,0.026565372087373914,0.03066468450802262,0.020108652619115236,0.020762003540497363,0.011759369705851851,0.003088161777508183,0.00390625,0.0013810679320049757,0.007627196949127592,0.025031260972609954,0.021126277004671814,0.00834375365753665,0.027621358640099514,0.0234375,0.005258950006967289,0.009003461384075085,0.009003461384075085,0.013282686043686957,0.004979511243742954,0.006253051013118016,0.003521046167445302,0.01760523083722651,0.005258950006967289,0.0021836601342771385,0.006253051013118016,0.011048543456039806,0.001953125,0.00834375365753665,0.0048828125,0.020762003540497363,0.008843149548962322,0.010563138502335907,0.017387200990981306,0.004367320268554277,0.01708286687942959,0.010918300671385692,0.008734640537108554,0.009212872199274027,0.005940197783494355,0.007109482313750506,0.007873298582322802,0.003088161777508183,0.004979511243742954,0.009212872199274027,0.009003461384075085,0.011920464468489943,0.001953125,0.0029296875,0.005694288959809864,0.011759369705851851,0.020132351687586234,0.003088161777508183,0.009003461384075085,0.01019561182510796,0.015746597164645604,0.019918044974971814,0.007109482313750506,0.0087890625,0.0065509804028314154,0.013810679320049757,0.01800692276815017,0.013101960805662831,0.0009765625,0.022777155839239456,0.008400708268596315,0.01179984958358845,0.013282686043686957,0.013282686043686957,0.006176323555016366,0.010517900013934578,0.006253051013118016,0.007627196949127592,0.005258950006967289,0.0041432037960149265,0.004367320268554277,0.0009765625,1,1,1,0.0,0.7581405937671661,1778749581.233942,1.0
