spectral_rolloff,spectral_bandwidth,peak_count,mid_ratio,low_to_high_ratio,second_peak_freq,kurtosis,centroid,peak_freq,low_ratio,rms,avg_energy,peak_energy,energy_variance,peak_to_avg_e,high_ratio,peak1_to_peak2_ratio,skewness,dc_ratio,delta_peak_freq,spectral_flatness,adc_0,adc_1,adc_2,adc_3,adc_4,adc_5,adc_6,adc_7,adc_8,adc_9,adc_10,adc_11,adc_12,adc_13,adc_14,adc_15,adc_16,adc_17,adc_18,adc_19,adc_20,adc_21,adc_22,adc_23,adc_24,adc_25,adc_26,adc_27,adc_28,adc_29,adc_30,adc_31,adc_32,adc_33,adc_34,adc_35,adc_36,adc_37,adc_38,adc_39,adc_40,adc_41,adc_42,adc_43,adc_44,adc_45,adc_46,adc_47,adc_48,adc_49,adc_50,adc_51,adc_52,adc_53,adc_54,adc_55,adc_56,adc_57,adc_58,adc_59,adc_60,adc_61,adc_62,adc_63,adc_64,adc_65,adc_66,adc_67,adc_68,adc_69,adc_70,adc_71,adc_72,adc_73,adc_74,adc_75,adc_76,adc_77,adc_78,adc_79,adc_80,adc_81,adc_82,adc_83,adc_84,adc_85,adc_86,adc_87,adc_88,adc_89,adc_90,adc_91,adc_92,adc_93,adc_94,adc_95,adc_96,adc_97,adc_98,adc_99,adc_100,adc_101,adc_102,adc_103,adc_104,adc_105,adc_106,adc_107,adc_108,adc_109,adc_110,adc_111,adc_112,adc_113,adc_114,adc_115,adc_116,adc_117,adc_118,adc_119,adc_120,adc_121,adc_122,adc_123,adc_124,adc_125,adc_126,adc_127,adc_128,adc_129,adc_130,adc_131,adc_132,adc_133,adc_134,adc_135,adc_136,adc_137,adc_138,adc_139,adc_140,adc_141,adc_142,adc_143,adc_144,adc_145,adc_146,adc_147,adc_148,adc_149,adc_150,adc_151,adc_152,adc_153,adc_154,adc_155,adc_156,adc_157,adc_158,adc_159,adc_160,adc_161,adc_162,adc_163,adc_164,adc_165,adc_166,adc_167,adc_168,adc_169,adc_170,adc_171,adc_172,adc_173,adc_174,adc_175,adc_176,adc_177,adc_178,adc_179,adc_180,adc_181,adc_182,adc_183,adc_184,adc_185,adc_186,adc_187,adc_188,adc_189,adc_190,adc_191,adc_192,adc_193,adc_194,adc_195,adc_196,adc_197,adc_198,adc_199,adc_200,adc_201,adc_202,adc_203,adc_204,adc_205,adc_206,adc_207,adc_208,adc_209,adc_210,adc_211,adc_212,adc_213,adc_214,adc_215,adc_216,adc_217,adc_218,adc_219,adc_220,adc_221,adc_222,adc_223,adc_224,adc_225,adc_226,adc_227,adc_228,adc_229,adc_230,adc_231,adc_232,adc_233,adc_234,adc_235,adc_236,adc_237,adc_238,adc_239,adc_240,adc_241,adc_242,adc_243,adc_244,adc_245,adc_246,adc_247,adc_248,adc_249,adc_250,adc_251,adc_252,adc_253,adc_254,adc_255,fft_0,fft_1,fft_2,fft_3,fft_4,fft_5,fft_6,fft_7,fft_8,fft_9,fft_10,fft_11,fft_12,fft_13,fft_14,fft_15,fft_16,fft_17,fft_18,fft_19,fft_20,fft_21,fft_22,fft_23,fft_24,fft_25,fft_26,fft_27,fft_28,fft_29,fft_30,fft_31,fft_32,fft_33,fft_34,fft_35,fft_36,fft_37,fft_38,fft_39,fft_40,fft_41,fft_42,fft_43,fft_44,fft_45,fft_46,fft_47,fft_48,fft_49,fft_50,fft_51,fft_52,fft_53,fft_54,fft_55,fft_56,fft_57,fft_58,fft_59,fft_60,fft_61,fft_62,fft_63,fft_64,fft_65,fft_66,fft_67,fft_68,fft_69,fft_70,fft_71,fft_72,fft_73,fft_74,fft_75,fft_76,fft_77,fft_78,fft_79,fft_80,fft_81,fft_82,fft_83,fft_84,fft_85,fft_86,fft_87,fft_88,fft_89,fft_90,fft_91,fft_92,fft_93,fft_94,fft_95,fft_96,fft_97,fft_98,fft_99,fft_100,fft_101,fft_102,fft_103,fft_104,fft_105,fft_106,fft_107,fft_108,fft_109,fft_110,fft_111,fft_112,fft_113,fft_114,fft_115,fft_116,fft_117,fft_118,fft_119,fft_120,fft_121,fft_122,fft_123,fft_124,fft_125,fft_126,fft_127,fft_128,stride,interval,label
25.0,11.886283874511719,5.0,0.16245251893997192,0.9308478832244873,1.953125,26.368955612182617,12.30197811126709,1.171875,0.4037756025791168,0.021373113617300987,479.0,7253.0,906016.25,15.141962051391602,0.43377187848091125,1.486270546913147,4.409977912902832,0.0002608369686640799,0.0,0.3084084093570709,1006,1003,985,955,920,937,937,955,942,989,938,936,985,992,968,936,991,952,924,905,968,924,953,1032,1016,990,909,982,1022,1003,971,936,920,926,920,941,988,919,925,942,959,927,918,852,923,1039,1000,974,954,974,954,960,969,968,923,972,1038,1024,1040,1020,1053,1015,955,942,1037,1036,1020,1022,1036,1100,1003,1018,1038,1020,1003,921,920,955,908,966,985,942,939,904,925,936,889,923,952,936,974,986,970,955,909,955,969,944,878,922,974,956,954,952,971,921,926,890,937,941,988,974,1002,959,908,936,966,985,941,943,943,951,989,992,1053,1003,1002,983,954,957,1002,987,1008,991,998,1015,990,1001,988,1040,1024,988,911,984,1024,988,960,872,893,888,938,918,957,912,894,940,986,985,886,941,990,1000,974,925,923,1008,1014,1015,957,985,1033,960,984,952,907,968,1015,973,956,906,888,921,904,912,944,983,910,909,907,937,953,938,975,959,984,975,1006,951,952,1018,1022,969,922,952,999,1018,991,944,941,970,970,951,987,985,990,1005,968,955,967,944,1039,1111,1024,1033,1002,1002,956,991,1000,1003,991,1053,1020,976,969,889,941,942,911,904,952,974,987,1039,1048,1021,954,1018,1000,954,936,894,892,923,902,923,0.0029296875,0.01171875,0.024954945974962183,0.07560637441736684,0.037186392118476116,0.06368655170187644,0.007873298582322802,0.0567751634912056,0.044932488555966175,0.032033631771204545,0.03819845159298427,0.003521046167445302,0.03406789754396955,0.027010384152225255,0.01760523083722651,0.030414866215619993,0.006905339660024878,0.0166875073150733,0.023047702580480365,0.029442994983752607,0.023212625632821705,0.027930370402490412,0.04154696755113799,0.0453970285123807,0.030383494504109463,0.0235996991671769,0.009264485332524549,0.006176323555016366,0.027151247606362977,0.027010384152225255,0.013601941676937616,0.005258950006967289,0.02376079113397742,0.01313830473347042,0.013566839833447074,0.04559616222628419,0.022798081113142094,0.014084184669781208,0.016164985700436375,0.025465634395322848,0.01171875,0.0048828125,0.012079411012551739,0.009003461384075085,0.0192608231673008,0.01760523083722651,0.02298555135925746,0.04756170180424188,0.022651198251451565,0.013982247132105814,0.012732817197661424,0.03538607603904968,0.019555648822754675,0.022032254243512652,0.005694288959809864,0.019457869965987574,0.006905339660024878,0.0166875073150733,0.01800692276815017,0.0192608231673008,0.008734640537108554,0.007437278423695223,0.010918300671385692,0.005694288959809864,0.05417061815765103,0.01188039556698871,0.01171875,0.007042092334890604,0.008052940675034493,0.009264485332524549,0.017820593350483065,0.009814331661250869,0.011134525635733769,0.009212872199274027,0.009264485332524549,0.005694288959809864,0.01188039556698871,0.007873298582322802,0.0065509804028314154,0.01886055460530075,0.017387200990981306,0.007437278423695223,0.010517900013934578,0.010054326309557618,0.009264485332524549,0.009959022487485907,0.009003461384075085,0.005940197783494355,0.0065509804028314154,0.00390625,0.010563138502335907,0.0048828125,0.007437278423695223,0.022798081113142094,0.007042092334890604,0.00390625,0.025012204052472065,0.006176323555016366,0.010054326309557618,0.01179984958358845,0.0027621358640099515,0.007873298582322802,0.010563138502335907,0.007109482313750506,0.003088161777508183,0.004979511243742954,0.009003461384075085,0.007109482313750506,0.00390625,0.005258950006967289,0.008843149548962322,0.008843149548962322,0.004026470337517247,0.0013810679320049757,0.0126953125,0.012506102026236032,0.0283875817456028,0.01800692276815017,0.0009765625,0.007873298582322802,0.005859375,0.0021836601342771385,0.007627196949127592,0.003088161777508183,0.0027621358640099515,0.007627196949127592,0.0021836601342771385,0.006176323555016366,0.0009765625,1,1,0.0
25.0,11.687390327453613,7.0,0.18395082652568817,0.8451204299926758,1.953125,19.861474990844727,12.557369232177734,1.171875,0.3737749755382538,0.02087652124464512,457.0,5994.0,718963.125,13.115973472595215,0.44227421283721924,1.4093581438064575,3.7263190746307373,0.0006146491505205631,0.0,0.31306999921798706,986,968,1018,975,1007,986,908,937,1006,1003,985,955,920,937,937,955,942,989,938,936,985,992,968,936,991,952,924,905,968,924,953,1032,1016,990,909,982,1022,1003,971,936,920,926,920,941,988,919,925,942,959,927,918,852,923,1039,1000,974,954,974,954,960,969,968,923,972,1038,1024,1040,1020,1053,1015,955,942,1037,1036,1020,1022,1036,1100,1003,1018,1038,1020,1003,921,920,955,908,966,985,942,939,904,925,936,889,923,952,936,974,986,970,955,909,955,969,944,878,922,974,956,954,952,971,921,926,890,937,941,988,974,1002,959,908,936,966,985,941,943,943,951,989,992,1053,1003,1002,983,954,957,1002,987,1008,991,998,1015,990,1001,988,1040,1024,988,911,984,1024,988,960,872,893,888,938,918,957,912,894,940,986,985,886,941,990,1000,974,925,923,1008,1014,1015,957,985,1033,960,984,952,907,968,1015,973,956,906,888,921,904,912,944,983,910,909,907,937,953,938,975,959,984,975,1006,951,952,1018,1022,969,922,952,999,1018,991,944,941,970,970,951,987,985,990,1005,968,955,967,944,1039,1111,1024,1033,1002,1002,956,991,1000,1003,991,1053,1020,976,969,889,941,942,911,904,952,974,987,1039,1048,1021,954,1018,0.00048828125,0.022651198251451565,0.02378085090212094,0.0726866955700328,0.04555431167847891,0.05476591755003888,0.0027621358640099515,0.0585367561353348,0.04632242666262274,0.04280196679845923,0.04209426184033654,0.0087890625,0.02580047815160724,0.021836601342771385,0.020108652619115236,0.022140203220223895,0.014938533731228863,0.007627196949127592,0.018961413905222265,0.02003738723504218,0.013982247132105814,0.022032254243512652,0.03521046167445302,0.03670887915861817,0.03876842429937345,0.023840928936979887,0.014938533731228863,0.013982247132105814,0.02777629424478104,0.025465634395322848,0.010918300671385692,0.0021836601342771385,0.016716057391234072,0.011430371006562134,0.019384212149686726,0.043891025496570764,0.02777629424478104,0.009618025197066508,0.021683206358568866,0.024119314521930602,0.016716057391234072,0.009003461384075085,0.008052940675034493,0.007109482313750506,0.0185803687406645,0.020132351687586234,0.026203921611325662,0.045522898518776035,0.025390625,0.01188039556698871,0.012506102026236032,0.03756910949545184,0.016630260122975003,0.021836601342771385,0.006905339660024878,0.02108108705558877,0.008400708268596315,0.016370170521718956,0.016858082521125067,0.0192608231673008,0.008052940675034493,0.005694288959809864,0.010786485368346935,0.006905339660024878,0.05417061815765103,0.012352647110032733,0.011430371006562134,0.00834375365753665,0.007042092334890604,0.009264485332524549,0.01800692276815017,0.009618025197066508,0.011430371006562134,0.009003461384075085,0.007627196949127592,0.004367320268554277,0.010381001770248682,0.009618025197066508,0.004979511243742954,0.020320949264340638,0.01800692276815017,0.006176323555016366,0.011759369705851851,0.010517900013934578,0.009264485332524549,0.009212872199274027,0.009264485332524549,0.007873298582322802,0.005694288959809864,0.005859375,0.012732817197661424,0.003088161777508183,0.007873298582322802,0.022545696055889054,0.006253051013118016,0.005940197783494355,0.027151247606362977,0.005940197783494355,0.011388577919619728,0.014084184669781208,0.0013810679320049757,0.005524271728019903,0.012732817197661424,0.005258950006967289,0.0013810679320049757,0.006905339660024878,0.010517900013934578,0.005524271728019903,0.004367320268554277,0.004367320268554277,0.010054326309557618,0.008843149548962322,0.0041432037960149265,0.0,0.013566839833447074,0.013282686043686957,0.029133659941750583,0.01800692276815017,0.0009765625,0.006253051013118016,0.004979511243742954,0.0013810679320049757,0.0065509804028314154,0.004367320268554277,0.004026470337517247,0.007109482313750506,0.0027621358640099515,0.004979511243742954,0.001953125,1,1,0.0
25.0,11.98394775390625,7.0,0.14189967513084412,0.8370137810707092,2.734375,17.503746032714844,12.910111427307129,1.171875,0.39098334312438965,0.020646849647164345,447.0,5540.0,640867.5,12.393735885620117,0.46711698174476624,1.5418870449066162,3.4574151039123535,1.7453834516345523e-05,0.0,0.3115527033805847,1019,1004,990,923,877,951,970,1018,986,968,1018,975,1007,986,908,937,1006,1003,985,955,920,937,937,955,942,989,938,936,985,992,968,936,991,952,924,905,968,924,953,1032,1016,990,909,982,1022,1003,971,936,920,926,920,941,988,919,925,942,959,927,918,852,923,1039,1000,974,954,974,954,960,969,968,923,972,1038,1024,1040,1020,1053,1015,955,942,1037,1036,1020,1022,1036,1100,1003,1018,1038,1020,1003,921,920,955,908,966,985,942,939,904,925,936,889,923,952,936,974,986,970,955,909,955,969,944,878,922,974,956,954,952,971,921,926,890,937,941,988,974,1002,959,908,936,966,985,941,943,943,951,989,992,1053,1003,1002,983,954,957,1002,987,1008,991,998,1015,990,1001,988,1040,1024,988,911,984,1024,988,960,872,893,888,938,918,957,912,894,940,986,985,886,941,990,1000,974,925,923,1008,1014,1015,957,985,1033,960,984,952,907,968,1015,973,956,906,888,921,904,912,944,983,910,909,907,937,953,938,975,959,984,975,1006,951,952,1018,1022,969,922,952,999,1018,991,944,941,970,970,951,987,985,990,1005,968,955,967,944,1039,1111,1024,1033,1002,1002,956,991,1000,1003,991,1053,1020,976,969,889,941,942,911,904,0.001953125,0.017953883116064683,0.02229045353615884,0.07288323498845817,0.041718768287683256,0.06074344351595307,0.004367320268554277,0.05183146292857656,0.051905008851243405,0.04120121701118943,0.033332125323976586,0.014874556847390447,0.019773883526676354,0.011920464468489943,0.017387200990981306,0.01179984958358845,0.022032254243512652,0.0048828125,0.021836601342771385,0.009003461384075085,0.0029296875,0.012079411012551739,0.021439939843847802,0.03180956538066861,0.04824851299623291,0.012506102026236032,0.014517645261053229,0.01953125,0.03951157875809357,0.03876842429937345,0.011430371006562134,0.011388577919619728,0.02995676103550384,0.016630260122975003,0.009264485332524549,0.0436404354912194,0.014906579611790769,0.013028968812623373,0.023457836229422487,0.013101960805662831,0.022714264354712906,0.01760523083722651,0.007042092334890604,0.0041432037960149265,0.011430371006562134,0.025781989809461104,0.03088161777508183,0.04306850990468739,0.0300838316420886,0.007042092334890604,0.012236293052872722,0.04421574774481161,0.011430371006562134,0.0166875073150733,0.009003461384075085,0.025390625,0.0078125,0.012079411012551739,0.01727715430952552,0.016630260122975003,0.011134525635733769,0.00834375365753665,0.011920464468489943,0.0048828125,0.05040424961157789,0.013810679320049757,0.010517900013934578,0.007627196949127592,0.011430371006562134,0.009959022487485907,0.01800692276815017,0.011388577919619728,0.008286407592029853,0.009814331661250869,0.008843149548962322,0.0009765625,0.004979511243742954,0.013601941676937616,0.005524271728019903,0.01792730444402912,0.016253239235442616,0.0021836601342771385,0.010381001770248682,0.013706707859002147,0.01171875,0.009003461384075085,0.006176323555016366,0.0048828125,0.009212872199274027,0.003521046167445302,0.0087890625,0.007042092334890604,0.009212872199274027,0.02580047815160724,0.0048828125,0.005859375,0.0283875817456028,0.005524271728019903,0.01171875,0.015655487833868553,0.0009765625,0.005258950006967289,0.01179984958358845,0.005258950006967289,0.0021836601342771385,0.005940197783494355,0.009765625,0.0068359375,0.003088161777508183,0.005859375,0.009765625,0.008052940675034493,0.0021836601342771385,0.0021836601342771385,0.011920464468489943,0.013601941676937616,0.027621358640099514,0.0185803687406645,0.0013810679320049757,0.0048828125,0.005258950006967289,0.0009765625,0.006905339660024878,0.004367320268554277,0.003521046167445302,0.008052940675034493,0.0029296875,0.005940197783494355,0.001953125,1,1,0.0
25.0,11.908449172973633,6.0,0.10682770609855652,0.7335255146026611,1.953125,16.79149627685547,13.201810836791992,1.171875,0.3779377043247223,0.0205078125,441.0,5570.0,669924.625,12.630385398864746,0.5152345895767212,1.4396485090255737,3.382794141769409,0.00028294045478105545,0.0,0.2905246317386627,1002,953,950,1019,1040,987,942,987,1019,1004,990,923,877,951,970,1018,986,968,1018,975,1007,986,908,937,1006,1003,985,955,920,937,937,955,942,989,938,936,985,992,968,936,991,952,924,905,968,924,953,1032,1016,990,909,982,1022,1003,971,936,920,926,920,941,988,919,925,942,959,927,918,852,923,1039,1000,974,954,974,954,960,969,968,923,972,1038,1024,1040,1020,1053,1015,955,942,1037,1036,1020,1022,1036,1100,1003,1018,1038,1020,1003,921,920,955,908,966,985,942,939,904,925,936,889,923,952,936,974,986,970,955,909,955,969,944,878,922,974,956,954,952,971,921,926,890,937,941,988,974,1002,959,908,936,966,985,941,943,943,951,989,992,1053,1003,1002,983,954,957,1002,987,1008,991,998,1015,990,1001,988,1040,1024,988,911,984,1024,988,960,872,893,888,938,918,957,912,894,940,986,985,886,941,990,1000,974,925,923,1008,1014,1015,957,985,1033,960,984,952,907,968,1015,973,956,906,888,921,904,912,944,983,910,909,907,937,953,938,975,959,984,975,1006,951,952,1018,1022,969,922,952,999,1018,991,944,941,970,970,951,987,985,990,1005,968,955,967,944,1039,1111,1024,1033,1002,1002,956,991,1000,1003,991,1053,0.00048828125,0.021439939843847802,0.024472586105745445,0.07474372311778302,0.04120121701118943,0.05642131572521207,0.004367320268554277,0.057451430000323156,0.04631213164601319,0.033332125323976586,0.030414866215619993,0.01589728573837862,0.022798081113142094,0.006253051013118016,0.01589728573837862,0.006253051013118016,0.03192926313334339,0.016016815885602272,0.026672852116694654,0.011430371006562134,0.009003461384075085,0.0013810679320049757,0.0170549308560283,0.04283537538957287,0.04154696755113799,0.010517900013934578,0.003088161777508183,0.009264485332524549,0.029877067462457725,0.0263671875,0.01284467425582608,0.0021836601342771385,0.019918044974971814,0.008734640537108554,0.013810679320049757,0.04981426072209707,0.021683206358568866,0.017820593350483065,0.01516032685181643,0.0205078125,0.017953883116064683,0.0185546875,0.013982247132105814,0.009003461384075085,0.007627196949127592,0.02883754503951836,0.033260520245950005,0.041718768287683256,0.031204190055996988,0.0048828125,0.010563138502335907,0.04574233761183738,0.014218964627501012,0.015746597164645604,0.007873298582322802,0.025353037081537442,0.005859375,0.012732817197661424,0.017953883116064683,0.015440808887540914,0.010918300671385692,0.00834375365753665,0.011759369705851851,0.004979511243742954,0.05200596467068105,0.011759369705851851,0.011920464468489943,0.005694288959809864,0.01019561182510796,0.013028968812623373,0.02161713244255728,0.014874556847390447,0.0048828125,0.008286407592029853,0.010054326309557618,0.0048828125,0.0009765625,0.018528970665049098,0.009212872199274027,0.013810679320049757,0.01179984958358845,0.005694288959809864,0.004367320268554277,0.009003461384075085,0.005694288959809864,0.014680953494504793,0.01284467425582608,0.011134525635733769,0.004367320268554277,0.008734640537108554,0.014938533731228863,0.0,0.003521046167445302,0.020320949264340638,0.010786485368346935,0.001953125,0.022798081113142094,0.004979511243742954,0.006176323555016366,0.01589728573837862,0.0065509804028314154,0.0029296875,0.016630260122975003,0.0021836601342771385,0.005859375,0.00834375365753665,0.01171875,0.007437278423695223,0.0009765625,0.006905339660024878,0.009003461384075085,0.007627196949127592,0.0,0.0048828125,0.0087890625,0.014874556847390447,0.028985980624327792,0.018165112536853784,0.0029296875,0.0041432037960149265,0.00390625,0.0,0.0065509804028314154,0.00390625,0.003088161777508183,0.006253051013118016,0.003088161777508183,0.004026470337517247,0.0029296875,1,1,0.0
25.0,11.964886665344238,7.0,0.12325345724821091,0.7500090599060059,2.734375,19.331174850463867,13.301554679870605,1.171875,0.3757511079311371,0.02027396485209465,431.0,5858.0,671906.0625,13.591647148132324,0.5009954571723938,1.692574381828308,3.6381962299346924,1.809889181458857e-05,0.0,0.26724952459335327,1007,1004,988,909,920,953,968,942,1002,953,950,1019,1040,987,942,987,1019,1004,990,923,877,951,970,1018,986,968,1018,975,1007,986,908,937,1006,1003,985,955,920,937,937,955,942,989,938,936,985,992,968,936,991,952,924,905,968,924,953,1032,1016,990,909,982,1022,1003,971,936,920,926,920,941,988,919,925,942,959,927,918,852,923,1039,1000,974,954,974,954,960,969,968,923,972,1038,1024,1040,1020,1053,1015,955,942,1037,1036,1020,1022,1036,1100,1003,1018,1038,1020,1003,921,920,955,908,966,985,942,939,904,925,936,889,923,952,936,974,986,970,955,909,955,969,944,878,922,974,956,954,952,971,921,926,890,937,941,988,974,1002,959,908,936,966,985,941,943,943,951,989,992,1053,1003,1002,983,954,957,1002,987,1008,991,998,1015,990,1001,988,1040,1024,988,911,984,1024,988,960,872,893,888,938,918,957,912,894,940,986,985,886,941,990,1000,974,925,923,1008,1014,1015,957,985,1033,960,984,952,907,968,1015,973,956,906,888,921,904,912,944,983,910,909,907,937,953,938,975,959,984,975,1006,951,952,1018,1022,969,922,952,999,1018,991,944,941,970,970,951,987,985,990,1005,968,955,967,944,1039,1111,1024,1033,0.0,0.015746597164645604,0.0170549308560283,0.0670707220066124,0.04976637619625354,0.050706074163074884,0.0068359375,0.06437910048378714,0.03803582440263759,0.026654968874914416,0.029133659941750583,0.019628663322501738,0.02756951994822872,0.006905339660024878,0.020132351687586234,0.005694288959809864,0.036461239653504826,0.01875915303935405,0.0244140625,0.015191747252054731,0.010918300671385692,0.0027621358640099515,0.02003738723504218,0.044538102542935075,0.0388789633542859,0.013101960805662831,0.004367320268554277,0.007627196949127592,0.0283875817456028,0.02756951994822872,0.008400708268596315,0.003521046167445302,0.021945512748285382,0.009264485332524549,0.00834375365753665,0.04809012598533254,0.016630260122975003,0.014517645261053229,0.022140203220223895,0.015655487833868553,0.018347943582085875,0.013706707859002147,0.009618025197066508,0.0041432037960149265,0.007042092334890604,0.021506558149946522,0.02883754503951836,0.048867171887487515,0.03829818662329605,0.009959022487485907,0.015440808887540914,0.05164713993038028,0.01727715430952552,0.01179984958358845,0.003088161777508183,0.020899350155305366,0.007627196949127592,0.01824369305885684,0.01284467425582608,0.019773883526676354,0.012732817197661424,0.010517900013934578,0.011759369705851851,0.0021836601342771385,0.05277053158635272,0.016016815885602272,0.009814331661250869,0.009264485332524549,0.005694288959809864,0.013566839833447074,0.023457836229422487,0.01760523083722651,0.0013810679320049757,0.009264485332524549,0.010786485368346935,0.008734640537108554,0.003521046167445302,0.01878455474772592,0.01171875,0.0126953125,0.011388577919619728,0.006253051013118016,0.0048828125,0.009003461384075085,0.005940197783494355,0.013566839833447074,0.012236293052872722,0.010517900013934578,0.004367320268554277,0.008400708268596315,0.016253239235442616,0.0,0.003088161777508183,0.019555648822754675,0.011388577919619728,0.0013810679320049757,0.022881590847382775,0.004026470337517247,0.0065509804028314154,0.018961413905222265,0.0048828125,0.0021836601342771385,0.013982247132105814,0.004979511243742954,0.003521046167445302,0.006905339660024878,0.011134525635733769,0.005258950006967289,0.0041432037960149265,0.0041432037960149265,0.006905339660024878,0.011759369705851851,0.004367320268554277,0.004979511243742954,0.007873298582322802,0.010517900013934578,0.0244140625,0.022032254243512652,0.007437278423695223,0.00390625,0.0009765625,0.004979511243742954,0.005940197783494355,0.004367320268554277,0.0041432037960149265,0.008400708268596315,0.005694288959809864,0.0013810679320049757,0.0078125,1,1,0.0
25.0,11.882532119750977,9.0,0.13633321225643158,0.6796693801879883,2.734375,13.741559982299805,13.734039306640625,1.171875,0.34947821497917175,0.02027396485209465,431.0,4717.0,647972.5625,10.944315910339355,0.5141885876655579,1.085365891456604,3.1705424785614014,0.0,0.0,0.284166157245636,939,983,928,952,953,920,846,942,1007,1004,988,909,920,953,968,942,1002,953,950,1019,1040,987,942,987,1019,1004,990,923,877,951,970,1018,986,968,1018,975,1007,986,908,937,1006,1003,985,955,920,937,937,955,942,989,938,936,985,992,968,936,991,952,924,905,968,924,953,1032,1016,990,909,982,1022,1003,971,936,920,926,920,941,988,919,925,942,959,927,918,852,923,1039,1000,974,954,974,954,960,969,968,923,972,1038,1024,1040,1020,1053,1015,955,942,1037,1036,1020,1022,1036,1100,1003,1018,1038,1020,1003,921,920,955,908,966,985,942,939,904,925,936,889,923,952,936,974,986,970,955,909,955,969,944,878,922,974,956,954,952,971,921,926,890,937,941,988,974,1002,959,908,936,966,985,941,943,943,951,989,992,1053,1003,1002,983,954,957,1002,987,1008,991,998,1015,990,1001,988,1040,1024,988,911,984,1024,988,960,872,893,888,938,918,957,912,894,940,986,985,886,941,990,1000,974,925,923,1008,1014,1015,957,985,1033,960,984,952,907,968,1015,973,956,906,888,921,904,912,944,983,910,909,907,937,953,938,975,959,984,975,1006,951,952,1018,1022,969,922,952,999,1018,991,944,941,970,970,951,987,985,990,1005,0.0,0.016630260122975003,0.0021836601342771385,0.05281569251167953,0.06368655170187644,0.03527810911755555,0.021683206358568866,0.07529670518047357,0.037378240642587185,0.01727715430952552,0.01528562093993997,0.031035641761856844,0.016572815184059706,0.007042092334890604,0.026294750034836445,0.00834375365753665,0.024724587697601882,0.006905339660024878,0.02833714478231818,0.004367320268554277,0.012236293052872722,0.0087890625,0.00966747552403483,0.048828125,0.040465526084180976,0.017820593350483065,0.007873298582322802,0.003521046167445302,0.01878455474772592,0.021126277004671814,0.00966747552403483,0.013810679320049757,0.02627660946694084,0.01516032685181643,0.003088161777508183,0.04501730692037543,0.010381001770248682,0.009765625,0.029556144434417102,0.020531050821902968,0.01589728573837862,0.003088161777508183,0.01824369305885684,0.01284467425582608,0.006176323555016366,0.027010384152225255,0.03742923417331406,0.04447381850287383,0.037378240642587185,0.007042092334890604,0.007042092334890604,0.044932488555966175,0.019236050394133015,0.019652941208494246,0.006905339660024878,0.022777155839239456,0.009814331661250869,0.012352647110032733,0.01878455474772592,0.014778072217208551,0.011430371006562134,0.008843149548962322,0.009814331661250869,0.005859375,0.05281569251167953,0.011134525635733769,0.01284467425582608,0.005524271728019903,0.011134525635733769,0.011759369705851851,0.020108652619115236,0.011759369705851851,0.007042092334890604,0.006905339660024878,0.005940197783494355,0.0048828125,0.0027621358640099515,0.02108108705558877,0.01188039556698871,0.014084184669781208,0.009765625,0.011134525635733769,0.0,0.005524271728019903,0.0,0.015655487833868553,0.014218964627501012,0.012236293052872722,0.00390625,0.005258950006967289,0.011920464468489943,0.004026470337517247,0.005940197783494355,0.021506558149946522,0.009003461384075085,0.004026470337517247,0.022798081113142094,0.0068359375,0.004979511243742954,0.018347943582085875,0.006905339660024878,0.0009765625,0.01516032685181643,0.005694288959809864,0.003521046167445302,0.0065509804028314154,0.01019561182510796,0.00390625,0.005940197783494355,0.0021836601342771385,0.00390625,0.013101960805662831,0.005694288959809864,0.007873298582322802,0.004367320268554277,0.013101960805662831,0.02756951994822872,0.01878455474772592,0.006905339660024878,0.007627196949127592,0.0041432037960149265,0.004367320268554277,0.0087890625,0.0013810679320049757,0.004367320268554277,0.006253051013118016,0.003521046167445302,0.004367320268554277,0.0029296875,1,1,0.0
25.0,11.950852394104004,7.0,0.13627611100673676,0.6701493263244629,1.5625,21.000289916992188,13.921125411987305,2.734375,0.3465701937675476,0.019941970705986023,417.0,5945.0,690204.3125,14.25659465789795,0.5171536803245544,1.3978368043899536,3.8603596687316895,0.0,0.0,0.2759082317352295,936,1002,1004,972,1024,1049,990,984,939,983,928,952,953,920,846,942,1007,1004,988,909,920,953,968,942,1002,953,950,1019,1040,987,942,987,1019,1004,990,923,877,951,970,1018,986,968,1018,975,1007,986,908,937,1006,1003,985,955,920,937,937,955,942,989,938,936,985,992,968,936,991,952,924,905,968,924,953,1032,1016,990,909,982,1022,1003,971,936,920,926,920,941,988,919,925,942,959,927,918,852,923,1039,1000,974,954,974,954,960,969,968,923,972,1038,1024,1040,1020,1053,1015,955,942,1037,1036,1020,1022,1036,1100,1003,1018,1038,1020,1003,921,920,955,908,966,985,942,939,904,925,936,889,923,952,936,974,986,970,955,909,955,969,944,878,922,974,956,954,952,971,921,926,890,937,941,988,974,1002,959,908,936,966,985,941,943,943,951,989,992,1053,1003,1002,983,954,957,1002,987,1008,991,998,1015,990,1001,988,1040,1024,988,911,984,1024,988,960,872,893,888,938,918,957,912,894,940,986,985,886,941,990,1000,974,925,923,1008,1014,1015,957,985,1033,960,984,952,907,968,1015,973,956,906,888,921,904,912,944,983,910,909,907,937,953,938,975,959,984,975,1006,951,952,1018,1022,969,922,952,999,1018,991,944,0.00244140625,0.013282686043686957,0.0068359375,0.05482683143600859,0.06207128352371369,0.038098455474865546,0.021417687694786434,0.07939639306319471,0.03304477405407936,0.012732817197661424,0.014517645261053229,0.03585460888805824,0.01760523083722651,0.01188039556698871,0.029035290522106457,0.013028968812623373,0.021683206358568866,0.006905339660024878,0.0324624416769427,0.006905339660024878,0.016164985700436375,0.009618025197066508,0.012732817197661424,0.05097805912553979,0.037186392118476116,0.0170549308560283,0.0048828125,0.0009765625,0.02003738723504218,0.019918044974971814,0.011134525635733769,0.012732817197661424,0.022881590847382775,0.013810679320049757,0.003521046167445302,0.046404704572330945,0.008843149548962322,0.01188039556698871,0.0324624416769427,0.022269051271467537,0.016105881350068987,0.0027621358640099515,0.019628663322501738,0.013879560940968648,0.005940197783494355,0.02765586378614511,0.03756910949545184,0.04471973883537231,0.037378240642587185,0.007437278423695223,0.006253051013118016,0.044291173712689716,0.019457869965987574,0.0208765218031562,0.008400708268596315,0.02489755621871477,0.007873298582322802,0.011920464468489943,0.018657200365764452,0.016572815184059706,0.010381001770248682,0.00834375365753665,0.011134525635733769,0.003088161777508183,0.05449533761056135,0.012352647110032733,0.013879560940968648,0.003521046167445302,0.01242961138804478,0.0146484375,0.01792730444402912,0.009618025197066508,0.009765625,0.007042092334890604,0.003088161777508183,0.0065509804028314154,0.005940197783494355,0.024119314521930602,0.013982247132105814,0.012732817197661424,0.0078125,0.011134525635733769,0.003088161777508183,0.004979511243742954,0.003088161777508183,0.013982247132105814,0.0126953125,0.010918300671385692,0.003088161777508183,0.006253051013118016,0.013282686043686957,0.0027621358640099515,0.005258950006967289,0.020692988379313566,0.009264485332524549,0.0029296875,0.022798081113142094,0.005258950006967289,0.005940197783494355,0.01708286687942959,0.005694288959809864,0.0009765625,0.015440808887540914,0.0041432037960149265,0.003521046167445302,0.007042092334890604,0.010786485368346935,0.005524271728019903,0.0041432037960149265,0.0029296875,0.005524271728019903,0.013282686043686957,0.006253051013118016,0.007873298582322802,0.004367320268554277,0.012079411012551739,0.026672852116694654,0.020531050821902968,0.007873298582322802,0.008286407592029853,0.005258950006967289,0.004367320268554277,0.009618025197066508,0.001953125,0.0065509804028314154,0.005694288959809864,0.004367320268554277,0.0048828125,0.0029296875,1,1,0.0
25.0,11.897921562194824,6.0,0.1426643580198288,0.6777226328849792,1.5625,23.78708267211914,13.816730499267578,2.734375,0.34632408618927,0.02034440077841282,434.0,6610.0,766937.125,15.230414390563965,0.51101154088974,1.6361385583877563,4.082433700561523,0.0004498182679526508,0.0,0.2842353284358978,903,940,968,937,986,927,958,923,936,1002,1004,972,1024,1049,990,984,939,983,928,952,953,920,846,942,1007,1004,988,909,920,953,968,942,1002,953,950,1019,1040,987,942,987,1019,1004,990,923,877,951,970,1018,986,968,1018,975,1007,986,908,937,1006,1003,985,955,920,937,937,955,942,989,938,936,985,992,968,936,991,952,924,905,968,924,953,1032,1016,990,909,982,1022,1003,971,936,920,926,920,941,988,919,925,942,959,927,918,852,923,1039,1000,974,954,974,954,960,969,968,923,972,1038,1024,1040,1020,1053,1015,955,942,1037,1036,1020,1022,1036,1100,1003,1018,1038,1020,1003,921,920,955,908,966,985,942,939,904,925,936,889,923,952,936,974,986,970,955,909,955,969,944,878,922,974,956,954,952,971,921,926,890,937,941,988,974,1002,959,908,936,966,985,941,943,943,951,989,992,1053,1003,1002,983,954,957,1002,987,1008,991,998,1015,990,1001,988,1040,1024,988,911,984,1024,988,960,872,893,888,938,918,957,912,894,940,986,985,886,941,990,1000,974,925,923,1008,1014,1015,957,985,1033,960,984,952,907,968,1015,973,956,906,888,921,904,912,944,983,910,909,907,937,953,938,975,959,984,975,1006,951,952,1018,0.00048828125,0.023212625632821705,0.004979511243742954,0.06027060204769325,0.05476591755003888,0.04515479695975348,0.010918300671385692,0.07241064418717433,0.02681548870653512,0.010517900013934578,0.019773883526676354,0.04350911994129973,0.020600608505594715,0.01933495104806966,0.03294360897154883,0.017304731588544287,0.017953883116064683,0.011759369705851851,0.032241355506287456,0.007873298582322802,0.012352647110032733,0.00834375365753665,0.009003461384075085,0.05198762364924283,0.03742923417331406,0.020531050821902968,0.007437278423695223,0.007109482313750506,0.02638526579317636,0.022269051271467537,0.015254393898255184,0.013982247132105814,0.019773883526676354,0.01800692276815017,0.012732817197661424,0.04334441605697685,0.0166875073150733,0.004979511243742954,0.025781989809461104,0.025031260972609954,0.013982247132105814,0.013101960805662831,0.009003461384075085,0.010918300671385692,0.014778072217208551,0.02681548870653512,0.04323426488511456,0.04442017740446937,0.03676080122015373,0.009814331661250869,0.004026470337517247,0.04037114571991091,0.010517900013934578,0.011920464468489943,0.003521046167445302,0.018347943582085875,0.012732817197661424,0.0170549308560283,0.019555648822754675,0.009959022487485907,0.011134525635733769,0.005859375,0.015191747252054731,0.007109482313750506,0.05064020375962568,0.016716057391234072,0.013028968812623373,0.003521046167445302,0.013028968812623373,0.016858082521125067,0.017578125,0.007042092334890604,0.011430371006562134,0.0041432037960149265,0.004026470337517247,0.007437278423695223,0.0021836601342771385,0.021126277004671814,0.011388577919619728,0.015746597164645604,0.011134525635733769,0.013810679320049757,0.004979511243742954,0.0013810679320049757,0.004367320268554277,0.010918300671385692,0.009618025197066508,0.008400708268596315,0.005258950006967289,0.009212872199274027,0.017578125,0.0041432037960149265,0.007627196949127592,0.02489755621871477,0.005940197783494355,0.005940197783494355,0.021506558149946522,0.007437278423695223,0.003521046167445302,0.019628663322501738,0.0068359375,0.0,0.013566839833447074,0.005694288959809864,0.0021836601342771385,0.006253051013118016,0.01179984958358845,0.00390625,0.005258950006967289,0.004367320268554277,0.006253051013118016,0.010786485368346935,0.004367320268554277,0.0048828125,0.007627196949127592,0.009765625,0.02378085090212094,0.022032254243512652,0.011920464468489943,0.011759369705851851,0.008734640537108554,0.006905339660024878,0.01179984958358845,0.005859375,0.004367320268554277,0.008843149548962322,0.0009765625,0.003088161777508183,0.0068359375,1,1,0.0
25.0,12.10910415649414,7.0,0.15360140800476074,0.6774492263793945,1.171875,17.156898498535156,13.799073219299316,2.734375,0.3418238162994385,0.02034440077841282,434.0,5498.0,653851.4375,12.66820240020752,0.5045747756958008,1.4434235095977783,3.465973377227783,1.797558979887981e-05,0.0,0.31443172693252563,904,905,859,876,986,976,937,891,903,940,968,937,986,927,958,923,936,1002,1004,972,1024,1049,990,984,939,983,928,952,953,920,846,942,1007,1004,988,909,920,953,968,942,1002,953,950,1019,1040,987,942,987,1019,1004,990,923,877,951,970,1018,986,968,1018,975,1007,986,908,937,1006,1003,985,955,920,937,937,955,942,989,938,936,985,992,968,936,991,952,924,905,968,924,953,1032,1016,990,909,982,1022,1003,971,936,920,926,920,941,988,919,925,942,959,927,918,852,923,1039,1000,974,954,974,954,960,969,968,923,972,1038,1024,1040,1020,1053,1015,955,942,1037,1036,1020,1022,1036,1100,1003,1018,1038,1020,1003,921,920,955,908,966,985,942,939,904,925,936,889,923,952,936,974,986,970,955,909,955,969,944,878,922,974,956,954,952,971,921,926,890,937,941,988,974,1002,959,908,936,966,985,941,943,943,951,989,992,1053,1003,1002,983,954,957,1002,987,1008,991,998,1015,990,1001,988,1040,1024,988,911,984,1024,988,960,872,893,888,938,918,957,912,894,940,986,985,886,941,990,1000,974,925,923,1008,1014,1015,957,985,1033,960,984,952,907,968,1015,973,956,906,888,921,904,912,944,983,910,909,907,937,953,938,0.00244140625,0.034402177644157296,0.016716057391234072,0.07086641623643256,0.04398869386545003,0.05694288959809864,0.013566839833447074,0.0807718143818446,0.01824369305885684,0.001953125,0.013101960805662831,0.04458090707231768,0.009212872199274027,0.011430371006562134,0.023457836229422487,0.008052940675034493,0.025409398107925172,0.0021836601342771385,0.0324624416769427,0.009003461384075085,0.02231183527108567,0.0126953125,0.01800692276815017,0.04833737762017415,0.03954776705335271,0.012079411012551739,0.005694288959809864,0.0027621358640099515,0.01953125,0.023840928936979887,0.008052940675034493,0.008052940675034493,0.016016815885602272,0.013101960805662831,0.011048543456039806,0.049071658306254345,0.01589728573837862,0.010054326309557618,0.029442994983752607,0.029813159223581537,0.011048543456039806,0.01589728573837862,0.0048828125,0.0107421875,0.01792730444402912,0.025559086578715626,0.04609540516096073,0.04386929188518789,0.03656571333368956,0.011759369705851851,0.007627196949127592,0.040465526084180976,0.009003461384075085,0.008843149548962322,0.003521046167445302,0.015440808887540914,0.01528562093993997,0.01528562093993997,0.021945512748285382,0.010381001770248682,0.008843149548962322,0.0021836601342771385,0.0170549308560283,0.005694288959809864,0.05402076830445051,0.015746597164645604,0.016716057391234072,0.0009765625,0.015191747252054731,0.013566839833447074,0.01589728573837862,0.009618025197066508,0.0065509804028314154,0.006905339660024878,0.006176323555016366,0.0048828125,0.005258950006967289,0.023518739411703703,0.014517645261053229,0.013810679320049757,0.007873298582322802,0.011759369705851851,0.003088161777508183,0.004026470337517247,0.0027621358640099515,0.013810679320049757,0.011920464468489943,0.007873298582322802,0.006253051013118016,0.0087890625,0.01708286687942959,0.0029296875,0.007109482313750506,0.0242573092741684,0.005524271728019903,0.006905339660024878,0.021683206358568866,0.008400708268596315,0.0021836601342771385,0.020132351687586234,0.006253051013118016,0.0013810679320049757,0.013982247132105814,0.004367320268554277,0.003088161777508183,0.006253051013118016,0.011048543456039806,0.004026470337517247,0.005258950006967289,0.003521046167445302,0.007437278423695223,0.009814331661250869,0.0029296875,0.004979511243742954,0.007873298582322802,0.0087890625,0.024119314521930602,0.022269051271467537,0.011430371006562134,0.0126953125,0.009003461384075085,0.005258950006967289,0.00966747552403483,0.003088161777508183,0.003521046167445302,0.007627196949127592,0.0021836601342771385,0.003088161777508183,0.0048828125,1,1,0.0
25.0,12.032577514648438,6.0,0.13541719317436218,0.7668598294258118,1.171875,22.422208786010742,13.30396842956543,2.734375,0.37524980306625366,0.02087652124464512,457.0,6841.0,911977.125,14.969365119934082,0.48933300375938416,1.299088478088379,4.028714179992676,0.00042702193604782224,0.0,0.2658426761627197,928,969,1015,999,1018,958,941,905,904,905,859,876,986,976,937,891,903,940,968,937,986,927,958,923,936,1002,1004,972,1024,1049,990,984,939,983,928,952,953,920,846,942,1007,1004,988,909,920,953,968,942,1002,953,950,1019,1040,987,942,987,1019,1004,990,923,877,951,970,1018,986,968,1018,975,1007,986,908,937,1006,1003,985,955,920,937,937,955,942,989,938,936,985,992,968,936,991,952,924,905,968,924,953,1032,1016,990,909,982,1022,1003,971,936,920,926,920,941,988,919,925,942,959,927,918,852,923,1039,1000,974,954,974,954,960,969,968,923,972,1038,1024,1040,1020,1053,1015,955,942,1037,1036,1020,1022,1036,1100,1003,1018,1038,1020,1003,921,920,955,908,966,985,942,939,904,925,936,889,923,952,936,974,986,970,955,909,955,969,944,878,922,974,956,954,952,971,921,926,890,937,941,988,974,1002,959,908,936,966,985,941,943,943,951,989,992,1053,1003,1002,983,954,957,1002,987,1008,991,998,1015,990,1001,988,1040,1024,988,911,984,1024,988,960,872,893,888,938,918,957,912,894,940,986,985,886,941,990,1000,974,925,923,1008,1014,1015,957,985,1033,960,984,952,907,968,1015,973,956,906,888,921,904,912,0.00244140625,0.025465634395322848,0.00966747552403483,0.062201741950367886,0.050413708981016825,0.05281569251167953,0.005694288959809864,0.07298130621692726,0.016572815184059706,0.008286407592029853,0.02108108705558877,0.05328309713165524,0.00966747552403483,0.018528970665049098,0.015746597164645604,0.004367320268554277,0.033332125323976586,0.007873298582322802,0.03192926313334339,0.014778072217208551,0.03057124187987994,0.021417687694786434,0.027151247606362977,0.044064508487025304,0.04716908076458329,0.01019561182510796,0.015746597164645604,0.012079411012551739,0.024020261477048523,0.0322265625,0.011048543456039806,0.007627196949127592,0.01188039556698871,0.020531050821902968,0.01800692276815017,0.04239901044158674,0.021035800027869155,0.0029296875,0.023518739411703703,0.022140203220223895,0.013982247132105814,0.008734640537108554,0.01179984958358845,0.005859375,0.012732817197661424,0.0192608231673008,0.0412127887617367,0.049957638915736964,0.04154696755113799,0.016716057391234072,0.013028968812623373,0.041718768287683256,0.007873298582322802,0.005859375,0.005258950006967289,0.013601941676937616,0.016370170521718956,0.012236293052872722,0.023294649300540163,0.013282686043686957,0.007042092334890604,0.0041432037960149265,0.014938533731228863,0.004367320268554277,0.05339037864389314,0.015746597164645604,0.01528562093993997,0.001953125,0.014778072217208551,0.01441877251975918,0.016016815885602272,0.009765625,0.007437278423695223,0.0068359375,0.005859375,0.004367320268554277,0.004367320268554277,0.023619895746968406,0.014218964627501012,0.013671875,0.008843149548962322,0.011430371006562134,0.003088161777508183,0.003088161777508183,0.0029296875,0.01313830473347042,0.011134525635733769,0.0087890625,0.0048828125,0.0078125,0.016016815885602272,0.0021836601342771385,0.0048828125,0.023212625632821705,0.007437278423695223,0.005859375,0.023047702580480365,0.008400708268596315,0.0021836601342771385,0.02108108705558877,0.008052940675034493,0.003521046167445302,0.010786485368346935,0.004367320268554277,0.004026470337517247,0.006905339660024878,0.008734640537108554,0.005258950006967289,0.007109482313750506,0.0048828125,0.007042092334890604,0.0065509804028314154,0.0027621358640099515,0.0041432037960149265,0.010517900013934578,0.009212872199274027,0.026654968874914416,0.019555648822754675,0.01019561182510796,0.009814331661250869,0.005524271728019903,0.004367320268554277,0.010786485368346935,0.00390625,0.006905339660024878,0.010054326309557618,0.0009765625,0.0048828125,0.0078125,1,1,0.0
25.0,11.813233375549316,8.0,0.16817307472229004,0.6895657777786255,1.171875,14.802709579467773,13.503181457519531,2.734375,0.33949515223503113,0.020899349823594093,458.0,5585.0,746806.25,12.194323539733887,0.49233177304267883,1.3766329288482666,3.2198798656463623,0.00042553915409371257,0.0,0.29191702604293823,991,985,927,890,893,920,906,887,928,969,1015,999,1018,958,941,905,904,905,859,876,986,976,937,891,903,940,968,937,986,927,958,923,936,1002,1004,972,1024,1049,990,984,939,983,928,952,953,920,846,942,1007,1004,988,909,920,953,968,942,1002,953,950,1019,1040,987,942,987,1019,1004,990,923,877,951,970,1018,986,968,1018,975,1007,986,908,937,1006,1003,985,955,920,937,937,955,942,989,938,936,985,992,968,936,991,952,924,905,968,924,953,1032,1016,990,909,982,1022,1003,971,936,920,926,920,941,988,919,925,942,959,927,918,852,923,1039,1000,974,954,974,954,960,969,968,923,972,1038,1024,1040,1020,1053,1015,955,942,1037,1036,1020,1022,1036,1100,1003,1018,1038,1020,1003,921,920,955,908,966,985,942,939,904,925,936,889,923,952,936,974,986,970,955,909,955,969,944,878,922,974,956,954,952,971,921,926,890,937,941,988,974,1002,959,908,936,966,985,941,943,943,951,989,992,1053,1003,1002,983,954,957,1002,987,1008,991,998,1015,990,1001,988,1040,1024,988,911,984,1024,988,960,872,893,888,938,918,957,912,894,940,986,985,886,941,990,1000,974,925,923,1008,1014,1015,957,985,1033,960,984,952,907,968,0.00146484375,0.027500249688142037,0.010563138502335907,0.06368655170187644,0.05079063915603845,0.0517578125,0.004979511243742954,0.07187526536975468,0.017953883116064683,0.009264485332524549,0.022798081113142094,0.05524271728019903,0.010786485368346935,0.020692988379313566,0.013282686043686957,0.004367320268554277,0.03423544559171505,0.007437278423695223,0.0324624416769427,0.015776850020901866,0.030649130520459405,0.0192608231673008,0.026203921611325662,0.04462367054217134,0.04542852870942581,0.009959022487485907,0.013810679320049757,0.011430371006562134,0.023478154844084585,0.03250647847088523,0.010918300671385692,0.007042092334890604,0.01188039556698871,0.019918044974971814,0.018528970665049098,0.04200354134298158,0.021836601342771385,0.0027621358640099515,0.022714264354712906,0.021506558149946522,0.014938533731228863,0.00834375365753665,0.012732817197661424,0.006176323555016366,0.01284467425582608,0.019236050394133015,0.04051263381385067,0.050043468653589676,0.04154696755113799,0.017304731588544287,0.01284467425582608,0.04144354526156825,0.009003461384075085,0.005694288959809864,0.0048828125,0.013810679320049757,0.016105881350068987,0.01242961138804478,0.022482157096135425,0.013282686043686957,0.009003461384075085,0.00390625,0.016253239235442616,0.005524271728019903,0.05402076830445051,0.01516032685181643,0.016572815184059706,0.0,0.014517645261053229,0.013706707859002147,0.01708286687942959,0.008400708268596315,0.009264485332524549,0.004979511243742954,0.006253051013118016,0.003521046167445302,0.006253051013118016,0.023619895746968406,0.015655487833868553,0.012352647110032733,0.0068359375,0.010918300671385692,0.0009765625,0.003521046167445302,0.004026470337517247,0.010918300671385692,0.009765625,0.009765625,0.003521046167445302,0.007873298582322802,0.013982247132105814,0.0009765625,0.004026470337517247,0.022269051271467537,0.007873298582322802,0.008052940675034493,0.022482157096135425,0.010054326309557618,0.0009765625,0.02161713244255728,0.007042092334890604,0.001953125,0.012732817197661424,0.005258950006967289,0.001953125,0.007437278423695223,0.009003461384075085,0.005940197783494355,0.007627196949127592,0.004026470337517247,0.006176323555016366,0.007627196949127592,0.003088161777508183,0.004026470337517247,0.01171875,0.009814331661250869,0.027759121881937295,0.01875915303935405,0.009003461384075085,0.009003461384075085,0.0048828125,0.004979511243742954,0.011430371006562134,0.004367320268554277,0.007042092334890604,0.009003461384075085,0.0009765625,0.004367320268554277,0.0068359375,1,1,0.0
25.0,11.825352668762207,7.0,0.16545981168746948,0.7089279890060425,1.171875,14.185988426208496,13.421048164367676,2.734375,0.3461988568305969,0.020944932475686073,460.0,5417.0,749881.4375,11.776086807250977,0.4883413314819336,1.2736891508102417,3.1735715866088867,0.0001526225678389892,0.0,0.27593502402305603,1017,1006,986,909,906,1001,955,956,991,985,927,890,893,920,906,887,928,969,1015,999,1018,958,941,905,904,905,859,876,986,976,937,891,903,940,968,937,986,927,958,923,936,1002,1004,972,1024,1049,990,984,939,983,928,952,953,920,846,942,1007,1004,988,909,920,953,968,942,1002,953,950,1019,1040,987,942,987,1019,1004,990,923,877,951,970,1018,986,968,1018,975,1007,986,908,937,1006,1003,985,955,920,937,937,955,942,989,938,936,985,992,968,936,991,952,924,905,968,924,953,1032,1016,990,909,982,1022,1003,971,936,920,926,920,941,988,919,925,942,959,927,918,852,923,1039,1000,974,954,974,954,960,969,968,923,972,1038,1024,1040,1020,1053,1015,955,942,1037,1036,1020,1022,1036,1100,1003,1018,1038,1020,1003,921,920,955,908,966,985,942,939,904,925,936,889,923,952,936,974,986,970,955,909,955,969,944,878,922,974,956,954,952,971,921,926,890,937,941,988,974,1002,959,908,936,966,985,941,943,943,951,989,992,1053,1003,1002,983,954,957,1002,987,1008,991,998,1015,990,1001,988,1040,1024,988,911,984,1024,988,960,872,893,888,938,918,957,912,894,940,986,985,886,941,990,1000,974,925,923,1008,1014,1015,0.0009765625,0.029264304812054096,0.011134525635733769,0.06451967444983957,0.05183146292857656,0.04979511243742954,0.0041432037960149265,0.06982934039345608,0.017387200990981306,0.009618025197066508,0.02229045353615884,0.05414420420167622,0.008286407592029853,0.01800692276815017,0.015776850020901866,0.0027621358640099515,0.033432114782468145,0.007042092334890604,0.029749113694780893,0.014874556847390447,0.0318844291353799,0.022545696055889054,0.029556144434417102,0.04179870031061073,0.04891593666550076,0.01284467425582608,0.016630260122975003,0.011920464468489943,0.025947910655442233,0.028721564784868637,0.010918300671385692,0.0065509804028314154,0.013566839833447074,0.01528562093993997,0.017953883116064683,0.047037478823407405,0.025855863857175247,0.007042092334890604,0.016630260122975003,0.015440808887540914,0.020531050821902968,0.0041432037960149265,0.0185803687406645,0.0021836601342771385,0.019384212149686726,0.020132351687586234,0.04820896502811517,0.042979845868487083,0.034402177644157296,0.009765625,0.005524271728019903,0.035372598195849286,0.0009765625,0.0021836601342771385,0.011920464468489943,0.009618025197066508,0.021484375,0.005524271728019903,0.020967686087484266,0.016164985700436375,0.01441877251975918,0.00834375365753665,0.020132351687586234,0.01019561182510796,0.05731847887042652,0.013810679320049757,0.0192608231673008,0.004979511243742954,0.010786485368346935,0.016164985700436375,0.0185803687406645,0.007109482313750506,0.009959022487485907,0.0041432037960149265,0.007873298582322802,0.003088161777508183,0.004979511243742954,0.023457836229422487,0.015776850020901866,0.012732817197661424,0.005859375,0.010054326309557618,0.0013810679320049757,0.005694288959809864,0.005258950006967289,0.009003461384075085,0.006905339660024878,0.0126953125,0.0009765625,0.004367320268554277,0.01179984958358845,0.0041432037960149265,0.006176323555016366,0.027621358640099514,0.0027621358640099515,0.009212872199274027,0.02003738723504218,0.004026470337517247,0.0068359375,0.01878455474772592,0.01188039556698871,0.006176323555016366,0.008400708268596315,0.003088161777508183,0.006905339660024878,0.0041432037960149265,0.010381001770248682,0.0021836601342771385,0.0048828125,0.0029296875,0.0041432037960149265,0.010918300671385692,0.0013810679320049757,0.0027621358640099515,0.01528562093993997,0.010563138502335907,0.0283875817456028,0.0170549308560283,0.007437278423695223,0.007437278423695223,0.005258950006967289,0.006905339660024878,0.011920464468489943,0.004367320268554277,0.005940197783494355,0.008286407592029853,0.0,0.004026470337517247,0.0078125,1,1,0.0
25.0,11.838414192199707,9.0,0.17001137137413025,0.6926829218864441,1.171875,13.377458572387695,13.505278587341309,2.734375,0.3396495282649994,0.020944932475686073,460.0,5113.0,739114.8125,11.115217208862305,0.49033910036087036,1.171363115310669,3.1115124225616455,6.785526784369722e-05,0.0,0.2639690637588501,976,942,953,921,966,976,894,969,1017,1006,986,909,906,1001,955,956,991,985,927,890,893,920,906,887,928,969,1015,999,1018,958,941,905,904,905,859,876,986,976,937,891,903,940,968,937,986,927,958,923,936,1002,1004,972,1024,1049,990,984,939,983,928,952,953,920,846,942,1007,1004,988,909,920,953,968,942,1002,953,950,1019,1040,987,942,987,1019,1004,990,923,877,951,970,1018,986,968,1018,975,1007,986,908,937,1006,1003,985,955,920,937,937,955,942,989,938,936,985,992,968,936,991,952,924,905,968,924,953,1032,1016,990,909,982,1022,1003,971,936,920,926,920,941,988,919,925,942,959,927,918,852,923,1039,1000,974,954,974,954,960,969,968,923,972,1038,1024,1040,1020,1053,1015,955,942,1037,1036,1020,1022,1036,1100,1003,1018,1038,1020,1003,921,920,955,908,966,985,942,939,904,925,936,889,923,952,936,974,986,970,955,909,955,969,944,878,922,974,956,954,952,971,921,926,890,937,941,988,974,1002,959,908,936,966,985,941,943,943,951,989,992,1053,1003,1002,983,954,957,1002,987,1008,991,998,1015,990,1001,988,1040,1024,988,911,984,1024,988,960,872,893,888,938,918,957,912,894,940,986,985,886,941,0.0029296875,0.032241355506287456,0.01284467425582608,0.06508626055840482,0.05402959450634005,0.04615743085193935,0.003521046167445302,0.06744647128840628,0.014874556847390447,0.011388577919619728,0.020132351687586234,0.05006252194521991,0.007042092334890604,0.015776850020901866,0.02108108705558877,0.009003461384075085,0.03601384553630034,0.01179984958358845,0.03259437357085671,0.019628663322501738,0.0332174831087792,0.018657200365764452,0.025947910655442233,0.0448900192756297,0.045856862819819905,0.009264485332524549,0.015440808887540914,0.013028968812623373,0.027203883353875233,0.029652786036501906,0.011048543456039806,0.007042092334890604,0.013566839833447074,0.01680141653719263,0.018657200365764452,0.04530239650290313,0.024119314521930602,0.005524271728019903,0.020132351687586234,0.019628663322501738,0.019918044974971814,0.0041432037960149265,0.02003738723504218,0.0078125,0.017469281074217108,0.014680953494504793,0.05132298181043325,0.04212823166039647,0.02580047815160724,0.0009765625,0.0041432037960149265,0.028185292362620726,0.009264485332524549,0.011759369705851851,0.021506558149946522,0.016016815885602272,0.024492062898407135,0.007873298582322802,0.013282686043686957,0.01179984958358845,0.0170549308560283,0.005859375,0.022545696055889054,0.005524271728019903,0.057226895796810985,0.012506102026236032,0.013810679320049757,0.001953125,0.01589728573837862,0.0126953125,0.01878455474772592,0.009765625,0.010918300671385692,0.004026470337517247,0.006905339660024878,0.00390625,0.005524271728019903,0.022482157096135425,0.0146484375,0.014517645261053229,0.0029296875,0.008734640537108554,0.0041432037960149265,0.009212872199274027,0.009212872199274027,0.005940197783494355,0.008843149548962322,0.01760523083722651,0.006176323555016366,0.0013810679320049757,0.01760523083722651,0.007109482313750506,0.010054326309557618,0.027361183058831836,0.007109482313750506,0.0021836601342771385,0.025781989809461104,0.010918300671385692,0.0,0.021683206358568866,0.006253051013118016,0.0009765625,0.01171875,0.007437278423695223,0.0048828125,0.008400708268596315,0.005694288959809864,0.0048828125,0.0078125,0.006176323555016366,0.006176323555016366,0.01179984958358845,0.001953125,0.0021836601342771385,0.014517645261053229,0.0107421875,0.029035290522106457,0.017304731588544287,0.007873298582322802,0.009212872199274027,0.0041432037960149265,0.004367320268554277,0.011430371006562134,0.0065509804028314154,0.008052940675034493,0.011759369705851851,0.003088161777508183,0.0013810679320049757,0.00390625,1,1,0.0
25.0,12.204291343688965,9.0,0.1767127960920334,0.6520384550094604,1.171875,13.094442367553711,13.910099983215332,2.734375,0.324940949678421,0.020990414544939995,462.0,4770.0,695147.25,10.324675559997559,0.4983462691307068,1.073840618133545,3.0850651264190674,0.0006074924021959305,0.0,0.29093265533447266,1051,1039,1040,971,942,1039,990,1037,976,942,953,921,966,976,894,969,1017,1006,986,909,906,1001,955,956,991,985,927,890,893,920,906,887,928,969,1015,999,1018,958,941,905,904,905,859,876,986,976,937,891,903,940,968,937,986,927,958,923,936,1002,1004,972,1024,1049,990,984,939,983,928,952,953,920,846,942,1007,1004,988,909,920,953,968,942,1002,953,950,1019,1040,987,942,987,1019,1004,990,923,877,951,970,1018,986,968,1018,975,1007,986,908,937,1006,1003,985,955,920,937,937,955,942,989,938,936,985,992,968,936,991,952,924,905,968,924,953,1032,1016,990,909,982,1022,1003,971,936,920,926,920,941,988,919,925,942,959,927,918,852,923,1039,1000,974,954,974,954,960,969,968,923,972,1038,1024,1040,1020,1053,1015,955,942,1037,1036,1020,1022,1036,1100,1003,1018,1038,1020,1003,921,920,955,908,966,985,942,939,904,925,936,889,923,952,936,974,986,970,955,909,955,969,944,878,922,974,956,954,952,971,921,926,890,937,941,988,974,1002,959,908,936,966,985,941,943,943,951,989,992,1053,1003,1002,983,954,957,1002,987,1008,991,998,1015,990,1001,988,1040,1024,988,911,984,1024,988,960,872,893,888,938,918,0.00048828125,0.022269051271467537,0.022714264354712906,0.07817991234228686,0.04148954255126563,0.04107371258752557,0.019652941208494246,0.05132298181043325,0.023478154844084585,0.02638526579317636,0.020692988379313566,0.03907470512449718,0.01792730444402912,0.025353037081537442,0.024492062898407135,0.01760523083722651,0.04501730692037543,0.01441877251975918,0.03954776705335271,0.013282686043686957,0.026294750034836445,0.024472586105745445,0.03360283307438526,0.03889122607761695,0.05132298181043325,0.014938533731228863,0.009765625,0.010381001770248682,0.023047702580480365,0.036604814089826784,0.01680141653719263,0.013282686043686957,0.020108652619115236,0.009765625,0.020600608505594715,0.05064961906207008,0.03152346170228315,0.007437278423695223,0.022269051271467537,0.022545696055889054,0.011430371006562134,0.01188039556698871,0.01760523083722651,0.015440808887540914,0.01516032685181643,0.0087890625,0.056082242247504806,0.04244397228925924,0.017469281074217108,0.006905339660024878,0.012506102026236032,0.01933495104806966,0.014680953494504793,0.015440808887540914,0.023640075072090243,0.021417687694786434,0.01680141653719263,0.01313830473347042,0.013879560940968648,0.006905339660024878,0.010563138502335907,0.0021836601342771385,0.016716057391234072,0.007109482313750506,0.05459150335692846,0.016016815885602272,0.019457869965987574,0.0048828125,0.009814331661250869,0.0185546875,0.01680141653719263,0.0065509804028314154,0.0048828125,0.00966747552403483,0.0041432037960149265,0.009212872199274027,0.0013810679320049757,0.01708286687942959,0.017953883116064683,0.012732817197661424,0.006176323555016366,0.004026470337517247,0.005258950006967289,0.005524271728019903,0.007627196949127592,0.0087890625,0.009003461384075085,0.013101960805662831,0.0009765625,0.0029296875,0.013810679320049757,0.005940197783494355,0.009765625,0.028985980624327792,0.005694288959809864,0.004026470337517247,0.02627660946694084,0.010918300671385692,0.0013810679320049757,0.02315091717017519,0.005258950006967289,0.0009765625,0.011134525635733769,0.005940197783494355,0.005524271728019903,0.008052940675034493,0.006905339660024878,0.0041432037960149265,0.007042092334890604,0.0048828125,0.005940197783494355,0.011134525635733769,0.0,0.0013810679320049757,0.013982247132105814,0.009212872199274027,0.0283203125,0.01760523083722651,0.007873298582322802,0.007627196949127592,0.004367320268554277,0.005258950006967289,0.011759369705851851,0.005524271728019903,0.007437278423695223,0.010918300671385692,0.0021836601342771385,0.0009765625,0.0048828125,1,1,0.0
25.0,11.786308288574219,6.0,0.21226763725280762,0.5964292883872986,17.96875,21.91327476501465,13.544760704040527,1.171875,0.2942984402179718,0.02128368616104126,475.0,6409.0,720654.6875,13.492631912231445,0.4934339225292206,1.9432989358901978,3.7989284992218018,1.6435744328191504e-05,0.0,0.30661940574645996,1024,1019,1018,1035,1024,1004,922,984,1051,1039,1040,971,942,1039,990,1037,976,942,953,921,966,976,894,969,1017,1006,986,909,906,1001,955,956,991,985,927,890,893,920,906,887,928,969,1015,999,1018,958,941,905,904,905,859,876,986,976,937,891,903,940,968,937,986,927,958,923,936,1002,1004,972,1024,1049,990,984,939,983,928,952,953,920,846,942,1007,1004,988,909,920,953,968,942,1002,953,950,1019,1040,987,942,987,1019,1004,990,923,877,951,970,1018,986,968,1018,975,1007,986,908,937,1006,1003,985,955,920,937,937,955,942,989,938,936,985,992,968,936,991,952,924,905,968,924,953,1032,1016,990,909,982,1022,1003,971,936,920,926,920,941,988,919,925,942,959,927,918,852,923,1039,1000,974,954,974,954,960,969,968,923,972,1038,1024,1040,1020,1053,1015,955,942,1037,1036,1020,1022,1036,1100,1003,1018,1038,1020,1003,921,920,955,908,966,985,942,939,904,925,936,889,923,952,936,974,986,970,955,909,955,969,944,878,922,974,956,954,952,971,921,926,890,937,941,988,974,1002,959,908,936,966,985,941,943,943,951,989,992,1053,1003,1002,983,954,957,1002,987,1008,991,998,1015,990,1001,988,1040,1024,988,911,984,0.0029296875,0.024119314521930602,0.037160737481329,0.09285050253128682,0.04239901044158674,0.030289184412638327,0.03088161777508183,0.04462367054217134,0.022269051271467537,0.028168369339562415,0.009814331661250869,0.03250647847088523,0.023640075072090243,0.031081700122733494,0.0107421875,0.0065509804028314154,0.0322265625,0.006176323555016366,0.027151247606362977,0.021506558149946522,0.037998196207702575,0.018165112536853784,0.020692988379313566,0.04935265143942687,0.04442017740446937,0.009959022487485907,0.02132844694125152,0.014906579611790769,0.026565372087373914,0.02510734400816883,0.005258950006967289,0.006905339660024878,0.013671875,0.01953125,0.0107421875,0.05459150335692846,0.029700988917471777,0.013601941676937616,0.013706707859002147,0.015776850020901866,0.009618025197066508,0.01528562093993997,0.011759369705851851,0.01800692276815017,0.011759369705851851,0.004979511243742954,0.05765028180916188,0.04404286048351438,0.011430371006562134,0.012506102026236032,0.0166875073150733,0.014680953494504793,0.01792730444402912,0.015746597164645604,0.022545696055889054,0.021506558149946522,0.01441877251975918,0.011134525635733769,0.01680141653719263,0.010381001770248682,0.01171875,0.004979511243742954,0.0192608231673008,0.0065509804028314154,0.05603971381017021,0.013282686043686957,0.016630260122975003,0.001953125,0.011920464468489943,0.015440808887540914,0.018528970665049098,0.005859375,0.0068359375,0.008734640537108554,0.005258950006967289,0.009003461384075085,0.0021836601342771385,0.015746597164645604,0.018347943582085875,0.013810679320049757,0.006905339660024878,0.003088161777508183,0.005859375,0.004979511243742954,0.007873298582322802,0.009212872199274027,0.009264485332524549,0.01313830473347042,0.0009765625,0.003088161777508183,0.013982247132105814,0.0048828125,0.00966747552403483,0.03014716609459596,0.0048828125,0.0048828125,0.026240290708094537,0.011048543456039806,0.003521046167445302,0.02580047815160724,0.004979511243742954,0.0021836601342771385,0.013282686043686957,0.008843149548962322,0.007873298582322802,0.009618025197066508,0.008400708268596315,0.0021836601342771385,0.00390625,0.001953125,0.004026470337517247,0.008052940675034493,0.003521046167445302,0.004026470337517247,0.010517900013934578,0.005694288959809864,0.025633603024231812,0.017820593350483065,0.006905339660024878,0.0041432037960149265,0.0078125,0.0068359375,0.008843149548962322,0.003521046167445302,0.010054326309557618,0.013879560940968648,0.005694288959809864,0.0021836601342771385,0.0009765625,1,1,0.0
25.0,12.037416458129883,5.0,0.1759638786315918,0.684787392616272,17.96875,43.41741943359375,13.31646728515625,1.171875,0.33493220806121826,0.021171370521187782,470.0,9040.0,1006962.375,19.23404312133789,0.48910391330718994,2.5939741134643555,5.566964149475098,0.0005975004751235247,0.0,0.2951573133468628,959,986,971,938,1002,1067,1016,967,1024,1019,1018,1035,1024,1004,922,984,1051,1039,1040,971,942,1039,990,1037,976,942,953,921,966,976,894,969,1017,1006,986,909,906,1001,955,956,991,985,927,890,893,920,906,887,928,969,1015,999,1018,958,941,905,904,905,859,876,986,976,937,891,903,940,968,937,986,927,958,923,936,1002,1004,972,1024,1049,990,984,939,983,928,952,953,920,846,942,1007,1004,988,909,920,953,968,942,1002,953,950,1019,1040,987,942,987,1019,1004,990,923,877,951,970,1018,986,968,1018,975,1007,986,908,937,1006,1003,985,955,920,937,937,955,942,989,938,936,985,992,968,936,991,952,924,905,968,924,953,1032,1016,990,909,982,1022,1003,971,936,920,926,920,941,988,919,925,942,959,927,918,852,923,1039,1000,974,954,974,954,960,969,968,923,972,1038,1024,1040,1020,1053,1015,955,942,1037,1036,1020,1022,1036,1100,1003,1018,1038,1020,1003,921,920,955,908,966,985,942,939,904,925,936,889,923,952,936,974,986,970,955,909,955,969,944,878,922,974,956,954,952,971,921,926,890,937,941,988,974,1002,959,908,936,966,985,941,943,943,951,989,992,1053,1003,1002,983,954,957,1002,987,1008,991,998,1015,0.001953125,0.022881590847382775,0.033673710253059895,0.0915263633895311,0.03828573395295441,0.033203125,0.03538607603904968,0.04078244730043184,0.026203921611325662,0.032241355506287456,0.007109482313750506,0.0341098617120566,0.02489755621871477,0.030289184412638327,0.01019561182510796,0.0021836601342771385,0.03126525506559008,0.013982247132105814,0.033432114782468145,0.022545696055889054,0.029133659941750583,0.01800692276815017,0.027010384152225255,0.04336641271713773,0.04809012598533254,0.011134525635733769,0.014517645261053229,0.014778072217208551,0.029264304812054096,0.029523860269201122,0.010381001770248682,0.001953125,0.00834375365753665,0.021417687694786434,0.013706707859002147,0.04979511243742954,0.025559086578715626,0.014938533731228863,0.009212872199274027,0.009959022487485907,0.014084184669781208,0.01708286687942959,0.007109482313750506,0.0205078125,0.01019561182510796,0.007042092334890604,0.059498227389561786,0.04668132188561375,0.0048828125,0.019384212149686726,0.022269051271467537,0.014906579611790769,0.01589728573837862,0.009814331661250869,0.013982247132105814,0.013671875,0.023212625632821705,0.009959022487485907,0.007437278423695223,0.003088161777508183,0.009765625,0.005940197783494355,0.011134525635733769,0.013671875,0.058894087044197664,0.012236293052872722,0.016016815885602272,0.007873298582322802,0.017304731588544287,0.0107421875,0.022032254243512652,0.00834375365753665,0.01284467425582608,0.010517900013934578,0.010786485368346935,0.013566839833447074,0.006905339660024878,0.013101960805662831,0.02157297073669387,0.012732817197661424,0.007437278423695223,0.004026470337517247,0.004979511243742954,0.0041432037960149265,0.007042092334890604,0.009264485332524549,0.008843149548962322,0.01313830473347042,0.001953125,0.001953125,0.015440808887540914,0.005524271728019903,0.008843149548962322,0.027500249688142037,0.004026470337517247,0.006253051013118016,0.02489755621871477,0.009618025197066508,0.005859375,0.0264394265052361,0.003521046167445302,0.0027621358640099515,0.01284467425582608,0.01019561182510796,0.007873298582322802,0.008052940675034493,0.008400708268596315,0.003088161777508183,0.0048828125,0.003088161777508183,0.003088161777508183,0.008734640537108554,0.004979511243742954,0.005940197783494355,0.008286407592029853,0.003088161777508183,0.02489755621871477,0.017387200990981306,0.005694288959809864,0.004979511243742954,0.01019561182510796,0.005258950006967289,0.007873298582322802,0.007437278423695223,0.010563138502335907,0.013028968812623373,0.004026470337517247,0.003088161777508183,0.0048828125,1,1,0.0
25.0,12.030627250671387,4.0,0.17552074790000916,0.6787798404693604,17.96875,42.0447883605957,13.449176788330078,1.171875,0.33336111903190613,0.02112627774477005,468.0,8784.0,968816.5625,18.769229888916016,0.4911181330680847,2.3663792610168457,5.476924896240234,0.00026662222808226943,0.0,0.30902817845344543,1005,1055,1015,1016,1054,1034,919,936,959,986,971,938,1002,1067,1016,967,1024,1019,1018,1035,1024,1004,922,984,1051,1039,1040,971,942,1039,990,1037,976,942,953,921,966,976,894,969,1017,1006,986,909,906,1001,955,956,991,985,927,890,893,920,906,887,928,969,1015,999,1018,958,941,905,904,905,859,876,986,976,937,891,903,940,968,937,986,927,958,923,936,1002,1004,972,1024,1049,990,984,939,983,928,952,953,920,846,942,1007,1004,988,909,920,953,968,942,1002,953,950,1019,1040,987,942,987,1019,1004,990,923,877,951,970,1018,986,968,1018,975,1007,986,908,937,1006,1003,985,955,920,937,937,955,942,989,938,936,985,992,968,936,991,952,924,905,968,924,953,1032,1016,990,909,982,1022,1003,971,936,920,926,920,941,988,919,925,942,959,927,918,852,923,1039,1000,974,954,974,954,960,969,968,923,972,1038,1024,1040,1020,1053,1015,955,942,1037,1036,1020,1022,1036,1100,1003,1018,1038,1020,1003,921,920,955,908,966,985,942,939,904,925,936,889,923,952,936,974,986,970,955,909,955,969,944,878,922,974,956,954,952,971,921,926,890,937,941,988,974,1002,959,908,936,966,985,941,943,943,951,989,992,1053,1003,1002,983,0.00146484375,0.027981540589637505,0.03936649291161401,0.09328600182882227,0.04496431419227085,0.03149319432929121,0.02847144479904932,0.04306850990468739,0.02765586378614511,0.036851488797096106,0.015440808887540914,0.027010384152225255,0.03192926313334339,0.03676080122015373,0.007627196949127592,0.007873298582322802,0.02883754503951836,0.022140203220223895,0.03989589495276464,0.025781989809461104,0.021945512748285382,0.02315091717017519,0.035061177873078594,0.0361328125,0.04416179318201177,0.006176323555016366,0.019773883526676354,0.020108652619115236,0.03234471711265468,0.0235996991671769,0.005694288959809864,0.004367320268554277,0.011759369705851851,0.01886055460530075,0.013879560940968648,0.04979511243742954,0.02485922277608956,0.0126953125,0.010054326309557618,0.009959022487485907,0.0146484375,0.016370170521718956,0.006905339660024878,0.0192608231673008,0.009264485332524549,0.005940197783494355,0.05859375,0.048494957101309126,0.00390625,0.021417687694786434,0.024724587697601882,0.014218964627501012,0.017820593350483065,0.009765625,0.0107421875,0.009765625,0.028854075591199527,0.0146484375,0.0021836601342771385,0.0027621358640099515,0.007873298582322802,0.010918300671385692,0.014084184669781208,0.0166015625,0.06358914295351448,0.006253051013118016,0.010517900013934578,0.0048828125,0.016630260122975003,0.01188039556698871,0.021035800027869155,0.0041432037960149265,0.006905339660024878,0.0087890625,0.006253051013118016,0.0087890625,0.003088161777508183,0.013810679320049757,0.017820593350483065,0.01727715430952552,0.010786485368346935,0.0048828125,0.008052940675034493,0.0009765625,0.0029296875,0.009765625,0.0078125,0.017469281074217108,0.0041432037960149265,0.004026470337517247,0.014517645261053229,0.003088161777508183,0.007042092334890604,0.029893023173855404,0.004367320268554277,0.004367320268554277,0.026240290708094537,0.01019561182510796,0.004026470337517247,0.025012204052472065,0.004026470337517247,0.001953125,0.012732817197661424,0.007873298582322802,0.007042092334890604,0.008843149548962322,0.007109482313750506,0.004026470337517247,0.005258950006967289,0.004367320268554277,0.0,0.009765625,0.007437278423695223,0.009003461384075085,0.0078125,0.0009765625,0.02713367966689415,0.0146484375,0.0027621358640099515,0.007627196949127592,0.008400708268596315,0.0027621358640099515,0.011430371006562134,0.005694288959809864,0.007042092334890604,0.01179984958358845,0.005694288959809864,0.003088161777508183,0.0,1,1,0.0
25.0,11.937328338623047,4.0,0.17589572072029114,0.7232139706611633,25.0,40.59819030761719,13.076358795166016,1.171875,0.3458675146102905,0.021683206781744957,493.0,9125.0,1065805.0,18.50912857055664,0.47823676466941833,2.152122735977173,5.355306148529053,0.00014255393762141466,0.0,0.26440346240997314,858,860,887,890,909,936,972,1015,1005,1055,1015,1016,1054,1034,919,936,959,986,971,938,1002,1067,1016,967,1024,1019,1018,1035,1024,1004,922,984,1051,1039,1040,971,942,1039,990,1037,976,942,953,921,966,976,894,969,1017,1006,986,909,906,1001,955,956,991,985,927,890,893,920,906,887,928,969,1015,999,1018,958,941,905,904,905,859,876,986,976,937,891,903,940,968,937,986,927,958,923,936,1002,1004,972,1024,1049,990,984,939,983,928,952,953,920,846,942,1007,1004,988,909,920,953,968,942,1002,953,950,1019,1040,987,942,987,1019,1004,990,923,877,951,970,1018,986,968,1018,975,1007,986,908,937,1006,1003,985,955,920,937,937,955,942,989,938,936,985,992,968,936,991,952,924,905,968,924,953,1032,1016,990,909,982,1022,1003,971,936,920,926,920,941,988,919,925,942,959,927,918,852,923,1039,1000,974,954,974,954,960,969,968,923,972,1038,1024,1040,1020,1053,1015,955,942,1037,1036,1020,1022,1036,1100,1003,1018,1038,1020,1003,921,920,955,908,966,985,942,939,904,925,936,889,923,952,936,974,986,970,955,909,955,969,944,878,922,974,956,954,952,971,921,926,890,937,941,988,974,1002,959,908,936,966,985,941,943,0.0029296875,0.012236293052872722,0.0324624416769427,0.09888388527011507,0.03891573993197515,0.024492062898407135,0.03922087036723282,0.056640625,0.009003461384075085,0.0205078125,0.020600608505594715,0.02417855156863271,0.03917220921900699,0.049909891949924366,0.012506102026236032,0.020899350155305366,0.019773883526676354,0.034938562148434216,0.051202057534837225,0.034637007521422264,0.010517900013934578,0.0341796875,0.04419417382415922,0.032285693857063556,0.0352916230460794,0.003521046167445302,0.026294750034836445,0.019384212149686726,0.027621358640099514,0.027413415718004295,0.009765625,0.007109482313750506,0.012236293052872722,0.01953125,0.016016815885602272,0.047881447938012744,0.024492062898407135,0.0146484375,0.009003461384075085,0.009959022487485907,0.013879560940968648,0.017820593350483065,0.007873298582322802,0.019773883526676354,0.009765625,0.003521046167445302,0.05642131572521207,0.05064961906207008,0.005694288959809864,0.024724587697601882,0.02847144479904932,0.015746597164645604,0.01878455474772592,0.007109482313750506,0.012732817197661424,0.01188039556698871,0.02763861659782208,0.015440808887540914,0.007042092334890604,0.0,0.006905339660024878,0.007873298582322802,0.012079411012551739,0.014906579611790769,0.0616473207112759,0.007627196949127592,0.011134525635733769,0.0078125,0.01953125,0.009765625,0.023518739411703703,0.0027621358640099515,0.0065509804028314154,0.009765625,0.004979511243742954,0.007873298582322802,0.004026470337517247,0.013566839833447074,0.01792730444402912,0.01760523083722651,0.010786485368346935,0.004979511243742954,0.007873298582322802,0.0,0.0027621358640099515,0.009264485332524549,0.007437278423695223,0.0170549308560283,0.003521046167445302,0.0048828125,0.013601941676937616,0.004367320268554277,0.008843149548962322,0.029378142493147116,0.003088161777508183,0.005258950006967289,0.025633603024231812,0.01171875,0.005258950006967289,0.026294750034836445,0.004026470337517247,0.0009765625,0.0126953125,0.007042092334890604,0.005940197783494355,0.01019561182510796,0.005694288959809864,0.004367320268554277,0.004026470337517247,0.0021836601342771385,0.0027621358640099515,0.009212872199274027,0.006176323555016366,0.007042092334890604,0.006905339660024878,0.001953125,0.024705294220065465,0.015254393898255184,0.0013810679320049757,0.00966747552403483,0.00966747552403483,0.001953125,0.012732817197661424,0.006905339660024878,0.005859375,0.011134525635733769,0.006176323555016366,0.004026470337517247,0.0,1,1,0.0
25.0,11.602250099182129,4.0,0.21904365718364716,0.7152374386787415,25.0,43.022193908691406,12.676599502563477,1.171875,0.32565122842788696,0.022375857457518578,525.0,10253.0,1300740.125,19.529523849487305,0.4553050994873047,2.5728983879089355,5.505637168884277,0.0005352682201191783,0.0,0.24994046986103058,968,983,952,950,975,921,906,887,858,860,887,890,909,936,972,1015,1005,1055,1015,1016,1054,1034,919,936,959,986,971,938,1002,1067,1016,967,1024,1019,1018,1035,1024,1004,922,984,1051,1039,1040,971,942,1039,990,1037,976,942,953,921,966,976,894,969,1017,1006,986,909,906,1001,955,956,991,985,927,890,893,920,906,887,928,969,1015,999,1018,958,941,905,904,905,859,876,986,976,937,891,903,940,968,937,986,927,958,923,936,1002,1004,972,1024,1049,990,984,939,983,928,952,953,920,846,942,1007,1004,988,909,920,953,968,942,1002,953,950,1019,1040,987,942,987,1019,1004,990,923,877,951,970,1018,986,968,1018,975,1007,986,908,937,1006,1003,985,955,920,937,937,955,942,989,938,936,985,992,968,936,991,952,924,905,968,924,953,1032,1016,990,909,982,1022,1003,971,936,920,926,920,941,988,919,925,942,959,927,918,852,923,1039,1000,974,954,974,954,960,969,968,923,972,1038,1024,1040,1020,1053,1015,955,942,1037,1036,1020,1022,1036,1100,1003,1018,1038,1020,1003,921,920,955,908,966,985,942,939,904,925,936,889,923,952,936,974,986,970,955,909,955,969,944,878,922,974,956,954,952,971,921,926,890,937,941,988,974,0.001953125,0.011134525635733769,0.03385729652999944,0.10012504389043982,0.03930588241698849,0.023940723969006372,0.03936649291161401,0.05879684852925925,0.008400708268596315,0.02132844694125152,0.022714264354712906,0.023212625632821705,0.040794137840244965,0.051905008851243405,0.013982247132105814,0.022269051271467537,0.020967686087484266,0.0361328125,0.052344114387724204,0.03304477405407936,0.010918300671385692,0.0341796875,0.04263453115809194,0.03452669830012439,0.0361328125,0.0021836601342771385,0.022482157096135425,0.01760523083722651,0.029313146523053973,0.025012204052472065,0.0048828125,0.006253051013118016,0.014778072217208551,0.015625,0.0185546875,0.04386929188518789,0.01933495104806966,0.0166875073150733,0.004026470337517247,0.009003461384075085,0.010054326309557618,0.019457869965987574,0.01313830473347042,0.014680953494504793,0.004979511243742954,0.004979511243742954,0.0567751634912056,0.05079063915603845,0.0009765625,0.021683206358568866,0.023640075072090243,0.013982247132105814,0.018657200365764452,0.011134525635733769,0.009003461384075085,0.0078125,0.03102027377786834,0.017387200990981306,0.005940197783494355,0.003088161777508183,0.0041432037960149265,0.007042092334890604,0.01284467425582608,0.013879560940968648,0.06027060204769325,0.009765625,0.01284467425582608,0.008400708268596315,0.02003738723504218,0.010517900013934578,0.02378085090212094,0.0021836601342771385,0.0065509804028314154,0.009264485332524549,0.004979511243742954,0.007873298582322802,0.0027621358640099515,0.01528562093993997,0.01589728573837862,0.01886055460530075,0.01284467425582608,0.007873298582322802,0.008400708268596315,0.0021836601342771385,0.004367320268554277,0.007873298582322802,0.009212872199274027,0.013706707859002147,0.003088161777508183,0.0009765625,0.016630260122975003,0.0009765625,0.007437278423695223,0.03126525506559008,0.004979511243742954,0.0029296875,0.025559086578715626,0.009814331661250869,0.005258950006967289,0.027500249688142037,0.001953125,0.003088161777508183,0.009765625,0.005524271728019903,0.003088161777508183,0.011920464468489943,0.004367320268554277,0.0048828125,0.003521046167445302,0.0021836601342771385,0.004367320268554277,0.008734640537108554,0.004026470337517247,0.007042092334890604,0.006176323555016366,0.0021836601342771385,0.02489755621871477,0.014938533731228863,0.001953125,0.010054326309557618,0.008400708268596315,0.003088161777508183,0.013101960805662831,0.005258950006967289,0.006905339660024878,0.01171875,0.005940197783494355,0.0021836601342771385,0.0,1,1,0.0
25.0,11.659686088562012,5.0,0.22753402590751648,0.7792871594429016,25.0,43.94563293457031,12.460737228393555,1.171875,0.3383224606513977,0.02235453762114048,524.0,10512.0,1354867.5,20.06106948852539,0.4341435134410858,2.759779453277588,5.574838638305664,0.00023828672419767827,0.0,0.22809095680713654,990,984,941,935,973,982,967,954,968,983,952,950,975,921,906,887,858,860,887,890,909,936,972,1015,1005,1055,1015,1016,1054,1034,919,936,959,986,971,938,1002,1067,1016,967,1024,1019,1018,1035,1024,1004,922,984,1051,1039,1040,971,942,1039,990,1037,976,942,953,921,966,976,894,969,1017,1006,986,909,906,1001,955,956,991,985,927,890,893,920,906,887,928,969,1015,999,1018,958,941,905,904,905,859,876,986,976,937,891,903,940,968,937,986,927,958,923,936,1002,1004,972,1024,1049,990,984,939,983,928,952,953,920,846,942,1007,1004,988,909,920,953,968,942,1002,953,950,1019,1040,987,942,987,1019,1004,990,923,877,951,970,1018,986,968,1018,975,1007,986,908,937,1006,1003,985,955,920,937,937,955,942,989,938,936,985,992,968,936,991,952,924,905,968,924,953,1032,1016,990,909,982,1022,1003,971,936,920,926,920,941,988,919,925,942,959,927,918,852,923,1039,1000,974,954,974,954,960,969,968,923,972,1038,1024,1040,1020,1053,1015,955,942,1037,1036,1020,1022,1036,1100,1003,1018,1038,1020,1003,921,920,955,908,966,985,942,939,904,925,936,889,923,952,936,974,986,970,955,909,955,969,944,878,922,974,956,954,952,0.00146484375,0.0166015625,0.029002426572104487,0.09332688536396294,0.0324624416769427,0.029296875,0.04680373814969437,0.06269044470978138,0.003088161777508183,0.021417687694786434,0.029035290522106457,0.017820593350483065,0.04496431419227085,0.051794650805375465,0.013282686043686957,0.01824369305885684,0.02209708691207961,0.031310975667737106,0.04769185721513586,0.035907766232129365,0.007873298582322802,0.03669588716417175,0.04688517142249142,0.03316001337177665,0.032122820709762745,0.005859375,0.02298555135925746,0.014084184669781208,0.029035290522106457,0.025855863857175247,0.0048828125,0.005694288959809864,0.015655487833868553,0.014680953494504793,0.018347943582085875,0.043013116299893045,0.0185546875,0.018961413905222265,0.0027621358640099515,0.0087890625,0.010054326309557618,0.019628663322501738,0.013566839833447074,0.013982247132105814,0.004367320268554277,0.006253051013118016,0.05721856279410255,0.04979511243742954,0.0013810679320049757,0.01953125,0.022032254243512652,0.01179984958358845,0.021506558149946522,0.01188039556698871,0.008286407592029853,0.008843149548962322,0.030649130520459405,0.01760523083722651,0.007437278423695223,0.001953125,0.005859375,0.008052940675034493,0.01179984958358845,0.015440808887540914,0.06228601062149209,0.00834375365753665,0.011134525635733769,0.005940197783494355,0.0185803687406645,0.009618025197066508,0.023457836229422487,0.0021836601342771385,0.007873298582322802,0.011388577919619728,0.003088161777508183,0.006905339660024878,0.004026470337517247,0.014218964627501012,0.01760523083722651,0.017820593350483065,0.0126953125,0.0065509804028314154,0.007437278423695223,0.0009765625,0.003521046167445302,0.009003461384075085,0.00834375365753665,0.014938533731228863,0.0027621358640099515,0.0013810679320049757,0.015746597164645604,0.0029296875,0.006176323555016366,0.031081700122733494,0.005258950006967289,0.003521046167445302,0.02627660946694084,0.009003461384075085,0.004979511243742954,0.0283875817456028,0.0013810679320049757,0.003521046167445302,0.01019561182510796,0.005694288959809864,0.004026470337517247,0.010381001770248682,0.004979511243742954,0.005859375,0.004026470337517247,0.003088161777508183,0.003521046167445302,0.0065509804028314154,0.0027621358640099515,0.004979511243742954,0.006176323555016366,0.005694288959809864,0.025334222209126653,0.014084184669781208,0.003088161777508183,0.011759369705851851,0.005694288959809864,0.005859375,0.00966747552403483,0.006905339660024878,0.007042092334890604,0.008286407592029853,0.005940197783494355,0.0065509804028314154,0.0029296875,1,1,0.0
25.0,11.629814147949219,5.0,0.22170694172382355,0.778617799282074,2.734375,32.58083724975586,12.56740951538086,1.171875,0.34070998430252075,0.022204721346497536,517.0,9133.0,1200024.0,17.665376663208008,0.4375830888748169,2.216209650039673,4.734294891357422,0.00013595166092272848,0.0,0.23843486607074738,986,959,953,910,974,969,989,985,990,984,941,935,973,982,967,954,968,983,952,950,975,921,906,887,858,860,887,890,909,936,972,1015,1005,1055,1015,1016,1054,1034,919,936,959,986,971,938,1002,1067,1016,967,1024,1019,1018,1035,1024,1004,922,984,1051,1039,1040,971,942,1039,990,1037,976,942,953,921,966,976,894,969,1017,1006,986,909,906,1001,955,956,991,985,927,890,893,920,906,887,928,969,1015,999,1018,958,941,905,904,905,859,876,986,976,937,891,903,940,968,937,986,927,958,923,936,1002,1004,972,1024,1049,990,984,939,983,928,952,953,920,846,942,1007,1004,988,909,920,953,968,942,1002,953,950,1019,1040,987,942,987,1019,1004,990,923,877,951,970,1018,986,968,1018,975,1007,986,908,937,1006,1003,985,955,920,937,937,955,942,989,938,936,985,992,968,936,991,952,924,905,968,924,953,1032,1016,990,909,982,1022,1003,971,936,920,926,920,941,988,919,925,942,959,927,918,852,923,1039,1000,974,954,974,954,960,969,968,923,972,1038,1024,1040,1020,1053,1015,955,942,1037,1036,1020,1022,1036,1100,1003,1018,1038,1020,1003,921,920,955,908,966,985,942,939,904,925,936,889,923,952,936,974,986,970,955,909,955,0.0,0.021836601342771385,0.025334222209126653,0.08929541398903225,0.02995676103550384,0.032285693857063556,0.04891593666550076,0.06749594217041982,0.007873298582322802,0.025202124805788945,0.02751758360079174,0.01708286687942959,0.04217348219079919,0.048317644050206957,0.010381001770248682,0.019186408891004394,0.020320949264340638,0.03430501576220761,0.04958399326088322,0.03340357690720131,0.010054326309557618,0.03452669830012439,0.04515479695975348,0.03144773864864183,0.03274034104343791,0.005694288959809864,0.024119314521930602,0.013101960805662831,0.02847144479904932,0.025781989809461104,0.0048828125,0.006253051013118016,0.016630260122975003,0.013601941676937616,0.02003738723504218,0.04306850990468739,0.019384212149686726,0.01727715430952552,0.004026470337517247,0.007109482313750506,0.011430371006562134,0.022545696055889054,0.015655487833868553,0.012732817197661424,0.0027621358640099515,0.00834375365753665,0.058885989967505215,0.04809012598533254,0.0048828125,0.01760523083722651,0.0244140625,0.011430371006562134,0.02108108705558877,0.009212872199274027,0.011134525635733769,0.010054326309557618,0.02883754503951836,0.01516032685181643,0.0048828125,0.0029296875,0.0041432037960149265,0.006905339660024878,0.013101960805662831,0.014084184669781208,0.06115807934316866,0.008734640537108554,0.009003461384075085,0.005940197783494355,0.016630260122975003,0.012732817197661424,0.022269051271467537,0.0048828125,0.009765625,0.013879560940968648,0.0009765625,0.004026470337517247,0.007042092334890604,0.011920464468489943,0.020531050821902968,0.015625,0.009765625,0.005258950006967289,0.009765625,0.0029296875,0.0041432037960149265,0.006905339660024878,0.009264485332524549,0.013282686043686957,0.003088161777508183,0.0029296875,0.015191747252054731,0.003521046167445302,0.007627196949127592,0.029556144434417102,0.003521046167445302,0.005524271728019903,0.02765586378614511,0.009264485332524549,0.006253051013118016,0.029361906989009586,0.0009765625,0.004979511243742954,0.0087890625,0.005524271728019903,0.0048828125,0.011048543456039806,0.0068359375,0.0041432037960149265,0.006253051013118016,0.006176323555016366,0.005258950006967289,0.004026470337517247,0.0013810679320049757,0.0065509804028314154,0.004979511243742954,0.006905339660024878,0.026294750034836445,0.010517900013934578,0.0029296875,0.01019561182510796,0.0065509804028314154,0.003521046167445302,0.010918300671385692,0.008052940675034493,0.004367320268554277,0.010054326309557618,0.006253051013118016,0.004367320268554277,0.0,1,1,0.0
25.0,11.642529487609863,4.0,0.2146993726491928,0.7817916870117188,2.734375,27.532602310180664,12.579861640930176,1.171875,0.34456413984298706,0.02207549661397934,511.0,8361.0,1122371.5,16.362035751342773,0.4407365024089813,1.750261664390564,4.380874156951904,0.0,0.0,0.24984070658683777,970,973,952,940,985,986,975,967,986,959,953,910,974,969,989,985,990,984,941,935,973,982,967,954,968,983,952,950,975,921,906,887,858,860,887,890,909,936,972,1015,1005,1055,1015,1016,1054,1034,919,936,959,986,971,938,1002,1067,1016,967,1024,1019,1018,1035,1024,1004,922,984,1051,1039,1040,971,942,1039,990,1037,976,942,953,921,966,976,894,969,1017,1006,986,909,906,1001,955,956,991,985,927,890,893,920,906,887,928,969,1015,999,1018,958,941,905,904,905,859,876,986,976,937,891,903,940,968,937,986,927,958,923,936,1002,1004,972,1024,1049,990,984,939,983,928,952,953,920,846,942,1007,1004,988,909,920,953,968,942,1002,953,950,1019,1040,987,942,987,1019,1004,990,923,877,951,970,1018,986,968,1018,975,1007,986,908,937,1006,1003,985,955,920,937,937,955,942,989,938,936,985,992,968,936,991,952,924,905,968,924,953,1032,1016,990,909,982,1022,1003,971,936,920,926,920,941,988,919,925,942,959,927,918,852,923,1039,1000,974,954,974,954,960,969,968,923,972,1038,1024,1040,1020,1053,1015,955,942,1037,1036,1020,1022,1036,1100,1003,1018,1038,1020,1003,921,920,955,908,966,985,942,939,904,925,936,889,923,0.001953125,0.025390625,0.021683206358568866,0.08735732298944841,0.028985980624327792,0.03179457147675724,0.04809012598533254,0.06767232866824381,0.009264485332524549,0.024954945974962183,0.025465634395322848,0.01953125,0.0419921875,0.05033798425335888,0.013101960805662831,0.0205078125,0.021683206358568866,0.0324624416769427,0.048828125,0.0332174831087792,0.010918300671385692,0.033260520245950005,0.047651847260765046,0.03088161777508183,0.02995676103550384,0.007873298582322802,0.022881590847382775,0.011430371006562134,0.031035641761856844,0.02315091717017519,0.0009765625,0.009264485332524549,0.016370170521718956,0.016630260122975003,0.01528562093993997,0.04716908076458329,0.019918044974971814,0.0170549308560283,0.001953125,0.010786485368346935,0.007109482313750506,0.016858082521125067,0.010786485368346935,0.0170549308560283,0.007627196949127592,0.003088161777508183,0.053790778726251605,0.0537109375,0.005694288959809864,0.016105881350068987,0.02003738723504218,0.005940197783494355,0.02580047815160724,0.0107421875,0.015655487833868553,0.015191747252054731,0.024492062898407135,0.01284467425582608,0.0013810679320049757,0.006253051013118016,0.0009765625,0.005940197783494355,0.01284467425582608,0.014906579611790769,0.0634765625,0.005694288959809864,0.0087890625,0.003521046167445302,0.015625,0.010918300671385692,0.023640075072090243,0.004026470337517247,0.009003461384075085,0.01313830473347042,0.0013810679320049757,0.005694288959809864,0.005940197783494355,0.012732817197661424,0.020132351687586234,0.016370170521718956,0.009765625,0.004026470337517247,0.010054326309557618,0.003088161777508183,0.0048828125,0.0065509804028314154,0.009003461384075085,0.014874556847390447,0.004979511243742954,0.004026470337517247,0.014874556847390447,0.004026470337517247,0.006905339660024878,0.029378142493147116,0.0048828125,0.003088161777508183,0.02638526579317636,0.007873298582322802,0.007042092334890604,0.0283875817456028,0.001953125,0.0027621358640099515,0.010918300671385692,0.006905339660024878,0.003521046167445302,0.011430371006562134,0.0048828125,0.004367320268554277,0.004026470337517247,0.003521046167445302,0.003088161777508183,0.005258950006967289,0.0029296875,0.0048828125,0.007042092334890604,0.0087890625,0.025202124805788945,0.010517900013934578,0.005258950006967289,0.010563138502335907,0.005940197783494355,0.0048828125,0.011430371006562134,0.00966747552403483,0.00390625,0.01171875,0.007109482313750506,0.00390625,0.0009765625,1,1,0.0
25.0,11.662370681762695,6.0,0.21834027767181396,0.7631314396858215,2.734375,24.690933227539062,12.655136108398438,1.171875,0.3383236825466156,0.022010600194334984,508.0,8002.0,1103192.0,15.751968383789062,0.44333603978157043,1.666388988494873,4.162651538848877,0.00024593062698841095,0.0,0.24116919934749603,925,904,903,859,856,940,925,938,970,973,952,940,985,986,975,967,986,959,953,910,974,969,989,985,990,984,941,935,973,982,967,954,968,983,952,950,975,921,906,887,858,860,887,890,909,936,972,1015,1005,1055,1015,1016,1054,1034,919,936,959,986,971,938,1002,1067,1016,967,1024,1019,1018,1035,1024,1004,922,984,1051,1039,1040,971,942,1039,990,1037,976,942,953,921,966,976,894,969,1017,1006,986,909,906,1001,955,956,991,985,927,890,893,920,906,887,928,969,1015,999,1018,958,941,905,904,905,859,876,986,976,937,891,903,940,968,937,986,927,958,923,936,1002,1004,972,1024,1049,990,984,939,983,928,952,953,920,846,942,1007,1004,988,909,920,953,968,942,1002,953,950,1019,1040,987,942,987,1019,1004,990,923,877,951,970,1018,986,968,1018,975,1007,986,908,937,1006,1003,985,955,920,937,937,955,942,989,938,936,985,992,968,936,991,952,924,905,968,924,953,1032,1016,990,909,982,1022,1003,971,936,920,926,920,941,988,919,925,942,959,927,918,852,923,1039,1000,974,954,974,954,960,969,968,923,972,1038,1024,1040,1020,1053,1015,955,942,1037,1036,1020,1022,1036,1100,1003,1018,1038,1020,1003,921,920,955,908,966,0.001953125,0.016370170521718956,0.0300838316420886,0.08578755562263697,0.02286074201312427,0.03908690643787012,0.056082242247504806,0.07453289805895384,0.016370170521718956,0.03149319432929121,0.017304731588544287,0.02763861659782208,0.04416179318201177,0.05841443917475852,0.01824369305885684,0.01708286687942959,0.022482157096135425,0.029893023173855404,0.05220729064306117,0.03629082846887118,0.01171875,0.03066468450802262,0.04372776011179318,0.025781989809461104,0.02777629424478104,0.012732817197661424,0.024472586105745445,0.01019561182510796,0.03582800064032059,0.019628663322501738,0.004026470337517247,0.009959022487485907,0.013982247132105814,0.019384212149686726,0.013671875,0.047731833632226314,0.019773883526676354,0.017820593350483065,0.0013810679320049757,0.012352647110032733,0.005258950006967289,0.015776850020901866,0.009212872199274027,0.018657200365764452,0.00834375365753665,0.0048828125,0.05336357848560254,0.05329204550641505,0.008052940675034493,0.013282686043686957,0.02286074201312427,0.008734640537108554,0.02161713244255728,0.009003461384075085,0.011388577919619728,0.010381001770248682,0.02847144479904932,0.013671875,0.0041432037960149265,0.005524271728019903,0.0027621358640099515,0.011048543456039806,0.01708286687942959,0.013282686043686957,0.06284238493436003,0.007042092334890604,0.005694288959809864,0.0013810679320049757,0.013566839833447074,0.008734640537108554,0.026654968874914416,0.0,0.006176323555016366,0.010517900013934578,0.0041432037960149265,0.007109482313750506,0.006905339660024878,0.011759369705851851,0.021417687694786434,0.01441877251975918,0.007873298582322802,0.004979511243742954,0.011048543456039806,0.004367320268554277,0.005694288959809864,0.006253051013118016,0.009264485332524549,0.015746597164645604,0.005694288959809864,0.004979511243742954,0.012732817197661424,0.004979511243742954,0.0048828125,0.03088161777508183,0.006905339660024878,0.001953125,0.02489755621871477,0.009765625,0.005694288959809864,0.02751758360079174,0.0021836601342771385,0.004979511243742954,0.009003461384075085,0.005258950006967289,0.004979511243742954,0.01019561182510796,0.005524271728019903,0.005940197783494355,0.004367320268554277,0.0021836601342771385,0.003521046167445302,0.007042092334890604,0.004367320268554277,0.003088161777508183,0.008400708268596315,0.00966747552403483,0.02652944864688696,0.010054326309557618,0.005524271728019903,0.010381001770248682,0.006176323555016366,0.004367320268554277,0.011048543456039806,0.009959022487485907,0.003521046167445302,0.010563138502335907,0.0078125,0.00390625,0.0009765625,1,1,0.0
25.0,11.565505027770996,8.0,0.21545428037643433,0.8514943718910217,2.734375,20.128427505493164,12.178176879882812,1.171875,0.36080923676490784,0.022566836327314377,534.0,7717.0,1228187.5,14.451311111450195,0.42373648285865784,1.324806809425354,3.8099048137664795,0.00023371311544906348,0.0,0.24372723698616028,957,925,968,958,974,989,904,906,925,904,903,859,856,940,925,938,970,973,952,940,985,986,975,967,986,959,953,910,974,969,989,985,990,984,941,935,973,982,967,954,968,983,952,950,975,921,906,887,858,860,887,890,909,936,972,1015,1005,1055,1015,1016,1054,1034,919,936,959,986,971,938,1002,1067,1016,967,1024,1019,1018,1035,1024,1004,922,984,1051,1039,1040,971,942,1039,990,1037,976,942,953,921,966,976,894,969,1017,1006,986,909,906,1001,955,956,991,985,927,890,893,920,906,887,928,969,1015,999,1018,958,941,905,904,905,859,876,986,976,937,891,903,940,968,937,986,927,958,923,936,1002,1004,972,1024,1049,990,984,939,983,928,952,953,920,846,942,1007,1004,988,909,920,953,968,942,1002,953,950,1019,1040,987,942,987,1019,1004,990,923,877,951,970,1018,986,968,1018,975,1007,986,908,937,1006,1003,985,955,920,937,937,955,942,989,938,936,985,992,968,936,991,952,924,905,968,924,953,1032,1016,990,909,982,1022,1003,971,936,920,926,920,941,988,919,925,942,959,927,918,852,923,1039,1000,974,954,974,954,960,969,968,923,972,1038,1024,1040,1020,1053,1015,955,942,1037,1036,1020,1022,1036,1100,1003,1018,0.0,0.014084184669781208,0.031988944051092184,0.08233875585246617,0.020600608505594715,0.039764205217777994,0.05330993774982883,0.07288323498845817,0.014680953494504793,0.025947910655442233,0.021417687694786434,0.021836601342771385,0.04203758447271657,0.0528788530104722,0.014874556847390447,0.02229045353615884,0.02627660946694084,0.02638526579317636,0.04574233761183738,0.04194674139631744,0.006176323555016366,0.03656571333368956,0.03618556115947052,0.02681548870653512,0.032285693857063556,0.0185803687406645,0.03088161777508183,0.01019561182510796,0.04337740686428283,0.011048543456039806,0.012732817197661424,0.0126953125,0.005258950006967289,0.022269051271467537,0.020762003540497363,0.039257326645003476,0.0208765218031562,0.0126953125,0.008052940675034493,0.010918300671385692,0.009003461384075085,0.014778072217208551,0.007873298582322802,0.024492062898407135,0.016164985700436375,0.010786485368346935,0.05414420420167622,0.04958399326088322,0.011430371006562134,0.015440808887540914,0.02847144479904932,0.013982247132105814,0.020132351687586234,0.01313830473347042,0.010918300671385692,0.014517645261053229,0.024119314521930602,0.010517900013934578,0.0,0.006253051013118016,0.0009765625,0.00834375365753665,0.014517645261053229,0.012079411012551739,0.06040494958668795,0.008400708268596315,0.004367320268554277,0.0029296875,0.012079411012551739,0.009003461384075085,0.0283875817456028,0.0013810679320049757,0.005940197783494355,0.009814331661250869,0.004367320268554277,0.006905339660024878,0.007042092334890604,0.012352647110032733,0.021035800027869155,0.0146484375,0.0087890625,0.004026470337517247,0.011430371006562134,0.004026470337517247,0.006176323555016366,0.00390625,0.009814331661250869,0.015254393898255184,0.005694288959809864,0.004979511243742954,0.012732817197661424,0.0048828125,0.0048828125,0.03126525506559008,0.006176323555016366,0.001953125,0.02489755621871477,0.008734640537108554,0.005859375,0.027413415718004295,0.0021836601342771385,0.004979511243742954,0.009264485332524549,0.004979511243742954,0.004979511243742954,0.010786485368346935,0.005258950006967289,0.005524271728019903,0.00390625,0.0021836601342771385,0.0027621358640099515,0.006253051013118016,0.004026470337517247,0.00390625,0.006905339660024878,0.008052940675034493,0.026565372087373914,0.009765625,0.005258950006967289,0.010563138502335907,0.006176323555016366,0.004979511243742954,0.010517900013934578,0.009264485332524549,0.00390625,0.010918300671385692,0.007873298582322802,0.004026470337517247,0.0,1,1,0.0
25.0,11.511045455932617,7.0,0.21389198303222656,0.7761595249176025,2.734375,20.160369873046875,12.405858993530273,1.171875,0.343519389629364,0.022226184606552124,518.0,7109.0,1044449.3125,13.72393798828125,0.4425886273384094,1.276301622390747,3.7714312076568604,0.0,0.0,0.25528696179389954,983,1022,1051,984,973,1040,1005,1000,957,925,968,958,974,989,904,906,925,904,903,859,856,940,925,938,970,973,952,940,985,986,975,967,986,959,953,910,974,969,989,985,990,984,941,935,973,982,967,954,968,983,952,950,975,921,906,887,858,860,887,890,909,936,972,1015,1005,1055,1015,1016,1054,1034,919,936,959,986,971,938,1002,1067,1016,967,1024,1019,1018,1035,1024,1004,922,984,1051,1039,1040,971,942,1039,990,1037,976,942,953,921,966,976,894,969,1017,1006,986,909,906,1001,955,956,991,985,927,890,893,920,906,887,928,969,1015,999,1018,958,941,905,904,905,859,876,986,976,937,891,903,940,968,937,986,927,958,923,936,1002,1004,972,1024,1049,990,984,939,983,928,952,953,920,846,942,1007,1004,988,909,920,953,968,942,1002,953,950,1019,1040,987,942,987,1019,1004,990,923,877,951,970,1018,986,968,1018,975,1007,986,908,937,1006,1003,985,955,920,937,937,955,942,989,938,936,985,992,968,936,991,952,924,905,968,924,953,1032,1016,990,909,982,1022,1003,971,936,920,926,920,941,988,919,925,942,959,927,918,852,923,1039,1000,974,954,974,954,960,969,968,923,972,1038,1024,1040,1020,1053,1015,955,942,0.00048828125,0.01019561182510796,0.037314400731528904,0.0762281943237755,0.016630260122975003,0.03989589495276464,0.04972803537685162,0.06755949436104679,0.011134525635733769,0.0224609375,0.026672852116694654,0.018528970665049098,0.03798564519292329,0.051164792568084906,0.01953125,0.025012204052472065,0.029765137996344084,0.023840928936979887,0.04631213164601319,0.04306850990468739,0.010054326309557618,0.03304477405407936,0.03648738611771368,0.025390625,0.029313146523053973,0.017686299097924643,0.02847144479904932,0.009765625,0.04265689388250304,0.012079411012551739,0.010054326309557618,0.01019561182510796,0.008052940675034493,0.020320949264340638,0.0192608231673008,0.04239901044158674,0.02003738723504218,0.0146484375,0.005258950006967289,0.009264485332524549,0.008052940675034493,0.017469281074217108,0.011134525635733769,0.022269051271467537,0.015655487833868553,0.008843149548962322,0.04941058844013093,0.05387935243802235,0.016716057391234072,0.013810679320049757,0.03304477405407936,0.019236050394133015,0.016716057391234072,0.017953883116064683,0.010517900013934578,0.01953125,0.018425744398548053,0.008734640537108554,0.004979511243742954,0.008400708268596315,0.004979511243742954,0.00834375365753665,0.01680141653719263,0.0078125,0.057782469501902405,0.011759369705851851,0.0048828125,0.0048828125,0.014218964627501012,0.005524271728019903,0.025781989809461104,0.0027621358640099515,0.008734640537108554,0.012732817197661424,0.003521046167445302,0.0065509804028314154,0.0048828125,0.014517645261053229,0.022545696055889054,0.013282686043686957,0.006905339660024878,0.005524271728019903,0.010786485368346935,0.0027621358640099515,0.0048828125,0.0048828125,0.010054326309557618,0.015254393898255184,0.007042092334890604,0.005940197783494355,0.013282686043686957,0.004367320268554277,0.0048828125,0.03088161777508183,0.0048828125,0.004026470337517247,0.02638526579317636,0.008052940675034493,0.006176323555016366,0.025781989809461104,0.004026470337517247,0.006253051013118016,0.0078125,0.0048828125,0.006905339660024878,0.0087890625,0.004026470337517247,0.006176323555016366,0.0027621358640099515,0.0021836601342771385,0.0021836601342771385,0.004367320268554277,0.001953125,0.004979511243742954,0.006176323555016366,0.00834375365753665,0.02376079113397742,0.011048543456039806,0.0068359375,0.009959022487485907,0.006905339660024878,0.003088161777508183,0.011759369705851851,0.007873298582322802,0.004367320268554277,0.009959022487485907,0.008286407592029853,0.0041432037960149265,0.0009765625,1,1,0.0
25.0,11.446382522583008,7.0,0.22138316929340363,0.6941192746162415,2.734375,16.491853713989258,12.714571952819824,1.171875,0.31901705265045166,0.02174907922744751,496.0,6093.0,852858.3125,12.284274101257324,0.4595997631549835,1.2730882167816162,3.370140314102173,1.57321755978046e-05,0.0,0.2818410098552704,1004,958,954,1038,1024,1002,906,926,983,1022,1051,984,973,1040,1005,1000,957,925,968,958,974,989,904,906,925,904,903,859,856,940,925,938,970,973,952,940,985,986,975,967,986,959,953,910,974,969,989,985,990,984,941,935,973,982,967,954,968,983,952,950,975,921,906,887,858,860,887,890,909,936,972,1015,1005,1055,1015,1016,1054,1034,919,936,959,986,971,938,1002,1067,1016,967,1024,1019,1018,1035,1024,1004,922,984,1051,1039,1040,971,942,1039,990,1037,976,942,953,921,966,976,894,969,1017,1006,986,909,906,1001,955,956,991,985,927,890,893,920,906,887,928,969,1015,999,1018,958,941,905,904,905,859,876,986,976,937,891,903,940,968,937,986,927,958,923,936,1002,1004,972,1024,1049,990,984,939,983,928,952,953,920,846,942,1007,1004,988,909,920,953,968,942,1002,953,950,1019,1040,987,942,987,1019,1004,990,923,877,951,970,1018,986,968,1018,975,1007,986,908,937,1006,1003,985,955,920,937,937,955,942,989,938,936,985,992,968,936,991,952,924,905,968,924,953,1032,1016,990,909,982,1022,1003,971,936,920,926,920,941,988,919,925,942,959,927,918,852,923,1039,1000,974,954,974,954,960,969,968,923,972,0.00048828125,0.011920464468489943,0.04154696755113799,0.06744647128840628,0.021417687694786434,0.0342911130196864,0.04239901044158674,0.06354413470702125,0.007109482313750506,0.027793455997573647,0.022269051271467537,0.025012204052472065,0.04239901044158674,0.05590340539594418,0.01516032685181643,0.021506558149946522,0.02638526579317636,0.026002982335340524,0.04193537217496853,0.045658866123285,0.009003461384075085,0.0342911130196864,0.034678283016727936,0.0208765218031562,0.025465634395322848,0.017686299097924643,0.026294750034836445,0.009264485332524549,0.03986002271866904,0.013101960805662831,0.011430371006562134,0.012732817197661424,0.005258950006967289,0.021439939843847802,0.021683206358568866,0.0412127887617367,0.022482157096135425,0.0126953125,0.0048828125,0.011759369705851851,0.007873298582322802,0.019384212149686726,0.013982247132105814,0.019749754312653012,0.017387200990981306,0.011134525635733769,0.046875,0.05417061815765103,0.019457869965987574,0.0166015625,0.034402177644157296,0.01933495104806966,0.021683206358568866,0.018347943582085875,0.01441877251975918,0.01800692276815017,0.021836601342771385,0.011134525635733769,0.0013810679320049757,0.006905339660024878,0.001953125,0.005524271728019903,0.013810679320049757,0.010517900013934578,0.05688424171566679,0.013982247132105814,0.0021836601342771385,0.007437278423695223,0.013879560940968648,0.004026470337517247,0.027151247606362977,0.004367320268554277,0.01179984958358845,0.015746597164645604,0.0021836601342771385,0.007437278423695223,0.003521046167445302,0.015440808887540914,0.0244140625,0.011388577919619728,0.007109482313750506,0.006253051013118016,0.009959022487485907,0.0021836601342771385,0.004367320268554277,0.004026470337517247,0.010563138502335907,0.015746597164645604,0.006253051013118016,0.0048828125,0.013982247132105814,0.004026470337517247,0.005859375,0.030649130520459405,0.0065509804028314154,0.0021836601342771385,0.025633603024231812,0.008843149548962322,0.006253051013118016,0.027793455997573647,0.0027621358640099515,0.003521046167445302,0.008400708268596315,0.003088161777508183,0.005258950006967289,0.009765625,0.004979511243742954,0.00834375365753665,0.0021836601342771385,0.00390625,0.003088161777508183,0.003088161777508183,0.003088161777508183,0.007873298582322802,0.004979511243742954,0.0068359375,0.021506558149946522,0.01188039556698871,0.009765625,0.008052940675034493,0.009618025197066508,0.0021836601342771385,0.0087890625,0.011430371006562134,0.0009765625,0.0146484375,0.006905339660024878,0.003088161777508183,0.001953125,1,1,0.0
25.0,11.58350944519043,7.0,0.21806682646274567,0.6166316270828247,2.734375,12.158903121948242,13.287817001342773,1.171875,0.2982527017593384,0.021484375,484.0,4770.0,696504.5,9.855371475219727,0.48368048667907715,1.1265941858291626,2.9107491970062256,1.613397580513265e-05,0.0,0.2762187123298645,999,985,988,969,1052,1081,1055,972,1004,958,954,1038,1024,1002,906,926,983,1022,1051,984,973,1040,1005,1000,957,925,968,958,974,989,904,906,925,904,903,859,856,940,925,938,970,973,952,940,985,986,975,967,986,959,953,910,974,969,989,985,990,984,941,935,973,982,967,954,968,983,952,950,975,921,906,887,858,860,887,890,909,936,972,1015,1005,1055,1015,1016,1054,1034,919,936,959,986,971,938,1002,1067,1016,967,1024,1019,1018,1035,1024,1004,922,984,1051,1039,1040,971,942,1039,990,1037,976,942,953,921,966,976,894,969,1017,1006,986,909,906,1001,955,956,991,985,927,890,893,920,906,887,928,969,1015,999,1018,958,941,905,904,905,859,876,986,976,937,891,903,940,968,937,986,927,958,923,936,1002,1004,972,1024,1049,990,984,939,983,928,952,953,920,846,942,1007,1004,988,909,920,953,968,942,1002,953,950,1019,1040,987,942,987,1019,1004,990,923,877,951,970,1018,986,968,1018,975,1007,986,908,937,1006,1003,985,955,920,937,937,955,942,989,938,936,985,992,968,936,991,952,924,905,968,924,953,1032,1016,990,909,982,1022,1003,971,936,920,926,920,941,988,919,925,942,959,927,918,852,923,1039,1000,974,0.0029296875,0.011430371006562134,0.03853402276747824,0.0777824521552339,0.009959022487485907,0.04668132188561375,0.047621817735299256,0.05899924791794225,0.007873298582322802,0.023047702580480365,0.033203125,0.027203883353875233,0.035907766232129365,0.0655461882599603,0.021945512748285382,0.010918300671385692,0.0166015625,0.03452669830012439,0.037695818487536684,0.04898412579681427,0.011430371006562134,0.04148954255126563,0.027621358640099514,0.0146484375,0.018961413905222265,0.019628663322501738,0.0192608231673008,0.009959022487485907,0.032754902014157074,0.01800692276815017,0.013982247132105814,0.019628663322501738,0.003088161777508183,0.025465634395322848,0.026868782211323446,0.03975221179110863,0.02765586378614511,0.011388577919619728,0.007109482313750506,0.015776850020901866,0.00966747552403483,0.024119314521930602,0.019918044974971814,0.020762003540497363,0.022269051271467537,0.01800692276815017,0.048563737340454514,0.04979511243742954,0.020320949264340638,0.021836601342771385,0.029765137996344084,0.013282686043686957,0.022651198251451565,0.011134525635733769,0.008052940675034493,0.014517645261053229,0.021417687694786434,0.005258950006967289,0.005694288959809864,0.011430371006562134,0.006905339660024878,0.008286407592029853,0.01878455474772592,0.007873298582322802,0.05912035495181762,0.01019561182510796,0.004026470337517247,0.0029296875,0.012352647110032733,0.007042092334890604,0.029035290522106457,0.004026470337517247,0.010918300671385692,0.014874556847390447,0.0009765625,0.005694288959809864,0.0029296875,0.016716057391234072,0.022482157096135425,0.01188039556698871,0.005940197783494355,0.006176323555016366,0.010918300671385692,0.0021836601342771385,0.0021836601342771385,0.005524271728019903,0.01284467425582608,0.015746597164645604,0.009003461384075085,0.005940197783494355,0.016105881350068987,0.0013810679320049757,0.008286407592029853,0.02777629424478104,0.007873298582322802,0.0009765625,0.02417855156863271,0.010786485368346935,0.0048828125,0.029378142493147116,0.0013810679320049757,0.00390625,0.008734640537108554,0.0027621358640099515,0.006176323555016366,0.009003461384075085,0.005940197783494355,0.008734640537108554,0.003521046167445302,0.003088161777508183,0.003088161777508183,0.003521046167445302,0.005940197783494355,0.0107421875,0.006253051013118016,0.007627196949127592,0.019628663322501738,0.010563138502335907,0.010918300671385692,0.00390625,0.009003461384075085,0.007873298582322802,0.007873298582322802,0.013101960805662831,0.005940197783494355,0.01171875,0.007109482313750506,0.005258950006967289,0.001953125,1,1,0.0
25.0,11.543004035949707,7.0,0.2205745279788971,0.6649141311645508,5.078125,17.23642921447754,12.875511169433594,1.171875,0.31127792596817017,0.02207549661397934,511.0,6344.0,875518.3125,12.414873123168945,0.46814754605293274,1.4082131385803223,3.45200777053833,0.0005503661232069135,0.0,0.28074127435684204,910,939,908,969,936,951,907,954,999,985,988,969,1052,1081,1055,972,1004,958,954,1038,1024,1002,906,926,983,1022,1051,984,973,1040,1005,1000,957,925,968,958,974,989,904,906,925,904,903,859,856,940,925,938,970,973,952,940,985,986,975,967,986,959,953,910,974,969,989,985,990,984,941,935,973,982,967,954,968,983,952,950,975,921,906,887,858,860,887,890,909,936,972,1015,1005,1055,1015,1016,1054,1034,919,936,959,986,971,938,1002,1067,1016,967,1024,1019,1018,1035,1024,1004,922,984,1051,1039,1040,971,942,1039,990,1037,976,942,953,921,966,976,894,969,1017,1006,986,909,906,1001,955,956,991,985,927,890,893,920,906,887,928,969,1015,999,1018,958,941,905,904,905,859,876,986,976,937,891,903,940,968,937,986,927,958,923,936,1002,1004,972,1024,1049,990,984,939,983,928,952,953,920,846,942,1007,1004,988,909,920,953,968,942,1002,953,950,1019,1040,987,942,987,1019,1004,990,923,877,951,970,1018,986,968,1018,975,1007,986,908,937,1006,1003,985,955,920,937,937,955,942,989,938,936,985,992,968,936,991,952,924,905,968,924,953,1032,1016,990,909,982,1022,1003,971,936,920,926,920,941,988,919,925,942,0.00146484375,0.009814331661250869,0.03843489971514537,0.07582679245236001,0.013282686043686957,0.0441185820237364,0.04891593666550076,0.06176323555016366,0.009618025197066508,0.020108652619115236,0.03452669830012439,0.024647323172117114,0.03304477405407936,0.06584378058999052,0.025012204052472065,0.0107421875,0.0146484375,0.03742923417331406,0.038098455474865546,0.04929464634423423,0.01284467425582608,0.04447381850287383,0.024954945974962183,0.011430371006562134,0.013282686043686957,0.0208765218031562,0.017820593350483065,0.010918300671385692,0.03452669830012439,0.01589728573837862,0.018961413905222265,0.01875915303935405,0.004367320268554277,0.0166875073150733,0.021417687694786434,0.04377135709182611,0.019555648822754675,0.013282686043686957,0.009212872199274027,0.016630260122975003,0.001953125,0.018961413905222265,0.020967686087484266,0.012732817197661424,0.02568934851165216,0.024020261477048523,0.04716908076458329,0.04865202619953574,0.025781989809461104,0.029700988917471777,0.020967686087484266,0.004979511243742954,0.02132844694125152,0.011048543456039806,0.0027621358640099515,0.021945512748285382,0.013810679320049757,0.011920464468489943,0.00834375365753665,0.004026470337517247,0.0048828125,0.009765625,0.013879560940968648,0.01313830473347042,0.055860740804980824,0.01589728573837862,0.0048828125,0.007109482313750506,0.01680141653719263,0.005258950006967289,0.0244140625,0.0013810679320049757,0.006176323555016366,0.011759369705851851,0.004026470337517247,0.0021836601342771385,0.005258950006967289,0.01824369305885684,0.021506558149946522,0.011430371006562134,0.0027621358640099515,0.009814331661250869,0.007627196949127592,0.0009765625,0.003521046167445302,0.001953125,0.010918300671385692,0.017820593350483065,0.005524271728019903,0.004367320268554277,0.012732817197661424,0.005258950006967289,0.006176323555016366,0.029765137996344084,0.004979511243742954,0.003088161777508183,0.021417687694786434,0.01179984958358845,0.003521046167445302,0.032033631771204545,0.003521046167445302,0.003088161777508183,0.009003461384075085,0.003088161777508183,0.008052940675034493,0.007873298582322802,0.003521046167445302,0.005859375,0.0048828125,0.0021836601342771385,0.003521046167445302,0.008052940675034493,0.009264485332524549,0.014218964627501012,0.008843149548962322,0.011759369705851851,0.021439939843847802,0.007437278423695223,0.009003461384075085,0.007437278423695223,0.003521046167445302,0.007627196949127592,0.013282686043686957,0.008734640537108554,0.003521046167445302,0.01188039556698871,0.008286407592029853,0.001953125,0.001953125,1,1,0.0
25.0,11.695969581604004,7.0,0.230315700173378,0.6796351075172424,5.078125,15.81535530090332,12.832853317260742,1.171875,0.3114393651485443,0.021836601197719574,500.0,6029.0,859385.9375,12.057999610900879,0.4582449495792389,1.3262208700180054,3.3228635787963867,0.0001403793430654332,0.0,0.2666298747062683,1004,927,924,862,926,987,971,939,910,939,908,969,936,951,907,954,999,985,988,969,1052,1081,1055,972,1004,958,954,1038,1024,1002,906,926,983,1022,1051,984,973,1040,1005,1000,957,925,968,958,974,989,904,906,925,904,903,859,856,940,925,938,970,973,952,940,985,986,975,967,986,959,953,910,974,969,989,985,990,984,941,935,973,982,967,954,968,983,952,950,975,921,906,887,858,860,887,890,909,936,972,1015,1005,1055,1015,1016,1054,1034,919,936,959,986,971,938,1002,1067,1016,967,1024,1019,1018,1035,1024,1004,922,984,1051,1039,1040,971,942,1039,990,1037,976,942,953,921,966,976,894,969,1017,1006,986,909,906,1001,955,956,991,985,927,890,893,920,906,887,928,969,1015,999,1018,958,941,905,904,905,859,876,986,976,937,891,903,940,968,937,986,927,958,923,936,1002,1004,972,1024,1049,990,984,939,983,928,952,953,920,846,942,1007,1004,988,909,920,953,968,942,1002,953,950,1019,1040,987,942,987,1019,1004,990,923,877,951,970,1018,986,968,1018,975,1007,986,908,937,1006,1003,985,955,920,937,937,955,942,989,938,936,985,992,968,936,991,952,924,905,968,924,953,1032,1016,990,909,982,1022,1003,971,936,0.00341796875,0.009814331661250869,0.0412127887617367,0.07443046489176261,0.013982247132105814,0.04120121701118943,0.04680373814969437,0.0642530630843593,0.010381001770248682,0.017953883116064683,0.03554741156875253,0.024492062898407135,0.0324624416769427,0.06766528203640627,0.02298555135925746,0.010786485368346935,0.01760523083722651,0.03521046167445302,0.04236525774117942,0.044248088903160905,0.011920464468489943,0.049149334110006326,0.02132844694125152,0.009003461384075085,0.008843149548962322,0.019186408891004394,0.023518739411703703,0.004979511243742954,0.041062101643805936,0.009212872199274027,0.013282686043686957,0.013101960805662831,0.005258950006967289,0.025465634395322848,0.02751758360079174,0.042275118792799535,0.0283875817456028,0.01760523083722651,0.0013810679320049757,0.007873298582322802,0.007627196949127592,0.0087890625,0.014517645261053229,0.0029296875,0.023619895746968406,0.027621358640099514,0.04377135709182611,0.050413708981016825,0.03144773864864183,0.03538607603904968,0.01284467425582608,0.005694288959809864,0.01589728573837862,0.01800692276815017,0.009618025197066508,0.024433585943743757,0.014874556847390447,0.012352647110032733,0.003521046167445302,0.005940197783494355,0.0021836601342771385,0.006905339660024878,0.01528562093993997,0.010381001770248682,0.057691622998991915,0.013282686043686957,0.0029296875,0.0065509804028314154,0.013982247132105814,0.004979511243742954,0.026654968874914416,0.00390625,0.010054326309557618,0.011134525635733769,0.004979511243742954,0.006176323555016366,0.008286407592029853,0.015440808887540914,0.0170549308560283,0.013810679320049757,0.003521046167445302,0.015746597164645604,0.006176323555016366,0.007437278423695223,0.009618025197066508,0.003088161777508183,0.005524271728019903,0.014517645261053229,0.0078125,0.010381001770248682,0.013982247132105814,0.004367320268554277,0.010918300671385692,0.02510734400816883,0.009003461384075085,0.0009765625,0.02489755621871477,0.01019561182510796,0.006253051013118016,0.027500249688142037,0.0013810679320049757,0.001953125,0.011430371006562134,0.0013810679320049757,0.007873298582322802,0.007437278423695223,0.0021836601342771385,0.007109482313750506,0.003521046167445302,0.0009765625,0.003521046167445302,0.009003461384075085,0.010517900013934578,0.015746597164645604,0.009264485332524549,0.01242961138804478,0.022545696055889054,0.007042092334890604,0.008734640537108554,0.008843149548962322,0.003521046167445302,0.007627196949127592,0.012732817197661424,0.008052940675034493,0.003088161777508183,0.011048543456039806,0.00834375365753665,0.0021836601342771385,0.001953125,1,1,0.0
25.0,11.653779983520508,6.0,0.2270229458808899,0.6515819430351257,5.078125,14.675588607788086,12.89406967163086,1.171875,0.3049548268318176,0.021988926455378532,507.0,5809.0,893940.9375,11.45759391784668,0.4680222272872925,1.2099562883377075,3.2158052921295166,0.000754229084122926,0.0,0.25933173298835754,954,985,972,942,970,973,974,1004,1004,927,924,862,926,987,971,939,910,939,908,969,936,951,907,954,999,985,988,969,1052,1081,1055,972,1004,958,954,1038,1024,1002,906,926,983,1022,1051,984,973,1040,1005,1000,957,925,968,958,974,989,904,906,925,904,903,859,856,940,925,938,970,973,952,940,985,986,975,967,986,959,953,910,974,969,989,985,990,984,941,935,973,982,967,954,968,983,952,950,975,921,906,887,858,860,887,890,909,936,972,1015,1005,1055,1015,1016,1054,1034,919,936,959,986,971,938,1002,1067,1016,967,1024,1019,1018,1035,1024,1004,922,984,1051,1039,1040,971,942,1039,990,1037,976,942,953,921,966,976,894,969,1017,1006,986,909,906,1001,955,956,991,985,927,890,893,920,906,887,928,969,1015,999,1018,958,941,905,904,905,859,876,986,976,937,891,903,940,968,937,986,927,958,923,936,1002,1004,972,1024,1049,990,984,939,983,928,952,953,920,846,942,1007,1004,988,909,920,953,968,942,1002,953,950,1019,1040,987,942,987,1019,1004,990,923,877,951,970,1018,986,968,1018,975,1007,986,908,937,1006,1003,985,955,920,937,937,955,942,989,938,936,985,992,968,936,991,952,924,905,968,924,953,1032,0.00048828125,0.011134525635733769,0.03582800064032059,0.07914374839591723,0.009003461384075085,0.0471993983343538,0.04531292093015696,0.05937789106859477,0.005694288959809864,0.02161713244255728,0.03259437357085671,0.020132351687586234,0.02847144479904932,0.06971315741240136,0.025353037081537442,0.007873298582322802,0.017469281074217108,0.032359456105040804,0.04102724909687501,0.04350911994129973,0.011134525635733769,0.04976637619625354,0.020600608505594715,0.008734640537108554,0.0087890625,0.01760523083722651,0.02315091717017519,0.0048828125,0.04007477447008436,0.01188039556698871,0.015440808887540914,0.014517645261053229,0.005258950006967289,0.024158822025103478,0.0244140625,0.03813598474563796,0.029296875,0.016630260122975003,0.0041432037960149265,0.005694288959809864,0.011920464468489943,0.009264485332524549,0.012236293052872722,0.003521046167445302,0.026203921611325662,0.033969779552590014,0.04688517142249142,0.046394427813358216,0.031035641761856844,0.033673710253059895,0.014517645261053229,0.011048543456039806,0.014874556847390447,0.014517645261053229,0.005524271728019903,0.019555648822754675,0.013879560940968648,0.012236293052872722,0.010563138502335907,0.0013810679320049757,0.004979511243742954,0.005524271728019903,0.010517900013934578,0.0068359375,0.05635366424317777,0.009814331661250869,0.004979511243742954,0.006176323555016366,0.010563138502335907,0.0021836601342771385,0.022777155839239456,0.006253051013118016,0.007042092334890604,0.009264485332524549,0.006176323555016366,0.0021836601342771385,0.004979511243742954,0.016858082521125067,0.01878455474772592,0.014517645261053229,0.0013810679320049757,0.01528562093993997,0.007627196949127592,0.008052940675034493,0.009959022487485907,0.00390625,0.004367320268554277,0.013879560940968648,0.008843149548962322,0.011388577919619728,0.014218964627501012,0.0048828125,0.011134525635733769,0.024705294220065465,0.010381001770248682,0.001953125,0.02627660946694084,0.009212872199274027,0.006253051013118016,0.02713367966689415,0.0,0.0013810679320049757,0.011759369705851851,0.0,0.008734640537108554,0.006253051013118016,0.001953125,0.005694288959809864,0.005694288959809864,0.0013810679320049757,0.00390625,0.0078125,0.00834375365753665,0.014517645261053229,0.007627196949127592,0.010786485368346935,0.020531050821902968,0.009003461384075085,0.010786485368346935,0.009959022487485907,0.001953125,0.008400708268596315,0.014517645261053229,0.0065509804028314154,0.0009765625,0.013810679320049757,0.005859375,0.004367320268554277,0.0009765625,1,1,0.0
25.0,11.705982208251953,5.0,0.23236757516860962,0.658380389213562,5.078125,18.779970169067383,12.775531768798828,1.171875,0.3047516345977783,0.02166120335459709,492.0,6568.0,924704.0625,13.349593162536621,0.46288079023361206,1.2888540029525757,3.626424551010132,1.5849367628106847e-05,0.0,0.2453191578388214,1003,971,969,970,990,1001,986,968,954,985,972,942,970,973,974,1004,1004,927,924,862,926,987,971,939,910,939,908,969,936,951,907,954,999,985,988,969,1052,1081,1055,972,1004,958,954,1038,1024,1002,906,926,983,1022,1051,984,973,1040,1005,1000,957,925,968,958,974,989,904,906,925,904,903,859,856,940,925,938,970,973,952,940,985,986,975,967,986,959,953,910,974,969,989,985,990,984,941,935,973,982,967,954,968,983,952,950,975,921,906,887,858,860,887,890,909,936,972,1015,1005,1055,1015,1016,1054,1034,919,936,959,986,971,938,1002,1067,1016,967,1024,1019,1018,1035,1024,1004,922,984,1051,1039,1040,971,942,1039,990,1037,976,942,953,921,966,976,894,969,1017,1006,986,909,906,1001,955,956,991,985,927,890,893,920,906,887,928,969,1015,999,1018,958,941,905,904,905,859,876,986,976,937,891,903,940,968,937,986,927,958,923,936,1002,1004,972,1024,1049,990,984,939,983,928,952,953,920,846,942,1007,1004,988,909,920,953,968,942,1002,953,950,1019,1040,987,942,987,1019,1004,990,923,877,951,970,1018,986,968,1018,975,1007,986,908,937,1006,1003,985,955,920,937,937,955,942,989,938,936,985,992,968,936,0.001953125,0.009003461384075085,0.04627092867375834,0.06886670004790618,0.018961413905222265,0.04200354134298158,0.054661335817017695,0.061173670950647754,0.009003461384075085,0.027621358640099514,0.02638526579317636,0.02003738723504218,0.0285216442705278,0.06802372955964062,0.03304477405407936,0.0021836601342771385,0.016716057391234072,0.03149319432929121,0.040465526084180976,0.0412127887617367,0.007873298582322802,0.05353308622525682,0.0170549308560283,0.008734640537108554,0.005940197783494355,0.017578125,0.025559086578715626,0.0029296875,0.04014610310760638,0.012506102026236032,0.013706707859002147,0.015440808887540914,0.0027621358640099515,0.02286074201312427,0.025633603024231812,0.04014610310760638,0.02765586378614511,0.013982247132105814,0.004026470337517247,0.008400708268596315,0.012352647110032733,0.012079411012551739,0.007873298582322802,0.007109482313750506,0.026057937625246747,0.03676080122015373,0.04695630968816917,0.04542852870942581,0.03066468450802262,0.032033631771204545,0.015776850020901866,0.012352647110032733,0.016105881350068987,0.013028968812623373,0.004367320268554277,0.0208765218031562,0.012506102026236032,0.0126953125,0.009264485332524549,0.0009765625,0.0041432037960149265,0.006905339660024878,0.009765625,0.007109482313750506,0.05417061815765103,0.010918300671385692,0.006905339660024878,0.008052940675034493,0.009264485332524549,0.0048828125,0.021506558149946522,0.007873298582322802,0.004026470337517247,0.010786485368346935,0.0048828125,0.0048828125,0.003088161777508183,0.012732817197661424,0.0146484375,0.017953883116064683,0.005940197783494355,0.018961413905222265,0.006253051013118016,0.007873298582322802,0.009959022487485907,0.00390625,0.007109482313750506,0.016253239235442616,0.005940197783494355,0.008052940675034493,0.011920464468489943,0.007109482313750506,0.012079411012551739,0.022482157096135425,0.012506102026236032,0.003521046167445302,0.027010384152225255,0.008400708268596315,0.005694288959809864,0.026672852116694654,0.0009765625,0.0,0.011430371006562134,0.0009765625,0.008734640537108554,0.006253051013118016,0.0013810679320049757,0.004979511243742954,0.006176323555016366,0.0027621358640099515,0.0048828125,0.006176323555016366,0.006176323555016366,0.011388577919619728,0.005940197783494355,0.011759369705851851,0.01878455474772592,0.010054326309557618,0.011048543456039806,0.01284467425582608,0.0021836601342771385,0.0048828125,0.011920464468489943,0.009765625,0.003521046167445302,0.010054326309557618,0.009003461384075085,0.0009765625,0.0029296875,1,1,0.0
25.0,11.517827987670898,6.0,0.23272328078746796,0.6757572889328003,5.078125,12.303224563598633,12.545985221862793,1.171875,0.3094080686569214,0.021639179438352585,491.0,4973.0,828745.125,10.12830924987793,0.45786863565444946,1.0249382257461548,2.962501287460327,0.00025418613222427666,0.0,0.2523326575756073,927,936,955,920,1015,988,984,1005,1003,971,969,970,990,1001,986,968,954,985,972,942,970,973,974,1004,1004,927,924,862,926,987,971,939,910,939,908,969,936,951,907,954,999,985,988,969,1052,1081,1055,972,1004,958,954,1038,1024,1002,906,926,983,1022,1051,984,973,1040,1005,1000,957,925,968,958,974,989,904,906,925,904,903,859,856,940,925,938,970,973,952,940,985,986,975,967,986,959,953,910,974,969,989,985,990,984,941,935,973,982,967,954,968,983,952,950,975,921,906,887,858,860,887,890,909,936,972,1015,1005,1055,1015,1016,1054,1034,919,936,959,986,971,938,1002,1067,1016,967,1024,1019,1018,1035,1024,1004,922,984,1051,1039,1040,971,942,1039,990,1037,976,942,953,921,966,976,894,969,1017,1006,986,909,906,1001,955,956,991,985,927,890,893,920,906,887,928,969,1015,999,1018,958,941,905,904,905,859,876,986,976,937,891,903,940,968,937,986,927,958,923,936,1002,1004,972,1024,1049,990,984,939,983,928,952,953,920,846,942,1007,1004,988,909,920,953,968,942,1002,953,950,1019,1040,987,942,987,1019,1004,990,923,877,951,970,1018,986,968,1018,975,1007,986,908,937,1006,1003,985,955,920,937,937,955,0.00048828125,0.009959022487485907,0.04421574774481161,0.07002028035251309,0.018347943582085875,0.03954776705335271,0.05472236611766367,0.06463781540380044,0.012079411012551739,0.028854075591199527,0.025633603024231812,0.02039122365021592,0.02833714478231818,0.06892207026794488,0.0363433477850164,0.004367320268554277,0.020531050821902968,0.028117539157984314,0.044291173712689716,0.03931801199061991,0.011388577919619728,0.05156397961892221,0.020762003540497363,0.009003461384075085,0.00834375365753665,0.020132351687586234,0.02489755621871477,0.005258950006967289,0.0436404354912194,0.011759369705851851,0.010918300671385692,0.018347943582085875,0.0009765625,0.020108652619115236,0.021506558149946522,0.03792282781044453,0.030524413297046454,0.014938533731228863,0.004979511243742954,0.006253051013118016,0.011388577919619728,0.009814331661250869,0.009959022487485907,0.005694288959809864,0.024954945974962183,0.03452669830012439,0.04606436099637014,0.046188412462443235,0.03149319432929121,0.03314563036811941,0.016716057391234072,0.013028968812623373,0.01760523083722651,0.011430371006562134,0.0029296875,0.021417687694786434,0.01313830473347042,0.012079411012551739,0.009003461384075085,0.0027621358640099515,0.0048828125,0.007437278423695223,0.00834375365753665,0.007627196949127592,0.05459150335692846,0.011134525635733769,0.0065509804028314154,0.008052940675034493,0.009618025197066508,0.0041432037960149265,0.02161713244255728,0.0087890625,0.004026470337517247,0.010517900013934578,0.006176323555016366,0.004026470337517247,0.0027621358640099515,0.0126953125,0.01441877251975918,0.018961413905222265,0.005940197783494355,0.019384212149686726,0.005694288959809864,0.00834375365753665,0.008400708268596315,0.0027621358640099515,0.007109482313750506,0.01589728573837862,0.005859375,0.009765625,0.011920464468489943,0.006253051013118016,0.012236293052872722,0.0234375,0.012352647110032733,0.004026470337517247,0.0283875817456028,0.007627196949127592,0.006176323555016366,0.02777629424478104,0.0021836601342771385,0.0009765625,0.009814331661250869,0.0009765625,0.008400708268596315,0.007627196949127592,0.0021836601342771385,0.00390625,0.008052940675034493,0.005940197783494355,0.007042092334890604,0.005258950006967289,0.00390625,0.008843149548962322,0.0048828125,0.013671875,0.021683206358568866,0.008400708268596315,0.0068359375,0.01313830473347042,0.006176323555016366,0.005940197783494355,0.011759369705851851,0.0068359375,0.005258950006967289,0.014517645261053229,0.005258950006967289,0.0068359375,0.001953125,1,1,0.0
25.0,11.646318435668945,6.0,0.23820945620536804,0.6802940964698792,5.078125,13.055028915405273,12.598915100097656,1.171875,0.30842316150665283,0.021858427673578262,501.0,5141.0,867902.75,10.26147747039795,0.4533673822879791,1.032122015953064,3.0578057765960693,1.5575353245367296e-05,0.0,0.2671486735343933,1019,1005,955,944,956,937,889,895,927,936,955,920,1015,988,984,1005,1003,971,969,970,990,1001,986,968,954,985,972,942,970,973,974,1004,1004,927,924,862,926,987,971,939,910,939,908,969,936,951,907,954,999,985,988,969,1052,1081,1055,972,1004,958,954,1038,1024,1002,906,926,983,1022,1051,984,973,1040,1005,1000,957,925,968,958,974,989,904,906,925,904,903,859,856,940,925,938,970,973,952,940,985,986,975,967,986,959,953,910,974,969,989,985,990,984,941,935,973,982,967,954,968,983,952,950,975,921,906,887,858,860,887,890,909,936,972,1015,1005,1055,1015,1016,1054,1034,919,936,959,986,971,938,1002,1067,1016,967,1024,1019,1018,1035,1024,1004,922,984,1051,1039,1040,971,942,1039,990,1037,976,942,953,921,966,976,894,969,1017,1006,986,909,906,1001,955,956,991,985,927,890,893,920,906,887,928,969,1015,999,1018,958,941,905,904,905,859,876,986,976,937,891,903,940,968,937,986,927,958,923,936,1002,1004,972,1024,1049,990,984,939,983,928,952,953,920,846,942,1007,1004,988,909,920,953,968,942,1002,953,950,1019,1040,987,942,987,1019,1004,990,923,877,951,970,1018,986,968,1018,975,1007,986,908,937,0.00048828125,0.009618025197066508,0.0439453125,0.07161606295819962,0.0166875073150733,0.03954776705335271,0.05386164934819405,0.0657858195042941,0.013810679320049757,0.0285216442705278,0.025202124805788945,0.02108108705558877,0.029893023173855404,0.06875582583625756,0.038397662600268556,0.0065509804028314154,0.023518739411703703,0.026002982335340524,0.04496431419227085,0.040653629485348924,0.01179984958358845,0.049890780368925004,0.02108108705558877,0.010918300671385692,0.0065509804028314154,0.021035800027869155,0.025559086578715626,0.003088161777508183,0.04217348219079919,0.01171875,0.011134525635733769,0.0170549308560283,0.0,0.020899350155305366,0.021945512748285382,0.037314400731528904,0.0300838316420886,0.014517645261053229,0.007109482313750506,0.004026470337517247,0.011048543456039806,0.008734640537108554,0.011430371006562134,0.005859375,0.021836601342771385,0.0342911130196864,0.045522898518776035,0.04496431419227085,0.03125,0.029296875,0.020531050821902968,0.010054326309557618,0.019652941208494246,0.013566839833447074,0.007873298582322802,0.019384212149686726,0.01800692276815017,0.01019561182510796,0.013282686043686957,0.004026470337517247,0.006905339660024878,0.004026470337517247,0.012506102026236032,0.007109482313750506,0.05560406580268265,0.01242961138804478,0.007437278423695223,0.006176323555016366,0.0065509804028314154,0.007437278423695223,0.020762003540497363,0.010517900013934578,0.0021836601342771385,0.011920464468489943,0.005258950006967289,0.005859375,0.005859375,0.01171875,0.013982247132105814,0.01760523083722651,0.0048828125,0.017387200990981306,0.004979511243742954,0.007437278423695223,0.009618025197066508,0.003521046167445302,0.005258950006967289,0.013566839833447074,0.00834375365753665,0.0068359375,0.011430371006562134,0.008052940675034493,0.012732817197661424,0.020320949264340638,0.014778072217208551,0.005694288959809864,0.029700988917471777,0.006176323555016366,0.004026470337517247,0.029035290522106457,0.0009765625,0.0013810679320049757,0.011430371006562134,0.0013810679320049757,0.009212872199274027,0.007437278423695223,0.0013810679320049757,0.0048828125,0.007042092334890604,0.005258950006967289,0.008052940675034493,0.005940197783494355,0.0029296875,0.007873298582322802,0.0048828125,0.013282686043686957,0.022269051271467537,0.007109482313750506,0.005258950006967289,0.011920464468489943,0.005694288959809864,0.007873298582322802,0.013810679320049757,0.006253051013118016,0.003088161777508183,0.013706707859002147,0.005258950006967289,0.004026470337517247,0.0,1,1,0.0
25.0,11.611474990844727,6.0,0.24139001965522766,0.7009957432746887,5.078125,13.856432914733887,12.493486404418945,1.171875,0.3126300573348999,0.021902013570070267,503.0,5378.0,882296.125,10.691848754882812,0.4459799528121948,1.084930419921875,3.1549112796783447,1.552746834931895e-05,0.0,0.2617378532886505,1004,970,966,921,969,1035,957,984,1019,1005,955,944,956,937,889,895,927,936,955,920,1015,988,984,1005,1003,971,969,970,990,1001,986,968,954,985,972,942,970,973,974,1004,1004,927,924,862,926,987,971,939,910,939,908,969,936,951,907,954,999,985,988,969,1052,1081,1055,972,1004,958,954,1038,1024,1002,906,926,983,1022,1051,984,973,1040,1005,1000,957,925,968,958,974,989,904,906,925,904,903,859,856,940,925,938,970,973,952,940,985,986,975,967,986,959,953,910,974,969,989,985,990,984,941,935,973,982,967,954,968,983,952,950,975,921,906,887,858,860,887,890,909,936,972,1015,1005,1055,1015,1016,1054,1034,919,936,959,986,971,938,1002,1067,1016,967,1024,1019,1018,1035,1024,1004,922,984,1051,1039,1040,971,942,1039,990,1037,976,942,953,921,966,976,894,969,1017,1006,986,909,906,1001,955,956,991,985,927,890,893,920,906,887,928,969,1015,999,1018,958,941,905,904,905,859,876,986,976,937,891,903,940,968,937,986,927,958,923,936,1002,1004,972,1024,1049,990,984,939,983,928,952,953,920,846,942,1007,1004,988,909,920,953,968,942,1002,953,950,1019,1040,987,942,987,1019,1004,990,923,877,951,970,1018,0.00341796875,0.00966747552403483,0.043858421040792225,0.06987712429686843,0.019236050394133015,0.03965613379735733,0.05603971381017021,0.06332614389403701,0.010918300671385692,0.026939676219011176,0.02883754503951836,0.0244140625,0.032285693857063556,0.0649248833538854,0.04099236691760812,0.009003461384075085,0.0263671875,0.021417687694786434,0.04984296935615174,0.040618426451338716,0.014778072217208551,0.04555431167847891,0.020132351687586234,0.015746597164645604,0.003088161777508183,0.017953883116064683,0.029313146523053973,0.0021836601342771385,0.03803582440263759,0.010563138502335907,0.013028968812623373,0.015440808887540914,0.0048828125,0.022269051271467537,0.021945512748285382,0.03829818662329605,0.03088161777508183,0.016253239235442616,0.011134525635733769,0.001953125,0.01179984958358845,0.01019561182510796,0.0126953125,0.011048543456039806,0.018657200365764452,0.03876842429937345,0.04979511243742954,0.039571874197958615,0.025409398107925172,0.026294750034836445,0.0192608231673008,0.005940197783494355,0.014218964627501012,0.0166015625,0.0065509804028314154,0.019384212149686726,0.011920464468489943,0.014778072217208551,0.007873298582322802,0.003521046167445302,0.006905339660024878,0.00834375365753665,0.009003461384075085,0.003088161777508183,0.05985778484657014,0.01019561182510796,0.005258950006967289,0.001953125,0.0048828125,0.009814331661250869,0.021836601342771385,0.013282686043686957,0.003088161777508183,0.013879560940968648,0.004026470337517247,0.006253051013118016,0.005694288959809864,0.011920464468489943,0.014778072217208551,0.01824369305885684,0.004979511243742954,0.0166015625,0.005524271728019903,0.007109482313750506,0.01019561182510796,0.005258950006967289,0.005694288959809864,0.012236293052872722,0.007042092334890604,0.005694288959809864,0.009003461384075085,0.008734640537108554,0.01441877251975918,0.02229045353615884,0.011920464468489943,0.0041432037960149265,0.027759121881937295,0.007873298582322802,0.006176323555016366,0.028588439781844624,0.00390625,0.004026470337517247,0.009212872199274027,0.0029296875,0.010381001770248682,0.0048828125,0.0009765625,0.004367320268554277,0.005694288959809864,0.0027621358640099515,0.0068359375,0.007873298582322802,0.004367320268554277,0.006905339660024878,0.0048828125,0.014218964627501012,0.023518739411703703,0.006176323555016366,0.0048828125,0.01019561182510796,0.005524271728019903,0.007109482313750506,0.013566839833447074,0.0068359375,0.003521046167445302,0.013566839833447074,0.004979511243742954,0.004979511243742954,0.0009765625,1,1,0.0
25.0,11.58620548248291,7.0,0.23779822885990143,0.7070615291595459,5.078125,12.115623474121094,12.481964111328125,1.171875,0.3157024681568146,0.021858427673578262,501.0,5120.0,849731.3125,10.219560623168945,0.4464992880821228,1.158371090888977,2.9577136039733887,0.0007640729891136289,0.0,0.26674726605415344,952,941,984,972,1023,998,924,974,1004,970,966,921,969,1035,957,984,1019,1005,955,944,956,937,889,895,927,936,955,920,1015,988,984,1005,1003,971,969,970,990,1001,986,968,954,985,972,942,970,973,974,1004,1004,927,924,862,926,987,971,939,910,939,908,969,936,951,907,954,999,985,988,969,1052,1081,1055,972,1004,958,954,1038,1024,1002,906,926,983,1022,1051,984,973,1040,1005,1000,957,925,968,958,974,989,904,906,925,904,903,859,856,940,925,938,970,973,952,940,985,986,975,967,986,959,953,910,974,969,989,985,990,984,941,935,973,982,967,954,968,983,952,950,975,921,906,887,858,860,887,890,909,936,972,1015,1005,1055,1015,1016,1054,1034,919,936,959,986,971,938,1002,1067,1016,967,1024,1019,1018,1035,1024,1004,922,984,1051,1039,1040,971,942,1039,990,1037,976,942,953,921,966,976,894,969,1017,1006,986,909,906,1001,955,956,991,985,927,890,893,920,906,887,928,969,1015,999,1018,958,941,905,904,905,859,876,986,976,937,891,903,940,968,937,986,927,958,923,936,1002,1004,972,1024,1049,990,984,939,983,928,952,953,920,846,942,1007,1004,988,909,920,953,968,942,1002,953,950,1019,1040,987,942,987,0.00048828125,0.00966747552403483,0.04433421665162565,0.07077215207809937,0.017304731588544287,0.04007477447008436,0.05258950006967289,0.06595232033165252,0.013810679320049757,0.02883754503951836,0.024724587697601882,0.019749754312653012,0.0283203125,0.0680867891154428,0.0360270834876889,0.0048828125,0.022032254243512652,0.023518739411703703,0.051905008851243405,0.0341098617120566,0.022777155839239456,0.041718768287683256,0.02580047815160724,0.023518739411703703,0.00834375365753665,0.017686299097924643,0.0333750146301466,0.012079411012551739,0.034678283016727936,0.005258950006967289,0.010054326309557618,0.02378085090212094,0.01019561182510796,0.011759369705851851,0.01441877251975918,0.0318844291353799,0.0324624416769427,0.01680141653719263,0.004979511243742954,0.01019561182510796,0.018165112536853784,0.0009765625,0.020132351687586234,0.011759369705851851,0.01019561182510796,0.036812650048771024,0.0501956924839703,0.03676080122015373,0.019457869965987574,0.019918044974971814,0.020967686087484266,0.00834375365753665,0.005524271728019903,0.020320949264340638,0.008400708268596315,0.025012204052472065,0.007437278423695223,0.014778072217208551,0.007042092334890604,0.009765625,0.012506102026236032,0.010918300671385692,0.013566839833447074,0.0029296875,0.06014388316469852,0.013982247132105814,0.0078125,0.005258950006967289,0.004367320268554277,0.008400708268596315,0.019628663322501738,0.010381001770248682,0.001953125,0.011920464468489943,0.005524271728019903,0.004979511243742954,0.004367320268554277,0.00834375365753665,0.010918300671385692,0.01680141653719263,0.005524271728019903,0.014218964627501012,0.009264485332524549,0.010517900013934578,0.013982247132105814,0.007627196949127592,0.008734640537108554,0.0166875073150733,0.004026470337517247,0.009765625,0.012506102026236032,0.005258950006967289,0.009959022487485907,0.02161713244255728,0.01589728573837862,0.006905339660024878,0.029700988917471777,0.006905339660024878,0.005258950006967289,0.027793455997573647,0.0009765625,0.0009765625,0.009264485332524549,0.0021836601342771385,0.006253051013118016,0.007873298582322802,0.003088161777508183,0.0021836601342771385,0.007873298582322802,0.0027621358640099515,0.004367320268554277,0.007873298582322802,0.006176323555016366,0.006905339660024878,0.004367320268554277,0.014517645261053229,0.022140203220223895,0.0065509804028314154,0.0048828125,0.010786485368346935,0.005524271728019903,0.007437278423695223,0.01313830473347042,0.007042092334890604,0.00390625,0.013101960805662831,0.0065509804028314154,0.0048828125,0.0009765625,1,1,0.0
25.0,11.70310115814209,7.0,0.2442263513803482,0.7105291485786438,5.078125,14.28499984741211,12.542082786560059,1.171875,0.3139374852180481,0.021683206781744957,493.0,5252.0,865687.9375,10.653143882751465,0.4418361783027649,1.080436110496521,3.262807607650757,1.5829045878490433e-05,0.0,0.27828115224838257,1016,974,953,890,907,1007,1005,984,952,941,984,972,1023,998,924,974,1004,970,966,921,969,1035,957,984,1019,1005,955,944,956,937,889,895,927,936,955,920,1015,988,984,1005,1003,971,969,970,990,1001,986,968,954,985,972,942,970,973,974,1004,1004,927,924,862,926,987,971,939,910,939,908,969,936,951,907,954,999,985,988,969,1052,1081,1055,972,1004,958,954,1038,1024,1002,906,926,983,1022,1051,984,973,1040,1005,1000,957,925,968,958,974,989,904,906,925,904,903,859,856,940,925,938,970,973,952,940,985,986,975,967,986,959,953,910,974,969,989,985,990,984,941,935,973,982,967,954,968,983,952,950,975,921,906,887,858,860,887,890,909,936,972,1015,1005,1055,1015,1016,1054,1034,919,936,959,986,971,938,1002,1067,1016,967,1024,1019,1018,1035,1024,1004,922,984,1051,1039,1040,971,942,1039,990,1037,976,942,953,921,966,976,894,969,1017,1006,986,909,906,1001,955,956,991,985,927,890,893,920,906,887,928,969,1015,999,1018,958,941,905,904,905,859,876,986,976,937,891,903,940,968,937,986,927,958,923,936,1002,1004,972,1024,1049,990,984,939,983,928,952,953,920,846,942,1007,1004,988,909,920,953,968,942,0.0029296875,0.012352647110032733,0.04496431419227085,0.06666425064795317,0.021126277004671814,0.043858421040792225,0.050931268790645697,0.06641343021843478,0.016716057391234072,0.03066468450802262,0.022545696055889054,0.0170549308560283,0.0234375,0.06952823246612329,0.0318844291353799,0.006253051013118016,0.022714264354712906,0.01953125,0.058675073772655476,0.037378240642587185,0.02638526579317636,0.035814689103305174,0.020600608505594715,0.021945512748285382,0.0041432037960149265,0.01313830473347042,0.02568934851165216,0.0048828125,0.04007477447008436,0.010563138502335907,0.014517645261053229,0.013810679320049757,0.009765625,0.020762003540497363,0.01284467425582608,0.027621358640099514,0.040465526084180976,0.025334222209126653,0.0048828125,0.015746597164645604,0.019628663322501738,0.011430371006562134,0.025390625,0.01441877251975918,0.009212872199274027,0.03618556115947052,0.05245331641404603,0.0341098617120566,0.014517645261053229,0.021417687694786434,0.020531050821902968,0.017953883116064683,0.005940197783494355,0.01760523083722651,0.007627196949127592,0.029700988917471777,0.01516032685181643,0.006905339660024878,0.012732817197661424,0.004979511243742954,0.005694288959809864,0.005258950006967289,0.007109482313750506,0.005940197783494355,0.060712035321756064,0.008734640537108554,0.005258950006967289,0.003521046167445302,0.0021836601342771385,0.015655487833868553,0.014517645261053229,0.010918300671385692,0.005859375,0.009212872199274027,0.009959022487485907,0.0078125,0.00834375365753665,0.0029296875,0.010517900013934578,0.012732817197661424,0.0027621358640099515,0.014218964627501012,0.010054326309557618,0.011134525635733769,0.011134525635733769,0.003088161777508183,0.005940197783494355,0.0126953125,0.007873298582322802,0.007042092334890604,0.010054326309557618,0.007873298582322802,0.011430371006562134,0.0242573092741684,0.013982247132105814,0.007109482313750506,0.03179457147675724,0.005694288959809864,0.0029296875,0.029133659941750583,0.0013810679320049757,0.0009765625,0.009003461384075085,0.0027621358640099515,0.007873298582322802,0.007437278423695223,0.0027621358640099515,0.0029296875,0.008400708268596315,0.003088161777508183,0.0048828125,0.0068359375,0.004979511243742954,0.007437278423695223,0.00390625,0.014084184669781208,0.0224609375,0.007873298582322802,0.00390625,0.009814331661250869,0.0048828125,0.007873298582322802,0.013282686043686957,0.007873298582322802,0.0041432037960149265,0.012732817197661424,0.005694288959809864,0.0048828125,0.0009765625,1,1,0.0
25.0,11.608258247375488,7.0,0.24147112667560577,0.6719952821731567,1.171875,12.968379020690918,12.588254928588867,5.078125,0.30486199259757996,0.021792884916067123,498.0,5069.0,894025.625,10.178714752197266,0.4536668658256531,1.0877681970596313,3.1273117065429688,0.0005638921284116805,0.0,0.2720109224319458,1002,984,969,971,983,968,910,973,1016,974,953,890,907,1007,1005,984,952,941,984,972,1023,998,924,974,1004,970,966,921,969,1035,957,984,1019,1005,955,944,956,937,889,895,927,936,955,920,1015,988,984,1005,1003,971,969,970,990,1001,986,968,954,985,972,942,970,973,974,1004,1004,927,924,862,926,987,971,939,910,939,908,969,936,951,907,954,999,985,988,969,1052,1081,1055,972,1004,958,954,1038,1024,1002,906,926,983,1022,1051,984,973,1040,1005,1000,957,925,968,958,974,989,904,906,925,904,903,859,856,940,925,938,970,973,952,940,985,986,975,967,986,959,953,910,974,969,989,985,990,984,941,935,973,982,967,954,968,983,952,950,975,921,906,887,858,860,887,890,909,936,972,1015,1005,1055,1015,1016,1054,1034,919,936,959,986,971,938,1002,1067,1016,967,1024,1019,1018,1035,1024,1004,922,984,1051,1039,1040,971,942,1039,990,1037,976,942,953,921,966,976,894,969,1017,1006,986,909,906,1001,955,956,991,985,927,890,893,920,906,887,928,969,1015,999,1018,958,941,905,904,905,859,876,986,976,937,891,903,940,968,937,986,927,958,923,936,1002,1004,972,1024,1049,990,984,939,983,928,952,953,920,846,942,0.00341796875,0.01188039556698871,0.04442017740446937,0.0681777721707307,0.02039122365021592,0.04263453115809194,0.05153622969515141,0.0649248833538854,0.014938533731228863,0.029361906989009586,0.02231183527108567,0.01800692276815017,0.021417687694786434,0.07162937820661035,0.030289184412638327,0.008400708268596315,0.024119314521930602,0.018657200365764452,0.06027060204769325,0.0400390625,0.025012204052472065,0.03601384553630034,0.018347943582085875,0.017953883116064683,0.001953125,0.015440808887540914,0.028721564784868637,0.0048828125,0.03618556115947052,0.009765625,0.013810679320049757,0.01760523083722651,0.009264485332524549,0.016253239235442616,0.013879560940968648,0.030414866215619993,0.036916129241085546,0.021484375,0.0029296875,0.010786485368346935,0.013810679320049757,0.012079411012551739,0.021683206358568866,0.01188039556698871,0.01516032685181643,0.031035641761856844,0.049304318599079446,0.037224840922941246,0.014874556847390447,0.022269051271467537,0.021945512748285382,0.023212625632821705,0.012236293052872722,0.013282686043686957,0.007437278423695223,0.0283875817456028,0.018425744398548053,0.010054326309557618,0.011388577919619728,0.0027621358640099515,0.0065509804028314154,0.010563138502335907,0.009814331661250869,0.0009765625,0.06080621123460194,0.012079411012551739,0.005524271728019903,0.0013810679320049757,0.003521046167445302,0.013282686043686957,0.01886055460530075,0.013810679320049757,0.005524271728019903,0.01242961138804478,0.010381001770248682,0.007042092334890604,0.008843149548962322,0.0013810679320049757,0.009212872199274027,0.01188039556698871,0.0041432037960149265,0.015440808887540914,0.010918300671385692,0.01188039556698871,0.009765625,0.001953125,0.0048828125,0.012079411012551739,0.008400708268596315,0.006176323555016366,0.0087890625,0.00834375365753665,0.01179984958358845,0.02458921545315268,0.01284467425582608,0.0087890625,0.0325211441510678,0.005524271728019903,0.0027621358640099515,0.028588439781844624,0.0013810679320049757,0.001953125,0.009003461384075085,0.003521046167445302,0.007437278423695223,0.007109482313750506,0.0027621358640099515,0.0021836601342771385,0.005940197783494355,0.003088161777508183,0.007437278423695223,0.0065509804028314154,0.0048828125,0.009003461384075085,0.003088161777508183,0.01171875,0.021417687694786434,0.009003461384075085,0.0021836601342771385,0.008400708268596315,0.006176323555016366,0.007437278423695223,0.01188039556698871,0.009765625,0.006176323555016366,0.015440808887540914,0.003521046167445302,0.00390625,0.0009765625,1,1,0.0
25.0,11.695022583007812,7.0,0.2506050765514374,0.6766829490661621,1.171875,14.161669731140137,12.629517555236816,5.078125,0.3024440407752991,0.021683206781744957,493.0,5380.0,906900.5625,10.912778854370117,0.44695088267326355,1.1038161516189575,3.2837085723876953,0.0007751325028948486,0.0,0.26386120915412903,952,969,1016,969,1036,1080,1050,954,1002,984,969,971,983,968,910,973,1016,974,953,890,907,1007,1005,984,952,941,984,972,1023,998,924,974,1004,970,966,921,969,1035,957,984,1019,1005,955,944,956,937,889,895,927,936,955,920,1015,988,984,1005,1003,971,969,970,990,1001,986,968,954,985,972,942,970,973,974,1004,1004,927,924,862,926,987,971,939,910,939,908,969,936,951,907,954,999,985,988,969,1052,1081,1055,972,1004,958,954,1038,1024,1002,906,926,983,1022,1051,984,973,1040,1005,1000,957,925,968,958,974,989,904,906,925,904,903,859,856,940,925,938,970,973,952,940,985,986,975,967,986,959,953,910,974,969,989,985,990,984,941,935,973,982,967,954,968,983,952,950,975,921,906,887,858,860,887,890,909,936,972,1015,1005,1055,1015,1016,1054,1034,919,936,959,986,971,938,1002,1067,1016,967,1024,1019,1018,1035,1024,1004,922,984,1051,1039,1040,971,942,1039,990,1037,976,942,953,921,966,976,894,969,1017,1006,986,909,906,1001,955,956,991,985,927,890,893,920,906,887,928,969,1015,999,1018,958,941,905,904,905,859,876,986,976,937,891,903,940,968,937,986,927,958,923,936,1002,1004,972,1024,1049,990,984,0.0,0.005694288959809864,0.03057124187987994,0.08079542496825412,0.032241355506287456,0.04471973883537231,0.05642131572521207,0.05940197783494355,0.0285216442705278,0.03984805813106087,0.013671875,0.005258950006967289,0.0244140625,0.05731847887042652,0.04421574774481161,0.01528562093993997,0.030336376107439583,0.0244140625,0.04673236763283359,0.029035290522106457,0.030289184412638327,0.033332125323976586,0.0283875817456028,0.03014716609459596,0.014218964627501012,0.010918300671385692,0.018528970665049098,0.007627196949127592,0.03889122607761695,0.019773883526676354,0.023212625632821705,0.020692988379313566,0.01878455474772592,0.010381001770248682,0.010517900013934578,0.031081700122733494,0.0302734375,0.013566839833447074,0.007627196949127592,0.003088161777508183,0.007873298582322802,0.016016815885602272,0.019555648822754675,0.013282686043686957,0.021683206358568866,0.030383494504109463,0.05220729064306117,0.03582800064032059,0.0126953125,0.029361906989009586,0.01800692276815017,0.025409398107925172,0.015746597164645604,0.008052940675034493,0.0013810679320049757,0.0224609375,0.011759369705851851,0.013282686043686957,0.008843149548962322,0.00834375365753665,0.010054326309557618,0.003088161777508183,0.01019561182510796,0.007627196949127592,0.061678252635305186,0.009618025197066508,0.009765625,0.007109482313750506,0.004026470337517247,0.01188039556698871,0.017953883116064683,0.009959022487485907,0.001953125,0.014938533731228863,0.004026470337517247,0.003088161777508183,0.007873298582322802,0.005859375,0.006176323555016366,0.013982247132105814,0.009618025197066508,0.017469281074217108,0.013982247132105814,0.013282686043686957,0.0041432037960149265,0.005694288959809864,0.0048828125,0.01171875,0.004367320268554277,0.009814331661250869,0.013282686043686957,0.005940197783494355,0.011920464468489943,0.021945512748285382,0.01179984958358845,0.006905339660024878,0.032638232357555474,0.0027621358640099515,0.0,0.029749113694780893,0.0027621358640099515,0.0021836601342771385,0.009212872199274027,0.003088161777508183,0.005694288959809864,0.007873298582322802,0.004026470337517247,0.0021836601342771385,0.005694288959809864,0.0009765625,0.00834375365753665,0.008734640537108554,0.0013810679320049757,0.013566839833447074,0.005694288959809864,0.008400708268596315,0.02161713244255728,0.011430371006562134,0.003521046167445302,0.00390625,0.0021836601342771385,0.001953125,0.009765625,0.004026470337517247,0.003521046167445302,0.011759369705851851,0.010918300671385692,0.007627196949127592,0.0048828125,1,1,0.0
25.0,11.63251781463623,6.0,0.22929640114307404,0.761276125907898,25.0,19.95460319519043,12.330361366271973,1.171875,0.333121120929718,0.021902013570070267,503.0,6845.0,900247.8125,13.608349800109863,0.43758249282836914,1.7159689664840698,3.6877856254577637,0.0,0.0,0.25995752215385437,959,985,922,942,952,953,919,972,952,969,1016,969,1036,1080,1050,954,1002,984,969,971,983,968,910,973,1016,974,953,890,907,1007,1005,984,952,941,984,972,1023,998,924,974,1004,970,966,921,969,1035,957,984,1019,1005,955,944,956,937,889,895,927,936,955,920,1015,988,984,1005,1003,971,969,970,990,1001,986,968,954,985,972,942,970,973,974,1004,1004,927,924,862,926,987,971,939,910,939,908,969,936,951,907,954,999,985,988,969,1052,1081,1055,972,1004,958,954,1038,1024,1002,906,926,983,1022,1051,984,973,1040,1005,1000,957,925,968,958,974,989,904,906,925,904,903,859,856,940,925,938,970,973,952,940,985,986,975,967,986,959,953,910,974,969,989,985,990,984,941,935,973,982,967,954,968,983,952,950,975,921,906,887,858,860,887,890,909,936,972,1015,1005,1055,1015,1016,1054,1034,919,936,959,986,971,938,1002,1067,1016,967,1024,1019,1018,1035,1024,1004,922,984,1051,1039,1040,971,942,1039,990,1037,976,942,953,921,966,976,894,969,1017,1006,986,909,906,1001,955,956,991,985,927,890,893,920,906,887,928,969,1015,999,1018,958,941,905,904,905,859,876,986,976,937,891,903,940,968,937,986,927,958,923,0.00341796875,0.004367320268554277,0.03907470512449718,0.07817381287574024,0.022798081113142094,0.03521046167445302,0.06298638865858242,0.051248600638288774,0.024954945974962183,0.0363433477850164,0.022032254243512652,0.013028968812623373,0.023478154844084585,0.05363097741307024,0.05249875021763911,0.02489755621871477,0.036773770280786586,0.0333750146301466,0.039257326645003476,0.01953125,0.03975221179110863,0.023478154844084585,0.027500249688142037,0.027413415718004295,0.013601941676937616,0.01886055460530075,0.02652944864688696,0.0029296875,0.03452669830012439,0.0126953125,0.01708286687942959,0.015655487833868553,0.016164985700436375,0.015254393898255184,0.005694288959809864,0.025855863857175247,0.032033631771204545,0.010918300671385692,0.010563138502335907,0.0009765625,0.004979511243742954,0.018347943582085875,0.0192608231673008,0.014680953494504793,0.021683206358568866,0.029700988917471777,0.05027163154778809,0.03670887915861817,0.013810679320049757,0.030835260554388563,0.018165112536853784,0.02580047815160724,0.0166015625,0.0078125,0.0029296875,0.0224609375,0.009264485332524549,0.010054326309557618,0.013282686043686957,0.006176323555016366,0.005940197783494355,0.007873298582322802,0.008734640537108554,0.0027621358640099515,0.05940197783494355,0.008286407592029853,0.005258950006967289,0.005694288959809864,0.004979511243742954,0.016164985700436375,0.013706707859002147,0.005859375,0.004979511243742954,0.01516032685181643,0.001953125,0.005694288959809864,0.009212872199274027,0.008286407592029853,0.008052940675034493,0.01313830473347042,0.010918300671385692,0.019457869965987574,0.013706707859002147,0.010381001770248682,0.005940197783494355,0.004979511243742954,0.005694288959809864,0.012352647110032733,0.0048828125,0.008843149548962322,0.01242961138804478,0.006176323555016366,0.012079411012551739,0.022482157096135425,0.01242961138804478,0.007109482313750506,0.0318844291353799,0.004367320268554277,0.0013810679320049757,0.029313146523053973,0.001953125,0.0013810679320049757,0.009814331661250869,0.004026470337517247,0.0065509804028314154,0.006905339660024878,0.003088161777508183,0.0013810679320049757,0.006905339660024878,0.0,0.008843149548962322,0.009959022487485907,0.0013810679320049757,0.014218964627501012,0.006905339660024878,0.006905339660024878,0.023212625632821705,0.0126953125,0.004979511243742954,0.004979511243742954,0.001953125,0.0021836601342771385,0.013282686043686957,0.003088161777508183,0.0009765625,0.011388577919619728,0.007042092334890604,0.005258950006967289,0.001953125,1,1,0.0
25.0,11.75021743774414,7.0,0.24860826134681702,0.7474330067634583,2.34375,19.121315002441406,12.417552947998047,1.171875,0.32139429450035095,0.02157296985387802,488.0,6408.0,820958.1875,13.131147384643555,0.42999744415283203,1.5403846502304077,3.616955518722534,0.0007838495075702667,0.0,0.2540363371372223,1049,1019,1003,974,957,942,955,970,959,985,922,942,952,953,919,972,952,969,1016,969,1036,1080,1050,954,1002,984,969,971,983,968,910,973,1016,974,953,890,907,1007,1005,984,952,941,984,972,1023,998,924,974,1004,970,966,921,969,1035,957,984,1019,1005,955,944,956,937,889,895,927,936,955,920,1015,988,984,1005,1003,971,969,970,990,1001,986,968,954,985,972,942,970,973,974,1004,1004,927,924,862,926,987,971,939,910,939,908,969,936,951,907,954,999,985,988,969,1052,1081,1055,972,1004,958,954,1038,1024,1002,906,926,983,1022,1051,984,973,1040,1005,1000,957,925,968,958,974,989,904,906,925,904,903,859,856,940,925,938,970,973,952,940,985,986,975,967,986,959,953,910,974,969,989,985,990,984,941,935,973,982,967,954,968,983,952,950,975,921,906,887,858,860,887,890,909,936,972,1015,1005,1055,1015,1016,1054,1034,919,936,959,986,971,938,1002,1067,1016,967,1024,1019,1018,1035,1024,1004,922,984,1051,1039,1040,971,942,1039,990,1037,976,942,953,921,966,976,894,969,1017,1006,986,909,906,1001,955,956,991,985,927,890,893,920,906,887,928,969,1015,999,1018,958,941,905,904,905,859,876,986,976,937,891,0.00146484375,0.008052940675034493,0.028168369339562415,0.07077215207809937,0.025781989809461104,0.04203758447271657,0.05879684852925925,0.05101546049456632,0.0185803687406645,0.03125,0.03406789754396955,0.024647323172117114,0.03294360897154883,0.04324529262789947,0.06192515180659254,0.02652944864688696,0.027964494264211628,0.03389952140177692,0.05112750044026728,0.028738162049926096,0.028920103310470405,0.033969779552590014,0.032122820709762745,0.03618556115947052,0.020531050821902968,0.020108652619115236,0.027010384152225255,0.012506102026236032,0.025202124805788945,0.010563138502335907,0.008734640537108554,0.013879560940968648,0.014906579611790769,0.024119314521930602,0.0027621358640099515,0.02417855156863271,0.02847144479904932,0.00390625,0.016716057391234072,0.008400708268596315,0.010563138502335907,0.01680141653719263,0.021683206358568866,0.009003461384075085,0.021945512748285382,0.024492062898407135,0.04833737762017415,0.03876842429937345,0.013566839833447074,0.03434669022474409,0.013706707859002147,0.021417687694786434,0.012352647110032733,0.009618025197066508,0.0013810679320049757,0.021417687694786434,0.009003461384075085,0.014517645261053229,0.012732817197661424,0.009212872199274027,0.006176323555016366,0.009814331661250869,0.005258950006967289,0.0009765625,0.05912035495181762,0.009212872199274027,0.003521046167445302,0.008052940675034493,0.008400708268596315,0.01760523083722651,0.015746597164645604,0.008052940675034493,0.004367320268554277,0.017304731588544287,0.004367320268554277,0.0041432037960149265,0.005940197783494355,0.007627196949127592,0.004367320268554277,0.01680141653719263,0.014874556847390447,0.022482157096135425,0.01516032685181643,0.008734640537108554,0.0068359375,0.007873298582322802,0.007873298582322802,0.013810679320049757,0.009003461384075085,0.006253051013118016,0.01188039556698871,0.003088161777508183,0.00966747552403483,0.01953125,0.010918300671385692,0.006905339660024878,0.0341796875,0.004026470337517247,0.0021836601342771385,0.027361183058831836,0.001953125,0.0,0.009959022487485907,0.004026470337517247,0.005694288959809864,0.008052940675034493,0.003521046167445302,0.001953125,0.006253051013118016,0.0009765625,0.008734640537108554,0.007873298582322802,0.0009765625,0.01284467425582608,0.005940197783494355,0.007437278423695223,0.020692988379313566,0.013706707859002147,0.006905339660024878,0.003521046167445302,0.003521046167445302,0.003088161777508183,0.014218964627501012,0.001953125,0.003088161777508183,0.009003461384075085,0.005859375,0.006176323555016366,0.0009765625,1,1,0.0
25.0,11.515679359436035,7.0,0.28083935379981995,0.7461701035499573,5.46875,13.701445579528809,12.439934730529785,1.171875,0.3073103725910187,0.021705185994505882,494.0,5252.0,733723.0625,10.631579399108887,0.4118502736091614,1.306142807006836,3.0863847732543945,0.00014231723616831005,0.0,0.2663039565086365,971,973,974,956,1016,1002,1022,1022,1049,1019,1003,974,957,942,955,970,959,985,922,942,952,953,919,972,952,969,1016,969,1036,1080,1050,954,1002,984,969,971,983,968,910,973,1016,974,953,890,907,1007,1005,984,952,941,984,972,1023,998,924,974,1004,970,966,921,969,1035,957,984,1019,1005,955,944,956,937,889,895,927,936,955,920,1015,988,984,1005,1003,971,969,970,990,1001,986,968,954,985,972,942,970,973,974,1004,1004,927,924,862,926,987,971,939,910,939,908,969,936,951,907,954,999,985,988,969,1052,1081,1055,972,1004,958,954,1038,1024,1002,906,926,983,1022,1051,984,973,1040,1005,1000,957,925,968,958,974,989,904,906,925,904,903,859,856,940,925,938,970,973,952,940,985,986,975,967,986,959,953,910,974,969,989,985,990,984,941,935,973,982,967,954,968,983,952,950,975,921,906,887,858,860,887,890,909,936,972,1015,1005,1055,1015,1016,1054,1034,919,936,959,986,971,938,1002,1067,1016,967,1024,1019,1018,1035,1024,1004,922,984,1051,1039,1040,971,942,1039,990,1037,976,942,953,921,966,976,894,969,1017,1006,986,909,906,1001,955,956,991,985,927,890,893,920,906,887,928,969,1015,999,1018,958,941,905,0.00146484375,0.02298555135925746,0.0205078125,0.05770815118239905,0.030835260554388563,0.04421574774481161,0.06828260197817711,0.04014610310760638,0.0300838316420886,0.044248088903160905,0.03670887915861817,0.0244140625,0.04051263381385067,0.04194674139631744,0.05349744501875913,0.015655487833868553,0.027361183058831836,0.026565372087373914,0.04283537538957287,0.024472586105745445,0.03629082846887118,0.02756951994822872,0.027930370402490412,0.02995676103550384,0.014680953494504793,0.015746597164645604,0.022714264354712906,0.0087890625,0.028437929255002024,0.014778072217208551,0.009959022487485907,0.0166015625,0.0126953125,0.026565372087373914,0.0048828125,0.022651198251451565,0.028721564784868637,0.003088161777508183,0.018165112536853784,0.011134525635733769,0.013101960805662831,0.014906579611790769,0.01875915303935405,0.0065509804028314154,0.02489755621871477,0.0242573092741684,0.05206094896586656,0.03585460888805824,0.008734640537108554,0.03192926313334339,0.01528562093993997,0.022269051271467537,0.015254393898255184,0.006905339660024878,0.003088161777508183,0.019652941208494246,0.006253051013118016,0.01313830473347042,0.01516032685181643,0.008052940675034493,0.00390625,0.010381001770248682,0.008843149548962322,0.001953125,0.05635366424317777,0.005694288959809864,0.006253051013118016,0.008400708268596315,0.006176323555016366,0.013982247132105814,0.016630260122975003,0.007873298582322802,0.0029296875,0.013282686043686957,0.0009765625,0.0041432037960149265,0.008734640537108554,0.009264485332524549,0.007873298582322802,0.013601941676937616,0.009959022487485907,0.019628663322501738,0.013879560940968648,0.01179984958358845,0.003521046167445302,0.0068359375,0.007109482313750506,0.015191747252054731,0.006176323555016366,0.005694288959809864,0.009814331661250869,0.006253051013118016,0.008052940675034493,0.019384212149686726,0.013282686043686957,0.0048828125,0.03304477405407936,0.0027621358640099515,0.0021836601342771385,0.027361183058831836,0.0021836601342771385,0.0021836601342771385,0.010054326309557618,0.001953125,0.005694288959809864,0.008734640537108554,0.0048828125,0.003521046167445302,0.005258950006967289,0.0021836601342771385,0.007873298582322802,0.0068359375,0.0021836601342771385,0.01188039556698871,0.007437278423695223,0.005694288959809864,0.02039122365021592,0.015191747252054731,0.008286407592029853,0.0065509804028314154,0.004026470337517247,0.004026470337517247,0.01441877251975918,0.003088161777508183,0.0013810679320049757,0.010786485368346935,0.006905339660024878,0.005940197783494355,0.0009765625,1,1,0.0
25.0,11.684865951538086,7.0,0.22768813371658325,0.8261368870735168,1.171875,13.069907188415527,12.428653717041016,2.34375,0.34939074516296387,0.02108108624815941,466.0,4889.0,616995.8125,10.491415977478027,0.4229211211204529,1.400057315826416,2.951493263244629,0.0001506427361164242,0.0,0.28354889154434204,953,942,895,909,936,967,968,939,971,973,974,956,1016,1002,1022,1022,1049,1019,1003,974,957,942,955,970,959,985,922,942,952,953,919,972,952,969,1016,969,1036,1080,1050,954,1002,984,969,971,983,968,910,973,1016,974,953,890,907,1007,1005,984,952,941,984,972,1023,998,924,974,1004,970,966,921,969,1035,957,984,1019,1005,955,944,956,937,889,895,927,936,955,920,1015,988,984,1005,1003,971,969,970,990,1001,986,968,954,985,972,942,970,973,974,1004,1004,927,924,862,926,987,971,939,910,939,908,969,936,951,907,954,999,985,988,969,1052,1081,1055,972,1004,958,954,1038,1024,1002,906,926,983,1022,1051,984,973,1040,1005,1000,957,925,968,958,974,989,904,906,925,904,903,859,856,940,925,938,970,973,952,940,985,986,975,967,986,959,953,910,974,969,989,985,990,984,941,935,973,982,967,954,968,983,952,950,975,921,906,887,858,860,887,890,909,936,972,1015,1005,1055,1015,1016,1054,1034,919,936,959,986,971,938,1002,1067,1016,967,1024,1019,1018,1035,1024,1004,922,984,1051,1039,1040,971,942,1039,990,1037,976,942,953,921,966,976,894,969,1017,1006,986,909,906,1001,955,956,991,985,927,890,893,920,906,887,0.0029296875,0.01878455474772592,0.020600608505594715,0.062454206856716724,0.03176456243611444,0.04697661512033474,0.06192515180659254,0.046895340638839725,0.026672852116694654,0.04088754182706703,0.042578572962093046,0.03180956538066861,0.04673236763283359,0.03601384553630034,0.05442529216051865,0.007437278423695223,0.027238917345666705,0.020108652619115236,0.037378240642587185,0.019384212149686726,0.04642525126564341,0.01760523083722651,0.01953125,0.020132351687586234,0.009003461384075085,0.007109482313750506,0.015440808887540914,0.02003738723504218,0.019918044974971814,0.01792730444402912,0.0027621358640099515,0.013982247132105814,0.023478154844084585,0.027981540589637505,0.010517900013934578,0.03274034104343791,0.024492062898407135,0.012352647110032733,0.008400708268596315,0.0009765625,0.003521046167445302,0.0224609375,0.02638526579317636,0.013566839833447074,0.01760523083722651,0.017820593350483065,0.046404704572330945,0.040465526084180976,0.010517900013934578,0.03500673501745102,0.015440808887540914,0.02231183527108567,0.0170549308560283,0.001953125,0.008052940675034493,0.017469281074217108,0.005859375,0.00966747552403483,0.014778072217208551,0.005694288959809864,0.0048828125,0.008843149548962322,0.0065509804028314154,0.0009765625,0.05729351618700246,0.005694288959809864,0.006905339660024878,0.009212872199274027,0.005258950006967289,0.012506102026236032,0.015776850020901866,0.006905339660024878,0.0048828125,0.0146484375,0.001953125,0.005258950006967289,0.0087890625,0.006905339660024878,0.004979511243742954,0.01589728573837862,0.013282686043686957,0.022545696055889054,0.012236293052872722,0.009618025197066508,0.0065509804028314154,0.004367320268554277,0.005859375,0.013810679320049757,0.004026470337517247,0.007437278423695223,0.00834375365753665,0.006905339660024878,0.007437278423695223,0.019186408891004394,0.013879560940968648,0.0048828125,0.03304477405407936,0.0027621358640099515,0.0021836601342771385,0.02847144479904932,0.003088161777508183,0.0027621358640099515,0.010381001770248682,0.0021836601342771385,0.004367320268554277,0.008734640537108554,0.003521046167445302,0.0021836601342771385,0.007437278423695223,0.001953125,0.01019561182510796,0.005694288959809864,0.004367320268554277,0.008052940675034493,0.00834375365753665,0.0041432037960149265,0.018165112536853784,0.0185803687406645,0.010918300671385692,0.009765625,0.0041432037960149265,0.005694288959809864,0.010381001770248682,0.0027621358640099515,0.003088161777508183,0.008286407592029853,0.008286407592029853,0.008286407592029853,0.001953125,1,1,0.0
25.0,11.844998359680176,9.0,0.18839475512504578,0.873037576675415,2.34375,10.306952476501465,12.471820831298828,1.171875,0.3782956004142761,0.02096768654882908,461.0,4090.0,634762.625,8.872016906738281,0.4333096444606781,1.0171599388122559,2.681276321411133,0.0006091988761909306,0.0,0.2693398594856262,936,909,911,889,951,941,954,975,953,942,895,909,936,967,968,939,971,973,974,956,1016,1002,1022,1022,1049,1019,1003,974,957,942,955,970,959,985,922,942,952,953,919,972,952,969,1016,969,1036,1080,1050,954,1002,984,969,971,983,968,910,973,1016,974,953,890,907,1007,1005,984,952,941,984,972,1023,998,924,974,1004,970,966,921,969,1035,957,984,1019,1005,955,944,956,937,889,895,927,936,955,920,1015,988,984,1005,1003,971,969,970,990,1001,986,968,954,985,972,942,970,973,974,1004,1004,927,924,862,926,987,971,939,910,939,908,969,936,951,907,954,999,985,988,969,1052,1081,1055,972,1004,958,954,1038,1024,1002,906,926,983,1022,1051,984,973,1040,1005,1000,957,925,968,958,974,989,904,906,925,904,903,859,856,940,925,938,970,973,952,940,985,986,975,967,986,959,953,910,974,969,989,985,990,984,941,935,973,982,967,954,968,983,952,950,975,921,906,887,858,860,887,890,909,936,972,1015,1005,1055,1015,1016,1054,1034,919,936,959,986,971,938,1002,1067,1016,967,1024,1019,1018,1035,1024,1004,922,984,1051,1039,1040,971,942,1039,990,1037,976,942,953,921,966,976,894,969,1017,1006,986,909,906,1001,955,956,0.001953125,0.017953883116064683,0.019236050394133015,0.0643124055704178,0.03419363554689765,0.048238629043861204,0.0656552199764516,0.04283537538957287,0.029652786036501906,0.04212823166039647,0.03813598474563796,0.026672852116694654,0.04207160005573831,0.03430501576220761,0.0594741796038481,0.013101960805662831,0.02039122365021592,0.013566839833447074,0.03989589495276464,0.024119314521930602,0.05097805912553979,0.010918300671385692,0.01589728573837862,0.013282686043686957,0.01188039556698871,0.008843149548962322,0.0166875073150733,0.026565372087373914,0.012732817197661424,0.01708286687942959,0.0048828125,0.007627196949127592,0.024647323172117114,0.021945512748285382,0.005940197783494355,0.0283203125,0.029813159223581537,0.007873298582322802,0.013601941676937616,0.005694288959809864,0.008734640537108554,0.018657200365764452,0.021945512748285382,0.012352647110032733,0.01792730444402912,0.020716018980074635,0.04416179318201177,0.0419921875,0.013101960805662831,0.036916129241085546,0.013810679320049757,0.02108108705558877,0.017469281074217108,0.0021836601342771385,0.010054326309557618,0.01760523083722651,0.006905339660024878,0.009212872199274027,0.013982247132105814,0.006176323555016366,0.005859375,0.00834375365753665,0.007627196949127592,0.001953125,0.05596308117927501,0.003088161777508183,0.007873298582322802,0.0087890625,0.005694288959809864,0.013601941676937616,0.015625,0.006253051013118016,0.004979511243742954,0.015746597164645604,0.001953125,0.00390625,0.008286407592029853,0.008052940675034493,0.005940197783494355,0.015655487833868553,0.013028968812623373,0.021439939843847802,0.012732817197661424,0.009814331661250869,0.005258950006967289,0.0048828125,0.006176323555016366,0.01441877251975918,0.004979511243742954,0.006253051013118016,0.008286407592029853,0.005694288959809864,0.006905339660024878,0.019457869965987574,0.013101960805662831,0.004367320268554277,0.0328130812820536,0.0013810679320049757,0.0009765625,0.028738162049926096,0.0048828125,0.00390625,0.010918300671385692,0.0027621358640099515,0.004026470337517247,0.007873298582322802,0.0027621358640099515,0.0009765625,0.009264485332524549,0.0041432037960149265,0.01284467425582608,0.0048828125,0.005940197783494355,0.007042092334890604,0.009814331661250869,0.0009765625,0.020716018980074635,0.016016815885602272,0.009212872199274027,0.007873298582322802,0.0009765625,0.0013810679320049757,0.01284467425582608,0.0013810679320049757,0.0013810679320049757,0.010054326309557618,0.006253051013118016,0.005258950006967289,0.0009765625,1,1,0.0
25.0,11.86523723602295,6.0,0.19721601903438568,0.8841333985328674,1.171875,12.120832443237305,12.367008209228516,2.34375,0.3767080008983612,0.02087652124464512,457.0,4520.0,693384.5625,9.89059066772461,0.4260759651660919,1.0421950817108154,2.9423816204071045,0.0002729397383518517,0.0,0.2527824640274048,1021,1005,942,952,992,988,953,925,936,909,911,889,951,941,954,975,953,942,895,909,936,967,968,939,971,973,974,956,1016,1002,1022,1022,1049,1019,1003,974,957,942,955,970,959,985,922,942,952,953,919,972,952,969,1016,969,1036,1080,1050,954,1002,984,969,971,983,968,910,973,1016,974,953,890,907,1007,1005,984,952,941,984,972,1023,998,924,974,1004,970,966,921,969,1035,957,984,1019,1005,955,944,956,937,889,895,927,936,955,920,1015,988,984,1005,1003,971,969,970,990,1001,986,968,954,985,972,942,970,973,974,1004,1004,927,924,862,926,987,971,939,910,939,908,969,936,951,907,954,999,985,988,969,1052,1081,1055,972,1004,958,954,1038,1024,1002,906,926,983,1022,1051,984,973,1040,1005,1000,957,925,968,958,974,989,904,906,925,904,903,859,856,940,925,938,970,973,952,940,985,986,975,967,986,959,953,910,974,969,989,985,990,984,941,935,973,982,967,954,968,983,952,950,975,921,906,887,858,860,887,890,909,936,972,1015,1005,1055,1015,1016,1054,1034,919,936,959,986,971,938,1002,1067,1016,967,1024,1019,1018,1035,1024,1004,922,984,1051,1039,1040,971,942,1039,990,1037,976,942,953,921,966,976,894,969,0.0029296875,0.01800692276815017,0.020132351687586234,0.06253051013118016,0.03317439013957623,0.04688517142249142,0.0649248833538854,0.0439453125,0.027793455997573647,0.04203758447271657,0.040618426451338716,0.0285216442705278,0.04412938878005861,0.035761393405469834,0.05765028180916188,0.012236293052872722,0.021836601342771385,0.0170549308560283,0.04217348219079919,0.02568934851165216,0.049909891949924366,0.012236293052872722,0.01824369305885684,0.010381001770248682,0.012732817197661424,0.009618025197066508,0.016105881350068987,0.030586835475323877,0.009003461384075085,0.0170549308560283,0.009003461384075085,0.004367320268554277,0.02417855156863271,0.0185546875,0.0029296875,0.02458921545315268,0.029035290522106457,0.0065509804028314154,0.013282686043686957,0.006176323555016366,0.0068359375,0.019652941208494246,0.02489755621871477,0.014517645261053229,0.015746597164645604,0.01878455474772592,0.04531292093015696,0.04051263381385067,0.010517900013934578,0.03455430861905104,0.016164985700436375,0.022140203220223895,0.015746597164645604,0.0041432037960149265,0.007042092334890604,0.016016815885602272,0.00390625,0.012236293052872722,0.017387200990981306,0.003088161777508183,0.006176323555016366,0.005940197783494355,0.004979511243742954,0.0021836601342771385,0.05715185503281067,0.006253051013118016,0.009765625,0.012352647110032733,0.005694288959809864,0.011759369705851851,0.011759369705851851,0.0009765625,0.008400708268596315,0.019236050394133015,0.005258950006967289,0.0013810679320049757,0.0048828125,0.01179984958358845,0.011388577919619728,0.010918300671385692,0.008734640537108554,0.01875915303935405,0.0170549308560283,0.006905339660024878,0.009959022487485907,0.0013810679320049757,0.0029296875,0.015440808887540914,0.0041432037960149265,0.0068359375,0.005940197783494355,0.007437278423695223,0.007437278423695223,0.01800692276815017,0.01019561182510796,0.007109482313750506,0.029296875,0.0009765625,0.004026470337517247,0.02638526579317636,0.004367320268554277,0.001953125,0.01188039556698871,0.003088161777508183,0.005258950006967289,0.008400708268596315,0.00390625,0.0009765625,0.009212872199274027,0.003521046167445302,0.013101960805662831,0.005258950006967289,0.006176323555016366,0.006253051013118016,0.010054326309557618,0.001953125,0.020132351687586234,0.01760523083722651,0.009765625,0.008286407592029853,0.0009765625,0.0013810679320049757,0.012352647110032733,0.0009765625,0.0021836601342771385,0.0107421875,0.004367320268554277,0.004367320268554277,0.0029296875,1,1,0.0
25.0,11.746447563171387,7.0,0.20351944863796234,0.9080317616462708,1.171875,11.37785816192627,12.211268424987793,2.34375,0.37904486060142517,0.020807886496186256,454.0,4420.0,671504.3125,9.735682487487793,0.4174356758594513,1.078048825263977,2.8476369380950928,0.0006186523823998868,0.0,0.2470804899930954,1006,1000,1001,910,918,953,921,940,1021,1005,942,952,992,988,953,925,936,909,911,889,951,941,954,975,953,942,895,909,936,967,968,939,971,973,974,956,1016,1002,1022,1022,1049,1019,1003,974,957,942,955,970,959,985,922,942,952,953,919,972,952,969,1016,969,1036,1080,1050,954,1002,984,969,971,983,968,910,973,1016,974,953,890,907,1007,1005,984,952,941,984,972,1023,998,924,974,1004,970,966,921,969,1035,957,984,1019,1005,955,944,956,937,889,895,927,936,955,920,1015,988,984,1005,1003,971,969,970,990,1001,986,968,954,985,972,942,970,973,974,1004,1004,927,924,862,926,987,971,939,910,939,908,969,936,951,907,954,999,985,988,969,1052,1081,1055,972,1004,958,954,1038,1024,1002,906,926,983,1022,1051,984,973,1040,1005,1000,957,925,968,958,974,989,904,906,925,904,903,859,856,940,925,938,970,973,952,940,985,986,975,967,986,959,953,910,974,969,989,985,990,984,941,935,973,982,967,954,968,983,952,950,975,921,906,887,858,860,887,890,909,936,972,1015,1005,1055,1015,1016,1054,1034,919,936,959,986,971,938,1002,1067,1016,967,1024,1019,1018,1035,1024,1004,922,984,1051,1039,1040,971,942,1039,990,1037,0.00244140625,0.018347943582085875,0.019457869965987574,0.06207896513794069,0.032285693857063556,0.04632242666262274,0.06398534082375455,0.0445488075310822,0.026868782211323446,0.04138597675862713,0.03986002271866904,0.0283875817456028,0.043891025496570764,0.03554741156875253,0.05902348920414678,0.012079411012551739,0.022269051271467537,0.016716057391234072,0.04107371258752557,0.025559086578715626,0.048317644050206957,0.014680953494504793,0.020600608505594715,0.008734640537108554,0.013282686043686957,0.011759369705851851,0.017953883116064683,0.03314563036811941,0.006905339660024878,0.013566839833447074,0.0087890625,0.0065509804028314154,0.020320949264340638,0.023940723969006372,0.0068359375,0.03014716609459596,0.027930370402490412,0.009264485332524549,0.016370170521718956,0.009814331661250869,0.0126953125,0.011920464468489943,0.01878455474772592,0.019749754312653012,0.009264485332524549,0.018657200365764452,0.04163868282290594,0.04179870031061073,0.00834375365753665,0.027151247606362977,0.020531050821902968,0.025202124805788945,0.010054326309557618,0.01171875,0.012236293052872722,0.009765625,0.007437278423695223,0.006253051013118016,0.013282686043686957,0.006905339660024878,0.008052940675034493,0.010786485368346935,0.009765625,0.003088161777508183,0.05985778484657014,0.008843149548962322,0.006905339660024878,0.014517645261053229,0.009618025197066508,0.00834375365753665,0.013282686043686957,0.0009765625,0.011134525635733769,0.020692988379313566,0.007109482313750506,0.0009765625,0.0068359375,0.01179984958358845,0.009212872199274027,0.012352647110032733,0.011430371006562134,0.019773883526676354,0.01589728573837862,0.009765625,0.008286407592029853,0.004026470337517247,0.0009765625,0.012732817197661424,0.003088161777508183,0.010786485368346935,0.004026470337517247,0.009212872199274027,0.009003461384075085,0.020108652619115236,0.011134525635733769,0.007437278423695223,0.02713367966689415,0.004367320268554277,0.005694288959809864,0.02489755621871477,0.0021836601342771385,0.003088161777508183,0.009264485332524549,0.003521046167445302,0.00390625,0.006905339660024878,0.0009765625,0.0009765625,0.0065509804028314154,0.0013810679320049757,0.010381001770248682,0.007873298582322802,0.007873298582322802,0.0048828125,0.011920464468489943,0.0021836601342771385,0.023518739411703703,0.014218964627501012,0.007042092334890604,0.007042092334890604,0.003088161777508183,0.004367320268554277,0.008734640537108554,0.003088161777508183,0.006253051013118016,0.009959022487485907,0.0013810679320049757,0.004026470337517247,0.005859375,1,1,0.0
25.0,11.676994323730469,6.0,0.20564502477645874,0.8820621967315674,1.171875,11.81661605834961,12.26140022277832,2.34375,0.37228870391845703,0.020784957334399223,453.0,4293.0,663053.3125,9.476820945739746,0.42206627130508423,1.0623607635498047,2.9230427742004395,0.0004310493532102555,0.0,0.2794036269187927,907,895,955,954,969,968,909,940,1006,1000,1001,910,918,953,921,940,1021,1005,942,952,992,988,953,925,936,909,911,889,951,941,954,975,953,942,895,909,936,967,968,939,971,973,974,956,1016,1002,1022,1022,1049,1019,1003,974,957,942,955,970,959,985,922,942,952,953,919,972,952,969,1016,969,1036,1080,1050,954,1002,984,969,971,983,968,910,973,1016,974,953,890,907,1007,1005,984,952,941,984,972,1023,998,924,974,1004,970,966,921,969,1035,957,984,1019,1005,955,944,956,937,889,895,927,936,955,920,1015,988,984,1005,1003,971,969,970,990,1001,986,968,954,985,972,942,970,973,974,1004,1004,927,924,862,926,987,971,939,910,939,908,969,936,951,907,954,999,985,988,969,1052,1081,1055,972,1004,958,954,1038,1024,1002,906,926,983,1022,1051,984,973,1040,1005,1000,957,925,968,958,974,989,904,906,925,904,903,859,856,940,925,938,970,973,952,940,985,986,975,967,986,959,953,910,974,969,989,985,990,984,941,935,973,982,967,954,968,983,952,950,975,921,906,887,858,860,887,890,909,936,972,1015,1005,1055,1015,1016,1054,1034,919,936,959,986,971,938,1002,1067,1016,967,1024,1019,1018,1035,1024,1004,922,984,0.00146484375,0.021506558149946522,0.0009765625,0.052161602972943914,0.028588439781844624,0.02847144479904932,0.058013073204215414,0.06146140225609204,0.029296875,0.053790778726251605,0.0385216463346016,0.014517645261053229,0.03126525506559008,0.03088161777508183,0.06991123566052906,0.009618025197066508,0.03234471711265468,0.024492062898407135,0.040653629485348924,0.029442994983752607,0.04428040644044779,0.01886055460530075,0.021506558149946522,0.006905339660024878,0.019555648822754675,0.013101960805662831,0.017953883116064683,0.02638526579317636,0.012732817197661424,0.021126277004671814,0.013028968812623373,0.0021836601342771385,0.020600608505594715,0.021417687694786434,0.007873298582322802,0.03340357690720131,0.020531050821902968,0.018657200365764452,0.017686299097924643,0.0166015625,0.020762003540497363,0.005940197783494355,0.011048543456039806,0.028721564784868637,0.0027621358640099515,0.019236050394133015,0.045908825287277966,0.03670887915861817,0.006176323555016366,0.022545696055889054,0.017953883116064683,0.0170549308560283,0.007627196949127592,0.011134525635733769,0.014778072217208551,0.01760523083722651,0.009003461384075085,0.008843149548962322,0.014680953494504793,0.005694288959809864,0.005258950006967289,0.007042092334890604,0.006253051013118016,0.0009765625,0.057451430000323156,0.005940197783494355,0.008843149548962322,0.012732817197661424,0.007109482313750506,0.010918300671385692,0.012732817197661424,0.0013810679320049757,0.009003461384075085,0.0185803687406645,0.005694288959809864,0.0027621358640099515,0.005258950006967289,0.011759369705851851,0.010054326309557618,0.011048543456039806,0.0065509804028314154,0.017304731588544287,0.0192608231673008,0.008734640537108554,0.01188039556698871,0.0009765625,0.003088161777508183,0.016105881350068987,0.003521046167445302,0.007873298582322802,0.0041432037960149265,0.007873298582322802,0.006905339660024878,0.01800692276815017,0.009264485332524549,0.00834375365753665,0.026565372087373914,0.004026470337517247,0.0068359375,0.02378085090212094,0.0021836601342771385,0.001953125,0.009003461384075085,0.0009765625,0.003088161777508183,0.007042092334890604,0.0013810679320049757,0.0009765625,0.007437278423695223,0.0021836601342771385,0.011430371006562134,0.005940197783494355,0.0065509804028314154,0.005524271728019903,0.010918300671385692,0.0021836601342771385,0.022140203220223895,0.0146484375,0.0068359375,0.005694288959809864,0.0029296875,0.00390625,0.00966747552403483,0.0027621358640099515,0.006176323555016366,0.009003461384075085,0.0013810679320049757,0.004026470337517247,0.0068359375,1,1,0.0
25.0,11.347502708435059,7.0,0.24793025851249695,0.8164371848106384,2.734375,14.46376895904541,12.121501922607422,5.46875,0.33803409337997437,0.020600607618689537,445.0,5125.0,700411.0625,11.516854286193848,0.4140356481075287,1.2938652038574219,3.263014078140259,0.00015786150470376015,0.0,0.25128665566444397,1033,1007,1018,956,943,958,919,904,907,895,955,954,969,968,909,940,1006,1000,1001,910,918,953,921,940,1021,1005,942,952,992,988,953,925,936,909,911,889,951,941,954,975,953,942,895,909,936,967,968,939,971,973,974,956,1016,1002,1022,1022,1049,1019,1003,974,957,942,955,970,959,985,922,942,952,953,919,972,952,969,1016,969,1036,1080,1050,954,1002,984,969,971,983,968,910,973,1016,974,953,890,907,1007,1005,984,952,941,984,972,1023,998,924,974,1004,970,966,921,969,1035,957,984,1019,1005,955,944,956,937,889,895,927,936,955,920,1015,988,984,1005,1003,971,969,970,990,1001,986,968,954,985,972,942,970,973,974,1004,1004,927,924,862,926,987,971,939,910,939,908,969,936,951,907,954,999,985,988,969,1052,1081,1055,972,1004,958,954,1038,1024,1002,906,926,983,1022,1051,984,973,1040,1005,1000,957,925,968,958,974,989,904,906,925,904,903,859,856,940,925,938,970,973,952,940,985,986,975,967,986,959,953,910,974,969,989,985,990,984,941,935,973,982,967,954,968,983,952,950,975,921,906,887,858,860,887,890,909,936,972,1015,1005,1055,1015,1016,1054,1034,919,936,959,986,971,938,1002,1067,1016,967,0.0029296875,0.024954945974962183,0.003521046167445302,0.049506999436080376,0.0283203125,0.024492062898407135,0.05363097741307024,0.06561162903219073,0.034402177644157296,0.05975413492491545,0.03317439013957623,0.011134525635733769,0.033260520245950005,0.024119314521930602,0.06652104049190001,0.003088161777508183,0.03434669022474409,0.026868782211323446,0.04723979149393681,0.032754902014157074,0.051239295399784786,0.0107421875,0.016016815885602272,0.010517900013934578,0.011759369705851851,0.009264485332524549,0.016630260122975003,0.03451288485756307,0.006905339660024878,0.013810679320049757,0.007627196949127592,0.005258950006967289,0.022140203220223895,0.020320949264340638,0.0009765625,0.027238917345666705,0.021945512748285382,0.014906579611790769,0.01179984958358845,0.014084184669781208,0.01953125,0.009959022487485907,0.0065509804028314154,0.029442994983752607,0.005859375,0.02229045353615884,0.04577360017678893,0.03601384553630034,0.007627196949127592,0.021836601342771385,0.01800692276815017,0.015440808887540914,0.008843149548962322,0.01179984958358845,0.015776850020901866,0.018347943582085875,0.009003461384075085,0.010054326309557618,0.014874556847390447,0.004979511243742954,0.006253051013118016,0.0048828125,0.003088161777508183,0.0021836601342771385,0.05476591755003888,0.004367320268554277,0.005694288959809864,0.012506102026236032,0.010054326309557618,0.007873298582322802,0.012732817197661424,0.0021836601342771385,0.010381001770248682,0.017578125,0.0029296875,0.0048828125,0.007042092334890604,0.011134525635733769,0.011430371006562134,0.009264485332524549,0.004367320268554277,0.016716057391234072,0.02039122365021592,0.004979511243742954,0.010517900013934578,0.001953125,0.0029296875,0.0126953125,0.001953125,0.010054326309557618,0.004026470337517247,0.007873298582322802,0.010054326309557618,0.020132351687586234,0.011048543456039806,0.006176323555016366,0.029133659941750583,0.003521046167445302,0.006905339660024878,0.022798081113142094,0.003521046167445302,0.0029296875,0.007109482313750506,0.001953125,0.0027621358640099515,0.006253051013118016,0.0009765625,0.0027621358640099515,0.004979511243742954,0.0009765625,0.012732817197661424,0.005258950006967289,0.007109482313750506,0.006176323555016366,0.009959022487485907,0.0029296875,0.021484375,0.0166015625,0.006253051013118016,0.004026470337517247,0.004026470337517247,0.0048828125,0.010054326309557618,0.003521046167445302,0.0065509804028314154,0.009264485332524549,0.0,0.00390625,0.0068359375,1,1,0.0
25.0,11.432636260986328,9.0,0.25163769721984863,0.8699787855148315,2.734375,12.9066743850708,12.012469291687012,5.46875,0.34816402196884155,0.0205078125,441.0,4640.0,729289.1875,10.521541595458984,0.4001982808113098,1.027913212776184,3.1051361560821533,0.0006373712094500661,2.734375,0.2378949075937271,956,940,955,973,975,1023,972,1032,1033,1007,1018,956,943,958,919,904,907,895,955,954,969,968,909,940,1006,1000,1001,910,918,953,921,940,1021,1005,942,952,992,988,953,925,936,909,911,889,951,941,954,975,953,942,895,909,936,967,968,939,971,973,974,956,1016,1002,1022,1022,1049,1019,1003,974,957,942,955,970,959,985,922,942,952,953,919,972,952,969,1016,969,1036,1080,1050,954,1002,984,969,971,983,968,910,973,1016,974,953,890,907,1007,1005,984,952,941,984,972,1023,998,924,974,1004,970,966,921,969,1035,957,984,1019,1005,955,944,956,937,889,895,927,936,955,920,1015,988,984,1005,1003,971,969,970,990,1001,986,968,954,985,972,942,970,973,974,1004,1004,927,924,862,926,987,971,939,910,939,908,969,936,951,907,954,999,985,988,969,1052,1081,1055,972,1004,958,954,1038,1024,1002,906,926,983,1022,1051,984,973,1040,1005,1000,957,925,968,958,974,989,904,906,925,904,903,859,856,940,925,938,970,973,952,940,985,986,975,967,986,959,953,910,974,969,989,985,990,984,941,935,973,982,967,954,968,983,952,950,975,921,906,887,858,860,887,890,909,936,972,1015,1005,1055,1015,1016,1054,1034,919,936,0.00048828125,0.029378142493147116,0.007873298582322802,0.043858421040792225,0.024492062898407135,0.02751758360079174,0.05027163154778809,0.062454206856716724,0.03389952140177692,0.055672628178668845,0.035061177873078594,0.013810679320049757,0.03294360897154883,0.027964494264211628,0.06867949598639547,0.006176323555016366,0.034637007521422264,0.027361183058831836,0.04724988438829275,0.03363120187055188,0.05139725533961237,0.010381001770248682,0.016716057391234072,0.011134525635733769,0.0126953125,0.009003461384075085,0.015776850020901866,0.0328276099882258,0.006176323555016366,0.015254393898255184,0.008734640537108554,0.004367320268554277,0.02003738723504218,0.021506558149946522,0.00390625,0.029035290522106457,0.02489755621871477,0.012732817197661424,0.01179984958358845,0.010517900013934578,0.0166015625,0.01284467425582608,0.0041432037960149265,0.029700988917471777,0.010381001770248682,0.026654968874914416,0.04627092867375834,0.03521046167445302,0.010054326309557618,0.023619895746968406,0.0146484375,0.012236293052872722,0.011759369705851851,0.008400708268596315,0.011920464468489943,0.015746597164645604,0.007873298582322802,0.007042092334890604,0.011759369705851851,0.007627196949127592,0.003088161777508183,0.007042092334890604,0.0048828125,0.005258950006967289,0.0522803078684538,0.0021836601342771385,0.006176323555016366,0.010918300671385692,0.011759369705851851,0.005258950006967289,0.013601941676937616,0.005694288959809864,0.01179984958358845,0.0166015625,0.0013810679320049757,0.006905339660024878,0.007873298582322802,0.012506102026236032,0.013706707859002147,0.0068359375,0.005694288959809864,0.018528970665049098,0.01760523083722651,0.005694288959809864,0.009264485332524549,0.001953125,0.0009765625,0.0146484375,0.003521046167445302,0.007627196949127592,0.005258950006967289,0.007627196949127592,0.008052940675034493,0.018961413905222265,0.010054326309557618,0.006905339660024878,0.028721564784868637,0.0009765625,0.004367320268554277,0.024724587697601882,0.005694288959809864,0.003088161777508183,0.005694288959809864,0.003521046167445302,0.003088161777508183,0.007627196949127592,0.003521046167445302,0.0048828125,0.0041432037960149265,0.004026470337517247,0.014938533731228863,0.004367320268554277,0.0078125,0.0078125,0.007437278423695223,0.0048828125,0.021506558149946522,0.016630260122975003,0.005258950006967289,0.004026470337517247,0.0048828125,0.005694288959809864,0.008843149548962322,0.004026470337517247,0.006176323555016366,0.009264485332524549,0.0009765625,0.004026470337517247,0.0068359375,1,1,0.0
25.0,11.46841049194336,8.0,0.2695055902004242,0.8193420767784119,2.734375,13.771764755249023,12.128814697265625,5.46875,0.3289787173271179,0.020297469571232796,432.0,4946.0,665512.25,11.449073791503906,0.4015156924724579,1.2092909812927246,3.131695508956909,1.804402745619882e-05,0.0,0.2650339603424072,959,969,942,924,967,984,936,909,956,940,955,973,975,1023,972,1032,1033,1007,1018,956,943,958,919,904,907,895,955,954,969,968,909,940,1006,1000,1001,910,918,953,921,940,1021,1005,942,952,992,988,953,925,936,909,911,889,951,941,954,975,953,942,895,909,936,967,968,939,971,973,974,956,1016,1002,1022,1022,1049,1019,1003,974,957,942,955,970,959,985,922,942,952,953,919,972,952,969,1016,969,1036,1080,1050,954,1002,984,969,971,983,968,910,973,1016,974,953,890,907,1007,1005,984,952,941,984,972,1023,998,924,974,1004,970,966,921,969,1035,957,984,1019,1005,955,944,956,937,889,895,927,936,955,920,1015,988,984,1005,1003,971,969,970,990,1001,986,968,954,985,972,942,970,973,974,1004,1004,927,924,862,926,987,971,939,910,939,908,969,936,951,907,954,999,985,988,969,1052,1081,1055,972,1004,958,954,1038,1024,1002,906,926,983,1022,1051,984,973,1040,1005,1000,957,925,968,958,974,989,904,906,925,904,903,859,856,940,925,938,970,973,952,940,985,986,975,967,986,959,953,910,974,969,989,985,990,984,941,935,973,982,967,954,968,983,952,950,975,921,906,887,858,860,887,890,909,936,972,1015,0.0009765625,0.0439561618551832,0.021417687694786434,0.033673710253059895,0.01179984958358845,0.041062101643805936,0.05932165058002906,0.051905008851243405,0.021945512748285382,0.055937513639139395,0.04314594147338774,0.001953125,0.03088161777508183,0.016016815885602272,0.061554431677029,0.005694288959809864,0.0283875817456028,0.018425744398548053,0.03986002271866904,0.023940723969006372,0.04130524605968086,0.019749754312653012,0.020899350155305366,0.01313830473347042,0.0166015625,0.0041432037960149265,0.010054326309557618,0.03853402276747824,0.0041432037960149265,0.0107421875,0.0065509804028314154,0.008052940675034493,0.0242573092741684,0.01792730444402912,0.0021836601342771385,0.028588439781844624,0.022269051271467537,0.014517645261053229,0.013810679320049757,0.011759369705851851,0.016253239235442616,0.011920464468489943,0.006176323555016366,0.02777629424478104,0.009003461384075085,0.02638526579317636,0.04458090707231768,0.037695818487536684,0.011759369705851851,0.022140203220223895,0.01528562093993997,0.009814331661250869,0.014680953494504793,0.005940197783494355,0.009765625,0.012079411012551739,0.007627196949127592,0.0041432037960149265,0.009264485332524549,0.010517900013934578,0.004026470337517247,0.006176323555016366,0.00390625,0.006253051013118016,0.05208841934802573,0.004026470337517247,0.0048828125,0.012506102026236032,0.011134525635733769,0.0065509804028314154,0.01284467425582608,0.003521046167445302,0.011388577919619728,0.01824369305885684,0.001953125,0.0065509804028314154,0.007437278423695223,0.011430371006562134,0.012352647110032733,0.009003461384075085,0.004367320268554277,0.01760523083722651,0.019236050394133015,0.0048828125,0.00834375365753665,0.0029296875,0.001953125,0.01188039556698871,0.00390625,0.008286407592029853,0.006905339660024878,0.005940197783494355,0.0065509804028314154,0.01760523083722651,0.009003461384075085,0.00834375365753665,0.02763861659782208,0.0013810679320049757,0.0029296875,0.026294750034836445,0.006905339660024878,0.005258950006967289,0.005694288959809864,0.004979511243742954,0.003088161777508183,0.006905339660024878,0.003088161777508183,0.004367320268554277,0.0048828125,0.0021836601342771385,0.013282686043686957,0.005258950006967289,0.008843149548962322,0.008734640537108554,0.007627196949127592,0.005859375,0.019749754312653012,0.017820593350483065,0.004367320268554277,0.0027621358640099515,0.008052940675034493,0.007437278423695223,0.007042092334890604,0.003088161777508183,0.0041432037960149265,0.007437278423695223,0.001953125,0.004026470337517247,0.009765625,1,1,0.0
25.0,11.793981552124023,8.0,0.21075859665870667,0.8612709045410156,2.34375,11.272197723388672,12.305961608886719,5.46875,0.3652077913284302,0.019604355096817017,403.0,3973.0,560262.25,9.858560562133789,0.42403361201286316,1.0766937732696533,2.864525318145752,7.742784509900957e-05,0.0,0.268411785364151,926,984,926,968,976,967,908,957,959,969,942,924,967,984,936,909,956,940,955,973,975,1023,972,1032,1033,1007,1018,956,943,958,919,904,907,895,955,954,969,968,909,940,1006,1000,1001,910,918,953,921,940,1021,1005,942,952,992,988,953,925,936,909,911,889,951,941,954,975,953,942,895,909,936,967,968,939,971,973,974,956,1016,1002,1022,1022,1049,1019,1003,974,957,942,955,970,959,985,922,942,952,953,919,972,952,969,1016,969,1036,1080,1050,954,1002,984,969,971,983,968,910,973,1016,974,953,890,907,1007,1005,984,952,941,984,972,1023,998,924,974,1004,970,966,921,969,1035,957,984,1019,1005,955,944,956,937,889,895,927,936,955,920,1015,988,984,1005,1003,971,969,970,990,1001,986,968,954,985,972,942,970,973,974,1004,1004,927,924,862,926,987,971,939,910,939,908,969,936,951,907,954,999,985,988,969,1052,1081,1055,972,1004,958,954,1038,1024,1002,906,926,983,1022,1051,984,973,1040,1005,1000,957,925,968,958,974,989,904,906,925,904,903,859,856,940,925,938,970,973,952,940,985,986,975,967,986,959,953,910,974,969,989,985,990,984,941,935,973,982,967,954,968,983,952,950,975,921,906,887,0.00341796875,0.030835260554388563,0.013982247132105814,0.0361328125,0.015746597164645604,0.03756910949545184,0.049042498162069216,0.04416179318201177,0.0170549308560283,0.045908825287277966,0.05532034780573651,0.011759369705851851,0.028985980624327792,0.00966747552403483,0.058013073204215414,0.016630260122975003,0.020692988379313566,0.006176323555016366,0.027759121881937295,0.023478154844084585,0.03828573395295441,0.023640075072090243,0.0146484375,0.019918044974971814,0.007627196949127592,0.007042092334890604,0.01760523083722651,0.03500673501745102,0.008734640537108554,0.016105881350068987,0.011134525635733769,0.005694288959809864,0.019773883526676354,0.02229045353615884,0.0021836601342771385,0.024492062898407135,0.02039122365021592,0.017304731588544287,0.013810679320049757,0.01284467425582608,0.017387200990981306,0.011759369705851851,0.006905339660024878,0.02756951994822872,0.007873298582322802,0.025947910655442233,0.04316803926816473,0.03930588241698849,0.013810679320049757,0.020531050821902968,0.016858082521125067,0.007042092334890604,0.017387200990981306,0.0013810679320049757,0.008286407592029853,0.009003461384075085,0.01242961138804478,0.006176323555016366,0.013601941676937616,0.00834375365753665,0.006905339660024878,0.0048828125,0.005524271728019903,0.003088161777508183,0.05472236611766367,0.0,0.008286407592029853,0.009765625,0.014680953494504793,0.0048828125,0.011920464468489943,0.005940197783494355,0.008052940675034493,0.016016815885602272,0.003521046167445302,0.0027621358640099515,0.0068359375,0.008734640537108554,0.010563138502335907,0.010563138502335907,0.0009765625,0.017387200990981306,0.020132351687586234,0.003088161777508183,0.006253051013118016,0.005694288959809864,0.0027621358640099515,0.01516032685181643,0.005694288959809864,0.005694288959809864,0.005524271728019903,0.008286407592029853,0.0078125,0.01953125,0.011134525635733769,0.006176323555016366,0.028721564784868637,0.0021836601342771385,0.004979511243742954,0.024954945974962183,0.006253051013118016,0.003521046167445302,0.0068359375,0.004979511243742954,0.004026470337517247,0.005694288959809864,0.0029296875,0.0041432037960149265,0.005694288959809864,0.0009765625,0.011920464468489943,0.006905339660024878,0.011759369705851851,0.009212872199274027,0.006253051013118016,0.009212872199274027,0.021836601342771385,0.016016815885602272,0.0009765625,0.006253051013118016,0.007042092334890604,0.00390625,0.012732817197661424,0.0041432037960149265,0.008286407592029853,0.010517900013934578,0.00390625,0.006253051013118016,0.00390625,1,1,0.0
25.0,12.269006729125977,7.0,0.1850215494632721,0.6928226351737976,3.90625,11.975876808166504,13.613865852355957,5.46875,0.3335467576980591,0.01868274062871933,366.0,3529.0,428079.75,9.64207649230957,0.4814316928386688,1.099719524383545,2.9577133655548096,0.0010458019096404314,0.0,0.29466649889945984,975,990,1005,985,1001,974,987,958,926,984,926,968,976,967,908,957,959,969,942,924,967,984,936,909,956,940,955,973,975,1023,972,1032,1033,1007,1018,956,943,958,919,904,907,895,955,954,969,968,909,940,1006,1000,1001,910,918,953,921,940,1021,1005,942,952,992,988,953,925,936,909,911,889,951,941,954,975,953,942,895,909,936,967,968,939,971,973,974,956,1016,1002,1022,1022,1049,1019,1003,974,957,942,955,970,959,985,922,942,952,953,919,972,952,969,1016,969,1036,1080,1050,954,1002,984,969,971,983,968,910,973,1016,974,953,890,907,1007,1005,984,952,941,984,972,1023,998,924,974,1004,970,966,921,969,1035,957,984,1019,1005,955,944,956,937,889,895,927,936,955,920,1015,988,984,1005,1003,971,969,970,990,1001,986,968,954,985,972,942,970,973,974,1004,1004,927,924,862,926,987,971,939,910,939,908,969,936,951,907,954,999,985,988,969,1052,1081,1055,972,1004,958,954,1038,1024,1002,906,926,983,1022,1051,984,973,1040,1005,1000,957,925,968,958,974,989,904,906,925,904,903,859,856,940,925,938,970,973,952,940,985,986,975,967,986,959,953,910,974,969,989,985,990,984,941,935,973,982,967,954,0.00341796875,0.02315091717017519,0.01589728573837862,0.03819845159298427,0.01878455474772592,0.04239901044158674,0.04841623146968961,0.037314400731528904,0.011759369705851851,0.048010736536257245,0.05996125559769044,0.013810679320049757,0.03549371454177001,0.0021836601342771385,0.051202057534837225,0.017304731588544287,0.01760523083722651,0.009959022487485907,0.03149319432929121,0.027621358640099514,0.04203758447271657,0.019186408891004394,0.015625,0.015746597164645604,0.011388577919619728,0.0041432037960149265,0.014218964627501012,0.037378240642587185,0.006905339660024878,0.012506102026236032,0.008400708268596315,0.004979511243742954,0.020132351687586234,0.021836601342771385,0.003088161777508183,0.026565372087373914,0.02229045353615884,0.016105881350068987,0.013101960805662831,0.012079411012551739,0.01875915303935405,0.010381001770248682,0.007042092334890604,0.027930370402490412,0.007437278423695223,0.02568934851165216,0.04239901044158674,0.04163868282290594,0.01589728573837862,0.022798081113142094,0.014680953494504793,0.008843149548962322,0.0170549308560283,0.005258950006967289,0.010918300671385692,0.011134525635733769,0.011920464468489943,0.0068359375,0.012236293052872722,0.007627196949127592,0.004367320268554277,0.005258950006967289,0.003088161777508183,0.004367320268554277,0.053932426841734674,0.003088161777508183,0.007873298582322802,0.009264485332524549,0.012732817197661424,0.0027621358640099515,0.015440808887540914,0.007873298582322802,0.009765625,0.011759369705851851,0.004367320268554277,0.0048828125,0.004979511243742954,0.008052940675034493,0.006905339660024878,0.013879560940968648,0.0029296875,0.019457869965987574,0.01953125,0.006253051013118016,0.004367320268554277,0.005694288959809864,0.0013810679320049757,0.015440808887540914,0.0048828125,0.007873298582322802,0.0048828125,0.0065509804028314154,0.007873298582322802,0.0185803687406645,0.009212872199274027,0.007873298582322802,0.02763861659782208,0.001953125,0.0041432037960149265,0.02638526579317636,0.005940197783494355,0.004026470337517247,0.006176323555016366,0.004979511243742954,0.004026470337517247,0.006176323555016366,0.0029296875,0.003088161777508183,0.006176323555016366,0.0009765625,0.011134525635733769,0.008843149548962322,0.012732817197661424,0.010054326309557618,0.004367320268554277,0.010381001770248682,0.023478154844084585,0.014517645261053229,0.001953125,0.007109482313750506,0.0048828125,0.0027621358640099515,0.011430371006562134,0.003521046167445302,0.008052940675034493,0.009618025197066508,0.0021836601342771385,0.0041432037960149265,0.0068359375,1,1,0.0
25.0,12.184393882751465,9.0,0.17413891851902008,0.7209557890892029,25.0,11.34133243560791,13.566539764404297,3.90625,0.34597596526145935,0.01875915378332138,369.0,3770.0,439425.125,10.216802597045898,0.47988513112068176,1.2360656261444092,2.8446555137634277,0.0010347813367843628,0.0,0.2899286448955536,967,983,985,969,1006,924,935,952,975,990,1005,985,1001,974,987,958,926,984,926,968,976,967,908,957,959,969,942,924,967,984,936,909,956,940,955,973,975,1023,972,1032,1033,1007,1018,956,943,958,919,904,907,895,955,954,969,968,909,940,1006,1000,1001,910,918,953,921,940,1021,1005,942,952,992,988,953,925,936,909,911,889,951,941,954,975,953,942,895,909,936,967,968,939,971,973,974,956,1016,1002,1022,1022,1049,1019,1003,974,957,942,955,970,959,985,922,942,952,953,919,972,952,969,1016,969,1036,1080,1050,954,1002,984,969,971,983,968,910,973,1016,974,953,890,907,1007,1005,984,952,941,984,972,1023,998,924,974,1004,970,966,921,969,1035,957,984,1019,1005,955,944,956,937,889,895,927,936,955,920,1015,988,984,1005,1003,971,969,970,990,1001,986,968,954,985,972,942,970,973,974,1004,1004,927,924,862,926,987,971,939,910,939,908,969,936,951,907,954,999,985,988,969,1052,1081,1055,972,1004,958,954,1038,1024,1002,906,926,983,1022,1051,984,973,1040,1005,1000,957,925,968,958,974,989,904,906,925,904,903,859,856,940,925,938,970,973,952,940,985,986,975,967,986,959,953,910,974,969,989,985,0.0029296875,0.0242573092741684,0.01528562093993997,0.037390995545071574,0.019384212149686726,0.041524007080994726,0.04756170180424188,0.037186392118476116,0.012732817197661424,0.048100040453221686,0.05912035495181762,0.014938533731228863,0.03496584724603156,0.003088161777508183,0.051905008851243405,0.016716057391234072,0.017820593350483065,0.0087890625,0.030586835475323877,0.029035290522106457,0.0436404354912194,0.016164985700436375,0.013982247132105814,0.013028968812623373,0.014218964627501012,0.00390625,0.010381001770248682,0.04051263381385067,0.007873298582322802,0.010054326309557618,0.00834375365753665,0.0013810679320049757,0.015191747252054731,0.027361183058831836,0.006905339660024878,0.020531050821902968,0.0166875073150733,0.020320949264340638,0.018425744398548053,0.009003461384075085,0.013982247132105814,0.01589728573837862,0.003521046167445302,0.030835260554388563,0.003088161777508183,0.026294750034836445,0.037160737481329,0.04306850990468739,0.017469281074217108,0.02638526579317636,0.011048543456039806,0.01179984958358845,0.014517645261053229,0.004367320268554277,0.007437278423695223,0.009003461384075085,0.011920464468489943,0.006253051013118016,0.013101960805662831,0.007627196949127592,0.005859375,0.006905339660024878,0.005258950006967289,0.0065509804028314154,0.0522803078684538,0.003521046167445302,0.005258950006967289,0.010381001770248682,0.010786485368346935,0.004026470337517247,0.016370170521718956,0.007873298582322802,0.011759369705851851,0.011134525635733769,0.005258950006967289,0.005694288959809864,0.005524271728019903,0.008400708268596315,0.005694288959809864,0.014874556847390447,0.00390625,0.020600608505594715,0.017304731588544287,0.007873298582322802,0.005859375,0.004026470337517247,0.0013810679320049757,0.014517645261053229,0.004026470337517247,0.006905339660024878,0.006905339660024878,0.00834375365753665,0.006905339660024878,0.0192608231673008,0.010918300671385692,0.006905339660024878,0.027361183058831836,0.003521046167445302,0.0041432037960149265,0.027151247606362977,0.007627196949127592,0.005258950006967289,0.0048828125,0.005694288959809864,0.004979511243742954,0.004979511243742954,0.0009765625,0.0027621358640099515,0.005258950006967289,0.0009765625,0.01284467425582608,0.007109482313750506,0.010786485368346935,0.009264485332524549,0.006905339660024878,0.009814331661250869,0.02231183527108567,0.015440808887540914,0.001953125,0.009003461384075085,0.006176323555016366,0.0013810679320049757,0.013706707859002147,0.004979511243742954,0.00834375365753665,0.010918300671385692,0.0013810679320049757,0.0021836601342771385,0.0078125,1,1,0.0
25.78125,12.329591751098633,9.0,0.17621548473834991,0.7130100131034851,25.0,10.841700553894043,13.682097434997559,3.90625,0.34288570284843445,0.01870824582874775,367.0,3665.0,428581.875,9.98637580871582,0.48089882731437683,1.2787857055664062,2.778759479522705,0.0007653224165551364,0.0,0.28835204243659973,999,985,927,910,923,954,967,957,967,983,985,969,1006,924,935,952,975,990,1005,985,1001,974,987,958,926,984,926,968,976,967,908,957,959,969,942,924,967,984,936,909,956,940,955,973,975,1023,972,1032,1033,1007,1018,956,943,958,919,904,907,895,955,954,969,968,909,940,1006,1000,1001,910,918,953,921,940,1021,1005,942,952,992,988,953,925,936,909,911,889,951,941,954,975,953,942,895,909,936,967,968,939,971,973,974,956,1016,1002,1022,1022,1049,1019,1003,974,957,942,955,970,959,985,922,942,952,953,919,972,952,969,1016,969,1036,1080,1050,954,1002,984,969,971,983,968,910,973,1016,974,953,890,907,1007,1005,984,952,941,984,972,1023,998,924,974,1004,970,966,921,969,1035,957,984,1019,1005,955,944,956,937,889,895,927,936,955,920,1015,988,984,1005,1003,971,969,970,990,1001,986,968,954,985,972,942,970,973,974,1004,1004,927,924,862,926,987,971,939,910,939,908,969,936,951,907,954,999,985,988,969,1052,1081,1055,972,1004,958,954,1038,1024,1002,906,926,983,1022,1051,984,973,1040,1005,1000,957,925,968,958,974,989,904,906,925,904,903,859,856,940,925,938,970,973,952,940,985,986,975,967,0.00244140625,0.025633603024231812,0.013982247132105814,0.03837281778200879,0.020531050821902968,0.040618426451338716,0.045939974556012016,0.03676080122015373,0.01284467425582608,0.04789140560640324,0.060531121942623965,0.014938533731228863,0.0369677602163041,0.004026470337517247,0.054276145435899426,0.014680953494504793,0.020132351687586234,0.005940197783494355,0.026565372087373914,0.029361906989009586,0.04559616222628419,0.014218964627501012,0.012352647110032733,0.009212872199274027,0.017304731588544287,0.005258950006967289,0.007873298582322802,0.043552935783159684,0.011920464468489943,0.0126953125,0.011759369705851851,0.003521046167445302,0.014906579611790769,0.025465634395322848,0.004979511243742954,0.023640075072090243,0.018425744398548053,0.01760523083722651,0.01589728573837862,0.011134525635733769,0.014084184669781208,0.013982247132105814,0.003088161777508183,0.03144773864864183,0.0027621358640099515,0.02489755621871477,0.03625138904935661,0.043891025496570764,0.01878455474772592,0.02777629424478104,0.010517900013934578,0.012732817197661424,0.012732817197661424,0.004367320268554277,0.007627196949127592,0.009212872199274027,0.012506102026236032,0.006253051013118016,0.012732817197661424,0.006905339660024878,0.006253051013118016,0.0065509804028314154,0.005524271728019903,0.005694288959809864,0.05146215674318515,0.0027621358640099515,0.005524271728019903,0.010918300671385692,0.010381001770248682,0.003521046167445302,0.016716057391234072,0.007873298582322802,0.01171875,0.012236293052872722,0.00390625,0.005940197783494355,0.0048828125,0.008734640537108554,0.005859375,0.01516032685181643,0.004026470337517247,0.020716018980074635,0.01760523083722651,0.007873298582322802,0.006253051013118016,0.004026470337517247,0.0009765625,0.013566839833447074,0.0048828125,0.0068359375,0.0065509804028314154,0.008400708268596315,0.007627196949127592,0.019773883526676354,0.010786485368346935,0.0078125,0.027361183058831836,0.003521046167445302,0.004026470337517247,0.027203883353875233,0.006905339660024878,0.004367320268554277,0.006176323555016366,0.005694288959809864,0.004979511243742954,0.00390625,0.0029296875,0.0013810679320049757,0.0048828125,0.003521046167445302,0.01528562093993997,0.005524271728019903,0.0087890625,0.006176323555016366,0.009264485332524549,0.009765625,0.020967686087484266,0.01528562093993997,0.0041432037960149265,0.010918300671385692,0.003088161777508183,0.003521046167445302,0.010786485368346935,0.005258950006967289,0.0048828125,0.0078125,0.0027621358640099515,0.005940197783494355,0.0048828125,1,1,0.0
25.0,12.090771675109863,9.0,0.17732392251491547,0.7177965641021729,5.46875,11.311358451843262,13.447171211242676,3.90625,0.34376248717308044,0.01880992203950882,371.0,3842.0,452837.28125,10.355794906616211,0.4789135754108429,1.2437682151794434,2.83886981010437,0.0005263711791485548,0.0,0.2931351363658905,973,1007,1004,968,987,968,971,990,999,985,927,910,923,954,967,957,967,983,985,969,1006,924,935,952,975,990,1005,985,1001,974,987,958,926,984,926,968,976,967,908,957,959,969,942,924,967,984,936,909,956,940,955,973,975,1023,972,1032,1033,1007,1018,956,943,958,919,904,907,895,955,954,969,968,909,940,1006,1000,1001,910,918,953,921,940,1021,1005,942,952,992,988,953,925,936,909,911,889,951,941,954,975,953,942,895,909,936,967,968,939,971,973,974,956,1016,1002,1022,1022,1049,1019,1003,974,957,942,955,970,959,985,922,942,952,953,919,972,952,969,1016,969,1036,1080,1050,954,1002,984,969,971,983,968,910,973,1016,974,953,890,907,1007,1005,984,952,941,984,972,1023,998,924,974,1004,970,966,921,969,1035,957,984,1019,1005,955,944,956,937,889,895,927,936,955,920,1015,988,984,1005,1003,971,969,970,990,1001,986,968,954,985,972,942,970,973,974,1004,1004,927,924,862,926,987,971,939,910,939,908,969,936,951,907,954,999,985,988,969,1052,1081,1055,972,1004,958,954,1038,1024,1002,906,926,983,1022,1051,984,973,1040,1005,1000,957,925,968,958,974,989,904,906,925,904,903,859,856,940,925,938,0.0029296875,0.024020261477048523,0.014938533731228863,0.0361328125,0.01933495104806966,0.03843489971514537,0.04498551877453524,0.037160737481329,0.014218964627501012,0.047681857873959774,0.06149242770090299,0.015254393898255184,0.03803582440263759,0.006905339660024878,0.056446664127415724,0.015625,0.020692988379313566,0.00390625,0.025781989809461104,0.03232997140087275,0.04789140560640324,0.013671875,0.015254393898255184,0.012732817197661424,0.014517645261053229,0.004367320268554277,0.008843149548962322,0.04209426184033654,0.010918300671385692,0.009264485332524549,0.010381001770248682,0.005859375,0.011388577919619728,0.027621358640099514,0.0068359375,0.024724587697601882,0.01953125,0.013282686043686957,0.010918300671385692,0.013879560940968648,0.016572815184059706,0.014680953494504793,0.0027621358640099515,0.034938562148434216,0.0021836601342771385,0.024433585943743757,0.0324624416769427,0.0441185820237364,0.01824369305885684,0.028185292362620726,0.013810679320049757,0.009959022487485907,0.016630260122975003,0.0021836601342771385,0.009618025197066508,0.012236293052872722,0.009765625,0.004026470337517247,0.012732817197661424,0.008052940675034493,0.007873298582322802,0.008400708268596315,0.006905339660024878,0.005859375,0.0517578125,0.0027621358640099515,0.006176323555016366,0.010054326309557618,0.010786485368346935,0.004367320268554277,0.015746597164645604,0.008052940675034493,0.01171875,0.011134525635733769,0.00390625,0.0041432037960149265,0.0041432037960149265,0.009814331661250869,0.004367320268554277,0.016716057391234072,0.0048828125,0.02161713244255728,0.017469281074217108,0.007873298582322802,0.006905339660024878,0.004367320268554277,0.0009765625,0.014517645261053229,0.003088161777508183,0.008052940675034493,0.007042092334890604,0.008843149548962322,0.0068359375,0.020716018980074635,0.01179984958358845,0.008052940675034493,0.026002982335340524,0.003088161777508183,0.003088161777508183,0.026057937625246747,0.005524271728019903,0.0048828125,0.005940197783494355,0.006253051013118016,0.005859375,0.004367320268554277,0.0027621358640099515,0.0013810679320049757,0.005859375,0.003521046167445302,0.015191747252054731,0.005694288959809864,0.0078125,0.006905339660024878,0.009003461384075085,0.010786485368346935,0.022032254243512652,0.01589728573837862,0.006176323555016366,0.011388577919619728,0.0021836601342771385,0.004367320268554277,0.010563138502335907,0.003088161777508183,0.005258950006967289,0.009212872199274027,0.001953125,0.0048828125,0.005859375,1,1,0.0
25.0,12.105118751525879,8.0,0.1904534250497818,0.7005109190940857,5.46875,12.172771453857422,13.551352500915527,3.90625,0.33348578214645386,0.018911050632596016,375.0,3965.0,468157.625,10.573333740234375,0.47606077790260315,1.1867704391479492,2.9452383518218994,0.0007484251982532442,0.0,0.2906869053840637,1018,957,904,908,971,968,955,903,973,1007,1004,968,987,968,971,990,999,985,927,910,923,954,967,957,967,983,985,969,1006,924,935,952,975,990,1005,985,1001,974,987,958,926,984,926,968,976,967,908,957,959,969,942,924,967,984,936,909,956,940,955,973,975,1023,972,1032,1033,1007,1018,956,943,958,919,904,907,895,955,954,969,968,909,940,1006,1000,1001,910,918,953,921,940,1021,1005,942,952,992,988,953,925,936,909,911,889,951,941,954,975,953,942,895,909,936,967,968,939,971,973,974,956,1016,1002,1022,1022,1049,1019,1003,974,957,942,955,970,959,985,922,942,952,953,919,972,952,969,1016,969,1036,1080,1050,954,1002,984,969,971,983,968,910,973,1016,974,953,890,907,1007,1005,984,952,941,984,972,1023,998,924,974,1004,970,966,921,969,1035,957,984,1019,1005,955,944,956,937,889,895,927,936,955,920,1015,988,984,1005,1003,971,969,970,990,1001,986,968,954,985,972,942,970,973,974,1004,1004,927,924,862,926,987,971,939,910,939,908,969,936,951,907,954,999,985,988,969,1052,1081,1055,972,1004,958,954,1038,1024,1002,906,926,983,1022,1051,984,973,1040,1005,1000,957,925,968,958,974,989,904,906,0.00244140625,0.02378085090212094,0.029378142493147116,0.028437929255002024,0.02003738723504218,0.026002982335340524,0.03179457147675724,0.0283875817456028,0.011134525635733769,0.060080423497156345,0.049071658306254345,0.007873298582322802,0.029361906989009586,0.005859375,0.046589298601080326,0.014517645261053229,0.0234375,0.011134525635733769,0.02378085090212094,0.03180956538066861,0.04999580365691486,0.009003461384075085,0.01792730444402912,0.011134525635733769,0.015440808887540914,0.003088161777508183,0.01188039556698871,0.04120121701118943,0.010054326309557618,0.00966747552403483,0.011430371006562134,0.0065509804028314154,0.013101960805662831,0.025390625,0.0048828125,0.02161713244255728,0.01760523083722651,0.017820593350483065,0.013879560940968648,0.010381001770248682,0.020899350155305366,0.009618025197066508,0.009003461384075085,0.03582800064032059,0.0087890625,0.020692988379313566,0.025781989809461104,0.048317644050206957,0.019628663322501738,0.028738162049926096,0.021439939843847802,0.0021836601342771385,0.021945512748285382,0.010918300671385692,0.015440808887540914,0.01589728573837862,0.013706707859002147,0.010054326309557618,0.01875915303935405,0.0021836601342771385,0.0021836601342771385,0.006253051013118016,0.0013810679320049757,0.003521046167445302,0.052932930597139265,0.0048828125,0.003088161777508183,0.01313830473347042,0.009959022487485907,0.0013810679320049757,0.013101960805662831,0.0048828125,0.012352647110032733,0.011430371006562134,0.007042092334890604,0.006905339660024878,0.0078125,0.007437278423695223,0.008400708268596315,0.0146484375,0.004367320268554277,0.022482157096135425,0.016572815184059706,0.008734640537108554,0.007627196949127592,0.003521046167445302,0.0009765625,0.013982247132105814,0.004979511243742954,0.007437278423695223,0.006176323555016366,0.007042092334890604,0.006905339660024878,0.01875915303935405,0.011920464468489943,0.006176323555016366,0.025633603024231812,0.005524271728019903,0.0013810679320049757,0.027010384152225255,0.005524271728019903,0.0,0.009618025197066508,0.010381001770248682,0.009814331661250869,0.0029296875,0.0021836601342771385,0.005940197783494355,0.00390625,0.0009765625,0.010918300671385692,0.009264485332524549,0.009618025197066508,0.00834375365753665,0.01284467425582608,0.011920464468489943,0.021506558149946522,0.015440808887540914,0.00834375365753665,0.011134525635733769,0.0009765625,0.004979511243742954,0.010517900013934578,0.004026470337517247,0.007437278423695223,0.009264485332524549,0.0013810679320049757,0.0048828125,0.005859375,1,1,0.0
27.34375,12.297947883605957,7.0,0.18397153913974762,0.5298040509223938,25.0,14.065773010253906,14.78759479522705,3.515625,0.2826082110404968,0.01834794320166111,353.0,3785.0,388361.9375,10.722379684448242,0.5334202647209167,1.288291335105896,3.2062387466430664,0.0005524007137864828,0.0,0.3053262233734131,1019,959,966,910,954,1001,990,1022,1018,957,904,908,971,968,955,903,973,1007,1004,968,987,968,971,990,999,985,927,910,923,954,967,957,967,983,985,969,1006,924,935,952,975,990,1005,985,1001,974,987,958,926,984,926,968,976,967,908,957,959,969,942,924,967,984,936,909,956,940,955,973,975,1023,972,1032,1033,1007,1018,956,943,958,919,904,907,895,955,954,969,968,909,940,1006,1000,1001,910,918,953,921,940,1021,1005,942,952,992,988,953,925,936,909,911,889,951,941,954,975,953,942,895,909,936,967,968,939,971,973,974,956,1016,1002,1022,1022,1049,1019,1003,974,957,942,955,970,959,985,922,942,952,953,919,972,952,969,1016,969,1036,1080,1050,954,1002,984,969,971,983,968,910,973,1016,974,953,890,907,1007,1005,984,952,941,984,972,1023,998,924,974,1004,970,966,921,969,1035,957,984,1019,1005,955,944,956,937,889,895,927,936,955,920,1015,988,984,1005,1003,971,969,970,990,1001,986,968,954,985,972,942,970,973,974,1004,1004,927,924,862,926,987,971,939,910,939,908,969,936,951,907,954,999,985,988,969,1052,1081,1055,972,1004,958,954,1038,1024,1002,906,926,983,1022,1051,984,973,1040,1005,1000,0.00048828125,0.02638526579317636,0.0325211441510678,0.027964494264211628,0.023457836229422487,0.02376079113397742,0.03149319432929121,0.025202124805788945,0.008843149548962322,0.06055474999190428,0.04929464634423423,0.008734640537108554,0.029765137996344084,0.0048828125,0.046925835065367044,0.014084184669781208,0.0234375,0.010786485368346935,0.023457836229422487,0.03152346170228315,0.0517578125,0.006905339660024878,0.018961413905222265,0.011430371006562134,0.014517645261053229,0.0048828125,0.013601941676937616,0.041718768287683256,0.012236293052872722,0.011388577919619728,0.016716057391234072,0.010054326309557618,0.017304731588544287,0.021506558149946522,0.005524271728019903,0.020132351687586234,0.013101960805662831,0.02315091717017519,0.017578125,0.010517900013934578,0.027930370402490412,0.009003461384075085,0.014680953494504793,0.04280196679845923,0.013601941676937616,0.02489755621871477,0.027500249688142037,0.04120121701118943,0.013982247132105814,0.021945512748285382,0.018961413905222265,0.008052940675034493,0.015440808887540914,0.008286407592029853,0.009003461384075085,0.009959022487485907,0.012236293052872722,0.006176323555016366,0.014218964627501012,0.006905339660024878,0.006176323555016366,0.008286407592029853,0.003521046167445302,0.003521046167445302,0.05472236611766367,0.0021836601342771385,0.0009765625,0.013810679320049757,0.007873298582322802,0.0013810679320049757,0.014680953494504793,0.005258950006967289,0.012352647110032733,0.011759369705851851,0.005940197783494355,0.005859375,0.006253051013118016,0.00834375365753665,0.006176323555016366,0.014218964627501012,0.004979511243742954,0.020132351687586234,0.018528970665049098,0.00834375365753665,0.007109482313750506,0.0021836601342771385,0.003088161777508183,0.01188039556698871,0.007437278423695223,0.005694288959809864,0.003521046167445302,0.004367320268554277,0.00390625,0.019236050394133015,0.01528562093993997,0.008052940675034493,0.0244140625,0.004367320268554277,0.0021836601342771385,0.02510734400816883,0.004026470337517247,0.0021836601342771385,0.009003461384075085,0.008400708268596315,0.007873298582322802,0.0029296875,0.0021836601342771385,0.004026470337517247,0.0048828125,0.0009765625,0.011759369705851851,0.0087890625,0.00834375365753665,0.007109482313750506,0.012732817197661424,0.012079411012551739,0.022032254243512652,0.014938533731228863,0.0048828125,0.011759369705851851,0.0027621358640099515,0.005258950006967289,0.00834375365753665,0.0021836601342771385,0.005694288959809864,0.010918300671385692,0.0048828125,0.0013810679320049757,0.009765625,1,1,0.0
26.171875,12.141335487365723,8.0,0.1870202124118805,0.5461486577987671,25.0,14.345916748046875,14.357751846313477,3.515625,0.2871702015399933,0.018373914062976837,354.0,3845.0,403792.09375,10.861581802368164,0.5258095860481262,1.224522352218628,3.2435121536254883,2.2059472030377947e-05,0.0,0.30909067392349243,969,952,971,986,1040,1024,984,991,1019,959,966,910,954,1001,990,1022,1018,957,904,908,971,968,955,903,973,1007,1004,968,987,968,971,990,999,985,927,910,923,954,967,957,967,983,985,969,1006,924,935,952,975,990,1005,985,1001,974,987,958,926,984,926,968,976,967,908,957,959,969,942,924,967,984,936,909,956,940,955,973,975,1023,972,1032,1033,1007,1018,956,943,958,919,904,907,895,955,954,969,968,909,940,1006,1000,1001,910,918,953,921,940,1021,1005,942,952,992,988,953,925,936,909,911,889,951,941,954,975,953,942,895,909,936,967,968,939,971,973,974,956,1016,1002,1022,1022,1049,1019,1003,974,957,942,955,970,959,985,922,942,952,953,919,972,952,969,1016,969,1036,1080,1050,954,1002,984,969,971,983,968,910,973,1016,974,953,890,907,1007,1005,984,952,941,984,972,1023,998,924,974,1004,970,966,921,969,1035,957,984,1019,1005,955,944,956,937,889,895,927,936,955,920,1015,988,984,1005,1003,971,969,970,990,1001,986,968,954,985,972,942,970,973,974,1004,1004,927,924,862,926,987,971,939,910,939,908,969,936,951,907,954,999,985,988,969,1052,1081,1055,972,1004,958,954,1038,1024,1002,906,926,0.00341796875,0.02417855156863271,0.030649130520459405,0.026565372087373914,0.021506558149946522,0.022777155839239456,0.02847144479904932,0.0244140625,0.009814331661250869,0.0629030582624528,0.04655858375414147,0.011430371006562134,0.0322265625,0.004026470337517247,0.04723979149393681,0.012732817197661424,0.022651198251451565,0.008052940675034493,0.02580047815160724,0.029035290522106457,0.048563737340454514,0.00966747552403483,0.019555648822754675,0.01019561182510796,0.017387200990981306,0.007873298582322802,0.01680141653719263,0.04230894340319232,0.01589728573837862,0.015655487833868553,0.01953125,0.009814331661250869,0.020967686087484266,0.023619895746968406,0.00966747552403483,0.016716057391234072,0.01313830473347042,0.0166015625,0.01284467425582608,0.009618025197066508,0.021945512748285382,0.005524271728019903,0.01313830473347042,0.037224840922941246,0.015625,0.021439939843847802,0.020531050821902968,0.044538102542935075,0.014517645261053229,0.016105881350068987,0.023047702580480365,0.015776850020901866,0.009003461384075085,0.010381001770248682,0.0029296875,0.010054326309557618,0.007437278423695223,0.001953125,0.014084184669781208,0.010517900013934578,0.010517900013934578,0.0126953125,0.004367320268554277,0.003521046167445302,0.053932426841734674,0.009212872199274027,0.005524271728019903,0.009814331661250869,0.013601941676937616,0.004367320268554277,0.014680953494504793,0.008286407592029853,0.0107421875,0.0126953125,0.0021836601342771385,0.007873298582322802,0.0065509804028314154,0.005694288959809864,0.007873298582322802,0.013101960805662831,0.004367320268554277,0.019773883526676354,0.0185546875,0.009003461384075085,0.007042092334890604,0.0021836601342771385,0.001953125,0.0126953125,0.0065509804028314154,0.007873298582322802,0.005524271728019903,0.006905339660024878,0.006253051013118016,0.019186408891004394,0.013028968812623373,0.006176323555016366,0.023518739411703703,0.007627196949127592,0.0021836601342771385,0.023212625632821705,0.0013810679320049757,0.0048828125,0.0078125,0.007873298582322802,0.004979511243742954,0.003521046167445302,0.0021836601342771385,0.00390625,0.0021836601342771385,0.001953125,0.009618025197066508,0.010786485368346935,0.010563138502335907,0.008052940675034493,0.013982247132105814,0.013982247132105814,0.024647323172117114,0.013601941676937616,0.003521046167445302,0.011759369705851851,0.004367320268554277,0.0068359375,0.0068359375,0.0013810679320049757,0.005940197783494355,0.011388577919619728,0.004367320268554277,0.0009765625,0.009765625,1,1,0.0
26.953125,12.336881637573242,7.0,0.18601159751415253,0.5428091287612915,25.0,17.358434677124023,14.542214393615723,3.515625,0.2863869071006775,0.01808619126677513,343.0,4149.0,386024.90625,12.096209526062012,0.5276014804840088,1.3603278398513794,3.5613510608673096,0.0011145229218527675,0.0,0.3338117003440857,972,1003,976,918,905,971,984,984,969,952,971,986,1040,1024,984,991,1019,959,966,910,954,1001,990,1022,1018,957,904,908,971,968,955,903,973,1007,1004,968,987,968,971,990,999,985,927,910,923,954,967,957,967,983,985,969,1006,924,935,952,975,990,1005,985,1001,974,987,958,926,984,926,968,976,967,908,957,959,969,942,924,967,984,936,909,956,940,955,973,975,1023,972,1032,1033,1007,1018,956,943,958,919,904,907,895,955,954,969,968,909,940,1006,1000,1001,910,918,953,921,940,1021,1005,942,952,992,988,953,925,936,909,911,889,951,941,954,975,953,942,895,909,936,967,968,939,971,973,974,956,1016,1002,1022,1022,1049,1019,1003,974,957,942,955,970,959,985,922,942,952,953,919,972,952,969,1016,969,1036,1080,1050,954,1002,984,969,971,983,968,910,973,1016,974,953,890,907,1007,1005,984,952,941,984,972,1023,998,924,974,1004,970,966,921,969,1035,957,984,1019,1005,955,944,956,937,889,895,927,936,955,920,1015,988,984,1005,1003,971,969,970,990,1001,986,968,954,985,972,942,970,973,974,1004,1004,927,924,862,926,987,971,939,910,939,908,969,936,951,907,954,999,985,988,969,1052,1081,1055,972,0.00048828125,0.02003738723504218,0.03066468450802262,0.02157297073669387,0.020692988379313566,0.0170549308560283,0.025559086578715626,0.019236050394133015,0.007627196949127592,0.0602389473175435,0.05191419476563286,0.013101960805662831,0.03340357690720131,0.005258950006967289,0.049042498162069216,0.016858082521125067,0.022651198251451565,0.013282686043686957,0.022140203220223895,0.03527810911755555,0.05281569251167953,0.009003461384075085,0.01727715430952552,0.010054326309557618,0.01708286687942959,0.001953125,0.01589728573837862,0.037390995545071574,0.012732817197661424,0.012352647110032733,0.02209708691207961,0.016630260122975003,0.025353037081537442,0.018657200365764452,0.013706707859002147,0.009959022487485907,0.00834375365753665,0.01680141653719263,0.005524271728019903,0.01760523083722651,0.014517645261053229,0.0126953125,0.012352647110032733,0.030383494504109463,0.021035800027869155,0.017953883116064683,0.0126953125,0.048828125,0.01800692276815017,0.009814331661250869,0.025781989809461104,0.024433585943743757,0.0021836601342771385,0.011134525635733769,0.01284467425582608,0.019749754312653012,0.003521046167445302,0.010054326309557618,0.022798081113142094,0.003088161777508183,0.0021836601342771385,0.004367320268554277,0.005524271728019903,0.0065509804028314154,0.05310381298563486,0.0009765625,0.0029296875,0.01680141653719263,0.008400708268596315,0.004367320268554277,0.009003461384075085,0.00390625,0.016716057391234072,0.006905339660024878,0.005694288959809864,0.006905339660024878,0.003521046167445302,0.008843149548962322,0.010786485368346935,0.009765625,0.003088161777508183,0.02108108705558877,0.016105881350068987,0.009264485332524549,0.006905339660024878,0.003088161777508183,0.001953125,0.012079411012551739,0.0065509804028314154,0.008052940675034493,0.006176323555016366,0.006905339660024878,0.006905339660024878,0.01800692276815017,0.012732817197661424,0.006176323555016366,0.022798081113142094,0.008286407592029853,0.004367320268554277,0.021506558149946522,0.0021836601342771385,0.005940197783494355,0.005940197783494355,0.006905339660024878,0.006905339660024878,0.0009765625,0.0021836601342771385,0.004979511243742954,0.003521046167445302,0.0013810679320049757,0.011134525635733769,0.007873298582322802,0.00834375365753665,0.006176323555016366,0.011759369705851851,0.011388577919619728,0.021836601342771385,0.014906579611790769,0.005859375,0.011134525635733769,0.0029296875,0.00390625,0.01019561182510796,0.004026470337517247,0.004026470337517247,0.009765625,0.006253051013118016,0.0009765625,0.01171875,1,1,0.0
25.0,12.011957168579102,6.0,0.21027660369873047,0.5222641229629517,25.0,15.259536743164062,14.448184967041016,3.515625,0.27094128727912903,0.0179804228246212,339.0,3805.0,406402.78125,11.224188804626465,0.5187820792198181,1.286777138710022,3.452336072921753,2.3031392629491165e-05,0.0,0.3083431124687195,986,970,975,987,975,984,908,951,972,1003,976,918,905,971,984,984,969,952,971,986,1040,1024,984,991,1019,959,966,910,954,1001,990,1022,1018,957,904,908,971,968,955,903,973,1007,1004,968,987,968,971,990,999,985,927,910,923,954,967,957,967,983,985,969,1006,924,935,952,975,990,1005,985,1001,974,987,958,926,984,926,968,976,967,908,957,959,969,942,924,967,984,936,909,956,940,955,973,975,1023,972,1032,1033,1007,1018,956,943,958,919,904,907,895,955,954,969,968,909,940,1006,1000,1001,910,918,953,921,940,1021,1005,942,952,992,988,953,925,936,909,911,889,951,941,954,975,953,942,895,909,936,967,968,939,971,973,974,956,1016,1002,1022,1022,1049,1019,1003,974,957,942,955,970,959,985,922,942,952,953,919,972,952,969,1016,969,1036,1080,1050,954,1002,984,969,971,983,968,910,973,1016,974,953,890,907,1007,1005,984,952,941,984,972,1023,998,924,974,1004,970,966,921,969,1035,957,984,1019,1005,955,944,956,937,889,895,927,936,955,920,1015,988,984,1005,1003,971,969,970,990,1001,986,968,954,985,972,942,970,973,974,1004,1004,927,924,862,926,987,971,939,910,939,908,969,936,951,907,954,0.0029296875,0.013101960805662831,0.03676080122015373,0.009765625,0.02847144479904932,0.011920464468489943,0.029700988917471777,0.015191747252054731,0.0029296875,0.05014817217370222,0.058283684810065524,0.005258950006967289,0.024158822025103478,0.011920464468489943,0.04089920232689829,0.010918300671385692,0.028588439781844624,0.0068359375,0.023619895746968406,0.029035290522106457,0.04642525126564341,0.010054326309557618,0.02003738723504218,0.011920464468489943,0.015440808887540914,0.008400708268596315,0.012079411012551739,0.04271274946997859,0.01179984958358845,0.009959022487485907,0.015746597164645604,0.013982247132105814,0.021484375,0.01284467425582608,0.014906579611790769,0.013028968812623373,0.0021836601342771385,0.023619895746968406,0.007042092334890604,0.02568934851165216,0.01188039556698871,0.020531050821902968,0.0170549308560283,0.025465634395322848,0.029700988917471777,0.023518739411703703,0.017578125,0.04398869386545003,0.014778072217208551,0.0041432037960149265,0.01953125,0.022269051271467537,0.00834375365753665,0.004979511243742954,0.010563138502335907,0.016105881350068987,0.004979511243742954,0.0065509804028314154,0.017953883116064683,0.0048828125,0.0048828125,0.0078125,0.0021836601342771385,0.0029296875,0.051767024533978793,0.003521046167445302,0.0029296875,0.013706707859002147,0.007109482313750506,0.001953125,0.012352647110032733,0.001953125,0.015440808887540914,0.0065509804028314154,0.007873298582322802,0.003088161777508183,0.0,0.011388577919619728,0.009765625,0.00834375365753665,0.003521046167445302,0.019555648822754675,0.016253239235442616,0.010786485368346935,0.007873298582322802,0.0041432037960149265,0.003088161777508183,0.010918300671385692,0.007437278423695223,0.0078125,0.005940197783494355,0.006176323555016366,0.005694288959809864,0.01878455474772592,0.014084184669781208,0.006253051013118016,0.0242573092741684,0.007437278423695223,0.003088161777508183,0.022798081113142094,0.0009765625,0.006176323555016366,0.0065509804028314154,0.006253051013118016,0.0048828125,0.00390625,0.007437278423695223,0.009212872199274027,0.006253051013118016,0.006176323555016366,0.013879560940968648,0.007437278423695223,0.004979511243742954,0.007437278423695223,0.007873298582322802,0.008734640537108554,0.02003738723504218,0.015776850020901866,0.007627196949127592,0.005940197783494355,0.0068359375,0.005258950006967289,0.009264485332524549,0.0048828125,0.007873298582322802,0.013810679320049757,0.004979511243742954,0.0021836601342771385,0.0087890625,1,1,0.0
27.34375,12.269400596618652,7.0,0.189396932721138,0.48503509163856506,25.0,15.02139949798584,14.91586971282959,3.90625,0.2647553086280823,0.01735975407063961,316.0,3562.0,334296.4375,11.272151947021484,0.5458477735519409,1.2676156759262085,3.3404221534729004,0.0008897676598280668,0.0,0.32618674635887146,989,942,940,893,1001,974,943,920,986,970,975,987,975,984,908,951,972,1003,976,918,905,971,984,984,969,952,971,986,1040,1024,984,991,1019,959,966,910,954,1001,990,1022,1018,957,904,908,971,968,955,903,973,1007,1004,968,987,968,971,990,999,985,927,910,923,954,967,957,967,983,985,969,1006,924,935,952,975,990,1005,985,1001,974,987,958,926,984,926,968,976,967,908,957,959,969,942,924,967,984,936,909,956,940,955,973,975,1023,972,1032,1033,1007,1018,956,943,958,919,904,907,895,955,954,969,968,909,940,1006,1000,1001,910,918,953,921,940,1021,1005,942,952,992,988,953,925,936,909,911,889,951,941,954,975,953,942,895,909,936,967,968,939,971,973,974,956,1016,1002,1022,1022,1049,1019,1003,974,957,942,955,970,959,985,922,942,952,953,919,972,952,969,1016,969,1036,1080,1050,954,1002,984,969,971,983,968,910,973,1016,974,953,890,907,1007,1005,984,952,941,984,972,1023,998,924,974,1004,970,966,921,969,1035,957,984,1019,1005,955,944,956,937,889,895,927,936,955,920,1015,988,984,1005,1003,971,969,970,990,1001,986,968,954,985,972,942,970,973,974,1004,1004,927,924,862,926,987,971,939,0.001953125,0.018165112536853784,0.029749113694780893,0.013810679320049757,0.023478154844084585,0.007109482313750506,0.025781989809461104,0.009003461384075085,0.008052940675034493,0.045908825287277966,0.0626980504659161,0.005940197783494355,0.0192608231673008,0.014938533731228863,0.03837281778200879,0.007873298582322802,0.027010384152225255,0.005694288959809864,0.02489755621871477,0.028985980624327792,0.046895340638839725,0.009765625,0.019236050394133015,0.010381001770248682,0.01708286687942959,0.009264485332524549,0.01171875,0.04515479695975348,0.009959022487485907,0.006176323555016366,0.01760523083722651,0.01760523083722651,0.025409398107925172,0.013601941676937616,0.016164985700436375,0.010517900013934578,0.005694288959809864,0.02039122365021592,0.008286407592029853,0.022798081113142094,0.0170549308560283,0.022269051271467537,0.014517645261053229,0.01953125,0.032754902014157074,0.025633603024231812,0.020531050821902968,0.04207160005573831,0.013566839833447074,0.0065509804028314154,0.014938533731228863,0.016630260122975003,0.009003461384075085,0.007042092334890604,0.005694288959809864,0.014778072217208551,0.0009765625,0.010054326309557618,0.023457836229422487,0.001953125,0.0009765625,0.004979511243742954,0.003521046167445302,0.0021836601342771385,0.05449533761056135,0.004979511243742954,0.0021836601342771385,0.010563138502335907,0.009264485332524549,0.001953125,0.013810679320049757,0.0021836601342771385,0.0166875073150733,0.007042092334890604,0.008734640537108554,0.0041432037960149265,0.0013810679320049757,0.01179984958358845,0.011430371006562134,0.007109482313750506,0.0041432037960149265,0.020132351687586234,0.015440808887540914,0.009212872199274027,0.006176323555016366,0.004026470337517247,0.0027621358640099515,0.013282686043686957,0.005694288959809864,0.006905339660024878,0.00390625,0.005940197783494355,0.003088161777508183,0.021035800027869155,0.0126953125,0.005940197783494355,0.026939676219011176,0.0107421875,0.005940197783494355,0.019236050394133015,0.003088161777508183,0.006905339660024878,0.005524271728019903,0.006905339660024878,0.0078125,0.0029296875,0.0041432037960149265,0.0048828125,0.003521046167445302,0.007873298582322802,0.010381001770248682,0.013671875,0.0013810679320049757,0.007042092334890604,0.0013810679320049757,0.0048828125,0.01886055460530075,0.014938533731228863,0.011134525635733769,0.005258950006967289,0.012352647110032733,0.011388577919619728,0.004026470337517247,0.003521046167445302,0.009212872199274027,0.008400708268596315,0.006905339660024878,0.004979511243742954,0.0146484375,1,1,0.0
28.125,12.346067428588867,7.0,0.18762706220149994,0.4287164509296417,25.0,20.065855026245117,15.42324161529541,3.90625,0.2437696009874344,0.01722186803817749,311.0,4122.0,353967.03125,13.254019737243652,0.5686033368110657,1.3236994743347168,3.8487401008605957,0.00040155602619051933,0.0,0.31103795766830444,955,985,954,952,984,988,919,984,989,942,940,893,1001,974,943,920,986,970,975,987,975,984,908,951,972,1003,976,918,905,971,984,984,969,952,971,986,1040,1024,984,991,1019,959,966,910,954,1001,990,1022,1018,957,904,908,971,968,955,903,973,1007,1004,968,987,968,971,990,999,985,927,910,923,954,967,957,967,983,985,969,1006,924,935,952,975,990,1005,985,1001,974,987,958,926,984,926,968,976,967,908,957,959,969,942,924,967,984,936,909,956,940,955,973,975,1023,972,1032,1033,1007,1018,956,943,958,919,904,907,895,955,954,969,968,909,940,1006,1000,1001,910,918,953,921,940,1021,1005,942,952,992,988,953,925,936,909,911,889,951,941,954,975,953,942,895,909,936,967,968,939,971,973,974,956,1016,1002,1022,1022,1049,1019,1003,974,957,942,955,970,959,985,922,942,952,953,919,972,952,969,1016,969,1036,1080,1050,954,1002,984,969,971,983,968,910,973,1016,974,953,890,907,1007,1005,984,952,941,984,972,1023,998,924,974,1004,970,966,921,969,1035,957,984,1019,1005,955,944,956,937,889,895,927,936,955,920,1015,988,984,1005,1003,971,969,970,990,1001,986,968,954,985,972,942,970,973,974,1004,0.00341796875,0.020692988379313566,0.027361183058831836,0.016370170521718956,0.021683206358568866,0.0027621358640099515,0.025633603024231812,0.009003461384075085,0.009814331661250869,0.04386929188518789,0.06176323555016366,0.0029296875,0.020531050821902968,0.011388577919619728,0.04336641271713773,0.012236293052872722,0.02638526579317636,0.010054326309557618,0.020132351687586234,0.0316291694154329,0.0412127887617367,0.013601941676937616,0.02458921545315268,0.01680141653719263,0.010517900013934578,0.007627196949127592,0.010054326309557618,0.03792282781044453,0.01171875,0.01313830473347042,0.01708286687942959,0.011134525635733769,0.01760523083722651,0.011759369705851851,0.0170549308560283,0.012732817197661424,0.0065509804028314154,0.01760523083722651,0.0013810679320049757,0.018165112536853784,0.016630260122975003,0.015440808887540914,0.007627196949127592,0.018165112536853784,0.03179457147675724,0.0244140625,0.021683206358568866,0.04438796163032622,0.015254393898255184,0.011134525635733769,0.009264485332524549,0.012352647110032733,0.01179984958358845,0.009814331661250869,0.006253051013118016,0.016858082521125067,0.0021836601342771385,0.011430371006562134,0.024119314521930602,0.0009765625,0.0,0.0048828125,0.004367320268554277,0.001953125,0.05507847129767021,0.005694288959809864,0.004026470337517247,0.01019561182510796,0.008286407592029853,0.004367320268554277,0.013879560940968648,0.0013810679320049757,0.019186408891004394,0.004979511243742954,0.007042092334890604,0.006253051013118016,0.001953125,0.010786485368346935,0.007627196949127592,0.009003461384075085,0.004979511243742954,0.020132351687586234,0.01441877251975918,0.008286407592029853,0.00390625,0.004979511243742954,0.0068359375,0.01727715430952552,0.0027621358640099515,0.006176323555016366,0.003088161777508183,0.0048828125,0.001953125,0.024119314521930602,0.009765625,0.003088161777508183,0.025633603024231812,0.0107421875,0.006176323555016366,0.020600608505594715,0.0013810679320049757,0.005940197783494355,0.0048828125,0.005258950006967289,0.007109482313750506,0.0013810679320049757,0.0013810679320049757,0.003521046167445302,0.0013810679320049757,0.007109482313750506,0.007042092334890604,0.016630260122975003,0.00390625,0.009212872199274027,0.0021836601342771385,0.006176323555016366,0.020692988379313566,0.014084184669781208,0.011134525635733769,0.009003461384075085,0.010563138502335907,0.011134525635733769,0.004026470337517247,0.0009765625,0.0048828125,0.009618025197066508,0.0065509804028314154,0.0009765625,0.0107421875,1,1,0.0
28.90625,12.464189529418945,7.0,0.20120877027511597,0.4449092149734497,25.0,21.063344955444336,15.557416915893555,3.90625,0.2459597885608673,0.016829773783683777,297.0,4000.0,328933.15625,13.468013763427734,0.5528314113616943,1.257466197013855,3.9415407180786133,0.001287610037252307,0.0,0.2857116162776947,988,985,970,956,990,982,971,974,955,985,954,952,984,988,919,984,989,942,940,893,1001,974,943,920,986,970,975,987,975,984,908,951,972,1003,976,918,905,971,984,984,969,952,971,986,1040,1024,984,991,1019,959,966,910,954,1001,990,1022,1018,957,904,908,971,968,955,903,973,1007,1004,968,987,968,971,990,999,985,927,910,923,954,967,957,967,983,985,969,1006,924,935,952,975,990,1005,985,1001,974,987,958,926,984,926,968,976,967,908,957,959,969,942,924,967,984,936,909,956,940,955,973,975,1023,972,1032,1033,1007,1018,956,943,958,919,904,907,895,955,954,969,968,909,940,1006,1000,1001,910,918,953,921,940,1021,1005,942,952,992,988,953,925,936,909,911,889,951,941,954,975,953,942,895,909,936,967,968,939,971,973,974,956,1016,1002,1022,1022,1049,1019,1003,974,957,942,955,970,959,985,922,942,952,953,919,972,952,969,1016,969,1036,1080,1050,954,1002,984,969,971,983,968,910,973,1016,974,953,890,907,1007,1005,984,952,941,984,972,1023,998,924,974,1004,970,966,921,969,1035,957,984,1019,1005,955,944,956,937,889,895,927,936,955,920,1015,988,984,1005,1003,971,969,970,990,1001,986,968,0.00146484375,0.023619895746968406,0.024492062898407135,0.016630260122975003,0.024119314521930602,0.004367320268554277,0.029264304812054096,0.011920464468489943,0.006905339660024878,0.04630183434035038,0.06093155269455663,0.004979511243742954,0.020320949264340638,0.01284467425582608,0.04107371258752557,0.009765625,0.025559086578715626,0.010381001770248682,0.019773883526676354,0.03451288485756307,0.04200354134298158,0.015440808887540914,0.026057937625246747,0.018347943582085875,0.009618025197066508,0.008286407592029853,0.0107421875,0.037109375,0.01242961138804478,0.013028968812623373,0.016016815885602272,0.010517900013934578,0.0185803687406645,0.011134525635733769,0.01589728573837862,0.01284467425582608,0.005694288959809864,0.020132351687586234,0.0009765625,0.01953125,0.015191747252054731,0.013706707859002147,0.005694288959809864,0.01800692276815017,0.031387028671851946,0.024492062898407135,0.02315091717017519,0.042578572962093046,0.014906579611790769,0.012732817197661424,0.010381001770248682,0.01179984958358845,0.009264485332524549,0.009003461384075085,0.007873298582322802,0.014906579611790769,0.0009765625,0.009765625,0.0242573092741684,0.0041432037960149265,0.0021836601342771385,0.0048828125,0.005940197783494355,0.0021836601342771385,0.05476591755003888,0.006176323555016366,0.004979511243742954,0.01179984958358845,0.006905339660024878,0.0029296875,0.012732817197661424,0.001953125,0.01760523083722651,0.005694288959809864,0.007873298582322802,0.005859375,0.001953125,0.008734640537108554,0.0065509804028314154,0.010918300671385692,0.005859375,0.020132351687586234,0.013810679320049757,0.00834375365753665,0.0027621358640099515,0.005694288959809864,0.005694288959809864,0.01680141653719263,0.0021836601342771385,0.005940197783494355,0.003088161777508183,0.0048828125,0.0021836601342771385,0.022482157096135425,0.010517900013934578,0.004367320268554277,0.02627660946694084,0.011134525635733769,0.006905339660024878,0.020600608505594715,0.0029296875,0.006253051013118016,0.006176323555016366,0.005524271728019903,0.007109482313750506,0.0013810679320049757,0.003088161777508183,0.004026470337517247,0.0009765625,0.007109482313750506,0.006905339660024878,0.016105881350068987,0.004026470337517247,0.01019561182510796,0.0029296875,0.006905339660024878,0.020531050821902968,0.013601941676937616,0.012079411012551739,0.008400708268596315,0.011134525635733769,0.010918300671385692,0.0041432037960149265,0.0009765625,0.0048828125,0.008843149548962322,0.006253051013118016,0.0,0.0107421875,1,1,0.0
28.515625,12.49420166015625,7.0,0.2045009583234787,0.4763312041759491,25.0,20.004802703857422,15.329718589782715,3.90625,0.256663978099823,0.01688634417951107,299.0,3893.0,323075.6875,13.02006721496582,0.5388350486755371,1.237837791442871,3.826866626739502,0.00023496853827964514,0.0,0.3014259934425354,894,939,952,889,908,912,939,1004,988,985,970,956,990,982,971,974,955,985,954,952,984,988,919,984,989,942,940,893,1001,974,943,920,986,970,975,987,975,984,908,951,972,1003,976,918,905,971,984,984,969,952,971,986,1040,1024,984,991,1019,959,966,910,954,1001,990,1022,1018,957,904,908,971,968,955,903,973,1007,1004,968,987,968,971,990,999,985,927,910,923,954,967,957,967,983,985,969,1006,924,935,952,975,990,1005,985,1001,974,987,958,926,984,926,968,976,967,908,957,959,969,942,924,967,984,936,909,956,940,955,973,975,1023,972,1032,1033,1007,1018,956,943,958,919,904,907,895,955,954,969,968,909,940,1006,1000,1001,910,918,953,921,940,1021,1005,942,952,992,988,953,925,936,909,911,889,951,941,954,975,953,942,895,909,936,967,968,939,971,973,974,956,1016,1002,1022,1022,1049,1019,1003,974,957,942,955,970,959,985,922,942,952,953,919,972,952,969,1016,969,1036,1080,1050,954,1002,984,969,971,983,968,910,973,1016,974,953,890,907,1007,1005,984,952,941,984,972,1023,998,924,974,1004,970,966,921,969,1035,957,984,1019,1005,955,944,956,937,889,895,927,936,955,920,1015,988,984,1005,0.0009765625,0.0078125,0.03768316676088816,0.025947910655442233,0.009765625,0.010918300671385692,0.026002982335340524,0.016858082521125067,0.020899350155305366,0.04712862700005334,0.04809012598533254,0.010563138502335907,0.03274034104343791,0.017304731588544287,0.03234471711265468,0.006253051013118016,0.026203921611325662,0.009618025197066508,0.022777155839239456,0.03936649291161401,0.04200354134298158,0.02157297073669387,0.028854075591199527,0.02286074201312427,0.004979511243742954,0.008734640537108554,0.013101960805662831,0.03554741156875253,0.013671875,0.013982247132105814,0.01516032685181643,0.010918300671385692,0.017820593350483065,0.009618025197066508,0.018347943582085875,0.010381001770248682,0.005694288959809864,0.018961413905222265,0.0048828125,0.023047702580480365,0.011388577919619728,0.014218964627501012,0.008286407592029853,0.02378085090212094,0.02681548870653512,0.022545696055889054,0.025781989809461104,0.043596707588964285,0.015746597164645604,0.0192608231673008,0.014680953494504793,0.015746597164645604,0.00390625,0.0065509804028314154,0.00834375365753665,0.00966747552403483,0.0065509804028314154,0.013566839833447074,0.02995676103550384,0.0065509804028314154,0.0048828125,0.008843149548962322,0.003088161777508183,0.0021836601342771385,0.05313074417474783,0.0048828125,0.004026470337517247,0.008286407592029853,0.009003461384075085,0.006176323555016366,0.0126953125,0.0009765625,0.016858082521125067,0.008052940675034493,0.007873298582322802,0.004367320268554277,0.0021836601342771385,0.008052940675034493,0.0065509804028314154,0.013566839833447074,0.0065509804028314154,0.018528970665049098,0.013671875,0.0087890625,0.001953125,0.005940197783494355,0.004979511243742954,0.0170549308560283,0.004979511243742954,0.005694288959809864,0.004026470337517247,0.0068359375,0.003088161777508183,0.024020261477048523,0.010918300671385692,0.004026470337517247,0.027361183058831836,0.013028968812623373,0.006253051013118016,0.022140203220223895,0.0013810679320049757,0.007437278423695223,0.004367320268554277,0.003521046167445302,0.009003461384075085,0.001953125,0.0021836601342771385,0.0041432037960149265,0.0021836601342771385,0.007873298582322802,0.007109482313750506,0.01528562093993997,0.0029296875,0.008843149548962322,0.0027621358640099515,0.006905339660024878,0.020692988379313566,0.014218964627501012,0.010918300671385692,0.00834375365753665,0.010563138502335907,0.01019561182510796,0.004367320268554277,0.0009765625,0.0048828125,0.009765625,0.006176323555016366,0.0,0.009765625,1,1,0.0
28.515625,12.375060081481934,7.0,0.20867052674293518,0.46158844232559204,3.90625,11.959927558898926,15.401482582092285,25.0,0.24991203844547272,0.01719415746629238,310.0,2960.0,264485.5625,9.54838752746582,0.5414174199104309,1.2206186056137085,2.883213758468628,0.00010052777361124754,0.0,0.3235861659049988,905,894,856,879,940,985,967,952,894,939,952,889,908,912,939,1004,988,985,970,956,990,982,971,974,955,985,954,952,984,988,919,984,989,942,940,893,1001,974,943,920,986,970,975,987,975,984,908,951,972,1003,976,918,905,971,984,984,969,952,971,986,1040,1024,984,991,1019,959,966,910,954,1001,990,1022,1018,957,904,908,971,968,955,903,973,1007,1004,968,987,968,971,990,999,985,927,910,923,954,967,957,967,983,985,969,1006,924,935,952,975,990,1005,985,1001,974,987,958,926,984,926,968,976,967,908,957,959,969,942,924,967,984,936,909,956,940,955,973,975,1023,972,1032,1033,1007,1018,956,943,958,919,904,907,895,955,954,969,968,909,940,1006,1000,1001,910,918,953,921,940,1021,1005,942,952,992,988,953,925,936,909,911,889,951,941,954,975,953,942,895,909,936,967,968,939,971,973,974,956,1016,1002,1022,1022,1049,1019,1003,974,957,942,955,970,959,985,922,942,952,953,919,972,952,969,1016,969,1036,1080,1050,954,1002,984,969,971,983,968,910,973,1016,974,953,890,907,1007,1005,984,952,941,984,972,1023,998,924,974,1004,970,966,921,969,1035,957,984,1019,1005,955,944,956,937,889,895,0.0009765625,0.0013810679320049757,0.04421574774481161,0.0352916230460794,0.004367320268554277,0.01708286687942959,0.03460946317708857,0.024954945974962183,0.020600608505594715,0.05546668680141768,0.047681857873959774,0.012236293052872722,0.026565372087373914,0.01800692276815017,0.037057941330098196,0.005694288959809864,0.024724587697601882,0.008052940675034493,0.022798081113142094,0.032754902014157074,0.04609540516096073,0.016858082521125067,0.022881590847382775,0.021417687694786434,0.009212872199274027,0.0146484375,0.016370170521718956,0.03032065370363286,0.02003738723504218,0.01800692276815017,0.009765625,0.015440808887540914,0.0224609375,0.013810679320049757,0.0146484375,0.014938533731228863,0.0065509804028314154,0.017820593350483065,0.0029296875,0.019652941208494246,0.014874556847390447,0.017578125,0.011134525635733769,0.025465634395322848,0.023940723969006372,0.020531050821902968,0.025781989809461104,0.04398869386545003,0.016630260122975003,0.020132351687586234,0.01792730444402912,0.0166015625,0.004367320268554277,0.004026470337517247,0.008052940675034493,0.009003461384075085,0.006253051013118016,0.013879560940968648,0.02833714478231818,0.005694288959809864,0.0041432037960149265,0.008400708268596315,0.0029296875,0.0013810679320049757,0.052932930597139265,0.004367320268554277,0.0029296875,0.009003461384075085,0.009765625,0.006905339660024878,0.013101960805662831,0.001953125,0.016858082521125067,0.007873298582322802,0.008400708268596315,0.004026470337517247,0.003088161777508183,0.0065509804028314154,0.007042092334890604,0.014517645261053229,0.007873298582322802,0.018657200365764452,0.0126953125,0.007437278423695223,0.0013810679320049757,0.0041432037960149265,0.004026470337517247,0.0146484375,0.005940197783494355,0.007042092334890604,0.0048828125,0.0065509804028314154,0.0009765625,0.024492062898407135,0.009959022487485907,0.004026470337517247,0.025781989809461104,0.011388577919619728,0.006905339660024878,0.02039122365021592,0.0021836601342771385,0.005258950006967289,0.006176323555016366,0.004367320268554277,0.007437278423695223,0.0021836601342771385,0.0,0.0021836601342771385,0.003521046167445302,0.009959022487485907,0.011388577919619728,0.01313830473347042,0.0,0.005940197783494355,0.003088161777508183,0.006176323555016366,0.021683206358568866,0.013101960805662831,0.009765625,0.011759369705851851,0.007042092334890604,0.00834375365753665,0.004367320268554277,0.003521046167445302,0.008052940675034493,0.006253051013118016,0.010786485368346935,0.004026470337517247,0.005859375,1,1,0.0
26.171875,12.262808799743652,6.0,0.1911071091890335,0.5812444686889648,25.0,13.216835975646973,14.391565322875977,3.515625,0.2973383069038391,0.017713239416480064,329.0,3226.0,316062.65625,9.805471420288086,0.5115545988082886,1.098025918006897,3.0847878456115723,9.480695007368922e-05,-21.484375,0.303455650806427,925,952,960,951,975,903,909,908,905,894,856,879,940,985,967,952,894,939,952,889,908,912,939,1004,988,985,970,956,990,982,971,974,955,985,954,952,984,988,919,984,989,942,940,893,1001,974,943,920,986,970,975,987,975,984,908,951,972,1003,976,918,905,971,984,984,969,952,971,986,1040,1024,984,991,1019,959,966,910,954,1001,990,1022,1018,957,904,908,971,968,955,903,973,1007,1004,968,987,968,971,990,999,985,927,910,923,954,967,957,967,983,985,969,1006,924,935,952,975,990,1005,985,1001,974,987,958,926,984,926,968,976,967,908,957,959,969,942,924,967,984,936,909,956,940,955,973,975,1023,972,1032,1033,1007,1018,956,943,958,919,904,907,895,955,954,969,968,909,940,1006,1000,1001,910,918,953,921,940,1021,1005,942,952,992,988,953,925,936,909,911,889,951,941,954,975,953,942,895,909,936,967,968,939,971,973,974,956,1016,1002,1022,1022,1049,1019,1003,974,957,942,955,970,959,985,922,942,952,953,919,972,952,969,1016,969,1036,1080,1050,954,1002,984,969,971,983,968,910,973,1016,974,953,890,907,1007,1005,984,952,941,984,972,1023,998,924,974,1004,970,966,921,969,1035,957,984,0.00146484375,0.007873298582322802,0.04676296833520656,0.04014610310760638,0.010786485368346935,0.0166015625,0.03582800064032059,0.020600608505594715,0.013810679320049757,0.04817928274821879,0.05064961906207008,0.009814331661250869,0.032122820709762745,0.019773883526676354,0.029556144434417102,0.0,0.01886055460530075,0.015746597164645604,0.016016815885602272,0.029813159223581537,0.046022936202922575,0.011388577919619728,0.0166015625,0.021439939843847802,0.014517645261053229,0.020762003540497363,0.021836601342771385,0.030649130520459405,0.02298555135925746,0.014517645261053229,0.0146484375,0.014517645261053229,0.017820593350483065,0.012236293052872722,0.019652941208494246,0.008052940675034493,0.005940197783494355,0.02108108705558877,0.005258950006967289,0.022482157096135425,0.014517645261053229,0.014906579611790769,0.009003461384075085,0.022032254243512652,0.02417855156863271,0.01528562093993997,0.023212625632821705,0.049042498162069216,0.021683206358568866,0.025353037081537442,0.022269051271467537,0.022777155839239456,0.009003461384075085,0.0009765625,0.003521046167445302,0.01313830473347042,0.0027621358640099515,0.009765625,0.024954945974962183,0.007627196949127592,0.006905339660024878,0.009765625,0.005694288959809864,0.004026470337517247,0.051202057534837225,0.004026470337517247,0.0048828125,0.007437278423695223,0.008734640537108554,0.005940197783494355,0.011759369705851851,0.0009765625,0.016858082521125067,0.007109482313750506,0.007437278423695223,0.003521046167445302,0.003521046167445302,0.007437278423695223,0.0068359375,0.016253239235442616,0.008734640537108554,0.020600608505594715,0.011134525635733769,0.006176323555016366,0.0013810679320049757,0.005524271728019903,0.005258950006967289,0.01760523083722651,0.004026470337517247,0.004367320268554277,0.0048828125,0.009003461384075085,0.003521046167445302,0.025465634395322848,0.008734640537108554,0.003521046167445302,0.023840928936979887,0.010381001770248682,0.004367320268554277,0.019918044974971814,0.0027621358640099515,0.005258950006967289,0.0068359375,0.0048828125,0.007873298582322802,0.001953125,0.0,0.0009765625,0.0048828125,0.011048543456039806,0.011134525635733769,0.011388577919619728,0.0009765625,0.004367320268554277,0.0048828125,0.007437278423695223,0.023518739411703703,0.011134525635733769,0.0078125,0.010054326309557618,0.008052940675034493,0.010563138502335907,0.0009765625,0.0048828125,0.0041432037960149265,0.009814331661250869,0.006253051013118016,0.0,0.009765625,1,1,0.0
26.171875,12.235507011413574,7.0,0.1652541309595108,0.569381833076477,3.90625,11.482090950012207,14.531161308288574,25.0,0.3028511703014374,0.017713239416480064,329.0,2749.0,310435.75,8.355623245239258,0.5318946838378906,1.0219330787658691,2.926021099090576,0.00021365999418776482,21.484375,0.298850953578949,1016,974,904,921,922,952,920,889,925,952,960,951,975,903,909,908,905,894,856,879,940,985,967,952,894,939,952,889,908,912,939,1004,988,985,970,956,990,982,971,974,955,985,954,952,984,988,919,984,989,942,940,893,1001,974,943,920,986,970,975,987,975,984,908,951,972,1003,976,918,905,971,984,984,969,952,971,986,1040,1024,984,991,1019,959,966,910,954,1001,990,1022,1018,957,904,908,971,968,955,903,973,1007,1004,968,987,968,971,990,999,985,927,910,923,954,967,957,967,983,985,969,1006,924,935,952,975,990,1005,985,1001,974,987,958,926,984,926,968,976,967,908,957,959,969,942,924,967,984,936,909,956,940,955,973,975,1023,972,1032,1033,1007,1018,956,943,958,919,904,907,895,955,954,969,968,909,940,1006,1000,1001,910,918,953,921,940,1021,1005,942,952,992,988,953,925,936,909,911,889,951,941,954,975,953,942,895,909,936,967,968,939,971,973,974,956,1016,1002,1022,1022,1049,1019,1003,974,957,942,955,970,959,985,922,942,952,953,919,972,952,969,1016,969,1036,1080,1050,954,1002,984,969,971,983,968,910,973,1016,974,953,890,907,1007,1005,984,952,941,984,972,1023,998,924,974,0.0029296875,0.01188039556698871,0.04979511243742954,0.043552935783159684,0.015254393898255184,0.016016815885602272,0.037314400731528904,0.017820593350483065,0.01179984958358845,0.04324529262789947,0.051905008851243405,0.01441877251975918,0.03847210078826603,0.025559086578715626,0.0235996991671769,0.008286407592029853,0.012732817197661424,0.01953125,0.018657200365764452,0.023212625632821705,0.05371981460732448,0.016572815184059706,0.019652941208494246,0.027964494264211628,0.010517900013934578,0.01680141653719263,0.02039122365021592,0.03521046167445302,0.017387200990981306,0.015254393898255184,0.01242961138804478,0.014084184669781208,0.021506558149946522,0.01179984958358845,0.015191747252054731,0.011759369705851851,0.0078125,0.01800692276815017,0.005258950006967289,0.022545696055889054,0.01242961138804478,0.013879560940968648,0.008400708268596315,0.02209708691207961,0.023457836229422487,0.014778072217208551,0.023518739411703703,0.048494957101309126,0.019918044974971814,0.024724587697601882,0.021945512748285382,0.021484375,0.007437278423695223,0.00390625,0.005524271728019903,0.011134525635733769,0.005694288959809864,0.014084184669781208,0.0283203125,0.003521046167445302,0.001953125,0.005859375,0.006253051013118016,0.003521046167445302,0.0492656181860525,0.0009765625,0.003521046167445302,0.007109482313750506,0.012236293052872722,0.010381001770248682,0.007873298582322802,0.004367320268554277,0.014517645261053229,0.005859375,0.008400708268596315,0.0048828125,0.0,0.010918300671385692,0.009959022487485907,0.016253239235442616,0.009003461384075085,0.020132351687586234,0.010054326309557618,0.00390625,0.0027621358640099515,0.004026470337517247,0.005694288959809864,0.016858082521125067,0.0021836601342771385,0.003521046167445302,0.0029296875,0.007873298582322802,0.005258950006967289,0.024647323172117114,0.010563138502335907,0.004367320268554277,0.022777155839239456,0.008400708268596315,0.003088161777508183,0.01875915303935405,0.005940197783494355,0.003521046167445302,0.009765625,0.0041432037960149265,0.010563138502335907,0.004367320268554277,0.0021836601342771385,0.004026470337517247,0.0013810679320049757,0.008734640537108554,0.010563138502335907,0.013810679320049757,0.003521046167445302,0.001953125,0.007627196949127592,0.010054326309557618,0.02627660946694084,0.007873298582322802,0.004026470337517247,0.007042092334890604,0.011134525635733769,0.012732817197661424,0.0027621358640099515,0.0013810679320049757,0.005694288959809864,0.007627196949127592,0.009765625,0.003088161777508183,0.0068359375,1,1,0.0
25.0,12.306962966918945,8.0,0.17910996079444885,0.6257113218307495,3.90625,11.566746711730957,14.143921852111816,7.8125,0.315947949886322,0.0179804228246212,339.0,3026.0,348687.6875,8.926253318786621,0.5049420595169067,1.0711504220962524,2.9606595039367676,0.000827510142698884,0.0,0.31097856163978577,1080,1034,1023,1003,1019,1034,990,1038,1016,974,904,921,922,952,920,889,925,952,960,951,975,903,909,908,905,894,856,879,940,985,967,952,894,939,952,889,908,912,939,1004,988,985,970,956,990,982,971,974,955,985,954,952,984,988,919,984,989,942,940,893,1001,974,943,920,986,970,975,987,975,984,908,951,972,1003,976,918,905,971,984,984,969,952,971,986,1040,1024,984,991,1019,959,966,910,954,1001,990,1022,1018,957,904,908,971,968,955,903,973,1007,1004,968,987,968,971,990,999,985,927,910,923,954,967,957,967,983,985,969,1006,924,935,952,975,990,1005,985,1001,974,987,958,926,984,926,968,976,967,908,957,959,969,942,924,967,984,936,909,956,940,955,973,975,1023,972,1032,1033,1007,1018,956,943,958,919,904,907,895,955,954,969,968,909,940,1006,1000,1001,910,918,953,921,940,1021,1005,942,952,992,988,953,925,936,909,911,889,951,941,954,975,953,942,895,909,936,967,968,939,971,973,974,956,1016,1002,1022,1022,1049,1019,1003,974,957,942,955,970,959,985,922,942,952,953,919,972,952,969,1016,969,1036,1080,1050,954,1002,984,969,971,983,968,910,973,1016,974,953,890,907,1007,1005,984,0.001953125,0.003521046167445302,0.05328309713165524,0.04555431167847891,0.01589728573837862,0.029877067462457725,0.050413708981016825,0.026203921611325662,0.006905339660024878,0.033432114782468145,0.05620963449671156,0.024119314521930602,0.04761180368456604,0.0360270834876889,0.024492062898407135,0.014778072217208551,0.018528970665049098,0.01589728573837862,0.024433585943743757,0.02847144479904932,0.047881447938012744,0.01284467425582608,0.016105881350068987,0.023619895746968406,0.016253239235442616,0.021506558149946522,0.02489755621871477,0.03828573395295441,0.01528562093993997,0.010918300671385692,0.015655487833868553,0.01242961138804478,0.02489755621871477,0.016630260122975003,0.009814331661250869,0.018528970665049098,0.013810679320049757,0.01441877251975918,0.011920464468489943,0.029652786036501906,0.013282686043686957,0.013982247132105814,0.012236293052872722,0.023619895746968406,0.01792730444402912,0.013028968812623373,0.03152346170228315,0.0436404354912194,0.014218964627501012,0.017578125,0.0146484375,0.01589728573837862,0.0013810679320049757,0.005258950006967289,0.009003461384075085,0.009765625,0.004979511243742954,0.012506102026236032,0.023478154844084585,0.006176323555016366,0.005524271728019903,0.008400708268596315,0.004026470337517247,0.0021836601342771385,0.05002440810494413,0.0009765625,0.0029296875,0.007627196949127592,0.012352647110032733,0.011134525635733769,0.0078125,0.0041432037960149265,0.014874556847390447,0.0048828125,0.0068359375,0.0029296875,0.003521046167445302,0.008286407592029853,0.006253051013118016,0.013982247132105814,0.007437278423695223,0.01792730444402912,0.013706707859002147,0.007437278423695223,0.003521046167445302,0.001953125,0.001953125,0.014938533731228863,0.0009765625,0.0029296875,0.004026470337517247,0.009814331661250869,0.00834375365753665,0.027964494264211628,0.008843149548962322,0.004026470337517247,0.021683206358568866,0.007437278423695223,0.005859375,0.017820593350483065,0.0048828125,0.003521046167445302,0.007873298582322802,0.003521046167445302,0.008400708268596315,0.003088161777508183,0.0009765625,0.0027621358640099515,0.0029296875,0.009003461384075085,0.009814331661250869,0.013671875,0.003521046167445302,0.0021836601342771385,0.007042092334890604,0.009618025197066508,0.025409398107925172,0.0087890625,0.005524271728019903,0.007873298582322802,0.010918300671385692,0.01313830473347042,0.0021836601342771385,0.001953125,0.005940197783494355,0.007873298582322802,0.009618025197066508,0.0027621358640099515,0.0068359375,1,1,0.0
25.0,12.055015563964844,8.0,0.17977243661880493,0.8004263043403625,0.78125,10.509413719177246,12.856724739074707,3.90625,0.36465346813201904,0.018784554675221443,370.0,3313.0,413786.84375,8.95405387878418,0.455574095249176,1.1128653287887573,2.7897913455963135,0.0003377593820914626,0.0,0.28790006041526794,952,958,990,957,1016,1053,1005,1036,1080,1034,1023,1003,1019,1034,990,1038,1016,974,904,921,922,952,920,889,925,952,960,951,975,903,909,908,905,894,856,879,940,985,967,952,894,939,952,889,908,912,939,1004,988,985,970,956,990,982,971,974,955,985,954,952,984,988,919,984,989,942,940,893,1001,974,943,920,986,970,975,987,975,984,908,951,972,1003,976,918,905,971,984,984,969,952,971,986,1040,1024,984,991,1019,959,966,910,954,1001,990,1022,1018,957,904,908,971,968,955,903,973,1007,1004,968,987,968,971,990,999,985,927,910,923,954,967,957,967,983,985,969,1006,924,935,952,975,990,1005,985,1001,974,987,958,926,984,926,968,976,967,908,957,959,969,942,924,967,984,936,909,956,940,955,973,975,1023,972,1032,1033,1007,1018,956,943,958,919,904,907,895,955,954,969,968,909,940,1006,1000,1001,910,918,953,921,940,1021,1005,942,952,992,988,953,925,936,909,911,889,951,941,954,975,953,942,895,909,936,967,968,939,971,973,974,956,1016,1002,1022,1022,1049,1019,1003,974,957,942,955,970,959,985,922,942,952,953,919,972,952,969,1016,969,1036,1080,1050,954,1002,984,969,971,983,968,910,973,0.0009765625,0.008052940675034493,0.055860740804980824,0.05006252194521991,0.021683206358568866,0.03406789754396955,0.05490504998777577,0.027759121881937295,0.012732817197661424,0.02777629424478104,0.05286081485439202,0.0283203125,0.04673236763283359,0.035061177873078594,0.03126525506559008,0.010381001770248682,0.021484375,0.012236293052872722,0.017304731588544287,0.027759121881937295,0.04809012598533254,0.013028968812623373,0.015746597164645604,0.031387028671851946,0.011759369705851851,0.015191747252054731,0.01875915303935405,0.03452669830012439,0.01800692276815017,0.01708286687942959,0.01188039556698871,0.0146484375,0.0185546875,0.009814331661250869,0.015746597164645604,0.0146484375,0.007873298582322802,0.012506102026236032,0.009264485332524549,0.028437929255002024,0.006176323555016366,0.006905339660024878,0.009814331661250869,0.018961413905222265,0.021439939843847802,0.00834375365753665,0.03500673501745102,0.04154696755113799,0.011134525635733769,0.012732817197661424,0.011134525635733769,0.0107421875,0.003521046167445302,0.0068359375,0.009618025197066508,0.012732817197661424,0.004367320268554277,0.009212872199274027,0.02489755621871477,0.008400708268596315,0.005694288959809864,0.008052940675034493,0.004979511243742954,0.0027621358640099515,0.049890780368925004,0.0009765625,0.003088161777508183,0.0068359375,0.0126953125,0.011430371006562134,0.007873298582322802,0.0048828125,0.014874556847390447,0.003521046167445302,0.005940197783494355,0.001953125,0.003521046167445302,0.006905339660024878,0.006176323555016366,0.014778072217208551,0.006905339660024878,0.01708286687942959,0.016105881350068987,0.010381001770248682,0.005940197783494355,0.003088161777508183,0.00390625,0.0170549308560283,0.0021836601342771385,0.0013810679320049757,0.005940197783494355,0.011134525635733769,0.005859375,0.027010384152225255,0.009959022487485907,0.0048828125,0.022777155839239456,0.007627196949127592,0.0041432037960149265,0.016370170521718956,0.006905339660024878,0.0013810679320049757,0.007873298582322802,0.003088161777508183,0.008052940675034493,0.0009765625,0.0009765625,0.001953125,0.004367320268554277,0.009765625,0.008734640537108554,0.014778072217208551,0.003521046167445302,0.001953125,0.0087890625,0.010786485368346935,0.026939676219011176,0.007042092334890604,0.005524271728019903,0.007437278423695223,0.01019561182510796,0.012236293052872722,0.001953125,0.003088161777508183,0.005694288959809864,0.007873298582322802,0.008843149548962322,0.003521046167445302,0.0068359375,1,1,0.0
25.0,12.363871574401855,8.0,0.18006205558776855,0.9392340183258057,2.34375,10.632460594177246,12.546271324157715,0.78125,0.3971225917339325,0.01870824582874775,367.0,3272.0,442499.78125,8.915531158447266,0.42281538248062134,1.0351154804229736,2.8202266693115234,8.500510011799634e-05,0.0,0.281440407037735,1007,1002,1003,968,950,968,956,975,952,958,990,957,1016,1053,1005,1036,1080,1034,1023,1003,1019,1034,990,1038,1016,974,904,921,922,952,920,889,925,952,960,951,975,903,909,908,905,894,856,879,940,985,967,952,894,939,952,889,908,912,939,1004,988,985,970,956,990,982,971,974,955,985,954,952,984,988,919,984,989,942,940,893,1001,974,943,920,986,970,975,987,975,984,908,951,972,1003,976,918,905,971,984,984,969,952,971,986,1040,1024,984,991,1019,959,966,910,954,1001,990,1022,1018,957,904,908,971,968,955,903,973,1007,1004,968,987,968,971,990,999,985,927,910,923,954,967,957,967,983,985,969,1006,924,935,952,975,990,1005,985,1001,974,987,958,926,984,926,968,976,967,908,957,959,969,942,924,967,984,936,909,956,940,955,973,975,1023,972,1032,1033,1007,1018,956,943,958,919,904,907,895,955,954,969,968,909,940,1006,1000,1001,910,918,953,921,940,1021,1005,942,952,992,988,953,925,936,909,911,889,951,941,954,975,953,942,895,909,936,967,968,939,971,973,974,956,1016,1002,1022,1022,1049,1019,1003,974,957,942,955,970,959,985,922,942,952,953,919,972,952,969,1016,969,1036,1080,1050,954,0.001953125,0.0107421875,0.058045941803568674,0.052344114387724204,0.023518739411703703,0.03451288485756307,0.05342609127574192,0.02489755621871477,0.011048543456039806,0.029749113694780893,0.05264387489040451,0.02681548870653512,0.0474110784919467,0.03582800064032059,0.029652786036501906,0.011388577919619728,0.0224609375,0.011134525635733769,0.01680141653719263,0.029652786036501906,0.048238629043861204,0.014517645261053229,0.016164985700436375,0.03180956538066861,0.011759369705851851,0.01441877251975918,0.01800692276815017,0.03363120187055188,0.0185803687406645,0.015776850020901866,0.012352647110032733,0.012732817197661424,0.020531050821902968,0.01188039556698871,0.015440808887540914,0.013982247132105814,0.007873298582322802,0.01528562093993997,0.006905339660024878,0.026203921611325662,0.006253051013118016,0.0068359375,0.007437278423695223,0.015655487833868553,0.024158822025103478,0.005694288959809864,0.03455430861905104,0.04334441605697685,0.010381001770248682,0.010786485368346935,0.007873298582322802,0.00966747552403483,0.007109482313750506,0.009765625,0.010918300671385692,0.015776850020901866,0.004026470337517247,0.0068359375,0.028168369339562415,0.006905339660024878,0.004026470337517247,0.004367320268554277,0.008052940675034493,0.005258950006967289,0.047461339375870576,0.001953125,0.004367320268554277,0.007873298582322802,0.012732817197661424,0.011134525635733769,0.009003461384075085,0.008400708268596315,0.013282686043686957,0.0009765625,0.004026470337517247,0.0021836601342771385,0.0078125,0.005694288959809864,0.003088161777508183,0.012236293052872722,0.0048828125,0.013810679320049757,0.015746597164645604,0.00834375365753665,0.007042092334890604,0.0013810679320049757,0.0041432037960149265,0.016253239235442616,0.0013810679320049757,0.0009765625,0.004979511243742954,0.009765625,0.006253051013118016,0.027621358640099514,0.009212872199274027,0.004026470337517247,0.022777155839239456,0.007109482313750506,0.004367320268554277,0.016630260122975003,0.0065509804028314154,0.0021836601342771385,0.007437278423695223,0.003521046167445302,0.007437278423695223,0.0013810679320049757,0.0013810679320049757,0.0021836601342771385,0.003088161777508183,0.008843149548962322,0.00966747552403483,0.013601941676937616,0.0027621358640099515,0.0021836601342771385,0.006176323555016366,0.009003461384075085,0.0263671875,0.008052940675034493,0.00390625,0.0068359375,0.011134525635733769,0.013101960805662831,0.003088161777508183,0.001953125,0.006176323555016366,0.007873298582322802,0.009264485332524549,0.003521046167445302,0.0068359375,1,1,0.0
25.0,12.210485458374023,8.0,0.1836968958377838,0.9870613813400269,2.34375,10.858327865600586,12.212308883666992,0.78125,0.4054938852787018,0.01870824582874775,367.0,3533.0,456409.0,9.626703262329102,0.410809189081192,1.180420994758606,2.842839479446411,0.0003401794529054314,0.0,0.26939457654953003,983,957,943,940,952,938,872,974,1007,1002,1003,968,950,968,956,975,952,958,990,957,1016,1053,1005,1036,1080,1034,1023,1003,1019,1034,990,1038,1016,974,904,921,922,952,920,889,925,952,960,951,975,903,909,908,905,894,856,879,940,985,967,952,894,939,952,889,908,912,939,1004,988,985,970,956,990,982,971,974,955,985,954,952,984,988,919,984,989,942,940,893,1001,974,943,920,986,970,975,987,975,984,908,951,972,1003,976,918,905,971,984,984,969,952,971,986,1040,1024,984,991,1019,959,966,910,954,1001,990,1022,1018,957,904,908,971,968,955,903,973,1007,1004,968,987,968,971,990,999,985,927,910,923,954,967,957,967,983,985,969,1006,924,935,952,975,990,1005,985,1001,974,987,958,926,984,926,968,976,967,908,957,959,969,942,924,967,984,936,909,956,940,955,973,975,1023,972,1032,1033,1007,1018,956,943,958,919,904,907,895,955,954,969,968,909,940,1006,1000,1001,910,918,953,921,940,1021,1005,942,952,992,988,953,925,936,909,911,889,951,941,954,975,953,942,895,909,936,967,968,939,971,973,974,956,1016,1002,1022,1022,1049,1019,1003,974,957,942,955,970,959,985,922,942,952,953,919,972,0.00146484375,0.0068359375,0.040465526084180976,0.03768316676088816,0.02209708691207961,0.048100040453221686,0.07015634787367894,0.037314400731528904,0.027930370402490412,0.025781989809461104,0.037057941330098196,0.021683206358568866,0.033969779552590014,0.025202124805788945,0.018528970665049098,0.017304731588544287,0.019773883526676354,0.0146484375,0.028168369339562415,0.03756910949545184,0.0380859375,0.006253051013118016,0.011134525635733769,0.040465526084180976,0.01708286687942959,0.010563138502335907,0.009959022487485907,0.0283875817456028,0.027010384152225255,0.01589728573837862,0.020108652619115236,0.0048828125,0.021836601342771385,0.015440808887540914,0.0065509804028314154,0.019186408891004394,0.014218964627501012,0.0208765218031562,0.005258950006967289,0.01933495104806966,0.012352647110032733,0.009003461384075085,0.0048828125,0.009003461384075085,0.029893023173855404,0.0065509804028314154,0.0411664822428867,0.03907470512449718,0.006176323555016366,0.006905339660024878,0.006905339660024878,0.013810679320049757,0.0068359375,0.005940197783494355,0.0065509804028314154,0.013706707859002147,0.003088161777508183,0.010786485368346935,0.025633603024231812,0.0065509804028314154,0.005940197783494355,0.010381001770248682,0.0021836601342771385,0.003088161777508183,0.05111817315743125,0.004026470337517247,0.008734640537108554,0.0021836601342771385,0.007627196949127592,0.004026470337517247,0.01589728573837862,0.009264485332524549,0.005258950006967289,0.009765625,0.01019561182510796,0.010054326309557618,0.015254393898255184,0.00834375365753665,0.005859375,0.007109482313750506,0.0029296875,0.012732817197661424,0.012236293052872722,0.0021836601342771385,0.001953125,0.004367320268554277,0.0009765625,0.011920464468489943,0.004367320268554277,0.004367320268554277,0.007873298582322802,0.011134525635733769,0.0048828125,0.02568934851165216,0.010054326309557618,0.005524271728019903,0.021683206358568866,0.007873298582322802,0.003521046167445302,0.019749754312653012,0.008843149548962322,0.0009765625,0.01019561182510796,0.004367320268554277,0.005258950006967289,0.004367320268554277,0.006176323555016366,0.008052940675034493,0.0048828125,0.008052940675034493,0.01313830473347042,0.009765625,0.0048828125,0.007873298582322802,0.001953125,0.006176323555016366,0.027361183058831836,0.007627196949127592,0.001953125,0.003088161777508183,0.011134525635733769,0.008052940675034493,0.0027621358640099515,0.0048828125,0.0041432037960149265,0.009264485332524549,0.009212872199274027,0.0041432037960149265,0.005859375,1,1,0.0
25.0,12.233903884887695,6.0,0.17831023037433624,0.876140832901001,25.0,23.825511932373047,12.750651359558105,2.34375,0.3837217092514038,0.01839984767138958,355.0,5161.0,446081.5,14.5380277633667,0.43796807527542114,1.8835766315460205,3.916297197341919,0.0001976588391698897,0.0,0.28726232051849365,958,988,985,986,1018,974,936,895,983,957,943,940,952,938,872,974,1007,1002,1003,968,950,968,956,975,952,958,990,957,1016,1053,1005,1036,1080,1034,1023,1003,1019,1034,990,1038,1016,974,904,921,922,952,920,889,925,952,960,951,975,903,909,908,905,894,856,879,940,985,967,952,894,939,952,889,908,912,939,1004,988,985,970,956,990,982,971,974,955,985,954,952,984,988,919,984,989,942,940,893,1001,974,943,920,986,970,975,987,975,984,908,951,972,1003,976,918,905,971,984,984,969,952,971,986,1040,1024,984,991,1019,959,966,910,954,1001,990,1022,1018,957,904,908,971,968,955,903,973,1007,1004,968,987,968,971,990,999,985,927,910,923,954,967,957,967,983,985,969,1006,924,935,952,975,990,1005,985,1001,974,987,958,926,984,926,968,976,967,908,957,959,969,942,924,967,984,936,909,956,940,955,973,975,1023,972,1032,1033,1007,1018,956,943,958,919,904,907,895,955,954,969,968,909,940,1006,1000,1001,910,918,953,921,940,1021,1005,942,952,992,988,953,925,936,909,911,889,951,941,954,975,953,942,895,909,936,967,968,939,971,973,974,956,1016,1002,1022,1022,1049,1019,1003,974,957,942,955,970,0.0,0.0009765625,0.04676296833520656,0.040229160007902304,0.017686299097924643,0.04283537538957287,0.06766528203640627,0.03965613379735733,0.027964494264211628,0.019918044974971814,0.03625138904935661,0.027500249688142037,0.02847144479904932,0.019652941208494246,0.014906579611790769,0.021945512748285382,0.021506558149946522,0.017820593350483065,0.0333750146301466,0.04337740686428283,0.0363433477850164,0.012732817197661424,0.017387200990981306,0.04088754182706703,0.011388577919619728,0.009959022487485907,0.014084184669781208,0.032033631771204545,0.021683206358568866,0.0192608231673008,0.017387200990981306,0.009618025197066508,0.01708286687942959,0.012732817197661424,0.003521046167445302,0.024705294220065465,0.01878455474772592,0.02298555135925746,0.00834375365753665,0.014906579611790769,0.014680953494504793,0.010054326309557618,0.008400708268596315,0.0107421875,0.02833714478231818,0.00834375365753665,0.04014610310760638,0.03965613379735733,0.007873298582322802,0.008400708268596315,0.005859375,0.013566839833447074,0.007627196949127592,0.006253051013118016,0.005694288959809864,0.013282686043686957,0.003521046167445302,0.01188039556698871,0.024705294220065465,0.007873298582322802,0.005694288959809864,0.009814331661250869,0.003521046167445302,0.0021836601342771385,0.05045152872300582,0.00390625,0.0078125,0.0021836601342771385,0.0078125,0.003521046167445302,0.016858082521125067,0.009618025197066508,0.005258950006967289,0.009618025197066508,0.010786485368346935,0.0107421875,0.015655487833868553,0.008052940675034493,0.005258950006967289,0.006176323555016366,0.003088161777508183,0.011759369705851851,0.011920464468489943,0.0027621358640099515,0.003088161777508183,0.004026470337517247,0.0009765625,0.012506102026236032,0.003521046167445302,0.004026470337517247,0.007042092334890604,0.011430371006562134,0.005524271728019903,0.025390625,0.010786485368346935,0.0048828125,0.021683206358568866,0.00834375365753665,0.003088161777508183,0.017953883116064683,0.009003461384075085,0.0013810679320049757,0.008843149548962322,0.00390625,0.004979511243742954,0.003521046167445302,0.004026470337517247,0.006176323555016366,0.0048828125,0.0065509804028314154,0.010563138502335907,0.012352647110032733,0.0065509804028314154,0.007042092334890604,0.0013810679320049757,0.003521046167445302,0.026294750034836445,0.009814331661250869,0.004026470337517247,0.0021836601342771385,0.011920464468489943,0.005940197783494355,0.004026470337517247,0.007109482313750506,0.0048828125,0.007109482313750506,0.01179984958358845,0.003088161777508183,0.0087890625,1,1,0.0
25.0,12.105512619018555,8.0,0.1949983686208725,0.8446282744407654,25.0,19.56382179260254,12.666206359863281,2.34375,0.36859846115112305,0.01850321888923645,359.0,4801.0,430445.84375,13.373258590698242,0.43640318512916565,1.798801064491272,3.5448601245880127,0.0,0.0,0.28842464089393616,953,958,940,1000,1020,1017,924,936,958,988,985,986,1018,974,936,895,983,957,943,940,952,938,872,974,1007,1002,1003,968,950,968,956,975,952,958,990,957,1016,1053,1005,1036,1080,1034,1023,1003,1019,1034,990,1038,1016,974,904,921,922,952,920,889,925,952,960,951,975,903,909,908,905,894,856,879,940,985,967,952,894,939,952,889,908,912,939,1004,988,985,970,956,990,982,971,974,955,985,954,952,984,988,919,984,989,942,940,893,1001,974,943,920,986,970,975,987,975,984,908,951,972,1003,976,918,905,971,984,984,969,952,971,986,1040,1024,984,991,1019,959,966,910,954,1001,990,1022,1018,957,904,908,971,968,955,903,973,1007,1004,968,987,968,971,990,999,985,927,910,923,954,967,957,967,983,985,969,1006,924,935,952,975,990,1005,985,1001,974,987,958,926,984,926,968,976,967,908,957,959,969,942,924,967,984,936,909,956,940,955,973,975,1023,972,1032,1033,1007,1018,956,943,958,919,904,907,895,955,954,969,968,909,940,1006,1000,1001,910,918,953,921,940,1021,1005,942,952,992,988,953,925,936,909,911,889,951,941,954,975,953,942,895,909,936,967,968,939,971,973,974,956,1016,1002,1022,1022,0.001953125,0.004979511243742954,0.04416179318201177,0.04306850990468739,0.020967686087484266,0.03930588241698849,0.06250762892892679,0.03908690643787012,0.027010384152225255,0.014778072217208551,0.03259437357085671,0.030508787796510367,0.021945512748285382,0.020132351687586234,0.00834375365753665,0.026240290708094537,0.027759121881937295,0.009765625,0.0244140625,0.03515625,0.04154696755113799,0.004367320268554277,0.009003461384075085,0.043013116299893045,0.01933495104806966,0.005258950006967289,0.005859375,0.023619895746968406,0.022714264354712906,0.0126953125,0.0078125,0.018425744398548053,0.008843149548962322,0.007627196949127592,0.009814331661250869,0.033332125323976586,0.027500249688142037,0.03144773864864183,0.015776850020901866,0.007627196949127592,0.0166015625,0.007873298582322802,0.013810679320049757,0.017469281074217108,0.021683206358568866,0.004979511243742954,0.0342911130196864,0.04501730692037543,0.0107421875,0.0027621358640099515,0.004979511243742954,0.017953883116064683,0.007873298582322802,0.003088161777508183,0.007627196949127592,0.012079411012551739,0.004367320268554277,0.00834375365753665,0.026654968874914416,0.005940197783494355,0.00390625,0.009003461384075085,0.003521046167445302,0.0009765625,0.05249875021763911,0.005694288959809864,0.010563138502335907,0.0021836601342771385,0.005258950006967289,0.001953125,0.01800692276815017,0.01242961138804478,0.006253051013118016,0.007627196949127592,0.007437278423695223,0.007873298582322802,0.011920464468489943,0.008734640537108554,0.005940197783494355,0.009814331661250869,0.004367320268554277,0.010054326309557618,0.013566839833447074,0.0013810679320049757,0.003521046167445302,0.007042092334890604,0.0027621358640099515,0.012506102026236032,0.004979511243742954,0.0021836601342771385,0.0065509804028314154,0.010563138502335907,0.005940197783494355,0.02681548870653512,0.009264485332524549,0.004367320268554277,0.022482157096135425,0.00834375365753665,0.003088161777508183,0.018961413905222265,0.008843149548962322,0.0021836601342771385,0.007873298582322802,0.0048828125,0.004979511243742954,0.0021836601342771385,0.0027621358640099515,0.004367320268554277,0.005940197783494355,0.005258950006967289,0.009264485332524549,0.014680953494504793,0.009618025197066508,0.009765625,0.0029296875,0.005524271728019903,0.027964494264211628,0.007873298582322802,0.005694288959809864,0.005524271728019903,0.009003461384075085,0.009212872199274027,0.0009765625,0.003521046167445302,0.006253051013118016,0.008052940675034493,0.008052940675034493,0.004367320268554277,0.0048828125,1,1,0.0
25.0,12.236498832702637,9.0,0.18675550818443298,0.7372885346412659,25.0,14.512646675109863,13.326677322387695,2.34375,0.34513312578201294,0.0182175375521183,348.0,4097.0,390736.8125,11.772988319396973,0.4681113660335541,1.4176470041275024,3.0776772499084473,0.00035892947926186025,0.0,0.27651724219322205,953,923,924,874,943,987,967,974,953,958,940,1000,1020,1017,924,936,958,988,985,986,1018,974,936,895,983,957,943,940,952,938,872,974,1007,1002,1003,968,950,968,956,975,952,958,990,957,1016,1053,1005,1036,1080,1034,1023,1003,1019,1034,990,1038,1016,974,904,921,922,952,920,889,925,952,960,951,975,903,909,908,905,894,856,879,940,985,967,952,894,939,952,889,908,912,939,1004,988,985,970,956,990,982,971,974,955,985,954,952,984,988,919,984,989,942,940,893,1001,974,943,920,986,970,975,987,975,984,908,951,972,1003,976,918,905,971,984,984,969,952,971,986,1040,1024,984,991,1019,959,966,910,954,1001,990,1022,1018,957,904,908,971,968,955,903,973,1007,1004,968,987,968,971,990,999,985,927,910,923,954,967,957,967,983,985,969,1006,924,935,952,975,990,1005,985,1001,974,987,958,926,984,926,968,976,967,908,957,959,969,942,924,967,984,936,909,956,940,955,973,975,1023,972,1032,1033,1007,1018,956,943,958,919,904,907,895,955,954,969,968,909,940,1006,1000,1001,910,918,953,921,940,1021,1005,942,952,992,988,953,925,936,909,911,889,951,941,954,975,953,942,895,909,936,967,968,939,0.0009765625,0.014938533731228863,0.04102724909687501,0.050706074163074884,0.02847144479904932,0.03274034104343791,0.054661335817017695,0.04290211452439218,0.032241355506287456,0.010918300671385692,0.025947910655442233,0.031158312760827766,0.023457836229422487,0.029652786036501906,0.01242961138804478,0.022269051271467537,0.024492062898407135,0.011920464468489943,0.027010384152225255,0.037288834164134345,0.033673710253059895,0.006905339660024878,0.01441877251975918,0.0450596562307005,0.01313830473347042,0.005859375,0.010786485368346935,0.027500249688142037,0.023518739411703703,0.013566839833447074,0.013282686043686957,0.01441877251975918,0.012732817197661424,0.0048828125,0.011134525635733769,0.0316291694154329,0.028721564784868637,0.03144773864864183,0.0185546875,0.005694288959809864,0.01878455474772592,0.009959022487485907,0.01528562093993997,0.0192608231673008,0.02108108705558877,0.005258950006967289,0.034637007521422264,0.044538102542935075,0.009814331661250869,0.0029296875,0.005859375,0.016716057391234072,0.007109482313750506,0.003521046167445302,0.006176323555016366,0.011388577919619728,0.004026470337517247,0.00834375365753665,0.02681548870653512,0.005940197783494355,0.003521046167445302,0.009003461384075085,0.003521046167445302,0.0013810679320049757,0.05249875021763911,0.007042092334890604,0.010563138502335907,0.0021836601342771385,0.004367320268554277,0.0021836601342771385,0.017953883116064683,0.012236293052872722,0.007042092334890604,0.0065509804028314154,0.007042092334890604,0.006905339660024878,0.011430371006562134,0.009618025197066508,0.007042092334890604,0.009212872199274027,0.004979511243742954,0.012506102026236032,0.0107421875,0.0021836601342771385,0.0021836601342771385,0.004026470337517247,0.001953125,0.012079411012551739,0.0048828125,0.005940197783494355,0.009814331661250869,0.012079411012551739,0.003088161777508183,0.024492062898407135,0.009212872199274027,0.0021836601342771385,0.025202124805788945,0.01019561182510796,0.0029296875,0.016630260122975003,0.007627196949127592,0.0,0.009765625,0.003088161777508183,0.005940197783494355,0.00390625,0.0048828125,0.006905339660024878,0.004026470337517247,0.006176323555016366,0.009959022487485907,0.0146484375,0.009264485332524549,0.00834375365753665,0.003521046167445302,0.003088161777508183,0.027203883353875233,0.009959022487485907,0.006905339660024878,0.006905339660024878,0.008734640537108554,0.010381001770248682,0.0021836601342771385,0.0021836601342771385,0.007109482313750506,0.007873298582322802,0.006176323555016366,0.0048828125,0.0029296875,1,1,0.0
25.0,12.193277359008789,7.0,0.18661221861839294,0.712523341178894,25.0,10.370904922485352,13.27362060546875,2.34375,0.3384232819080353,0.018321936950087547,352.0,3133.0,353255.71875,8.900568008422852,0.4749644994735718,1.084083080291748,2.6547529697418213,8.877841173671186e-05,0.0,0.2875829041004181,939,1003,943,892,937,920,954,955,953,923,924,874,943,987,967,974,953,958,940,1000,1020,1017,924,936,958,988,985,986,1018,974,936,895,983,957,943,940,952,938,872,974,1007,1002,1003,968,950,968,956,975,952,958,990,957,1016,1053,1005,1036,1080,1034,1023,1003,1019,1034,990,1038,1016,974,904,921,922,952,920,889,925,952,960,951,975,903,909,908,905,894,856,879,940,985,967,952,894,939,952,889,908,912,939,1004,988,985,970,956,990,982,971,974,955,985,954,952,984,988,919,984,989,942,940,893,1001,974,943,920,986,970,975,987,975,984,908,951,972,1003,976,918,905,971,984,984,969,952,971,986,1040,1024,984,991,1019,959,966,910,954,1001,990,1022,1018,957,904,908,971,968,955,903,973,1007,1004,968,987,968,971,990,999,985,927,910,923,954,967,957,967,983,985,969,1006,924,935,952,975,990,1005,985,1001,974,987,958,926,984,926,968,976,967,908,957,959,969,942,924,967,984,936,909,956,940,955,973,975,1023,972,1032,1033,1007,1018,956,943,958,919,904,907,895,955,954,969,968,909,940,1006,1000,1001,910,918,953,921,940,1021,1005,942,952,992,988,953,925,936,909,911,889,951,941,954,975,0.0,0.0166875073150733,0.041062101643805936,0.051267206048463625,0.028920103310470405,0.03126525506559008,0.05476591755003888,0.04372776011179318,0.033203125,0.011430371006562134,0.025559086578715626,0.0302734375,0.023478154844084585,0.029893023173855404,0.0126953125,0.021506558149946522,0.02286074201312427,0.013566839833447074,0.02751758360079174,0.03983608994994363,0.0341098617120566,0.009003461384075085,0.014680953494504793,0.04207160005573831,0.016630260122975003,0.005258950006967289,0.0065509804028314154,0.025465634395322848,0.021836601342771385,0.014517645261053229,0.008734640537108554,0.015625,0.01179984958358845,0.00966747552403483,0.005940197783494355,0.02638526579317636,0.022545696055889054,0.025465634395322848,0.019555648822754675,0.0048828125,0.025334222209126653,0.015655487833868553,0.020600608505594715,0.025390625,0.019186408891004394,0.0048828125,0.03712222228271135,0.04144354526156825,0.004979511243742954,0.0087890625,0.007437278423695223,0.012506102026236032,0.01188039556698871,0.005694288959809864,0.006253051013118016,0.007873298582322802,0.007627196949127592,0.0048828125,0.03126525506559008,0.0021836601342771385,0.006176323555016366,0.010918300671385692,0.004367320268554277,0.0021836601342771385,0.05476591755003888,0.00834375365753665,0.012732817197661424,0.0048828125,0.0013810679320049757,0.005258950006967289,0.015655487833868553,0.009264485332524549,0.005694288959809864,0.0087890625,0.009212872199274027,0.006905339660024878,0.00966747552403483,0.00834375365753665,0.007873298582322802,0.011759369705851851,0.009264485332524549,0.013601941676937616,0.008052940675034493,0.005694288959809864,0.003088161777508183,0.0013810679320049757,0.0048828125,0.01019561182510796,0.008286407592029853,0.008843149548962322,0.012079411012551739,0.009814331661250869,0.005694288959809864,0.027964494264211628,0.007109482313750506,0.0021836601342771385,0.024119314521930602,0.008400708268596315,0.003088161777508183,0.018165112536853784,0.0078125,0.0009765625,0.008734640537108554,0.003521046167445302,0.005940197783494355,0.004026470337517247,0.0048828125,0.006253051013118016,0.0048828125,0.006253051013118016,0.010563138502335907,0.013982247132105814,0.007437278423695223,0.007109482313750506,0.003088161777508183,0.0021836601342771385,0.025031260972609954,0.011759369705851851,0.008734640537108554,0.009003461384075085,0.0065509804028314154,0.012236293052872722,0.0021836601342771385,0.0013810679320049757,0.004979511243742954,0.010563138502335907,0.008734640537108554,0.0048828125,0.005859375,1,1,0.0
25.0,12.366247177124023,8.0,0.18666784465312958,0.7111819982528687,25.0,11.288209915161133,13.536031723022461,2.34375,0.33802786469459534,0.01839984767138958,355.0,3145.0,354925.625,8.85915470123291,0.4753043055534363,1.0,2.7708680629730225,0.0,-22.65625,0.31264030933380127,1004,975,941,987,1020,1023,936,910,939,1003,943,892,937,920,954,955,953,923,924,874,943,987,967,974,953,958,940,1000,1020,1017,924,936,958,988,985,986,1018,974,936,895,983,957,943,940,952,938,872,974,1007,1002,1003,968,950,968,956,975,952,958,990,957,1016,1053,1005,1036,1080,1034,1023,1003,1019,1034,990,1038,1016,974,904,921,922,952,920,889,925,952,960,951,975,903,909,908,905,894,856,879,940,985,967,952,894,939,952,889,908,912,939,1004,988,985,970,956,990,982,971,974,955,985,954,952,984,988,919,984,989,942,940,893,1001,974,943,920,986,970,975,987,975,984,908,951,972,1003,976,918,905,971,984,984,969,952,971,986,1040,1024,984,991,1019,959,966,910,954,1001,990,1022,1018,957,904,908,971,968,955,903,973,1007,1004,968,987,968,971,990,999,985,927,910,923,954,967,957,967,983,985,969,1006,924,935,952,975,990,1005,985,1001,974,987,958,926,984,926,968,976,967,908,957,959,969,942,924,967,984,936,909,956,940,955,973,975,1023,972,1032,1033,1007,1018,956,943,958,919,904,907,895,955,954,969,968,909,940,1006,1000,1001,910,918,953,921,940,1021,1005,942,952,992,988,953,925,0.00341796875,0.0078125,0.033673710253059895,0.04148954255126563,0.03891573993197515,0.037695818487536684,0.040618426451338716,0.05132298181043325,0.04367320268554277,0.022545696055889054,0.015625,0.019652941208494246,0.03434669022474409,0.024705294220065465,0.011920464468489943,0.027238917345666705,0.03088161777508183,0.00390625,0.0185546875,0.031988944051092184,0.03066468450802262,0.01242961138804478,0.02039122365021592,0.04296875,0.011430371006562134,0.010786485368346935,0.0068359375,0.021506558149946522,0.025390625,0.013101960805662831,0.006253051013118016,0.01800692276815017,0.010054326309557618,0.010563138502335907,0.004979511243742954,0.025947910655442233,0.022881590847382775,0.02489755621871477,0.017953883116064683,0.0065509804028314154,0.025781989809461104,0.017304731588544287,0.024119314521930602,0.0285216442705278,0.01800692276815017,0.0087890625,0.03891573993197515,0.03891573993197515,0.0021836601342771385,0.013982247132105814,0.009212872199274027,0.011430371006562134,0.016253239235442616,0.00834375365753665,0.010517900013934578,0.009959022487485907,0.009003461384075085,0.008052940675034493,0.029264304812054096,0.006905339660024878,0.00834375365753665,0.005694288959809864,0.006905339660024878,0.0029296875,0.056640625,0.009212872199274027,0.011759369705851851,0.0009765625,0.0048828125,0.0021836601342771385,0.017953883116064683,0.011759369705851851,0.006905339660024878,0.008052940675034493,0.008843149548962322,0.007042092334890604,0.009765625,0.008052940675034493,0.008400708268596315,0.012236293052872722,0.009264485332524549,0.013982247132105814,0.006905339660024878,0.005524271728019903,0.0041432037960149265,0.0029296875,0.00390625,0.00834375365753665,0.007873298582322802,0.0068359375,0.00966747552403483,0.00966747552403483,0.004979511243742954,0.024954945974962183,0.009003461384075085,0.0021836601342771385,0.024647323172117114,0.009003461384075085,0.0041432037960149265,0.016370170521718956,0.007627196949127592,0.0,0.009765625,0.003521046167445302,0.005859375,0.0029296875,0.00390625,0.004979511243742954,0.0065509804028314154,0.004367320268554277,0.012506102026236032,0.010918300671385692,0.0048828125,0.00390625,0.004979511243742954,0.0021836601342771385,0.026294750034836445,0.013706707859002147,0.011134525635733769,0.010786485368346935,0.005258950006967289,0.011134525635733769,0.001953125,0.005258950006967289,0.006176323555016366,0.005258950006967289,0.005940197783494355,0.006253051013118016,0.0009765625,1,1,0.0
25.0,12.165521621704102,9.0,0.17299839854240417,0.6780584454536438,2.734375,10.918710708618164,13.76058578491211,25.0,0.3341691792011261,0.018321936950087547,352.0,3364.0,326624.125,9.556818008422852,0.4928324222564697,1.2179579734802246,2.647514820098877,0.0010873423889279366,0.0,0.3156646192073822,975,982,968,923,976,983,990,1002,1004,975,941,987,1020,1023,936,910,939,1003,943,892,937,920,954,955,953,923,924,874,943,987,967,974,953,958,940,1000,1020,1017,924,936,958,988,985,986,1018,974,936,895,983,957,943,940,952,938,872,974,1007,1002,1003,968,950,968,956,975,952,958,990,957,1016,1053,1005,1036,1080,1034,1023,1003,1019,1034,990,1038,1016,974,904,921,922,952,920,889,925,952,960,951,975,903,909,908,905,894,856,879,940,985,967,952,894,939,952,889,908,912,939,1004,988,985,970,956,990,982,971,974,955,985,954,952,984,988,919,984,989,942,940,893,1001,974,943,920,986,970,975,987,975,984,908,951,972,1003,976,918,905,971,984,984,969,952,971,986,1040,1024,984,991,1019,959,966,910,954,1001,990,1022,1018,957,904,908,971,968,955,903,973,1007,1004,968,987,968,971,990,999,985,927,910,923,954,967,957,967,983,985,969,1006,924,935,952,975,990,1005,985,1001,974,987,958,926,984,926,968,976,967,908,957,959,969,942,924,967,984,936,909,956,940,955,973,975,1023,972,1032,1033,1007,1018,956,943,958,919,904,907,895,955,954,969,968,909,940,1006,1000,1001,910,918,953,921,940,0.001953125,0.0078125,0.03633022507370757,0.041120123577006444,0.037186392118476116,0.04007477447008436,0.04008667139018319,0.049909891949924366,0.04501730692037543,0.023840928936979887,0.0126953125,0.01680141653719263,0.037186392118476116,0.022777155839239456,0.012732817197661424,0.030336376107439583,0.03385729652999944,0.003521046167445302,0.0192608231673008,0.033730304764004966,0.028721564784868637,0.0146484375,0.021417687694786434,0.039499508625306025,0.013982247132105814,0.009814331661250869,0.005524271728019903,0.023294649300540163,0.024020261477048523,0.012352647110032733,0.007873298582322802,0.018528970665049098,0.009618025197066508,0.009959022487485907,0.004026470337517247,0.026057937625246747,0.022545696055889054,0.025353037081537442,0.018657200365764452,0.006176323555016366,0.024492062898407135,0.017469281074217108,0.022798081113142094,0.028437929255002024,0.014778072217208551,0.010918300671385692,0.03907470512449718,0.03911129764550935,0.003521046167445302,0.015776850020901866,0.011430371006562134,0.013101960805662831,0.018528970665049098,0.00834375365753665,0.01284467425582608,0.012732817197661424,0.005859375,0.0107421875,0.025409398107925172,0.005524271728019903,0.004026470337517247,0.008734640537108554,0.00390625,0.0009765625,0.05402076830445051,0.0087890625,0.013879560940968648,0.004979511243742954,0.003088161777508183,0.0065509804028314154,0.014084184669781208,0.01019561182510796,0.003521046167445302,0.008843149548962322,0.005940197783494355,0.0048828125,0.010563138502335907,0.008734640537108554,0.0068359375,0.012236293052872722,0.007873298582322802,0.01171875,0.007627196949127592,0.006905339660024878,0.005258950006967289,0.001953125,0.006176323555016366,0.008400708268596315,0.008734640537108554,0.006905339660024878,0.009212872199274027,0.009814331661250869,0.004367320268554277,0.025465634395322848,0.009003461384075085,0.0009765625,0.025465634395322848,0.007627196949127592,0.0041432037960149265,0.01824369305885684,0.0087890625,0.0009765625,0.009264485332524549,0.003521046167445302,0.006176323555016366,0.004979511243742954,0.004026470337517247,0.003088161777508183,0.007873298582322802,0.004026470337517247,0.013982247132105814,0.009003461384075085,0.0027621358640099515,0.003088161777508183,0.0068359375,0.00390625,0.027010384152225255,0.01242961138804478,0.011759369705851851,0.009003461384075085,0.008400708268596315,0.009618025197066508,0.0009765625,0.00390625,0.006905339660024878,0.007437278423695223,0.005859375,0.005940197783494355,0.0029296875,1,1,0.0
25.0,12.235055923461914,9.0,0.1771082729101181,0.7002885937690735,2.734375,9.081832885742188,13.614564895629883,25.0,0.3389199376106262,0.018321936950087547,352.0,3060.0,312831.28125,8.693181991577148,0.48397180438041687,1.1715160608291626,2.4185447692871094,0.000354704272467643,0.0,0.3169061541557312,984,982,911,920,954,958,907,920,975,982,968,923,976,983,990,1002,1004,975,941,987,1020,1023,936,910,939,1003,943,892,937,920,954,955,953,923,924,874,943,987,967,974,953,958,940,1000,1020,1017,924,936,958,988,985,986,1018,974,936,895,983,957,943,940,952,938,872,974,1007,1002,1003,968,950,968,956,975,952,958,990,957,1016,1053,1005,1036,1080,1034,1023,1003,1019,1034,990,1038,1016,974,904,921,922,952,920,889,925,952,960,951,975,903,909,908,905,894,856,879,940,985,967,952,894,939,952,889,908,912,939,1004,988,985,970,956,990,982,971,974,955,985,954,952,984,988,919,984,989,942,940,893,1001,974,943,920,986,970,975,987,975,984,908,951,972,1003,976,918,905,971,984,984,969,952,971,986,1040,1024,984,991,1019,959,966,910,954,1001,990,1022,1018,957,904,908,971,968,955,903,973,1007,1004,968,987,968,971,990,999,985,927,910,923,954,967,957,967,983,985,969,1006,924,935,952,975,990,1005,985,1001,974,987,958,926,984,926,968,976,967,908,957,959,969,942,924,967,984,936,909,956,940,955,973,975,1023,972,1032,1033,1007,1018,956,943,958,919,904,907,895,955,954,969,968,909,940,0.00146484375,0.007873298582322802,0.03792282781044453,0.0412127887617367,0.03623823303765522,0.041581384484460485,0.03989589495276464,0.05064020375962568,0.046188412462443235,0.025559086578715626,0.012732817197661424,0.015655487833868553,0.03521046167445302,0.020531050821902968,0.011430371006562134,0.028738162049926096,0.031988944051092184,0.004367320268554277,0.01933495104806966,0.0316291694154329,0.030524413297046454,0.013601941676937616,0.022714264354712906,0.040653629485348924,0.013982247132105814,0.01188039556698871,0.0027621358640099515,0.022269051271467537,0.019236050394133015,0.015746597164645604,0.010786485368346935,0.016164985700436375,0.009814331661250869,0.01019561182510796,0.004979511243742954,0.025012204052472065,0.01727715430952552,0.021836601342771385,0.022714264354712906,0.003521046167445302,0.023294649300540163,0.012732817197661424,0.019186408891004394,0.025781989809461104,0.011388577919619728,0.015254393898255184,0.039571874197958615,0.03837281778200879,0.007873298582322802,0.020531050821902968,0.01179984958358845,0.018657200365764452,0.017820593350483065,0.0041432037960149265,0.010563138502335907,0.012236293052872722,0.005524271728019903,0.005859375,0.029700988917471777,0.004367320268554277,0.008286407592029853,0.007042092334890604,0.007873298582322802,0.004367320268554277,0.055937513639139395,0.008052940675034493,0.010563138502335907,0.004026470337517247,0.0021836601342771385,0.006176323555016366,0.013282686043686957,0.007873298582322802,0.003088161777508183,0.012352647110032733,0.006905339660024878,0.003088161777508183,0.008734640537108554,0.012079411012551739,0.007627196949127592,0.009618025197066508,0.006253051013118016,0.01019561182510796,0.008734640537108554,0.007042092334890604,0.005940197783494355,0.004026470337517247,0.007627196949127592,0.006253051013118016,0.01019561182510796,0.005859375,0.007873298582322802,0.011134525635733769,0.001953125,0.024647323172117114,0.007109482313750506,0.001953125,0.024472586105745445,0.007109482313750506,0.0027621358640099515,0.016630260122975003,0.007437278423695223,0.0013810679320049757,0.011048543456039806,0.005524271728019903,0.00390625,0.001953125,0.004367320268554277,0.006253051013118016,0.0048828125,0.003088161777508183,0.01188039556698871,0.009618025197066508,0.00390625,0.0009765625,0.009212872199274027,0.008286407592029853,0.03144773864864183,0.0107421875,0.007873298582322802,0.005694288959809864,0.009003461384075085,0.010786485368346935,0.0021836601342771385,0.001953125,0.00390625,0.005258950006967289,0.007627196949127592,0.0065509804028314154,0.0,1,1,0.0
25.0,12.334939002990723,10.0,0.17418083548545837,0.7293747663497925,2.734375,10.199573516845703,13.639039993286133,25.0,0.3482944667339325,0.0182175375521183,348.0,3281.0,330389.15625,9.428160667419434,0.47752469778060913,1.220156192779541,2.584150552749634,0.00020157225662842393,0.0,0.30093351006507874,1039,1035,1035,989,967,992,967,968,984,982,911,920,954,958,907,920,975,982,968,923,976,983,990,1002,1004,975,941,987,1020,1023,936,910,939,1003,943,892,937,920,954,955,953,923,924,874,943,987,967,974,953,958,940,1000,1020,1017,924,936,958,988,985,986,1018,974,936,895,983,957,943,940,952,938,872,974,1007,1002,1003,968,950,968,956,975,952,958,990,957,1016,1053,1005,1036,1080,1034,1023,1003,1019,1034,990,1038,1016,974,904,921,922,952,920,889,925,952,960,951,975,903,909,908,905,894,856,879,940,985,967,952,894,939,952,889,908,912,939,1004,988,985,970,956,990,982,971,974,955,985,954,952,984,988,919,984,989,942,940,893,1001,974,943,920,986,970,975,987,975,984,908,951,972,1003,976,918,905,971,984,984,969,952,971,986,1040,1024,984,991,1019,959,966,910,954,1001,990,1022,1018,957,904,908,971,968,955,903,973,1007,1004,968,987,968,971,990,999,985,927,910,923,954,967,957,967,983,985,969,1006,924,935,952,975,990,1005,985,1001,974,987,958,926,984,926,968,976,967,908,957,959,969,942,924,967,984,936,909,956,940,955,973,975,1023,972,1032,1033,1007,1018,956,943,958,919,904,0.00146484375,0.017953883116064683,0.02108108705558877,0.055928988528423255,0.03430501576220761,0.033260520245950005,0.05353308622525682,0.036604814089826784,0.04523919852304871,0.035061177873078594,0.010918300671385692,0.0013810679320049757,0.04130524605968086,0.008843149548962322,0.0021836601342771385,0.026939676219011176,0.021035800027869155,0.013601941676937616,0.018961413905222265,0.021683206358568866,0.03304477405407936,0.023478154844084585,0.030524413297046454,0.03144773864864183,0.022545696055889054,0.00834375365753665,0.009003461384075085,0.027500249688142037,0.02681548870653512,0.009264485332524549,0.003521046167445302,0.018425744398548053,0.014906579611790769,0.006176323555016366,0.011048543456039806,0.032122820709762745,0.01708286687942959,0.014084184669781208,0.026868782211323446,0.0107421875,0.02765586378614511,0.007873298582322802,0.011134525635733769,0.023940723969006372,0.0041432037960149265,0.022545696055889054,0.04442017740446937,0.03304477405407936,0.011920464468489943,0.019457869965987574,0.0065509804028314154,0.01760523083722651,0.0126953125,0.004979511243742954,0.00966747552403483,0.00966747552403483,0.007873298582322802,0.010054326309557618,0.02627660946694084,0.005694288959809864,0.0048828125,0.009212872199274027,0.006253051013118016,0.0029296875,0.05597160109729336,0.0087890625,0.011430371006562134,0.0021836601342771385,0.001953125,0.004979511243742954,0.013706707859002147,0.009003461384075085,0.003521046167445302,0.010563138502335907,0.006905339660024878,0.0041432037960149265,0.008734640537108554,0.011134525635733769,0.009212872199274027,0.007873298582322802,0.004367320268554277,0.00834375365753665,0.009814331661250869,0.00834375365753665,0.007627196949127592,0.006176323555016366,0.010517900013934578,0.0041432037960149265,0.009814331661250869,0.00390625,0.007042092334890604,0.013982247132105814,0.0029296875,0.02489755621871477,0.006905339660024878,0.0021836601342771385,0.023619895746968406,0.0087890625,0.0009765625,0.01589728573837862,0.005940197783494355,0.0013810679320049757,0.01019561182510796,0.004979511243742954,0.0048828125,0.0027621358640099515,0.005258950006967289,0.005258950006967289,0.005940197783494355,0.001953125,0.013282686043686957,0.009003461384075085,0.0021836601342771385,0.0,0.009003461384075085,0.006176323555016366,0.029877067462457725,0.010918300671385692,0.009003461384075085,0.006905339660024878,0.009003461384075085,0.01019561182510796,0.0021836601342771385,0.001953125,0.0041432037960149265,0.005258950006967289,0.007437278423695223,0.006176323555016366,0.0,1,1,0.0
25.0,12.196805953979492,6.0,0.1498405486345291,0.7420828938484192,1.171875,12.64869213104248,13.481280326843262,25.0,0.362146258354187,0.01826981082558632,350.0,3285.0,373989.3125,9.385714530944824,0.48801320791244507,1.0015244483947754,2.958164691925049,0.00020070916798431426,0.0,0.2776377499103546,1017,1017,1006,927,953,1008,924,973,1039,1035,1035,989,967,992,967,968,984,982,911,920,954,958,907,920,975,982,968,923,976,983,990,1002,1004,975,941,987,1020,1023,936,910,939,1003,943,892,937,920,954,955,953,923,924,874,943,987,967,974,953,958,940,1000,1020,1017,924,936,958,988,985,986,1018,974,936,895,983,957,943,940,952,938,872,974,1007,1002,1003,968,950,968,956,975,952,958,990,957,1016,1053,1005,1036,1080,1034,1023,1003,1019,1034,990,1038,1016,974,904,921,922,952,920,889,925,952,960,951,975,903,909,908,905,894,856,879,940,985,967,952,894,939,952,889,908,912,939,1004,988,985,970,956,990,982,971,974,955,985,954,952,984,988,919,984,989,942,940,893,1001,974,943,920,986,970,975,987,975,984,908,951,972,1003,976,918,905,971,984,984,969,952,971,986,1040,1024,984,991,1019,959,966,910,954,1001,990,1022,1018,957,904,908,971,968,955,903,973,1007,1004,968,987,968,971,990,999,985,927,910,923,954,967,957,967,983,985,969,1006,924,935,952,975,990,1005,985,1001,974,987,958,926,984,926,968,976,967,908,957,959,969,942,924,967,984,936,909,956,940,955,973,975,1023,972,1032,0.001953125,0.01878455474772592,0.021126277004671814,0.05603971381017021,0.034637007521422264,0.0328130812820536,0.054731079176570524,0.03633022507370757,0.046589298601080326,0.0361328125,0.01171875,0.0013810679320049757,0.04088754182706703,0.009212872199274027,0.0029296875,0.026294750034836445,0.020132351687586234,0.014218964627501012,0.018165112536853784,0.02132844694125152,0.031035641761856844,0.02458921545315268,0.030336376107439583,0.03179457147675724,0.021417687694786434,0.005859375,0.009765625,0.026565372087373914,0.026565372087373914,0.012079411012551739,0.004367320268554277,0.0166875073150733,0.014517645261053229,0.004979511243742954,0.010563138502335907,0.030835260554388563,0.015776850020901866,0.015655487833868553,0.02568934851165216,0.007873298582322802,0.026240290708094537,0.008400708268596315,0.013566839833447074,0.023212625632821705,0.006905339660024878,0.020967686087484266,0.04200354134298158,0.035907766232129365,0.011430371006562134,0.021439939843847802,0.008843149548962322,0.020320949264340638,0.01188039556698871,0.003088161777508183,0.007437278423695223,0.008400708268596315,0.01019561182510796,0.009765625,0.025781989809461104,0.008400708268596315,0.0027621358640099515,0.010918300671385692,0.0048828125,0.004367320268554277,0.05815263644906018,0.01188039556698871,0.01188039556698871,0.0021836601342771385,0.0048828125,0.0065509804028314154,0.012506102026236032,0.004979511243742954,0.0021836601342771385,0.012236293052872722,0.004367320268554277,0.004979511243742954,0.010918300671385692,0.009618025197066508,0.009618025197066508,0.008734640537108554,0.0048828125,0.009003461384075085,0.013028968812623373,0.008734640537108554,0.009959022487485907,0.007627196949127592,0.01188039556698871,0.003088161777508183,0.009814331661250869,0.0027621358640099515,0.009212872199274027,0.0126953125,0.004367320268554277,0.025855863857175247,0.007437278423695223,0.0013810679320049757,0.024020261477048523,0.006905339660024878,0.001953125,0.015440808887540914,0.0065509804028314154,0.0021836601342771385,0.010786485368346935,0.004979511243742954,0.005940197783494355,0.003088161777508183,0.004979511243742954,0.005940197783494355,0.005524271728019903,0.0021836601342771385,0.013282686043686957,0.0087890625,0.001953125,0.0009765625,0.009618025197066508,0.005940197783494355,0.029813159223581537,0.010563138502335907,0.008734640537108554,0.007627196949127592,0.009003461384075085,0.008734640537108554,0.0021836601342771385,0.0009765625,0.003521046167445302,0.0065509804028314154,0.009765625,0.006176323555016366,0.0009765625,1,1,0.0
25.0,12.334171295166016,6.0,0.14262092113494873,0.743744969367981,1.171875,13.816154479980469,13.670635223388672,25.0,0.3656907379627228,0.018373914062976837,354.0,3546.0,388567.21875,10.016948699951172,0.4916883409023285,1.0768296718597412,3.1113197803497314,0.0003527492517605424,0.0,0.28776875138282776,1003,1017,990,1001,985,973,942,1036,1017,1017,1006,927,953,1008,924,973,1039,1035,1035,989,967,992,967,968,984,982,911,920,954,958,907,920,975,982,968,923,976,983,990,1002,1004,975,941,987,1020,1023,936,910,939,1003,943,892,937,920,954,955,953,923,924,874,943,987,967,974,953,958,940,1000,1020,1017,924,936,958,988,985,986,1018,974,936,895,983,957,943,940,952,938,872,974,1007,1002,1003,968,950,968,956,975,952,958,990,957,1016,1053,1005,1036,1080,1034,1023,1003,1019,1034,990,1038,1016,974,904,921,922,952,920,889,925,952,960,951,975,903,909,908,905,894,856,879,940,985,967,952,894,939,952,889,908,912,939,1004,988,985,970,956,990,982,971,974,955,985,954,952,984,988,919,984,989,942,940,893,1001,974,943,920,986,970,975,987,975,984,908,951,972,1003,976,918,905,971,984,984,969,952,971,986,1040,1024,984,991,1019,959,966,910,954,1001,990,1022,1018,957,904,908,971,968,955,903,973,1007,1004,968,987,968,971,990,999,985,927,910,923,954,967,957,967,983,985,969,1006,924,935,952,975,990,1005,985,1001,974,987,958,926,984,926,968,976,967,908,957,959,969,942,924,967,984,936,909,0.0009765625,0.0244140625,0.018528970665049098,0.05902348920414678,0.029442994983752607,0.03798564519292329,0.049304318599079446,0.041718768287683256,0.04367320268554277,0.028920103310470405,0.005694288959809864,0.004979511243742954,0.048100040453221686,0.0027621358640099515,0.009814331661250869,0.0264394265052361,0.012236293052872722,0.018347943582085875,0.013282686043686957,0.020132351687586234,0.023619895746968406,0.022140203220223895,0.023294649300540163,0.03965613379735733,0.014218964627501012,0.012506102026236032,0.003088161777508183,0.0283875817456028,0.023518739411703703,0.007109482313750506,0.0048828125,0.022545696055889054,0.017387200990981306,0.005524271728019903,0.015655487833868553,0.03455430861905104,0.012506102026236032,0.013028968812623373,0.028721564784868637,0.006253051013118016,0.022798081113142094,0.009212872199274027,0.015254393898255184,0.02417855156863271,0.008400708268596315,0.019773883526676354,0.04194674139631744,0.036851488797096106,0.011430371006562134,0.021417687694786434,0.009003461384075085,0.021484375,0.012506102026236032,0.003521046167445302,0.005940197783494355,0.005694288959809864,0.012079411012551739,0.011430371006562134,0.023518739411703703,0.009264485332524549,0.003088161777508183,0.012236293052872722,0.007042092334890604,0.004979511243742954,0.058021292099659956,0.01019561182510796,0.010918300671385692,0.003088161777508183,0.003088161777508183,0.005940197783494355,0.015254393898255184,0.006253051013118016,0.004026470337517247,0.012506102026236032,0.005258950006967289,0.004367320268554277,0.01179984958358845,0.008052940675034493,0.008843149548962322,0.010563138502335907,0.005940197783494355,0.009618025197066508,0.013810679320049757,0.009003461384075085,0.010054326309557618,0.008052940675034493,0.012732817197661424,0.004026470337517247,0.009264485332524549,0.0009765625,0.010786485368346935,0.012236293052872722,0.005694288959809864,0.025012204052472065,0.010381001770248682,0.0021836601342771385,0.025390625,0.006253051013118016,0.0021836601342771385,0.012506102026236032,0.004026470337517247,0.003088161777508183,0.008400708268596315,0.003088161777508183,0.005258950006967289,0.003521046167445302,0.004367320268554277,0.007042092334890604,0.0029296875,0.0027621358640099515,0.014517645261053229,0.005940197783494355,0.0009765625,0.0029296875,0.006905339660024878,0.004367320268554277,0.029700988917471777,0.010918300671385692,0.008734640537108554,0.006253051013118016,0.007627196949127592,0.010054326309557618,0.0009765625,0.003088161777508183,0.006176323555016366,0.008843149548962322,0.011430371006562134,0.007437278423695223,0.0029296875,1,1,0.0
25.0,12.381579399108887,8.0,0.12473531067371368,0.7340062856674194,25.0,13.614677429199219,13.797111511230469,1.171875,0.37050026655197144,0.018373914062976837,354.0,3653.0,405453.875,10.319209098815918,0.5047644376754761,1.034844160079956,3.107884168624878,8.823010284686461e-05,-23.828125,0.2940731942653656,1035,984,952,991,991,999,908,972,1003,1017,990,1001,985,973,942,1036,1017,1017,1006,927,953,1008,924,973,1039,1035,1035,989,967,992,967,968,984,982,911,920,954,958,907,920,975,982,968,923,976,983,990,1002,1004,975,941,987,1020,1023,936,910,939,1003,943,892,937,920,954,955,953,923,924,874,943,987,967,974,953,958,940,1000,1020,1017,924,936,958,988,985,986,1018,974,936,895,983,957,943,940,952,938,872,974,1007,1002,1003,968,950,968,956,975,952,958,990,957,1016,1053,1005,1036,1080,1034,1023,1003,1019,1034,990,1038,1016,974,904,921,922,952,920,889,925,952,960,951,975,903,909,908,905,894,856,879,940,985,967,952,894,939,952,889,908,912,939,1004,988,985,970,956,990,982,971,974,955,985,954,952,984,988,919,984,989,942,940,893,1001,974,943,920,986,970,975,987,975,984,908,951,972,1003,976,918,905,971,984,984,969,952,971,986,1040,1024,984,991,1019,959,966,910,954,1001,990,1022,1018,957,904,908,971,968,955,903,973,1007,1004,968,987,968,971,990,999,985,927,910,923,954,967,957,967,983,985,969,1006,924,935,952,975,990,1005,985,1001,974,987,958,926,984,926,968,976,967,908,957,0.0,0.029877067462457725,0.01886055460530075,0.06132936901604524,0.024119314521930602,0.04244397228925924,0.04412938878005861,0.043013116299893045,0.03756910949545184,0.029523860269201122,0.009814331661250869,0.007873298582322802,0.047651847260765046,0.007873298582322802,0.009003461384075085,0.0234375,0.01760523083722651,0.013810679320049757,0.015746597164645604,0.020108652619115236,0.028437929255002024,0.025031260972609954,0.027500249688142037,0.03585460888805824,0.015746597164645604,0.010054326309557618,0.0027621358640099515,0.025465634395322848,0.020600608505594715,0.008400708268596315,0.007109482313750506,0.024492062898407135,0.017953883116064683,0.007042092334890604,0.0166875073150733,0.03554741156875253,0.010918300671385692,0.01242961138804478,0.030649130520459405,0.005258950006967289,0.02209708691207961,0.009003461384075085,0.016105881350068987,0.024158822025103478,0.01019561182510796,0.0185803687406645,0.03965613379735733,0.03829818662329605,0.014218964627501012,0.023518739411703703,0.00834375365753665,0.01878455474772592,0.011430371006562134,0.004367320268554277,0.007627196949127592,0.0078125,0.011388577919619728,0.009959022487485907,0.02489755621871477,0.013101960805662831,0.001953125,0.016253239235442616,0.010517900013934578,0.008734640537108554,0.06011216170512654,0.006905339660024878,0.009618025197066508,0.005940197783494355,0.003521046167445302,0.0021836601342771385,0.01800692276815017,0.005859375,0.006905339660024878,0.015254393898255184,0.0021836601342771385,0.006905339660024878,0.01171875,0.009212872199274027,0.011388577919619728,0.007627196949127592,0.004367320268554277,0.00966747552403483,0.011134525635733769,0.005694288959809864,0.009212872199274027,0.009959022487485907,0.015440808887540914,0.004979511243742954,0.008734640537108554,0.004026470337517247,0.010918300671385692,0.010517900013934578,0.003088161777508183,0.023940723969006372,0.008052940675034493,0.001953125,0.024472586105745445,0.007437278423695223,0.003088161777508183,0.01589728573837862,0.005940197783494355,0.004367320268554277,0.010517900013934578,0.004367320268554277,0.008052940675034493,0.0065509804028314154,0.0009765625,0.00834375365753665,0.001953125,0.004979511243742954,0.01528562093993997,0.0048828125,0.0021836601342771385,0.005694288959809864,0.004979511243742954,0.003521046167445302,0.029133659941750583,0.011134525635733769,0.0078125,0.0048828125,0.0065509804028314154,0.011920464468489943,0.0021836601342771385,0.003521046167445302,0.005694288959809864,0.009765625,0.012506102026236032,0.007109482313750506,0.00390625,1,1,0.0
25.0,12.453989028930664,7.0,0.12831467390060425,0.7028450965881348,25.0,16.19611930847168,14.034956932067871,1.171875,0.3597859740257263,0.018580369651317596,362.0,3944.0,409750.34375,10.895027160644531,0.5118993520736694,1.040907859802246,3.3501811027526855,0.0,0.0,0.32172977924346924,972,1050,1065,1051,1066,1007,1004,973,1035,984,952,991,991,999,908,972,1003,1017,990,1001,985,973,942,1036,1017,1017,1006,927,953,1008,924,973,1039,1035,1035,989,967,992,967,968,984,982,911,920,954,958,907,920,975,982,968,923,976,983,990,1002,1004,975,941,987,1020,1023,936,910,939,1003,943,892,937,920,954,955,953,923,924,874,943,987,967,974,953,958,940,1000,1020,1017,924,936,958,988,985,986,1018,974,936,895,983,957,943,940,952,938,872,974,1007,1002,1003,968,950,968,956,975,952,958,990,957,1016,1053,1005,1036,1080,1034,1023,1003,1019,1034,990,1038,1016,974,904,921,922,952,920,889,925,952,960,951,975,903,909,908,905,894,856,879,940,985,967,952,894,939,952,889,908,912,939,1004,988,985,970,956,990,982,971,974,955,985,954,952,984,988,919,984,989,942,940,893,1001,974,943,920,986,970,975,987,975,984,908,951,972,1003,976,918,905,971,984,984,969,952,971,986,1040,1024,984,991,1019,959,966,910,954,1001,990,1022,1018,957,904,908,971,968,955,903,973,1007,1004,968,987,968,971,990,999,985,927,910,923,954,967,957,967,983,985,969,1006,924,935,952,975,990,1005,985,1001,974,987,958,0.0009765625,0.04695630968816917,0.03180956538066861,0.06104882659409291,0.0285216442705278,0.04463435500791578,0.0498046875,0.03452669830012439,0.03614600688148779,0.04631213164601319,0.021836601342771385,0.008843149548962322,0.03371616504225013,0.013982247132105814,0.007627196949127592,0.036773770280786586,0.014938533731228863,0.0264394265052361,0.0170549308560283,0.021683206358568866,0.018165112536853784,0.018165112536853784,0.0205078125,0.039257326645003476,0.019749754312653012,0.010054326309557618,0.009212872199274027,0.025012204052472065,0.022714264354712906,0.013282686043686957,0.009618025197066508,0.025409398107925172,0.016253239235442616,0.010517900013934578,0.01933495104806966,0.0386328914938525,0.010381001770248682,0.013601941676937616,0.029442994983752607,0.0048828125,0.023518739411703703,0.008843149548962322,0.014938533731228863,0.025390625,0.009264485332524549,0.0166015625,0.03768316676088816,0.04033569614856129,0.015776850020901866,0.023047702580480365,0.006253051013118016,0.01792730444402912,0.014517645261053229,0.00390625,0.006905339660024878,0.005694288959809864,0.01441877251975918,0.012352647110032733,0.021439939843847802,0.011759369705851851,0.00390625,0.014938533731228863,0.009264485332524549,0.006905339660024878,0.05800485314420897,0.009003461384075085,0.011134525635733769,0.003521046167445302,0.0021836601342771385,0.004367320268554277,0.015655487833868553,0.006905339660024878,0.006176323555016366,0.015440808887540914,0.0048828125,0.005258950006967289,0.014084184669781208,0.007437278423695223,0.011134525635733769,0.00834375365753665,0.0029296875,0.007873298582322802,0.009814331661250869,0.006176323555016366,0.008052940675034493,0.009765625,0.0166875073150733,0.00390625,0.009212872199274027,0.0048828125,0.012732817197661424,0.009814331661250869,0.004367320268554277,0.0235996991671769,0.008052940675034493,0.0021836601342771385,0.024472586105745445,0.006905339660024878,0.0021836601342771385,0.015746597164645604,0.005694288959809864,0.0029296875,0.010918300671385692,0.006253051013118016,0.0078125,0.005940197783494355,0.003521046167445302,0.005258950006967289,0.0048828125,0.0068359375,0.013282686043686957,0.0078125,0.005524271728019903,0.009003461384075085,0.003521046167445302,0.003521046167445302,0.0283875817456028,0.013028968812623373,0.0048828125,0.007437278423695223,0.0021836601342771385,0.01179984958358845,0.007042092334890604,0.0048828125,0.005524271728019903,0.008052940675034493,0.008843149548962322,0.007873298582322802,0.0009765625,1,1,0.0
25.0,12.296820640563965,6.0,0.13406962156295776,0.8148256540298462,25.0,12.745610237121582,12.982720375061035,1.171875,0.3887879252433777,0.019310273230075836,391.0,3908.0,443184.8125,9.994884490966797,0.47714245319366455,1.1077097654342651,2.95613694190979,7.988655852386728e-05,0.0,0.3300466239452362,928,938,940,957,969,942,894,975,972,1050,1065,1051,1066,1007,1004,973,1035,984,952,991,991,999,908,972,1003,1017,990,1001,985,973,942,1036,1017,1017,1006,927,953,1008,924,973,1039,1035,1035,989,967,992,967,968,984,982,911,920,954,958,907,920,975,982,968,923,976,983,990,1002,1004,975,941,987,1020,1023,936,910,939,1003,943,892,937,920,954,955,953,923,924,874,943,987,967,974,953,958,940,1000,1020,1017,924,936,958,988,985,986,1018,974,936,895,983,957,943,940,952,938,872,974,1007,1002,1003,968,950,968,956,975,952,958,990,957,1016,1053,1005,1036,1080,1034,1023,1003,1019,1034,990,1038,1016,974,904,921,922,952,920,889,925,952,960,951,975,903,909,908,905,894,856,879,940,985,967,952,894,939,952,889,908,912,939,1004,988,985,970,956,990,982,971,974,955,985,954,952,984,988,919,984,989,942,940,893,1001,974,943,920,986,970,975,987,975,984,908,951,972,1003,976,918,905,971,984,984,969,952,971,986,1040,1024,984,991,1019,959,966,910,954,1001,990,1022,1018,957,904,908,971,968,955,903,973,1007,1004,968,987,968,971,990,999,985,927,910,923,954,967,957,967,983,985,969,1006,924,935,952,0.0,0.03819845159298427,0.022482157096135425,0.0650422883021356,0.019555648822754675,0.05045152872300582,0.04026470337517247,0.04421574774481161,0.027151247606362977,0.04606436099637014,0.027964494264211628,0.016630260122975003,0.026939676219011176,0.022269051271467537,0.012506102026236032,0.04293544518941525,0.018425744398548053,0.03340357690720131,0.019918044974971814,0.02489755621871477,0.013810679320049757,0.013028968812623373,0.022798081113142094,0.03773374821555011,0.02298555135925746,0.0065509804028314154,0.010563138502335907,0.022482157096135425,0.020692988379313566,0.01284467425582608,0.008843149548962322,0.025633603024231812,0.01680141653719263,0.010918300671385692,0.018528970665049098,0.03889122607761695,0.009003461384075085,0.013810679320049757,0.030289184412638327,0.003088161777508183,0.025781989809461104,0.009264485332524549,0.01242961138804478,0.027981540589637505,0.011048543456039806,0.013101960805662831,0.03340357690720131,0.04271274946997859,0.020531050821902968,0.022269051271467537,0.0009765625,0.013282686043686957,0.017820593350483065,0.0029296875,0.001953125,0.005258950006967289,0.011759369705851851,0.009959022487485907,0.026654968874914416,0.010918300671385692,0.0013810679320049757,0.01708286687942959,0.011430371006562134,0.010563138502335907,0.057418221078473046,0.005524271728019903,0.013282686043686957,0.0027621358640099515,0.005258950006967289,0.006176323555016366,0.014906579611790769,0.007873298582322802,0.004979511243742954,0.013706707859002147,0.005694288959809864,0.00390625,0.013282686043686957,0.006176323555016366,0.011388577919619728,0.009814331661250869,0.0027621358640099515,0.005694288959809864,0.009814331661250869,0.0068359375,0.0048828125,0.009212872199274027,0.018657200365764452,0.007109482313750506,0.009003461384075085,0.007042092334890604,0.012506102026236032,0.007873298582322802,0.0009765625,0.025012204052472065,0.006176323555016366,0.0013810679320049757,0.02751758360079174,0.004979511243742954,0.0021836601342771385,0.013982247132105814,0.005524271728019903,0.0009765625,0.010918300671385692,0.0065509804028314154,0.008843149548962322,0.006253051013118016,0.0041432037960149265,0.005258950006967289,0.005859375,0.007873298582322802,0.011759369705851851,0.009003461384075085,0.007042092334890604,0.010918300671385692,0.004367320268554277,0.006905339660024878,0.03066468450802262,0.01179984958358845,0.0021836601342771385,0.010381001770248682,0.004026470337517247,0.00834375365753665,0.006253051013118016,0.0021836601342771385,0.0021836601342771385,0.007109482313750506,0.009959022487485907,0.005859375,0.00390625,1,1,0.0
25.0,12.307904243469238,7.0,0.16255535185337067,0.7519745230674744,25.0,15.219006538391113,13.248096466064453,1.171875,0.35944417119026184,0.01940879598259926,395.0,4436.0,464885.09375,11.230380058288574,0.4780004620552063,1.2831934690475464,3.1951255798339844,0.0,0.0,0.30102235078811646,944,973,984,910,957,960,953,984,928,938,940,957,969,942,894,975,972,1050,1065,1051,1066,1007,1004,973,1035,984,952,991,991,999,908,972,1003,1017,990,1001,985,973,942,1036,1017,1017,1006,927,953,1008,924,973,1039,1035,1035,989,967,992,967,968,984,982,911,920,954,958,907,920,975,982,968,923,976,983,990,1002,1004,975,941,987,1020,1023,936,910,939,1003,943,892,937,920,954,955,953,923,924,874,943,987,967,974,953,958,940,1000,1020,1017,924,936,958,988,985,986,1018,974,936,895,983,957,943,940,952,938,872,974,1007,1002,1003,968,950,968,956,975,952,958,990,957,1016,1053,1005,1036,1080,1034,1023,1003,1019,1034,990,1038,1016,974,904,921,922,952,920,889,925,952,960,951,975,903,909,908,905,894,856,879,940,985,967,952,894,939,952,889,908,912,939,1004,988,985,970,956,990,982,971,974,955,985,954,952,984,988,919,984,989,942,940,893,1001,974,943,920,986,970,975,987,975,984,908,951,972,1003,976,918,905,971,984,984,969,952,971,986,1040,1024,984,991,1019,959,966,910,954,1001,990,1022,1018,957,904,908,971,968,955,903,973,1007,1004,968,987,968,971,990,999,985,927,910,923,954,967,957,0.001953125,0.03527810911755555,0.01878455474772592,0.06880435528831459,0.016016815885602272,0.05414420420167622,0.0411664822428867,0.04203758447271657,0.029813159223581537,0.048317644050206957,0.02638526579317636,0.014218964627501012,0.029442994983752607,0.018657200365764452,0.007873298582322802,0.0388789633542859,0.020132351687586234,0.032241355506287456,0.022269051271467537,0.023294649300540163,0.009765625,0.013282686043686957,0.02231183527108567,0.03712222228271135,0.027010384152225255,0.004979511243742954,0.011759369705851851,0.019773883526676354,0.017469281074217108,0.011759369705851851,0.009003461384075085,0.023840928936979887,0.016630260122975003,0.009003461384075085,0.017686299097924643,0.03911129764550935,0.011388577919619728,0.012506102026236032,0.031081700122733494,0.0021836601342771385,0.024647323172117114,0.011759369705851851,0.010054326309557618,0.02777629424478104,0.011134525635733769,0.009959022487485907,0.0300838316420886,0.045908825287277966,0.024119314521930602,0.021683206358568866,0.003521046167445302,0.013601941676937616,0.01875915303935405,0.0048828125,0.005524271728019903,0.009765625,0.007109482313750506,0.006253051013118016,0.027500249688142037,0.015440808887540914,0.005694288959809864,0.016716057391234072,0.010517900013934578,0.005258950006967289,0.058021292099659956,0.009765625,0.008286407592029853,0.0065509804028314154,0.004979511243742954,0.0013810679320049757,0.0170549308560283,0.003088161777508183,0.0009765625,0.009959022487485907,0.008734640537108554,0.0029296875,0.015776850020901866,0.003521046167445302,0.013028968812623373,0.007109482313750506,0.0009765625,0.0068359375,0.009003461384075085,0.006253051013118016,0.005940197783494355,0.008843149548962322,0.0166875073150733,0.005859375,0.010381001770248682,0.005940197783494355,0.013601941676937616,0.0078125,0.0029296875,0.023518739411703703,0.005524271728019903,0.001953125,0.02713367966689415,0.004026470337517247,0.004026470337517247,0.011759369705851851,0.00390625,0.0013810679320049757,0.012352647110032733,0.008734640537108554,0.009264485332524549,0.007627196949127592,0.005524271728019903,0.007042092334890604,0.004367320268554277,0.007109482313750506,0.013282686043686957,0.008052940675034493,0.006176323555016366,0.010786485368346935,0.005859375,0.007627196949127592,0.029877067462457725,0.013282686043686957,0.0029296875,0.011920464468489943,0.004979511243742954,0.006253051013118016,0.006253051013118016,0.0009765625,0.003088161777508183,0.008286407592029853,0.01019561182510796,0.0065509804028314154,0.0029296875,1,1,0.0
25.0,12.37633991241455,6.0,0.15180394053459167,0.7861732244491577,25.0,18.232389450073242,13.24058723449707,1.171875,0.3733283281326294,0.019384212791919708,394.0,4964.0,519202.15625,12.598984718322754,0.4748677611351013,1.406232237815857,3.543071985244751,0.00031700116232968867,0.0,0.29560476541519165,969,986,970,880,906,856,873,907,944,973,984,910,957,960,953,984,928,938,940,957,969,942,894,975,972,1050,1065,1051,1066,1007,1004,973,1035,984,952,991,991,999,908,972,1003,1017,990,1001,985,973,942,1036,1017,1017,1006,927,953,1008,924,973,1039,1035,1035,989,967,992,967,968,984,982,911,920,954,958,907,920,975,982,968,923,976,983,990,1002,1004,975,941,987,1020,1023,936,910,939,1003,943,892,937,920,954,955,953,923,924,874,943,987,967,974,953,958,940,1000,1020,1017,924,936,958,988,985,986,1018,974,936,895,983,957,943,940,952,938,872,974,1007,1002,1003,968,950,968,956,975,952,958,990,957,1016,1053,1005,1036,1080,1034,1023,1003,1019,1034,990,1038,1016,974,904,921,922,952,920,889,925,952,960,951,975,903,909,908,905,894,856,879,940,985,967,952,894,939,952,889,908,912,939,1004,988,985,970,956,990,982,971,974,955,985,954,952,984,988,919,984,989,942,940,893,1001,974,943,920,986,970,975,987,975,984,908,951,972,1003,976,918,905,971,984,984,969,952,971,986,1040,1024,984,991,1019,959,966,910,954,1001,990,1022,1018,957,904,908,971,968,955,903,973,1007,1004,968,987,968,971,990,0.001953125,0.031204190055996988,0.013601941676937616,0.07730280244985664,0.014084184669781208,0.0576171875,0.04615743085193935,0.03623823303765522,0.0363433477850164,0.04752158226795484,0.021126277004671814,0.007042092334890604,0.035224001556389516,0.01878455474772592,0.007627196949127592,0.04107371258752557,0.02489755621871477,0.037314400731528904,0.02580047815160724,0.02847144479904932,0.011920464468489943,0.007873298582322802,0.027010384152225255,0.032241355506287456,0.024119314521930602,0.0048828125,0.006176323555016366,0.025390625,0.023478154844084585,0.014084184669781208,0.011388577919619728,0.02763861659782208,0.019236050394133015,0.01284467425582608,0.019918044974971814,0.032754902014157074,0.013982247132105814,0.009003461384075085,0.0360270834876889,0.0078125,0.022545696055889054,0.018657200365764452,0.0048828125,0.03168941550700772,0.015746597164645604,0.004367320268554277,0.025409398107925172,0.044932488555966175,0.02417855156863271,0.015776850020901866,0.006905339660024878,0.0185803687406645,0.013706707859002147,0.004026470337517247,0.005258950006967289,0.006253051013118016,0.011430371006562134,0.009003461384075085,0.025855863857175247,0.013282686043686957,0.003088161777508183,0.016370170521718956,0.01188039556698871,0.006905339660024878,0.05731847887042652,0.00834375365753665,0.009212872199274027,0.005694288959809864,0.0048828125,0.0021836601342771385,0.016716057391234072,0.0048828125,0.0029296875,0.0126953125,0.006905339660024878,0.003088161777508183,0.0126953125,0.0048828125,0.01171875,0.010054326309557618,0.0029296875,0.005694288959809864,0.007042092334890604,0.003088161777508183,0.009765625,0.011920464468489943,0.0146484375,0.003521046167445302,0.01179984958358845,0.0048828125,0.017686299097924643,0.004367320268554277,0.004979511243742954,0.02378085090212094,0.004367320268554277,0.004979511243742954,0.03057124187987994,0.0048828125,0.003088161777508183,0.013282686043686957,0.006905339660024878,0.0021836601342771385,0.011388577919619728,0.005859375,0.006905339660024878,0.0048828125,0.005940197783494355,0.004979511243742954,0.007109482313750506,0.009003461384075085,0.015191747252054731,0.006253051013118016,0.0041432037960149265,0.0087890625,0.005524271728019903,0.005940197783494355,0.028168369339562415,0.015191747252054731,0.004367320268554277,0.013566839833447074,0.0065509804028314154,0.005524271728019903,0.005694288959809864,0.0009765625,0.004979511243742954,0.008843149548962322,0.011048543456039806,0.008286407592029853,0.001953125,1,1,0.0
25.0,12.30885124206543,6.0,0.15943540632724762,0.8212628364562988,1.953125,25.773408889770508,12.850255012512207,1.171875,0.37903615832328796,0.0199897363781929,419.0,6266.0,647595.25,14.9546537399292,0.4615284204483032,1.8000574111938477,4.18458890914917,0.00029794048168696463,0.0,0.29335764050483704,1001,970,938,952,1006,1004,1001,972,969,986,970,880,906,856,873,907,944,973,984,910,957,960,953,984,928,938,940,957,969,942,894,975,972,1050,1065,1051,1066,1007,1004,973,1035,984,952,991,991,999,908,972,1003,1017,990,1001,985,973,942,1036,1017,1017,1006,927,953,1008,924,973,1039,1035,1035,989,967,992,967,968,984,982,911,920,954,958,907,920,975,982,968,923,976,983,990,1002,1004,975,941,987,1020,1023,936,910,939,1003,943,892,937,920,954,955,953,923,924,874,943,987,967,974,953,958,940,1000,1020,1017,924,936,958,988,985,986,1018,974,936,895,983,957,943,940,952,938,872,974,1007,1002,1003,968,950,968,956,975,952,958,990,957,1016,1053,1005,1036,1080,1034,1023,1003,1019,1034,990,1038,1016,974,904,921,922,952,920,889,925,952,960,951,975,903,909,908,905,894,856,879,940,985,967,952,894,939,952,889,908,912,939,1004,988,985,970,956,990,982,971,974,955,985,954,952,984,988,919,984,989,942,940,893,1001,974,943,920,986,970,975,987,975,984,908,951,972,1003,976,918,905,971,984,984,969,952,971,986,1040,1024,984,991,1019,959,966,910,954,1001,990,1022,1018,957,904,908,971,968,955,903,0.00244140625,0.03179457147675724,0.013810679320049757,0.07607164880527519,0.013982247132105814,0.057971961248655585,0.044804959949040865,0.037109375,0.03585460888805824,0.047861526386104865,0.02108108705558877,0.007042092334890604,0.03515625,0.017686299097924643,0.007437278423695223,0.03951157875809357,0.026294750034836445,0.03756910949545184,0.027151247606362977,0.03032065370363286,0.012732817197661424,0.005258950006967289,0.03032065370363286,0.029765137996344084,0.020967686087484266,0.009959022487485907,0.006905339660024878,0.02638526579317636,0.0244140625,0.017304731588544287,0.01284467425582608,0.028168369339562415,0.018657200365764452,0.007873298582322802,0.01875915303935405,0.03936649291161401,0.007627196949127592,0.016016815885602272,0.03032065370363286,0.011388577919619728,0.015776850020901866,0.021683206358568866,0.008734640537108554,0.03179457147675724,0.018961413905222265,0.0029296875,0.021683206358568866,0.0441185820237364,0.023619895746968406,0.01188039556698871,0.009959022487485907,0.019773883526676354,0.01528562093993997,0.0021836601342771385,0.0009765625,0.006905339660024878,0.0078125,0.006253051013118016,0.027964494264211628,0.015746597164645604,0.004979511243742954,0.014084184669781208,0.007873298582322802,0.008052940675034493,0.05873193341310506,0.005940197783494355,0.01188039556698871,0.004026470337517247,0.0021836601342771385,0.0009765625,0.018528970665049098,0.0029296875,0.0013810679320049757,0.011759369705851851,0.008843149548962322,0.0048828125,0.013566839833447074,0.007042092334890604,0.009618025197066508,0.012506102026236032,0.005258950006967289,0.004367320268554277,0.004979511243742954,0.001953125,0.01171875,0.011759369705851851,0.013282686043686957,0.0013810679320049757,0.012732817197661424,0.006253051013118016,0.016164985700436375,0.0048828125,0.003521046167445302,0.023840928936979887,0.003521046167445302,0.004026470337517247,0.029700988917471777,0.0041432037960149265,0.003088161777508183,0.013706707859002147,0.006905339660024878,0.0029296875,0.01188039556698871,0.005940197783494355,0.006905339660024878,0.005694288959809864,0.004979511243742954,0.0041432037960149265,0.005694288959809864,0.008286407592029853,0.013601941676937616,0.007042092334890604,0.005694288959809864,0.0078125,0.005258950006967289,0.0048828125,0.027010384152225255,0.016858082521125067,0.005694288959809864,0.01516032685181643,0.007437278423695223,0.004367320268554277,0.004979511243742954,0.0009765625,0.004026470337517247,0.008400708268596315,0.010918300671385692,0.006253051013118016,0.001953125,1,1,0.0
25.0,12.210061073303223,6.0,0.16064241528511047,0.8106912970542908,25.0,24.079017639160156,12.81240177154541,1.171875,0.3758011758327484,0.0199897363781929,419.0,6068.0,638454.1875,14.482100486755371,0.4635564088821411,1.6776334047317505,4.052946090698242,0.0004657922254409641,0.0,0.27033868432044983,939,956,985,971,1018,954,942,956,1001,970,938,952,1006,1004,1001,972,969,986,970,880,906,856,873,907,944,973,984,910,957,960,953,984,928,938,940,957,969,942,894,975,972,1050,1065,1051,1066,1007,1004,973,1035,984,952,991,991,999,908,972,1003,1017,990,1001,985,973,942,1036,1017,1017,1006,927,953,1008,924,973,1039,1035,1035,989,967,992,967,968,984,982,911,920,954,958,907,920,975,982,968,923,976,983,990,1002,1004,975,941,987,1020,1023,936,910,939,1003,943,892,937,920,954,955,953,923,924,874,943,987,967,974,953,958,940,1000,1020,1017,924,936,958,988,985,986,1018,974,936,895,983,957,943,940,952,938,872,974,1007,1002,1003,968,950,968,956,975,952,958,990,957,1016,1053,1005,1036,1080,1034,1023,1003,1019,1034,990,1038,1016,974,904,921,922,952,920,889,925,952,960,951,975,903,909,908,905,894,856,879,940,985,967,952,894,939,952,889,908,912,939,1004,988,985,970,956,990,982,971,974,955,985,954,952,984,988,919,984,989,942,940,893,1001,974,943,920,986,970,975,987,975,984,908,951,972,1003,976,918,905,971,984,984,969,952,971,986,1040,1024,984,991,1019,959,966,910,954,1001,990,1022,0.00146484375,0.032285693857063556,0.014874556847390447,0.07437919540753755,0.014874556847390447,0.057226895796810985,0.04239901044158674,0.04099236691760812,0.037186392118476116,0.050413708981016825,0.0185546875,0.005524271728019903,0.03496584724603156,0.022881590847382775,0.012079411012551739,0.04203758447271657,0.019457869965987574,0.031035641761856844,0.03126525506559008,0.03014716609459596,0.012732817197661424,0.00390625,0.03965613379735733,0.02681548870653512,0.010563138502335907,0.0185803687406645,0.017304731588544287,0.019186408891004394,0.015254393898255184,0.01171875,0.003521046167445302,0.01875915303935405,0.013706707859002147,0.01886055460530075,0.025633603024231812,0.02833714478231818,0.019918044974971814,0.004367320268554277,0.03629082846887118,0.0,0.02489755621871477,0.012236293052872722,0.016630260122975003,0.020899350155305366,0.017387200990981306,0.010517900013934578,0.013282686043686957,0.04917843090630536,0.02681548870653512,0.01179984958358845,0.01589728573837862,0.020600608505594715,0.021439939843847802,0.008734640537108554,0.006253051013118016,0.013982247132105814,0.0041432037960149265,0.007109482313750506,0.022140203220223895,0.011388577919619728,0.0,0.0170549308560283,0.012732817197661424,0.0065509804028314154,0.058021292099659956,0.008843149548962322,0.009618025197066508,0.004979511243742954,0.004026470337517247,0.004367320268554277,0.018961413905222265,0.001953125,0.0021836601342771385,0.008734640537108554,0.012236293052872722,0.0068359375,0.0146484375,0.010517900013934578,0.0065509804028314154,0.016016815885602272,0.007873298582322802,0.007873298582322802,0.005258950006967289,0.005258950006967289,0.010054326309557618,0.008400708268596315,0.015625,0.0048828125,0.009618025197066508,0.003088161777508183,0.01708286687942959,0.003521046167445302,0.007109482313750506,0.025465634395322848,0.005258950006967289,0.003521046167445302,0.0283875817456028,0.003521046167445302,0.004367320268554277,0.011388577919619728,0.008400708268596315,0.003088161777508183,0.012352647110032733,0.004367320268554277,0.006176323555016366,0.0068359375,0.005694288959809864,0.007109482313750506,0.004026470337517247,0.0065509804028314154,0.011759369705851851,0.009959022487485907,0.00834375365753665,0.007873298582322802,0.007873298582322802,0.004979511243742954,0.025781989809461104,0.017387200990981306,0.005258950006967289,0.013810679320049757,0.005859375,0.008052940675034493,0.007627196949127592,0.004026470337517247,0.005258950006967289,0.011048543456039806,0.0146484375,0.011134525635733769,0.0009765625,1,1,0.0
25.0,12.547235488891602,5.0,0.16720496118068695,0.8210821151733398,25.0,21.64457130432129,13.132102966308594,1.171875,0.37548723816871643,0.02001357637345791,420.0,5801.0,623754.0,13.811904907226562,0.4573077857494354,1.6433427333831787,3.875774383544922,0.000167056467034854,0.0,0.3063574731349945,982,957,923,939,958,905,878,874,939,956,985,971,1018,954,942,956,1001,970,938,952,1006,1004,1001,972,969,986,970,880,906,856,873,907,944,973,984,910,957,960,953,984,928,938,940,957,969,942,894,975,972,1050,1065,1051,1066,1007,1004,973,1035,984,952,991,991,999,908,972,1003,1017,990,1001,985,973,942,1036,1017,1017,1006,927,953,1008,924,973,1039,1035,1035,989,967,992,967,968,984,982,911,920,954,958,907,920,975,982,968,923,976,983,990,1002,1004,975,941,987,1020,1023,936,910,939,1003,943,892,937,920,954,955,953,923,924,874,943,987,967,974,953,958,940,1000,1020,1017,924,936,958,988,985,986,1018,974,936,895,983,957,943,940,952,938,872,974,1007,1002,1003,968,950,968,956,975,952,958,990,957,1016,1053,1005,1036,1080,1034,1023,1003,1019,1034,990,1038,1016,974,904,921,922,952,920,889,925,952,960,951,975,903,909,908,905,894,856,879,940,985,967,952,894,939,952,889,908,912,939,1004,988,985,970,956,990,982,971,974,955,985,954,952,984,988,919,984,989,942,940,893,1001,974,943,920,986,970,975,987,975,984,908,951,972,1003,976,918,905,971,984,984,969,952,971,986,1040,1024,984,991,0.001953125,0.033203125,0.020531050821902968,0.0731900856349677,0.021683206358568866,0.051794650805375465,0.035814689103305174,0.04761180368456604,0.03908690643787012,0.055672628178668845,0.014680953494504793,0.008286407592029853,0.03798564519292329,0.029378142493147116,0.018657200365764452,0.04367320268554277,0.014778072217208551,0.02652944864688696,0.034938562148434216,0.0324624416769427,0.016016815885602272,0.009212872199274027,0.04179870031061073,0.027151247606362977,0.007873298582322802,0.020600608505594715,0.021484375,0.01727715430952552,0.009814331661250869,0.009003461384075085,0.0013810679320049757,0.019384212149686726,0.017686299097924643,0.02161713244255728,0.025334222209126653,0.025559086578715626,0.022140203220223895,0.007042092334890604,0.03360283307438526,0.006176323555016366,0.023047702580480365,0.015625,0.020600608505594715,0.02652944864688696,0.02298555135925746,0.011759369705851851,0.0192608231673008,0.04209426184033654,0.020132351687586234,0.016016815885602272,0.009814331661250869,0.01589728573837862,0.01792730444402912,0.003088161777508183,0.0021836601342771385,0.007627196949127592,0.0087890625,0.005694288959809864,0.028721564784868637,0.016370170521718956,0.006905339660024878,0.013282686043686957,0.006905339660024878,0.009814331661250869,0.05815263644906018,0.005694288959809864,0.012236293052872722,0.006176323555016366,0.003088161777508183,0.0009765625,0.017953883116064683,0.004026470337517247,0.0021836601342771385,0.012732817197661424,0.007627196949127592,0.003088161777508183,0.01441877251975918,0.005859375,0.01019561182510796,0.011920464468489943,0.005940197783494355,0.003088161777508183,0.003088161777508183,0.001953125,0.013706707859002147,0.010786485368346935,0.012079411012551739,0.004979511243742954,0.011048543456039806,0.005694288959809864,0.013028968812623373,0.006905339660024878,0.007627196949127592,0.0235996991671769,0.005694288959809864,0.006253051013118016,0.02847144479904932,0.005524271728019903,0.0021836601342771385,0.011134525635733769,0.007109482313750506,0.004026470337517247,0.01313830473347042,0.003521046167445302,0.00390625,0.005694288959809864,0.007627196949127592,0.007437278423695223,0.003521046167445302,0.005859375,0.010918300671385692,0.009959022487485907,0.007873298582322802,0.0048828125,0.009003461384075085,0.007627196949127592,0.028117539157984314,0.014517645261053229,0.0027621358640099515,0.011134525635733769,0.004026470337517247,0.007109482313750506,0.007627196949127592,0.0027621358640099515,0.005694288959809864,0.009814331661250869,0.010918300671385692,0.007109482313750506,0.001953125,1,1,0.0
25.0,12.116291046142578,6.0,0.18493753671646118,0.8864108324050903,25.0,19.88379669189453,12.503435134887695,1.171875,0.3829919695854187,0.020156022161245346,426.0,5617.0,611699.625,13.185445785522461,0.4320704936981201,1.5840383768081665,3.679189443588257,0.0002931154449470341,0.0,0.2955179810523987,1024,990,988,972,940,944,968,991,982,957,923,939,958,905,878,874,939,956,985,971,1018,954,942,956,1001,970,938,952,1006,1004,1001,972,969,986,970,880,906,856,873,907,944,973,984,910,957,960,953,984,928,938,940,957,969,942,894,975,972,1050,1065,1051,1066,1007,1004,973,1035,984,952,991,991,999,908,972,1003,1017,990,1001,985,973,942,1036,1017,1017,1006,927,953,1008,924,973,1039,1035,1035,989,967,992,967,968,984,982,911,920,954,958,907,920,975,982,968,923,976,983,990,1002,1004,975,941,987,1020,1023,936,910,939,1003,943,892,937,920,954,955,953,923,924,874,943,987,967,974,953,958,940,1000,1020,1017,924,936,958,988,985,986,1018,974,936,895,983,957,943,940,952,938,872,974,1007,1002,1003,968,950,968,956,975,952,958,990,957,1016,1053,1005,1036,1080,1034,1023,1003,1019,1034,990,1038,1016,974,904,921,922,952,920,889,925,952,960,951,975,903,909,908,905,894,856,879,940,985,967,952,894,939,952,889,908,912,939,1004,988,985,970,956,990,982,971,974,955,985,954,952,984,988,919,984,989,942,940,893,1001,974,943,920,986,970,975,987,975,984,908,951,972,1003,976,918,905,971,984,984,0.00341796875,0.035907766232129365,0.0234375,0.07031928135701052,0.0244140625,0.05258950006967289,0.03149319432929121,0.049071658306254345,0.04311277354422679,0.05349744501875913,0.010563138502335907,0.011134525635733769,0.033203125,0.026203921611325662,0.013028968812623373,0.03917220921900699,0.02039122365021592,0.03149319432929121,0.029002426572104487,0.026939676219011176,0.009003461384075085,0.009765625,0.045908825287277966,0.021417687694786434,0.005859375,0.028117539157984314,0.0283875817456028,0.014517645261053229,0.0027621358640099515,0.007627196949127592,0.009264485332524549,0.02489755621871477,0.0244140625,0.016858082521125067,0.016858082521125067,0.03259437357085671,0.014778072217208551,0.009765625,0.033203125,0.0021836601342771385,0.025012204052472065,0.009814331661250869,0.01933495104806966,0.01875915303935405,0.021506558149946522,0.01792730444402912,0.01760523083722651,0.04194674139631744,0.01760523083722651,0.021945512748285382,0.007873298582322802,0.011134525635733769,0.01760523083722651,0.003521046167445302,0.0048828125,0.004367320268554277,0.011430371006562134,0.0041432037960149265,0.030289184412638327,0.01878455474772592,0.0065509804028314154,0.011388577919619728,0.009212872199274027,0.010918300671385692,0.05669111435039059,0.007042092334890604,0.011134525635733769,0.005694288959809864,0.003521046167445302,0.0,0.016630260122975003,0.0048828125,0.0009765625,0.010517900013934578,0.009003461384075085,0.0048828125,0.01284467425582608,0.008400708268596315,0.009814331661250869,0.01188039556698871,0.003521046167445302,0.004026470337517247,0.006253051013118016,0.001953125,0.014084184669781208,0.014084184669781208,0.009003461384075085,0.005940197783494355,0.012236293052872722,0.007109482313750506,0.01179984958358845,0.009264485332524549,0.010786485368346935,0.025781989809461104,0.0078125,0.004979511243742954,0.025781989809461104,0.003521046167445302,0.005258950006967289,0.012079411012551739,0.008286407592029853,0.003088161777508183,0.011388577919619728,0.005694288959809864,0.007873298582322802,0.004979511243742954,0.005940197783494355,0.005694288959809864,0.0048828125,0.006253051013118016,0.00966747552403483,0.010918300671385692,0.009959022487485907,0.004979511243742954,0.011134525635733769,0.008843149548962322,0.029378142493147116,0.013601941676937616,0.0009765625,0.010517900013934578,0.0048828125,0.006176323555016366,0.006253051013118016,0.0009765625,0.004367320268554277,0.009212872199274027,0.01242961138804478,0.0087890625,0.0009765625,1,1,0.0
25.0,12.320144653320312,7.0,0.17462389171123505,0.8666835427284241,25.0,17.311487197875977,12.717620849609375,1.171875,0.3832143247127533,0.0199897363781929,419.0,5185.0,569706.3125,12.374701499938965,0.44216176867485046,1.5385756492614746,3.435120105743408,0.0009134803549386561,0.0,0.2969965636730194,920,956,1034,957,984,1002,903,951,1024,990,988,972,940,944,968,991,982,957,923,939,958,905,878,874,939,956,985,971,1018,954,942,956,1001,970,938,952,1006,1004,1001,972,969,986,970,880,906,856,873,907,944,973,984,910,957,960,953,984,928,938,940,957,969,942,894,975,972,1050,1065,1051,1066,1007,1004,973,1035,984,952,991,991,999,908,972,1003,1017,990,1001,985,973,942,1036,1017,1017,1006,927,953,1008,924,973,1039,1035,1035,989,967,992,967,968,984,982,911,920,954,958,907,920,975,982,968,923,976,983,990,1002,1004,975,941,987,1020,1023,936,910,939,1003,943,892,937,920,954,955,953,923,924,874,943,987,967,974,953,958,940,1000,1020,1017,924,936,958,988,985,986,1018,974,936,895,983,957,943,940,952,938,872,974,1007,1002,1003,968,950,968,956,975,952,958,990,957,1016,1053,1005,1036,1080,1034,1023,1003,1019,1034,990,1038,1016,974,904,921,922,952,920,889,925,952,960,951,975,903,909,908,905,894,856,879,940,985,967,952,894,939,952,889,908,912,939,1004,988,985,970,956,990,982,971,974,955,985,954,952,984,988,919,984,989,942,940,893,1001,974,943,920,986,970,975,987,975,984,908,951,0.0,0.035761393405469834,0.0235996991671769,0.07074519639169857,0.02417855156863271,0.051164792568084906,0.03152346170228315,0.0501956924839703,0.04271274946997859,0.05527723319564416,0.008286407592029853,0.013671875,0.030289184412638327,0.025390625,0.009959022487485907,0.03813598474563796,0.021945512748285382,0.031988944051092184,0.025947910655442233,0.023619895746968406,0.01188039556698871,0.013982247132105814,0.04883788964863276,0.02627660946694084,0.003088161777508183,0.024492062898407135,0.022798081113142094,0.01516032685181643,0.009765625,0.011048543456039806,0.006176323555016366,0.018165112536853784,0.023478154844084585,0.025031260972609954,0.020716018980074635,0.033260520245950005,0.016858082521125067,0.01760523083722651,0.028437929255002024,0.010563138502335907,0.024705294220065465,0.00966747552403483,0.020531050821902968,0.010918300671385692,0.024492062898407135,0.025465634395322848,0.022269051271467537,0.03798564519292329,0.011134525635733769,0.026672852116694654,0.0027621358640099515,0.015625,0.011759369705851851,0.00390625,0.003521046167445302,0.009212872199274027,0.006176323555016366,0.004367320268554277,0.026203921611325662,0.016016815885602272,0.006905339660024878,0.013601941676937616,0.005940197783494355,0.010918300671385692,0.056892623686052766,0.0065509804028314154,0.01179984958358845,0.005940197783494355,0.004026470337517247,0.0013810679320049757,0.015776850020901866,0.005694288959809864,0.0021836601342771385,0.01019561182510796,0.01019561182510796,0.006905339660024878,0.014517645261053229,0.0107421875,0.010786485368346935,0.013282686043686957,0.0021836601342771385,0.006253051013118016,0.00966747552403483,0.005694288959809864,0.01760523083722651,0.015746597164645604,0.007873298582322802,0.01019561182510796,0.008843149548962322,0.004979511243742954,0.015440808887540914,0.005258950006967289,0.009264485332524549,0.026654968874914416,0.005694288959809864,0.003521046167445302,0.03057124187987994,0.0068359375,0.0,0.013101960805662831,0.005694288959809864,0.003088161777508183,0.014680953494504793,0.00390625,0.0029296875,0.007042092334890604,0.006905339660024878,0.007437278423695223,0.0048828125,0.008052940675034493,0.012236293052872722,0.00834375365753665,0.007437278423695223,0.0065509804028314154,0.008052940675034493,0.007042092334890604,0.02756951994822872,0.014906579611790769,0.0013810679320049757,0.009765625,0.003521046167445302,0.007109482313750506,0.008052940675034493,0.001953125,0.005258950006967289,0.009003461384075085,0.01179984958358845,0.008052940675034493,0.0,1,1,0.0
25.0,12.379992485046387,6.0,0.17338404059410095,0.8493184447288513,25.0,18.08525276184082,12.898002624511719,1.171875,0.3796318471431732,0.0200849249958992,423.0,5248.0,573882.1875,12.40661907196045,0.44698411226272583,1.5462580919265747,3.5406877994537354,0.0,0.0,0.30548161268234253,986,1018,1034,1005,970,1014,1000,942,920,956,1034,957,984,1002,903,951,1024,990,988,972,940,944,968,991,982,957,923,939,958,905,878,874,939,956,985,971,1018,954,942,956,1001,970,938,952,1006,1004,1001,972,969,986,970,880,906,856,873,907,944,973,984,910,957,960,953,984,928,938,940,957,969,942,894,975,972,1050,1065,1051,1066,1007,1004,973,1035,984,952,991,991,999,908,972,1003,1017,990,1001,985,973,942,1036,1017,1017,1006,927,953,1008,924,973,1039,1035,1035,989,967,992,967,968,984,982,911,920,954,958,907,920,975,982,968,923,976,983,990,1002,1004,975,941,987,1020,1023,936,910,939,1003,943,892,937,920,954,955,953,923,924,874,943,987,967,974,953,958,940,1000,1020,1017,924,936,958,988,985,986,1018,974,936,895,983,957,943,940,952,938,872,974,1007,1002,1003,968,950,968,956,975,952,958,990,957,1016,1053,1005,1036,1080,1034,1023,1003,1019,1034,990,1038,1016,974,904,921,922,952,920,889,925,952,960,951,975,903,909,908,905,894,856,879,940,985,967,952,894,939,952,889,908,912,939,1004,988,985,970,956,990,982,971,974,955,985,954,952,984,988,919,984,989,942,940,893,1001,974,943,920,0.0,0.028985980624327792,0.017469281074217108,0.07931226759471466,0.03149319432929121,0.04688517142249142,0.023294649300540163,0.05249875021763911,0.049506999436080376,0.04841623146968961,0.012079411012551739,0.009003461384075085,0.034678283016727936,0.02638526579317636,0.015746597164645604,0.03954776705335271,0.0208765218031562,0.033332125323976586,0.027413415718004295,0.023478154844084585,0.008400708268596315,0.014084184669781208,0.050413708981016825,0.026002982335340524,0.001953125,0.024119314521930602,0.021836601342771385,0.016016815885602272,0.008286407592029853,0.009959022487485907,0.005258950006967289,0.019236050394133015,0.023212625632821705,0.023840928936979887,0.020692988379313566,0.031204190055996988,0.01792730444402912,0.015746597164645604,0.02681548870653512,0.011388577919619728,0.02132844694125152,0.012732817197661424,0.018425744398548053,0.009959022487485907,0.023212625632821705,0.02847144479904932,0.023047702580480365,0.03670887915861817,0.009212872199274027,0.029378142493147116,0.00390625,0.01875915303935405,0.008843149548962322,0.006176323555016366,0.0048828125,0.013282686043686957,0.0048828125,0.008400708268596315,0.02847144479904932,0.019628663322501738,0.010563138502335907,0.008734640537108554,0.008052940675034493,0.014084184669781208,0.05387935243802235,0.00966747552403483,0.011430371006562134,0.0013810679320049757,0.003521046167445302,0.004979511243742954,0.016164985700436375,0.010054326309557618,0.008400708268596315,0.009003461384075085,0.015191747252054731,0.011388577919619728,0.014517645261053229,0.013282686043686957,0.014938533731228863,0.009003461384075085,0.0027621358640099515,0.0048828125,0.007627196949127592,0.0048828125,0.01680141653719263,0.013982247132105814,0.008734640537108554,0.008734640537108554,0.009264485332524549,0.0048828125,0.014938533731228863,0.005694288959809864,0.008734640537108554,0.027010384152225255,0.004979511243742954,0.0048828125,0.03014716609459596,0.005859375,0.0021836601342771385,0.011430371006562134,0.007042092334890604,0.0027621358640099515,0.013282686043686957,0.005940197783494355,0.004979511243742954,0.004026470337517247,0.009212872199274027,0.010054326309557618,0.0013810679320049757,0.008843149548962322,0.013601941676937616,0.0048828125,0.0048828125,0.008400708268596315,0.005524271728019903,0.0048828125,0.025353037081537442,0.016858082521125067,0.004026470337517247,0.007627196949127592,0.00390625,0.006176323555016366,0.006905339660024878,0.001953125,0.004367320268554277,0.008843149548962322,0.0126953125,0.008734640537108554,0.0,1,1,0.0
25.0,12.247257232666016,7.0,0.17923758924007416,0.8748291730880737,25.0,28.685258865356445,12.725055694580078,1.171875,0.3829825818538666,0.020250430330634117,430.0,6596.0,661904.0,15.339534759521484,0.43777984380722046,2.1668856143951416,4.407423496246338,0.0,0.0,0.3165748417377472,954,879,861,960,982,1001,920,960,986,1018,1034,1005,970,1014,1000,942,920,956,1034,957,984,1002,903,951,1024,990,988,972,940,944,968,991,982,957,923,939,958,905,878,874,939,956,985,971,1018,954,942,956,1001,970,938,952,1006,1004,1001,972,969,986,970,880,906,856,873,907,944,973,984,910,957,960,953,984,928,938,940,957,969,942,894,975,972,1050,1065,1051,1066,1007,1004,973,1035,984,952,991,991,999,908,972,1003,1017,990,1001,985,973,942,1036,1017,1017,1006,927,953,1008,924,973,1039,1035,1035,989,967,992,967,968,984,982,911,920,954,958,907,920,975,982,968,923,976,983,990,1002,1004,975,941,987,1020,1023,936,910,939,1003,943,892,937,920,954,955,953,923,924,874,943,987,967,974,953,958,940,1000,1020,1017,924,936,958,988,985,986,1018,974,936,895,983,957,943,940,952,938,872,974,1007,1002,1003,968,950,968,956,975,952,958,990,957,1016,1053,1005,1036,1080,1034,1023,1003,1019,1034,990,1038,1016,974,904,921,922,952,920,889,925,952,960,951,975,903,909,908,905,894,856,879,940,985,967,952,894,939,952,889,908,912,939,1004,988,985,970,956,990,982,971,974,955,985,954,952,984,988,919,984,0.00146484375,0.033673710253059895,0.019236050394133015,0.07674563556401758,0.027981540589637505,0.04290211452439218,0.02286074201312427,0.058991165275542795,0.054974484160303004,0.044932488555966175,0.014906579611790769,0.0078125,0.039499508625306025,0.031035641761856844,0.021126277004671814,0.03614600688148779,0.025409398107925172,0.03813598474563796,0.02132844694125152,0.01878455474772592,0.013706707859002147,0.016630260122975003,0.04805044765680681,0.02777629424478104,0.006905339660024878,0.026002982335340524,0.027361183058831836,0.01179984958358845,0.006253051013118016,0.005859375,0.0009765625,0.0146484375,0.019652941208494246,0.0283203125,0.02229045353615884,0.035907766232129365,0.014680953494504793,0.01727715430952552,0.031988944051092184,0.007042092334890604,0.02315091717017519,0.0126953125,0.014517645261053229,0.014218964627501012,0.020132351687586234,0.028985980624327792,0.0235996991671769,0.0369677602163041,0.008400708268596315,0.03179457147675724,0.004979511243742954,0.021035800027869155,0.009264485332524549,0.006253051013118016,0.0029296875,0.011134525635733769,0.007109482313750506,0.007042092334890604,0.028185292362620726,0.018165112536853784,0.009814331661250869,0.0107421875,0.006176323555016366,0.013566839833447074,0.054661335817017695,0.008734640537108554,0.010381001770248682,0.003521046167445302,0.0013810679320049757,0.00390625,0.01760523083722651,0.011388577919619728,0.009264485332524549,0.010563138502335907,0.017304731588544287,0.013810679320049757,0.01516032685181643,0.014778072217208551,0.016630260122975003,0.007042092334890604,0.004026470337517247,0.0013810679320049757,0.0048828125,0.001953125,0.014517645261053229,0.01760523083722651,0.007042092334890604,0.012506102026236032,0.006905339660024878,0.003521046167445302,0.0185803687406645,0.0027621358640099515,0.006905339660024878,0.023212625632821705,0.007873298582322802,0.003521046167445302,0.02580047815160724,0.003088161777508183,0.004979511243742954,0.01760523083722651,0.0013810679320049757,0.006176323555016366,0.017387200990981306,0.001953125,0.005694288959809864,0.009003461384075085,0.0048828125,0.005940197783494355,0.003521046167445302,0.00390625,0.009264485332524549,0.008843149548962322,0.0029296875,0.011759369705851851,0.0009765625,0.0048828125,0.022269051271467537,0.020899350155305366,0.00834375365753665,0.003521046167445302,0.007873298582322802,0.0041432037960149265,0.0029296875,0.0021836601342771385,0.003088161777508183,0.012506102026236032,0.012506102026236032,0.006253051013118016,0.00390625,1,1,0.0
25.0,12.076656341552734,6.0,0.18116562068462372,0.8780643939971924,2.734375,22.913249969482422,12.588116645812988,1.171875,0.3828352987766266,0.020646849647164345,447.0,6176.0,672164.75,13.81655502319336,0.4359990954399109,1.6925184726715088,3.9456701278686523,0.00015718601935077459,0.0,0.28203240036964417,975,988,986,905,937,926,905,910,954,879,861,960,982,1001,920,960,986,1018,1034,1005,970,1014,1000,942,920,956,1034,957,984,1002,903,951,1024,990,988,972,940,944,968,991,982,957,923,939,958,905,878,874,939,956,985,971,1018,954,942,956,1001,970,938,952,1006,1004,1001,972,969,986,970,880,906,856,873,907,944,973,984,910,957,960,953,984,928,938,940,957,969,942,894,975,972,1050,1065,1051,1066,1007,1004,973,1035,984,952,991,991,999,908,972,1003,1017,990,1001,985,973,942,1036,1017,1017,1006,927,953,1008,924,973,1039,1035,1035,989,967,992,967,968,984,982,911,920,954,958,907,920,975,982,968,923,976,983,990,1002,1004,975,941,987,1020,1023,936,910,939,1003,943,892,937,920,954,955,953,923,924,874,943,987,967,974,953,958,940,1000,1020,1017,924,936,958,988,985,986,1018,974,936,895,983,957,943,940,952,938,872,974,1007,1002,1003,968,950,968,956,975,952,958,990,957,1016,1053,1005,1036,1080,1034,1023,1003,1019,1034,990,1038,1016,974,904,921,922,952,920,889,925,952,960,951,975,903,909,908,905,894,856,879,940,985,967,952,894,939,952,889,908,912,939,1004,988,985,970,956,990,982,971,974,0.0029296875,0.03819845159298427,0.0208765218031562,0.076171875,0.026672852116694654,0.03908690643787012,0.020132351687586234,0.061902046842736244,0.05899924791794225,0.04008667139018319,0.019749754312653012,0.0068359375,0.04496431419227085,0.034678283016727936,0.021506558149946522,0.0325211441510678,0.028588439781844624,0.03866990209613932,0.02003738723504218,0.020132351687586234,0.015440808887540914,0.011759369705851851,0.04442017740446937,0.023457836229422487,0.005940197783494355,0.02883754503951836,0.027500249688142037,0.011134525635733769,0.010517900013934578,0.009765625,0.0048828125,0.016630260122975003,0.02378085090212094,0.025202124805788945,0.020967686087484266,0.031143005310746045,0.01760523083722651,0.017469281074217108,0.027151247606362977,0.010517900013934578,0.025031260972609954,0.0087890625,0.018347943582085875,0.013982247132105814,0.019457869965987574,0.025390625,0.019749754312653012,0.04102724909687501,0.010918300671385692,0.0341796875,0.008843149548962322,0.02489755621871477,0.010381001770248682,0.006905339660024878,0.0029296875,0.008843149548962322,0.0078125,0.0048828125,0.02652944864688696,0.015776850020901866,0.00834375365753665,0.011048543456039806,0.0065509804028314154,0.014218964627501012,0.05321145596025499,0.009264485332524549,0.010918300671385692,0.001953125,0.0021836601342771385,0.0027621358640099515,0.017304731588544287,0.010517900013934578,0.009618025197066508,0.010517900013934578,0.016716057391234072,0.013879560940968648,0.01441877251975918,0.0146484375,0.01708286687942959,0.007437278423695223,0.003088161777508183,0.0021836601342771385,0.005258950006967289,0.0021836601342771385,0.01528562093993997,0.0166015625,0.005859375,0.01313830473347042,0.006905339660024878,0.003088161777508183,0.017953883116064683,0.003088161777508183,0.0068359375,0.022798081113142094,0.007873298582322802,0.003521046167445302,0.02713367966689415,0.003088161777508183,0.004367320268554277,0.016630260122975003,0.0029296875,0.005694288959809864,0.0166875073150733,0.0021836601342771385,0.0041432037960149265,0.008052940675034493,0.00390625,0.005258950006967289,0.0048828125,0.003088161777508183,0.0078125,0.010918300671385692,0.005258950006967289,0.011388577919619728,0.003088161777508183,0.006176323555016366,0.019555648822754675,0.022482157096135425,0.010918300671385692,0.00390625,0.010786485368346935,0.0,0.001953125,0.003088161777508183,0.006905339660024878,0.0107421875,0.010381001770248682,0.007627196949127592,0.0,1,1,0.0
25.0,12.057360649108887,5.0,0.17498524487018585,0.9209089875221252,2.734375,22.19809341430664,12.403833389282227,1.171875,0.3955228924751282,0.020692989230155945,449.0,6084.0,687391.625,13.550111770629883,0.4294918477535248,1.514186143875122,3.942776679992676,0.0006251953891478479,0.0,0.2896566689014435,943,942,896,940,970,1001,939,958,975,988,986,905,937,926,905,910,954,879,861,960,982,1001,920,960,986,1018,1034,1005,970,1014,1000,942,920,956,1034,957,984,1002,903,951,1024,990,988,972,940,944,968,991,982,957,923,939,958,905,878,874,939,956,985,971,1018,954,942,956,1001,970,938,952,1006,1004,1001,972,969,986,970,880,906,856,873,907,944,973,984,910,957,960,953,984,928,938,940,957,969,942,894,975,972,1050,1065,1051,1066,1007,1004,973,1035,984,952,991,991,999,908,972,1003,1017,990,1001,985,973,942,1036,1017,1017,1006,927,953,1008,924,973,1039,1035,1035,989,967,992,967,968,984,982,911,920,954,958,907,920,975,982,968,923,976,983,990,1002,1004,975,941,987,1020,1023,936,910,939,1003,943,892,937,920,954,955,953,923,924,874,943,987,967,974,953,958,940,1000,1020,1017,924,936,958,988,985,986,1018,974,936,895,983,957,943,940,952,938,872,974,1007,1002,1003,968,950,968,956,975,952,958,990,957,1016,1053,1005,1036,1080,1034,1023,1003,1019,1034,990,1038,1016,974,904,921,922,952,920,889,925,952,960,951,975,903,909,908,905,894,856,879,940,985,967,952,894,939,952,889,908,912,939,1004,0.00341796875,0.04518646602054404,0.0208765218031562,0.08140103900068245,0.03294360897154883,0.035061177873078594,0.014517645261053229,0.05784845007664018,0.054355156445608385,0.044538102542935075,0.013706707859002147,0.008843149548962322,0.039257326645003476,0.030336376107439583,0.024724587697601882,0.034637007521422264,0.03125,0.043891025496570764,0.01516032685181643,0.020108652619115236,0.0208765218031562,0.010786485368346935,0.0400390625,0.018961413905222265,0.007042092334890604,0.029264304812054096,0.025465634395322848,0.014218964627501012,0.009765625,0.009765625,0.00390625,0.017304731588544287,0.019773883526676354,0.028117539157984314,0.02108108705558877,0.03527810911755555,0.01589728573837862,0.013982247132105814,0.02777629424478104,0.010918300671385692,0.02298555135925746,0.010786485368346935,0.020531050821902968,0.013601941676937616,0.019457869965987574,0.022777155839239456,0.01800692276815017,0.04311277354422679,0.013028968812623373,0.036604814089826784,0.010517900013934578,0.02627660946694084,0.0126953125,0.006253051013118016,0.001953125,0.007873298582322802,0.005940197783494355,0.005258950006967289,0.026294750034836445,0.017304731588544287,0.009959022487485907,0.01019561182510796,0.007873298582322802,0.012732817197661424,0.053932426841734674,0.0087890625,0.009814331661250869,0.0029296875,0.0013810679320049757,0.0048828125,0.01800692276815017,0.01188039556698871,0.009212872199274027,0.009959022487485907,0.016164985700436375,0.012352647110032733,0.014517645261053229,0.014874556847390447,0.01589728573837862,0.0078125,0.004026470337517247,0.0021836601342771385,0.0048828125,0.0009765625,0.013601941676937616,0.01792730444402912,0.007109482313750506,0.013101960805662831,0.005940197783494355,0.003521046167445302,0.017953883116064683,0.003521046167445302,0.006253051013118016,0.023478154844084585,0.00834375365753665,0.004026470337517247,0.026294750034836445,0.00390625,0.0041432037960149265,0.0166875073150733,0.003521046167445302,0.005258950006967289,0.014680953494504793,0.0027621358640099515,0.004026470337517247,0.0068359375,0.0048828125,0.0048828125,0.006905339660024878,0.0027621358640099515,0.005694288959809864,0.013982247132105814,0.0068359375,0.012506102026236032,0.005258950006967289,0.009003461384075085,0.021506558149946522,0.021417687694786434,0.009003461384075085,0.007042092334890604,0.00834375365753665,0.003521046167445302,0.005258950006967289,0.0,0.0027621358640099515,0.011134525635733769,0.013982247132105814,0.005940197783494355,0.00390625,1,1,0.0
25.0,12.197044372558594,4.0,0.17416048049926758,0.8966575860977173,2.734375,28.414512634277344,12.463573455810547,1.171875,0.39042118191719055,0.0208307895809412,455.0,6948.0,740085.9375,15.270329475402832,0.43541833758354187,1.9800512790679932,4.374387741088867,0.0008399471989832819,0.0,0.30196845531463623,1003,1022,1024,920,936,926,954,988,943,942,896,940,970,1001,939,958,975,988,986,905,937,926,905,910,954,879,861,960,982,1001,920,960,986,1018,1034,1005,970,1014,1000,942,920,956,1034,957,984,1002,903,951,1024,990,988,972,940,944,968,991,982,957,923,939,958,905,878,874,939,956,985,971,1018,954,942,956,1001,970,938,952,1006,1004,1001,972,969,986,970,880,906,856,873,907,944,973,984,910,957,960,953,984,928,938,940,957,969,942,894,975,972,1050,1065,1051,1066,1007,1004,973,1035,984,952,991,991,999,908,972,1003,1017,990,1001,985,973,942,1036,1017,1017,1006,927,953,1008,924,973,1039,1035,1035,989,967,992,967,968,984,982,911,920,954,958,907,920,975,982,968,923,976,983,990,1002,1004,975,941,987,1020,1023,936,910,939,1003,943,892,937,920,954,955,953,923,924,874,943,987,967,974,953,958,940,1000,1020,1017,924,936,958,988,985,986,1018,974,936,895,983,957,943,940,952,938,872,974,1007,1002,1003,968,950,968,956,975,952,958,990,957,1016,1053,1005,1036,1080,1034,1023,1003,1019,1034,990,1038,1016,974,904,921,922,952,920,889,925,952,960,951,975,903,909,908,905,894,856,879,940,985,967,952,0.00244140625,0.031035641761856844,0.0283203125,0.06741111271649343,0.020716018980074635,0.030289184412638327,0.013982247132105814,0.06864477254214833,0.06332614389403701,0.03908690643787012,0.019457869965987574,0.015746597164645604,0.02765586378614511,0.020132351687586234,0.030835260554388563,0.041062101643805936,0.03983608994994363,0.05459150335692846,0.01242961138804478,0.027793455997573647,0.02489755621871477,0.0009765625,0.044921875,0.022482157096135425,0.0013810679320049757,0.022651198251451565,0.026565372087373914,0.009959022487485907,0.010786485368346935,0.011759369705851851,0.007437278423695223,0.018961413905222265,0.024724587697601882,0.022482157096135425,0.024705294220065465,0.0328130812820536,0.016016815885602272,0.01708286687942959,0.03221176270013797,0.008286407592029853,0.01800692276815017,0.014680953494504793,0.024119314521930602,0.013282686043686957,0.020132351687586234,0.021683206358568866,0.017953883116064683,0.04372776011179318,0.010786485368346935,0.033673710253059895,0.007042092334890604,0.02298555135925746,0.008400708268596315,0.007437278423695223,0.0041432037960149265,0.008286407592029853,0.009003461384075085,0.004026470337517247,0.023047702580480365,0.01708286687942959,0.012236293052872722,0.007109482313750506,0.0087890625,0.011759369705851851,0.05476591755003888,0.011134525635733769,0.008734640537108554,0.0,0.003521046167445302,0.003521046167445302,0.01708286687942959,0.010786485368346935,0.011430371006562134,0.010918300671385692,0.018657200365764452,0.013706707859002147,0.012352647110032733,0.012732817197661424,0.014680953494504793,0.009264485332524549,0.007109482313750506,0.003088161777508183,0.0029296875,0.001953125,0.015440808887540914,0.01760523083722651,0.00966747552403483,0.011134525635733769,0.0087890625,0.0048828125,0.02039122365021592,0.0021836601342771385,0.0065509804028314154,0.02378085090212094,0.010381001770248682,0.0021836601342771385,0.028985980624327792,0.004026470337517247,0.00390625,0.015776850020901866,0.001953125,0.0065509804028314154,0.01708286687942959,0.0013810679320049757,0.006176323555016366,0.004979511243742954,0.007437278423695223,0.006253051013118016,0.007437278423695223,0.004367320268554277,0.003521046167445302,0.01680141653719263,0.008843149548962322,0.014906579611790769,0.005258950006967289,0.009212872199274027,0.0224609375,0.02039122365021592,0.008734640537108554,0.0048828125,0.009003461384075085,0.0013810679320049757,0.004979511243742954,0.0013810679320049757,0.004367320268554277,0.010381001770248682,0.013810679320049757,0.0068359375,0.00390625,1,1,0.0
25.0,12.226094245910645,5.0,0.21611572802066803,0.7878507375717163,1.171875,16.35604476928711,12.919777870178223,2.734375,0.34543365240097046,0.020990414544939995,462.0,4941.0,713606.9375,10.694805145263672,0.4384506046772003,1.0369360446929932,3.507192850112915,0.0004224971344228834,1.5625,0.2940322756767273,958,1004,988,954,1022,1040,1068,1067,1003,1022,1024,920,936,926,954,988,943,942,896,940,970,1001,939,958,975,988,986,905,937,926,905,910,954,879,861,960,982,1001,920,960,986,1018,1034,1005,970,1014,1000,942,920,956,1034,957,984,1002,903,951,1024,990,988,972,940,944,968,991,982,957,923,939,958,905,878,874,939,956,985,971,1018,954,942,956,1001,970,938,952,1006,1004,1001,972,969,986,970,880,906,856,873,907,944,973,984,910,957,960,953,984,928,938,940,957,969,942,894,975,972,1050,1065,1051,1066,1007,1004,973,1035,984,952,991,991,999,908,972,1003,1017,990,1001,985,973,942,1036,1017,1017,1006,927,953,1008,924,973,1039,1035,1035,989,967,992,967,968,984,982,911,920,954,958,907,920,975,982,968,923,976,983,990,1002,1004,975,941,987,1020,1023,936,910,939,1003,943,892,937,920,954,955,953,923,924,874,943,987,967,974,953,958,940,1000,1020,1017,924,936,958,988,985,986,1018,974,936,895,983,957,943,940,952,938,872,974,1007,1002,1003,968,950,968,956,975,952,958,990,957,1016,1053,1005,1036,1080,1034,1023,1003,1019,1034,990,1038,1016,974,904,921,922,952,920,889,925,952,960,951,975,903,909,908,0.0009765625,0.01760523083722651,0.04559616222628419,0.04973762335252673,0.022269051271467537,0.020132351687586234,0.0170549308560283,0.07040060669030687,0.05940197783494355,0.05694288959809864,0.0146484375,0.0264394265052361,0.036461239653504826,0.03496584724603156,0.03792282781044453,0.026565372087373914,0.03756910949545184,0.04138597675862713,0.01953125,0.021439939843847802,0.017820593350483065,0.011134525635733769,0.03902586172400017,0.016253239235442616,0.0065509804028314154,0.02777629424478104,0.02157297073669387,0.015746597164645604,0.005694288959809864,0.0065509804028314154,0.005694288959809864,0.015776850020901866,0.026057937625246747,0.020600608505594715,0.02485922277608956,0.03180956538066861,0.0170549308560283,0.016858082521125067,0.03401186477982031,0.010381001770248682,0.017686299097924643,0.014680953494504793,0.025633603024231812,0.016370170521718956,0.016630260122975003,0.023457836229422487,0.020132351687586234,0.03965613379735733,0.009003461384075085,0.034402177644157296,0.008843149548962322,0.026672852116694654,0.01188039556698871,0.008400708268596315,0.003521046167445302,0.005694288959809864,0.005258950006967289,0.006905339660024878,0.026654968874914416,0.018657200365764452,0.008843149548962322,0.011048543456039806,0.005940197783494355,0.014218964627501012,0.05321145596025499,0.009003461384075085,0.011134525635733769,0.00390625,0.0009765625,0.005694288959809864,0.01953125,0.012079411012551739,0.009765625,0.009003461384075085,0.015440808887540914,0.012506102026236032,0.014874556847390447,0.014517645261053229,0.015440808887540914,0.008052940675034493,0.004367320268554277,0.0027621358640099515,0.0029296875,0.0013810679320049757,0.013982247132105814,0.018961413905222265,0.008734640537108554,0.011759369705851851,0.0087890625,0.004979511243742954,0.019628663322501738,0.0027621358640099515,0.0065509804028314154,0.0244140625,0.009003461384075085,0.001953125,0.027981540589637505,0.0021836601342771385,0.005694288959809864,0.018165112536853784,0.003088161777508183,0.007873298582322802,0.014084184669781208,0.004367320268554277,0.004979511243742954,0.007627196949127592,0.005258950006967289,0.00390625,0.007109482313750506,0.0009765625,0.006176323555016366,0.01313830473347042,0.005940197783494355,0.01188039556698871,0.006905339660024878,0.0107421875,0.022482157096135425,0.019652941208494246,0.00834375365753665,0.00834375365753665,0.005258950006967289,0.004367320268554277,0.0048828125,0.001953125,0.004026470337517247,0.011759369705851851,0.011920464468489943,0.006176323555016366,0.001953125,1,1,0.0
25.0,12.120258331298828,6.0,0.1895362138748169,0.8227733969688416,3.125,16.581266403198242,12.957128524780273,2.734375,0.36583155393600464,0.020669931545853615,448.0,5197.0,606273.1875,11.600446701049805,0.4446322023868561,1.4045945405960083,3.389582872390747,6.96888382663019e-05,0.0,0.3146011233329773,972,928,875,919,970,973,958,952,958,1004,988,954,1022,1040,1068,1067,1003,1022,1024,920,936,926,954,988,943,942,896,940,970,1001,939,958,975,988,986,905,937,926,905,910,954,879,861,960,982,1001,920,960,986,1018,1034,1005,970,1014,1000,942,920,956,1034,957,984,1002,903,951,1024,990,988,972,940,944,968,991,982,957,923,939,958,905,878,874,939,956,985,971,1018,954,942,956,1001,970,938,952,1006,1004,1001,972,969,986,970,880,906,856,873,907,944,973,984,910,957,960,953,984,928,938,940,957,969,942,894,975,972,1050,1065,1051,1066,1007,1004,973,1035,984,952,991,991,999,908,972,1003,1017,990,1001,985,973,942,1036,1017,1017,1006,927,953,1008,924,973,1039,1035,1035,989,967,992,967,968,984,982,911,920,954,958,907,920,975,982,968,923,976,983,990,1002,1004,975,941,987,1020,1023,936,910,939,1003,943,892,937,920,954,955,953,923,924,874,943,987,967,974,953,958,940,1000,1020,1017,924,936,958,988,985,986,1018,974,936,895,983,957,943,940,952,938,872,974,1007,1002,1003,968,950,968,956,975,952,958,990,957,1016,1053,1005,1036,1080,1034,1023,1003,1019,1034,990,1038,1016,974,904,921,922,952,920,889,0.00244140625,0.01760523083722651,0.048317644050206957,0.04848512338791566,0.02568934851165216,0.016630260122975003,0.01727715430952552,0.06875582583625756,0.058021292099659956,0.05614172793673754,0.013566839833447074,0.026654968874914416,0.03669588716417175,0.03554741156875253,0.03792282781044453,0.026203921611325662,0.036773770280786586,0.039499508625306025,0.021683206358568866,0.01792730444402912,0.020716018980074635,0.014084184669781208,0.0341796875,0.012732817197661424,0.008052940675034493,0.022545696055889054,0.021126277004671814,0.013879560940968648,0.011430371006562134,0.014517645261053229,0.0126953125,0.024119314521930602,0.021506558149946522,0.027981540589637505,0.02627660946694084,0.039499508625306025,0.0126953125,0.013982247132105814,0.025633603024231812,0.009212872199274027,0.02229045353615884,0.017953883116064683,0.023457836229422487,0.009814331661250869,0.025633603024231812,0.0170549308560283,0.02003738723504218,0.03975221179110863,0.003521046167445302,0.02489755621871477,0.008052940675034493,0.029378142493147116,0.013671875,0.013706707859002147,0.009003461384075085,0.007109482313750506,0.0,0.01171875,0.0316291694154329,0.0170549308560283,0.008052940675034493,0.010918300671385692,0.008734640537108554,0.012506102026236032,0.054661335817017695,0.010563138502335907,0.010517900013934578,0.003521046167445302,0.0013810679320049757,0.005524271728019903,0.020531050821902968,0.013566839833447074,0.009003461384075085,0.009212872199274027,0.014778072217208551,0.0146484375,0.014084184669781208,0.01284467425582608,0.012732817197661424,0.010563138502335907,0.007437278423695223,0.0029296875,0.003088161777508183,0.0041432037960149265,0.0170549308560283,0.015254393898255184,0.006905339660024878,0.012732817197661424,0.007437278423695223,0.0029296875,0.01886055460530075,0.003521046167445302,0.006905339660024878,0.023640075072090243,0.009765625,0.0021836601342771385,0.02847144479904932,0.00390625,0.005524271728019903,0.01760523083722651,0.0021836601342771385,0.008734640537108554,0.013982247132105814,0.003521046167445302,0.00390625,0.006905339660024878,0.005524271728019903,0.004367320268554277,0.007627196949127592,0.001953125,0.005940197783494355,0.012236293052872722,0.0048828125,0.010918300671385692,0.005694288959809864,0.00966747552403483,0.020132351687586234,0.021417687694786434,0.009765625,0.009765625,0.003521046167445302,0.006176323555016366,0.004026470337517247,0.004026470337517247,0.006905339660024878,0.009765625,0.013810679320049757,0.0065509804028314154,0.0048828125,1,1,0.0
25.0,12.13545036315918,6.0,0.17610205709934235,0.779130220413208,3.125,15.580748558044434,13.091574668884277,2.734375,0.3608076572418213,0.020646849647164345,447.0,4957.0,578268.0,11.089485168457031,0.46309030055999756,1.4042493104934692,3.2987914085388184,0.00043628495768643916,0.0,0.3381427228450775,984,975,1001,1004,1006,943,957,974,972,928,875,919,970,973,958,952,958,1004,988,954,1022,1040,1068,1067,1003,1022,1024,920,936,926,954,988,943,942,896,940,970,1001,939,958,975,988,986,905,937,926,905,910,954,879,861,960,982,1001,920,960,986,1018,1034,1005,970,1014,1000,942,920,956,1034,957,984,1002,903,951,1024,990,988,972,940,944,968,991,982,957,923,939,958,905,878,874,939,956,985,971,1018,954,942,956,1001,970,938,952,1006,1004,1001,972,969,986,970,880,906,856,873,907,944,973,984,910,957,960,953,984,928,938,940,957,969,942,894,975,972,1050,1065,1051,1066,1007,1004,973,1035,984,952,991,991,999,908,972,1003,1017,990,1001,985,973,942,1036,1017,1017,1006,927,953,1008,924,973,1039,1035,1035,989,967,992,967,968,984,982,911,920,954,958,907,920,975,982,968,923,976,983,990,1002,1004,975,941,987,1020,1023,936,910,939,1003,943,892,937,920,954,955,953,923,924,874,943,987,967,974,953,958,940,1000,1020,1017,924,936,958,988,985,986,1018,974,936,895,983,957,943,940,952,938,872,974,1007,1002,1003,968,950,968,956,975,952,958,990,957,1016,1053,1005,1036,1080,1034,1023,1003,1019,1034,990,1038,0.0009765625,0.01792730444402912,0.05336357848560254,0.047731833632226314,0.03126525506559008,0.01179984958358845,0.01284467425582608,0.06256862687359901,0.055672628178668845,0.050527083282330194,0.014517645261053229,0.02298555135925746,0.029749113694780893,0.032241355506287456,0.04509139211177811,0.023294649300540163,0.04447381850287383,0.0324624416769427,0.029264304812054096,0.013101960805662831,0.027238917345666705,0.0205078125,0.029313146523053973,0.0126953125,0.011430371006562134,0.013982247132105814,0.03057124187987994,0.0041432037960149265,0.018425744398548053,0.016253239235442616,0.008843149548962322,0.019236050394133015,0.021035800027869155,0.024492062898407135,0.0234375,0.0318844291353799,0.014218964627501012,0.01284467425582608,0.02833714478231818,0.013982247132105814,0.026565372087373914,0.011134525635733769,0.015776850020901866,0.0029296875,0.032285693857063556,0.00966747552403483,0.019384212149686726,0.04433421665162565,0.008052940675034493,0.01878455474772592,0.013101960805662831,0.0332174831087792,0.018657200365764452,0.015746597164645604,0.010918300671385692,0.011759369705851851,0.004367320268554277,0.009814331661250869,0.029264304812054096,0.01441877251975918,0.01019561182510796,0.009618025197066508,0.0065509804028314154,0.0146484375,0.05321145596025499,0.008400708268596315,0.010918300671385692,0.004367320268554277,0.0,0.0048828125,0.02003738723504218,0.013879560940968648,0.009003461384075085,0.008400708268596315,0.014906579611790769,0.015440808887540914,0.01284467425582608,0.010918300671385692,0.011134525635733769,0.011134525635733769,0.009264485332524549,0.003088161777508183,0.005940197783494355,0.0048828125,0.016105881350068987,0.0166875073150733,0.004979511243742954,0.013282686043686957,0.005940197783494355,0.0048828125,0.019384212149686726,0.003521046167445302,0.007437278423695223,0.025559086578715626,0.007873298582322802,0.004026470337517247,0.02580047815160724,0.0027621358640099515,0.0048828125,0.0166015625,0.0021836601342771385,0.007042092334890604,0.014938533731228863,0.003521046167445302,0.0048828125,0.0065509804028314154,0.004979511243742954,0.005694288959809864,0.008052940675034493,0.003088161777508183,0.006176323555016366,0.012732817197661424,0.0029296875,0.007873298582322802,0.008052940675034493,0.01171875,0.021945512748285382,0.018528970665049098,0.006176323555016366,0.009765625,0.0065509804028314154,0.0027621358640099515,0.003088161777508183,0.003088161777508183,0.001953125,0.013282686043686957,0.011759369705851851,0.007109482313750506,0.0009765625,1,1,0.0
25.0,12.08321475982666,9.0,0.1918337345123291,0.7172684669494629,3.125,11.565467834472656,13.170857429504395,2.734375,0.33755478262901306,0.02034440077841282,434.0,4105.0,515293.5,9.458525657653809,0.47061148285865784,1.263076901435852,2.8651108741760254,7.185456342995167e-05,0.0,0.3314487040042877,1021,957,878,895,953,1003,969,942,984,975,1001,1004,1006,943,957,974,972,928,875,919,970,973,958,952,958,1004,988,954,1022,1040,1068,1067,1003,1022,1024,920,936,926,954,988,943,942,896,940,970,1001,939,958,975,988,986,905,937,926,905,910,954,879,861,960,982,1001,920,960,986,1018,1034,1005,970,1014,1000,942,920,956,1034,957,984,1002,903,951,1024,990,988,972,940,944,968,991,982,957,923,939,958,905,878,874,939,956,985,971,1018,954,942,956,1001,970,938,952,1006,1004,1001,972,969,986,970,880,906,856,873,907,944,973,984,910,957,960,953,984,928,938,940,957,969,942,894,975,972,1050,1065,1051,1066,1007,1004,973,1035,984,952,991,991,999,908,972,1003,1017,990,1001,985,973,942,1036,1017,1017,1006,927,953,1008,924,973,1039,1035,1035,989,967,992,967,968,984,982,911,920,954,958,907,920,975,982,968,923,976,983,990,1002,1004,975,941,987,1020,1023,936,910,939,1003,943,892,937,920,954,955,953,923,924,874,943,987,967,974,953,958,940,1000,1020,1017,924,936,958,988,985,986,1018,974,936,895,983,957,943,940,952,938,872,974,1007,1002,1003,968,950,968,956,975,952,958,990,957,1016,1053,1005,1036,0.00146484375,0.01589728573837862,0.04447381850287383,0.03813598474563796,0.03088161777508183,0.018347943582085875,0.025012204052472065,0.05373756442264689,0.041718768287683256,0.04973762335252673,0.01953125,0.018961413905222265,0.016370170521718956,0.03294360897154883,0.05852860962410819,0.018961413905222265,0.04848512338791566,0.02108108705558877,0.03192926313334339,0.0013810679320049757,0.035907766232129365,0.014874556847390447,0.03983608994994363,0.020899350155305366,0.0021836601342771385,0.023294649300540163,0.023212625632821705,0.013101960805662831,0.010918300671385692,0.014906579611790769,0.013028968812623373,0.025334222209126653,0.015655487833868553,0.030508787796510367,0.018657200365764452,0.03180956538066861,0.01933495104806966,0.018528970665049098,0.034637007521422264,0.0146484375,0.0264394265052361,0.006176323555016366,0.012236293052872722,0.0048828125,0.03496584724603156,0.004979511243742954,0.020108652619115236,0.04627092867375834,0.010563138502335907,0.016716057391234072,0.016630260122975003,0.035761393405469834,0.020600608505594715,0.01284467425582608,0.007873298582322802,0.010054326309557618,0.004367320268554277,0.008734640537108554,0.0285216442705278,0.0166015625,0.00834375365753665,0.01019561182510796,0.008052940675034493,0.012506102026236032,0.05328309713165524,0.010381001770248682,0.012352647110032733,0.004026470337517247,0.0009765625,0.006253051013118016,0.01886055460530075,0.013282686043686957,0.009003461384075085,0.008734640537108554,0.015440808887540914,0.015776850020901866,0.012506102026236032,0.010054326309557618,0.011759369705851851,0.01179984958358845,0.009003461384075085,0.003088161777508183,0.005859375,0.004026470337517247,0.01528562093993997,0.0166875073150733,0.007627196949127592,0.012236293052872722,0.006905339660024878,0.0041432037960149265,0.01886055460530075,0.0027621358640099515,0.006176323555016366,0.02315091717017519,0.009765625,0.001953125,0.02708090746848056,0.0013810679320049757,0.006176323555016366,0.015440808887540914,0.00390625,0.006176323555016366,0.016253239235442616,0.0021836601342771385,0.005940197783494355,0.007873298582322802,0.00390625,0.004367320268554277,0.005694288959809864,0.004979511243742954,0.00390625,0.015746597164645604,0.0021836601342771385,0.006905339660024878,0.009264485332524549,0.0146484375,0.024472586105745445,0.01708286687942959,0.0027621358640099515,0.0065509804028314154,0.009003461384075085,0.0,0.005258950006967289,0.0021836601342771385,0.0027621358640099515,0.01284467425582608,0.011134525635733769,0.0065509804028314154,0.0009765625,1,1,0.0
25.0,11.915091514587402,8.0,0.24387533962726593,0.5298886895179749,2.734375,9.70751667022705,13.848712921142578,5.46875,0.26188957691192627,0.020203281193971634,428.0,3592.0,455199.0,8.392523765563965,0.4942350685596466,1.186261534690857,2.5746541023254395,0.0001639314432395622,0.0,0.31240347027778625,1024,984,988,1007,989,1019,987,1065,1021,957,878,895,953,1003,969,942,984,975,1001,1004,1006,943,957,974,972,928,875,919,970,973,958,952,958,1004,988,954,1022,1040,1068,1067,1003,1022,1024,920,936,926,954,988,943,942,896,940,970,1001,939,958,975,988,986,905,937,926,905,910,954,879,861,960,982,1001,920,960,986,1018,1034,1005,970,1014,1000,942,920,956,1034,957,984,1002,903,951,1024,990,988,972,940,944,968,991,982,957,923,939,958,905,878,874,939,956,985,971,1018,954,942,956,1001,970,938,952,1006,1004,1001,972,969,986,970,880,906,856,873,907,944,973,984,910,957,960,953,984,928,938,940,957,969,942,894,975,972,1050,1065,1051,1066,1007,1004,973,1035,984,952,991,991,999,908,972,1003,1017,990,1001,985,973,942,1036,1017,1017,1006,927,953,1008,924,973,1039,1035,1035,989,967,992,967,968,984,982,911,920,954,958,907,920,975,982,968,923,976,983,990,1002,1004,975,941,987,1020,1023,936,910,939,1003,943,892,937,920,954,955,953,923,924,874,943,987,967,974,953,958,940,1000,1020,1017,924,936,958,988,985,986,1018,974,936,895,983,957,943,940,952,938,872,974,1007,1002,1003,968,950,968,956,975,0.00341796875,0.01589728573837862,0.044921875,0.04120121701118943,0.027964494264211628,0.01953125,0.02681548870653512,0.05417061815765103,0.03848449315476178,0.05139725533961237,0.019773883526676354,0.020132351687586234,0.012506102026236032,0.03538607603904968,0.06177095547214246,0.015440808887540914,0.04514423566924305,0.020899350155305366,0.027621358640099514,0.006176323555016366,0.031310975667737106,0.011759369705851851,0.03676080122015373,0.016572815184059706,0.0065509804028314154,0.018657200365764452,0.02681548870653512,0.008734640537108554,0.011920464468489943,0.01188039556698871,0.0087890625,0.02231183527108567,0.0205078125,0.02847144479904932,0.022714264354712906,0.035061177873078594,0.019918044974971814,0.020716018980074635,0.03538607603904968,0.0126953125,0.0244140625,0.004026470337517247,0.011920464468489943,0.0065509804028314154,0.035814689103305174,0.004026470337517247,0.0208765218031562,0.04572148402624854,0.010381001770248682,0.01760523083722651,0.016164985700436375,0.0361328125,0.020762003540497363,0.013810679320049757,0.008734640537108554,0.011048543456039806,0.005258950006967289,0.007627196949127592,0.02777629424478104,0.0192608231673008,0.0065509804028314154,0.01179984958358845,0.009814331661250869,0.009618025197066508,0.05353308622525682,0.012732817197661424,0.01589728573837862,0.007627196949127592,0.003088161777508183,0.008843149548962322,0.015625,0.011134525635733769,0.011920464468489943,0.005258950006967289,0.010918300671385692,0.016164985700436375,0.01284467425582608,0.006905339660024878,0.009959022487485907,0.01284467425582608,0.009959022487485907,0.0021836601342771385,0.0068359375,0.0009765625,0.013566839833447074,0.017469281074217108,0.0078125,0.013601941676937616,0.005694288959809864,0.0009765625,0.016716057391234072,0.0021836601342771385,0.0068359375,0.027361183058831836,0.0087890625,0.005258950006967289,0.024119314521930602,0.004026470337517247,0.0029296875,0.016716057391234072,0.001953125,0.007042092334890604,0.0146484375,0.001953125,0.006176323555016366,0.005940197783494355,0.0065509804028314154,0.0041432037960149265,0.0068359375,0.0029296875,0.003521046167445302,0.015440808887540914,0.0041432037960149265,0.007873298582322802,0.008400708268596315,0.014938533731228863,0.02489755621871477,0.016716057391234072,0.00390625,0.005859375,0.01019561182510796,0.0021836601342771385,0.007042092334890604,0.003088161777508183,0.003088161777508183,0.013810679320049757,0.010054326309557618,0.006905339660024878,0.0029296875,1,1,0.0
25.0,12.015636444091797,7.0,0.22601354122161865,0.5276839733123779,2.734375,11.428594589233398,13.933364868164062,5.46875,0.26734602451324463,0.020108653232455254,424.0,4001.0,471391.375,9.436320304870605,0.5066404342651367,1.3002924919128418,2.787785768508911,0.0009013317758217454,0.0,0.3275586664676666,919,921,934,921,988,1004,951,992,1024,984,988,1007,989,1019,987,1065,1021,957,878,895,953,1003,969,942,984,975,1001,1004,1006,943,957,974,972,928,875,919,970,973,958,952,958,1004,988,954,1022,1040,1068,1067,1003,1022,1024,920,936,926,954,988,943,942,896,940,970,1001,939,958,975,988,986,905,937,926,905,910,954,879,861,960,982,1001,920,960,986,1018,1034,1005,970,1014,1000,942,920,956,1034,957,984,1002,903,951,1024,990,988,972,940,944,968,991,982,957,923,939,958,905,878,874,939,956,985,971,1018,954,942,956,1001,970,938,952,1006,1004,1001,972,969,986,970,880,906,856,873,907,944,973,984,910,957,960,953,984,928,938,940,957,969,942,894,975,972,1050,1065,1051,1066,1007,1004,973,1035,984,952,991,991,999,908,972,1003,1017,990,1001,985,973,942,1036,1017,1017,1006,927,953,1008,924,973,1039,1035,1035,989,967,992,967,968,984,982,911,920,954,958,907,920,975,982,968,923,976,983,990,1002,1004,975,941,987,1020,1023,936,910,939,1003,943,892,937,920,954,955,953,923,924,874,943,987,967,974,953,958,940,1000,1020,1017,924,936,958,988,985,986,1018,974,936,895,983,957,943,940,952,938,872,974,0.00341796875,0.014680953494504793,0.047731833632226314,0.034678283016727936,0.03452669830012439,0.013671875,0.020132351687586234,0.05902348920414678,0.0436404354912194,0.05694288959809864,0.015440808887540914,0.013566839833447074,0.007627196949127592,0.03500673501745102,0.06886670004790618,0.016370170521718956,0.043552935783159684,0.0235996991671769,0.020716018980074635,0.01313830473347042,0.0242573092741684,0.0166015625,0.029035290522106457,0.01441877251975918,0.012732817197661424,0.018961413905222265,0.032122820709762745,0.013879560940968648,0.0048828125,0.013028968812623373,0.016370170521718956,0.029556144434417102,0.013671875,0.03250647847088523,0.01792730444402912,0.029523860269201122,0.016016815885602272,0.013810679320049757,0.029313146523053973,0.008400708268596315,0.019749754312653012,0.009765625,0.018165112536853784,0.01179984958358845,0.03669588716417175,0.0009765625,0.0234375,0.04531292093015696,0.012732817197661424,0.020531050821902968,0.015440808887540914,0.03406789754396955,0.017686299097924643,0.013601941676937616,0.010563138502335907,0.01242961138804478,0.005524271728019903,0.007042092334890604,0.026654968874914416,0.019773883526676354,0.006253051013118016,0.013282686043686957,0.01019561182510796,0.009814331661250869,0.054302495212725954,0.013601941676937616,0.014874556847390447,0.0078125,0.0048828125,0.009618025197066508,0.016164985700436375,0.010054326309557618,0.012236293052872722,0.0048828125,0.009814331661250869,0.016164985700436375,0.01441877251975918,0.0048828125,0.009003461384075085,0.013566839833447074,0.010918300671385692,0.0048828125,0.006905339660024878,0.0027621358640099515,0.016858082521125067,0.014218964627501012,0.006253051013118016,0.016016815885602272,0.003521046167445302,0.003521046167445302,0.01953125,0.003088161777508183,0.008734640537108554,0.025559086578715626,0.008843149548962322,0.0021836601342771385,0.026654968874914416,0.0021836601342771385,0.004979511243742954,0.0146484375,0.0021836601342771385,0.008400708268596315,0.014778072217208551,0.00390625,0.004026470337517247,0.005940197783494355,0.007627196949127592,0.0048828125,0.008286407592029853,0.0013810679320049757,0.00390625,0.015776850020901866,0.0048828125,0.0087890625,0.009003461384075085,0.015776850020901866,0.024954945974962183,0.016016815885602272,0.003088161777508183,0.0068359375,0.01019561182510796,0.0009765625,0.0065509804028314154,0.0029296875,0.003088161777508183,0.013810679320049757,0.009003461384075085,0.007873298582322802,0.0029296875,1,1,0.0
25.0,12.13929557800293,8.0,0.22262853384017944,0.5535617470741272,2.734375,16.25698471069336,13.833230972290039,5.46875,0.2769913077354431,0.02027396485209465,431.0,4973.0,580360.3125,11.538283348083496,0.5003801584243774,1.3613468408584595,3.4103505611419678,0.0008870383608154953,0.0,0.3307510018348694,956,912,904,904,908,939,937,966,919,921,934,921,988,1004,951,992,1024,984,988,1007,989,1019,987,1065,1021,957,878,895,953,1003,969,942,984,975,1001,1004,1006,943,957,974,972,928,875,919,970,973,958,952,958,1004,988,954,1022,1040,1068,1067,1003,1022,1024,920,936,926,954,988,943,942,896,940,970,1001,939,958,975,988,986,905,937,926,905,910,954,879,861,960,982,1001,920,960,986,1018,1034,1005,970,1014,1000,942,920,956,1034,957,984,1002,903,951,1024,990,988,972,940,944,968,991,982,957,923,939,958,905,878,874,939,956,985,971,1018,954,942,956,1001,970,938,952,1006,1004,1001,972,969,986,970,880,906,856,873,907,944,973,984,910,957,960,953,984,928,938,940,957,969,942,894,975,972,1050,1065,1051,1066,1007,1004,973,1035,984,952,991,991,999,908,972,1003,1017,990,1001,985,973,942,1036,1017,1017,1006,927,953,1008,924,973,1039,1035,1035,989,967,992,967,968,984,982,911,920,954,958,907,920,975,982,968,923,976,983,990,1002,1004,975,941,987,1020,1023,936,910,939,1003,943,892,937,920,954,955,953,923,924,874,943,987,967,974,953,958,940,1000,1020,1017,924,936,958,988,985,986,1018,974,936,895,0.00244140625,0.0146484375,0.049042498162069216,0.033730304764004966,0.03521046167445302,0.01179984958358845,0.018657200365764452,0.06115807934316866,0.04350911994129973,0.05899924791794225,0.017820593350483065,0.01589728573837862,0.005694288959809864,0.03742923417331406,0.06892207026794488,0.013282686043686957,0.04212823166039647,0.024119314521930602,0.0242573092741684,0.009003461384075085,0.029361906989009586,0.012506102026236032,0.03500673501745102,0.012236293052872722,0.011430371006562134,0.013982247132105814,0.0341796875,0.009765625,0.007873298582322802,0.0068359375,0.01824369305885684,0.033332125323976586,0.011388577919619728,0.03989589495276464,0.0107421875,0.022545696055889054,0.01708286687942959,0.009003461384075085,0.021836601342771385,0.007873298582322802,0.014218964627501012,0.01313830473347042,0.021417687694786434,0.015254393898255184,0.041718768287683256,0.004367320268554277,0.026654968874914416,0.04290211452439218,0.009618025197066508,0.020108652619115236,0.014938533731228863,0.03451288485756307,0.01800692276815017,0.013982247132105814,0.010918300671385692,0.013282686043686957,0.006253051013118016,0.006253051013118016,0.024647323172117114,0.02108108705558877,0.0029296875,0.014938533731228863,0.01313830473347042,0.008052940675034493,0.05079063915603845,0.01179984958358845,0.013028968812623373,0.003088161777508183,0.003088161777508183,0.007437278423695223,0.01792730444402912,0.00834375365753665,0.011759369705851851,0.008734640537108554,0.009003461384075085,0.018347943582085875,0.01680141653719263,0.0009765625,0.0126953125,0.011388577919619728,0.009003461384075085,0.004979511243742954,0.00390625,0.004026470337517247,0.0170549308560283,0.015440808887540914,0.0065509804028314154,0.01313830473347042,0.005694288959809864,0.0013810679320049757,0.01760523083722651,0.0027621358640099515,0.009003461384075085,0.025633603024231812,0.007873298582322802,0.0013810679320049757,0.026672852116694654,0.001953125,0.005258950006967289,0.013282686043686957,0.0013810679320049757,0.010786485368346935,0.01188039556698871,0.003521046167445302,0.006253051013118016,0.003521046167445302,0.007627196949127592,0.0021836601342771385,0.004979511243742954,0.0048828125,0.005258950006967289,0.013810679320049757,0.0029296875,0.009765625,0.006176323555016366,0.0126953125,0.023518739411703703,0.016630260122975003,0.003088161777508183,0.0048828125,0.0107421875,0.0021836601342771385,0.004979511243742954,0.0009765625,0.0009765625,0.014874556847390447,0.008052940675034493,0.009264485332524549,0.00390625,1,1,0.0
25.0,11.878538131713867,5.0,0.22814510762691498,0.592763364315033,2.734375,15.394521713256836,13.355572700500488,5.46875,0.28725379705429077,0.020320950075984,433.0,4981.0,618888.9375,11.503463745117188,0.48460111021995544,1.2700152397155762,3.2998528480529785,0.00045052351197227836,0.0,0.2893504202365875,955,943,950,988,999,1007,935,968,956,912,904,904,908,939,937,966,919,921,934,921,988,1004,951,992,1024,984,988,1007,989,1019,987,1065,1021,957,878,895,953,1003,969,942,984,975,1001,1004,1006,943,957,974,972,928,875,919,970,973,958,952,958,1004,988,954,1022,1040,1068,1067,1003,1022,1024,920,936,926,954,988,943,942,896,940,970,1001,939,958,975,988,986,905,937,926,905,910,954,879,861,960,982,1001,920,960,986,1018,1034,1005,970,1014,1000,942,920,956,1034,957,984,1002,903,951,1024,990,988,972,940,944,968,991,982,957,923,939,958,905,878,874,939,956,985,971,1018,954,942,956,1001,970,938,952,1006,1004,1001,972,969,986,970,880,906,856,873,907,944,973,984,910,957,960,953,984,928,938,940,957,969,942,894,975,972,1050,1065,1051,1066,1007,1004,973,1035,984,952,991,991,999,908,972,1003,1017,990,1001,985,973,942,1036,1017,1017,1006,927,953,1008,924,973,1039,1035,1035,989,967,992,967,968,984,982,911,920,954,958,907,920,975,982,968,923,976,983,990,1002,1004,975,941,987,1020,1023,936,910,939,1003,943,892,937,920,954,955,953,923,924,874,943,987,967,974,953,958,940,1000,1020,1017,924,936,0.0009765625,0.0146484375,0.051711727714350494,0.03489759450235476,0.033730304764004966,0.013810679320049757,0.02231183527108567,0.0594100045869341,0.04014610310760638,0.05472236611766367,0.016370170521718956,0.014906579611790769,0.008400708268596315,0.0341796875,0.07031928135701052,0.014938533731228863,0.04014610310760638,0.027500249688142037,0.021417687694786434,0.010786485368346935,0.029035290522106457,0.014680953494504793,0.037224840922941246,0.014680953494504793,0.010381001770248682,0.012079411012551739,0.03549371454177001,0.008400708268596315,0.01019561182510796,0.006905339660024878,0.020320949264340638,0.0363433477850164,0.009765625,0.04026470337517247,0.011920464468489943,0.02417855156863271,0.014938533731228863,0.008734640537108554,0.02376079113397742,0.005859375,0.014938533731228863,0.012732817197661424,0.01953125,0.013810679320049757,0.040653629485348924,0.003521046167445302,0.02627660946694084,0.04372776011179318,0.010918300671385692,0.020716018980074635,0.014906579611790769,0.033432114782468145,0.017686299097924643,0.013810679320049757,0.010918300671385692,0.013982247132105814,0.006905339660024878,0.0048828125,0.025465634395322848,0.021417687694786434,0.004367320268554277,0.013810679320049757,0.0126953125,0.0087890625,0.05139725533961237,0.01188039556698871,0.013028968812623373,0.003521046167445302,0.0021836601342771385,0.007437278423695223,0.01878455474772592,0.009212872199274027,0.01171875,0.008400708268596315,0.009003461384075085,0.01792730444402912,0.016858082521125067,0.0013810679320049757,0.01313830473347042,0.01019561182510796,0.007627196949127592,0.00390625,0.003521046167445302,0.0021836601342771385,0.017304731588544287,0.01516032685181643,0.006176323555016366,0.016164985700436375,0.00390625,0.003521046167445302,0.019457869965987574,0.0021836601342771385,0.0065509804028314154,0.024492062898407135,0.009264485332524549,0.0041432037960149265,0.025465634395322848,0.0029296875,0.005940197783494355,0.015746597164645604,0.003521046167445302,0.009618025197066508,0.013810679320049757,0.006253051013118016,0.004367320268554277,0.0029296875,0.011134525635733769,0.0021836601342771385,0.00390625,0.008052940675034493,0.005524271728019903,0.0126953125,0.0027621358640099515,0.010054326309557618,0.003521046167445302,0.012352647110032733,0.022798081113142094,0.016016815885602272,0.003521046167445302,0.0027621358640099515,0.010918300671385692,0.0021836601342771385,0.00390625,0.0013810679320049757,0.001953125,0.015440808887540914,0.0078125,0.008843149548962322,0.0048828125,1,1,0.0
25.0,11.876971244812012,6.0,0.23018202185630798,0.559486448764801,2.734375,16.39491844177246,13.47340202331543,5.46875,0.2761824131011963,0.020320950075984,433.0,5185.0,601999.8125,11.97459602355957,0.4936355650424957,1.4009727239608765,3.359999895095825,7.201627886388451e-05,0.0,0.30070462822914124,1004,987,971,925,952,922,904,893,955,943,950,988,999,1007,935,968,956,912,904,904,908,939,937,966,919,921,934,921,988,1004,951,992,1024,984,988,1007,989,1019,987,1065,1021,957,878,895,953,1003,969,942,984,975,1001,1004,1006,943,957,974,972,928,875,919,970,973,958,952,958,1004,988,954,1022,1040,1068,1067,1003,1022,1024,920,936,926,954,988,943,942,896,940,970,1001,939,958,975,988,986,905,937,926,905,910,954,879,861,960,982,1001,920,960,986,1018,1034,1005,970,1014,1000,942,920,956,1034,957,984,1002,903,951,1024,990,988,972,940,944,968,991,982,957,923,939,958,905,878,874,939,956,985,971,1018,954,942,956,1001,970,938,952,1006,1004,1001,972,969,986,970,880,906,856,873,907,944,973,984,910,957,960,953,984,928,938,940,957,969,942,894,975,972,1050,1065,1051,1066,1007,1004,973,1035,984,952,991,991,999,908,972,1003,1017,990,1001,985,973,942,1036,1017,1017,1006,927,953,1008,924,973,1039,1035,1035,989,967,992,967,968,984,982,911,920,954,958,907,920,975,982,968,923,976,983,990,1002,1004,975,941,987,1020,1023,936,910,939,1003,943,892,937,920,954,955,953,923,924,874,943,987,967,974,0.00244140625,0.014778072217208551,0.05688424171566679,0.036851488797096106,0.031988944051092184,0.0166875073150733,0.02627660946694084,0.05731847887042652,0.03792282781044453,0.04961283514015835,0.014874556847390447,0.011048543456039806,0.01179984958358845,0.033673710253059895,0.07702472279965233,0.01313830473347042,0.03340357690720131,0.0332174831087792,0.0244140625,0.006905339660024878,0.03712222228271135,0.008734640537108554,0.04021730523823047,0.007437278423695223,0.01792730444402912,0.011920464468489943,0.038098455474865546,0.01528562093993997,0.004367320268554277,0.011759369705851851,0.012352647110032733,0.028185292362620726,0.01708286687942959,0.04336641271713773,0.004367320268554277,0.016370170521718956,0.01953125,0.0013810679320049757,0.02039122365021592,0.003521046167445302,0.013282686043686957,0.008400708268596315,0.013282686043686957,0.00834375365753665,0.03460946317708857,0.004026470337517247,0.022777155839239456,0.047138743695887386,0.013982247132105814,0.025465634395322848,0.010381001770248682,0.031081700122733494,0.020762003540497363,0.014680953494504793,0.008734640537108554,0.010918300671385692,0.005258950006967289,0.007627196949127592,0.023212625632821705,0.022651198251451565,0.001953125,0.013810679320049757,0.013706707859002147,0.009814331661250869,0.05064020375962568,0.0107421875,0.012732817197661424,0.00390625,0.0021836601342771385,0.007873298582322802,0.01824369305885684,0.009003461384075085,0.012732817197661424,0.008286407592029853,0.008734640537108554,0.0185803687406645,0.01680141653719263,0.0,0.0126953125,0.01188039556698871,0.009003461384075085,0.004367320268554277,0.0041432037960149265,0.003088161777508183,0.017469281074217108,0.01516032685181643,0.005859375,0.01516032685181643,0.004026470337517247,0.003521046167445302,0.018657200365764452,0.0013810679320049757,0.005940197783494355,0.026057937625246747,0.0087890625,0.004026470337517247,0.02713367966689415,0.001953125,0.005859375,0.014517645261053229,0.0029296875,0.009618025197066508,0.013101960805662831,0.0048828125,0.0048828125,0.004026470337517247,0.009264485332524549,0.003088161777508183,0.005694288959809864,0.0065509804028314154,0.0021836601342771385,0.015746597164645604,0.0027621358640099515,0.009765625,0.001953125,0.008734640537108554,0.021683206358568866,0.017686299097924643,0.0065509804028314154,0.001953125,0.009212872199274027,0.0048828125,0.004979511243742954,0.006176323555016366,0.005258950006967289,0.01516032685181643,0.012352647110032733,0.0048828125,0.0,1,1,0.0
25.0,11.981431007385254,6.0,0.25786638259887695,0.5803725123405457,2.734375,22.58450698852539,13.260069847106934,5.46875,0.27253952622413635,0.020367825403809547,435.0,6221.0,684749.3125,14.301149368286133,0.4695941209793091,1.8058055639266968,3.906508445739746,0.0004489942512009293,0.0,0.2725655734539032,1000,1054,1040,1082,1040,1001,908,973,1004,987,971,925,952,922,904,893,955,943,950,988,999,1007,935,968,956,912,904,904,908,939,937,966,919,921,934,921,988,1004,951,992,1024,984,988,1007,989,1019,987,1065,1021,957,878,895,953,1003,969,942,984,975,1001,1004,1006,943,957,974,972,928,875,919,970,973,958,952,958,1004,988,954,1022,1040,1068,1067,1003,1022,1024,920,936,926,954,988,943,942,896,940,970,1001,939,958,975,988,986,905,937,926,905,910,954,879,861,960,982,1001,920,960,986,1018,1034,1005,970,1014,1000,942,920,956,1034,957,984,1002,903,951,1024,990,988,972,940,944,968,991,982,957,923,939,958,905,878,874,939,956,985,971,1018,954,942,956,1001,970,938,952,1006,1004,1001,972,969,986,970,880,906,856,873,907,944,973,984,910,957,960,953,984,928,938,940,957,969,942,894,975,972,1050,1065,1051,1066,1007,1004,973,1035,984,952,991,991,999,908,972,1003,1017,990,1001,985,973,942,1036,1017,1017,1006,927,953,1008,924,973,1039,1035,1035,989,967,992,967,968,984,982,911,920,954,958,907,920,975,982,968,923,976,983,990,1002,1004,975,941,987,1020,1023,936,910,939,1003,943,892,937,920,954,955,0.00048828125,0.023840928936979887,0.04005097002814429,0.017820593350483065,0.051164792568084906,0.018165112536853784,0.033673710253059895,0.06828260197817711,0.023212625632821705,0.03221176270013797,0.022032254243512652,0.014938533731228863,0.024705294220065465,0.046188412462443235,0.0888027754203847,0.009264485332524549,0.030289184412638327,0.02847144479904932,0.037695818487536684,0.011920464468489943,0.026294750034836445,0.017387200990981306,0.029813159223581537,0.020716018980074635,0.005940197783494355,0.0126953125,0.04145504936873266,0.016253239235442616,0.010381001770248682,0.0185803687406645,0.0235996991671769,0.02765586378614511,0.0205078125,0.0363433477850164,0.012732817197661424,0.014517645261053229,0.029442994983752607,0.008843149548962322,0.01516032685181643,0.010918300671385692,0.014517645261053229,0.009765625,0.006905339660024878,0.0021836601342771385,0.029264304812054096,0.010918300671385692,0.027203883353875233,0.04712862700005334,0.014218964627501012,0.029813159223581537,0.007873298582322802,0.03521046167445302,0.023619895746968406,0.009212872199274027,0.009003461384075085,0.014517645261053229,0.010517900013934578,0.0027621358640099515,0.025947910655442233,0.02108108705558877,0.007109482313750506,0.011759369705851851,0.010918300671385692,0.006905339660024878,0.05064961906207008,0.014680953494504793,0.011920464468489943,0.0013810679320049757,0.005524271728019903,0.010563138502335907,0.01589728573837862,0.007042092334890604,0.013282686043686957,0.006176323555016366,0.010918300671385692,0.016630260122975003,0.018961413905222265,0.0021836601342771385,0.013706707859002147,0.010918300671385692,0.007627196949127592,0.004026470337517247,0.003088161777508183,0.001953125,0.0170549308560283,0.0146484375,0.005694288959809864,0.015655487833868553,0.0048828125,0.0041432037960149265,0.018347943582085875,0.0009765625,0.007627196949127592,0.026939676219011176,0.008052940675034493,0.0029296875,0.026654968874914416,0.0027621358640099515,0.005258950006967289,0.016105881350068987,0.003521046167445302,0.009765625,0.012732817197661424,0.006176323555016366,0.0048828125,0.003521046167445302,0.007042092334890604,0.003088161777508183,0.006905339660024878,0.0041432037960149265,0.0,0.01953125,0.0048828125,0.009212872199274027,0.0048828125,0.009003461384075085,0.0235996991671769,0.01589728573837862,0.007873298582322802,0.005258950006967289,0.003088161777508183,0.004367320268554277,0.008843149548962322,0.0048828125,0.0048828125,0.013101960805662831,0.00834375365753665,0.011759369705851851,0.0068359375,1,1,0.0
7.421875,6.318502902984619,5.0,0.2554417848587036,6.628977298736572,3.90625,25.759044647216797,5.788905620574951,4.296875,0.6469621658325195,0.053648754954338074,3018.0,59369.0,71443152.0,19.6716365814209,0.09759607166051865,1.1731845140457153,4.507014751434326,2.5879314762278227e-06,0.0,0.10138988494873047,1130,1063,1038,920,894,831,765,684,603,600,565,652,699,775,777,909,1064,1166,1260,1199,1178,1144,1097,987,968,863,832,889,911,911,858,950,956,938,952,956,984,1064,1066,1050,1004,1039,1068,1063,1130,1131,1065,1016,985,917,876,760,699,682,634,671,751,847,795,825,846,862,870,845,876,939,1066,1174,1183,1102,1112,1052,1002,922,843,791,823,811,776,764,766,762,765,766,816,795,828,860,887,871,874,907,1001,1019,1016,1181,1239,1261,1224,1191,1160,1112,1015,992,959,956,1004,1004,1038,1020,990,1024,1119,1063,1036,1054,1040,1053,974,1018,1018,972,1007,1034,1019,1035,1006,971,923,952,937,923,984,957,890,922,1000,986,1002,976,920,924,907,904,877,892,864,903,905,920,925,953,975,1020,1034,941,985,953,960,988,968,1000,972,988,1000,985,957,906,905,936,989,937,985,953,975,1040,1033,983,971,923,970,1005,1020,1016,1000,1054,1040,1082,1040,1001,908,973,1004,987,971,925,952,922,904,893,955,943,950,988,999,1007,935,968,956,912,904,904,908,939,937,966,919,921,934,921,988,1004,951,992,1024,984,988,1007,989,1019,987,1065,1021,957,878,895,953,1003,969,942,984,975,1001,1004,1006,943,957,974,972,928,875,919,970,973,958,952,0.00146484375,0.10105416656466039,0.07152945342667964,0.12973587788369842,0.1900888375847367,0.04804052295409705,0.10152962959666088,0.12155359387563179,0.1144371255882051,0.1594221456768995,0.23850927230116822,0.258501461652095,0.08616469435460591,0.10878923782526267,0.0846967426056505,0.11774363480714214,0.12297322324495649,0.0868701609629144,0.0720541669753778,0.13186486951055296,0.06293337299108603,0.018165112536853784,0.03516981075267404,0.0021836601342771385,0.035814689103305174,0.04200354134298158,0.0682197234241132,0.05286081485439202,0.023640075072090243,0.03088161777508183,0.021945512748285382,0.011759369705851851,0.007873298582322802,0.029296875,0.007042092334890604,0.005694288959809864,0.013706707859002147,0.0068359375,0.0126953125,0.012732817197661424,0.010517900013934578,0.03768316676088816,0.02231183527108567,0.011388577919619728,0.008843149548962322,0.047138743695887386,0.011759369705851851,0.03989589495276464,0.018657200365764452,0.015746597164645604,0.01800692276815017,0.037109375,0.016253239235442616,0.013879560940968648,0.01171875,0.009264485332524549,0.011388577919619728,0.013101960805662831,0.004026470337517247,0.010786485368346935,0.001953125,0.014778072217208551,0.01933495104806966,0.0065509804028314154,0.04078244730043184,0.0027621358640099515,0.021484375,0.0041432037960149265,0.0041432037960149265,0.004367320268554277,0.010563138502335907,0.014084184669781208,0.009618025197066508,0.020132351687586234,0.0048828125,0.012506102026236032,0.01188039556698871,0.004979511243742954,0.019236050394133015,0.013982247132105814,0.01875915303935405,0.016572815184059706,0.0009765625,0.016164985700436375,0.010054326309557618,0.006905339660024878,0.005694288959809864,0.009264485332524549,0.010054326309557618,0.006176323555016366,0.014874556847390447,0.005859375,0.007873298582322802,0.020132351687586234,0.007042092334890604,0.007873298582322802,0.025781989809461104,0.0009765625,0.008400708268596315,0.009264485332524549,0.006253051013118016,0.005694288959809864,0.012236293052872722,0.0048828125,0.006176323555016366,0.0065509804028314154,0.009959022487485907,0.006253051013118016,0.0065509804028314154,0.013810679320049757,0.005258950006967289,0.015655487833868553,0.010563138502335907,0.014218964627501012,0.003521046167445302,0.009959022487485907,0.026654968874914416,0.010054326309557618,0.007873298582322802,0.010918300671385692,0.009959022487485907,0.005694288959809864,0.00834375365753665,0.005258950006967289,0.0013810679320049757,0.007873298582322802,0.005694288959809864,0.0048828125,0.0048828125,1,1,1.0
7.03125,5.787971019744873,4.0,0.22635477781295776,8.559531211853027,3.90625,30.676584243774414,5.315520763397217,4.296875,0.6927160024642944,0.0546962171792984,3137.0,70069.0,90599288.0,22.3363094329834,0.08092920482158661,1.1746689081192017,4.962479114532471,2.240840512968134e-05,0.0,0.07777424901723862,1085,1166,1208,1240,1278,1210,1227,1151,1130,1063,1038,920,894,831,765,684,603,600,565,652,699,775,777,909,1064,1166,1260,1199,1178,1144,1097,987,968,863,832,889,911,911,858,950,956,938,952,956,984,1064,1066,1050,1004,1039,1068,1063,1130,1131,1065,1016,985,917,876,760,699,682,634,671,751,847,795,825,846,862,870,845,876,939,1066,1174,1183,1102,1112,1052,1002,922,843,791,823,811,776,764,766,762,765,766,816,795,828,860,887,871,874,907,1001,1019,1016,1181,1239,1261,1224,1191,1160,1112,1015,992,959,956,1004,1004,1038,1020,990,1024,1119,1063,1036,1054,1040,1053,974,1018,1018,972,1007,1034,1019,1035,1006,971,923,952,937,923,984,957,890,922,1000,986,1002,976,920,924,907,904,877,892,864,903,905,920,925,953,975,1020,1034,941,985,953,960,988,968,1000,972,988,1000,985,957,906,905,936,989,937,985,953,975,1040,1033,983,971,923,970,1005,1020,1016,1000,1054,1040,1082,1040,1001,908,973,1004,987,971,925,952,922,904,893,955,943,950,988,999,1007,935,968,956,912,904,904,908,939,937,966,919,921,934,921,988,1004,951,992,1024,984,988,1007,989,1019,987,1065,1021,957,878,895,953,1003,969,942,984,975,1001,1004,1006,943,957,974,0.0029296875,0.07529670518047357,0.1262827855210096,0.09994390821875569,0.18975742716571276,0.07546749643110022,0.10449675077652684,0.17568628076912632,0.1405198445814377,0.1443628928652574,0.2877083065208811,0.2977602959557507,0.1037640738995273,0.11348731930513825,0.05313074417474783,0.10758155745250321,0.09227869727727742,0.05353308622525682,0.04008667139018319,0.10350641173621956,0.09671913652234963,0.04514423566924305,0.0324624416769427,0.029133659941750583,0.05101546049456632,0.05249875021763911,0.05765028180916188,0.04789140560640324,0.03633022507370757,0.01680141653719263,0.01284467425582608,0.003521046167445302,0.019628663322501738,0.023478154844084585,0.009264485332524549,0.006905339660024878,0.021417687694786434,0.009003461384075085,0.01179984958358845,0.008843149548962322,0.008734640537108554,0.0361328125,0.020716018980074635,0.009765625,0.011134525635733769,0.04680373814969437,0.014680953494504793,0.03889122607761695,0.01680141653719263,0.017387200990981306,0.01516032685181643,0.0375183060787081,0.019773883526676354,0.010918300671385692,0.007109482313750506,0.003521046167445302,0.006905339660024878,0.011134525635733769,0.003521046167445302,0.012506102026236032,0.0048828125,0.01242961138804478,0.017387200990981306,0.0009765625,0.036812650048771024,0.003088161777508183,0.018657200365764452,0.0048828125,0.0027621358640099515,0.004367320268554277,0.014938533731228863,0.015440808887540914,0.005940197783494355,0.014778072217208551,0.0107421875,0.0065509804028314154,0.0170549308560283,0.003521046167445302,0.0244140625,0.008052940675034493,0.013566839833447074,0.01179984958358845,0.006253051013118016,0.0126953125,0.010381001770248682,0.006176323555016366,0.0027621358640099515,0.010563138502335907,0.007627196949127592,0.005258950006967289,0.013810679320049757,0.004026470337517247,0.009212872199274027,0.019918044974971814,0.005694288959809864,0.006176323555016366,0.022482157096135425,0.0029296875,0.004026470337517247,0.014218964627501012,0.010918300671385692,0.007109482313750506,0.007109482313750506,0.001953125,0.007109482313750506,0.007873298582322802,0.0048828125,0.009212872199274027,0.0021836601342771385,0.009264485332524549,0.009765625,0.014218964627501012,0.006176323555016366,0.015440808887540914,0.005940197783494355,0.011759369705851851,0.028117539157984314,0.00966747552403483,0.010918300671385692,0.01242961138804478,0.0048828125,0.004979511243742954,0.010517900013934578,0.0027621358640099515,0.004367320268554277,0.012236293052872722,0.003521046167445302,0.0029296875,0.0009765625,1,1,1.0
6.25,5.336767196655273,4.0,0.1600457727909088,12.261568069458008,3.90625,38.99606704711914,4.939977645874023,4.296875,0.7766167521476746,0.058300044387578964,3564.0,92968.0,151264000.0,26.085296630859375,0.06333747506141663,1.0710968971252441,5.746306419372559,7.891154382377863e-05,0.0,0.063511423766613,942,936,894,937,973,1020,1040,1064,1085,1166,1208,1240,1278,1210,1227,1151,1130,1063,1038,920,894,831,765,684,603,600,565,652,699,775,777,909,1064,1166,1260,1199,1178,1144,1097,987,968,863,832,889,911,911,858,950,956,938,952,956,984,1064,1066,1050,1004,1039,1068,1063,1130,1131,1065,1016,985,917,876,760,699,682,634,671,751,847,795,825,846,862,870,845,876,939,1066,1174,1183,1102,1112,1052,1002,922,843,791,823,811,776,764,766,762,765,766,816,795,828,860,887,871,874,907,1001,1019,1016,1181,1239,1261,1224,1191,1160,1112,1015,992,959,956,1004,1004,1038,1020,990,1024,1119,1063,1036,1054,1040,1053,974,1018,1018,972,1007,1034,1019,1035,1006,971,923,952,937,923,984,957,890,922,1000,986,1002,976,920,924,907,904,877,892,864,903,905,920,925,953,975,1020,1034,941,985,953,960,988,968,1000,972,988,1000,985,957,906,905,936,989,937,985,953,975,1040,1033,983,971,923,970,1005,1020,1016,1000,1054,1040,1082,1040,1001,908,973,1004,987,971,925,952,922,904,893,955,943,950,988,999,1007,935,968,956,912,904,904,908,939,937,966,919,921,934,921,988,1004,951,992,1024,984,988,1007,989,1019,987,1065,1021,957,878,895,953,1003,969,942,0.00048828125,0.0734761886952214,0.12107012118257775,0.10573064994084763,0.18308658756818666,0.07065077049877314,0.09916798652176644,0.1778979544287719,0.14828644143474112,0.13871313206691174,0.2947941181274137,0.30389928343959227,0.1077675546033931,0.11302840856429912,0.044815601193686584,0.10160474632170319,0.08304801416198945,0.058675073772655476,0.0322265625,0.11224098057183286,0.0956532874061397,0.036604814089826784,0.023457836229422487,0.02298555135925746,0.048100040453221686,0.04531292093015696,0.06184039140229517,0.046915672458844974,0.027010384152225255,0.017820593350483065,0.009264485332524549,0.009814331661250869,0.018425744398548053,0.03126525506559008,0.016164985700436375,0.008843149548962322,0.026294750034836445,0.012079411012551739,0.0166875073150733,0.0027621358640099515,0.00390625,0.03423544559171505,0.017686299097924643,0.009003461384075085,0.008286407592029853,0.04576318169476555,0.008843149548962322,0.040794137840244965,0.01953125,0.013282686043686957,0.016370170521718956,0.0324624416769427,0.021506558149946522,0.016630260122975003,0.007873298582322802,0.007109482313750506,0.009814331661250869,0.014778072217208551,0.005524271728019903,0.014218964627501012,0.009814331661250869,0.013982247132105814,0.0192608231673008,0.004026470337517247,0.037186392118476116,0.005694288959809864,0.01441877251975918,0.00834375365753665,0.0029296875,0.0013810679320049757,0.011134525635733769,0.013282686043686957,0.005940197783494355,0.016370170521718956,0.008734640537108554,0.007873298582322802,0.0166875073150733,0.003521046167445302,0.024158822025103478,0.007873298582322802,0.013566839833447074,0.012079411012551739,0.005258950006967289,0.013282686043686957,0.009003461384075085,0.006253051013118016,0.00390625,0.009003461384075085,0.00966747552403483,0.007109482313750506,0.01589728573837862,0.0065509804028314154,0.010918300671385692,0.021439939843847802,0.007873298582322802,0.007627196949127592,0.01953125,0.0048828125,0.0048828125,0.013282686043686957,0.009765625,0.0041432037960149265,0.009003461384075085,0.0021836601342771385,0.006253051013118016,0.004979511243742954,0.007627196949127592,0.007042092334890604,0.003521046167445302,0.01188039556698871,0.010054326309557618,0.011759369705851851,0.004026470337517247,0.014218964627501012,0.006253051013118016,0.011920464468489943,0.027964494264211628,0.009814331661250869,0.011759369705851851,0.013982247132105814,0.0041432037960149265,0.004979511243742954,0.010786485368346935,0.004026470337517247,0.0048828125,0.0126953125,0.004026470337517247,0.004367320268554277,0.001953125,1,1,1.0
6.25,5.340503692626953,4.0,0.14896149933338165,12.20579719543457,3.90625,40.7810173034668,4.944275379180908,4.296875,0.7865942120552063,0.058389946818351746,3575.0,96841.0,161686176.0,27.08839225769043,0.06444431096315384,1.0627269744873047,5.902707576751709,2.1849232325621415e-06,0.0,0.0683697760105133,1039,972,936,888,910,906,910,892,942,936,894,937,973,1020,1040,1064,1085,1166,1208,1240,1278,1210,1227,1151,1130,1063,1038,920,894,831,765,684,603,600,565,652,699,775,777,909,1064,1166,1260,1199,1178,1144,1097,987,968,863,832,889,911,911,858,950,956,938,952,956,984,1064,1066,1050,1004,1039,1068,1063,1130,1131,1065,1016,985,917,876,760,699,682,634,671,751,847,795,825,846,862,870,845,876,939,1066,1174,1183,1102,1112,1052,1002,922,843,791,823,811,776,764,766,762,765,766,816,795,828,860,887,871,874,907,1001,1019,1016,1181,1239,1261,1224,1191,1160,1112,1015,992,959,956,1004,1004,1038,1020,990,1024,1119,1063,1036,1054,1040,1053,974,1018,1018,972,1007,1034,1019,1035,1006,971,923,952,937,923,984,957,890,922,1000,986,1002,976,920,924,907,904,877,892,864,903,905,920,925,953,975,1020,1034,941,985,953,960,988,968,1000,972,988,1000,985,957,906,905,936,989,937,985,953,975,1040,1033,983,971,923,970,1005,1020,1016,1000,1054,1040,1082,1040,1001,908,973,1004,987,971,925,952,922,904,893,955,943,950,988,999,1007,935,968,956,912,904,904,908,939,937,966,919,921,934,921,988,1004,951,992,1024,984,988,1007,989,1019,987,1065,0.00244140625,0.0739355204326082,0.11752068520135216,0.10943166082589298,0.18037878659319126,0.06763708816766716,0.09538371443027172,0.17965565274839845,0.15217150218309655,0.1368337964612687,0.29849124444488134,0.3078542613247709,0.10834123631530206,0.11086887869984145,0.03902586172400017,0.09485232469990687,0.08010194005628858,0.0650496190757066,0.035507146411519225,0.11686560608345771,0.08912972038362996,0.03274034104343791,0.028738162049926096,0.019457869965987574,0.042979845868487083,0.05328309713165524,0.0634765625,0.04419417382415922,0.033260520245950005,0.015776850020901866,0.011920464468489943,0.0027621358640099515,0.016716057391234072,0.027238917345666705,0.010517900013934578,0.0013810679320049757,0.019773883526676354,0.0068359375,0.02108108705558877,0.009003461384075085,0.010918300671385692,0.029035290522106457,0.012236293052872722,0.01019561182510796,0.009765625,0.04523919852304871,0.006176323555016366,0.040653629485348924,0.01886055460530075,0.007873298582322802,0.013706707859002147,0.02995676103550384,0.02568934851165216,0.014938533731228863,0.003088161777508183,0.004367320268554277,0.005940197783494355,0.011430371006562134,0.003521046167445302,0.013282686043686957,0.006905339660024878,0.012732817197661424,0.01760523083722651,0.0027621358640099515,0.03538607603904968,0.005859375,0.016572815184059706,0.00834375365753665,0.003521046167445302,0.0021836601342771385,0.010517900013934578,0.011759369705851851,0.005258950006967289,0.01792730444402912,0.007627196949127592,0.009003461384075085,0.016164985700436375,0.004367320268554277,0.023518739411703703,0.00834375365753665,0.012732817197661424,0.011759369705851851,0.0048828125,0.013671875,0.009212872199274027,0.0065509804028314154,0.003521046167445302,0.008843149548962322,0.009765625,0.006176323555016366,0.014906579611790769,0.004367320268554277,0.01179984958358845,0.019652941208494246,0.0078125,0.007109482313750506,0.020899350155305366,0.00390625,0.003521046167445302,0.014218964627501012,0.0107421875,0.005859375,0.006253051013118016,0.003088161777508183,0.0041432037960149265,0.0078125,0.006905339660024878,0.006176323555016366,0.0041432037960149265,0.013282686043686957,0.01019561182510796,0.01019561182510796,0.001953125,0.012732817197661424,0.0068359375,0.013982247132105814,0.028437929255002024,0.00966747552403483,0.011134525635733769,0.011759369705851851,0.006253051013118016,0.003088161777508183,0.008734640537108554,0.004026470337517247,0.0021836601342771385,0.011759369705851851,0.0009765625,0.003088161777508183,0.0,1,1,1.0
6.25,5.193939685821533,4.0,0.144893079996109,13.223913192749023,3.90625,41.66387176513672,4.873964309692383,4.296875,0.7949893474578857,0.05841444060206413,3578.0,99378.0,168501136.0,27.774734497070312,0.060117557644844055,1.0637195110321045,5.982599258422852,5.45868206245359e-05,0.0,0.05751470476388931,1022,1129,1102,1160,1209,1191,1147,1064,1039,972,936,888,910,906,910,892,942,936,894,937,973,1020,1040,1064,1085,1166,1208,1240,1278,1210,1227,1151,1130,1063,1038,920,894,831,765,684,603,600,565,652,699,775,777,909,1064,1166,1260,1199,1178,1144,1097,987,968,863,832,889,911,911,858,950,956,938,952,956,984,1064,1066,1050,1004,1039,1068,1063,1130,1131,1065,1016,985,917,876,760,699,682,634,671,751,847,795,825,846,862,870,845,876,939,1066,1174,1183,1102,1112,1052,1002,922,843,791,823,811,776,764,766,762,765,766,816,795,828,860,887,871,874,907,1001,1019,1016,1181,1239,1261,1224,1191,1160,1112,1015,992,959,956,1004,1004,1038,1020,990,1024,1119,1063,1036,1054,1040,1053,974,1018,1018,972,1007,1034,1019,1035,1006,971,923,952,937,923,984,957,890,922,1000,986,1002,976,920,924,907,904,877,892,864,903,905,920,925,953,975,1020,1034,941,985,953,960,988,968,1000,972,988,1000,985,957,906,905,936,989,937,985,953,975,1040,1033,983,971,923,970,1005,1020,1016,1000,1054,1040,1082,1040,1001,908,973,1004,987,971,925,952,922,904,893,955,943,950,988,999,1007,935,968,956,912,904,904,908,939,937,966,919,921,934,921,988,1004,951,992,0.0,0.08516274523680839,0.13596682177478134,0.08560393359691847,0.19924029065530435,0.055672628178668845,0.08297908510253126,0.16037344742556406,0.16937659456410384,0.11167452276882374,0.31483048252520085,0.33147068949330055,0.11676763978800016,0.09783187333100152,0.019773883526676354,0.0752206734830145,0.09244906285967865,0.07817381287574024,0.05869944893417468,0.10572162970878404,0.09215977138596895,0.05455655360727899,0.037378240642587185,0.039499508625306025,0.06269044470978138,0.034637007521422264,0.058267319883501166,0.050413708981016825,0.016105881350068987,0.017953883116064683,0.0041432037960149265,0.01792730444402912,0.029652786036501906,0.0192608231673008,0.008052940675034493,0.009765625,0.01284467425582608,0.0013810679320049757,0.02458921545315268,0.013982247132105814,0.014938533731228863,0.026565372087373914,0.010918300671385692,0.010918300671385692,0.009814331661250869,0.044804959949040865,0.005258950006967289,0.04290211452439218,0.02231183527108567,0.005258950006967289,0.0146484375,0.025202124805788945,0.03126525506559008,0.0170549308560283,0.003088161777508183,0.0048828125,0.004026470337517247,0.009003461384075085,0.0048828125,0.005694288959809864,0.01242961138804478,0.022032254243512652,0.01589728573837862,0.01188039556698871,0.03889122607761695,0.009765625,0.011759369705851851,0.007873298582322802,0.003521046167445302,0.005940197783494355,0.016858082521125067,0.016164985700436375,0.001953125,0.018425744398548053,0.0065509804028314154,0.011759369705851851,0.011759369705851851,0.008052940675034493,0.025947910655442233,0.007042092334890604,0.009618025197066508,0.012236293052872722,0.005940197783494355,0.01792730444402912,0.010563138502335907,0.0021836601342771385,0.005694288959809864,0.008400708268596315,0.009814331661250869,0.0021836601342771385,0.009618025197066508,0.006176323555016366,0.005940197783494355,0.025409398107925172,0.003521046167445302,0.005258950006967289,0.014906579611790769,0.009959022487485907,0.008400708268596315,0.011759369705851851,0.0065509804028314154,0.005940197783494355,0.011134525635733769,0.001953125,0.00834375365753665,0.009003461384075085,0.00390625,0.009618025197066508,0.0021836601342771385,0.011920464468489943,0.0087890625,0.010381001770248682,0.0021836601342771385,0.011134525635733769,0.007873298582322802,0.012236293052872722,0.028168369339562415,0.01188039556698871,0.013101960805662831,0.013028968812623373,0.00834375365753665,0.0009765625,0.005524271728019903,0.005940197783494355,0.0009765625,0.011134525635733769,0.001953125,0.003521046167445302,0.0029296875,1,1,1.0
6.25,5.1695027351379395,3.0,0.1389770805835724,13.741357803344727,3.90625,44.94435501098633,4.89258337020874,4.296875,0.8026142716407776,0.06019143387675285,3799.0,115210.0,211572928.0,30.326400756835938,0.05840865895152092,1.1085026264190674,6.279762268066406,0.0,0.0,0.057132821530103683,861,840,794,697,697,777,810,891,1022,1129,1102,1160,1209,1191,1147,1064,1039,972,936,888,910,906,910,892,942,936,894,937,973,1020,1040,1064,1085,1166,1208,1240,1278,1210,1227,1151,1130,1063,1038,920,894,831,765,684,603,600,565,652,699,775,777,909,1064,1166,1260,1199,1178,1144,1097,987,968,863,832,889,911,911,858,950,956,938,952,956,984,1064,1066,1050,1004,1039,1068,1063,1130,1131,1065,1016,985,917,876,760,699,682,634,671,751,847,795,825,846,862,870,845,876,939,1066,1174,1183,1102,1112,1052,1002,922,843,791,823,811,776,764,766,762,765,766,816,795,828,860,887,871,874,907,1001,1019,1016,1181,1239,1261,1224,1191,1160,1112,1015,992,959,956,1004,1004,1038,1020,990,1024,1119,1063,1036,1054,1040,1053,974,1018,1018,972,1007,1034,1019,1035,1006,971,923,952,937,923,984,957,890,922,1000,986,1002,976,920,924,907,904,877,892,864,903,905,920,925,953,975,1020,1034,941,985,953,960,988,968,1000,972,988,1000,985,957,906,905,936,989,937,985,953,975,1040,1033,983,971,923,970,1005,1020,1016,1000,1054,1040,1082,1040,1001,908,973,1004,987,971,925,952,922,904,893,955,943,950,988,999,1007,935,968,956,912,904,904,908,939,937,966,0.00048828125,0.062454206856716724,0.12554811468740779,0.10517900013934578,0.20412258788235335,0.09360747629938874,0.11942045774296405,0.13763989354620323,0.15170702777996817,0.09199405352406786,0.3083835320376742,0.36299893474159833,0.1441877251975918,0.10089360561165565,0.02417855156863271,0.0602389473175435,0.11606312816410852,0.0907940570247614,0.07856322406687018,0.08212420328761187,0.11606312816410852,0.06853353929501074,0.029893023173855404,0.03876842429937345,0.059498227389561786,0.0361328125,0.07453289805895384,0.03419363554689765,0.026203921611325662,0.004979511243742954,0.010563138502335907,0.007042092334890604,0.019555648822754675,0.024724587697601882,0.010918300671385692,0.0027621358640099515,0.0235996991671769,0.009814331661250869,0.016016815885602272,0.007109482313750506,0.010563138502335907,0.02708090746848056,0.010517900013934578,0.0065509804028314154,0.020600608505594715,0.04007477447008436,0.009003461384075085,0.04290211452439218,0.021506558149946522,0.009618025197066508,0.007042092334890604,0.033332125323976586,0.02378085090212094,0.013282686043686957,0.004367320268554277,0.00390625,0.00390625,0.006905339660024878,0.004979511243742954,0.009814331661250869,0.008052940675034493,0.0208765218031562,0.012079411012551739,0.01188039556698871,0.03803582440263759,0.010918300671385692,0.011920464468489943,0.008734640537108554,0.004367320268554277,0.006905339660024878,0.01824369305885684,0.015254393898255184,0.0,0.019652941208494246,0.006176323555016366,0.010918300671385692,0.0146484375,0.0048828125,0.023518739411703703,0.008286407592029853,0.012732817197661424,0.010517900013934578,0.006253051013118016,0.015440808887540914,0.00834375365753665,0.005258950006967289,0.005694288959809864,0.006176323555016366,0.01188039556698871,0.0041432037960149265,0.0087890625,0.005694288959809864,0.0048828125,0.02580047815160724,0.004367320268554277,0.005694288959809864,0.0146484375,0.008052940675034493,0.008286407592029853,0.010381001770248682,0.0068359375,0.005524271728019903,0.0087890625,0.0009765625,0.005524271728019903,0.006253051013118016,0.007873298582322802,0.008843149548962322,0.0009765625,0.007873298582322802,0.0048828125,0.014906579611790769,0.0065509804028314154,0.007873298582322802,0.01019561182510796,0.01516032685181643,0.030524413297046454,0.010381001770248682,0.011759369705851851,0.01019561182510796,0.007627196949127592,0.0021836601342771385,0.007437278423695223,0.0048828125,0.0013810679320049757,0.010563138502335907,0.001953125,0.004367320268554277,0.00390625,1,1,1.0
6.25,4.95775842666626,3.0,0.15045735239982605,14.691508293151855,3.90625,51.61407470703125,4.886063575744629,4.296875,0.7954023480415344,0.062163401395082474,4052.0,138169.0,249172672.0,34.09896469116211,0.054140280932188034,1.3855695724487305,6.690292835235596,1.9277294995845295e-06,0.0,0.053501710295677185,1066,1117,1149,1085,1070,1018,920,862,861,840,794,697,697,777,810,891,1022,1129,1102,1160,1209,1191,1147,1064,1039,972,936,888,910,906,910,892,942,936,894,937,973,1020,1040,1064,1085,1166,1208,1240,1278,1210,1227,1151,1130,1063,1038,920,894,831,765,684,603,600,565,652,699,775,777,909,1064,1166,1260,1199,1178,1144,1097,987,968,863,832,889,911,911,858,950,956,938,952,956,984,1064,1066,1050,1004,1039,1068,1063,1130,1131,1065,1016,985,917,876,760,699,682,634,671,751,847,795,825,846,862,870,845,876,939,1066,1174,1183,1102,1112,1052,1002,922,843,791,823,811,776,764,766,762,765,766,816,795,828,860,887,871,874,907,1001,1019,1016,1181,1239,1261,1224,1191,1160,1112,1015,992,959,956,1004,1004,1038,1020,990,1024,1119,1063,1036,1054,1040,1053,974,1018,1018,972,1007,1034,1019,1035,1006,971,923,952,937,923,984,957,890,922,1000,986,1002,976,920,924,907,904,877,892,864,903,905,920,925,953,975,1020,1034,941,985,953,960,988,968,1000,972,988,1000,985,957,906,905,936,989,937,985,953,975,1040,1033,983,971,923,970,1005,1020,1016,1000,1054,1040,1082,1040,1001,908,973,1004,987,971,925,952,922,904,893,955,943,950,988,999,1007,935,968,0.00048828125,0.08531937679758864,0.11916463641235625,0.10974494494916169,0.1748019596505035,0.08107821571167116,0.11976733859056235,0.164703569876842,0.12150651049341,0.11242351050973293,0.2826115183864717,0.38204692660192485,0.17363325189764425,0.11459119365203269,0.04841623146968961,0.0637464215639359,0.14108540084654844,0.08835057600143395,0.08140103900068245,0.06878356114429818,0.12351488995076983,0.05156397961892221,0.01516032685181643,0.022881590847382775,0.049890780368925004,0.041718768287683256,0.056446664127415724,0.050931268790645697,0.010786485368346935,0.015254393898255184,0.013706707859002147,0.020716018980074635,0.029652786036501906,0.021417687694786434,0.013810679320049757,0.011048543456039806,0.029523860269201122,0.017953883116064683,0.012732817197661424,0.010381001770248682,0.0146484375,0.025334222209126653,0.00834375365753665,0.011134525635733769,0.02157297073669387,0.04334441605697685,0.009959022487485907,0.04154696755113799,0.019555648822754675,0.009618025197066508,0.0065509804028314154,0.03340357690720131,0.023619895746968406,0.014218964627501012,0.0048828125,0.004367320268554277,0.0021836601342771385,0.005694288959809864,0.004979511243742954,0.009264485332524549,0.009212872199274027,0.022140203220223895,0.014906579611790769,0.011759369705851851,0.03876842429937345,0.010517900013934578,0.012506102026236032,0.0065509804028314154,0.004026470337517247,0.005940197783494355,0.016630260122975003,0.013879560940968648,0.0013810679320049757,0.019773883526676354,0.006176323555016366,0.009212872199274027,0.014517645261053229,0.003088161777508183,0.021945512748285382,0.01179984958358845,0.011048543456039806,0.008400708268596315,0.009765625,0.018528970665049098,0.008286407592029853,0.005258950006967289,0.0078125,0.008734640537108554,0.009959022487485907,0.0013810679320049757,0.011920464468489943,0.008400708268596315,0.007042092334890604,0.02378085090212094,0.005524271728019903,0.004026470337517247,0.01792730444402912,0.008734640537108554,0.005859375,0.013566839833447074,0.006905339660024878,0.006253051013118016,0.011920464468489943,0.0021836601342771385,0.006905339660024878,0.008286407592029853,0.006905339660024878,0.007109482313750506,0.0021836601342771385,0.007627196949127592,0.004979511243742954,0.015776850020901866,0.008734640537108554,0.005524271728019903,0.011759369705851851,0.016370170521718956,0.032033631771204545,0.009264485332524549,0.010918300671385692,0.010918300671385692,0.006253051013118016,0.0009765625,0.0068359375,0.005694288959809864,0.0013810679320049757,0.012732817197661424,0.0009765625,0.004026470337517247,0.0009765625,1,1,1.0
6.25,5.026316165924072,2.0,0.16148927807807922,14.279413223266602,3.90625,61.549800872802734,4.98028564453125,4.296875,0.7836322784423828,0.06278924643993378,4134.0,153050.0,260263216.0,37.022254943847656,0.054878462105989456,1.8274844884872437,7.20134973526001,1.8895590301326592e-06,0.0,0.05657222494482994,828,873,873,921,954,1083,1119,1067,1066,1117,1149,1085,1070,1018,920,862,861,840,794,697,697,777,810,891,1022,1129,1102,1160,1209,1191,1147,1064,1039,972,936,888,910,906,910,892,942,936,894,937,973,1020,1040,1064,1085,1166,1208,1240,1278,1210,1227,1151,1130,1063,1038,920,894,831,765,684,603,600,565,652,699,775,777,909,1064,1166,1260,1199,1178,1144,1097,987,968,863,832,889,911,911,858,950,956,938,952,956,984,1064,1066,1050,1004,1039,1068,1063,1130,1131,1065,1016,985,917,876,760,699,682,634,671,751,847,795,825,846,862,870,845,876,939,1066,1174,1183,1102,1112,1052,1002,922,843,791,823,811,776,764,766,762,765,766,816,795,828,860,887,871,874,907,1001,1019,1016,1181,1239,1261,1224,1191,1160,1112,1015,992,959,956,1004,1004,1038,1020,990,1024,1119,1063,1036,1054,1040,1053,974,1018,1018,972,1007,1034,1019,1035,1006,971,923,952,937,923,984,957,890,922,1000,986,1002,976,920,924,907,904,877,892,864,903,905,920,925,953,975,1020,1034,941,985,953,960,988,968,1000,972,988,1000,985,957,906,905,936,989,937,985,953,975,1040,1033,983,971,923,970,1005,1020,1016,1000,1054,1040,1082,1040,1001,908,973,1004,987,971,925,952,922,904,893,0.00146484375,0.08001855635008397,0.12462177274728434,0.1031140870764673,0.18108586739342444,0.0733917743283435,0.1114651021357834,0.1734903890712614,0.11645686949945581,0.12403881548363009,0.2716529377781798,0.38975611372502567,0.18702128014885264,0.12041851178683878,0.06332614389403701,0.0777579267085718,0.15242510848377003,0.07535367860882979,0.06894973870353067,0.08212420328761187,0.10966235967679527,0.043891025496570764,0.031143005310746045,0.03936649291161401,0.06550980402831415,0.027621358640099514,0.07177568291020688,0.03625138904935661,0.024492062898407135,0.005859375,0.006176323555016366,0.010517900013934578,0.025559086578715626,0.01792730444402912,0.003521046167445302,0.007627196949127592,0.023457836229422487,0.0166015625,0.020132351687586234,0.007109482313750506,0.012079411012551739,0.029813159223581537,0.012732817197661424,0.013282686043686957,0.02638526579317636,0.04311277354422679,0.014778072217208551,0.03676080122015373,0.014938533731228863,0.01441877251975918,0.0126953125,0.031988944051092184,0.02638526579317636,0.01886055460530075,0.004026470337517247,0.005694288959809864,0.007873298582322802,0.014680953494504793,0.00390625,0.0166015625,0.003088161777508183,0.018961413905222265,0.004979511243742954,0.01824369305885684,0.03656571333368956,0.020132351687586234,0.015776850020901866,0.009212872199274027,0.010918300671385692,0.012732817197661424,0.0166015625,0.006905339660024878,0.009212872199274027,0.01441877251975918,0.012506102026236032,0.006253051013118016,0.010918300671385692,0.006253051013118016,0.022798081113142094,0.010786485368346935,0.007873298582322802,0.009618025197066508,0.008400708268596315,0.01933495104806966,0.0107421875,0.003521046167445302,0.0065509804028314154,0.009765625,0.006905339660024878,0.0027621358640099515,0.01313830473347042,0.003521046167445302,0.009003461384075085,0.022482157096135425,0.0013810679320049757,0.0048828125,0.013101960805662831,0.010786485368346935,0.009814331661250869,0.009264485332524549,0.007873298582322802,0.005524271728019903,0.009212872199274027,0.003088161777508183,0.00966747552403483,0.005859375,0.004367320268554277,0.011759369705851851,0.0021836601342771385,0.011430371006562134,0.007109482313750506,0.013601941676937616,0.005524271728019903,0.008400708268596315,0.008400708268596315,0.014084184669781208,0.029361906989009586,0.01179984958358845,0.011388577919619728,0.00966747552403483,0.008286407592029853,0.003088161777508183,0.008734640537108554,0.0048828125,0.0009765625,0.010563138502335907,0.0021836601342771385,0.004367320268554277,0.0029296875,1,1,1.0
6.25,4.893058776855469,2.0,0.16717325150966644,14.390741348266602,3.90625,63.994834899902344,4.971321105957031,4.296875,0.7787145376205444,0.06357414275407791,4238.0,159289.0,272740832.0,37.58588790893555,0.05411219224333763,2.0585293769836426,7.301211357116699,1.6589219740126282e-05,0.0,0.05971870198845863,890,793,764,840,814,857,762,808,828,873,873,921,954,1083,1119,1067,1066,1117,1149,1085,1070,1018,920,862,861,840,794,697,697,777,810,891,1022,1129,1102,1160,1209,1191,1147,1064,1039,972,936,888,910,906,910,892,942,936,894,937,973,1020,1040,1064,1085,1166,1208,1240,1278,1210,1227,1151,1130,1063,1038,920,894,831,765,684,603,600,565,652,699,775,777,909,1064,1166,1260,1199,1178,1144,1097,987,968,863,832,889,911,911,858,950,956,938,952,956,984,1064,1066,1050,1004,1039,1068,1063,1130,1131,1065,1016,985,917,876,760,699,682,634,671,751,847,795,825,846,862,870,845,876,939,1066,1174,1183,1102,1112,1052,1002,922,843,791,823,811,776,764,766,762,765,766,816,795,828,860,887,871,874,907,1001,1019,1016,1181,1239,1261,1224,1191,1160,1112,1015,992,959,956,1004,1004,1038,1020,990,1024,1119,1063,1036,1054,1040,1053,974,1018,1018,972,1007,1034,1019,1035,1006,971,923,952,937,923,984,957,890,922,1000,986,1002,976,920,924,907,904,877,892,864,903,905,920,925,953,975,1020,1034,941,985,953,960,988,968,1000,972,988,1000,985,957,906,905,936,989,937,985,953,975,1040,1033,983,971,923,970,1005,1020,1016,1000,1054,1040,1082,1040,1001,908,973,0.0009765625,0.049881221832508336,0.14942682747759697,0.07134923616253058,0.20094657058769883,0.04200354134298158,0.09485232469990687,0.20275845834795803,0.08926871001583156,0.14063856271402103,0.2655280441157093,0.41536062910376165,0.19127915502983012,0.10002021585210442,0.06071988889339771,0.0826624248195683,0.1302347792154045,0.07970209922945588,0.075442218421203,0.0720938625987959,0.12277142408069062,0.05208841934802573,0.01727715430952552,0.025559086578715626,0.060546875,0.029313146523053973,0.06755949436104679,0.03936649291161401,0.025633603024231812,0.004026470337517247,0.012506102026236032,0.006905339660024878,0.024705294220065465,0.016164985700436375,0.003521046167445302,0.011759369705851851,0.026565372087373914,0.021035800027869155,0.01680141653719263,0.010563138502335907,0.013282686043686957,0.027151247606362977,0.011759369705851851,0.007873298582322802,0.026868782211323446,0.03813598474563796,0.020692988379313566,0.03500673501745102,0.010054326309557618,0.019773883526676354,0.01953125,0.027500249688142037,0.0324624416769427,0.01792730444402912,0.005940197783494355,0.003521046167445302,0.009003461384075085,0.01284467425582608,0.005524271728019903,0.014218964627501012,0.003521046167445302,0.020716018980074635,0.007873298582322802,0.014680953494504793,0.03601384553630034,0.0166015625,0.011920464468489943,0.009765625,0.009003461384075085,0.013028968812623373,0.019186408891004394,0.0078125,0.009765625,0.01760523083722651,0.013028968812623373,0.003088161777508183,0.012506102026236032,0.007873298582322802,0.022545696055889054,0.01179984958358845,0.007109482313750506,0.010918300671385692,0.007109482313750506,0.01824369305885684,0.009765625,0.0041432037960149265,0.006253051013118016,0.010786485368346935,0.005940197783494355,0.003088161777508183,0.01441877251975918,0.0021836601342771385,0.009814331661250869,0.024119314521930602,0.003088161777508183,0.009003461384075085,0.01242961138804478,0.006905339660024878,0.005859375,0.014084184669781208,0.009618025197066508,0.004026470337517247,0.013028968812623373,0.0029296875,0.0048828125,0.007627196949127592,0.01019561182510796,0.010517900013934578,0.005940197783494355,0.009618025197066508,0.007627196949127592,0.007109482313750506,0.0013810679320049757,0.01589728573837862,0.001953125,0.008734640537108554,0.027361183058831836,0.016370170521718956,0.01179984958358845,0.005258950006967289,0.006905339660024878,0.007042092334890604,0.008843149548962322,0.010381001770248682,0.0041432037960149265,0.0146484375,0.00390625,0.005694288959809864,0.0,1,1,1.0
6.25,4.886056900024414,4.0,0.14566926658153534,15.409504890441895,3.90625,69.41907501220703,4.9234161376953125,4.296875,0.8022675514221191,0.06466731429100037,4385.0,180905.0,335507680.0,41.25541687011719,0.05206316336989403,2.446976900100708,7.623140335083008,7.125107913452666e-06,0.0,0.05732129514217377,1148,1182,1177,1086,1054,989,939,878,890,793,764,840,814,857,762,808,828,873,873,921,954,1083,1119,1067,1066,1117,1149,1085,1070,1018,920,862,861,840,794,697,697,777,810,891,1022,1129,1102,1160,1209,1191,1147,1064,1039,972,936,888,910,906,910,892,942,936,894,937,973,1020,1040,1064,1085,1166,1208,1240,1278,1210,1227,1151,1130,1063,1038,920,894,831,765,684,603,600,565,652,699,775,777,909,1064,1166,1260,1199,1178,1144,1097,987,968,863,832,889,911,911,858,950,956,938,952,956,984,1064,1066,1050,1004,1039,1068,1063,1130,1131,1065,1016,985,917,876,760,699,682,634,671,751,847,795,825,846,862,870,845,876,939,1066,1174,1183,1102,1112,1052,1002,922,843,791,823,811,776,764,766,762,765,766,816,795,828,860,887,871,874,907,1001,1019,1016,1181,1239,1261,1224,1191,1160,1112,1015,992,959,956,1004,1004,1038,1020,990,1024,1119,1063,1036,1054,1040,1053,974,1018,1018,972,1007,1034,1019,1035,1006,971,923,952,937,923,984,957,890,922,1000,986,1002,976,920,924,907,904,877,892,864,903,905,920,925,953,975,1020,1034,941,985,953,960,988,968,1000,972,988,1000,985,957,906,905,936,989,937,985,953,975,1040,1033,983,971,923,970,1005,1020,1016,0.00146484375,0.06615445138453105,0.1337926265492434,0.08625319322949822,0.20483151094491434,0.04817928274821879,0.08167005674630888,0.20459625306935494,0.09377034284498284,0.1556200680851294,0.2528919795733339,0.4292267149362227,0.1996873318905787,0.08908155806235321,0.06201748558323214,0.08358028695617035,0.11748416225750455,0.09157844691015765,0.08908155806235321,0.06032595785734571,0.1305273598238992,0.04014610310760638,0.028168369339562415,0.0375183060787081,0.07064402096252666,0.021439939843847802,0.07489031082046033,0.03455430861905104,0.022777155839239456,0.0078125,0.00834375365753665,0.011134525635733769,0.02157297073669387,0.0242573092741684,0.006176323555016366,0.007873298582322802,0.01760523083722651,0.021836601342771385,0.02458921545315268,0.016630260122975003,0.021035800027869155,0.020320949264340638,0.004367320268554277,0.0048828125,0.023940723969006372,0.030586835475323877,0.024472586105745445,0.03549371454177001,0.007437278423695223,0.024119314521930602,0.0244140625,0.021836601342771385,0.03527810911755555,0.013601941676937616,0.0048828125,0.0013810679320049757,0.0048828125,0.011134525635733769,0.0021836601342771385,0.013566839833447074,0.003088161777508183,0.020132351687586234,0.0065509804028314154,0.016105881350068987,0.03676080122015373,0.016858082521125067,0.013566839833447074,0.009212872199274027,0.008734640537108554,0.0126953125,0.017387200990981306,0.0078125,0.008286407592029853,0.016630260122975003,0.01188039556698871,0.0029296875,0.013706707859002147,0.006905339660024878,0.020531050821902968,0.01313830473347042,0.005940197783494355,0.012732817197661424,0.0048828125,0.016105881350068987,0.009003461384075085,0.004979511243742954,0.007437278423695223,0.01188039556698871,0.004979511243742954,0.00390625,0.014938533731228863,0.0009765625,0.010054326309557618,0.026672852116694654,0.004367320268554277,0.008052940675034493,0.015254393898255184,0.007042092334890604,0.006253051013118016,0.01188039556698871,0.008052940675034493,0.004026470337517247,0.0107421875,0.0013810679320049757,0.007109482313750506,0.008052940675034493,0.008734640537108554,0.007873298582322802,0.006176323555016366,0.006905339660024878,0.005694288959809864,0.008400708268596315,0.004367320268554277,0.01878455474772592,0.0021836601342771385,0.007873298582322802,0.027793455997573647,0.01878455474772592,0.009618025197066508,0.0087890625,0.0048828125,0.00834375365753665,0.004979511243742954,0.008734640537108554,0.0048828125,0.013982247132105814,0.0,0.003088161777508183,0.0029296875,1,1,1.0
6.25,4.799731254577637,4.0,0.1432376205921173,15.885083198547363,3.90625,74.86727905273438,4.912598609924316,4.296875,0.8060215711593628,0.06556800752878189,4508.0,193185.0,366849952.0,42.853816986083984,0.05074078589677811,2.880735397338867,7.942647457122803,1.5595487639075145e-05,0.0,0.0522528700530529,586,701,735,808,896,971,952,1101,1148,1182,1177,1086,1054,989,939,878,890,793,764,840,814,857,762,808,828,873,873,921,954,1083,1119,1067,1066,1117,1149,1085,1070,1018,920,862,861,840,794,697,697,777,810,891,1022,1129,1102,1160,1209,1191,1147,1064,1039,972,936,888,910,906,910,892,942,936,894,937,973,1020,1040,1064,1085,1166,1208,1240,1278,1210,1227,1151,1130,1063,1038,920,894,831,765,684,603,600,565,652,699,775,777,909,1064,1166,1260,1199,1178,1144,1097,987,968,863,832,889,911,911,858,950,956,938,952,956,984,1064,1066,1050,1004,1039,1068,1063,1130,1131,1065,1016,985,917,876,760,699,682,634,671,751,847,795,825,846,862,870,845,876,939,1066,1174,1183,1102,1112,1052,1002,922,843,791,823,811,776,764,766,762,765,766,816,795,828,860,887,871,874,907,1001,1019,1016,1181,1239,1261,1224,1191,1160,1112,1015,992,959,956,1004,1004,1038,1020,990,1024,1119,1063,1036,1054,1040,1053,974,1018,1018,972,1007,1034,1019,1035,1006,971,923,952,937,923,984,957,890,922,1000,986,1002,976,920,924,907,904,877,892,864,903,905,920,925,953,975,1020,1034,941,985,953,960,988,968,1000,972,988,1000,985,957,906,905,936,989,937,985,953,975,1040,0.00341796875,0.014680953494504793,0.18315949723730587,0.07144941298375135,0.16202993629680798,0.08338036799272094,0.12898021078983637,0.1556629597279006,0.13907360932626706,0.16334011349261776,0.21488813461983103,0.44425866429730176,0.24220521923587374,0.09242327007875659,0.09019335850795951,0.10368132374989841,0.08360880778517185,0.13032628121447842,0.12343765451928619,0.045658866123285,0.13070624202424902,0.019384212149686726,0.055285858807492816,0.05765028180916188,0.05996125559769044,0.05111817315743125,0.04938162843660364,0.06118146526436361,0.021506558149946522,0.01760523083722651,0.026868782211323446,0.01708286687942959,0.03843489971514537,0.0021836601342771385,0.018657200365764452,0.015440808887540914,0.026654968874914416,0.0041432037960149265,0.037695818487536684,0.02298555135925746,0.03152346170228315,0.026565372087373914,0.015746597164645604,0.021945512748285382,0.022798081113142094,0.013671875,0.040794137840244965,0.03250647847088523,0.01171875,0.027930370402490412,0.02489755621871477,0.025465634395322848,0.0235996991671769,0.020531050821902968,0.009003461384075085,0.011134525635733769,0.01680141653719263,0.019555648822754675,0.01179984958358845,0.011048543456039806,0.01242961138804478,0.013810679320049757,0.011759369705851851,0.020531050821902968,0.0388789633542859,0.021506558149946522,0.021836601342771385,0.005694288959809864,0.005694288959809864,0.015440808887540914,0.02847144479904932,0.007873298582322802,0.019384212149686726,0.009618025197066508,0.016858082521125067,0.0146484375,0.017686299097924643,0.005859375,0.00966747552403483,0.0242573092741684,0.007109482313750506,0.022777155839239456,0.006176323555016366,0.006253051013118016,0.003088161777508183,0.01441877251975918,0.0166875073150733,0.020108652619115236,0.005258950006967289,0.010517900013934578,0.01019561182510796,0.006905339660024878,0.004367320268554277,0.022714264354712906,0.0021836601342771385,0.0065509804028314154,0.008286407592029853,0.009814331661250869,0.005859375,0.01878455474772592,0.010918300671385692,0.01019561182510796,0.007873298582322802,0.004367320268554277,0.009264485332524549,0.008400708268596315,0.0029296875,0.004026470337517247,0.008843149548962322,0.003088161777508183,0.008843149548962322,0.01188039556698871,0.011048543456039806,0.02489755621871477,0.008400708268596315,0.0146484375,0.03416573375885918,0.013601941676937616,0.007042092334890604,0.007627196949127592,0.006905339660024878,0.0065509804028314154,0.009003461384075085,0.011134525635733769,0.006176323555016366,0.01589728573837862,0.0013810679320049757,0.0021836601342771385,0.00390625,1,1,1.0
6.640625,5.260627269744873,3.0,0.1656711846590042,12.720839500427246,4.6875,81.38322448730469,5.236911296844482,4.296875,0.7735214233398438,0.06824767589569092,4884.0,206953.0,401934368.0,42.3736686706543,0.06080741807818413,3.3643782138824463,8.315625190734863,7.83806899562478e-05,0.0,0.0707138404250145,1001,926,890,780,764,687,606,616,586,701,735,808,896,971,952,1101,1148,1182,1177,1086,1054,989,939,878,890,793,764,840,814,857,762,808,828,873,873,921,954,1083,1119,1067,1066,1117,1149,1085,1070,1018,920,862,861,840,794,697,697,777,810,891,1022,1129,1102,1160,1209,1191,1147,1064,1039,972,936,888,910,906,910,892,942,936,894,937,973,1020,1040,1064,1085,1166,1208,1240,1278,1210,1227,1151,1130,1063,1038,920,894,831,765,684,603,600,565,652,699,775,777,909,1064,1166,1260,1199,1178,1144,1097,987,968,863,832,889,911,911,858,950,956,938,952,956,984,1064,1066,1050,1004,1039,1068,1063,1130,1131,1065,1016,985,917,876,760,699,682,634,671,751,847,795,825,846,862,870,845,876,939,1066,1174,1183,1102,1112,1052,1002,922,843,791,823,811,776,764,766,762,765,766,816,795,828,860,887,871,874,907,1001,1019,1016,1181,1239,1261,1224,1191,1160,1112,1015,992,959,956,1004,1004,1038,1020,990,1024,1119,1063,1036,1054,1040,1053,974,1018,1018,972,1007,1034,1019,1035,1006,971,923,952,937,923,984,957,890,922,1000,986,1002,976,920,924,907,904,877,892,864,903,905,920,925,953,975,1020,1034,941,985,953,960,988,968,1000,972,988,1000,985,957,906,0.00146484375,0.0126953125,0.20899350155305368,0.08342039011426647,0.13689999147558637,0.11016127121756326,0.151480552306396,0.13124142573369615,0.1673373397610955,0.19069742796693176,0.18452897189136766,0.4746947663022894,0.2568656411055523,0.0712957509704843,0.08778748288269181,0.08860925824637432,0.10355707454340472,0.13841718468673447,0.11630937270152675,0.07905935409378553,0.09783187333100152,0.051840661874949207,0.0352916230460794,0.028721564784868637,0.04496431419227085,0.03954776705335271,0.06670715374194557,0.03549371454177001,0.0341098617120566,0.013028968812623373,0.001953125,0.016105881350068987,0.02458921545315268,0.023212625632821705,0.0041432037960149265,0.0065509804028314154,0.021506558149946522,0.014874556847390447,0.025633603024231812,0.0126953125,0.021683206358568866,0.025559086578715626,0.009003461384075085,0.0166875073150733,0.020132351687586234,0.01800692276815017,0.037186392118476116,0.0300838316420886,0.005940197783494355,0.020899350155305366,0.018528970665049098,0.02847144479904932,0.02734375,0.020132351687586234,0.009003461384075085,0.007873298582322802,0.009814331661250869,0.006905339660024878,0.004026470337517247,0.011920464468489943,0.005859375,0.021506558149946522,0.0065509804028314154,0.017387200990981306,0.03866990209613932,0.014517645261053229,0.011430371006562134,0.011759369705851851,0.010517900013934578,0.010786485368346935,0.01800692276815017,0.009765625,0.010563138502335907,0.016630260122975003,0.016016815885602272,0.008843149548962322,0.013982247132105814,0.0009765625,0.014938533731228863,0.020108652619115236,0.004026470337517247,0.018961413905222265,0.0021836601342771385,0.0107421875,0.004026470337517247,0.007437278423695223,0.00966747552403483,0.01313830473347042,0.004979511243742954,0.003521046167445302,0.016016815885602272,0.0021836601342771385,0.011430371006562134,0.02765586378614511,0.006905339660024878,0.009618025197066508,0.018165112536853784,0.01019561182510796,0.009814331661250869,0.009264485332524549,0.010786485368346935,0.0013810679320049757,0.013810679320049757,0.003521046167445302,0.004979511243742954,0.005859375,0.007627196949127592,0.006905339660024878,0.004026470337517247,0.0029296875,0.0048828125,0.0107421875,0.00834375365753665,0.02157297073669387,0.004979511243742954,0.009264485332524549,0.029035290522106457,0.019918044974971814,0.009765625,0.01179984958358845,0.0029296875,0.0068359375,0.0041432037960149265,0.0027621358640099515,0.0027621358640099515,0.00966747552403483,0.007437278423695223,0.010786485368346935,0.0048828125,1,1,1.0
6.25,4.7166900634765625,2.0,0.14036789536476135,17.838781356811523,4.6875,85.78491973876953,4.853992938995361,4.296875,0.8140011429786682,0.07006793469190598,5148.0,236281.0,511798560.0,45.89762878417969,0.045630984008312225,3.415205717086792,8.610054969787598,1.3656973351316992e-05,0.0,0.05170459300279617,1166,1243,1257,1211,1197,1116,1116,1054,1001,926,890,780,764,687,606,616,586,701,735,808,896,971,952,1101,1148,1182,1177,1086,1054,989,939,878,890,793,764,840,814,857,762,808,828,873,873,921,954,1083,1119,1067,1066,1117,1149,1085,1070,1018,920,862,861,840,794,697,697,777,810,891,1022,1129,1102,1160,1209,1191,1147,1064,1039,972,936,888,910,906,910,892,942,936,894,937,973,1020,1040,1064,1085,1166,1208,1240,1278,1210,1227,1151,1130,1063,1038,920,894,831,765,684,603,600,565,652,699,775,777,909,1064,1166,1260,1199,1178,1144,1097,987,968,863,832,889,911,911,858,950,956,938,952,956,984,1064,1066,1050,1004,1039,1068,1063,1130,1131,1065,1016,985,917,876,760,699,682,634,671,751,847,795,825,846,862,870,845,876,939,1066,1174,1183,1102,1112,1052,1002,922,843,791,823,811,776,764,766,762,765,766,816,795,828,860,887,871,874,907,1001,1019,1016,1181,1239,1261,1224,1191,1160,1112,1015,992,959,956,1004,1004,1038,1020,990,1024,1119,1063,1036,1054,1040,1053,974,1018,1018,972,1007,1034,1019,1035,1006,971,923,952,937,923,984,957,890,922,1000,986,1002,976,920,924,907,904,877,892,864,903,905,920,925,953,975,1020,1034,941,985,953,960,988,0.0029296875,0.03614600688148779,0.1818950880565004,0.03618556115947052,0.17509904510917396,0.10786485368346935,0.1862343350165659,0.09522861478939527,0.20570495720556983,0.21392960704404507,0.1422332354758401,0.5125176403452266,0.275690010690683,0.04848512338791566,0.077265782987705,0.056623785212204,0.13684425043440124,0.11376848343133358,0.08595969173697417,0.07550539757842854,0.11682887834951704,0.03712222228271135,0.0363433477850164,0.043891025496570764,0.05373756442264689,0.04632242666262274,0.050818796215850344,0.04979511243742954,0.0375183060787081,0.01878455474772592,0.011759369705851851,0.02298555135925746,0.030586835475323877,0.0283875817456028,0.009765625,0.0107421875,0.023294649300540163,0.0166875073150733,0.023294649300540163,0.012079411012551739,0.02378085090212094,0.027010384152225255,0.013282686043686957,0.018657200365764452,0.025947910655442233,0.020967686087484266,0.036604814089826784,0.027151247606362977,0.0009765625,0.019749754312653012,0.019773883526676354,0.02489755621871477,0.0318844291353799,0.016370170521718956,0.0048828125,0.003521046167445302,0.008734640537108554,0.009212872199274027,0.0027621358640099515,0.01188039556698871,0.005258950006967289,0.020762003540497363,0.006253051013118016,0.0166015625,0.03798564519292329,0.016016815885602272,0.01313830473347042,0.008400708268596315,0.007437278423695223,0.011430371006562134,0.022032254243512652,0.006176323555016366,0.013282686043686957,0.01179984958358845,0.011048543456039806,0.007873298582322802,0.01680141653719263,0.0065509804028314154,0.01953125,0.01516032685181643,0.00390625,0.013282686043686957,0.005694288959809864,0.013028968812623373,0.006905339660024878,0.010918300671385692,0.013282686043686957,0.01589728573837862,0.0027621358640099515,0.006176323555016366,0.014084184669781208,0.0021836601342771385,0.011430371006562134,0.026868782211323446,0.007873298582322802,0.010563138502335907,0.018425744398548053,0.010918300671385692,0.010517900013934578,0.011430371006562134,0.010918300671385692,0.0048828125,0.011759369705851851,0.0021836601342771385,0.008286407592029853,0.009003461384075085,0.007437278423695223,0.0048828125,0.008734640537108554,0.0087890625,0.0065509804028314154,0.009618025197066508,0.004367320268554277,0.019457869965987574,0.0078125,0.008400708268596315,0.03126525506559008,0.021945512748285382,0.005859375,0.014084184669781208,0.0021836601342771385,0.0027621358640099515,0.006905339660024878,0.004979511243742954,0.0013810679320049757,0.01171875,0.006253051013118016,0.007873298582322802,0.0029296875,1,1,1.0
5.46875,4.624839782714844,2.0,0.11730766296386719,18.84547233581543,4.6875,88.77962493896484,4.82800817489624,4.296875,0.8382140398025513,0.07280468195676804,5558.0,275434.0,685673792.0,49.55631637573242,0.044478271156549454,3.456014633178711,8.817131996154785,5.059939212515019e-05,0.0,0.0524013452231884,955,1004,991,1040,1086,1133,1128,1150,1166,1243,1257,1211,1197,1116,1116,1054,1001,926,890,780,764,687,606,616,586,701,735,808,896,971,952,1101,1148,1182,1177,1086,1054,989,939,878,890,793,764,840,814,857,762,808,828,873,873,921,954,1083,1119,1067,1066,1117,1149,1085,1070,1018,920,862,861,840,794,697,697,777,810,891,1022,1129,1102,1160,1209,1191,1147,1064,1039,972,936,888,910,906,910,892,942,936,894,937,973,1020,1040,1064,1085,1166,1208,1240,1278,1210,1227,1151,1130,1063,1038,920,894,831,765,684,603,600,565,652,699,775,777,909,1064,1166,1260,1199,1178,1144,1097,987,968,863,832,889,911,911,858,950,956,938,952,956,984,1064,1066,1050,1004,1039,1068,1063,1130,1131,1065,1016,985,917,876,760,699,682,634,671,751,847,795,825,846,862,870,845,876,939,1066,1174,1183,1102,1112,1052,1002,922,843,791,823,811,776,764,766,762,765,766,816,795,828,860,887,871,874,907,1001,1019,1016,1181,1239,1261,1224,1191,1160,1112,1015,992,959,956,1004,1004,1038,1020,990,1024,1119,1063,1036,1054,1040,1053,974,1018,1018,972,1007,1034,1019,1035,1006,971,923,952,937,923,984,957,890,922,1000,986,1002,976,920,924,907,904,877,892,864,903,905,920,925,953,0.001953125,0.05094999008103743,0.1788602944866402,0.021945512748285382,0.1835963472223206,0.11830924706841191,0.20020483971232633,0.08091337455655219,0.21851008746782222,0.22754115811803216,0.13433326250426236,0.5210681640200021,0.2624065414450716,0.03496584724603156,0.06239309705063784,0.05313074417474783,0.12830187985952615,0.11172148160996165,0.09665995695132515,0.06484404414466417,0.11328545924291832,0.03837281778200879,0.03931801199061991,0.034637007521422264,0.04509139211177811,0.03941491420041126,0.0655461882599603,0.03629082846887118,0.028920103310470405,0.006176323555016366,0.009959022487485907,0.010517900013934578,0.030524413297046454,0.0166015625,0.011388577919619728,0.003521046167445302,0.011759369705851851,0.020692988379313566,0.02681548870653512,0.013028968812623373,0.016630260122975003,0.028588439781844624,0.010786485368346935,0.019918044974971814,0.018165112536853784,0.013028968812623373,0.04244397228925924,0.025781989809461104,0.008400708268596315,0.01516032685181643,0.013879560940968648,0.0300838316420886,0.033260520245950005,0.01708286687942959,0.007627196949127592,0.003088161777508183,0.0048828125,0.010918300671385692,0.001953125,0.013982247132105814,0.003521046167445302,0.019749754312653012,0.006176323555016366,0.017469281074217108,0.03813598474563796,0.015440808887540914,0.013282686043686957,0.008843149548962322,0.008400708268596315,0.012732817197661424,0.020762003540497363,0.004367320268554277,0.011920464468489943,0.01313830473347042,0.011759369705851851,0.006253051013118016,0.014938533731228863,0.004367320268554277,0.01792730444402912,0.0170549308560283,0.0021836601342771385,0.017469281074217108,0.0029296875,0.010918300671385692,0.004979511243742954,0.006905339660024878,0.008843149548962322,0.012236293052872722,0.005258950006967289,0.006176323555016366,0.018528970665049098,0.004026470337517247,0.0087890625,0.0283875817456028,0.004026470337517247,0.006176323555016366,0.01313830473347042,0.006176323555016366,0.005524271728019903,0.010918300671385692,0.007873298582322802,0.0021836601342771385,0.013706707859002147,0.0041432037960149265,0.004026470337517247,0.0048828125,0.0048828125,0.004367320268554277,0.008052940675034493,0.005859375,0.009618025197066508,0.005859375,0.0009765625,0.01528562093993997,0.006253051013118016,0.005258950006967289,0.028721564784868637,0.02458921545315268,0.006905339660024878,0.016370170521718956,0.004979511243742954,0.001953125,0.007627196949127592,0.007042092334890604,0.0013810679320049757,0.010381001770248682,0.005694288959809864,0.009003461384075085,0.00390625,1,1,1.0
4.6875,4.416806221008301,2.0,0.10361642390489578,21.382854461669922,4.6875,89.6895751953125,4.675645351409912,4.296875,0.8563358187675476,0.07319659739732742,5618.0,284701.0,728866752.0,50.67657470703125,0.0400477759540081,3.94311785697937,8.861780166625977,2.2247219021664932e-05,0.0,0.04171278327703476,1000,923,941,908,957,985,984,942,955,1004,991,1040,1086,1133,1128,1150,1166,1243,1257,1211,1197,1116,1116,1054,1001,926,890,780,764,687,606,616,586,701,735,808,896,971,952,1101,1148,1182,1177,1086,1054,989,939,878,890,793,764,840,814,857,762,808,828,873,873,921,954,1083,1119,1067,1066,1117,1149,1085,1070,1018,920,862,861,840,794,697,697,777,810,891,1022,1129,1102,1160,1209,1191,1147,1064,1039,972,936,888,910,906,910,892,942,936,894,937,973,1020,1040,1064,1085,1166,1208,1240,1278,1210,1227,1151,1130,1063,1038,920,894,831,765,684,603,600,565,652,699,775,777,909,1064,1166,1260,1199,1178,1144,1097,987,968,863,832,889,911,911,858,950,956,938,952,956,984,1064,1066,1050,1004,1039,1068,1063,1130,1131,1065,1016,985,917,876,760,699,682,634,671,751,847,795,825,846,862,870,845,876,939,1066,1174,1183,1102,1112,1052,1002,922,843,791,823,811,776,764,766,762,765,766,816,795,828,860,887,871,874,907,1001,1019,1016,1181,1239,1261,1224,1191,1160,1112,1015,992,959,956,1004,1004,1038,1020,990,1024,1119,1063,1036,1054,1040,1053,974,1018,1018,972,1007,1034,1019,1035,1006,971,923,952,937,923,984,957,890,922,1000,986,1002,976,920,924,907,904,0.001953125,0.06516679929962059,0.18481558190911893,0.018528970665049098,0.17721313506413064,0.12976527811701077,0.19846335415359312,0.08865767713977347,0.20676621080383464,0.2157739097457177,0.14517645261053228,0.5140727404470141,0.2736675929225374,0.04143203796014927,0.06766528203640627,0.04632242666262274,0.13662454902037016,0.10353865457268921,0.09588232584869982,0.05837360989796272,0.11686560608345771,0.03965613379735733,0.04074735555668958,0.03192926313334339,0.046875,0.0363433477850164,0.06630564529987483,0.0388789633542859,0.029296875,0.0078125,0.007437278423695223,0.01188039556698871,0.02652944864688696,0.014874556847390447,0.010918300671385692,0.006176323555016366,0.01019561182510796,0.023518739411703703,0.030649130520459405,0.016370170521718956,0.0126953125,0.03452669830012439,0.017953883116064683,0.026939676219011176,0.023518739411703703,0.014517645261053229,0.04280196679845923,0.02229045353615884,0.003088161777508183,0.019186408891004394,0.019652941208494246,0.02580047815160724,0.027621358640099514,0.021126277004671814,0.011134525635733769,0.008052940675034493,0.0041432037960149265,0.010786485368346935,0.005258950006967289,0.016016815885602272,0.0041432037960149265,0.01792730444402912,0.0048828125,0.01824369305885684,0.03876842429937345,0.0166875073150733,0.013810679320049757,0.007873298582322802,0.008843149548962322,0.0146484375,0.020692988379313566,0.0048828125,0.009003461384075085,0.01589728573837862,0.013982247132105814,0.009003461384075085,0.0166015625,0.0065509804028314154,0.019384212149686726,0.013810679320049757,0.0041432037960149265,0.014680953494504793,0.007042092334890604,0.007873298582322802,0.0013810679320049757,0.009959022487485907,0.007627196949127592,0.007873298582322802,0.009212872199274027,0.009264485332524549,0.021506558149946522,0.005940197783494355,0.0048828125,0.02489755621871477,0.0021836601342771385,0.009212872199274027,0.016572815184059706,0.008052940675034493,0.009618025197066508,0.01188039556698871,0.008734640537108554,0.004367320268554277,0.01019561182510796,0.0048828125,0.006905339660024878,0.006176323555016366,0.007873298582322802,0.0078125,0.0087890625,0.0048828125,0.011920464468489943,0.0021836601342771385,0.003088161777508183,0.013282686043686957,0.009959022487485907,0.00834375365753665,0.0324624416769427,0.023478154844084585,0.003088161777508183,0.013671875,0.003521046167445302,0.004367320268554277,0.0048828125,0.004026470337517247,0.0027621358640099515,0.012236293052872722,0.004367320268554277,0.005694288959809864,0.0009765625,1,1,1.0
4.6875,4.517726898193359,2.0,0.10490241646766663,19.898839950561523,4.6875,88.03295135498047,4.713394641876221,4.296875,0.8522675633430481,0.07315098494291306,5611.0,277108.0,696770560.0,49.38656234741211,0.04283001273870468,3.528599739074707,8.762063980102539,2.2276117306319065e-05,0.0,0.046279359608888626,954,988,1051,1182,1176,1136,1095,1003,1000,923,941,908,957,985,984,942,955,1004,991,1040,1086,1133,1128,1150,1166,1243,1257,1211,1197,1116,1116,1054,1001,926,890,780,764,687,606,616,586,701,735,808,896,971,952,1101,1148,1182,1177,1086,1054,989,939,878,890,793,764,840,814,857,762,808,828,873,873,921,954,1083,1119,1067,1066,1117,1149,1085,1070,1018,920,862,861,840,794,697,697,777,810,891,1022,1129,1102,1160,1209,1191,1147,1064,1039,972,936,888,910,906,910,892,942,936,894,937,973,1020,1040,1064,1085,1166,1208,1240,1278,1210,1227,1151,1130,1063,1038,920,894,831,765,684,603,600,565,652,699,775,777,909,1064,1166,1260,1199,1178,1144,1097,987,968,863,832,889,911,911,858,950,956,938,952,956,984,1064,1066,1050,1004,1039,1068,1063,1130,1131,1065,1016,985,917,876,760,699,682,634,671,751,847,795,825,846,862,870,845,876,939,1066,1174,1183,1102,1112,1052,1002,922,843,791,823,811,776,764,766,762,765,766,816,795,828,860,887,871,874,907,1001,1019,1016,1181,1239,1261,1224,1191,1160,1112,1015,992,959,956,1004,1004,1038,1020,990,1024,1119,1063,1036,1054,1040,1053,974,1018,1018,972,1007,1034,1019,1035,1006,971,923,952,937,923,984,957,890,922,0.00341796875,0.09092525858597149,0.20395432413412523,0.0390625,0.1555710345847125,0.14038404378181715,0.178002459219757,0.1150397256984279,0.18579342172596053,0.19699712931289007,0.1357983809047356,0.5333497680675002,0.28521309899936276,0.025334222209126653,0.04523919852304871,0.04438796163032622,0.1189042545106047,0.11946437186466738,0.1176788203056742,0.07905332248179173,0.09582760558772081,0.05349744501875913,0.026002982335340524,0.044932488555966175,0.05328309713165524,0.05635366424317777,0.05490504998777577,0.03601384553630034,0.04458090707231768,0.020108652619115236,0.020531050821902968,0.008734640537108554,0.040618426451338716,0.016370170521718956,0.025390625,0.014938533731228863,0.014517645261053229,0.025031260972609954,0.019773883526676354,0.01179984958358845,0.023518739411703703,0.021836601342771385,0.0065509804028314154,0.017686299097924643,0.01242961138804478,0.0068359375,0.049149334110006326,0.018657200365764452,0.009959022487485907,0.01313830473347042,0.020132351687586234,0.021683206358568866,0.029700988917471777,0.019186408891004394,0.011134525635733769,0.009003461384075085,0.006253051013118016,0.008734640537108554,0.006176323555016366,0.017304731588544287,0.004979511243742954,0.018347943582085875,0.004979511243742954,0.0185803687406645,0.03876842429937345,0.01589728573837862,0.013810679320049757,0.009264485332524549,0.010381001770248682,0.014517645261053229,0.01953125,0.007109482313750506,0.011048543456039806,0.01313830473347042,0.012236293052872722,0.008052940675034493,0.016858082521125067,0.006905339660024878,0.019773883526676354,0.014938533731228863,0.0009765625,0.016630260122975003,0.0041432037960149265,0.009003461384075085,0.0029296875,0.007627196949127592,0.007627196949127592,0.009959022487485907,0.005694288959809864,0.007109482313750506,0.018347943582085875,0.0041432037960149265,0.0087890625,0.02847144479904932,0.003521046167445302,0.0048828125,0.01242961138804478,0.0048828125,0.005258950006967289,0.0087890625,0.009959022487485907,0.0,0.0146484375,0.0021836601342771385,0.006253051013118016,0.00834375365753665,0.008734640537108554,0.00834375365753665,0.003521046167445302,0.0,0.009765625,0.004979511243742954,0.006253051013118016,0.009003461384075085,0.011920464468489943,0.009003461384075085,0.03314563036811941,0.024433585943743757,0.0021836601342771385,0.01179984958358845,0.005859375,0.007109482313750506,0.003521046167445302,0.0021836601342771385,0.004026470337517247,0.013706707859002147,0.005694288959809864,0.0048828125,0.0,1,1,1.0
4.6875,4.459848880767822,2.0,0.10545965284109116,20.454723358154297,4.6875,93.23245239257812,4.709654808044434,4.296875,0.8528460264205933,0.07399998605251312,5742.0,298280.0,785809920.0,51.94705581665039,0.04169433191418648,3.4969167709350586,9.108826637268066,6.666739500360563e-05,0.0,0.043820858001708984,680,711,712,714,780,909,905,922,954,988,1051,1182,1176,1136,1095,1003,1000,923,941,908,957,985,984,942,955,1004,991,1040,1086,1133,1128,1150,1166,1243,1257,1211,1197,1116,1116,1054,1001,926,890,780,764,687,606,616,586,701,735,808,896,971,952,1101,1148,1182,1177,1086,1054,989,939,878,890,793,764,840,814,857,762,808,828,873,873,921,954,1083,1119,1067,1066,1117,1149,1085,1070,1018,920,862,861,840,794,697,697,777,810,891,1022,1129,1102,1160,1209,1191,1147,1064,1039,972,936,888,910,906,910,892,942,936,894,937,973,1020,1040,1064,1085,1166,1208,1240,1278,1210,1227,1151,1130,1063,1038,920,894,831,765,684,603,600,565,652,699,775,777,909,1064,1166,1260,1199,1178,1144,1097,987,968,863,832,889,911,911,858,950,956,938,952,956,984,1064,1066,1050,1004,1039,1068,1063,1130,1131,1065,1016,985,917,876,760,699,682,634,671,751,847,795,825,846,862,870,845,876,939,1066,1174,1183,1102,1112,1052,1002,922,843,791,823,811,776,764,766,762,765,766,816,795,828,860,887,871,874,907,1001,1019,1016,1181,1239,1261,1224,1191,1160,1112,1015,992,959,956,1004,1004,1038,1020,990,1024,1119,1063,1036,1054,1040,1053,974,1018,1018,972,1007,1034,1019,1035,1006,971,0.0009765625,0.057782469501902405,0.16122748165956435,0.016630260122975003,0.19746132387449836,0.1750336750872551,0.2066924003248566,0.13448581118707106,0.1459789457425202,0.15709002709060854,0.14819637590885795,0.5593717265965674,0.30188262234812596,0.0283875817456028,0.009959022487485907,0.07871481457572904,0.08734640537108554,0.14556023594236736,0.10194676404965149,0.08602623259978609,0.12385030361318508,0.02638526579317636,0.04737083138919884,0.032241355506287456,0.052734375,0.034678283016727936,0.050043468653589676,0.05245331641404603,0.05336357848560254,0.03088161777508183,0.025012204052472065,0.0170549308560283,0.045658866123285,0.021683206358568866,0.034637007521422264,0.023294649300540163,0.02157297073669387,0.023212625632821705,0.023840928936979887,0.014938533731228863,0.022545696055889054,0.02489755621871477,0.00834375365753665,0.01792730444402912,0.014218964627501012,0.010381001770248682,0.049071658306254345,0.022777155839239456,0.0166015625,0.008843149548962322,0.0244140625,0.013982247132105814,0.028721564784868637,0.027621358640099514,0.020692988379313566,0.017953883116064683,0.009618025197066508,0.019773883526676354,0.010918300671385692,0.007873298582322802,0.010517900013934578,0.02568934851165216,0.01441877251975918,0.01179984958358845,0.03930588241698849,0.013282686043686957,0.006905339660024878,0.01589728573837862,0.009003461384075085,0.010381001770248682,0.026294750034836445,0.003088161777508183,0.005694288959809864,0.01878455474772592,0.018165112536853784,0.012506102026236032,0.021683206358568866,0.010563138502335907,0.022798081113142094,0.016858082521125067,0.0027621358640099515,0.017686299097924643,0.004026470337517247,0.010054326309557618,0.0021836601342771385,0.011134525635733769,0.005940197783494355,0.004979511243742954,0.009212872199274027,0.012079411012551739,0.0146484375,0.0029296875,0.01441877251975918,0.033332125323976586,0.009959022487485907,0.0048828125,0.009003461384075085,0.001953125,0.011134525635733769,0.0048828125,0.0146484375,0.006905339660024878,0.007109482313750506,0.005859375,0.007437278423695223,0.003521046167445302,0.0027621358640099515,0.0021836601342771385,0.009212872199274027,0.007437278423695223,0.0041432037960149265,0.010786485368346935,0.010786485368346935,0.007437278423695223,0.01516032685181643,0.013671875,0.03911129764550935,0.021417687694786434,0.003521046167445302,0.008052940675034493,0.0013810679320049757,0.003521046167445302,0.007627196949127592,0.005694288959809864,0.003088161777508183,0.010918300671385692,0.009814331661250869,0.004979511243742954,0.0029296875,1,1,1.0
5.859375,4.68513822555542,2.0,0.10312944650650024,16.750732421875,4.6875,95.1573257446289,4.877078533172607,4.296875,0.8463447093963623,0.07637817412614822,6117.0,328096.0,942355456.0,53.636749267578125,0.050525832921266556,3.4334030151367188,9.243017196655273,5.10826339450432e-06,0.0,0.049622293561697006,986,937,923,809,799,792,684,680,680,711,712,714,780,909,905,922,954,988,1051,1182,1176,1136,1095,1003,1000,923,941,908,957,985,984,942,955,1004,991,1040,1086,1133,1128,1150,1166,1243,1257,1211,1197,1116,1116,1054,1001,926,890,780,764,687,606,616,586,701,735,808,896,971,952,1101,1148,1182,1177,1086,1054,989,939,878,890,793,764,840,814,857,762,808,828,873,873,921,954,1083,1119,1067,1066,1117,1149,1085,1070,1018,920,862,861,840,794,697,697,777,810,891,1022,1129,1102,1160,1209,1191,1147,1064,1039,972,936,888,910,906,910,892,942,936,894,937,973,1020,1040,1064,1085,1166,1208,1240,1278,1210,1227,1151,1130,1063,1038,920,894,831,765,684,603,600,565,652,699,775,777,909,1064,1166,1260,1199,1178,1144,1097,987,968,863,832,889,911,911,858,950,956,938,952,956,984,1064,1066,1050,1004,1039,1068,1063,1130,1131,1065,1016,985,917,876,760,699,682,634,671,751,847,795,825,846,862,870,845,876,939,1066,1174,1183,1102,1112,1052,1002,922,843,791,823,811,776,764,766,762,765,766,816,795,828,860,887,871,874,907,1001,1019,1016,1181,1239,1261,1224,1191,1160,1112,1015,992,959,956,1004,1004,1038,1020,990,1024,1119,1063,1036,1054,1040,1053,974,1018,0.00341796875,0.05164713993038028,0.1279706816475091,0.04752158226795484,0.2221953322777847,0.20818196201660227,0.21404770848759178,0.16683220589657263,0.12076647432462695,0.14901780584050864,0.12732817197661422,0.5864784286967937,0.27520702545602205,0.024119314521930602,0.03828573395295441,0.08434696438159837,0.11133240808646884,0.12123542619405074,0.08916181414463537,0.059112288868834205,0.11078282708900343,0.05245331641404603,0.02132844694125152,0.03803582440263759,0.05852860962410819,0.05902348920414678,0.05531172757229022,0.03259437357085671,0.03902586172400017,0.01284467425582608,0.012732817197661424,0.0,0.030649130520459405,0.006253051013118016,0.028117539157984314,0.02108108705558877,0.014680953494504793,0.03419363554689765,0.012506102026236032,0.011759369705851851,0.029877067462457725,0.0170549308560283,0.003088161777508183,0.015655487833868553,0.008400708268596315,0.004979511243742954,0.05349744501875913,0.016630260122975003,0.015776850020901866,0.014680953494504793,0.026654968874914416,0.016572815184059706,0.0244140625,0.026565372087373914,0.0166875073150733,0.01179984958358845,0.0021836601342771385,0.014084184669781208,0.0048828125,0.011920464468489943,0.003521046167445302,0.021683206358568866,0.009003461384075085,0.015746597164645604,0.03928161203343509,0.013671875,0.010381001770248682,0.011920464468489943,0.008734640537108554,0.012079411012551739,0.022140203220223895,0.005859375,0.010381001770248682,0.014517645261053229,0.013601941676937616,0.00834375365753665,0.015655487833868553,0.0048828125,0.015746597164645604,0.017953883116064683,0.005940197783494355,0.010563138502335907,0.010918300671385692,0.0021836601342771385,0.0065509804028314154,0.007873298582322802,0.0048828125,0.014874556847390447,0.004367320268554277,0.006253051013118016,0.01760523083722651,0.009003461384075085,0.011388577919619728,0.029442994983752607,0.0021836601342771385,0.010563138502335907,0.01589728573837862,0.007873298582322802,0.0041432037960149265,0.010918300671385692,0.009618025197066508,0.001953125,0.015440808887540914,0.0021836601342771385,0.008734640537108554,0.009264485332524549,0.008843149548962322,0.007109482313750506,0.007437278423695223,0.003521046167445302,0.006905339660024878,0.0078125,0.006905339660024878,0.009765625,0.0126953125,0.010918300671385692,0.035224001556389516,0.023212625632821705,0.0013810679320049757,0.011759369705851851,0.005940197783494355,0.008052940675034493,0.0029296875,0.0009765625,0.005859375,0.016105881350068987,0.004026470337517247,0.006905339660024878,0.001953125,1,1,1.0
4.6875,4.445047378540039,2.0,0.09397845715284348,22.552812576293945,4.6875,101.1669921875,4.662689685821533,4.296875,0.8675538897514343,0.07711134105920792,6235.0,360665.0,1105274368.0,57.84523010253906,0.0384676568210125,4.541350841522217,9.597705841064453,6.13918891758658e-05,0.0,0.04062122106552124,1086,1101,1103,1053,1082,1166,1144,1080,986,937,923,809,799,792,684,680,680,711,712,714,780,909,905,922,954,988,1051,1182,1176,1136,1095,1003,1000,923,941,908,957,985,984,942,955,1004,991,1040,1086,1133,1128,1150,1166,1243,1257,1211,1197,1116,1116,1054,1001,926,890,780,764,687,606,616,586,701,735,808,896,971,952,1101,1148,1182,1177,1086,1054,989,939,878,890,793,764,840,814,857,762,808,828,873,873,921,954,1083,1119,1067,1066,1117,1149,1085,1070,1018,920,862,861,840,794,697,697,777,810,891,1022,1129,1102,1160,1209,1191,1147,1064,1039,972,936,888,910,906,910,892,942,936,894,937,973,1020,1040,1064,1085,1166,1208,1240,1278,1210,1227,1151,1130,1063,1038,920,894,831,765,684,603,600,565,652,699,775,777,909,1064,1166,1260,1199,1178,1144,1097,987,968,863,832,889,911,911,858,950,956,938,952,956,984,1064,1066,1050,1004,1039,1068,1063,1130,1131,1065,1016,985,917,876,760,699,682,634,671,751,847,795,825,846,862,870,845,876,939,1066,1174,1183,1102,1112,1052,1002,922,843,791,823,811,776,764,766,762,765,766,816,795,828,860,887,871,874,907,1001,1019,1016,1181,1239,1261,1224,1191,1160,1112,1015,992,959,956,1004,1004,1038,1020,990,1024,0.00244140625,0.04883788964863276,0.13986338898412623,0.03538607603904968,0.22150753916014948,0.20320245293165484,0.2249275938726762,0.1639025680666647,0.11228345587347507,0.13656520395635421,0.13345004377882502,0.5983109223287103,0.274137636017832,0.03406789754396955,0.046404704572330945,0.08963120238737317,0.11933657681907309,0.11376848343133358,0.08965779839472014,0.05498315726663768,0.10312795923784442,0.059889641040867046,0.0166875073150733,0.04574233761183738,0.05476591755003888,0.06057836882527665,0.06204054755573668,0.028721564784868637,0.0342911130196864,0.010918300671385692,0.008734640537108554,0.005258950006967289,0.0325211441510678,0.010786485368346935,0.03259437357085671,0.022777155839239456,0.01760523083722651,0.027151247606362977,0.017820593350483065,0.009765625,0.02298555135925746,0.023294649300540163,0.0041432037960149265,0.010054326309557618,0.005524271728019903,0.0087890625,0.05879684852925925,0.012352647110032733,0.019384212149686726,0.020716018980074635,0.029378142493147116,0.0205078125,0.023478154844084585,0.023940723969006372,0.011920464468489943,0.007042092334890604,0.0065509804028314154,0.010517900013934578,0.00834375365753665,0.0170549308560283,0.01019561182510796,0.020132351687586234,0.01171875,0.008843149548962322,0.03847210078826603,0.0126953125,0.003521046167445302,0.016630260122975003,0.00390625,0.017953883116064683,0.022545696055889054,0.01284467425582608,0.013810679320049757,0.011134525635733769,0.008400708268596315,0.005694288959809864,0.008400708268596315,0.003088161777508183,0.013101960805662831,0.013982247132105814,0.009003461384075085,0.014906579611790769,0.009814331661250869,0.004979511243742954,0.004367320268554277,0.005859375,0.004367320268554277,0.011759369705851851,0.0041432037960149265,0.008052940675034493,0.01528562093993997,0.008734640537108554,0.012079411012551739,0.030162978928672854,0.0021836601342771385,0.011134525635733769,0.016016815885602272,0.007873298582322802,0.0029296875,0.0087890625,0.012236293052872722,0.003088161777508183,0.010381001770248682,0.0021836601342771385,0.0048828125,0.004979511243742954,0.005524271728019903,0.006905339660024878,0.0021836601342771385,0.0009765625,0.011134525635733769,0.003521046167445302,0.0021836601342771385,0.01284467425582608,0.007437278423695223,0.006176323555016366,0.0324624416769427,0.028437929255002024,0.004979511243742954,0.00834375365753665,0.005694288959809864,0.005859375,0.005258950006967289,0.0027621358640099515,0.003521046167445302,0.014218964627501012,0.004367320268554277,0.005258950006967289,0.0009765625,1,1,1.0
4.6875,4.271578311920166,2.0,0.09395338594913483,22.909421920776367,4.6875,102.69051361083984,4.624370098114014,4.296875,0.8681516647338867,0.07783147692680359,6352.0,375365.0,1188955008.0,59.09398651123047,0.03789496049284935,4.763394355773926,9.693527221679688,3.074591950280592e-05,0.0,0.0375710055232048,951,909,892,957,1020,1018,1001,1070,1086,1101,1103,1053,1082,1166,1144,1080,986,937,923,809,799,792,684,680,680,711,712,714,780,909,905,922,954,988,1051,1182,1176,1136,1095,1003,1000,923,941,908,957,985,984,942,955,1004,991,1040,1086,1133,1128,1150,1166,1243,1257,1211,1197,1116,1116,1054,1001,926,890,780,764,687,606,616,586,701,735,808,896,971,952,1101,1148,1182,1177,1086,1054,989,939,878,890,793,764,840,814,857,762,808,828,873,873,921,954,1083,1119,1067,1066,1117,1149,1085,1070,1018,920,862,861,840,794,697,697,777,810,891,1022,1129,1102,1160,1209,1191,1147,1064,1039,972,936,888,910,906,910,892,942,936,894,937,973,1020,1040,1064,1085,1166,1208,1240,1278,1210,1227,1151,1130,1063,1038,920,894,831,765,684,603,600,565,652,699,775,777,909,1064,1166,1260,1199,1178,1144,1097,987,968,863,832,889,911,911,858,950,956,938,952,956,984,1064,1066,1050,1004,1039,1068,1063,1130,1131,1065,1016,985,917,876,760,699,682,634,671,751,847,795,825,846,862,870,845,876,939,1066,1174,1183,1102,1112,1052,1002,922,843,791,823,811,776,764,766,762,765,766,816,795,828,860,887,871,874,907,1001,1019,1016,1181,1239,1261,1224,1191,1160,1112,1015,992,0.001953125,0.05258950006967289,0.13413433435671984,0.03891573993197515,0.21370436510296767,0.1958318290923223,0.2206426216847195,0.1550859963367603,0.11463695774085304,0.12997089353583713,0.14136227087160336,0.6045426700447084,0.2729662512854296,0.04026470337517247,0.05498315726663768,0.0882371640474728,0.12599170209415392,0.10962756831815418,0.09671913652234963,0.061678252635305186,0.10471555419343902,0.05330993774982883,0.020600608505594715,0.04033569614856129,0.05899924791794225,0.06368655170187644,0.0625,0.025334222209126653,0.030649130520459405,0.007437278423695223,0.004367320268554277,0.01019561182510796,0.03389952140177692,0.01516032685181643,0.03452669830012439,0.021945512748285382,0.01680141653719263,0.025390625,0.018347943582085875,0.006905339660024878,0.024705294220065465,0.020899350155305366,0.0021836601342771385,0.012352647110032733,0.005694288959809864,0.006176323555016366,0.056345202096686156,0.013982247132105814,0.018961413905222265,0.019236050394133015,0.031035641761856844,0.01875915303935405,0.021506558149946522,0.02489755621871477,0.011759369705851851,0.0048828125,0.008052940675034493,0.009814331661250869,0.011759369705851851,0.016630260122975003,0.011920464468489943,0.022651198251451565,0.013982247132105814,0.010786485368346935,0.041062101643805936,0.009814331661250869,0.0048828125,0.01284467425582608,0.0048828125,0.01528562093993997,0.023940723969006372,0.01019561182510796,0.01171875,0.01441877251975918,0.012079411012551739,0.008734640537108554,0.008734640537108554,0.006253051013118016,0.012732817197661424,0.013028968812623373,0.010918300671385692,0.019457869965987574,0.008843149548962322,0.008843149548962322,0.0009765625,0.010517900013934578,0.0009765625,0.012079411012551739,0.0065509804028314154,0.008734640537108554,0.018425744398548053,0.011759369705851851,0.00966747552403483,0.026654968874914416,0.0013810679320049757,0.0078125,0.01313830473347042,0.0048828125,0.0065509804028314154,0.009765625,0.009264485332524549,0.0013810679320049757,0.013566839833447074,0.0013810679320049757,0.007873298582322802,0.005940197783494355,0.0048828125,0.0048828125,0.0048828125,0.003088161777508183,0.0126953125,0.004026470337517247,0.00390625,0.014778072217208551,0.005524271728019903,0.005694288959809864,0.032241355506287456,0.027151247606362977,0.0048828125,0.00834375365753665,0.004367320268554277,0.006176323555016366,0.0041432037960149265,0.0029296875,0.00390625,0.013282686043686957,0.0048828125,0.005940197783494355,0.0,1,1,1.0
4.6875,4.2726874351501465,2.0,0.09917362779378891,22.857677459716797,4.6875,104.79375457763672,4.675161838531494,4.296875,0.8630680441856384,0.07781922817230225,6350.0,383225.0,1227441152.0,60.35039520263672,0.037758342921733856,4.904965877532959,9.826669692993164,1.9684384824358858e-05,0.0,0.03830370679497719,1144,1086,1054,939,952,985,957,926,951,909,892,957,1020,1018,1001,1070,1086,1101,1103,1053,1082,1166,1144,1080,986,937,923,809,799,792,684,680,680,711,712,714,780,909,905,922,954,988,1051,1182,1176,1136,1095,1003,1000,923,941,908,957,985,984,942,955,1004,991,1040,1086,1133,1128,1150,1166,1243,1257,1211,1197,1116,1116,1054,1001,926,890,780,764,687,606,616,586,701,735,808,896,971,952,1101,1148,1182,1177,1086,1054,989,939,878,890,793,764,840,814,857,762,808,828,873,873,921,954,1083,1119,1067,1066,1117,1149,1085,1070,1018,920,862,861,840,794,697,697,777,810,891,1022,1129,1102,1160,1209,1191,1147,1064,1039,972,936,888,910,906,910,892,942,936,894,937,973,1020,1040,1064,1085,1166,1208,1240,1278,1210,1227,1151,1130,1063,1038,920,894,831,765,684,603,600,565,652,699,775,777,909,1064,1166,1260,1199,1178,1144,1097,987,968,863,832,889,911,911,858,950,956,938,952,956,984,1064,1066,1050,1004,1039,1068,1063,1130,1131,1065,1016,985,917,876,760,699,682,634,671,751,847,795,825,846,862,870,845,876,939,1066,1174,1183,1102,1112,1052,1002,922,843,791,823,811,776,764,766,762,765,766,816,795,828,860,887,871,874,907,1001,1019,1016,1181,0.0009765625,0.07686979943029074,0.12926825353531435,0.05156397961892221,0.18084081303235486,0.16359680930759316,0.2349683245150091,0.1495799222396075,0.0899286283845417,0.11040340319930488,0.12973955327721115,0.6180907773996028,0.2474887606448176,0.0205078125,0.03828573395295441,0.077265782987705,0.09867631311772757,0.13180699913878874,0.07182217190701912,0.036773770280786586,0.09874877156326506,0.07352160244030746,0.024492062898407135,0.05532034780573651,0.04200354134298158,0.04428040644044779,0.04597110271851492,0.03965613379735733,0.0439453125,0.009765625,0.010786485368346935,0.018657200365764452,0.02847144479904932,0.023840928936979887,0.0445488075310822,0.025390625,0.02039122365021592,0.022651198251451565,0.01760523083722651,0.0041432037960149265,0.029749113694780893,0.01589728573837862,0.0021836601342771385,0.014680953494504793,0.00834375365753665,0.008286407592029853,0.05685070147589017,0.014680953494504793,0.019773883526676354,0.020132351687586234,0.03168941550700772,0.02039122365021592,0.021417687694786434,0.02458921545315268,0.009264485332524549,0.006253051013118016,0.009212872199274027,0.011134525635733769,0.01019561182510796,0.015254393898255184,0.009814331661250869,0.021439939843847802,0.011759369705851851,0.008734640537108554,0.03936649291161401,0.011759369705851851,0.0021836601342771385,0.014218964627501012,0.0021836601342771385,0.017820593350483065,0.021126277004671814,0.009003461384075085,0.01019561182510796,0.014938533731228863,0.014218964627501012,0.010517900013934578,0.009765625,0.008400708268596315,0.011048543456039806,0.013282686043686957,0.013028968812623373,0.021836601342771385,0.006176323555016366,0.010918300671385692,0.0021836601342771385,0.01179984958358845,0.004026470337517247,0.015655487833868553,0.005859375,0.005694288959809864,0.019773883526676354,0.009003461384075085,0.01019561182510796,0.029313146523053973,0.0027621358640099515,0.009814331661250869,0.01589728573837862,0.007627196949127592,0.0027621358640099515,0.007437278423695223,0.012732817197661424,0.0021836601342771385,0.012079411012551739,0.0009765625,0.0065509804028314154,0.007437278423695223,0.007109482313750506,0.005524271728019903,0.005524271728019903,0.003088161777508183,0.010381001770248682,0.004979511243742954,0.005940197783494355,0.014874556847390447,0.0041432037960149265,0.004979511243742954,0.03179457147675724,0.02833714478231818,0.005859375,0.008052940675034493,0.003088161777508183,0.005694288959809864,0.003088161777508183,0.0021836601342771385,0.0048828125,0.013671875,0.005258950006967289,0.0065509804028314154,0.0,1,1,1.0
4.6875,4.435692310333252,1.0,0.08673479408025742,20.495893478393555,4.6875,110.79005432128906,4.756124496459961,4.296875,0.8707796335220337,0.07593362033367157,6046.0,400594.0,1307739136.0,66.2576904296875,0.042485564947128296,6.237256050109863,10.205668449401855,5.168245934328297e-06,0.0,0.041729748249053955,1035,1021,968,973,974,1020,1071,1177,1144,1086,1054,939,952,985,957,926,951,909,892,957,1020,1018,1001,1070,1086,1101,1103,1053,1082,1166,1144,1080,986,937,923,809,799,792,684,680,680,711,712,714,780,909,905,922,954,988,1051,1182,1176,1136,1095,1003,1000,923,941,908,957,985,984,942,955,1004,991,1040,1086,1133,1128,1150,1166,1243,1257,1211,1197,1116,1116,1054,1001,926,890,780,764,687,606,616,586,701,735,808,896,971,952,1101,1148,1182,1177,1086,1054,989,939,878,890,793,764,840,814,857,762,808,828,873,873,921,954,1083,1119,1067,1066,1117,1149,1085,1070,1018,920,862,861,840,794,697,697,777,810,891,1022,1129,1102,1160,1209,1191,1147,1064,1039,972,936,888,910,906,910,892,942,936,894,937,973,1020,1040,1064,1085,1166,1208,1240,1278,1210,1227,1151,1130,1063,1038,920,894,831,765,684,603,600,565,652,699,775,777,909,1064,1166,1260,1199,1178,1144,1097,987,968,863,832,889,911,911,858,950,956,938,952,956,984,1064,1066,1050,1004,1039,1068,1063,1130,1131,1065,1016,985,917,876,760,699,682,634,671,751,847,795,825,846,862,870,845,876,939,1066,1174,1183,1102,1112,1052,1002,922,843,791,823,811,776,764,766,762,765,766,816,795,828,860,0.0,0.05731847887042652,0.12186310538911325,0.05610774383680947,0.1920876344321982,0.16946384478684948,0.21686724646172512,0.12858773385456157,0.09948004011532995,0.09042040651617743,0.13827931893072554,0.632514789393315,0.2313690703800221,0.0205078125,0.029700988917471777,0.08631950784198222,0.09058900315532664,0.13056753838561147,0.07253565470589812,0.04194674139631744,0.08656773520382934,0.06153118750790377,0.027964494264211628,0.04193537217496853,0.05504383074625763,0.057691622998991915,0.05996125559769044,0.03665688355297551,0.04543902392239001,0.01800692276815017,0.018961413905222265,0.019457869965987574,0.017820593350483065,0.0283203125,0.05603971381017021,0.03419363554689765,0.027621358640099514,0.02638526579317636,0.016630260122975003,0.014084184669781208,0.03773374821555011,0.0185803687406645,0.008843149548962322,0.008843149548962322,0.006253051013118016,0.009003461384075085,0.05811162322973375,0.01589728573837862,0.01824369305885684,0.018347943582085875,0.035507146411519225,0.02315091717017519,0.022032254243512652,0.021439939843847802,0.007873298582322802,0.008052940675034493,0.0065509804028314154,0.009264485332524549,0.011048543456039806,0.016164985700436375,0.011759369705851851,0.024119314521930602,0.010786485368346935,0.011920464468489943,0.03451288485756307,0.015655487833868553,0.004026470337517247,0.01760523083722651,0.004026470337517247,0.021683206358568866,0.01589728573837862,0.005258950006967289,0.0048828125,0.02157297073669387,0.020967686087484266,0.017387200990981306,0.008843149548962322,0.012732817197661424,0.01886055460530075,0.0065509804028314154,0.006905339660024878,0.016858082521125067,0.009765625,0.0048828125,0.0041432037960149265,0.008052940675034493,0.0021836601342771385,0.011759369705851851,0.008734640537108554,0.010054326309557618,0.022798081113142094,0.010786485368346935,0.007109482313750506,0.029813159223581537,0.003088161777508183,0.011759369705851851,0.017387200990981306,0.009003461384075085,0.004026470337517247,0.005258950006967289,0.0107421875,0.001953125,0.016105881350068987,0.003088161777508183,0.009814331661250869,0.00390625,0.003521046167445302,0.008734640537108554,0.0009765625,0.003088161777508183,0.008843149548962322,0.008400708268596315,0.009003461384075085,0.011388577919619728,0.008734640537108554,0.0021836601342771385,0.029378142493147116,0.03179457147675724,0.009212872199274027,0.00966747552403483,0.005694288959809864,0.011134525635733769,0.0065509804028314154,0.0078125,0.0009765625,0.010918300671385692,0.008286407592029853,0.005694288959809864,0.00390625,1,1,1.0
4.6875,4.618460178375244,1.0,0.08275802433490753,17.27288055419922,4.6875,114.1141586303711,4.873046398162842,4.296875,0.8670451045036316,0.07600893825292587,6058.0,419509.0,1414675968.0,69.24876403808594,0.050196897238492966,7.473615646362305,10.412541389465332,0.0,0.0,0.04771982133388519,909,877,888,890,973,1037,1064,1085,1035,1021,968,973,974,1020,1071,1177,1144,1086,1054,939,952,985,957,926,951,909,892,957,1020,1018,1001,1070,1086,1101,1103,1053,1082,1166,1144,1080,986,937,923,809,799,792,684,680,680,711,712,714,780,909,905,922,954,988,1051,1182,1176,1136,1095,1003,1000,923,941,908,957,985,984,942,955,1004,991,1040,1086,1133,1128,1150,1166,1243,1257,1211,1197,1116,1116,1054,1001,926,890,780,764,687,606,616,586,701,735,808,896,971,952,1101,1148,1182,1177,1086,1054,989,939,878,890,793,764,840,814,857,762,808,828,873,873,921,954,1083,1119,1067,1066,1117,1149,1085,1070,1018,920,862,861,840,794,697,697,777,810,891,1022,1129,1102,1160,1209,1191,1147,1064,1039,972,936,888,910,906,910,892,942,936,894,937,973,1020,1040,1064,1085,1166,1208,1240,1278,1210,1227,1151,1130,1063,1038,920,894,831,765,684,603,600,565,652,699,775,777,909,1064,1166,1260,1199,1178,1144,1097,987,968,863,832,889,911,911,858,950,956,938,952,956,984,1064,1066,1050,1004,1039,1068,1063,1130,1131,1065,1016,985,917,876,760,699,682,634,671,751,847,795,825,846,862,870,845,876,939,1066,1174,1183,1102,1112,1052,1002,922,843,791,823,811,776,764,0.00048828125,0.022140203220223895,0.10526057290366518,0.0886684333032513,0.19574658792574218,0.16018304368100314,0.21119278894887464,0.11487380691921584,0.08585978375130182,0.09048893678601856,0.11410329428889476,0.6146147983923199,0.24789303792553982,0.010918300671385692,0.016630260122975003,0.1022083580824683,0.11479075759740048,0.11367204279412015,0.08592085243583644,0.049042498162069216,0.10239014483950057,0.06783419916723538,0.018961413905222265,0.052932930597139265,0.0445488075310822,0.04938162843660364,0.05336357848560254,0.04080582503081285,0.04769185721513586,0.017387200990981306,0.020108652619115236,0.023518739411703703,0.0244140625,0.0332174831087792,0.05330993774982883,0.025947910655442233,0.01727715430952552,0.03250647847088523,0.009003461384075085,0.01019561182510796,0.02510734400816883,0.02231183527108567,0.005258950006967289,0.0185803687406645,0.012732817197661424,0.0126953125,0.05932165058002906,0.013566839833447074,0.019773883526676354,0.019773883526676354,0.023457836229422487,0.011759369705851851,0.011920464468489943,0.03180956538066861,0.009212872199274027,0.011388577919619728,0.013879560940968648,0.01708286687942959,0.009212872199274027,0.013566839833447074,0.007109482313750506,0.019749754312653012,0.0107421875,0.008734640537108554,0.036461239653504826,0.014778072217208551,0.001953125,0.015746597164645604,0.005258950006967289,0.017820593350483065,0.020600608505594715,0.00390625,0.006176323555016366,0.01953125,0.015254393898255184,0.010054326309557618,0.007109482313750506,0.006253051013118016,0.010918300671385692,0.014084184669781208,0.01516032685181643,0.023940723969006372,0.0027621358640099515,0.009264485332524549,0.005258950006967289,0.009264485332524549,0.0048828125,0.011759369705851851,0.006176323555016366,0.011134525635733769,0.018657200365764452,0.013282686043686957,0.007873298582322802,0.026672852116694654,0.0041432037960149265,0.009959022487485907,0.01727715430952552,0.008734640537108554,0.003521046167445302,0.0065509804028314154,0.00966747552403483,0.0009765625,0.014517645261053229,0.00390625,0.008052940675034493,0.003088161777508183,0.007437278423695223,0.009003461384075085,0.004979511243742954,0.003521046167445302,0.0078125,0.007873298582322802,0.008052940675034493,0.0146484375,0.004979511243742954,0.004367320268554277,0.0300838316420886,0.031035641761856844,0.007627196949127592,0.006176323555016366,0.0021836601342771385,0.0078125,0.003088161777508183,0.006253051013118016,0.003088161777508183,0.009765625,0.008400708268596315,0.0048828125,0.00390625,1,1,1.0
4.6875,4.524740219116211,1.0,0.09730882942676544,17.506580352783203,4.6875,112.24420166015625,4.9012227058410645,4.296875,0.8539143800735474,0.07464157789945602,5842.0,396101.0,1271072640.0,67.80229187011719,0.048776768147945404,6.147200107574463,10.299234390258789,1.3372291505220346e-06,0.0,0.04650922119617462,940,1022,1038,1003,1017,941,910,921,909,877,888,890,973,1037,1064,1085,1035,1021,968,973,974,1020,1071,1177,1144,1086,1054,939,952,985,957,926,951,909,892,957,1020,1018,1001,1070,1086,1101,1103,1053,1082,1166,1144,1080,986,937,923,809,799,792,684,680,680,711,712,714,780,909,905,922,954,988,1051,1182,1176,1136,1095,1003,1000,923,941,908,957,985,984,942,955,1004,991,1040,1086,1133,1128,1150,1166,1243,1257,1211,1197,1116,1116,1054,1001,926,890,780,764,687,606,616,586,701,735,808,896,971,952,1101,1148,1182,1177,1086,1054,989,939,878,890,793,764,840,814,857,762,808,828,873,873,921,954,1083,1119,1067,1066,1117,1149,1085,1070,1018,920,862,861,840,794,697,697,777,810,891,1022,1129,1102,1160,1209,1191,1147,1064,1039,972,936,888,910,906,910,892,942,936,894,937,973,1020,1040,1064,1085,1166,1208,1240,1278,1210,1227,1151,1130,1063,1038,920,894,831,765,684,603,600,565,652,699,775,777,909,1064,1166,1260,1199,1178,1144,1097,987,968,863,832,889,911,911,858,950,956,938,952,956,984,1064,1066,1050,1004,1039,1068,1063,1130,1131,1065,1016,985,917,876,760,699,682,634,671,751,847,795,825,846,862,870,845,876,939,1066,1174,1183,1102,1112,1052,0.0,0.01516032685181643,0.09570810733204388,0.11269040419337231,0.18759407226697497,0.14187406430377017,0.23080988061339475,0.13384607589948763,0.06289547729728366,0.11518884826301613,0.098531236372105,0.5977854869460452,0.2611003801381775,0.016164985700436375,0.037378240642587185,0.07734596942838332,0.09018278422355622,0.1355031055502771,0.06967210539741003,0.04668132188561375,0.08114875941618058,0.045522898518776035,0.02510734400816883,0.048238629043861204,0.052344114387724204,0.05414420420167622,0.05880495788017421,0.06287272891726513,0.0626980504659161,0.023518739411703703,0.019236050394133015,0.02376079113397742,0.03416573375885918,0.015655487833868553,0.047138743695887386,0.0369677602163041,0.031035641761856844,0.0283875817456028,0.014218964627501012,0.019628663322501738,0.03149319432929121,0.030414866215619993,0.012352647110032733,0.020108652619115236,0.016858082521125067,0.017686299097924643,0.059450122090720404,0.016716057391234072,0.0208765218031562,0.019236050394133015,0.023640075072090243,0.010054326309557618,0.010517900013934578,0.02713367966689415,0.0009765625,0.011759369705851851,0.006253051013118016,0.009003461384075085,0.0146484375,0.010918300671385692,0.0087890625,0.019773883526676354,0.0048828125,0.004367320268554277,0.03965613379735733,0.009003461384075085,0.005940197783494355,0.010918300671385692,0.004026470337517247,0.0170549308560283,0.017820593350483065,0.006176323555016366,0.004367320268554277,0.021945512748285382,0.01878455474772592,0.013671875,0.004367320268554277,0.00390625,0.010381001770248682,0.0170549308560283,0.016105881350068987,0.026294750034836445,0.0021836601342771385,0.009765625,0.007627196949127592,0.0065509804028314154,0.005940197783494355,0.008400708268596315,0.00966747552403483,0.010786485368346935,0.022482157096135425,0.009003461384075085,0.01019561182510796,0.029652786036501906,0.0021836601342771385,0.008400708268596315,0.011759369705851851,0.005694288959809864,0.005940197783494355,0.01019561182510796,0.013282686043686957,0.003521046167445302,0.012506102026236032,0.0013810679320049757,0.009003461384075085,0.004367320268554277,0.004026470337517247,0.009765625,0.0041432037960149265,0.004026470337517247,0.0065509804028314154,0.00834375365753665,0.007109482313750506,0.013982247132105814,0.0065509804028314154,0.0029296875,0.02847144479904932,0.03316001337177665,0.009765625,0.009264485332524549,0.0048828125,0.01171875,0.0068359375,0.006905339660024878,0.003521046167445302,0.014680953494504793,0.0041432037960149265,0.007042092334890604,0.0009765625,1,1,1.0
4.6875,4.723916530609131,1.0,0.0833866149187088,14.482776641845703,4.6875,108.69257354736328,4.955987453460693,4.296875,0.85741126537323,0.07399998605251312,5742.0,374706.0,1154962688.0,65.25704956054688,0.059202130883932114,5.241743087768555,10.08353042602539,0.0,0.0,0.048203855752944946,888,847,872,892,937,952,905,894,940,1022,1038,1003,1017,941,910,921,909,877,888,890,973,1037,1064,1085,1035,1021,968,973,974,1020,1071,1177,1144,1086,1054,939,952,985,957,926,951,909,892,957,1020,1018,1001,1070,1086,1101,1103,1053,1082,1166,1144,1080,986,937,923,809,799,792,684,680,680,711,712,714,780,909,905,922,954,988,1051,1182,1176,1136,1095,1003,1000,923,941,908,957,985,984,942,955,1004,991,1040,1086,1133,1128,1150,1166,1243,1257,1211,1197,1116,1116,1054,1001,926,890,780,764,687,606,616,586,701,735,808,896,971,952,1101,1148,1182,1177,1086,1054,989,939,878,890,793,764,840,814,857,762,808,828,873,873,921,954,1083,1119,1067,1066,1117,1149,1085,1070,1018,920,862,861,840,794,697,697,777,810,891,1022,1129,1102,1160,1209,1191,1147,1064,1039,972,936,888,910,906,910,892,942,936,894,937,973,1020,1040,1064,1085,1166,1208,1240,1278,1210,1227,1151,1130,1063,1038,920,894,831,765,684,603,600,565,652,699,775,777,909,1064,1166,1260,1199,1178,1144,1097,987,968,863,832,889,911,911,858,950,956,938,952,956,984,1064,1066,1050,1004,1039,1068,1063,1130,1131,1065,1016,985,917,876,760,699,682,634,671,751,847,795,825,846,862,870,845,0.00244140625,0.0361328125,0.12231615868633731,0.08867381089571785,0.21973524288409457,0.1738198953459195,0.20560061788503223,0.11681663320545166,0.07075193627609358,0.13070624202424902,0.0656552199764516,0.5656514367095362,0.29171934106293895,0.048010736536257245,0.06905339660024878,0.04824851299623291,0.06057836882527665,0.15814584707716453,0.0750366121574162,0.06971315741240136,0.08527465428014151,0.025633603024231812,0.027203883353875233,0.07402575647752822,0.03460946317708857,0.032033631771204545,0.03648738611771368,0.050413708981016825,0.04290211452439218,0.0048828125,0.009618025197066508,0.0170549308560283,0.02157297073669387,0.031204190055996988,0.05064961906207008,0.02376079113397742,0.01878455474772592,0.024119314521930602,0.015655487833868553,0.011134525635733769,0.03452669830012439,0.02489755621871477,0.009264485332524549,0.013810679320049757,0.013879560940968648,0.01528562093993997,0.055672628178668845,0.02039122365021592,0.023619895746968406,0.021439939843847802,0.024119314521930602,0.009959022487485907,0.011759369705851851,0.0235996991671769,0.004367320268554277,0.008734640537108554,0.006905339660024878,0.0107421875,0.017820593350483065,0.007042092334890604,0.004026470337517247,0.014938533731228863,0.0087890625,0.0021836601342771385,0.04078244730043184,0.010054326309557618,0.0021836601342771385,0.015254393898255184,0.001953125,0.01886055460530075,0.019457869965987574,0.003521046167445302,0.005940197783494355,0.01886055460530075,0.014778072217208551,0.00966747552403483,0.008052940675034493,0.0068359375,0.00966747552403483,0.0146484375,0.014680953494504793,0.024020261477048523,0.003088161777508183,0.005524271728019903,0.004367320268554277,0.007109482313750506,0.0009765625,0.013810679320049757,0.005258950006967289,0.007042092334890604,0.016370170521718956,0.011759369705851851,0.010918300671385692,0.025559086578715626,0.004367320268554277,0.009212872199274027,0.01727715430952552,0.008843149548962322,0.0048828125,0.007627196949127592,0.007042092334890604,0.003088161777508183,0.01284467425582608,0.004979511243742954,0.00390625,0.0068359375,0.006905339660024878,0.004026470337517247,0.003088161777508183,0.0013810679320049757,0.010918300671385692,0.007873298582322802,0.009003461384075085,0.011759369705851851,0.0078125,0.004026470337517247,0.032122820709762745,0.029133659941750583,0.005694288959809864,0.009264485332524549,0.004026470337517247,0.0068359375,0.001953125,0.0048828125,0.00390625,0.011134525635733769,0.0078125,0.003521046167445302,0.0029296875,1,1,1.0
4.6875,4.520954608917236,2.0,0.09463267773389816,18.83423614501953,4.6875,99.304931640625,4.776881694793701,4.296875,0.8597206473350525,0.07321614027023315,5621.0,335504.0,967500992.0,59.687599182128906,0.04564669355750084,3.7598226070404053,9.513416290283203,3.474084587651305e-05,0.0,0.04203521087765694,920,889,904,855,872,843,876,878,888,847,872,892,937,952,905,894,940,1022,1038,1003,1017,941,910,921,909,877,888,890,973,1037,1064,1085,1035,1021,968,973,974,1020,1071,1177,1144,1086,1054,939,952,985,957,926,951,909,892,957,1020,1018,1001,1070,1086,1101,1103,1053,1082,1166,1144,1080,986,937,923,809,799,792,684,680,680,711,712,714,780,909,905,922,954,988,1051,1182,1176,1136,1095,1003,1000,923,941,908,957,985,984,942,955,1004,991,1040,1086,1133,1128,1150,1166,1243,1257,1211,1197,1116,1116,1054,1001,926,890,780,764,687,606,616,586,701,735,808,896,971,952,1101,1148,1182,1177,1086,1054,989,939,878,890,793,764,840,814,857,762,808,828,873,873,921,954,1083,1119,1067,1066,1117,1149,1085,1070,1018,920,862,861,840,794,697,697,777,810,891,1022,1129,1102,1160,1209,1191,1147,1064,1039,972,936,888,910,906,910,892,942,936,894,937,973,1020,1040,1064,1085,1166,1208,1240,1278,1210,1227,1151,1130,1063,1038,920,894,831,765,684,603,600,565,652,699,775,777,909,1064,1166,1260,1199,1178,1144,1097,987,968,863,832,889,911,911,858,950,956,938,952,956,984,1064,1066,1050,1004,1039,1068,1063,1130,1131,1065,1016,985,917,876,760,699,682,634,671,0.0,0.017304731588544287,0.10363072168546729,0.08629188294677548,0.20638765307615947,0.17717815179401927,0.1916253529126724,0.09767577929726552,0.08924734108434268,0.13280172865328516,0.050043468653589676,0.5472445737832,0.3062858716236353,0.06287272891726513,0.08041682373453195,0.04973762335252673,0.05519090293337809,0.14780008082406978,0.08617022819709289,0.06800970838468809,0.09145339662846215,0.03768316676088816,0.022777155839239456,0.0603970550627587,0.047330550062705604,0.04442017740446937,0.04530239650290313,0.0626980504659161,0.04509139211177811,0.008734640537108554,0.009003461384075085,0.016016815885602272,0.015440808887540914,0.040641898528681275,0.05208841934802573,0.014517645261053229,0.016572815184059706,0.016370170521718956,0.023619895746968406,0.018528970665049098,0.03911129764550935,0.032033631771204545,0.014517645261053229,0.020132351687586234,0.018961413905222265,0.017820593350483065,0.060080423497156345,0.01516032685181643,0.021945512748285382,0.023294649300540163,0.018657200365764452,0.003521046167445302,0.005258950006967289,0.02756951994822872,0.007109482313750506,0.015440808887540914,0.007627196949127592,0.011759369705851851,0.025334222209126653,0.001953125,0.0048828125,0.009264485332524549,0.01589728573837862,0.01019561182510796,0.03451288485756307,0.01792730444402912,0.007873298582322802,0.007873298582322802,0.008400708268596315,0.016105881350068987,0.017953883116064683,0.007627196949127592,0.0027621358640099515,0.02713367966689415,0.01800692276815017,0.006176323555016366,0.0146484375,0.01171875,0.012236293052872722,0.00966747552403483,0.008734640537108554,0.01589728573837862,0.009003461384075085,0.013028968812623373,0.0078125,0.009003461384075085,0.008400708268596315,0.006253051013118016,0.01179984958358845,0.007873298582322802,0.019749754312653012,0.009618025197066508,0.01760523083722651,0.0185803687406645,0.010517900013934578,0.01284467425582608,0.0242573092741684,0.0126953125,0.01179984958358845,0.013028968812623373,0.007873298582322802,0.007873298582322802,0.006905339660024878,0.004026470337517247,0.009618025197066508,0.0041432037960149265,0.0065509804028314154,0.010381001770248682,0.00834375365753665,0.005694288959809864,0.01516032685181643,0.0041432037960149265,0.010786485368346935,0.00966747552403483,0.0107421875,0.009003461384075085,0.03669588716417175,0.02568934851165216,0.004979511243742954,0.005694288959809864,0.0013810679320049757,0.007873298582322802,0.0048828125,0.0048828125,0.0029296875,0.012079411012551739,0.007109482313750506,0.0041432037960149265,0.001953125,1,1,1.0
5.46875,4.879421234130859,2.0,0.10218773037195206,15.014852523803711,4.6875,95.67945098876953,5.013664245605469,4.296875,0.8417510390281677,0.07210047543048859,5451.0,314024.0,864134720.0,57.60851287841797,0.05606122314929962,3.1923389434814453,9.317008972167969,0.0,0.0,0.05572134256362915,983,987,984,983,988,975,986,923,920,889,904,855,872,843,876,878,888,847,872,892,937,952,905,894,940,1022,1038,1003,1017,941,910,921,909,877,888,890,973,1037,1064,1085,1035,1021,968,973,974,1020,1071,1177,1144,1086,1054,939,952,985,957,926,951,909,892,957,1020,1018,1001,1070,1086,1101,1103,1053,1082,1166,1144,1080,986,937,923,809,799,792,684,680,680,711,712,714,780,909,905,922,954,988,1051,1182,1176,1136,1095,1003,1000,923,941,908,957,985,984,942,955,1004,991,1040,1086,1133,1128,1150,1166,1243,1257,1211,1197,1116,1116,1054,1001,926,890,780,764,687,606,616,586,701,735,808,896,971,952,1101,1148,1182,1177,1086,1054,989,939,878,890,793,764,840,814,857,762,808,828,873,873,921,954,1083,1119,1067,1066,1117,1149,1085,1070,1018,920,862,861,840,794,697,697,777,810,891,1022,1129,1102,1160,1209,1191,1147,1064,1039,972,936,888,910,906,910,892,942,936,894,937,973,1020,1040,1064,1085,1166,1208,1240,1278,1210,1227,1151,1130,1063,1038,920,894,831,765,684,603,600,565,652,699,775,777,909,1064,1166,1260,1199,1178,1144,1097,987,968,863,832,889,911,911,858,950,956,938,952,956,984,1064,1066,1050,1004,1039,1068,1063,1130,1131,1065,1016,0.00048828125,0.02286074201312427,0.06481462307048874,0.08484861468846018,0.1983960686632554,0.20455895966922846,0.15280628901616133,0.07166930910901864,0.11656736962013105,0.16648887051796482,0.019384212149686726,0.530053980255656,0.30371721757976533,0.07200782775713194,0.07136928277575572,0.08612594750136461,0.08927405144949473,0.12403881548363009,0.06873501701081162,0.037186392118476116,0.05940197783494355,0.02580047815160724,0.051905008851243405,0.08379111120747124,0.046188412462443235,0.024647323172117114,0.019186408891004394,0.041718768287683256,0.0283203125,0.01589728573837862,0.022545696055889054,0.029313146523053973,0.0324624416769427,0.02489755621871477,0.046022936202922575,0.0324624416769427,0.0244140625,0.030289184412638327,0.010563138502335907,0.008400708268596315,0.0300838316420886,0.020762003540497363,0.006905339660024878,0.011430371006562134,0.010563138502335907,0.013706707859002147,0.05206094896586656,0.023294649300540163,0.027621358640099514,0.0242573092741684,0.022777155839239456,0.009814331661250869,0.013282686043686957,0.01953125,0.009765625,0.008843149548962322,0.01188039556698871,0.015746597164645604,0.01875915303935405,0.005940197783494355,0.0021836601342771385,0.0166015625,0.008052940675034493,0.0048828125,0.03813598474563796,0.010563138502335907,0.0048828125,0.011920464468489943,0.001953125,0.01953125,0.0170549308560283,0.0021836601342771385,0.0027621358640099515,0.022140203220223895,0.01441877251975918,0.005940197783494355,0.01179984958358845,0.009212872199274027,0.011430371006562134,0.010054326309557618,0.010786485368346935,0.021126277004671814,0.0041432037960149265,0.01019561182510796,0.006905339660024878,0.004979511243742954,0.003521046167445302,0.013282686043686957,0.006905339660024878,0.003521046167445302,0.013982247132105814,0.013566839833447074,0.009264485332524549,0.024705294220065465,0.003521046167445302,0.009212872199274027,0.016572815184059706,0.008734640537108554,0.0027621358640099515,0.005258950006967289,0.006905339660024878,0.004979511243742954,0.0126953125,0.0065509804028314154,0.0021836601342771385,0.009765625,0.004979511243742954,0.006176323555016366,0.0021836601342771385,0.0029296875,0.008843149548962322,0.0048828125,0.004367320268554277,0.007873298582322802,0.012506102026236032,0.006253051013118016,0.03406789754396955,0.025781989809461104,0.0021836601342771385,0.010517900013934578,0.004979511243742954,0.004026470337517247,0.004367320268554277,0.009959022487485907,0.003088161777508183,0.014778072217208551,0.001953125,0.008843149548962322,0.001953125,1,1,1.0
4.6875,4.619500160217285,2.0,0.10133151710033417,18.247129440307617,4.6875,93.18419647216797,4.892763614654541,4.296875,0.8519774675369263,0.07013595104217529,5158.0,294605.0,771190848.0,57.11613082885742,0.046691037714481354,3.045799970626831,9.168319702148438,1.514467726337898e-06,0.0,0.04550505802035332,1036,1064,1064,986,985,1018,968,983,983,987,984,983,988,975,986,923,920,889,904,855,872,843,876,878,888,847,872,892,937,952,905,894,940,1022,1038,1003,1017,941,910,921,909,877,888,890,973,1037,1064,1085,1035,1021,968,973,974,1020,1071,1177,1144,1086,1054,939,952,985,957,926,951,909,892,957,1020,1018,1001,1070,1086,1101,1103,1053,1082,1166,1144,1080,986,937,923,809,799,792,684,680,680,711,712,714,780,909,905,922,954,988,1051,1182,1176,1136,1095,1003,1000,923,941,908,957,985,984,942,955,1004,991,1040,1086,1133,1128,1150,1166,1243,1257,1211,1197,1116,1116,1054,1001,926,890,780,764,687,606,616,586,701,735,808,896,971,952,1101,1148,1182,1177,1086,1054,989,939,878,890,793,764,840,814,857,762,808,828,873,873,921,954,1083,1119,1067,1066,1117,1149,1085,1070,1018,920,862,861,840,794,697,697,777,810,891,1022,1129,1102,1160,1209,1191,1147,1064,1039,972,936,888,910,906,910,892,942,936,894,937,973,1020,1040,1064,1085,1166,1208,1240,1278,1210,1227,1151,1130,1063,1038,920,894,831,765,684,603,600,565,652,699,775,777,909,1064,1166,1260,1199,1178,1144,1097,987,968,863,832,889,911,911,858,950,956,938,952,956,984,1064,1066,1050,0.00048828125,0.010918300671385692,0.07667725973614688,0.09161488775680188,0.1882360633666084,0.19141621466408776,0.15978961941610767,0.0615234375,0.1260484593770512,0.16547476234355574,0.006905339660024878,0.5175864165019821,0.3115234375,0.08240243402237886,0.0755559028667371,0.09728934982993787,0.10012504389043982,0.11992251119538087,0.061902046842736244,0.03250647847088523,0.05111817315743125,0.020716018980074635,0.056649043016692095,0.09166171898638527,0.03954776705335271,0.01680141653719263,0.020967686087484266,0.03758179961893331,0.037314400731528904,0.01179984958358845,0.014084184669781208,0.02039122365021592,0.022651198251451565,0.032033631771204545,0.04723979149393681,0.021439939843847802,0.024119314521930602,0.021035800027869155,0.01589728573837862,0.02003738723504218,0.022482157096135425,0.02315091717017519,0.0041432037960149265,0.00966747552403483,0.005940197783494355,0.014938533731228863,0.04805044765680681,0.029813159223581537,0.02681548870653512,0.01727715430952552,0.029035290522106457,0.010918300671385692,0.009618025197066508,0.025465634395322848,0.008052940675034493,0.014778072217208551,0.012732817197661424,0.017387200990981306,0.022482157096135425,0.007042092334890604,0.0048828125,0.020531050821902968,0.005258950006967289,0.00390625,0.04099236691760812,0.008734640537108554,0.0013810679320049757,0.013282686043686957,0.005258950006967289,0.014874556847390447,0.0170549308560283,0.005940197783494355,0.0027621358640099515,0.02485922277608956,0.011134525635733769,0.0048828125,0.014084184669781208,0.010918300671385692,0.013601941676937616,0.013566839833447074,0.014680953494504793,0.024119314521930602,0.0041432037960149265,0.007109482313750506,0.004367320268554277,0.007873298582322802,0.005258950006967289,0.010054326309557618,0.009814331661250869,0.0013810679320049757,0.01242961138804478,0.016164985700436375,0.007873298582322802,0.027759121881937295,0.0027621358640099515,0.0078125,0.015440808887540914,0.011048543456039806,0.005258950006967289,0.006905339660024878,0.003521046167445302,0.006176323555016366,0.00834375365753665,0.001953125,0.005940197783494355,0.005524271728019903,0.010563138502335907,0.003088161777508183,0.00390625,0.0048828125,0.003521046167445302,0.009959022487485907,0.003521046167445302,0.009264485332524549,0.017686299097924643,0.011759369705851851,0.03813598474563796,0.020692988379313566,0.0021836601342771385,0.006905339660024878,0.0013810679320049757,0.0065509804028314154,0.0027621358640099515,0.007042092334890604,0.003088161777508183,0.0126953125,0.0041432037960149265,0.010786485368346935,0.0048828125,1,1,1.0
5.078125,4.78364372253418,2.0,0.10909437388181686,17.886173248291016,4.6875,90.0071792602539,4.961721420288086,4.296875,0.8437332510948181,0.06965841352939606,5088.0,280909.0,714283904.0,55.21010208129883,0.04717237502336502,2.7604780197143555,8.991647720336914,1.5354590914284927e-06,0.0,0.04500198736786842,968,907,920,896,904,872,858,936,1036,1064,1064,986,985,1018,968,983,983,987,984,983,988,975,986,923,920,889,904,855,872,843,876,878,888,847,872,892,937,952,905,894,940,1022,1038,1003,1017,941,910,921,909,877,888,890,973,1037,1064,1085,1035,1021,968,973,974,1020,1071,1177,1144,1086,1054,939,952,985,957,926,951,909,892,957,1020,1018,1001,1070,1086,1101,1103,1053,1082,1166,1144,1080,986,937,923,809,799,792,684,680,680,711,712,714,780,909,905,922,954,988,1051,1182,1176,1136,1095,1003,1000,923,941,908,957,985,984,942,955,1004,991,1040,1086,1133,1128,1150,1166,1243,1257,1211,1197,1116,1116,1054,1001,926,890,780,764,687,606,616,586,701,735,808,896,971,952,1101,1148,1182,1177,1086,1054,989,939,878,890,793,764,840,814,857,762,808,828,873,873,921,954,1083,1119,1067,1066,1117,1149,1085,1070,1018,920,862,861,840,794,697,697,777,810,891,1022,1129,1102,1160,1209,1191,1147,1064,1039,972,936,888,910,906,910,892,942,936,894,937,973,1020,1040,1064,1085,1166,1208,1240,1278,1210,1227,1151,1130,1063,1038,920,894,831,765,684,603,600,565,652,699,775,777,909,1064,1166,1260,1199,1178,1144,1097,987,968,863,832,889,911,911,858,950,0.00146484375,0.013282686043686957,0.08737369685913508,0.10456517602719204,0.17454261954490558,0.18403216022895333,0.1562805145984747,0.04530239650290313,0.1408045999382461,0.1806640625,0.018528970665049098,0.5247076764751524,0.2952386026920112,0.06743233008450027,0.057782469501902405,0.08203706266608347,0.08385368647151585,0.13007357935938904,0.07511917817825073,0.03813598474563796,0.06153118750790377,0.037695818487536684,0.06698535406110358,0.09824529381271989,0.05097805912553979,0.013671875,0.017953883116064683,0.0244140625,0.04809012598533254,0.020716018980074635,0.010381001770248682,0.007873298582322802,0.011759369705851851,0.04244397228925924,0.04599184312233053,0.0185546875,0.030414866215619993,0.021683206358568866,0.015440808887540914,0.023478154844084585,0.0185803687406645,0.020967686087484266,0.007627196949127592,0.007627196949127592,0.011048543456039806,0.020531050821902968,0.05256229156561675,0.028588439781844624,0.02039122365021592,0.01188039556698871,0.02417855156863271,0.004367320268554277,0.0048828125,0.025633603024231812,0.0166875073150733,0.014517645261053229,0.019749754312653012,0.022269051271467537,0.011430371006562134,0.013282686043686957,0.009003461384075085,0.014874556847390447,0.0146484375,0.0087890625,0.0341098617120566,0.017387200990981306,0.009765625,0.008400708268596315,0.005859375,0.023212625632821705,0.016105881350068987,0.001953125,0.003088161777508183,0.022714264354712906,0.014874556847390447,0.004979511243742954,0.013601941676937616,0.010381001770248682,0.012506102026236032,0.01242961138804478,0.013671875,0.02161713244255728,0.006253051013118016,0.011134525635733769,0.008052940675034493,0.004367320268554277,0.0068359375,0.01528562093993997,0.007627196949127592,0.007627196949127592,0.0146484375,0.014218964627501012,0.009264485332524549,0.026654968874914416,0.005258950006967289,0.009003461384075085,0.020762003540497363,0.00834375365753665,0.0065509804028314154,0.008052940675034493,0.010381001770248682,0.0048828125,0.013601941676937616,0.007627196949127592,0.0041432037960149265,0.008052940675034493,0.005940197783494355,0.006905339660024878,0.004979511243742954,0.004367320268554277,0.005859375,0.010918300671385692,0.004367320268554277,0.009003461384075085,0.017304731588544287,0.012236293052872722,0.03768316676088816,0.0208765218031562,0.0013810679320049757,0.007873298582322802,0.003088161777508183,0.00390625,0.004367320268554277,0.010918300671385692,0.0027621358640099515,0.016164985700436375,0.0029296875,0.007109482313750506,0.0009765625,1,1,1.0
5.46875,4.917239189147949,2.0,0.1088269054889679,17.306320190429688,4.6875,94.97443389892578,5.03302001953125,4.296875,0.8424919247627258,0.06976102292537689,5103.0,288692.0,732662080.0,56.572998046875,0.048681169748306274,3.158555746078491,9.267334938049316,1.3777689673588611e-05,0.0,0.052933741360902786,1024,1022,1038,1065,1067,1129,1087,1068,968,907,920,896,904,872,858,936,1036,1064,1064,986,985,1018,968,983,983,987,984,983,988,975,986,923,920,889,904,855,872,843,876,878,888,847,872,892,937,952,905,894,940,1022,1038,1003,1017,941,910,921,909,877,888,890,973,1037,1064,1085,1035,1021,968,973,974,1020,1071,1177,1144,1086,1054,939,952,985,957,926,951,909,892,957,1020,1018,1001,1070,1086,1101,1103,1053,1082,1166,1144,1080,986,937,923,809,799,792,684,680,680,711,712,714,780,909,905,922,954,988,1051,1182,1176,1136,1095,1003,1000,923,941,908,957,985,984,942,955,1004,991,1040,1086,1133,1128,1150,1166,1243,1257,1211,1197,1116,1116,1054,1001,926,890,780,764,687,606,616,586,701,735,808,896,971,952,1101,1148,1182,1177,1086,1054,989,939,878,890,793,764,840,814,857,762,808,828,873,873,921,954,1083,1119,1067,1066,1117,1149,1085,1070,1018,920,862,861,840,794,697,697,777,810,891,1022,1129,1102,1160,1209,1191,1147,1064,1039,972,936,888,910,906,910,892,942,936,894,937,973,1020,1040,1064,1085,1166,1208,1240,1278,1210,1227,1151,1130,1063,1038,920,894,831,765,684,603,600,565,652,699,775,777,909,1064,1166,1260,1199,1178,1144,1097,987,0.00048828125,0.025947910655442233,0.08309967343556565,0.07043446453225376,0.20476398931648304,0.1584230001763105,0.19130906732489877,0.04324529262789947,0.16801416537192632,0.19933599873847777,0.044932488555966175,0.5257807421292123,0.2694923262202498,0.04462367054217134,0.04018171994422067,0.05623507831596863,0.056218117049313496,0.12540370599603132,0.09814331661250869,0.028168369339562415,0.04809012598533254,0.04559616222628419,0.07818601133300038,0.10934883894720401,0.033260520245950005,0.00834375365753665,0.02580047815160724,0.03756910949545184,0.03869455616437295,0.01284467425582608,0.01528562093993997,0.016016815885602272,0.01760523083722651,0.037224840922941246,0.05160095630321448,0.014517645261053229,0.027621358640099514,0.01886055460530075,0.01824369305885684,0.023940723969006372,0.017686299097924643,0.022881590847382775,0.009814331661250869,0.011430371006562134,0.013282686043686957,0.0242573092741684,0.054661335817017695,0.03032065370363286,0.014906579611790769,0.011920464468489943,0.020320949264340638,0.005694288959809864,0.012506102026236032,0.021836601342771385,0.021035800027869155,0.009765625,0.019186408891004394,0.015746597164645604,0.0146484375,0.007437278423695223,0.00390625,0.0126953125,0.011388577919619728,0.008052940675034493,0.03773374821555011,0.009264485332524549,0.0013810679320049757,0.012236293052872722,0.006253051013118016,0.01760523083722651,0.012236293052872722,0.005258950006967289,0.0078125,0.01792730444402912,0.010918300671385692,0.011759369705851851,0.006176323555016366,0.006253051013118016,0.008400708268596315,0.010918300671385692,0.008843149548962322,0.020600608505594715,0.006176323555016366,0.010918300671385692,0.007873298582322802,0.00390625,0.0027621358640099515,0.0146484375,0.005258950006967289,0.005258950006967289,0.014938533731228863,0.013566839833447074,0.009765625,0.025202124805788945,0.004026470337517247,0.009003461384075085,0.017953883116064683,0.009212872199274027,0.004367320268554277,0.006905339660024878,0.006905339660024878,0.003521046167445302,0.012732817197661424,0.003521046167445302,0.0029296875,0.007627196949127592,0.0068359375,0.004026470337517247,0.0013810679320049757,0.0027621358640099515,0.006905339660024878,0.0078125,0.004026470337517247,0.009618025197066508,0.014517645261053229,0.009264485332524549,0.035814689103305174,0.021683206358568866,0.003088161777508183,0.008400708268596315,0.0027621358640099515,0.0068359375,0.004026470337517247,0.007437278423695223,0.0027621358640099515,0.013810679320049757,0.003088161777508183,0.008734640537108554,0.0029296875,1,1,1.0
4.6875,4.618504047393799,2.0,0.09546321630477905,18.678617477416992,4.6875,95.86903381347656,4.870238304138184,4.296875,0.8585713505744934,0.06990441679954529,5124.0,289874.0,733694400.0,56.57181930541992,0.04596546292304993,3.8064186573028564,9.27916145324707,1.5245087752191466e-06,0.0,0.04637112468481064,892,877,880,888,919,942,912,1003,1024,1022,1038,1065,1067,1129,1087,1068,968,907,920,896,904,872,858,936,1036,1064,1064,986,985,1018,968,983,983,987,984,983,988,975,986,923,920,889,904,855,872,843,876,878,888,847,872,892,937,952,905,894,940,1022,1038,1003,1017,941,910,921,909,877,888,890,973,1037,1064,1085,1035,1021,968,973,974,1020,1071,1177,1144,1086,1054,939,952,985,957,926,951,909,892,957,1020,1018,1001,1070,1086,1101,1103,1053,1082,1166,1144,1080,986,937,923,809,799,792,684,680,680,711,712,714,780,909,905,922,954,988,1051,1182,1176,1136,1095,1003,1000,923,941,908,957,985,984,942,955,1004,991,1040,1086,1133,1128,1150,1166,1243,1257,1211,1197,1116,1116,1054,1001,926,890,780,764,687,606,616,586,701,735,808,896,971,952,1101,1148,1182,1177,1086,1054,989,939,878,890,793,764,840,814,857,762,808,828,873,873,921,954,1083,1119,1067,1066,1117,1149,1085,1070,1018,920,862,861,840,794,697,697,777,810,891,1022,1129,1102,1160,1209,1191,1147,1064,1039,972,936,888,910,906,910,892,942,936,894,937,973,1020,1040,1064,1085,1166,1208,1240,1278,1210,1227,1151,1130,1063,1038,920,894,831,765,684,603,600,565,652,699,775,777,909,0.001953125,0.03742923417331406,0.07229201376297557,0.1102824036604612,0.2039613378950948,0.21400983399229614,0.1919361486756912,0.09564830221851905,0.1550859963367603,0.1764743280949456,0.077265782987705,0.49563312923119246,0.2546114006324761,0.05811162322973375,0.04447381850287383,0.020132351687586234,0.02580047815160724,0.10730640100333746,0.12108193616767648,0.018165112536853784,0.013566839833447074,0.028721564784868637,0.05580095557485021,0.08205449819375002,0.04848512338791566,0.027930370402490412,0.005258950006967289,0.016016815885602272,0.054661335817017695,0.024433585943743757,0.0048828125,0.013810679320049757,0.022269051271467537,0.03294360897154883,0.04804052295409705,0.019773883526676354,0.021506558149946522,0.013282686043686957,0.022798081113142094,0.02833714478231818,0.015655487833868553,0.02003738723504218,0.0078125,0.009618025197066508,0.010517900013934578,0.024158822025103478,0.05274341647027647,0.0328276099882258,0.013879560940968648,0.013982247132105814,0.017469281074217108,0.009618025197066508,0.016370170521718956,0.016572815184059706,0.018961413905222265,0.004979511243742954,0.014218964627501012,0.013282686043686957,0.01727715430952552,0.006176323555016366,0.0013810679320049757,0.016164985700436375,0.010054326309557618,0.0048828125,0.03676080122015373,0.013982247132105814,0.005940197783494355,0.009814331661250869,0.0021836601342771385,0.01878455474772592,0.0170549308560283,0.005258950006967289,0.005524271728019903,0.0235996991671769,0.005694288959809864,0.012079411012551739,0.005258950006967289,0.0009765625,0.004367320268554277,0.013101960805662831,0.0041432037960149265,0.020600608505594715,0.006905339660024878,0.011134525635733769,0.006905339660024878,0.007627196949127592,0.00390625,0.01171875,0.008052940675034493,0.004367320268554277,0.01313830473347042,0.013566839833447074,0.009765625,0.025947910655442233,0.004026470337517247,0.0087890625,0.017953883116064683,0.009212872199274027,0.006253051013118016,0.00834375365753665,0.008400708268596315,0.004367320268554277,0.0126953125,0.005859375,0.005694288959809864,0.0041432037960149265,0.010381001770248682,0.003088161777508183,0.004026470337517247,0.006905339660024878,0.0065509804028314154,0.0048828125,0.006176323555016366,0.011388577919619728,0.009959022487485907,0.007627196949127592,0.03455430861905104,0.019749754312653012,0.006905339660024878,0.005258950006967289,0.0027621358640099515,0.007109482313750506,0.001953125,0.010517900013934578,0.005258950006967289,0.016630260122975003,0.0009765625,0.007627196949127592,0.0,1,1,1.0
4.6875,4.7190728187561035,2.0,0.07840971648693085,18.959199905395508,4.6875,90.55870819091797,4.682294845581055,4.296875,0.8754165768623352,0.06836634874343872,4901.0,257585.0,594756608.0,52.557640075683594,0.04617370665073395,3.7893521785736084,8.931295394897461,2.5500648916931823e-05,0.0,0.043835271149873734,1146,1083,1066,953,938,908,825,796,892,877,880,888,919,942,912,1003,1024,1022,1038,1065,1067,1129,1087,1068,968,907,920,896,904,872,858,936,1036,1064,1064,986,985,1018,968,983,983,987,984,983,988,975,986,923,920,889,904,855,872,843,876,878,888,847,872,892,937,952,905,894,940,1022,1038,1003,1017,941,910,921,909,877,888,890,973,1037,1064,1085,1035,1021,968,973,974,1020,1071,1177,1144,1086,1054,939,952,985,957,926,951,909,892,957,1020,1018,1001,1070,1086,1101,1103,1053,1082,1166,1144,1080,986,937,923,809,799,792,684,680,680,711,712,714,780,909,905,922,954,988,1051,1182,1176,1136,1095,1003,1000,923,941,908,957,985,984,942,955,1004,991,1040,1086,1133,1128,1150,1166,1243,1257,1211,1197,1116,1116,1054,1001,926,890,780,764,687,606,616,586,701,735,808,896,971,952,1101,1148,1182,1177,1086,1054,989,939,878,890,793,764,840,814,857,762,808,828,873,873,921,954,1083,1119,1067,1066,1117,1149,1085,1070,1018,920,862,861,840,794,697,697,777,810,891,1022,1129,1102,1160,1209,1191,1147,1064,1039,972,936,888,910,906,910,892,942,936,894,937,973,1020,1040,1064,1085,1166,1208,1240,1278,1210,1227,1151,1130,1063,1038,920,894,831,765,684,0.0009765625,0.046404704572330945,0.1227597717000629,0.11797020513382354,0.14065551426747427,0.20696214206243208,0.11254644494833149,0.11459535477895282,0.07872087212428361,0.10082741796203365,0.11302840856429912,0.42627931913519246,0.27759121881937293,0.12065191571469142,0.1017594994461896,0.05416181493696112,0.07235794356579181,0.06384359034641075,0.12298485540180598,0.05153622969515141,0.058267319883501166,0.0244140625,0.05079063915603845,0.09953275239250708,0.06176323555016366,0.016630260122975003,0.04324529262789947,0.05402076830445051,0.023840928936979887,0.03066468450802262,0.0324624416769427,0.015655487833868553,0.010563138502335907,0.05862629304610795,0.024492062898407135,0.0412127887617367,0.0126953125,0.013879560940968648,0.03989589495276464,0.044815601193686584,0.0021836601342771385,0.007109482313750506,0.011430371006562134,0.015440808887540914,0.009264485332524549,0.02777629424478104,0.05414420420167622,0.03975221179110863,0.005694288959809864,0.026868782211323446,0.007627196949127592,0.01019561182510796,0.010517900013934578,0.025465634395322848,0.021506558149946522,0.016164985700436375,0.025390625,0.016164985700436375,0.021836601342771385,0.004979511243742954,0.009765625,0.025559086578715626,0.006176323555016366,0.007437278423695223,0.035507146411519225,0.02108108705558877,0.012352647110032733,0.017387200990981306,0.007042092334890604,0.01188039556698871,0.013282686043686957,0.008052940675034493,0.00834375365753665,0.019628663322501738,0.01313830473347042,0.006176323555016366,0.014874556847390447,0.007437278423695223,0.004979511243742954,0.020762003540497363,0.008286407592029853,0.02489755621871477,0.014084184669781208,0.0078125,0.0048828125,0.013566839833447074,0.013282686043686957,0.019628663322501738,0.008052940675034493,0.013879560940968648,0.022881590847382775,0.012506102026236032,0.01284467425582608,0.0332174831087792,0.007109482313750506,0.007437278423695223,0.02765586378614511,0.008843149548962322,0.00834375365753665,0.00390625,0.004979511243742954,0.011920464468489943,0.010381001770248682,0.005859375,0.003521046167445302,0.01313830473347042,0.003521046167445302,0.010563138502335907,0.010517900013934578,0.012079411012551739,0.006905339660024878,0.009264485332524549,0.011134525635733769,0.015655487833868553,0.007627196949127592,0.013282686043686957,0.03819845159298427,0.014517645261053229,0.00834375365753665,0.004026470337517247,0.0021836601342771385,0.004367320268554277,0.004367320268554277,0.0078125,0.0048828125,0.016164985700436375,0.0009765625,0.007109482313750506,0.0009765625,1,1,1.0
7.03125,5.777302265167236,3.0,0.14421623945236206,10.037093162536621,4.6875,78.51083374023438,5.43148946762085,4.296875,0.7782467007637024,0.06395552307367325,4289.0,190541.0,351349088.0,44.425506591796875,0.07753705978393555,2.3581807613372803,8.283047676086426,7.285947958735051e-06,0.0,0.07606744021177292,988,958,908,924,938,1004,999,1161,1146,1083,1066,953,938,908,825,796,892,877,880,888,919,942,912,1003,1024,1022,1038,1065,1067,1129,1087,1068,968,907,920,896,904,872,858,936,1036,1064,1064,986,985,1018,968,983,983,987,984,983,988,975,986,923,920,889,904,855,872,843,876,878,888,847,872,892,937,952,905,894,940,1022,1038,1003,1017,941,910,921,909,877,888,890,973,1037,1064,1085,1035,1021,968,973,974,1020,1071,1177,1144,1086,1054,939,952,985,957,926,951,909,892,957,1020,1018,1001,1070,1086,1101,1103,1053,1082,1166,1144,1080,986,937,923,809,799,792,684,680,680,711,712,714,780,909,905,922,954,988,1051,1182,1176,1136,1095,1003,1000,923,941,908,957,985,984,942,955,1004,991,1040,1086,1133,1128,1150,1166,1243,1257,1211,1197,1116,1116,1054,1001,926,890,780,764,687,606,616,586,701,735,808,896,971,952,1101,1148,1182,1177,1086,1054,989,939,878,890,793,764,840,814,857,762,808,828,873,873,921,954,1083,1119,1067,1066,1117,1149,1085,1070,1018,920,862,861,840,794,697,697,777,810,891,1022,1129,1102,1160,1209,1191,1147,1064,1039,972,936,888,910,906,910,892,942,936,894,937,973,1020,1040,1064,1085,1166,1208,1240,1278,1210,1227,1151,0.0009765625,0.047330550062705604,0.12232005702294967,0.11488625913947455,0.1416015625,0.20261965760254522,0.10499750043527822,0.11682887834951704,0.06698535406110358,0.0880965469636243,0.12385415366225927,0.4126690142620733,0.28009644346039125,0.13455670513568863,0.12015291008443288,0.06680715381440262,0.09092525858597149,0.04120121701118943,0.10569005283406006,0.05371981460732448,0.0682197234241132,0.0361328125,0.0701835297219959,0.11476167613611397,0.03756910949545184,0.013706707859002147,0.0300838316420886,0.04005097002814429,0.03585460888805824,0.032033631771204545,0.01824369305885684,0.004979511243742954,0.01760523083722651,0.039499508625306025,0.04293544518941525,0.022269051271467537,0.019749754312653012,0.014218964627501012,0.02489755621871477,0.03152346170228315,0.01179984958358845,0.01875915303935405,0.009959022487485907,0.005524271728019903,0.004026470337517247,0.020899350155305366,0.04942023800343748,0.03756910949545184,0.009003461384075085,0.021506558149946522,0.011388577919619728,0.007873298582322802,0.012506102026236032,0.021683206358568866,0.020132351687586234,0.010381001770248682,0.019773883526676354,0.012506102026236032,0.019457869965987574,0.0013810679320049757,0.0021836601342771385,0.0185803687406645,0.009003461384075085,0.004367320268554277,0.0361328125,0.014778072217208551,0.0065509804028314154,0.010918300671385692,0.0029296875,0.01708286687942959,0.01680141653719263,0.005694288959809864,0.005258950006967289,0.022545696055889054,0.00834375365753665,0.009814331661250869,0.009618025197066508,0.003088161777508183,0.001953125,0.01680141653719263,0.004367320268554277,0.022714264354712906,0.009814331661250869,0.005694288959809864,0.0021836601342771385,0.010054326309557618,0.008052940675034493,0.017304731588544287,0.004367320268554277,0.008400708268596315,0.01760523083722651,0.012732817197661424,0.00834375365753665,0.029002426572104487,0.0021836601342771385,0.0068359375,0.021417687694786434,0.008734640537108554,0.007042092334890604,0.008052940675034493,0.007873298582322802,0.008734640537108554,0.007109482313750506,0.0009765625,0.005694288959809864,0.009814331661250869,0.0041432037960149265,0.00834375365753665,0.006905339660024878,0.0078125,0.0021836601342771385,0.01171875,0.008286407592029853,0.011920464468489943,0.003088161777508183,0.011134525635733769,0.03633022507370757,0.013671875,0.01171875,0.0021836601342771385,0.00390625,0.0021836601342771385,0.005940197783494355,0.008734640537108554,0.003088161777508183,0.014778072217208551,0.0013810679320049757,0.007873298582322802,0.0009765625,1,1,1.0
6.25,5.198383331298828,3.0,0.17038235068321228,13.284648895263672,4.6875,73.5810317993164,5.174306869506836,4.296875,0.771540105342865,0.06303936243057251,4167.0,178568.0,320064192.0,42.85289001464844,0.05807756632566452,2.1706435680389404,7.981173515319824,7.49823311707587e-06,0.0,0.05621195584535599,857,878,942,1006,1065,1112,1085,1081,988,958,908,924,938,1004,999,1161,1146,1083,1066,953,938,908,825,796,892,877,880,888,919,942,912,1003,1024,1022,1038,1065,1067,1129,1087,1068,968,907,920,896,904,872,858,936,1036,1064,1064,986,985,1018,968,983,983,987,984,983,988,975,986,923,920,889,904,855,872,843,876,878,888,847,872,892,937,952,905,894,940,1022,1038,1003,1017,941,910,921,909,877,888,890,973,1037,1064,1085,1035,1021,968,973,974,1020,1071,1177,1144,1086,1054,939,952,985,957,926,951,909,892,957,1020,1018,1001,1070,1086,1101,1103,1053,1082,1166,1144,1080,986,937,923,809,799,792,684,680,680,711,712,714,780,909,905,922,954,988,1051,1182,1176,1136,1095,1003,1000,923,941,908,957,985,984,942,955,1004,991,1040,1086,1133,1128,1150,1166,1243,1257,1211,1197,1116,1116,1054,1001,926,890,780,764,687,606,616,586,701,735,808,896,971,952,1101,1148,1182,1177,1086,1054,989,939,878,890,793,764,840,814,857,762,808,828,873,873,921,954,1083,1119,1067,1066,1117,1149,1085,1070,1018,920,862,861,840,794,697,697,777,810,891,1022,1129,1102,1160,1209,1191,1147,1064,1039,972,936,888,910,906,910,892,942,936,894,937,973,1020,1040,1064,0.00341796875,0.024492062898407135,0.0733917743283435,0.06577857077753481,0.1837650879355089,0.1598463083250791,0.09110862335695782,0.1328878749807315,0.0235996991671769,0.05385279562094624,0.16820987870353224,0.4070344833274888,0.2525655710420192,0.12549113110820384,0.12155359387563179,0.04404286048351438,0.07042092334890604,0.0670707220066124,0.11131955833267941,0.03629082846887118,0.04942023800343748,0.02157297073669387,0.05064020375962568,0.10680754735903059,0.05912035495181762,0.024119314521930602,0.04769185721513586,0.05635366424317777,0.029700988917471777,0.04572148402624854,0.026654968874914416,0.015440808887540914,0.02713367966689415,0.03088161777508183,0.05079063915603845,0.01708286687942959,0.026294750034836445,0.018961413905222265,0.026565372087373914,0.035907766232129365,0.006905339660024878,0.013282686043686957,0.0078125,0.012079411012551739,0.010054326309557618,0.027238917345666705,0.05504383074625763,0.0324624416769427,0.011759369705851851,0.01516032685181643,0.0146484375,0.011920464468489943,0.017686299097924643,0.01760523083722651,0.014906579611790769,0.013282686043686957,0.023212625632821705,0.015440808887540914,0.020762003540497363,0.0013810679320049757,0.004979511243742954,0.01953125,0.009618025197066508,0.005940197783494355,0.03676080122015373,0.013601941676937616,0.007042092334890604,0.01019561182510796,0.0,0.015746597164645604,0.0166875073150733,0.006905339660024878,0.007109482313750506,0.021035800027869155,0.011134525635733769,0.010381001770248682,0.01171875,0.005940197783494355,0.005694288959809864,0.014938533731228863,0.0,0.023212625632821705,0.007042092334890604,0.007873298582322802,0.004026470337517247,0.009003461384075085,0.007873298582322802,0.015776850020901866,0.005694288959809864,0.00834375365753665,0.017820593350483065,0.012732817197661424,0.01019561182510796,0.027238917345666705,0.0009765625,0.004026470337517247,0.023640075072090243,0.011388577919619728,0.010054326309557618,0.0065509804028314154,0.007627196949127592,0.009814331661250869,0.009814331661250869,0.005524271728019903,0.0009765625,0.009618025197066508,0.007627196949127592,0.00390625,0.003088161777508183,0.0048828125,0.0048828125,0.009618025197066508,0.0029296875,0.0065509804028314154,0.003521046167445302,0.010381001770248682,0.03274034104343791,0.014084184669781208,0.0170549308560283,0.006905339660024878,0.008843149548962322,0.0041432037960149265,0.009264485332524549,0.006253051013118016,0.005940197783494355,0.015440808887540914,0.003088161777508183,0.007109482313750506,0.0029296875,1,1,1.0
6.640625,5.388368129730225,2.0,0.16332586109638214,10.044942855834961,4.6875,79.26741027832031,5.432992935180664,4.296875,0.760922372341156,0.060523245483636856,3841.0,173725.0,289534496.0,45.22910690307617,0.07575178146362305,2.597252130508423,8.273978233337402,9.965466597350314e-05,0.0,0.0660674124956131,1017,1112,1135,1051,1018,920,892,896,857,878,942,1006,1065,1112,1085,1081,988,958,908,924,938,1004,999,1161,1146,1083,1066,953,938,908,825,796,892,877,880,888,919,942,912,1003,1024,1022,1038,1065,1067,1129,1087,1068,968,907,920,896,904,872,858,936,1036,1064,1064,986,985,1018,968,983,983,987,984,983,988,975,986,923,920,889,904,855,872,843,876,878,888,847,872,892,937,952,905,894,940,1022,1038,1003,1017,941,910,921,909,877,888,890,973,1037,1064,1085,1035,1021,968,973,974,1020,1071,1177,1144,1086,1054,939,952,985,957,926,951,909,892,957,1020,1018,1001,1070,1086,1101,1103,1053,1082,1166,1144,1080,986,937,923,809,799,792,684,680,680,711,712,714,780,909,905,922,954,988,1051,1182,1176,1136,1095,1003,1000,923,941,908,957,985,984,942,955,1004,991,1040,1086,1133,1128,1150,1166,1243,1257,1211,1197,1116,1116,1054,1001,926,890,780,764,687,606,616,586,701,735,808,896,971,952,1101,1148,1182,1177,1086,1054,989,939,878,890,793,764,840,814,857,762,808,828,873,873,921,954,1083,1119,1067,1066,1117,1149,1085,1070,1018,920,862,861,840,794,697,697,777,810,891,1022,1129,1102,1160,1209,1191,1147,1064,1039,972,936,888,910,906,910,892,0.00341796875,0.019628663322501738,0.08590420164550487,0.0773891123287459,0.18293286135272502,0.1565731521607043,0.10744850522186924,0.1208098991733759,0.013028968812623373,0.03489759450235476,0.18299280388029648,0.39702400354034895,0.2423784057314954,0.12571891045423828,0.12260041150370951,0.03317439013957623,0.052344114387724204,0.08865767713977347,0.13384607589948763,0.05642131572521207,0.0667500292602932,0.04473040035390151,0.07168926621965997,0.13002958107894683,0.047861526386104865,0.03144773864864183,0.036461239653504826,0.037390995545071574,0.04471973883537231,0.02713367966689415,0.011759369705851851,0.0048828125,0.009003461384075085,0.04894517221149089,0.03582800064032059,0.030289184412638327,0.014517645261053229,0.011134525635733769,0.019773883526676354,0.022798081113142094,0.019236050394133015,0.027238917345666705,0.0166875073150733,0.003088161777508183,0.0013810679320049757,0.0205078125,0.04999580365691486,0.03907470512449718,0.004026470337517247,0.021683206358568866,0.0146484375,0.004026470337517247,0.013282686043686957,0.017578125,0.01800692276815017,0.007437278423695223,0.01760523083722651,0.0185803687406645,0.01516032685181643,0.007042092334890604,0.007042092334890604,0.023294649300540163,0.008052940675034493,0.006905339660024878,0.0324624416769427,0.013282686043686957,0.003521046167445302,0.009212872199274027,0.0027621358640099515,0.01800692276815017,0.018657200365764452,0.0068359375,0.0068359375,0.021126277004671814,0.010918300671385692,0.009814331661250869,0.010381001770248682,0.0041432037960149265,0.004026470337517247,0.014938533731228863,0.004026470337517247,0.021484375,0.011134525635733769,0.005694288959809864,0.0013810679320049757,0.007873298582322802,0.007109482313750506,0.0166015625,0.0068359375,0.0041432037960149265,0.015440808887540914,0.0078125,0.0166875073150733,0.027361183058831836,0.007873298582322802,0.006253051013118016,0.029133659941750583,0.005694288959809864,0.003521046167445302,0.0041432037960149265,0.006253051013118016,0.005940197783494355,0.00834375365753665,0.0009765625,0.006253051013118016,0.01284467425582608,0.0021836601342771385,0.008286407592029853,0.008286407592029853,0.007873298582322802,0.006176323555016366,0.008052940675034493,0.001953125,0.0048828125,0.004979511243742954,0.010786485368346935,0.032754902014157074,0.013706707859002147,0.016630260122975003,0.0065509804028314154,0.007873298582322802,0.0013810679320049757,0.008400708268596315,0.007109482313750506,0.004367320268554277,0.013566839833447074,0.005258950006967289,0.009003461384075085,0.005859375,1,1,1.0
7.03125,5.333383560180664,2.0,0.20102791488170624,11.595147132873535,4.6875,75.8900146484375,5.446877479553223,4.296875,0.7355371713638306,0.060892410576343536,3888.0,165285.0,266891968.0,42.511573791503906,0.0634349137544632,2.683154582977295,8.01711654663086,9.845149907050654e-05,0.0,0.059486132115125656,848,895,904,942,967,975,986,1008,1017,1112,1135,1051,1018,920,892,896,857,878,942,1006,1065,1112,1085,1081,988,958,908,924,938,1004,999,1161,1146,1083,1066,953,938,908,825,796,892,877,880,888,919,942,912,1003,1024,1022,1038,1065,1067,1129,1087,1068,968,907,920,896,904,872,858,936,1036,1064,1064,986,985,1018,968,983,983,987,984,983,988,975,986,923,920,889,904,855,872,843,876,878,888,847,872,892,937,952,905,894,940,1022,1038,1003,1017,941,910,921,909,877,888,890,973,1037,1064,1085,1035,1021,968,973,974,1020,1071,1177,1144,1086,1054,939,952,985,957,926,951,909,892,957,1020,1018,1001,1070,1086,1101,1103,1053,1082,1166,1144,1080,986,937,923,809,799,792,684,680,680,711,712,714,780,909,905,922,954,988,1051,1182,1176,1136,1095,1003,1000,923,941,908,957,985,984,942,955,1004,991,1040,1086,1133,1128,1150,1166,1243,1257,1211,1197,1116,1116,1054,1001,926,890,780,764,687,606,616,586,701,735,808,896,971,952,1101,1148,1182,1177,1086,1054,989,939,878,890,793,764,840,814,857,762,808,828,873,873,921,954,1083,1119,1067,1066,1117,1149,1085,1070,1018,920,862,861,840,794,697,697,777,810,891,1022,1129,1102,1160,1209,1191,1147,1064,0.00341796875,0.022714264354712906,0.08323727475531263,0.07776405879538459,0.17481559847232822,0.1658345749902807,0.10966235967679527,0.10932267163403539,0.024433585943743757,0.026654968874914416,0.18702382977265766,0.38511866140426954,0.23976747374755641,0.1285061261687186,0.12277142408069062,0.025465634395322848,0.035061177873078594,0.09867631311772757,0.1467120626304772,0.07043446453225376,0.07969611626212174,0.04606436099637014,0.07422517447523384,0.11739077422042293,0.0445488075310822,0.01516032685181643,0.041718768287683256,0.052959948683422846,0.03356023491687418,0.04471973883537231,0.017820593350483065,0.017469281074217108,0.019186408891004394,0.049071658306254345,0.027203883353875233,0.04324529262789947,0.0013810679320049757,0.010786485368346935,0.025947910655442233,0.013982247132105814,0.031035641761856844,0.03564118670096613,0.02568934851165216,0.010563138502335907,0.008052940675034493,0.02763861659782208,0.05709342180563854,0.03259437357085671,0.009765625,0.018961413905222265,0.009814331661250869,0.007109482313750506,0.007109482313750506,0.023640075072090243,0.025012204052472065,0.0013810679320049757,0.013601941676937616,0.025353037081537442,0.011920464468489943,0.013101960805662831,0.014084184669781208,0.028920103310470405,0.013879560940968648,0.011759369705851851,0.035814689103305174,0.011388577919619728,0.009618025197066508,0.012732817197661424,0.003521046167445302,0.014906579611790769,0.011759369705851851,0.0029296875,0.003521046167445302,0.023294649300540163,0.009212872199274027,0.007109482313750506,0.013028968812623373,0.0065509804028314154,0.007109482313750506,0.01188039556698871,0.003521046167445302,0.017686299097924643,0.013282686043686957,0.009003461384075085,0.005940197783494355,0.010054326309557618,0.010054326309557618,0.0166015625,0.01284467425582608,0.008843149548962322,0.019555648822754675,0.0021836601342771385,0.017686299097924643,0.0325211441510678,0.008052940675034493,0.007873298582322802,0.023518739411703703,0.009814331661250869,0.008052940675034493,0.0048828125,0.003521046167445302,0.005940197783494355,0.013028968812623373,0.0048828125,0.005940197783494355,0.010381001770248682,0.00390625,0.009959022487485907,0.01019561182510796,0.011134525635733769,0.008052940675034493,0.0065509804028314154,0.003088161777508183,0.003521046167445302,0.006905339660024878,0.012732817197661424,0.03521046167445302,0.012236293052872722,0.01516032685181643,0.004026470337517247,0.006905339660024878,0.0021836601342771385,0.009959022487485907,0.0078125,0.007109482313750506,0.016630260122975003,0.004026470337517247,0.006253051013118016,0.00390625,1,1,1.0
7.421875,5.649792671203613,3.0,0.2098771184682846,8.982568740844727,4.6875,71.88506317138672,5.679925918579102,4.296875,0.7109726071357727,0.06090807169675827,3890.0,155521.0,242508096.0,39.97969055175781,0.0791502594947815,2.5799338817596436,7.751748561859131,9.840563143370673e-05,0.0,0.07274425029754639,972,966,921,831,861,809,811,847,848,895,904,942,967,975,986,1008,1017,1112,1135,1051,1018,920,892,896,857,878,942,1006,1065,1112,1085,1081,988,958,908,924,938,1004,999,1161,1146,1083,1066,953,938,908,825,796,892,877,880,888,919,942,912,1003,1024,1022,1038,1065,1067,1129,1087,1068,968,907,920,896,904,872,858,936,1036,1064,1064,986,985,1018,968,983,983,987,984,983,988,975,986,923,920,889,904,855,872,843,876,878,888,847,872,892,937,952,905,894,940,1022,1038,1003,1017,941,910,921,909,877,888,890,973,1037,1064,1085,1035,1021,968,973,974,1020,1071,1177,1144,1086,1054,939,952,985,957,926,951,909,892,957,1020,1018,1001,1070,1086,1101,1103,1053,1082,1166,1144,1080,986,937,923,809,799,792,684,680,680,711,712,714,780,909,905,922,954,988,1051,1182,1176,1136,1095,1003,1000,923,941,908,957,985,984,942,955,1004,991,1040,1086,1133,1128,1150,1166,1243,1257,1211,1197,1116,1116,1054,1001,926,890,780,764,687,606,616,586,701,735,808,896,971,952,1101,1148,1182,1177,1086,1054,989,939,878,890,793,764,840,814,857,762,808,828,873,873,921,954,1083,1119,1067,1066,1117,1149,1085,1070,1018,920,862,861,840,794,697,697,777,810,891,0.00048828125,0.06664994347949826,0.08752637193264329,0.09814331661250869,0.13106691215339508,0.2181672098586759,0.1337355903635334,0.0634765625,0.07309229453579777,0.03625138904935661,0.22545696055889053,0.3717946711100366,0.20703125,0.11242351050973293,0.09377034284498284,0.0242573092741684,0.03756910949545184,0.08379111120747124,0.12704699053962584,0.057351745546976654,0.05590340539594418,0.008734640537108554,0.036461239653504826,0.10586586119427853,0.07513821899090369,0.04898412579681427,0.057418221078473046,0.04615743085193935,0.05996125559769044,0.024119314521930602,0.01284467425582608,0.009814331661250869,0.009959022487485907,0.047651847260765046,0.040618426451338716,0.02638526579317636,0.015625,0.007627196949127592,0.026654968874914416,0.02489755621871477,0.021836601342771385,0.03032065370363286,0.0192608231673008,0.0048828125,0.004026470337517247,0.020967686087484266,0.050413708981016825,0.039764205217777994,0.00390625,0.023619895746968406,0.016016815885602272,0.0027621358640099515,0.015655487833868553,0.013982247132105814,0.013982247132105814,0.010381001770248682,0.02157297073669387,0.017820593350483065,0.0170549308560283,0.0048828125,0.006253051013118016,0.02315091717017519,0.006253051013118016,0.010563138502335907,0.028117539157984314,0.008734640537108554,0.0021836601342771385,0.004367320268554277,0.004026470337517247,0.013101960805662831,0.014906579611790769,0.005940197783494355,0.003521046167445302,0.025012204052472065,0.007042092334890604,0.00966747552403483,0.010563138502335907,0.004979511243742954,0.006176323555016366,0.013810679320049757,0.005258950006967289,0.020108652619115236,0.013982247132105814,0.0048828125,0.004979511243742954,0.004367320268554277,0.0021836601342771385,0.011134525635733769,0.009212872199274027,0.007042092334890604,0.015655487833868553,0.010918300671385692,0.015746597164645604,0.024119314521930602,0.009765625,0.008400708268596315,0.032241355506287456,0.0029296875,0.001953125,0.009959022487485907,0.011920464468489943,0.012352647110032733,0.0065509804028314154,0.005694288959809864,0.0013810679320049757,0.006176323555016366,0.009264485332524549,0.005940197783494355,0.007873298582322802,0.010563138502335907,0.005694288959809864,0.003521046167445302,0.003088161777508183,0.0013810679320049757,0.009003461384075085,0.01188039556698871,0.0328276099882258,0.013982247132105814,0.016858082521125067,0.0068359375,0.007109482313750506,0.0021836601342771385,0.007873298582322802,0.009212872199274027,0.004367320268554277,0.01313830473347042,0.005258950006967289,0.009264485332524549,0.005859375,1,1,1.0
7.03125,5.540377616882324,4.0,0.16164100170135498,9.894814491271973,3.90625,65.45171356201172,5.346689224243164,4.296875,0.7614087462425232,0.05966629087924957,3733.0,144946.0,221561568.0,38.82828903198242,0.07695028185844421,2.7194371223449707,7.372586250305176,2.0925756416545482e-06,0.0,0.06466062366962433,877,904,987,1100,1135,1096,1054,958,972,966,921,831,861,809,811,847,848,895,904,942,967,975,986,1008,1017,1112,1135,1051,1018,920,892,896,857,878,942,1006,1065,1112,1085,1081,988,958,908,924,938,1004,999,1161,1146,1083,1066,953,938,908,825,796,892,877,880,888,919,942,912,1003,1024,1022,1038,1065,1067,1129,1087,1068,968,907,920,896,904,872,858,936,1036,1064,1064,986,985,1018,968,983,983,987,984,983,988,975,986,923,920,889,904,855,872,843,876,878,888,847,872,892,937,952,905,894,940,1022,1038,1003,1017,941,910,921,909,877,888,890,973,1037,1064,1085,1035,1021,968,973,974,1020,1071,1177,1144,1086,1054,939,952,985,957,926,951,909,892,957,1020,1018,1001,1070,1086,1101,1103,1053,1082,1166,1144,1080,986,937,923,809,799,792,684,680,680,711,712,714,780,909,905,922,954,988,1051,1182,1176,1136,1095,1003,1000,923,941,908,957,985,984,942,955,1004,991,1040,1086,1133,1128,1150,1166,1243,1257,1211,1197,1116,1116,1054,1001,926,890,780,764,687,606,616,586,701,735,808,896,971,952,1101,1148,1182,1177,1086,1054,989,939,878,890,793,764,840,814,857,762,808,828,873,873,921,954,1083,1119,1067,1066,1117,1149,1085,1070,1018,920,862,0.00341796875,0.014517645261053229,0.06184039140229517,0.05045152872300582,0.1814725364735409,0.19746132387449836,0.08595969173697417,0.10504290476191294,0.09727464503858553,0.07891446816733173,0.22302002219050102,0.32889285388767403,0.21446388648431472,0.13421962537913024,0.0968767719722014,0.06828260197817711,0.074321474962658,0.07690080907269543,0.10093140763831426,0.04523919852304871,0.022798081113142094,0.030383494504109463,0.04543902392239001,0.13965185201245206,0.06763708816766716,0.050931268790645697,0.029133659941750583,0.027010384152225255,0.032754902014157074,0.03891573993197515,0.023840928936979887,0.019457869965987574,0.021035800027869155,0.05597160109729336,0.01680141653719263,0.048317644050206957,0.01878455474772592,0.0235996991671769,0.0065509804028314154,0.030508787796510367,0.008734640537108554,0.012732817197661424,0.00834375365753665,0.0126953125,0.01708286687942959,0.012506102026236032,0.04728015014418049,0.0439453125,0.009212872199274027,0.016105881350068987,0.020716018980074635,0.010918300671385692,0.012732817197661424,0.022651198251451565,0.022651198251451565,0.004979511243742954,0.018961413905222265,0.023212625632821705,0.0192608231673008,0.0021836601342771385,0.003088161777508183,0.020108652619115236,0.003521046167445302,0.011920464468489943,0.025781989809461104,0.00834375365753665,0.004367320268554277,0.00390625,0.006253051013118016,0.011134525635733769,0.011134525635733769,0.0009765625,0.0027621358640099515,0.021945512748285382,0.010786485368346935,0.00834375365753665,0.013982247132105814,0.006905339660024878,0.0068359375,0.016630260122975003,0.008843149548962322,0.02485922277608956,0.01188039556698871,0.0013810679320049757,0.004026470337517247,0.005524271728019903,0.005258950006967289,0.014778072217208551,0.006176323555016366,0.003521046167445302,0.01441877251975918,0.008843149548962322,0.017469281074217108,0.02681548870653512,0.010918300671385692,0.009264485332524549,0.028721564784868637,0.0029296875,0.001953125,0.007437278423695223,0.00834375365753665,0.00834375365753665,0.008734640537108554,0.0021836601342771385,0.003521046167445302,0.011388577919619728,0.006253051013118016,0.003521046167445302,0.0021836601342771385,0.005258950006967289,0.001953125,0.008052940675034493,0.007437278423695223,0.0065509804028314154,0.013028968812623373,0.01242961138804478,0.0328276099882258,0.011759369705851851,0.016630260122975003,0.006253051013118016,0.00390625,0.0013810679320049757,0.00966747552403483,0.00834375365753665,0.005940197783494355,0.014218964627501012,0.004367320268554277,0.008052940675034493,0.0048828125,1,1,1.0
7.03125,5.610687255859375,5.0,0.19816716015338898,10.176145553588867,3.90625,47.377540588378906,5.484110355377197,4.296875,0.7300878167152405,0.058193620294332504,3551.0,113425.0,161578880.0,31.94170570373535,0.07174502313137054,2.174809217453003,6.155673980712891,0.00010778801515698433,0.0,0.06652505695819855,967,1069,1113,1079,1007,1007,973,921,877,904,987,1100,1135,1096,1054,958,972,966,921,831,861,809,811,847,848,895,904,942,967,975,986,1008,1017,1112,1135,1051,1018,920,892,896,857,878,942,1006,1065,1112,1085,1081,988,958,908,924,938,1004,999,1161,1146,1083,1066,953,938,908,825,796,892,877,880,888,919,942,912,1003,1024,1022,1038,1065,1067,1129,1087,1068,968,907,920,896,904,872,858,936,1036,1064,1064,986,985,1018,968,983,983,987,984,983,988,975,986,923,920,889,904,855,872,843,876,878,888,847,872,892,937,952,905,894,940,1022,1038,1003,1017,941,910,921,909,877,888,890,973,1037,1064,1085,1035,1021,968,973,974,1020,1071,1177,1144,1086,1054,939,952,985,957,926,951,909,892,957,1020,1018,1001,1070,1086,1101,1103,1053,1082,1166,1144,1080,986,937,923,809,799,792,684,680,680,711,712,714,780,909,905,922,954,988,1051,1182,1176,1136,1095,1003,1000,923,941,908,957,985,984,942,955,1004,991,1040,1086,1133,1128,1150,1166,1243,1257,1211,1197,1116,1116,1054,1001,926,890,780,764,687,606,616,586,701,735,808,896,971,952,1101,1148,1182,1177,1086,1054,989,939,878,890,793,764,840,814,857,762,808,828,873,873,921,954,1083,1119,1067,0.0009765625,0.0283875817456028,0.07092022521627073,0.06278165297048996,0.17902817215673417,0.18560083508139222,0.07854501354530427,0.11581636007168376,0.09782212475110276,0.0880965469636243,0.22204935449696658,0.31788871938941,0.21422362563402095,0.1355031055502771,0.09048366706951955,0.07250277809871322,0.08178091452751694,0.06516679929962059,0.095703125,0.0369677602163041,0.02713367966689415,0.0205078125,0.04018171994422067,0.1285061261687186,0.07469266865614431,0.05709342180563854,0.037998196207702575,0.01800692276815017,0.03819845159298427,0.03889122607761695,0.03168941550700772,0.026294750034836445,0.02713367966689415,0.06201748558323214,0.012352647110032733,0.0492656181860525,0.022714264354712906,0.02378085090212094,0.01188039556698871,0.028721564784868637,0.011920464468489943,0.01760523083722651,0.007873298582322802,0.0107421875,0.016105881350068987,0.00390625,0.04089920232689829,0.05078125,0.01589728573837862,0.015746597164645604,0.02638526579317636,0.0192608231673008,0.009814331661250869,0.03126525506559008,0.028985980624327792,0.01284467425582608,0.028437929255002024,0.02376079113397742,0.025390625,0.007437278423695223,0.008052940675034493,0.026654968874914416,0.011920464468489943,0.015625,0.028738162049926096,0.009003461384075085,0.0048828125,0.008843149548962322,0.003521046167445302,0.014778072217208551,0.01516032685181643,0.004367320268554277,0.0,0.02489755621871477,0.011134525635733769,0.006253051013118016,0.015746597164645604,0.008400708268596315,0.008286407592029853,0.019186408891004394,0.009212872199274027,0.026939676219011176,0.007873298582322802,0.004979511243742954,0.003088161777508183,0.006253051013118016,0.0027621358640099515,0.0078125,0.010054326309557618,0.009003461384075085,0.009618025197066508,0.015776850020901866,0.025855863857175247,0.03304477405407936,0.014517645261053229,0.011388577919619728,0.021417687694786434,0.011134525635733769,0.008400708268596315,0.0048828125,0.010517900013934578,0.011134525635733769,0.001953125,0.007109482313750506,0.0027621358640099515,0.0048828125,0.005859375,0.00834375365753665,0.006253051013118016,0.004026470337517247,0.003088161777508183,0.012079411012551739,0.009765625,0.010918300671385692,0.016105881350068987,0.015655487833868553,0.035814689103305174,0.007109482313750506,0.013601941676937616,0.003521046167445302,0.0068359375,0.0029296875,0.006253051013118016,0.011134525635733769,0.005859375,0.013671875,0.007873298582322802,0.00390625,0.0009765625,1,1,1.0
8.59375,6.121902942657471,5.0,0.18960519134998322,8.052388191223145,3.90625,45.15772247314453,5.754116535186768,4.296875,0.7208720445632935,0.057906121015548706,3516.0,105962.0,145025936.0,30.137086868286133,0.08952275663614273,2.04951548576355,6.006211757659912,8.886736395652406e-06,0.0,0.0848878026008606,1068,1040,1040,941,956,910,823,846,967,1069,1113,1079,1007,1007,973,921,877,904,987,1100,1135,1096,1054,958,972,966,921,831,861,809,811,847,848,895,904,942,967,975,986,1008,1017,1112,1135,1051,1018,920,892,896,857,878,942,1006,1065,1112,1085,1081,988,958,908,924,938,1004,999,1161,1146,1083,1066,953,938,908,825,796,892,877,880,888,919,942,912,1003,1024,1022,1038,1065,1067,1129,1087,1068,968,907,920,896,904,872,858,936,1036,1064,1064,986,985,1018,968,983,983,987,984,983,988,975,986,923,920,889,904,855,872,843,876,878,888,847,872,892,937,952,905,894,940,1022,1038,1003,1017,941,910,921,909,877,888,890,973,1037,1064,1085,1035,1021,968,973,974,1020,1071,1177,1144,1086,1054,939,952,985,957,926,951,909,892,957,1020,1018,1001,1070,1086,1101,1103,1053,1082,1166,1144,1080,986,937,923,809,799,792,684,680,680,711,712,714,780,909,905,922,954,988,1051,1182,1176,1136,1095,1003,1000,923,941,908,957,985,984,942,955,1004,991,1040,1086,1133,1128,1150,1166,1243,1257,1211,1197,1116,1116,1054,1001,926,890,780,764,687,606,616,586,701,735,808,896,971,952,1101,1148,1182,1177,1086,1054,989,939,878,890,793,764,840,814,857,762,808,0.00244140625,0.017304731588544287,0.05996125559769044,0.0594741796038481,0.16665204301892855,0.19311754922166657,0.09295828624150206,0.11224098057183286,0.08143032311106628,0.08930075382542446,0.20503394241321096,0.2925322268738363,0.22523266101281594,0.14792585031001648,0.0833746489784824,0.086963425237864,0.09618025197066508,0.03930588241698849,0.10381001770248681,0.04979511243742954,0.06002484125245824,0.01760523083722651,0.007109482313750506,0.1285061261687186,0.10391102256426679,0.08505068894454298,0.034402177644157296,0.032754902014157074,0.011759369705851851,0.06543697487402717,0.0325211441510678,0.0325211441510678,0.01188039556698871,0.05977009276601311,0.03549371454177001,0.0332174831087792,0.004026470337517247,0.01792730444402912,0.011759369705851851,0.024647323172117114,0.015746597164645604,0.007873298582322802,0.005940197783494355,0.01516032685181643,0.02003738723504218,0.007873298582322802,0.04334441605697685,0.05014817217370222,0.017953883116064683,0.01188039556698871,0.024954945974962183,0.02003738723504218,0.00390625,0.029133659941750583,0.023212625632821705,0.018657200365764452,0.028588439781844624,0.011920464468489943,0.014517645261053229,0.011920464468489943,0.01179984958358845,0.023294649300540163,0.006905339660024878,0.006905339660024878,0.02638526579317636,0.012079411012551739,0.010381001770248682,0.008734640537108554,0.010918300671385692,0.011759369705851851,0.011759369705851851,0.006176323555016366,0.008052940675034493,0.020531050821902968,0.010517900013934578,0.011134525635733769,0.010786485368346935,0.004367320268554277,0.005524271728019903,0.01760523083722651,0.0065509804028314154,0.022482157096135425,0.0126953125,0.007437278423695223,0.00966747552403483,0.0029296875,0.005258950006967289,0.014517645261053229,0.0048828125,0.006905339660024878,0.010517900013934578,0.007109482313750506,0.020600608505594715,0.03125,0.004026470337517247,0.006253051013118016,0.0328130812820536,0.0009765625,0.005859375,0.009618025197066508,0.004367320268554277,0.003521046167445302,0.010517900013934578,0.005258950006967289,0.008400708268596315,0.011134525635733769,0.013101960805662831,0.007437278423695223,0.009765625,0.010786485368346935,0.004979511243742954,0.011388577919619728,0.00834375365753665,0.010563138502335907,0.01589728573837862,0.0146484375,0.03360283307438526,0.009618025197066508,0.014680953494504793,0.004367320268554277,0.0048828125,0.0009765625,0.0087890625,0.009765625,0.0065509804028314154,0.015191747252054731,0.005258950006967289,0.007873298582322802,0.0048828125,1,1,1.0
8.984375,6.061683177947998,5.0,0.23412758111953735,7.745188236236572,4.6875,35.39161682128906,5.882858753204346,4.296875,0.6782959699630737,0.05745973065495491,3462.0,89732.0,121149376.0,25.91912269592285,0.08757643401622772,1.6868820190429688,5.293603420257568,5.64092151762452e-05,0.0,0.08446381241083145,944,984,1003,974,957,971,1005,1034,1068,1040,1040,941,956,910,823,846,967,1069,1113,1079,1007,1007,973,921,877,904,987,1100,1135,1096,1054,958,972,966,921,831,861,809,811,847,848,895,904,942,967,975,986,1008,1017,1112,1135,1051,1018,920,892,896,857,878,942,1006,1065,1112,1085,1081,988,958,908,924,938,1004,999,1161,1146,1083,1066,953,938,908,825,796,892,877,880,888,919,942,912,1003,1024,1022,1038,1065,1067,1129,1087,1068,968,907,920,896,904,872,858,936,1036,1064,1064,986,985,1018,968,983,983,987,984,983,988,975,986,923,920,889,904,855,872,843,876,878,888,847,872,892,937,952,905,894,940,1022,1038,1003,1017,941,910,921,909,877,888,890,973,1037,1064,1085,1035,1021,968,973,974,1020,1071,1177,1144,1086,1054,939,952,985,957,926,951,909,892,957,1020,1018,1001,1070,1086,1101,1103,1053,1082,1166,1144,1080,986,937,923,809,799,792,684,680,680,711,712,714,780,909,905,922,954,988,1051,1182,1176,1136,1095,1003,1000,923,941,908,957,985,984,942,955,1004,991,1040,1086,1133,1128,1150,1166,1243,1257,1211,1197,1116,1116,1054,1001,926,890,780,764,687,606,616,586,701,735,808,896,971,952,1101,1148,1182,1177,1086,1054,989,939,878,0.00048828125,0.020132351687586234,0.025390625,0.06115807934316866,0.13900158866139128,0.213385051577697,0.11977928208173409,0.1234994467286601,0.07459045489815747,0.11488625913947455,0.20531050821902966,0.2747179839455819,0.2121389575653056,0.13348934265345222,0.05694288959809864,0.07038028416690333,0.07640938532038498,0.061902046842736244,0.11945239688708767,0.058267319883501166,0.049890780368925004,0.019555648822754675,0.02489755621871477,0.1310923765199206,0.09048366706951955,0.0742444445654227,0.0352916230460794,0.021945512748285382,0.020600608505594715,0.06377633541896756,0.03712222228271135,0.036916129241085546,0.016716057391234072,0.06287272891726513,0.036851488797096106,0.031988944051092184,0.0021836601342771385,0.019555648822754675,0.009765625,0.027203883353875233,0.01284467425582608,0.011388577919619728,0.005258950006967289,0.01179984958358845,0.019457869965987574,0.004367320268554277,0.03907470512449718,0.05555258848956208,0.026294750034836445,0.007627196949127592,0.021439939843847802,0.019384212149686726,0.005940197783494355,0.021945512748285382,0.013706707859002147,0.0146484375,0.019186408891004394,0.018528970665049098,0.013810679320049757,0.005694288959809864,0.003088161777508183,0.017953883116064683,0.004979511243742954,0.013706707859002147,0.025633603024231812,0.008052940675034493,0.0029296875,0.004026470337517247,0.007109482313750506,0.007109482313750506,0.007437278423695223,0.004979511243742954,0.00834375365753665,0.014680953494504793,0.01800692276815017,0.016253239235442616,0.005859375,0.0009765625,0.0021836601342771385,0.01528562093993997,0.004367320268554277,0.020132351687586234,0.016105881350068987,0.005258950006967289,0.00834375365753665,0.0013810679320049757,0.004367320268554277,0.0146484375,0.003521046167445302,0.0048828125,0.011134525635733769,0.0065509804028314154,0.018165112536853784,0.02847144479904932,0.007627196949127592,0.009814331661250869,0.030162978928672854,0.004026470337517247,0.0065509804028314154,0.00390625,0.004367320268554277,0.0068359375,0.004367320268554277,0.004026470337517247,0.0013810679320049757,0.00834375365753665,0.006176323555016366,0.003521046167445302,0.0027621358640099515,0.008052940675034493,0.0065509804028314154,0.003088161777508183,0.0,0.0065509804028314154,0.009814331661250869,0.007873298582322802,0.027413415718004295,0.014778072217208551,0.017387200990981306,0.007873298582322802,0.008400708268596315,0.005940197783494355,0.011134525635733769,0.007627196949127592,0.0027621358640099515,0.011920464468489943,0.009959022487485907,0.0027621358640099515,0.0009765625,1,1,1.0
8.984375,5.626375675201416,4.0,0.2178909033536911,8.19243335723877,1.953125,30.08269500732422,5.664198398590088,4.296875,0.6970272660255432,0.056082241237163544,3298.0,79136.0,106607984.0,23.995147705078125,0.08508183807134628,1.657472014427185,4.913313388824463,2.368713921896415e-06,0.0,0.06482962518930435,891,826,809,800,813,841,794,923,944,984,1003,974,957,971,1005,1034,1068,1040,1040,941,956,910,823,846,967,1069,1113,1079,1007,1007,973,921,877,904,987,1100,1135,1096,1054,958,972,966,921,831,861,809,811,847,848,895,904,942,967,975,986,1008,1017,1112,1135,1051,1018,920,892,896,857,878,942,1006,1065,1112,1085,1081,988,958,908,924,938,1004,999,1161,1146,1083,1066,953,938,908,825,796,892,877,880,888,919,942,912,1003,1024,1022,1038,1065,1067,1129,1087,1068,968,907,920,896,904,872,858,936,1036,1064,1064,986,985,1018,968,983,983,987,984,983,988,975,986,923,920,889,904,855,872,843,876,878,888,847,872,892,937,952,905,894,940,1022,1038,1003,1017,941,910,921,909,877,888,890,973,1037,1064,1085,1035,1021,968,973,974,1020,1071,1177,1144,1086,1054,939,952,985,957,926,951,909,892,957,1020,1018,1001,1070,1086,1101,1103,1053,1082,1166,1144,1080,986,937,923,809,799,792,684,680,680,711,712,714,780,909,905,922,954,988,1051,1182,1176,1136,1095,1003,1000,923,941,908,957,985,984,942,955,1004,991,1040,1086,1133,1128,1150,1166,1243,1257,1211,1197,1116,1116,1054,1001,926,890,780,764,687,606,616,586,701,735,808,896,971,952,1101,0.0009765625,0.04143203796014927,0.08505629526529951,0.0332174831087792,0.19882102608888996,0.24492062898407133,0.14774199725841752,0.0755559028667371,0.022032254243512652,0.11754908409005217,0.17033948771984772,0.22325722417644778,0.22291523109995795,0.13331777163928027,0.015746597164645604,0.05078125,0.037186392118476116,0.10276667446153355,0.125274357115817,0.05132298181043325,0.01528562093993997,0.02229045353615884,0.03452669830012439,0.10229696121550132,0.11568041324188162,0.10020597226433865,0.04501730692037543,0.04367320268554277,0.0021836601342771385,0.06372397695732598,0.020531050821902968,0.021836601342771385,0.014517645261053229,0.06204054755573668,0.0283875817456028,0.030162978928672854,0.008286407592029853,0.014517645261053229,0.016164985700436375,0.02847144479904932,0.013282686043686957,0.009959022487485907,0.01171875,0.0065509804028314154,0.017820593350483065,0.007042092334890604,0.03813598474563796,0.05767509007903672,0.029035290522106457,0.0048828125,0.015746597164645604,0.013028968812623373,0.006176323555016366,0.0208765218031562,0.017304731588544287,0.012732817197661424,0.022798081113142094,0.016105881350068987,0.012732817197661424,0.007873298582322802,0.004367320268554277,0.01824369305885684,0.004026470337517247,0.013282686043686957,0.026868782211323446,0.008843149548962322,0.001953125,0.0021836601342771385,0.007627196949127592,0.007873298582322802,0.008734640537108554,0.0009765625,0.004367320268554277,0.019628663322501738,0.0166015625,0.014680953494504793,0.010054326309557618,0.006905339660024878,0.004979511243742954,0.016630260122975003,0.005940197783494355,0.01800692276815017,0.016716057391234072,0.0013810679320049757,0.004026470337517247,0.003088161777508183,0.0027621358640099515,0.011759369705851851,0.006253051013118016,0.007042092334890604,0.0126953125,0.00390625,0.016858082521125067,0.02708090746848056,0.009264485332524549,0.009264485332524549,0.028168369339562415,0.0027621358640099515,0.003088161777508183,0.008286407592029853,0.0041432037960149265,0.0021836601342771385,0.008843149548962322,0.008286407592029853,0.0068359375,0.0021836601342771385,0.005524271728019903,0.009765625,0.0048828125,0.008400708268596315,0.011430371006562134,0.004367320268554277,0.007109482313750506,0.010918300671385692,0.010918300671385692,0.011134525635733769,0.028721564784868637,0.013879560940968648,0.012732817197661424,0.003088161777508183,0.008734640537108554,0.004367320268554277,0.007437278423695223,0.008400708268596315,0.0027621358640099515,0.011134525635733769,0.010054326309557618,0.003088161777508183,0.0009765625,1,1,1.0
8.984375,5.779732704162598,5.0,0.21660065650939941,8.344276428222656,4.296875,21.257715225219727,5.453725814819336,1.953125,0.6995620131492615,0.05591193586587906,3278.0,62900.0,99663632.0,19.18852996826172,0.0838373452425003,1.2034822702407837,4.208547115325928,9.53211565501988e-06,0.0,0.0646822452545166,1167,1118,1151,1081,1040,986,937,872,891,826,809,800,813,841,794,923,944,984,1003,974,957,971,1005,1034,1068,1040,1040,941,956,910,823,846,967,1069,1113,1079,1007,1007,973,921,877,904,987,1100,1135,1096,1054,958,972,966,921,831,861,809,811,847,848,895,904,942,967,975,986,1008,1017,1112,1135,1051,1018,920,892,896,857,878,942,1006,1065,1112,1085,1081,988,958,908,924,938,1004,999,1161,1146,1083,1066,953,938,908,825,796,892,877,880,888,919,942,912,1003,1024,1022,1038,1065,1067,1129,1087,1068,968,907,920,896,904,872,858,936,1036,1064,1064,986,985,1018,968,983,983,987,984,983,988,975,986,923,920,889,904,855,872,843,876,878,888,847,872,892,937,952,905,894,940,1022,1038,1003,1017,941,910,921,909,877,888,890,973,1037,1064,1085,1035,1021,968,973,974,1020,1071,1177,1144,1086,1054,939,952,985,957,926,951,909,892,957,1020,1018,1001,1070,1086,1101,1103,1053,1082,1166,1144,1080,986,937,923,809,799,792,684,680,680,711,712,714,780,909,905,922,954,988,1051,1182,1176,1136,1095,1003,1000,923,941,908,957,985,984,942,955,1004,991,1040,1086,1133,1128,1150,1166,1243,1257,1211,1197,1116,1116,1054,1001,926,890,780,764,687,606,616,0.00244140625,0.03582800064032059,0.04203758447271657,0.09173971791042937,0.17383909726606742,0.17639054558777775,0.09085705741885163,0.05472236611766367,0.05417061815765103,0.08315130061487501,0.10274347185247723,0.1605844124304255,0.2714808621625248,0.1680964494592339,0.058894087044197664,0.06870032162875608,0.025465634395322848,0.1457566559254912,0.10296600106582891,0.0324624416769427,0.0626980504659161,0.04523919852304871,0.029361906989009586,0.14070974551505008,0.11057171761498563,0.06934281435967474,0.019457869965987574,0.014906579611790769,0.040618426451338716,0.07565050940181373,0.05715185503281067,0.053932426841734674,0.021506558149946522,0.04026470337517247,0.035761393405469834,0.05694288959809864,0.02847144479904932,0.015776850020901866,0.030383494504109463,0.013282686043686957,0.0324624416769427,0.011134525635733769,0.02638526579317636,0.01019561182510796,0.0166015625,0.02003738723504218,0.03931801199061991,0.05996125559769044,0.03232997140087275,0.010054326309557618,0.014874556847390447,0.01516032685181643,0.008400708268596315,0.03360283307438526,0.019749754312653012,0.024954945974962183,0.015254393898255184,0.029378142493147116,0.026057937625246747,0.009003461384075085,0.012352647110032733,0.03401186477982031,0.016016815885602272,0.007109482313750506,0.022482157096135425,0.010517900013934578,0.01727715430952552,0.018657200365764452,0.010918300671385692,0.014517645261053229,0.009003461384075085,0.016016815885602272,0.01933495104806966,0.01878455474772592,0.005524271728019903,0.003521046167445302,0.02161713244255728,0.016370170521718956,0.015776850020901866,0.027981540589637505,0.0170549308560283,0.017469281074217108,0.025855863857175247,0.010381001770248682,0.008400708268596315,0.014517645261053229,0.0146484375,0.022032254243512652,0.013101960805662831,0.009959022487485907,0.020967686087484266,0.012352647110032733,0.023619895746968406,0.03527810911755555,0.006905339660024878,0.004026470337517247,0.03928161203343509,0.008734640537108554,0.0146484375,0.007873298582322802,0.008052940675034493,0.011388577919619728,0.006176323555016366,0.0013810679320049757,0.007873298582322802,0.011759369705851851,0.013282686043686957,0.013028968812623373,0.011134525635733769,0.007042092334890604,0.015746597164645604,0.012236293052872722,0.014906579611790769,0.017304731588544287,0.016858082521125067,0.017469281074217108,0.0352916230460794,0.008052940675034493,0.009003461384075085,0.00390625,0.004026470337517247,0.005258950006967289,0.013282686043686957,0.007873298582322802,0.005258950006967289,0.013566839833447074,0.008843149548962322,0.005694288959809864,0.0029296875,1,1,1.0
9.765625,7.427639007568359,6.0,0.3059422969818115,3.7822957038879395,1.953125,40.220298767089844,7.0985941886901855,4.6875,0.5489270687103271,0.05387050285935402,3043.0,77282.0,79948488.0,25.396648406982422,0.14513064920902252,2.3687968254089355,5.511056900024414,6.417166878236458e-05,0.0,0.1460067182779312,637,681,700,824,919,1065,1102,1193,1167,1118,1151,1081,1040,986,937,872,891,826,809,800,813,841,794,923,944,984,1003,974,957,971,1005,1034,1068,1040,1040,941,956,910,823,846,967,1069,1113,1079,1007,1007,973,921,877,904,987,1100,1135,1096,1054,958,972,966,921,831,861,809,811,847,848,895,904,942,967,975,986,1008,1017,1112,1135,1051,1018,920,892,896,857,878,942,1006,1065,1112,1085,1081,988,958,908,924,938,1004,999,1161,1146,1083,1066,953,938,908,825,796,892,877,880,888,919,942,912,1003,1024,1022,1038,1065,1067,1129,1087,1068,968,907,920,896,904,872,858,936,1036,1064,1064,986,985,1018,968,983,983,987,984,983,988,975,986,923,920,889,904,855,872,843,876,878,888,847,872,892,937,952,905,894,940,1022,1038,1003,1017,941,910,921,909,877,888,890,973,1037,1064,1085,1035,1021,968,973,974,1020,1071,1177,1144,1086,1054,939,952,985,957,926,951,909,892,957,1020,1018,1001,1070,1086,1101,1103,1053,1082,1166,1144,1080,986,937,923,809,799,792,684,680,680,711,712,714,780,909,905,922,954,988,1051,1182,1176,1136,1095,1003,1000,923,941,908,957,985,984,942,955,1004,991,1040,1086,1133,1128,1150,1166,1243,1257,1211,1197,1116,1116,1054,0.0009765625,0.03125,0.0332174831087792,0.09061005567784078,0.15687436289866896,0.1600430716714693,0.06701382212616314,0.07925212330184954,0.08540875157846183,0.0741480440340946,0.06383612107579772,0.1229460772657634,0.3029941551727486,0.1920354970861202,0.10247859079956957,0.09105103421993367,0.06939780470484323,0.1561431519437397,0.050931268790645697,0.04145504936873266,0.10041513106779915,0.0594100045869341,0.04316803926816473,0.16704928665625388,0.05808700139829317,0.06595232033165252,0.07152945342667964,0.045908825287277966,0.0341098617120566,0.08759172264254357,0.018961413905222265,0.005940197783494355,0.025781989809461104,0.07448810088095657,0.03792282781044453,0.020108652619115236,0.006905339660024878,0.029133659941750583,0.0013810679320049757,0.025465634395322848,0.020108652619115236,0.009003461384075085,0.012079411012551739,0.01019561182510796,0.007873298582322802,0.012236293052872722,0.035907766232129365,0.058283684810065524,0.02847144479904932,0.005694288959809864,0.020132351687586234,0.02157297073669387,0.009003461384075085,0.02638526579317636,0.004026470337517247,0.013810679320049757,0.012732817197661424,0.029133659941750583,0.025855863857175247,0.0146484375,0.016253239235442616,0.0166015625,0.006905339660024878,0.020967686087484266,0.027500249688142037,0.014084184669781208,0.004026470337517247,0.005859375,0.0087890625,0.014517645261053229,0.013810679320049757,0.006905339660024878,0.0126953125,0.00966747552403483,0.015746597164645604,0.011430371006562134,0.016370170521718956,0.012732817197661424,0.012732817197661424,0.025781989809461104,0.01516032685181643,0.019652941208494246,0.019918044974971814,0.007627196949127592,0.006905339660024878,0.007873298582322802,0.009765625,0.018961413905222265,0.0013810679320049757,0.005524271728019903,0.006176323555016366,0.009003461384075085,0.017820593350483065,0.023047702580480365,0.01589728573837862,0.015746597164645604,0.02209708691207961,0.01019561182510796,0.008052940675034493,0.01800692276815017,0.009212872199274027,0.009814331661250869,0.010054326309557618,0.014906579611790769,0.006905339660024878,0.01528562093993997,0.010918300671385692,0.004979511243742954,0.009264485332524549,0.0027621358640099515,0.010918300671385692,0.01313830473347042,0.014517645261053229,0.016016815885602272,0.015254393898255184,0.016164985700436375,0.033332125323976586,0.010563138502335907,0.012236293052872722,0.003088161777508183,0.008400708268596315,0.005859375,0.005258950006967289,0.011134525635733769,0.005940197783494355,0.01019561182510796,0.013282686043686957,0.0065509804028314154,0.005859375,1,1,1.0
8.984375,6.547363758087158,6.0,0.3648343086242676,3.968377113342285,5.078125,55.27104949951172,6.773980140686035,4.6875,0.5073240399360657,0.05480073392391205,3149.0,96265.0,105073304.0,30.570022583007812,0.12784168124198914,2.489461898803711,6.581357955932617,9.92078275885433e-06,0.0,0.11423677206039429,1064,1022,1024,934,904,827,763,654,637,681,700,824,919,1065,1102,1193,1167,1118,1151,1081,1040,986,937,872,891,826,809,800,813,841,794,923,944,984,1003,974,957,971,1005,1034,1068,1040,1040,941,956,910,823,846,967,1069,1113,1079,1007,1007,973,921,877,904,987,1100,1135,1096,1054,958,972,966,921,831,861,809,811,847,848,895,904,942,967,975,986,1008,1017,1112,1135,1051,1018,920,892,896,857,878,942,1006,1065,1112,1085,1081,988,958,908,924,938,1004,999,1161,1146,1083,1066,953,938,908,825,796,892,877,880,888,919,942,912,1003,1024,1022,1038,1065,1067,1129,1087,1068,968,907,920,896,904,872,858,936,1036,1064,1064,986,985,1018,968,983,983,987,984,983,988,975,986,923,920,889,904,855,872,843,876,878,888,847,872,892,937,952,905,894,940,1022,1038,1003,1017,941,910,921,909,877,888,890,973,1037,1064,1085,1035,1021,968,973,974,1020,1071,1177,1144,1086,1054,939,952,985,957,926,951,909,892,957,1020,1018,1001,1070,1086,1101,1103,1053,1082,1166,1144,1080,986,937,923,809,799,792,684,680,680,711,712,714,780,909,905,922,954,988,1051,1182,1176,1136,1095,1003,1000,923,941,908,957,985,984,942,955,1004,991,1040,1086,1133,1128,1150,0.0029296875,0.02734375,0.04769185721513586,0.0663200267435533,0.10580278411259583,0.14959267306413324,0.019652941208494246,0.13316388489097866,0.13755672325196033,0.09588232584869982,0.02627660946694084,0.07381934058189163,0.3144773864864183,0.18760423941631132,0.11739077422042293,0.08203706266608347,0.07567571783616943,0.12292280451218408,0.04523919852304871,0.02756951994822872,0.07485846834662813,0.030289184412638327,0.0185803687406645,0.14235722399524658,0.08093105216836195,0.06880435528831459,0.051711727714350494,0.029313146523053973,0.02638526579317636,0.08347181893108634,0.02681548870653512,0.017387200990981306,0.015776850020901866,0.06385852626668678,0.030508787796510367,0.02627660946694084,0.001953125,0.01933495104806966,0.010054326309557618,0.024492062898407135,0.015655487833868553,0.0065509804028314154,0.010918300671385692,0.005694288959809864,0.01875915303935405,0.008734640537108554,0.041581384484460485,0.05245331641404603,0.023640075072090243,0.005940197783494355,0.020967686087484266,0.019555648822754675,0.006905339660024878,0.019773883526676354,0.01019561182510796,0.010054326309557618,0.016716057391234072,0.02157297073669387,0.019773883526676354,0.008400708268596315,0.009959022487485907,0.01800692276815017,0.001953125,0.014517645261053229,0.025633603024231812,0.00834375365753665,0.0048828125,0.007042092334890604,0.004367320268554277,0.00966747552403483,0.006905339660024878,0.007109482313750506,0.010381001770248682,0.018425744398548053,0.01179984958358845,0.010786485368346935,0.013706707859002147,0.008843149548962322,0.007042092334890604,0.01800692276815017,0.0078125,0.016630260122975003,0.01953125,0.0021836601342771385,0.001953125,0.006176323555016366,0.005694288959809864,0.014906579611790769,0.003521046167445302,0.005940197783494355,0.010381001770248682,0.005258950006967289,0.015191747252054731,0.022032254243512652,0.013879560940968648,0.011759369705851851,0.02765586378614511,0.007873298582322802,0.008400708268596315,0.013101960805662831,0.004026470337517247,0.006905339660024878,0.0021836601342771385,0.005694288959809864,0.001953125,0.004979511243742954,0.0048828125,0.0068359375,0.0013810679320049757,0.008734640537108554,0.004026470337517247,0.0068359375,0.0107421875,0.009814331661250869,0.010918300671385692,0.016630260122975003,0.03102027377786834,0.014938533731228863,0.003521046167445302,0.0048828125,0.004026470337517247,0.004026470337517247,0.010918300671385692,0.009003461384075085,0.00390625,0.011388577919619728,0.010918300671385692,0.0048828125,0.00390625,1,1,1.0
8.984375,5.965040683746338,2.0,0.3394738733768463,5.21353006362915,5.078125,70.03893280029297,6.3596906661987305,4.6875,0.5542216300964355,0.052051790058612823,2841.0,103700.0,108390720.0,36.5012321472168,0.10630448162555695,2.809917449951172,7.563625335693359,9.896716801449656e-05,0.0,0.08261797577142715,1099,1211,1246,1175,1152,1072,1067,1016,1064,1022,1024,934,904,827,763,654,637,681,700,824,919,1065,1102,1193,1167,1118,1151,1081,1040,986,937,872,891,826,809,800,813,841,794,923,944,984,1003,974,957,971,1005,1034,1068,1040,1040,941,956,910,823,846,967,1069,1113,1079,1007,1007,973,921,877,904,987,1100,1135,1096,1054,958,972,966,921,831,861,809,811,847,848,895,904,942,967,975,986,1008,1017,1112,1135,1051,1018,920,892,896,857,878,942,1006,1065,1112,1085,1081,988,958,908,924,938,1004,999,1161,1146,1083,1066,953,938,908,825,796,892,877,880,888,919,942,912,1003,1024,1022,1038,1065,1067,1129,1087,1068,968,907,920,896,904,872,858,936,1036,1064,1064,986,985,1018,968,983,983,987,984,983,988,975,986,923,920,889,904,855,872,843,876,878,888,847,872,892,937,952,905,894,940,1022,1038,1003,1017,941,910,921,909,877,888,890,973,1037,1064,1085,1035,1021,968,973,974,1020,1071,1177,1144,1086,1054,939,952,985,957,926,951,909,892,957,1020,1018,1001,1070,1086,1101,1103,1053,1082,1166,1144,1080,986,937,923,809,799,792,684,680,680,711,712,714,780,909,905,922,954,988,1051,1182,1176,1136,1095,1003,1000,923,941,908,957,985,984,942,0.00341796875,0.003521046167445302,0.04271274946997859,0.05459150335692846,0.12745169528628347,0.17194434414341797,0.04236525774117942,0.14314221141224653,0.14793874369889393,0.09618025197066508,0.016630260122975003,0.051905008851243405,0.32536975660873124,0.18640836191699697,0.12356506709286433,0.06991123566052906,0.0677779402322681,0.10353404906795759,0.06856831906852327,0.003088161777508183,0.06961048198123725,0.04263453115809194,0.03102027377786834,0.16513149223877288,0.05875628498629423,0.06658552317863588,0.07279813305483548,0.04981426072209707,0.019749754312653012,0.06699247221149413,0.019918044974971814,0.029652786036501906,0.010918300671385692,0.051164792568084906,0.022881590847382775,0.037998196207702575,0.01680141653719263,0.01680141653719263,0.017686299097924643,0.03656571333368956,0.008286407592029853,0.015655487833868553,0.005258950006967289,0.01188039556698871,0.009814331661250869,0.011134525635733769,0.03917220921900699,0.05267104125063203,0.021683206358568866,0.007437278423695223,0.024492062898407135,0.0242573092741684,0.011048543456039806,0.0166015625,0.010918300671385692,0.007437278423695223,0.019749754312653012,0.019186408891004394,0.01727715430952552,0.007109482313750506,0.0065509804028314154,0.01886055460530075,0.0021836601342771385,0.011759369705851851,0.023212625632821705,0.0048828125,0.004026470337517247,0.004367320268554277,0.006253051013118016,0.009212872199274027,0.0087890625,0.005258950006967289,0.011388577919619728,0.015776850020901866,0.010918300671385692,0.009003461384075085,0.014517645261053229,0.008734640537108554,0.006905339660024878,0.01800692276815017,0.006905339660024878,0.01528562093993997,0.020132351687586234,0.003088161777508183,0.001953125,0.0065509804028314154,0.006176323555016366,0.015440808887540914,0.004026470337517247,0.009003461384075085,0.01171875,0.004367320268554277,0.010786485368346935,0.022032254243512652,0.013671875,0.007873298582322802,0.030414866215619993,0.003088161777508183,0.0048828125,0.009959022487485907,0.0027621358640099515,0.004979511243742954,0.006253051013118016,0.011048543456039806,0.003088161777508183,0.009212872199274027,0.006176323555016366,0.007109482313750506,0.003521046167445302,0.007042092334890604,0.007042092334890604,0.00390625,0.007873298582322802,0.008052940675034493,0.00966747552403483,0.016716057391234072,0.031035641761856844,0.016630260122975003,0.0013810679320049757,0.005258950006967289,0.003088161777508183,0.004979511243742954,0.010918300671385692,0.01019561182510796,0.0048828125,0.011430371006562134,0.010918300671385692,0.004979511243742954,0.0048828125,1,1,1.0
8.984375,5.834593296051025,4.0,0.31943371891975403,5.6171112060546875,5.078125,67.02452850341797,6.18512487411499,4.6875,0.5777168273925781,0.053648754954338074,3018.0,111008.0,127121344.0,36.78197479248047,0.10284945368766785,3.046657085418701,7.3752288818359375,0.00012681487714871764,0.0,0.07581855356693268,887,891,861,928,975,1017,1023,1052,1099,1211,1246,1175,1152,1072,1067,1016,1064,1022,1024,934,904,827,763,654,637,681,700,824,919,1065,1102,1193,1167,1118,1151,1081,1040,986,937,872,891,826,809,800,813,841,794,923,944,984,1003,974,957,971,1005,1034,1068,1040,1040,941,956,910,823,846,967,1069,1113,1079,1007,1007,973,921,877,904,987,1100,1135,1096,1054,958,972,966,921,831,861,809,811,847,848,895,904,942,967,975,986,1008,1017,1112,1135,1051,1018,920,892,896,857,878,942,1006,1065,1112,1085,1081,988,958,908,924,938,1004,999,1161,1146,1083,1066,953,938,908,825,796,892,877,880,888,919,942,912,1003,1024,1022,1038,1065,1067,1129,1087,1068,968,907,920,896,904,872,858,936,1036,1064,1064,986,985,1018,968,983,983,987,984,983,988,975,986,923,920,889,904,855,872,843,876,878,888,847,872,892,937,952,905,894,940,1022,1038,1003,1017,941,910,921,909,877,888,890,973,1037,1064,1085,1035,1021,968,973,974,1020,1071,1177,1144,1086,1054,939,952,985,957,926,951,909,892,957,1020,1018,1001,1070,1086,1101,1103,1053,1082,1166,1144,1080,986,937,923,809,799,792,684,680,680,711,712,714,780,909,905,922,954,988,1051,1182,1176,1136,1095,1003,0.00341796875,0.010054326309557618,0.03936649291161401,0.060712035321756064,0.1262185780920004,0.16847047613919303,0.044291173712689716,0.1374214641658157,0.14395604501203765,0.08908155806235321,0.015746597164645604,0.04848512338791566,0.3321030483033584,0.18661544687460102,0.12512963248870274,0.06354413470702125,0.06078268093591967,0.10499750043527822,0.075442218421203,0.010786485368346935,0.080078125,0.05027163154778809,0.035814689103305174,0.16154658049137727,0.0663200267435533,0.07324869762734053,0.061585410255576414,0.03954776705335271,0.020531050821902968,0.076171875,0.017387200990981306,0.021417687694786434,0.016370170521718956,0.05969824888897627,0.03057124187987994,0.04265689388250304,0.019918044974971814,0.01313830473347042,0.024472586105745445,0.04145504936873266,0.0078125,0.019628663322501738,0.008400708268596315,0.014084184669781208,0.007873298582322802,0.013671875,0.04236525774117942,0.050818796215850344,0.021417687694786434,0.006253051013118016,0.022714264354712906,0.022032254243512652,0.01019561182510796,0.01800692276815017,0.0087890625,0.00390625,0.022798081113142094,0.016164985700436375,0.014218964627501012,0.00390625,0.006905339660024878,0.022545696055889054,0.0021836601342771385,0.015746597164645604,0.025353037081537442,0.008400708268596315,0.005940197783494355,0.00834375365753665,0.006253051013118016,0.0065509804028314154,0.005859375,0.0021836601342771385,0.009003461384075085,0.014218964627501012,0.01171875,0.007042092334890604,0.017578125,0.013101960805662831,0.009212872199274027,0.01441877251975918,0.00390625,0.0126953125,0.024724587697601882,0.007873298582322802,0.0068359375,0.009003461384075085,0.009212872199274027,0.015746597164645604,0.007873298582322802,0.012506102026236032,0.015776850020901866,0.001953125,0.013601941676937616,0.02765586378614511,0.009765625,0.011759369705851851,0.025559086578715626,0.007873298582322802,0.009003461384075085,0.013706707859002147,0.004026470337517247,0.006176323555016366,0.005258950006967289,0.008734640537108554,0.0048828125,0.009264485332524549,0.006176323555016366,0.0041432037960149265,0.005524271728019903,0.0041432037960149265,0.009765625,0.0013810679320049757,0.004979511243742954,0.005524271728019903,0.008843149548962322,0.01680141653719263,0.032033631771204545,0.016630260122975003,0.0013810679320049757,0.005859375,0.001953125,0.004979511243742954,0.010054326309557618,0.009003461384075085,0.00390625,0.010918300671385692,0.011134525635733769,0.004026470337517247,0.00390625,1,1,1.0
8.984375,5.936001300811768,4.0,0.32473358511924744,5.322617053985596,5.078125,71.71448516845703,6.328006267547607,4.6875,0.5684646964073181,0.05397661402821541,3055.0,115650.0,133300344.0,37.85597229003906,0.10680172592401505,3.167018175125122,7.680093765258789,0.00012527611397672445,0.0,0.08122207224369049,968,940,925,857,888,830,829,874,887,891,861,928,975,1017,1023,1052,1099,1211,1246,1175,1152,1072,1067,1016,1064,1022,1024,934,904,827,763,654,637,681,700,824,919,1065,1102,1193,1167,1118,1151,1081,1040,986,937,872,891,826,809,800,813,841,794,923,944,984,1003,974,957,971,1005,1034,1068,1040,1040,941,956,910,823,846,967,1069,1113,1079,1007,1007,973,921,877,904,987,1100,1135,1096,1054,958,972,966,921,831,861,809,811,847,848,895,904,942,967,975,986,1008,1017,1112,1135,1051,1018,920,892,896,857,878,942,1006,1065,1112,1085,1081,988,958,908,924,938,1004,999,1161,1146,1083,1066,953,938,908,825,796,892,877,880,888,919,942,912,1003,1024,1022,1038,1065,1067,1129,1087,1068,968,907,920,896,904,872,858,936,1036,1064,1064,986,985,1018,968,983,983,987,984,983,988,975,986,923,920,889,904,855,872,843,876,878,888,847,872,892,937,952,905,894,940,1022,1038,1003,1017,941,910,921,909,877,888,890,973,1037,1064,1085,1035,1021,968,973,974,1020,1071,1177,1144,1086,1054,939,952,985,957,926,951,909,892,957,1020,1018,1001,1070,1086,1101,1103,1053,1082,1166,1144,1080,986,937,923,809,799,792,684,680,680,711,712,714,780,909,905,922,0.00244140625,0.049042498162069216,0.0386328914938525,0.10020597226433865,0.13695919147466712,0.16406540641026798,0.07605911124461232,0.12705824974445776,0.14618785091910907,0.09087804784478001,0.05160095630321448,0.0234375,0.33054585019635513,0.16022768985932564,0.10082741796203365,0.029765137996344084,0.03088161777508183,0.14018009591076325,0.05386164934819405,0.037998196207702575,0.08640784815712362,0.027413415718004295,0.0078125,0.144600516552352,0.07617813475881403,0.044804959949040865,0.0834261059928654,0.06395552472669118,0.03500673501745102,0.059833881570470274,0.027361183058831836,0.0436404354912194,0.01188039556698871,0.04254496271639056,0.013101960805662831,0.02681548870653512,0.007873298582322802,0.020132351687586234,0.013982247132105814,0.0283875817456028,0.007627196949127592,0.021683206358568866,0.0048828125,0.020600608505594715,0.007109482313750506,0.015625,0.03889122607761695,0.051267206048463625,0.01708286687942959,0.011759369705851851,0.026939676219011176,0.023940723969006372,0.010381001770248682,0.017387200990981306,0.009765625,0.005859375,0.020716018980074635,0.01800692276815017,0.016716057391234072,0.005694288959809864,0.007873298582322802,0.01953125,0.0021836601342771385,0.013028968812623373,0.025781989809461104,0.005694288959809864,0.007437278423695223,0.005258950006967289,0.008734640537108554,0.007437278423695223,0.011134525635733769,0.006176323555016366,0.013601941676937616,0.016105881350068987,0.008400708268596315,0.009003461384075085,0.01528562093993997,0.007873298582322802,0.0027621358640099515,0.019652941208494246,0.008734640537108554,0.014938533731228863,0.019773883526676354,0.004026470337517247,0.005694288959809864,0.0027621358640099515,0.004026470337517247,0.013601941676937616,0.0041432037960149265,0.007042092334890604,0.009212872199274027,0.006253051013118016,0.009765625,0.020132351687586234,0.013879560940968648,0.004367320268554277,0.03144773864864183,0.003088161777508183,0.0021836601342771385,0.01528562093993997,0.007109482313750506,0.010517900013934578,0.001953125,0.003088161777508183,0.005694288959809864,0.0029296875,0.0,0.0027621358640099515,0.005694288959809864,0.0009765625,0.011388577919619728,0.005694288959809864,0.0027621358640099515,0.0009765625,0.006253051013118016,0.017686299097924643,0.0322265625,0.02003738723504218,0.004026470337517247,0.009212872199274027,0.0021836601342771385,0.005859375,0.008400708268596315,0.00834375365753665,0.003521046167445302,0.011048543456039806,0.010918300671385692,0.0048828125,0.00390625,1,1,1.0
8.984375,5.923845291137695,3.0,0.27201980352401733,5.53256893157959,1.953125,76.42247009277344,6.066106796264648,4.6875,0.6165416240692139,0.053229376673698425,2971.0,114568.0,126417344.0,38.56209945678711,0.1114385798573494,4.059096336364746,7.946685791015625,6.57268610666506e-05,0.0,0.07163216173648834,1082,1015,973,911,876,872,890,939,968,940,925,857,888,830,829,874,887,891,861,928,975,1017,1023,1052,1099,1211,1246,1175,1152,1072,1067,1016,1064,1022,1024,934,904,827,763,654,637,681,700,824,919,1065,1102,1193,1167,1118,1151,1081,1040,986,937,872,891,826,809,800,813,841,794,923,944,984,1003,974,957,971,1005,1034,1068,1040,1040,941,956,910,823,846,967,1069,1113,1079,1007,1007,973,921,877,904,987,1100,1135,1096,1054,958,972,966,921,831,861,809,811,847,848,895,904,942,967,975,986,1008,1017,1112,1135,1051,1018,920,892,896,857,878,942,1006,1065,1112,1085,1081,988,958,908,924,938,1004,999,1161,1146,1083,1066,953,938,908,825,796,892,877,880,888,919,942,912,1003,1024,1022,1038,1065,1067,1129,1087,1068,968,907,920,896,904,872,858,936,1036,1064,1064,986,985,1018,968,983,983,987,984,983,988,975,986,923,920,889,904,855,872,843,876,878,888,847,872,892,937,952,905,894,940,1022,1038,1003,1017,941,910,921,909,877,888,890,973,1037,1064,1085,1035,1021,968,973,974,1020,1071,1177,1144,1086,1054,939,952,985,957,926,951,909,892,957,1020,1018,1001,1070,1086,1101,1103,1053,1082,1166,1144,1080,986,937,923,809,799,792,684,680,0.00048828125,0.018528970665049098,0.06501295694177046,0.06963787689846511,0.08629188294677548,0.11427450465677277,0.07504932053453457,0.08149471111337916,0.12123542619405074,0.08802615418613255,0.0955734932004636,0.04942023800343748,0.32150270727272484,0.11670636909318215,0.055937513639139395,0.053790778726251605,0.06561162903219073,0.1441877251975918,0.04026470337517247,0.02378085090212094,0.05709342180563854,0.048317644050206957,0.04226383790699688,0.15776245532309108,0.08273738117177787,0.06842212521720062,0.05709342180563854,0.05200596467068105,0.0591848440410225,0.07986944035387632,0.0386328914938525,0.06789743474909647,0.03485657870620068,0.027930370402490412,0.020320949264340638,0.006253051013118016,0.013810679320049757,0.020716018980074635,0.030649130520459405,0.041524007080994726,0.007873298582322802,0.026002982335340524,0.009814331661250869,0.012352647110032733,0.012732817197661424,0.005524271728019903,0.030289184412638327,0.05996125559769044,0.02157297073669387,0.019773883526676354,0.034678283016727936,0.023212625632821705,0.006905339660024878,0.02756951994822872,0.001953125,0.007873298582322802,0.03221176270013797,0.008843149548962322,0.020531050821902968,0.01171875,0.021836601342771385,0.009003461384075085,0.014906579611790769,0.006905339660024878,0.021945512748285382,0.007873298582322802,0.010054326309557618,0.007873298582322802,0.006176323555016366,0.0166875073150733,0.004026470337517247,0.007873298582322802,0.005524271728019903,0.006176323555016366,0.012732817197661424,0.0048828125,0.025334222209126653,0.014938533731228863,0.007042092334890604,0.028854075591199527,0.017387200990981306,0.023619895746968406,0.011134525635733769,0.005258950006967289,0.00390625,0.010054326309557618,0.011048543456039806,0.01878455474772592,0.008843149548962322,0.01242961138804478,0.01589728573837862,0.005694288959809864,0.01760523083722651,0.016253239235442616,0.02039122365021592,0.0065509804028314154,0.03819845159298427,0.0087890625,0.0078125,0.022798081113142094,0.015254393898255184,0.016630260122975003,0.006176323555016366,0.007873298582322802,0.009003461384075085,0.011134525635733769,0.008734640537108554,0.0078125,0.0027621358640099515,0.008843149548962322,0.004026470337517247,0.01188039556698871,0.010918300671385692,0.007873298582322802,0.0048828125,0.019384212149686726,0.03496584724603156,0.02157297073669387,0.010563138502335907,0.0078125,0.009212872199274027,0.0,0.013671875,0.010381001770248682,0.0078125,0.01188039556698871,0.015655487833868553,0.0021836601342771385,0.0009765625,1,1,1.0
10.546875,7.265111446380615,2.0,0.2813097834587097,3.441067934036255,8.984375,91.20886993408203,7.403659820556641,4.6875,0.5568619966506958,0.050186190754175186,2641.0,108385.0,103694888.0,41.03937911987305,0.16182823479175568,4.153000354766846,8.92973518371582,2.9571713184850523e-06,0.0,0.12366189807653427,1132,1150,1165,1144,1167,1183,1151,1131,1082,1015,973,911,876,872,890,939,968,940,925,857,888,830,829,874,887,891,861,928,975,1017,1023,1052,1099,1211,1246,1175,1152,1072,1067,1016,1064,1022,1024,934,904,827,763,654,637,681,700,824,919,1065,1102,1193,1167,1118,1151,1081,1040,986,937,872,891,826,809,800,813,841,794,923,944,984,1003,974,957,971,1005,1034,1068,1040,1040,941,956,910,823,846,967,1069,1113,1079,1007,1007,973,921,877,904,987,1100,1135,1096,1054,958,972,966,921,831,861,809,811,847,848,895,904,942,967,975,986,1008,1017,1112,1135,1051,1018,920,892,896,857,878,942,1006,1065,1112,1085,1081,988,958,908,924,938,1004,999,1161,1146,1083,1066,953,938,908,825,796,892,877,880,888,919,942,912,1003,1024,1022,1038,1065,1067,1129,1087,1068,968,907,920,896,904,872,858,936,1036,1064,1064,986,985,1018,968,983,983,987,984,983,988,975,986,923,920,889,904,855,872,843,876,878,888,847,872,892,937,952,905,894,940,1022,1038,1003,1017,941,910,921,909,877,888,890,973,1037,1064,1085,1035,1021,968,973,974,1020,1071,1177,1144,1086,1054,939,952,985,957,926,951,909,892,957,1020,1018,1001,1070,1086,1101,1103,1053,1082,1166,1144,1080,0.00146484375,0.07376764635945804,0.12701320693663365,0.09306082133360502,0.03813598474563796,0.060712035321756064,0.13336426058347328,0.08907620508587015,0.1629923477716942,0.147179341019219,0.13905646493224658,0.06734742050611979,0.26602143268715356,0.10547327102578599,0.06982934039345608,0.0863857715476276,0.08505068894454298,0.09683246293937922,0.08114875941618058,0.02231183527108567,0.09961416195605438,0.05334570423338931,0.029700988917471777,0.13003324817093054,0.08776575330738796,0.0385216463346016,0.08438087725479668,0.06332614389403701,0.035814689103305174,0.06384359034641075,0.023840928936979887,0.04688517142249142,0.020132351687586234,0.033332125323976586,0.007109482313750506,0.020531050821902968,0.009618025197066508,0.022140203220223895,0.018657200365764452,0.031158312760827766,0.004979511243742954,0.021945512748285382,0.003088161777508183,0.018961413905222265,0.01019561182510796,0.016630260122975003,0.03837281778200879,0.049071658306254345,0.010054326309557618,0.016858082521125067,0.02286074201312427,0.0146484375,0.009814331661250869,0.02003738723504218,0.013810679320049757,0.007042092334890604,0.02376079113397742,0.022032254243512652,0.022140203220223895,0.010381001770248682,0.009003461384075085,0.017953883116064683,0.004026470337517247,0.011134525635733769,0.024954945974962183,0.0021836601342771385,0.006176323555016366,0.0009765625,0.006176323555016366,0.012236293052872722,0.005694288959809864,0.004026470337517247,0.006905339660024878,0.01019561182510796,0.009212872199274027,0.005694288959809864,0.019457869965987574,0.009765625,0.0009765625,0.023518739411703703,0.011134525635733769,0.017469281074217108,0.019457869965987574,0.0048828125,0.006905339660024878,0.0048828125,0.0021836601342771385,0.009003461384075085,0.007873298582322802,0.0,0.003088161777508183,0.01188039556698871,0.004979511243742954,0.025012204052472065,0.008734640537108554,0.008052940675034493,0.027151247606362977,0.004367320268554277,0.0048828125,0.011759369705851851,0.007627196949127592,0.011920464468489943,0.0041432037960149265,0.0021836601342771385,0.007437278423695223,0.003521046167445302,0.0029296875,0.0013810679320049757,0.005258950006967289,0.0029296875,0.006905339660024878,0.007042092334890604,0.005694288959809864,0.003088161777508183,0.004979511243742954,0.017469281074217108,0.0322265625,0.01886055460530075,0.0027621358640099515,0.008286407592029853,0.0009765625,0.007873298582322802,0.004979511243742954,0.009618025197066508,0.0021836601342771385,0.01171875,0.006176323555016366,0.009264485332524549,0.0078125,1,1,1.0
8.984375,6.126743793487549,4.0,0.2624697983264923,5.069955348968506,3.125,51.711585998535156,6.180826663970947,4.6875,0.6160251498222351,0.05085631459951401,2712.0,74205.0,63817904.0,27.361724853515625,0.12150504440069199,2.663782835006714,6.222235679626465,2.592322744021658e-05,0.0,0.08116425573825836,941,924,938,896,938,1037,985,1040,1132,1150,1165,1144,1167,1183,1151,1131,1082,1015,973,911,876,872,890,939,968,940,925,857,888,830,829,874,887,891,861,928,975,1017,1023,1052,1099,1211,1246,1175,1152,1072,1067,1016,1064,1022,1024,934,904,827,763,654,637,681,700,824,919,1065,1102,1193,1167,1118,1151,1081,1040,986,937,872,891,826,809,800,813,841,794,923,944,984,1003,974,957,971,1005,1034,1068,1040,1040,941,956,910,823,846,967,1069,1113,1079,1007,1007,973,921,877,904,987,1100,1135,1096,1054,958,972,966,921,831,861,809,811,847,848,895,904,942,967,975,986,1008,1017,1112,1135,1051,1018,920,892,896,857,878,942,1006,1065,1112,1085,1081,988,958,908,924,938,1004,999,1161,1146,1083,1066,953,938,908,825,796,892,877,880,888,919,942,912,1003,1024,1022,1038,1065,1067,1129,1087,1068,968,907,920,896,904,872,858,936,1036,1064,1064,986,985,1018,968,983,983,987,984,983,988,975,986,923,920,889,904,855,872,843,876,878,888,847,872,892,937,952,905,894,940,1022,1038,1003,1017,941,910,921,909,877,888,890,973,1037,1064,1085,1035,1021,968,973,974,1020,1071,1177,1144,1086,1054,939,952,985,957,926,951,909,892,957,1020,1018,1001,1070,0.00341796875,0.037160737481329,0.09229936439898723,0.05859375,0.03756910949545184,0.05879684852925925,0.12059657260965302,0.061670521108777125,0.1519833728329378,0.1591077770852321,0.16915686267323926,0.09703415133796403,0.24033955078265865,0.10346494189656782,0.08965779839472014,0.103956901423213,0.09219081032192146,0.08785263936089673,0.0896365222201456,0.03768316676088816,0.10070438262888097,0.0386328914938525,0.013982247132105814,0.14405538214520136,0.0770432926692032,0.0492656181860525,0.07462880146305781,0.0592170622492013,0.04372776011179318,0.06352912487222888,0.028721564784868637,0.048238629043861204,0.01800692276815017,0.03455430861905104,0.006253051013118016,0.021417687694786434,0.01179984958358845,0.023457836229422487,0.022714264354712906,0.03539954875076535,0.0013810679320049757,0.018347943582085875,0.0027621358640099515,0.01727715430952552,0.01708286687942959,0.021035800027869155,0.04005097002814429,0.04324529262789947,0.006176323555016366,0.0170549308560283,0.015655487833868553,0.01953125,0.014906579611790769,0.014218964627501012,0.014680953494504793,0.0078125,0.0205078125,0.019918044974971814,0.01824369305885684,0.0068359375,0.011134525635733769,0.01528562093993997,0.005258950006967289,0.009212872199274027,0.023840928936979887,0.0013810679320049757,0.006176323555016366,0.0013810679320049757,0.005524271728019903,0.013282686043686957,0.003088161777508183,0.0041432037960149265,0.007437278423695223,0.008286407592029853,0.006253051013118016,0.008843149548962322,0.018165112536853784,0.004979511243742954,0.0041432037960149265,0.02161713244255728,0.0078125,0.013566839833447074,0.0234375,0.008052940675034493,0.009212872199274027,0.0021836601342771385,0.0009765625,0.012732817197661424,0.005859375,0.003088161777508183,0.005258950006967289,0.00966747552403483,0.006253051013118016,0.023940723969006372,0.009765625,0.007042092334890604,0.0285216442705278,0.0029296875,0.003088161777508183,0.013982247132105814,0.00834375365753665,0.011759369705851851,0.0009765625,0.00390625,0.00390625,0.005258950006967289,0.0021836601342771385,0.004026470337517247,0.007109482313750506,0.0021836601342771385,0.013028968812623373,0.004979511243742954,0.001953125,0.004367320268554277,0.006176323555016366,0.012732817197661424,0.0283203125,0.023047702580480365,0.006253051013118016,0.009959022487485907,0.004979511243742954,0.006176323555016366,0.007042092334890604,0.009264485332524549,0.0013810679320049757,0.011134525635733769,0.007627196949127592,0.007437278423695223,0.0068359375,1,1,1.0
8.984375,6.051013469696045,5.0,0.30485284328460693,4.691252708435059,3.90625,35.613990783691406,6.480113506317139,4.6875,0.5730040669441223,0.04964166134595871,2584.0,60569.0,52591072.0,23.44001579284668,0.12214308232069016,2.018697500228882,5.132562637329102,0.00014813650341238827,0.0,0.08307965844869614,936,937,910,845,841,952,957,960,941,924,938,896,938,1037,985,1040,1132,1150,1165,1144,1167,1183,1151,1131,1082,1015,973,911,876,872,890,939,968,940,925,857,888,830,829,874,887,891,861,928,975,1017,1023,1052,1099,1211,1246,1175,1152,1072,1067,1016,1064,1022,1024,934,904,827,763,654,637,681,700,824,919,1065,1102,1193,1167,1118,1151,1081,1040,986,937,872,891,826,809,800,813,841,794,923,944,984,1003,974,957,971,1005,1034,1068,1040,1040,941,956,910,823,846,967,1069,1113,1079,1007,1007,973,921,877,904,987,1100,1135,1096,1054,958,972,966,921,831,861,809,811,847,848,895,904,942,967,975,986,1008,1017,1112,1135,1051,1018,920,892,896,857,878,942,1006,1065,1112,1085,1081,988,958,908,924,938,1004,999,1161,1146,1083,1066,953,938,908,825,796,892,877,880,888,919,942,912,1003,1024,1022,1038,1065,1067,1129,1087,1068,968,907,920,896,904,872,858,936,1036,1064,1064,986,985,1018,968,983,983,987,984,983,988,975,986,923,920,889,904,855,872,843,876,878,888,847,872,892,937,952,905,894,940,1022,1038,1003,1017,941,910,921,909,877,888,890,973,1037,1064,1085,1035,1021,968,973,974,1020,1071,1177,1144,1086,1054,939,952,985,957,926,0.0009765625,0.025633603024231812,0.08343753657536651,0.04609540516096073,0.03829818662329605,0.0544515697634791,0.12811219686412204,0.06609676273053795,0.16219759459493477,0.1700705393132072,0.17176676723586595,0.0947718561172781,0.23865317413437867,0.11376848343133358,0.09003461384075086,0.09332688536396294,0.08396734020553114,0.09513342873404339,0.08212420328761187,0.027500249688142037,0.09886459461732322,0.04841623146968961,0.023619895746968406,0.1348540527368413,0.08164085862705807,0.04421574774481161,0.08036343988844134,0.056277459118062145,0.035814689103305174,0.07247646607531044,0.026294750034836445,0.055937513639139395,0.025409398107925172,0.0333750146301466,0.014874556847390447,0.019628663322501738,0.004367320268554277,0.019918044974971814,0.0146484375,0.027010384152225255,0.009003461384075085,0.0263671875,0.005258950006967289,0.013810679320049757,0.014517645261053229,0.013671875,0.03274034104343791,0.05027163154778809,0.0021836601342771385,0.02510734400816883,0.012732817197661424,0.020692988379313566,0.022651198251451565,0.009003461384075085,0.020132351687586234,0.01313830473347042,0.018528970665049098,0.013810679320049757,0.0166015625,0.009814331661250869,0.01760523083722651,0.010918300671385692,0.0078125,0.010918300671385692,0.024119314521930602,0.0065509804028314154,0.009765625,0.005258950006967289,0.010786485368346935,0.018961413905222265,0.005258950006967289,0.00834375365753665,0.00966747552403483,0.0048828125,0.004026470337517247,0.013282686043686957,0.013706707859002147,0.003521046167445302,0.006176323555016366,0.018347943582085875,0.005694288959809864,0.012732817197661424,0.02039122365021592,0.0048828125,0.006176323555016366,0.003521046167445302,0.0009765625,0.01019561182510796,0.0078125,0.001953125,0.004026470337517247,0.010517900013934578,0.005258950006967289,0.025781989809461104,0.009003461384075085,0.007437278423695223,0.031143005310746045,0.0013810679320049757,0.0009765625,0.015776850020901866,0.008843149548962322,0.010563138502335907,0.0009765625,0.004979511243742954,0.003088161777508183,0.003088161777508183,0.0,0.004026470337517247,0.007627196949127592,0.0013810679320049757,0.011134525635733769,0.004979511243742954,0.003088161777508183,0.003521046167445302,0.005258950006967289,0.015440808887540914,0.0302734375,0.022545696055889054,0.004026470337517247,0.011134525635733769,0.004979511243742954,0.007873298582322802,0.005258950006967289,0.007109482313750506,0.0013810679320049757,0.01284467425582608,0.009212872199274027,0.005524271728019903,0.0048828125,1,1,1.0
9.375,6.1016998291015625,5.0,0.290947288274765,4.568427562713623,3.90625,32.52815246582031,6.490675926208496,4.6875,0.5817182660102844,0.049928996711969376,2614.0,59722.0,54590592.0,22.84697723388672,0.12733446061611176,1.9304392337799072,4.94560432434082,1.1954322872043122e-05,0.0,0.08263888210058212,1016,909,874,830,912,985,858,909,936,937,910,845,841,952,957,960,941,924,938,896,938,1037,985,1040,1132,1150,1165,1144,1167,1183,1151,1131,1082,1015,973,911,876,872,890,939,968,940,925,857,888,830,829,874,887,891,861,928,975,1017,1023,1052,1099,1211,1246,1175,1152,1072,1067,1016,1064,1022,1024,934,904,827,763,654,637,681,700,824,919,1065,1102,1193,1167,1118,1151,1081,1040,986,937,872,891,826,809,800,813,841,794,923,944,984,1003,974,957,971,1005,1034,1068,1040,1040,941,956,910,823,846,967,1069,1113,1079,1007,1007,973,921,877,904,987,1100,1135,1096,1054,958,972,966,921,831,861,809,811,847,848,895,904,942,967,975,986,1008,1017,1112,1135,1051,1018,920,892,896,857,878,942,1006,1065,1112,1085,1081,988,958,908,924,938,1004,999,1161,1146,1083,1066,953,938,908,825,796,892,877,880,888,919,942,912,1003,1024,1022,1038,1065,1067,1129,1087,1068,968,907,920,896,904,872,858,936,1036,1064,1064,986,985,1018,968,983,983,987,984,983,988,975,986,923,920,889,904,855,872,843,876,878,888,847,872,892,937,952,905,894,940,1022,1038,1003,1017,941,910,921,909,877,888,890,973,1037,1064,1085,1035,1021,968,973,974,1020,1071,1177,0.00244140625,0.012236293052872722,0.08027438792016436,0.04107371258752557,0.0244140625,0.026203921611325662,0.14897940248813812,0.0880965469636243,0.16403052608819352,0.1474609375,0.15421650398883727,0.09600657408774883,0.2432914920873114,0.09940331781326596,0.1015108417301794,0.11087317952722635,0.08358028695617035,0.10655724476136201,0.0676088825416835,0.019236050394133015,0.08493848482056458,0.05840627560275656,0.03889122607761695,0.12016084699431269,0.08631950784198222,0.046915672458844974,0.07796003090338684,0.04416179318201177,0.045658866123285,0.07381934058189163,0.03516981075267404,0.052959948683422846,0.016630260122975003,0.03363120187055188,0.007437278423695223,0.014680953494504793,0.007109482313750506,0.012236293052872722,0.017387200990981306,0.025633603024231812,0.013879560940968648,0.029264304812054096,0.0126953125,0.016016815885602272,0.016164985700436375,0.01188039556698871,0.028168369339562415,0.05137869702330432,0.005258950006967289,0.02681548870653512,0.01019561182510796,0.022881590847382775,0.023294649300540163,0.007109482313750506,0.01878455474772592,0.012732817197661424,0.01886055460530075,0.01171875,0.018425744398548053,0.01179984958358845,0.0185546875,0.013810679320049757,0.007627196949127592,0.015746597164645604,0.029749113694780893,0.007109482313750506,0.012236293052872722,0.006176323555016366,0.005859375,0.0126953125,0.003521046167445302,0.0021836601342771385,0.006905339660024878,0.008400708268596315,0.011134525635733769,0.011430371006562134,0.021126277004671814,0.004367320268554277,0.011759369705851851,0.015746597164645604,0.0013810679320049757,0.008843149548962322,0.021945512748285382,0.0048828125,0.0013810679320049757,0.007873298582322802,0.006253051013118016,0.006905339660024878,0.009959022487485907,0.003521046167445302,0.006176323555016366,0.009814331661250869,0.006905339660024878,0.0244140625,0.006905339660024878,0.010054326309557618,0.029035290522106457,0.0021836601342771385,0.003521046167445302,0.021683206358568866,0.010517900013934578,0.007109482313750506,0.007109482313750506,0.009003461384075085,0.009212872199274027,0.005694288959809864,0.006905339660024878,0.005694288959809864,0.0013810679320049757,0.007873298582322802,0.016253239235442616,0.009212872199274027,0.006176323555016366,0.009814331661250869,0.007042092334890604,0.011759369705851851,0.03250647847088523,0.01933495104806966,0.00390625,0.009003461384075085,0.004979511243742954,0.01313830473347042,0.0041432037960149265,0.0027621358640099515,0.0041432037960149265,0.011920464468489943,0.009765625,0.006253051013118016,0.0068359375,1,1,1.0
9.375,6.399755954742432,5.0,0.2935464084148407,4.396856784820557,3.125,37.8931770324707,6.618332862854004,4.6875,0.5755526423454285,0.04947809502482414,2567.0,62066.0,53007512.0,24.17841911315918,0.13090093433856964,2.1999077796936035,5.273863792419434,7.608219311805442e-05,0.0,0.10018540173768997,1098,1053,1021,999,1050,1006,938,967,1016,909,874,830,912,985,858,909,936,937,910,845,841,952,957,960,941,924,938,896,938,1037,985,1040,1132,1150,1165,1144,1167,1183,1151,1131,1082,1015,973,911,876,872,890,939,968,940,925,857,888,830,829,874,887,891,861,928,975,1017,1023,1052,1099,1211,1246,1175,1152,1072,1067,1016,1064,1022,1024,934,904,827,763,654,637,681,700,824,919,1065,1102,1193,1167,1118,1151,1081,1040,986,937,872,891,826,809,800,813,841,794,923,944,984,1003,974,957,971,1005,1034,1068,1040,1040,941,956,910,823,846,967,1069,1113,1079,1007,1007,973,921,877,904,987,1100,1135,1096,1054,958,972,966,921,831,861,809,811,847,848,895,904,942,967,975,986,1008,1017,1112,1135,1051,1018,920,892,896,857,878,942,1006,1065,1112,1085,1081,988,958,908,924,938,1004,999,1161,1146,1083,1066,953,938,908,825,796,892,877,880,888,919,942,912,1003,1024,1022,1038,1065,1067,1129,1087,1068,968,907,920,896,904,872,858,936,1036,1064,1064,986,985,1018,968,983,983,987,984,983,988,975,986,923,920,889,904,855,872,843,876,878,888,847,872,892,937,952,905,894,940,1022,1038,1003,1017,941,910,921,909,877,888,890,973,1037,1064,1085,0.0009765625,0.01019561182510796,0.07655278358307036,0.036604814089826784,0.029749113694780893,0.026565372087373914,0.15293417737661938,0.09254185734751667,0.1701602360142056,0.145153459043742,0.14704320488061493,0.09407495764681481,0.24614993468257976,0.09512340360848376,0.10699934657957978,0.11614116208842583,0.08145374281908893,0.11469101903022488,0.05850416328418031,0.01188039556698871,0.08793943956916192,0.0670707220066124,0.04280196679845923,0.1219804356631436,0.07817991234228686,0.053932426841734674,0.06895665407777238,0.04673236763283359,0.046925835065367044,0.06649953236809851,0.029313146523053973,0.047881447938012744,0.022032254243512652,0.029556144434417102,0.01242961138804478,0.014084184669781208,0.0027621358640099515,0.013982247132105814,0.0126953125,0.023212625632821705,0.013982247132105814,0.030162978928672854,0.011430371006562134,0.011759369705851851,0.01708286687942959,0.015254393898255184,0.033332125323976586,0.04695630968816917,0.0013810679320049757,0.02298555135925746,0.015191747252054731,0.017578125,0.024433585943743757,0.011134525635733769,0.025465634395322848,0.020692988379313566,0.022140203220223895,0.004979511243742954,0.0244140625,0.019384212149686726,0.020531050821902968,0.02003738723504218,0.0048828125,0.01878455474772592,0.03144773864864183,0.005694288959809864,0.00834375365753665,0.004026470337517247,0.003521046167445302,0.011134525635733769,0.007042092334890604,0.007627196949127592,0.0041432037960149265,0.003521046167445302,0.009959022487485907,0.013282686043686957,0.0170549308560283,0.0013810679320049757,0.010381001770248682,0.014084184669781208,0.003088161777508183,0.011759369705851851,0.01953125,0.004026470337517247,0.00390625,0.0048828125,0.0009765625,0.011388577919619728,0.005940197783494355,0.001953125,0.003521046167445302,0.014084184669781208,0.0013810679320049757,0.029313146523053973,0.0065509804028314154,0.01188039556698871,0.03455430861905104,0.0041432037960149265,0.004979511243742954,0.0170549308560283,0.005940197783494355,0.007873298582322802,0.0029296875,0.005258950006967289,0.0048828125,0.001953125,0.0021836601342771385,0.0009765625,0.0027621358640099515,0.005258950006967289,0.012732817197661424,0.009003461384075085,0.00390625,0.008734640537108554,0.007873298582322802,0.010563138502335907,0.030835260554388563,0.022032254243512652,0.004979511243742954,0.007109482313750506,0.00390625,0.012732817197661424,0.003521046167445302,0.004367320268554277,0.00390625,0.01179984958358845,0.01019561182510796,0.005694288959809864,0.005859375,1,1,1.0
9.375,6.3244829177856445,5.0,0.30170154571533203,4.707489013671875,3.125,38.49446487426758,6.5767645835876465,4.6875,0.5759506821632385,0.049670469015836716,2587.0,63533.0,55196000.0,24.558561325073242,0.12234774976968765,2.092585802078247,5.329788684844971,1.2076273378625046e-05,0.0,0.08297882974147797,892,906,846,872,955,1037,1016,1143,1098,1053,1021,999,1050,1006,938,967,1016,909,874,830,912,985,858,909,936,937,910,845,841,952,957,960,941,924,938,896,938,1037,985,1040,1132,1150,1165,1144,1167,1183,1151,1131,1082,1015,973,911,876,872,890,939,968,940,925,857,888,830,829,874,887,891,861,928,975,1017,1023,1052,1099,1211,1246,1175,1152,1072,1067,1016,1064,1022,1024,934,904,827,763,654,637,681,700,824,919,1065,1102,1193,1167,1118,1151,1081,1040,986,937,872,891,826,809,800,813,841,794,923,944,984,1003,974,957,971,1005,1034,1068,1040,1040,941,956,910,823,846,967,1069,1113,1079,1007,1007,973,921,877,904,987,1100,1135,1096,1054,958,972,966,921,831,861,809,811,847,848,895,904,942,967,975,986,1008,1017,1112,1135,1051,1018,920,892,896,857,878,942,1006,1065,1112,1085,1081,988,958,908,924,938,1004,999,1161,1146,1083,1066,953,938,908,825,796,892,877,880,888,919,942,912,1003,1024,1022,1038,1065,1067,1129,1087,1068,968,907,920,896,904,872,858,936,1036,1064,1064,986,985,1018,968,983,983,987,984,983,988,975,986,923,920,889,904,855,872,843,876,878,888,847,872,892,937,952,905,894,940,1022,1038,1003,1017,941,910,921,0.0029296875,0.012506102026236032,0.07912567148029159,0.04033569614856129,0.025947910655442233,0.0283203125,0.1494683061258567,0.08938081308947216,0.16836855126529948,0.14893138437205425,0.14809337680799411,0.09128639644962339,0.2493774291567935,0.09240779095455946,0.10576221469470515,0.11824070990363524,0.08379111120747124,0.11575458585087596,0.058013073204215414,0.012079411012551739,0.08625319322949822,0.06927401504284453,0.0441185820237364,0.1218865804794628,0.07817991234228686,0.054731079176570524,0.06880435528831459,0.04676296833520656,0.048238629043861204,0.0655461882599603,0.029296875,0.048238629043861204,0.023212625632821705,0.02847144479904932,0.013601941676937616,0.014680953494504793,0.0013810679320049757,0.015776850020901866,0.013706707859002147,0.024119314521930602,0.013566839833447074,0.029700988917471777,0.01188039556698871,0.012732817197661424,0.01824369305885684,0.014938533731228863,0.03294360897154883,0.04716908076458329,0.001953125,0.02231183527108567,0.015776850020901866,0.01760523083722651,0.023518739411703703,0.009765625,0.025947910655442233,0.017686299097924643,0.021683206358568866,0.006905339660024878,0.02231183527108567,0.01760523083722651,0.02132844694125152,0.01886055460530075,0.007873298582322802,0.020132351687586234,0.0341796875,0.00834375365753665,0.009618025197066508,0.0068359375,0.0048828125,0.0107421875,0.009264485332524549,0.010517900013934578,0.0065509804028314154,0.003088161777508183,0.005859375,0.010563138502335907,0.017953883116064683,0.0029296875,0.010381001770248682,0.015746597164645604,0.001953125,0.011388577919619728,0.019236050394133015,0.0021836601342771385,0.004979511243742954,0.0068359375,0.003088161777508183,0.012506102026236032,0.004367320268554277,0.00390625,0.003521046167445302,0.015625,0.0013810679320049757,0.030336376107439583,0.0087890625,0.010517900013934578,0.03389952140177692,0.003088161777508183,0.004026470337517247,0.01886055460530075,0.005694288959809864,0.007627196949127592,0.003521046167445302,0.00390625,0.005258950006967289,0.003088161777508183,0.0009765625,0.0021836601342771385,0.005258950006967289,0.004367320268554277,0.011430371006562134,0.010381001770248682,0.0048828125,0.010381001770248682,0.010517900013934578,0.009814331661250869,0.0328276099882258,0.01878455474772592,0.004367320268554277,0.009959022487485907,0.0065509804028314154,0.011388577919619728,0.005694288959809864,0.0065509804028314154,0.0,0.013706707859002147,0.009264485332524549,0.005258950006967289,0.0029296875,1,1,1.0
9.375,6.40753173828125,5.0,0.3013860285282135,4.663982391357422,3.125,40.33816909790039,6.621011257171631,4.6875,0.5752707123756409,0.049823831766843796,2603.0,65210.0,56581256.0,25.051862716674805,0.12334324419498444,2.1937763690948486,5.461647033691406,0.00010802473843796179,0.0,0.08842834085226059,892,896,957,878,903,892,862,890,892,906,846,872,955,1037,1016,1143,1098,1053,1021,999,1050,1006,938,967,1016,909,874,830,912,985,858,909,936,937,910,845,841,952,957,960,941,924,938,896,938,1037,985,1040,1132,1150,1165,1144,1167,1183,1151,1131,1082,1015,973,911,876,872,890,939,968,940,925,857,888,830,829,874,887,891,861,928,975,1017,1023,1052,1099,1211,1246,1175,1152,1072,1067,1016,1064,1022,1024,934,904,827,763,654,637,681,700,824,919,1065,1102,1193,1167,1118,1151,1081,1040,986,937,872,891,826,809,800,813,841,794,923,944,984,1003,974,957,971,1005,1034,1068,1040,1040,941,956,910,823,846,967,1069,1113,1079,1007,1007,973,921,877,904,987,1100,1135,1096,1054,958,972,966,921,831,861,809,811,847,848,895,904,942,967,975,986,1008,1017,1112,1135,1051,1018,920,892,896,857,878,942,1006,1065,1112,1085,1081,988,958,908,924,938,1004,999,1161,1146,1083,1066,953,938,908,825,796,892,877,880,888,919,942,912,1003,1024,1022,1038,1065,1067,1129,1087,1068,968,907,920,896,904,872,858,936,1036,1064,1064,986,985,1018,968,983,983,987,984,983,988,975,986,923,920,889,904,855,872,843,876,878,888,847,872,892,937,952,905,894,0.001953125,0.028738162049926096,0.09697024677583133,0.058601887455771474,0.01760523083722651,0.0453970285123807,0.13797552936699162,0.08585978375130182,0.1844281653353015,0.15460560489971328,0.13241697769336572,0.09295828624150206,0.2479026555394983,0.09905733209361085,0.11751256997258847,0.10635119835985923,0.07320962817965357,0.10726195482614048,0.07031928135701052,0.022269051271467537,0.07833224464904483,0.0661328240364727,0.052344114387724204,0.11105366387366797,0.07827743916934277,0.0643198195315434,0.05912035495181762,0.05381736614630803,0.045522898518776035,0.0643198195315434,0.0235996991671769,0.05476591755003888,0.021506558149946522,0.03389952140177692,0.007873298582322802,0.012352647110032733,0.004979511243742954,0.011048543456039806,0.010918300671385692,0.021506558149946522,0.012079411012551739,0.0283875817456028,0.009212872199274027,0.014517645261053229,0.0170549308560283,0.014517645261053229,0.03356023491687418,0.04501730692037543,0.0029296875,0.022269051271467537,0.017578125,0.017304731588544287,0.025390625,0.007873298582322802,0.02417855156863271,0.017578125,0.01953125,0.007873298582322802,0.021506558149946522,0.019773883526676354,0.02231183527108567,0.022032254243512652,0.007873298582322802,0.019628663322501738,0.032033631771204545,0.005859375,0.008734640537108554,0.006253051013118016,0.0029296875,0.009212872199274027,0.010918300671385692,0.01179984958358845,0.0068359375,0.0029296875,0.0048828125,0.01019561182510796,0.01878455474772592,0.0065509804028314154,0.012236293052872722,0.01516032685181643,0.004979511243742954,0.013879560940968648,0.0146484375,0.001953125,0.007437278423695223,0.0048828125,0.0021836601342771385,0.01179984958358845,0.007437278423695223,0.0009765625,0.003521046167445302,0.011388577919619728,0.0027621358640099515,0.029313146523053973,0.005859375,0.0146484375,0.03798564519292329,0.007437278423695223,0.006905339660024878,0.0146484375,0.007109482313750506,0.009959022487485907,0.0029296875,0.0068359375,0.006253051013118016,0.003521046167445302,0.003521046167445302,0.003088161777508183,0.0048828125,0.003088161777508183,0.009264485332524549,0.009765625,0.0041432037960149265,0.01179984958358845,0.011048543456039806,0.008400708268596315,0.033673710253059895,0.018347943582085875,0.004026470337517247,0.01171875,0.0065509804028314154,0.010918300671385692,0.006905339660024878,0.007437278423695223,0.0009765625,0.01441877251975918,0.009003461384075085,0.004367320268554277,0.0029296875,1,1,1.0
9.375,6.4983086585998535,5.0,0.29143601655960083,4.9053874015808105,3.125,40.127647399902344,6.511249542236328,4.6875,0.5885779857635498,0.04994809255003929,2616.0,64441.0,56278464.0,24.63340950012207,0.11998602747917175,1.806790828704834,5.500524520874023,4.777345748152584e-05,0.0,0.09510912001132965,1082,1065,1034,1003,1000,908,918,910,892,896,957,878,903,892,862,890,892,906,846,872,955,1037,1016,1143,1098,1053,1021,999,1050,1006,938,967,1016,909,874,830,912,985,858,909,936,937,910,845,841,952,957,960,941,924,938,896,938,1037,985,1040,1132,1150,1165,1144,1167,1183,1151,1131,1082,1015,973,911,876,872,890,939,968,940,925,857,888,830,829,874,887,891,861,928,975,1017,1023,1052,1099,1211,1246,1175,1152,1072,1067,1016,1064,1022,1024,934,904,827,763,654,637,681,700,824,919,1065,1102,1193,1167,1118,1151,1081,1040,986,937,872,891,826,809,800,813,841,794,923,944,984,1003,974,957,971,1005,1034,1068,1040,1040,941,956,910,823,846,967,1069,1113,1079,1007,1007,973,921,877,904,987,1100,1135,1096,1054,958,972,966,921,831,861,809,811,847,848,895,904,942,967,975,986,1008,1017,1112,1135,1051,1018,920,892,896,857,878,942,1006,1065,1112,1085,1081,988,958,908,924,938,1004,999,1161,1146,1083,1066,953,938,908,825,796,892,877,880,888,919,942,912,1003,1024,1022,1038,1065,1067,1129,1087,1068,968,907,920,896,904,872,858,936,1036,1064,1064,986,985,1018,968,983,983,987,984,983,988,975,986,923,920,889,904,855,872,843,876,878,0.0009765625,0.0021836601342771385,0.06641343021843478,0.04496431419227085,0.018657200365764452,0.041062101643805936,0.11760991576034842,0.057226895796810985,0.1879115356737255,0.18312825379068567,0.10848198497655324,0.0913020656924422,0.2518035681364931,0.11609188360713735,0.13669782205896355,0.08022685311930028,0.0803693731779683,0.08355746328371964,0.0849833842474194,0.03931801199061991,0.06684283186971719,0.08706754355736288,0.05392358473546298,0.13261129059974966,0.07202769107260068,0.046589298601080326,0.07745070335507169,0.036916129241085546,0.05985778484657014,0.052344114387724204,0.023640075072090243,0.05067785447394188,0.03549371454177001,0.04377135709182611,0.010517900013934578,0.020692988379313566,0.016370170521718956,0.004026470337517247,0.007437278423695223,0.017469281074217108,0.0126953125,0.020899350155305366,0.009264485332524549,0.020716018980074635,0.021126277004671814,0.02003738723504218,0.03803582440263759,0.04350911994129973,0.003088161777508183,0.025012204052472065,0.013282686043686957,0.019628663322501738,0.021417687694786434,0.012236293052872722,0.027964494264211628,0.020132351687586234,0.024119314521930602,0.009003461384075085,0.017469281074217108,0.016716057391234072,0.027238917345666705,0.025202124805788945,0.013282686043686957,0.02286074201312427,0.029035290522106457,0.0009765625,0.007627196949127592,0.0065509804028314154,0.004979511243742954,0.001953125,0.015655487833868553,0.018528970665049098,0.013282686043686957,0.009212872199274027,0.0021836601342771385,0.0048828125,0.025012204052472065,0.008843149548962322,0.014680953494504793,0.011134525635733769,0.003088161777508183,0.01242961138804478,0.018347943582085875,0.0013810679320049757,0.005940197783494355,0.006905339660024878,0.0029296875,0.013982247132105814,0.009765625,0.00390625,0.0048828125,0.008734640537108554,0.006905339660024878,0.030336376107439583,0.0065509804028314154,0.018347943582085875,0.0412127887617367,0.009003461384075085,0.0048828125,0.0170549308560283,0.010517900013934578,0.0027621358640099515,0.007873298582322802,0.0013810679320049757,0.0048828125,0.005940197783494355,0.007873298582322802,0.005940197783494355,0.003088161777508183,0.00834375365753665,0.01708286687942959,0.004026470337517247,0.004367320268554277,0.010054326309557618,0.017686299097924643,0.007042092334890604,0.0386328914938525,0.0126953125,0.005258950006967289,0.01528562093993997,0.005940197783494355,0.009264485332524549,0.0009765625,0.003088161777508183,0.004026470337517247,0.009212872199274027,0.005694288959809864,0.007873298582322802,0.0009765625,1,1,1.0
9.375,6.785763740539551,5.0,0.3125493824481964,4.083294868469238,3.125,38.943382263183594,6.933482646942139,4.6875,0.5522134304046631,0.050167184323072433,2639.0,66485.0,62274756.0,25.193254470825195,0.1352372020483017,1.7956300973892212,5.526760578155518,1.1838767932204064e-05,0.0,0.0943823829293251,987,1008,1084,1064,1053,1066,1151,1146,1082,1065,1034,1003,1000,908,918,910,892,896,957,878,903,892,862,890,892,906,846,872,955,1037,1016,1143,1098,1053,1021,999,1050,1006,938,967,1016,909,874,830,912,985,858,909,936,937,910,845,841,952,957,960,941,924,938,896,938,1037,985,1040,1132,1150,1165,1144,1167,1183,1151,1131,1082,1015,973,911,876,872,890,939,968,940,925,857,888,830,829,874,887,891,861,928,975,1017,1023,1052,1099,1211,1246,1175,1152,1072,1067,1016,1064,1022,1024,934,904,827,763,654,637,681,700,824,919,1065,1102,1193,1167,1118,1151,1081,1040,986,937,872,891,826,809,800,813,841,794,923,944,984,1003,974,957,971,1005,1034,1068,1040,1040,941,956,910,823,846,967,1069,1113,1079,1007,1007,973,921,877,904,987,1100,1135,1096,1054,958,972,966,921,831,861,809,811,847,848,895,904,942,967,975,986,1008,1017,1112,1135,1051,1018,920,892,896,857,878,942,1006,1065,1112,1085,1081,988,958,908,924,938,1004,999,1161,1146,1083,1066,953,938,908,825,796,892,877,880,888,919,942,912,1003,1024,1022,1038,1065,1067,1129,1087,1068,968,907,920,896,904,872,858,936,1036,1064,1064,986,985,1018,968,983,983,987,984,983,988,975,986,923,0.00146484375,0.04120121701118943,0.0361328125,0.06655687191948725,0.050413708981016825,0.07546749643110022,0.07910759043390092,0.05040424961157789,0.22236909251436915,0.19185414750798488,0.08309393510227597,0.12605224228725379,0.2197417529471385,0.13895012247437757,0.11404059212768071,0.09242327007875659,0.10041513106779915,0.10138393256441852,0.05960232234244972,0.015655487833868553,0.0882371640474728,0.06640625,0.04306850990468739,0.11556493900380481,0.08086031853314239,0.06074344351595307,0.0628196173284195,0.04999580365691486,0.04848512338791566,0.061670521108777125,0.023047702580480365,0.05117411135380431,0.027361183058831836,0.036604814089826784,0.007873298582322802,0.0166875073150733,0.010054326309557618,0.007437278423695223,0.008843149548962322,0.020320949264340638,0.012732817197661424,0.027203883353875233,0.008843149548962322,0.0146484375,0.0170549308560283,0.013671875,0.03144773864864183,0.048494957101309126,0.0048828125,0.01953125,0.018165112536853784,0.013879560940968648,0.027500249688142037,0.009003461384075085,0.024724587697601882,0.013879560940968648,0.019236050394133015,0.013282686043686957,0.01824369305885684,0.022714264354712906,0.026868782211323446,0.027621358640099514,0.009003461384075085,0.016253239235442616,0.026565372087373914,0.005258950006967289,0.012732817197661424,0.011134525635733769,0.005694288959809864,0.009264485332524549,0.014517645261053229,0.013601941676937616,0.009264485332524549,0.003521046167445302,0.0065509804028314154,0.013101960805662831,0.016716057391234072,0.0065509804028314154,0.01171875,0.018657200365764452,0.007873298582322802,0.016630260122975003,0.010381001770248682,0.005694288959809864,0.0107421875,0.001953125,0.004026470337517247,0.0087890625,0.0087890625,0.003521046167445302,0.005940197783494355,0.0126953125,0.0021836601342771385,0.03126525506559008,0.007627196949127592,0.013282686043686957,0.03676080122015373,0.004367320268554277,0.003521046167445302,0.01953125,0.0065509804028314154,0.005694288959809864,0.003521046167445302,0.004026470337517247,0.0027621358640099515,0.0009765625,0.0048828125,0.0027621358640099515,0.0029296875,0.0029296875,0.011430371006562134,0.008052940675034493,0.0021836601342771385,0.008843149548962322,0.012352647110032733,0.004979511243742954,0.033730304764004966,0.018165112536853784,0.0068359375,0.014874556847390447,0.007873298582322802,0.0078125,0.005940197783494355,0.0065509804028314154,0.0029296875,0.013028968812623373,0.0078125,0.0065509804028314154,0.0009765625,1,1,1.0
9.375,6.4636335372924805,4.0,0.31726765632629395,4.651587009429932,4.6875,28.5751953125,6.589878559112549,3.125,0.5619286894798279,0.05027163028717041,2650.0,51850.0,59640668.0,19.566038131713867,0.12080364674329758,1.0240559577941895,4.872903823852539,2.65288745140424e-05,-1.5625,0.0973164290189743,880,905,939,936,1056,1023,1016,989,987,1008,1084,1064,1053,1066,1151,1146,1082,1065,1034,1003,1000,908,918,910,892,896,957,878,903,892,862,890,892,906,846,872,955,1037,1016,1143,1098,1053,1021,999,1050,1006,938,967,1016,909,874,830,912,985,858,909,936,937,910,845,841,952,957,960,941,924,938,896,938,1037,985,1040,1132,1150,1165,1144,1167,1183,1151,1131,1082,1015,973,911,876,872,890,939,968,940,925,857,888,830,829,874,887,891,861,928,975,1017,1023,1052,1099,1211,1246,1175,1152,1072,1067,1016,1064,1022,1024,934,904,827,763,654,637,681,700,824,919,1065,1102,1193,1167,1118,1151,1081,1040,986,937,872,891,826,809,800,813,841,794,923,944,984,1003,974,957,971,1005,1034,1068,1040,1040,941,956,910,823,846,967,1069,1113,1079,1007,1007,973,921,877,904,987,1100,1135,1096,1054,958,972,966,921,831,861,809,811,847,848,895,904,942,967,975,986,1008,1017,1112,1135,1051,1018,920,892,896,857,878,942,1006,1065,1112,1085,1081,988,958,908,924,938,1004,999,1161,1146,1083,1066,953,938,908,825,796,892,877,880,888,919,942,912,1003,1024,1022,1038,1065,1067,1129,1087,1068,968,907,920,896,904,872,858,936,1036,1064,1064,986,985,1018,968,983,0.0009765625,0.0328276099882258,0.035814689103305174,0.05731847887042652,0.051711727714350494,0.07297477223542737,0.07813110327722504,0.04336641271713773,0.22989907413808952,0.2002738984476361,0.07520165354757209,0.13678848667885257,0.20821860651282953,0.14138588100016,0.1011909142920149,0.10531039182097976,0.09257276817307865,0.10691464051497022,0.06603902368240903,0.0235996991671769,0.074456086395066,0.078125,0.049071658306254345,0.13007357935938904,0.08358028695617035,0.050043468653589676,0.0647557408207047,0.04609540516096073,0.05519090293337809,0.06121263259458914,0.02315091717017519,0.05623507831596863,0.019186408891004394,0.025781989809461104,0.016630260122975003,0.023294649300540163,0.01441877251975918,0.0048828125,0.013101960805662831,0.0146484375,0.0126953125,0.020716018980074635,0.011134525635733769,0.015776850020901866,0.020132351687586234,0.014517645261053229,0.030524413297046454,0.049042498162069216,0.006253051013118016,0.017953883116064683,0.019457869965987574,0.015655487833868553,0.025633603024231812,0.009765625,0.026654968874914416,0.016253239235442616,0.022545696055889054,0.016253239235442616,0.015254393898255184,0.02751758360079174,0.029523860269201122,0.029523860269201122,0.005258950006967289,0.013566839833447074,0.03102027377786834,0.009003461384075085,0.010054326309557618,0.005258950006967289,0.0013810679320049757,0.0048828125,0.015191747252054731,0.01800692276815017,0.013706707859002147,0.009003461384075085,0.007042092334890604,0.011134525635733769,0.015746597164645604,0.005524271728019903,0.0078125,0.023047702580480365,0.013282686043686957,0.020132351687586234,0.006905339660024878,0.009264485332524549,0.01179984958358845,0.003521046167445302,0.003088161777508183,0.010786485368346935,0.007437278423695223,0.0009765625,0.0048828125,0.010054326309557618,0.005524271728019903,0.03521046167445302,0.011388577919619728,0.01171875,0.03401186477982031,0.004026470337517247,0.00390625,0.0170549308560283,0.006253051013118016,0.005859375,0.005524271728019903,0.001953125,0.0013810679320049757,0.0021836601342771385,0.0065509804028314154,0.004979511243742954,0.006253051013118016,0.0,0.008843149548962322,0.010786485368346935,0.00390625,0.005940197783494355,0.011388577919619728,0.0021836601342771385,0.03340357690720131,0.016105881350068987,0.008734640537108554,0.016630260122975003,0.004979511243742954,0.011134525635733769,0.004026470337517247,0.007109482313750506,0.004026470337517247,0.01760523083722651,0.014218964627501012,0.003088161777508183,0.0068359375,1,1,1.0
9.375,6.625394344329834,5.0,0.3233138620853424,4.445527076721191,4.6875,27.715946197509766,6.724118232727051,3.125,0.5524215698242188,0.05077185854315758,2703.0,55421.0,62217856.0,20.503515243530273,0.12426457554101944,1.2190889120101929,4.791808128356934,1.155868903879309e-05,0.0,0.09915260225534439,828,857,798,841,877,860,827,808,880,905,939,936,1056,1023,1016,989,987,1008,1084,1064,1053,1066,1151,1146,1082,1065,1034,1003,1000,908,918,910,892,896,957,878,903,892,862,890,892,906,846,872,955,1037,1016,1143,1098,1053,1021,999,1050,1006,938,967,1016,909,874,830,912,985,858,909,936,937,910,845,841,952,957,960,941,924,938,896,938,1037,985,1040,1132,1150,1165,1144,1167,1183,1151,1131,1082,1015,973,911,876,872,890,939,968,940,925,857,888,830,829,874,887,891,861,928,975,1017,1023,1052,1099,1211,1246,1175,1152,1072,1067,1016,1064,1022,1024,934,904,827,763,654,637,681,700,824,919,1065,1102,1193,1167,1118,1151,1081,1040,986,937,872,891,826,809,800,813,841,794,923,944,984,1003,974,957,971,1005,1034,1068,1040,1040,941,956,910,823,846,967,1069,1113,1079,1007,1007,973,921,877,904,987,1100,1135,1096,1054,958,972,966,921,831,861,809,811,847,848,895,904,942,967,975,986,1008,1017,1112,1135,1051,1018,920,892,896,857,878,942,1006,1065,1112,1085,1081,988,958,908,924,938,1004,999,1161,1146,1083,1066,953,938,908,825,796,892,877,880,888,919,942,912,1003,1024,1022,1038,1065,1067,1129,1087,1068,968,907,920,896,904,872,858,936,0.0,0.020762003540497363,0.054302495212725954,0.032241355506287456,0.08273738117177787,0.09262426329202637,0.06210968209436658,0.06358914295351448,0.26680716945732197,0.19473057841270155,0.09692106074843364,0.1457206654153815,0.2132844694125152,0.10990125211882328,0.11748416225750455,0.09184361343399595,0.0822460450494097,0.08114875941618058,0.0742444445654227,0.029765137996344084,0.0937550861250546,0.06352912487222888,0.04120121701118943,0.11159336550007269,0.07560637441736684,0.05715185503281067,0.0720872481795335,0.03768316676088816,0.061678252635305186,0.05349744501875913,0.015254393898255184,0.06341643787130555,0.013282686043686957,0.021126277004671814,0.022269051271467537,0.029035290522106457,0.020132351687586234,0.006253051013118016,0.0126953125,0.02003738723504218,0.005694288959809864,0.024119314521930602,0.015746597164645604,0.008734640537108554,0.01242961138804478,0.0065509804028314154,0.029361906989009586,0.04102724909687501,0.006253051013118016,0.02638526579317636,0.010786485368346935,0.016630260122975003,0.024492062898407135,0.016164985700436375,0.02756951994822872,0.009765625,0.01760523083722651,0.01727715430952552,0.021945512748285382,0.025559086578715626,0.024158822025103478,0.02489755621871477,0.005694288959809864,0.017953883116064683,0.029296875,0.0048828125,0.008843149548962322,0.007627196949127592,0.0029296875,0.006253051013118016,0.015746597164645604,0.017387200990981306,0.011430371006562134,0.005940197783494355,0.007627196949127592,0.01313830473347042,0.015655487833868553,0.006905339660024878,0.011759369705851851,0.01792730444402912,0.006176323555016366,0.01528562093993997,0.01019561182510796,0.009765625,0.0146484375,0.004367320268554277,0.007627196949127592,0.006176323555016366,0.0048828125,0.004367320268554277,0.0,0.009618025197066508,0.007627196949127592,0.033432114782468145,0.011388577919619728,0.013101960805662831,0.03304477405407936,0.0,0.005694288959809864,0.01760523083722651,0.006905339660024878,0.007627196949127592,0.005524271728019903,0.0009765625,0.0021836601342771385,0.004026470337517247,0.007873298582322802,0.006905339660024878,0.0068359375,0.0013810679320049757,0.008843149548962322,0.010918300671385692,0.004367320268554277,0.004367320268554277,0.014778072217208551,0.0013810679320049757,0.03670887915861817,0.013879560940968648,0.0048828125,0.013566839833447074,0.004367320268554277,0.011388577919619728,0.005859375,0.007437278423695223,0.0009765625,0.01516032685181643,0.010381001770248682,0.004367320268554277,0.00390625,1,1,1.0
8.984375,6.412533283233643,4.0,0.26240280270576477,5.313734531402588,4.6875,40.422210693359375,6.324179649353027,3.125,0.6207729578018188,0.051767025142908096,2810.0,74644.0,79554560.0,26.563701629638672,0.11682423204183578,1.564863681793213,5.749366760253906,0.0,0.0,0.09020885080099106,1001,925,889,812,780,796,797,830,828,857,798,841,877,860,827,808,880,905,939,936,1056,1023,1016,989,987,1008,1084,1064,1053,1066,1151,1146,1082,1065,1034,1003,1000,908,918,910,892,896,957,878,903,892,862,890,892,906,846,872,955,1037,1016,1143,1098,1053,1021,999,1050,1006,938,967,1016,909,874,830,912,985,858,909,936,937,910,845,841,952,957,960,941,924,938,896,938,1037,985,1040,1132,1150,1165,1144,1167,1183,1151,1131,1082,1015,973,911,876,872,890,939,968,940,925,857,888,830,829,874,887,891,861,928,975,1017,1023,1052,1099,1211,1246,1175,1152,1072,1067,1016,1064,1022,1024,934,904,827,763,654,637,681,700,824,919,1065,1102,1193,1167,1118,1151,1081,1040,986,937,872,891,826,809,800,813,841,794,923,944,984,1003,974,957,971,1005,1034,1068,1040,1040,941,956,910,823,846,967,1069,1113,1079,1007,1007,973,921,877,904,987,1100,1135,1096,1054,958,972,966,921,831,861,809,811,847,848,895,904,942,967,975,986,1008,1017,1112,1135,1051,1018,920,892,896,857,878,942,1006,1065,1112,1085,1081,988,958,908,924,938,1004,999,1161,1146,1083,1066,953,938,908,825,796,892,877,880,888,919,942,912,1003,1024,1022,1038,1065,1067,1129,1087,1068,0.001953125,0.029378142493147116,0.06118146526436361,0.03614600688148779,0.09317859720216065,0.10434605728253539,0.052344114387724204,0.07298130621692726,0.2714000543514189,0.18418496893938746,0.10554558110096986,0.1362715901758782,0.22235622604228025,0.11148648961072663,0.1205609814838435,0.08673282543427546,0.09100912832231875,0.09058900315532664,0.06712046983374836,0.022545696055889054,0.08710587156631937,0.06921892635417715,0.0436404354912194,0.1203115487989996,0.08103115245667576,0.055672628178668845,0.06426048389203946,0.04615743085193935,0.053148690719483506,0.05930557207300381,0.019555648822754675,0.05671634217082658,0.0185546875,0.028854075591199527,0.015776850020901866,0.02231183527108567,0.014517645261053229,0.009765625,0.017469281074217108,0.012506102026236032,0.012506102026236032,0.01708286687942959,0.018528970665049098,0.00834375365753665,0.017304731588544287,0.005694288959809864,0.023478154844084585,0.03922087036723282,0.011388577919619728,0.029652786036501906,0.008843149548962322,0.021035800027869155,0.022798081113142094,0.020531050821902968,0.028588439781844624,0.006176323555016366,0.014680953494504793,0.014517645261053229,0.022545696055889054,0.023619895746968406,0.026203921611325662,0.027500249688142037,0.005940197783494355,0.016016815885602272,0.03088161777508183,0.005524271728019903,0.008052940675034493,0.0068359375,0.005258950006967289,0.0065509804028314154,0.0170549308560283,0.0146484375,0.008734640537108554,0.00390625,0.005524271728019903,0.012079411012551739,0.01727715430952552,0.005258950006967289,0.009618025197066508,0.019457869965987574,0.009003461384075085,0.016253239235442616,0.01019561182510796,0.007873298582322802,0.013879560940968648,0.00390625,0.007437278423695223,0.004979511243742954,0.005524271728019903,0.005258950006967289,0.0009765625,0.009765625,0.009003461384075085,0.03538607603904968,0.013706707859002147,0.011134525635733769,0.032241355506287456,0.0027621358640099515,0.0048828125,0.016572815184059706,0.007042092334890604,0.0065509804028314154,0.004026470337517247,0.003088161777508183,0.0021836601342771385,0.0013810679320049757,0.0048828125,0.005258950006967289,0.005258950006967289,0.001953125,0.007042092334890604,0.013101960805662831,0.006905339660024878,0.004979511243742954,0.013982247132105814,0.0021836601342771385,0.03813598474563796,0.011134525635733769,0.0048828125,0.012079411012551739,0.003521046167445302,0.011134525635733769,0.007109482313750506,0.008286407592029853,0.0,0.014517645261053229,0.010054326309557618,0.004026470337517247,0.00390625,1,1,1.0
8.984375,6.331801891326904,3.0,0.26734086871147156,5.727775573730469,4.6875,41.8234748840332,6.231734275817871,3.125,0.6237584948539734,0.052525993436574936,2893.0,77236.0,83787224.0,26.697546005249023,0.10890065133571625,1.4897769689559937,5.8344340324401855,4.320704101701267e-05,0.0,0.0893770307302475,1080,1098,1099,988,992,1038,1051,1024,1001,925,889,812,780,796,797,830,828,857,798,841,877,860,827,808,880,905,939,936,1056,1023,1016,989,987,1008,1084,1064,1053,1066,1151,1146,1082,1065,1034,1003,1000,908,918,910,892,896,957,878,903,892,862,890,892,906,846,872,955,1037,1016,1143,1098,1053,1021,999,1050,1006,938,967,1016,909,874,830,912,985,858,909,936,937,910,845,841,952,957,960,941,924,938,896,938,1037,985,1040,1132,1150,1165,1144,1167,1183,1151,1131,1082,1015,973,911,876,872,890,939,968,940,925,857,888,830,829,874,887,891,861,928,975,1017,1023,1052,1099,1211,1246,1175,1152,1072,1067,1016,1064,1022,1024,934,904,827,763,654,637,681,700,824,919,1065,1102,1193,1167,1118,1151,1081,1040,986,937,872,891,826,809,800,813,841,794,923,944,984,1003,974,957,971,1005,1034,1068,1040,1040,941,956,910,823,846,967,1069,1113,1079,1007,1007,973,921,877,904,987,1100,1135,1096,1054,958,972,966,921,831,861,809,811,847,848,895,904,942,967,975,986,1008,1017,1112,1135,1051,1018,920,892,896,857,878,942,1006,1065,1112,1085,1081,988,958,908,924,938,1004,999,1161,1146,1083,1066,953,938,908,825,796,892,877,880,888,919,942,912,1003,0.00244140625,0.029700988917471777,0.061554431677029,0.03515625,0.09556850385049803,0.10746181785808055,0.04911051156515687,0.07871481457572904,0.2711434178654496,0.17826479061017367,0.1059243991369294,0.1305273598238992,0.22072256897203169,0.12059657260965302,0.11074838772325664,0.09728934982993787,0.08048794711848263,0.0841091914067753,0.07871481457572904,0.03144773864864183,0.09774410110977445,0.05784845007664018,0.04973762335252673,0.1135251281078954,0.06906720589877705,0.04324529262789947,0.07145608644502624,0.04848512338791566,0.04865202619953574,0.07202769107260068,0.03102027377786834,0.04688517142249142,0.029133659941750583,0.04078244730043184,0.014680953494504793,0.02157297073669387,0.018425744398548053,0.0185803687406645,0.025334222209126653,0.018165112536853784,0.010786485368346935,0.02229045353615884,0.022032254243512652,0.004026470337517247,0.010918300671385692,0.005694288959809864,0.029133659941750583,0.04026470337517247,0.007437278423695223,0.026672852116694654,0.010918300671385692,0.020132351687586234,0.021439939843847802,0.019555648822754675,0.029700988917471777,0.007627196949127592,0.014680953494504793,0.016253239235442616,0.02378085090212094,0.023619895746968406,0.025633603024231812,0.025781989809461104,0.007109482313750506,0.015776850020901866,0.029523860269201122,0.005940197783494355,0.00834375365753665,0.005258950006967289,0.0041432037960149265,0.0048828125,0.018657200365764452,0.0166875073150733,0.009765625,0.003088161777508183,0.005524271728019903,0.009959022487485907,0.0185803687406645,0.0021836601342771385,0.007873298582322802,0.021484375,0.009814331661250869,0.01680141653719263,0.01313830473347042,0.006253051013118016,0.016105881350068987,0.007873298582322802,0.010918300671385692,0.007437278423695223,0.001953125,0.005524271728019903,0.00390625,0.007873298582322802,0.005940197783494355,0.03371616504225013,0.008734640537108554,0.0146484375,0.0360270834876889,0.0021836601342771385,0.005694288959809864,0.019652941208494246,0.0065509804028314154,0.008734640537108554,0.007873298582322802,0.003521046167445302,0.001953125,0.0041432037960149265,0.004979511243742954,0.0021836601342771385,0.0009765625,0.0048828125,0.008843149548962322,0.013982247132105814,0.009814331661250869,0.007109482313750506,0.013566839833447074,0.005524271728019903,0.04089920232689829,0.009264485332524549,0.004026470337517247,0.009814331661250869,0.005694288959809864,0.010381001770248682,0.005694288959809864,0.006905339660024878,0.0009765625,0.014517645261053229,0.0107421875,0.004026470337517247,0.0048828125,1,1,1.0
8.984375,6.546564102172852,3.0,0.26040637493133545,4.989999771118164,4.6875,43.19927215576172,6.351219654083252,3.125,0.6161222457885742,0.052507832646369934,2891.0,77090.0,81451328.0,26.66551399230957,0.12347140163183212,1.5090535879135132,5.919225692749023,6.754748756065965e-05,0.0,0.09563252329826355,1020,1023,1051,1065,1080,1128,1086,1098,1080,1098,1099,988,992,1038,1051,1024,1001,925,889,812,780,796,797,830,828,857,798,841,877,860,827,808,880,905,939,936,1056,1023,1016,989,987,1008,1084,1064,1053,1066,1151,1146,1082,1065,1034,1003,1000,908,918,910,892,896,957,878,903,892,862,890,892,906,846,872,955,1037,1016,1143,1098,1053,1021,999,1050,1006,938,967,1016,909,874,830,912,985,858,909,936,937,910,845,841,952,957,960,941,924,938,896,938,1037,985,1040,1132,1150,1165,1144,1167,1183,1151,1131,1082,1015,973,911,876,872,890,939,968,940,925,857,888,830,829,874,887,891,861,928,975,1017,1023,1052,1099,1211,1246,1175,1152,1072,1067,1016,1064,1022,1024,934,904,827,763,654,637,681,700,824,919,1065,1102,1193,1167,1118,1151,1081,1040,986,937,872,891,826,809,800,813,841,794,923,944,984,1003,974,957,971,1005,1034,1068,1040,1040,941,956,910,823,846,967,1069,1113,1079,1007,1007,973,921,877,904,987,1100,1135,1096,1054,958,972,966,921,831,861,809,811,847,848,895,904,942,967,975,986,1008,1017,1112,1135,1051,1018,920,892,896,857,878,942,1006,1065,1112,1085,1081,988,958,908,924,938,1004,999,1161,1146,1083,1066,953,938,908,825,796,0.00244140625,0.011134525635733769,0.07977385983753642,0.011759369705851851,0.11172148160996165,0.13007357935938904,0.05111817315743125,0.11503558064552517,0.2791209700652672,0.14973286046955267,0.1042729153776169,0.12650537025602226,0.19777982565477994,0.13639750204623663,0.09466613729982612,0.10911310721455798,0.07136928277575572,0.0634765625,0.06950079433069564,0.02161713244255728,0.09671913652234963,0.0637688582707598,0.05281569251167953,0.12592734624855367,0.08081902865703353,0.052959948683422846,0.0659595499639386,0.04559616222628419,0.05211587525049349,0.06698535406110358,0.027621358640099514,0.049506999436080376,0.02681548870653512,0.03828573395295441,0.015746597164645604,0.02378085090212094,0.01792730444402912,0.013566839833447074,0.01878455474772592,0.01528562093993997,0.012236293052872722,0.015746597164645604,0.022777155839239456,0.006253051013118016,0.018165112536853784,0.003521046167445302,0.0283203125,0.03250647847088523,0.009959022487485907,0.029378142493147116,0.01171875,0.013982247132105814,0.023294649300540163,0.01760523083722651,0.03384320986555363,0.01179984958358845,0.016370170521718956,0.0192608231673008,0.025633603024231812,0.0224609375,0.025390625,0.026294750034836445,0.007042092334890604,0.014778072217208551,0.02847144479904932,0.007873298582322802,0.007873298582322802,0.001953125,0.007109482313750506,0.007873298582322802,0.022032254243512652,0.014218964627501012,0.004367320268554277,0.003088161777508183,0.0013810679320049757,0.0078125,0.015776850020901866,0.0087890625,0.0146484375,0.015776850020901866,0.003521046167445302,0.010054326309557618,0.010563138502335907,0.012236293052872722,0.015440808887540914,0.0021836601342771385,0.005694288959809864,0.0048828125,0.005524271728019903,0.006905339660024878,0.001953125,0.006176323555016366,0.007873298582322802,0.03500673501745102,0.009765625,0.013810679320049757,0.0360270834876889,0.0021836601342771385,0.007042092334890604,0.017686299097924643,0.008734640537108554,0.006176323555016366,0.007627196949127592,0.004979511243742954,0.003088161777508183,0.0009765625,0.004026470337517247,0.006253051013118016,0.005258950006967289,0.0013810679320049757,0.008052940675034493,0.009765625,0.004979511243742954,0.008400708268596315,0.009003461384075085,0.0048828125,0.03828573395295441,0.008843149548962322,0.008286407592029853,0.0065509804028314154,0.0078125,0.010054326309557618,0.006176323555016366,0.004026470337517247,0.003521046167445302,0.016858082521125067,0.01179984958358845,0.004979511243742954,0.0029296875,1,1,1.0
8.984375,6.407893180847168,3.0,0.2691471576690674,5.377188682556152,4.6875,50.46345520019531,6.172855377197266,3.125,0.616248607635498,0.052589498460292816,2900.0,81693.0,79748032.0,28.170000076293945,0.11460423469543457,1.9916863441467285,6.242978096008301,6.7336623033043e-05,0.0,0.08864229917526245,920,893,905,924,892,896,847,958,1020,1023,1051,1065,1080,1128,1086,1098,1080,1098,1099,988,992,1038,1051,1024,1001,925,889,812,780,796,797,830,828,857,798,841,877,860,827,808,880,905,939,936,1056,1023,1016,989,987,1008,1084,1064,1053,1066,1151,1146,1082,1065,1034,1003,1000,908,918,910,892,896,957,878,903,892,862,890,892,906,846,872,955,1037,1016,1143,1098,1053,1021,999,1050,1006,938,967,1016,909,874,830,912,985,858,909,936,937,910,845,841,952,957,960,941,924,938,896,938,1037,985,1040,1132,1150,1165,1144,1167,1183,1151,1131,1082,1015,973,911,876,872,890,939,968,940,925,857,888,830,829,874,887,891,861,928,975,1017,1023,1052,1099,1211,1246,1175,1152,1072,1067,1016,1064,1022,1024,934,904,827,763,654,637,681,700,824,919,1065,1102,1193,1167,1118,1151,1081,1040,986,937,872,891,826,809,800,813,841,794,923,944,984,1003,974,957,971,1005,1034,1068,1040,1040,941,956,910,823,846,967,1069,1113,1079,1007,1007,973,921,877,904,987,1100,1135,1096,1054,958,972,966,921,831,861,809,811,847,848,895,904,942,967,975,986,1008,1017,1112,1135,1051,1018,920,892,896,857,878,942,1006,1065,1112,1085,1081,988,958,908,924,938,1004,999,1161,0.00048828125,0.01878455474772592,0.05378191333208736,0.01760523083722651,0.0830078125,0.10570809791748233,0.07764746633548524,0.12467150439771336,0.3067230308261187,0.12254205721356572,0.12463325104331106,0.11938451599219811,0.18398810704813573,0.151593832336416,0.0943432159459255,0.10972756374142692,0.09018278422355622,0.07437278423695223,0.045658866123285,0.006176323555016366,0.07513821899090369,0.07715461802774876,0.03521046167445302,0.10427748824968917,0.06017558790235897,0.03363120187055188,0.06935656603345587,0.06314516859502817,0.03416573375885918,0.06642060966067169,0.0170549308560283,0.06508626055840482,0.013982247132105814,0.027964494264211628,0.007627196949127592,0.00966747552403483,0.013982247132105814,0.02489755621871477,0.031204190055996988,0.023294649300540163,0.006253051013118016,0.02708090746848056,0.011759369705851851,0.014084184669781208,0.025781989809461104,0.011759369705851851,0.025012204052472065,0.023478154844084585,0.0170549308560283,0.03304477405407936,0.019773883526676354,0.01760523083722651,0.017686299097924643,0.025559086578715626,0.03837281778200879,0.007437278423695223,0.0107421875,0.01188039556698871,0.019773883526676354,0.0285216442705278,0.019918044974971814,0.02157297073669387,0.01313830473347042,0.013101960805662831,0.030289184412638327,0.01188039556698871,0.003088161777508183,0.007627196949127592,0.007437278423695223,0.0065509804028314154,0.01953125,0.017820593350483065,0.00834375365753665,0.004367320268554277,0.005940197783494355,0.003088161777508183,0.018165112536853784,0.0126953125,0.019186408891004394,0.011048543456039806,0.0027621358640099515,0.009959022487485907,0.0065509804028314154,0.013101960805662831,0.009003461384075085,0.006176323555016366,0.011430371006562134,0.0048828125,0.005694288959809864,0.009003461384075085,0.007437278423695223,0.011388577919619728,0.0009765625,0.0283875817456028,0.013282686043686957,0.013671875,0.027930370402490412,0.006905339660024878,0.004026470337517247,0.022777155839239456,0.0009765625,0.013706707859002147,0.010918300671385692,0.006905339660024878,0.006905339660024878,0.007873298582322802,0.0027621358640099515,0.005258950006967289,0.008052940675034493,0.007042092334890604,0.006253051013118016,0.01171875,0.001953125,0.01019561182510796,0.005258950006967289,0.008843149548962322,0.04005097002814429,0.007627196949127592,0.008843149548962322,0.004026470337517247,0.010517900013934578,0.0065509804028314154,0.003088161777508183,0.007109482313750506,0.0013810679320049757,0.014084184669781208,0.009212872199274027,0.0013810679320049757,0.0068359375,1,1,1.0
8.984375,6.43275785446167,3.0,0.2544151842594147,5.0838422775268555,4.6875,70.65922546386719,6.132049083709717,3.125,0.6230331659317017,0.05203346535563469,2839.0,98649.0,97370288.0,34.747798919677734,0.12255163490772247,2.779158115386963,7.5932936668396,2.75174329544825e-06,0.0,0.09392400085926056,956,907,905,830,889,910,894,861,920,893,905,924,892,896,847,958,1020,1023,1051,1065,1080,1128,1086,1098,1080,1098,1099,988,992,1038,1051,1024,1001,925,889,812,780,796,797,830,828,857,798,841,877,860,827,808,880,905,939,936,1056,1023,1016,989,987,1008,1084,1064,1053,1066,1151,1146,1082,1065,1034,1003,1000,908,918,910,892,896,957,878,903,892,862,890,892,906,846,872,955,1037,1016,1143,1098,1053,1021,999,1050,1006,938,967,1016,909,874,830,912,985,858,909,936,937,910,845,841,952,957,960,941,924,938,896,938,1037,985,1040,1132,1150,1165,1144,1167,1183,1151,1131,1082,1015,973,911,876,872,890,939,968,940,925,857,888,830,829,874,887,891,861,928,975,1017,1023,1052,1099,1211,1246,1175,1152,1072,1067,1016,1064,1022,1024,934,904,827,763,654,637,681,700,824,919,1065,1102,1193,1167,1118,1151,1081,1040,986,937,872,891,826,809,800,813,841,794,923,944,984,1003,974,957,971,1005,1034,1068,1040,1040,941,956,910,823,846,967,1069,1113,1079,1007,1007,973,921,877,904,987,1100,1135,1096,1054,958,972,966,921,831,861,809,811,847,848,895,904,942,967,975,986,1008,1017,1112,1135,1051,1018,920,892,896,857,878,942,1006,1065,1112,1085,1081,0.00048828125,0.03423544559171505,0.03908690643787012,0.032033631771204545,0.07085968724090522,0.10102113075917969,0.09100912832231875,0.13884026417981035,0.3117498932006947,0.11569690015328037,0.12128261481453144,0.1300845766042712,0.17322908543324664,0.14342176031051357,0.104765632282345,0.10036288223184313,0.09232519179530072,0.07876326191964536,0.05064961906207008,0.009618025197066508,0.08060634663397034,0.07123553212826908,0.04018171994422067,0.10913932477303523,0.06352912487222888,0.035934315415965035,0.06689987718146075,0.061585410255576414,0.037057941330098196,0.06332614389403701,0.015776850020901866,0.06228601062149209,0.01800692276815017,0.03144773864864183,0.005258950006967289,0.013706707859002147,0.01760523083722651,0.022545696055889054,0.025559086578715626,0.020716018980074635,0.006176323555016366,0.02039122365021592,0.017820593350483065,0.00966747552403483,0.021439939843847802,0.005940197783494355,0.025465634395322848,0.028985980624327792,0.012732817197661424,0.032033631771204545,0.015440808887540914,0.013601941676937616,0.021417687694786434,0.0208765218031562,0.03819845159298427,0.009618025197066508,0.011134525635733769,0.012732817197661424,0.019555648822754675,0.028437929255002024,0.019773883526676354,0.021506558149946522,0.013282686043686957,0.012506102026236032,0.03155370004180373,0.0107421875,0.004026470337517247,0.007627196949127592,0.004979511243742954,0.00390625,0.021945512748285382,0.018961413905222265,0.007873298582322802,0.006253051013118016,0.006176323555016366,0.008052940675034493,0.013706707859002147,0.013282686043686957,0.01800692276815017,0.011920464468489943,0.0013810679320049757,0.01284467425582608,0.006905339660024878,0.01019561182510796,0.01242961138804478,0.00390625,0.010054326309557618,0.0048828125,0.00390625,0.006176323555016366,0.0048828125,0.009959022487485907,0.0029296875,0.030414866215619993,0.0126953125,0.013671875,0.03066468450802262,0.004979511243742954,0.0027621358640099515,0.021506558149946522,0.003088161777508183,0.009212872199274027,0.007873298582322802,0.003521046167445302,0.0029296875,0.004367320268554277,0.004026470337517247,0.0013810679320049757,0.003088161777508183,0.006253051013118016,0.003521046167445302,0.014680953494504793,0.005694288959809864,0.006176323555016366,0.009959022487485907,0.008052940675034493,0.03521046167445302,0.01284467425582608,0.013982247132105814,0.0009765625,0.014517645261053229,0.0027621358640099515,0.0013810679320049757,0.00966747552403483,0.0048828125,0.01284467425582608,0.006253051013118016,0.004026470337517247,0.0107421875,1,1,1.0
8.984375,6.337890148162842,2.0,0.25657981634140015,5.415584564208984,4.6875,74.87715911865234,6.055263042449951,3.125,0.6275429129600525,0.052179884165525436,2855.0,101909.0,100742384.0,35.69491958618164,0.11587723344564438,3.2387020587921143,7.841986179351807,2.7361802494851872e-06,0.0,0.08889508992433548,1067,1097,1040,990,938,957,974,1004,956,907,905,830,889,910,894,861,920,893,905,924,892,896,847,958,1020,1023,1051,1065,1080,1128,1086,1098,1080,1098,1099,988,992,1038,1051,1024,1001,925,889,812,780,796,797,830,828,857,798,841,877,860,827,808,880,905,939,936,1056,1023,1016,989,987,1008,1084,1064,1053,1066,1151,1146,1082,1065,1034,1003,1000,908,918,910,892,896,957,878,903,892,862,890,892,906,846,872,955,1037,1016,1143,1098,1053,1021,999,1050,1006,938,967,1016,909,874,830,912,985,858,909,936,937,910,845,841,952,957,960,941,924,938,896,938,1037,985,1040,1132,1150,1165,1144,1167,1183,1151,1131,1082,1015,973,911,876,872,890,939,968,940,925,857,888,830,829,874,887,891,861,928,975,1017,1023,1052,1099,1211,1246,1175,1152,1072,1067,1016,1064,1022,1024,934,904,827,763,654,637,681,700,824,919,1065,1102,1193,1167,1118,1151,1081,1040,986,937,872,891,826,809,800,813,841,794,923,944,984,1003,974,957,971,1005,1034,1068,1040,1040,941,956,910,823,846,967,1069,1113,1079,1007,1007,973,921,877,904,987,1100,1135,1096,1054,958,972,966,921,831,861,809,811,847,848,895,904,942,967,975,986,1008,1017,1112,1135,1051,1018,920,892,896,0.00048828125,0.027203883353875233,0.047037478823407405,0.033260520245950005,0.0650496190757066,0.0902779081946841,0.1015812783120769,0.14913295656195566,0.32323481156614786,0.10666458922588397,0.11426198576780276,0.150127229774045,0.16656045708468084,0.12281802254798624,0.10953183510007776,0.10306320651004806,0.06963787689846511,0.054774623681172495,0.05966629050933644,0.014874556847390447,0.06634878027915246,0.09707345631226981,0.01528562093993997,0.0824255775234734,0.03676080122015373,0.010786485368346935,0.05688424171566679,0.08164085862705807,0.049071658306254345,0.038397662600268556,0.025334222209126653,0.04263453115809194,0.04014610310760638,0.048602996633317595,0.027238917345666705,0.03316001337177665,0.014084184669781208,0.0170549308560283,0.03496584724603156,0.023478154844084585,0.01800692276815017,0.03549371454177001,0.0048828125,0.022269051271467537,0.0332174831087792,0.01800692276815017,0.032241355506287456,0.02627660946694084,0.010381001770248682,0.025559086578715626,0.0146484375,0.015440808887540914,0.022798081113142094,0.017953883116064683,0.0380859375,0.011388577919619728,0.010517900013934578,0.011759369705851851,0.01886055460530075,0.029378142493147116,0.018961413905222265,0.023212625632821705,0.013282686043686957,0.011920464468489943,0.03102027377786834,0.00834375365753665,0.006905339660024878,0.003088161777508183,0.007627196949127592,0.007109482313750506,0.01953125,0.015440808887540914,0.007873298582322802,0.004026470337517247,0.005524271728019903,0.004367320268554277,0.01727715430952552,0.014938533731228863,0.020692988379313566,0.009765625,0.0021836601342771385,0.013982247132105814,0.005258950006967289,0.009003461384075085,0.01171875,0.003521046167445302,0.009814331661250869,0.004979511243742954,0.003088161777508183,0.005940197783494355,0.005694288959809864,0.011430371006562134,0.003521046167445302,0.0318844291353799,0.01284467425582608,0.012732817197661424,0.032241355506287456,0.003088161777508183,0.00390625,0.0192608231673008,0.00390625,0.010054326309557618,0.007109482313750506,0.003088161777508183,0.003088161777508183,0.005258950006967289,0.003088161777508183,0.0021836601342771385,0.004367320268554277,0.0048828125,0.003088161777508183,0.015746597164645604,0.007042092334890604,0.007042092334890604,0.009814331661250869,0.01019561182510796,0.03538607603904968,0.011759369705851851,0.014084184669781208,0.0021836601342771385,0.01441877251975918,0.003088161777508183,0.0029296875,0.009212872199274027,0.003088161777508183,0.012079411012551739,0.009264485332524549,0.0009765625,0.0078125,1,1,1.0
8.984375,6.461282730102539,2.0,0.20748063921928406,5.014228820800781,4.6875,81.4437484741211,6.040733337402344,3.125,0.6607453227043152,0.05194174125790596,2829.0,109556.0,111953992.0,38.726051330566406,0.13177406787872314,3.7661051750183105,8.287569999694824,2.761401219686377e-06,0.0,0.09365467727184296,1071,1064,1040,988,1001,1006,983,1023,1067,1097,1040,990,938,957,974,1004,956,907,905,830,889,910,894,861,920,893,905,924,892,896,847,958,1020,1023,1051,1065,1080,1128,1086,1098,1080,1098,1099,988,992,1038,1051,1024,1001,925,889,812,780,796,797,830,828,857,798,841,877,860,827,808,880,905,939,936,1056,1023,1016,989,987,1008,1084,1064,1053,1066,1151,1146,1082,1065,1034,1003,1000,908,918,910,892,896,957,878,903,892,862,890,892,906,846,872,955,1037,1016,1143,1098,1053,1021,999,1050,1006,938,967,1016,909,874,830,912,985,858,909,936,937,910,845,841,952,957,960,941,924,938,896,938,1037,985,1040,1132,1150,1165,1144,1167,1183,1151,1131,1082,1015,973,911,876,872,890,939,968,940,925,857,888,830,829,874,887,891,861,928,975,1017,1023,1052,1099,1211,1246,1175,1152,1072,1067,1016,1064,1022,1024,934,904,827,763,654,637,681,700,824,919,1065,1102,1193,1167,1118,1151,1081,1040,986,937,872,891,826,809,800,813,841,794,923,944,984,1003,974,957,971,1005,1034,1068,1040,1040,941,956,910,823,846,967,1069,1113,1079,1007,1007,973,921,877,904,987,1100,1135,1096,1054,958,972,966,921,831,861,809,811,847,848,895,904,942,967,975,986,1008,0.0009765625,0.026294750034836445,0.04848512338791566,0.03250647847088523,0.06466731691852853,0.08865767713977347,0.10167980755371323,0.14924801844011457,0.3244921898511797,0.10355707454340472,0.11533777802416163,0.1511149612260403,0.163789067158061,0.12058866437838384,0.11186650249240303,0.10167980755371323,0.06670715374194557,0.051840661874949207,0.06448271101257491,0.021126277004671814,0.06256862687359901,0.10420429821558017,0.012352647110032733,0.07600266662737996,0.03234471711265468,0.013810679320049757,0.04911051156515687,0.08218224570300486,0.057351745546976654,0.04193537217496853,0.03259437357085671,0.0377211092106015,0.03521046167445302,0.0388789633542859,0.022545696055889054,0.021945512748285382,0.005258950006967289,0.020716018980074635,0.029877067462457725,0.020600608505594715,0.009959022487485907,0.024705294220065465,0.01589728573837862,0.013601941676937616,0.025465634395322848,0.01727715430952552,0.02298555135925746,0.01760523083722651,0.020132351687586234,0.027151247606362977,0.02378085090212094,0.024119314521930602,0.022032254243512652,0.013982247132105814,0.03360283307438526,0.017469281074217108,0.014517645261053229,0.013028968812623373,0.0166015625,0.03168941550700772,0.01727715430952552,0.020600608505594715,0.01589728573837862,0.009003461384075085,0.033203125,0.007437278423695223,0.007627196949127592,0.0027621358640099515,0.007873298582322802,0.007627196949127592,0.02039122365021592,0.016630260122975003,0.007109482313750506,0.005258950006967289,0.0041432037960149265,0.006176323555016366,0.01589728573837862,0.012506102026236032,0.0185803687406645,0.010918300671385692,0.0029296875,0.013879560940968648,0.001953125,0.007873298582322802,0.010517900013934578,0.0078125,0.011134525635733769,0.007042092334890604,0.0041432037960149265,0.007042092334890604,0.0048828125,0.00834375365753665,0.0009765625,0.0283875817456028,0.013282686043686957,0.011388577919619728,0.031143005310746045,0.00390625,0.003088161777508183,0.019773883526676354,0.005694288959809864,0.0078125,0.004979511243742954,0.0013810679320049757,0.003521046167445302,0.005859375,0.00390625,0.001953125,0.004367320268554277,0.006253051013118016,0.003088161777508183,0.015440808887540914,0.005694288959809864,0.006905339660024878,0.010054326309557618,0.009765625,0.03625138904935661,0.01188039556698871,0.013982247132105814,0.0009765625,0.013982247132105814,0.003088161777508183,0.003088161777508183,0.008843149548962322,0.003088161777508183,0.012506102026236032,0.008843149548962322,0.0,0.0078125,1,1,1.0
8.203125,6.370869159698486,2.0,0.20878997445106506,5.4743475914001465,4.6875,82.33330535888672,5.91904878616333,3.125,0.6690031290054321,0.05156397819519043,2788.0,110410.0,113188824.0,39.601863861083984,0.1222069039940834,3.9249911308288574,8.34469985961914,1.1205988812434953e-05,0.0,0.0899660512804985,894,967,967,954,1008,986,1000,1052,1071,1064,1040,988,1001,1006,983,1023,1067,1097,1040,990,938,957,974,1004,956,907,905,830,889,910,894,861,920,893,905,924,892,896,847,958,1020,1023,1051,1065,1080,1128,1086,1098,1080,1098,1099,988,992,1038,1051,1024,1001,925,889,812,780,796,797,830,828,857,798,841,877,860,827,808,880,905,939,936,1056,1023,1016,989,987,1008,1084,1064,1053,1066,1151,1146,1082,1065,1034,1003,1000,908,918,910,892,896,957,878,903,892,862,890,892,906,846,872,955,1037,1016,1143,1098,1053,1021,999,1050,1006,938,967,1016,909,874,830,912,985,858,909,936,937,910,845,841,952,957,960,941,924,938,896,938,1037,985,1040,1132,1150,1165,1144,1167,1183,1151,1131,1082,1015,973,911,876,872,890,939,968,940,925,857,888,830,829,874,887,891,861,928,975,1017,1023,1052,1099,1211,1246,1175,1152,1072,1067,1016,1064,1022,1024,934,904,827,763,654,637,681,700,824,919,1065,1102,1193,1167,1118,1151,1081,1040,986,937,872,891,826,809,800,813,841,794,923,944,984,1003,974,957,971,1005,1034,1068,1040,1040,941,956,910,823,846,967,1069,1113,1079,1007,1007,973,921,877,904,987,1100,1135,1096,1054,958,972,966,921,831,861,809,811,847,0.0009765625,0.020600608505594715,0.05455655360727899,0.039571874197958615,0.0578237161839354,0.08752637193264329,0.1069235601028984,0.15235626951762807,0.3176366172686688,0.1105975894051338,0.11608366849311884,0.14389972353041164,0.1634626776884262,0.1232211377625767,0.11759775194367889,0.09544868120947982,0.06693550581325701,0.04883788964863276,0.06886670004790618,0.0264394265052361,0.05978604634771081,0.10705281061351872,0.016253239235442616,0.07692560778635929,0.035814689103305174,0.01589728573837862,0.04865202619953574,0.07936635848937056,0.05371981460732448,0.0411664822428867,0.029700988917471777,0.037314400731528904,0.03742923417331406,0.042578572962093046,0.02568934851165216,0.025334222209126653,0.003088161777508183,0.023940723969006372,0.03221176270013797,0.022032254243512652,0.0078125,0.021439939843847802,0.018425744398548053,0.01179984958358845,0.026240290708094537,0.01886055460530075,0.024472586105745445,0.015440808887540914,0.020716018980074635,0.0242573092741684,0.021506558149946522,0.022798081113142094,0.022714264354712906,0.01516032685181643,0.03452669830012439,0.015254393898255184,0.014084184669781208,0.014778072217208551,0.020132351687586234,0.029313146523053973,0.019555648822754675,0.018657200365764452,0.01760523083722651,0.007109482313750506,0.034938562148434216,0.005694288959809864,0.009618025197066508,0.0009765625,0.009212872199274027,0.009814331661250869,0.018657200365764452,0.01760523083722651,0.009264485332524549,0.0078125,0.005694288959809864,0.008052940675034493,0.014906579611790769,0.01019561182510796,0.01824369305885684,0.01188039556698871,0.004367320268554277,0.013982247132105814,0.0009765625,0.007873298582322802,0.01179984958358845,0.007627196949127592,0.009618025197066508,0.007109482313750506,0.0048828125,0.006253051013118016,0.005524271728019903,0.008843149548962322,0.0021836601342771385,0.02847144479904932,0.01313830473347042,0.011759369705851851,0.03126525506559008,0.004367320268554277,0.003521046167445302,0.019555648822754675,0.005258950006967289,0.007627196949127592,0.006905339660024878,0.0013810679320049757,0.0027621358640099515,0.005258950006967289,0.004367320268554277,0.0021836601342771385,0.0048828125,0.007109482313750506,0.004026470337517247,0.014084184669781208,0.0048828125,0.005524271728019903,0.011388577919619728,0.008843149548962322,0.0341796875,0.01441877251975918,0.016105881350068987,0.0027621358640099515,0.014084184669781208,0.0048828125,0.0029296875,0.007627196949127592,0.0021836601342771385,0.014680953494504793,0.0065509804028314154,0.0029296875,0.009765625,1,1,1.0
8.203125,6.42083215713501,3.0,0.2156381756067276,5.406752586364746,4.6875,79.186767578125,5.958869934082031,3.125,0.661934494972229,0.051489945501089096,2780.0,105794.0,105800712.0,38.055397033691406,0.12242735922336578,3.7759296894073486,8.132805824279785,1.1240374988119584e-05,0.0,0.09630053490400314,970,893,809,793,779,791,827,843,894,967,967,954,1008,986,1000,1052,1071,1064,1040,988,1001,1006,983,1023,1067,1097,1040,990,938,957,974,1004,956,907,905,830,889,910,894,861,920,893,905,924,892,896,847,958,1020,1023,1051,1065,1080,1128,1086,1098,1080,1098,1099,988,992,1038,1051,1024,1001,925,889,812,780,796,797,830,828,857,798,841,877,860,827,808,880,905,939,936,1056,1023,1016,989,987,1008,1084,1064,1053,1066,1151,1146,1082,1065,1034,1003,1000,908,918,910,892,896,957,878,903,892,862,890,892,906,846,872,955,1037,1016,1143,1098,1053,1021,999,1050,1006,938,967,1016,909,874,830,912,985,858,909,936,937,910,845,841,952,957,960,941,924,938,896,938,1037,985,1040,1132,1150,1165,1144,1167,1183,1151,1131,1082,1015,973,911,876,872,890,939,968,940,925,857,888,830,829,874,887,891,861,928,975,1017,1023,1052,1099,1211,1246,1175,1152,1072,1067,1016,1064,1022,1024,934,904,827,763,654,637,681,700,824,919,1065,1102,1193,1167,1118,1151,1081,1040,986,937,872,891,826,809,800,813,841,794,923,944,984,1003,974,957,971,1005,1034,1068,1040,1040,941,956,910,823,846,967,1069,1113,1079,1007,1007,973,921,877,904,987,1100,1135,1096,1054,958,0.0009765625,0.025202124805788945,0.050706074163074884,0.03152346170228315,0.0649689350721871,0.08297908510253126,0.10966235967679527,0.15766268124425928,0.321183671449319,0.11368882095550954,0.10871908515775444,0.14065551426747427,0.16990223036588067,0.1315716390085882,0.11971556969314028,0.08678229126187068,0.07001347003490203,0.048867171887487515,0.07657146790590882,0.034938562148434216,0.051711727714350494,0.10990125211882328,0.024647323172117114,0.08465169114363022,0.04337740686428283,0.016164985700436375,0.057691622998991915,0.08516274523680839,0.05336357848560254,0.03430501576220761,0.037288834164134345,0.030289184412638327,0.03889122607761695,0.03527810911755555,0.02132844694125152,0.01824369305885684,0.009959022487485907,0.0166015625,0.0283875817456028,0.019628663322501738,0.011134525635733769,0.026565372087373914,0.014874556847390447,0.010054326309557618,0.02157297073669387,0.0166015625,0.018657200365764452,0.011759369705851851,0.02417855156863271,0.022269051271467537,0.022032254243512652,0.021126277004671814,0.02489755621871477,0.016016815885602272,0.03614600688148779,0.011759369705851851,0.016164985700436375,0.0166875073150733,0.021035800027869155,0.030414866215619993,0.017387200990981306,0.01886055460530075,0.0166015625,0.007873298582322802,0.0328276099882258,0.007873298582322802,0.005859375,0.0048828125,0.005258950006967289,0.0068359375,0.022269051271467537,0.013101960805662831,0.009003461384075085,0.006905339660024878,0.010786485368346935,0.009959022487485907,0.010786485368346935,0.009003461384075085,0.013282686043686957,0.016164985700436375,0.008400708268596315,0.016630260122975003,0.003088161777508183,0.005859375,0.015776850020901866,0.007109482313750506,0.007109482313750506,0.004026470337517247,0.0048828125,0.005694288959809864,0.0041432037960149265,0.008734640537108554,0.003521046167445302,0.029035290522106457,0.012732817197661424,0.012732817197661424,0.030414866215619993,0.005258950006967289,0.003088161777508183,0.019773883526676354,0.006253051013118016,0.007873298582322802,0.0048828125,0.0027621358640099515,0.004367320268554277,0.004979511243742954,0.004367320268554277,0.0,0.003088161777508183,0.008843149548962322,0.003521046167445302,0.013282686043686957,0.0013810679320049757,0.005694288959809864,0.0126953125,0.009212872199274027,0.032754902014157074,0.015440808887540914,0.01589728573837862,0.0048828125,0.009765625,0.007437278423695223,0.0027621358640099515,0.0078125,0.0048828125,0.010563138502335907,0.009765625,0.0009765625,0.0068359375,1,1,1.0
8.203125,6.240094184875488,3.0,0.22489053010940552,5.601363658905029,4.6875,77.86883544921875,5.889729022979736,3.125,0.6576929092407227,0.052125025540590286,2849.0,108170.0,111594504.0,37.967708587646484,0.11741656810045242,3.5736231803894043,8.052888870239258,1.096812957257498e-05,0.0,0.09464854747056961,1098,1024,1003,985,1117,1064,1051,1021,970,893,809,793,779,791,827,843,894,967,967,954,1008,986,1000,1052,1071,1064,1040,988,1001,1006,983,1023,1067,1097,1040,990,938,957,974,1004,956,907,905,830,889,910,894,861,920,893,905,924,892,896,847,958,1020,1023,1051,1065,1080,1128,1086,1098,1080,1098,1099,988,992,1038,1051,1024,1001,925,889,812,780,796,797,830,828,857,798,841,877,860,827,808,880,905,939,936,1056,1023,1016,989,987,1008,1084,1064,1053,1066,1151,1146,1082,1065,1034,1003,1000,908,918,910,892,896,957,878,903,892,862,890,892,906,846,872,955,1037,1016,1143,1098,1053,1021,999,1050,1006,938,967,1016,909,874,830,912,985,858,909,936,937,910,845,841,952,957,960,941,924,938,896,938,1037,985,1040,1132,1150,1165,1144,1167,1183,1151,1131,1082,1015,973,911,876,872,890,939,968,940,925,857,888,830,829,874,887,891,861,928,975,1017,1023,1052,1099,1211,1246,1175,1152,1072,1067,1016,1064,1022,1024,934,904,827,763,654,637,681,700,824,919,1065,1102,1193,1167,1118,1151,1081,1040,986,937,872,891,826,809,800,813,841,794,923,944,984,1003,974,957,971,1005,1034,1068,1040,1040,941,956,910,823,846,967,1069,1113,1079,1007,1007,973,921,0.00244140625,0.0224609375,0.049957638915736964,0.0390625,0.06664994347949826,0.09173971791042937,0.10152962959666088,0.15415155835052247,0.331980981948497,0.11446212368634902,0.09588232584869982,0.1326472432344348,0.17656347223875019,0.14019370166600356,0.13267240428178784,0.08015549806238438,0.05781546920162377,0.033673710253059895,0.06466731691852853,0.023640075072090243,0.05953027599268817,0.10047209880937173,0.008843149548962322,0.06958307627860766,0.032754902014157074,0.026294750034836445,0.043891025496570764,0.06789743474909647,0.03712222228271135,0.033730304764004966,0.03869455616437295,0.022798081113142094,0.05392358473546298,0.034938562148434216,0.02833714478231818,0.0021836601342771385,0.025559086578715626,0.006253051013118016,0.029652786036501906,0.029133659941750583,0.0185803687406645,0.0333750146301466,0.024954945974962183,0.004367320268554277,0.01878455474772592,0.02883754503951836,0.029133659941750583,0.01708286687942959,0.014517645261053229,0.023457836229422487,0.017469281074217108,0.02157297073669387,0.016016815885602272,0.015440808887540914,0.03430501576220761,0.02039122365021592,0.009003461384075085,0.010381001770248682,0.021945512748285382,0.02286074201312427,0.025465634395322848,0.0126953125,0.024158822025103478,0.0021836601342771385,0.036916129241085546,0.005694288959809864,0.007873298582322802,0.00834375365753665,0.00390625,0.00390625,0.02580047815160724,0.009959022487485907,0.010563138502335907,0.008052940675034493,0.012236293052872722,0.011430371006562134,0.009212872199274027,0.008052940675034493,0.013879560940968648,0.015254393898255184,0.008734640537108554,0.016105881350068987,0.0029296875,0.005694288959809864,0.015746597164645604,0.008400708268596315,0.005258950006967289,0.0021836601342771385,0.004367320268554277,0.005258950006967289,0.0021836601342771385,0.006253051013118016,0.0048828125,0.025353037081537442,0.01589728573837862,0.008734640537108554,0.03401186477982031,0.0013810679320049757,0.003521046167445302,0.023212625632821705,0.006253051013118016,0.005524271728019903,0.0027621358640099515,0.0048828125,0.007873298582322802,0.008052940675034493,0.003088161777508183,0.0048828125,0.004026470337517247,0.01313830473347042,0.007042092334890604,0.010918300671385692,0.0041432037960149265,0.003088161777508183,0.016370170521718956,0.0126953125,0.035507146411519225,0.01179984958358845,0.0126953125,0.0027621358640099515,0.01179984958358845,0.0041432037960149265,0.0021836601342771385,0.00834375365753665,0.0027621358640099515,0.012732817197661424,0.00834375365753665,0.0021836601342771385,0.0087890625,1,1,1.0
8.203125,6.461217880249023,2.0,0.21218067407608032,5.946755409240723,4.6875,82.13046264648438,5.8596577644348145,3.125,0.6744110584259033,0.05191419646143913,2826.0,115565.0,124451824.0,40.893489837646484,0.11340824514627457,3.5352871417999268,8.354490280151367,6.908902287250385e-05,0.0,0.0882086530327797,1096,1084,1017,988,1016,1005,984,1080,1098,1024,1003,985,1117,1064,1051,1021,970,893,809,793,779,791,827,843,894,967,967,954,1008,986,1000,1052,1071,1064,1040,988,1001,1006,983,1023,1067,1097,1040,990,938,957,974,1004,956,907,905,830,889,910,894,861,920,893,905,924,892,896,847,958,1020,1023,1051,1065,1080,1128,1086,1098,1080,1098,1099,988,992,1038,1051,1024,1001,925,889,812,780,796,797,830,828,857,798,841,877,860,827,808,880,905,939,936,1056,1023,1016,989,987,1008,1084,1064,1053,1066,1151,1146,1082,1065,1034,1003,1000,908,918,910,892,896,957,878,903,892,862,890,892,906,846,872,955,1037,1016,1143,1098,1053,1021,999,1050,1006,938,967,1016,909,874,830,912,985,858,909,936,937,910,845,841,952,957,960,941,924,938,896,938,1037,985,1040,1132,1150,1165,1144,1167,1183,1151,1131,1082,1015,973,911,876,872,890,939,968,940,925,857,888,830,829,874,887,891,861,928,975,1017,1023,1052,1099,1211,1246,1175,1152,1072,1067,1016,1064,1022,1024,934,904,827,763,654,637,681,700,824,919,1065,1102,1193,1167,1118,1151,1081,1040,986,937,872,891,826,809,800,813,841,794,923,944,984,1003,974,957,971,1005,1034,1068,1040,1040,941,956,910,823,846,0.0009765625,0.024119314521930602,0.04883788964863276,0.04018171994422067,0.07152945342667964,0.09173971791042937,0.10490663282809207,0.16032884183581586,0.32833564899486456,0.1203353265683544,0.10054326309557618,0.13221155980250046,0.17033948771984772,0.13382113552603178,0.12506102026236032,0.0826624248195683,0.06720566614877052,0.04014610310760638,0.07418019146419118,0.033969779552590014,0.05027163154778809,0.09244906285967865,0.013601941676937616,0.0707990975015307,0.021836601342771385,0.031204190055996988,0.032359456105040804,0.056218117049313496,0.02847144479904932,0.036851488797096106,0.04501730692037543,0.0205078125,0.06284238493436003,0.03032065370363286,0.027413415718004295,0.014680953494504793,0.0318844291353799,0.007873298582322802,0.04163868282290594,0.03521046167445302,0.007042092334890604,0.020132351687586234,0.02161713244255728,0.009765625,0.023457836229422487,0.015776850020901866,0.01760523083722651,0.0065509804028314154,0.02751758360079174,0.013028968812623373,0.012506102026236032,0.010563138502335907,0.013879560940968648,0.025559086578715626,0.023212625632821705,0.029378142493147116,0.015625,0.0013810679320049757,0.021945512748285382,0.017820593350483065,0.03317439013957623,0.006905339660024878,0.031158312760827766,0.007042092334890604,0.03869455616437295,0.013282686043686957,0.009003461384075085,0.013671875,0.0029296875,0.009618025197066508,0.024492062898407135,0.011430371006562134,0.012506102026236032,0.008734640537108554,0.009003461384075085,0.009003461384075085,0.01171875,0.010918300671385692,0.012732817197661424,0.01727715430952552,0.009765625,0.01878455474772592,0.004026470337517247,0.004026470337517247,0.014874556847390447,0.007437278423695223,0.006905339660024878,0.0027621358640099515,0.007109482313750506,0.007437278423695223,0.003088161777508183,0.0065509804028314154,0.0078125,0.023212625632821705,0.018961413905222265,0.005694288959809864,0.03712222228271135,0.004026470337517247,0.006253051013118016,0.026294750034836445,0.0107421875,0.0009765625,0.003088161777508183,0.006905339660024878,0.007873298582322802,0.003088161777508183,0.005524271728019903,0.001953125,0.003088161777508183,0.00834375365753665,0.0029296875,0.014680953494504793,0.0013810679320049757,0.008052940675034493,0.01875915303935405,0.013879560940968648,0.0342911130196864,0.012079411012551739,0.009003461384075085,0.004026470337517247,0.014218964627501012,0.0029296875,0.004367320268554277,0.008400708268596315,0.0027621358640099515,0.013982247132105814,0.007109482313750506,0.0013810679320049757,0.0068359375,1,1,1.0
8.203125,6.658174991607666,3.0,0.20647433400154114,6.035092353820801,4.6875,81.82264709472656,5.9046854972839355,3.125,0.6807303428649902,0.05178544297814369,2812.0,113041.0,119174960.0,40.199501037597656,0.11279534548521042,3.7153985500335693,8.32677173614502,1.1110925697721541e-05,0.0,0.0920906662940979,906,872,846,831,859,942,955,1038,1096,1084,1017,988,1016,1005,984,1080,1098,1024,1003,985,1117,1064,1051,1021,970,893,809,793,779,791,827,843,894,967,967,954,1008,986,1000,1052,1071,1064,1040,988,1001,1006,983,1023,1067,1097,1040,990,938,957,974,1004,956,907,905,830,889,910,894,861,920,893,905,924,892,896,847,958,1020,1023,1051,1065,1080,1128,1086,1098,1080,1098,1099,988,992,1038,1051,1024,1001,925,889,812,780,796,797,830,828,857,798,841,877,860,827,808,880,905,939,936,1056,1023,1016,989,987,1008,1084,1064,1053,1066,1151,1146,1082,1065,1034,1003,1000,908,918,910,892,896,957,878,903,892,862,890,892,906,846,872,955,1037,1016,1143,1098,1053,1021,999,1050,1006,938,967,1016,909,874,830,912,985,858,909,936,937,910,845,841,952,957,960,941,924,938,896,938,1037,985,1040,1132,1150,1165,1144,1167,1183,1151,1131,1082,1015,973,911,876,872,890,939,968,940,925,857,888,830,829,874,887,891,861,928,975,1017,1023,1052,1099,1211,1246,1175,1152,1072,1067,1016,1064,1022,1024,934,904,827,763,654,637,681,700,824,919,1065,1102,1193,1167,1118,1151,1081,1040,986,937,872,891,826,809,800,813,841,794,923,944,984,1003,974,957,971,1005,1034,0.001953125,0.02231183527108567,0.06192515180659254,0.04609540516096073,0.04976637619625354,0.10648562166823422,0.08303078726171866,0.14382348877304973,0.35059137791739764,0.12488550664711984,0.08140103900068245,0.10951877408664419,0.16101439777704324,0.11971556969314028,0.12846901462892352,0.10630186722300627,0.07690080907269543,0.06337883101401544,0.0933626437712275,0.055492471270216295,0.027151247606362977,0.08278347442391695,0.03582800064032059,0.07794167945013639,0.004026470337517247,0.04769185721513586,0.021417687694786434,0.03889122607761695,0.010563138502335907,0.03430501576220761,0.061585410255576414,0.00834375365753665,0.056623785212204,0.015746597164645604,0.014778072217208551,0.017686299097924643,0.021683206358568866,0.009765625,0.03549371454177001,0.02763861659782208,0.009003461384075085,0.026002982335340524,0.01953125,0.006253051013118016,0.01933495104806966,0.018657200365764452,0.0170549308560283,0.005859375,0.027203883353875233,0.012079411012551739,0.00834375365753665,0.01171875,0.008843149548962322,0.024492062898407135,0.027930370402490412,0.02833714478231818,0.009003461384075085,0.00834375365753665,0.02510734400816883,0.02003738723504218,0.02652944864688696,0.0107421875,0.023619895746968406,0.0013810679320049757,0.037695818487536684,0.006176323555016366,0.011134525635733769,0.011388577919619728,0.005694288959809864,0.005694288959809864,0.02847144479904932,0.006905339660024878,0.0146484375,0.010918300671385692,0.011388577919619728,0.010918300671385692,0.011134525635733769,0.009765625,0.013028968812623373,0.0166015625,0.008734640537108554,0.01708286687942959,0.0013810679320049757,0.007437278423695223,0.014517645261053229,0.012236293052872722,0.003088161777508183,0.0029296875,0.007873298582322802,0.004367320268554277,0.004979511243742954,0.0009765625,0.004979511243742954,0.026939676219011176,0.0146484375,0.013982247132105814,0.029893023173855404,0.004367320268554277,0.004367320268554277,0.020320949264340638,0.004026470337517247,0.007042092334890604,0.003521046167445302,0.007873298582322802,0.01179984958358845,0.009264485332524549,0.00834375365753665,0.0065509804028314154,0.007042092334890604,0.009765625,0.004367320268554277,0.014680953494504793,0.0021836601342771385,0.009003461384075085,0.0170549308560283,0.013706707859002147,0.0341098617120566,0.012352647110032733,0.009212872199274027,0.003521046167445302,0.013601941676937616,0.004026470337517247,0.0021836601342771385,0.008052940675034493,0.0027621358640099515,0.012506102026236032,0.007873298582322802,0.0021836601342771385,0.009765625,1,1,1.0
7.421875,6.471150875091553,2.0,0.23536542057991028,7.089865684509277,4.6875,95.0987548828125,5.764171600341797,3.125,0.6701169610023499,0.05187744274735451,2822.0,128885.0,144211616.0,45.6715087890625,0.09451758861541748,4.741033554077148,9.171299934387207,4.4282198359724134e-05,0.0,0.08802269399166107,862,823,831,796,844,889,828,877,906,872,846,831,859,942,955,1038,1096,1084,1017,988,1016,1005,984,1080,1098,1024,1003,985,1117,1064,1051,1021,970,893,809,793,779,791,827,843,894,967,967,954,1008,986,1000,1052,1071,1064,1040,988,1001,1006,983,1023,1067,1097,1040,990,938,957,974,1004,956,907,905,830,889,910,894,861,920,893,905,924,892,896,847,958,1020,1023,1051,1065,1080,1128,1086,1098,1080,1098,1099,988,992,1038,1051,1024,1001,925,889,812,780,796,797,830,828,857,798,841,877,860,827,808,880,905,939,936,1056,1023,1016,989,987,1008,1084,1064,1053,1066,1151,1146,1082,1065,1034,1003,1000,908,918,910,892,896,957,878,903,892,862,890,892,906,846,872,955,1037,1016,1143,1098,1053,1021,999,1050,1006,938,967,1016,909,874,830,912,985,858,909,936,937,910,845,841,952,957,960,941,924,938,896,938,1037,985,1040,1132,1150,1165,1144,1167,1183,1151,1131,1082,1015,973,911,876,872,890,939,968,940,925,857,888,830,829,874,887,891,861,928,975,1017,1023,1052,1099,1211,1246,1175,1152,1072,1067,1016,1064,1022,1024,934,904,827,763,654,637,681,700,824,919,1065,1102,1193,1167,1118,1151,1081,1040,986,937,872,891,826,809,800,813,841,794,923,0.0029296875,0.040430159266571196,0.08854465853554229,0.07074519639169857,0.031310975667737106,0.1343900450334829,0.06149242770090299,0.1476193013460056,0.36570929183275136,0.15135458616901745,0.09533370985832641,0.10104472886521747,0.13847229255581806,0.1025390625,0.10563138502335906,0.09644759863379991,0.0880965469636243,0.05371981460732448,0.08779291443616229,0.04421574774481161,0.044538102542935075,0.0881560661803516,0.020108652619115236,0.07580163425908215,0.013566839833447074,0.03406789754396955,0.018165112536853784,0.04005097002814429,0.019628663322501738,0.04336641271713773,0.0634765625,0.015655487833868553,0.0629030582624528,0.0126953125,0.010918300671385692,0.02161713244255728,0.017953883116064683,0.011134525635733769,0.031035641761856844,0.02681548870653512,0.01171875,0.024119314521930602,0.02286074201312427,0.01019561182510796,0.023619895746968406,0.014084184669781208,0.010918300671385692,0.0029296875,0.030835260554388563,0.009618025197066508,0.003521046167445302,0.01727715430952552,0.008843149548962322,0.01800692276815017,0.03500673501745102,0.02132844694125152,0.009765625,0.009264485332524549,0.0185803687406645,0.024492062898407135,0.029296875,0.010517900013934578,0.029378142493147116,0.0048828125,0.03936649291161401,0.010517900013934578,0.006905339660024878,0.011430371006562134,0.0013810679320049757,0.005859375,0.025633603024231812,0.009003461384075085,0.011920464468489943,0.009814331661250869,0.011759369705851851,0.011920464468489943,0.0087890625,0.008052940675034493,0.013601941676937616,0.014680953494504793,0.0078125,0.013982247132105814,0.004026470337517247,0.01313830473347042,0.018657200365764452,0.014778072217208551,0.0021836601342771385,0.006905339660024878,0.005258950006967289,0.0021836601342771385,0.004367320268554277,0.0087890625,0.0027621358640099515,0.027361183058831836,0.01680141653719263,0.007437278423695223,0.036916129241085546,0.004026470337517247,0.004979511243742954,0.02489755621871477,0.009003461384075085,0.004979511243742954,0.003521046167445302,0.003521046167445302,0.007627196949127592,0.00834375365753665,0.005258950006967289,0.006253051013118016,0.005524271728019903,0.01179984958358845,0.007042092334890604,0.01188039556698871,0.0021836601342771385,0.005694288959809864,0.015655487833868553,0.010918300671385692,0.03274034104343791,0.015191747252054731,0.012236293052872722,0.006176323555016366,0.011759369705851851,0.001953125,0.005258950006967289,0.0107421875,0.003088161777508183,0.016716057391234072,0.006176323555016366,0.003088161777508183,0.0048828125,1,1,1.0
7.421875,6.560175895690918,1.0,0.19147995114326477,7.22932767868042,3.515625,99.35662078857422,5.5939459800720215,3.125,0.710271418094635,0.05287885293364525,2932.0,140240.0,167307056.0,47.830833435058594,0.09824861586093903,5.8382248878479,9.444116592407227,9.592249261913821e-05,0.0,0.08737912774085999,1050,971,1007,1036,973,959,934,956,862,823,831,796,844,889,828,877,906,872,846,831,859,942,955,1038,1096,1084,1017,988,1016,1005,984,1080,1098,1024,1003,985,1117,1064,1051,1021,970,893,809,793,779,791,827,843,894,967,967,954,1008,986,1000,1052,1071,1064,1040,988,1001,1006,983,1023,1067,1097,1040,990,938,957,974,1004,956,907,905,830,889,910,894,861,920,893,905,924,892,896,847,958,1020,1023,1051,1065,1080,1128,1086,1098,1080,1098,1099,988,992,1038,1051,1024,1001,925,889,812,780,796,797,830,828,857,798,841,877,860,827,808,880,905,939,936,1056,1023,1016,989,987,1008,1084,1064,1053,1066,1151,1146,1082,1065,1034,1003,1000,908,918,910,892,896,957,878,903,892,862,890,892,906,846,872,955,1037,1016,1143,1098,1053,1021,999,1050,1006,938,967,1016,909,874,830,912,985,858,909,936,937,910,845,841,952,957,960,941,924,938,896,938,1037,985,1040,1132,1150,1165,1144,1167,1183,1151,1131,1082,1015,973,911,876,872,890,939,968,940,925,857,888,830,829,874,887,891,861,928,975,1017,1023,1052,1099,1211,1246,1175,1152,1072,1067,1016,1064,1022,1024,934,904,827,763,654,637,681,700,824,919,1065,1102,1193,1167,1118,1151,1081,1040,986,937,872,0.00146484375,0.03149319432929121,0.04606436099637014,0.03179457147675724,0.037998196207702575,0.11593158388080999,0.053790778726251605,0.10878485460892594,0.4016237204822493,0.1683118996650197,0.09258821971598645,0.07820430545125556,0.10340962290746099,0.07847820547993922,0.07427655027268132,0.08717700744715551,0.09683246293937922,0.0352916230460794,0.0675806651437342,0.02132844694125152,0.05815263644906018,0.10682093987510492,0.03363120187055188,0.09053108347520929,0.009003461384075085,0.04530239650290313,0.014874556847390447,0.03614600688148779,0.01313830473347042,0.0386328914938525,0.0615931524657089,0.0146484375,0.06298638865858242,0.013566839833447074,0.010918300671385692,0.023518739411703703,0.014680953494504793,0.012079411012551739,0.02883754503951836,0.03066468450802262,0.013101960805662831,0.01878455474772592,0.02510734400816883,0.016016815885602272,0.02161713244255728,0.01589728573837862,0.016164985700436375,0.009212872199274027,0.02458921545315268,0.0146484375,0.00966747552403483,0.013101960805662831,0.008052940675034493,0.023940723969006372,0.03356023491687418,0.025012204052472065,0.006253051013118016,0.013671875,0.016858082521125067,0.029700988917471777,0.02995676103550384,0.013282686043686957,0.035372598195849286,0.011759369705851851,0.03340357690720131,0.01313830473347042,0.005694288959809864,0.003521046167445302,0.009814331661250869,0.007627196949127592,0.03521046167445302,0.00966747552403483,0.021126277004671814,0.012732817197661424,0.001953125,0.009003461384075085,0.011430371006562134,0.011430371006562134,0.018961413905222265,0.009003461384075085,0.0068359375,0.0048828125,0.009618025197066508,0.009765625,0.020531050821902968,0.006176323555016366,0.005258950006967289,0.0021836601342771385,0.00834375365753665,0.003521046167445302,0.005940197783494355,0.007437278423695223,0.0021836601342771385,0.029523860269201122,0.016164985700436375,0.006253051013118016,0.03848449315476178,0.005859375,0.004026470337517247,0.022545696055889054,0.007109482313750506,0.008052940675034493,0.004367320268554277,0.009212872199274027,0.012079411012551739,0.004979511243742954,0.007437278423695223,0.001953125,0.0009765625,0.013601941676937616,0.011134525635733769,0.005524271728019903,0.0087890625,0.007627196949127592,0.008286407592029853,0.008052940675034493,0.027793455997573647,0.0170549308560283,0.007109482313750506,0.004979511243742954,0.015776850020901866,0.00390625,0.0009765625,0.012732817197661424,0.003088161777508183,0.019773883526676354,0.004026470337517247,0.005940197783494355,0.001953125,1,1,1.0
8.203125,6.713885307312012,1.0,0.17714540660381317,7.026345729827881,3.515625,111.57115936279297,5.790563583374023,3.125,0.7203353643417358,0.05193256214261055,2828.0,169137.0,231530160.0,59.80799102783203,0.1025192067027092,5.69389009475708,10.249878883361816,2.4855149604263715e-05,0.0,0.08766422420740128,1066,1023,1020,1067,1080,1127,1101,1134,1050,971,1007,1036,973,959,934,956,862,823,831,796,844,889,828,877,906,872,846,831,859,942,955,1038,1096,1084,1017,988,1016,1005,984,1080,1098,1024,1003,985,1117,1064,1051,1021,970,893,809,793,779,791,827,843,894,967,967,954,1008,986,1000,1052,1071,1064,1040,988,1001,1006,983,1023,1067,1097,1040,990,938,957,974,1004,956,907,905,830,889,910,894,861,920,893,905,924,892,896,847,958,1020,1023,1051,1065,1080,1128,1086,1098,1080,1098,1099,988,992,1038,1051,1024,1001,925,889,812,780,796,797,830,828,857,798,841,877,860,827,808,880,905,939,936,1056,1023,1016,989,987,1008,1084,1064,1053,1066,1151,1146,1082,1065,1034,1003,1000,908,918,910,892,896,957,878,903,892,862,890,892,906,846,872,955,1037,1016,1143,1098,1053,1021,999,1050,1006,938,967,1016,909,874,830,912,985,858,909,936,937,910,845,841,952,957,960,941,924,938,896,938,1037,985,1040,1132,1150,1165,1144,1167,1183,1151,1131,1082,1015,973,911,876,872,890,939,968,940,925,857,888,830,829,874,887,891,861,928,975,1017,1023,1052,1099,1211,1246,1175,1152,1072,1067,1016,1064,1022,1024,934,904,827,763,654,637,681,700,824,919,1065,1102,1193,0.00244140625,0.027361183058831836,0.04961283514015835,0.030649130520459405,0.04367320268554277,0.10702162650623033,0.06454922995961226,0.09808499632413843,0.41082998979818663,0.17209957363290854,0.09533370985832641,0.07295516677976469,0.08701823988259946,0.0782225952910187,0.06256862687359901,0.06783419916723538,0.08541433439714796,0.016572815184059706,0.05614172793673754,0.03102027377786834,0.03891573993197515,0.09229936439898723,0.03625138904935661,0.07064402096252666,0.015440808887540914,0.0328276099882258,0.027500249688142037,0.04769185721513586,0.03180956538066861,0.05715185503281067,0.07745070335507169,0.02231183527108567,0.054731079176570524,0.010563138502335907,0.010381001770248682,0.010918300671385692,0.0244140625,0.004367320268554277,0.0390625,0.03155370004180373,0.005940197783494355,0.0224609375,0.019773883526676354,0.010918300671385692,0.020132351687586234,0.016630260122975003,0.015746597164645604,0.0068359375,0.025353037081537442,0.011134525635733769,0.006253051013118016,0.012732817197661424,0.003088161777508183,0.022881590847382775,0.03984805813106087,0.018425744398548053,0.013101960805662831,0.0126953125,0.012236293052872722,0.024472586105745445,0.03538607603904968,0.0048828125,0.029035290522106457,0.0041432037960149265,0.037390995545071574,0.008843149548962322,0.00834375365753665,0.009003461384075085,0.003521046167445302,0.0027621358640099515,0.031310975667737106,0.004026470337517247,0.02003738723504218,0.013810679320049757,0.0013810679320049757,0.006905339660024878,0.013101960805662831,0.013566839833447074,0.021439939843847802,0.008052940675034493,0.005694288959809864,0.005859375,0.009618025197066508,0.006176323555016366,0.01516032685181643,0.012506102026236032,0.0021836601342771385,0.007873298582322802,0.006905339660024878,0.0048828125,0.006253051013118016,0.010381001770248682,0.008052940675034493,0.02229045353615884,0.01878455474772592,0.013282686043686957,0.029035290522106457,0.003521046167445302,0.008843149548962322,0.02847144479904932,0.012732817197661424,0.0048828125,0.006905339660024878,0.0021836601342771385,0.010381001770248682,0.010918300671385692,0.009765625,0.005524271728019903,0.005258950006967289,0.009765625,0.011134525635733769,0.007873298582322802,0.010918300671385692,0.008052940675034493,0.006176323555016366,0.008400708268596315,0.02763861659782208,0.016630260122975003,0.005940197783494355,0.001953125,0.013101960805662831,0.004367320268554277,0.004979511243742954,0.013028968812623373,0.003521046167445302,0.0166015625,0.0065509804028314154,0.001953125,0.0068359375,1,1,1.0
8.203125,6.666935920715332,1.0,0.13106507062911987,6.314446926116943,3.515625,114.31456756591797,5.680840969085693,3.125,0.7501378655433655,0.0511927455663681,2748.0,176980.0,251046240.0,64.40320587158203,0.11879707872867584,5.698554039001465,10.433682441711426,7.10610838723369e-05,0.0,0.08799784630537033,920,910,874,861,907,926,926,991,1066,1023,1020,1067,1080,1127,1101,1134,1050,971,1007,1036,973,959,934,956,862,823,831,796,844,889,828,877,906,872,846,831,859,942,955,1038,1096,1084,1017,988,1016,1005,984,1080,1098,1024,1003,985,1117,1064,1051,1021,970,893,809,793,779,791,827,843,894,967,967,954,1008,986,1000,1052,1071,1064,1040,988,1001,1006,983,1023,1067,1097,1040,990,938,957,974,1004,956,907,905,830,889,910,894,861,920,893,905,924,892,896,847,958,1020,1023,1051,1065,1080,1128,1086,1098,1080,1098,1099,988,992,1038,1051,1024,1001,925,889,812,780,796,797,830,828,857,798,841,877,860,827,808,880,905,939,936,1056,1023,1016,989,987,1008,1084,1064,1053,1066,1151,1146,1082,1065,1034,1003,1000,908,918,910,892,896,957,878,903,892,862,890,892,906,846,872,955,1037,1016,1143,1098,1053,1021,999,1050,1006,938,967,1016,909,874,830,912,985,858,909,936,937,910,845,841,952,957,960,941,924,938,896,938,1037,985,1040,1132,1150,1165,1144,1167,1183,1151,1131,1082,1015,973,911,876,872,890,939,968,940,925,857,888,830,829,874,887,891,861,928,975,1017,1023,1052,1099,1211,1246,1175,1152,1072,1067,1016,1064,1022,1024,934,904,827,763,654,0.00048828125,0.04325631755927754,0.04433421665162565,0.04163868282290594,0.024472586105745445,0.1251524948718812,0.05709342180563854,0.11858702066299905,0.38694679395247306,0.1467445605957956,0.07001347003490203,0.04530239650290313,0.0681777721707307,0.06210968209436658,0.03554741156875253,0.05603971381017021,0.08316276896892097,0.021683206358568866,0.057351745546976654,0.06239309705063784,0.006905339660024878,0.059498227389561786,0.0324624416769427,0.051895821310884466,0.04194674139631744,0.0166015625,0.020132351687586234,0.019236050394133015,0.01875915303935405,0.033673710253059895,0.06104882659409291,0.013282686043686957,0.07016314432299241,0.017304731588544287,0.013028968812623373,0.032285693857063556,0.009814331661250869,0.01516032685181643,0.04239901044158674,0.047138743695887386,0.008286407592029853,0.023518739411703703,0.010054326309557618,0.0048828125,0.020899350155305366,0.016016815885602272,0.012732817197661424,0.004979511243742954,0.026057937625246747,0.01179984958358845,0.007627196949127592,0.010918300671385692,0.003088161777508183,0.022545696055889054,0.045575241756164196,0.011430371006562134,0.019384212149686726,0.008400708268596315,0.019749754312653012,0.016858082521125067,0.027500249688142037,0.014084184669781208,0.02765586378614511,0.009618025197066508,0.03984805813106087,0.016858082521125067,0.003088161777508183,0.001953125,0.01284467425582608,0.009618025197066508,0.033332125323976586,0.0126953125,0.0166015625,0.0078125,0.0048828125,0.007873298582322802,0.009814331661250869,0.01188039556698871,0.018961413905222265,0.008843149548962322,0.005258950006967289,0.006905339660024878,0.008843149548962322,0.005524271728019903,0.013879560940968648,0.014938533731228863,0.003088161777508183,0.008286407592029853,0.001953125,0.005524271728019903,0.003521046167445302,0.003521046167445302,0.0048828125,0.029313146523053973,0.012732817197661424,0.008734640537108554,0.0375183060787081,0.004026470337517247,0.0013810679320049757,0.021506558149946522,0.005258950006967289,0.003088161777508183,0.001953125,0.0065509804028314154,0.003521046167445302,0.009618025197066508,0.007042092334890604,0.007873298582322802,0.007873298582322802,0.005524271728019903,0.007627196949127592,0.010786485368346935,0.01179984958358845,0.009003461384075085,0.00390625,0.008843149548962322,0.027964494264211628,0.015655487833868553,0.006253051013118016,0.003088161777508183,0.0126953125,0.003088161777508183,0.003088161777508183,0.010918300671385692,0.0009765625,0.01760523083722651,0.004367320268554277,0.004979511243742954,0.00390625,1,1,1.0
8.203125,7.020076751708984,1.0,0.11090745776891708,6.148101329803467,3.515625,115.18191528320312,5.741243362426758,3.125,0.7647109031677246,0.04762181639671326,2378.0,157001.0,196941456.0,66.02228546142578,0.1243816390633583,6.953100204467773,10.483696937561035,3.2847842703631613e-06,0.0,0.08545685559511185,889,859,829,861,889,919,840,893,920,910,874,861,907,926,926,991,1066,1023,1020,1067,1080,1127,1101,1134,1050,971,1007,1036,973,959,934,956,862,823,831,796,844,889,828,877,906,872,846,831,859,942,955,1038,1096,1084,1017,988,1016,1005,984,1080,1098,1024,1003,985,1117,1064,1051,1021,970,893,809,793,779,791,827,843,894,967,967,954,1008,986,1000,1052,1071,1064,1040,988,1001,1006,983,1023,1067,1097,1040,990,938,957,974,1004,956,907,905,830,889,910,894,861,920,893,905,924,892,896,847,958,1020,1023,1051,1065,1080,1128,1086,1098,1080,1098,1099,988,992,1038,1051,1024,1001,925,889,812,780,796,797,830,828,857,798,841,877,860,827,808,880,905,939,936,1056,1023,1016,989,987,1008,1084,1064,1053,1066,1151,1146,1082,1065,1034,1003,1000,908,918,910,892,896,957,878,903,892,862,890,892,906,846,872,955,1037,1016,1143,1098,1053,1021,999,1050,1006,938,967,1016,909,874,830,912,985,858,909,936,937,910,845,841,952,957,960,941,924,938,896,938,1037,985,1040,1132,1150,1165,1144,1167,1183,1151,1131,1082,1015,973,911,876,872,890,939,968,940,925,857,888,830,829,874,887,891,861,928,975,1017,1023,1052,1099,1211,1246,1175,1152,1072,1067,1016,0.00341796875,0.0283875817456028,0.04324529262789947,0.025334222209126653,0.04194674139631744,0.12119215381769835,0.04501730692037543,0.11992251119538087,0.3852610230846135,0.14400572214413532,0.06214038386692591,0.041718768287683256,0.07876326191964536,0.04283537538957287,0.01680141653719263,0.0658944547181146,0.09281968419690978,0.040465526084180976,0.06919825678928467,0.08304801416198945,0.014517645261053229,0.04203758447271657,0.0283203125,0.06746060952800993,0.045908825287277966,0.036812650048771024,0.007873298582322802,0.02231183527108567,0.005859375,0.03623823303765522,0.06057836882527665,0.021506558149946522,0.06366408598830711,0.004979511243742954,0.006253051013118016,0.01875915303935405,0.01528562093993997,0.010381001770248682,0.030524413297046454,0.04051263381385067,0.013810679320049757,0.012732817197661424,0.010918300671385692,0.0126953125,0.014517645261053229,0.022482157096135425,0.015254393898255184,0.0013810679320049757,0.030835260554388563,0.010786485368346935,0.006905339660024878,0.01188039556698871,0.0013810679320049757,0.02231183527108567,0.04372776011179318,0.013028968812623373,0.01875915303935405,0.007873298582322802,0.01878455474772592,0.018528970665049098,0.029700988917471777,0.010786485368346935,0.027793455997573647,0.006905339660024878,0.04014610310760638,0.01516032685181643,0.0009765625,0.0021836601342771385,0.011134525635733769,0.009003461384075085,0.03676080122015373,0.012732817197661424,0.019773883526676354,0.009003461384075085,0.006253051013118016,0.010517900013934578,0.008286407592029853,0.01019561182510796,0.0170549308560283,0.009765625,0.006176323555016366,0.005258950006967289,0.009264485332524549,0.004979511243742954,0.014778072217208551,0.01441877251975918,0.003088161777508183,0.007437278423695223,0.0009765625,0.0048828125,0.0013810679320049757,0.004367320268554277,0.0021836601342771385,0.027759121881937295,0.015746597164645604,0.009765625,0.03401186477982031,0.0009765625,0.004026470337517247,0.025012204052472065,0.007873298582322802,0.004979511243742954,0.0013810679320049757,0.0068359375,0.0068359375,0.005940197783494355,0.0029296875,0.0078125,0.008052940675034493,0.0065509804028314154,0.0041432037960149265,0.014938533731228863,0.013282686043686957,0.009003461384075085,0.0013810679320049757,0.010054326309557618,0.0285216442705278,0.014517645261053229,0.006253051013118016,0.0013810679320049757,0.01019561182510796,0.0027621358640099515,0.0048828125,0.007873298582322802,0.0021836601342771385,0.0170549308560283,0.0021836601342771385,0.007109482313750506,0.0009765625,1,1,1.0
7.8125,6.9588422775268555,1.0,0.13556532561779022,6.627951145172119,3.515625,114.94392395019531,5.777329444885254,3.125,0.7511100769042969,0.04752158373594284,2368.0,155636.0,193701440.0,65.72466278076172,0.11332462728023529,7.157323360443115,10.465736389160156,0.00016164255794137716,0.0,0.07393178343772888,1101,1071,1006,890,936,911,890,924,889,859,829,861,889,919,840,893,920,910,874,861,907,926,926,991,1066,1023,1020,1067,1080,1127,1101,1134,1050,971,1007,1036,973,959,934,956,862,823,831,796,844,889,828,877,906,872,846,831,859,942,955,1038,1096,1084,1017,988,1016,1005,984,1080,1098,1024,1003,985,1117,1064,1051,1021,970,893,809,793,779,791,827,843,894,967,967,954,1008,986,1000,1052,1071,1064,1040,988,1001,1006,983,1023,1067,1097,1040,990,938,957,974,1004,956,907,905,830,889,910,894,861,920,893,905,924,892,896,847,958,1020,1023,1051,1065,1080,1128,1086,1098,1080,1098,1099,988,992,1038,1051,1024,1001,925,889,812,780,796,797,830,828,857,798,841,877,860,827,808,880,905,939,936,1056,1023,1016,989,987,1008,1084,1064,1053,1066,1151,1146,1082,1065,1034,1003,1000,908,918,910,892,896,957,878,903,892,862,890,892,906,846,872,955,1037,1016,1143,1098,1053,1021,999,1050,1006,938,967,1016,909,874,830,912,985,858,909,936,937,910,845,841,952,957,960,941,924,938,896,938,1037,985,1040,1132,1150,1165,1144,1167,1183,1151,1131,1082,1015,973,911,876,872,890,939,968,940,925,857,888,830,829,874,887,891,861,928,975,1017,1023,1052,0.001953125,0.013566839833447074,0.054635159104294395,0.011920464468489943,0.07324869762734053,0.13747003402162325,0.01878455474772592,0.14779685455815747,0.35876545836210255,0.11871562259387583,0.03066468450802262,0.016630260122975003,0.06545883212839411,0.06149242770090299,0.038989189018900645,0.03965613379735733,0.06341643787130555,0.04655858375414147,0.0817634206599003,0.06377633541896756,0.019236050394133015,0.06972683604638219,0.027964494264211628,0.05153622969515141,0.04200354134298158,0.013028968812623373,0.026002982335340524,0.008734640537108554,0.016630260122975003,0.01727715430952552,0.04254496271639056,0.03234471711265468,0.08060634663397034,0.012352647110032733,0.0126953125,0.010563138502335907,0.028854075591199527,0.012352647110032733,0.025202124805788945,0.03582800064032059,0.021945512748285382,0.0065509804028314154,0.01284467425582608,0.017820593350483065,0.01760523083722651,0.020899350155305366,0.009814331661250869,0.005524271728019903,0.02568934851165216,0.013810679320049757,0.008052940675034493,0.014874556847390447,0.007437278423695223,0.016016815885602272,0.03712222228271135,0.019918044974971814,0.012236293052872722,0.013706707859002147,0.011388577919619728,0.0192608231673008,0.034678283016727936,0.013706707859002147,0.02157297073669387,0.01179984958358845,0.04254496271639056,0.019918044974971814,0.0065509804028314154,0.005258950006967289,0.011430371006562134,0.009264485332524549,0.03180956538066861,0.009264485332524549,0.019773883526676354,0.01188039556698871,0.0029296875,0.010517900013934578,0.007873298582322802,0.009212872199274027,0.01824369305885684,0.008843149548962322,0.004026470337517247,0.007437278423695223,0.007627196949127592,0.00834375365753665,0.01800692276815017,0.010918300671385692,0.0,0.005524271728019903,0.005694288959809864,0.005258950006967289,0.005258950006967289,0.00834375365753665,0.008052940675034493,0.02883754503951836,0.009814331661250869,0.011759369705851851,0.040430159266571196,0.007042092334890604,0.0013810679320049757,0.019918044974971814,0.009003461384075085,0.0,0.0048828125,0.001953125,0.008400708268596315,0.0065509804028314154,0.0041432037960149265,0.005524271728019903,0.005940197783494355,0.009765625,0.0029296875,0.014938533731228863,0.011759369705851851,0.008734640537108554,0.0021836601342771385,0.008052940675034493,0.0264394265052361,0.016105881350068987,0.0041432037960149265,0.0021836601342771385,0.007873298582322802,0.006253051013118016,0.008734640537108554,0.0065509804028314154,0.0048828125,0.015191747252054731,0.001953125,0.010517900013934578,0.001953125,1,1,1.0
8.203125,7.27364444732666,1.0,0.1295045018196106,5.951318264007568,2.734375,110.02899932861328,5.867676734924316,3.125,0.7452681064605713,0.04556477814912796,2177.0,134965.0,148652960.0,61.99586486816406,0.1252274066209793,5.89238166809082,10.161067962646484,5.7410841691307724e-05,0.0,0.09131169319152832,1037,1050,1083,1130,1103,1016,1040,1134,1101,1071,1006,890,936,911,890,924,889,859,829,861,889,919,840,893,920,910,874,861,907,926,926,991,1066,1023,1020,1067,1080,1127,1101,1134,1050,971,1007,1036,973,959,934,956,862,823,831,796,844,889,828,877,906,872,846,831,859,942,955,1038,1096,1084,1017,988,1016,1005,984,1080,1098,1024,1003,985,1117,1064,1051,1021,970,893,809,793,779,791,827,843,894,967,967,954,1008,986,1000,1052,1071,1064,1040,988,1001,1006,983,1023,1067,1097,1040,990,938,957,974,1004,956,907,905,830,889,910,894,861,920,893,905,924,892,896,847,958,1020,1023,1051,1065,1080,1128,1086,1098,1080,1098,1099,988,992,1038,1051,1024,1001,925,889,812,780,796,797,830,828,857,798,841,877,860,827,808,880,905,939,936,1056,1023,1016,989,987,1008,1084,1064,1053,1066,1151,1146,1082,1065,1034,1003,1000,908,918,910,892,896,957,878,903,892,862,890,892,906,846,872,955,1037,1016,1143,1098,1053,1021,999,1050,1006,938,967,1016,909,874,830,912,985,858,909,936,937,910,845,841,952,957,960,941,924,938,896,938,1037,985,1040,1132,1150,1165,1144,1167,1183,1151,1131,1082,1015,973,911,876,872,890,939,968,940,925,857,888,830,829,874,0.001953125,0.028117539157984314,0.058283684810065524,0.031035641761856844,0.07091350132668783,0.10860499042545191,0.0485735551384605,0.1378475997411436,0.3687477241057945,0.12482058046303464,0.033332125323976586,0.0342911130196864,0.06950765487997752,0.08378542022969394,0.0649689350721871,0.017304731588544287,0.041062101643805936,0.04203758447271657,0.06934281435967474,0.04515479695975348,0.018657200365764452,0.0616473207112759,0.04154696755113799,0.0498046875,0.05079063915603845,0.0300838316420886,0.011759369705851851,0.018528970665049098,0.009264485332524549,0.03152346170228315,0.05580095557485021,0.021836601342771385,0.07992315416253955,0.015440808887540914,0.013982247132105814,0.018425744398548053,0.03259437357085671,0.014218964627501012,0.029378142493147116,0.031035641761856844,0.02580047815160724,0.004026470337517247,0.015776850020901866,0.020132351687586234,0.02003738723504218,0.022482157096135425,0.010054326309557618,0.007042092334890604,0.025409398107925172,0.015655487833868553,0.01019561182510796,0.014517645261053229,0.0087890625,0.013810679320049757,0.037186392118476116,0.021836601342771385,0.007042092334890604,0.01708286687942959,0.005940197783494355,0.021506558149946522,0.0385216463346016,0.01792730444402912,0.020531050821902968,0.017304731588544287,0.040653629485348924,0.020600608505594715,0.009765625,0.009765625,0.005694288959809864,0.0021836601342771385,0.0361328125,0.012732817197661424,0.02039122365021592,0.006905339660024878,0.00834375365753665,0.006905339660024878,0.01313830473347042,0.013282686043686957,0.022482157096135425,0.0048828125,0.0013810679320049757,0.009814331661250869,0.0078125,0.008734640537108554,0.017304731588544287,0.01171875,0.001953125,0.006176323555016366,0.003088161777508183,0.003088161777508183,0.005258950006967289,0.00834375365753665,0.009618025197066508,0.02833714478231818,0.007873298582322802,0.012236293052872722,0.0412127887617367,0.009212872199274027,0.003521046167445302,0.021439939843847802,0.01179984958358845,0.004026470337517247,0.005258950006967289,0.005859375,0.007873298582322802,0.006176323555016366,0.0041432037960149265,0.006905339660024878,0.005940197783494355,0.008734640537108554,0.006905339660024878,0.010918300671385692,0.008286407592029853,0.006176323555016366,0.0048828125,0.009618025197066508,0.026939676219011176,0.016253239235442616,0.006905339660024878,0.0029296875,0.008052940675034493,0.003521046167445302,0.006905339660024878,0.007437278423695223,0.00390625,0.014778072217208551,0.001953125,0.010054326309557618,0.001953125,1,1,1.0
8.984375,7.346818923950195,1.0,0.12379767000675201,5.553656101226807,2.734375,114.73403930664062,5.977778434753418,3.125,0.7425056099891663,0.04609540477395058,2228.0,142580.0,162579696.0,63.99461364746094,0.13369672000408173,7.155834197998047,10.452723503112793,5.6085249525494874e-05,0.0,0.10261330008506775,1002,989,959,985,1040,1056,1024,1022,1037,1050,1083,1130,1103,1016,1040,1134,1101,1071,1006,890,936,911,890,924,889,859,829,861,889,919,840,893,920,910,874,861,907,926,926,991,1066,1023,1020,1067,1080,1127,1101,1134,1050,971,1007,1036,973,959,934,956,862,823,831,796,844,889,828,877,906,872,846,831,859,942,955,1038,1096,1084,1017,988,1016,1005,984,1080,1098,1024,1003,985,1117,1064,1051,1021,970,893,809,793,779,791,827,843,894,967,967,954,1008,986,1000,1052,1071,1064,1040,988,1001,1006,983,1023,1067,1097,1040,990,938,957,974,1004,956,907,905,830,889,910,894,861,920,893,905,924,892,896,847,958,1020,1023,1051,1065,1080,1128,1086,1098,1080,1098,1099,988,992,1038,1051,1024,1001,925,889,812,780,796,797,830,828,857,798,841,877,860,827,808,880,905,939,936,1056,1023,1016,989,987,1008,1084,1064,1053,1066,1151,1146,1082,1065,1034,1003,1000,908,918,910,892,896,957,878,903,892,862,890,892,906,846,872,955,1037,1016,1143,1098,1053,1021,999,1050,1006,938,967,1016,909,874,830,912,985,858,909,936,937,910,845,841,952,957,960,941,924,938,896,938,1037,985,1040,1132,1150,1165,1144,1167,1183,1151,1131,1082,1015,973,911,876,872,890,939,0.00341796875,0.05374643713209771,0.07797837803780129,0.05694288959809864,0.08926871001583156,0.09699974642061732,0.06647084404391264,0.15525193935294837,0.35392139393992406,0.10748400192096176,0.02132844694125152,0.0318844291353799,0.04894517221149089,0.09215977138596895,0.06287272891726513,0.0235996991671769,0.060531121942623965,0.0283875817456028,0.06484404414466417,0.06312251019996996,0.009618025197066508,0.061585410255576414,0.027793455997573647,0.05371981460732448,0.04244397228925924,0.016253239235442616,0.024433585943743757,0.007437278423695223,0.01284467425582608,0.020600608505594715,0.04664044506351388,0.02883754503951836,0.07258822630526614,0.003521046167445302,0.0041432037960149265,0.018165112536853784,0.021506558149946522,0.0027621358640099515,0.036773770280786586,0.026565372087373914,0.020132351687586234,0.006176323555016366,0.024954945974962183,0.029378142493147116,0.020600608505594715,0.031081700122733494,0.01188039556698871,0.01680141653719263,0.020132351687586234,0.022482157096135425,0.01589728573837862,0.02229045353615884,0.015440808887540914,0.010918300671385692,0.031081700122733494,0.0244140625,0.01188039556698871,0.0166875073150733,0.010918300671385692,0.016630260122975003,0.0341098617120566,0.01516032685181643,0.022482157096135425,0.013706707859002147,0.04154696755113799,0.020132351687586234,0.0078125,0.005940197783494355,0.009264485332524549,0.005940197783494355,0.03363120187055188,0.010918300671385692,0.019652941208494246,0.010054326309557618,0.005258950006967289,0.009003461384075085,0.008843149548962322,0.011134525635733769,0.018961413905222265,0.007873298582322802,0.0041432037960149265,0.009003461384075085,0.0048828125,0.009765625,0.01953125,0.008286407592029853,0.0021836601342771385,0.007627196949127592,0.007627196949127592,0.007042092334890604,0.005940197783494355,0.005940197783494355,0.0068359375,0.029700988917471777,0.011388577919619728,0.009264485332524549,0.03828573395295441,0.005694288959809864,0.001953125,0.01953125,0.008052940675034493,0.0013810679320049757,0.004979511243742954,0.001953125,0.009765625,0.004979511243742954,0.0021836601342771385,0.0065509804028314154,0.007437278423695223,0.006253051013118016,0.005694288959809864,0.011048543456039806,0.010054326309557618,0.004979511243742954,0.006176323555016366,0.0065509804028314154,0.023457836229422487,0.01886055460530075,0.008400708268596315,0.0048828125,0.007873298582322802,0.003088161777508183,0.006253051013118016,0.00834375365753665,0.003088161777508183,0.014906579611790769,0.001953125,0.009765625,0.0029296875,1,1,1.0
8.203125,7.227821350097656,1.0,0.13176363706588745,5.911909103393555,2.734375,111.09313201904297,5.7532477378845215,3.125,0.7426217794418335,0.04572148248553276,2192.0,131345.0,139955584.0,59.920166015625,0.12561455368995667,5.196842670440674,10.229257583618164,0.00017456857312936336,0.0,0.10001211613416672,890,904,936,907,937,922,940,971,1002,989,959,985,1040,1056,1024,1022,1037,1050,1083,1130,1103,1016,1040,1134,1101,1071,1006,890,936,911,890,924,889,859,829,861,889,919,840,893,920,910,874,861,907,926,926,991,1066,1023,1020,1067,1080,1127,1101,1134,1050,971,1007,1036,973,959,934,956,862,823,831,796,844,889,828,877,906,872,846,831,859,942,955,1038,1096,1084,1017,988,1016,1005,984,1080,1098,1024,1003,985,1117,1064,1051,1021,970,893,809,793,779,791,827,843,894,967,967,954,1008,986,1000,1052,1071,1064,1040,988,1001,1006,983,1023,1067,1097,1040,990,938,957,974,1004,956,907,905,830,889,910,894,861,920,893,905,924,892,896,847,958,1020,1023,1051,1065,1080,1128,1086,1098,1080,1098,1099,988,992,1038,1051,1024,1001,925,889,812,780,796,797,830,828,857,798,841,877,860,827,808,880,905,939,936,1056,1023,1016,989,987,1008,1084,1064,1053,1066,1151,1146,1082,1065,1034,1003,1000,908,918,910,892,896,957,878,903,892,862,890,892,906,846,872,955,1037,1016,1143,1098,1053,1021,999,1050,1006,938,967,1016,909,874,830,912,985,858,909,936,937,910,845,841,952,957,960,941,924,938,896,938,1037,985,1040,1132,1150,1165,1144,1167,1183,1151,1131,0.00341796875,0.03908690643787012,0.06253051013118016,0.05006252194521991,0.07810668730685473,0.08152981040914767,0.08082492850218188,0.15759310437913063,0.35085241874436257,0.09945607075370325,0.025781989809461104,0.034938562148434216,0.03057124187987994,0.0836943119572884,0.04542852870942581,0.03986002271866904,0.062293665757097896,0.049042498162069216,0.08093694384763074,0.04271274946997859,0.022881590847382775,0.056581663815902246,0.04037114571991091,0.06655687191948725,0.0328130812820536,0.02286074201312427,0.030289184412638327,0.023518739411703703,0.0328130812820536,0.005694288959809864,0.036461239653504826,0.040465526084180976,0.05709342180563854,0.01313830473347042,0.01313830473347042,0.0328276099882258,0.0324624416769427,0.01589728573837862,0.03385729652999944,0.031310975667737106,0.024492062898407135,0.0065509804028314154,0.016105881350068987,0.023619895746968406,0.012732817197661424,0.037378240642587185,0.020899350155305366,0.024954945974962183,0.017387200990981306,0.027413415718004295,0.01878455474772592,0.02681548870653512,0.012732817197661424,0.019384212149686726,0.038989189018900645,0.01824369305885684,0.007627196949127592,0.0192608231673008,0.00390625,0.017820593350483065,0.03489759450235476,0.022482157096135425,0.031988944051092184,0.009003461384075085,0.04217348219079919,0.02229045353615884,0.009959022487485907,0.01171875,0.013028968812623373,0.006905339660024878,0.035761393405469834,0.014778072217208551,0.022545696055889054,0.0013810679320049757,0.00834375365753665,0.005694288959809864,0.010786485368346935,0.004979511243742954,0.012732817197661424,0.0146484375,0.010381001770248682,0.012732817197661424,0.0013810679320049757,0.0166015625,0.02378085090212094,0.009765625,0.005694288959809864,0.009959022487485907,0.0029296875,0.0029296875,0.009264485332524549,0.0126953125,0.012732817197661424,0.0352916230460794,0.013566839833447074,0.005940197783494355,0.032638232357555474,0.003521046167445302,0.0065509804028314154,0.014938533731228863,0.009618025197066508,0.005694288959809864,0.009003461384075085,0.005940197783494355,0.009814331661250869,0.005524271728019903,0.005258950006967289,0.004026470337517247,0.003521046167445302,0.011134525635733769,0.003088161777508183,0.015776850020901866,0.014218964627501012,0.005694288959809864,0.010918300671385692,0.007109482313750506,0.020108652619115236,0.020108652619115236,0.013706707859002147,0.007873298582322802,0.013706707859002147,0.0048828125,0.009765625,0.009003461384075085,0.009765625,0.01933495104806966,0.0048828125,0.0078125,0.00390625,1,1,1.0
9.375,7.905871868133545,2.0,0.13924618065357208,4.816385746002197,2.734375,111.96038818359375,6.339029788970947,3.125,0.7127660512924194,0.045376017689704895,2159.0,129077.0,134643968.0,59.78554916381836,0.1479877382516861,4.956493377685547,10.293204307556152,0.0001772914984030649,0.0,0.13473178446292877,1001,940,890,871,904,861,814,830,890,904,936,907,937,922,940,971,1002,989,959,985,1040,1056,1024,1022,1037,1050,1083,1130,1103,1016,1040,1134,1101,1071,1006,890,936,911,890,924,889,859,829,861,889,919,840,893,920,910,874,861,907,926,926,991,1066,1023,1020,1067,1080,1127,1101,1134,1050,971,1007,1036,973,959,934,956,862,823,831,796,844,889,828,877,906,872,846,831,859,942,955,1038,1096,1084,1017,988,1016,1005,984,1080,1098,1024,1003,985,1117,1064,1051,1021,970,893,809,793,779,791,827,843,894,967,967,954,1008,986,1000,1052,1071,1064,1040,988,1001,1006,983,1023,1067,1097,1040,990,938,957,974,1004,956,907,905,830,889,910,894,861,920,893,905,924,892,896,847,958,1020,1023,1051,1065,1080,1128,1086,1098,1080,1098,1099,988,992,1038,1051,1024,1001,925,889,812,780,796,797,830,828,857,798,841,877,860,827,808,880,905,939,936,1056,1023,1016,989,987,1008,1084,1064,1053,1066,1151,1146,1082,1065,1034,1003,1000,908,918,910,892,896,957,878,903,892,862,890,892,906,846,872,955,1037,1016,1143,1098,1053,1021,999,1050,1006,938,967,1016,909,874,830,912,985,858,909,936,937,910,845,841,952,957,960,941,924,938,896,938,1037,985,1040,0.0029296875,0.022714264354712906,0.013982247132105814,0.07162937820661035,0.07065077049877314,0.0283875817456028,0.13482222543298686,0.19504376042684707,0.31839681767929273,0.05635366424317777,0.049890780368925004,0.04334441605697685,0.05476591755003888,0.038989189018900645,0.033969779552590014,0.05040424961157789,0.027759121881937295,0.05930557207300381,0.05869944893417468,0.05334570423338931,0.02298555135925746,0.033673710253059895,0.013671875,0.07340476747252396,0.031310975667737106,0.004979511243742954,0.03401186477982031,0.003521046167445302,0.014517645261053229,0.018347943582085875,0.04606436099637014,0.031310975667737106,0.06950079433069564,0.0027621358640099515,0.004367320268554277,0.02568934851165216,0.02681548870653512,0.009959022487485907,0.03317439013957623,0.03014716609459596,0.020108652619115236,0.006176323555016366,0.022777155839239456,0.030336376107439583,0.020132351687586234,0.03712222228271135,0.014778072217208551,0.021506558149946522,0.013706707859002147,0.016630260122975003,0.009003461384075085,0.015776850020901866,0.00966747552403483,0.011388577919619728,0.0324624416769427,0.030162978928672854,0.011388577919619728,0.022881590847382775,0.015625,0.01188039556698871,0.029700988917471777,0.011388577919619728,0.020531050821902968,0.013810679320049757,0.04325631755927754,0.020716018980074635,0.008286407592029853,0.007109482313750506,0.009003461384075085,0.006253051013118016,0.0333750146301466,0.010381001770248682,0.019236050394133015,0.00966747552403483,0.005258950006967289,0.009264485332524549,0.008843149548962322,0.011134525635733769,0.01878455474772592,0.007042092334890604,0.0041432037960149265,0.009618025197066508,0.005694288959809864,0.009618025197066508,0.01875915303935405,0.009618025197066508,0.0027621358640099515,0.007437278423695223,0.009003461384075085,0.008400708268596315,0.005524271728019903,0.005694288959809864,0.006905339660024878,0.029035290522106457,0.009003461384075085,0.009765625,0.03712222228271135,0.003521046167445302,0.0021836601342771385,0.021417687694786434,0.005859375,0.003088161777508183,0.0065509804028314154,0.0013810679320049757,0.010563138502335907,0.004026470337517247,0.0021836601342771385,0.0068359375,0.007437278423695223,0.007109482313750506,0.005258950006967289,0.011134525635733769,0.009264485332524549,0.0029296875,0.008734640537108554,0.00834375365753665,0.02376079113397742,0.017387200990981306,0.009618025197066508,0.003521046167445302,0.009003461384075085,0.00390625,0.00834375365753665,0.005258950006967289,0.0041432037960149265,0.016630260122975003,0.0,0.009618025197066508,0.0,1,1,1.0
8.984375,7.59752082824707,2.0,0.10094844549894333,5.242678642272949,2.734375,91.54347229003906,6.045907497406006,3.125,0.7550346255302429,0.04312383383512497,1950.0,106301.0,101505248.0,54.51333236694336,0.14401695132255554,2.66485333442688,9.132894515991211,0.00014418917999137193,0.0,0.10218735784292221,1022,1065,1182,1100,1034,1021,1051,1024,1001,940,890,871,904,861,814,830,890,904,936,907,937,922,940,971,1002,989,959,985,1040,1056,1024,1022,1037,1050,1083,1130,1103,1016,1040,1134,1101,1071,1006,890,936,911,890,924,889,859,829,861,889,919,840,893,920,910,874,861,907,926,926,991,1066,1023,1020,1067,1080,1127,1101,1134,1050,971,1007,1036,973,959,934,956,862,823,831,796,844,889,828,877,906,872,846,831,859,942,955,1038,1096,1084,1017,988,1016,1005,984,1080,1098,1024,1003,985,1117,1064,1051,1021,970,893,809,793,779,791,827,843,894,967,967,954,1008,986,1000,1052,1071,1064,1040,988,1001,1006,983,1023,1067,1097,1040,990,938,957,974,1004,956,907,905,830,889,910,894,861,920,893,905,924,892,896,847,958,1020,1023,1051,1065,1080,1128,1086,1098,1080,1098,1099,988,992,1038,1051,1024,1001,925,889,812,780,796,797,830,828,857,798,841,877,860,827,808,880,905,939,936,1056,1023,1016,989,987,1008,1084,1064,1053,1066,1151,1146,1082,1065,1034,1003,1000,908,918,910,892,896,957,878,903,892,862,890,892,906,846,872,955,1037,1016,1143,1098,1053,1021,999,1050,1006,938,967,1016,909,874,830,912,985,858,909,936,937,910,845,841,952,957,960,0.00048828125,0.008734640537108554,0.029296875,0.04606436099637014,0.050043468653589676,0.04026470337517247,0.13145924192538788,0.18066670183882894,0.33408858251852647,0.06936344084796782,0.0731900856349677,0.06641343021843478,0.06895665407777238,0.020600608505594715,0.04642525126564341,0.06247710762391919,0.010786485368346935,0.059833881570470274,0.040700519500341224,0.07182881073606755,0.020692988379313566,0.05137869702330432,0.016016815885602272,0.055928988528423255,0.040618426451338716,0.016630260122975003,0.02568934851165216,0.018347943582085875,0.029313146523053973,0.012506102026236032,0.04804052295409705,0.027151247606362977,0.062454206856716724,0.011430371006562134,0.010918300671385692,0.01528562093993997,0.022032254243512652,0.0009765625,0.04089920232689829,0.021417687694786434,0.02765586378614511,0.00390625,0.016253239235442616,0.020531050821902968,0.0107421875,0.04014610310760638,0.02157297073669387,0.02847144479904932,0.007042092334890604,0.019628663322501738,0.007109482313750506,0.015746597164645604,0.006905339660024878,0.014680953494504793,0.03389952140177692,0.03633022507370757,0.01589728573837862,0.02627660946694084,0.02108108705558877,0.015191747252054731,0.03317439013957623,0.01179984958358845,0.017686299097924643,0.01708286687942959,0.03843489971514537,0.015746597164645604,0.00390625,0.005258950006967289,0.013028968812623373,0.006253051013118016,0.03430501576220761,0.01242961138804478,0.018961413905222265,0.006905339660024878,0.0027621358640099515,0.011134525635733769,0.0048828125,0.010918300671385692,0.019773883526676354,0.005940197783494355,0.0013810679320049757,0.009765625,0.009814331661250869,0.005940197783494355,0.0185803687406645,0.009003461384075085,0.006176323555016366,0.009618025197066508,0.009618025197066508,0.009003461384075085,0.003088161777508183,0.0065509804028314154,0.009212872199274027,0.029765137996344084,0.008843149548962322,0.0065509804028314154,0.035761393405469834,0.001953125,0.003088161777508183,0.018425744398548053,0.007042092334890604,0.0029296875,0.007437278423695223,0.003088161777508183,0.009618025197066508,0.006253051013118016,0.0029296875,0.005524271728019903,0.008286407592029853,0.006176323555016366,0.007873298582322802,0.009814331661250869,0.0078125,0.0009765625,0.007437278423695223,0.010563138502335907,0.02627660946694084,0.0170549308560283,0.006253051013118016,0.005258950006967289,0.007109482313750506,0.0021836601342771385,0.003521046167445302,0.010563138502335907,0.007437278423695223,0.015776850020901866,0.004979511243742954,0.009264485332524549,0.00390625,1,1,1.0
8.984375,7.479778289794922,2.0,0.10253060609102249,5.522235870361328,2.734375,101.15647888183594,6.053308010101318,3.125,0.7598679065704346,0.04396700859069824,2027.0,117037.0,116622304.0,57.73902130126953,0.13760149478912354,3.419534921646118,9.6668119430542,3.853519956464879e-06,0.0,0.10169650614261627,893,886,922,998,1118,1128,1035,976,1022,1065,1182,1100,1034,1021,1051,1024,1001,940,890,871,904,861,814,830,890,904,936,907,937,922,940,971,1002,989,959,985,1040,1056,1024,1022,1037,1050,1083,1130,1103,1016,1040,1134,1101,1071,1006,890,936,911,890,924,889,859,829,861,889,919,840,893,920,910,874,861,907,926,926,991,1066,1023,1020,1067,1080,1127,1101,1134,1050,971,1007,1036,973,959,934,956,862,823,831,796,844,889,828,877,906,872,846,831,859,942,955,1038,1096,1084,1017,988,1016,1005,984,1080,1098,1024,1003,985,1117,1064,1051,1021,970,893,809,793,779,791,827,843,894,967,967,954,1008,986,1000,1052,1071,1064,1040,988,1001,1006,983,1023,1067,1097,1040,990,938,957,974,1004,956,907,905,830,889,910,894,861,920,893,905,924,892,896,847,958,1020,1023,1051,1065,1080,1128,1086,1098,1080,1098,1099,988,992,1038,1051,1024,1001,925,889,812,780,796,797,830,828,857,798,841,877,860,827,808,880,905,939,936,1056,1023,1016,989,987,1008,1084,1064,1053,1066,1151,1146,1082,1065,1034,1003,1000,908,918,910,892,896,957,878,903,892,862,890,892,906,846,872,955,1037,1016,1143,1098,1053,1021,999,1050,1006,938,967,1016,909,874,830,912,985,858,909,0.00146484375,0.02315091717017519,0.04421574774481161,0.029035290522106457,0.03057124187987994,0.04655858375414147,0.1456159151706178,0.18958898962057782,0.32904505032229486,0.061554431677029,0.08296759135843533,0.06886670004790618,0.08149471111337916,0.01760523083722651,0.05651420428214956,0.04447381850287383,0.016630260122975003,0.0458984375,0.05363097741307024,0.05336357848560254,0.01760523083722651,0.03521046167445302,0.015254393898255184,0.07417376309280564,0.03618556115947052,0.012506102026236032,0.02777629424478104,0.011759369705851851,0.020531050821902968,0.009959022487485907,0.029765137996344084,0.0448900192756297,0.04789140560640324,0.0244140625,0.02417855156863271,0.026294750034836445,0.03742923417331406,0.017578125,0.04471973883537231,0.02298555135925746,0.0377211092106015,0.01886055460530075,0.016630260122975003,0.0065509804028314154,0.0027621358640099515,0.050043468653589676,0.03452669830012439,0.04080582503081285,0.0048828125,0.01878455474772592,0.007873298582322802,0.0065509804028314154,0.016630260122975003,0.010517900013934578,0.025031260972609954,0.03452669830012439,0.01516032685181643,0.019773883526676354,0.014084184669781208,0.012506102026236032,0.029700988917471777,0.010381001770248682,0.018657200365764452,0.016164985700436375,0.04154696755113799,0.01708286687942959,0.0048828125,0.0009765625,0.01441877251975918,0.009264485332524549,0.03316001337177665,0.01313830473347042,0.019749754312653012,0.006176323555016366,0.0027621358640099515,0.012352647110032733,0.00390625,0.011920464468489943,0.020762003540497363,0.005258950006967289,0.0009765625,0.009765625,0.009959022487485907,0.005524271728019903,0.019384212149686726,0.00834375365753665,0.005859375,0.009814331661250869,0.008734640537108554,0.007873298582322802,0.00390625,0.006253051013118016,0.007109482313750506,0.02847144479904932,0.008400708268596315,0.0078125,0.035507146411519225,0.0021836601342771385,0.005524271728019903,0.01760523083722651,0.00834375365753665,0.004026470337517247,0.006176323555016366,0.003521046167445302,0.007042092334890604,0.007042092334890604,0.004367320268554277,0.007873298582322802,0.00834375365753665,0.005940197783494355,0.0065509804028314154,0.010918300671385692,0.009003461384075085,0.0009765625,0.009814331661250869,0.010918300671385692,0.02652944864688696,0.015440808887540914,0.005258950006967289,0.005258950006967289,0.005940197783494355,0.003521046167445302,0.0021836601342771385,0.010786485368346935,0.007873298582322802,0.016016815885602272,0.005694288959809864,0.009765625,0.00390625,1,1,1.0
8.984375,7.472445487976074,2.0,0.08842481672763824,5.330056667327881,2.734375,94.6468505859375,6.076619625091553,3.125,0.7675677537918091,0.04442017897963524,2069.0,113530.0,113519624.0,54.871917724609375,0.14400742948055267,3.012204885482788,9.287059783935547,3.3974698453675956e-05,0.0,0.10447230190038681,839,841,873,878,875,910,895,919,893,886,922,998,1118,1128,1035,976,1022,1065,1182,1100,1034,1021,1051,1024,1001,940,890,871,904,861,814,830,890,904,936,907,937,922,940,971,1002,989,959,985,1040,1056,1024,1022,1037,1050,1083,1130,1103,1016,1040,1134,1101,1071,1006,890,936,911,890,924,889,859,829,861,889,919,840,893,920,910,874,861,907,926,926,991,1066,1023,1020,1067,1080,1127,1101,1134,1050,971,1007,1036,973,959,934,956,862,823,831,796,844,889,828,877,906,872,846,831,859,942,955,1038,1096,1084,1017,988,1016,1005,984,1080,1098,1024,1003,985,1117,1064,1051,1021,970,893,809,793,779,791,827,843,894,967,967,954,1008,986,1000,1052,1071,1064,1040,988,1001,1006,983,1023,1067,1097,1040,990,938,957,974,1004,956,907,905,830,889,910,894,861,920,893,905,924,892,896,847,958,1020,1023,1051,1065,1080,1128,1086,1098,1080,1098,1099,988,992,1038,1051,1024,1001,925,889,812,780,796,797,830,828,857,798,841,877,860,827,808,880,905,939,936,1056,1023,1016,989,987,1008,1084,1064,1053,1066,1151,1146,1082,1065,1034,1003,1000,908,918,910,892,896,957,878,903,892,862,890,892,906,846,872,955,1037,1016,1143,1098,1053,1021,999,1050,1006,938,967,0.0029296875,0.015776850020901866,0.040465526084180976,0.033673710253059895,0.03848449315476178,0.057443129569737274,0.1411462237175567,0.18332343797277054,0.33429404731583356,0.064460522776208,0.09110862335695782,0.07064402096252666,0.0863857715476276,0.02847144479904932,0.052161602972943914,0.040618426451338716,0.022714264354712906,0.05519090293337809,0.05258950006967289,0.06064130740726572,0.01800692276815017,0.04433421665162565,0.01680141653719263,0.07048183818658645,0.027500249688142037,0.005859375,0.03648738611771368,0.009765625,0.0146484375,0.017387200990981306,0.0208765218031562,0.05310381298563486,0.03931801199061991,0.033260520245950005,0.031158312760827766,0.022482157096135425,0.03317439013957623,0.015776850020901866,0.048867171887487515,0.015625,0.032241355506287456,0.009003461384075085,0.018425744398548053,0.016572815184059706,0.008734640537108554,0.042275118792799535,0.0360270834876889,0.04416179318201177,0.01441877251975918,0.029700988917471777,0.018961413905222265,0.012732817197661424,0.027759121881937295,0.0126953125,0.016105881350068987,0.02833714478231818,0.01441877251975918,0.021683206358568866,0.013982247132105814,0.003088161777508183,0.022881590847382775,0.003521046167445302,0.011920464468489943,0.023640075072090243,0.03451288485756307,0.014680953494504793,0.005258950006967289,0.007873298582322802,0.009003461384075085,0.006176323555016366,0.0324624416769427,0.009618025197066508,0.02298555135925746,0.003088161777508183,0.004367320268554277,0.012236293052872722,0.003088161777508183,0.011759369705851851,0.019652941208494246,0.005524271728019903,0.003088161777508183,0.011430371006562134,0.011759369705851851,0.00390625,0.020132351687586234,0.005940197783494355,0.008400708268596315,0.011388577919619728,0.0041432037960149265,0.006176323555016366,0.008734640537108554,0.003521046167445302,0.004026470337517247,0.024119314521930602,0.003521046167445302,0.007042092334890604,0.03102027377786834,0.0048828125,0.008052940675034493,0.015191747252054731,0.010563138502335907,0.0,0.005940197783494355,0.0013810679320049757,0.01179984958358845,0.005258950006967289,0.0041432037960149265,0.003521046167445302,0.00966747552403483,0.0048828125,0.009003461384075085,0.009959022487485907,0.00834375365753665,0.0021836601342771385,0.008400708268596315,0.009618025197066508,0.027151247606362977,0.0146484375,0.005940197783494355,0.004367320268554277,0.005859375,0.004367320268554277,0.004026470337517247,0.011759369705851851,0.006905339660024878,0.013810679320049757,0.006253051013118016,0.010563138502335907,0.005859375,1,1,1.0
8.984375,7.161859512329102,2.0,0.0915180891752243,5.584667205810547,2.734375,98.32058715820312,5.910201549530029,3.125,0.7705126404762268,0.04480496048927307,2105.0,117181.0,118491816.0,55.66793441772461,0.13796930015087128,3.3252270221710205,9.489816665649414,0.00013360846787691116,0.0,0.10285070538520813,1000,902,878,876,878,878,798,828,839,841,873,878,875,910,895,919,893,886,922,998,1118,1128,1035,976,1022,1065,1182,1100,1034,1021,1051,1024,1001,940,890,871,904,861,814,830,890,904,936,907,937,922,940,971,1002,989,959,985,1040,1056,1024,1022,1037,1050,1083,1130,1103,1016,1040,1134,1101,1071,1006,890,936,911,890,924,889,859,829,861,889,919,840,893,920,910,874,861,907,926,926,991,1066,1023,1020,1067,1080,1127,1101,1134,1050,971,1007,1036,973,959,934,956,862,823,831,796,844,889,828,877,906,872,846,831,859,942,955,1038,1096,1084,1017,988,1016,1005,984,1080,1098,1024,1003,985,1117,1064,1051,1021,970,893,809,793,779,791,827,843,894,967,967,954,1008,986,1000,1052,1071,1064,1040,988,1001,1006,983,1023,1067,1097,1040,990,938,957,974,1004,956,907,905,830,889,910,894,861,920,893,905,924,892,896,847,958,1020,1023,1051,1065,1080,1128,1086,1098,1080,1098,1099,988,992,1038,1051,1024,1001,925,889,812,780,796,797,830,828,857,798,841,877,860,827,808,880,905,939,936,1056,1023,1016,989,987,1008,1084,1064,1053,1066,1151,1146,1082,1065,1034,1003,1000,908,918,910,892,896,957,878,903,892,862,890,892,906,846,872,955,1037,1016,1143,0.001953125,0.033730304764004966,0.0537109375,0.05256229156561675,0.05503516720158348,0.08938081308947216,0.15922760973417943,0.20075426922316778,0.31663071947018506,0.044064508487025304,0.0794864286918931,0.04421574774481161,0.06129826104091881,0.0380859375,0.03538607603904968,0.06287272891726513,0.0068359375,0.048867171887487515,0.04148954255126563,0.05862629304610795,0.013101960805662831,0.03452669830012439,0.019186408891004394,0.07769044180937032,0.03625138904935661,0.012236293052872722,0.028721564784868637,0.009212872199274027,0.01708286687942959,0.013810679320049757,0.02376079113397742,0.05132298181043325,0.04051263381385067,0.0318844291353799,0.0300838316420886,0.019773883526676354,0.029442994983752607,0.010918300671385692,0.04367320268554277,0.021836601342771385,0.0283875817456028,0.014218964627501012,0.02231183527108567,0.012732817197661424,0.006176323555016366,0.04973762335252673,0.037186392118476116,0.04239901044158674,0.008052940675034493,0.02376079113397742,0.012732817197661424,0.010054326309557618,0.022032254243512652,0.013810679320049757,0.016164985700436375,0.03294360897154883,0.01760523083722651,0.017953883116064683,0.011134525635733769,0.0029296875,0.021506558149946522,0.0021836601342771385,0.010786485368346935,0.02315091717017519,0.03451288485756307,0.013982247132105814,0.004026470337517247,0.006176323555016366,0.010563138502335907,0.005524271728019903,0.034938562148434216,0.011759369705851851,0.019773883526676354,0.0068359375,0.0065509804028314154,0.008052940675034493,0.005694288959809864,0.009814331661250869,0.02039122365021592,0.004979511243742954,0.0041432037960149265,0.00834375365753665,0.00966747552403483,0.005694288959809864,0.01875915303935405,0.008843149548962322,0.008400708268596315,0.012732817197661424,0.004026470337517247,0.005524271728019903,0.010381001770248682,0.003521046167445302,0.004026470337517247,0.022881590847382775,0.0021836601342771385,0.0029296875,0.0300838316420886,0.004979511243742954,0.003088161777508183,0.020132351687586234,0.005940197783494355,0.005258950006967289,0.007437278423695223,0.004979511243742954,0.007873298582322802,0.007437278423695223,0.0021836601342771385,0.009264485332524549,0.001953125,0.011759369705851851,0.011920464468489943,0.006176323555016366,0.0013810679320049757,0.0078125,0.004979511243742954,0.005940197783494355,0.025031260972609954,0.01019561182510796,0.005940197783494355,0.006905339660024878,0.0041432037960149265,0.005258950006967289,0.0021836601342771385,0.010918300671385692,0.0065509804028314154,0.015440808887540914,0.005694288959809864,0.010918300671385692,0.005859375,1,1,1.0
8.984375,7.083683013916016,3.0,0.09226635843515396,5.933222770690918,2.734375,83.9288330078125,5.671639919281006,3.125,0.7768084406852722,0.04458090662956238,2084.0,105125.0,103776472.0,50.4438591003418,0.13092520833015442,2.487576961517334,8.670700073242188,5.995945321046747e-05,0.0,0.09861233085393906,1198,1191,1179,1092,1051,1000,973,987,1000,902,878,876,878,878,798,828,839,841,873,878,875,910,895,919,893,886,922,998,1118,1128,1035,976,1022,1065,1182,1100,1034,1021,1051,1024,1001,940,890,871,904,861,814,830,890,904,936,907,937,922,940,971,1002,989,959,985,1040,1056,1024,1022,1037,1050,1083,1130,1103,1016,1040,1134,1101,1071,1006,890,936,911,890,924,889,859,829,861,889,919,840,893,920,910,874,861,907,926,926,991,1066,1023,1020,1067,1080,1127,1101,1134,1050,971,1007,1036,973,959,934,956,862,823,831,796,844,889,828,877,906,872,846,831,859,942,955,1038,1096,1084,1017,988,1016,1005,984,1080,1098,1024,1003,985,1117,1064,1051,1021,970,893,809,793,779,791,827,843,894,967,967,954,1008,986,1000,1052,1071,1064,1040,988,1001,1006,983,1023,1067,1097,1040,990,938,957,974,1004,956,907,905,830,889,910,894,861,920,893,905,924,892,896,847,958,1020,1023,1051,1065,1080,1128,1086,1098,1080,1098,1099,988,992,1038,1051,1024,1001,925,889,812,780,796,797,830,828,857,798,841,877,860,827,808,880,905,939,936,1056,1023,1016,989,987,1008,1084,1064,1053,1066,1151,1146,1082,1065,1034,1003,1000,908,918,910,892,896,957,878,903,892,862,890,0.00048828125,0.013282686043686957,0.019652941208494246,0.0622094074555976,0.07402575647752822,0.09042040651617743,0.12433447096016982,0.17139993382990126,0.34495195579477533,0.07340476747252396,0.10758598969300165,0.04014610310760638,0.04577360017678893,0.07448810088095657,0.04290211452439218,0.09969072199191624,0.03401186477982031,0.027151247606362977,0.07054270042327422,0.026057937625246747,0.0485735551384605,0.025559086578715626,0.014517645261053229,0.04367320268554277,0.03665688355297551,0.01760523083722651,0.05821819750308156,0.02847144479904932,0.030414866215619993,0.033673710253059895,0.024472586105745445,0.05406488490494691,0.04979511243742954,0.019773883526676354,0.009959022487485907,0.02681548870653512,0.04080582503081285,0.022545696055889054,0.05011012347916992,0.015440808887540914,0.03848449315476178,0.008400708268596315,0.01886055460530075,0.01824369305885684,0.010786485368346935,0.04724988438829275,0.04014610310760638,0.04501730692037543,0.008843149548962322,0.022482157096135425,0.0126953125,0.011759369705851851,0.024472586105745445,0.016016815885602272,0.013282686043686957,0.0283875817456028,0.012236293052872722,0.022714264354712906,0.016630260122975003,0.009003461384075085,0.027759121881937295,0.008734640537108554,0.016016815885602272,0.0244140625,0.035814689103305174,0.006176323555016366,0.0087890625,0.014874556847390447,0.0048828125,0.007873298582322802,0.028588439781844624,0.009003461384075085,0.023457836229422487,0.007109482313750506,0.0009765625,0.009814331661250869,0.011134525635733769,0.004367320268554277,0.01589728573837862,0.010563138502335907,0.010381001770248682,0.006253051013118016,0.008400708268596315,0.012506102026236032,0.013810679320049757,0.013879560940968648,0.013601941676937616,0.01800692276815017,0.0013810679320049757,0.0087890625,0.014906579611790769,0.004367320268554277,0.010054326309557618,0.028738162049926096,0.008400708268596315,0.0048828125,0.03656571333368956,0.0027621358640099515,0.007873298582322802,0.013982247132105814,0.011759369705851851,0.0013810679320049757,0.007042092334890604,0.003521046167445302,0.007873298582322802,0.009003461384075085,0.005940197783494355,0.010786485368346935,0.005258950006967289,0.013982247132105814,0.011920464468489943,0.009264485332524549,0.0027621358640099515,0.01179984958358845,0.005940197783494355,0.006176323555016366,0.026565372087373914,0.007627196949127592,0.0048828125,0.009264485332524549,0.006905339660024878,0.003088161777508183,0.003521046167445302,0.010517900013934578,0.006905339660024878,0.014906579611790769,0.006176323555016366,0.00834375365753665,0.00390625,1,1,1.0
10.15625,7.268526077270508,2.0,0.11432202160358429,4.744661808013916,2.734375,103.83433532714844,6.013665676116943,3.125,0.7315039038658142,0.046507347375154495,2268.0,124772.0,130380104.0,55.01411056518555,0.1541740894317627,4.050381660461426,9.789168357849121,3.4435379347996786e-06,0.0,0.1158217042684555,923,1001,985,1065,1115,1112,1062,1176,1198,1191,1179,1092,1051,1000,973,987,1000,902,878,876,878,878,798,828,839,841,873,878,875,910,895,919,893,886,922,998,1118,1128,1035,976,1022,1065,1182,1100,1034,1021,1051,1024,1001,940,890,871,904,861,814,830,890,904,936,907,937,922,940,971,1002,989,959,985,1040,1056,1024,1022,1037,1050,1083,1130,1103,1016,1040,1134,1101,1071,1006,890,936,911,890,924,889,859,829,861,889,919,840,893,920,910,874,861,907,926,926,991,1066,1023,1020,1067,1080,1127,1101,1134,1050,971,1007,1036,973,959,934,956,862,823,831,796,844,889,828,877,906,872,846,831,859,942,955,1038,1096,1084,1017,988,1016,1005,984,1080,1098,1024,1003,985,1117,1064,1051,1021,970,893,809,793,779,791,827,843,894,967,967,954,1008,986,1000,1052,1071,1064,1040,988,1001,1006,983,1023,1067,1097,1040,990,938,957,974,1004,956,907,905,830,889,910,894,861,920,893,905,924,892,896,847,958,1020,1023,1051,1065,1080,1128,1086,1098,1080,1098,1099,988,992,1038,1051,1024,1001,925,889,812,780,796,797,830,828,857,798,841,877,860,827,808,880,905,939,936,1056,1023,1016,989,987,1008,1084,1064,1053,1066,1151,1146,1082,1065,1034,1003,1000,908,918,910,0.0,0.041718768287683256,0.025202124805788945,0.08895299771914748,0.10255766200359938,0.11452459505946815,0.12376171942810418,0.1789988715280093,0.34067897543969544,0.07597129038584657,0.10141214832614977,0.025465634395322848,0.01886055460530075,0.06939780470484323,0.06253051013118016,0.0880965469636243,0.0316291694154329,0.0146484375,0.07250935461268192,0.03430501576220761,0.03452669830012439,0.03601384553630034,0.008052940675034493,0.06180182551678414,0.027793455997573647,0.003088161777508183,0.04120121701118943,0.013028968812623373,0.017304731588544287,0.024492062898407135,0.01528562093993997,0.05731847887042652,0.03792282781044453,0.029700988917471777,0.019918044974971814,0.0166015625,0.03102027377786834,0.015440808887540914,0.040641898528681275,0.024472586105745445,0.04026470337517247,0.017387200990981306,0.01179984958358845,0.016105881350068987,0.007873298582322802,0.03989589495276464,0.03564118670096613,0.04514423566924305,0.015776850020901866,0.0283203125,0.016370170521718956,0.006905339660024878,0.0224609375,0.009765625,0.019236050394133015,0.03234471711265468,0.0170549308560283,0.016630260122975003,0.011134525635733769,0.00390625,0.0234375,0.004026470337517247,0.013810679320049757,0.02132844694125152,0.037057941330098196,0.009264485332524549,0.005694288959809864,0.01179984958358845,0.007109482313750506,0.005694288959809864,0.030162978928672854,0.007437278423695223,0.024492062898407135,0.0068359375,0.0009765625,0.009765625,0.010563138502335907,0.0041432037960149265,0.017820593350483065,0.010054326309557618,0.009212872199274027,0.004026470337517247,0.006176323555016366,0.009618025197066508,0.014084184669781208,0.01188039556698871,0.01179984958358845,0.014517645261053229,0.0029296875,0.008734640537108554,0.009264485332524549,0.001953125,0.0048828125,0.023294649300540163,0.0021836601342771385,0.004979511243742954,0.028985980624327792,0.005524271728019903,0.003521046167445302,0.020762003540497363,0.005694288959809864,0.005258950006967289,0.006253051013118016,0.004026470337517247,0.011759369705851851,0.003088161777508183,0.0027621358640099515,0.005258950006967289,0.008052940675034493,0.008400708268596315,0.006176323555016366,0.01171875,0.0065509804028314154,0.010918300671385692,0.004026470337517247,0.004026470337517247,0.022482157096135425,0.00834375365753665,0.008052940675034493,0.011430371006562134,0.009212872199274027,0.003088161777508183,0.005940197783494355,0.008734640537108554,0.006905339660024878,0.0146484375,0.007627196949127592,0.0078125,0.0029296875,1,1,1.0
7.421875,6.776951789855957,2.0,0.11169548332691193,6.221757888793945,2.734375,98.83287048339844,5.439644813537598,3.125,0.7653005719184875,0.04678335785865784,2295.0,121700.0,127082424.0,53.028324127197266,0.12300391495227814,3.622347116470337,9.478257179260254,0.0,0.0,0.09489401429891586,879,894,878,874,922,969,920,909,923,1001,985,1065,1115,1112,1062,1176,1198,1191,1179,1092,1051,1000,973,987,1000,902,878,876,878,878,798,828,839,841,873,878,875,910,895,919,893,886,922,998,1118,1128,1035,976,1022,1065,1182,1100,1034,1021,1051,1024,1001,940,890,871,904,861,814,830,890,904,936,907,937,922,940,971,1002,989,959,985,1040,1056,1024,1022,1037,1050,1083,1130,1103,1016,1040,1134,1101,1071,1006,890,936,911,890,924,889,859,829,861,889,919,840,893,920,910,874,861,907,926,926,991,1066,1023,1020,1067,1080,1127,1101,1134,1050,971,1007,1036,973,959,934,956,862,823,831,796,844,889,828,877,906,872,846,831,859,942,955,1038,1096,1084,1017,988,1016,1005,984,1080,1098,1024,1003,985,1117,1064,1051,1021,970,893,809,793,779,791,827,843,894,967,967,954,1008,986,1000,1052,1071,1064,1040,988,1001,1006,983,1023,1067,1097,1040,990,938,957,974,1004,956,907,905,830,889,910,894,861,920,893,905,924,892,896,847,958,1020,1023,1051,1065,1080,1128,1086,1098,1080,1098,1099,988,992,1038,1051,1024,1001,925,889,812,780,796,797,830,828,857,798,841,877,860,827,808,880,905,939,936,1056,1023,1016,989,987,1008,1084,1064,1053,1066,1151,1146,0.0,0.02108108705558877,0.033260520245950005,0.06216340024546699,0.08599296860449733,0.0973873250308281,0.09532870795849042,0.15769897003127756,0.36293587623207996,0.10090305744601163,0.11338643419506875,0.035907766232129365,0.008734640537108554,0.06121263259458914,0.07453289805895384,0.06149242770090299,0.01313830473347042,0.04014610310760638,0.04609540516096073,0.046915672458844974,0.039571874197958615,0.017304731588544287,0.018425744398548053,0.04007477447008436,0.029700988917471777,0.022881590847382775,0.05667428956463636,0.028738162049926096,0.03125,0.007873298582322802,0.026654968874914416,0.058438923048348364,0.026868782211323446,0.04325631755927754,0.029133659941750583,0.013028968812623373,0.033260520245950005,0.022881590847382775,0.045522898518776035,0.01953125,0.04089920232689829,0.010517900013934578,0.01727715430952552,0.011759369705851851,0.003088161777508183,0.04021730523823047,0.03057124187987994,0.04688517142249142,0.021035800027869155,0.0283203125,0.014517645261053229,0.004026470337517247,0.01792730444402912,0.01760523083722651,0.0107421875,0.026565372087373914,0.009003461384075085,0.025202124805788945,0.014906579611790769,0.014218964627501012,0.019457869965987574,0.007873298582322802,0.0027621358640099515,0.025947910655442233,0.03848449315476178,0.020531050821902968,0.006905339660024878,0.013566839833447074,0.01800692276815017,0.0126953125,0.03152346170228315,0.009814331661250869,0.031035641761856844,0.016164985700436375,0.010381001770248682,0.009264485332524549,0.017304731588544287,0.012236293052872722,0.025781989809461104,0.004026470337517247,0.0029296875,0.008734640537108554,0.010517900013934578,0.009003461384075085,0.016630260122975003,0.013982247132105814,0.014906579611790769,0.018961413905222265,0.005258950006967289,0.01284467425582608,0.009618025197066508,0.007109482313750506,0.007627196949127592,0.021683206358568866,0.004979511243742954,0.009618025197066508,0.02417855156863271,0.011430371006562134,0.0048828125,0.02229045353615884,0.014938533731228863,0.007627196949127592,0.005694288959809864,0.004979511243742954,0.0087890625,0.01171875,0.007109482313750506,0.012236293052872722,0.003521046167445302,0.012236293052872722,0.011759369705851851,0.011920464468489943,0.011134525635733769,0.009765625,0.007873298582322802,0.0087890625,0.019749754312653012,0.01019561182510796,0.013566839833447074,0.01727715430952552,0.014517645261053229,0.004367320268554277,0.00834375365753665,0.013028968812623373,0.010381001770248682,0.01800692276815017,0.0027621358640099515,0.0126953125,0.0068359375,1,1,1.0
10.15625,7.696173667907715,1.0,0.08739683777093887,4.9951324462890625,2.734375,111.27113342285156,6.054043769836426,3.125,0.7603791356086731,0.04671195521950722,2288.0,138121.0,154681136.0,60.36756896972656,0.15222401916980743,5.29665994644165,10.24120044708252,0.0,0.0,0.1355622410774231,972,972,970,987,991,896,874,812,879,894,878,874,922,969,920,909,923,1001,985,1065,1115,1112,1062,1176,1198,1191,1179,1092,1051,1000,973,987,1000,902,878,876,878,878,798,828,839,841,873,878,875,910,895,919,893,886,922,998,1118,1128,1035,976,1022,1065,1182,1100,1034,1021,1051,1024,1001,940,890,871,904,861,814,830,890,904,936,907,937,922,940,971,1002,989,959,985,1040,1056,1024,1022,1037,1050,1083,1130,1103,1016,1040,1134,1101,1071,1006,890,936,911,890,924,889,859,829,861,889,919,840,893,920,910,874,861,907,926,926,991,1066,1023,1020,1067,1080,1127,1101,1134,1050,971,1007,1036,973,959,934,956,862,823,831,796,844,889,828,877,906,872,846,831,859,942,955,1038,1096,1084,1017,988,1016,1005,984,1080,1098,1024,1003,985,1117,1064,1051,1021,970,893,809,793,779,791,827,843,894,967,967,954,1008,986,1000,1052,1071,1064,1040,988,1001,1006,983,1023,1067,1097,1040,990,938,957,974,1004,956,907,905,830,889,910,894,861,920,893,905,924,892,896,847,958,1020,1023,1051,1065,1080,1128,1086,1098,1080,1098,1099,988,992,1038,1051,1024,1001,925,889,812,780,796,797,830,828,857,798,841,877,860,827,808,880,905,939,936,1056,1023,1016,989,0.00048828125,0.027759121881937295,0.053932426841734674,0.05220729064306117,0.08839913658307309,0.1003913849679406,0.08245449776488943,0.15907180968734538,0.3629450729470818,0.10714185805081985,0.10486116949645403,0.03554741156875253,0.025390625,0.041120123577006444,0.0630242296885256,0.05940197783494355,0.004979511243742954,0.04148954255126563,0.05569831731093437,0.032122820709762745,0.05139725533961237,0.03274034104343791,0.01953125,0.049149334110006326,0.016630260122975003,0.01792730444402912,0.04372776011179318,0.01800692276815017,0.02003738723504218,0.016572815184059706,0.016858082521125067,0.06129826104091881,0.03168941550700772,0.035907766232129365,0.022798081113142094,0.015655487833868553,0.0341796875,0.01953125,0.04350911994129973,0.020716018980074635,0.035814689103305174,0.0166015625,0.014517645261053229,0.012352647110032733,0.010381001770248682,0.033260520245950005,0.037390995545071574,0.05532034780573651,0.021506558149946522,0.019628663322501738,0.0048828125,0.013810679320049757,0.02580047815160724,0.020600608505594715,0.014517645261053229,0.02003738723504218,0.009765625,0.020132351687586234,0.006253051013118016,0.013706707859002147,0.01171875,0.006905339660024878,0.01242961138804478,0.015746597164645604,0.04462367054217134,0.013982247132105814,0.007042092334890604,0.01708286687942959,0.00834375365753665,0.009765625,0.02681548870653512,0.008843149548962322,0.0234375,0.007437278423695223,0.0013810679320049757,0.009959022487485907,0.011388577919619728,0.004367320268554277,0.017387200990981306,0.01188039556698871,0.010517900013934578,0.0013810679320049757,0.0027621358640099515,0.009212872199274027,0.014874556847390447,0.009814331661250869,0.011759369705851851,0.011759369705851851,0.005694288959809864,0.008052940675034493,0.008400708268596315,0.003521046167445302,0.003521046167445302,0.022798081113142094,0.0,0.0048828125,0.0285216442705278,0.006253051013118016,0.0009765625,0.02039122365021592,0.010054326309557618,0.0041432037960149265,0.003088161777508183,0.0,0.00834375365753665,0.008843149548962322,0.0041432037960149265,0.009618025197066508,0.003521046167445302,0.009212872199274027,0.009212872199274027,0.011759369705851851,0.008734640537108554,0.010517900013934578,0.004979511243742954,0.0048828125,0.022140203220223895,0.00834375365753665,0.010381001770248682,0.013810679320049757,0.010054326309557618,0.003088161777508183,0.006905339660024878,0.007627196949127592,0.007437278423695223,0.013566839833447074,0.008843149548962322,0.005940197783494355,0.0009765625,1,1,1.0
7.8125,6.907282829284668,1.0,0.08208483457565308,5.982656478881836,2.734375,111.50481414794922,5.581754684448242,3.125,0.7864587306976318,0.04593997448682785,2213.0,138128.0,154709872.0,62.416629791259766,0.13145644962787628,5.205894470214844,10.2590913772583,3.529316245476366e-06,0.0,0.09739472717046738,1040,970,919,982,1064,1072,1040,1005,972,972,970,987,991,896,874,812,879,894,878,874,922,969,920,909,923,1001,985,1065,1115,1112,1062,1176,1198,1191,1179,1092,1051,1000,973,987,1000,902,878,876,878,878,798,828,839,841,873,878,875,910,895,919,893,886,922,998,1118,1128,1035,976,1022,1065,1182,1100,1034,1021,1051,1024,1001,940,890,871,904,861,814,830,890,904,936,907,937,922,940,971,1002,989,959,985,1040,1056,1024,1022,1037,1050,1083,1130,1103,1016,1040,1134,1101,1071,1006,890,936,911,890,924,889,859,829,861,889,919,840,893,920,910,874,861,907,926,926,991,1066,1023,1020,1067,1080,1127,1101,1134,1050,971,1007,1036,973,959,934,956,862,823,831,796,844,889,828,877,906,872,846,831,859,942,955,1038,1096,1084,1017,988,1016,1005,984,1080,1098,1024,1003,985,1117,1064,1051,1021,970,893,809,793,779,791,827,843,894,967,967,954,1008,986,1000,1052,1071,1064,1040,988,1001,1006,983,1023,1067,1097,1040,990,938,957,974,1004,956,907,905,830,889,910,894,861,920,893,905,924,892,896,847,958,1020,1023,1051,1065,1080,1128,1086,1098,1080,1098,1099,988,992,1038,1051,1024,1001,925,889,812,780,796,797,830,828,857,798,841,877,860,827,808,0.0029296875,0.014517645261053229,0.03451288485756307,0.04447381850287383,0.06944588553734776,0.0816116500616257,0.0642233712791304,0.14496937921728345,0.3783785891808471,0.12129047779971358,0.10346494189656782,0.04099236691760812,0.03876842429937345,0.02847144479904932,0.04676296833520656,0.07474372311778302,0.016016815885602272,0.0283203125,0.058438923048348364,0.04080582503081285,0.04230894340319232,0.021506558149946522,0.02580047815160724,0.037314400731528904,0.016630260122975003,0.029313146523053973,0.0385216463346016,0.014778072217208551,0.009618025197066508,0.029877067462457725,0.012079411012551739,0.054302495212725954,0.0441185820237364,0.03259437357085671,0.03389952140177692,0.004979511243742954,0.03126525506559008,0.031035641761856844,0.05532034780573651,0.008400708268596315,0.026939676219011176,0.020320949264340638,0.025559086578715626,0.018347943582085875,0.024158822025103478,0.02161713244255728,0.0510995134841841,0.06061771309702537,0.011920464468489943,0.021683206358568866,0.017304731588544287,0.009959022487485907,0.01933495104806966,0.016253239235442616,0.009212872199274027,0.023457836229422487,0.0021836601342771385,0.03088161777508183,0.016572815184059706,0.0244140625,0.003088161777508183,0.01727715430952552,0.02315091717017519,0.007437278423695223,0.046925835065367044,0.0048828125,0.008843149548962322,0.010517900013934578,0.011134525635733769,0.0048828125,0.0328276099882258,0.009212872199274027,0.028437929255002024,0.0166015625,0.010563138502335907,0.003088161777508183,0.004026470337517247,0.009212872199274027,0.009814331661250869,0.01878455474772592,0.01878455474772592,0.007627196949127592,0.005258950006967289,0.009003461384075085,0.021836601342771385,0.005258950006967289,0.00834375365753665,0.017578125,0.003088161777508183,0.013982247132105814,0.007437278423695223,0.008052940675034493,0.003521046167445302,0.017387200990981306,0.005258950006967289,0.0,0.0328130812820536,0.004026470337517247,0.004367320268554277,0.023619895746968406,0.009003461384075085,0.0087890625,0.0041432037960149265,0.004979511243742954,0.006905339660024878,0.013810679320049757,0.007109482313750506,0.008734640537108554,0.009264485332524549,0.003521046167445302,0.003521046167445302,0.011759369705851851,0.0021836601342771385,0.006176323555016366,0.003521046167445302,0.006253051013118016,0.013706707859002147,0.014778072217208551,0.017820593350483065,0.02039122365021592,0.01528562093993997,0.005940197783494355,0.003521046167445302,0.012732817197661424,0.003521046167445302,0.00390625,0.01824369305885684,0.005694288959809864,0.0078125,1,1,1.0
10.15625,7.532151222229004,1.0,0.07371146976947784,5.080790042877197,2.734375,115.94770812988281,6.0995283126831055,3.125,0.7739582061767578,0.04622969031333923,2241.0,150125.0,179552240.0,66.99018096923828,0.15233029425144196,6.812406539916992,10.534656524658203,0.0001254722592420876,0.0,0.10481750220060349,1002,1038,1071,1006,1000,894,986,1134,1040,970,919,982,1064,1072,1040,1005,972,972,970,987,991,896,874,812,879,894,878,874,922,969,920,909,923,1001,985,1065,1115,1112,1062,1176,1198,1191,1179,1092,1051,1000,973,987,1000,902,878,876,878,878,798,828,839,841,873,878,875,910,895,919,893,886,922,998,1118,1128,1035,976,1022,1065,1182,1100,1034,1021,1051,1024,1001,940,890,871,904,861,814,830,890,904,936,907,937,922,940,971,1002,989,959,985,1040,1056,1024,1022,1037,1050,1083,1130,1103,1016,1040,1134,1101,1071,1006,890,936,911,890,924,889,859,829,861,889,919,840,893,920,910,874,861,907,926,926,991,1066,1023,1020,1067,1080,1127,1101,1134,1050,971,1007,1036,973,959,934,956,862,823,831,796,844,889,828,877,906,872,846,831,859,942,955,1038,1096,1084,1017,988,1016,1005,984,1080,1098,1024,1003,985,1117,1064,1051,1021,970,893,809,793,779,791,827,843,894,967,967,954,1008,986,1000,1052,1071,1064,1040,988,1001,1006,983,1023,1067,1097,1040,990,938,957,974,1004,956,907,905,830,889,910,894,861,920,893,905,924,892,896,847,958,1020,1023,1051,1065,1080,1128,1086,1098,1080,1098,1099,988,992,1038,1051,1024,1001,925,889,812,780,796,797,830,0.001953125,0.03406789754396955,0.023840928936979887,0.03515625,0.03930588241698849,0.06726949257536924,0.03907470512449718,0.15546985414965953,0.3683000308440478,0.1113495387848448,0.07168926621965997,0.019652941208494246,0.029765137996344084,0.05669111435039059,0.0676934641625913,0.06466731691852853,0.014218964627501012,0.05156397961892221,0.04336641271713773,0.03954776705335271,0.061173670950647754,0.040465526084180976,0.020716018980074635,0.05374643713209771,0.020716018980074635,0.0170549308560283,0.04938162843660364,0.02286074201312427,0.02039122365021592,0.023457836229422487,0.005258950006967289,0.06377633541896756,0.045908825287277966,0.025031260972609954,0.0332174831087792,0.0029296875,0.027203883353875233,0.0341796875,0.05859375,0.007873298582322802,0.024954945974962183,0.02510734400816883,0.030649130520459405,0.024158822025103478,0.029296875,0.023640075072090243,0.05472236611766367,0.056825533304594354,0.0065509804028314154,0.026654968874914416,0.019236050394133015,0.0041432037960149265,0.015746597164645604,0.021506558149946522,0.004026470337517247,0.018961413905222265,0.0041432037960149265,0.029893023173855404,0.015440808887540914,0.02315091717017519,0.007042092334890604,0.016630260122975003,0.023619895746968406,0.01019561182510796,0.04271274946997859,0.005694288959809864,0.00390625,0.007627196949127592,0.01589728573837862,0.010918300671385692,0.027759121881937295,0.013982247132105814,0.02286074201312427,0.014218964627501012,0.007109482313750506,0.009618025197066508,0.007873298582322802,0.003088161777508183,0.014778072217208551,0.015440808887540914,0.013282686043686957,0.0013810679320049757,0.0021836601342771385,0.007873298582322802,0.0166875073150733,0.007873298582322802,0.009212872199274027,0.013282686043686957,0.0021836601342771385,0.009618025197066508,0.008400708268596315,0.005524271728019903,0.0013810679320049757,0.018961413905222265,0.00390625,0.0013810679320049757,0.032241355506287456,0.005258950006967289,0.004367320268554277,0.025409398107925172,0.011759369705851851,0.009765625,0.0068359375,0.007873298582322802,0.003088161777508183,0.012732817197661424,0.005859375,0.00390625,0.010786485368346935,0.01019561182510796,0.010054326309557618,0.005694288959809864,0.005694288959809864,0.003088161777508183,0.008843149548962322,0.009618025197066508,0.020108652619115236,0.009003461384075085,0.010517900013934578,0.013671875,0.007873298582322802,0.004026470337517247,0.0048828125,0.005859375,0.0041432037960149265,0.010918300671385692,0.011134525635733769,0.0041432037960149265,0.0009765625,1,1,1.0
11.328125,7.227795600891113,1.0,0.10669708251953125,4.426795959472656,2.734375,115.17415618896484,6.226422309875488,3.125,0.7286932468414307,0.045027896761894226,2126.0,142234.0,161737440.0,66.90216064453125,0.1646096408367157,5.611915588378906,10.496225357055664,5.877210423932411e-05,0.0,0.10169030725955963,877,894,826,828,861,862,905,938,1002,1038,1071,1006,1000,894,986,1134,1040,970,919,982,1064,1072,1040,1005,972,972,970,987,991,896,874,812,879,894,878,874,922,969,920,909,923,1001,985,1065,1115,1112,1062,1176,1198,1191,1179,1092,1051,1000,973,987,1000,902,878,876,878,878,798,828,839,841,873,878,875,910,895,919,893,886,922,998,1118,1128,1035,976,1022,1065,1182,1100,1034,1021,1051,1024,1001,940,890,871,904,861,814,830,890,904,936,907,937,922,940,971,1002,989,959,985,1040,1056,1024,1022,1037,1050,1083,1130,1103,1016,1040,1134,1101,1071,1006,890,936,911,890,924,889,859,829,861,889,919,840,893,920,910,874,861,907,926,926,991,1066,1023,1020,1067,1080,1127,1101,1134,1050,971,1007,1036,973,959,934,956,862,823,831,796,844,889,828,877,906,872,846,831,859,942,955,1038,1096,1084,1017,988,1016,1005,984,1080,1098,1024,1003,985,1117,1064,1051,1021,970,893,809,793,779,791,827,843,894,967,967,954,1008,986,1000,1052,1071,1064,1040,988,1001,1006,983,1023,1067,1097,1040,990,938,957,974,1004,956,907,905,830,889,910,894,861,920,893,905,924,892,896,847,958,1020,1023,1051,1065,1080,1128,1086,1098,1080,1098,1099,988,992,1038,1051,1024,0.0,0.031081700122733494,0.018961413905222265,0.040430159266571196,0.03485657870620068,0.05991352207100768,0.030649130520459405,0.15425051221963423,0.3704970531681055,0.11250830725622067,0.05862629304610795,0.01708286687942959,0.02883754503951836,0.06989077084016754,0.08107821571167116,0.051248600638288774,0.016630260122975003,0.05729351618700246,0.059249262937959034,0.02161713244255728,0.04841623146968961,0.029700988917471777,0.013982247132105814,0.03756910949545184,0.021484375,0.03144773864864183,0.037695818487536684,0.011430371006562134,0.008052940675034493,0.025947910655442233,0.01875915303935405,0.055928988528423255,0.03416573375885918,0.03221176270013797,0.023047702580480365,0.009212872199274027,0.02157297073669387,0.02763861659782208,0.05392358473546298,0.01516032685181643,0.030649130520459405,0.026654968874914416,0.035372598195849286,0.027759121881937295,0.031387028671851946,0.024492062898407135,0.05459150335692846,0.05596308117927501,0.008052940675034493,0.024705294220065465,0.01680141653719263,0.008052940675034493,0.018657200365764452,0.018347943582085875,0.006253051013118016,0.022482157096135425,0.009264485332524549,0.03455430861905104,0.0192608231673008,0.024724587697601882,0.013028968812623373,0.01441877251975918,0.018657200365764452,0.01589728573837862,0.04138597675862713,0.011759369705851851,0.007109482313750506,0.013282686043686957,0.010517900013934578,0.005694288959809864,0.03304477405407936,0.013282686043686957,0.026203921611325662,0.01878455474772592,0.011388577919619728,0.013028968812623373,0.009618025197066508,0.0048828125,0.01878455474772592,0.011759369705851851,0.00834375365753665,0.004026470337517247,0.004367320268554277,0.013601941676937616,0.019384212149686726,0.0027621358640099515,0.004026470337517247,0.01800692276815017,0.005940197783494355,0.0166015625,0.004367320268554277,0.011920464468489943,0.0048828125,0.024492062898407135,0.0065509804028314154,0.008400708268596315,0.025465634395322848,0.009264485332524549,0.003088161777508183,0.019236050394133015,0.008734640537108554,0.005524271728019903,0.0,0.004367320268554277,0.008052940675034493,0.01528562093993997,0.008286407592029853,0.007109482313750506,0.011920464468489943,0.0087890625,0.010517900013934578,0.005859375,0.006253051013118016,0.003088161777508183,0.008734640537108554,0.010054326309557618,0.018961413905222265,0.01019561182510796,0.01313830473347042,0.016370170521718956,0.009264485332524549,0.006176323555016366,0.0048828125,0.00390625,0.005694288959809864,0.0146484375,0.009814331661250869,0.0065509804028314154,0.0029296875,1,1,1.0
12.109375,7.532810211181641,1.0,0.10897301882505417,4.539848804473877,2.734375,115.69132232666016,6.325321674346924,3.125,0.7301874160766602,0.04471973702311516,2097.0,143936.0,165381344.0,68.63900756835938,0.16083957254886627,5.769209384918213,10.528970718383789,0.0,0.0,0.12278629094362259,825,780,749,743,750,858,782,842,877,894,826,828,861,862,905,938,1002,1038,1071,1006,1000,894,986,1134,1040,970,919,982,1064,1072,1040,1005,972,972,970,987,991,896,874,812,879,894,878,874,922,969,920,909,923,1001,985,1065,1115,1112,1062,1176,1198,1191,1179,1092,1051,1000,973,987,1000,902,878,876,878,878,798,828,839,841,873,878,875,910,895,919,893,886,922,998,1118,1128,1035,976,1022,1065,1182,1100,1034,1021,1051,1024,1001,940,890,871,904,861,814,830,890,904,936,907,937,922,940,971,1002,989,959,985,1040,1056,1024,1022,1037,1050,1083,1130,1103,1016,1040,1134,1101,1071,1006,890,936,911,890,924,889,859,829,861,889,919,840,893,920,910,874,861,907,926,926,991,1066,1023,1020,1067,1080,1127,1101,1134,1050,971,1007,1036,973,959,934,956,862,823,831,796,844,889,828,877,906,872,846,831,859,942,955,1038,1096,1084,1017,988,1016,1005,984,1080,1098,1024,1003,985,1117,1064,1051,1021,970,893,809,793,779,791,827,843,894,967,967,954,1008,986,1000,1052,1071,1064,1040,988,1001,1006,983,1023,1067,1097,1040,990,938,957,974,1004,956,907,905,830,889,910,894,861,920,893,905,924,892,896,847,958,1020,1023,1051,1065,1080,1128,1086,1098,0.00244140625,0.051164792568084906,0.04724988438829275,0.09962852144419414,0.05002440810494413,0.015254393898255184,0.03294360897154883,0.16987135563661201,0.36496924910930534,0.10456517602719204,0.03500673501745102,0.044248088903160905,0.03516981075267404,0.08342039011426647,0.09199405352406786,0.054276145435899426,0.0283203125,0.018425744398548053,0.05821819750308156,0.055937513639139395,0.0601676632841772,0.0439453125,0.03304477405407936,0.0616473207112759,0.026565372087373914,0.023478154844084585,0.05363097741307024,0.026868782211323446,0.009618025197066508,0.03521046167445302,0.02003738723504218,0.047138743695887386,0.03155370004180373,0.037378240642587185,0.01680141653719263,0.014938533731228863,0.015254393898255184,0.03259437357085671,0.0602389473175435,0.014906579611790769,0.022032254243512652,0.033332125323976586,0.02734375,0.024472586105745445,0.021417687694786434,0.025781989809461104,0.0501956924839703,0.06641343021843478,0.014874556847390447,0.026565372087373914,0.027500249688142037,0.011134525635733769,0.009264485332524549,0.02751758360079174,0.0021836601342771385,0.014517645261053229,0.007873298582322802,0.029523860269201122,0.0146484375,0.022777155839239456,0.010381001770248682,0.011759369705851851,0.01708286687942959,0.013982247132105814,0.0453970285123807,0.008400708268596315,0.010517900013934578,0.009212872199274027,0.01680141653719263,0.01242961138804478,0.030586835475323877,0.019749754312653012,0.01760523083722651,0.013810679320049757,0.005940197783494355,0.013601941676937616,0.012732817197661424,0.005859375,0.013982247132105814,0.016164985700436375,0.018347943582085875,0.005524271728019903,0.005258950006967289,0.005940197783494355,0.01528562093993997,0.009765625,0.0078125,0.012352647110032733,0.003521046167445302,0.016016815885602272,0.007042092334890604,0.012732817197661424,0.005859375,0.025012204052472065,0.007627196949127592,0.009959022487485907,0.025012204052472065,0.008734640537108554,0.00390625,0.02108108705558877,0.007873298582322802,0.012079411012551739,0.008734640537108554,0.010786485368346935,0.0013810679320049757,0.009765625,0.003521046167445302,0.008400708268596315,0.0021836601342771385,0.007873298582322802,0.0021836601342771385,0.017686299097924643,0.005940197783494355,0.007873298582322802,0.015655487833868553,0.019236050394133015,0.023619895746968406,0.011430371006562134,0.007873298582322802,0.0065509804028314154,0.004979511243742954,0.005524271728019903,0.005524271728019903,0.008052940675034493,0.003088161777508183,0.010786485368346935,0.01188039556698871,0.004367320268554277,0.0,1,1,1.0
10.15625,7.408556938171387,2.0,0.1360054761171341,4.488948822021484,2.734375,110.75213623046875,6.227331638336182,3.125,0.7065883278846741,0.04654834046959877,2272.0,139673.0,158700720.0,61.475791931152344,0.15740619599819183,4.616068363189697,10.225664138793945,8.594668906880543e-05,0.0,0.12221923470497131,1037,987,985,1002,1020,957,858,828,825,780,749,743,750,858,782,842,877,894,826,828,861,862,905,938,1002,1038,1071,1006,1000,894,986,1134,1040,970,919,982,1064,1072,1040,1005,972,972,970,987,991,896,874,812,879,894,878,874,922,969,920,909,923,1001,985,1065,1115,1112,1062,1176,1198,1191,1179,1092,1051,1000,973,987,1000,902,878,876,878,878,798,828,839,841,873,878,875,910,895,919,893,886,922,998,1118,1128,1035,976,1022,1065,1182,1100,1034,1021,1051,1024,1001,940,890,871,904,861,814,830,890,904,936,907,937,922,940,971,1002,989,959,985,1040,1056,1024,1022,1037,1050,1083,1130,1103,1016,1040,1134,1101,1071,1006,890,936,911,890,924,889,859,829,861,889,919,840,893,920,910,874,861,907,926,926,991,1066,1023,1020,1067,1080,1127,1101,1134,1050,971,1007,1036,973,959,934,956,862,823,831,796,844,889,828,877,906,872,846,831,859,942,955,1038,1096,1084,1017,988,1016,1005,984,1080,1098,1024,1003,985,1117,1064,1051,1021,970,893,809,793,779,791,827,843,894,967,967,954,1008,986,1000,1052,1071,1064,1040,988,1001,1006,983,1023,1067,1097,1040,990,938,957,974,1004,956,907,905,830,889,910,894,861,920,893,905,924,892,896,847,958,0.00048828125,0.0631149555939708,0.0591848440410225,0.11296510978099403,0.0596423104867284,0.02580047815160724,0.048317644050206957,0.18272421245522666,0.3539106154014706,0.09456030028836097,0.051840661874949207,0.049449175395203764,0.03389952140177692,0.06950079433069564,0.07417376309280564,0.07034640024785939,0.02209708691207961,0.029378142493147116,0.03983608994994363,0.04599184312233053,0.06204054755573668,0.039499508625306025,0.013101960805662831,0.04311277354422679,0.019918044974971814,0.027238917345666705,0.0375183060787081,0.01284467425582608,0.016716057391234072,0.021836601342771385,0.009959022487485907,0.058021292099659956,0.04154696755113799,0.03384320986555363,0.026294750034836445,0.011134525635733769,0.021484375,0.02847144479904932,0.05685070147589017,0.01528562093993997,0.022032254243512652,0.03221176270013797,0.025781989809461104,0.020531050821902968,0.020132351687586234,0.019186408891004394,0.05694288959809864,0.06528376919280574,0.006905339660024878,0.03179457147675724,0.020600608505594715,0.004979511243742954,0.020762003540497363,0.014778072217208551,0.013601941676937616,0.027238917345666705,0.020132351687586234,0.037288834164134345,0.018425744398548053,0.013601941676937616,0.019384212149686726,0.009765625,0.01953125,0.003521046167445302,0.050931268790645697,0.004026470337517247,0.008052940675034493,0.007873298582322802,0.015254393898255184,0.009765625,0.028854075591199527,0.013706707859002147,0.024020261477048523,0.01727715430952552,0.009003461384075085,0.013982247132105814,0.013101960805662831,0.004979511243742954,0.014680953494504793,0.016016815885602272,0.01760523083722651,0.005258950006967289,0.005859375,0.010517900013934578,0.013879560940968648,0.005694288959809864,0.0013810679320049757,0.020600608505594715,0.009003461384075085,0.01760523083722651,0.0021836601342771385,0.007109482313750506,0.006176323555016366,0.022482157096135425,0.004367320268554277,0.0009765625,0.03416573375885918,0.009765625,0.005940197783494355,0.022651198251451565,0.011388577919619728,0.004026470337517247,0.001953125,0.007627196949127592,0.0065509804028314154,0.016370170521718956,0.007437278423695223,0.005694288959809864,0.003088161777508183,0.010918300671385692,0.005524271728019903,0.019555648822754675,0.008843149548962322,0.010054326309557618,0.01760523083722651,0.02003738723504218,0.02580047815160724,0.006905339660024878,0.007109482313750506,0.011920464468489943,0.007109482313750506,0.007437278423695223,0.010054326309557618,0.004979511243742954,0.01019561182510796,0.016164985700436375,0.010918300671385692,0.007437278423695223,0.0078125,1,1,1.0
12.109375,8.025571823120117,2.0,0.10529112815856934,4.457892894744873,2.734375,105.83348846435547,6.347391128540039,3.125,0.7307795286178589,0.046312130987644196,2249.0,131337.0,143471696.0,58.397953033447266,0.16392935812473297,3.7514138221740723,9.943587303161621,3.4730060178844724e-06,0.0,0.12793594598770142,1143,1127,1101,1085,1080,1127,1083,1166,1037,987,985,1002,1020,957,858,828,825,780,749,743,750,858,782,842,877,894,826,828,861,862,905,938,1002,1038,1071,1006,1000,894,986,1134,1040,970,919,982,1064,1072,1040,1005,972,972,970,987,991,896,874,812,879,894,878,874,922,969,920,909,923,1001,985,1065,1115,1112,1062,1176,1198,1191,1179,1092,1051,1000,973,987,1000,902,878,876,878,878,798,828,839,841,873,878,875,910,895,919,893,886,922,998,1118,1128,1035,976,1022,1065,1182,1100,1034,1021,1051,1024,1001,940,890,871,904,861,814,830,890,904,936,907,937,922,940,971,1002,989,959,985,1040,1056,1024,1022,1037,1050,1083,1130,1103,1016,1040,1134,1101,1071,1006,890,936,911,890,924,889,859,829,861,889,919,840,893,920,910,874,861,907,926,926,991,1066,1023,1020,1067,1080,1127,1101,1134,1050,971,1007,1036,973,959,934,956,862,823,831,796,844,889,828,877,906,872,846,831,859,942,955,1038,1096,1084,1017,988,1016,1005,984,1080,1098,1024,1003,985,1117,1064,1051,1021,970,893,809,793,779,791,827,843,894,967,967,954,1008,986,1000,1052,1071,1064,1040,988,1001,1006,983,1023,1067,1097,1040,990,938,957,974,1004,956,907,905,830,889,910,894,861,0.0029296875,0.01171875,0.04673236763283359,0.09212872199274028,0.09048366706951955,0.04336641271713773,0.08022685311930028,0.19125921090079434,0.35892093002329784,0.10014885314193334,0.09236133801680174,0.07919795438648593,0.0534617800514492,0.037695818487536684,0.03828573395295441,0.08240822050699133,0.01760523083722651,0.055423686029932466,0.05960232234244972,0.026565372087373914,0.03936649291161401,0.025353037081537442,0.031988944051092184,0.054974484160303004,0.020132351687586234,0.02286074201312427,0.04577360017678893,0.015625,0.011759369705851851,0.021945512748285382,0.010381001770248682,0.058991165275542795,0.04498551877453524,0.03756910949545184,0.02652944864688696,0.0185546875,0.016370170521718956,0.03314563036811941,0.06583653824485615,0.020132351687586234,0.009814331661250869,0.03618556115947052,0.01179984958358845,0.005694288959809864,0.02833714478231818,0.007873298582322802,0.06934281435967474,0.05447783469133341,0.009003461384075085,0.02458921545315268,0.010563138502335907,0.017578125,0.023619895746968406,0.026057937625246747,0.010918300671385692,0.016630260122975003,0.013879560940968648,0.03014716609459596,0.014218964627501012,0.015746597164645604,0.016370170521718956,0.006905339660024878,0.015776850020901866,0.005524271728019903,0.05027163154778809,0.0013810679320049757,0.007627196949127592,0.007873298582322802,0.014778072217208551,0.009003461384075085,0.0300838316420886,0.01800692276815017,0.0192608231673008,0.011759369705851851,0.0027621358640099515,0.009003461384075085,0.006905339660024878,0.006253051013118016,0.012079411012551739,0.016105881350068987,0.009959022487485907,0.003088161777508183,0.003088161777508183,0.011134525635733769,0.02039122365021592,0.0068359375,0.007437278423695223,0.015254393898255184,0.004026470337517247,0.016253239235442616,0.001953125,0.009003461384075085,0.0048828125,0.023840928936979887,0.0021836601342771385,0.0009765625,0.033673710253059895,0.010563138502335907,0.007109482313750506,0.020531050821902968,0.009814331661250869,0.008286407592029853,0.005694288959809864,0.010786485368346935,0.003521046167445302,0.01188039556698871,0.004026470337517247,0.009264485332524549,0.003521046167445302,0.00390625,0.0027621358640099515,0.012352647110032733,0.001953125,0.004979511243742954,0.011134525635733769,0.017820593350483065,0.021484375,0.01313830473347042,0.009003461384075085,0.006905339660024878,0.005258950006967289,0.00390625,0.005524271728019903,0.003088161777508183,0.010381001770248682,0.0166015625,0.009959022487485907,0.008052940675034493,0.0078125,1,1,1.0
10.15625,7.276966571807861,2.0,0.08479009568691254,5.02478551864624,2.734375,103.43248748779297,5.973001956939697,3.125,0.7633024454116821,0.04749147221446037,2365.0,135082.0,153496000.0,57.11712646484375,0.15190747380256653,3.5217039585113525,9.797367095947266,0.00011889703455381095,0.0,0.09964653104543686,984,972,973,972,1006,1017,1001,1080,1143,1127,1101,1085,1080,1127,1083,1166,1037,987,985,1002,1020,957,858,828,825,780,749,743,750,858,782,842,877,894,826,828,861,862,905,938,1002,1038,1071,1006,1000,894,986,1134,1040,970,919,982,1064,1072,1040,1005,972,972,970,987,991,896,874,812,879,894,878,874,922,969,920,909,923,1001,985,1065,1115,1112,1062,1176,1198,1191,1179,1092,1051,1000,973,987,1000,902,878,876,878,878,798,828,839,841,873,878,875,910,895,919,893,886,922,998,1118,1128,1035,976,1022,1065,1182,1100,1034,1021,1051,1024,1001,940,890,871,904,861,814,830,890,904,936,907,937,922,940,971,1002,989,959,985,1040,1056,1024,1022,1037,1050,1083,1130,1103,1016,1040,1134,1101,1071,1006,890,936,911,890,924,889,859,829,861,889,919,840,893,920,910,874,861,907,926,926,991,1066,1023,1020,1067,1080,1127,1101,1134,1050,971,1007,1036,973,959,934,956,862,823,831,796,844,889,828,877,906,872,846,831,859,942,955,1038,1096,1084,1017,988,1016,1005,984,1080,1098,1024,1003,985,1117,1064,1051,1021,970,893,809,793,779,791,827,843,894,967,967,954,1008,986,1000,1052,1071,1064,1040,988,1001,1006,983,1023,1067,1097,1040,990,938,957,974,1004,0.0029296875,0.004979511243742954,0.05814443611954764,0.0974852017641051,0.10702162650623033,0.05869944893417468,0.09618025197066508,0.20826440306608485,0.34467122873893924,0.08697987325841985,0.09947524670505346,0.06950079433069564,0.04088754182706703,0.03549371454177001,0.05219815630817487,0.06583653824485615,0.003088161777508183,0.038989189018900645,0.0510995134841841,0.03891573993197515,0.05459150335692846,0.03340357690720131,0.0185803687406645,0.040653629485348924,0.009959022487485907,0.016630260122975003,0.04606436099637014,0.024647323172117114,0.01727715430952552,0.032285693857063556,0.015776850020901866,0.051164792568084906,0.034938562148434216,0.033203125,0.024647323172117114,0.012236293052872722,0.020716018980074635,0.027361183058831836,0.06078268093591967,0.021035800027869155,0.01284467425582608,0.03891573993197515,0.011134525635733769,0.006253051013118016,0.02765586378614511,0.007873298582322802,0.06911551671570507,0.0528788530104722,0.009003461384075085,0.022798081113142094,0.013028968812623373,0.01528562093993997,0.021035800027869155,0.022881590847382775,0.01188039556698871,0.02039122365021592,0.018657200365764452,0.03155370004180373,0.010517900013934578,0.013282686043686957,0.012506102026236032,0.010563138502335907,0.0170549308560283,0.007873298582322802,0.04999580365691486,0.0029296875,0.009814331661250869,0.0048828125,0.01727715430952552,0.009814331661250869,0.030586835475323877,0.0166875073150733,0.019773883526676354,0.012506102026236032,0.0027621358640099515,0.008734640537108554,0.006176323555016366,0.0078125,0.013671875,0.013706707859002147,0.007873298582322802,0.004026470337517247,0.00390625,0.006253051013118016,0.016370170521718956,0.008052940675034493,0.003088161777508183,0.020132351687586234,0.009814331661250869,0.01800692276815017,0.004367320268554277,0.0041432037960149265,0.003521046167445302,0.01792730444402912,0.005694288959809864,0.006176323555016366,0.02763861659782208,0.007042092334890604,0.0021836601342771385,0.023478154844084585,0.013282686043686957,0.003088161777508183,0.0009765625,0.008052940675034493,0.006176323555016366,0.014906579611790769,0.007873298582322802,0.009959022487485907,0.0021836601342771385,0.005258950006967289,0.0021836601342771385,0.012506102026236032,0.0021836601342771385,0.004026470337517247,0.010918300671385692,0.017953883116064683,0.02209708691207961,0.012732817197661424,0.007873298582322802,0.008400708268596315,0.006905339660024878,0.006253051013118016,0.00834375365753665,0.0041432037960149265,0.009264485332524549,0.013879560940968648,0.01242961138804478,0.004979511243742954,0.0048828125,1,1,1.0
8.984375,7.218360424041748,2.0,0.07167959213256836,5.368536949157715,2.734375,93.78121185302734,5.753192901611328,3.125,0.7825537323951721,0.047199398279190063,2336.0,124569.0,137428624.0,53.32577133178711,0.14576666057109833,2.738924026489258,9.25271987915039,0.0001203743668156676,0.0,0.09789562970399857,876,844,838,811,902,939,909,909,984,972,973,972,1006,1017,1001,1080,1143,1127,1101,1085,1080,1127,1083,1166,1037,987,985,1002,1020,957,858,828,825,780,749,743,750,858,782,842,877,894,826,828,861,862,905,938,1002,1038,1071,1006,1000,894,986,1134,1040,970,919,982,1064,1072,1040,1005,972,972,970,987,991,896,874,812,879,894,878,874,922,969,920,909,923,1001,985,1065,1115,1112,1062,1176,1198,1191,1179,1092,1051,1000,973,987,1000,902,878,876,878,878,798,828,839,841,873,878,875,910,895,919,893,886,922,998,1118,1128,1035,976,1022,1065,1182,1100,1034,1021,1051,1024,1001,940,890,871,904,861,814,830,890,904,936,907,937,922,940,971,1002,989,959,985,1040,1056,1024,1022,1037,1050,1083,1130,1103,1016,1040,1134,1101,1071,1006,890,936,911,890,924,889,859,829,861,889,919,840,893,920,910,874,861,907,926,926,991,1066,1023,1020,1067,1080,1127,1101,1134,1050,971,1007,1036,973,959,934,956,862,823,831,796,844,889,828,877,906,872,846,831,859,942,955,1038,1096,1084,1017,988,1016,1005,984,1080,1098,1024,1003,985,1117,1064,1051,1021,970,893,809,793,779,791,827,843,894,967,967,954,1008,986,1000,1052,1071,1064,1040,988,1001,1006,983,1023,0.001953125,0.0283203125,0.02756951994822872,0.06763708816766716,0.09375,0.0643124055704178,0.1092092074917521,0.21260373444601255,0.3467553284558148,0.08710587156631937,0.12501525785785358,0.06734742050611979,0.029765137996344084,0.050931268790645697,0.07965422290783321,0.05800485314420897,0.026939676219011176,0.037378240642587185,0.03152346170228315,0.029035290522106457,0.04314594147338774,0.012079411012551739,0.03922087036723282,0.06032595785734571,0.024647323172117114,0.027621358640099514,0.03819845159298427,0.00834375365753665,0.025633603024231812,0.02681548870653512,0.012352647110032733,0.04145504936873266,0.032359456105040804,0.03984805813106087,0.018657200365764452,0.007109482313750506,0.02681548870653512,0.022140203220223895,0.0510995134841841,0.028721564784868637,0.018961413905222265,0.04804052295409705,0.0021836601342771385,0.004367320268554277,0.03564118670096613,0.013706707859002147,0.06894973870353067,0.048867171887487515,0.010918300671385692,0.021683206358568866,0.016716057391234072,0.010517900013934578,0.02298555135925746,0.019918044974971814,0.013566839833447074,0.021683206358568866,0.019384212149686726,0.027964494264211628,0.009003461384075085,0.014517645261053229,0.010918300671385692,0.009959022487485907,0.017387200990981306,0.010381001770248682,0.051164792568084906,0.004979511243742954,0.013028968812623373,0.007042092334890604,0.015746597164645604,0.007873298582322802,0.03430501576220761,0.020132351687586234,0.01727715430952552,0.010563138502335907,0.003088161777508183,0.005258950006967289,0.001953125,0.007437278423695223,0.01878455474772592,0.008843149548962322,0.012506102026236032,0.0048828125,0.003088161777508183,0.008734640537108554,0.01589728573837862,0.0048828125,0.004367320268554277,0.019186408891004394,0.007109482313750506,0.015776850020901866,0.003521046167445302,0.004979511243742954,0.0027621358640099515,0.020716018980074635,0.004026470337517247,0.00390625,0.028985980624327792,0.0065509804028314154,0.0029296875,0.022798081113142094,0.01179984958358845,0.0048828125,0.003088161777508183,0.01019561182510796,0.0029296875,0.01242961138804478,0.004026470337517247,0.005859375,0.0029296875,0.00834375365753665,0.0021836601342771385,0.01727715430952552,0.005524271728019903,0.003521046167445302,0.009959022487485907,0.01284467425582608,0.01760523083722651,0.0170549308560283,0.009765625,0.005694288959809864,0.009212872199274027,0.004026470337517247,0.007873298582322802,0.005694288959809864,0.012352647110032733,0.013706707859002147,0.015440808887540914,0.001953125,0.001953125,1,1,1.0
