magnitudes_0,magnitudes_1,magnitudes_2,magnitudes_3,magnitudes_4,magnitudes_5,magnitudes_6,magnitudes_7,magnitudes_8,magnitudes_9,magnitudes_10,magnitudes_11,magnitudes_12,magnitudes_13,magnitudes_14,magnitudes_15,magnitudes_16,magnitudes_17,magnitudes_18,magnitudes_19,magnitudes_20,magnitudes_21,magnitudes_22,magnitudes_23,magnitudes_24,magnitudes_25,magnitudes_26,magnitudes_27,magnitudes_28,magnitudes_29,magnitudes_30,magnitudes_31,magnitudes_32,magnitudes_33,magnitudes_34,magnitudes_35,magnitudes_36,magnitudes_37,magnitudes_38,magnitudes_39,magnitudes_40,magnitudes_41,magnitudes_42,magnitudes_43,magnitudes_44,magnitudes_45,magnitudes_46,magnitudes_47,magnitudes_48,magnitudes_49,magnitudes_50,magnitudes_51,magnitudes_52,magnitudes_53,magnitudes_54,magnitudes_55,magnitudes_56,magnitudes_57,magnitudes_58,magnitudes_59,magnitudes_60,magnitudes_61,magnitudes_62,magnitudes_63,magnitudes_64,magnitudes_65,magnitudes_66,magnitudes_67,magnitudes_68,magnitudes_69,magnitudes_70,magnitudes_71,magnitudes_72,magnitudes_73,magnitudes_74,magnitudes_75,magnitudes_76,magnitudes_77,magnitudes_78,magnitudes_79,magnitudes_80,magnitudes_81,magnitudes_82,magnitudes_83,magnitudes_84,magnitudes_85,magnitudes_86,magnitudes_87,magnitudes_88,magnitudes_89,magnitudes_90,magnitudes_91,magnitudes_92,magnitudes_93,magnitudes_94,magnitudes_95,magnitudes_96,magnitudes_97,magnitudes_98,magnitudes_99,magnitudes_100,magnitudes_101,magnitudes_102,magnitudes_103,magnitudes_104,magnitudes_105,magnitudes_106,magnitudes_107,magnitudes_108,magnitudes_109,magnitudes_110,magnitudes_111,magnitudes_112,magnitudes_113,magnitudes_114,magnitudes_115,magnitudes_116,magnitudes_117,magnitudes_118,magnitudes_119,magnitudes_120,magnitudes_121,magnitudes_122,magnitudes_123,magnitudes_124,magnitudes_125,magnitudes_126,magnitudes_127,magnitudes_128,magnitudes_129,magnitudes_130,magnitudes_131,magnitudes_132,magnitudes_133,magnitudes_134,magnitudes_135,magnitudes_136,magnitudes_137,magnitudes_138,magnitudes_139,magnitudes_140,magnitudes_141,magnitudes_142,magnitudes_143,magnitudes_144,magnitudes_145,magnitudes_146,magnitudes_147,magnitudes_148,magnitudes_149,magnitudes_150,peak_freq,peak_mag,avg_mag,std_mag,centroid,low_energy,mid_energy,high_energy,rms,low_ratio,spectral_entropy,peak_to_mean,label
4.850638409455617e-13,128.0040804600026,497.738095499968,136.0157854562282,107.41293752455617,489.703839504606,181.62715790709075,215.33208849188776,365.863420084464,169.30336762316466,84.89245053678546,70.99245681715915,282.4700970507861,111.88086762201391,23.819427639477702,66.97887956102731,110.13622196634371,206.99592703996504,140.47695229615735,103.73408767341277,32.87037853156872,104.53155683517068,106.55999574773153,173.49736902961578,135.80892704465845,115.59477666262336,132.30988272818084,147.18547901760516,70.12578057664209,77.66887061402696,51.50021150887476,34.331819137959904,145.77048989105762,140.0937848595409,150.46398677671365,117.98554126263106,24.697758652544927,193.18871439944832,177.50732824295497,123.77700815452533,37.4487583760869,43.215440091599945,105.5128346141894,180.53873514872328,68.06958776212758,138.09735676050758,109.04067283113366,11.45318710322736,55.703754580521725,105.08903837931416,71.84439976628505,59.49852304235395,48.14493558189072,102.16225425746578,64.04235213900365,90.02295432152096,28.920838055706316,44.448827728921856,72.14759092502041,74.16300957707976,605.2356494799348,91.2713372847119,52.740551475171046,54.46639985453225,37.40111188151653,59.805124469642585,35.92926772115415,83.61136521695407,96.1177428140013,44.997418420881836,6.230254588841314,56.49606764821258,44.961500324400504,35.36946755671611,19.12743069562065,25.402362094891885,75.78983426411102,77.46646091597164,12.858846455120357,66.78420216421246,20.531430512884047,51.87141159746855,51.32738563024841,17.528676928376168,21.257695086991,35.3874093589183,8.629242270476835,17.600802615549323,15.493043207188713,56.12561529282243,44.35066569821132,36.43050330498554,85.1413275078525,11.619380716233593,72.03490313928992,75.86212479958716,57.15848257303114,13.89966881820346,61.56686436014975,50.780147737364814,52.25595128255197,13.535952198106532,23.370122606514173,61.64125772604302,53.70345487554215,40.9357000170843,17.0634633729485,37.33322576909646,17.1320665311969,35.650461621448734,66.56788078469204,26.532519496630194,20.595998821874595,38.14283383091849,17.55322289808865,5.679072827960382,53.510070606833594,4.624898498031513,22.857901369519777,22.368327825883064,64.30548394396986,15.88669959443665,48.013240301534935,66.77668422842214,19.57052161224256,27.322901413494893,11.729413477732347,27.01779801728037,15.80964802877374,44.09869946159664,17.362786377365236,43.97025781829094,22.69777993087445,14.886798279259901,49.84264023948222,41.31053660803733,39.80131223467097,53.83820852924303,34.31375766761701,44.819813423887005,38.25200307228543,20.266245684907975,27.740475377129084,51.67562952621333,12.430661101183498,62.329326424156946,39.71118747516791,13.873769604175672,16.21685121383771,59.063343199063574,95.06666666666668,20.0,605.2356494799348,76.10751700965498,85.62478138925911,16.66716710323381,2865.056072218191,1724.4750853247297,6826.596393905328,114.55984171311226,0.2509656675879318,4.599618156729871,7.952376759356828,0.0
7.579122514774402e-14,263.17152161731724,387.7087438973097,397.74973661832166,188.68584592807798,162.86204229406312,194.76168644483198,25.94082628438745,170.71755167184767,132.82977053323657,287.23482129066105,62.47954943590646,115.17846289652921,168.99369232606276,81.83062620844154,237.64117503349428,88.33486968208051,111.96995611044596,160.06175608261444,53.73614752856787,190.20425869515202,180.8290939296412,61.803258140705175,85.45947242043238,59.1355682498625,155.16423966280402,141.5783362861885,97.21726497538663,46.1733100668709,144.50880731121342,126.47795965840035,112.7578446447541,91.85406967804676,65.56053362597947,72.69868059644446,24.283111620625775,44.65461307321639,47.06680463263335,118.67124643226119,13.743762854497945,17.44701493548199,131.80649089150128,39.14622720134152,184.95448166257702,30.587382887764726,113.70977237161472,60.328086197001056,58.10563886238241,100.95741480100786,134.71324717360514,65.25614487881155,95.58790331748172,50.039744022354775,27.06046856053755,17.32661424451352,59.47280226168878,98.5164557579636,29.323044253560518,63.642600752579675,23.62204832985529,663.1179147117108,107.05372831103494,50.29602938923385,72.9143207499581,26.382861940603327,91.18319736774822,106.75613341472871,34.384840130104934,53.99621991633797,30.607785264591037,93.15066032029337,77.98046514226971,59.2969943965216,12.859514584205296,51.3930910176648,33.23639237007798,59.655780389362135,89.49534492395676,31.953977335324343,29.0235917975666,102.35861728443865,25.736434694581295,54.73190074569851,8.405476400597585,76.86003362851787,43.90387079062124,33.002585919882314,65.2788183729623,63.18754038266629,13.665504366303661,34.38916412966354,58.38516011087797,56.35230515724122,28.059155746920403,34.68481906525974,32.45940929889778,33.75045112870782,41.02232869617861,38.35903409351947,61.86818394277886,45.863759597796225,55.64524488612774,42.89228784683991,49.06378899781559,57.52061012150915,21.61805704795389,43.2756525638509,32.86143446146394,10.109086681643946,51.36417309391068,38.25679323211041,35.36283938320795,32.33975897353477,35.340992339516355,26.957179876999074,13.977760451531921,39.59945512939293,19.974206017911946,14.8219953835991,20.898027514421976,22.5104437379919,14.587630988915327,17.360427158895057,19.032564573035607,57.18440530734624,36.28977292230984,20.68036880348152,32.3035986505221,18.135430008184564,28.374600270392843,34.09282626480183,24.820453208498527,23.097462549810697,4.868467800297499,31.524599668927547,47.43328981996559,11.919251996796694,50.36243631744921,48.864132936021896,25.74922722845787,30.404926510863778,8.958212863616577,46.300718392482935,40.49871608106305,38.41881852220597,40.65518365447282,20.247546797587283,40.64652044188492,32.84435778443775,17.49909001851778,56.66666666666667,20.0,663.1179147117108,72.56406327186393,80.51547159348554,16.73296765010183,2640.1448774469945,1813.8175141754596,6430.647099157134,108.38950338683377,0.24255761124764977,4.617738301393169,9.138379037944928,0.0
2.1221543041368326e-13,626.8540270810532,443.6621427826823,142.12146792577155,194.32894192040354,324.3502695620308,451.9153891278331,143.6803310371834,154.7425368009476,135.14017099011744,112.35958843957866,165.46613794556998,328.0172371515406,245.57544141412626,178.66894725112797,75.22107678413218,264.75182964147655,105.48225649906615,93.2557638623264,132.3792034256374,146.4145472188537,64.42067308494184,116.62548899071854,202.53580914017243,72.78236686074679,114.15977418296421,203.94422700984646,39.66016520017542,94.54072098311379,107.89941069652527,100.21211979826344,15.449971222764523,104.37368079441279,81.541546270369,133.49524775664403,47.18642775418371,136.53940508424006,98.63573809600703,88.40561342151368,41.60697973957163,86.48814467585777,70.53564578656716,95.98519643665844,110.091475667942,50.75394039954379,62.61686484971651,23.889291192460362,38.51618376325222,58.82566694558928,85.18127599103454,50.090052239275344,43.202103467865285,105.27220998840617,79.88185521853937,63.2775921139686,72.91721325363623,35.011852482915906,41.04021728036706,41.232099191781174,82.6462727724836,759.9622312518125,78.59345672565509,36.07596435205678,73.45093102132427,103.24666508821608,76.80771270645823,63.505341401181454,47.63020728862362,17.14914969308213,43.017404409027186,53.819209867813306,118.23355143959108,29.898803554534858,53.519297343811736,22.78125386920349,49.94468050864988,21.47145261550401,66.78421106859749,27.84383040878474,13.54282251338542,13.973034744831235,49.71764386990348,16.162742400393306,1.5358133009414954,40.02673794893374,42.60437703743051,42.50811326688591,42.31051501997904,45.27237312164185,11.660232312184522,77.65326022335627,28.248659610190106,11.518478900792623,26.52591718453054,24.817326509344642,26.071461217351274,32.08917127303049,56.97967409753694,19.101347114547835,45.62992765510981,27.932617333703465,47.99341960503921,41.85782932903618,65.65427434227931,30.144264633071558,41.83815327881737,45.194660967034565,25.310293540435463,44.99314665596765,63.83297427314001,15.025314249619973,42.50976450730404,46.15512285337667,61.16500685993206,5.439874768116391,33.19505006000901,49.25396565769628,46.95695828709643,23.695000786723455,42.01284732332827,24.994629727430496,51.94807485272516,36.187130902104585,35.55828046000761,46.650094826524025,29.951207778376997,73.79050539057008,6.28462919141268,23.902204227003082,28.083121191290587,20.497097895762945,5.972142191066681,29.762910018045673,13.949215386268257,29.976695828216194,14.298954765281145,20.515724393974757,39.47833768013184,16.967429893898952,35.384727710093294,23.42443984676232,36.43872487660951,54.99284300696779,8.329325969409005,47.34869958360829,42.33588198035494,35.391135608617645,47.08829220354843,12.669860578458614,52.11072659089943,62.400000000000006,20.0,759.9622312518125,78.96257596313248,101.06055425781202,15.540254615477112,3646.882629429966,1834.073313580697,6363.430451459208,128.25101960463954,0.30789966723246137,4.53564348860509,9.624334337910124,0.0
1.0610771520684163e-13,498.1470165516601,201.6222021384624,303.514567860662,199.79270170593895,177.35568644514552,134.59765166735903,235.73839690329706,149.25747817069907,249.471294919113,42.824640731981624,141.71694031014738,40.65391258002981,217.45593741491348,39.85277513410386,118.84078731718833,162.3738816883809,148.2219241647801,97.60818564626041,63.39138389362635,33.269614171286875,96.54834973723328,126.00123415497734,126.51487715254957,185.6270949072931,90.44364781389005,9.414607335474711,101.74508899351304,121.4206968977831,56.46004292222997,45.55860265426138,31.562693002648786,103.44339607609862,58.19792771093788,73.871492661364,156.85231497822198,15.303229992688959,88.09604185239223,93.83812369083844,58.75614168799373,47.474033910559754,40.17827154652337,34.20225033308401,48.98611706713065,78.33797150605693,133.43321290817033,54.99388683710781,37.75625276120469,43.47402783966861,95.12301449941319,33.543073469462776,51.97232687237875,6.243444698854041,98.77178362310724,5.714555737634187,50.51131633394099,51.127516903120906,72.35846252115876,112.9117692812614,19.461293257741218,681.8685564036621,95.2131056655753,69.58630841351395,94.00076285164636,32.16537149832984,42.432786543494714,73.21907062058979,137.68062358435427,66.69228099662247,71.90548593347914,167.62341799455436,31.24516457699466,8.581695415952844,12.078248696145764,19.298015938285058,86.59863996879193,104.19985513040811,70.086494850304,13.861591960829163,57.09843083589887,63.75510695824435,37.454216965982916,20.847094773855453,62.15888660169924,27.351680727134603,45.99247763008334,53.09899893900851,39.73890385539383,29.368872463779713,40.24267002101867,16.776317691979933,60.22428142778025,11.49243589103283,59.894477078514086,6.403623428886585,27.135772579173594,93.77402084033426,56.075009141552684,20.87260545534974,5.923039492153092,32.57510978918992,25.544292055905142,51.49883430861567,22.411529221400098,40.235228551365395,10.195970977397774,14.520868446258003,33.35000741630898,29.07782044920419,46.09278572347914,0.6622027091019103,34.084902507678045,15.99564075299844,58.17776756890065,57.568265511942364,27.636525195004438,42.70584242719521,35.679922758391974,7.54566369657632,67.30641816714629,39.67468559263999,31.80742670364871,27.24269968845837,37.455566707671615,44.352702783936586,35.0790838773275,52.607184659102195,44.64935689490395,42.445690525059554,43.90579256904931,44.681803855640176,48.49696244093486,25.990834306288,38.51769625457882,19.36372949433687,65.26600633642454,25.035745447455263,17.557616873388803,57.85636841684894,9.153109605972462,62.70342620894007,27.427912127858693,32.0873665848112,29.151261407536726,40.02946065936391,8.655857280269254,8.992651050453887,37.86171001864112,15.842211194190355,9.60422922234113,71.06666666666668,20.0,681.8685564036621,69.82254652717464,81.16262684549173,17.32146630652148,2632.0012025335136,1537.8814167964674,6303.499359746215,107.0633457351301,0.25130384891830987,4.592563217269039,9.765736002457054,0.0
7.200166389035683e-14,343.26900833655054,261.29223845221287,193.757814110518,384.91831531208186,336.147153322617,270.2561371273491,221.7340479493836,375.02799127100985,97.44266858819545,426.9263512938997,90.15316045691642,121.24175325889883,195.3898546835597,349.68308051675433,171.89049404497993,339.37401078210263,302.29423784400706,101.64250776370146,130.8876612727443,81.05189404055908,35.98775160375469,56.50982956967438,50.28485158246725,136.29379697168923,80.43598385340835,66.46651180030551,55.97543926151709,250.7473662106372,94.31996123463301,76.27657363422078,114.17917498456788,136.47961856699595,132.3977979931396,10.989969809436024,29.88363251299422,86.22591950976243,134.41109884451896,84.06086953138168,32.605583369959334,42.381011337971685,104.58156793265738,62.90539538841389,92.61242032395927,89.44851073204327,96.64500963042053,50.41778208060522,91.23201766554874,38.9370356461352,36.36239865486933,51.7168358574953,52.24327418961301,44.358700390285904,27.298111940343425,69.04013021698277,29.900951836839383,29.056772821959616,78.55691354452952,85.5036061226882,104.38272149231481,633.6142968066955,73.99898378985272,39.169241380583,142.15380341387186,93.96879882850145,89.88916197136396,75.23782205867572,116.99286501562179,23.90504705881503,30.928516122023307,183.20068004753824,31.97888241572962,20.44480843573791,50.67503303263752,72.67002815342533,100.18303249552793,80.83517449647972,45.29962007974737,142.59453487520358,77.04305503206956,34.37996869561416,56.63557047281823,35.52578543387035,49.127792710328386,32.40036601267807,52.8303613950053,31.025659827718894,24.971065241342572,60.64060580111196,87.58401077124375,6.776420159556854,61.65519727390538,38.504121353336856,32.277878496909516,38.41924629933015,48.51356381594236,21.72800451122574,37.879542225984615,30.180571784819165,38.74555180236676,38.00444418456581,71.07040734846485,26.03226966680343,61.57029638164932,10.582227219171767,33.01302537061637,54.36640889163047,12.46443347966357,61.761679888900176,35.551717324288525,33.5150786615053,13.38376852679366,25.49645065426928,64.92590445939433,56.557866538486714,9.543784347048618,11.709281302498196,3.4090286314451914,54.888465831361266,28.305468075786298,26.038232444299695,52.880558022315576,21.62619627381038,18.33208826420735,57.34964272958664,50.58404723692605,46.71827613802656,30.398259593037046,17.863876936215117,43.753177903996594,43.306643228896235,26.66222023302748,4.862647045653658,14.162712791442026,54.120683497293044,33.595804859616855,28.37497355523164,33.155365515238934,41.8496440851155,18.658063904665156,28.08614313555048,82.90395025154062,69.0775240251471,51.007637511925466,29.251878084040005,7.063774031999398,39.62011231611777,29.386548359629316,48.29211704275272,44.37223434504115,103.86666666666667,20.0,633.6142968066955,83.89634436991564,93.82789552762175,16.233885942638725,3667.2395746799475,1954.1622978361813,6963.0497829712185,125.86608191954565,0.29141035899493306,4.584475446761309,7.552346905759854,0.0
3.031649005909761e-14,132.9472397800455,103.90632889815276,195.6352837775937,350.82936060225495,245.24879503324797,352.4784892406586,321.99273879003874,226.5198745373865,183.17563477058056,42.23549405195118,183.1173626581027,111.09683234345353,226.57909644201683,138.67875284527062,291.49424656243445,156.65723616741928,107.23553923771247,66.19273703025702,123.32266259190548,132.94314698053304,79.20569203628733,89.63461755721494,197.9612110828263,217.01981781625094,99.24268155850595,77.22482080666256,205.62182191764447,77.26131100604337,133.65681474173067,57.97821876507796,186.72113436193905,87.1006570022996,148.20762461741816,49.330276532950485,66.92266222330036,110.5565497880029,153.47668985006473,98.02126873395588,37.50846020227702,169.15676878608616,145.94149234229317,55.22899868099077,113.93539231475968,109.53470720901507,19.12870242525897,132.1517194332546,115.29160956803338,83.37597503615089,95.32153772437054,31.55045342164057,56.22245269827147,140.4708967797577,17.83856866695029,90.41436736542653,32.815053841510895,52.873407146234825,83.02580981048237,96.07149418478778,130.63169931270522,698.7566053546941,183.39078429441605,139.95940036195717,34.53521184446828,95.2825691368827,148.02898542786994,34.85485180589063,11.853489087597424,18.708297301114,59.762373862484885,53.79225451626556,29.179258526005416,145.56435281646424,60.32316078729881,37.51871888113747,57.71500863919386,87.2485862557756,44.806237580977594,37.73632274342734,47.92135095677555,75.02953228960683,95.74306252995287,45.496379112143416,56.23780384272864,45.60342573327638,57.23843567806698,9.905003346773194,27.093218209195392,73.38493910517612,66.9319464763244,42.604558101815655,18.028241427202357,47.212015850354646,25.866459407714256,63.921191857703704,43.37488680590366,20.711033561308803,39.7479047779524,28.39573482365665,75.95189272041145,47.92234459113109,9.86129193633166,35.57342501977458,41.37702058875307,51.37317998244906,74.68988657663193,33.20647586275354,16.49372193100326,36.12146492918353,10.521335777435485,18.64213127458719,15.372707494356955,66.743374774887,44.39509563614788,58.3801155040097,11.58104555962857,44.27888363424642,45.45107692623609,27.1531569834157,62.20600995531679,20.730380975916756,45.59436781301055,48.40896816829633,35.67444271750808,58.2416934296404,54.03629584074109,31.20794090215388,20.99371408941751,24.767854199673867,67.77817767135193,43.256811974883284,18.564628681125942,31.56411309686963,59.76754276197961,28.50633763876502,5.3370848186132385,45.78655757963588,56.44941424325829,15.200619835010434,21.938389183439917,43.46125830679859,15.127613615050405,20.156312533636417,25.39393857800856,43.91407621959671,4.334080799371092,24.949209074789476,19.851243549403694,31.174068956781895,24.427128823212673,50.66666666666667,20.0,698.7566053546941,82.73293635473534,84.4935726543806,16.750698231174773,2814.4412837707537,2054.674357093428,7540.824812346119,118.25355207256052,0.22678926578110148,4.644845972920088,8.44593019590921,0.0
2.2737367544323206e-13,455.9910999782062,391.81808649378974,182.96729323260283,172.78110522849605,212.2121589769008,347.3424150977179,90.35120459227856,361.06932593782756,219.4029871948861,251.59795375764168,59.02297004599027,141.72334452994141,222.12291196450508,309.42784556350864,98.79465418664965,190.86785887404588,182.37347536974025,142.07552230001266,98.27434035091301,137.1525286470281,76.57500582452099,126.7398969410211,160.83086779142295,36.25046191684794,151.82140254133944,201.2522739340813,16.699460720287195,145.01317281118438,265.41172070323717,54.32462546113749,139.58705414686133,123.04786795861519,163.08487054338912,47.51736347006289,123.90148396344004,111.87342295747334,171.78223502495138,65.88305730871924,111.18443433917498,215.91505461640295,152.62861338545315,133.79559612510607,86.29102825912904,63.29550291249941,78.57545045277183,95.5152458460259,133.52289052837557,44.28255126503955,83.07151177599681,33.67927156773633,54.08628526531001,132.47392127341976,8.432554818397042,53.288022360929745,60.565737300543006,88.0603402668447,80.88778918513333,107.89756964408127,162.7172814014423,702.0156876904321,280.1621418926543,50.08954279604535,71.04688061886853,63.94435662465454,55.52341771073151,105.52607456115075,62.65424844438683,78.13575988473323,42.14545480034321,58.360014283973484,59.327846835412494,102.13238848864259,62.06390663678508,65.07123492120273,12.627307269916612,24.050510451359834,36.986516410058506,3.3619255943557844,78.67309206144672,72.82792394501561,56.500034746433066,90.35082185765967,56.292444210624254,12.987427189363473,22.838223547085423,50.8250567183029,47.92279067482867,31.969941333849583,42.51640537930409,12.134045842468655,24.597675611714642,73.53160383871806,8.87185090026212,70.29410952899359,42.80851465314655,31.632527462402138,59.21018563644907,30.974541735957004,62.29588545424719,41.74078740672406,17.08244740899424,16.438585126258292,34.67677125766385,55.2090649433251,24.290447736157454,71.44321154409899,45.938850809586135,7.747417004159852,13.977629266860355,10.93876337777726,4.1812356457497915,36.89642669354187,25.530886690088774,43.65586309769992,27.736587148995525,26.85431259274276,53.26084839870107,28.609952500273877,49.451789327250964,59.367188963420325,48.036314575816675,54.174961528268355,46.90878515153854,52.16558936711249,34.371104746453476,74.48843519119428,27.266836576305614,22.853478444339935,28.99006470176005,16.539705363367936,43.852565412563614,22.518170671276472,51.55479945387823,34.7867914058855,14.649843956513761,59.35150525331522,29.956452745112564,51.04667726269862,12.173536072043653,20.883430769200643,18.95394090179582,20.00296194430053,36.54775913252251,34.745210347238014,22.90421070072558,16.792027519988256,12.546953078334244,41.47224903463068,32.4347610926226,42.0,20.0,702.0156876904321,87.09606991010628,94.21336980842118,15.89145894434743,3417.830702594293,2030.132642912332,7616.4471410093165,128.30387540695895,0.2616138482575934,4.598451167067879,8.060245294822113,0.0
1.6674069532503686e-13,413.16863141824007,268.83565738958237,296.27737126343743,479.4929534818113,200.3362416643384,150.0869923798915,95.1519980928205,472.45825843348666,92.76185855822952,265.24620886694197,157.23512561544982,266.4669417209287,417.95162737004745,251.44180964864256,123.37920127302579,145.87962586901713,242.1923765795381,137.12048282550253,88.45294506021182,184.57787121898792,59.80684388280878,235.7499787148461,89.07207195354893,80.99225447561562,145.54472590215897,154.91251110987875,125.9315990830123,171.94213141546047,71.28835855049596,80.80851769422932,91.74040999174414,125.11035099349553,122.62779709933945,42.44433708930305,85.51940268386745,170.0743663332454,132.55405203273608,84.39772858847034,79.26828786450645,54.546890612759746,53.78259184177293,276.5109449627953,31.668426359388803,51.90346455554764,123.56613200525145,109.76389982919324,72.57371961103256,159.1983345153913,149.74585968039352,40.793027726697495,107.90203251797692,56.51572105603681,117.79742965806761,42.25956647630211,110.02118777045935,99.01372753756553,103.27445008301503,128.36287161484114,168.26321950363757,717.8434393660825,267.1205478401595,121.12334573884755,67.17458991477612,87.94459775797594,34.70656687680426,72.78387189205623,39.93257756855141,20.73313470649356,48.985038074553785,48.00281067125645,101.82507663515379,46.33266675551226,54.54645399327556,112.59581966326051,54.33214722631733,31.490720154614394,55.59098794884345,37.11934274020777,135.78996878628433,52.417192444565245,36.525363108967504,47.04798279289545,18.897562924297656,60.81438453217174,19.28653282287283,77.64478699063666,54.19434390412196,48.85289379156032,15.843531652787462,27.72710509502058,17.168201284519803,76.8457137438316,4.898903071888839,57.1179831222176,27.980747080134098,8.125905886735026,76.92414366694203,46.61268245535433,85.9699011602958,28.64153937514146,31.85943239662725,65.2886465744584,20.462823340059305,47.52749718656554,21.62766148110247,73.12307761142499,57.92877873387839,47.62309706122332,51.922768496513605,21.31606418778235,20.130237521139875,15.85858635638556,36.189945370269015,58.28255512257701,9.025208496031883,22.755140978341206,59.21740458650055,27.13075013017237,21.953950208590026,82.46122929504995,24.72285155588738,84.86648441665179,26.082772421775886,89.67015279539041,23.672287732913855,21.663527881891888,74.48309147694319,53.57510875832826,56.57992118239828,9.349975117304545,3.618630245336642,43.005782591894466,25.405498791792755,39.019142353470684,46.14856656031716,43.32661136154244,11.864817337974745,38.21846772502305,15.566900944628994,20.533217133820823,29.205403913682705,29.465346035540225,33.78599579923116,23.801687889384265,10.432896601439005,7.382228378475254,43.08769813104518,10.015428256437177,24.894340463011368,37.733333333333334,20.0,717.8434393660825,91.96091686431045,101.13267717062378,15.764780399867758,3826.911675903848,2056.8429779141093,7910.382875828609,136.69172843380915,0.2774302973041259,4.588207874117749,7.805962183100784,0.0
1.0610771520684163e-13,373.26124382771803,443.52969553939056,375.95362221413654,603.9982198273283,49.38550486260952,80.27830886998899,162.02755481261548,303.1357723882963,208.0233147808968,386.1018732997382,192.10029635249577,115.24358977703203,472.93363781103915,195.93178261845154,70.33479668298537,194.9069474448509,98.02179785271215,57.98892111197585,32.92468478000354,204.26884951744404,87.23438720797239,179.60426360827154,5.1558642698672275,30.48099006968352,59.409089005379954,99.73742647171878,281.34400108455833,180.71369897550116,116.19042434792959,89.82851402688027,89.83132238551242,87.3965408338936,106.71835905433423,53.90272671548418,26.966048262215594,150.2071924389634,132.35416124367663,132.47013275570944,52.84040689168236,94.59471898816912,165.72232851939316,111.16622702279074,97.64902490302626,38.02382861757263,113.12694225125612,31.73485105631928,169.33878511788632,190.24653046259237,156.14347763480706,52.97059981201312,57.11763550128885,78.41068002405173,83.48680813728093,75.95372416442834,158.51171198044884,63.03064644403161,128.74779644843298,132.8326198203974,132.55472180927217,731.2549368422851,237.95724989860832,153.41474554242112,69.49942378869201,31.641653057001356,53.739751663484306,22.177289679348924,104.72657362943109,57.776638312889126,20.590127749072437,71.39902889555512,88.22087815315491,78.57519075738281,70.61514629872214,71.61191345467105,46.57476665415394,1.5902509802401967,28.28111054799784,26.2163152433739,72.85010695019538,46.61728377572723,87.33647615209603,13.711311862529183,8.239675834453267,49.5366243234675,38.945072938043346,70.00036522546293,61.66585143353396,42.46261976546712,11.5163766332367,54.617317776103754,6.46124858219287,99.38018035474484,39.408866808185216,30.497488665096117,35.46056765418231,33.236017384447,42.13387811191504,61.71381119809534,34.18972709451329,54.92410925793679,78.406914407881,23.375257584759876,47.30529971221135,62.68411316019568,36.00855045661911,96.08429029379948,38.99339929719797,5.622537099196952,67.64826697551946,24.590524366776606,19.353758913436735,6.600958560416851,53.55578131055704,23.376045528676926,53.617473351561515,32.29824120362149,53.45374571335741,51.084518995549146,42.44057308056529,52.84740726749773,65.80325391552519,48.86763913427278,62.222303401585116,18.429424986342415,93.83285452332402,55.29192358901468,70.99671793135487,38.61673036939028,34.870635880746484,54.6118566360665,31.359897183497093,7.155789923902053,48.45939768959556,25.654971475641236,28.81315374407006,21.08564865654511,24.6977536943073,23.359799370581925,29.79474689628614,9.562809836270437,51.073705994030774,74.67076065759798,35.123624217861504,3.4259063472355966,25.911789557882557,32.8054319214042,68.41517912118834,37.20772838373429,49.03303909059099,64.53333333333335,20.0,731.2549368422851,91.8660203760606,106.33208520813305,16.468519538557583,3961.904416981737,1698.3161424308544,8119.682496996499,140.52002720055404,0.287513228559256,4.569577294348208,7.9600153990434865,0.0
2.1221543041368326e-13,321.82779652350837,215.5647774040138,591.9138086859807,322.53487711879654,246.13432348412044,125.66608800523612,55.97592886627623,196.2375782178416,274.2293875150988,255.5746448126681,335.6503247403541,123.53822428657281,463.5576577558973,191.328065811874,117.49570722952339,62.260903559519065,37.89415283979271,117.86490572235435,16.404453075330554,173.33657495329632,119.54449305813222,101.55374954261731,95.6323543038191,79.58557240912947,100.16971345517265,165.7762098679224,131.48145400513587,84.34229839580425,123.92726005411491,155.5031062630255,102.0859170043016,84.11251842827923,47.32238852472737,67.45033567385484,89.123985392567,96.8176810026961,106.20916954831871,88.498032172597,58.27138688042748,72.11899527077746,182.32332769165353,86.99023367525604,73.80469744829212,62.31657000906565,120.4370337942845,84.94747973667778,172.13663079013878,108.6346616811785,55.79408317122797,107.81745890366943,32.40193090187065,79.88634784999785,143.76435685755843,82.84238772538163,103.93515725729048,70.70542946190123,174.96120446435765,41.05281290116843,183.28865520933206,747.7648598229557,225.53120296430876,45.22447641519584,45.40344308154434,51.561000278117994,30.723994565637017,36.604441600680076,95.79572897992172,78.83209711859018,50.18465882984885,60.552532311503555,110.33428532824979,84.62418900326712,52.24830096843014,41.03108597930032,59.053271618843354,42.29867218196176,60.78477701054136,59.25234751226003,20.83061653300167,105.91629667658077,36.527184085588885,52.26523646382422,53.47185700264001,48.030873164412185,29.02037381190395,63.516632076826774,25.13173218581718,15.546510609481459,64.43853912679629,88.66732799437075,37.85030201577459,69.9353063431329,58.0123305718654,30.63561705530581,26.0070482411815,27.724127222344507,20.994582959139603,68.2942951710345,46.50433308061906,54.15106441961949,81.308995258889,23.836622750464404,78.09328854749198,94.02953264019263,57.62090481944626,49.15911798114248,60.75322680629742,33.16479831222865,52.142293995439545,33.961361325488454,40.54838503215762,38.31002429498244,35.48417412326621,8.797993009985912,55.22439843746654,23.0226646052304,36.10321032393197,63.80924635504531,36.02440274096541,27.619939909822236,16.93431179421431,14.311301854845052,63.74741082250129,22.179555783412617,70.16489828078602,40.3071538070631,23.705666526408244,78.14544483662027,55.969156236812466,59.651878305308664,19.39799152160973,6.450975856463144,44.08421781555488,36.3441442722499,38.71376300104747,29.827308131107664,40.67858555119858,14.976988260964516,20.261723764479747,19.702632723718,59.90511810457492,46.053619997730976,45.261768422939085,56.573980872552056,34.36706746727034,51.19614483196308,41.75232783642217,70.81635422943778,35.41234713725381,58.66666666666667,20.0,747.7648598229557,88.98939933171539,97.40201803705921,17.040936009371194,3719.7334832282395,1527.2698024716644,8101.406614057406,131.93280983557923,0.27866491298681717,4.63565979435111,8.402853209915486,0.0
3.486396356796225e-13,90.84402251401498,272.25891309863084,462.9289945263786,239.40269344804597,439.94305345974885,265.41500813567063,155.73226873618643,60.06641786880291,90.51753469673025,349.2108878227035,236.36882266343332,332.5882242142498,248.30304364973563,162.074433133377,85.1461580727142,8.203570762522318,74.9362931996516,195.29172595852285,173.48639844907126,50.77682145726385,119.54952068701292,138.28446008832148,53.531178656973054,113.75330697132169,143.2231743929194,88.65555052393661,156.87891547448666,59.65076072876287,84.84322892983762,179.65210245755853,69.02192501151265,65.24925828044161,91.87937279000089,132.82303901035039,137.65099750196927,52.97281590565049,103.72076166781915,39.5793095606743,113.84511361367083,57.11169063581884,168.39535706056887,136.94996745721934,36.04088327520506,62.969528492729204,47.53348475725111,132.08949438263238,143.43681871800345,38.36328881343188,99.99266285780593,81.17547522360296,16.883229251490775,36.82206776501819,131.58697448406966,88.80733010518588,26.33111620411571,79.31236019903943,167.1067490313029,128.52349288271765,113.19093649017935,760.2125737826545,145.13726472134329,47.3871414369204,86.91065682529235,80.63895877670166,70.09670714859021,53.51450841663909,58.144005840465034,94.13183621229196,68.82541551658271,120.07712115523574,98.55043279318454,92.54207696266784,41.24532356158166,10.727294069657669,80.39900496896712,49.02173715361192,47.34337005007993,51.24129847730557,41.1050680783853,89.0707967408778,12.178380522742842,39.08410555068421,42.5450447215251,28.316984265667152,51.30425598607044,93.10316164138757,11.099523446930458,34.474747403854764,24.666458100234067,65.73497187208143,52.083758716884894,59.581782274098245,65.14205675401675,44.3515401958509,91.74686256077743,35.393785153482405,10.667549671532559,23.49710226416645,56.21172493833829,31.491233347993504,58.81353790602425,19.955334068456917,82.65881359733959,84.87687089096923,58.39436772349387,10.990386341187463,31.57155066073932,44.18777525984993,32.98022536255187,40.41196202929184,62.14095761538225,19.979982568656048,9.814570991494165,25.82875552215372,33.90801835230175,37.04874822424317,8.074382264059105,25.56208124550489,3.239611865243939,30.618919287066795,27.842061071030514,26.505747176929418,39.51177903287668,70.79939475881619,10.191613389550794,48.095288639189704,47.233588131043135,61.721226997846344,48.03224224544404,57.03557090373812,11.31446732325957,39.79729894302521,4.309186648599368,7.453595655709585,35.919627401799985,47.31772458902397,19.257043145512878,22.589298098794718,36.77520332389631,6.289155306718093,48.23766785606744,34.81328008849753,45.81938816465295,57.106182722379664,38.255725010724966,53.68973423720707,26.849787917887454,51.43424265781066,37.7440496419093,89.06666666666668,20.0,760.2125737826545,84.41296865205358,93.6800657736075,16.87182850923375,3405.654317967709,1546.211064353318,7710.079915487012,126.1011657360867,0.26896770108122925,4.609783554963762,9.005874167466095,0.0
2.4253192047278086e-13,281.90741533965604,398.90675435579425,369.85503245054696,62.256892132652865,210.53176991499524,569.3822210803112,30.613374444521085,123.28794349482459,261.15957505589176,423.61602753391037,372.9408508999206,257.2354418758381,188.22388553680864,120.89390412581834,213.90191195894232,78.21453021981768,39.93661000513295,263.5229818367814,134.25032467692031,101.16571892570425,203.1225151361272,75.17104635689834,144.25239773460623,100.85938603080757,208.8164439070186,63.46936814530916,62.80356590145968,53.3340572154428,49.33800374776054,217.20038959723104,55.24185072054334,133.96369454054823,159.2410013538352,41.493264091791566,186.62312545070037,40.17977842775349,22.300990072939307,67.05090036868197,40.439472761594274,181.99757264535393,78.38593166940846,28.34124992405743,84.60792073193055,58.277346625459465,33.61627635268694,58.402738096287514,40.78161560096507,71.48422921561544,62.89101139769737,99.77851026704653,63.23898447414273,81.08912383853904,122.34677455328024,113.1371653743928,75.48124792786518,62.04349298194871,94.73067536230793,25.832621610640885,162.24182097732307,783.6463287830527,216.86061195384588,153.27712359971093,45.26120310967093,124.38427644174669,43.502416291909995,85.12717119619177,36.01192614010687,56.32416173525946,70.41540033547045,81.25152883426165,39.39399164120488,65.57576423438145,75.75183755602148,48.897771593589255,57.61311579068703,61.988882976493045,54.613681169714646,59.22808094419047,57.47034234473006,50.2807457423821,66.83461389349708,43.143749522297334,28.409361582568255,56.36689357297115,61.997663205512225,38.277438316783275,60.71916608332793,60.015808684579106,5.250132174817933,73.62155242205424,53.0929367813401,37.159869721068446,46.58679096710468,37.14983492059975,117.09077673542271,23.264577599929837,15.217864486983231,31.385306951725333,55.5507634399702,26.4649033837479,41.58766832109772,26.883740594714915,59.82191520969608,62.70240877992339,64.46109947549127,17.70759004793345,11.71936230430168,34.08458617523583,10.678922509549265,58.51718897594101,54.96631825957569,3.1574221482574707,35.010823862438095,16.646660635927553,36.45076397238484,34.42144564907042,22.46552039751675,27.492014928739167,23.380265692079316,13.858821753642939,21.252246113444215,16.71373725102256,4.756869901072751,12.568017001065186,65.09148671612805,29.800652710245554,54.53355052003063,52.531859901759965,14.216576283627608,39.9565595442882,51.47159822591817,27.666020497509102,17.35769899305204,25.778762342698673,39.224598447198254,31.120585733166635,9.180842215021132,51.943322111724974,20.29712182641187,23.072174817563862,17.303100962116936,46.76254987407261,39.934426720437465,38.30256191925305,29.234471891225088,72.96014893514207,26.46402728710254,76.86021471008868,46.90995703058293,98.26666666666668,20.0,783.6463287830527,86.58289360504575,104.08843697911459,16.219445631123875,3670.81108824149,1792.158861798729,7524.464090716645,135.39202405525143,0.2826432901774004,4.555414704096002,9.050821659503702,0.0
1.0231815394945444e-13,580.6119158549631,201.89778842976585,397.2608684684725,200.32666993099653,294.9572277324121,354.8134281785585,233.2059637295558,100.44435370766624,397.38501841593376,294.3334162609489,400.4279945781793,259.69443160621216,13.042607309750693,106.46738626010662,27.895915694794247,267.7208860004279,151.9830087408589,86.07059663613859,242.30178201378465,54.91725371379519,344.98772595574593,105.23702948122106,103.29353914078908,54.593262146812755,225.31410543509392,76.7405746673364,67.19592590544043,45.93191940503834,57.12523553714213,149.3353833744312,101.65633021512555,172.12206827119422,163.35611402367925,40.66994810743875,163.0572931174663,93.43053921215713,175.62868529604856,213.4146919173379,145.92680462112338,119.11684821665945,41.58792849806539,22.347064949215152,42.726059795809604,97.08653249670246,65.60342071844163,37.77766916810381,44.27807285544728,42.94519949435782,15.299252733022485,143.06964892822117,32.76081301803117,181.38448006186275,153.33223457930077,70.17878694038954,148.7579065955341,77.4237488358543,94.3346147121949,87.20119051405347,110.08626049932971,792.8072350221566,278.76317853153955,65.42473373133458,54.001973136930665,75.00096699532139,29.73500501318305,57.90140519162516,81.90723245560588,58.393974257365365,45.345456083190555,108.31419249128201,51.906498373388324,14.60650404721709,48.62151557212795,8.95949550587731,79.77969666525438,52.88026082702574,31.016608181033124,14.922158463093922,27.178278499215658,5.091130777851591,90.63282623903106,25.656451801348528,19.837382969427118,58.36379062846557,77.01579159580687,40.38357147693391,17.458940592553216,51.60363351951013,77.56402662253585,73.38671500400002,37.57152100792842,39.00331053643577,18.028430178083287,63.124730408782256,105.2025050673265,16.99474708347419,27.795770673454868,38.705344822694656,34.24267150626147,39.977549255106226,21.259958194296797,38.82476837898607,62.169154049558756,16.795975380356477,34.90018740123877,99.91047525395663,36.08795226024151,25.48971620403789,62.504215866272986,16.965559851450177,32.504229627828195,25.154868282410668,18.106367163039554,15.741002458915641,15.783608575140182,20.75350400604945,48.42303057685244,37.90753037781815,23.16510246553543,24.759000313480538,11.375942676941207,12.68680884907818,20.97226411004824,22.81922031674737,59.22032780487403,45.18508821314708,54.08373209356219,56.36937653250683,33.86614410307417,51.37670246373666,19.772317242908745,68.01378322670223,17.140148151433227,11.382566808808603,30.126905605968467,52.88008280586638,27.302147120988707,54.333101629270004,25.486912655422728,17.71982231476297,32.23767303275618,37.87078515244193,2.650913894003568,60.20563360188123,24.77246522776952,35.11742599847481,58.17660350457536,57.94841593039216,38.96154030504389,114.66666666666667,20.0,792.8072350221566,90.39405572161762,109.5477224327238,15.803480022261137,3834.8690704635223,1911.3087604744196,7812.930527304698,142.02742270420882,0.2828260508835221,4.523843139943885,8.770568249130545,0.0
2.501110429875553e-13,706.2198882939904,144.29516517287732,69.7919161268862,138.4388885498162,222.7362122285248,435.08773080837125,333.06697883310164,178.81337176318755,426.51935128444813,248.55595450845013,427.1447190862359,71.43854945451167,165.161906896242,218.96445112743584,185.7615114137545,156.21846984075933,224.58431100344086,118.97705670424014,171.52081378987168,81.74045139942066,273.8703156457671,130.18777210184888,89.08324566929778,34.861209081491864,230.1704372795416,108.57700508487898,164.08540442362414,76.24357713606086,102.98627634709342,109.84670184396718,200.33304076578915,21.74657415405394,111.73123607093521,143.69020628772108,56.87907576222835,69.30446063017519,244.76388551508768,171.94776245681425,170.324661858277,87.55036319563858,10.516564563883302,78.05559841407967,75.14447982050095,43.874166880338954,107.4913342915441,90.6394984481681,92.73485376814523,46.03985557112979,108.39742287042654,37.4699879903904,87.67871178620325,117.58353359267993,19.673607464038504,93.66558960451,182.5949465258678,107.67530968192926,205.27106164033196,78.99330680140318,73.36652711712037,759.675820690985,154.09760812711184,139.6621931533984,56.951716156850615,26.524721437872056,76.66584177395131,84.90625133427328,104.72142458992008,58.92436527300964,27.582365297093553,65.10340273436711,49.69401094823232,40.21742194599973,51.02431431271316,7.921742620868553,66.99187347067637,20.04259960636473,61.426419347762376,36.59914034381808,32.304022182113535,41.98341797233273,104.1232443488,27.814556695313406,43.38833550964824,17.47406301974392,76.76744081618259,76.09096672335801,37.33527128388102,23.124812718852258,71.57164243619067,98.4173194141623,32.93564985075365,22.24440629798961,21.34310217472947,44.14852996927392,55.82924173012341,74.87320864881991,37.85023858821212,58.55815148093282,23.594206011433837,10.728984626287383,51.539972689448554,45.96663743190576,51.70951063426095,26.682481284311542,78.0520878659229,50.020325852434155,79.03516295981852,17.142772463258986,39.519292386222205,70.72527699784375,39.90749955393245,27.26013302534423,38.328264998043956,37.21805065262979,30.79829516376618,43.91501322006479,17.81296089627642,69.52162599628791,29.542598225122173,41.82597161959397,13.567275713399995,26.040082829575347,35.27929090248813,41.11757027459908,34.83683909455869,7.281028275889612,77.14827127684717,62.32283693171934,40.7441082550283,68.49588521250793,41.22024648843234,61.91927412461965,3.6555506261709887,17.631881685687695,55.33826241443702,21.763319632979115,53.24404877957357,57.43323960449176,26.546625465104622,28.392147040687444,72.57272993052258,13.634967399643813,41.641904720243694,19.756874415706708,75.72393553625552,39.63493890736188,62.38134268143803,72.37928608595082,23.637241452081298,154.0,20.0,759.675820690985,94.24790834511629,107.83410294408607,16.565593178384376,3786.2350841340794,2148.867856921092,8202.083310712273,143.21613730716658,0.2678209805477183,4.589227104107928,8.060399790616145,0.0
3.031649005909761e-14,376.97634310695406,383.60434713712914,277.0184729782709,163.3675714857207,279.36493055173463,257.74298964463344,291.1866372113333,126.92503239780252,234.02409702412623,237.7416879590363,218.46967755558506,52.23963420659682,190.5511390388173,115.49009417428509,322.8569515877747,33.13109384829954,273.6865771875497,23.75964103194206,152.19100085171672,113.49333625931628,191.02366298309312,174.47447910614255,68.54977506951077,124.28416068389359,96.79809022111321,161.84851573744353,82.10345700643788,187.77846530197417,37.039198509246596,93.49055567744438,124.11960550832448,75.20631751012884,139.648882638624,19.682486570177325,139.44290124598277,137.89787488291435,202.53046609436925,191.22043401447445,78.17756834773344,16.52411745286322,64.30399991756252,85.08655226697846,64.63890953539475,58.195112879233804,111.61212643154072,88.39916188973493,85.89588616541617,83.7391034095277,90.64257551425058,84.14875717046172,66.46996235693729,81.87362545503302,13.310438474895994,24.173800500221006,120.80166385329774,66.06447671877235,205.09368755269185,91.33413187765676,212.419441395603,718.0188098518455,133.99891039092586,22.238102829516585,31.456944450954172,58.799109985029084,53.1111832122082,82.76802328735957,74.28417855325115,22.323903730556957,79.08948034928657,11.405727658936067,51.818021707048686,74.12256067808015,63.62535935339852,21.956257085503257,51.6084403088401,9.022428853948135,40.34993917235934,33.41431610907011,37.76141184317369,31.097178060107105,50.27730855240936,59.81064617565178,22.72005288541805,6.215254490351729,89.34983705009357,64.22330703459956,53.269280722251786,35.468079941893095,64.38152446526715,115.00320961323166,51.040896246706936,8.12258914232025,51.77567261666585,42.459908762117145,26.575407442863415,51.32327768391039,43.488481501926984,47.369381057615676,34.57922084677343,5.6678430151552694,44.20529629184809,37.517871155116225,53.42583080717433,31.566391814543685,86.52449109050391,65.40241254359276,89.11959896360955,9.277875535799808,44.803270701757576,56.59378589248817,61.57687228405404,12.191125094844505,54.59269816407249,27.793898354922945,53.90564525863798,65.18963299572489,18.460671610804784,67.53548375315658,27.26676673617905,45.89720191236026,19.145838731765746,18.57515379994408,43.85153028839957,31.932934009312262,27.136788408004072,58.21623938213139,46.836071903757926,56.938204926856926,48.46513228484294,87.25312043565003,66.49380524304408,34.861468988125694,13.427784778823247,54.28077073786099,22.26165207425202,30.899723353552414,20.987407853221654,72.04387022456189,20.115211574962856,58.193847664972054,25.64948858999763,57.32124349338168,22.210183583107487,30.462529272611558,17.0319947633592,82.54974672462721,16.165201570819047,47.0130283696509,31.084335638325136,104.0,20.0,718.0188098518455,86.71672186343642,90.67519641862216,17.01647626247801,3204.702654472025,2043.0184053854541,7759.787219657981,125.46625481099012,0.24637329345535525,4.627014562054215,8.280050195884927,0.0
4.0927261579781777e-13,315.01011269072126,300.93095712324794,453.70283508198844,106.60734546974885,439.1404381986343,415.92696457817635,174.41954561324883,201.92893212751076,131.26104748618275,160.20402860442275,64.82904981763524,92.78908054536905,184.68988167986777,106.02052831279714,204.83738352157164,240.54861663345275,75.59404793177453,143.34875210486206,151.52471664788683,205.09869614828912,66.50998854754617,73.93784784873233,108.75150451712223,149.86996292497395,55.187598404964845,198.07745555717247,131.16223404334764,174.54365824059118,70.10210411497123,86.83311753932546,107.34220052732438,72.3477186817697,170.19646839212757,18.633741894180307,133.717751223741,199.66492602331314,60.022692003426755,43.462960029507734,27.32105615309613,30.92405037890638,106.83170320248344,48.44820804789923,58.94175553632019,41.00646629114648,143.9871273469789,127.80728392845214,36.6421824650144,43.43724757414306,97.4526796234514,67.71561448029874,104.02008633849226,65.22154845422241,73.69714271865797,92.47875292750577,92.70556020457761,87.70531659148074,186.41234671575262,128.99749348984213,101.69810970152086,720.407040870764,168.40766873593114,149.56350224091435,111.17103981996009,124.476572739716,14.043411873123137,100.66256912494212,92.8852305247638,48.70882536431556,48.56766771690243,96.86873070499749,37.89978703702004,63.111083586853916,30.92490357017091,60.0357144779972,41.818231005680346,22.846862686303638,65.09004401079231,85.6217235478833,23.175058109341112,45.16675475084899,40.78162187465633,12.955976054074709,39.8621993231044,37.70568250602209,60.90660906096006,31.916510957939423,44.45975403506345,56.56991838493002,61.145304056292396,77.52190176948226,69.93073348284473,10.38928433243337,46.420656651358996,69.11901356655972,9.585564459259688,64.99813273825127,69.34792660792242,49.61711882795357,58.625359173148894,42.07485393121803,13.577519961370598,25.89002969660356,44.05610030651982,27.266898234031764,76.76712715317011,27.249088298053763,94.30977381510584,6.441960329241484,42.458190339632466,50.250933116107035,63.744637911219115,39.82049188729945,33.61406750151471,37.037431447025945,56.37094841981468,36.89468341547582,35.861555314232206,71.85891706297113,16.26863338202603,25.589362317755686,22.504365468973827,6.702283367808365,59.65060567868582,53.999243761908716,53.506552911905516,52.44642932211093,37.855565263630446,50.65950355505305,42.416908877348035,56.84698522572947,28.50179852537564,37.25590584588409,20.545291341960006,27.133375255682118,28.58160817233918,32.03276113908761,28.029050817742842,74.87040186597379,27.79225277244538,49.47894041958298,26.807595170352204,74.95537885951414,41.81101994946101,53.04741932760319,30.225568714326503,79.60352777934264,30.31604331369655,29.957770612369643,20.791813112866304,108.53333333333333,20.0,720.407040870764,87.13201877977154,91.57115597755248,17.255463245427016,3147.460747329552,2049.0945671872587,7873.247502448921,126.401207682932,0.24081929860822968,4.64722737283274,8.267994371754563,0.0
1.5158245029548803e-13,565.7678846409807,177.60891727958537,434.55502305721296,69.89418867166394,200.39459640626998,247.4147839086825,81.65673680832705,164.96794352138878,55.06239014566104,85.87773775866049,209.7695666053423,15.926836364160115,238.18468970392698,78.18942475519067,220.30275964853934,108.35389652696834,31.436274221779517,123.19092197752462,203.90961681325078,91.69176763967303,117.4755008556863,149.36545087098014,139.94343290074983,73.15277330131285,81.15696683818607,55.92941150886172,226.33009492995728,103.47499912043709,118.20880862204817,61.4255907192542,111.14471467013216,146.86004514700298,109.00806070664797,87.23605427614898,51.764699236040634,60.93799405622754,73.34855237774757,74.02569468787048,59.10300882951592,31.542963407876655,115.67440384611389,114.61573528913141,92.01399514058132,92.36314383891411,85.79957119476633,84.04762895922855,52.04355861953103,37.116365805970005,78.978225208853,65.51145786128646,32.81289805286951,77.68684729096891,35.02018355556162,93.91868800057289,78.20763557820892,101.73230744392377,161.13965521296504,80.35124227999852,198.49261551662948,745.8949721522827,317.2558435741536,42.47758221289437,61.23225942653829,69.50647895333057,62.0104840826152,94.3109836113131,76.3193807081749,31.935141176823368,109.56707708845371,76.15024949726111,82.75163148114001,57.15418995019703,53.561511580874004,39.37294064849375,36.487806182339874,52.13592318770172,48.11906807332611,60.89203781366222,45.6498361465545,44.65513118253788,38.846612711272776,10.436238806199789,81.74827671940605,24.70101032792588,41.12362731102656,33.75773342335606,37.37272425222503,12.045006480054997,21.43192330482641,52.17252495659209,63.00929041078096,61.51772030095291,25.96728560475377,109.29383485992325,52.011522954258936,48.32794033230439,33.02994300179844,45.76071482603827,24.550608248652352,44.99856787844599,46.76940364929873,26.6962624605555,28.76523911774749,50.29781154051959,62.650190360716856,55.460245460628094,22.97972726929826,51.714981103602504,12.241521772765012,8.664525971103675,15.040553932146137,64.11026546736602,24.28542573435795,53.02179917804566,56.361954933867516,31.051372363591042,35.20964714020644,50.69207222726271,4.231709995143239,18.227618426473747,8.575627652268723,28.14245773636256,2.9247299918373413,48.64482415100863,95.35617477100737,21.1106310822348,50.610955030856786,26.913773613892754,8.627486644673253,49.80713563101978,50.87511730924156,46.82778559611705,23.98704529535458,41.38341940961386,29.839742135061474,16.48415590662721,61.88352785610152,42.43498566892541,15.602018983228984,38.35446401758663,26.962152175049823,37.653524447538295,5.130773720804389,33.775381933190545,42.260191857693854,43.2532666665871,41.93447356381394,18.79830835268807,15.318966503084164,88.93333333333334,20.0,745.8949721522827,79.0902621786434,91.47531218653786,17.307986928172966,2625.270719627053,1843.9226757759552,7394.345931393503,120.9256065153742,0.22128899709526648,4.60956014842593,9.430933108648809,0.0
1.3642420526593926e-13,378.57111136563793,461.3481222919978,481.6858868238449,396.6226467331843,143.5923136509528,431.522912529978,232.6779335720258,193.30064467694754,213.46913930100925,111.02700660601275,213.28322702713774,92.24133635263132,221.84231044944156,98.12269621738479,180.8687947953682,15.312861197588967,90.41754882686197,109.05634333076674,190.46089746199874,121.64697436589647,96.26571849186867,203.716939450908,101.01951642528043,45.62321714571312,69.61818627196367,41.91209043952973,157.58614927002,85.96136738329308,195.09723071748184,28.093037046361104,230.46316715503863,78.23297853347518,85.57318886105938,24.388685218051847,81.34509782829369,59.223380759347904,32.26312189906354,19.29092687887774,54.84355779074157,7.077294468212481,59.858260401663586,202.79127312517372,100.76320289705698,95.40341717408525,93.98959387914509,85.61553783404585,25.281602843144935,49.366481857293024,51.22779995695215,25.870790049354454,5.731851875490447,109.91499996804707,96.16918562995698,99.36968156196309,29.787658810630745,56.07020495975536,145.82124845272452,83.3718079544054,146.16694425642055,746.7303682784373,299.5693947731488,117.36495430570113,86.95742332667831,31.50799328911766,97.71702191552107,20.319811572447065,20.16572036315306,29.914154775719236,86.18262176446011,112.30005494587239,103.74260292705074,75.80129831383746,40.29006760599746,27.678237022762275,25.45828832511024,33.83976709347458,51.05267277918863,65.76183124880251,51.131177184164414,73.32661018025817,15.212389402690146,61.25466069176451,68.6969802537014,40.676014734540956,40.84060009060876,46.87529979827238,68.31950933819274,30.152723064945313,26.703771498890777,14.477228961395616,18.50158425799266,27.66728186460963,57.67065593555757,96.33769430553636,40.6850642015319,65.93995168182948,52.36034564129121,55.6037421794095,62.36490095278864,40.69004792329445,70.74548543638804,34.19859776206897,4.21649345229665,31.663948932081635,27.5169432101352,12.143725490611887,26.89081129502362,21.788808480663207,40.915366239707055,53.9184108030425,66.8713909334641,35.9943134385613,32.14892434161174,26.94093072512841,48.01948213843644,35.89911141483081,33.205543304429916,33.617029181012434,13.80117341966712,28.42716583509718,22.374154224960986,24.00121558081795,23.792183176039238,77.97764440070576,61.15475202923912,36.01948695057086,30.25314300585597,12.874750650695786,10.130575344134012,22.282224997694943,28.865071538486816,28.305946729018423,15.159648166019737,14.027144089888095,14.987989015917274,39.62708620320739,40.07704776853079,28.13782077776681,33.72361506137837,22.656576016076755,21.45585280973654,21.382840988247153,20.439303246469493,66.48317822038999,6.52394056742747,37.67127149036545,37.11038680572228,19.27537284200939,17.50963703049783,102.26666666666667,20.0,746.7303682784373,82.53699869398066,101.63126900310962,15.932547863575495,3669.3072875981866,1704.5638355745396,7006.678680924374,130.9246767901017,0.2963767640096162,4.528143652259956,9.047219793477849,0.0
1.6674069532503686e-13,446.2345602752128,679.6088787392636,199.33193447428044,284.1550252116797,427.37550106509696,263.6203804275128,270.15553756557006,20.005520140050027,287.7630609499498,300.1030850402012,251.00012216577582,138.2335249242817,292.9266374681617,154.71285949857,29.76015058450767,145.73158982773722,61.48513284618376,82.01080037840258,119.31588120085118,86.15897345495681,166.27371489927765,107.99281330159339,169.93027459141763,47.73756629346664,43.11561748797901,33.36697677674161,243.13094590673023,133.088920434792,54.868694194564014,62.46081181115471,262.25523353918106,112.70045330626476,128.49753823769092,58.8308888839202,107.87130871879091,124.36042113075922,66.63113355522623,83.80263707021223,101.66770140598855,76.62967008456168,17.559068956680083,258.73190415655006,69.55419049895974,69.49119188458657,61.493785543691644,23.278696468584492,53.82468968891715,13.203000768825621,69.73444099307103,37.70835451196459,88.41031262932775,128.82587500015677,67.70620586080587,52.4879973862589,40.75240292139447,117.07350406235707,129.37414607744049,63.819053956361316,151.74895077008568,795.2672754963432,161.66671557648513,161.13691842774216,72.14157719867042,33.84307680917441,162.93559606509683,55.62135785008265,14.613732474113661,30.99448645472503,80.51901082331115,146.86068083733795,130.25509806778962,21.453081824188015,28.708211785666606,16.937247619291014,45.37742953397769,66.36570947772309,59.6250272630617,62.51487894791036,57.779803978515965,35.54349111953263,61.54502104199277,76.48346676478268,23.47135283894346,64.59243978260139,50.59959991263409,42.92007764410176,60.441013699248636,51.049841578191185,35.82510539684142,22.96118195521306,62.25982660025012,57.55546065076845,64.66667236109595,82.28263984152866,22.735479996137382,74.21649592927066,51.77581864002275,25.280505808813206,87.3647753731926,42.11877385574171,64.98904055123691,65.54858626843101,21.382959416464736,60.21311388732529,69.54546870290363,30.216007952041362,29.118180870634358,35.87731931855369,37.35622343670841,45.261276528995225,72.55494880420713,32.65724666122031,23.706182674471187,22.9179118560994,34.84535045322876,16.699242796325397,47.237414032554746,57.75884609944506,40.75334303423374,22.749761223675993,45.382510901540115,68.67354623995477,69.5126909551948,43.309320300054,32.51357281996503,34.090005986730915,12.646575844582886,26.855067586321404,47.799284989732236,17.520085561747283,5.732277661797691,21.136809093207226,10.973538523219197,18.072540860414424,30.962486327608545,22.15980694905594,45.105089992492715,14.601456864779845,9.662717845757573,37.26294965749776,25.496486393556324,48.39255271693577,30.112877350710484,51.96598990325236,15.350625139764478,49.379980421061454,29.400905499189605,56.40817754318789,46.84576345061437,145.20000000000002,20.0,795.2672754963432,89.89266883503582,108.3785584955181,16.382064803198922,4015.226627945607,1523.9680521792015,7944.705645130564,140.8069737330217,0.29777931689580045,4.557917608083291,8.846853539922785,0.0
1.2126596023639043e-13,137.1852734756242,707.4465471280025,187.94124668694087,313.087515376161,351.4889292860506,298.91232434862223,240.37076695988762,89.47989218215695,308.1659312383,418.09301152424274,13.09833653256526,291.21877710496125,215.38039895815533,191.49784435297738,149.6254982251333,102.72962250260406,39.06722514239633,38.70746810245117,130.9577344375049,53.56245161325893,199.69896363540823,192.4711562406605,83.99447927834102,73.01902285598504,40.79925275510925,131.99870150469263,239.89120192955733,123.72555145699609,100.15177951474007,119.27336316808406,156.20363159464821,136.57222640362139,25.47025090123622,15.422398812350535,63.205385961098585,74.60340280553709,34.39233895602439,91.188746211394,152.3296629088652,104.24786606695811,195.0810486057033,40.98755753386625,149.99036862054734,65.78984410175424,57.14472123150899,14.005872647637554,64.74606713959795,73.83208014448513,90.35908689629284,164.01696389228906,59.716970510302744,85.44857622663034,47.72073671987072,102.96909622767728,91.44155138264374,73.76158883884051,65.69668822713817,72.08442948435172,146.08232247396782,761.919553520748,301.6419460262225,16.30165423904841,27.837687054740474,124.40570190476328,42.44153356344278,84.7535318328431,20.54675558147197,39.62595493753261,34.227754856874185,92.5037567030289,166.79076783650476,16.739099325330486,32.85544730920386,38.834541775404425,60.85991200198116,52.36015578455961,50.60202825313105,44.43235049463275,47.042422860531204,15.811096994436378,83.2970388499575,54.974557112449105,27.82694547280114,67.68747040438984,51.325831564797696,28.31185112005604,56.060638968549156,61.998096362172575,13.636594567246282,44.57301568733286,73.55907427013298,22.259014194173705,28.43058951338076,11.691863151869518,56.8229231866481,112.09729029588887,58.59915491750041,49.45814897318566,67.74182923010147,8.80706786873159,76.99435244208452,52.47615191191507,53.073501312431716,55.062934722843345,24.973525799589424,27.685753057990283,36.647022522256314,68.44224201364344,40.31408146805762,47.24235038722378,36.217343782278284,50.91284743362547,32.543323682921525,52.89297156765016,35.52659194620637,45.470245463961554,15.96483491329506,45.03843615847667,22.40041718314185,30.082526609121125,42.40418738093492,49.427075899490795,57.52765548756729,45.04722833872285,17.02465131515146,54.657240853989194,41.490156651560625,29.67527840529424,39.06430839374394,16.14022360702712,28.194301784881063,11.02418776441178,19.653460523761556,31.131568002413495,32.72608054156832,18.773661361313014,37.63565276825324,18.41756327058022,10.5216570425058,27.58062662542216,44.58533462596972,59.95354800812174,19.857098243304165,66.73348350622095,52.191801478245395,22.455794903329014,28.37444099092054,74.35668974122504,61.06112953017426,106.66666666666669,20.0,761.919553520748,87.75705737135794,105.4784765478414,16.620074591325622,3763.3667951546477,1700.4001091948392,7699.791701354204,137.21155247767345,0.28589281271737593,4.563362147193479,8.682145645524145,0.0
1.3642420526593926e-13,447.74290990053726,1771.1480425146497,1231.6535558239962,309.17778504361104,461.3854558269623,467.482833365131,311.6598916637833,244.8885948618709,129.32918468400607,217.31426332482854,316.2280794031284,385.6697550113092,160.87721540042287,161.07722843517482,323.6690111482901,226.59323862104114,172.68849494827845,73.04956723120868,140.8170784670726,140.934113396437,163.90313657131935,69.60221116675821,180.22260812778308,101.4223061138479,98.39834477620917,65.33636005251238,119.49937868837976,108.11866822830399,116.93752876027494,50.10329042683716,176.15552993264185,55.886204737392625,32.971086929385876,140.72997358784787,104.39583183143988,150.23227083159406,165.56104819669662,59.17600728717355,146.79612095192988,172.241834099414,97.24556721293749,122.6622912087447,216.9212472342931,68.00623867947823,107.88366570159936,181.7183498712003,79.48220155008376,41.059965260703216,65.88890164056248,91.59107185989497,47.266612100894406,72.91568752655598,86.12686794910132,174.7476155317948,115.36849472428332,147.37534747360274,52.31485024353137,11.14746435643886,83.60391525555144,901.6348423525102,200.39840637762782,165.0893198435113,4.495013368198603,166.36381651062084,89.5741983133645,50.31025566821568,86.58470874594016,60.40096802408896,82.22202110231778,73.24335409627984,61.08151738983786,91.14519469669992,38.01826659494739,118.45392071687017,19.096480187604094,81.17167880179542,49.34375762684971,113.53156092565646,18.139463106167838,136.87901450828338,97.92527460087194,45.407941484129466,31.800066910962563,57.819781998891756,30.06913146493751,75.38207999870107,47.68109617984781,102.68257977197011,34.40184545981557,75.79227650158609,86.04881379980385,76.73723395848617,106.41565869433357,34.87047403613974,94.61479914564595,37.06209554370661,56.782753745852965,78.14293184709258,104.84230842900382,55.66039884873267,11.460308931660943,77.82380043690456,41.991360284812636,21.167599301760692,65.56248353016848,67.67180278111813,39.19092435619594,22.854354355003665,58.478738306393836,46.44770667549228,37.367693025048865,52.45338696197288,52.47567716709064,28.324999694509465,28.94965698518938,44.327723561549625,69.20045344569323,23.427794513178448,26.933784389320333,17.597409858888412,69.48114031933943,47.877279623356735,18.176608865046113,44.81781520610874,22.753685190463415,51.44082723161765,63.18094846338787,31.36941911438622,48.29166680097391,61.73462312197763,51.83933287737611,19.56303923871216,51.66171081278374,80.5842842124848,56.30802178283899,1.361542774991062,15.709099421012088,68.1837723755871,73.4591502630161,48.143575653388794,49.636396873652956,35.426115833053125,61.6064965452686,55.676286255143495,47.82428962865579,43.55007684760673,51.424884973592825,5.675617002818145,76.89794522390888,112.93333333333335,0.6666666666666666,1771.1480425146497,120.48010894370977,195.48587703279793,14.733218731857637,6615.634795259412,2101.1920462977164,9355.189499999338,229.63053971623714,0.3660706514550238,4.42297590601634,14.700750671981533,1.0
1.6674069532503686e-13,1113.971352692174,555.8320052808838,369.3175328159027,382.4894161687666,209.5141540549414,281.0182720104198,243.9585932957056,121.78596532465968,170.3447218153626,414.59325082335727,147.28194104419057,138.17627834473274,170.17401188328006,291.3637280189311,166.7461357587736,205.5727597881419,256.1409647810895,183.4872286674991,77.76182813447839,228.09345748747776,370.34577140266094,113.9272804810571,270.40683371400945,128.7348914903288,137.39030596212172,117.7783056271975,61.981393696421634,92.19509713731634,105.09274176325792,125.53043320717083,119.21849704740332,158.8380778661475,94.77769656142235,170.17284264055772,202.51164401059253,163.234079356575,144.4231585144053,69.37970922943454,102.46483209039926,110.39862306264814,246.01675696355645,145.55547673885403,136.5655315151509,30.440305873239044,54.657581507312194,151.22728346792866,67.88281138531269,52.022834199544015,97.36041157941345,147.60289066726753,155.05847217589928,40.64828696589025,33.20241894956859,178.45630482741404,37.34573437478434,168.84280768695518,46.38254005705736,54.57560581050922,106.94731584267048,894.7654049906681,238.26086012490742,98.6128174261514,70.87130637161123,101.94078009134364,117.58186843328056,26.59579785090922,154.81112376822193,117.11024690788844,54.76264442249412,53.75336700125768,40.78617215576617,122.69226156752123,58.6152080390314,119.4661143659313,22.021000078208175,20.747786758838657,79.68219362861564,121.98334132921315,91.46777778287402,113.28914701508795,74.21189005113337,27.730752228002377,25.701203993842434,80.30289746097287,80.11260102405666,61.77824693884776,22.141027929091095,42.488892802106776,82.24359090608436,113.26929222451358,89.23491598929486,55.20123461822991,69.53170881035848,97.0136194682398,23.70660937380343,92.25602712413577,77.35758718046486,76.01289995190004,75.17534414195481,86.58632173219458,80.74446758182168,24.143630509076456,17.05809539402145,56.69300001807275,96.30298196948304,57.90807529325341,34.45183889023921,36.821280077524435,85.78510124160567,21.83903317778725,42.91776378271577,42.65415927285116,137.3388484488228,46.473367777284125,22.603159025121585,99.7861088622486,12.774736245722572,50.680710100646436,19.054821080878785,18.38764768645547,59.779232744057566,44.703619588373364,46.31199828504171,37.490032204524425,49.96097860520883,78.96719449263091,25.679907697637233,58.914943510224596,54.59921852438348,75.87818954561024,44.39850039799559,45.09527693231121,43.96429501626419,93.45757295723726,93.27675422792018,39.524709321945885,24.88465894400119,49.47575814533306,66.55984630771829,43.09817038248554,36.91846442966832,21.76026034272709,37.45587540174528,35.776358558784494,97.95197687066093,49.30506214082075,65.15475130953415,64.78899814514979,48.96804890262441,145.99999999999997,0.3333333333333333,1113.971352692174,115.29073698711683,134.26237213893873,16.740577602821638,4609.821223573309,2515.6549958918313,10168.134328602386,176.96988050910647,0.2665621045854091,4.614913066597664,9.662279744266487,1.0
2.0653108852760245e-13,1275.8516857705595,1024.2473744217411,1393.7547857043662,793.0526062481647,366.163676338154,580.5776135446749,150.4232608667807,307.0843498499958,257.3573269265479,319.7010975639018,112.87302716736224,167.68972427263145,82.89040713923183,417.6982630266445,220.3043603726108,204.0060175839953,365.9954888589697,126.58046167796039,118.66480302885947,219.442146772484,256.02730031617824,172.57707039868535,143.9674078713568,89.74803051324058,168.58624047221926,200.78439181941047,121.25737084355674,151.72354584780487,123.5144810790834,154.67231275221314,48.05384195852665,15.514228240515756,65.61160787956865,112.1093698400303,113.89760833697596,84.9524554928818,228.46318284634054,72.61653568380214,170.06539078289606,124.85400914478905,191.01717130975123,142.59647761078284,129.63775854979053,56.48367112722961,24.538452391320476,62.65079208000914,88.56166533302459,40.18847906988995,84.83141081169357,144.58848886101245,128.61791204843595,93.30984095250251,45.744826505362326,138.9768968404157,32.492369389895906,142.04679614443558,62.73865484939827,172.32360839814274,162.75131934837185,806.7620275547341,181.39786196614085,93.4985164532032,64.48593321106608,72.9942819133282,63.807942006946504,68.24677057572914,58.876115553961945,74.09863225270384,36.62981454653948,73.68225710360997,31.28096011728473,96.7602234342415,79.13123417931881,88.44624090274536,45.89708293804981,38.70659047326691,127.228236912386,105.49336650776311,50.38512711788557,90.01512972643889,32.1167086101798,54.35568676107171,33.12315921781763,40.610163363075145,71.3126484782815,54.05286092751189,46.29279616376551,37.720270485247894,49.20109538243513,125.73543697910308,84.2296170165264,81.247955351529,85.02435423238066,38.57858848118464,20.75698399274661,65.84182569766074,88.41041769604432,77.23507546244652,33.69060181416434,60.94558593076651,120.90256139838671,13.494146856337013,34.38086496894052,65.35373066129263,66.82002023372235,28.408409325165902,10.865545843295546,46.370953851214544,31.083169339090407,50.23932390259843,33.01813572114567,58.77406715742897,144.25457701300533,21.135008808977776,57.954443429477934,39.582178801745606,63.71287039107152,29.700041614346077,57.485967621877585,47.877341035854776,24.978262095315156,28.349971846660182,41.57068912360508,26.27150590677681,58.70403706635091,50.249792932151536,51.304536666889,63.435471124211475,34.34251212747406,74.34186187642044,24.820359332348882,33.44926168571618,24.426701749215383,89.35665159156429,66.47736662384338,63.61716899439175,39.61750847639877,24.099662490440103,78.10157501138616,15.20158385826877,40.252306205634845,53.315463640694325,50.27328342197614,70.21871264538096,35.32652630826063,35.474574864840946,89.08270034271933,5.103902492328548,63.19073467933309,13.466666666666686,1.0,1393.7547857043662,126.57061558793798,196.79146543915576,13.949925105476709,7249.365198840757,2683.179117456415,9053.048021893528,233.9807718595697,0.3818350815559338,4.406940453376442,11.011677388390527,1.0
4.5474735088646414e-14,1609.288315341907,1071.55664379092,1068.4146840458166,855.5366341575058,544.5054834281415,344.3180848595316,115.92345171915198,370.3450558697577,175.24338228790964,367.00982988794624,83.43847343951781,135.59405857550234,62.365561412276946,264.6049812723918,187.99725455904078,352.3509073462301,254.3736904557503,109.09057237251122,64.55155100648263,255.67558461899,181.94831820300197,76.2990904841867,69.48614377928271,216.6684460187094,257.5064859495469,118.86014566452117,89.51740910937247,95.61562458483405,62.80272013608499,81.59559190879975,173.37729337995853,154.36590495400637,185.75790853949349,160.97008683581896,172.59256021809534,115.86686568333033,118.86051888692259,150.11994427647915,166.90977841694408,101.51313713697294,119.73072064946032,148.53033025463077,170.93363402829073,64.80710531050964,125.74916100753838,61.33888970632364,98.60925309567816,30.51106327286295,41.737590133914956,137.8542870006024,141.91812335069648,77.65262541162987,42.41286601796736,110.9352611317293,79.19130454123729,30.68184702977713,83.83488445194348,93.71973565615816,133.1189977285664,811.8535969838067,49.860161740529705,59.434588815375555,176.55017039723003,108.51796386431992,72.01814770770261,138.48833423376857,41.840549848643036,20.710797389940137,25.244891618701615,76.1885002993283,70.72226793054382,114.73928067528549,17.868103376919795,99.94889736420141,38.45112337616274,81.58534791459093,87.43611802266989,73.14973898815079,128.07822026804234,15.327956904878219,47.51979016594842,17.86351031572847,35.541056260781446,37.098861726160784,52.29130357445346,39.111018124759816,30.138108075130482,51.21734383899971,10.627071790530707,127.65776924151257,65.42726706719822,53.53254818946401,40.9123648934942,61.458572894596,42.893179343301746,37.877167991671456,96.14121727546284,101.04634411646683,50.20587166074482,28.89244422566794,78.5023595727637,27.640992356107596,70.83315942829205,13.566662135211873,20.82515921703959,39.825997522234125,37.150876417229256,115.52226200609664,42.56001488088296,13.763016899663665,19.220840618874142,71.24634632372988,174.53270568339724,75.59686092470257,58.267313135291126,14.388490916491792,85.20932844390026,21.34831281039354,8.020065657043435,40.78577309157234,33.629896878830074,25.709445637971267,48.222104376805255,25.012164151618773,39.07225108727334,61.41117025278007,74.01124009249287,54.931928136389175,40.42305704145874,53.533010565877255,20.321610686511757,39.34060478016037,19.053785004828338,127.90209930045597,43.52271660962473,61.82649763199721,45.034715390953906,31.260923901440997,8.297512365456232,76.31734141015701,36.765389347817816,55.932201413008784,52.25479685626665,54.24283356009519,17.001136711780177,9.277665574641794,126.7658810670722,45.22100047705763,39.92305477786606,40.13333333333334,0.3333333333333333,1609.288315341907,124.04474219565978,202.01561687042476,13.921081876572904,7068.144640088278,2392.7439442885457,9145.822744972145,237.0599239136087,0.37987070981960497,4.369015452393885,12.973450440999141,1.0
2.349527979580065e-13,1250.490723754514,953.6293815686895,1301.6966600019673,923.3794766989272,84.75767564845441,388.09100643756125,406.0230690515052,291.3977037483347,553.1538564280193,212.4785229427189,40.494044628987986,114.36701179049642,301.15583241007886,65.5327047332799,307.9162329341435,228.15102958226376,155.57504872126162,194.00980827173353,184.5911818005807,181.035685808574,162.19675732756386,113.98480793496724,80.61096607446869,263.3443660391781,178.98895524444325,165.7560492120099,209.47953669043116,124.12410803613864,148.85159468856475,69.29908995519047,202.42692618128268,109.77813280662262,179.73242359798553,3.3621288984497806,190.69845350681703,166.3629394223386,83.65109653015918,191.68776990784534,63.77498238076862,177.0234702163975,80.76382588391516,50.36851914416687,151.16562064633416,45.195552629172425,98.4274151083357,172.8146039868491,30.57858797006354,49.64931583158367,19.775209962149084,61.30100597325736,54.42016926001003,62.87501089960412,92.20305236707966,59.62784269191939,27.90840840526506,38.77510678622849,148.44597660326224,58.86906048023037,103.99919642569992,800.953675735252,228.9273996839604,69.62064628476269,141.99951273837357,88.36899068193586,63.27835183783765,123.53042916944652,45.28166947415413,15.749013264115453,5.845556709797288,83.79519054781106,150.88643005142745,54.28301020254976,33.39840451427857,91.63882922496562,59.145320092877085,46.294606157743914,21.805570268170325,64.84042548398659,47.81416967028206,126.04149608172418,80.52971773296376,28.246883305584394,19.870507752454188,34.94098058678413,64.70041395161036,59.462745568682834,79.6232466394639,36.45512454764974,79.13080424714644,73.01689696565809,93.3867383560265,14.604944493828407,51.64408801682035,79.58187876117408,66.55422383803725,87.30492682051667,13.631737199534314,26.817395392802062,58.580405094131116,10.669166373766561,83.75014420884975,30.68642311307248,111.87857258121646,19.972905910072008,10.8017934874741,16.45743694621039,46.44686703857954,59.12120242388362,63.869718337636776,27.860720723123585,89.4896047519207,91.31405045624867,35.212837314836975,106.20557839883506,41.53655815132744,93.94707596065415,11.170216417637828,21.541912722200124,59.06425678291118,66.86185088648418,43.35561575044683,17.765728239619012,12.99126686661159,20.032331180088413,22.879066376941104,59.98173197177657,87.27426200969403,57.031488946376754,26.55191890038961,51.49724062653118,10.385427516161707,25.421558049862625,49.79987476304849,77.17367202665592,7.681929544386871,46.584152919757884,62.78963605390128,19.609643673035155,7.187851465583441,87.14861795079217,23.875691613697807,55.62114483723684,71.28166736494316,15.345958580664181,68.92793269180692,91.5298931478136,66.90899856933828,44.28299933875947,17.436925977564968,93.6,1.0,1301.6966600019673,121.87746779837059,193.48298468231172,13.976511970886646,6886.647669843536,2698.616128366323,8696.356371545731,228.66959246589508,0.3766978859585181,4.36485860118841,10.680371716907052,1.0
2.4253192047278086e-13,973.9408698808195,649.4763653236328,824.193891695529,188.94800741510582,1019.6155284905966,427.7023692549161,556.7226057513573,241.45665772279656,349.27898125362134,286.16003463076845,234.02663454410464,194.87967704293175,422.05635149527427,53.32269807896172,256.0681254106429,327.6961595448239,193.5967584422673,108.00659423775862,66.17852370037602,49.60774513017973,153.99966501247224,101.9039919976482,202.48167074883116,154.00264483908717,146.99790828993787,137.3962675351454,147.86462755306627,65.28365329141408,182.0632229299392,144.90903262771647,119.3735509305883,202.30944242174138,97.47237306454112,85.22852517735714,147.1293402722537,108.44233983502357,168.7448278025424,88.35419326526407,50.88033734477537,169.2044623471668,121.84698848077335,82.69272431164374,101.28626211739736,99.88368577888606,60.8070818563437,124.77063188047768,134.08396339832387,160.5823506591946,85.68023970047676,45.69347145198462,90.18158606516359,78.44389402202809,54.436175829656165,103.00060606635897,79.59255429624318,95.44261663853015,22.070183743262035,186.19122437346408,68.40374648020864,808.8649264763269,177.23537565520718,114.16385578382736,93.33669420039209,162.72751433521168,18.73877070557751,89.55886544528136,31.827541582731712,53.48207857211263,83.65651762680315,56.092967881583974,49.06674349466112,49.553626054381866,112.08322413649506,89.84718506599071,20.02753659894852,48.44149121758431,88.54220812348626,69.47093300212201,41.80635307051518,135.96369267869545,51.93891192048903,54.61401431305208,66.75366626019523,52.865168397691384,30.421909509391284,65.62722943807954,41.25239788917206,48.690626840927855,50.452462440197216,1.4858729605741414,12.372371633956153,68.48572944991315,68.13485481587901,50.70309278340723,115.72769019519556,4.609995408543426,84.52566430729853,32.3534110779838,43.60264354091247,58.9441920614557,38.400399180251284,57.59038911947681,72.168635900213,62.67501699394594,51.59641207471675,42.04635744336681,50.945209433801786,32.20367958537261,43.02239299558214,49.13232283247989,65.49295709525478,86.98000250968788,42.82059645223951,113.44063009859701,28.294487022473977,30.81324924390774,66.67664044903354,54.255179821210014,65.37594353255477,67.50053205388171,47.795105312288406,33.94200246255716,17.39156044673742,31.767930802794208,24.33555840385557,61.73437320682612,95.35484155841117,28.40527217437235,55.71260135495188,6.950743261149874,46.02728029772636,40.38348709208641,13.453549000263049,77.39968617316534,58.21998306452359,54.32003671485767,35.7876911900522,35.3232027405041,9.590028892781316,78.05710328749183,45.46603071724684,12.148662739988092,26.84488762292927,47.67784653864218,24.64813699660145,105.8234498833882,21.74304827618197,22.623609232553076,44.24272816869926,147.20000000000002,1.6666666666666665,1019.6155284905966,118.4127874792488,161.4569954849399,14.650099400189378,6421.780672580418,2293.1475586635897,9046.989890643312,200.22474779514556,0.36154770157774274,4.48146752700981,8.610687664702418,1.0
7.579122514774402e-14,1515.769209438989,1465.5414727410755,1277.620599364294,292.08209151865395,1054.004396512228,155.17387722446534,444.1677225069964,295.39486456689355,340.0506591846764,228.55316999273163,392.4339587017682,212.9939330859247,261.61497479942363,69.81150318955486,159.59123728722201,87.6049621479795,402.98242094578336,69.88269311894005,145.81875522347448,154.1556696117662,180.331164663285,89.77769119407733,144.5774976503833,205.661605120761,92.6035141017912,84.50697533306848,24.604163345369415,170.32150976005852,88.87409600385652,108.6182027563025,73.10374776193107,108.6224338600725,82.9645468518492,201.28118416532774,77.15219817980453,109.36391112768702,76.92674222261364,186.47505077240996,183.0868833669236,87.16986286775521,92.62366769058784,56.38003154333479,81.85146669458275,27.483235937226652,72.42531575924268,25.975710737872753,207.86866594858543,130.70544084170004,126.21560459656051,53.74358876492465,55.70123585696075,15.51298294542777,104.45225330416739,83.65698137870046,68.49437284451118,67.98742662334794,57.7120511373906,68.2765734384899,163.91826569146463,819.2424637847766,106.47439773341048,92.82773820564871,72.13855454743975,61.42197325533206,58.41928983643916,59.29134107462241,94.31599088797694,75.04613914724175,40.75374435288722,85.72658142919421,99.1393014414329,78.71379110224206,81.90451714262196,67.45718062458978,59.342920573748536,64.85745477528344,76.27649956059022,67.89224435301568,32.12081451181187,130.15062062539184,66.68179695148521,62.54319286679908,73.94033969610493,45.37694249625483,42.019257342343685,61.39088575252828,76.59336821994565,64.78817885300414,22.695042152296438,42.61253632691889,42.56932547876446,49.60818432732873,39.58387237855816,19.507279203302023,92.90670078425808,42.814500433134974,81.70090712180966,84.9303597764985,49.83268621874275,30.688398097290417,30.9824921473097,61.78726059096174,46.914068034547434,41.325006105880476,105.10001310350674,47.82486402475945,44.22963066124352,30.823347883073193,41.758728000723465,28.890431238630022,49.552767034005605,99.52558310952114,34.89438380390988,111.68419310722477,51.17278719222693,24.647375535401586,47.84895311800114,81.37708178379776,65.8337601076978,82.97870529147245,40.640074867391945,71.82805107618049,41.28326585466185,71.99227076881165,23.91806054937982,63.630785727220065,100.32646457749408,55.78446652383826,25.425720012995143,37.199674954149366,56.756053316229504,29.956528891089363,30.003252281937463,61.504618119969436,70.63909900610822,62.62883031449694,44.061486931923454,40.160807379245284,30.149086126048843,62.47234442794184,50.926981854556566,31.04728331031764,52.80744796247668,68.29061017074373,46.34543790074599,70.06051301155996,17.752767203709404,73.04216590264716,13.95205149773814,143.59999999999997,0.3333333333333333,1515.769209438989,127.30593979894547,221.85730736815506,13.987513574372725,8005.212432827676,2101.2939555078165,8989.384581506325,255.78793392328097,0.41921125573403856,4.342330532432106,11.906508147481935,1.0
1.9705718538413446e-13,1343.0837149164884,1747.475270316381,960.0949105135749,806.0366594355168,506.9452149995901,335.138526938151,567.4484475012874,209.01465844222682,185.42396802754226,280.7147757587909,276.33911690106726,302.55214866464206,191.2262920936812,280.8624904967552,181.98946953643946,258.8426039510389,220.3383125366518,175.37728219250022,253.22087519176756,79.24127131851684,143.84507039838903,287.5496165436579,185.40381294490035,88.97359160260727,20.046008462101852,108.855439811097,43.25159932524734,120.29417298469598,12.711567652573931,163.01184438984237,207.50411679190861,141.4138237867131,148.35610187575338,158.30164673337137,53.24930363122093,160.13309979066676,30.768237376861435,142.98745975559004,140.47764425016356,117.38310864719237,99.3633881385707,104.64958913881745,149.2713904184416,26.558044441996515,67.21294868906159,45.71603167473876,143.14659753431746,79.47197639281862,138.1533240639618,116.99169961060392,88.9322951514512,74.36081130565066,100.35360090978511,128.20994695746714,74.85713434063403,84.71291062450825,162.43205508249252,132.66627695836883,63.82964129564197,836.1210923014914,138.86955273043793,141.79232549847174,77.09802847306483,40.303047705805014,35.28038953286142,41.47307560863031,55.13625152751858,96.02847749747878,71.46379676108168,32.28738862618263,158.62434692942068,31.400982287624725,27.76897110643303,108.70752720603464,102.39531239270674,42.58779963786857,38.06675781909936,57.01964069788577,105.70805479067539,54.36831749459142,48.323048768660996,18.53471474001064,44.79053386137872,116.0644962551457,29.43219833267772,108.36663421788847,86.80900811330625,20.138795333216883,26.70847868322614,49.88547695315782,60.516489427811486,49.280672075218696,58.19695606321889,61.98833026200915,42.41170448635085,65.63064369656051,64.52663330236211,33.41574899760958,87.16239710471795,74.09267470164946,71.7156896647622,50.66888045454398,30.98698511581042,41.8054798506018,147.38715266627722,73.75420698988124,75.79192746087972,36.095419720160905,44.773618444122725,21.476085704450497,40.18768938742602,16.20733739685101,104.26431337990392,150.42424477288313,16.864985400677398,59.98454631701799,9.093052140266956,110.06327320335618,39.65000471544769,44.910467818451174,37.81653471396913,87.2882712249461,11.962462329242925,72.41635193258551,36.80250278722912,19.67511302285079,46.90176415638166,85.28737144670282,18.84075447811628,16.892248527649347,80.65287244155286,32.46758944925851,9.468754800599532,39.78978349821095,79.98438571069156,56.44378723210448,35.28562736315195,33.23595372252149,15.533903394476063,60.138631504018754,33.38618417276432,56.05585324015056,28.171200903220686,63.40810266241875,62.849348500535164,64.38123875283301,38.51002521263424,66.1357069297833,42.979469234826,97.33333333333333,0.6666666666666666,1747.475270316381,130.47833465667043,215.5113899714912,13.789244364440238,7992.356195005696,2179.9406944521857,9399.453309042687,251.93204445290846,0.40836185389378243,4.366908949080347,13.392838549898254,1.0
2.4253192047278086e-13,1254.2837252748209,1197.782674142584,578.9630201677112,186.00858463573587,354.15360043752406,354.3540484005532,356.1616379999299,136.4861946814512,115.05884103476076,198.62887319390086,345.0974311746771,71.53724858820956,250.7715489565923,389.6811509449575,257.58069431778733,103.7733725622047,107.87548262960078,223.32290612521712,382.08415942994986,92.17492611705319,185.83092510676462,241.90918401310458,196.84908663734493,96.65932093614163,95.773296270532,113.42924221311037,40.30697272959989,161.0451420600669,191.3663847421251,29.201555132774622,188.7165247579942,130.79806406141932,214.43816165643923,48.40802425808374,23.01912307047448,104.62329823331665,263.4460967547884,202.30420231326522,155.0412208460549,31.892857297953462,74.51519891166556,164.53983191577802,132.58406850940875,35.25100532320059,62.84915158393367,55.77048250147574,137.3687720393607,104.47028383115794,39.066032129611735,55.53921537476421,86.28495487949905,115.6721035722809,109.15762628947954,63.210251927484805,60.206744921569495,12.198797996183181,107.10701486216072,164.05172847281216,72.4497724937392,925.9716054909701,88.70103216285159,127.51731923846103,14.82330013525381,56.343909738970126,57.03157787075505,123.9077267656397,80.63909207322749,55.40476969715478,44.32878737045097,94.5792264659182,49.60293653021792,96.38885440440859,32.156213942745204,105.94850832250407,144.25816364344092,87.0936355547285,34.055960393974956,108.28191150784616,64.17110629876538,19.058853193109467,52.33989707246211,22.091348455916954,96.05316961966486,105.5732013242901,30.82663884353159,112.29152300960523,96.43186194356582,19.3930214686627,51.01878890036347,49.61037369167392,38.86105711677179,83.27297209150845,71.3127933337516,4.748539996101961,15.395352601876889,29.352252263165507,57.71206156601383,26.62242749661859,94.75131899622163,41.469238934151875,43.17937363978753,44.75437074390293,36.57941224556714,8.92976952873611,138.2542058353305,96.89443832149945,57.622280024418735,82.86059130194798,30.268668678514494,7.442459556653134,30.065547421633173,32.90891073041023,109.73695772160647,161.6473318730218,22.537037509758523,69.91671351579642,9.337302063074478,106.04663256989843,49.02049316739727,51.14770812751739,72.7535690797466,86.14080532087382,37.850089355713514,97.20224359124897,36.12706202233713,52.78523742839707,25.26717637289453,35.643808680597914,42.59895938068794,77.43679433734357,31.151905241489764,55.6878132492825,48.11439945040388,64.62206228581465,80.86926463200814,46.302345943820654,31.82027832395614,29.725472941135042,14.438988636929587,52.640097594540705,48.861087770963536,46.49620071882324,71.64748107549268,110.79481264250447,11.34361749549294,61.68474236519336,38.3574237288837,57.915730456435746,45.8539389104163,20.26666666666667,0.3333333333333333,1254.2837252748209,117.02716300830681,169.9903336023175,15.40025743423973,5788.968579633409,2489.981095890603,9275.12477572201,206.37846399273354,0.3297791971722267,4.464808992214573,10.717885429605683,1.0
2.5579538487363607e-13,290.32969678917306,307.4104609607861,99.3380093669509,227.05251572366333,390.924222288363,446.4385924550086,251.0495818380016,239.49948069324932,304.9940192366155,150.84470143096837,275.79235033249773,115.88613965972957,144.64279152846808,258.9075551929669,365.5841604097415,123.48085335873344,154.29287258409013,107.97162322345942,232.4500696895077,142.27022957825596,213.1191595018571,38.18916029046295,183.62095338371222,236.65509151441796,106.5135464277263,134.2488218580227,219.41458249235654,57.02736297570384,200.7723751927278,23.25436083500438,165.132953797161,80.63598250427867,156.128465295637,88.15654697297848,20.966681209927238,220.73220727037832,101.96140783595162,156.24939448539192,271.49579019068244,29.983462333599217,100.83838274529495,137.68396728587896,107.81975630158159,70.80688767168267,27.022783113551874,30.833432947768294,32.79240576029375,11.862686422982948,71.23992303752698,68.11219502490808,117.06761701975918,133.1283134530332,77.48964712306439,140.11641446400762,105.98082054708709,45.37587515551544,110.18861555314734,110.37089792757472,31.631876949317864,960.4477494410434,80.53824242822706,7.861389581554042,101.59345945641455,122.60457895108537,76.75128338460814,96.67081333925005,59.50582098259971,95.83884921976123,36.1285882748762,65.71536205965701,54.95612116772125,83.94422236356812,33.0330358956985,53.92873494804956,173.23658838581287,104.70385846501094,41.1991937585819,26.002109775372872,143.73068675907226,68.81596687811155,18.522766602085586,27.375693294403042,90.9174179923336,92.83238291244844,43.0338002077405,121.89267726508872,37.996866029721964,45.76471242219573,25.04218156415003,63.21138462808625,16.725930249408385,55.78242877962457,64.68317347681793,30.5824000756455,27.185307612227803,36.449167420858295,55.18732151481988,38.517148092845424,106.44401267299209,31.644975026762864,31.658063880518228,106.59568717593402,59.65924373299145,41.39146797886784,80.85181213452253,102.1060165592847,51.719388375326,48.246009455806636,41.38133866376065,34.94479468572309,58.426086061374384,26.08194293287898,121.60028601116875,60.63085057397518,105.05825016666405,35.36070036258571,39.799929075050954,56.80310689461096,56.27197820960166,45.067215655819616,110.1394869281985,24.55031254597229,100.09935795057665,67.30001790105638,27.145083136724722,43.65550917214715,41.959964614105886,50.536521154329755,34.24189968645575,76.05803126230931,20.220683706145522,87.49567769740976,35.235620699987436,26.678947765009426,22.51354635126574,9.16148194575572,24.111884383679904,33.924665652795085,15.89854873217769,36.792795466014425,77.31120863194323,38.9356391878768,87.28155704113851,53.404002178199846,2.765429341829633,7.97726586285096,117.79350137420772,54.141975922304994,65.89480134733901,58.6666666666667,20.0,960.4477494410434,100.24216924974307,107.09126301999143,17.501568803574823,3503.110117496443,2515.6108624807757,9017.60440748424,146.6868470964971,0.23297647711306035,4.635400901719587,9.581274593611262,1.0
2.936909974475081e-13,451.32106576343153,306.8696350793147,166.2331995470493,169.88186077156297,282.2932774595973,172.71621085132062,303.3461175369123,628.8191188855303,217.3844340013848,190.03955578708397,270.27786926314525,126.019537548288,191.42920046856605,139.09502338558082,177.10113161727492,370.8620434386603,268.9129243737724,166.93447848711514,155.65294688484914,99.84969137641639,189.519530608469,60.2220971796503,214.91866943746368,229.72699309685083,165.68494714649373,161.99733626009157,197.15327392169766,129.56481098317948,229.4202393487866,95.92246664577445,78.51367868693114,254.5412467953692,56.71732829499058,107.86867238110437,186.95973655992566,118.19933745737971,77.88135010420709,140.52237331001234,198.63826111234007,188.88775889710183,98.41940122995352,70.42849968423238,11.754118808081369,12.570821544105309,29.625979083052933,29.626407103030456,42.52806959452336,39.051243842748974,59.967365477716086,18.125978900768665,19.8969408978504,131.3698595045683,51.28800111068504,93.1333892153573,74.88399851149745,119.30617065301674,114.65052302129338,43.75689001528159,31.697276003781024,963.4035466393397,60.43224917390659,21.996712057653745,117.76223746257287,73.28985053231474,49.51714732049364,100.22606552792233,74.30077339960091,116.83841062188428,56.778979307171085,51.6969171884626,61.911806089757675,59.235549423275316,94.87333165026823,57.570861631074166,193.62116505061,97.95714220159499,81.7831275846673,56.299157284460186,58.27146441543399,109.17021057743155,39.63591737267652,52.702748148149425,85.11645603606367,19.995203780063232,44.803112164703485,39.774874596885,83.8491713816827,45.64908615496081,29.984195499691687,33.875332771326,41.77526847910013,23.07578898308227,19.31131308807288,58.18316113268767,53.30285945676781,79.03412208000566,20.670646126803884,49.97763073582994,93.07632441929003,39.88405417930547,56.122790742994624,50.51773642696725,140.14176580307696,36.75952632684996,2.678051368279863,48.33499586403407,52.52602911882438,71.82224902658055,54.93408768793408,108.4514947735212,92.24853091425095,67.69707342475652,55.220307391060956,12.983637768036287,79.0348396321476,53.72780564773568,22.77085392944924,42.097984104986196,59.40222948004342,29.831334951086518,90.66393241529923,9.64150387364611,85.06768487546375,55.55735637196122,30.36285120847543,36.67667216499783,82.89856375374589,19.849746279352473,57.528225298190215,59.797308967334324,62.91385639494705,73.61434077197994,26.436402157487912,80.77986702927431,43.906045214096416,22.744885101943304,17.22631510018025,59.140144761959725,46.531444246844735,11.40774171875317,50.4197737653945,83.4568934473674,36.708325528675594,63.80969789874386,63.056584463904656,52.38189720605112,82.74288425827032,52.760665410216916,68.91265897435278,66.53333333333333,20.0,963.4035466393397,101.80950175372082,112.03805116215952,17.32162005338404,3615.7261063487676,2817.5211141607715,8838.178042548585,151.38592918615507,0.23676415554318164,4.628993957985886,9.462805828967042,1.0
3.4106051316484814e-14,608.6913064303048,345.2649370721051,368.59730269992133,113.66203822029932,570.5089110746845,188.6791519343603,249.75883304014127,504.9001660967182,331.1530237301092,185.67455338261053,289.11912335523954,88.85241446261887,129.3974071125788,36.80402309421704,228.98410900284506,292.42592907353213,232.7975720209726,24.769463474154033,107.22482015901919,237.26584498106317,45.228998797459695,103.58135706565918,382.58731216196765,216.14965176894572,106.24045781967011,123.39247245260654,86.10340321087793,113.0649053112461,191.3527853590247,44.99576815475681,134.8350441968819,199.51588581243453,120.99320508559673,27.294600441374023,219.94252542896047,124.02064799033343,106.85044920107202,94.55409075751811,59.58492891842372,119.8579597248351,43.33337575021921,14.72918732647827,71.94327314488115,37.490907424588265,34.525002160584094,59.167224557867584,62.68125500644469,46.49694696753955,24.684910610669494,25.17812101364551,46.32589070528074,105.3522575064035,93.622885703723,180.07705397642653,66.91425392028225,37.12742259275548,88.5596581421771,39.24167773363101,100.42825493649809,893.5556923772931,40.81737453099443,56.188319592812434,101.72546873797845,75.48459508206031,54.46299117047506,76.28140080265712,12.058278733736508,57.03536973094587,99.42161636223,45.13839795997458,39.93471378673937,57.33019947930808,94.55659931134551,116.10573281592579,111.19072703142912,39.98225916953238,91.19792114982133,57.261769610870424,57.44320626170446,152.4004529957949,45.240272885936236,25.902133855132348,59.743821940236586,43.40585703779812,25.671426489704817,58.973416191478236,83.29578224229297,20.67116480610983,54.31088807571011,73.52220196305817,55.090174137089335,13.31222842873104,16.645847919932432,64.29285078557184,50.48021468153465,115.3095832477695,35.8673928228226,27.316057793848408,98.07044216471908,76.00222218973454,15.45112888803678,32.00765211419383,138.0209939816318,60.741158192541505,29.69526374854473,40.1903116059113,59.09868113524686,77.41608503228805,49.64274505825777,127.24249983283423,78.26539680554411,39.03079268208439,77.2595144249064,40.75372182879246,86.97495833522227,41.31322414755779,37.90499545712145,36.543267806068876,46.581891316136335,44.57665256016337,64.47002219856634,55.618617238234336,80.16714068612066,15.02136118198723,38.894567030487984,18.3353145203274,85.67198548224306,37.80500262441243,52.778867639052855,41.21332501428264,29.179487154603976,34.82357375567594,105.48168667595993,41.39947288630172,61.53485033160998,9.556458627826284,3.050854582189733,42.58937911851551,79.98777168606719,37.906862474997915,48.464741469551385,75.85891010073149,51.64491089318915,69.76272344125745,60.47344656842444,26.457445061747297,64.69082589859266,90.64301423046186,47.78710162396392,105.33333333333331,20.0,893.5556923772931,100.27045329395916,117.50669057358942,17.197428244753905,4011.063191705909,2491.169082659044,8538.335719728924,154.47325377984802,0.26668295993083313,4.5857164549248886,8.9114555985669,1.0
1.2126596023639043e-13,699.9300814479811,462.50593207637104,294.4173727814357,142.97958991352206,545.0110616839753,151.05955538475462,358.8590055901186,478.52989695169475,268.0166804685436,229.6630774793937,243.88995527541707,119.4648907548615,114.00617865028096,65.75592978854174,410.94488927688394,147.80135718329916,206.83054039493527,121.55719511630298,137.13443949116652,107.3234846141834,26.85119965145364,121.68684697136555,297.00236255818135,307.9349805645368,94.73404109031748,82.84878675584964,102.93870809590808,128.36420076665257,73.14899605819274,21.470949890360835,134.78971825478712,92.09577281761415,90.96195831407312,20.227007041013692,162.2388777331514,205.2737411055134,169.4486190199888,109.88033555318948,56.94423842120571,70.7610378116863,71.06164534598338,37.366318231044616,86.05819455260988,57.71418598758514,105.89125810470634,86.14563199187,87.89691828882518,19.058065355128164,53.89606689808684,33.28850318720331,12.514922396017221,31.053506666078725,156.0291374046341,15.408122693623884,183.08721243295875,143.38591908157036,98.51888434574029,64.09261077932223,132.5799557659733,882.5190732955616,58.27675169138894,53.78003610062543,11.677162431520218,101.81761226600129,83.65805916647821,12.92006676554938,40.9259377220549,32.148651167466824,20.777335664186708,58.67412890400771,68.2046026916568,82.436212507599,76.48242097920634,54.37481214619109,25.250742563338612,136.9274840130059,106.01471055511306,101.74683544826316,72.95535801900084,78.5398194733285,3.917723392774846,13.427982205617932,83.10826485768557,20.601296097009836,63.53803853078122,97.23692589829872,41.966701184155035,41.51048193449257,70.61890719737588,87.75994074573273,59.05980624541513,13.717564115245597,14.527735623457083,52.53274347190225,68.67319395241498,83.76937576763956,47.556784235935964,19.677615342789508,95.69413120114245,57.37982611026672,83.02013359352992,67.40768631999872,29.791832325554065,105.24819849019542,38.83250981038957,40.76318084597035,12.883702113242784,16.95850319824807,97.51854942115921,60.57914440604606,95.32275234563886,39.02702532813051,73.80801912292247,16.397816875318167,52.201016313524995,43.9881258057163,6.430294200981372,41.540299588363546,40.645729471135,62.33854472501012,43.66383031345074,48.10130586808007,7.626050967826028,72.9298498709085,32.718111070649776,4.030549263174192,98.2737229631212,28.767111178053607,58.89404019206693,45.363154808637766,79.26885011830059,82.72994781752706,83.69720354489957,42.92254935660466,46.32443624930442,31.79463987141257,31.623947828578338,40.23262162783236,101.71097856845074,39.79053128099256,22.200644650362857,19.966856472647688,33.798213194479466,79.77123353183167,60.4714575987102,61.57862795850694,68.95606335804747,25.83768223936731,62.34251594613269,77.73333333333333,20.0,882.5190732955616,99.36357686222475,120.55156035595672,16.762704731809873,4174.089208246892,2367.102028589229,8363.34529249759,156.22355491765998,0.28005494837305683,4.556227806689289,8.881716028794356,1.0
9.094947017729283e-14,746.5399612113229,338.5204404411349,72.57321279015878,249.35301589452607,615.9121585043881,23.390881261035446,280.6445596958571,198.32647274051737,67.26674077072016,128.05853354799865,181.17656828437987,67.84457738949256,364.9884799787349,167.88810350072626,355.7983911520496,72.4434676804659,357.1723888811434,135.2169138547043,300.37117601202715,275.1665402834276,124.27800205959682,101.74360795681153,127.5310270684999,223.7851657153267,51.17149032828622,63.6952569211399,38.96184179422845,143.13511481903413,64.22424419119172,178.7808302123209,84.65460737407872,192.47806888134755,60.228875406450314,60.59533162961977,105.83022903173108,133.96297780551234,146.63929219828879,162.2916606187889,89.60731909186745,80.87969290070805,72.59806983342642,68.70625540638908,167.52341927277092,54.14191291181844,51.750678022939226,73.13033279408496,78.19197263143104,48.38816737302584,25.281823733680714,78.99277041462577,116.23192761315927,97.96406772170346,99.95102624033822,13.524089225459582,133.16078197836322,186.93363624557352,86.44089206339986,15.61960899556771,76.84685515952205,880.918632959261,114.87352397916635,92.14803786791006,65.95468266896152,86.08468914071514,51.477093986450754,21.03852784133376,18.088362696084033,48.16357500910938,57.4705825188174,79.18736849174311,38.984111066668476,69.46595911618216,34.01944368770137,42.64667553371236,120.03592054973473,121.93887983555805,35.71771722448149,75.85794428462295,91.82344282059078,69.19383125160057,58.89190618920185,41.27667753196143,67.23156066284652,54.1495902618382,42.91866154742212,82.15647759569697,31.47760302456817,73.58292188449364,62.75724353679535,77.94101240848717,68.41820411200865,51.19014321304478,19.982118144401248,47.926392486824426,56.396127703902565,43.9143787081823,71.65863269120385,84.86867408129861,30.472751919504695,62.14706572138205,103.78953410146283,76.33948819358274,46.4676949689732,77.25512702763376,48.77727116114298,33.97585411729545,53.93876129250495,64.4248775341738,43.75217925488701,36.8645946627964,30.729613425737856,10.905120129834025,39.92667679047383,66.25081789224919,50.10824720724119,22.543156842584118,36.683947539246816,22.97410145699643,75.06115966242709,46.886125579462416,18.329212903733584,74.49629888236642,26.621829386800417,102.1018653479901,29.259352157784107,19.634322806734026,107.38254459148996,22.007580688114068,52.737077068904775,81.0265037949727,34.40243241167159,92.68082944049928,55.954004829465376,26.177215411447268,46.58009823311927,38.02963399571422,41.1006594830295,33.4724435706632,86.49583850281172,22.855723603968595,39.82303715085102,13.91734231150203,9.194142572569223,77.39288482555735,72.96695949370846,106.16930734208438,52.68442455837433,53.22254948322715,37.97491037337879,111.06666666666668,20.0,880.918632959261,97.97576462801528,116.85034850421178,17.377308640860118,3502.4837060109935,2434.6946287179335,8759.18635947337,152.49017804435798,0.23832313493096155,4.596458312866313,8.99118916095063,1.0
3.789561257387201e-14,475.3998722226171,157.0614584967763,369.88318511353697,517.1086049268165,191.77324454564385,318.04421978309045,205.51172231395387,245.5149925903238,194.92303072983572,238.47450171840407,190.74745251702927,126.84363460481812,408.30952223019125,126.06766961560143,357.1698754325205,90.32938278620314,281.30605127553804,161.67310706800174,279.10574450172913,40.921719403113244,250.9529613453014,65.28365320686929,59.91674853902964,221.99478016692962,25.836222017124697,45.26844950426597,23.52357868502738,143.7803995979645,95.72277803267335,144.87503873526538,133.73326905550604,229.87234881306512,118.34402907066013,61.41151113859101,8.11882119345406,175.69521063997047,59.87033139129642,167.15396531245065,98.90732214143014,153.77480298320114,131.00291593239254,140.32918120851005,170.12971276046926,95.23461615031849,142.01849008961983,53.44611865951472,96.66174047138931,137.99309494428226,95.55142198702015,166.06424459628067,75.35263906154297,59.97991870014361,29.048003226841523,82.645317418849,162.45843317518975,151.41197409225816,68.01574985483899,26.469151704311756,92.95810377732572,953.1710799443157,24.849567007688073,111.31811574400929,34.66856785662406,56.87976957970459,90.20243822754986,64.93152851413738,34.927961353744756,47.61949648851194,70.58408320248179,65.07360848913126,59.43107157041089,45.98922438034515,50.4633885720003,29.673782833544063,193.2761294682357,70.89579165140012,23.958979027368173,28.216935684563552,51.36933607279171,86.82233314740928,36.522376066452765,20.04014619229902,92.78974302137983,19.24625651421367,34.69553736449572,57.23517840096185,93.38026942261453,45.17136280746435,27.751269091621474,77.74503082591222,55.57533676669516,87.8712954357897,59.305707585833254,32.99932387253869,51.10687428808389,37.209241114203394,35.058118618493744,83.35326307861163,35.914373737037295,54.15976366270446,75.50368283605363,62.56916350556634,32.773444530672705,34.09059646008015,101.05584853663613,21.886763559623482,55.6979482233569,35.16363604178491,25.31910273306954,49.14585965529742,14.844977953654908,36.03943348009097,18.175206656192795,54.16756835050114,32.7557327003319,56.19192296887198,21.77202022624032,26.547096594383135,77.40675648199003,59.27835582148103,66.48459831359757,36.38558802672129,48.81563551386257,100.01911600583142,23.829968729723902,29.28882541027256,78.01034649454267,43.90540750678354,68.220949721402,58.90576078594198,33.406703050213686,72.26509434794909,20.636746132689776,47.15337458144728,20.61805113784562,33.11410244848641,33.70131611489123,43.673459561768226,93.28433977977281,8.790953928121885,56.338024122838036,11.630046188743844,28.97666788625785,45.35496836275526,100.84734722847925,78.3967057341805,53.261909886180476,71.07540727919746,42.225003541505856,39.999999999999986,20.0,953.1710799443157,98.98287488718786,112.49038552082075,16.861753295751644,3765.6631114086385,2142.7854515622917,8938.982670107247,149.83890134259383,0.2536238795987297,4.602862973484225,9.629656453509336,1.0
2.728484105318785e-13,249.82172315526526,428.10783652458895,550.3467106440552,380.7630310666048,27.674494881368194,93.21762166513737,110.4583954288905,222.53321069697563,379.9666982960157,160.37022599340602,353.98204258946527,151.7166365735176,491.0352895213463,20.299377297745245,251.57046307844328,28.31037427644915,157.06197115624678,22.940080996791966,266.659129654766,27.16990556513606,136.68281226413802,160.22855915263807,38.834309067966664,132.75017626405327,182.89459966099759,115.13950156939748,17.590798761170138,63.86631598439651,133.90974283240155,112.10687431827252,184.17254425157282,101.55584067381801,252.9536992211823,54.46598333962888,29.526833949344223,112.59200198365575,184.88135469961418,86.09930087178624,28.463817464940995,118.36151631894288,154.53865502502302,121.30498656522002,103.56766726597981,181.05260876769717,56.50069571778948,39.75005818507015,103.6615009629392,81.82501024335112,85.1054055109716,131.90023165677576,64.58681392742938,83.66255316620935,92.14005647644099,86.26472947256315,65.66990638012638,43.17221192973796,97.68981013563541,68.14113622840127,29.34595075065927,931.136698813362,65.31763802597371,39.22117039850148,72.49653587009546,117.86658175750512,76.56806489581308,8.252963031449474,82.92251622214269,55.60023950014653,51.39618375879748,35.34692139775541,59.98575129637782,93.64860461917152,105.15522015285279,55.15502053361348,118.84077115573128,25.134722836799316,93.80515389537385,72.47861348119237,55.67130264890832,60.648580635556385,102.17542660462826,54.69291068833399,59.66769199855348,95.36273992780471,89.74977679341256,12.956281564300273,88.75764588011849,40.92641106751642,37.717673004921686,61.982899590920795,76.50854054412304,76.01166319869792,54.0034004388059,23.34189683422455,41.447743709953954,53.19197040661084,59.95749519834267,62.70385063534977,62.41307630318967,10.25280449438104,88.50294550329741,32.659820754343855,44.781823136421465,67.11222600377602,66.74973362396946,63.48184302937619,97.77731400459967,63.123057532188014,38.3054970813886,7.826461982099176,53.10851428320564,32.40486706039669,41.021882368389065,17.60667234234434,30.64369163936975,71.78895435824168,65.28207517598656,15.915971688413297,29.856282914477468,112.46476638712306,39.49584380934728,31.396603889927587,64.32277019737322,16.779102501492464,122.00058685359345,68.02014535171793,44.01135373981362,40.72472920075554,38.609651639773325,55.06112794815495,83.62557613709663,32.87440589451231,15.19511618407564,29.61885382547614,33.01962204389089,19.493426318467215,52.190657486980065,54.1983818124979,68.60548929307743,33.51947390596128,51.890545791537136,9.716408247237812,22.607273271607173,32.4204003493743,125.77898854008664,34.256932966630814,47.969535548307746,5.050106177817064,34.80813275130903,9.066666666666666,20.0,931.136698813362,94.05450168736952,111.56933158076033,17.348053458264843,3620.293294334382,1735.6087402849926,8752.273218486056,145.924518286123,0.2566096060890298,4.586274480335915,9.899969508194241,1.0
1.9705718538413446e-13,88.71831263890654,266.80739167107026,616.2514942901487,225.47006125190111,144.8737322352582,74.21122941679458,126.2389013117295,93.97998606016353,513.5362253002102,69.49205474576245,216.51131543844502,292.19648865095024,169.11281480952584,394.6195947591119,45.5953353334492,142.3128879093794,180.76769608364333,188.6753158958861,183.3072909170791,185.08695639958762,107.30399152213653,103.13583882137046,70.60061147195054,66.8223850113962,146.64720449789093,139.84163802329732,2.763538196569697,37.007106006119265,120.0307409150233,121.93899639485412,86.00457862320496,14.095437696485348,152.30424615490497,118.85936919245779,46.6819081040306,165.63801801412353,163.30748397299016,78.14036162283566,82.77063305441727,144.62060586583672,140.1321804551688,76.08472781102209,106.9149171609763,113.1842432096345,133.1718389450521,20.84279833779959,183.42914948860175,57.12628053747565,127.13917246275219,104.66870486338206,50.57998033488539,33.81436299175626,22.905838337698388,105.64946882439051,90.2682145866203,79.05061183839352,54.90482419214707,47.89965703705079,34.89776545926263,939.5652146050611,99.24456464703789,72.47037462153156,36.186918382042556,142.93105447580083,71.5589064845633,32.52009316168878,113.49923482616326,20.951760992135384,50.210030441739946,124.64926021005871,69.6849432707511,79.52382856321164,69.24674983381868,81.03740150529882,56.45230041568035,56.924540070553995,38.702205645936175,57.60589304170418,21.790822310401726,83.52687107514751,55.562580123821476,118.11523893809408,32.60326433486576,90.35300933671309,58.27319549545953,73.38920642345718,92.19143050082121,63.95430563342312,29.550897505926905,84.91031243739336,81.65854924803567,73.25211348232341,33.3866020246169,78.88422059415917,61.981120406678784,63.13745883511623,29.104151248189957,67.57598802246153,11.77314566188292,69.53189515930403,57.49517470773428,8.871621637615675,72.93424571388196,26.741305117917,24.191888730440066,32.08552041080199,149.2479754860763,88.43492635769249,38.179214062548176,54.60142462486722,22.463899863339968,35.27471040050675,45.18619138881231,8.905409336246242,47.08212457282586,65.26349367841601,47.22623504732702,32.09797757388709,32.25634526823642,59.96901749821255,119.05047372738635,45.841075185445376,43.949387796326064,70.5137827392922,110.02230921074539,47.48706875391004,38.961657489838856,35.742446944902795,49.68239109464587,37.59353692545187,74.77000815030078,25.24503265506722,36.34293791194865,7.974008937722321,31.35026678478875,20.305599184772767,71.77213752741633,41.430183931598876,56.454734945643075,17.64365370066412,73.71095719479528,38.59187845505471,54.010226308915776,22.318686215752894,86.05670096508435,39.86380383403282,89.7976148297536,40.22247592489811,56.14311094852512,10.533333333333335,20.0,939.5652146050611,91.98870901488958,106.24504125629466,18.153733294936927,3292.019602579978,1719.8985370047787,8786.38821264868,140.53444907842982,0.23858142575933755,4.629607527984818,10.213918910993524,1.0
2.1979455292845768e-13,109.17313837083738,484.3092910925096,315.00948178700605,377.96140249919597,270.402760645614,185.77170047250374,219.30387503877887,134.1029899792441,262.86359279173115,136.49009408584428,224.21757445397185,151.87735340019034,172.02051206574313,249.15544824629012,141.50832458034705,51.853055019767524,212.90897407304266,222.8853950085855,193.81346101639997,130.93391624819412,115.52052661675549,44.80773633188204,80.39071373066156,36.50288870457564,242.87083393993416,107.73750331847839,40.961729101747444,88.1954279202277,133.27316447510708,104.3089491551234,52.02709157629577,91.84783815862454,220.02155450208113,87.10423209513141,64.42091323998186,111.28888407808972,57.731098317878946,207.07852607806032,110.01794274121784,88.34557987994586,20.194711187229316,59.08242881213211,75.86072519548067,74.34515163032454,7.60638083188298,52.04833536655099,126.53119210370525,102.2361440014454,41.90801461571713,72.89310285921742,16.108186564389733,75.84978396460647,23.53556765586074,90.06988552104738,108.16749576047548,77.61633000305534,42.249669751591206,60.77809942585401,64.44472248039972,979.5205361101029,95.64009697262287,97.95752444511974,46.14785105953959,96.92064133058167,59.86479411890632,71.57975994004404,52.32427061090081,83.272901299654,54.44160144502366,138.15173217759016,54.87862207150734,83.27890215159815,68.67604717851522,36.94358899528699,45.7620900843579,30.672169109793074,70.59836681965982,36.43770448692067,7.321998599300344,116.23129179251418,36.05020313991454,39.35955739879881,20.4985437736641,91.0255241980976,32.582144942008846,92.77477001641954,71.91889150725888,50.26952152163982,32.37114224718047,90.91211148709934,37.94136695076353,41.387842577415924,70.84819745768576,80.38741941642382,40.06133879050387,81.10607950852169,26.609272771793634,36.22880431624915,61.59006835518656,26.593566473449496,99.65759688070129,52.9568797882126,44.39260419203775,32.970628251679855,6.391232072121026,48.98361026051899,137.22919317469717,89.61850572024197,4.687578971333581,49.25388440595878,62.442657794729904,45.05113602913254,34.58577584230159,12.602358492396116,86.43466161016937,46.92190117343715,65.21796082874565,80.48263082781651,90.28222502556304,61.2914295687182,65.15898149577679,53.19121478629002,40.091228036981335,72.58341301982435,114.14453906823012,45.29805559689815,38.37955534028624,36.348976537699045,45.865977939151044,58.16034526609208,40.60827163425256,54.345549989512065,23.08991202866526,8.43172227359727,54.822828557427925,43.42362801173513,28.087748048668505,77.65316782662931,43.807259920559616,40.20880790528082,37.69172156927448,71.40974430556531,24.890534238149264,30.992967114000276,71.26893546881809,37.75947521083202,70.62732136582011,6.233643567560899,99.39845719201449,141.4666666666667,20.0,979.5205361101029,90.91050240740634,101.78327922508073,18.429214152938034,3292.659214929461,1844.1636500857062,8499.752496095783,136.47181166005595,0.24145792676946812,4.647619915382466,10.774558606226588,1.0
2.0463630789890888e-13,560.3160705445226,369.164906927316,377.0390084211261,445.80206818988955,331.06786593618557,185.93272717134164,83.32606767259574,203.97712091765658,216.82096018116255,214.9669600322197,125.52328739710089,77.35491024599311,247.35804425419212,57.84900604857186,293.12606968905874,108.4509092690688,168.8063199655032,329.44834037478256,345.5723560706041,194.74423562694466,106.77649570884896,183.40507960606408,115.46611133203832,107.29573841473346,200.23774767675707,37.88842794649585,63.47977522803014,151.68278415479986,159.36579023541836,113.27211499247352,131.20639183644903,120.43511049917507,134.40728110010008,96.18871633708946,143.16347525326879,118.72469894714396,124.14853221462198,119.33530209460696,143.4815383763625,41.94487212244687,55.74660921778492,7.160115655771611,56.79018706199187,104.10912011733032,30.06887727586963,93.1947345519028,72.48041696368252,65.56047264460985,60.282310505291235,61.007249113891724,74.89941052045275,121.33029498439923,57.0815154669701,7.143417207336135,79.77571025902209,126.70066574702672,72.01302281368041,3.8445427355074653,40.549138682208046,946.5339872222182,69.0735109009217,154.56728066164936,41.069182294662745,78.68055073272772,70.66972681550934,13.761386278223714,69.92601759302113,113.08884357905868,28.34309515633838,68.44703191219126,65.13237104145344,85.97529178728351,84.07518165270149,34.3733384036631,32.80785813727491,62.859003787847676,67.35313394559627,69.90778279555114,26.661987883677423,72.42494647853178,69.07429862601782,10.746938657495429,69.7191725371758,113.97927060941684,99.16252740235826,85.62437899067098,49.87536775101775,27.653249341559913,40.88865773764435,77.46922807454064,13.513500645987001,7.222174209329902,103.20969032501687,87.98589512941702,79.18481548995514,70.32166390501652,22.80075273318769,30.743964450990898,43.95994397253983,34.66666666666668,34.835221164840235,122.37235019016096,47.195390249199434,39.75422984361775,38.39548147808066,106.82208738305874,53.80660804092368,40.70215531929648,38.00627481321427,19.69820893705238,65.29591732397644,45.75963889432626,53.540868196897875,2.218156499111589,70.45406410607885,12.790530987544333,110.93195844499178,74.42554706191031,57.4133844866632,80.09798117783629,46.73579036029389,49.50305978790168,24.66904735441843,46.84655664917664,52.67113867939262,34.1865598553816,48.573727738205164,73.5344370573676,30.11275230752547,53.730970103437,62.85075481636586,42.08507448027969,48.76904301076685,43.17387389464234,67.42964400084058,33.78283529803841,16.97640305071025,54.02374338316746,46.956453124165584,50.93769362075161,11.232694964281336,33.16590982908639,9.618181025618515,23.741177180751368,29.53421069919601,54.801016138427215,63.07125463562456,30.900088446370738,73.73062603024012,182.26666666666665,20.0,946.5339872222182,96.5730142376098,110.72197628372393,17.199920391341557,3496.4990039398745,2565.7461812991482,8423.70695040245,146.92073751213988,0.2413717076516518,4.604319046356231,9.801226509233219,1.0
2.652692880171041e-13,754.2569707940988,511.8590118867164,539.5347879153618,171.07761592169715,310.68984619808367,420.44911940372333,183.09163713062034,91.2540193379422,169.75757457765707,278.13681210189003,119.42108367794353,251.13407298046263,76.68808690222475,176.41772972617972,327.009924094245,129.63424577641297,124.5736365220325,290.14346648679583,209.95052672014307,111.29073687940463,299.1394731721623,161.00981487292546,198.1849457072931,77.17529587886513,75.39579153632381,138.57725123647174,161.087331692797,272.3337805369659,21.026033275076085,117.48520986604113,88.62746294317013,130.21855645784174,65.0573464352554,166.8612570889836,129.2994580713258,67.66663769831698,96.42266757777749,163.22265707319661,187.65603119947684,26.488305046446754,114.47448651576906,69.51268197394369,20.96423954226129,125.6813100551606,80.08397046369487,73.72937687033492,51.91565629014369,111.28993415230632,80.95090026908804,20.86698615303876,74.42588024149761,98.45917229082528,80.37007507971312,103.99679502828569,140.69607947888122,78.80960670640802,24.298457886699445,73.24665619858858,59.191053036274795,939.1464640852244,66.951105375755,164.55661093984412,35.66735221435165,46.2173584525494,44.38950133972693,45.048897087052886,99.97021752979386,49.11168937168316,88.24215912257742,27.95533365330938,71.61498013981002,103.6120557175525,41.44731656024746,82.99281056384478,35.77708763999662,34.98117710762999,74.69490540140326,46.189739644858925,42.867219180806515,16.797756629087562,34.447340881804294,36.65932135607775,72.94684371417348,112.01386362475283,78.73158809678743,34.72347074258501,18.07529529253214,27.782699012797153,46.96744815533282,43.093888667768724,25.522802760098298,34.131977344403296,81.16115723704411,111.32354856251796,50.46440980486026,100.35443956421548,48.461210365808455,32.697485164537866,54.18372194965571,23.00260854772779,50.893552439536236,95.95372874145768,56.56940296597942,47.803607685855056,26.73170361641253,68.98539137634535,16.58048069551715,32.31891658190889,46.856654297794194,30.006648428557078,39.65337987321999,22.48609345956499,4.8298028241450215,46.12502880946346,77.89908185300236,28.5226994839434,104.35254392923808,56.96662072562573,43.54340377914829,65.8155595973286,9.119736083076777,55.51167571157117,19.44746397773344,77.11390505896439,6.705814786029697,20.737694059824463,58.11738493850206,33.05786702676349,7.3956052331478315,35.79082302915058,61.27730858767155,16.925537842190355,61.468199771614366,5.9784544509675435,44.63923182793599,43.76840938651593,2.250688843659511,53.73121726481203,58.23829804348222,8.052001652585016,46.33177067718457,27.172142954339876,37.31429080367354,63.47858682433432,55.810369252571135,55.34755100362318,52.7770557961436,22.723875785196977,53.264188014974856,140.53333333333336,20.0,939.1464640852244,98.62814114947646,123.25090456910513,15.95557929213187,4053.7683685546017,2596.5322543879142,8143.920549478952,157.8552998910829,0.274010258553617,4.5431616347621455,9.522094334738554,1.0
9.852859269206723e-14,812.244161545427,503.6935639100514,718.2803115687618,367.9751036077294,233.5438817721848,285.08423002011284,58.41773153883533,130.4297506637734,180.5237303880304,245.0523769767903,141.2049752675781,312.2395613471701,186.63810821670782,333.3425512714854,173.27212964430888,215.82283863092016,59.22055901182401,344.4237665908381,304.8787958296696,57.062510885546914,319.57200055133166,97.81486862057201,213.13550387641578,94.89713005829694,13.738969176989002,125.91038159931556,317.6489241248743,127.92469645993376,147.96197746773777,44.98270308432356,46.31124592398707,130.65724047724723,150.454774789352,93.48347046331158,157.5843265511869,92.69319565204016,90.05783398892781,17.78531920634523,113.22842743499132,48.06489963982537,114.44273130375211,92.32048954321071,113.34763035836573,66.8268371033356,133.2353004518475,153.5396165278399,124.29192379417648,60.72622610718521,48.35890880512259,78.10056195558249,68.46477297586603,114.04393307531564,65.51643479671658,129.4181704946553,90.040094570212,52.95001158720137,110.7766634712894,116.38026823415606,106.58213739614517,793.2219812869425,112.39934453627029,83.97281262888485,42.39563278482564,41.23343829450655,75.90486663130716,80.45926210425071,64.08712693224912,54.924528032265194,7.991781537839745,109.27444230761321,69.27473724739345,98.99547213119172,51.76073411837379,92.57801742141643,28.0982403561346,88.87545038583099,89.15974448333712,55.61304204041184,93.02564837745473,15.39159289049456,18.002361111361502,45.673622081169086,65.62679665480765,96.32737008754275,54.092928543201296,36.62534092498536,8.316194520780417,18.563178714275747,15.01071033608637,42.036660995755014,32.00138101966731,60.63434337697054,62.67651639933399,64.2823420831136,67.82396371020654,77.65780400831406,53.09503792554062,70.2118758184569,18.505373338981425,56.8400484791411,33.766617728890346,72.4889923333886,54.0611674172387,28.452050611612293,45.37587528522502,77.44813442967856,76.56130865728724,11.87127689008779,49.67004026038189,27.695477658271002,53.05629597121375,38.94537675497919,13.993691740465534,71.44418413911863,40.87075171998832,43.01087931455777,51.86108883010082,13.9730652994608,34.70966729965163,39.967647512230904,39.80287327769982,52.71857262079568,37.38358199257363,35.491101552910564,32.33444419669684,18.272377312233694,87.01561954341928,63.51446457079895,47.989679452149865,6.896245540455732,64.88528288164675,40.59051947699029,45.10416710399077,11.869859252788544,56.39166969329863,72.99653856169027,33.083638693419736,41.78870078887795,84.90040687742406,44.79668549382331,30.012802660377353,13.806639088894288,44.543444958428964,75.61623293443577,22.267942258454756,23.83795965625746,42.484803277770155,28.544905116171716,12.242974518268959,72.53333333333332,0.3333333333333333,812.244161545427,101.48136029056879,125.52560147112175,15.528158088189643,4508.670038094639,2613.285052528574,8100.248952962106,161.41605592725622,0.2961903562181329,4.5459635404287475,8.00387538381187,1.0
4.5474735088646414e-14,798.8030074472979,318.56238121861196,311.8405940328115,490.7468050211316,245.96113340316947,234.30667966955056,89.33815609128196,30.716304225705148,80.66284748417817,63.6258843120175,392.4753138447514,197.44785330475327,75.07745164828842,214.0664452283425,98.04641334765392,227.15537783808895,129.5210881139111,205.5545702296974,83.84081253695774,268.2118328576182,211.5228979324053,89.43155214668755,177.45221822052292,140.68127578488762,77.00058482348538,171.68808512330455,241.8891119946687,136.1347532526627,238.3029621532761,9.347195150825074,69.00158962654372,88.46773189544172,73.66837346127495,36.834457379413585,70.35027972923744,242.22845016315495,74.53675269201902,57.46893307084481,28.23589573685812,163.82117016571965,57.798303029788244,77.34473785626916,136.10427365232187,213.22968922250735,117.7673468643819,163.17191343822793,133.6830698347524,142.44003768765313,165.23795938387605,72.13666042850737,109.28342103935107,157.9495461926618,23.91031514161324,98.387822107306,100.47516557782771,84.5273395620461,116.83459496629295,80.36178905521551,106.6735418756731,827.0332913521534,35.43517995895253,31.09759565020083,61.66440333141437,20.559348508250114,21.080786672693993,150.93481949626204,67.4380469880645,71.63195146276344,46.275651128663384,33.809447868977216,113.3806503329626,83.00772497268888,30.878986306114236,81.52940530631015,98.26775214235397,93.52931645810763,163.9767586537874,80.30394797101879,106.16362370959331,36.501275132393154,36.03846860630987,62.643569946719225,12.625245917913455,52.645406075791826,46.041182835087355,41.55083716253965,38.14668123575997,45.91282131858441,14.006317648614841,27.079614073467564,41.127091132730264,52.319173971186444,25.502721662346353,18.11458358477388,70.8634758385585,66.98641476109492,79.92960484235306,77.24177975780229,40.272036760647545,19.49951566350076,16.815595774061595,43.144169922737476,40.63010539063509,69.49912625544182,81.25273203882891,75.67150865977469,56.57722603445711,42.671777482204895,14.069238322845168,24.80625071908729,23.031313598914963,45.33206841815658,80.09700037387888,35.060609966826505,29.83888639596725,16.25638697628518,34.76235252088343,70.82109227757344,67.23558020451723,40.992431492514655,41.36062655872094,65.8779669120308,58.6147046325661,45.66385785598345,18.92614133229807,55.67652491928955,22.987848352569582,50.75131105239148,114.1053381992076,36.16779115015972,50.18013156113764,41.1256478819794,15.142652906151959,88.65238082646596,99.10575575039041,36.28684914927127,63.28239939251392,23.974694127936864,102.83277550619309,32.4991700912957,10.819200948649726,25.68392236711665,45.305538209388345,45.19984399409524,27.48952931286714,31.973917924844205,10.457877085662426,40.665293055956376,18.535294001445227,98.26666666666668,20.0,827.0332913521534,97.07044240017113,113.17214012787753,16.881903031490157,3543.6308569318912,2496.4335363558284,8520.501966737953,149.09930948494997,0.24337177341264102,4.590675265298842,8.519929145297635,1.0
2.5769016550232966e-13,409.5434078065511,181.70132382620602,183.65539582588463,260.3260525854303,71.43055612874355,200.20107578664965,403.49189914474516,120.25492601537735,171.85183810562563,260.774582382355,207.21501886045394,328.97820808724595,157.8065482774676,138.18979235257285,155.41784880197622,165.14257500731384,323.98107159159196,42.367071723410284,144.6733032164515,201.3341367370322,54.662261916174295,189.70800687689288,179.71735174123666,143.14509232572337,87.95559540461382,73.39813616121756,96.07046049817856,143.77459939120752,190.13950386217456,64.19144477244737,95.93019487570027,144.49635319292673,35.323844047410276,35.70090400960121,86.1653870698789,211.1092629625317,122.9872184930049,81.5548930329986,48.61337029533689,181.86885763589143,29.037047357957068,59.475111818895584,221.73631295618722,179.00303443918762,109.51153522332407,132.8803455260684,164.5265485785265,171.9978673952987,43.050295405265395,142.18241804105034,133.03570719043282,147.719982811357,80.93874116250875,6.479926898280936,99.87509274094721,111.39817366039841,79.34485459305711,71.44304786467693,82.99545278540717,865.788759945181,91.67700619190751,17.18873854928681,71.67738746439173,64.05964044628232,117.65249105405383,72.6950930604454,53.25137313540132,85.84173146598101,38.9065689755617,18.10652551517846,131.82952352671532,66.33185636418855,32.32843324343616,35.57007890401958,64.7319258343379,87.88848287135269,129.0385347758408,127.31093301146983,93.60512797116431,32.00770732431504,60.342454402156065,41.76855605486676,31.56982887844469,38.15278838765713,27.60923068659922,36.65990963778193,19.49426257134189,60.47494142231125,23.25700657369886,20.777995203881115,43.4611528075595,55.10498236498503,10.790805236383981,31.134843252361026,30.271988912021964,43.244786686524314,22.483970695676177,51.85355201448196,21.73698619985187,51.07502107466797,28.988908653274127,70.83758523539053,66.02151359032847,45.01152866247423,134.50612266230573,45.99498195950483,78.23093776022287,20.24999398171369,45.37239575918662,52.7288199609809,36.16412584051294,21.15639548639159,48.0620801015942,28.307981465848332,27.175630431636005,14.244655204973844,58.31927481074413,57.00432340223622,80.41698974474477,34.8037168725062,50.248158354943335,43.193455436806246,26.165963442095325,57.214886867709154,21.2638428981607,51.123015322517006,13.101213359108655,52.8128804240103,105.69582047131436,47.9479140588931,9.066697426444485,53.71352509213261,33.45246337695933,115.95049379418674,56.07531645360304,22.460184134540306,53.64086692619766,47.13511910342261,38.41850715456343,67.04044890603004,36.029917943949,37.23537976408182,39.21789063641389,13.27696955798363,20.427894595988803,64.39730664785343,27.745149441675622,50.62942892641496,20.23197188786039,76.0,20.0,865.788759945181,92.16496329308835,96.96808967520066,17.37787663252882,3095.4206251853093,2191.4870152551953,8537.83685352275,133.78038299419717,0.22390436413034348,4.6463001940869795,9.39390337727296,1.0
8.337034766251843e-14,149.54228214861982,388.2969911462576,249.1041276317335,312.606948506225,90.65454113538985,271.92412859762567,203.06235881056682,312.17703126993126,39.51290648928379,157.01978552753363,249.47779026243654,225.80420643715857,39.56446902556288,255.78309135416123,49.52668881437842,114.93909545466164,180.33382439035103,216.59864605885946,232.04650447582384,236.68825704767474,38.65725814146026,14.032600205099914,360.85938278408275,136.8084487113523,229.12656204182088,220.9167411868719,191.14948262975224,115.59422376990855,6.0466566930097665,106.05808715932488,50.69380284032207,175.76778045641862,135.00469688677373,139.62313995734738,117.37135306173472,105.21531013243336,150.82347201187457,109.48491126114669,62.87740333358889,93.31440390901386,126.01505690203606,99.01037783527242,33.68839929842444,105.14829775861848,183.33822101249177,130.3148135815711,214.13548811766168,190.2297742369111,29.865907094774453,159.26029009140984,80.8207397186353,120.34435489966211,63.3142490098653,132.9472490472264,153.47883872013,108.79382025521407,35.967077781694854,49.17949972314546,30.041273035833274,894.7411282707629,81.069970695574,52.90496619142735,48.29631849935582,13.581441501626623,130.2211154410262,77.65308081999846,114.78363529603206,74.62930694269615,32.215932026791336,63.89232119702329,80.87680475032037,39.58195648200523,29.04831446651341,20.558482381912203,82.68773924967489,125.04489290796023,48.26611288529768,14.891599784577155,92.6704922607654,28.280142112712973,12.387056364756594,70.11703675559589,93.1582060857332,90.82503634134153,45.29358034006283,48.815920402225444,76.03503605798673,27.014898828221533,32.10095002877758,13.080347145178873,52.823389718477955,36.9620553057095,13.983483255008169,48.74763228737751,59.75768527236496,41.276751237490515,62.202709182994596,125.54877169542436,70.03803855679315,67.6450868709456,77.53021339029468,1.5549510165600378,85.02137195374357,50.137478532000756,24.401671888766675,94.12267514575801,25.725951959796415,26.29626852871941,47.931856567606125,51.92856855815933,25.00287426900335,25.0920328056162,53.787422080592265,15.995549548236381,55.52425274273293,34.80491837392204,65.09011438853717,45.69608547409427,84.9905292430943,46.770385248767425,27.090342420635288,5.862334992396106,55.196589880007245,73.76033668997914,31.26952208365266,45.95064574952738,55.39209047362651,96.24084902051595,55.47482805989706,54.85503938361205,29.679587534379806,62.84798217427246,44.110528671390156,115.63013506263508,52.136466211092,50.78470377463282,46.540587433296395,25.94210974478969,25.07758873735043,46.95908508515829,15.894735256060597,14.600645306983967,24.30567255241322,13.923043712748731,19.991312523467005,120.6060415464087,59.16711370307837,24.070840172615803,15.377519165850515,72.80000000000003,20.0,894.7411282707629,94.21757329742097,99.72182520735295,17.597090302042453,2944.530658342486,2343.324372405108,8844.780963865549,137.19108404244332,0.20834971334893476,4.632020646435604,9.496541854737568,1.0
2.614797267597169e-13,290.5442391847246,304.40434703545435,241.69446868824818,311.4692624940095,42.877526640839605,324.01931463353674,233.3222120218392,345.76254010656,81.10756101019598,63.55800557302595,176.5670381312951,393.04732144301954,165.8955113429839,280.28123146637836,59.32126162106314,148.50931980507954,90.97142867632442,402.2306407607076,33.14807885819415,157.50256609097752,72.80378111381124,134.98862821138172,220.32080259772323,105.58530050196147,343.59612952115833,218.1902802551664,190.79132956151676,84.74329864766494,30.899562685531986,99.46798861861359,25.201482641014753,173.35649902335945,210.23810146467284,81.92372171270355,110.12447932443743,71.7968778174693,134.13549526458124,94.91144112698181,58.131122086095786,92.7207666313927,163.36842692671962,86.31429013708525,101.19815173812265,124.98589691493532,108.46823356753157,64.82514426838654,105.88538957214814,58.57426843714541,119.90095708304268,120.41756977746692,71.89562548123202,78.81075394138793,122.32696923956343,157.30848989083296,146.00454849897855,68.74007362169762,79.54354106291797,17.031082881077285,52.379265764093425,862.712540274325,42.89163680325632,117.3777394296797,31.3548655878807,38.30423481774036,99.21550863873387,34.61795717321571,39.65572183803393,59.52139955808661,91.7914567855869,15.39025780799195,50.656845575422366,32.186321245241224,15.8698099717163,19.276779840289592,47.20470786314054,68.60761354220587,35.16747657910521,47.56222004499347,72.94449144832186,29.283712761359478,34.01733793577656,33.97557502511083,125.15177369037538,76.21476087276511,45.7955583619535,16.38034487856035,85.27614216069301,28.22054236306418,44.35095997082559,28.42134010740336,82.43040229612222,62.602387361037614,41.83003527870977,57.98151095051077,110.35931126266115,44.20127327983421,77.21445652414235,53.00412360131513,57.026304341290945,29.03453881921401,106.46562985963266,38.92775670906822,69.11022306111859,101.2410839999579,16.84299809736369,109.31319172906078,37.63366747013076,23.646312012079736,46.2813487899946,41.717957016630706,19.567421081125364,12.08869351101383,46.41526800442832,41.3417274938911,57.45389653845275,43.47585966200286,52.374486580537194,12.162336072926035,41.99196361949846,34.25079995950413,29.194077997395787,58.49434433438806,18.337387009187456,13.981570724343444,35.84525073565037,46.15149360796966,22.596784437977966,39.38667160054056,16.582637239244946,27.928216697000803,12.031447052195341,70.90972975597376,95.24592794464313,44.318934704339824,40.009072267914675,41.1023254091259,5.447441208979617,16.791427690065323,9.618958087749107,61.03819158944524,5.941306101264054,41.103083921972406,60.92529559788892,69.73301659706131,59.629927285943765,113.53101662032748,30.047504539716407,37.12727581098168,68.30207893714393,22.26666666666667,20.0,862.712540274325,91.32762202203514,101.7059431794549,16.993159136703653,3254.5505797721116,2293.602408908263,8150.990314624896,136.69247756267436,0.2375732925566862,4.606121752938618,9.446348445010134,1.0
2.5390060424494247e-13,338.3754280353513,465.92328743395973,589.7487356289764,123.82794589265977,449.67958080870807,244.7939830968325,330.43134324729175,247.5110877469985,169.21073384456218,106.22483557081512,152.549324845349,300.46690595633953,238.88521271971888,320.2611657275911,92.51189182629831,48.60714213832057,171.45991151484526,354.0570062762998,128.1103526296896,196.51224467605567,48.487833978212855,94.8109490494958,294.30211529970643,248.0774467151804,184.08877753599714,218.55004267780288,252.6285610695818,114.94425029591966,85.72026201115877,148.98443367652237,74.10838402726762,180.76476270380118,191.6172419263388,99.62114977039451,130.02693817380015,98.78307738855966,75.85950149090978,39.09893521383263,135.21837171056592,59.70247494348507,68.28259571454498,46.27363242428994,215.89964600929432,46.9029132124727,70.46817593707091,66.52108195843203,205.8666235531441,110.61090559751864,54.30315500505114,74.1328537154749,47.67493720710122,51.65006448264313,122.73944369061469,130.85621847964325,36.80329767750527,157.14995909523975,62.390216321383754,43.907428801114435,47.68983957464492,945.3213633523922,78.06457311358618,75.60790756013839,136.3517343149335,65.87900123431737,76.15864062421497,120.44114016316392,22.619790019346944,73.42616764495263,80.38572148450372,34.06370770435311,36.1061537422439,55.90327418738169,56.27350404267676,60.84207754933844,74.02221888655384,100.93216042642277,20.89460411864135,91.79581424901193,9.51844447931156,62.127877468661424,28.7137179302178,37.25446485429539,104.398060106211,88.0486038554813,52.711560168721604,44.77408891472065,54.6906376884195,69.59724104137163,48.86416460649105,18.25871694035861,89.13108350299024,67.64347496067462,29.45477759692548,72.90918412006958,81.90679794325133,63.59368622897826,78.93050309159568,68.78125087650382,80.6028597630923,64.77091253881726,67.73363992325484,70.65088450805992,28.987881834566416,106.1762030974684,48.13385992284948,66.8998898065309,63.59976788855151,32.51911776723726,36.32538394500588,38.88969636152466,22.811076752476293,18.214840148372065,41.496587429038,72.96172208972541,43.91399987205099,72.48593407965272,70.85799492520961,53.49293302281146,70.27118147480329,5.59841154231559,68.85457253237858,40.931381073859555,37.63442389227351,61.28191070306692,57.04015921331162,33.08101978998197,39.71931747614738,58.62222716274925,43.718197599975994,41.547211138718026,9.707423698703831,86.00816917596957,67.38646415100754,57.962543784703826,64.18848825290445,44.28222792930391,19.536291448106603,22.78255318045818,8.199810165537123,59.57653450549159,8.070030764619467,36.49383138196279,69.56609927789279,96.90411067631608,33.651935118796324,90.01187959261148,44.2350509714528,42.90813254106658,53.38452097971132,9.600000000000001,20.0,945.3213633523922,103.10230536932198,115.18384489079787,16.685662813201407,4077.8895705551536,2532.868787694565,8854.587447148579,154.58785041618344,0.2636791716051855,4.616059611711294,9.16877037779285,1.0
1.7053025658242407e-14,291.7639890763776,215.1509592026706,757.2901820230169,234.78671541917618,358.6820612845949,283.48543247935294,205.09051941333615,144.07922104655563,146.48112402470144,116.5039911739469,127.04143501948181,301.8963447269329,224.468501164398,251.34439128205602,79.77145588865649,83.40331932377823,210.12396065723357,163.49339162228443,139.33093019540544,211.24756495479295,123.61163452609027,58.36133002251816,137.80008683324806,350.0172609392075,169.02488720416474,120.86498410747242,69.98412776961355,82.55581802024761,51.66710481731905,90.87553027513368,171.58129831333463,107.75338544949052,109.69616979724812,54.97937839086894,70.1906883413789,100.16377608824116,18.885379145485352,96.9485371667224,144.8144407410799,65.48086293106978,94.93007717344028,117.52124802164509,123.78811892005615,36.15417368533705,55.38232096635656,87.56165570723768,175.1305058899323,100.10143160763045,62.04648986795821,98.11675584617431,35.138390223711234,17.978270652670084,87.41068533162056,44.56603610202015,101.92338543514526,140.05687972041366,41.98738543240022,81.31059527447539,138.58011473037084,883.2501081072312,45.879674124697694,130.98974090112245,132.59364587111796,93.21089499312805,107.53167321083188,94.72843218331658,49.233470074870326,59.54185539564019,77.69580457091988,20.14210322372943,60.9593174872422,68.44282624740698,68.74202956077434,91.12946693907121,57.88832160097387,109.96941086737296,28.601491243580544,82.63890061630656,28.713929922438098,54.04437908865988,50.97113725072197,26.609000603342395,51.8825874445018,70.66326570290097,22.720284069393553,21.594483427376755,54.15830761178366,58.30448480299094,46.19897452753791,52.63039043379081,57.54277244325145,57.18372455276032,46.90059170766331,15.695636966201107,83.22096228412565,115.71048378359302,94.31203239985878,75.48447404009465,132.68261413184297,26.537353129336605,60.806736480091445,84.26180661743601,14.791071752655476,123.49333711545668,86.5058280772765,75.54103059667531,56.115297858149624,56.12837597826194,25.540759587119183,79.12799243865437,13.559497550055939,16.516545341971145,40.592450561414054,65.54469523222255,57.25004457492271,46.42062475336003,117.66233793620447,50.3295087256774,48.58883892472352,44.28957584539272,81.40787561622987,43.21752736733043,26.317954587238717,65.87563839023449,61.70561612345302,21.695832625326954,30.661145601132493,63.329161217715956,41.60637030508145,44.39020009221761,13.961967486686298,84.6859813007811,38.72883061130259,10.268472219628102,70.03727224052005,43.635441888737404,25.617651498464294,32.132915036296055,57.57693641730431,69.21662598485656,26.569020692022193,41.761523075627444,86.9606399735526,52.20539134315791,66.10610426239232,4.514587989171189,67.4122736671685,27.64927442157576,36.70477428347472,18.266666666666694,20.0,883.2501081072312,96.03062505282566,106.82050545329278,17.535838826730178,3658.064867336598,2051.2578568820322,8695.271033705218,143.64018007971634,0.25395126921398437,4.6451807470976165,9.197587828063835,1.0
1.9705718538413446e-13,149.5210543097558,159.12265762683717,824.4505170664269,79.2317219948922,279.25521862001295,444.65950000734847,200.68169001620635,217.2770669314025,403.080209012233,222.7147963206358,193.78190111784573,186.0018782604054,165.2984865648428,164.96170801534464,131.38056197186881,153.06485415818878,180.9495232638215,234.90650809458887,269.1557493235292,112.99616013210877,122.2142763364259,46.549243117557964,110.88222936557686,305.03947074887145,144.1081581268851,143.17911805667148,122.38021963290737,94.88633763972344,137.24339779500747,108.40308872751805,57.04710241570253,128.11267726736557,170.73355152096008,85.44857489925582,104.87446819418835,102.29064733001975,27.55408937305066,113.9420843687818,101.4326223461231,200.3136020784218,173.7467303740864,174.73336780604455,92.31051256304443,88.44983442674062,84.99545147668772,53.97883580809217,169.67359254267774,150.29936020095582,128.39780848451898,11.516944039110378,47.68827779456895,88.8731639046194,29.30413201429595,109.34122296681998,67.00365314818353,44.81634241409707,30.743799105705705,134.92206105988086,75.9052762859707,857.8880307899092,108.6968300987399,131.50029926746464,20.520374931311252,176.93040381685006,52.21186541048183,50.43041524004184,31.5024206164057,55.83845381668603,124.53930269008427,75.9976593891122,42.39607659704143,95.43899687292412,39.44610816492417,142.55710594014022,79.86210337547814,72.25471446557401,36.34432672656795,114.25890639160748,26.66817286821523,65.82687219122269,39.75484828150262,51.3758948308227,85.70309649918002,5.637635331297274,66.70235811843588,28.894158048508636,84.44713074841503,31.875322998837262,45.17903501587698,52.84700473905217,52.09528207612362,71.89881110389136,31.312220584230417,57.248621554299135,109.81734811610889,74.37693410472491,46.395142327105816,137.8977243097138,73.745152893155,66.68413104579929,22.72479336726498,79.39725545932676,31.86549039122985,143.66325850132594,27.502650234642378,52.54610961048935,48.12906611268116,40.00637299700016,27.60295784247343,69.66270322996182,66.02204841724198,81.91414828403336,11.494166433663365,49.69288845025453,107.68850128362403,55.48500494922046,91.90937587111605,26.707797089362803,24.675623380791215,110.2477309651651,18.17858110672725,56.900138846185406,22.52995491337897,48.01561898199178,46.78065703245089,23.25307548859338,13.702287377407616,80.74657935767895,34.10005787778159,60.617276060868676,54.86046712774246,39.50962856791474,51.396797499415705,41.52031850511868,60.671362958069125,19.91982658293452,7.249348086335933,50.67745700863917,77.577402357263,24.169318561585396,45.25207191983724,9.179250096985305,39.101682657307,35.75103592979982,54.54658846234648,44.4848386361863,50.21532379598473,28.580975653984098,15.671209372213145,7.199999999999985,20.0,857.8880307899092,99.34747636431246,111.61573289161016,16.99157896364519,3690.03840586419,2308.9358077637335,8903.147241018949,149.42554295999358,0.24761832851077314,4.625279572546274,8.63522720641628,1.0
9.852859269206723e-14,341.2928752848308,379.78626042130395,576.1487060781933,372.37491584109887,175.70957300954987,454.2773464575078,261.22356273239694,432.37276006319667,137.36026038901454,524.2319251327037,97.9308094422848,211.1661873730813,99.40589169092752,182.5243924050166,98.47127584168942,148.0057886196613,90.94105184435675,101.6630172499246,287.83053176202293,104.3176218959779,54.834112363187245,119.8955647930429,99.0239630647248,195.80369546363062,103.09951264026658,160.18384170459052,133.50516897596327,129.04677191145626,260.6732726212019,267.2221784620016,234.254441785371,138.80134719070412,172.13677523484253,185.80815946764616,207.527058495134,193.62378389513003,139.64765012292685,86.41877802314342,46.90437906950989,69.6129372082474,265.787783806026,95.08381373551215,140.68551097004115,22.385499009299746,104.79690071391353,92.45966932367425,36.30903371030154,44.19970107827822,85.9734519785968,44.97347366318657,133.50048445463042,48.302991166556495,36.55570331148568,50.194942302965934,100.906490460224,114.63198128417027,64.5486033492172,105.54299013887217,211.90608748441855,725.5847318126087,113.79103957395515,56.17220919633379,17.738482841556696,134.1403933923342,24.025420225263176,46.11570918533508,72.77418366214317,92.77309084754731,167.0718655947367,77.64196557331621,36.07145373790162,110.9399577830864,55.85805571645072,104.41010480400011,41.144730997891905,25.275011105638136,87.49737286322984,53.20310701452683,86.82184728316683,47.78457588001469,62.64099792685771,100.43281535627237,57.896589209273735,81.73267845046625,72.47545636340563,69.20499875628498,33.25652641817225,54.07282071672257,47.47370721690665,34.914317410546815,87.17400536661508,114.49174336690487,32.53906943834781,10.234853781980933,171.379095833171,61.40167043935398,46.23132971428003,91.79893939224206,60.333547594633636,79.53598766177069,44.11071272056729,76.84498378373968,32.40991122391499,133.49200886322228,15.54997425674574,91.14202590767374,11.152873443564328,50.998148390070384,3.808272530217403,80.79505882697875,81.46713551937606,66.42276000372854,7.997350494904057,32.40587937127015,72.59246300142807,50.83262995129437,22.89732508108376,49.74439386335579,54.5358561357104,80.0757784461564,33.93836683733542,92.58552254863135,27.44557927934605,46.325157787524105,15.714163604339912,40.02702132829013,25.74461994490164,58.986174254731274,20.206840143237287,25.101197192448485,69.31907964163544,5.384842690512953,19.954062892805556,92.09409429289151,6.5399763790213985,29.93055529699405,37.17587334187495,43.241669740153895,99.76006074148948,7.668140355318452,43.214294610678785,20.459608398344564,33.545686176976155,9.109446435088145,72.42801810978119,56.38207662396498,45.364451774762685,28.000397202683047,89.5028797730807,77.20000000000002,20.0,725.5847318126087,105.00990077791948,109.69732187934397,16.558367808115058,4245.805466321107,2087.2951907516967,9418.384459615121,151.8571094446648,0.2695495335752744,4.622158416064863,6.909679243932568,1.0
1.2126596023639043e-13,530.9791166534047,122.45410129517904,199.6644403163661,503.20099296488763,504.48422319303563,279.8482828178446,315.41935308218297,414.7047202994719,270.5538095387617,322.54581973990383,354.30553942650107,300.5962545002827,124.21678315281704,296.7136306215536,115.2750970495245,239.60219685470622,31.727569448258993,111.6769888870312,242.17573015000528,75.35295193160337,191.49223131043493,262.7043755330634,159.1515615341344,150.2610165888966,15.841460507957361,68.39509703441153,125.7420823726165,187.99733981725132,276.5972576225246,190.95714604191772,333.5982470065759,90.67938488146665,155.98937677127117,209.21598138197243,248.90407677729456,197.92558001278883,124.39409977696832,24.886233958171893,192.46661498657994,268.3262894176898,54.982859383303015,178.83442528485898,152.56386311655763,50.778392849044536,116.60630179760643,88.92306495897712,70.97815933067957,64.36931585623427,48.709173291145184,43.06914337563625,107.29316420586976,69.89890333680235,25.094019878330247,45.34222850270809,138.22848660384946,46.554461095551154,143.70653568874235,74.72107176355277,85.08730422430519,773.431559482927,177.15186264120535,144.14789780651398,92.47553982088525,90.975591343073,50.99949766532617,107.80328165721001,59.24610355767564,63.58241058423598,86.05717303223402,150.25343556847392,102.52900346424647,30.427857454075813,59.973704937450705,75.47273752985808,22.817147547890862,44.354390793772005,110.25856113449522,24.04407038764979,61.184156972248005,91.23516555962895,90.15998292742984,52.52327063207122,58.4665776130253,78.95742236800277,72.99628986045714,51.17487491629426,53.49325418196702,36.251478312084465,6.289824455444091,57.459005076790184,87.86717922222945,129.06370386243535,13.801047839851927,53.96217386573397,100.57610179971198,38.191440057935864,39.298037800038315,49.56641414881525,30.254679382175944,92.04993813746489,57.39450631163007,72.25069396156294,23.572122976197996,61.569217199627786,79.47921676247232,63.60841396341058,43.612894603445554,43.44689265472855,39.04056766220452,105.49685831143792,110.13319577268867,45.46687638766983,24.78460070147551,41.50007630473716,22.09223629459951,35.12331269121802,31.76445587237328,18.1115934596323,36.700549088161644,21.464920121153682,95.67369635217193,28.588154645255162,31.40405308815589,62.538753185595766,33.759925554113295,65.05103623516673,11.229740086391777,25.021843213272604,47.68033886558783,36.19092794764341,44.27007499462612,30.13006422052058,19.21124138964094,62.156800885214295,52.73991568399013,66.06575775312535,15.039903016858503,27.77405481932056,52.225881803669765,80.77251765195123,28.59081253892984,33.687410749795546,72.24231188444642,49.19830172183786,62.63938693335091,47.24360077321833,47.44646123608159,8.750905188691329,89.65399904201999,139.86666666666667,20.0,773.431559482927,109.94030342953226,113.83378015354057,16.318491522837977,4539.687067602193,2253.9929566424203,9697.365490185224,158.2561209628943,0.27528194398771855,4.620941776049655,7.035013869855913,1.0
1.6674069532503686e-13,536.3374775183114,100.03709485123109,91.44974324636965,550.2370829296821,369.31654871227687,358.9264525681529,300.17887289751883,302.27938525260834,385.3476704605182,212.43109988155032,388.31485848139323,140.1061494539319,162.72508418974536,397.0902831539778,242.0388462477311,105.02727010764306,142.47238050684547,124.68711412017016,98.15973883527947,90.24007044882327,295.9511379430187,159.65738233805766,217.51162528413982,246.4435345949106,68.83113152454462,58.7416360537332,194.03681872939836,156.85083301935242,195.2371699439941,97.34209179645818,245.61526656476212,158.10038192577517,187.20121274717002,50.19299851110004,122.95231608234238,215.616292284375,178.43389020718223,89.89210151460925,106.84151023993894,207.30986860157253,64.21907074746245,225.11422464540178,135.29232017123087,94.1762970430876,66.20396240728286,20.599060933760484,74.75632105638654,121.16205512701156,102.14751423062839,35.907288025320625,69.17874129808429,136.07536144306184,97.81684525885751,55.72787683780785,85.21239991096314,108.51410069750833,134.63647830963714,105.87335865565902,161.71594867099117,796.9056704743493,43.54311747510895,90.66514497498771,78.83680538296288,141.09009813466375,155.48215881104701,107.61228313954197,42.275212621764055,113.27625037995827,62.84563460208489,189.36801302162135,26.281870696268808,56.74817749959563,56.90274088375873,34.66904956058365,23.765147216506406,22.929581316424816,167.93136513596124,14.629672109374185,82.54134933261925,86.25110762376197,44.202245996129044,142.55961737830836,150.1364032945804,10.837228526557634,41.5680340391037,15.561643167394356,56.13093908296497,62.24359649604321,54.153869271170564,38.238338065654006,165.68141340146911,66.44424691527831,62.323057366634686,26.891772276716118,67.25284354873726,14.862093811217417,29.597987870432444,39.67150392931819,32.806318141313724,93.4084459659713,67.78976761542731,80.80643038625482,36.13830320564264,44.736987409635134,48.44840556680226,49.364251340465024,70.92858374122738,76.49263167584179,38.66663815336337,51.8347847391696,127.0720220724476,22.36534303821363,64.16848430984493,37.96839190491951,32.200200213539674,31.81794515910446,48.63319635166734,55.92811589956527,25.292624725147462,46.691054689842616,61.95514966714071,10.498619827730673,54.47734901877734,32.509919296597566,6.243912568410298,45.96567498374129,22.590985095793748,25.060189353908306,60.53849750927263,38.270160766169894,58.31177572323213,44.45287503710073,63.92866727542261,61.26262388448123,18.742163992488987,80.40606314182519,24.700202445595902,29.799450133542543,34.88499412805054,81.36734978217923,6.4685635666256145,64.38044112434142,35.28442876443477,72.60962909023577,55.286070451250175,3.1877583460108956,18.533690620317657,68.45244076743307,70.73346233479994,163.6,20.0,796.9056704743493,108.83640646048875,112.12850857910621,16.643226249347645,4294.777803597268,2395.886689697642,9634.796475778403,156.26313003203094,0.2630723758265218,4.628536703952445,7.322050556342585,1.0
1.9705718538413446e-13,579.4558768497021,278.2565339221484,285.7966826230355,685.169422073849,263.71132274570846,117.2085223425684,344.94647617063526,182.07357340547563,111.34668379563642,69.47258205215041,254.22694951685256,85.84271576250877,269.98481341074614,304.7968108020867,249.50587063824707,170.51274590648742,165.0035395213402,91.33450631409814,68.67804160352193,135.37147510866066,193.4572983692064,160.8763062496001,294.85459734492105,141.1502390532558,108.88600778020304,128.8059250947186,173.95227198853848,73.98138980365948,93.78072698870712,10.71388416298115,31.689190633411776,257.01021869645365,88.71112779635658,27.66578231978801,171.25248114748192,93.80872901065226,84.5459323072674,116.71170823077476,111.01081631189831,159.44220256685855,231.0655732977919,166.3154504660439,165.8652398911119,82.3542163248208,20.771347170064438,87.26970445467052,129.10593775554509,70.10226501945337,110.02135558574125,86.73586980662103,61.57709178533527,144.88589005887312,254.82687429045046,91.59140382041858,126.98557423034347,109.75113406012376,114.31933536144626,159.71953915511276,178.33166770438768,866.882851704384,132.6083186426423,127.44162889822655,128.2149820716925,87.26976892162072,98.86969379772908,50.404560395760555,52.3845425567188,85.07515364703274,145.08535279951184,121.89132088942975,68.77685566011603,38.72190115220135,19.48267192835912,74.92178302437695,23.02385236613929,15.94000779219375,175.00082663048818,75.29520268671168,22.55037593273853,38.36105620381352,74.5582832056866,128.41112370651786,58.412384761183176,101.31804510232385,52.78378852797536,20.529831979383154,23.372306935501786,49.01796321401931,40.509651958404305,11.43189580506119,83.8725877771817,14.727416981363874,108.34870893451705,16.336955650246793,25.475298602484933,53.321812401166966,20.959123653928092,49.09638602615516,54.27211587493665,72.6549225983882,28.646029937443384,68.64804841633301,28.01254552768215,51.27333488766182,51.768319116246396,113.32971609492404,30.11240708439505,56.09700126244555,71.85211702590516,97.17388664582407,95.91572067788748,50.71904353611983,59.24072528951854,18.82424744247854,34.47592673812964,81.27381930415999,10.345279196655069,35.93867516504184,56.045130351455995,40.75451275335905,24.248013964083764,53.38109206854786,58.52056144344586,7.475132166416598,19.513573017563658,49.3508997931621,5.263567414591934,36.1530697849838,86.82925589085548,72.23581590937391,9.170497997804578,84.07773558051225,15.551336127588694,63.8143724048627,29.10638552892391,66.24723915635529,51.686301606840814,32.42350771558201,55.00154233651055,73.19103938033041,16.272641232041167,69.50939414495262,33.82909530443281,50.9598055422293,23.882824205129456,44.35050719605998,55.6597652752461,32.363750865670916,74.65426302421172,102.93333333333335,20.0,866.882851704384,104.08209045282783,112.84271552461583,17.061204184592032,3832.2889654731043,2250.1509417651655,9529.873660685904,153.51403844600011,0.24546579523912604,4.622320812355759,8.328837823422402,1.0
2.3116323670061925e-13,441.38305214517584,425.5191409546535,549.1259819663909,543.1149260065324,329.1599394783836,317.2525218884637,52.6186251797986,301.91707339984964,93.88790843490096,177.3522591899368,116.01938841078032,126.5913648416475,356.9227067909711,249.95250001605743,120.85748526876242,92.68027530185547,171.60300791282657,83.5897399605472,21.830865768828787,177.73139071383522,97.29402055016749,33.10594443521823,162.5568412795883,56.788954705277305,215.21433250704854,122.72908501579093,156.83941582024605,140.30946432362393,72.77170588459146,54.715538607111284,76.70201196993436,137.50141165869852,87.5158428958361,166.53120653210573,109.31251258618589,87.21734480715291,166.12193798069637,157.42435797457387,51.28849288986266,158.32614219351245,97.27993358127038,121.49225236901194,93.93335848365618,94.29235743178353,112.28040918434036,154.0182714446785,63.043000361512796,7.383350273654914,110.18609004019858,121.66803652196867,84.29636270298332,128.24413319376265,257.63329532949155,93.70313466247124,163.94274442304868,86.37605950080179,47.40316785141816,32.2545815203395,154.68498246432742,886.502826797223,63.51638509075576,192.04514727122324,202.93768527141467,56.8027847435262,38.90895893675356,69.20696073992254,89.37244013427767,105.45065982995493,139.04879550918986,93.21511259630265,25.463213511610174,82.7511272210121,77.73155600257938,12.336220946808112,60.934646229473685,19.86325516073279,184.08999031003177,50.60256769484759,47.12644875909479,94.99680050064556,58.641673319470556,111.42805193148342,62.95728128891298,64.46256360297303,57.48892192824793,21.313668812167222,69.50392606937693,37.46492105108404,66.2052658040814,32.244152810847226,25.80236857476722,58.17600996597282,70.83840018575597,49.66258202317548,46.67224233544605,56.5635981184583,83.49771261222516,60.95949159640911,62.96180746558542,77.41042134837747,43.34799670072406,42.86227708216727,66.53594360971397,59.63641615629751,55.436527628280075,49.11793786772823,72.51249706496868,82.92627221101952,73.1046130116203,14.585464238593694,45.080664615432866,49.017728110531785,30.495584563294162,42.72122543098911,50.59930342945808,58.360981211587124,32.781842136385976,25.296052293066246,85.28573330926655,10.96784555364126,45.257851695420996,27.554120279703046,22.74126720946278,50.183143502960505,43.85491199133567,53.50562298787236,33.78557696462908,42.47544016889709,76.67266899499145,67.5911307392218,25.52801792153035,80.14479519019604,10.055985089353197,77.97241740994563,45.93116147724929,76.88121488511061,9.661873615531437,18.981731904576293,56.24413381746458,48.56127873245001,46.08860148264004,34.09529536783693,10.284053592466227,21.06934937636432,38.29733090768531,45.6496848625876,42.573584533503,19.73905278511164,73.02542659456522,93.06666666666666,20.0,886.502826797223,101.19198120441624,111.75069902473841,17.073153266441796,4080.817388703543,1725.902529448208,9372.077262510686,150.7582030689959,0.26884985286597307,4.624059318943397,8.760603520613094,1.0
1.6674069532503686e-13,556.9277070645998,803.9926279546737,53.878299324446395,134.02207325481757,182.45679840572433,343.71781145281403,25.161591140808763,324.7293313120153,88.24234748931636,265.495635506123,311.9528329754036,247.70959842485934,183.7753607337696,136.15409909679573,66.71606780840588,104.24927993997309,162.59361041401706,52.53704434054248,62.28717875986207,160.68415693365478,25.506468024044146,118.9727781362559,50.94692832556675,181.40895347819523,135.44198791421982,116.92550005752702,68.77492557275885,250.93349814793552,74.92268548517852,68.8787228252916,33.644253346621944,80.62078221376011,147.3993240249448,101.64846350510123,61.195624291715546,134.99261469230225,115.54869483548381,137.86910549859618,27.681964261094954,156.79211180308616,132.09711963787464,108.8127361769351,11.936173399850738,52.359272321928586,117.0093085317118,74.77942129437889,56.64048237226627,106.27966633135182,46.184137561956746,93.4335652274444,178.53325665109406,133.6016543804553,117.36309493272395,130.9010628342437,127.60177263518256,80.01398502536492,38.530717994360295,164.16168230213788,136.03618893871953,932.252080393137,140.75777812563808,68.79216010831023,110.40014619177533,62.129824602482486,44.53238390914993,50.79912616829588,66.5820975991216,71.76939022562405,163.58308554088867,81.66113327108056,67.34503598412553,127.02377462312577,68.98357949513104,36.158911074036105,47.405578668431936,50.85558313580415,132.40946324836554,84.91738314699079,40.94205373449427,70.40113255319318,53.74366520257795,61.210890166000375,63.82977071460363,18.110935822614927,87.49364506759966,49.505630556982126,145.89305420965383,47.68546069878915,55.292784955088415,41.59302008431741,13.45131795749765,27.74252438055818,37.22201861096544,70.28756247249494,30.371662138405895,86.2544910598437,69.06718574083692,55.457856825318444,40.443772252450536,127.11408698925197,28.667068209272784,23.019587644435752,53.210449000717034,51.712342967321796,57.41177717574296,29.16187682894538,106.92357560358107,14.452330204261292,67.03754138704603,70.21429342947015,49.47909180373445,11.908388922500468,9.128097370877517,35.32767087033133,36.33457196963917,36.53848545053888,55.955146147060304,6.721901659995555,59.05624166986681,39.780016513060325,33.566483781331335,54.79229204949515,38.43455980274299,32.91186767601515,86.24348683208174,11.985397695818651,63.34120083062581,26.329480451632435,18.204273756273928,36.96370373540186,66.71416813700735,49.29524893221014,72.27715917783156,20.051148412124125,53.061686001336064,75.43471632371822,79.02667767727954,96.32263445094635,85.48819536484656,24.146596950690725,15.131391882997987,20.35241232814709,7.9868283225806955,57.41795200025499,69.47035179359526,16.58653962272803,60.24919580006372,43.808051497032125,40.90128056937637,92.53333333333333,20.0,932.252080393137,95.04137296696837,115.4177017142434,17.733163810424458,3658.2161141361676,1632.9010633381372,8965.088767570951,149.51290393957456,0.25660516747848894,4.598319624907704,9.808907965977525,1.0
1.2884508275116483e-13,305.489490760143,483.94772968174834,318.55260064042807,205.16537490090576,100.06452159521466,333.85546497286333,233.18978632022774,227.93504417052787,167.02223195221947,343.572521754008,243.27744902232897,306.16757457184167,132.2764898195485,143.39988076162365,154.75645462380268,112.04939334196294,89.48972189245792,94.25006714533323,59.775437561487124,171.308586949115,57.662586497551146,134.89332524479997,24.148453828445092,218.2127408012406,142.61539198083764,145.02228214305785,75.8950001152869,144.93547011677444,171.92777903635113,125.7679767958672,63.88007912724536,45.359375509662584,98.91206586783545,95.96399392822138,186.23976903602556,187.8273460035869,104.01361654582031,107.02618617372747,15.484324414004577,69.65435615211734,67.0910466341182,68.2492847710561,33.75606653618184,38.04332695124679,154.62926371079138,23.059761436310055,157.46615015751257,67.97311581157219,95.84263558497723,89.59325371427872,111.69857249149706,24.70751211371733,83.87282240495864,158.71930860174487,52.90515479086789,42.31932935135426,56.62412968102551,99.83788692720324,151.71631601073418,966.7500960119335,67.35434610668,78.97411891880381,143.43260424721132,152.5433186028622,116.0038645280409,45.8083784613634,22.33560514659153,111.19456452277517,75.09329516935897,103.0100681436174,20.381774706970116,106.37119800139409,97.82550219715412,57.48110192329843,17.36663467687394,66.41581771337373,102.32174664493863,23.847099130453326,72.44200959821389,3.305766541050463,103.12657087035531,14.59405567247417,44.05085735055421,87.5218915665635,23.423757346244564,46.46503118691723,158.66709713808763,44.419837074684885,88.2265320698551,48.92913709762982,57.99653368887366,34.337387903889784,56.3616046204539,42.17912050533349,62.652481061762714,64.19004913819487,70.64540879310238,87.87991686661627,21.989601626589636,61.11730069664763,69.553842370585,21.242857185853254,4.032798494959387,42.849814131190065,28.517035977726998,38.59212386543707,106.33412493506628,32.046189702764266,95.10764734832536,70.46363990390265,26.905387148735556,45.52995633729508,13.145568786585805,23.190797207563737,45.76889949595778,33.201617738111196,52.09617777986673,23.97235040942974,61.388988444427326,21.55454772395519,69.31494475237342,44.86931364048483,40.30580193221938,45.55718154194655,118.07905531247,51.24118198218096,51.117457316768665,34.25940491267202,5.566923745933718,36.505330620166944,38.746483236167386,12.93994391476695,53.11153966214085,47.48733212382295,90.77878052360164,38.003953339326976,67.54899158542669,29.791542143646154,104.95028660088877,29.05335231559757,26.31892076903062,37.17146883947789,19.035255516148048,61.86953296647445,42.49547695363694,63.76479151403185,15.149448317105627,67.73198389515004,17.361124145813218,96.6666666666667,20.0,966.7500960119335,93.3360919898604,103.50701220934148,17.720204077812177,3543.916160923629,1796.9426912785034,8659.554946276929,139.37477406060412,0.2531293868834522,4.6327299496267225,10.357730599187255,1.0
1.8000415972589206e-13,427.03752383672764,546.310529468452,132.93284799638897,470.766338903863,473.60335505566155,299.9783046505775,440.8175316283056,171.6181105212919,130.1255513877693,155.95501022946814,54.31246133630856,396.50851386968463,161.01388206609298,94.0254604265739,82.50800066423947,128.6204545855544,91.41981579430151,220.25485362211992,66.64716315392266,174.3128234823446,113.53375571561729,241.29744069621086,124.83145688693155,82.02523398500202,172.9009935128159,208.90408352253164,81.40726926424874,89.87376178265423,213.49806886491046,117.5178571030498,36.78344015038138,178.95713469964699,133.82312079785618,127.50481890347424,52.38588290355965,133.42941954377426,77.59705037278222,112.10329107043012,20.836350203819872,89.53489612100823,73.43101990670051,99.65195056444755,35.91407515090112,24.615031991435078,93.91656869343295,87.10081571396236,99.22887923146526,72.13135896484255,80.98802651212567,153.7626453697747,19.19042811233693,46.65812768331715,127.07803533403018,115.5108598270324,20.96733496397242,87.33080926333488,70.11195056341498,83.85593831473503,151.05738539956934,930.2714902940096,21.409759319674766,119.21286410673733,89.43826395022111,184.8084441573761,127.91009802556698,30.91376996034803,43.5196233370085,51.20171111383378,91.2927059319402,155.7419067203833,120.7500082293749,18.420268457494902,75.4313681500985,38.08949515880755,47.19868171417033,14.998183510574624,48.50552091901364,57.48882278988297,37.495677125303956,31.47865528991485,122.3203522466836,15.959382457475037,2.0939665842426947,29.33064089204163,36.008042827618524,38.53110491344307,116.57116581843901,86.43825394501833,76.77696258297212,82.32730028986913,79.30931167076162,54.4419780829767,53.98569283312371,65.50454113882435,33.102035369627615,28.180782989140518,60.137820988932575,60.458128436828815,12.689955389372578,26.967634922872527,71.09814288167003,2.610683023560363,9.697833449710936,14.458626297123631,63.481072911797966,80.6356560930283,43.14525414317867,33.45618013011947,123.67305428773228,37.544895485857126,42.58248379114341,55.100781972585374,10.658132085731307,14.705224312252287,37.581429551271754,41.71032726064403,45.424341830173496,35.01807262445611,36.020528358652726,35.5823132023365,82.83753695058883,44.648367593445,28.522036593593665,44.11077187292729,96.53260703026189,58.766908790912595,35.50919528037015,70.37299210140145,62.80453272822047,77.1409293907641,31.428618965726788,33.09715389141618,35.787413425455284,66.2584192214894,75.46103630268544,50.45289424124648,45.180052231268675,41.55959959844303,118.62968402276069,35.21906974947875,11.758679164133689,29.63945885899831,2.3444189109348286,44.23054017408349,57.006005230698584,64.54615558827874,34.013758389290025,82.72874020386398,34.99510887508451,40.933333333333366,20.0,930.2714902940096,96.38285683591577,114.33426195281761,16.93773552590714,3955.0054213771655,2092.035175533405,8410.387928476795,149.53922076882756,0.27356216317667714,4.579881245853932,9.651835615100344,1.0
2.1221543041368326e-13,332.64297031518083,468.8759953950507,230.00496264611203,387.5672167355986,228.62444714088934,523.2895182655363,517.2388909437703,163.23265209715686,108.45646653446643,150.30926519479368,273.0041960534157,130.44228024511744,280.11500578571196,303.49862985312274,176.49828019815462,230.0295418554744,77.87511666162294,116.18464731261915,167.13450961523483,133.54152282332979,85.58304263622857,235.79604483242042,51.7810265565247,247.30908379873355,282.61784297259584,169.73171239556865,36.06262531265657,76.27584370895677,127.69598684085354,16.358753068970174,135.51098530692877,106.74187412895323,211.37589591547135,139.3211559247839,91.01262147162583,50.479365797407716,151.54318667175113,152.9701482558053,90.39743675123673,24.943036471867007,57.698974523327934,89.67020341274144,79.5442248502251,143.87160887798595,80.03631219324176,100.79815454383956,89.07051792421447,77.87600229057338,164.49934179930392,96.7256831342006,47.987483520425585,67.24506805182193,108.86628749606145,47.54015695629612,94.6129860202939,15.234368844990676,33.99381578862464,142.03936138672563,44.13757430905365,864.3970943309728,118.83593346998313,130.6349169194315,101.49979854065856,177.6983279027689,141.77896930102418,71.01626598201071,81.8444408579297,58.64975492616699,115.5203490044542,88.67435046568522,114.03736803875739,99.10643470016578,38.38266502546464,67.08304082649805,46.88520259337931,74.03852773508875,40.982932442410736,29.740078363961594,40.74900287122099,25.107572972820208,121.21345903605535,33.7708338465924,17.23358132221342,37.07563669593699,60.23756101827999,25.029510943559497,123.51900768184117,79.24434459765247,74.16516992337988,75.06429894301439,78.14286069995042,51.012620507561515,40.94990842231843,59.68887329398019,56.58572781096042,76.47625933826562,65.60142546949768,74.47232614160615,33.89174942464768,32.775871884326406,66.15849346125779,39.6213293734254,23.166700399386716,34.077077992999804,60.81940025862976,87.18440775356311,40.057263410839035,92.55309137755985,98.54603616866042,19.010404540819955,61.431321165768196,61.29752028495215,60.59499840672893,46.26608540382878,62.038659636968745,58.130062316563915,107.47846230049616,29.226780983916672,16.230639772067327,44.431332550031,62.12708922750564,18.19909777802513,15.917659322932177,75.73758756774959,62.77812207524966,18.356460829708283,57.96285596596451,64.92191848686159,79.33215694237583,28.960854744061283,17.25098881187475,57.982335338958045,18.954609314690785,10.277925709387933,85.90583819768548,29.444505204396307,33.26560938549576,43.463499304003165,80.2008303820783,49.70616721967575,20.38812725246714,37.976744115256444,32.76486259631286,1.595922066056754,82.01955866602438,37.03350358077503,7.185671547016067,76.23505618095825,43.94312505399788,60.53333333333334,20.0,864.3970943309728,101.5005203229832,109.24196963493121,16.84449571091719,4097.302497205924,2214.1168275209743,8913.658723720582,149.11795182189016,0.2691153690094699,4.630141766401577,8.516183873544573,1.0
2.974805587048953e-13,590.9804935176396,546.4596720868536,518.7052431535229,201.36015080064095,218.0602341230158,529.0922927986971,467.20292651007435,75.04383651677814,54.36245498854965,54.61115656652406,289.8284945595193,157.4614646598717,116.25777232609174,445.94936153350466,220.2752984906888,172.01992637288856,109.96256640279036,191.7605072002002,59.24145521522757,218.76298068698588,41.49495595579666,222.82316050267707,72.59184876337648,240.0874435410866,142.8042239200818,84.44895954478292,82.74071122917162,74.83355504180984,23.51603134850405,95.26170593664358,98.47335267425436,109.940540663181,172.60068296588966,147.973039170923,50.29373504857994,129.704615120495,130.40651149392363,125.66239033235891,186.37725721770582,101.95001554143573,75.02606264205203,82.19004466294055,87.70579374979376,197.75178984010887,88.56479529466016,149.73827144388184,23.38193343214966,121.13427855928484,146.41826179445022,125.1039745349621,59.26188906096806,93.89229011242612,98.84060237375623,37.28228443726954,33.04858138242674,64.12452090756605,14.026654740250002,66.44076507301962,102.98885071759545,730.1966931900882,77.88411113173309,135.87813706563648,113.60674539681399,55.225355566112896,96.04036816071235,65.39799513072415,43.95667566244332,104.54312423097272,123.71213776850524,86.60975871140397,142.23367928693852,64.15015382032169,26.61639067125762,117.49298600983178,22.43370480128306,43.497352830640146,46.97182138037063,37.1973690103299,96.319039088433,89.90468424452574,121.57620458589365,45.1449448231254,29.705507600156583,62.90563622195921,62.57555242366478,13.55979195996758,112.13546428545942,37.83881114166413,72.0569899469315,38.726600732089395,40.445358528219145,46.80420038987717,25.79558912451983,42.54407719612754,118.85494723050752,5.01582996633028,98.98414805690734,25.22801365782768,35.30834289436826,96.96964015149848,85.75616194324684,63.78043708185472,18.369779223413126,15.44695001694868,81.79671257245276,20.86025150744103,78.70418437057866,111.1163483799409,93.16041716995343,57.27103992543252,28.59622032682475,25.70121834162994,84.41067738317551,86.77371059158415,31.94391299362113,41.22854384723024,93.72235464264635,43.92459626825495,33.24450283920749,40.77502406612731,79.34804592735124,27.835194860469063,45.73329339576265,38.01162726373042,51.618625703054455,34.21541441612246,49.023032790623034,67.36624367943688,64.0205552907386,9.954079802922276,22.895381442835916,56.60542033216002,27.538315243611464,38.38630176265252,43.01455760596525,52.66135869353852,19.188356145977487,30.582882097845193,34.91092675323773,57.84548697122883,16.00739520449293,19.266433442232504,36.643910113278224,27.662904762906827,80.32984416658222,26.114970228165014,31.995695994032985,65.48068528454425,55.096234526061465,23.066666666666666,20.0,730.1966931900882,100.39567658278847,113.68151941638305,16.474050121555507,4265.375554141284,1957.3636242160685,8836.612309060918,151.66667311355297,0.28323766516140514,4.5974034994520885,7.273188627679122,1.0
2.1789977229976407e-13,475.7735037990724,539.5282433448892,191.944480186686,292.5489388845352,191.87454939091702,168.5060045397771,265.1740294467244,155.42694970221157,124.02627255159373,220.22596520332587,148.86098591709387,241.9335005469242,49.87072380299193,329.5408449731367,297.1461625234383,226.13550302897477,66.65595978778167,259.59964194525026,170.3918715328922,69.11215037516806,199.04170904915156,230.63290122701815,132.84796569533535,199.58815983475068,77.40548381164184,70.70327838899307,51.01461640593948,135.41404159138068,67.84929454652058,75.63945550968563,77.22623239454202,196.6447553375249,57.597525425545,54.15166506590865,132.57404245418718,89.16150488036246,163.40359553946652,175.12641989247936,158.8462392612784,153.2883101705536,149.78369352797372,142.55846202448794,200.36835308696146,177.69649044225366,85.47545720496583,117.1715135752726,3.930791214946608,97.79964388890215,88.3452975971623,193.19107409792804,72.86551716738772,9.697572434580518,65.97154274987898,76.4824646199612,15.342460966819155,31.51440474248595,94.19558867169621,137.2050302759804,195.8493365253274,813.8575346279895,70.70955670363416,101.7507764428832,80.17238154722168,42.94945819457391,16.26785614426663,79.33516264101888,35.77419039057085,132.68237201253626,55.56710255844141,12.192071766611603,63.7253037664106,131.9325557312598,123.57160829016598,53.0977665520361,43.89725377388533,87.43473966343694,32.12915736821677,15.367242102749765,85.72201108766043,114.91255020829482,122.33627034340708,48.05078296242549,33.37305278390167,105.49594851818044,46.482395566307524,24.246769545245233,114.13238235293673,72.84424464888177,24.195944109596972,69.05435454270349,25.034787469926876,21.26463493657989,53.89592707255873,35.706477221955815,73.95478170730027,36.579169368150474,75.7054189184229,53.275615758865335,90.74510428024794,105.5086305053341,58.38840087682512,83.73393429219787,18.543265384252987,64.56335379990307,17.124499942250328,21.119587488424635,108.98685168287797,84.634919881441,115.36858198183715,42.56968873170548,61.58931898668382,66.88305031784117,65.96104738235924,66.32662609117638,31.02769336171213,49.154969344292276,53.08758085152984,70.54432396016679,49.472122543246485,38.15410268206017,39.252673858248556,67.91546729239545,44.595745459752045,22.457269910892155,16.07427096314983,12.60504152743641,5.566895500416229,54.93087566941117,44.721073032106844,25.687379387731074,51.32379510207357,45.67267838617173,15.477968316012724,42.76802024580942,18.289591254526,37.833133451717686,35.77287061906015,13.90334011747585,19.685837069074275,27.625982057601117,16.72538569759995,13.614551672496802,30.808129015901965,62.21931807240254,41.846454103465675,39.410297153318055,53.03693453358778,15.903578652121277,26.610179931910103,4.266666666666663,20.0,813.8575346279895,96.51096560847155,101.75621982402836,16.707002409617164,3395.234992289879,2253.5387397442373,8827.871109236616,140.245123820957,0.2345318980687138,4.625376317224285,8.432798589226326,1.0
1.5158245029548803e-13,223.63611946547724,305.07673039287573,551.9192348813884,278.30935121329077,398.9871798032265,204.88135188679848,236.5077343943081,131.18205520909785,157.70486595813514,187.13130881501186,137.15314140013624,99.81236606503565,222.56205764126332,262.4415956982657,241.5037652710903,39.59931148215891,126.5425635041507,206.36614984539304,186.38029583424824,122.45761441405438,256.76434243283626,146.9795044093453,105.63281821948107,104.20338935669848,80.8084434446768,72.46036638349499,56.09180645681511,260.48878199368136,106.88849502732916,39.02558492018994,95.2840182104089,118.55766067581291,227.60831796379125,55.85790160195751,95.29922786919613,71.55566087036448,110.87574777696977,225.58139323643505,167.0191015387829,212.23436408984028,39.53686305985143,138.62849804604156,212.28811474396863,92.94462269057293,133.2734808232821,86.45611634648718,42.45775182903195,51.29021987831452,123.53705736763169,102.67783489038803,178.2538832601236,43.178486569883205,98.960826339482,9.437852252103134,42.18747744315715,32.7875276585068,51.97115673560569,187.03715919955616,128.90939259064214,891.5845385948849,91.45333203650608,94.14740641159219,7.796582897605795,79.8303719638286,54.76057701862792,25.362943428996463,67.39784665737255,72.64903577940257,69.29278246105346,23.601138984460903,36.96396017845957,65.28015354489841,135.02833537094594,61.41707355618096,95.65605051432975,89.29354359085075,57.40988176951879,98.42234786806264,30.223846096298047,71.01602090480095,90.6715755843989,71.54411433849255,41.06811597756709,46.21998416623458,46.836311931225644,53.01907655764396,73.77359418245264,15.146003052238504,69.66269278932845,49.55346550806779,40.693184590392455,38.951594191731715,30.917552951104405,54.16312356750403,49.57529273339289,36.982021163623564,43.60487782441374,36.23615589251909,88.33298880945455,70.92694206795547,64.3566781525326,113.95549344866103,78.96191079448086,25.275681292922837,34.54314421692306,65.36360377103397,96.02652899828668,75.55749795388972,87.45502038291369,56.18381393648762,87.5823319967575,43.82070930418174,27.521831203061744,41.820214605147896,26.285853677447406,38.89020382996742,52.337280005040476,69.00866674316082,39.29490384981524,71.23155889765971,40.95402323741872,77.09115513436898,32.20928546361427,1.8975073986285074,26.062913652323463,27.541588694172656,24.973663425268455,82.21487251669478,40.122663911559826,16.049600072215892,39.686514649115196,34.27882555802208,34.21427731045854,63.69815225294859,47.63893915073999,5.10272337216676,33.945309090592744,15.922521640077656,18.263034427349787,7.366661510092898,10.173263142467947,13.123764615623807,39.54361124355789,23.839639871813134,33.4086955242693,35.526096670130364,50.19651639431784,42.65564381802247,17.00268459518687,3.7333333333333183,20.0,891.5845385948849,94.17041925082326,103.16662188642951,16.670233764534085,3397.305092824311,2113.1676480754545,8615.090146723724,139.6832836574704,0.24050759037722708,4.621112791771111,9.467777096968701,1.0
2.1221543041368326e-13,121.77813273747951,217.01854918300666,417.8996161516004,291.6146629505565,698.0394460487339,218.74799153193328,27.880709058785946,119.04137286807854,180.83633873999173,219.0167285976241,172.63093606323196,85.5903292264586,262.6773750422217,164.8490990647389,165.06900715014115,161.41015878901302,260.8911133116521,39.608460139815826,303.5801120095174,246.09088326261102,184.3241027562023,135.88832517911925,107.36630230845239,42.7590102159245,12.092658986578844,80.6415001813324,192.65525239073438,191.01294058073293,142.2449927363512,25.014041928214418,105.37145545551033,154.80998566714555,200.75992731047918,31.46108077320445,97.95245623012383,85.42268794780652,146.3117712325368,163.57351649781478,123.93276595449308,140.84608566612155,111.00361000106244,116.49241216642145,224.31654976309616,65.72003216830886,108.89684538910214,37.46567402535502,124.4165583586408,84.98754471120048,45.68259632293535,129.7143528424412,88.57456974063653,136.71512469016437,80.08795317898984,47.734738569747954,113.468234137927,60.76841924717735,43.53630292851791,157.03409520261195,143.15654694815626,939.6296438369418,106.39104409183912,24.134259953964158,73.93629646758444,3.7659017638614767,108.44950802243562,16.05871286885355,32.68965981247336,43.93127866090944,35.08937815038111,31.20839871880342,27.69182238143521,63.42167766124864,105.98755954058598,67.9288692487078,115.27482138109973,76.78921264986849,65.88180447465234,76.21064588484052,79.40852550082226,8.221761548229933,19.67236525100266,54.314824422275734,59.71523685519173,52.64026434974588,31.32912372581693,29.437349049782966,142.2927814124377,70.99937433065217,77.03413910691013,34.21558994526351,15.384688356898105,17.162906048456975,48.974005544447664,22.61735586489735,60.499994656352776,30.02001074674508,38.67346595924043,29.180747079483922,108.17455894589716,41.46216481457655,53.956583976062944,16.17580234538249,118.11812760748332,80.29684177751722,56.99213926998728,22.107997259784472,41.098333985597925,64.57391208790736,60.9847293103589,25.71586654634598,61.93946917706354,41.27203878628855,29.01984991421901,26.262065437967262,34.0685448841687,58.09198399441365,58.549117922787985,37.231049815388296,14.597068883561947,61.09161772448993,36.012408010351535,79.80001040610874,31.711934539051576,30.05315877215356,35.30046960296518,66.41436957218596,66.5343150494403,36.60472069613023,11.457681375404675,25.289663817809465,29.985302199329105,110.00910978971686,67.06508194864765,66.2790227701719,46.257016330007275,17.85098766407876,22.292871731669855,15.478641075208985,21.744412311635188,14.42890494586958,28.71507966805167,49.8535920137389,28.852381730281316,46.30248331673091,14.69447096182871,19.21049513498292,34.06511271052241,23.51457032336441,7.676550781895485,14.400000000000015,20.0,939.6296438369418,92.02922487573525,110.28753862598785,16.65958918133484,3197.621287264442,2265.634819998179,8341.127624097666,143.6409391761534,0.23163810493040732,4.5755340122242885,10.210122329137294,1.0
2.1411021104237688e-13,130.9074714455003,211.14425601455065,391.7262232571485,394.16441757609573,620.67836241162,547.7930513471742,333.3691830141455,189.72502157609512,332.60513275433226,175.87073335281963,66.3160680651942,123.61971678456017,267.6764699069562,252.24993319933674,100.89272329635708,104.21718943332982,270.93267692811673,81.84540080437253,374.81725172156916,208.21621574019395,139.09245622949123,99.48221823102315,108.06158373369244,77.07172297258508,59.59298729891331,71.07826757491394,130.4554213506342,223.6798794611542,198.5519685419773,40.71961178689971,161.5353781433625,39.356947581577394,122.36985330823319,157.48066750098943,85.34266310163864,56.54316481411426,129.15451095566104,42.31658034982466,74.62820380054374,59.31857112441744,104.23919145761337,123.42413134598289,113.00809564871324,62.94086218952371,65.85867969885405,44.76571034375037,177.76331773037865,139.10552352928443,14.4510158975133,172.86516261075988,14.284995005258018,94.60874422258519,87.21261412848406,65.89770416171983,85.57798008726007,99.2075246562557,70.8153136461367,74.69375521404724,87.14861714355689,806.4890741426289,256.74153292335063,102.68274500389228,70.70161238856107,65.48973420672505,68.91406408118876,65.2904290702063,88.27998708053715,84.88017431363821,52.283906194821114,46.98028158001736,23.83458128830923,47.87157590010503,36.16178478992425,58.219759189155184,59.926028475854196,85.50039507964809,86.39907976909703,55.12071674524321,82.99708642044239,16.73765517438216,64.31202716518018,36.758536074991724,85.81437078535569,69.68305947979186,23.539466201157843,48.421138351196234,156.33761734778088,48.332993220906076,90.75751340146901,50.910399443333105,19.00229382068313,42.1244545290839,95.60500335854712,94.05472691299019,50.029023991775354,58.174787747132044,46.07919530235292,12.432459365947802,117.01946738700848,8.231106311493692,18.948469784667612,51.22617595230572,130.64125111560065,87.7590739376263,50.766610757052675,26.38077135778567,81.44157358971698,36.48551378216612,39.09845559861045,35.22162302160115,69.16422573614226,56.43432425581739,48.21502503244097,37.73675570277621,52.17556210986671,59.78143594775116,41.88538325930437,11.000527750390708,33.3119376199689,48.569720330777024,56.26605035632121,68.5921589322087,62.723043067515405,31.377667510237487,35.967396939024255,84.86142013370898,46.73010690736061,37.98559187634077,5.312270361705318,18.34575360782523,41.59918979152805,111.77537090969545,47.59113815723229,63.988486710228386,35.42979809534695,16.59363958538774,26.121527897235268,16.964390235382364,23.853187830856385,39.82898120811216,56.90134408242055,29.869527994723583,32.46672953149965,39.57708664302131,11.314992679152443,56.47663700299367,62.79727808526343,66.31307834249299,40.34621660621231,39.333333333333336,20.0,806.4890741426289,98.3675916685429,110.37855678626944,16.709060600607657,4037.8460407055295,2247.987963318324,8469.30474625758,147.8499539698572,0.27365693464783675,4.608130879404806,8.198727451416675,1.0
1.2126596023639043e-13,555.3689502619476,472.1797514992634,92.8249381252046,658.079580857222,459.1490647704467,500.5243018134914,227.9487333116147,102.73847465349894,186.0788792221156,377.3831070377739,75.4693012988579,147.7495848335364,253.58852321946287,334.8083825522047,195.95800944707733,336.2043279283214,171.6863763519154,116.24689058758896,284.35589868734144,211.72964215445012,84.69568731976432,96.06486002033022,148.65575057653908,12.829943116322491,108.64123789320844,42.95353897612492,119.6447425916154,222.6516660491367,85.71025608919379,95.59980918169688,107.18988938177185,65.47064211761791,102.20917220518626,92.5270170880847,121.30445327091954,86.97865372483881,89.46371978849874,17.17255392199858,63.535530861475934,19.327617728060112,87.98778395537971,103.28189774063947,96.82815093255735,29.827384776720876,67.94410156722418,144.02047134157414,119.07733606407099,151.10314312855417,39.076014838721,155.99339017335888,44.069992012838036,84.45016062957207,100.05406175267598,84.18899192090551,52.607901450417685,201.57808423706865,109.59292187060538,37.066288988653206,129.25436350698538,829.5136721439633,162.97872393962126,59.304030048583726,11.942235165456651,52.869151547704405,44.54200040558202,54.298365068188446,132.5465429878987,70.26321357325612,58.766499274685096,75.75049494674074,30.41943863061914,54.039479768620204,66.68362730634763,92.06993663827282,45.192133042033866,79.74231829910694,3.7583840615567143,55.97969099213215,72.7835538842053,33.73167831588947,81.10950258851668,20.739120621818962,97.78944658435867,50.12882797565833,38.03698692446718,45.855580421731986,123.96732444330138,55.877777597419254,94.49857957441615,47.39358648571244,34.06860022204009,24.42095210142556,102.83061344370054,78.35300383512605,73.41814614495063,25.692331287123924,54.63830412358472,39.28930636218113,88.15428165567155,38.771352539958905,57.94800913346576,11.497438515351497,146.07582217800103,39.28478068029844,32.827981988238584,27.423121286821477,71.57275995834149,41.038565395203044,28.473214203307794,15.306678542933167,71.7648315362254,51.60218081088662,66.89537014594507,64.06636148602587,24.30446803443555,28.3327290595744,15.625637225062015,45.36861789030561,25.878760989084096,39.38088867590239,72.76939576640049,83.34913554817314,79.24642551052449,13.91334205530118,64.79695882891215,63.94283423317418,40.41885063702669,21.216459217221644,27.649775082797387,39.6447946259572,33.977651500366356,124.86325108110907,36.18166572171197,88.25533810498378,25.639532733382744,4.084422744221604,21.44796885887489,17.853714308058674,16.050330490980233,45.485554894931504,44.12800819828266,62.20268861626839,17.58938462427692,10.849251333956676,22.116585180618774,54.6534448440265,49.516990475330644,97.96801785752932,85.04405986604633,18.26666666666667,20.0,829.5136721439633,99.80467609146929,119.85435961685245,16.22174596122462,4443.891573456641,2238.02882778893,8288.781012474821,155.9680765057032,0.29683923622869735,4.555906895722096,8.311370815769475,1.0
2.728484105318785e-13,350.28062906184493,695.9418061844005,514.3764824615034,433.49550031846155,402.4957226794926,553.4683628576602,262.0744096859543,49.70076134228666,245.77191188679453,379.4737485076893,120.08240152393086,73.65903649444445,194.2481220810562,259.4470351476818,248.75080092783685,303.2901504830351,115.95648374946055,186.8957384221798,133.01794338921843,130.01917240883802,80.18323420379602,93.30785659519103,69.04665549100687,48.37471425004093,44.48444227035531,112.92289416747464,64.3669345848116,326.1697299927887,71.41910288995668,98.26075707147533,75.61503824023256,30.656785479488512,142.11290322281758,74.31797614844764,89.88410318737122,55.0708533175062,58.304649918771744,102.47512396073348,134.14357003619313,19.235129084194092,133.62266157326127,64.27021308151376,101.1927752713095,76.90469905639279,42.982276060309005,129.05231948883147,46.752888260579184,68.91662918010111,59.67135256058634,85.9851149909099,97.88946219516308,25.12115120972262,114.530032868376,93.83250508412773,50.07835357212956,110.9230406187089,55.011565539522806,112.21582479574614,32.022049377784,800.8263887724216,41.88632817644467,12.568159007714874,14.769457044187613,69.74066944626105,48.27874820792395,11.831325162012456,145.60395363969184,84.54205021377845,64.35362636505911,52.47563847101813,93.63281547848574,66.44193822977003,34.8131954544172,60.76831921852908,62.273661277372234,13.50879139128124,73.09192114773155,31.270430167429943,86.57336301592207,87.93485802246188,116.48180865328813,46.97393137942083,62.916606701062804,89.66632519283226,32.54577317038595,63.52237752545675,47.15603896800826,67.0786431057152,35.99120499939386,98.109537749998,90.34394986247479,108.4687381456582,80.65272413950157,74.75700547863441,62.17006776111696,31.652902313756123,15.728303692940697,72.73740778834312,95.73007501824836,27.353488503906284,79.81254149322085,22.384352797192385,110.77051356299457,73.00102731999986,49.26257500564873,44.64713514242064,50.24216603622156,47.41694476029859,23.392467738692602,39.07700979058552,109.29177999681825,32.95716292426019,92.10503760955648,73.94848387478733,35.167134234484195,51.990986027911546,61.69876203590285,62.45959407229185,33.57974957263443,37.8628158421951,103.17351653209647,56.96557860433931,73.70280709865634,18.534428880547523,34.7866666076703,32.17696449527977,41.25172434912247,43.719674505912266,69.83268761725014,12.361947876340206,67.0659047288573,67.98158040788906,64.78875679893642,43.63085348376877,31.267972922662466,41.94981077732328,71.24267555079993,38.49338067484952,10.843362016071463,48.783476526657374,29.849924800036426,41.80363443959966,46.02515439906042,41.31269874350635,2.6793797487996303,62.19962673812378,25.764599463726547,41.546324376683245,125.99259369604256,40.8,20.0,800.8263887724216,98.55061388846856,117.80742615710417,16.720324886358448,4534.515930233202,2028.2058538259903,8219.87029921109,153.59301141508868,0.3067470105844964,4.577098162371554,8.126041606181477,1.0
0.0,574.3865381914665,439.2584341916202,759.5803066535036,496.405042213996,74.3301888886562,463.7867437591906,203.4314207076681,334.2714370348251,214.65011997859852,339.3702046812859,302.4921759561145,310.503498333586,161.05919650919233,294.12600417365445,233.89498556973993,247.74955105226454,164.29964852596837,70.50346756436554,100.25495323910748,44.23731966060725,86.53362525889295,135.5448297778027,33.250158636996076,92.5818686110284,93.90560505957787,10.589379530911149,145.98814103573798,376.2363536961113,50.334363680042884,151.9638393028327,45.64561228947539,125.06036886445598,32.454387468058506,16.91578705915467,63.34083503452539,60.617273423305534,121.4150752875779,124.61413093610392,93.8711355199838,70.16864340945321,121.55774719391229,88.80326343469547,141.6688268028799,107.94077142268479,20.534223916314858,31.603360200382433,73.40784343943602,62.94707779363162,53.408819264946544,127.78627991037746,138.20215707527916,101.81973267029036,126.19733866190543,126.81949634685127,130.16362122288572,92.93308356903103,20.64772155116545,36.57344485978842,159.8984107677467,898.3165366469898,103.33443838628054,69.60860268212116,34.04446193029833,73.53752397668815,39.401383209340096,22.099052764340183,85.26283347493927,54.557664590946366,29.792700039277683,64.50175895924998,126.02916909512066,43.15892996716102,67.94120147472503,73.85634309949393,107.23656092956358,50.65034320756301,57.663632211362895,106.12430744420591,71.08842278406894,118.45443812622443,66.23663743827616,31.989061230421058,20.35087160672447,116.85479612472021,79.07837974103873,45.5641662922702,57.55540707792552,29.57173239945587,30.14371297805729,82.41318927553456,95.97890524536803,60.65861966574368,31.604276509673323,13.014115756502209,18.66057906845516,18.540925388897904,24.220960056351434,76.36240193176846,106.0939172146613,21.357902518739987,93.65278360374687,34.32610221614048,90.0243326039085,52.12048827590047,90.12788995328057,53.21364873178186,53.68073807197982,11.98909775886257,20.080272099668438,2.405928815829942,76.54291275658845,103.35647970734767,36.74860430623125,34.179942168390795,43.91364171428763,77.45451339154229,39.17407461350016,70.67504510042625,25.873593576522484,59.24731581263411,66.58096777229694,61.73181316815622,68.64246545350416,16.580930512613723,55.14082581652109,12.905683164093515,18.92708401289757,36.391449740252064,99.38614924322975,43.101932091912516,42.98295005137546,61.13593743242471,60.48454567773738,30.804441275636268,34.66872339170723,102.31362000085048,22.33108111127428,36.087901428045306,12.864599649255862,20.163399392916773,44.111826023729876,57.96827052030197,37.11428681270369,49.611026595133936,34.30228627614443,21.991787009549974,28.231170473403438,16.858349782413892,91.48020827949856,75.60000000000001,20.0,898.3165366469898,101.83153233886895,127.43894049642451,16.14150271387477,4967.651311273358,1885.9042508991542,8421.17428865783,163.12677442202227,0.325220240212845,4.5334480025274235,8.821595001218533,1.0
1.4779288903810084e-13,87.42862949564604,470.35332327170886,596.1506562543016,554.1814211660031,233.2724502939685,198.51599394658655,108.36940740440352,298.85460162402194,98.16794900817223,362.9077504921159,336.85257084835763,303.75766274636413,85.48029103552437,144.9570983955101,239.68143616223412,109.59583838110584,139.32172324421563,64.99508224144832,283.9375046074212,193.21124783086955,202.74922792713392,86.9271223801355,89.09904377381699,59.80822670683565,232.85758814898915,122.17005254935565,128.02206662088383,290.07126599169965,95.34618327561694,121.72965455227364,69.55791257269334,53.668300023846555,95.38020068377162,39.379088380446085,103.37196872656891,149.10795765126954,200.68159075360325,96.32558547732853,95.49003866977924,61.95042541701987,153.45170370276887,15.800845579642013,125.2267654715867,143.43619577195457,24.35479480722433,57.465650177301406,37.65306528693293,36.536704847842856,46.24588965894315,34.595825053192605,68.59736248925256,178.32869854217523,185.09115020158558,100.97242300988884,110.1179957240754,70.3965531096852,100.79848882951748,20.05950238311238,141.00945521165016,944.9810239327387,107.86393591822747,131.6868448150184,25.025932657490614,32.77751377261859,25.40356088084462,29.564222020713853,71.39441657383696,24.977607657753307,36.152162878372025,97.44548778615322,70.16704317025702,79.60291493417809,103.67099531559435,34.405475248364745,127.73924829728551,91.09315513669522,11.652947313112998,139.95607956123013,52.88880060715055,117.52615570032505,12.583520315119458,48.550311230014735,5.468917385904598,99.6970482035289,71.87660198940632,42.18543868219707,73.86081803601886,19.005305999319084,76.6888857408848,64.68788382452517,61.37243295291172,66.3060245648519,68.84001615147648,39.79261434268817,19.174686929340645,2.8290998555770743,40.430832277944965,107.91691161197753,55.15279958549187,61.7372208999113,70.11463648808812,86.34199382751086,67.21854766613178,56.439139833219514,17.252478358395656,73.1284876099428,69.49218911377096,16.336293253809792,21.745561539842434,27.00433162441454,83.18553275931434,34.24223021825461,99.02695340570871,35.47477974028324,95.15596776148124,50.659023157606214,50.46457342777569,64.9565226172228,84.6004220239437,31.27316859065742,70.93863453633337,26.986166673551473,44.31194756554389,28.910748470510597,16.262064830361282,59.787880441990346,60.931508984093114,16.472605373814034,93.7034610846262,84.47782651054114,30.85817230681734,18.26177318490741,61.34036208504878,23.19382157341625,39.88734981363825,111.99831845892676,52.62667737535804,39.63982391611971,17.299728723473017,12.664434265225118,54.66430637852546,54.46848609351176,25.595398331179368,37.541732893848106,15.742442816547811,35.370214045309055,59.72303817599878,59.093594845842674,14.759056411630658,9.733333333333341,20.0,944.9810239327387,98.39543897243885,116.45071437440802,16.86558990584491,3879.249805982685,2337.7936098417617,8542.272430041383,152.45468601813752,0.26283398542956754,4.577616438162886,9.60391084994736,1.0
7.389644451905042e-14,167.87872737550398,229.45435734110333,242.94829521921784,583.9779536919356,62.604431422720396,240.39959149363006,235.7597109480511,183.3893713287748,133.8348800746674,392.62327729997264,350.1832798394296,164.55485114656676,208.06794584756187,200.1598157173072,259.1302863173899,168.5645735407823,197.36790000537712,46.45811299661655,404.1354342931981,78.01978702757171,193.64933714991562,133.3928057833663,194.62832258757444,35.25412953685345,242.41028733856695,196.43344157309468,111.67930310539654,111.36731593620522,230.26558359042141,144.67121209490446,15.584599444395064,64.88962679289956,90.88496474272745,183.56720151612626,58.73775087625489,232.50193051726404,125.6383604673631,42.862543520684156,126.48202607800684,195.98661996657526,129.93728393994616,141.9359227508344,181.49411451541232,68.83518403323379,77.7028573095348,56.62189246124146,18.938976775675243,56.50815029365876,61.13823320215508,8.450641001328476,73.43934304719906,201.84297427291813,161.39945831466636,150.97454742033864,113.35100848845309,62.967060830352786,141.42962930876627,89.47445045193872,266.4364389354011,908.9785007857524,108.51811280409187,29.391786774598625,43.222915565228035,36.025332617566626,45.15265940380368,48.222379924008145,54.7966329839858,33.19084177711448,26.782955126283525,109.10631860902292,11.669184341001497,75.39072364408288,66.21805646403206,33.044022703556564,75.82447567316977,37.677471079734126,8.443787930953087,118.81031796766871,97.99387423330069,42.624214538908454,71.75889888640823,44.483444964699046,14.729784348098887,49.36000936572674,66.62381914112544,62.796159708998935,64.8994419249474,43.91514719152881,68.08912057801638,34.86303919772747,40.33866310324531,42.08630817550838,43.69818904374785,74.69715420108726,67.52461195029004,9.661228425550592,74.57945415231035,54.35401711186556,14.17158927567338,50.39382678243215,42.3202898898805,55.38135469989516,62.27012344607366,62.05636578726227,79.0106803087946,3.700951715589611,121.11468461251692,28.08806488083956,21.798498011512063,36.45353525750994,74.07525179000372,23.247972506423476,53.553236041680215,70.28566229932446,71.14218135751665,73.17824108051532,27.419474800433967,26.27903787234522,41.57624258378214,76.66206216866928,52.699890741517166,27.844812094194683,67.16350140969072,59.99737003026243,16.562049430016458,57.13909392389007,78.14809606654002,17.67820743705687,81.32392624142561,55.60984940877739,50.18794477326462,12.01841065928747,67.74091422655908,5.466815612583207,21.683320997403307,96.57719442623673,54.599102169819474,56.899746548914536,54.56538753734052,62.01161687826993,14.075452447758503,42.220973212446786,19.39009019348268,15.31420273387566,28.15560715072369,45.612464513150684,26.68726390560724,49.955332599613996,36.38299007398806,26.799999999999983,20.0,908.9785007857524,97.98341415953432,108.85117669625669,16.889533405728884,3395.836488746443,2602.7566207823306,8698.919014401374,146.45589137524829,0.23104838833352082,4.60407108163489,9.276860870614028,1.0
7.579122514774402e-14,75.48184268298859,361.1005623231054,254.17889629734876,128.10643366714564,250.70631112789613,364.49119313551563,182.3412721784038,142.5460630867865,189.07408988909953,38.473519703176,274.5105666130381,187.4992109260146,151.99682999668246,108.42785118410534,274.94538083748773,71.27881140874874,360.41244473618497,299.9215567637946,140.35655553680124,362.41650156202525,371.45068764289823,106.3226474414406,127.16740559173978,54.77806750703428,124.37733342264139,145.8103509424298,241.266010061692,59.37309551204778,176.2861460918592,115.54061440322522,56.10258709024399,107.43735322303151,57.608641411940766,157.30814037025152,81.59894165780719,265.9927223814935,111.69695811713892,33.01010674563128,125.88522438454375,205.73713454299198,123.27029573451887,71.92697939511342,119.55805139142458,59.36378052930252,79.46690249499527,30.045332048364592,37.65517924075316,96.54194914056319,18.30206528498192,67.34600540822336,55.45347073871404,130.98366478831898,114.23861337665691,74.27199086956254,14.019090070895732,120.43984995077835,139.12645392528657,101.45322292394025,145.84873439459466,809.6837415881989,107.49371202346674,56.685571172761335,72.73615908059662,63.02989483106204,56.287032109204276,40.32854265060016,37.1363214763111,57.75480714064916,94.64906039881244,80.98328209535092,53.81327977437411,37.75596139442479,42.4216989779747,12.238391211652377,90.45318003131668,65.46932112751237,51.67222265867966,83.28833237932359,120.37515912358458,29.785907703079562,99.71576948555985,29.13768431097877,9.725870157883069,22.126025554828246,11.9237494039446,40.1290599504555,41.223640405228124,22.895950812799533,50.89130337248508,89.0056788512378,10.988934620089875,65.89272024629761,23.57463940740424,92.55044756830799,59.136864916629406,54.43194692313906,15.624649171578127,36.86775907895131,73.11584161271342,49.836532784695194,34.868242804269336,31.559517561822634,1.5682248375648924,119.53427712273465,43.23304058291665,21.31294533548093,104.93665254431063,64.03268967301548,82.18987451537772,76.89982332533403,86.97130468846133,37.92224883040366,21.18008702989487,12.605009057018254,26.669186663341478,122.17902271585743,15.723254426361237,16.297641739624197,33.67439287169679,38.95899192970707,94.1013472717849,54.5101829866455,40.3466982690657,65.90294725789664,51.410710488139735,33.975330942250224,108.26449093120596,10.399486880806094,71.43754870441278,49.97228262549265,42.981959032920834,12.440403400944644,83.92293115591387,20.78514579598551,24.56324827736903,67.8081951301992,103.34986249438118,30.55949880268161,63.29359780295909,57.80876049620153,30.65681815817664,8.053675642782643,27.275197719566172,27.10527040464743,10.061973046572088,48.70976903899367,37.09007716579181,71.0474425142461,51.00507788814629,107.33333333333334,20.0,809.6837415881989,93.35769355602848,98.00651566685728,17.59234829920423,2708.9346428113067,2916.1629950588263,8378.556395534139,135.35485236687774,0.1934448420640372,4.631042496810367,8.67291929295863,1.0
2.5390060424494247e-13,547.4319303862972,487.34102019539563,218.69964875944586,136.82534487128336,87.59188769185621,280.2564773858088,296.2600458281837,237.67327258742586,129.63740183429368,101.23615566084835,353.526505430234,218.4226585820197,132.15504288953053,50.902969425081615,183.9109608061982,83.12923774545428,315.8297239399808,312.99143806191216,185.9733408357132,254.662486039596,369.9575637278628,98.3814841029171,56.67353306831114,233.204085664785,121.0719847460108,118.7050560265603,238.53762929645868,105.63615604612444,230.36239118095367,56.13857852801636,17.990139407144035,118.92295957635305,47.049061988124706,141.6684272140373,196.8925818579824,155.61381939337625,176.729317656571,3.8281597570598724,148.7483765666138,174.56690528281507,84.04533364279854,178.11687172014672,73.28834538926233,47.15145826262359,97.70373492752917,43.5817853584315,76.63547233159312,69.02995027266886,24.743009808641247,38.98330126833511,76.43256889677946,128.46391937222361,92.23811755389352,133.37619599967658,91.91004984511108,62.18117695832508,73.03600238256541,128.06084648698965,40.682833450008964,806.5904197700708,116.08518769871284,23.763566761195946,35.05739757930097,98.42079661361524,52.582739096312565,28.44410576527875,44.289390145677,117.4944651222639,33.67757276407966,91.0247721999169,55.80302314460238,0.18877451120185118,81.79321843829926,27.8462918378807,86.44217077843945,86.53969380230983,39.30321730792041,92.84463446141834,66.73624596111767,97.94026505943394,94.38750463462755,31.866920003628504,51.43454397305767,41.128968987154444,49.182394719426,59.99511622041251,59.20447368015545,67.06388282899444,40.37099741584928,79.61584153342825,45.374109495311885,37.5821090206303,16.287367139150778,64.88190764322769,63.921902859374676,39.80706845063398,54.654041817843584,60.984437649496854,46.38034223022327,18.292925165514426,29.99048216982159,35.32486877697598,63.34806847480137,63.77111120713211,43.49218638128187,64.91189669681494,129.20840346515573,55.35855393602485,48.20268555379307,81.78583866107846,88.83683018950373,94.47936928035273,50.67092967949145,53.63185336717032,56.72215208952569,52.86334754684453,30.963405516221734,19.114617130447765,75.84128546157439,51.889468655627766,45.61747781540336,68.80750782164851,21.36199220268245,39.48528105070165,58.377098427147246,41.371234077779604,83.4817275391582,5.622344984714057,68.93726829061673,50.86845130904698,13.487338376293147,54.83186218833758,20.0904405843077,80.32475969125215,39.663971341132914,89.57240516801565,68.72957838259636,13.530143933212763,72.69618103084989,53.12792149123566,31.159552103079776,22.59698143410929,23.286955439985842,22.832285069450453,10.495792700713078,53.215446647676316,40.65242493693984,42.17582631210145,73.09018606756777,106.66666666666669,20.0,806.5904197700708,97.97763997055662,104.25903562878584,17.219849058558946,3277.9603615277047,2909.027071288839,8509.65856276695,143.07188558359204,0.22304139070321,4.6329333222660525,8.232392819550055,1.0
1.8189894035458566e-13,725.4058014463546,420.1240847336172,230.7111284646012,207.73781178771742,102.30179863624147,271.65854573094606,419.53254853978933,99.77594063751303,30.488072348164437,124.0965676690825,227.25541748069878,461.65715640966414,181.92621385414012,82.14937669420473,154.26828835518538,164.92442182169884,166.86540156909874,138.88930735001438,400.44889966877776,321.44553620992644,243.6597651716424,274.1585595757889,167.12122533239773,102.20872812461239,162.68048214760336,175.72461009961867,113.54003690574565,265.3015135794757,48.49971137275723,74.23183490711725,34.82091935813787,156.63079194071634,8.992315791194217,217.2200119816585,84.213265122693,123.50434643586995,249.9076829473779,70.21288693283574,7.10772378590666,92.21296113596057,53.676914527580024,87.85946327094146,171.56956747085712,51.865776541342825,80.39144162099532,96.71706837802043,29.463312985910637,116.99451343758817,31.928587261827168,28.02570248896537,144.63026615443866,35.143615156057244,24.26168584931203,85.30722948079786,48.18559504199837,66.06094809340559,61.66837022630885,88.6703021829739,77.07993170596963,852.6054701842169,93.17603080350034,119.81036908734455,55.93665519551445,104.84738324326786,60.19793381052132,37.331010958056375,21.56043153909037,89.68491423499948,70.56675832518363,77.67986921120495,68.9631456181242,44.82440638061054,82.00625055662135,67.76232647507486,13.610453498853168,31.11379403808431,61.415513525566254,95.99352935450818,21.00241605499514,161.0247291839659,33.98406262241457,26.285144369519912,87.02049434142,83.30876273909469,93.0476379343243,54.03490434789346,85.73427413255777,56.62817097547071,59.43305963112565,100.91051711343214,36.28563314954482,46.44879430800452,25.976772088447255,60.73293016235969,117.62847567472355,37.713788304128386,22.190446064816864,50.360493846118864,61.972446526968,59.648302574339866,66.16318317152152,52.180213596138934,29.838363042007956,5.562389737576354,91.33462804506074,28.93444930601451,89.02668360064446,58.99405269062284,53.78595152674134,55.690174656085254,122.37089682899489,78.3111836197289,56.243719308385465,64.92418408247937,88.58475474081914,58.60755655127991,89.72698971290595,75.96812427131636,48.25351378838658,69.22851845523013,29.66069189721996,66.57444707086513,70.34872190137264,42.205915363054565,30.50775230077667,23.70892287156003,40.84593343775631,64.66817486706661,27.29353694660286,33.301648824243095,19.357644626266573,92.99895545660613,36.58289530756386,45.35342167977588,43.5987683023895,55.503427724322094,72.74443322550228,54.44414086457662,45.7061268408612,55.26570441897567,43.51556429777706,46.26344924040227,37.6207479078643,52.686867674293005,65.28386446227076,41.71303715361692,47.02166435554907,49.35320099637756,108.11191141008646,53.6,20.0,852.6054701842169,101.28761058850255,113.98428910816655,17.439994634462334,3584.8204644327357,2899.7364872843436,8708.584636558304,152.48474750683175,0.23594991487469308,4.618293817542741,8.417667918419616,1.0
6.063298011819522e-14,733.270492776595,396.6092791684737,150.50954122000473,151.06633998330554,127.59413699153122,220.1509751847431,341.64900438351,192.0960033862568,206.7775662827053,367.0765625074041,52.83065109924693,168.82117744704374,330.29870490304984,205.3101563920394,122.40857922644359,218.97026879443285,124.8817705746579,113.19492103043201,157.55487627096576,38.73247398841082,317.62086171239287,196.42115738241287,184.1382959801192,112.35092053058071,165.425803433115,192.7264835582369,72.90143704924999,217.2552006222108,49.78844105876918,142.80506956424776,114.14920533964991,171.17416701778043,72.22674013252993,212.1540514411815,210.41982055281818,113.89856582859744,123.2650668812601,96.07314349858628,17.186984041877345,25.643371569776875,30.100907313973714,90.47717484753102,137.1159596869523,74.31505958944705,85.16146140938298,80.08164731031695,53.402477624000404,72.75210333796139,92.91949177600195,98.215092752817,146.83592341811124,30.10519349383288,75.41419445592769,138.75025269622756,88.60182003932921,61.80316110689851,156.16369328882115,43.590703748217436,122.8045172307416,860.4957365415157,279.716681305558,175.8885356744869,35.90010927814284,53.51351454552446,104.8087037699812,64.12950240144542,59.05274796218862,106.38944656416004,96.38133151615702,74.33784020942413,79.98356602982506,21.524322430018422,51.85686461014967,97.53909913567222,10.828768268931707,52.58832574749068,48.117692982969956,55.92518937564975,60.82803507064784,86.7953972188864,83.74251417365615,40.78160740449033,64.76143706246107,73.59201555800007,110.59290880042141,62.03324404718195,75.32914413039195,42.34421570648473,47.979707328657966,93.51121677267345,32.0048346576569,48.757696984022694,14.727041382430157,39.538057088664694,93.6343179055979,94.6568492559251,63.231188662858926,10.55047412521647,25.82928086590521,19.52001821492775,110.8330230462104,70.28498665843276,19.11094853663281,59.60968613689676,20.776062588479384,73.4542593968915,40.892428448152785,71.75460792387581,58.366367977503224,48.745577925034105,80.97835137756621,71.1097983387696,12.489958537912083,64.29923290906602,73.71121433870651,67.3703284024687,80.4123242938379,90.47657700284921,47.408173683271606,62.52688892243768,36.689953417589216,58.26389070065901,70.48026824100202,32.77670457675292,21.69181111893394,13.040795335239403,55.38833315690865,41.06006147724963,30.07156009980016,36.32128643020338,28.472263976179455,81.65662108601606,60.2569203435878,8.039749436127444,23.713156243625242,69.87199535139284,98.4523465863304,8.375090754544471,16.369460300752262,39.3684416393307,44.93501675243229,53.495376240184875,46.907557679127024,66.91105966722895,18.249611990647484,96.71669596378939,59.567103702845,25.833097084132813,98.60178572775673,15.466666666666669,20.0,860.4957365415157,100.6760917526108,108.85961241932917,17.367723611761637,3644.060591725909,2284.37149121243,9172.981679953282,148.27707397526657,0.24130592333549464,4.639751982455373,8.54717064957183,1.0
1.5158245029548803e-13,681.0864698571404,544.209453984435,488.63557264398514,477.89725672100496,142.26872352668136,379.05023115618354,122.10210883196794,252.3583888404988,184.42270576596223,495.58926905409555,59.33565659900224,154.7289198923717,368.1311423884113,125.16591365969325,130.9772788717093,369.5208097395679,308.5891499706685,218.86379585631403,64.01804931806382,131.55686977970038,202.47644503880377,173.13930869778645,271.3262606353735,49.45581823933952,124.75464853613262,53.33860411617074,184.61025772423966,116.6358277960383,93.28337496044428,90.22583002155255,44.49881884062399,210.6181641136786,57.43161532185457,147.48840632304106,297.70743071945384,73.4830681900616,32.003319026877335,135.78347393318185,91.2188468245507,82.23214023807071,28.166474696750107,76.19458454246994,94.95012904152466,114.16596842575574,42.97651187023233,100.92832424016783,81.72035161448784,62.59462877631992,87.61224098233097,112.62784340966094,47.10146623373792,74.70754620239424,107.75568894816425,102.06825131212304,90.59751184349642,188.32626926449478,134.2355849138016,87.43424622644585,38.680965680537234,822.3502778181784,265.8245225248536,172.15954195715608,45.73354489957655,48.253338964787524,76.43118409144657,73.69781991969144,59.98843258892131,74.48221508121848,84.23636291897824,88.33075466557965,33.13109603816464,86.98322714619908,26.226321439259337,91.73627842145027,36.614508356964485,46.70908128718835,81.73594211944696,71.04303642668671,106.15149969433963,27.459407777032325,79.00020739496546,57.480575261296224,13.18544410758526,155.80753439575855,50.37356193275891,37.26758848679271,85.08020475187922,58.11530517531513,64.76489698753713,72.73007659398105,11.316775730350647,40.48293203104344,56.51025920349363,70.7866211467644,89.69391243555904,148.83187142092825,26.79132828966631,52.15644589534183,27.747429749447512,67.36421733960678,41.15707694637915,127.2887544844552,21.168329687929237,22.056536640283436,46.475221863614344,52.732546306911445,31.080080190350216,79.9579806250016,1.7348745798146772,24.69732658494138,73.24823328201035,62.339402782259,52.63741250531478,40.852028121315044,84.61071342035879,35.591774084311744,78.3963210649066,79.10670121531201,25.16045767859101,115.47052781808476,41.59537069540036,54.01568639225614,57.73962968967396,32.044602065920756,31.12258739892625,34.78229632112891,46.98132591872783,14.476901194215635,23.10146767990359,54.91416144385792,56.42461079577855,49.92898773079584,30.925957210990887,45.01311208252269,30.369265157800065,103.69295339465408,73.04550013539561,52.386301191897786,24.199477340855616,43.69130914280704,48.18151484938156,28.8952453950159,45.52179461531252,57.10390982750984,15.221731768448958,80.70679032321662,45.186483948550915,39.19078901608159,116.93380525564461,31.733333333333334,20.0,822.3502778181784,107.28479198429982,122.52908837404453,16.464487094417883,4474.981812921434,2492.546499280353,9125.190485443183,162.86007518384883,0.2780749399272613,4.5898502345728724,7.665115088618731,1.0
1.8947806286936004e-14,702.0846962280143,756.9425290754061,358.5440514579142,150.22864567174358,420.64195508761213,313.6888906454308,184.56118998161247,210.26263361075047,146.63753643360928,483.35592198258234,74.350217083143,23.48270170712897,254.28696669915112,149.34670167033372,123.39805814973406,394.02609175553823,351.73794487249864,193.26091669056237,99.28409750731433,108.35744884697304,134.02691316652746,154.3758691822541,193.65217542174474,123.48872409604638,58.049332960466906,129.70699109714047,165.44322444531647,53.55045949321137,118.113377225491,135.5586489540477,120.54665566243288,235.76112321826898,112.91325711587612,162.2289415568589,178.9489764713072,118.46213299581946,229.6473780997499,113.3941950140205,88.02301811357773,91.53315385843946,152.37213132540097,192.5139025940442,5.930983791190388,129.35516927386104,91.15138212483247,104.12460460770687,48.36713800718893,89.45778471835631,100.28991821509263,73.0468342914325,50.41010551075921,92.58728685719157,76.68262940204791,174.9206724349159,148.62765906315184,164.19812550950056,109.41936510830126,110.81674662264732,206.40137993549732,837.768188640483,215.2817403612926,25.423509432134512,146.0365768120906,127.41338518958003,145.9622173550377,121.2633530607684,32.30281216140678,58.47632223938257,77.13154258411751,128.4897174496944,78.9760867864903,58.42218441921588,10.511322782354156,75.22827204015994,45.48249968699806,34.87454978745183,41.63989792117674,104.67035922031837,125.49975962668776,47.793062335437575,24.587657811765883,83.32644368488458,30.542460439211983,106.09273669950342,47.38082526182598,44.92948340663297,95.04010042692165,28.07771905374258,10.688714330228885,50.190696618861665,17.856238822331335,76.95175234656398,94.78216706304946,105.34857708797902,32.487708168802286,91.66045468076845,61.148715257087154,40.9738737374887,24.932712653476056,95.94507688140011,29.915723912676086,160.1578488832284,69.51706623610208,64.9417834023872,38.26596014893265,30.908529216097598,30.14910642344123,48.71656291610765,19.338624368242773,29.241932948156347,62.30351128285528,56.858708937277605,21.612251472561024,14.567176141589435,28.11510977372268,49.05985812910326,37.92169496189096,44.16900257816842,68.40668837749304,84.5818991132243,6.692058225992467,39.68661552844137,55.70111070130839,56.57786315039398,81.7202779714664,24.20922461587679,49.764781075096984,32.820661928228375,30.301839241863163,40.77067432425352,44.271529806464116,19.810131808543385,30.240119271171256,23.231608505085646,92.40408220864084,19.79890834805875,40.045664620289585,67.8716820162605,55.63974703011152,25.739709810879834,24.619734594003297,14.979032061284771,20.406753967325578,44.88094394270418,70.57501676001459,44.962022690882975,29.198150206425545,65.883311126432,108.05073711621212,62.40000000000001,20.0,837.768188640483,109.00114712600363,124.35178129162647,16.27003185117401,4228.414637334432,2400.4716249108196,9721.285806655293,165.3620742044112,0.2586159105552929,4.5910903599339115,7.685865798018034,1.0
9.852859269206723e-14,792.25771073099,843.35086664066,302.54140078765863,53.61974556569051,379.6913844110653,279.3585318893847,120.790435595714,247.806406330329,241.92348476114415,236.11357590419158,122.83082158454286,70.50335977466115,177.09330368366497,115.42839499702711,250.9707161660958,268.39833654365276,326.73231058271097,171.75723010609275,36.70602305316512,224.0923343368761,45.87050546044524,205.74107720160814,110.27102099213784,56.37159880183293,15.937835051179734,229.9599019794928,102.61260538155865,138.99444771991236,10.181207723645338,78.4103349914595,199.78545363348442,172.0127705473375,120.82098066386817,128.46247738907064,51.60721506967842,53.966246043591106,293.2471970649509,117.3346591576763,114.9719922231389,139.82052177338508,200.1410855567218,97.40553106770791,100.03123214876365,91.01780872747585,78.17568701047058,167.656254253241,129.3885346951642,24.47319875153802,20.784478968500416,89.87705182327936,30.604901252917504,89.19221157127399,55.010069253865026,207.397697760277,83.57228525262192,90.11670331063199,153.88545888321357,100.67335012587145,231.1477559747845,926.0808796521233,184.6702085723965,68.15297264363093,163.05422955665426,62.16529969382449,84.03478619199247,122.36126318697502,46.33644300795549,56.497299828505554,61.97652782746698,126.42706291099768,7.883347626952535,136.7417782081225,98.16470616595456,57.34443720703338,24.763054918343368,52.872100545661446,18.57061702415135,128.62709911595948,124.3081723875566,36.38458786266334,64.87711518829605,131.22550204996247,104.0021673005094,61.33433811145923,57.275355706538235,64.04148818167258,48.33904675442326,94.17061121144019,26.236045668684188,54.31232139594105,22.024122868085357,54.02142452248121,124.21064458190943,101.21686399716808,52.4222049581142,81.26550215252415,57.58097949575234,61.72693651058191,34.89835016717314,74.01297183602347,38.388201430325026,123.26740784503667,85.29868484672954,108.89753205636714,72.96314337323282,12.340514204587045,52.934680215840906,21.441020096965374,30.778634971984218,34.70012013125488,50.47887006581669,66.55971634526023,6.928531379029975,43.65620868736496,45.87569896777137,33.28927849981057,57.25457109929113,37.765212985353344,16.23919093100405,97.796522935662,5.128412166637294,48.74255330068919,65.58239373338124,61.61244234715508,62.52319456270476,39.83058710741025,56.189899514293046,20.040735460612026,29.094371262264342,16.840916782896215,35.2172153958281,43.3563903307487,67.5914665394525,54.512141627307535,111.25950230057023,24.703064524126038,42.1590482130107,52.734521334195286,51.39253234440915,17.49095746311951,22.941659177369694,12.873830626420965,22.619048846045295,24.58164879660501,29.379696199296028,45.9448871968702,45.390842291525566,45.34570799247515,80.23561868491667,58.26666666666665,20.0,926.0808796521233,106.50629519569627,129.14996102142408,16.740964726843576,3983.309422656724,2194.597151100407,9798.037705597311,167.40162289580155,0.24933170478093844,4.5717521573941715,8.695081149433733,1.0
3.088492424770569e-13,272.29958897666995,188.63731712856094,412.72672248808595,463.8530884344565,243.21566029239722,45.85348320251989,288.90883273626963,304.23295449213316,175.12660877690132,57.55402943929024,153.00098630860643,152.54702122492833,248.97959084600905,61.33753530733307,197.5776594463776,85.71618371642711,85.79834886214407,176.8261061875806,213.50022226802304,87.23686576236075,189.5149289190846,236.73926750344052,62.71614439719937,85.76529018695976,86.79278383860192,134.33519975989952,69.9263374233434,252.16628339959667,105.92464721728436,115.59315369464633,129.78219994082514,172.5179601113231,130.81068774276292,81.98836728453088,14.608824677241849,131.59536864388633,169.10010387459877,114.51235389224549,107.42599829746536,166.7415613679422,130.31354351303003,71.82708686177237,161.8621856813455,152.45751525551597,33.6114292741519,145.3532180069117,107.81809539180621,56.25885716510949,70.16764794535055,83.88224550589422,69.01988601579897,105.16070235907614,38.13459979751053,107.45866760600688,63.439453935833605,90.31234379569639,79.56580983898598,36.779189183400966,89.50801135229358,1006.6832217316814,113.76594184512015,113.42378962768954,90.01842320497022,157.8385818280999,83.25714038291866,75.53844755215042,54.33499504105363,44.70229926057279,55.07530219465547,130.0223212316135,59.3866296974111,109.80952225184484,78.43130946991732,36.07113435176842,61.32304261495476,59.906975466167076,47.10884379352099,53.936800517467,93.98556500782517,43.47455982185795,99.6064182703951,93.63845917376645,77.62712122611406,33.708413549287364,96.06040765372106,99.02150275874305,33.99011596673402,85.17288676075802,45.38124051288377,88.94413063536818,31.495028324202522,88.74980941641536,82.77657846197256,99.87436262474793,78.753854052466,66.3438141954926,26.483166447647505,76.9909211630688,23.60485504492648,55.047777228311226,53.4009935818927,84.9707461168567,32.17449455350187,145.77937593726767,61.94511925090325,30.416389170412813,55.177920831813,25.92421376700781,40.5787799131755,49.79281984696735,15.940447745577924,25.747028340840856,40.53481589650001,57.8776064111124,67.02403535426281,36.683258605033586,96.36648736867176,51.079428239549564,30.448141756760407,125.0260149619086,23.597534993087045,62.37449561921586,115.97891537384709,49.09393390370614,32.167744475745266,54.660819683617206,81.80628485265916,13.110036414022872,22.961703678651265,18.084870646749483,18.81423597624979,28.24262362990527,65.19837269621077,29.7652323942973,48.88790193162051,36.90200322871267,36.348610280694686,111.59303231545415,27.65514050370342,35.910030346728576,29.176432231528963,48.64624632319868,4.080916426015538,14.982528489099069,24.352930350746412,75.76857433390221,44.2305877442934,73.49546356374866,38.56950809073155,4.133333333333352,20.0,1006.6832217316814,96.7684041893148,103.54514396890997,17.970622819163484,3068.2734196541624,2070.5362688883233,9376.450939854736,141.7241012985755,0.2113825923078146,4.66968563982848,10.403015634754468,1.0
1.5158245029548804e-14,221.3501232880883,268.7004960659504,519.682460042432,383.14487085065855,373.98873082626125,52.171492379678725,294.54838141709394,186.37929772313714,159.45751123859125,204.57106692922181,194.04495488370458,240.16294070819984,48.918249694398085,242.98001330244006,199.23488886562566,150.35844984731312,196.66742520207123,198.4308867653436,273.3728917097665,91.61386853936932,62.92526623879275,115.57446569744484,105.66083705230467,42.6516896963951,125.85696062689527,166.54302090291606,58.93604653638011,240.3681623216848,49.26315166394224,122.21320796081734,70.53355904664164,80.24486982055406,55.47043858302214,47.09600804760045,23.968593059184244,166.13496641186248,77.64879558374334,53.553719254968364,19.214258154421856,27.645764279111717,71.51215653026544,93.42312107845457,184.95624348104093,33.71040581619668,183.44200165325816,101.28881532975704,27.979168595227918,72.52017163571587,16.40105201922059,60.33034983415156,92.4320420233846,65.95747481961132,41.977533888243485,82.7101352813616,82.34537198352047,54.32350194011292,101.24592307918098,4.3928609699192664,136.39599642004114,953.0222851144599,82.9015290508244,97.48206514403682,82.20855855308963,22.89591690520924,105.22862400275412,25.45903902518432,17.671934179061907,78.3886709566497,79.52086297820476,61.67457252683299,131.51863494040558,79.91446594285057,66.38513885185482,114.38585162059043,41.39522248333066,52.4021147715584,16.75064386226367,83.62411340842145,34.7492281107425,51.770312000508305,111.7575949420555,132.14660281401737,68.04390049188112,80.12367645311294,74.0753442088632,100.7756459281602,55.92163253228786,84.6180695255359,24.404237678259175,92.07274068747924,70.08287218825154,86.261717199423,16.307453528413596,63.13240031011995,70.08188876430759,51.10058408277071,53.57834945963483,50.967413954741644,36.991622437046566,42.13080161170025,67.44430698876606,3.0116951362714257,87.94444693663023,43.30891857117088,33.944196534290384,76.59489210146704,44.942165647662705,24.259962412938044,62.38025044731848,35.860179394618555,35.17655394602898,37.598260335387536,77.3285402758583,14.206478468228587,97.06843373460815,27.20229054646152,58.408127242152375,73.98571181366466,33.790416953843454,99.30706401914262,50.781680253916036,67.01641927160661,37.116874761021535,38.577901923066,51.690950374790205,39.497144254494,43.255935551469875,43.751747384876474,14.842681375047897,43.5632349014658,34.85128678001475,78.68989247878393,69.19547273607043,15.698418737391734,59.77073186407466,69.78807773513167,79.0387875145659,60.09694851477448,58.05751677991218,41.39963826520009,27.80217438865968,49.917560743433704,20.23724315844,39.403575511398124,43.429473178239164,55.44557855302649,57.03553807113411,49.21015215835811,7.973859750778958,21.86666666666667,20.0,953.0222851144599,91.76878330645273,104.01651882384405,17.83733473873708,3390.100589349856,2077.4580116662455,8297.758894951809,138.7117362654573,0.24627841605127326,4.629476720077964,10.38503781761971,1.0
2.728484105318785e-13,229.57857561687692,418.2829242563949,587.2498699757197,386.7068573002234,485.3528107951096,224.0347265006618,193.57886052264757,335.9103761785741,330.02225786793383,75.72632197463273,347.406747418764,193.54017098774023,93.70317733416643,309.8933549225213,232.05006624474436,114.1788045210723,301.1133105614309,79.66598486343162,118.11863930101921,204.09344370559282,108.77717964777439,158.3175741019248,184.4237881326772,72.82326286370106,121.05032287167597,184.6745741285528,108.99840677279889,164.1639743582748,83.65574053832616,128.89482348561563,52.64520793292816,127.53952775437072,41.14796107561371,49.559372414707795,177.14489125596072,73.78366933559892,48.90405979867474,49.51988954092454,51.88657009630583,121.35057400070009,156.56112127116725,47.0884426552782,165.51453117227308,32.53095309668676,93.35714011646716,108.92982231768103,80.5526420678759,14.809268393299925,72.14250854528272,137.8370696793057,44.98710926062575,68.2604652344976,56.05352294545361,92.37741757989076,57.94504246041281,8.571174701093629,37.677188708522344,56.40616892971795,42.89398234041393,848.6802193243982,123.14475256214342,58.6611934752359,132.67568873005231,112.30771568587278,76.03959900524268,71.97853968917114,20.89732952863363,52.94608380514067,41.56777256682097,96.31714612649176,37.61334219664437,80.74861945191417,25.003032785736835,66.10318183892183,74.10479066835019,46.754855943308414,95.50162841261036,2.1349160042513886,7.032135936517992,44.702386775468824,130.97661007556258,85.57535053987971,100.83871168475483,38.750042961987326,56.535019789442515,38.80878551520226,42.02372982022521,77.53891783718556,14.939530942488135,88.8450838429253,78.9148752304121,74.17280299905526,8.914175966556995,84.06451393397415,40.036734660527024,37.402941155074046,84.92780832538583,12.57279401648291,18.38878037937817,51.923533521259266,39.80403258072573,17.78975044772935,89.02752835426037,31.31743556229026,71.44184764442235,39.55071192757411,40.48990006665533,31.68770378701076,91.1852160496254,75.74388653318698,29.30759596194835,64.9211084654054,49.05438088157872,48.54486297028734,58.28135132161056,43.970883984390625,68.62361299895649,32.0817018261268,17.37939903243946,103.2885106805337,68.96284204404893,52.86970522092645,28.81634258428766,92.55190267627056,17.494932580502677,65.4703970774152,38.63971786256637,37.94469611383018,26.071124866717852,80.09372050278898,48.86309337114951,51.19685574015393,51.52210887459988,2.286142950229399,66.34035302230572,46.27017536225081,63.99546536344207,55.160263784663684,42.72900349772367,61.11003680431379,31.898650198477682,54.01589043740175,19.30959508970949,59.423944743448224,27.931128517922133,89.41068815044822,82.73308366788258,17.045225567153178,49.690361650016975,8.533333333333333,20.0,848.6802193243982,96.71268065917158,110.23484039428797,16.669121318065436,4210.987031651966,2236.105072612997,8059.809994610773,146.6460454190192,0.2902747259856611,4.5953885971074815,8.775273454731968,1.0
2.3116323670061925e-13,425.0010143606353,517.7491566516492,610.268942228789,444.79238092166815,670.6282939677967,176.88595197289825,97.01767842045624,182.46101779681345,459.2322409956967,206.9567282553159,155.9371581880128,405.21407457208994,240.63887943106138,83.65550110478628,232.46055471002967,119.30874718890708,286.45361352035866,148.32523670463684,49.483478520065,131.55723354819287,156.22040687384055,102.11892979443503,140.11586330514373,122.21621515268374,141.2592645981278,234.9526626639224,37.235392581514056,87.3915394306072,91.76351959647646,112.27477725497936,95.21282876055587,123.6096707980013,67.63783939227531,23.13576116449887,214.65069362194174,77.14528766543347,73.3947416650636,19.746106848975835,39.13601543596231,91.8351589287512,172.3937510540591,100.06310289936519,62.45329647421357,132.52648566823754,42.08864366221612,109.26900584443874,107.64944872368807,104.98398641005613,69.01432571739917,160.51134954679475,145.91451156513764,84.44906833550309,36.12227213470619,63.002791551484904,35.92254690355679,77.23956292575585,84.27288247966476,36.338943859377075,35.39379158117441,885.170824086367,93.56508512106224,77.81944762426724,90.79302638272098,170.32982893323847,19.807090752706756,37.50662928458518,35.94504856666668,59.42186903451383,124.02108926339123,54.387142673706315,94.81699701794543,67.42041807652545,75.70650189171086,83.29262278877917,48.41983064819621,22.92226892771125,92.68519864009465,45.60410529154015,74.0858222343366,30.142207689288064,76.67174813250138,52.71366596144895,106.64772951009621,49.711523251869274,54.13966806257069,42.146709436123814,29.832426538940563,46.95722963119081,33.18389075884325,62.40307108815766,90.193301459774,21.174449558510453,59.62941926489214,74.65877213115151,20.57441709778194,24.893081423084624,37.10533934055392,21.574225590499722,50.308341789654534,88.520581410954,68.77716368821137,42.11105662589077,66.50145711104378,44.26960865585225,68.49681096522859,24.34314694962155,30.13766331536738,80.68019970052269,60.743601564660196,87.13274848870797,50.649470717738524,51.93207056655077,50.986585005564194,67.58656569015605,54.22116520054723,56.84600863847198,34.48979957544515,15.683765573598885,7.347104215782357,88.3472376958351,47.015797479405805,75.01108722045169,38.10341087638233,93.17504256974291,39.06038272379639,36.53084369415823,44.08919424804442,14.895927613630391,46.20551959387512,72.73825169899663,52.876715018949284,55.58668680033946,36.13077128661307,38.50448959363826,33.23099489527213,92.6911088878008,27.88365173893507,36.69430509875565,35.537283646103845,46.93892818408677,12.465987619730745,45.57998703204109,39.737580053631774,26.27961959905756,80.27345075368984,45.05166327499869,32.4822475182913,38.19050801908591,67.11904334708555,21.199999999999992,20.0,885.170824086367,100.6943778821948,123.39851591321685,16.113404239425122,4676.43901886767,2080.862658188941,8346.85500527261,159.26880255300054,0.3096127190165319,4.565667570008888,8.790667788046255,1.0
1.7053025658242407e-13,774.2155398345535,122.74832264950646,256.3346757993168,677.7935452456602,549.0632990800054,337.7653161775308,181.6691426374906,193.48078273122104,551.8797329667707,37.650612784484416,113.71291037977068,327.68037746544576,193.94543954962757,177.8994909118701,276.7947972609239,27.188765584074424,154.76544675226026,193.45984176377854,17.587492745561853,93.3806768720075,103.74779231706817,117.96762811706289,184.1213523454829,144.45209270566323,233.8482405472655,87.60054565933588,138.17710105001507,54.94358345673815,94.28550486484329,143.03093771546338,50.252794519085455,35.26617742182057,68.06642177382572,80.24747173275938,214.00583720234366,127.20500153671695,143.99770571138492,119.57998276670119,123.55359002231195,86.27846431677304,157.06559589714527,20.537082612733304,92.65111578032159,92.37858189927734,131.64986539107807,70.5181260079654,83.94579338223893,172.34066856154215,50.86017332220457,120.25994068405878,169.5263905574863,55.772908860046925,62.69163328507675,64.34784567855829,67.64078332748332,51.92397807096932,55.09503195531301,45.14890715893426,126.38639105372914,841.8457936469265,84.00777747080981,90.4048577305057,47.0137521554898,104.18449889711383,73.5388877387957,22.93318227395605,20.233585395911962,99.49236363552735,60.41931431483876,63.609775462639064,124.66710285788488,64.03295859773462,60.386754796335175,62.37565182788206,23.853255077196017,21.66413055813672,92.55463006308855,80.3519282499886,105.83550697202378,63.689242226440996,45.12076999172794,14.06870252346599,48.59530846466021,25.168747055417416,64.81133810844304,50.06432251453759,7.89625987659882,40.56926024883565,52.38093183744769,54.88266039279441,36.06082557281499,84.88588340915705,8.176797767604386,99.91280677952679,18.054919292598402,67.8860270416019,82.69030933192465,65.38024540694799,41.29899222046638,93.3067581213232,32.756769471077384,79.72317341025717,32.389850637033966,28.633971660355122,72.71346617780185,72.44368069131059,56.15676822992147,47.29853619950245,62.24906082459053,77.97132005614382,69.42255438775037,47.55592494665116,27.40589380733311,53.04545970923148,43.70240135600264,42.747068428591824,10.083874829788833,21.010354627890738,17.007931658189502,88.81620064354499,42.74080164013115,96.22616802699346,65.86381882947853,89.99023313236526,58.255952043579306,42.18393317738632,41.94999922547556,29.245501274751877,31.464929213106814,38.91219409164209,51.31920298249956,12.17972371271322,16.672426329657824,40.434143648816764,46.2151308722385,66.17709432294595,20.383093696658044,16.694978354051717,48.63574093555514,43.33749449274849,11.216667469185651,46.611832369323494,68.50633729682784,48.592458053634246,45.35962366105888,73.2828961500993,40.49316811806409,40.998201089119846,58.1829051648364,50.0,20.0,841.8457936469265,99.1596865033048,124.53832637196184,16.3138004685183,4495.839188213255,1922.3208620420817,8455.792925240385,159.19308453247262,0.302262565682437,4.556118319952278,8.489798862150188,1.0
4.3579954459952814e-14,309.78443665456615,703.1534111415697,427.71763951181856,562.542437066646,400.1593400184546,414.8484829794097,131.4785256640872,108.61038147005644,328.1535278513345,313.10600188052854,310.70480145084423,231.09376777092456,214.25586930926872,40.50138402970872,314.1352492714662,119.20099679501264,66.01204595150448,150.82493358125808,138.31853245897932,171.0899592069313,149.5881707404031,110.45393903462775,103.68044633010052,130.9438562232126,220.91420824016535,104.48458181410139,104.92270262772534,21.023899903437723,111.05101718184838,84.36364659454888,156.79954989191853,126.27502369500252,33.67634918064082,157.41386465531374,142.9380647557362,197.1229482655511,23.15638585609623,124.69128330854183,13.694910633881959,88.06434013076753,66.97601029202002,32.782352111658525,170.33094731984633,66.82886047692273,86.03873254245498,120.45138959967142,61.40361570019742,180.6380338260671,108.56861898958667,31.750975488076634,76.8663287350301,53.106152161081056,32.81070414293127,94.98306686978583,71.35485229714247,151.87142493735556,186.82015688421308,135.93621801382335,87.64527988587689,891.1268296150436,104.16607717971188,27.61941922767219,10.159583806132161,61.90382425686488,41.440494211687955,20.77680245153936,77.24170541834305,45.80597765877663,61.12679351697491,137.24410481985308,56.390558093033356,53.960498307894895,55.468937344899516,61.549662057275334,39.984441418576246,51.88206448767499,14.148077509274376,105.68799091254962,104.69408595866918,47.61908017433272,48.769228002570586,53.249381834702874,64.03136130152897,49.198495785087815,18.717379692651342,37.969674389050006,20.26706474760155,47.69988411177969,46.03645062925458,23.309740928610843,69.03715643956318,61.75349591042557,27.201653155373542,68.51829726854933,46.93592779553811,60.414686164949025,78.6105572337341,69.2929184302694,10.621343892417697,116.09796629475377,104.0171548679356,63.78269006123891,46.05737308897118,37.50690520936352,35.36704169325678,30.8015725061218,68.28749557857726,42.15617509168887,82.44215000594819,39.49778050431315,64.9254924864533,64.14027707652265,35.836990721385085,62.87839555649928,68.41673144705655,13.188731547914955,54.276157243677886,70.95345231499283,114.38621932307859,7.450890045024915,14.33033748278605,90.01995471630572,60.10131861368937,29.00716816405161,38.84289349930901,64.2520626199538,17.34271616233697,55.474082522910706,3.655003726171187,50.36973686251045,57.25429574601782,29.6196474529366,29.001228383988035,31.18807350667021,24.493959041141533,61.38622102217709,39.42513623525799,15.12790556499084,60.62726949111621,43.921204108774944,8.898643407731713,58.539991275836954,20.600153467445622,66.53748701798361,47.465060523909976,27.97550762188275,22.563999923008833,36.30873295722017,52.19039343598368,46.133333333333326,20.0,891.1268296150436,99.16578333396252,120.31501113597794,16.047246054299382,4496.110006799217,2016.6445393607742,8362.112953934387,155.91521570677088,0.30226218867298754,4.55639176333354,8.98623294906045,1.0
1.1558161835030962e-13,470.6551271543443,221.4606958623834,752.280563262374,73.11531864877095,499.8751083093595,200.15611626459489,177.82762485820396,187.1127666291777,239.7254328450574,265.9130065910335,216.5293056349879,75.83063912272364,212.8778879149131,73.29161006192413,351.58133595205766,145.5897962909753,121.64014345292236,241.27902118257308,239.8178499335185,108.4768329470198,158.54780937642866,10.779125918675888,153.62848451364988,60.97594104230933,157.02363789377534,111.70537884336676,143.32489719392254,149.98485825168441,77.77991995828313,39.73175192918119,87.46579673253805,206.58197671521958,77.933604040265,206.15307809463263,129.559457648458,54.19030523244843,52.461989513407836,143.83048187575352,148.7095458981626,86.90793224938639,46.69940162460817,52.81247588574088,156.74109851446042,86.6501337054286,85.27400394784287,46.67452496216218,169.71310475824504,80.94953183950258,64.91965305409572,69.53036107421786,43.5736254307638,95.50221909009947,67.91670417460749,47.429842781670104,111.67449464590662,204.51311754163103,176.32377393173192,50.649615758796045,66.9289473743631,901.7143493185745,19.003522944129386,35.15973159174242,26.715215835688596,67.68188245259354,25.86056416451833,60.54649083754899,41.15822754626136,62.35345196624253,70.00957314986996,77.9431915206102,105.54370852672433,86.14611263266136,34.39933431967859,29.886181173034693,66.48963160607154,44.61952161696702,56.11770345803804,137.2118955263674,92.9779264322635,15.439070717102641,48.12529472991368,89.14289899885011,28.055871896946645,29.69144531350834,70.95712468648401,75.69423630767486,85.33108622933892,29.959522218311776,58.91958284307795,31.27798479893569,51.88133066231291,71.69500655593502,20.427888225814996,56.300084120417395,47.18549600772326,46.82307263921446,72.58780011935015,47.52652496140169,80.19116109068507,94.84480891318078,69.72872759977332,47.09323860252443,39.21397710268775,40.83050874823962,51.196321956236105,2.0060590719052924,29.040776920119526,55.570032295776116,48.873384430299666,98.67723614901087,59.66062302675983,44.06593278370322,29.14595332413078,65.09276139996973,59.31482033694663,16.983273864508128,80.63890857554682,121.46019075926871,77.63368128586298,29.903493101083164,63.94035218439662,92.63033582574042,42.069337666442365,30.048832497394006,42.8683181167639,59.55956834787506,42.35211594143234,57.19753723112515,30.98083446325071,43.92110854907605,5.003201899781282,68.76279215545256,14.872146670471139,21.88928229279967,32.580781163828554,52.055411770946726,37.69926744030656,59.907759391029096,37.920545110078905,39.872251687684624,38.12649261786499,65.61519787500853,61.43319022413789,36.78757702720232,98.30656191453615,18.862449794334545,5.205511098431105,29.667493066685495,42.06277967202172,31.466666666666676,20.0,901.7143493185745,96.13453264192816,114.28022240842051,16.942124796654713,3666.651203159849,2232.1350327511627,8521.393660378213,149.33793088160826,0.25427222333775434,4.597108388381608,9.379713247030447,1.0
3.012701199622825e-13,429.20243437087555,289.16962644637675,436.7475319231008,386.96118389872856,324.22371293091317,320.515982609782,220.55596680980966,31.15077790239372,303.12500913486053,221.50811178276393,164.53119074064588,62.50846446140311,174.89266799291528,69.24985890865653,353.34148655920706,144.94594743274928,67.9179342179522,76.24067208883203,125.41848343121968,163.93312173530995,108.5884105298519,147.75147085543705,161.15424275501954,37.161310563871034,232.13862350247948,215.6999824388407,112.6294605043749,159.14996762427882,113.11262418924615,86.5924644780863,54.782492529743394,189.8571821355659,143.2915586032264,156.2947117243424,181.0342004639335,122.10411313093093,31.763944061737046,77.48918571618353,39.04941180357198,51.61450702969026,112.33020173546814,212.88633238118285,13.71456399293435,98.49125545982065,109.56334778875515,86.85007618138056,131.00685865979972,55.51935580520179,86.98894930320466,69.00473413711067,35.74919357354749,148.11600434819547,112.00746807780904,6.383546464400734,82.89194202583909,224.96185564233087,167.291994926709,58.312931717975445,53.81597130106151,887.2823576148128,19.882837987788523,31.20271982678917,58.5147587048441,42.36432369115151,59.06057184888859,49.24133862567203,30.3527150262904,47.14594861062408,67.29461975574745,81.91465023896869,102.26902431657624,88.9515234533703,39.86918824408668,65.23905447198406,21.384106247397842,75.35608721024563,101.87884075447127,86.08963305145227,57.96612945528508,36.25083817724918,36.64902970327081,113.8022208374508,25.35514178555371,58.531865055585605,67.11109579972307,65.08918597185931,155.6120069517001,7.1942127808207745,52.42526381301481,42.86125660586236,38.734376666542595,20.0372575117984,68.92613190314124,42.65049971002607,67.41001620937021,34.66948262820426,25.389634491247747,33.02466691187858,29.02548009957222,106.11716794813805,99.16626910772136,29.001394073988042,13.87269284011128,69.30083795798151,74.66823273610726,66.3142807513612,42.851217692793206,8.223209961962395,50.39589992050228,108.47197680125007,62.47120255019738,62.15451713434148,10.750753072578332,32.90997881794349,66.99634645815442,28.7173382324347,116.49489598489947,91.89408857987141,28.507895966529645,70.7597506351175,15.007041260696814,83.41920150509297,104.04619089992804,19.441767766073543,6.24655732176575,63.16585485642091,47.02121136971904,61.85785045518655,0.8790546305391762,5.388368702016072,35.13086623675762,75.44273609108907,8.38564557845896,4.97522077861687,16.796082405822418,66.261322643637,39.55000273033809,61.3303056203615,23.10455993340438,65.05013360888586,83.32842360141179,82.47586353431045,73.38650080016747,16.319243935809915,57.62259798796691,65.91227345677426,5.855156547617457,60.99889883134617,28.739150218212586,54.40000000000002,20.0,887.2823576148128,95.05916491216244,104.76871357413954,17.320519492956965,3434.342519913226,2219.18373842867,8605.348478482469,141.4663499839371,0.24085648996157033,4.60666847304294,9.334001181629237,1.0
1.1368683772161604e-14,404.3859320284428,350.49821549918386,519.5824115685992,517.9245552892506,114.0615084084729,86.98282823718942,361.4574727171673,81.44242477332693,123.11401269899604,134.38138022044214,123.23404307185558,37.69618812064969,158.35865608782933,65.87986715159684,295.0788272339665,167.24404284669993,198.5602670211753,159.0875312773792,214.51435716242545,208.60454499397892,137.68770175094411,165.09276980187389,184.77888561803917,157.77162146985523,108.32316303704664,234.9044372647975,122.14896429162927,224.819261605457,141.33925288507618,121.14991211826543,113.70567093170733,116.3712881528842,68.92892746041433,10.803158485581484,260.33952704141154,22.596949089815563,92.85379782813447,89.47491418498798,65.17234909606915,30.654102480964866,172.12028382415824,103.03232885703557,88.95787562383484,58.53033839380621,178.18245843801566,90.45849633822823,75.80783711181314,116.45366700301071,116.07843024296002,25.28170177113173,74.05886827893745,113.8716085045831,95.64141897272565,87.28539629524577,103.90412325691034,149.33669049979963,86.81705363560683,79.97152168291387,32.911492726564816,841.5946786308193,94.16295068940785,96.04723598543114,116.75398492904276,78.64417984911948,67.18216865593493,42.0955509369368,91.43351691560618,40.01982541344873,70.90259255013281,121.64370618485519,113.09492885352122,74.54494346125115,79.65044560768831,102.89171126547545,29.986663702386117,93.7987056828429,60.63121428408487,52.549965539221375,57.52287559145757,43.81095692497158,18.20333444536269,84.1093457280387,43.57038553331397,105.05447298676799,29.093265357570832,35.24290956987612,170.17131504932567,16.798960467058293,25.715317969587957,55.12761875223818,87.28457832669916,21.750196099923237,98.82317638734342,68.49901006608381,76.75518726417388,61.72102120630453,49.122290490302774,69.30822281071231,52.98391343851402,47.095364244618956,43.54176848642272,61.20154683345018,21.421325403537136,70.69568440916994,56.535211027681015,80.02350229525615,28.572929577345974,50.91951701783455,64.13734440734183,43.29511465700867,59.35272369553439,74.72895872289386,63.54574988009023,30.074534356194853,30.564025932557115,32.18557296595756,58.571187495786354,27.866115619032897,47.740024918184716,79.04056068640384,27.67313308645083,110.44775373933496,88.95324341501762,13.090512272505423,21.099423759495075,37.43304117109928,97.22547672990721,21.757725714588155,33.324884595408726,30.750244773158755,51.136095154618594,44.93089054139488,23.839810796974454,7.701100182450809,29.541316143489375,29.79703549788343,44.79081681494001,55.08541831933076,42.42425913393927,18.558821682956633,126.13086706556328,50.989863884004706,47.72336891428478,33.68413796854245,72.5213089129693,35.548778523875086,105.04281301814446,64.37006932000956,75.10980048314158,121.33333333333331,20.0,841.5946786308193,98.74085829096543,102.6711667136098,17.877629324463314,3078.999495873003,2719.955628260345,9012.173619511466,142.44692194066664,0.20788418959589056,4.665022915332832,8.523266793477157,1.0
1.6674069532503686e-13,541.6708264566104,340.50995642428495,376.3707701579393,721.4538850203287,275.3806177696583,193.23577992120624,393.0729202873947,181.16548678396467,80.9475688047988,187.56347415535998,80.30470159839973,111.66498365451173,164.0050818156887,248.548852160864,221.9599126119615,147.14419238773957,36.89281479338671,257.7558912218315,228.79036587478285,103.8602088868717,196.98647555006076,87.24329685012826,178.3467318903219,162.4762609445111,92.31590682360248,257.4363253811396,65.67352376550159,167.91094586901033,159.51027406627605,152.35263727826808,116.94345154320906,41.32783519347902,70.65764668909536,66.954093471432,218.15234583916072,18.559579950981234,78.72189669780249,60.547066957260654,42.99467156860743,82.55142532791055,167.36636345961728,63.015791665950076,145.2279745507407,163.0740570536636,147.29421519306723,106.0972294733117,94.60441774911251,136.77447911285702,103.0719907550585,24.81433277585982,79.53622943987196,114.30998181883461,78.30499091110669,127.27771366425868,93.4397088868717,42.25096360155345,46.80450761446154,32.7185920642059,63.0947405447781,853.2172315144238,97.90670920769011,134.89886827530873,102.39606327947678,134.97590605681873,77.76507488641265,41.517143290228134,39.11864039003568,33.35919255904732,94.80241378203215,94.69799450427465,74.03008757961597,87.7112588137331,24.89883167594028,106.39880842102706,93.15029671331047,35.049337839962654,72.54986017940107,28.85280752328212,77.56655868209607,59.845186567275775,29.89813702420245,105.13593719285288,16.91861392337704,76.59892295749889,53.86008593477044,68.07951888227808,93.41403568137355,58.19356639980987,50.920008163267376,95.37583273509094,44.90442855539015,61.26680168013579,89.13678513062281,81.52234082327578,44.66756380564729,100.36394754568204,108.9344077353417,85.42863937189591,24.75824996747571,38.833662373427174,26.09584272316569,78.71329328169843,78.48531758001062,49.98685201427713,53.94015896802359,79.8815883959749,58.27046770187418,66.02059986278886,32.12093920562226,22.541141944503416,47.47120309785261,45.94578022596686,121.68104320022321,28.889017686583117,10.154802210949544,11.15218529187615,55.207107727154835,35.218099439272834,22.7905935709733,58.842617418328345,62.98545722626051,77.63634812400659,65.17466143597062,25.612339794122224,50.95091333389588,49.779399755576854,78.73015988888929,36.616611796005884,18.58096666408123,64.87886942029367,40.053727727438364,24.24420704227463,42.20000145298748,49.80082227230931,62.24221105227065,27.60040382633795,7.480610145677887,1.3544016307598779,22.992380465618744,31.152983590489303,87.74832947654892,44.63643602108665,9.726352447810857,59.89896267904275,35.53459745077267,48.65338749714691,81.41586409875129,88.12828870659399,34.44298526350946,172.2666666666667,20.0,853.2172315144238,101.45257812603766,111.90722688288395,17.185276468700266,3895.8949050110105,2364.3031269171256,8957.688686977513,151.04917423487305,0.25600761636443387,4.629665178876382,8.410010344482776,1.0
2.4253192047278086e-13,446.7334789411032,654.6069997134837,729.4894360492908,491.7079365309105,511.9312907407959,194.46410539204535,91.54139435578459,229.0127971641553,112.32373353675905,168.79192632039394,146.71847886254642,107.01433922175988,90.6714122515441,131.38266937130052,123.14328520234048,208.5282060361507,76.98861517571586,277.81861912855095,208.7700937207242,127.8223615218647,153.7674352892991,132.3953889696292,206.43096834574922,163.86523035854367,99.90601825237533,74.33255975170312,157.81249754112966,133.41704782749477,252.75771809371747,48.1016175793426,53.8710758538737,71.9965316922976,121.00919390778593,69.0030600917145,149.57128014189746,106.6930014912049,76.73206631794753,147.99725561273036,87.99035406989017,15.171600395974096,187.78773976005115,128.41006092023906,153.58476887187265,116.18741042661944,60.10297028852747,189.90602476714028,54.90092198698629,132.01047309348291,60.33193461624641,80.43316065736406,30.480342415615205,47.15424884680269,46.08864274525817,81.71205185957217,141.96653482308443,83.8861442732371,101.80714688518475,23.728970379113782,17.603618556409565,877.4129115458481,31.1207738903904,122.25344303083241,65.8118084860074,169.416603903193,66.41820046395856,77.67539046127985,59.25137091750591,65.27359221599417,70.27212340473082,79.72889127785436,37.8484758506439,49.67156860991841,2.8178771384208123,72.19702313858063,79.32436924146045,18.061457619592463,72.32802430006726,50.10955363695678,73.40816700611842,40.04686700145078,95.32248360756222,77.31895985185362,77.37823159855884,68.96297557803746,32.11369521604664,112.7264927888798,80.66834107906328,12.036660490151899,63.30395120176044,98.25614454987657,44.02459203272067,24.75744909602751,65.00663129066038,55.84924838932974,44.425706749770775,91.91383033667728,136.00162453601655,41.34180393518481,47.6878368110114,43.14090608433923,62.505284932198755,41.30413115502015,74.78347941746355,41.079993730302945,67.83136914124947,50.45586111294866,58.29465949442715,23.10992572224729,36.4335969695222,43.2985211427888,42.7485016125204,66.75003432647686,130.14872990675082,42.675081136646426,18.13988289101614,22.889169047562454,41.161763485091576,40.23788008934819,45.73860004916118,26.947611466482975,30.42753736755831,20.055873173240602,129.04873344501073,39.73109600266796,40.127529553501766,25.583957524161644,42.348942390818856,46.930332931621976,62.94461284997393,37.845017496098905,5.528768741890731,25.63088264401438,51.33408653184017,73.94683126239029,44.19002739741002,61.010091039402354,23.167636828908734,15.240347566608161,21.442909318295943,76.88417979005135,38.8858837367145,6.448327691150205,10.778166502215784,50.46794959948915,21.574234798276354,68.0705739483434,64.73704868031155,126.76502205764521,57.32846350755039,101.20000000000002,20.0,877.4129115458481,100.528409643767,121.87499258444261,16.640040252448856,4106.389998451874,2397.7560452149883,8575.115402898191,157.98567961357438,0.27232036615342853,4.5774443318175795,8.728009471701116,1.0
7.958078640513123e-14,263.1376922467009,755.6537726549216,661.8254025439278,662.0788927145303,103.5672623394432,434.37292863167073,224.5621386973684,279.1827888757613,339.2588619885387,142.74630710011718,235.7684707085213,120.02520655871842,83.81001980119309,234.07364134808574,96.19409656276036,194.72754534823008,59.05481460005451,93.66944089533426,162.40721319323916,52.708218499858816,57.823002892220416,288.02130845545105,41.68465278529365,30.99184172872844,78.08322875512007,26.842303403573187,105.33975355518311,150.108211140924,188.8801500688078,65.1085603229331,78.50249942127552,110.53601622707848,33.83044151309018,106.31987529504727,60.202107827918674,57.94365040403444,166.0875540502533,104.12569176041673,78.15111142474566,40.32775515173027,192.28253517755826,139.95295198067055,231.5845123999306,28.01442899636365,150.40049966687837,170.51809779834318,116.0915337270584,67.87995741173135,53.67967944012662,28.814811006378886,94.19248204319541,87.91248230475033,60.50656826806349,39.67898790032826,72.98268649285995,130.09874587009728,87.519047005364,82.68857773916112,67.75778388973046,868.2033206922506,142.8611891572415,52.45096273064703,102.13092583471861,97.59284783546914,69.77065258728857,47.10156752450118,53.8132247013551,64.08034553639745,108.52608679277218,38.749543465865095,75.05024429005623,49.85798889462429,43.282836617452396,85.09181195418631,87.22823192318211,34.22212144739018,62.03553601103796,74.45958797380106,117.43207975373261,21.34709726354631,70.47366889787496,102.83455734291127,96.04410364313014,65.45254307261855,87.19867136170092,21.071244576773434,82.99024977820592,64.77302058812901,30.457249816321465,143.8076641266517,44.111260672244455,43.50209144516534,10.057204448346859,41.31375062350288,63.57582018671576,21.991101109645797,45.73472592679123,68.16993808557368,63.54042255504008,26.808953728185678,63.98773326840683,40.97381416638592,51.52476279661591,90.43837749577557,66.89258954423892,49.90649187461475,48.81784007134419,46.778109930303586,30.942347899498483,40.98506114366833,71.87269529433932,14.18499319848995,95.03472053220847,84.69572114225683,6.245814929426084,12.124964121519366,31.501265156949145,37.115893095417796,64.96292388615247,36.196110058864164,19.069137958959082,68.14074622614633,98.57490140775076,43.391017383612734,17.201693988223298,24.617303592734974,53.338333023360256,30.755855324416363,58.18865529609836,12.694115354247629,39.63308682412091,37.292066734550744,71.44117973179578,48.121605801294216,37.08342330242689,88.63162146290456,14.088525143934527,14.249098522193165,42.660687033642226,51.96267436955256,24.25565729862236,12.516289880421015,25.571289074830993,21.39243782353981,27.759835925762246,39.546536373626104,58.962621129134966,29.56644566945868,78.175742965337,46.8,20.0,868.2033206922506,97.86901373209074,125.33995716537864,16.32306499390592,4540.063386209498,1626.5357818847785,8513.752891719332,159.02342189473572,0.3092612062511491,4.545354452973097,8.87107458821332,1.0
1.1937117960769684e-13,301.6376317537054,452.6917629893341,487.40724957614253,605.8681364730513,210.064244904762,386.8186849324404,319.6794519325081,418.29896932251995,364.58252189598625,29.279465427572674,316.15691393565544,190.74001474733967,281.42108170763487,239.3529751881008,133.4357949105939,129.46732081559685,303.5811073062614,134.1136255412787,83.17415492301805,137.03169737037564,287.49738656686947,78.35217032469666,76.93741528058943,51.65531125346806,131.7900911585004,35.02626744329329,151.0560159021753,211.01943172600173,76.61814790676382,112.18648554458042,118.98630423293687,109.86435050982482,86.59986808601687,73.14303833726791,103.3952995212754,98.31210902764352,107.6058140293753,80.41907217830357,42.754314545302535,39.109685371547044,120.04588587526739,141.99747807880743,161.22774083674642,118.74683516755228,140.97280792331964,148.2976527141759,110.01150360181455,62.264810057928855,113.61178867800852,91.92528366982489,79.34020177137326,55.145076440245376,30.200541282806725,77.90325100853829,53.67979463924269,122.02967760604693,92.3230523886575,37.32149411009682,121.76936133880079,804.4737239404408,83.84597620751875,63.80087723092184,48.663226133881096,67.44941647094704,160.78247899500298,83.97777537989582,47.77143904287715,119.79892090446036,44.62256318517917,46.03131362229007,44.11186315974162,93.28771403549325,71.16378060197955,69.52801954248949,87.05400622602042,38.65849853145366,33.202802442587384,65.30677391064239,77.13007959745133,54.187288829850516,63.51481144275209,125.03838091043494,115.45811947913613,63.74141034917396,68.90873674964129,34.57748964395404,83.37114075685021,63.75654618535656,98.71328245390414,59.79421390662476,66.90111547893052,25.212870896695012,6.403524666353423,67.3065045701477,14.443697415609272,67.87533802490142,29.738874388180022,59.10912151921468,71.33162071981555,20.440917570185327,34.25466049136477,33.558018171338205,35.20135023664397,54.500940719508215,59.89814228829255,48.71786203627907,35.96261314440054,76.75969301728053,69.67896957572661,37.300871413019365,47.74450264596652,47.194549433580775,55.631751687238975,99.70170763754409,11.669568079327918,53.93851166672823,74.85589148624308,35.08938132774505,55.34133615999999,26.443078078927297,28.370039197850282,62.137704061919095,101.067355899528,38.60383219808112,24.04908603462557,59.582727554481956,77.12016727834202,67.48354377600218,58.303259264316864,41.13279924126796,24.91851435673994,65.87932269723711,42.56352020624792,45.59980972507443,37.191273646198695,92.78081008235965,9.215824248942107,25.250160171394903,48.28470125848007,71.51555960987696,41.881290609217515,22.99943239992023,16.62589195420103,18.59069368900304,23.972422524561416,30.733791783736947,68.37510376000111,19.364696450187186,69.73730597808897,44.66666666666667,20.0,804.4737239404408,101.71915055020172,112.03461612977215,16.31690823194726,4603.999104786753,2020.7559384294827,8633.11753931402,151.32263809489973,0.301745808918222,4.617630293781826,7.908773515990057,1.0
6.442254137558242e-14,239.7279269014899,535.5241740201249,261.38746231793147,336.0049648011719,308.2361234835047,179.441980941499,109.58499980969566,425.8237496177204,555.5852782482757,382.8891822444292,16.056169519266547,39.103678056830056,295.29198617977033,161.79486671054545,184.9237126432709,121.65711961298845,312.6178336287258,85.0124866112321,94.28935423804866,142.43337204765265,209.40624095999362,135.82265709620484,115.61851681355101,37.110332035175595,95.43313278947358,155.76123456807824,96.4509579073215,187.22940192737852,143.8905509171824,224.4115825876338,163.2880338802246,187.33094364288746,90.43049219960652,52.0521312898513,49.80259861721933,96.88823116592346,91.15800520755724,106.73561398025335,54.95008665697079,90.29541469131723,38.35469349844867,111.64817279819798,117.46913282231851,133.57778396125738,83.8256740466474,232.32942070062265,82.59312026879508,50.25709622630758,105.52631219402954,86.92648234763291,75.89015364531528,68.64516566347551,72.7121743937177,155.84792149150613,94.18902746666733,71.59406181800064,37.64939122026782,102.2109423800139,20.372119365326377,906.0696280041474,52.7286709388581,70.95371539787016,71.07745810041453,120.64218784002291,90.29845817092196,73.73989017054762,64.27738675097072,146.29821691853238,5.42022845752218,53.56928353323102,31.01738147705053,185.7890316875563,86.52267066552207,52.753776343068196,31.142111539057705,63.99814213741472,22.36661046136334,59.444378809651795,67.40785353881043,92.25063912796094,64.87378464428765,33.03963735103784,34.19442710430142,87.1817268666512,77.39757254402355,78.89382018616016,43.67604584054432,95.10571763707163,70.27278629744693,55.93354628944623,48.7878127511018,35.304040874489615,54.1921214102227,27.780077900345855,40.81294266725181,19.326322680296283,92.90798880845044,6.448818336757788,17.94985414000138,56.28230430408636,26.505656292215363,19.691274413561647,44.529129521194754,29.486403120319444,34.85468503441766,78.88264979502165,42.290340928773986,81.65900332665046,51.54905967501075,46.44362214461401,45.358382839908984,54.32643753139108,51.905565452566506,73.18833464958142,9.234824363246418,90.28845791597308,44.82598526158773,98.39105629811341,46.82006684446523,56.28102391455292,45.75942439159817,39.41826492074688,63.39547551209514,21.113402439494124,42.92838285884528,50.57357219923424,48.1002085273624,53.1938790919041,40.251991545603794,63.959747320875515,16.2297737933238,38.84927467981432,29.32015244344742,32.39329059590206,70.57523191291179,91.94408052961178,43.64384153764921,15.19041253199449,40.489744645618984,46.309046080612426,13.788868595532984,33.28962045132204,16.713200385427808,14.306693989382067,40.490955939503344,48.06651822390373,52.060960647358726,10.173812467035948,37.99273679848649,120.4,20.0,906.0696280041474,97.39090013307175,111.89436953767161,16.757815626205634,3846.4525428522556,2117.6569037962777,8644.525573312229,148.34196089766027,0.263299927583692,4.600561229860652,9.303432114972994,1.0
2.1221543041368326e-13,170.09611485596963,504.4374887656463,524.138834673841,111.57389666429896,277.3994883122743,163.383353466869,156.91364075658893,169.8338069971614,391.81058346615947,375.9905882007666,228.8094089217873,132.0132214980585,387.9389663402443,28.216933864212315,136.7719730103634,179.1872725738657,360.5447238662617,100.57529498714929,254.33994329631236,238.48697866449663,181.64148696584195,102.61364222493519,151.45531463847678,93.11709412915091,52.57766676055894,278.4389260234582,140.39402920715338,70.58480837928039,46.9065473160599,281.0793284133968,190.39114735319515,116.94765339802665,101.4843736469181,79.13110876908482,61.30325766427021,138.53355420829695,132.00361873577802,65.90600716748504,107.67962768402003,125.576741022102,93.02642158283913,147.9437221892872,97.24302291280966,67.91272377567101,102.73286951379751,144.84565736440263,97.27938663539655,103.9895191173335,142.5339416115595,97.67902083411316,98.81790852379554,87.80086777768597,97.45963678954966,214.11895697839302,53.27059596596547,45.707832604397716,48.66617870591511,41.59876828000823,91.71524765392833,883.9806242731628,68.29837778066802,5.805233182254218,105.10509243889594,109.48998634432373,56.305628438876305,18.204106356378116,112.0192974619273,128.11135856703802,6.005425019708964,31.468860955850843,91.72630595018165,74.41345158793592,67.41695235867569,101.31592304830872,52.323268671256045,39.14513211593206,48.615826382164656,60.11726867186543,29.66033774924789,40.59914254268527,56.396955019378446,63.18259897338961,95.76491625339939,31.160674035566363,66.69658296663323,60.219542127485504,78.42180192415051,42.43029217350693,32.42575084001344,72.62244850982859,33.74180277796601,37.634518098063864,41.1555887685614,47.689978508108325,37.8316699998907,28.998694358842112,85.1354534343375,26.18797544898834,10.633666936590433,57.96980056700021,54.94397630255533,53.64173542249893,65.82310440120123,20.57398146342985,56.198332811016876,69.86583579449986,84.5083820992208,20.180924608709354,94.58122538178563,25.553396867788024,37.89521199420858,58.68519066262494,43.43065055192574,64.56525882824002,7.85499209782381,83.58839294891042,54.47044324176096,108.21861051061369,34.334215499309224,92.96010087168455,5.253383853818381,24.08634367862541,46.461527241699685,46.748413590321945,82.67848075671105,19.942275494076423,42.87489453040665,19.75154214469718,80.27038080238867,72.69876244392336,39.11607373628139,31.498691794713057,24.998178114732013,26.737333103511858,51.35613215162964,92.97931265355496,17.4260131030335,38.07835524649367,58.93156253048858,32.99780248393509,36.939432951905935,48.86165087879506,16.872069002489965,13.623325490730506,42.5495471198938,30.079152495805033,38.199877783975445,19.976209096515973,31.736356007201397,150.26666666666668,20.0,883.9806242731628,98.91241831089688,109.76791027487211,16.750842777122454,3622.5563267838784,2387.6357020433643,8826.67071780729,147.75879203019434,0.2441591857150251,4.612714975368965,8.937003455872206,1.0
2.0842586915629607e-13,536.25428136313,620.4141984171192,99.39643011870679,208.70585516133278,272.6901727979114,183.59821207549555,215.41695914299223,233.29226569366023,203.58359747503815,299.91487789014514,246.60509336734162,77.55751564030086,324.5553341739401,157.84735011180376,134.99079517626822,63.39108525454763,210.40672771208094,239.48188694703578,276.4995844669722,60.58982012233582,128.58939224657632,120.15876024623077,163.62174582188203,52.06355291662863,170.02483747153363,160.66032953145057,112.92552620553312,58.06219199054992,128.26409613880546,157.76757357065014,238.55565470897733,213.5435374151048,180.00190741330783,129.30537137408982,124.915392340583,163.64095527042673,59.81829213790377,43.321691459600316,82.09896728338973,212.32097264146265,131.86662743884136,48.23549153589053,213.44388316459742,165.78199434024881,62.144208497598605,90.15508733795569,44.82278257403756,66.46454110288283,76.00319497753917,211.1965067051168,38.0337833328156,165.25670801259957,77.29610512615002,108.53740475853638,168.7193091006084,100.57152467746334,24.336764990235658,9.326486122663637,35.16936702075691,850.3432593539129,114.91188090916724,18.60780173783558,111.52001293083985,112.53629812562075,24.579003284987095,129.03979978239303,39.55949461480656,81.60211149274254,40.633448721705825,79.61062249285587,62.75319026993398,19.800154567093042,85.08269917876545,76.09427219184381,88.77577247074667,55.15046905155269,59.4124194204812,46.55227735982652,27.511520599470103,79.78574662007802,22.673617462724238,91.05165776000254,109.81265113557271,24.509801561438323,36.111138127725404,59.802972421311544,47.25394094783632,72.51508725737136,17.258024849717657,50.527060479911256,22.940988567887693,26.95183330827115,41.965235954381384,67.10050259703854,47.97433258989204,67.69282627024953,81.96625814424524,62.018851093116766,45.69346858072127,70.33797772975214,54.81650760330513,117.694705024405,91.50007345055,32.9554211410798,31.621232055767997,60.84246963934006,87.40939485160048,33.781597018608124,39.98046053901519,83.34560235729427,77.34545606560553,33.5255643742649,67.4769311090578,28.291661685789716,43.727309702001094,60.40685921044557,55.37279735357538,107.1918334340854,54.851632894622654,77.7336988572566,6.925497348704884,3.5728118577657266,67.90400089772812,59.07802584045623,25.068776030502235,43.19854817867848,25.12650773992383,32.60574380342226,110.215861304708,48.4488829905085,20.64665239914758,20.675032550292975,33.0054963175644,89.5041709039429,42.094711017009026,43.42322136698278,41.4856442049964,48.81572681266665,44.191144228493386,30.727722180515883,52.94200983915634,34.97665274591201,27.153775802631195,51.54237784592793,19.71992581364557,53.07345410021864,8.684307019947656,23.330178687723986,42.25363093766638,96.53333333333337,20.0,850.3432593539129,99.72686717728702,106.85594771936543,16.973540508562085,3679.8321434289173,2079.7303322484313,9199.467600915705,146.1630651019607,0.2459940333422343,4.634562808229905,8.526721869666634,1.0
1.0231815394945444e-13,481.0044420826301,631.2525643580457,262.54443165253457,356.4734421009155,421.4150228392599,226.31697745646966,58.80293790276276,258.3093887923693,71.51641749723821,267.0159384734455,296.9486200120609,217.51689795714594,155.2797647007413,342.87422484766796,455.0146203260028,125.75842153899494,188.7719665864107,68.87542426830258,292.64893694229846,134.46388091151522,151.67992819658463,106.70350366161134,100.60593692769295,11.626560820562863,150.9998314852287,98.53295300660028,166.36244999906182,45.879895042701015,150.26522211870488,149.549039940482,93.8619237894916,151.37987251575845,124.25087726635797,31.014478295274017,197.6635256801815,152.74497944068975,53.57581270620946,59.52181685615046,26.65745361527646,98.34508457783724,211.57702771443084,138.7395525318154,73.31583069774425,270.93079639107907,103.98855701469456,28.41742072296398,102.57465649707873,49.64968628432122,150.0899785009487,165.26412529980948,81.11498066484106,118.69680927493201,69.54965388036824,133.9782052605995,190.68739489708958,57.12883959952784,20.40308277098444,56.295624990341835,77.799032454962,749.2268457500472,73.24147443519875,100.13482047599139,54.07145991869339,80.29156563701314,129.65118177981563,18.10237908995103,74.7494421413538,138.61166760270476,40.283443226127545,30.723626588050564,17.715262787585107,74.27007211455708,20.46570477368264,19.54832435293968,134.50683584446142,18.088621628536316,57.67209812810968,76.54327876065244,66.73751409948586,31.158759173381114,76.73091334059183,27.61516919940076,15.782569557833723,85.90327579192676,47.63934841414116,76.1245040840755,39.88884087602592,74.84662142090784,32.267274723713214,56.857015472461086,38.21228192271208,17.65349295996144,14.721132167936279,45.09184591120784,60.30095199663919,50.68307343292445,87.14692402336232,17.783509499807156,79.20008426406898,59.18693549537208,92.85481584266854,95.71274488196003,101.51412424344801,45.80459736855981,89.387542779535,85.71374895447846,28.79624503767029,51.298755251124504,14.341077589058212,90.55478886264949,82.19230232156731,44.87609601870428,60.66309471281025,36.69957459969217,62.1775835510214,69.2391091490366,56.19995493232481,45.23738219305916,81.74202443051499,34.15032530659258,63.90467807462656,70.3171803167971,85.07815000921775,37.71518055226791,13.913135371906026,25.704609148309963,23.832093450725637,30.157177079074483,130.85438625513913,34.6039789943579,7.350637918560992,42.47360162105399,35.06215091813692,63.584585415919804,15.980135094675934,10.312280376066083,34.51261114312344,67.39637683714942,50.64774849469713,25.41855657958081,76.1072314549658,40.48703648895801,46.62532258488273,29.124414530349352,23.63890544632423,38.48711705949908,0.765925975891971,26.358579533951342,39.84381888582415,112.5333333333333,20.0,749.2268457500472,100.7706912831537,110.1041741756775,16.57413869769947,4047.271070673288,2248.189531832273,8820.143089967492,149.25703130034643,0.2677545107039728,4.600631656050307,7.434967808693587,1.0
1.0610771520684163e-13,126.92781520331792,623.5503657265506,386.16168617695325,150.49702651536566,422.208770758595,305.22040646472465,138.49767750173694,408.71191329167027,185.63681916993883,192.6264039025778,127.50354408051393,313.3807311692724,317.32690574726246,319.1285230797285,240.3188083766631,329.13900893588004,181.17810163972808,151.76900522699376,279.6042865504699,35.227734443234546,77.89750496354698,185.63711169478256,66.70060224310971,146.6282106500852,113.22906804599808,39.064367139339296,18.483802160389246,110.33449382619952,73.08875473204692,179.175057226312,45.714834559003165,199.72152828069295,113.4229396704164,39.91841386464785,141.58314451387287,52.60395095544196,128.0086639727339,173.30467117664534,92.59719905109174,71.3512371452112,135.5777896876777,137.91695593253417,117.16614680207243,140.00354201049876,349.6074622025322,217.70167166068154,54.75824320481432,62.580381639189994,188.79650586342984,96.63042998972942,67.4235215893262,136.4346386709442,83.05956278566741,157.90260152824175,108.91509636425516,28.98477266730088,42.69283497529027,8.895014757903779,111.95804803442171,765.6976633067652,45.463688089826334,72.6560353736831,40.12876529497604,46.443017641843774,117.23031146087249,73.35350344093438,60.60312058342245,71.33545000089859,88.16217485507303,64.5399146165038,63.35961478883583,33.09635243873913,73.67533323774065,72.56397731943024,85.81944871518216,10.155560145427536,78.4925295333001,66.12896036319466,75.32936696698843,41.449710820426766,62.776222004174194,33.93205343292843,26.523881545319924,69.67127457619233,67.91860873037112,98.0339790242933,60.583045653342694,62.4407658704775,39.104158441645616,40.98754527838707,24.088054345749534,36.157927907895015,37.35951697631804,21.278324514896894,74.05216969177198,56.462068430857,67.90394980919702,79.0173712169348,37.52978454891977,89.66495661318554,76.04906010784502,74.78635267938478,34.3869439820722,35.015296937295915,46.198225589888324,96.98544277309404,21.20482774936295,59.80425190758303,9.058067667262746,97.2062384169046,92.2721932436189,54.08122950101215,75.82394205298255,24.81581312541362,66.26554851824415,44.79622592400035,106.07508730881187,49.22653103666009,45.730193112240045,32.71200197521476,35.17982179139593,71.27458346006078,77.19736438358424,12.847149127642492,30.909982826323827,20.180201319961228,52.57012802390722,82.40261782404743,95.72491842221815,13.922708801017055,29.842625144539255,11.714589934709794,84.55965987816131,60.68320745236357,29.143609906887626,24.614293530639408,57.58666406734231,53.35357154372723,36.026527442789046,21.476401547150562,57.39185141802608,12.254500654375475,57.6752545891301,37.15140902421178,54.89182186640456,21.900742291452723,34.36367506069934,31.71006567691288,34.833846702191614,63.2,20.0,765.6976633067652,100.86889156751296,107.77443187413782,16.700872179419477,4017.3785887882086,2048.300860628467,9064.654285710269,147.61389315322546,0.265518174226479,4.623834663036711,7.591018909871464,1.0
3.031649005909761e-14,190.13965103017262,743.9048866373993,182.86041160722758,153.718413222319,645.5509140219269,482.90993953841615,183.19681428832683,341.88001034111426,507.0381241163141,217.2776934656299,288.8903375142526,133.92639143998747,573.3711849366405,210.92447559223555,236.7044109063123,266.5415496653268,87.6509747090181,130.24330954311188,275.56641373147414,140.68276934035498,94.77879729603855,49.77536195328814,216.8523817295022,88.19221623505075,184.31987336049934,215.61588945533757,188.96496736045282,20.294197827682915,19.020049759822484,78.74714228691367,124.91790975438147,96.77392053902388,78.29575935348457,104.85125043885274,67.89955989320796,60.09324531991357,88.7908487952477,120.75504382040768,265.5277236256055,138.66875410140418,23.097276089914146,52.8679005968712,242.95292093159375,50.842968741752294,295.2922109202439,160.329557240301,61.733946252494285,61.985584347339696,77.87141436193644,25.28556900684658,123.32641235765173,42.63440595751742,108.87403377006416,42.00230906240813,93.00864976355828,31.53464581611051,66.23551402666722,25.984984687014588,121.59685414292954,801.7135079350504,64.19488506407463,84.7541000300217,50.47852329857118,55.66416340437875,90.45355275070986,106.50388394342582,53.9837883671336,72.23384783485781,92.09817617220224,75.20318154500328,91.09225746537697,38.525219403391176,11.035208354590974,107.78815725049702,72.93443021722398,3.158456568429328,86.6721226038766,33.66603496007271,67.30299685752796,116.27347357077996,57.19960861265509,37.082544416136926,77.61790900363543,101.67648347661,73.70543609328081,79.92539408949915,64.32743747160626,54.24891765044396,22.280305908594794,66.07139928794302,34.43588681067049,51.03696537203115,31.074997774446608,10.83910866562185,93.48662208079425,41.95587401589222,69.65119503691993,54.22551503223846,16.94924162789227,107.92721827437438,40.803816948504526,29.07768204965447,21.02818390542557,46.47471394032828,96.65967179315646,36.96695630744046,62.956267919559146,46.552477845781425,19.97394330064615,100.64234145349306,67.18572663426977,58.56925966025058,82.47431221910118,34.34694674670569,82.92112407104551,26.487351223097576,137.33027779006568,18.839980065807257,69.66154254653051,45.99268148337846,47.62214328152695,88.8201158769422,58.95642080465614,60.00769466489664,33.37194190621373,12.061972503349544,55.20018549472979,55.42218025267755,65.70897786849596,33.01548564388152,7.481670700657174,57.88905261082192,40.13579820052573,61.14562455623762,79.27608500643152,58.772382009853146,59.477820308109486,65.06407358129067,23.5051745274002,19.708344296829306,54.287590776552065,58.17774462569072,16.752227570638777,62.73556293510011,37.464685010502464,18.92255933912147,40.578956188652,43.1878891087052,23.35364651856726,101.6,20.0,801.7135079350504,105.93112012665782,126.37044607250323,16.27884359593093,4855.589247751963,2215.203162873273,8818.87560837344,164.89660958264682,0.30558154153669653,4.563839810853079,7.568252907894036,1.0
2.728484105318785e-13,275.704236894381,592.4067011184677,332.7742270015494,399.9062132953201,626.2173605478467,94.07383626078307,491.11374698489334,411.03805585680016,341.460476116967,389.71414419698647,168.994364857405,266.73822839788323,453.34486855463246,327.13835324128667,93.35880823437822,293.6294046641566,81.43911179931364,208.0743804606773,162.8355309135388,89.79371459570466,123.50614603678676,81.00934587312558,298.29002658965555,106.96554428392162,175.626757330414,140.25011555259584,216.33066861255995,53.79909200724946,73.14486897845701,53.88715258108144,116.59705727453704,150.65214992734704,103.99283417367471,46.404830740019214,53.10187769115694,133.47298252229504,49.93268111679605,124.76273634312456,229.69076494568097,92.83192646708468,101.69640030983537,132.11457897130816,164.71527170061984,232.3623236022287,160.96077894551001,122.47930692765198,41.50575442610946,73.30290147178552,79.13014797945864,18.33805999675114,132.025707496177,45.30902768359035,64.87155867033619,92.9511773061543,89.11185249606852,73.75953683170907,146.64046261910374,62.14964405095849,62.68206986319994,871.4278200204081,118.30326062308336,90.17306153577275,92.63472522268822,107.43366178424957,143.5284835113311,6.7008604370801805,12.1306646857472,64.45238650584889,108.03716867539073,67.0017887885336,83.39949330515815,51.2447168519316,73.51053589134129,49.28184634188521,56.16610286561737,74.87672665847036,103.757471282953,123.18259259821887,67.78739036086837,25.860441887659196,95.15851477309306,13.053481354469504,23.093372449921947,130.21221953622413,14.335569273745206,58.266493325930014,22.73349407931606,70.50378314674468,9.239174411096274,65.00117356233675,40.67636349098918,95.94511806575505,45.03342267085685,40.66193046608334,119.00711744467372,5.379551314403188,47.650290704284295,33.20119835146972,55.73419559612729,109.66810536037056,28.03223755243007,30.8982058781465,41.93266954314553,80.63662051660489,82.18835248036257,69.75413090574696,57.717075851878775,63.68078600639525,72.42292945054379,31.415739490526846,35.96056866438266,19.235070361087352,83.97454251290269,37.3804889033486,59.79851998253038,59.835337554139315,117.57588269454277,26.207165701903435,65.72760464371672,55.436119844085525,72.94094139562401,49.7676943858723,77.4381159055644,48.40966036947728,17.336599007863125,25.375899328328153,25.67154129121713,81.26944289116753,36.32242340076653,39.67215202673968,30.87113699117164,98.16534565104837,29.971248140758764,45.231662540591,94.10008710934376,20.40404661313312,47.64926153750309,67.62226683435885,18.374183195103168,28.02220971540919,50.13050079827005,23.33428160608626,41.25978011669467,62.66692747358674,48.64966715590004,54.49216785674807,49.80761662709436,21.178591131678154,43.34895191379654,97.33333333333334,20.0,871.4278200204081,109.81456958989244,124.5471955549441,16.10488832835531,5170.624813325203,2198.0535159325345,9103.507109226133,166.0459081543861,0.3139003523627838,4.585259499155736,7.935448122000527,1.0
1.5158245029548804e-14,354.03858793514615,708.2109244994432,431.4929111537964,222.80624777237284,373.9094422209112,277.55300878700467,242.08601603287462,379.6518759101318,122.34478695770758,134.33644527510037,61.15846135700537,255.61575764688783,93.88324156516828,192.4139841490824,173.63759821334756,188.94039868146447,35.00305198178471,100.0669477705591,279.55323659492734,166.7549208943171,28.81049042611997,190.62807366064462,181.63865508700275,308.4435302380441,51.819634887200294,106.40543004872926,180.68139447813456,47.40366178945599,121.89931276695717,106.17944446114643,89.66886399604333,64.26967364540346,232.66613517048413,121.17550731119552,176.45048542254125,146.66437985654613,178.94029100042584,69.74417075245226,119.49255457587101,243.78276819670108,197.85856000966186,29.547843179180717,32.063759817937765,84.00991787539459,165.2977173971115,60.20706039234455,68.45636199383603,98.76446960894688,121.90269255774227,21.467908866750655,23.865556290471535,57.32794148503626,60.03799979526821,117.31578713729164,31.747204477308873,48.71134429944406,38.70531320512449,142.36750468613354,90.91240402737984,824.7956627056794,21.832970117443985,55.12318716284649,78.42520743716011,50.292655661595816,68.50961264150608,43.934761637901126,65.63558065683165,65.05405399923669,47.42689589692823,15.771328651960498,21.709943161011363,45.26464991425608,10.315920345648292,74.65253808914858,33.240403794846486,28.269285243047957,39.16635080328251,81.46894820595494,55.74804001514062,45.47081513304584,53.094196304579846,30.607471362474428,22.599560361266487,54.87714460446053,24.21559815927801,129.13836493102838,62.2072988325068,61.822579319051044,39.486285209935225,58.529432449078335,48.217192659546086,37.255370432122916,33.1216131037004,24.355305423824483,23.9676320837045,59.447955518009444,39.91904859833327,39.0825378651266,20.018119882021423,57.58580071896583,19.183256160743795,54.04760879505656,39.65473775284771,29.49146383337849,21.926121270550162,85.22982756181997,70.66997213822111,25.62300661870964,18.296052534676274,58.859033598388194,17.751091556804283,42.587104121822264,19.06312698354763,65.74759748486645,59.92144490160139,54.440985843007546,68.9797099308884,93.88898434163558,26.648643857690594,61.05712538006603,45.4449675969396,64.22983807862268,59.982436335962575,73.73625140997555,39.655697308787076,30.648028964373026,31.57416039456091,20.553276191852493,46.469957238441715,20.12171145081979,67.23752552401263,41.44319516700484,25.3617318871246,27.851052177210008,48.147838124196795,37.991312017850134,42.52985702687467,31.2131975383095,30.110411750833816,40.675612856380624,43.280201687654355,75.35699453505246,29.54439284603446,57.07157136379854,24.677676581131458,33.75822422269116,62.57853511156565,67.04394014088173,6.214976942016209,71.46666666666667,20.0,824.7956627056794,93.14323402113288,111.56161904962373,16.129639997751074,3849.5016912626324,2161.6863375186886,7960.29707438861,145.33291743059758,0.27552559107615804,4.565030576401787,8.855132327899899,0.0
7.579122514774402e-14,203.993417889052,378.56303845383377,258.97970651323084,202.4192999123035,174.8466774061272,48.47260085529031,263.07264001047173,158.03415702133074,161.66307117250545,196.3985188364088,104.77493024189273,97.69271650267245,162.59743210763514,116.7921584446481,220.1581830742008,24.36434991843337,201.80199105702349,67.07593839418254,131.42714500129267,40.71279804762574,166.87898938882725,28.027130526731682,81.50714818468289,180.1364342308851,113.7475277251167,58.125943561797214,197.4557680997194,92.97754666588382,134.13290935119736,63.5820641973487,5.599759082756805,67.5487345596523,254.71291007087757,98.15087007885681,180.6647725016704,92.33222455788342,118.27502318189607,143.40195854675056,140.99005999099117,236.49348645567753,124.00058224909728,124.52002672090218,94.1575194898054,58.02429866593758,106.87676221884712,109.95701153104955,41.82106167683314,69.11239808491831,127.80337545415911,63.62403459210818,73.05388884290409,32.67320114037299,15.62823313375203,128.55683552713884,78.45690838869835,17.588713424338042,54.49075212848628,110.43166748039384,166.73701388928805,816.5012090333557,133.90467316829466,84.60289385767352,144.32546909475408,10.952029710089707,51.339400590360455,31.328716733031836,41.77460460807997,83.51824917690462,57.85405736172913,19.994992424175344,35.00362059261006,27.333929325936822,42.62940871194418,60.72721940121792,70.7405902654983,7.624892584956221,62.114115414663964,68.34828628881623,46.48379921652814,64.82946526380219,33.56623791816187,75.50251931277619,56.12117853838005,47.895009414631275,24.352242679350717,152.81181251454032,20.497588528960122,16.877295319551116,66.5372358622603,50.065257427612636,82.05729290494268,28.077800178329667,18.301067686301632,48.2202898474851,53.0039968852664,69.68706880521053,52.91630623890869,21.735356549248962,44.207053815456604,37.67958480545017,46.37525136157293,44.39735582878133,16.722476431697196,53.68014250214753,53.37388939948235,84.0005800843184,70.42554271423266,56.620846763901895,35.04605754657108,48.8618565565913,48.48637131036921,23.5541708975399,61.46887243271651,8.98156528895792,55.751646372025334,64.9845673184979,91.18289761684773,85.10604576092206,30.056720093096132,16.658600793638225,89.4078310230272,15.040052854516722,36.03877041629431,45.3245551853874,31.71522492399138,44.891356553200545,41.420169818466015,49.27733265556874,37.26958610149346,77.68405345871282,31.506738539153222,78.63140928669539,5.665144086536174,36.083367322806495,56.87389606361177,29.29038990603253,33.86880887646346,32.770103013612044,26.320502330525972,37.94644523686373,46.40244028023238,55.66981080114482,54.17210309798456,69.25466415377582,40.86429616281099,43.580728265912185,50.574155262357635,36.71295414585126,36.485976642540166,39.733333333333334,20.0,816.5012090333557,83.56234527592301,86.1218509296159,18.350507798721058,2528.3003653674027,1738.5298032276,8267.521622793449,119.99849480537478,0.20170970206089442,4.672583978259756,9.771161955032106,0.0
5.153803310046593e-13,306.39970428720204,179.50051224045978,345.7129379029221,42.778728342494375,221.45681028087665,257.58115655988524,87.00835516517432,352.26499691893565,111.61447982179465,342.8945599612889,154.4347851600518,128.9590533277563,174.55384075983292,97.60503108319278,290.65512772996186,196.08972910123748,113.6939779024805,225.09129739459837,17.123813597932823,101.62835582247554,76.03519044215508,39.04551794683107,146.05502239212947,168.0729436143112,171.0664668823384,17.562542609811665,68.28622503836284,109.92062028258864,152.40360756391962,25.156123001618624,43.64480999651724,60.15656539798571,148.4580740649453,19.058575953096927,193.24639232443565,55.0085094751781,61.12518772632083,161.94816952150376,122.62990484036742,287.3329109760594,121.58265973769093,73.72828066107553,124.52681481416798,79.95440817110685,194.36035061775826,153.04220890468264,46.095145486818254,67.1061421301701,118.78573297680497,50.547051787858464,82.49492858972637,35.69728434424526,24.422704004123705,114.61367340339498,112.00924893965924,73.0174466701548,121.89762165185192,93.14158632973883,59.008128601187664,869.7159445722185,153.96429812493355,74.89412085835124,91.20049190114706,60.6706927856698,78.10454328120574,31.87196400189691,50.1564173503572,88.94810238157432,36.83487157738765,61.36034325276355,21.550546993808002,75.08422548466757,39.92378350481484,27.23128168988927,57.14542851357404,32.59381745141635,56.62146335474978,83.03417360999889,101.31133713392808,110.57141222162315,66.47115919783248,59.44388290315371,124.4997989150539,53.166775655550836,106.35444023604477,72.72547829035824,41.56998773519342,41.69345763981063,59.25599363954291,18.482560187457512,39.187920533630596,64.42705680297307,37.3475374113871,55.18016209931669,54.498894807815645,99.58253877558045,58.31841071481182,30.939732726601395,72.54399085343783,40.08413374114225,62.14580128050755,64.5063621639967,64.55560580063387,38.52397145301842,69.30233031802716,48.57864773488436,36.54991581134654,54.29797274443874,33.96709077126762,51.99175842164048,15.448449486097758,57.88061686215059,58.9810474494511,15.830378267374188,53.54206861109184,61.12680414587916,38.845237807764036,26.473444752103518,98.27878403555815,45.255695542945574,67.33405555238895,35.00606565459479,10.003471226695266,56.93620719059809,21.902752682265387,59.671919845623364,39.074695160487046,38.70629410444572,37.85142497453211,86.11873891432643,50.415942024271665,36.062953650801106,50.16083646191311,50.026631009304445,13.092578901441758,10.712562847440143,29.66531575433916,33.846003420914684,17.89112442634845,23.280667371689482,49.4175570433707,33.22050335706636,65.14143389091066,66.88961123916195,38.86893518594797,38.72961354246113,19.17755284089105,10.696982416402417,22.673463481482145,20.53333333333334,20.0,869.7159445722185,87.64697610074363,94.05085398842071,17.827016688084317,2802.7649518118683,1892.730438321135,8451.551024978542,128.55954089664274,0.2131859022411528,4.653594512910498,9.922942961232858,0.0
3.941143707682689e-13,423.34132119128856,200.38006478715363,394.7251620691953,237.99135860366687,228.1611879527416,277.5410246696757,412.77650085060213,152.21402017989294,277.3322802483514,441.643202274748,92.02126634810944,108.6630582083807,113.73426298985925,25.58131287941905,312.2791300942945,210.71646762276802,111.97692404655618,82.26854769050148,141.50224485617696,145.69109510773197,124.0313350611715,42.31430224762987,154.16448784509927,99.34723143460468,182.86889645423275,114.5722093375409,131.99149866267564,121.60715769629157,104.72791002505201,114.91202311525605,146.96121350861952,47.72637032709491,202.35374485994976,11.893002810105635,118.34109072628898,37.47386489170888,50.7646858559325,85.13341715292222,111.75391000265165,135.81019686284628,166.9052294729404,47.80053934965629,85.02997475847604,103.20893036111649,131.16482516723875,242.78389853539508,7.954971250871101,30.402655912146162,77.26287937987715,53.007672400637745,62.57153111798323,115.50135937276495,8.452554419706908,62.9868218389493,156.04299329082727,97.20958436016353,105.74554577173791,58.22034146643763,34.97569184251014,906.8967099632595,58.582324272064035,157.74328059241623,90.71104178636256,37.80779013806442,47.709891850118886,58.16071310809284,86.58676452676562,43.504752427323254,54.60162886541639,26.813172716505864,70.89295139865597,109.98518934767188,54.53689718427415,65.69936999776998,59.66573556070521,39.63571494958411,68.69856128422316,92.85388453196789,120.12387615370986,105.76981716106373,94.62044985189661,66.37280519411614,141.83704729206866,47.359505707070156,53.628621295182,11.158280103688218,85.52930824546338,12.151360286261799,46.68479798189935,7.479174731878807,37.470265058474915,59.02221267804053,27.407354614071473,54.76634235672698,69.09364978487888,96.55614091022387,63.66429543723637,56.046520277775144,46.27184799564289,62.14878205653841,57.03062497495482,55.769014683056206,47.57007755398584,7.73255605484257,28.584288172418184,83.41276986825221,41.612704735523316,32.186904728692355,45.04008835880852,33.18798317417947,29.384785851621764,36.475132031127416,48.45543277200166,15.536083779423775,76.83503034691095,81.62447081553525,49.78019269171143,86.82736556259542,38.83930971681751,66.52913907984014,14.063961419438456,48.73628714275536,31.944689805912468,44.83491191183031,20.73403103461635,37.86191190533565,31.312953331909007,44.94715593889488,54.68171654568164,68.88325133949644,79.69452084828663,37.005933128740715,43.54391513342669,46.39141251049345,32.747261369246175,8.095910966905727,17.578217841447042,13.73965207275736,42.92023483440457,23.614800229467402,88.69068927542872,26.23682406157038,31.617122369215288,26.596152215248196,58.02569453890274,38.16041532592474,28.238364264454688,66.38017372774713,38.82335519774548,16.0,20.0,906.8967099632595,91.98187524355303,103.8311551974763,17.079509403982023,3386.106023253085,2080.0594381823275,8331.115825097546,138.71400132273226,0.2454183511180673,4.615001392287232,9.859515339972626,0.0
1.6674069532503686e-13,351.65319017737534,259.23008916568375,365.08617731241435,342.00899226075853,496.61421001550656,439.435205379676,312.7957481330209,64.28486668232411,474.3204491263715,200.84359724958477,273.5472453539253,95.56418955469722,130.20336811919307,9.145449451270963,316.5905601249791,137.56993523251117,238.18221424965319,184.89564857970828,164.17786288460485,124.25528525981389,31.064363388746695,85.01956738541352,116.6829140121877,113.27544941061151,133.54611722895746,26.867284273652608,157.6878391268386,109.59266665952194,60.19962258922837,141.79564659156702,158.4793530824187,78.13225704713625,186.30421709156354,48.336544781362164,72.89073970747496,88.66276013693991,75.0611870610109,66.8338134649533,69.04856828354971,63.583545944586994,214.62122693261864,22.367542763406348,87.55431971293461,143.63675134692863,178.32246830014435,184.93449439718123,51.07026478035917,74.95636275464574,37.32366972026863,58.835967835254586,72.44756647421072,108.90786562242954,31.70516264349049,35.566290173873305,65.87048834486542,113.60139779348125,191.9418193702305,111.97695799345448,142.9836786902521,836.9344389809139,134.45883788795848,100.2102306418085,88.98058531457608,34.79605335263357,16.745784968228044,109.35242057040216,84.41655695413593,44.52002465968073,60.18330479699667,38.22840872353242,95.04653095266386,28.85350936214744,84.6355700213091,25.38406781861557,19.355389717365835,95.85422654832004,45.72243763582797,94.91842649964897,78.11123565241363,151.96511332076915,111.9424888677694,59.664768034709475,139.62867727179733,49.55986536017615,28.87130345811205,25.88785851284144,48.67682628731152,19.150521405406394,44.877401742082256,23.03242031262044,33.78031340929431,62.58295463701637,46.518738951340055,65.15177115099168,64.63918013552993,66.48040256803215,72.80692854902912,70.29118883117616,49.16747535769346,52.14458531600168,58.34347086109513,97.27990094738897,62.72816324517044,34.16898139416204,31.48168913173047,53.399028205420066,8.92647299638965,79.01178676829392,55.39668729361086,55.093615779507076,38.71961423165444,53.01658509642267,34.59893782365735,69.20345650035458,79.755333537881,62.19421182646957,87.28016776623087,76.87430769569556,9.444576296040445,69.42863932711104,52.25395341430038,34.34723647018318,22.061401416101283,32.498605536799026,14.625210948624934,6.171029674393784,74.70664227782335,31.33237632834994,57.87544666390686,24.13283930405633,66.18838459207052,38.320343677021086,87.67247860427591,43.967339978793646,39.01008430390762,19.226576129520197,6.518003673902001,48.69740431175693,25.999442780305944,44.298645491815805,48.35878394644353,20.323383553827902,24.929244569352527,57.854039149599274,54.728171033331094,43.40491219419806,34.14546312174839,49.35277876767522,32.255145604684294,4.933333333333334,20.0,836.9344389809139,96.34770792897395,107.19866613572009,16.77443160523949,3814.7327779818024,1999.6073304064287,8637.81608095786,144.13339253776152,0.2639559611730439,4.605762715512577,8.686604559372489,0.0
1.2126596023639043e-13,181.80335376224127,384.2654952640231,213.22218928794993,212.6036325196253,632.2037927126268,290.8165711247796,234.6261133997324,338.0097875368307,121.38658122909659,317.1030824521859,230.36231934861217,179.0083794980755,28.390896226775027,135.11172707449245,204.70281698670786,67.1663519145417,146.37550415872164,196.98702205742276,173.08193876831456,87.34740899863507,20.12634557992215,111.18906734650258,61.10094536181785,119.60559104689489,100.17846964072432,96.31145112664964,70.00882872004551,126.9567010530524,75.94192180481686,224.49102368506965,100.01409525601959,47.40441314559992,170.88736701529612,125.38364563112415,127.32427124934117,69.71569958028307,125.65186031907464,100.28061659722513,15.62214537044932,139.3298452969991,74.92060935442245,99.30401995662548,49.55135550811251,99.50420045852609,175.68874408759885,22.569728154851312,58.84136940905276,52.362647090703575,50.50361931101791,58.255681649470425,66.91604202805912,97.4155750519739,11.054554907382446,61.44787060472918,51.27263682307206,72.18658222480977,92.46714059128563,52.225284393529165,157.5241663682832,798.4928873417543,162.69552272766273,105.83455671662989,110.34904595865164,46.369659950533006,64.26903096927104,95.93560744215156,61.340297750332795,49.93675143290943,76.12444501051294,79.22846984154377,66.84098530519283,23.2872504839376,71.09736829910113,48.55614626047562,65.07540924872382,80.61768935947808,53.205357770808284,77.57400405343981,30.619678196064456,75.77123145046876,61.78170966744378,20.665694790108194,95.41508082894245,39.75898773005893,28.375332228625506,19.67552492943954,71.15049679425705,60.81127264839603,21.405113851497774,37.15663925040963,40.32052311502806,75.58319893385838,86.30409770307055,99.43395471294706,37.14193907290668,35.49924870582634,12.458383439399778,24.482237820179268,47.44642571529789,22.31451943864752,36.58888069641811,31.97377608063629,24.01553514787457,12.412293178546802,33.024263689830214,48.078554459969794,21.36594486711989,76.90080548527776,73.48143035186776,45.34017832030437,38.20670398487992,65.97555167223727,19.930720972040568,45.01003949769354,56.35570151651777,72.49568206443998,63.16929858833045,60.90460711234729,39.48570743392331,63.24630844006098,95.4958795968513,53.62639338250421,10.044857833344665,41.51443574597511,71.69322607392503,84.16532634017231,114.6051534900967,38.222976613189,8.999402499151607,23.99272126188661,73.91412000214167,26.74313764022497,73.65550969079189,54.046386825376125,55.30772433229929,4.586452269739619,12.164578895498948,53.19502672439506,21.11218979054494,48.51856862981044,21.657360886865785,46.98615759759525,51.97514305439835,53.35249852036857,67.90589184327706,12.72732941586643,25.659717674128505,39.698964745708345,113.40339167117773,85.86666666666667,20.0,798.4928873417543,89.3287469822805,98.10683805773594,17.606214430986334,3498.913921437047,1657.0803645647702,8243.31776134026,132.68223962200486,0.2611263853752179,4.636348023856949,8.938812132897661,0.0
3.0316490059097606e-13,119.24959274071495,157.57792893605594,169.38525687442106,461.4084163002007,464.9177198533415,121.29634603251837,165.9757613242166,273.0289978127291,138.70617611206936,178.62317740737535,215.2505993059815,194.1242083839872,125.21636502341283,174.62151879196722,180.34060544298939,51.06331972418424,115.34136200932325,114.44972838717442,74.8575835554179,103.25100255264489,28.473586548564327,114.64854096999585,31.567535669213353,177.047666365918,171.5011978489012,180.56743884758595,149.61170569289854,136.90799516492254,69.56675181390536,103.9150182657756,135.20742910404192,132.36606008633854,70.05132369757884,56.10268740066415,129.00326982014104,79.32379925241332,97.17399931932219,103.66573062840678,73.33094917792009,43.973234402581326,54.796492928876106,91.56549957768001,64.68195328012195,90.5338359855392,88.94994707638595,93.04773610398,67.43045092259649,30.29113916098938,84.87207396564108,52.286560839707604,11.583492523837648,47.81137946924453,57.40447087285418,51.95808696008926,56.92900334685668,75.34693657936161,111.82498897537114,123.55030282908777,76.70962039007568,753.7073050146676,97.88759727128681,78.6622469065428,114.3765525423425,75.4164567739549,62.99811431494983,161.79904723114007,26.431410515015994,114.554897899427,19.59000114254047,14.634887383155801,52.548764018743995,91.97055117699031,62.751491837390844,38.332827566612636,44.40720662234903,67.51695998811978,50.85608671681754,52.81688200145027,37.93555949839457,41.38661512988009,69.42543767064913,32.69121153142387,92.6995949848167,68.82587383911347,4.607060869125767,10.335577558105587,79.6729403696979,99.34527118175603,69.20070243024469,14.700494358322672,36.17305434510386,42.889930302037804,36.8558653021101,141.69212699556556,26.112779897822417,48.50160189477161,35.31467340812888,26.4371020613912,58.18510915643338,55.4911804804251,12.775612393389471,36.81306813748569,28.31730045206651,25.61641190043986,35.63272272130239,6.569680414764242,63.47976731013531,74.5332812167066,87.10951508944775,52.19920022185856,60.212069238855676,73.55205462650315,19.609452069866204,61.60772177312975,46.551582150708015,19.62217124269335,88.65716720084164,33.869391974429526,24.59761256404652,82.33676464357472,66.33235128046815,21.68048628099377,15.29069148923465,28.57020323674962,31.988838726323436,59.34169217421505,100.32845460783585,88.85805820383638,37.71071694596243,2.4688401092659182,39.6645583449285,71.36828420049332,38.352852491505416,73.47147508468726,25.047816793925655,25.49150213790949,24.811917026543785,28.727866486947327,32.23800405876541,42.223162344414256,21.721517109085134,27.147782677335908,25.925650074161915,31.62418311768162,102.26690463563162,25.964420746641174,32.86697432572176,32.71166133806031,73.07455561620947,130.53333333333336,20.0,753.7073050146676,82.76981273977363,86.04183613620458,18.264710905742923,2959.382064898992,1699.196020593639,7756.893825473412,119.39028212826483,0.2383624308541264,4.670568083005882,9.106065122852288,0.0
7.579122514774402e-14,72.07082566012808,20.359894228577904,368.2206168592585,251.528302756697,257.1315165056132,199.9985925067854,143.2740531973239,356.10348151455185,133.32034889705918,31.786831495824956,106.87136836940466,217.51293942438224,75.12886127720176,201.71073855896014,161.62920124485538,105.01872885487009,59.62580106175177,15.263173310546577,96.83362480245464,160.298386800633,210.88270736256717,144.20994511806893,35.226014801007025,90.06682028036742,97.81090394454614,230.0386978761324,172.0554400675868,80.94508592029729,86.9182824441236,75.49432910256492,122.00508648254662,58.062619904554474,60.99474011483278,44.945992918486,105.14921196434722,27.38657305951915,85.64552610238854,46.408441659703534,30.051918861636423,46.85493532283978,70.77231196400635,226.68929765776045,60.54053908422971,154.7088271876147,74.76018304669162,99.27105666783311,50.23117640986846,22.554792626344152,102.63387601948159,96.30950108893722,93.91060232416658,138.0450962431844,64.96704990388417,105.83463981407422,52.33494618481383,54.7018601295325,79.86506496294214,112.8338667717282,141.77191202569983,705.9707613510922,199.097873892559,38.94756628494851,144.98191027872107,90.59618344700559,38.70746216520146,126.14227006539109,68.76137619185236,166.87682193007103,78.29413526022806,53.57661548225222,61.292717793491974,43.80545461094363,116.05797534016423,74.90522156569625,62.12775368366201,19.975426784406242,12.760207465041498,17.604206451685528,35.439359229945424,66.08986133734672,87.57040599956026,77.97166607502687,32.87002872918916,101.4693275536549,31.06018050613805,7.210948142184009,69.51474675150376,127.20710468464188,71.44112260550533,30.24113545079981,70.75007703782347,79.29335049398767,19.513116970153234,26.28559132133306,120.6813699485559,75.85536831432876,59.16942294350575,34.816521136409925,63.12440512495506,59.01653252361672,40.24333612601774,35.76623848534664,20.400652057196563,47.618826727767,52.06391771071061,38.373252210014954,43.79059325839502,55.31257954473905,72.1338439351637,64.25971364505497,3.698561667742129,11.480256896030065,80.89420299885066,29.61688195713848,21.10292423222954,30.118139323885465,61.61000922323092,18.85200432813042,22.443539237961488,65.02816232323599,91.850463479539,29.005977010668058,21.550015217309685,50.151734174641774,66.8011673433905,76.98999116744447,65.94347254125537,84.69517268126367,34.988659652653745,10.284915451530324,24.38435360976294,29.370920301086695,16.106770236103245,59.04610414854537,6.31456231867647,36.74322182680259,65.21550005379879,32.46862622343925,40.08578208886725,39.20656419070218,79.89288039695475,45.16248928758561,34.97385424364753,18.884766559229206,92.34274231139274,50.00837247053043,46.71403468877125,72.73049428858582,29.36162649684917,151.6,20.0,705.9707613510922,83.14889076014825,80.49120114430664,19.33331664025511,2435.018371251769,1746.8228138898082,8290.492428880661,115.72627833079355,0.195233582311666,4.691864774634585,8.490441121909123,0.0
9.094947017729283e-14,243.4823027394674,188.7780224773942,211.41748563694367,466.72903145758625,308.61506505376946,102.89502146424142,212.06258268657746,277.0280583002851,136.08334914683937,241.18859736361367,125.33437518742942,33.800392681507006,141.20794599671308,112.53806185338814,194.72651272595022,84.77954184798924,75.9971419809838,119.46567904628009,103.99623640387289,157.57297915276402,150.43300259080542,153.64594958637636,63.70495309001412,125.01174169894077,45.730527006230545,330.77334788698175,144.745245116564,80.79408565190931,154.34918748321346,100.7037223711904,42.186144862286326,42.43691089143909,94.89071599114966,168.15432713296872,160.2533374931134,138.46512945113994,65.13474546070071,74.44351731768221,82.79750916206773,74.85270047308803,44.76110518524159,221.54408019605802,35.4629455333144,139.62062255146458,79.99584122859659,62.584336977790315,108.67441319615223,58.093858854590266,112.38417238356051,77.99498559380454,102.79137974565778,166.41949138359985,71.50085642249987,76.1286813998363,77.86099996174316,48.17261263197564,121.67256845464534,17.660304173498,106.24406055979222,741.6396418601325,77.06279047775328,36.07445093134119,98.6050631457398,50.65079142514297,80.2417705495347,125.13103428893588,178.45303750487648,54.617840563489075,74.64087442007178,93.93972109609845,36.31329402994413,21.18961944659922,122.07414383173432,62.45821811270534,67.17274579602785,30.98313754883825,34.94705417719906,2.2192960503139862,17.402885873715622,104.58973950036507,23.938823490171906,95.05456598535518,77.47416286280266,110.4985982647722,19.937007569880908,27.64889588356389,69.6255361583986,84.07941245997321,104.89287927874848,44.08623204745177,73.64389014746837,50.854245855648884,33.03450651841181,64.13359085098354,70.58694302013161,62.44973765474256,75.87888611990228,36.96580646348649,74.29868688929919,18.360827868045607,42.20118675222297,35.64451911315559,41.65343453117533,48.486757587243986,12.979030112165981,26.71589973532047,38.78406535094309,83.131732359314,36.02781392895953,78.9590822099477,45.74237869771629,46.433439835960385,54.87266085425073,28.672543060533968,47.42099898572696,33.20519101018296,68.15927858332162,38.29131707237714,25.288392356249474,92.1564458432676,66.13510761129616,53.86826824730262,34.354802797096525,95.49202983773111,25.284668383982716,42.337203116626014,21.07009355109119,57.422532440881085,53.61129546532986,37.38614382139115,23.296650045608818,48.07603915250242,13.977934830981333,61.348540959694176,7.531848272524493,31.838785936828025,32.042607423569244,81.10159478981441,91.79279592502755,20.023493913375525,61.55653832207485,64.17322865058127,46.411023370646014,67.29857265019234,31.598635745383945,40.056156830090856,40.02820497391124,24.769583954735694,67.4180479716368,50.13333333333334,20.0,741.6396418601325,88.03256544453569,85.4040827313277,18.291851044791354,2801.160292045756,1985.7261312688765,8417.998393365722,122.65231316989471,0.2121306115830213,4.699544759557418,8.424605577664297,0.0
3.637978807091713e-13,141.5352356915781,446.7635017297101,285.49209215025223,67.84671314470218,385.0559829385053,379.651673551984,118.3397961087381,261.21983510611165,193.60685131812633,266.80372965330184,52.17108925139073,79.15448450293981,49.50423489058075,186.96959989396828,70.86249907208253,76.21737157234153,175.75555827133,204.62423335539057,81.02990200773402,76.75901796464645,219.39097800055885,238.25269707905565,62.15308290173166,95.27596639328263,42.33675523459577,248.58542187468692,127.05832007732093,143.90150699561696,52.65003651915839,153.91643729378399,75.80158290756101,29.616364190809584,57.70513362963446,93.48004026590328,262.12933035084325,125.95756941151214,70.24718135452942,99.70940666954526,184.98409375260553,49.26076663164146,113.84017318907537,208.72590962226138,108.50570098458425,163.4189780047527,189.9907112231761,72.50692142696647,92.12499680913618,131.10314368998803,85.17631248343659,60.18682026268985,142.5809511856934,123.355424818909,122.78729836056009,15.89901295657304,28.987514154900786,107.88272876050254,118.91305061906715,23.87066017150403,13.684867691979077,753.377197796121,108.82915773560211,84.07613808194753,35.25978384276837,68.43604099584225,50.640064393515594,86.61019532997753,91.34645259219,43.95354251304619,65.46988985005522,89.45786565208431,113.67513396870726,98.28555211965093,60.94599253101712,114.81157598123158,40.26512138315245,39.69694507259093,59.04043908483813,54.947490439887304,14.195655987639292,93.53975003520958,12.925241565068568,86.92677698293127,84.36584975075849,100.79539364261902,16.159788046024044,27.092015075294462,60.72797995531695,34.1164858646786,78.91763181799261,110.91556998060283,58.05265122832707,65.49619318761157,50.80827953685487,12.90848777301376,26.961725681102777,73.15376178613913,77.64204002337243,21.669201713791328,27.63112590699205,52.81262475330432,58.38154342562123,28.838269581762678,31.00005175602206,49.74628383055651,27.519769282026477,29.71517749244024,43.836811338648886,64.34700492092604,43.060650754688076,38.704615264151954,13.91392609973991,28.56945308835278,16.747256749373886,83.30423285719061,74.82822509244065,35.78317423726979,32.9265350178964,36.86981922455155,52.65559094931464,69.28516000140465,75.43484141995633,62.002907864987975,29.321577275315526,52.05631846813684,31.047906363219752,21.884885590564984,60.0023712983276,49.49439698228296,18.840896084116235,44.53941557746485,47.62548940915977,37.00142928425854,5.852610513523356,58.17077891518247,15.221197045617675,29.062242621272915,22.219770355785865,66.83872515935607,89.03306910965182,22.587968178383466,39.8618591309763,36.584483271492054,78.679960448876,39.52486813835344,45.06257208082669,15.766177316743832,31.314604392065032,40.45647196320133,44.59267959614443,42.0,20.0,753.377197796121,88.76248056402694,91.90996753894342,17.56183052967367,2914.11481993189,1914.8533473195332,8485.403917352618,127.7740978793781,0.21886986494102875,4.653647728206099,8.487563585525173,0.0
4.69905595916013e-13,340.25791248222583,301.3587659408947,326.3375685534734,176.12986646654147,359.04233793006875,324.3840839981343,40.62439906164194,195.2859899782857,82.04725718570016,111.34756628911211,139.26234488577538,179.9760258552531,110.7946152176967,219.1083670696992,150.98176149427198,162.33664069968899,154.62179508470888,168.52028914895504,137.5382482786262,112.0765067134214,109.33496247293697,185.00540099832958,116.58641145217538,44.446183960010714,42.01274656322279,278.6658866194132,81.81508560589111,114.60623444569157,74.91234764174226,205.7466130999722,130.91161244671,105.05358435660965,40.36295811967102,67.82728553683694,227.88926493140173,204.7169929194806,76.20071292696215,150.1548947203907,139.779424183547,103.5948128420369,14.169780722150724,119.75280387436112,47.3112807655836,223.83716449881535,124.05639513416473,118.66641655637947,145.33662107134808,67.3949551711711,44.7634603109294,59.50775859779405,46.86636509429558,113.68022545627569,75.96183664391339,46.99257684696926,63.963922107000045,41.12096716334793,60.17316770549165,63.856732803162046,59.760362071299426,765.8233523197205,109.65759713588787,113.74683098503587,58.41704268266945,24.427353286534995,16.179980792041594,105.2024836237925,66.95042437709492,56.325401121228154,68.35358020480402,52.78813309120772,101.25485773233041,39.159528204873205,61.52642943674409,117.59619794123132,34.30166824579301,17.570735222565034,78.71361319528263,44.11204636713876,51.50351403226339,13.117604603473993,99.50705493860026,60.162182778722894,44.744064758306635,88.0942265097082,16.377463006950723,30.448555535178738,50.58288001667304,63.884167902740224,30.263236492244268,89.25883758362116,36.24175281500931,83.52035765621397,38.837934845379685,25.37436107919777,46.92661667895479,39.74382435543559,27.32537327785211,37.81044738037708,9.68454750358246,45.508875813161744,26.309102270747523,32.338410585955934,35.97340570569194,28.47271399659951,17.594768333219676,14.654674976271275,19.002302111680965,59.11329561959012,62.75835911858518,18.54023068664772,34.09863083711562,40.59219517013816,52.098432276575465,37.94436397156594,65.7506564216981,36.806315274668464,12.476430267827181,8.702133809642765,83.68345681879875,54.151697804579584,46.389820586164554,62.531935714473015,29.809714812796393,36.900146000222264,41.18743354191869,44.464292709530504,15.250652387672154,85.18001234539027,9.388760620463957,30.611492015805414,53.63102938339378,40.27151741480932,30.33390290105576,15.849997235244464,32.498621932027795,25.519588148846516,28.55708824458047,33.30844439656103,60.674047299156356,46.799072404696275,43.58785545863106,33.18198551005264,56.08311882483547,20.88611678496658,42.81976351937211,30.804999653219372,29.97863427540402,52.707749571048296,4.131077666857025,49.6,20.0,765.8233523197205,84.4256942247872,89.64231370571927,16.80479218913843,2905.957100914504,1933.4605011790864,7824.436531624491,123.13992955922889,0.22946861754963382,4.6358364830721355,9.070974889240253,0.0
4.3958910585691537e-13,370.06372679689633,452.29158560804785,291.3774264244229,271.6782544223944,311.16995745982024,291.66675829399503,112.15305432803683,48.42064453756652,87.02625507397022,99.45558307812408,104.64140236109904,102.77697072065732,233.81184537676768,149.1203525452269,61.86823615620463,145.76561040693608,107.51376412487112,115.92649206725689,176.29575339898852,103.78761610882607,124.36666086135732,157.88997712239825,52.2658997379962,58.513435875902495,117.94329867082004,116.92178739295544,77.24875118784317,69.1091034202931,40.25316500193086,131.82724841010634,178.073009561643,78.60226567282021,39.39075675478747,123.65359743318822,91.3931312547592,60.774916300705584,187.46300450766344,173.10817165712464,63.92337515571121,208.1078790535788,107.9463083913665,117.06406270676945,51.01451909762111,227.7335694822068,99.04225956364911,55.32137130715668,83.136839718058,38.47571051390449,35.50906031085177,62.07192960142648,39.81561650430169,134.7181134566381,67.96314667997973,84.34928265437466,28.124170032706207,75.68897415491155,81.82733279194213,111.61298439179076,117.66660529885587,737.7966772757469,105.26374173700289,52.25791646365081,32.990889874156466,63.3120844528089,48.54070294222051,98.96315276228655,13.246459995323738,20.8902050100238,88.5563170697388,48.22026645497316,52.30318677232166,43.18526787779604,111.83456456969839,85.13261396868498,65.46870329486534,65.7079770777902,43.67825040875091,52.44884562032357,51.66947354421203,48.30331646913965,68.65840396632046,31.55326526796548,35.371167827715205,22.332310699875503,44.77034210659088,56.06929337124602,62.320075948553146,73.28055962458701,65.51211004412112,92.49688834981372,13.334991192001823,27.723895277185594,27.775769614222988,59.14579620995029,36.079761774093704,52.71918670214085,22.05220883517427,39.78685280914591,25.270515388178268,36.145139522639994,33.40093862070486,3.0679036260939254,57.03913491057704,52.52463426990605,24.10747151491212,42.67758858220148,65.830323493571,14.548320471211351,32.95154345461266,9.147341736249023,23.070322625680543,58.52248388307047,31.17306982965839,56.14972330533913,58.9849650247966,10.82777741977409,10.51337854149238,13.967120106196177,75.53122900843789,29.318342775294578,49.74443364637331,44.44796637459156,13.363215216461237,31.07807329711434,40.267445753792614,60.27819753041637,56.86157061923438,47.79164514860887,39.44049736603184,40.98936356728315,25.01649898502062,21.277084222610444,36.56906468629923,11.448867780278768,39.768046823550435,20.70051951460044,29.889466600475465,21.694147733123952,9.75708746244893,37.426133660779854,35.39836479575094,14.456872605206343,39.792204015055994,37.35102525225968,40.748864465184695,21.948298521056877,21.599042357197966,68.73318019735176,20.96255833361077,30.933333333333337,20.0,737.7966772757469,79.61318941480084,88.13878339227126,16.718606235735862,2925.6538170270264,1525.6695515345805,7490.655043658519,118.77165093854117,0.24498903917237275,4.624375053864412,9.267266927740788,0.0
1.5158245029548804e-14,902.4536708231581,444.331899051544,291.7606565960043,24.16717357693981,266.2536045831212,204.44059171757314,256.8905321227063,161.76725925303728,91.40703404477762,86.57063552995716,44.46100906378638,52.70738901803634,249.19803821578367,82.81940232729167,147.5985984548287,117.86196906267618,184.07320060215085,102.36644272010282,81.80648117128581,151.77338635350296,238.35660809790033,136.77554669605524,84.25450523497476,70.9235351117629,128.506919714363,47.44291446865382,115.45834734553429,61.78758473122571,122.69614060729597,111.61880119475752,23.57175909148703,165.85913133325877,42.209029717243574,114.03405368213186,28.378864773966242,6.6842092891972,171.44237240299736,63.117172571219456,182.09239560054561,114.26806154723238,111.86746506187302,126.33584476088785,59.854371822038495,86.10408544642226,23.813065276031537,37.80037910450817,61.563297699957246,23.20803999436972,37.772016414980335,49.30575805905207,34.904954255614996,132.64504483729343,115.58959223398062,89.90012086113117,50.76327827777173,18.55580296748338,36.76294836836184,117.1313793413376,138.32226211986895,723.3574270113594,113.062055672366,17.962119230932,11.877585602252324,28.348999195923867,81.41882492326657,97.36379528370604,62.549815437242806,45.92244463895688,107.23830839750133,32.167480444818025,30.137512718026194,86.90322221887406,49.621766557280075,32.71755705941025,27.63733384793516,68.16766221492571,9.728162664500099,58.79038695367526,19.141921591255677,72.28449014038988,37.31220180662148,23.980263008353138,29.399067949175862,13.154800578378016,6.3096668271749525,106.90412577501378,108.05751638432722,55.57142692219819,43.0738906076778,111.6141712321746,58.36565684346898,39.60176786796044,55.38307281831959,51.58826101815596,40.651708356206704,39.858754680833435,32.99999383626935,30.392868031465028,76.5516848459925,58.78427605330451,42.23993487932266,44.73881310658089,51.65878781122728,45.344772097772065,14.295340025053598,14.91576164406042,86.03290720526802,5.479717862154155,40.068038217812244,0.7972511475479558,23.126306336459837,49.97380849092461,24.769063111762954,30.81898317354874,39.32744600426335,3.2860167121733674,8.153415485411143,21.43852889148306,55.58374176358893,48.87468679928297,41.00412742686706,31.953163524951943,16.2205749915126,27.53423854207853,22.07297057422751,74.51456779538128,71.31719937500408,35.32477316012382,42.692904947395284,29.96101894761442,40.47529364499415,30.981138956510073,36.87632220515275,8.363601284195706,38.992184671461395,28.64668208016348,52.22638048180512,16.959804285257416,33.17052857068302,18.630608362313346,55.57498377199884,2.736969510447059,47.36076309790084,40.89967005931217,51.832542108107106,24.232053940853152,35.82831605572452,66.34069736699632,40.09540669987472,53.46666666666667,0.3333333333333333,902.4536708231581,79.26366770347981,106.71717910217485,16.56838343867726,3159.2288959237167,1791.6821803723133,6938.639079225943,132.93338682713735,0.26571475409912354,4.52269855772503,11.38546445010819,0.0
2.4253192047278086e-13,909.7664361169025,354.99902206080554,243.26827001814763,207.28682570595998,427.8010607141178,191.73341825993822,31.945253155718664,219.91615062097725,147.69295157593942,278.2833981275599,267.1315678951113,109.33134351696027,224.4695824725669,90.93532968835312,179.55557171616763,112.6859204212454,185.06678792577924,72.33584313213939,56.9172594032151,212.74459497358336,209.512808422658,93.81670354096346,120.3661090750355,22.54927459831037,17.156102243102335,164.32457950244103,51.34874848949426,112.88733941806372,18.97284766577238,71.73944074739421,51.357738917543244,111.65702438368288,74.00420937692164,27.4484098698102,135.78785824166542,143.53646582164848,84.92288924852392,145.66164595430098,217.7933438520401,67.94752500433883,147.06845480031464,169.94035507839655,29.278697018810476,39.13946616478242,92.41761389761002,40.56788702375991,91.38921783234225,10.06247072333939,16.12951520980025,24.19623478514328,88.42698758422628,84.52237553219234,44.40983841008343,108.49132939443484,63.63660567906479,30.458739256639703,31.18403965239128,85.38337826060511,47.06316576859998,702.2280884966574,51.747999938178204,82.07280050912219,29.6182003851326,33.320102556297286,106.28797723994435,71.08924099487415,130.94060479446776,50.71398025287565,96.62192293904525,73.45249407079363,23.652470647458628,41.44549520033824,15.38336074761029,34.43920501089301,41.53541995828513,37.9918932441022,63.27629708409332,25.077864794085794,25.39846253613952,50.18561311994269,40.55935746061826,90.68053518226841,15.740879340932889,43.85156630715209,62.17954840283386,79.14079480235502,48.47440640968121,93.16610310594527,18.357502084068948,74.24759911663443,66.35427161564856,89.93293574282609,38.77855962606617,75.92840936985522,10.787767204645917,40.72520126696962,72.61517358934944,32.95658231329614,118.11680664748515,62.2173966382751,105.0887297401387,31.124746627700848,30.716297141549234,18.505367557531077,8.753347683417193,47.478673277151124,24.676537861593857,52.534538325503505,30.057824854276408,43.37945998786623,57.01635493335367,28.899693870179593,44.64791177069194,61.64559585073565,19.175986370035382,19.590345773733876,19.556216398185704,39.704032503718615,25.754294825270957,10.721347018279094,11.305849700357761,54.726545803531295,10.106166916416434,53.2739974041523,15.436656958242004,60.89959597070737,58.85527932791061,28.210770158535805,22.807210867903308,65.39335256114215,13.464491533378853,41.966121923206515,49.97996640765074,13.597391187669583,20.170170228365258,14.03525543304635,61.691802643475455,28.61999492556565,29.72131555448303,8.37614681883038,24.693170293453814,52.64350511851443,65.48188276547222,22.976263691481044,51.05564430022186,30.11739759098424,12.579218003640202,43.39499153584229,93.05331479461942,89.06666666666668,0.3333333333333333,909.7664361169025,83.58961569434041,108.76478337967689,16.36945380033897,3704.5606099290585,1630.2404905279714,7203.641253694031,137.17507774940592,0.2954562062250581,4.532266588324952,10.88372555083418,0.0
9.094947017729283e-14,514.6829113066954,314.0830589112707,102.86707158391974,355.6943109528455,376.08958518258373,141.10305918558686,67.48076365729855,126.72384992858926,76.21033958142255,286.58529463565884,274.14614439786294,89.02816930049948,248.7609142104557,89.95705099826624,268.9231071471887,78.26132305369248,222.83165266996778,52.93370445576949,38.51425463439979,219.22309244002844,203.08767166217095,179.3229636809928,50.35098000072065,127.87966843050086,54.151813170963166,180.61443354781397,39.836368459639296,134.3276663200334,29.721228945023583,96.36813590012986,101.46972605444283,118.25839525685564,159.8701251103636,99.27401993250045,166.40844787716165,106.36891170426193,165.46608368778556,233.54485786654328,84.91956393912575,154.56841116091678,217.334357482712,56.39112188148515,100.0557428599228,93.02064368482272,86.52409108263738,53.78685212514776,79.66395223131583,31.55135459393882,69.44210126026907,97.33269406182762,15.823546655981154,146.3784326617912,21.039000263695055,93.75599337798826,49.85046369581652,28.057398179019142,35.97008737486112,59.89755762774247,112.59495461359566,684.1692544634998,171.9691608191256,107.37256834114851,89.23232301390445,50.37347098070594,135.21782097278134,48.14355161973253,105.08003902475743,82.26854616624324,93.86727949504672,73.22218655779336,32.95577432107589,13.022365060766706,18.47202622862333,25.38693921318556,46.623408522138554,53.895263260622635,22.602080574580093,11.563792849459443,6.0532038917684545,52.97453402172053,44.62733957145097,59.855310593904335,38.27079549947288,32.94748192279193,77.72235904676528,70.97896272483798,12.184199171314866,68.68708310302546,39.22572787402703,80.25775244534674,91.30641975409563,44.965944459323865,28.801330717672272,71.23758469466061,33.169213882944554,46.45835912838266,85.79062955606054,56.2326897529377,94.94376625242901,46.27972918388065,102.621497419537,48.71326583856757,47.636851086997055,17.417903439137312,12.749815020750352,36.67426658745361,1.3277006074244762,79.6975523427051,58.07617041629606,32.27283168282432,63.020955132324815,43.36043191544764,37.23688810533199,61.08102889913308,17.882075133112497,23.55609616761994,26.214344786260476,41.046423319021706,27.07934438122915,45.94126832976815,54.96083631891349,37.676548511249514,2.4955974161210075,25.248973879451476,35.39979625282531,44.3416723117228,56.98622758948648,32.08984395838514,41.88508574652783,80.53827362409316,16.71740880735164,24.52462797807996,43.91921135124267,30.256682158609713,41.758561190167,28.417346740337337,52.26689505037875,57.8215762476284,9.324204319585958,49.955031797072564,27.900481802943297,41.261859040010094,56.48806095803245,26.464619617941455,17.390504652639354,34.165143265067336,22.898132110247317,21.583801767357865,17.3084027212688,189.20000000000002,20.0,684.1692544634998,86.47759908790802,92.6041226007661,17.115420507059433,3063.4125238329557,1879.9799286189052,8028.247410734342,126.70398046891293,0.23616231688076597,4.6163925496920815,7.911519996849285,0.0
2.4253192047278086e-13,176.6879644297622,236.07629367768627,211.10724941829548,280.1376514446192,306.0935421046912,250.8966963054394,92.34534645301557,185.3171656820638,352.1827822435824,129.90079326100744,333.6805409489227,178.43311892063582,336.5380276513397,247.1881793847801,243.88328981861025,43.271122614780964,92.09109046852993,79.29015405029689,36.830662630484746,254.6467913180722,130.20005385163006,119.43551009631648,124.60781872407321,87.84799629716514,107.15988116727075,152.5909366265412,49.48769951472378,141.3679624603563,84.57501132332665,79.33621950828596,164.75569042927202,153.2459520698401,149.8530908843086,111.28805685317678,67.2682908792478,39.36262850396686,188.40316807361086,266.27360884818586,110.003388854553,112.23719296411288,141.36376155173903,161.04186282539928,137.89385537254444,110.6037736002156,53.95818613518251,35.999910209171375,82.198243748507,31.38573830001767,46.14279905047489,139.2660762712873,42.00222547450717,133.06623837045387,41.79240545844432,110.88026060539305,57.97100342853906,58.952885434680226,55.31207579920044,75.71093649100459,107.21177074323373,726.3378893861423,144.76561922685792,62.900804151767986,101.30619375705001,76.49524011990407,103.4614141638823,37.65260339715618,77.29803222348855,36.609090787236426,44.87233218113634,59.34038759583146,8.605117671709014,36.57023195867004,19.260855999017682,47.20427409558862,10.293471501663351,73.54355498985586,28.03061377839413,6.050411288782124,24.355236101108883,54.9726333964833,96.7448944081454,73.33060260855022,36.136317470251626,39.01728010316336,53.06255582840346,9.965236079106885,64.87756322569263,59.25190363902739,32.38235773018906,54.97510392814953,50.53668711666023,18.504321780015182,26.993342215661432,63.10745165547638,42.78072504741218,66.67041464928931,54.80092020863077,55.66834064275339,51.972604896151715,93.31933228317583,48.28004808463422,55.63624141442212,37.85305226279779,35.42465984892922,9.953534087586197,36.92082965899206,22.231268463780193,68.9784684935575,46.53770890632224,24.56752799842947,69.39913050848875,41.32783980827749,40.28689756563416,60.293133794061475,19.168061329582326,35.7677733834361,28.87943477722458,29.258365347138913,51.36508390024689,89.81249231269162,30.5196374971305,12.873625711744525,22.857847801613488,22.868549673991005,33.61791654253514,30.587787020899565,74.02886157819785,45.31853340991339,99.55980382175679,22.75934460991281,42.655132935914565,17.57871153695743,48.17289786790341,42.543334856780255,37.15409398524545,42.54690656356963,9.778172265069978,37.215469655295045,34.7750146640153,21.995009230941605,55.047012101715595,11.589279964794558,50.84400526466551,36.23534952514432,61.088254014030255,20.58899077307543,36.5187239276373,28.360473034729626,37.358991404137896,153.60000000000002,20.0,726.3378893861423,86.8350391739984,88.91967911892804,17.028923989286785,3316.585351925842,1747.2859809621782,7961.384543211741,124.286094809367,0.25462727054840395,4.64514972934461,8.364571448291976,0.0
2.880066555614273e-13,269.2656300432996,82.85580877836355,276.4143406012645,403.8764168720823,217.8209340938801,186.37419901591198,56.42660913094198,235.5481772005097,392.7366785631204,108.69898347429448,198.60464886181487,54.90747341475196,389.52269868081197,240.61086705264722,181.93633256425278,83.05587595062482,72.69925618390968,178.94696329452262,119.4122786661164,144.50529691573786,131.85954489724375,206.0718952030498,163.4994183138008,47.02597347445379,80.09642523457393,88.92499102352714,55.50264984605765,173.5963048121981,149.48576885908798,41.02026919847287,175.33125955108056,138.17662345837368,162.9243832819735,89.06056100647561,61.11486953831453,56.40334247368432,179.61671277430096,246.12114892908596,149.94597408297213,82.51455015016765,62.31428773265514,219.4548783979363,128.24897319133177,38.982285682655565,8.063244143683267,35.3217328736698,65.54643982949965,47.71994377409933,78.23649352539361,70.00850741953519,86.52170439693349,129.15021149711967,44.848071183056746,123.44622834600129,69.37485714612845,10.695092371424897,57.53289936667335,110.47578655086295,78.65352993625338,741.3155513350373,87.22052821524512,89.07718877208067,100.3055283024978,91.34771473569353,75.91588881367157,20.170481181875466,64.51303427642499,17.479566460096347,28.416344882275588,47.59236345691309,28.007849526432267,44.119977898921746,57.36488908616824,75.010855126145,31.882283481582686,93.2200868736286,27.005192284632468,33.15208247744792,22.24971151238592,58.1177439970042,98.92076632608905,64.55973966656954,29.971805577749087,47.55752638308957,59.622443915458014,44.801783174464106,51.67120312048512,52.515966854373815,82.15990408446902,18.791125665422687,56.171040739030786,41.91166308837221,38.49987323954027,29.404057065249813,46.57746512317647,15.61078222081617,32.68913507421104,29.93122528744668,3.5652300433303323,11.088332206022297,50.60359419790443,26.712344976755602,31.160644866909493,60.65478355881571,19.198633935946606,44.92422123653143,38.46351862531438,32.43331110628842,38.32545428981531,39.09704228133095,25.75837718011307,54.352313393055375,49.68593990976028,36.89756998892294,13.953123066243705,53.53237026801692,56.10298326870519,14.642371415570173,15.664675122811042,109.63008515481502,13.908306453145109,51.17700611540866,31.135492923607803,34.623853889854615,30.643367928079396,17.011573936410596,82.40082876352814,22.10481555202476,76.29028235896195,20.583577471771225,20.175778307664274,28.41134503922313,26.505143125417888,25.29118878791058,73.30862233468277,54.63261334093103,20.445157143264588,21.3492199165653,52.04991359285755,34.253473604191676,36.626993329050855,23.58876376466786,75.56477976010726,27.312127148349305,57.86779208662742,28.945666153166613,29.433199142507217,12.196726020725881,44.955349656204746,152.13333333333335,20.0,741.3155513350373,83.75555255472041,91.50950087060254,16.95629670144363,3113.663465783695,1876.618975239157,7573.050442185209,124.0523330426854,0.2478373768114801,4.612738307428022,8.850942161126692,0.0
3.0316490059097606e-13,318.12083251324265,92.41053455235375,230.15759345166103,368.0806978799398,103.29629914240331,199.11302504068445,114.66826830541619,323.39848154051026,352.27868518892143,292.0966164023968,202.08899756063738,134.85801346193378,223.10804872399945,417.1659753793567,150.00299503075948,51.9321331203697,142.60010424381656,152.47662929243322,257.5181223639683,125.81916171503885,137.29294340248077,195.5260097296096,193.78247577859113,52.02688031113472,114.75979716234423,24.951912586377336,62.776058718259584,146.7378355222289,77.95308830440503,149.35684583485423,60.37051965500635,59.62842950954837,134.37802827238207,80.25422496501486,31.406475485249402,69.4635997707588,196.08308305677343,161.36650752934327,15.74945851819776,81.58573203569094,37.79103363158597,121.96115562477958,40.906131602317686,73.80001103363048,72.68037185400061,158.14484128842366,156.91847231056644,69.90833546879772,54.096962597832615,59.219966602865,27.11641031337248,80.89445389343513,15.097485607056495,39.45436498163068,49.98963612704461,16.36463484233168,18.91458869424101,85.5271281392971,165.78228633568799,684.3677381889606,199.94860155454256,48.453785481374084,26.104595239850017,19.442639556566625,149.6058747251772,52.869912118587656,82.6928392852355,34.9422450978797,40.631776313488714,108.39796011540928,77.01475889616658,56.60775259669745,76.76743104504371,47.13688039249553,46.498363173102966,84.57161116930993,13.78568394479566,32.711563521813275,20.427741245227942,43.28361225852171,68.7133353857733,120.16576109051877,55.03229256294483,45.58681709001828,15.990851139036817,49.981835133474405,51.70885899333207,89.25286441557886,41.31807316058246,27.868567360164622,49.015304147173765,66.37482817802201,25.359669139088847,46.717294475883726,10.15434001297357,53.768125252459896,55.51653641126971,27.814648592411068,49.46453481387149,52.92627996667734,46.074598947218476,63.56259146613539,39.30940236225141,19.07902578525725,70.33157256618036,16.78893836163867,41.96599041994794,33.41137824920984,23.29648391470695,46.41263432909418,33.91103350046446,76.60502646090224,47.39037480485793,21.387425306994324,52.67367681036416,13.325649114044825,43.608906351918684,26.757138208309925,56.58904493052336,45.94391549020335,42.75977591013024,35.322291227075084,16.52317574125061,46.36131345375372,16.984243015606182,60.37408734273861,34.32682413754377,37.251649246117545,58.317701578056415,54.496897703250355,16.20902956160221,20.54894202986447,27.087142884640222,18.193170974212695,69.40599907149254,25.352693546952242,65.93345366285737,28.11094827081018,29.82382322892154,18.489041951063456,20.446762223469477,55.6077167876101,60.80951601176024,42.691791208772834,18.351960683464874,38.04443673116009,40.51337302352288,17.278173385331513,31.063317808050638,112.53333333333333,20.0,684.3677381889606,83.78560645575422,90.00538783723101,16.85136939067196,3370.8420691434567,1886.1561472818173,7310.842751937859,122.96746597734254,0.26821170618158163,4.617186323094318,8.168082408645736,0.0
3.031649005909761e-14,45.32930753106747,364.3722687415367,328.5166066711983,241.09472868892976,178.78768909252386,111.19690981413855,185.82041410271478,370.15070741807415,180.72374233309884,158.4152696595159,273.7191873684737,154.920873359751,207.02842042416148,242.33976788125665,202.2344419605971,93.10895076751834,102.16667272676665,186.1562810653618,87.18901815306728,186.0636169559105,160.14661666398266,91.95679573803565,207.22652993449424,108.07151121819857,176.5441458514934,54.548692542605394,97.5531059003258,176.5469264539702,106.23078128965744,97.92017581524583,83.50517441061223,87.90865722057362,99.78648863239914,92.06355295747719,38.714461403133825,135.12981301172087,112.97018111857159,77.01280053168364,104.26525353631013,46.28126021353736,10.527189277522238,92.87700138764863,49.611278875628855,46.25280725915609,139.238361097882,165.83088020799227,120.21712320243239,74.42081416590382,48.1823614287729,61.14943444818874,83.33024157466079,77.59029365417287,91.21718129348048,69.03907009786738,62.67338210547469,41.20968492259482,36.82166109475302,49.32425446806951,88.96143880139313,727.7890535454658,110.29376088947869,134.48996845398344,55.50198015308823,56.645810425425154,78.32559270867567,86.0105692742959,90.34055101151019,35.56268630773132,75.95163761533156,72.82774425617026,96.08469610515996,54.76860022117969,74.13600527683543,63.569558525144515,97.27395449051212,10.046351990752719,85.84072333433612,81.18556804215926,15.35648487192608,16.65453775893028,22.042426693034503,59.04475321778623,41.56087772033178,41.38629493238802,30.138922079542894,44.16464419526851,64.23143938792299,61.3652405858053,60.74484303893624,47.033170936173754,53.66837121883058,81.08086605785167,28.405460811779566,44.97072179158813,43.615295805104,34.68906999829087,41.776971317998004,19.211151452140236,48.65050834829964,54.731506262643435,22.351523415319544,20.965267690925522,62.86318050648865,51.298253564985856,40.22744785551282,23.445341906108183,32.469880482905126,37.51687673250376,57.180098253866674,25.444380796268074,66.51203730479462,97.53008208702452,73.70618092459627,28.44714149934516,24.4424501043426,38.14883107089252,54.289539598870995,49.0214726082757,41.534388234570244,15.976099699783024,3.5591272114953254,20.1080345838206,45.40592978256184,61.8187475614298,31.57756075672125,48.51869564618155,28.486142161751076,16.964668774550574,29.268508816933338,31.718325268240562,17.78723328357038,22.0343874456631,16.839596167841886,30.164953440465144,54.59197692807925,44.69806062980001,40.91269061843952,39.359250694813326,38.90415037365975,6.924801908974589,15.316334061606254,56.795508763266426,41.35204498255089,36.651582051994964,13.752472550071182,16.20815114461108,52.73655040150733,13.837800517447477,17.018203574441323,151.20000000000002,20.0,727.7890535454658,82.74161729381976,84.842059783717,16.993789187097352,3042.4158930864414,2035.7440872219847,7333.082613764539,118.50886186585687,0.2451338671390855,4.65876509286392,8.79592492084182,0.0
5.153803310046593e-13,320.6683256427615,440.8996510330636,456.22541697543164,294.9972297784768,218.64407034210157,254.64117989034324,13.574500968050497,126.13716222040458,349.3424252641014,452.4216402791225,79.91102667932624,111.4774580208629,148.93462648529385,160.28285092771517,76.27099606971713,114.07325692145973,163.68798304379797,254.77157621343667,153.80031316146446,267.3622238058508,109.82141715523802,72.44814017271496,139.3041917578885,107.8650020827596,129.95891869909366,111.12211231075412,70.11029183270975,194.27684133244742,128.30425019094878,32.679480663096406,87.58789834263067,8.952737627487018,174.5325977827926,152.82678015421556,59.39695692931,78.23422792318704,103.62953995070237,43.065086115062556,111.53243341454254,29.97114360063273,30.147240143354082,59.5061065355643,8.020919193743254,32.88210010077809,180.0628814598183,149.56354515729493,41.35488034715127,95.91743442083286,34.985633419815294,103.05890440800239,60.73029166792224,78.75555530701904,128.32567599108845,57.59747115077204,32.94248787011854,107.25923653067143,65.84214523435945,30.368333193543645,73.06747014728305,753.3379365993237,143.8041451119959,66.05561198469988,96.87003806335233,33.86099668091105,14.768537573977813,151.39697464616745,114.16580600634347,71.46235119468122,100.37862628689233,48.56311307334774,33.00966608612591,137.77347396430898,70.38002501591382,37.799711740435335,119.52037483207624,75.04247404547259,38.25993663081888,66.35949731318735,24.627326661187134,7.989764312777254,38.42009048521894,64.67592682362196,51.20902082997611,60.7154446269646,72.63078993372153,108.00015976591494,70.7273967781274,35.09431242867715,39.15218000319169,33.16488084356831,60.24920025160138,74.76549042730116,30.996281602792784,46.269631803596276,81.33021559902497,44.65658826711207,20.459586335098212,49.68347025396132,24.382147935972768,32.9737943086796,17.44910312966335,59.73525405929328,27.662743717994903,77.75723776526308,31.463998314418138,60.11129465228211,9.874838397395981,40.03387526776915,41.07250692580581,14.959753623352102,54.64422223930008,99.20764584374675,59.661784316049236,42.69197146159601,30.330133534765817,45.170551894825046,34.62843088683465,2.830169181819439,14.625409843319968,18.710364099014576,32.31054921032782,54.76089177299251,31.521848186115314,41.524841498010765,49.29759409845179,42.712855839838745,25.0655444736398,37.798622864086646,41.842114251534056,22.106215932576994,21.297627071583346,26.97328191291887,14.190062395949127,18.616741583940694,25.31603839667696,10.956963387806804,15.345082712519144,64.34501937718434,26.38072432753622,31.850657575245975,35.19913471557412,50.699313368467614,42.32252295981921,23.524793947911853,18.513537627931374,12.177767601374786,68.516002482718,15.81370742777936,35.485828432539115,139.46666666666667,20.0,753.3379365993237,85.85112741614984,98.54236274166225,16.51707396303346,3428.157564507056,2093.1775147502817,7356.334033165138,130.6943508087987,0.26620947739681206,4.5797955690112655,8.77493353054802,0.0
1.5158245029548804e-14,281.1967869820666,485.3391678594307,512.041204298581,426.10930743169206,140.87211254666298,353.210677748556,158.6909285882264,160.7924739170732,326.87202986449427,394.9126824912157,64.58379370951019,135.85980276821437,115.386869325009,181.60113446151558,146.13545292826666,121.482402632224,89.49596427700052,200.5260370691278,85.76956653282308,203.8889528388339,50.00291623942842,68.21176125529051,119.66894932476072,97.30791203424603,103.76765187577769,84.5564763667062,108.8325551085081,62.92502166181105,121.81253482152853,111.65493123921522,62.1468236649479,120.54424276156988,75.23406038944579,134.02560630047003,66.76645934857748,88.10675147149901,106.0085458882643,10.562367699322554,97.15182319664976,80.94876809878238,63.65803522008988,48.812184270255905,34.76819917094526,98.82827597812272,131.11426102592532,43.61948117714624,95.23913328549762,64.12707823351633,36.131546566167344,132.08562879183086,74.84929119083688,71.56139135216891,135.50597426747063,18.16973320284267,71.53322319079358,112.4379504292516,132.6992512789877,119.68095837872903,65.27844476121635,668.0390857129306,142.15052384664332,43.714023145436244,137.32163496339328,41.95169201099834,89.17060976005162,62.68550190267352,60.07385690790787,111.9570381202829,58.37374847698232,122.17781156587286,135.99754984426787,103.64071389722736,47.87654697449078,81.1659518428759,73.28495373843423,92.06500427956264,23.618260416279824,77.72460228398742,72.19996353063704,33.635024593405724,49.477613698723786,51.7989943955622,45.354267375261664,69.66843864336849,114.65638427425615,78.5300389086213,76.5022432483918,28.083530263335014,11.286149815797831,29.21678925567571,33.08167199202729,89.15326912701423,62.223076045990915,64.90272679798004,34.791470599662674,44.78166648741198,32.094884404369466,58.45202409284098,33.27077550538076,51.48324430768174,72.02917347963582,29.257649977183874,10.627144372641373,29.61017858606698,79.80216197971838,31.50427965331498,43.623743832325424,13.19307575908389,37.74393766125741,9.964729956638541,23.855393241298884,19.626468753265254,78.24026669482137,71.81929900672122,72.2412295452734,75.70319390638542,34.3042501672658,15.625187606693604,32.91116519802373,13.538174989779419,45.34151326878902,38.694228854398304,38.00868069980777,19.190384379891235,7.616865917792891,54.952958546193145,62.45543901055102,37.117688623749295,37.2566549484723,28.36550630043088,13.002074528200724,25.768080317221276,19.792322052871146,36.98454466901857,17.389952616215357,19.79447174035886,46.2356973227991,46.5055490702693,24.815700314280924,29.909442521586662,33.50178908162553,55.05826683793545,74.49454016358224,56.36644175446277,44.53707591677879,14.934423760651782,46.18924792037699,26.21258466700782,39.724869809041095,138.0,20.0,668.0390857129306,88.10783070549714,95.04809249474698,16.828808182028972,3737.468971992248,1664.3841549663334,7814.321478865989,129.6037411439906,0.282795066156669,4.632572740986585,7.582062574504527,0.0
1.6674069532503686e-13,124.2622080107521,596.7046785852674,462.3616273499731,393.9459750508653,181.37285320076603,376.61001312618686,123.83510605137631,237.68810976693064,306.3078115203775,255.8244228612872,161.66639098862018,136.27605675193624,70.94085343094821,118.89736675001902,163.0554268458873,142.6038070617148,77.39434045310604,128.49039176021915,227.2204124688332,57.03644697831862,130.97558130750915,58.60138534436657,155.77461430254448,60.018548775758376,156.73589133465134,112.57849521255558,159.90167409649965,83.34369113310458,130.7000651564803,6.664332397513759,130.044528916146,127.37253490853837,163.15680486976024,63.3548580460222,72.46283159271852,51.827122125573936,80.45378407630332,41.06683991457788,85.79485193006926,111.3563130060302,29.388348464527937,97.62182597789759,110.27944446091561,68.26233150631764,194.41842525870027,55.7819070471504,35.7534707073808,22.119175739693805,89.78834922219656,64.6670790364859,23.360859912961903,42.126777655064096,123.00003667896993,32.40899142065256,121.21654386291708,111.75021636878193,88.19695564336924,74.05251008039937,206.01776386933136,647.6478650621891,34.207574220749,59.340194573296955,127.83235420564645,56.07061380900256,96.96571548807384,47.29209804810551,128.32004828828258,69.74838663667933,89.6750155099345,123.12488214009358,120.52096096772453,91.72500935317376,20.56883156266913,36.141373103492796,42.60099112044748,60.18258715956583,84.12980951068371,32.648056806563915,49.64315785282619,34.97048895766186,16.407452112987944,54.39772506018497,48.58731764353314,133.8770731170919,44.43889717349617,77.52434892462662,126.07855121038179,17.533641693559282,5.231940809657475,52.87448456618647,22.578146885108104,93.91857191977994,79.63098400708353,65.27417263613708,34.32905434505487,28.408902722398054,71.2570902930256,67.56842650964201,13.628912705402932,56.2969902491342,76.70459561010288,52.34338818489077,8.134481291207724,49.30852923422528,34.97498861797948,45.781132090905416,54.59287967659784,33.523900106280934,20.516540274545672,34.58480235696016,40.03832650617539,1.9932797270222846,54.999572964904,8.41589900976935,14.758955597615023,76.8820633838964,57.04257466250439,22.750694441636227,20.754793724919946,23.92234177383301,33.17945484954957,28.19876970889355,32.418361583566174,24.303553472091824,1.1206797436948734,54.29838622318783,21.192083506509643,47.30762527409601,13.596360310627132,62.53469757259844,22.29792777678279,38.777149055024616,61.9247534328361,9.299347365609545,29.52735982637124,74.7925686291279,23.238172870019742,17.71153921871369,31.624447723815262,29.74588962583415,35.36149137240254,6.922873513127437,31.907795895327425,77.44870561090454,25.27083109426739,23.19503666543968,35.713851343926834,43.483135361988786,28.739606332234015,128.13333333333335,20.0,647.6478650621891,86.02252191242022,95.36688192591615,16.58072379840535,3546.6934734453066,1844.430772231549,7512.254041186177,128.43175792787565,0.2748654960427073,4.599963638667163,7.528817461566185,0.0
1.5158245029548803e-13,360.54330380754584,210.56390957322378,39.21835003879501,316.8025913904905,374.19576532583966,188.27986119889997,269.00911286956807,268.30826243952487,312.3890580561463,188.70209746680808,190.19898476964846,281.50135809930146,176.80825906707395,248.0638261002068,206.02688261709662,143.98102689734378,289.26107899028773,121.58732548980183,107.32471038159363,145.458115877839,14.367804880406975,104.4868608247571,164.50828189389716,85.99171206046832,45.681778254786266,247.2479531749832,100.0754324484356,151.5915907412766,141.36680909696645,65.49203869375563,163.3150026411949,81.8988724142622,110.73810206327772,165.16783828167655,76.57907029553039,102.57883750910929,30.561592697582274,85.18611654868016,14.891278228784673,52.388227297494794,111.41951687130165,118.41070342947832,148.8410628332889,63.46276903601754,141.47550384523905,77.562797248942,46.58817889535162,12.112803123026545,63.52158628463715,17.937669859822936,59.14317892214867,26.316067879830648,86.06433515689382,102.95495672364547,22.578123920673736,29.737303698410194,56.626684070109505,203.0082042326519,125.52278569879275,647.1446902745846,215.60203724163276,41.406082892967724,58.568798661309096,52.481185966586004,79.9735029442351,52.425642664251185,93.34538391489708,27.47335836718559,46.23120335363556,92.38516369641223,140.778421212451,48.6507657101416,53.68686419303324,53.246746397126465,41.91419807177515,31.927175666017853,47.556602156970044,65.18691109379415,60.503206917485485,31.957625518990245,15.382281827870344,26.42462517934117,109.22510583760237,39.90415969878285,67.07831702327942,38.858275903945,122.81430469432003,28.837806329966554,3.0061277220153304,76.30396509984155,65.38970573400772,95.10242313620323,53.018790896158905,56.864925742549346,72.92083642657848,32.492886217206575,64.06877780230673,81.22952469676099,31.272911382042267,50.49743667861876,63.59156540699888,56.06630612955344,43.89416021830816,58.415112314139186,35.497793646253,63.34751796451508,52.13162537683019,22.309373123443716,46.966525956795465,48.17605158955236,55.33271323692314,32.33026717287521,24.100956260783942,25.996661051544635,34.32406514304254,66.85319759920604,34.08787707048579,15.111519274582255,40.777616440559356,39.25097117653099,25.98199328882287,24.625746768630044,26.258365935075986,25.341263405525908,37.54608460031314,103.48427544044428,55.20727945921841,61.204782932357176,41.14201753466211,43.67897020420277,22.54845453636881,10.474050474009013,57.96462849113409,19.581011427139487,55.59537238294407,35.65642843384633,45.82705014706805,7.9504133218007125,9.96094088955682,8.071644701935574,22.8555129430178,33.61762357117007,73.00799670655869,46.14649634523857,43.91224473304212,13.795743361442073,53.42087831270388,39.38681535507621,23.302378779100295,139.20000000000002,20.0,647.1446902745846,87.56046938543223,87.81700903057941,16.989957157363428,3424.5847402030727,2068.95736362994,7640.52830398182,124.01073693061453,0.26074054987290374,4.641767832457411,7.390831671149682,0.0
4.69905595916013e-13,214.6350410976916,338.3494792346331,240.28815149931305,126.31771578586282,483.44499371170605,169.84471688846799,244.86888191981265,255.7856867859689,344.3269278310614,192.03370294012015,136.60532728302326,371.56951527425906,219.9665792006367,204.40651753118675,91.55846332211432,22.68774081478712,276.02694173039583,158.51422944205018,108.38627864158804,168.59246446382377,64.73806908529916,71.04944763615481,136.05805912374774,90.60263481829963,74.87983748998256,135.3376741218924,21.975488008935045,207.42139561533602,109.44045277232723,102.94707565127581,66.5277149978924,153.15503887548297,56.174297980296146,188.08536203208797,179.40797856215477,53.580919217966,90.98291361216958,133.14569047116896,119.70481325227348,83.30767004590142,23.00724512414082,168.2690557641104,124.2224687036434,151.22938107356455,53.02224757114448,63.08119339959889,33.34904187437181,92.09630702140717,28.637166934898865,15.542343595624333,43.7284370297819,24.19766645551522,79.96115386508097,19.824598969535497,71.01946793530391,13.95554532045685,42.644986494928254,158.43332616790147,78.43609823832729,745.577248322513,183.1639402376996,51.523326291747004,46.17410688580421,116.48579240860643,32.88204115425988,49.16636073378184,51.94158553908271,45.94406276299417,39.06069809614885,35.90593180353779,86.94925494027167,17.096008729833258,78.89495338385488,47.822553499429574,52.533502537798576,38.54121459668092,56.96048041105276,30.427024858380513,23.480194719166086,33.91519443012724,35.21712137848595,24.80119697434141,97.13166291157769,29.52867622388503,111.83093793754468,45.47512204481913,76.41908016684668,37.91625770087614,41.46067878203737,22.080198604316344,77.32918216044797,61.15383543025608,35.83446728317983,11.635245591109271,42.468701265922284,50.35376591938133,6.504606847236111,94.30143102746908,9.724945202182704,31.887580306096893,51.298400391545044,66.85383051346284,32.50951726407426,46.36572456351316,47.95285949145481,52.09957314685879,49.88886515825756,39.395155855392986,37.84336432720553,29.516012956523802,24.73830794329755,35.21871879233896,15.06484706672525,31.215669407306336,22.664685356545966,44.963344523251294,12.396796882709014,38.614600681376906,28.97933232431084,34.35019174209555,58.92775837808651,10.574543270451795,10.19349146058422,28.691713908159908,61.44494323038242,76.49758141403174,82.99178969312182,46.38483032979538,18.95805631074895,18.527918214237637,33.386432569743235,30.027964176010418,43.021467505753044,23.9756788195241,41.36610382199804,15.572754083990878,44.07154606169038,17.82159954589623,22.828375190099326,15.208892204298497,27.13689907347036,44.804528623309594,43.53507191576564,5.282514984496602,50.130187598298484,32.85947223412881,39.893407469428496,48.995553206061324,34.8579188128615,141.4666666666667,20.0,745.577248322513,83.40170166380403,94.63124069321604,16.428441292472865,3542.443236983744,1737.2691770867339,7230.542835500128,126.13847769636179,0.283163146259972,4.5838001833626745,8.939592759485508,0.0
2.728484105318785e-13,329.1769470018238,267.9784617016734,128.67010735337522,170.91147235595605,160.85969887347017,524.2233575670359,642.5554709027847,312.86465802928404,315.0245363216135,180.65312435503944,97.65180661616255,361.19530360038704,191.88251978603472,292.66147506155494,68.9202529412032,195.15579147743492,296.87287219862884,142.50259516250162,43.05150354658282,111.97976396920825,104.59243083209918,122.00043857380676,64.9896206385784,22.99818869819429,185.02351619811506,167.29313289705885,57.10077904162246,287.4055440186489,82.10755021593525,99.32580311273838,120.99736255481963,127.46178266572626,124.19788628407076,137.4178866962972,128.14935871429793,56.1839750510994,135.0589362810621,106.36362581196467,149.30375200629956,120.69005287128995,75.9888181614195,226.91010529533824,37.185679186672836,105.70148059714558,79.91272507978088,82.72842250412205,105.83033306719933,27.853566132618685,101.96604786933617,68.74429269239576,81.443958822393,22.086830715112434,112.07278534047919,38.6575409652373,73.13878036970527,57.93126839967638,78.69079781614789,59.02002447464802,151.2430269058596,703.1178763102515,109.40923351897233,144.55678060910776,77.26330039617382,166.47512648796393,28.231128590322065,77.0276458121013,54.44215581718083,41.13088762517868,63.785273736717954,20.73361260809458,43.27534919158055,20.010709940753102,125.1495437724642,5.133087762706299,52.06013616749171,26.985522332320834,66.89129356246984,51.60904630152096,81.17290154811273,66.23228331888144,31.048972053981213,14.640724046960447,70.61254295113274,64.74419263500592,18.91867582481631,57.32221049179455,14.362865875360022,8.46709596262718,48.80984100130676,21.636244087913035,67.90593234803868,58.95437355086399,32.80201327750261,11.61197168491128,52.04883127340808,50.955320977323424,18.750171888228326,48.24600984822882,86.48975921467982,107.68868711862606,84.24416901836517,3.758278720506472,18.55641650316412,17.341168350184198,46.71978943540595,37.199407309206535,45.81078652066479,34.95771168860967,15.872060070565858,17.614976156758974,22.974495880988506,33.25112160101248,23.91430133618996,37.66363819644107,25.026345610607482,28.867904990037523,10.784088625322156,42.258936390119324,32.96756762617966,55.23500109799195,39.67501570450585,14.182021399203247,39.74924414757937,31.365684587022955,40.9466401866472,52.9112535065726,54.98249321020235,20.352049327727627,32.99964587583527,43.222560024691454,37.22157230496507,40.49019922435828,34.88571812566294,35.97043233073326,20.68017681956796,4.31921553681709,38.76159815424452,46.908517582138856,11.607955335902924,19.533089336467178,31.010475929305812,54.51039370209756,9.112999431385637,34.43762132333535,21.523619990272678,46.311123159825385,14.593162423480619,44.71648485456093,36.46287395076704,89.06666666666668,20.0,703.1178763102515,89.39198551456472,105.15469116455054,15.4840015584596,3976.3089395261954,1951.9939804096184,7480.494907248895,138.01607206462643,0.29654477536119694,4.553657972622762,7.865558330122244,0.0
2.4253192047278086e-13,541.7650633990327,81.33666256495333,28.536323453636527,114.53076017843063,101.97111027853444,570.9189732280423,534.0197579679078,59.799854093379395,74.0417732356918,77.20375985283131,195.4832194017811,177.93920460601737,185.50432417135335,26.013459431784682,218.5109857799544,121.39671051292805,298.2934914101115,184.20165029875108,112.93018571426944,83.65182141139458,38.81149963189578,59.69216699432158,76.74872301450988,13.241215949679198,182.6274513475613,80.84423415069966,121.00822759265415,187.54845128073515,124.37627046902128,80.41154638238152,144.05113588583646,133.51863767578143,189.4949334406174,69.24888231717952,37.742623777067024,84.66397381128387,83.48384906222618,119.53377508515823,57.88637347522804,169.71136862684628,122.78993084013239,120.98626662459998,102.91838893477734,48.35484839113401,33.78304360123167,140.33301684698282,118.41970839210796,120.29441403560531,152.18670727761375,101.43319640696203,52.61352441906844,101.37969029253986,175.2898421171593,81.67377263066973,3.037501949377497,33.66318721245348,78.60118986997072,80.54690394501577,78.59562582676254,595.9879938034981,176.02245456716207,61.359573582851034,111.79385496212292,38.172615770159155,105.57081270235415,16.13131997720807,40.73908488515899,6.73129512241061,32.92884656799266,22.04403640038812,37.70475968826449,8.529590894647706,78.75564752861757,61.23713617227918,24.84225790417968,15.912004432424439,48.003930288159545,61.9619036454871,66.18415656670062,97.50749908727238,48.30800528836332,9.082938698474551,84.04543959020563,94.22441957567175,31.642048575376847,37.96959297220611,24.580496203901923,18.900455746855936,59.79326737240182,42.357117827070496,49.46051224959903,14.269403501443854,53.32324468764378,49.10108304833465,64.71465511009113,79.16706331872687,64.85838546812633,78.26537582134253,143.40806929948465,55.31694536436774,69.47987777119164,20.796868503927953,28.527353741449744,12.773226550650127,42.67006448869762,33.26099014138293,22.606972970922897,59.11347732381337,15.152356802015019,35.74544490061274,26.86783772557472,34.906606610868366,30.365020841554976,12.762358899655624,18.905378520178534,39.64180665321574,38.48611206289868,37.21196476362033,27.780144867483937,80.78085662851797,49.15564332639211,39.88295327256372,30.718795321834328,31.910850780416773,24.33973917656104,53.092554178266965,58.09209483565458,60.256777564064194,25.562601230797668,19.326688034936392,16.92696535709369,38.54033727564739,74.78473870669916,24.17835930964618,32.30969220831096,51.53992884412985,44.95764220142674,14.40073733713942,40.35607397825884,39.69932240667176,49.75092498954851,41.92438101292111,9.20598435799316,51.157879252863474,49.20097617235923,32.128540321559626,66.61131470797156,17.54301236843903,77.77409719753467,77.60000000000001,20.0,595.9879938034981,82.20845874227065,94.11921994509008,17.435934752757124,2769.0642458633774,1903.883085558487,7658.3214799187335,124.96662855279348,0.22455631194389133,4.600726596748633,7.249716183975212,0.0
1.6674069532503686e-13,557.7772610099394,200.53924841364292,204.4209392523465,496.352424118681,345.3281312682293,294.7060374409682,359.8383825760848,355.9634424080543,308.3182510234695,28.912783584111565,114.64866041253165,61.89441467034883,214.76106589319156,88.63785662828776,170.0404918102794,278.8184912485845,206.5675405668855,221.00437188588782,87.65106594356178,83.04247624057388,65.96198518937527,57.40401234990986,156.99002870376682,69.04542753695078,127.22059398953151,70.17513283284008,114.21820116736079,150.22070851078348,181.31332831192736,136.44028514610153,125.64068674089343,193.38429584455417,122.11628139456714,63.55471173814444,37.18853654278279,66.69730663711552,85.86518772899389,84.45092463006904,56.79066179819843,48.30228428245675,18.3240073752324,25.302613110003982,85.7289403493109,147.4831605796725,66.56257322256708,104.7897803899103,28.11160494159516,162.89816558655562,184.72446771682624,85.28206793406873,51.88220510273587,165.11567925386498,117.51589669131364,134.02921188803018,58.87936043175267,113.20967882528812,42.353732486305624,53.507810650044256,125.37935069473335,580.8500010239045,156.8069067071308,141.64166358874178,125.71023165965626,60.27425814877346,48.1646888806413,40.90167191212386,58.07512786478803,38.9432316690038,36.619642639702995,32.36792094647288,73.3647391912787,46.19943654001076,47.414168641803876,54.65423585726122,8.584223254837264,26.21081660764394,26.078540513025516,123.05357770412974,18.319105874512893,50.15882252465042,51.49760555109533,45.53780376375105,35.95734733805594,117.9428220091772,50.385762444797344,26.118040839271263,40.304846075729245,39.603867563237976,19.525073034356275,11.74902976256444,37.75507706708675,43.094780381670034,95.47495354515382,28.71402401823672,46.33993480361022,90.53791426325945,77.38228614036517,62.28024379042455,102.0879183625597,74.4778565152832,110.59463751090789,9.254555658525295,46.939024678827145,29.313204315236845,15.70434845911198,8.775576268227642,15.5503336566887,39.88095514943746,61.03565985821501,41.717019414785625,23.902653325440994,29.023527262991095,6.749891377192009,41.14761755717603,40.85837989427064,20.743266078740675,40.2159933426255,32.1257895197086,23.525039397867957,54.95837495047556,54.19513916734492,41.99590679466594,30.83841151102074,18.853750831844142,44.43607666519657,39.80713552206857,63.81225485080148,65.11427521239168,13.737334433455743,25.899056978775008,49.599979049753316,86.81737374154095,39.219382352450516,45.766341701468995,26.41812482505808,58.98200522582389,54.482712045641165,19.87546202958993,28.393248635729755,33.32500056320693,47.85187788309203,22.77106753906174,30.15557197495633,52.85681178262187,59.31217514325639,45.3926041868581,59.90308159280788,53.03566987730246,40.56853689665165,5.466666666666668,20.0,580.8500010239045,88.70228871386087,95.73320322200182,16.373583969183866,3632.0988986998873,2039.6738562882188,7633.570552091024,130.51031462004153,0.2729804721962659,4.6078803542708515,6.548309062211821,0.0
5.608550660933058e-13,561.9596442732052,202.69473937090763,196.47206713171573,332.248860379466,565.5966161993066,139.29820736124375,163.02693697632847,412.36327184871385,128.29954115431897,125.96309507072847,58.337538929484154,191.27120168979278,332.12671734382127,66.16023331579788,201.86349689539065,327.06479285020043,78.62359248439803,153.43240458649942,122.14678073026062,65.11178683320557,55.67373421873444,93.89027081142515,143.17682090784882,42.76913277770418,65.24485015083722,87.3192561115171,75.13262185864508,105.20300950855516,47.09702905531152,104.50476325558864,97.37155706295053,138.79375142033044,93.38786135089462,47.798627838475355,28.387451886003774,72.77834399076644,41.52251263274017,95.78453229873146,68.95407754516808,61.407297567552106,72.5509603085421,73.19820778472862,90.74171576522849,34.47459801189969,157.6630547525281,121.81938366363043,89.34121137080962,89.7370697883807,82.80184128587246,89.67348177322734,84.58393278975305,100.03742877133374,132.59827994770765,117.65200069057053,99.38892739756896,64.04580222852697,86.63193025225239,58.46816681725546,152.4261544908757,616.0549164655376,143.38024076544144,120.51462872275921,81.00532969504165,16.826085141530793,31.602285087693534,62.64096286745108,71.68117224451217,66.27987371144636,40.053998577745354,67.50468550037168,15.072875922371772,80.90166407582375,44.15285587706731,7.512432570135282,68.9194054272412,49.14436801652896,41.28239840913213,72.6948326929917,62.362655083588834,22.424929231750383,46.46143555032877,45.61677568968225,54.99804742960826,58.30809653919589,69.82224626010927,35.59866045360564,73.46736374614332,36.22713223777479,52.06245553283274,27.273736068158897,49.92411802418285,32.097343463671855,139.8826293244819,63.980958306880495,21.781605924611426,90.85581611268678,48.823338968919536,97.68476781427351,77.90540236891755,50.75238363313042,47.03251190383583,68.12188356055975,35.19251871970332,16.01203155610102,6.788851059151197,21.144977567892628,31.049675411660672,43.674146757397175,64.1550868732686,32.917701802110436,4.0334673202069276,38.86936503167035,24.61135173694176,12.697239853576445,38.36253911474371,17.37215987081488,60.62948515290459,13.128397925174593,8.981076392632916,43.05492498316881,55.908253289052254,51.292007760287454,39.21591668974999,39.077739163033854,42.79561992015485,39.84610289589758,69.32516353227646,29.86465939299866,32.11870179452724,66.75691326155149,53.77496599510141,54.212188257393564,54.9563940268595,69.64307883401986,65.72742670982889,16.72393046764687,49.68601224885759,36.666145374568465,59.513835766124544,34.50451520871289,48.67513814711344,33.77546906863337,39.57818632059734,50.155680343454236,39.99610194154536,44.923799747591076,78.15909334985078,71.70328315331115,28.414786860010587,5.2,20.0,616.0549164655376,85.15767058143255,93.78891982470512,17.171710557827772,3475.8186710448313,1663.7495797805334,7634.082336389518,126.68145223646889,0.27210848201247734,4.634396857692007,7.234285675727018,0.0
1.5158245029548803e-13,367.31960329482615,356.32934529116164,206.37473543344566,360.0357511228036,570.9707755489727,147.0000342363178,217.74169677265294,378.78105182050615,59.75305765234276,247.77192222292922,25.155037391676373,194.8712675168361,140.54943202523404,239.61579082341478,91.41339047840638,382.73378385832154,142.11964131602832,41.73788235922339,150.62582057870412,59.15810096172124,65.24199808740367,154.80266312512188,47.955064230262884,70.50914028336778,33.19937977744311,60.428648103110774,26.461724046627197,153.1701868648703,78.50218487161624,76.79540137629519,107.6038321153882,107.60341677695563,85.56482225274436,84.38061152443056,128.3937315041468,74.88430092058873,69.2215227768988,51.84388470404856,90.21207645763559,50.46735151657984,133.78669941758082,138.67080931245056,48.99751925034727,66.94709587929951,105.77908004751968,100.61280696286154,59.03659597721811,35.84609369785901,11.696942842482736,81.03541064113749,61.029987239249095,23.517555910281878,97.16113923022404,69.0382198903142,22.58722680716582,40.50034986492651,137.19345813811088,156.88205713337194,72.87051220032036,714.2441496228251,119.75417188204955,33.53979653216621,74.82174166300673,61.7872692453912,60.881116654692285,34.53401578897016,96.68672326935236,79.36442641222392,40.34767940371972,55.77418912375882,19.19938186025652,55.36302471465654,73.62275663247308,58.21033421277646,62.53333333333334,23.428662599466712,84.48958611156316,12.899753839652927,59.83657007662877,54.45524120588335,31.10329722398989,60.77825813426317,3.3208994099790012,42.12337997184125,67.89117316255339,57.667610566888555,57.495382443616975,37.83463274097847,19.342132625700277,26.16587461027009,31.070209578799638,39.01023262523092,136.13957042823532,55.36444118102359,28.034833568521613,7.564733747563408,80.48292630009891,9.915745098170959,51.08199249562708,72.53737733824619,69.42102876122172,26.31938538103917,16.812039741609773,12.165952190357354,23.2987779419362,5.154013043185786,22.65334470542674,41.64680783850214,42.924337323202934,26.96310550830562,30.31797867680689,39.73261220153955,22.238604782122593,24.373149142483236,51.301140239612984,18.338360682751656,53.559292710711055,9.169701051658704,23.647870667012306,21.868426164235846,68.11764451944964,39.816715262120425,47.26404882583982,42.20480875740283,46.05413558645221,37.97788130170196,15.779850342651542,24.998993797240153,29.999188795295716,65.32134919169404,64.98576748460093,25.197138672377747,35.459665054600585,47.61511331653392,63.097584834565346,29.726929171610905,31.210248305243894,35.701374482442844,53.91308673911251,35.98285091605661,45.20639780138595,21.7817264569438,21.31351137815086,48.80443091230626,11.860286238737132,85.26474481121156,59.06226953596515,14.25829974256123,58.74382357507383,34.266666666666666,20.0,714.2441496228251,80.49387140753298,97.2229984179829,16.512559175225885,3512.2695011531205,1558.059608942229,7003.751601034597,126.22034208302385,0.2908933263892706,4.564941675853362,8.873273668335239,0.0
1.3263464400855204e-13,406.8332622369045,329.8887079529326,150.21230170710422,122.722529452705,369.9578326841564,139.32880529797717,284.0173889514939,331.53535919235816,298.3473486104615,154.0531091913646,90.86265629314877,256.7721290115197,120.89593157641936,213.52904908244366,27.615334683620382,245.01169060900995,65.68932450193547,90.60353069299839,165.04491498027946,189.49458464947116,75.80752268474762,121.46705175226398,74.27211072853672,59.63119214952812,77.99239115997477,101.74477249786776,69.55006355442347,144.7117334243261,74.4233240929706,134.45313457635456,137.4135364175488,101.08412946253209,100.54635315168812,149.80197539665892,37.72115687945734,90.37821304405807,22.51373105051475,110.3658877637178,68.96014571165838,72.16129002492582,156.59070329949256,99.61545256446925,75.68042046431947,134.29081874391906,10.194709953538677,133.69272791094357,3.08089647647924,59.400731850658836,82.28031276359786,17.26087418926914,131.65406146426102,15.239488353929488,109.30197793662364,17.285501067815158,76.34768553423774,19.33675913140728,143.65637749362432,120.14438360806564,72.41162331618655,759.8163206227092,166.79894649145368,99.08880396570527,58.784100217708676,124.8409184437039,64.724569998093,50.62613837207738,43.469962498319255,128.6672512869175,59.02997116450217,45.41878052929846,43.78915123730208,48.74049662922541,70.9493702853921,74.47626735344363,88.41618755760862,27.17515884478313,43.30101541789732,29.16499575027849,70.10887754227315,67.64884945808141,66.53803116988196,39.02731463340521,52.89512347494467,34.530662256632304,74.34832328218461,56.85269126826957,49.00522142911833,31.040891714257995,42.73778006358295,61.03368052271017,57.6575219849169,42.543560659252215,100.5870409373444,53.16709755826082,9.07970485581381,56.147296711218914,51.28656922848815,54.27075103586236,90.65031991255557,70.1020208933618,20.613663109122665,35.956844222495256,23.587144003331716,53.256938241259775,38.23474585467616,38.727725289333506,28.08085528988524,57.82837966948784,53.017040740235544,9.24094136776749,41.48642330835702,46.75094763781245,52.71730879376011,42.14942290392229,26.168039557922818,23.723228622792384,53.38595764838513,8.742005559216427,34.84744078811792,5.703315198846319,63.771806679498,18.10277953092542,38.44962916056253,28.39707071807075,69.93200053571519,50.76727443221047,73.8989350621119,48.466508217967416,36.99227752705389,66.42637556563551,23.476986274435593,67.55106265431237,47.39327583406186,19.99763760388424,69.44421302049952,3.2151528706690784,73.57660416578669,88.70414502454226,32.573663047891614,51.60040266546929,23.89819234720525,20.700705063714505,9.294734005883665,43.99499328401657,24.672727223899432,74.14440339768434,29.582988641373944,18.247310906977283,8.096256940545745,118.66666666666667,20.0,759.8163206227092,84.34449264759822,89.68780244920377,17.511125400484644,3268.956411240989,1583.0595421619541,7799.65794373679,123.11740473283277,0.2583813365581632,4.639601043045042,9.008487653098067,0.0
