[MLP]   svm_data_20260507_133636.csv                       24741샘플
[MLP] CSV 로드  →  총 24741샘플
[MLP] 로드 완료 | 전체: 24741개  (배경: 12371, 사람: 12370)
[MLP] 특징 모드: ESP32 (21개)
[MLP] 학습: 19792개 (80%)  검증: 4949개 (20%)  [비율고정: 유지 | 분리시드: 42]
[MLP] 스케일러: StandardScaler (z-score)
[MLP] ━━━━━━━━━━━━━━━━━━━━━━━━━━━━━━━━━━━━━━━━━━━━━━━
[MLP]  디바이스: cpu
[MLP]  구조: 21 → 128 → 64 → 32 → 2
[MLP]  에폭: 2000  배치: 256  LR: 1.00e-02  Dropout: 0.2
[MLP]  Early Stop: 비활성화
[MLP]  LR 스케줄러: patience=50  factor=0.5  min_lr=1e-6
[MLP]  검증 비율: 20%  분리 비율고정: 유지  분리 시드: 42
[MLP]  스케일러: StandardScaler  특징 모드: ESP32
[MLP]  사용 특징 (21개): SPECTRAL_ROLLOFF, SPECTRAL_BANDWIDTH, PEAK_COUNT, MID_RATIO, LOW_TO_HIGH_RATIO, SECOND_PEAK_FREQ, KURTOSIS, CENTROID, PEAK_FREQ, LOW_RATIO, RMS, AVG_ENERGY, PEAK_ENERGY, ENERGY_VARIANCE, PEAK_TO_AVG_E, HIGH_RATIO, PEAK1_TO_PEAK2_RATIO, SKEWNESS, DC_RATIO, DELTA_PEAK_FREQ, SPECTRAL_FLATNESS
[MLP] ━━━━━━━━━━━━━━━━━━━━━━━━━━━━━━━━━━━━━━━━━━━━━━━
  에폭   1/2000 | 손실: 0.5987 | 학습: 65.8% | 검증: 64.3% | lr: 1.00e-02 | 0.3s ★
  에폭   2/2000 | 손실: 0.5820 | 학습: 68.1% | 검증: 66.3% | lr: 1.00e-02 | 0.3s ★
  에폭   3/2000 | 손실: 0.5728 | 학습: 68.3% | 검증: 67.1% | lr: 1.00e-02 | 0.3s ★
  에폭   4/2000 | 손실: 0.5649 | 학습: 69.2% | 검증: 67.5% | lr: 1.00e-02 | 0.3s ★
  에폭   5/2000 | 손실: 0.5627 | 학습: 69.7% | 검증: 68.1% | lr: 1.00e-02 | 0.3s ★
  에폭   6/2000 | 손실: 0.5589 | 학습: 70.4% | 검증: 68.4% | lr: 1.00e-02 | 0.3s ★
  에폭   7/2000 | 손실: 0.5542 | 학습: 70.5% | 검증: 67.8% | lr: 1.00e-02 | 0.3s
  에폭   8/2000 | 손실: 0.5492 | 학습: 71.1% | 검증: 69.2% | lr: 1.00e-02 | 0.3s ★
  에폭   9/2000 | 손실: 0.5492 | 학습: 71.2% | 검증: 68.8% | lr: 1.00e-02 | 0.2s
  에폭  10/2000 | 손실: 0.5453 | 학습: 71.4% | 검증: 68.7% | lr: 1.00e-02 | 0.3s
  에폭  11/2000 | 손실: 0.5417 | 학습: 71.7% | 검증: 69.6% | lr: 1.00e-02 | 0.3s ★
  에폭  12/2000 | 손실: 0.5386 | 학습: 72.3% | 검증: 70.1% | lr: 1.00e-02 | 0.3s ★
  에폭  13/2000 | 손실: 0.5348 | 학습: 72.8% | 검증: 70.6% | lr: 1.00e-02 | 0.2s ★
  에폭  14/2000 | 손실: 0.5289 | 학습: 71.9% | 검증: 69.1% | lr: 1.00e-02 | 0.2s
  에폭  15/2000 | 손실: 0.5273 | 학습: 73.2% | 검증: 70.9% | lr: 1.00e-02 | 0.2s ★
  에폭  16/2000 | 손실: 0.5222 | 학습: 73.3% | 검증: 71.2% | lr: 1.00e-02 | 0.2s ★
  에폭  17/2000 | 손실: 0.5185 | 학습: 73.5% | 검증: 70.4% | lr: 1.00e-02 | 0.3s
  에폭  18/2000 | 손실: 0.5201 | 학습: 74.0% | 검증: 71.1% | lr: 1.00e-02 | 0.2s
  에폭  19/2000 | 손실: 0.5157 | 학습: 75.2% | 검증: 71.8% | lr: 1.00e-02 | 0.2s ★
  에폭  20/2000 | 손실: 0.5120 | 학습: 75.8% | 검증: 72.1% | lr: 1.00e-02 | 0.2s ★
  에폭  21/2000 | 손실: 0.5102 | 학습: 74.8% | 검증: 71.9% | lr: 1.00e-02 | 0.2s
  에폭  22/2000 | 손실: 0.5061 | 학습: 75.3% | 검증: 72.1% | lr: 1.00e-02 | 0.3s
  에폭  23/2000 | 손실: 0.5052 | 학습: 75.5% | 검증: 72.0% | lr: 1.00e-02 | 0.2s
  에폭  24/2000 | 손실: 0.5020 | 학습: 75.9% | 검증: 72.4% | lr: 1.00e-02 | 0.2s ★
  에폭  25/2000 | 손실: 0.5048 | 학습: 75.7% | 검증: 72.2% | lr: 1.00e-02 | 0.2s
  에폭  26/2000 | 손실: 0.4991 | 학습: 76.4% | 검증: 72.8% | lr: 1.00e-02 | 0.2s ★
  에폭  27/2000 | 손실: 0.4969 | 학습: 75.7% | 검증: 73.1% | lr: 1.00e-02 | 0.2s ★
  에폭  28/2000 | 손실: 0.4963 | 학습: 76.5% | 검증: 73.3% | lr: 1.00e-02 | 0.3s ★
  에폭  29/2000 | 손실: 0.4925 | 학습: 76.7% | 검증: 73.6% | lr: 1.00e-02 | 0.2s ★
  에폭  30/2000 | 손실: 0.4907 | 학습: 76.3% | 검증: 72.8% | lr: 1.00e-02 | 0.2s
  에폭  31/2000 | 손실: 0.4867 | 학습: 77.2% | 검증: 74.0% | lr: 1.00e-02 | 0.3s ★
  에폭  32/2000 | 손실: 0.4915 | 학습: 76.9% | 검증: 73.2% | lr: 1.00e-02 | 0.3s
  에폭  33/2000 | 손실: 0.4861 | 학습: 77.7% | 검증: 74.3% | lr: 1.00e-02 | 0.3s ★
  에폭  34/2000 | 손실: 0.4889 | 학습: 77.4% | 검증: 73.3% | lr: 1.00e-02 | 0.2s
  에폭  35/2000 | 손실: 0.4793 | 학습: 77.9% | 검증: 74.4% | lr: 1.00e-02 | 0.2s ★
  에폭  36/2000 | 손실: 0.4813 | 학습: 77.7% | 검증: 74.9% | lr: 1.00e-02 | 0.2s ★
  에폭  37/2000 | 손실: 0.4814 | 학습: 77.5% | 검증: 74.2% | lr: 1.00e-02 | 0.2s
  에폭  38/2000 | 손실: 0.4815 | 학습: 77.9% | 검증: 74.4% | lr: 1.00e-02 | 0.3s
  에폭  39/2000 | 손실: 0.4774 | 학습: 78.1% | 검증: 74.0% | lr: 1.00e-02 | 0.2s
  에폭  40/2000 | 손실: 0.4723 | 학습: 78.6% | 검증: 75.3% | lr: 1.00e-02 | 0.2s ★
  에폭  41/2000 | 손실: 0.4752 | 학습: 78.5% | 검증: 75.4% | lr: 1.00e-02 | 0.2s ★
  에폭  42/2000 | 손실: 0.4765 | 학습: 78.3% | 검증: 75.1% | lr: 1.00e-02 | 0.2s
  에폭  43/2000 | 손실: 0.4728 | 학습: 78.1% | 검증: 75.0% | lr: 1.00e-02 | 0.2s
  에폭  44/2000 | 손실: 0.4751 | 학습: 78.1% | 검증: 74.6% | lr: 1.00e-02 | 0.3s
  에폭  45/2000 | 손실: 0.4708 | 학습: 78.8% | 검증: 75.0% | lr: 1.00e-02 | 0.2s
  에폭  46/2000 | 손실: 0.4698 | 학습: 79.0% | 검증: 75.9% | lr: 1.00e-02 | 0.2s ★
  에폭  47/2000 | 손실: 0.4671 | 학습: 79.0% | 검증: 75.1% | lr: 1.00e-02 | 0.2s
  에폭  48/2000 | 손실: 0.4677 | 학습: 79.4% | 검증: 75.9% | lr: 1.00e-02 | 0.2s
  에폭  49/2000 | 손실: 0.4653 | 학습: 78.9% | 검증: 75.6% | lr: 1.00e-02 | 0.3s
  에폭  50/2000 | 손실: 0.4626 | 학습: 78.8% | 검증: 75.2% | lr: 1.00e-02 | 0.2s
  에폭  51/2000 | 손실: 0.4632 | 학습: 79.0% | 검증: 76.4% | lr: 1.00e-02 | 0.2s ★
  에폭  52/2000 | 손실: 0.4668 | 학습: 79.8% | 검증: 76.9% | lr: 1.00e-02 | 0.2s ★
  에폭  53/2000 | 손실: 0.4623 | 학습: 79.4% | 검증: 76.3% | lr: 1.00e-02 | 0.2s
  에폭  54/2000 | 손실: 0.4631 | 학습: 79.6% | 검증: 75.4% | lr: 1.00e-02 | 0.2s
  에폭  55/2000 | 손실: 0.4662 | 학습: 78.8% | 검증: 75.5% | lr: 1.00e-02 | 0.3s
  에폭  56/2000 | 손실: 0.4599 | 학습: 79.7% | 검증: 75.7% | lr: 1.00e-02 | 0.3s
  에폭  57/2000 | 손실: 0.4580 | 학습: 79.3% | 검증: 75.2% | lr: 1.00e-02 | 0.2s
  에폭  58/2000 | 손실: 0.4562 | 학습: 79.9% | 검증: 76.2% | lr: 1.00e-02 | 0.2s
  에폭  59/2000 | 손실: 0.4551 | 학습: 79.5% | 검증: 75.5% | lr: 1.00e-02 | 0.2s
  에폭  60/2000 | 손실: 0.4549 | 학습: 79.9% | 검증: 76.0% | lr: 1.00e-02 | 0.3s
  에폭  61/2000 | 손실: 0.4546 | 학습: 80.0% | 검증: 76.4% | lr: 1.00e-02 | 0.2s
  에폭  62/2000 | 손실: 0.4573 | 학습: 80.1% | 검증: 76.5% | lr: 1.00e-02 | 0.2s
  에폭  63/2000 | 손실: 0.4491 | 학습: 80.4% | 검증: 76.6% | lr: 1.00e-02 | 0.2s
  에폭  64/2000 | 손실: 0.4519 | 학습: 79.7% | 검증: 75.2% | lr: 1.00e-02 | 0.3s
  에폭  65/2000 | 손실: 0.4519 | 학습: 80.4% | 검증: 76.7% | lr: 1.00e-02 | 0.3s
  에폭  66/2000 | 손실: 0.4493 | 학습: 80.2% | 검증: 76.8% | lr: 1.00e-02 | 0.3s
  에폭  67/2000 | 손실: 0.4512 | 학습: 80.0% | 검증: 76.3% | lr: 1.00e-02 | 0.3s
  에폭  68/2000 | 손실: 0.4523 | 학습: 80.2% | 검증: 76.5% | lr: 1.00e-02 | 0.2s
  에폭  69/2000 | 손실: 0.4510 | 학습: 81.1% | 검증: 77.1% | lr: 1.00e-02 | 0.2s ★
  에폭  70/2000 | 손실: 0.4470 | 학습: 80.8% | 검증: 76.6% | lr: 1.00e-02 | 0.3s
  에폭  71/2000 | 손실: 0.4447 | 학습: 80.6% | 검증: 77.2% | lr: 1.00e-02 | 0.3s ★
  에폭  72/2000 | 손실: 0.4434 | 학습: 80.6% | 검증: 76.3% | lr: 1.00e-02 | 0.3s
  에폭  73/2000 | 손실: 0.4422 | 학습: 81.1% | 검증: 76.9% | lr: 1.00e-02 | 0.3s
  에폭  74/2000 | 손실: 0.4436 | 학습: 80.8% | 검증: 76.4% | lr: 1.00e-02 | 0.2s
  에폭  75/2000 | 손실: 0.4396 | 학습: 80.6% | 검증: 77.0% | lr: 1.00e-02 | 0.3s
  에폭  76/2000 | 손실: 0.4410 | 학습: 80.7% | 검증: 76.4% | lr: 1.00e-02 | 0.3s
  에폭  77/2000 | 손실: 0.4405 | 학습: 81.0% | 검증: 76.1% | lr: 1.00e-02 | 0.2s
  에폭  78/2000 | 손실: 0.4411 | 학습: 81.5% | 검증: 77.1% | lr: 1.00e-02 | 0.2s
  에폭  79/2000 | 손실: 0.4395 | 학습: 81.3% | 검증: 76.6% | lr: 1.00e-02 | 0.2s
  에폭  80/2000 | 손실: 0.4341 | 학습: 81.6% | 검증: 77.5% | lr: 1.00e-02 | 0.3s ★
  에폭  81/2000 | 손실: 0.4418 | 학습: 81.2% | 검증: 76.7% | lr: 1.00e-02 | 0.3s
  에폭  82/2000 | 손실: 0.4409 | 학습: 81.5% | 검증: 77.0% | lr: 1.00e-02 | 0.3s
  에폭  83/2000 | 손실: 0.4370 | 학습: 80.9% | 검증: 76.1% | lr: 1.00e-02 | 0.2s
  에폭  84/2000 | 손실: 0.4357 | 학습: 81.3% | 검증: 77.0% | lr: 1.00e-02 | 0.3s
  에폭  85/2000 | 손실: 0.4338 | 학습: 81.5% | 검증: 77.1% | lr: 1.00e-02 | 0.3s
  에폭  86/2000 | 손실: 0.4366 | 학습: 81.0% | 검증: 76.6% | lr: 1.00e-02 | 0.3s
  에폭  87/2000 | 손실: 0.4333 | 학습: 81.6% | 검증: 77.4% | lr: 1.00e-02 | 0.3s
  에폭  88/2000 | 손실: 0.4346 | 학습: 80.9% | 검증: 76.6% | lr: 1.00e-02 | 0.3s
  에폭  89/2000 | 손실: 0.4302 | 학습: 81.9% | 검증: 77.4% | lr: 1.00e-02 | 0.3s
  에폭  90/2000 | 손실: 0.4309 | 학습: 81.4% | 검증: 76.9% | lr: 1.00e-02 | 0.3s
  에폭  91/2000 | 손실: 0.4330 | 학습: 82.0% | 검증: 78.1% | lr: 1.00e-02 | 0.3s ★
  에폭  92/2000 | 손실: 0.4281 | 학습: 82.3% | 검증: 78.3% | lr: 1.00e-02 | 0.3s ★
  에폭  93/2000 | 손실: 0.4277 | 학습: 82.4% | 검증: 78.0% | lr: 1.00e-02 | 0.3s
  에폭  94/2000 | 손실: 0.4292 | 학습: 81.6% | 검증: 77.6% | lr: 1.00e-02 | 0.3s
  에폭  95/2000 | 손실: 0.4273 | 학습: 81.7% | 검증: 77.7% | lr: 1.00e-02 | 0.3s
  에폭  96/2000 | 손실: 0.4281 | 학습: 82.1% | 검증: 78.1% | lr: 1.00e-02 | 0.3s
  에폭  97/2000 | 손실: 0.4267 | 학습: 82.4% | 검증: 77.9% | lr: 1.00e-02 | 0.3s
  에폭  98/2000 | 손실: 0.4281 | 학습: 81.9% | 검증: 77.9% | lr: 1.00e-02 | 0.3s
  에폭  99/2000 | 손실: 0.4303 | 학습: 81.9% | 검증: 77.7% | lr: 1.00e-02 | 0.3s
  에폭 100/2000 | 손실: 0.4268 | 학습: 82.0% | 검증: 77.7% | lr: 1.00e-02 | 0.3s
  에폭 101/2000 | 손실: 0.4224 | 학습: 82.3% | 검증: 77.9% | lr: 1.00e-02 | 0.3s
  에폭 102/2000 | 손실: 0.4297 | 학습: 82.4% | 검증: 77.7% | lr: 1.00e-02 | 0.3s
  에폭 103/2000 | 손실: 0.4230 | 학습: 82.2% | 검증: 78.1% | lr: 1.00e-02 | 0.3s
  에폭 104/2000 | 손실: 0.4229 | 학습: 83.2% | 검증: 78.6% | lr: 1.00e-02 | 0.3s ★
  에폭 105/2000 | 손실: 0.4146 | 학습: 82.8% | 검증: 78.4% | lr: 1.00e-02 | 0.3s
  에폭 106/2000 | 손실: 0.4232 | 학습: 81.9% | 검증: 77.2% | lr: 1.00e-02 | 0.3s
  에폭 107/2000 | 손실: 0.4208 | 학습: 82.7% | 검증: 78.5% | lr: 1.00e-02 | 0.3s
  에폭 108/2000 | 손실: 0.4195 | 학습: 82.6% | 검증: 78.2% | lr: 1.00e-02 | 0.3s
  에폭 109/2000 | 손실: 0.4211 | 학습: 83.3% | 검증: 78.5% | lr: 1.00e-02 | 0.3s
  에폭 110/2000 | 손실: 0.4172 | 학습: 82.8% | 검증: 77.8% | lr: 1.00e-02 | 0.3s
  에폭 111/2000 | 손실: 0.4163 | 학습: 82.9% | 검증: 78.4% | lr: 1.00e-02 | 0.3s
  에폭 112/2000 | 손실: 0.4162 | 학습: 83.0% | 검증: 78.7% | lr: 1.00e-02 | 0.3s ★
  에폭 113/2000 | 손실: 0.4213 | 학습: 82.7% | 검증: 78.0% | lr: 1.00e-02 | 0.3s
  에폭 114/2000 | 손실: 0.4176 | 학습: 83.5% | 검증: 79.2% | lr: 1.00e-02 | 0.3s ★
  에폭 115/2000 | 손실: 0.4112 | 학습: 82.8% | 검증: 78.4% | lr: 1.00e-02 | 0.3s
  에폭 116/2000 | 손실: 0.4100 | 학습: 83.4% | 검증: 78.3% | lr: 1.00e-02 | 0.3s
  에폭 117/2000 | 손실: 0.4144 | 학습: 83.3% | 검증: 79.0% | lr: 1.00e-02 | 0.3s
  에폭 118/2000 | 손실: 0.4139 | 학습: 83.3% | 검증: 78.7% | lr: 1.00e-02 | 0.3s
  에폭 119/2000 | 손실: 0.4119 | 학습: 83.1% | 검증: 78.7% | lr: 1.00e-02 | 0.3s
  에폭 120/2000 | 손실: 0.4157 | 학습: 82.8% | 검증: 78.1% | lr: 1.00e-02 | 0.3s
  에폭 121/2000 | 손실: 0.4139 | 학습: 83.5% | 검증: 79.1% | lr: 1.00e-02 | 0.3s
  에폭 122/2000 | 손실: 0.4129 | 학습: 83.6% | 검증: 78.9% | lr: 1.00e-02 | 0.3s
  에폭 123/2000 | 손실: 0.4056 | 학습: 83.8% | 검증: 79.1% | lr: 1.00e-02 | 0.3s
  에폭 124/2000 | 손실: 0.4182 | 학습: 83.3% | 검증: 79.1% | lr: 1.00e-02 | 0.3s
  에폭 125/2000 | 손실: 0.4064 | 학습: 83.3% | 검증: 79.0% | lr: 1.00e-02 | 0.3s
  에폭 126/2000 | 손실: 0.4106 | 학습: 83.1% | 검증: 78.5% | lr: 1.00e-02 | 0.3s
  에폭 127/2000 | 손실: 0.4055 | 학습: 83.9% | 검증: 79.1% | lr: 1.00e-02 | 0.3s
  에폭 128/2000 | 손실: 0.4133 | 학습: 83.2% | 검증: 78.7% | lr: 1.00e-02 | 0.3s
  에폭 129/2000 | 손실: 0.4120 | 학습: 83.9% | 검증: 79.0% | lr: 1.00e-02 | 0.3s
  에폭 130/2000 | 손실: 0.4048 | 학습: 84.0% | 검증: 79.0% | lr: 1.00e-02 | 0.3s
  에폭 131/2000 | 손실: 0.4044 | 학습: 84.0% | 검증: 78.6% | lr: 1.00e-02 | 0.3s
  에폭 132/2000 | 손실: 0.4107 | 학습: 84.3% | 검증: 78.9% | lr: 1.00e-02 | 0.3s
  에폭 133/2000 | 손실: 0.4077 | 학습: 83.8% | 검증: 79.1% | lr: 1.00e-02 | 0.3s
  에폭 134/2000 | 손실: 0.4038 | 학습: 84.3% | 검증: 79.1% | lr: 1.00e-02 | 0.3s
  에폭 135/2000 | 손실: 0.4052 | 학습: 84.1% | 검증: 79.5% | lr: 1.00e-02 | 0.3s ★
  에폭 136/2000 | 손실: 0.4093 | 학습: 83.0% | 검증: 77.9% | lr: 1.00e-02 | 0.3s
  에폭 137/2000 | 손실: 0.4091 | 학습: 84.3% | 검증: 79.1% | lr: 1.00e-02 | 0.3s
  에폭 138/2000 | 손실: 0.4074 | 학습: 84.0% | 검증: 78.9% | lr: 1.00e-02 | 0.3s
  에폭 139/2000 | 손실: 0.4048 | 학습: 84.3% | 검증: 79.1% | lr: 1.00e-02 | 0.3s
  에폭 140/2000 | 손실: 0.3983 | 학습: 84.1% | 검증: 78.8% | lr: 1.00e-02 | 0.3s
  에폭 141/2000 | 손실: 0.4002 | 학습: 83.9% | 검증: 78.9% | lr: 1.00e-02 | 0.3s
  에폭 142/2000 | 손실: 0.4036 | 학습: 84.1% | 검증: 78.9% | lr: 1.00e-02 | 0.3s
  에폭 143/2000 | 손실: 0.4068 | 학습: 84.1% | 검증: 79.0% | lr: 1.00e-02 | 0.3s
  에폭 144/2000 | 손실: 0.3998 | 학습: 84.3% | 검증: 79.4% | lr: 1.00e-02 | 0.3s
  에폭 145/2000 | 손실: 0.4037 | 학습: 84.4% | 검증: 79.1% | lr: 1.00e-02 | 0.3s
  에폭 146/2000 | 손실: 0.3973 | 학습: 84.5% | 검증: 79.6% | lr: 1.00e-02 | 0.3s ★
  에폭 147/2000 | 손실: 0.4001 | 학습: 84.3% | 검증: 79.4% | lr: 1.00e-02 | 0.3s
  에폭 148/2000 | 손실: 0.4021 | 학습: 84.6% | 검증: 79.3% | lr: 1.00e-02 | 0.3s
  에폭 149/2000 | 손실: 0.4087 | 학습: 84.5% | 검증: 79.5% | lr: 1.00e-02 | 0.3s
  에폭 150/2000 | 손실: 0.3966 | 학습: 84.7% | 검증: 79.8% | lr: 1.00e-02 | 0.3s ★
  에폭 151/2000 | 손실: 0.3988 | 학습: 84.5% | 검증: 79.6% | lr: 1.00e-02 | 0.3s
  에폭 152/2000 | 손실: 0.4025 | 학습: 84.2% | 검증: 79.7% | lr: 1.00e-02 | 0.3s
  에폭 153/2000 | 손실: 0.3989 | 학습: 84.3% | 검증: 79.7% | lr: 1.00e-02 | 0.3s
  에폭 154/2000 | 손실: 0.4031 | 학습: 84.8% | 검증: 80.0% | lr: 1.00e-02 | 0.3s ★
  에폭 155/2000 | 손실: 0.3996 | 학습: 85.0% | 검증: 80.6% | lr: 1.00e-02 | 0.3s ★
  에폭 156/2000 | 손실: 0.3987 | 학습: 84.7% | 검증: 79.6% | lr: 1.00e-02 | 0.3s
  에폭 157/2000 | 손실: 0.4059 | 학습: 83.7% | 검증: 78.6% | lr: 1.00e-02 | 0.3s
  에폭 158/2000 | 손실: 0.3958 | 학습: 84.8% | 검증: 79.6% | lr: 1.00e-02 | 0.3s
  에폭 159/2000 | 손실: 0.3978 | 학습: 84.8% | 검증: 80.0% | lr: 1.00e-02 | 0.3s
  에폭 160/2000 | 손실: 0.3938 | 학습: 84.9% | 검증: 80.0% | lr: 1.00e-02 | 0.3s
  에폭 161/2000 | 손실: 0.4008 | 학습: 84.2% | 검증: 79.3% | lr: 1.00e-02 | 0.3s
  에폭 162/2000 | 손실: 0.3944 | 학습: 84.5% | 검증: 79.7% | lr: 1.00e-02 | 0.3s
  에폭 163/2000 | 손실: 0.3937 | 학습: 84.7% | 검증: 79.7% | lr: 1.00e-02 | 0.3s
  에폭 164/2000 | 손실: 0.3956 | 학습: 85.1% | 검증: 79.8% | lr: 1.00e-02 | 0.3s
  에폭 165/2000 | 손실: 0.3969 | 학습: 85.4% | 검증: 80.6% | lr: 1.00e-02 | 0.3s
  에폭 166/2000 | 손실: 0.4049 | 학습: 85.0% | 검증: 79.8% | lr: 1.00e-02 | 0.3s
  에폭 167/2000 | 손실: 0.3991 | 학습: 85.2% | 검증: 79.9% | lr: 1.00e-02 | 0.3s
  에폭 168/2000 | 손실: 0.3946 | 학습: 84.8% | 검증: 79.7% | lr: 1.00e-02 | 0.3s
  에폭 169/2000 | 손실: 0.3987 | 학습: 84.7% | 검증: 79.7% | lr: 1.00e-02 | 0.3s
  에폭 170/2000 | 손실: 0.4003 | 학습: 85.0% | 검증: 79.6% | lr: 1.00e-02 | 0.3s
  에폭 171/2000 | 손실: 0.3961 | 학습: 84.8% | 검증: 79.6% | lr: 1.00e-02 | 0.3s
  에폭 172/2000 | 손실: 0.3905 | 학습: 85.1% | 검증: 80.6% | lr: 1.00e-02 | 0.3s
  에폭 173/2000 | 손실: 0.3940 | 학습: 85.4% | 검증: 80.2% | lr: 1.00e-02 | 0.3s
  에폭 174/2000 | 손실: 0.3918 | 학습: 84.9% | 검증: 79.7% | lr: 1.00e-02 | 0.3s
  에폭 175/2000 | 손실: 0.3955 | 학습: 85.4% | 검증: 80.1% | lr: 1.00e-02 | 0.3s
  에폭 176/2000 | 손실: 0.3925 | 학습: 85.4% | 검증: 80.5% | lr: 1.00e-02 | 0.3s
  에폭 177/2000 | 손실: 0.3954 | 학습: 85.4% | 검증: 79.9% | lr: 1.00e-02 | 0.3s
  에폭 178/2000 | 손실: 0.4000 | 학습: 85.1% | 검증: 79.7% | lr: 1.00e-02 | 0.3s
  에폭 179/2000 | 손실: 0.3907 | 학습: 85.6% | 검증: 80.7% | lr: 1.00e-02 | 0.3s ★
  에폭 180/2000 | 손실: 0.3913 | 학습: 85.0% | 검증: 80.1% | lr: 1.00e-02 | 0.3s
  에폭 181/2000 | 손실: 0.3882 | 학습: 85.6% | 검증: 80.3% | lr: 1.00e-02 | 0.3s
  에폭 182/2000 | 손실: 0.3998 | 학습: 85.6% | 검증: 80.3% | lr: 1.00e-02 | 0.3s
  에폭 183/2000 | 손실: 0.3878 | 학습: 85.2% | 검증: 80.0% | lr: 1.00e-02 | 0.3s
  에폭 184/2000 | 손실: 0.3870 | 학습: 85.0% | 검증: 79.9% | lr: 1.00e-02 | 0.3s
  에폭 185/2000 | 손실: 0.3976 | 학습: 85.2% | 검증: 80.5% | lr: 1.00e-02 | 0.3s
  에폭 186/2000 | 손실: 0.3917 | 학습: 85.1% | 검증: 79.7% | lr: 1.00e-02 | 0.3s
  에폭 187/2000 | 손실: 0.3893 | 학습: 85.7% | 검증: 80.7% | lr: 1.00e-02 | 0.3s
  에폭 188/2000 | 손실: 0.3947 | 학습: 85.1% | 검증: 79.9% | lr: 1.00e-02 | 0.3s
  에폭 189/2000 | 손실: 0.3952 | 학습: 85.9% | 검증: 80.8% | lr: 1.00e-02 | 0.3s ★
  에폭 190/2000 | 손실: 0.3899 | 학습: 85.9% | 검증: 80.9% | lr: 1.00e-02 | 0.3s ★
  에폭 191/2000 | 손실: 0.3915 | 학습: 85.9% | 검증: 80.7% | lr: 1.00e-02 | 0.3s
  에폭 192/2000 | 손실: 0.3915 | 학습: 85.7% | 검증: 79.9% | lr: 1.00e-02 | 0.3s
  에폭 193/2000 | 손실: 0.3891 | 학습: 85.8% | 검증: 80.5% | lr: 1.00e-02 | 0.3s
  에폭 194/2000 | 손실: 0.3869 | 학습: 86.1% | 검증: 80.9% | lr: 1.00e-02 | 0.3s
  에폭 195/2000 | 손실: 0.3926 | 학습: 85.7% | 검증: 80.4% | lr: 1.00e-02 | 0.3s
  에폭 196/2000 | 손실: 0.3950 | 학습: 86.0% | 검증: 80.4% | lr: 1.00e-02 | 0.3s
  에폭 197/2000 | 손실: 0.3869 | 학습: 86.0% | 검증: 80.9% | lr: 1.00e-02 | 0.3s
  에폭 198/2000 | 손실: 0.3902 | 학습: 85.6% | 검증: 80.0% | lr: 1.00e-02 | 0.3s
  에폭 199/2000 | 손실: 0.3926 | 학습: 85.6% | 검증: 80.4% | lr: 1.00e-02 | 0.3s
  에폭 200/2000 | 손실: 0.3869 | 학습: 86.2% | 검증: 80.3% | lr: 1.00e-02 | 0.3s
  에폭 201/2000 | 손실: 0.3904 | 학습: 85.7% | 검증: 79.9% | lr: 1.00e-02 | 0.3s
  에폭 202/2000 | 손실: 0.3860 | 학습: 86.4% | 검증: 80.5% | lr: 1.00e-02 | 0.3s
  에폭 203/2000 | 손실: 0.3880 | 학습: 85.7% | 검증: 80.1% | lr: 1.00e-02 | 0.3s
  에폭 204/2000 | 손실: 0.3871 | 학습: 85.7% | 검증: 80.3% | lr: 1.00e-02 | 0.3s
  에폭 205/2000 | 손실: 0.3885 | 학습: 85.3% | 검증: 80.4% | lr: 1.00e-02 | 0.3s
  에폭 206/2000 | 손실: 0.3912 | 학습: 86.1% | 검증: 80.3% | lr: 1.00e-02 | 0.3s
  에폭 207/2000 | 손실: 0.3892 | 학습: 85.9% | 검증: 80.7% | lr: 1.00e-02 | 0.3s
  에폭 208/2000 | 손실: 0.3816 | 학습: 86.2% | 검증: 81.0% | lr: 1.00e-02 | 0.3s ★
  에폭 209/2000 | 손실: 0.3842 | 학습: 85.6% | 검증: 80.4% | lr: 1.00e-02 | 0.3s
  에폭 210/2000 | 손실: 0.3836 | 학습: 85.6% | 검증: 80.6% | lr: 1.00e-02 | 0.3s
  에폭 211/2000 | 손실: 0.3843 | 학습: 86.1% | 검증: 80.2% | lr: 1.00e-02 | 0.3s
  에폭 212/2000 | 손실: 0.3833 | 학습: 85.8% | 검증: 80.3% | lr: 1.00e-02 | 0.3s
  에폭 213/2000 | 손실: 0.3891 | 학습: 86.0% | 검증: 80.5% | lr: 1.00e-02 | 0.3s
  에폭 214/2000 | 손실: 0.3815 | 학습: 86.3% | 검증: 81.0% | lr: 1.00e-02 | 0.3s ★
  에폭 215/2000 | 손실: 0.3773 | 학습: 86.3% | 검증: 80.3% | lr: 1.00e-02 | 0.3s
  에폭 216/2000 | 손실: 0.3875 | 학습: 86.7% | 검증: 80.4% | lr: 1.00e-02 | 0.3s
  에폭 217/2000 | 손실: 0.3866 | 학습: 85.4% | 검증: 80.2% | lr: 1.00e-02 | 0.3s
  에폭 218/2000 | 손실: 0.3793 | 학습: 86.3% | 검증: 81.2% | lr: 1.00e-02 | 0.3s ★
  에폭 219/2000 | 손실: 0.3822 | 학습: 86.2% | 검증: 80.7% | lr: 1.00e-02 | 0.3s
  에폭 220/2000 | 손실: 0.3827 | 학습: 86.2% | 검증: 81.0% | lr: 1.00e-02 | 0.3s
  에폭 221/2000 | 손실: 0.3858 | 학습: 86.3% | 검증: 80.7% | lr: 1.00e-02 | 0.3s
  에폭 222/2000 | 손실: 0.3855 | 학습: 86.0% | 검증: 81.1% | lr: 1.00e-02 | 0.3s
  에폭 223/2000 | 손실: 0.3843 | 학습: 86.4% | 검증: 80.7% | lr: 1.00e-02 | 0.3s
  에폭 224/2000 | 손실: 0.3833 | 학습: 86.1% | 검증: 81.1% | lr: 1.00e-02 | 0.3s
  에폭 225/2000 | 손실: 0.3791 | 학습: 86.0% | 검증: 80.8% | lr: 1.00e-02 | 0.3s
  에폭 226/2000 | 손실: 0.3807 | 학습: 86.6% | 검증: 81.2% | lr: 1.00e-02 | 0.3s
  에폭 227/2000 | 손실: 0.3805 | 학습: 86.6% | 검증: 80.9% | lr: 1.00e-02 | 0.3s
  에폭 228/2000 | 손실: 0.3764 | 학습: 86.4% | 검증: 80.6% | lr: 1.00e-02 | 0.3s
  에폭 229/2000 | 손실: 0.3819 | 학습: 86.0% | 검증: 81.3% | lr: 1.00e-02 | 0.3s ★
  에폭 230/2000 | 손실: 0.3796 | 학습: 86.0% | 검증: 80.4% | lr: 1.00e-02 | 0.3s
  에폭 231/2000 | 손실: 0.3777 | 학습: 86.4% | 검증: 80.8% | lr: 1.00e-02 | 0.3s
  에폭 232/2000 | 손실: 0.3770 | 학습: 85.9% | 검증: 80.3% | lr: 1.00e-02 | 0.3s
  에폭 233/2000 | 손실: 0.3818 | 학습: 86.2% | 검증: 80.4% | lr: 1.00e-02 | 0.3s
  에폭 234/2000 | 손실: 0.3806 | 학습: 86.4% | 검증: 80.9% | lr: 1.00e-02 | 0.3s
  에폭 235/2000 | 손실: 0.3809 | 학습: 86.5% | 검증: 81.1% | lr: 1.00e-02 | 0.3s
  에폭 236/2000 | 손실: 0.3792 | 학습: 86.5% | 검증: 80.9% | lr: 1.00e-02 | 0.3s
  에폭 237/2000 | 손실: 0.3726 | 학습: 86.6% | 검증: 81.3% | lr: 1.00e-02 | 0.3s ★
  에폭 238/2000 | 손실: 0.3757 | 학습: 86.6% | 검증: 81.1% | lr: 1.00e-02 | 0.3s
  에폭 239/2000 | 손실: 0.3838 | 학습: 86.4% | 검증: 81.1% | lr: 1.00e-02 | 0.3s
  에폭 240/2000 | 손실: 0.3792 | 학습: 86.4% | 검증: 81.0% | lr: 1.00e-02 | 0.3s
  에폭 241/2000 | 손실: 0.3790 | 학습: 86.4% | 검증: 81.4% | lr: 1.00e-02 | 0.3s ★
  에폭 242/2000 | 손실: 0.3820 | 학습: 86.5% | 검증: 80.8% | lr: 1.00e-02 | 0.3s
  에폭 243/2000 | 손실: 0.3799 | 학습: 86.4% | 검증: 81.3% | lr: 1.00e-02 | 0.3s
  에폭 244/2000 | 손실: 0.3783 | 학습: 86.7% | 검증: 81.4% | lr: 1.00e-02 | 0.3s
  에폭 245/2000 | 손실: 0.3793 | 학습: 86.8% | 검증: 81.5% | lr: 1.00e-02 | 0.3s ★
  에폭 246/2000 | 손실: 0.3774 | 학습: 86.1% | 검증: 80.5% | lr: 1.00e-02 | 0.3s
  에폭 247/2000 | 손실: 0.3720 | 학습: 85.6% | 검증: 80.4% | lr: 1.00e-02 | 0.3s
  에폭 248/2000 | 손실: 0.3729 | 학습: 86.5% | 검증: 81.3% | lr: 1.00e-02 | 0.3s
  에폭 249/2000 | 손실: 0.3768 | 학습: 86.8% | 검증: 81.4% | lr: 1.00e-02 | 0.3s
  에폭 250/2000 | 손실: 0.3718 | 학습: 86.5% | 검증: 81.3% | lr: 1.00e-02 | 0.3s
  에폭 251/2000 | 손실: 0.3789 | 학습: 86.5% | 검증: 80.6% | lr: 1.00e-02 | 0.3s
  에폭 252/2000 | 손실: 0.3735 | 학습: 86.8% | 검증: 81.1% | lr: 1.00e-02 | 0.3s
  에폭 253/2000 | 손실: 0.3759 | 학습: 86.9% | 검증: 80.7% | lr: 1.00e-02 | 0.3s
  에폭 254/2000 | 손실: 0.3729 | 학습: 87.0% | 검증: 81.6% | lr: 1.00e-02 | 0.3s ★
  에폭 255/2000 | 손실: 0.3772 | 학습: 86.9% | 검증: 81.6% | lr: 1.00e-02 | 0.3s ★
  에폭 256/2000 | 손실: 0.3747 | 학습: 87.0% | 검증: 81.9% | lr: 1.00e-02 | 0.3s ★
  에폭 257/2000 | 손실: 0.3784 | 학습: 87.0% | 검증: 81.0% | lr: 1.00e-02 | 0.3s
  에폭 258/2000 | 손실: 0.3789 | 학습: 86.3% | 검증: 80.8% | lr: 1.00e-02 | 0.3s
  에폭 259/2000 | 손실: 0.3763 | 학습: 87.1% | 검증: 81.2% | lr: 1.00e-02 | 0.3s
  에폭 260/2000 | 손실: 0.3781 | 학습: 87.0% | 검증: 81.7% | lr: 1.00e-02 | 0.3s
  에폭 261/2000 | 손실: 0.3737 | 학습: 86.8% | 검증: 81.1% | lr: 1.00e-02 | 0.3s
  에폭 262/2000 | 손실: 0.3721 | 학습: 87.2% | 검증: 81.3% | lr: 1.00e-02 | 0.3s
  에폭 263/2000 | 손실: 0.3742 | 학습: 86.7% | 검증: 80.9% | lr: 1.00e-02 | 0.3s
  에폭 264/2000 | 손실: 0.3764 | 학습: 86.4% | 검증: 80.6% | lr: 1.00e-02 | 0.3s
  에폭 265/2000 | 손실: 0.3733 | 학습: 87.0% | 검증: 82.0% | lr: 1.00e-02 | 0.3s ★
  에폭 266/2000 | 손실: 0.3729 | 학습: 87.0% | 검증: 81.3% | lr: 1.00e-02 | 0.3s
  에폭 267/2000 | 손실: 0.3719 | 학습: 87.1% | 검증: 81.5% | lr: 1.00e-02 | 0.3s
  에폭 268/2000 | 손실: 0.3722 | 학습: 86.8% | 검증: 81.1% | lr: 1.00e-02 | 0.3s
  에폭 269/2000 | 손실: 0.3729 | 학습: 87.2% | 검증: 81.2% | lr: 1.00e-02 | 0.3s
  에폭 270/2000 | 손실: 0.3682 | 학습: 86.8% | 검증: 80.9% | lr: 1.00e-02 | 0.3s
  에폭 271/2000 | 손실: 0.3763 | 학습: 86.8% | 검증: 81.0% | lr: 1.00e-02 | 0.3s
  에폭 272/2000 | 손실: 0.3764 | 학습: 86.7% | 검증: 81.0% | lr: 1.00e-02 | 0.3s
  에폭 273/2000 | 손실: 0.3717 | 학습: 87.1% | 검증: 81.3% | lr: 1.00e-02 | 0.3s
  에폭 274/2000 | 손실: 0.3713 | 학습: 87.2% | 검증: 81.7% | lr: 1.00e-02 | 0.3s
  에폭 275/2000 | 손실: 0.3730 | 학습: 86.9% | 검증: 81.6% | lr: 1.00e-02 | 0.3s
  에폭 276/2000 | 손실: 0.3701 | 학습: 87.1% | 검증: 81.7% | lr: 1.00e-02 | 0.3s
  에폭 277/2000 | 손실: 0.3732 | 학습: 86.7% | 검증: 81.0% | lr: 1.00e-02 | 0.3s
  에폭 278/2000 | 손실: 0.3754 | 학습: 86.6% | 검증: 80.6% | lr: 1.00e-02 | 0.3s
  에폭 279/2000 | 손실: 0.3689 | 학습: 87.4% | 검증: 81.5% | lr: 1.00e-02 | 0.3s
  에폭 280/2000 | 손실: 0.3762 | 학습: 87.4% | 검증: 82.0% | lr: 1.00e-02 | 0.3s
  에폭 281/2000 | 손실: 0.3629 | 학습: 87.1% | 검증: 81.5% | lr: 1.00e-02 | 0.3s
  에폭 282/2000 | 손실: 0.3658 | 학습: 87.3% | 검증: 81.2% | lr: 1.00e-02 | 0.3s
  에폭 283/2000 | 손실: 0.3761 | 학습: 86.7% | 검증: 81.3% | lr: 1.00e-02 | 0.3s
  에폭 284/2000 | 손실: 0.3694 | 학습: 87.2% | 검증: 81.9% | lr: 1.00e-02 | 0.3s
  에폭 285/2000 | 손실: 0.3696 | 학습: 86.8% | 검증: 81.5% | lr: 1.00e-02 | 0.3s
  에폭 286/2000 | 손실: 0.3713 | 학습: 87.2% | 검증: 82.1% | lr: 1.00e-02 | 0.3s ★
  에폭 287/2000 | 손실: 0.3673 | 학습: 87.6% | 검증: 82.1% | lr: 1.00e-02 | 0.3s ★
  에폭 288/2000 | 손실: 0.3694 | 학습: 87.6% | 검증: 82.2% | lr: 1.00e-02 | 0.3s ★
  에폭 289/2000 | 손실: 0.3754 | 학습: 87.0% | 검증: 81.8% | lr: 1.00e-02 | 0.3s
  에폭 290/2000 | 손실: 0.3684 | 학습: 86.7% | 검증: 80.9% | lr: 1.00e-02 | 0.3s
  에폭 291/2000 | 손실: 0.3692 | 학습: 87.0% | 검증: 81.5% | lr: 1.00e-02 | 0.3s
  에폭 292/2000 | 손실: 0.3685 | 학습: 87.2% | 검증: 81.6% | lr: 1.00e-02 | 0.3s
  에폭 293/2000 | 손실: 0.3746 | 학습: 87.3% | 검증: 81.4% | lr: 1.00e-02 | 0.3s
  에폭 294/2000 | 손실: 0.3710 | 학습: 87.3% | 검증: 81.9% | lr: 1.00e-02 | 0.3s
  에폭 295/2000 | 손실: 0.3630 | 학습: 87.5% | 검증: 81.3% | lr: 1.00e-02 | 0.3s
  에폭 296/2000 | 손실: 0.3694 | 학습: 87.4% | 검증: 81.3% | lr: 1.00e-02 | 0.3s
  에폭 297/2000 | 손실: 0.3705 | 학습: 86.8% | 검증: 81.5% | lr: 1.00e-02 | 0.3s
  에폭 298/2000 | 손실: 0.3636 | 학습: 87.6% | 검증: 82.1% | lr: 1.00e-02 | 0.3s
  에폭 299/2000 | 손실: 0.3662 | 학습: 87.4% | 검증: 81.5% | lr: 1.00e-02 | 0.3s
  에폭 300/2000 | 손실: 0.3660 | 학습: 87.4% | 검증: 82.0% | lr: 1.00e-02 | 0.3s
  에폭 301/2000 | 손실: 0.3679 | 학습: 87.1% | 검증: 81.7% | lr: 1.00e-02 | 0.3s
  에폭 302/2000 | 손실: 0.3666 | 학습: 86.8% | 검증: 81.5% | lr: 1.00e-02 | 0.3s
  에폭 303/2000 | 손실: 0.3695 | 학습: 87.3% | 검증: 82.0% | lr: 1.00e-02 | 0.3s
  에폭 304/2000 | 손실: 0.3643 | 학습: 87.5% | 검증: 81.7% | lr: 1.00e-02 | 0.3s
  에폭 305/2000 | 손실: 0.3686 | 학습: 87.2% | 검증: 81.5% | lr: 1.00e-02 | 0.3s
  에폭 306/2000 | 손실: 0.3686 | 학습: 87.6% | 검증: 82.1% | lr: 1.00e-02 | 0.3s
  에폭 307/2000 | 손실: 0.3655 | 학습: 87.4% | 검증: 81.6% | lr: 1.00e-02 | 0.3s
  에폭 308/2000 | 손실: 0.3643 | 학습: 87.3% | 검증: 81.8% | lr: 1.00e-02 | 0.3s
  에폭 309/2000 | 손실: 0.3640 | 학습: 87.4% | 검증: 81.7% | lr: 1.00e-02 | 0.3s
  에폭 310/2000 | 손실: 0.3675 | 학습: 87.5% | 검증: 81.9% | lr: 1.00e-02 | 0.3s
  에폭 311/2000 | 손실: 0.3670 | 학습: 87.7% | 검증: 81.3% | lr: 1.00e-02 | 0.3s
  에폭 312/2000 | 손실: 0.3672 | 학습: 87.8% | 검증: 81.8% | lr: 1.00e-02 | 0.3s
  에폭 313/2000 | 손실: 0.3681 | 학습: 87.5% | 검증: 81.6% | lr: 1.00e-02 | 0.3s
  에폭 314/2000 | 손실: 0.3660 | 학습: 87.3% | 검증: 81.9% | lr: 1.00e-02 | 0.3s
  에폭 315/2000 | 손실: 0.3666 | 학습: 87.6% | 검증: 81.6% | lr: 1.00e-02 | 0.3s
  에폭 316/2000 | 손실: 0.3604 | 학습: 87.1% | 검증: 81.3% | lr: 1.00e-02 | 0.3s
  에폭 317/2000 | 손실: 0.3685 | 학습: 87.8% | 검증: 82.0% | lr: 1.00e-02 | 0.3s
  에폭 318/2000 | 손실: 0.3618 | 학습: 87.9% | 검증: 82.2% | lr: 1.00e-02 | 0.3s ★
  에폭 319/2000 | 손실: 0.3653 | 학습: 87.8% | 검증: 82.2% | lr: 1.00e-02 | 0.3s
  에폭 320/2000 | 손실: 0.3698 | 학습: 87.3% | 검증: 81.6% | lr: 1.00e-02 | 0.3s
  에폭 321/2000 | 손실: 0.3641 | 학습: 87.4% | 검증: 81.9% | lr: 1.00e-02 | 0.3s
  에폭 322/2000 | 손실: 0.3614 | 학습: 87.9% | 검증: 81.8% | lr: 1.00e-02 | 0.3s
  에폭 323/2000 | 손실: 0.3621 | 학습: 87.8% | 검증: 82.1% | lr: 1.00e-02 | 0.3s
  에폭 324/2000 | 손실: 0.3598 | 학습: 87.9% | 검증: 81.6% | lr: 1.00e-02 | 0.3s
  에폭 325/2000 | 손실: 0.3609 | 학습: 87.7% | 검증: 81.8% | lr: 1.00e-02 | 0.3s
  에폭 326/2000 | 손실: 0.3635 | 학습: 87.3% | 검증: 81.5% | lr: 1.00e-02 | 0.3s
  에폭 327/2000 | 손실: 0.3655 | 학습: 88.0% | 검증: 82.3% | lr: 1.00e-02 | 0.3s ★
  에폭 328/2000 | 손실: 0.3614 | 학습: 87.7% | 검증: 81.4% | lr: 1.00e-02 | 0.3s
  에폭 329/2000 | 손실: 0.3660 | 학습: 87.2% | 검증: 81.2% | lr: 1.00e-02 | 0.3s
  에폭 330/2000 | 손실: 0.3670 | 학습: 87.9% | 검증: 81.8% | lr: 1.00e-02 | 0.3s
  에폭 331/2000 | 손실: 0.3681 | 학습: 87.7% | 검증: 82.0% | lr: 1.00e-02 | 0.3s
  에폭 332/2000 | 손실: 0.3670 | 학습: 87.5% | 검증: 82.0% | lr: 1.00e-02 | 0.3s
  에폭 333/2000 | 손실: 0.3586 | 학습: 87.4% | 검증: 81.5% | lr: 1.00e-02 | 0.3s
  에폭 334/2000 | 손실: 0.3641 | 학습: 87.9% | 검증: 82.0% | lr: 1.00e-02 | 0.3s
  에폭 335/2000 | 손실: 0.3597 | 학습: 87.8% | 검증: 81.2% | lr: 1.00e-02 | 0.3s
  에폭 336/2000 | 손실: 0.3685 | 학습: 87.8% | 검증: 81.9% | lr: 1.00e-02 | 0.3s
  에폭 337/2000 | 손실: 0.3620 | 학습: 87.8% | 검증: 81.7% | lr: 1.00e-02 | 0.3s
  에폭 338/2000 | 손실: 0.3657 | 학습: 87.8% | 검증: 81.5% | lr: 1.00e-02 | 0.3s
  에폭 339/2000 | 손실: 0.3623 | 학습: 88.0% | 검증: 81.5% | lr: 1.00e-02 | 0.3s
  에폭 340/2000 | 손실: 0.3650 | 학습: 87.7% | 검증: 82.1% | lr: 1.00e-02 | 0.3s
  에폭 341/2000 | 손실: 0.3604 | 학습: 88.2% | 검증: 82.1% | lr: 1.00e-02 | 0.3s
  에폭 342/2000 | 손실: 0.3640 | 학습: 88.0% | 검증: 81.9% | lr: 1.00e-02 | 0.3s
  에폭 343/2000 | 손실: 0.3654 | 학습: 88.1% | 검증: 82.4% | lr: 1.00e-02 | 0.3s ★
  에폭 344/2000 | 손실: 0.3637 | 학습: 87.9% | 검증: 82.2% | lr: 1.00e-02 | 0.3s
  에폭 345/2000 | 손실: 0.3567 | 학습: 87.8% | 검증: 82.1% | lr: 1.00e-02 | 0.3s
  에폭 346/2000 | 손실: 0.3570 | 학습: 87.6% | 검증: 81.4% | lr: 1.00e-02 | 0.3s
  에폭 347/2000 | 손실: 0.3631 | 학습: 87.8% | 검증: 82.0% | lr: 1.00e-02 | 0.3s
  에폭 348/2000 | 손실: 0.3613 | 학습: 88.1% | 검증: 81.8% | lr: 1.00e-02 | 0.3s
  에폭 349/2000 | 손실: 0.3640 | 학습: 88.2% | 검증: 82.3% | lr: 1.00e-02 | 0.3s
  에폭 350/2000 | 손실: 0.3589 | 학습: 87.9% | 검증: 82.0% | lr: 1.00e-02 | 0.3s
  에폭 351/2000 | 손실: 0.3563 | 학습: 88.2% | 검증: 82.2% | lr: 1.00e-02 | 0.3s
  에폭 352/2000 | 손실: 0.3572 | 학습: 87.9% | 검증: 82.2% | lr: 1.00e-02 | 0.3s
  에폭 353/2000 | 손실: 0.3641 | 학습: 88.1% | 검증: 82.1% | lr: 1.00e-02 | 0.3s
  에폭 354/2000 | 손실: 0.3603 | 학습: 87.7% | 검증: 82.1% | lr: 1.00e-02 | 0.3s
  에폭 355/2000 | 손실: 0.3553 | 학습: 87.8% | 검증: 82.4% | lr: 1.00e-02 | 0.3s ★
  에폭 356/2000 | 손실: 0.3637 | 학습: 87.9% | 검증: 82.4% | lr: 1.00e-02 | 0.3s
  에폭 357/2000 | 손실: 0.3604 | 학습: 87.8% | 검증: 82.2% | lr: 1.00e-02 | 0.3s
  에폭 358/2000 | 손실: 0.3539 | 학습: 88.1% | 검증: 82.5% | lr: 1.00e-02 | 0.3s ★
  에폭 359/2000 | 손실: 0.3615 | 학습: 88.2% | 검증: 82.4% | lr: 1.00e-02 | 0.3s
  에폭 360/2000 | 손실: 0.3568 | 학습: 87.7% | 검증: 81.5% | lr: 1.00e-02 | 0.3s
  에폭 361/2000 | 손실: 0.3623 | 학습: 87.6% | 검증: 81.9% | lr: 1.00e-02 | 0.3s
  에폭 362/2000 | 손실: 0.3673 | 학습: 88.2% | 검증: 82.7% | lr: 1.00e-02 | 0.3s ★
  에폭 363/2000 | 손실: 0.3546 | 학습: 88.3% | 검증: 82.7% | lr: 1.00e-02 | 0.3s ★
  에폭 364/2000 | 손실: 0.3594 | 학습: 87.7% | 검증: 82.3% | lr: 1.00e-02 | 0.3s
  에폭 365/2000 | 손실: 0.3554 | 학습: 88.5% | 검증: 82.3% | lr: 1.00e-02 | 0.3s
  에폭 366/2000 | 손실: 0.3606 | 학습: 87.7% | 검증: 81.9% | lr: 1.00e-02 | 0.3s
  에폭 367/2000 | 손실: 0.3573 | 학습: 88.1% | 검증: 81.9% | lr: 1.00e-02 | 0.3s
  에폭 368/2000 | 손실: 0.3554 | 학습: 88.5% | 검증: 82.5% | lr: 1.00e-02 | 0.3s
  에폭 369/2000 | 손실: 0.3542 | 학습: 88.2% | 검증: 82.3% | lr: 1.00e-02 | 0.3s
  에폭 370/2000 | 손실: 0.3499 | 학습: 88.4% | 검증: 82.6% | lr: 1.00e-02 | 0.3s
  에폭 371/2000 | 손실: 0.3610 | 학습: 87.9% | 검증: 81.8% | lr: 1.00e-02 | 0.3s
  에폭 372/2000 | 손실: 0.3598 | 학습: 88.2% | 검증: 82.0% | lr: 1.00e-02 | 0.3s
  에폭 373/2000 | 손실: 0.3581 | 학습: 88.3% | 검증: 82.5% | lr: 1.00e-02 | 0.3s
  에폭 374/2000 | 손실: 0.3594 | 학습: 87.8% | 검증: 81.6% | lr: 1.00e-02 | 0.3s
  에폭 375/2000 | 손실: 0.3571 | 학습: 88.4% | 검증: 82.9% | lr: 1.00e-02 | 0.3s ★
  에폭 376/2000 | 손실: 0.3513 | 학습: 88.2% | 검증: 82.1% | lr: 1.00e-02 | 0.3s
  에폭 377/2000 | 손실: 0.3537 | 학습: 88.2% | 검증: 82.6% | lr: 1.00e-02 | 0.3s
  에폭 378/2000 | 손실: 0.3569 | 학습: 88.2% | 검증: 82.0% | lr: 1.00e-02 | 0.3s
  에폭 379/2000 | 손실: 0.3553 | 학습: 88.5% | 검증: 82.6% | lr: 1.00e-02 | 0.3s
  에폭 380/2000 | 손실: 0.3582 | 학습: 88.1% | 검증: 82.3% | lr: 1.00e-02 | 0.3s
  에폭 381/2000 | 손실: 0.3575 | 학습: 88.3% | 검증: 82.3% | lr: 1.00e-02 | 0.3s
  에폭 382/2000 | 손실: 0.3520 | 학습: 88.2% | 검증: 81.7% | lr: 1.00e-02 | 0.3s
  에폭 383/2000 | 손실: 0.3506 | 학습: 88.8% | 검증: 83.0% | lr: 1.00e-02 | 0.3s ★
  에폭 384/2000 | 손실: 0.3548 | 학습: 88.2% | 검증: 82.2% | lr: 1.00e-02 | 0.3s
  에폭 385/2000 | 손실: 0.3568 | 학습: 88.4% | 검증: 82.4% | lr: 1.00e-02 | 0.3s
  에폭 386/2000 | 손실: 0.3550 | 학습: 88.5% | 검증: 82.6% | lr: 1.00e-02 | 0.3s
  에폭 387/2000 | 손실: 0.3541 | 학습: 88.3% | 검증: 81.9% | lr: 1.00e-02 | 0.3s
  에폭 388/2000 | 손실: 0.3496 | 학습: 88.5% | 검증: 82.6% | lr: 1.00e-02 | 0.3s
  에폭 389/2000 | 손실: 0.3575 | 학습: 88.6% | 검증: 82.4% | lr: 1.00e-02 | 0.3s
  에폭 390/2000 | 손실: 0.3491 | 학습: 88.7% | 검증: 82.5% | lr: 1.00e-02 | 0.3s
  에폭 391/2000 | 손실: 0.3503 | 학습: 88.6% | 검증: 82.3% | lr: 1.00e-02 | 0.3s
  에폭 392/2000 | 손실: 0.3545 | 학습: 88.7% | 검증: 82.2% | lr: 1.00e-02 | 0.3s
  에폭 393/2000 | 손실: 0.3537 | 학습: 88.6% | 검증: 82.7% | lr: 1.00e-02 | 0.3s
  에폭 394/2000 | 손실: 0.3590 | 학습: 88.7% | 검증: 82.3% | lr: 1.00e-02 | 0.3s
  에폭 395/2000 | 손실: 0.3553 | 학습: 88.3% | 검증: 82.5% | lr: 1.00e-02 | 0.3s
  에폭 396/2000 | 손실: 0.3554 | 학습: 88.1% | 검증: 82.2% | lr: 1.00e-02 | 0.3s
  에폭 397/2000 | 손실: 0.3516 | 학습: 88.6% | 검증: 82.7% | lr: 1.00e-02 | 0.3s
  에폭 398/2000 | 손실: 0.3526 | 학습: 88.6% | 검증: 82.2% | lr: 1.00e-02 | 0.3s
  에폭 399/2000 | 손실: 0.3494 | 학습: 88.5% | 검증: 82.5% | lr: 1.00e-02 | 0.3s
  에폭 400/2000 | 손실: 0.3521 | 학습: 88.2% | 검증: 82.7% | lr: 1.00e-02 | 0.3s
  에폭 401/2000 | 손실: 0.3538 | 학습: 88.6% | 검증: 82.9% | lr: 1.00e-02 | 0.3s
  에폭 402/2000 | 손실: 0.3483 | 학습: 88.9% | 검증: 83.3% | lr: 1.00e-02 | 0.3s ★
  에폭 403/2000 | 손실: 0.3553 | 학습: 88.8% | 검증: 83.3% | lr: 1.00e-02 | 0.3s
  에폭 404/2000 | 손실: 0.3474 | 학습: 88.2% | 검증: 82.3% | lr: 1.00e-02 | 0.3s
  에폭 405/2000 | 손실: 0.3542 | 학습: 88.8% | 검증: 83.2% | lr: 1.00e-02 | 0.3s
  에폭 406/2000 | 손실: 0.3555 | 학습: 89.2% | 검증: 83.0% | lr: 1.00e-02 | 0.3s
  에폭 407/2000 | 손실: 0.3507 | 학습: 88.5% | 검증: 82.6% | lr: 1.00e-02 | 0.3s
  에폭 408/2000 | 손실: 0.3537 | 학습: 88.7% | 검증: 82.1% | lr: 1.00e-02 | 0.3s
  에폭 409/2000 | 손실: 0.3611 | 학습: 89.0% | 검증: 82.6% | lr: 1.00e-02 | 0.3s
  에폭 410/2000 | 손실: 0.3516 | 학습: 88.9% | 검증: 83.4% | lr: 1.00e-02 | 0.3s ★
  에폭 411/2000 | 손실: 0.3556 | 학습: 88.6% | 검증: 82.3% | lr: 1.00e-02 | 0.3s
  에폭 412/2000 | 손실: 0.3565 | 학습: 88.5% | 검증: 82.8% | lr: 1.00e-02 | 0.3s
  에폭 413/2000 | 손실: 0.3506 | 학습: 88.4% | 검증: 82.5% | lr: 1.00e-02 | 0.3s
  에폭 414/2000 | 손실: 0.3521 | 학습: 88.8% | 검증: 82.7% | lr: 1.00e-02 | 0.3s
  에폭 415/2000 | 손실: 0.3495 | 학습: 88.6% | 검증: 82.1% | lr: 1.00e-02 | 0.3s
  에폭 416/2000 | 손실: 0.3512 | 학습: 88.5% | 검증: 82.6% | lr: 1.00e-02 | 0.3s
  에폭 417/2000 | 손실: 0.3458 | 학습: 88.6% | 검증: 82.7% | lr: 1.00e-02 | 0.3s
  에폭 418/2000 | 손실: 0.3516 | 학습: 88.5% | 검증: 82.6% | lr: 1.00e-02 | 0.3s
  에폭 419/2000 | 손실: 0.3478 | 학습: 89.1% | 검증: 83.1% | lr: 1.00e-02 | 0.3s
  에폭 420/2000 | 손실: 0.3502 | 학습: 89.1% | 검증: 82.8% | lr: 1.00e-02 | 0.3s
  에폭 421/2000 | 손실: 0.3514 | 학습: 88.8% | 검증: 82.8% | lr: 1.00e-02 | 0.3s
  에폭 422/2000 | 손실: 0.3552 | 학습: 88.7% | 검증: 82.9% | lr: 1.00e-02 | 0.3s
  에폭 423/2000 | 손실: 0.3519 | 학습: 89.1% | 검증: 82.6% | lr: 1.00e-02 | 0.3s
  에폭 424/2000 | 손실: 0.3569 | 학습: 89.0% | 검증: 82.9% | lr: 1.00e-02 | 0.3s
  에폭 425/2000 | 손실: 0.3508 | 학습: 89.1% | 검증: 82.6% | lr: 1.00e-02 | 0.3s
  에폭 426/2000 | 손실: 0.3476 | 학습: 88.8% | 검증: 82.9% | lr: 1.00e-02 | 0.3s
  에폭 427/2000 | 손실: 0.3522 | 학습: 88.5% | 검증: 83.2% | lr: 1.00e-02 | 0.3s
  에폭 428/2000 | 손실: 0.3469 | 학습: 88.7% | 검증: 82.9% | lr: 1.00e-02 | 0.2s
  에폭 429/2000 | 손실: 0.3463 | 학습: 88.8% | 검증: 82.9% | lr: 1.00e-02 | 0.3s
  에폭 430/2000 | 손실: 0.3493 | 학습: 88.7% | 검증: 82.3% | lr: 1.00e-02 | 0.3s
  에폭 431/2000 | 손실: 0.3524 | 학습: 88.4% | 검증: 82.1% | lr: 1.00e-02 | 0.3s
  에폭 432/2000 | 손실: 0.3515 | 학습: 88.6% | 검증: 82.0% | lr: 1.00e-02 | 0.3s
  에폭 433/2000 | 손실: 0.3492 | 학습: 88.7% | 검증: 82.5% | lr: 1.00e-02 | 0.3s
  에폭 434/2000 | 손실: 0.3489 | 학습: 88.8% | 검증: 82.8% | lr: 1.00e-02 | 0.3s
  에폭 435/2000 | 손실: 0.3531 | 학습: 88.7% | 검증: 82.5% | lr: 1.00e-02 | 0.2s
  에폭 436/2000 | 손실: 0.3462 | 학습: 88.9% | 검증: 82.6% | lr: 1.00e-02 | 0.3s
  에폭 437/2000 | 손실: 0.3507 | 학습: 89.0% | 검증: 82.7% | lr: 1.00e-02 | 0.3s
  에폭 438/2000 | 손실: 0.3467 | 학습: 89.1% | 검증: 82.9% | lr: 1.00e-02 | 0.3s
  에폭 439/2000 | 손실: 0.3490 | 학습: 89.0% | 검증: 82.7% | lr: 1.00e-02 | 0.3s
  에폭 440/2000 | 손실: 0.3465 | 학습: 88.6% | 검증: 82.7% | lr: 1.00e-02 | 0.2s
  에폭 441/2000 | 손실: 0.3599 | 학습: 88.3% | 검증: 82.6% | lr: 1.00e-02 | 0.3s
  에폭 442/2000 | 손실: 0.3488 | 학습: 88.8% | 검증: 83.3% | lr: 1.00e-02 | 0.3s
  에폭 443/2000 | 손실: 0.3509 | 학습: 88.8% | 검증: 82.7% | lr: 1.00e-02 | 0.3s
  에폭 444/2000 | 손실: 0.3538 | 학습: 88.9% | 검증: 82.7% | lr: 1.00e-02 | 0.3s
  에폭 445/2000 | 손실: 0.3446 | 학습: 88.7% | 검증: 82.9% | lr: 1.00e-02 | 0.3s
  에폭 446/2000 | 손실: 0.3591 | 학습: 88.3% | 검증: 82.4% | lr: 1.00e-02 | 0.3s
  에폭 447/2000 | 손실: 0.3531 | 학습: 88.9% | 검증: 82.7% | lr: 1.00e-02 | 0.3s
  에폭 448/2000 | 손실: 0.3526 | 학습: 88.9% | 검증: 83.1% | lr: 1.00e-02 | 0.3s
  에폭 449/2000 | 손실: 0.3520 | 학습: 88.7% | 검증: 82.7% | lr: 1.00e-02 | 0.3s
  에폭 450/2000 | 손실: 0.3513 | 학습: 88.9% | 검증: 83.0% | lr: 1.00e-02 | 0.3s
  에폭 451/2000 | 손실: 0.3498 | 학습: 89.1% | 검증: 83.4% | lr: 1.00e-02 | 0.3s
  에폭 452/2000 | 손실: 0.3503 | 학습: 88.7% | 검증: 83.0% | lr: 1.00e-02 | 0.3s
  에폭 453/2000 | 손실: 0.3531 | 학습: 88.9% | 검증: 83.1% | lr: 1.00e-02 | 0.3s
  에폭 454/2000 | 손실: 0.3469 | 학습: 88.4% | 검증: 81.7% | lr: 1.00e-02 | 0.3s
  에폭 455/2000 | 손실: 0.3479 | 학습: 88.8% | 검증: 82.6% | lr: 1.00e-02 | 0.3s
  에폭 456/2000 | 손실: 0.3534 | 학습: 88.6% | 검증: 82.8% | lr: 1.00e-02 | 0.3s
  에폭 457/2000 | 손실: 0.3516 | 학습: 88.7% | 검증: 82.7% | lr: 1.00e-02 | 0.3s
  에폭 458/2000 | 손실: 0.3431 | 학습: 89.2% | 검증: 83.3% | lr: 1.00e-02 | 0.3s
  에폭 459/2000 | 손실: 0.3468 | 학습: 88.8% | 검증: 83.0% | lr: 1.00e-02 | 0.3s
  에폭 460/2000 | 손실: 0.3517 | 학습: 88.9% | 검증: 82.9% | lr: 1.00e-02 | 0.3s
  에폭 461/2000 | 손실: 0.3442 | 학습: 89.0% | 검증: 82.5% | lr: 1.00e-02 | 0.3s
  에폭 462/2000 | 손실: 0.3480 | 학습: 89.2% | 검증: 83.0% | lr: 1.00e-02 | 0.3s
  에폭 463/2000 | 손실: 0.3489 | 학습: 88.9% | 검증: 82.6% | lr: 1.00e-02 | 0.3s
  에폭 464/2000 | 손실: 0.3442 | 학습: 88.8% | 검증: 82.8% | lr: 1.00e-02 | 0.3s
  에폭 465/2000 | 손실: 0.3503 | 학습: 88.8% | 검증: 83.1% | lr: 1.00e-02 | 0.3s
  에폭 466/2000 | 손실: 0.3483 | 학습: 88.8% | 검증: 83.2% | lr: 1.00e-02 | 0.3s
  에폭 467/2000 | 손실: 0.3494 | 학습: 88.7% | 검증: 82.1% | lr: 1.00e-02 | 0.3s
  에폭 468/2000 | 손실: 0.3481 | 학습: 89.0% | 검증: 82.9% | lr: 1.00e-02 | 0.3s
  에폭 469/2000 | 손실: 0.3536 | 학습: 88.8% | 검증: 82.7% | lr: 1.00e-02 | 0.3s
  에폭 470/2000 | 손실: 0.3503 | 학습: 89.2% | 검증: 82.7% | lr: 1.00e-02 | 0.3s
  에폭 471/2000 | 손실: 0.3476 | 학습: 88.9% | 검증: 82.6% | lr: 1.00e-02 | 0.3s
  에폭 472/2000 | 손실: 0.3497 | 학습: 89.1% | 검증: 82.7% | lr: 1.00e-02 | 0.3s
  에폭 473/2000 | 손실: 0.3469 | 학습: 88.9% | 검증: 82.6% | lr: 1.00e-02 | 0.3s
  에폭 474/2000 | 손실: 0.3478 | 학습: 89.1% | 검증: 82.9% | lr: 1.00e-02 | 0.3s
  에폭 475/2000 | 손실: 0.3432 | 학습: 88.9% | 검증: 82.6% | lr: 1.00e-02 | 0.3s
  에폭 476/2000 | 손실: 0.3417 | 학습: 89.2% | 검증: 83.0% | lr: 1.00e-02 | 0.3s
  에폭 477/2000 | 손실: 0.3505 | 학습: 88.4% | 검증: 82.5% | lr: 1.00e-02 | 0.3s
  에폭 478/2000 | 손실: 0.3448 | 학습: 89.0% | 검증: 82.7% | lr: 1.00e-02 | 0.3s
  에폭 479/2000 | 손실: 0.3477 | 학습: 89.5% | 검증: 83.3% | lr: 1.00e-02 | 0.3s
  에폭 480/2000 | 손실: 0.3454 | 학습: 89.0% | 검증: 83.3% | lr: 1.00e-02 | 0.3s
  에폭 481/2000 | 손실: 0.3388 | 학습: 89.4% | 검증: 83.3% | lr: 1.00e-02 | 0.3s
  에폭 482/2000 | 손실: 0.3451 | 학습: 88.8% | 검증: 82.4% | lr: 1.00e-02 | 0.3s
  에폭 483/2000 | 손실: 0.3471 | 학습: 89.2% | 검증: 82.5% | lr: 1.00e-02 | 0.3s
  에폭 484/2000 | 손실: 0.3457 | 학습: 89.3% | 검증: 82.9% | lr: 1.00e-02 | 0.3s
  에폭 485/2000 | 손실: 0.3482 | 학습: 88.9% | 검증: 82.5% | lr: 1.00e-02 | 0.3s
  에폭 486/2000 | 손실: 0.3409 | 학습: 89.1% | 검증: 82.9% | lr: 1.00e-02 | 0.3s
  에폭 487/2000 | 손실: 0.3480 | 학습: 89.1% | 검증: 82.8% | lr: 1.00e-02 | 0.3s
  에폭 488/2000 | 손실: 0.3472 | 학습: 89.5% | 검증: 83.6% | lr: 1.00e-02 | 0.3s ★
  에폭 489/2000 | 손실: 0.3459 | 학습: 89.3% | 검증: 83.0% | lr: 1.00e-02 | 0.3s
  에폭 490/2000 | 손실: 0.3436 | 학습: 89.2% | 검증: 83.6% | lr: 1.00e-02 | 0.3s ★
  에폭 491/2000 | 손실: 0.3508 | 학습: 89.0% | 검증: 82.5% | lr: 1.00e-02 | 0.3s
  에폭 492/2000 | 손실: 0.3457 | 학습: 88.9% | 검증: 82.8% | lr: 1.00e-02 | 0.3s
  에폭 493/2000 | 손실: 0.3417 | 학습: 88.9% | 검증: 83.3% | lr: 1.00e-02 | 0.3s
  에폭 494/2000 | 손실: 0.3450 | 학습: 89.0% | 검증: 83.2% | lr: 1.00e-02 | 0.3s
  에폭 495/2000 | 손실: 0.3479 | 학습: 89.1% | 검증: 82.8% | lr: 1.00e-02 | 0.3s
  에폭 496/2000 | 손실: 0.3443 | 학습: 89.3% | 검증: 83.5% | lr: 1.00e-02 | 0.3s
  에폭 497/2000 | 손실: 0.3446 | 학습: 89.3% | 검증: 83.3% | lr: 1.00e-02 | 0.3s
  에폭 498/2000 | 손실: 0.3454 | 학습: 89.1% | 검증: 83.0% | lr: 1.00e-02 | 0.3s
  에폭 499/2000 | 손실: 0.3474 | 학습: 89.3% | 검증: 83.4% | lr: 1.00e-02 | 0.3s
  에폭 500/2000 | 손실: 0.3442 | 학습: 88.8% | 검증: 83.0% | lr: 1.00e-02 | 0.3s
  에폭 501/2000 | 손실: 0.3439 | 학습: 88.9% | 검증: 83.1% | lr: 1.00e-02 | 0.3s
  에폭 502/2000 | 손실: 0.3472 | 학습: 88.9% | 검증: 83.1% | lr: 1.00e-02 | 0.3s
  에폭 503/2000 | 손실: 0.3422 | 학습: 89.2% | 검증: 83.4% | lr: 1.00e-02 | 0.3s
  에폭 504/2000 | 손실: 0.3503 | 학습: 88.9% | 검증: 82.9% | lr: 1.00e-02 | 0.3s
  에폭 505/2000 | 손실: 0.3429 | 학습: 88.9% | 검증: 82.5% | lr: 1.00e-02 | 0.3s
  에폭 506/2000 | 손실: 0.3441 | 학습: 89.3% | 검증: 82.6% | lr: 1.00e-02 | 0.3s
  에폭 507/2000 | 손실: 0.3431 | 학습: 89.3% | 검증: 82.9% | lr: 1.00e-02 | 0.3s
  에폭 508/2000 | 손실: 0.3447 | 학습: 89.5% | 검증: 83.2% | lr: 1.00e-02 | 0.3s
  에폭 509/2000 | 손실: 0.3414 | 학습: 89.5% | 검증: 83.4% | lr: 1.00e-02 | 0.3s
  에폭 510/2000 | 손실: 0.3392 | 학습: 89.7% | 검증: 84.1% | lr: 1.00e-02 | 0.3s ★
  에폭 511/2000 | 손실: 0.3421 | 학습: 89.1% | 검증: 82.7% | lr: 1.00e-02 | 0.3s
  에폭 512/2000 | 손실: 0.3432 | 학습: 89.1% | 검증: 83.0% | lr: 1.00e-02 | 0.3s
  에폭 513/2000 | 손실: 0.3430 | 학습: 89.5% | 검증: 83.2% | lr: 1.00e-02 | 0.3s
  에폭 514/2000 | 손실: 0.3462 | 학습: 89.2% | 검증: 83.3% | lr: 1.00e-02 | 0.3s
  에폭 515/2000 | 손실: 0.3427 | 학습: 89.2% | 검증: 82.5% | lr: 1.00e-02 | 0.3s
  에폭 516/2000 | 손실: 0.3485 | 학습: 89.6% | 검증: 83.7% | lr: 1.00e-02 | 0.3s
  에폭 517/2000 | 손실: 0.3425 | 학습: 89.6% | 검증: 83.5% | lr: 1.00e-02 | 0.3s
  에폭 518/2000 | 손실: 0.3441 | 학습: 89.3% | 검증: 83.0% | lr: 1.00e-02 | 0.3s
  에폭 519/2000 | 손실: 0.3430 | 학습: 89.4% | 검증: 83.3% | lr: 1.00e-02 | 0.3s
  에폭 520/2000 | 손실: 0.3492 | 학습: 89.2% | 검증: 83.2% | lr: 1.00e-02 | 0.3s
  에폭 521/2000 | 손실: 0.3372 | 학습: 89.2% | 검증: 83.5% | lr: 1.00e-02 | 0.3s
  에폭 522/2000 | 손실: 0.3462 | 학습: 89.6% | 검증: 83.7% | lr: 1.00e-02 | 0.3s
  에폭 523/2000 | 손실: 0.3452 | 학습: 89.5% | 검증: 83.4% | lr: 1.00e-02 | 0.3s
  에폭 524/2000 | 손실: 0.3445 | 학습: 89.6% | 검증: 83.3% | lr: 1.00e-02 | 0.3s
  에폭 525/2000 | 손실: 0.3432 | 학습: 89.1% | 검증: 83.0% | lr: 1.00e-02 | 0.3s
  에폭 526/2000 | 손실: 0.3441 | 학습: 89.3% | 검증: 83.7% | lr: 1.00e-02 | 0.3s
  에폭 527/2000 | 손실: 0.3416 | 학습: 89.2% | 검증: 83.2% | lr: 1.00e-02 | 0.3s
  에폭 528/2000 | 손실: 0.3484 | 학습: 89.4% | 검증: 83.0% | lr: 1.00e-02 | 0.3s
  에폭 529/2000 | 손실: 0.3413 | 학습: 88.9% | 검증: 83.6% | lr: 1.00e-02 | 0.3s
  에폭 530/2000 | 손실: 0.3523 | 학습: 89.5% | 검증: 83.3% | lr: 1.00e-02 | 0.3s
  에폭 531/2000 | 손실: 0.3409 | 학습: 89.4% | 검증: 83.5% | lr: 1.00e-02 | 0.3s
  에폭 532/2000 | 손실: 0.3445 | 학습: 88.5% | 검증: 82.2% | lr: 1.00e-02 | 0.3s
  에폭 533/2000 | 손실: 0.3363 | 학습: 89.4% | 검증: 83.0% | lr: 1.00e-02 | 0.3s
  에폭 534/2000 | 손실: 0.3467 | 학습: 89.3% | 검증: 83.5% | lr: 1.00e-02 | 0.3s
  에폭 535/2000 | 손실: 0.3416 | 학습: 89.5% | 검증: 83.1% | lr: 1.00e-02 | 0.3s
  에폭 536/2000 | 손실: 0.3427 | 학습: 89.7% | 검증: 82.7% | lr: 1.00e-02 | 0.3s
  에폭 537/2000 | 손실: 0.3429 | 학습: 89.5% | 검증: 82.8% | lr: 1.00e-02 | 0.3s
  에폭 538/2000 | 손실: 0.3424 | 학습: 89.5% | 검증: 82.9% | lr: 1.00e-02 | 0.3s
  에폭 539/2000 | 손실: 0.3435 | 학습: 89.4% | 검증: 82.8% | lr: 1.00e-02 | 0.3s
  에폭 540/2000 | 손실: 0.3361 | 학습: 89.4% | 검증: 83.2% | lr: 1.00e-02 | 0.3s
  에폭 541/2000 | 손실: 0.3441 | 학습: 89.5% | 검증: 83.5% | lr: 1.00e-02 | 0.3s
  에폭 542/2000 | 손실: 0.3392 | 학습: 89.2% | 검증: 83.2% | lr: 1.00e-02 | 0.3s
  에폭 543/2000 | 손실: 0.3382 | 학습: 89.5% | 검증: 83.8% | lr: 1.00e-02 | 0.3s
  에폭 544/2000 | 손실: 0.3375 | 학습: 89.4% | 검증: 82.8% | lr: 1.00e-02 | 0.3s
  에폭 545/2000 | 손실: 0.3401 | 학습: 89.4% | 검증: 82.8% | lr: 1.00e-02 | 0.3s
  에폭 546/2000 | 손실: 0.3493 | 학습: 89.0% | 검증: 82.5% | lr: 1.00e-02 | 0.3s
  에폭 547/2000 | 손실: 0.3414 | 학습: 89.4% | 검증: 83.4% | lr: 1.00e-02 | 0.3s
  에폭 548/2000 | 손실: 0.3490 | 학습: 89.1% | 검증: 82.8% | lr: 1.00e-02 | 0.3s
  에폭 549/2000 | 손실: 0.3405 | 학습: 89.6% | 검증: 83.4% | lr: 1.00e-02 | 0.3s
  에폭 550/2000 | 손실: 0.3397 | 학습: 89.3% | 검증: 83.2% | lr: 1.00e-02 | 0.3s
  에폭 551/2000 | 손실: 0.3343 | 학습: 89.0% | 검증: 82.6% | lr: 1.00e-02 | 0.3s
  에폭 552/2000 | 손실: 0.3399 | 학습: 89.1% | 검증: 83.1% | lr: 1.00e-02 | 0.3s
  에폭 553/2000 | 손실: 0.3386 | 학습: 89.5% | 검증: 83.0% | lr: 1.00e-02 | 0.3s
  에폭 554/2000 | 손실: 0.3414 | 학습: 89.6% | 검증: 83.7% | lr: 1.00e-02 | 0.3s
  에폭 555/2000 | 손실: 0.3405 | 학습: 89.3% | 검증: 83.7% | lr: 1.00e-02 | 0.3s
  에폭 556/2000 | 손실: 0.3367 | 학습: 89.8% | 검증: 83.4% | lr: 1.00e-02 | 0.3s
  에폭 557/2000 | 손실: 0.3389 | 학습: 89.7% | 검증: 83.3% | lr: 1.00e-02 | 0.3s
  에폭 558/2000 | 손실: 0.3393 | 학습: 89.2% | 검증: 83.1% | lr: 1.00e-02 | 0.3s
  에폭 559/2000 | 손실: 0.3389 | 학습: 89.6% | 검증: 83.2% | lr: 1.00e-02 | 0.3s
  에폭 560/2000 | 손실: 0.3369 | 학습: 89.7% | 검증: 83.2% | lr: 1.00e-02 | 0.3s
  에폭 561/2000 | 손실: 0.3443 | 학습: 89.1% | 검증: 82.9% | lr: 1.00e-02 | 0.3s
  에폭 562/2000 | 손실: 0.3406 | 학습: 89.4% | 검증: 83.4% | lr: 1.00e-02 | 0.3s
  에폭 563/2000 | 손실: 0.3407 | 학습: 89.2% | 검증: 82.4% | lr: 1.00e-02 | 0.3s
  에폭 564/2000 | 손실: 0.3377 | 학습: 89.6% | 검증: 83.3% | lr: 1.00e-02 | 0.3s
  에폭 565/2000 | 손실: 0.3389 | 학습: 89.8% | 검증: 83.1% | lr: 1.00e-02 | 0.3s
  에폭 566/2000 | 손실: 0.3432 | 학습: 89.6% | 검증: 83.0% | lr: 1.00e-02 | 0.3s
  에폭 567/2000 | 손실: 0.3372 | 학습: 89.6% | 검증: 83.2% | lr: 1.00e-02 | 0.3s
  에폭 568/2000 | 손실: 0.3402 | 학습: 89.5% | 검증: 83.0% | lr: 1.00e-02 | 0.3s
  에폭 569/2000 | 손실: 0.3413 | 학습: 90.0% | 검증: 83.3% | lr: 1.00e-02 | 0.3s
  에폭 570/2000 | 손실: 0.3319 | 학습: 89.9% | 검증: 83.8% | lr: 1.00e-02 | 0.3s
  에폭 571/2000 | 손실: 0.3470 | 학습: 89.7% | 검증: 83.1% | lr: 1.00e-02 | 0.3s
  에폭 572/2000 | 손실: 0.3392 | 학습: 89.9% | 검증: 83.4% | lr: 1.00e-02 | 0.3s
  에폭 573/2000 | 손실: 0.3400 | 학습: 89.3% | 검증: 82.9% | lr: 1.00e-02 | 0.3s
  에폭 574/2000 | 손실: 0.3398 | 학습: 89.7% | 검증: 83.1% | lr: 1.00e-02 | 0.3s
  에폭 575/2000 | 손실: 0.3389 | 학습: 89.6% | 검증: 83.4% | lr: 1.00e-02 | 0.3s
  에폭 576/2000 | 손실: 0.3446 | 학습: 89.5% | 검증: 83.0% | lr: 1.00e-02 | 0.3s
  에폭 577/2000 | 손실: 0.3429 | 학습: 89.0% | 검증: 82.6% | lr: 1.00e-02 | 0.3s
  에폭 578/2000 | 손실: 0.3449 | 학습: 89.5% | 검증: 83.7% | lr: 1.00e-02 | 0.3s
  에폭 579/2000 | 손실: 0.3437 | 학습: 89.1% | 검증: 83.6% | lr: 1.00e-02 | 0.3s
  에폭 580/2000 | 손실: 0.3438 | 학습: 89.3% | 검증: 83.5% | lr: 1.00e-02 | 0.3s
  에폭 581/2000 | 손실: 0.3343 | 학습: 89.9% | 검증: 83.5% | lr: 1.00e-02 | 0.3s
  에폭 582/2000 | 손실: 0.3339 | 학습: 89.5% | 검증: 83.3% | lr: 1.00e-02 | 0.3s
  에폭 583/2000 | 손실: 0.3392 | 학습: 89.4% | 검증: 83.5% | lr: 1.00e-02 | 0.3s
  에폭 584/2000 | 손실: 0.3391 | 학습: 89.8% | 검증: 83.6% | lr: 1.00e-02 | 0.3s
  에폭 585/2000 | 손실: 0.3333 | 학습: 89.2% | 검증: 83.0% | lr: 1.00e-02 | 0.3s
  에폭 586/2000 | 손실: 0.3430 | 학습: 89.0% | 검증: 83.1% | lr: 1.00e-02 | 0.3s
  에폭 587/2000 | 손실: 0.3379 | 학습: 89.8% | 검증: 83.3% | lr: 1.00e-02 | 0.3s
  에폭 588/2000 | 손실: 0.3370 | 학습: 89.6% | 검증: 83.0% | lr: 1.00e-02 | 0.3s
  에폭 589/2000 | 손실: 0.3424 | 학습: 89.2% | 검증: 82.9% | lr: 1.00e-02 | 0.3s
  에폭 590/2000 | 손실: 0.3373 | 학습: 89.6% | 검증: 82.9% | lr: 1.00e-02 | 0.3s
  에폭 591/2000 | 손실: 0.3346 | 학습: 89.7% | 검증: 83.5% | lr: 1.00e-02 | 0.3s
  에폭 592/2000 | 손실: 0.3379 | 학습: 89.6% | 검증: 83.2% | lr: 1.00e-02 | 0.3s
  에폭 593/2000 | 손실: 0.3367 | 학습: 89.6% | 검증: 83.0% | lr: 1.00e-02 | 0.3s
  에폭 594/2000 | 손실: 0.3375 | 학습: 89.7% | 검증: 83.5% | lr: 1.00e-02 | 0.3s
  에폭 595/2000 | 손실: 0.3434 | 학습: 89.7% | 검증: 82.8% | lr: 1.00e-02 | 0.3s
  에폭 596/2000 | 손실: 0.3356 | 학습: 89.3% | 검증: 82.9% | lr: 1.00e-02 | 0.3s
  에폭 597/2000 | 손실: 0.3337 | 학습: 89.6% | 검증: 82.7% | lr: 1.00e-02 | 0.3s
  에폭 598/2000 | 손실: 0.3363 | 학습: 89.5% | 검증: 83.7% | lr: 1.00e-02 | 0.3s
  에폭 599/2000 | 손실: 0.3412 | 학습: 90.1% | 검증: 82.9% | lr: 1.00e-02 | 0.3s
  에폭 600/2000 | 손실: 0.3437 | 학습: 89.2% | 검증: 82.9% | lr: 1.00e-02 | 0.3s
  에폭 601/2000 | 손실: 0.3314 | 학습: 89.4% | 검증: 83.0% | lr: 1.00e-02 | 0.3s
  에폭 602/2000 | 손실: 0.3385 | 학습: 89.7% | 검증: 83.4% | lr: 1.00e-02 | 0.3s
  에폭 603/2000 | 손실: 0.3370 | 학습: 89.3% | 검증: 82.7% | lr: 1.00e-02 | 0.3s
  에폭 604/2000 | 손실: 0.3393 | 학습: 89.4% | 검증: 83.0% | lr: 1.00e-02 | 0.3s
  에폭 605/2000 | 손실: 0.3407 | 학습: 89.8% | 검증: 83.2% | lr: 1.00e-02 | 0.3s
  에폭 606/2000 | 손실: 0.3371 | 학습: 89.2% | 검증: 82.9% | lr: 1.00e-02 | 0.3s
  에폭 607/2000 | 손실: 0.3413 | 학습: 89.6% | 검증: 82.8% | lr: 1.00e-02 | 0.3s
  에폭 608/2000 | 손실: 0.3407 | 학습: 89.5% | 검증: 83.1% | lr: 1.00e-02 | 0.3s
  에폭 609/2000 | 손실: 0.3387 | 학습: 89.8% | 검증: 82.8% | lr: 1.00e-02 | 0.3s
  에폭 610/2000 | 손실: 0.3394 | 학습: 89.8% | 검증: 83.5% | lr: 1.00e-02 | 0.3s
  에폭 611/2000 | 손실: 0.3370 | 학습: 89.6% | 검증: 83.0% | lr: 1.00e-02 | 0.3s
  에폭 612/2000 | 손실: 0.3356 | 학습: 89.6% | 검증: 82.9% | lr: 1.00e-02 | 0.3s
  에폭 613/2000 | 손실: 0.3285 | 학습: 90.0% | 검증: 82.6% | lr: 1.00e-02 | 0.3s
  에폭 614/2000 | 손실: 0.3355 | 학습: 89.6% | 검증: 82.9% | lr: 1.00e-02 | 0.3s
  에폭 615/2000 | 손실: 0.3460 | 학습: 89.6% | 검증: 83.2% | lr: 1.00e-02 | 0.3s
  에폭 616/2000 | 손실: 0.3360 | 학습: 89.8% | 검증: 83.5% | lr: 1.00e-02 | 0.3s
  에폭 617/2000 | 손실: 0.3367 | 학습: 89.3% | 검증: 82.9% | lr: 1.00e-02 | 0.3s
  에폭 618/2000 | 손실: 0.3399 | 학습: 89.6% | 검증: 83.0% | lr: 1.00e-02 | 0.3s
  에폭 619/2000 | 손실: 0.3405 | 학습: 89.9% | 검증: 83.4% | lr: 1.00e-02 | 0.3s
  에폭 620/2000 | 손실: 0.3355 | 학습: 89.5% | 검증: 82.9% | lr: 1.00e-02 | 0.3s
  에폭 621/2000 | 손실: 0.3393 | 학습: 89.9% | 검증: 83.5% | lr: 1.00e-02 | 0.3s
  에폭 622/2000 | 손실: 0.3461 | 학습: 89.8% | 검증: 83.8% | lr: 1.00e-02 | 0.3s
  에폭 623/2000 | 손실: 0.3419 | 학습: 89.5% | 검증: 83.1% | lr: 1.00e-02 | 0.3s
  에폭 624/2000 | 손실: 0.3381 | 학습: 89.7% | 검증: 83.3% | lr: 1.00e-02 | 0.3s
  에폭 625/2000 | 손실: 0.3399 | 학습: 89.8% | 검증: 82.9% | lr: 1.00e-02 | 0.3s
  에폭 626/2000 | 손실: 0.3391 | 학습: 89.9% | 검증: 83.7% | lr: 1.00e-02 | 0.3s
  에폭 627/2000 | 손실: 0.3388 | 학습: 90.2% | 검증: 84.0% | lr: 1.00e-02 | 0.3s
  에폭 628/2000 | 손실: 0.3346 | 학습: 89.6% | 검증: 83.1% | lr: 1.00e-02 | 0.3s
  에폭 629/2000 | 손실: 0.3394 | 학습: 89.7% | 검증: 82.9% | lr: 1.00e-02 | 0.3s
  에폭 630/2000 | 손실: 0.3448 | 학습: 89.7% | 검증: 82.8% | lr: 1.00e-02 | 0.3s
  에폭 631/2000 | 손실: 0.3363 | 학습: 89.7% | 검증: 83.0% | lr: 1.00e-02 | 0.3s
  에폭 632/2000 | 손실: 0.3393 | 학습: 89.6% | 검증: 82.8% | lr: 1.00e-02 | 0.3s
  에폭 633/2000 | 손실: 0.3367 | 학습: 90.0% | 검증: 83.1% | lr: 1.00e-02 | 0.3s
  에폭 634/2000 | 손실: 0.3306 | 학습: 89.7% | 검증: 82.8% | lr: 1.00e-02 | 0.3s
  에폭 635/2000 | 손실: 0.3362 | 학습: 90.0% | 검증: 83.5% | lr: 1.00e-02 | 0.3s
  에폭 636/2000 | 손실: 0.3299 | 학습: 89.3% | 검증: 82.8% | lr: 1.00e-02 | 0.3s
  에폭 637/2000 | 손실: 0.3296 | 학습: 90.2% | 검증: 83.6% | lr: 1.00e-02 | 0.3s
  에폭 638/2000 | 손실: 0.3383 | 학습: 89.8% | 검증: 83.0% | lr: 1.00e-02 | 0.3s
  에폭 639/2000 | 손실: 0.3295 | 학습: 89.7% | 검증: 83.7% | lr: 1.00e-02 | 0.3s
  에폭 640/2000 | 손실: 0.3347 | 학습: 89.7% | 검증: 83.7% | lr: 1.00e-02 | 0.3s
  에폭 641/2000 | 손실: 0.3286 | 학습: 89.7% | 검증: 83.4% | lr: 1.00e-02 | 0.3s
  에폭 642/2000 | 손실: 0.3318 | 학습: 89.7% | 검증: 83.5% | lr: 1.00e-02 | 0.3s
  에폭 643/2000 | 손실: 0.3338 | 학습: 89.7% | 검증: 83.7% | lr: 1.00e-02 | 0.3s
  에폭 644/2000 | 손실: 0.3349 | 학습: 90.0% | 검증: 83.7% | lr: 1.00e-02 | 0.3s
  에폭 645/2000 | 손실: 0.3297 | 학습: 89.9% | 검증: 83.6% | lr: 1.00e-02 | 0.3s
  에폭 646/2000 | 손실: 0.3375 | 학습: 90.0% | 검증: 83.3% | lr: 1.00e-02 | 0.3s
  에폭 647/2000 | 손실: 0.3324 | 학습: 90.0% | 검증: 83.8% | lr: 1.00e-02 | 0.3s
  에폭 648/2000 | 손실: 0.3317 | 학습: 89.9% | 검증: 83.4% | lr: 1.00e-02 | 0.3s
  에폭 649/2000 | 손실: 0.3330 | 학습: 89.9% | 검증: 83.4% | lr: 1.00e-02 | 0.3s
  에폭 650/2000 | 손실: 0.3370 | 학습: 90.1% | 검증: 83.4% | lr: 1.00e-02 | 0.3s
  에폭 651/2000 | 손실: 0.3338 | 학습: 89.7% | 검증: 82.6% | lr: 1.00e-02 | 0.3s
  에폭 652/2000 | 손실: 0.3360 | 학습: 90.0% | 검증: 83.8% | lr: 1.00e-02 | 0.3s
  에폭 653/2000 | 손실: 0.3316 | 학습: 89.8% | 검증: 82.9% | lr: 1.00e-02 | 0.3s
  에폭 654/2000 | 손실: 0.3314 | 학습: 89.8% | 검증: 83.7% | lr: 1.00e-02 | 0.3s
  에폭 655/2000 | 손실: 0.3351 | 학습: 89.8% | 검증: 83.1% | lr: 1.00e-02 | 0.3s
  에폭 656/2000 | 손실: 0.3354 | 학습: 89.8% | 검증: 83.1% | lr: 1.00e-02 | 0.3s
  에폭 657/2000 | 손실: 0.3376 | 학습: 89.5% | 검증: 83.5% | lr: 1.00e-02 | 0.3s
  에폭 658/2000 | 손실: 0.3366 | 학습: 90.1% | 검증: 84.1% | lr: 1.00e-02 | 0.3s
  에폭 659/2000 | 손실: 0.3328 | 학습: 90.0% | 검증: 83.6% | lr: 1.00e-02 | 0.3s
  에폭 660/2000 | 손실: 0.3271 | 학습: 90.2% | 검증: 83.5% | lr: 1.00e-02 | 0.3s
  에폭 661/2000 | 손실: 0.3429 | 학습: 89.8% | 검증: 83.4% | lr: 1.00e-02 | 0.3s
  에폭 662/2000 | 손실: 0.3338 | 학습: 89.4% | 검증: 83.3% | lr: 1.00e-02 | 0.3s
  에폭 663/2000 | 손실: 0.3321 | 학습: 89.7% | 검증: 82.9% | lr: 1.00e-02 | 0.3s
  에폭 664/2000 | 손실: 0.3342 | 학습: 90.1% | 검증: 83.9% | lr: 1.00e-02 | 0.3s
  에폭 665/2000 | 손실: 0.3366 | 학습: 90.2% | 검증: 83.7% | lr: 1.00e-02 | 0.3s
  에폭 666/2000 | 손실: 0.3312 | 학습: 90.0% | 검증: 83.5% | lr: 1.00e-02 | 0.3s
  에폭 667/2000 | 손실: 0.3313 | 학습: 89.4% | 검증: 83.0% | lr: 1.00e-02 | 0.3s
  에폭 668/2000 | 손실: 0.3304 | 학습: 89.9% | 검증: 83.4% | lr: 1.00e-02 | 0.3s
  에폭 669/2000 | 손실: 0.3389 | 학습: 89.4% | 검증: 83.1% | lr: 1.00e-02 | 0.3s
  에폭 670/2000 | 손실: 0.3326 | 학습: 90.1% | 검증: 83.5% | lr: 1.00e-02 | 0.3s
  에폭 671/2000 | 손실: 0.3296 | 학습: 90.2% | 검증: 83.4% | lr: 1.00e-02 | 0.3s
  에폭 672/2000 | 손실: 0.3305 | 학습: 90.1% | 검증: 83.9% | lr: 1.00e-02 | 0.3s
  에폭 673/2000 | 손실: 0.3286 | 학습: 89.9% | 검증: 83.6% | lr: 1.00e-02 | 0.3s
  에폭 674/2000 | 손실: 0.3275 | 학습: 89.9% | 검증: 83.6% | lr: 1.00e-02 | 0.3s
  에폭 675/2000 | 손실: 0.3365 | 학습: 90.0% | 검증: 83.0% | lr: 1.00e-02 | 0.3s
  에폭 676/2000 | 손실: 0.3363 | 학습: 90.1% | 검증: 83.4% | lr: 1.00e-02 | 0.3s
  에폭 677/2000 | 손실: 0.3301 | 학습: 90.1% | 검증: 83.2% | lr: 1.00e-02 | 0.3s
  에폭 678/2000 | 손실: 0.3354 | 학습: 89.7% | 검증: 83.4% | lr: 1.00e-02 | 0.3s
  에폭 679/2000 | 손실: 0.3376 | 학습: 90.0% | 검증: 83.5% | lr: 1.00e-02 | 0.3s
  에폭 680/2000 | 손실: 0.3377 | 학습: 90.2% | 검증: 83.2% | lr: 1.00e-02 | 0.3s
  에폭 681/2000 | 손실: 0.3362 | 학습: 90.2% | 검증: 83.7% | lr: 1.00e-02 | 0.3s
  에폭 682/2000 | 손실: 0.3313 | 학습: 89.8% | 검증: 83.1% | lr: 1.00e-02 | 0.3s
  에폭 683/2000 | 손실: 0.3355 | 학습: 89.9% | 검증: 83.5% | lr: 1.00e-02 | 0.3s
  에폭 684/2000 | 손실: 0.3327 | 학습: 89.8% | 검증: 83.6% | lr: 1.00e-02 | 0.3s
  에폭 685/2000 | 손실: 0.3361 | 학습: 89.8% | 검증: 83.7% | lr: 1.00e-02 | 0.3s
  에폭 686/2000 | 손실: 0.3296 | 학습: 90.0% | 검증: 83.9% | lr: 1.00e-02 | 0.3s
  에폭 687/2000 | 손실: 0.3278 | 학습: 89.9% | 검증: 83.5% | lr: 1.00e-02 | 0.3s
  에폭 688/2000 | 손실: 0.3218 | 학습: 90.3% | 검증: 84.3% | lr: 1.00e-02 | 0.3s ★
  에폭 689/2000 | 손실: 0.3195 | 학습: 89.7% | 검증: 83.7% | lr: 1.00e-02 | 0.3s
  에폭 690/2000 | 손실: 0.3316 | 학습: 90.1% | 검증: 83.4% | lr: 1.00e-02 | 0.3s
  에폭 691/2000 | 손실: 0.3347 | 학습: 89.9% | 검증: 83.5% | lr: 1.00e-02 | 0.3s
  에폭 692/2000 | 손실: 0.3295 | 학습: 90.1% | 검증: 83.9% | lr: 1.00e-02 | 0.3s
  에폭 693/2000 | 손실: 0.3300 | 학습: 89.8% | 검증: 82.9% | lr: 1.00e-02 | 0.3s
  에폭 694/2000 | 손실: 0.3385 | 학습: 90.0% | 검증: 83.7% | lr: 1.00e-02 | 0.3s
  에폭 695/2000 | 손실: 0.3372 | 학습: 90.0% | 검증: 83.8% | lr: 1.00e-02 | 0.3s
  에폭 696/2000 | 손실: 0.3274 | 학습: 89.9% | 검증: 83.8% | lr: 1.00e-02 | 0.3s
  에폭 697/2000 | 손실: 0.3376 | 학습: 90.0% | 검증: 83.6% | lr: 1.00e-02 | 0.3s
  에폭 698/2000 | 손실: 0.3330 | 학습: 89.9% | 검증: 83.5% | lr: 1.00e-02 | 0.3s
  에폭 699/2000 | 손실: 0.3304 | 학습: 90.2% | 검증: 83.6% | lr: 1.00e-02 | 0.3s
  에폭 700/2000 | 손실: 0.3327 | 학습: 89.8% | 검증: 83.0% | lr: 1.00e-02 | 0.3s
  에폭 701/2000 | 손실: 0.3339 | 학습: 90.3% | 검증: 84.0% | lr: 1.00e-02 | 0.3s
  에폭 702/2000 | 손실: 0.3279 | 학습: 90.1% | 검증: 83.1% | lr: 1.00e-02 | 0.3s
  에폭 703/2000 | 손실: 0.3267 | 학습: 89.9% | 검증: 83.0% | lr: 1.00e-02 | 0.3s
  에폭 704/2000 | 손실: 0.3301 | 학습: 89.3% | 검증: 83.3% | lr: 1.00e-02 | 0.3s
  에폭 705/2000 | 손실: 0.3303 | 학습: 90.0% | 검증: 83.4% | lr: 1.00e-02 | 0.3s
  에폭 706/2000 | 손실: 0.3320 | 학습: 90.2% | 검증: 83.9% | lr: 1.00e-02 | 0.3s
  에폭 707/2000 | 손실: 0.3278 | 학습: 90.0% | 검증: 83.4% | lr: 1.00e-02 | 0.3s
  에폭 708/2000 | 손실: 0.3282 | 학습: 90.2% | 검증: 83.9% | lr: 1.00e-02 | 0.3s
  에폭 709/2000 | 손실: 0.3379 | 학습: 90.4% | 검증: 83.7% | lr: 1.00e-02 | 0.3s
  에폭 710/2000 | 손실: 0.3348 | 학습: 89.8% | 검증: 83.5% | lr: 1.00e-02 | 0.3s
  에폭 711/2000 | 손실: 0.3328 | 학습: 90.0% | 검증: 83.4% | lr: 1.00e-02 | 0.3s
  에폭 712/2000 | 손실: 0.3359 | 학습: 90.1% | 검증: 83.6% | lr: 1.00e-02 | 0.3s
  에폭 713/2000 | 손실: 0.3349 | 학습: 89.6% | 검증: 83.0% | lr: 1.00e-02 | 0.3s
  에폭 714/2000 | 손실: 0.3361 | 학습: 89.8% | 검증: 83.5% | lr: 1.00e-02 | 0.3s
  에폭 715/2000 | 손실: 0.3280 | 학습: 90.0% | 검증: 83.4% | lr: 1.00e-02 | 0.3s
  에폭 716/2000 | 손실: 0.3317 | 학습: 90.3% | 검증: 83.7% | lr: 1.00e-02 | 0.3s
  에폭 717/2000 | 손실: 0.3276 | 학습: 89.7% | 검증: 83.3% | lr: 1.00e-02 | 0.3s
  에폭 718/2000 | 손실: 0.3261 | 학습: 90.4% | 검증: 83.5% | lr: 1.00e-02 | 0.3s
  에폭 719/2000 | 손실: 0.3278 | 학습: 90.1% | 검증: 83.6% | lr: 1.00e-02 | 0.3s
  에폭 720/2000 | 손실: 0.3284 | 학습: 90.2% | 검증: 83.6% | lr: 1.00e-02 | 0.3s
  에폭 721/2000 | 손실: 0.3248 | 학습: 89.7% | 검증: 82.8% | lr: 1.00e-02 | 0.3s
  에폭 722/2000 | 손실: 0.3334 | 학습: 89.9% | 검증: 83.0% | lr: 1.00e-02 | 0.3s
  에폭 723/2000 | 손실: 0.3304 | 학습: 89.9% | 검증: 83.0% | lr: 1.00e-02 | 0.3s
  에폭 724/2000 | 손실: 0.3280 | 학습: 90.1% | 검증: 83.5% | lr: 1.00e-02 | 0.3s
  에폭 725/2000 | 손실: 0.3317 | 학습: 90.3% | 검증: 83.9% | lr: 1.00e-02 | 0.3s
  에폭 726/2000 | 손실: 0.3294 | 학습: 89.8% | 검증: 83.6% | lr: 1.00e-02 | 0.3s
  에폭 727/2000 | 손실: 0.3306 | 학습: 90.0% | 검증: 83.9% | lr: 1.00e-02 | 0.3s
  에폭 728/2000 | 손실: 0.3358 | 학습: 90.4% | 검증: 83.7% | lr: 1.00e-02 | 0.3s
  에폭 729/2000 | 손실: 0.3363 | 학습: 90.3% | 검증: 83.4% | lr: 1.00e-02 | 0.3s
  에폭 730/2000 | 손실: 0.3230 | 학습: 90.4% | 검증: 83.2% | lr: 1.00e-02 | 0.2s
  에폭 731/2000 | 손실: 0.3243 | 학습: 90.4% | 검증: 83.3% | lr: 1.00e-02 | 0.2s
  에폭 732/2000 | 손실: 0.3321 | 학습: 90.3% | 검증: 83.9% | lr: 1.00e-02 | 0.3s
  에폭 733/2000 | 손실: 0.3304 | 학습: 90.2% | 검증: 83.4% | lr: 1.00e-02 | 0.3s
  에폭 734/2000 | 손실: 0.3344 | 학습: 90.2% | 검증: 83.6% | lr: 1.00e-02 | 0.3s
  에폭 735/2000 | 손실: 0.3305 | 학습: 90.4% | 검증: 83.8% | lr: 1.00e-02 | 0.3s
  에폭 736/2000 | 손실: 0.3298 | 학습: 90.2% | 검증: 83.5% | lr: 1.00e-02 | 0.3s
  에폭 737/2000 | 손실: 0.3252 | 학습: 90.1% | 검증: 83.8% | lr: 1.00e-02 | 0.3s
  에폭 738/2000 | 손실: 0.3216 | 학습: 90.3% | 검증: 83.3% | lr: 1.00e-02 | 0.3s
  에폭 739/2000 | 손실: 0.3303 | 학습: 90.4% | 검증: 83.6% | lr: 1.00e-02 | 0.3s
  에폭 740/2000 | 손실: 0.3246 | 학습: 90.2% | 검증: 83.3% | lr: 5.00e-03 | 0.3s
  에폭 741/2000 | 손실: 0.3193 | 학습: 90.6% | 검증: 83.9% | lr: 5.00e-03 | 0.2s
  에폭 742/2000 | 손실: 0.3139 | 학습: 90.7% | 검증: 84.2% | lr: 5.00e-03 | 0.2s
  에폭 743/2000 | 손실: 0.3130 | 학습: 90.8% | 검증: 84.1% | lr: 5.00e-03 | 0.3s
  에폭 744/2000 | 손실: 0.3118 | 학습: 90.8% | 검증: 84.4% | lr: 5.00e-03 | 0.3s ★
  에폭 745/2000 | 손실: 0.3074 | 학습: 91.1% | 검증: 84.3% | lr: 5.00e-03 | 0.3s
  에폭 746/2000 | 손실: 0.3125 | 학습: 91.1% | 검증: 83.9% | lr: 5.00e-03 | 0.2s
  에폭 747/2000 | 손실: 0.3099 | 학습: 91.2% | 검증: 84.3% | lr: 5.00e-03 | 0.2s
  에폭 748/2000 | 손실: 0.3076 | 학습: 91.2% | 검증: 84.2% | lr: 5.00e-03 | 0.3s
  에폭 749/2000 | 손실: 0.3093 | 학습: 91.2% | 검증: 84.3% | lr: 5.00e-03 | 0.2s
  에폭 750/2000 | 손실: 0.3128 | 학습: 91.0% | 검증: 83.9% | lr: 5.00e-03 | 0.2s
  에폭 751/2000 | 손실: 0.3073 | 학습: 91.3% | 검증: 84.0% | lr: 5.00e-03 | 0.2s
  에폭 752/2000 | 손실: 0.3101 | 학습: 90.8% | 검증: 84.7% | lr: 5.00e-03 | 0.2s ★
  에폭 753/2000 | 손실: 0.3107 | 학습: 91.1% | 검증: 84.4% | lr: 5.00e-03 | 0.3s
  에폭 754/2000 | 손실: 0.3042 | 학습: 91.4% | 검증: 84.5% | lr: 5.00e-03 | 0.3s
  에폭 755/2000 | 손실: 0.3097 | 학습: 91.2% | 검증: 84.5% | lr: 5.00e-03 | 0.3s
  에폭 756/2000 | 손실: 0.3069 | 학습: 91.2% | 검증: 84.3% | lr: 5.00e-03 | 0.3s
  에폭 757/2000 | 손실: 0.3093 | 학습: 91.1% | 검증: 84.2% | lr: 5.00e-03 | 0.3s
  에폭 758/2000 | 손실: 0.3123 | 학습: 91.2% | 검증: 84.6% | lr: 5.00e-03 | 0.3s
  에폭 759/2000 | 손실: 0.3113 | 학습: 91.1% | 검증: 83.9% | lr: 5.00e-03 | 0.3s
  에폭 760/2000 | 손실: 0.3061 | 학습: 91.3% | 검증: 84.4% | lr: 5.00e-03 | 0.3s
  에폭 761/2000 | 손실: 0.3098 | 학습: 91.0% | 검증: 84.0% | lr: 5.00e-03 | 0.3s
  에폭 762/2000 | 손실: 0.3097 | 학습: 91.3% | 검증: 84.5% | lr: 5.00e-03 | 0.3s
  에폭 763/2000 | 손실: 0.3058 | 학습: 91.3% | 검증: 84.2% | lr: 5.00e-03 | 0.3s
  에폭 764/2000 | 손실: 0.3055 | 학습: 91.0% | 검증: 84.3% | lr: 5.00e-03 | 0.3s
  에폭 765/2000 | 손실: 0.3106 | 학습: 91.1% | 검증: 84.1% | lr: 5.00e-03 | 0.3s
  에폭 766/2000 | 손실: 0.3080 | 학습: 91.3% | 검증: 84.7% | lr: 5.00e-03 | 0.3s
  에폭 767/2000 | 손실: 0.3011 | 학습: 91.0% | 검증: 84.0% | lr: 5.00e-03 | 0.3s
  에폭 768/2000 | 손실: 0.3101 | 학습: 91.0% | 검증: 84.4% | lr: 5.00e-03 | 0.3s
  에폭 769/2000 | 손실: 0.3118 | 학습: 91.1% | 검증: 84.0% | lr: 5.00e-03 | 0.3s
  에폭 770/2000 | 손실: 0.3066 | 학습: 91.4% | 검증: 84.6% | lr: 5.00e-03 | 0.3s
  에폭 771/2000 | 손실: 0.3087 | 학습: 91.3% | 검증: 84.0% | lr: 5.00e-03 | 0.3s
  에폭 772/2000 | 손실: 0.3003 | 학습: 91.4% | 검증: 84.4% | lr: 5.00e-03 | 0.3s
  에폭 773/2000 | 손실: 0.3068 | 학습: 91.2% | 검증: 84.3% | lr: 5.00e-03 | 0.3s
  에폭 774/2000 | 손실: 0.3076 | 학습: 91.1% | 검증: 84.5% | lr: 5.00e-03 | 0.3s
  에폭 775/2000 | 손실: 0.3038 | 학습: 91.4% | 검증: 84.6% | lr: 5.00e-03 | 0.3s
  에폭 776/2000 | 손실: 0.3135 | 학습: 91.5% | 검증: 84.3% | lr: 5.00e-03 | 0.3s
  에폭 777/2000 | 손실: 0.3069 | 학습: 91.4% | 검증: 84.7% | lr: 5.00e-03 | 0.3s
  에폭 778/2000 | 손실: 0.3035 | 학습: 91.5% | 검증: 84.1% | lr: 5.00e-03 | 0.3s
  에폭 779/2000 | 손실: 0.3126 | 학습: 91.3% | 검증: 84.6% | lr: 5.00e-03 | 0.3s
  에폭 780/2000 | 손실: 0.3048 | 학습: 91.3% | 검증: 84.0% | lr: 5.00e-03 | 0.3s
  에폭 781/2000 | 손실: 0.3083 | 학습: 91.4% | 검증: 84.2% | lr: 5.00e-03 | 0.3s
  에폭 782/2000 | 손실: 0.3063 | 학습: 91.3% | 검증: 84.4% | lr: 5.00e-03 | 0.3s
  에폭 783/2000 | 손실: 0.3078 | 학습: 91.2% | 검증: 84.3% | lr: 5.00e-03 | 0.3s
  에폭 784/2000 | 손실: 0.3050 | 학습: 91.5% | 검증: 84.6% | lr: 5.00e-03 | 0.3s
  에폭 785/2000 | 손실: 0.3037 | 학습: 91.5% | 검증: 84.6% | lr: 5.00e-03 | 0.3s
  에폭 786/2000 | 손실: 0.3071 | 학습: 91.4% | 검증: 84.0% | lr: 5.00e-03 | 0.3s
  에폭 787/2000 | 손실: 0.3104 | 학습: 91.4% | 검증: 84.1% | lr: 5.00e-03 | 0.3s
  에폭 788/2000 | 손실: 0.3098 | 학습: 91.2% | 검증: 84.2% | lr: 5.00e-03 | 0.3s
  에폭 789/2000 | 손실: 0.3068 | 학습: 91.3% | 검증: 84.2% | lr: 5.00e-03 | 0.3s
  에폭 790/2000 | 손실: 0.3122 | 학습: 91.4% | 검증: 84.5% | lr: 5.00e-03 | 0.3s
  에폭 791/2000 | 손실: 0.3106 | 학습: 91.2% | 검증: 83.9% | lr: 5.00e-03 | 0.3s
  에폭 792/2000 | 손실: 0.3010 | 학습: 91.3% | 검증: 84.2% | lr: 5.00e-03 | 0.3s
  에폭 793/2000 | 손실: 0.3103 | 학습: 91.3% | 검증: 84.2% | lr: 5.00e-03 | 0.3s
  에폭 794/2000 | 손실: 0.3077 | 학습: 91.2% | 검증: 84.0% | lr: 5.00e-03 | 0.3s
  에폭 795/2000 | 손실: 0.3102 | 학습: 91.4% | 검증: 83.9% | lr: 5.00e-03 | 0.3s
  에폭 796/2000 | 손실: 0.3088 | 학습: 91.3% | 검증: 84.1% | lr: 5.00e-03 | 0.3s
  에폭 797/2000 | 손실: 0.3058 | 학습: 91.4% | 검증: 84.2% | lr: 5.00e-03 | 0.3s
  에폭 798/2000 | 손실: 0.3001 | 학습: 91.4% | 검증: 84.5% | lr: 5.00e-03 | 0.3s
  에폭 799/2000 | 손실: 0.3016 | 학습: 91.2% | 검증: 84.2% | lr: 5.00e-03 | 0.3s
  에폭 800/2000 | 손실: 0.3066 | 학습: 91.4% | 검증: 84.8% | lr: 5.00e-03 | 0.3s ★
  에폭 801/2000 | 손실: 0.3075 | 학습: 91.4% | 검증: 84.2% | lr: 5.00e-03 | 0.3s
  에폭 802/2000 | 손실: 0.3062 | 학습: 91.3% | 검증: 84.5% | lr: 5.00e-03 | 0.3s
  에폭 803/2000 | 손실: 0.3066 | 학습: 91.4% | 검증: 84.2% | lr: 5.00e-03 | 0.3s
  에폭 804/2000 | 손실: 0.3023 | 학습: 91.6% | 검증: 84.1% | lr: 5.00e-03 | 0.3s
  에폭 805/2000 | 손실: 0.3103 | 학습: 91.3% | 검증: 84.8% | lr: 5.00e-03 | 0.3s
  에폭 806/2000 | 손실: 0.3111 | 학습: 91.2% | 검증: 84.3% | lr: 5.00e-03 | 0.3s
  에폭 807/2000 | 손실: 0.3085 | 학습: 91.4% | 검증: 84.4% | lr: 5.00e-03 | 0.3s
  에폭 808/2000 | 손실: 0.3112 | 학습: 91.6% | 검증: 84.3% | lr: 5.00e-03 | 0.3s
  에폭 809/2000 | 손실: 0.3103 | 학습: 91.4% | 검증: 84.2% | lr: 5.00e-03 | 0.3s
  에폭 810/2000 | 손실: 0.3081 | 학습: 91.3% | 검증: 84.5% | lr: 5.00e-03 | 0.3s
  에폭 811/2000 | 손실: 0.2998 | 학습: 91.3% | 검증: 84.0% | lr: 5.00e-03 | 0.3s
  에폭 812/2000 | 손실: 0.3060 | 학습: 91.2% | 검증: 83.9% | lr: 5.00e-03 | 0.3s
  에폭 813/2000 | 손실: 0.3021 | 학습: 91.3% | 검증: 84.5% | lr: 5.00e-03 | 0.3s
  에폭 814/2000 | 손실: 0.3058 | 학습: 91.4% | 검증: 84.7% | lr: 5.00e-03 | 0.3s
  에폭 815/2000 | 손실: 0.3073 | 학습: 91.2% | 검증: 84.7% | lr: 5.00e-03 | 0.3s
  에폭 816/2000 | 손실: 0.3011 | 학습: 91.4% | 검증: 84.7% | lr: 5.00e-03 | 0.3s
  에폭 817/2000 | 손실: 0.3055 | 학습: 91.4% | 검증: 84.4% | lr: 5.00e-03 | 0.3s
  에폭 818/2000 | 손실: 0.3066 | 학습: 91.6% | 검증: 84.1% | lr: 5.00e-03 | 0.3s
  에폭 819/2000 | 손실: 0.3083 | 학습: 91.4% | 검증: 84.4% | lr: 5.00e-03 | 0.3s
  에폭 820/2000 | 손실: 0.3029 | 학습: 91.6% | 검증: 84.3% | lr: 5.00e-03 | 0.3s
  에폭 821/2000 | 손실: 0.3080 | 학습: 91.4% | 검증: 84.2% | lr: 5.00e-03 | 0.3s
  에폭 822/2000 | 손실: 0.3048 | 학습: 91.4% | 검증: 84.4% | lr: 5.00e-03 | 0.3s
  에폭 823/2000 | 손실: 0.3043 | 학습: 91.5% | 검증: 84.4% | lr: 5.00e-03 | 0.3s
  에폭 824/2000 | 손실: 0.3101 | 학습: 91.5% | 검증: 84.6% | lr: 5.00e-03 | 0.3s
  에폭 825/2000 | 손실: 0.3098 | 학습: 91.4% | 검증: 84.5% | lr: 5.00e-03 | 0.3s
  에폭 826/2000 | 손실: 0.3039 | 학습: 91.6% | 검증: 84.1% | lr: 5.00e-03 | 0.3s
  에폭 827/2000 | 손실: 0.3125 | 학습: 91.3% | 검증: 84.3% | lr: 5.00e-03 | 0.3s
  에폭 828/2000 | 손실: 0.3027 | 학습: 91.4% | 검증: 84.4% | lr: 5.00e-03 | 0.3s
  에폭 829/2000 | 손실: 0.3098 | 학습: 91.5% | 검증: 84.5% | lr: 5.00e-03 | 0.3s
  에폭 830/2000 | 손실: 0.3066 | 학습: 91.5% | 검증: 84.5% | lr: 5.00e-03 | 0.3s
  에폭 831/2000 | 손실: 0.3044 | 학습: 91.6% | 검증: 84.2% | lr: 5.00e-03 | 0.3s
  에폭 832/2000 | 손실: 0.3032 | 학습: 91.7% | 검증: 84.5% | lr: 5.00e-03 | 0.3s
  에폭 833/2000 | 손실: 0.3024 | 학습: 91.2% | 검증: 84.2% | lr: 5.00e-03 | 0.3s
  에폭 834/2000 | 손실: 0.3077 | 학습: 91.7% | 검증: 84.5% | lr: 5.00e-03 | 0.3s
  에폭 835/2000 | 손실: 0.3064 | 학습: 91.8% | 검증: 84.4% | lr: 5.00e-03 | 0.3s
  에폭 836/2000 | 손실: 0.3004 | 학습: 91.5% | 검증: 84.5% | lr: 5.00e-03 | 0.3s
  에폭 837/2000 | 손실: 0.2996 | 학습: 91.5% | 검증: 84.3% | lr: 5.00e-03 | 0.3s
  에폭 838/2000 | 손실: 0.3053 | 학습: 91.6% | 검증: 84.8% | lr: 5.00e-03 | 0.3s
  에폭 839/2000 | 손실: 0.3029 | 학습: 91.6% | 검증: 84.7% | lr: 5.00e-03 | 0.3s
  에폭 840/2000 | 손실: 0.3030 | 학습: 91.6% | 검증: 84.4% | lr: 5.00e-03 | 0.3s
  에폭 841/2000 | 손실: 0.3095 | 학습: 91.7% | 검증: 84.9% | lr: 5.00e-03 | 0.3s ★
  에폭 842/2000 | 손실: 0.3121 | 학습: 91.6% | 검증: 84.6% | lr: 5.00e-03 | 0.3s
  에폭 843/2000 | 손실: 0.3069 | 학습: 91.5% | 검증: 84.1% | lr: 5.00e-03 | 0.3s
  에폭 844/2000 | 손실: 0.3052 | 학습: 91.7% | 검증: 84.6% | lr: 5.00e-03 | 0.3s
  에폭 845/2000 | 손실: 0.3045 | 학습: 91.6% | 검증: 84.3% | lr: 5.00e-03 | 0.3s
  에폭 846/2000 | 손실: 0.3069 | 학습: 91.7% | 검증: 84.6% | lr: 5.00e-03 | 0.3s
  에폭 847/2000 | 손실: 0.3062 | 학습: 91.8% | 검증: 84.9% | lr: 5.00e-03 | 0.3s ★
  에폭 848/2000 | 손실: 0.3127 | 학습: 91.5% | 검증: 84.4% | lr: 5.00e-03 | 0.3s
  에폭 849/2000 | 손실: 0.3028 | 학습: 91.4% | 검증: 84.0% | lr: 5.00e-03 | 0.3s
  에폭 850/2000 | 손실: 0.2987 | 학습: 91.4% | 검증: 84.2% | lr: 5.00e-03 | 0.3s
  에폭 851/2000 | 손실: 0.3023 | 학습: 91.6% | 검증: 84.3% | lr: 5.00e-03 | 0.3s
  에폭 852/2000 | 손실: 0.3065 | 학습: 91.7% | 검증: 84.5% | lr: 5.00e-03 | 0.3s
  에폭 853/2000 | 손실: 0.3048 | 학습: 91.6% | 검증: 84.7% | lr: 5.00e-03 | 0.3s
  에폭 854/2000 | 손실: 0.3084 | 학습: 91.6% | 검증: 84.1% | lr: 5.00e-03 | 0.3s
  에폭 855/2000 | 손실: 0.3007 | 학습: 91.7% | 검증: 84.6% | lr: 5.00e-03 | 0.3s
  에폭 856/2000 | 손실: 0.3055 | 학습: 91.3% | 검증: 84.4% | lr: 5.00e-03 | 0.3s
  에폭 857/2000 | 손실: 0.3035 | 학습: 91.6% | 검증: 84.6% | lr: 5.00e-03 | 0.3s
  에폭 858/2000 | 손실: 0.3088 | 학습: 91.6% | 검증: 84.4% | lr: 5.00e-03 | 0.3s
  에폭 859/2000 | 손실: 0.3070 | 학습: 91.7% | 검증: 84.8% | lr: 5.00e-03 | 0.3s
  에폭 860/2000 | 손실: 0.2994 | 학습: 91.7% | 검증: 84.4% | lr: 5.00e-03 | 0.3s
  에폭 861/2000 | 손실: 0.2931 | 학습: 91.8% | 검증: 84.5% | lr: 5.00e-03 | 0.3s
  에폭 862/2000 | 손실: 0.3050 | 학습: 91.6% | 검증: 84.6% | lr: 5.00e-03 | 0.3s
  에폭 863/2000 | 손실: 0.3094 | 학습: 91.6% | 검증: 84.2% | lr: 5.00e-03 | 0.3s
  에폭 864/2000 | 손실: 0.3044 | 학습: 91.6% | 검증: 84.6% | lr: 5.00e-03 | 0.3s
  에폭 865/2000 | 손실: 0.3010 | 학습: 91.7% | 검증: 84.1% | lr: 5.00e-03 | 0.3s
  에폭 866/2000 | 손실: 0.3014 | 학습: 91.6% | 검증: 83.9% | lr: 5.00e-03 | 0.3s
  에폭 867/2000 | 손실: 0.3050 | 학습: 91.8% | 검증: 84.7% | lr: 5.00e-03 | 0.3s
  에폭 868/2000 | 손실: 0.3077 | 학습: 91.8% | 검증: 84.5% | lr: 5.00e-03 | 0.3s
  에폭 869/2000 | 손실: 0.3064 | 학습: 91.2% | 검증: 83.8% | lr: 5.00e-03 | 0.3s
  에폭 870/2000 | 손실: 0.3075 | 학습: 91.7% | 검증: 84.5% | lr: 5.00e-03 | 0.3s
  에폭 871/2000 | 손실: 0.3014 | 학습: 91.6% | 검증: 84.6% | lr: 5.00e-03 | 0.3s
  에폭 872/2000 | 손실: 0.3042 | 학습: 91.6% | 검증: 84.6% | lr: 5.00e-03 | 0.3s
  에폭 873/2000 | 손실: 0.3038 | 학습: 91.6% | 검증: 84.3% | lr: 5.00e-03 | 0.3s
  에폭 874/2000 | 손실: 0.3036 | 학습: 91.4% | 검증: 84.5% | lr: 5.00e-03 | 0.3s
  에폭 875/2000 | 손실: 0.3002 | 학습: 91.6% | 검증: 84.4% | lr: 5.00e-03 | 0.3s
  에폭 876/2000 | 손실: 0.3091 | 학습: 91.4% | 검증: 84.3% | lr: 5.00e-03 | 0.3s
  에폭 877/2000 | 손실: 0.3007 | 학습: 91.6% | 검증: 84.6% | lr: 5.00e-03 | 0.3s
  에폭 878/2000 | 손실: 0.3039 | 학습: 91.7% | 검증: 84.5% | lr: 5.00e-03 | 0.3s
  에폭 879/2000 | 손실: 0.3018 | 학습: 91.7% | 검증: 84.6% | lr: 5.00e-03 | 0.3s
  에폭 880/2000 | 손실: 0.3041 | 학습: 91.6% | 검증: 84.5% | lr: 5.00e-03 | 0.3s
  에폭 881/2000 | 손실: 0.3067 | 학습: 91.5% | 검증: 84.6% | lr: 5.00e-03 | 0.3s
  에폭 882/2000 | 손실: 0.3044 | 학습: 91.7% | 검증: 84.3% | lr: 5.00e-03 | 0.3s
  에폭 883/2000 | 손실: 0.3028 | 학습: 91.7% | 검증: 84.4% | lr: 5.00e-03 | 0.3s
  에폭 884/2000 | 손실: 0.3041 | 학습: 91.6% | 검증: 84.3% | lr: 5.00e-03 | 0.3s
  에폭 885/2000 | 손실: 0.3070 | 학습: 91.4% | 검증: 84.4% | lr: 5.00e-03 | 0.3s
  에폭 886/2000 | 손실: 0.3075 | 학습: 91.4% | 검증: 84.4% | lr: 5.00e-03 | 0.3s
  에폭 887/2000 | 손실: 0.3002 | 학습: 91.6% | 검증: 84.8% | lr: 5.00e-03 | 0.3s
  에폭 888/2000 | 손실: 0.2955 | 학습: 91.7% | 검증: 84.5% | lr: 5.00e-03 | 0.3s
  에폭 889/2000 | 손실: 0.3067 | 학습: 91.6% | 검증: 84.7% | lr: 5.00e-03 | 0.3s
  에폭 890/2000 | 손실: 0.3009 | 학습: 91.6% | 검증: 84.1% | lr: 5.00e-03 | 0.3s
  에폭 891/2000 | 손실: 0.3028 | 학습: 91.7% | 검증: 84.8% | lr: 5.00e-03 | 0.3s
  에폭 892/2000 | 손실: 0.3070 | 학습: 91.8% | 검증: 84.7% | lr: 5.00e-03 | 0.3s
  에폭 893/2000 | 손실: 0.3076 | 학습: 91.9% | 검증: 85.3% | lr: 5.00e-03 | 0.3s ★
  에폭 894/2000 | 손실: 0.3037 | 학습: 91.7% | 검증: 84.9% | lr: 5.00e-03 | 0.3s
  에폭 895/2000 | 손실: 0.3020 | 학습: 91.6% | 검증: 84.3% | lr: 5.00e-03 | 0.3s
  에폭 896/2000 | 손실: 0.3046 | 학습: 91.5% | 검증: 84.4% | lr: 5.00e-03 | 0.3s
  에폭 897/2000 | 손실: 0.3047 | 학습: 91.6% | 검증: 84.4% | lr: 5.00e-03 | 0.3s
  에폭 898/2000 | 손실: 0.3014 | 학습: 91.9% | 검증: 84.6% | lr: 5.00e-03 | 0.3s
  에폭 899/2000 | 손실: 0.3006 | 학습: 91.5% | 검증: 84.6% | lr: 5.00e-03 | 0.3s
  에폭 900/2000 | 손실: 0.2992 | 학습: 91.8% | 검증: 84.3% | lr: 5.00e-03 | 0.3s
  에폭 901/2000 | 손실: 0.3010 | 학습: 91.7% | 검증: 84.5% | lr: 5.00e-03 | 0.3s
  에폭 902/2000 | 손실: 0.3042 | 학습: 91.6% | 검증: 84.3% | lr: 5.00e-03 | 0.3s
  에폭 903/2000 | 손실: 0.2994 | 학습: 91.6% | 검증: 84.2% | lr: 5.00e-03 | 0.3s
  에폭 904/2000 | 손실: 0.2969 | 학습: 91.7% | 검증: 84.4% | lr: 5.00e-03 | 0.3s
  에폭 905/2000 | 손실: 0.2988 | 학습: 91.8% | 검증: 84.5% | lr: 5.00e-03 | 0.2s
  에폭 906/2000 | 손실: 0.3026 | 학습: 91.8% | 검증: 84.5% | lr: 5.00e-03 | 0.2s
  에폭 907/2000 | 손실: 0.2998 | 학습: 91.9% | 검증: 84.4% | lr: 5.00e-03 | 0.2s
  에폭 908/2000 | 손실: 0.2998 | 학습: 91.6% | 검증: 84.7% | lr: 5.00e-03 | 0.2s
  에폭 909/2000 | 손실: 0.3014 | 학습: 91.5% | 검증: 84.4% | lr: 5.00e-03 | 0.3s
  에폭 910/2000 | 손실: 0.3029 | 학습: 91.8% | 검증: 84.3% | lr: 5.00e-03 | 0.3s
  에폭 911/2000 | 손실: 0.3031 | 학습: 91.7% | 검증: 84.4% | lr: 5.00e-03 | 0.3s
  에폭 912/2000 | 손실: 0.2968 | 학습: 91.6% | 검증: 84.2% | lr: 2.50e-03 | 0.3s
  에폭 913/2000 | 손실: 0.3016 | 학습: 92.0% | 검증: 84.1% | lr: 2.50e-03 | 0.2s
  에폭 914/2000 | 손실: 0.2994 | 학습: 92.1% | 검증: 84.4% | lr: 2.50e-03 | 0.2s
  에폭 915/2000 | 손실: 0.3029 | 학습: 92.0% | 검증: 84.5% | lr: 2.50e-03 | 0.3s
  에폭 916/2000 | 손실: 0.2940 | 학습: 92.0% | 검증: 84.7% | lr: 2.50e-03 | 0.2s
  에폭 917/2000 | 손실: 0.2932 | 학습: 92.1% | 검증: 84.8% | lr: 2.50e-03 | 0.2s
  에폭 918/2000 | 손실: 0.2926 | 학습: 92.1% | 검증: 84.7% | lr: 2.50e-03 | 0.2s
  에폭 919/2000 | 손실: 0.2972 | 학습: 92.2% | 검증: 84.5% | lr: 2.50e-03 | 0.2s
  에폭 920/2000 | 손실: 0.2926 | 학습: 91.9% | 검증: 84.3% | lr: 2.50e-03 | 0.3s
  에폭 921/2000 | 손실: 0.2994 | 학습: 92.1% | 검증: 84.5% | lr: 2.50e-03 | 0.2s
  에폭 922/2000 | 손실: 0.2959 | 학습: 92.1% | 검증: 84.6% | lr: 2.50e-03 | 0.2s
  에폭 923/2000 | 손실: 0.2885 | 학습: 92.1% | 검증: 84.5% | lr: 2.50e-03 | 0.2s
  에폭 924/2000 | 손실: 0.2955 | 학습: 92.3% | 검증: 84.6% | lr: 2.50e-03 | 0.2s
  에폭 925/2000 | 손실: 0.2889 | 학습: 92.2% | 검증: 84.5% | lr: 2.50e-03 | 0.2s
  에폭 926/2000 | 손실: 0.2993 | 학습: 92.1% | 검증: 84.6% | lr: 2.50e-03 | 0.3s
  에폭 927/2000 | 손실: 0.2882 | 학습: 92.1% | 검증: 84.6% | lr: 2.50e-03 | 0.3s
  에폭 928/2000 | 손실: 0.2899 | 학습: 92.2% | 검증: 84.6% | lr: 2.50e-03 | 0.3s
  에폭 929/2000 | 손실: 0.2921 | 학습: 92.0% | 검증: 84.7% | lr: 2.50e-03 | 0.2s
  에폭 930/2000 | 손실: 0.2890 | 학습: 92.1% | 검증: 84.5% | lr: 2.50e-03 | 0.2s
  에폭 931/2000 | 손실: 0.2943 | 학습: 92.1% | 검증: 84.8% | lr: 2.50e-03 | 0.3s
  에폭 932/2000 | 손실: 0.2949 | 학습: 92.1% | 검증: 84.8% | lr: 2.50e-03 | 0.3s
  에폭 933/2000 | 손실: 0.2962 | 학습: 92.1% | 검증: 84.8% | lr: 2.50e-03 | 0.2s
  에폭 934/2000 | 손실: 0.3011 | 학습: 92.1% | 검증: 84.6% | lr: 2.50e-03 | 0.2s
  에폭 935/2000 | 손실: 0.2987 | 학습: 92.1% | 검증: 84.7% | lr: 2.50e-03 | 0.2s
  에폭 936/2000 | 손실: 0.2945 | 학습: 92.2% | 검증: 84.6% | lr: 2.50e-03 | 0.3s
  에폭 937/2000 | 손실: 0.2845 | 학습: 92.2% | 검증: 84.5% | lr: 2.50e-03 | 0.2s
  에폭 938/2000 | 손실: 0.2985 | 학습: 92.1% | 검증: 84.4% | lr: 2.50e-03 | 0.2s
  에폭 939/2000 | 손실: 0.2955 | 학습: 92.1% | 검증: 84.7% | lr: 2.50e-03 | 0.2s
  에폭 940/2000 | 손실: 0.2922 | 학습: 92.1% | 검증: 84.6% | lr: 2.50e-03 | 0.2s
  에폭 941/2000 | 손실: 0.2936 | 학습: 92.1% | 검증: 84.5% | lr: 2.50e-03 | 0.2s
  에폭 942/2000 | 손실: 0.2916 | 학습: 92.2% | 검증: 84.6% | lr: 2.50e-03 | 0.3s
  에폭 943/2000 | 손실: 0.2917 | 학습: 92.1% | 검증: 84.8% | lr: 2.50e-03 | 0.2s
  에폭 944/2000 | 손실: 0.2886 | 학습: 92.0% | 검증: 84.4% | lr: 2.50e-03 | 0.2s
  에폭 945/2000 | 손실: 0.2928 | 학습: 92.2% | 검증: 84.6% | lr: 2.50e-03 | 0.5s
  에폭 946/2000 | 손실: 0.2959 | 학습: 91.9% | 검증: 84.0% | lr: 2.50e-03 | 1.3s
  에폭 947/2000 | 손실: 0.2924 | 학습: 92.3% | 검증: 84.4% | lr: 2.50e-03 | 1.8s
  에폭 948/2000 | 손실: 0.2907 | 학습: 92.1% | 검증: 84.1% | lr: 2.50e-03 | 1.2s
  에폭 949/2000 | 손실: 0.2915 | 학습: 92.2% | 검증: 84.5% | lr: 2.50e-03 | 1.2s
  에폭 950/2000 | 손실: 0.2976 | 학습: 92.3% | 검증: 84.4% | lr: 2.50e-03 | 1.3s
  에폭 951/2000 | 손실: 0.2914 | 학습: 92.1% | 검증: 84.3% | lr: 2.50e-03 | 1.3s
  에폭 952/2000 | 손실: 0.2880 | 학습: 92.3% | 검증: 84.7% | lr: 2.50e-03 | 1.2s
  에폭 953/2000 | 손실: 0.2874 | 학습: 92.2% | 검증: 84.7% | lr: 2.50e-03 | 1.7s
  에폭 954/2000 | 손실: 0.2956 | 학습: 92.1% | 검증: 84.4% | lr: 2.50e-03 | 1.2s
  에폭 955/2000 | 손실: 0.2876 | 학습: 92.4% | 검증: 84.5% | lr: 2.50e-03 | 1.2s
  에폭 956/2000 | 손실: 0.2918 | 학습: 92.1% | 검증: 84.7% | lr: 2.50e-03 | 1.2s
  에폭 957/2000 | 손실: 0.2853 | 학습: 92.3% | 검증: 84.5% | lr: 2.50e-03 | 1.3s
  에폭 958/2000 | 손실: 0.2953 | 학습: 92.2% | 검증: 84.5% | lr: 2.50e-03 | 1.7s
  에폭 959/2000 | 손실: 0.2910 | 학습: 92.2% | 검증: 84.5% | lr: 2.50e-03 | 0.9s
  에폭 960/2000 | 손실: 0.2933 | 학습: 92.2% | 검증: 84.8% | lr: 2.50e-03 | 1.0s
  에폭 961/2000 | 손실: 0.2884 | 학습: 92.1% | 검증: 84.7% | lr: 2.50e-03 | 1.3s
  에폭 962/2000 | 손실: 0.2937 | 학습: 92.3% | 검증: 85.0% | lr: 2.50e-03 | 1.3s
  에폭 963/2000 | 손실: 0.2911 | 학습: 92.3% | 검증: 84.7% | lr: 2.50e-03 | 1.6s
  에폭 964/2000 | 손실: 0.2922 | 학습: 92.3% | 검증: 84.8% | lr: 2.50e-03 | 1.3s
  에폭 965/2000 | 손실: 0.2889 | 학습: 92.2% | 검증: 84.6% | lr: 2.50e-03 | 1.3s
  에폭 966/2000 | 손실: 0.2890 | 학습: 92.1% | 검증: 84.9% | lr: 2.50e-03 | 1.2s
  에폭 967/2000 | 손실: 0.2946 | 학습: 92.1% | 검증: 84.4% | lr: 2.50e-03 | 1.2s
  에폭 968/2000 | 손실: 0.2955 | 학습: 92.3% | 검증: 84.6% | lr: 2.50e-03 | 1.3s
  에폭 969/2000 | 손실: 0.2940 | 학습: 92.2% | 검증: 84.5% | lr: 2.50e-03 | 1.7s
  에폭 970/2000 | 손실: 0.2904 | 학습: 92.2% | 검증: 84.5% | lr: 2.50e-03 | 1.2s
  에폭 971/2000 | 손실: 0.2901 | 학습: 92.2% | 검증: 84.4% | lr: 2.50e-03 | 1.3s
  에폭 972/2000 | 손실: 0.2950 | 학습: 92.2% | 검증: 84.5% | lr: 2.50e-03 | 1.2s
  에폭 973/2000 | 손실: 0.2893 | 학습: 92.3% | 검증: 84.4% | lr: 2.50e-03 | 1.3s
  에폭 974/2000 | 손실: 0.2945 | 학습: 92.1% | 검증: 84.6% | lr: 2.50e-03 | 1.8s
  에폭 975/2000 | 손실: 0.2921 | 학습: 92.1% | 검증: 84.8% | lr: 2.50e-03 | 1.3s
  에폭 976/2000 | 손실: 0.2853 | 학습: 92.2% | 검증: 84.8% | lr: 2.50e-03 | 1.3s
  에폭 977/2000 | 손실: 0.2910 | 학습: 92.3% | 검증: 84.7% | lr: 2.50e-03 | 1.3s
  에폭 978/2000 | 손실: 0.2921 | 학습: 92.0% | 검증: 84.9% | lr: 2.50e-03 | 1.2s
  에폭 979/2000 | 손실: 0.2908 | 학습: 92.4% | 검증: 84.8% | lr: 2.50e-03 | 1.9s
  에폭 980/2000 | 손실: 0.2893 | 학습: 92.1% | 검증: 84.9% | lr: 2.50e-03 | 1.3s
  에폭 981/2000 | 손실: 0.2879 | 학습: 92.3% | 검증: 84.6% | lr: 2.50e-03 | 1.3s
  에폭 982/2000 | 손실: 0.2820 | 학습: 92.1% | 검증: 84.2% | lr: 2.50e-03 | 1.2s
  에폭 983/2000 | 손실: 0.2953 | 학습: 92.3% | 검증: 84.6% | lr: 2.50e-03 | 1.3s
  에폭 984/2000 | 손실: 0.2935 | 학습: 92.2% | 검증: 84.6% | lr: 2.50e-03 | 1.3s
  에폭 985/2000 | 손실: 0.2904 | 학습: 92.3% | 검증: 84.6% | lr: 2.50e-03 | 1.8s
  에폭 986/2000 | 손실: 0.2896 | 학습: 92.2% | 검증: 84.7% | lr: 2.50e-03 | 1.3s
  에폭 987/2000 | 손실: 0.2885 | 학습: 92.0% | 검증: 84.3% | lr: 2.50e-03 | 1.3s
  에폭 988/2000 | 손실: 0.2865 | 학습: 92.2% | 검증: 84.7% | lr: 2.50e-03 | 1.3s
  에폭 989/2000 | 손실: 0.2898 | 학습: 92.3% | 검증: 84.7% | lr: 2.50e-03 | 1.4s
  에폭 990/2000 | 손실: 0.2928 | 학습: 92.3% | 검증: 84.7% | lr: 2.50e-03 | 1.8s
  에폭 991/2000 | 손실: 0.2889 | 학습: 92.1% | 검증: 84.5% | lr: 2.50e-03 | 1.4s
  에폭 992/2000 | 손실: 0.2908 | 학습: 92.3% | 검증: 84.8% | lr: 2.50e-03 | 1.3s
  에폭 993/2000 | 손실: 0.2909 | 학습: 92.2% | 검증: 84.5% | lr: 2.50e-03 | 1.2s
  에폭 994/2000 | 손실: 0.2924 | 학습: 92.4% | 검증: 84.6% | lr: 2.50e-03 | 1.3s
  에폭 995/2000 | 손실: 0.2919 | 학습: 92.2% | 검증: 84.6% | lr: 2.50e-03 | 1.3s
  에폭 996/2000 | 손실: 0.2919 | 학습: 92.4% | 검증: 84.7% | lr: 2.50e-03 | 1.8s
  에폭 997/2000 | 손실: 0.2899 | 학습: 92.2% | 검증: 85.1% | lr: 2.50e-03 | 1.3s
  에폭 998/2000 | 손실: 0.2891 | 학습: 92.4% | 검증: 85.0% | lr: 2.50e-03 | 1.2s
  에폭 999/2000 | 손실: 0.2907 | 학습: 92.3% | 검증: 84.4% | lr: 2.50e-03 | 1.3s
  에폭 1000/2000 | 손실: 0.2910 | 학습: 92.2% | 검증: 84.8% | lr: 2.50e-03 | 1.2s
  에폭 1001/2000 | 손실: 0.2891 | 학습: 92.3% | 검증: 84.7% | lr: 2.50e-03 | 1.8s
  에폭 1002/2000 | 손실: 0.2839 | 학습: 92.1% | 검증: 84.6% | lr: 2.50e-03 | 1.2s
  에폭 1003/2000 | 손실: 0.2907 | 학습: 92.3% | 검증: 84.7% | lr: 2.50e-03 | 1.1s
  에폭 1004/2000 | 손실: 0.2914 | 학습: 92.2% | 검증: 84.6% | lr: 2.50e-03 | 1.1s
  에폭 1005/2000 | 손실: 0.2884 | 학습: 92.2% | 검증: 84.5% | lr: 2.50e-03 | 1.3s
  에폭 1006/2000 | 손실: 0.2883 | 학습: 92.2% | 검증: 84.4% | lr: 2.50e-03 | 1.8s
  에폭 1007/2000 | 손실: 0.2877 | 학습: 92.1% | 검증: 84.9% | lr: 2.50e-03 | 1.1s
  에폭 1008/2000 | 손실: 0.2886 | 학습: 92.1% | 검증: 84.3% | lr: 2.50e-03 | 1.0s
  에폭 1009/2000 | 손실: 0.2890 | 학습: 92.3% | 검증: 84.6% | lr: 2.50e-03 | 1.2s
  에폭 1010/2000 | 손실: 0.2895 | 학습: 92.4% | 검증: 84.9% | lr: 2.50e-03 | 1.3s
  에폭 1011/2000 | 손실: 0.2859 | 학습: 92.5% | 검증: 84.7% | lr: 2.50e-03 | 1.2s
  에폭 1012/2000 | 손실: 0.2877 | 학습: 92.4% | 검증: 84.7% | lr: 2.50e-03 | 1.6s
  에폭 1013/2000 | 손실: 0.2924 | 학습: 92.4% | 검증: 84.6% | lr: 2.50e-03 | 1.3s
  에폭 1014/2000 | 손실: 0.2899 | 학습: 92.3% | 검증: 84.6% | lr: 2.50e-03 | 1.3s
  에폭 1015/2000 | 손실: 0.2893 | 학습: 92.3% | 검증: 84.8% | lr: 2.50e-03 | 1.2s
  에폭 1016/2000 | 손실: 0.2918 | 학습: 92.3% | 검증: 84.4% | lr: 2.50e-03 | 1.3s
  에폭 1017/2000 | 손실: 0.2856 | 학습: 92.4% | 검증: 84.4% | lr: 2.50e-03 | 0.5s
  에폭 1018/2000 | 손실: 0.2869 | 학습: 92.3% | 검증: 84.5% | lr: 2.50e-03 | 0.3s
  에폭 1019/2000 | 손실: 0.2881 | 학습: 92.3% | 검증: 84.4% | lr: 2.50e-03 | 0.3s
  에폭 1020/2000 | 손실: 0.2881 | 학습: 92.4% | 검증: 84.8% | lr: 2.50e-03 | 0.3s
  에폭 1021/2000 | 손실: 0.2870 | 학습: 92.3% | 검증: 84.8% | lr: 2.50e-03 | 0.3s
  에폭 1022/2000 | 손실: 0.2863 | 학습: 92.2% | 검증: 84.7% | lr: 2.50e-03 | 0.3s
  에폭 1023/2000 | 손실: 0.2874 | 학습: 92.3% | 검증: 84.6% | lr: 2.50e-03 | 0.3s
  에폭 1024/2000 | 손실: 0.2890 | 학습: 92.2% | 검증: 84.1% | lr: 2.50e-03 | 0.3s
  에폭 1025/2000 | 손실: 0.2890 | 학습: 92.4% | 검증: 84.6% | lr: 2.50e-03 | 0.3s
  에폭 1026/2000 | 손실: 0.2915 | 학습: 92.2% | 검증: 84.4% | lr: 2.50e-03 | 0.3s
  에폭 1027/2000 | 손실: 0.2917 | 학습: 92.3% | 검증: 84.6% | lr: 2.50e-03 | 0.3s
  에폭 1028/2000 | 손실: 0.2930 | 학습: 92.4% | 검증: 84.2% | lr: 2.50e-03 | 0.3s
  에폭 1029/2000 | 손실: 0.2896 | 학습: 92.3% | 검증: 84.7% | lr: 2.50e-03 | 0.3s
  에폭 1030/2000 | 손실: 0.2894 | 학습: 92.3% | 검증: 85.1% | lr: 2.50e-03 | 0.3s
  에폭 1031/2000 | 손실: 0.2861 | 학습: 92.4% | 검증: 84.8% | lr: 2.50e-03 | 0.3s
  에폭 1032/2000 | 손실: 0.2892 | 학습: 92.5% | 검증: 84.7% | lr: 2.50e-03 | 0.3s
  에폭 1033/2000 | 손실: 0.2897 | 학습: 92.4% | 검증: 84.7% | lr: 1.25e-03 | 0.3s
  에폭 1034/2000 | 손실: 0.2852 | 학습: 92.5% | 검증: 84.7% | lr: 1.25e-03 | 0.3s
  에폭 1035/2000 | 손실: 0.2885 | 학습: 92.4% | 검증: 84.7% | lr: 1.25e-03 | 0.3s
  에폭 1036/2000 | 손실: 0.2874 | 학습: 92.5% | 검증: 84.5% | lr: 1.25e-03 | 0.3s
  에폭 1037/2000 | 손실: 0.2839 | 학습: 92.5% | 검증: 84.7% | lr: 1.25e-03 | 0.3s
  에폭 1038/2000 | 손실: 0.2878 | 학습: 92.4% | 검증: 84.7% | lr: 1.25e-03 | 0.3s
  에폭 1039/2000 | 손실: 0.2873 | 학습: 92.3% | 검증: 84.7% | lr: 1.25e-03 | 0.3s
  에폭 1040/2000 | 손실: 0.2835 | 학습: 92.4% | 검증: 84.8% | lr: 1.25e-03 | 0.3s
  에폭 1041/2000 | 손실: 0.2856 | 학습: 92.5% | 검증: 84.5% | lr: 1.25e-03 | 0.3s
  에폭 1042/2000 | 손실: 0.2868 | 학습: 92.5% | 검증: 84.7% | lr: 1.25e-03 | 0.3s
  에폭 1043/2000 | 손실: 0.2882 | 학습: 92.5% | 검증: 84.8% | lr: 1.25e-03 | 0.3s
  에폭 1044/2000 | 손실: 0.2867 | 학습: 92.5% | 검증: 84.9% | lr: 1.25e-03 | 0.3s
  에폭 1045/2000 | 손실: 0.2859 | 학습: 92.5% | 검증: 84.6% | lr: 1.25e-03 | 0.3s
  에폭 1046/2000 | 손실: 0.2821 | 학습: 92.6% | 검증: 84.8% | lr: 1.25e-03 | 0.3s
  에폭 1047/2000 | 손실: 0.2868 | 학습: 92.5% | 검증: 84.5% | lr: 1.25e-03 | 0.3s
  에폭 1048/2000 | 손실: 0.2829 | 학습: 92.4% | 검증: 84.7% | lr: 1.25e-03 | 0.3s
  에폭 1049/2000 | 손실: 0.2871 | 학습: 92.5% | 검증: 84.4% | lr: 1.25e-03 | 0.3s
  에폭 1050/2000 | 손실: 0.2852 | 학습: 92.5% | 검증: 85.0% | lr: 1.25e-03 | 0.3s
  에폭 1051/2000 | 손실: 0.2806 | 학습: 92.6% | 검증: 84.9% | lr: 1.25e-03 | 0.3s
  에폭 1052/2000 | 손실: 0.2868 | 학습: 92.6% | 검증: 84.9% | lr: 1.25e-03 | 0.3s
  에폭 1053/2000 | 손실: 0.2907 | 학습: 92.5% | 검증: 84.8% | lr: 1.25e-03 | 0.3s
  에폭 1054/2000 | 손실: 0.2844 | 학습: 92.5% | 검증: 84.6% | lr: 1.25e-03 | 0.3s
  에폭 1055/2000 | 손실: 0.2773 | 학습: 92.5% | 검증: 84.8% | lr: 1.25e-03 | 0.3s
  에폭 1056/2000 | 손실: 0.2823 | 학습: 92.4% | 검증: 84.8% | lr: 1.25e-03 | 0.3s
  에폭 1057/2000 | 손실: 0.2906 | 학습: 92.5% | 검증: 84.9% | lr: 1.25e-03 | 0.3s
  에폭 1058/2000 | 손실: 0.2852 | 학습: 92.4% | 검증: 84.7% | lr: 1.25e-03 | 0.3s
  에폭 1059/2000 | 손실: 0.2836 | 학습: 92.5% | 검증: 84.9% | lr: 1.25e-03 | 0.3s
  에폭 1060/2000 | 손실: 0.2908 | 학습: 92.4% | 검증: 84.7% | lr: 1.25e-03 | 0.3s
  에폭 1061/2000 | 손실: 0.2858 | 학습: 92.4% | 검증: 84.6% | lr: 1.25e-03 | 0.3s
  에폭 1062/2000 | 손실: 0.2809 | 학습: 92.4% | 검증: 84.5% | lr: 1.25e-03 | 0.3s
  에폭 1063/2000 | 손실: 0.2858 | 학습: 92.5% | 검증: 84.4% | lr: 1.25e-03 | 0.3s
  에폭 1064/2000 | 손실: 0.2846 | 학습: 92.5% | 검증: 85.2% | lr: 1.25e-03 | 0.3s
  에폭 1065/2000 | 손실: 0.2869 | 학습: 92.6% | 검증: 85.2% | lr: 1.25e-03 | 0.3s
  에폭 1066/2000 | 손실: 0.2798 | 학습: 92.5% | 검증: 84.8% | lr: 1.25e-03 | 0.3s
  에폭 1067/2000 | 손실: 0.2837 | 학습: 92.5% | 검증: 84.8% | lr: 1.25e-03 | 0.3s
  에폭 1068/2000 | 손실: 0.2858 | 학습: 92.7% | 검증: 84.7% | lr: 1.25e-03 | 0.3s
  에폭 1069/2000 | 손실: 0.2855 | 학습: 92.6% | 검증: 84.9% | lr: 1.25e-03 | 0.3s
  에폭 1070/2000 | 손실: 0.2847 | 학습: 92.6% | 검증: 84.7% | lr: 1.25e-03 | 0.3s
  에폭 1071/2000 | 손실: 0.2856 | 학습: 92.5% | 검증: 84.8% | lr: 1.25e-03 | 0.3s
  에폭 1072/2000 | 손실: 0.2835 | 학습: 92.5% | 검증: 84.7% | lr: 1.25e-03 | 0.3s
  에폭 1073/2000 | 손실: 0.2893 | 학습: 92.6% | 검증: 85.1% | lr: 1.25e-03 | 0.3s
  에폭 1074/2000 | 손실: 0.2796 | 학습: 92.5% | 검증: 84.8% | lr: 1.25e-03 | 0.3s
  에폭 1075/2000 | 손실: 0.2843 | 학습: 92.4% | 검증: 84.7% | lr: 1.25e-03 | 0.3s
  에폭 1076/2000 | 손실: 0.2851 | 학습: 92.6% | 검증: 85.0% | lr: 1.25e-03 | 0.3s
  에폭 1077/2000 | 손실: 0.2827 | 학습: 92.6% | 검증: 84.8% | lr: 1.25e-03 | 0.3s
  에폭 1078/2000 | 손실: 0.2895 | 학습: 92.6% | 검증: 85.0% | lr: 1.25e-03 | 0.3s
  에폭 1079/2000 | 손실: 0.2855 | 학습: 92.6% | 검증: 84.9% | lr: 1.25e-03 | 0.3s
  에폭 1080/2000 | 손실: 0.2817 | 학습: 92.7% | 검증: 84.9% | lr: 1.25e-03 | 0.3s
  에폭 1081/2000 | 손실: 0.2805 | 학습: 92.6% | 검증: 84.8% | lr: 1.25e-03 | 0.3s
  에폭 1082/2000 | 손실: 0.2839 | 학습: 92.5% | 검증: 84.5% | lr: 1.25e-03 | 0.3s
  에폭 1083/2000 | 손실: 0.2861 | 학습: 92.4% | 검증: 84.8% | lr: 1.25e-03 | 0.3s
  에폭 1084/2000 | 손실: 0.2836 | 학습: 92.7% | 검증: 84.8% | lr: 1.25e-03 | 0.3s
  에폭 1085/2000 | 손실: 0.2882 | 학습: 92.7% | 검증: 84.9% | lr: 1.25e-03 | 0.3s
  에폭 1086/2000 | 손실: 0.2821 | 학습: 92.7% | 검증: 84.7% | lr: 1.25e-03 | 0.3s
  에폭 1087/2000 | 손실: 0.2886 | 학습: 92.7% | 검증: 84.8% | lr: 1.25e-03 | 0.3s
  에폭 1088/2000 | 손실: 0.2848 | 학습: 92.6% | 검증: 84.8% | lr: 1.25e-03 | 0.3s
  에폭 1089/2000 | 손실: 0.2810 | 학습: 92.6% | 검증: 84.9% | lr: 1.25e-03 | 0.3s
  에폭 1090/2000 | 손실: 0.2861 | 학습: 92.5% | 검증: 84.8% | lr: 1.25e-03 | 0.3s
  에폭 1091/2000 | 손실: 0.2883 | 학습: 92.5% | 검증: 85.0% | lr: 1.25e-03 | 0.3s
  에폭 1092/2000 | 손실: 0.2772 | 학습: 92.6% | 검증: 85.0% | lr: 1.25e-03 | 0.3s
  에폭 1093/2000 | 손실: 0.2792 | 학습: 92.8% | 검증: 84.8% | lr: 1.25e-03 | 0.3s
  에폭 1094/2000 | 손실: 0.2829 | 학습: 92.7% | 검증: 84.8% | lr: 1.25e-03 | 0.3s
  에폭 1095/2000 | 손실: 0.2841 | 학습: 92.6% | 검증: 84.8% | lr: 1.25e-03 | 0.3s
  에폭 1096/2000 | 손실: 0.2829 | 학습: 92.7% | 검증: 84.8% | lr: 1.25e-03 | 0.3s
  에폭 1097/2000 | 손실: 0.2758 | 학습: 92.5% | 검증: 84.8% | lr: 1.25e-03 | 0.3s
  에폭 1098/2000 | 손실: 0.2876 | 학습: 92.6% | 검증: 84.6% | lr: 1.25e-03 | 0.3s
  에폭 1099/2000 | 손실: 0.2844 | 학습: 92.7% | 검증: 84.7% | lr: 1.25e-03 | 0.3s
  에폭 1100/2000 | 손실: 0.2836 | 학습: 92.6% | 검증: 84.9% | lr: 1.25e-03 | 0.3s
  에폭 1101/2000 | 손실: 0.2879 | 학습: 92.7% | 검증: 85.0% | lr: 1.25e-03 | 0.3s
  에폭 1102/2000 | 손실: 0.2829 | 학습: 92.7% | 검증: 84.9% | lr: 1.25e-03 | 0.3s
  에폭 1103/2000 | 손실: 0.2822 | 학습: 92.6% | 검증: 84.6% | lr: 1.25e-03 | 0.3s
  에폭 1104/2000 | 손실: 0.2842 | 학습: 92.5% | 검증: 84.6% | lr: 1.25e-03 | 0.3s
  에폭 1105/2000 | 손실: 0.2823 | 학습: 92.5% | 검증: 85.1% | lr: 1.25e-03 | 0.3s
  에폭 1106/2000 | 손실: 0.2867 | 학습: 92.5% | 검증: 84.9% | lr: 1.25e-03 | 0.3s
  에폭 1107/2000 | 손실: 0.2848 | 학습: 92.6% | 검증: 84.6% | lr: 1.25e-03 | 0.3s
  에폭 1108/2000 | 손실: 0.2884 | 학습: 92.6% | 검증: 84.6% | lr: 1.25e-03 | 0.3s
  에폭 1109/2000 | 손실: 0.2842 | 학습: 92.7% | 검증: 84.7% | lr: 1.25e-03 | 0.3s
  에폭 1110/2000 | 손실: 0.2829 | 학습: 92.7% | 검증: 84.8% | lr: 1.25e-03 | 0.3s
  에폭 1111/2000 | 손실: 0.2800 | 학습: 92.8% | 검증: 85.2% | lr: 1.25e-03 | 0.3s
  에폭 1112/2000 | 손실: 0.2830 | 학습: 92.5% | 검증: 85.1% | lr: 1.25e-03 | 0.3s
  에폭 1113/2000 | 손실: 0.2847 | 학습: 92.7% | 검증: 84.9% | lr: 1.25e-03 | 0.3s
  에폭 1114/2000 | 손실: 0.2871 | 학습: 92.7% | 검증: 85.1% | lr: 1.25e-03 | 0.3s
  에폭 1115/2000 | 손실: 0.2783 | 학습: 92.7% | 검증: 84.9% | lr: 1.25e-03 | 0.3s
  에폭 1116/2000 | 손실: 0.2847 | 학습: 92.6% | 검증: 84.9% | lr: 1.25e-03 | 0.3s
  에폭 1117/2000 | 손실: 0.2774 | 학습: 92.6% | 검증: 85.0% | lr: 1.25e-03 | 0.3s
  에폭 1118/2000 | 손실: 0.2870 | 학습: 92.5% | 검증: 85.1% | lr: 1.25e-03 | 0.3s
  에폭 1119/2000 | 손실: 0.2851 | 학습: 92.5% | 검증: 85.0% | lr: 1.25e-03 | 0.3s
  에폭 1120/2000 | 손실: 0.2819 | 학습: 92.7% | 검증: 84.8% | lr: 1.25e-03 | 0.3s
  에폭 1121/2000 | 손실: 0.2902 | 학습: 92.6% | 검증: 84.9% | lr: 1.25e-03 | 0.3s
  에폭 1122/2000 | 손실: 0.2853 | 학습: 92.5% | 검증: 84.8% | lr: 1.25e-03 | 0.3s
  에폭 1123/2000 | 손실: 0.2835 | 학습: 92.6% | 검증: 84.9% | lr: 1.25e-03 | 0.3s
  에폭 1124/2000 | 손실: 0.2830 | 학습: 92.7% | 검증: 84.8% | lr: 1.25e-03 | 0.3s
  에폭 1125/2000 | 손실: 0.2808 | 학습: 92.6% | 검증: 84.7% | lr: 1.25e-03 | 0.3s
  에폭 1126/2000 | 손실: 0.2846 | 학습: 92.6% | 검증: 84.9% | lr: 1.25e-03 | 0.3s
  에폭 1127/2000 | 손실: 0.2799 | 학습: 92.6% | 검증: 84.4% | lr: 1.25e-03 | 0.3s
  에폭 1128/2000 | 손실: 0.2875 | 학습: 92.6% | 검증: 84.7% | lr: 1.25e-03 | 0.3s
  에폭 1129/2000 | 손실: 0.2839 | 학습: 92.7% | 검증: 84.7% | lr: 1.25e-03 | 0.3s
  에폭 1130/2000 | 손실: 0.2818 | 학습: 92.7% | 검증: 84.7% | lr: 1.25e-03 | 0.3s
  에폭 1131/2000 | 손실: 0.2788 | 학습: 92.7% | 검증: 85.0% | lr: 1.25e-03 | 0.3s
  에폭 1132/2000 | 손실: 0.2877 | 학습: 92.6% | 검증: 85.2% | lr: 1.25e-03 | 0.3s
  에폭 1133/2000 | 손실: 0.2876 | 학습: 92.7% | 검증: 84.8% | lr: 1.25e-03 | 0.3s
  에폭 1134/2000 | 손실: 0.2818 | 학습: 92.8% | 검증: 84.8% | lr: 1.25e-03 | 0.3s
  에폭 1135/2000 | 손실: 0.2823 | 학습: 92.7% | 검증: 85.0% | lr: 1.25e-03 | 0.3s
  에폭 1136/2000 | 손실: 0.2848 | 학습: 92.8% | 검증: 84.6% | lr: 1.25e-03 | 0.3s
  에폭 1137/2000 | 손실: 0.2830 | 학습: 92.7% | 검증: 84.6% | lr: 1.25e-03 | 0.3s
  에폭 1138/2000 | 손실: 0.2844 | 학습: 92.5% | 검증: 84.9% | lr: 1.25e-03 | 0.3s
  에폭 1139/2000 | 손실: 0.2848 | 학습: 92.6% | 검증: 84.7% | lr: 1.25e-03 | 0.3s
  에폭 1140/2000 | 손실: 0.2875 | 학습: 92.4% | 검증: 84.5% | lr: 1.25e-03 | 0.3s
  에폭 1141/2000 | 손실: 0.2841 | 학습: 92.7% | 검증: 84.8% | lr: 1.25e-03 | 0.3s
  에폭 1142/2000 | 손실: 0.2801 | 학습: 92.6% | 검증: 84.3% | lr: 1.25e-03 | 0.3s
  에폭 1143/2000 | 손실: 0.2808 | 학습: 92.6% | 검증: 84.8% | lr: 1.25e-03 | 0.3s
  에폭 1144/2000 | 손실: 0.2830 | 학습: 92.6% | 검증: 84.8% | lr: 1.25e-03 | 0.3s
  에폭 1145/2000 | 손실: 0.2792 | 학습: 92.6% | 검증: 84.8% | lr: 1.25e-03 | 0.3s
  에폭 1146/2000 | 손실: 0.2817 | 학습: 92.5% | 검증: 84.4% | lr: 1.25e-03 | 0.3s
  에폭 1147/2000 | 손실: 0.2825 | 학습: 92.7% | 검증: 84.8% | lr: 1.25e-03 | 0.3s
  에폭 1148/2000 | 손실: 0.2856 | 학습: 92.7% | 검증: 84.5% | lr: 6.25e-04 | 0.3s
  에폭 1149/2000 | 손실: 0.2834 | 학습: 92.6% | 검증: 84.8% | lr: 6.25e-04 | 0.3s
  에폭 1150/2000 | 손실: 0.2786 | 학습: 92.7% | 검증: 84.7% | lr: 6.25e-04 | 0.3s
  에폭 1151/2000 | 손실: 0.2877 | 학습: 92.6% | 검증: 84.7% | lr: 6.25e-04 | 0.3s
  에폭 1152/2000 | 손실: 0.2828 | 학습: 92.6% | 검증: 84.8% | lr: 6.25e-04 | 0.3s
  에폭 1153/2000 | 손실: 0.2815 | 학습: 92.6% | 검증: 84.8% | lr: 6.25e-04 | 0.3s
  에폭 1154/2000 | 손실: 0.2807 | 학습: 92.8% | 검증: 84.6% | lr: 6.25e-04 | 0.3s
  에폭 1155/2000 | 손실: 0.2805 | 학습: 92.6% | 검증: 84.5% | lr: 6.25e-04 | 0.3s
  에폭 1156/2000 | 손실: 0.2771 | 학습: 92.5% | 검증: 84.8% | lr: 6.25e-04 | 0.3s
  에폭 1157/2000 | 손실: 0.2854 | 학습: 92.6% | 검증: 84.8% | lr: 6.25e-04 | 0.3s
  에폭 1158/2000 | 손실: 0.2811 | 학습: 92.6% | 검증: 84.9% | lr: 6.25e-04 | 0.3s
  에폭 1159/2000 | 손실: 0.2818 | 학습: 92.8% | 검증: 84.7% | lr: 6.25e-04 | 0.3s
  에폭 1160/2000 | 손실: 0.2769 | 학습: 92.7% | 검증: 84.7% | lr: 6.25e-04 | 0.3s
  에폭 1161/2000 | 손실: 0.2790 | 학습: 92.6% | 검증: 84.7% | lr: 6.25e-04 | 0.3s
  에폭 1162/2000 | 손실: 0.2773 | 학습: 92.6% | 검증: 84.4% | lr: 6.25e-04 | 0.3s
  에폭 1163/2000 | 손실: 0.2727 | 학습: 92.6% | 검증: 84.6% | lr: 6.25e-04 | 0.3s
  에폭 1164/2000 | 손실: 0.2811 | 학습: 92.8% | 검증: 84.8% | lr: 6.25e-04 | 0.3s
  에폭 1165/2000 | 손실: 0.2825 | 학습: 92.8% | 검증: 84.8% | lr: 6.25e-04 | 0.3s
  에폭 1166/2000 | 손실: 0.2800 | 학습: 92.6% | 검증: 84.6% | lr: 6.25e-04 | 0.3s
  에폭 1167/2000 | 손실: 0.2806 | 학습: 92.7% | 검증: 84.8% | lr: 6.25e-04 | 0.3s
  에폭 1168/2000 | 손실: 0.2843 | 학습: 92.8% | 검증: 84.8% | lr: 6.25e-04 | 0.3s
  에폭 1169/2000 | 손실: 0.2782 | 학습: 92.8% | 검증: 84.6% | lr: 6.25e-04 | 0.3s
  에폭 1170/2000 | 손실: 0.2815 | 학습: 92.9% | 검증: 84.6% | lr: 6.25e-04 | 0.3s
  에폭 1171/2000 | 손실: 0.2768 | 학습: 92.7% | 검증: 84.5% | lr: 6.25e-04 | 0.3s
  에폭 1172/2000 | 손실: 0.2810 | 학습: 92.6% | 검증: 84.5% | lr: 6.25e-04 | 0.3s
  에폭 1173/2000 | 손실: 0.2816 | 학습: 92.9% | 검증: 84.8% | lr: 6.25e-04 | 0.3s
  에폭 1174/2000 | 손실: 0.2828 | 학습: 92.8% | 검증: 84.6% | lr: 6.25e-04 | 0.3s
  에폭 1175/2000 | 손실: 0.2826 | 학습: 92.7% | 검증: 84.5% | lr: 6.25e-04 | 0.3s
  에폭 1176/2000 | 손실: 0.2822 | 학습: 92.8% | 검증: 84.4% | lr: 6.25e-04 | 0.3s
  에폭 1177/2000 | 손실: 0.2884 | 학습: 92.9% | 검증: 84.6% | lr: 6.25e-04 | 0.3s
  에폭 1178/2000 | 손실: 0.2808 | 학습: 92.8% | 검증: 84.5% | lr: 6.25e-04 | 0.3s
  에폭 1179/2000 | 손실: 0.2803 | 학습: 92.7% | 검증: 84.7% | lr: 6.25e-04 | 0.3s
  에폭 1180/2000 | 손실: 0.2792 | 학습: 92.7% | 검증: 84.6% | lr: 6.25e-04 | 0.3s
  에폭 1181/2000 | 손실: 0.2786 | 학습: 92.8% | 검증: 84.5% | lr: 6.25e-04 | 0.2s
  에폭 1182/2000 | 손실: 0.2811 | 학습: 92.8% | 검증: 84.6% | lr: 6.25e-04 | 0.2s
  에폭 1183/2000 | 손실: 0.2765 | 학습: 92.8% | 검증: 84.9% | lr: 6.25e-04 | 0.2s
  에폭 1184/2000 | 손실: 0.2801 | 학습: 92.8% | 검증: 84.7% | lr: 6.25e-04 | 0.3s
  에폭 1185/2000 | 손실: 0.2831 | 학습: 92.7% | 검증: 84.9% | lr: 6.25e-04 | 0.2s
  에폭 1186/2000 | 손실: 0.2780 | 학습: 92.8% | 검증: 84.7% | lr: 6.25e-04 | 0.2s
  에폭 1187/2000 | 손실: 0.2807 | 학습: 92.8% | 검증: 84.8% | lr: 6.25e-04 | 0.2s
  에폭 1188/2000 | 손실: 0.2797 | 학습: 92.7% | 검증: 84.6% | lr: 6.25e-04 | 0.2s
  에폭 1189/2000 | 손실: 0.2826 | 학습: 92.8% | 검증: 84.9% | lr: 6.25e-04 | 0.3s
  에폭 1190/2000 | 손실: 0.2747 | 학습: 92.7% | 검증: 84.6% | lr: 6.25e-04 | 0.2s
  에폭 1191/2000 | 손실: 0.2785 | 학습: 92.8% | 검증: 85.0% | lr: 6.25e-04 | 0.3s
  에폭 1192/2000 | 손실: 0.2791 | 학습: 92.7% | 검증: 84.8% | lr: 6.25e-04 | 0.2s
  에폭 1193/2000 | 손실: 0.2805 | 학습: 92.8% | 검증: 84.7% | lr: 6.25e-04 | 0.2s
  에폭 1194/2000 | 손실: 0.2783 | 학습: 92.9% | 검증: 84.7% | lr: 6.25e-04 | 0.3s
  에폭 1195/2000 | 손실: 0.2790 | 학습: 92.7% | 검증: 84.8% | lr: 6.25e-04 | 0.2s
  에폭 1196/2000 | 손실: 0.2755 | 학습: 92.8% | 검증: 85.0% | lr: 6.25e-04 | 0.2s
  에폭 1197/2000 | 손실: 0.2824 | 학습: 92.7% | 검증: 84.9% | lr: 6.25e-04 | 0.2s
  에폭 1198/2000 | 손실: 0.2792 | 학습: 92.6% | 검증: 84.6% | lr: 6.25e-04 | 0.2s
  에폭 1199/2000 | 손실: 0.2845 | 학습: 92.8% | 검증: 84.8% | lr: 6.25e-04 | 0.2s
  에폭 1200/2000 | 손실: 0.2757 | 학습: 92.8% | 검증: 84.8% | lr: 6.25e-04 | 0.3s
  에폭 1201/2000 | 손실: 0.2820 | 학습: 92.7% | 검증: 84.7% | lr: 6.25e-04 | 0.2s
  에폭 1202/2000 | 손실: 0.2865 | 학습: 92.7% | 검증: 85.1% | lr: 6.25e-04 | 0.3s
  에폭 1203/2000 | 손실: 0.2788 | 학습: 92.9% | 검증: 84.9% | lr: 6.25e-04 | 0.2s
  에폭 1204/2000 | 손실: 0.2786 | 학습: 92.8% | 검증: 84.7% | lr: 6.25e-04 | 0.3s
  에폭 1205/2000 | 손실: 0.2799 | 학습: 92.8% | 검증: 84.9% | lr: 6.25e-04 | 0.3s
  에폭 1206/2000 | 손실: 0.2772 | 학습: 92.8% | 검증: 84.9% | lr: 6.25e-04 | 0.2s
  에폭 1207/2000 | 손실: 0.2818 | 학습: 92.7% | 검증: 84.6% | lr: 6.25e-04 | 0.3s
  에폭 1208/2000 | 손실: 0.2804 | 학습: 92.6% | 검증: 84.8% | lr: 6.25e-04 | 0.2s
  에폭 1209/2000 | 손실: 0.2791 | 학습: 92.8% | 검증: 84.7% | lr: 6.25e-04 | 0.2s
  에폭 1210/2000 | 손실: 0.2787 | 학습: 92.8% | 검증: 84.9% | lr: 6.25e-04 | 0.3s
  에폭 1211/2000 | 손실: 0.2769 | 학습: 92.8% | 검증: 84.9% | lr: 6.25e-04 | 0.2s
  에폭 1212/2000 | 손실: 0.2842 | 학습: 92.8% | 검증: 84.7% | lr: 6.25e-04 | 0.3s
  에폭 1213/2000 | 손실: 0.2777 | 학습: 92.7% | 검증: 84.6% | lr: 6.25e-04 | 0.2s
  에폭 1214/2000 | 손실: 0.2799 | 학습: 92.9% | 검증: 85.2% | lr: 3.13e-04 | 0.2s
  에폭 1215/2000 | 손실: 0.2765 | 학습: 92.8% | 검증: 85.0% | lr: 3.13e-04 | 0.2s
  에폭 1216/2000 | 손실: 0.2737 | 학습: 92.9% | 검증: 84.9% | lr: 3.13e-04 | 0.3s
  에폭 1217/2000 | 손실: 0.2798 | 학습: 92.8% | 검증: 84.7% | lr: 3.13e-04 | 0.2s
  에폭 1218/2000 | 손실: 0.2793 | 학습: 92.8% | 검증: 84.8% | lr: 3.13e-04 | 0.2s
  에폭 1219/2000 | 손실: 0.2751 | 학습: 92.8% | 검증: 84.7% | lr: 3.13e-04 | 0.2s
  에폭 1220/2000 | 손실: 0.2794 | 학습: 92.9% | 검증: 85.0% | lr: 3.13e-04 | 0.3s
  에폭 1221/2000 | 손실: 0.2763 | 학습: 92.9% | 검증: 84.9% | lr: 3.13e-04 | 0.3s
  에폭 1222/2000 | 손실: 0.2732 | 학습: 92.9% | 검증: 84.8% | lr: 3.13e-04 | 0.3s
  에폭 1223/2000 | 손실: 0.2767 | 학습: 92.5% | 검증: 84.8% | lr: 3.13e-04 | 0.3s
  에폭 1224/2000 | 손실: 0.2727 | 학습: 92.8% | 검증: 84.8% | lr: 3.13e-04 | 0.2s
  에폭 1225/2000 | 손실: 0.2819 | 학습: 92.8% | 검증: 84.6% | lr: 3.13e-04 | 0.2s
  에폭 1226/2000 | 손실: 0.2789 | 학습: 92.7% | 검증: 84.8% | lr: 3.13e-04 | 0.3s
  에폭 1227/2000 | 손실: 0.2795 | 학습: 92.9% | 검증: 84.8% | lr: 3.13e-04 | 0.3s
  에폭 1228/2000 | 손실: 0.2776 | 학습: 92.9% | 검증: 84.9% | lr: 3.13e-04 | 0.2s
  에폭 1229/2000 | 손실: 0.2794 | 학습: 92.8% | 검증: 84.8% | lr: 3.13e-04 | 0.2s
  에폭 1230/2000 | 손실: 0.2773 | 학습: 92.7% | 검증: 85.0% | lr: 3.13e-04 | 0.2s
  에폭 1231/2000 | 손실: 0.2810 | 학습: 92.7% | 검증: 84.9% | lr: 3.13e-04 | 0.2s
  에폭 1232/2000 | 손실: 0.2747 | 학습: 92.7% | 검증: 84.7% | lr: 3.13e-04 | 0.3s
  에폭 1233/2000 | 손실: 0.2765 | 학습: 92.7% | 검증: 84.8% | lr: 3.13e-04 | 0.2s
  에폭 1234/2000 | 손실: 0.2819 | 학습: 92.7% | 검증: 84.9% | lr: 3.13e-04 | 0.2s
  에폭 1235/2000 | 손실: 0.2764 | 학습: 92.8% | 검증: 84.7% | lr: 3.13e-04 | 0.2s
  에폭 1236/2000 | 손실: 0.2835 | 학습: 92.7% | 검증: 85.0% | lr: 3.13e-04 | 0.2s
  에폭 1237/2000 | 손실: 0.2809 | 학습: 92.8% | 검증: 85.1% | lr: 3.13e-04 | 0.3s
  에폭 1238/2000 | 손실: 0.2703 | 학습: 92.8% | 검증: 84.6% | lr: 3.13e-04 | 0.2s
  에폭 1239/2000 | 손실: 0.2734 | 학습: 92.8% | 검증: 85.0% | lr: 3.13e-04 | 0.2s
  에폭 1240/2000 | 손실: 0.2792 | 학습: 92.8% | 검증: 84.8% | lr: 3.13e-04 | 0.2s
  에폭 1241/2000 | 손실: 0.2802 | 학습: 92.9% | 검증: 85.1% | lr: 3.13e-04 | 0.2s
  에폭 1242/2000 | 손실: 0.2800 | 학습: 92.8% | 검증: 85.0% | lr: 3.13e-04 | 0.2s
  에폭 1243/2000 | 손실: 0.2780 | 학습: 92.8% | 검증: 84.7% | lr: 3.13e-04 | 0.3s
  에폭 1244/2000 | 손실: 0.2769 | 학습: 92.8% | 검증: 84.8% | lr: 3.13e-04 | 0.2s
  에폭 1245/2000 | 손실: 0.2705 | 학습: 92.9% | 검증: 84.8% | lr: 3.13e-04 | 0.2s
  에폭 1246/2000 | 손실: 0.2784 | 학습: 92.9% | 검증: 85.0% | lr: 3.13e-04 | 0.2s
  에폭 1247/2000 | 손실: 0.2760 | 학습: 92.9% | 검증: 84.6% | lr: 3.13e-04 | 0.2s
  에폭 1248/2000 | 손실: 0.2834 | 학습: 92.7% | 검증: 84.8% | lr: 3.13e-04 | 0.3s
  에폭 1249/2000 | 손실: 0.2821 | 학습: 92.7% | 검증: 84.8% | lr: 3.13e-04 | 0.2s
  에폭 1250/2000 | 손실: 0.2794 | 학습: 92.8% | 검증: 84.6% | lr: 3.13e-04 | 0.2s
  에폭 1251/2000 | 손실: 0.2778 | 학습: 92.8% | 검증: 84.6% | lr: 3.13e-04 | 0.2s
  에폭 1252/2000 | 손실: 0.2843 | 학습: 92.9% | 검증: 85.0% | lr: 3.13e-04 | 0.2s
  에폭 1253/2000 | 손실: 0.2782 | 학습: 92.8% | 검증: 84.9% | lr: 3.13e-04 | 0.3s
  에폭 1254/2000 | 손실: 0.2773 | 학습: 92.8% | 검증: 85.0% | lr: 3.13e-04 | 0.2s
  에폭 1255/2000 | 손실: 0.2798 | 학습: 92.7% | 검증: 84.6% | lr: 3.13e-04 | 0.2s
  에폭 1256/2000 | 손실: 0.2750 | 학습: 92.8% | 검증: 84.9% | lr: 3.13e-04 | 0.2s
  에폭 1257/2000 | 손실: 0.2837 | 학습: 92.8% | 검증: 84.6% | lr: 3.13e-04 | 0.2s
  에폭 1258/2000 | 손실: 0.2776 | 학습: 92.7% | 검증: 84.9% | lr: 3.13e-04 | 0.2s
  에폭 1259/2000 | 손실: 0.2790 | 학습: 92.8% | 검증: 84.7% | lr: 3.13e-04 | 0.3s
  에폭 1260/2000 | 손실: 0.2797 | 학습: 92.8% | 검증: 85.1% | lr: 3.13e-04 | 0.2s
  에폭 1261/2000 | 손실: 0.2801 | 학습: 92.8% | 검증: 84.8% | lr: 3.13e-04 | 0.2s
  에폭 1262/2000 | 손실: 0.2760 | 학습: 92.9% | 검증: 84.9% | lr: 3.13e-04 | 0.3s
  에폭 1263/2000 | 손실: 0.2803 | 학습: 92.8% | 검증: 84.8% | lr: 3.13e-04 | 0.2s
  에폭 1264/2000 | 손실: 0.2812 | 학습: 92.9% | 검증: 84.8% | lr: 3.13e-04 | 0.3s
  에폭 1265/2000 | 손실: 0.2800 | 학습: 92.8% | 검증: 84.7% | lr: 3.13e-04 | 0.2s
  에폭 1266/2000 | 손실: 0.2831 | 학습: 92.7% | 검증: 85.0% | lr: 3.13e-04 | 0.3s
  에폭 1267/2000 | 손실: 0.2760 | 학습: 92.8% | 검증: 84.9% | lr: 3.13e-04 | 0.2s
  에폭 1268/2000 | 손실: 0.2734 | 학습: 92.8% | 검증: 84.8% | lr: 3.13e-04 | 0.2s
  에폭 1269/2000 | 손실: 0.2744 | 학습: 92.9% | 검증: 84.9% | lr: 3.13e-04 | 0.2s
  에폭 1270/2000 | 손실: 0.2765 | 학습: 92.8% | 검증: 84.7% | lr: 3.13e-04 | 0.3s
  에폭 1271/2000 | 손실: 0.2744 | 학습: 92.8% | 검증: 84.8% | lr: 3.13e-04 | 0.2s
  에폭 1272/2000 | 손실: 0.2805 | 학습: 92.8% | 검증: 84.8% | lr: 3.13e-04 | 0.2s
  에폭 1273/2000 | 손실: 0.2862 | 학습: 92.8% | 검증: 84.8% | lr: 3.13e-04 | 0.2s
  에폭 1274/2000 | 손실: 0.2758 | 학습: 92.8% | 검증: 84.8% | lr: 3.13e-04 | 0.2s
  에폭 1275/2000 | 손실: 0.2849 | 학습: 92.7% | 검증: 85.0% | lr: 3.13e-04 | 0.3s
  에폭 1276/2000 | 손실: 0.2856 | 학습: 92.8% | 검증: 84.5% | lr: 3.13e-04 | 0.3s
  에폭 1277/2000 | 손실: 0.2786 | 학습: 92.9% | 검증: 84.8% | lr: 3.13e-04 | 0.3s
  에폭 1278/2000 | 손실: 0.2802 | 학습: 92.7% | 검증: 84.8% | lr: 3.13e-04 | 0.2s
  에폭 1279/2000 | 손실: 0.2807 | 학습: 92.8% | 검증: 84.8% | lr: 3.13e-04 | 0.3s
  에폭 1280/2000 | 손실: 0.2755 | 학습: 92.7% | 검증: 84.7% | lr: 3.13e-04 | 0.3s
  에폭 1281/2000 | 손실: 0.2746 | 학습: 92.8% | 검증: 84.5% | lr: 3.13e-04 | 0.3s
  에폭 1282/2000 | 손실: 0.2826 | 학습: 92.8% | 검증: 84.7% | lr: 3.13e-04 | 0.3s
  에폭 1283/2000 | 손실: 0.2813 | 학습: 92.8% | 검증: 84.8% | lr: 3.13e-04 | 0.2s
  에폭 1284/2000 | 손실: 0.2797 | 학습: 92.8% | 검증: 85.0% | lr: 3.13e-04 | 0.3s
  에폭 1285/2000 | 손실: 0.2802 | 학습: 92.9% | 검증: 84.8% | lr: 3.13e-04 | 0.3s
  에폭 1286/2000 | 손실: 0.2832 | 학습: 92.8% | 검증: 84.7% | lr: 3.13e-04 | 0.3s
  에폭 1287/2000 | 손실: 0.2776 | 학습: 92.8% | 검증: 84.7% | lr: 3.13e-04 | 0.3s
  에폭 1288/2000 | 손실: 0.2869 | 학습: 92.8% | 검증: 84.7% | lr: 3.13e-04 | 0.3s
  에폭 1289/2000 | 손실: 0.2722 | 학습: 92.9% | 검증: 84.8% | lr: 1.56e-04 | 0.3s
  에폭 1290/2000 | 손실: 0.2765 | 학습: 92.9% | 검증: 84.8% | lr: 1.56e-04 | 0.3s
  에폭 1291/2000 | 손실: 0.2856 | 학습: 92.8% | 검증: 84.8% | lr: 1.56e-04 | 0.3s
  에폭 1292/2000 | 손실: 0.2777 | 학습: 92.9% | 검증: 84.8% | lr: 1.56e-04 | 0.3s
  에폭 1293/2000 | 손실: 0.2797 | 학습: 92.7% | 검증: 84.8% | lr: 1.56e-04 | 0.2s
  에폭 1294/2000 | 손실: 0.2772 | 학습: 92.8% | 검증: 85.1% | lr: 1.56e-04 | 0.2s
  에폭 1295/2000 | 손실: 0.2804 | 학습: 92.9% | 검증: 84.9% | lr: 1.56e-04 | 0.2s
  에폭 1296/2000 | 손실: 0.2737 | 학습: 92.8% | 검증: 84.6% | lr: 1.56e-04 | 0.3s
  에폭 1297/2000 | 손실: 0.2846 | 학습: 92.8% | 검증: 84.8% | lr: 1.56e-04 | 0.3s
  에폭 1298/2000 | 손실: 0.2793 | 학습: 92.8% | 검증: 85.1% | lr: 1.56e-04 | 0.2s
  에폭 1299/2000 | 손실: 0.2801 | 학습: 92.8% | 검증: 85.0% | lr: 1.56e-04 | 0.3s
  에폭 1300/2000 | 손실: 0.2853 | 학습: 93.0% | 검증: 84.8% | lr: 1.56e-04 | 0.3s
  에폭 1301/2000 | 손실: 0.2836 | 학습: 92.8% | 검증: 84.7% | lr: 1.56e-04 | 0.2s
  에폭 1302/2000 | 손실: 0.2813 | 학습: 92.7% | 검증: 85.0% | lr: 1.56e-04 | 0.3s
  에폭 1303/2000 | 손실: 0.2833 | 학습: 92.9% | 검증: 84.8% | lr: 1.56e-04 | 0.2s
  에폭 1304/2000 | 손실: 0.2834 | 학습: 92.9% | 검증: 84.8% | lr: 1.56e-04 | 0.3s
  에폭 1305/2000 | 손실: 0.2762 | 학습: 92.9% | 검증: 84.7% | lr: 1.56e-04 | 0.2s
  에폭 1306/2000 | 손실: 0.2694 | 학습: 92.9% | 검증: 84.6% | lr: 1.56e-04 | 0.2s
  에폭 1307/2000 | 손실: 0.2791 | 학습: 92.9% | 검증: 84.7% | lr: 1.56e-04 | 0.3s
  에폭 1308/2000 | 손실: 0.2769 | 학습: 92.8% | 검증: 84.8% | lr: 1.56e-04 | 0.2s
  에폭 1309/2000 | 손실: 0.2838 | 학습: 92.9% | 검증: 84.6% | lr: 1.56e-04 | 0.3s
  에폭 1310/2000 | 손실: 0.2798 | 학습: 92.8% | 검증: 84.8% | lr: 1.56e-04 | 0.2s
  에폭 1311/2000 | 손실: 0.2796 | 학습: 92.8% | 검증: 84.9% | lr: 1.56e-04 | 0.2s
  에폭 1312/2000 | 손실: 0.2823 | 학습: 92.8% | 검증: 85.0% | lr: 1.56e-04 | 0.2s
  에폭 1313/2000 | 손실: 0.2763 | 학습: 92.8% | 검증: 84.9% | lr: 1.56e-04 | 0.3s
  에폭 1314/2000 | 손실: 0.2783 | 학습: 92.7% | 검증: 85.1% | lr: 1.56e-04 | 0.2s
  에폭 1315/2000 | 손실: 0.2740 | 학습: 92.7% | 검증: 84.7% | lr: 1.56e-04 | 0.2s
  에폭 1316/2000 | 손실: 0.2772 | 학습: 92.8% | 검증: 84.8% | lr: 1.56e-04 | 0.2s
  에폭 1317/2000 | 손실: 0.2812 | 학습: 92.9% | 검증: 84.6% | lr: 1.56e-04 | 0.3s
  에폭 1318/2000 | 손실: 0.2739 | 학습: 92.6% | 검증: 84.7% | lr: 1.56e-04 | 0.3s
  에폭 1319/2000 | 손실: 0.2823 | 학습: 92.6% | 검증: 85.0% | lr: 1.56e-04 | 0.2s
  에폭 1320/2000 | 손실: 0.2776 | 학습: 92.9% | 검증: 84.9% | lr: 1.56e-04 | 0.2s
  에폭 1321/2000 | 손실: 0.2819 | 학습: 92.9% | 검증: 84.6% | lr: 1.56e-04 | 0.2s
  에폭 1322/2000 | 손실: 0.2793 | 학습: 92.6% | 검증: 84.8% | lr: 1.56e-04 | 0.2s
  에폭 1323/2000 | 손실: 0.2808 | 학습: 92.9% | 검증: 84.7% | lr: 1.56e-04 | 0.3s
  에폭 1324/2000 | 손실: 0.2768 | 학습: 92.8% | 검증: 84.7% | lr: 1.56e-04 | 0.2s
  에폭 1325/2000 | 손실: 0.2793 | 학습: 92.8% | 검증: 84.8% | lr: 1.56e-04 | 0.2s
  에폭 1326/2000 | 손실: 0.2772 | 학습: 92.7% | 검증: 84.8% | lr: 1.56e-04 | 0.2s
  에폭 1327/2000 | 손실: 0.2850 | 학습: 92.8% | 검증: 84.9% | lr: 1.56e-04 | 0.2s
  에폭 1328/2000 | 손실: 0.2755 | 학습: 92.8% | 검증: 84.8% | lr: 1.56e-04 | 0.2s
  에폭 1329/2000 | 손실: 0.2815 | 학습: 92.9% | 검증: 84.9% | lr: 1.56e-04 | 0.3s
  에폭 1330/2000 | 손실: 0.2728 | 학습: 92.8% | 검증: 84.7% | lr: 1.56e-04 | 0.2s
  에폭 1331/2000 | 손실: 0.2836 | 학습: 92.9% | 검증: 84.9% | lr: 1.56e-04 | 0.2s
  에폭 1332/2000 | 손실: 0.2764 | 학습: 92.8% | 검증: 84.6% | lr: 1.56e-04 | 0.2s
  에폭 1333/2000 | 손실: 0.2809 | 학습: 92.8% | 검증: 84.6% | lr: 1.56e-04 | 0.2s
  에폭 1334/2000 | 손실: 0.2747 | 학습: 92.9% | 검증: 84.9% | lr: 1.56e-04 | 0.3s
  에폭 1335/2000 | 손실: 0.2774 | 학습: 92.7% | 검증: 84.6% | lr: 1.56e-04 | 0.2s
  에폭 1336/2000 | 손실: 0.2793 | 학습: 92.9% | 검증: 84.9% | lr: 1.56e-04 | 0.2s
  에폭 1337/2000 | 손실: 0.2792 | 학습: 92.8% | 검증: 84.8% | lr: 1.56e-04 | 0.2s
  에폭 1338/2000 | 손실: 0.2834 | 학습: 92.7% | 검증: 84.6% | lr: 1.56e-04 | 0.3s
  에폭 1339/2000 | 손실: 0.2798 | 학습: 92.8% | 검증: 84.9% | lr: 1.56e-04 | 0.9s
  에폭 1340/2000 | 손실: 0.2752 | 학습: 92.9% | 검증: 85.1% | lr: 1.56e-04 | 1.9s
  에폭 1341/2000 | 손실: 0.2805 | 학습: 92.8% | 검증: 84.7% | lr: 1.56e-04 | 1.3s
  에폭 1342/2000 | 손실: 0.2792 | 학습: 92.7% | 검증: 84.8% | lr: 1.56e-04 | 1.3s
  에폭 1343/2000 | 손실: 0.2768 | 학습: 92.9% | 검증: 84.8% | lr: 1.56e-04 | 1.2s
  에폭 1344/2000 | 손실: 0.2744 | 학습: 92.9% | 검증: 84.8% | lr: 1.56e-04 | 1.2s
  에폭 1345/2000 | 손실: 0.2804 | 학습: 92.7% | 검증: 84.6% | lr: 1.56e-04 | 1.7s
  에폭 1346/2000 | 손실: 0.2791 | 학습: 92.9% | 검증: 84.7% | lr: 1.56e-04 | 1.4s
  에폭 1347/2000 | 손실: 0.2813 | 학습: 92.8% | 검증: 84.9% | lr: 1.56e-04 | 1.4s
  에폭 1348/2000 | 손실: 0.2782 | 학습: 92.8% | 검증: 84.5% | lr: 1.56e-04 | 1.3s
  에폭 1349/2000 | 손실: 0.2823 | 학습: 92.8% | 검증: 84.8% | lr: 1.56e-04 | 1.3s
  에폭 1350/2000 | 손실: 0.2845 | 학습: 92.9% | 검증: 84.8% | lr: 1.56e-04 | 1.7s
  에폭 1351/2000 | 손실: 0.2734 | 학습: 92.8% | 검증: 84.8% | lr: 1.56e-04 | 1.2s
  에폭 1352/2000 | 손실: 0.2738 | 학습: 92.8% | 검증: 85.1% | lr: 1.56e-04 | 1.2s
  에폭 1353/2000 | 손실: 0.2793 | 학습: 92.9% | 검증: 84.7% | lr: 1.56e-04 | 1.2s
  에폭 1354/2000 | 손실: 0.2823 | 학습: 92.9% | 검증: 84.8% | lr: 1.56e-04 | 1.4s
  에폭 1355/2000 | 손실: 0.2803 | 학습: 92.8% | 검증: 85.0% | lr: 1.56e-04 | 1.2s
  에폭 1356/2000 | 손실: 0.2835 | 학습: 92.5% | 검증: 84.3% | lr: 1.56e-04 | 1.8s
  에폭 1357/2000 | 손실: 0.2787 | 학습: 92.9% | 검증: 84.9% | lr: 7.81e-05 | 1.3s
  에폭 1358/2000 | 손실: 0.2807 | 학습: 92.8% | 검증: 84.9% | lr: 7.81e-05 | 1.3s
  에폭 1359/2000 | 손실: 0.2726 | 학습: 92.8% | 검증: 84.7% | lr: 7.81e-05 | 1.3s
  에폭 1360/2000 | 손실: 0.2795 | 학습: 92.9% | 검증: 84.7% | lr: 7.81e-05 | 1.1s
  에폭 1361/2000 | 손실: 0.2805 | 학습: 92.8% | 검증: 84.7% | lr: 7.81e-05 | 1.7s
  에폭 1362/2000 | 손실: 0.2803 | 학습: 93.0% | 검증: 84.8% | lr: 7.81e-05 | 1.3s
  에폭 1363/2000 | 손실: 0.2803 | 학습: 92.9% | 검증: 84.8% | lr: 7.81e-05 | 1.2s
  에폭 1364/2000 | 손실: 0.2759 | 학습: 92.7% | 검증: 84.6% | lr: 7.81e-05 | 1.3s
  에폭 1365/2000 | 손실: 0.2840 | 학습: 92.8% | 검증: 85.0% | lr: 7.81e-05 | 1.2s
  에폭 1366/2000 | 손실: 0.2776 | 학습: 92.9% | 검증: 84.7% | lr: 7.81e-05 | 1.7s
  에폭 1367/2000 | 손실: 0.2777 | 학습: 92.9% | 검증: 85.0% | lr: 7.81e-05 | 1.3s
  에폭 1368/2000 | 손실: 0.2763 | 학습: 92.9% | 검증: 84.9% | lr: 7.81e-05 | 1.3s
  에폭 1369/2000 | 손실: 0.2772 | 학습: 92.8% | 검증: 85.0% | lr: 7.81e-05 | 1.4s
  에폭 1370/2000 | 손실: 0.2713 | 학습: 92.9% | 검증: 84.9% | lr: 7.81e-05 | 1.1s
  에폭 1371/2000 | 손실: 0.2795 | 학습: 92.9% | 검증: 84.9% | lr: 7.81e-05 | 1.4s
  에폭 1372/2000 | 손실: 0.2790 | 학습: 92.9% | 검증: 84.9% | lr: 7.81e-05 | 1.7s
  에폭 1373/2000 | 손실: 0.2819 | 학습: 92.9% | 검증: 84.9% | lr: 7.81e-05 | 1.3s
  에폭 1374/2000 | 손실: 0.2765 | 학습: 92.9% | 검증: 84.9% | lr: 7.81e-05 | 1.3s
  에폭 1375/2000 | 손실: 0.2786 | 학습: 92.9% | 검증: 84.9% | lr: 7.81e-05 | 1.0s
  에폭 1376/2000 | 손실: 0.2823 | 학습: 92.9% | 검증: 84.8% | lr: 7.81e-05 | 1.3s
  에폭 1377/2000 | 손실: 0.2844 | 학습: 92.7% | 검증: 84.7% | lr: 7.81e-05 | 1.8s
  에폭 1378/2000 | 손실: 0.2712 | 학습: 92.8% | 검증: 84.9% | lr: 7.81e-05 | 1.3s
  에폭 1379/2000 | 손실: 0.2833 | 학습: 92.8% | 검증: 85.0% | lr: 7.81e-05 | 1.3s
  에폭 1380/2000 | 손실: 0.2749 | 학습: 92.8% | 검증: 84.7% | lr: 7.81e-05 | 1.2s
  에폭 1381/2000 | 손실: 0.2759 | 학습: 92.9% | 검증: 84.9% | lr: 7.81e-05 | 1.3s
  에폭 1382/2000 | 손실: 0.2840 | 학습: 92.9% | 검증: 84.8% | lr: 7.81e-05 | 0.9s
  에폭 1383/2000 | 손실: 0.2799 | 학습: 92.9% | 검증: 84.8% | lr: 7.81e-05 | 1.8s
  에폭 1384/2000 | 손실: 0.2790 | 학습: 92.8% | 검증: 84.7% | lr: 7.81e-05 | 1.3s
  에폭 1385/2000 | 손실: 0.2787 | 학습: 92.9% | 검증: 85.0% | lr: 7.81e-05 | 1.3s
  에폭 1386/2000 | 손실: 0.2804 | 학습: 92.9% | 검증: 84.8% | lr: 7.81e-05 | 1.4s
  에폭 1387/2000 | 손실: 0.2771 | 학습: 92.8% | 검증: 84.9% | lr: 7.81e-05 | 1.3s
  에폭 1388/2000 | 손실: 0.2762 | 학습: 92.9% | 검증: 85.0% | lr: 7.81e-05 | 2.1s
  에폭 1389/2000 | 손실: 0.2828 | 학습: 92.9% | 검증: 84.9% | lr: 7.81e-05 | 1.3s
  에폭 1390/2000 | 손실: 0.2764 | 학습: 92.9% | 검증: 85.0% | lr: 7.81e-05 | 1.0s
  에폭 1391/2000 | 손실: 0.2771 | 학습: 92.8% | 검증: 84.7% | lr: 7.81e-05 | 1.2s
  에폭 1392/2000 | 손실: 0.2772 | 학습: 92.6% | 검증: 84.9% | lr: 7.81e-05 | 1.2s
  에폭 1393/2000 | 손실: 0.2766 | 학습: 92.9% | 검증: 84.9% | lr: 7.81e-05 | 2.3s
  에폭 1394/2000 | 손실: 0.2772 | 학습: 92.9% | 검증: 84.7% | lr: 7.81e-05 | 0.3s
  에폭 1395/2000 | 손실: 0.2791 | 학습: 92.8% | 검증: 84.9% | lr: 7.81e-05 | 0.3s
  에폭 1396/2000 | 손실: 0.2739 | 학습: 92.8% | 검증: 84.7% | lr: 7.81e-05 | 0.3s
  에폭 1397/2000 | 손실: 0.2749 | 학습: 92.9% | 검증: 84.7% | lr: 7.81e-05 | 0.3s
  에폭 1398/2000 | 손실: 0.2718 | 학습: 92.9% | 검증: 84.9% | lr: 7.81e-05 | 0.3s
  에폭 1399/2000 | 손실: 0.2754 | 학습: 92.9% | 검증: 85.0% | lr: 7.81e-05 | 0.3s
  에폭 1400/2000 | 손실: 0.2797 | 학습: 92.8% | 검증: 84.8% | lr: 7.81e-05 | 0.3s
  에폭 1401/2000 | 손실: 0.2714 | 학습: 92.9% | 검증: 84.9% | lr: 7.81e-05 | 0.3s
  에폭 1402/2000 | 손실: 0.2799 | 학습: 92.8% | 검증: 85.1% | lr: 7.81e-05 | 0.3s
  에폭 1403/2000 | 손실: 0.2859 | 학습: 92.8% | 검증: 84.7% | lr: 7.81e-05 | 0.3s
  에폭 1404/2000 | 손실: 0.2704 | 학습: 92.9% | 검증: 85.0% | lr: 7.81e-05 | 0.3s
  에폭 1405/2000 | 손실: 0.2737 | 학습: 92.8% | 검증: 85.1% | lr: 7.81e-05 | 0.3s
  에폭 1406/2000 | 손실: 0.2747 | 학습: 92.8% | 검증: 84.9% | lr: 7.81e-05 | 0.3s
  에폭 1407/2000 | 손실: 0.2726 | 학습: 92.9% | 검증: 84.8% | lr: 7.81e-05 | 0.3s
  에폭 1408/2000 | 손실: 0.2774 | 학습: 92.8% | 검증: 85.1% | lr: 3.91e-05 | 0.3s
  에폭 1409/2000 | 손실: 0.2812 | 학습: 92.9% | 검증: 85.0% | lr: 3.91e-05 | 0.3s
  에폭 1410/2000 | 손실: 0.2777 | 학습: 92.9% | 검증: 84.8% | lr: 3.91e-05 | 0.3s
  에폭 1411/2000 | 손실: 0.2768 | 학습: 92.9% | 검증: 84.8% | lr: 3.91e-05 | 0.3s
  에폭 1412/2000 | 손실: 0.2756 | 학습: 92.8% | 검증: 84.8% | lr: 3.91e-05 | 0.3s
  에폭 1413/2000 | 손실: 0.2771 | 학습: 92.9% | 검증: 84.9% | lr: 3.91e-05 | 0.3s
  에폭 1414/2000 | 손실: 0.2779 | 학습: 92.9% | 검증: 84.9% | lr: 3.91e-05 | 0.3s
  에폭 1415/2000 | 손실: 0.2789 | 학습: 92.9% | 검증: 85.0% | lr: 3.91e-05 | 0.3s
  에폭 1416/2000 | 손실: 0.2769 | 학습: 92.7% | 검증: 84.7% | lr: 3.91e-05 | 0.3s
  에폭 1417/2000 | 손실: 0.2796 | 학습: 92.9% | 검증: 85.0% | lr: 3.91e-05 | 0.3s
  에폭 1418/2000 | 손실: 0.2812 | 학습: 92.8% | 검증: 84.9% | lr: 3.91e-05 | 0.3s
  에폭 1419/2000 | 손실: 0.2841 | 학습: 92.9% | 검증: 85.0% | lr: 3.91e-05 | 0.3s
  에폭 1420/2000 | 손실: 0.2682 | 학습: 92.8% | 검증: 85.0% | lr: 3.91e-05 | 0.3s
  에폭 1421/2000 | 손실: 0.2736 | 학습: 92.9% | 검증: 84.9% | lr: 3.91e-05 | 0.3s
  에폭 1422/2000 | 손실: 0.2767 | 학습: 92.7% | 검증: 85.0% | lr: 3.91e-05 | 0.3s
  에폭 1423/2000 | 손실: 0.2788 | 학습: 92.9% | 검증: 84.7% | lr: 3.91e-05 | 0.3s
  에폭 1424/2000 | 손실: 0.2775 | 학습: 92.9% | 검증: 85.1% | lr: 3.91e-05 | 0.3s
  에폭 1425/2000 | 손실: 0.2759 | 학습: 92.7% | 검증: 84.8% | lr: 3.91e-05 | 0.3s
  에폭 1426/2000 | 손실: 0.2817 | 학습: 93.0% | 검증: 85.0% | lr: 3.91e-05 | 0.3s
  에폭 1427/2000 | 손실: 0.2770 | 학습: 92.9% | 검증: 84.7% | lr: 3.91e-05 | 0.3s
  에폭 1428/2000 | 손실: 0.2900 | 학습: 92.9% | 검증: 84.9% | lr: 3.91e-05 | 0.3s
  에폭 1429/2000 | 손실: 0.2732 | 학습: 92.9% | 검증: 84.9% | lr: 3.91e-05 | 0.3s
  에폭 1430/2000 | 손실: 0.2740 | 학습: 92.9% | 검증: 84.9% | lr: 3.91e-05 | 0.3s
  에폭 1431/2000 | 손실: 0.2763 | 학습: 92.7% | 검증: 85.0% | lr: 3.91e-05 | 0.6s
  에폭 1432/2000 | 손실: 0.2784 | 학습: 92.9% | 검증: 84.9% | lr: 3.91e-05 | 0.3s
  에폭 1433/2000 | 손실: 0.2729 | 학습: 92.9% | 검증: 84.9% | lr: 3.91e-05 | 0.3s
  에폭 1434/2000 | 손실: 0.2753 | 학습: 92.8% | 검증: 84.9% | lr: 3.91e-05 | 0.3s
  에폭 1435/2000 | 손실: 0.2763 | 학습: 92.9% | 검증: 85.0% | lr: 3.91e-05 | 0.4s
  에폭 1436/2000 | 손실: 0.2791 | 학습: 92.9% | 검증: 85.0% | lr: 3.91e-05 | 0.3s
  에폭 1437/2000 | 손실: 0.2794 | 학습: 92.8% | 검증: 84.8% | lr: 3.91e-05 | 0.3s
  에폭 1438/2000 | 손실: 0.2771 | 학습: 92.8% | 검증: 84.8% | lr: 3.91e-05 | 0.3s
  에폭 1439/2000 | 손실: 0.2799 | 학습: 92.8% | 검증: 84.8% | lr: 3.91e-05 | 0.3s
  에폭 1440/2000 | 손실: 0.2785 | 학습: 92.8% | 검증: 85.0% | lr: 3.91e-05 | 0.2s
  에폭 1441/2000 | 손실: 0.2802 | 학습: 92.9% | 검증: 84.8% | lr: 3.91e-05 | 0.3s
  에폭 1442/2000 | 손실: 0.2815 | 학습: 92.9% | 검증: 84.7% | lr: 3.91e-05 | 0.3s
  에폭 1443/2000 | 손실: 0.2773 | 학습: 92.7% | 검증: 84.6% | lr: 3.91e-05 | 0.3s
  에폭 1444/2000 | 손실: 0.2790 | 학습: 92.9% | 검증: 84.8% | lr: 3.91e-05 | 0.3s
  에폭 1445/2000 | 손실: 0.2808 | 학습: 92.8% | 검증: 85.1% | lr: 3.91e-05 | 0.3s
  에폭 1446/2000 | 손실: 0.2793 | 학습: 92.9% | 검증: 84.8% | lr: 3.91e-05 | 0.3s
  에폭 1447/2000 | 손실: 0.2732 | 학습: 92.8% | 검증: 84.9% | lr: 3.91e-05 | 0.4s
  에폭 1448/2000 | 손실: 0.2743 | 학습: 92.9% | 검증: 85.0% | lr: 3.91e-05 | 0.3s
  에폭 1449/2000 | 손실: 0.2839 | 학습: 92.9% | 검증: 84.9% | lr: 3.91e-05 | 0.3s
  에폭 1450/2000 | 손실: 0.2763 | 학습: 92.9% | 검증: 85.2% | lr: 3.91e-05 | 0.3s
  에폭 1451/2000 | 손실: 0.2816 | 학습: 92.9% | 검증: 84.7% | lr: 3.91e-05 | 0.3s
  에폭 1452/2000 | 손실: 0.2720 | 학습: 92.9% | 검증: 84.8% | lr: 3.91e-05 | 0.3s
  에폭 1453/2000 | 손실: 0.2773 | 학습: 92.9% | 검증: 84.9% | lr: 3.91e-05 | 0.3s
  에폭 1454/2000 | 손실: 0.2748 | 학습: 92.9% | 검증: 84.8% | lr: 3.91e-05 | 0.3s
  에폭 1455/2000 | 손실: 0.2768 | 학습: 92.9% | 검증: 84.9% | lr: 3.91e-05 | 0.3s
  에폭 1456/2000 | 손실: 0.2792 | 학습: 92.8% | 검증: 84.9% | lr: 3.91e-05 | 0.2s
  에폭 1457/2000 | 손실: 0.2843 | 학습: 92.8% | 검증: 84.5% | lr: 3.91e-05 | 0.3s
  에폭 1458/2000 | 손실: 0.2750 | 학습: 92.9% | 검증: 84.9% | lr: 3.91e-05 | 0.3s
  에폭 1459/2000 | 손실: 0.2782 | 학습: 92.8% | 검증: 85.0% | lr: 3.91e-05 | 0.3s
  에폭 1460/2000 | 손실: 0.2797 | 학습: 92.9% | 검증: 85.0% | lr: 3.91e-05 | 0.2s
  에폭 1461/2000 | 손실: 0.2716 | 학습: 92.9% | 검증: 85.0% | lr: 3.91e-05 | 0.3s
  에폭 1462/2000 | 손실: 0.2815 | 학습: 92.9% | 검증: 84.9% | lr: 3.91e-05 | 0.3s
  에폭 1463/2000 | 손실: 0.2780 | 학습: 92.9% | 검증: 85.2% | lr: 3.91e-05 | 0.3s
  에폭 1464/2000 | 손실: 0.2778 | 학습: 92.9% | 검증: 84.8% | lr: 3.91e-05 | 0.3s
  에폭 1465/2000 | 손실: 0.2802 | 학습: 92.9% | 검증: 84.7% | lr: 3.91e-05 | 0.3s
  에폭 1466/2000 | 손실: 0.2769 | 학습: 92.9% | 검증: 84.8% | lr: 3.91e-05 | 0.3s
  에폭 1467/2000 | 손실: 0.2758 | 학습: 92.8% | 검증: 85.0% | lr: 3.91e-05 | 0.3s
  에폭 1468/2000 | 손실: 0.2712 | 학습: 92.9% | 검증: 85.1% | lr: 3.91e-05 | 0.3s
  에폭 1469/2000 | 손실: 0.2771 | 학습: 92.9% | 검증: 84.8% | lr: 3.91e-05 | 0.3s
  에폭 1470/2000 | 손실: 0.2809 | 학습: 92.8% | 검증: 84.9% | lr: 3.91e-05 | 0.3s
  에폭 1471/2000 | 손실: 0.2814 | 학습: 92.8% | 검증: 84.7% | lr: 1.95e-05 | 0.3s
  에폭 1472/2000 | 손실: 0.2770 | 학습: 92.8% | 검증: 84.8% | lr: 1.95e-05 | 0.2s
  에폭 1473/2000 | 손실: 0.2797 | 학습: 92.8% | 검증: 84.8% | lr: 1.95e-05 | 0.2s
  에폭 1474/2000 | 손실: 0.2822 | 학습: 93.0% | 검증: 85.0% | lr: 1.95e-05 | 0.3s
  에폭 1475/2000 | 손실: 0.2778 | 학습: 92.9% | 검증: 85.0% | lr: 1.95e-05 | 0.2s
  에폭 1476/2000 | 손실: 0.2790 | 학습: 92.8% | 검증: 85.0% | lr: 1.95e-05 | 0.2s
  에폭 1477/2000 | 손실: 0.2746 | 학습: 92.8% | 검증: 84.3% | lr: 1.95e-05 | 0.2s
  에폭 1478/2000 | 손실: 0.2735 | 학습: 92.9% | 검증: 84.8% | lr: 1.95e-05 | 0.2s
  에폭 1479/2000 | 손실: 0.2785 | 학습: 92.9% | 검증: 84.9% | lr: 1.95e-05 | 0.3s
  에폭 1480/2000 | 손실: 0.2763 | 학습: 92.8% | 검증: 84.9% | lr: 1.95e-05 | 0.2s
  에폭 1481/2000 | 손실: 0.2775 | 학습: 92.9% | 검증: 84.9% | lr: 1.95e-05 | 0.2s
  에폭 1482/2000 | 손실: 0.2777 | 학습: 92.8% | 검증: 85.1% | lr: 1.95e-05 | 0.2s
  에폭 1483/2000 | 손실: 0.2783 | 학습: 92.8% | 검증: 85.0% | lr: 1.95e-05 | 0.3s
  에폭 1484/2000 | 손실: 0.2723 | 학습: 93.0% | 검증: 85.0% | lr: 1.95e-05 | 0.3s
  에폭 1485/2000 | 손실: 0.2798 | 학습: 92.9% | 검증: 84.6% | lr: 1.95e-05 | 0.3s
  에폭 1486/2000 | 손실: 0.2759 | 학습: 92.8% | 검증: 84.5% | lr: 1.95e-05 | 0.2s
  에폭 1487/2000 | 손실: 0.2742 | 학습: 92.6% | 검증: 84.8% | lr: 1.95e-05 | 0.3s
  에폭 1488/2000 | 손실: 0.2806 | 학습: 92.8% | 검증: 85.1% | lr: 1.95e-05 | 0.2s
  에폭 1489/2000 | 손실: 0.2740 | 학습: 92.7% | 검증: 84.8% | lr: 1.95e-05 | 0.3s
  에폭 1490/2000 | 손실: 0.2844 | 학습: 92.9% | 검증: 84.9% | lr: 1.95e-05 | 0.3s
  에폭 1491/2000 | 손실: 0.2741 | 학습: 92.9% | 검증: 85.0% | lr: 1.95e-05 | 0.3s
  에폭 1492/2000 | 손실: 0.2817 | 학습: 92.9% | 검증: 85.1% | lr: 1.95e-05 | 0.3s
  에폭 1493/2000 | 손실: 0.2807 | 학습: 92.7% | 검증: 84.9% | lr: 1.95e-05 | 0.3s
  에폭 1494/2000 | 손실: 0.2775 | 학습: 92.9% | 검증: 84.7% | lr: 1.95e-05 | 0.3s
  에폭 1495/2000 | 손실: 0.2782 | 학습: 93.0% | 검증: 84.7% | lr: 1.95e-05 | 0.3s
  에폭 1496/2000 | 손실: 0.2770 | 학습: 92.9% | 검증: 84.9% | lr: 1.95e-05 | 0.3s
  에폭 1497/2000 | 손실: 0.2820 | 학습: 92.8% | 검증: 84.9% | lr: 1.95e-05 | 0.2s
  에폭 1498/2000 | 손실: 0.2746 | 학습: 93.0% | 검증: 84.6% | lr: 1.95e-05 | 0.2s
  에폭 1499/2000 | 손실: 0.2745 | 학습: 92.8% | 검증: 85.0% | lr: 1.95e-05 | 0.3s
  에폭 1500/2000 | 손실: 0.2770 | 학습: 92.9% | 검증: 85.0% | lr: 1.95e-05 | 0.2s
  에폭 1501/2000 | 손실: 0.2735 | 학습: 92.8% | 검증: 84.9% | lr: 1.95e-05 | 0.3s
  에폭 1502/2000 | 손실: 0.2790 | 학습: 92.9% | 검증: 84.7% | lr: 1.95e-05 | 0.2s
  에폭 1503/2000 | 손실: 0.2752 | 학습: 92.9% | 검증: 84.9% | lr: 1.95e-05 | 0.2s
  에폭 1504/2000 | 손실: 0.2763 | 학습: 92.9% | 검증: 85.0% | lr: 1.95e-05 | 0.2s
  에폭 1505/2000 | 손실: 0.2804 | 학습: 92.9% | 검증: 85.2% | lr: 1.95e-05 | 0.2s
  에폭 1506/2000 | 손실: 0.2757 | 학습: 92.9% | 검증: 85.0% | lr: 1.95e-05 | 0.3s
  에폭 1507/2000 | 손실: 0.2786 | 학습: 92.9% | 검증: 84.7% | lr: 1.95e-05 | 0.3s
  에폭 1508/2000 | 손실: 0.2762 | 학습: 92.8% | 검증: 84.9% | lr: 1.95e-05 | 0.3s
  에폭 1509/2000 | 손실: 0.2799 | 학습: 92.8% | 검증: 84.7% | lr: 1.95e-05 | 0.2s
  에폭 1510/2000 | 손실: 0.2784 | 학습: 92.9% | 검증: 84.7% | lr: 1.95e-05 | 0.3s
  에폭 1511/2000 | 손실: 0.2834 | 학습: 92.8% | 검증: 85.0% | lr: 1.95e-05 | 0.2s
  에폭 1512/2000 | 손실: 0.2799 | 학습: 92.9% | 검증: 84.7% | lr: 1.95e-05 | 0.3s
  에폭 1513/2000 | 손실: 0.2720 | 학습: 93.0% | 검증: 84.8% | lr: 1.95e-05 | 0.3s
  에폭 1514/2000 | 손실: 0.2812 | 학습: 92.9% | 검증: 85.1% | lr: 1.95e-05 | 0.2s
  에폭 1515/2000 | 손실: 0.2769 | 학습: 92.9% | 검증: 85.0% | lr: 1.95e-05 | 0.2s
  에폭 1516/2000 | 손실: 0.2745 | 학습: 92.9% | 검증: 85.0% | lr: 1.95e-05 | 0.3s
  에폭 1517/2000 | 손실: 0.2811 | 학습: 92.9% | 검증: 84.7% | lr: 1.95e-05 | 0.3s
  에폭 1518/2000 | 손실: 0.2780 | 학습: 92.9% | 검증: 85.0% | lr: 1.95e-05 | 0.3s
  에폭 1519/2000 | 손실: 0.2820 | 학습: 93.0% | 검증: 85.0% | lr: 1.95e-05 | 0.3s
  에폭 1520/2000 | 손실: 0.2791 | 학습: 92.9% | 검증: 85.1% | lr: 1.95e-05 | 0.3s
  에폭 1521/2000 | 손실: 0.2758 | 학습: 92.9% | 검증: 84.9% | lr: 1.95e-05 | 0.2s
  에폭 1522/2000 | 손실: 0.2819 | 학습: 92.8% | 검증: 85.0% | lr: 9.77e-06 | 0.3s
  에폭 1523/2000 | 손실: 0.2773 | 학습: 92.9% | 검증: 85.0% | lr: 9.77e-06 | 0.2s
  에폭 1524/2000 | 손실: 0.2827 | 학습: 92.8% | 검증: 85.1% | lr: 9.77e-06 | 0.2s
  에폭 1525/2000 | 손실: 0.2807 | 학습: 92.9% | 검증: 84.6% | lr: 9.77e-06 | 0.3s
  에폭 1526/2000 | 손실: 0.2746 | 학습: 92.9% | 검증: 85.0% | lr: 9.77e-06 | 0.3s
  에폭 1527/2000 | 손실: 0.2763 | 학습: 92.9% | 검증: 85.0% | lr: 9.77e-06 | 0.3s
  에폭 1528/2000 | 손실: 0.2833 | 학습: 92.8% | 검증: 84.9% | lr: 9.77e-06 | 0.3s
  에폭 1529/2000 | 손실: 0.2755 | 학습: 92.9% | 검증: 84.9% | lr: 9.77e-06 | 0.2s
  에폭 1530/2000 | 손실: 0.2831 | 학습: 92.9% | 검증: 84.7% | lr: 9.77e-06 | 0.3s
  에폭 1531/2000 | 손실: 0.2777 | 학습: 92.8% | 검증: 85.0% | lr: 9.77e-06 | 0.2s
  에폭 1532/2000 | 손실: 0.2788 | 학습: 92.9% | 검증: 84.9% | lr: 9.77e-06 | 0.2s
  에폭 1533/2000 | 손실: 0.2763 | 학습: 92.9% | 검증: 84.9% | lr: 9.77e-06 | 0.3s
  에폭 1534/2000 | 손실: 0.2771 | 학습: 92.9% | 검증: 84.9% | lr: 9.77e-06 | 0.2s
  에폭 1535/2000 | 손실: 0.2796 | 학습: 92.8% | 검증: 85.2% | lr: 9.77e-06 | 0.2s
  에폭 1536/2000 | 손실: 0.2769 | 학습: 92.9% | 검증: 85.1% | lr: 9.77e-06 | 0.2s
  에폭 1537/2000 | 손실: 0.2768 | 학습: 92.9% | 검증: 84.9% | lr: 9.77e-06 | 0.3s
  에폭 1538/2000 | 손실: 0.2802 | 학습: 92.9% | 검증: 84.7% | lr: 9.77e-06 | 0.2s
  에폭 1539/2000 | 손실: 0.2753 | 학습: 92.9% | 검증: 85.1% | lr: 9.77e-06 | 0.3s
  에폭 1540/2000 | 손실: 0.2784 | 학습: 92.9% | 검증: 85.0% | lr: 9.77e-06 | 0.2s
  에폭 1541/2000 | 손실: 0.2792 | 학습: 92.8% | 검증: 85.0% | lr: 9.77e-06 | 0.3s
  에폭 1542/2000 | 손실: 0.2759 | 학습: 92.9% | 검증: 84.8% | lr: 9.77e-06 | 0.3s
  에폭 1543/2000 | 손실: 0.2747 | 학습: 92.9% | 검증: 84.9% | lr: 9.77e-06 | 0.3s
  에폭 1544/2000 | 손실: 0.2818 | 학습: 92.9% | 검증: 84.9% | lr: 9.77e-06 | 0.3s
  에폭 1545/2000 | 손실: 0.2795 | 학습: 92.8% | 검증: 84.8% | lr: 9.77e-06 | 0.3s
  에폭 1546/2000 | 손실: 0.2746 | 학습: 92.9% | 검증: 85.0% | lr: 9.77e-06 | 0.3s
  에폭 1547/2000 | 손실: 0.2778 | 학습: 92.9% | 검증: 84.9% | lr: 9.77e-06 | 0.2s
  에폭 1548/2000 | 손실: 0.2694 | 학습: 92.8% | 검증: 84.7% | lr: 9.77e-06 | 0.2s
  에폭 1549/2000 | 손실: 0.2783 | 학습: 92.9% | 검증: 84.7% | lr: 9.77e-06 | 0.3s
  에폭 1550/2000 | 손실: 0.2761 | 학습: 92.9% | 검증: 84.9% | lr: 9.77e-06 | 0.3s
  에폭 1551/2000 | 손실: 0.2731 | 학습: 92.8% | 검증: 85.1% | lr: 9.77e-06 | 0.3s
  에폭 1552/2000 | 손실: 0.2803 | 학습: 92.8% | 검증: 85.0% | lr: 9.77e-06 | 0.3s
  에폭 1553/2000 | 손실: 0.2732 | 학습: 92.9% | 검증: 84.7% | lr: 9.77e-06 | 0.2s
  에폭 1554/2000 | 손실: 0.2810 | 학습: 92.9% | 검증: 84.8% | lr: 9.77e-06 | 0.5s
  에폭 1555/2000 | 손실: 0.2794 | 학습: 92.9% | 검증: 84.6% | lr: 9.77e-06 | 1.4s
  에폭 1556/2000 | 손실: 0.2753 | 학습: 92.9% | 검증: 84.7% | lr: 9.77e-06 | 1.4s
  에폭 1557/2000 | 손실: 0.2791 | 학습: 93.0% | 검증: 84.8% | lr: 9.77e-06 | 1.5s
  에폭 1558/2000 | 손실: 0.2814 | 학습: 92.9% | 검증: 85.2% | lr: 9.77e-06 | 0.3s
  에폭 1559/2000 | 손실: 0.2763 | 학습: 92.9% | 검증: 84.9% | lr: 9.77e-06 | 0.8s
  에폭 1560/2000 | 손실: 0.2867 | 학습: 92.9% | 검증: 85.0% | lr: 9.77e-06 | 1.7s
  에폭 1561/2000 | 손실: 0.2818 | 학습: 92.8% | 검증: 84.9% | lr: 9.77e-06 | 1.2s
  에폭 1562/2000 | 손실: 0.2782 | 학습: 92.9% | 검증: 85.2% | lr: 9.77e-06 | 1.1s
  에폭 1563/2000 | 손실: 0.2772 | 학습: 92.9% | 검증: 84.8% | lr: 9.77e-06 | 1.1s
  에폭 1564/2000 | 손실: 0.2799 | 학습: 92.8% | 검증: 84.9% | lr: 9.77e-06 | 1.2s
  에폭 1565/2000 | 손실: 0.2777 | 학습: 92.8% | 검증: 84.9% | lr: 9.77e-06 | 1.4s
  에폭 1566/2000 | 손실: 0.2817 | 학습: 92.9% | 검증: 84.8% | lr: 9.77e-06 | 0.6s
  에폭 1567/2000 | 손실: 0.2804 | 학습: 92.7% | 검증: 84.8% | lr: 9.77e-06 | 0.3s
  에폭 1568/2000 | 손실: 0.2833 | 학습: 92.9% | 검증: 84.8% | lr: 9.77e-06 | 0.3s
  에폭 1569/2000 | 손실: 0.2750 | 학습: 92.9% | 검증: 84.7% | lr: 9.77e-06 | 0.3s
  에폭 1570/2000 | 손실: 0.2751 | 학습: 92.9% | 검증: 84.8% | lr: 9.77e-06 | 0.3s
  에폭 1571/2000 | 손실: 0.2768 | 학습: 92.9% | 검증: 85.1% | lr: 9.77e-06 | 0.3s
  에폭 1572/2000 | 손실: 0.2742 | 학습: 92.9% | 검증: 85.1% | lr: 9.77e-06 | 0.3s
  에폭 1573/2000 | 손실: 0.2740 | 학습: 92.8% | 검증: 84.7% | lr: 4.88e-06 | 0.3s
  에폭 1574/2000 | 손실: 0.2778 | 학습: 92.9% | 검증: 84.9% | lr: 4.88e-06 | 0.3s
  에폭 1575/2000 | 손실: 0.2761 | 학습: 93.0% | 검증: 84.7% | lr: 4.88e-06 | 0.3s
  에폭 1576/2000 | 손실: 0.2816 | 학습: 92.9% | 검증: 84.8% | lr: 4.88e-06 | 0.3s
  에폭 1577/2000 | 손실: 0.2774 | 학습: 92.9% | 검증: 84.7% | lr: 4.88e-06 | 0.3s
  에폭 1578/2000 | 손실: 0.2779 | 학습: 92.9% | 검증: 84.9% | lr: 4.88e-06 | 0.2s
  에폭 1579/2000 | 손실: 0.2762 | 학습: 92.9% | 검증: 84.7% | lr: 4.88e-06 | 0.2s
  에폭 1580/2000 | 손실: 0.2803 | 학습: 92.7% | 검증: 84.9% | lr: 4.88e-06 | 0.3s
  에폭 1581/2000 | 손실: 0.2804 | 학습: 92.8% | 검증: 85.1% | lr: 4.88e-06 | 0.3s
  에폭 1582/2000 | 손실: 0.2755 | 학습: 92.9% | 검증: 84.9% | lr: 4.88e-06 | 0.3s
  에폭 1583/2000 | 손실: 0.2727 | 학습: 92.9% | 검증: 85.2% | lr: 4.88e-06 | 0.3s
  에폭 1584/2000 | 손실: 0.2797 | 학습: 92.8% | 검증: 84.7% | lr: 4.88e-06 | 0.3s
  에폭 1585/2000 | 손실: 0.2795 | 학습: 92.9% | 검증: 84.9% | lr: 4.88e-06 | 0.3s
  에폭 1586/2000 | 손실: 0.2801 | 학습: 92.7% | 검증: 84.7% | lr: 4.88e-06 | 0.3s
  에폭 1587/2000 | 손실: 0.2785 | 학습: 92.9% | 검증: 85.0% | lr: 4.88e-06 | 0.3s
  에폭 1588/2000 | 손실: 0.2764 | 학습: 92.9% | 검증: 84.8% | lr: 4.88e-06 | 0.3s
  에폭 1589/2000 | 손실: 0.2816 | 학습: 92.8% | 검증: 84.8% | lr: 4.88e-06 | 0.3s
  에폭 1590/2000 | 손실: 0.2733 | 학습: 92.8% | 검증: 84.9% | lr: 4.88e-06 | 0.3s
  에폭 1591/2000 | 손실: 0.2772 | 학습: 92.9% | 검증: 85.1% | lr: 4.88e-06 | 0.3s
  에폭 1592/2000 | 손실: 0.2751 | 학습: 92.9% | 검증: 84.9% | lr: 4.88e-06 | 0.3s
  에폭 1593/2000 | 손실: 0.2791 | 학습: 92.8% | 검증: 84.9% | lr: 4.88e-06 | 0.3s
  에폭 1594/2000 | 손실: 0.2783 | 학습: 92.9% | 검증: 84.7% | lr: 4.88e-06 | 0.3s
  에폭 1595/2000 | 손실: 0.2763 | 학습: 92.8% | 검증: 85.0% | lr: 4.88e-06 | 0.3s
  에폭 1596/2000 | 손실: 0.2800 | 학습: 92.9% | 검증: 85.0% | lr: 4.88e-06 | 0.3s
  에폭 1597/2000 | 손실: 0.2771 | 학습: 92.9% | 검증: 85.0% | lr: 4.88e-06 | 0.3s
  에폭 1598/2000 | 손실: 0.2709 | 학습: 92.7% | 검증: 84.9% | lr: 4.88e-06 | 0.3s
  에폭 1599/2000 | 손실: 0.2808 | 학습: 92.9% | 검증: 85.2% | lr: 4.88e-06 | 0.3s
  에폭 1600/2000 | 손실: 0.2804 | 학습: 93.0% | 검증: 85.0% | lr: 4.88e-06 | 0.3s
  에폭 1601/2000 | 손실: 0.2785 | 학습: 92.8% | 검증: 84.6% | lr: 4.88e-06 | 0.3s
  에폭 1602/2000 | 손실: 0.2770 | 학습: 92.8% | 검증: 84.6% | lr: 4.88e-06 | 0.3s
  에폭 1603/2000 | 손실: 0.2772 | 학습: 92.8% | 검증: 84.9% | lr: 4.88e-06 | 0.3s
  에폭 1604/2000 | 손실: 0.2840 | 학습: 92.9% | 검증: 85.0% | lr: 4.88e-06 | 0.3s
  에폭 1605/2000 | 손실: 0.2782 | 학습: 92.9% | 검증: 84.8% | lr: 4.88e-06 | 0.3s
  에폭 1606/2000 | 손실: 0.2830 | 학습: 92.8% | 검증: 84.6% | lr: 4.88e-06 | 0.3s
  에폭 1607/2000 | 손실: 0.2802 | 학습: 92.9% | 검증: 84.8% | lr: 4.88e-06 | 0.3s
  에폭 1608/2000 | 손실: 0.2804 | 학습: 93.0% | 검증: 85.0% | lr: 4.88e-06 | 0.3s
  에폭 1609/2000 | 손실: 0.2793 | 학습: 92.8% | 검증: 85.1% | lr: 4.88e-06 | 0.3s
  에폭 1610/2000 | 손실: 0.2797 | 학습: 92.9% | 검증: 85.1% | lr: 4.88e-06 | 0.3s
  에폭 1611/2000 | 손실: 0.2754 | 학습: 92.8% | 검증: 84.8% | lr: 4.88e-06 | 0.3s
  에폭 1612/2000 | 손실: 0.2744 | 학습: 92.9% | 검증: 85.0% | lr: 4.88e-06 | 0.2s
  에폭 1613/2000 | 손실: 0.2758 | 학습: 92.9% | 검증: 84.9% | lr: 4.88e-06 | 0.2s
  에폭 1614/2000 | 손실: 0.2778 | 학습: 92.9% | 검증: 84.8% | lr: 4.88e-06 | 0.4s
  에폭 1615/2000 | 손실: 0.2793 | 학습: 92.8% | 검증: 84.9% | lr: 4.88e-06 | 0.3s
  에폭 1616/2000 | 손실: 0.2734 | 학습: 93.0% | 검증: 84.9% | lr: 4.88e-06 | 0.2s
  에폭 1617/2000 | 손실: 0.2788 | 학습: 92.9% | 검증: 84.9% | lr: 4.88e-06 | 0.3s
  에폭 1618/2000 | 손실: 0.2770 | 학습: 92.8% | 검증: 84.9% | lr: 4.88e-06 | 0.2s
  에폭 1619/2000 | 손실: 0.2791 | 학습: 92.8% | 검증: 85.1% | lr: 4.88e-06 | 0.3s
  에폭 1620/2000 | 손실: 0.2725 | 학습: 92.9% | 검증: 84.9% | lr: 4.88e-06 | 0.2s
  에폭 1621/2000 | 손실: 0.2790 | 학습: 92.9% | 검증: 84.7% | lr: 4.88e-06 | 0.3s
  에폭 1622/2000 | 손실: 0.2747 | 학습: 92.9% | 검증: 84.8% | lr: 4.88e-06 | 0.3s
  에폭 1623/2000 | 손실: 0.2781 | 학습: 92.9% | 검증: 85.0% | lr: 4.88e-06 | 0.3s
  에폭 1624/2000 | 손실: 0.2759 | 학습: 93.0% | 검증: 84.7% | lr: 2.44e-06 | 0.3s
  에폭 1625/2000 | 손실: 0.2748 | 학습: 92.9% | 검증: 85.0% | lr: 2.44e-06 | 0.3s
  에폭 1626/2000 | 손실: 0.2753 | 학습: 92.6% | 검증: 84.6% | lr: 2.44e-06 | 0.2s
  에폭 1627/2000 | 손실: 0.2829 | 학습: 92.9% | 검증: 85.0% | lr: 2.44e-06 | 0.3s
  에폭 1628/2000 | 손실: 0.2796 | 학습: 92.9% | 검증: 84.8% | lr: 2.44e-06 | 0.3s
  에폭 1629/2000 | 손실: 0.2817 | 학습: 92.9% | 검증: 84.7% | lr: 2.44e-06 | 0.3s
  에폭 1630/2000 | 손실: 0.2796 | 학습: 92.9% | 검증: 85.0% | lr: 2.44e-06 | 0.3s
  에폭 1631/2000 | 손실: 0.2798 | 학습: 93.0% | 검증: 84.8% | lr: 2.44e-06 | 0.3s
  에폭 1632/2000 | 손실: 0.2730 | 학습: 93.0% | 검증: 84.9% | lr: 2.44e-06 | 0.3s
  에폭 1633/2000 | 손실: 0.2824 | 학습: 92.9% | 검증: 84.9% | lr: 2.44e-06 | 0.3s
  에폭 1634/2000 | 손실: 0.2778 | 학습: 93.0% | 검증: 85.0% | lr: 2.44e-06 | 0.3s
  에폭 1635/2000 | 손실: 0.2769 | 학습: 92.8% | 검증: 85.1% | lr: 2.44e-06 | 0.3s
  에폭 1636/2000 | 손실: 0.2801 | 학습: 92.8% | 검증: 84.9% | lr: 2.44e-06 | 0.3s
  에폭 1637/2000 | 손실: 0.2825 | 학습: 93.0% | 검증: 84.9% | lr: 2.44e-06 | 0.3s
  에폭 1638/2000 | 손실: 0.2795 | 학습: 92.9% | 검증: 84.8% | lr: 2.44e-06 | 0.3s
  에폭 1639/2000 | 손실: 0.2720 | 학습: 92.9% | 검증: 84.9% | lr: 2.44e-06 | 0.3s
  에폭 1640/2000 | 손실: 0.2734 | 학습: 92.9% | 검증: 85.0% | lr: 2.44e-06 | 0.3s
  에폭 1641/2000 | 손실: 0.2802 | 학습: 92.9% | 검증: 85.0% | lr: 2.44e-06 | 0.3s
  에폭 1642/2000 | 손실: 0.2828 | 학습: 92.9% | 검증: 84.8% | lr: 2.44e-06 | 0.3s
  에폭 1643/2000 | 손실: 0.2793 | 학습: 92.9% | 검증: 84.9% | lr: 2.44e-06 | 0.3s
  에폭 1644/2000 | 손실: 0.2756 | 학습: 92.8% | 검증: 84.8% | lr: 2.44e-06 | 0.3s
  에폭 1645/2000 | 손실: 0.2774 | 학습: 92.9% | 검증: 85.0% | lr: 2.44e-06 | 0.3s
  에폭 1646/2000 | 손실: 0.2761 | 학습: 92.9% | 검증: 85.0% | lr: 2.44e-06 | 0.3s
  에폭 1647/2000 | 손실: 0.2777 | 학습: 92.9% | 검증: 85.1% | lr: 2.44e-06 | 0.3s
  에폭 1648/2000 | 손실: 0.2796 | 학습: 92.9% | 검증: 84.8% | lr: 2.44e-06 | 0.3s
  에폭 1649/2000 | 손실: 0.2780 | 학습: 93.0% | 검증: 85.1% | lr: 2.44e-06 | 0.3s
  에폭 1650/2000 | 손실: 0.2833 | 학습: 92.9% | 검증: 84.7% | lr: 2.44e-06 | 0.3s
  에폭 1651/2000 | 손실: 0.2746 | 학습: 92.8% | 검증: 85.2% | lr: 2.44e-06 | 0.3s
  에폭 1652/2000 | 손실: 0.2774 | 학습: 92.9% | 검증: 84.8% | lr: 2.44e-06 | 0.3s
  에폭 1653/2000 | 손실: 0.2745 | 학습: 92.9% | 검증: 84.8% | lr: 2.44e-06 | 0.3s
  에폭 1654/2000 | 손실: 0.2778 | 학습: 92.9% | 검증: 85.1% | lr: 2.44e-06 | 0.3s
  에폭 1655/2000 | 손실: 0.2789 | 학습: 92.9% | 검증: 84.7% | lr: 2.44e-06 | 0.3s
  에폭 1656/2000 | 손실: 0.2753 | 학습: 92.9% | 검증: 85.0% | lr: 2.44e-06 | 0.3s
  에폭 1657/2000 | 손실: 0.2793 | 학습: 92.9% | 검증: 85.1% | lr: 2.44e-06 | 0.3s
  에폭 1658/2000 | 손실: 0.2787 | 학습: 92.9% | 검증: 84.8% | lr: 2.44e-06 | 0.3s
  에폭 1659/2000 | 손실: 0.2813 | 학습: 92.9% | 검증: 84.9% | lr: 2.44e-06 | 0.3s
  에폭 1660/2000 | 손실: 0.2720 | 학습: 93.0% | 검증: 84.9% | lr: 2.44e-06 | 0.3s
  에폭 1661/2000 | 손실: 0.2822 | 학습: 92.8% | 검증: 84.8% | lr: 2.44e-06 | 0.3s
  에폭 1662/2000 | 손실: 0.2845 | 학습: 92.8% | 검증: 85.0% | lr: 2.44e-06 | 0.3s
  에폭 1663/2000 | 손실: 0.2768 | 학습: 92.9% | 검증: 85.1% | lr: 2.44e-06 | 0.3s
  에폭 1664/2000 | 손실: 0.2802 | 학습: 92.9% | 검증: 84.9% | lr: 2.44e-06 | 0.3s
  에폭 1665/2000 | 손실: 0.2786 | 학습: 92.9% | 검증: 84.9% | lr: 2.44e-06 | 0.3s
  에폭 1666/2000 | 손실: 0.2811 | 학습: 92.9% | 검증: 85.0% | lr: 2.44e-06 | 0.3s
  에폭 1667/2000 | 손실: 0.2736 | 학습: 92.8% | 검증: 84.9% | lr: 2.44e-06 | 0.3s
  에폭 1668/2000 | 손실: 0.2753 | 학습: 92.7% | 검증: 85.1% | lr: 2.44e-06 | 0.3s
  에폭 1669/2000 | 손실: 0.2724 | 학습: 92.9% | 검증: 85.0% | lr: 2.44e-06 | 0.3s
  에폭 1670/2000 | 손실: 0.2792 | 학습: 92.9% | 검증: 85.0% | lr: 2.44e-06 | 0.2s
  에폭 1671/2000 | 손실: 0.2819 | 학습: 92.9% | 검증: 85.0% | lr: 2.44e-06 | 0.2s
  에폭 1672/2000 | 손실: 0.2823 | 학습: 92.9% | 검증: 84.8% | lr: 2.44e-06 | 0.3s
  에폭 1673/2000 | 손실: 0.2816 | 학습: 92.8% | 검증: 84.9% | lr: 2.44e-06 | 0.3s
  에폭 1674/2000 | 손실: 0.2706 | 학습: 92.9% | 검증: 85.3% | lr: 2.44e-06 | 0.3s
  에폭 1675/2000 | 손실: 0.2757 | 학습: 93.0% | 검증: 85.1% | lr: 1.22e-06 | 0.3s
  에폭 1676/2000 | 손실: 0.2716 | 학습: 92.9% | 검증: 84.9% | lr: 1.22e-06 | 0.3s
  에폭 1677/2000 | 손실: 0.2769 | 학습: 92.9% | 검증: 85.2% | lr: 1.22e-06 | 0.3s
  에폭 1678/2000 | 손실: 0.2739 | 학습: 93.0% | 검증: 85.0% | lr: 1.22e-06 | 0.3s
  에폭 1679/2000 | 손실: 0.2783 | 학습: 92.8% | 검증: 84.7% | lr: 1.22e-06 | 0.2s
  에폭 1680/2000 | 손실: 0.2787 | 학습: 92.9% | 검증: 85.0% | lr: 1.22e-06 | 0.3s
  에폭 1681/2000 | 손실: 0.2742 | 학습: 92.9% | 검증: 85.0% | lr: 1.22e-06 | 0.3s
  에폭 1682/2000 | 손실: 0.2760 | 학습: 92.9% | 검증: 84.8% | lr: 1.22e-06 | 0.3s
  에폭 1683/2000 | 손실: 0.2820 | 학습: 92.8% | 검증: 85.0% | lr: 1.22e-06 | 0.3s
  에폭 1684/2000 | 손실: 0.2735 | 학습: 92.8% | 검증: 85.0% | lr: 1.22e-06 | 0.3s
  에폭 1685/2000 | 손실: 0.2787 | 학습: 92.8% | 검증: 84.8% | lr: 1.22e-06 | 0.3s
  에폭 1686/2000 | 손실: 0.2774 | 학습: 92.9% | 검증: 84.7% | lr: 1.22e-06 | 0.3s
  에폭 1687/2000 | 손실: 0.2792 | 학습: 92.9% | 검증: 85.1% | lr: 1.22e-06 | 0.3s
  에폭 1688/2000 | 손실: 0.2797 | 학습: 92.8% | 검증: 84.9% | lr: 1.22e-06 | 0.3s
  에폭 1689/2000 | 손실: 0.2804 | 학습: 92.6% | 검증: 84.7% | lr: 1.22e-06 | 0.4s
  에폭 1690/2000 | 손실: 0.2756 | 학습: 92.8% | 검증: 84.7% | lr: 1.22e-06 | 0.3s
  에폭 1691/2000 | 손실: 0.2772 | 학습: 92.9% | 검증: 85.1% | lr: 1.22e-06 | 0.3s
  에폭 1692/2000 | 손실: 0.2727 | 학습: 92.8% | 검증: 84.8% | lr: 1.22e-06 | 0.3s
  에폭 1693/2000 | 손실: 0.2735 | 학습: 92.9% | 검증: 84.8% | lr: 1.22e-06 | 0.3s
  에폭 1694/2000 | 손실: 0.2788 | 학습: 92.9% | 검증: 85.0% | lr: 1.22e-06 | 0.3s
  에폭 1695/2000 | 손실: 0.2769 | 학습: 92.8% | 검증: 84.9% | lr: 1.22e-06 | 0.3s
  에폭 1696/2000 | 손실: 0.2771 | 학습: 92.8% | 검증: 84.7% | lr: 1.22e-06 | 0.3s
  에폭 1697/2000 | 손실: 0.2741 | 학습: 92.8% | 검증: 84.9% | lr: 1.22e-06 | 0.3s
  에폭 1698/2000 | 손실: 0.2789 | 학습: 92.9% | 검증: 84.7% | lr: 1.22e-06 | 0.3s
  에폭 1699/2000 | 손실: 0.2819 | 학습: 92.9% | 검증: 84.9% | lr: 1.22e-06 | 0.3s
  에폭 1700/2000 | 손실: 0.2828 | 학습: 93.0% | 검증: 84.8% | lr: 1.22e-06 | 0.3s
  에폭 1701/2000 | 손실: 0.2804 | 학습: 92.9% | 검증: 84.9% | lr: 1.22e-06 | 0.3s
  에폭 1702/2000 | 손실: 0.2758 | 학습: 92.9% | 검증: 84.4% | lr: 1.22e-06 | 0.3s
  에폭 1703/2000 | 손실: 0.2744 | 학습: 92.8% | 검증: 84.9% | lr: 1.22e-06 | 0.3s
  에폭 1704/2000 | 손실: 0.2803 | 학습: 92.8% | 검증: 84.6% | lr: 1.22e-06 | 0.3s
  에폭 1705/2000 | 손실: 0.2743 | 학습: 92.8% | 검증: 85.1% | lr: 1.22e-06 | 0.3s
  에폭 1706/2000 | 손실: 0.2760 | 학습: 93.0% | 검증: 85.1% | lr: 1.22e-06 | 0.3s
  에폭 1707/2000 | 손실: 0.2775 | 학습: 92.9% | 검증: 85.2% | lr: 1.22e-06 | 0.3s
  에폭 1708/2000 | 손실: 0.2779 | 학습: 92.9% | 검증: 85.0% | lr: 1.22e-06 | 0.3s
  에폭 1709/2000 | 손실: 0.2803 | 학습: 92.8% | 검증: 85.1% | lr: 1.22e-06 | 0.3s
  에폭 1710/2000 | 손실: 0.2788 | 학습: 92.9% | 검증: 84.8% | lr: 1.22e-06 | 0.3s
  에폭 1711/2000 | 손실: 0.2786 | 학습: 92.9% | 검증: 85.0% | lr: 1.22e-06 | 0.3s
  에폭 1712/2000 | 손실: 0.2793 | 학습: 92.9% | 검증: 85.0% | lr: 1.22e-06 | 0.3s
  에폭 1713/2000 | 손실: 0.2778 | 학습: 92.9% | 검증: 85.0% | lr: 1.22e-06 | 0.3s
  에폭 1714/2000 | 손실: 0.2809 | 학습: 92.9% | 검증: 84.8% | lr: 1.22e-06 | 0.3s
  에폭 1715/2000 | 손실: 0.2794 | 학습: 92.9% | 검증: 84.7% | lr: 1.22e-06 | 0.3s
  에폭 1716/2000 | 손실: 0.2818 | 학습: 92.8% | 검증: 84.9% | lr: 1.22e-06 | 0.3s
  에폭 1717/2000 | 손실: 0.2790 | 학습: 92.9% | 검증: 84.9% | lr: 1.22e-06 | 0.3s
  에폭 1718/2000 | 손실: 0.2781 | 학습: 92.9% | 검증: 84.7% | lr: 1.22e-06 | 0.3s
  에폭 1719/2000 | 손실: 0.2811 | 학습: 92.8% | 검증: 84.9% | lr: 1.22e-06 | 0.3s
  에폭 1720/2000 | 손실: 0.2739 | 학습: 92.9% | 검증: 85.1% | lr: 1.22e-06 | 0.3s
  에폭 1721/2000 | 손실: 0.2759 | 학습: 92.9% | 검증: 85.0% | lr: 1.22e-06 | 0.3s
  에폭 1722/2000 | 손실: 0.2808 | 학습: 92.8% | 검증: 84.9% | lr: 1.22e-06 | 0.3s
  에폭 1723/2000 | 손실: 0.2784 | 학습: 92.9% | 검증: 85.0% | lr: 1.22e-06 | 0.3s
  에폭 1724/2000 | 손실: 0.2819 | 학습: 92.9% | 검증: 85.0% | lr: 1.22e-06 | 0.3s
  에폭 1725/2000 | 손실: 0.2780 | 학습: 92.7% | 검증: 85.1% | lr: 1.22e-06 | 0.3s
  에폭 1726/2000 | 손실: 0.2757 | 학습: 92.9% | 검증: 85.0% | lr: 1.00e-06 | 0.3s
  에폭 1727/2000 | 손실: 0.2745 | 학습: 93.0% | 검증: 85.1% | lr: 1.00e-06 | 0.3s
  에폭 1728/2000 | 손실: 0.2760 | 학습: 92.9% | 검증: 85.1% | lr: 1.00e-06 | 0.3s
  에폭 1729/2000 | 손실: 0.2810 | 학습: 92.7% | 검증: 85.0% | lr: 1.00e-06 | 0.3s
  에폭 1730/2000 | 손실: 0.2788 | 학습: 92.9% | 검증: 84.9% | lr: 1.00e-06 | 0.3s
  에폭 1731/2000 | 손실: 0.2785 | 학습: 92.6% | 검증: 85.0% | lr: 1.00e-06 | 0.3s
  에폭 1732/2000 | 손실: 0.2760 | 학습: 92.8% | 검증: 85.0% | lr: 1.00e-06 | 0.3s
  에폭 1733/2000 | 손실: 0.2739 | 학습: 92.8% | 검증: 84.7% | lr: 1.00e-06 | 0.3s
  에폭 1734/2000 | 손실: 0.2825 | 학습: 92.9% | 검증: 85.0% | lr: 1.00e-06 | 0.3s
  에폭 1735/2000 | 손실: 0.2840 | 학습: 92.8% | 검증: 84.8% | lr: 1.00e-06 | 0.3s
  에폭 1736/2000 | 손실: 0.2744 | 학습: 92.9% | 검증: 85.1% | lr: 1.00e-06 | 0.3s
  에폭 1737/2000 | 손실: 0.2755 | 학습: 92.9% | 검증: 84.9% | lr: 1.00e-06 | 0.3s
  에폭 1738/2000 | 손실: 0.2761 | 학습: 92.9% | 검증: 85.1% | lr: 1.00e-06 | 0.3s
  에폭 1739/2000 | 손실: 0.2759 | 학습: 92.8% | 검증: 85.1% | lr: 1.00e-06 | 0.3s
  에폭 1740/2000 | 손실: 0.2811 | 학습: 92.8% | 검증: 84.7% | lr: 1.00e-06 | 0.3s
  에폭 1741/2000 | 손실: 0.2751 | 학습: 92.9% | 검증: 85.0% | lr: 1.00e-06 | 0.3s
  에폭 1742/2000 | 손실: 0.2735 | 학습: 92.8% | 검증: 85.1% | lr: 1.00e-06 | 0.3s
  에폭 1743/2000 | 손실: 0.2768 | 학습: 92.8% | 검증: 84.8% | lr: 1.00e-06 | 0.3s
  에폭 1744/2000 | 손실: 0.2795 | 학습: 92.9% | 검증: 84.9% | lr: 1.00e-06 | 0.3s
  에폭 1745/2000 | 손실: 0.2811 | 학습: 92.9% | 검증: 85.1% | lr: 1.00e-06 | 0.3s
  에폭 1746/2000 | 손실: 0.2728 | 학습: 92.8% | 검증: 85.1% | lr: 1.00e-06 | 0.3s
  에폭 1747/2000 | 손실: 0.2755 | 학습: 92.8% | 검증: 84.8% | lr: 1.00e-06 | 0.3s
  에폭 1748/2000 | 손실: 0.2790 | 학습: 92.9% | 검증: 84.9% | lr: 1.00e-06 | 0.3s
  에폭 1749/2000 | 손실: 0.2766 | 학습: 92.9% | 검증: 84.9% | lr: 1.00e-06 | 0.3s
  에폭 1750/2000 | 손실: 0.2763 | 학습: 92.9% | 검증: 84.8% | lr: 1.00e-06 | 0.3s
  에폭 1751/2000 | 손실: 0.2828 | 학습: 92.9% | 검증: 85.0% | lr: 1.00e-06 | 0.3s
  에폭 1752/2000 | 손실: 0.2754 | 학습: 92.9% | 검증: 84.7% | lr: 1.00e-06 | 0.3s
  에폭 1753/2000 | 손실: 0.2734 | 학습: 92.9% | 검증: 84.7% | lr: 1.00e-06 | 0.4s
  에폭 1754/2000 | 손실: 0.2789 | 학습: 92.6% | 검증: 85.2% | lr: 1.00e-06 | 0.3s
  에폭 1755/2000 | 손실: 0.2782 | 학습: 93.0% | 검증: 84.8% | lr: 1.00e-06 | 0.3s
  에폭 1756/2000 | 손실: 0.2797 | 학습: 92.9% | 검증: 84.8% | lr: 1.00e-06 | 0.3s
  에폭 1757/2000 | 손실: 0.2749 | 학습: 92.9% | 검증: 84.8% | lr: 1.00e-06 | 0.3s
  에폭 1758/2000 | 손실: 0.2775 | 학습: 92.8% | 검증: 85.1% | lr: 1.00e-06 | 0.3s
  에폭 1759/2000 | 손실: 0.2787 | 학습: 92.9% | 검증: 84.8% | lr: 1.00e-06 | 0.3s
  에폭 1760/2000 | 손실: 0.2791 | 학습: 92.9% | 검증: 84.9% | lr: 1.00e-06 | 0.3s
  에폭 1761/2000 | 손실: 0.2741 | 학습: 92.9% | 검증: 85.0% | lr: 1.00e-06 | 0.3s
  에폭 1762/2000 | 손실: 0.2803 | 학습: 92.9% | 검증: 85.0% | lr: 1.00e-06 | 0.3s
  에폭 1763/2000 | 손실: 0.2759 | 학습: 92.9% | 검증: 84.8% | lr: 1.00e-06 | 0.3s
  에폭 1764/2000 | 손실: 0.2826 | 학습: 92.8% | 검증: 84.7% | lr: 1.00e-06 | 0.3s
  에폭 1765/2000 | 손실: 0.2730 | 학습: 92.8% | 검증: 84.7% | lr: 1.00e-06 | 0.3s
  에폭 1766/2000 | 손실: 0.2776 | 학습: 92.9% | 검증: 84.8% | lr: 1.00e-06 | 0.3s
  에폭 1767/2000 | 손실: 0.2796 | 학습: 92.8% | 검증: 84.9% | lr: 1.00e-06 | 0.3s
  에폭 1768/2000 | 손실: 0.2754 | 학습: 92.9% | 검증: 84.9% | lr: 1.00e-06 | 0.3s
  에폭 1769/2000 | 손실: 0.2824 | 학습: 92.8% | 검증: 84.8% | lr: 1.00e-06 | 0.3s
  에폭 1770/2000 | 손실: 0.2772 | 학습: 92.9% | 검증: 84.6% | lr: 1.00e-06 | 0.3s
  에폭 1771/2000 | 손실: 0.2817 | 학습: 92.8% | 검증: 85.1% | lr: 1.00e-06 | 0.3s
  에폭 1772/2000 | 손실: 0.2763 | 학습: 92.8% | 검증: 85.0% | lr: 1.00e-06 | 0.3s
  에폭 1773/2000 | 손실: 0.2788 | 학습: 92.9% | 검증: 85.1% | lr: 1.00e-06 | 0.3s
  에폭 1774/2000 | 손실: 0.2810 | 학습: 92.9% | 검증: 85.0% | lr: 1.00e-06 | 0.3s
  에폭 1775/2000 | 손실: 0.2773 | 학습: 92.8% | 검증: 84.8% | lr: 1.00e-06 | 0.3s
  에폭 1776/2000 | 손실: 0.2754 | 학습: 92.9% | 검증: 84.5% | lr: 1.00e-06 | 0.3s
  에폭 1777/2000 | 손실: 0.2766 | 학습: 92.7% | 검증: 85.0% | lr: 1.00e-06 | 0.3s
  에폭 1778/2000 | 손실: 0.2759 | 학습: 92.8% | 검증: 85.1% | lr: 1.00e-06 | 0.3s
  에폭 1779/2000 | 손실: 0.2805 | 학습: 92.7% | 검증: 84.7% | lr: 1.00e-06 | 0.3s
  에폭 1780/2000 | 손실: 0.2758 | 학습: 92.9% | 검증: 84.9% | lr: 1.00e-06 | 0.3s
  에폭 1781/2000 | 손실: 0.2734 | 학습: 92.9% | 검증: 85.1% | lr: 1.00e-06 | 0.3s
  에폭 1782/2000 | 손실: 0.2756 | 학습: 92.9% | 검증: 84.9% | lr: 1.00e-06 | 0.3s
  에폭 1783/2000 | 손실: 0.2758 | 학습: 92.9% | 검증: 85.2% | lr: 1.00e-06 | 0.3s
  에폭 1784/2000 | 손실: 0.2763 | 학습: 92.8% | 검증: 84.9% | lr: 1.00e-06 | 0.3s
  에폭 1785/2000 | 손실: 0.2752 | 학습: 92.8% | 검증: 84.8% | lr: 1.00e-06 | 0.3s
  에폭 1786/2000 | 손실: 0.2813 | 학습: 92.8% | 검증: 84.9% | lr: 1.00e-06 | 0.3s
  에폭 1787/2000 | 손실: 0.2775 | 학습: 92.9% | 검증: 84.8% | lr: 1.00e-06 | 0.3s
  에폭 1788/2000 | 손실: 0.2728 | 학습: 92.9% | 검증: 84.9% | lr: 1.00e-06 | 0.3s
  에폭 1789/2000 | 손실: 0.2737 | 학습: 92.8% | 검증: 85.0% | lr: 1.00e-06 | 0.3s
  에폭 1790/2000 | 손실: 0.2791 | 학습: 93.0% | 검증: 84.9% | lr: 1.00e-06 | 0.3s
  에폭 1791/2000 | 손실: 0.2728 | 학습: 92.8% | 검증: 85.1% | lr: 1.00e-06 | 0.3s
  에폭 1792/2000 | 손실: 0.2754 | 학습: 92.9% | 검증: 84.9% | lr: 1.00e-06 | 0.3s
  에폭 1793/2000 | 손실: 0.2794 | 학습: 92.9% | 검증: 85.0% | lr: 1.00e-06 | 0.3s
  에폭 1794/2000 | 손실: 0.2748 | 학습: 92.9% | 검증: 84.8% | lr: 1.00e-06 | 0.3s
  에폭 1795/2000 | 손실: 0.2811 | 학습: 92.9% | 검증: 85.0% | lr: 1.00e-06 | 0.3s
  에폭 1796/2000 | 손실: 0.2746 | 학습: 92.9% | 검증: 85.2% | lr: 1.00e-06 | 0.3s
  에폭 1797/2000 | 손실: 0.2766 | 학습: 92.9% | 검증: 84.9% | lr: 1.00e-06 | 0.3s
  에폭 1798/2000 | 손실: 0.2737 | 학습: 92.9% | 검증: 85.0% | lr: 1.00e-06 | 0.3s
  에폭 1799/2000 | 손실: 0.2783 | 학습: 93.0% | 검증: 84.8% | lr: 1.00e-06 | 0.3s
  에폭 1800/2000 | 손실: 0.2707 | 학습: 92.9% | 검증: 85.1% | lr: 1.00e-06 | 0.3s
  에폭 1801/2000 | 손실: 0.2789 | 학습: 92.9% | 검증: 84.9% | lr: 1.00e-06 | 0.3s
  에폭 1802/2000 | 손실: 0.2840 | 학습: 92.4% | 검증: 84.7% | lr: 1.00e-06 | 0.3s
  에폭 1803/2000 | 손실: 0.2761 | 학습: 92.9% | 검증: 84.9% | lr: 1.00e-06 | 0.2s
  에폭 1804/2000 | 손실: 0.2816 | 학습: 92.9% | 검증: 85.0% | lr: 1.00e-06 | 0.3s
  에폭 1805/2000 | 손실: 0.2727 | 학습: 93.0% | 검증: 84.9% | lr: 1.00e-06 | 0.3s
  에폭 1806/2000 | 손실: 0.2876 | 학습: 92.9% | 검증: 84.9% | lr: 1.00e-06 | 0.3s
  에폭 1807/2000 | 손실: 0.2747 | 학습: 92.9% | 검증: 85.1% | lr: 1.00e-06 | 0.3s
  에폭 1808/2000 | 손실: 0.2794 | 학습: 92.9% | 검증: 84.9% | lr: 1.00e-06 | 0.3s
  에폭 1809/2000 | 손실: 0.2794 | 학습: 92.9% | 검증: 84.8% | lr: 1.00e-06 | 0.3s
  에폭 1810/2000 | 손실: 0.2761 | 학습: 92.9% | 검증: 85.0% | lr: 1.00e-06 | 0.3s
  에폭 1811/2000 | 손실: 0.2831 | 학습: 92.9% | 검증: 85.0% | lr: 1.00e-06 | 0.3s
  에폭 1812/2000 | 손실: 0.2740 | 학습: 92.9% | 검증: 85.0% | lr: 1.00e-06 | 0.3s
  에폭 1813/2000 | 손실: 0.2817 | 학습: 92.8% | 검증: 84.9% | lr: 1.00e-06 | 0.3s
  에폭 1814/2000 | 손실: 0.2806 | 학습: 92.9% | 검증: 84.9% | lr: 1.00e-06 | 0.3s
  에폭 1815/2000 | 손실: 0.2790 | 학습: 92.8% | 검증: 85.0% | lr: 1.00e-06 | 0.3s
  에폭 1816/2000 | 손실: 0.2808 | 학습: 92.8% | 검증: 84.8% | lr: 1.00e-06 | 0.3s
  에폭 1817/2000 | 손실: 0.2785 | 학습: 92.9% | 검증: 84.9% | lr: 1.00e-06 | 0.3s
  에폭 1818/2000 | 손실: 0.2757 | 학습: 92.9% | 검증: 85.3% | lr: 1.00e-06 | 0.3s
  에폭 1819/2000 | 손실: 0.2800 | 학습: 92.8% | 검증: 85.1% | lr: 1.00e-06 | 0.3s
  에폭 1820/2000 | 손실: 0.2775 | 학습: 92.7% | 검증: 85.0% | lr: 1.00e-06 | 0.3s
  에폭 1821/2000 | 손실: 0.2711 | 학습: 93.0% | 검증: 84.9% | lr: 1.00e-06 | 0.3s
  에폭 1822/2000 | 손실: 0.2783 | 학습: 92.9% | 검증: 85.0% | lr: 1.00e-06 | 0.3s
  에폭 1823/2000 | 손실: 0.2788 | 학습: 92.8% | 검증: 84.9% | lr: 1.00e-06 | 0.3s
  에폭 1824/2000 | 손실: 0.2839 | 학습: 92.8% | 검증: 84.9% | lr: 1.00e-06 | 0.3s
  에폭 1825/2000 | 손실: 0.2807 | 학습: 92.8% | 검증: 84.9% | lr: 1.00e-06 | 0.3s
  에폭 1826/2000 | 손실: 0.2795 | 학습: 92.8% | 검증: 85.2% | lr: 1.00e-06 | 0.3s
  에폭 1827/2000 | 손실: 0.2829 | 학습: 92.9% | 검증: 84.8% | lr: 1.00e-06 | 0.3s
  에폭 1828/2000 | 손실: 0.2841 | 학습: 92.8% | 검증: 84.9% | lr: 1.00e-06 | 0.3s
  에폭 1829/2000 | 손실: 0.2790 | 학습: 92.8% | 검증: 84.8% | lr: 1.00e-06 | 0.3s
  에폭 1830/2000 | 손실: 0.2743 | 학습: 92.9% | 검증: 85.2% | lr: 1.00e-06 | 0.3s
  에폭 1831/2000 | 손실: 0.2755 | 학습: 92.8% | 검증: 84.7% | lr: 1.00e-06 | 0.3s
  에폭 1832/2000 | 손실: 0.2713 | 학습: 92.9% | 검증: 84.7% | lr: 1.00e-06 | 0.3s
  에폭 1833/2000 | 손실: 0.2768 | 학습: 92.9% | 검증: 84.8% | lr: 1.00e-06 | 0.3s
  에폭 1834/2000 | 손실: 0.2838 | 학습: 92.7% | 검증: 85.2% | lr: 1.00e-06 | 0.3s
  에폭 1835/2000 | 손실: 0.2786 | 학습: 92.9% | 검증: 85.1% | lr: 1.00e-06 | 0.3s
  에폭 1836/2000 | 손실: 0.2759 | 학습: 92.8% | 검증: 84.8% | lr: 1.00e-06 | 0.3s
  에폭 1837/2000 | 손실: 0.2820 | 학습: 92.9% | 검증: 85.0% | lr: 1.00e-06 | 0.3s
  에폭 1838/2000 | 손실: 0.2836 | 학습: 92.9% | 검증: 84.9% | lr: 1.00e-06 | 0.3s
  에폭 1839/2000 | 손실: 0.2757 | 학습: 93.0% | 검증: 85.0% | lr: 1.00e-06 | 0.3s
  에폭 1840/2000 | 손실: 0.2787 | 학습: 92.9% | 검증: 85.1% | lr: 1.00e-06 | 0.3s
  에폭 1841/2000 | 손실: 0.2782 | 학습: 92.8% | 검증: 85.1% | lr: 1.00e-06 | 0.3s
  에폭 1842/2000 | 손실: 0.2774 | 학습: 92.9% | 검증: 84.9% | lr: 1.00e-06 | 0.3s
  에폭 1843/2000 | 손실: 0.2704 | 학습: 92.9% | 검증: 84.9% | lr: 1.00e-06 | 0.3s
  에폭 1844/2000 | 손실: 0.2732 | 학습: 92.9% | 검증: 84.9% | lr: 1.00e-06 | 0.3s
  에폭 1845/2000 | 손실: 0.2793 | 학습: 93.0% | 검증: 84.9% | lr: 1.00e-06 | 0.3s
  에폭 1846/2000 | 손실: 0.2777 | 학습: 92.9% | 검증: 84.9% | lr: 1.00e-06 | 0.3s
  에폭 1847/2000 | 손실: 0.2791 | 학습: 92.9% | 검증: 84.7% | lr: 1.00e-06 | 0.3s
  에폭 1848/2000 | 손실: 0.2754 | 학습: 92.9% | 검증: 85.0% | lr: 1.00e-06 | 0.3s
  에폭 1849/2000 | 손실: 0.2794 | 학습: 92.9% | 검증: 84.8% | lr: 1.00e-06 | 0.2s
  에폭 1850/2000 | 손실: 0.2764 | 학습: 92.9% | 검증: 84.9% | lr: 1.00e-06 | 0.3s
  에폭 1851/2000 | 손실: 0.2764 | 학습: 92.8% | 검증: 85.0% | lr: 1.00e-06 | 0.3s
  에폭 1852/2000 | 손실: 0.2778 | 학습: 92.8% | 검증: 84.9% | lr: 1.00e-06 | 0.3s
  에폭 1853/2000 | 손실: 0.2789 | 학습: 92.8% | 검증: 85.0% | lr: 1.00e-06 | 0.3s
  에폭 1854/2000 | 손실: 0.2808 | 학습: 92.9% | 검증: 84.9% | lr: 1.00e-06 | 0.3s
  에폭 1855/2000 | 손실: 0.2778 | 학습: 92.9% | 검증: 84.8% | lr: 1.00e-06 | 0.3s
  에폭 1856/2000 | 손실: 0.2840 | 학습: 92.6% | 검증: 84.8% | lr: 1.00e-06 | 0.3s
  에폭 1857/2000 | 손실: 0.2805 | 학습: 92.9% | 검증: 85.0% | lr: 1.00e-06 | 0.3s
  에폭 1858/2000 | 손실: 0.2752 | 학습: 92.9% | 검증: 84.8% | lr: 1.00e-06 | 0.3s
  에폭 1859/2000 | 손실: 0.2806 | 학습: 92.8% | 검증: 84.9% | lr: 1.00e-06 | 0.3s
  에폭 1860/2000 | 손실: 0.2741 | 학습: 92.8% | 검증: 85.0% | lr: 1.00e-06 | 0.3s
  에폭 1861/2000 | 손실: 0.2734 | 학습: 92.9% | 검증: 84.8% | lr: 1.00e-06 | 0.3s
  에폭 1862/2000 | 손실: 0.2727 | 학습: 92.9% | 검증: 85.0% | lr: 1.00e-06 | 0.3s
  에폭 1863/2000 | 손실: 0.2797 | 학습: 92.9% | 검증: 84.8% | lr: 1.00e-06 | 0.3s
  에폭 1864/2000 | 손실: 0.2741 | 학습: 92.8% | 검증: 84.9% | lr: 1.00e-06 | 0.3s
  에폭 1865/2000 | 손실: 0.2796 | 학습: 92.9% | 검증: 84.8% | lr: 1.00e-06 | 0.3s
  에폭 1866/2000 | 손실: 0.2761 | 학습: 92.8% | 검증: 84.9% | lr: 1.00e-06 | 0.3s
  에폭 1867/2000 | 손실: 0.2785 | 학습: 92.8% | 검증: 84.8% | lr: 1.00e-06 | 0.3s
  에폭 1868/2000 | 손실: 0.2751 | 학습: 92.8% | 검증: 84.8% | lr: 1.00e-06 | 0.3s
  에폭 1869/2000 | 손실: 0.2786 | 학습: 92.9% | 검증: 84.8% | lr: 1.00e-06 | 0.3s
  에폭 1870/2000 | 손실: 0.2763 | 학습: 92.9% | 검증: 85.2% | lr: 1.00e-06 | 0.3s
  에폭 1871/2000 | 손실: 0.2809 | 학습: 93.0% | 검증: 84.9% | lr: 1.00e-06 | 0.3s
  에폭 1872/2000 | 손실: 0.2775 | 학습: 92.7% | 검증: 84.8% | lr: 1.00e-06 | 0.3s
  에폭 1873/2000 | 손실: 0.2813 | 학습: 92.8% | 검증: 84.9% | lr: 1.00e-06 | 0.3s
  에폭 1874/2000 | 손실: 0.2797 | 학습: 92.9% | 검증: 85.1% | lr: 1.00e-06 | 0.3s
  에폭 1875/2000 | 손실: 0.2747 | 학습: 92.9% | 검증: 84.8% | lr: 1.00e-06 | 0.3s
  에폭 1876/2000 | 손실: 0.2760 | 학습: 92.9% | 검증: 85.1% | lr: 1.00e-06 | 0.3s
  에폭 1877/2000 | 손실: 0.2760 | 학습: 92.9% | 검증: 84.8% | lr: 1.00e-06 | 0.3s
  에폭 1878/2000 | 손실: 0.2782 | 학습: 92.8% | 검증: 84.9% | lr: 1.00e-06 | 0.3s
  에폭 1879/2000 | 손실: 0.2790 | 학습: 92.8% | 검증: 84.7% | lr: 1.00e-06 | 0.3s
  에폭 1880/2000 | 손실: 0.2824 | 학습: 92.9% | 검증: 85.0% | lr: 1.00e-06 | 0.3s
  에폭 1881/2000 | 손실: 0.2738 | 학습: 92.8% | 검증: 85.1% | lr: 1.00e-06 | 0.3s
  에폭 1882/2000 | 손실: 0.2801 | 학습: 92.8% | 검증: 85.0% | lr: 1.00e-06 | 0.3s
  에폭 1883/2000 | 손실: 0.2784 | 학습: 92.8% | 검증: 84.8% | lr: 1.00e-06 | 0.3s
  에폭 1884/2000 | 손실: 0.2784 | 학습: 92.9% | 검증: 84.9% | lr: 1.00e-06 | 0.3s
  에폭 1885/2000 | 손실: 0.2764 | 학습: 92.9% | 검증: 84.8% | lr: 1.00e-06 | 0.3s
  에폭 1886/2000 | 손실: 0.2778 | 학습: 92.9% | 검증: 85.0% | lr: 1.00e-06 | 0.3s
  에폭 1887/2000 | 손실: 0.2776 | 학습: 92.9% | 검증: 85.0% | lr: 1.00e-06 | 0.3s
  에폭 1888/2000 | 손실: 0.2842 | 학습: 92.8% | 검증: 85.1% | lr: 1.00e-06 | 0.3s
  에폭 1889/2000 | 손실: 0.2796 | 학습: 92.8% | 검증: 85.0% | lr: 1.00e-06 | 0.3s
  에폭 1890/2000 | 손실: 0.2736 | 학습: 92.8% | 검증: 84.9% | lr: 1.00e-06 | 0.3s
  에폭 1891/2000 | 손실: 0.2760 | 학습: 92.9% | 검증: 84.5% | lr: 1.00e-06 | 0.3s
  에폭 1892/2000 | 손실: 0.2765 | 학습: 92.9% | 검증: 84.8% | lr: 1.00e-06 | 0.3s
  에폭 1893/2000 | 손실: 0.2831 | 학습: 92.8% | 검증: 84.9% | lr: 1.00e-06 | 0.3s
  에폭 1894/2000 | 손실: 0.2776 | 학습: 92.8% | 검증: 85.1% | lr: 1.00e-06 | 0.3s
  에폭 1895/2000 | 손실: 0.2779 | 학습: 92.9% | 검증: 85.2% | lr: 1.00e-06 | 0.3s
  에폭 1896/2000 | 손실: 0.2780 | 학습: 92.8% | 검증: 85.1% | lr: 1.00e-06 | 0.3s
  에폭 1897/2000 | 손실: 0.2788 | 학습: 92.8% | 검증: 85.0% | lr: 1.00e-06 | 0.3s
  에폭 1898/2000 | 손실: 0.2754 | 학습: 92.9% | 검증: 85.0% | lr: 1.00e-06 | 0.3s
  에폭 1899/2000 | 손실: 0.2771 | 학습: 92.8% | 검증: 84.9% | lr: 1.00e-06 | 0.3s
  에폭 1900/2000 | 손실: 0.2785 | 학습: 92.9% | 검증: 85.0% | lr: 1.00e-06 | 0.3s
  에폭 1901/2000 | 손실: 0.2798 | 학습: 93.0% | 검증: 85.0% | lr: 1.00e-06 | 0.3s
  에폭 1902/2000 | 손실: 0.2822 | 학습: 92.9% | 검증: 84.6% | lr: 1.00e-06 | 0.3s
  에폭 1903/2000 | 손실: 0.2777 | 학습: 92.9% | 검증: 84.7% | lr: 1.00e-06 | 0.3s
  에폭 1904/2000 | 손실: 0.2765 | 학습: 92.9% | 검증: 84.7% | lr: 1.00e-06 | 0.4s
  에폭 1905/2000 | 손실: 0.2760 | 학습: 92.9% | 검증: 84.9% | lr: 1.00e-06 | 0.3s
  에폭 1906/2000 | 손실: 0.2764 | 학습: 92.9% | 검증: 84.7% | lr: 1.00e-06 | 0.3s
  에폭 1907/2000 | 손실: 0.2779 | 학습: 92.9% | 검증: 84.7% | lr: 1.00e-06 | 0.3s
  에폭 1908/2000 | 손실: 0.2778 | 학습: 92.8% | 검증: 85.1% | lr: 1.00e-06 | 0.3s
  에폭 1909/2000 | 손실: 0.2752 | 학습: 92.9% | 검증: 84.7% | lr: 1.00e-06 | 0.3s
  에폭 1910/2000 | 손실: 0.2753 | 학습: 92.9% | 검증: 84.9% | lr: 1.00e-06 | 0.3s
  에폭 1911/2000 | 손실: 0.2729 | 학습: 92.9% | 검증: 84.8% | lr: 1.00e-06 | 0.3s
  에폭 1912/2000 | 손실: 0.2799 | 학습: 92.9% | 검증: 85.0% | lr: 1.00e-06 | 0.3s
  에폭 1913/2000 | 손실: 0.2813 | 학습: 92.8% | 검증: 84.7% | lr: 1.00e-06 | 0.3s
  에폭 1914/2000 | 손실: 0.2818 | 학습: 92.8% | 검증: 85.0% | lr: 1.00e-06 | 0.3s
  에폭 1915/2000 | 손실: 0.2827 | 학습: 92.9% | 검증: 84.8% | lr: 1.00e-06 | 0.3s
  에폭 1916/2000 | 손실: 0.2784 | 학습: 93.0% | 검증: 84.8% | lr: 1.00e-06 | 0.3s
  에폭 1917/2000 | 손실: 0.2814 | 학습: 92.9% | 검증: 84.7% | lr: 1.00e-06 | 0.3s
  에폭 1918/2000 | 손실: 0.2762 | 학습: 92.9% | 검증: 84.9% | lr: 1.00e-06 | 0.3s
  에폭 1919/2000 | 손실: 0.2773 | 학습: 92.8% | 검증: 84.8% | lr: 1.00e-06 | 0.3s
  에폭 1920/2000 | 손실: 0.2705 | 학습: 92.9% | 검증: 84.8% | lr: 1.00e-06 | 0.3s
  에폭 1921/2000 | 손실: 0.2767 | 학습: 92.6% | 검증: 84.5% | lr: 1.00e-06 | 0.3s
  에폭 1922/2000 | 손실: 0.2727 | 학습: 93.0% | 검증: 85.0% | lr: 1.00e-06 | 0.3s
  에폭 1923/2000 | 손실: 0.2746 | 학습: 92.9% | 검증: 84.8% | lr: 1.00e-06 | 0.3s
  에폭 1924/2000 | 손실: 0.2791 | 학습: 92.9% | 검증: 84.9% | lr: 1.00e-06 | 0.3s
  에폭 1925/2000 | 손실: 0.2799 | 학습: 92.9% | 검증: 85.0% | lr: 1.00e-06 | 0.4s
  에폭 1926/2000 | 손실: 0.2752 | 학습: 92.9% | 검증: 84.9% | lr: 1.00e-06 | 0.3s
  에폭 1927/2000 | 손실: 0.2769 | 학습: 92.9% | 검증: 84.7% | lr: 1.00e-06 | 0.3s
  에폭 1928/2000 | 손실: 0.2773 | 학습: 92.9% | 검증: 84.9% | lr: 1.00e-06 | 0.3s
  에폭 1929/2000 | 손실: 0.2719 | 학습: 92.9% | 검증: 85.0% | lr: 1.00e-06 | 0.3s
  에폭 1930/2000 | 손실: 0.2754 | 학습: 92.8% | 검증: 85.1% | lr: 1.00e-06 | 0.3s
  에폭 1931/2000 | 손실: 0.2803 | 학습: 92.8% | 검증: 84.5% | lr: 1.00e-06 | 0.3s
  에폭 1932/2000 | 손실: 0.2794 | 학습: 92.8% | 검증: 84.9% | lr: 1.00e-06 | 0.3s
  에폭 1933/2000 | 손실: 0.2745 | 학습: 92.9% | 검증: 85.0% | lr: 1.00e-06 | 0.3s
  에폭 1934/2000 | 손실: 0.2760 | 학습: 92.9% | 검증: 85.0% | lr: 1.00e-06 | 0.3s
  에폭 1935/2000 | 손실: 0.2763 | 학습: 92.9% | 검증: 85.1% | lr: 1.00e-06 | 0.3s
  에폭 1936/2000 | 손실: 0.2802 | 학습: 92.9% | 검증: 84.9% | lr: 1.00e-06 | 0.3s
  에폭 1937/2000 | 손실: 0.2767 | 학습: 92.8% | 검증: 84.9% | lr: 1.00e-06 | 0.3s
  에폭 1938/2000 | 손실: 0.2690 | 학습: 92.8% | 검증: 84.8% | lr: 1.00e-06 | 0.3s
  에폭 1939/2000 | 손실: 0.2782 | 학습: 92.9% | 검증: 84.6% | lr: 1.00e-06 | 0.3s
  에폭 1940/2000 | 손실: 0.2827 | 학습: 92.7% | 검증: 84.7% | lr: 1.00e-06 | 0.3s
  에폭 1941/2000 | 손실: 0.2823 | 학습: 93.0% | 검증: 84.9% | lr: 1.00e-06 | 0.3s
  에폭 1942/2000 | 손실: 0.2762 | 학습: 92.8% | 검증: 84.7% | lr: 1.00e-06 | 0.3s
  에폭 1943/2000 | 손실: 0.2757 | 학습: 92.8% | 검증: 85.0% | lr: 1.00e-06 | 0.3s
  에폭 1944/2000 | 손실: 0.2719 | 학습: 92.9% | 검증: 84.9% | lr: 1.00e-06 | 0.3s
  에폭 1945/2000 | 손실: 0.2781 | 학습: 92.8% | 검증: 84.8% | lr: 1.00e-06 | 0.3s
  에폭 1946/2000 | 손실: 0.2746 | 학습: 93.0% | 검증: 84.8% | lr: 1.00e-06 | 0.3s
  에폭 1947/2000 | 손실: 0.2743 | 학습: 92.7% | 검증: 85.0% | lr: 1.00e-06 | 0.3s
  에폭 1948/2000 | 손실: 0.2794 | 학습: 92.8% | 검증: 85.2% | lr: 1.00e-06 | 0.3s
  에폭 1949/2000 | 손실: 0.2791 | 학습: 92.9% | 검증: 84.7% | lr: 1.00e-06 | 0.3s
  에폭 1950/2000 | 손실: 0.2753 | 학습: 92.8% | 검증: 84.9% | lr: 1.00e-06 | 0.3s
  에폭 1951/2000 | 손실: 0.2785 | 학습: 92.8% | 검증: 85.1% | lr: 1.00e-06 | 0.3s
  에폭 1952/2000 | 손실: 0.2818 | 학습: 92.8% | 검증: 85.0% | lr: 1.00e-06 | 0.3s
  에폭 1953/2000 | 손실: 0.2753 | 학습: 92.9% | 검증: 84.9% | lr: 1.00e-06 | 0.3s
  에폭 1954/2000 | 손실: 0.2761 | 학습: 92.8% | 검증: 84.8% | lr: 1.00e-06 | 0.3s
  에폭 1955/2000 | 손실: 0.2746 | 학습: 92.8% | 검증: 84.8% | lr: 1.00e-06 | 0.3s
  에폭 1956/2000 | 손실: 0.2755 | 학습: 92.9% | 검증: 85.1% | lr: 1.00e-06 | 0.3s
  에폭 1957/2000 | 손실: 0.2745 | 학습: 92.9% | 검증: 85.2% | lr: 1.00e-06 | 0.3s
  에폭 1958/2000 | 손실: 0.2752 | 학습: 92.9% | 검증: 84.9% | lr: 1.00e-06 | 0.3s
  에폭 1959/2000 | 손실: 0.2819 | 학습: 92.9% | 검증: 85.1% | lr: 1.00e-06 | 0.3s
  에폭 1960/2000 | 손실: 0.2764 | 학습: 92.9% | 검증: 84.7% | lr: 1.00e-06 | 0.3s
  에폭 1961/2000 | 손실: 0.2796 | 학습: 92.9% | 검증: 84.9% | lr: 1.00e-06 | 0.3s
  에폭 1962/2000 | 손실: 0.2794 | 학습: 92.8% | 검증: 84.8% | lr: 1.00e-06 | 0.3s
  에폭 1963/2000 | 손실: 0.2764 | 학습: 92.8% | 검증: 84.8% | lr: 1.00e-06 | 0.3s
  에폭 1964/2000 | 손실: 0.2755 | 학습: 92.9% | 검증: 85.2% | lr: 1.00e-06 | 0.3s
  에폭 1965/2000 | 손실: 0.2771 | 학습: 92.9% | 검증: 84.7% | lr: 1.00e-06 | 0.3s
  에폭 1966/2000 | 손실: 0.2784 | 학습: 92.8% | 검증: 84.7% | lr: 1.00e-06 | 0.3s
  에폭 1967/2000 | 손실: 0.2779 | 학습: 92.8% | 검증: 84.8% | lr: 1.00e-06 | 0.3s
  에폭 1968/2000 | 손실: 0.2773 | 학습: 93.0% | 검증: 84.9% | lr: 1.00e-06 | 0.3s
  에폭 1969/2000 | 손실: 0.2735 | 학습: 92.9% | 검증: 85.0% | lr: 1.00e-06 | 0.3s
  에폭 1970/2000 | 손실: 0.2800 | 학습: 92.9% | 검증: 84.9% | lr: 1.00e-06 | 0.3s
  에폭 1971/2000 | 손실: 0.2775 | 학습: 93.0% | 검증: 84.9% | lr: 1.00e-06 | 0.3s
  에폭 1972/2000 | 손실: 0.2795 | 학습: 92.9% | 검증: 85.0% | lr: 1.00e-06 | 0.3s
  에폭 1973/2000 | 손실: 0.2834 | 학습: 92.7% | 검증: 85.0% | lr: 1.00e-06 | 0.3s
  에폭 1974/2000 | 손실: 0.2728 | 학습: 92.8% | 검증: 85.0% | lr: 1.00e-06 | 0.3s
  에폭 1975/2000 | 손실: 0.2840 | 학습: 92.8% | 검증: 85.0% | lr: 1.00e-06 | 0.3s
  에폭 1976/2000 | 손실: 0.2737 | 학습: 92.9% | 검증: 85.1% | lr: 1.00e-06 | 0.3s
  에폭 1977/2000 | 손실: 0.2808 | 학습: 92.7% | 검증: 84.6% | lr: 1.00e-06 | 0.3s
  에폭 1978/2000 | 손실: 0.2780 | 학습: 92.9% | 검증: 85.1% | lr: 1.00e-06 | 0.3s
  에폭 1979/2000 | 손실: 0.2748 | 학습: 92.9% | 검증: 84.8% | lr: 1.00e-06 | 0.3s
  에폭 1980/2000 | 손실: 0.2756 | 학습: 92.9% | 검증: 84.9% | lr: 1.00e-06 | 0.3s
  에폭 1981/2000 | 손실: 0.2783 | 학습: 92.8% | 검증: 84.9% | lr: 1.00e-06 | 0.3s
  에폭 1982/2000 | 손실: 0.2773 | 학습: 92.9% | 검증: 84.8% | lr: 1.00e-06 | 0.3s
  에폭 1983/2000 | 손실: 0.2821 | 학습: 92.9% | 검증: 84.6% | lr: 1.00e-06 | 0.3s
  에폭 1984/2000 | 손실: 0.2772 | 학습: 92.9% | 검증: 84.7% | lr: 1.00e-06 | 0.3s
  에폭 1985/2000 | 손실: 0.2812 | 학습: 92.9% | 검증: 84.8% | lr: 1.00e-06 | 0.3s
  에폭 1986/2000 | 손실: 0.2839 | 학습: 92.8% | 검증: 85.0% | lr: 1.00e-06 | 0.3s
  에폭 1987/2000 | 손실: 0.2830 | 학습: 93.0% | 검증: 84.8% | lr: 1.00e-06 | 0.3s
  에폭 1988/2000 | 손실: 0.2729 | 학습: 92.9% | 검증: 84.7% | lr: 1.00e-06 | 0.3s
  에폭 1989/2000 | 손실: 0.2779 | 학습: 92.9% | 검증: 85.2% | lr: 1.00e-06 | 0.3s
  에폭 1990/2000 | 손실: 0.2735 | 학습: 92.8% | 검증: 85.0% | lr: 1.00e-06 | 0.3s
  에폭 1991/2000 | 손실: 0.2772 | 학습: 92.9% | 검증: 84.8% | lr: 1.00e-06 | 0.3s
  에폭 1992/2000 | 손실: 0.2735 | 학습: 92.7% | 검증: 84.9% | lr: 1.00e-06 | 0.3s
  에폭 1993/2000 | 손실: 0.2813 | 학습: 92.9% | 검증: 84.9% | lr: 1.00e-06 | 0.3s
  에폭 1994/2000 | 손실: 0.2810 | 학습: 92.9% | 검증: 85.0% | lr: 1.00e-06 | 0.3s
  에폭 1995/2000 | 손실: 0.2798 | 학습: 92.9% | 검증: 84.7% | lr: 1.00e-06 | 0.3s
  에폭 1996/2000 | 손실: 0.2800 | 학습: 92.9% | 검증: 84.9% | lr: 1.00e-06 | 0.3s
  에폭 1997/2000 | 손실: 0.2848 | 학습: 92.9% | 검증: 85.1% | lr: 1.00e-06 | 0.3s
  에폭 1998/2000 | 손실: 0.2794 | 학습: 93.0% | 검증: 84.9% | lr: 1.00e-06 | 0.3s
  에폭 1999/2000 | 손실: 0.2724 | 학습: 92.8% | 검증: 84.8% | lr: 1.00e-06 | 0.3s
  에폭 2000/2000 | 손실: 0.2759 | 학습: 92.8% | 검증: 84.9% | lr: 1.00e-06 | 0.3s
[MLP] ✅ 학습 완료 | [128 → 64 → 32] | 최고 검증 정확도: 85.3%  (베스트 체크포인트 복원됨)
[MLP] ⏱  전체 학습 시간: 11분 27초 (687.7s)
[MLP] ── Permutation Importance (베이스라인 정확도: 85.3%) ─
   1. SPECTRAL_ROLLOFF              Δacc=++0.2056  █████████████████████████████████████████  (스펙트럼 롤오프)
   2. CENTROID                      Δacc=++0.2008  ████████████████████████████████████████  (스펙트럼 무게중심)
   3. SPECTRAL_BANDWIDTH            Δacc=++0.1889  ██████████████████████████████████████  (스펙트럼 대역폭)
   4. SKEWNESS                      Δacc=++0.1865  █████████████████████████████████████  (스펙트럼 비대칭도)
   5. HIGH_RATIO                    Δacc=++0.1815  ████████████████████████████████████  (고주파 비율 (10Hz↑))
   6. SPECTRAL_FLATNESS             Δacc=++0.1705  ██████████████████████████████████  (스펙트럼 평탄도)
   7. MID_RATIO                     Δacc=++0.1697  ██████████████████████████████████  (중주파 비율 (5~10Hz))
   8. LOW_RATIO                     Δacc=++0.1621  ████████████████████████████████  (저주파 비율 (0~5Hz))
   9. PEAK_FREQ                     Δacc=++0.1255  █████████████████████████  (1위 피크 주파수)
  10. KURTOSIS                      Δacc=++0.1109  ██████████████████████  (에너지 분포 첨도)
  11. PEAK_TO_AVG_E                 Δacc=++0.1106  ██████████████████████  (피크/평균 에너지 비)
  12. SECOND_PEAK_FREQ              Δacc=++0.0670  █████████████  (2번째 피크 주파수)
  13. PEAK1_TO_PEAK2_RATIO          Δacc=++0.0634  █████████████  (1·2위 피크 비율)
  14. PEAK_COUNT                    Δacc=++0.0472  █████████  (피크 빈 개수)
  15. RMS                           Δacc=++0.0430  █████████  (RMS 에너지)
  16. DC_RATIO                      Δacc=++0.0355  ███████  (DC 성분 비율)
  17. DELTA_PEAK_FREQ               Δacc=++0.0118  ██  (피크 주파수 변화량)
  18. AVG_ENERGY                    Δacc=++0.0105  ██  (평균 에너지)
  19. PEAK_ENERGY                   Δacc=++0.0098  ██  (피크 에너지)
  20. ENERGY_VARIANCE               Δacc=++0.0049  █  (에너지 분산)
  21. LOW_TO_HIGH_RATIO             Δacc=++0.0036  █  (저/고주파 에너지 비율)
[MLP] ─────────────────────────────────────────────
[MLP] 특징 중요도 저장 → /Users/kimkanghyeon/Desktop/project/iSENSOR_UART_DEBUGER/AI/mlp/models/mlp_L128-64-32_b256_d2_ep2000_lr1e-2_lrp50_lrf5_f21_0510_005347/mlp_L128-64-32_b256_d2_ep2000_lr1e-2_lrp50_lrf5_f21_0510_005347_importance.json
[MLP] 저장 완료 → /Users/kimkanghyeon/Desktop/project/iSENSOR_UART_DEBUGER/AI/mlp/models/mlp_weights.pt  (추론용)
[MLP] 버전 보관 → /Users/kimkanghyeon/Desktop/project/iSENSOR_UART_DEBUGER/AI/mlp/models/mlp_L128-64-32_b256_d2_ep2000_lr1e-2_lrp50_lrf5_f21_0510_005347/
[MLP] 📊 학습 이력 저장 → /Users/kimkanghyeon/Desktop/project/iSENSOR_UART_DEBUGER/AI/mlp/models/train_history.json

  ── 이전 학습과 비교 ──────────────────────────────────────────────────
  지표                                  이전          현재  변화
  ────────────────────────────────────────────────────────────────────
  최고 검증 정확도                        85.7%       85.3%  -0.4%p  ↓ 하락
  최소 검증 손실                        0.3676      0.3573  0.0104  ↑ 개선
  사람 Recall (탐지율) TPR              80.5%       81.1%  +0.6%p  ↑ 개선
  사람 오탐률 (눈침) FNR                  19.5%       18.9%  0.6%p  ↑ 개선
  배경 정확 탐지율 TNR                    90.9%       89.5%  -1.4%p  ↓ 하락
  배경 오탐률 (오경보) FPR                  9.1%       10.5%  +1.4%p  ↓ 하락
  사람 F1 Score                     0.8493      0.8464  0.0029  ↓ 하락
  베스트 에폭                             987         893  -94

━━━━━━━━━━━━━━━━━━━━━━━━━━━━━━━━━━━━━━━━━━━━━━━━━━━━━━━━━━━━━━━━
[분석 메모] GitHub Copilot — 2026-05-10  [구조: 128→64→32, b256, ep2000, lr=1e-2, d0.2, ESP32 f21]
━━━━━━━━━━━━━━━━━━━━━━━━━━━━━━━━━━━━━━━━━━━━━━━━━━━━━━━━━━━━━━━━

■ 실험 조건
  ep1000 lr=1e-2 b256 실험의 에폭 연장 버전 (1000 → 2000)
  목적: "lr이 아직 살아있으니 에폭 연장하면 개선될까?" 직접 검증

■ 핵심 수치 요약
  최고 검증 정확도   : 85.3% (ep893)  ← ep1000 실험(85.7%)보다 오히려 -0.4%p 하락
  학습 정확도 (동시) : 91.9%  →  train-val 갭 6.6%p
  사람 Recall (TPR)  : 81.1%
  배경 TNR           : 89.5%  (90.9% 대비 -1.4%p — 오경보 증가)
  사람 F1            : 0.846
  학습 시간          : 11분 27초
  수렴 여부          : 완전 수렴 (ep1726에서 min_lr 1e-6 도달, 15단 감소)

■ LR 감소 타임라인 (15단, ep1726 완전 수렴)
  ep  740 : 1e-2  → 5e-3
  ep  912 : 5e-3  → 2.5e-3
  ep 1033 : 2.5e-3 → 1.25e-3
  ep 1148 : 1.25e-3 → 6.25e-4
  ep 1214 : 6.25e-4 → 3.13e-4
  ep 1289 : 3.13e-4 → 1.56e-4
  ep 1357 : 1.56e-4 → 7.81e-5
  ep 1408 : 7.81e-5 → 3.91e-5
  ep 1471 : 3.91e-5 → 1.95e-5
  ep 1522 : 1.95e-5 → 9.77e-6
  ep 1573 : 9.77e-6 → 4.88e-6
  ep 1624 : 4.88e-6 → 2.44e-6
  ep 1675 : 2.44e-6 → 1.22e-6
  ep 1726 : 1.22e-6 → 1.00e-6  ← min_lr 도달, 완전 수렴
  → 이후 ep1726~2000 : LR=1e-6 고정, 검증 정확도 84.6~85.2% 진동 (개선 없음)

■ 검증 정확도 진행 추이
  ep   1 :  64.3%
  ep 200 :  80.3%
  ep 400 :  82.7%
  ep 600 :  82.9%  (lr=1e-2 구간 정체, 진동)
  ep 740 :  LR 첫 감소
  ep 800 :  84.8%
  ep 893 :  85.3% ← 베스트 ★  (ep2 LR 감소 직후)
  ep1000 :  84.8%
  ep1200 :  84.8%
  ep1400 :  84.8%
  ep1600 :  85.0%
  ep1726 :  min_lr 도달 (완전 수렴)
  ep1800 :  85.1%
  ep2000 :  84.9%
  → ep893 베스트 이후 ep2000까지 1100에폭 동안 84.6~85.3% 진동. 개선 없음.
  → LR이 낮아져도 가중치가 이미 거친 지역 최솟값에 갇혀있어 탈출 불가.

■ ep1000 vs ep2000 비교 (lr=1e-2, b256, d0.2, f21 동일)
  항목                  ep1000(이전)     ep2000(현재)
  최고 검증 정확도        85.7% ★         85.3%       -0.4%p 오히려 하락
  사람 Recall             80.5%           81.1%       +0.6%p 소폭 개선
  배경 TNR                90.9% ★         89.5%       -1.4%p 오경보 증가
  F1 Score                0.849 ★         0.846       -0.003
  베스트 에폭             987             893         더 이른 수렴
  학습 시간               4분20초 ★       11분27초    +7분 낭비
  수렴 여부               미수렴          완전 수렴

  → 에폭 연장이 오히려 악화. 사전 예측("열등한 지역 최솟값으로 수렴")이 정확히 확인됨.

■ lr=1e-2 계열 전체 정리 (b256, d0.2, f21 기준)
  조건          최고 검증  F1     수렴   시간
  ─────────────────────────────────────────
  ep1000        85.7%     0.849  미수렴  4분20초
  ep2000        85.3%     0.846  완전수렴 11분27초
  lr=2e-3 ep1500  88.1%  0.878  미수렴  9분41초 ← 기준점
  → ep를 두 배로 늘려도 lr=2e-3에 비해 -2.8%p 열세. lr=1e-2는 구제 불가.

■ 결론 — 직접 경험으로 확인된 사항
  1. lr=1e-2는 ep2000(완전 수렴)까지 가도 85.3%가 천장. lr=2e-3(88.1%) 대비 -2.8%p.
  2. 에폭 연장은 이미 잘못된 지역 최솟값에 빠진 가중치를 구하지 못함.
  3. 높은 lr로 시작하면 초반 진동이 가중치 최적 경로를 망가뜨림 — 이후 lr을 낮춰도 회복 불가.
  4. lr > 2e-3 방향 실험 가치 없음. 완전 종료. lr=2e-3이 현재 조건 최적 확정.

■ 다음 실험 방향
  [1순위] 구조 확장: 256→128→64→32, b128, lr=2e-3, d0.2, ep1000, f21
  - 현재 ESP32 최고 88.2% (128→64→32) → 구조 확장으로 89%+ 도전
  - lr은 무조건 2e-3, 배치는 b128 (실험적으로 확정된 최적값)
━━━━━━━━━━━━━━━━━━━━━━━━━━━━━━━━━━━━━━━━━━━━━━━━━━━━━━━━━━━━━━━━

