[MLP]   svm_data_20260507_133636.csv                       24741샘플
[MLP] CSV 로드  →  총 24741샘플
[MLP] 로드 완료 | 전체: 24741개  (배경: 12371, 사람: 12370)
[MLP] 특징 모드: ESP32 (14개)
[MLP] 학습: 19792개 (80%)  검증: 4949개 (20%)  [비율고정: 유지 | 분리시드: 42]
[MLP] 스케일러: StandardScaler (z-score)
[MLP] ━━━━━━━━━━━━━━━━━━━━━━━━━━━━━━━━━━━━━━━━━━━━━━━
[MLP]  디바이스: cpu
[MLP]  구조: 14 → 128 → 64 → 32 → 2
[MLP]  에폭: 1500  배치: 128  LR: 2.00e-03  Dropout: 0.3
[MLP]  Early Stop: 비활성화
[MLP]  LR 스케줄러: patience=50  factor=0.5  min_lr=1e-6
[MLP]  검증 비율: 20%  분리 비율고정: 유지  분리 시드: 42
[MLP]  스케일러: StandardScaler  특징 모드: ESP32
[MLP]  사용 특징 (14개): SPECTRAL_BANDWIDTH, PEAK_COUNT, MID_RATIO, SECOND_PEAK_FREQ, KURTOSIS, CENTROID, PEAK_FREQ, LOW_RATIO, RMS, PEAK_TO_AVG_E, HIGH_RATIO, PEAK1_TO_PEAK2_RATIO, SKEWNESS, SPECTRAL_FLATNESS
[MLP] ━━━━━━━━━━━━━━━━━━━━━━━━━━━━━━━━━━━━━━━━━━━━━━━
  에폭   1/1500 | 손실: 0.5967 | 학습: 67.6% | 검증: 65.7% | lr: 2.00e-03 | 0.3s ★
  에폭   2/1500 | 손실: 0.5816 | 학습: 68.2% | 검증: 66.0% | lr: 2.00e-03 | 0.3s ★
  에폭   3/1500 | 손실: 0.5750 | 학습: 69.3% | 검증: 67.2% | lr: 2.00e-03 | 0.3s ★
  에폭   4/1500 | 손실: 0.5718 | 학습: 69.6% | 검증: 67.0% | lr: 2.00e-03 | 0.3s
  에폭   5/1500 | 손실: 0.5673 | 학습: 70.1% | 검증: 67.8% | lr: 2.00e-03 | 0.4s ★
  에폭   6/1500 | 손실: 0.5606 | 학습: 70.1% | 검증: 68.0% | lr: 2.00e-03 | 0.5s ★
  에폭   7/1500 | 손실: 0.5603 | 학습: 70.8% | 검증: 68.1% | lr: 2.00e-03 | 0.4s ★
  에폭   8/1500 | 손실: 0.5558 | 학습: 71.6% | 검증: 68.5% | lr: 2.00e-03 | 0.3s ★
  에폭   9/1500 | 손실: 0.5533 | 학습: 72.0% | 검증: 69.4% | lr: 2.00e-03 | 0.3s ★
  에폭  10/1500 | 손실: 0.5489 | 학습: 71.9% | 검증: 69.7% | lr: 2.00e-03 | 0.3s ★
  에폭  11/1500 | 손실: 0.5449 | 학습: 72.5% | 검증: 70.3% | lr: 2.00e-03 | 0.3s ★
  에폭  12/1500 | 손실: 0.5437 | 학습: 73.3% | 검증: 70.8% | lr: 2.00e-03 | 0.3s ★
  에폭  13/1500 | 손실: 0.5403 | 학습: 73.5% | 검증: 71.2% | lr: 2.00e-03 | 0.3s ★
  에폭  14/1500 | 손실: 0.5355 | 학습: 73.2% | 검증: 71.4% | lr: 2.00e-03 | 0.4s ★
  에폭  15/1500 | 손실: 0.5329 | 학습: 73.8% | 검증: 70.9% | lr: 2.00e-03 | 0.4s
  에폭  16/1500 | 손실: 0.5327 | 학습: 74.4% | 검증: 72.4% | lr: 2.00e-03 | 0.3s ★
  에폭  17/1500 | 손실: 0.5279 | 학습: 74.8% | 검증: 72.5% | lr: 2.00e-03 | 0.3s ★
  에폭  18/1500 | 손실: 0.5258 | 학습: 75.0% | 검증: 72.4% | lr: 2.00e-03 | 0.4s
  에폭  19/1500 | 손실: 0.5229 | 학습: 75.0% | 검증: 72.7% | lr: 2.00e-03 | 0.3s ★
  에폭  20/1500 | 손실: 0.5224 | 학습: 75.4% | 검증: 72.8% | lr: 2.00e-03 | 0.4s ★
  에폭  21/1500 | 손실: 0.5153 | 학습: 75.7% | 검증: 73.4% | lr: 2.00e-03 | 0.4s ★
  에폭  22/1500 | 손실: 0.5128 | 학습: 75.8% | 검증: 73.5% | lr: 2.00e-03 | 0.4s ★
  에폭  23/1500 | 손실: 0.5125 | 학습: 76.4% | 검증: 73.8% | lr: 2.00e-03 | 0.4s ★
  에폭  24/1500 | 손실: 0.5109 | 학습: 76.6% | 검증: 74.6% | lr: 2.00e-03 | 0.4s ★
  에폭  25/1500 | 손실: 0.5078 | 학습: 77.1% | 검증: 74.7% | lr: 2.00e-03 | 0.4s ★
  에폭  26/1500 | 손실: 0.5045 | 학습: 77.3% | 검증: 74.6% | lr: 2.00e-03 | 0.3s
  에폭  27/1500 | 손실: 0.5017 | 학습: 76.9% | 검증: 74.0% | lr: 2.00e-03 | 0.4s
  에폭  28/1500 | 손실: 0.4992 | 학습: 77.7% | 검증: 75.1% | lr: 2.00e-03 | 0.4s ★
  에폭  29/1500 | 손실: 0.5006 | 학습: 77.8% | 검증: 75.8% | lr: 2.00e-03 | 0.3s ★
  에폭  30/1500 | 손실: 0.4971 | 학습: 77.7% | 검증: 75.4% | lr: 2.00e-03 | 0.3s
  에폭  31/1500 | 손실: 0.4904 | 학습: 77.9% | 검증: 75.9% | lr: 2.00e-03 | 0.3s ★
  에폭  32/1500 | 손실: 0.4908 | 학습: 78.2% | 검증: 75.9% | lr: 2.00e-03 | 0.3s
  에폭  33/1500 | 손실: 0.4894 | 학습: 78.6% | 검증: 76.4% | lr: 2.00e-03 | 0.4s ★
  에폭  34/1500 | 손실: 0.4890 | 학습: 78.2% | 검증: 75.7% | lr: 2.00e-03 | 0.3s
  에폭  35/1500 | 손실: 0.4875 | 학습: 78.9% | 검증: 76.8% | lr: 2.00e-03 | 0.3s ★
  에폭  36/1500 | 손실: 0.4889 | 학습: 79.3% | 검증: 76.9% | lr: 2.00e-03 | 0.3s ★
  에폭  37/1500 | 손실: 0.4832 | 학습: 79.0% | 검증: 76.8% | lr: 2.00e-03 | 0.3s
  에폭  38/1500 | 손실: 0.4848 | 학습: 79.1% | 검증: 77.2% | lr: 2.00e-03 | 0.3s ★
  에폭  39/1500 | 손실: 0.4773 | 학습: 79.0% | 검증: 76.2% | lr: 2.00e-03 | 0.3s
  에폭  40/1500 | 손실: 0.4792 | 학습: 79.6% | 검증: 77.1% | lr: 2.00e-03 | 0.3s
  에폭  41/1500 | 손실: 0.4763 | 학습: 79.2% | 검증: 76.5% | lr: 2.00e-03 | 0.3s
  에폭  42/1500 | 손실: 0.4737 | 학습: 79.5% | 검증: 76.8% | lr: 2.00e-03 | 0.3s
  에폭  43/1500 | 손실: 0.4735 | 학습: 80.0% | 검증: 77.1% | lr: 2.00e-03 | 0.3s
  에폭  44/1500 | 손실: 0.4713 | 학습: 79.5% | 검증: 76.9% | lr: 2.00e-03 | 0.3s
  에폭  45/1500 | 손실: 0.4734 | 학습: 80.7% | 검증: 77.7% | lr: 2.00e-03 | 0.3s ★
  에폭  46/1500 | 손실: 0.4678 | 학습: 80.4% | 검증: 77.4% | lr: 2.00e-03 | 0.3s
  에폭  47/1500 | 손실: 0.4681 | 학습: 80.8% | 검증: 78.3% | lr: 2.00e-03 | 0.4s ★
  에폭  48/1500 | 손실: 0.4675 | 학습: 80.3% | 검증: 77.9% | lr: 2.00e-03 | 0.3s
  에폭  49/1500 | 손실: 0.4654 | 학습: 80.4% | 검증: 77.5% | lr: 2.00e-03 | 0.3s
  에폭  50/1500 | 손실: 0.4634 | 학습: 80.6% | 검증: 77.7% | lr: 2.00e-03 | 0.3s
  에폭  51/1500 | 손실: 0.4629 | 학습: 80.6% | 검증: 78.0% | lr: 2.00e-03 | 0.3s
  에폭  52/1500 | 손실: 0.4639 | 학습: 81.1% | 검증: 77.8% | lr: 2.00e-03 | 0.3s
  에폭  53/1500 | 손실: 0.4625 | 학습: 80.8% | 검증: 77.1% | lr: 2.00e-03 | 0.3s
  에폭  54/1500 | 손실: 0.4623 | 학습: 80.9% | 검증: 78.0% | lr: 2.00e-03 | 0.3s
  에폭  55/1500 | 손실: 0.4603 | 학습: 81.2% | 검증: 77.8% | lr: 2.00e-03 | 0.3s
  에폭  56/1500 | 손실: 0.4587 | 학습: 81.2% | 검증: 78.0% | lr: 2.00e-03 | 0.3s
  에폭  57/1500 | 손실: 0.4554 | 학습: 81.4% | 검증: 77.9% | lr: 2.00e-03 | 0.3s
  에폭  58/1500 | 손실: 0.4521 | 학습: 81.6% | 검증: 78.6% | lr: 2.00e-03 | 0.3s ★
  에폭  59/1500 | 손실: 0.4572 | 학습: 82.3% | 검증: 79.0% | lr: 2.00e-03 | 0.3s ★
  에폭  60/1500 | 손실: 0.4551 | 학습: 81.9% | 검증: 78.6% | lr: 2.00e-03 | 0.3s
  에폭  61/1500 | 손실: 0.4550 | 학습: 82.0% | 검증: 78.3% | lr: 2.00e-03 | 0.3s
  에폭  62/1500 | 손실: 0.4529 | 학습: 82.0% | 검증: 79.2% | lr: 2.00e-03 | 0.3s ★
  에폭  63/1500 | 손실: 0.4539 | 학습: 81.8% | 검증: 78.7% | lr: 2.00e-03 | 0.3s
  에폭  64/1500 | 손실: 0.4522 | 학습: 82.2% | 검증: 78.7% | lr: 2.00e-03 | 0.3s
  에폭  65/1500 | 손실: 0.4483 | 학습: 82.3% | 검증: 78.8% | lr: 2.00e-03 | 0.3s
  에폭  66/1500 | 손실: 0.4514 | 학습: 82.5% | 검증: 79.3% | lr: 2.00e-03 | 0.3s ★
  에폭  67/1500 | 손실: 0.4467 | 학습: 82.9% | 검증: 79.3% | lr: 2.00e-03 | 0.3s
  에폭  68/1500 | 손실: 0.4439 | 학습: 82.7% | 검증: 79.4% | lr: 2.00e-03 | 0.3s ★
  에폭  69/1500 | 손실: 0.4395 | 학습: 82.6% | 검증: 79.2% | lr: 2.00e-03 | 0.4s
  에폭  70/1500 | 손실: 0.4383 | 학습: 82.3% | 검증: 78.9% | lr: 2.00e-03 | 0.3s
  에폭  71/1500 | 손실: 0.4409 | 학습: 82.4% | 검증: 78.8% | lr: 2.00e-03 | 0.3s
  에폭  72/1500 | 손실: 0.4470 | 학습: 82.6% | 검증: 78.5% | lr: 2.00e-03 | 0.3s
  에폭  73/1500 | 손실: 0.4452 | 학습: 82.8% | 검증: 79.7% | lr: 2.00e-03 | 0.4s ★
  에폭  74/1500 | 손실: 0.4446 | 학습: 82.9% | 검증: 79.1% | lr: 2.00e-03 | 0.3s
  에폭  75/1500 | 손실: 0.4387 | 학습: 82.7% | 검증: 78.7% | lr: 2.00e-03 | 0.3s
  에폭  76/1500 | 손실: 0.4384 | 학습: 82.4% | 검증: 78.1% | lr: 2.00e-03 | 0.3s
  에폭  77/1500 | 손실: 0.4389 | 학습: 83.4% | 검증: 79.6% | lr: 2.00e-03 | 0.3s
  에폭  78/1500 | 손실: 0.4408 | 학습: 83.0% | 검증: 79.6% | lr: 2.00e-03 | 0.3s
  에폭  79/1500 | 손실: 0.4347 | 학습: 83.2% | 검증: 79.5% | lr: 2.00e-03 | 0.3s
  에폭  80/1500 | 손실: 0.4375 | 학습: 83.1% | 검증: 79.5% | lr: 2.00e-03 | 0.3s
  에폭  81/1500 | 손실: 0.4365 | 학습: 83.7% | 검증: 79.4% | lr: 2.00e-03 | 0.3s
  에폭  82/1500 | 손실: 0.4373 | 학습: 83.3% | 검증: 79.1% | lr: 2.00e-03 | 0.3s
  에폭  83/1500 | 손실: 0.4350 | 학습: 83.5% | 검증: 79.5% | lr: 2.00e-03 | 0.3s
  에폭  84/1500 | 손실: 0.4346 | 학습: 83.1% | 검증: 79.6% | lr: 2.00e-03 | 0.3s
  에폭  85/1500 | 손실: 0.4298 | 학습: 83.6% | 검증: 79.4% | lr: 2.00e-03 | 0.3s
  에폭  86/1500 | 손실: 0.4363 | 학습: 83.2% | 검증: 79.1% | lr: 2.00e-03 | 0.3s
  에폭  87/1500 | 손실: 0.4339 | 학습: 83.9% | 검증: 79.4% | lr: 2.00e-03 | 0.3s
  에폭  88/1500 | 손실: 0.4361 | 학습: 83.0% | 검증: 79.2% | lr: 2.00e-03 | 0.3s
  에폭  89/1500 | 손실: 0.4282 | 학습: 84.2% | 검증: 80.2% | lr: 2.00e-03 | 0.3s ★
  에폭  90/1500 | 손실: 0.4302 | 학습: 84.2% | 검증: 80.2% | lr: 2.00e-03 | 0.3s
  에폭  91/1500 | 손실: 0.4329 | 학습: 83.5% | 검증: 79.4% | lr: 2.00e-03 | 0.4s
  에폭  92/1500 | 손실: 0.4285 | 학습: 83.8% | 검증: 79.8% | lr: 2.00e-03 | 0.4s
  에폭  93/1500 | 손실: 0.4260 | 학습: 84.3% | 검증: 80.8% | lr: 2.00e-03 | 0.4s ★
  에폭  94/1500 | 손실: 0.4294 | 학습: 84.2% | 검증: 80.1% | lr: 2.00e-03 | 0.3s
  에폭  95/1500 | 손실: 0.4306 | 학습: 84.2% | 검증: 80.4% | lr: 2.00e-03 | 0.3s
  에폭  96/1500 | 손실: 0.4273 | 학습: 84.2% | 검증: 80.4% | lr: 2.00e-03 | 0.3s
  에폭  97/1500 | 손실: 0.4317 | 학습: 84.4% | 검증: 80.3% | lr: 2.00e-03 | 0.3s
  에폭  98/1500 | 손실: 0.4274 | 학습: 83.8% | 검증: 80.5% | lr: 2.00e-03 | 0.3s
  에폭  99/1500 | 손실: 0.4298 | 학습: 84.5% | 검증: 80.7% | lr: 2.00e-03 | 0.3s
  에폭 100/1500 | 손실: 0.4223 | 학습: 84.2% | 검증: 80.8% | lr: 2.00e-03 | 0.3s
  에폭 101/1500 | 손실: 0.4220 | 학습: 84.1% | 검증: 80.3% | lr: 2.00e-03 | 0.4s
  에폭 102/1500 | 손실: 0.4229 | 학습: 84.6% | 검증: 81.0% | lr: 2.00e-03 | 0.4s ★
  에폭 103/1500 | 손실: 0.4265 | 학습: 84.1% | 검증: 79.9% | lr: 2.00e-03 | 0.4s
  에폭 104/1500 | 손실: 0.4260 | 학습: 84.2% | 검증: 80.5% | lr: 2.00e-03 | 0.4s
  에폭 105/1500 | 손실: 0.4253 | 학습: 84.5% | 검증: 81.0% | lr: 2.00e-03 | 0.4s ★
  에폭 106/1500 | 손실: 0.4229 | 학습: 84.1% | 검증: 79.9% | lr: 2.00e-03 | 0.4s
  에폭 107/1500 | 손실: 0.4221 | 학습: 84.6% | 검증: 80.7% | lr: 2.00e-03 | 0.4s
  에폭 108/1500 | 손실: 0.4212 | 학습: 84.5% | 검증: 80.3% | lr: 2.00e-03 | 0.4s
  에폭 109/1500 | 손실: 0.4207 | 학습: 85.3% | 검증: 80.9% | lr: 2.00e-03 | 0.3s
  에폭 110/1500 | 손실: 0.4185 | 학습: 85.2% | 검증: 80.4% | lr: 2.00e-03 | 0.3s
  에폭 111/1500 | 손실: 0.4198 | 학습: 84.5% | 검증: 80.1% | lr: 2.00e-03 | 0.3s
  에폭 112/1500 | 손실: 0.4143 | 학습: 85.1% | 검증: 80.5% | lr: 2.00e-03 | 0.3s
  에폭 113/1500 | 손실: 0.4195 | 학습: 85.2% | 검증: 80.4% | lr: 2.00e-03 | 0.3s
  에폭 114/1500 | 손실: 0.4184 | 학습: 84.8% | 검증: 80.6% | lr: 2.00e-03 | 0.3s
  에폭 115/1500 | 손실: 0.4205 | 학습: 85.2% | 검증: 80.5% | lr: 2.00e-03 | 0.3s
  에폭 116/1500 | 손실: 0.4163 | 학습: 85.0% | 검증: 80.7% | lr: 2.00e-03 | 0.3s
  에폭 117/1500 | 손실: 0.4193 | 학습: 85.4% | 검증: 81.2% | lr: 2.00e-03 | 0.4s ★
  에폭 118/1500 | 손실: 0.4197 | 학습: 85.3% | 검증: 80.7% | lr: 2.00e-03 | 0.3s
  에폭 119/1500 | 손실: 0.4167 | 학습: 85.5% | 검증: 81.0% | lr: 2.00e-03 | 0.3s
  에폭 120/1500 | 손실: 0.4133 | 학습: 85.4% | 검증: 81.1% | lr: 2.00e-03 | 0.3s
  에폭 121/1500 | 손실: 0.4125 | 학습: 85.2% | 검증: 80.6% | lr: 2.00e-03 | 0.3s
  에폭 122/1500 | 손실: 0.4144 | 학습: 85.3% | 검증: 80.9% | lr: 2.00e-03 | 0.3s
  에폭 123/1500 | 손실: 0.4149 | 학습: 85.5% | 검증: 81.1% | lr: 2.00e-03 | 0.3s
  에폭 124/1500 | 손실: 0.4121 | 학습: 85.4% | 검증: 81.1% | lr: 2.00e-03 | 0.3s
  에폭 125/1500 | 손실: 0.4126 | 학습: 85.6% | 검증: 80.7% | lr: 2.00e-03 | 0.3s
  에폭 126/1500 | 손실: 0.4113 | 학습: 85.4% | 검증: 81.2% | lr: 2.00e-03 | 0.3s ★
  에폭 127/1500 | 손실: 0.4116 | 학습: 85.6% | 검증: 81.4% | lr: 2.00e-03 | 0.3s ★
  에폭 128/1500 | 손실: 0.4157 | 학습: 85.5% | 검증: 81.0% | lr: 2.00e-03 | 0.3s
  에폭 129/1500 | 손실: 0.4067 | 학습: 85.5% | 검증: 81.3% | lr: 2.00e-03 | 0.3s
  에폭 130/1500 | 손실: 0.4157 | 학습: 85.3% | 검증: 80.9% | lr: 2.00e-03 | 0.3s
  에폭 131/1500 | 손실: 0.4100 | 학습: 85.9% | 검증: 81.5% | lr: 2.00e-03 | 0.3s ★
  에폭 132/1500 | 손실: 0.4134 | 학습: 85.8% | 검증: 81.2% | lr: 2.00e-03 | 0.3s
  에폭 133/1500 | 손실: 0.4097 | 학습: 85.8% | 검증: 81.0% | lr: 2.00e-03 | 0.3s
  에폭 134/1500 | 손실: 0.4057 | 학습: 85.6% | 검증: 81.3% | lr: 2.00e-03 | 0.3s
  에폭 135/1500 | 손실: 0.4133 | 학습: 85.6% | 검증: 81.3% | lr: 2.00e-03 | 0.4s
  에폭 136/1500 | 손실: 0.4042 | 학습: 85.6% | 검증: 81.2% | lr: 2.00e-03 | 0.4s
  에폭 137/1500 | 손실: 0.4032 | 학습: 86.0% | 검증: 81.6% | lr: 2.00e-03 | 0.3s ★
  에폭 138/1500 | 손실: 0.4121 | 학습: 86.0% | 검증: 81.3% | lr: 2.00e-03 | 0.3s
  에폭 139/1500 | 손실: 0.4086 | 학습: 85.4% | 검증: 80.6% | lr: 2.00e-03 | 0.3s
  에폭 140/1500 | 손실: 0.4085 | 학습: 85.4% | 검증: 81.0% | lr: 2.00e-03 | 0.3s
  에폭 141/1500 | 손실: 0.4104 | 학습: 85.7% | 검증: 80.2% | lr: 2.00e-03 | 0.3s
  에폭 142/1500 | 손실: 0.4061 | 학습: 86.0% | 검증: 81.1% | lr: 2.00e-03 | 0.3s
  에폭 143/1500 | 손실: 0.4052 | 학습: 86.0% | 검증: 81.7% | lr: 2.00e-03 | 0.3s ★
  에폭 144/1500 | 손실: 0.4019 | 학습: 86.2% | 검증: 81.5% | lr: 2.00e-03 | 0.3s
  에폭 145/1500 | 손실: 0.4045 | 학습: 86.0% | 검증: 81.9% | lr: 2.00e-03 | 0.4s ★
  에폭 146/1500 | 손실: 0.4050 | 학습: 86.4% | 검증: 81.7% | lr: 2.00e-03 | 0.3s
  에폭 147/1500 | 손실: 0.3996 | 학습: 86.2% | 검증: 81.8% | lr: 2.00e-03 | 0.3s
  에폭 148/1500 | 손실: 0.4067 | 학습: 85.8% | 검증: 81.1% | lr: 2.00e-03 | 0.3s
  에폭 149/1500 | 손실: 0.4055 | 학습: 86.2% | 검증: 81.4% | lr: 2.00e-03 | 0.3s
  에폭 150/1500 | 손실: 0.4036 | 학습: 85.4% | 검증: 81.1% | lr: 2.00e-03 | 0.3s
  에폭 151/1500 | 손실: 0.4077 | 학습: 86.1% | 검증: 81.3% | lr: 2.00e-03 | 0.3s
  에폭 152/1500 | 손실: 0.4063 | 학습: 86.4% | 검증: 81.5% | lr: 2.00e-03 | 0.3s
  에폭 153/1500 | 손실: 0.4021 | 학습: 86.0% | 검증: 81.1% | lr: 2.00e-03 | 0.4s
  에폭 154/1500 | 손실: 0.4005 | 학습: 86.2% | 검증: 81.2% | lr: 2.00e-03 | 0.3s
  에폭 155/1500 | 손실: 0.3990 | 학습: 86.3% | 검증: 81.5% | lr: 2.00e-03 | 0.3s
  에폭 156/1500 | 손실: 0.3995 | 학습: 86.6% | 검증: 81.2% | lr: 2.00e-03 | 0.3s
  에폭 157/1500 | 손실: 0.4057 | 학습: 86.8% | 검증: 81.7% | lr: 2.00e-03 | 0.3s
  에폭 158/1500 | 손실: 0.3969 | 학습: 86.6% | 검증: 82.1% | lr: 2.00e-03 | 0.3s ★
  에폭 159/1500 | 손실: 0.4016 | 학습: 86.2% | 검증: 81.2% | lr: 2.00e-03 | 0.4s
  에폭 160/1500 | 손실: 0.3972 | 학습: 86.6% | 검증: 81.4% | lr: 2.00e-03 | 0.4s
  에폭 161/1500 | 손실: 0.3983 | 학습: 86.0% | 검증: 81.4% | lr: 2.00e-03 | 0.4s
  에폭 162/1500 | 손실: 0.4014 | 학습: 87.0% | 검증: 81.3% | lr: 2.00e-03 | 0.3s
  에폭 163/1500 | 손실: 0.4013 | 학습: 86.9% | 검증: 81.7% | lr: 2.00e-03 | 0.3s
  에폭 164/1500 | 손실: 0.3980 | 학습: 86.8% | 검증: 82.0% | lr: 2.00e-03 | 0.3s
  에폭 165/1500 | 손실: 0.3993 | 학습: 86.6% | 검증: 81.6% | lr: 2.00e-03 | 0.3s
  에폭 166/1500 | 손실: 0.3973 | 학습: 86.8% | 검증: 82.3% | lr: 2.00e-03 | 0.3s ★
  에폭 167/1500 | 손실: 0.3931 | 학습: 86.8% | 검증: 81.4% | lr: 2.00e-03 | 0.3s
  에폭 168/1500 | 손실: 0.3994 | 학습: 86.7% | 검증: 81.9% | lr: 2.00e-03 | 0.3s
  에폭 169/1500 | 손실: 0.3999 | 학습: 86.5% | 검증: 81.4% | lr: 2.00e-03 | 0.4s
  에폭 170/1500 | 손실: 0.3989 | 학습: 86.8% | 검증: 81.8% | lr: 2.00e-03 | 0.3s
  에폭 171/1500 | 손실: 0.3972 | 학습: 87.1% | 검증: 82.1% | lr: 2.00e-03 | 0.3s
  에폭 172/1500 | 손실: 0.3959 | 학습: 86.5% | 검증: 81.4% | lr: 2.00e-03 | 0.3s
  에폭 173/1500 | 손실: 0.3983 | 학습: 87.0% | 검증: 81.9% | lr: 2.00e-03 | 0.3s
  에폭 174/1500 | 손실: 0.3951 | 학습: 87.1% | 검증: 82.1% | lr: 2.00e-03 | 0.4s
  에폭 175/1500 | 손실: 0.3945 | 학습: 87.3% | 검증: 82.6% | lr: 2.00e-03 | 0.3s ★
  에폭 176/1500 | 손실: 0.3956 | 학습: 87.2% | 검증: 82.3% | lr: 2.00e-03 | 0.3s
  에폭 177/1500 | 손실: 0.3957 | 학습: 87.0% | 검증: 81.8% | lr: 2.00e-03 | 0.3s
  에폭 178/1500 | 손실: 0.3959 | 학습: 87.3% | 검증: 82.2% | lr: 2.00e-03 | 0.3s
  에폭 179/1500 | 손실: 0.3891 | 학습: 87.2% | 검증: 81.8% | lr: 2.00e-03 | 0.3s
  에폭 180/1500 | 손실: 0.3935 | 학습: 86.8% | 검증: 81.7% | lr: 2.00e-03 | 0.4s
  에폭 181/1500 | 손실: 0.3921 | 학습: 86.7% | 검증: 81.9% | lr: 2.00e-03 | 0.3s
  에폭 182/1500 | 손실: 0.3934 | 학습: 86.6% | 검증: 81.8% | lr: 2.00e-03 | 0.3s
  에폭 183/1500 | 손실: 0.3935 | 학습: 87.0% | 검증: 82.2% | lr: 2.00e-03 | 0.3s
  에폭 184/1500 | 손실: 0.4027 | 학습: 86.5% | 검증: 81.7% | lr: 2.00e-03 | 0.3s
  에폭 185/1500 | 손실: 0.3941 | 학습: 87.3% | 검증: 82.0% | lr: 2.00e-03 | 0.3s
  에폭 186/1500 | 손실: 0.3890 | 학습: 86.7% | 검증: 81.9% | lr: 2.00e-03 | 0.3s
  에폭 187/1500 | 손실: 0.3900 | 학습: 87.1% | 검증: 82.1% | lr: 2.00e-03 | 0.3s
  에폭 188/1500 | 손실: 0.3961 | 학습: 87.0% | 검증: 81.4% | lr: 2.00e-03 | 0.3s
  에폭 189/1500 | 손실: 0.3971 | 학습: 87.4% | 검증: 82.7% | lr: 2.00e-03 | 0.3s ★
  에폭 190/1500 | 손실: 0.3927 | 학습: 87.0% | 검증: 81.7% | lr: 2.00e-03 | 0.3s
  에폭 191/1500 | 손실: 0.3899 | 학습: 87.4% | 검증: 82.4% | lr: 2.00e-03 | 0.3s
  에폭 192/1500 | 손실: 0.3969 | 학습: 87.1% | 검증: 82.4% | lr: 2.00e-03 | 0.3s
  에폭 193/1500 | 손실: 0.3926 | 학습: 87.4% | 검증: 82.2% | lr: 2.00e-03 | 0.3s
  에폭 194/1500 | 손실: 0.3907 | 학습: 87.2% | 검증: 82.3% | lr: 2.00e-03 | 0.3s
  에폭 195/1500 | 손실: 0.3934 | 학습: 87.1% | 검증: 82.4% | lr: 2.00e-03 | 0.3s
  에폭 196/1500 | 손실: 0.3880 | 학습: 87.1% | 검증: 82.0% | lr: 2.00e-03 | 0.3s
  에폭 197/1500 | 손실: 0.3924 | 학습: 87.5% | 검증: 82.5% | lr: 2.00e-03 | 0.3s
  에폭 198/1500 | 손실: 0.3887 | 학습: 87.6% | 검증: 82.0% | lr: 2.00e-03 | 0.3s
  에폭 199/1500 | 손실: 0.3915 | 학습: 87.3% | 검증: 82.3% | lr: 2.00e-03 | 0.3s
  에폭 200/1500 | 손실: 0.3950 | 학습: 87.3% | 검증: 81.9% | lr: 2.00e-03 | 0.3s
  에폭 201/1500 | 손실: 0.3866 | 학습: 87.2% | 검증: 82.1% | lr: 2.00e-03 | 0.3s
  에폭 202/1500 | 손실: 0.3899 | 학습: 87.5% | 검증: 82.4% | lr: 2.00e-03 | 0.3s
  에폭 203/1500 | 손실: 0.3965 | 학습: 87.2% | 검증: 82.2% | lr: 2.00e-03 | 0.3s
  에폭 204/1500 | 손실: 0.3926 | 학습: 87.4% | 검증: 82.6% | lr: 2.00e-03 | 0.3s
  에폭 205/1500 | 손실: 0.3868 | 학습: 87.6% | 검증: 82.8% | lr: 2.00e-03 | 0.3s ★
  에폭 206/1500 | 손실: 0.3882 | 학습: 87.4% | 검증: 82.2% | lr: 2.00e-03 | 0.3s
  에폭 207/1500 | 손실: 0.3945 | 학습: 87.8% | 검증: 82.4% | lr: 2.00e-03 | 0.3s
  에폭 208/1500 | 손실: 0.3887 | 학습: 87.8% | 검증: 82.7% | lr: 2.00e-03 | 0.3s
  에폭 209/1500 | 손실: 0.3870 | 학습: 87.3% | 검증: 83.4% | lr: 2.00e-03 | 0.3s ★
  에폭 210/1500 | 손실: 0.3903 | 학습: 87.7% | 검증: 82.8% | lr: 2.00e-03 | 0.3s
  에폭 211/1500 | 손실: 0.3822 | 학습: 87.3% | 검증: 82.8% | lr: 2.00e-03 | 0.3s
  에폭 212/1500 | 손실: 0.3889 | 학습: 87.9% | 검증: 83.2% | lr: 2.00e-03 | 0.4s
  에폭 213/1500 | 손실: 0.3918 | 학습: 87.5% | 검증: 82.0% | lr: 2.00e-03 | 0.3s
  에폭 214/1500 | 손실: 0.3883 | 학습: 87.7% | 검증: 82.0% | lr: 2.00e-03 | 0.3s
  에폭 215/1500 | 손실: 0.3896 | 학습: 87.8% | 검증: 82.7% | lr: 2.00e-03 | 0.3s
  에폭 216/1500 | 손실: 0.3821 | 학습: 87.9% | 검증: 82.8% | lr: 2.00e-03 | 0.3s
  에폭 217/1500 | 손실: 0.3882 | 학습: 88.1% | 검증: 81.9% | lr: 2.00e-03 | 0.3s
  에폭 218/1500 | 손실: 0.3834 | 학습: 88.0% | 검증: 82.6% | lr: 2.00e-03 | 0.3s
  에폭 219/1500 | 손실: 0.3836 | 학습: 87.8% | 검증: 82.6% | lr: 2.00e-03 | 0.3s
  에폭 220/1500 | 손실: 0.3851 | 학습: 87.7% | 검증: 82.5% | lr: 2.00e-03 | 0.3s
  에폭 221/1500 | 손실: 0.3861 | 학습: 87.8% | 검증: 82.6% | lr: 2.00e-03 | 0.3s
  에폭 222/1500 | 손실: 0.3899 | 학습: 87.8% | 검증: 82.9% | lr: 2.00e-03 | 0.3s
  에폭 223/1500 | 손실: 0.3890 | 학습: 88.0% | 검증: 82.4% | lr: 2.00e-03 | 0.3s
  에폭 224/1500 | 손실: 0.3856 | 학습: 87.8% | 검증: 82.1% | lr: 2.00e-03 | 0.3s
  에폭 225/1500 | 손실: 0.3838 | 학습: 88.1% | 검증: 83.0% | lr: 2.00e-03 | 0.3s
  에폭 226/1500 | 손실: 0.3872 | 학습: 87.9% | 검증: 82.9% | lr: 2.00e-03 | 0.3s
  에폭 227/1500 | 손실: 0.3838 | 학습: 87.4% | 검증: 82.9% | lr: 2.00e-03 | 0.3s
  에폭 228/1500 | 손실: 0.3841 | 학습: 87.7% | 검증: 82.0% | lr: 2.00e-03 | 0.3s
  에폭 229/1500 | 손실: 0.3817 | 학습: 88.0% | 검증: 83.2% | lr: 2.00e-03 | 0.3s
  에폭 230/1500 | 손실: 0.3838 | 학습: 88.0% | 검증: 82.9% | lr: 2.00e-03 | 0.3s
  에폭 231/1500 | 손실: 0.3808 | 학습: 88.0% | 검증: 82.5% | lr: 2.00e-03 | 0.3s
  에폭 232/1500 | 손실: 0.3825 | 학습: 88.2% | 검증: 82.7% | lr: 2.00e-03 | 0.3s
  에폭 233/1500 | 손실: 0.3847 | 학습: 87.9% | 검증: 82.8% | lr: 2.00e-03 | 0.3s
  에폭 234/1500 | 손실: 0.3844 | 학습: 88.2% | 검증: 82.6% | lr: 2.00e-03 | 0.3s
  에폭 235/1500 | 손실: 0.3830 | 학습: 87.8% | 검증: 82.7% | lr: 2.00e-03 | 0.3s
  에폭 236/1500 | 손실: 0.3838 | 학습: 88.1% | 검증: 82.7% | lr: 2.00e-03 | 0.3s
  에폭 237/1500 | 손실: 0.3825 | 학습: 88.4% | 검증: 83.4% | lr: 2.00e-03 | 0.3s
  에폭 238/1500 | 손실: 0.3913 | 학습: 87.6% | 검증: 82.1% | lr: 2.00e-03 | 0.3s
  에폭 239/1500 | 손실: 0.3802 | 학습: 88.2% | 검증: 82.9% | lr: 2.00e-03 | 0.3s
  에폭 240/1500 | 손실: 0.3822 | 학습: 88.4% | 검증: 83.4% | lr: 2.00e-03 | 0.3s ★
  에폭 241/1500 | 손실: 0.3864 | 학습: 88.2% | 검증: 82.8% | lr: 2.00e-03 | 0.4s
  에폭 242/1500 | 손실: 0.3842 | 학습: 87.8% | 검증: 82.6% | lr: 2.00e-03 | 0.3s
  에폭 243/1500 | 손실: 0.3774 | 학습: 88.1% | 검증: 83.4% | lr: 2.00e-03 | 0.3s
  에폭 244/1500 | 손실: 0.3825 | 학습: 87.8% | 검증: 82.9% | lr: 2.00e-03 | 0.3s
  에폭 245/1500 | 손실: 0.3806 | 학습: 88.3% | 검증: 83.4% | lr: 2.00e-03 | 0.3s
  에폭 246/1500 | 손실: 0.3857 | 학습: 88.2% | 검증: 82.6% | lr: 2.00e-03 | 0.3s
  에폭 247/1500 | 손실: 0.3823 | 학습: 88.5% | 검증: 82.9% | lr: 2.00e-03 | 0.3s
  에폭 248/1500 | 손실: 0.3776 | 학습: 88.4% | 검증: 83.1% | lr: 2.00e-03 | 0.3s
  에폭 249/1500 | 손실: 0.3856 | 학습: 88.3% | 검증: 82.1% | lr: 2.00e-03 | 0.4s
  에폭 250/1500 | 손실: 0.3783 | 학습: 88.1% | 검증: 83.0% | lr: 2.00e-03 | 0.4s
  에폭 251/1500 | 손실: 0.3773 | 학습: 88.2% | 검증: 83.0% | lr: 2.00e-03 | 0.4s
  에폭 252/1500 | 손실: 0.3772 | 학습: 88.1% | 검증: 82.8% | lr: 2.00e-03 | 0.3s
  에폭 253/1500 | 손실: 0.3844 | 학습: 87.9% | 검증: 82.6% | lr: 2.00e-03 | 0.4s
  에폭 254/1500 | 손실: 0.3781 | 학습: 88.4% | 검증: 82.5% | lr: 2.00e-03 | 0.3s
  에폭 255/1500 | 손실: 0.3808 | 학습: 88.4% | 검증: 83.1% | lr: 2.00e-03 | 0.4s
  에폭 256/1500 | 손실: 0.3812 | 학습: 88.5% | 검증: 83.0% | lr: 2.00e-03 | 0.4s
  에폭 257/1500 | 손실: 0.3768 | 학습: 88.7% | 검증: 83.3% | lr: 2.00e-03 | 0.4s
  에폭 258/1500 | 손실: 0.3767 | 학습: 88.4% | 검증: 83.2% | lr: 2.00e-03 | 0.4s
  에폭 259/1500 | 손실: 0.3768 | 학습: 88.2% | 검증: 82.5% | lr: 2.00e-03 | 0.3s
  에폭 260/1500 | 손실: 0.3815 | 학습: 88.0% | 검증: 82.7% | lr: 2.00e-03 | 0.3s
  에폭 261/1500 | 손실: 0.3751 | 학습: 88.2% | 검증: 82.8% | lr: 2.00e-03 | 0.3s
  에폭 262/1500 | 손실: 0.3793 | 학습: 88.3% | 검증: 83.0% | lr: 2.00e-03 | 0.3s
  에폭 263/1500 | 손실: 0.3793 | 학습: 88.1% | 검증: 83.0% | lr: 2.00e-03 | 0.3s
  에폭 264/1500 | 손실: 0.3811 | 학습: 88.2% | 검증: 82.3% | lr: 2.00e-03 | 0.3s
  에폭 265/1500 | 손실: 0.3802 | 학습: 88.1% | 검증: 82.8% | lr: 2.00e-03 | 0.3s
  에폭 266/1500 | 손실: 0.3799 | 학습: 88.7% | 검증: 82.5% | lr: 2.00e-03 | 0.3s
  에폭 267/1500 | 손실: 0.3773 | 학습: 88.1% | 검증: 83.3% | lr: 2.00e-03 | 0.3s
  에폭 268/1500 | 손실: 0.3816 | 학습: 88.2% | 검증: 82.9% | lr: 2.00e-03 | 0.3s
  에폭 269/1500 | 손실: 0.3798 | 학습: 87.9% | 검증: 82.8% | lr: 2.00e-03 | 0.3s
  에폭 270/1500 | 손실: 0.3778 | 학습: 88.5% | 검증: 83.5% | lr: 2.00e-03 | 0.4s ★
  에폭 271/1500 | 손실: 0.3780 | 학습: 88.4% | 검증: 82.9% | lr: 2.00e-03 | 0.3s
  에폭 272/1500 | 손실: 0.3766 | 학습: 88.5% | 검증: 82.9% | lr: 2.00e-03 | 0.4s
  에폭 273/1500 | 손실: 0.3741 | 학습: 88.5% | 검증: 83.7% | lr: 2.00e-03 | 0.3s ★
  에폭 274/1500 | 손실: 0.3787 | 학습: 88.5% | 검증: 83.2% | lr: 2.00e-03 | 0.3s
  에폭 275/1500 | 손실: 0.3739 | 학습: 88.6% | 검증: 83.1% | lr: 2.00e-03 | 0.3s
  에폭 276/1500 | 손실: 0.3798 | 학습: 88.0% | 검증: 83.0% | lr: 2.00e-03 | 0.4s
  에폭 277/1500 | 손실: 0.3824 | 학습: 88.2% | 검증: 82.7% | lr: 2.00e-03 | 0.4s
  에폭 278/1500 | 손실: 0.3750 | 학습: 88.7% | 검증: 83.9% | lr: 2.00e-03 | 0.4s ★
  에폭 279/1500 | 손실: 0.3790 | 학습: 87.9% | 검증: 83.3% | lr: 2.00e-03 | 0.4s
  에폭 280/1500 | 손실: 0.3764 | 학습: 88.5% | 검증: 83.5% | lr: 2.00e-03 | 0.4s
  에폭 281/1500 | 손실: 0.3775 | 학습: 88.6% | 검증: 83.1% | lr: 2.00e-03 | 0.3s
  에폭 282/1500 | 손실: 0.3739 | 학습: 88.6% | 검증: 83.2% | lr: 2.00e-03 | 0.3s
  에폭 283/1500 | 손실: 0.3759 | 학습: 88.6% | 검증: 83.3% | lr: 2.00e-03 | 0.3s
  에폭 284/1500 | 손실: 0.3721 | 학습: 88.5% | 검증: 83.2% | lr: 2.00e-03 | 0.3s
  에폭 285/1500 | 손실: 0.3792 | 학습: 88.4% | 검증: 83.1% | lr: 2.00e-03 | 0.3s
  에폭 286/1500 | 손실: 0.3777 | 학습: 88.9% | 검증: 83.0% | lr: 2.00e-03 | 0.3s
  에폭 287/1500 | 손실: 0.3732 | 학습: 88.6% | 검증: 83.0% | lr: 2.00e-03 | 0.3s
  에폭 288/1500 | 손실: 0.3733 | 학습: 88.7% | 검증: 82.9% | lr: 2.00e-03 | 0.3s
  에폭 289/1500 | 손실: 0.3763 | 학습: 89.0% | 검증: 83.1% | lr: 2.00e-03 | 0.3s
  에폭 290/1500 | 손실: 0.3718 | 학습: 88.6% | 검증: 83.6% | lr: 2.00e-03 | 0.4s
  에폭 291/1500 | 손실: 0.3770 | 학습: 88.5% | 검증: 83.0% | lr: 2.00e-03 | 0.3s
  에폭 292/1500 | 손실: 0.3715 | 학습: 88.7% | 검증: 83.4% | lr: 2.00e-03 | 0.4s
  에폭 293/1500 | 손실: 0.3731 | 학습: 88.3% | 검증: 83.5% | lr: 2.00e-03 | 0.3s
  에폭 294/1500 | 손실: 0.3755 | 학습: 88.3% | 검증: 83.4% | lr: 2.00e-03 | 0.3s
  에폭 295/1500 | 손실: 0.3697 | 학습: 88.7% | 검증: 83.5% | lr: 2.00e-03 | 0.3s
  에폭 296/1500 | 손실: 0.3705 | 학습: 88.7% | 검증: 83.6% | lr: 2.00e-03 | 0.3s
  에폭 297/1500 | 손실: 0.3712 | 학습: 88.6% | 검증: 83.2% | lr: 2.00e-03 | 0.3s
  에폭 298/1500 | 손실: 0.3719 | 학습: 88.8% | 검증: 83.2% | lr: 2.00e-03 | 0.3s
  에폭 299/1500 | 손실: 0.3729 | 학습: 88.6% | 검증: 83.6% | lr: 2.00e-03 | 0.4s
  에폭 300/1500 | 손실: 0.3714 | 학습: 88.6% | 검증: 83.1% | lr: 2.00e-03 | 0.3s
  에폭 301/1500 | 손실: 0.3700 | 학습: 89.2% | 검증: 83.8% | lr: 2.00e-03 | 0.4s
  에폭 302/1500 | 손실: 0.3678 | 학습: 89.1% | 검증: 83.5% | lr: 2.00e-03 | 0.3s
  에폭 303/1500 | 손실: 0.3665 | 학습: 88.8% | 검증: 83.5% | lr: 2.00e-03 | 0.4s
  에폭 304/1500 | 손실: 0.3706 | 학습: 88.9% | 검증: 83.8% | lr: 2.00e-03 | 0.3s
  에폭 305/1500 | 손실: 0.3738 | 학습: 89.1% | 검증: 83.5% | lr: 2.00e-03 | 0.4s
  에폭 306/1500 | 손실: 0.3753 | 학습: 89.0% | 검증: 83.1% | lr: 2.00e-03 | 0.4s
  에폭 307/1500 | 손실: 0.3744 | 학습: 89.0% | 검증: 83.2% | lr: 2.00e-03 | 0.4s
  에폭 308/1500 | 손실: 0.3756 | 학습: 89.0% | 검증: 83.8% | lr: 2.00e-03 | 0.4s
  에폭 309/1500 | 손실: 0.3747 | 학습: 88.5% | 검증: 83.6% | lr: 2.00e-03 | 0.3s
  에폭 310/1500 | 손실: 0.3700 | 학습: 88.7% | 검증: 84.0% | lr: 2.00e-03 | 0.3s ★
  에폭 311/1500 | 손실: 0.3736 | 학습: 89.0% | 검증: 83.1% | lr: 2.00e-03 | 0.3s
  에폭 312/1500 | 손실: 0.3699 | 학습: 89.0% | 검증: 83.2% | lr: 2.00e-03 | 0.4s
  에폭 313/1500 | 손실: 0.3686 | 학습: 88.9% | 검증: 83.7% | lr: 2.00e-03 | 0.4s
  에폭 314/1500 | 손실: 0.3741 | 학습: 89.0% | 검증: 83.7% | lr: 2.00e-03 | 0.4s
  에폭 315/1500 | 손실: 0.3686 | 학습: 89.1% | 검증: 83.7% | lr: 2.00e-03 | 0.3s
  에폭 316/1500 | 손실: 0.3688 | 학습: 89.2% | 검증: 83.3% | lr: 2.00e-03 | 0.3s
  에폭 317/1500 | 손실: 0.3743 | 학습: 88.9% | 검증: 83.5% | lr: 2.00e-03 | 0.4s
  에폭 318/1500 | 손실: 0.3751 | 학습: 89.2% | 검증: 83.3% | lr: 2.00e-03 | 0.4s
  에폭 319/1500 | 손실: 0.3713 | 학습: 88.9% | 검증: 82.7% | lr: 2.00e-03 | 0.3s
  에폭 320/1500 | 손실: 0.3733 | 학습: 89.2% | 검증: 83.8% | lr: 2.00e-03 | 0.3s
  에폭 321/1500 | 손실: 0.3742 | 학습: 89.0% | 검증: 83.9% | lr: 2.00e-03 | 0.4s
  에폭 322/1500 | 손실: 0.3653 | 학습: 89.3% | 검증: 83.4% | lr: 2.00e-03 | 0.3s
  에폭 323/1500 | 손실: 0.3745 | 학습: 89.0% | 검증: 83.2% | lr: 2.00e-03 | 0.3s
  에폭 324/1500 | 손실: 0.3656 | 학습: 88.4% | 검증: 83.1% | lr: 2.00e-03 | 0.3s
  에폭 325/1500 | 손실: 0.3737 | 학습: 89.4% | 검증: 83.6% | lr: 2.00e-03 | 0.3s
  에폭 326/1500 | 손실: 0.3691 | 학습: 89.0% | 검증: 83.5% | lr: 2.00e-03 | 0.3s
  에폭 327/1500 | 손실: 0.3690 | 학습: 89.1% | 검증: 83.7% | lr: 2.00e-03 | 0.4s
  에폭 328/1500 | 손실: 0.3720 | 학습: 89.1% | 검증: 83.4% | lr: 2.00e-03 | 0.4s
  에폭 329/1500 | 손실: 0.3670 | 학습: 89.2% | 검증: 84.1% | lr: 2.00e-03 | 0.4s ★
  에폭 330/1500 | 손실: 0.3682 | 학습: 89.0% | 검증: 83.8% | lr: 2.00e-03 | 0.3s
  에폭 331/1500 | 손실: 0.3746 | 학습: 89.5% | 검증: 84.1% | lr: 2.00e-03 | 0.4s ★
  에폭 332/1500 | 손실: 0.3644 | 학습: 89.1% | 검증: 83.7% | lr: 2.00e-03 | 0.3s
  에폭 333/1500 | 손실: 0.3699 | 학습: 89.4% | 검증: 83.4% | lr: 2.00e-03 | 0.3s
  에폭 334/1500 | 손실: 0.3711 | 학습: 88.6% | 검증: 82.9% | lr: 2.00e-03 | 0.3s
  에폭 335/1500 | 손실: 0.3663 | 학습: 89.2% | 검증: 83.6% | lr: 2.00e-03 | 0.4s
  에폭 336/1500 | 손실: 0.3651 | 학습: 89.5% | 검증: 84.2% | lr: 2.00e-03 | 0.3s ★
  에폭 337/1500 | 손실: 0.3691 | 학습: 89.2% | 검증: 83.6% | lr: 2.00e-03 | 0.3s
  에폭 338/1500 | 손실: 0.3708 | 학습: 89.3% | 검증: 83.5% | lr: 2.00e-03 | 0.3s
  에폭 339/1500 | 손실: 0.3668 | 학습: 89.2% | 검증: 83.9% | lr: 2.00e-03 | 0.4s
  에폭 340/1500 | 손실: 0.3752 | 학습: 89.4% | 검증: 83.4% | lr: 2.00e-03 | 0.3s
  에폭 341/1500 | 손실: 0.3632 | 학습: 89.3% | 검증: 83.8% | lr: 2.00e-03 | 0.4s
  에폭 342/1500 | 손실: 0.3700 | 학습: 89.1% | 검증: 83.5% | lr: 2.00e-03 | 0.4s
  에폭 343/1500 | 손실: 0.3670 | 학습: 89.0% | 검증: 83.4% | lr: 2.00e-03 | 0.4s
  에폭 344/1500 | 손실: 0.3678 | 학습: 89.4% | 검증: 83.7% | lr: 2.00e-03 | 0.3s
  에폭 345/1500 | 손실: 0.3670 | 학습: 89.2% | 검증: 83.9% | lr: 2.00e-03 | 0.3s
  에폭 346/1500 | 손실: 0.3727 | 학습: 89.3% | 검증: 83.8% | lr: 2.00e-03 | 0.3s
  에폭 347/1500 | 손실: 0.3712 | 학습: 89.5% | 검증: 84.5% | lr: 2.00e-03 | 0.4s ★
  에폭 348/1500 | 손실: 0.3620 | 학습: 89.3% | 검증: 84.1% | lr: 2.00e-03 | 0.3s
  에폭 349/1500 | 손실: 0.3690 | 학습: 89.4% | 검증: 84.0% | lr: 2.00e-03 | 0.3s
  에폭 350/1500 | 손실: 0.3693 | 학습: 89.5% | 검증: 84.2% | lr: 2.00e-03 | 0.4s
  에폭 351/1500 | 손실: 0.3661 | 학습: 89.3% | 검증: 83.3% | lr: 2.00e-03 | 0.3s
  에폭 352/1500 | 손실: 0.3695 | 학습: 89.5% | 검증: 83.9% | lr: 2.00e-03 | 0.3s
  에폭 353/1500 | 손실: 0.3639 | 학습: 89.3% | 검증: 84.0% | lr: 2.00e-03 | 0.4s
  에폭 354/1500 | 손실: 0.3645 | 학습: 89.3% | 검증: 83.9% | lr: 2.00e-03 | 0.4s
  에폭 355/1500 | 손실: 0.3653 | 학습: 89.5% | 검증: 83.1% | lr: 2.00e-03 | 0.3s
  에폭 356/1500 | 손실: 0.3685 | 학습: 89.4% | 검증: 83.8% | lr: 2.00e-03 | 0.4s
  에폭 357/1500 | 손실: 0.3665 | 학습: 89.3% | 검증: 83.4% | lr: 2.00e-03 | 0.3s
  에폭 358/1500 | 손실: 0.3637 | 학습: 89.4% | 검증: 83.3% | lr: 2.00e-03 | 0.3s
  에폭 359/1500 | 손실: 0.3661 | 학습: 89.3% | 검증: 83.2% | lr: 2.00e-03 | 0.3s
  에폭 360/1500 | 손실: 0.3651 | 학습: 89.2% | 검증: 83.8% | lr: 2.00e-03 | 0.3s
  에폭 361/1500 | 손실: 0.3681 | 학습: 89.0% | 검증: 83.2% | lr: 2.00e-03 | 0.3s
  에폭 362/1500 | 손실: 0.3710 | 학습: 89.2% | 검증: 83.7% | lr: 2.00e-03 | 0.3s
  에폭 363/1500 | 손실: 0.3654 | 학습: 89.3% | 검증: 83.5% | lr: 2.00e-03 | 0.3s
  에폭 364/1500 | 손실: 0.3649 | 학습: 89.4% | 검증: 83.9% | lr: 2.00e-03 | 0.3s
  에폭 365/1500 | 손실: 0.3633 | 학습: 89.9% | 검증: 84.3% | lr: 2.00e-03 | 0.3s
  에폭 366/1500 | 손실: 0.3606 | 학습: 89.2% | 검증: 83.6% | lr: 2.00e-03 | 0.3s
  에폭 367/1500 | 손실: 0.3658 | 학습: 89.2% | 검증: 83.7% | lr: 2.00e-03 | 0.3s
  에폭 368/1500 | 손실: 0.3616 | 학습: 89.6% | 검증: 83.9% | lr: 2.00e-03 | 0.4s
  에폭 369/1500 | 손실: 0.3663 | 학습: 89.6% | 검증: 84.0% | lr: 2.00e-03 | 0.4s
  에폭 370/1500 | 손실: 0.3672 | 학습: 89.4% | 검증: 84.0% | lr: 2.00e-03 | 0.4s
  에폭 371/1500 | 손실: 0.3661 | 학습: 89.1% | 검증: 84.3% | lr: 2.00e-03 | 0.4s
  에폭 372/1500 | 손실: 0.3641 | 학습: 89.7% | 검증: 84.4% | lr: 2.00e-03 | 0.4s
  에폭 373/1500 | 손실: 0.3661 | 학습: 89.2% | 검증: 83.7% | lr: 2.00e-03 | 0.6s
  에폭 374/1500 | 손실: 0.3635 | 학습: 89.2% | 검증: 84.3% | lr: 2.00e-03 | 0.5s
  에폭 375/1500 | 손실: 0.3634 | 학습: 89.6% | 검증: 84.2% | lr: 2.00e-03 | 0.3s
  에폭 376/1500 | 손실: 0.3729 | 학습: 89.5% | 검증: 83.8% | lr: 2.00e-03 | 0.4s
  에폭 377/1500 | 손실: 0.3651 | 학습: 89.7% | 검증: 84.0% | lr: 2.00e-03 | 0.3s
  에폭 378/1500 | 손실: 0.3673 | 학습: 89.5% | 검증: 83.5% | lr: 2.00e-03 | 0.4s
  에폭 379/1500 | 손실: 0.3696 | 학습: 89.6% | 검증: 83.6% | lr: 2.00e-03 | 0.5s
  에폭 380/1500 | 손실: 0.3642 | 학습: 89.4% | 검증: 83.6% | lr: 2.00e-03 | 0.4s
  에폭 381/1500 | 손실: 0.3663 | 학습: 89.3% | 검증: 84.2% | lr: 2.00e-03 | 0.3s
  에폭 382/1500 | 손실: 0.3633 | 학습: 89.5% | 검증: 84.2% | lr: 2.00e-03 | 0.3s
  에폭 383/1500 | 손실: 0.3654 | 학습: 89.6% | 검증: 84.6% | lr: 2.00e-03 | 0.4s ★
  에폭 384/1500 | 손실: 0.3637 | 학습: 89.6% | 검증: 84.4% | lr: 2.00e-03 | 0.5s
  에폭 385/1500 | 손실: 0.3657 | 학습: 89.6% | 검증: 84.3% | lr: 2.00e-03 | 0.8s
  에폭 386/1500 | 손실: 0.3634 | 학습: 89.7% | 검증: 84.3% | lr: 2.00e-03 | 0.5s
  에폭 387/1500 | 손실: 0.3576 | 학습: 89.3% | 검증: 83.6% | lr: 2.00e-03 | 0.4s
  에폭 388/1500 | 손실: 0.3614 | 학습: 89.6% | 검증: 83.9% | lr: 2.00e-03 | 0.4s
  에폭 389/1500 | 손실: 0.3678 | 학습: 89.2% | 검증: 84.0% | lr: 2.00e-03 | 0.3s
  에폭 390/1500 | 손실: 0.3642 | 학습: 90.0% | 검증: 84.4% | lr: 2.00e-03 | 0.4s
  에폭 391/1500 | 손실: 0.3630 | 학습: 89.6% | 검증: 84.0% | lr: 2.00e-03 | 0.4s
  에폭 392/1500 | 손실: 0.3644 | 학습: 89.8% | 검증: 84.2% | lr: 2.00e-03 | 0.3s
  에폭 393/1500 | 손실: 0.3652 | 학습: 89.7% | 검증: 84.3% | lr: 2.00e-03 | 0.3s
  에폭 394/1500 | 손실: 0.3687 | 학습: 89.6% | 검증: 84.0% | lr: 2.00e-03 | 0.3s
  에폭 395/1500 | 손실: 0.3661 | 학습: 89.7% | 검증: 83.6% | lr: 2.00e-03 | 0.4s
  에폭 396/1500 | 손실: 0.3613 | 학습: 89.6% | 검증: 83.9% | lr: 2.00e-03 | 0.3s
  에폭 397/1500 | 손실: 0.3676 | 학습: 89.6% | 검증: 83.4% | lr: 2.00e-03 | 0.3s
  에폭 398/1500 | 손실: 0.3630 | 학습: 89.7% | 검증: 84.2% | lr: 2.00e-03 | 0.3s
  에폭 399/1500 | 손실: 0.3613 | 학습: 89.6% | 검증: 84.1% | lr: 2.00e-03 | 0.3s
  에폭 400/1500 | 손실: 0.3605 | 학습: 89.4% | 검증: 84.0% | lr: 2.00e-03 | 0.3s
  에폭 401/1500 | 손실: 0.3644 | 학습: 89.8% | 검증: 83.9% | lr: 2.00e-03 | 0.3s
  에폭 402/1500 | 손실: 0.3625 | 학습: 89.6% | 검증: 84.3% | lr: 2.00e-03 | 0.3s
  에폭 403/1500 | 손실: 0.3643 | 학습: 89.6% | 검증: 83.6% | lr: 2.00e-03 | 0.3s
  에폭 404/1500 | 손실: 0.3652 | 학습: 89.4% | 검증: 83.7% | lr: 2.00e-03 | 0.4s
  에폭 405/1500 | 손실: 0.3592 | 학습: 89.9% | 검증: 83.9% | lr: 2.00e-03 | 0.3s
  에폭 406/1500 | 손실: 0.3614 | 학습: 89.4% | 검증: 83.8% | lr: 2.00e-03 | 0.3s
  에폭 407/1500 | 손실: 0.3637 | 학습: 89.6% | 검증: 84.5% | lr: 2.00e-03 | 0.3s
  에폭 408/1500 | 손실: 0.3664 | 학습: 89.5% | 검증: 84.0% | lr: 2.00e-03 | 0.3s
  에폭 409/1500 | 손실: 0.3635 | 학습: 89.3% | 검증: 84.2% | lr: 2.00e-03 | 0.3s
  에폭 410/1500 | 손실: 0.3651 | 학습: 89.4% | 검증: 84.1% | lr: 2.00e-03 | 0.3s
  에폭 411/1500 | 손실: 0.3554 | 학습: 89.6% | 검증: 83.9% | lr: 2.00e-03 | 0.3s
  에폭 412/1500 | 손실: 0.3617 | 학습: 89.9% | 검증: 84.2% | lr: 2.00e-03 | 0.3s
  에폭 413/1500 | 손실: 0.3588 | 학습: 89.7% | 검증: 84.1% | lr: 2.00e-03 | 0.3s
  에폭 414/1500 | 손실: 0.3611 | 학습: 89.4% | 검증: 83.7% | lr: 2.00e-03 | 0.3s
  에폭 415/1500 | 손실: 0.3642 | 학습: 89.5% | 검증: 84.1% | lr: 2.00e-03 | 0.3s
  에폭 416/1500 | 손실: 0.3569 | 학습: 89.7% | 검증: 83.8% | lr: 2.00e-03 | 0.4s
  에폭 417/1500 | 손실: 0.3574 | 학습: 89.9% | 검증: 83.7% | lr: 2.00e-03 | 0.4s
  에폭 418/1500 | 손실: 0.3578 | 학습: 89.3% | 검증: 84.0% | lr: 2.00e-03 | 0.4s
  에폭 419/1500 | 손실: 0.3599 | 학습: 89.5% | 검증: 84.0% | lr: 2.00e-03 | 0.4s
  에폭 420/1500 | 손실: 0.3617 | 학습: 89.7% | 검증: 84.1% | lr: 2.00e-03 | 0.4s
  에폭 421/1500 | 손실: 0.3555 | 학습: 89.6% | 검증: 84.4% | lr: 2.00e-03 | 0.3s
  에폭 422/1500 | 손실: 0.3566 | 학습: 89.5% | 검증: 83.9% | lr: 2.00e-03 | 0.3s
  에폭 423/1500 | 손실: 0.3609 | 학습: 89.8% | 검증: 84.2% | lr: 2.00e-03 | 0.3s
  에폭 424/1500 | 손실: 0.3593 | 학습: 89.6% | 검증: 84.2% | lr: 2.00e-03 | 0.3s
  에폭 425/1500 | 손실: 0.3651 | 학습: 89.4% | 검증: 83.4% | lr: 2.00e-03 | 0.3s
  에폭 426/1500 | 손실: 0.3570 | 학습: 89.7% | 검증: 84.6% | lr: 2.00e-03 | 0.3s
  에폭 427/1500 | 손실: 0.3575 | 학습: 89.8% | 검증: 83.5% | lr: 2.00e-03 | 0.3s
  에폭 428/1500 | 손실: 0.3596 | 학습: 89.8% | 검증: 84.2% | lr: 2.00e-03 | 0.3s
  에폭 429/1500 | 손실: 0.3590 | 학습: 90.0% | 검증: 84.3% | lr: 2.00e-03 | 0.3s
  에폭 430/1500 | 손실: 0.3581 | 학습: 89.8% | 검증: 83.7% | lr: 2.00e-03 | 0.3s
  에폭 431/1500 | 손실: 0.3639 | 학습: 89.9% | 검증: 84.2% | lr: 2.00e-03 | 0.3s
  에폭 432/1500 | 손실: 0.3598 | 학습: 89.8% | 검증: 83.8% | lr: 2.00e-03 | 0.3s
  에폭 433/1500 | 손실: 0.3587 | 학습: 90.0% | 검증: 84.1% | lr: 2.00e-03 | 0.3s
  에폭 434/1500 | 손실: 0.3605 | 학습: 89.8% | 검증: 84.4% | lr: 2.00e-03 | 0.3s
  에폭 435/1500 | 손실: 0.3656 | 학습: 89.5% | 검증: 83.8% | lr: 2.00e-03 | 0.3s
  에폭 436/1500 | 손실: 0.3574 | 학습: 90.1% | 검증: 84.2% | lr: 2.00e-03 | 0.3s
  에폭 437/1500 | 손실: 0.3557 | 학습: 89.8% | 검증: 84.0% | lr: 2.00e-03 | 0.3s
  에폭 438/1500 | 손실: 0.3560 | 학습: 89.7% | 검증: 83.8% | lr: 2.00e-03 | 0.4s
  에폭 439/1500 | 손실: 0.3587 | 학습: 90.0% | 검증: 84.8% | lr: 2.00e-03 | 0.3s ★
  에폭 440/1500 | 손실: 0.3609 | 학습: 89.8% | 검증: 83.7% | lr: 2.00e-03 | 0.3s
  에폭 441/1500 | 손실: 0.3602 | 학습: 89.9% | 검증: 84.3% | lr: 2.00e-03 | 0.3s
  에폭 442/1500 | 손실: 0.3589 | 학습: 90.3% | 검증: 84.5% | lr: 2.00e-03 | 0.3s
  에폭 443/1500 | 손실: 0.3627 | 학습: 90.0% | 검증: 84.1% | lr: 2.00e-03 | 0.3s
  에폭 444/1500 | 손실: 0.3589 | 학습: 89.7% | 검증: 84.0% | lr: 2.00e-03 | 0.3s
  에폭 445/1500 | 손실: 0.3574 | 학습: 90.4% | 검증: 83.9% | lr: 2.00e-03 | 0.4s
  에폭 446/1500 | 손실: 0.3587 | 학습: 89.8% | 검증: 84.2% | lr: 2.00e-03 | 0.3s
  에폭 447/1500 | 손실: 0.3588 | 학습: 89.6% | 검증: 83.6% | lr: 2.00e-03 | 0.3s
  에폭 448/1500 | 손실: 0.3564 | 학습: 90.0% | 검증: 84.4% | lr: 2.00e-03 | 0.3s
  에폭 449/1500 | 손실: 0.3541 | 학습: 89.9% | 검증: 84.3% | lr: 2.00e-03 | 0.3s
  에폭 450/1500 | 손실: 0.3553 | 학습: 90.2% | 검증: 84.3% | lr: 2.00e-03 | 0.3s
  에폭 451/1500 | 손실: 0.3568 | 학습: 90.0% | 검증: 84.4% | lr: 2.00e-03 | 0.3s
  에폭 452/1500 | 손실: 0.3563 | 학습: 89.5% | 검증: 84.5% | lr: 2.00e-03 | 0.3s
  에폭 453/1500 | 손실: 0.3613 | 학습: 90.0% | 검증: 84.3% | lr: 2.00e-03 | 0.3s
  에폭 454/1500 | 손실: 0.3615 | 학습: 90.0% | 검증: 84.3% | lr: 2.00e-03 | 0.3s
  에폭 455/1500 | 손실: 0.3538 | 학습: 89.8% | 검증: 84.5% | lr: 2.00e-03 | 0.3s
  에폭 456/1500 | 손실: 0.3568 | 학습: 89.5% | 검증: 84.1% | lr: 2.00e-03 | 0.3s
  에폭 457/1500 | 손실: 0.3644 | 학습: 89.8% | 검증: 83.8% | lr: 2.00e-03 | 0.3s
  에폭 458/1500 | 손실: 0.3602 | 학습: 89.8% | 검증: 84.2% | lr: 2.00e-03 | 0.3s
  에폭 459/1500 | 손실: 0.3628 | 학습: 90.5% | 검증: 84.5% | lr: 2.00e-03 | 0.3s
  에폭 460/1500 | 손실: 0.3624 | 학습: 89.9% | 검증: 84.3% | lr: 2.00e-03 | 0.3s
  에폭 461/1500 | 손실: 0.3526 | 학습: 90.4% | 검증: 85.2% | lr: 2.00e-03 | 0.3s ★
  에폭 462/1500 | 손실: 0.3522 | 학습: 90.2% | 검증: 84.6% | lr: 2.00e-03 | 0.3s
  에폭 463/1500 | 손실: 0.3530 | 학습: 89.7% | 검증: 84.1% | lr: 2.00e-03 | 0.3s
  에폭 464/1500 | 손실: 0.3518 | 학습: 90.1% | 검증: 84.1% | lr: 2.00e-03 | 0.3s
  에폭 465/1500 | 손실: 0.3562 | 학습: 90.0% | 검증: 84.2% | lr: 2.00e-03 | 0.3s
  에폭 466/1500 | 손실: 0.3561 | 학습: 89.7% | 검증: 83.8% | lr: 2.00e-03 | 0.3s
  에폭 467/1500 | 손실: 0.3543 | 학습: 90.1% | 검증: 83.8% | lr: 2.00e-03 | 0.3s
  에폭 468/1500 | 손실: 0.3542 | 학습: 90.0% | 검증: 84.3% | lr: 2.00e-03 | 0.3s
  에폭 469/1500 | 손실: 0.3572 | 학습: 90.4% | 검증: 84.0% | lr: 2.00e-03 | 0.3s
  에폭 470/1500 | 손실: 0.3582 | 학습: 90.1% | 검증: 84.3% | lr: 2.00e-03 | 0.3s
  에폭 471/1500 | 손실: 0.3586 | 학습: 90.1% | 검증: 84.6% | lr: 2.00e-03 | 0.3s
  에폭 472/1500 | 손실: 0.3618 | 학습: 90.1% | 검증: 84.7% | lr: 2.00e-03 | 0.3s
  에폭 473/1500 | 손실: 0.3566 | 학습: 89.5% | 검증: 84.1% | lr: 2.00e-03 | 0.3s
  에폭 474/1500 | 손실: 0.3581 | 학습: 89.2% | 검증: 83.5% | lr: 2.00e-03 | 0.3s
  에폭 475/1500 | 손실: 0.3577 | 학습: 90.1% | 검증: 84.6% | lr: 2.00e-03 | 0.3s
  에폭 476/1500 | 손실: 0.3617 | 학습: 89.9% | 검증: 84.7% | lr: 2.00e-03 | 0.3s
  에폭 477/1500 | 손실: 0.3567 | 학습: 90.1% | 검증: 84.4% | lr: 2.00e-03 | 0.3s
  에폭 478/1500 | 손실: 0.3579 | 학습: 90.1% | 검증: 84.2% | lr: 2.00e-03 | 0.3s
  에폭 479/1500 | 손실: 0.3582 | 학습: 90.0% | 검증: 84.4% | lr: 2.00e-03 | 0.3s
  에폭 480/1500 | 손실: 0.3559 | 학습: 90.0% | 검증: 84.8% | lr: 2.00e-03 | 0.3s
  에폭 481/1500 | 손실: 0.3525 | 학습: 90.1% | 검증: 83.9% | lr: 2.00e-03 | 0.3s
  에폭 482/1500 | 손실: 0.3602 | 학습: 90.2% | 검증: 85.1% | lr: 2.00e-03 | 0.3s
  에폭 483/1500 | 손실: 0.3579 | 학습: 90.0% | 검증: 84.4% | lr: 2.00e-03 | 0.3s
  에폭 484/1500 | 손실: 0.3556 | 학습: 89.9% | 검증: 84.4% | lr: 2.00e-03 | 0.3s
  에폭 485/1500 | 손실: 0.3483 | 학습: 90.5% | 검증: 84.6% | lr: 2.00e-03 | 0.3s
  에폭 486/1500 | 손실: 0.3510 | 학습: 90.4% | 검증: 84.6% | lr: 2.00e-03 | 0.3s
  에폭 487/1500 | 손실: 0.3574 | 학습: 89.8% | 검증: 84.2% | lr: 2.00e-03 | 0.3s
  에폭 488/1500 | 손실: 0.3576 | 학습: 90.4% | 검증: 84.5% | lr: 2.00e-03 | 0.3s
  에폭 489/1500 | 손실: 0.3563 | 학습: 90.5% | 검증: 84.6% | lr: 2.00e-03 | 0.4s
  에폭 490/1500 | 손실: 0.3536 | 학습: 90.5% | 검증: 84.4% | lr: 2.00e-03 | 0.3s
  에폭 491/1500 | 손실: 0.3559 | 학습: 90.1% | 검증: 84.6% | lr: 2.00e-03 | 0.4s
  에폭 492/1500 | 손실: 0.3509 | 학습: 90.2% | 검증: 84.1% | lr: 2.00e-03 | 0.4s
  에폭 493/1500 | 손실: 0.3468 | 학습: 89.7% | 검증: 84.1% | lr: 2.00e-03 | 0.4s
  에폭 494/1500 | 손실: 0.3514 | 학습: 90.3% | 검증: 84.5% | lr: 2.00e-03 | 0.4s
  에폭 495/1500 | 손실: 0.3506 | 학습: 90.1% | 검증: 84.6% | lr: 2.00e-03 | 0.4s
  에폭 496/1500 | 손실: 0.3519 | 학습: 90.1% | 검증: 84.5% | lr: 2.00e-03 | 0.4s
  에폭 497/1500 | 손실: 0.3592 | 학습: 90.1% | 검증: 84.3% | lr: 2.00e-03 | 0.4s
  에폭 498/1500 | 손실: 0.3587 | 학습: 90.3% | 검증: 84.2% | lr: 2.00e-03 | 0.4s
  에폭 499/1500 | 손실: 0.3554 | 학습: 90.1% | 검증: 84.3% | lr: 2.00e-03 | 0.3s
  에폭 500/1500 | 손실: 0.3533 | 학습: 90.2% | 검증: 84.6% | lr: 2.00e-03 | 0.3s
  에폭 501/1500 | 손실: 0.3510 | 학습: 90.3% | 검증: 84.4% | lr: 2.00e-03 | 0.3s
  에폭 502/1500 | 손실: 0.3490 | 학습: 90.6% | 검증: 84.8% | lr: 2.00e-03 | 0.3s
  에폭 503/1500 | 손실: 0.3498 | 학습: 90.1% | 검증: 83.9% | lr: 2.00e-03 | 0.3s
  에폭 504/1500 | 손실: 0.3574 | 학습: 90.1% | 검증: 84.7% | lr: 2.00e-03 | 0.3s
  에폭 505/1500 | 손실: 0.3511 | 학습: 90.2% | 검증: 84.5% | lr: 2.00e-03 | 0.3s
  에폭 506/1500 | 손실: 0.3517 | 학습: 90.0% | 검증: 84.4% | lr: 2.00e-03 | 0.3s
  에폭 507/1500 | 손실: 0.3465 | 학습: 89.9% | 검증: 83.6% | lr: 2.00e-03 | 0.3s
  에폭 508/1500 | 손실: 0.3574 | 학습: 90.2% | 검증: 84.2% | lr: 2.00e-03 | 0.3s
  에폭 509/1500 | 손실: 0.3520 | 학습: 90.2% | 검증: 84.4% | lr: 2.00e-03 | 0.3s
  에폭 510/1500 | 손실: 0.3472 | 학습: 90.3% | 검증: 84.6% | lr: 2.00e-03 | 0.3s
  에폭 511/1500 | 손실: 0.3498 | 학습: 90.4% | 검증: 84.4% | lr: 2.00e-03 | 0.4s
  에폭 512/1500 | 손실: 0.3520 | 학습: 90.0% | 검증: 84.5% | lr: 2.00e-03 | 0.4s
  에폭 513/1500 | 손실: 0.3497 | 학습: 90.4% | 검증: 84.5% | lr: 2.00e-03 | 0.4s
  에폭 514/1500 | 손실: 0.3467 | 학습: 90.6% | 검증: 84.8% | lr: 2.00e-03 | 0.4s
  에폭 515/1500 | 손실: 0.3483 | 학습: 90.1% | 검증: 84.3% | lr: 2.00e-03 | 0.4s
  에폭 516/1500 | 손실: 0.3546 | 학습: 90.2% | 검증: 84.5% | lr: 2.00e-03 | 0.4s
  에폭 517/1500 | 손실: 0.3563 | 학습: 90.3% | 검증: 84.7% | lr: 2.00e-03 | 0.3s
  에폭 518/1500 | 손실: 0.3505 | 학습: 90.1% | 검증: 84.9% | lr: 2.00e-03 | 0.3s
  에폭 519/1500 | 손실: 0.3523 | 학습: 90.1% | 검증: 84.5% | lr: 2.00e-03 | 0.3s
  에폭 520/1500 | 손실: 0.3477 | 학습: 90.0% | 검증: 84.9% | lr: 2.00e-03 | 0.3s
  에폭 521/1500 | 손실: 0.3518 | 학습: 90.4% | 검증: 84.8% | lr: 2.00e-03 | 0.3s
  에폭 522/1500 | 손실: 0.3504 | 학습: 90.5% | 검증: 84.9% | lr: 2.00e-03 | 0.3s
  에폭 523/1500 | 손실: 0.3549 | 학습: 90.6% | 검증: 84.5% | lr: 2.00e-03 | 0.3s
  에폭 524/1500 | 손실: 0.3560 | 학습: 90.3% | 검증: 84.7% | lr: 2.00e-03 | 0.3s
  에폭 525/1500 | 손실: 0.3491 | 학습: 90.3% | 검증: 84.7% | lr: 2.00e-03 | 0.3s
  에폭 526/1500 | 손실: 0.3496 | 학습: 89.7% | 검증: 84.2% | lr: 2.00e-03 | 0.3s
  에폭 527/1500 | 손실: 0.3485 | 학습: 90.5% | 검증: 84.6% | lr: 2.00e-03 | 0.3s
  에폭 528/1500 | 손실: 0.3539 | 학습: 90.5% | 검증: 84.9% | lr: 2.00e-03 | 0.3s
  에폭 529/1500 | 손실: 0.3511 | 학습: 90.2% | 검증: 84.5% | lr: 2.00e-03 | 0.3s
  에폭 530/1500 | 손실: 0.3550 | 학습: 90.0% | 검증: 84.1% | lr: 2.00e-03 | 0.4s
  에폭 531/1500 | 손실: 0.3507 | 학습: 90.3% | 검증: 84.3% | lr: 2.00e-03 | 0.4s
  에폭 532/1500 | 손실: 0.3497 | 학습: 90.3% | 검증: 84.6% | lr: 2.00e-03 | 0.4s
  에폭 533/1500 | 손실: 0.3517 | 학습: 90.3% | 검증: 84.7% | lr: 2.00e-03 | 0.4s
  에폭 534/1500 | 손실: 0.3501 | 학습: 90.5% | 검증: 84.9% | lr: 2.00e-03 | 0.4s
  에폭 535/1500 | 손실: 0.3493 | 학습: 90.4% | 검증: 84.9% | lr: 2.00e-03 | 0.4s
  에폭 536/1500 | 손실: 0.3468 | 학습: 90.4% | 검증: 84.4% | lr: 2.00e-03 | 0.4s
  에폭 537/1500 | 손실: 0.3541 | 학습: 90.5% | 검증: 85.1% | lr: 2.00e-03 | 0.3s
  에폭 538/1500 | 손실: 0.3587 | 학습: 90.3% | 검증: 84.7% | lr: 2.00e-03 | 0.3s
  에폭 539/1500 | 손실: 0.3529 | 학습: 90.2% | 검증: 84.8% | lr: 2.00e-03 | 0.3s
  에폭 540/1500 | 손실: 0.3537 | 학습: 90.3% | 검증: 84.6% | lr: 2.00e-03 | 0.3s
  에폭 541/1500 | 손실: 0.3494 | 학습: 90.8% | 검증: 84.6% | lr: 2.00e-03 | 0.3s
  에폭 542/1500 | 손실: 0.3480 | 학습: 90.4% | 검증: 84.9% | lr: 2.00e-03 | 0.3s
  에폭 543/1500 | 손실: 0.3548 | 학습: 90.5% | 검증: 84.5% | lr: 2.00e-03 | 0.3s
  에폭 544/1500 | 손실: 0.3492 | 학습: 90.6% | 검증: 84.5% | lr: 2.00e-03 | 0.3s
  에폭 545/1500 | 손실: 0.3537 | 학습: 90.7% | 검증: 84.7% | lr: 2.00e-03 | 0.3s
  에폭 546/1500 | 손실: 0.3481 | 학습: 90.5% | 검증: 84.3% | lr: 2.00e-03 | 0.4s
  에폭 547/1500 | 손실: 0.3527 | 학습: 90.9% | 검증: 84.8% | lr: 2.00e-03 | 0.3s
  에폭 548/1500 | 손실: 0.3500 | 학습: 90.5% | 검증: 84.7% | lr: 2.00e-03 | 0.3s
  에폭 549/1500 | 손실: 0.3518 | 학습: 90.1% | 검증: 84.2% | lr: 2.00e-03 | 0.3s
  에폭 550/1500 | 손실: 0.3543 | 학습: 90.6% | 검증: 84.8% | lr: 2.00e-03 | 0.3s
  에폭 551/1500 | 손실: 0.3471 | 학습: 90.5% | 검증: 85.2% | lr: 2.00e-03 | 0.3s ★
  에폭 552/1500 | 손실: 0.3493 | 학습: 90.6% | 검증: 84.6% | lr: 2.00e-03 | 0.3s
  에폭 553/1500 | 손실: 0.3562 | 학습: 90.4% | 검증: 85.0% | lr: 2.00e-03 | 0.3s
  에폭 554/1500 | 손실: 0.3510 | 학습: 90.5% | 검증: 84.9% | lr: 2.00e-03 | 0.3s
  에폭 555/1500 | 손실: 0.3519 | 학습: 90.6% | 검증: 85.0% | lr: 2.00e-03 | 0.3s
  에폭 556/1500 | 손실: 0.3529 | 학습: 90.6% | 검증: 85.0% | lr: 2.00e-03 | 0.3s
  에폭 557/1500 | 손실: 0.3475 | 학습: 90.1% | 검증: 84.4% | lr: 2.00e-03 | 0.3s
  에폭 558/1500 | 손실: 0.3469 | 학습: 90.5% | 검증: 84.8% | lr: 1.00e-03 | 0.3s
  에폭 559/1500 | 손실: 0.3389 | 학습: 91.0% | 검증: 84.9% | lr: 1.00e-03 | 0.3s
  에폭 560/1500 | 손실: 0.3388 | 학습: 90.9% | 검증: 85.2% | lr: 1.00e-03 | 0.4s ★
  에폭 561/1500 | 손실: 0.3345 | 학습: 91.1% | 검증: 85.1% | lr: 1.00e-03 | 0.3s
  에폭 562/1500 | 손실: 0.3400 | 학습: 90.9% | 검증: 85.2% | lr: 1.00e-03 | 0.4s
  에폭 563/1500 | 손실: 0.3351 | 학습: 90.8% | 검증: 85.3% | lr: 1.00e-03 | 0.3s ★
  에폭 564/1500 | 손실: 0.3361 | 학습: 91.1% | 검증: 85.5% | lr: 1.00e-03 | 0.3s ★
  에폭 565/1500 | 손실: 0.3349 | 학습: 91.0% | 검증: 85.0% | lr: 1.00e-03 | 0.3s
  에폭 566/1500 | 손실: 0.3409 | 학습: 91.3% | 검증: 85.2% | lr: 1.00e-03 | 0.3s
  에폭 567/1500 | 손실: 0.3364 | 학습: 91.1% | 검증: 84.9% | lr: 1.00e-03 | 0.3s
  에폭 568/1500 | 손실: 0.3349 | 학습: 91.2% | 검증: 85.3% | lr: 1.00e-03 | 0.3s
  에폭 569/1500 | 손실: 0.3354 | 학습: 91.2% | 검증: 85.2% | lr: 1.00e-03 | 0.3s
  에폭 570/1500 | 손실: 0.3361 | 학습: 91.1% | 검증: 85.0% | lr: 1.00e-03 | 0.3s
  에폭 571/1500 | 손실: 0.3339 | 학습: 91.0% | 검증: 85.1% | lr: 1.00e-03 | 0.3s
  에폭 572/1500 | 손실: 0.3323 | 학습: 91.1% | 검증: 85.4% | lr: 1.00e-03 | 0.3s
  에폭 573/1500 | 손실: 0.3319 | 학습: 91.2% | 검증: 85.3% | lr: 1.00e-03 | 0.3s
  에폭 574/1500 | 손실: 0.3317 | 학습: 91.3% | 검증: 85.1% | lr: 1.00e-03 | 0.3s
  에폭 575/1500 | 손실: 0.3398 | 학습: 91.3% | 검증: 85.5% | lr: 1.00e-03 | 0.3s
  에폭 576/1500 | 손실: 0.3334 | 학습: 91.1% | 검증: 85.2% | lr: 1.00e-03 | 0.3s
  에폭 577/1500 | 손실: 0.3336 | 학습: 91.3% | 검증: 85.8% | lr: 1.00e-03 | 0.4s ★
  에폭 578/1500 | 손실: 0.3314 | 학습: 91.2% | 검증: 85.7% | lr: 1.00e-03 | 0.3s
  에폭 579/1500 | 손실: 0.3356 | 학습: 91.4% | 검증: 85.7% | lr: 1.00e-03 | 0.3s
  에폭 580/1500 | 손실: 0.3349 | 학습: 91.3% | 검증: 85.2% | lr: 1.00e-03 | 0.3s
  에폭 581/1500 | 손실: 0.3316 | 학습: 91.4% | 검증: 85.8% | lr: 1.00e-03 | 0.3s ★
  에폭 582/1500 | 손실: 0.3376 | 학습: 91.3% | 검증: 85.7% | lr: 1.00e-03 | 0.3s
  에폭 583/1500 | 손실: 0.3338 | 학습: 91.3% | 검증: 85.6% | lr: 1.00e-03 | 0.3s
  에폭 584/1500 | 손실: 0.3334 | 학습: 91.3% | 검증: 85.3% | lr: 1.00e-03 | 0.3s
  에폭 585/1500 | 손실: 0.3271 | 학습: 91.3% | 검증: 85.5% | lr: 1.00e-03 | 0.3s
  에폭 586/1500 | 손실: 0.3309 | 학습: 91.2% | 검증: 85.5% | lr: 1.00e-03 | 0.3s
  에폭 587/1500 | 손실: 0.3367 | 학습: 91.2% | 검증: 85.2% | lr: 1.00e-03 | 0.3s
  에폭 588/1500 | 손실: 0.3344 | 학습: 91.3% | 검증: 85.0% | lr: 1.00e-03 | 0.3s
  에폭 589/1500 | 손실: 0.3342 | 학습: 91.3% | 검증: 85.4% | lr: 1.00e-03 | 0.3s
  에폭 590/1500 | 손실: 0.3293 | 학습: 91.4% | 검증: 85.3% | lr: 1.00e-03 | 0.3s
  에폭 591/1500 | 손실: 0.3322 | 학습: 91.2% | 검증: 85.5% | lr: 1.00e-03 | 0.3s
  에폭 592/1500 | 손실: 0.3384 | 학습: 91.0% | 검증: 85.5% | lr: 1.00e-03 | 0.3s
  에폭 593/1500 | 손실: 0.3331 | 학습: 91.2% | 검증: 85.5% | lr: 1.00e-03 | 0.3s
  에폭 594/1500 | 손실: 0.3303 | 학습: 91.3% | 검증: 85.5% | lr: 1.00e-03 | 0.3s
  에폭 595/1500 | 손실: 0.3329 | 학습: 91.3% | 검증: 85.5% | lr: 1.00e-03 | 0.3s
  에폭 596/1500 | 손실: 0.3341 | 학습: 91.1% | 검증: 85.1% | lr: 1.00e-03 | 0.3s
  에폭 597/1500 | 손실: 0.3428 | 학습: 91.5% | 검증: 85.8% | lr: 1.00e-03 | 0.3s
  에폭 598/1500 | 손실: 0.3380 | 학습: 91.5% | 검증: 85.4% | lr: 1.00e-03 | 0.3s
  에폭 599/1500 | 손실: 0.3310 | 학습: 91.4% | 검증: 85.8% | lr: 1.00e-03 | 0.3s
  에폭 600/1500 | 손실: 0.3356 | 학습: 91.2% | 검증: 85.3% | lr: 1.00e-03 | 0.3s
  에폭 601/1500 | 손실: 0.3315 | 학습: 91.6% | 검증: 85.7% | lr: 1.00e-03 | 0.3s
  에폭 602/1500 | 손실: 0.3297 | 학습: 91.3% | 검증: 85.2% | lr: 1.00e-03 | 0.3s
  에폭 603/1500 | 손실: 0.3369 | 학습: 91.5% | 검증: 85.4% | lr: 1.00e-03 | 0.3s
  에폭 604/1500 | 손실: 0.3301 | 학습: 91.3% | 검증: 85.3% | lr: 1.00e-03 | 0.3s
  에폭 605/1500 | 손실: 0.3329 | 학습: 91.4% | 검증: 85.1% | lr: 1.00e-03 | 0.3s
  에폭 606/1500 | 손실: 0.3341 | 학습: 91.3% | 검증: 85.2% | lr: 1.00e-03 | 0.3s
  에폭 607/1500 | 손실: 0.3286 | 학습: 91.3% | 검증: 85.1% | lr: 1.00e-03 | 0.3s
  에폭 608/1500 | 손실: 0.3282 | 학습: 91.6% | 검증: 85.9% | lr: 1.00e-03 | 0.3s ★
  에폭 609/1500 | 손실: 0.3319 | 학습: 91.3% | 검증: 85.6% | lr: 1.00e-03 | 0.3s
  에폭 610/1500 | 손실: 0.3358 | 학습: 91.4% | 검증: 85.3% | lr: 1.00e-03 | 0.3s
  에폭 611/1500 | 손실: 0.3344 | 학습: 91.4% | 검증: 85.8% | lr: 1.00e-03 | 0.3s
  에폭 612/1500 | 손실: 0.3392 | 학습: 91.4% | 검증: 85.9% | lr: 1.00e-03 | 0.3s
  에폭 613/1500 | 손실: 0.3298 | 학습: 91.3% | 검증: 85.2% | lr: 1.00e-03 | 0.3s
  에폭 614/1500 | 손실: 0.3279 | 학습: 91.5% | 검증: 85.6% | lr: 1.00e-03 | 0.3s
  에폭 615/1500 | 손실: 0.3339 | 학습: 91.7% | 검증: 85.8% | lr: 1.00e-03 | 0.3s
  에폭 616/1500 | 손실: 0.3266 | 학습: 91.2% | 검증: 85.1% | lr: 1.00e-03 | 0.3s
  에폭 617/1500 | 손실: 0.3292 | 학습: 91.7% | 검증: 85.8% | lr: 1.00e-03 | 0.3s
  에폭 618/1500 | 손실: 0.3306 | 학습: 91.5% | 검증: 85.5% | lr: 1.00e-03 | 0.3s
  에폭 619/1500 | 손실: 0.3334 | 학습: 91.7% | 검증: 85.1% | lr: 1.00e-03 | 0.4s
  에폭 620/1500 | 손실: 0.3352 | 학습: 91.7% | 검증: 85.6% | lr: 1.00e-03 | 0.3s
  에폭 621/1500 | 손실: 0.3311 | 학습: 91.7% | 검증: 85.6% | lr: 1.00e-03 | 0.3s
  에폭 622/1500 | 손실: 0.3394 | 학습: 91.3% | 검증: 85.2% | lr: 1.00e-03 | 0.3s
  에폭 623/1500 | 손실: 0.3388 | 학습: 91.5% | 검증: 85.3% | lr: 1.00e-03 | 0.3s
  에폭 624/1500 | 손실: 0.3269 | 학습: 91.6% | 검증: 85.5% | lr: 1.00e-03 | 0.3s
  에폭 625/1500 | 손실: 0.3275 | 학습: 91.6% | 검증: 85.3% | lr: 1.00e-03 | 0.3s
  에폭 626/1500 | 손실: 0.3326 | 학습: 91.5% | 검증: 85.9% | lr: 1.00e-03 | 0.3s
  에폭 627/1500 | 손실: 0.3318 | 학습: 91.6% | 검증: 86.0% | lr: 1.00e-03 | 0.3s ★
  에폭 628/1500 | 손실: 0.3387 | 학습: 91.4% | 검증: 85.7% | lr: 1.00e-03 | 0.3s
  에폭 629/1500 | 손실: 0.3296 | 학습: 91.6% | 검증: 85.5% | lr: 1.00e-03 | 0.3s
  에폭 630/1500 | 손실: 0.3329 | 학습: 91.2% | 검증: 85.1% | lr: 1.00e-03 | 0.3s
  에폭 631/1500 | 손실: 0.3302 | 학습: 91.7% | 검증: 85.5% | lr: 1.00e-03 | 0.3s
  에폭 632/1500 | 손실: 0.3293 | 학습: 91.7% | 검증: 85.6% | lr: 1.00e-03 | 0.3s
  에폭 633/1500 | 손실: 0.3335 | 학습: 91.7% | 검증: 85.9% | lr: 1.00e-03 | 0.3s
  에폭 634/1500 | 손실: 0.3351 | 학습: 91.4% | 검증: 85.6% | lr: 1.00e-03 | 0.3s
  에폭 635/1500 | 손실: 0.3346 | 학습: 91.5% | 검증: 85.1% | lr: 1.00e-03 | 0.3s
  에폭 636/1500 | 손실: 0.3294 | 학습: 91.4% | 검증: 85.9% | lr: 1.00e-03 | 0.3s
  에폭 637/1500 | 손실: 0.3258 | 학습: 91.7% | 검증: 85.9% | lr: 1.00e-03 | 0.3s
  에폭 638/1500 | 손실: 0.3206 | 학습: 91.6% | 검증: 85.8% | lr: 1.00e-03 | 0.3s
  에폭 639/1500 | 손실: 0.3360 | 학습: 91.5% | 검증: 85.6% | lr: 1.00e-03 | 0.3s
  에폭 640/1500 | 손실: 0.3395 | 학습: 91.5% | 검증: 85.5% | lr: 1.00e-03 | 0.3s
  에폭 641/1500 | 손실: 0.3320 | 학습: 91.6% | 검증: 85.1% | lr: 1.00e-03 | 0.3s
  에폭 642/1500 | 손실: 0.3295 | 학습: 91.5% | 검증: 85.2% | lr: 1.00e-03 | 0.3s
  에폭 643/1500 | 손실: 0.3264 | 학습: 91.5% | 검증: 85.5% | lr: 1.00e-03 | 0.3s
  에폭 644/1500 | 손실: 0.3346 | 학습: 91.3% | 검증: 85.3% | lr: 1.00e-03 | 0.3s
  에폭 645/1500 | 손실: 0.3331 | 학습: 91.7% | 검증: 85.4% | lr: 1.00e-03 | 0.3s
  에폭 646/1500 | 손실: 0.3316 | 학습: 91.6% | 검증: 85.5% | lr: 1.00e-03 | 0.3s
  에폭 647/1500 | 손실: 0.3313 | 학습: 91.5% | 검증: 85.2% | lr: 1.00e-03 | 0.3s
  에폭 648/1500 | 손실: 0.3316 | 학습: 91.7% | 검증: 85.8% | lr: 1.00e-03 | 0.3s
  에폭 649/1500 | 손실: 0.3256 | 학습: 91.5% | 검증: 85.6% | lr: 1.00e-03 | 0.3s
  에폭 650/1500 | 손실: 0.3318 | 학습: 91.3% | 검증: 85.5% | lr: 1.00e-03 | 0.3s
  에폭 651/1500 | 손실: 0.3319 | 학습: 91.3% | 검증: 85.5% | lr: 1.00e-03 | 0.3s
  에폭 652/1500 | 손실: 0.3331 | 학습: 91.6% | 검증: 85.5% | lr: 1.00e-03 | 0.3s
  에폭 653/1500 | 손실: 0.3345 | 학습: 91.2% | 검증: 85.1% | lr: 1.00e-03 | 0.3s
  에폭 654/1500 | 손실: 0.3308 | 학습: 91.4% | 검증: 85.5% | lr: 1.00e-03 | 0.3s
  에폭 655/1500 | 손실: 0.3347 | 학습: 91.4% | 검증: 85.5% | lr: 1.00e-03 | 0.3s
  에폭 656/1500 | 손실: 0.3309 | 학습: 91.4% | 검증: 85.4% | lr: 1.00e-03 | 0.3s
  에폭 657/1500 | 손실: 0.3295 | 학습: 91.6% | 검증: 85.6% | lr: 1.00e-03 | 0.3s
  에폭 658/1500 | 손실: 0.3358 | 학습: 91.6% | 검증: 85.4% | lr: 1.00e-03 | 0.3s
  에폭 659/1500 | 손실: 0.3306 | 학습: 91.5% | 검증: 85.7% | lr: 1.00e-03 | 0.3s
  에폭 660/1500 | 손실: 0.3274 | 학습: 91.5% | 검증: 85.6% | lr: 1.00e-03 | 0.3s
  에폭 661/1500 | 손실: 0.3349 | 학습: 91.7% | 검증: 85.8% | lr: 1.00e-03 | 0.3s
  에폭 662/1500 | 손실: 0.3314 | 학습: 91.5% | 검증: 85.8% | lr: 1.00e-03 | 0.4s
  에폭 663/1500 | 손실: 0.3248 | 학습: 91.6% | 검증: 85.4% | lr: 1.00e-03 | 0.3s
  에폭 664/1500 | 손실: 0.3241 | 학습: 91.7% | 검증: 85.5% | lr: 1.00e-03 | 0.3s
  에폭 665/1500 | 손실: 0.3353 | 학습: 91.4% | 검증: 85.2% | lr: 1.00e-03 | 0.3s
  에폭 666/1500 | 손실: 0.3296 | 학습: 91.7% | 검증: 85.1% | lr: 1.00e-03 | 0.3s
  에폭 667/1500 | 손실: 0.3313 | 학습: 91.8% | 검증: 85.8% | lr: 1.00e-03 | 0.3s
  에폭 668/1500 | 손실: 0.3372 | 학습: 91.2% | 검증: 85.3% | lr: 1.00e-03 | 0.3s
  에폭 669/1500 | 손실: 0.3270 | 학습: 91.5% | 검증: 85.5% | lr: 1.00e-03 | 0.3s
  에폭 670/1500 | 손실: 0.3338 | 학습: 91.5% | 검증: 85.6% | lr: 1.00e-03 | 0.3s
  에폭 671/1500 | 손실: 0.3269 | 학습: 91.6% | 검증: 85.3% | lr: 1.00e-03 | 0.3s
  에폭 672/1500 | 손실: 0.3326 | 학습: 91.6% | 검증: 85.1% | lr: 1.00e-03 | 0.3s
  에폭 673/1500 | 손실: 0.3364 | 학습: 91.5% | 검증: 85.6% | lr: 1.00e-03 | 0.3s
  에폭 674/1500 | 손실: 0.3291 | 학습: 91.5% | 검증: 85.3% | lr: 1.00e-03 | 0.3s
  에폭 675/1500 | 손실: 0.3299 | 학습: 91.4% | 검증: 85.4% | lr: 1.00e-03 | 0.3s
  에폭 676/1500 | 손실: 0.3296 | 학습: 91.5% | 검증: 85.6% | lr: 1.00e-03 | 0.3s
  에폭 677/1500 | 손실: 0.3292 | 학습: 91.4% | 검증: 85.6% | lr: 1.00e-03 | 0.3s
  에폭 678/1500 | 손실: 0.3313 | 학습: 91.5% | 검증: 85.8% | lr: 1.00e-03 | 0.3s
  에폭 679/1500 | 손실: 0.3282 | 학습: 91.7% | 검증: 85.7% | lr: 1.00e-03 | 0.4s
  에폭 680/1500 | 손실: 0.3308 | 학습: 91.8% | 검증: 86.2% | lr: 1.00e-03 | 0.3s ★
  에폭 681/1500 | 손실: 0.3327 | 학습: 91.1% | 검증: 85.4% | lr: 1.00e-03 | 0.3s
  에폭 682/1500 | 손실: 0.3295 | 학습: 91.5% | 검증: 86.1% | lr: 1.00e-03 | 0.3s
  에폭 683/1500 | 손실: 0.3340 | 학습: 91.5% | 검증: 85.2% | lr: 1.00e-03 | 0.3s
  에폭 684/1500 | 손실: 0.3355 | 학습: 91.5% | 검증: 85.8% | lr: 1.00e-03 | 0.3s
  에폭 685/1500 | 손실: 0.3269 | 학습: 91.6% | 검증: 85.9% | lr: 1.00e-03 | 0.4s
  에폭 686/1500 | 손실: 0.3310 | 학습: 91.9% | 검증: 86.0% | lr: 1.00e-03 | 0.3s
  에폭 687/1500 | 손실: 0.3294 | 학습: 91.6% | 검증: 85.5% | lr: 1.00e-03 | 0.3s
  에폭 688/1500 | 손실: 0.3297 | 학습: 91.6% | 검증: 85.6% | lr: 1.00e-03 | 0.3s
  에폭 689/1500 | 손실: 0.3343 | 학습: 91.7% | 검증: 85.7% | lr: 5.00e-04 | 0.3s
  에폭 690/1500 | 손실: 0.3316 | 학습: 91.8% | 검증: 85.6% | lr: 5.00e-04 | 0.3s
  에폭 691/1500 | 손실: 0.3231 | 학습: 91.8% | 검증: 85.9% | lr: 5.00e-04 | 0.3s
  에폭 692/1500 | 손실: 0.3260 | 학습: 91.9% | 검증: 85.9% | lr: 5.00e-04 | 0.3s
  에폭 693/1500 | 손실: 0.3186 | 학습: 91.9% | 검증: 85.9% | lr: 5.00e-04 | 0.3s
  에폭 694/1500 | 손실: 0.3212 | 학습: 91.8% | 검증: 85.6% | lr: 5.00e-04 | 0.3s
  에폭 695/1500 | 손실: 0.3209 | 학습: 91.9% | 검증: 86.0% | lr: 5.00e-04 | 0.3s
  에폭 696/1500 | 손실: 0.3223 | 학습: 91.7% | 검증: 85.8% | lr: 5.00e-04 | 0.3s
  에폭 697/1500 | 손실: 0.3222 | 학습: 91.9% | 검증: 85.5% | lr: 5.00e-04 | 0.3s
  에폭 698/1500 | 손실: 0.3165 | 학습: 92.0% | 검증: 86.1% | lr: 5.00e-04 | 0.3s
  에폭 699/1500 | 손실: 0.3233 | 학습: 91.9% | 검증: 85.8% | lr: 5.00e-04 | 0.3s
  에폭 700/1500 | 손실: 0.3238 | 학습: 91.9% | 검증: 86.1% | lr: 5.00e-04 | 0.3s
  에폭 701/1500 | 손실: 0.3255 | 학습: 92.0% | 검증: 86.0% | lr: 5.00e-04 | 0.3s
  에폭 702/1500 | 손실: 0.3241 | 학습: 92.0% | 검증: 85.8% | lr: 5.00e-04 | 0.3s
  에폭 703/1500 | 손실: 0.3222 | 학습: 91.9% | 검증: 86.2% | lr: 5.00e-04 | 0.3s ★
  에폭 704/1500 | 손실: 0.3209 | 학습: 91.7% | 검증: 85.9% | lr: 5.00e-04 | 0.3s
  에폭 705/1500 | 손실: 0.3213 | 학습: 92.1% | 검증: 85.8% | lr: 5.00e-04 | 0.3s
  에폭 706/1500 | 손실: 0.3197 | 학습: 92.1% | 검증: 85.9% | lr: 5.00e-04 | 0.3s
  에폭 707/1500 | 손실: 0.3181 | 학습: 91.8% | 검증: 86.2% | lr: 5.00e-04 | 0.3s
  에폭 708/1500 | 손실: 0.3236 | 학습: 92.0% | 검증: 86.0% | lr: 5.00e-04 | 0.3s
  에폭 709/1500 | 손실: 0.3240 | 학습: 91.8% | 검증: 86.3% | lr: 5.00e-04 | 0.3s ★
  에폭 710/1500 | 손실: 0.3190 | 학습: 92.0% | 검증: 85.7% | lr: 5.00e-04 | 0.3s
  에폭 711/1500 | 손실: 0.3226 | 학습: 91.9% | 검증: 85.8% | lr: 5.00e-04 | 0.3s
  에폭 712/1500 | 손실: 0.3208 | 학습: 92.0% | 검증: 86.1% | lr: 5.00e-04 | 0.3s
  에폭 713/1500 | 손실: 0.3217 | 학습: 92.0% | 검증: 86.2% | lr: 5.00e-04 | 0.3s
  에폭 714/1500 | 손실: 0.3223 | 학습: 92.0% | 검증: 86.0% | lr: 5.00e-04 | 0.3s
  에폭 715/1500 | 손실: 0.3170 | 학습: 92.1% | 검증: 85.6% | lr: 5.00e-04 | 0.3s
  에폭 716/1500 | 손실: 0.3259 | 학습: 92.1% | 검증: 85.9% | lr: 5.00e-04 | 0.3s
  에폭 717/1500 | 손실: 0.3187 | 학습: 91.9% | 검증: 85.7% | lr: 5.00e-04 | 0.3s
  에폭 718/1500 | 손실: 0.3175 | 학습: 91.9% | 검증: 85.4% | lr: 5.00e-04 | 0.3s
  에폭 719/1500 | 손실: 0.3192 | 학습: 92.0% | 검증: 86.0% | lr: 5.00e-04 | 0.4s
  에폭 720/1500 | 손실: 0.3188 | 학습: 92.0% | 검증: 85.9% | lr: 5.00e-04 | 0.3s
  에폭 721/1500 | 손실: 0.3242 | 학습: 92.0% | 검증: 85.8% | lr: 5.00e-04 | 0.3s
  에폭 722/1500 | 손실: 0.3214 | 학습: 92.1% | 검증: 85.8% | lr: 5.00e-04 | 0.3s
  에폭 723/1500 | 손실: 0.3252 | 학습: 92.0% | 검증: 85.8% | lr: 5.00e-04 | 0.3s
  에폭 724/1500 | 손실: 0.3209 | 학습: 92.2% | 검증: 85.9% | lr: 5.00e-04 | 0.3s
  에폭 725/1500 | 손실: 0.3230 | 학습: 92.2% | 검증: 85.6% | lr: 5.00e-04 | 0.3s
  에폭 726/1500 | 손실: 0.3148 | 학습: 92.1% | 검증: 86.1% | lr: 5.00e-04 | 0.3s
  에폭 727/1500 | 손실: 0.3196 | 학습: 92.3% | 검증: 85.9% | lr: 5.00e-04 | 0.4s
  에폭 728/1500 | 손실: 0.3181 | 학습: 92.0% | 검증: 86.1% | lr: 5.00e-04 | 0.3s
  에폭 729/1500 | 손실: 0.3209 | 학습: 92.3% | 검증: 86.0% | lr: 5.00e-04 | 0.3s
  에폭 730/1500 | 손실: 0.3237 | 학습: 92.0% | 검증: 86.1% | lr: 5.00e-04 | 0.3s
  에폭 731/1500 | 손실: 0.3252 | 학습: 92.1% | 검증: 85.9% | lr: 5.00e-04 | 0.3s
  에폭 732/1500 | 손실: 0.3242 | 학습: 92.1% | 검증: 85.8% | lr: 5.00e-04 | 0.3s
  에폭 733/1500 | 손실: 0.3237 | 학습: 92.0% | 검증: 85.8% | lr: 5.00e-04 | 0.3s
  에폭 734/1500 | 손실: 0.3216 | 학습: 92.1% | 검증: 86.1% | lr: 5.00e-04 | 0.3s
  에폭 735/1500 | 손실: 0.3150 | 학습: 92.0% | 검증: 85.5% | lr: 5.00e-04 | 0.3s
  에폭 736/1500 | 손실: 0.3211 | 학습: 92.0% | 검증: 85.6% | lr: 5.00e-04 | 0.3s
  에폭 737/1500 | 손실: 0.3248 | 학습: 92.1% | 검증: 85.6% | lr: 5.00e-04 | 0.3s
  에폭 738/1500 | 손실: 0.3220 | 학습: 92.0% | 검증: 85.6% | lr: 5.00e-04 | 0.3s
  에폭 739/1500 | 손실: 0.3175 | 학습: 91.9% | 검증: 86.1% | lr: 5.00e-04 | 0.3s
  에폭 740/1500 | 손실: 0.3229 | 학습: 91.9% | 검증: 85.5% | lr: 5.00e-04 | 0.3s
  에폭 741/1500 | 손실: 0.3228 | 학습: 92.1% | 검증: 85.8% | lr: 5.00e-04 | 0.3s
  에폭 742/1500 | 손실: 0.3258 | 학습: 91.8% | 검증: 85.7% | lr: 5.00e-04 | 0.3s
  에폭 743/1500 | 손실: 0.3237 | 학습: 91.8% | 검증: 85.7% | lr: 5.00e-04 | 0.3s
  에폭 744/1500 | 손실: 0.3190 | 학습: 92.0% | 검증: 85.7% | lr: 5.00e-04 | 0.3s
  에폭 745/1500 | 손실: 0.3166 | 학습: 92.0% | 검증: 85.9% | lr: 5.00e-04 | 0.3s
  에폭 746/1500 | 손실: 0.3175 | 학습: 91.9% | 검증: 85.7% | lr: 5.00e-04 | 0.3s
  에폭 747/1500 | 손실: 0.3203 | 학습: 91.8% | 검증: 85.8% | lr: 5.00e-04 | 0.3s
  에폭 748/1500 | 손실: 0.3191 | 학습: 92.1% | 검증: 86.0% | lr: 5.00e-04 | 0.3s
  에폭 749/1500 | 손실: 0.3194 | 학습: 91.9% | 검증: 86.1% | lr: 5.00e-04 | 0.3s
  에폭 750/1500 | 손실: 0.3211 | 학습: 92.0% | 검증: 85.8% | lr: 5.00e-04 | 0.3s
  에폭 751/1500 | 손실: 0.3188 | 학습: 92.2% | 검증: 86.0% | lr: 5.00e-04 | 0.3s
  에폭 752/1500 | 손실: 0.3176 | 학습: 92.1% | 검증: 85.9% | lr: 5.00e-04 | 0.3s
  에폭 753/1500 | 손실: 0.3170 | 학습: 92.0% | 검증: 85.6% | lr: 5.00e-04 | 0.3s
  에폭 754/1500 | 손실: 0.3237 | 학습: 92.0% | 검증: 86.0% | lr: 5.00e-04 | 0.3s
  에폭 755/1500 | 손실: 0.3199 | 학습: 92.1% | 검증: 86.3% | lr: 5.00e-04 | 0.3s ★
  에폭 756/1500 | 손실: 0.3171 | 학습: 92.1% | 검증: 85.7% | lr: 5.00e-04 | 0.3s
  에폭 757/1500 | 손실: 0.3243 | 학습: 92.1% | 검증: 85.7% | lr: 5.00e-04 | 0.3s
  에폭 758/1500 | 손실: 0.3188 | 학습: 92.2% | 검증: 85.8% | lr: 5.00e-04 | 0.3s
  에폭 759/1500 | 손실: 0.3190 | 학습: 92.0% | 검증: 85.6% | lr: 5.00e-04 | 0.3s
  에폭 760/1500 | 손실: 0.3214 | 학습: 92.1% | 검증: 85.4% | lr: 5.00e-04 | 0.3s
  에폭 761/1500 | 손실: 0.3199 | 학습: 92.3% | 검증: 86.0% | lr: 5.00e-04 | 0.3s
  에폭 762/1500 | 손실: 0.3186 | 학습: 92.0% | 검증: 85.5% | lr: 5.00e-04 | 0.3s
  에폭 763/1500 | 손실: 0.3178 | 학습: 92.2% | 검증: 85.7% | lr: 5.00e-04 | 0.3s
  에폭 764/1500 | 손실: 0.3252 | 학습: 92.3% | 검증: 85.8% | lr: 5.00e-04 | 0.3s
  에폭 765/1500 | 손실: 0.3208 | 학습: 91.8% | 검증: 85.8% | lr: 5.00e-04 | 0.3s
  에폭 766/1500 | 손실: 0.3274 | 학습: 92.1% | 검증: 85.9% | lr: 5.00e-04 | 0.3s
  에폭 767/1500 | 손실: 0.3230 | 학습: 91.9% | 검증: 85.6% | lr: 5.00e-04 | 0.3s
  에폭 768/1500 | 손실: 0.3215 | 학습: 92.0% | 검증: 85.9% | lr: 5.00e-04 | 0.3s
  에폭 769/1500 | 손실: 0.3195 | 학습: 92.0% | 검증: 85.8% | lr: 5.00e-04 | 0.3s
  에폭 770/1500 | 손실: 0.3248 | 학습: 92.1% | 검증: 86.1% | lr: 5.00e-04 | 0.3s
  에폭 771/1500 | 손실: 0.3198 | 학습: 92.1% | 검증: 86.0% | lr: 5.00e-04 | 0.3s
  에폭 772/1500 | 손실: 0.3174 | 학습: 91.9% | 검증: 86.1% | lr: 5.00e-04 | 0.3s
  에폭 773/1500 | 손실: 0.3150 | 학습: 92.0% | 검증: 85.6% | lr: 5.00e-04 | 0.3s
  에폭 774/1500 | 손실: 0.3172 | 학습: 92.2% | 검증: 85.9% | lr: 5.00e-04 | 0.3s
  에폭 775/1500 | 손실: 0.3195 | 학습: 92.0% | 검증: 85.8% | lr: 5.00e-04 | 0.3s
  에폭 776/1500 | 손실: 0.3161 | 학습: 92.3% | 검증: 86.2% | lr: 5.00e-04 | 0.3s
  에폭 777/1500 | 손실: 0.3222 | 학습: 92.1% | 검증: 86.1% | lr: 2.50e-04 | 0.3s
  에폭 778/1500 | 손실: 0.3231 | 학습: 92.2% | 검증: 86.1% | lr: 2.50e-04 | 0.3s
  에폭 779/1500 | 손실: 0.3207 | 학습: 92.1% | 검증: 86.2% | lr: 2.50e-04 | 0.3s
  에폭 780/1500 | 손실: 0.3117 | 학습: 92.2% | 검증: 85.8% | lr: 2.50e-04 | 0.3s
  에폭 781/1500 | 손실: 0.3087 | 학습: 92.1% | 검증: 86.2% | lr: 2.50e-04 | 0.3s
  에폭 782/1500 | 손실: 0.3211 | 학습: 92.1% | 검증: 86.0% | lr: 2.50e-04 | 0.3s
  에폭 783/1500 | 손실: 0.3182 | 학습: 92.1% | 검증: 86.0% | lr: 2.50e-04 | 0.3s
  에폭 784/1500 | 손실: 0.3211 | 학습: 92.2% | 검증: 86.0% | lr: 2.50e-04 | 0.3s
  에폭 785/1500 | 손실: 0.3165 | 학습: 92.1% | 검증: 86.1% | lr: 2.50e-04 | 0.3s
  에폭 786/1500 | 손실: 0.3161 | 학습: 92.2% | 검증: 86.2% | lr: 2.50e-04 | 0.3s
  에폭 787/1500 | 손실: 0.3220 | 학습: 92.2% | 검증: 85.9% | lr: 2.50e-04 | 0.3s
  에폭 788/1500 | 손실: 0.3160 | 학습: 92.4% | 검증: 85.9% | lr: 2.50e-04 | 0.3s
  에폭 789/1500 | 손실: 0.3160 | 학습: 92.2% | 검증: 85.9% | lr: 2.50e-04 | 0.3s
  에폭 790/1500 | 손실: 0.3157 | 학습: 92.3% | 검증: 86.0% | lr: 2.50e-04 | 0.3s
  에폭 791/1500 | 손실: 0.3208 | 학습: 92.3% | 검증: 85.8% | lr: 2.50e-04 | 0.3s
  에폭 792/1500 | 손실: 0.3165 | 학습: 92.0% | 검증: 85.9% | lr: 2.50e-04 | 0.3s
  에폭 793/1500 | 손실: 0.3130 | 학습: 92.3% | 검증: 86.2% | lr: 2.50e-04 | 0.3s
  에폭 794/1500 | 손실: 0.3196 | 학습: 92.4% | 검증: 86.3% | lr: 2.50e-04 | 0.4s
  에폭 795/1500 | 손실: 0.3207 | 학습: 92.4% | 검증: 86.1% | lr: 2.50e-04 | 0.3s
  에폭 796/1500 | 손실: 0.3146 | 학습: 92.3% | 검증: 86.3% | lr: 2.50e-04 | 0.3s
  에폭 797/1500 | 손실: 0.3185 | 학습: 92.3% | 검증: 86.0% | lr: 2.50e-04 | 0.3s
  에폭 798/1500 | 손실: 0.3192 | 학습: 92.3% | 검증: 85.7% | lr: 2.50e-04 | 0.3s
  에폭 799/1500 | 손실: 0.3206 | 학습: 92.3% | 검증: 86.4% | lr: 2.50e-04 | 0.3s ★
  에폭 800/1500 | 손실: 0.3185 | 학습: 92.3% | 검증: 85.9% | lr: 2.50e-04 | 0.3s
  에폭 801/1500 | 손실: 0.3124 | 학습: 92.1% | 검증: 86.4% | lr: 2.50e-04 | 0.3s
  에폭 802/1500 | 손실: 0.3149 | 학습: 92.0% | 검증: 86.1% | lr: 2.50e-04 | 0.3s
  에폭 803/1500 | 손실: 0.3181 | 학습: 92.2% | 검증: 86.1% | lr: 2.50e-04 | 0.3s
  에폭 804/1500 | 손실: 0.3130 | 학습: 92.3% | 검증: 85.8% | lr: 2.50e-04 | 0.3s
  에폭 805/1500 | 손실: 0.3149 | 학습: 92.2% | 검증: 85.7% | lr: 2.50e-04 | 0.3s
  에폭 806/1500 | 손실: 0.3148 | 학습: 92.2% | 검증: 86.0% | lr: 2.50e-04 | 0.3s
  에폭 807/1500 | 손실: 0.3110 | 학습: 92.2% | 검증: 86.1% | lr: 2.50e-04 | 0.3s
  에폭 808/1500 | 손실: 0.3187 | 학습: 92.2% | 검증: 85.9% | lr: 2.50e-04 | 0.3s
  에폭 809/1500 | 손실: 0.3233 | 학습: 92.3% | 검증: 85.9% | lr: 2.50e-04 | 0.3s
  에폭 810/1500 | 손실: 0.3197 | 학습: 92.3% | 검증: 86.1% | lr: 2.50e-04 | 0.3s
  에폭 811/1500 | 손실: 0.3224 | 학습: 92.0% | 검증: 85.9% | lr: 2.50e-04 | 0.3s
  에폭 812/1500 | 손실: 0.3154 | 학습: 92.3% | 검증: 86.0% | lr: 2.50e-04 | 0.3s
  에폭 813/1500 | 손실: 0.3146 | 학습: 92.3% | 검증: 85.8% | lr: 2.50e-04 | 0.3s
  에폭 814/1500 | 손실: 0.3125 | 학습: 92.3% | 검증: 86.1% | lr: 2.50e-04 | 0.3s
  에폭 815/1500 | 손실: 0.3139 | 학습: 92.1% | 검증: 86.0% | lr: 2.50e-04 | 0.3s
  에폭 816/1500 | 손실: 0.3163 | 학습: 92.2% | 검증: 86.1% | lr: 2.50e-04 | 0.3s
  에폭 817/1500 | 손실: 0.3192 | 학습: 92.3% | 검증: 86.2% | lr: 2.50e-04 | 0.3s
  에폭 818/1500 | 손실: 0.3158 | 학습: 92.3% | 검증: 86.2% | lr: 2.50e-04 | 0.3s
  에폭 819/1500 | 손실: 0.3136 | 학습: 92.2% | 검증: 86.1% | lr: 2.50e-04 | 0.3s
  에폭 820/1500 | 손실: 0.3203 | 학습: 92.3% | 검증: 85.8% | lr: 2.50e-04 | 0.3s
  에폭 821/1500 | 손실: 0.3124 | 학습: 92.4% | 검증: 86.1% | lr: 2.50e-04 | 0.3s
  에폭 822/1500 | 손실: 0.3154 | 학습: 92.4% | 검증: 86.0% | lr: 2.50e-04 | 0.3s
  에폭 823/1500 | 손실: 0.3195 | 학습: 92.4% | 검증: 85.8% | lr: 2.50e-04 | 0.3s
  에폭 824/1500 | 손실: 0.3125 | 학습: 92.3% | 검증: 86.1% | lr: 2.50e-04 | 0.3s
  에폭 825/1500 | 손실: 0.3143 | 학습: 92.4% | 검증: 86.0% | lr: 2.50e-04 | 0.3s
  에폭 826/1500 | 손실: 0.3135 | 학습: 92.2% | 검증: 86.0% | lr: 2.50e-04 | 0.3s
  에폭 827/1500 | 손실: 0.3152 | 학습: 92.2% | 검증: 85.9% | lr: 2.50e-04 | 0.3s
  에폭 828/1500 | 손실: 0.3159 | 학습: 92.2% | 검증: 86.2% | lr: 2.50e-04 | 0.3s
  에폭 829/1500 | 손실: 0.3148 | 학습: 92.2% | 검증: 86.4% | lr: 2.50e-04 | 0.3s
  에폭 830/1500 | 손실: 0.3167 | 학습: 92.2% | 검증: 86.4% | lr: 2.50e-04 | 0.3s
  에폭 831/1500 | 손실: 0.3151 | 학습: 92.3% | 검증: 86.1% | lr: 2.50e-04 | 0.3s
  에폭 832/1500 | 손실: 0.3201 | 학습: 92.2% | 검증: 86.1% | lr: 1.25e-04 | 0.3s
  에폭 833/1500 | 손실: 0.3108 | 학습: 92.4% | 검증: 86.1% | lr: 1.25e-04 | 0.3s
  에폭 834/1500 | 손실: 0.3156 | 학습: 92.4% | 검증: 86.0% | lr: 1.25e-04 | 0.3s
  에폭 835/1500 | 손실: 0.3152 | 학습: 92.4% | 검증: 86.1% | lr: 1.25e-04 | 0.3s
  에폭 836/1500 | 손실: 0.3173 | 학습: 92.5% | 검증: 86.2% | lr: 1.25e-04 | 0.3s
  에폭 837/1500 | 손실: 0.3157 | 학습: 92.5% | 검증: 86.1% | lr: 1.25e-04 | 0.3s
  에폭 838/1500 | 손실: 0.3167 | 학습: 92.3% | 검증: 86.1% | lr: 1.25e-04 | 0.4s
  에폭 839/1500 | 손실: 0.3119 | 학습: 92.4% | 검증: 86.2% | lr: 1.25e-04 | 0.3s
  에폭 840/1500 | 손실: 0.3125 | 학습: 92.4% | 검증: 86.1% | lr: 1.25e-04 | 0.3s
  에폭 841/1500 | 손실: 0.3206 | 학습: 92.3% | 검증: 86.1% | lr: 1.25e-04 | 0.3s
  에폭 842/1500 | 손실: 0.3186 | 학습: 92.4% | 검증: 86.0% | lr: 1.25e-04 | 0.3s
  에폭 843/1500 | 손실: 0.3201 | 학습: 92.2% | 검증: 86.1% | lr: 1.25e-04 | 0.3s
  에폭 844/1500 | 손실: 0.3188 | 학습: 92.5% | 검증: 86.2% | lr: 1.25e-04 | 0.3s
  에폭 845/1500 | 손실: 0.3173 | 학습: 92.4% | 검증: 86.3% | lr: 1.25e-04 | 0.3s
  에폭 846/1500 | 손실: 0.3127 | 학습: 92.4% | 검증: 86.3% | lr: 1.25e-04 | 0.3s
  에폭 847/1500 | 손실: 0.3143 | 학습: 92.4% | 검증: 86.4% | lr: 1.25e-04 | 0.3s
  에폭 848/1500 | 손실: 0.3091 | 학습: 92.3% | 검증: 86.2% | lr: 1.25e-04 | 0.3s
  에폭 849/1500 | 손실: 0.3142 | 학습: 92.5% | 검증: 86.2% | lr: 1.25e-04 | 0.3s
  에폭 850/1500 | 손실: 0.3208 | 학습: 92.2% | 검증: 86.3% | lr: 1.25e-04 | 0.3s
  에폭 851/1500 | 손실: 0.3127 | 학습: 92.3% | 검증: 86.5% | lr: 1.25e-04 | 0.3s ★
  에폭 852/1500 | 손실: 0.3112 | 학습: 92.3% | 검증: 86.2% | lr: 1.25e-04 | 0.3s
  에폭 853/1500 | 손실: 0.3126 | 학습: 92.4% | 검증: 86.2% | lr: 1.25e-04 | 0.3s
  에폭 854/1500 | 손실: 0.3129 | 학습: 92.4% | 검증: 86.1% | lr: 1.25e-04 | 0.3s
  에폭 855/1500 | 손실: 0.3138 | 학습: 92.4% | 검증: 86.3% | lr: 1.25e-04 | 0.3s
  에폭 856/1500 | 손실: 0.3189 | 학습: 92.5% | 검증: 86.2% | lr: 1.25e-04 | 0.3s
  에폭 857/1500 | 손실: 0.3136 | 학습: 92.3% | 검증: 86.1% | lr: 1.25e-04 | 0.3s
  에폭 858/1500 | 손실: 0.3090 | 학습: 92.4% | 검증: 86.3% | lr: 1.25e-04 | 0.3s
  에폭 859/1500 | 손실: 0.3188 | 학습: 92.3% | 검증: 86.0% | lr: 1.25e-04 | 0.3s
  에폭 860/1500 | 손실: 0.3149 | 학습: 92.3% | 검증: 86.2% | lr: 1.25e-04 | 0.3s
  에폭 861/1500 | 손실: 0.3144 | 학습: 92.3% | 검증: 86.2% | lr: 1.25e-04 | 0.3s
  에폭 862/1500 | 손실: 0.3088 | 학습: 92.2% | 검증: 86.2% | lr: 1.25e-04 | 0.3s
  에폭 863/1500 | 손실: 0.3166 | 학습: 92.3% | 검증: 86.2% | lr: 1.25e-04 | 0.3s
  에폭 864/1500 | 손실: 0.3166 | 학습: 92.3% | 검증: 86.0% | lr: 1.25e-04 | 0.3s
  에폭 865/1500 | 손실: 0.3061 | 학습: 92.4% | 검증: 86.0% | lr: 1.25e-04 | 0.4s
  에폭 866/1500 | 손실: 0.3166 | 학습: 92.4% | 검증: 86.0% | lr: 1.25e-04 | 0.4s
  에폭 867/1500 | 손실: 0.3177 | 학습: 92.4% | 검증: 86.2% | lr: 1.25e-04 | 0.4s
  에폭 868/1500 | 손실: 0.3082 | 학습: 92.4% | 검증: 86.2% | lr: 1.25e-04 | 0.3s
  에폭 869/1500 | 손실: 0.3108 | 학습: 92.6% | 검증: 86.2% | lr: 1.25e-04 | 0.3s
  에폭 870/1500 | 손실: 0.3117 | 학습: 92.5% | 검증: 86.5% | lr: 1.25e-04 | 0.3s
  에폭 871/1500 | 손실: 0.3097 | 학습: 92.4% | 검증: 86.2% | lr: 1.25e-04 | 0.3s
  에폭 872/1500 | 손실: 0.3167 | 학습: 92.4% | 검증: 86.1% | lr: 1.25e-04 | 0.3s
  에폭 873/1500 | 손실: 0.3157 | 학습: 92.3% | 검증: 85.9% | lr: 1.25e-04 | 0.4s
  에폭 874/1500 | 손실: 0.3179 | 학습: 92.3% | 검증: 86.1% | lr: 1.25e-04 | 0.3s
  에폭 875/1500 | 손실: 0.3118 | 학습: 92.3% | 검증: 86.2% | lr: 1.25e-04 | 0.3s
  에폭 876/1500 | 손실: 0.3196 | 학습: 92.4% | 검증: 86.1% | lr: 1.25e-04 | 0.4s
  에폭 877/1500 | 손실: 0.3134 | 학습: 92.3% | 검증: 86.4% | lr: 1.25e-04 | 0.4s
  에폭 878/1500 | 손실: 0.3141 | 학습: 92.2% | 검증: 85.9% | lr: 1.25e-04 | 0.3s
  에폭 879/1500 | 손실: 0.3166 | 학습: 92.1% | 검증: 85.6% | lr: 1.25e-04 | 0.3s
  에폭 880/1500 | 손실: 0.3142 | 학습: 92.3% | 검증: 86.1% | lr: 1.25e-04 | 0.3s
  에폭 881/1500 | 손실: 0.3137 | 학습: 92.3% | 검증: 86.3% | lr: 1.25e-04 | 0.3s
  에폭 882/1500 | 손실: 0.3152 | 학습: 92.4% | 검증: 86.2% | lr: 1.25e-04 | 0.3s
  에폭 883/1500 | 손실: 0.3100 | 학습: 92.2% | 검증: 86.4% | lr: 1.25e-04 | 0.3s
  에폭 884/1500 | 손실: 0.3130 | 학습: 92.2% | 검증: 85.9% | lr: 1.25e-04 | 0.3s
  에폭 885/1500 | 손실: 0.3113 | 학습: 92.3% | 검증: 86.1% | lr: 1.25e-04 | 0.3s
  에폭 886/1500 | 손실: 0.3140 | 학습: 92.2% | 검증: 86.1% | lr: 1.25e-04 | 0.3s
  에폭 887/1500 | 손실: 0.3069 | 학습: 92.4% | 검증: 86.4% | lr: 1.25e-04 | 0.3s
  에폭 888/1500 | 손실: 0.3108 | 학습: 92.4% | 검증: 86.3% | lr: 1.25e-04 | 0.3s
  에폭 889/1500 | 손실: 0.3094 | 학습: 92.4% | 검증: 86.5% | lr: 1.25e-04 | 0.3s
  에폭 890/1500 | 손실: 0.3086 | 학습: 92.3% | 검증: 86.0% | lr: 1.25e-04 | 0.3s
  에폭 891/1500 | 손실: 0.3115 | 학습: 92.4% | 검증: 85.9% | lr: 1.25e-04 | 0.4s
  에폭 892/1500 | 손실: 0.3108 | 학습: 92.1% | 검증: 85.9% | lr: 1.25e-04 | 0.3s
  에폭 893/1500 | 손실: 0.3108 | 학습: 92.4% | 검증: 86.0% | lr: 1.25e-04 | 0.3s
  에폭 894/1500 | 손실: 0.3099 | 학습: 92.3% | 검증: 86.2% | lr: 1.25e-04 | 0.3s
  에폭 895/1500 | 손실: 0.3168 | 학습: 92.2% | 검증: 86.1% | lr: 1.25e-04 | 0.3s
  에폭 896/1500 | 손실: 0.3158 | 학습: 92.5% | 검증: 86.2% | lr: 1.25e-04 | 0.3s
  에폭 897/1500 | 손실: 0.3118 | 학습: 92.4% | 검증: 86.1% | lr: 1.25e-04 | 0.3s
  에폭 898/1500 | 손실: 0.3129 | 학습: 92.3% | 검증: 86.2% | lr: 1.25e-04 | 0.3s
  에폭 899/1500 | 손실: 0.3148 | 학습: 92.4% | 검증: 86.2% | lr: 1.25e-04 | 0.3s
  에폭 900/1500 | 손실: 0.3143 | 학습: 92.4% | 검증: 86.1% | lr: 1.25e-04 | 0.3s
  에폭 901/1500 | 손실: 0.3135 | 학습: 92.4% | 검증: 86.0% | lr: 1.25e-04 | 0.3s
  에폭 902/1500 | 손실: 0.3092 | 학습: 92.4% | 검증: 86.2% | lr: 1.25e-04 | 0.3s
  에폭 903/1500 | 손실: 0.3106 | 학습: 92.4% | 검증: 86.2% | lr: 1.25e-04 | 0.3s
  에폭 904/1500 | 손실: 0.3146 | 학습: 92.5% | 검증: 86.3% | lr: 1.25e-04 | 0.3s
  에폭 905/1500 | 손실: 0.3136 | 학습: 92.4% | 검증: 86.2% | lr: 1.25e-04 | 0.3s
  에폭 906/1500 | 손실: 0.3124 | 학습: 92.5% | 검증: 86.2% | lr: 1.25e-04 | 0.3s
  에폭 907/1500 | 손실: 0.3111 | 학습: 92.3% | 검증: 86.2% | lr: 1.25e-04 | 0.3s
  에폭 908/1500 | 손실: 0.3123 | 학습: 92.3% | 검증: 86.1% | lr: 1.25e-04 | 0.3s
  에폭 909/1500 | 손실: 0.3129 | 학습: 92.3% | 검증: 86.0% | lr: 1.25e-04 | 0.3s
  에폭 910/1500 | 손실: 0.3159 | 학습: 92.4% | 검증: 86.1% | lr: 1.25e-04 | 0.3s
  에폭 911/1500 | 손실: 0.3137 | 학습: 92.4% | 검증: 85.9% | lr: 1.25e-04 | 0.3s
  에폭 912/1500 | 손실: 0.3164 | 학습: 92.3% | 검증: 86.1% | lr: 1.25e-04 | 0.3s
  에폭 913/1500 | 손실: 0.3168 | 학습: 92.5% | 검증: 85.9% | lr: 1.25e-04 | 0.3s
  에폭 914/1500 | 손실: 0.3186 | 학습: 92.3% | 검증: 86.1% | lr: 1.25e-04 | 0.3s
  에폭 915/1500 | 손실: 0.3146 | 학습: 92.4% | 검증: 86.1% | lr: 1.25e-04 | 0.3s
  에폭 916/1500 | 손실: 0.3129 | 학습: 92.3% | 검증: 86.1% | lr: 6.25e-05 | 0.3s
  에폭 917/1500 | 손실: 0.3075 | 학습: 92.4% | 검증: 86.1% | lr: 6.25e-05 | 0.3s
  에폭 918/1500 | 손실: 0.3092 | 학습: 92.5% | 검증: 86.2% | lr: 6.25e-05 | 0.3s
  에폭 919/1500 | 손실: 0.3158 | 학습: 92.4% | 검증: 86.4% | lr: 6.25e-05 | 0.3s
  에폭 920/1500 | 손실: 0.3117 | 학습: 92.4% | 검증: 86.4% | lr: 6.25e-05 | 0.3s
  에폭 921/1500 | 손실: 0.3149 | 학습: 92.3% | 검증: 86.3% | lr: 6.25e-05 | 0.3s
  에폭 922/1500 | 손실: 0.3115 | 학습: 92.4% | 검증: 86.3% | lr: 6.25e-05 | 0.3s
  에폭 923/1500 | 손실: 0.3144 | 학습: 92.4% | 검증: 86.0% | lr: 6.25e-05 | 0.3s
  에폭 924/1500 | 손실: 0.3153 | 학습: 92.3% | 검증: 86.0% | lr: 6.25e-05 | 0.3s
  에폭 925/1500 | 손실: 0.3152 | 학습: 92.4% | 검증: 86.3% | lr: 6.25e-05 | 0.3s
  에폭 926/1500 | 손실: 0.3169 | 학습: 92.4% | 검증: 86.4% | lr: 6.25e-05 | 0.4s
  에폭 927/1500 | 손실: 0.3160 | 학습: 92.5% | 검증: 86.2% | lr: 6.25e-05 | 0.3s
  에폭 928/1500 | 손실: 0.3134 | 학습: 92.6% | 검증: 86.2% | lr: 6.25e-05 | 0.3s
  에폭 929/1500 | 손실: 0.3130 | 학습: 92.4% | 검증: 86.4% | lr: 6.25e-05 | 0.3s
  에폭 930/1500 | 손실: 0.3103 | 학습: 92.4% | 검증: 86.2% | lr: 6.25e-05 | 0.3s
  에폭 931/1500 | 손실: 0.3045 | 학습: 92.3% | 검증: 86.1% | lr: 6.25e-05 | 0.3s
  에폭 932/1500 | 손실: 0.3156 | 학습: 92.4% | 검증: 86.4% | lr: 6.25e-05 | 0.3s
  에폭 933/1500 | 손실: 0.3095 | 학습: 92.5% | 검증: 86.4% | lr: 6.25e-05 | 0.3s
  에폭 934/1500 | 손실: 0.3129 | 학습: 92.4% | 검증: 86.3% | lr: 6.25e-05 | 0.3s
  에폭 935/1500 | 손실: 0.3143 | 학습: 92.6% | 검증: 86.3% | lr: 6.25e-05 | 0.3s
  에폭 936/1500 | 손실: 0.3128 | 학습: 92.4% | 검증: 86.2% | lr: 6.25e-05 | 0.3s
  에폭 937/1500 | 손실: 0.3096 | 학습: 92.4% | 검증: 86.3% | lr: 6.25e-05 | 0.3s
  에폭 938/1500 | 손실: 0.3118 | 학습: 92.4% | 검증: 86.2% | lr: 6.25e-05 | 0.3s
  에폭 939/1500 | 손실: 0.3087 | 학습: 92.4% | 검증: 86.3% | lr: 6.25e-05 | 0.3s
  에폭 940/1500 | 손실: 0.3102 | 학습: 92.4% | 검증: 86.5% | lr: 6.25e-05 | 0.3s ★
  에폭 941/1500 | 손실: 0.3140 | 학습: 92.5% | 검증: 86.1% | lr: 6.25e-05 | 0.3s
  에폭 942/1500 | 손실: 0.3185 | 학습: 91.9% | 검증: 86.1% | lr: 6.25e-05 | 0.3s
  에폭 943/1500 | 손실: 0.3091 | 학습: 92.4% | 검증: 86.1% | lr: 6.25e-05 | 0.3s
  에폭 944/1500 | 손실: 0.3148 | 학습: 92.4% | 검증: 86.3% | lr: 6.25e-05 | 0.3s
  에폭 945/1500 | 손실: 0.3096 | 학습: 92.4% | 검증: 86.3% | lr: 6.25e-05 | 0.3s
  에폭 946/1500 | 손실: 0.3137 | 학습: 92.4% | 검증: 86.2% | lr: 6.25e-05 | 0.3s
  에폭 947/1500 | 손실: 0.3153 | 학습: 92.4% | 검증: 86.4% | lr: 6.25e-05 | 0.3s
  에폭 948/1500 | 손실: 0.3109 | 학습: 92.6% | 검증: 86.1% | lr: 6.25e-05 | 0.3s
  에폭 949/1500 | 손실: 0.3119 | 학습: 92.5% | 검증: 86.3% | lr: 6.25e-05 | 0.3s
  에폭 950/1500 | 손실: 0.3118 | 학습: 92.5% | 검증: 86.2% | lr: 6.25e-05 | 0.3s
  에폭 951/1500 | 손실: 0.3135 | 학습: 92.4% | 검증: 86.3% | lr: 6.25e-05 | 0.3s
  에폭 952/1500 | 손실: 0.3116 | 학습: 92.5% | 검증: 86.2% | lr: 6.25e-05 | 0.3s
  에폭 953/1500 | 손실: 0.3112 | 학습: 92.5% | 검증: 86.3% | lr: 6.25e-05 | 0.3s
  에폭 954/1500 | 손실: 0.3084 | 학습: 92.5% | 검증: 86.4% | lr: 6.25e-05 | 0.3s
  에폭 955/1500 | 손실: 0.3170 | 학습: 92.4% | 검증: 86.3% | lr: 6.25e-05 | 0.3s
  에폭 956/1500 | 손실: 0.3132 | 학습: 92.4% | 검증: 86.2% | lr: 6.25e-05 | 0.3s
  에폭 957/1500 | 손실: 0.3127 | 학습: 92.3% | 검증: 86.0% | lr: 6.25e-05 | 0.3s
  에폭 958/1500 | 손실: 0.3168 | 학습: 92.5% | 검증: 86.5% | lr: 6.25e-05 | 0.3s
  에폭 959/1500 | 손실: 0.3094 | 학습: 92.4% | 검증: 86.2% | lr: 6.25e-05 | 0.3s
  에폭 960/1500 | 손실: 0.3086 | 학습: 92.3% | 검증: 86.0% | lr: 6.25e-05 | 0.3s
  에폭 961/1500 | 손실: 0.3127 | 학습: 92.5% | 검증: 86.2% | lr: 6.25e-05 | 0.3s
  에폭 962/1500 | 손실: 0.3182 | 학습: 92.4% | 검증: 86.4% | lr: 6.25e-05 | 0.3s
  에폭 963/1500 | 손실: 0.3088 | 학습: 92.4% | 검증: 86.3% | lr: 6.25e-05 | 0.3s
  에폭 964/1500 | 손실: 0.3118 | 학습: 92.4% | 검증: 86.0% | lr: 6.25e-05 | 0.3s
  에폭 965/1500 | 손실: 0.3121 | 학습: 92.4% | 검증: 86.3% | lr: 6.25e-05 | 0.3s
  에폭 966/1500 | 손실: 0.3148 | 학습: 92.6% | 검증: 86.1% | lr: 6.25e-05 | 0.3s
  에폭 967/1500 | 손실: 0.3093 | 학습: 92.5% | 검증: 86.2% | lr: 6.25e-05 | 0.3s
  에폭 968/1500 | 손실: 0.3181 | 학습: 92.4% | 검증: 86.2% | lr: 6.25e-05 | 0.3s
  에폭 969/1500 | 손실: 0.3087 | 학습: 92.4% | 검증: 86.1% | lr: 6.25e-05 | 0.4s
  에폭 970/1500 | 손실: 0.3187 | 학습: 92.4% | 검증: 86.3% | lr: 6.25e-05 | 0.3s
  에폭 971/1500 | 손실: 0.3094 | 학습: 92.5% | 검증: 86.5% | lr: 6.25e-05 | 0.3s ★
  에폭 972/1500 | 손실: 0.3097 | 학습: 92.5% | 검증: 86.3% | lr: 6.25e-05 | 0.3s
  에폭 973/1500 | 손실: 0.3135 | 학습: 92.4% | 검증: 86.3% | lr: 6.25e-05 | 0.3s
  에폭 974/1500 | 손실: 0.3164 | 학습: 92.5% | 검증: 86.7% | lr: 6.25e-05 | 0.3s ★
  에폭 975/1500 | 손실: 0.3106 | 학습: 92.5% | 검증: 86.4% | lr: 6.25e-05 | 0.3s
  에폭 976/1500 | 손실: 0.3102 | 학습: 92.4% | 검증: 86.3% | lr: 6.25e-05 | 0.3s
  에폭 977/1500 | 손실: 0.3122 | 학습: 92.5% | 검증: 86.0% | lr: 6.25e-05 | 0.3s
  에폭 978/1500 | 손실: 0.3063 | 학습: 92.5% | 검증: 86.3% | lr: 6.25e-05 | 0.3s
  에폭 979/1500 | 손실: 0.3111 | 학습: 92.3% | 검증: 86.1% | lr: 6.25e-05 | 0.3s
  에폭 980/1500 | 손실: 0.3083 | 학습: 92.5% | 검증: 86.0% | lr: 6.25e-05 | 0.3s
  에폭 981/1500 | 손실: 0.3084 | 학습: 92.4% | 검증: 86.2% | lr: 6.25e-05 | 0.3s
  에폭 982/1500 | 손실: 0.3092 | 학습: 92.6% | 검증: 86.1% | lr: 3.13e-05 | 0.3s
  에폭 983/1500 | 손실: 0.3066 | 학습: 92.5% | 검증: 86.4% | lr: 3.13e-05 | 0.3s
  에폭 984/1500 | 손실: 0.3155 | 학습: 92.4% | 검증: 86.4% | lr: 3.13e-05 | 0.3s
  에폭 985/1500 | 손실: 0.3110 | 학습: 92.5% | 검증: 86.2% | lr: 3.13e-05 | 0.4s
  에폭 986/1500 | 손실: 0.3078 | 학습: 92.5% | 검증: 86.3% | lr: 3.13e-05 | 0.3s
  에폭 987/1500 | 손실: 0.3053 | 학습: 92.5% | 검증: 86.3% | lr: 3.13e-05 | 0.3s
  에폭 988/1500 | 손실: 0.3134 | 학습: 92.5% | 검증: 86.1% | lr: 3.13e-05 | 0.3s
  에폭 989/1500 | 손실: 0.3155 | 학습: 92.4% | 검증: 86.0% | lr: 3.13e-05 | 0.3s
  에폭 990/1500 | 손실: 0.3146 | 학습: 92.5% | 검증: 86.2% | lr: 3.13e-05 | 0.3s
  에폭 991/1500 | 손실: 0.3066 | 학습: 92.4% | 검증: 86.1% | lr: 3.13e-05 | 0.3s
  에폭 992/1500 | 손실: 0.3128 | 학습: 92.5% | 검증: 86.1% | lr: 3.13e-05 | 0.3s
  에폭 993/1500 | 손실: 0.3143 | 학습: 92.6% | 검증: 86.1% | lr: 3.13e-05 | 0.3s
  에폭 994/1500 | 손실: 0.3075 | 학습: 92.4% | 검증: 86.2% | lr: 3.13e-05 | 0.3s
  에폭 995/1500 | 손실: 0.3167 | 학습: 92.5% | 검증: 86.2% | lr: 3.13e-05 | 0.3s
  에폭 996/1500 | 손실: 0.3096 | 학습: 92.6% | 검증: 86.2% | lr: 3.13e-05 | 0.3s
  에폭 997/1500 | 손실: 0.3129 | 학습: 92.5% | 검증: 86.4% | lr: 3.13e-05 | 0.3s
  에폭 998/1500 | 손실: 0.3055 | 학습: 92.4% | 검증: 86.3% | lr: 3.13e-05 | 0.3s
  에폭 999/1500 | 손실: 0.3067 | 학습: 92.6% | 검증: 86.0% | lr: 3.13e-05 | 0.3s
  에폭 1000/1500 | 손실: 0.3133 | 학습: 92.5% | 검증: 86.4% | lr: 3.13e-05 | 0.3s
  에폭 1001/1500 | 손실: 0.3081 | 학습: 92.4% | 검증: 86.1% | lr: 3.13e-05 | 0.3s
  에폭 1002/1500 | 손실: 0.3182 | 학습: 92.4% | 검증: 86.0% | lr: 3.13e-05 | 0.3s
  에폭 1003/1500 | 손실: 0.3094 | 학습: 92.5% | 검증: 86.3% | lr: 3.13e-05 | 0.3s
  에폭 1004/1500 | 손실: 0.3134 | 학습: 92.4% | 검증: 86.1% | lr: 3.13e-05 | 0.4s
  에폭 1005/1500 | 손실: 0.3147 | 학습: 92.6% | 검증: 86.2% | lr: 3.13e-05 | 0.3s
  에폭 1006/1500 | 손실: 0.3132 | 학습: 92.4% | 검증: 86.1% | lr: 3.13e-05 | 0.3s
  에폭 1007/1500 | 손실: 0.3107 | 학습: 92.6% | 검증: 86.5% | lr: 3.13e-05 | 0.3s
  에폭 1008/1500 | 손실: 0.3147 | 학습: 92.4% | 검증: 86.1% | lr: 3.13e-05 | 0.3s
  에폭 1009/1500 | 손실: 0.3081 | 학습: 92.3% | 검증: 86.1% | lr: 3.13e-05 | 0.3s
  에폭 1010/1500 | 손실: 0.3101 | 학습: 92.5% | 검증: 86.1% | lr: 3.13e-05 | 0.3s
  에폭 1011/1500 | 손실: 0.3097 | 학습: 92.6% | 검증: 86.0% | lr: 3.13e-05 | 0.3s
  에폭 1012/1500 | 손실: 0.3111 | 학습: 92.5% | 검증: 86.4% | lr: 3.13e-05 | 0.3s
  에폭 1013/1500 | 손실: 0.3054 | 학습: 92.3% | 검증: 86.2% | lr: 3.13e-05 | 0.3s
  에폭 1014/1500 | 손실: 0.3083 | 학습: 92.4% | 검증: 86.4% | lr: 3.13e-05 | 0.3s
  에폭 1015/1500 | 손실: 0.3048 | 학습: 92.5% | 검증: 86.2% | lr: 3.13e-05 | 0.3s
  에폭 1016/1500 | 손실: 0.3145 | 학습: 92.5% | 검증: 86.4% | lr: 3.13e-05 | 0.3s
  에폭 1017/1500 | 손실: 0.3137 | 학습: 92.5% | 검증: 86.2% | lr: 3.13e-05 | 0.3s
  에폭 1018/1500 | 손실: 0.3106 | 학습: 92.4% | 검증: 86.2% | lr: 3.13e-05 | 0.3s
  에폭 1019/1500 | 손실: 0.3131 | 학습: 92.5% | 검증: 86.1% | lr: 3.13e-05 | 0.3s
  에폭 1020/1500 | 손실: 0.3090 | 학습: 92.6% | 검증: 86.3% | lr: 3.13e-05 | 0.3s
  에폭 1021/1500 | 손실: 0.3038 | 학습: 92.6% | 검증: 86.2% | lr: 3.13e-05 | 0.3s
  에폭 1022/1500 | 손실: 0.3126 | 학습: 92.5% | 검증: 86.2% | lr: 3.13e-05 | 0.3s
  에폭 1023/1500 | 손실: 0.3113 | 학습: 92.3% | 검증: 86.4% | lr: 3.13e-05 | 0.3s
  에폭 1024/1500 | 손실: 0.3144 | 학습: 92.5% | 검증: 86.4% | lr: 3.13e-05 | 0.3s
  에폭 1025/1500 | 손실: 0.3170 | 학습: 92.4% | 검증: 85.9% | lr: 3.13e-05 | 0.3s
  에폭 1026/1500 | 손실: 0.3115 | 학습: 92.6% | 검증: 86.1% | lr: 3.13e-05 | 0.3s
  에폭 1027/1500 | 손실: 0.3094 | 학습: 92.5% | 검증: 86.4% | lr: 3.13e-05 | 0.3s
  에폭 1028/1500 | 손실: 0.3107 | 학습: 92.5% | 검증: 86.2% | lr: 3.13e-05 | 0.3s
  에폭 1029/1500 | 손실: 0.3157 | 학습: 92.5% | 검증: 86.6% | lr: 3.13e-05 | 0.3s
  에폭 1030/1500 | 손실: 0.3102 | 학습: 92.4% | 검증: 86.4% | lr: 3.13e-05 | 0.3s
  에폭 1031/1500 | 손실: 0.3139 | 학습: 92.5% | 검증: 86.3% | lr: 3.13e-05 | 0.3s
  에폭 1032/1500 | 손실: 0.3131 | 학습: 92.4% | 검증: 86.2% | lr: 3.13e-05 | 0.3s
  에폭 1033/1500 | 손실: 0.3104 | 학습: 92.5% | 검증: 86.1% | lr: 3.13e-05 | 0.3s
  에폭 1034/1500 | 손실: 0.3095 | 학습: 92.5% | 검증: 86.3% | lr: 3.13e-05 | 0.3s
  에폭 1035/1500 | 손실: 0.3114 | 학습: 92.4% | 검증: 86.4% | lr: 3.13e-05 | 0.3s
  에폭 1036/1500 | 손실: 0.3120 | 학습: 92.4% | 검증: 86.3% | lr: 3.13e-05 | 0.4s
  에폭 1037/1500 | 손실: 0.3098 | 학습: 92.5% | 검증: 86.3% | lr: 3.13e-05 | 0.4s
  에폭 1038/1500 | 손실: 0.3137 | 학습: 92.5% | 검증: 86.1% | lr: 3.13e-05 | 0.3s
  에폭 1039/1500 | 손실: 0.3067 | 학습: 92.5% | 검증: 86.6% | lr: 3.13e-05 | 0.4s
  에폭 1040/1500 | 손실: 0.3101 | 학습: 92.5% | 검증: 86.0% | lr: 3.13e-05 | 0.3s
  에폭 1041/1500 | 손실: 0.3127 | 학습: 92.6% | 검증: 85.8% | lr: 3.13e-05 | 0.3s
  에폭 1042/1500 | 손실: 0.3142 | 학습: 92.6% | 검증: 86.3% | lr: 3.13e-05 | 0.3s
  에폭 1043/1500 | 손실: 0.3124 | 학습: 92.3% | 검증: 86.1% | lr: 3.13e-05 | 0.3s
  에폭 1044/1500 | 손실: 0.3151 | 학습: 92.5% | 검증: 86.5% | lr: 3.13e-05 | 0.3s
  에폭 1045/1500 | 손실: 0.3130 | 학습: 92.4% | 검증: 86.5% | lr: 3.13e-05 | 0.3s
  에폭 1046/1500 | 손실: 0.3163 | 학습: 92.5% | 검증: 86.3% | lr: 3.13e-05 | 0.3s
  에폭 1047/1500 | 손실: 0.3120 | 학습: 92.5% | 검증: 86.1% | lr: 3.13e-05 | 0.3s
  에폭 1048/1500 | 손실: 0.3124 | 학습: 92.4% | 검증: 86.2% | lr: 3.13e-05 | 0.3s
  에폭 1049/1500 | 손실: 0.3138 | 학습: 92.6% | 검증: 86.5% | lr: 3.13e-05 | 0.3s
  에폭 1050/1500 | 손실: 0.3128 | 학습: 92.5% | 검증: 86.5% | lr: 3.13e-05 | 0.3s
  에폭 1051/1500 | 손실: 0.3129 | 학습: 92.3% | 검증: 86.3% | lr: 3.13e-05 | 0.3s
  에폭 1052/1500 | 손실: 0.3157 | 학습: 92.4% | 검증: 86.4% | lr: 3.13e-05 | 0.3s
  에폭 1053/1500 | 손실: 0.3095 | 학습: 92.5% | 검증: 86.3% | lr: 3.13e-05 | 0.3s
  에폭 1054/1500 | 손실: 0.3128 | 학습: 92.3% | 검증: 86.2% | lr: 3.13e-05 | 0.3s
  에폭 1055/1500 | 손실: 0.3123 | 학습: 92.6% | 검증: 86.2% | lr: 3.13e-05 | 0.3s
  에폭 1056/1500 | 손실: 0.3142 | 학습: 92.6% | 검증: 86.0% | lr: 3.13e-05 | 0.3s
  에폭 1057/1500 | 손실: 0.3107 | 학습: 92.5% | 검증: 86.3% | lr: 3.13e-05 | 0.3s
  에폭 1058/1500 | 손실: 0.3104 | 학습: 92.5% | 검증: 86.4% | lr: 3.13e-05 | 0.3s
  에폭 1059/1500 | 손실: 0.3135 | 학습: 92.4% | 검증: 86.1% | lr: 3.13e-05 | 0.3s
  에폭 1060/1500 | 손실: 0.3055 | 학습: 92.4% | 검증: 86.3% | lr: 3.13e-05 | 0.3s
  에폭 1061/1500 | 손실: 0.3127 | 학습: 92.6% | 검증: 86.2% | lr: 3.13e-05 | 0.3s
  에폭 1062/1500 | 손실: 0.3102 | 학습: 92.5% | 검증: 86.3% | lr: 3.13e-05 | 0.3s
  에폭 1063/1500 | 손실: 0.3107 | 학습: 92.5% | 검증: 86.3% | lr: 3.13e-05 | 0.3s
  에폭 1064/1500 | 손실: 0.3126 | 학습: 92.4% | 검증: 86.1% | lr: 3.13e-05 | 0.3s
  에폭 1065/1500 | 손실: 0.3136 | 학습: 92.4% | 검증: 86.4% | lr: 3.13e-05 | 0.3s
  에폭 1066/1500 | 손실: 0.3139 | 학습: 92.4% | 검증: 86.5% | lr: 3.13e-05 | 0.3s
  에폭 1067/1500 | 손실: 0.3117 | 학습: 92.5% | 검증: 86.2% | lr: 3.13e-05 | 0.3s
  에폭 1068/1500 | 손실: 0.3097 | 학습: 92.6% | 검증: 86.4% | lr: 3.13e-05 | 0.3s
  에폭 1069/1500 | 손실: 0.3058 | 학습: 92.4% | 검증: 86.1% | lr: 3.13e-05 | 0.3s
  에폭 1070/1500 | 손실: 0.3159 | 학습: 92.5% | 검증: 86.0% | lr: 3.13e-05 | 0.3s
  에폭 1071/1500 | 손실: 0.3172 | 학습: 92.4% | 검증: 86.1% | lr: 3.13e-05 | 0.3s
  에폭 1072/1500 | 손실: 0.3063 | 학습: 92.5% | 검증: 86.0% | lr: 1.56e-05 | 0.3s
  에폭 1073/1500 | 손실: 0.3084 | 학습: 92.6% | 검증: 86.2% | lr: 1.56e-05 | 0.3s
  에폭 1074/1500 | 손실: 0.3124 | 학습: 92.3% | 검증: 85.9% | lr: 1.56e-05 | 0.3s
  에폭 1075/1500 | 손실: 0.3096 | 학습: 92.6% | 검증: 86.1% | lr: 1.56e-05 | 0.3s
  에폭 1076/1500 | 손실: 0.3132 | 학습: 92.5% | 검증: 86.2% | lr: 1.56e-05 | 0.3s
  에폭 1077/1500 | 손실: 0.3116 | 학습: 92.5% | 검증: 86.4% | lr: 1.56e-05 | 0.3s
  에폭 1078/1500 | 손실: 0.3124 | 학습: 92.4% | 검증: 86.2% | lr: 1.56e-05 | 0.3s
  에폭 1079/1500 | 손실: 0.3127 | 학습: 92.5% | 검증: 86.1% | lr: 1.56e-05 | 0.3s
  에폭 1080/1500 | 손실: 0.3159 | 학습: 92.4% | 검증: 86.1% | lr: 1.56e-05 | 0.3s
  에폭 1081/1500 | 손실: 0.3104 | 학습: 92.6% | 검증: 86.3% | lr: 1.56e-05 | 0.3s
  에폭 1082/1500 | 손실: 0.3148 | 학습: 92.6% | 검증: 86.1% | lr: 1.56e-05 | 0.3s
  에폭 1083/1500 | 손실: 0.3136 | 학습: 92.5% | 검증: 86.0% | lr: 1.56e-05 | 0.3s
  에폭 1084/1500 | 손실: 0.3152 | 학습: 92.4% | 검증: 86.2% | lr: 1.56e-05 | 0.3s
  에폭 1085/1500 | 손실: 0.3105 | 학습: 92.4% | 검증: 86.4% | lr: 1.56e-05 | 0.3s
  에폭 1086/1500 | 손실: 0.3105 | 학습: 92.6% | 검증: 86.2% | lr: 1.56e-05 | 0.3s
  에폭 1087/1500 | 손실: 0.3204 | 학습: 92.5% | 검증: 85.9% | lr: 1.56e-05 | 0.3s
  에폭 1088/1500 | 손실: 0.3096 | 학습: 92.4% | 검증: 86.5% | lr: 1.56e-05 | 0.3s
  에폭 1089/1500 | 손실: 0.3094 | 학습: 92.5% | 검증: 86.1% | lr: 1.56e-05 | 0.3s
  에폭 1090/1500 | 손실: 0.3045 | 학습: 92.6% | 검증: 86.2% | lr: 1.56e-05 | 0.3s
  에폭 1091/1500 | 손실: 0.3161 | 학습: 92.5% | 검증: 86.6% | lr: 1.56e-05 | 0.3s
  에폭 1092/1500 | 손실: 0.3118 | 학습: 92.3% | 검증: 86.3% | lr: 1.56e-05 | 0.3s
  에폭 1093/1500 | 손실: 0.3085 | 학습: 92.5% | 검증: 86.4% | lr: 1.56e-05 | 0.3s
  에폭 1094/1500 | 손실: 0.3150 | 학습: 92.5% | 검증: 86.4% | lr: 1.56e-05 | 0.3s
  에폭 1095/1500 | 손실: 0.3139 | 학습: 92.6% | 검증: 86.0% | lr: 1.56e-05 | 0.3s
  에폭 1096/1500 | 손실: 0.3101 | 학습: 92.6% | 검증: 86.2% | lr: 1.56e-05 | 0.3s
  에폭 1097/1500 | 손실: 0.3117 | 학습: 92.5% | 검증: 86.3% | lr: 1.56e-05 | 0.3s
  에폭 1098/1500 | 손실: 0.3078 | 학습: 92.4% | 검증: 86.4% | lr: 1.56e-05 | 0.3s
  에폭 1099/1500 | 손실: 0.3129 | 학습: 92.5% | 검증: 86.4% | lr: 1.56e-05 | 0.3s
  에폭 1100/1500 | 손실: 0.3115 | 학습: 92.6% | 검증: 86.4% | lr: 1.56e-05 | 0.3s
  에폭 1101/1500 | 손실: 0.3121 | 학습: 92.5% | 검증: 86.3% | lr: 1.56e-05 | 0.3s
  에폭 1102/1500 | 손실: 0.3150 | 학습: 92.4% | 검증: 86.1% | lr: 1.56e-05 | 0.3s
  에폭 1103/1500 | 손실: 0.3108 | 학습: 92.5% | 검증: 86.3% | lr: 1.56e-05 | 0.3s
  에폭 1104/1500 | 손실: 0.3074 | 학습: 92.5% | 검증: 86.4% | lr: 1.56e-05 | 0.3s
  에폭 1105/1500 | 손실: 0.3068 | 학습: 92.6% | 검증: 86.1% | lr: 1.56e-05 | 0.3s
  에폭 1106/1500 | 손실: 0.3116 | 학습: 92.5% | 검증: 86.0% | lr: 1.56e-05 | 0.3s
  에폭 1107/1500 | 손실: 0.3139 | 학습: 92.4% | 검증: 86.3% | lr: 1.56e-05 | 0.3s
  에폭 1108/1500 | 손실: 0.3083 | 학습: 92.6% | 검증: 86.2% | lr: 1.56e-05 | 0.3s
  에폭 1109/1500 | 손실: 0.3135 | 학습: 92.4% | 검증: 86.2% | lr: 1.56e-05 | 0.3s
  에폭 1110/1500 | 손실: 0.3066 | 학습: 92.5% | 검증: 86.2% | lr: 1.56e-05 | 0.3s
  에폭 1111/1500 | 손실: 0.3150 | 학습: 92.4% | 검증: 86.3% | lr: 1.56e-05 | 0.3s
  에폭 1112/1500 | 손실: 0.3079 | 학습: 92.5% | 검증: 86.2% | lr: 1.56e-05 | 0.3s
  에폭 1113/1500 | 손실: 0.3089 | 학습: 92.6% | 검증: 86.1% | lr: 1.56e-05 | 0.3s
  에폭 1114/1500 | 손실: 0.3116 | 학습: 92.6% | 검증: 86.1% | lr: 1.56e-05 | 0.3s
  에폭 1115/1500 | 손실: 0.3124 | 학습: 92.4% | 검증: 86.3% | lr: 1.56e-05 | 0.3s
  에폭 1116/1500 | 손실: 0.3127 | 학습: 92.3% | 검증: 86.2% | lr: 1.56e-05 | 0.3s
  에폭 1117/1500 | 손실: 0.3095 | 학습: 92.3% | 검증: 86.3% | lr: 1.56e-05 | 0.3s
  에폭 1118/1500 | 손실: 0.3122 | 학습: 92.4% | 검증: 86.2% | lr: 1.56e-05 | 0.3s
  에폭 1119/1500 | 손실: 0.3085 | 학습: 92.4% | 검증: 86.2% | lr: 1.56e-05 | 0.3s
  에폭 1120/1500 | 손실: 0.3067 | 학습: 92.6% | 검증: 86.0% | lr: 1.56e-05 | 0.3s
  에폭 1121/1500 | 손실: 0.3122 | 학습: 92.6% | 검증: 86.3% | lr: 1.56e-05 | 0.3s
  에폭 1122/1500 | 손실: 0.3122 | 학습: 92.6% | 검증: 86.3% | lr: 1.56e-05 | 0.3s
  에폭 1123/1500 | 손실: 0.3189 | 학습: 92.5% | 검증: 86.1% | lr: 7.81e-06 | 0.3s
  에폭 1124/1500 | 손실: 0.3112 | 학습: 92.6% | 검증: 86.1% | lr: 7.81e-06 | 0.3s
  에폭 1125/1500 | 손실: 0.3112 | 학습: 92.6% | 검증: 86.3% | lr: 7.81e-06 | 0.3s
  에폭 1126/1500 | 손실: 0.3038 | 학습: 92.5% | 검증: 86.2% | lr: 7.81e-06 | 0.3s
  에폭 1127/1500 | 손실: 0.3080 | 학습: 92.6% | 검증: 86.1% | lr: 7.81e-06 | 0.3s
  에폭 1128/1500 | 손실: 0.3095 | 학습: 92.6% | 검증: 86.0% | lr: 7.81e-06 | 0.3s
  에폭 1129/1500 | 손실: 0.3084 | 학습: 92.5% | 검증: 86.2% | lr: 7.81e-06 | 0.3s
  에폭 1130/1500 | 손실: 0.3118 | 학습: 92.6% | 검증: 86.0% | lr: 7.81e-06 | 0.3s
  에폭 1131/1500 | 손실: 0.3072 | 학습: 92.3% | 검증: 86.3% | lr: 7.81e-06 | 0.3s
  에폭 1132/1500 | 손실: 0.3110 | 학습: 92.5% | 검증: 86.4% | lr: 7.81e-06 | 0.3s
  에폭 1133/1500 | 손실: 0.3059 | 학습: 92.5% | 검증: 86.2% | lr: 7.81e-06 | 0.3s
  에폭 1134/1500 | 손실: 0.3110 | 학습: 92.4% | 검증: 86.3% | lr: 7.81e-06 | 0.3s
  에폭 1135/1500 | 손실: 0.3118 | 학습: 92.4% | 검증: 86.2% | lr: 7.81e-06 | 0.3s
  에폭 1136/1500 | 손실: 0.3091 | 학습: 92.5% | 검증: 86.3% | lr: 7.81e-06 | 0.3s
  에폭 1137/1500 | 손실: 0.3153 | 학습: 92.6% | 검증: 86.2% | lr: 7.81e-06 | 0.3s
  에폭 1138/1500 | 손실: 0.3096 | 학습: 92.5% | 검증: 86.1% | lr: 7.81e-06 | 0.3s
  에폭 1139/1500 | 손실: 0.3083 | 학습: 92.5% | 검증: 86.0% | lr: 7.81e-06 | 0.3s
  에폭 1140/1500 | 손실: 0.3142 | 학습: 92.6% | 검증: 86.3% | lr: 7.81e-06 | 0.3s
  에폭 1141/1500 | 손실: 0.3115 | 학습: 92.4% | 검증: 86.1% | lr: 7.81e-06 | 0.3s
  에폭 1142/1500 | 손실: 0.3139 | 학습: 92.5% | 검증: 86.4% | lr: 7.81e-06 | 0.3s
  에폭 1143/1500 | 손실: 0.3129 | 학습: 92.6% | 검증: 86.1% | lr: 7.81e-06 | 0.3s
  에폭 1144/1500 | 손실: 0.3137 | 학습: 92.5% | 검증: 86.1% | lr: 7.81e-06 | 0.4s
  에폭 1145/1500 | 손실: 0.3142 | 학습: 92.5% | 검증: 86.2% | lr: 7.81e-06 | 0.3s
  에폭 1146/1500 | 손실: 0.3073 | 학습: 92.5% | 검증: 86.3% | lr: 7.81e-06 | 0.3s
  에폭 1147/1500 | 손실: 0.3097 | 학습: 92.4% | 검증: 86.1% | lr: 7.81e-06 | 0.3s
  에폭 1148/1500 | 손실: 0.3135 | 학습: 92.6% | 검증: 86.2% | lr: 7.81e-06 | 0.3s
  에폭 1149/1500 | 손실: 0.3062 | 학습: 92.2% | 검증: 86.0% | lr: 7.81e-06 | 0.3s
  에폭 1150/1500 | 손실: 0.3098 | 학습: 92.5% | 검증: 86.3% | lr: 7.81e-06 | 0.3s
  에폭 1151/1500 | 손실: 0.3092 | 학습: 92.6% | 검증: 86.1% | lr: 7.81e-06 | 0.3s
  에폭 1152/1500 | 손실: 0.3088 | 학습: 92.6% | 검증: 86.0% | lr: 7.81e-06 | 0.3s
  에폭 1153/1500 | 손실: 0.3093 | 학습: 92.5% | 검증: 86.4% | lr: 7.81e-06 | 0.3s
  에폭 1154/1500 | 손실: 0.3111 | 학습: 92.6% | 검증: 86.1% | lr: 7.81e-06 | 0.3s
  에폭 1155/1500 | 손실: 0.3102 | 학습: 92.5% | 검증: 86.5% | lr: 7.81e-06 | 0.3s
  에폭 1156/1500 | 손실: 0.3136 | 학습: 92.4% | 검증: 86.2% | lr: 7.81e-06 | 0.3s
  에폭 1157/1500 | 손실: 0.3105 | 학습: 92.5% | 검증: 86.0% | lr: 7.81e-06 | 0.3s
  에폭 1158/1500 | 손실: 0.3095 | 학습: 92.5% | 검증: 86.3% | lr: 7.81e-06 | 0.3s
  에폭 1159/1500 | 손실: 0.3103 | 학습: 92.5% | 검증: 85.9% | lr: 7.81e-06 | 0.3s
  에폭 1160/1500 | 손실: 0.3105 | 학습: 92.6% | 검증: 86.2% | lr: 7.81e-06 | 0.3s
  에폭 1161/1500 | 손실: 0.3076 | 학습: 92.5% | 검증: 86.2% | lr: 7.81e-06 | 0.3s
  에폭 1162/1500 | 손실: 0.3100 | 학습: 92.6% | 검증: 86.3% | lr: 7.81e-06 | 0.3s
  에폭 1163/1500 | 손실: 0.3127 | 학습: 92.5% | 검증: 86.0% | lr: 7.81e-06 | 0.3s
  에폭 1164/1500 | 손실: 0.3083 | 학습: 92.5% | 검증: 86.2% | lr: 7.81e-06 | 0.3s
  에폭 1165/1500 | 손실: 0.3107 | 학습: 92.5% | 검증: 86.1% | lr: 7.81e-06 | 0.3s
  에폭 1166/1500 | 손실: 0.3086 | 학습: 92.4% | 검증: 86.5% | lr: 7.81e-06 | 0.3s
  에폭 1167/1500 | 손실: 0.3185 | 학습: 92.6% | 검증: 86.3% | lr: 7.81e-06 | 0.3s
  에폭 1168/1500 | 손실: 0.3111 | 학습: 92.5% | 검증: 86.5% | lr: 7.81e-06 | 0.3s
  에폭 1169/1500 | 손실: 0.3107 | 학습: 92.6% | 검증: 86.1% | lr: 7.81e-06 | 0.3s
  에폭 1170/1500 | 손실: 0.3096 | 학습: 92.6% | 검증: 86.3% | lr: 7.81e-06 | 0.3s
  에폭 1171/1500 | 손실: 0.3069 | 학습: 92.4% | 검증: 86.1% | lr: 7.81e-06 | 0.3s
  에폭 1172/1500 | 손실: 0.3078 | 학습: 92.6% | 검증: 86.4% | lr: 7.81e-06 | 0.3s
  에폭 1173/1500 | 손실: 0.3121 | 학습: 92.5% | 검증: 86.3% | lr: 7.81e-06 | 0.3s
  에폭 1174/1500 | 손실: 0.3148 | 학습: 92.6% | 검증: 86.4% | lr: 3.91e-06 | 0.3s
  에폭 1175/1500 | 손실: 0.3078 | 학습: 92.5% | 검증: 86.2% | lr: 3.91e-06 | 0.3s
  에폭 1176/1500 | 손실: 0.3159 | 학습: 92.6% | 검증: 86.1% | lr: 3.91e-06 | 0.3s
  에폭 1177/1500 | 손실: 0.3139 | 학습: 92.4% | 검증: 86.3% | lr: 3.91e-06 | 0.3s
  에폭 1178/1500 | 손실: 0.3063 | 학습: 92.6% | 검증: 86.3% | lr: 3.91e-06 | 0.3s
  에폭 1179/1500 | 손실: 0.3159 | 학습: 92.6% | 검증: 86.4% | lr: 3.91e-06 | 0.3s
  에폭 1180/1500 | 손실: 0.3120 | 학습: 92.5% | 검증: 86.4% | lr: 3.91e-06 | 0.3s
  에폭 1181/1500 | 손실: 0.3107 | 학습: 92.6% | 검증: 86.1% | lr: 3.91e-06 | 0.3s
  에폭 1182/1500 | 손실: 0.3105 | 학습: 92.4% | 검증: 86.1% | lr: 3.91e-06 | 0.3s
  에폭 1183/1500 | 손실: 0.3131 | 학습: 92.4% | 검증: 86.0% | lr: 3.91e-06 | 0.3s
  에폭 1184/1500 | 손실: 0.3148 | 학습: 92.6% | 검증: 86.1% | lr: 3.91e-06 | 0.3s
  에폭 1185/1500 | 손실: 0.3122 | 학습: 92.4% | 검증: 86.3% | lr: 3.91e-06 | 0.3s
  에폭 1186/1500 | 손실: 0.3121 | 학습: 92.5% | 검증: 86.1% | lr: 3.91e-06 | 0.3s
  에폭 1187/1500 | 손실: 0.3146 | 학습: 92.6% | 검증: 86.4% | lr: 3.91e-06 | 0.3s
  에폭 1188/1500 | 손실: 0.3097 | 학습: 92.6% | 검증: 86.3% | lr: 3.91e-06 | 0.3s
  에폭 1189/1500 | 손실: 0.3154 | 학습: 92.5% | 검증: 86.2% | lr: 3.91e-06 | 0.4s
  에폭 1190/1500 | 손실: 0.3133 | 학습: 92.4% | 검증: 86.1% | lr: 3.91e-06 | 0.3s
  에폭 1191/1500 | 손실: 0.3083 | 학습: 92.5% | 검증: 86.3% | lr: 3.91e-06 | 0.3s
  에폭 1192/1500 | 손실: 0.3125 | 학습: 92.6% | 검증: 86.1% | lr: 3.91e-06 | 0.3s
  에폭 1193/1500 | 손실: 0.3129 | 학습: 92.4% | 검증: 86.1% | lr: 3.91e-06 | 0.3s
  에폭 1194/1500 | 손실: 0.3153 | 학습: 92.4% | 검증: 86.1% | lr: 3.91e-06 | 0.3s
  에폭 1195/1500 | 손실: 0.3136 | 학습: 92.6% | 검증: 86.2% | lr: 3.91e-06 | 0.3s
  에폭 1196/1500 | 손실: 0.3181 | 학습: 92.3% | 검증: 86.3% | lr: 3.91e-06 | 0.3s
  에폭 1197/1500 | 손실: 0.3148 | 학습: 92.6% | 검증: 86.2% | lr: 3.91e-06 | 0.3s
  에폭 1198/1500 | 손실: 0.3096 | 학습: 92.4% | 검증: 85.9% | lr: 3.91e-06 | 0.3s
  에폭 1199/1500 | 손실: 0.3131 | 학습: 92.6% | 검증: 86.4% | lr: 3.91e-06 | 0.3s
  에폭 1200/1500 | 손실: 0.3064 | 학습: 92.4% | 검증: 85.9% | lr: 3.91e-06 | 0.3s
  에폭 1201/1500 | 손실: 0.3070 | 학습: 92.5% | 검증: 85.9% | lr: 3.91e-06 | 0.3s
  에폭 1202/1500 | 손실: 0.3086 | 학습: 92.3% | 검증: 86.4% | lr: 3.91e-06 | 0.3s
  에폭 1203/1500 | 손실: 0.3083 | 학습: 92.5% | 검증: 86.3% | lr: 3.91e-06 | 0.3s
  에폭 1204/1500 | 손실: 0.3082 | 학습: 92.6% | 검증: 86.1% | lr: 3.91e-06 | 0.3s
  에폭 1205/1500 | 손실: 0.3099 | 학습: 92.5% | 검증: 86.2% | lr: 3.91e-06 | 0.3s
  에폭 1206/1500 | 손실: 0.3138 | 학습: 92.5% | 검증: 86.3% | lr: 3.91e-06 | 0.3s
  에폭 1207/1500 | 손실: 0.3105 | 학습: 92.6% | 검증: 86.3% | lr: 3.91e-06 | 0.3s
  에폭 1208/1500 | 손실: 0.3069 | 학습: 92.6% | 검증: 86.2% | lr: 3.91e-06 | 0.3s
  에폭 1209/1500 | 손실: 0.3101 | 학습: 92.5% | 검증: 86.4% | lr: 3.91e-06 | 0.3s
  에폭 1210/1500 | 손실: 0.3084 | 학습: 92.6% | 검증: 86.3% | lr: 3.91e-06 | 0.3s
  에폭 1211/1500 | 손실: 0.3089 | 학습: 92.5% | 검증: 86.0% | lr: 3.91e-06 | 0.3s
  에폭 1212/1500 | 손실: 0.3053 | 학습: 92.6% | 검증: 86.3% | lr: 3.91e-06 | 0.3s
  에폭 1213/1500 | 손실: 0.3101 | 학습: 92.5% | 검증: 86.3% | lr: 3.91e-06 | 0.3s
  에폭 1214/1500 | 손실: 0.3138 | 학습: 92.5% | 검증: 86.3% | lr: 3.91e-06 | 0.3s
  에폭 1215/1500 | 손실: 0.3100 | 학습: 92.5% | 검증: 86.3% | lr: 3.91e-06 | 0.3s
  에폭 1216/1500 | 손실: 0.3204 | 학습: 92.7% | 검증: 86.3% | lr: 3.91e-06 | 0.3s
  에폭 1217/1500 | 손실: 0.3109 | 학습: 92.5% | 검증: 86.2% | lr: 3.91e-06 | 0.3s
  에폭 1218/1500 | 손실: 0.3208 | 학습: 92.4% | 검증: 86.4% | lr: 3.91e-06 | 0.3s
  에폭 1219/1500 | 손실: 0.3062 | 학습: 92.6% | 검증: 86.3% | lr: 3.91e-06 | 0.3s
  에폭 1220/1500 | 손실: 0.3092 | 학습: 92.6% | 검증: 86.0% | lr: 3.91e-06 | 0.3s
  에폭 1221/1500 | 손실: 0.3080 | 학습: 92.5% | 검증: 86.4% | lr: 3.91e-06 | 0.3s
  에폭 1222/1500 | 손실: 0.3152 | 학습: 92.6% | 검증: 86.3% | lr: 3.91e-06 | 0.3s
  에폭 1223/1500 | 손실: 0.3166 | 학습: 92.5% | 검증: 86.6% | lr: 3.91e-06 | 0.3s
  에폭 1224/1500 | 손실: 0.3096 | 학습: 92.5% | 검증: 86.1% | lr: 3.91e-06 | 0.4s
  에폭 1225/1500 | 손실: 0.3109 | 학습: 92.5% | 검증: 86.2% | lr: 1.95e-06 | 0.3s
  에폭 1226/1500 | 손실: 0.3106 | 학습: 92.6% | 검증: 86.3% | lr: 1.95e-06 | 0.3s
  에폭 1227/1500 | 손실: 0.3100 | 학습: 92.5% | 검증: 86.3% | lr: 1.95e-06 | 0.3s
  에폭 1228/1500 | 손실: 0.3082 | 학습: 92.5% | 검증: 86.2% | lr: 1.95e-06 | 0.3s
  에폭 1229/1500 | 손실: 0.3058 | 학습: 92.5% | 검증: 86.3% | lr: 1.95e-06 | 0.3s
  에폭 1230/1500 | 손실: 0.3122 | 학습: 92.3% | 검증: 86.2% | lr: 1.95e-06 | 0.3s
  에폭 1231/1500 | 손실: 0.3108 | 학습: 92.3% | 검증: 86.0% | lr: 1.95e-06 | 0.3s
  에폭 1232/1500 | 손실: 0.3171 | 학습: 92.6% | 검증: 86.5% | lr: 1.95e-06 | 0.3s
  에폭 1233/1500 | 손실: 0.3116 | 학습: 92.5% | 검증: 86.2% | lr: 1.95e-06 | 0.3s
  에폭 1234/1500 | 손실: 0.3131 | 학습: 92.5% | 검증: 86.1% | lr: 1.95e-06 | 0.3s
  에폭 1235/1500 | 손실: 0.3161 | 학습: 92.4% | 검증: 86.1% | lr: 1.95e-06 | 0.3s
  에폭 1236/1500 | 손실: 0.3085 | 학습: 92.6% | 검증: 86.3% | lr: 1.95e-06 | 0.3s
  에폭 1237/1500 | 손실: 0.3143 | 학습: 92.6% | 검증: 86.1% | lr: 1.95e-06 | 0.3s
  에폭 1238/1500 | 손실: 0.3114 | 학습: 92.6% | 검증: 86.3% | lr: 1.95e-06 | 0.3s
  에폭 1239/1500 | 손실: 0.3087 | 학습: 92.5% | 검증: 86.3% | lr: 1.95e-06 | 0.3s
  에폭 1240/1500 | 손실: 0.3126 | 학습: 92.5% | 검증: 86.0% | lr: 1.95e-06 | 0.3s
  에폭 1241/1500 | 손실: 0.3138 | 학습: 92.4% | 검증: 86.0% | lr: 1.95e-06 | 0.3s
  에폭 1242/1500 | 손실: 0.3166 | 학습: 92.4% | 검증: 86.1% | lr: 1.95e-06 | 0.3s
  에폭 1243/1500 | 손실: 0.3094 | 학습: 92.5% | 검증: 86.1% | lr: 1.95e-06 | 0.3s
  에폭 1244/1500 | 손실: 0.3147 | 학습: 92.6% | 검증: 86.1% | lr: 1.95e-06 | 0.3s
  에폭 1245/1500 | 손실: 0.3132 | 학습: 92.5% | 검증: 86.0% | lr: 1.95e-06 | 0.3s
  에폭 1246/1500 | 손실: 0.3126 | 학습: 92.5% | 검증: 86.5% | lr: 1.95e-06 | 0.3s
  에폭 1247/1500 | 손실: 0.3110 | 학습: 92.6% | 검증: 86.3% | lr: 1.95e-06 | 0.3s
  에폭 1248/1500 | 손실: 0.3027 | 학습: 92.5% | 검증: 86.1% | lr: 1.95e-06 | 0.3s
  에폭 1249/1500 | 손실: 0.3127 | 학습: 92.4% | 검증: 85.9% | lr: 1.95e-06 | 0.3s
  에폭 1250/1500 | 손실: 0.3047 | 학습: 92.6% | 검증: 86.4% | lr: 1.95e-06 | 0.3s
  에폭 1251/1500 | 손실: 0.3104 | 학습: 92.5% | 검증: 86.3% | lr: 1.95e-06 | 0.3s
  에폭 1252/1500 | 손실: 0.3085 | 학습: 92.5% | 검증: 86.3% | lr: 1.95e-06 | 0.3s
  에폭 1253/1500 | 손실: 0.3098 | 학습: 92.5% | 검증: 86.1% | lr: 1.95e-06 | 0.3s
  에폭 1254/1500 | 손실: 0.3103 | 학습: 92.6% | 검증: 86.1% | lr: 1.95e-06 | 0.3s
  에폭 1255/1500 | 손실: 0.3121 | 학습: 92.6% | 검증: 86.2% | lr: 1.95e-06 | 0.3s
  에폭 1256/1500 | 손실: 0.3066 | 학습: 92.5% | 검증: 86.7% | lr: 1.95e-06 | 0.3s ★
  에폭 1257/1500 | 손실: 0.3020 | 학습: 92.5% | 검증: 86.0% | lr: 1.95e-06 | 0.3s
  에폭 1258/1500 | 손실: 0.3058 | 학습: 92.6% | 검증: 86.2% | lr: 1.95e-06 | 0.3s
  에폭 1259/1500 | 손실: 0.3165 | 학습: 92.6% | 검증: 86.3% | lr: 1.95e-06 | 0.3s
  에폭 1260/1500 | 손실: 0.3059 | 학습: 92.6% | 검증: 86.3% | lr: 1.95e-06 | 0.3s
  에폭 1261/1500 | 손실: 0.3098 | 학습: 92.4% | 검증: 86.2% | lr: 1.95e-06 | 0.3s
  에폭 1262/1500 | 손실: 0.3086 | 학습: 92.3% | 검증: 86.3% | lr: 1.95e-06 | 0.3s
  에폭 1263/1500 | 손실: 0.3134 | 학습: 92.4% | 검증: 86.1% | lr: 1.95e-06 | 0.3s
  에폭 1264/1500 | 손실: 0.3099 | 학습: 92.6% | 검증: 86.1% | lr: 1.95e-06 | 0.3s
  에폭 1265/1500 | 손실: 0.3087 | 학습: 92.5% | 검증: 86.4% | lr: 1.95e-06 | 0.3s
  에폭 1266/1500 | 손실: 0.3138 | 학습: 92.5% | 검증: 86.3% | lr: 1.95e-06 | 0.3s
  에폭 1267/1500 | 손실: 0.3095 | 학습: 92.5% | 검증: 86.3% | lr: 1.95e-06 | 0.3s
  에폭 1268/1500 | 손실: 0.3128 | 학습: 92.4% | 검증: 86.2% | lr: 1.95e-06 | 0.3s
  에폭 1269/1500 | 손실: 0.3087 | 학습: 92.5% | 검증: 86.1% | lr: 1.95e-06 | 0.3s
  에폭 1270/1500 | 손실: 0.3094 | 학습: 92.5% | 검증: 86.3% | lr: 1.95e-06 | 0.3s
  에폭 1271/1500 | 손실: 0.3092 | 학습: 92.6% | 검증: 86.2% | lr: 1.95e-06 | 0.3s
  에폭 1272/1500 | 손실: 0.3137 | 학습: 92.5% | 검증: 86.1% | lr: 1.95e-06 | 0.3s
  에폭 1273/1500 | 손실: 0.3122 | 학습: 92.6% | 검증: 86.4% | lr: 1.95e-06 | 0.3s
  에폭 1274/1500 | 손실: 0.3083 | 학습: 92.6% | 검증: 86.2% | lr: 1.95e-06 | 0.3s
  에폭 1275/1500 | 손실: 0.3144 | 학습: 92.4% | 검증: 85.9% | lr: 1.95e-06 | 0.3s
  에폭 1276/1500 | 손실: 0.3133 | 학습: 92.5% | 검증: 86.2% | lr: 1.95e-06 | 0.3s
  에폭 1277/1500 | 손실: 0.3088 | 학습: 92.5% | 검증: 86.1% | lr: 1.95e-06 | 0.3s
  에폭 1278/1500 | 손실: 0.3081 | 학습: 92.4% | 검증: 86.3% | lr: 1.95e-06 | 0.3s
  에폭 1279/1500 | 손실: 0.3132 | 학습: 92.5% | 검증: 86.2% | lr: 1.95e-06 | 0.3s
  에폭 1280/1500 | 손실: 0.3106 | 학습: 92.5% | 검증: 86.3% | lr: 1.95e-06 | 0.4s
  에폭 1281/1500 | 손실: 0.3149 | 학습: 92.6% | 검증: 86.0% | lr: 1.95e-06 | 0.3s
  에폭 1282/1500 | 손실: 0.3083 | 학습: 92.4% | 검증: 86.3% | lr: 1.95e-06 | 0.3s
  에폭 1283/1500 | 손실: 0.3100 | 학습: 92.5% | 검증: 86.1% | lr: 1.95e-06 | 0.3s
  에폭 1284/1500 | 손실: 0.3102 | 학습: 92.5% | 검증: 86.1% | lr: 1.95e-06 | 0.3s
  에폭 1285/1500 | 손실: 0.3086 | 학습: 92.5% | 검증: 86.3% | lr: 1.95e-06 | 0.3s
  에폭 1286/1500 | 손실: 0.3107 | 학습: 92.6% | 검증: 86.0% | lr: 1.95e-06 | 0.3s
  에폭 1287/1500 | 손실: 0.3047 | 학습: 92.6% | 검증: 86.1% | lr: 1.95e-06 | 0.3s
  에폭 1288/1500 | 손실: 0.3061 | 학습: 92.5% | 검증: 86.1% | lr: 1.95e-06 | 0.3s
  에폭 1289/1500 | 손실: 0.3086 | 학습: 92.5% | 검증: 86.4% | lr: 1.95e-06 | 0.3s
  에폭 1290/1500 | 손실: 0.3119 | 학습: 92.6% | 검증: 86.2% | lr: 1.95e-06 | 0.3s
  에폭 1291/1500 | 손실: 0.3074 | 학습: 92.6% | 검증: 86.1% | lr: 1.95e-06 | 0.3s
  에폭 1292/1500 | 손실: 0.3084 | 학습: 92.4% | 검증: 86.2% | lr: 1.95e-06 | 0.3s
  에폭 1293/1500 | 손실: 0.3083 | 학습: 92.6% | 검증: 86.0% | lr: 1.95e-06 | 0.3s
  에폭 1294/1500 | 손실: 0.3106 | 학습: 92.6% | 검증: 86.3% | lr: 1.95e-06 | 0.3s
  에폭 1295/1500 | 손실: 0.3081 | 학습: 92.5% | 검증: 86.1% | lr: 1.95e-06 | 0.3s
  에폭 1296/1500 | 손실: 0.3072 | 학습: 92.6% | 검증: 86.3% | lr: 1.95e-06 | 0.3s
  에폭 1297/1500 | 손실: 0.3099 | 학습: 92.6% | 검증: 86.3% | lr: 1.95e-06 | 0.3s
  에폭 1298/1500 | 손실: 0.3120 | 학습: 92.5% | 검증: 86.2% | lr: 1.95e-06 | 0.3s
  에폭 1299/1500 | 손실: 0.3059 | 학습: 92.5% | 검증: 86.1% | lr: 1.95e-06 | 0.3s
  에폭 1300/1500 | 손실: 0.3083 | 학습: 92.3% | 검증: 86.4% | lr: 1.95e-06 | 0.3s
  에폭 1301/1500 | 손실: 0.3135 | 학습: 92.6% | 검증: 86.3% | lr: 1.95e-06 | 0.3s
  에폭 1302/1500 | 손실: 0.3132 | 학습: 92.6% | 검증: 86.5% | lr: 1.95e-06 | 0.3s
  에폭 1303/1500 | 손실: 0.3106 | 학습: 92.6% | 검증: 86.4% | lr: 1.95e-06 | 0.3s
  에폭 1304/1500 | 손실: 0.3097 | 학습: 92.5% | 검증: 86.1% | lr: 1.95e-06 | 0.3s
  에폭 1305/1500 | 손실: 0.3089 | 학습: 92.5% | 검증: 86.1% | lr: 1.95e-06 | 0.3s
  에폭 1306/1500 | 손실: 0.3077 | 학습: 92.5% | 검증: 86.2% | lr: 1.95e-06 | 0.3s
  에폭 1307/1500 | 손실: 0.3179 | 학습: 92.6% | 검증: 86.3% | lr: 1.95e-06 | 0.3s
  에폭 1308/1500 | 손실: 0.3151 | 학습: 92.5% | 검증: 86.1% | lr: 1.00e-06 | 0.3s
  에폭 1309/1500 | 손실: 0.3107 | 학습: 92.6% | 검증: 86.1% | lr: 1.00e-06 | 0.3s
  에폭 1310/1500 | 손실: 0.3127 | 학습: 92.5% | 검증: 86.4% | lr: 1.00e-06 | 0.4s
  에폭 1311/1500 | 손실: 0.3095 | 학습: 92.4% | 검증: 86.1% | lr: 1.00e-06 | 0.3s
  에폭 1312/1500 | 손실: 0.3107 | 학습: 92.5% | 검증: 86.2% | lr: 1.00e-06 | 0.3s
  에폭 1313/1500 | 손실: 0.3124 | 학습: 92.5% | 검증: 86.2% | lr: 1.00e-06 | 0.3s
  에폭 1314/1500 | 손실: 0.3127 | 학습: 92.6% | 검증: 86.1% | lr: 1.00e-06 | 0.4s
  에폭 1315/1500 | 손실: 0.3125 | 학습: 92.6% | 검증: 86.5% | lr: 1.00e-06 | 0.3s
  에폭 1316/1500 | 손실: 0.3102 | 학습: 92.5% | 검증: 86.6% | lr: 1.00e-06 | 0.3s
  에폭 1317/1500 | 손실: 0.3137 | 학습: 92.5% | 검증: 86.1% | lr: 1.00e-06 | 0.3s
  에폭 1318/1500 | 손실: 0.3106 | 학습: 92.5% | 검증: 86.2% | lr: 1.00e-06 | 0.3s
  에폭 1319/1500 | 손실: 0.3072 | 학습: 92.5% | 검증: 86.5% | lr: 1.00e-06 | 0.4s
  에폭 1320/1500 | 손실: 0.3076 | 학습: 92.5% | 검증: 86.3% | lr: 1.00e-06 | 0.4s
  에폭 1321/1500 | 손실: 0.3109 | 학습: 92.4% | 검증: 86.0% | lr: 1.00e-06 | 0.4s
  에폭 1322/1500 | 손실: 0.3087 | 학습: 92.6% | 검증: 86.1% | lr: 1.00e-06 | 0.4s
  에폭 1323/1500 | 손실: 0.3122 | 학습: 92.4% | 검증: 86.4% | lr: 1.00e-06 | 0.4s
  에폭 1324/1500 | 손실: 0.3155 | 학습: 92.4% | 검증: 86.3% | lr: 1.00e-06 | 0.4s
  에폭 1325/1500 | 손실: 0.3106 | 학습: 92.6% | 검증: 86.2% | lr: 1.00e-06 | 0.4s
  에폭 1326/1500 | 손실: 0.3083 | 학습: 92.6% | 검증: 86.2% | lr: 1.00e-06 | 0.4s
  에폭 1327/1500 | 손실: 0.3063 | 학습: 92.5% | 검증: 86.2% | lr: 1.00e-06 | 0.4s
  에폭 1328/1500 | 손실: 0.3115 | 학습: 92.4% | 검증: 86.3% | lr: 1.00e-06 | 0.4s
  에폭 1329/1500 | 손실: 0.3114 | 학습: 92.6% | 검증: 86.2% | lr: 1.00e-06 | 0.4s
  에폭 1330/1500 | 손실: 0.3148 | 학습: 92.5% | 검증: 86.3% | lr: 1.00e-06 | 0.4s
  에폭 1331/1500 | 손실: 0.3143 | 학습: 92.5% | 검증: 86.3% | lr: 1.00e-06 | 0.4s
  에폭 1332/1500 | 손실: 0.3092 | 학습: 92.5% | 검증: 86.5% | lr: 1.00e-06 | 0.4s
  에폭 1333/1500 | 손실: 0.3078 | 학습: 92.5% | 검증: 86.3% | lr: 1.00e-06 | 0.4s
  에폭 1334/1500 | 손실: 0.3141 | 학습: 92.4% | 검증: 86.1% | lr: 1.00e-06 | 0.4s
  에폭 1335/1500 | 손실: 0.3113 | 학습: 92.4% | 검증: 86.0% | lr: 1.00e-06 | 0.4s
  에폭 1336/1500 | 손실: 0.3145 | 학습: 92.5% | 검증: 86.2% | lr: 1.00e-06 | 0.4s
  에폭 1337/1500 | 손실: 0.3096 | 학습: 92.6% | 검증: 86.2% | lr: 1.00e-06 | 0.4s
  에폭 1338/1500 | 손실: 0.3080 | 학습: 92.5% | 검증: 86.2% | lr: 1.00e-06 | 0.4s
  에폭 1339/1500 | 손실: 0.3123 | 학습: 92.6% | 검증: 86.3% | lr: 1.00e-06 | 0.4s
  에폭 1340/1500 | 손실: 0.3115 | 학습: 92.6% | 검증: 86.4% | lr: 1.00e-06 | 0.4s
  에폭 1341/1500 | 손실: 0.3136 | 학습: 92.5% | 검증: 86.1% | lr: 1.00e-06 | 0.4s
  에폭 1342/1500 | 손실: 0.3150 | 학습: 92.6% | 검증: 86.2% | lr: 1.00e-06 | 0.4s
  에폭 1343/1500 | 손실: 0.3143 | 학습: 92.4% | 검증: 86.2% | lr: 1.00e-06 | 0.4s
  에폭 1344/1500 | 손실: 0.3110 | 학습: 92.5% | 검증: 86.2% | lr: 1.00e-06 | 0.4s
  에폭 1345/1500 | 손실: 0.3135 | 학습: 92.5% | 검증: 86.2% | lr: 1.00e-06 | 0.4s
  에폭 1346/1500 | 손실: 0.3102 | 학습: 92.5% | 검증: 86.3% | lr: 1.00e-06 | 0.4s
  에폭 1347/1500 | 손실: 0.3144 | 학습: 92.5% | 검증: 86.3% | lr: 1.00e-06 | 0.4s
  에폭 1348/1500 | 손실: 0.3094 | 학습: 92.5% | 검증: 86.1% | lr: 1.00e-06 | 0.4s
  에폭 1349/1500 | 손실: 0.3129 | 학습: 92.5% | 검증: 86.2% | lr: 1.00e-06 | 0.3s
  에폭 1350/1500 | 손실: 0.3075 | 학습: 92.5% | 검증: 86.4% | lr: 1.00e-06 | 0.4s
  에폭 1351/1500 | 손실: 0.3177 | 학습: 92.5% | 검증: 86.4% | lr: 1.00e-06 | 0.3s
  에폭 1352/1500 | 손실: 0.3138 | 학습: 92.5% | 검증: 86.2% | lr: 1.00e-06 | 0.4s
  에폭 1353/1500 | 손실: 0.3106 | 학습: 92.6% | 검증: 86.4% | lr: 1.00e-06 | 0.3s
  에폭 1354/1500 | 손실: 0.3116 | 학습: 92.5% | 검증: 86.3% | lr: 1.00e-06 | 0.4s
  에폭 1355/1500 | 손실: 0.3159 | 학습: 92.5% | 검증: 86.3% | lr: 1.00e-06 | 0.4s
  에폭 1356/1500 | 손실: 0.3141 | 학습: 92.6% | 검증: 86.3% | lr: 1.00e-06 | 0.4s
  에폭 1357/1500 | 손실: 0.3048 | 학습: 92.6% | 검증: 86.3% | lr: 1.00e-06 | 0.4s
  에폭 1358/1500 | 손실: 0.3097 | 학습: 92.5% | 검증: 86.2% | lr: 1.00e-06 | 0.4s
  에폭 1359/1500 | 손실: 0.3147 | 학습: 92.5% | 검증: 86.3% | lr: 1.00e-06 | 0.4s
  에폭 1360/1500 | 손실: 0.3174 | 학습: 92.6% | 검증: 86.2% | lr: 1.00e-06 | 0.4s
  에폭 1361/1500 | 손실: 0.3051 | 학습: 92.6% | 검증: 86.3% | lr: 1.00e-06 | 0.4s
  에폭 1362/1500 | 손실: 0.3078 | 학습: 92.5% | 검증: 86.2% | lr: 1.00e-06 | 0.4s
  에폭 1363/1500 | 손실: 0.3125 | 학습: 92.6% | 검증: 86.3% | lr: 1.00e-06 | 0.4s
  에폭 1364/1500 | 손실: 0.3040 | 학습: 92.6% | 검증: 86.4% | lr: 1.00e-06 | 0.4s
  에폭 1365/1500 | 손실: 0.3096 | 학습: 92.5% | 검증: 86.2% | lr: 1.00e-06 | 0.4s
  에폭 1366/1500 | 손실: 0.3075 | 학습: 92.5% | 검증: 86.5% | lr: 1.00e-06 | 0.4s
  에폭 1367/1500 | 손실: 0.3070 | 학습: 92.6% | 검증: 86.2% | lr: 1.00e-06 | 0.3s
  에폭 1368/1500 | 손실: 0.3116 | 학습: 92.6% | 검증: 86.3% | lr: 1.00e-06 | 0.4s
  에폭 1369/1500 | 손실: 0.3099 | 학습: 92.5% | 검증: 86.2% | lr: 1.00e-06 | 0.4s
  에폭 1370/1500 | 손실: 0.3066 | 학습: 92.5% | 검증: 86.1% | lr: 1.00e-06 | 0.4s
  에폭 1371/1500 | 손실: 0.3124 | 학습: 92.5% | 검증: 86.4% | lr: 1.00e-06 | 0.3s
  에폭 1372/1500 | 손실: 0.3105 | 학습: 92.5% | 검증: 86.2% | lr: 1.00e-06 | 0.3s
  에폭 1373/1500 | 손실: 0.3108 | 학습: 92.5% | 검증: 86.2% | lr: 1.00e-06 | 0.4s
  에폭 1374/1500 | 손실: 0.3096 | 학습: 92.5% | 검증: 86.4% | lr: 1.00e-06 | 0.3s
  에폭 1375/1500 | 손실: 0.3105 | 학습: 92.5% | 검증: 86.3% | lr: 1.00e-06 | 0.4s
  에폭 1376/1500 | 손실: 0.3081 | 학습: 92.5% | 검증: 86.1% | lr: 1.00e-06 | 0.3s
  에폭 1377/1500 | 손실: 0.3117 | 학습: 92.5% | 검증: 86.0% | lr: 1.00e-06 | 0.3s
  에폭 1378/1500 | 손실: 0.3117 | 학습: 92.6% | 검증: 86.2% | lr: 1.00e-06 | 0.4s
  에폭 1379/1500 | 손실: 0.3141 | 학습: 92.5% | 검증: 85.9% | lr: 1.00e-06 | 0.4s
  에폭 1380/1500 | 손실: 0.3106 | 학습: 92.3% | 검증: 86.0% | lr: 1.00e-06 | 0.3s
  에폭 1381/1500 | 손실: 0.3102 | 학습: 92.5% | 검증: 86.0% | lr: 1.00e-06 | 0.3s
  에폭 1382/1500 | 손실: 0.3131 | 학습: 92.4% | 검증: 86.0% | lr: 1.00e-06 | 0.4s
  에폭 1383/1500 | 손실: 0.3156 | 학습: 92.5% | 검증: 86.3% | lr: 1.00e-06 | 0.3s
  에폭 1384/1500 | 손실: 0.3172 | 학습: 92.3% | 검증: 86.0% | lr: 1.00e-06 | 0.3s
  에폭 1385/1500 | 손실: 0.3103 | 학습: 92.5% | 검증: 86.0% | lr: 1.00e-06 | 0.4s
  에폭 1386/1500 | 손실: 0.3110 | 학습: 92.5% | 검증: 85.9% | lr: 1.00e-06 | 0.4s
  에폭 1387/1500 | 손실: 0.3153 | 학습: 92.5% | 검증: 86.1% | lr: 1.00e-06 | 0.3s
  에폭 1388/1500 | 손실: 0.3093 | 학습: 92.6% | 검증: 86.2% | lr: 1.00e-06 | 0.3s
  에폭 1389/1500 | 손실: 0.3098 | 학습: 92.5% | 검증: 86.5% | lr: 1.00e-06 | 0.3s
  에폭 1390/1500 | 손실: 0.3113 | 학습: 92.5% | 검증: 86.1% | lr: 1.00e-06 | 0.3s
  에폭 1391/1500 | 손실: 0.3139 | 학습: 92.6% | 검증: 86.1% | lr: 1.00e-06 | 0.3s
  에폭 1392/1500 | 손실: 0.3088 | 학습: 92.5% | 검증: 86.3% | lr: 1.00e-06 | 0.3s
  에폭 1393/1500 | 손실: 0.3106 | 학습: 92.5% | 검증: 86.2% | lr: 1.00e-06 | 0.3s
  에폭 1394/1500 | 손실: 0.3110 | 학습: 92.5% | 검증: 86.4% | lr: 1.00e-06 | 0.3s
  에폭 1395/1500 | 손실: 0.3100 | 학습: 92.5% | 검증: 86.2% | lr: 1.00e-06 | 0.3s
  에폭 1396/1500 | 손실: 0.3097 | 학습: 92.5% | 검증: 86.2% | lr: 1.00e-06 | 0.4s
  에폭 1397/1500 | 손실: 0.3096 | 학습: 92.4% | 검증: 86.2% | lr: 1.00e-06 | 0.4s
  에폭 1398/1500 | 손실: 0.3045 | 학습: 92.6% | 검증: 86.4% | lr: 1.00e-06 | 0.3s
  에폭 1399/1500 | 손실: 0.3095 | 학습: 92.5% | 검증: 86.3% | lr: 1.00e-06 | 0.3s
  에폭 1400/1500 | 손실: 0.3091 | 학습: 92.5% | 검증: 86.2% | lr: 1.00e-06 | 0.3s
  에폭 1401/1500 | 손실: 0.3116 | 학습: 92.6% | 검증: 86.2% | lr: 1.00e-06 | 0.3s
  에폭 1402/1500 | 손실: 0.3130 | 학습: 92.6% | 검증: 86.1% | lr: 1.00e-06 | 0.3s
  에폭 1403/1500 | 손실: 0.3073 | 학습: 92.5% | 검증: 86.2% | lr: 1.00e-06 | 0.3s
  에폭 1404/1500 | 손실: 0.3119 | 학습: 92.5% | 검증: 86.2% | lr: 1.00e-06 | 0.3s
  에폭 1405/1500 | 손실: 0.3148 | 학습: 92.4% | 검증: 86.1% | lr: 1.00e-06 | 0.3s
  에폭 1406/1500 | 손실: 0.3118 | 학습: 92.6% | 검증: 86.4% | lr: 1.00e-06 | 0.3s
  에폭 1407/1500 | 손실: 0.3118 | 학습: 92.5% | 검증: 86.1% | lr: 1.00e-06 | 0.3s
  에폭 1408/1500 | 손실: 0.3042 | 학습: 92.5% | 검증: 86.2% | lr: 1.00e-06 | 0.3s
  에폭 1409/1500 | 손실: 0.3064 | 학습: 92.5% | 검증: 86.2% | lr: 1.00e-06 | 0.4s
  에폭 1410/1500 | 손실: 0.3122 | 학습: 92.6% | 검증: 86.4% | lr: 1.00e-06 | 0.3s
  에폭 1411/1500 | 손실: 0.3007 | 학습: 92.4% | 검증: 86.2% | lr: 1.00e-06 | 0.3s
  에폭 1412/1500 | 손실: 0.3158 | 학습: 92.4% | 검증: 86.1% | lr: 1.00e-06 | 0.3s
  에폭 1413/1500 | 손실: 0.3079 | 학습: 92.5% | 검증: 86.4% | lr: 1.00e-06 | 0.4s
  에폭 1414/1500 | 손실: 0.3164 | 학습: 92.5% | 검증: 86.3% | lr: 1.00e-06 | 0.4s
  에폭 1415/1500 | 손실: 0.3154 | 학습: 92.5% | 검증: 86.2% | lr: 1.00e-06 | 0.4s
  에폭 1416/1500 | 손실: 0.3127 | 학습: 92.6% | 검증: 86.1% | lr: 1.00e-06 | 0.4s
  에폭 1417/1500 | 손실: 0.3118 | 학습: 92.5% | 검증: 86.5% | lr: 1.00e-06 | 0.4s
  에폭 1418/1500 | 손실: 0.3029 | 학습: 92.5% | 검증: 86.0% | lr: 1.00e-06 | 0.3s
  에폭 1419/1500 | 손실: 0.3100 | 학습: 92.5% | 검증: 86.2% | lr: 1.00e-06 | 0.5s
  에폭 1420/1500 | 손실: 0.3096 | 학습: 92.4% | 검증: 86.1% | lr: 1.00e-06 | 0.7s
  에폭 1421/1500 | 손실: 0.3091 | 학습: 92.5% | 검증: 86.4% | lr: 1.00e-06 | 0.8s
  에폭 1422/1500 | 손실: 0.3088 | 학습: 92.5% | 검증: 86.1% | lr: 1.00e-06 | 0.3s
  에폭 1423/1500 | 손실: 0.3058 | 학습: 92.4% | 검증: 86.5% | lr: 1.00e-06 | 0.3s
  에폭 1424/1500 | 손실: 0.3112 | 학습: 92.5% | 검증: 86.2% | lr: 1.00e-06 | 0.3s
  에폭 1425/1500 | 손실: 0.3100 | 학습: 92.4% | 검증: 86.1% | lr: 1.00e-06 | 0.7s
  에폭 1426/1500 | 손실: 0.3071 | 학습: 92.5% | 검증: 86.4% | lr: 1.00e-06 | 0.6s
  에폭 1427/1500 | 손실: 0.3105 | 학습: 92.6% | 검증: 86.4% | lr: 1.00e-06 | 0.4s
  에폭 1428/1500 | 손실: 0.3162 | 학습: 92.5% | 검증: 86.2% | lr: 1.00e-06 | 0.3s
  에폭 1429/1500 | 손실: 0.3111 | 학습: 92.4% | 검증: 86.2% | lr: 1.00e-06 | 0.4s
  에폭 1430/1500 | 손실: 0.3117 | 학습: 92.6% | 검증: 86.3% | lr: 1.00e-06 | 0.6s
  에폭 1431/1500 | 손실: 0.3125 | 학습: 92.5% | 검증: 86.4% | lr: 1.00e-06 | 0.7s
  에폭 1432/1500 | 손실: 0.3102 | 학습: 92.4% | 검증: 86.2% | lr: 1.00e-06 | 0.4s
  에폭 1433/1500 | 손실: 0.3111 | 학습: 92.4% | 검증: 86.3% | lr: 1.00e-06 | 0.3s
  에폭 1434/1500 | 손실: 0.3110 | 학습: 92.5% | 검증: 86.4% | lr: 1.00e-06 | 0.4s
  에폭 1435/1500 | 손실: 0.3120 | 학습: 92.5% | 검증: 86.3% | lr: 1.00e-06 | 0.3s
  에폭 1436/1500 | 손실: 0.3135 | 학습: 92.4% | 검증: 86.2% | lr: 1.00e-06 | 0.6s
  에폭 1437/1500 | 손실: 0.3083 | 학습: 92.5% | 검증: 86.4% | lr: 1.00e-06 | 0.5s
  에폭 1438/1500 | 손실: 0.3076 | 학습: 92.6% | 검증: 86.0% | lr: 1.00e-06 | 0.3s
  에폭 1439/1500 | 손실: 0.3130 | 학습: 92.6% | 검증: 86.5% | lr: 1.00e-06 | 0.3s
  에폭 1440/1500 | 손실: 0.3088 | 학습: 92.4% | 검증: 86.2% | lr: 1.00e-06 | 0.6s
  에폭 1441/1500 | 손실: 0.3098 | 학습: 92.3% | 검증: 86.3% | lr: 1.00e-06 | 0.3s
  에폭 1442/1500 | 손실: 0.3058 | 학습: 92.6% | 검증: 86.1% | lr: 1.00e-06 | 0.3s
  에폭 1443/1500 | 손실: 0.3094 | 학습: 92.4% | 검증: 86.3% | lr: 1.00e-06 | 0.5s
  에폭 1444/1500 | 손실: 0.3095 | 학습: 92.5% | 검증: 86.4% | lr: 1.00e-06 | 0.3s
  에폭 1445/1500 | 손실: 0.3104 | 학습: 92.5% | 검증: 86.3% | lr: 1.00e-06 | 0.3s
  에폭 1446/1500 | 손실: 0.3130 | 학습: 92.6% | 검증: 85.9% | lr: 1.00e-06 | 0.3s
  에폭 1447/1500 | 손실: 0.3153 | 학습: 92.5% | 검증: 86.2% | lr: 1.00e-06 | 0.3s
  에폭 1448/1500 | 손실: 0.3076 | 학습: 92.5% | 검증: 86.3% | lr: 1.00e-06 | 0.6s
  에폭 1449/1500 | 손실: 0.3063 | 학습: 92.5% | 검증: 86.1% | lr: 1.00e-06 | 0.3s
  에폭 1450/1500 | 손실: 0.3088 | 학습: 92.6% | 검증: 86.4% | lr: 1.00e-06 | 0.3s
  에폭 1451/1500 | 손실: 0.3151 | 학습: 92.5% | 검증: 86.2% | lr: 1.00e-06 | 0.4s
  에폭 1452/1500 | 손실: 0.3112 | 학습: 92.5% | 검증: 86.3% | lr: 1.00e-06 | 0.5s
  에폭 1453/1500 | 손실: 0.3116 | 학습: 92.5% | 검증: 86.1% | lr: 1.00e-06 | 0.3s
  에폭 1454/1500 | 손실: 0.3134 | 학습: 92.4% | 검증: 86.4% | lr: 1.00e-06 | 0.3s
  에폭 1455/1500 | 손실: 0.3098 | 학습: 92.5% | 검증: 86.3% | lr: 1.00e-06 | 0.3s
  에폭 1456/1500 | 손실: 0.3148 | 학습: 92.6% | 검증: 86.0% | lr: 1.00e-06 | 0.3s
  에폭 1457/1500 | 손실: 0.3090 | 학습: 92.6% | 검증: 86.2% | lr: 1.00e-06 | 0.3s
  에폭 1458/1500 | 손실: 0.3084 | 학습: 92.6% | 검증: 86.3% | lr: 1.00e-06 | 0.3s
  에폭 1459/1500 | 손실: 0.3121 | 학습: 92.5% | 검증: 86.3% | lr: 1.00e-06 | 0.3s
  에폭 1460/1500 | 손실: 0.3071 | 학습: 92.5% | 검증: 86.0% | lr: 1.00e-06 | 0.3s
  에폭 1461/1500 | 손실: 0.3114 | 학습: 92.4% | 검증: 86.1% | lr: 1.00e-06 | 0.3s
  에폭 1462/1500 | 손실: 0.3171 | 학습: 92.6% | 검증: 86.4% | lr: 1.00e-06 | 0.3s
  에폭 1463/1500 | 손실: 0.3071 | 학습: 92.5% | 검증: 86.5% | lr: 1.00e-06 | 0.3s
  에폭 1464/1500 | 손실: 0.3086 | 학습: 92.5% | 검증: 86.2% | lr: 1.00e-06 | 0.3s
  에폭 1465/1500 | 손실: 0.3081 | 학습: 92.6% | 검증: 86.1% | lr: 1.00e-06 | 0.3s
  에폭 1466/1500 | 손실: 0.3124 | 학습: 92.5% | 검증: 86.2% | lr: 1.00e-06 | 0.3s
  에폭 1467/1500 | 손실: 0.3092 | 학습: 92.6% | 검증: 86.2% | lr: 1.00e-06 | 0.3s
  에폭 1468/1500 | 손실: 0.3099 | 학습: 92.6% | 검증: 86.3% | lr: 1.00e-06 | 0.3s
  에폭 1469/1500 | 손실: 0.3064 | 학습: 92.6% | 검증: 86.2% | lr: 1.00e-06 | 0.3s
  에폭 1470/1500 | 손실: 0.3115 | 학습: 92.4% | 검증: 86.3% | lr: 1.00e-06 | 0.3s
  에폭 1471/1500 | 손실: 0.3095 | 학습: 92.5% | 검증: 86.4% | lr: 1.00e-06 | 0.3s
  에폭 1472/1500 | 손실: 0.3070 | 학습: 92.5% | 검증: 86.3% | lr: 1.00e-06 | 0.3s
  에폭 1473/1500 | 손실: 0.3047 | 학습: 92.5% | 검증: 86.2% | lr: 1.00e-06 | 0.3s
  에폭 1474/1500 | 손실: 0.3113 | 학습: 92.4% | 검증: 86.3% | lr: 1.00e-06 | 0.3s
  에폭 1475/1500 | 손실: 0.3095 | 학습: 92.5% | 검증: 86.3% | lr: 1.00e-06 | 0.3s
  에폭 1476/1500 | 손실: 0.3066 | 학습: 92.6% | 검증: 86.3% | lr: 1.00e-06 | 0.3s
  에폭 1477/1500 | 손실: 0.3075 | 학습: 92.3% | 검증: 86.3% | lr: 1.00e-06 | 0.3s
  에폭 1478/1500 | 손실: 0.3104 | 학습: 92.5% | 검증: 86.0% | lr: 1.00e-06 | 0.3s
  에폭 1479/1500 | 손실: 0.3079 | 학습: 92.5% | 검증: 86.4% | lr: 1.00e-06 | 0.4s
  에폭 1480/1500 | 손실: 0.3135 | 학습: 92.4% | 검증: 86.4% | lr: 1.00e-06 | 0.3s
  에폭 1481/1500 | 손실: 0.3131 | 학습: 92.5% | 검증: 86.3% | lr: 1.00e-06 | 0.3s
  에폭 1482/1500 | 손실: 0.3102 | 학습: 92.5% | 검증: 86.2% | lr: 1.00e-06 | 0.3s
  에폭 1483/1500 | 손실: 0.3058 | 학습: 92.6% | 검증: 86.2% | lr: 1.00e-06 | 0.3s
  에폭 1484/1500 | 손실: 0.3104 | 학습: 92.4% | 검증: 86.0% | lr: 1.00e-06 | 0.3s
  에폭 1485/1500 | 손실: 0.3063 | 학습: 92.5% | 검증: 86.1% | lr: 1.00e-06 | 0.3s
  에폭 1486/1500 | 손실: 0.3151 | 학습: 92.5% | 검증: 86.1% | lr: 1.00e-06 | 0.3s
  에폭 1487/1500 | 손실: 0.3085 | 학습: 92.4% | 검증: 86.3% | lr: 1.00e-06 | 0.3s
  에폭 1488/1500 | 손실: 0.3145 | 학습: 92.5% | 검증: 86.3% | lr: 1.00e-06 | 0.3s
  에폭 1489/1500 | 손실: 0.3156 | 학습: 92.5% | 검증: 86.3% | lr: 1.00e-06 | 0.3s
  에폭 1490/1500 | 손실: 0.3152 | 학습: 92.3% | 검증: 86.2% | lr: 1.00e-06 | 0.3s
  에폭 1491/1500 | 손실: 0.3121 | 학습: 92.6% | 검증: 86.2% | lr: 1.00e-06 | 0.3s
  에폭 1492/1500 | 손실: 0.3077 | 학습: 92.6% | 검증: 86.2% | lr: 1.00e-06 | 0.3s
  에폭 1493/1500 | 손실: 0.3111 | 학습: 92.5% | 검증: 86.2% | lr: 1.00e-06 | 0.3s
  에폭 1494/1500 | 손실: 0.3089 | 학습: 92.5% | 검증: 86.5% | lr: 1.00e-06 | 0.3s
  에폭 1495/1500 | 손실: 0.3080 | 학습: 92.3% | 검증: 86.0% | lr: 1.00e-06 | 0.3s
  에폭 1496/1500 | 손실: 0.3150 | 학습: 92.6% | 검증: 86.4% | lr: 1.00e-06 | 0.3s
  에폭 1497/1500 | 손실: 0.3116 | 학습: 92.5% | 검증: 86.2% | lr: 1.00e-06 | 0.3s
  에폭 1498/1500 | 손실: 0.3098 | 학습: 92.5% | 검증: 86.3% | lr: 1.00e-06 | 0.3s
  에폭 1499/1500 | 손실: 0.3127 | 학습: 92.5% | 검증: 86.3% | lr: 1.00e-06 | 0.3s
  에폭 1500/1500 | 손실: 0.3104 | 학습: 92.5% | 검증: 86.2% | lr: 1.00e-06 | 0.3s
[MLP] ✅ 학습 완료 | [128 → 64 → 32] | 최고 검증 정확도: 86.7%  (베스트 체크포인트 복원됨)
[MLP] ⏱  전체 학습 시간: 8분 41초 (521.5s)
[MLP] ── Permutation Importance (베이스라인 정확도: 86.7%) ─
   1. CENTROID                      Δacc=++0.2773  ███████████████████████████████████████████████████████  (스펙트럼 무게중심)
   2. SKEWNESS                      Δacc=++0.2563  ███████████████████████████████████████████████████  (스펙트럼 비대칭도)
   3. HIGH_RATIO                    Δacc=++0.2032  █████████████████████████████████████████  (고주파 비율 (10Hz↑))
   4. SPECTRAL_BANDWIDTH            Δacc=++0.1993  ████████████████████████████████████████  (스펙트럼 대역폭)
   5. SPECTRAL_FLATNESS             Δacc=++0.1972  ███████████████████████████████████████  (스펙트럼 평탄도)
   6. MID_RATIO                     Δacc=++0.1906  ██████████████████████████████████████  (중주파 비율 (5~10Hz))
   7. LOW_RATIO                     Δacc=++0.1871  █████████████████████████████████████  (저주파 비율 (0~5Hz))
   8. KURTOSIS                      Δacc=++0.1643  █████████████████████████████████  (에너지 분포 첨도)
   9. PEAK_TO_AVG_E                 Δacc=++0.1293  ██████████████████████████  (피크/평균 에너지 비)
  10. PEAK_FREQ                     Δacc=++0.1260  █████████████████████████  (1위 피크 주파수)
  11. SECOND_PEAK_FREQ              Δacc=++0.0801  ████████████████  (2번째 피크 주파수)
  12. PEAK1_TO_PEAK2_RATIO          Δacc=++0.0745  ███████████████  (1·2위 피크 비율)
  13. PEAK_COUNT                    Δacc=++0.0670  █████████████  (피크 빈 개수)
  14. RMS                           Δacc=++0.0265  █████  (RMS 에너지)
[MLP] ─────────────────────────────────────────────
[MLP] 특징 중요도 저장 → /Users/kimkanghyeon/Desktop/project/iSENSOR_UART_DEBUGER/AI/mlp/models/mlp_L128-64-32_b128_d3_ep1500_lr2e-3_lrp50_lrf5_f14_0509_200342/mlp_L128-64-32_b128_d3_ep1500_lr2e-3_lrp50_lrf5_f14_0509_200342_importance.json
[MLP] 저장 완료 → /Users/kimkanghyeon/Desktop/project/iSENSOR_UART_DEBUGER/AI/mlp/models/mlp_weights.pt  (추론용)
[MLP] 버전 보관 → /Users/kimkanghyeon/Desktop/project/iSENSOR_UART_DEBUGER/AI/mlp/models/mlp_L128-64-32_b128_d3_ep1500_lr2e-3_lrp50_lrf5_f14_0509_200342/
[MLP] 📊 학습 이력 저장 → /Users/kimkanghyeon/Desktop/project/iSENSOR_UART_DEBUGER/AI/mlp/models/train_history.json

  ── 이전 학습과 비교 ──────────────────────────────────────────────────
  지표                                  이전          현재  변화
  ────────────────────────────────────────────────────────────────────
  최고 검증 정확도                        86.3%       86.7%  +0.3%p  ↑ 개선
  최소 검증 손실                        0.3331      0.3209  0.0122  ↑ 개선
  사람 Recall (탐지율) TPR              82.2%       82.8%  +0.7%p  ↑ 개선
  사람 오탐률 (눈침) FNR                  17.8%       17.2%  0.6%p  ↑ 개선
  배경 정확 탐지율 TNR                    90.5%       90.5%  +0.0%p  ↑ 개선
  배경 오탐률 (오경보) FPR                  9.5%        9.4%  0.0%p  ↑ 개선
  사람 F1 Score                     0.8574      0.8615  +0.0041  ↑ 개선
  베스트 에폭                             875        1256  +381

━━━━━━━━━━━━━━━━━━━━━━━━━━━━━━━━━━━━━━━━━━━━━━━━━━━━━━━━━━━━━━━━
[분석 메모] GitHub Copilot — 2026-05-09  [구조: 128→64→32, b128, ep1500, lr=2e-3, d0.3, f14]
━━━━━━━━━━━━━━━━━━━━━━━━━━━━━━━━━━━━━━━━━━━━━━━━━━━━━━━━━━━━━━━━

■ 실험 조건
  d0.3 ep1000(86.3%) 대비 에폭만 1500으로 연장. 나머지 동일.
  목적: d0.3 조건에서 에폭 부족이 한계였는지 확인.

■ 핵심 수치 요약
  최고 검증 정확도   : 86.7% (ep1256)
  학습 정확도 (동시) : 92.5%  →  train-val 갭 5.8%p
  학습 시간          : 8분 41초
  ep1500 LR          : 1.00e-06 (min_lr 도달, ep1308부터 최소 LR)  → 완전 수렴

■ d0.3 조건 에폭별 비교
                      ep1000     ep1500
  베스트 검증 정확도   86.3%      86.7% (+0.4%p)
  베스트 에폭          875        1256
  train-val 갭         6.4%p      5.8%p
  LR 종료 시점         ep1000 미수렴  ep1308 min_lr 도달(수렴)
  학습 시간            5분46초    8분41초
  → ep1000에서 아직 수렴 여지가 남아있었음. ep1500으로 연장 시 +0.4%p 개선.
  → 그러나 여전히 역대 최고(d0.2 ep1000: 87.0%)보다 -0.3%p 낮음.
  → ep1500에서 완전 수렴했으므로 추가 에폭 연장은 더 이상 의미 없음.

■ LR 감소 타임라인 (12단, min_lr 수렴)
  ep  558 : 2e-3 → 1e-3
  ep  689 : 1e-3 → 5e-4
  ep  777 : 5e-4 → 2.5e-4
  ep  832 : 2.5e-4 → 1.25e-4
  ep  916 : 1.25e-4 → 6.25e-5
  ep  982 : 6.25e-5 → 3.13e-5
  ep 1072 : 3.13e-5 → 1.56e-5
  ep 1123 : 1.56e-5 → 7.81e-6
  ep 1174 : 7.81e-6 → 3.91e-6
  ep 1225 : 3.91e-6 → 1.95e-6
  ep 1308 : 1.95e-6 → 1.00e-6  ← min_lr 도달 (이후 변화 없음)
  ep 1500 : LR=1.00e-6  (완전 수렴)

■ 검증 정확도 진행 추이
  ep   1 :  65.7%
  ep 150 :  81.1%
  ep 300 :  83.1%
  ep 450 :  84.3%
  ep 600 :  85.3%
  ep 750 :  85.8%
  ep 900 :  86.1%
  ep1050 :  86.5%
  ep1200 :  85.9%  (일시 하락)
  ep1256 :  86.7% ← 베스트 ★
  ep1350 :  86.4%
  ep1500 :  86.2%  (min_lr 도달 후 진동)

■ 128→64→32 구조 Dropout 전체 비교 (누적)
                      d0.2 ep1000  d0.2 ep2000  d0.3 ep1000  d0.3 ep1500
  베스트 검증 정확도   87.0% ★      86.8%        86.3%        86.7%
  베스트 에폭          864          1092         875          1256
  train-val 갭         7.6%p        7.8%p        6.4%p        5.8%p
  수렴 여부            미수렴       미수렴(과적합) 미수렴      완전 수렴
  학습 시간            5분18초      11분23초      5분46초      8분41초
  → d0.2 ep1000이 가장 짧은 시간에 가장 높은 성능. 최적 조합 확정.
  → d0.3은 ep1500까지 연장해 완전 수렴해도 d0.2 ep1000에 -0.3%p 열위.

■ Permutation Importance 변화 (d0.3 ep1000 → d0.3 ep1500)
  순위 유지: CENTROID(1위, 0.277), SKEWNESS(2위, 0.256), HIGH_RATIO(3위, 0.203)
  주목: SPECTRAL_FLATNESS(5위, 0.197) — d0.3 ep1000에서 없던 항목. 평탄도 중요성 ↑
  RMS(14위, 0.027) 여전히 최하위.
  → 핵심 특징 순위는 안정적. CENTROID·SKEWNESS·HIGH_RATIO 3종이 지속적으로 압도.

■ 최종 결론 — d0.3 실험 완전 종료
  - d0.3 조건에서 ep1500까지 완전 수렴했으나 최고는 86.7%
  - d0.2 ep1000 (87.0%) 대비 -0.3%p. d0.3의 한계 명확히 확인.
  - d0.3 실험 방향 완전 종료.

■ 전체 실험 성능 비교 (누적)
  실험                                              베스트 검증  시간     비고
  ──────────────────────────────────────────────────────────────────────
  64→32   b128 lr=2e-3 ep2000 d0.2                 81.8%   11분
  128→64→32 b128 lr=2e-3 ep1000 d0.2               87.0%    5분18초  ← 역대 최고 ★★★
  128→64→32 b128 lr=2e-3 ep2000 d0.2               86.8%   11분23초
  128→64→32 b128 lr=2e-3 ep1000 d0.3               86.3%    5분46초
  128→64→32 b128 lr=2e-3 ep1500 d0.3               86.7%    8분41초  ← 현재 (수렴)
  ──────────────────────────────────────────────────────────────────────
  → 최적 조합 재확정: 128→64→32, b128, lr=2e-3, ep1000, d0.2 (87.0%)

■ 다음 실험 방향
  d0.3 실험 완전 종료. 현재 구조(128→64→32)의 d0.2 87.0%가 확실한 천장.

  [1안] PC 특징 모드 실험
  - 현재까지 모든 실험은 ESP32 특징(f14) 기준
  - PC-ADC 재계산 특징(f25)으로 동일 구조(128→64→32), d0.2, ep1000 실험
  - ESP32가 계산하는 특징 외에 PC에서 추가 추출한 특징 포함 → 표현력 ↑ 가능성
  - 학습 후 ESP32 실기기에서 동일 특징 계산이 가능한지 검토 필요

  [2안] Dropout 0.25 실험
  - d0.2(87.0%)와 d0.3(86.7%) 사이 중간값 탐색
  - d0.2보다 갭을 조금 줄이면서 성능 하락을 최소화하는 지점 탐색
  - 조건: 128→64→32, b128, lr=2e-3, ep1000, d0.25
  - 기대 범위: 86.8~87.2% (d0.2와 d0.3 사이)

그리고 모든 특징들을 추가해서 한번 학습해보자

  [3안] 구조 확장: 256→128→64→32 (d0.2, ep1000)
  - 128→64→32 구조 최고가 87.0%로 확정됨 → 용량 부족 가능성
  - 레이어 1개 추가로 파라미터 수 대폭 증가 → 88%+ 도전
  - GUI에 이미 256-128-64-32 항목 추가됨 (v1.3.0)
  - 리스크: 과적합 갭이 더 벌어질 수 있음 → d0.2 유지, ep1000으로 시작
━━━━━━━━━━━━━━━━━━━━━━━━━━━━━━━━━━━━━━━━━━━━━━━━━━━━━━━━━━━━━━━━
