[MLP]   svm_data_20260507_133636.csv                       24741샘플
[MLP] CSV 로드  →  총 24741샘플
[MLP] 로드 완료 | 전체: 24741개  (배경: 12371, 사람: 12370)
[MLP] 특징 모드: ESP32 (21개)
[MLP] 학습: 19792개 (80%)  검증: 4949개 (20%)  [비율고정: 유지 | 분리시드: 42]
[MLP] 스케일러: StandardScaler (z-score)
[MLP] ━━━━━━━━━━━━━━━━━━━━━━━━━━━━━━━━━━━━━━━━━━━━━━━
[MLP]  디바이스: cpu
[MLP]  구조: 21 → 128 → 64 → 32 → 2
[MLP]  에폭: 1500  배치: 256  LR: 2.00e-03  Dropout: 0.2
[MLP]  Early Stop: 비활성화
[MLP]  LR 스케줄러: patience=50  factor=0.5  min_lr=1e-6
[MLP]  검증 비율: 20%  분리 비율고정: 유지  분리 시드: 42
[MLP]  스케일러: StandardScaler  특징 모드: ESP32
[MLP]  사용 특징 (21개): SPECTRAL_ROLLOFF, SPECTRAL_BANDWIDTH, PEAK_COUNT, MID_RATIO, LOW_TO_HIGH_RATIO, SECOND_PEAK_FREQ, KURTOSIS, CENTROID, PEAK_FREQ, LOW_RATIO, RMS, AVG_ENERGY, PEAK_ENERGY, ENERGY_VARIANCE, PEAK_TO_AVG_E, HIGH_RATIO, PEAK1_TO_PEAK2_RATIO, SKEWNESS, DC_RATIO, DELTA_PEAK_FREQ, SPECTRAL_FLATNESS
[MLP] ━━━━━━━━━━━━━━━━━━━━━━━━━━━━━━━━━━━━━━━━━━━━━━━
  에폭   1/1500 | 손실: 0.6020 | 학습: 66.9% | 검증: 65.2% | lr: 2.00e-03 | 0.2s ★
  에폭   2/1500 | 손실: 0.5800 | 학습: 68.0% | 검증: 66.9% | lr: 2.00e-03 | 0.3s ★
  에폭   3/1500 | 손실: 0.5724 | 학습: 69.0% | 검증: 67.0% | lr: 2.00e-03 | 0.3s ★
  에폭   4/1500 | 손실: 0.5675 | 학습: 69.8% | 검증: 67.7% | lr: 2.00e-03 | 0.2s ★
  에폭   5/1500 | 손실: 0.5614 | 학습: 70.3% | 검증: 68.6% | lr: 2.00e-03 | 0.3s ★
  에폭   6/1500 | 손실: 0.5522 | 학습: 70.8% | 검증: 67.9% | lr: 2.00e-03 | 0.2s
  에폭   7/1500 | 손실: 0.5467 | 학습: 71.6% | 검증: 69.6% | lr: 2.00e-03 | 0.2s ★
  에폭   8/1500 | 손실: 0.5466 | 학습: 72.1% | 검증: 69.1% | lr: 2.00e-03 | 0.2s
  에폭   9/1500 | 손실: 0.5370 | 학습: 73.3% | 검증: 70.7% | lr: 2.00e-03 | 0.3s ★
  에폭  10/1500 | 손실: 0.5307 | 학습: 72.3% | 검증: 70.6% | lr: 2.00e-03 | 0.2s
  에폭  11/1500 | 손실: 0.5278 | 학습: 74.4% | 검증: 72.6% | lr: 2.00e-03 | 0.2s ★
  에폭  12/1500 | 손실: 0.5242 | 학습: 74.6% | 검증: 72.0% | lr: 2.00e-03 | 0.2s
  에폭  13/1500 | 손실: 0.5159 | 학습: 75.5% | 검증: 72.9% | lr: 2.00e-03 | 0.2s ★
  에폭  14/1500 | 손실: 0.5150 | 학습: 75.7% | 검증: 72.4% | lr: 2.00e-03 | 0.3s
  에폭  15/1500 | 손실: 0.5076 | 학습: 75.7% | 검증: 72.3% | lr: 2.00e-03 | 0.2s
  에폭  16/1500 | 손실: 0.5065 | 학습: 77.1% | 검증: 73.7% | lr: 2.00e-03 | 0.3s ★
  에폭  17/1500 | 손실: 0.5032 | 학습: 77.2% | 검증: 73.4% | lr: 2.00e-03 | 0.3s
  에폭  18/1500 | 손실: 0.4974 | 학습: 77.3% | 검증: 74.1% | lr: 2.00e-03 | 0.2s ★
  에폭  19/1500 | 손실: 0.4941 | 학습: 77.8% | 검증: 74.5% | lr: 2.00e-03 | 0.3s ★
  에폭  20/1500 | 손실: 0.4880 | 학습: 78.2% | 검증: 74.5% | lr: 2.00e-03 | 0.2s ★
  에폭  21/1500 | 손실: 0.4864 | 학습: 78.0% | 검증: 74.5% | lr: 2.00e-03 | 0.2s
  에폭  22/1500 | 손실: 0.4838 | 학습: 78.5% | 검증: 75.1% | lr: 2.00e-03 | 0.2s ★
  에폭  23/1500 | 손실: 0.4815 | 학습: 79.2% | 검증: 75.7% | lr: 2.00e-03 | 0.3s ★
  에폭  24/1500 | 손실: 0.4758 | 학습: 79.3% | 검증: 76.4% | lr: 2.00e-03 | 0.2s ★
  에폭  25/1500 | 손실: 0.4741 | 학습: 79.6% | 검증: 75.6% | lr: 2.00e-03 | 0.3s
  에폭  26/1500 | 손실: 0.4712 | 학습: 79.9% | 검증: 76.0% | lr: 2.00e-03 | 0.2s
  에폭  27/1500 | 손실: 0.4683 | 학습: 80.1% | 검증: 75.7% | lr: 2.00e-03 | 0.2s
  에폭  28/1500 | 손실: 0.4680 | 학습: 79.6% | 검증: 75.2% | lr: 2.00e-03 | 0.2s
  에폭  29/1500 | 손실: 0.4666 | 학습: 80.7% | 검증: 76.9% | lr: 2.00e-03 | 0.3s ★
  에폭  30/1500 | 손실: 0.4548 | 학습: 80.9% | 검증: 77.0% | lr: 2.00e-03 | 0.3s ★
  에폭  31/1500 | 손실: 0.4563 | 학습: 81.2% | 검증: 77.6% | lr: 2.00e-03 | 0.2s ★
  에폭  32/1500 | 손실: 0.4525 | 학습: 80.7% | 검증: 77.6% | lr: 2.00e-03 | 0.3s ★
  에폭  33/1500 | 손실: 0.4507 | 학습: 82.0% | 검증: 77.6% | lr: 2.00e-03 | 0.2s ★
  에폭  34/1500 | 손실: 0.4468 | 학습: 81.6% | 검증: 77.5% | lr: 2.00e-03 | 0.2s
  에폭  35/1500 | 손실: 0.4437 | 학습: 81.0% | 검증: 76.4% | lr: 2.00e-03 | 0.3s
  에폭  36/1500 | 손실: 0.4426 | 학습: 81.9% | 검증: 78.1% | lr: 2.00e-03 | 0.2s ★
  에폭  37/1500 | 손실: 0.4397 | 학습: 82.2% | 검증: 77.9% | lr: 2.00e-03 | 0.2s
  에폭  38/1500 | 손실: 0.4350 | 학습: 82.2% | 검증: 78.0% | lr: 2.00e-03 | 0.2s
  에폭  39/1500 | 손실: 0.4344 | 학습: 82.1% | 검증: 77.8% | lr: 2.00e-03 | 0.2s
  에폭  40/1500 | 손실: 0.4347 | 학습: 82.9% | 검증: 78.3% | lr: 2.00e-03 | 0.2s ★
  에폭  41/1500 | 손실: 0.4256 | 학습: 83.2% | 검증: 78.5% | lr: 2.00e-03 | 0.3s ★
  에폭  42/1500 | 손실: 0.4316 | 학습: 82.9% | 검증: 78.1% | lr: 2.00e-03 | 0.3s
  에폭  43/1500 | 손실: 0.4273 | 학습: 83.3% | 검증: 78.3% | lr: 2.00e-03 | 0.2s
  에폭  44/1500 | 손실: 0.4255 | 학습: 83.2% | 검증: 78.5% | lr: 2.00e-03 | 0.2s ★
  에폭  45/1500 | 손실: 0.4311 | 학습: 83.4% | 검증: 78.8% | lr: 2.00e-03 | 0.3s ★
  에폭  46/1500 | 손실: 0.4220 | 학습: 83.5% | 검증: 78.5% | lr: 2.00e-03 | 0.3s
  에폭  47/1500 | 손실: 0.4238 | 학습: 83.8% | 검증: 79.3% | lr: 2.00e-03 | 0.3s ★
  에폭  48/1500 | 손실: 0.4213 | 학습: 83.8% | 검증: 79.6% | lr: 2.00e-03 | 0.3s ★
  에폭  49/1500 | 손실: 0.4135 | 학습: 83.5% | 검증: 78.9% | lr: 2.00e-03 | 0.3s
  에폭  50/1500 | 손실: 0.4147 | 학습: 84.2% | 검증: 79.4% | lr: 2.00e-03 | 0.3s
  에폭  51/1500 | 손실: 0.4124 | 학습: 84.7% | 검증: 80.4% | lr: 2.00e-03 | 0.3s ★
  에폭  52/1500 | 손실: 0.4085 | 학습: 84.8% | 검증: 80.4% | lr: 2.00e-03 | 0.2s
  에폭  53/1500 | 손실: 0.4125 | 학습: 84.1% | 검증: 79.6% | lr: 2.00e-03 | 0.3s
  에폭  54/1500 | 손실: 0.4074 | 학습: 84.8% | 검증: 79.9% | lr: 2.00e-03 | 0.2s
  에폭  55/1500 | 손실: 0.4066 | 학습: 85.0% | 검증: 80.1% | lr: 2.00e-03 | 0.3s
  에폭  56/1500 | 손실: 0.4064 | 학습: 84.8% | 검증: 80.1% | lr: 2.00e-03 | 0.2s
  에폭  57/1500 | 손실: 0.4063 | 학습: 85.0% | 검증: 80.0% | lr: 2.00e-03 | 0.3s
  에폭  58/1500 | 손실: 0.3981 | 학습: 85.2% | 검증: 80.2% | lr: 2.00e-03 | 0.3s
  에폭  59/1500 | 손실: 0.4012 | 학습: 85.5% | 검증: 80.7% | lr: 2.00e-03 | 0.3s ★
  에폭  60/1500 | 손실: 0.3954 | 학습: 85.8% | 검증: 81.0% | lr: 2.00e-03 | 0.3s ★
  에폭  61/1500 | 손실: 0.3937 | 학습: 85.6% | 검증: 80.9% | lr: 2.00e-03 | 0.3s
  에폭  62/1500 | 손실: 0.4015 | 학습: 85.5% | 검증: 80.4% | lr: 2.00e-03 | 0.3s
  에폭  63/1500 | 손실: 0.3934 | 학습: 85.8% | 검증: 81.0% | lr: 2.00e-03 | 0.3s ★
  에폭  64/1500 | 손실: 0.3892 | 학습: 85.5% | 검증: 80.0% | lr: 2.00e-03 | 0.2s
  에폭  65/1500 | 손실: 0.3943 | 학습: 85.3% | 검증: 80.3% | lr: 2.00e-03 | 0.2s
  에폭  66/1500 | 손실: 0.3946 | 학습: 85.2% | 검증: 80.3% | lr: 2.00e-03 | 0.2s
  에폭  67/1500 | 손실: 0.3920 | 학습: 86.2% | 검증: 80.8% | lr: 2.00e-03 | 0.2s
  에폭  68/1500 | 손실: 0.3922 | 학습: 86.2% | 검증: 81.0% | lr: 2.00e-03 | 0.3s
  에폭  69/1500 | 손실: 0.3820 | 학습: 86.4% | 검증: 81.4% | lr: 2.00e-03 | 0.2s ★
  에폭  70/1500 | 손실: 0.3799 | 학습: 86.4% | 검증: 81.2% | lr: 2.00e-03 | 0.2s
  에폭  71/1500 | 손실: 0.3859 | 학습: 86.6% | 검증: 81.5% | lr: 2.00e-03 | 0.2s ★
  에폭  72/1500 | 손실: 0.3884 | 학습: 86.5% | 검증: 81.2% | lr: 2.00e-03 | 0.2s
  에폭  73/1500 | 손실: 0.3816 | 학습: 87.0% | 검증: 81.1% | lr: 2.00e-03 | 0.3s
  에폭  74/1500 | 손실: 0.3807 | 학습: 87.1% | 검증: 81.1% | lr: 2.00e-03 | 0.2s
  에폭  75/1500 | 손실: 0.3816 | 학습: 86.6% | 검증: 81.1% | lr: 2.00e-03 | 0.2s
  에폭  76/1500 | 손실: 0.3798 | 학습: 87.1% | 검증: 81.6% | lr: 2.00e-03 | 0.2s ★
  에폭  77/1500 | 손실: 0.3759 | 학습: 86.4% | 검증: 81.5% | lr: 2.00e-03 | 0.3s
  에폭  78/1500 | 손실: 0.3775 | 학습: 86.8% | 검증: 81.2% | lr: 2.00e-03 | 0.3s
  에폭  79/1500 | 손실: 0.3729 | 학습: 87.6% | 검증: 81.3% | lr: 2.00e-03 | 0.2s
  에폭  80/1500 | 손실: 0.3773 | 학습: 87.2% | 검증: 81.3% | lr: 2.00e-03 | 0.3s
  에폭  81/1500 | 손실: 0.3724 | 학습: 87.2% | 검증: 81.4% | lr: 2.00e-03 | 0.2s
  에폭  82/1500 | 손실: 0.3736 | 학습: 87.2% | 검증: 81.8% | lr: 2.00e-03 | 0.3s ★
  에폭  83/1500 | 손실: 0.3738 | 학습: 87.6% | 검증: 82.2% | lr: 2.00e-03 | 0.2s ★
  에폭  84/1500 | 손실: 0.3759 | 학습: 87.4% | 검증: 81.8% | lr: 2.00e-03 | 0.3s
  에폭  85/1500 | 손실: 0.3731 | 학습: 87.8% | 검증: 82.4% | lr: 2.00e-03 | 0.2s ★
  에폭  86/1500 | 손실: 0.3662 | 학습: 87.9% | 검증: 81.9% | lr: 2.00e-03 | 0.2s
  에폭  87/1500 | 손실: 0.3663 | 학습: 87.7% | 검증: 81.6% | lr: 2.00e-03 | 0.2s
  에폭  88/1500 | 손실: 0.3681 | 학습: 87.2% | 검증: 81.7% | lr: 2.00e-03 | 0.2s
  에폭  89/1500 | 손실: 0.3677 | 학습: 87.7% | 검증: 82.2% | lr: 2.00e-03 | 0.3s
  에폭  90/1500 | 손실: 0.3647 | 학습: 87.7% | 검증: 82.0% | lr: 2.00e-03 | 0.2s
  에폭  91/1500 | 손실: 0.3628 | 학습: 87.7% | 검증: 81.8% | lr: 2.00e-03 | 0.3s
  에폭  92/1500 | 손실: 0.3636 | 학습: 87.6% | 검증: 82.0% | lr: 2.00e-03 | 0.3s
  에폭  93/1500 | 손실: 0.3683 | 학습: 88.2% | 검증: 81.9% | lr: 2.00e-03 | 0.2s
  에폭  94/1500 | 손실: 0.3606 | 학습: 88.0% | 검증: 81.8% | lr: 2.00e-03 | 0.3s
  에폭  95/1500 | 손실: 0.3692 | 학습: 87.8% | 검증: 81.5% | lr: 2.00e-03 | 0.3s
  에폭  96/1500 | 손실: 0.3674 | 학습: 88.2% | 검증: 81.7% | lr: 2.00e-03 | 0.3s
  에폭  97/1500 | 손실: 0.3592 | 학습: 88.0% | 검증: 82.0% | lr: 2.00e-03 | 0.2s
  에폭  98/1500 | 손실: 0.3575 | 학습: 88.3% | 검증: 82.2% | lr: 2.00e-03 | 0.3s
  에폭  99/1500 | 손실: 0.3556 | 학습: 88.5% | 검증: 82.4% | lr: 2.00e-03 | 0.3s
  에폭 100/1500 | 손실: 0.3614 | 학습: 88.8% | 검증: 82.9% | lr: 2.00e-03 | 0.3s ★
  에폭 101/1500 | 손실: 0.3581 | 학습: 88.1% | 검증: 82.0% | lr: 2.00e-03 | 0.3s
  에폭 102/1500 | 손실: 0.3532 | 학습: 88.2% | 검증: 81.9% | lr: 2.00e-03 | 0.2s
  에폭 103/1500 | 손실: 0.3515 | 학습: 88.6% | 검증: 82.4% | lr: 2.00e-03 | 0.3s
  에폭 104/1500 | 손실: 0.3541 | 학습: 88.9% | 검증: 81.8% | lr: 2.00e-03 | 0.2s
  에폭 105/1500 | 손실: 0.3559 | 학습: 88.3% | 검증: 82.6% | lr: 2.00e-03 | 0.3s
  에폭 106/1500 | 손실: 0.3557 | 학습: 88.0% | 검증: 81.9% | lr: 2.00e-03 | 0.2s
  에폭 107/1500 | 손실: 0.3483 | 학습: 88.8% | 검증: 82.1% | lr: 2.00e-03 | 0.3s
  에폭 108/1500 | 손실: 0.3507 | 학습: 87.9% | 검증: 81.8% | lr: 2.00e-03 | 0.3s
  에폭 109/1500 | 손실: 0.3511 | 학습: 88.7% | 검증: 82.4% | lr: 2.00e-03 | 0.3s
  에폭 110/1500 | 손실: 0.3433 | 학습: 89.0% | 검증: 82.2% | lr: 2.00e-03 | 0.2s
  에폭 111/1500 | 손실: 0.3522 | 학습: 89.0% | 검증: 82.5% | lr: 2.00e-03 | 0.3s
  에폭 112/1500 | 손실: 0.3465 | 학습: 88.5% | 검증: 81.8% | lr: 2.00e-03 | 0.2s
  에폭 113/1500 | 손실: 0.3478 | 학습: 89.2% | 검증: 82.9% | lr: 2.00e-03 | 0.2s ★
  에폭 114/1500 | 손실: 0.3493 | 학습: 89.0% | 검증: 82.5% | lr: 2.00e-03 | 0.3s
  에폭 115/1500 | 손실: 0.3486 | 학습: 89.1% | 검증: 82.8% | lr: 2.00e-03 | 0.2s
  에폭 116/1500 | 손실: 0.3527 | 학습: 88.9% | 검증: 82.7% | lr: 2.00e-03 | 0.3s
  에폭 117/1500 | 손실: 0.3527 | 학습: 89.2% | 검증: 82.7% | lr: 2.00e-03 | 0.2s
  에폭 118/1500 | 손실: 0.3477 | 학습: 89.1% | 검증: 82.6% | lr: 2.00e-03 | 0.3s
  에폭 119/1500 | 손실: 0.3493 | 학습: 89.2% | 검증: 82.2% | lr: 2.00e-03 | 0.2s
  에폭 120/1500 | 손실: 0.3450 | 학습: 89.4% | 검증: 82.5% | lr: 2.00e-03 | 0.2s
  에폭 121/1500 | 손실: 0.3523 | 학습: 89.3% | 검증: 82.5% | lr: 2.00e-03 | 0.3s
  에폭 122/1500 | 손실: 0.3441 | 학습: 89.5% | 검증: 82.9% | lr: 2.00e-03 | 0.3s ★
  에폭 123/1500 | 손실: 0.3503 | 학습: 89.4% | 검증: 82.7% | lr: 2.00e-03 | 0.3s
  에폭 124/1500 | 손실: 0.3439 | 학습: 89.0% | 검증: 82.3% | lr: 2.00e-03 | 0.2s
  에폭 125/1500 | 손실: 0.3349 | 학습: 89.2% | 검증: 82.3% | lr: 2.00e-03 | 0.2s
  에폭 126/1500 | 손실: 0.3400 | 학습: 89.1% | 검증: 82.4% | lr: 2.00e-03 | 0.3s
  에폭 127/1500 | 손실: 0.3361 | 학습: 89.2% | 검증: 82.6% | lr: 2.00e-03 | 0.3s
  에폭 128/1500 | 손실: 0.3363 | 학습: 89.6% | 검증: 82.6% | lr: 2.00e-03 | 0.2s
  에폭 129/1500 | 손실: 0.3344 | 학습: 89.4% | 검증: 82.7% | lr: 2.00e-03 | 0.2s
  에폭 130/1500 | 손실: 0.3400 | 학습: 89.7% | 검증: 82.3% | lr: 2.00e-03 | 0.2s
  에폭 131/1500 | 손실: 0.3365 | 학습: 89.1% | 검증: 82.6% | lr: 2.00e-03 | 0.2s
  에폭 132/1500 | 손실: 0.3398 | 학습: 89.8% | 검증: 83.1% | lr: 2.00e-03 | 0.3s ★
  에폭 133/1500 | 손실: 0.3366 | 학습: 89.7% | 검증: 83.0% | lr: 2.00e-03 | 0.3s
  에폭 134/1500 | 손실: 0.3414 | 학습: 89.2% | 검증: 82.8% | lr: 2.00e-03 | 0.2s
  에폭 135/1500 | 손실: 0.3374 | 학습: 89.9% | 검증: 83.2% | lr: 2.00e-03 | 0.3s ★
  에폭 136/1500 | 손실: 0.3323 | 학습: 89.6% | 검증: 82.8% | lr: 2.00e-03 | 0.3s
  에폭 137/1500 | 손실: 0.3383 | 학습: 90.0% | 검증: 82.7% | lr: 2.00e-03 | 0.3s
  에폭 138/1500 | 손실: 0.3357 | 학습: 89.6% | 검증: 83.2% | lr: 2.00e-03 | 0.3s ★
  에폭 139/1500 | 손실: 0.3309 | 학습: 89.8% | 검증: 83.3% | lr: 2.00e-03 | 0.2s ★
  에폭 140/1500 | 손실: 0.3370 | 학습: 89.8% | 검증: 83.2% | lr: 2.00e-03 | 0.2s
  에폭 141/1500 | 손실: 0.3336 | 학습: 90.3% | 검증: 83.8% | lr: 2.00e-03 | 0.2s ★
  에폭 142/1500 | 손실: 0.3332 | 학습: 90.1% | 검증: 83.2% | lr: 2.00e-03 | 0.2s
  에폭 143/1500 | 손실: 0.3340 | 학습: 90.1% | 검증: 83.0% | lr: 2.00e-03 | 0.3s
  에폭 144/1500 | 손실: 0.3346 | 학습: 90.0% | 검증: 82.6% | lr: 2.00e-03 | 0.2s
  에폭 145/1500 | 손실: 0.3316 | 학습: 90.2% | 검증: 83.3% | lr: 2.00e-03 | 0.2s
  에폭 146/1500 | 손실: 0.3317 | 학습: 90.6% | 검증: 83.6% | lr: 2.00e-03 | 0.2s
  에폭 147/1500 | 손실: 0.3316 | 학습: 90.5% | 검증: 83.2% | lr: 2.00e-03 | 0.3s
  에폭 148/1500 | 손실: 0.3311 | 학습: 90.0% | 검증: 82.4% | lr: 2.00e-03 | 0.3s
  에폭 149/1500 | 손실: 0.3349 | 학습: 90.2% | 검증: 83.0% | lr: 2.00e-03 | 0.2s
  에폭 150/1500 | 손실: 0.3350 | 학습: 90.2% | 검증: 83.2% | lr: 2.00e-03 | 0.2s
  에폭 151/1500 | 손실: 0.3274 | 학습: 89.9% | 검증: 82.7% | lr: 2.00e-03 | 0.2s
  에폭 152/1500 | 손실: 0.3302 | 학습: 90.4% | 검증: 83.2% | lr: 2.00e-03 | 0.2s
  에폭 153/1500 | 손실: 0.3277 | 학습: 90.6% | 검증: 83.3% | lr: 2.00e-03 | 0.2s
  에폭 154/1500 | 손실: 0.3313 | 학습: 90.1% | 검증: 82.9% | lr: 2.00e-03 | 0.3s
  에폭 155/1500 | 손실: 0.3306 | 학습: 89.7% | 검증: 83.1% | lr: 2.00e-03 | 0.3s
  에폭 156/1500 | 손실: 0.3255 | 학습: 90.6% | 검증: 83.3% | lr: 2.00e-03 | 0.2s
  에폭 157/1500 | 손실: 0.3297 | 학습: 90.6% | 검증: 83.2% | lr: 2.00e-03 | 0.3s
  에폭 158/1500 | 손실: 0.3294 | 학습: 90.2% | 검증: 83.5% | lr: 2.00e-03 | 0.2s
  에폭 159/1500 | 손실: 0.3221 | 학습: 90.4% | 검증: 83.2% | lr: 2.00e-03 | 0.3s
  에폭 160/1500 | 손실: 0.3241 | 학습: 90.4% | 검증: 82.9% | lr: 2.00e-03 | 0.2s
  에폭 161/1500 | 손실: 0.3246 | 학습: 90.5% | 검증: 83.6% | lr: 2.00e-03 | 0.2s
  에폭 162/1500 | 손실: 0.3233 | 학습: 91.0% | 검증: 83.5% | lr: 2.00e-03 | 0.2s
  에폭 163/1500 | 손실: 0.3231 | 학습: 90.5% | 검증: 82.9% | lr: 2.00e-03 | 0.2s
  에폭 164/1500 | 손실: 0.3213 | 학습: 90.6% | 검증: 82.8% | lr: 2.00e-03 | 0.3s
  에폭 165/1500 | 손실: 0.3202 | 학습: 91.0% | 검증: 83.8% | lr: 2.00e-03 | 0.2s
  에폭 166/1500 | 손실: 0.3246 | 학습: 91.0% | 검증: 83.9% | lr: 2.00e-03 | 0.2s ★
  에폭 167/1500 | 손실: 0.3200 | 학습: 90.8% | 검증: 83.7% | lr: 2.00e-03 | 0.2s
  에폭 168/1500 | 손실: 0.3279 | 학습: 90.8% | 검증: 83.3% | lr: 2.00e-03 | 0.2s
  에폭 169/1500 | 손실: 0.3228 | 학습: 90.7% | 검증: 83.6% | lr: 2.00e-03 | 0.2s
  에폭 170/1500 | 손실: 0.3214 | 학습: 91.2% | 검증: 83.4% | lr: 2.00e-03 | 0.3s
  에폭 171/1500 | 손실: 0.3241 | 학습: 90.9% | 검증: 83.2% | lr: 2.00e-03 | 0.2s
  에폭 172/1500 | 손실: 0.3209 | 학습: 91.0% | 검증: 83.9% | lr: 2.00e-03 | 0.2s
  에폭 173/1500 | 손실: 0.3198 | 학습: 90.6% | 검증: 82.7% | lr: 2.00e-03 | 0.2s
  에폭 174/1500 | 손실: 0.3193 | 학습: 91.3% | 검증: 83.8% | lr: 2.00e-03 | 0.2s
  에폭 175/1500 | 손실: 0.3186 | 학습: 91.7% | 검증: 84.0% | lr: 2.00e-03 | 0.3s ★
  에폭 176/1500 | 손실: 0.3160 | 학습: 90.8% | 검증: 83.3% | lr: 2.00e-03 | 0.2s
  에폭 177/1500 | 손실: 0.3123 | 학습: 91.4% | 검증: 83.7% | lr: 2.00e-03 | 0.2s
  에폭 178/1500 | 손실: 0.3234 | 학습: 91.4% | 검증: 83.6% | lr: 2.00e-03 | 0.2s
  에폭 179/1500 | 손실: 0.3156 | 학습: 90.9% | 검증: 83.4% | lr: 2.00e-03 | 0.2s
  에폭 180/1500 | 손실: 0.3183 | 학습: 90.7% | 검증: 83.5% | lr: 2.00e-03 | 0.3s
  에폭 181/1500 | 손실: 0.3168 | 학습: 90.3% | 검증: 82.6% | lr: 2.00e-03 | 0.2s
  에폭 182/1500 | 손실: 0.3190 | 학습: 91.1% | 검증: 83.9% | lr: 2.00e-03 | 0.2s
  에폭 183/1500 | 손실: 0.3171 | 학습: 91.3% | 검증: 84.0% | lr: 2.00e-03 | 0.2s ★
  에폭 184/1500 | 손실: 0.3130 | 학습: 91.0% | 검증: 83.5% | lr: 2.00e-03 | 0.2s
  에폭 185/1500 | 손실: 0.3158 | 학습: 91.3% | 검증: 83.5% | lr: 2.00e-03 | 0.2s
  에폭 186/1500 | 손실: 0.3138 | 학습: 91.5% | 검증: 83.6% | lr: 2.00e-03 | 0.3s
  에폭 187/1500 | 손실: 0.3073 | 학습: 91.3% | 검증: 83.7% | lr: 2.00e-03 | 0.2s
  에폭 188/1500 | 손실: 0.3170 | 학습: 91.3% | 검증: 83.5% | lr: 2.00e-03 | 0.3s
  에폭 189/1500 | 손실: 0.3132 | 학습: 91.4% | 검증: 84.0% | lr: 2.00e-03 | 0.3s
  에폭 190/1500 | 손실: 0.3107 | 학습: 91.3% | 검증: 83.9% | lr: 2.00e-03 | 0.2s
  에폭 191/1500 | 손실: 0.3150 | 학습: 91.7% | 검증: 84.4% | lr: 2.00e-03 | 0.3s ★
  에폭 192/1500 | 손실: 0.3165 | 학습: 90.7% | 검증: 83.7% | lr: 2.00e-03 | 0.2s
  에폭 193/1500 | 손실: 0.3117 | 학습: 91.5% | 검증: 84.4% | lr: 2.00e-03 | 0.2s
  에폭 194/1500 | 손실: 0.3169 | 학습: 91.2% | 검증: 84.1% | lr: 2.00e-03 | 0.2s
  에폭 195/1500 | 손실: 0.3100 | 학습: 91.0% | 검증: 83.8% | lr: 2.00e-03 | 0.2s
  에폭 196/1500 | 손실: 0.3215 | 학습: 91.6% | 검증: 84.3% | lr: 2.00e-03 | 0.3s
  에폭 197/1500 | 손실: 0.3071 | 학습: 91.5% | 검증: 84.4% | lr: 2.00e-03 | 0.2s
  에폭 198/1500 | 손실: 0.3087 | 학습: 91.4% | 검증: 83.9% | lr: 2.00e-03 | 0.2s
  에폭 199/1500 | 손실: 0.3116 | 학습: 91.4% | 검증: 83.9% | lr: 2.00e-03 | 0.2s
  에폭 200/1500 | 손실: 0.3138 | 학습: 91.2% | 검증: 83.3% | lr: 2.00e-03 | 0.2s
  에폭 201/1500 | 손실: 0.3087 | 학습: 91.7% | 검증: 83.8% | lr: 2.00e-03 | 0.2s
  에폭 202/1500 | 손실: 0.3086 | 학습: 91.9% | 검증: 84.2% | lr: 2.00e-03 | 0.3s
  에폭 203/1500 | 손실: 0.3092 | 학습: 91.2% | 검증: 83.6% | lr: 2.00e-03 | 0.2s
  에폭 204/1500 | 손실: 0.3068 | 학습: 91.8% | 검증: 84.4% | lr: 2.00e-03 | 0.2s
  에폭 205/1500 | 손실: 0.3116 | 학습: 91.2% | 검증: 83.8% | lr: 2.00e-03 | 0.2s
  에폭 206/1500 | 손실: 0.3094 | 학습: 91.6% | 검증: 84.3% | lr: 2.00e-03 | 0.2s
  에폭 207/1500 | 손실: 0.3058 | 학습: 91.5% | 검증: 84.3% | lr: 2.00e-03 | 0.3s
  에폭 208/1500 | 손실: 0.3038 | 학습: 91.7% | 검증: 84.4% | lr: 2.00e-03 | 0.2s
  에폭 209/1500 | 손실: 0.3098 | 학습: 91.5% | 검증: 83.9% | lr: 2.00e-03 | 0.2s
  에폭 210/1500 | 손실: 0.3022 | 학습: 91.7% | 검증: 84.2% | lr: 2.00e-03 | 0.3s
  에폭 211/1500 | 손실: 0.3094 | 학습: 91.8% | 검증: 83.8% | lr: 2.00e-03 | 0.2s
  에폭 212/1500 | 손실: 0.3052 | 학습: 91.8% | 검증: 84.3% | lr: 2.00e-03 | 0.2s
  에폭 213/1500 | 손실: 0.3038 | 학습: 91.7% | 검증: 84.0% | lr: 2.00e-03 | 0.3s
  에폭 214/1500 | 손실: 0.3046 | 학습: 91.9% | 검증: 83.4% | lr: 2.00e-03 | 0.2s
  에폭 215/1500 | 손실: 0.3076 | 학습: 91.8% | 검증: 84.0% | lr: 2.00e-03 | 0.3s
  에폭 216/1500 | 손실: 0.3049 | 학습: 91.8% | 검증: 84.4% | lr: 2.00e-03 | 0.2s ★
  에폭 217/1500 | 손실: 0.3025 | 학습: 91.9% | 검증: 84.7% | lr: 2.00e-03 | 0.2s ★
  에폭 218/1500 | 손실: 0.2973 | 학습: 92.2% | 검증: 84.6% | lr: 2.00e-03 | 0.3s
  에폭 219/1500 | 손실: 0.3084 | 학습: 92.0% | 검증: 84.1% | lr: 2.00e-03 | 0.2s
  에폭 220/1500 | 손실: 0.3059 | 학습: 92.1% | 검증: 84.6% | lr: 2.00e-03 | 0.2s
  에폭 221/1500 | 손실: 0.3030 | 학습: 92.2% | 검증: 84.5% | lr: 2.00e-03 | 0.2s
  에폭 222/1500 | 손실: 0.2976 | 학습: 92.4% | 검증: 84.3% | lr: 2.00e-03 | 0.2s
  에폭 223/1500 | 손실: 0.3055 | 학습: 92.0% | 검증: 84.3% | lr: 2.00e-03 | 0.3s
  에폭 224/1500 | 손실: 0.3028 | 학습: 92.1% | 검증: 84.7% | lr: 2.00e-03 | 0.2s ★
  에폭 225/1500 | 손실: 0.3075 | 학습: 92.3% | 검증: 84.2% | lr: 2.00e-03 | 0.2s
  에폭 226/1500 | 손실: 0.3044 | 학습: 92.3% | 검증: 84.4% | lr: 2.00e-03 | 0.2s
  에폭 227/1500 | 손실: 0.3031 | 학습: 92.2% | 검증: 85.0% | lr: 2.00e-03 | 0.2s ★
  에폭 228/1500 | 손실: 0.3006 | 학습: 92.3% | 검증: 84.6% | lr: 2.00e-03 | 0.2s
  에폭 229/1500 | 손실: 0.3020 | 학습: 92.2% | 검증: 84.4% | lr: 2.00e-03 | 0.3s
  에폭 230/1500 | 손실: 0.3010 | 학습: 92.2% | 검증: 84.1% | lr: 2.00e-03 | 0.2s
  에폭 231/1500 | 손실: 0.2967 | 학습: 92.4% | 검증: 84.6% | lr: 2.00e-03 | 0.2s
  에폭 232/1500 | 손실: 0.3001 | 학습: 92.5% | 검증: 84.5% | lr: 2.00e-03 | 0.2s
  에폭 233/1500 | 손실: 0.3007 | 학습: 92.1% | 검증: 84.3% | lr: 2.00e-03 | 0.2s
  에폭 234/1500 | 손실: 0.3064 | 학습: 92.0% | 검증: 84.2% | lr: 2.00e-03 | 0.3s
  에폭 235/1500 | 손실: 0.2992 | 학습: 92.2% | 검증: 84.2% | lr: 2.00e-03 | 0.2s
  에폭 236/1500 | 손실: 0.3045 | 학습: 92.3% | 검증: 84.7% | lr: 2.00e-03 | 0.2s
  에폭 237/1500 | 손실: 0.3022 | 학습: 92.3% | 검증: 83.7% | lr: 2.00e-03 | 0.2s
  에폭 238/1500 | 손실: 0.3012 | 학습: 91.6% | 검증: 84.0% | lr: 2.00e-03 | 0.2s
  에폭 239/1500 | 손실: 0.2996 | 학습: 92.4% | 검증: 84.4% | lr: 2.00e-03 | 0.2s
  에폭 240/1500 | 손실: 0.2960 | 학습: 92.6% | 검증: 84.8% | lr: 2.00e-03 | 0.3s
  에폭 241/1500 | 손실: 0.2930 | 학습: 92.6% | 검증: 84.9% | lr: 2.00e-03 | 0.2s
  에폭 242/1500 | 손실: 0.2952 | 학습: 92.2% | 검증: 84.4% | lr: 2.00e-03 | 0.2s
  에폭 243/1500 | 손실: 0.2906 | 학습: 92.0% | 검증: 84.6% | lr: 2.00e-03 | 0.2s
  에폭 244/1500 | 손실: 0.2905 | 학습: 92.4% | 검증: 85.1% | lr: 2.00e-03 | 0.2s ★
  에폭 245/1500 | 손실: 0.2919 | 학습: 92.3% | 검증: 84.9% | lr: 2.00e-03 | 0.3s
  에폭 246/1500 | 손실: 0.3067 | 학습: 92.4% | 검증: 84.8% | lr: 2.00e-03 | 0.2s
  에폭 247/1500 | 손실: 0.3015 | 학습: 92.3% | 검증: 84.4% | lr: 2.00e-03 | 0.2s
  에폭 248/1500 | 손실: 0.2943 | 학습: 92.3% | 검증: 85.2% | lr: 2.00e-03 | 0.2s ★
  에폭 249/1500 | 손실: 0.2994 | 학습: 92.5% | 검증: 85.1% | lr: 2.00e-03 | 0.2s
  에폭 250/1500 | 손실: 0.2914 | 학습: 92.6% | 검증: 84.8% | lr: 2.00e-03 | 0.3s
  에폭 251/1500 | 손실: 0.2981 | 학습: 92.4% | 검증: 85.0% | lr: 2.00e-03 | 0.2s
  에폭 252/1500 | 손실: 0.2990 | 학습: 92.6% | 검증: 85.0% | lr: 2.00e-03 | 0.2s
  에폭 253/1500 | 손실: 0.2943 | 학습: 92.5% | 검증: 84.6% | lr: 2.00e-03 | 0.2s
  에폭 254/1500 | 손실: 0.2949 | 학습: 92.4% | 검증: 85.0% | lr: 2.00e-03 | 0.2s
  에폭 255/1500 | 손실: 0.2893 | 학습: 92.7% | 검증: 84.9% | lr: 2.00e-03 | 0.2s
  에폭 256/1500 | 손실: 0.2949 | 학습: 92.6% | 검증: 84.6% | lr: 2.00e-03 | 0.3s
  에폭 257/1500 | 손실: 0.2973 | 학습: 92.6% | 검증: 85.0% | lr: 2.00e-03 | 0.2s
  에폭 258/1500 | 손실: 0.3027 | 학습: 92.9% | 검증: 84.6% | lr: 2.00e-03 | 0.2s
  에폭 259/1500 | 손실: 0.2933 | 학습: 92.8% | 검증: 85.2% | lr: 2.00e-03 | 0.3s ★
  에폭 260/1500 | 손실: 0.2971 | 학습: 92.5% | 검증: 85.2% | lr: 2.00e-03 | 0.2s
  에폭 261/1500 | 손실: 0.2920 | 학습: 92.5% | 검증: 84.2% | lr: 2.00e-03 | 0.3s
  에폭 262/1500 | 손실: 0.2970 | 학습: 92.8% | 검증: 84.5% | lr: 2.00e-03 | 0.2s
  에폭 263/1500 | 손실: 0.2959 | 학습: 92.8% | 검증: 85.0% | lr: 2.00e-03 | 0.2s
  에폭 264/1500 | 손실: 0.2879 | 학습: 92.9% | 검증: 85.0% | lr: 2.00e-03 | 0.3s
  에폭 265/1500 | 손실: 0.2929 | 학습: 92.7% | 검증: 84.8% | lr: 2.00e-03 | 0.2s
  에폭 266/1500 | 손실: 0.2967 | 학습: 93.0% | 검증: 84.9% | lr: 2.00e-03 | 0.3s
  에폭 267/1500 | 손실: 0.2909 | 학습: 92.3% | 검증: 84.2% | lr: 2.00e-03 | 0.3s
  에폭 268/1500 | 손실: 0.2947 | 학습: 92.4% | 검증: 84.5% | lr: 2.00e-03 | 0.2s
  에폭 269/1500 | 손실: 0.2955 | 학습: 93.0% | 검증: 85.2% | lr: 2.00e-03 | 0.2s
  에폭 270/1500 | 손실: 0.2908 | 학습: 92.6% | 검증: 85.4% | lr: 2.00e-03 | 0.2s ★
  에폭 271/1500 | 손실: 0.2976 | 학습: 92.7% | 검증: 84.6% | lr: 2.00e-03 | 0.2s
  에폭 272/1500 | 손실: 0.2913 | 학습: 93.0% | 검증: 84.4% | lr: 2.00e-03 | 0.3s
  에폭 273/1500 | 손실: 0.2946 | 학습: 92.7% | 검증: 84.9% | lr: 2.00e-03 | 0.3s
  에폭 274/1500 | 손실: 0.2931 | 학습: 92.8% | 검증: 85.0% | lr: 2.00e-03 | 0.2s
  에폭 275/1500 | 손실: 0.2950 | 학습: 92.8% | 검증: 85.1% | lr: 2.00e-03 | 0.2s
  에폭 276/1500 | 손실: 0.2903 | 학습: 92.7% | 검증: 84.7% | lr: 2.00e-03 | 0.2s
  에폭 277/1500 | 손실: 0.2933 | 학습: 92.9% | 검증: 84.7% | lr: 2.00e-03 | 0.3s
  에폭 278/1500 | 손실: 0.2872 | 학습: 93.1% | 검증: 85.1% | lr: 2.00e-03 | 0.2s
  에폭 279/1500 | 손실: 0.2939 | 학습: 92.7% | 검증: 85.2% | lr: 2.00e-03 | 0.2s
  에폭 280/1500 | 손실: 0.2902 | 학습: 92.7% | 검증: 84.5% | lr: 2.00e-03 | 0.2s
  에폭 281/1500 | 손실: 0.2885 | 학습: 92.5% | 검증: 84.9% | lr: 2.00e-03 | 0.2s
  에폭 282/1500 | 손실: 0.2892 | 학습: 92.5% | 검증: 85.3% | lr: 2.00e-03 | 0.2s
  에폭 283/1500 | 손실: 0.2870 | 학습: 92.6% | 검증: 84.9% | lr: 2.00e-03 | 0.3s
  에폭 284/1500 | 손실: 0.2881 | 학습: 92.8% | 검증: 84.2% | lr: 2.00e-03 | 0.3s
  에폭 285/1500 | 손실: 0.2889 | 학습: 92.8% | 검증: 84.8% | lr: 2.00e-03 | 0.2s
  에폭 286/1500 | 손실: 0.2908 | 학습: 92.7% | 검증: 84.9% | lr: 2.00e-03 | 0.2s
  에폭 287/1500 | 손실: 0.2918 | 학습: 92.6% | 검증: 85.0% | lr: 2.00e-03 | 0.2s
  에폭 288/1500 | 손실: 0.2908 | 학습: 92.7% | 검증: 84.4% | lr: 2.00e-03 | 0.3s
  에폭 289/1500 | 손실: 0.2846 | 학습: 92.7% | 검증: 84.9% | lr: 2.00e-03 | 0.2s
  에폭 290/1500 | 손실: 0.2896 | 학습: 92.8% | 검증: 84.8% | lr: 2.00e-03 | 0.2s
  에폭 291/1500 | 손실: 0.2841 | 학습: 92.8% | 검증: 85.4% | lr: 2.00e-03 | 0.2s ★
  에폭 292/1500 | 손실: 0.2880 | 학습: 93.2% | 검증: 85.3% | lr: 2.00e-03 | 0.2s
  에폭 293/1500 | 손실: 0.2917 | 학습: 92.9% | 검증: 85.0% | lr: 2.00e-03 | 0.3s
  에폭 294/1500 | 손실: 0.2889 | 학습: 93.0% | 검증: 84.7% | lr: 2.00e-03 | 0.2s
  에폭 295/1500 | 손실: 0.2851 | 학습: 93.0% | 검증: 84.6% | lr: 2.00e-03 | 0.2s
  에폭 296/1500 | 손실: 0.2857 | 학습: 93.0% | 검증: 84.9% | lr: 2.00e-03 | 0.2s
  에폭 297/1500 | 손실: 0.2842 | 학습: 93.2% | 검증: 85.1% | lr: 2.00e-03 | 0.2s
  에폭 298/1500 | 손실: 0.2906 | 학습: 93.1% | 검증: 84.9% | lr: 2.00e-03 | 0.2s
  에폭 299/1500 | 손실: 0.2853 | 학습: 93.3% | 검증: 85.4% | lr: 2.00e-03 | 0.3s ★
  에폭 300/1500 | 손실: 0.2865 | 학습: 92.8% | 검증: 85.0% | lr: 2.00e-03 | 0.2s
  에폭 301/1500 | 손실: 0.2859 | 학습: 92.9% | 검증: 85.0% | lr: 2.00e-03 | 0.2s
  에폭 302/1500 | 손실: 0.2837 | 학습: 93.1% | 검증: 85.1% | lr: 2.00e-03 | 0.2s
  에폭 303/1500 | 손실: 0.2863 | 학습: 93.3% | 검증: 85.1% | lr: 2.00e-03 | 0.2s
  에폭 304/1500 | 손실: 0.2874 | 학습: 93.1% | 검증: 85.2% | lr: 2.00e-03 | 0.3s
  에폭 305/1500 | 손실: 0.2920 | 학습: 93.3% | 검증: 85.3% | lr: 2.00e-03 | 0.2s
  에폭 306/1500 | 손실: 0.2869 | 학습: 93.2% | 검증: 85.4% | lr: 2.00e-03 | 0.2s
  에폭 307/1500 | 손실: 0.2889 | 학습: 93.1% | 검증: 85.4% | lr: 2.00e-03 | 0.2s
  에폭 308/1500 | 손실: 0.2857 | 학습: 93.0% | 검증: 85.3% | lr: 2.00e-03 | 0.3s
  에폭 309/1500 | 손실: 0.2878 | 학습: 92.9% | 검증: 85.1% | lr: 2.00e-03 | 0.3s
  에폭 310/1500 | 손실: 0.2810 | 학습: 92.8% | 검증: 84.6% | lr: 2.00e-03 | 0.2s
  에폭 311/1500 | 손실: 0.2833 | 학습: 93.4% | 검증: 85.2% | lr: 2.00e-03 | 0.3s
  에폭 312/1500 | 손실: 0.2838 | 학습: 92.9% | 검증: 84.9% | lr: 2.00e-03 | 0.3s
  에폭 313/1500 | 손실: 0.2811 | 학습: 92.7% | 검증: 84.9% | lr: 2.00e-03 | 0.2s
  에폭 314/1500 | 손실: 0.2876 | 학습: 92.8% | 검증: 84.9% | lr: 2.00e-03 | 0.2s
  에폭 315/1500 | 손실: 0.2830 | 학습: 93.0% | 검증: 84.9% | lr: 2.00e-03 | 0.3s
  에폭 316/1500 | 손실: 0.2819 | 학습: 92.9% | 검증: 85.1% | lr: 2.00e-03 | 0.2s
  에폭 317/1500 | 손실: 0.2846 | 학습: 93.3% | 검증: 85.0% | lr: 2.00e-03 | 0.2s
  에폭 318/1500 | 손실: 0.2845 | 학습: 93.0% | 검증: 85.0% | lr: 2.00e-03 | 0.2s
  에폭 319/1500 | 손실: 0.2769 | 학습: 93.4% | 검증: 85.1% | lr: 2.00e-03 | 0.2s
  에폭 320/1500 | 손실: 0.2850 | 학습: 93.4% | 검증: 85.1% | lr: 2.00e-03 | 0.3s
  에폭 321/1500 | 손실: 0.2883 | 학습: 93.2% | 검증: 85.1% | lr: 2.00e-03 | 0.2s
  에폭 322/1500 | 손실: 0.2844 | 학습: 92.7% | 검증: 84.8% | lr: 2.00e-03 | 0.2s
  에폭 323/1500 | 손실: 0.2846 | 학습: 93.5% | 검증: 85.1% | lr: 2.00e-03 | 0.2s
  에폭 324/1500 | 손실: 0.2832 | 학습: 93.5% | 검증: 85.5% | lr: 2.00e-03 | 0.2s ★
  에폭 325/1500 | 손실: 0.2838 | 학습: 93.3% | 검증: 85.5% | lr: 2.00e-03 | 0.3s ★
  에폭 326/1500 | 손실: 0.2828 | 학습: 93.5% | 검증: 85.6% | lr: 2.00e-03 | 0.2s ★
  에폭 327/1500 | 손실: 0.2833 | 학습: 93.1% | 검증: 85.6% | lr: 2.00e-03 | 0.2s
  에폭 328/1500 | 손실: 0.2833 | 학습: 93.2% | 검증: 85.0% | lr: 2.00e-03 | 0.2s
  에폭 329/1500 | 손실: 0.2865 | 학습: 93.6% | 검증: 85.4% | lr: 2.00e-03 | 0.2s
  에폭 330/1500 | 손실: 0.2744 | 학습: 93.2% | 검증: 85.6% | lr: 2.00e-03 | 0.2s
  에폭 331/1500 | 손실: 0.2826 | 학습: 93.3% | 검증: 85.8% | lr: 2.00e-03 | 0.3s ★
  에폭 332/1500 | 손실: 0.2858 | 학습: 93.6% | 검증: 85.7% | lr: 2.00e-03 | 0.2s
  에폭 333/1500 | 손실: 0.2832 | 학습: 93.4% | 검증: 85.6% | lr: 2.00e-03 | 0.2s
  에폭 334/1500 | 손실: 0.2867 | 학습: 93.2% | 검증: 85.1% | lr: 2.00e-03 | 0.2s
  에폭 335/1500 | 손실: 0.2799 | 학습: 93.3% | 검증: 84.9% | lr: 2.00e-03 | 0.2s
  에폭 336/1500 | 손실: 0.2825 | 학습: 93.3% | 검증: 85.1% | lr: 2.00e-03 | 0.3s
  에폭 337/1500 | 손실: 0.2794 | 학습: 93.3% | 검증: 85.3% | lr: 2.00e-03 | 0.2s
  에폭 338/1500 | 손실: 0.2850 | 학습: 93.3% | 검증: 85.3% | lr: 2.00e-03 | 0.2s
  에폭 339/1500 | 손실: 0.2764 | 학습: 93.2% | 검증: 85.4% | lr: 2.00e-03 | 0.2s
  에폭 340/1500 | 손실: 0.2817 | 학습: 93.3% | 검증: 85.5% | lr: 2.00e-03 | 0.2s
  에폭 341/1500 | 손실: 0.2808 | 학습: 93.6% | 검증: 85.7% | lr: 2.00e-03 | 0.2s
  에폭 342/1500 | 손실: 0.2790 | 학습: 93.2% | 검증: 85.4% | lr: 2.00e-03 | 0.3s
  에폭 343/1500 | 손실: 0.2794 | 학습: 93.7% | 검증: 86.2% | lr: 2.00e-03 | 0.2s ★
  에폭 344/1500 | 손실: 0.2772 | 학습: 93.5% | 검증: 84.9% | lr: 2.00e-03 | 0.2s
  에폭 345/1500 | 손실: 0.2752 | 학습: 93.6% | 검증: 85.4% | lr: 2.00e-03 | 0.2s
  에폭 346/1500 | 손실: 0.2733 | 학습: 93.5% | 검증: 85.8% | lr: 2.00e-03 | 0.2s
  에폭 347/1500 | 손실: 0.2795 | 학습: 93.7% | 검증: 85.8% | lr: 2.00e-03 | 0.3s
  에폭 348/1500 | 손실: 0.2799 | 학습: 93.8% | 검증: 85.5% | lr: 2.00e-03 | 0.2s
  에폭 349/1500 | 손실: 0.2796 | 학습: 93.6% | 검증: 85.3% | lr: 2.00e-03 | 0.2s
  에폭 350/1500 | 손실: 0.2789 | 학습: 93.6% | 검증: 85.9% | lr: 2.00e-03 | 0.2s
  에폭 351/1500 | 손실: 0.2840 | 학습: 93.3% | 검증: 85.3% | lr: 2.00e-03 | 0.2s
  에폭 352/1500 | 손실: 0.2840 | 학습: 93.8% | 검증: 85.6% | lr: 2.00e-03 | 0.3s
  에폭 353/1500 | 손실: 0.2783 | 학습: 93.5% | 검증: 85.6% | lr: 2.00e-03 | 0.2s
  에폭 354/1500 | 손실: 0.2735 | 학습: 93.6% | 검증: 85.5% | lr: 2.00e-03 | 0.2s
  에폭 355/1500 | 손실: 0.2750 | 학습: 93.5% | 검증: 85.7% | lr: 2.00e-03 | 0.2s
  에폭 356/1500 | 손실: 0.2833 | 학습: 93.6% | 검증: 85.4% | lr: 2.00e-03 | 0.2s
  에폭 357/1500 | 손실: 0.2695 | 학습: 93.8% | 검증: 85.5% | lr: 2.00e-03 | 0.2s
  에폭 358/1500 | 손실: 0.2838 | 학습: 93.6% | 검증: 85.8% | lr: 2.00e-03 | 0.3s
  에폭 359/1500 | 손실: 0.2806 | 학습: 93.1% | 검증: 85.1% | lr: 2.00e-03 | 0.2s
  에폭 360/1500 | 손실: 0.2782 | 학습: 93.3% | 검증: 85.4% | lr: 2.00e-03 | 0.2s
  에폭 361/1500 | 손실: 0.2812 | 학습: 93.6% | 검증: 85.6% | lr: 2.00e-03 | 0.2s
  에폭 362/1500 | 손실: 0.2833 | 학습: 93.6% | 검증: 86.1% | lr: 2.00e-03 | 0.2s
  에폭 363/1500 | 손실: 0.2746 | 학습: 93.6% | 검증: 85.6% | lr: 2.00e-03 | 0.3s
  에폭 364/1500 | 손실: 0.2775 | 학습: 93.4% | 검증: 85.2% | lr: 2.00e-03 | 0.2s
  에폭 365/1500 | 손실: 0.2744 | 학습: 93.7% | 검증: 85.3% | lr: 2.00e-03 | 0.2s
  에폭 366/1500 | 손실: 0.2763 | 학습: 93.3% | 검증: 85.6% | lr: 2.00e-03 | 0.2s
  에폭 367/1500 | 손실: 0.2759 | 학습: 93.2% | 검증: 85.0% | lr: 2.00e-03 | 0.2s
  에폭 368/1500 | 손실: 0.2794 | 학습: 93.0% | 검증: 85.2% | lr: 2.00e-03 | 0.2s
  에폭 369/1500 | 손실: 0.2745 | 학습: 93.8% | 검증: 85.7% | lr: 2.00e-03 | 0.3s
  에폭 370/1500 | 손실: 0.2748 | 학습: 93.7% | 검증: 85.5% | lr: 2.00e-03 | 0.3s
  에폭 371/1500 | 손실: 0.2744 | 학습: 93.8% | 검증: 85.5% | lr: 2.00e-03 | 0.2s
  에폭 372/1500 | 손실: 0.2760 | 학습: 93.5% | 검증: 85.4% | lr: 2.00e-03 | 0.2s
  에폭 373/1500 | 손실: 0.2762 | 학습: 94.0% | 검증: 85.5% | lr: 2.00e-03 | 0.2s
  에폭 374/1500 | 손실: 0.2750 | 학습: 93.5% | 검증: 85.2% | lr: 2.00e-03 | 0.3s
  에폭 375/1500 | 손실: 0.2725 | 학습: 93.8% | 검증: 85.4% | lr: 2.00e-03 | 0.2s
  에폭 376/1500 | 손실: 0.2733 | 학습: 93.8% | 검증: 85.3% | lr: 2.00e-03 | 0.2s
  에폭 377/1500 | 손실: 0.2803 | 학습: 93.6% | 검증: 85.3% | lr: 2.00e-03 | 0.2s
  에폭 378/1500 | 손실: 0.2757 | 학습: 93.6% | 검증: 85.1% | lr: 2.00e-03 | 0.2s
  에폭 379/1500 | 손실: 0.2756 | 학습: 93.7% | 검증: 85.4% | lr: 2.00e-03 | 0.3s
  에폭 380/1500 | 손실: 0.2792 | 학습: 93.7% | 검증: 85.5% | lr: 2.00e-03 | 0.2s
  에폭 381/1500 | 손실: 0.2788 | 학습: 93.8% | 검증: 85.1% | lr: 2.00e-03 | 0.2s
  에폭 382/1500 | 손실: 0.2749 | 학습: 93.7% | 검증: 85.7% | lr: 2.00e-03 | 0.2s
  에폭 383/1500 | 손실: 0.2750 | 학습: 93.7% | 검증: 85.2% | lr: 2.00e-03 | 0.2s
  에폭 384/1500 | 손실: 0.2778 | 학습: 93.5% | 검증: 85.0% | lr: 2.00e-03 | 0.2s
  에폭 385/1500 | 손실: 0.2747 | 학습: 93.7% | 검증: 86.2% | lr: 2.00e-03 | 0.3s ★
  에폭 386/1500 | 손실: 0.2724 | 학습: 93.7% | 검증: 85.6% | lr: 2.00e-03 | 0.2s
  에폭 387/1500 | 손실: 0.2752 | 학습: 93.6% | 검증: 85.0% | lr: 2.00e-03 | 0.2s
  에폭 388/1500 | 손실: 0.2781 | 학습: 93.6% | 검증: 85.6% | lr: 2.00e-03 | 0.2s
  에폭 389/1500 | 손실: 0.2666 | 학습: 93.9% | 검증: 85.5% | lr: 2.00e-03 | 0.2s
  에폭 390/1500 | 손실: 0.2731 | 학습: 94.0% | 검증: 85.8% | lr: 2.00e-03 | 0.3s
  에폭 391/1500 | 손실: 0.2746 | 학습: 93.8% | 검증: 84.9% | lr: 2.00e-03 | 0.2s
  에폭 392/1500 | 손실: 0.2786 | 학습: 94.0% | 검증: 85.7% | lr: 2.00e-03 | 0.2s
  에폭 393/1500 | 손실: 0.2750 | 학습: 93.7% | 검증: 85.6% | lr: 2.00e-03 | 0.2s
  에폭 394/1500 | 손실: 0.2743 | 학습: 94.0% | 검증: 85.4% | lr: 2.00e-03 | 0.2s
  에폭 395/1500 | 손실: 0.2699 | 학습: 93.8% | 검증: 85.0% | lr: 2.00e-03 | 0.3s
  에폭 396/1500 | 손실: 0.2730 | 학습: 94.1% | 검증: 85.6% | lr: 2.00e-03 | 0.2s
  에폭 397/1500 | 손실: 0.2745 | 학습: 93.9% | 검증: 85.0% | lr: 2.00e-03 | 0.2s
  에폭 398/1500 | 손실: 0.2748 | 학습: 93.8% | 검증: 85.6% | lr: 2.00e-03 | 0.2s
  에폭 399/1500 | 손실: 0.2758 | 학습: 94.1% | 검증: 85.8% | lr: 2.00e-03 | 0.2s
  에폭 400/1500 | 손실: 0.2728 | 학습: 93.7% | 검증: 85.5% | lr: 2.00e-03 | 0.2s
  에폭 401/1500 | 손실: 0.2733 | 학습: 94.0% | 검증: 85.3% | lr: 2.00e-03 | 0.3s
  에폭 402/1500 | 손실: 0.2693 | 학습: 94.0% | 검증: 85.2% | lr: 2.00e-03 | 0.2s
  에폭 403/1500 | 손실: 0.2719 | 학습: 94.1% | 검증: 85.7% | lr: 2.00e-03 | 0.2s
  에폭 404/1500 | 손실: 0.2690 | 학습: 93.9% | 검증: 85.6% | lr: 2.00e-03 | 0.2s
  에폭 405/1500 | 손실: 0.2686 | 학습: 93.9% | 검증: 85.3% | lr: 2.00e-03 | 0.2s
  에폭 406/1500 | 손실: 0.2751 | 학습: 93.9% | 검증: 85.1% | lr: 2.00e-03 | 0.3s
  에폭 407/1500 | 손실: 0.2713 | 학습: 94.1% | 검증: 85.9% | lr: 2.00e-03 | 0.2s
  에폭 408/1500 | 손실: 0.2692 | 학습: 94.2% | 검증: 85.6% | lr: 2.00e-03 | 0.2s
  에폭 409/1500 | 손실: 0.2757 | 학습: 94.0% | 검증: 85.5% | lr: 2.00e-03 | 0.2s
  에폭 410/1500 | 손실: 0.2708 | 학습: 93.7% | 검증: 85.5% | lr: 2.00e-03 | 0.2s
  에폭 411/1500 | 손실: 0.2725 | 학습: 94.0% | 검증: 85.5% | lr: 2.00e-03 | 0.2s
  에폭 412/1500 | 손실: 0.2704 | 학습: 93.8% | 검증: 85.4% | lr: 2.00e-03 | 0.3s
  에폭 413/1500 | 손실: 0.2732 | 학습: 93.7% | 검증: 85.7% | lr: 2.00e-03 | 0.2s
  에폭 414/1500 | 손실: 0.2690 | 학습: 93.8% | 검증: 85.5% | lr: 2.00e-03 | 0.2s
  에폭 415/1500 | 손실: 0.2642 | 학습: 94.3% | 검증: 86.0% | lr: 2.00e-03 | 0.2s
  에폭 416/1500 | 손실: 0.2701 | 학습: 93.7% | 검증: 85.6% | lr: 2.00e-03 | 0.2s
  에폭 417/1500 | 손실: 0.2712 | 학습: 94.2% | 검증: 85.5% | lr: 2.00e-03 | 0.3s
  에폭 418/1500 | 손실: 0.2673 | 학습: 94.1% | 검증: 85.4% | lr: 2.00e-03 | 0.2s
  에폭 419/1500 | 손실: 0.2639 | 학습: 94.1% | 검증: 85.7% | lr: 2.00e-03 | 0.2s
  에폭 420/1500 | 손실: 0.2647 | 학습: 94.1% | 검증: 85.5% | lr: 2.00e-03 | 0.2s
  에폭 421/1500 | 손실: 0.2740 | 학습: 94.1% | 검증: 85.5% | lr: 2.00e-03 | 0.2s
  에폭 422/1500 | 손실: 0.2665 | 학습: 94.1% | 검증: 85.7% | lr: 2.00e-03 | 0.3s
  에폭 423/1500 | 손실: 0.2636 | 학습: 94.2% | 검증: 85.6% | lr: 2.00e-03 | 0.2s
  에폭 424/1500 | 손실: 0.2690 | 학습: 93.9% | 검증: 85.7% | lr: 2.00e-03 | 0.2s
  에폭 425/1500 | 손실: 0.2656 | 학습: 93.9% | 검증: 85.5% | lr: 2.00e-03 | 0.2s
  에폭 426/1500 | 손실: 0.2638 | 학습: 94.0% | 검증: 85.9% | lr: 2.00e-03 | 0.2s
  에폭 427/1500 | 손실: 0.2679 | 학습: 94.4% | 검증: 86.0% | lr: 2.00e-03 | 0.2s
  에폭 428/1500 | 손실: 0.2658 | 학습: 93.9% | 검증: 85.6% | lr: 2.00e-03 | 0.3s
  에폭 429/1500 | 손실: 0.2682 | 학습: 94.1% | 검증: 85.9% | lr: 2.00e-03 | 0.2s
  에폭 430/1500 | 손실: 0.2762 | 학습: 94.1% | 검증: 85.9% | lr: 2.00e-03 | 0.2s
  에폭 431/1500 | 손실: 0.2718 | 학습: 94.1% | 검증: 85.4% | lr: 2.00e-03 | 0.2s
  에폭 432/1500 | 손실: 0.2692 | 학습: 94.3% | 검증: 86.0% | lr: 2.00e-03 | 0.2s
  에폭 433/1500 | 손실: 0.2679 | 학습: 94.4% | 검증: 85.8% | lr: 2.00e-03 | 0.3s
  에폭 434/1500 | 손실: 0.2745 | 학습: 94.0% | 검증: 86.0% | lr: 2.00e-03 | 0.3s
  에폭 435/1500 | 손실: 0.2715 | 학습: 93.8% | 검증: 85.2% | lr: 2.00e-03 | 0.2s
  에폭 436/1500 | 손실: 0.2654 | 학습: 94.1% | 검증: 86.0% | lr: 2.00e-03 | 0.3s
  에폭 437/1500 | 손실: 0.2700 | 학습: 94.3% | 검증: 85.7% | lr: 2.00e-03 | 0.3s
  에폭 438/1500 | 손실: 0.2623 | 학습: 94.5% | 검증: 85.7% | lr: 2.00e-03 | 0.3s
  에폭 439/1500 | 손실: 0.2752 | 학습: 94.1% | 검증: 85.7% | lr: 2.00e-03 | 0.2s
  에폭 440/1500 | 손실: 0.2628 | 학습: 94.0% | 검증: 85.5% | lr: 2.00e-03 | 0.2s
  에폭 441/1500 | 손실: 0.2623 | 학습: 94.3% | 검증: 86.0% | lr: 2.00e-03 | 0.2s
  에폭 442/1500 | 손실: 0.2662 | 학습: 94.4% | 검증: 85.9% | lr: 2.00e-03 | 0.2s
  에폭 443/1500 | 손실: 0.2681 | 학습: 94.1% | 검증: 85.6% | lr: 2.00e-03 | 0.2s
  에폭 444/1500 | 손실: 0.2656 | 학습: 94.3% | 검증: 85.7% | lr: 2.00e-03 | 0.3s
  에폭 445/1500 | 손실: 0.2704 | 학습: 94.2% | 검증: 85.4% | lr: 2.00e-03 | 0.2s
  에폭 446/1500 | 손실: 0.2646 | 학습: 94.3% | 검증: 85.8% | lr: 2.00e-03 | 0.2s
  에폭 447/1500 | 손실: 0.2660 | 학습: 93.4% | 검증: 85.3% | lr: 2.00e-03 | 0.3s
  에폭 448/1500 | 손실: 0.2685 | 학습: 93.9% | 검증: 85.2% | lr: 2.00e-03 | 0.2s
  에폭 449/1500 | 손실: 0.2672 | 학습: 94.2% | 검증: 85.7% | lr: 2.00e-03 | 0.3s
  에폭 450/1500 | 손실: 0.2692 | 학습: 94.2% | 검증: 85.4% | lr: 2.00e-03 | 0.2s
  에폭 451/1500 | 손실: 0.2631 | 학습: 94.2% | 검증: 85.1% | lr: 2.00e-03 | 0.2s
  에폭 452/1500 | 손실: 0.2684 | 학습: 94.1% | 검증: 85.8% | lr: 2.00e-03 | 0.2s
  에폭 453/1500 | 손실: 0.2677 | 학습: 94.3% | 검증: 85.7% | lr: 2.00e-03 | 0.2s
  에폭 454/1500 | 손실: 0.2694 | 학습: 93.8% | 검증: 85.7% | lr: 2.00e-03 | 0.2s
  에폭 455/1500 | 손실: 0.2678 | 학습: 94.5% | 검증: 85.8% | lr: 2.00e-03 | 0.3s
  에폭 456/1500 | 손실: 0.2592 | 학습: 94.3% | 검증: 86.0% | lr: 2.00e-03 | 0.3s
  에폭 457/1500 | 손실: 0.2675 | 학습: 94.2% | 검증: 85.8% | lr: 2.00e-03 | 0.2s
  에폭 458/1500 | 손실: 0.2621 | 학습: 94.4% | 검증: 85.7% | lr: 2.00e-03 | 0.2s
  에폭 459/1500 | 손실: 0.2656 | 학습: 94.2% | 검증: 85.7% | lr: 2.00e-03 | 0.3s
  에폭 460/1500 | 손실: 0.2604 | 학습: 94.3% | 검증: 85.7% | lr: 2.00e-03 | 0.3s
  에폭 461/1500 | 손실: 0.2615 | 학습: 94.0% | 검증: 85.2% | lr: 2.00e-03 | 0.2s
  에폭 462/1500 | 손실: 0.2628 | 학습: 94.3% | 검증: 85.4% | lr: 2.00e-03 | 0.2s
  에폭 463/1500 | 손실: 0.2704 | 학습: 94.0% | 검증: 85.0% | lr: 2.00e-03 | 0.2s
  에폭 464/1500 | 손실: 0.2681 | 학습: 94.3% | 검증: 85.5% | lr: 2.00e-03 | 0.2s
  에폭 465/1500 | 손실: 0.2684 | 학습: 94.1% | 검증: 85.7% | lr: 2.00e-03 | 0.3s
  에폭 466/1500 | 손실: 0.2704 | 학습: 94.3% | 검증: 85.8% | lr: 2.00e-03 | 0.2s
  에폭 467/1500 | 손실: 0.2652 | 학습: 93.8% | 검증: 85.7% | lr: 2.00e-03 | 0.2s
  에폭 468/1500 | 손실: 0.2619 | 학습: 94.2% | 검증: 85.9% | lr: 2.00e-03 | 0.2s
  에폭 469/1500 | 손실: 0.2643 | 학습: 94.4% | 검증: 85.6% | lr: 2.00e-03 | 0.2s
  에폭 470/1500 | 손실: 0.2710 | 학습: 94.2% | 검증: 85.6% | lr: 2.00e-03 | 0.2s
  에폭 471/1500 | 손실: 0.2558 | 학습: 94.4% | 검증: 85.9% | lr: 2.00e-03 | 0.3s
  에폭 472/1500 | 손실: 0.2655 | 학습: 94.2% | 검증: 85.6% | lr: 2.00e-03 | 0.2s
  에폭 473/1500 | 손실: 0.2616 | 학습: 94.6% | 검증: 85.9% | lr: 2.00e-03 | 0.2s
  에폭 474/1500 | 손실: 0.2628 | 학습: 94.4% | 검증: 85.8% | lr: 2.00e-03 | 0.2s
  에폭 475/1500 | 손실: 0.2657 | 학습: 94.6% | 검증: 85.7% | lr: 2.00e-03 | 0.2s
  에폭 476/1500 | 손실: 0.2678 | 학습: 94.5% | 검증: 86.0% | lr: 2.00e-03 | 0.3s
  에폭 477/1500 | 손실: 0.2599 | 학습: 94.6% | 검증: 85.9% | lr: 2.00e-03 | 0.2s
  에폭 478/1500 | 손실: 0.2617 | 학습: 94.3% | 검증: 86.0% | lr: 2.00e-03 | 0.2s
  에폭 479/1500 | 손실: 0.2636 | 학습: 94.4% | 검증: 85.9% | lr: 2.00e-03 | 0.2s
  에폭 480/1500 | 손실: 0.2609 | 학습: 94.5% | 검증: 85.5% | lr: 2.00e-03 | 0.2s
  에폭 481/1500 | 손실: 0.2642 | 학습: 94.6% | 검증: 85.9% | lr: 2.00e-03 | 0.3s
  에폭 482/1500 | 손실: 0.2625 | 학습: 94.4% | 검증: 86.1% | lr: 2.00e-03 | 0.2s
  에폭 483/1500 | 손실: 0.2633 | 학습: 94.6% | 검증: 86.0% | lr: 2.00e-03 | 0.2s
  에폭 484/1500 | 손실: 0.2593 | 학습: 94.5% | 검증: 86.0% | lr: 2.00e-03 | 0.2s
  에폭 485/1500 | 손실: 0.2694 | 학습: 94.5% | 검증: 86.0% | lr: 2.00e-03 | 0.2s
  에폭 486/1500 | 손실: 0.2622 | 학습: 94.7% | 검증: 85.7% | lr: 2.00e-03 | 0.3s
  에폭 487/1500 | 손실: 0.2677 | 학습: 94.6% | 검증: 85.5% | lr: 2.00e-03 | 0.3s
  에폭 488/1500 | 손실: 0.2616 | 학습: 94.6% | 검증: 86.1% | lr: 2.00e-03 | 0.2s
  에폭 489/1500 | 손실: 0.2629 | 학습: 94.4% | 검증: 85.9% | lr: 2.00e-03 | 0.2s
  에폭 490/1500 | 손실: 0.2688 | 학습: 94.1% | 검증: 85.7% | lr: 2.00e-03 | 0.2s
  에폭 491/1500 | 손실: 0.2588 | 학습: 94.2% | 검증: 85.9% | lr: 2.00e-03 | 0.2s
  에폭 492/1500 | 손실: 0.2615 | 학습: 94.7% | 검증: 86.3% | lr: 2.00e-03 | 0.3s ★
  에폭 493/1500 | 손실: 0.2611 | 학습: 94.6% | 검증: 86.0% | lr: 2.00e-03 | 0.2s
  에폭 494/1500 | 손실: 0.2615 | 학습: 94.5% | 검증: 85.9% | lr: 2.00e-03 | 0.2s
  에폭 495/1500 | 손실: 0.2575 | 학습: 94.7% | 검증: 86.2% | lr: 2.00e-03 | 0.2s
  에폭 496/1500 | 손실: 0.2596 | 학습: 94.7% | 검증: 86.1% | lr: 2.00e-03 | 0.3s
  에폭 497/1500 | 손실: 0.2732 | 학습: 93.9% | 검증: 85.5% | lr: 2.00e-03 | 0.2s
  에폭 498/1500 | 손실: 0.2657 | 학습: 94.3% | 검증: 85.6% | lr: 2.00e-03 | 0.3s
  에폭 499/1500 | 손실: 0.2567 | 학습: 94.5% | 검증: 86.1% | lr: 2.00e-03 | 0.2s
  에폭 500/1500 | 손실: 0.2539 | 학습: 94.7% | 검증: 86.5% | lr: 2.00e-03 | 0.2s ★
  에폭 501/1500 | 손실: 0.2561 | 학습: 94.6% | 검증: 86.2% | lr: 2.00e-03 | 0.2s
  에폭 502/1500 | 손실: 0.2618 | 학습: 94.3% | 검증: 85.8% | lr: 2.00e-03 | 0.2s
  에폭 503/1500 | 손실: 0.2659 | 학습: 93.9% | 검증: 85.8% | lr: 2.00e-03 | 0.3s
  에폭 504/1500 | 손실: 0.2611 | 학습: 94.4% | 검증: 85.9% | lr: 2.00e-03 | 0.2s
  에폭 505/1500 | 손실: 0.2583 | 학습: 94.4% | 검증: 86.4% | lr: 2.00e-03 | 0.3s
  에폭 506/1500 | 손실: 0.2589 | 학습: 94.5% | 검증: 86.1% | lr: 2.00e-03 | 0.2s
  에폭 507/1500 | 손실: 0.2617 | 학습: 94.7% | 검증: 86.4% | lr: 2.00e-03 | 0.2s
  에폭 508/1500 | 손실: 0.2609 | 학습: 94.4% | 검증: 86.5% | lr: 2.00e-03 | 0.3s
  에폭 509/1500 | 손실: 0.2565 | 학습: 94.6% | 검증: 86.3% | lr: 2.00e-03 | 0.2s
  에폭 510/1500 | 손실: 0.2532 | 학습: 94.4% | 검증: 86.2% | lr: 2.00e-03 | 0.2s
  에폭 511/1500 | 손실: 0.2626 | 학습: 94.5% | 검증: 85.9% | lr: 2.00e-03 | 0.2s
  에폭 512/1500 | 손실: 0.2551 | 학습: 94.3% | 검증: 86.2% | lr: 2.00e-03 | 0.2s
  에폭 513/1500 | 손실: 0.2619 | 학습: 94.5% | 검증: 86.0% | lr: 2.00e-03 | 0.2s
  에폭 514/1500 | 손실: 0.2611 | 학습: 94.4% | 검증: 86.0% | lr: 2.00e-03 | 0.3s
  에폭 515/1500 | 손실: 0.2639 | 학습: 94.4% | 검증: 85.8% | lr: 2.00e-03 | 0.2s
  에폭 516/1500 | 손실: 0.2557 | 학습: 94.4% | 검증: 85.8% | lr: 2.00e-03 | 0.2s
  에폭 517/1500 | 손실: 0.2562 | 학습: 94.6% | 검증: 85.6% | lr: 2.00e-03 | 0.2s
  에폭 518/1500 | 손실: 0.2648 | 학습: 94.5% | 검증: 85.9% | lr: 2.00e-03 | 0.2s
  에폭 519/1500 | 손실: 0.2663 | 학습: 94.1% | 검증: 85.9% | lr: 2.00e-03 | 0.3s
  에폭 520/1500 | 손실: 0.2613 | 학습: 94.7% | 검증: 86.6% | lr: 2.00e-03 | 0.2s ★
  에폭 521/1500 | 손실: 0.2606 | 학습: 94.7% | 검증: 86.3% | lr: 2.00e-03 | 0.2s
  에폭 522/1500 | 손실: 0.2526 | 학습: 95.0% | 검증: 86.4% | lr: 2.00e-03 | 0.2s
  에폭 523/1500 | 손실: 0.2574 | 학습: 94.5% | 검증: 86.3% | lr: 2.00e-03 | 0.2s
  에폭 524/1500 | 손실: 0.2633 | 학습: 94.6% | 검증: 86.0% | lr: 2.00e-03 | 0.3s
  에폭 525/1500 | 손실: 0.2563 | 학습: 94.5% | 검증: 86.3% | lr: 2.00e-03 | 0.3s
  에폭 526/1500 | 손실: 0.2638 | 학습: 94.4% | 검증: 85.9% | lr: 2.00e-03 | 0.2s
  에폭 527/1500 | 손실: 0.2647 | 학습: 94.7% | 검증: 85.9% | lr: 2.00e-03 | 0.2s
  에폭 528/1500 | 손실: 0.2583 | 학습: 94.6% | 검증: 86.2% | lr: 2.00e-03 | 0.2s
  에폭 529/1500 | 손실: 0.2562 | 학습: 94.8% | 검증: 86.7% | lr: 2.00e-03 | 0.2s ★
  에폭 530/1500 | 손실: 0.2546 | 학습: 94.7% | 검증: 86.5% | lr: 2.00e-03 | 0.3s
  에폭 531/1500 | 손실: 0.2548 | 학습: 94.8% | 검증: 86.1% | lr: 2.00e-03 | 0.2s
  에폭 532/1500 | 손실: 0.2662 | 학습: 94.8% | 검증: 86.1% | lr: 2.00e-03 | 0.2s
  에폭 533/1500 | 손실: 0.2574 | 학습: 94.4% | 검증: 86.0% | lr: 2.00e-03 | 0.2s
  에폭 534/1500 | 손실: 0.2595 | 학습: 94.7% | 검증: 86.1% | lr: 2.00e-03 | 0.2s
  에폭 535/1500 | 손실: 0.2584 | 학습: 94.7% | 검증: 86.1% | lr: 2.00e-03 | 0.3s
  에폭 536/1500 | 손실: 0.2638 | 학습: 94.6% | 검증: 86.1% | lr: 2.00e-03 | 0.2s
  에폭 537/1500 | 손실: 0.2595 | 학습: 94.4% | 검증: 85.9% | lr: 2.00e-03 | 0.2s
  에폭 538/1500 | 손실: 0.2562 | 학습: 94.5% | 검증: 86.0% | lr: 2.00e-03 | 0.2s
  에폭 539/1500 | 손실: 0.2539 | 학습: 94.4% | 검증: 86.1% | lr: 2.00e-03 | 0.2s
  에폭 540/1500 | 손실: 0.2615 | 학습: 94.8% | 검증: 85.8% | lr: 2.00e-03 | 0.2s
  에폭 541/1500 | 손실: 0.2623 | 학습: 94.6% | 검증: 85.8% | lr: 2.00e-03 | 0.3s
  에폭 542/1500 | 손실: 0.2534 | 학습: 94.6% | 검증: 85.9% | lr: 2.00e-03 | 0.2s
  에폭 543/1500 | 손실: 0.2626 | 학습: 94.7% | 검증: 86.1% | lr: 2.00e-03 | 0.2s
  에폭 544/1500 | 손실: 0.2604 | 학습: 94.5% | 검증: 86.1% | lr: 2.00e-03 | 0.3s
  에폭 545/1500 | 손실: 0.2589 | 학습: 94.6% | 검증: 85.8% | lr: 2.00e-03 | 0.2s
  에폭 546/1500 | 손실: 0.2493 | 학습: 94.8% | 검증: 86.2% | lr: 2.00e-03 | 0.3s
  에폭 547/1500 | 손실: 0.2567 | 학습: 94.8% | 검증: 86.4% | lr: 2.00e-03 | 0.2s
  에폭 548/1500 | 손실: 0.2485 | 학습: 94.9% | 검증: 86.0% | lr: 2.00e-03 | 0.2s
  에폭 549/1500 | 손실: 0.2513 | 학습: 94.7% | 검증: 86.2% | lr: 2.00e-03 | 0.3s
  에폭 550/1500 | 손실: 0.2542 | 학습: 94.6% | 검증: 86.6% | lr: 2.00e-03 | 0.2s
  에폭 551/1500 | 손실: 0.2610 | 학습: 94.7% | 검증: 85.9% | lr: 2.00e-03 | 0.3s
  에폭 552/1500 | 손실: 0.2528 | 학습: 94.8% | 검증: 86.1% | lr: 2.00e-03 | 0.2s
  에폭 553/1500 | 손실: 0.2586 | 학습: 94.5% | 검증: 85.9% | lr: 2.00e-03 | 0.3s
  에폭 554/1500 | 손실: 0.2582 | 학습: 94.7% | 검증: 85.9% | lr: 2.00e-03 | 0.2s
  에폭 555/1500 | 손실: 0.2569 | 학습: 94.7% | 검증: 86.3% | lr: 2.00e-03 | 0.2s
  에폭 556/1500 | 손실: 0.2534 | 학습: 94.7% | 검증: 86.3% | lr: 2.00e-03 | 0.2s
  에폭 557/1500 | 손실: 0.2598 | 학습: 94.7% | 검증: 86.1% | lr: 2.00e-03 | 0.3s
  에폭 558/1500 | 손실: 0.2586 | 학습: 94.6% | 검증: 86.1% | lr: 2.00e-03 | 0.2s
  에폭 559/1500 | 손실: 0.2560 | 학습: 95.0% | 검증: 86.5% | lr: 2.00e-03 | 0.3s
  에폭 560/1500 | 손실: 0.2526 | 학습: 95.0% | 검증: 86.6% | lr: 2.00e-03 | 0.2s
  에폭 561/1500 | 손실: 0.2573 | 학습: 94.6% | 검증: 85.9% | lr: 2.00e-03 | 0.3s
  에폭 562/1500 | 손실: 0.2543 | 학습: 94.9% | 검증: 86.2% | lr: 2.00e-03 | 0.3s
  에폭 563/1500 | 손실: 0.2573 | 학습: 94.3% | 검증: 85.8% | lr: 2.00e-03 | 0.3s
  에폭 564/1500 | 손실: 0.2480 | 학습: 94.9% | 검증: 86.0% | lr: 2.00e-03 | 0.2s
  에폭 565/1500 | 손실: 0.2541 | 학습: 94.4% | 검증: 86.3% | lr: 2.00e-03 | 0.2s
  에폭 566/1500 | 손실: 0.2572 | 학습: 94.6% | 검증: 86.1% | lr: 2.00e-03 | 0.2s
  에폭 567/1500 | 손실: 0.2543 | 학습: 94.6% | 검증: 85.6% | lr: 2.00e-03 | 0.3s
  에폭 568/1500 | 손실: 0.2513 | 학습: 94.7% | 검증: 86.3% | lr: 2.00e-03 | 0.2s
  에폭 569/1500 | 손실: 0.2575 | 학습: 94.6% | 검증: 86.0% | lr: 2.00e-03 | 0.2s
  에폭 570/1500 | 손실: 0.2570 | 학습: 95.0% | 검증: 86.5% | lr: 2.00e-03 | 0.2s
  에폭 571/1500 | 손실: 0.2558 | 학습: 94.9% | 검증: 86.0% | lr: 2.00e-03 | 0.3s
  에폭 572/1500 | 손실: 0.2576 | 학습: 94.8% | 검증: 86.1% | lr: 2.00e-03 | 0.2s
  에폭 573/1500 | 손실: 0.2542 | 학습: 94.8% | 검증: 86.2% | lr: 2.00e-03 | 0.3s
  에폭 574/1500 | 손실: 0.2556 | 학습: 94.5% | 검증: 86.4% | lr: 2.00e-03 | 0.2s
  에폭 575/1500 | 손실: 0.2490 | 학습: 95.2% | 검증: 86.3% | lr: 2.00e-03 | 0.2s
  에폭 576/1500 | 손실: 0.2521 | 학습: 94.9% | 검증: 86.2% | lr: 2.00e-03 | 0.3s
  에폭 577/1500 | 손실: 0.2619 | 학습: 94.8% | 검증: 85.6% | lr: 2.00e-03 | 0.2s
  에폭 578/1500 | 손실: 0.2588 | 학습: 94.7% | 검증: 86.3% | lr: 2.00e-03 | 0.3s
  에폭 579/1500 | 손실: 0.2536 | 학습: 94.9% | 검증: 86.6% | lr: 2.00e-03 | 0.2s
  에폭 580/1500 | 손실: 0.2507 | 학습: 94.7% | 검증: 86.5% | lr: 2.00e-03 | 0.2s
  에폭 581/1500 | 손실: 0.2562 | 학습: 94.9% | 검증: 86.4% | lr: 2.00e-03 | 0.2s
  에폭 582/1500 | 손실: 0.2605 | 학습: 94.6% | 검증: 86.1% | lr: 2.00e-03 | 0.3s
  에폭 583/1500 | 손실: 0.2527 | 학습: 94.6% | 검증: 86.2% | lr: 2.00e-03 | 0.2s
  에폭 584/1500 | 손실: 0.2564 | 학습: 94.9% | 검증: 86.5% | lr: 2.00e-03 | 0.3s
  에폭 585/1500 | 손실: 0.2504 | 학습: 95.0% | 검증: 86.3% | lr: 2.00e-03 | 0.2s
  에폭 586/1500 | 손실: 0.2644 | 학습: 94.8% | 검증: 86.9% | lr: 2.00e-03 | 0.2s ★
  에폭 587/1500 | 손실: 0.2547 | 학습: 94.8% | 검증: 86.5% | lr: 2.00e-03 | 0.3s
  에폭 588/1500 | 손실: 0.2544 | 학습: 94.8% | 검증: 86.5% | lr: 2.00e-03 | 0.3s
  에폭 589/1500 | 손실: 0.2551 | 학습: 94.8% | 검증: 86.5% | lr: 2.00e-03 | 0.3s
  에폭 590/1500 | 손실: 0.2518 | 학습: 94.9% | 검증: 86.4% | lr: 2.00e-03 | 0.3s
  에폭 591/1500 | 손실: 0.2509 | 학습: 94.9% | 검증: 86.6% | lr: 2.00e-03 | 0.2s
  에폭 592/1500 | 손실: 0.2544 | 학습: 94.7% | 검증: 86.0% | lr: 2.00e-03 | 0.3s
  에폭 593/1500 | 손실: 0.2566 | 학습: 95.2% | 검증: 86.6% | lr: 2.00e-03 | 0.2s
  에폭 594/1500 | 손실: 0.2506 | 학습: 94.8% | 검증: 86.0% | lr: 2.00e-03 | 0.3s
  에폭 595/1500 | 손실: 0.2519 | 학습: 94.7% | 검증: 86.9% | lr: 2.00e-03 | 0.2s
  에폭 596/1500 | 손실: 0.2529 | 학습: 95.0% | 검증: 86.8% | lr: 2.00e-03 | 0.2s
  에폭 597/1500 | 손실: 0.2508 | 학습: 94.7% | 검증: 86.5% | lr: 2.00e-03 | 0.2s
  에폭 598/1500 | 손실: 0.2516 | 학습: 95.0% | 검증: 86.6% | lr: 2.00e-03 | 0.2s
  에폭 599/1500 | 손실: 0.2494 | 학습: 95.3% | 검증: 86.8% | lr: 2.00e-03 | 0.2s
  에폭 600/1500 | 손실: 0.2471 | 학습: 95.1% | 검증: 87.0% | lr: 2.00e-03 | 0.3s ★
  에폭 601/1500 | 손실: 0.2526 | 학습: 94.8% | 검증: 85.9% | lr: 2.00e-03 | 0.3s
  에폭 602/1500 | 손실: 0.2595 | 학습: 95.0% | 검증: 86.5% | lr: 2.00e-03 | 0.2s
  에폭 603/1500 | 손실: 0.2547 | 학습: 95.1% | 검증: 86.2% | lr: 2.00e-03 | 0.2s
  에폭 604/1500 | 손실: 0.2432 | 학습: 94.8% | 검증: 86.0% | lr: 2.00e-03 | 0.2s
  에폭 605/1500 | 손실: 0.2480 | 학습: 95.2% | 검증: 86.6% | lr: 2.00e-03 | 0.3s
  에폭 606/1500 | 손실: 0.2552 | 학습: 95.1% | 검증: 86.6% | lr: 2.00e-03 | 0.2s
  에폭 607/1500 | 손실: 0.2524 | 학습: 94.9% | 검증: 86.2% | lr: 2.00e-03 | 0.3s
  에폭 608/1500 | 손실: 0.2493 | 학습: 95.2% | 검증: 86.9% | lr: 2.00e-03 | 0.2s
  에폭 609/1500 | 손실: 0.2555 | 학습: 94.8% | 검증: 86.1% | lr: 2.00e-03 | 0.3s
  에폭 610/1500 | 손실: 0.2545 | 학습: 95.3% | 검증: 86.4% | lr: 2.00e-03 | 0.3s
  에폭 611/1500 | 손실: 0.2509 | 학습: 95.4% | 검증: 86.8% | lr: 2.00e-03 | 0.3s
  에폭 612/1500 | 손실: 0.2486 | 학습: 94.9% | 검증: 86.5% | lr: 2.00e-03 | 0.3s
  에폭 613/1500 | 손실: 0.2446 | 학습: 95.0% | 검증: 86.8% | lr: 2.00e-03 | 0.2s
  에폭 614/1500 | 손실: 0.2522 | 학습: 95.0% | 검증: 87.1% | lr: 2.00e-03 | 0.2s ★
  에폭 615/1500 | 손실: 0.2536 | 학습: 95.0% | 검증: 86.2% | lr: 2.00e-03 | 0.2s
  에폭 616/1500 | 손실: 0.2564 | 학습: 95.0% | 검증: 86.8% | lr: 2.00e-03 | 0.3s
  에폭 617/1500 | 손실: 0.2561 | 학습: 95.1% | 검증: 86.7% | lr: 2.00e-03 | 0.2s
  에폭 618/1500 | 손실: 0.2483 | 학습: 95.1% | 검증: 86.6% | lr: 2.00e-03 | 0.2s
  에폭 619/1500 | 손실: 0.2473 | 학습: 95.0% | 검증: 86.7% | lr: 2.00e-03 | 0.3s
  에폭 620/1500 | 손실: 0.2503 | 학습: 95.1% | 검증: 86.8% | lr: 2.00e-03 | 0.2s
  에폭 621/1500 | 손실: 0.2467 | 학습: 94.7% | 검증: 86.2% | lr: 2.00e-03 | 0.3s
  에폭 622/1500 | 손실: 0.2471 | 학습: 95.0% | 검증: 86.7% | lr: 2.00e-03 | 0.3s
  에폭 623/1500 | 손실: 0.2516 | 학습: 94.9% | 검증: 85.8% | lr: 2.00e-03 | 0.2s
  에폭 624/1500 | 손실: 0.2490 | 학습: 95.1% | 검증: 86.5% | lr: 2.00e-03 | 0.2s
  에폭 625/1500 | 손실: 0.2540 | 학습: 95.2% | 검증: 86.8% | lr: 2.00e-03 | 0.2s
  에폭 626/1500 | 손실: 0.2517 | 학습: 94.6% | 검증: 86.6% | lr: 2.00e-03 | 0.2s
  에폭 627/1500 | 손실: 0.2549 | 학습: 95.2% | 검증: 86.4% | lr: 2.00e-03 | 0.3s
  에폭 628/1500 | 손실: 0.2554 | 학습: 94.9% | 검증: 86.6% | lr: 2.00e-03 | 0.2s
  에폭 629/1500 | 손실: 0.2554 | 학습: 95.1% | 검증: 86.5% | lr: 2.00e-03 | 0.2s
  에폭 630/1500 | 손실: 0.2531 | 학습: 95.1% | 검증: 85.9% | lr: 2.00e-03 | 0.2s
  에폭 631/1500 | 손실: 0.2529 | 학습: 95.2% | 검증: 86.4% | lr: 2.00e-03 | 0.2s
  에폭 632/1500 | 손실: 0.2474 | 학습: 94.9% | 검증: 86.6% | lr: 2.00e-03 | 0.3s
  에폭 633/1500 | 손실: 0.2495 | 학습: 94.7% | 검증: 86.3% | lr: 2.00e-03 | 0.2s
  에폭 634/1500 | 손실: 0.2510 | 학습: 94.9% | 검증: 86.5% | lr: 2.00e-03 | 0.2s
  에폭 635/1500 | 손실: 0.2453 | 학습: 95.2% | 검증: 86.9% | lr: 2.00e-03 | 0.2s
  에폭 636/1500 | 손실: 0.2512 | 학습: 95.1% | 검증: 86.5% | lr: 2.00e-03 | 0.2s
  에폭 637/1500 | 손실: 0.2455 | 학습: 94.9% | 검증: 86.2% | lr: 2.00e-03 | 0.3s
  에폭 638/1500 | 손실: 0.2551 | 학습: 95.1% | 검증: 86.4% | lr: 2.00e-03 | 0.2s
  에폭 639/1500 | 손실: 0.2536 | 학습: 95.2% | 검증: 86.7% | lr: 2.00e-03 | 0.2s
  에폭 640/1500 | 손실: 0.2490 | 학습: 95.1% | 검증: 86.5% | lr: 2.00e-03 | 0.3s
  에폭 641/1500 | 손실: 0.2491 | 학습: 95.2% | 검증: 86.7% | lr: 2.00e-03 | 0.2s
  에폭 642/1500 | 손실: 0.2513 | 학습: 95.3% | 검증: 87.2% | lr: 2.00e-03 | 0.2s ★
  에폭 643/1500 | 손실: 0.2528 | 학습: 95.2% | 검증: 86.8% | lr: 2.00e-03 | 0.3s
  에폭 644/1500 | 손실: 0.2525 | 학습: 95.2% | 검증: 86.7% | lr: 2.00e-03 | 0.2s
  에폭 645/1500 | 손실: 0.2530 | 학습: 94.9% | 검증: 86.9% | lr: 2.00e-03 | 0.2s
  에폭 646/1500 | 손실: 0.2458 | 학습: 95.1% | 검증: 86.5% | lr: 2.00e-03 | 0.2s
  에폭 647/1500 | 손실: 0.2546 | 학습: 95.0% | 검증: 86.7% | lr: 2.00e-03 | 0.2s
  에폭 648/1500 | 손실: 0.2509 | 학습: 95.2% | 검증: 86.8% | lr: 2.00e-03 | 0.3s
  에폭 649/1500 | 손실: 0.2456 | 학습: 95.2% | 검증: 86.9% | lr: 2.00e-03 | 0.2s
  에폭 650/1500 | 손실: 0.2478 | 학습: 94.7% | 검증: 86.6% | lr: 2.00e-03 | 0.2s
  에폭 651/1500 | 손실: 0.2439 | 학습: 94.8% | 검증: 86.1% | lr: 2.00e-03 | 0.2s
  에폭 652/1500 | 손실: 0.2421 | 학습: 95.2% | 검증: 86.5% | lr: 2.00e-03 | 0.2s
  에폭 653/1500 | 손실: 0.2462 | 학습: 95.0% | 검증: 86.6% | lr: 2.00e-03 | 0.3s
  에폭 654/1500 | 손실: 0.2422 | 학습: 95.2% | 검증: 86.8% | lr: 2.00e-03 | 0.2s
  에폭 655/1500 | 손실: 0.2524 | 학습: 95.1% | 검증: 86.3% | lr: 2.00e-03 | 0.2s
  에폭 656/1500 | 손실: 0.2443 | 학습: 95.1% | 검증: 86.8% | lr: 2.00e-03 | 0.2s
  에폭 657/1500 | 손실: 0.2431 | 학습: 94.9% | 검증: 86.3% | lr: 2.00e-03 | 0.2s
  에폭 658/1500 | 손실: 0.2395 | 학습: 95.0% | 검증: 86.9% | lr: 2.00e-03 | 0.2s
  에폭 659/1500 | 손실: 0.2498 | 학습: 94.8% | 검증: 86.3% | lr: 2.00e-03 | 0.3s
  에폭 660/1500 | 손실: 0.2465 | 학습: 95.2% | 검증: 86.5% | lr: 2.00e-03 | 0.3s
  에폭 661/1500 | 손실: 0.2430 | 학습: 94.8% | 검증: 85.8% | lr: 2.00e-03 | 0.3s
  에폭 662/1500 | 손실: 0.2467 | 학습: 95.0% | 검증: 86.4% | lr: 2.00e-03 | 0.3s
  에폭 663/1500 | 손실: 0.2446 | 학습: 95.5% | 검증: 87.0% | lr: 2.00e-03 | 0.3s
  에폭 664/1500 | 손실: 0.2485 | 학습: 95.1% | 검증: 86.6% | lr: 2.00e-03 | 0.3s
  에폭 665/1500 | 손실: 0.2522 | 학습: 95.2% | 검증: 87.0% | lr: 2.00e-03 | 0.2s
  에폭 666/1500 | 손실: 0.2505 | 학습: 95.3% | 검증: 86.3% | lr: 2.00e-03 | 0.3s
  에폭 667/1500 | 손실: 0.2466 | 학습: 95.3% | 검증: 86.9% | lr: 2.00e-03 | 0.3s
  에폭 668/1500 | 손실: 0.2494 | 학습: 95.0% | 검증: 86.7% | lr: 2.00e-03 | 0.3s
  에폭 669/1500 | 손실: 0.2434 | 학습: 95.0% | 검증: 87.1% | lr: 2.00e-03 | 0.2s
  에폭 670/1500 | 손실: 0.2432 | 학습: 95.2% | 검증: 87.0% | lr: 2.00e-03 | 0.3s
  에폭 671/1500 | 손실: 0.2442 | 학습: 95.2% | 검증: 87.2% | lr: 2.00e-03 | 0.2s
  에폭 672/1500 | 손실: 0.2492 | 학습: 95.2% | 검증: 86.8% | lr: 2.00e-03 | 0.2s
  에폭 673/1500 | 손실: 0.2497 | 학습: 95.1% | 검증: 86.9% | lr: 2.00e-03 | 0.2s
  에폭 674/1500 | 손실: 0.2403 | 학습: 94.5% | 검증: 86.7% | lr: 2.00e-03 | 0.2s
  에폭 675/1500 | 손실: 0.2451 | 학습: 95.4% | 검증: 87.2% | lr: 2.00e-03 | 0.3s
  에폭 676/1500 | 손실: 0.2472 | 학습: 95.1% | 검증: 86.6% | lr: 2.00e-03 | 0.2s
  에폭 677/1500 | 손실: 0.2466 | 학습: 95.2% | 검증: 86.8% | lr: 2.00e-03 | 0.2s
  에폭 678/1500 | 손실: 0.2514 | 학습: 94.9% | 검증: 86.3% | lr: 2.00e-03 | 0.3s
  에폭 679/1500 | 손실: 0.2525 | 학습: 95.2% | 검증: 86.7% | lr: 2.00e-03 | 0.2s
  에폭 680/1500 | 손실: 0.2479 | 학습: 95.4% | 검증: 86.9% | lr: 2.00e-03 | 0.3s
  에폭 681/1500 | 손실: 0.2480 | 학습: 95.2% | 검증: 87.0% | lr: 2.00e-03 | 0.2s
  에폭 682/1500 | 손실: 0.2447 | 학습: 95.4% | 검증: 86.9% | lr: 2.00e-03 | 0.2s
  에폭 683/1500 | 손실: 0.2470 | 학습: 95.3% | 검증: 87.0% | lr: 2.00e-03 | 0.2s
  에폭 684/1500 | 손실: 0.2573 | 학습: 95.1% | 검증: 86.8% | lr: 2.00e-03 | 0.2s
  에폭 685/1500 | 손실: 0.2481 | 학습: 95.0% | 검증: 87.0% | lr: 2.00e-03 | 0.2s
  에폭 686/1500 | 손실: 0.2455 | 학습: 95.4% | 검증: 86.7% | lr: 2.00e-03 | 0.3s
  에폭 687/1500 | 손실: 0.2483 | 학습: 95.4% | 검증: 87.1% | lr: 2.00e-03 | 0.2s
  에폭 688/1500 | 손실: 0.2469 | 학습: 95.3% | 검증: 86.7% | lr: 2.00e-03 | 0.2s
  에폭 689/1500 | 손실: 0.2518 | 학습: 95.3% | 검증: 87.0% | lr: 2.00e-03 | 0.2s
  에폭 690/1500 | 손실: 0.2439 | 학습: 95.3% | 검증: 86.6% | lr: 2.00e-03 | 0.2s
  에폭 691/1500 | 손실: 0.2480 | 학습: 95.1% | 검증: 86.3% | lr: 2.00e-03 | 0.3s
  에폭 692/1500 | 손실: 0.2421 | 학습: 94.9% | 검증: 86.6% | lr: 2.00e-03 | 0.2s
  에폭 693/1500 | 손실: 0.2443 | 학습: 95.4% | 검증: 86.6% | lr: 2.00e-03 | 0.2s
  에폭 694/1500 | 손실: 0.2478 | 학습: 95.3% | 검증: 86.9% | lr: 2.00e-03 | 0.2s
  에폭 695/1500 | 손실: 0.2452 | 학습: 95.1% | 검증: 86.9% | lr: 2.00e-03 | 0.2s
  에폭 696/1500 | 손실: 0.2488 | 학습: 95.3% | 검증: 86.6% | lr: 2.00e-03 | 0.3s
  에폭 697/1500 | 손실: 0.2444 | 학습: 95.4% | 검증: 86.7% | lr: 2.00e-03 | 0.2s
  에폭 698/1500 | 손실: 0.2509 | 학습: 95.5% | 검증: 86.9% | lr: 2.00e-03 | 0.3s
  에폭 699/1500 | 손실: 0.2404 | 학습: 95.4% | 검증: 87.0% | lr: 2.00e-03 | 0.2s
  에폭 700/1500 | 손실: 0.2461 | 학습: 95.5% | 검증: 86.7% | lr: 2.00e-03 | 0.2s
  에폭 701/1500 | 손실: 0.2446 | 학습: 95.1% | 검증: 86.7% | lr: 2.00e-03 | 0.2s
  에폭 702/1500 | 손실: 0.2470 | 학습: 95.6% | 검증: 86.8% | lr: 2.00e-03 | 0.3s
  에폭 703/1500 | 손실: 0.2473 | 학습: 95.2% | 검증: 86.7% | lr: 2.00e-03 | 0.2s
  에폭 704/1500 | 손실: 0.2489 | 학습: 95.1% | 검증: 86.9% | lr: 2.00e-03 | 0.2s
  에폭 705/1500 | 손실: 0.2482 | 학습: 95.2% | 검증: 86.5% | lr: 2.00e-03 | 0.2s
  에폭 706/1500 | 손실: 0.2447 | 학습: 95.2% | 검증: 86.4% | lr: 2.00e-03 | 0.2s
  에폭 707/1500 | 손실: 0.2466 | 학습: 95.2% | 검증: 87.3% | lr: 2.00e-03 | 0.3s ★
  에폭 708/1500 | 손실: 0.2456 | 학습: 95.1% | 검증: 86.4% | lr: 2.00e-03 | 0.2s
  에폭 709/1500 | 손실: 0.2443 | 학습: 95.3% | 검증: 86.6% | lr: 1.00e-03 | 0.2s
  에폭 710/1500 | 손실: 0.2393 | 학습: 95.8% | 검증: 87.0% | lr: 1.00e-03 | 0.2s
  에폭 711/1500 | 손실: 0.2336 | 학습: 95.9% | 검증: 87.2% | lr: 1.00e-03 | 0.2s
  에폭 712/1500 | 손실: 0.2367 | 학습: 96.0% | 검증: 86.9% | lr: 1.00e-03 | 0.2s
  에폭 713/1500 | 손실: 0.2335 | 학습: 95.7% | 검증: 87.0% | lr: 1.00e-03 | 0.3s
  에폭 714/1500 | 손실: 0.2285 | 학습: 95.8% | 검증: 87.0% | lr: 1.00e-03 | 0.3s
  에폭 715/1500 | 손실: 0.2274 | 학습: 95.9% | 검증: 87.4% | lr: 1.00e-03 | 0.2s ★
  에폭 716/1500 | 손실: 0.2251 | 학습: 95.9% | 검증: 87.3% | lr: 1.00e-03 | 0.2s
  에폭 717/1500 | 손실: 0.2257 | 학습: 96.1% | 검증: 87.6% | lr: 1.00e-03 | 0.2s ★
  에폭 718/1500 | 손실: 0.2294 | 학습: 96.0% | 검증: 87.5% | lr: 1.00e-03 | 0.3s
  에폭 719/1500 | 손실: 0.2321 | 학습: 96.0% | 검증: 87.7% | lr: 1.00e-03 | 0.2s ★
  에폭 720/1500 | 손실: 0.2311 | 학습: 96.0% | 검증: 87.4% | lr: 1.00e-03 | 0.3s
  에폭 721/1500 | 손실: 0.2306 | 학습: 95.8% | 검증: 87.2% | lr: 1.00e-03 | 0.3s
  에폭 722/1500 | 손실: 0.2303 | 학습: 95.8% | 검증: 87.7% | lr: 1.00e-03 | 0.3s ★
  에폭 723/1500 | 손실: 0.2280 | 학습: 96.1% | 검증: 86.9% | lr: 1.00e-03 | 0.3s
  에폭 724/1500 | 손실: 0.2311 | 학습: 95.9% | 검증: 87.4% | lr: 1.00e-03 | 0.2s
  에폭 725/1500 | 손실: 0.2304 | 학습: 96.0% | 검증: 87.4% | lr: 1.00e-03 | 0.2s
  에폭 726/1500 | 손실: 0.2281 | 학습: 95.8% | 검증: 86.8% | lr: 1.00e-03 | 0.2s
  에폭 727/1500 | 손실: 0.2283 | 학습: 96.0% | 검증: 87.2% | lr: 1.00e-03 | 0.2s
  에폭 728/1500 | 손실: 0.2334 | 학습: 96.0% | 검증: 87.1% | lr: 1.00e-03 | 0.2s
  에폭 729/1500 | 손실: 0.2303 | 학습: 95.8% | 검증: 87.1% | lr: 1.00e-03 | 0.4s
  에폭 730/1500 | 손실: 0.2271 | 학습: 95.8% | 검증: 87.3% | lr: 1.00e-03 | 0.3s
  에폭 731/1500 | 손실: 0.2270 | 학습: 96.0% | 검증: 87.6% | lr: 1.00e-03 | 0.3s
  에폭 732/1500 | 손실: 0.2258 | 학습: 96.0% | 검증: 87.1% | lr: 1.00e-03 | 0.2s
  에폭 733/1500 | 손실: 0.2289 | 학습: 96.1% | 검증: 87.2% | lr: 1.00e-03 | 0.3s
  에폭 734/1500 | 손실: 0.2250 | 학습: 95.8% | 검증: 87.2% | lr: 1.00e-03 | 0.3s
  에폭 735/1500 | 손실: 0.2262 | 학습: 96.1% | 검증: 87.6% | lr: 1.00e-03 | 0.2s
  에폭 736/1500 | 손실: 0.2281 | 학습: 95.9% | 검증: 87.3% | lr: 1.00e-03 | 0.2s
  에폭 737/1500 | 손실: 0.2262 | 학습: 96.2% | 검증: 87.6% | lr: 1.00e-03 | 0.3s
  에폭 738/1500 | 손실: 0.2215 | 학습: 96.1% | 검증: 87.3% | lr: 1.00e-03 | 0.2s
  에폭 739/1500 | 손실: 0.2305 | 학습: 96.0% | 검증: 87.3% | lr: 1.00e-03 | 0.3s
  에폭 740/1500 | 손실: 0.2328 | 학습: 96.0% | 검증: 87.4% | lr: 1.00e-03 | 0.2s
  에폭 741/1500 | 손실: 0.2230 | 학습: 96.1% | 검증: 87.4% | lr: 1.00e-03 | 0.2s
  에폭 742/1500 | 손실: 0.2202 | 학습: 96.1% | 검증: 87.6% | lr: 1.00e-03 | 0.2s
  에폭 743/1500 | 손실: 0.2269 | 학습: 96.2% | 검증: 87.4% | lr: 1.00e-03 | 0.2s
  에폭 744/1500 | 손실: 0.2246 | 학습: 96.1% | 검증: 87.1% | lr: 1.00e-03 | 0.2s
  에폭 745/1500 | 손실: 0.2266 | 학습: 96.1% | 검증: 87.3% | lr: 1.00e-03 | 0.3s
  에폭 746/1500 | 손실: 0.2298 | 학습: 96.0% | 검증: 87.4% | lr: 1.00e-03 | 0.2s
  에폭 747/1500 | 손실: 0.2220 | 학습: 96.1% | 검증: 87.3% | lr: 1.00e-03 | 0.2s
  에폭 748/1500 | 손실: 0.2287 | 학습: 96.1% | 검증: 87.7% | lr: 1.00e-03 | 0.2s
  에폭 749/1500 | 손실: 0.2275 | 학습: 96.1% | 검증: 87.5% | lr: 1.00e-03 | 0.2s
  에폭 750/1500 | 손실: 0.2210 | 학습: 96.1% | 검증: 87.6% | lr: 1.00e-03 | 0.3s
  에폭 751/1500 | 손실: 0.2238 | 학습: 96.0% | 검증: 87.2% | lr: 1.00e-03 | 0.2s
  에폭 752/1500 | 손실: 0.2257 | 학습: 96.0% | 검증: 87.1% | lr: 1.00e-03 | 0.2s
  에폭 753/1500 | 손실: 0.2247 | 학습: 96.1% | 검증: 87.8% | lr: 1.00e-03 | 0.2s ★
  에폭 754/1500 | 손실: 0.2242 | 학습: 96.2% | 검증: 87.4% | lr: 1.00e-03 | 0.2s
  에폭 755/1500 | 손실: 0.2241 | 학습: 96.0% | 검증: 87.6% | lr: 1.00e-03 | 0.2s
  에폭 756/1500 | 손실: 0.2243 | 학습: 96.1% | 검증: 87.2% | lr: 1.00e-03 | 0.3s
  에폭 757/1500 | 손실: 0.2265 | 학습: 96.1% | 검증: 87.2% | lr: 1.00e-03 | 0.2s
  에폭 758/1500 | 손실: 0.2267 | 학습: 95.9% | 검증: 87.8% | lr: 1.00e-03 | 0.2s ★
  에폭 759/1500 | 손실: 0.2319 | 학습: 96.0% | 검증: 86.3% | lr: 1.00e-03 | 0.2s
  에폭 760/1500 | 손실: 0.2209 | 학습: 96.0% | 검증: 87.1% | lr: 1.00e-03 | 0.2s
  에폭 761/1500 | 손실: 0.2257 | 학습: 96.1% | 검증: 87.2% | lr: 1.00e-03 | 0.3s
  에폭 762/1500 | 손실: 0.2226 | 학습: 96.1% | 검증: 86.9% | lr: 1.00e-03 | 0.3s
  에폭 763/1500 | 손실: 0.2288 | 학습: 96.3% | 검증: 87.4% | lr: 1.00e-03 | 0.2s
  에폭 764/1500 | 손실: 0.2228 | 학습: 96.1% | 검증: 87.4% | lr: 1.00e-03 | 0.2s
  에폭 765/1500 | 손실: 0.2224 | 학습: 96.1% | 검증: 86.8% | lr: 1.00e-03 | 0.2s
  에폭 766/1500 | 손실: 0.2279 | 학습: 96.0% | 검증: 87.3% | lr: 1.00e-03 | 0.3s
  에폭 767/1500 | 손실: 0.2235 | 학습: 95.9% | 검증: 87.2% | lr: 1.00e-03 | 0.2s
  에폭 768/1500 | 손실: 0.2252 | 학습: 96.1% | 검증: 87.4% | lr: 1.00e-03 | 0.3s
  에폭 769/1500 | 손실: 0.2293 | 학습: 96.2% | 검증: 87.5% | lr: 1.00e-03 | 0.2s
  에폭 770/1500 | 손실: 0.2261 | 학습: 96.1% | 검증: 87.4% | lr: 1.00e-03 | 0.3s
  에폭 771/1500 | 손실: 0.2265 | 학습: 96.0% | 검증: 87.3% | lr: 1.00e-03 | 0.2s
  에폭 772/1500 | 손실: 0.2202 | 학습: 96.1% | 검증: 87.1% | lr: 1.00e-03 | 0.3s
  에폭 773/1500 | 손실: 0.2335 | 학습: 96.2% | 검증: 87.2% | lr: 1.00e-03 | 0.3s
  에폭 774/1500 | 손실: 0.2255 | 학습: 96.0% | 검증: 87.4% | lr: 1.00e-03 | 0.3s
  에폭 775/1500 | 손실: 0.2220 | 학습: 96.1% | 검증: 87.4% | lr: 1.00e-03 | 0.2s
  에폭 776/1500 | 손실: 0.2249 | 학습: 96.2% | 검증: 87.2% | lr: 1.00e-03 | 0.3s
  에폭 777/1500 | 손실: 0.2233 | 학습: 96.1% | 검증: 87.2% | lr: 1.00e-03 | 0.4s
  에폭 778/1500 | 손실: 0.2258 | 학습: 96.3% | 검증: 87.2% | lr: 1.00e-03 | 0.3s
  에폭 779/1500 | 손실: 0.2309 | 학습: 96.2% | 검증: 87.7% | lr: 1.00e-03 | 0.3s
  에폭 780/1500 | 손실: 0.2180 | 학습: 96.1% | 검증: 87.7% | lr: 1.00e-03 | 0.3s
  에폭 781/1500 | 손실: 0.2243 | 학습: 96.2% | 검증: 87.5% | lr: 1.00e-03 | 0.2s
  에폭 782/1500 | 손실: 0.2295 | 학습: 96.0% | 검증: 87.5% | lr: 1.00e-03 | 0.2s
  에폭 783/1500 | 손실: 0.2220 | 학습: 96.1% | 검증: 87.1% | lr: 1.00e-03 | 0.3s
  에폭 784/1500 | 손실: 0.2217 | 학습: 96.2% | 검증: 87.4% | lr: 1.00e-03 | 0.3s
  에폭 785/1500 | 손실: 0.2255 | 학습: 96.4% | 검증: 87.2% | lr: 1.00e-03 | 0.2s
  에폭 786/1500 | 손실: 0.2279 | 학습: 96.0% | 검증: 87.2% | lr: 1.00e-03 | 0.2s
  에폭 787/1500 | 손실: 0.2221 | 학습: 96.2% | 검증: 87.5% | lr: 1.00e-03 | 0.3s
  에폭 788/1500 | 손실: 0.2243 | 학습: 96.0% | 검증: 87.1% | lr: 1.00e-03 | 0.3s
  에폭 789/1500 | 손실: 0.2247 | 학습: 96.3% | 검증: 87.3% | lr: 1.00e-03 | 0.2s
  에폭 790/1500 | 손실: 0.2227 | 학습: 96.2% | 검증: 87.3% | lr: 1.00e-03 | 0.2s
  에폭 791/1500 | 손실: 0.2227 | 학습: 96.1% | 검증: 87.3% | lr: 1.00e-03 | 0.2s
  에폭 792/1500 | 손실: 0.2235 | 학습: 96.1% | 검증: 87.4% | lr: 1.00e-03 | 0.2s
  에폭 793/1500 | 손실: 0.2252 | 학습: 96.3% | 검증: 87.4% | lr: 1.00e-03 | 0.3s
  에폭 794/1500 | 손실: 0.2252 | 학습: 96.1% | 검증: 87.1% | lr: 1.00e-03 | 0.2s
  에폭 795/1500 | 손실: 0.2252 | 학습: 96.1% | 검증: 87.4% | lr: 1.00e-03 | 0.2s
  에폭 796/1500 | 손실: 0.2275 | 학습: 96.1% | 검증: 87.2% | lr: 1.00e-03 | 0.2s
  에폭 797/1500 | 손실: 0.2209 | 학습: 96.3% | 검증: 87.2% | lr: 1.00e-03 | 0.2s
  에폭 798/1500 | 손실: 0.2256 | 학습: 96.2% | 검증: 87.3% | lr: 1.00e-03 | 0.3s
  에폭 799/1500 | 손실: 0.2306 | 학습: 96.1% | 검증: 87.3% | lr: 1.00e-03 | 0.3s
  에폭 800/1500 | 손실: 0.2205 | 학습: 96.3% | 검증: 87.2% | lr: 1.00e-03 | 0.2s
  에폭 801/1500 | 손실: 0.2221 | 학습: 96.2% | 검증: 87.6% | lr: 1.00e-03 | 0.2s
  에폭 802/1500 | 손실: 0.2225 | 학습: 96.3% | 검증: 87.7% | lr: 1.00e-03 | 0.2s
  에폭 803/1500 | 손실: 0.2280 | 학습: 96.3% | 검증: 87.2% | lr: 1.00e-03 | 0.2s
  에폭 804/1500 | 손실: 0.2241 | 학습: 96.1% | 검증: 87.6% | lr: 1.00e-03 | 0.3s
  에폭 805/1500 | 손실: 0.2210 | 학습: 96.4% | 검증: 87.5% | lr: 1.00e-03 | 0.2s
  에폭 806/1500 | 손실: 0.2275 | 학습: 96.3% | 검증: 87.2% | lr: 1.00e-03 | 0.2s
  에폭 807/1500 | 손실: 0.2239 | 학습: 96.1% | 검증: 87.1% | lr: 1.00e-03 | 0.2s
  에폭 808/1500 | 손실: 0.2227 | 학습: 96.1% | 검증: 87.5% | lr: 1.00e-03 | 0.2s
  에폭 809/1500 | 손실: 0.2278 | 학습: 96.2% | 검증: 87.2% | lr: 1.00e-03 | 0.3s
  에폭 810/1500 | 손실: 0.2210 | 학습: 96.1% | 검증: 87.3% | lr: 1.00e-03 | 0.2s
  에폭 811/1500 | 손실: 0.2237 | 학습: 96.2% | 검증: 87.1% | lr: 1.00e-03 | 0.2s
  에폭 812/1500 | 손실: 0.2123 | 학습: 96.4% | 검증: 87.3% | lr: 1.00e-03 | 0.2s
  에폭 813/1500 | 손실: 0.2205 | 학습: 96.2% | 검증: 87.2% | lr: 1.00e-03 | 0.2s
  에폭 814/1500 | 손실: 0.2186 | 학습: 96.3% | 검증: 87.2% | lr: 1.00e-03 | 0.2s
  에폭 815/1500 | 손실: 0.2191 | 학습: 96.1% | 검증: 87.7% | lr: 1.00e-03 | 0.3s
  에폭 816/1500 | 손실: 0.2222 | 학습: 96.2% | 검증: 87.5% | lr: 1.00e-03 | 0.2s
  에폭 817/1500 | 손실: 0.2201 | 학습: 96.3% | 검증: 87.5% | lr: 1.00e-03 | 0.2s
  에폭 818/1500 | 손실: 0.2257 | 학습: 96.3% | 검증: 87.5% | lr: 1.00e-03 | 0.3s
  에폭 819/1500 | 손실: 0.2240 | 학습: 96.1% | 검증: 87.2% | lr: 1.00e-03 | 0.2s
  에폭 820/1500 | 손실: 0.2255 | 학습: 96.2% | 검증: 87.6% | lr: 1.00e-03 | 0.3s
  에폭 821/1500 | 손실: 0.2200 | 학습: 96.3% | 검증: 87.2% | lr: 1.00e-03 | 0.2s
  에폭 822/1500 | 손실: 0.2299 | 학습: 96.1% | 검증: 87.5% | lr: 1.00e-03 | 0.2s
  에폭 823/1500 | 손실: 0.2210 | 학습: 96.0% | 검증: 87.0% | lr: 1.00e-03 | 0.2s
  에폭 824/1500 | 손실: 0.2197 | 학습: 96.3% | 검증: 87.6% | lr: 1.00e-03 | 0.2s
  에폭 825/1500 | 손실: 0.2216 | 학습: 96.4% | 검증: 87.3% | lr: 1.00e-03 | 0.2s
  에폭 826/1500 | 손실: 0.2242 | 학습: 96.3% | 검증: 87.4% | lr: 1.00e-03 | 0.6s
  에폭 827/1500 | 손실: 0.2219 | 학습: 96.4% | 검증: 87.4% | lr: 1.00e-03 | 1.3s
  에폭 828/1500 | 손실: 0.2217 | 학습: 96.1% | 검증: 87.2% | lr: 1.00e-03 | 1.2s
  에폭 829/1500 | 손실: 0.2212 | 학습: 96.3% | 검증: 87.3% | lr: 1.00e-03 | 1.2s
  에폭 830/1500 | 손실: 0.2254 | 학습: 96.3% | 검증: 87.3% | lr: 1.00e-03 | 1.3s
  에폭 831/1500 | 손실: 0.2214 | 학습: 96.3% | 검증: 87.2% | lr: 1.00e-03 | 1.7s
  에폭 832/1500 | 손실: 0.2190 | 학습: 96.2% | 검증: 87.5% | lr: 1.00e-03 | 1.2s
  에폭 833/1500 | 손실: 0.2222 | 학습: 96.1% | 검증: 87.2% | lr: 1.00e-03 | 1.2s
  에폭 834/1500 | 손실: 0.2246 | 학습: 96.3% | 검증: 87.5% | lr: 1.00e-03 | 1.3s
  에폭 835/1500 | 손실: 0.2200 | 학습: 96.2% | 검증: 87.2% | lr: 1.00e-03 | 1.3s
  에폭 836/1500 | 손실: 0.2210 | 학습: 96.5% | 검증: 87.9% | lr: 1.00e-03 | 1.8s ★
  에폭 837/1500 | 손실: 0.2246 | 학습: 96.1% | 검증: 87.3% | lr: 1.00e-03 | 1.3s
  에폭 838/1500 | 손실: 0.2224 | 학습: 96.2% | 검증: 87.1% | lr: 1.00e-03 | 1.3s
  에폭 839/1500 | 손실: 0.2203 | 학습: 96.3% | 검증: 87.7% | lr: 1.00e-03 | 1.2s
  에폭 840/1500 | 손실: 0.2189 | 학습: 96.4% | 검증: 87.5% | lr: 1.00e-03 | 1.3s
  에폭 841/1500 | 손실: 0.2215 | 학습: 96.1% | 검증: 87.3% | lr: 1.00e-03 | 1.3s
  에폭 842/1500 | 손실: 0.2165 | 학습: 96.3% | 검증: 87.4% | lr: 1.00e-03 | 1.8s
  에폭 843/1500 | 손실: 0.2256 | 학습: 96.3% | 검증: 87.4% | lr: 1.00e-03 | 1.2s
  에폭 844/1500 | 손실: 0.2276 | 학습: 96.2% | 검증: 87.1% | lr: 1.00e-03 | 1.3s
  에폭 845/1500 | 손실: 0.2214 | 학습: 96.4% | 검증: 87.6% | lr: 1.00e-03 | 1.3s
  에폭 846/1500 | 손실: 0.2240 | 학습: 96.1% | 검증: 87.2% | lr: 1.00e-03 | 1.2s
  에폭 847/1500 | 손실: 0.2248 | 학습: 96.3% | 검증: 87.0% | lr: 1.00e-03 | 1.9s
  에폭 848/1500 | 손실: 0.2151 | 학습: 96.3% | 검증: 87.5% | lr: 1.00e-03 | 1.3s
  에폭 849/1500 | 손실: 0.2227 | 학습: 96.3% | 검증: 87.7% | lr: 1.00e-03 | 1.3s
  에폭 850/1500 | 손실: 0.2257 | 학습: 96.3% | 검증: 87.1% | lr: 1.00e-03 | 1.2s
  에폭 851/1500 | 손실: 0.2252 | 학습: 96.3% | 검증: 87.7% | lr: 1.00e-03 | 1.2s
  에폭 852/1500 | 손실: 0.2233 | 학습: 96.2% | 검증: 87.6% | lr: 1.00e-03 | 1.6s
  에폭 853/1500 | 손실: 0.2205 | 학습: 96.2% | 검증: 87.1% | lr: 1.00e-03 | 1.2s
  에폭 854/1500 | 손실: 0.2300 | 학습: 96.3% | 검증: 87.5% | lr: 1.00e-03 | 1.2s
  에폭 855/1500 | 손실: 0.2229 | 학습: 96.4% | 검증: 87.2% | lr: 1.00e-03 | 1.2s
  에폭 856/1500 | 손실: 0.2248 | 학습: 96.3% | 검증: 87.2% | lr: 1.00e-03 | 1.1s
  에폭 857/1500 | 손실: 0.2236 | 학습: 96.3% | 검증: 87.5% | lr: 1.00e-03 | 1.1s
  에폭 858/1500 | 손실: 0.2237 | 학습: 96.3% | 검증: 87.4% | lr: 1.00e-03 | 1.6s
  에폭 859/1500 | 손실: 0.2312 | 학습: 96.3% | 검증: 87.5% | lr: 1.00e-03 | 1.3s
  에폭 860/1500 | 손실: 0.2233 | 학습: 96.4% | 검증: 87.6% | lr: 1.00e-03 | 1.3s
  에폭 861/1500 | 손실: 0.2253 | 학습: 96.2% | 검증: 87.5% | lr: 1.00e-03 | 1.2s
  에폭 862/1500 | 손실: 0.2252 | 학습: 96.3% | 검증: 87.1% | lr: 1.00e-03 | 1.1s
  에폭 863/1500 | 손실: 0.2207 | 학습: 96.2% | 검증: 87.1% | lr: 5.00e-04 | 1.7s
  에폭 864/1500 | 손실: 0.2192 | 학습: 96.5% | 검증: 88.1% | lr: 5.00e-04 | 1.2s ★
  에폭 865/1500 | 손실: 0.2165 | 학습: 96.5% | 검증: 87.6% | lr: 5.00e-04 | 1.3s
  에폭 866/1500 | 손실: 0.2199 | 학습: 96.6% | 검증: 87.5% | lr: 5.00e-04 | 1.1s
  에폭 867/1500 | 손실: 0.2180 | 학습: 96.6% | 검증: 87.6% | lr: 5.00e-04 | 1.2s
  에폭 868/1500 | 손실: 0.2181 | 학습: 96.5% | 검증: 87.5% | lr: 5.00e-04 | 1.3s
  에폭 869/1500 | 손실: 0.2217 | 학습: 96.4% | 검증: 87.5% | lr: 5.00e-04 | 1.8s
  에폭 870/1500 | 손실: 0.2122 | 학습: 96.6% | 검증: 87.3% | lr: 5.00e-04 | 1.3s
  에폭 871/1500 | 손실: 0.2135 | 학습: 96.5% | 검증: 87.8% | lr: 5.00e-04 | 1.3s
  에폭 872/1500 | 손실: 0.2115 | 학습: 96.5% | 검증: 87.5% | lr: 5.00e-04 | 0.4s
  에폭 873/1500 | 손실: 0.2132 | 학습: 96.3% | 검증: 87.5% | lr: 5.00e-04 | 0.3s
  에폭 874/1500 | 손실: 0.2178 | 학습: 96.7% | 검증: 87.8% | lr: 5.00e-04 | 0.3s
  에폭 875/1500 | 손실: 0.2179 | 학습: 96.5% | 검증: 87.6% | lr: 5.00e-04 | 0.3s
  에폭 876/1500 | 손실: 0.2191 | 학습: 96.6% | 검증: 87.5% | lr: 5.00e-04 | 0.3s
  에폭 877/1500 | 손실: 0.2105 | 학습: 96.6% | 검증: 87.6% | lr: 5.00e-04 | 0.3s
  에폭 878/1500 | 손실: 0.2193 | 학습: 96.6% | 검증: 87.7% | lr: 5.00e-04 | 0.3s
  에폭 879/1500 | 손실: 0.2133 | 학습: 96.6% | 검증: 87.6% | lr: 5.00e-04 | 0.3s
  에폭 880/1500 | 손실: 0.2123 | 학습: 96.6% | 검증: 87.8% | lr: 5.00e-04 | 0.2s
  에폭 881/1500 | 손실: 0.2112 | 학습: 96.6% | 검증: 87.9% | lr: 5.00e-04 | 0.2s
  에폭 882/1500 | 손실: 0.2213 | 학습: 96.7% | 검증: 87.7% | lr: 5.00e-04 | 0.2s
  에폭 883/1500 | 손실: 0.2210 | 학습: 96.6% | 검증: 87.8% | lr: 5.00e-04 | 0.2s
  에폭 884/1500 | 손실: 0.2132 | 학습: 96.6% | 검증: 87.4% | lr: 5.00e-04 | 0.2s
  에폭 885/1500 | 손실: 0.2181 | 학습: 96.6% | 검증: 87.6% | lr: 5.00e-04 | 0.3s
  에폭 886/1500 | 손실: 0.2080 | 학습: 96.6% | 검증: 87.6% | lr: 5.00e-04 | 0.2s
  에폭 887/1500 | 손실: 0.2150 | 학습: 96.6% | 검증: 87.7% | lr: 5.00e-04 | 0.3s
  에폭 888/1500 | 손실: 0.2143 | 학습: 96.6% | 검증: 87.7% | lr: 5.00e-04 | 0.2s
  에폭 889/1500 | 손실: 0.2127 | 학습: 96.5% | 검증: 87.8% | lr: 5.00e-04 | 0.2s
  에폭 890/1500 | 손실: 0.2056 | 학습: 96.7% | 검증: 87.5% | lr: 5.00e-04 | 0.3s
  에폭 891/1500 | 손실: 0.2138 | 학습: 96.4% | 검증: 87.7% | lr: 5.00e-04 | 0.3s
  에폭 892/1500 | 손실: 0.2121 | 학습: 96.6% | 검증: 87.4% | lr: 5.00e-04 | 0.2s
  에폭 893/1500 | 손실: 0.2176 | 학습: 96.6% | 검증: 87.3% | lr: 5.00e-04 | 0.3s
  에폭 894/1500 | 손실: 0.2137 | 학습: 96.5% | 검증: 87.6% | lr: 5.00e-04 | 0.2s
  에폭 895/1500 | 손실: 0.2148 | 학습: 96.6% | 검증: 87.3% | lr: 5.00e-04 | 0.3s
  에폭 896/1500 | 손실: 0.2142 | 학습: 96.6% | 검증: 87.4% | lr: 5.00e-04 | 0.2s
  에폭 897/1500 | 손실: 0.2171 | 학습: 96.6% | 검증: 87.5% | lr: 5.00e-04 | 0.3s
  에폭 898/1500 | 손실: 0.2140 | 학습: 96.5% | 검증: 87.6% | lr: 5.00e-04 | 0.3s
  에폭 899/1500 | 손실: 0.2117 | 학습: 96.4% | 검증: 87.5% | lr: 5.00e-04 | 0.3s
  에폭 900/1500 | 손실: 0.2129 | 학습: 96.5% | 검증: 87.7% | lr: 5.00e-04 | 0.2s
  에폭 901/1500 | 손실: 0.2194 | 학습: 96.6% | 검증: 87.5% | lr: 5.00e-04 | 0.3s
  에폭 902/1500 | 손실: 0.2097 | 학습: 96.6% | 검증: 87.9% | lr: 5.00e-04 | 0.3s
  에폭 903/1500 | 손실: 0.2121 | 학습: 96.6% | 검증: 87.9% | lr: 5.00e-04 | 0.3s
  에폭 904/1500 | 손실: 0.2139 | 학습: 96.7% | 검증: 87.8% | lr: 5.00e-04 | 0.2s
  에폭 905/1500 | 손실: 0.2090 | 학습: 96.6% | 검증: 87.9% | lr: 5.00e-04 | 0.3s
  에폭 906/1500 | 손실: 0.2136 | 학습: 96.7% | 검증: 87.6% | lr: 5.00e-04 | 0.3s
  에폭 907/1500 | 손실: 0.2122 | 학습: 96.5% | 검증: 87.5% | lr: 5.00e-04 | 0.3s
  에폭 908/1500 | 손실: 0.2188 | 학습: 96.6% | 검증: 87.5% | lr: 5.00e-04 | 0.3s
  에폭 909/1500 | 손실: 0.2184 | 학습: 96.6% | 검증: 87.5% | lr: 5.00e-04 | 0.3s
  에폭 910/1500 | 손실: 0.2151 | 학습: 96.7% | 검증: 87.6% | lr: 5.00e-04 | 0.3s
  에폭 911/1500 | 손실: 0.2154 | 학습: 96.6% | 검증: 87.5% | lr: 5.00e-04 | 0.2s
  에폭 912/1500 | 손실: 0.2074 | 학습: 96.6% | 검증: 87.4% | lr: 5.00e-04 | 0.3s
  에폭 913/1500 | 손실: 0.2124 | 학습: 96.7% | 검증: 87.5% | lr: 5.00e-04 | 0.2s
  에폭 914/1500 | 손실: 0.2114 | 학습: 96.5% | 검증: 87.3% | lr: 5.00e-04 | 0.3s
  에폭 915/1500 | 손실: 0.2103 | 학습: 96.7% | 검증: 87.5% | lr: 5.00e-04 | 0.2s
  에폭 916/1500 | 손실: 0.2119 | 학습: 96.6% | 검증: 87.6% | lr: 5.00e-04 | 0.3s
  에폭 917/1500 | 손실: 0.2093 | 학습: 96.6% | 검증: 87.4% | lr: 5.00e-04 | 0.3s
  에폭 918/1500 | 손실: 0.2126 | 학습: 96.6% | 검증: 87.5% | lr: 5.00e-04 | 0.3s
  에폭 919/1500 | 손실: 0.2208 | 학습: 96.6% | 검증: 87.5% | lr: 5.00e-04 | 0.3s
  에폭 920/1500 | 손실: 0.2114 | 학습: 96.7% | 검증: 87.6% | lr: 5.00e-04 | 0.2s
  에폭 921/1500 | 손실: 0.2120 | 학습: 96.8% | 검증: 87.7% | lr: 5.00e-04 | 0.2s
  에폭 922/1500 | 손실: 0.2078 | 학습: 96.6% | 검증: 87.6% | lr: 5.00e-04 | 0.3s
  에폭 923/1500 | 손실: 0.2102 | 학습: 96.8% | 검증: 87.7% | lr: 5.00e-04 | 0.2s
  에폭 924/1500 | 손실: 0.2047 | 학습: 96.7% | 검증: 87.9% | lr: 5.00e-04 | 0.2s
  에폭 925/1500 | 손실: 0.2166 | 학습: 96.7% | 검증: 87.8% | lr: 5.00e-04 | 0.3s
  에폭 926/1500 | 손실: 0.2075 | 학습: 96.6% | 검증: 87.6% | lr: 5.00e-04 | 0.3s
  에폭 927/1500 | 손실: 0.2165 | 학습: 96.7% | 검증: 87.7% | lr: 5.00e-04 | 0.3s
  에폭 928/1500 | 손실: 0.2140 | 학습: 96.7% | 검증: 87.8% | lr: 5.00e-04 | 0.3s
  에폭 929/1500 | 손실: 0.2132 | 학습: 96.7% | 검증: 87.8% | lr: 5.00e-04 | 0.3s
  에폭 930/1500 | 손실: 0.2134 | 학습: 96.4% | 검증: 87.8% | lr: 5.00e-04 | 0.2s
  에폭 931/1500 | 손실: 0.2084 | 학습: 96.6% | 검증: 87.4% | lr: 5.00e-04 | 0.3s
  에폭 932/1500 | 손실: 0.2065 | 학습: 96.5% | 검증: 87.7% | lr: 5.00e-04 | 0.3s
  에폭 933/1500 | 손실: 0.2092 | 학습: 96.6% | 검증: 87.5% | lr: 5.00e-04 | 0.3s
  에폭 934/1500 | 손실: 0.2069 | 학습: 96.5% | 검증: 87.5% | lr: 5.00e-04 | 0.2s
  에폭 935/1500 | 손실: 0.2110 | 학습: 96.6% | 검증: 87.3% | lr: 5.00e-04 | 0.3s
  에폭 936/1500 | 손실: 0.2110 | 학습: 96.6% | 검증: 87.6% | lr: 5.00e-04 | 0.2s
  에폭 937/1500 | 손실: 0.2107 | 학습: 96.8% | 검증: 87.6% | lr: 5.00e-04 | 0.3s
  에폭 938/1500 | 손실: 0.2125 | 학습: 96.7% | 검증: 87.7% | lr: 5.00e-04 | 0.3s
  에폭 939/1500 | 손실: 0.2035 | 학습: 96.8% | 검증: 87.5% | lr: 5.00e-04 | 0.2s
  에폭 940/1500 | 손실: 0.2096 | 학습: 96.6% | 검증: 87.4% | lr: 5.00e-04 | 0.2s
  에폭 941/1500 | 손실: 0.2142 | 학습: 96.6% | 검증: 87.5% | lr: 5.00e-04 | 0.3s
  에폭 942/1500 | 손실: 0.2085 | 학습: 96.6% | 검증: 87.6% | lr: 5.00e-04 | 0.2s
  에폭 943/1500 | 손실: 0.2115 | 학습: 96.7% | 검증: 87.6% | lr: 5.00e-04 | 0.2s
  에폭 944/1500 | 손실: 0.2103 | 학습: 96.8% | 검증: 87.9% | lr: 5.00e-04 | 0.3s
  에폭 945/1500 | 손실: 0.2135 | 학습: 96.7% | 검증: 87.5% | lr: 5.00e-04 | 0.3s
  에폭 946/1500 | 손실: 0.2139 | 학습: 96.7% | 검증: 87.8% | lr: 5.00e-04 | 0.2s
  에폭 947/1500 | 손실: 0.2148 | 학습: 96.7% | 검증: 87.9% | lr: 5.00e-04 | 0.2s
  에폭 948/1500 | 손실: 0.2088 | 학습: 96.7% | 검증: 87.7% | lr: 5.00e-04 | 0.2s
  에폭 949/1500 | 손실: 0.2066 | 학습: 96.8% | 검증: 87.6% | lr: 5.00e-04 | 0.3s
  에폭 950/1500 | 손실: 0.2165 | 학습: 96.7% | 검증: 87.5% | lr: 5.00e-04 | 0.3s
  에폭 951/1500 | 손실: 0.2067 | 학습: 96.8% | 검증: 87.4% | lr: 5.00e-04 | 0.2s
  에폭 952/1500 | 손실: 0.2089 | 학습: 96.7% | 검증: 87.4% | lr: 5.00e-04 | 0.2s
  에폭 953/1500 | 손실: 0.2139 | 학습: 96.6% | 검증: 87.9% | lr: 5.00e-04 | 0.2s
  에폭 954/1500 | 손실: 0.2122 | 학습: 96.5% | 검증: 87.2% | lr: 5.00e-04 | 0.2s
  에폭 955/1500 | 손실: 0.2135 | 학습: 96.6% | 검증: 87.7% | lr: 5.00e-04 | 0.3s
  에폭 956/1500 | 손실: 0.2111 | 학습: 96.7% | 검증: 87.8% | lr: 5.00e-04 | 0.3s
  에폭 957/1500 | 손실: 0.2157 | 학습: 96.8% | 검증: 87.6% | lr: 5.00e-04 | 0.3s
  에폭 958/1500 | 손실: 0.2091 | 학습: 96.7% | 검증: 87.7% | lr: 5.00e-04 | 0.3s
  에폭 959/1500 | 손실: 0.2099 | 학습: 96.8% | 검증: 87.9% | lr: 5.00e-04 | 0.3s
  에폭 960/1500 | 손실: 0.2095 | 학습: 96.7% | 검증: 87.7% | lr: 5.00e-04 | 0.3s
  에폭 961/1500 | 손실: 0.2187 | 학습: 96.8% | 검증: 87.7% | lr: 5.00e-04 | 0.2s
  에폭 962/1500 | 손실: 0.2077 | 학습: 96.8% | 검증: 87.5% | lr: 5.00e-04 | 0.3s
  에폭 963/1500 | 손실: 0.2111 | 학습: 96.7% | 검증: 87.8% | lr: 5.00e-04 | 0.2s
  에폭 964/1500 | 손실: 0.2126 | 학습: 96.8% | 검증: 87.4% | lr: 5.00e-04 | 0.3s
  에폭 965/1500 | 손실: 0.2175 | 학습: 96.8% | 검증: 87.9% | lr: 5.00e-04 | 0.3s
  에폭 966/1500 | 손실: 0.2165 | 학습: 96.7% | 검증: 87.6% | lr: 5.00e-04 | 0.2s
  에폭 967/1500 | 손실: 0.2110 | 학습: 96.7% | 검증: 87.9% | lr: 5.00e-04 | 0.2s
  에폭 968/1500 | 손실: 0.2158 | 학습: 96.7% | 검증: 87.6% | lr: 5.00e-04 | 0.2s
  에폭 969/1500 | 손실: 0.2027 | 학습: 96.7% | 검증: 87.6% | lr: 5.00e-04 | 0.2s
  에폭 970/1500 | 손실: 0.2110 | 학습: 96.7% | 검증: 87.8% | lr: 5.00e-04 | 0.2s
  에폭 971/1500 | 손실: 0.2083 | 학습: 96.8% | 검증: 87.6% | lr: 5.00e-04 | 0.3s
  에폭 972/1500 | 손실: 0.2095 | 학습: 96.7% | 검증: 87.4% | lr: 5.00e-04 | 0.2s
  에폭 973/1500 | 손실: 0.2094 | 학습: 96.6% | 검증: 87.7% | lr: 5.00e-04 | 0.2s
  에폭 974/1500 | 손실: 0.2160 | 학습: 96.8% | 검증: 87.6% | lr: 5.00e-04 | 0.3s
  에폭 975/1500 | 손실: 0.2156 | 학습: 96.6% | 검증: 87.6% | lr: 5.00e-04 | 0.3s
  에폭 976/1500 | 손실: 0.2159 | 학습: 96.8% | 검증: 87.4% | lr: 5.00e-04 | 0.3s
  에폭 977/1500 | 손실: 0.2076 | 학습: 96.8% | 검증: 87.4% | lr: 5.00e-04 | 0.3s
  에폭 978/1500 | 손실: 0.2122 | 학습: 96.6% | 검증: 87.4% | lr: 5.00e-04 | 0.2s
  에폭 979/1500 | 손실: 0.2126 | 학습: 96.6% | 검증: 87.5% | lr: 5.00e-04 | 0.3s
  에폭 980/1500 | 손실: 0.2049 | 학습: 96.6% | 검증: 87.5% | lr: 5.00e-04 | 0.2s
  에폭 981/1500 | 손실: 0.2078 | 학습: 96.7% | 검증: 87.8% | lr: 5.00e-04 | 0.3s
  에폭 982/1500 | 손실: 0.2155 | 학습: 96.7% | 검증: 87.8% | lr: 5.00e-04 | 0.2s
  에폭 983/1500 | 손실: 0.2120 | 학습: 96.7% | 검증: 87.8% | lr: 5.00e-04 | 0.2s
  에폭 984/1500 | 손실: 0.2155 | 학습: 96.7% | 검증: 87.7% | lr: 5.00e-04 | 0.2s
  에폭 985/1500 | 손실: 0.2090 | 학습: 96.7% | 검증: 87.5% | lr: 5.00e-04 | 0.2s
  에폭 986/1500 | 손실: 0.2070 | 학습: 96.7% | 검증: 87.7% | lr: 5.00e-04 | 0.2s
  에폭 987/1500 | 손실: 0.2113 | 학습: 96.7% | 검증: 87.3% | lr: 5.00e-04 | 0.3s
  에폭 988/1500 | 손실: 0.2137 | 학습: 96.7% | 검증: 87.6% | lr: 5.00e-04 | 0.2s
  에폭 989/1500 | 손실: 0.2038 | 학습: 96.8% | 검증: 87.7% | lr: 5.00e-04 | 0.3s
  에폭 990/1500 | 손실: 0.2102 | 학습: 96.7% | 검증: 87.4% | lr: 5.00e-04 | 0.3s
  에폭 991/1500 | 손실: 0.2154 | 학습: 96.6% | 검증: 88.0% | lr: 5.00e-04 | 0.3s
  에폭 992/1500 | 손실: 0.2088 | 학습: 96.7% | 검증: 87.9% | lr: 5.00e-04 | 0.3s
  에폭 993/1500 | 손실: 0.2121 | 학습: 96.7% | 검증: 88.0% | lr: 5.00e-04 | 0.3s
  에폭 994/1500 | 손실: 0.2161 | 학습: 96.7% | 검증: 87.7% | lr: 5.00e-04 | 0.3s
  에폭 995/1500 | 손실: 0.2103 | 학습: 96.7% | 검증: 87.6% | lr: 5.00e-04 | 0.2s
  에폭 996/1500 | 손실: 0.2121 | 학습: 96.8% | 검증: 87.7% | lr: 5.00e-04 | 0.2s
  에폭 997/1500 | 손실: 0.2153 | 학습: 96.8% | 검증: 87.8% | lr: 5.00e-04 | 0.2s
  에폭 998/1500 | 손실: 0.2134 | 학습: 96.6% | 검증: 87.8% | lr: 5.00e-04 | 0.3s
  에폭 999/1500 | 손실: 0.2093 | 학습: 96.7% | 검증: 87.6% | lr: 5.00e-04 | 0.2s
  에폭 1000/1500 | 손실: 0.2114 | 학습: 96.6% | 검증: 87.4% | lr: 5.00e-04 | 0.2s
  에폭 1001/1500 | 손실: 0.2132 | 학습: 96.5% | 검증: 87.7% | lr: 5.00e-04 | 0.2s
  에폭 1002/1500 | 손실: 0.2148 | 학습: 96.8% | 검증: 87.5% | lr: 5.00e-04 | 0.3s
  에폭 1003/1500 | 손실: 0.2111 | 학습: 96.7% | 검증: 87.3% | lr: 5.00e-04 | 0.3s
  에폭 1004/1500 | 손실: 0.2092 | 학습: 96.6% | 검증: 87.5% | lr: 5.00e-04 | 0.2s
  에폭 1005/1500 | 손실: 0.2140 | 학습: 96.8% | 검증: 87.7% | lr: 5.00e-04 | 0.3s
  에폭 1006/1500 | 손실: 0.2128 | 학습: 96.8% | 검증: 87.4% | lr: 5.00e-04 | 0.3s
  에폭 1007/1500 | 손실: 0.2129 | 학습: 96.8% | 검증: 87.5% | lr: 5.00e-04 | 0.3s
  에폭 1008/1500 | 손실: 0.2073 | 학습: 96.8% | 검증: 87.6% | lr: 5.00e-04 | 0.3s
  에폭 1009/1500 | 손실: 0.2117 | 학습: 96.7% | 검증: 87.7% | lr: 5.00e-04 | 0.3s
  에폭 1010/1500 | 손실: 0.2088 | 학습: 96.7% | 검증: 87.6% | lr: 5.00e-04 | 0.2s
  에폭 1011/1500 | 손실: 0.2056 | 학습: 96.9% | 검증: 87.5% | lr: 5.00e-04 | 0.3s
  에폭 1012/1500 | 손실: 0.2135 | 학습: 96.7% | 검증: 87.6% | lr: 5.00e-04 | 0.3s
  에폭 1013/1500 | 손실: 0.2173 | 학습: 96.9% | 검증: 87.6% | lr: 5.00e-04 | 0.3s
  에폭 1014/1500 | 손실: 0.2144 | 학습: 96.7% | 검증: 87.6% | lr: 5.00e-04 | 0.3s
  에폭 1015/1500 | 손실: 0.2145 | 학습: 96.5% | 검증: 87.2% | lr: 5.00e-04 | 0.3s
  에폭 1016/1500 | 손실: 0.2140 | 학습: 96.9% | 검증: 87.4% | lr: 5.00e-04 | 0.3s
  에폭 1017/1500 | 손실: 0.2058 | 학습: 96.8% | 검증: 87.9% | lr: 5.00e-04 | 0.2s
  에폭 1018/1500 | 손실: 0.2124 | 학습: 96.6% | 검증: 87.8% | lr: 5.00e-04 | 0.2s
  에폭 1019/1500 | 손실: 0.2048 | 학습: 96.6% | 검증: 87.8% | lr: 5.00e-04 | 0.3s
  에폭 1020/1500 | 손실: 0.2169 | 학습: 96.6% | 검증: 88.0% | lr: 2.50e-04 | 0.3s
  에폭 1021/1500 | 손실: 0.2134 | 학습: 96.7% | 검증: 87.9% | lr: 2.50e-04 | 0.3s
  에폭 1022/1500 | 손실: 0.2058 | 학습: 96.8% | 검증: 87.7% | lr: 2.50e-04 | 0.2s
  에폭 1023/1500 | 손실: 0.2107 | 학습: 96.9% | 검증: 87.9% | lr: 2.50e-04 | 0.2s
  에폭 1024/1500 | 손실: 0.2066 | 학습: 96.8% | 검증: 87.9% | lr: 2.50e-04 | 0.3s
  에폭 1025/1500 | 손실: 0.2052 | 학습: 96.8% | 검증: 87.6% | lr: 2.50e-04 | 0.2s
  에폭 1026/1500 | 손실: 0.2049 | 학습: 96.7% | 검증: 87.5% | lr: 2.50e-04 | 0.2s
  에폭 1027/1500 | 손실: 0.2067 | 학습: 96.9% | 검증: 87.6% | lr: 2.50e-04 | 0.3s
  에폭 1028/1500 | 손실: 0.2040 | 학습: 96.9% | 검증: 87.8% | lr: 2.50e-04 | 0.2s
  에폭 1029/1500 | 손실: 0.1988 | 학습: 96.9% | 검증: 87.8% | lr: 2.50e-04 | 0.2s
  에폭 1030/1500 | 손실: 0.2086 | 학습: 96.9% | 검증: 87.8% | lr: 2.50e-04 | 0.3s
  에폭 1031/1500 | 손실: 0.2078 | 학습: 96.8% | 검증: 87.9% | lr: 2.50e-04 | 0.3s
  에폭 1032/1500 | 손실: 0.2004 | 학습: 96.9% | 검증: 87.7% | lr: 2.50e-04 | 0.3s
  에폭 1033/1500 | 손실: 0.2044 | 학습: 96.9% | 검증: 87.9% | lr: 2.50e-04 | 0.3s
  에폭 1034/1500 | 손실: 0.2048 | 학습: 96.9% | 검증: 87.8% | lr: 2.50e-04 | 0.3s
  에폭 1035/1500 | 손실: 0.2037 | 학습: 96.8% | 검증: 87.7% | lr: 2.50e-04 | 0.3s
  에폭 1036/1500 | 손실: 0.2098 | 학습: 96.9% | 검증: 88.0% | lr: 2.50e-04 | 0.3s
  에폭 1037/1500 | 손실: 0.2063 | 학습: 96.8% | 검증: 87.8% | lr: 2.50e-04 | 0.3s
  에폭 1038/1500 | 손실: 0.2067 | 학습: 96.9% | 검증: 87.5% | lr: 2.50e-04 | 0.3s
  에폭 1039/1500 | 손실: 0.1997 | 학습: 96.8% | 검증: 88.0% | lr: 2.50e-04 | 0.3s
  에폭 1040/1500 | 손실: 0.2129 | 학습: 97.0% | 검증: 87.6% | lr: 2.50e-04 | 0.3s
  에폭 1041/1500 | 손실: 0.2030 | 학습: 96.9% | 검증: 87.8% | lr: 2.50e-04 | 0.3s
  에폭 1042/1500 | 손실: 0.2113 | 학습: 96.9% | 검증: 87.5% | lr: 2.50e-04 | 0.2s
  에폭 1043/1500 | 손실: 0.2038 | 학습: 96.9% | 검증: 87.7% | lr: 2.50e-04 | 0.2s
  에폭 1044/1500 | 손실: 0.2043 | 학습: 96.9% | 검증: 87.6% | lr: 2.50e-04 | 0.2s
  에폭 1045/1500 | 손실: 0.2033 | 학습: 96.8% | 검증: 87.8% | lr: 2.50e-04 | 0.2s
  에폭 1046/1500 | 손실: 0.2047 | 학습: 96.9% | 검증: 87.8% | lr: 2.50e-04 | 0.3s
  에폭 1047/1500 | 손실: 0.2032 | 학습: 97.0% | 검증: 87.8% | lr: 2.50e-04 | 0.2s
  에폭 1048/1500 | 손실: 0.2016 | 학습: 96.9% | 검증: 87.8% | lr: 2.50e-04 | 0.2s
  에폭 1049/1500 | 손실: 0.2065 | 학습: 97.0% | 검증: 88.0% | lr: 2.50e-04 | 0.2s
  에폭 1050/1500 | 손실: 0.2091 | 학습: 96.8% | 검증: 87.7% | lr: 2.50e-04 | 0.3s
  에폭 1051/1500 | 손실: 0.2052 | 학습: 96.9% | 검증: 87.9% | lr: 2.50e-04 | 0.3s
  에폭 1052/1500 | 손실: 0.2030 | 학습: 96.8% | 검증: 87.6% | lr: 2.50e-04 | 0.2s
  에폭 1053/1500 | 손실: 0.2080 | 학습: 96.9% | 검증: 87.7% | lr: 2.50e-04 | 0.2s
  에폭 1054/1500 | 손실: 0.2042 | 학습: 96.8% | 검증: 87.7% | lr: 2.50e-04 | 0.3s
  에폭 1055/1500 | 손실: 0.2059 | 학습: 96.8% | 검증: 87.9% | lr: 2.50e-04 | 0.2s
  에폭 1056/1500 | 손실: 0.2052 | 학습: 96.9% | 검증: 87.8% | lr: 2.50e-04 | 0.2s
  에폭 1057/1500 | 손실: 0.2005 | 학습: 96.8% | 검증: 87.9% | lr: 2.50e-04 | 0.3s
  에폭 1058/1500 | 손실: 0.2065 | 학습: 96.9% | 검증: 87.8% | lr: 2.50e-04 | 0.3s
  에폭 1059/1500 | 손실: 0.1998 | 학습: 96.7% | 검증: 87.6% | lr: 2.50e-04 | 0.3s
  에폭 1060/1500 | 손실: 0.2000 | 학습: 96.8% | 검증: 87.5% | lr: 2.50e-04 | 0.3s
  에폭 1061/1500 | 손실: 0.2088 | 학습: 96.8% | 검증: 87.5% | lr: 2.50e-04 | 0.2s
  에폭 1062/1500 | 손실: 0.2059 | 학습: 96.9% | 검증: 87.7% | lr: 2.50e-04 | 0.3s
  에폭 1063/1500 | 손실: 0.2023 | 학습: 96.8% | 검증: 87.8% | lr: 2.50e-04 | 0.3s
  에폭 1064/1500 | 손실: 0.2132 | 학습: 96.9% | 검증: 88.0% | lr: 2.50e-04 | 0.2s
  에폭 1065/1500 | 손실: 0.1961 | 학습: 96.9% | 검증: 87.9% | lr: 2.50e-04 | 0.2s
  에폭 1066/1500 | 손실: 0.2022 | 학습: 96.8% | 검증: 87.7% | lr: 2.50e-04 | 0.3s
  에폭 1067/1500 | 손실: 0.2012 | 학습: 96.9% | 검증: 87.9% | lr: 2.50e-04 | 0.3s
  에폭 1068/1500 | 손실: 0.2103 | 학습: 96.8% | 검증: 87.7% | lr: 2.50e-04 | 0.2s
  에폭 1069/1500 | 손실: 0.2008 | 학습: 96.9% | 검증: 87.8% | lr: 2.50e-04 | 0.3s
  에폭 1070/1500 | 손실: 0.2134 | 학습: 96.8% | 검증: 87.7% | lr: 2.50e-04 | 0.3s
  에폭 1071/1500 | 손실: 0.2099 | 학습: 96.9% | 검증: 87.7% | lr: 2.50e-04 | 0.3s
  에폭 1072/1500 | 손실: 0.2061 | 학습: 96.8% | 검증: 87.9% | lr: 2.50e-04 | 0.2s
  에폭 1073/1500 | 손실: 0.2090 | 학습: 97.0% | 검증: 87.8% | lr: 2.50e-04 | 0.3s
  에폭 1074/1500 | 손실: 0.1981 | 학습: 96.9% | 검증: 87.9% | lr: 2.50e-04 | 0.3s
  에폭 1075/1500 | 손실: 0.2056 | 학습: 96.9% | 검증: 87.9% | lr: 2.50e-04 | 0.2s
  에폭 1076/1500 | 손실: 0.2012 | 학습: 96.8% | 검증: 87.7% | lr: 2.50e-04 | 0.3s
  에폭 1077/1500 | 손실: 0.2031 | 학습: 96.9% | 검증: 88.0% | lr: 2.50e-04 | 0.3s
  에폭 1078/1500 | 손실: 0.2039 | 학습: 96.9% | 검증: 87.9% | lr: 2.50e-04 | 0.3s
  에폭 1079/1500 | 손실: 0.2071 | 학습: 96.9% | 검증: 87.8% | lr: 2.50e-04 | 0.2s
  에폭 1080/1500 | 손실: 0.2042 | 학습: 96.9% | 검증: 87.7% | lr: 2.50e-04 | 0.3s
  에폭 1081/1500 | 손실: 0.2072 | 학습: 96.8% | 검증: 87.8% | lr: 2.50e-04 | 0.2s
  에폭 1082/1500 | 손실: 0.2004 | 학습: 96.8% | 검증: 87.7% | lr: 2.50e-04 | 0.3s
  에폭 1083/1500 | 손실: 0.2059 | 학습: 96.8% | 검증: 87.9% | lr: 2.50e-04 | 0.2s
  에폭 1084/1500 | 손실: 0.2074 | 학습: 96.9% | 검증: 87.9% | lr: 2.50e-04 | 0.3s
  에폭 1085/1500 | 손실: 0.2063 | 학습: 96.9% | 검증: 88.1% | lr: 2.50e-04 | 0.2s
  에폭 1086/1500 | 손실: 0.2069 | 학습: 96.8% | 검증: 87.8% | lr: 2.50e-04 | 0.2s
  에폭 1087/1500 | 손실: 0.2030 | 학습: 96.8% | 검증: 87.6% | lr: 2.50e-04 | 0.2s
  에폭 1088/1500 | 손실: 0.2081 | 학습: 96.7% | 검증: 87.4% | lr: 2.50e-04 | 0.3s
  에폭 1089/1500 | 손실: 0.2002 | 학습: 97.0% | 검증: 87.6% | lr: 2.50e-04 | 0.3s
  에폭 1090/1500 | 손실: 0.2059 | 학습: 96.9% | 검증: 87.8% | lr: 2.50e-04 | 0.2s
  에폭 1091/1500 | 손실: 0.2045 | 학습: 96.9% | 검증: 87.6% | lr: 2.50e-04 | 0.2s
  에폭 1092/1500 | 손실: 0.2021 | 학습: 97.0% | 검증: 87.6% | lr: 2.50e-04 | 0.3s
  에폭 1093/1500 | 손실: 0.2028 | 학습: 96.8% | 검증: 87.6% | lr: 2.50e-04 | 0.2s
  에폭 1094/1500 | 손실: 0.2037 | 학습: 96.5% | 검증: 87.4% | lr: 2.50e-04 | 0.3s
  에폭 1095/1500 | 손실: 0.2048 | 학습: 96.8% | 검증: 87.5% | lr: 2.50e-04 | 0.2s
  에폭 1096/1500 | 손실: 0.2054 | 학습: 96.9% | 검증: 87.6% | lr: 2.50e-04 | 0.2s
  에폭 1097/1500 | 손실: 0.2045 | 학습: 96.9% | 검증: 87.9% | lr: 2.50e-04 | 0.2s
  에폭 1098/1500 | 손실: 0.2079 | 학습: 96.9% | 검증: 87.6% | lr: 2.50e-04 | 0.2s
  에폭 1099/1500 | 손실: 0.2029 | 학습: 96.8% | 검증: 87.8% | lr: 2.50e-04 | 0.3s
  에폭 1100/1500 | 손실: 0.2067 | 학습: 96.8% | 검증: 87.6% | lr: 2.50e-04 | 0.3s
  에폭 1101/1500 | 손실: 0.2087 | 학습: 96.8% | 검증: 87.7% | lr: 2.50e-04 | 0.2s
  에폭 1102/1500 | 손실: 0.2030 | 학습: 96.9% | 검증: 87.9% | lr: 2.50e-04 | 0.2s
  에폭 1103/1500 | 손실: 0.2062 | 학습: 96.9% | 검증: 87.7% | lr: 2.50e-04 | 0.3s
  에폭 1104/1500 | 손실: 0.2033 | 학습: 96.9% | 검증: 87.7% | lr: 2.50e-04 | 0.3s
  에폭 1105/1500 | 손실: 0.2131 | 학습: 97.0% | 검증: 87.5% | lr: 2.50e-04 | 0.3s
  에폭 1106/1500 | 손실: 0.2012 | 학습: 96.9% | 검증: 87.8% | lr: 2.50e-04 | 0.3s
  에폭 1107/1500 | 손실: 0.2061 | 학습: 96.9% | 검증: 87.6% | lr: 2.50e-04 | 0.3s
  에폭 1108/1500 | 손실: 0.2089 | 학습: 96.9% | 검증: 87.5% | lr: 2.50e-04 | 0.3s
  에폭 1109/1500 | 손실: 0.2072 | 학습: 96.9% | 검증: 87.3% | lr: 2.50e-04 | 0.3s
  에폭 1110/1500 | 손실: 0.2015 | 학습: 97.0% | 검증: 87.6% | lr: 2.50e-04 | 0.3s
  에폭 1111/1500 | 손실: 0.2024 | 학습: 97.0% | 검증: 87.8% | lr: 2.50e-04 | 0.3s
  에폭 1112/1500 | 손실: 0.2052 | 학습: 96.9% | 검증: 87.9% | lr: 2.50e-04 | 0.3s
  에폭 1113/1500 | 손실: 0.2047 | 학습: 96.9% | 검증: 87.8% | lr: 2.50e-04 | 0.3s
  에폭 1114/1500 | 손실: 0.2061 | 학습: 96.9% | 검증: 87.6% | lr: 2.50e-04 | 0.2s
  에폭 1115/1500 | 손실: 0.2004 | 학습: 96.9% | 검증: 87.6% | lr: 2.50e-04 | 0.3s
  에폭 1116/1500 | 손실: 0.2043 | 학습: 96.9% | 검증: 87.7% | lr: 1.25e-04 | 0.3s
  에폭 1117/1500 | 손실: 0.2023 | 학습: 96.8% | 검증: 87.5% | lr: 1.25e-04 | 0.2s
  에폭 1118/1500 | 손실: 0.2006 | 학습: 96.9% | 검증: 87.7% | lr: 1.25e-04 | 0.3s
  에폭 1119/1500 | 손실: 0.1971 | 학습: 97.0% | 검증: 87.7% | lr: 1.25e-04 | 0.2s
  에폭 1120/1500 | 손실: 0.2058 | 학습: 96.8% | 검증: 87.9% | lr: 1.25e-04 | 0.3s
  에폭 1121/1500 | 손실: 0.2046 | 학습: 96.9% | 검증: 87.9% | lr: 1.25e-04 | 0.3s
  에폭 1122/1500 | 손실: 0.2055 | 학습: 96.9% | 검증: 87.9% | lr: 1.25e-04 | 0.2s
  에폭 1123/1500 | 손실: 0.2071 | 학습: 96.9% | 검증: 87.9% | lr: 1.25e-04 | 0.3s
  에폭 1124/1500 | 손실: 0.2005 | 학습: 96.9% | 검증: 87.8% | lr: 1.25e-04 | 0.2s
  에폭 1125/1500 | 손실: 0.2083 | 학습: 97.0% | 검증: 87.8% | lr: 1.25e-04 | 0.3s
  에폭 1126/1500 | 손실: 0.1989 | 학습: 97.0% | 검증: 87.9% | lr: 1.25e-04 | 0.3s
  에폭 1127/1500 | 손실: 0.2043 | 학습: 96.9% | 검증: 87.9% | lr: 1.25e-04 | 0.3s
  에폭 1128/1500 | 손실: 0.2093 | 학습: 97.0% | 검증: 87.9% | lr: 1.25e-04 | 0.3s
  에폭 1129/1500 | 손실: 0.2025 | 학습: 96.9% | 검증: 88.1% | lr: 1.25e-04 | 0.2s
  에폭 1130/1500 | 손실: 0.2022 | 학습: 96.8% | 검증: 87.8% | lr: 1.25e-04 | 0.2s
  에폭 1131/1500 | 손실: 0.2024 | 학습: 96.9% | 검증: 87.9% | lr: 1.25e-04 | 0.3s
  에폭 1132/1500 | 손실: 0.2034 | 학습: 96.9% | 검증: 87.9% | lr: 1.25e-04 | 0.3s
  에폭 1133/1500 | 손실: 0.2052 | 학습: 97.0% | 검증: 87.8% | lr: 1.25e-04 | 0.2s
  에폭 1134/1500 | 손실: 0.2009 | 학습: 97.0% | 검증: 87.9% | lr: 1.25e-04 | 0.3s
  에폭 1135/1500 | 손실: 0.1996 | 학습: 97.0% | 검증: 87.9% | lr: 1.25e-04 | 0.3s
  에폭 1136/1500 | 손실: 0.2064 | 학습: 96.9% | 검증: 87.5% | lr: 1.25e-04 | 0.3s
  에폭 1137/1500 | 손실: 0.1992 | 학습: 97.0% | 검증: 87.8% | lr: 1.25e-04 | 0.3s
  에폭 1138/1500 | 손실: 0.2031 | 학습: 97.0% | 검증: 87.8% | lr: 1.25e-04 | 0.3s
  에폭 1139/1500 | 손실: 0.1993 | 학습: 97.0% | 검증: 87.8% | lr: 1.25e-04 | 0.3s
  에폭 1140/1500 | 손실: 0.2050 | 학습: 97.0% | 검증: 87.7% | lr: 1.25e-04 | 0.3s
  에폭 1141/1500 | 손실: 0.2015 | 학습: 96.9% | 검증: 87.8% | lr: 1.25e-04 | 0.3s
  에폭 1142/1500 | 손실: 0.2065 | 학습: 96.8% | 검증: 87.9% | lr: 1.25e-04 | 0.2s
  에폭 1143/1500 | 손실: 0.1982 | 학습: 97.0% | 검증: 87.9% | lr: 1.25e-04 | 0.3s
  에폭 1144/1500 | 손실: 0.2016 | 학습: 97.0% | 검증: 87.7% | lr: 1.25e-04 | 0.2s
  에폭 1145/1500 | 손실: 0.2017 | 학습: 97.0% | 검증: 88.0% | lr: 1.25e-04 | 0.2s
  에폭 1146/1500 | 손실: 0.2008 | 학습: 96.9% | 검증: 87.9% | lr: 1.25e-04 | 0.3s
  에폭 1147/1500 | 손실: 0.2041 | 학습: 97.0% | 검증: 87.8% | lr: 1.25e-04 | 0.2s
  에폭 1148/1500 | 손실: 0.2045 | 학습: 96.7% | 검증: 87.7% | lr: 1.25e-04 | 0.3s
  에폭 1149/1500 | 손실: 0.2028 | 학습: 97.0% | 검증: 87.6% | lr: 1.25e-04 | 0.2s
  에폭 1150/1500 | 손실: 0.2047 | 학습: 97.0% | 검증: 87.8% | lr: 1.25e-04 | 0.2s
  에폭 1151/1500 | 손실: 0.2031 | 학습: 97.1% | 검증: 88.1% | lr: 1.25e-04 | 0.2s
  에폭 1152/1500 | 손실: 0.2136 | 학습: 96.9% | 검증: 87.5% | lr: 1.25e-04 | 0.2s
  에폭 1153/1500 | 손실: 0.2047 | 학습: 97.0% | 검증: 87.6% | lr: 1.25e-04 | 0.3s
  에폭 1154/1500 | 손실: 0.2034 | 학습: 97.0% | 검증: 87.6% | lr: 1.25e-04 | 0.2s
  에폭 1155/1500 | 손실: 0.2062 | 학습: 97.1% | 검증: 87.9% | lr: 1.25e-04 | 0.2s
  에폭 1156/1500 | 손실: 0.2048 | 학습: 97.0% | 검증: 87.8% | lr: 1.25e-04 | 0.2s
  에폭 1157/1500 | 손실: 0.2043 | 학습: 97.0% | 검증: 87.7% | lr: 1.25e-04 | 0.2s
  에폭 1158/1500 | 손실: 0.2040 | 학습: 97.0% | 검증: 87.9% | lr: 1.25e-04 | 0.2s
  에폭 1159/1500 | 손실: 0.2011 | 학습: 97.0% | 검증: 87.8% | lr: 1.25e-04 | 0.3s
  에폭 1160/1500 | 손실: 0.1993 | 학습: 97.0% | 검증: 88.1% | lr: 1.25e-04 | 0.2s
  에폭 1161/1500 | 손실: 0.2025 | 학습: 97.0% | 검증: 87.8% | lr: 1.25e-04 | 0.2s
  에폭 1162/1500 | 손실: 0.2057 | 학습: 97.0% | 검증: 87.7% | lr: 1.25e-04 | 0.2s
  에폭 1163/1500 | 손실: 0.1980 | 학습: 97.0% | 검증: 87.7% | lr: 1.25e-04 | 0.2s
  에폭 1164/1500 | 손실: 0.2009 | 학습: 97.0% | 검증: 87.8% | lr: 1.25e-04 | 0.3s
  에폭 1165/1500 | 손실: 0.2068 | 학습: 97.0% | 검증: 87.8% | lr: 1.25e-04 | 0.2s
  에폭 1166/1500 | 손실: 0.2050 | 학습: 96.9% | 검증: 87.8% | lr: 1.25e-04 | 0.2s
  에폭 1167/1500 | 손실: 0.2040 | 학습: 96.9% | 검증: 87.9% | lr: 6.25e-05 | 0.3s
  에폭 1168/1500 | 손실: 0.1999 | 학습: 97.0% | 검증: 87.8% | lr: 6.25e-05 | 0.2s
  에폭 1169/1500 | 손실: 0.2044 | 학습: 97.0% | 검증: 87.7% | lr: 6.25e-05 | 0.3s
  에폭 1170/1500 | 손실: 0.1999 | 학습: 97.1% | 검증: 88.1% | lr: 6.25e-05 | 0.2s
  에폭 1171/1500 | 손실: 0.1990 | 학습: 96.9% | 검증: 87.7% | lr: 6.25e-05 | 0.2s
  에폭 1172/1500 | 손실: 0.2051 | 학습: 97.0% | 검증: 87.9% | lr: 6.25e-05 | 0.2s
  에폭 1173/1500 | 손실: 0.1987 | 학습: 96.9% | 검증: 87.6% | lr: 6.25e-05 | 0.2s
  에폭 1174/1500 | 손실: 0.2063 | 학습: 97.1% | 검증: 87.7% | lr: 6.25e-05 | 0.2s
  에폭 1175/1500 | 손실: 0.1994 | 학습: 97.1% | 검증: 87.8% | lr: 6.25e-05 | 0.3s
  에폭 1176/1500 | 손실: 0.2045 | 학습: 97.0% | 검증: 88.0% | lr: 6.25e-05 | 0.2s
  에폭 1177/1500 | 손실: 0.2009 | 학습: 97.0% | 검증: 87.8% | lr: 6.25e-05 | 0.2s
  에폭 1178/1500 | 손실: 0.1970 | 학습: 97.1% | 검증: 87.7% | lr: 6.25e-05 | 0.2s
  에폭 1179/1500 | 손실: 0.1980 | 학습: 97.1% | 검증: 87.7% | lr: 6.25e-05 | 0.2s
  에폭 1180/1500 | 손실: 0.2031 | 학습: 97.0% | 검증: 87.8% | lr: 6.25e-05 | 0.3s
  에폭 1181/1500 | 손실: 0.2046 | 학습: 97.0% | 검증: 87.9% | lr: 6.25e-05 | 0.2s
  에폭 1182/1500 | 손실: 0.2022 | 학습: 96.9% | 검증: 87.8% | lr: 6.25e-05 | 0.2s
  에폭 1183/1500 | 손실: 0.2016 | 학습: 97.0% | 검증: 87.9% | lr: 6.25e-05 | 0.2s
  에폭 1184/1500 | 손실: 0.2038 | 학습: 96.9% | 검증: 87.8% | lr: 6.25e-05 | 0.2s
  에폭 1185/1500 | 손실: 0.2052 | 학습: 97.0% | 검증: 87.8% | lr: 6.25e-05 | 0.2s
  에폭 1186/1500 | 손실: 0.2015 | 학습: 97.0% | 검증: 87.8% | lr: 6.25e-05 | 0.3s
  에폭 1187/1500 | 손실: 0.1980 | 학습: 97.0% | 검증: 87.6% | lr: 6.25e-05 | 0.2s
  에폭 1188/1500 | 손실: 0.1996 | 학습: 97.0% | 검증: 87.7% | lr: 6.25e-05 | 0.2s
  에폭 1189/1500 | 손실: 0.2004 | 학습: 97.0% | 검증: 87.7% | lr: 6.25e-05 | 0.2s
  에폭 1190/1500 | 손실: 0.2058 | 학습: 96.9% | 검증: 87.5% | lr: 6.25e-05 | 0.2s
  에폭 1191/1500 | 손실: 0.2008 | 학습: 97.0% | 검증: 87.8% | lr: 6.25e-05 | 0.3s
  에폭 1192/1500 | 손실: 0.2068 | 학습: 97.0% | 검증: 87.9% | lr: 6.25e-05 | 0.2s
  에폭 1193/1500 | 손실: 0.2035 | 학습: 97.0% | 검증: 87.7% | lr: 6.25e-05 | 0.2s
  에폭 1194/1500 | 손실: 0.2051 | 학습: 96.9% | 검증: 87.8% | lr: 6.25e-05 | 0.2s
  에폭 1195/1500 | 손실: 0.1990 | 학습: 97.0% | 검증: 87.9% | lr: 6.25e-05 | 0.2s
  에폭 1196/1500 | 손실: 0.2048 | 학습: 96.9% | 검증: 87.7% | lr: 6.25e-05 | 0.3s
  에폭 1197/1500 | 손실: 0.2094 | 학습: 97.0% | 검증: 87.8% | lr: 6.25e-05 | 0.2s
  에폭 1198/1500 | 손실: 0.1995 | 학습: 97.0% | 검증: 87.6% | lr: 6.25e-05 | 0.2s
  에폭 1199/1500 | 손실: 0.1946 | 학습: 97.0% | 검증: 87.9% | lr: 6.25e-05 | 0.2s
  에폭 1200/1500 | 손실: 0.2016 | 학습: 97.0% | 검증: 87.9% | lr: 6.25e-05 | 0.2s
  에폭 1201/1500 | 손실: 0.2063 | 학습: 97.0% | 검증: 87.7% | lr: 6.25e-05 | 0.2s
  에폭 1202/1500 | 손실: 0.1983 | 학습: 97.0% | 검증: 87.7% | lr: 6.25e-05 | 0.3s
  에폭 1203/1500 | 손실: 0.2070 | 학습: 97.0% | 검증: 87.9% | lr: 6.25e-05 | 0.2s
  에폭 1204/1500 | 손실: 0.2055 | 학습: 97.0% | 검증: 87.6% | lr: 6.25e-05 | 0.2s
  에폭 1205/1500 | 손실: 0.2031 | 학습: 97.0% | 검증: 87.8% | lr: 6.25e-05 | 0.2s
  에폭 1206/1500 | 손실: 0.2079 | 학습: 96.9% | 검증: 87.6% | lr: 6.25e-05 | 0.2s
  에폭 1207/1500 | 손실: 0.1974 | 학습: 97.0% | 검증: 87.6% | lr: 6.25e-05 | 0.3s
  에폭 1208/1500 | 손실: 0.2089 | 학습: 96.9% | 검증: 87.6% | lr: 6.25e-05 | 0.2s
  에폭 1209/1500 | 손실: 0.1977 | 학습: 96.9% | 검증: 87.9% | lr: 6.25e-05 | 0.2s
  에폭 1210/1500 | 손실: 0.2009 | 학습: 96.9% | 검증: 87.5% | lr: 6.25e-05 | 0.2s
  에폭 1211/1500 | 손실: 0.1944 | 학습: 97.0% | 검증: 87.6% | lr: 6.25e-05 | 0.2s
  에폭 1212/1500 | 손실: 0.1976 | 학습: 96.9% | 검증: 87.5% | lr: 6.25e-05 | 0.3s
  에폭 1213/1500 | 손실: 0.2019 | 학습: 97.0% | 검증: 87.7% | lr: 6.25e-05 | 0.2s
  에폭 1214/1500 | 손실: 0.2074 | 학습: 97.0% | 검증: 87.7% | lr: 6.25e-05 | 0.2s
  에폭 1215/1500 | 손실: 0.1955 | 학습: 97.0% | 검증: 87.6% | lr: 6.25e-05 | 0.2s
  에폭 1216/1500 | 손실: 0.2001 | 학습: 97.0% | 검증: 87.7% | lr: 6.25e-05 | 0.2s
  에폭 1217/1500 | 손실: 0.1961 | 학습: 97.0% | 검증: 87.6% | lr: 6.25e-05 | 0.2s
  에폭 1218/1500 | 손실: 0.2007 | 학습: 97.1% | 검증: 87.7% | lr: 6.25e-05 | 0.3s
  에폭 1219/1500 | 손실: 0.1974 | 학습: 97.1% | 검증: 87.8% | lr: 6.25e-05 | 0.2s
  에폭 1220/1500 | 손실: 0.2038 | 학습: 97.0% | 검증: 87.9% | lr: 6.25e-05 | 0.2s
  에폭 1221/1500 | 손실: 0.1995 | 학습: 97.0% | 검증: 87.8% | lr: 6.25e-05 | 0.2s
  에폭 1222/1500 | 손실: 0.2023 | 학습: 96.9% | 검증: 87.8% | lr: 6.25e-05 | 0.2s
  에폭 1223/1500 | 손실: 0.2032 | 학습: 96.9% | 검증: 87.8% | lr: 6.25e-05 | 0.3s
  에폭 1224/1500 | 손실: 0.1983 | 학습: 97.0% | 검증: 87.9% | lr: 6.25e-05 | 0.2s
  에폭 1225/1500 | 손실: 0.2052 | 학습: 97.0% | 검증: 87.7% | lr: 6.25e-05 | 0.2s
  에폭 1226/1500 | 손실: 0.1977 | 학습: 97.0% | 검증: 87.7% | lr: 6.25e-05 | 0.2s
  에폭 1227/1500 | 손실: 0.2043 | 학습: 96.9% | 검증: 87.9% | lr: 6.25e-05 | 0.2s
  에폭 1228/1500 | 손실: 0.1980 | 학습: 97.0% | 검증: 87.5% | lr: 6.25e-05 | 0.2s
  에폭 1229/1500 | 손실: 0.2039 | 학습: 97.0% | 검증: 87.6% | lr: 6.25e-05 | 0.3s
  에폭 1230/1500 | 손실: 0.2035 | 학습: 97.1% | 검증: 87.6% | lr: 6.25e-05 | 0.2s
  에폭 1231/1500 | 손실: 0.2017 | 학습: 97.1% | 검증: 87.7% | lr: 6.25e-05 | 0.2s
  에폭 1232/1500 | 손실: 0.1971 | 학습: 96.8% | 검증: 87.6% | lr: 6.25e-05 | 0.2s
  에폭 1233/1500 | 손실: 0.2060 | 학습: 96.9% | 검증: 87.7% | lr: 6.25e-05 | 0.2s
  에폭 1234/1500 | 손실: 0.1991 | 학습: 97.0% | 검증: 87.7% | lr: 6.25e-05 | 0.3s
  에폭 1235/1500 | 손실: 0.2063 | 학습: 97.1% | 검증: 87.8% | lr: 6.25e-05 | 0.2s
  에폭 1236/1500 | 손실: 0.2037 | 학습: 97.0% | 검증: 87.8% | lr: 6.25e-05 | 0.2s
  에폭 1237/1500 | 손실: 0.2035 | 학습: 97.0% | 검증: 87.6% | lr: 6.25e-05 | 0.2s
  에폭 1238/1500 | 손실: 0.2063 | 학습: 96.9% | 검증: 87.7% | lr: 6.25e-05 | 0.2s
  에폭 1239/1500 | 손실: 0.2054 | 학습: 97.1% | 검증: 87.7% | lr: 6.25e-05 | 0.3s
  에폭 1240/1500 | 손실: 0.1972 | 학습: 97.1% | 검증: 87.8% | lr: 6.25e-05 | 0.2s
  에폭 1241/1500 | 손실: 0.2007 | 학습: 97.0% | 검증: 87.6% | lr: 6.25e-05 | 0.2s
  에폭 1242/1500 | 손실: 0.2006 | 학습: 97.0% | 검증: 87.6% | lr: 6.25e-05 | 0.2s
  에폭 1243/1500 | 손실: 0.2038 | 학습: 97.2% | 검증: 87.9% | lr: 6.25e-05 | 0.2s
  에폭 1244/1500 | 손실: 0.2028 | 학습: 97.0% | 검증: 87.9% | lr: 6.25e-05 | 0.2s
  에폭 1245/1500 | 손실: 0.1968 | 학습: 97.0% | 검증: 87.4% | lr: 6.25e-05 | 0.3s
  에폭 1246/1500 | 손실: 0.2003 | 학습: 97.0% | 검증: 87.5% | lr: 6.25e-05 | 0.2s
  에폭 1247/1500 | 손실: 0.2018 | 학습: 97.0% | 검증: 87.6% | lr: 6.25e-05 | 0.2s
  에폭 1248/1500 | 손실: 0.1996 | 학습: 96.9% | 검증: 87.9% | lr: 6.25e-05 | 0.2s
  에폭 1249/1500 | 손실: 0.2018 | 학습: 97.1% | 검증: 87.9% | lr: 6.25e-05 | 0.2s
  에폭 1250/1500 | 손실: 0.1970 | 학습: 97.0% | 검증: 87.8% | lr: 6.25e-05 | 0.3s
  에폭 1251/1500 | 손실: 0.2050 | 학습: 97.0% | 검증: 87.5% | lr: 6.25e-05 | 0.2s
  에폭 1252/1500 | 손실: 0.1988 | 학습: 97.0% | 검증: 87.9% | lr: 6.25e-05 | 0.2s
  에폭 1253/1500 | 손실: 0.2012 | 학습: 97.0% | 검증: 87.5% | lr: 6.25e-05 | 0.2s
  에폭 1254/1500 | 손실: 0.2004 | 학습: 97.0% | 검증: 87.8% | lr: 6.25e-05 | 0.2s
  에폭 1255/1500 | 손실: 0.2050 | 학습: 96.9% | 검증: 87.8% | lr: 6.25e-05 | 0.3s
  에폭 1256/1500 | 손실: 0.2019 | 학습: 97.1% | 검증: 87.7% | lr: 6.25e-05 | 0.2s
  에폭 1257/1500 | 손실: 0.2032 | 학습: 97.1% | 검증: 87.7% | lr: 6.25e-05 | 0.2s
  에폭 1258/1500 | 손실: 0.2075 | 학습: 97.1% | 검증: 87.9% | lr: 6.25e-05 | 0.2s
  에폭 1259/1500 | 손실: 0.1996 | 학습: 97.1% | 검증: 88.0% | lr: 6.25e-05 | 0.2s
  에폭 1260/1500 | 손실: 0.1931 | 학습: 97.0% | 검증: 87.8% | lr: 6.25e-05 | 0.2s
  에폭 1261/1500 | 손실: 0.2003 | 학습: 97.1% | 검증: 87.7% | lr: 6.25e-05 | 0.3s
  에폭 1262/1500 | 손실: 0.1973 | 학습: 97.1% | 검증: 87.7% | lr: 6.25e-05 | 0.2s
  에폭 1263/1500 | 손실: 0.2062 | 학습: 97.1% | 검증: 87.8% | lr: 6.25e-05 | 0.2s
  에폭 1264/1500 | 손실: 0.2051 | 학습: 97.0% | 검증: 87.5% | lr: 6.25e-05 | 0.2s
  에폭 1265/1500 | 손실: 0.2001 | 학습: 97.0% | 검증: 87.8% | lr: 6.25e-05 | 0.2s
  에폭 1266/1500 | 손실: 0.2016 | 학습: 96.9% | 검증: 87.6% | lr: 6.25e-05 | 0.3s
  에폭 1267/1500 | 손실: 0.2093 | 학습: 97.0% | 검증: 87.8% | lr: 6.25e-05 | 0.2s
  에폭 1268/1500 | 손실: 0.2058 | 학습: 97.0% | 검증: 87.8% | lr: 6.25e-05 | 0.2s
  에폭 1269/1500 | 손실: 0.1995 | 학습: 97.0% | 검증: 87.9% | lr: 6.25e-05 | 0.2s
  에폭 1270/1500 | 손실: 0.2058 | 학습: 97.1% | 검증: 88.0% | lr: 6.25e-05 | 0.2s
  에폭 1271/1500 | 손실: 0.2075 | 학습: 97.0% | 검증: 87.7% | lr: 6.25e-05 | 0.2s
  에폭 1272/1500 | 손실: 0.2035 | 학습: 97.0% | 검증: 87.8% | lr: 6.25e-05 | 0.3s
  에폭 1273/1500 | 손실: 0.1915 | 학습: 97.0% | 검증: 87.7% | lr: 6.25e-05 | 0.2s
  에폭 1274/1500 | 손실: 0.2004 | 학습: 97.1% | 검증: 88.0% | lr: 6.25e-05 | 0.2s
  에폭 1275/1500 | 손실: 0.2039 | 학습: 97.0% | 검증: 87.8% | lr: 6.25e-05 | 0.2s
  에폭 1276/1500 | 손실: 0.2009 | 학습: 97.0% | 검증: 87.7% | lr: 6.25e-05 | 0.2s
  에폭 1277/1500 | 손실: 0.2000 | 학습: 97.0% | 검증: 87.6% | lr: 6.25e-05 | 0.3s
  에폭 1278/1500 | 손실: 0.1979 | 학습: 97.1% | 검증: 87.9% | lr: 6.25e-05 | 0.3s
  에폭 1279/1500 | 손실: 0.1965 | 학습: 97.0% | 검증: 87.9% | lr: 6.25e-05 | 0.2s
  에폭 1280/1500 | 손실: 0.2063 | 학습: 97.1% | 검증: 87.6% | lr: 6.25e-05 | 0.2s
  에폭 1281/1500 | 손실: 0.2029 | 학습: 97.0% | 검증: 87.8% | lr: 6.25e-05 | 0.2s
  에폭 1282/1500 | 손실: 0.2072 | 학습: 97.0% | 검증: 87.8% | lr: 6.25e-05 | 0.3s
  에폭 1283/1500 | 손실: 0.2048 | 학습: 97.0% | 검증: 87.9% | lr: 6.25e-05 | 0.3s
  에폭 1284/1500 | 손실: 0.2018 | 학습: 96.9% | 검증: 87.6% | lr: 6.25e-05 | 0.2s
  에폭 1285/1500 | 손실: 0.2007 | 학습: 97.0% | 검증: 87.9% | lr: 6.25e-05 | 0.2s
  에폭 1286/1500 | 손실: 0.2001 | 학습: 97.1% | 검증: 87.8% | lr: 6.25e-05 | 0.2s
  에폭 1287/1500 | 손실: 0.2039 | 학습: 97.1% | 검증: 87.8% | lr: 6.25e-05 | 0.2s
  에폭 1288/1500 | 손실: 0.1925 | 학습: 97.0% | 검증: 87.6% | lr: 6.25e-05 | 0.3s
  에폭 1289/1500 | 손실: 0.2056 | 학습: 97.1% | 검증: 87.9% | lr: 6.25e-05 | 0.2s
  에폭 1290/1500 | 손실: 0.2035 | 학습: 97.1% | 검증: 87.7% | lr: 6.25e-05 | 0.2s
  에폭 1291/1500 | 손실: 0.2027 | 학습: 96.9% | 검증: 87.8% | lr: 6.25e-05 | 0.2s
  에폭 1292/1500 | 손실: 0.2016 | 학습: 97.1% | 검증: 87.6% | lr: 6.25e-05 | 0.2s
  에폭 1293/1500 | 손실: 0.2000 | 학습: 97.0% | 검증: 87.9% | lr: 6.25e-05 | 0.3s
  에폭 1294/1500 | 손실: 0.1993 | 학습: 97.0% | 검증: 87.7% | lr: 6.25e-05 | 0.2s
  에폭 1295/1500 | 손실: 0.2014 | 학습: 97.1% | 검증: 87.8% | lr: 6.25e-05 | 0.2s
  에폭 1296/1500 | 손실: 0.2021 | 학습: 97.1% | 검증: 87.7% | lr: 6.25e-05 | 0.2s
  에폭 1297/1500 | 손실: 0.1996 | 학습: 97.0% | 검증: 87.7% | lr: 6.25e-05 | 0.2s
  에폭 1298/1500 | 손실: 0.2006 | 학습: 97.1% | 검증: 87.8% | lr: 6.25e-05 | 0.2s
  에폭 1299/1500 | 손실: 0.2121 | 학습: 97.0% | 검증: 87.6% | lr: 6.25e-05 | 0.3s
  에폭 1300/1500 | 손실: 0.1991 | 학습: 96.9% | 검증: 87.7% | lr: 6.25e-05 | 0.2s
  에폭 1301/1500 | 손실: 0.2030 | 학습: 97.1% | 검증: 87.7% | lr: 6.25e-05 | 0.2s
  에폭 1302/1500 | 손실: 0.2004 | 학습: 97.1% | 검증: 87.8% | lr: 6.25e-05 | 0.2s
  에폭 1303/1500 | 손실: 0.2062 | 학습: 97.0% | 검증: 87.8% | lr: 6.25e-05 | 0.2s
  에폭 1304/1500 | 손실: 0.2026 | 학습: 97.0% | 검증: 87.9% | lr: 6.25e-05 | 0.3s
  에폭 1305/1500 | 손실: 0.1990 | 학습: 97.0% | 검증: 87.6% | lr: 6.25e-05 | 0.2s
  에폭 1306/1500 | 손실: 0.2047 | 학습: 97.0% | 검증: 87.9% | lr: 6.25e-05 | 0.2s
  에폭 1307/1500 | 손실: 0.2037 | 학습: 97.0% | 검증: 87.7% | lr: 6.25e-05 | 0.2s
  에폭 1308/1500 | 손실: 0.1966 | 학습: 97.0% | 검증: 87.7% | lr: 6.25e-05 | 0.2s
  에폭 1309/1500 | 손실: 0.2004 | 학습: 97.1% | 검증: 87.9% | lr: 6.25e-05 | 0.3s
  에폭 1310/1500 | 손실: 0.2044 | 학습: 97.0% | 검증: 87.9% | lr: 6.25e-05 | 0.2s
  에폭 1311/1500 | 손실: 0.1968 | 학습: 97.0% | 검증: 87.9% | lr: 6.25e-05 | 0.2s
  에폭 1312/1500 | 손실: 0.1993 | 학습: 97.0% | 검증: 87.6% | lr: 6.25e-05 | 0.2s
  에폭 1313/1500 | 손실: 0.2022 | 학습: 97.0% | 검증: 87.9% | lr: 6.25e-05 | 0.2s
  에폭 1314/1500 | 손실: 0.1995 | 학습: 97.0% | 검증: 87.8% | lr: 6.25e-05 | 0.2s
  에폭 1315/1500 | 손실: 0.2066 | 학습: 97.0% | 검증: 87.8% | lr: 6.25e-05 | 0.3s
  에폭 1316/1500 | 손실: 0.1962 | 학습: 97.0% | 검증: 87.7% | lr: 6.25e-05 | 0.2s
  에폭 1317/1500 | 손실: 0.1993 | 학습: 97.0% | 검증: 87.7% | lr: 6.25e-05 | 0.2s
  에폭 1318/1500 | 손실: 0.1978 | 학습: 97.1% | 검증: 87.8% | lr: 6.25e-05 | 0.2s
  에폭 1319/1500 | 손실: 0.1997 | 학습: 97.0% | 검증: 87.8% | lr: 6.25e-05 | 0.2s
  에폭 1320/1500 | 손실: 0.1960 | 학습: 97.0% | 검증: 87.6% | lr: 6.25e-05 | 0.3s
  에폭 1321/1500 | 손실: 0.2065 | 학습: 97.1% | 검증: 87.8% | lr: 6.25e-05 | 0.2s
  에폭 1322/1500 | 손실: 0.2040 | 학습: 97.1% | 검증: 87.8% | lr: 6.25e-05 | 0.2s
  에폭 1323/1500 | 손실: 0.2006 | 학습: 97.0% | 검증: 87.8% | lr: 6.25e-05 | 0.2s
  에폭 1324/1500 | 손실: 0.2076 | 학습: 97.0% | 검증: 87.5% | lr: 3.13e-05 | 0.2s
  에폭 1325/1500 | 손실: 0.2053 | 학습: 97.0% | 검증: 87.6% | lr: 3.13e-05 | 0.3s
  에폭 1326/1500 | 손실: 0.2038 | 학습: 97.0% | 검증: 87.8% | lr: 3.13e-05 | 0.2s
  에폭 1327/1500 | 손실: 0.2045 | 학습: 97.1% | 검증: 88.0% | lr: 3.13e-05 | 0.2s
  에폭 1328/1500 | 손실: 0.2016 | 학습: 97.0% | 검증: 87.8% | lr: 3.13e-05 | 0.2s
  에폭 1329/1500 | 손실: 0.2068 | 학습: 97.1% | 검증: 87.9% | lr: 3.13e-05 | 0.2s
  에폭 1330/1500 | 손실: 0.2004 | 학습: 97.0% | 검증: 88.0% | lr: 3.13e-05 | 0.2s
  에폭 1331/1500 | 손실: 0.1982 | 학습: 97.0% | 검증: 87.9% | lr: 3.13e-05 | 0.3s
  에폭 1332/1500 | 손실: 0.1995 | 학습: 97.1% | 검증: 87.7% | lr: 3.13e-05 | 0.2s
  에폭 1333/1500 | 손실: 0.1993 | 학습: 97.1% | 검증: 87.9% | lr: 3.13e-05 | 0.2s
  에폭 1334/1500 | 손실: 0.2031 | 학습: 97.1% | 검증: 88.1% | lr: 3.13e-05 | 0.2s
  에폭 1335/1500 | 손실: 0.1981 | 학습: 97.0% | 검증: 87.8% | lr: 3.13e-05 | 0.2s
  에폭 1336/1500 | 손실: 0.2015 | 학습: 97.0% | 검증: 87.7% | lr: 3.13e-05 | 0.3s
  에폭 1337/1500 | 손실: 0.2053 | 학습: 97.0% | 검증: 88.0% | lr: 3.13e-05 | 0.2s
  에폭 1338/1500 | 손실: 0.1997 | 학습: 97.0% | 검증: 88.0% | lr: 3.13e-05 | 0.2s
  에폭 1339/1500 | 손실: 0.2037 | 학습: 97.0% | 검증: 87.8% | lr: 3.13e-05 | 0.2s
  에폭 1340/1500 | 손실: 0.2028 | 학습: 97.0% | 검증: 87.7% | lr: 3.13e-05 | 0.2s
  에폭 1341/1500 | 손실: 0.1954 | 학습: 97.0% | 검증: 88.1% | lr: 3.13e-05 | 0.2s
  에폭 1342/1500 | 손실: 0.2062 | 학습: 96.9% | 검증: 87.9% | lr: 3.13e-05 | 0.3s
  에폭 1343/1500 | 손실: 0.2001 | 학습: 97.0% | 검증: 87.9% | lr: 3.13e-05 | 0.2s
  에폭 1344/1500 | 손실: 0.2007 | 학습: 97.0% | 검증: 88.0% | lr: 3.13e-05 | 1.2s
  에폭 1345/1500 | 손실: 0.2005 | 학습: 97.0% | 검증: 87.8% | lr: 3.13e-05 | 1.2s
  에폭 1346/1500 | 손실: 0.1998 | 학습: 97.0% | 검증: 87.6% | lr: 3.13e-05 | 1.2s
  에폭 1347/1500 | 손실: 0.1982 | 학습: 97.0% | 검증: 87.6% | lr: 3.13e-05 | 1.8s
  에폭 1348/1500 | 손실: 0.1999 | 학습: 97.0% | 검증: 87.8% | lr: 3.13e-05 | 1.2s
  에폭 1349/1500 | 손실: 0.2019 | 학습: 97.1% | 검증: 87.7% | lr: 3.13e-05 | 1.3s
  에폭 1350/1500 | 손실: 0.2001 | 학습: 96.9% | 검증: 87.7% | lr: 3.13e-05 | 1.2s
  에폭 1351/1500 | 손실: 0.2054 | 학습: 97.1% | 검증: 87.9% | lr: 3.13e-05 | 1.2s
  에폭 1352/1500 | 손실: 0.1975 | 학습: 97.1% | 검증: 87.8% | lr: 3.13e-05 | 1.8s
  에폭 1353/1500 | 손실: 0.2059 | 학습: 97.0% | 검증: 87.7% | lr: 3.13e-05 | 1.2s
  에폭 1354/1500 | 손실: 0.1988 | 학습: 97.0% | 검증: 87.8% | lr: 3.13e-05 | 1.3s
  에폭 1355/1500 | 손실: 0.1985 | 학습: 97.1% | 검증: 87.8% | lr: 3.13e-05 | 1.2s
  에폭 1356/1500 | 손실: 0.2000 | 학습: 97.1% | 검증: 87.8% | lr: 3.13e-05 | 1.3s
  에폭 1357/1500 | 손실: 0.1979 | 학습: 97.1% | 검증: 87.7% | lr: 3.13e-05 | 1.2s
  에폭 1358/1500 | 손실: 0.1975 | 학습: 97.0% | 검증: 87.7% | lr: 3.13e-05 | 1.8s
  에폭 1359/1500 | 손실: 0.2004 | 학습: 97.1% | 검증: 87.9% | lr: 3.13e-05 | 1.2s
  에폭 1360/1500 | 손실: 0.2028 | 학습: 97.1% | 검증: 87.8% | lr: 3.13e-05 | 1.3s
  에폭 1361/1500 | 손실: 0.2011 | 학습: 97.1% | 검증: 88.0% | lr: 3.13e-05 | 1.2s
  에폭 1362/1500 | 손실: 0.2028 | 학습: 97.0% | 검증: 87.6% | lr: 3.13e-05 | 1.3s
  에폭 1363/1500 | 손실: 0.2013 | 학습: 96.9% | 검증: 87.7% | lr: 3.13e-05 | 1.6s
  에폭 1364/1500 | 손실: 0.1986 | 학습: 97.0% | 검증: 87.6% | lr: 3.13e-05 | 1.2s
  에폭 1365/1500 | 손실: 0.2003 | 학습: 97.0% | 검증: 87.7% | lr: 3.13e-05 | 1.3s
  에폭 1366/1500 | 손실: 0.2004 | 학습: 97.1% | 검증: 87.9% | lr: 3.13e-05 | 1.2s
  에폭 1367/1500 | 손실: 0.1981 | 학습: 97.0% | 검증: 88.0% | lr: 3.13e-05 | 1.2s
  에폭 1368/1500 | 손실: 0.1989 | 학습: 97.1% | 검증: 87.7% | lr: 3.13e-05 | 1.8s
  에폭 1369/1500 | 손실: 0.2027 | 학습: 97.0% | 검증: 87.8% | lr: 3.13e-05 | 1.3s
  에폭 1370/1500 | 손실: 0.2057 | 학습: 97.0% | 검증: 88.0% | lr: 3.13e-05 | 1.2s
  에폭 1371/1500 | 손실: 0.2024 | 학습: 97.0% | 검증: 88.0% | lr: 3.13e-05 | 1.2s
  에폭 1372/1500 | 손실: 0.2006 | 학습: 96.9% | 검증: 87.6% | lr: 3.13e-05 | 1.2s
  에폭 1373/1500 | 손실: 0.1925 | 학습: 97.0% | 검증: 87.7% | lr: 3.13e-05 | 1.3s
  에폭 1374/1500 | 손실: 0.1948 | 학습: 97.1% | 검증: 87.8% | lr: 3.13e-05 | 1.8s
  에폭 1375/1500 | 손실: 0.1999 | 학습: 97.0% | 검증: 87.7% | lr: 1.56e-05 | 1.3s
  에폭 1376/1500 | 손실: 0.2024 | 학습: 97.0% | 검증: 87.7% | lr: 1.56e-05 | 1.3s
  에폭 1377/1500 | 손실: 0.1937 | 학습: 97.0% | 검증: 87.8% | lr: 1.56e-05 | 1.2s
  에폭 1378/1500 | 손실: 0.2010 | 학습: 97.0% | 검증: 87.6% | lr: 1.56e-05 | 1.2s
  에폭 1379/1500 | 손실: 0.1998 | 학습: 97.0% | 검증: 87.9% | lr: 1.56e-05 | 1.6s
  에폭 1380/1500 | 손실: 0.2024 | 학습: 97.1% | 검증: 87.7% | lr: 1.56e-05 | 0.9s
  에폭 1381/1500 | 손실: 0.2026 | 학습: 97.0% | 검증: 88.1% | lr: 1.56e-05 | 1.2s
  에폭 1382/1500 | 손실: 0.2025 | 학습: 97.1% | 검증: 87.8% | lr: 1.56e-05 | 1.1s
  에폭 1383/1500 | 손실: 0.1967 | 학습: 97.0% | 검증: 87.6% | lr: 1.56e-05 | 0.9s
  에폭 1384/1500 | 손실: 0.2010 | 학습: 97.1% | 검증: 87.9% | lr: 1.56e-05 | 1.2s
  에폭 1385/1500 | 손실: 0.1967 | 학습: 97.1% | 검증: 87.7% | lr: 1.56e-05 | 1.8s
  에폭 1386/1500 | 손실: 0.2018 | 학습: 96.9% | 검증: 87.8% | lr: 1.56e-05 | 1.2s
  에폭 1387/1500 | 손실: 0.2033 | 학습: 97.0% | 검증: 87.9% | lr: 1.56e-05 | 1.3s
  에폭 1388/1500 | 손실: 0.2026 | 학습: 97.0% | 검증: 87.8% | lr: 1.56e-05 | 1.2s
  에폭 1389/1500 | 손실: 0.2042 | 학습: 97.1% | 검증: 87.7% | lr: 1.56e-05 | 1.2s
  에폭 1390/1500 | 손실: 0.1997 | 학습: 97.1% | 검증: 87.7% | lr: 1.56e-05 | 1.6s
  에폭 1391/1500 | 손실: 0.1977 | 학습: 96.9% | 검증: 87.5% | lr: 1.56e-05 | 1.2s
  에폭 1392/1500 | 손실: 0.2015 | 학습: 97.0% | 검증: 87.7% | lr: 1.56e-05 | 1.2s
  에폭 1393/1500 | 손실: 0.2023 | 학습: 97.1% | 검증: 87.9% | lr: 1.56e-05 | 1.2s
  에폭 1394/1500 | 손실: 0.2010 | 학습: 97.0% | 검증: 87.8% | lr: 1.56e-05 | 1.2s
  에폭 1395/1500 | 손실: 0.2025 | 학습: 97.1% | 검증: 87.6% | lr: 1.56e-05 | 1.8s
  에폭 1396/1500 | 손실: 0.2033 | 학습: 97.0% | 검증: 87.6% | lr: 1.56e-05 | 1.2s
  에폭 1397/1500 | 손실: 0.1960 | 학습: 97.0% | 검증: 87.6% | lr: 1.56e-05 | 1.3s
  에폭 1398/1500 | 손실: 0.2027 | 학습: 97.0% | 검증: 87.5% | lr: 1.56e-05 | 1.2s
  에폭 1399/1500 | 손실: 0.1986 | 학습: 97.0% | 검증: 88.1% | lr: 1.56e-05 | 1.3s
  에폭 1400/1500 | 손실: 0.2005 | 학습: 97.2% | 검증: 87.7% | lr: 1.56e-05 | 1.2s
  에폭 1401/1500 | 손실: 0.1991 | 학습: 97.1% | 검증: 87.8% | lr: 1.56e-05 | 1.8s
  에폭 1402/1500 | 손실: 0.2097 | 학습: 97.1% | 검증: 87.9% | lr: 1.56e-05 | 1.2s
  에폭 1403/1500 | 손실: 0.2066 | 학습: 97.0% | 검증: 87.6% | lr: 1.56e-05 | 1.2s
  에폭 1404/1500 | 손실: 0.2066 | 학습: 97.1% | 검증: 88.1% | lr: 1.56e-05 | 1.2s
  에폭 1405/1500 | 손실: 0.1959 | 학습: 97.0% | 검증: 87.9% | lr: 1.56e-05 | 1.2s
  에폭 1406/1500 | 손실: 0.2008 | 학습: 97.0% | 검증: 87.8% | lr: 1.56e-05 | 1.8s
  에폭 1407/1500 | 손실: 0.1983 | 학습: 97.0% | 검증: 87.7% | lr: 1.56e-05 | 1.3s
  에폭 1408/1500 | 손실: 0.2016 | 학습: 97.0% | 검증: 87.8% | lr: 1.56e-05 | 1.2s
  에폭 1409/1500 | 손실: 0.2008 | 학습: 97.1% | 검증: 87.6% | lr: 1.56e-05 | 1.2s
  에폭 1410/1500 | 손실: 0.2041 | 학습: 97.1% | 검증: 87.8% | lr: 1.56e-05 | 1.2s
  에폭 1411/1500 | 손실: 0.2049 | 학습: 97.1% | 검증: 87.8% | lr: 1.56e-05 | 1.7s
  에폭 1412/1500 | 손실: 0.1998 | 학습: 97.1% | 검증: 88.1% | lr: 1.56e-05 | 1.9s
  에폭 1413/1500 | 손실: 0.2099 | 학습: 97.1% | 검증: 87.9% | lr: 1.56e-05 | 1.2s
  에폭 1414/1500 | 손실: 0.2004 | 학습: 97.0% | 검증: 88.0% | lr: 1.56e-05 | 1.3s
  에폭 1415/1500 | 손실: 0.1971 | 학습: 97.1% | 검증: 87.7% | lr: 1.56e-05 | 1.3s
  에폭 1416/1500 | 손실: 0.1952 | 학습: 97.0% | 검증: 87.8% | lr: 1.56e-05 | 1.3s
  에폭 1417/1500 | 손실: 0.1980 | 학습: 96.9% | 검증: 87.7% | lr: 1.56e-05 | 1.7s
  에폭 1418/1500 | 손실: 0.2009 | 학습: 97.0% | 검증: 87.8% | lr: 1.56e-05 | 1.3s
  에폭 1419/1500 | 손실: 0.2005 | 학습: 97.0% | 검증: 87.8% | lr: 1.56e-05 | 1.2s
  에폭 1420/1500 | 손실: 0.2025 | 학습: 97.0% | 검증: 87.7% | lr: 1.56e-05 | 1.3s
  에폭 1421/1500 | 손실: 0.1983 | 학습: 97.0% | 검증: 87.6% | lr: 1.56e-05 | 1.3s
  에폭 1422/1500 | 손실: 0.2009 | 학습: 97.0% | 검증: 87.8% | lr: 1.56e-05 | 1.5s
  에폭 1423/1500 | 손실: 0.2004 | 학습: 96.8% | 검증: 87.7% | lr: 1.56e-05 | 1.3s
  에폭 1424/1500 | 손실: 0.2001 | 학습: 97.0% | 검증: 87.9% | lr: 1.56e-05 | 0.9s
  에폭 1425/1500 | 손실: 0.2037 | 학습: 97.1% | 검증: 87.8% | lr: 1.56e-05 | 1.1s
  에폭 1426/1500 | 손실: 0.2005 | 학습: 97.1% | 검증: 87.8% | lr: 7.81e-06 | 1.3s
  에폭 1427/1500 | 손실: 0.1971 | 학습: 97.1% | 검증: 87.8% | lr: 7.81e-06 | 1.3s
  에폭 1428/1500 | 손실: 0.2037 | 학습: 97.0% | 검증: 87.6% | lr: 7.81e-06 | 1.8s
  에폭 1429/1500 | 손실: 0.2046 | 학습: 97.1% | 검증: 87.9% | lr: 7.81e-06 | 1.2s
  에폭 1430/1500 | 손실: 0.2023 | 학습: 97.0% | 검증: 87.8% | lr: 7.81e-06 | 1.2s
  에폭 1431/1500 | 손실: 0.2049 | 학습: 97.1% | 검증: 87.9% | lr: 7.81e-06 | 1.2s
  에폭 1432/1500 | 손실: 0.1988 | 학습: 97.0% | 검증: 87.6% | lr: 7.81e-06 | 1.2s
  에폭 1433/1500 | 손실: 0.1957 | 학습: 97.1% | 검증: 88.0% | lr: 7.81e-06 | 1.8s
  에폭 1434/1500 | 손실: 0.1975 | 학습: 97.2% | 검증: 87.8% | lr: 7.81e-06 | 1.3s
  에폭 1435/1500 | 손실: 0.2010 | 학습: 97.0% | 검증: 87.8% | lr: 7.81e-06 | 1.2s
  에폭 1436/1500 | 손실: 0.2025 | 학습: 97.0% | 검증: 87.7% | lr: 7.81e-06 | 1.2s
  에폭 1437/1500 | 손실: 0.2028 | 학습: 97.1% | 검증: 87.8% | lr: 7.81e-06 | 1.3s
  에폭 1438/1500 | 손실: 0.1978 | 학습: 97.0% | 검증: 87.7% | lr: 7.81e-06 | 1.6s
  에폭 1439/1500 | 손실: 0.1969 | 학습: 97.0% | 검증: 87.7% | lr: 7.81e-06 | 1.2s
  에폭 1440/1500 | 손실: 0.2072 | 학습: 97.1% | 검증: 87.8% | lr: 7.81e-06 | 1.2s
  에폭 1441/1500 | 손실: 0.2010 | 학습: 97.1% | 검증: 88.0% | lr: 7.81e-06 | 1.3s
  에폭 1442/1500 | 손실: 0.2013 | 학습: 97.1% | 검증: 87.7% | lr: 7.81e-06 | 1.2s
  에폭 1443/1500 | 손실: 0.1959 | 학습: 97.0% | 검증: 87.6% | lr: 7.81e-06 | 1.3s
  에폭 1444/1500 | 손실: 0.1998 | 학습: 97.0% | 검증: 87.6% | lr: 7.81e-06 | 1.7s
  에폭 1445/1500 | 손실: 0.2038 | 학습: 97.1% | 검증: 87.7% | lr: 7.81e-06 | 1.3s
  에폭 1446/1500 | 손실: 0.2026 | 학습: 97.0% | 검증: 87.8% | lr: 7.81e-06 | 1.2s
  에폭 1447/1500 | 손실: 0.2023 | 학습: 96.9% | 검증: 87.8% | lr: 7.81e-06 | 1.2s
  에폭 1448/1500 | 손실: 0.1943 | 학습: 96.9% | 검증: 87.6% | lr: 7.81e-06 | 1.3s
  에폭 1449/1500 | 손실: 0.2004 | 학습: 97.1% | 검증: 87.8% | lr: 7.81e-06 | 1.8s
  에폭 1450/1500 | 손실: 0.1995 | 학습: 97.0% | 검증: 87.6% | lr: 7.81e-06 | 1.2s
  에폭 1451/1500 | 손실: 0.2007 | 학습: 97.1% | 검증: 87.7% | lr: 7.81e-06 | 1.2s
  에폭 1452/1500 | 손실: 0.2020 | 학습: 97.1% | 검증: 87.9% | lr: 7.81e-06 | 1.3s
  에폭 1453/1500 | 손실: 0.2065 | 학습: 97.0% | 검증: 87.5% | lr: 7.81e-06 | 1.2s
  에폭 1454/1500 | 손실: 0.1958 | 학습: 97.0% | 검증: 87.8% | lr: 7.81e-06 | 1.2s
  에폭 1455/1500 | 손실: 0.1960 | 학습: 97.0% | 검증: 87.9% | lr: 7.81e-06 | 1.8s
  에폭 1456/1500 | 손실: 0.2013 | 학습: 97.0% | 검증: 87.7% | lr: 7.81e-06 | 1.2s
  에폭 1457/1500 | 손실: 0.1967 | 학습: 97.0% | 검증: 87.8% | lr: 7.81e-06 | 1.3s
  에폭 1458/1500 | 손실: 0.2014 | 학습: 97.1% | 검증: 87.9% | lr: 7.81e-06 | 1.2s
  에폭 1459/1500 | 손실: 0.1980 | 학습: 97.1% | 검증: 87.9% | lr: 7.81e-06 | 1.3s
  에폭 1460/1500 | 손실: 0.2006 | 학습: 97.0% | 검증: 87.9% | lr: 7.81e-06 | 1.8s
  에폭 1461/1500 | 손실: 0.2012 | 학습: 97.1% | 검증: 87.9% | lr: 7.81e-06 | 1.2s
  에폭 1462/1500 | 손실: 0.2002 | 학습: 97.0% | 검증: 87.7% | lr: 7.81e-06 | 1.2s
  에폭 1463/1500 | 손실: 0.1970 | 학습: 97.0% | 검증: 87.9% | lr: 7.81e-06 | 1.3s
  에폭 1464/1500 | 손실: 0.1949 | 학습: 97.1% | 검증: 87.8% | lr: 7.81e-06 | 1.3s
  에폭 1465/1500 | 손실: 0.1973 | 학습: 97.1% | 검증: 87.8% | lr: 7.81e-06 | 1.7s
  에폭 1466/1500 | 손실: 0.2062 | 학습: 97.0% | 검증: 87.7% | lr: 7.81e-06 | 1.3s
  에폭 1467/1500 | 손실: 0.1955 | 학습: 97.1% | 검증: 87.6% | lr: 7.81e-06 | 1.2s
  에폭 1468/1500 | 손실: 0.1992 | 학습: 97.0% | 검증: 87.8% | lr: 7.81e-06 | 1.2s
  에폭 1469/1500 | 손실: 0.2061 | 학습: 97.1% | 검증: 87.9% | lr: 7.81e-06 | 1.2s
  에폭 1470/1500 | 손실: 0.1966 | 학습: 97.0% | 검증: 87.8% | lr: 7.81e-06 | 1.0s
  에폭 1471/1500 | 손실: 0.1981 | 학습: 96.9% | 검증: 87.7% | lr: 7.81e-06 | 1.8s
  에폭 1472/1500 | 손실: 0.2041 | 학습: 97.0% | 검증: 87.6% | lr: 7.81e-06 | 1.2s
  에폭 1473/1500 | 손실: 0.2078 | 학습: 97.1% | 검증: 87.9% | lr: 7.81e-06 | 1.2s
  에폭 1474/1500 | 손실: 0.2028 | 학습: 97.0% | 검증: 87.8% | lr: 7.81e-06 | 1.3s
  에폭 1475/1500 | 손실: 0.2037 | 학습: 97.1% | 검증: 87.8% | lr: 7.81e-06 | 1.3s
  에폭 1476/1500 | 손실: 0.2091 | 학습: 97.0% | 검증: 87.8% | lr: 7.81e-06 | 1.7s
  에폭 1477/1500 | 손실: 0.2021 | 학습: 97.0% | 검증: 87.9% | lr: 3.91e-06 | 1.2s
  에폭 1478/1500 | 손실: 0.2018 | 학습: 97.0% | 검증: 87.8% | lr: 3.91e-06 | 1.2s
  에폭 1479/1500 | 손실: 0.2006 | 학습: 97.1% | 검증: 87.9% | lr: 3.91e-06 | 1.1s
  에폭 1480/1500 | 손실: 0.2012 | 학습: 97.0% | 검증: 87.7% | lr: 3.91e-06 | 0.4s
  에폭 1481/1500 | 손실: 0.2085 | 학습: 97.1% | 검증: 87.7% | lr: 3.91e-06 | 0.3s
  에폭 1482/1500 | 손실: 0.1987 | 학습: 97.0% | 검증: 87.9% | lr: 3.91e-06 | 0.3s
  에폭 1483/1500 | 손실: 0.1996 | 학습: 96.9% | 검증: 87.7% | lr: 3.91e-06 | 0.3s
  에폭 1484/1500 | 손실: 0.1971 | 학습: 97.0% | 검증: 87.6% | lr: 3.91e-06 | 0.2s
  에폭 1485/1500 | 손실: 0.1992 | 학습: 96.9% | 검증: 87.7% | lr: 3.91e-06 | 0.3s
  에폭 1486/1500 | 손실: 0.1968 | 학습: 97.0% | 검증: 87.7% | lr: 3.91e-06 | 0.3s
  에폭 1487/1500 | 손실: 0.2018 | 학습: 97.0% | 검증: 87.7% | lr: 3.91e-06 | 0.3s
  에폭 1488/1500 | 손실: 0.1953 | 학습: 97.1% | 검증: 87.8% | lr: 3.91e-06 | 0.3s
  에폭 1489/1500 | 손실: 0.1996 | 학습: 97.0% | 검증: 87.7% | lr: 3.91e-06 | 0.3s
  에폭 1490/1500 | 손실: 0.1985 | 학습: 97.0% | 검증: 87.8% | lr: 3.91e-06 | 0.3s
  에폭 1491/1500 | 손실: 0.1990 | 학습: 97.0% | 검증: 87.7% | lr: 3.91e-06 | 0.2s
  에폭 1492/1500 | 손실: 0.1983 | 학습: 96.9% | 검증: 87.5% | lr: 3.91e-06 | 0.3s
  에폭 1493/1500 | 손실: 0.2004 | 학습: 97.0% | 검증: 88.0% | lr: 3.91e-06 | 0.3s
  에폭 1494/1500 | 손실: 0.2012 | 학습: 97.1% | 검증: 87.8% | lr: 3.91e-06 | 0.3s
  에폭 1495/1500 | 손실: 0.2061 | 학습: 96.9% | 검증: 87.9% | lr: 3.91e-06 | 0.3s
  에폭 1496/1500 | 손실: 0.1983 | 학습: 97.1% | 검증: 87.8% | lr: 3.91e-06 | 0.3s
  에폭 1497/1500 | 손실: 0.2032 | 학습: 97.1% | 검증: 87.7% | lr: 3.91e-06 | 0.3s
  에폭 1498/1500 | 손실: 0.2001 | 학습: 97.1% | 검증: 87.9% | lr: 3.91e-06 | 0.3s
  에폭 1499/1500 | 손실: 0.1948 | 학습: 97.0% | 검증: 87.8% | lr: 3.91e-06 | 0.3s
  에폭 1500/1500 | 손실: 0.1955 | 학습: 97.0% | 검증: 88.0% | lr: 3.91e-06 | 0.3s
[MLP] ✅ 학습 완료 | [128 → 64 → 32] | 최고 검증 정확도: 88.1%  (베스트 체크포인트 복원됨)
[MLP] ⏱  전체 학습 시간: 9분 41초 (581.4s)
[MLP] ── Permutation Importance (베이스라인 정확도: 88.1%) ─
   1. CENTROID                      Δacc=++0.2639  █████████████████████████████████████████████████████  (스펙트럼 무게중심)
   2. SPECTRAL_ROLLOFF              Δacc=++0.2362  ███████████████████████████████████████████████  (스펙트럼 롤오프)
   3. SPECTRAL_BANDWIDTH            Δacc=++0.2196  ████████████████████████████████████████████  (스펙트럼 대역폭)
   4. SKEWNESS                      Δacc=++0.1901  ██████████████████████████████████████  (스펙트럼 비대칭도)
   5. MID_RATIO                     Δacc=++0.1895  ██████████████████████████████████████  (중주파 비율 (5~10Hz))
   6. HIGH_RATIO                    Δacc=++0.1883  ██████████████████████████████████████  (고주파 비율 (10Hz↑))
   7. SPECTRAL_FLATNESS             Δacc=++0.1859  █████████████████████████████████████  (스펙트럼 평탄도)
   8. LOW_RATIO                     Δacc=++0.1783  ████████████████████████████████████  (저주파 비율 (0~5Hz))
   9. KURTOSIS                      Δacc=++0.1345  ███████████████████████████  (에너지 분포 첨도)
  10. PEAK_FREQ                     Δacc=++0.1318  ██████████████████████████  (1위 피크 주파수)
  11. PEAK_TO_AVG_E                 Δacc=++0.1103  ██████████████████████  (피크/평균 에너지 비)
  12. RMS                           Δacc=++0.0880  ██████████████████  (RMS 에너지)
  13. PEAK1_TO_PEAK2_RATIO          Δacc=++0.0735  ███████████████  (1·2위 피크 비율)
  14. SECOND_PEAK_FREQ              Δacc=++0.0706  ██████████████  (2번째 피크 주파수)
  15. DC_RATIO                      Δacc=++0.0486  ██████████  (DC 성분 비율)
  16. PEAK_COUNT                    Δacc=++0.0463  █████████  (피크 빈 개수)
  17. DELTA_PEAK_FREQ               Δacc=++0.0144  ███  (피크 주파수 변화량)
  18. AVG_ENERGY                    Δacc=++0.0137  ███  (평균 에너지)
  19. PEAK_ENERGY                   Δacc=++0.0100  ██  (피크 에너지)
  20. LOW_TO_HIGH_RATIO             Δacc=++0.0055  █  (저/고주파 에너지 비율)
  21. ENERGY_VARIANCE               Δacc=++0.0055  █  (에너지 분산)
[MLP] ─────────────────────────────────────────────
[MLP] 특징 중요도 저장 → /Users/kimkanghyeon/Desktop/project/iSENSOR_UART_DEBUGER/AI/mlp/models/mlp_L128-64-32_b256_d2_ep1500_lr2e-3_lrp50_lrf5_f21_0510_002154/mlp_L128-64-32_b256_d2_ep1500_lr2e-3_lrp50_lrf5_f21_0510_002154_importance.json
[MLP] 저장 완료 → /Users/kimkanghyeon/Desktop/project/iSENSOR_UART_DEBUGER/AI/mlp/models/mlp_weights.pt  (추론용)
[MLP] 버전 보관 → /Users/kimkanghyeon/Desktop/project/iSENSOR_UART_DEBUGER/AI/mlp/models/mlp_L128-64-32_b256_d2_ep1500_lr2e-3_lrp50_lrf5_f21_0510_002154/
[MLP] 📊 학습 이력 저장 → /Users/kimkanghyeon/Desktop/project/iSENSOR_UART_DEBUGER/AI/mlp/models/train_history.json

  ── 이전 학습과 비교 ──────────────────────────────────────────────────
  지표                                  이전          현재  변화
  ────────────────────────────────────────────────────────────────────
  최고 검증 정확도                        88.0%       88.1%  +0.1%p  ↑ 개선
  최소 검증 손실                        0.3172      0.3207  +0.0035  ↓ 하락
  사람 Recall (탐지율) TPR              85.0%       85.4%  +0.4%p  ↑ 개선
  사람 오탐률 (눈침) FNR                  15.0%       14.6%  0.4%p  ↑ 개선
  배경 정확 탐지율 TNR                    91.0%       90.9%  -0.1%p  ↓ 하락
  배경 오탐률 (오경보) FPR                  9.0%        9.1%  +0.1%p  ↓ 하락
  사람 F1 Score                     0.8762      0.8780  +0.0018  ↑ 개선
  베스트 에폭                            1480         864  -616

━━━━━━━━━━━━━━━━━━━━━━━━━━━━━━━━━━━━━━━━━━━━━━━━━━━━━━━━━━━━━━━━
[분석 메모] GitHub Copilot — 2026-05-10  [구조: 128→64→32, b256, ep1500, lr=2e-3, d0.2, ESP32 f21]
━━━━━━━━━━━━━━━━━━━━━━━━━━━━━━━━━━━━━━━━━━━━━━━━━━━━━━━━━━━━━━━━

■ 실험 조건
  배치 크기만 b128 → b256으로 변경. 나머지 동일 (128→64→32, ep1500, lr=2e-3, d0.2, f21)
  목적: 배치 크기 확장 시 f21 조건 성능 및 수렴 속도 변화 확인

■ 핵심 수치 요약
  최고 검증 정확도   : 88.1% (ep864)
  학습 정확도 (동시) : 96.5%  →  train-val 갭 8.4%p  (b128 8.3%p와 유사)
  사람 Recall (TPR)  : 85.4%
  배경 TNR           : 90.9%
  사람 F1            : 0.878
  학습 시간          : 9분 41초  (b128 11분24초 대비 -1분43초, b64 16분40초 대비 -7분)
  수렴 여부          : 미수렴 (ep1500 기준 LR=3.91e-06, min_lr 미도달)

■ f21 d0.2 ep1500 배치 크기별 전체 비교
  항목                  b64          b128          b256(현재)
  최고 검증 정확도        88.0%        88.2% ★       88.1%
  사람 Recall             85.0%        86.1%         85.4%
  배경 TNR                91.0%        90.2%         90.9%
  F1 Score                0.876        0.879 ★       0.878
  train-val 갭            7.8%p        8.3%p         8.4%p
  베스트 에폭             1480         1334          864   ← 가장 빠름
  학습 시간               16분40초     11분24초      9분41초  ← 가장 빠름
  LR 첫 감소 에폭         ep441        ep513         ep709  ← 가장 느림
  수렴 여부               완전 수렴    완전 수렴     미수렴 (3.91e-6)
  → 성능 기준: b128(88.2%) ≥ b256(88.1%) > b64(88.0%). 세 배치 모두 88% 전후로 수렴.
  → 학습 시간: b256이 가장 빠름 (에폭당 연산이 빠른 GPU 특성).
  → b256은 ep864에서 베스트 달성 후 이후 정체 — b128보다 470에폭 빠른 조기 수렴.
  → 단, b256은 ep1500에서 아직 미수렴 (min_lr 미도달). 에폭 추가 여지 있음.

■ LR 감소 타임라인 (10단, 미수렴)
  ep  709 : 2e-3 → 1e-3   (b128 ep513보다 196에폭 느림 — 큰 배치는 plateau 진입 느림)
  ep  863 : 1e-3 → 5e-4
  ep 1020 : 5e-4 → 2.5e-4
  ep 1116 : 2.5e-4 → 1.25e-4
  ep 1167 : 1.25e-4 → 6.25e-5
  ep 1324 : 6.25e-5 → 3.13e-5
  ep 1375 : 3.13e-5 → 1.56e-5
  ep 1426 : 1.56e-5 → 7.81e-6
  ep 1477 : 7.81e-6 → 3.91e-6
  ep 1500 : LR=3.91e-6 (종료, min_lr 1e-6 미도달 — 2단 이상 감소 남음)
  → ep1500에서 10단 감소. b128(12단 완전 수렴)보다 2단 부족.
  → ep2000~2200까지 연장하면 완전 수렴 및 88.2~88.5% 도달 가능성 있음.

■ 검증 정확도 진행 추이
  ep   1 :  65.2%
  ep 150 :  83.2%
  ep 300 :  85.0%
  ep 450 :  85.4%
  ep 600 :  87.0%
  ep 750 :  87.6%
  ep 864 :  88.1% ← 베스트 ★
  ep 900 :  87.7%  (베스트 이후 하락)
  ep1050 :  87.7%
  ep1200 :  87.9%
  ep1350 :  87.7%
  ep1500 :  88.0%  (후반 LR 감소 구간에서 회복 중)
  → ep864에서 조기 베스트 달성 후 ep900~1300에서 87.7% 전후 장기 정체.
  → ep1400 이후 LR이 더 낮아지면서 다시 88.0%까지 회복. 미수렴 상태.

■ Permutation Importance 순위 변화 (b256 vs b128)
  b128: CENTROID(1) > SKEWNESS(2) > SPECTRAL_ROLLOFF(3) > SPECTRAL_BANDWIDTH(4)
  b256: CENTROID(1) > SPECTRAL_ROLLOFF(2) > SPECTRAL_BANDWIDTH(3) > SKEWNESS(4)
  → SKEWNESS가 2위에서 4위로 하락, SPECTRAL_ROLLOFF/BANDWIDTH가 상승.
  → 큰 배치는 더 안정적인 기울기로 학습 → 스펙트럼 형태 특징(롤오프/대역폭)을 더 잘 활용.
  최하위: LOW_TO_HIGH_RATIO(20위), ENERGY_VARIANCE(21위) — 세 배치 모두 동일하게 낮음.

■ 배치 크기 실험 종합 결론 (f21 d0.2 ep1500 기준)
  b64   : 성능 88.0%, 학습 16분40초 → 느리고 성능도 최하. 탈락.
  b128  : 성능 88.2%, 학습 11분24초 → 성능 최고, 완전 수렴. ← 최적 ★
  b256  : 성능 88.1%, 학습 9분41초  → 빠르지만 미수렴, 성능 b128과 동등.
  → f21 조건에서도 b128이 성능과 수렴성 모두 우위. b128 확정.
  → b256은 에폭을 2000 이상으로 늘리면 b128과 동등해질 수 있으나, 시간 이점 상쇄됨.

■ ESP32 f21 전체 실험 누적 비교 (128→64→32 구조 기준)
  조건                              베스트 검증  사람 Recall  갭     학습시간   수렴
  ──────────────────────────────────────────────────────────────────────
  f14 d0.2 ep1000 b128 (구 기준)    87.0%       82.8%       7.6%p   5분18초   미수렴
  f21 d0.2 ep1500 b64               88.0%       85.0%       7.8%p  16분40초   완전수렴
  f21 d0.2 ep1500 b128  ← 최적 ★   88.2%       86.1%       8.3%p  11분24초   완전수렴
  f21 d0.2 ep1500 b256  (현재)      88.1%       85.4%       8.4%p   9분41초   미수렴
  ──────────────────────────────────────────────────────────────────────
  → ESP32 모드 최종 최적: f21 b128 d0.2 ep1500 (88.2%)
  → 배치 크기 실험 방향 완전 종료.

■ 다음 실험 방향

  [1순위 — 가장 기대] PC 모드 + d0.2 + ep1000 (또는 ep1500)
  - PC f25 d0.3 ep1500 : 91.9% (ep845에서 베스트)
  - d0.2로 변경 → train-val 갭 3.6%p 이하 유지하면서 92%+ 기대
  - ep1000으로도 충분할 가능성 높음 (PC 모드는 수렴이 ESP32보다 빠른 패턴 확인됨)

  [2순위] 구조 확장: 256→128→64→32 + f21 b128 d0.2
  - 현재 f21 b128 구조 최고 88.2% → 구조 확장으로 89%+ 도전

  [3순위] 배치 크기 실험 종료
  - b64/b128/b256 모두 실험 완료. b128 최적 확정. 추가 배치 실험 불필요.
━━━━━━━━━━━━━━━━━━━━━━━━━━━━━━━━━━━━━━━━━━━━━━━━━━━━━━━━━━━━━━━━
