[MLP]   svm_data_20260507_133636.csv                       24741샘플
[MLP] CSV 로드  →  총 24741샘플
[MLP] 로드 완료 | 전체: 24741개  (배경: 12371, 사람: 12370)
[MLP] 특징 모드: ESP32 (21개)
[MLP] 학습: 19792개 (80%)  검증: 4949개 (20%)  [비율고정: 유지 | 분리시드: 42]
[MLP] 스케일러: StandardScaler (z-score)
[MLP] ━━━━━━━━━━━━━━━━━━━━━━━━━━━━━━━━━━━━━━━━━━━━━━━
[MLP]  디바이스: cuda (NVIDIA GeForce GTX 1660 SUPER)
[MLP]  구조: 21 → 256 → 128 → 64 → 32 → 2
[MLP]  에폭: 4000  배치: 64  LR: 1.00e-04  Dropout: 0.3
[MLP]  Early Stop: 비활성화
[MLP]  LR 스케줄러: patience=150  factor=0.8  min_lr=1e-6
[MLP]  검증 비율: 20%  분리 비율고정: 유지  분리 시드: 42
[MLP]  스케일러: StandardScaler  특징 모드: ESP32
[MLP]  사용 특징 (21개): SPECTRAL_ROLLOFF, SPECTRAL_BANDWIDTH, PEAK_COUNT, MID_RATIO, LOW_TO_HIGH_RATIO, SECOND_PEAK_FREQ, KURTOSIS, CENTROID, PEAK_FREQ, LOW_RATIO, RMS, AVG_ENERGY, PEAK_ENERGY, ENERGY_VARIANCE, PEAK_TO_AVG_E, HIGH_RATIO, PEAK1_TO_PEAK2_RATIO, SKEWNESS, DC_RATIO, DELTA_PEAK_FREQ, SPECTRAL_FLATNESS
[MLP] ━━━━━━━━━━━━━━━━━━━━━━━━━━━━━━━━━━━━━━━━━━━━━━━
  에폭   1/4000 | 손실: 0.6264 | 검증손실: 0.6024 | 학습: 64.1% | 검증: 62.9% | lr: 1.00e-04 | 1.8s ★
  에폭   2/4000 | 손실: 0.5984 | 검증손실: 0.5945 | 학습: 65.6% | 검증: 64.5% | lr: 1.00e-04 | 1.4s ★
  에폭   3/4000 | 손실: 0.5925 | 검증손실: 0.5893 | 학습: 66.3% | 검증: 64.7% | lr: 1.00e-04 | 1.4s ★
  에폭   4/4000 | 손실: 0.5872 | 검증손실: 0.5864 | 학습: 67.2% | 검증: 65.0% | lr: 1.00e-04 | 1.4s ★
  에폭   5/4000 | 손실: 0.5835 | 검증손실: 0.5827 | 학습: 67.2% | 검증: 65.6% | lr: 1.00e-04 | 1.4s ★
  에폭   6/4000 | 손실: 0.5804 | 검증손실: 0.5820 | 학습: 67.7% | 검증: 65.8% | lr: 1.00e-04 | 1.5s ★
  에폭   7/4000 | 손실: 0.5790 | 검증손실: 0.5843 | 학습: 67.5% | 검증: 66.0% | lr: 1.00e-04 | 1.5s ★
  에폭   8/4000 | 손실: 0.5776 | 검증손실: 0.5774 | 학습: 68.2% | 검증: 66.4% | lr: 1.00e-04 | 1.4s ★
  에폭   9/4000 | 손실: 0.5746 | 검증손실: 0.5774 | 학습: 68.5% | 검증: 66.5% | lr: 1.00e-04 | 1.4s ★
  에폭  10/4000 | 손실: 0.5736 | 검증손실: 0.5775 | 학습: 68.0% | 검증: 66.4% | lr: 1.00e-04 | 1.4s
  에폭  11/4000 | 손실: 0.5707 | 검증손실: 0.5751 | 학습: 68.6% | 검증: 66.8% | lr: 1.00e-04 | 1.6s ★
  에폭  12/4000 | 손실: 0.5708 | 검증손실: 0.5705 | 학습: 68.9% | 검증: 66.8% | lr: 1.00e-04 | 1.8s ★
  에폭  13/4000 | 손실: 0.5683 | 검증손실: 0.5691 | 학습: 69.5% | 검증: 67.4% | lr: 1.00e-04 | 1.6s ★
  에폭  14/4000 | 손실: 0.5670 | 검증손실: 0.5691 | 학습: 69.3% | 검증: 67.7% | lr: 1.00e-04 | 1.6s ★
  에폭  15/4000 | 손실: 0.5650 | 검증손실: 0.5685 | 학습: 69.9% | 검증: 67.6% | lr: 1.00e-04 | 1.6s
  에폭  16/4000 | 손실: 0.5638 | 검증손실: 0.5644 | 학습: 70.1% | 검증: 67.8% | lr: 1.00e-04 | 1.6s ★
  에폭  17/4000 | 손실: 0.5625 | 검증손실: 0.5635 | 학습: 70.0% | 검증: 68.2% | lr: 1.00e-04 | 1.6s ★
  에폭  18/4000 | 손실: 0.5639 | 검증손실: 0.5638 | 학습: 70.1% | 검증: 68.2% | lr: 1.00e-04 | 1.6s
  에폭  19/4000 | 손실: 0.5577 | 검증손실: 0.5606 | 학습: 70.9% | 검증: 68.9% | lr: 1.00e-04 | 1.6s ★
  에폭  20/4000 | 손실: 0.5583 | 검증손실: 0.5603 | 학습: 70.3% | 검증: 67.8% | lr: 1.00e-04 | 1.6s
  에폭  21/4000 | 손실: 0.5569 | 검증손실: 0.5621 | 학습: 70.6% | 검증: 68.7% | lr: 1.00e-04 | 1.6s
  에폭  22/4000 | 손실: 0.5562 | 검증손실: 0.5566 | 학습: 71.5% | 검증: 69.0% | lr: 1.00e-04 | 1.6s ★
  에폭  23/4000 | 손실: 0.5527 | 검증손실: 0.5544 | 학습: 71.4% | 검증: 68.9% | lr: 1.00e-04 | 1.6s
  에폭  24/4000 | 손실: 0.5514 | 검증손실: 0.5513 | 학습: 71.6% | 검증: 69.2% | lr: 1.00e-04 | 1.6s ★
  에폭  25/4000 | 손실: 0.5499 | 검증손실: 0.5570 | 학습: 70.8% | 검증: 68.9% | lr: 1.00e-04 | 1.6s
  에폭  26/4000 | 손실: 0.5494 | 검증손실: 0.5485 | 학습: 72.0% | 검증: 70.0% | lr: 1.00e-04 | 1.6s ★
  에폭  27/4000 | 손실: 0.5495 | 검증손실: 0.5527 | 학습: 71.9% | 검증: 69.1% | lr: 1.00e-04 | 1.6s
  에폭  28/4000 | 손실: 0.5476 | 검증손실: 0.5471 | 학습: 72.2% | 검증: 69.5% | lr: 1.00e-04 | 1.6s
  에폭  29/4000 | 손실: 0.5459 | 검증손실: 0.5442 | 학습: 72.3% | 검증: 69.7% | lr: 1.00e-04 | 1.6s
  에폭  30/4000 | 손실: 0.5441 | 검증손실: 0.5440 | 학습: 72.5% | 검증: 70.7% | lr: 1.00e-04 | 1.6s ★
  에폭  31/4000 | 손실: 0.5440 | 검증손실: 0.5439 | 학습: 72.6% | 검증: 70.6% | lr: 1.00e-04 | 1.6s
  에폭  32/4000 | 손실: 0.5412 | 검증손실: 0.5414 | 학습: 73.0% | 검증: 70.2% | lr: 1.00e-04 | 1.6s
  에폭  33/4000 | 손실: 0.5407 | 검증손실: 0.5390 | 학습: 73.0% | 검증: 70.9% | lr: 1.00e-04 | 1.7s ★
  에폭  34/4000 | 손실: 0.5387 | 검증손실: 0.5388 | 학습: 73.4% | 검증: 70.7% | lr: 1.00e-04 | 1.7s
  에폭  35/4000 | 손실: 0.5382 | 검증손실: 0.5380 | 학습: 73.4% | 검증: 70.8% | lr: 1.00e-04 | 1.6s
  에폭  36/4000 | 손실: 0.5366 | 검증손실: 0.5351 | 학습: 73.8% | 검증: 70.6% | lr: 1.00e-04 | 1.6s
  에폭  37/4000 | 손실: 0.5354 | 검증손실: 0.5335 | 학습: 73.6% | 검증: 71.1% | lr: 1.00e-04 | 1.6s ★
  에폭  38/4000 | 손실: 0.5335 | 검증손실: 0.5314 | 학습: 73.8% | 검증: 71.1% | lr: 1.00e-04 | 1.6s ★
  에폭  39/4000 | 손실: 0.5330 | 검증손실: 0.5307 | 학습: 73.8% | 검증: 71.1% | lr: 1.00e-04 | 1.6s
  에폭  40/4000 | 손실: 0.5331 | 검증손실: 0.5271 | 학습: 74.3% | 검증: 71.4% | lr: 1.00e-04 | 1.6s ★
  에폭  41/4000 | 손실: 0.5350 | 검증손실: 0.5266 | 학습: 74.5% | 검증: 71.5% | lr: 1.00e-04 | 1.6s ★
  에폭  42/4000 | 손실: 0.5316 | 검증손실: 0.5275 | 학습: 74.6% | 검증: 72.2% | lr: 1.00e-04 | 1.6s ★
  에폭  43/4000 | 손실: 0.5278 | 검증손실: 0.5256 | 학습: 75.0% | 검증: 72.1% | lr: 1.00e-04 | 1.6s
  에폭  44/4000 | 손실: 0.5332 | 검증손실: 0.5264 | 학습: 74.7% | 검증: 71.9% | lr: 1.00e-04 | 1.6s
  에폭  45/4000 | 손실: 0.5283 | 검증손실: 0.5229 | 학습: 74.7% | 검증: 72.5% | lr: 1.00e-04 | 1.6s ★
  에폭  46/4000 | 손실: 0.5246 | 검증손실: 0.5238 | 학습: 75.2% | 검증: 72.3% | lr: 1.00e-04 | 1.6s
  에폭  47/4000 | 손실: 0.5240 | 검증손실: 0.5217 | 학습: 75.4% | 검증: 72.8% | lr: 1.00e-04 | 1.6s ★
  에폭  48/4000 | 손실: 0.5240 | 검증손실: 0.5196 | 학습: 75.2% | 검증: 72.4% | lr: 1.00e-04 | 1.6s
  에폭  49/4000 | 손실: 0.5247 | 검증손실: 0.5211 | 학습: 75.4% | 검증: 72.4% | lr: 1.00e-04 | 1.6s
  에폭  50/4000 | 손실: 0.5198 | 검증손실: 0.5174 | 학습: 75.4% | 검증: 72.5% | lr: 1.00e-04 | 1.6s
  에폭  51/4000 | 손실: 0.5183 | 검증손실: 0.5164 | 학습: 75.4% | 검증: 72.5% | lr: 1.00e-04 | 1.6s
  에폭  52/4000 | 손실: 0.5157 | 검증손실: 0.5144 | 학습: 75.7% | 검증: 73.0% | lr: 1.00e-04 | 1.6s ★
  에폭  53/4000 | 손실: 0.5184 | 검증손실: 0.5161 | 학습: 76.0% | 검증: 72.8% | lr: 1.00e-04 | 1.6s
  에폭  54/4000 | 손실: 0.5209 | 검증손실: 0.5139 | 학습: 75.7% | 검증: 73.0% | lr: 1.00e-04 | 1.6s ★
  에폭  55/4000 | 손실: 0.5171 | 검증손실: 0.5134 | 학습: 76.0% | 검증: 73.2% | lr: 1.00e-04 | 1.6s ★
  에폭  56/4000 | 손실: 0.5167 | 검증손실: 0.5173 | 학습: 75.9% | 검증: 72.9% | lr: 1.00e-04 | 1.6s
  에폭  57/4000 | 손실: 0.5145 | 검증손실: 0.5076 | 학습: 76.4% | 검증: 73.1% | lr: 1.00e-04 | 1.6s
  에폭  58/4000 | 손실: 0.5105 | 검증손실: 0.5095 | 학습: 76.4% | 검증: 73.8% | lr: 1.00e-04 | 1.6s ★
  에폭  59/4000 | 손실: 0.5119 | 검증손실: 0.5069 | 학습: 76.7% | 검증: 73.9% | lr: 1.00e-04 | 1.6s ★
  에폭  60/4000 | 손실: 0.5117 | 검증손실: 0.5065 | 학습: 76.5% | 검증: 73.6% | lr: 1.00e-04 | 1.5s
  에폭  61/4000 | 손실: 0.5082 | 검증손실: 0.5058 | 학습: 77.2% | 검증: 73.8% | lr: 1.00e-04 | 1.6s
  에폭  62/4000 | 손실: 0.5075 | 검증손실: 0.5099 | 학습: 76.2% | 검증: 73.4% | lr: 1.00e-04 | 1.6s
  에폭  63/4000 | 손실: 0.5059 | 검증손실: 0.5107 | 학습: 76.3% | 검증: 73.4% | lr: 1.00e-04 | 1.6s
  에폭  64/4000 | 손실: 0.5083 | 검증손실: 0.5047 | 학습: 77.0% | 검증: 73.6% | lr: 1.00e-04 | 1.6s
  에폭  65/4000 | 손실: 0.5031 | 검증손실: 0.4990 | 학습: 77.3% | 검증: 74.0% | lr: 1.00e-04 | 1.5s ★
  에폭  66/4000 | 손실: 0.5019 | 검증손실: 0.5025 | 학습: 77.4% | 검증: 73.8% | lr: 1.00e-04 | 1.6s
  에폭  67/4000 | 손실: 0.5044 | 검증손실: 0.5017 | 학습: 77.3% | 검증: 73.7% | lr: 1.00e-04 | 1.6s
  에폭  68/4000 | 손실: 0.5061 | 검증손실: 0.4989 | 학습: 77.4% | 검증: 74.4% | lr: 1.00e-04 | 1.6s ★
  에폭  69/4000 | 손실: 0.4995 | 검증손실: 0.5015 | 학습: 77.4% | 검증: 74.2% | lr: 1.00e-04 | 1.6s
  에폭  70/4000 | 손실: 0.4973 | 검증손실: 0.4986 | 학습: 77.5% | 검증: 74.6% | lr: 1.00e-04 | 1.6s ★
  에폭  71/4000 | 손실: 0.5005 | 검증손실: 0.4914 | 학습: 78.1% | 검증: 74.8% | lr: 1.00e-04 | 1.6s ★
  에폭  72/4000 | 손실: 0.4976 | 검증손실: 0.4992 | 학습: 77.2% | 검증: 74.3% | lr: 1.00e-04 | 1.6s
  에폭  73/4000 | 손실: 0.4976 | 검증손실: 0.4956 | 학습: 78.3% | 검증: 74.3% | lr: 1.00e-04 | 1.6s
  에폭  74/4000 | 손실: 0.4952 | 검증손실: 0.4889 | 학습: 78.3% | 검증: 74.4% | lr: 1.00e-04 | 1.7s
  에폭  75/4000 | 손실: 0.4953 | 검증손실: 0.4893 | 학습: 78.1% | 검증: 74.8% | lr: 1.00e-04 | 1.6s ★
  에폭  76/4000 | 손실: 0.4972 | 검증손실: 0.4911 | 학습: 78.3% | 검증: 74.5% | lr: 1.00e-04 | 1.6s
  에폭  77/4000 | 손실: 0.4963 | 검증손실: 0.4902 | 학습: 78.5% | 검증: 75.1% | lr: 1.00e-04 | 1.6s ★
  에폭  78/4000 | 손실: 0.4925 | 검증손실: 0.4911 | 학습: 78.6% | 검증: 74.6% | lr: 1.00e-04 | 1.6s
  에폭  79/4000 | 손실: 0.4940 | 검증손실: 0.4899 | 학습: 78.3% | 검증: 74.9% | lr: 1.00e-04 | 1.6s
  에폭  80/4000 | 손실: 0.4911 | 검증손실: 0.4888 | 학습: 78.8% | 검증: 75.2% | lr: 1.00e-04 | 1.5s ★
  에폭  81/4000 | 손실: 0.4907 | 검증손실: 0.4891 | 학습: 78.9% | 검증: 75.2% | lr: 1.00e-04 | 1.5s
  에폭  82/4000 | 손실: 0.4894 | 검증손실: 0.4845 | 학습: 79.0% | 검증: 75.4% | lr: 1.00e-04 | 1.5s ★
  에폭  83/4000 | 손실: 0.4858 | 검증손실: 0.4868 | 학습: 78.4% | 검증: 75.2% | lr: 1.00e-04 | 1.6s
  에폭  84/4000 | 손실: 0.4863 | 검증손실: 0.4789 | 학습: 79.1% | 검증: 75.6% | lr: 1.00e-04 | 1.5s ★
  에폭  85/4000 | 손실: 0.4839 | 검증손실: 0.4841 | 학습: 79.4% | 검증: 75.1% | lr: 1.00e-04 | 1.5s
  에폭  86/4000 | 손실: 0.4836 | 검증손실: 0.4799 | 학습: 79.7% | 검증: 75.4% | lr: 1.00e-04 | 1.5s
  에폭  87/4000 | 손실: 0.4874 | 검증손실: 0.4785 | 학습: 79.1% | 검증: 75.6% | lr: 1.00e-04 | 1.5s ★
  에폭  88/4000 | 손실: 0.4809 | 검증손실: 0.4776 | 학습: 79.6% | 검증: 75.4% | lr: 1.00e-04 | 1.5s
  에폭  89/4000 | 손실: 0.4841 | 검증손실: 0.4835 | 학습: 79.4% | 검증: 75.3% | lr: 1.00e-04 | 1.5s
  에폭  90/4000 | 손실: 0.4770 | 검증손실: 0.4738 | 학습: 79.8% | 검증: 75.9% | lr: 1.00e-04 | 1.5s ★
  에폭  91/4000 | 손실: 0.4792 | 검증손실: 0.4783 | 학습: 80.0% | 검증: 75.9% | lr: 1.00e-04 | 1.5s ★
  에폭  92/4000 | 손실: 0.4833 | 검증손실: 0.4742 | 학습: 80.0% | 검증: 75.5% | lr: 1.00e-04 | 1.5s
  에폭  93/4000 | 손실: 0.4771 | 검증손실: 0.4717 | 학습: 79.8% | 검증: 76.4% | lr: 1.00e-04 | 1.6s ★
  에폭  94/4000 | 손실: 0.4772 | 검증손실: 0.4746 | 학습: 79.6% | 검증: 76.1% | lr: 1.00e-04 | 1.6s
  에폭  95/4000 | 손실: 0.4766 | 검증손실: 0.4708 | 학습: 79.6% | 검증: 76.5% | lr: 1.00e-04 | 1.5s ★
  에폭  96/4000 | 손실: 0.4741 | 검증손실: 0.4770 | 학습: 79.8% | 검증: 76.1% | lr: 1.00e-04 | 1.6s
  에폭  97/4000 | 손실: 0.4734 | 검증손실: 0.4669 | 학습: 80.7% | 검증: 77.0% | lr: 1.00e-04 | 1.6s ★
  에폭  98/4000 | 손실: 0.4731 | 검증손실: 0.4671 | 학습: 80.4% | 검증: 76.4% | lr: 1.00e-04 | 1.5s
  에폭  99/4000 | 손실: 0.4728 | 검증손실: 0.4733 | 학습: 80.5% | 검증: 76.1% | lr: 1.00e-04 | 1.5s
  에폭 100/4000 | 손실: 0.4706 | 검증손실: 0.4713 | 학습: 80.8% | 검증: 76.2% | lr: 1.00e-04 | 1.5s
  에폭 101/4000 | 손실: 0.4704 | 검증손실: 0.4615 | 학습: 81.0% | 검증: 76.9% | lr: 1.00e-04 | 1.6s
  에폭 102/4000 | 손실: 0.4683 | 검증손실: 0.4627 | 학습: 81.1% | 검증: 76.9% | lr: 1.00e-04 | 1.7s
  에폭 103/4000 | 손실: 0.4692 | 검증손실: 0.4620 | 학습: 81.1% | 검증: 76.7% | lr: 1.00e-04 | 1.7s
  에폭 104/4000 | 손실: 0.4669 | 검증손실: 0.4637 | 학습: 81.3% | 검증: 77.3% | lr: 1.00e-04 | 1.9s ★
  에폭 105/4000 | 손실: 0.4659 | 검증손실: 0.4656 | 학습: 81.4% | 검증: 77.3% | lr: 1.00e-04 | 1.7s ★
  에폭 106/4000 | 손실: 0.4677 | 검증손실: 0.4594 | 학습: 81.6% | 검증: 77.7% | lr: 1.00e-04 | 1.6s ★
  에폭 107/4000 | 손실: 0.4633 | 검증손실: 0.4598 | 학습: 80.6% | 검증: 76.7% | lr: 1.00e-04 | 1.6s
  에폭 108/4000 | 손실: 0.4674 | 검증손실: 0.4627 | 학습: 80.4% | 검증: 76.6% | lr: 1.00e-04 | 1.8s
  에폭 109/4000 | 손실: 0.4646 | 검증손실: 0.4601 | 학습: 81.6% | 검증: 77.1% | lr: 1.00e-04 | 2.2s
  에폭 110/4000 | 손실: 0.4648 | 검증손실: 0.4569 | 학습: 81.5% | 검증: 77.5% | lr: 1.00e-04 | 1.9s
  에폭 111/4000 | 손실: 0.4682 | 검증손실: 0.4629 | 학습: 80.9% | 검증: 76.6% | lr: 1.00e-04 | 1.7s
  에폭 112/4000 | 손실: 0.4606 | 검증손실: 0.4553 | 학습: 82.1% | 검증: 77.6% | lr: 1.00e-04 | 1.6s
  에폭 113/4000 | 손실: 0.4593 | 검증손실: 0.4600 | 학습: 81.7% | 검증: 77.5% | lr: 1.00e-04 | 1.6s
  에폭 114/4000 | 손실: 0.4577 | 검증손실: 0.4559 | 학습: 82.2% | 검증: 78.0% | lr: 1.00e-04 | 1.7s ★
  에폭 115/4000 | 손실: 0.4587 | 검증손실: 0.4535 | 학습: 82.3% | 검증: 77.6% | lr: 1.00e-04 | 1.7s
  에폭 116/4000 | 손실: 0.4603 | 검증손실: 0.4524 | 학습: 82.1% | 검증: 77.8% | lr: 1.00e-04 | 1.7s
  에폭 117/4000 | 손실: 0.4569 | 검증손실: 0.4532 | 학습: 82.6% | 검증: 77.9% | lr: 1.00e-04 | 1.7s
  에폭 118/4000 | 손실: 0.4560 | 검증손실: 0.4545 | 학습: 82.2% | 검증: 78.0% | lr: 1.00e-04 | 1.7s
  에폭 119/4000 | 손실: 0.4539 | 검증손실: 0.4499 | 학습: 82.8% | 검증: 78.2% | lr: 1.00e-04 | 1.7s ★
  에폭 120/4000 | 손실: 0.4542 | 검증손실: 0.4481 | 학습: 82.8% | 검증: 78.4% | lr: 1.00e-04 | 1.7s ★
  에폭 121/4000 | 손실: 0.4524 | 검증손실: 0.4497 | 학습: 82.5% | 검증: 78.2% | lr: 1.00e-04 | 1.7s
  에폭 122/4000 | 손실: 0.4550 | 검증손실: 0.4423 | 학습: 82.6% | 검증: 78.2% | lr: 1.00e-04 | 1.7s
  에폭 123/4000 | 손실: 0.4505 | 검증손실: 0.4486 | 학습: 82.2% | 검증: 77.8% | lr: 1.00e-04 | 1.6s
  에폭 124/4000 | 손실: 0.4500 | 검증손실: 0.4459 | 학습: 82.5% | 검증: 78.3% | lr: 1.00e-04 | 1.7s
  에폭 125/4000 | 손실: 0.4505 | 검증손실: 0.4473 | 학습: 82.0% | 검증: 77.6% | lr: 1.00e-04 | 1.7s
  에폭 126/4000 | 손실: 0.4479 | 검증손실: 0.4434 | 학습: 83.0% | 검증: 78.5% | lr: 1.00e-04 | 2.0s ★
  에폭 127/4000 | 손실: 0.4475 | 검증손실: 0.4465 | 학습: 82.3% | 검증: 77.5% | lr: 1.00e-04 | 1.7s
  에폭 128/4000 | 손실: 0.4435 | 검증손실: 0.4457 | 학습: 83.3% | 검증: 78.7% | lr: 1.00e-04 | 1.7s ★
  에폭 129/4000 | 손실: 0.4465 | 검증손실: 0.4463 | 학습: 83.5% | 검증: 78.4% | lr: 1.00e-04 | 1.7s
  에폭 130/4000 | 손실: 0.4493 | 검증손실: 0.4433 | 학습: 82.7% | 검증: 78.2% | lr: 1.00e-04 | 1.7s
  에폭 131/4000 | 손실: 0.4470 | 검증손실: 0.4438 | 학습: 83.5% | 검증: 78.6% | lr: 1.00e-04 | 1.7s
  에폭 132/4000 | 손실: 0.4448 | 검증손실: 0.4420 | 학습: 83.1% | 검증: 78.2% | lr: 1.00e-04 | 1.7s
  에폭 133/4000 | 손실: 0.4449 | 검증손실: 0.4406 | 학습: 83.5% | 검증: 78.9% | lr: 1.00e-04 | 1.7s ★
  에폭 134/4000 | 손실: 0.4416 | 검증손실: 0.4571 | 학습: 81.6% | 검증: 77.4% | lr: 1.00e-04 | 1.7s
  에폭 135/4000 | 손실: 0.4379 | 검증손실: 0.4404 | 학습: 83.2% | 검증: 78.8% | lr: 1.00e-04 | 1.7s
  에폭 136/4000 | 손실: 0.4388 | 검증손실: 0.4458 | 학습: 82.4% | 검증: 77.9% | lr: 1.00e-04 | 1.7s
  에폭 137/4000 | 손실: 0.4384 | 검증손실: 0.4372 | 학습: 83.9% | 검증: 79.0% | lr: 1.00e-04 | 1.6s ★
  에폭 138/4000 | 손실: 0.4390 | 검증손실: 0.4335 | 학습: 83.8% | 검증: 79.6% | lr: 1.00e-04 | 1.6s ★
  에폭 139/4000 | 손실: 0.4394 | 검증손실: 0.4322 | 학습: 83.7% | 검증: 79.7% | lr: 1.00e-04 | 1.6s ★
  에폭 140/4000 | 손실: 0.4379 | 검증손실: 0.4419 | 학습: 83.9% | 검증: 79.0% | lr: 1.00e-04 | 1.6s
  에폭 141/4000 | 손실: 0.4369 | 검증손실: 0.4390 | 학습: 83.9% | 검증: 79.1% | lr: 1.00e-04 | 1.5s
  에폭 142/4000 | 손실: 0.4363 | 검증손실: 0.4362 | 학습: 83.8% | 검증: 78.8% | lr: 1.00e-04 | 1.6s
  에폭 143/4000 | 손실: 0.4360 | 검증손실: 0.4348 | 학습: 84.1% | 검증: 78.9% | lr: 1.00e-04 | 1.5s
  에폭 144/4000 | 손실: 0.4397 | 검증손실: 0.4291 | 학습: 84.1% | 검증: 79.2% | lr: 1.00e-04 | 1.5s
  에폭 145/4000 | 손실: 0.4373 | 검증손실: 0.4298 | 학습: 84.4% | 검증: 79.4% | lr: 1.00e-04 | 1.6s
  에폭 146/4000 | 손실: 0.4337 | 검증손실: 0.4309 | 학습: 84.3% | 검증: 79.1% | lr: 1.00e-04 | 1.6s
  에폭 147/4000 | 손실: 0.4345 | 검증손실: 0.4313 | 학습: 84.7% | 검증: 79.3% | lr: 1.00e-04 | 1.6s
  에폭 148/4000 | 손실: 0.4305 | 검증손실: 0.4320 | 학습: 83.4% | 검증: 79.1% | lr: 1.00e-04 | 1.6s
  에폭 149/4000 | 손실: 0.4327 | 검증손실: 0.4280 | 학습: 84.8% | 검증: 79.5% | lr: 1.00e-04 | 1.5s
  에폭 150/4000 | 손실: 0.4299 | 검증손실: 0.4306 | 학습: 83.9% | 검증: 79.2% | lr: 1.00e-04 | 1.6s
  에폭 151/4000 | 손실: 0.4317 | 검증손실: 0.4306 | 학습: 84.7% | 검증: 79.7% | lr: 1.00e-04 | 1.6s ★
  에폭 152/4000 | 손실: 0.4324 | 검증손실: 0.4298 | 학습: 84.2% | 검증: 79.6% | lr: 1.00e-04 | 1.6s
  에폭 153/4000 | 손실: 0.4331 | 검증손실: 0.4260 | 학습: 85.1% | 검증: 79.9% | lr: 1.00e-04 | 1.6s ★
  에폭 154/4000 | 손실: 0.4313 | 검증손실: 0.4248 | 학습: 85.1% | 검증: 79.9% | lr: 1.00e-04 | 1.6s ★
  에폭 155/4000 | 손실: 0.4310 | 검증손실: 0.4303 | 학습: 84.8% | 검증: 79.3% | lr: 1.00e-04 | 1.6s
  에폭 156/4000 | 손실: 0.4298 | 검증손실: 0.4287 | 학습: 84.7% | 검증: 79.6% | lr: 1.00e-04 | 1.6s
  에폭 157/4000 | 손실: 0.4288 | 검증손실: 0.4285 | 학습: 84.6% | 검증: 79.3% | lr: 1.00e-04 | 1.5s
  에폭 158/4000 | 손실: 0.4287 | 검증손실: 0.4182 | 학습: 85.1% | 검증: 79.7% | lr: 1.00e-04 | 1.5s
  에폭 159/4000 | 손실: 0.4308 | 검증손실: 0.4227 | 학습: 85.0% | 검증: 79.5% | lr: 1.00e-04 | 1.5s
  에폭 160/4000 | 손실: 0.4213 | 검증손실: 0.4243 | 학습: 84.9% | 검증: 79.4% | lr: 1.00e-04 | 1.5s
  에폭 161/4000 | 손실: 0.4263 | 검증손실: 0.4249 | 학습: 84.8% | 검증: 79.3% | lr: 1.00e-04 | 1.6s
  에폭 162/4000 | 손실: 0.4202 | 검증손실: 0.4211 | 학습: 85.3% | 검증: 80.5% | lr: 1.00e-04 | 1.5s ★
  에폭 163/4000 | 손실: 0.4205 | 검증손실: 0.4199 | 학습: 85.4% | 검증: 80.0% | lr: 1.00e-04 | 1.6s
  에폭 164/4000 | 손실: 0.4198 | 검증손실: 0.4197 | 학습: 85.4% | 검증: 80.5% | lr: 1.00e-04 | 1.6s
  에폭 165/4000 | 손실: 0.4156 | 검증손실: 0.4165 | 학습: 85.7% | 검증: 80.4% | lr: 1.00e-04 | 1.6s
  에폭 166/4000 | 손실: 0.4225 | 검증손실: 0.4146 | 학습: 85.3% | 검증: 80.3% | lr: 1.00e-04 | 1.6s
  에폭 167/4000 | 손실: 0.4206 | 검증손실: 0.4183 | 학습: 85.6% | 검증: 80.0% | lr: 1.00e-04 | 1.6s
  에폭 168/4000 | 손실: 0.4215 | 검증손실: 0.4221 | 학습: 85.6% | 검증: 80.1% | lr: 1.00e-04 | 1.6s
  에폭 169/4000 | 손실: 0.4168 | 검증손실: 0.4181 | 학습: 85.2% | 검증: 79.9% | lr: 1.00e-04 | 1.6s
  에폭 170/4000 | 손실: 0.4193 | 검증손실: 0.4202 | 학습: 85.2% | 검증: 80.1% | lr: 1.00e-04 | 1.6s
  에폭 171/4000 | 손실: 0.4161 | 검증손실: 0.4123 | 학습: 85.6% | 검증: 80.2% | lr: 1.00e-04 | 1.6s
  에폭 172/4000 | 손실: 0.4168 | 검증손실: 0.4177 | 학습: 85.6% | 검증: 80.1% | lr: 1.00e-04 | 1.6s
  에폭 173/4000 | 손실: 0.4135 | 검증손실: 0.4076 | 학습: 86.0% | 검증: 80.8% | lr: 1.00e-04 | 1.6s ★
  에폭 174/4000 | 손실: 0.4155 | 검증손실: 0.4100 | 학습: 85.9% | 검증: 80.7% | lr: 1.00e-04 | 1.7s
  에폭 175/4000 | 손실: 0.4137 | 검증손실: 0.4106 | 학습: 85.8% | 검증: 81.1% | lr: 1.00e-04 | 1.6s ★
  에폭 176/4000 | 손실: 0.4105 | 검증손실: 0.4071 | 학습: 86.1% | 검증: 81.2% | lr: 1.00e-04 | 1.6s ★
  에폭 177/4000 | 손실: 0.4119 | 검증손실: 0.4114 | 학습: 85.2% | 검증: 80.2% | lr: 1.00e-04 | 1.6s
  에폭 178/4000 | 손실: 0.4134 | 검증손실: 0.4053 | 학습: 86.2% | 검증: 80.9% | lr: 1.00e-04 | 1.6s
  에폭 179/4000 | 손실: 0.4098 | 검증손실: 0.4036 | 학습: 86.3% | 검증: 81.1% | lr: 1.00e-04 | 1.6s
  에폭 180/4000 | 손실: 0.4091 | 검증손실: 0.4126 | 학습: 86.3% | 검증: 80.8% | lr: 1.00e-04 | 1.7s
  에폭 181/4000 | 손실: 0.4103 | 검증손실: 0.4111 | 학습: 86.4% | 검증: 80.7% | lr: 1.00e-04 | 1.6s
  에폭 182/4000 | 손실: 0.4105 | 검증손실: 0.4132 | 학습: 85.6% | 검증: 80.3% | lr: 1.00e-04 | 1.6s
  에폭 183/4000 | 손실: 0.4066 | 검증손실: 0.4118 | 학습: 86.0% | 검증: 80.3% | lr: 1.00e-04 | 1.6s
  에폭 184/4000 | 손실: 0.4085 | 검증손실: 0.4094 | 학습: 85.6% | 검증: 80.7% | lr: 1.00e-04 | 1.7s
  에폭 185/4000 | 손실: 0.4055 | 검증손실: 0.4066 | 학습: 86.7% | 검증: 81.2% | lr: 1.00e-04 | 1.7s ★
  에폭 186/4000 | 손실: 0.4093 | 검증손실: 0.4010 | 학습: 86.8% | 검증: 81.4% | lr: 1.00e-04 | 1.6s ★
  에폭 187/4000 | 손실: 0.4055 | 검증손실: 0.4041 | 학습: 86.4% | 검증: 81.5% | lr: 1.00e-04 | 1.7s ★
  에폭 188/4000 | 손실: 0.4060 | 검증손실: 0.4078 | 학습: 86.6% | 검증: 80.8% | lr: 1.00e-04 | 1.7s
  에폭 189/4000 | 손실: 0.4078 | 검증손실: 0.4054 | 학습: 86.2% | 검증: 80.9% | lr: 1.00e-04 | 1.6s
  에폭 190/4000 | 손실: 0.4028 | 검증손실: 0.4046 | 학습: 86.5% | 검증: 81.2% | lr: 1.00e-04 | 1.6s
  에폭 191/4000 | 손실: 0.4015 | 검증손실: 0.4077 | 학습: 86.5% | 검증: 81.4% | lr: 1.00e-04 | 1.7s
  에폭 192/4000 | 손실: 0.4052 | 검증손실: 0.4071 | 학습: 86.6% | 검증: 81.2% | lr: 1.00e-04 | 1.7s
  에폭 193/4000 | 손실: 0.4019 | 검증손실: 0.4020 | 학습: 86.5% | 검증: 80.7% | lr: 1.00e-04 | 1.7s
  에폭 194/4000 | 손실: 0.4035 | 검증손실: 0.4029 | 학습: 87.0% | 검증: 81.1% | lr: 1.00e-04 | 1.7s
  에폭 195/4000 | 손실: 0.4045 | 검증손실: 0.4037 | 학습: 86.9% | 검증: 81.0% | lr: 1.00e-04 | 1.7s
  에폭 196/4000 | 손실: 0.3966 | 검증손실: 0.4037 | 학습: 86.7% | 검증: 80.6% | lr: 1.00e-04 | 1.7s
  에폭 197/4000 | 손실: 0.3953 | 검증손실: 0.3983 | 학습: 87.3% | 검증: 81.5% | lr: 1.00e-04 | 1.7s ★
  에폭 198/4000 | 손실: 0.3971 | 검증손실: 0.4029 | 학습: 86.1% | 검증: 81.1% | lr: 1.00e-04 | 1.7s
  에폭 199/4000 | 손실: 0.4001 | 검증손실: 0.3940 | 학습: 87.4% | 검증: 81.7% | lr: 1.00e-04 | 1.7s ★
  에폭 200/4000 | 손실: 0.3993 | 검증손실: 0.4008 | 학습: 87.3% | 검증: 81.7% | lr: 1.00e-04 | 1.7s ★
  에폭 201/4000 | 손실: 0.3990 | 검증손실: 0.3978 | 학습: 87.5% | 검증: 81.2% | lr: 1.00e-04 | 1.7s
  에폭 202/4000 | 손실: 0.3932 | 검증손실: 0.3956 | 학습: 87.3% | 검증: 82.0% | lr: 1.00e-04 | 1.6s ★
  에폭 203/4000 | 손실: 0.3978 | 검증손실: 0.3922 | 학습: 87.6% | 검증: 82.0% | lr: 1.00e-04 | 1.8s
  에폭 204/4000 | 손실: 0.3974 | 검증손실: 0.3928 | 학습: 87.5% | 검증: 82.0% | lr: 1.00e-04 | 1.9s ★
  에폭 205/4000 | 손실: 0.3972 | 검증손실: 0.3950 | 학습: 87.5% | 검증: 81.7% | lr: 1.00e-04 | 1.6s
  에폭 206/4000 | 손실: 0.3944 | 검증손실: 0.3916 | 학습: 87.5% | 검증: 81.7% | lr: 1.00e-04 | 1.7s
  에폭 207/4000 | 손실: 0.3943 | 검증손실: 0.3946 | 학습: 87.2% | 검증: 81.8% | lr: 1.00e-04 | 1.6s
  에폭 208/4000 | 손실: 0.3919 | 검증손실: 0.3962 | 학습: 87.5% | 검증: 81.7% | lr: 1.00e-04 | 1.7s
  에폭 209/4000 | 손실: 0.3898 | 검증손실: 0.3946 | 학습: 87.5% | 검증: 81.7% | lr: 1.00e-04 | 1.8s
  에폭 210/4000 | 손실: 0.3942 | 검증손실: 0.3926 | 학습: 87.8% | 검증: 81.8% | lr: 1.00e-04 | 1.8s
  에폭 211/4000 | 손실: 0.3920 | 검증손실: 0.3939 | 학습: 87.4% | 검증: 81.4% | lr: 1.00e-04 | 1.7s
  에폭 212/4000 | 손실: 0.3879 | 검증손실: 0.3924 | 학습: 87.9% | 검증: 81.8% | lr: 1.00e-04 | 1.7s
  에폭 213/4000 | 손실: 0.3902 | 검증손실: 0.3892 | 학습: 87.7% | 검증: 82.1% | lr: 1.00e-04 | 1.7s ★
  에폭 214/4000 | 손실: 0.3905 | 검증손실: 0.3942 | 학습: 88.0% | 검증: 81.8% | lr: 1.00e-04 | 1.7s
  에폭 215/4000 | 손실: 0.3890 | 검증손실: 0.4046 | 학습: 86.6% | 검증: 81.4% | lr: 1.00e-04 | 1.7s
  에폭 216/4000 | 손실: 0.3906 | 검증손실: 0.3991 | 학습: 87.1% | 검증: 81.1% | lr: 1.00e-04 | 1.6s
  에폭 217/4000 | 손실: 0.3875 | 검증손실: 0.3953 | 학습: 87.7% | 검증: 81.9% | lr: 1.00e-04 | 1.6s
  에폭 218/4000 | 손실: 0.3873 | 검증손실: 0.3897 | 학습: 87.7% | 검증: 81.9% | lr: 1.00e-04 | 1.7s
  에폭 219/4000 | 손실: 0.3940 | 검증손실: 0.3952 | 학습: 87.4% | 검증: 82.2% | lr: 1.00e-04 | 1.7s ★
  에폭 220/4000 | 손실: 0.3901 | 검증손실: 0.3883 | 학습: 88.0% | 검증: 82.4% | lr: 1.00e-04 | 1.7s ★
  에폭 221/4000 | 손실: 0.3865 | 검증손실: 0.3885 | 학습: 88.0% | 검증: 82.3% | lr: 1.00e-04 | 1.7s
  에폭 222/4000 | 손실: 0.3868 | 검증손실: 0.3949 | 학습: 87.6% | 검증: 81.9% | lr: 1.00e-04 | 1.8s
  에폭 223/4000 | 손실: 0.3841 | 검증손실: 0.3859 | 학습: 87.9% | 검증: 81.9% | lr: 1.00e-04 | 2.1s
  에폭 224/4000 | 손실: 0.3867 | 검증손실: 0.3835 | 학습: 88.2% | 검증: 82.6% | lr: 1.00e-04 | 1.8s ★
  에폭 225/4000 | 손실: 0.3821 | 검증손실: 0.3851 | 학습: 88.1% | 검증: 82.4% | lr: 1.00e-04 | 1.7s
  에폭 226/4000 | 손실: 0.3846 | 검증손실: 0.3867 | 학습: 88.1% | 검증: 82.0% | lr: 1.00e-04 | 1.7s
  에폭 227/4000 | 손실: 0.3829 | 검증손실: 0.3863 | 학습: 88.2% | 검증: 82.1% | lr: 1.00e-04 | 1.7s
  에폭 228/4000 | 손실: 0.3879 | 검증손실: 0.3869 | 학습: 88.0% | 검증: 81.6% | lr: 1.00e-04 | 1.7s
  에폭 229/4000 | 손실: 0.3788 | 검증손실: 0.3837 | 학습: 88.3% | 검증: 82.3% | lr: 1.00e-04 | 1.7s
  에폭 230/4000 | 손실: 0.3781 | 검증손실: 0.3902 | 학습: 87.8% | 검증: 81.6% | lr: 1.00e-04 | 1.7s
  에폭 231/4000 | 손실: 0.3819 | 검증손실: 0.3883 | 학습: 88.5% | 검증: 81.8% | lr: 1.00e-04 | 1.7s
  에폭 232/4000 | 손실: 0.3756 | 검증손실: 0.3851 | 학습: 88.3% | 검증: 82.5% | lr: 1.00e-04 | 1.6s
  에폭 233/4000 | 손실: 0.3768 | 검증손실: 0.3838 | 학습: 88.2% | 검증: 82.3% | lr: 1.00e-04 | 1.7s
  에폭 234/4000 | 손실: 0.3779 | 검증손실: 0.3917 | 학습: 88.0% | 검증: 82.0% | lr: 1.00e-04 | 1.7s
  에폭 235/4000 | 손실: 0.3773 | 검증손실: 0.3912 | 학습: 88.2% | 검증: 81.9% | lr: 1.00e-04 | 1.7s
  에폭 236/4000 | 손실: 0.3787 | 검증손실: 0.3830 | 학습: 88.6% | 검증: 82.2% | lr: 1.00e-04 | 1.8s
  에폭 237/4000 | 손실: 0.3747 | 검증손실: 0.3830 | 학습: 88.7% | 검증: 82.5% | lr: 1.00e-04 | 1.7s
  에폭 238/4000 | 손실: 0.3769 | 검증손실: 0.3843 | 학습: 88.3% | 검증: 82.7% | lr: 1.00e-04 | 1.7s ★
  에폭 239/4000 | 손실: 0.3764 | 검증손실: 0.3870 | 학습: 88.8% | 검증: 82.3% | lr: 1.00e-04 | 1.7s
  에폭 240/4000 | 손실: 0.3757 | 검증손실: 0.3803 | 학습: 88.7% | 검증: 82.7% | lr: 1.00e-04 | 1.7s ★
  에폭 241/4000 | 손실: 0.3750 | 검증손실: 0.3928 | 학습: 88.1% | 검증: 82.2% | lr: 1.00e-04 | 1.7s
  에폭 242/4000 | 손실: 0.3792 | 검증손실: 0.3858 | 학습: 88.9% | 검증: 82.2% | lr: 1.00e-04 | 1.7s
  에폭 243/4000 | 손실: 0.3733 | 검증손실: 0.3839 | 학습: 88.9% | 검증: 82.0% | lr: 1.00e-04 | 1.8s
  에폭 244/4000 | 손실: 0.3729 | 검증손실: 0.3817 | 학습: 89.1% | 검증: 82.3% | lr: 1.00e-04 | 1.6s
  에폭 245/4000 | 손실: 0.3728 | 검증손실: 0.3771 | 학습: 88.5% | 검증: 82.7% | lr: 1.00e-04 | 1.7s
  에폭 246/4000 | 손실: 0.3721 | 검증손실: 0.3790 | 학습: 88.9% | 검증: 82.5% | lr: 1.00e-04 | 1.7s
  에폭 247/4000 | 손실: 0.3699 | 검증손실: 0.3772 | 학습: 88.9% | 검증: 82.2% | lr: 1.00e-04 | 1.7s
  에폭 248/4000 | 손실: 0.3722 | 검증손실: 0.3771 | 학습: 88.8% | 검증: 82.8% | lr: 1.00e-04 | 1.7s ★
  에폭 249/4000 | 손실: 0.3754 | 검증손실: 0.3801 | 학습: 89.2% | 검증: 82.3% | lr: 1.00e-04 | 1.7s
  에폭 250/4000 | 손실: 0.3724 | 검증손실: 0.3779 | 학습: 88.8% | 검증: 82.8% | lr: 1.00e-04 | 1.7s
  에폭 251/4000 | 손실: 0.3693 | 검증손실: 0.3797 | 학습: 88.9% | 검증: 82.7% | lr: 1.00e-04 | 1.7s
  에폭 252/4000 | 손실: 0.3628 | 검증손실: 0.3797 | 학습: 89.2% | 검증: 82.3% | lr: 1.00e-04 | 1.7s
  에폭 253/4000 | 손실: 0.3695 | 검증손실: 0.3833 | 학습: 88.9% | 검증: 83.0% | lr: 1.00e-04 | 1.7s ★
  에폭 254/4000 | 손실: 0.3734 | 검증손실: 0.3879 | 학습: 89.1% | 검증: 82.0% | lr: 1.00e-04 | 1.7s
  에폭 255/4000 | 손실: 0.3647 | 검증손실: 0.3784 | 학습: 88.9% | 검증: 82.7% | lr: 1.00e-04 | 1.7s
  에폭 256/4000 | 손실: 0.3683 | 검증손실: 0.3883 | 학습: 88.6% | 검증: 82.1% | lr: 1.00e-04 | 1.7s
  에폭 257/4000 | 손실: 0.3706 | 검증손실: 0.3732 | 학습: 89.6% | 검증: 83.1% | lr: 1.00e-04 | 1.7s ★
  에폭 258/4000 | 손실: 0.3617 | 검증손실: 0.3774 | 학습: 89.0% | 검증: 82.7% | lr: 1.00e-04 | 1.7s
  에폭 259/4000 | 손실: 0.3663 | 검증손실: 0.3737 | 학습: 89.1% | 검증: 83.2% | lr: 1.00e-04 | 1.7s ★
  에폭 260/4000 | 손실: 0.3644 | 검증손실: 0.3738 | 학습: 89.4% | 검증: 83.1% | lr: 1.00e-04 | 1.6s
  에폭 261/4000 | 손실: 0.3658 | 검증손실: 0.3731 | 학습: 89.5% | 검증: 83.1% | lr: 1.00e-04 | 1.6s
  에폭 262/4000 | 손실: 0.3672 | 검증손실: 0.3757 | 학습: 89.5% | 검증: 82.6% | lr: 1.00e-04 | 1.6s
  에폭 263/4000 | 손실: 0.3607 | 검증손실: 0.3750 | 학습: 89.4% | 검증: 83.0% | lr: 1.00e-04 | 1.7s
  에폭 264/4000 | 손실: 0.3655 | 검증손실: 0.3726 | 학습: 89.8% | 검증: 83.0% | lr: 1.00e-04 | 1.7s
  에폭 265/4000 | 손실: 0.3628 | 검증손실: 0.3784 | 학습: 89.0% | 검증: 83.0% | lr: 1.00e-04 | 1.8s
  에폭 266/4000 | 손실: 0.3607 | 검증손실: 0.3728 | 학습: 89.5% | 검증: 83.1% | lr: 1.00e-04 | 1.9s
  에폭 267/4000 | 손실: 0.3623 | 검증손실: 0.3771 | 학습: 89.3% | 검증: 82.7% | lr: 1.00e-04 | 1.7s
  에폭 268/4000 | 손실: 0.3591 | 검증손실: 0.3689 | 학습: 89.5% | 검증: 83.3% | lr: 1.00e-04 | 1.7s ★
  에폭 269/4000 | 손실: 0.3629 | 검증손실: 0.3764 | 학습: 89.2% | 검증: 83.0% | lr: 1.00e-04 | 1.7s
  에폭 270/4000 | 손실: 0.3604 | 검증손실: 0.3697 | 학습: 89.8% | 검증: 83.5% | lr: 1.00e-04 | 1.7s ★
  에폭 271/4000 | 손실: 0.3659 | 검증손실: 0.3706 | 학습: 89.4% | 검증: 83.5% | lr: 1.00e-04 | 1.7s
  에폭 272/4000 | 손실: 0.3592 | 검증손실: 0.3784 | 학습: 88.7% | 검증: 82.8% | lr: 1.00e-04 | 1.6s
  에폭 273/4000 | 손실: 0.3628 | 검증손실: 0.3690 | 학습: 89.7% | 검증: 83.5% | lr: 1.00e-04 | 1.7s
  에폭 274/4000 | 손실: 0.3568 | 검증손실: 0.3726 | 학습: 89.6% | 검증: 83.1% | lr: 1.00e-04 | 1.7s
  에폭 275/4000 | 손실: 0.3589 | 검증손실: 0.3724 | 학습: 89.3% | 검증: 82.9% | lr: 1.00e-04 | 1.8s
  에폭 276/4000 | 손실: 0.3598 | 검증손실: 0.3756 | 학습: 89.1% | 검증: 83.0% | lr: 1.00e-04 | 1.7s
  에폭 277/4000 | 손실: 0.3579 | 검증손실: 0.3718 | 학습: 89.7% | 검증: 83.1% | lr: 1.00e-04 | 1.6s
  에폭 278/4000 | 손실: 0.3630 | 검증손실: 0.3770 | 학습: 89.7% | 검증: 83.0% | lr: 1.00e-04 | 1.7s
  에폭 279/4000 | 손실: 0.3576 | 검증손실: 0.3669 | 학습: 89.8% | 검증: 83.2% | lr: 1.00e-04 | 1.8s
  에폭 280/4000 | 손실: 0.3576 | 검증손실: 0.3706 | 학습: 90.2% | 검증: 83.5% | lr: 1.00e-04 | 2.0s ★
  에폭 281/4000 | 손실: 0.3563 | 검증손실: 0.3726 | 학습: 89.9% | 검증: 82.9% | lr: 1.00e-04 | 1.8s
  에폭 282/4000 | 손실: 0.3561 | 검증손실: 0.3746 | 학습: 89.6% | 검증: 83.0% | lr: 1.00e-04 | 1.7s
  에폭 283/4000 | 손실: 0.3574 | 검증손실: 0.3687 | 학습: 90.4% | 검증: 83.2% | lr: 1.00e-04 | 1.7s
  에폭 284/4000 | 손실: 0.3585 | 검증손실: 0.3697 | 학습: 90.4% | 검증: 82.8% | lr: 1.00e-04 | 1.7s
  에폭 285/4000 | 손실: 0.3501 | 검증손실: 0.3673 | 학습: 90.0% | 검증: 83.1% | lr: 1.00e-04 | 1.7s
  에폭 286/4000 | 손실: 0.3538 | 검증손실: 0.3660 | 학습: 90.5% | 검증: 83.5% | lr: 1.00e-04 | 1.7s
  에폭 287/4000 | 손실: 0.3521 | 검증손실: 0.3647 | 학습: 90.2% | 검증: 83.4% | lr: 1.00e-04 | 1.7s
  에폭 288/4000 | 손실: 0.3531 | 검증손실: 0.3664 | 학습: 90.3% | 검증: 83.7% | lr: 1.00e-04 | 1.7s ★
  에폭 289/4000 | 손실: 0.3592 | 검증손실: 0.3758 | 학습: 89.6% | 검증: 82.9% | lr: 1.00e-04 | 1.7s
  에폭 290/4000 | 손실: 0.3546 | 검증손실: 0.3695 | 학습: 90.4% | 검증: 83.5% | lr: 1.00e-04 | 1.7s
  에폭 291/4000 | 손실: 0.3499 | 검증손실: 0.3624 | 학습: 90.2% | 검증: 83.5% | lr: 1.00e-04 | 1.6s
  에폭 292/4000 | 손실: 0.3540 | 검증손실: 0.3637 | 학습: 90.5% | 검증: 83.6% | lr: 1.00e-04 | 1.7s
  에폭 293/4000 | 손실: 0.3492 | 검증손실: 0.3702 | 학습: 90.4% | 검증: 83.1% | lr: 1.00e-04 | 1.7s
  에폭 294/4000 | 손실: 0.3517 | 검증손실: 0.3684 | 학습: 90.1% | 검증: 83.3% | lr: 1.00e-04 | 1.7s
  에폭 295/4000 | 손실: 0.3450 | 검증손실: 0.3694 | 학습: 90.1% | 검증: 83.4% | lr: 1.00e-04 | 1.6s
  에폭 296/4000 | 손실: 0.3459 | 검증손실: 0.3657 | 학습: 90.4% | 검증: 83.6% | lr: 1.00e-04 | 1.7s
  에폭 297/4000 | 손실: 0.3547 | 검증손실: 0.3712 | 학습: 90.4% | 검증: 83.4% | lr: 1.00e-04 | 1.7s
  에폭 298/4000 | 손실: 0.3446 | 검증손실: 0.3732 | 학습: 90.0% | 검증: 82.9% | lr: 1.00e-04 | 1.7s
  에폭 299/4000 | 손실: 0.3510 | 검증손실: 0.3678 | 학습: 90.6% | 검증: 83.5% | lr: 1.00e-04 | 1.7s
  에폭 300/4000 | 손실: 0.3502 | 검증손실: 0.3675 | 학습: 90.6% | 검증: 83.6% | lr: 1.00e-04 | 1.8s
  에폭 301/4000 | 손실: 0.3466 | 검증손실: 0.3628 | 학습: 90.8% | 검증: 83.7% | lr: 1.00e-04 | 1.7s
  에폭 302/4000 | 손실: 0.3544 | 검증손실: 0.3642 | 학습: 90.7% | 검증: 83.9% | lr: 1.00e-04 | 1.8s ★
  에폭 303/4000 | 손실: 0.3466 | 검증손실: 0.3644 | 학습: 90.6% | 검증: 83.2% | lr: 1.00e-04 | 1.7s
  에폭 304/4000 | 손실: 0.3463 | 검증손실: 0.3758 | 학습: 89.7% | 검증: 82.8% | lr: 1.00e-04 | 1.6s
  에폭 305/4000 | 손실: 0.3443 | 검증손실: 0.3636 | 학습: 90.6% | 검증: 83.8% | lr: 1.00e-04 | 1.6s
  에폭 306/4000 | 손실: 0.3480 | 검증손실: 0.3614 | 학습: 90.7% | 검증: 84.0% | lr: 1.00e-04 | 1.6s ★
  에폭 307/4000 | 손실: 0.3404 | 검증손실: 0.3594 | 학습: 90.9% | 검증: 84.2% | lr: 1.00e-04 | 1.6s ★
  에폭 308/4000 | 손실: 0.3413 | 검증손실: 0.3637 | 학습: 90.8% | 검증: 83.4% | lr: 1.00e-04 | 1.7s
  에폭 309/4000 | 손실: 0.3453 | 검증손실: 0.3630 | 학습: 91.0% | 검증: 83.8% | lr: 1.00e-04 | 1.7s
  에폭 310/4000 | 손실: 0.3485 | 검증손실: 0.3657 | 학습: 90.7% | 검증: 83.2% | lr: 1.00e-04 | 1.6s
  에폭 311/4000 | 손실: 0.3425 | 검증손실: 0.3655 | 학습: 90.9% | 검증: 83.8% | lr: 1.00e-04 | 1.7s
  에폭 312/4000 | 손실: 0.3442 | 검증손실: 0.3645 | 학습: 91.1% | 검증: 83.8% | lr: 1.00e-04 | 1.6s
  에폭 313/4000 | 손실: 0.3447 | 검증손실: 0.3622 | 학습: 91.1% | 검증: 84.2% | lr: 1.00e-04 | 1.7s ★
  에폭 314/4000 | 손실: 0.3403 | 검증손실: 0.3617 | 학습: 91.1% | 검증: 84.4% | lr: 1.00e-04 | 1.7s ★
  에폭 315/4000 | 손실: 0.3416 | 검증손실: 0.3622 | 학습: 91.0% | 검증: 83.6% | lr: 1.00e-04 | 1.6s
  에폭 316/4000 | 손실: 0.3414 | 검증손실: 0.3614 | 학습: 91.1% | 검증: 84.0% | lr: 1.00e-04 | 1.7s
  에폭 317/4000 | 손실: 0.3390 | 검증손실: 0.3643 | 학습: 90.8% | 검증: 83.4% | lr: 1.00e-04 | 1.6s
  에폭 318/4000 | 손실: 0.3368 | 검증손실: 0.3687 | 학습: 90.7% | 검증: 83.2% | lr: 1.00e-04 | 1.7s
  에폭 319/4000 | 손실: 0.3352 | 검증손실: 0.3573 | 학습: 91.1% | 검증: 84.0% | lr: 1.00e-04 | 1.7s
  에폭 320/4000 | 손실: 0.3413 | 검증손실: 0.3650 | 학습: 91.0% | 검증: 83.6% | lr: 1.00e-04 | 1.7s
  에폭 321/4000 | 손실: 0.3362 | 검증손실: 0.3607 | 학습: 91.0% | 검증: 84.2% | lr: 1.00e-04 | 1.8s
  에폭 322/4000 | 손실: 0.3392 | 검증손실: 0.3580 | 학습: 91.1% | 검증: 84.3% | lr: 1.00e-04 | 1.7s
  에폭 323/4000 | 손실: 0.3430 | 검증손실: 0.3566 | 학습: 91.2% | 검증: 84.6% | lr: 1.00e-04 | 1.7s ★
  에폭 324/4000 | 손실: 0.3345 | 검증손실: 0.3564 | 학습: 91.5% | 검증: 84.0% | lr: 1.00e-04 | 1.8s
  에폭 325/4000 | 손실: 0.3383 | 검증손실: 0.3641 | 학습: 91.2% | 검증: 83.9% | lr: 1.00e-04 | 1.7s
  에폭 326/4000 | 손실: 0.3352 | 검증손실: 0.3579 | 학습: 91.7% | 검증: 84.1% | lr: 1.00e-04 | 1.7s
  에폭 327/4000 | 손실: 0.3444 | 검증손실: 0.3559 | 학습: 91.3% | 검증: 84.3% | lr: 1.00e-04 | 1.9s
  에폭 328/4000 | 손실: 0.3385 | 검증손실: 0.3567 | 학습: 91.2% | 검증: 84.0% | lr: 1.00e-04 | 1.9s
  에폭 329/4000 | 손실: 0.3411 | 검증손실: 0.3702 | 학습: 91.0% | 검증: 83.5% | lr: 1.00e-04 | 1.8s
  에폭 330/4000 | 손실: 0.3370 | 검증손실: 0.3624 | 학습: 91.4% | 검증: 83.8% | lr: 1.00e-04 | 1.9s
  에폭 331/4000 | 손실: 0.3317 | 검증손실: 0.3568 | 학습: 91.3% | 검증: 83.8% | lr: 1.00e-04 | 1.7s
  에폭 332/4000 | 손실: 0.3334 | 검증손실: 0.3611 | 학습: 91.6% | 검증: 83.8% | lr: 1.00e-04 | 1.7s
  에폭 333/4000 | 손실: 0.3292 | 검증손실: 0.3547 | 학습: 91.7% | 검증: 84.7% | lr: 1.00e-04 | 1.8s ★
  에폭 334/4000 | 손실: 0.3333 | 검증손실: 0.3597 | 학습: 91.6% | 검증: 84.3% | lr: 1.00e-04 | 1.7s
  에폭 335/4000 | 손실: 0.3345 | 검증손실: 0.3581 | 학습: 91.6% | 검증: 84.0% | lr: 1.00e-04 | 1.8s
  에폭 336/4000 | 손실: 0.3339 | 검증손실: 0.3603 | 학습: 91.3% | 검증: 84.0% | lr: 1.00e-04 | 1.8s
  에폭 337/4000 | 손실: 0.3372 | 검증손실: 0.3529 | 학습: 91.5% | 검증: 84.0% | lr: 1.00e-04 | 1.8s
  에폭 338/4000 | 손실: 0.3320 | 검증손실: 0.3568 | 학습: 91.7% | 검증: 84.1% | lr: 1.00e-04 | 1.7s
  에폭 339/4000 | 손실: 0.3300 | 검증손실: 0.3615 | 학습: 91.1% | 검증: 84.0% | lr: 1.00e-04 | 1.8s
  에폭 340/4000 | 손실: 0.3300 | 검증손실: 0.3536 | 학습: 91.6% | 검증: 84.1% | lr: 1.00e-04 | 1.8s
  에폭 341/4000 | 손실: 0.3310 | 검증손실: 0.3646 | 학습: 91.8% | 검증: 83.7% | lr: 1.00e-04 | 1.7s
  에폭 342/4000 | 손실: 0.3346 | 검증손실: 0.3536 | 학습: 91.6% | 검증: 84.4% | lr: 1.00e-04 | 1.7s
  에폭 343/4000 | 손실: 0.3306 | 검증손실: 0.3560 | 학습: 91.7% | 검증: 84.2% | lr: 1.00e-04 | 1.7s
  에폭 344/4000 | 손실: 0.3320 | 검증손실: 0.3594 | 학습: 91.5% | 검증: 83.7% | lr: 1.00e-04 | 1.7s
  에폭 345/4000 | 손실: 0.3336 | 검증손실: 0.3586 | 학습: 91.6% | 검증: 84.4% | lr: 1.00e-04 | 1.7s
  에폭 346/4000 | 손실: 0.3288 | 검증손실: 0.3535 | 학습: 92.0% | 검증: 84.1% | lr: 1.00e-04 | 1.7s
  에폭 347/4000 | 손실: 0.3316 | 검증손실: 0.3542 | 학습: 91.6% | 검증: 84.3% | lr: 1.00e-04 | 1.9s
  에폭 348/4000 | 손실: 0.3279 | 검증손실: 0.3518 | 학습: 91.9% | 검증: 84.6% | lr: 1.00e-04 | 1.6s
  에폭 349/4000 | 손실: 0.3241 | 검증손실: 0.3549 | 학습: 91.7% | 검증: 84.5% | lr: 1.00e-04 | 1.8s
  에폭 350/4000 | 손실: 0.3279 | 검증손실: 0.3540 | 학습: 91.9% | 검증: 84.2% | lr: 1.00e-04 | 1.8s
  에폭 351/4000 | 손실: 0.3309 | 검증손실: 0.3660 | 학습: 91.6% | 검증: 84.0% | lr: 1.00e-04 | 1.6s
  에폭 352/4000 | 손실: 0.3276 | 검증손실: 0.3569 | 학습: 91.7% | 검증: 84.3% | lr: 1.00e-04 | 1.6s
  에폭 353/4000 | 손실: 0.3264 | 검증손실: 0.3517 | 학습: 91.7% | 검증: 84.5% | lr: 1.00e-04 | 1.7s
  에폭 354/4000 | 손실: 0.3251 | 검증손실: 0.3595 | 학습: 91.8% | 검증: 84.4% | lr: 1.00e-04 | 1.6s
  에폭 355/4000 | 손실: 0.3287 | 검증손실: 0.3573 | 학습: 91.7% | 검증: 84.1% | lr: 1.00e-04 | 1.6s
  에폭 356/4000 | 손실: 0.3252 | 검증손실: 0.3614 | 학습: 91.5% | 검증: 83.8% | lr: 1.00e-04 | 1.5s
  에폭 357/4000 | 손실: 0.3201 | 검증손실: 0.3596 | 학습: 91.8% | 검증: 84.1% | lr: 1.00e-04 | 1.6s
  에폭 358/4000 | 손실: 0.3258 | 검증손실: 0.3529 | 학습: 92.3% | 검증: 84.5% | lr: 1.00e-04 | 1.6s
  에폭 359/4000 | 손실: 0.3209 | 검증손실: 0.3522 | 학습: 92.4% | 검증: 84.5% | lr: 1.00e-04 | 1.6s
  에폭 360/4000 | 손실: 0.3249 | 검증손실: 0.3489 | 학습: 92.2% | 검증: 85.1% | lr: 1.00e-04 | 1.5s ★
  에폭 361/4000 | 손실: 0.3232 | 검증손실: 0.3533 | 학습: 91.9% | 검증: 84.6% | lr: 1.00e-04 | 1.5s
  에폭 362/4000 | 손실: 0.3208 | 검증손실: 0.3498 | 학습: 92.0% | 검증: 84.8% | lr: 1.00e-04 | 1.6s
  에폭 363/4000 | 손실: 0.3300 | 검증손실: 0.3519 | 학습: 91.6% | 검증: 84.4% | lr: 1.00e-04 | 1.6s
  에폭 364/4000 | 손실: 0.3180 | 검증손실: 0.3474 | 학습: 92.5% | 검증: 84.9% | lr: 1.00e-04 | 1.6s
  에폭 365/4000 | 손실: 0.3195 | 검증손실: 0.3537 | 학습: 92.1% | 검증: 84.3% | lr: 1.00e-04 | 1.6s
  에폭 366/4000 | 손실: 0.3247 | 검증손실: 0.3494 | 학습: 92.4% | 검증: 84.8% | lr: 1.00e-04 | 1.5s
  에폭 367/4000 | 손실: 0.3258 | 검증손실: 0.3495 | 학습: 92.4% | 검증: 84.8% | lr: 1.00e-04 | 1.5s
  에폭 368/4000 | 손실: 0.3202 | 검증손실: 0.3573 | 학습: 91.7% | 검증: 84.1% | lr: 1.00e-04 | 1.5s
  에폭 369/4000 | 손실: 0.3241 | 검증손실: 0.3531 | 학습: 92.2% | 검증: 84.7% | lr: 1.00e-04 | 1.5s
  에폭 370/4000 | 손실: 0.3254 | 검증손실: 0.3509 | 학습: 92.4% | 검증: 84.8% | lr: 1.00e-04 | 1.6s
  에폭 371/4000 | 손실: 0.3226 | 검증손실: 0.3497 | 학습: 92.3% | 검증: 84.8% | lr: 1.00e-04 | 1.5s
  에폭 372/4000 | 손실: 0.3212 | 검증손실: 0.3470 | 학습: 92.7% | 검증: 84.8% | lr: 1.00e-04 | 1.6s
  에폭 373/4000 | 손실: 0.3232 | 검증손실: 0.3510 | 학습: 92.5% | 검증: 84.9% | lr: 1.00e-04 | 1.5s
  에폭 374/4000 | 손실: 0.3231 | 검증손실: 0.3527 | 학습: 92.5% | 검증: 84.3% | lr: 1.00e-04 | 1.5s
  에폭 375/4000 | 손실: 0.3239 | 검증손실: 0.3504 | 학습: 92.4% | 검증: 84.4% | lr: 1.00e-04 | 1.6s
  에폭 376/4000 | 손실: 0.3196 | 검증손실: 0.3481 | 학습: 92.6% | 검증: 85.3% | lr: 1.00e-04 | 1.7s ★
  에폭 377/4000 | 손실: 0.3171 | 검증손실: 0.3453 | 학습: 92.6% | 검증: 84.9% | lr: 1.00e-04 | 1.7s
  에폭 378/4000 | 손실: 0.3182 | 검증손실: 0.3507 | 학습: 92.4% | 검증: 84.1% | lr: 1.00e-04 | 1.8s
  에폭 379/4000 | 손실: 0.3215 | 검증손실: 0.3499 | 학습: 92.3% | 검증: 84.7% | lr: 1.00e-04 | 1.7s
  에폭 380/4000 | 손실: 0.3143 | 검증손실: 0.3517 | 학습: 92.4% | 검증: 84.9% | lr: 1.00e-04 | 1.7s
  에폭 381/4000 | 손실: 0.3176 | 검증손실: 0.3500 | 학습: 92.8% | 검증: 85.0% | lr: 1.00e-04 | 1.6s
  에폭 382/4000 | 손실: 0.3160 | 검증손실: 0.3553 | 학습: 92.7% | 검증: 84.4% | lr: 1.00e-04 | 1.7s
  에폭 383/4000 | 손실: 0.3198 | 검증손실: 0.3489 | 학습: 92.8% | 검증: 84.6% | lr: 1.00e-04 | 1.7s
  에폭 384/4000 | 손실: 0.3132 | 검증손실: 0.3502 | 학습: 92.7% | 검증: 84.4% | lr: 1.00e-04 | 1.7s
  에폭 385/4000 | 손실: 0.3203 | 검증손실: 0.3562 | 학습: 92.2% | 검증: 84.5% | lr: 1.00e-04 | 1.7s
  에폭 386/4000 | 손실: 0.3235 | 검증손실: 0.3459 | 학습: 92.8% | 검증: 84.9% | lr: 1.00e-04 | 1.7s
  에폭 387/4000 | 손실: 0.3160 | 검증손실: 0.3518 | 학습: 92.3% | 검증: 84.7% | lr: 1.00e-04 | 1.7s
  에폭 388/4000 | 손실: 0.3157 | 검증손실: 0.3521 | 학습: 92.3% | 검증: 84.9% | lr: 1.00e-04 | 1.7s
  에폭 389/4000 | 손실: 0.3068 | 검증손실: 0.3423 | 학습: 92.9% | 검증: 85.3% | lr: 1.00e-04 | 1.7s ★
  에폭 390/4000 | 손실: 0.3109 | 검증손실: 0.3488 | 학습: 92.7% | 검증: 84.6% | lr: 1.00e-04 | 1.7s
  에폭 391/4000 | 손실: 0.3182 | 검증손실: 0.3542 | 학습: 92.3% | 검증: 84.8% | lr: 1.00e-04 | 1.8s
  에폭 392/4000 | 손실: 0.3106 | 검증손실: 0.3469 | 학습: 92.8% | 검증: 85.1% | lr: 1.00e-04 | 1.7s
  에폭 393/4000 | 손실: 0.3126 | 검증손실: 0.3472 | 학습: 92.9% | 검증: 84.8% | lr: 1.00e-04 | 1.7s
  에폭 394/4000 | 손실: 0.3050 | 검증손실: 0.3430 | 학습: 93.1% | 검증: 85.4% | lr: 1.00e-04 | 1.7s ★
  에폭 395/4000 | 손실: 0.3131 | 검증손실: 0.3509 | 학습: 92.8% | 검증: 84.6% | lr: 1.00e-04 | 1.6s
  에폭 396/4000 | 손실: 0.3102 | 검증손실: 0.3431 | 학습: 92.9% | 검증: 85.4% | lr: 1.00e-04 | 1.7s
  에폭 397/4000 | 손실: 0.3127 | 검증손실: 0.3468 | 학습: 93.0% | 검증: 84.7% | lr: 1.00e-04 | 1.7s
  에폭 398/4000 | 손실: 0.3122 | 검증손실: 0.3410 | 학습: 93.1% | 검증: 85.3% | lr: 1.00e-04 | 1.7s
  에폭 399/4000 | 손실: 0.3071 | 검증손실: 0.3471 | 학습: 92.5% | 검증: 84.5% | lr: 1.00e-04 | 1.7s
  에폭 400/4000 | 손실: 0.3131 | 검증손실: 0.3409 | 학습: 93.0% | 검증: 85.4% | lr: 1.00e-04 | 1.7s
  에폭 401/4000 | 손실: 0.3156 | 검증손실: 0.3535 | 학습: 92.3% | 검증: 84.6% | lr: 1.00e-04 | 1.7s
  에폭 402/4000 | 손실: 0.3090 | 검증손실: 0.3437 | 학습: 93.0% | 검증: 84.9% | lr: 1.00e-04 | 1.7s
  에폭 403/4000 | 손실: 0.3095 | 검증손실: 0.3495 | 학습: 92.5% | 검증: 84.7% | lr: 1.00e-04 | 1.6s
  에폭 404/4000 | 손실: 0.3168 | 검증손실: 0.3471 | 학습: 93.1% | 검증: 85.1% | lr: 1.00e-04 | 1.7s
  에폭 405/4000 | 손실: 0.3108 | 검증손실: 0.3517 | 학습: 92.9% | 검증: 84.7% | lr: 1.00e-04 | 1.7s
  에폭 406/4000 | 손실: 0.3118 | 검증손실: 0.3472 | 학습: 93.3% | 검증: 85.0% | lr: 1.00e-04 | 1.6s
  에폭 407/4000 | 손실: 0.3076 | 검증손실: 0.3596 | 학습: 92.0% | 검증: 84.5% | lr: 1.00e-04 | 1.9s
  에폭 408/4000 | 손실: 0.3098 | 검증손실: 0.3480 | 학습: 92.9% | 검증: 85.0% | lr: 1.00e-04 | 1.8s
  에폭 409/4000 | 손실: 0.3107 | 검증손실: 0.3478 | 학습: 93.1% | 검증: 85.2% | lr: 1.00e-04 | 1.7s
  에폭 410/4000 | 손실: 0.3033 | 검증손실: 0.3504 | 학습: 93.0% | 검증: 84.6% | lr: 1.00e-04 | 1.7s
  에폭 411/4000 | 손실: 0.3098 | 검증손실: 0.3468 | 학습: 93.4% | 검증: 85.3% | lr: 1.00e-04 | 1.7s
  에폭 412/4000 | 손실: 0.3034 | 검증손실: 0.3444 | 학습: 93.3% | 검증: 85.4% | lr: 1.00e-04 | 1.7s
  에폭 413/4000 | 손실: 0.3071 | 검증손실: 0.3516 | 학습: 92.6% | 검증: 84.9% | lr: 1.00e-04 | 1.8s
  에폭 414/4000 | 손실: 0.3056 | 검증손실: 0.3455 | 학습: 93.1% | 검증: 85.4% | lr: 1.00e-04 | 1.7s ★
  에폭 415/4000 | 손실: 0.3041 | 검증손실: 0.3518 | 학습: 93.0% | 검증: 84.6% | lr: 1.00e-04 | 1.7s
  에폭 416/4000 | 손실: 0.3090 | 검증손실: 0.3480 | 학습: 93.3% | 검증: 85.3% | lr: 1.00e-04 | 1.7s
  에폭 417/4000 | 손실: 0.3025 | 검증손실: 0.3526 | 학습: 93.2% | 검증: 84.9% | lr: 1.00e-04 | 1.8s
  에폭 418/4000 | 손실: 0.3079 | 검증손실: 0.3476 | 학습: 93.1% | 검증: 84.9% | lr: 1.00e-04 | 1.7s
  에폭 419/4000 | 손실: 0.3051 | 검증손실: 0.3454 | 학습: 93.4% | 검증: 85.1% | lr: 1.00e-04 | 1.7s
  에폭 420/4000 | 손실: 0.3105 | 검증손실: 0.3453 | 학습: 93.2% | 검증: 84.8% | lr: 1.00e-04 | 1.7s
  에폭 421/4000 | 손실: 0.3095 | 검증손실: 0.3534 | 학습: 93.1% | 검증: 85.0% | lr: 1.00e-04 | 1.7s
  에폭 422/4000 | 손실: 0.3091 | 검증손실: 0.3453 | 학습: 93.7% | 검증: 85.4% | lr: 1.00e-04 | 1.7s
  에폭 423/4000 | 손실: 0.3017 | 검증손실: 0.3431 | 학습: 93.2% | 검증: 85.2% | lr: 1.00e-04 | 1.7s
  에폭 424/4000 | 손실: 0.2996 | 검증손실: 0.3537 | 학습: 92.7% | 검증: 84.5% | lr: 1.00e-04 | 1.8s
  에폭 425/4000 | 손실: 0.3018 | 검증손실: 0.3459 | 학습: 93.4% | 검증: 84.7% | lr: 1.00e-04 | 1.7s
  에폭 426/4000 | 손실: 0.3004 | 검증손실: 0.3471 | 학습: 93.3% | 검증: 85.3% | lr: 1.00e-04 | 1.7s
  에폭 427/4000 | 손실: 0.3006 | 검증손실: 0.3418 | 학습: 93.3% | 검증: 85.0% | lr: 1.00e-04 | 1.7s
  에폭 428/4000 | 손실: 0.3053 | 검증손실: 0.3398 | 학습: 93.5% | 검증: 85.7% | lr: 1.00e-04 | 1.7s ★
  에폭 429/4000 | 손실: 0.2994 | 검증손실: 0.3388 | 학습: 93.7% | 검증: 85.0% | lr: 1.00e-04 | 1.7s
  에폭 430/4000 | 손실: 0.3022 | 검증손실: 0.3409 | 학습: 93.4% | 검증: 85.7% | lr: 1.00e-04 | 1.7s
  에폭 431/4000 | 손실: 0.2973 | 검증손실: 0.3409 | 학습: 93.9% | 검증: 85.9% | lr: 1.00e-04 | 1.7s ★
  에폭 432/4000 | 손실: 0.2985 | 검증손실: 0.3414 | 학습: 93.6% | 검증: 85.8% | lr: 1.00e-04 | 1.7s
  에폭 433/4000 | 손실: 0.3053 | 검증손실: 0.3389 | 학습: 93.8% | 검증: 85.8% | lr: 1.00e-04 | 1.7s
  에폭 434/4000 | 손실: 0.2968 | 검증손실: 0.3527 | 학습: 93.5% | 검증: 85.0% | lr: 1.00e-04 | 1.7s
  에폭 435/4000 | 손실: 0.3042 | 검증손실: 0.3469 | 학습: 93.3% | 검증: 85.0% | lr: 1.00e-04 | 1.7s
  에폭 436/4000 | 손실: 0.3034 | 검증손실: 0.3410 | 학습: 93.8% | 검증: 85.2% | lr: 1.00e-04 | 1.7s
  에폭 437/4000 | 손실: 0.3039 | 검증손실: 0.3444 | 학습: 93.6% | 검증: 85.6% | lr: 1.00e-04 | 1.7s
  에폭 438/4000 | 손실: 0.2999 | 검증손실: 0.3411 | 학습: 93.7% | 검증: 85.1% | lr: 1.00e-04 | 1.7s
  에폭 439/4000 | 손실: 0.2943 | 검증손실: 0.3379 | 학습: 93.8% | 검증: 85.3% | lr: 1.00e-04 | 1.7s
  에폭 440/4000 | 손실: 0.2975 | 검증손실: 0.3417 | 학습: 93.7% | 검증: 85.5% | lr: 1.00e-04 | 1.7s
  에폭 441/4000 | 손실: 0.2962 | 검증손실: 0.3380 | 학습: 93.8% | 검증: 85.5% | lr: 1.00e-04 | 1.7s
  에폭 442/4000 | 손실: 0.2992 | 검증손실: 0.3425 | 학습: 93.7% | 검증: 85.3% | lr: 1.00e-04 | 1.8s
  에폭 443/4000 | 손실: 0.2959 | 검증손실: 0.3393 | 학습: 94.1% | 검증: 85.7% | lr: 1.00e-04 | 1.9s
  에폭 444/4000 | 손실: 0.2886 | 검증손실: 0.3432 | 학습: 93.7% | 검증: 85.8% | lr: 1.00e-04 | 1.8s
  에폭 445/4000 | 손실: 0.2997 | 검증손실: 0.3456 | 학습: 93.4% | 검증: 85.3% | lr: 1.00e-04 | 1.7s
  에폭 446/4000 | 손실: 0.2989 | 검증손실: 0.3398 | 학습: 93.8% | 검증: 85.4% | lr: 1.00e-04 | 1.7s
  에폭 447/4000 | 손실: 0.2991 | 검증손실: 0.3469 | 학습: 93.8% | 검증: 85.2% | lr: 1.00e-04 | 1.7s
  에폭 448/4000 | 손실: 0.3003 | 검증손실: 0.3423 | 학습: 93.7% | 검증: 85.1% | lr: 1.00e-04 | 1.8s
  에폭 449/4000 | 손실: 0.2933 | 검증손실: 0.3512 | 학습: 93.1% | 검증: 85.0% | lr: 1.00e-04 | 1.7s
  에폭 450/4000 | 손실: 0.2965 | 검증손실: 0.3468 | 학습: 93.6% | 검증: 85.3% | lr: 1.00e-04 | 1.7s
  에폭 451/4000 | 손실: 0.2936 | 검증손실: 0.3427 | 학습: 93.6% | 검증: 85.2% | lr: 1.00e-04 | 1.7s
  에폭 452/4000 | 손실: 0.2918 | 검증손실: 0.3376 | 학습: 93.8% | 검증: 85.4% | lr: 1.00e-04 | 1.7s
  에폭 453/4000 | 손실: 0.2928 | 검증손실: 0.3453 | 학습: 93.5% | 검증: 85.2% | lr: 1.00e-04 | 1.7s
  에폭 454/4000 | 손실: 0.2996 | 검증손실: 0.3363 | 학습: 94.0% | 검증: 85.7% | lr: 1.00e-04 | 1.7s
  에폭 455/4000 | 손실: 0.2846 | 검증손실: 0.3388 | 학습: 94.0% | 검증: 85.5% | lr: 1.00e-04 | 2.0s
  에폭 456/4000 | 손실: 0.2924 | 검증손실: 0.3391 | 학습: 93.8% | 검증: 85.4% | lr: 1.00e-04 | 2.0s
  에폭 457/4000 | 손실: 0.2932 | 검증손실: 0.3445 | 학습: 93.8% | 검증: 85.6% | lr: 1.00e-04 | 1.9s
  에폭 458/4000 | 손실: 0.2894 | 검증손실: 0.3394 | 학습: 93.8% | 검증: 85.5% | lr: 1.00e-04 | 1.8s
  에폭 459/4000 | 손실: 0.2903 | 검증손실: 0.3372 | 학습: 93.8% | 검증: 85.8% | lr: 1.00e-04 | 1.7s
  에폭 460/4000 | 손실: 0.2922 | 검증손실: 0.3371 | 학습: 94.2% | 검증: 86.0% | lr: 1.00e-04 | 1.6s ★
  에폭 461/4000 | 손실: 0.2978 | 검증손실: 0.3349 | 학습: 94.1% | 검증: 85.8% | lr: 1.00e-04 | 1.8s
  에폭 462/4000 | 손실: 0.2940 | 검증손실: 0.3420 | 학습: 93.9% | 검증: 85.6% | lr: 1.00e-04 | 1.7s
  에폭 463/4000 | 손실: 0.2927 | 검증손실: 0.3477 | 학습: 93.3% | 검증: 85.3% | lr: 1.00e-04 | 1.7s
  에폭 464/4000 | 손실: 0.2914 | 검증손실: 0.3441 | 학습: 93.6% | 검증: 85.3% | lr: 1.00e-04 | 1.7s
  에폭 465/4000 | 손실: 0.2920 | 검증손실: 0.3371 | 학습: 94.4% | 검증: 85.7% | lr: 1.00e-04 | 1.7s
  에폭 466/4000 | 손실: 0.2963 | 검증손실: 0.3330 | 학습: 94.5% | 검증: 85.9% | lr: 1.00e-04 | 1.7s
  에폭 467/4000 | 손실: 0.2934 | 검증손실: 0.3354 | 학습: 93.9% | 검증: 85.6% | lr: 1.00e-04 | 1.7s
  에폭 468/4000 | 손실: 0.2984 | 검증손실: 0.3332 | 학습: 94.3% | 검증: 85.9% | lr: 1.00e-04 | 1.7s
  에폭 469/4000 | 손실: 0.2905 | 검증손실: 0.3335 | 학습: 93.9% | 검증: 85.9% | lr: 1.00e-04 | 1.7s
  에폭 470/4000 | 손실: 0.2907 | 검증손실: 0.3395 | 학습: 94.4% | 검증: 85.9% | lr: 1.00e-04 | 1.7s
  에폭 471/4000 | 손실: 0.2960 | 검증손실: 0.3362 | 학습: 94.3% | 검증: 85.8% | lr: 1.00e-04 | 1.5s
  에폭 472/4000 | 손실: 0.2980 | 검증손실: 0.3374 | 학습: 94.3% | 검증: 85.9% | lr: 1.00e-04 | 1.6s
  에폭 473/4000 | 손실: 0.2854 | 검증손실: 0.3367 | 학습: 94.6% | 검증: 86.0% | lr: 1.00e-04 | 1.5s
  에폭 474/4000 | 손실: 0.2862 | 검증손실: 0.3335 | 학습: 94.4% | 검증: 85.9% | lr: 1.00e-04 | 1.6s
  에폭 475/4000 | 손실: 0.2891 | 검증손실: 0.3351 | 학습: 94.4% | 검증: 85.9% | lr: 1.00e-04 | 1.6s
  에폭 476/4000 | 손실: 0.2854 | 검증손실: 0.3348 | 학습: 94.3% | 검증: 85.9% | lr: 1.00e-04 | 1.6s
  에폭 477/4000 | 손실: 0.2865 | 검증손실: 0.3383 | 학습: 94.4% | 검증: 86.0% | lr: 1.00e-04 | 1.6s
  에폭 478/4000 | 손실: 0.2921 | 검증손실: 0.3359 | 학습: 94.4% | 검증: 85.6% | lr: 1.00e-04 | 1.6s
  에폭 479/4000 | 손실: 0.2893 | 검증손실: 0.3333 | 학습: 93.9% | 검증: 85.6% | lr: 1.00e-04 | 1.6s
  에폭 480/4000 | 손실: 0.2891 | 검증손실: 0.3323 | 학습: 94.2% | 검증: 85.3% | lr: 1.00e-04 | 1.6s
  에폭 481/4000 | 손실: 0.2842 | 검증손실: 0.3347 | 학습: 94.4% | 검증: 86.2% | lr: 1.00e-04 | 1.6s ★
  에폭 482/4000 | 손실: 0.2905 | 검증손실: 0.3392 | 학습: 94.3% | 검증: 85.8% | lr: 1.00e-04 | 1.6s
  에폭 483/4000 | 손실: 0.2888 | 검증손실: 0.3348 | 학습: 94.4% | 검증: 86.2% | lr: 1.00e-04 | 1.6s
  에폭 484/4000 | 손실: 0.2892 | 검증손실: 0.3341 | 학습: 94.5% | 검증: 86.3% | lr: 1.00e-04 | 1.6s ★
  에폭 485/4000 | 손실: 0.2870 | 검증손실: 0.3331 | 학습: 94.2% | 검증: 86.0% | lr: 1.00e-04 | 1.6s
  에폭 486/4000 | 손실: 0.2836 | 검증손실: 0.3392 | 학습: 94.0% | 검증: 85.8% | lr: 1.00e-04 | 1.7s
  에폭 487/4000 | 손실: 0.2897 | 검증손실: 0.3382 | 학습: 94.4% | 검증: 85.8% | lr: 1.00e-04 | 1.7s
  에폭 488/4000 | 손실: 0.2827 | 검증손실: 0.3394 | 학습: 94.0% | 검증: 85.6% | lr: 1.00e-04 | 1.7s
  에폭 489/4000 | 손실: 0.2804 | 검증손실: 0.3336 | 학습: 94.6% | 검증: 86.0% | lr: 1.00e-04 | 1.7s
  에폭 490/4000 | 손실: 0.2808 | 검증손실: 0.3332 | 학습: 94.3% | 검증: 86.1% | lr: 1.00e-04 | 1.7s
  에폭 491/4000 | 손실: 0.2856 | 검증손실: 0.3377 | 학습: 94.6% | 검증: 85.7% | lr: 1.00e-04 | 1.7s
  에폭 492/4000 | 손실: 0.2859 | 검증손실: 0.3322 | 학습: 94.6% | 검증: 85.9% | lr: 1.00e-04 | 1.7s
  에폭 493/4000 | 손실: 0.2871 | 검증손실: 0.3365 | 학습: 94.5% | 검증: 85.9% | lr: 1.00e-04 | 1.7s
  에폭 494/4000 | 손실: 0.2855 | 검증손실: 0.3339 | 학습: 94.3% | 검증: 85.9% | lr: 1.00e-04 | 1.7s
  에폭 495/4000 | 손실: 0.2839 | 검증손실: 0.3474 | 학습: 93.9% | 검증: 84.7% | lr: 1.00e-04 | 1.7s
  에폭 496/4000 | 손실: 0.2833 | 검증손실: 0.3339 | 학습: 94.8% | 검증: 85.8% | lr: 1.00e-04 | 1.7s
  에폭 497/4000 | 손실: 0.2882 | 검증손실: 0.3380 | 학습: 94.3% | 검증: 85.6% | lr: 1.00e-04 | 1.6s
  에폭 498/4000 | 손실: 0.2812 | 검증손실: 0.3399 | 학습: 94.3% | 검증: 85.8% | lr: 1.00e-04 | 1.7s
  에폭 499/4000 | 손실: 0.2838 | 검증손실: 0.3352 | 학습: 94.6% | 검증: 86.1% | lr: 1.00e-04 | 1.7s
  에폭 500/4000 | 손실: 0.2893 | 검증손실: 0.3432 | 학습: 94.2% | 검증: 85.5% | lr: 1.00e-04 | 1.7s
  에폭 501/4000 | 손실: 0.2840 | 검증손실: 0.3396 | 학습: 94.7% | 검증: 85.8% | lr: 1.00e-04 | 1.7s
  에폭 502/4000 | 손실: 0.2788 | 검증손실: 0.3344 | 학습: 95.0% | 검증: 86.1% | lr: 1.00e-04 | 1.7s
  에폭 503/4000 | 손실: 0.2840 | 검증손실: 0.3293 | 학습: 94.7% | 검증: 86.1% | lr: 1.00e-04 | 1.7s
  에폭 504/4000 | 손실: 0.2795 | 검증손실: 0.3347 | 학습: 94.2% | 검증: 86.2% | lr: 1.00e-04 | 1.6s
  에폭 505/4000 | 손실: 0.2727 | 검증손실: 0.3412 | 학습: 93.8% | 검증: 85.7% | lr: 1.00e-04 | 1.7s
  에폭 506/4000 | 손실: 0.2804 | 검증손실: 0.3386 | 학습: 94.3% | 검증: 85.8% | lr: 1.00e-04 | 1.7s
  에폭 507/4000 | 손실: 0.2791 | 검증손실: 0.3323 | 학습: 94.7% | 검증: 85.9% | lr: 1.00e-04 | 1.7s
  에폭 508/4000 | 손실: 0.2874 | 검증손실: 0.3319 | 학습: 94.7% | 검증: 85.9% | lr: 1.00e-04 | 1.7s
  에폭 509/4000 | 손실: 0.2797 | 검증손실: 0.3343 | 학습: 94.5% | 검증: 85.8% | lr: 1.00e-04 | 1.7s
  에폭 510/4000 | 손실: 0.2808 | 검증손실: 0.3324 | 학습: 95.0% | 검증: 86.4% | lr: 1.00e-04 | 1.7s ★
  에폭 511/4000 | 손실: 0.2797 | 검증손실: 0.3341 | 학습: 94.4% | 검증: 85.9% | lr: 1.00e-04 | 1.7s
  에폭 512/4000 | 손실: 0.2839 | 검증손실: 0.3315 | 학습: 94.6% | 검증: 86.1% | lr: 1.00e-04 | 1.7s
  에폭 513/4000 | 손실: 0.2878 | 검증손실: 0.3358 | 학습: 94.5% | 검증: 86.1% | lr: 1.00e-04 | 1.7s
  에폭 514/4000 | 손실: 0.2816 | 검증손실: 0.3338 | 학습: 94.7% | 검증: 86.4% | lr: 1.00e-04 | 2.0s
  에폭 515/4000 | 손실: 0.2749 | 검증손실: 0.3321 | 학습: 94.7% | 검증: 86.3% | lr: 1.00e-04 | 1.7s
  에폭 516/4000 | 손실: 0.2789 | 검증손실: 0.3303 | 학습: 94.8% | 검증: 86.4% | lr: 1.00e-04 | 1.8s
  에폭 517/4000 | 손실: 0.2817 | 검증손실: 0.3446 | 학습: 94.4% | 검증: 85.8% | lr: 1.00e-04 | 2.1s
  에폭 518/4000 | 손실: 0.2795 | 검증손실: 0.3331 | 학습: 94.4% | 검증: 86.4% | lr: 1.00e-04 | 1.9s
  에폭 519/4000 | 손실: 0.2798 | 검증손실: 0.3278 | 학습: 94.8% | 검증: 86.2% | lr: 1.00e-04 | 1.8s
  에폭 520/4000 | 손실: 0.2789 | 검증손실: 0.3354 | 학습: 94.8% | 검증: 85.9% | lr: 1.00e-04 | 2.0s
  에폭 521/4000 | 손실: 0.2804 | 검증손실: 0.3273 | 학습: 95.1% | 검증: 86.5% | lr: 1.00e-04 | 1.7s ★
  에폭 522/4000 | 손실: 0.2825 | 검증손실: 0.3273 | 학습: 95.1% | 검증: 86.4% | lr: 1.00e-04 | 1.8s
  에폭 523/4000 | 손실: 0.2769 | 검증손실: 0.3296 | 학습: 95.1% | 검증: 86.0% | lr: 1.00e-04 | 1.8s
  에폭 524/4000 | 손실: 0.2812 | 검증손실: 0.3293 | 학습: 95.0% | 검증: 85.9% | lr: 1.00e-04 | 1.7s
  에폭 525/4000 | 손실: 0.2839 | 검증손실: 0.3280 | 학습: 94.8% | 검증: 86.4% | lr: 1.00e-04 | 1.7s
  에폭 526/4000 | 손실: 0.2757 | 검증손실: 0.3340 | 학습: 94.9% | 검증: 85.9% | lr: 1.00e-04 | 1.9s
  에폭 527/4000 | 손실: 0.2780 | 검증손실: 0.3313 | 학습: 94.9% | 검증: 86.3% | lr: 1.00e-04 | 1.7s
  에폭 528/4000 | 손실: 0.2828 | 검증손실: 0.3377 | 학습: 94.8% | 검증: 85.6% | lr: 1.00e-04 | 1.7s
  에폭 529/4000 | 손실: 0.2785 | 검증손실: 0.3316 | 학습: 94.9% | 검증: 86.4% | lr: 1.00e-04 | 1.8s
  에폭 530/4000 | 손실: 0.2783 | 검증손실: 0.3295 | 학습: 95.2% | 검증: 86.5% | lr: 1.00e-04 | 1.7s
  에폭 531/4000 | 손실: 0.2780 | 검증손실: 0.3291 | 학습: 95.1% | 검증: 86.3% | lr: 1.00e-04 | 1.7s
  에폭 532/4000 | 손실: 0.2762 | 검증손실: 0.3279 | 학습: 95.2% | 검증: 86.6% | lr: 1.00e-04 | 1.7s ★
  에폭 533/4000 | 손실: 0.2780 | 검증손실: 0.3297 | 학습: 95.0% | 검증: 86.3% | lr: 1.00e-04 | 1.7s
  에폭 534/4000 | 손실: 0.2836 | 검증손실: 0.3299 | 학습: 95.1% | 검증: 85.8% | lr: 1.00e-04 | 1.6s
  에폭 535/4000 | 손실: 0.2744 | 검증손실: 0.3281 | 학습: 94.9% | 검증: 86.5% | lr: 1.00e-04 | 1.6s
  에폭 536/4000 | 손실: 0.2726 | 검증손실: 0.3319 | 학습: 95.2% | 검증: 86.3% | lr: 1.00e-04 | 1.5s
  에폭 537/4000 | 손실: 0.2718 | 검증손실: 0.3275 | 학습: 94.6% | 검증: 86.0% | lr: 1.00e-04 | 1.6s
  에폭 538/4000 | 손실: 0.2719 | 검증손실: 0.3280 | 학습: 95.3% | 검증: 86.1% | lr: 1.00e-04 | 1.6s
  에폭 539/4000 | 손실: 0.2773 | 검증손실: 0.3334 | 학습: 94.6% | 검증: 86.3% | lr: 1.00e-04 | 1.5s
  에폭 540/4000 | 손실: 0.2776 | 검증손실: 0.3355 | 학습: 94.9% | 검증: 85.7% | lr: 1.00e-04 | 1.5s
  에폭 541/4000 | 손실: 0.2727 | 검증손실: 0.3306 | 학습: 94.7% | 검증: 86.0% | lr: 1.00e-04 | 1.5s
  에폭 542/4000 | 손실: 0.2824 | 검증손실: 0.3238 | 학습: 95.3% | 검증: 86.8% | lr: 1.00e-04 | 1.5s ★
  에폭 543/4000 | 손실: 0.2733 | 검증손실: 0.3310 | 학습: 94.8% | 검증: 86.3% | lr: 1.00e-04 | 1.5s
  에폭 544/4000 | 손실: 0.2696 | 검증손실: 0.3273 | 학습: 95.2% | 검증: 86.4% | lr: 1.00e-04 | 1.5s
  에폭 545/4000 | 손실: 0.2747 | 검증손실: 0.3234 | 학습: 95.1% | 검증: 86.6% | lr: 1.00e-04 | 1.5s
  에폭 546/4000 | 손실: 0.2707 | 검증손실: 0.3267 | 학습: 94.7% | 검증: 86.3% | lr: 1.00e-04 | 1.5s
  에폭 547/4000 | 손실: 0.2721 | 검증손실: 0.3321 | 학습: 95.2% | 검증: 86.3% | lr: 1.00e-04 | 1.5s
  에폭 548/4000 | 손실: 0.2671 | 검증손실: 0.3333 | 학습: 95.4% | 검증: 86.3% | lr: 1.00e-04 | 1.5s
  에폭 549/4000 | 손실: 0.2744 | 검증손실: 0.3290 | 학습: 95.3% | 검증: 86.4% | lr: 1.00e-04 | 1.6s
  에폭 550/4000 | 손실: 0.2726 | 검증손실: 0.3311 | 학습: 95.0% | 검증: 86.3% | lr: 1.00e-04 | 1.5s
  에폭 551/4000 | 손실: 0.2693 | 검증손실: 0.3196 | 학습: 95.4% | 검증: 86.7% | lr: 1.00e-04 | 1.6s
  에폭 552/4000 | 손실: 0.2714 | 검증손실: 0.3219 | 학습: 95.1% | 검증: 86.9% | lr: 1.00e-04 | 1.5s ★
  에폭 553/4000 | 손실: 0.2712 | 검증손실: 0.3276 | 학습: 95.4% | 검증: 86.2% | lr: 1.00e-04 | 1.5s
  에폭 554/4000 | 손실: 0.2731 | 검증손실: 0.3266 | 학습: 95.3% | 검증: 86.7% | lr: 1.00e-04 | 1.5s
  에폭 555/4000 | 손실: 0.2721 | 검증손실: 0.3190 | 학습: 95.5% | 검증: 86.8% | lr: 1.00e-04 | 1.6s
  에폭 556/4000 | 손실: 0.2735 | 검증손실: 0.3353 | 학습: 94.4% | 검증: 86.1% | lr: 1.00e-04 | 1.5s
  에폭 557/4000 | 손실: 0.2712 | 검증손실: 0.3231 | 학습: 95.5% | 검증: 86.6% | lr: 1.00e-04 | 1.5s
  에폭 558/4000 | 손실: 0.2773 | 검증손실: 0.3290 | 학습: 95.0% | 검증: 86.4% | lr: 1.00e-04 | 1.6s
  에폭 559/4000 | 손실: 0.2711 | 검증손실: 0.3252 | 학습: 95.4% | 검증: 86.7% | lr: 1.00e-04 | 1.8s
  에폭 560/4000 | 손실: 0.2696 | 검증손실: 0.3424 | 학습: 94.7% | 검증: 85.9% | lr: 1.00e-04 | 1.6s
  에폭 561/4000 | 손실: 0.2656 | 검증손실: 0.3254 | 학습: 95.3% | 검증: 86.6% | lr: 1.00e-04 | 1.6s
  에폭 562/4000 | 손실: 0.2685 | 검증손실: 0.3250 | 학습: 95.0% | 검증: 86.5% | lr: 1.00e-04 | 1.6s
  에폭 563/4000 | 손실: 0.2728 | 검증손실: 0.3285 | 학습: 95.4% | 검증: 86.3% | lr: 1.00e-04 | 1.7s
  에폭 564/4000 | 손실: 0.2690 | 검증손실: 0.3315 | 학습: 95.5% | 검증: 86.5% | lr: 1.00e-04 | 1.5s
  에폭 565/4000 | 손실: 0.2680 | 검증손실: 0.3244 | 학습: 95.5% | 검증: 86.8% | lr: 1.00e-04 | 1.6s
  에폭 566/4000 | 손실: 0.2680 | 검증손실: 0.3282 | 학습: 95.3% | 검증: 86.5% | lr: 1.00e-04 | 1.5s
  에폭 567/4000 | 손실: 0.2647 | 검증손실: 0.3260 | 학습: 95.5% | 검증: 86.9% | lr: 1.00e-04 | 1.7s ★
  에폭 568/4000 | 손실: 0.2656 | 검증손실: 0.3265 | 학습: 95.1% | 검증: 86.5% | lr: 1.00e-04 | 1.7s
  에폭 569/4000 | 손실: 0.2697 | 검증손실: 0.3258 | 학습: 95.4% | 검증: 86.5% | lr: 1.00e-04 | 1.6s
  에폭 570/4000 | 손실: 0.2709 | 검증손실: 0.3300 | 학습: 95.0% | 검증: 86.3% | lr: 1.00e-04 | 1.6s
  에폭 571/4000 | 손실: 0.2702 | 검증손실: 0.3246 | 학습: 95.2% | 검증: 86.4% | lr: 1.00e-04 | 1.6s
  에폭 572/4000 | 손실: 0.2612 | 검증손실: 0.3166 | 학습: 95.4% | 검증: 87.3% | lr: 1.00e-04 | 1.6s ★
  에폭 573/4000 | 손실: 0.2700 | 검증손실: 0.3260 | 학습: 95.2% | 검증: 86.2% | lr: 1.00e-04 | 1.6s
  에폭 574/4000 | 손실: 0.2664 | 검증손실: 0.3259 | 학습: 95.4% | 검증: 86.5% | lr: 1.00e-04 | 1.6s
  에폭 575/4000 | 손실: 0.2683 | 검증손실: 0.3280 | 학습: 95.3% | 검증: 86.8% | lr: 1.00e-04 | 1.5s
  에폭 576/4000 | 손실: 0.2697 | 검증손실: 0.3204 | 학습: 95.7% | 검증: 86.9% | lr: 1.00e-04 | 1.5s
  에폭 577/4000 | 손실: 0.2634 | 검증손실: 0.3240 | 학습: 95.3% | 검증: 86.8% | lr: 1.00e-04 | 1.5s
  에폭 578/4000 | 손실: 0.2650 | 검증손실: 0.3266 | 학습: 95.3% | 검증: 86.5% | lr: 1.00e-04 | 1.5s
  에폭 579/4000 | 손실: 0.2621 | 검증손실: 0.3281 | 학습: 95.3% | 검증: 87.2% | lr: 1.00e-04 | 1.5s
  에폭 580/4000 | 손실: 0.2684 | 검증손실: 0.3310 | 학습: 95.0% | 검증: 86.7% | lr: 1.00e-04 | 1.6s
  에폭 581/4000 | 손실: 0.2662 | 검증손실: 0.3242 | 학습: 95.1% | 검증: 86.7% | lr: 1.00e-04 | 1.5s
  에폭 582/4000 | 손실: 0.2635 | 검증손실: 0.3237 | 학습: 95.5% | 검증: 87.0% | lr: 1.00e-04 | 1.6s
  에폭 583/4000 | 손실: 0.2703 | 검증손실: 0.3260 | 학습: 95.7% | 검증: 86.6% | lr: 1.00e-04 | 1.6s
  에폭 584/4000 | 손실: 0.2702 | 검증손실: 0.3266 | 학습: 95.4% | 검증: 86.3% | lr: 1.00e-04 | 1.5s
  에폭 585/4000 | 손실: 0.2633 | 검증손실: 0.3217 | 학습: 96.0% | 검증: 86.7% | lr: 1.00e-04 | 1.5s
  에폭 586/4000 | 손실: 0.2659 | 검증손실: 0.3187 | 학습: 95.9% | 검증: 87.3% | lr: 1.00e-04 | 1.6s ★
  에폭 587/4000 | 손실: 0.2697 | 검증손실: 0.3243 | 학습: 95.9% | 검증: 87.0% | lr: 1.00e-04 | 1.5s
  에폭 588/4000 | 손실: 0.2626 | 검증손실: 0.3206 | 학습: 95.8% | 검증: 87.0% | lr: 1.00e-04 | 1.6s
  에폭 589/4000 | 손실: 0.2604 | 검증손실: 0.3207 | 학습: 95.5% | 검증: 86.7% | lr: 1.00e-04 | 1.6s
  에폭 590/4000 | 손실: 0.2658 | 검증손실: 0.3296 | 학습: 95.6% | 검증: 86.6% | lr: 1.00e-04 | 1.6s
  에폭 591/4000 | 손실: 0.2649 | 검증손실: 0.3304 | 학습: 95.4% | 검증: 86.3% | lr: 1.00e-04 | 1.6s
  에폭 592/4000 | 손실: 0.2663 | 검증손실: 0.3238 | 학습: 95.6% | 검증: 86.3% | lr: 1.00e-04 | 1.5s
  에폭 593/4000 | 손실: 0.2613 | 검증손실: 0.3277 | 학습: 95.4% | 검증: 86.6% | lr: 1.00e-04 | 1.5s
  에폭 594/4000 | 손실: 0.2637 | 검증손실: 0.3238 | 학습: 95.8% | 검증: 86.7% | lr: 1.00e-04 | 1.5s
  에폭 595/4000 | 손실: 0.2698 | 검증손실: 0.3186 | 학습: 95.5% | 검증: 86.9% | lr: 1.00e-04 | 1.5s
  에폭 596/4000 | 손실: 0.2611 | 검증손실: 0.3207 | 학습: 95.5% | 검증: 87.0% | lr: 1.00e-04 | 1.5s
  에폭 597/4000 | 손실: 0.2566 | 검증손실: 0.3213 | 학습: 95.7% | 검증: 86.8% | lr: 1.00e-04 | 1.5s
  에폭 598/4000 | 손실: 0.2588 | 검증손실: 0.3309 | 학습: 95.5% | 검증: 86.3% | lr: 1.00e-04 | 1.6s
  에폭 599/4000 | 손실: 0.2575 | 검증손실: 0.3224 | 학습: 95.8% | 검증: 86.7% | lr: 1.00e-04 | 1.5s
  에폭 600/4000 | 손실: 0.2621 | 검증손실: 0.3295 | 학습: 95.5% | 검증: 86.9% | lr: 1.00e-04 | 1.5s
  에폭 601/4000 | 손실: 0.2651 | 검증손실: 0.3240 | 학습: 95.5% | 검증: 86.5% | lr: 1.00e-04 | 1.5s
  에폭 602/4000 | 손실: 0.2704 | 검증손실: 0.3221 | 학습: 95.7% | 검증: 86.6% | lr: 1.00e-04 | 1.5s
  에폭 603/4000 | 손실: 0.2567 | 검증손실: 0.3225 | 학습: 95.7% | 검증: 86.6% | lr: 1.00e-04 | 1.6s
  에폭 604/4000 | 손실: 0.2597 | 검증손실: 0.3225 | 학습: 95.9% | 검증: 86.8% | lr: 1.00e-04 | 1.6s
  에폭 605/4000 | 손실: 0.2621 | 검증손실: 0.3181 | 학습: 95.9% | 검증: 86.8% | lr: 1.00e-04 | 1.6s
  에폭 606/4000 | 손실: 0.2623 | 검증손실: 0.3253 | 학습: 95.8% | 검증: 86.9% | lr: 1.00e-04 | 1.6s
  에폭 607/4000 | 손실: 0.2614 | 검증손실: 0.3170 | 학습: 95.9% | 검증: 87.1% | lr: 1.00e-04 | 1.6s
  에폭 608/4000 | 손실: 0.2587 | 검증손실: 0.3208 | 학습: 96.0% | 검증: 87.2% | lr: 1.00e-04 | 1.6s
  에폭 609/4000 | 손실: 0.2591 | 검증손실: 0.3222 | 학습: 95.7% | 검증: 86.2% | lr: 1.00e-04 | 1.6s
  에폭 610/4000 | 손실: 0.2582 | 검증손실: 0.3248 | 학습: 95.8% | 검증: 86.6% | lr: 1.00e-04 | 1.6s
  에폭 611/4000 | 손실: 0.2589 | 검증손실: 0.3255 | 학습: 95.8% | 검증: 86.2% | lr: 1.00e-04 | 1.6s
  에폭 612/4000 | 손실: 0.2570 | 검증손실: 0.3283 | 학습: 96.1% | 검증: 86.8% | lr: 1.00e-04 | 1.5s
  에폭 613/4000 | 손실: 0.2612 | 검증손실: 0.3383 | 학습: 95.2% | 검증: 86.2% | lr: 1.00e-04 | 1.6s
  에폭 614/4000 | 손실: 0.2631 | 검증손실: 0.3305 | 학습: 96.0% | 검증: 86.3% | lr: 1.00e-04 | 1.6s
  에폭 615/4000 | 손실: 0.2571 | 검증손실: 0.3183 | 학습: 96.0% | 검증: 87.1% | lr: 1.00e-04 | 1.5s
  에폭 616/4000 | 손실: 0.2644 | 검증손실: 0.3175 | 학습: 95.9% | 검증: 86.8% | lr: 1.00e-04 | 1.5s
  에폭 617/4000 | 손실: 0.2610 | 검증손실: 0.3191 | 학습: 96.0% | 검증: 86.8% | lr: 1.00e-04 | 1.5s
  에폭 618/4000 | 손실: 0.2628 | 검증손실: 0.3262 | 학습: 95.9% | 검증: 86.7% | lr: 1.00e-04 | 1.5s
  에폭 619/4000 | 손실: 0.2593 | 검증손실: 0.3179 | 학습: 96.1% | 검증: 87.3% | lr: 1.00e-04 | 1.6s
  에폭 620/4000 | 손실: 0.2602 | 검증손실: 0.3219 | 학습: 95.9% | 검증: 87.0% | lr: 1.00e-04 | 1.5s
  에폭 621/4000 | 손실: 0.2533 | 검증손실: 0.3200 | 학습: 96.2% | 검증: 87.3% | lr: 1.00e-04 | 1.6s ★
  에폭 622/4000 | 손실: 0.2555 | 검증손실: 0.3198 | 학습: 96.1% | 검증: 87.3% | lr: 1.00e-04 | 1.5s
  에폭 623/4000 | 손실: 0.2600 | 검증손실: 0.3215 | 학습: 95.8% | 검증: 86.5% | lr: 1.00e-04 | 1.5s
  에폭 624/4000 | 손실: 0.2571 | 검증손실: 0.3211 | 학습: 96.1% | 검증: 86.6% | lr: 1.00e-04 | 1.6s
  에폭 625/4000 | 손실: 0.2595 | 검증손실: 0.3235 | 학습: 96.1% | 검증: 87.1% | lr: 1.00e-04 | 1.5s
  에폭 626/4000 | 손실: 0.2586 | 검증손실: 0.3197 | 학습: 96.2% | 검증: 86.8% | lr: 1.00e-04 | 1.5s
  에폭 627/4000 | 손실: 0.2572 | 검증손실: 0.3214 | 학습: 95.9% | 검증: 87.2% | lr: 1.00e-04 | 1.6s
  에폭 628/4000 | 손실: 0.2578 | 검증손실: 0.3234 | 학습: 96.2% | 검증: 87.0% | lr: 1.00e-04 | 1.5s
  에폭 629/4000 | 손실: 0.2566 | 검증손실: 0.3278 | 학습: 96.1% | 검증: 87.1% | lr: 1.00e-04 | 1.5s
  에폭 630/4000 | 손실: 0.2614 | 검증손실: 0.3240 | 학습: 96.2% | 검증: 86.8% | lr: 1.00e-04 | 1.5s
  에폭 631/4000 | 손실: 0.2577 | 검증손실: 0.3261 | 학습: 96.2% | 검증: 87.1% | lr: 1.00e-04 | 1.5s
  에폭 632/4000 | 손실: 0.2610 | 검증손실: 0.3227 | 학습: 96.2% | 검증: 86.8% | lr: 1.00e-04 | 1.5s
  에폭 633/4000 | 손실: 0.2586 | 검증손실: 0.3254 | 학습: 96.2% | 검증: 86.7% | lr: 1.00e-04 | 1.5s
  에폭 634/4000 | 손실: 0.2561 | 검증손실: 0.3156 | 학습: 96.2% | 검증: 87.0% | lr: 1.00e-04 | 1.5s
  에폭 635/4000 | 손실: 0.2522 | 검증손실: 0.3220 | 학습: 96.1% | 검증: 87.4% | lr: 1.00e-04 | 1.5s ★
  에폭 636/4000 | 손실: 0.2497 | 검증손실: 0.3190 | 학습: 96.1% | 검증: 87.1% | lr: 1.00e-04 | 1.5s
  에폭 637/4000 | 손실: 0.2483 | 검증손실: 0.3198 | 학습: 96.0% | 검증: 87.6% | lr: 1.00e-04 | 1.5s ★
  에폭 638/4000 | 손실: 0.2573 | 검증손실: 0.3237 | 학습: 95.6% | 검증: 86.6% | lr: 1.00e-04 | 1.5s
  에폭 639/4000 | 손실: 0.2532 | 검증손실: 0.3229 | 학습: 96.2% | 검증: 87.1% | lr: 1.00e-04 | 1.5s
  에폭 640/4000 | 손실: 0.2551 | 검증손실: 0.3177 | 학습: 96.2% | 검증: 87.0% | lr: 1.00e-04 | 1.5s
  에폭 641/4000 | 손실: 0.2539 | 검증손실: 0.3207 | 학습: 96.0% | 검증: 87.0% | lr: 1.00e-04 | 1.6s
  에폭 642/4000 | 손실: 0.2524 | 검증손실: 0.3163 | 학습: 95.9% | 검증: 87.3% | lr: 1.00e-04 | 1.5s
  에폭 643/4000 | 손실: 0.2542 | 검증손실: 0.3229 | 학습: 96.0% | 검증: 86.7% | lr: 1.00e-04 | 1.5s
  에폭 644/4000 | 손실: 0.2574 | 검증손실: 0.3277 | 학습: 96.1% | 검증: 86.1% | lr: 1.00e-04 | 1.5s
  에폭 645/4000 | 손실: 0.2514 | 검증손실: 0.3093 | 학습: 96.1% | 검증: 87.6% | lr: 1.00e-04 | 1.5s
  에폭 646/4000 | 손실: 0.2521 | 검증손실: 0.3228 | 학습: 96.2% | 검증: 87.0% | lr: 1.00e-04 | 1.5s
  에폭 647/4000 | 손실: 0.2539 | 검증손실: 0.3236 | 학습: 96.2% | 검증: 87.1% | lr: 1.00e-04 | 1.6s
  에폭 648/4000 | 손실: 0.2511 | 검증손실: 0.3225 | 학습: 95.7% | 검증: 87.1% | lr: 1.00e-04 | 1.5s
  에폭 649/4000 | 손실: 0.2550 | 검증손실: 0.3214 | 학습: 96.2% | 검증: 87.3% | lr: 1.00e-04 | 1.5s
  에폭 650/4000 | 손실: 0.2577 | 검증손실: 0.3187 | 학습: 96.4% | 검증: 86.7% | lr: 1.00e-04 | 1.5s
  에폭 651/4000 | 손실: 0.2542 | 검증손실: 0.3182 | 학습: 96.3% | 검증: 86.9% | lr: 1.00e-04 | 1.5s
  에폭 652/4000 | 손실: 0.2533 | 검증손실: 0.3238 | 학습: 95.8% | 검증: 87.0% | lr: 1.00e-04 | 1.5s
  에폭 653/4000 | 손실: 0.2566 | 검증손실: 0.3237 | 학습: 96.1% | 검증: 86.8% | lr: 1.00e-04 | 1.5s
  에폭 654/4000 | 손실: 0.2549 | 검증손실: 0.3181 | 학습: 96.1% | 검증: 87.2% | lr: 1.00e-04 | 1.5s
  에폭 655/4000 | 손실: 0.2544 | 검증손실: 0.3192 | 학습: 96.1% | 검증: 87.2% | lr: 1.00e-04 | 1.5s
  에폭 656/4000 | 손실: 0.2572 | 검증손실: 0.3215 | 학습: 96.4% | 검증: 87.4% | lr: 1.00e-04 | 1.5s
  에폭 657/4000 | 손실: 0.2511 | 검증손실: 0.3195 | 학습: 96.2% | 검증: 87.6% | lr: 1.00e-04 | 1.6s
  에폭 658/4000 | 손실: 0.2572 | 검증손실: 0.3154 | 학습: 96.4% | 검증: 87.5% | lr: 1.00e-04 | 1.5s
  에폭 659/4000 | 손실: 0.2527 | 검증손실: 0.3196 | 학습: 96.4% | 검증: 87.2% | lr: 1.00e-04 | 1.5s
  에폭 660/4000 | 손실: 0.2533 | 검증손실: 0.3171 | 학습: 96.5% | 검증: 87.7% | lr: 1.00e-04 | 1.5s ★
  에폭 661/4000 | 손실: 0.2510 | 검증손실: 0.3169 | 학습: 96.5% | 검증: 87.2% | lr: 1.00e-04 | 1.5s
  에폭 662/4000 | 손실: 0.2530 | 검증손실: 0.3214 | 학습: 95.9% | 검증: 86.8% | lr: 1.00e-04 | 1.5s
  에폭 663/4000 | 손실: 0.2473 | 검증손실: 0.3185 | 학습: 96.2% | 검증: 87.2% | lr: 1.00e-04 | 1.6s
  에폭 664/4000 | 손실: 0.2438 | 검증손실: 0.3172 | 학습: 96.4% | 검증: 87.3% | lr: 1.00e-04 | 1.5s
  에폭 665/4000 | 손실: 0.2552 | 검증손실: 0.3286 | 학습: 95.9% | 검증: 86.7% | lr: 1.00e-04 | 1.6s
  에폭 666/4000 | 손실: 0.2497 | 검증손실: 0.3192 | 학습: 96.3% | 검증: 87.5% | lr: 1.00e-04 | 1.6s
  에폭 667/4000 | 손실: 0.2491 | 검증손실: 0.3203 | 학습: 96.3% | 검증: 87.1% | lr: 1.00e-04 | 1.6s
  에폭 668/4000 | 손실: 0.2490 | 검증손실: 0.3153 | 학습: 96.4% | 검증: 87.5% | lr: 1.00e-04 | 1.5s
  에폭 669/4000 | 손실: 0.2487 | 검증손실: 0.3122 | 학습: 96.5% | 검증: 87.7% | lr: 1.00e-04 | 1.6s ★
  에폭 670/4000 | 손실: 0.2459 | 검증손실: 0.3168 | 학습: 96.5% | 검증: 87.2% | lr: 1.00e-04 | 1.6s
  에폭 671/4000 | 손실: 0.2489 | 검증손실: 0.3186 | 학습: 96.4% | 검증: 86.9% | lr: 1.00e-04 | 1.6s
  에폭 672/4000 | 손실: 0.2473 | 검증손실: 0.3215 | 학습: 96.6% | 검증: 86.9% | lr: 1.00e-04 | 1.5s
  에폭 673/4000 | 손실: 0.2538 | 검증손실: 0.3171 | 학습: 96.0% | 검증: 87.4% | lr: 1.00e-04 | 1.5s
  에폭 674/4000 | 손실: 0.2512 | 검증손실: 0.3171 | 학습: 96.3% | 검증: 87.6% | lr: 1.00e-04 | 1.5s
  에폭 675/4000 | 손실: 0.2515 | 검증손실: 0.3163 | 학습: 96.5% | 검증: 87.8% | lr: 1.00e-04 | 1.5s ★
  에폭 676/4000 | 손실: 0.2513 | 검증손실: 0.3094 | 학습: 96.3% | 검증: 87.3% | lr: 1.00e-04 | 1.5s
  에폭 677/4000 | 손실: 0.2476 | 검증손실: 0.3194 | 학습: 96.3% | 검증: 87.6% | lr: 1.00e-04 | 1.5s
  에폭 678/4000 | 손실: 0.2439 | 검증손실: 0.3159 | 학습: 96.3% | 검증: 87.2% | lr: 1.00e-04 | 1.5s
  에폭 679/4000 | 손실: 0.2503 | 검증손실: 0.3198 | 학습: 96.5% | 검증: 87.3% | lr: 1.00e-04 | 1.5s
  에폭 680/4000 | 손실: 0.2494 | 검증손실: 0.3249 | 학습: 96.5% | 검증: 87.3% | lr: 1.00e-04 | 1.6s
  에폭 681/4000 | 손실: 0.2469 | 검증손실: 0.3161 | 학습: 96.5% | 검증: 87.4% | lr: 1.00e-04 | 1.6s
  에폭 682/4000 | 손실: 0.2446 | 검증손실: 0.3148 | 학습: 96.6% | 검증: 87.6% | lr: 1.00e-04 | 1.5s
  에폭 683/4000 | 손실: 0.2551 | 검증손실: 0.3157 | 학습: 96.3% | 검증: 87.7% | lr: 1.00e-04 | 1.6s
  에폭 684/4000 | 손실: 0.2501 | 검증손실: 0.3286 | 학습: 96.0% | 검증: 86.9% | lr: 1.00e-04 | 1.6s
  에폭 685/4000 | 손실: 0.2568 | 검증손실: 0.3139 | 학습: 96.3% | 검증: 87.4% | lr: 1.00e-04 | 1.6s
  에폭 686/4000 | 손실: 0.2462 | 검증손실: 0.3192 | 학습: 96.4% | 검증: 87.3% | lr: 1.00e-04 | 1.5s
  에폭 687/4000 | 손실: 0.2479 | 검증손실: 0.3196 | 학습: 96.7% | 검증: 87.3% | lr: 1.00e-04 | 1.5s
  에폭 688/4000 | 손실: 0.2522 | 검증손실: 0.3249 | 학습: 96.1% | 검증: 86.9% | lr: 1.00e-04 | 1.5s
  에폭 689/4000 | 손실: 0.2434 | 검증손실: 0.3090 | 학습: 96.7% | 검증: 87.6% | lr: 1.00e-04 | 1.5s
  에폭 690/4000 | 손실: 0.2474 | 검증손실: 0.3195 | 학습: 96.6% | 검증: 87.3% | lr: 1.00e-04 | 1.5s
  에폭 691/4000 | 손실: 0.2529 | 검증손실: 0.3249 | 학습: 96.0% | 검증: 87.0% | lr: 1.00e-04 | 1.5s
  에폭 692/4000 | 손실: 0.2470 | 검증손실: 0.3244 | 학습: 96.6% | 검증: 87.4% | lr: 1.00e-04 | 1.5s
  에폭 693/4000 | 손실: 0.2492 | 검증손실: 0.3167 | 학습: 96.4% | 검증: 87.7% | lr: 1.00e-04 | 1.6s
  에폭 694/4000 | 손실: 0.2505 | 검증손실: 0.3088 | 학습: 96.3% | 검증: 87.8% | lr: 1.00e-04 | 1.5s ★
  에폭 695/4000 | 손실: 0.2482 | 검증손실: 0.3240 | 학습: 96.1% | 검증: 87.2% | lr: 1.00e-04 | 1.5s
  에폭 696/4000 | 손실: 0.2423 | 검증손실: 0.3233 | 학습: 96.5% | 검증: 87.2% | lr: 1.00e-04 | 1.5s
  에폭 697/4000 | 손실: 0.2412 | 검증손실: 0.3151 | 학습: 96.6% | 검증: 87.5% | lr: 1.00e-04 | 1.5s
  에폭 698/4000 | 손실: 0.2452 | 검증손실: 0.3175 | 학습: 96.7% | 검증: 87.6% | lr: 1.00e-04 | 1.5s
  에폭 699/4000 | 손실: 0.2426 | 검증손실: 0.3195 | 학습: 96.4% | 검증: 87.3% | lr: 1.00e-04 | 1.5s
  에폭 700/4000 | 손실: 0.2432 | 검증손실: 0.3287 | 학습: 96.5% | 검증: 86.7% | lr: 1.00e-04 | 1.5s
  에폭 701/4000 | 손실: 0.2457 | 검증손실: 0.3220 | 학습: 96.4% | 검증: 86.9% | lr: 1.00e-04 | 1.5s
  에폭 702/4000 | 손실: 0.2428 | 검증손실: 0.3139 | 학습: 96.4% | 검증: 87.6% | lr: 1.00e-04 | 1.5s
  에폭 703/4000 | 손실: 0.2474 | 검증손실: 0.3202 | 학습: 96.8% | 검증: 87.2% | lr: 1.00e-04 | 1.5s
  에폭 704/4000 | 손실: 0.2438 | 검증손실: 0.3183 | 학습: 96.8% | 검증: 87.5% | lr: 1.00e-04 | 1.5s
  에폭 705/4000 | 손실: 0.2435 | 검증손실: 0.3178 | 학습: 96.7% | 검증: 87.1% | lr: 1.00e-04 | 1.5s
  에폭 706/4000 | 손실: 0.2442 | 검증손실: 0.3198 | 학습: 96.8% | 검증: 87.6% | lr: 1.00e-04 | 1.5s
  에폭 707/4000 | 손실: 0.2493 | 검증손실: 0.3179 | 학습: 96.5% | 검증: 87.3% | lr: 1.00e-04 | 1.5s
  에폭 708/4000 | 손실: 0.2442 | 검증손실: 0.3168 | 학습: 96.9% | 검증: 87.6% | lr: 1.00e-04 | 1.5s
  에폭 709/4000 | 손실: 0.2422 | 검증손실: 0.3148 | 학습: 96.6% | 검증: 87.5% | lr: 1.00e-04 | 1.5s
  에폭 710/4000 | 손실: 0.2445 | 검증손실: 0.3256 | 학습: 96.6% | 검증: 87.4% | lr: 1.00e-04 | 1.5s
  에폭 711/4000 | 손실: 0.2440 | 검증손실: 0.3101 | 학습: 96.7% | 검증: 87.6% | lr: 1.00e-04 | 1.5s
  에폭 712/4000 | 손실: 0.2461 | 검증손실: 0.3204 | 학습: 96.6% | 검증: 87.1% | lr: 1.00e-04 | 1.5s
  에폭 713/4000 | 손실: 0.2466 | 검증손실: 0.3225 | 학습: 96.3% | 검증: 87.0% | lr: 1.00e-04 | 1.6s
  에폭 714/4000 | 손실: 0.2424 | 검증손실: 0.3273 | 학습: 96.4% | 검증: 86.8% | lr: 1.00e-04 | 1.5s
  에폭 715/4000 | 손실: 0.2443 | 검증손실: 0.3241 | 학습: 96.8% | 검증: 87.3% | lr: 1.00e-04 | 1.6s
  에폭 716/4000 | 손실: 0.2495 | 검증손실: 0.3183 | 학습: 96.5% | 검증: 87.2% | lr: 1.00e-04 | 1.5s
  에폭 717/4000 | 손실: 0.2443 | 검증손실: 0.3152 | 학습: 96.7% | 검증: 87.6% | lr: 1.00e-04 | 1.5s
  에폭 718/4000 | 손실: 0.2359 | 검증손실: 0.3218 | 학습: 96.8% | 검증: 87.4% | lr: 1.00e-04 | 1.6s
  에폭 719/4000 | 손실: 0.2444 | 검증손실: 0.3217 | 학습: 96.9% | 검증: 87.3% | lr: 1.00e-04 | 1.6s
  에폭 720/4000 | 손실: 0.2433 | 검증손실: 0.3169 | 학습: 96.5% | 검증: 87.5% | lr: 1.00e-04 | 1.5s
  에폭 721/4000 | 손실: 0.2403 | 검증손실: 0.3236 | 학습: 96.5% | 검증: 86.8% | lr: 1.00e-04 | 1.5s
  에폭 722/4000 | 손실: 0.2466 | 검증손실: 0.3322 | 학습: 96.5% | 검증: 86.9% | lr: 1.00e-04 | 1.5s
  에폭 723/4000 | 손실: 0.2476 | 검증손실: 0.3210 | 학습: 96.6% | 검증: 87.3% | lr: 1.00e-04 | 1.6s
  에폭 724/4000 | 손실: 0.2393 | 검증손실: 0.3205 | 학습: 96.5% | 검증: 86.7% | lr: 1.00e-04 | 1.6s
  에폭 725/4000 | 손실: 0.2425 | 검증손실: 0.3258 | 학습: 96.7% | 검증: 87.5% | lr: 1.00e-04 | 1.5s
  에폭 726/4000 | 손실: 0.2497 | 검증손실: 0.3239 | 학습: 96.4% | 검증: 87.1% | lr: 1.00e-04 | 1.5s
  에폭 727/4000 | 손실: 0.2419 | 검증손실: 0.3152 | 학습: 96.9% | 검증: 87.5% | lr: 1.00e-04 | 1.5s
  에폭 728/4000 | 손실: 0.2371 | 검증손실: 0.3216 | 학습: 96.8% | 검증: 87.7% | lr: 1.00e-04 | 1.5s
  에폭 729/4000 | 손실: 0.2443 | 검증손실: 0.3191 | 학습: 97.0% | 검증: 88.0% | lr: 1.00e-04 | 1.5s ★
  에폭 730/4000 | 손실: 0.2408 | 검증손실: 0.3150 | 학습: 96.7% | 검증: 87.2% | lr: 1.00e-04 | 1.5s
  에폭 731/4000 | 손실: 0.2366 | 검증손실: 0.3122 | 학습: 96.3% | 검증: 87.4% | lr: 1.00e-04 | 1.5s
  에폭 732/4000 | 손실: 0.2361 | 검증손실: 0.3175 | 학습: 96.8% | 검증: 87.4% | lr: 1.00e-04 | 1.5s
  에폭 733/4000 | 손실: 0.2416 | 검증손실: 0.3141 | 학습: 96.9% | 검증: 87.6% | lr: 1.00e-04 | 1.5s
  에폭 734/4000 | 손실: 0.2439 | 검증손실: 0.3165 | 학습: 96.9% | 검증: 87.5% | lr: 1.00e-04 | 1.5s
  에폭 735/4000 | 손실: 0.2437 | 검증손실: 0.3159 | 학습: 96.6% | 검증: 87.8% | lr: 1.00e-04 | 1.5s
  에폭 736/4000 | 손실: 0.2425 | 검증손실: 0.3166 | 학습: 96.8% | 검증: 87.2% | lr: 1.00e-04 | 1.5s
  에폭 737/4000 | 손실: 0.2373 | 검증손실: 0.3160 | 학습: 96.9% | 검증: 87.8% | lr: 1.00e-04 | 1.5s
  에폭 738/4000 | 손실: 0.2299 | 검증손실: 0.3217 | 학습: 96.6% | 검증: 87.4% | lr: 1.00e-04 | 1.5s
  에폭 739/4000 | 손실: 0.2402 | 검증손실: 0.3194 | 학습: 96.8% | 검증: 87.2% | lr: 1.00e-04 | 1.5s
  에폭 740/4000 | 손실: 0.2395 | 검증손실: 0.3173 | 학습: 96.9% | 검증: 87.0% | lr: 1.00e-04 | 1.5s
  에폭 741/4000 | 손실: 0.2432 | 검증손실: 0.3147 | 학습: 96.8% | 검증: 87.5% | lr: 1.00e-04 | 1.5s
  에폭 742/4000 | 손실: 0.2445 | 검증손실: 0.3138 | 학습: 96.6% | 검증: 87.8% | lr: 1.00e-04 | 1.5s
  에폭 743/4000 | 손실: 0.2397 | 검증손실: 0.3203 | 학습: 97.0% | 검증: 87.4% | lr: 1.00e-04 | 1.5s
  에폭 744/4000 | 손실: 0.2399 | 검증손실: 0.3228 | 학습: 96.9% | 검증: 87.2% | lr: 1.00e-04 | 1.5s
  에폭 745/4000 | 손실: 0.2389 | 검증손실: 0.3082 | 학습: 96.8% | 검증: 87.7% | lr: 1.00e-04 | 1.5s
  에폭 746/4000 | 손실: 0.2417 | 검증손실: 0.3232 | 학습: 96.8% | 검증: 87.2% | lr: 1.00e-04 | 1.6s
  에폭 747/4000 | 손실: 0.2375 | 검증손실: 0.3269 | 학습: 96.8% | 검증: 87.1% | lr: 1.00e-04 | 1.5s
  에폭 748/4000 | 손실: 0.2420 | 검증손실: 0.3177 | 학습: 96.5% | 검증: 87.5% | lr: 1.00e-04 | 1.5s
  에폭 749/4000 | 손실: 0.2434 | 검증손실: 0.3247 | 학습: 96.7% | 검증: 86.7% | lr: 1.00e-04 | 1.5s
  에폭 750/4000 | 손실: 0.2374 | 검증손실: 0.3167 | 학습: 96.7% | 검증: 87.6% | lr: 1.00e-04 | 1.5s
  에폭 751/4000 | 손실: 0.2343 | 검증손실: 0.3169 | 학습: 96.8% | 검증: 87.0% | lr: 1.00e-04 | 1.6s
  에폭 752/4000 | 손실: 0.2419 | 검증손실: 0.3188 | 학습: 97.0% | 검증: 87.1% | lr: 1.00e-04 | 1.5s
  에폭 753/4000 | 손실: 0.2318 | 검증손실: 0.3136 | 학습: 97.1% | 검증: 87.5% | lr: 1.00e-04 | 1.5s
  에폭 754/4000 | 손실: 0.2370 | 검증손실: 0.3108 | 학습: 96.8% | 검증: 87.7% | lr: 1.00e-04 | 1.5s
  에폭 755/4000 | 손실: 0.2413 | 검증손실: 0.3140 | 학습: 96.7% | 검증: 87.3% | lr: 1.00e-04 | 1.6s
  에폭 756/4000 | 손실: 0.2383 | 검증손실: 0.3092 | 학습: 96.7% | 검증: 87.7% | lr: 1.00e-04 | 1.5s
  에폭 757/4000 | 손실: 0.2400 | 검증손실: 0.3179 | 학습: 96.9% | 검증: 87.7% | lr: 1.00e-04 | 1.5s
  에폭 758/4000 | 손실: 0.2347 | 검증손실: 0.3170 | 학습: 97.1% | 검증: 87.8% | lr: 1.00e-04 | 1.5s
  에폭 759/4000 | 손실: 0.2366 | 검증손실: 0.3168 | 학습: 97.0% | 검증: 87.9% | lr: 1.00e-04 | 1.6s
  에폭 760/4000 | 손실: 0.2378 | 검증손실: 0.3208 | 학습: 96.7% | 검증: 87.2% | lr: 1.00e-04 | 1.6s
  에폭 761/4000 | 손실: 0.2411 | 검증손실: 0.3158 | 학습: 97.0% | 검증: 87.5% | lr: 1.00e-04 | 1.5s
  에폭 762/4000 | 손실: 0.2326 | 검증손실: 0.3088 | 학습: 97.0% | 검증: 87.8% | lr: 1.00e-04 | 1.5s
  에폭 763/4000 | 손실: 0.2377 | 검증손실: 0.3159 | 학습: 96.6% | 검증: 87.9% | lr: 1.00e-04 | 1.5s
  에폭 764/4000 | 손실: 0.2337 | 검증손실: 0.3118 | 학습: 97.1% | 검증: 88.0% | lr: 1.00e-04 | 1.5s
  에폭 765/4000 | 손실: 0.2362 | 검증손실: 0.3130 | 학습: 97.0% | 검증: 87.5% | lr: 1.00e-04 | 1.5s
  에폭 766/4000 | 손실: 0.2379 | 검증손실: 0.3146 | 학습: 96.7% | 검증: 87.4% | lr: 1.00e-04 | 1.5s
  에폭 767/4000 | 손실: 0.2401 | 검증손실: 0.3181 | 학습: 97.0% | 검증: 87.3% | lr: 1.00e-04 | 1.5s
  에폭 768/4000 | 손실: 0.2414 | 검증손실: 0.3086 | 학습: 97.1% | 검증: 87.9% | lr: 1.00e-04 | 1.6s
  에폭 769/4000 | 손실: 0.2351 | 검증손실: 0.3102 | 학습: 97.1% | 검증: 87.7% | lr: 1.00e-04 | 1.6s
  에폭 770/4000 | 손실: 0.2351 | 검증손실: 0.3131 | 학습: 97.0% | 검증: 87.8% | lr: 1.00e-04 | 1.5s
  에폭 771/4000 | 손실: 0.2432 | 검증손실: 0.3087 | 학습: 97.1% | 검증: 88.0% | lr: 1.00e-04 | 1.5s
  에폭 772/4000 | 손실: 0.2351 | 검증손실: 0.3150 | 학습: 97.0% | 검증: 87.7% | lr: 1.00e-04 | 1.6s
  에폭 773/4000 | 손실: 0.2378 | 검증손실: 0.3093 | 학습: 97.1% | 검증: 87.7% | lr: 1.00e-04 | 1.5s
  에폭 774/4000 | 손실: 0.2306 | 검증손실: 0.3188 | 학습: 96.8% | 검증: 87.4% | lr: 1.00e-04 | 1.5s
  에폭 775/4000 | 손실: 0.2356 | 검증손실: 0.3186 | 학습: 97.2% | 검증: 87.3% | lr: 1.00e-04 | 1.5s
  에폭 776/4000 | 손실: 0.2324 | 검증손실: 0.3196 | 학습: 96.9% | 검증: 87.6% | lr: 1.00e-04 | 1.5s
  에폭 777/4000 | 손실: 0.2327 | 검증손실: 0.3229 | 학습: 96.6% | 검증: 87.3% | lr: 1.00e-04 | 1.5s
  에폭 778/4000 | 손실: 0.2354 | 검증손실: 0.3147 | 학습: 97.2% | 검증: 87.9% | lr: 1.00e-04 | 1.5s
  에폭 779/4000 | 손실: 0.2344 | 검증손실: 0.3166 | 학습: 97.2% | 검증: 87.5% | lr: 1.00e-04 | 1.5s
  에폭 780/4000 | 손실: 0.2312 | 검증손실: 0.3167 | 학습: 97.2% | 검증: 87.6% | lr: 1.00e-04 | 1.5s
  에폭 781/4000 | 손실: 0.2352 | 검증손실: 0.3111 | 학습: 97.2% | 검증: 87.9% | lr: 1.00e-04 | 1.5s
  에폭 782/4000 | 손실: 0.2327 | 검증손실: 0.3169 | 학습: 97.1% | 검증: 87.9% | lr: 1.00e-04 | 1.5s
  에폭 783/4000 | 손실: 0.2300 | 검증손실: 0.3162 | 학습: 97.2% | 검증: 88.0% | lr: 1.00e-04 | 1.5s ★
  에폭 784/4000 | 손실: 0.2329 | 검증손실: 0.3142 | 학습: 97.2% | 검증: 87.9% | lr: 1.00e-04 | 1.5s
  에폭 785/4000 | 손실: 0.2333 | 검증손실: 0.3239 | 학습: 96.8% | 검증: 87.2% | lr: 1.00e-04 | 1.5s
  에폭 786/4000 | 손실: 0.2334 | 검증손실: 0.3182 | 학습: 97.1% | 검증: 87.7% | lr: 1.00e-04 | 1.5s
  에폭 787/4000 | 손실: 0.2362 | 검증손실: 0.3189 | 학습: 97.0% | 검증: 87.9% | lr: 1.00e-04 | 1.6s
  에폭 788/4000 | 손실: 0.2260 | 검증손실: 0.3178 | 학습: 97.1% | 검증: 87.4% | lr: 1.00e-04 | 1.5s
  에폭 789/4000 | 손실: 0.2320 | 검증손실: 0.3201 | 학습: 97.2% | 검증: 87.7% | lr: 1.00e-04 | 1.5s
  에폭 790/4000 | 손실: 0.2317 | 검증손실: 0.3256 | 학습: 97.0% | 검증: 87.3% | lr: 1.00e-04 | 1.5s
  에폭 791/4000 | 손실: 0.2335 | 검증손실: 0.3191 | 학습: 97.1% | 검증: 87.1% | lr: 1.00e-04 | 1.5s
  에폭 792/4000 | 손실: 0.2378 | 검증손실: 0.3203 | 학습: 97.2% | 검증: 87.5% | lr: 1.00e-04 | 1.5s
  에폭 793/4000 | 손실: 0.2320 | 검증손실: 0.3184 | 학습: 97.1% | 검증: 87.9% | lr: 1.00e-04 | 1.5s
  에폭 794/4000 | 손실: 0.2351 | 검증손실: 0.3168 | 학습: 97.4% | 검증: 87.7% | lr: 1.00e-04 | 1.5s
  에폭 795/4000 | 손실: 0.2310 | 검증손실: 0.3112 | 학습: 97.3% | 검증: 88.0% | lr: 1.00e-04 | 1.5s
  에폭 796/4000 | 손실: 0.2340 | 검증손실: 0.3131 | 학습: 97.2% | 검증: 88.0% | lr: 1.00e-04 | 1.5s ★
  에폭 797/4000 | 손실: 0.2308 | 검증손실: 0.3155 | 학습: 97.2% | 검증: 87.4% | lr: 1.00e-04 | 1.5s
  에폭 798/4000 | 손실: 0.2321 | 검증손실: 0.3139 | 학습: 97.1% | 검증: 87.9% | lr: 1.00e-04 | 1.6s
  에폭 799/4000 | 손실: 0.2286 | 검증손실: 0.3146 | 학습: 97.2% | 검증: 88.0% | lr: 1.00e-04 | 1.6s
  에폭 800/4000 | 손실: 0.2303 | 검증손실: 0.3150 | 학습: 97.3% | 검증: 87.4% | lr: 1.00e-04 | 1.5s
  에폭 801/4000 | 손실: 0.2299 | 검증손실: 0.3159 | 학습: 97.3% | 검증: 87.5% | lr: 1.00e-04 | 1.5s
  에폭 802/4000 | 손실: 0.2368 | 검증손실: 0.3160 | 학습: 97.3% | 검증: 87.8% | lr: 1.00e-04 | 1.5s
  에폭 803/4000 | 손실: 0.2357 | 검증손실: 0.3197 | 학습: 97.0% | 검증: 87.5% | lr: 1.00e-04 | 1.5s
  에폭 804/4000 | 손실: 0.2300 | 검증손실: 0.3171 | 학습: 97.1% | 검증: 87.7% | lr: 1.00e-04 | 1.5s
  에폭 805/4000 | 손실: 0.2302 | 검증손실: 0.3165 | 학습: 97.1% | 검증: 87.6% | lr: 1.00e-04 | 1.5s
  에폭 806/4000 | 손실: 0.2300 | 검증손실: 0.3141 | 학습: 97.2% | 검증: 87.4% | lr: 1.00e-04 | 1.5s
  에폭 807/4000 | 손실: 0.2302 | 검증손실: 0.3174 | 학습: 97.4% | 검증: 87.8% | lr: 1.00e-04 | 1.5s
  에폭 808/4000 | 손실: 0.2360 | 검증손실: 0.3278 | 학습: 96.3% | 검증: 86.6% | lr: 1.00e-04 | 1.5s
  에폭 809/4000 | 손실: 0.2317 | 검증손실: 0.3176 | 학습: 97.2% | 검증: 87.5% | lr: 1.00e-04 | 1.5s
  에폭 810/4000 | 손실: 0.2332 | 검증손실: 0.3142 | 학습: 97.3% | 검증: 88.0% | lr: 1.00e-04 | 1.5s
  에폭 811/4000 | 손실: 0.2296 | 검증손실: 0.3193 | 학습: 97.2% | 검증: 88.0% | lr: 1.00e-04 | 1.5s
  에폭 812/4000 | 손실: 0.2347 | 검증손실: 0.3121 | 학습: 97.4% | 검증: 88.1% | lr: 1.00e-04 | 1.5s ★
  에폭 813/4000 | 손실: 0.2323 | 검증손실: 0.3233 | 학습: 97.0% | 검증: 87.6% | lr: 1.00e-04 | 1.5s
  에폭 814/4000 | 손실: 0.2331 | 검증손실: 0.3130 | 학습: 97.1% | 검증: 87.5% | lr: 1.00e-04 | 1.5s
  에폭 815/4000 | 손실: 0.2335 | 검증손실: 0.3089 | 학습: 97.5% | 검증: 88.0% | lr: 1.00e-04 | 1.5s
  에폭 816/4000 | 손실: 0.2324 | 검증손실: 0.3187 | 학습: 97.5% | 검증: 87.4% | lr: 1.00e-04 | 1.5s
  에폭 817/4000 | 손실: 0.2276 | 검증손실: 0.3139 | 학습: 97.2% | 검증: 87.3% | lr: 1.00e-04 | 1.5s
  에폭 818/4000 | 손실: 0.2254 | 검증손실: 0.3247 | 학습: 97.1% | 검증: 87.5% | lr: 1.00e-04 | 1.5s
  에폭 819/4000 | 손실: 0.2265 | 검증손실: 0.3160 | 학습: 97.2% | 검증: 88.1% | lr: 1.00e-04 | 1.5s
  에폭 820/4000 | 손실: 0.2327 | 검증손실: 0.3138 | 학습: 97.3% | 검증: 87.8% | lr: 1.00e-04 | 1.5s
  에폭 821/4000 | 손실: 0.2312 | 검증손실: 0.3172 | 학습: 97.1% | 검증: 87.6% | lr: 1.00e-04 | 1.5s
  에폭 822/4000 | 손실: 0.2321 | 검증손실: 0.3135 | 학습: 97.3% | 검증: 88.0% | lr: 1.00e-04 | 1.5s
  에폭 823/4000 | 손실: 0.2343 | 검증손실: 0.3200 | 학습: 97.0% | 검증: 87.4% | lr: 1.00e-04 | 1.5s
  에폭 824/4000 | 손실: 0.2290 | 검증손실: 0.3265 | 학습: 97.2% | 검증: 87.6% | lr: 1.00e-04 | 1.5s
  에폭 825/4000 | 손실: 0.2244 | 검증손실: 0.3255 | 학습: 96.9% | 검증: 87.4% | lr: 1.00e-04 | 1.5s
  에폭 826/4000 | 손실: 0.2354 | 검증손실: 0.3170 | 학습: 97.2% | 검증: 87.6% | lr: 1.00e-04 | 1.5s
  에폭 827/4000 | 손실: 0.2259 | 검증손실: 0.3150 | 학습: 97.2% | 검증: 87.4% | lr: 1.00e-04 | 1.5s
  에폭 828/4000 | 손실: 0.2267 | 검증손실: 0.3165 | 학습: 97.1% | 검증: 87.8% | lr: 1.00e-04 | 1.5s
  에폭 829/4000 | 손실: 0.2325 | 검증손실: 0.3192 | 학습: 97.3% | 검증: 87.9% | lr: 1.00e-04 | 1.5s
  에폭 830/4000 | 손실: 0.2221 | 검증손실: 0.3093 | 학습: 97.3% | 검증: 87.8% | lr: 1.00e-04 | 1.5s
  에폭 831/4000 | 손실: 0.2275 | 검증손실: 0.3190 | 학습: 97.1% | 검증: 87.7% | lr: 1.00e-04 | 1.5s
  에폭 832/4000 | 손실: 0.2278 | 검증손실: 0.3182 | 학습: 97.3% | 검증: 87.8% | lr: 1.00e-04 | 1.5s
  에폭 833/4000 | 손실: 0.2271 | 검증손실: 0.3170 | 학습: 97.5% | 검증: 87.9% | lr: 1.00e-04 | 1.5s
  에폭 834/4000 | 손실: 0.2328 | 검증손실: 0.3151 | 학습: 97.4% | 검증: 87.7% | lr: 1.00e-04 | 1.5s
  에폭 835/4000 | 손실: 0.2312 | 검증손실: 0.3338 | 학습: 97.1% | 검증: 87.1% | lr: 1.00e-04 | 1.6s
  에폭 836/4000 | 손실: 0.2295 | 검증손실: 0.3144 | 학습: 97.2% | 검증: 87.9% | lr: 1.00e-04 | 1.6s
  에폭 837/4000 | 손실: 0.2368 | 검증손실: 0.3151 | 학습: 97.5% | 검증: 87.6% | lr: 1.00e-04 | 1.5s
  에폭 838/4000 | 손실: 0.2322 | 검증손실: 0.3151 | 학습: 97.3% | 검증: 88.2% | lr: 1.00e-04 | 1.5s ★
  에폭 839/4000 | 손실: 0.2245 | 검증손실: 0.3170 | 학습: 97.2% | 검증: 88.0% | lr: 1.00e-04 | 1.5s
  에폭 840/4000 | 손실: 0.2318 | 검증손실: 0.3080 | 학습: 97.3% | 검증: 87.9% | lr: 1.00e-04 | 1.5s
  에폭 841/4000 | 손실: 0.2314 | 검증손실: 0.3165 | 학습: 97.4% | 검증: 87.6% | lr: 1.00e-04 | 1.5s
  에폭 842/4000 | 손실: 0.2243 | 검증손실: 0.3204 | 학습: 97.3% | 검증: 87.4% | lr: 1.00e-04 | 1.5s
  에폭 843/4000 | 손실: 0.2349 | 검증손실: 0.3149 | 학습: 97.2% | 검증: 87.6% | lr: 1.00e-04 | 1.5s
  에폭 844/4000 | 손실: 0.2344 | 검증손실: 0.3192 | 학습: 96.8% | 검증: 87.5% | lr: 1.00e-04 | 1.6s
  에폭 845/4000 | 손실: 0.2243 | 검증손실: 0.3108 | 학습: 97.3% | 검증: 87.8% | lr: 1.00e-04 | 1.5s
  에폭 846/4000 | 손실: 0.2286 | 검증손실: 0.3158 | 학습: 97.4% | 검증: 88.0% | lr: 1.00e-04 | 1.5s
  에폭 847/4000 | 손실: 0.2268 | 검증손실: 0.3191 | 학습: 97.1% | 검증: 87.8% | lr: 1.00e-04 | 1.5s
  에폭 848/4000 | 손실: 0.2219 | 검증손실: 0.3155 | 학습: 97.5% | 검증: 87.7% | lr: 1.00e-04 | 1.5s
  에폭 849/4000 | 손실: 0.2268 | 검증손실: 0.3164 | 학습: 97.0% | 검증: 87.7% | lr: 1.00e-04 | 1.5s
  에폭 850/4000 | 손실: 0.2298 | 검증손실: 0.3200 | 학습: 97.4% | 검증: 87.7% | lr: 1.00e-04 | 1.5s
  에폭 851/4000 | 손실: 0.2323 | 검증손실: 0.3162 | 학습: 97.4% | 검증: 87.6% | lr: 1.00e-04 | 1.5s
  에폭 852/4000 | 손실: 0.2236 | 검증손실: 0.3246 | 학습: 97.2% | 검증: 87.4% | lr: 1.00e-04 | 1.5s
  에폭 853/4000 | 손실: 0.2291 | 검증손실: 0.3069 | 학습: 97.5% | 검증: 87.4% | lr: 1.00e-04 | 1.5s
  에폭 854/4000 | 손실: 0.2239 | 검증손실: 0.3176 | 학습: 97.2% | 검증: 87.6% | lr: 1.00e-04 | 1.5s
  에폭 855/4000 | 손실: 0.2255 | 검증손실: 0.3153 | 학습: 97.6% | 검증: 88.0% | lr: 1.00e-04 | 1.5s
  에폭 856/4000 | 손실: 0.2278 | 검증손실: 0.3115 | 학습: 97.5% | 검증: 87.8% | lr: 1.00e-04 | 1.5s
  에폭 857/4000 | 손실: 0.2232 | 검증손실: 0.3164 | 학습: 97.4% | 검증: 87.6% | lr: 1.00e-04 | 1.5s
  에폭 858/4000 | 손실: 0.2216 | 검증손실: 0.3106 | 학습: 97.5% | 검증: 87.9% | lr: 1.00e-04 | 1.5s
  에폭 859/4000 | 손실: 0.2266 | 검증손실: 0.3132 | 학습: 97.5% | 검증: 88.1% | lr: 1.00e-04 | 1.5s
  에폭 860/4000 | 손실: 0.2204 | 검증손실: 0.3115 | 학습: 97.3% | 검증: 87.7% | lr: 1.00e-04 | 1.5s
  에폭 861/4000 | 손실: 0.2261 | 검증손실: 0.3165 | 학습: 97.4% | 검증: 88.1% | lr: 1.00e-04 | 1.5s
  에폭 862/4000 | 손실: 0.2299 | 검증손실: 0.3195 | 학습: 97.6% | 검증: 87.9% | lr: 1.00e-04 | 1.5s
  에폭 863/4000 | 손실: 0.2192 | 검증손실: 0.3134 | 학습: 97.4% | 검증: 87.6% | lr: 1.00e-04 | 1.5s
  에폭 864/4000 | 손실: 0.2242 | 검증손실: 0.3199 | 학습: 97.2% | 검증: 87.6% | lr: 1.00e-04 | 1.5s
  에폭 865/4000 | 손실: 0.2269 | 검증손실: 0.3152 | 학습: 97.6% | 검증: 87.8% | lr: 1.00e-04 | 1.5s
  에폭 866/4000 | 손실: 0.2251 | 검증손실: 0.3128 | 학습: 97.5% | 검증: 87.8% | lr: 1.00e-04 | 1.5s
  에폭 867/4000 | 손실: 0.2255 | 검증손실: 0.3159 | 학습: 97.6% | 검증: 88.0% | lr: 1.00e-04 | 1.5s
  에폭 868/4000 | 손실: 0.2265 | 검증손실: 0.3118 | 학습: 97.3% | 검증: 88.1% | lr: 1.00e-04 | 1.5s
  에폭 869/4000 | 손실: 0.2281 | 검증손실: 0.3140 | 학습: 97.3% | 검증: 87.6% | lr: 1.00e-04 | 1.5s
  에폭 870/4000 | 손실: 0.2231 | 검증손실: 0.3105 | 학습: 97.3% | 검증: 88.1% | lr: 1.00e-04 | 1.5s
  에폭 871/4000 | 손실: 0.2266 | 검증손실: 0.3171 | 학습: 97.1% | 검증: 87.5% | lr: 1.00e-04 | 1.6s
  에폭 872/4000 | 손실: 0.2278 | 검증손실: 0.3081 | 학습: 97.6% | 검증: 87.9% | lr: 1.00e-04 | 1.5s
  에폭 873/4000 | 손실: 0.2283 | 검증손실: 0.3078 | 학습: 97.7% | 검증: 88.4% | lr: 1.00e-04 | 1.5s ★
  에폭 874/4000 | 손실: 0.2270 | 검증손실: 0.3128 | 학습: 97.7% | 검증: 88.3% | lr: 1.00e-04 | 1.5s
  에폭 875/4000 | 손실: 0.2278 | 검증손실: 0.3094 | 학습: 97.4% | 검증: 87.9% | lr: 1.00e-04 | 1.5s
  에폭 876/4000 | 손실: 0.2232 | 검증손실: 0.3107 | 학습: 97.5% | 검증: 87.9% | lr: 1.00e-04 | 1.5s
  에폭 877/4000 | 손실: 0.2199 | 검증손실: 0.3232 | 학습: 97.4% | 검증: 87.5% | lr: 1.00e-04 | 1.5s
  에폭 878/4000 | 손실: 0.2250 | 검증손실: 0.3183 | 학습: 97.4% | 검증: 87.9% | lr: 1.00e-04 | 1.5s
  에폭 879/4000 | 손실: 0.2209 | 검증손실: 0.3162 | 학습: 97.7% | 검증: 88.2% | lr: 1.00e-04 | 1.5s
  에폭 880/4000 | 손실: 0.2318 | 검증손실: 0.3064 | 학습: 97.6% | 검증: 88.5% | lr: 1.00e-04 | 1.5s ★
  에폭 881/4000 | 손실: 0.2227 | 검증손실: 0.3078 | 학습: 97.7% | 검증: 88.1% | lr: 1.00e-04 | 1.5s
  에폭 882/4000 | 손실: 0.2228 | 검증손실: 0.3144 | 학습: 97.4% | 검증: 87.9% | lr: 1.00e-04 | 1.5s
  에폭 883/4000 | 손실: 0.2291 | 검증손실: 0.3102 | 학습: 97.5% | 검증: 88.1% | lr: 1.00e-04 | 1.5s
  에폭 884/4000 | 손실: 0.2243 | 검증손실: 0.3188 | 학습: 97.6% | 검증: 87.9% | lr: 1.00e-04 | 1.6s
  에폭 885/4000 | 손실: 0.2213 | 검증손실: 0.3081 | 학습: 97.7% | 검증: 88.0% | lr: 1.00e-04 | 1.5s
  에폭 886/4000 | 손실: 0.2198 | 검증손실: 0.3223 | 학습: 97.4% | 검증: 87.1% | lr: 1.00e-04 | 1.5s
  에폭 887/4000 | 손실: 0.2220 | 검증손실: 0.3144 | 학습: 97.7% | 검증: 88.0% | lr: 1.00e-04 | 1.5s
  에폭 888/4000 | 손실: 0.2219 | 검증손실: 0.3142 | 학습: 97.7% | 검증: 88.0% | lr: 1.00e-04 | 1.5s
  에폭 889/4000 | 손실: 0.2227 | 검증손실: 0.3141 | 학습: 97.5% | 검증: 87.8% | lr: 1.00e-04 | 1.5s
  에폭 890/4000 | 손실: 0.2195 | 검증손실: 0.3129 | 학습: 97.6% | 검증: 88.0% | lr: 1.00e-04 | 1.6s
  에폭 891/4000 | 손실: 0.2223 | 검증손실: 0.3142 | 학습: 97.5% | 검증: 87.5% | lr: 1.00e-04 | 1.5s
  에폭 892/4000 | 손실: 0.2205 | 검증손실: 0.3096 | 학습: 97.4% | 검증: 88.1% | lr: 1.00e-04 | 1.5s
  에폭 893/4000 | 손실: 0.2186 | 검증손실: 0.3176 | 학습: 97.5% | 검증: 88.0% | lr: 1.00e-04 | 1.5s
  에폭 894/4000 | 손실: 0.2196 | 검증손실: 0.3193 | 학습: 97.7% | 검증: 87.9% | lr: 1.00e-04 | 1.5s
  에폭 895/4000 | 손실: 0.2282 | 검증손실: 0.3245 | 학습: 97.7% | 검증: 87.9% | lr: 1.00e-04 | 1.5s
  에폭 896/4000 | 손실: 0.2222 | 검증손실: 0.3160 | 학습: 97.6% | 검증: 87.9% | lr: 1.00e-04 | 1.5s
  에폭 897/4000 | 손실: 0.2154 | 검증손실: 0.3196 | 학습: 97.6% | 검증: 87.9% | lr: 1.00e-04 | 1.5s
  에폭 898/4000 | 손실: 0.2231 | 검증손실: 0.3096 | 학습: 97.7% | 검증: 88.0% | lr: 1.00e-04 | 1.5s
  에폭 899/4000 | 손실: 0.2261 | 검증손실: 0.3162 | 학습: 97.4% | 검증: 87.8% | lr: 1.00e-04 | 1.5s
  에폭 900/4000 | 손실: 0.2241 | 검증손실: 0.3193 | 학습: 97.4% | 검증: 87.6% | lr: 1.00e-04 | 1.5s
  에폭 901/4000 | 손실: 0.2281 | 검증손실: 0.3155 | 학습: 97.7% | 검증: 87.7% | lr: 1.00e-04 | 1.5s
  에폭 902/4000 | 손실: 0.2229 | 검증손실: 0.3118 | 학습: 97.6% | 검증: 87.9% | lr: 1.00e-04 | 1.5s
  에폭 903/4000 | 손실: 0.2196 | 검증손실: 0.3122 | 학습: 97.4% | 검증: 87.7% | lr: 1.00e-04 | 1.5s
  에폭 904/4000 | 손실: 0.2255 | 검증손실: 0.3189 | 학습: 97.6% | 검증: 87.7% | lr: 1.00e-04 | 1.5s
  에폭 905/4000 | 손실: 0.2204 | 검증손실: 0.3126 | 학습: 97.9% | 검증: 88.4% | lr: 1.00e-04 | 1.6s
  에폭 906/4000 | 손실: 0.2262 | 검증손실: 0.3151 | 학습: 97.4% | 검증: 87.7% | lr: 1.00e-04 | 1.5s
  에폭 907/4000 | 손실: 0.2254 | 검증손실: 0.3150 | 학습: 97.5% | 검증: 87.5% | lr: 1.00e-04 | 1.5s
  에폭 908/4000 | 손실: 0.2175 | 검증손실: 0.3120 | 학습: 97.8% | 검증: 88.4% | lr: 1.00e-04 | 1.5s
  에폭 909/4000 | 손실: 0.2122 | 검증손실: 0.3091 | 학습: 97.9% | 검증: 87.8% | lr: 1.00e-04 | 1.5s
  에폭 910/4000 | 손실: 0.2196 | 검증손실: 0.3159 | 학습: 97.8% | 검증: 88.1% | lr: 1.00e-04 | 1.6s
  에폭 911/4000 | 손실: 0.2136 | 검증손실: 0.3157 | 학습: 97.8% | 검증: 88.2% | lr: 1.00e-04 | 1.5s
  에폭 912/4000 | 손실: 0.2213 | 검증손실: 0.3138 | 학습: 97.7% | 검증: 87.8% | lr: 1.00e-04 | 1.5s
  에폭 913/4000 | 손실: 0.2200 | 검증손실: 0.3073 | 학습: 97.6% | 검증: 88.0% | lr: 1.00e-04 | 1.5s
  에폭 914/4000 | 손실: 0.2175 | 검증손실: 0.3127 | 학습: 97.7% | 검증: 88.1% | lr: 1.00e-04 | 1.5s
  에폭 915/4000 | 손실: 0.2243 | 검증손실: 0.3003 | 학습: 97.7% | 검증: 88.3% | lr: 1.00e-04 | 1.6s
  에폭 916/4000 | 손실: 0.2168 | 검증손실: 0.3108 | 학습: 97.8% | 검증: 88.3% | lr: 1.00e-04 | 1.5s
  에폭 917/4000 | 손실: 0.2221 | 검증손실: 0.3015 | 학습: 97.6% | 검증: 88.1% | lr: 1.00e-04 | 1.5s
  에폭 918/4000 | 손실: 0.2285 | 검증손실: 0.3082 | 학습: 97.7% | 검증: 88.0% | lr: 1.00e-04 | 1.5s
  에폭 919/4000 | 손실: 0.2139 | 검증손실: 0.3133 | 학습: 97.7% | 검증: 88.0% | lr: 1.00e-04 | 1.5s
  에폭 920/4000 | 손실: 0.2246 | 검증손실: 0.3110 | 학습: 97.8% | 검증: 88.1% | lr: 1.00e-04 | 1.5s
  에폭 921/4000 | 손실: 0.2189 | 검증손실: 0.3021 | 학습: 97.9% | 검증: 88.0% | lr: 1.00e-04 | 1.5s
  에폭 922/4000 | 손실: 0.2144 | 검증손실: 0.3153 | 학습: 97.7% | 검증: 88.0% | lr: 1.00e-04 | 1.5s
  에폭 923/4000 | 손실: 0.2231 | 검증손실: 0.3144 | 학습: 97.8% | 검증: 88.0% | lr: 1.00e-04 | 1.5s
  에폭 924/4000 | 손실: 0.2219 | 검증손실: 0.3107 | 학습: 97.6% | 검증: 88.2% | lr: 1.00e-04 | 1.5s
  에폭 925/4000 | 손실: 0.2170 | 검증손실: 0.3096 | 학습: 97.8% | 검증: 88.5% | lr: 1.00e-04 | 1.5s ★
  에폭 926/4000 | 손실: 0.2177 | 검증손실: 0.3210 | 학습: 97.6% | 검증: 88.2% | lr: 1.00e-04 | 1.5s
  에폭 927/4000 | 손실: 0.2111 | 검증손실: 0.3085 | 학습: 97.9% | 검증: 88.5% | lr: 1.00e-04 | 1.5s
  에폭 928/4000 | 손실: 0.2231 | 검증손실: 0.3170 | 학습: 97.8% | 검증: 87.8% | lr: 1.00e-04 | 1.5s
  에폭 929/4000 | 손실: 0.2284 | 검증손실: 0.3101 | 학습: 97.8% | 검증: 88.0% | lr: 1.00e-04 | 1.5s
  에폭 930/4000 | 손실: 0.2184 | 검증손실: 0.3150 | 학습: 97.8% | 검증: 87.7% | lr: 1.00e-04 | 1.6s
  에폭 931/4000 | 손실: 0.2202 | 검증손실: 0.3179 | 학습: 97.6% | 검증: 87.9% | lr: 1.00e-04 | 1.5s
  에폭 932/4000 | 손실: 0.2194 | 검증손실: 0.3088 | 학습: 97.9% | 검증: 88.5% | lr: 1.00e-04 | 1.5s ★
  에폭 933/4000 | 손실: 0.2118 | 검증손실: 0.3092 | 학습: 97.7% | 검증: 88.1% | lr: 1.00e-04 | 1.5s
  에폭 934/4000 | 손실: 0.2143 | 검증손실: 0.3120 | 학습: 97.8% | 검증: 88.1% | lr: 1.00e-04 | 1.5s
  에폭 935/4000 | 손실: 0.2128 | 검증손실: 0.3191 | 학습: 97.6% | 검증: 87.7% | lr: 1.00e-04 | 1.5s
  에폭 936/4000 | 손실: 0.2207 | 검증손실: 0.3086 | 학습: 97.6% | 검증: 88.2% | lr: 1.00e-04 | 1.5s
  에폭 937/4000 | 손실: 0.2127 | 검증손실: 0.3087 | 학습: 97.7% | 검증: 87.9% | lr: 1.00e-04 | 1.5s
  에폭 938/4000 | 손실: 0.2179 | 검증손실: 0.3118 | 학습: 97.6% | 검증: 88.0% | lr: 1.00e-04 | 1.5s
  에폭 939/4000 | 손실: 0.2148 | 검증손실: 0.3042 | 학습: 97.8% | 검증: 88.5% | lr: 1.00e-04 | 1.5s
  에폭 940/4000 | 손실: 0.2131 | 검증손실: 0.3128 | 학습: 97.6% | 검증: 88.1% | lr: 1.00e-04 | 1.5s
  에폭 941/4000 | 손실: 0.2184 | 검증손실: 0.3055 | 학습: 97.8% | 검증: 88.2% | lr: 1.00e-04 | 1.5s
  에폭 942/4000 | 손실: 0.2166 | 검증손실: 0.3014 | 학습: 97.7% | 검증: 88.3% | lr: 1.00e-04 | 1.5s
  에폭 943/4000 | 손실: 0.2140 | 검증손실: 0.3137 | 학습: 97.9% | 검증: 88.1% | lr: 1.00e-04 | 1.6s
  에폭 944/4000 | 손실: 0.2186 | 검증손실: 0.3171 | 학습: 97.8% | 검증: 88.1% | lr: 1.00e-04 | 1.5s
  에폭 945/4000 | 손실: 0.2189 | 검증손실: 0.3114 | 학습: 97.5% | 검증: 88.2% | lr: 1.00e-04 | 1.6s
  에폭 946/4000 | 손실: 0.2193 | 검증손실: 0.3083 | 학습: 97.6% | 검증: 88.1% | lr: 1.00e-04 | 2.2s
  에폭 947/4000 | 손실: 0.2184 | 검증손실: 0.3091 | 학습: 97.8% | 검증: 88.2% | lr: 1.00e-04 | 2.3s
  에폭 948/4000 | 손실: 0.2197 | 검증손실: 0.3090 | 학습: 97.6% | 검증: 88.3% | lr: 1.00e-04 | 2.1s
  에폭 949/4000 | 손실: 0.2139 | 검증손실: 0.3173 | 학습: 97.9% | 검증: 87.8% | lr: 1.00e-04 | 2.1s
  에폭 950/4000 | 손실: 0.2152 | 검증손실: 0.3129 | 학습: 97.9% | 검증: 88.1% | lr: 1.00e-04 | 2.0s
  에폭 951/4000 | 손실: 0.2143 | 검증손실: 0.3097 | 학습: 97.9% | 검증: 88.3% | lr: 1.00e-04 | 1.9s
  에폭 952/4000 | 손실: 0.2173 | 검증손실: 0.3110 | 학습: 98.0% | 검증: 88.4% | lr: 1.00e-04 | 1.8s
  에폭 953/4000 | 손실: 0.2115 | 검증손실: 0.3080 | 학습: 97.8% | 검증: 88.3% | lr: 1.00e-04 | 1.7s
  에폭 954/4000 | 손실: 0.2093 | 검증손실: 0.3115 | 학습: 97.6% | 검증: 88.1% | lr: 1.00e-04 | 1.8s
  에폭 955/4000 | 손실: 0.2174 | 검증손실: 0.3252 | 학습: 97.8% | 검증: 87.7% | lr: 1.00e-04 | 1.9s
  에폭 956/4000 | 손실: 0.2160 | 검증손실: 0.3087 | 학습: 97.8% | 검증: 87.8% | lr: 1.00e-04 | 1.9s
  에폭 957/4000 | 손실: 0.2105 | 검증손실: 0.3133 | 학습: 97.8% | 검증: 88.2% | lr: 1.00e-04 | 1.8s
  에폭 958/4000 | 손실: 0.2104 | 검증손실: 0.3108 | 학습: 97.9% | 검증: 88.2% | lr: 1.00e-04 | 1.7s
  에폭 959/4000 | 손실: 0.2207 | 검증손실: 0.3180 | 학습: 97.8% | 검증: 87.8% | lr: 1.00e-04 | 1.6s
  에폭 960/4000 | 손실: 0.2139 | 검증손실: 0.3165 | 학습: 98.0% | 검증: 88.2% | lr: 1.00e-04 | 1.7s
  에폭 961/4000 | 손실: 0.2160 | 검증손실: 0.3272 | 학습: 97.3% | 검증: 87.5% | lr: 1.00e-04 | 1.7s
  에폭 962/4000 | 손실: 0.2172 | 검증손실: 0.3136 | 학습: 97.8% | 검증: 88.2% | lr: 1.00e-04 | 1.7s
  에폭 963/4000 | 손실: 0.2204 | 검증손실: 0.3188 | 학습: 97.9% | 검증: 88.2% | lr: 1.00e-04 | 1.8s
  에폭 964/4000 | 손실: 0.2143 | 검증손실: 0.3077 | 학습: 97.9% | 검증: 88.0% | lr: 1.00e-04 | 1.7s
  에폭 965/4000 | 손실: 0.2107 | 검증손실: 0.3080 | 학습: 97.8% | 검증: 87.8% | lr: 1.00e-04 | 1.7s
  에폭 966/4000 | 손실: 0.2121 | 검증손실: 0.3106 | 학습: 97.8% | 검증: 87.9% | lr: 1.00e-04 | 1.8s
  에폭 967/4000 | 손실: 0.2190 | 검증손실: 0.3080 | 학습: 97.6% | 검증: 87.9% | lr: 1.00e-04 | 1.7s
  에폭 968/4000 | 손실: 0.2158 | 검증손실: 0.3096 | 학습: 97.9% | 검증: 87.8% | lr: 1.00e-04 | 1.6s
  에폭 969/4000 | 손실: 0.2219 | 검증손실: 0.3143 | 학습: 97.9% | 검증: 87.8% | lr: 1.00e-04 | 1.6s
  에폭 970/4000 | 손실: 0.2162 | 검증손실: 0.3150 | 학습: 97.8% | 검증: 87.9% | lr: 1.00e-04 | 1.6s
  에폭 971/4000 | 손실: 0.2066 | 검증손실: 0.3162 | 학습: 97.6% | 검증: 87.8% | lr: 1.00e-04 | 1.6s
  에폭 972/4000 | 손실: 0.2155 | 검증손실: 0.3123 | 학습: 97.7% | 검증: 87.9% | lr: 1.00e-04 | 1.6s
  에폭 973/4000 | 손실: 0.2141 | 검증손실: 0.3177 | 학습: 97.9% | 검증: 88.0% | lr: 1.00e-04 | 1.6s
  에폭 974/4000 | 손실: 0.2095 | 검증손실: 0.3282 | 학습: 97.5% | 검증: 87.4% | lr: 1.00e-04 | 1.6s
  에폭 975/4000 | 손실: 0.2176 | 검증손실: 0.3171 | 학습: 98.0% | 검증: 88.5% | lr: 1.00e-04 | 1.6s
  에폭 976/4000 | 손실: 0.2129 | 검증손실: 0.3212 | 학습: 97.5% | 검증: 87.9% | lr: 1.00e-04 | 1.6s
  에폭 977/4000 | 손실: 0.2144 | 검증손실: 0.3136 | 학습: 98.0% | 검증: 88.3% | lr: 1.00e-04 | 1.7s
  에폭 978/4000 | 손실: 0.2134 | 검증손실: 0.3037 | 학습: 97.8% | 검증: 88.4% | lr: 1.00e-04 | 1.6s
  에폭 979/4000 | 손실: 0.2118 | 검증손실: 0.3043 | 학습: 98.0% | 검증: 88.3% | lr: 1.00e-04 | 1.6s
  에폭 980/4000 | 손실: 0.2178 | 검증손실: 0.3080 | 학습: 98.0% | 검증: 88.0% | lr: 1.00e-04 | 1.6s
  에폭 981/4000 | 손실: 0.2105 | 검증손실: 0.3072 | 학습: 97.9% | 검증: 88.3% | lr: 1.00e-04 | 1.6s
  에폭 982/4000 | 손실: 0.2111 | 검증손실: 0.3186 | 학습: 97.9% | 검증: 87.9% | lr: 1.00e-04 | 1.7s
  에폭 983/4000 | 손실: 0.2105 | 검증손실: 0.3079 | 학습: 97.8% | 검증: 88.4% | lr: 1.00e-04 | 1.6s
  에폭 984/4000 | 손실: 0.2101 | 검증손실: 0.3136 | 학습: 98.0% | 검증: 88.0% | lr: 1.00e-04 | 1.6s
  에폭 985/4000 | 손실: 0.2103 | 검증손실: 0.3040 | 학습: 97.6% | 검증: 87.9% | lr: 1.00e-04 | 1.6s
  에폭 986/4000 | 손실: 0.2104 | 검증손실: 0.3129 | 학습: 97.9% | 검증: 87.8% | lr: 1.00e-04 | 1.6s
  에폭 987/4000 | 손실: 0.2168 | 검증손실: 0.3173 | 학습: 97.8% | 검증: 88.1% | lr: 1.00e-04 | 1.6s
  에폭 988/4000 | 손실: 0.2140 | 검증손실: 0.3037 | 학습: 97.7% | 검증: 88.2% | lr: 1.00e-04 | 1.6s
  에폭 989/4000 | 손실: 0.2174 | 검증손실: 0.3094 | 학습: 98.1% | 검증: 88.0% | lr: 1.00e-04 | 1.6s
  에폭 990/4000 | 손실: 0.2101 | 검증손실: 0.3049 | 학습: 98.1% | 검증: 88.3% | lr: 1.00e-04 | 1.6s
  에폭 991/4000 | 손실: 0.2077 | 검증손실: 0.3101 | 학습: 98.0% | 검증: 88.3% | lr: 1.00e-04 | 1.6s
  에폭 992/4000 | 손실: 0.2111 | 검증손실: 0.3033 | 학습: 98.2% | 검증: 88.4% | lr: 1.00e-04 | 1.6s
  에폭 993/4000 | 손실: 0.2072 | 검증손실: 0.3114 | 학습: 97.8% | 검증: 88.4% | lr: 1.00e-04 | 1.6s
  에폭 994/4000 | 손실: 0.2075 | 검증손실: 0.3073 | 학습: 97.9% | 검증: 88.4% | lr: 1.00e-04 | 1.6s
  에폭 995/4000 | 손실: 0.2148 | 검증손실: 0.3083 | 학습: 97.9% | 검증: 88.3% | lr: 1.00e-04 | 1.6s
  에폭 996/4000 | 손실: 0.2069 | 검증손실: 0.3225 | 학습: 97.9% | 검증: 87.9% | lr: 1.00e-04 | 1.6s
  에폭 997/4000 | 손실: 0.2170 | 검증손실: 0.3136 | 학습: 97.7% | 검증: 88.0% | lr: 1.00e-04 | 1.6s
  에폭 998/4000 | 손실: 0.2075 | 검증손실: 0.3146 | 학습: 98.2% | 검증: 88.4% | lr: 1.00e-04 | 1.6s
  에폭 999/4000 | 손실: 0.2157 | 검증손실: 0.3163 | 학습: 97.9% | 검증: 88.0% | lr: 1.00e-04 | 1.6s
  에폭 1000/4000 | 손실: 0.2145 | 검증손실: 0.3031 | 학습: 98.1% | 검증: 88.8% | lr: 1.00e-04 | 1.6s ★
  에폭 1001/4000 | 손실: 0.2052 | 검증손실: 0.3094 | 학습: 98.2% | 검증: 88.3% | lr: 1.00e-04 | 1.6s
  에폭 1002/4000 | 손실: 0.2072 | 검증손실: 0.3087 | 학습: 97.9% | 검증: 88.3% | lr: 1.00e-04 | 1.6s
  에폭 1003/4000 | 손실: 0.2123 | 검증손실: 0.3117 | 학습: 97.8% | 검증: 88.2% | lr: 1.00e-04 | 1.6s
  에폭 1004/4000 | 손실: 0.2125 | 검증손실: 0.3155 | 학습: 97.8% | 검증: 88.0% | lr: 1.00e-04 | 1.6s
  에폭 1005/4000 | 손실: 0.2052 | 검증손실: 0.3148 | 학습: 98.0% | 검증: 87.9% | lr: 1.00e-04 | 2.2s
  에폭 1006/4000 | 손실: 0.2041 | 검증손실: 0.3105 | 학습: 98.0% | 검증: 88.2% | lr: 1.00e-04 | 2.4s
  에폭 1007/4000 | 손실: 0.2150 | 검증손실: 0.3138 | 학습: 97.6% | 검증: 88.0% | lr: 1.00e-04 | 1.9s
  에폭 1008/4000 | 손실: 0.2068 | 검증손실: 0.3127 | 학습: 98.1% | 검증: 88.4% | lr: 1.00e-04 | 1.7s
  에폭 1009/4000 | 손실: 0.2117 | 검증손실: 0.3151 | 학습: 98.0% | 검증: 88.1% | lr: 1.00e-04 | 1.8s
  에폭 1010/4000 | 손실: 0.2188 | 검증손실: 0.3103 | 학습: 98.0% | 검증: 88.4% | lr: 1.00e-04 | 2.6s
  에폭 1011/4000 | 손실: 0.2084 | 검증손실: 0.3060 | 학습: 98.1% | 검증: 88.3% | lr: 1.00e-04 | 2.3s
  에폭 1012/4000 | 손실: 0.2053 | 검증손실: 0.3092 | 학습: 97.9% | 검증: 88.0% | lr: 1.00e-04 | 2.3s
  에폭 1013/4000 | 손실: 0.2105 | 검증손실: 0.3182 | 학습: 98.1% | 검증: 88.3% | lr: 1.00e-04 | 1.7s
  에폭 1014/4000 | 손실: 0.2141 | 검증손실: 0.3236 | 학습: 97.8% | 검증: 87.7% | lr: 1.00e-04 | 1.7s
  에폭 1015/4000 | 손실: 0.2116 | 검증손실: 0.3155 | 학습: 98.1% | 검증: 88.0% | lr: 1.00e-04 | 1.6s
  에폭 1016/4000 | 손실: 0.2138 | 검증손실: 0.3086 | 학습: 98.2% | 검증: 88.4% | lr: 1.00e-04 | 1.7s
  에폭 1017/4000 | 손실: 0.2081 | 검증손실: 0.3121 | 학습: 98.0% | 검증: 87.9% | lr: 1.00e-04 | 1.7s
  에폭 1018/4000 | 손실: 0.2083 | 검증손실: 0.3109 | 학습: 98.0% | 검증: 88.3% | lr: 1.00e-04 | 1.6s
  에폭 1019/4000 | 손실: 0.2072 | 검증손실: 0.3104 | 학습: 98.1% | 검증: 88.1% | lr: 1.00e-04 | 1.7s
  에폭 1020/4000 | 손실: 0.2120 | 검증손실: 0.3257 | 학습: 97.7% | 검증: 88.1% | lr: 1.00e-04 | 1.9s
  에폭 1021/4000 | 손실: 0.2108 | 검증손실: 0.3174 | 학습: 98.1% | 검증: 87.9% | lr: 1.00e-04 | 1.7s
  에폭 1022/4000 | 손실: 0.2160 | 검증손실: 0.3187 | 학습: 98.0% | 검증: 87.8% | lr: 1.00e-04 | 1.7s
  에폭 1023/4000 | 손실: 0.2094 | 검증손실: 0.3054 | 학습: 98.1% | 검증: 88.4% | lr: 1.00e-04 | 1.7s
  에폭 1024/4000 | 손실: 0.2101 | 검증손실: 0.3068 | 학습: 98.0% | 검증: 88.1% | lr: 1.00e-04 | 1.6s
  에폭 1025/4000 | 손실: 0.2091 | 검증손실: 0.3113 | 학습: 97.8% | 검증: 87.7% | lr: 1.00e-04 | 1.6s
  에폭 1026/4000 | 손실: 0.2115 | 검증손실: 0.3167 | 학습: 97.7% | 검증: 87.5% | lr: 1.00e-04 | 1.6s
  에폭 1027/4000 | 손실: 0.2071 | 검증손실: 0.3107 | 학습: 98.1% | 검증: 88.2% | lr: 1.00e-04 | 1.6s
  에폭 1028/4000 | 손실: 0.2114 | 검증손실: 0.3115 | 학습: 98.0% | 검증: 88.0% | lr: 1.00e-04 | 1.6s
  에폭 1029/4000 | 손실: 0.2151 | 검증손실: 0.3153 | 학습: 97.9% | 검증: 87.8% | lr: 1.00e-04 | 1.6s
  에폭 1030/4000 | 손실: 0.2089 | 검증손실: 0.3089 | 학습: 97.9% | 검증: 88.5% | lr: 1.00e-04 | 1.6s
  에폭 1031/4000 | 손실: 0.2054 | 검증손실: 0.3083 | 학습: 98.0% | 검증: 88.3% | lr: 1.00e-04 | 1.7s
  에폭 1032/4000 | 손실: 0.2125 | 검증손실: 0.3034 | 학습: 98.1% | 검증: 88.3% | lr: 1.00e-04 | 1.6s
  에폭 1033/4000 | 손실: 0.2042 | 검증손실: 0.3070 | 학습: 98.1% | 검증: 88.5% | lr: 1.00e-04 | 1.7s
  에폭 1034/4000 | 손실: 0.2068 | 검증손실: 0.3074 | 학습: 98.0% | 검증: 88.4% | lr: 1.00e-04 | 1.7s
  에폭 1035/4000 | 손실: 0.2007 | 검증손실: 0.3055 | 학습: 98.1% | 검증: 88.5% | lr: 1.00e-04 | 1.7s
  에폭 1036/4000 | 손실: 0.2037 | 검증손실: 0.3133 | 학습: 98.2% | 검증: 88.4% | lr: 1.00e-04 | 1.7s
  에폭 1037/4000 | 손실: 0.2131 | 검증손실: 0.3076 | 학습: 98.1% | 검증: 88.4% | lr: 1.00e-04 | 1.7s
  에폭 1038/4000 | 손실: 0.2107 | 검증손실: 0.3105 | 학습: 97.9% | 검증: 88.0% | lr: 1.00e-04 | 1.6s
  에폭 1039/4000 | 손실: 0.2093 | 검증손실: 0.3105 | 학습: 97.9% | 검증: 88.0% | lr: 1.00e-04 | 1.6s
  에폭 1040/4000 | 손실: 0.2103 | 검증손실: 0.3101 | 학습: 98.3% | 검증: 88.1% | lr: 1.00e-04 | 1.7s
  에폭 1041/4000 | 손실: 0.2057 | 검증손실: 0.3068 | 학습: 98.3% | 검증: 88.4% | lr: 1.00e-04 | 1.6s
  에폭 1042/4000 | 손실: 0.2043 | 검증손실: 0.3098 | 학습: 98.0% | 검증: 88.6% | lr: 1.00e-04 | 1.7s
  에폭 1043/4000 | 손실: 0.2035 | 검증손실: 0.3063 | 학습: 97.9% | 검증: 88.2% | lr: 1.00e-04 | 1.8s
  에폭 1044/4000 | 손실: 0.2112 | 검증손실: 0.3120 | 학습: 98.1% | 검증: 88.2% | lr: 1.00e-04 | 1.7s
  에폭 1045/4000 | 손실: 0.2097 | 검증손실: 0.3073 | 학습: 98.1% | 검증: 88.2% | lr: 1.00e-04 | 1.8s
  에폭 1046/4000 | 손실: 0.2019 | 검증손실: 0.3016 | 학습: 98.1% | 검증: 88.7% | lr: 1.00e-04 | 1.8s
  에폭 1047/4000 | 손실: 0.2059 | 검증손실: 0.3107 | 학습: 98.2% | 검증: 88.4% | lr: 1.00e-04 | 1.8s
  에폭 1048/4000 | 손실: 0.2037 | 검증손실: 0.3136 | 학습: 98.1% | 검증: 88.4% | lr: 1.00e-04 | 1.7s
  에폭 1049/4000 | 손실: 0.2069 | 검증손실: 0.3151 | 학습: 97.9% | 검증: 87.8% | lr: 1.00e-04 | 1.8s
  에폭 1050/4000 | 손실: 0.2116 | 검증손실: 0.3160 | 학습: 98.0% | 검증: 88.1% | lr: 1.00e-04 | 1.8s
  에폭 1051/4000 | 손실: 0.2062 | 검증손실: 0.3140 | 학습: 98.0% | 검증: 88.1% | lr: 1.00e-04 | 1.8s
  에폭 1052/4000 | 손실: 0.2119 | 검증손실: 0.3042 | 학습: 98.2% | 검증: 88.8% | lr: 1.00e-04 | 1.9s
  에폭 1053/4000 | 손실: 0.2029 | 검증손실: 0.3136 | 학습: 98.3% | 검증: 88.5% | lr: 1.00e-04 | 1.7s
  에폭 1054/4000 | 손실: 0.2090 | 검증손실: 0.3044 | 학습: 98.1% | 검증: 88.8% | lr: 1.00e-04 | 1.7s
  에폭 1055/4000 | 손실: 0.2061 | 검증손실: 0.3114 | 학습: 98.3% | 검증: 88.3% | lr: 1.00e-04 | 1.7s
  에폭 1056/4000 | 손실: 0.1984 | 검증손실: 0.3054 | 학습: 98.3% | 검증: 88.5% | lr: 1.00e-04 | 1.7s
  에폭 1057/4000 | 손실: 0.2094 | 검증손실: 0.3064 | 학습: 97.9% | 검증: 88.3% | lr: 1.00e-04 | 1.6s
  에폭 1058/4000 | 손실: 0.2070 | 검증손실: 0.3166 | 학습: 98.1% | 검증: 88.1% | lr: 1.00e-04 | 1.6s
  에폭 1059/4000 | 손실: 0.2127 | 검증손실: 0.3014 | 학습: 98.0% | 검증: 88.4% | lr: 1.00e-04 | 1.7s
  에폭 1060/4000 | 손실: 0.2028 | 검증손실: 0.3167 | 학습: 98.2% | 검증: 88.4% | lr: 1.00e-04 | 1.8s
  에폭 1061/4000 | 손실: 0.2024 | 검증손실: 0.3148 | 학습: 98.2% | 검증: 88.4% | lr: 1.00e-04 | 1.8s
  에폭 1062/4000 | 손실: 0.2110 | 검증손실: 0.3077 | 학습: 98.1% | 검증: 88.4% | lr: 1.00e-04 | 2.0s
  에폭 1063/4000 | 손실: 0.2005 | 검증손실: 0.3137 | 학습: 98.3% | 검증: 88.2% | lr: 1.00e-04 | 2.0s
  에폭 1064/4000 | 손실: 0.2087 | 검증손실: 0.3042 | 학습: 98.2% | 검증: 88.3% | lr: 1.00e-04 | 1.9s
  에폭 1065/4000 | 손실: 0.2042 | 검증손실: 0.3129 | 학습: 98.2% | 검증: 88.0% | lr: 1.00e-04 | 1.8s
  에폭 1066/4000 | 손실: 0.2111 | 검증손실: 0.3026 | 학습: 98.2% | 검증: 88.6% | lr: 8.00e-05 | 1.7s
  에폭 1067/4000 | 손실: 0.2023 | 검증손실: 0.3096 | 학습: 98.0% | 검증: 88.1% | lr: 8.00e-05 | 1.7s
  에폭 1068/4000 | 손실: 0.2101 | 검증손실: 0.3095 | 학습: 98.1% | 검증: 88.3% | lr: 8.00e-05 | 1.6s
  에폭 1069/4000 | 손실: 0.2023 | 검증손실: 0.3129 | 학습: 98.3% | 검증: 88.3% | lr: 8.00e-05 | 1.7s
  에폭 1070/4000 | 손실: 0.2077 | 검증손실: 0.3079 | 학습: 98.3% | 검증: 88.6% | lr: 8.00e-05 | 1.7s
  에폭 1071/4000 | 손실: 0.1995 | 검증손실: 0.3117 | 학습: 98.2% | 검증: 88.6% | lr: 8.00e-05 | 1.7s
  에폭 1072/4000 | 손실: 0.2050 | 검증손실: 0.3070 | 학습: 98.2% | 검증: 88.7% | lr: 8.00e-05 | 1.8s
  에폭 1073/4000 | 손실: 0.1994 | 검증손실: 0.3123 | 학습: 98.2% | 검증: 88.4% | lr: 8.00e-05 | 1.7s
  에폭 1074/4000 | 손실: 0.2065 | 검증손실: 0.3137 | 학습: 98.0% | 검증: 88.1% | lr: 8.00e-05 | 1.7s
  에폭 1075/4000 | 손실: 0.2008 | 검증손실: 0.3154 | 학습: 98.1% | 검증: 88.0% | lr: 8.00e-05 | 1.7s
  에폭 1076/4000 | 손실: 0.2037 | 검증손실: 0.3160 | 학습: 98.1% | 검증: 88.0% | lr: 8.00e-05 | 1.8s
  에폭 1077/4000 | 손실: 0.2008 | 검증손실: 0.3042 | 학습: 98.3% | 검증: 88.4% | lr: 8.00e-05 | 1.8s
  에폭 1078/4000 | 손실: 0.2057 | 검증손실: 0.3091 | 학습: 98.3% | 검증: 88.4% | lr: 8.00e-05 | 1.8s
  에폭 1079/4000 | 손실: 0.2045 | 검증손실: 0.3085 | 학습: 98.3% | 검증: 88.3% | lr: 8.00e-05 | 1.8s
  에폭 1080/4000 | 손실: 0.2033 | 검증손실: 0.3012 | 학습: 98.2% | 검증: 88.5% | lr: 8.00e-05 | 1.8s
  에폭 1081/4000 | 손실: 0.2021 | 검증손실: 0.3127 | 학습: 98.2% | 검증: 88.4% | lr: 8.00e-05 | 1.8s
  에폭 1082/4000 | 손실: 0.2013 | 검증손실: 0.3053 | 학습: 98.3% | 검증: 88.0% | lr: 8.00e-05 | 1.8s
  에폭 1083/4000 | 손실: 0.2018 | 검증손실: 0.3107 | 학습: 98.4% | 검증: 88.3% | lr: 8.00e-05 | 1.8s
  에폭 1084/4000 | 손실: 0.2011 | 검증손실: 0.3049 | 학습: 98.4% | 검증: 88.6% | lr: 8.00e-05 | 1.8s
  에폭 1085/4000 | 손실: 0.2069 | 검증손실: 0.3103 | 학습: 98.3% | 검증: 88.5% | lr: 8.00e-05 | 1.8s
  에폭 1086/4000 | 손실: 0.1987 | 검증손실: 0.3145 | 학습: 98.2% | 검증: 88.5% | lr: 8.00e-05 | 1.9s
  에폭 1087/4000 | 손실: 0.1987 | 검증손실: 0.3054 | 학습: 98.1% | 검증: 88.6% | lr: 8.00e-05 | 1.8s
  에폭 1088/4000 | 손실: 0.2051 | 검증손실: 0.3101 | 학습: 98.1% | 검증: 87.9% | lr: 8.00e-05 | 1.8s
  에폭 1089/4000 | 손실: 0.2015 | 검증손실: 0.3176 | 학습: 98.3% | 검증: 88.0% | lr: 8.00e-05 | 1.8s
  에폭 1090/4000 | 손실: 0.2080 | 검증손실: 0.3098 | 학습: 98.2% | 검증: 88.3% | lr: 8.00e-05 | 1.7s
  에폭 1091/4000 | 손실: 0.1931 | 검증손실: 0.3093 | 학습: 98.4% | 검증: 88.3% | lr: 8.00e-05 | 1.7s
  에폭 1092/4000 | 손실: 0.2048 | 검증손실: 0.3166 | 학습: 98.3% | 검증: 88.4% | lr: 8.00e-05 | 1.8s
  에폭 1093/4000 | 손실: 0.1956 | 검증손실: 0.3101 | 학습: 98.3% | 검증: 88.3% | lr: 8.00e-05 | 1.8s
  에폭 1094/4000 | 손실: 0.2012 | 검증손실: 0.3143 | 학습: 98.3% | 검증: 88.3% | lr: 8.00e-05 | 1.8s
  에폭 1095/4000 | 손실: 0.2001 | 검증손실: 0.3080 | 학습: 98.3% | 검증: 88.7% | lr: 8.00e-05 | 1.7s
  에폭 1096/4000 | 손실: 0.2028 | 검증손실: 0.3123 | 학습: 98.5% | 검증: 88.4% | lr: 8.00e-05 | 1.8s
  에폭 1097/4000 | 손실: 0.1977 | 검증손실: 0.3094 | 학습: 98.2% | 검증: 88.2% | lr: 8.00e-05 | 1.7s
  에폭 1098/4000 | 손실: 0.2042 | 검증손실: 0.3087 | 학습: 98.2% | 검증: 88.4% | lr: 8.00e-05 | 1.7s
  에폭 1099/4000 | 손실: 0.1993 | 검증손실: 0.3075 | 학습: 98.3% | 검증: 88.3% | lr: 8.00e-05 | 1.7s
  에폭 1100/4000 | 손실: 0.2006 | 검증손실: 0.3089 | 학습: 98.3% | 검증: 88.6% | lr: 8.00e-05 | 1.7s
  에폭 1101/4000 | 손실: 0.1980 | 검증손실: 0.3193 | 학습: 98.2% | 검증: 88.4% | lr: 8.00e-05 | 1.7s
  에폭 1102/4000 | 손실: 0.1979 | 검증손실: 0.3081 | 학습: 98.4% | 검증: 88.8% | lr: 8.00e-05 | 1.8s
  에폭 1103/4000 | 손실: 0.2008 | 검증손실: 0.3088 | 학습: 98.1% | 검증: 88.3% | lr: 8.00e-05 | 1.7s
  에폭 1104/4000 | 손실: 0.2017 | 검증손실: 0.3100 | 학습: 98.3% | 검증: 88.3% | lr: 8.00e-05 | 1.7s
  에폭 1105/4000 | 손실: 0.2017 | 검증손실: 0.3129 | 학습: 98.3% | 검증: 88.3% | lr: 8.00e-05 | 1.7s
  에폭 1106/4000 | 손실: 0.1911 | 검증손실: 0.3050 | 학습: 98.5% | 검증: 88.4% | lr: 8.00e-05 | 1.7s
  에폭 1107/4000 | 손실: 0.1980 | 검증손실: 0.3109 | 학습: 98.3% | 검증: 88.4% | lr: 8.00e-05 | 1.7s
  에폭 1108/4000 | 손실: 0.2021 | 검증손실: 0.3065 | 학습: 98.3% | 검증: 89.0% | lr: 8.00e-05 | 1.8s ★
  에폭 1109/4000 | 손실: 0.2004 | 검증손실: 0.3110 | 학습: 98.3% | 검증: 88.5% | lr: 8.00e-05 | 1.9s
  에폭 1110/4000 | 손실: 0.2054 | 검증손실: 0.3072 | 학습: 98.5% | 검증: 88.4% | lr: 8.00e-05 | 1.8s
  에폭 1111/4000 | 손실: 0.2011 | 검증손실: 0.3045 | 학습: 98.4% | 검증: 88.6% | lr: 8.00e-05 | 1.8s
  에폭 1112/4000 | 손실: 0.1993 | 검증손실: 0.3083 | 학습: 98.2% | 검증: 88.3% | lr: 8.00e-05 | 1.8s
  에폭 1113/4000 | 손실: 0.1981 | 검증손실: 0.3180 | 학습: 98.4% | 검증: 88.5% | lr: 8.00e-05 | 1.8s
  에폭 1114/4000 | 손실: 0.2004 | 검증손실: 0.3175 | 학습: 98.4% | 검증: 88.6% | lr: 8.00e-05 | 1.9s
  에폭 1115/4000 | 손실: 0.1974 | 검증손실: 0.3155 | 학습: 98.4% | 검증: 88.4% | lr: 8.00e-05 | 1.9s
  에폭 1116/4000 | 손실: 0.1952 | 검증손실: 0.3112 | 학습: 98.2% | 검증: 88.6% | lr: 8.00e-05 | 1.8s
  에폭 1117/4000 | 손실: 0.2019 | 검증손실: 0.3234 | 학습: 98.0% | 검증: 87.8% | lr: 8.00e-05 | 1.8s
  에폭 1118/4000 | 손실: 0.1974 | 검증손실: 0.3093 | 학습: 98.3% | 검증: 88.1% | lr: 8.00e-05 | 1.7s
  에폭 1119/4000 | 손실: 0.2006 | 검증손실: 0.3075 | 학습: 98.5% | 검증: 88.6% | lr: 8.00e-05 | 1.9s
  에폭 1120/4000 | 손실: 0.1974 | 검증손실: 0.3178 | 학습: 98.4% | 검증: 88.2% | lr: 8.00e-05 | 1.9s
  에폭 1121/4000 | 손실: 0.2015 | 검증손실: 0.3104 | 학습: 98.3% | 검증: 88.8% | lr: 8.00e-05 | 1.8s
  에폭 1122/4000 | 손실: 0.1995 | 검증손실: 0.3116 | 학습: 98.5% | 검증: 88.6% | lr: 8.00e-05 | 1.8s
  에폭 1123/4000 | 손실: 0.2007 | 검증손실: 0.3147 | 학습: 98.4% | 검증: 88.2% | lr: 8.00e-05 | 1.8s
  에폭 1124/4000 | 손실: 0.1961 | 검증손실: 0.3105 | 학습: 98.5% | 검증: 88.4% | lr: 8.00e-05 | 1.8s
  에폭 1125/4000 | 손실: 0.1943 | 검증손실: 0.3106 | 학습: 98.4% | 검증: 88.6% | lr: 8.00e-05 | 1.8s
  에폭 1126/4000 | 손실: 0.1974 | 검증손실: 0.3160 | 학습: 98.4% | 검증: 88.3% | lr: 8.00e-05 | 1.8s
  에폭 1127/4000 | 손실: 0.1951 | 검증손실: 0.3122 | 학습: 98.5% | 검증: 88.6% | lr: 8.00e-05 | 1.8s
  에폭 1128/4000 | 손실: 0.1999 | 검증손실: 0.3099 | 학습: 98.4% | 검증: 88.5% | lr: 8.00e-05 | 1.8s
  에폭 1129/4000 | 손실: 0.2024 | 검증손실: 0.3108 | 학습: 98.4% | 검증: 88.3% | lr: 8.00e-05 | 1.8s
  에폭 1130/4000 | 손실: 0.1991 | 검증손실: 0.3142 | 학습: 98.4% | 검증: 88.2% | lr: 8.00e-05 | 1.7s
  에폭 1131/4000 | 손실: 0.1973 | 검증손실: 0.3110 | 학습: 98.4% | 검증: 88.2% | lr: 8.00e-05 | 1.8s
  에폭 1132/4000 | 손실: 0.1967 | 검증손실: 0.3030 | 학습: 98.5% | 검증: 88.6% | lr: 8.00e-05 | 1.8s
  에폭 1133/4000 | 손실: 0.1942 | 검증손실: 0.3124 | 학습: 98.1% | 검증: 88.4% | lr: 8.00e-05 | 1.8s
  에폭 1134/4000 | 손실: 0.1999 | 검증손실: 0.3155 | 학습: 98.4% | 검증: 88.4% | lr: 8.00e-05 | 1.8s
  에폭 1135/4000 | 손실: 0.1958 | 검증손실: 0.3036 | 학습: 98.5% | 검증: 88.6% | lr: 8.00e-05 | 1.8s
  에폭 1136/4000 | 손실: 0.1987 | 검증손실: 0.3032 | 학습: 98.2% | 검증: 88.5% | lr: 8.00e-05 | 1.8s
  에폭 1137/4000 | 손실: 0.2013 | 검증손실: 0.3120 | 학습: 98.4% | 검증: 88.7% | lr: 8.00e-05 | 1.8s
  에폭 1138/4000 | 손실: 0.1945 | 검증손실: 0.3113 | 학습: 98.4% | 검증: 88.3% | lr: 8.00e-05 | 1.8s
  에폭 1139/4000 | 손실: 0.1934 | 검증손실: 0.3198 | 학습: 98.2% | 검증: 88.3% | lr: 8.00e-05 | 1.8s
  에폭 1140/4000 | 손실: 0.2011 | 검증손실: 0.3101 | 학습: 98.2% | 검증: 88.6% | lr: 8.00e-05 | 1.8s
  에폭 1141/4000 | 손실: 0.1997 | 검증손실: 0.3022 | 학습: 98.3% | 검증: 88.7% | lr: 8.00e-05 | 1.8s
  에폭 1142/4000 | 손실: 0.2019 | 검증손실: 0.3039 | 학습: 98.4% | 검증: 88.5% | lr: 8.00e-05 | 1.9s
  에폭 1143/4000 | 손실: 0.2037 | 검증손실: 0.2986 | 학습: 98.5% | 검증: 88.5% | lr: 8.00e-05 | 1.8s
  에폭 1144/4000 | 손실: 0.1965 | 검증손실: 0.3081 | 학습: 98.5% | 검증: 88.5% | lr: 8.00e-05 | 1.8s
  에폭 1145/4000 | 손실: 0.1964 | 검증손실: 0.3130 | 학습: 98.6% | 검증: 88.4% | lr: 8.00e-05 | 1.8s
  에폭 1146/4000 | 손실: 0.1964 | 검증손실: 0.3024 | 학습: 98.6% | 검증: 89.0% | lr: 8.00e-05 | 1.9s
  에폭 1147/4000 | 손실: 0.1937 | 검증손실: 0.3118 | 학습: 98.4% | 검증: 88.7% | lr: 8.00e-05 | 1.8s
  에폭 1148/4000 | 손실: 0.1934 | 검증손실: 0.3061 | 학습: 98.5% | 검증: 88.8% | lr: 8.00e-05 | 1.8s
  에폭 1149/4000 | 손실: 0.1984 | 검증손실: 0.3117 | 학습: 98.2% | 검증: 88.0% | lr: 8.00e-05 | 1.7s
  에폭 1150/4000 | 손실: 0.1987 | 검증손실: 0.3100 | 학습: 98.4% | 검증: 88.4% | lr: 8.00e-05 | 1.8s
  에폭 1151/4000 | 손실: 0.1971 | 검증손실: 0.3138 | 학습: 98.5% | 검증: 88.5% | lr: 8.00e-05 | 1.9s
  에폭 1152/4000 | 손실: 0.2009 | 검증손실: 0.3145 | 학습: 98.5% | 검증: 88.4% | lr: 8.00e-05 | 1.8s
  에폭 1153/4000 | 손실: 0.1932 | 검증손실: 0.3133 | 학습: 98.4% | 검증: 88.3% | lr: 8.00e-05 | 1.8s
  에폭 1154/4000 | 손실: 0.1916 | 검증손실: 0.3184 | 학습: 98.3% | 검증: 88.5% | lr: 8.00e-05 | 1.8s
  에폭 1155/4000 | 손실: 0.1905 | 검증손실: 0.3211 | 학습: 98.2% | 검증: 88.4% | lr: 8.00e-05 | 1.7s
  에폭 1156/4000 | 손실: 0.1953 | 검증손실: 0.3142 | 학습: 98.4% | 검증: 88.5% | lr: 8.00e-05 | 1.8s
  에폭 1157/4000 | 손실: 0.1948 | 검증손실: 0.3091 | 학습: 98.5% | 검증: 88.4% | lr: 8.00e-05 | 1.8s
  에폭 1158/4000 | 손실: 0.1939 | 검증손실: 0.3148 | 학습: 98.4% | 검증: 88.4% | lr: 8.00e-05 | 1.8s
  에폭 1159/4000 | 손실: 0.2001 | 검증손실: 0.3189 | 학습: 98.4% | 검증: 88.1% | lr: 8.00e-05 | 1.8s
  에폭 1160/4000 | 손실: 0.1986 | 검증손실: 0.3078 | 학습: 98.6% | 검증: 88.8% | lr: 8.00e-05 | 1.9s
  에폭 1161/4000 | 손실: 0.1917 | 검증손실: 0.3023 | 학습: 98.5% | 검증: 88.7% | lr: 8.00e-05 | 1.8s
  에폭 1162/4000 | 손실: 0.1990 | 검증손실: 0.3059 | 학습: 98.5% | 검증: 88.7% | lr: 8.00e-05 | 1.7s
  에폭 1163/4000 | 손실: 0.1939 | 검증손실: 0.3055 | 학습: 98.5% | 검증: 88.3% | lr: 8.00e-05 | 1.8s
  에폭 1164/4000 | 손실: 0.1972 | 검증손실: 0.3091 | 학습: 98.5% | 검증: 88.6% | lr: 8.00e-05 | 1.8s
  에폭 1165/4000 | 손실: 0.1968 | 검증손실: 0.3189 | 학습: 98.5% | 검증: 88.1% | lr: 8.00e-05 | 1.7s
  에폭 1166/4000 | 손실: 0.1977 | 검증손실: 0.3089 | 학습: 98.1% | 검증: 88.2% | lr: 8.00e-05 | 1.8s
  에폭 1167/4000 | 손실: 0.1908 | 검증손실: 0.2985 | 학습: 98.4% | 검증: 89.3% | lr: 8.00e-05 | 1.8s ★
  에폭 1168/4000 | 손실: 0.1972 | 검증손실: 0.3172 | 학습: 98.5% | 검증: 88.5% | lr: 8.00e-05 | 1.7s
  에폭 1169/4000 | 손실: 0.2030 | 검증손실: 0.3123 | 학습: 98.6% | 검증: 88.7% | lr: 8.00e-05 | 1.8s
  에폭 1170/4000 | 손실: 0.1923 | 검증손실: 0.3081 | 학습: 98.5% | 검증: 88.7% | lr: 8.00e-05 | 1.8s
  에폭 1171/4000 | 손실: 0.1940 | 검증손실: 0.3159 | 학습: 98.5% | 검증: 88.4% | lr: 8.00e-05 | 1.8s
  에폭 1172/4000 | 손실: 0.2017 | 검증손실: 0.3070 | 학습: 98.4% | 검증: 88.7% | lr: 8.00e-05 | 1.8s
  에폭 1173/4000 | 손실: 0.1956 | 검증손실: 0.2991 | 학습: 98.4% | 검증: 88.5% | lr: 8.00e-05 | 1.8s
  에폭 1174/4000 | 손실: 0.1911 | 검증손실: 0.3114 | 학습: 98.4% | 검증: 88.6% | lr: 8.00e-05 | 1.8s
  에폭 1175/4000 | 손실: 0.1976 | 검증손실: 0.3123 | 학습: 98.4% | 검증: 88.1% | lr: 8.00e-05 | 1.8s
  에폭 1176/4000 | 손실: 0.1954 | 검증손실: 0.3015 | 학습: 98.5% | 검증: 88.8% | lr: 8.00e-05 | 1.8s
  에폭 1177/4000 | 손실: 0.1955 | 검증손실: 0.3074 | 학습: 98.5% | 검증: 88.7% | lr: 8.00e-05 | 1.8s
  에폭 1178/4000 | 손실: 0.1895 | 검증손실: 0.3085 | 학습: 98.4% | 검증: 88.4% | lr: 8.00e-05 | 1.8s
  에폭 1179/4000 | 손실: 0.1971 | 검증손실: 0.3080 | 학습: 98.4% | 검증: 88.5% | lr: 8.00e-05 | 1.9s
  에폭 1180/4000 | 손실: 0.1927 | 검증손실: 0.3119 | 학습: 98.3% | 검증: 88.5% | lr: 8.00e-05 | 1.8s
  에폭 1181/4000 | 손실: 0.1942 | 검증손실: 0.3154 | 학습: 98.5% | 검증: 88.4% | lr: 8.00e-05 | 1.8s
  에폭 1182/4000 | 손실: 0.1966 | 검증손실: 0.3089 | 학습: 98.5% | 검증: 88.7% | lr: 8.00e-05 | 1.8s
  에폭 1183/4000 | 손실: 0.1922 | 검증손실: 0.3166 | 학습: 98.4% | 검증: 88.4% | lr: 8.00e-05 | 1.9s
  에폭 1184/4000 | 손실: 0.1944 | 검증손실: 0.3105 | 학습: 98.3% | 검증: 88.5% | lr: 8.00e-05 | 1.8s
  에폭 1185/4000 | 손실: 0.1933 | 검증손실: 0.3138 | 학습: 98.5% | 검증: 88.3% | lr: 8.00e-05 | 1.8s
  에폭 1186/4000 | 손실: 0.2022 | 검증손실: 0.3044 | 학습: 98.5% | 검증: 88.6% | lr: 8.00e-05 | 1.7s
  에폭 1187/4000 | 손실: 0.1976 | 검증손실: 0.3051 | 학습: 98.2% | 검증: 88.4% | lr: 8.00e-05 | 1.9s
  에폭 1188/4000 | 손실: 0.1925 | 검증손실: 0.3239 | 학습: 98.4% | 검증: 88.2% | lr: 8.00e-05 | 2.0s
  에폭 1189/4000 | 손실: 0.1913 | 검증손실: 0.2979 | 학습: 98.5% | 검증: 88.5% | lr: 8.00e-05 | 1.9s
  에폭 1190/4000 | 손실: 0.1972 | 검증손실: 0.3123 | 학습: 98.4% | 검증: 88.4% | lr: 8.00e-05 | 1.9s
  에폭 1191/4000 | 손실: 0.1978 | 검증손실: 0.3257 | 학습: 98.2% | 검증: 88.1% | lr: 8.00e-05 | 1.9s
  에폭 1192/4000 | 손실: 0.1977 | 검증손실: 0.3111 | 학습: 98.5% | 검증: 88.6% | lr: 8.00e-05 | 1.9s
  에폭 1193/4000 | 손실: 0.2019 | 검증손실: 0.3167 | 학습: 98.4% | 검증: 88.4% | lr: 8.00e-05 | 1.9s
  에폭 1194/4000 | 손실: 0.1957 | 검증손실: 0.3123 | 학습: 98.6% | 검증: 88.4% | lr: 8.00e-05 | 1.9s
  에폭 1195/4000 | 손실: 0.1898 | 검증손실: 0.3184 | 학습: 98.5% | 검증: 88.6% | lr: 8.00e-05 | 1.8s
  에폭 1196/4000 | 손실: 0.1961 | 검증손실: 0.3168 | 학습: 98.5% | 검증: 88.5% | lr: 8.00e-05 | 1.8s
  에폭 1197/4000 | 손실: 0.1911 | 검증손실: 0.3191 | 학습: 97.9% | 검증: 88.4% | lr: 8.00e-05 | 1.8s
  에폭 1198/4000 | 손실: 0.1886 | 검증손실: 0.3067 | 학습: 98.4% | 검증: 88.6% | lr: 8.00e-05 | 1.8s
  에폭 1199/4000 | 손실: 0.1846 | 검증손실: 0.3038 | 학습: 98.6% | 검증: 88.8% | lr: 8.00e-05 | 1.9s
  에폭 1200/4000 | 손실: 0.1923 | 검증손실: 0.3136 | 학습: 98.5% | 검증: 88.1% | lr: 8.00e-05 | 1.8s
  에폭 1201/4000 | 손실: 0.1934 | 검증손실: 0.3091 | 학습: 98.3% | 검증: 88.2% | lr: 8.00e-05 | 1.7s
  에폭 1202/4000 | 손실: 0.1896 | 검증손실: 0.3098 | 학습: 98.5% | 검증: 88.4% | lr: 8.00e-05 | 1.9s
  에폭 1203/4000 | 손실: 0.1943 | 검증손실: 0.2965 | 학습: 98.5% | 검증: 88.6% | lr: 8.00e-05 | 1.8s
  에폭 1204/4000 | 손실: 0.1969 | 검증손실: 0.3069 | 학습: 98.5% | 검증: 88.3% | lr: 8.00e-05 | 1.7s
  에폭 1205/4000 | 손실: 0.1920 | 검증손실: 0.3076 | 학습: 98.5% | 검증: 88.6% | lr: 8.00e-05 | 1.7s
  에폭 1206/4000 | 손실: 0.1961 | 검증손실: 0.3010 | 학습: 98.4% | 검증: 88.7% | lr: 8.00e-05 | 1.7s
  에폭 1207/4000 | 손실: 0.1888 | 검증손실: 0.3036 | 학습: 98.5% | 검증: 88.7% | lr: 8.00e-05 | 1.8s
  에폭 1208/4000 | 손실: 0.1949 | 검증손실: 0.3125 | 학습: 98.5% | 검증: 89.1% | lr: 8.00e-05 | 1.8s
  에폭 1209/4000 | 손실: 0.1892 | 검증손실: 0.3090 | 학습: 98.4% | 검증: 88.4% | lr: 8.00e-05 | 1.7s
  에폭 1210/4000 | 손실: 0.1881 | 검증손실: 0.3306 | 학습: 98.2% | 검증: 87.7% | lr: 8.00e-05 | 1.7s
  에폭 1211/4000 | 손실: 0.1888 | 검증손실: 0.3162 | 학습: 98.6% | 검증: 88.6% | lr: 8.00e-05 | 1.8s
  에폭 1212/4000 | 손실: 0.1944 | 검증손실: 0.3023 | 학습: 98.3% | 검증: 88.4% | lr: 8.00e-05 | 1.9s
  에폭 1213/4000 | 손실: 0.1933 | 검증손실: 0.3025 | 학습: 98.4% | 검증: 88.8% | lr: 8.00e-05 | 1.9s
  에폭 1214/4000 | 손실: 0.1925 | 검증손실: 0.3139 | 학습: 98.3% | 검증: 88.5% | lr: 8.00e-05 | 1.8s
  에폭 1215/4000 | 손실: 0.1931 | 검증손실: 0.3004 | 학습: 98.5% | 검증: 88.2% | lr: 8.00e-05 | 1.8s
  에폭 1216/4000 | 손실: 0.1933 | 검증손실: 0.3026 | 학습: 98.6% | 검증: 88.7% | lr: 8.00e-05 | 1.8s
  에폭 1217/4000 | 손실: 0.1920 | 검증손실: 0.3099 | 학습: 98.5% | 검증: 88.5% | lr: 8.00e-05 | 1.7s
  에폭 1218/4000 | 손실: 0.1977 | 검증손실: 0.3108 | 학습: 98.6% | 검증: 88.9% | lr: 8.00e-05 | 1.6s
  에폭 1219/4000 | 손실: 0.1876 | 검증손실: 0.3080 | 학습: 98.6% | 검증: 88.7% | lr: 8.00e-05 | 1.7s
  에폭 1220/4000 | 손실: 0.1924 | 검증손실: 0.3080 | 학습: 98.8% | 검증: 88.9% | lr: 8.00e-05 | 1.6s
  에폭 1221/4000 | 손실: 0.1923 | 검증손실: 0.3130 | 학습: 98.5% | 검증: 88.5% | lr: 8.00e-05 | 1.7s
  에폭 1222/4000 | 손실: 0.1925 | 검증손실: 0.3250 | 학습: 98.5% | 검증: 88.6% | lr: 8.00e-05 | 1.6s
  에폭 1223/4000 | 손실: 0.1906 | 검증손실: 0.3190 | 학습: 98.5% | 검증: 88.6% | lr: 8.00e-05 | 1.6s
  에폭 1224/4000 | 손실: 0.1918 | 검증손실: 0.3003 | 학습: 98.6% | 검증: 88.7% | lr: 8.00e-05 | 1.6s
  에폭 1225/4000 | 손실: 0.1947 | 검증손실: 0.3148 | 학습: 98.7% | 검증: 88.5% | lr: 8.00e-05 | 1.7s
  에폭 1226/4000 | 손실: 0.1922 | 검증손실: 0.3103 | 학습: 98.5% | 검증: 88.3% | lr: 8.00e-05 | 1.7s
  에폭 1227/4000 | 손실: 0.1911 | 검증손실: 0.3101 | 학습: 98.3% | 검증: 88.4% | lr: 8.00e-05 | 1.7s
  에폭 1228/4000 | 손실: 0.1911 | 검증손실: 0.3120 | 학습: 98.6% | 검증: 88.3% | lr: 8.00e-05 | 2.1s
  에폭 1229/4000 | 손실: 0.1862 | 검증손실: 0.3201 | 학습: 98.3% | 검증: 87.8% | lr: 8.00e-05 | 2.0s
  에폭 1230/4000 | 손실: 0.1905 | 검증손실: 0.3040 | 학습: 98.6% | 검증: 88.8% | lr: 8.00e-05 | 1.9s
  에폭 1231/4000 | 손실: 0.1923 | 검증손실: 0.3142 | 학습: 98.6% | 검증: 88.7% | lr: 8.00e-05 | 1.6s
  에폭 1232/4000 | 손실: 0.1949 | 검증손실: 0.3099 | 학습: 98.6% | 검증: 88.8% | lr: 8.00e-05 | 1.7s
  에폭 1233/4000 | 손실: 0.1932 | 검증손실: 0.3122 | 학습: 98.4% | 검증: 88.3% | lr: 8.00e-05 | 1.7s
  에폭 1234/4000 | 손실: 0.1915 | 검증손실: 0.3094 | 학습: 98.6% | 검증: 88.4% | lr: 8.00e-05 | 1.9s
  에폭 1235/4000 | 손실: 0.1936 | 검증손실: 0.3074 | 학습: 98.6% | 검증: 88.9% | lr: 8.00e-05 | 1.6s
  에폭 1236/4000 | 손실: 0.1913 | 검증손실: 0.3140 | 학습: 98.4% | 검증: 88.2% | lr: 8.00e-05 | 1.7s
  에폭 1237/4000 | 손실: 0.1933 | 검증손실: 0.3082 | 학습: 98.6% | 검증: 88.6% | lr: 8.00e-05 | 1.6s
  에폭 1238/4000 | 손실: 0.1855 | 검증손실: 0.3220 | 학습: 98.6% | 검증: 88.4% | lr: 8.00e-05 | 1.6s
  에폭 1239/4000 | 손실: 0.1921 | 검증손실: 0.3055 | 학습: 98.7% | 검증: 88.4% | lr: 8.00e-05 | 1.6s
  에폭 1240/4000 | 손실: 0.1941 | 검증손실: 0.3097 | 학습: 98.5% | 검증: 88.1% | lr: 8.00e-05 | 1.6s
  에폭 1241/4000 | 손실: 0.1918 | 검증손실: 0.3106 | 학습: 98.6% | 검증: 88.5% | lr: 8.00e-05 | 1.8s
  에폭 1242/4000 | 손실: 0.1958 | 검증손실: 0.3073 | 학습: 98.6% | 검증: 88.6% | lr: 8.00e-05 | 1.7s
  에폭 1243/4000 | 손실: 0.1903 | 검증손실: 0.3057 | 학습: 98.7% | 검증: 88.8% | lr: 8.00e-05 | 1.8s
  에폭 1244/4000 | 손실: 0.1882 | 검증손실: 0.3105 | 학습: 98.7% | 검증: 88.8% | lr: 8.00e-05 | 1.7s
  에폭 1245/4000 | 손실: 0.1923 | 검증손실: 0.3083 | 학습: 98.7% | 검증: 88.8% | lr: 8.00e-05 | 1.7s
  에폭 1246/4000 | 손실: 0.1933 | 검증손실: 0.3055 | 학습: 98.4% | 검증: 88.5% | lr: 8.00e-05 | 1.7s
  에폭 1247/4000 | 손실: 0.1867 | 검증손실: 0.2999 | 학습: 98.7% | 검증: 88.9% | lr: 8.00e-05 | 1.7s
  에폭 1248/4000 | 손실: 0.1880 | 검증손실: 0.3105 | 학습: 98.5% | 검증: 88.8% | lr: 8.00e-05 | 1.7s
  에폭 1249/4000 | 손실: 0.1918 | 검증손실: 0.3074 | 학습: 98.5% | 검증: 88.6% | lr: 8.00e-05 | 1.7s
  에폭 1250/4000 | 손실: 0.1905 | 검증손실: 0.3128 | 학습: 98.6% | 검증: 88.1% | lr: 8.00e-05 | 1.9s
  에폭 1251/4000 | 손실: 0.1908 | 검증손실: 0.3038 | 학습: 98.7% | 검증: 89.1% | lr: 8.00e-05 | 1.8s
  에폭 1252/4000 | 손실: 0.1928 | 검증손실: 0.3127 | 학습: 98.8% | 검증: 88.6% | lr: 8.00e-05 | 1.8s
  에폭 1253/4000 | 손실: 0.1890 | 검증손실: 0.3099 | 학습: 98.3% | 검증: 88.5% | lr: 8.00e-05 | 1.9s
  에폭 1254/4000 | 손실: 0.1899 | 검증손실: 0.3075 | 학습: 98.6% | 검증: 88.8% | lr: 8.00e-05 | 1.7s
  에폭 1255/4000 | 손실: 0.1899 | 검증손실: 0.3057 | 학습: 98.6% | 검증: 88.4% | lr: 8.00e-05 | 1.7s
  에폭 1256/4000 | 손실: 0.1890 | 검증손실: 0.3127 | 학습: 98.7% | 검증: 88.6% | lr: 8.00e-05 | 1.7s
  에폭 1257/4000 | 손실: 0.1875 | 검증손실: 0.3014 | 학습: 98.7% | 검증: 88.9% | lr: 8.00e-05 | 1.7s
  에폭 1258/4000 | 손실: 0.1875 | 검증손실: 0.3101 | 학습: 98.6% | 검증: 88.9% | lr: 8.00e-05 | 1.7s
  에폭 1259/4000 | 손실: 0.1936 | 검증손실: 0.3118 | 학습: 98.5% | 검증: 88.7% | lr: 8.00e-05 | 1.7s
  에폭 1260/4000 | 손실: 0.1844 | 검증손실: 0.3105 | 학습: 98.7% | 검증: 88.5% | lr: 8.00e-05 | 1.7s
  에폭 1261/4000 | 손실: 0.1867 | 검증손실: 0.3169 | 학습: 98.4% | 검증: 88.6% | lr: 8.00e-05 | 1.7s
  에폭 1262/4000 | 손실: 0.1903 | 검증손실: 0.3199 | 학습: 98.4% | 검증: 88.7% | lr: 8.00e-05 | 1.7s
  에폭 1263/4000 | 손실: 0.1869 | 검증손실: 0.3106 | 학습: 98.6% | 검증: 88.9% | lr: 8.00e-05 | 1.7s
  에폭 1264/4000 | 손실: 0.1829 | 검증손실: 0.3157 | 학습: 98.7% | 검증: 88.5% | lr: 8.00e-05 | 1.7s
  에폭 1265/4000 | 손실: 0.1952 | 검증손실: 0.3116 | 학습: 98.5% | 검증: 88.3% | lr: 8.00e-05 | 1.7s
  에폭 1266/4000 | 손실: 0.1857 | 검증손실: 0.3128 | 학습: 98.6% | 검증: 88.5% | lr: 8.00e-05 | 1.7s
  에폭 1267/4000 | 손실: 0.1865 | 검증손실: 0.3107 | 학습: 98.6% | 검증: 88.7% | lr: 8.00e-05 | 1.7s
  에폭 1268/4000 | 손실: 0.1937 | 검증손실: 0.3161 | 학습: 98.4% | 검증: 88.6% | lr: 8.00e-05 | 1.9s
  에폭 1269/4000 | 손실: 0.1904 | 검증손실: 0.3054 | 학습: 98.7% | 검증: 88.6% | lr: 8.00e-05 | 1.8s
  에폭 1270/4000 | 손실: 0.1875 | 검증손실: 0.3111 | 학습: 98.6% | 검증: 88.8% | lr: 8.00e-05 | 1.8s
  에폭 1271/4000 | 손실: 0.1872 | 검증손실: 0.3127 | 학습: 98.7% | 검증: 88.6% | lr: 8.00e-05 | 1.7s
  에폭 1272/4000 | 손실: 0.1931 | 검증손실: 0.3158 | 학습: 98.8% | 검증: 88.5% | lr: 8.00e-05 | 1.7s
  에폭 1273/4000 | 손실: 0.1901 | 검증손실: 0.3150 | 학습: 98.6% | 검증: 88.6% | lr: 8.00e-05 | 1.7s
  에폭 1274/4000 | 손실: 0.1852 | 검증손실: 0.3128 | 학습: 98.8% | 검증: 88.6% | lr: 8.00e-05 | 1.7s
  에폭 1275/4000 | 손실: 0.1958 | 검증손실: 0.3073 | 학습: 98.6% | 검증: 88.4% | lr: 8.00e-05 | 1.8s
  에폭 1276/4000 | 손실: 0.1885 | 검증손실: 0.3108 | 학습: 98.7% | 검증: 88.7% | lr: 8.00e-05 | 1.7s
  에폭 1277/4000 | 손실: 0.1963 | 검증손실: 0.3107 | 학습: 98.8% | 검증: 89.0% | lr: 8.00e-05 | 1.8s
  에폭 1278/4000 | 손실: 0.1884 | 검증손실: 0.2998 | 학습: 98.9% | 검증: 89.1% | lr: 8.00e-05 | 1.9s
  에폭 1279/4000 | 손실: 0.1867 | 검증손실: 0.3108 | 학습: 98.8% | 검증: 88.9% | lr: 8.00e-05 | 2.4s
  에폭 1280/4000 | 손실: 0.1877 | 검증손실: 0.3064 | 학습: 98.7% | 검증: 88.6% | lr: 8.00e-05 | 2.2s
  에폭 1281/4000 | 손실: 0.1903 | 검증손실: 0.3042 | 학습: 98.6% | 검증: 88.8% | lr: 8.00e-05 | 1.8s
  에폭 1282/4000 | 손실: 0.1862 | 검증손실: 0.3073 | 학습: 98.6% | 검증: 88.6% | lr: 8.00e-05 | 1.7s
  에폭 1283/4000 | 손실: 0.1866 | 검증손실: 0.3115 | 학습: 98.8% | 검증: 89.0% | lr: 8.00e-05 | 2.1s
  에폭 1284/4000 | 손실: 0.1861 | 검증손실: 0.3120 | 학습: 98.5% | 검증: 88.8% | lr: 8.00e-05 | 2.0s
  에폭 1285/4000 | 손실: 0.1857 | 검증손실: 0.3135 | 학습: 98.6% | 검증: 88.3% | lr: 8.00e-05 | 1.9s
  에폭 1286/4000 | 손실: 0.1885 | 검증손실: 0.3103 | 학습: 98.5% | 검증: 88.2% | lr: 8.00e-05 | 1.7s
  에폭 1287/4000 | 손실: 0.1892 | 검증손실: 0.3082 | 학습: 98.6% | 검증: 88.5% | lr: 8.00e-05 | 1.7s
  에폭 1288/4000 | 손실: 0.1888 | 검증손실: 0.3138 | 학습: 98.5% | 검증: 88.6% | lr: 8.00e-05 | 1.7s
  에폭 1289/4000 | 손실: 0.1926 | 검증손실: 0.3107 | 학습: 98.5% | 검증: 88.5% | lr: 8.00e-05 | 1.7s
  에폭 1290/4000 | 손실: 0.1879 | 검증손실: 0.3075 | 학습: 98.6% | 검증: 88.8% | lr: 8.00e-05 | 1.7s
  에폭 1291/4000 | 손실: 0.1946 | 검증손실: 0.3098 | 학습: 98.5% | 검증: 88.8% | lr: 8.00e-05 | 1.7s
  에폭 1292/4000 | 손실: 0.1887 | 검증손실: 0.3064 | 학습: 98.7% | 검증: 88.7% | lr: 8.00e-05 | 1.7s
  에폭 1293/4000 | 손실: 0.1885 | 검증손실: 0.3042 | 학습: 98.6% | 검증: 88.6% | lr: 8.00e-05 | 1.7s
  에폭 1294/4000 | 손실: 0.1921 | 검증손실: 0.3025 | 학습: 98.6% | 검증: 89.1% | lr: 8.00e-05 | 1.7s
  에폭 1295/4000 | 손실: 0.1882 | 검증손실: 0.3041 | 학습: 98.6% | 검증: 89.1% | lr: 8.00e-05 | 1.7s
  에폭 1296/4000 | 손실: 0.1905 | 검증손실: 0.3134 | 학습: 98.7% | 검증: 88.8% | lr: 8.00e-05 | 1.7s
  에폭 1297/4000 | 손실: 0.1859 | 검증손실: 0.3098 | 학습: 98.7% | 검증: 89.0% | lr: 8.00e-05 | 1.7s
  에폭 1298/4000 | 손실: 0.1830 | 검증손실: 0.3149 | 학습: 98.5% | 검증: 88.3% | lr: 8.00e-05 | 1.7s
  에폭 1299/4000 | 손실: 0.1914 | 검증손실: 0.3016 | 학습: 98.5% | 검증: 88.5% | lr: 8.00e-05 | 1.7s
  에폭 1300/4000 | 손실: 0.1899 | 검증손실: 0.3064 | 학습: 98.6% | 검증: 88.3% | lr: 8.00e-05 | 1.7s
  에폭 1301/4000 | 손실: 0.1885 | 검증손실: 0.3174 | 학습: 98.7% | 검증: 88.6% | lr: 8.00e-05 | 1.7s
  에폭 1302/4000 | 손실: 0.1919 | 검증손실: 0.3110 | 학습: 98.6% | 검증: 88.6% | lr: 8.00e-05 | 1.7s
  에폭 1303/4000 | 손실: 0.1878 | 검증손실: 0.3095 | 학습: 98.6% | 검증: 88.7% | lr: 8.00e-05 | 1.7s
  에폭 1304/4000 | 손실: 0.1864 | 검증손실: 0.3107 | 학습: 98.7% | 검증: 88.4% | lr: 8.00e-05 | 1.7s
  에폭 1305/4000 | 손실: 0.1864 | 검증손실: 0.3099 | 학습: 98.6% | 검증: 89.0% | lr: 8.00e-05 | 1.7s
  에폭 1306/4000 | 손실: 0.1836 | 검증손실: 0.3068 | 학습: 98.7% | 검증: 88.3% | lr: 8.00e-05 | 1.7s
  에폭 1307/4000 | 손실: 0.1946 | 검증손실: 0.3115 | 학습: 98.6% | 검증: 88.5% | lr: 8.00e-05 | 1.8s
  에폭 1308/4000 | 손실: 0.1833 | 검증손실: 0.3171 | 학습: 98.2% | 검증: 88.0% | lr: 8.00e-05 | 1.7s
  에폭 1309/4000 | 손실: 0.1907 | 검증손실: 0.3132 | 학습: 98.6% | 검증: 88.6% | lr: 8.00e-05 | 1.7s
  에폭 1310/4000 | 손실: 0.1849 | 검증손실: 0.3048 | 학습: 98.8% | 검증: 88.5% | lr: 8.00e-05 | 1.7s
  에폭 1311/4000 | 손실: 0.1879 | 검증손실: 0.3060 | 학습: 98.6% | 검증: 88.4% | lr: 8.00e-05 | 1.7s
  에폭 1312/4000 | 손실: 0.1910 | 검증손실: 0.3152 | 학습: 98.6% | 검증: 88.6% | lr: 8.00e-05 | 1.7s
  에폭 1313/4000 | 손실: 0.1877 | 검증손실: 0.3120 | 학습: 98.8% | 검증: 88.6% | lr: 8.00e-05 | 1.7s
  에폭 1314/4000 | 손실: 0.1848 | 검증손실: 0.3055 | 학습: 98.7% | 검증: 88.9% | lr: 8.00e-05 | 1.7s
  에폭 1315/4000 | 손실: 0.1895 | 검증손실: 0.3124 | 학습: 98.8% | 검증: 88.4% | lr: 8.00e-05 | 1.7s
  에폭 1316/4000 | 손실: 0.1823 | 검증손실: 0.3145 | 학습: 98.8% | 검증: 88.7% | lr: 8.00e-05 | 1.7s
  에폭 1317/4000 | 손실: 0.1860 | 검증손실: 0.3135 | 학습: 98.8% | 검증: 88.3% | lr: 8.00e-05 | 1.7s
  에폭 1318/4000 | 손실: 0.1895 | 검증손실: 0.3171 | 학습: 98.8% | 검증: 88.5% | lr: 8.00e-05 | 1.8s
  에폭 1319/4000 | 손실: 0.1926 | 검증손실: 0.3163 | 학습: 98.7% | 검증: 88.3% | lr: 8.00e-05 | 1.6s
  에폭 1320/4000 | 손실: 0.1886 | 검증손실: 0.3109 | 학습: 98.8% | 검증: 88.9% | lr: 8.00e-05 | 1.7s
  에폭 1321/4000 | 손실: 0.1885 | 검증손실: 0.3042 | 학습: 98.7% | 검증: 88.5% | lr: 8.00e-05 | 2.1s
  에폭 1322/4000 | 손실: 0.1887 | 검증손실: 0.3120 | 학습: 98.6% | 검증: 88.3% | lr: 8.00e-05 | 1.7s
  에폭 1323/4000 | 손실: 0.1825 | 검증손실: 0.3175 | 학습: 98.7% | 검증: 88.6% | lr: 8.00e-05 | 1.7s
  에폭 1324/4000 | 손실: 0.1834 | 검증손실: 0.2963 | 학습: 98.7% | 검증: 88.9% | lr: 8.00e-05 | 1.7s
  에폭 1325/4000 | 손실: 0.1938 | 검증손실: 0.3027 | 학습: 98.6% | 검증: 89.0% | lr: 8.00e-05 | 1.7s
  에폭 1326/4000 | 손실: 0.1926 | 검증손실: 0.3040 | 학습: 98.7% | 검증: 89.0% | lr: 8.00e-05 | 1.8s
  에폭 1327/4000 | 손실: 0.1866 | 검증손실: 0.3083 | 학습: 98.7% | 검증: 88.8% | lr: 8.00e-05 | 1.8s
  에폭 1328/4000 | 손실: 0.1895 | 검증손실: 0.3151 | 학습: 98.3% | 검증: 88.3% | lr: 8.00e-05 | 1.7s
  에폭 1329/4000 | 손실: 0.1828 | 검증손실: 0.3055 | 학습: 98.7% | 검증: 88.7% | lr: 8.00e-05 | 1.7s
  에폭 1330/4000 | 손실: 0.1909 | 검증손실: 0.3049 | 학습: 98.5% | 검증: 88.2% | lr: 8.00e-05 | 1.7s
  에폭 1331/4000 | 손실: 0.1859 | 검증손실: 0.3049 | 학습: 98.7% | 검증: 88.6% | lr: 8.00e-05 | 1.9s
  에폭 1332/4000 | 손실: 0.1918 | 검증손실: 0.3128 | 학습: 98.7% | 검증: 88.6% | lr: 8.00e-05 | 1.7s
  에폭 1333/4000 | 손실: 0.1831 | 검증손실: 0.3041 | 학습: 98.4% | 검증: 88.7% | lr: 8.00e-05 | 1.9s
  에폭 1334/4000 | 손실: 0.1857 | 검증손실: 0.3063 | 학습: 98.7% | 검증: 89.0% | lr: 8.00e-05 | 1.7s
  에폭 1335/4000 | 손실: 0.1890 | 검증손실: 0.3006 | 학습: 98.6% | 검증: 88.7% | lr: 8.00e-05 | 1.7s
  에폭 1336/4000 | 손실: 0.1950 | 검증손실: 0.3096 | 학습: 98.9% | 검증: 88.7% | lr: 8.00e-05 | 1.7s
  에폭 1337/4000 | 손실: 0.1829 | 검증손실: 0.3068 | 학습: 98.6% | 검증: 88.6% | lr: 8.00e-05 | 1.7s
  에폭 1338/4000 | 손실: 0.1868 | 검증손실: 0.3064 | 학습: 98.8% | 검증: 88.7% | lr: 8.00e-05 | 1.7s
  에폭 1339/4000 | 손실: 0.1845 | 검증손실: 0.3092 | 학습: 98.8% | 검증: 88.5% | lr: 8.00e-05 | 1.7s
  에폭 1340/4000 | 손실: 0.1849 | 검증손실: 0.3047 | 학습: 98.6% | 검증: 88.7% | lr: 8.00e-05 | 1.7s
  에폭 1341/4000 | 손실: 0.1826 | 검증손실: 0.3024 | 학습: 98.7% | 검증: 88.7% | lr: 8.00e-05 | 1.7s
  에폭 1342/4000 | 손실: 0.1893 | 검증손실: 0.3087 | 학습: 98.9% | 검증: 88.6% | lr: 8.00e-05 | 1.7s
  에폭 1343/4000 | 손실: 0.1882 | 검증손실: 0.3055 | 학습: 98.8% | 검증: 89.1% | lr: 8.00e-05 | 1.7s
  에폭 1344/4000 | 손실: 0.1880 | 검증손실: 0.3038 | 학습: 98.6% | 검증: 88.9% | lr: 8.00e-05 | 1.7s
  에폭 1345/4000 | 손실: 0.1816 | 검증손실: 0.3018 | 학습: 98.8% | 검증: 88.7% | lr: 8.00e-05 | 1.7s
  에폭 1346/4000 | 손실: 0.1881 | 검증손실: 0.3154 | 학습: 98.6% | 검증: 88.4% | lr: 8.00e-05 | 1.7s
  에폭 1347/4000 | 손실: 0.1882 | 검증손실: 0.3032 | 학습: 98.6% | 검증: 89.1% | lr: 8.00e-05 | 1.7s
  에폭 1348/4000 | 손실: 0.1929 | 검증손실: 0.3154 | 학습: 98.7% | 검증: 88.6% | lr: 8.00e-05 | 1.7s
  에폭 1349/4000 | 손실: 0.1826 | 검증손실: 0.3052 | 학습: 98.7% | 검증: 88.9% | lr: 8.00e-05 | 1.6s
  에폭 1350/4000 | 손실: 0.1866 | 검증손실: 0.2993 | 학습: 98.7% | 검증: 88.7% | lr: 8.00e-05 | 1.7s
  에폭 1351/4000 | 손실: 0.1915 | 검증손실: 0.3103 | 학습: 98.8% | 검증: 88.8% | lr: 8.00e-05 | 1.7s
  에폭 1352/4000 | 손실: 0.1845 | 검증손실: 0.3056 | 학습: 98.6% | 검증: 89.1% | lr: 8.00e-05 | 1.6s
  에폭 1353/4000 | 손실: 0.1889 | 검증손실: 0.3083 | 학습: 98.8% | 검증: 88.7% | lr: 8.00e-05 | 1.7s
  에폭 1354/4000 | 손실: 0.1866 | 검증손실: 0.3114 | 학습: 98.7% | 검증: 88.7% | lr: 8.00e-05 | 1.7s
  에폭 1355/4000 | 손실: 0.1856 | 검증손실: 0.2984 | 학습: 98.7% | 검증: 88.7% | lr: 8.00e-05 | 1.7s
  에폭 1356/4000 | 손실: 0.1876 | 검증손실: 0.3065 | 학습: 98.8% | 검증: 89.0% | lr: 8.00e-05 | 1.7s
  에폭 1357/4000 | 손실: 0.1779 | 검증손실: 0.3067 | 학습: 98.8% | 검증: 88.9% | lr: 8.00e-05 | 1.7s
  에폭 1358/4000 | 손실: 0.1805 | 검증손실: 0.3047 | 학습: 98.8% | 검증: 89.0% | lr: 8.00e-05 | 1.7s
  에폭 1359/4000 | 손실: 0.1807 | 검증손실: 0.3020 | 학습: 98.8% | 검증: 89.0% | lr: 8.00e-05 | 1.7s
  에폭 1360/4000 | 손실: 0.1806 | 검증손실: 0.3114 | 학습: 98.8% | 검증: 88.6% | lr: 8.00e-05 | 1.7s
  에폭 1361/4000 | 손실: 0.1836 | 검증손실: 0.3158 | 학습: 98.5% | 검증: 88.7% | lr: 8.00e-05 | 1.7s
  에폭 1362/4000 | 손실: 0.1866 | 검증손실: 0.3136 | 학습: 98.6% | 검증: 88.2% | lr: 8.00e-05 | 1.7s
  에폭 1363/4000 | 손실: 0.1828 | 검증손실: 0.3175 | 학습: 98.5% | 검증: 88.4% | lr: 8.00e-05 | 1.7s
  에폭 1364/4000 | 손실: 0.1856 | 검증손실: 0.3126 | 학습: 98.9% | 검증: 88.9% | lr: 8.00e-05 | 1.8s
  에폭 1365/4000 | 손실: 0.1892 | 검증손실: 0.3071 | 학습: 98.6% | 검증: 88.7% | lr: 8.00e-05 | 2.1s
  에폭 1366/4000 | 손실: 0.1835 | 검증손실: 0.3119 | 학습: 98.7% | 검증: 88.8% | lr: 8.00e-05 | 2.0s
  에폭 1367/4000 | 손실: 0.1847 | 검증손실: 0.3137 | 학습: 98.8% | 검증: 88.8% | lr: 8.00e-05 | 1.8s
  에폭 1368/4000 | 손실: 0.1829 | 검증손실: 0.3204 | 학습: 98.6% | 검증: 88.5% | lr: 8.00e-05 | 1.8s
  에폭 1369/4000 | 손실: 0.1838 | 검증손실: 0.3137 | 학습: 98.7% | 검증: 88.7% | lr: 8.00e-05 | 2.2s
  에폭 1370/4000 | 손실: 0.1882 | 검증손실: 0.3127 | 학습: 98.8% | 검증: 88.6% | lr: 8.00e-05 | 2.2s
  에폭 1371/4000 | 손실: 0.1816 | 검증손실: 0.3098 | 학습: 98.7% | 검증: 89.0% | lr: 8.00e-05 | 1.8s
  에폭 1372/4000 | 손실: 0.1850 | 검증손실: 0.3041 | 학습: 98.8% | 검증: 88.8% | lr: 8.00e-05 | 1.7s
  에폭 1373/4000 | 손실: 0.1839 | 검증손실: 0.3119 | 학습: 98.8% | 검증: 88.9% | lr: 8.00e-05 | 1.7s
  에폭 1374/4000 | 손실: 0.1843 | 검증손실: 0.3117 | 학습: 98.8% | 검증: 88.8% | lr: 8.00e-05 | 1.7s
  에폭 1375/4000 | 손실: 0.1858 | 검증손실: 0.3064 | 학습: 98.6% | 검증: 88.9% | lr: 8.00e-05 | 1.8s
  에폭 1376/4000 | 손실: 0.1860 | 검증손실: 0.3136 | 학습: 98.9% | 검증: 88.8% | lr: 8.00e-05 | 1.8s
  에폭 1377/4000 | 손실: 0.1869 | 검증손실: 0.3085 | 학습: 98.7% | 검증: 88.6% | lr: 8.00e-05 | 1.8s
  에폭 1378/4000 | 손실: 0.1779 | 검증손실: 0.3087 | 학습: 98.8% | 검증: 88.8% | lr: 8.00e-05 | 1.7s
  에폭 1379/4000 | 손실: 0.1839 | 검증손실: 0.3226 | 학습: 98.7% | 검증: 88.5% | lr: 8.00e-05 | 1.8s
  에폭 1380/4000 | 손실: 0.1789 | 검증손실: 0.3076 | 학습: 98.9% | 검증: 88.8% | lr: 8.00e-05 | 1.8s
  에폭 1381/4000 | 손실: 0.1776 | 검증손실: 0.3034 | 학습: 98.8% | 검증: 88.9% | lr: 8.00e-05 | 1.9s
  에폭 1382/4000 | 손실: 0.1858 | 검증손실: 0.3085 | 학습: 98.9% | 검증: 88.9% | lr: 8.00e-05 | 2.1s
  에폭 1383/4000 | 손실: 0.1884 | 검증손실: 0.3060 | 학습: 98.7% | 검증: 88.5% | lr: 8.00e-05 | 1.7s
  에폭 1384/4000 | 손실: 0.1876 | 검증손실: 0.3143 | 학습: 98.9% | 검증: 88.9% | lr: 8.00e-05 | 1.7s
  에폭 1385/4000 | 손실: 0.1822 | 검증손실: 0.3159 | 학습: 98.6% | 검증: 88.8% | lr: 8.00e-05 | 1.9s
  에폭 1386/4000 | 손실: 0.1875 | 검증손실: 0.3045 | 학습: 98.8% | 검증: 88.9% | lr: 8.00e-05 | 1.9s
  에폭 1387/4000 | 손실: 0.1817 | 검증손실: 0.3111 | 학습: 98.8% | 검증: 88.8% | lr: 8.00e-05 | 1.8s
  에폭 1388/4000 | 손실: 0.1805 | 검증손실: 0.3081 | 학습: 98.8% | 검증: 88.9% | lr: 8.00e-05 | 1.6s
  에폭 1389/4000 | 손실: 0.1831 | 검증손실: 0.3073 | 학습: 98.8% | 검증: 88.6% | lr: 8.00e-05 | 1.6s
  에폭 1390/4000 | 손실: 0.1866 | 검증손실: 0.3080 | 학습: 98.8% | 검증: 88.8% | lr: 8.00e-05 | 1.7s
  에폭 1391/4000 | 손실: 0.1842 | 검증손실: 0.3055 | 학습: 98.8% | 검증: 88.4% | lr: 8.00e-05 | 1.8s
  에폭 1392/4000 | 손실: 0.1795 | 검증손실: 0.3058 | 학습: 98.8% | 검증: 89.0% | lr: 8.00e-05 | 1.7s
  에폭 1393/4000 | 손실: 0.1864 | 검증손실: 0.3067 | 학습: 98.9% | 검증: 89.0% | lr: 8.00e-05 | 1.7s
  에폭 1394/4000 | 손실: 0.1910 | 검증손실: 0.3104 | 학습: 98.8% | 검증: 88.7% | lr: 8.00e-05 | 1.6s
  에폭 1395/4000 | 손실: 0.1850 | 검증손실: 0.3124 | 학습: 98.8% | 검증: 88.9% | lr: 8.00e-05 | 1.6s
  에폭 1396/4000 | 손실: 0.1883 | 검증손실: 0.3150 | 학습: 98.9% | 검증: 88.7% | lr: 8.00e-05 | 1.6s
  에폭 1397/4000 | 손실: 0.1835 | 검증손실: 0.3110 | 학습: 98.8% | 검증: 88.6% | lr: 8.00e-05 | 1.7s
  에폭 1398/4000 | 손실: 0.1814 | 검증손실: 0.3042 | 학습: 98.8% | 검증: 88.6% | lr: 8.00e-05 | 1.6s
  에폭 1399/4000 | 손실: 0.1827 | 검증손실: 0.3139 | 학습: 98.8% | 검증: 88.5% | lr: 8.00e-05 | 1.6s
  에폭 1400/4000 | 손실: 0.1826 | 검증손실: 0.3109 | 학습: 98.8% | 검증: 88.9% | lr: 8.00e-05 | 1.6s
  에폭 1401/4000 | 손실: 0.1824 | 검증손실: 0.3025 | 학습: 98.8% | 검증: 88.7% | lr: 8.00e-05 | 1.6s
  에폭 1402/4000 | 손실: 0.1798 | 검증손실: 0.3061 | 학습: 98.7% | 검증: 88.7% | lr: 8.00e-05 | 1.6s
  에폭 1403/4000 | 손실: 0.1808 | 검증손실: 0.3159 | 학습: 98.9% | 검증: 88.3% | lr: 8.00e-05 | 1.6s
  에폭 1404/4000 | 손실: 0.1855 | 검증손실: 0.3090 | 학습: 98.9% | 검증: 88.7% | lr: 8.00e-05 | 1.6s
  에폭 1405/4000 | 손실: 0.1877 | 검증손실: 0.3046 | 학습: 98.7% | 검증: 88.9% | lr: 8.00e-05 | 1.6s
  에폭 1406/4000 | 손실: 0.1864 | 검증손실: 0.3127 | 학습: 98.9% | 검증: 89.0% | lr: 8.00e-05 | 1.6s
  에폭 1407/4000 | 손실: 0.1828 | 검증손실: 0.3135 | 학습: 98.8% | 검증: 88.5% | lr: 8.00e-05 | 1.7s
  에폭 1408/4000 | 손실: 0.1771 | 검증손실: 0.3022 | 학습: 98.8% | 검증: 89.1% | lr: 8.00e-05 | 1.6s
  에폭 1409/4000 | 손실: 0.1844 | 검증손실: 0.3047 | 학습: 98.9% | 검증: 89.0% | lr: 8.00e-05 | 1.6s
  에폭 1410/4000 | 손실: 0.1891 | 검증손실: 0.3154 | 학습: 98.8% | 검증: 88.4% | lr: 8.00e-05 | 1.6s
  에폭 1411/4000 | 손실: 0.1803 | 검증손실: 0.3091 | 학습: 98.8% | 검증: 89.0% | lr: 8.00e-05 | 1.6s
  에폭 1412/4000 | 손실: 0.1823 | 검증손실: 0.3062 | 학습: 98.9% | 검증: 88.7% | lr: 8.00e-05 | 1.7s
  에폭 1413/4000 | 손실: 0.1805 | 검증손실: 0.3065 | 학습: 99.0% | 검증: 88.9% | lr: 8.00e-05 | 1.7s
  에폭 1414/4000 | 손실: 0.1808 | 검증손실: 0.3097 | 학습: 98.8% | 검증: 89.0% | lr: 8.00e-05 | 1.7s
  에폭 1415/4000 | 손실: 0.1775 | 검증손실: 0.3063 | 학습: 98.8% | 검증: 89.1% | lr: 8.00e-05 | 1.7s
  에폭 1416/4000 | 손실: 0.1847 | 검증손실: 0.3121 | 학습: 98.7% | 검증: 88.3% | lr: 8.00e-05 | 1.7s
  에폭 1417/4000 | 손실: 0.1775 | 검증손실: 0.3077 | 학습: 98.8% | 검증: 88.7% | lr: 8.00e-05 | 1.7s
  에폭 1418/4000 | 손실: 0.1795 | 검증손실: 0.3090 | 학습: 98.9% | 검증: 89.1% | lr: 8.00e-05 | 1.7s
  에폭 1419/4000 | 손실: 0.1872 | 검증손실: 0.3076 | 학습: 98.7% | 검증: 88.7% | lr: 8.00e-05 | 1.7s
  에폭 1420/4000 | 손실: 0.1801 | 검증손실: 0.3143 | 학습: 98.8% | 검증: 88.4% | lr: 8.00e-05 | 1.7s
  에폭 1421/4000 | 손실: 0.1827 | 검증손실: 0.3087 | 학습: 98.8% | 검증: 88.9% | lr: 8.00e-05 | 1.7s
  에폭 1422/4000 | 손실: 0.1910 | 검증손실: 0.3175 | 학습: 98.7% | 검증: 88.5% | lr: 8.00e-05 | 1.6s
  에폭 1423/4000 | 손실: 0.1814 | 검증손실: 0.3091 | 학습: 97.7% | 검증: 88.1% | lr: 8.00e-05 | 2.5s
  에폭 1424/4000 | 손실: 0.1874 | 검증손실: 0.3019 | 학습: 98.9% | 검증: 88.9% | lr: 8.00e-05 | 2.0s
  에폭 1425/4000 | 손실: 0.1779 | 검증손실: 0.3041 | 학습: 98.7% | 검증: 88.6% | lr: 8.00e-05 | 2.0s
  에폭 1426/4000 | 손실: 0.1795 | 검증손실: 0.3089 | 학습: 98.8% | 검증: 89.0% | lr: 8.00e-05 | 1.6s
  에폭 1427/4000 | 손실: 0.1852 | 검증손실: 0.3046 | 학습: 98.9% | 검증: 89.0% | lr: 8.00e-05 | 1.5s
  에폭 1428/4000 | 손실: 0.1805 | 검증손실: 0.2996 | 학습: 98.9% | 검증: 88.8% | lr: 8.00e-05 | 1.6s
  에폭 1429/4000 | 손실: 0.1793 | 검증손실: 0.3075 | 학습: 98.9% | 검증: 88.7% | lr: 8.00e-05 | 1.7s
  에폭 1430/4000 | 손실: 0.1824 | 검증손실: 0.3211 | 학습: 98.6% | 검증: 88.6% | lr: 8.00e-05 | 1.9s
  에폭 1431/4000 | 손실: 0.1846 | 검증손실: 0.3109 | 학습: 98.9% | 검증: 88.9% | lr: 8.00e-05 | 1.9s
  에폭 1432/4000 | 손실: 0.1865 | 검증손실: 0.3046 | 학습: 98.7% | 검증: 88.7% | lr: 8.00e-05 | 1.8s
  에폭 1433/4000 | 손실: 0.1805 | 검증손실: 0.3024 | 학습: 98.8% | 검증: 88.8% | lr: 8.00e-05 | 1.5s
  에폭 1434/4000 | 손실: 0.1842 | 검증손실: 0.3075 | 학습: 98.7% | 검증: 88.5% | lr: 8.00e-05 | 1.5s
  에폭 1435/4000 | 손실: 0.1820 | 검증손실: 0.3088 | 학습: 98.9% | 검증: 88.8% | lr: 8.00e-05 | 1.6s
  에폭 1436/4000 | 손실: 0.1858 | 검증손실: 0.3104 | 학습: 98.9% | 검증: 89.1% | lr: 8.00e-05 | 1.6s
  에폭 1437/4000 | 손실: 0.1809 | 검증손실: 0.2994 | 학습: 98.8% | 검증: 88.8% | lr: 8.00e-05 | 1.6s
  에폭 1438/4000 | 손실: 0.1793 | 검증손실: 0.3030 | 학습: 98.5% | 검증: 88.6% | lr: 8.00e-05 | 1.5s
  에폭 1439/4000 | 손실: 0.1826 | 검증손실: 0.3011 | 학습: 98.9% | 검증: 88.6% | lr: 8.00e-05 | 1.5s
  에폭 1440/4000 | 손실: 0.1808 | 검증손실: 0.3159 | 학습: 98.8% | 검증: 88.6% | lr: 8.00e-05 | 1.5s
  에폭 1441/4000 | 손실: 0.1822 | 검증손실: 0.3089 | 학습: 98.9% | 검증: 88.7% | lr: 8.00e-05 | 1.5s
  에폭 1442/4000 | 손실: 0.1796 | 검증손실: 0.3032 | 학습: 99.0% | 검증: 89.0% | lr: 8.00e-05 | 1.6s
  에폭 1443/4000 | 손실: 0.1818 | 검증손실: 0.3098 | 학습: 98.9% | 검증: 88.7% | lr: 8.00e-05 | 1.5s
  에폭 1444/4000 | 손실: 0.1817 | 검증손실: 0.3013 | 학습: 98.8% | 검증: 88.9% | lr: 8.00e-05 | 1.5s
  에폭 1445/4000 | 손실: 0.1812 | 검증손실: 0.2988 | 학습: 98.8% | 검증: 89.2% | lr: 8.00e-05 | 1.5s
  에폭 1446/4000 | 손실: 0.1906 | 검증손실: 0.3013 | 학습: 98.9% | 검증: 89.1% | lr: 8.00e-05 | 1.5s
  에폭 1447/4000 | 손실: 0.1834 | 검증손실: 0.3104 | 학습: 98.9% | 검증: 88.9% | lr: 8.00e-05 | 1.5s
  에폭 1448/4000 | 손실: 0.1828 | 검증손실: 0.3017 | 학습: 99.0% | 검증: 89.0% | lr: 8.00e-05 | 1.6s
  에폭 1449/4000 | 손실: 0.1855 | 검증손실: 0.3143 | 학습: 98.7% | 검증: 88.5% | lr: 8.00e-05 | 1.5s
  에폭 1450/4000 | 손실: 0.1845 | 검증손실: 0.3135 | 학습: 98.8% | 검증: 88.6% | lr: 8.00e-05 | 1.5s
  에폭 1451/4000 | 손실: 0.1780 | 검증손실: 0.3071 | 학습: 98.9% | 검증: 88.6% | lr: 8.00e-05 | 1.5s
  에폭 1452/4000 | 손실: 0.1815 | 검증손실: 0.3059 | 학습: 98.9% | 검증: 88.9% | lr: 8.00e-05 | 1.5s
  에폭 1453/4000 | 손실: 0.1789 | 검증손실: 0.2994 | 학습: 98.9% | 검증: 88.9% | lr: 8.00e-05 | 1.5s
  에폭 1454/4000 | 손실: 0.1786 | 검증손실: 0.3072 | 학습: 98.9% | 검증: 89.0% | lr: 8.00e-05 | 1.5s
  에폭 1455/4000 | 손실: 0.1830 | 검증손실: 0.3099 | 학습: 98.9% | 검증: 88.8% | lr: 8.00e-05 | 1.6s
  에폭 1456/4000 | 손실: 0.1831 | 검증손실: 0.3092 | 학습: 98.6% | 검증: 88.6% | lr: 8.00e-05 | 1.5s
  에폭 1457/4000 | 손실: 0.1824 | 검증손실: 0.3035 | 학습: 98.8% | 검증: 89.0% | lr: 8.00e-05 | 1.5s
  에폭 1458/4000 | 손실: 0.1786 | 검증손실: 0.3086 | 학습: 98.9% | 검증: 89.0% | lr: 8.00e-05 | 1.5s
  에폭 1459/4000 | 손실: 0.1784 | 검증손실: 0.3102 | 학습: 99.0% | 검증: 88.8% | lr: 8.00e-05 | 1.6s
  에폭 1460/4000 | 손실: 0.1820 | 검증손실: 0.3002 | 학습: 98.8% | 검증: 88.9% | lr: 8.00e-05 | 1.5s
  에폭 1461/4000 | 손실: 0.1834 | 검증손실: 0.3115 | 학습: 98.9% | 검증: 88.7% | lr: 8.00e-05 | 1.5s
  에폭 1462/4000 | 손실: 0.1797 | 검증손실: 0.3059 | 학습: 98.6% | 검증: 88.5% | lr: 8.00e-05 | 1.5s
  에폭 1463/4000 | 손실: 0.1845 | 검증손실: 0.3098 | 학습: 98.3% | 검증: 88.7% | lr: 8.00e-05 | 1.5s
  에폭 1464/4000 | 손실: 0.1804 | 검증손실: 0.3051 | 학습: 99.0% | 검증: 88.9% | lr: 8.00e-05 | 1.5s
  에폭 1465/4000 | 손실: 0.1794 | 검증손실: 0.3106 | 학습: 98.6% | 검증: 88.7% | lr: 8.00e-05 | 1.5s
  에폭 1466/4000 | 손실: 0.1739 | 검증손실: 0.3015 | 학습: 98.7% | 검증: 88.8% | lr: 8.00e-05 | 1.5s
  에폭 1467/4000 | 손실: 0.1809 | 검증손실: 0.3142 | 학습: 98.9% | 검증: 88.7% | lr: 8.00e-05 | 1.5s
  에폭 1468/4000 | 손실: 0.1831 | 검증손실: 0.2966 | 학습: 98.9% | 검증: 88.9% | lr: 8.00e-05 | 1.5s
  에폭 1469/4000 | 손실: 0.1793 | 검증손실: 0.3115 | 학습: 98.8% | 검증: 88.9% | lr: 8.00e-05 | 1.6s
  에폭 1470/4000 | 손실: 0.1787 | 검증손실: 0.3115 | 학습: 98.9% | 검증: 88.8% | lr: 8.00e-05 | 1.5s
  에폭 1471/4000 | 손실: 0.1798 | 검증손실: 0.3086 | 학습: 98.8% | 검증: 88.5% | lr: 8.00e-05 | 1.5s
  에폭 1472/4000 | 손실: 0.1761 | 검증손실: 0.3038 | 학습: 98.8% | 검증: 88.9% | lr: 8.00e-05 | 1.5s
  에폭 1473/4000 | 손실: 0.1785 | 검증손실: 0.3115 | 학습: 99.0% | 검증: 88.9% | lr: 8.00e-05 | 1.6s
  에폭 1474/4000 | 손실: 0.1831 | 검증손실: 0.3244 | 학습: 98.6% | 검증: 88.3% | lr: 8.00e-05 | 1.5s
  에폭 1475/4000 | 손실: 0.1781 | 검증손실: 0.3153 | 학습: 99.1% | 검증: 88.6% | lr: 6.40e-05 | 1.6s
  에폭 1476/4000 | 손실: 0.1795 | 검증손실: 0.3063 | 학습: 99.0% | 검증: 88.9% | lr: 6.40e-05 | 1.6s
  에폭 1477/4000 | 손실: 0.1761 | 검증손실: 0.3177 | 학습: 99.0% | 검증: 88.6% | lr: 6.40e-05 | 1.6s
  에폭 1478/4000 | 손실: 0.1786 | 검증손실: 0.3126 | 학습: 98.9% | 검증: 89.3% | lr: 6.40e-05 | 1.5s
  에폭 1479/4000 | 손실: 0.1786 | 검증손실: 0.3142 | 학습: 98.8% | 검증: 89.0% | lr: 6.40e-05 | 1.5s
  에폭 1480/4000 | 손실: 0.1787 | 검증손실: 0.3160 | 학습: 98.8% | 검증: 88.6% | lr: 6.40e-05 | 1.5s
  에폭 1481/4000 | 손실: 0.1738 | 검증손실: 0.3062 | 학습: 98.9% | 검증: 89.0% | lr: 6.40e-05 | 1.5s
  에폭 1482/4000 | 손실: 0.1692 | 검증손실: 0.3118 | 학습: 98.9% | 검증: 88.9% | lr: 6.40e-05 | 1.5s
  에폭 1483/4000 | 손실: 0.1740 | 검증손실: 0.3028 | 학습: 99.1% | 검증: 89.2% | lr: 6.40e-05 | 1.5s
  에폭 1484/4000 | 손실: 0.1809 | 검증손실: 0.3067 | 학습: 99.0% | 검증: 88.8% | lr: 6.40e-05 | 1.6s
  에폭 1485/4000 | 손실: 0.1812 | 검증손실: 0.3102 | 학습: 98.9% | 검증: 89.0% | lr: 6.40e-05 | 1.6s
  에폭 1486/4000 | 손실: 0.1750 | 검증손실: 0.3105 | 학습: 99.1% | 검증: 88.7% | lr: 6.40e-05 | 1.6s
  에폭 1487/4000 | 손실: 0.1758 | 검증손실: 0.3089 | 학습: 99.0% | 검증: 88.8% | lr: 6.40e-05 | 1.6s
  에폭 1488/4000 | 손실: 0.1734 | 검증손실: 0.3148 | 학습: 99.0% | 검증: 89.1% | lr: 6.40e-05 | 1.6s
  에폭 1489/4000 | 손실: 0.1751 | 검증손실: 0.3138 | 학습: 99.0% | 검증: 89.0% | lr: 6.40e-05 | 1.6s
  에폭 1490/4000 | 손실: 0.1768 | 검증손실: 0.3031 | 학습: 99.0% | 검증: 88.9% | lr: 6.40e-05 | 1.6s
  에폭 1491/4000 | 손실: 0.1736 | 검증손실: 0.3137 | 학습: 98.9% | 검증: 88.9% | lr: 6.40e-05 | 1.5s
  에폭 1492/4000 | 손실: 0.1775 | 검증손실: 0.3136 | 학습: 99.0% | 검증: 88.8% | lr: 6.40e-05 | 1.6s
  에폭 1493/4000 | 손실: 0.1772 | 검증손실: 0.3120 | 학습: 98.9% | 검증: 88.6% | lr: 6.40e-05 | 1.6s
  에폭 1494/4000 | 손실: 0.1754 | 검증손실: 0.3165 | 학습: 98.9% | 검증: 88.6% | lr: 6.40e-05 | 1.6s
  에폭 1495/4000 | 손실: 0.1788 | 검증손실: 0.3123 | 학습: 98.9% | 검증: 89.4% | lr: 6.40e-05 | 1.5s ★
  에폭 1496/4000 | 손실: 0.1777 | 검증손실: 0.3065 | 학습: 99.0% | 검증: 89.1% | lr: 6.40e-05 | 1.6s
  에폭 1497/4000 | 손실: 0.1704 | 검증손실: 0.3105 | 학습: 98.8% | 검증: 88.9% | lr: 6.40e-05 | 1.6s
  에폭 1498/4000 | 손실: 0.1773 | 검증손실: 0.3056 | 학습: 98.6% | 검증: 88.9% | lr: 6.40e-05 | 1.5s
  에폭 1499/4000 | 손실: 0.1679 | 검증손실: 0.3129 | 학습: 99.0% | 검증: 89.3% | lr: 6.40e-05 | 1.6s
  에폭 1500/4000 | 손실: 0.1756 | 검증손실: 0.3065 | 학습: 98.8% | 검증: 88.7% | lr: 6.40e-05 | 1.6s
  에폭 1501/4000 | 손실: 0.1689 | 검증손실: 0.3015 | 학습: 99.0% | 검증: 89.1% | lr: 6.40e-05 | 1.6s
  에폭 1502/4000 | 손실: 0.1681 | 검증손실: 0.3068 | 학습: 99.1% | 검증: 89.1% | lr: 6.40e-05 | 1.6s
  에폭 1503/4000 | 손실: 0.1709 | 검증손실: 0.3106 | 학습: 99.0% | 검증: 89.3% | lr: 6.40e-05 | 1.5s
  에폭 1504/4000 | 손실: 0.1758 | 검증손실: 0.3077 | 학습: 99.1% | 검증: 89.2% | lr: 6.40e-05 | 1.6s
  에폭 1505/4000 | 손실: 0.1731 | 검증손실: 0.3062 | 학습: 99.0% | 검증: 88.8% | lr: 6.40e-05 | 1.6s
  에폭 1506/4000 | 손실: 0.1769 | 검증손실: 0.2980 | 학습: 99.1% | 검증: 89.1% | lr: 6.40e-05 | 1.5s
  에폭 1507/4000 | 손실: 0.1797 | 검증손실: 0.3051 | 학습: 98.9% | 검증: 89.2% | lr: 6.40e-05 | 1.5s
  에폭 1508/4000 | 손실: 0.1760 | 검증손실: 0.3075 | 학습: 99.0% | 검증: 88.9% | lr: 6.40e-05 | 1.5s
  에폭 1509/4000 | 손실: 0.1784 | 검증손실: 0.3008 | 학습: 99.0% | 검증: 88.8% | lr: 6.40e-05 | 1.5s
  에폭 1510/4000 | 손실: 0.1723 | 검증손실: 0.3131 | 학습: 99.0% | 검증: 89.1% | lr: 6.40e-05 | 1.5s
  에폭 1511/4000 | 손실: 0.1728 | 검증손실: 0.3125 | 학습: 99.0% | 검증: 89.1% | lr: 6.40e-05 | 1.5s
  에폭 1512/4000 | 손실: 0.1776 | 검증손실: 0.3115 | 학습: 99.0% | 검증: 89.2% | lr: 6.40e-05 | 1.6s
  에폭 1513/4000 | 손실: 0.1757 | 검증손실: 0.3131 | 학습: 98.9% | 검증: 88.8% | lr: 6.40e-05 | 1.6s
  에폭 1514/4000 | 손실: 0.1712 | 검증손실: 0.3066 | 학습: 99.0% | 검증: 89.2% | lr: 6.40e-05 | 1.6s
  에폭 1515/4000 | 손실: 0.1805 | 검증손실: 0.3070 | 학습: 98.9% | 검증: 88.7% | lr: 6.40e-05 | 1.6s
  에폭 1516/4000 | 손실: 0.1743 | 검증손실: 0.3143 | 학습: 99.0% | 검증: 88.9% | lr: 6.40e-05 | 1.6s
  에폭 1517/4000 | 손실: 0.1745 | 검증손실: 0.3017 | 학습: 99.1% | 검증: 89.1% | lr: 6.40e-05 | 1.6s
  에폭 1518/4000 | 손실: 0.1765 | 검증손실: 0.3089 | 학습: 99.2% | 검증: 89.4% | lr: 6.40e-05 | 1.6s ★
  에폭 1519/4000 | 손실: 0.1750 | 검증손실: 0.3077 | 학습: 99.1% | 검증: 88.8% | lr: 6.40e-05 | 1.6s
  에폭 1520/4000 | 손실: 0.1759 | 검증손실: 0.3065 | 학습: 99.0% | 검증: 89.2% | lr: 6.40e-05 | 1.5s
  에폭 1521/4000 | 손실: 0.1745 | 검증손실: 0.3129 | 학습: 99.1% | 검증: 89.1% | lr: 6.40e-05 | 1.6s
  에폭 1522/4000 | 손실: 0.1739 | 검증손실: 0.3102 | 학습: 99.1% | 검증: 89.0% | lr: 6.40e-05 | 1.5s
  에폭 1523/4000 | 손실: 0.1735 | 검증손실: 0.3112 | 학습: 99.0% | 검증: 89.1% | lr: 6.40e-05 | 1.5s
  에폭 1524/4000 | 손실: 0.1756 | 검증손실: 0.3042 | 학습: 99.1% | 검증: 89.2% | lr: 6.40e-05 | 1.6s
  에폭 1525/4000 | 손실: 0.1767 | 검증손실: 0.3078 | 학습: 99.0% | 검증: 89.0% | lr: 6.40e-05 | 1.6s
  에폭 1526/4000 | 손실: 0.1737 | 검증손실: 0.3018 | 학습: 98.9% | 검증: 89.2% | lr: 6.40e-05 | 1.6s
  에폭 1527/4000 | 손실: 0.1743 | 검증손실: 0.3064 | 학습: 99.0% | 검증: 89.1% | lr: 6.40e-05 | 1.6s
  에폭 1528/4000 | 손실: 0.1742 | 검증손실: 0.3061 | 학습: 99.1% | 검증: 89.1% | lr: 6.40e-05 | 1.6s
  에폭 1529/4000 | 손실: 0.1747 | 검증손실: 0.3209 | 학습: 98.9% | 검증: 88.9% | lr: 6.40e-05 | 1.6s
  에폭 1530/4000 | 손실: 0.1758 | 검증손실: 0.3118 | 학습: 99.1% | 검증: 89.3% | lr: 6.40e-05 | 2.7s
  에폭 1531/4000 | 손실: 0.1692 | 검증손실: 0.3077 | 학습: 99.0% | 검증: 89.2% | lr: 6.40e-05 | 2.3s
  에폭 1532/4000 | 손실: 0.1691 | 검증손실: 0.3066 | 학습: 99.0% | 검증: 89.6% | lr: 6.40e-05 | 1.8s ★
  에폭 1533/4000 | 손실: 0.1718 | 검증손실: 0.3094 | 학습: 99.1% | 검증: 89.1% | lr: 6.40e-05 | 2.0s
  에폭 1534/4000 | 손실: 0.1730 | 검증손실: 0.3131 | 학습: 99.1% | 검증: 89.2% | lr: 6.40e-05 | 2.0s
  에폭 1535/4000 | 손실: 0.1765 | 검증손실: 0.3120 | 학습: 99.1% | 검증: 89.1% | lr: 6.40e-05 | 1.8s
  에폭 1536/4000 | 손실: 0.1779 | 검증손실: 0.3147 | 학습: 99.0% | 검증: 88.8% | lr: 6.40e-05 | 1.6s
  에폭 1537/4000 | 손실: 0.1761 | 검증손실: 0.3126 | 학습: 99.0% | 검증: 88.6% | lr: 6.40e-05 | 1.6s
  에폭 1538/4000 | 손실: 0.1711 | 검증손실: 0.3101 | 학습: 99.1% | 검증: 89.3% | lr: 6.40e-05 | 1.6s
  에폭 1539/4000 | 손실: 0.1795 | 검증손실: 0.3097 | 학습: 99.1% | 검증: 89.1% | lr: 6.40e-05 | 1.6s
  에폭 1540/4000 | 손실: 0.1753 | 검증손실: 0.3087 | 학습: 99.0% | 검증: 88.9% | lr: 6.40e-05 | 1.6s
  에폭 1541/4000 | 손실: 0.1672 | 검증손실: 0.3097 | 학습: 99.0% | 검증: 89.0% | lr: 6.40e-05 | 1.6s
  에폭 1542/4000 | 손실: 0.1705 | 검증손실: 0.3072 | 학습: 99.0% | 검증: 89.2% | lr: 6.40e-05 | 1.5s
  에폭 1543/4000 | 손실: 0.1739 | 검증손실: 0.3245 | 학습: 98.9% | 검증: 88.9% | lr: 6.40e-05 | 1.5s
  에폭 1544/4000 | 손실: 0.1736 | 검증손실: 0.3015 | 학습: 99.1% | 검증: 89.4% | lr: 6.40e-05 | 1.5s
  에폭 1545/4000 | 손실: 0.1746 | 검증손실: 0.3019 | 학습: 99.0% | 검증: 89.2% | lr: 6.40e-05 | 1.5s
  에폭 1546/4000 | 손실: 0.1742 | 검증손실: 0.3067 | 학습: 99.1% | 검증: 89.1% | lr: 6.40e-05 | 1.6s
  에폭 1547/4000 | 손실: 0.1706 | 검증손실: 0.3089 | 학습: 99.1% | 검증: 89.0% | lr: 6.40e-05 | 1.5s
  에폭 1548/4000 | 손실: 0.1738 | 검증손실: 0.3078 | 학습: 99.1% | 검증: 89.0% | lr: 6.40e-05 | 1.6s
  에폭 1549/4000 | 손실: 0.1710 | 검증손실: 0.3117 | 학습: 99.1% | 검증: 89.3% | lr: 6.40e-05 | 1.6s
  에폭 1550/4000 | 손실: 0.1733 | 검증손실: 0.3139 | 학습: 99.2% | 검증: 89.0% | lr: 6.40e-05 | 1.5s
  에폭 1551/4000 | 손실: 0.1717 | 검증손실: 0.3052 | 학습: 99.1% | 검증: 89.3% | lr: 6.40e-05 | 1.5s
  에폭 1552/4000 | 손실: 0.1748 | 검증손실: 0.3107 | 학습: 99.1% | 검증: 89.0% | lr: 6.40e-05 | 1.5s
  에폭 1553/4000 | 손실: 0.1775 | 검증손실: 0.3077 | 학습: 99.0% | 검증: 88.9% | lr: 6.40e-05 | 1.5s
  에폭 1554/4000 | 손실: 0.1662 | 검증손실: 0.3115 | 학습: 99.1% | 검증: 89.1% | lr: 6.40e-05 | 1.6s
  에폭 1555/4000 | 손실: 0.1794 | 검증손실: 0.3163 | 학습: 99.0% | 검증: 89.0% | lr: 6.40e-05 | 1.5s
  에폭 1556/4000 | 손실: 0.1683 | 검증손실: 0.3088 | 학습: 99.0% | 검증: 89.0% | lr: 6.40e-05 | 1.5s
  에폭 1557/4000 | 손실: 0.1713 | 검증손실: 0.3025 | 학습: 99.1% | 검증: 89.1% | lr: 6.40e-05 | 1.5s
  에폭 1558/4000 | 손실: 0.1676 | 검증손실: 0.3091 | 학습: 99.1% | 검증: 88.8% | lr: 6.40e-05 | 1.5s
  에폭 1559/4000 | 손실: 0.1774 | 검증손실: 0.3134 | 학습: 99.0% | 검증: 88.8% | lr: 6.40e-05 | 1.6s
  에폭 1560/4000 | 손실: 0.1719 | 검증손실: 0.3090 | 학습: 99.0% | 검증: 89.0% | lr: 6.40e-05 | 1.5s
  에폭 1561/4000 | 손실: 0.1727 | 검증손실: 0.3076 | 학습: 99.1% | 검증: 89.3% | lr: 6.40e-05 | 1.5s
  에폭 1562/4000 | 손실: 0.1732 | 검증손실: 0.3019 | 학습: 99.0% | 검증: 89.2% | lr: 6.40e-05 | 1.5s
  에폭 1563/4000 | 손실: 0.1728 | 검증손실: 0.3047 | 학습: 99.1% | 검증: 89.1% | lr: 6.40e-05 | 1.5s
  에폭 1564/4000 | 손실: 0.1717 | 검증손실: 0.3026 | 학습: 99.0% | 검증: 89.1% | lr: 6.40e-05 | 1.5s
  에폭 1565/4000 | 손실: 0.1736 | 검증손실: 0.3063 | 학습: 99.0% | 검증: 89.4% | lr: 6.40e-05 | 1.6s
  에폭 1566/4000 | 손실: 0.1778 | 검증손실: 0.3045 | 학습: 99.0% | 검증: 88.9% | lr: 6.40e-05 | 1.6s
  에폭 1567/4000 | 손실: 0.1828 | 검증손실: 0.3138 | 학습: 99.0% | 검증: 88.9% | lr: 6.40e-05 | 1.6s
  에폭 1568/4000 | 손실: 0.1757 | 검증손실: 0.3056 | 학습: 99.0% | 검증: 89.1% | lr: 6.40e-05 | 1.6s
  에폭 1569/4000 | 손실: 0.1734 | 검증손실: 0.3008 | 학습: 99.1% | 검증: 89.4% | lr: 6.40e-05 | 1.6s
  에폭 1570/4000 | 손실: 0.1724 | 검증손실: 0.3105 | 학습: 99.0% | 검증: 89.0% | lr: 6.40e-05 | 1.5s
  에폭 1571/4000 | 손실: 0.1698 | 검증손실: 0.3044 | 학습: 99.0% | 검증: 89.0% | lr: 6.40e-05 | 1.5s
  에폭 1572/4000 | 손실: 0.1782 | 검증손실: 0.3198 | 학습: 98.8% | 검증: 88.8% | lr: 6.40e-05 | 1.5s
  에폭 1573/4000 | 손실: 0.1760 | 검증손실: 0.3073 | 학습: 99.1% | 검증: 89.0% | lr: 6.40e-05 | 1.5s
  에폭 1574/4000 | 손실: 0.1712 | 검증손실: 0.3049 | 학습: 99.0% | 검증: 89.2% | lr: 6.40e-05 | 1.5s
  에폭 1575/4000 | 손실: 0.1785 | 검증손실: 0.3111 | 학습: 99.0% | 검증: 88.9% | lr: 6.40e-05 | 1.5s
  에폭 1576/4000 | 손실: 0.1724 | 검증손실: 0.3045 | 학습: 99.2% | 검증: 89.3% | lr: 6.40e-05 | 1.5s
  에폭 1577/4000 | 손실: 0.1711 | 검증손실: 0.3118 | 학습: 99.1% | 검증: 89.4% | lr: 6.40e-05 | 1.5s
  에폭 1578/4000 | 손실: 0.1711 | 검증손실: 0.3074 | 학습: 99.1% | 검증: 89.4% | lr: 6.40e-05 | 1.5s
  에폭 1579/4000 | 손실: 0.1718 | 검증손실: 0.3058 | 학습: 99.2% | 검증: 89.3% | lr: 6.40e-05 | 1.5s
  에폭 1580/4000 | 손실: 0.1749 | 검증손실: 0.3027 | 학습: 99.0% | 검증: 89.1% | lr: 6.40e-05 | 1.6s
  에폭 1581/4000 | 손실: 0.1679 | 검증손실: 0.3124 | 학습: 99.0% | 검증: 89.3% | lr: 6.40e-05 | 1.6s
  에폭 1582/4000 | 손실: 0.1774 | 검증손실: 0.3041 | 학습: 99.1% | 검증: 89.3% | lr: 6.40e-05 | 1.5s
  에폭 1583/4000 | 손실: 0.1701 | 검증손실: 0.3075 | 학습: 99.0% | 검증: 89.1% | lr: 6.40e-05 | 1.5s
  에폭 1584/4000 | 손실: 0.1754 | 검증손실: 0.3058 | 학습: 99.2% | 검증: 89.1% | lr: 6.40e-05 | 1.5s
  에폭 1585/4000 | 손실: 0.1763 | 검증손실: 0.3092 | 학습: 99.1% | 검증: 89.0% | lr: 6.40e-05 | 1.5s
  에폭 1586/4000 | 손실: 0.1645 | 검증손실: 0.3064 | 학습: 99.1% | 검증: 89.3% | lr: 6.40e-05 | 1.6s
  에폭 1587/4000 | 손실: 0.1738 | 검증손실: 0.3039 | 학습: 99.1% | 검증: 89.2% | lr: 6.40e-05 | 1.5s
  에폭 1588/4000 | 손실: 0.1738 | 검증손실: 0.3031 | 학습: 99.1% | 검증: 89.1% | lr: 6.40e-05 | 1.6s
  에폭 1589/4000 | 손실: 0.1702 | 검증손실: 0.2975 | 학습: 99.0% | 검증: 89.0% | lr: 6.40e-05 | 1.6s
  에폭 1590/4000 | 손실: 0.1705 | 검증손실: 0.3024 | 학습: 99.1% | 검증: 89.3% | lr: 6.40e-05 | 1.5s
  에폭 1591/4000 | 손실: 0.1701 | 검증손실: 0.3067 | 학습: 99.0% | 검증: 89.2% | lr: 6.40e-05 | 1.6s
  에폭 1592/4000 | 손실: 0.1778 | 검증손실: 0.2985 | 학습: 99.1% | 검증: 89.5% | lr: 6.40e-05 | 1.5s
  에폭 1593/4000 | 손실: 0.1712 | 검증손실: 0.3005 | 학습: 99.1% | 검증: 89.2% | lr: 6.40e-05 | 1.6s
  에폭 1594/4000 | 손실: 0.1709 | 검증손실: 0.3044 | 학습: 99.1% | 검증: 89.2% | lr: 6.40e-05 | 1.5s
  에폭 1595/4000 | 손실: 0.1751 | 검증손실: 0.3058 | 학습: 99.2% | 검증: 89.4% | lr: 6.40e-05 | 1.5s
  에폭 1596/4000 | 손실: 0.1708 | 검증손실: 0.3099 | 학습: 99.1% | 검증: 89.4% | lr: 6.40e-05 | 1.6s
  에폭 1597/4000 | 손실: 0.1703 | 검증손실: 0.3100 | 학습: 99.2% | 검증: 89.0% | lr: 6.40e-05 | 1.6s
  에폭 1598/4000 | 손실: 0.1676 | 검증손실: 0.2993 | 학습: 99.1% | 검증: 89.3% | lr: 6.40e-05 | 1.6s
  에폭 1599/4000 | 손실: 0.1775 | 검증손실: 0.3058 | 학습: 99.1% | 검증: 89.1% | lr: 6.40e-05 | 1.6s
  에폭 1600/4000 | 손실: 0.1702 | 검증손실: 0.3161 | 학습: 99.0% | 검증: 89.2% | lr: 6.40e-05 | 1.5s
  에폭 1601/4000 | 손실: 0.1675 | 검증손실: 0.3011 | 학습: 99.1% | 검증: 89.4% | lr: 6.40e-05 | 1.5s
  에폭 1602/4000 | 손실: 0.1737 | 검증손실: 0.3139 | 학습: 99.1% | 검증: 88.9% | lr: 6.40e-05 | 1.6s
  에폭 1603/4000 | 손실: 0.1687 | 검증손실: 0.3176 | 학습: 99.0% | 검증: 88.9% | lr: 6.40e-05 | 1.6s
  에폭 1604/4000 | 손실: 0.1731 | 검증손실: 0.3141 | 학습: 99.1% | 검증: 89.0% | lr: 6.40e-05 | 1.5s
  에폭 1605/4000 | 손실: 0.1721 | 검증손실: 0.3089 | 학습: 99.0% | 검증: 88.8% | lr: 6.40e-05 | 1.5s
  에폭 1606/4000 | 손실: 0.1694 | 검증손실: 0.3086 | 학습: 98.9% | 검증: 89.0% | lr: 6.40e-05 | 1.5s
  에폭 1607/4000 | 손실: 0.1742 | 검증손실: 0.3025 | 학습: 99.1% | 검증: 88.7% | lr: 6.40e-05 | 1.5s
  에폭 1608/4000 | 손실: 0.1680 | 검증손실: 0.3011 | 학습: 99.2% | 검증: 89.2% | lr: 6.40e-05 | 1.6s
  에폭 1609/4000 | 손실: 0.1752 | 검증손실: 0.3058 | 학습: 99.0% | 검증: 89.0% | lr: 6.40e-05 | 1.5s
  에폭 1610/4000 | 손실: 0.1705 | 검증손실: 0.3047 | 학습: 99.2% | 검증: 89.1% | lr: 6.40e-05 | 1.5s
  에폭 1611/4000 | 손실: 0.1692 | 검증손실: 0.3085 | 학습: 99.1% | 검증: 89.0% | lr: 6.40e-05 | 1.5s
  에폭 1612/4000 | 손실: 0.1688 | 검증손실: 0.3040 | 학습: 99.2% | 검증: 88.9% | lr: 6.40e-05 | 1.5s
  에폭 1613/4000 | 손실: 0.1691 | 검증손실: 0.3088 | 학습: 99.1% | 검증: 89.1% | lr: 6.40e-05 | 1.6s
  에폭 1614/4000 | 손실: 0.1760 | 검증손실: 0.3038 | 학습: 99.0% | 검증: 89.2% | lr: 6.40e-05 | 1.5s
  에폭 1615/4000 | 손실: 0.1723 | 검증손실: 0.3098 | 학습: 99.0% | 검증: 88.7% | lr: 6.40e-05 | 1.6s
  에폭 1616/4000 | 손실: 0.1685 | 검증손실: 0.3036 | 학습: 99.1% | 검증: 89.0% | lr: 6.40e-05 | 1.5s
  에폭 1617/4000 | 손실: 0.1719 | 검증손실: 0.3013 | 학습: 99.2% | 검증: 89.0% | lr: 6.40e-05 | 1.5s
  에폭 1618/4000 | 손실: 0.1712 | 검증손실: 0.2982 | 학습: 99.2% | 검증: 89.6% | lr: 6.40e-05 | 1.5s
  에폭 1619/4000 | 손실: 0.1676 | 검증손실: 0.3053 | 학습: 99.1% | 검증: 88.8% | lr: 6.40e-05 | 1.5s
  에폭 1620/4000 | 손실: 0.1667 | 검증손실: 0.3167 | 학습: 99.1% | 검증: 88.8% | lr: 6.40e-05 | 1.5s
  에폭 1621/4000 | 손실: 0.1680 | 검증손실: 0.3094 | 학습: 99.0% | 검증: 88.8% | lr: 6.40e-05 | 1.5s
  에폭 1622/4000 | 손실: 0.1680 | 검증손실: 0.3132 | 학습: 99.2% | 검증: 88.8% | lr: 6.40e-05 | 1.5s
  에폭 1623/4000 | 손실: 0.1687 | 검증손실: 0.3086 | 학습: 98.9% | 검증: 88.6% | lr: 6.40e-05 | 1.5s
  에폭 1624/4000 | 손실: 0.1710 | 검증손실: 0.3051 | 학습: 99.1% | 검증: 89.4% | lr: 6.40e-05 | 1.5s
  에폭 1625/4000 | 손실: 0.1771 | 검증손실: 0.3028 | 학습: 99.0% | 검증: 89.3% | lr: 6.40e-05 | 1.5s
  에폭 1626/4000 | 손실: 0.1696 | 검증손실: 0.3069 | 학습: 99.1% | 검증: 89.1% | lr: 5.12e-05 | 1.6s
  에폭 1627/4000 | 손실: 0.1672 | 검증손실: 0.3053 | 학습: 99.1% | 검증: 89.4% | lr: 5.12e-05 | 1.6s
  에폭 1628/4000 | 손실: 0.1708 | 검증손실: 0.3070 | 학습: 99.1% | 검증: 89.1% | lr: 5.12e-05 | 1.6s
  에폭 1629/4000 | 손실: 0.1736 | 검증손실: 0.3120 | 학습: 99.1% | 검증: 89.1% | lr: 5.12e-05 | 1.6s
  에폭 1630/4000 | 손실: 0.1679 | 검증손실: 0.3103 | 학습: 99.1% | 검증: 88.8% | lr: 5.12e-05 | 2.0s
  에폭 1631/4000 | 손실: 0.1633 | 검증손실: 0.3133 | 학습: 99.1% | 검증: 89.1% | lr: 5.12e-05 | 1.8s
  에폭 1632/4000 | 손실: 0.1642 | 검증손실: 0.3121 | 학습: 99.1% | 검증: 88.8% | lr: 5.12e-05 | 1.7s
  에폭 1633/4000 | 손실: 0.1701 | 검증손실: 0.3116 | 학습: 99.2% | 검증: 89.3% | lr: 5.12e-05 | 1.6s
  에폭 1634/4000 | 손실: 0.1645 | 검증손실: 0.3070 | 학습: 99.1% | 검증: 89.6% | lr: 5.12e-05 | 1.6s ★
  에폭 1635/4000 | 손실: 0.1761 | 검증손실: 0.3088 | 학습: 99.2% | 검증: 88.8% | lr: 5.12e-05 | 1.6s
  에폭 1636/4000 | 손실: 0.1743 | 검증손실: 0.3069 | 학습: 99.2% | 검증: 88.9% | lr: 5.12e-05 | 1.6s
  에폭 1637/4000 | 손실: 0.1697 | 검증손실: 0.3071 | 학습: 99.0% | 검증: 88.8% | lr: 5.12e-05 | 1.6s
  에폭 1638/4000 | 손실: 0.1706 | 검증손실: 0.2974 | 학습: 99.1% | 검증: 89.1% | lr: 5.12e-05 | 1.6s
  에폭 1639/4000 | 손실: 0.1685 | 검증손실: 0.3069 | 학습: 99.2% | 검증: 89.3% | lr: 5.12e-05 | 1.6s
  에폭 1640/4000 | 손실: 0.1630 | 검증손실: 0.3079 | 학습: 99.1% | 검증: 88.9% | lr: 5.12e-05 | 1.6s
  에폭 1641/4000 | 손실: 0.1656 | 검증손실: 0.3143 | 학습: 99.1% | 검증: 88.9% | lr: 5.12e-05 | 1.6s
  에폭 1642/4000 | 손실: 0.1695 | 검증손실: 0.2988 | 학습: 99.2% | 검증: 89.0% | lr: 5.12e-05 | 1.6s
  에폭 1643/4000 | 손실: 0.1713 | 검증손실: 0.3136 | 학습: 99.1% | 검증: 88.7% | lr: 5.12e-05 | 1.6s
  에폭 1644/4000 | 손실: 0.1660 | 검증손실: 0.3146 | 학습: 99.2% | 검증: 89.1% | lr: 5.12e-05 | 1.6s
  에폭 1645/4000 | 손실: 0.1708 | 검증손실: 0.3051 | 학습: 99.1% | 검증: 89.2% | lr: 5.12e-05 | 1.6s
  에폭 1646/4000 | 손실: 0.1730 | 검증손실: 0.3042 | 학습: 99.2% | 검증: 89.1% | lr: 5.12e-05 | 1.6s
  에폭 1647/4000 | 손실: 0.1683 | 검증손실: 0.3071 | 학습: 99.1% | 검증: 88.9% | lr: 5.12e-05 | 1.5s
  에폭 1648/4000 | 손실: 0.1665 | 검증손실: 0.3134 | 학습: 98.9% | 검증: 88.5% | lr: 5.12e-05 | 1.6s
  에폭 1649/4000 | 손실: 0.1671 | 검증손실: 0.3061 | 학습: 99.3% | 검증: 89.4% | lr: 5.12e-05 | 1.7s
  에폭 1650/4000 | 손실: 0.1754 | 검증손실: 0.2958 | 학습: 99.1% | 검증: 89.2% | lr: 5.12e-05 | 1.6s
  에폭 1651/4000 | 손실: 0.1660 | 검증손실: 0.3055 | 학습: 99.1% | 검증: 89.5% | lr: 5.12e-05 | 1.6s
  에폭 1652/4000 | 손실: 0.1722 | 검증손실: 0.3104 | 학습: 99.3% | 검증: 89.1% | lr: 5.12e-05 | 1.6s
  에폭 1653/4000 | 손실: 0.1684 | 검증손실: 0.3017 | 학습: 99.2% | 검증: 89.3% | lr: 5.12e-05 | 1.6s
  에폭 1654/4000 | 손실: 0.1623 | 검증손실: 0.3048 | 학습: 99.2% | 검증: 89.4% | lr: 5.12e-05 | 1.6s
  에폭 1655/4000 | 손실: 0.1669 | 검증손실: 0.3019 | 학습: 99.2% | 검증: 89.1% | lr: 5.12e-05 | 1.6s
  에폭 1656/4000 | 손실: 0.1708 | 검증손실: 0.3074 | 학습: 99.1% | 검증: 89.1% | lr: 5.12e-05 | 1.6s
  에폭 1657/4000 | 손실: 0.1659 | 검증손실: 0.3062 | 학습: 99.2% | 검증: 89.4% | lr: 5.12e-05 | 1.6s
  에폭 1658/4000 | 손실: 0.1576 | 검증손실: 0.3075 | 학습: 99.2% | 검증: 89.2% | lr: 5.12e-05 | 1.6s
  에폭 1659/4000 | 손실: 0.1721 | 검증손실: 0.3199 | 학습: 99.0% | 검증: 88.5% | lr: 5.12e-05 | 1.6s
  에폭 1660/4000 | 손실: 0.1718 | 검증손실: 0.3179 | 학습: 99.2% | 검증: 88.9% | lr: 5.12e-05 | 1.6s
  에폭 1661/4000 | 손실: 0.1648 | 검증손실: 0.3064 | 학습: 99.1% | 검증: 89.0% | lr: 5.12e-05 | 1.7s
  에폭 1662/4000 | 손실: 0.1682 | 검증손실: 0.3100 | 학습: 99.2% | 검증: 88.8% | lr: 5.12e-05 | 1.6s
  에폭 1663/4000 | 손실: 0.1650 | 검증손실: 0.3043 | 학습: 99.1% | 검증: 89.2% | lr: 5.12e-05 | 1.6s
  에폭 1664/4000 | 손실: 0.1599 | 검증손실: 0.3062 | 학습: 99.0% | 검증: 89.1% | lr: 5.12e-05 | 1.6s
  에폭 1665/4000 | 손실: 0.1729 | 검증손실: 0.3175 | 학습: 99.1% | 검증: 89.0% | lr: 5.12e-05 | 1.7s
  에폭 1666/4000 | 손실: 0.1724 | 검증손실: 0.2979 | 학습: 99.2% | 검증: 89.0% | lr: 5.12e-05 | 1.6s
  에폭 1667/4000 | 손실: 0.1666 | 검증손실: 0.3062 | 학습: 99.2% | 검증: 89.5% | lr: 5.12e-05 | 1.5s
  에폭 1668/4000 | 손실: 0.1656 | 검증손실: 0.2973 | 학습: 99.1% | 검증: 89.3% | lr: 5.12e-05 | 1.6s
  에폭 1669/4000 | 손실: 0.1698 | 검증손실: 0.2974 | 학습: 99.2% | 검증: 89.3% | lr: 5.12e-05 | 1.6s
  에폭 1670/4000 | 손실: 0.1662 | 검증손실: 0.2979 | 학습: 99.1% | 검증: 89.2% | lr: 5.12e-05 | 1.6s
  에폭 1671/4000 | 손실: 0.1694 | 검증손실: 0.3094 | 학습: 99.1% | 검증: 89.0% | lr: 5.12e-05 | 1.6s
  에폭 1672/4000 | 손실: 0.1707 | 검증손실: 0.3090 | 학습: 99.2% | 검증: 88.8% | lr: 5.12e-05 | 1.5s
  에폭 1673/4000 | 손실: 0.1656 | 검증손실: 0.3134 | 학습: 99.1% | 검증: 89.2% | lr: 5.12e-05 | 1.5s
  에폭 1674/4000 | 손실: 0.1622 | 검증손실: 0.3128 | 학습: 99.1% | 검증: 88.7% | lr: 5.12e-05 | 1.5s
  에폭 1675/4000 | 손실: 0.1669 | 검증손실: 0.2996 | 학습: 99.2% | 검증: 89.1% | lr: 5.12e-05 | 1.5s
  에폭 1676/4000 | 손실: 0.1675 | 검증손실: 0.3132 | 학습: 99.2% | 검증: 89.2% | lr: 5.12e-05 | 1.5s
  에폭 1677/4000 | 손실: 0.1627 | 검증손실: 0.3085 | 학습: 99.2% | 검증: 88.6% | lr: 5.12e-05 | 1.5s
  에폭 1678/4000 | 손실: 0.1666 | 검증손실: 0.3071 | 학습: 99.2% | 검증: 89.2% | lr: 5.12e-05 | 1.5s
  에폭 1679/4000 | 손실: 0.1629 | 검증손실: 0.3051 | 학습: 99.3% | 검증: 89.1% | lr: 5.12e-05 | 1.6s
  에폭 1680/4000 | 손실: 0.1657 | 검증손실: 0.3092 | 학습: 99.3% | 검증: 89.0% | lr: 5.12e-05 | 1.6s
  에폭 1681/4000 | 손실: 0.1663 | 검증손실: 0.3160 | 학습: 99.0% | 검증: 89.1% | lr: 5.12e-05 | 1.5s
  에폭 1682/4000 | 손실: 0.1634 | 검증손실: 0.3081 | 학습: 98.9% | 검증: 88.9% | lr: 5.12e-05 | 1.5s
  에폭 1683/4000 | 손실: 0.1593 | 검증손실: 0.3054 | 학습: 99.0% | 검증: 89.0% | lr: 5.12e-05 | 1.5s
  에폭 1684/4000 | 손실: 0.1654 | 검증손실: 0.3086 | 학습: 99.1% | 검증: 89.1% | lr: 5.12e-05 | 1.6s
  에폭 1685/4000 | 손실: 0.1693 | 검증손실: 0.3124 | 학습: 99.2% | 검증: 88.9% | lr: 5.12e-05 | 1.6s
  에폭 1686/4000 | 손실: 0.1629 | 검증손실: 0.3043 | 학습: 99.3% | 검증: 89.4% | lr: 5.12e-05 | 1.5s
  에폭 1687/4000 | 손실: 0.1621 | 검증손실: 0.3099 | 학습: 99.2% | 검증: 89.3% | lr: 5.12e-05 | 1.5s
  에폭 1688/4000 | 손실: 0.1676 | 검증손실: 0.3135 | 학습: 99.2% | 검증: 89.0% | lr: 5.12e-05 | 1.5s
  에폭 1689/4000 | 손실: 0.1671 | 검증손실: 0.3091 | 학습: 99.3% | 검증: 89.1% | lr: 5.12e-05 | 1.5s
  에폭 1690/4000 | 손실: 0.1705 | 검증손실: 0.3046 | 학습: 99.3% | 검증: 89.6% | lr: 5.12e-05 | 1.5s
  에폭 1691/4000 | 손실: 0.1708 | 검증손실: 0.3148 | 학습: 99.1% | 검증: 88.7% | lr: 5.12e-05 | 1.6s
  에폭 1692/4000 | 손실: 0.1607 | 검증손실: 0.3028 | 학습: 99.1% | 검증: 89.1% | lr: 5.12e-05 | 1.5s
  에폭 1693/4000 | 손실: 0.1640 | 검증손실: 0.3121 | 학습: 99.2% | 검증: 89.0% | lr: 5.12e-05 | 1.5s
  에폭 1694/4000 | 손실: 0.1701 | 검증손실: 0.3043 | 학습: 99.3% | 검증: 89.4% | lr: 5.12e-05 | 1.5s
  에폭 1695/4000 | 손실: 0.1664 | 검증손실: 0.3073 | 학습: 99.1% | 검증: 89.2% | lr: 5.12e-05 | 1.5s
  에폭 1696/4000 | 손실: 0.1687 | 검증손실: 0.3047 | 학습: 99.2% | 검증: 89.2% | lr: 5.12e-05 | 1.5s
  에폭 1697/4000 | 손실: 0.1643 | 검증손실: 0.3030 | 학습: 99.3% | 검증: 89.5% | lr: 5.12e-05 | 1.6s
  에폭 1698/4000 | 손실: 0.1634 | 검증손실: 0.3083 | 학습: 99.2% | 검증: 89.3% | lr: 5.12e-05 | 1.5s
  에폭 1699/4000 | 손실: 0.1703 | 검증손실: 0.3074 | 학습: 99.2% | 검증: 89.0% | lr: 5.12e-05 | 1.6s
  에폭 1700/4000 | 손실: 0.1706 | 검증손실: 0.3167 | 학습: 99.0% | 검증: 88.9% | lr: 5.12e-05 | 1.5s
  에폭 1701/4000 | 손실: 0.1661 | 검증손실: 0.3091 | 학습: 99.2% | 검증: 89.3% | lr: 5.12e-05 | 1.5s
  에폭 1702/4000 | 손실: 0.1661 | 검증손실: 0.3013 | 학습: 99.3% | 검증: 89.1% | lr: 5.12e-05 | 1.6s
  에폭 1703/4000 | 손실: 0.1687 | 검증손실: 0.3059 | 학습: 99.1% | 검증: 89.2% | lr: 5.12e-05 | 1.5s
  에폭 1704/4000 | 손실: 0.1636 | 검증손실: 0.3056 | 학습: 99.2% | 검증: 89.3% | lr: 5.12e-05 | 1.6s
  에폭 1705/4000 | 손실: 0.1699 | 검증손실: 0.3142 | 학습: 99.2% | 검증: 88.9% | lr: 5.12e-05 | 1.5s
  에폭 1706/4000 | 손실: 0.1658 | 검증손실: 0.3057 | 학습: 99.1% | 검증: 89.0% | lr: 5.12e-05 | 1.6s
  에폭 1707/4000 | 손실: 0.1680 | 검증손실: 0.3100 | 학습: 99.3% | 검증: 89.3% | lr: 5.12e-05 | 1.5s
  에폭 1708/4000 | 손실: 0.1602 | 검증손실: 0.3082 | 학습: 99.1% | 검증: 88.9% | lr: 5.12e-05 | 1.5s
  에폭 1709/4000 | 손실: 0.1629 | 검증손실: 0.3053 | 학습: 99.1% | 검증: 89.1% | lr: 5.12e-05 | 1.5s
  에폭 1710/4000 | 손실: 0.1753 | 검증손실: 0.3117 | 학습: 99.2% | 검증: 89.0% | lr: 5.12e-05 | 1.5s
  에폭 1711/4000 | 손실: 0.1667 | 검증손실: 0.3043 | 학습: 99.3% | 검증: 89.2% | lr: 5.12e-05 | 1.5s
  에폭 1712/4000 | 손실: 0.1612 | 검증손실: 0.3069 | 학습: 99.2% | 검증: 88.7% | lr: 5.12e-05 | 1.5s
  에폭 1713/4000 | 손실: 0.1623 | 검증손실: 0.3026 | 학습: 99.2% | 검증: 88.9% | lr: 5.12e-05 | 1.5s
  에폭 1714/4000 | 손실: 0.1633 | 검증손실: 0.3086 | 학습: 99.3% | 검증: 89.1% | lr: 5.12e-05 | 1.5s
  에폭 1715/4000 | 손실: 0.1688 | 검증손실: 0.3068 | 학습: 99.3% | 검증: 89.1% | lr: 5.12e-05 | 1.6s
  에폭 1716/4000 | 손실: 0.1675 | 검증손실: 0.3034 | 학습: 99.0% | 검증: 88.7% | lr: 5.12e-05 | 1.5s
  에폭 1717/4000 | 손실: 0.1646 | 검증손실: 0.3069 | 학습: 99.2% | 검증: 89.2% | lr: 5.12e-05 | 1.5s
  에폭 1718/4000 | 손실: 0.1648 | 검증손실: 0.3046 | 학습: 99.3% | 검증: 89.3% | lr: 5.12e-05 | 1.5s
  에폭 1719/4000 | 손실: 0.1697 | 검증손실: 0.3119 | 학습: 99.2% | 검증: 89.1% | lr: 5.12e-05 | 1.5s
  에폭 1720/4000 | 손실: 0.1674 | 검증손실: 0.3060 | 학습: 99.4% | 검증: 89.3% | lr: 5.12e-05 | 1.5s
  에폭 1721/4000 | 손실: 0.1638 | 검증손실: 0.3015 | 학습: 99.3% | 검증: 89.3% | lr: 5.12e-05 | 1.5s
  에폭 1722/4000 | 손실: 0.1660 | 검증손실: 0.3123 | 학습: 99.2% | 검증: 89.1% | lr: 5.12e-05 | 1.5s
  에폭 1723/4000 | 손실: 0.1628 | 검증손실: 0.3087 | 학습: 99.2% | 검증: 89.1% | lr: 5.12e-05 | 1.6s
  에폭 1724/4000 | 손실: 0.1672 | 검증손실: 0.3062 | 학습: 99.3% | 검증: 89.4% | lr: 5.12e-05 | 1.5s
  에폭 1725/4000 | 손실: 0.1606 | 검증손실: 0.3213 | 학습: 99.2% | 검증: 89.0% | lr: 5.12e-05 | 1.5s
  에폭 1726/4000 | 손실: 0.1745 | 검증손실: 0.3118 | 학습: 99.1% | 검증: 89.0% | lr: 5.12e-05 | 1.5s
  에폭 1727/4000 | 손실: 0.1651 | 검증손실: 0.3031 | 학습: 99.0% | 검증: 89.3% | lr: 5.12e-05 | 1.5s
  에폭 1728/4000 | 손실: 0.1629 | 검증손실: 0.2994 | 학습: 99.1% | 검증: 89.2% | lr: 5.12e-05 | 1.5s
  에폭 1729/4000 | 손실: 0.1611 | 검증손실: 0.3108 | 학습: 99.1% | 검증: 88.7% | lr: 5.12e-05 | 1.6s
  에폭 1730/4000 | 손실: 0.1675 | 검증손실: 0.3015 | 학습: 99.1% | 검증: 88.9% | lr: 5.12e-05 | 1.5s
  에폭 1731/4000 | 손실: 0.1668 | 검증손실: 0.3140 | 학습: 99.2% | 검증: 89.1% | lr: 5.12e-05 | 1.6s
  에폭 1732/4000 | 손실: 0.1722 | 검증손실: 0.3033 | 학습: 99.2% | 검증: 89.1% | lr: 5.12e-05 | 1.5s
  에폭 1733/4000 | 손실: 0.1623 | 검증손실: 0.3091 | 학습: 99.3% | 검증: 89.5% | lr: 5.12e-05 | 1.5s
  에폭 1734/4000 | 손실: 0.1644 | 검증손실: 0.3077 | 학습: 99.0% | 검증: 88.9% | lr: 5.12e-05 | 1.5s
  에폭 1735/4000 | 손실: 0.1654 | 검증손실: 0.3104 | 학습: 99.1% | 검증: 89.1% | lr: 5.12e-05 | 1.5s
  에폭 1736/4000 | 손실: 0.1614 | 검증손실: 0.3136 | 학습: 99.0% | 검증: 89.4% | lr: 5.12e-05 | 1.5s
  에폭 1737/4000 | 손실: 0.1629 | 검증손실: 0.3055 | 학습: 99.2% | 검증: 89.1% | lr: 5.12e-05 | 1.5s
  에폭 1738/4000 | 손실: 0.1751 | 검증손실: 0.3078 | 학습: 99.2% | 검증: 89.2% | lr: 5.12e-05 | 1.5s
  에폭 1739/4000 | 손실: 0.1659 | 검증손실: 0.3020 | 학습: 99.1% | 검증: 89.0% | lr: 5.12e-05 | 1.6s
  에폭 1740/4000 | 손실: 0.1696 | 검증손실: 0.3073 | 학습: 99.2% | 검증: 88.9% | lr: 5.12e-05 | 1.5s
  에폭 1741/4000 | 손실: 0.1705 | 검증손실: 0.3028 | 학습: 99.3% | 검증: 89.1% | lr: 5.12e-05 | 1.5s
  에폭 1742/4000 | 손실: 0.1617 | 검증손실: 0.3083 | 학습: 99.3% | 검증: 89.5% | lr: 5.12e-05 | 1.5s
  에폭 1743/4000 | 손실: 0.1645 | 검증손실: 0.3087 | 학습: 99.2% | 검증: 89.1% | lr: 5.12e-05 | 1.5s
  에폭 1744/4000 | 손실: 0.1655 | 검증손실: 0.2994 | 학습: 99.2% | 검증: 89.2% | lr: 5.12e-05 | 1.5s
  에폭 1745/4000 | 손실: 0.1567 | 검증손실: 0.3134 | 학습: 99.2% | 검증: 89.0% | lr: 5.12e-05 | 1.5s
  에폭 1746/4000 | 손실: 0.1652 | 검증손실: 0.3093 | 학습: 99.2% | 검증: 89.4% | lr: 5.12e-05 | 1.5s
  에폭 1747/4000 | 손실: 0.1660 | 검증손실: 0.3093 | 학습: 99.3% | 검증: 88.9% | lr: 5.12e-05 | 1.5s
  에폭 1748/4000 | 손실: 0.1623 | 검증손실: 0.3121 | 학습: 99.3% | 검증: 89.2% | lr: 5.12e-05 | 1.5s
  에폭 1749/4000 | 손실: 0.1704 | 검증손실: 0.3019 | 학습: 99.2% | 검증: 89.2% | lr: 5.12e-05 | 1.5s
  에폭 1750/4000 | 손실: 0.1726 | 검증손실: 0.3074 | 학습: 99.2% | 검증: 88.8% | lr: 5.12e-05 | 1.5s
  에폭 1751/4000 | 손실: 0.1687 | 검증손실: 0.3089 | 학습: 99.3% | 검증: 88.9% | lr: 5.12e-05 | 1.5s
  에폭 1752/4000 | 손실: 0.1668 | 검증손실: 0.3067 | 학습: 99.3% | 검증: 88.8% | lr: 5.12e-05 | 1.5s
  에폭 1753/4000 | 손실: 0.1571 | 검증손실: 0.3103 | 학습: 99.3% | 검증: 89.0% | lr: 5.12e-05 | 1.6s
  에폭 1754/4000 | 손실: 0.1697 | 검증손실: 0.3074 | 학습: 99.3% | 검증: 88.8% | lr: 5.12e-05 | 1.5s
  에폭 1755/4000 | 손실: 0.1638 | 검증손실: 0.3034 | 학습: 99.1% | 검증: 88.9% | lr: 5.12e-05 | 1.5s
  에폭 1756/4000 | 손실: 0.1717 | 검증손실: 0.3099 | 학습: 99.1% | 검증: 89.0% | lr: 5.12e-05 | 1.5s
  에폭 1757/4000 | 손실: 0.1618 | 검증손실: 0.3109 | 학습: 99.1% | 검증: 88.9% | lr: 5.12e-05 | 1.6s
  에폭 1758/4000 | 손실: 0.1643 | 검증손실: 0.3119 | 학습: 99.2% | 검증: 88.8% | lr: 5.12e-05 | 1.6s
  에폭 1759/4000 | 손실: 0.1681 | 검증손실: 0.3092 | 학습: 99.1% | 검증: 88.8% | lr: 5.12e-05 | 1.5s
  에폭 1760/4000 | 손실: 0.1640 | 검증손실: 0.3102 | 학습: 99.2% | 검증: 88.8% | lr: 5.12e-05 | 1.5s
  에폭 1761/4000 | 손실: 0.1627 | 검증손실: 0.3114 | 학습: 99.4% | 검증: 89.1% | lr: 5.12e-05 | 1.5s
  에폭 1762/4000 | 손실: 0.1676 | 검증손실: 0.3146 | 학습: 99.2% | 검증: 89.3% | lr: 5.12e-05 | 1.5s
  에폭 1763/4000 | 손실: 0.1622 | 검증손실: 0.3098 | 학습: 99.2% | 검증: 88.9% | lr: 5.12e-05 | 1.5s
  에폭 1764/4000 | 손실: 0.1684 | 검증손실: 0.3121 | 학습: 99.2% | 검증: 89.0% | lr: 5.12e-05 | 1.5s
  에폭 1765/4000 | 손실: 0.1692 | 검증손실: 0.3114 | 학습: 99.2% | 검증: 88.9% | lr: 5.12e-05 | 1.5s
  에폭 1766/4000 | 손실: 0.1653 | 검증손실: 0.3175 | 학습: 99.2% | 검증: 89.0% | lr: 5.12e-05 | 1.5s
  에폭 1767/4000 | 손실: 0.1658 | 검증손실: 0.3082 | 학습: 99.2% | 검증: 89.1% | lr: 5.12e-05 | 1.5s
  에폭 1768/4000 | 손실: 0.1686 | 검증손실: 0.3106 | 학습: 99.2% | 검증: 88.9% | lr: 5.12e-05 | 1.5s
  에폭 1769/4000 | 손실: 0.1607 | 검증손실: 0.3115 | 학습: 99.2% | 검증: 88.9% | lr: 5.12e-05 | 1.5s
  에폭 1770/4000 | 손실: 0.1635 | 검증손실: 0.3143 | 학습: 99.2% | 검증: 89.2% | lr: 5.12e-05 | 1.6s
  에폭 1771/4000 | 손실: 0.1694 | 검증손실: 0.3121 | 학습: 99.3% | 검증: 88.9% | lr: 5.12e-05 | 1.5s
  에폭 1772/4000 | 손실: 0.1596 | 검증손실: 0.3064 | 학습: 99.3% | 검증: 89.0% | lr: 5.12e-05 | 1.5s
  에폭 1773/4000 | 손실: 0.1625 | 검증손실: 0.3066 | 학습: 99.2% | 검증: 88.9% | lr: 5.12e-05 | 1.5s
  에폭 1774/4000 | 손실: 0.1570 | 검증손실: 0.3110 | 학습: 99.3% | 검증: 88.9% | lr: 5.12e-05 | 1.5s
  에폭 1775/4000 | 손실: 0.1665 | 검증손실: 0.3132 | 학습: 99.1% | 검증: 89.2% | lr: 5.12e-05 | 1.6s
  에폭 1776/4000 | 손실: 0.1649 | 검증손실: 0.3075 | 학습: 99.2% | 검증: 89.1% | lr: 5.12e-05 | 1.6s
  에폭 1777/4000 | 손실: 0.1646 | 검증손실: 0.3180 | 학습: 99.2% | 검증: 89.3% | lr: 5.12e-05 | 1.5s
  에폭 1778/4000 | 손실: 0.1645 | 검증손실: 0.3134 | 학습: 99.1% | 검증: 89.0% | lr: 5.12e-05 | 1.5s
  에폭 1779/4000 | 손실: 0.1657 | 검증손실: 0.3120 | 학습: 99.1% | 검증: 88.6% | lr: 5.12e-05 | 1.5s
  에폭 1780/4000 | 손실: 0.1655 | 검증손실: 0.3144 | 학습: 99.3% | 검증: 89.0% | lr: 5.12e-05 | 1.5s
  에폭 1781/4000 | 손실: 0.1615 | 검증손실: 0.3025 | 학습: 99.3% | 검증: 89.6% | lr: 5.12e-05 | 1.5s
  에폭 1782/4000 | 손실: 0.1638 | 검증손실: 0.3154 | 학습: 99.3% | 검증: 88.9% | lr: 5.12e-05 | 1.5s
  에폭 1783/4000 | 손실: 0.1616 | 검증손실: 0.3101 | 학습: 99.3% | 검증: 89.2% | lr: 5.12e-05 | 1.5s
  에폭 1784/4000 | 손실: 0.1632 | 검증손실: 0.3143 | 학습: 99.3% | 검증: 89.4% | lr: 5.12e-05 | 1.5s
  에폭 1785/4000 | 손실: 0.1577 | 검증손실: 0.3072 | 학습: 99.2% | 검증: 89.3% | lr: 5.12e-05 | 1.5s
  에폭 1786/4000 | 손실: 0.1651 | 검증손실: 0.3085 | 학습: 99.2% | 검증: 89.5% | lr: 5.12e-05 | 1.5s
  에폭 1787/4000 | 손실: 0.1584 | 검증손실: 0.3020 | 학습: 99.3% | 검증: 89.0% | lr: 5.12e-05 | 1.5s
  에폭 1788/4000 | 손실: 0.1612 | 검증손실: 0.3199 | 학습: 99.0% | 검증: 89.2% | lr: 5.12e-05 | 1.5s
  에폭 1789/4000 | 손실: 0.1664 | 검증손실: 0.3105 | 학습: 99.3% | 검증: 88.9% | lr: 5.12e-05 | 1.6s
  에폭 1790/4000 | 손실: 0.1574 | 검증손실: 0.3037 | 학습: 99.1% | 검증: 88.9% | lr: 5.12e-05 | 1.5s
  에폭 1791/4000 | 손실: 0.1583 | 검증손실: 0.3100 | 학습: 99.3% | 검증: 88.8% | lr: 5.12e-05 | 1.5s
  에폭 1792/4000 | 손실: 0.1646 | 검증손실: 0.3109 | 학습: 99.2% | 검증: 89.4% | lr: 5.12e-05 | 1.5s
  에폭 1793/4000 | 손실: 0.1671 | 검증손실: 0.3093 | 학습: 99.0% | 검증: 88.9% | lr: 5.12e-05 | 1.5s
  에폭 1794/4000 | 손실: 0.1615 | 검증손실: 0.3097 | 학습: 99.3% | 검증: 89.4% | lr: 5.12e-05 | 1.5s
  에폭 1795/4000 | 손실: 0.1702 | 검증손실: 0.3240 | 학습: 99.1% | 검증: 89.0% | lr: 5.12e-05 | 1.5s
  에폭 1796/4000 | 손실: 0.1629 | 검증손실: 0.3044 | 학습: 99.1% | 검증: 89.3% | lr: 5.12e-05 | 1.5s
  에폭 1797/4000 | 손실: 0.1608 | 검증손실: 0.3086 | 학습: 99.3% | 검증: 89.2% | lr: 5.12e-05 | 1.5s
  에폭 1798/4000 | 손실: 0.1627 | 검증손실: 0.3163 | 학습: 99.1% | 검증: 89.4% | lr: 5.12e-05 | 1.6s
  에폭 1799/4000 | 손실: 0.1651 | 검증손실: 0.3073 | 학습: 99.3% | 검증: 89.2% | lr: 5.12e-05 | 1.5s
  에폭 1800/4000 | 손실: 0.1626 | 검증손실: 0.3074 | 학습: 99.2% | 검증: 89.2% | lr: 5.12e-05 | 1.5s
  에폭 1801/4000 | 손실: 0.1702 | 검증손실: 0.3098 | 학습: 99.4% | 검증: 89.4% | lr: 4.10e-05 | 1.5s
  에폭 1802/4000 | 손실: 0.1546 | 검증손실: 0.3140 | 학습: 99.3% | 검증: 89.2% | lr: 4.10e-05 | 1.5s
  에폭 1803/4000 | 손실: 0.1646 | 검증손실: 0.3076 | 학습: 99.2% | 검증: 89.1% | lr: 4.10e-05 | 1.5s
  에폭 1804/4000 | 손실: 0.1616 | 검증손실: 0.2996 | 학습: 99.4% | 검증: 89.7% | lr: 4.10e-05 | 1.5s ★
  에폭 1805/4000 | 손실: 0.1650 | 검증손실: 0.3124 | 학습: 99.3% | 검증: 89.1% | lr: 4.10e-05 | 1.6s
  에폭 1806/4000 | 손실: 0.1552 | 검증손실: 0.3136 | 학습: 99.3% | 검증: 89.4% | lr: 4.10e-05 | 1.6s
  에폭 1807/4000 | 손실: 0.1625 | 검증손실: 0.3061 | 학습: 99.3% | 검증: 89.1% | lr: 4.10e-05 | 1.5s
  에폭 1808/4000 | 손실: 0.1676 | 검증손실: 0.3078 | 학습: 99.2% | 검증: 89.1% | lr: 4.10e-05 | 1.5s
  에폭 1809/4000 | 손실: 0.1608 | 검증손실: 0.3067 | 학습: 99.2% | 검증: 89.6% | lr: 4.10e-05 | 1.5s
  에폭 1810/4000 | 손실: 0.1651 | 검증손실: 0.3041 | 학습: 99.0% | 검증: 88.7% | lr: 4.10e-05 | 1.6s
  에폭 1811/4000 | 손실: 0.1570 | 검증손실: 0.3088 | 학습: 99.3% | 검증: 89.0% | lr: 4.10e-05 | 1.6s
  에폭 1812/4000 | 손실: 0.1618 | 검증손실: 0.3126 | 학습: 99.2% | 검증: 89.2% | lr: 4.10e-05 | 1.5s
  에폭 1813/4000 | 손실: 0.1582 | 검증손실: 0.3070 | 학습: 99.3% | 검증: 89.1% | lr: 4.10e-05 | 1.5s
  에폭 1814/4000 | 손실: 0.1628 | 검증손실: 0.3069 | 학습: 99.2% | 검증: 89.0% | lr: 4.10e-05 | 1.5s
  에폭 1815/4000 | 손실: 0.1628 | 검증손실: 0.3146 | 학습: 99.3% | 검증: 89.2% | lr: 4.10e-05 | 1.5s
  에폭 1816/4000 | 손실: 0.1622 | 검증손실: 0.3053 | 학습: 99.3% | 검증: 89.2% | lr: 4.10e-05 | 1.5s
  에폭 1817/4000 | 손실: 0.1589 | 검증손실: 0.3102 | 학습: 99.2% | 검증: 89.1% | lr: 4.10e-05 | 1.5s
  에폭 1818/4000 | 손실: 0.1574 | 검증손실: 0.3102 | 학습: 99.0% | 검증: 88.6% | lr: 4.10e-05 | 1.5s
  에폭 1819/4000 | 손실: 0.1601 | 검증손실: 0.3058 | 학습: 99.3% | 검증: 89.0% | lr: 4.10e-05 | 1.5s
  에폭 1820/4000 | 손실: 0.1588 | 검증손실: 0.3068 | 학습: 99.3% | 검증: 89.3% | lr: 4.10e-05 | 1.5s
  에폭 1821/4000 | 손실: 0.1602 | 검증손실: 0.3020 | 학습: 99.3% | 검증: 89.5% | lr: 4.10e-05 | 1.5s
  에폭 1822/4000 | 손실: 0.1569 | 검증손실: 0.3189 | 학습: 99.3% | 검증: 89.0% | lr: 4.10e-05 | 1.5s
  에폭 1823/4000 | 손실: 0.1607 | 검증손실: 0.3069 | 학습: 99.3% | 검증: 89.5% | lr: 4.10e-05 | 1.5s
  에폭 1824/4000 | 손실: 0.1626 | 검증손실: 0.3135 | 학습: 99.3% | 검증: 89.1% | lr: 4.10e-05 | 1.5s
  에폭 1825/4000 | 손실: 0.1626 | 검증손실: 0.3074 | 학습: 99.3% | 검증: 89.3% | lr: 4.10e-05 | 1.5s
  에폭 1826/4000 | 손실: 0.1584 | 검증손실: 0.3068 | 학습: 99.4% | 검증: 89.4% | lr: 4.10e-05 | 1.5s
  에폭 1827/4000 | 손실: 0.1643 | 검증손실: 0.2993 | 학습: 99.2% | 검증: 89.3% | lr: 4.10e-05 | 1.6s
  에폭 1828/4000 | 손실: 0.1646 | 검증손실: 0.3034 | 학습: 99.4% | 검증: 89.5% | lr: 4.10e-05 | 1.6s
  에폭 1829/4000 | 손실: 0.1558 | 검증손실: 0.3093 | 학습: 99.3% | 검증: 89.1% | lr: 4.10e-05 | 1.6s
  에폭 1830/4000 | 손실: 0.1656 | 검증손실: 0.2998 | 학습: 99.3% | 검증: 89.0% | lr: 4.10e-05 | 1.5s
  에폭 1831/4000 | 손실: 0.1647 | 검증손실: 0.3057 | 학습: 99.2% | 검증: 89.3% | lr: 4.10e-05 | 1.5s
  에폭 1832/4000 | 손실: 0.1609 | 검증손실: 0.3082 | 학습: 99.4% | 검증: 89.4% | lr: 4.10e-05 | 1.5s
  에폭 1833/4000 | 손실: 0.1570 | 검증손실: 0.3123 | 학습: 99.2% | 검증: 89.0% | lr: 4.10e-05 | 1.6s
  에폭 1834/4000 | 손실: 0.1652 | 검증손실: 0.3142 | 학습: 99.2% | 검증: 89.2% | lr: 4.10e-05 | 1.5s
  에폭 1835/4000 | 손실: 0.1595 | 검증손실: 0.3055 | 학습: 99.2% | 검증: 89.3% | lr: 4.10e-05 | 1.6s
  에폭 1836/4000 | 손실: 0.1635 | 검증손실: 0.3068 | 학습: 99.1% | 검증: 89.3% | lr: 4.10e-05 | 1.5s
  에폭 1837/4000 | 손실: 0.1645 | 검증손실: 0.3090 | 학습: 99.2% | 검증: 89.1% | lr: 4.10e-05 | 1.5s
  에폭 1838/4000 | 손실: 0.1620 | 검증손실: 0.3092 | 학습: 99.4% | 검증: 89.4% | lr: 4.10e-05 | 1.5s
  에폭 1839/4000 | 손실: 0.1591 | 검증손실: 0.3198 | 학습: 99.4% | 검증: 89.2% | lr: 4.10e-05 | 1.5s
  에폭 1840/4000 | 손실: 0.1611 | 검증손실: 0.3209 | 학습: 99.3% | 검증: 88.9% | lr: 4.10e-05 | 1.5s
  에폭 1841/4000 | 손실: 0.1613 | 검증손실: 0.3072 | 학습: 99.4% | 검증: 89.3% | lr: 4.10e-05 | 1.6s
  에폭 1842/4000 | 손실: 0.1622 | 검증손실: 0.3078 | 학습: 99.4% | 검증: 89.3% | lr: 4.10e-05 | 1.5s
  에폭 1843/4000 | 손실: 0.1615 | 검증손실: 0.3109 | 학습: 99.3% | 검증: 89.1% | lr: 4.10e-05 | 1.5s
  에폭 1844/4000 | 손실: 0.1637 | 검증손실: 0.3094 | 학습: 99.4% | 검증: 89.3% | lr: 4.10e-05 | 1.5s
  에폭 1845/4000 | 손실: 0.1560 | 검증손실: 0.3170 | 학습: 99.3% | 검증: 88.9% | lr: 4.10e-05 | 1.5s
  에폭 1846/4000 | 손실: 0.1563 | 검증손실: 0.3090 | 학습: 99.2% | 검증: 89.4% | lr: 4.10e-05 | 1.6s
  에폭 1847/4000 | 손실: 0.1547 | 검증손실: 0.3076 | 학습: 99.3% | 검증: 89.4% | lr: 4.10e-05 | 1.6s
  에폭 1848/4000 | 손실: 0.1589 | 검증손실: 0.3074 | 학습: 99.3% | 검증: 89.4% | lr: 4.10e-05 | 1.5s
  에폭 1849/4000 | 손실: 0.1550 | 검증손실: 0.3048 | 학습: 99.3% | 검증: 89.2% | lr: 4.10e-05 | 1.5s
  에폭 1850/4000 | 손실: 0.1582 | 검증손실: 0.3141 | 학습: 99.4% | 검증: 89.3% | lr: 4.10e-05 | 1.5s
  에폭 1851/4000 | 손실: 0.1633 | 검증손실: 0.3076 | 학습: 99.4% | 검증: 89.3% | lr: 4.10e-05 | 1.5s
  에폭 1852/4000 | 손실: 0.1622 | 검증손실: 0.3090 | 학습: 99.3% | 검증: 89.1% | lr: 4.10e-05 | 1.5s
  에폭 1853/4000 | 손실: 0.1605 | 검증손실: 0.3109 | 학습: 99.4% | 검증: 89.1% | lr: 4.10e-05 | 1.5s
  에폭 1854/4000 | 손실: 0.1590 | 검증손실: 0.3088 | 학습: 99.2% | 검증: 89.3% | lr: 4.10e-05 | 1.5s
  에폭 1855/4000 | 손실: 0.1610 | 검증손실: 0.3085 | 학습: 99.3% | 검증: 89.4% | lr: 4.10e-05 | 1.5s
  에폭 1856/4000 | 손실: 0.1603 | 검증손실: 0.3110 | 학습: 99.3% | 검증: 89.0% | lr: 4.10e-05 | 1.5s
  에폭 1857/4000 | 손실: 0.1593 | 검증손실: 0.3030 | 학습: 99.3% | 검증: 89.2% | lr: 4.10e-05 | 1.5s
  에폭 1858/4000 | 손실: 0.1665 | 검증손실: 0.3044 | 학습: 99.3% | 검증: 89.2% | lr: 4.10e-05 | 1.5s
  에폭 1859/4000 | 손실: 0.1582 | 검증손실: 0.3017 | 학습: 99.4% | 검증: 89.3% | lr: 4.10e-05 | 1.5s
  에폭 1860/4000 | 손실: 0.1639 | 검증손실: 0.3189 | 학습: 99.3% | 검증: 89.1% | lr: 4.10e-05 | 1.5s
  에폭 1861/4000 | 손실: 0.1592 | 검증손실: 0.3089 | 학습: 99.4% | 검증: 89.4% | lr: 4.10e-05 | 1.5s
  에폭 1862/4000 | 손실: 0.1627 | 검증손실: 0.3102 | 학습: 99.4% | 검증: 89.1% | lr: 4.10e-05 | 1.5s
  에폭 1863/4000 | 손실: 0.1613 | 검증손실: 0.3133 | 학습: 99.4% | 검증: 89.1% | lr: 4.10e-05 | 1.6s
  에폭 1864/4000 | 손실: 0.1601 | 검증손실: 0.3179 | 학습: 99.3% | 검증: 89.2% | lr: 4.10e-05 | 1.5s
  에폭 1865/4000 | 손실: 0.1574 | 검증손실: 0.3104 | 학습: 99.3% | 검증: 89.3% | lr: 4.10e-05 | 1.5s
  에폭 1866/4000 | 손실: 0.1554 | 검증손실: 0.3060 | 학습: 99.3% | 검증: 89.5% | lr: 4.10e-05 | 1.5s
  에폭 1867/4000 | 손실: 0.1588 | 검증손실: 0.3091 | 학습: 99.3% | 검증: 89.1% | lr: 4.10e-05 | 1.5s
  에폭 1868/4000 | 손실: 0.1566 | 검증손실: 0.3072 | 학습: 99.4% | 검증: 89.3% | lr: 4.10e-05 | 1.5s
  에폭 1869/4000 | 손실: 0.1592 | 검증손실: 0.3073 | 학습: 99.4% | 검증: 89.2% | lr: 4.10e-05 | 1.5s
  에폭 1870/4000 | 손실: 0.1539 | 검증손실: 0.3039 | 학습: 99.3% | 검증: 89.2% | lr: 4.10e-05 | 1.5s
  에폭 1871/4000 | 손실: 0.1506 | 검증손실: 0.3074 | 학습: 99.3% | 검증: 89.0% | lr: 4.10e-05 | 1.5s
  에폭 1872/4000 | 손실: 0.1588 | 검증손실: 0.3095 | 학습: 99.3% | 검증: 89.0% | lr: 4.10e-05 | 1.6s
  에폭 1873/4000 | 손실: 0.1583 | 검증손실: 0.3130 | 학습: 99.3% | 검증: 88.8% | lr: 4.10e-05 | 1.5s
  에폭 1874/4000 | 손실: 0.1560 | 검증손실: 0.3183 | 학습: 99.2% | 검증: 89.0% | lr: 4.10e-05 | 1.5s
  에폭 1875/4000 | 손실: 0.1632 | 검증손실: 0.3154 | 학습: 99.4% | 검증: 89.3% | lr: 4.10e-05 | 1.5s
  에폭 1876/4000 | 손실: 0.1624 | 검증손실: 0.3164 | 학습: 99.4% | 검증: 89.3% | lr: 4.10e-05 | 1.5s
  에폭 1877/4000 | 손실: 0.1554 | 검증손실: 0.3049 | 학습: 99.2% | 검증: 89.4% | lr: 4.10e-05 | 1.5s
  에폭 1878/4000 | 손실: 0.1560 | 검증손실: 0.3102 | 학습: 99.3% | 검증: 89.1% | lr: 4.10e-05 | 1.5s
  에폭 1879/4000 | 손실: 0.1608 | 검증손실: 0.3112 | 학습: 99.2% | 검증: 89.5% | lr: 4.10e-05 | 1.5s
  에폭 1880/4000 | 손실: 0.1624 | 검증손실: 0.3125 | 학습: 99.5% | 검증: 89.1% | lr: 4.10e-05 | 1.5s
  에폭 1881/4000 | 손실: 0.1532 | 검증손실: 0.3111 | 학습: 99.3% | 검증: 88.9% | lr: 4.10e-05 | 1.5s
  에폭 1882/4000 | 손실: 0.1653 | 검증손실: 0.3021 | 학습: 99.4% | 검증: 89.1% | lr: 4.10e-05 | 1.5s
  에폭 1883/4000 | 손실: 0.1597 | 검증손실: 0.3035 | 학습: 99.3% | 검증: 89.3% | lr: 4.10e-05 | 1.5s
  에폭 1884/4000 | 손실: 0.1630 | 검증손실: 0.3079 | 학습: 99.3% | 검증: 89.2% | lr: 4.10e-05 | 1.5s
  에폭 1885/4000 | 손실: 0.1558 | 검증손실: 0.3060 | 학습: 99.4% | 검증: 89.2% | lr: 4.10e-05 | 1.5s
  에폭 1886/4000 | 손실: 0.1602 | 검증손실: 0.3066 | 학습: 99.4% | 검증: 89.4% | lr: 4.10e-05 | 1.5s
  에폭 1887/4000 | 손실: 0.1612 | 검증손실: 0.3150 | 학습: 99.2% | 검증: 89.0% | lr: 4.10e-05 | 1.5s
  에폭 1888/4000 | 손실: 0.1602 | 검증손실: 0.3064 | 학습: 99.3% | 검증: 88.8% | lr: 4.10e-05 | 1.5s
  에폭 1889/4000 | 손실: 0.1590 | 검증손실: 0.3079 | 학습: 99.4% | 검증: 89.8% | lr: 4.10e-05 | 1.5s ★
  에폭 1890/4000 | 손실: 0.1635 | 검증손실: 0.3118 | 학습: 99.3% | 검증: 89.2% | lr: 4.10e-05 | 1.5s
  에폭 1891/4000 | 손실: 0.1611 | 검증손실: 0.3081 | 학습: 99.3% | 검증: 89.2% | lr: 4.10e-05 | 1.5s
  에폭 1892/4000 | 손실: 0.1625 | 검증손실: 0.3031 | 학습: 99.2% | 검증: 89.0% | lr: 4.10e-05 | 1.6s
  에폭 1893/4000 | 손실: 0.1612 | 검증손실: 0.3126 | 학습: 99.2% | 검증: 89.2% | lr: 4.10e-05 | 1.6s
  에폭 1894/4000 | 손실: 0.1584 | 검증손실: 0.3089 | 학습: 99.4% | 검증: 89.4% | lr: 4.10e-05 | 1.6s
  에폭 1895/4000 | 손실: 0.1584 | 검증손실: 0.3116 | 학습: 99.3% | 검증: 89.4% | lr: 4.10e-05 | 1.5s
  에폭 1896/4000 | 손실: 0.1634 | 검증손실: 0.3103 | 학습: 99.4% | 검증: 89.5% | lr: 4.10e-05 | 1.5s
  에폭 1897/4000 | 손실: 0.1599 | 검증손실: 0.3109 | 학습: 99.3% | 검증: 89.4% | lr: 4.10e-05 | 1.5s
  에폭 1898/4000 | 손실: 0.1611 | 검증손실: 0.3100 | 학습: 99.3% | 검증: 89.3% | lr: 4.10e-05 | 1.5s
  에폭 1899/4000 | 손실: 0.1564 | 검증손실: 0.2991 | 학습: 99.4% | 검증: 89.4% | lr: 4.10e-05 | 1.5s
  에폭 1900/4000 | 손실: 0.1542 | 검증손실: 0.3096 | 학습: 99.4% | 검증: 89.1% | lr: 4.10e-05 | 1.5s
  에폭 1901/4000 | 손실: 0.1540 | 검증손실: 0.3155 | 학습: 99.1% | 검증: 89.0% | lr: 4.10e-05 | 1.5s
  에폭 1902/4000 | 손실: 0.1573 | 검증손실: 0.3012 | 학습: 99.3% | 검증: 89.2% | lr: 4.10e-05 | 1.5s
  에폭 1903/4000 | 손실: 0.1482 | 검증손실: 0.3114 | 학습: 99.2% | 검증: 88.6% | lr: 4.10e-05 | 1.5s
  에폭 1904/4000 | 손실: 0.1554 | 검증손실: 0.3060 | 학습: 99.3% | 검증: 89.1% | lr: 4.10e-05 | 1.5s
  에폭 1905/4000 | 손실: 0.1575 | 검증손실: 0.3040 | 학습: 99.3% | 검증: 89.6% | lr: 4.10e-05 | 1.5s
  에폭 1906/4000 | 손실: 0.1556 | 검증손실: 0.3092 | 학습: 99.4% | 검증: 89.3% | lr: 4.10e-05 | 1.5s
  에폭 1907/4000 | 손실: 0.1573 | 검증손실: 0.3103 | 학습: 99.3% | 검증: 89.5% | lr: 4.10e-05 | 1.5s
  에폭 1908/4000 | 손실: 0.1562 | 검증손실: 0.3089 | 학습: 98.6% | 검증: 88.8% | lr: 4.10e-05 | 1.5s
  에폭 1909/4000 | 손실: 0.1572 | 검증손실: 0.3152 | 학습: 99.3% | 검증: 89.2% | lr: 4.10e-05 | 1.5s
  에폭 1910/4000 | 손실: 0.1586 | 검증손실: 0.3114 | 학습: 99.3% | 검증: 89.0% | lr: 4.10e-05 | 1.5s
  에폭 1911/4000 | 손실: 0.1602 | 검증손실: 0.3086 | 학습: 99.3% | 검증: 89.2% | lr: 4.10e-05 | 1.6s
  에폭 1912/4000 | 손실: 0.1583 | 검증손실: 0.3038 | 학습: 99.4% | 검증: 89.3% | lr: 4.10e-05 | 1.6s
  에폭 1913/4000 | 손실: 0.1659 | 검증손실: 0.3110 | 학습: 99.4% | 검증: 89.2% | lr: 4.10e-05 | 1.5s
  에폭 1914/4000 | 손실: 0.1542 | 검증손실: 0.3062 | 학습: 99.3% | 검증: 89.2% | lr: 4.10e-05 | 1.5s
  에폭 1915/4000 | 손실: 0.1588 | 검증손실: 0.3079 | 학습: 99.4% | 검증: 89.2% | lr: 4.10e-05 | 1.5s
  에폭 1916/4000 | 손실: 0.1578 | 검증손실: 0.3192 | 학습: 99.2% | 검증: 89.1% | lr: 4.10e-05 | 1.5s
  에폭 1917/4000 | 손실: 0.1589 | 검증손실: 0.3096 | 학습: 99.4% | 검증: 89.1% | lr: 4.10e-05 | 1.5s
  에폭 1918/4000 | 손실: 0.1634 | 검증손실: 0.3095 | 학습: 99.3% | 검증: 89.2% | lr: 4.10e-05 | 1.5s
  에폭 1919/4000 | 손실: 0.1607 | 검증손실: 0.3089 | 학습: 99.4% | 검증: 89.3% | lr: 4.10e-05 | 1.5s
  에폭 1920/4000 | 손실: 0.1578 | 검증손실: 0.3129 | 학습: 99.4% | 검증: 89.3% | lr: 4.10e-05 | 1.6s
  에폭 1921/4000 | 손실: 0.1561 | 검증손실: 0.3023 | 학습: 99.3% | 검증: 89.3% | lr: 4.10e-05 | 1.5s
  에폭 1922/4000 | 손실: 0.1631 | 검증손실: 0.3122 | 학습: 99.4% | 검증: 89.2% | lr: 4.10e-05 | 1.5s
  에폭 1923/4000 | 손실: 0.1637 | 검증손실: 0.3127 | 학습: 99.3% | 검증: 89.3% | lr: 4.10e-05 | 1.5s
  에폭 1924/4000 | 손실: 0.1553 | 검증손실: 0.3046 | 학습: 99.4% | 검증: 89.4% | lr: 4.10e-05 | 1.5s
  에폭 1925/4000 | 손실: 0.1592 | 검증손실: 0.3086 | 학습: 99.4% | 검증: 89.3% | lr: 4.10e-05 | 1.5s
  에폭 1926/4000 | 손실: 0.1636 | 검증손실: 0.3196 | 학습: 99.2% | 검증: 88.9% | lr: 4.10e-05 | 1.6s
  에폭 1927/4000 | 손실: 0.1616 | 검증손실: 0.3104 | 학습: 99.3% | 검증: 89.4% | lr: 4.10e-05 | 1.5s
  에폭 1928/4000 | 손실: 0.1558 | 검증손실: 0.3180 | 학습: 99.4% | 검증: 89.3% | lr: 4.10e-05 | 1.5s
  에폭 1929/4000 | 손실: 0.1532 | 검증손실: 0.3094 | 학습: 99.4% | 검증: 89.7% | lr: 4.10e-05 | 1.5s
  에폭 1930/4000 | 손실: 0.1633 | 검증손실: 0.3050 | 학습: 99.2% | 검증: 89.2% | lr: 4.10e-05 | 1.5s
  에폭 1931/4000 | 손실: 0.1631 | 검증손실: 0.3181 | 학습: 99.3% | 검증: 89.5% | lr: 4.10e-05 | 1.5s
  에폭 1932/4000 | 손실: 0.1606 | 검증손실: 0.3049 | 학습: 99.2% | 검증: 89.1% | lr: 4.10e-05 | 1.6s
  에폭 1933/4000 | 손실: 0.1591 | 검증손실: 0.3102 | 학습: 99.3% | 검증: 89.5% | lr: 4.10e-05 | 1.5s
  에폭 1934/4000 | 손실: 0.1567 | 검증손실: 0.3162 | 학습: 99.4% | 검증: 89.3% | lr: 4.10e-05 | 1.5s
  에폭 1935/4000 | 손실: 0.1652 | 검증손실: 0.3098 | 학습: 99.3% | 검증: 89.1% | lr: 4.10e-05 | 1.5s
  에폭 1936/4000 | 손실: 0.1549 | 검증손실: 0.3088 | 학습: 99.4% | 검증: 89.4% | lr: 4.10e-05 | 1.5s
  에폭 1937/4000 | 손실: 0.1607 | 검증손실: 0.3119 | 학습: 99.3% | 검증: 89.3% | lr: 4.10e-05 | 1.5s
  에폭 1938/4000 | 손실: 0.1635 | 검증손실: 0.3106 | 학습: 99.3% | 검증: 89.4% | lr: 4.10e-05 | 1.5s
  에폭 1939/4000 | 손실: 0.1573 | 검증손실: 0.3070 | 학습: 99.4% | 검증: 89.8% | lr: 4.10e-05 | 1.6s ★
  에폭 1940/4000 | 손실: 0.1570 | 검증손실: 0.3101 | 학습: 99.2% | 검증: 89.0% | lr: 4.10e-05 | 1.5s
  에폭 1941/4000 | 손실: 0.1595 | 검증손실: 0.3067 | 학습: 99.4% | 검증: 89.2% | lr: 4.10e-05 | 1.5s
  에폭 1942/4000 | 손실: 0.1556 | 검증손실: 0.3050 | 학습: 99.3% | 검증: 89.2% | lr: 4.10e-05 | 1.5s
  에폭 1943/4000 | 손실: 0.1583 | 검증손실: 0.3068 | 학습: 99.4% | 검증: 89.6% | lr: 4.10e-05 | 1.5s
  에폭 1944/4000 | 손실: 0.1567 | 검증손실: 0.3140 | 학습: 99.4% | 검증: 89.1% | lr: 4.10e-05 | 1.5s
  에폭 1945/4000 | 손실: 0.1635 | 검증손실: 0.3155 | 학습: 99.4% | 검증: 89.0% | lr: 4.10e-05 | 1.5s
  에폭 1946/4000 | 손실: 0.1586 | 검증손실: 0.3048 | 학습: 99.4% | 검증: 89.3% | lr: 4.10e-05 | 1.5s
  에폭 1947/4000 | 손실: 0.1617 | 검증손실: 0.3067 | 학습: 99.2% | 검증: 89.3% | lr: 4.10e-05 | 1.5s
  에폭 1948/4000 | 손실: 0.1605 | 검증손실: 0.3122 | 학습: 99.4% | 검증: 89.4% | lr: 4.10e-05 | 1.5s
  에폭 1949/4000 | 손실: 0.1564 | 검증손실: 0.3053 | 학습: 99.4% | 검증: 89.0% | lr: 4.10e-05 | 1.6s
  에폭 1950/4000 | 손실: 0.1577 | 검증손실: 0.3073 | 학습: 99.5% | 검증: 89.4% | lr: 4.10e-05 | 1.5s
  에폭 1951/4000 | 손실: 0.1584 | 검증손실: 0.3074 | 학습: 99.4% | 검증: 89.2% | lr: 4.10e-05 | 1.6s
  에폭 1952/4000 | 손실: 0.1579 | 검증손실: 0.3150 | 학습: 99.4% | 검증: 89.2% | lr: 3.28e-05 | 1.5s
  에폭 1953/4000 | 손실: 0.1644 | 검증손실: 0.3158 | 학습: 99.4% | 검증: 89.1% | lr: 3.28e-05 | 1.5s
  에폭 1954/4000 | 손실: 0.1607 | 검증손실: 0.3046 | 학습: 99.3% | 검증: 89.3% | lr: 3.28e-05 | 1.5s
  에폭 1955/4000 | 손실: 0.1524 | 검증손실: 0.3140 | 학습: 99.3% | 검증: 89.1% | lr: 3.28e-05 | 1.5s
  에폭 1956/4000 | 손실: 0.1568 | 검증손실: 0.3123 | 학습: 99.5% | 검증: 89.2% | lr: 3.28e-05 | 1.6s
  에폭 1957/4000 | 손실: 0.1567 | 검증손실: 0.3086 | 학습: 99.4% | 검증: 89.3% | lr: 3.28e-05 | 1.5s
  에폭 1958/4000 | 손실: 0.1529 | 검증손실: 0.3095 | 학습: 99.4% | 검증: 89.7% | lr: 3.28e-05 | 1.5s
  에폭 1959/4000 | 손실: 0.1546 | 검증손실: 0.3148 | 학습: 99.2% | 검증: 89.1% | lr: 3.28e-05 | 1.5s
  에폭 1960/4000 | 손실: 0.1553 | 검증손실: 0.3142 | 학습: 99.4% | 검증: 89.3% | lr: 3.28e-05 | 1.5s
  에폭 1961/4000 | 손실: 0.1547 | 검증손실: 0.3132 | 학습: 99.3% | 검증: 89.4% | lr: 3.28e-05 | 1.5s
  에폭 1962/4000 | 손실: 0.1519 | 검증손실: 0.3055 | 학습: 99.5% | 검증: 89.3% | lr: 3.28e-05 | 1.5s
  에폭 1963/4000 | 손실: 0.1565 | 검증손실: 0.3075 | 학습: 99.4% | 검증: 89.4% | lr: 3.28e-05 | 1.5s
  에폭 1964/4000 | 손실: 0.1571 | 검증손실: 0.2999 | 학습: 99.4% | 검증: 89.5% | lr: 3.28e-05 | 1.5s
  에폭 1965/4000 | 손실: 0.1598 | 검증손실: 0.3094 | 학습: 99.4% | 검증: 88.9% | lr: 3.28e-05 | 1.5s
  에폭 1966/4000 | 손실: 0.1583 | 검증손실: 0.3110 | 학습: 99.4% | 검증: 89.1% | lr: 3.28e-05 | 1.5s
  에폭 1967/4000 | 손실: 0.1578 | 검증손실: 0.3074 | 학습: 99.4% | 검증: 89.3% | lr: 3.28e-05 | 1.5s
  에폭 1968/4000 | 손실: 0.1582 | 검증손실: 0.3086 | 학습: 99.4% | 검증: 89.3% | lr: 3.28e-05 | 1.5s
  에폭 1969/4000 | 손실: 0.1597 | 검증손실: 0.3075 | 학습: 99.3% | 검증: 89.1% | lr: 3.28e-05 | 1.6s
  에폭 1970/4000 | 손실: 0.1554 | 검증손실: 0.3125 | 학습: 99.4% | 검증: 89.3% | lr: 3.28e-05 | 1.5s
  에폭 1971/4000 | 손실: 0.1577 | 검증손실: 0.3087 | 학습: 99.5% | 검증: 89.5% | lr: 3.28e-05 | 1.6s
  에폭 1972/4000 | 손실: 0.1545 | 검증손실: 0.3025 | 학습: 99.3% | 검증: 89.3% | lr: 3.28e-05 | 1.5s
  에폭 1973/4000 | 손실: 0.1562 | 검증손실: 0.3074 | 학습: 99.5% | 검증: 89.5% | lr: 3.28e-05 | 1.6s
  에폭 1974/4000 | 손실: 0.1543 | 검증손실: 0.3118 | 학습: 99.4% | 검증: 89.4% | lr: 3.28e-05 | 1.5s
  에폭 1975/4000 | 손실: 0.1523 | 검증손실: 0.3143 | 학습: 99.4% | 검증: 89.3% | lr: 3.28e-05 | 1.5s
  에폭 1976/4000 | 손실: 0.1499 | 검증손실: 0.3154 | 학습: 99.4% | 검증: 89.4% | lr: 3.28e-05 | 1.5s
  에폭 1977/4000 | 손실: 0.1566 | 검증손실: 0.3033 | 학습: 99.4% | 검증: 89.5% | lr: 3.28e-05 | 1.5s
  에폭 1978/4000 | 손실: 0.1550 | 검증손실: 0.3074 | 학습: 99.3% | 검증: 89.6% | lr: 3.28e-05 | 1.5s
  에폭 1979/4000 | 손실: 0.1545 | 검증손실: 0.3082 | 학습: 99.4% | 검증: 89.6% | lr: 3.28e-05 | 1.5s
  에폭 1980/4000 | 손실: 0.1584 | 검증손실: 0.3094 | 학습: 99.4% | 검증: 89.4% | lr: 3.28e-05 | 1.5s
  에폭 1981/4000 | 손실: 0.1596 | 검증손실: 0.3077 | 학습: 99.4% | 검증: 89.5% | lr: 3.28e-05 | 1.6s
  에폭 1982/4000 | 손실: 0.1513 | 검증손실: 0.3144 | 학습: 99.4% | 검증: 89.5% | lr: 3.28e-05 | 1.5s
  에폭 1983/4000 | 손실: 0.1572 | 검증손실: 0.3074 | 학습: 99.4% | 검증: 89.2% | lr: 3.28e-05 | 1.5s
  에폭 1984/4000 | 손실: 0.1539 | 검증손실: 0.3054 | 학습: 99.4% | 검증: 89.6% | lr: 3.28e-05 | 1.5s
  에폭 1985/4000 | 손실: 0.1604 | 검증손실: 0.3038 | 학습: 99.3% | 검증: 89.7% | lr: 3.28e-05 | 1.5s
  에폭 1986/4000 | 손실: 0.1595 | 검증손실: 0.3062 | 학습: 99.2% | 검증: 89.2% | lr: 3.28e-05 | 1.5s
  에폭 1987/4000 | 손실: 0.1546 | 검증손실: 0.3037 | 학습: 99.4% | 검증: 89.3% | lr: 3.28e-05 | 1.5s
  에폭 1988/4000 | 손실: 0.1508 | 검증손실: 0.3095 | 학습: 99.3% | 검증: 89.2% | lr: 3.28e-05 | 1.6s
  에폭 1989/4000 | 손실: 0.1517 | 검증손실: 0.3079 | 학습: 99.4% | 검증: 89.2% | lr: 3.28e-05 | 1.8s
  에폭 1990/4000 | 손실: 0.1584 | 검증손실: 0.3033 | 학습: 99.4% | 검증: 89.5% | lr: 3.28e-05 | 1.8s
  에폭 1991/4000 | 손실: 0.1650 | 검증손실: 0.3102 | 학습: 99.5% | 검증: 89.4% | lr: 3.28e-05 | 1.6s
  에폭 1992/4000 | 손실: 0.1530 | 검증손실: 0.3084 | 학습: 99.4% | 검증: 89.3% | lr: 3.28e-05 | 1.5s
  에폭 1993/4000 | 손실: 0.1600 | 검증손실: 0.3106 | 학습: 99.4% | 검증: 89.4% | lr: 3.28e-05 | 1.5s
  에폭 1994/4000 | 손실: 0.1525 | 검증손실: 0.3102 | 학습: 99.4% | 검증: 89.4% | lr: 3.28e-05 | 1.5s
  에폭 1995/4000 | 손실: 0.1585 | 검증손실: 0.3075 | 학습: 99.5% | 검증: 89.6% | lr: 3.28e-05 | 1.5s
  에폭 1996/4000 | 손실: 0.1485 | 검증손실: 0.3075 | 학습: 99.3% | 검증: 89.6% | lr: 3.28e-05 | 1.6s
  에폭 1997/4000 | 손실: 0.1548 | 검증손실: 0.3121 | 학습: 99.4% | 검증: 89.3% | lr: 3.28e-05 | 1.7s
  에폭 1998/4000 | 손실: 0.1531 | 검증손실: 0.3071 | 학습: 99.5% | 검증: 89.6% | lr: 3.28e-05 | 1.6s
  에폭 1999/4000 | 손실: 0.1586 | 검증손실: 0.3085 | 학습: 99.4% | 검증: 89.1% | lr: 3.28e-05 | 1.7s
  에폭 2000/4000 | 손실: 0.1584 | 검증손실: 0.3116 | 학습: 99.4% | 검증: 89.5% | lr: 3.28e-05 | 1.8s
  에폭 2001/4000 | 손실: 0.1555 | 검증손실: 0.3077 | 학습: 99.5% | 검증: 89.1% | lr: 3.28e-05 | 1.7s
  에폭 2002/4000 | 손실: 0.1544 | 검증손실: 0.3075 | 학습: 99.3% | 검증: 89.4% | lr: 3.28e-05 | 1.6s
  에폭 2003/4000 | 손실: 0.1563 | 검증손실: 0.3049 | 학습: 99.3% | 검증: 89.0% | lr: 3.28e-05 | 1.6s
  에폭 2004/4000 | 손실: 0.1549 | 검증손실: 0.3152 | 학습: 99.2% | 검증: 89.1% | lr: 3.28e-05 | 1.6s
  에폭 2005/4000 | 손실: 0.1538 | 검증손실: 0.3122 | 학습: 99.4% | 검증: 89.4% | lr: 3.28e-05 | 1.6s
  에폭 2006/4000 | 손실: 0.1585 | 검증손실: 0.3136 | 학습: 99.4% | 검증: 89.2% | lr: 3.28e-05 | 1.5s
  에폭 2007/4000 | 손실: 0.1572 | 검증손실: 0.3079 | 학습: 99.5% | 검증: 89.3% | lr: 3.28e-05 | 1.6s
  에폭 2008/4000 | 손실: 0.1605 | 검증손실: 0.3088 | 학습: 99.4% | 검증: 89.3% | lr: 3.28e-05 | 1.5s
  에폭 2009/4000 | 손실: 0.1543 | 검증손실: 0.3116 | 학습: 99.5% | 검증: 89.2% | lr: 3.28e-05 | 1.5s
  에폭 2010/4000 | 손실: 0.1607 | 검증손실: 0.3038 | 학습: 99.3% | 검증: 89.7% | lr: 3.28e-05 | 1.5s
  에폭 2011/4000 | 손실: 0.1588 | 검증손실: 0.3095 | 학습: 99.4% | 검증: 89.3% | lr: 3.28e-05 | 1.5s
  에폭 2012/4000 | 손실: 0.1577 | 검증손실: 0.3089 | 학습: 99.5% | 검증: 89.3% | lr: 3.28e-05 | 1.5s
  에폭 2013/4000 | 손실: 0.1530 | 검증손실: 0.3079 | 학습: 99.4% | 검증: 89.0% | lr: 3.28e-05 | 1.5s
  에폭 2014/4000 | 손실: 0.1604 | 검증손실: 0.3267 | 학습: 99.4% | 검증: 89.1% | lr: 3.28e-05 | 1.6s
  에폭 2015/4000 | 손실: 0.1589 | 검증손실: 0.3154 | 학습: 99.4% | 검증: 89.3% | lr: 3.28e-05 | 1.6s
  에폭 2016/4000 | 손실: 0.1597 | 검증손실: 0.3127 | 학습: 99.3% | 검증: 88.8% | lr: 3.28e-05 | 1.5s
  에폭 2017/4000 | 손실: 0.1591 | 검증손실: 0.3141 | 학습: 99.4% | 검증: 89.1% | lr: 3.28e-05 | 1.6s
  에폭 2018/4000 | 손실: 0.1564 | 검증손실: 0.3106 | 학습: 99.4% | 검증: 89.1% | lr: 3.28e-05 | 1.5s
  에폭 2019/4000 | 손실: 0.1554 | 검증손실: 0.3090 | 학습: 99.5% | 검증: 89.1% | lr: 3.28e-05 | 1.6s
  에폭 2020/4000 | 손실: 0.1546 | 검증손실: 0.3140 | 학습: 99.4% | 검증: 89.1% | lr: 3.28e-05 | 1.6s
  에폭 2021/4000 | 손실: 0.1549 | 검증손실: 0.3018 | 학습: 99.5% | 검증: 89.5% | lr: 3.28e-05 | 1.6s
  에폭 2022/4000 | 손실: 0.1546 | 검증손실: 0.3095 | 학습: 99.5% | 검증: 89.2% | lr: 3.28e-05 | 1.5s
  에폭 2023/4000 | 손실: 0.1548 | 검증손실: 0.3055 | 학습: 99.5% | 검증: 89.3% | lr: 3.28e-05 | 1.5s
  에폭 2024/4000 | 손실: 0.1550 | 검증손실: 0.3090 | 학습: 99.5% | 검증: 89.4% | lr: 3.28e-05 | 1.5s
  에폭 2025/4000 | 손실: 0.1570 | 검증손실: 0.3115 | 학습: 99.3% | 검증: 89.1% | lr: 3.28e-05 | 1.5s
  에폭 2026/4000 | 손실: 0.1507 | 검증손실: 0.3154 | 학습: 99.4% | 검증: 89.2% | lr: 3.28e-05 | 1.5s
  에폭 2027/4000 | 손실: 0.1521 | 검증손실: 0.3053 | 학습: 99.5% | 검증: 89.4% | lr: 3.28e-05 | 1.5s
  에폭 2028/4000 | 손실: 0.1520 | 검증손실: 0.3116 | 학습: 99.4% | 검증: 89.4% | lr: 3.28e-05 | 1.5s
  에폭 2029/4000 | 손실: 0.1573 | 검증손실: 0.3026 | 학습: 99.4% | 검증: 89.4% | lr: 3.28e-05 | 1.5s
  에폭 2030/4000 | 손실: 0.1538 | 검증손실: 0.3084 | 학습: 99.5% | 검증: 89.2% | lr: 3.28e-05 | 1.5s
  에폭 2031/4000 | 손실: 0.1504 | 검증손실: 0.3152 | 학습: 99.4% | 검증: 89.1% | lr: 3.28e-05 | 1.5s
  에폭 2032/4000 | 손실: 0.1547 | 검증손실: 0.3109 | 학습: 99.5% | 검증: 89.3% | lr: 3.28e-05 | 1.5s
  에폭 2033/4000 | 손실: 0.1568 | 검증손실: 0.3091 | 학습: 99.5% | 검증: 89.5% | lr: 3.28e-05 | 1.5s
  에폭 2034/4000 | 손실: 0.1553 | 검증손실: 0.3123 | 학습: 99.4% | 검증: 89.4% | lr: 3.28e-05 | 1.6s
  에폭 2035/4000 | 손실: 0.1516 | 검증손실: 0.3059 | 학습: 99.4% | 검증: 89.5% | lr: 3.28e-05 | 1.5s
  에폭 2036/4000 | 손실: 0.1591 | 검증손실: 0.3045 | 학습: 99.5% | 검증: 89.0% | lr: 3.28e-05 | 1.6s
  에폭 2037/4000 | 손실: 0.1613 | 검증손실: 0.3086 | 학습: 99.5% | 검증: 89.4% | lr: 3.28e-05 | 1.5s
  에폭 2038/4000 | 손실: 0.1589 | 검증손실: 0.3123 | 학습: 99.4% | 검증: 89.6% | lr: 3.28e-05 | 1.5s
  에폭 2039/4000 | 손실: 0.1527 | 검증손실: 0.3097 | 학습: 99.4% | 검증: 89.3% | lr: 3.28e-05 | 1.5s
  에폭 2040/4000 | 손실: 0.1502 | 검증손실: 0.3110 | 학습: 99.4% | 검증: 89.3% | lr: 3.28e-05 | 1.5s
  에폭 2041/4000 | 손실: 0.1511 | 검증손실: 0.3060 | 학습: 99.4% | 검증: 89.6% | lr: 3.28e-05 | 1.5s
  에폭 2042/4000 | 손실: 0.1584 | 검증손실: 0.3097 | 학습: 99.5% | 검증: 89.5% | lr: 3.28e-05 | 1.6s
  에폭 2043/4000 | 손실: 0.1531 | 검증손실: 0.3185 | 학습: 99.4% | 검증: 89.4% | lr: 3.28e-05 | 1.6s
  에폭 2044/4000 | 손실: 0.1560 | 검증손실: 0.3097 | 학습: 99.5% | 검증: 89.4% | lr: 3.28e-05 | 1.6s
  에폭 2045/4000 | 손실: 0.1535 | 검증손실: 0.3131 | 학습: 99.4% | 검증: 89.1% | lr: 3.28e-05 | 1.5s
  에폭 2046/4000 | 손실: 0.1564 | 검증손실: 0.3133 | 학습: 99.5% | 검증: 89.5% | lr: 3.28e-05 | 1.5s
  에폭 2047/4000 | 손실: 0.1534 | 검증손실: 0.3076 | 학습: 99.5% | 검증: 89.3% | lr: 3.28e-05 | 1.5s
  에폭 2048/4000 | 손실: 0.1516 | 검증손실: 0.3135 | 학습: 99.5% | 검증: 89.2% | lr: 3.28e-05 | 1.5s
  에폭 2049/4000 | 손실: 0.1500 | 검증손실: 0.3016 | 학습: 99.3% | 검증: 89.2% | lr: 3.28e-05 | 1.5s
  에폭 2050/4000 | 손실: 0.1517 | 검증손실: 0.3111 | 학습: 99.5% | 검증: 89.3% | lr: 3.28e-05 | 1.5s
  에폭 2051/4000 | 손실: 0.1573 | 검증손실: 0.3103 | 학습: 99.3% | 검증: 89.4% | lr: 3.28e-05 | 1.5s
  에폭 2052/4000 | 손실: 0.1545 | 검증손실: 0.3075 | 학습: 99.5% | 검증: 89.3% | lr: 3.28e-05 | 1.5s
  에폭 2053/4000 | 손실: 0.1537 | 검증손실: 0.3182 | 학습: 99.4% | 검증: 89.1% | lr: 3.28e-05 | 1.5s
  에폭 2054/4000 | 손실: 0.1510 | 검증손실: 0.3125 | 학습: 99.4% | 검증: 89.6% | lr: 3.28e-05 | 1.5s
  에폭 2055/4000 | 손실: 0.1557 | 검증손실: 0.3149 | 학습: 99.4% | 검증: 89.2% | lr: 3.28e-05 | 1.5s
  에폭 2056/4000 | 손실: 0.1555 | 검증손실: 0.3170 | 학습: 99.2% | 검증: 89.1% | lr: 3.28e-05 | 1.5s
  에폭 2057/4000 | 손실: 0.1501 | 검증손실: 0.3065 | 학습: 99.4% | 검증: 89.6% | lr: 3.28e-05 | 1.5s
  에폭 2058/4000 | 손실: 0.1566 | 검증손실: 0.3050 | 학습: 99.4% | 검증: 89.5% | lr: 3.28e-05 | 1.5s
  에폭 2059/4000 | 손실: 0.1552 | 검증손실: 0.3176 | 학습: 99.4% | 검증: 89.4% | lr: 3.28e-05 | 1.6s
  에폭 2060/4000 | 손실: 0.1515 | 검증손실: 0.3083 | 학습: 99.4% | 검증: 89.5% | lr: 3.28e-05 | 1.5s
  에폭 2061/4000 | 손실: 0.1508 | 검증손실: 0.3144 | 학습: 99.4% | 검증: 89.1% | lr: 3.28e-05 | 1.5s
  에폭 2062/4000 | 손실: 0.1551 | 검증손실: 0.3053 | 학습: 99.4% | 검증: 89.6% | lr: 3.28e-05 | 1.5s
  에폭 2063/4000 | 손실: 0.1583 | 검증손실: 0.3047 | 학습: 99.4% | 검증: 89.4% | lr: 3.28e-05 | 1.5s
  에폭 2064/4000 | 손실: 0.1578 | 검증손실: 0.3017 | 학습: 99.4% | 검증: 89.5% | lr: 3.28e-05 | 1.6s
  에폭 2065/4000 | 손실: 0.1583 | 검증손실: 0.3033 | 학습: 99.3% | 검증: 89.0% | lr: 3.28e-05 | 1.5s
  에폭 2066/4000 | 손실: 0.1595 | 검증손실: 0.3130 | 학습: 99.1% | 검증: 89.1% | lr: 3.28e-05 | 1.6s
  에폭 2067/4000 | 손실: 0.1534 | 검증손실: 0.3073 | 학습: 99.5% | 검증: 89.5% | lr: 3.28e-05 | 1.6s
  에폭 2068/4000 | 손실: 0.1536 | 검증손실: 0.3020 | 학습: 99.5% | 검증: 89.5% | lr: 3.28e-05 | 1.5s
  에폭 2069/4000 | 손실: 0.1554 | 검증손실: 0.3056 | 학습: 99.4% | 검증: 89.6% | lr: 3.28e-05 | 1.5s
  에폭 2070/4000 | 손실: 0.1499 | 검증손실: 0.2973 | 학습: 99.4% | 검증: 89.6% | lr: 3.28e-05 | 1.5s
  에폭 2071/4000 | 손실: 0.1537 | 검증손실: 0.3134 | 학습: 99.5% | 검증: 89.2% | lr: 3.28e-05 | 1.5s
  에폭 2072/4000 | 손실: 0.1502 | 검증손실: 0.3146 | 학습: 99.4% | 검증: 89.3% | lr: 3.28e-05 | 1.5s
  에폭 2073/4000 | 손실: 0.1503 | 검증손실: 0.3047 | 학습: 99.4% | 검증: 89.5% | lr: 3.28e-05 | 1.5s
  에폭 2074/4000 | 손실: 0.1562 | 검증손실: 0.3022 | 학습: 99.5% | 검증: 89.3% | lr: 3.28e-05 | 1.5s
  에폭 2075/4000 | 손실: 0.1526 | 검증손실: 0.3115 | 학습: 99.5% | 검증: 89.1% | lr: 3.28e-05 | 1.5s
  에폭 2076/4000 | 손실: 0.1549 | 검증손실: 0.3162 | 학습: 99.4% | 검증: 89.1% | lr: 3.28e-05 | 1.5s
  에폭 2077/4000 | 손실: 0.1610 | 검증손실: 0.3138 | 학습: 99.5% | 검증: 89.1% | lr: 3.28e-05 | 1.5s
  에폭 2078/4000 | 손실: 0.1528 | 검증손실: 0.3135 | 학습: 99.5% | 검증: 89.0% | lr: 3.28e-05 | 1.5s
  에폭 2079/4000 | 손실: 0.1536 | 검증손실: 0.3117 | 학습: 99.4% | 검증: 89.2% | lr: 3.28e-05 | 1.5s
  에폭 2080/4000 | 손실: 0.1544 | 검증손실: 0.3102 | 학습: 99.4% | 검증: 89.3% | lr: 3.28e-05 | 1.5s
  에폭 2081/4000 | 손실: 0.1511 | 검증손실: 0.3163 | 학습: 99.4% | 검증: 89.0% | lr: 3.28e-05 | 1.5s
  에폭 2082/4000 | 손실: 0.1438 | 검증손실: 0.3093 | 학습: 99.3% | 검증: 89.4% | lr: 3.28e-05 | 1.5s
  에폭 2083/4000 | 손실: 0.1522 | 검증손실: 0.3123 | 학습: 99.5% | 검증: 89.4% | lr: 3.28e-05 | 1.5s
  에폭 2084/4000 | 손실: 0.1499 | 검증손실: 0.3149 | 학습: 99.4% | 검증: 88.9% | lr: 3.28e-05 | 1.5s
  에폭 2085/4000 | 손실: 0.1563 | 검증손실: 0.3157 | 학습: 99.4% | 검증: 89.3% | lr: 3.28e-05 | 1.5s
  에폭 2086/4000 | 손실: 0.1572 | 검증손실: 0.3149 | 학습: 99.4% | 검증: 89.1% | lr: 3.28e-05 | 1.5s
  에폭 2087/4000 | 손실: 0.1573 | 검증손실: 0.3178 | 학습: 99.4% | 검증: 89.4% | lr: 3.28e-05 | 1.5s
  에폭 2088/4000 | 손실: 0.1541 | 검증손실: 0.3067 | 학습: 99.5% | 검증: 89.1% | lr: 3.28e-05 | 1.5s
  에폭 2089/4000 | 손실: 0.1490 | 검증손실: 0.3120 | 학습: 99.5% | 검증: 89.5% | lr: 3.28e-05 | 1.5s
  에폭 2090/4000 | 손실: 0.1540 | 검증손실: 0.3073 | 학습: 99.4% | 검증: 89.0% | lr: 3.28e-05 | 1.5s
  에폭 2091/4000 | 손실: 0.1557 | 검증손실: 0.3149 | 학습: 99.4% | 검증: 89.3% | lr: 3.28e-05 | 1.5s
  에폭 2092/4000 | 손실: 0.1572 | 검증손실: 0.3086 | 학습: 99.4% | 검증: 89.0% | lr: 3.28e-05 | 1.5s
  에폭 2093/4000 | 손실: 0.1532 | 검증손실: 0.3053 | 학습: 99.5% | 검증: 89.1% | lr: 3.28e-05 | 1.5s
  에폭 2094/4000 | 손실: 0.1588 | 검증손실: 0.3110 | 학습: 99.5% | 검증: 89.7% | lr: 3.28e-05 | 1.5s
  에폭 2095/4000 | 손실: 0.1550 | 검증손실: 0.3065 | 학습: 99.5% | 검증: 89.8% | lr: 3.28e-05 | 1.6s
  에폭 2096/4000 | 손실: 0.1612 | 검증손실: 0.3144 | 학습: 99.4% | 검증: 89.3% | lr: 3.28e-05 | 1.6s
  에폭 2097/4000 | 손실: 0.1507 | 검증손실: 0.3054 | 학습: 99.4% | 검증: 89.5% | lr: 3.28e-05 | 1.6s
  에폭 2098/4000 | 손실: 0.1577 | 검증손실: 0.3090 | 학습: 99.5% | 검증: 89.3% | lr: 3.28e-05 | 1.6s
  에폭 2099/4000 | 손실: 0.1550 | 검증손실: 0.3128 | 학습: 99.3% | 검증: 89.5% | lr: 3.28e-05 | 1.5s
  에폭 2100/4000 | 손실: 0.1527 | 검증손실: 0.3029 | 학습: 99.5% | 검증: 89.6% | lr: 3.28e-05 | 1.5s
  에폭 2101/4000 | 손실: 0.1501 | 검증손실: 0.3061 | 학습: 99.5% | 검증: 89.5% | lr: 3.28e-05 | 1.5s
  에폭 2102/4000 | 손실: 0.1546 | 검증손실: 0.3116 | 학습: 99.3% | 검증: 89.3% | lr: 3.28e-05 | 1.5s
  에폭 2103/4000 | 손실: 0.1524 | 검증손실: 0.3093 | 학습: 99.2% | 검증: 89.1% | lr: 2.62e-05 | 1.5s
  에폭 2104/4000 | 손실: 0.1488 | 검증손실: 0.3167 | 학습: 99.4% | 검증: 89.1% | lr: 2.62e-05 | 1.5s
  에폭 2105/4000 | 손실: 0.1574 | 검증손실: 0.3150 | 학습: 99.4% | 검증: 89.3% | lr: 2.62e-05 | 1.5s
  에폭 2106/4000 | 손실: 0.1439 | 검증손실: 0.3110 | 학습: 99.4% | 검증: 89.4% | lr: 2.62e-05 | 1.5s
  에폭 2107/4000 | 손실: 0.1519 | 검증손실: 0.3070 | 학습: 99.4% | 검증: 89.3% | lr: 2.62e-05 | 1.5s
  에폭 2108/4000 | 손실: 0.1551 | 검증손실: 0.3100 | 학습: 99.5% | 검증: 89.7% | lr: 2.62e-05 | 1.5s
  에폭 2109/4000 | 손실: 0.1484 | 검증손실: 0.3153 | 학습: 99.4% | 검증: 89.3% | lr: 2.62e-05 | 1.5s
  에폭 2110/4000 | 손실: 0.1425 | 검증손실: 0.3066 | 학습: 99.5% | 검증: 89.9% | lr: 2.62e-05 | 1.6s ★
  에폭 2111/4000 | 손실: 0.1577 | 검증손실: 0.3132 | 학습: 99.3% | 검증: 89.5% | lr: 2.62e-05 | 1.6s
  에폭 2112/4000 | 손실: 0.1503 | 검증손실: 0.3082 | 학습: 99.5% | 검증: 89.3% | lr: 2.62e-05 | 1.6s
  에폭 2113/4000 | 손실: 0.1499 | 검증손실: 0.3067 | 학습: 99.6% | 검증: 88.8% | lr: 2.62e-05 | 1.6s
  에폭 2114/4000 | 손실: 0.1512 | 검증손실: 0.3163 | 학습: 99.5% | 검증: 89.3% | lr: 2.62e-05 | 1.7s
  에폭 2115/4000 | 손실: 0.1533 | 검증손실: 0.3049 | 학습: 99.4% | 검증: 89.3% | lr: 2.62e-05 | 1.6s
  에폭 2116/4000 | 손실: 0.1541 | 검증손실: 0.3065 | 학습: 99.4% | 검증: 89.2% | lr: 2.62e-05 | 1.6s
  에폭 2117/4000 | 손실: 0.1581 | 검증손실: 0.3026 | 학습: 99.5% | 검증: 89.3% | lr: 2.62e-05 | 1.5s
  에폭 2118/4000 | 손실: 0.1518 | 검증손실: 0.3089 | 학습: 99.4% | 검증: 89.2% | lr: 2.62e-05 | 1.6s
  에폭 2119/4000 | 손실: 0.1584 | 검증손실: 0.3067 | 학습: 99.5% | 검증: 89.1% | lr: 2.62e-05 | 1.5s
  에폭 2120/4000 | 손실: 0.1584 | 검증손실: 0.3101 | 학습: 99.5% | 검증: 89.1% | lr: 2.62e-05 | 1.6s
  에폭 2121/4000 | 손실: 0.1539 | 검증손실: 0.3111 | 학습: 99.5% | 검증: 88.9% | lr: 2.62e-05 | 1.5s
  에폭 2122/4000 | 손실: 0.1505 | 검증손실: 0.3125 | 학습: 99.4% | 검증: 89.0% | lr: 2.62e-05 | 1.5s
  에폭 2123/4000 | 손실: 0.1527 | 검증손실: 0.3137 | 학습: 99.5% | 검증: 89.1% | lr: 2.62e-05 | 1.5s
  에폭 2124/4000 | 손실: 0.1466 | 검증손실: 0.3111 | 학습: 99.5% | 검증: 89.5% | lr: 2.62e-05 | 1.6s
  에폭 2125/4000 | 손실: 0.1497 | 검증손실: 0.3131 | 학습: 99.4% | 검증: 89.2% | lr: 2.62e-05 | 1.6s
  에폭 2126/4000 | 손실: 0.1525 | 검증손실: 0.3127 | 학습: 99.5% | 검증: 89.2% | lr: 2.62e-05 | 1.5s
  에폭 2127/4000 | 손실: 0.1548 | 검증손실: 0.3102 | 학습: 99.5% | 검증: 89.5% | lr: 2.62e-05 | 1.5s
  에폭 2128/4000 | 손실: 0.1542 | 검증손실: 0.3066 | 학습: 99.4% | 검증: 89.1% | lr: 2.62e-05 | 1.5s
  에폭 2129/4000 | 손실: 0.1554 | 검증손실: 0.3100 | 학습: 99.5% | 검증: 89.2% | lr: 2.62e-05 | 1.6s
  에폭 2130/4000 | 손실: 0.1480 | 검증손실: 0.3049 | 학습: 99.5% | 검증: 89.2% | lr: 2.62e-05 | 1.5s
  에폭 2131/4000 | 손실: 0.1511 | 검증손실: 0.3051 | 학습: 99.5% | 검증: 89.1% | lr: 2.62e-05 | 1.6s
  에폭 2132/4000 | 손실: 0.1481 | 검증손실: 0.3103 | 학습: 99.4% | 검증: 89.7% | lr: 2.62e-05 | 1.6s
  에폭 2133/4000 | 손실: 0.1512 | 검증손실: 0.3077 | 학습: 99.5% | 검증: 89.4% | lr: 2.62e-05 | 1.5s
  에폭 2134/4000 | 손실: 0.1464 | 검증손실: 0.3121 | 학습: 99.3% | 검증: 89.1% | lr: 2.62e-05 | 1.5s
  에폭 2135/4000 | 손실: 0.1526 | 검증손실: 0.3067 | 학습: 99.4% | 검증: 89.5% | lr: 2.62e-05 | 1.5s
  에폭 2136/4000 | 손실: 0.1545 | 검증손실: 0.3103 | 학습: 99.4% | 검증: 89.0% | lr: 2.62e-05 | 1.6s
  에폭 2137/4000 | 손실: 0.1571 | 검증손실: 0.3069 | 학습: 99.4% | 검증: 89.0% | lr: 2.62e-05 | 1.5s
  에폭 2138/4000 | 손실: 0.1532 | 검증손실: 0.3076 | 학습: 99.5% | 검증: 89.2% | lr: 2.62e-05 | 1.6s
  에폭 2139/4000 | 손실: 0.1586 | 검증손실: 0.3068 | 학습: 99.6% | 검증: 89.3% | lr: 2.62e-05 | 1.5s
  에폭 2140/4000 | 손실: 0.1499 | 검증손실: 0.3108 | 학습: 99.5% | 검증: 89.2% | lr: 2.62e-05 | 1.6s
  에폭 2141/4000 | 손실: 0.1492 | 검증손실: 0.3118 | 학습: 99.4% | 검증: 89.1% | lr: 2.62e-05 | 1.5s
  에폭 2142/4000 | 손실: 0.1477 | 검증손실: 0.3093 | 학습: 99.5% | 검증: 89.6% | lr: 2.62e-05 | 1.5s
  에폭 2143/4000 | 손실: 0.1504 | 검증손실: 0.3094 | 학습: 99.6% | 검증: 89.1% | lr: 2.62e-05 | 1.5s
  에폭 2144/4000 | 손실: 0.1540 | 검증손실: 0.3128 | 학습: 99.5% | 검증: 89.3% | lr: 2.62e-05 | 1.5s
  에폭 2145/4000 | 손실: 0.1598 | 검증손실: 0.3086 | 학습: 99.4% | 검증: 89.1% | lr: 2.62e-05 | 1.5s
  에폭 2146/4000 | 손실: 0.1512 | 검증손실: 0.3085 | 학습: 99.5% | 검증: 89.5% | lr: 2.62e-05 | 1.5s
  에폭 2147/4000 | 손실: 0.1491 | 검증손실: 0.3049 | 학습: 99.4% | 검증: 89.2% | lr: 2.62e-05 | 1.5s
  에폭 2148/4000 | 손실: 0.1537 | 검증손실: 0.3046 | 학습: 99.5% | 검증: 89.2% | lr: 2.62e-05 | 1.6s
  에폭 2149/4000 | 손실: 0.1493 | 검증손실: 0.3034 | 학습: 99.5% | 검증: 89.2% | lr: 2.62e-05 | 1.5s
  에폭 2150/4000 | 손실: 0.1492 | 검증손실: 0.3133 | 학습: 99.3% | 검증: 89.1% | lr: 2.62e-05 | 1.5s
  에폭 2151/4000 | 손실: 0.1540 | 검증손실: 0.3088 | 학습: 99.5% | 검증: 89.1% | lr: 2.62e-05 | 1.5s
  에폭 2152/4000 | 손실: 0.1503 | 검증손실: 0.3090 | 학습: 99.4% | 검증: 89.2% | lr: 2.62e-05 | 1.5s
  에폭 2153/4000 | 손실: 0.1535 | 검증손실: 0.3105 | 학습: 99.3% | 검증: 89.4% | lr: 2.62e-05 | 1.5s
  에폭 2154/4000 | 손실: 0.1503 | 검증손실: 0.3147 | 학습: 99.4% | 검증: 89.0% | lr: 2.62e-05 | 1.5s
  에폭 2155/4000 | 손실: 0.1491 | 검증손실: 0.3059 | 학습: 99.5% | 검증: 89.5% | lr: 2.62e-05 | 1.5s
  에폭 2156/4000 | 손실: 0.1485 | 검증손실: 0.3103 | 학습: 99.4% | 검증: 88.9% | lr: 2.62e-05 | 1.5s
  에폭 2157/4000 | 손실: 0.1527 | 검증손실: 0.3234 | 학습: 99.4% | 검증: 88.8% | lr: 2.62e-05 | 1.5s
  에폭 2158/4000 | 손실: 0.1521 | 검증손실: 0.3198 | 학습: 99.4% | 검증: 89.3% | lr: 2.62e-05 | 1.5s
  에폭 2159/4000 | 손실: 0.1502 | 검증손실: 0.3170 | 학습: 99.4% | 검증: 89.1% | lr: 2.62e-05 | 1.5s
  에폭 2160/4000 | 손실: 0.1507 | 검증손실: 0.3112 | 학습: 99.4% | 검증: 89.4% | lr: 2.62e-05 | 1.5s
  에폭 2161/4000 | 손실: 0.1481 | 검증손실: 0.3185 | 학습: 99.6% | 검증: 89.3% | lr: 2.62e-05 | 1.5s
  에폭 2162/4000 | 손실: 0.1484 | 검증손실: 0.3181 | 학습: 99.4% | 검증: 89.4% | lr: 2.62e-05 | 1.5s
  에폭 2163/4000 | 손실: 0.1602 | 검증손실: 0.3124 | 학습: 99.3% | 검증: 89.2% | lr: 2.62e-05 | 1.5s
  에폭 2164/4000 | 손실: 0.1539 | 검증손실: 0.3026 | 학습: 99.2% | 검증: 88.9% | lr: 2.62e-05 | 1.5s
  에폭 2165/4000 | 손실: 0.1473 | 검증손실: 0.3058 | 학습: 99.5% | 검증: 89.4% | lr: 2.62e-05 | 1.5s
  에폭 2166/4000 | 손실: 0.1503 | 검증손실: 0.3121 | 학습: 99.6% | 검증: 89.2% | lr: 2.62e-05 | 1.5s
  에폭 2167/4000 | 손실: 0.1515 | 검증손실: 0.3040 | 학습: 99.4% | 검증: 89.6% | lr: 2.62e-05 | 1.5s
  에폭 2168/4000 | 손실: 0.1507 | 검증손실: 0.3051 | 학습: 99.5% | 검증: 89.5% | lr: 2.62e-05 | 1.5s
  에폭 2169/4000 | 손실: 0.1521 | 검증손실: 0.3052 | 학습: 99.5% | 검증: 89.1% | lr: 2.62e-05 | 1.5s
  에폭 2170/4000 | 손실: 0.1526 | 검증손실: 0.3056 | 학습: 99.5% | 검증: 89.3% | lr: 2.62e-05 | 1.5s
  에폭 2171/4000 | 손실: 0.1520 | 검증손실: 0.3133 | 학습: 99.5% | 검증: 89.3% | lr: 2.62e-05 | 1.5s
  에폭 2172/4000 | 손실: 0.1491 | 검증손실: 0.3052 | 학습: 99.5% | 검증: 89.2% | lr: 2.62e-05 | 1.5s
  에폭 2173/4000 | 손실: 0.1559 | 검증손실: 0.3161 | 학습: 99.5% | 검증: 89.3% | lr: 2.62e-05 | 1.5s
  에폭 2174/4000 | 손실: 0.1505 | 검증손실: 0.3078 | 학습: 99.6% | 검증: 89.6% | lr: 2.62e-05 | 1.5s
  에폭 2175/4000 | 손실: 0.1551 | 검증손실: 0.3084 | 학습: 99.5% | 검증: 89.6% | lr: 2.62e-05 | 1.5s
  에폭 2176/4000 | 손실: 0.1517 | 검증손실: 0.3048 | 학습: 99.5% | 검증: 89.3% | lr: 2.62e-05 | 1.5s
  에폭 2177/4000 | 손실: 0.1512 | 검증손실: 0.3113 | 학습: 99.5% | 검증: 89.6% | lr: 2.62e-05 | 1.5s
  에폭 2178/4000 | 손실: 0.1514 | 검증손실: 0.3095 | 학습: 99.6% | 검증: 89.3% | lr: 2.62e-05 | 1.5s
  에폭 2179/4000 | 손실: 0.1508 | 검증손실: 0.3137 | 학습: 99.5% | 검증: 89.1% | lr: 2.62e-05 | 1.5s
  에폭 2180/4000 | 손실: 0.1559 | 검증손실: 0.3138 | 학습: 99.5% | 검증: 89.2% | lr: 2.62e-05 | 1.5s
  에폭 2181/4000 | 손실: 0.1518 | 검증손실: 0.3057 | 학습: 99.4% | 검증: 88.9% | lr: 2.62e-05 | 1.5s
  에폭 2182/4000 | 손실: 0.1524 | 검증손실: 0.3116 | 학습: 99.5% | 검증: 89.6% | lr: 2.62e-05 | 1.5s
  에폭 2183/4000 | 손실: 0.1502 | 검증손실: 0.3114 | 학습: 99.5% | 검증: 89.3% | lr: 2.62e-05 | 1.5s
  에폭 2184/4000 | 손실: 0.1501 | 검증손실: 0.3051 | 학습: 99.5% | 검증: 89.5% | lr: 2.62e-05 | 1.5s
  에폭 2185/4000 | 손실: 0.1457 | 검증손실: 0.3166 | 학습: 99.5% | 검증: 89.5% | lr: 2.62e-05 | 1.5s
  에폭 2186/4000 | 손실: 0.1524 | 검증손실: 0.3091 | 학습: 99.6% | 검증: 89.4% | lr: 2.62e-05 | 1.5s
  에폭 2187/4000 | 손실: 0.1484 | 검증손실: 0.3170 | 학습: 99.4% | 검증: 89.2% | lr: 2.62e-05 | 1.5s
  에폭 2188/4000 | 손실: 0.1474 | 검증손실: 0.3124 | 학습: 99.4% | 검증: 89.5% | lr: 2.62e-05 | 1.5s
  에폭 2189/4000 | 손실: 0.1522 | 검증손실: 0.3069 | 학습: 99.5% | 검증: 89.3% | lr: 2.62e-05 | 1.6s
  에폭 2190/4000 | 손실: 0.1531 | 검증손실: 0.3093 | 학습: 99.6% | 검증: 89.2% | lr: 2.62e-05 | 1.5s
  에폭 2191/4000 | 손실: 0.1475 | 검증손실: 0.3159 | 학습: 99.5% | 검증: 89.0% | lr: 2.62e-05 | 1.5s
  에폭 2192/4000 | 손실: 0.1498 | 검증손실: 0.3197 | 학습: 99.5% | 검증: 89.4% | lr: 2.62e-05 | 1.5s
  에폭 2193/4000 | 손실: 0.1504 | 검증손실: 0.3117 | 학습: 99.4% | 검증: 89.5% | lr: 2.62e-05 | 1.6s
  에폭 2194/4000 | 손실: 0.1524 | 검증손실: 0.3078 | 학습: 99.5% | 검증: 89.3% | lr: 2.62e-05 | 1.5s
  에폭 2195/4000 | 손실: 0.1506 | 검증손실: 0.3036 | 학습: 99.5% | 검증: 89.4% | lr: 2.62e-05 | 1.5s
  에폭 2196/4000 | 손실: 0.1499 | 검증손실: 0.3129 | 학습: 99.5% | 검증: 89.2% | lr: 2.62e-05 | 1.5s
  에폭 2197/4000 | 손실: 0.1530 | 검증손실: 0.3176 | 학습: 99.5% | 검증: 89.2% | lr: 2.62e-05 | 1.5s
  에폭 2198/4000 | 손실: 0.1493 | 검증손실: 0.3141 | 학습: 99.5% | 검증: 89.2% | lr: 2.62e-05 | 1.5s
  에폭 2199/4000 | 손실: 0.1520 | 검증손실: 0.3158 | 학습: 99.5% | 검증: 89.3% | lr: 2.62e-05 | 1.5s
  에폭 2200/4000 | 손실: 0.1556 | 검증손실: 0.3115 | 학습: 99.5% | 검증: 89.4% | lr: 2.62e-05 | 1.5s
  에폭 2201/4000 | 손실: 0.1508 | 검증손실: 0.3164 | 학습: 99.5% | 검증: 89.0% | lr: 2.62e-05 | 1.5s
  에폭 2202/4000 | 손실: 0.1558 | 검증손실: 0.3254 | 학습: 99.4% | 검증: 89.0% | lr: 2.62e-05 | 1.5s
  에폭 2203/4000 | 손실: 0.1525 | 검증손실: 0.3079 | 학습: 99.5% | 검증: 89.3% | lr: 2.62e-05 | 1.5s
  에폭 2204/4000 | 손실: 0.1496 | 검증손실: 0.3169 | 학습: 99.5% | 검증: 89.4% | lr: 2.62e-05 | 1.5s
  에폭 2205/4000 | 손실: 0.1524 | 검증손실: 0.3127 | 학습: 99.4% | 검증: 89.7% | lr: 2.62e-05 | 1.5s
  에폭 2206/4000 | 손실: 0.1538 | 검증손실: 0.3111 | 학습: 99.4% | 검증: 89.3% | lr: 2.62e-05 | 1.5s
  에폭 2207/4000 | 손실: 0.1523 | 검증손실: 0.3120 | 학습: 99.5% | 검증: 89.5% | lr: 2.62e-05 | 1.5s
  에폭 2208/4000 | 손실: 0.1524 | 검증손실: 0.3093 | 학습: 99.4% | 검증: 89.4% | lr: 2.62e-05 | 1.5s
  에폭 2209/4000 | 손실: 0.1450 | 검증손실: 0.3095 | 학습: 99.4% | 검증: 89.3% | lr: 2.62e-05 | 1.5s
  에폭 2210/4000 | 손실: 0.1498 | 검증손실: 0.3147 | 학습: 99.6% | 검증: 89.4% | lr: 2.62e-05 | 1.5s
  에폭 2211/4000 | 손실: 0.1509 | 검증손실: 0.3208 | 학습: 99.4% | 검증: 89.1% | lr: 2.62e-05 | 1.5s
  에폭 2212/4000 | 손실: 0.1509 | 검증손실: 0.3130 | 학습: 99.5% | 검증: 89.3% | lr: 2.62e-05 | 1.5s
  에폭 2213/4000 | 손실: 0.1505 | 검증손실: 0.3065 | 학습: 99.5% | 검증: 89.3% | lr: 2.62e-05 | 1.5s
  에폭 2214/4000 | 손실: 0.1498 | 검증손실: 0.3176 | 학습: 99.5% | 검증: 89.3% | lr: 2.62e-05 | 1.5s
  에폭 2215/4000 | 손실: 0.1534 | 검증손실: 0.3163 | 학습: 99.5% | 검증: 89.2% | lr: 2.62e-05 | 1.5s
  에폭 2216/4000 | 손실: 0.1512 | 검증손실: 0.3151 | 학습: 99.5% | 검증: 89.4% | lr: 2.62e-05 | 1.6s
  에폭 2217/4000 | 손실: 0.1521 | 검증손실: 0.3138 | 학습: 99.5% | 검증: 89.3% | lr: 2.62e-05 | 1.5s
  에폭 2218/4000 | 손실: 0.1541 | 검증손실: 0.3125 | 학습: 99.5% | 검증: 89.1% | lr: 2.62e-05 | 1.5s
  에폭 2219/4000 | 손실: 0.1493 | 검증손실: 0.3120 | 학습: 99.6% | 검증: 89.3% | lr: 2.62e-05 | 1.5s
  에폭 2220/4000 | 손실: 0.1511 | 검증손실: 0.3100 | 학습: 99.5% | 검증: 89.1% | lr: 2.62e-05 | 1.5s
  에폭 2221/4000 | 손실: 0.1513 | 검증손실: 0.3125 | 학습: 99.5% | 검증: 89.3% | lr: 2.62e-05 | 1.5s
  에폭 2222/4000 | 손실: 0.1489 | 검증손실: 0.3163 | 학습: 99.5% | 검증: 89.5% | lr: 2.62e-05 | 1.5s
  에폭 2223/4000 | 손실: 0.1502 | 검증손실: 0.3199 | 학습: 99.6% | 검증: 89.3% | lr: 2.62e-05 | 1.5s
  에폭 2224/4000 | 손실: 0.1517 | 검증손실: 0.3250 | 학습: 99.3% | 검증: 88.8% | lr: 2.62e-05 | 1.6s
  에폭 2225/4000 | 손실: 0.1485 | 검증손실: 0.3098 | 학습: 99.5% | 검증: 89.4% | lr: 2.62e-05 | 1.5s
  에폭 2226/4000 | 손실: 0.1465 | 검증손실: 0.3090 | 학습: 99.5% | 검증: 89.6% | lr: 2.62e-05 | 1.5s
  에폭 2227/4000 | 손실: 0.1544 | 검증손실: 0.3086 | 학습: 99.4% | 검증: 89.4% | lr: 2.62e-05 | 1.5s
  에폭 2228/4000 | 손실: 0.1512 | 검증손실: 0.3069 | 학습: 99.5% | 검증: 89.1% | lr: 2.62e-05 | 1.5s
  에폭 2229/4000 | 손실: 0.1571 | 검증손실: 0.3211 | 학습: 99.4% | 검증: 89.1% | lr: 2.62e-05 | 1.5s
  에폭 2230/4000 | 손실: 0.1494 | 검증손실: 0.3129 | 학습: 99.5% | 검증: 89.5% | lr: 2.62e-05 | 1.5s
  에폭 2231/4000 | 손실: 0.1486 | 검증손실: 0.3076 | 학습: 99.5% | 검증: 89.6% | lr: 2.62e-05 | 1.5s
  에폭 2232/4000 | 손실: 0.1488 | 검증손실: 0.3104 | 학습: 99.5% | 검증: 89.4% | lr: 2.62e-05 | 1.5s
  에폭 2233/4000 | 손실: 0.1457 | 검증손실: 0.3122 | 학습: 99.5% | 검증: 89.5% | lr: 2.62e-05 | 1.5s
  에폭 2234/4000 | 손실: 0.1526 | 검증손실: 0.3143 | 학습: 99.5% | 검증: 89.5% | lr: 2.62e-05 | 1.5s
  에폭 2235/4000 | 손실: 0.1536 | 검증손실: 0.3176 | 학습: 99.4% | 검증: 89.2% | lr: 2.62e-05 | 1.5s
  에폭 2236/4000 | 손실: 0.1540 | 검증손실: 0.3061 | 학습: 99.5% | 검증: 89.2% | lr: 2.62e-05 | 1.5s
  에폭 2237/4000 | 손실: 0.1505 | 검증손실: 0.3063 | 학습: 99.5% | 검증: 89.5% | lr: 2.62e-05 | 1.5s
  에폭 2238/4000 | 손실: 0.1497 | 검증손실: 0.3094 | 학습: 99.6% | 검증: 89.4% | lr: 2.62e-05 | 1.5s
  에폭 2239/4000 | 손실: 0.1553 | 검증손실: 0.3216 | 학습: 99.4% | 검증: 89.0% | lr: 2.62e-05 | 1.5s
  에폭 2240/4000 | 손실: 0.1515 | 검증손실: 0.3085 | 학습: 99.5% | 검증: 89.1% | lr: 2.62e-05 | 1.5s
  에폭 2241/4000 | 손실: 0.1522 | 검증손실: 0.3032 | 학습: 99.4% | 검증: 89.3% | lr: 2.62e-05 | 1.5s
  에폭 2242/4000 | 손실: 0.1484 | 검증손실: 0.3059 | 학습: 99.4% | 검증: 89.1% | lr: 2.62e-05 | 1.5s
  에폭 2243/4000 | 손실: 0.1498 | 검증손실: 0.3090 | 학습: 99.5% | 검증: 89.5% | lr: 2.62e-05 | 1.5s
  에폭 2244/4000 | 손실: 0.1423 | 검증손실: 0.3087 | 학습: 99.6% | 검증: 89.5% | lr: 2.62e-05 | 1.5s
  에폭 2245/4000 | 손실: 0.1454 | 검증손실: 0.3126 | 학습: 99.5% | 검증: 89.4% | lr: 2.62e-05 | 1.5s
  에폭 2246/4000 | 손실: 0.1480 | 검증손실: 0.3134 | 학습: 99.4% | 검증: 89.4% | lr: 2.62e-05 | 1.5s
  에폭 2247/4000 | 손실: 0.1450 | 검증손실: 0.3166 | 학습: 99.3% | 검증: 89.3% | lr: 2.62e-05 | 1.5s
  에폭 2248/4000 | 손실: 0.1560 | 검증손실: 0.3139 | 학습: 99.4% | 검증: 89.6% | lr: 2.62e-05 | 1.5s
  에폭 2249/4000 | 손실: 0.1507 | 검증손실: 0.3128 | 학습: 99.5% | 검증: 89.2% | lr: 2.62e-05 | 1.6s
  에폭 2250/4000 | 손실: 0.1458 | 검증손실: 0.3133 | 학습: 99.4% | 검증: 89.5% | lr: 2.62e-05 | 1.5s
  에폭 2251/4000 | 손실: 0.1430 | 검증손실: 0.3111 | 학습: 99.6% | 검증: 89.5% | lr: 2.62e-05 | 1.5s
  에폭 2252/4000 | 손실: 0.1554 | 검증손실: 0.3149 | 학습: 99.6% | 검증: 89.5% | lr: 2.62e-05 | 1.5s
  에폭 2253/4000 | 손실: 0.1496 | 검증손실: 0.3061 | 학습: 99.5% | 검증: 89.4% | lr: 2.62e-05 | 1.5s
  에폭 2254/4000 | 손실: 0.1543 | 검증손실: 0.3076 | 학습: 99.5% | 검증: 89.7% | lr: 2.10e-05 | 1.5s
  에폭 2255/4000 | 손실: 0.1455 | 검증손실: 0.3158 | 학습: 99.5% | 검증: 89.5% | lr: 2.10e-05 | 1.5s
  에폭 2256/4000 | 손실: 0.1451 | 검증손실: 0.3150 | 학습: 99.5% | 검증: 89.1% | lr: 2.10e-05 | 1.5s
  에폭 2257/4000 | 손실: 0.1471 | 검증손실: 0.3142 | 학습: 99.4% | 검증: 89.3% | lr: 2.10e-05 | 1.5s
  에폭 2258/4000 | 손실: 0.1525 | 검증손실: 0.3103 | 학습: 99.6% | 검증: 89.6% | lr: 2.10e-05 | 1.5s
  에폭 2259/4000 | 손실: 0.1486 | 검증손실: 0.3241 | 학습: 99.4% | 검증: 89.3% | lr: 2.10e-05 | 1.5s
  에폭 2260/4000 | 손실: 0.1455 | 검증손실: 0.3145 | 학습: 99.5% | 검증: 89.5% | lr: 2.10e-05 | 1.5s
  에폭 2261/4000 | 손실: 0.1531 | 검증손실: 0.3156 | 학습: 99.5% | 검증: 89.1% | lr: 2.10e-05 | 1.5s
  에폭 2262/4000 | 손실: 0.1525 | 검증손실: 0.3084 | 학습: 99.5% | 검증: 89.5% | lr: 2.10e-05 | 1.5s
  에폭 2263/4000 | 손실: 0.1487 | 검증손실: 0.3192 | 학습: 99.6% | 검증: 89.3% | lr: 2.10e-05 | 1.5s
  에폭 2264/4000 | 손실: 0.1546 | 검증손실: 0.3168 | 학습: 99.5% | 검증: 89.5% | lr: 2.10e-05 | 1.5s
  에폭 2265/4000 | 손실: 0.1524 | 검증손실: 0.3056 | 학습: 99.6% | 검증: 89.6% | lr: 2.10e-05 | 1.5s
  에폭 2266/4000 | 손실: 0.1450 | 검증손실: 0.3183 | 학습: 99.5% | 검증: 89.5% | lr: 2.10e-05 | 1.5s
  에폭 2267/4000 | 손실: 0.1446 | 검증손실: 0.3116 | 학습: 99.5% | 검증: 89.6% | lr: 2.10e-05 | 1.5s
  에폭 2268/4000 | 손실: 0.1521 | 검증손실: 0.3109 | 학습: 99.6% | 검증: 89.4% | lr: 2.10e-05 | 1.5s
  에폭 2269/4000 | 손실: 0.1515 | 검증손실: 0.3162 | 학습: 99.5% | 검증: 89.4% | lr: 2.10e-05 | 1.5s
  에폭 2270/4000 | 손실: 0.1494 | 검증손실: 0.3086 | 학습: 99.6% | 검증: 89.3% | lr: 2.10e-05 | 1.6s
  에폭 2271/4000 | 손실: 0.1512 | 검증손실: 0.3135 | 학습: 99.6% | 검증: 89.4% | lr: 2.10e-05 | 1.5s
  에폭 2272/4000 | 손실: 0.1511 | 검증손실: 0.3073 | 학습: 99.6% | 검증: 89.6% | lr: 2.10e-05 | 1.5s
  에폭 2273/4000 | 손실: 0.1468 | 검증손실: 0.3114 | 학습: 99.5% | 검증: 89.7% | lr: 2.10e-05 | 1.5s
  에폭 2274/4000 | 손실: 0.1471 | 검증손실: 0.3114 | 학습: 99.5% | 검증: 89.5% | lr: 2.10e-05 | 1.5s
  에폭 2275/4000 | 손실: 0.1497 | 검증손실: 0.3119 | 학습: 99.4% | 검증: 89.6% | lr: 2.10e-05 | 1.5s
  에폭 2276/4000 | 손실: 0.1462 | 검증손실: 0.3110 | 학습: 99.6% | 검증: 89.3% | lr: 2.10e-05 | 1.5s
  에폭 2277/4000 | 손실: 0.1521 | 검증손실: 0.3140 | 학습: 99.5% | 검증: 89.4% | lr: 2.10e-05 | 1.6s
  에폭 2278/4000 | 손실: 0.1486 | 검증손실: 0.3119 | 학습: 99.5% | 검증: 89.4% | lr: 2.10e-05 | 1.5s
  에폭 2279/4000 | 손실: 0.1482 | 검증손실: 0.3131 | 학습: 99.5% | 검증: 89.4% | lr: 2.10e-05 | 1.6s
  에폭 2280/4000 | 손실: 0.1487 | 검증손실: 0.3097 | 학습: 99.6% | 검증: 89.7% | lr: 2.10e-05 | 1.5s
  에폭 2281/4000 | 손실: 0.1495 | 검증손실: 0.3092 | 학습: 99.5% | 검증: 89.7% | lr: 2.10e-05 | 1.5s
  에폭 2282/4000 | 손실: 0.1498 | 검증손실: 0.3167 | 학습: 99.6% | 검증: 89.5% | lr: 2.10e-05 | 1.5s
  에폭 2283/4000 | 손실: 0.1520 | 검증손실: 0.3124 | 학습: 99.5% | 검증: 89.5% | lr: 2.10e-05 | 1.5s
  에폭 2284/4000 | 손실: 0.1509 | 검증손실: 0.3125 | 학습: 99.6% | 검증: 89.5% | lr: 2.10e-05 | 1.5s
  에폭 2285/4000 | 손실: 0.1488 | 검증손실: 0.3102 | 학습: 99.5% | 검증: 89.5% | lr: 2.10e-05 | 1.5s
  에폭 2286/4000 | 손실: 0.1515 | 검증손실: 0.3062 | 학습: 99.5% | 검증: 89.6% | lr: 2.10e-05 | 1.5s
  에폭 2287/4000 | 손실: 0.1438 | 검증손실: 0.3140 | 학습: 99.5% | 검증: 89.5% | lr: 2.10e-05 | 1.5s
  에폭 2288/4000 | 손실: 0.1511 | 검증손실: 0.3166 | 학습: 99.5% | 검증: 89.3% | lr: 2.10e-05 | 1.5s
  에폭 2289/4000 | 손실: 0.1472 | 검증손실: 0.3043 | 학습: 99.5% | 검증: 89.5% | lr: 2.10e-05 | 1.5s
  에폭 2290/4000 | 손실: 0.1501 | 검증손실: 0.3097 | 학습: 99.6% | 검증: 89.4% | lr: 2.10e-05 | 1.5s
  에폭 2291/4000 | 손실: 0.1497 | 검증손실: 0.3134 | 학습: 99.5% | 검증: 89.2% | lr: 2.10e-05 | 1.6s
  에폭 2292/4000 | 손실: 0.1479 | 검증손실: 0.3132 | 학습: 99.5% | 검증: 89.3% | lr: 2.10e-05 | 1.6s
  에폭 2293/4000 | 손실: 0.1484 | 검증손실: 0.3100 | 학습: 99.5% | 검증: 89.4% | lr: 2.10e-05 | 1.6s
  에폭 2294/4000 | 손실: 0.1489 | 검증손실: 0.3088 | 학습: 99.4% | 검증: 89.4% | lr: 2.10e-05 | 1.5s
  에폭 2295/4000 | 손실: 0.1421 | 검증손실: 0.3068 | 학습: 99.5% | 검증: 89.6% | lr: 2.10e-05 | 1.5s
  에폭 2296/4000 | 손실: 0.1509 | 검증손실: 0.3067 | 학습: 99.5% | 검증: 89.7% | lr: 2.10e-05 | 1.5s
  에폭 2297/4000 | 손실: 0.1485 | 검증손실: 0.3138 | 학습: 99.5% | 검증: 89.4% | lr: 2.10e-05 | 1.5s
  에폭 2298/4000 | 손실: 0.1508 | 검증손실: 0.3125 | 학습: 99.3% | 검증: 89.3% | lr: 2.10e-05 | 1.5s
  에폭 2299/4000 | 손실: 0.1411 | 검증손실: 0.3091 | 학습: 99.6% | 검증: 89.4% | lr: 2.10e-05 | 1.5s
  에폭 2300/4000 | 손실: 0.1579 | 검증손실: 0.3145 | 학습: 99.5% | 검증: 89.5% | lr: 2.10e-05 | 1.5s
  에폭 2301/4000 | 손실: 0.1512 | 검증손실: 0.3112 | 학습: 99.5% | 검증: 89.4% | lr: 2.10e-05 | 1.5s
  에폭 2302/4000 | 손실: 0.1418 | 검증손실: 0.3100 | 학습: 99.5% | 검증: 89.3% | lr: 2.10e-05 | 1.5s
  에폭 2303/4000 | 손실: 0.1456 | 검증손실: 0.3089 | 학습: 99.6% | 검증: 89.3% | lr: 2.10e-05 | 1.5s
  에폭 2304/4000 | 손실: 0.1545 | 검증손실: 0.3138 | 학습: 99.6% | 검증: 89.4% | lr: 2.10e-05 | 1.5s
  에폭 2305/4000 | 손실: 0.1513 | 검증손실: 0.3078 | 학습: 99.5% | 검증: 89.1% | lr: 2.10e-05 | 1.5s
  에폭 2306/4000 | 손실: 0.1489 | 검증손실: 0.3129 | 학습: 99.5% | 검증: 89.0% | lr: 2.10e-05 | 1.5s
  에폭 2307/4000 | 손실: 0.1543 | 검증손실: 0.3200 | 학습: 99.4% | 검증: 89.1% | lr: 2.10e-05 | 1.5s
  에폭 2308/4000 | 손실: 0.1511 | 검증손실: 0.3146 | 학습: 99.4% | 검증: 89.3% | lr: 2.10e-05 | 1.5s
  에폭 2309/4000 | 손실: 0.1421 | 검증손실: 0.3149 | 학습: 99.6% | 검증: 89.6% | lr: 2.10e-05 | 1.5s
  에폭 2310/4000 | 손실: 0.1440 | 검증손실: 0.3090 | 학습: 99.5% | 검증: 89.5% | lr: 2.10e-05 | 1.5s
  에폭 2311/4000 | 손실: 0.1481 | 검증손실: 0.3083 | 학습: 99.6% | 검증: 89.6% | lr: 2.10e-05 | 1.5s
  에폭 2312/4000 | 손실: 0.1464 | 검증손실: 0.3094 | 학습: 99.5% | 검증: 89.3% | lr: 2.10e-05 | 1.5s
  에폭 2313/4000 | 손실: 0.1434 | 검증손실: 0.3086 | 학습: 99.6% | 검증: 89.5% | lr: 2.10e-05 | 1.5s
  에폭 2314/4000 | 손실: 0.1490 | 검증손실: 0.3116 | 학습: 98.9% | 검증: 88.9% | lr: 2.10e-05 | 1.5s
  에폭 2315/4000 | 손실: 0.1442 | 검증손실: 0.3084 | 학습: 99.5% | 검증: 89.2% | lr: 2.10e-05 | 1.5s
  에폭 2316/4000 | 손실: 0.1471 | 검증손실: 0.3160 | 학습: 99.4% | 검증: 89.1% | lr: 2.10e-05 | 1.5s
  에폭 2317/4000 | 손실: 0.1451 | 검증손실: 0.3176 | 학습: 99.5% | 검증: 88.8% | lr: 2.10e-05 | 1.5s
  에폭 2318/4000 | 손실: 0.1530 | 검증손실: 0.3089 | 학습: 99.6% | 검증: 89.2% | lr: 2.10e-05 | 1.5s
  에폭 2319/4000 | 손실: 0.1489 | 검증손실: 0.3085 | 학습: 99.4% | 검증: 89.4% | lr: 2.10e-05 | 1.5s
  에폭 2320/4000 | 손실: 0.1450 | 검증손실: 0.3090 | 학습: 99.6% | 검증: 89.6% | lr: 2.10e-05 | 1.5s
  에폭 2321/4000 | 손실: 0.1521 | 검증손실: 0.3120 | 학습: 99.5% | 검증: 89.5% | lr: 2.10e-05 | 1.5s
  에폭 2322/4000 | 손실: 0.1467 | 검증손실: 0.3141 | 학습: 99.5% | 검증: 89.2% | lr: 2.10e-05 | 1.5s
  에폭 2323/4000 | 손실: 0.1512 | 검증손실: 0.3083 | 학습: 99.6% | 검증: 89.2% | lr: 2.10e-05 | 1.5s
  에폭 2324/4000 | 손실: 0.1523 | 검증손실: 0.3062 | 학습: 99.5% | 검증: 89.9% | lr: 2.10e-05 | 1.5s
  에폭 2325/4000 | 손실: 0.1535 | 검증손실: 0.3101 | 학습: 99.5% | 검증: 89.4% | lr: 2.10e-05 | 1.6s
  에폭 2326/4000 | 손실: 0.1515 | 검증손실: 0.3030 | 학습: 99.5% | 검증: 89.3% | lr: 2.10e-05 | 1.5s
  에폭 2327/4000 | 손실: 0.1493 | 검증손실: 0.3053 | 학습: 99.5% | 검증: 89.5% | lr: 2.10e-05 | 1.5s
  에폭 2328/4000 | 손실: 0.1499 | 검증손실: 0.3116 | 학습: 99.6% | 검증: 89.4% | lr: 2.10e-05 | 1.5s
  에폭 2329/4000 | 손실: 0.1513 | 검증손실: 0.3162 | 학습: 99.4% | 검증: 88.8% | lr: 2.10e-05 | 1.5s
  에폭 2330/4000 | 손실: 0.1492 | 검증손실: 0.3101 | 학습: 99.6% | 검증: 89.4% | lr: 2.10e-05 | 1.5s
  에폭 2331/4000 | 손실: 0.1525 | 검증손실: 0.3030 | 학습: 99.5% | 검증: 89.4% | lr: 2.10e-05 | 1.5s
  에폭 2332/4000 | 손실: 0.1476 | 검증손실: 0.3152 | 학습: 99.5% | 검증: 89.4% | lr: 2.10e-05 | 1.5s
  에폭 2333/4000 | 손실: 0.1464 | 검증손실: 0.3063 | 학습: 99.6% | 검증: 89.5% | lr: 2.10e-05 | 1.5s
  에폭 2334/4000 | 손실: 0.1446 | 검증손실: 0.3060 | 학습: 99.5% | 검증: 89.5% | lr: 2.10e-05 | 1.5s
  에폭 2335/4000 | 손실: 0.1480 | 검증손실: 0.3105 | 학습: 99.6% | 검증: 89.8% | lr: 2.10e-05 | 1.5s
  에폭 2336/4000 | 손실: 0.1521 | 검증손실: 0.3111 | 학습: 99.5% | 검증: 89.4% | lr: 2.10e-05 | 1.5s
  에폭 2337/4000 | 손실: 0.1484 | 검증손실: 0.3120 | 학습: 99.5% | 검증: 89.7% | lr: 2.10e-05 | 1.5s
  에폭 2338/4000 | 손실: 0.1468 | 검증손실: 0.3136 | 학습: 99.5% | 검증: 89.2% | lr: 2.10e-05 | 1.5s
  에폭 2339/4000 | 손실: 0.1488 | 검증손실: 0.3125 | 학습: 99.4% | 검증: 89.5% | lr: 2.10e-05 | 1.5s
  에폭 2340/4000 | 손실: 0.1511 | 검증손실: 0.3122 | 학습: 99.5% | 검증: 89.4% | lr: 2.10e-05 | 1.5s
  에폭 2341/4000 | 손실: 0.1553 | 검증손실: 0.3161 | 학습: 99.5% | 검증: 89.3% | lr: 2.10e-05 | 1.5s
  에폭 2342/4000 | 손실: 0.1537 | 검증손실: 0.3112 | 학습: 99.5% | 검증: 89.1% | lr: 2.10e-05 | 1.5s
  에폭 2343/4000 | 손실: 0.1519 | 검증손실: 0.3021 | 학습: 99.4% | 검증: 89.4% | lr: 2.10e-05 | 1.5s
  에폭 2344/4000 | 손실: 0.1500 | 검증손실: 0.3137 | 학습: 99.5% | 검증: 89.3% | lr: 2.10e-05 | 1.5s
  에폭 2345/4000 | 손실: 0.1546 | 검증손실: 0.3086 | 학습: 99.5% | 검증: 89.5% | lr: 2.10e-05 | 1.6s
  에폭 2346/4000 | 손실: 0.1548 | 검증손실: 0.3129 | 학습: 99.5% | 검증: 89.4% | lr: 2.10e-05 | 1.5s
  에폭 2347/4000 | 손실: 0.1486 | 검증손실: 0.3168 | 학습: 99.4% | 검증: 89.3% | lr: 2.10e-05 | 1.5s
  에폭 2348/4000 | 손실: 0.1506 | 검증손실: 0.3106 | 학습: 99.6% | 검증: 89.3% | lr: 2.10e-05 | 1.5s
  에폭 2349/4000 | 손실: 0.1474 | 검증손실: 0.3139 | 학습: 99.5% | 검증: 89.4% | lr: 2.10e-05 | 1.5s
  에폭 2350/4000 | 손실: 0.1476 | 검증손실: 0.3067 | 학습: 99.5% | 검증: 89.6% | lr: 2.10e-05 | 1.5s
  에폭 2351/4000 | 손실: 0.1441 | 검증손실: 0.3199 | 학습: 99.6% | 검증: 89.2% | lr: 2.10e-05 | 1.5s
  에폭 2352/4000 | 손실: 0.1495 | 검증손실: 0.3134 | 학습: 99.6% | 검증: 89.4% | lr: 2.10e-05 | 1.5s
  에폭 2353/4000 | 손실: 0.1474 | 검증손실: 0.3111 | 학습: 99.5% | 검증: 89.2% | lr: 2.10e-05 | 1.5s
  에폭 2354/4000 | 손실: 0.1473 | 검증손실: 0.3097 | 학습: 99.6% | 검증: 89.3% | lr: 2.10e-05 | 1.6s
  에폭 2355/4000 | 손실: 0.1395 | 검증손실: 0.3223 | 학습: 99.4% | 검증: 89.1% | lr: 2.10e-05 | 1.6s
  에폭 2356/4000 | 손실: 0.1501 | 검증손실: 0.3127 | 학습: 99.5% | 검증: 89.4% | lr: 2.10e-05 | 1.6s
  에폭 2357/4000 | 손실: 0.1473 | 검증손실: 0.3159 | 학습: 99.5% | 검증: 89.5% | lr: 2.10e-05 | 1.6s
  에폭 2358/4000 | 손실: 0.1524 | 검증손실: 0.3096 | 학습: 99.6% | 검증: 89.4% | lr: 2.10e-05 | 1.6s
  에폭 2359/4000 | 손실: 0.1462 | 검증손실: 0.3099 | 학습: 99.6% | 검증: 89.1% | lr: 2.10e-05 | 1.5s
  에폭 2360/4000 | 손실: 0.1523 | 검증손실: 0.3137 | 학습: 99.6% | 검증: 89.0% | lr: 2.10e-05 | 1.6s
  에폭 2361/4000 | 손실: 0.1489 | 검증손실: 0.3088 | 학습: 99.6% | 검증: 89.6% | lr: 2.10e-05 | 1.5s
  에폭 2362/4000 | 손실: 0.1480 | 검증손실: 0.3116 | 학습: 99.5% | 검증: 89.6% | lr: 2.10e-05 | 1.5s
  에폭 2363/4000 | 손실: 0.1496 | 검증손실: 0.3086 | 학습: 99.6% | 검증: 89.5% | lr: 2.10e-05 | 1.6s
  에폭 2364/4000 | 손실: 0.1438 | 검증손실: 0.3173 | 학습: 99.5% | 검증: 89.4% | lr: 2.10e-05 | 1.5s
  에폭 2365/4000 | 손실: 0.1443 | 검증손실: 0.3113 | 학습: 99.5% | 검증: 89.5% | lr: 2.10e-05 | 1.5s
  에폭 2366/4000 | 손실: 0.1516 | 검증손실: 0.3108 | 학습: 99.5% | 검증: 89.5% | lr: 2.10e-05 | 1.5s
  에폭 2367/4000 | 손실: 0.1481 | 검증손실: 0.3110 | 학습: 99.5% | 검증: 89.6% | lr: 2.10e-05 | 1.5s
  에폭 2368/4000 | 손실: 0.1471 | 검증손실: 0.3118 | 학습: 99.5% | 검증: 89.7% | lr: 2.10e-05 | 1.5s
  에폭 2369/4000 | 손실: 0.1461 | 검증손실: 0.3069 | 학습: 99.6% | 검증: 89.5% | lr: 2.10e-05 | 1.6s
  에폭 2370/4000 | 손실: 0.1448 | 검증손실: 0.3065 | 학습: 99.5% | 검증: 89.4% | lr: 2.10e-05 | 1.6s
  에폭 2371/4000 | 손실: 0.1517 | 검증손실: 0.3085 | 학습: 99.5% | 검증: 89.6% | lr: 2.10e-05 | 1.6s
  에폭 2372/4000 | 손실: 0.1470 | 검증손실: 0.3107 | 학습: 99.6% | 검증: 89.5% | lr: 2.10e-05 | 1.5s
  에폭 2373/4000 | 손실: 0.1441 | 검증손실: 0.3098 | 학습: 99.5% | 검증: 89.0% | lr: 2.10e-05 | 1.5s
  에폭 2374/4000 | 손실: 0.1414 | 검증손실: 0.3081 | 학습: 99.6% | 검증: 89.2% | lr: 2.10e-05 | 1.6s
  에폭 2375/4000 | 손실: 0.1524 | 검증손실: 0.3106 | 학습: 99.4% | 검증: 89.1% | lr: 2.10e-05 | 2.1s
  에폭 2376/4000 | 손실: 0.1458 | 검증손실: 0.3143 | 학습: 99.6% | 검증: 89.2% | lr: 2.10e-05 | 2.3s
  에폭 2377/4000 | 손실: 0.1411 | 검증손실: 0.3193 | 학습: 99.4% | 검증: 89.1% | lr: 2.10e-05 | 2.0s
  에폭 2378/4000 | 손실: 0.1425 | 검증손실: 0.3131 | 학습: 99.6% | 검증: 89.3% | lr: 2.10e-05 | 2.5s
  에폭 2379/4000 | 손실: 0.1505 | 검증손실: 0.3060 | 학습: 99.5% | 검증: 89.3% | lr: 2.10e-05 | 2.1s
  에폭 2380/4000 | 손실: 0.1511 | 검증손실: 0.3126 | 학습: 99.6% | 검증: 89.6% | lr: 2.10e-05 | 2.0s
  에폭 2381/4000 | 손실: 0.1476 | 검증손실: 0.3017 | 학습: 99.5% | 검증: 89.4% | lr: 2.10e-05 | 1.6s
  에폭 2382/4000 | 손실: 0.1411 | 검증손실: 0.3104 | 학습: 99.5% | 검증: 89.2% | lr: 2.10e-05 | 2.2s
  에폭 2383/4000 | 손실: 0.1444 | 검증손실: 0.3160 | 학습: 99.5% | 검증: 89.2% | lr: 2.10e-05 | 1.9s
  에폭 2384/4000 | 손실: 0.1464 | 검증손실: 0.3091 | 학습: 99.5% | 검증: 89.4% | lr: 2.10e-05 | 1.6s
  에폭 2385/4000 | 손실: 0.1513 | 검증손실: 0.3133 | 학습: 99.6% | 검증: 89.3% | lr: 2.10e-05 | 1.6s
  에폭 2386/4000 | 손실: 0.1524 | 검증손실: 0.3027 | 학습: 99.6% | 검증: 89.5% | lr: 2.10e-05 | 1.6s
  에폭 2387/4000 | 손실: 0.1506 | 검증손실: 0.3103 | 학습: 99.5% | 검증: 89.5% | lr: 2.10e-05 | 1.6s
  에폭 2388/4000 | 손실: 0.1479 | 검증손실: 0.3077 | 학습: 99.5% | 검증: 89.5% | lr: 2.10e-05 | 1.6s
  에폭 2389/4000 | 손실: 0.1514 | 검증손실: 0.3072 | 학습: 99.5% | 검증: 89.3% | lr: 2.10e-05 | 1.5s
  에폭 2390/4000 | 손실: 0.1497 | 검증손실: 0.3113 | 학습: 99.4% | 검증: 89.1% | lr: 2.10e-05 | 1.5s
  에폭 2391/4000 | 손실: 0.1484 | 검증손실: 0.3152 | 학습: 99.4% | 검증: 89.2% | lr: 2.10e-05 | 1.6s
  에폭 2392/4000 | 손실: 0.1458 | 검증손실: 0.3077 | 학습: 99.6% | 검증: 89.4% | lr: 2.10e-05 | 1.8s
  에폭 2393/4000 | 손실: 0.1491 | 검증손실: 0.3122 | 학습: 99.6% | 검증: 89.5% | lr: 2.10e-05 | 1.6s
  에폭 2394/4000 | 손실: 0.1504 | 검증손실: 0.3129 | 학습: 99.5% | 검증: 89.3% | lr: 2.10e-05 | 1.7s
  에폭 2395/4000 | 손실: 0.1506 | 검증손실: 0.3131 | 학습: 99.6% | 검증: 89.3% | lr: 2.10e-05 | 1.6s
  에폭 2396/4000 | 손실: 0.1475 | 검증손실: 0.3112 | 학습: 99.5% | 검증: 89.4% | lr: 2.10e-05 | 1.5s
  에폭 2397/4000 | 손실: 0.1460 | 검증손실: 0.3141 | 학습: 99.6% | 검증: 89.9% | lr: 2.10e-05 | 1.5s
  에폭 2398/4000 | 손실: 0.1529 | 검증손실: 0.3199 | 학습: 99.5% | 검증: 89.1% | lr: 2.10e-05 | 1.5s
  에폭 2399/4000 | 손실: 0.1467 | 검증손실: 0.3180 | 학습: 99.5% | 검증: 89.5% | lr: 2.10e-05 | 1.5s
  에폭 2400/4000 | 손실: 0.1436 | 검증손실: 0.3195 | 학습: 99.6% | 검증: 89.4% | lr: 2.10e-05 | 1.6s
  에폭 2401/4000 | 손실: 0.1468 | 검증손실: 0.3155 | 학습: 99.6% | 검증: 89.1% | lr: 2.10e-05 | 1.6s
  에폭 2402/4000 | 손실: 0.1420 | 검증손실: 0.3184 | 학습: 99.5% | 검증: 89.4% | lr: 2.10e-05 | 1.6s
  에폭 2403/4000 | 손실: 0.1455 | 검증손실: 0.3036 | 학습: 99.4% | 검증: 89.3% | lr: 2.10e-05 | 1.5s
  에폭 2404/4000 | 손실: 0.1440 | 검증손실: 0.3128 | 학습: 99.4% | 검증: 89.0% | lr: 2.10e-05 | 1.5s
  에폭 2405/4000 | 손실: 0.1485 | 검증손실: 0.3166 | 학습: 99.5% | 검증: 89.5% | lr: 1.68e-05 | 1.6s
  에폭 2406/4000 | 손실: 0.1514 | 검증손실: 0.3117 | 학습: 99.5% | 검증: 89.2% | lr: 1.68e-05 | 1.5s
  에폭 2407/4000 | 손실: 0.1473 | 검증손실: 0.3081 | 학습: 99.5% | 검증: 89.7% | lr: 1.68e-05 | 1.5s
  에폭 2408/4000 | 손실: 0.1442 | 검증손실: 0.3074 | 학습: 99.5% | 검증: 89.2% | lr: 1.68e-05 | 1.5s
  에폭 2409/4000 | 손실: 0.1488 | 검증손실: 0.3230 | 학습: 99.4% | 검증: 89.3% | lr: 1.68e-05 | 1.5s
  에폭 2410/4000 | 손실: 0.1510 | 검증손실: 0.3179 | 학습: 99.6% | 검증: 89.3% | lr: 1.68e-05 | 1.5s
  에폭 2411/4000 | 손실: 0.1379 | 검증손실: 0.3164 | 학습: 99.4% | 검증: 89.2% | lr: 1.68e-05 | 1.5s
  에폭 2412/4000 | 손실: 0.1469 | 검증손실: 0.3103 | 학습: 99.6% | 검증: 89.1% | lr: 1.68e-05 | 1.5s
  에폭 2413/4000 | 손실: 0.1482 | 검증손실: 0.3164 | 학습: 99.5% | 검증: 89.2% | lr: 1.68e-05 | 1.5s
  에폭 2414/4000 | 손실: 0.1431 | 검증손실: 0.3087 | 학습: 99.5% | 검증: 89.3% | lr: 1.68e-05 | 1.5s
  에폭 2415/4000 | 손실: 0.1521 | 검증손실: 0.3122 | 학습: 99.6% | 검증: 89.3% | lr: 1.68e-05 | 1.5s
  에폭 2416/4000 | 손실: 0.1498 | 검증손실: 0.3157 | 학습: 99.6% | 검증: 89.4% | lr: 1.68e-05 | 1.5s
  에폭 2417/4000 | 손실: 0.1476 | 검증손실: 0.3106 | 학습: 99.6% | 검증: 89.4% | lr: 1.68e-05 | 1.5s
  에폭 2418/4000 | 손실: 0.1462 | 검증손실: 0.3158 | 학습: 99.4% | 검증: 89.0% | lr: 1.68e-05 | 1.5s
  에폭 2419/4000 | 손실: 0.1479 | 검증손실: 0.3143 | 학습: 99.6% | 검증: 89.4% | lr: 1.68e-05 | 1.5s
  에폭 2420/4000 | 손실: 0.1533 | 검증손실: 0.3100 | 학습: 99.5% | 검증: 89.6% | lr: 1.68e-05 | 1.5s
  에폭 2421/4000 | 손실: 0.1464 | 검증손실: 0.3079 | 학습: 99.5% | 검증: 89.3% | lr: 1.68e-05 | 1.5s
  에폭 2422/4000 | 손실: 0.1430 | 검증손실: 0.3082 | 학습: 99.4% | 검증: 89.0% | lr: 1.68e-05 | 1.5s
  에폭 2423/4000 | 손실: 0.1426 | 검증손실: 0.3107 | 학습: 99.6% | 검증: 89.4% | lr: 1.68e-05 | 1.5s
  에폭 2424/4000 | 손실: 0.1485 | 검증손실: 0.3126 | 학습: 99.6% | 검증: 89.2% | lr: 1.68e-05 | 1.5s
  에폭 2425/4000 | 손실: 0.1459 | 검증손실: 0.3158 | 학습: 99.5% | 검증: 89.3% | lr: 1.68e-05 | 1.5s
  에폭 2426/4000 | 손실: 0.1448 | 검증손실: 0.3130 | 학습: 99.6% | 검증: 89.4% | lr: 1.68e-05 | 1.5s
  에폭 2427/4000 | 손실: 0.1498 | 검증손실: 0.3103 | 학습: 99.6% | 검증: 89.1% | lr: 1.68e-05 | 1.5s
  에폭 2428/4000 | 손실: 0.1498 | 검증손실: 0.3098 | 학습: 99.5% | 검증: 89.2% | lr: 1.68e-05 | 1.5s
  에폭 2429/4000 | 손실: 0.1482 | 검증손실: 0.3182 | 학습: 99.5% | 검증: 89.2% | lr: 1.68e-05 | 1.5s
  에폭 2430/4000 | 손실: 0.1497 | 검증손실: 0.3068 | 학습: 99.6% | 검증: 89.2% | lr: 1.68e-05 | 1.5s
  에폭 2431/4000 | 손실: 0.1483 | 검증손실: 0.3082 | 학습: 99.6% | 검증: 89.2% | lr: 1.68e-05 | 1.5s
  에폭 2432/4000 | 손실: 0.1454 | 검증손실: 0.3159 | 학습: 99.5% | 검증: 88.8% | lr: 1.68e-05 | 1.5s
  에폭 2433/4000 | 손실: 0.1485 | 검증손실: 0.3122 | 학습: 99.6% | 검증: 89.4% | lr: 1.68e-05 | 1.5s
  에폭 2434/4000 | 손실: 0.1453 | 검증손실: 0.3114 | 학습: 99.4% | 검증: 89.4% | lr: 1.68e-05 | 1.5s
  에폭 2435/4000 | 손실: 0.1468 | 검증손실: 0.3085 | 학습: 99.6% | 검증: 89.5% | lr: 1.68e-05 | 1.5s
  에폭 2436/4000 | 손실: 0.1464 | 검증손실: 0.3139 | 학습: 99.4% | 검증: 89.4% | lr: 1.68e-05 | 1.5s
  에폭 2437/4000 | 손실: 0.1492 | 검증손실: 0.3082 | 학습: 99.5% | 검증: 89.4% | lr: 1.68e-05 | 1.5s
  에폭 2438/4000 | 손실: 0.1450 | 검증손실: 0.3126 | 학습: 99.4% | 검증: 89.3% | lr: 1.68e-05 | 1.5s
  에폭 2439/4000 | 손실: 0.1415 | 검증손실: 0.3161 | 학습: 99.5% | 검증: 89.4% | lr: 1.68e-05 | 1.5s
  에폭 2440/4000 | 손실: 0.1429 | 검증손실: 0.3145 | 학습: 99.6% | 검증: 89.3% | lr: 1.68e-05 | 1.5s
  에폭 2441/4000 | 손실: 0.1513 | 검증손실: 0.3161 | 학습: 99.6% | 검증: 89.2% | lr: 1.68e-05 | 1.5s
  에폭 2442/4000 | 손실: 0.1496 | 검증손실: 0.3181 | 학습: 99.5% | 검증: 89.2% | lr: 1.68e-05 | 1.5s
  에폭 2443/4000 | 손실: 0.1473 | 검증손실: 0.3162 | 학습: 99.5% | 검증: 89.5% | lr: 1.68e-05 | 1.5s
  에폭 2444/4000 | 손실: 0.1440 | 검증손실: 0.3217 | 학습: 99.6% | 검증: 89.1% | lr: 1.68e-05 | 1.5s
  에폭 2445/4000 | 손실: 0.1473 | 검증손실: 0.3138 | 학습: 99.6% | 검증: 89.2% | lr: 1.68e-05 | 1.5s
  에폭 2446/4000 | 손실: 0.1454 | 검증손실: 0.3168 | 학습: 99.6% | 검증: 89.4% | lr: 1.68e-05 | 1.5s
  에폭 2447/4000 | 손실: 0.1427 | 검증손실: 0.3174 | 학습: 99.5% | 검증: 89.3% | lr: 1.68e-05 | 1.5s
  에폭 2448/4000 | 손실: 0.1452 | 검증손실: 0.3125 | 학습: 99.5% | 검증: 89.5% | lr: 1.68e-05 | 1.5s
  에폭 2449/4000 | 손실: 0.1472 | 검증손실: 0.3152 | 학습: 99.4% | 검증: 89.2% | lr: 1.68e-05 | 1.5s
  에폭 2450/4000 | 손실: 0.1491 | 검증손실: 0.3084 | 학습: 99.6% | 검증: 89.7% | lr: 1.68e-05 | 1.5s
  에폭 2451/4000 | 손실: 0.1498 | 검증손실: 0.3131 | 학습: 99.5% | 검증: 89.5% | lr: 1.68e-05 | 1.5s
  에폭 2452/4000 | 손실: 0.1452 | 검증손실: 0.3134 | 학습: 99.5% | 검증: 89.4% | lr: 1.68e-05 | 1.5s
  에폭 2453/4000 | 손실: 0.1492 | 검증손실: 0.3250 | 학습: 99.6% | 검증: 89.4% | lr: 1.68e-05 | 1.5s
  에폭 2454/4000 | 손실: 0.1480 | 검증손실: 0.3153 | 학습: 99.5% | 검증: 89.3% | lr: 1.68e-05 | 1.5s
  에폭 2455/4000 | 손실: 0.1409 | 검증손실: 0.3174 | 학습: 99.5% | 검증: 89.3% | lr: 1.68e-05 | 1.5s
  에폭 2456/4000 | 손실: 0.1424 | 검증손실: 0.3151 | 학습: 99.5% | 검증: 89.4% | lr: 1.68e-05 | 1.5s
  에폭 2457/4000 | 손실: 0.1511 | 검증손실: 0.3195 | 학습: 99.5% | 검증: 89.4% | lr: 1.68e-05 | 1.5s
  에폭 2458/4000 | 손실: 0.1474 | 검증손실: 0.3111 | 학습: 99.6% | 검증: 89.4% | lr: 1.68e-05 | 1.5s
  에폭 2459/4000 | 손실: 0.1482 | 검증손실: 0.3009 | 학습: 99.5% | 검증: 89.3% | lr: 1.68e-05 | 1.5s
  에폭 2460/4000 | 손실: 0.1510 | 검증손실: 0.3099 | 학습: 99.5% | 검증: 89.3% | lr: 1.68e-05 | 1.5s
  에폭 2461/4000 | 손실: 0.1460 | 검증손실: 0.3095 | 학습: 99.4% | 검증: 88.7% | lr: 1.68e-05 | 1.5s
  에폭 2462/4000 | 손실: 0.1477 | 검증손실: 0.3219 | 학습: 99.5% | 검증: 89.4% | lr: 1.68e-05 | 1.5s
  에폭 2463/4000 | 손실: 0.1446 | 검증손실: 0.3095 | 학습: 99.6% | 검증: 89.6% | lr: 1.68e-05 | 1.5s
  에폭 2464/4000 | 손실: 0.1427 | 검증손실: 0.3126 | 학습: 99.5% | 검증: 89.6% | lr: 1.68e-05 | 1.5s
  에폭 2465/4000 | 손실: 0.1543 | 검증손실: 0.3044 | 학습: 99.6% | 검증: 89.4% | lr: 1.68e-05 | 1.5s
  에폭 2466/4000 | 손실: 0.1497 | 검증손실: 0.3136 | 학습: 99.6% | 검증: 89.5% | lr: 1.68e-05 | 1.5s
  에폭 2467/4000 | 손실: 0.1415 | 검증손실: 0.3121 | 학습: 99.5% | 검증: 89.4% | lr: 1.68e-05 | 1.5s
  에폭 2468/4000 | 손실: 0.1462 | 검증손실: 0.3148 | 학습: 99.6% | 검증: 89.3% | lr: 1.68e-05 | 1.5s
  에폭 2469/4000 | 손실: 0.1533 | 검증손실: 0.3142 | 학습: 99.5% | 검증: 89.3% | lr: 1.68e-05 | 1.5s
  에폭 2470/4000 | 손실: 0.1449 | 검증손실: 0.3190 | 학습: 99.5% | 검증: 89.3% | lr: 1.68e-05 | 1.5s
  에폭 2471/4000 | 손실: 0.1423 | 검증손실: 0.3213 | 학습: 99.5% | 검증: 89.1% | lr: 1.68e-05 | 1.5s
  에폭 2472/4000 | 손실: 0.1442 | 검증손실: 0.3185 | 학습: 99.5% | 검증: 89.3% | lr: 1.68e-05 | 1.5s
  에폭 2473/4000 | 손실: 0.1445 | 검증손실: 0.3183 | 학습: 99.6% | 검증: 89.3% | lr: 1.68e-05 | 1.5s
  에폭 2474/4000 | 손실: 0.1448 | 검증손실: 0.3137 | 학습: 99.5% | 검증: 89.5% | lr: 1.68e-05 | 1.5s
  에폭 2475/4000 | 손실: 0.1449 | 검증손실: 0.3116 | 학습: 99.5% | 검증: 89.2% | lr: 1.68e-05 | 1.5s
  에폭 2476/4000 | 손실: 0.1482 | 검증손실: 0.3138 | 학습: 99.5% | 검증: 89.5% | lr: 1.68e-05 | 1.5s
  에폭 2477/4000 | 손실: 0.1478 | 검증손실: 0.3137 | 학습: 99.6% | 검증: 89.5% | lr: 1.68e-05 | 1.5s
  에폭 2478/4000 | 손실: 0.1437 | 검증손실: 0.3142 | 학습: 99.6% | 검증: 89.3% | lr: 1.68e-05 | 1.5s
  에폭 2479/4000 | 손실: 0.1453 | 검증손실: 0.3088 | 학습: 99.6% | 검증: 89.5% | lr: 1.68e-05 | 1.5s
  에폭 2480/4000 | 손실: 0.1540 | 검증손실: 0.3184 | 학습: 99.3% | 검증: 89.2% | lr: 1.68e-05 | 1.5s
  에폭 2481/4000 | 손실: 0.1505 | 검증손실: 0.3134 | 학습: 99.6% | 검증: 89.5% | lr: 1.68e-05 | 1.5s
  에폭 2482/4000 | 손실: 0.1543 | 검증손실: 0.3117 | 학습: 99.5% | 검증: 89.3% | lr: 1.68e-05 | 1.5s
  에폭 2483/4000 | 손실: 0.1530 | 검증손실: 0.3078 | 학습: 99.6% | 검증: 89.5% | lr: 1.68e-05 | 1.5s
  에폭 2484/4000 | 손실: 0.1455 | 검증손실: 0.3091 | 학습: 99.6% | 검증: 89.3% | lr: 1.68e-05 | 1.5s
  에폭 2485/4000 | 손실: 0.1433 | 검증손실: 0.3198 | 학습: 99.5% | 검증: 89.7% | lr: 1.68e-05 | 1.5s
  에폭 2486/4000 | 손실: 0.1460 | 검증손실: 0.3133 | 학습: 99.5% | 검증: 89.4% | lr: 1.68e-05 | 1.5s
  에폭 2487/4000 | 손실: 0.1456 | 검증손실: 0.3171 | 학습: 99.5% | 검증: 89.4% | lr: 1.68e-05 | 1.5s
  에폭 2488/4000 | 손실: 0.1480 | 검증손실: 0.3097 | 학습: 99.7% | 검증: 89.4% | lr: 1.68e-05 | 1.5s
  에폭 2489/4000 | 손실: 0.1473 | 검증손실: 0.3097 | 학습: 99.6% | 검증: 89.3% | lr: 1.68e-05 | 1.5s
  에폭 2490/4000 | 손실: 0.1473 | 검증손실: 0.3139 | 학습: 99.6% | 검증: 89.3% | lr: 1.68e-05 | 1.5s
  에폭 2491/4000 | 손실: 0.1401 | 검증손실: 0.3100 | 학습: 99.6% | 검증: 89.4% | lr: 1.68e-05 | 1.5s
  에폭 2492/4000 | 손실: 0.1429 | 검증손실: 0.3206 | 학습: 99.5% | 검증: 89.5% | lr: 1.68e-05 | 1.5s
  에폭 2493/4000 | 손실: 0.1525 | 검증손실: 0.3119 | 학습: 99.5% | 검증: 89.4% | lr: 1.68e-05 | 1.5s
  에폭 2494/4000 | 손실: 0.1440 | 검증손실: 0.3088 | 학습: 99.5% | 검증: 89.4% | lr: 1.68e-05 | 1.5s
  에폭 2495/4000 | 손실: 0.1438 | 검증손실: 0.3115 | 학습: 99.5% | 검증: 89.5% | lr: 1.68e-05 | 1.5s
  에폭 2496/4000 | 손실: 0.1467 | 검증손실: 0.3140 | 학습: 99.6% | 검증: 89.2% | lr: 1.68e-05 | 1.5s
  에폭 2497/4000 | 손실: 0.1491 | 검증손실: 0.3175 | 학습: 99.5% | 검증: 89.2% | lr: 1.68e-05 | 1.5s
  에폭 2498/4000 | 손실: 0.1460 | 검증손실: 0.3084 | 학습: 99.5% | 검증: 89.3% | lr: 1.68e-05 | 1.5s
  에폭 2499/4000 | 손실: 0.1437 | 검증손실: 0.3167 | 학습: 99.6% | 검증: 89.3% | lr: 1.68e-05 | 1.5s
  에폭 2500/4000 | 손실: 0.1466 | 검증손실: 0.3152 | 학습: 99.6% | 검증: 89.4% | lr: 1.68e-05 | 1.5s
  에폭 2501/4000 | 손실: 0.1454 | 검증손실: 0.3063 | 학습: 99.5% | 검증: 89.5% | lr: 1.68e-05 | 1.5s
  에폭 2502/4000 | 손실: 0.1426 | 검증손실: 0.3107 | 학습: 99.6% | 검증: 89.9% | lr: 1.68e-05 | 1.5s
  에폭 2503/4000 | 손실: 0.1437 | 검증손실: 0.3204 | 학습: 99.5% | 검증: 89.1% | lr: 1.68e-05 | 1.5s
  에폭 2504/4000 | 손실: 0.1489 | 검증손실: 0.3148 | 학습: 99.5% | 검증: 89.5% | lr: 1.68e-05 | 1.5s
  에폭 2505/4000 | 손실: 0.1424 | 검증손실: 0.3127 | 학습: 99.5% | 검증: 89.7% | lr: 1.68e-05 | 1.5s
  에폭 2506/4000 | 손실: 0.1478 | 검증손실: 0.3148 | 학습: 99.5% | 검증: 89.2% | lr: 1.68e-05 | 1.5s
  에폭 2507/4000 | 손실: 0.1504 | 검증손실: 0.3182 | 학습: 99.5% | 검증: 89.3% | lr: 1.68e-05 | 1.5s
  에폭 2508/4000 | 손실: 0.1451 | 검증손실: 0.3122 | 학습: 99.6% | 검증: 89.3% | lr: 1.68e-05 | 1.5s
  에폭 2509/4000 | 손실: 0.1540 | 검증손실: 0.3166 | 학습: 99.4% | 검증: 89.2% | lr: 1.68e-05 | 1.5s
  에폭 2510/4000 | 손실: 0.1489 | 검증손실: 0.3131 | 학습: 99.5% | 검증: 89.1% | lr: 1.68e-05 | 1.5s
  에폭 2511/4000 | 손실: 0.1485 | 검증손실: 0.3131 | 학습: 99.6% | 검증: 89.2% | lr: 1.68e-05 | 1.5s
  에폭 2512/4000 | 손실: 0.1426 | 검증손실: 0.3176 | 학습: 99.6% | 검증: 89.0% | lr: 1.68e-05 | 1.5s
  에폭 2513/4000 | 손실: 0.1415 | 검증손실: 0.3116 | 학습: 99.6% | 검증: 89.1% | lr: 1.68e-05 | 1.5s
  에폭 2514/4000 | 손실: 0.1459 | 검증손실: 0.3195 | 학습: 99.4% | 검증: 89.2% | lr: 1.68e-05 | 1.5s
  에폭 2515/4000 | 손실: 0.1440 | 검증손실: 0.3152 | 학습: 99.6% | 검증: 89.3% | lr: 1.68e-05 | 1.5s
  에폭 2516/4000 | 손실: 0.1549 | 검증손실: 0.3109 | 학습: 99.6% | 검증: 89.2% | lr: 1.68e-05 | 1.5s
  에폭 2517/4000 | 손실: 0.1443 | 검증손실: 0.3177 | 학습: 99.5% | 검증: 89.3% | lr: 1.68e-05 | 1.5s
  에폭 2518/4000 | 손실: 0.1488 | 검증손실: 0.3071 | 학습: 99.5% | 검증: 89.0% | lr: 1.68e-05 | 1.6s
  에폭 2519/4000 | 손실: 0.1482 | 검증손실: 0.3156 | 학습: 99.6% | 검증: 89.5% | lr: 1.68e-05 | 1.5s
  에폭 2520/4000 | 손실: 0.1472 | 검증손실: 0.3091 | 학습: 99.6% | 검증: 89.5% | lr: 1.68e-05 | 1.5s
  에폭 2521/4000 | 손실: 0.1441 | 검증손실: 0.3154 | 학습: 99.6% | 검증: 89.4% | lr: 1.68e-05 | 1.5s
  에폭 2522/4000 | 손실: 0.1479 | 검증손실: 0.3137 | 학습: 99.6% | 검증: 89.2% | lr: 1.68e-05 | 1.5s
  에폭 2523/4000 | 손실: 0.1494 | 검증손실: 0.3180 | 학습: 99.6% | 검증: 89.4% | lr: 1.68e-05 | 1.6s
  에폭 2524/4000 | 손실: 0.1428 | 검증손실: 0.3172 | 학습: 99.6% | 검증: 89.2% | lr: 1.68e-05 | 1.5s
  에폭 2525/4000 | 손실: 0.1426 | 검증손실: 0.3058 | 학습: 99.6% | 검증: 89.4% | lr: 1.68e-05 | 1.5s
  에폭 2526/4000 | 손실: 0.1469 | 검증손실: 0.3071 | 학습: 99.6% | 검증: 89.4% | lr: 1.68e-05 | 1.6s
  에폭 2527/4000 | 손실: 0.1525 | 검증손실: 0.3201 | 학습: 99.5% | 검증: 89.4% | lr: 1.68e-05 | 1.6s
  에폭 2528/4000 | 손실: 0.1433 | 검증손실: 0.3153 | 학습: 99.6% | 검증: 89.0% | lr: 1.68e-05 | 1.5s
  에폭 2529/4000 | 손실: 0.1524 | 검증손실: 0.3111 | 학습: 99.4% | 검증: 89.5% | lr: 1.68e-05 | 1.5s
  에폭 2530/4000 | 손실: 0.1378 | 검증손실: 0.3146 | 학습: 99.6% | 검증: 89.0% | lr: 1.68e-05 | 1.5s
  에폭 2531/4000 | 손실: 0.1450 | 검증손실: 0.3100 | 학습: 99.6% | 검증: 89.4% | lr: 1.68e-05 | 1.6s
  에폭 2532/4000 | 손실: 0.1500 | 검증손실: 0.3081 | 학습: 99.5% | 검증: 89.4% | lr: 1.68e-05 | 1.5s
  에폭 2533/4000 | 손실: 0.1440 | 검증손실: 0.3043 | 학습: 99.5% | 검증: 89.4% | lr: 1.68e-05 | 1.6s
  에폭 2534/4000 | 손실: 0.1452 | 검증손실: 0.3106 | 학습: 99.4% | 검증: 89.1% | lr: 1.68e-05 | 1.5s
  에폭 2535/4000 | 손실: 0.1456 | 검증손실: 0.3190 | 학습: 99.6% | 검증: 89.1% | lr: 1.68e-05 | 1.6s
  에폭 2536/4000 | 손실: 0.1435 | 검증손실: 0.3113 | 학습: 99.6% | 검증: 89.7% | lr: 1.68e-05 | 1.5s
  에폭 2537/4000 | 손실: 0.1558 | 검증손실: 0.3095 | 학습: 99.7% | 검증: 89.2% | lr: 1.68e-05 | 1.6s
  에폭 2538/4000 | 손실: 0.1458 | 검증손실: 0.3119 | 학습: 99.6% | 검증: 89.7% | lr: 1.68e-05 | 1.6s
  에폭 2539/4000 | 손실: 0.1455 | 검증손실: 0.3169 | 학습: 99.5% | 검증: 89.4% | lr: 1.68e-05 | 1.5s
  에폭 2540/4000 | 손실: 0.1501 | 검증손실: 0.3130 | 학습: 99.6% | 검증: 89.5% | lr: 1.68e-05 | 1.6s
  에폭 2541/4000 | 손실: 0.1454 | 검증손실: 0.3039 | 학습: 99.5% | 검증: 89.6% | lr: 1.68e-05 | 1.5s
  에폭 2542/4000 | 손실: 0.1469 | 검증손실: 0.3089 | 학습: 99.6% | 검증: 89.7% | lr: 1.68e-05 | 1.6s
  에폭 2543/4000 | 손실: 0.1468 | 검증손실: 0.3189 | 학습: 99.5% | 검증: 89.3% | lr: 1.68e-05 | 1.6s
  에폭 2544/4000 | 손실: 0.1439 | 검증손실: 0.3119 | 학습: 99.6% | 검증: 89.6% | lr: 1.68e-05 | 1.5s
  에폭 2545/4000 | 손실: 0.1419 | 검증손실: 0.3118 | 학습: 99.6% | 검증: 89.6% | lr: 1.68e-05 | 1.6s
  에폭 2546/4000 | 손실: 0.1519 | 검증손실: 0.3121 | 학습: 99.5% | 검증: 89.4% | lr: 1.68e-05 | 1.6s
  에폭 2547/4000 | 손실: 0.1494 | 검증손실: 0.3144 | 학습: 99.5% | 검증: 89.5% | lr: 1.68e-05 | 1.5s
  에폭 2548/4000 | 손실: 0.1429 | 검증손실: 0.3063 | 학습: 99.6% | 검증: 89.4% | lr: 1.68e-05 | 1.5s
  에폭 2549/4000 | 손실: 0.1515 | 검증손실: 0.3086 | 학습: 99.6% | 검증: 89.7% | lr: 1.68e-05 | 1.5s
  에폭 2550/4000 | 손실: 0.1524 | 검증손실: 0.3026 | 학습: 99.5% | 검증: 89.5% | lr: 1.68e-05 | 1.5s
  에폭 2551/4000 | 손실: 0.1463 | 검증손실: 0.3034 | 학습: 99.6% | 검증: 89.3% | lr: 1.68e-05 | 1.5s
  에폭 2552/4000 | 손실: 0.1455 | 검증손실: 0.3106 | 학습: 99.7% | 검증: 89.4% | lr: 1.68e-05 | 1.5s
  에폭 2553/4000 | 손실: 0.1478 | 검증손실: 0.3103 | 학습: 99.6% | 검증: 89.1% | lr: 1.68e-05 | 1.7s
  에폭 2554/4000 | 손실: 0.1422 | 검증손실: 0.3135 | 학습: 99.6% | 검증: 89.3% | lr: 1.68e-05 | 2.4s
  에폭 2555/4000 | 손실: 0.1382 | 검증손실: 0.3074 | 학습: 99.6% | 검증: 89.6% | lr: 1.68e-05 | 1.6s
  에폭 2556/4000 | 손실: 0.1454 | 검증손실: 0.3244 | 학습: 99.5% | 검증: 89.0% | lr: 1.34e-05 | 1.7s
  에폭 2557/4000 | 손실: 0.1436 | 검증손실: 0.3145 | 학습: 99.5% | 검증: 89.5% | lr: 1.34e-05 | 1.6s
  에폭 2558/4000 | 손실: 0.1489 | 검증손실: 0.3149 | 학습: 99.6% | 검증: 89.3% | lr: 1.34e-05 | 1.8s
  에폭 2559/4000 | 손실: 0.1426 | 검증손실: 0.3073 | 학습: 99.6% | 검증: 89.3% | lr: 1.34e-05 | 2.1s
  에폭 2560/4000 | 손실: 0.1456 | 검증손실: 0.3124 | 학습: 99.6% | 검증: 89.5% | lr: 1.34e-05 | 2.0s
  에폭 2561/4000 | 손실: 0.1474 | 검증손실: 0.3134 | 학습: 99.5% | 검증: 89.6% | lr: 1.34e-05 | 2.0s
  에폭 2562/4000 | 손실: 0.1452 | 검증손실: 0.3045 | 학습: 99.6% | 검증: 89.3% | lr: 1.34e-05 | 2.6s
  에폭 2563/4000 | 손실: 0.1463 | 검증손실: 0.3113 | 학습: 99.6% | 검증: 89.5% | lr: 1.34e-05 | 1.8s
  에폭 2564/4000 | 손실: 0.1490 | 검증손실: 0.3102 | 학습: 99.5% | 검증: 89.2% | lr: 1.34e-05 | 1.6s
  에폭 2565/4000 | 손실: 0.1498 | 검증손실: 0.3153 | 학습: 99.6% | 검증: 89.3% | lr: 1.34e-05 | 1.9s
  에폭 2566/4000 | 손실: 0.1470 | 검증손실: 0.3135 | 학습: 99.6% | 검증: 89.0% | lr: 1.34e-05 | 2.5s
  에폭 2567/4000 | 손실: 0.1478 | 검증손실: 0.3147 | 학습: 99.5% | 검증: 89.1% | lr: 1.34e-05 | 1.6s
  에폭 2568/4000 | 손실: 0.1433 | 검증손실: 0.3172 | 학습: 99.6% | 검증: 89.5% | lr: 1.34e-05 | 1.5s
  에폭 2569/4000 | 손실: 0.1505 | 검증손실: 0.3094 | 학습: 99.6% | 검증: 89.3% | lr: 1.34e-05 | 1.6s
  에폭 2570/4000 | 손실: 0.1466 | 검증손실: 0.3123 | 학습: 99.5% | 검증: 89.6% | lr: 1.34e-05 | 1.5s
  에폭 2571/4000 | 손실: 0.1424 | 검증손실: 0.3084 | 학습: 99.6% | 검증: 89.3% | lr: 1.34e-05 | 1.6s
  에폭 2572/4000 | 손실: 0.1448 | 검증손실: 0.3089 | 학습: 99.5% | 검증: 89.1% | lr: 1.34e-05 | 1.6s
  에폭 2573/4000 | 손실: 0.1427 | 검증손실: 0.3105 | 학습: 99.6% | 검증: 89.4% | lr: 1.34e-05 | 1.5s
  에폭 2574/4000 | 손실: 0.1398 | 검증손실: 0.3085 | 학습: 99.6% | 검증: 89.4% | lr: 1.34e-05 | 1.5s
  에폭 2575/4000 | 손실: 0.1425 | 검증손실: 0.3082 | 학습: 99.6% | 검증: 89.3% | lr: 1.34e-05 | 1.5s
  에폭 2576/4000 | 손실: 0.1413 | 검증손실: 0.3078 | 학습: 99.6% | 검증: 89.3% | lr: 1.34e-05 | 1.6s
  에폭 2577/4000 | 손실: 0.1477 | 검증손실: 0.3148 | 학습: 99.7% | 검증: 89.3% | lr: 1.34e-05 | 1.5s
  에폭 2578/4000 | 손실: 0.1443 | 검증손실: 0.3068 | 학습: 99.6% | 검증: 89.3% | lr: 1.34e-05 | 1.5s
  에폭 2579/4000 | 손실: 0.1551 | 검증손실: 0.3074 | 학습: 99.6% | 검증: 89.5% | lr: 1.34e-05 | 1.5s
  에폭 2580/4000 | 손실: 0.1466 | 검증손실: 0.3079 | 학습: 99.6% | 검증: 89.6% | lr: 1.34e-05 | 1.8s
  에폭 2581/4000 | 손실: 0.1457 | 검증손실: 0.3045 | 학습: 99.6% | 검증: 89.5% | lr: 1.34e-05 | 2.1s
  에폭 2582/4000 | 손실: 0.1434 | 검증손실: 0.3099 | 학습: 99.5% | 검증: 89.4% | lr: 1.34e-05 | 2.5s
  에폭 2583/4000 | 손실: 0.1417 | 검증손실: 0.3105 | 학습: 99.6% | 검증: 89.5% | lr: 1.34e-05 | 2.1s
  에폭 2584/4000 | 손실: 0.1455 | 검증손실: 0.3100 | 학습: 99.6% | 검증: 89.3% | lr: 1.34e-05 | 1.7s
  에폭 2585/4000 | 손실: 0.1516 | 검증손실: 0.3150 | 학습: 99.5% | 검증: 89.2% | lr: 1.34e-05 | 1.5s
  에폭 2586/4000 | 손실: 0.1431 | 검증손실: 0.3196 | 학습: 99.6% | 검증: 89.3% | lr: 1.34e-05 | 1.5s
  에폭 2587/4000 | 손실: 0.1431 | 검증손실: 0.3108 | 학습: 99.6% | 검증: 89.3% | lr: 1.34e-05 | 1.5s
  에폭 2588/4000 | 손실: 0.1462 | 검증손실: 0.3154 | 학습: 99.6% | 검증: 89.2% | lr: 1.34e-05 | 1.5s
  에폭 2589/4000 | 손실: 0.1486 | 검증손실: 0.3096 | 학습: 99.5% | 검증: 89.6% | lr: 1.34e-05 | 1.5s
  에폭 2590/4000 | 손실: 0.1410 | 검증손실: 0.3087 | 학습: 99.6% | 검증: 89.3% | lr: 1.34e-05 | 1.5s
  에폭 2591/4000 | 손실: 0.1434 | 검증손실: 0.3054 | 학습: 99.4% | 검증: 89.5% | lr: 1.34e-05 | 1.5s
  에폭 2592/4000 | 손실: 0.1438 | 검증손실: 0.3103 | 학습: 99.6% | 검증: 89.6% | lr: 1.34e-05 | 1.5s
  에폭 2593/4000 | 손실: 0.1435 | 검증손실: 0.3172 | 학습: 99.6% | 검증: 89.5% | lr: 1.34e-05 | 1.5s
  에폭 2594/4000 | 손실: 0.1509 | 검증손실: 0.3092 | 학습: 99.6% | 검증: 89.5% | lr: 1.34e-05 | 1.5s
  에폭 2595/4000 | 손실: 0.1443 | 검증손실: 0.3186 | 학습: 99.5% | 검증: 89.5% | lr: 1.34e-05 | 1.5s
  에폭 2596/4000 | 손실: 0.1461 | 검증손실: 0.3107 | 학습: 99.6% | 검증: 89.4% | lr: 1.34e-05 | 1.5s
  에폭 2597/4000 | 손실: 0.1464 | 검증손실: 0.3124 | 학습: 99.5% | 검증: 89.4% | lr: 1.34e-05 | 1.5s
  에폭 2598/4000 | 손실: 0.1456 | 검증손실: 0.3138 | 학습: 99.5% | 검증: 89.7% | lr: 1.34e-05 | 1.5s
  에폭 2599/4000 | 손실: 0.1473 | 검증손실: 0.3075 | 학습: 99.7% | 검증: 89.5% | lr: 1.34e-05 | 1.5s
  에폭 2600/4000 | 손실: 0.1466 | 검증손실: 0.3060 | 학습: 99.6% | 검증: 89.5% | lr: 1.34e-05 | 1.5s
  에폭 2601/4000 | 손실: 0.1446 | 검증손실: 0.3109 | 학습: 99.6% | 검증: 89.3% | lr: 1.34e-05 | 1.5s
  에폭 2602/4000 | 손실: 0.1402 | 검증손실: 0.3151 | 학습: 99.6% | 검증: 89.0% | lr: 1.34e-05 | 1.5s
  에폭 2603/4000 | 손실: 0.1452 | 검증손실: 0.3119 | 학습: 99.6% | 검증: 89.5% | lr: 1.34e-05 | 1.5s
  에폭 2604/4000 | 손실: 0.1445 | 검증손실: 0.3103 | 학습: 99.6% | 검증: 89.7% | lr: 1.34e-05 | 1.5s
  에폭 2605/4000 | 손실: 0.1416 | 검증손실: 0.3015 | 학습: 99.5% | 검증: 89.4% | lr: 1.34e-05 | 1.5s
  에폭 2606/4000 | 손실: 0.1412 | 검증손실: 0.3126 | 학습: 99.7% | 검증: 89.4% | lr: 1.34e-05 | 1.5s
  에폭 2607/4000 | 손실: 0.1450 | 검증손실: 0.3128 | 학습: 99.6% | 검증: 89.4% | lr: 1.34e-05 | 1.5s
  에폭 2608/4000 | 손실: 0.1506 | 검증손실: 0.3109 | 학습: 99.6% | 검증: 89.7% | lr: 1.34e-05 | 1.5s
  에폭 2609/4000 | 손실: 0.1447 | 검증손실: 0.3116 | 학습: 99.6% | 검증: 89.8% | lr: 1.34e-05 | 1.5s
  에폭 2610/4000 | 손실: 0.1477 | 검증손실: 0.3153 | 학습: 99.6% | 검증: 89.7% | lr: 1.34e-05 | 1.5s
  에폭 2611/4000 | 손실: 0.1463 | 검증손실: 0.3185 | 학습: 99.6% | 검증: 89.4% | lr: 1.34e-05 | 1.5s
  에폭 2612/4000 | 손실: 0.1394 | 검증손실: 0.3114 | 학습: 99.6% | 검증: 89.5% | lr: 1.34e-05 | 1.5s
  에폭 2613/4000 | 손실: 0.1412 | 검증손실: 0.3110 | 학습: 99.6% | 검증: 89.7% | lr: 1.34e-05 | 1.5s
  에폭 2614/4000 | 손실: 0.1404 | 검증손실: 0.3059 | 학습: 99.5% | 검증: 89.3% | lr: 1.34e-05 | 1.5s
  에폭 2615/4000 | 손실: 0.1485 | 검증손실: 0.3122 | 학습: 99.5% | 검증: 89.2% | lr: 1.34e-05 | 1.5s
  에폭 2616/4000 | 손실: 0.1388 | 검증손실: 0.3099 | 학습: 99.6% | 검증: 89.2% | lr: 1.34e-05 | 1.5s
  에폭 2617/4000 | 손실: 0.1439 | 검증손실: 0.3211 | 학습: 99.5% | 검증: 89.0% | lr: 1.34e-05 | 1.5s
  에폭 2618/4000 | 손실: 0.1420 | 검증손실: 0.3177 | 학습: 99.5% | 검증: 89.5% | lr: 1.34e-05 | 1.5s
  에폭 2619/4000 | 손실: 0.1416 | 검증손실: 0.3098 | 학습: 99.6% | 검증: 89.4% | lr: 1.34e-05 | 1.5s
  에폭 2620/4000 | 손실: 0.1398 | 검증손실: 0.3228 | 학습: 99.6% | 검증: 89.4% | lr: 1.34e-05 | 1.5s
  에폭 2621/4000 | 손실: 0.1452 | 검증손실: 0.3117 | 학습: 99.6% | 검증: 89.6% | lr: 1.34e-05 | 1.5s
  에폭 2622/4000 | 손실: 0.1475 | 검증손실: 0.3156 | 학습: 99.6% | 검증: 89.4% | lr: 1.34e-05 | 1.5s
  에폭 2623/4000 | 손실: 0.1408 | 검증손실: 0.3158 | 학습: 99.4% | 검증: 89.0% | lr: 1.34e-05 | 1.5s
  에폭 2624/4000 | 손실: 0.1494 | 검증손실: 0.3131 | 학습: 99.6% | 검증: 89.6% | lr: 1.34e-05 | 1.5s
  에폭 2625/4000 | 손실: 0.1434 | 검증손실: 0.3094 | 학습: 99.6% | 검증: 89.4% | lr: 1.34e-05 | 1.5s
  에폭 2626/4000 | 손실: 0.1444 | 검증손실: 0.3131 | 학습: 99.3% | 검증: 89.2% | lr: 1.34e-05 | 1.5s
  에폭 2627/4000 | 손실: 0.1389 | 검증손실: 0.3118 | 학습: 99.6% | 검증: 89.1% | lr: 1.34e-05 | 1.5s
  에폭 2628/4000 | 손실: 0.1443 | 검증손실: 0.3165 | 학습: 99.5% | 검증: 89.5% | lr: 1.34e-05 | 1.5s
  에폭 2629/4000 | 손실: 0.1442 | 검증손실: 0.3148 | 학습: 99.7% | 검증: 89.4% | lr: 1.34e-05 | 1.5s
  에폭 2630/4000 | 손실: 0.1458 | 검증손실: 0.3118 | 학습: 99.6% | 검증: 89.3% | lr: 1.34e-05 | 1.5s
  에폭 2631/4000 | 손실: 0.1385 | 검증손실: 0.3096 | 학습: 99.6% | 검증: 89.3% | lr: 1.34e-05 | 1.5s
  에폭 2632/4000 | 손실: 0.1479 | 검증손실: 0.3257 | 학습: 99.6% | 검증: 89.4% | lr: 1.34e-05 | 1.5s
  에폭 2633/4000 | 손실: 0.1475 | 검증손실: 0.3150 | 학습: 99.6% | 검증: 89.3% | lr: 1.34e-05 | 1.5s
  에폭 2634/4000 | 손실: 0.1480 | 검증손실: 0.3097 | 학습: 99.6% | 검증: 89.5% | lr: 1.34e-05 | 1.5s
  에폭 2635/4000 | 손실: 0.1442 | 검증손실: 0.3163 | 학습: 99.6% | 검증: 89.3% | lr: 1.34e-05 | 1.5s
  에폭 2636/4000 | 손실: 0.1525 | 검증손실: 0.3095 | 학습: 99.6% | 검증: 89.3% | lr: 1.34e-05 | 1.5s
  에폭 2637/4000 | 손실: 0.1459 | 검증손실: 0.3218 | 학습: 99.5% | 검증: 88.8% | lr: 1.34e-05 | 1.5s
  에폭 2638/4000 | 손실: 0.1351 | 검증손실: 0.3165 | 학습: 99.6% | 검증: 89.3% | lr: 1.34e-05 | 1.5s
  에폭 2639/4000 | 손실: 0.1426 | 검증손실: 0.3081 | 학습: 99.5% | 검증: 89.5% | lr: 1.34e-05 | 1.5s
  에폭 2640/4000 | 손실: 0.1414 | 검증손실: 0.3086 | 학습: 99.6% | 검증: 89.6% | lr: 1.34e-05 | 1.5s
  에폭 2641/4000 | 손실: 0.1412 | 검증손실: 0.3203 | 학습: 99.5% | 검증: 89.3% | lr: 1.34e-05 | 1.5s
  에폭 2642/4000 | 손실: 0.1440 | 검증손실: 0.3098 | 학습: 99.6% | 검증: 89.5% | lr: 1.34e-05 | 1.5s
  에폭 2643/4000 | 손실: 0.1435 | 검증손실: 0.3151 | 학습: 99.5% | 검증: 89.4% | lr: 1.34e-05 | 1.5s
  에폭 2644/4000 | 손실: 0.1433 | 검증손실: 0.3135 | 학습: 99.6% | 검증: 89.3% | lr: 1.34e-05 | 1.5s
  에폭 2645/4000 | 손실: 0.1440 | 검증손실: 0.3143 | 학습: 99.6% | 검증: 89.4% | lr: 1.34e-05 | 1.5s
  에폭 2646/4000 | 손실: 0.1410 | 검증손실: 0.3127 | 학습: 99.5% | 검증: 89.2% | lr: 1.34e-05 | 1.5s
  에폭 2647/4000 | 손실: 0.1453 | 검증손실: 0.3148 | 학습: 99.7% | 검증: 89.2% | lr: 1.34e-05 | 1.5s
  에폭 2648/4000 | 손실: 0.1437 | 검증손실: 0.3137 | 학습: 99.5% | 검증: 89.2% | lr: 1.34e-05 | 1.5s
  에폭 2649/4000 | 손실: 0.1430 | 검증손실: 0.3177 | 학습: 99.6% | 검증: 89.4% | lr: 1.34e-05 | 1.5s
  에폭 2650/4000 | 손실: 0.1406 | 검증손실: 0.3174 | 학습: 99.6% | 검증: 89.5% | lr: 1.34e-05 | 1.5s
  에폭 2651/4000 | 손실: 0.1481 | 검증손실: 0.3133 | 학습: 99.5% | 검증: 89.0% | lr: 1.34e-05 | 1.5s
  에폭 2652/4000 | 손실: 0.1410 | 검증손실: 0.3108 | 학습: 99.6% | 검증: 89.2% | lr: 1.34e-05 | 1.5s
  에폭 2653/4000 | 손실: 0.1431 | 검증손실: 0.3120 | 학습: 99.6% | 검증: 89.2% | lr: 1.34e-05 | 1.5s
  에폭 2654/4000 | 손실: 0.1425 | 검증손실: 0.3126 | 학습: 99.6% | 검증: 89.1% | lr: 1.34e-05 | 1.5s
  에폭 2655/4000 | 손실: 0.1409 | 검증손실: 0.3177 | 학습: 99.6% | 검증: 89.1% | lr: 1.34e-05 | 1.5s
  에폭 2656/4000 | 손실: 0.1445 | 검증손실: 0.3172 | 학습: 99.6% | 검증: 89.5% | lr: 1.34e-05 | 1.5s
  에폭 2657/4000 | 손실: 0.1442 | 검증손실: 0.3167 | 학습: 99.6% | 검증: 89.4% | lr: 1.34e-05 | 1.5s
  에폭 2658/4000 | 손실: 0.1495 | 검증손실: 0.3141 | 학습: 99.5% | 검증: 89.4% | lr: 1.34e-05 | 1.5s
  에폭 2659/4000 | 손실: 0.1431 | 검증손실: 0.3197 | 학습: 99.6% | 검증: 89.4% | lr: 1.34e-05 | 1.6s
  에폭 2660/4000 | 손실: 0.1492 | 검증손실: 0.3113 | 학습: 99.3% | 검증: 89.2% | lr: 1.34e-05 | 1.5s
  에폭 2661/4000 | 손실: 0.1487 | 검증손실: 0.3101 | 학습: 99.6% | 검증: 89.6% | lr: 1.34e-05 | 1.5s
  에폭 2662/4000 | 손실: 0.1431 | 검증손실: 0.3155 | 학습: 99.6% | 검증: 89.3% | lr: 1.34e-05 | 1.5s
  에폭 2663/4000 | 손실: 0.1501 | 검증손실: 0.3182 | 학습: 99.6% | 검증: 89.6% | lr: 1.34e-05 | 1.5s
  에폭 2664/4000 | 손실: 0.1435 | 검증손실: 0.3173 | 학습: 99.6% | 검증: 89.4% | lr: 1.34e-05 | 1.5s
  에폭 2665/4000 | 손실: 0.1494 | 검증손실: 0.3190 | 학습: 99.5% | 검증: 89.4% | lr: 1.34e-05 | 1.5s
  에폭 2666/4000 | 손실: 0.1468 | 검증손실: 0.3161 | 학습: 99.6% | 검증: 89.2% | lr: 1.34e-05 | 1.5s
  에폭 2667/4000 | 손실: 0.1555 | 검증손실: 0.3219 | 학습: 99.6% | 검증: 89.5% | lr: 1.34e-05 | 1.5s
  에폭 2668/4000 | 손실: 0.1424 | 검증손실: 0.3156 | 학습: 99.7% | 검증: 89.2% | lr: 1.34e-05 | 1.5s
  에폭 2669/4000 | 손실: 0.1394 | 검증손실: 0.3173 | 학습: 99.6% | 검증: 89.4% | lr: 1.34e-05 | 1.5s
  에폭 2670/4000 | 손실: 0.1466 | 검증손실: 0.3214 | 학습: 99.6% | 검증: 89.2% | lr: 1.34e-05 | 1.5s
  에폭 2671/4000 | 손실: 0.1464 | 검증손실: 0.3204 | 학습: 99.6% | 검증: 89.3% | lr: 1.34e-05 | 1.5s
  에폭 2672/4000 | 손실: 0.1459 | 검증손실: 0.3175 | 학습: 99.7% | 검증: 89.5% | lr: 1.34e-05 | 1.5s
  에폭 2673/4000 | 손실: 0.1457 | 검증손실: 0.3109 | 학습: 99.6% | 검증: 89.0% | lr: 1.34e-05 | 1.5s
  에폭 2674/4000 | 손실: 0.1445 | 검증손실: 0.3190 | 학습: 99.5% | 검증: 89.3% | lr: 1.34e-05 | 1.5s
  에폭 2675/4000 | 손실: 0.1440 | 검증손실: 0.3158 | 학습: 99.6% | 검증: 89.4% | lr: 1.34e-05 | 1.5s
  에폭 2676/4000 | 손실: 0.1392 | 검증손실: 0.3134 | 학습: 99.7% | 검증: 89.5% | lr: 1.34e-05 | 1.5s
  에폭 2677/4000 | 손실: 0.1446 | 검증손실: 0.3098 | 학습: 99.4% | 검증: 89.2% | lr: 1.34e-05 | 1.5s
  에폭 2678/4000 | 손실: 0.1502 | 검증손실: 0.3064 | 학습: 99.6% | 검증: 89.1% | lr: 1.34e-05 | 1.5s
  에폭 2679/4000 | 손실: 0.1416 | 검증손실: 0.3089 | 학습: 99.5% | 검증: 88.9% | lr: 1.34e-05 | 1.5s
  에폭 2680/4000 | 손실: 0.1437 | 검증손실: 0.3124 | 학습: 99.6% | 검증: 89.4% | lr: 1.34e-05 | 1.5s
  에폭 2681/4000 | 손실: 0.1481 | 검증손실: 0.3179 | 학습: 99.6% | 검증: 89.3% | lr: 1.34e-05 | 1.5s
  에폭 2682/4000 | 손실: 0.1438 | 검증손실: 0.3179 | 학습: 99.6% | 검증: 89.6% | lr: 1.34e-05 | 1.5s
  에폭 2683/4000 | 손실: 0.1409 | 검증손실: 0.3067 | 학습: 99.6% | 검증: 89.5% | lr: 1.34e-05 | 1.5s
  에폭 2684/4000 | 손실: 0.1460 | 검증손실: 0.3065 | 학습: 99.5% | 검증: 89.5% | lr: 1.34e-05 | 1.5s
  에폭 2685/4000 | 손실: 0.1445 | 검증손실: 0.3192 | 학습: 99.5% | 검증: 88.8% | lr: 1.34e-05 | 1.5s
  에폭 2686/4000 | 손실: 0.1420 | 검증손실: 0.3166 | 학습: 99.7% | 검증: 89.2% | lr: 1.34e-05 | 1.5s
  에폭 2687/4000 | 손실: 0.1410 | 검증손실: 0.3137 | 학습: 99.6% | 검증: 89.1% | lr: 1.34e-05 | 1.5s
  에폭 2688/4000 | 손실: 0.1495 | 검증손실: 0.3151 | 학습: 99.5% | 검증: 89.2% | lr: 1.34e-05 | 1.5s
  에폭 2689/4000 | 손실: 0.1520 | 검증손실: 0.3140 | 학습: 99.6% | 검증: 89.3% | lr: 1.34e-05 | 1.5s
  에폭 2690/4000 | 손실: 0.1418 | 검증손실: 0.3184 | 학습: 99.6% | 검증: 89.3% | lr: 1.34e-05 | 1.5s
  에폭 2691/4000 | 손실: 0.1438 | 검증손실: 0.3205 | 학습: 99.6% | 검증: 89.5% | lr: 1.34e-05 | 1.5s
  에폭 2692/4000 | 손실: 0.1468 | 검증손실: 0.3143 | 학습: 99.6% | 검증: 89.2% | lr: 1.34e-05 | 1.5s
  에폭 2693/4000 | 손실: 0.1440 | 검증손실: 0.3111 | 학습: 99.6% | 검증: 89.4% | lr: 1.34e-05 | 1.5s
  에폭 2694/4000 | 손실: 0.1470 | 검증손실: 0.3121 | 학습: 99.6% | 검증: 89.3% | lr: 1.34e-05 | 1.5s
  에폭 2695/4000 | 손실: 0.1444 | 검증손실: 0.3183 | 학습: 99.5% | 검증: 89.3% | lr: 1.34e-05 | 1.5s
  에폭 2696/4000 | 손실: 0.1452 | 검증손실: 0.3105 | 학습: 99.7% | 검증: 89.1% | lr: 1.34e-05 | 1.5s
  에폭 2697/4000 | 손실: 0.1472 | 검증손실: 0.3129 | 학습: 99.6% | 검증: 89.3% | lr: 1.34e-05 | 1.5s
  에폭 2698/4000 | 손실: 0.1450 | 검증손실: 0.3088 | 학습: 99.6% | 검증: 89.1% | lr: 1.34e-05 | 1.5s
  에폭 2699/4000 | 손실: 0.1444 | 검증손실: 0.3137 | 학습: 99.6% | 검증: 89.6% | lr: 1.34e-05 | 1.5s
  에폭 2700/4000 | 손실: 0.1427 | 검증손실: 0.3074 | 학습: 99.6% | 검증: 89.5% | lr: 1.34e-05 | 1.5s
  에폭 2701/4000 | 손실: 0.1495 | 검증손실: 0.3098 | 학습: 99.7% | 검증: 89.5% | lr: 1.34e-05 | 1.5s
  에폭 2702/4000 | 손실: 0.1409 | 검증손실: 0.3109 | 학습: 99.5% | 검증: 89.4% | lr: 1.34e-05 | 1.5s
  에폭 2703/4000 | 손실: 0.1409 | 검증손실: 0.3113 | 학습: 99.6% | 검증: 89.3% | lr: 1.34e-05 | 1.5s
  에폭 2704/4000 | 손실: 0.1458 | 검증손실: 0.3193 | 학습: 99.6% | 검증: 89.4% | lr: 1.34e-05 | 1.5s
  에폭 2705/4000 | 손실: 0.1430 | 검증손실: 0.3083 | 학습: 99.5% | 검증: 89.3% | lr: 1.34e-05 | 1.5s
  에폭 2706/4000 | 손실: 0.1426 | 검증손실: 0.3118 | 학습: 99.6% | 검증: 89.3% | lr: 1.34e-05 | 1.5s
  에폭 2707/4000 | 손실: 0.1498 | 검증손실: 0.3096 | 학습: 99.6% | 검증: 89.3% | lr: 1.07e-05 | 1.5s
  에폭 2708/4000 | 손실: 0.1364 | 검증손실: 0.3038 | 학습: 99.5% | 검증: 89.4% | lr: 1.07e-05 | 1.5s
  에폭 2709/4000 | 손실: 0.1475 | 검증손실: 0.3093 | 학습: 99.7% | 검증: 89.3% | lr: 1.07e-05 | 1.5s
  에폭 2710/4000 | 손실: 0.1423 | 검증손실: 0.3111 | 학습: 99.6% | 검증: 89.3% | lr: 1.07e-05 | 1.5s
  에폭 2711/4000 | 손실: 0.1406 | 검증손실: 0.3158 | 학습: 99.6% | 검증: 89.4% | lr: 1.07e-05 | 1.5s
  에폭 2712/4000 | 손실: 0.1443 | 검증손실: 0.3095 | 학습: 99.5% | 검증: 89.5% | lr: 1.07e-05 | 1.5s
  에폭 2713/4000 | 손실: 0.1462 | 검증손실: 0.3149 | 학습: 99.6% | 검증: 89.3% | lr: 1.07e-05 | 1.5s
  에폭 2714/4000 | 손실: 0.1440 | 검증손실: 0.3183 | 학습: 99.6% | 검증: 89.4% | lr: 1.07e-05 | 1.5s
  에폭 2715/4000 | 손실: 0.1472 | 검증손실: 0.3136 | 학습: 99.6% | 검증: 89.3% | lr: 1.07e-05 | 1.5s
  에폭 2716/4000 | 손실: 0.1457 | 검증손실: 0.3118 | 학습: 99.6% | 검증: 89.4% | lr: 1.07e-05 | 1.5s
  에폭 2717/4000 | 손실: 0.1427 | 검증손실: 0.3110 | 학습: 99.6% | 검증: 89.5% | lr: 1.07e-05 | 1.5s
  에폭 2718/4000 | 손실: 0.1393 | 검증손실: 0.3131 | 학습: 99.6% | 검증: 89.5% | lr: 1.07e-05 | 1.5s
  에폭 2719/4000 | 손실: 0.1432 | 검증손실: 0.3142 | 학습: 99.6% | 검증: 89.1% | lr: 1.07e-05 | 1.5s
  에폭 2720/4000 | 손실: 0.1403 | 검증손실: 0.3116 | 학습: 99.5% | 검증: 89.0% | lr: 1.07e-05 | 1.5s
  에폭 2721/4000 | 손실: 0.1439 | 검증손실: 0.3104 | 학습: 99.6% | 검증: 89.4% | lr: 1.07e-05 | 1.5s
  에폭 2722/4000 | 손실: 0.1443 | 검증손실: 0.3130 | 학습: 99.6% | 검증: 89.5% | lr: 1.07e-05 | 1.5s
  에폭 2723/4000 | 손실: 0.1499 | 검증손실: 0.3135 | 학습: 99.6% | 검증: 89.5% | lr: 1.07e-05 | 1.6s
  에폭 2724/4000 | 손실: 0.1373 | 검증손실: 0.3094 | 학습: 99.6% | 검증: 89.1% | lr: 1.07e-05 | 1.5s
  에폭 2725/4000 | 손실: 0.1408 | 검증손실: 0.3145 | 학습: 99.6% | 검증: 89.4% | lr: 1.07e-05 | 1.5s
  에폭 2726/4000 | 손실: 0.1452 | 검증손실: 0.3110 | 학습: 99.7% | 검증: 89.5% | lr: 1.07e-05 | 1.5s
  에폭 2727/4000 | 손실: 0.1437 | 검증손실: 0.3142 | 학습: 99.5% | 검증: 89.3% | lr: 1.07e-05 | 1.5s
  에폭 2728/4000 | 손실: 0.1444 | 검증손실: 0.3148 | 학습: 99.6% | 검증: 89.5% | lr: 1.07e-05 | 1.5s
  에폭 2729/4000 | 손실: 0.1439 | 검증손실: 0.3186 | 학습: 99.7% | 검증: 89.2% | lr: 1.07e-05 | 1.5s
  에폭 2730/4000 | 손실: 0.1414 | 검증손실: 0.3095 | 학습: 99.6% | 검증: 89.4% | lr: 1.07e-05 | 1.7s
  에폭 2731/4000 | 손실: 0.1427 | 검증손실: 0.3130 | 학습: 99.7% | 검증: 89.1% | lr: 1.07e-05 | 1.5s
  에폭 2732/4000 | 손실: 0.1457 | 검증손실: 0.3157 | 학습: 99.6% | 검증: 89.3% | lr: 1.07e-05 | 1.5s
  에폭 2733/4000 | 손실: 0.1372 | 검증손실: 0.3105 | 학습: 99.7% | 검증: 89.1% | lr: 1.07e-05 | 1.5s
  에폭 2734/4000 | 손실: 0.1432 | 검증손실: 0.3169 | 학습: 99.7% | 검증: 89.1% | lr: 1.07e-05 | 1.5s
  에폭 2735/4000 | 손실: 0.1473 | 검증손실: 0.3112 | 학습: 99.7% | 검증: 89.6% | lr: 1.07e-05 | 1.5s
  에폭 2736/4000 | 손실: 0.1444 | 검증손실: 0.3063 | 학습: 99.6% | 검증: 89.3% | lr: 1.07e-05 | 1.5s
  에폭 2737/4000 | 손실: 0.1431 | 검증손실: 0.3106 | 학습: 99.7% | 검증: 89.3% | lr: 1.07e-05 | 1.6s
  에폭 2738/4000 | 손실: 0.1452 | 검증손실: 0.3169 | 학습: 99.6% | 검증: 89.2% | lr: 1.07e-05 | 1.5s
  에폭 2739/4000 | 손실: 0.1423 | 검증손실: 0.3135 | 학습: 99.7% | 검증: 89.5% | lr: 1.07e-05 | 1.5s
  에폭 2740/4000 | 손실: 0.1435 | 검증손실: 0.3128 | 학습: 99.6% | 검증: 89.4% | lr: 1.07e-05 | 1.5s
  에폭 2741/4000 | 손실: 0.1454 | 검증손실: 0.3179 | 학습: 99.6% | 검증: 89.4% | lr: 1.07e-05 | 1.5s
  에폭 2742/4000 | 손실: 0.1420 | 검증손실: 0.3072 | 학습: 99.6% | 검증: 89.6% | lr: 1.07e-05 | 1.5s
  에폭 2743/4000 | 손실: 0.1426 | 검증손실: 0.3103 | 학습: 99.5% | 검증: 89.4% | lr: 1.07e-05 | 1.5s
  에폭 2744/4000 | 손실: 0.1412 | 검증손실: 0.3101 | 학습: 99.7% | 검증: 89.5% | lr: 1.07e-05 | 1.5s
  에폭 2745/4000 | 손실: 0.1367 | 검증손실: 0.3166 | 학습: 99.6% | 검증: 89.4% | lr: 1.07e-05 | 1.5s
  에폭 2746/4000 | 손실: 0.1376 | 검증손실: 0.3132 | 학습: 99.5% | 검증: 89.0% | lr: 1.07e-05 | 1.5s
  에폭 2747/4000 | 손실: 0.1449 | 검증손실: 0.3176 | 학습: 99.6% | 검증: 89.2% | lr: 1.07e-05 | 1.5s
  에폭 2748/4000 | 손실: 0.1458 | 검증손실: 0.3130 | 학습: 99.5% | 검증: 89.2% | lr: 1.07e-05 | 1.5s
  에폭 2749/4000 | 손실: 0.1405 | 검증손실: 0.3155 | 학습: 99.6% | 검증: 89.3% | lr: 1.07e-05 | 1.5s
  에폭 2750/4000 | 손실: 0.1380 | 검증손실: 0.3166 | 학습: 99.6% | 검증: 89.3% | lr: 1.07e-05 | 1.5s
  에폭 2751/4000 | 손실: 0.1471 | 검증손실: 0.3178 | 학습: 99.6% | 검증: 89.0% | lr: 1.07e-05 | 1.5s
  에폭 2752/4000 | 손실: 0.1390 | 검증손실: 0.3139 | 학습: 99.5% | 검증: 89.2% | lr: 1.07e-05 | 1.5s
  에폭 2753/4000 | 손실: 0.1348 | 검증손실: 0.3191 | 학습: 99.6% | 검증: 89.1% | lr: 1.07e-05 | 1.5s
  에폭 2754/4000 | 손실: 0.1463 | 검증손실: 0.3121 | 학습: 99.6% | 검증: 89.5% | lr: 1.07e-05 | 1.5s
  에폭 2755/4000 | 손실: 0.1470 | 검증손실: 0.3061 | 학습: 99.6% | 검증: 89.3% | lr: 1.07e-05 | 1.5s
  에폭 2756/4000 | 손실: 0.1451 | 검증손실: 0.3171 | 학습: 99.5% | 검증: 89.3% | lr: 1.07e-05 | 1.5s
  에폭 2757/4000 | 손실: 0.1401 | 검증손실: 0.3141 | 학습: 99.6% | 검증: 89.5% | lr: 1.07e-05 | 1.5s
  에폭 2758/4000 | 손실: 0.1434 | 검증손실: 0.3082 | 학습: 99.5% | 검증: 89.1% | lr: 1.07e-05 | 1.5s
  에폭 2759/4000 | 손실: 0.1432 | 검증손실: 0.3117 | 학습: 99.7% | 검증: 89.4% | lr: 1.07e-05 | 1.5s
  에폭 2760/4000 | 손실: 0.1449 | 검증손실: 0.3210 | 학습: 99.6% | 검증: 89.2% | lr: 1.07e-05 | 1.5s
  에폭 2761/4000 | 손실: 0.1445 | 검증손실: 0.3117 | 학습: 99.6% | 검증: 89.6% | lr: 1.07e-05 | 1.5s
  에폭 2762/4000 | 손실: 0.1439 | 검증손실: 0.3155 | 학습: 99.6% | 검증: 89.5% | lr: 1.07e-05 | 1.5s
  에폭 2763/4000 | 손실: 0.1455 | 검증손실: 0.3117 | 학습: 99.6% | 검증: 89.2% | lr: 1.07e-05 | 1.5s
  에폭 2764/4000 | 손실: 0.1440 | 검증손실: 0.3172 | 학습: 99.7% | 검증: 89.4% | lr: 1.07e-05 | 1.5s
  에폭 2765/4000 | 손실: 0.1400 | 검증손실: 0.3151 | 학습: 99.3% | 검증: 89.1% | lr: 1.07e-05 | 1.5s
  에폭 2766/4000 | 손실: 0.1380 | 검증손실: 0.3123 | 학습: 99.6% | 검증: 89.5% | lr: 1.07e-05 | 1.5s
  에폭 2767/4000 | 손실: 0.1401 | 검증손실: 0.3127 | 학습: 99.6% | 검증: 89.5% | lr: 1.07e-05 | 1.5s
  에폭 2768/4000 | 손실: 0.1436 | 검증손실: 0.3112 | 학습: 99.7% | 검증: 89.7% | lr: 1.07e-05 | 1.5s
  에폭 2769/4000 | 손실: 0.1453 | 검증손실: 0.3104 | 학습: 99.7% | 검증: 89.2% | lr: 1.07e-05 | 1.5s
  에폭 2770/4000 | 손실: 0.1448 | 검증손실: 0.3210 | 학습: 99.5% | 검증: 89.2% | lr: 1.07e-05 | 1.5s
  에폭 2771/4000 | 손실: 0.1405 | 검증손실: 0.3124 | 학습: 99.6% | 검증: 89.5% | lr: 1.07e-05 | 1.5s
  에폭 2772/4000 | 손실: 0.1409 | 검증손실: 0.3144 | 학습: 99.6% | 검증: 89.3% | lr: 1.07e-05 | 1.5s
  에폭 2773/4000 | 손실: 0.1460 | 검증손실: 0.3166 | 학습: 99.6% | 검증: 89.3% | lr: 1.07e-05 | 1.5s
  에폭 2774/4000 | 손실: 0.1436 | 검증손실: 0.3185 | 학습: 99.6% | 검증: 89.6% | lr: 1.07e-05 | 1.5s
  에폭 2775/4000 | 손실: 0.1410 | 검증손실: 0.3081 | 학습: 99.5% | 검증: 89.2% | lr: 1.07e-05 | 1.6s
  에폭 2776/4000 | 손실: 0.1483 | 검증손실: 0.3060 | 학습: 99.6% | 검증: 89.4% | lr: 1.07e-05 | 1.5s
  에폭 2777/4000 | 손실: 0.1425 | 검증손실: 0.3140 | 학습: 99.6% | 검증: 89.2% | lr: 1.07e-05 | 1.5s
  에폭 2778/4000 | 손실: 0.1384 | 검증손실: 0.3137 | 학습: 99.7% | 검증: 89.3% | lr: 1.07e-05 | 1.5s
  에폭 2779/4000 | 손실: 0.1452 | 검증손실: 0.3212 | 학습: 99.6% | 검증: 89.3% | lr: 1.07e-05 | 1.5s
  에폭 2780/4000 | 손실: 0.1467 | 검증손실: 0.3134 | 학습: 99.6% | 검증: 89.4% | lr: 1.07e-05 | 1.5s
  에폭 2781/4000 | 손실: 0.1420 | 검증손실: 0.3066 | 학습: 99.6% | 검증: 89.7% | lr: 1.07e-05 | 1.5s
  에폭 2782/4000 | 손실: 0.1407 | 검증손실: 0.3070 | 학습: 99.6% | 검증: 89.6% | lr: 1.07e-05 | 1.5s
  에폭 2783/4000 | 손실: 0.1438 | 검증손실: 0.3112 | 학습: 99.6% | 검증: 89.6% | lr: 1.07e-05 | 1.5s
  에폭 2784/4000 | 손실: 0.1495 | 검증손실: 0.3081 | 학습: 99.6% | 검증: 89.3% | lr: 1.07e-05 | 1.5s
  에폭 2785/4000 | 손실: 0.1434 | 검증손실: 0.3166 | 학습: 99.6% | 검증: 89.2% | lr: 1.07e-05 | 1.5s
  에폭 2786/4000 | 손실: 0.1434 | 검증손실: 0.3124 | 학습: 99.6% | 검증: 89.2% | lr: 1.07e-05 | 1.5s
  에폭 2787/4000 | 손실: 0.1436 | 검증손실: 0.3159 | 학습: 99.6% | 검증: 89.1% | lr: 1.07e-05 | 1.5s
  에폭 2788/4000 | 손실: 0.1387 | 검증손실: 0.3086 | 학습: 99.5% | 검증: 89.8% | lr: 1.07e-05 | 1.5s
  에폭 2789/4000 | 손실: 0.1414 | 검증손실: 0.3096 | 학습: 99.6% | 검증: 89.8% | lr: 1.07e-05 | 1.5s
  에폭 2790/4000 | 손실: 0.1425 | 검증손실: 0.3171 | 학습: 99.6% | 검증: 89.5% | lr: 1.07e-05 | 1.5s
  에폭 2791/4000 | 손실: 0.1476 | 검증손실: 0.3133 | 학습: 99.7% | 검증: 89.5% | lr: 1.07e-05 | 1.6s
  에폭 2792/4000 | 손실: 0.1428 | 검증손실: 0.3030 | 학습: 99.4% | 검증: 89.3% | lr: 1.07e-05 | 1.5s
  에폭 2793/4000 | 손실: 0.1462 | 검증손실: 0.3152 | 학습: 99.6% | 검증: 89.4% | lr: 1.07e-05 | 1.5s
  에폭 2794/4000 | 손실: 0.1451 | 검증손실: 0.3104 | 학습: 99.6% | 검증: 89.5% | lr: 1.07e-05 | 1.5s
  에폭 2795/4000 | 손실: 0.1434 | 검증손실: 0.3106 | 학습: 99.6% | 검증: 89.4% | lr: 1.07e-05 | 1.5s
  에폭 2796/4000 | 손실: 0.1487 | 검증손실: 0.3104 | 학습: 99.7% | 검증: 89.5% | lr: 1.07e-05 | 1.6s
  에폭 2797/4000 | 손실: 0.1405 | 검증손실: 0.3126 | 학습: 99.7% | 검증: 89.6% | lr: 1.07e-05 | 1.5s
  에폭 2798/4000 | 손실: 0.1468 | 검증손실: 0.3168 | 학습: 99.6% | 검증: 89.4% | lr: 1.07e-05 | 1.5s
  에폭 2799/4000 | 손실: 0.1478 | 검증손실: 0.3135 | 학습: 99.6% | 검증: 89.6% | lr: 1.07e-05 | 1.5s
  에폭 2800/4000 | 손실: 0.1400 | 검증손실: 0.3122 | 학습: 99.6% | 검증: 89.6% | lr: 1.07e-05 | 1.5s
  에폭 2801/4000 | 손실: 0.1433 | 검증손실: 0.3138 | 학습: 99.5% | 검증: 89.5% | lr: 1.07e-05 | 1.5s
  에폭 2802/4000 | 손실: 0.1437 | 검증손실: 0.3150 | 학습: 99.6% | 검증: 89.2% | lr: 1.07e-05 | 1.5s
  에폭 2803/4000 | 손실: 0.1459 | 검증손실: 0.3232 | 학습: 99.5% | 검증: 89.1% | lr: 1.07e-05 | 1.6s
  에폭 2804/4000 | 손실: 0.1443 | 검증손실: 0.3090 | 학습: 99.7% | 검증: 89.5% | lr: 1.07e-05 | 1.5s
  에폭 2805/4000 | 손실: 0.1389 | 검증손실: 0.3101 | 학습: 99.6% | 검증: 89.5% | lr: 1.07e-05 | 1.5s
  에폭 2806/4000 | 손실: 0.1468 | 검증손실: 0.3132 | 학습: 99.6% | 검증: 89.5% | lr: 1.07e-05 | 1.5s
  에폭 2807/4000 | 손실: 0.1444 | 검증손실: 0.3091 | 학습: 99.5% | 검증: 89.1% | lr: 1.07e-05 | 1.5s
  에폭 2808/4000 | 손실: 0.1471 | 검증손실: 0.3155 | 학습: 99.6% | 검증: 89.6% | lr: 1.07e-05 | 1.5s
  에폭 2809/4000 | 손실: 0.1438 | 검증손실: 0.3159 | 학습: 99.6% | 검증: 89.1% | lr: 1.07e-05 | 1.5s
  에폭 2810/4000 | 손실: 0.1483 | 검증손실: 0.3120 | 학습: 99.6% | 검증: 89.3% | lr: 1.07e-05 | 1.5s
  에폭 2811/4000 | 손실: 0.1397 | 검증손실: 0.3132 | 학습: 99.7% | 검증: 89.6% | lr: 1.07e-05 | 1.5s
  에폭 2812/4000 | 손실: 0.1423 | 검증손실: 0.3175 | 학습: 99.6% | 검증: 89.7% | lr: 1.07e-05 | 1.5s
  에폭 2813/4000 | 손실: 0.1424 | 검증손실: 0.3144 | 학습: 99.7% | 검증: 89.7% | lr: 1.07e-05 | 1.5s
  에폭 2814/4000 | 손실: 0.1406 | 검증손실: 0.3139 | 학습: 99.6% | 검증: 89.5% | lr: 1.07e-05 | 1.5s
  에폭 2815/4000 | 손실: 0.1372 | 검증손실: 0.3114 | 학습: 99.7% | 검증: 89.7% | lr: 1.07e-05 | 1.5s
  에폭 2816/4000 | 손실: 0.1435 | 검증손실: 0.3145 | 학습: 99.6% | 검증: 89.6% | lr: 1.07e-05 | 1.5s
  에폭 2817/4000 | 손실: 0.1462 | 검증손실: 0.3127 | 학습: 99.6% | 검증: 89.1% | lr: 1.07e-05 | 1.5s
  에폭 2818/4000 | 손실: 0.1422 | 검증손실: 0.3131 | 학습: 99.7% | 검증: 89.4% | lr: 1.07e-05 | 1.5s
  에폭 2819/4000 | 손실: 0.1426 | 검증손실: 0.3081 | 학습: 99.6% | 검증: 89.4% | lr: 1.07e-05 | 1.5s
  에폭 2820/4000 | 손실: 0.1449 | 검증손실: 0.3115 | 학습: 99.6% | 검증: 89.2% | lr: 1.07e-05 | 1.5s
  에폭 2821/4000 | 손실: 0.1401 | 검증손실: 0.3125 | 학습: 99.6% | 검증: 89.7% | lr: 1.07e-05 | 1.5s
  에폭 2822/4000 | 손실: 0.1448 | 검증손실: 0.3108 | 학습: 99.5% | 검증: 89.1% | lr: 1.07e-05 | 1.5s
  에폭 2823/4000 | 손실: 0.1399 | 검증손실: 0.3132 | 학습: 99.6% | 검증: 89.3% | lr: 1.07e-05 | 1.5s
  에폭 2824/4000 | 손실: 0.1394 | 검증손실: 0.3221 | 학습: 99.6% | 검증: 89.3% | lr: 1.07e-05 | 1.5s
  에폭 2825/4000 | 손실: 0.1440 | 검증손실: 0.3175 | 학습: 99.6% | 검증: 89.4% | lr: 1.07e-05 | 1.5s
  에폭 2826/4000 | 손실: 0.1412 | 검증손실: 0.3199 | 학습: 99.6% | 검증: 89.5% | lr: 1.07e-05 | 1.5s
  에폭 2827/4000 | 손실: 0.1435 | 검증손실: 0.3110 | 학습: 99.7% | 검증: 89.2% | lr: 1.07e-05 | 1.5s
  에폭 2828/4000 | 손실: 0.1404 | 검증손실: 0.3183 | 학습: 99.7% | 검증: 89.5% | lr: 1.07e-05 | 1.5s
  에폭 2829/4000 | 손실: 0.1420 | 검증손실: 0.3182 | 학습: 99.6% | 검증: 89.6% | lr: 1.07e-05 | 1.5s
  에폭 2830/4000 | 손실: 0.1418 | 검증손실: 0.3115 | 학습: 99.6% | 검증: 89.5% | lr: 1.07e-05 | 1.5s
  에폭 2831/4000 | 손실: 0.1430 | 검증손실: 0.3146 | 학습: 99.7% | 검증: 89.4% | lr: 1.07e-05 | 1.5s
  에폭 2832/4000 | 손실: 0.1443 | 검증손실: 0.3171 | 학습: 99.6% | 검증: 89.2% | lr: 1.07e-05 | 1.5s
  에폭 2833/4000 | 손실: 0.1431 | 검증손실: 0.3165 | 학습: 99.7% | 검증: 89.3% | lr: 1.07e-05 | 1.5s
  에폭 2834/4000 | 손실: 0.1361 | 검증손실: 0.3059 | 학습: 99.6% | 검증: 89.2% | lr: 1.07e-05 | 1.5s
  에폭 2835/4000 | 손실: 0.1495 | 검증손실: 0.3131 | 학습: 99.5% | 검증: 89.3% | lr: 1.07e-05 | 1.5s
  에폭 2836/4000 | 손실: 0.1458 | 검증손실: 0.3115 | 학습: 99.6% | 검증: 89.4% | lr: 1.07e-05 | 1.5s
  에폭 2837/4000 | 손실: 0.1429 | 검증손실: 0.3115 | 학습: 99.6% | 검증: 89.1% | lr: 1.07e-05 | 1.5s
  에폭 2838/4000 | 손실: 0.1467 | 검증손실: 0.3139 | 학습: 99.6% | 검증: 89.5% | lr: 1.07e-05 | 1.5s
  에폭 2839/4000 | 손실: 0.1415 | 검증손실: 0.3101 | 학습: 99.7% | 검증: 89.5% | lr: 1.07e-05 | 1.5s
  에폭 2840/4000 | 손실: 0.1450 | 검증손실: 0.3132 | 학습: 99.6% | 검증: 89.4% | lr: 1.07e-05 | 1.5s
  에폭 2841/4000 | 손실: 0.1409 | 검증손실: 0.3125 | 학습: 99.6% | 검증: 89.5% | lr: 1.07e-05 | 1.5s
  에폭 2842/4000 | 손실: 0.1499 | 검증손실: 0.3117 | 학습: 99.5% | 검증: 89.1% | lr: 1.07e-05 | 1.5s
  에폭 2843/4000 | 손실: 0.1423 | 검증손실: 0.3223 | 학습: 99.6% | 검증: 89.4% | lr: 1.07e-05 | 1.5s
  에폭 2844/4000 | 손실: 0.1438 | 검증손실: 0.3116 | 학습: 99.5% | 검증: 89.1% | lr: 1.07e-05 | 1.5s
  에폭 2845/4000 | 손실: 0.1463 | 검증손실: 0.3071 | 학습: 99.7% | 검증: 89.2% | lr: 1.07e-05 | 1.5s
  에폭 2846/4000 | 손실: 0.1460 | 검증손실: 0.3127 | 학습: 99.7% | 검증: 89.4% | lr: 1.07e-05 | 1.5s
  에폭 2847/4000 | 손실: 0.1427 | 검증손실: 0.3148 | 학습: 99.6% | 검증: 89.2% | lr: 1.07e-05 | 1.5s
  에폭 2848/4000 | 손실: 0.1370 | 검증손실: 0.3090 | 학습: 99.6% | 검증: 89.4% | lr: 1.07e-05 | 1.5s
  에폭 2849/4000 | 손실: 0.1406 | 검증손실: 0.3199 | 학습: 99.6% | 검증: 89.5% | lr: 1.07e-05 | 1.5s
  에폭 2850/4000 | 손실: 0.1403 | 검증손실: 0.3154 | 학습: 99.5% | 검증: 89.2% | lr: 1.07e-05 | 1.5s
  에폭 2851/4000 | 손실: 0.1366 | 검증손실: 0.3149 | 학습: 99.6% | 검증: 89.4% | lr: 1.07e-05 | 1.5s
  에폭 2852/4000 | 손실: 0.1400 | 검증손실: 0.3167 | 학습: 99.5% | 검증: 89.2% | lr: 1.07e-05 | 1.5s
  에폭 2853/4000 | 손실: 0.1421 | 검증손실: 0.3172 | 학습: 99.6% | 검증: 89.3% | lr: 1.07e-05 | 1.5s
  에폭 2854/4000 | 손실: 0.1418 | 검증손실: 0.3087 | 학습: 99.6% | 검증: 89.3% | lr: 1.07e-05 | 1.5s
  에폭 2855/4000 | 손실: 0.1487 | 검증손실: 0.3050 | 학습: 99.6% | 검증: 89.0% | lr: 1.07e-05 | 1.5s
  에폭 2856/4000 | 손실: 0.1415 | 검증손실: 0.3108 | 학습: 99.6% | 검증: 89.3% | lr: 1.07e-05 | 1.5s
  에폭 2857/4000 | 손실: 0.1414 | 검증손실: 0.3200 | 학습: 99.7% | 검증: 89.5% | lr: 1.07e-05 | 1.5s
  에폭 2858/4000 | 손실: 0.1331 | 검증손실: 0.3146 | 학습: 99.6% | 검증: 89.1% | lr: 8.59e-06 | 1.5s
  에폭 2859/4000 | 손실: 0.1449 | 검증손실: 0.3095 | 학습: 99.7% | 검증: 89.4% | lr: 8.59e-06 | 1.5s
  에폭 2860/4000 | 손실: 0.1418 | 검증손실: 0.3128 | 학습: 99.6% | 검증: 89.1% | lr: 8.59e-06 | 1.5s
  에폭 2861/4000 | 손실: 0.1381 | 검증손실: 0.3158 | 학습: 99.6% | 검증: 89.3% | lr: 8.59e-06 | 1.5s
  에폭 2862/4000 | 손실: 0.1393 | 검증손실: 0.3212 | 학습: 99.5% | 검증: 89.0% | lr: 8.59e-06 | 1.5s
  에폭 2863/4000 | 손실: 0.1346 | 검증손실: 0.3075 | 학습: 99.6% | 검증: 89.4% | lr: 8.59e-06 | 1.5s
  에폭 2864/4000 | 손실: 0.1448 | 검증손실: 0.3082 | 학습: 99.6% | 검증: 89.7% | lr: 8.59e-06 | 1.5s
  에폭 2865/4000 | 손실: 0.1467 | 검증손실: 0.3161 | 학습: 99.6% | 검증: 89.6% | lr: 8.59e-06 | 1.5s
  에폭 2866/4000 | 손실: 0.1392 | 검증손실: 0.3131 | 학습: 99.6% | 검증: 89.7% | lr: 8.59e-06 | 1.5s
  에폭 2867/4000 | 손실: 0.1449 | 검증손실: 0.3102 | 학습: 99.7% | 검증: 89.4% | lr: 8.59e-06 | 1.5s
  에폭 2868/4000 | 손실: 0.1398 | 검증손실: 0.3100 | 학습: 99.6% | 검증: 89.3% | lr: 8.59e-06 | 1.6s
  에폭 2869/4000 | 손실: 0.1384 | 검증손실: 0.3120 | 학습: 99.6% | 검증: 89.6% | lr: 8.59e-06 | 1.6s
  에폭 2870/4000 | 손실: 0.1389 | 검증손실: 0.3169 | 학습: 99.6% | 검증: 89.3% | lr: 8.59e-06 | 1.5s
  에폭 2871/4000 | 손실: 0.1448 | 검증손실: 0.3138 | 학습: 99.6% | 검증: 89.3% | lr: 8.59e-06 | 1.5s
  에폭 2872/4000 | 손실: 0.1451 | 검증손실: 0.3100 | 학습: 99.6% | 검증: 89.4% | lr: 8.59e-06 | 1.5s
  에폭 2873/4000 | 손실: 0.1446 | 검증손실: 0.3181 | 학습: 99.6% | 검증: 89.5% | lr: 8.59e-06 | 1.5s
  에폭 2874/4000 | 손실: 0.1423 | 검증손실: 0.3101 | 학습: 99.6% | 검증: 89.4% | lr: 8.59e-06 | 1.5s
  에폭 2875/4000 | 손실: 0.1414 | 검증손실: 0.3083 | 학습: 99.7% | 검증: 89.6% | lr: 8.59e-06 | 1.5s
  에폭 2876/4000 | 손실: 0.1461 | 검증손실: 0.3121 | 학습: 99.7% | 검증: 89.4% | lr: 8.59e-06 | 1.5s
  에폭 2877/4000 | 손실: 0.1490 | 검증손실: 0.3145 | 학습: 99.6% | 검증: 89.4% | lr: 8.59e-06 | 1.5s
  에폭 2878/4000 | 손실: 0.1410 | 검증손실: 0.3134 | 학습: 99.6% | 검증: 89.4% | lr: 8.59e-06 | 1.5s
  에폭 2879/4000 | 손실: 0.1449 | 검증손실: 0.3184 | 학습: 99.6% | 검증: 89.3% | lr: 8.59e-06 | 1.5s
  에폭 2880/4000 | 손실: 0.1441 | 검증손실: 0.3180 | 학습: 99.6% | 검증: 89.7% | lr: 8.59e-06 | 1.5s
  에폭 2881/4000 | 손실: 0.1389 | 검증손실: 0.3177 | 학습: 99.6% | 검증: 89.1% | lr: 8.59e-06 | 1.5s
  에폭 2882/4000 | 손실: 0.1446 | 검증손실: 0.3191 | 학습: 99.7% | 검증: 89.4% | lr: 8.59e-06 | 1.5s
  에폭 2883/4000 | 손실: 0.1485 | 검증손실: 0.3160 | 학습: 99.5% | 검증: 89.0% | lr: 8.59e-06 | 1.5s
  에폭 2884/4000 | 손실: 0.1435 | 검증손실: 0.3158 | 학습: 99.5% | 검증: 89.5% | lr: 8.59e-06 | 1.5s
  에폭 2885/4000 | 손실: 0.1423 | 검증손실: 0.3113 | 학습: 99.6% | 검증: 89.7% | lr: 8.59e-06 | 1.5s
  에폭 2886/4000 | 손실: 0.1441 | 검증손실: 0.3139 | 학습: 99.6% | 검증: 89.3% | lr: 8.59e-06 | 1.5s
  에폭 2887/4000 | 손실: 0.1399 | 검증손실: 0.3167 | 학습: 99.6% | 검증: 89.3% | lr: 8.59e-06 | 1.5s
  에폭 2888/4000 | 손실: 0.1355 | 검증손실: 0.3168 | 학습: 99.5% | 검증: 89.6% | lr: 8.59e-06 | 1.5s
  에폭 2889/4000 | 손실: 0.1411 | 검증손실: 0.3156 | 학습: 99.6% | 검증: 89.0% | lr: 8.59e-06 | 1.5s
  에폭 2890/4000 | 손실: 0.1403 | 검증손실: 0.3166 | 학습: 99.6% | 검증: 89.5% | lr: 8.59e-06 | 1.5s
  에폭 2891/4000 | 손실: 0.1386 | 검증손실: 0.3154 | 학습: 99.6% | 검증: 89.5% | lr: 8.59e-06 | 1.5s
  에폭 2892/4000 | 손실: 0.1413 | 검증손실: 0.3175 | 학습: 99.6% | 검증: 89.2% | lr: 8.59e-06 | 1.5s
  에폭 2893/4000 | 손실: 0.1429 | 검증손실: 0.3066 | 학습: 99.7% | 검증: 89.6% | lr: 8.59e-06 | 1.5s
  에폭 2894/4000 | 손실: 0.1418 | 검증손실: 0.3138 | 학습: 99.6% | 검증: 89.1% | lr: 8.59e-06 | 1.5s
  에폭 2895/4000 | 손실: 0.1435 | 검증손실: 0.3138 | 학습: 99.6% | 검증: 89.5% | lr: 8.59e-06 | 1.5s
  에폭 2896/4000 | 손실: 0.1449 | 검증손실: 0.3176 | 학습: 99.7% | 검증: 89.6% | lr: 8.59e-06 | 1.5s
  에폭 2897/4000 | 손실: 0.1374 | 검증손실: 0.3179 | 학습: 99.6% | 검증: 89.6% | lr: 8.59e-06 | 1.5s
  에폭 2898/4000 | 손실: 0.1438 | 검증손실: 0.3255 | 학습: 99.7% | 검증: 89.5% | lr: 8.59e-06 | 1.5s
  에폭 2899/4000 | 손실: 0.1420 | 검증손실: 0.3153 | 학습: 99.7% | 검증: 89.4% | lr: 8.59e-06 | 1.5s
  에폭 2900/4000 | 손실: 0.1452 | 검증손실: 0.3122 | 학습: 99.6% | 검증: 89.6% | lr: 8.59e-06 | 1.5s
  에폭 2901/4000 | 손실: 0.1405 | 검증손실: 0.3155 | 학습: 99.6% | 검증: 89.6% | lr: 8.59e-06 | 1.5s
  에폭 2902/4000 | 손실: 0.1433 | 검증손실: 0.3110 | 학습: 99.6% | 검증: 89.5% | lr: 8.59e-06 | 1.5s
  에폭 2903/4000 | 손실: 0.1414 | 검증손실: 0.3100 | 학습: 99.7% | 검증: 89.3% | lr: 8.59e-06 | 1.5s
  에폭 2904/4000 | 손실: 0.1468 | 검증손실: 0.3132 | 학습: 99.7% | 검증: 89.6% | lr: 8.59e-06 | 1.5s
  에폭 2905/4000 | 손실: 0.1465 | 검증손실: 0.3121 | 학습: 99.7% | 검증: 89.4% | lr: 8.59e-06 | 1.5s
  에폭 2906/4000 | 손실: 0.1458 | 검증손실: 0.3215 | 학습: 99.6% | 검증: 89.6% | lr: 8.59e-06 | 1.5s
  에폭 2907/4000 | 손실: 0.1462 | 검증손실: 0.3106 | 학습: 99.7% | 검증: 89.6% | lr: 8.59e-06 | 1.5s
  에폭 2908/4000 | 손실: 0.1449 | 검증손실: 0.3128 | 학습: 99.7% | 검증: 89.5% | lr: 8.59e-06 | 1.5s
  에폭 2909/4000 | 손실: 0.1423 | 검증손실: 0.3145 | 학습: 99.7% | 검증: 89.6% | lr: 8.59e-06 | 1.5s
  에폭 2910/4000 | 손실: 0.1479 | 검증손실: 0.3123 | 학습: 99.7% | 검증: 89.4% | lr: 8.59e-06 | 1.5s
  에폭 2911/4000 | 손실: 0.1359 | 검증손실: 0.3108 | 학습: 99.6% | 검증: 89.6% | lr: 8.59e-06 | 1.5s
  에폭 2912/4000 | 손실: 0.1453 | 검증손실: 0.3190 | 학습: 99.6% | 검증: 89.0% | lr: 8.59e-06 | 1.5s
  에폭 2913/4000 | 손실: 0.1428 | 검증손실: 0.3193 | 학습: 99.6% | 검증: 89.7% | lr: 8.59e-06 | 1.6s
  에폭 2914/4000 | 손실: 0.1443 | 검증손실: 0.3136 | 학습: 99.6% | 검증: 89.3% | lr: 8.59e-06 | 1.5s
  에폭 2915/4000 | 손실: 0.1456 | 검증손실: 0.3086 | 학습: 99.6% | 검증: 89.5% | lr: 8.59e-06 | 1.5s
  에폭 2916/4000 | 손실: 0.1477 | 검증손실: 0.3141 | 학습: 99.6% | 검증: 89.2% | lr: 8.59e-06 | 1.5s
  에폭 2917/4000 | 손실: 0.1392 | 검증손실: 0.3128 | 학습: 99.6% | 검증: 89.4% | lr: 8.59e-06 | 1.5s
  에폭 2918/4000 | 손실: 0.1446 | 검증손실: 0.3114 | 학습: 99.4% | 검증: 89.2% | lr: 8.59e-06 | 1.5s
  에폭 2919/4000 | 손실: 0.1449 | 검증손실: 0.3134 | 학습: 99.6% | 검증: 89.4% | lr: 8.59e-06 | 1.5s
  에폭 2920/4000 | 손실: 0.1440 | 검증손실: 0.3129 | 학습: 99.7% | 검증: 89.4% | lr: 8.59e-06 | 1.5s
  에폭 2921/4000 | 손실: 0.1418 | 검증손실: 0.3088 | 학습: 99.6% | 검증: 89.8% | lr: 8.59e-06 | 1.5s
  에폭 2922/4000 | 손실: 0.1383 | 검증손실: 0.3133 | 학습: 99.5% | 검증: 89.3% | lr: 8.59e-06 | 1.9s
  에폭 2923/4000 | 손실: 0.1355 | 검증손실: 0.3104 | 학습: 99.6% | 검증: 89.6% | lr: 8.59e-06 | 2.3s
  에폭 2924/4000 | 손실: 0.1419 | 검증손실: 0.3148 | 학습: 99.7% | 검증: 89.3% | lr: 8.59e-06 | 2.3s
  에폭 2925/4000 | 손실: 0.1379 | 검증손실: 0.3125 | 학습: 99.7% | 검증: 89.7% | lr: 8.59e-06 | 1.8s
  에폭 2926/4000 | 손실: 0.1415 | 검증손실: 0.3106 | 학습: 99.6% | 검증: 89.3% | lr: 8.59e-06 | 1.6s
  에폭 2927/4000 | 손실: 0.1440 | 검증손실: 0.3141 | 학습: 99.6% | 검증: 89.3% | lr: 8.59e-06 | 1.6s
  에폭 2928/4000 | 손실: 0.1353 | 검증손실: 0.3155 | 학습: 99.6% | 검증: 89.4% | lr: 8.59e-06 | 1.6s
  에폭 2929/4000 | 손실: 0.1441 | 검증손실: 0.3215 | 학습: 99.6% | 검증: 89.3% | lr: 8.59e-06 | 1.6s
  에폭 2930/4000 | 손실: 0.1459 | 검증손실: 0.3199 | 학습: 99.5% | 검증: 89.6% | lr: 8.59e-06 | 1.6s
  에폭 2931/4000 | 손실: 0.1410 | 검증손실: 0.3164 | 학습: 99.6% | 검증: 89.4% | lr: 8.59e-06 | 1.6s
  에폭 2932/4000 | 손실: 0.1431 | 검증손실: 0.3142 | 학습: 99.7% | 검증: 89.4% | lr: 8.59e-06 | 1.5s
  에폭 2933/4000 | 손실: 0.1404 | 검증손실: 0.3122 | 학습: 99.6% | 검증: 89.5% | lr: 8.59e-06 | 1.6s
  에폭 2934/4000 | 손실: 0.1359 | 검증손실: 0.3176 | 학습: 99.7% | 검증: 89.0% | lr: 8.59e-06 | 1.8s
  에폭 2935/4000 | 손실: 0.1408 | 검증손실: 0.3104 | 학습: 99.6% | 검증: 89.2% | lr: 8.59e-06 | 1.6s
  에폭 2936/4000 | 손실: 0.1496 | 검증손실: 0.3125 | 학습: 99.6% | 검증: 89.5% | lr: 8.59e-06 | 1.5s
  에폭 2937/4000 | 손실: 0.1405 | 검증손실: 0.3181 | 학습: 99.6% | 검증: 89.3% | lr: 8.59e-06 | 1.5s
  에폭 2938/4000 | 손실: 0.1333 | 검증손실: 0.3177 | 학습: 99.6% | 검증: 89.4% | lr: 8.59e-06 | 1.5s
  에폭 2939/4000 | 손실: 0.1420 | 검증손실: 0.3099 | 학습: 99.6% | 검증: 89.6% | lr: 8.59e-06 | 1.5s
  에폭 2940/4000 | 손실: 0.1469 | 검증손실: 0.3125 | 학습: 99.7% | 검증: 89.4% | lr: 8.59e-06 | 1.5s
  에폭 2941/4000 | 손실: 0.1430 | 검증손실: 0.3082 | 학습: 99.4% | 검증: 89.1% | lr: 8.59e-06 | 1.5s
  에폭 2942/4000 | 손실: 0.1434 | 검증손실: 0.3147 | 학습: 99.6% | 검증: 89.5% | lr: 8.59e-06 | 1.5s
  에폭 2943/4000 | 손실: 0.1420 | 검증손실: 0.3087 | 학습: 99.6% | 검증: 89.7% | lr: 8.59e-06 | 1.5s
  에폭 2944/4000 | 손실: 0.1426 | 검증손실: 0.3129 | 학습: 99.7% | 검증: 89.6% | lr: 8.59e-06 | 1.5s
  에폭 2945/4000 | 손실: 0.1382 | 검증손실: 0.3131 | 학습: 99.6% | 검증: 89.5% | lr: 8.59e-06 | 1.5s
  에폭 2946/4000 | 손실: 0.1457 | 검증손실: 0.3270 | 학습: 99.4% | 검증: 88.6% | lr: 8.59e-06 | 1.5s
  에폭 2947/4000 | 손실: 0.1419 | 검증손실: 0.3149 | 학습: 99.5% | 검증: 89.4% | lr: 8.59e-06 | 1.5s
  에폭 2948/4000 | 손실: 0.1439 | 검증손실: 0.3122 | 학습: 99.6% | 검증: 89.4% | lr: 8.59e-06 | 1.5s
  에폭 2949/4000 | 손실: 0.1429 | 검증손실: 0.3121 | 학습: 99.6% | 검증: 89.6% | lr: 8.59e-06 | 1.5s
  에폭 2950/4000 | 손실: 0.1427 | 검증손실: 0.3072 | 학습: 99.6% | 검증: 89.6% | lr: 8.59e-06 | 1.5s
  에폭 2951/4000 | 손실: 0.1403 | 검증손실: 0.3132 | 학습: 99.4% | 검증: 89.4% | lr: 8.59e-06 | 1.5s
  에폭 2952/4000 | 손실: 0.1452 | 검증손실: 0.3126 | 학습: 99.6% | 검증: 89.3% | lr: 8.59e-06 | 1.5s
  에폭 2953/4000 | 손실: 0.1427 | 검증손실: 0.3138 | 학습: 99.6% | 검증: 89.5% | lr: 8.59e-06 | 1.5s
  에폭 2954/4000 | 손실: 0.1425 | 검증손실: 0.3202 | 학습: 99.6% | 검증: 89.4% | lr: 8.59e-06 | 1.5s
  에폭 2955/4000 | 손실: 0.1443 | 검증손실: 0.3127 | 학습: 99.6% | 검증: 89.4% | lr: 8.59e-06 | 1.5s
  에폭 2956/4000 | 손실: 0.1452 | 검증손실: 0.3158 | 학습: 99.7% | 검증: 89.5% | lr: 8.59e-06 | 1.5s
  에폭 2957/4000 | 손실: 0.1454 | 검증손실: 0.3157 | 학습: 99.7% | 검증: 89.3% | lr: 8.59e-06 | 1.6s
  에폭 2958/4000 | 손실: 0.1377 | 검증손실: 0.3193 | 학습: 99.7% | 검증: 89.4% | lr: 8.59e-06 | 1.5s
  에폭 2959/4000 | 손실: 0.1455 | 검증손실: 0.3079 | 학습: 99.6% | 검증: 89.4% | lr: 8.59e-06 | 1.5s
  에폭 2960/4000 | 손실: 0.1419 | 검증손실: 0.3121 | 학습: 99.7% | 검증: 89.5% | lr: 8.59e-06 | 1.5s
  에폭 2961/4000 | 손실: 0.1421 | 검증손실: 0.3168 | 학습: 99.7% | 검증: 89.3% | lr: 8.59e-06 | 1.5s
  에폭 2962/4000 | 손실: 0.1395 | 검증손실: 0.3155 | 학습: 99.6% | 검증: 89.2% | lr: 8.59e-06 | 1.5s
  에폭 2963/4000 | 손실: 0.1426 | 검증손실: 0.3209 | 학습: 99.5% | 검증: 89.4% | lr: 8.59e-06 | 1.5s
  에폭 2964/4000 | 손실: 0.1408 | 검증손실: 0.3166 | 학습: 99.7% | 검증: 89.4% | lr: 8.59e-06 | 1.5s
  에폭 2965/4000 | 손실: 0.1410 | 검증손실: 0.3160 | 학습: 99.7% | 검증: 89.6% | lr: 8.59e-06 | 1.5s
  에폭 2966/4000 | 손실: 0.1444 | 검증손실: 0.3136 | 학습: 99.7% | 검증: 89.6% | lr: 8.59e-06 | 1.5s
  에폭 2967/4000 | 손실: 0.1445 | 검증손실: 0.3116 | 학습: 99.6% | 검증: 89.7% | lr: 8.59e-06 | 1.5s
  에폭 2968/4000 | 손실: 0.1458 | 검증손실: 0.3207 | 학습: 99.7% | 검증: 89.6% | lr: 8.59e-06 | 1.5s
  에폭 2969/4000 | 손실: 0.1379 | 검증손실: 0.3178 | 학습: 99.5% | 검증: 89.1% | lr: 8.59e-06 | 1.5s
  에폭 2970/4000 | 손실: 0.1452 | 검증손실: 0.3182 | 학습: 99.6% | 검증: 89.1% | lr: 8.59e-06 | 1.5s
  에폭 2971/4000 | 손실: 0.1408 | 검증손실: 0.3216 | 학습: 99.6% | 검증: 89.2% | lr: 8.59e-06 | 1.5s
  에폭 2972/4000 | 손실: 0.1425 | 검증손실: 0.3141 | 학습: 99.7% | 검증: 89.3% | lr: 8.59e-06 | 1.5s
  에폭 2973/4000 | 손실: 0.1443 | 검증손실: 0.3111 | 학습: 99.5% | 검증: 89.3% | lr: 8.59e-06 | 1.5s
  에폭 2974/4000 | 손실: 0.1449 | 검증손실: 0.3131 | 학습: 99.6% | 검증: 89.1% | lr: 8.59e-06 | 1.5s
  에폭 2975/4000 | 손실: 0.1446 | 검증손실: 0.3176 | 학습: 99.6% | 검증: 89.6% | lr: 8.59e-06 | 1.6s
  에폭 2976/4000 | 손실: 0.1483 | 검증손실: 0.3078 | 학습: 99.6% | 검증: 89.3% | lr: 8.59e-06 | 1.5s
  에폭 2977/4000 | 손실: 0.1399 | 검증손실: 0.3103 | 학습: 99.7% | 검증: 89.6% | lr: 8.59e-06 | 1.5s
  에폭 2978/4000 | 손실: 0.1431 | 검증손실: 0.3180 | 학습: 99.6% | 검증: 89.1% | lr: 8.59e-06 | 1.5s
  에폭 2979/4000 | 손실: 0.1392 | 검증손실: 0.3102 | 학습: 99.6% | 검증: 89.4% | lr: 8.59e-06 | 1.5s
  에폭 2980/4000 | 손실: 0.1411 | 검증손실: 0.3087 | 학습: 99.7% | 검증: 89.6% | lr: 8.59e-06 | 1.5s
  에폭 2981/4000 | 손실: 0.1467 | 검증손실: 0.3121 | 학습: 99.6% | 검증: 89.4% | lr: 8.59e-06 | 1.5s
  에폭 2982/4000 | 손실: 0.1427 | 검증손실: 0.3068 | 학습: 99.7% | 검증: 89.3% | lr: 8.59e-06 | 1.5s
  에폭 2983/4000 | 손실: 0.1388 | 검증손실: 0.3203 | 학습: 99.7% | 검증: 89.0% | lr: 8.59e-06 | 1.5s
  에폭 2984/4000 | 손실: 0.1381 | 검증손실: 0.3138 | 학습: 99.7% | 검증: 89.3% | lr: 8.59e-06 | 1.5s
  에폭 2985/4000 | 손실: 0.1396 | 검증손실: 0.3051 | 학습: 99.7% | 검증: 89.7% | lr: 8.59e-06 | 1.5s
  에폭 2986/4000 | 손실: 0.1397 | 검증손실: 0.3168 | 학습: 99.7% | 검증: 89.6% | lr: 8.59e-06 | 1.5s
  에폭 2987/4000 | 손실: 0.1450 | 검증손실: 0.3113 | 학습: 99.7% | 검증: 89.8% | lr: 8.59e-06 | 1.5s
  에폭 2988/4000 | 손실: 0.1345 | 검증손실: 0.3108 | 학습: 99.7% | 검증: 89.4% | lr: 8.59e-06 | 1.5s
  에폭 2989/4000 | 손실: 0.1404 | 검증손실: 0.3095 | 학습: 99.6% | 검증: 89.5% | lr: 8.59e-06 | 1.5s
  에폭 2990/4000 | 손실: 0.1397 | 검증손실: 0.3106 | 학습: 99.7% | 검증: 89.5% | lr: 8.59e-06 | 1.5s
  에폭 2991/4000 | 손실: 0.1405 | 검증손실: 0.3188 | 학습: 99.6% | 검증: 89.3% | lr: 8.59e-06 | 1.5s
  에폭 2992/4000 | 손실: 0.1404 | 검증손실: 0.3117 | 학습: 99.6% | 검증: 89.4% | lr: 8.59e-06 | 1.5s
  에폭 2993/4000 | 손실: 0.1510 | 검증손실: 0.3102 | 학습: 99.7% | 검증: 89.6% | lr: 8.59e-06 | 1.6s
  에폭 2994/4000 | 손실: 0.1408 | 검증손실: 0.3126 | 학습: 99.5% | 검증: 89.1% | lr: 8.59e-06 | 1.5s
  에폭 2995/4000 | 손실: 0.1419 | 검증손실: 0.3149 | 학습: 99.7% | 검증: 89.6% | lr: 8.59e-06 | 1.5s
  에폭 2996/4000 | 손실: 0.1440 | 검증손실: 0.3053 | 학습: 99.6% | 검증: 89.8% | lr: 8.59e-06 | 1.5s
  에폭 2997/4000 | 손실: 0.1334 | 검증손실: 0.3159 | 학습: 99.7% | 검증: 89.4% | lr: 8.59e-06 | 1.5s
  에폭 2998/4000 | 손실: 0.1432 | 검증손실: 0.3097 | 학습: 99.6% | 검증: 89.2% | lr: 8.59e-06 | 1.5s
  에폭 2999/4000 | 손실: 0.1377 | 검증손실: 0.3156 | 학습: 99.7% | 검증: 89.2% | lr: 8.59e-06 | 1.5s
  에폭 3000/4000 | 손실: 0.1462 | 검증손실: 0.3168 | 학습: 99.6% | 검증: 89.6% | lr: 8.59e-06 | 1.5s
  에폭 3001/4000 | 손실: 0.1476 | 검증손실: 0.3144 | 학습: 99.6% | 검증: 89.2% | lr: 8.59e-06 | 1.5s
  에폭 3002/4000 | 손실: 0.1446 | 검증손실: 0.3194 | 학습: 99.6% | 검증: 89.4% | lr: 8.59e-06 | 1.5s
  에폭 3003/4000 | 손실: 0.1497 | 검증손실: 0.3176 | 학습: 99.6% | 검증: 89.5% | lr: 8.59e-06 | 1.5s
  에폭 3004/4000 | 손실: 0.1482 | 검증손실: 0.3184 | 학습: 99.6% | 검증: 89.5% | lr: 8.59e-06 | 1.5s
  에폭 3005/4000 | 손실: 0.1448 | 검증손실: 0.3122 | 학습: 99.7% | 검증: 89.2% | lr: 8.59e-06 | 1.5s
  에폭 3006/4000 | 손실: 0.1359 | 검증손실: 0.3098 | 학습: 99.7% | 검증: 89.4% | lr: 8.59e-06 | 1.5s
  에폭 3007/4000 | 손실: 0.1466 | 검증손실: 0.3180 | 학습: 99.6% | 검증: 89.3% | lr: 8.59e-06 | 1.5s
  에폭 3008/4000 | 손실: 0.1503 | 검증손실: 0.3113 | 학습: 99.7% | 검증: 89.2% | lr: 8.59e-06 | 1.5s
  에폭 3009/4000 | 손실: 0.1393 | 검증손실: 0.3134 | 학습: 99.7% | 검증: 89.4% | lr: 6.87e-06 | 1.5s
  에폭 3010/4000 | 손실: 0.1411 | 검증손실: 0.3096 | 학습: 99.7% | 검증: 89.4% | lr: 6.87e-06 | 1.5s
  에폭 3011/4000 | 손실: 0.1434 | 검증손실: 0.3244 | 학습: 99.6% | 검증: 89.2% | lr: 6.87e-06 | 1.5s
  에폭 3012/4000 | 손실: 0.1393 | 검증손실: 0.3172 | 학습: 99.7% | 검증: 89.4% | lr: 6.87e-06 | 1.5s
  에폭 3013/4000 | 손실: 0.1431 | 검증손실: 0.3119 | 학습: 99.6% | 검증: 89.1% | lr: 6.87e-06 | 1.5s
  에폭 3014/4000 | 손실: 0.1398 | 검증손실: 0.3082 | 학습: 99.6% | 검증: 89.6% | lr: 6.87e-06 | 1.5s
  에폭 3015/4000 | 손실: 0.1405 | 검증손실: 0.3120 | 학습: 99.7% | 검증: 89.4% | lr: 6.87e-06 | 1.5s
  에폭 3016/4000 | 손실: 0.1380 | 검증손실: 0.3088 | 학습: 99.5% | 검증: 89.7% | lr: 6.87e-06 | 1.5s
  에폭 3017/4000 | 손실: 0.1436 | 검증손실: 0.3154 | 학습: 99.6% | 검증: 89.3% | lr: 6.87e-06 | 1.5s
  에폭 3018/4000 | 손실: 0.1427 | 검증손실: 0.3130 | 학습: 99.6% | 검증: 89.4% | lr: 6.87e-06 | 1.5s
  에폭 3019/4000 | 손실: 0.1375 | 검증손실: 0.3116 | 학습: 99.6% | 검증: 89.2% | lr: 6.87e-06 | 1.5s
  에폭 3020/4000 | 손실: 0.1434 | 검증손실: 0.3190 | 학습: 99.7% | 검증: 89.4% | lr: 6.87e-06 | 1.5s
  에폭 3021/4000 | 손실: 0.1406 | 검증손실: 0.3079 | 학습: 99.6% | 검증: 89.7% | lr: 6.87e-06 | 1.5s
  에폭 3022/4000 | 손실: 0.1437 | 검증손실: 0.3121 | 학습: 99.6% | 검증: 89.3% | lr: 6.87e-06 | 1.5s
  에폭 3023/4000 | 손실: 0.1447 | 검증손실: 0.3106 | 학습: 99.6% | 검증: 89.6% | lr: 6.87e-06 | 1.5s
  에폭 3024/4000 | 손실: 0.1405 | 검증손실: 0.3134 | 학습: 99.6% | 검증: 89.6% | lr: 6.87e-06 | 1.5s
  에폭 3025/4000 | 손실: 0.1418 | 검증손실: 0.3148 | 학습: 99.6% | 검증: 89.5% | lr: 6.87e-06 | 1.5s
  에폭 3026/4000 | 손실: 0.1415 | 검증손실: 0.3089 | 학습: 99.6% | 검증: 89.4% | lr: 6.87e-06 | 1.5s
  에폭 3027/4000 | 손실: 0.1422 | 검증손실: 0.3162 | 학습: 99.7% | 검증: 89.3% | lr: 6.87e-06 | 1.5s
  에폭 3028/4000 | 손실: 0.1352 | 검증손실: 0.3110 | 학습: 99.7% | 검증: 89.5% | lr: 6.87e-06 | 1.5s
  에폭 3029/4000 | 손실: 0.1480 | 검증손실: 0.3126 | 학습: 99.6% | 검증: 89.5% | lr: 6.87e-06 | 1.5s
  에폭 3030/4000 | 손실: 0.1349 | 검증손실: 0.3141 | 학습: 99.7% | 검증: 89.4% | lr: 6.87e-06 | 1.5s
  에폭 3031/4000 | 손실: 0.1365 | 검증손실: 0.3108 | 학습: 99.6% | 검증: 89.6% | lr: 6.87e-06 | 1.5s
  에폭 3032/4000 | 손실: 0.1467 | 검증손실: 0.3175 | 학습: 99.7% | 검증: 89.3% | lr: 6.87e-06 | 1.5s
  에폭 3033/4000 | 손실: 0.1448 | 검증손실: 0.3078 | 학습: 99.7% | 검증: 89.5% | lr: 6.87e-06 | 1.5s
  에폭 3034/4000 | 손실: 0.1420 | 검증손실: 0.3177 | 학습: 99.6% | 검증: 89.3% | lr: 6.87e-06 | 1.5s
  에폭 3035/4000 | 손실: 0.1438 | 검증손실: 0.3149 | 학습: 99.5% | 검증: 89.1% | lr: 6.87e-06 | 1.5s
  에폭 3036/4000 | 손실: 0.1440 | 검증손실: 0.3067 | 학습: 99.7% | 검증: 89.6% | lr: 6.87e-06 | 1.5s
  에폭 3037/4000 | 손실: 0.1394 | 검증손실: 0.3112 | 학습: 99.6% | 검증: 89.6% | lr: 6.87e-06 | 1.5s
  에폭 3038/4000 | 손실: 0.1346 | 검증손실: 0.3175 | 학습: 99.6% | 검증: 89.5% | lr: 6.87e-06 | 1.5s
  에폭 3039/4000 | 손실: 0.1450 | 검증손실: 0.3063 | 학습: 99.6% | 검증: 89.5% | lr: 6.87e-06 | 1.5s
  에폭 3040/4000 | 손실: 0.1373 | 검증손실: 0.3162 | 학습: 99.6% | 검증: 89.4% | lr: 6.87e-06 | 1.5s
  에폭 3041/4000 | 손실: 0.1364 | 검증손실: 0.3064 | 학습: 99.6% | 검증: 89.6% | lr: 6.87e-06 | 1.5s
  에폭 3042/4000 | 손실: 0.1401 | 검증손실: 0.3153 | 학습: 99.6% | 검증: 89.4% | lr: 6.87e-06 | 1.5s
  에폭 3043/4000 | 손실: 0.1421 | 검증손실: 0.3155 | 학습: 99.7% | 검증: 89.7% | lr: 6.87e-06 | 1.5s
  에폭 3044/4000 | 손실: 0.1407 | 검증손실: 0.3142 | 학습: 99.6% | 검증: 89.3% | lr: 6.87e-06 | 1.5s
  에폭 3045/4000 | 손실: 0.1461 | 검증손실: 0.3131 | 학습: 99.5% | 검증: 89.3% | lr: 6.87e-06 | 1.5s
  에폭 3046/4000 | 손실: 0.1323 | 검증손실: 0.3119 | 학습: 99.6% | 검증: 89.4% | lr: 6.87e-06 | 1.5s
  에폭 3047/4000 | 손실: 0.1421 | 검증손실: 0.3156 | 학습: 99.7% | 검증: 89.4% | lr: 6.87e-06 | 1.5s
  에폭 3048/4000 | 손실: 0.1437 | 검증손실: 0.3109 | 학습: 99.6% | 검증: 89.6% | lr: 6.87e-06 | 1.5s
  에폭 3049/4000 | 손실: 0.1448 | 검증손실: 0.3173 | 학습: 99.6% | 검증: 89.3% | lr: 6.87e-06 | 1.5s
  에폭 3050/4000 | 손실: 0.1402 | 검증손실: 0.3165 | 학습: 99.6% | 검증: 89.4% | lr: 6.87e-06 | 1.5s
  에폭 3051/4000 | 손실: 0.1429 | 검증손실: 0.3185 | 학습: 99.6% | 검증: 89.6% | lr: 6.87e-06 | 1.5s
  에폭 3052/4000 | 손실: 0.1428 | 검증손실: 0.3131 | 학습: 99.6% | 검증: 89.6% | lr: 6.87e-06 | 1.5s
  에폭 3053/4000 | 손실: 0.1421 | 검증손실: 0.3134 | 학습: 99.6% | 검증: 89.5% | lr: 6.87e-06 | 1.5s
  에폭 3054/4000 | 손실: 0.1405 | 검증손실: 0.3115 | 학습: 99.7% | 검증: 89.8% | lr: 6.87e-06 | 1.5s
  에폭 3055/4000 | 손실: 0.1476 | 검증손실: 0.3089 | 학습: 99.4% | 검증: 89.5% | lr: 6.87e-06 | 1.6s
  에폭 3056/4000 | 손실: 0.1455 | 검증손실: 0.3068 | 학습: 99.3% | 검증: 89.2% | lr: 6.87e-06 | 1.5s
  에폭 3057/4000 | 손실: 0.1410 | 검증손실: 0.3126 | 학습: 99.6% | 검증: 89.7% | lr: 6.87e-06 | 1.5s
  에폭 3058/4000 | 손실: 0.1465 | 검증손실: 0.3144 | 학습: 99.6% | 검증: 89.5% | lr: 6.87e-06 | 1.6s
  에폭 3059/4000 | 손실: 0.1419 | 검증손실: 0.3086 | 학습: 99.6% | 검증: 89.4% | lr: 6.87e-06 | 1.5s
  에폭 3060/4000 | 손실: 0.1455 | 검증손실: 0.3166 | 학습: 99.7% | 검증: 89.3% | lr: 6.87e-06 | 1.5s
  에폭 3061/4000 | 손실: 0.1450 | 검증손실: 0.3128 | 학습: 99.7% | 검증: 89.4% | lr: 6.87e-06 | 1.5s
  에폭 3062/4000 | 손실: 0.1397 | 검증손실: 0.3167 | 학습: 99.6% | 검증: 89.6% | lr: 6.87e-06 | 1.5s
  에폭 3063/4000 | 손실: 0.1464 | 검증손실: 0.3111 | 학습: 99.7% | 검증: 89.5% | lr: 6.87e-06 | 1.5s
  에폭 3064/4000 | 손실: 0.1362 | 검증손실: 0.3067 | 학습: 99.6% | 검증: 89.3% | lr: 6.87e-06 | 1.5s
  에폭 3065/4000 | 손실: 0.1439 | 검증손실: 0.3114 | 학습: 99.7% | 검증: 89.4% | lr: 6.87e-06 | 1.5s
  에폭 3066/4000 | 손실: 0.1404 | 검증손실: 0.3116 | 학습: 99.6% | 검증: 89.5% | lr: 6.87e-06 | 1.5s
  에폭 3067/4000 | 손실: 0.1455 | 검증손실: 0.3205 | 학습: 99.7% | 검증: 89.4% | lr: 6.87e-06 | 1.5s
  에폭 3068/4000 | 손실: 0.1454 | 검증손실: 0.3145 | 학습: 99.6% | 검증: 89.5% | lr: 6.87e-06 | 1.5s
  에폭 3069/4000 | 손실: 0.1398 | 검증손실: 0.3253 | 학습: 99.6% | 검증: 89.3% | lr: 6.87e-06 | 1.5s
  에폭 3070/4000 | 손실: 0.1439 | 검증손실: 0.3101 | 학습: 99.1% | 검증: 88.7% | lr: 6.87e-06 | 1.5s
  에폭 3071/4000 | 손실: 0.1421 | 검증손실: 0.3074 | 학습: 99.7% | 검증: 89.4% | lr: 6.87e-06 | 1.5s
  에폭 3072/4000 | 손실: 0.1432 | 검증손실: 0.3094 | 학습: 99.7% | 검증: 89.9% | lr: 6.87e-06 | 1.5s
  에폭 3073/4000 | 손실: 0.1413 | 검증손실: 0.3152 | 학습: 99.6% | 검증: 89.5% | lr: 6.87e-06 | 1.5s
  에폭 3074/4000 | 손실: 0.1442 | 검증손실: 0.3116 | 학습: 99.5% | 검증: 89.3% | lr: 6.87e-06 | 1.5s
  에폭 3075/4000 | 손실: 0.1426 | 검증손실: 0.3143 | 학습: 99.7% | 검증: 89.3% | lr: 6.87e-06 | 1.5s
  에폭 3076/4000 | 손실: 0.1405 | 검증손실: 0.3110 | 학습: 99.6% | 검증: 89.3% | lr: 6.87e-06 | 1.5s
  에폭 3077/4000 | 손실: 0.1433 | 검증손실: 0.3153 | 학습: 99.6% | 검증: 89.8% | lr: 6.87e-06 | 1.5s
  에폭 3078/4000 | 손실: 0.1392 | 검증손실: 0.3126 | 학습: 99.6% | 검증: 89.5% | lr: 6.87e-06 | 1.5s
  에폭 3079/4000 | 손실: 0.1363 | 검증손실: 0.3198 | 학습: 99.7% | 검증: 89.2% | lr: 6.87e-06 | 1.5s
  에폭 3080/4000 | 손실: 0.1461 | 검증손실: 0.3126 | 학습: 99.6% | 검증: 89.4% | lr: 6.87e-06 | 1.5s
  에폭 3081/4000 | 손실: 0.1437 | 검증손실: 0.3088 | 학습: 99.6% | 검증: 89.5% | lr: 6.87e-06 | 1.5s
  에폭 3082/4000 | 손실: 0.1362 | 검증손실: 0.3082 | 학습: 99.6% | 검증: 89.4% | lr: 6.87e-06 | 1.5s
  에폭 3083/4000 | 손실: 0.1457 | 검증손실: 0.3208 | 학습: 99.7% | 검증: 89.3% | lr: 6.87e-06 | 1.5s
  에폭 3084/4000 | 손실: 0.1403 | 검증손실: 0.3157 | 학습: 99.6% | 검증: 89.5% | lr: 6.87e-06 | 1.5s
  에폭 3085/4000 | 손실: 0.1412 | 검증손실: 0.3160 | 학습: 99.7% | 검증: 89.4% | lr: 6.87e-06 | 1.5s
  에폭 3086/4000 | 손실: 0.1434 | 검증손실: 0.3080 | 학습: 99.7% | 검증: 89.6% | lr: 6.87e-06 | 1.5s
  에폭 3087/4000 | 손실: 0.1377 | 검증손실: 0.3094 | 학습: 99.6% | 검증: 89.5% | lr: 6.87e-06 | 1.6s
  에폭 3088/4000 | 손실: 0.1395 | 검증손실: 0.3115 | 학습: 99.7% | 검증: 89.4% | lr: 6.87e-06 | 1.7s
  에폭 3089/4000 | 손실: 0.1456 | 검증손실: 0.3185 | 학습: 99.6% | 검증: 89.4% | lr: 6.87e-06 | 1.7s
  에폭 3090/4000 | 손실: 0.1441 | 검증손실: 0.3160 | 학습: 99.6% | 검증: 89.6% | lr: 6.87e-06 | 1.6s
  에폭 3091/4000 | 손실: 0.1442 | 검증손실: 0.3169 | 학습: 99.6% | 검증: 89.4% | lr: 6.87e-06 | 1.5s
  에폭 3092/4000 | 손실: 0.1430 | 검증손실: 0.3111 | 학습: 99.6% | 검증: 89.6% | lr: 6.87e-06 | 1.5s
  에폭 3093/4000 | 손실: 0.1346 | 검증손실: 0.3230 | 학습: 99.6% | 검증: 89.0% | lr: 6.87e-06 | 1.6s
  에폭 3094/4000 | 손실: 0.1432 | 검증손실: 0.3185 | 학습: 99.7% | 검증: 89.5% | lr: 6.87e-06 | 1.5s
  에폭 3095/4000 | 손실: 0.1401 | 검증손실: 0.3075 | 학습: 99.6% | 검증: 89.6% | lr: 6.87e-06 | 1.5s
  에폭 3096/4000 | 손실: 0.1349 | 검증손실: 0.3096 | 학습: 99.6% | 검증: 89.7% | lr: 6.87e-06 | 1.5s
  에폭 3097/4000 | 손실: 0.1346 | 검증손실: 0.3141 | 학습: 99.6% | 검증: 89.6% | lr: 6.87e-06 | 1.5s
  에폭 3098/4000 | 손실: 0.1423 | 검증손실: 0.3102 | 학습: 99.6% | 검증: 89.5% | lr: 6.87e-06 | 1.5s
  에폭 3099/4000 | 손실: 0.1410 | 검증손실: 0.3125 | 학습: 99.6% | 검증: 89.3% | lr: 6.87e-06 | 1.5s
  에폭 3100/4000 | 손실: 0.1436 | 검증손실: 0.3025 | 학습: 99.6% | 검증: 89.4% | lr: 6.87e-06 | 1.5s
  에폭 3101/4000 | 손실: 0.1419 | 검증손실: 0.3056 | 학습: 99.6% | 검증: 89.5% | lr: 6.87e-06 | 1.5s
  에폭 3102/4000 | 손실: 0.1385 | 검증손실: 0.3124 | 학습: 99.6% | 검증: 89.4% | lr: 6.87e-06 | 1.5s
  에폭 3103/4000 | 손실: 0.1392 | 검증손실: 0.3153 | 학습: 99.7% | 검증: 89.6% | lr: 6.87e-06 | 1.5s
  에폭 3104/4000 | 손실: 0.1430 | 검증손실: 0.3137 | 학습: 99.6% | 검증: 89.4% | lr: 6.87e-06 | 1.6s
  에폭 3105/4000 | 손실: 0.1435 | 검증손실: 0.3114 | 학습: 99.7% | 검증: 89.5% | lr: 6.87e-06 | 1.5s
  에폭 3106/4000 | 손실: 0.1380 | 검증손실: 0.3159 | 학습: 99.6% | 검증: 89.5% | lr: 6.87e-06 | 1.5s
  에폭 3107/4000 | 손실: 0.1412 | 검증손실: 0.3103 | 학습: 99.6% | 검증: 89.3% | lr: 6.87e-06 | 1.5s
  에폭 3108/4000 | 손실: 0.1392 | 검증손실: 0.3139 | 학습: 99.6% | 검증: 89.3% | lr: 6.87e-06 | 1.5s
  에폭 3109/4000 | 손실: 0.1416 | 검증손실: 0.3107 | 학습: 99.7% | 검증: 89.6% | lr: 6.87e-06 | 1.5s
  에폭 3110/4000 | 손실: 0.1407 | 검증손실: 0.3062 | 학습: 99.6% | 검증: 89.3% | lr: 6.87e-06 | 1.5s
  에폭 3111/4000 | 손실: 0.1408 | 검증손실: 0.3132 | 학습: 99.7% | 검증: 89.6% | lr: 6.87e-06 | 1.5s
  에폭 3112/4000 | 손실: 0.1391 | 검증손실: 0.3108 | 학습: 99.6% | 검증: 89.4% | lr: 6.87e-06 | 1.5s
  에폭 3113/4000 | 손실: 0.1369 | 검증손실: 0.3259 | 학습: 99.6% | 검증: 89.0% | lr: 6.87e-06 | 1.5s
  에폭 3114/4000 | 손실: 0.1439 | 검증손실: 0.3234 | 학습: 99.6% | 검증: 89.3% | lr: 6.87e-06 | 1.5s
  에폭 3115/4000 | 손실: 0.1412 | 검증손실: 0.3181 | 학습: 99.7% | 검증: 89.4% | lr: 6.87e-06 | 1.5s
  에폭 3116/4000 | 손실: 0.1433 | 검증손실: 0.3072 | 학습: 99.7% | 검증: 89.6% | lr: 6.87e-06 | 1.5s
  에폭 3117/4000 | 손실: 0.1455 | 검증손실: 0.3135 | 학습: 99.6% | 검증: 89.5% | lr: 6.87e-06 | 1.5s
  에폭 3118/4000 | 손실: 0.1408 | 검증손실: 0.3120 | 학습: 99.6% | 검증: 89.5% | lr: 6.87e-06 | 1.5s
  에폭 3119/4000 | 손실: 0.1441 | 검증손실: 0.3118 | 학습: 99.7% | 검증: 89.6% | lr: 6.87e-06 | 1.5s
  에폭 3120/4000 | 손실: 0.1423 | 검증손실: 0.3090 | 학습: 99.6% | 검증: 89.1% | lr: 6.87e-06 | 1.5s
  에폭 3121/4000 | 손실: 0.1406 | 검증손실: 0.3124 | 학습: 99.6% | 검증: 89.2% | lr: 6.87e-06 | 1.5s
  에폭 3122/4000 | 손실: 0.1429 | 검증손실: 0.3157 | 학습: 99.7% | 검증: 89.5% | lr: 6.87e-06 | 1.5s
  에폭 3123/4000 | 손실: 0.1454 | 검증손실: 0.3199 | 학습: 99.7% | 검증: 89.6% | lr: 6.87e-06 | 1.5s
  에폭 3124/4000 | 손실: 0.1364 | 검증손실: 0.3148 | 학습: 99.6% | 검증: 89.2% | lr: 6.87e-06 | 1.5s
  에폭 3125/4000 | 손실: 0.1419 | 검증손실: 0.3101 | 학습: 99.7% | 검증: 89.3% | lr: 6.87e-06 | 1.5s
  에폭 3126/4000 | 손실: 0.1479 | 검증손실: 0.3135 | 학습: 99.6% | 검증: 89.2% | lr: 6.87e-06 | 1.5s
  에폭 3127/4000 | 손실: 0.1387 | 검증손실: 0.3145 | 학습: 99.7% | 검증: 89.6% | lr: 6.87e-06 | 1.5s
  에폭 3128/4000 | 손실: 0.1426 | 검증손실: 0.3191 | 학습: 99.6% | 검증: 89.2% | lr: 6.87e-06 | 1.5s
  에폭 3129/4000 | 손실: 0.1410 | 검증손실: 0.3141 | 학습: 99.6% | 검증: 89.6% | lr: 6.87e-06 | 1.5s
  에폭 3130/4000 | 손실: 0.1393 | 검증손실: 0.3149 | 학습: 99.6% | 검증: 89.6% | lr: 6.87e-06 | 1.5s
  에폭 3131/4000 | 손실: 0.1418 | 검증손실: 0.3159 | 학습: 99.7% | 검증: 89.4% | lr: 6.87e-06 | 1.5s
  에폭 3132/4000 | 손실: 0.1452 | 검증손실: 0.3169 | 학습: 99.7% | 검증: 89.3% | lr: 6.87e-06 | 1.5s
  에폭 3133/4000 | 손실: 0.1402 | 검증손실: 0.3062 | 학습: 99.6% | 검증: 89.6% | lr: 6.87e-06 | 1.5s
  에폭 3134/4000 | 손실: 0.1367 | 검증손실: 0.3159 | 학습: 99.6% | 검증: 89.5% | lr: 6.87e-06 | 1.5s
  에폭 3135/4000 | 손실: 0.1419 | 검증손실: 0.3033 | 학습: 99.6% | 검증: 89.3% | lr: 6.87e-06 | 1.5s
  에폭 3136/4000 | 손실: 0.1421 | 검증손실: 0.3124 | 학습: 99.7% | 검증: 89.6% | lr: 6.87e-06 | 1.5s
  에폭 3137/4000 | 손실: 0.1390 | 검증손실: 0.3147 | 학습: 99.6% | 검증: 89.3% | lr: 6.87e-06 | 1.5s
  에폭 3138/4000 | 손실: 0.1401 | 검증손실: 0.3062 | 학습: 99.6% | 검증: 89.8% | lr: 6.87e-06 | 1.5s
  에폭 3139/4000 | 손실: 0.1380 | 검증손실: 0.3151 | 학습: 99.7% | 검증: 89.6% | lr: 6.87e-06 | 1.5s
  에폭 3140/4000 | 손실: 0.1390 | 검증손실: 0.3151 | 학습: 99.7% | 검증: 89.3% | lr: 6.87e-06 | 1.5s
  에폭 3141/4000 | 손실: 0.1454 | 검증손실: 0.3150 | 학습: 99.7% | 검증: 89.6% | lr: 6.87e-06 | 1.5s
  에폭 3142/4000 | 손실: 0.1377 | 검증손실: 0.3139 | 학습: 99.7% | 검증: 89.6% | lr: 6.87e-06 | 1.5s
  에폭 3143/4000 | 손실: 0.1446 | 검증손실: 0.3132 | 학습: 99.7% | 검증: 89.5% | lr: 6.87e-06 | 1.5s
  에폭 3144/4000 | 손실: 0.1397 | 검증손실: 0.3133 | 학습: 99.6% | 검증: 89.4% | lr: 6.87e-06 | 1.5s
  에폭 3145/4000 | 손실: 0.1457 | 검증손실: 0.3179 | 학습: 99.7% | 검증: 89.4% | lr: 6.87e-06 | 1.5s
  에폭 3146/4000 | 손실: 0.1451 | 검증손실: 0.3130 | 학습: 99.7% | 검증: 89.5% | lr: 6.87e-06 | 1.5s
  에폭 3147/4000 | 손실: 0.1426 | 검증손실: 0.3153 | 학습: 99.6% | 검증: 89.5% | lr: 6.87e-06 | 1.5s
  에폭 3148/4000 | 손실: 0.1430 | 검증손실: 0.3192 | 학습: 99.6% | 검증: 89.5% | lr: 6.87e-06 | 1.5s
  에폭 3149/4000 | 손실: 0.1393 | 검증손실: 0.3122 | 학습: 99.7% | 검증: 89.5% | lr: 6.87e-06 | 1.5s
  에폭 3150/4000 | 손실: 0.1474 | 검증손실: 0.3177 | 학습: 99.6% | 검증: 89.1% | lr: 6.87e-06 | 1.5s
  에폭 3151/4000 | 손실: 0.1471 | 검증손실: 0.3080 | 학습: 99.6% | 검증: 89.7% | lr: 6.87e-06 | 1.5s
  에폭 3152/4000 | 손실: 0.1409 | 검증손실: 0.3146 | 학습: 99.7% | 검증: 89.4% | lr: 6.87e-06 | 1.5s
  에폭 3153/4000 | 손실: 0.1454 | 검증손실: 0.3148 | 학습: 99.7% | 검증: 89.7% | lr: 6.87e-06 | 1.6s
  에폭 3154/4000 | 손실: 0.1438 | 검증손실: 0.3095 | 학습: 99.6% | 검증: 89.5% | lr: 6.87e-06 | 1.5s
  에폭 3155/4000 | 손실: 0.1422 | 검증손실: 0.3135 | 학습: 99.6% | 검증: 89.0% | lr: 6.87e-06 | 1.5s
  에폭 3156/4000 | 손실: 0.1400 | 검증손실: 0.3141 | 학습: 99.7% | 검증: 89.5% | lr: 6.87e-06 | 1.5s
  에폭 3157/4000 | 손실: 0.1392 | 검증손실: 0.3117 | 학습: 99.6% | 검증: 89.6% | lr: 6.87e-06 | 1.5s
  에폭 3158/4000 | 손실: 0.1414 | 검증손실: 0.3207 | 학습: 99.7% | 검증: 89.3% | lr: 6.87e-06 | 1.5s
  에폭 3159/4000 | 손실: 0.1374 | 검증손실: 0.3116 | 학습: 99.6% | 검증: 89.4% | lr: 6.87e-06 | 1.5s
  에폭 3160/4000 | 손실: 0.1422 | 검증손실: 0.3164 | 학습: 99.6% | 검증: 89.6% | lr: 5.50e-06 | 1.5s
  에폭 3161/4000 | 손실: 0.1406 | 검증손실: 0.3107 | 학습: 99.7% | 검증: 89.9% | lr: 5.50e-06 | 1.5s
  에폭 3162/4000 | 손실: 0.1351 | 검증손실: 0.3125 | 학습: 99.7% | 검증: 89.5% | lr: 5.50e-06 | 1.5s
  에폭 3163/4000 | 손실: 0.1400 | 검증손실: 0.3098 | 학습: 99.7% | 검증: 89.9% | lr: 5.50e-06 | 1.5s
  에폭 3164/4000 | 손실: 0.1464 | 검증손실: 0.3121 | 학습: 99.6% | 검증: 89.3% | lr: 5.50e-06 | 1.5s
  에폭 3165/4000 | 손실: 0.1454 | 검증손실: 0.3076 | 학습: 99.6% | 검증: 89.5% | lr: 5.50e-06 | 1.5s
  에폭 3166/4000 | 손실: 0.1403 | 검증손실: 0.3122 | 학습: 99.6% | 검증: 89.3% | lr: 5.50e-06 | 1.5s
  에폭 3167/4000 | 손실: 0.1443 | 검증손실: 0.3156 | 학습: 99.6% | 검증: 89.3% | lr: 5.50e-06 | 1.5s
  에폭 3168/4000 | 손실: 0.1452 | 검증손실: 0.3127 | 학습: 99.6% | 검증: 89.6% | lr: 5.50e-06 | 1.5s
  에폭 3169/4000 | 손실: 0.1428 | 검증손실: 0.3127 | 학습: 99.6% | 검증: 89.3% | lr: 5.50e-06 | 1.5s
  에폭 3170/4000 | 손실: 0.1323 | 검증손실: 0.3136 | 학습: 99.7% | 검증: 89.3% | lr: 5.50e-06 | 1.5s
  에폭 3171/4000 | 손실: 0.1412 | 검증손실: 0.3123 | 학습: 99.6% | 검증: 89.6% | lr: 5.50e-06 | 1.5s
  에폭 3172/4000 | 손실: 0.1374 | 검증손실: 0.3126 | 학습: 99.6% | 검증: 89.7% | lr: 5.50e-06 | 1.5s
  에폭 3173/4000 | 손실: 0.1431 | 검증손실: 0.3099 | 학습: 99.7% | 검증: 89.5% | lr: 5.50e-06 | 1.5s
  에폭 3174/4000 | 손실: 0.1402 | 검증손실: 0.3145 | 학습: 99.6% | 검증: 89.4% | lr: 5.50e-06 | 1.5s
  에폭 3175/4000 | 손실: 0.1425 | 검증손실: 0.3056 | 학습: 99.5% | 검증: 89.5% | lr: 5.50e-06 | 1.5s
  에폭 3176/4000 | 손실: 0.1469 | 검증손실: 0.3207 | 학습: 99.7% | 검증: 89.4% | lr: 5.50e-06 | 1.5s
  에폭 3177/4000 | 손실: 0.1368 | 검증손실: 0.3128 | 학습: 99.7% | 검증: 89.6% | lr: 5.50e-06 | 1.5s
  에폭 3178/4000 | 손실: 0.1408 | 검증손실: 0.3089 | 학습: 99.6% | 검증: 89.3% | lr: 5.50e-06 | 1.5s
  에폭 3179/4000 | 손실: 0.1483 | 검증손실: 0.3221 | 학습: 99.6% | 검증: 89.3% | lr: 5.50e-06 | 1.5s
  에폭 3180/4000 | 손실: 0.1429 | 검증손실: 0.3094 | 학습: 99.7% | 검증: 89.5% | lr: 5.50e-06 | 1.5s
  에폭 3181/4000 | 손실: 0.1436 | 검증손실: 0.3150 | 학습: 99.7% | 검증: 89.8% | lr: 5.50e-06 | 1.5s
  에폭 3182/4000 | 손실: 0.1474 | 검증손실: 0.3016 | 학습: 99.6% | 검증: 89.9% | lr: 5.50e-06 | 1.5s
  에폭 3183/4000 | 손실: 0.1433 | 검증손실: 0.3140 | 학습: 99.7% | 검증: 89.3% | lr: 5.50e-06 | 1.5s
  에폭 3184/4000 | 손실: 0.1386 | 검증손실: 0.3207 | 학습: 99.5% | 검증: 89.0% | lr: 5.50e-06 | 1.5s
  에폭 3185/4000 | 손실: 0.1419 | 검증손실: 0.3130 | 학습: 99.6% | 검증: 89.2% | lr: 5.50e-06 | 1.5s
  에폭 3186/4000 | 손실: 0.1413 | 검증손실: 0.3117 | 학습: 99.5% | 검증: 89.6% | lr: 5.50e-06 | 1.5s
  에폭 3187/4000 | 손실: 0.1394 | 검증손실: 0.3142 | 학습: 99.6% | 검증: 89.3% | lr: 5.50e-06 | 1.6s
  에폭 3188/4000 | 손실: 0.1379 | 검증손실: 0.3133 | 학습: 99.7% | 검증: 89.3% | lr: 5.50e-06 | 1.6s
  에폭 3189/4000 | 손실: 0.1370 | 검증손실: 0.3115 | 학습: 99.6% | 검증: 89.7% | lr: 5.50e-06 | 1.5s
  에폭 3190/4000 | 손실: 0.1408 | 검증손실: 0.3108 | 학습: 99.6% | 검증: 89.7% | lr: 5.50e-06 | 1.5s
  에폭 3191/4000 | 손실: 0.1415 | 검증손실: 0.3080 | 학습: 99.6% | 검증: 89.5% | lr: 5.50e-06 | 1.5s
  에폭 3192/4000 | 손실: 0.1484 | 검증손실: 0.3118 | 학습: 99.7% | 검증: 89.4% | lr: 5.50e-06 | 1.5s
  에폭 3193/4000 | 손실: 0.1385 | 검증손실: 0.3133 | 학습: 99.7% | 검증: 89.3% | lr: 5.50e-06 | 1.5s
  에폭 3194/4000 | 손실: 0.1431 | 검증손실: 0.3131 | 학습: 99.6% | 검증: 89.4% | lr: 5.50e-06 | 1.5s
  에폭 3195/4000 | 손실: 0.1415 | 검증손실: 0.3143 | 학습: 99.6% | 검증: 89.7% | lr: 5.50e-06 | 1.5s
  에폭 3196/4000 | 손실: 0.1436 | 검증손실: 0.3137 | 학습: 99.7% | 검증: 89.4% | lr: 5.50e-06 | 1.5s
  에폭 3197/4000 | 손실: 0.1407 | 검증손실: 0.3102 | 학습: 99.6% | 검증: 89.5% | lr: 5.50e-06 | 1.5s
  에폭 3198/4000 | 손실: 0.1384 | 검증손실: 0.3136 | 학습: 99.7% | 검증: 89.7% | lr: 5.50e-06 | 1.5s
  에폭 3199/4000 | 손실: 0.1395 | 검증손실: 0.3127 | 학습: 99.7% | 검증: 89.9% | lr: 5.50e-06 | 1.5s
  에폭 3200/4000 | 손실: 0.1425 | 검증손실: 0.3118 | 학습: 99.6% | 검증: 89.3% | lr: 5.50e-06 | 1.5s
  에폭 3201/4000 | 손실: 0.1431 | 검증손실: 0.3179 | 학습: 99.6% | 검증: 89.5% | lr: 5.50e-06 | 1.5s
  에폭 3202/4000 | 손실: 0.1391 | 검증손실: 0.3163 | 학습: 99.6% | 검증: 89.2% | lr: 5.50e-06 | 1.5s
  에폭 3203/4000 | 손실: 0.1439 | 검증손실: 0.3074 | 학습: 99.5% | 검증: 89.1% | lr: 5.50e-06 | 1.5s
  에폭 3204/4000 | 손실: 0.1390 | 검증손실: 0.3120 | 학습: 99.6% | 검증: 89.6% | lr: 5.50e-06 | 1.5s
  에폭 3205/4000 | 손실: 0.1415 | 검증손실: 0.3151 | 학습: 99.6% | 검증: 89.6% | lr: 5.50e-06 | 1.5s
  에폭 3206/4000 | 손실: 0.1351 | 검증손실: 0.3131 | 학습: 99.6% | 검증: 89.5% | lr: 5.50e-06 | 1.5s
  에폭 3207/4000 | 손실: 0.1437 | 검증손실: 0.3184 | 학습: 99.7% | 검증: 89.3% | lr: 5.50e-06 | 1.5s
  에폭 3208/4000 | 손실: 0.1396 | 검증손실: 0.3085 | 학습: 99.7% | 검증: 89.5% | lr: 5.50e-06 | 1.5s
  에폭 3209/4000 | 손실: 0.1463 | 검증손실: 0.3148 | 학습: 99.6% | 검증: 89.2% | lr: 5.50e-06 | 1.5s
  에폭 3210/4000 | 손실: 0.1423 | 검증손실: 0.3078 | 학습: 99.5% | 검증: 89.4% | lr: 5.50e-06 | 1.5s
  에폭 3211/4000 | 손실: 0.1423 | 검증손실: 0.3087 | 학습: 99.7% | 검증: 89.7% | lr: 5.50e-06 | 1.5s
  에폭 3212/4000 | 손실: 0.1375 | 검증손실: 0.3144 | 학습: 99.6% | 검증: 89.3% | lr: 5.50e-06 | 1.5s
  에폭 3213/4000 | 손실: 0.1421 | 검증손실: 0.3037 | 학습: 99.6% | 검증: 89.5% | lr: 5.50e-06 | 1.5s
  에폭 3214/4000 | 손실: 0.1442 | 검증손실: 0.3083 | 학습: 99.6% | 검증: 89.7% | lr: 5.50e-06 | 1.5s
  에폭 3215/4000 | 손실: 0.1429 | 검증손실: 0.3130 | 학습: 99.6% | 검증: 89.5% | lr: 5.50e-06 | 1.5s
  에폭 3216/4000 | 손실: 0.1328 | 검증손실: 0.3140 | 학습: 99.6% | 검증: 89.6% | lr: 5.50e-06 | 1.5s
  에폭 3217/4000 | 손실: 0.1484 | 검증손실: 0.3133 | 학습: 99.7% | 검증: 89.8% | lr: 5.50e-06 | 1.5s
  에폭 3218/4000 | 손실: 0.1435 | 검증손실: 0.3122 | 학습: 99.7% | 검증: 89.6% | lr: 5.50e-06 | 1.5s
  에폭 3219/4000 | 손실: 0.1425 | 검증손실: 0.3115 | 학습: 99.6% | 검증: 89.5% | lr: 5.50e-06 | 1.5s
  에폭 3220/4000 | 손실: 0.1440 | 검증손실: 0.3154 | 학습: 99.7% | 검증: 89.5% | lr: 5.50e-06 | 1.6s
  에폭 3221/4000 | 손실: 0.1416 | 검증손실: 0.3122 | 학습: 99.6% | 검증: 89.3% | lr: 5.50e-06 | 1.5s
  에폭 3222/4000 | 손실: 0.1389 | 검증손실: 0.3167 | 학습: 99.6% | 검증: 89.3% | lr: 5.50e-06 | 1.5s
  에폭 3223/4000 | 손실: 0.1344 | 검증손실: 0.3124 | 학습: 99.7% | 검증: 89.6% | lr: 5.50e-06 | 1.5s
  에폭 3224/4000 | 손실: 0.1424 | 검증손실: 0.3138 | 학습: 99.6% | 검증: 89.5% | lr: 5.50e-06 | 1.5s
  에폭 3225/4000 | 손실: 0.1425 | 검증손실: 0.3129 | 학습: 99.6% | 검증: 89.2% | lr: 5.50e-06 | 1.5s
  에폭 3226/4000 | 손실: 0.1403 | 검증손실: 0.3122 | 학습: 99.6% | 검증: 89.5% | lr: 5.50e-06 | 1.5s
  에폭 3227/4000 | 손실: 0.1455 | 검증손실: 0.3077 | 학습: 99.7% | 검증: 89.7% | lr: 5.50e-06 | 1.5s
  에폭 3228/4000 | 손실: 0.1459 | 검증손실: 0.3086 | 학습: 99.7% | 검증: 89.4% | lr: 5.50e-06 | 1.5s
  에폭 3229/4000 | 손실: 0.1393 | 검증손실: 0.3038 | 학습: 99.5% | 검증: 89.2% | lr: 5.50e-06 | 1.5s
  에폭 3230/4000 | 손실: 0.1361 | 검증손실: 0.3123 | 학습: 99.7% | 검증: 89.6% | lr: 5.50e-06 | 1.5s
  에폭 3231/4000 | 손실: 0.1413 | 검증손실: 0.3154 | 학습: 99.7% | 검증: 89.7% | lr: 5.50e-06 | 1.5s
  에폭 3232/4000 | 손실: 0.1341 | 검증손실: 0.3139 | 학습: 99.7% | 검증: 89.6% | lr: 5.50e-06 | 1.5s
  에폭 3233/4000 | 손실: 0.1489 | 검증손실: 0.3153 | 학습: 99.6% | 검증: 89.7% | lr: 5.50e-06 | 1.5s
  에폭 3234/4000 | 손실: 0.1418 | 검증손실: 0.3099 | 학습: 99.6% | 검증: 89.3% | lr: 5.50e-06 | 1.5s
  에폭 3235/4000 | 손실: 0.1403 | 검증손실: 0.3064 | 학습: 99.7% | 검증: 89.6% | lr: 5.50e-06 | 1.5s
  에폭 3236/4000 | 손실: 0.1388 | 검증손실: 0.3139 | 학습: 99.6% | 검증: 89.2% | lr: 5.50e-06 | 1.5s
  에폭 3237/4000 | 손실: 0.1393 | 검증손실: 0.3101 | 학습: 99.5% | 검증: 89.4% | lr: 5.50e-06 | 1.5s
  에폭 3238/4000 | 손실: 0.1436 | 검증손실: 0.3034 | 학습: 99.5% | 검증: 89.4% | lr: 5.50e-06 | 1.5s
  에폭 3239/4000 | 손실: 0.1370 | 검증손실: 0.3115 | 학습: 99.7% | 검증: 89.6% | lr: 5.50e-06 | 1.5s
  에폭 3240/4000 | 손실: 0.1413 | 검증손실: 0.3069 | 학습: 99.7% | 검증: 89.6% | lr: 5.50e-06 | 1.5s
  에폭 3241/4000 | 손실: 0.1380 | 검증손실: 0.3125 | 학습: 99.7% | 검증: 89.1% | lr: 5.50e-06 | 1.5s
  에폭 3242/4000 | 손실: 0.1409 | 검증손실: 0.3116 | 학습: 99.7% | 검증: 89.4% | lr: 5.50e-06 | 1.5s
  에폭 3243/4000 | 손실: 0.1396 | 검증손실: 0.3142 | 학습: 99.6% | 검증: 89.8% | lr: 5.50e-06 | 1.5s
  에폭 3244/4000 | 손실: 0.1421 | 검증손실: 0.3129 | 학습: 99.7% | 검증: 89.5% | lr: 5.50e-06 | 1.5s
  에폭 3245/4000 | 손실: 0.1424 | 검증손실: 0.3064 | 학습: 99.6% | 검증: 89.7% | lr: 5.50e-06 | 1.6s
  에폭 3246/4000 | 손실: 0.1459 | 검증손실: 0.3160 | 학습: 99.7% | 검증: 89.5% | lr: 5.50e-06 | 1.5s
  에폭 3247/4000 | 손실: 0.1453 | 검증손실: 0.3154 | 학습: 99.6% | 검증: 89.6% | lr: 5.50e-06 | 1.5s
  에폭 3248/4000 | 손실: 0.1406 | 검증손실: 0.3153 | 학습: 99.6% | 검증: 89.3% | lr: 5.50e-06 | 1.5s
  에폭 3249/4000 | 손실: 0.1334 | 검증손실: 0.3099 | 학습: 99.7% | 검증: 89.6% | lr: 5.50e-06 | 1.5s
  에폭 3250/4000 | 손실: 0.1343 | 검증손실: 0.3060 | 학습: 99.6% | 검증: 89.8% | lr: 5.50e-06 | 1.5s
  에폭 3251/4000 | 손실: 0.1397 | 검증손실: 0.3083 | 학습: 99.7% | 검증: 89.6% | lr: 5.50e-06 | 1.5s
  에폭 3252/4000 | 손실: 0.1428 | 검증손실: 0.3127 | 학습: 99.7% | 검증: 89.5% | lr: 5.50e-06 | 1.5s
  에폭 3253/4000 | 손실: 0.1445 | 검증손실: 0.3155 | 학습: 99.7% | 검증: 89.5% | lr: 5.50e-06 | 1.5s
  에폭 3254/4000 | 손실: 0.1437 | 검증손실: 0.3128 | 학습: 99.7% | 검증: 89.0% | lr: 5.50e-06 | 1.5s
  에폭 3255/4000 | 손실: 0.1433 | 검증손실: 0.3098 | 학습: 99.7% | 검증: 89.4% | lr: 5.50e-06 | 1.5s
  에폭 3256/4000 | 손실: 0.1375 | 검증손실: 0.3106 | 학습: 99.6% | 검증: 89.8% | lr: 5.50e-06 | 1.5s
  에폭 3257/4000 | 손실: 0.1373 | 검증손실: 0.3088 | 학습: 99.7% | 검증: 89.6% | lr: 5.50e-06 | 1.5s
  에폭 3258/4000 | 손실: 0.1377 | 검증손실: 0.3100 | 학습: 99.6% | 검증: 89.4% | lr: 5.50e-06 | 1.5s
  에폭 3259/4000 | 손실: 0.1369 | 검증손실: 0.3175 | 학습: 99.7% | 검증: 89.4% | lr: 5.50e-06 | 1.5s
  에폭 3260/4000 | 손실: 0.1387 | 검증손실: 0.3117 | 학습: 99.7% | 검증: 89.3% | lr: 5.50e-06 | 1.5s
  에폭 3261/4000 | 손실: 0.1376 | 검증손실: 0.3173 | 학습: 99.7% | 검증: 89.2% | lr: 5.50e-06 | 1.5s
  에폭 3262/4000 | 손실: 0.1319 | 검증손실: 0.3156 | 학습: 99.7% | 검증: 89.8% | lr: 5.50e-06 | 1.5s
  에폭 3263/4000 | 손실: 0.1401 | 검증손실: 0.3163 | 학습: 99.7% | 검증: 89.3% | lr: 5.50e-06 | 1.5s
  에폭 3264/4000 | 손실: 0.1439 | 검증손실: 0.3122 | 학습: 99.7% | 검증: 89.9% | lr: 5.50e-06 | 1.5s
  에폭 3265/4000 | 손실: 0.1445 | 검증손실: 0.3100 | 학습: 99.7% | 검증: 89.7% | lr: 5.50e-06 | 1.5s
  에폭 3266/4000 | 손실: 0.1472 | 검증손실: 0.3162 | 학습: 99.6% | 검증: 89.6% | lr: 5.50e-06 | 1.5s
  에폭 3267/4000 | 손실: 0.1389 | 검증손실: 0.3115 | 학습: 99.7% | 검증: 89.6% | lr: 5.50e-06 | 1.5s
  에폭 3268/4000 | 손실: 0.1411 | 검증손실: 0.3106 | 학습: 99.6% | 검증: 89.5% | lr: 5.50e-06 | 1.6s
  에폭 3269/4000 | 손실: 0.1466 | 검증손실: 0.3206 | 학습: 99.6% | 검증: 89.6% | lr: 5.50e-06 | 1.5s
  에폭 3270/4000 | 손실: 0.1457 | 검증손실: 0.3156 | 학습: 99.7% | 검증: 89.2% | lr: 5.50e-06 | 1.5s
  에폭 3271/4000 | 손실: 0.1398 | 검증손실: 0.3126 | 학습: 99.6% | 검증: 89.6% | lr: 5.50e-06 | 1.5s
  에폭 3272/4000 | 손실: 0.1392 | 검증손실: 0.3153 | 학습: 99.6% | 검증: 89.4% | lr: 5.50e-06 | 1.5s
  에폭 3273/4000 | 손실: 0.1410 | 검증손실: 0.3177 | 학습: 99.5% | 검증: 89.3% | lr: 5.50e-06 | 1.5s
  에폭 3274/4000 | 손실: 0.1425 | 검증손실: 0.3109 | 학습: 99.6% | 검증: 89.5% | lr: 5.50e-06 | 1.5s
  에폭 3275/4000 | 손실: 0.1406 | 검증손실: 0.3071 | 학습: 99.6% | 검증: 89.7% | lr: 5.50e-06 | 1.5s
  에폭 3276/4000 | 손실: 0.1376 | 검증손실: 0.3151 | 학습: 99.7% | 검증: 89.5% | lr: 5.50e-06 | 1.5s
  에폭 3277/4000 | 손실: 0.1390 | 검증손실: 0.3145 | 학습: 99.7% | 검증: 89.7% | lr: 5.50e-06 | 1.5s
  에폭 3278/4000 | 손실: 0.1373 | 검증손실: 0.3128 | 학습: 99.6% | 검증: 89.4% | lr: 5.50e-06 | 1.5s
  에폭 3279/4000 | 손실: 0.1428 | 검증손실: 0.3146 | 학습: 99.7% | 검증: 89.6% | lr: 5.50e-06 | 1.5s
  에폭 3280/4000 | 손실: 0.1390 | 검증손실: 0.3098 | 학습: 99.6% | 검증: 89.2% | lr: 5.50e-06 | 1.5s
  에폭 3281/4000 | 손실: 0.1411 | 검증손실: 0.3176 | 학습: 99.6% | 검증: 89.3% | lr: 5.50e-06 | 1.5s
  에폭 3282/4000 | 손실: 0.1410 | 검증손실: 0.3141 | 학습: 99.6% | 검증: 89.6% | lr: 5.50e-06 | 1.5s
  에폭 3283/4000 | 손실: 0.1342 | 검증손실: 0.3118 | 학습: 99.6% | 검증: 89.4% | lr: 5.50e-06 | 1.5s
  에폭 3284/4000 | 손실: 0.1423 | 검증손실: 0.3128 | 학습: 99.6% | 검증: 89.3% | lr: 5.50e-06 | 1.5s
  에폭 3285/4000 | 손실: 0.1381 | 검증손실: 0.3132 | 학습: 99.6% | 검증: 89.1% | lr: 5.50e-06 | 1.5s
  에폭 3286/4000 | 손실: 0.1395 | 검증손실: 0.3146 | 학습: 99.7% | 검증: 89.5% | lr: 5.50e-06 | 1.5s
  에폭 3287/4000 | 손실: 0.1423 | 검증손실: 0.3112 | 학습: 99.7% | 검증: 89.7% | lr: 5.50e-06 | 1.6s
  에폭 3288/4000 | 손실: 0.1363 | 검증손실: 0.3151 | 학습: 99.5% | 검증: 89.5% | lr: 5.50e-06 | 1.5s
  에폭 3289/4000 | 손실: 0.1414 | 검증손실: 0.3195 | 학습: 99.6% | 검증: 89.4% | lr: 5.50e-06 | 1.5s
  에폭 3290/4000 | 손실: 0.1430 | 검증손실: 0.3101 | 학습: 99.6% | 검증: 89.8% | lr: 5.50e-06 | 1.5s
  에폭 3291/4000 | 손실: 0.1421 | 검증손실: 0.3107 | 학습: 99.7% | 검증: 89.7% | lr: 5.50e-06 | 1.5s
  에폭 3292/4000 | 손실: 0.1417 | 검증손실: 0.3109 | 학습: 99.5% | 검증: 89.2% | lr: 5.50e-06 | 1.5s
  에폭 3293/4000 | 손실: 0.1361 | 검증손실: 0.3050 | 학습: 99.5% | 검증: 89.6% | lr: 5.50e-06 | 1.5s
  에폭 3294/4000 | 손실: 0.1439 | 검증손실: 0.3102 | 학습: 99.6% | 검증: 89.3% | lr: 5.50e-06 | 1.5s
  에폭 3295/4000 | 손실: 0.1383 | 검증손실: 0.3171 | 학습: 99.7% | 검증: 89.6% | lr: 5.50e-06 | 1.5s
  에폭 3296/4000 | 손실: 0.1444 | 검증손실: 0.3198 | 학습: 99.6% | 검증: 89.1% | lr: 5.50e-06 | 1.5s
  에폭 3297/4000 | 손실: 0.1392 | 검증손실: 0.3151 | 학습: 99.6% | 검증: 89.4% | lr: 5.50e-06 | 1.5s
  에폭 3298/4000 | 손실: 0.1425 | 검증손실: 0.3079 | 학습: 99.6% | 검증: 89.4% | lr: 5.50e-06 | 1.5s
  에폭 3299/4000 | 손실: 0.1407 | 검증손실: 0.3124 | 학습: 99.6% | 검증: 89.4% | lr: 5.50e-06 | 1.5s
  에폭 3300/4000 | 손실: 0.1372 | 검증손실: 0.3060 | 학습: 99.7% | 검증: 89.5% | lr: 5.50e-06 | 1.5s
  에폭 3301/4000 | 손실: 0.1388 | 검증손실: 0.3113 | 학습: 99.6% | 검증: 89.6% | lr: 5.50e-06 | 1.5s
  에폭 3302/4000 | 손실: 0.1380 | 검증손실: 0.3105 | 학습: 99.7% | 검증: 89.6% | lr: 5.50e-06 | 1.5s
  에폭 3303/4000 | 손실: 0.1422 | 검증손실: 0.3122 | 학습: 99.7% | 검증: 89.5% | lr: 5.50e-06 | 1.5s
  에폭 3304/4000 | 손실: 0.1390 | 검증손실: 0.3140 | 학습: 99.7% | 검증: 89.4% | lr: 5.50e-06 | 1.5s
  에폭 3305/4000 | 손실: 0.1445 | 검증손실: 0.3152 | 학습: 99.7% | 검증: 89.6% | lr: 5.50e-06 | 1.5s
  에폭 3306/4000 | 손실: 0.1431 | 검증손실: 0.3233 | 학습: 99.6% | 검증: 89.4% | lr: 5.50e-06 | 1.5s
  에폭 3307/4000 | 손실: 0.1420 | 검증손실: 0.3188 | 학습: 99.7% | 검증: 89.6% | lr: 5.50e-06 | 1.5s
  에폭 3308/4000 | 손실: 0.1390 | 검증손실: 0.3192 | 학습: 99.7% | 검증: 89.3% | lr: 5.50e-06 | 1.5s
  에폭 3309/4000 | 손실: 0.1384 | 검증손실: 0.3130 | 학습: 99.6% | 검증: 89.7% | lr: 5.50e-06 | 1.5s
  에폭 3310/4000 | 손실: 0.1424 | 검증손실: 0.3147 | 학습: 99.6% | 검증: 89.5% | lr: 5.50e-06 | 1.6s
  에폭 3311/4000 | 손실: 0.1396 | 검증손실: 0.3143 | 학습: 99.7% | 검증: 89.6% | lr: 4.40e-06 | 1.5s
  에폭 3312/4000 | 손실: 0.1382 | 검증손실: 0.3169 | 학습: 99.7% | 검증: 89.4% | lr: 4.40e-06 | 1.5s
  에폭 3313/4000 | 손실: 0.1403 | 검증손실: 0.3130 | 학습: 99.7% | 검증: 89.5% | lr: 4.40e-06 | 1.5s
  에폭 3314/4000 | 손실: 0.1405 | 검증손실: 0.3116 | 학습: 99.7% | 검증: 89.5% | lr: 4.40e-06 | 1.5s
  에폭 3315/4000 | 손실: 0.1438 | 검증손실: 0.3092 | 학습: 99.7% | 검증: 89.5% | lr: 4.40e-06 | 1.5s
  에폭 3316/4000 | 손실: 0.1355 | 검증손실: 0.3031 | 학습: 99.6% | 검증: 89.5% | lr: 4.40e-06 | 1.5s
  에폭 3317/4000 | 손실: 0.1379 | 검증손실: 0.3117 | 학습: 99.6% | 검증: 89.2% | lr: 4.40e-06 | 1.5s
  에폭 3318/4000 | 손실: 0.1371 | 검증손실: 0.3183 | 학습: 99.7% | 검증: 89.5% | lr: 4.40e-06 | 1.5s
  에폭 3319/4000 | 손실: 0.1362 | 검증손실: 0.3169 | 학습: 99.7% | 검증: 89.6% | lr: 4.40e-06 | 1.5s
  에폭 3320/4000 | 손실: 0.1342 | 검증손실: 0.3134 | 학습: 99.7% | 검증: 89.5% | lr: 4.40e-06 | 1.5s
  에폭 3321/4000 | 손실: 0.1380 | 검증손실: 0.3046 | 학습: 99.6% | 검증: 89.5% | lr: 4.40e-06 | 1.5s
  에폭 3322/4000 | 손실: 0.1379 | 검증손실: 0.3169 | 학습: 99.6% | 검증: 89.3% | lr: 4.40e-06 | 1.5s
  에폭 3323/4000 | 손실: 0.1386 | 검증손실: 0.3219 | 학습: 99.6% | 검증: 89.4% | lr: 4.40e-06 | 1.5s
  에폭 3324/4000 | 손실: 0.1468 | 검증손실: 0.3240 | 학습: 99.7% | 검증: 89.1% | lr: 4.40e-06 | 1.5s
  에폭 3325/4000 | 손실: 0.1347 | 검증손실: 0.3155 | 학습: 99.6% | 검증: 89.7% | lr: 4.40e-06 | 1.5s
  에폭 3326/4000 | 손실: 0.1395 | 검증손실: 0.3169 | 학습: 99.6% | 검증: 89.5% | lr: 4.40e-06 | 1.5s
  에폭 3327/4000 | 손실: 0.1424 | 검증손실: 0.3158 | 학습: 99.6% | 검증: 89.4% | lr: 4.40e-06 | 1.5s
  에폭 3328/4000 | 손실: 0.1405 | 검증손실: 0.3134 | 학습: 99.7% | 검증: 89.5% | lr: 4.40e-06 | 1.5s
  에폭 3329/4000 | 손실: 0.1450 | 검증손실: 0.3051 | 학습: 99.6% | 검증: 89.9% | lr: 4.40e-06 | 1.5s
  에폭 3330/4000 | 손실: 0.1349 | 검증손실: 0.3117 | 학습: 99.7% | 검증: 89.2% | lr: 4.40e-06 | 1.5s
  에폭 3331/4000 | 손실: 0.1414 | 검증손실: 0.3150 | 학습: 99.6% | 검증: 89.5% | lr: 4.40e-06 | 1.6s
  에폭 3332/4000 | 손실: 0.1349 | 검증손실: 0.3119 | 학습: 99.7% | 검증: 89.5% | lr: 4.40e-06 | 1.5s
  에폭 3333/4000 | 손실: 0.1387 | 검증손실: 0.3177 | 학습: 99.7% | 검증: 89.6% | lr: 4.40e-06 | 1.5s
  에폭 3334/4000 | 손실: 0.1467 | 검증손실: 0.3208 | 학습: 99.5% | 검증: 89.3% | lr: 4.40e-06 | 1.5s
  에폭 3335/4000 | 손실: 0.1466 | 검증손실: 0.3110 | 학습: 99.7% | 검증: 89.5% | lr: 4.40e-06 | 1.5s
  에폭 3336/4000 | 손실: 0.1386 | 검증손실: 0.3091 | 학습: 99.7% | 검증: 89.3% | lr: 4.40e-06 | 1.5s
  에폭 3337/4000 | 손실: 0.1426 | 검증손실: 0.3213 | 학습: 99.7% | 검증: 89.5% | lr: 4.40e-06 | 1.5s
  에폭 3338/4000 | 손실: 0.1395 | 검증손실: 0.3168 | 학습: 99.6% | 검증: 89.4% | lr: 4.40e-06 | 1.5s
  에폭 3339/4000 | 손실: 0.1396 | 검증손실: 0.3123 | 학습: 99.6% | 검증: 89.3% | lr: 4.40e-06 | 1.5s
  에폭 3340/4000 | 손실: 0.1453 | 검증손실: 0.3174 | 학습: 99.6% | 검증: 89.6% | lr: 4.40e-06 | 1.5s
  에폭 3341/4000 | 손실: 0.1430 | 검증손실: 0.3119 | 학습: 99.7% | 검증: 89.5% | lr: 4.40e-06 | 1.5s
  에폭 3342/4000 | 손실: 0.1406 | 검증손실: 0.3208 | 학습: 99.7% | 검증: 89.4% | lr: 4.40e-06 | 1.5s
  에폭 3343/4000 | 손실: 0.1471 | 검증손실: 0.3062 | 학습: 99.7% | 검증: 89.7% | lr: 4.40e-06 | 1.5s
  에폭 3344/4000 | 손실: 0.1415 | 검증손실: 0.3152 | 학습: 99.7% | 검증: 89.3% | lr: 4.40e-06 | 1.5s
  에폭 3345/4000 | 손실: 0.1456 | 검증손실: 0.3119 | 학습: 99.6% | 검증: 89.4% | lr: 4.40e-06 | 1.5s
  에폭 3346/4000 | 손실: 0.1431 | 검증손실: 0.3163 | 학습: 99.7% | 검증: 89.2% | lr: 4.40e-06 | 1.5s
  에폭 3347/4000 | 손실: 0.1432 | 검증손실: 0.3118 | 학습: 99.6% | 검증: 89.5% | lr: 4.40e-06 | 1.5s
  에폭 3348/4000 | 손실: 0.1392 | 검증손실: 0.3191 | 학습: 99.6% | 검증: 89.6% | lr: 4.40e-06 | 1.5s
  에폭 3349/4000 | 손실: 0.1416 | 검증손실: 0.3087 | 학습: 99.6% | 검증: 89.3% | lr: 4.40e-06 | 1.5s
  에폭 3350/4000 | 손실: 0.1384 | 검증손실: 0.3104 | 학습: 99.7% | 검증: 89.9% | lr: 4.40e-06 | 1.5s
  에폭 3351/4000 | 손실: 0.1399 | 검증손실: 0.3081 | 학습: 99.6% | 검증: 89.4% | lr: 4.40e-06 | 1.5s
  에폭 3352/4000 | 손실: 0.1399 | 검증손실: 0.3126 | 학습: 99.7% | 검증: 89.7% | lr: 4.40e-06 | 1.5s
  에폭 3353/4000 | 손실: 0.1435 | 검증손실: 0.3089 | 학습: 99.6% | 검증: 89.2% | lr: 4.40e-06 | 1.5s
  에폭 3354/4000 | 손실: 0.1390 | 검증손실: 0.3170 | 학습: 99.7% | 검증: 89.5% | lr: 4.40e-06 | 1.5s
  에폭 3355/4000 | 손실: 0.1342 | 검증손실: 0.3125 | 학습: 99.5% | 검증: 89.1% | lr: 4.40e-06 | 1.5s
  에폭 3356/4000 | 손실: 0.1454 | 검증손실: 0.3132 | 학습: 99.7% | 검증: 89.4% | lr: 4.40e-06 | 1.5s
  에폭 3357/4000 | 손실: 0.1352 | 검증손실: 0.3067 | 학습: 99.6% | 검증: 89.5% | lr: 4.40e-06 | 1.5s
  에폭 3358/4000 | 손실: 0.1412 | 검증손실: 0.3150 | 학습: 99.6% | 검증: 89.4% | lr: 4.40e-06 | 1.5s
  에폭 3359/4000 | 손실: 0.1390 | 검증손실: 0.3077 | 학습: 99.7% | 검증: 89.5% | lr: 4.40e-06 | 1.5s
  에폭 3360/4000 | 손실: 0.1393 | 검증손실: 0.3104 | 학습: 99.7% | 검증: 89.6% | lr: 4.40e-06 | 1.5s
  에폭 3361/4000 | 손실: 0.1361 | 검증손실: 0.3123 | 학습: 99.7% | 검증: 89.4% | lr: 4.40e-06 | 1.5s
  에폭 3362/4000 | 손실: 0.1383 | 검증손실: 0.3083 | 학습: 99.6% | 검증: 89.5% | lr: 4.40e-06 | 1.5s
  에폭 3363/4000 | 손실: 0.1398 | 검증손실: 0.3094 | 학습: 99.7% | 검증: 89.5% | lr: 4.40e-06 | 1.5s
  에폭 3364/4000 | 손실: 0.1403 | 검증손실: 0.3138 | 학습: 99.7% | 검증: 89.5% | lr: 4.40e-06 | 1.5s
  에폭 3365/4000 | 손실: 0.1405 | 검증손실: 0.3144 | 학습: 99.7% | 검증: 89.6% | lr: 4.40e-06 | 1.5s
  에폭 3366/4000 | 손실: 0.1416 | 검증손실: 0.3086 | 학습: 99.7% | 검증: 89.5% | lr: 4.40e-06 | 1.5s
  에폭 3367/4000 | 손실: 0.1407 | 검증손실: 0.3148 | 학습: 99.7% | 검증: 89.5% | lr: 4.40e-06 | 1.5s
  에폭 3368/4000 | 손실: 0.1359 | 검증손실: 0.3134 | 학습: 99.6% | 검증: 89.1% | lr: 4.40e-06 | 1.5s
  에폭 3369/4000 | 손실: 0.1416 | 검증손실: 0.3137 | 학습: 99.7% | 검증: 89.7% | lr: 4.40e-06 | 1.5s
  에폭 3370/4000 | 손실: 0.1434 | 검증손실: 0.3182 | 학습: 99.6% | 검증: 89.4% | lr: 4.40e-06 | 1.6s
  에폭 3371/4000 | 손실: 0.1475 | 검증손실: 0.3082 | 학습: 99.7% | 검증: 89.6% | lr: 4.40e-06 | 1.5s
  에폭 3372/4000 | 손실: 0.1322 | 검증손실: 0.3134 | 학습: 99.7% | 검증: 89.7% | lr: 4.40e-06 | 1.5s
  에폭 3373/4000 | 손실: 0.1362 | 검증손실: 0.3077 | 학습: 99.6% | 검증: 89.6% | lr: 4.40e-06 | 1.5s
  에폭 3374/4000 | 손실: 0.1418 | 검증손실: 0.3123 | 학습: 99.7% | 검증: 89.5% | lr: 4.40e-06 | 1.5s
  에폭 3375/4000 | 손실: 0.1377 | 검증손실: 0.3098 | 학습: 99.7% | 검증: 89.4% | lr: 4.40e-06 | 1.6s
  에폭 3376/4000 | 손실: 0.1396 | 검증손실: 0.3120 | 학습: 99.7% | 검증: 89.4% | lr: 4.40e-06 | 1.5s
  에폭 3377/4000 | 손실: 0.1383 | 검증손실: 0.3042 | 학습: 99.4% | 검증: 89.3% | lr: 4.40e-06 | 1.5s
  에폭 3378/4000 | 손실: 0.1452 | 검증손실: 0.3210 | 학습: 99.7% | 검증: 89.5% | lr: 4.40e-06 | 1.5s
  에폭 3379/4000 | 손실: 0.1356 | 검증손실: 0.3171 | 학습: 99.7% | 검증: 89.5% | lr: 4.40e-06 | 1.5s
  에폭 3380/4000 | 손실: 0.1470 | 검증손실: 0.3229 | 학습: 99.6% | 검증: 89.7% | lr: 4.40e-06 | 1.5s
  에폭 3381/4000 | 손실: 0.1424 | 검증손실: 0.3151 | 학습: 99.7% | 검증: 89.3% | lr: 4.40e-06 | 1.5s
  에폭 3382/4000 | 손실: 0.1370 | 검증손실: 0.3067 | 학습: 99.7% | 검증: 89.6% | lr: 4.40e-06 | 1.5s
  에폭 3383/4000 | 손실: 0.1394 | 검증손실: 0.3125 | 학습: 99.7% | 검증: 89.6% | lr: 4.40e-06 | 1.5s
  에폭 3384/4000 | 손실: 0.1403 | 검증손실: 0.3100 | 학습: 99.6% | 검증: 89.5% | lr: 4.40e-06 | 1.5s
  에폭 3385/4000 | 손실: 0.1381 | 검증손실: 0.3123 | 학습: 99.6% | 검증: 89.6% | lr: 4.40e-06 | 1.5s
  에폭 3386/4000 | 손실: 0.1390 | 검증손실: 0.3179 | 학습: 99.7% | 검증: 89.3% | lr: 4.40e-06 | 1.5s
  에폭 3387/4000 | 손실: 0.1429 | 검증손실: 0.3098 | 학습: 99.7% | 검증: 89.7% | lr: 4.40e-06 | 1.5s
  에폭 3388/4000 | 손실: 0.1457 | 검증손실: 0.3187 | 학습: 99.6% | 검증: 89.4% | lr: 4.40e-06 | 1.5s
  에폭 3389/4000 | 손실: 0.1382 | 검증손실: 0.3153 | 학습: 99.7% | 검증: 89.5% | lr: 4.40e-06 | 1.5s
  에폭 3390/4000 | 손실: 0.1457 | 검증손실: 0.3083 | 학습: 99.7% | 검증: 89.5% | lr: 4.40e-06 | 1.5s
  에폭 3391/4000 | 손실: 0.1421 | 검증손실: 0.3164 | 학습: 99.6% | 검증: 89.5% | lr: 4.40e-06 | 1.5s
  에폭 3392/4000 | 손실: 0.1453 | 검증손실: 0.3135 | 학습: 99.6% | 검증: 89.4% | lr: 4.40e-06 | 1.5s
  에폭 3393/4000 | 손실: 0.1447 | 검증손실: 0.3192 | 학습: 99.7% | 검증: 89.4% | lr: 4.40e-06 | 1.6s
  에폭 3394/4000 | 손실: 0.1389 | 검증손실: 0.3095 | 학습: 99.6% | 검증: 89.5% | lr: 4.40e-06 | 1.5s
  에폭 3395/4000 | 손실: 0.1432 | 검증손실: 0.3072 | 학습: 99.7% | 검증: 89.6% | lr: 4.40e-06 | 1.5s
  에폭 3396/4000 | 손실: 0.1330 | 검증손실: 0.3087 | 학습: 99.7% | 검증: 89.5% | lr: 4.40e-06 | 1.6s
  에폭 3397/4000 | 손실: 0.1408 | 검증손실: 0.3086 | 학습: 99.5% | 검증: 89.5% | lr: 4.40e-06 | 1.5s
  에폭 3398/4000 | 손실: 0.1361 | 검증손실: 0.3141 | 학습: 99.7% | 검증: 89.8% | lr: 4.40e-06 | 1.5s
  에폭 3399/4000 | 손실: 0.1385 | 검증손실: 0.3109 | 학습: 99.6% | 검증: 89.7% | lr: 4.40e-06 | 1.5s
  에폭 3400/4000 | 손실: 0.1413 | 검증손실: 0.3126 | 학습: 99.7% | 검증: 89.9% | lr: 4.40e-06 | 1.5s
  에폭 3401/4000 | 손실: 0.1393 | 검증손실: 0.3139 | 학습: 99.6% | 검증: 89.6% | lr: 4.40e-06 | 1.5s
  에폭 3402/4000 | 손실: 0.1351 | 검증손실: 0.3124 | 학습: 99.6% | 검증: 89.4% | lr: 4.40e-06 | 1.5s
  에폭 3403/4000 | 손실: 0.1409 | 검증손실: 0.3152 | 학습: 99.7% | 검증: 89.5% | lr: 4.40e-06 | 1.5s
  에폭 3404/4000 | 손실: 0.1406 | 검증손실: 0.3023 | 학습: 99.4% | 검증: 89.4% | lr: 4.40e-06 | 1.5s
  에폭 3405/4000 | 손실: 0.1414 | 검증손실: 0.3198 | 학습: 99.7% | 검증: 89.4% | lr: 4.40e-06 | 1.5s
  에폭 3406/4000 | 손실: 0.1444 | 검증손실: 0.3133 | 학습: 99.7% | 검증: 89.6% | lr: 4.40e-06 | 1.5s
  에폭 3407/4000 | 손실: 0.1383 | 검증손실: 0.3114 | 학습: 99.7% | 검증: 89.2% | lr: 4.40e-06 | 1.5s
  에폭 3408/4000 | 손실: 0.1416 | 검증손실: 0.3172 | 학습: 99.7% | 검증: 89.5% | lr: 4.40e-06 | 1.5s
  에폭 3409/4000 | 손실: 0.1396 | 검증손실: 0.3107 | 학습: 99.6% | 검증: 89.3% | lr: 4.40e-06 | 1.5s
  에폭 3410/4000 | 손실: 0.1378 | 검증손실: 0.3164 | 학습: 99.7% | 검증: 89.8% | lr: 4.40e-06 | 1.5s
  에폭 3411/4000 | 손실: 0.1444 | 검증손실: 0.3148 | 학습: 98.2% | 검증: 88.0% | lr: 4.40e-06 | 1.5s
  에폭 3412/4000 | 손실: 0.1425 | 검증손실: 0.3116 | 학습: 99.6% | 검증: 89.6% | lr: 4.40e-06 | 1.6s
  에폭 3413/4000 | 손실: 0.1432 | 검증손실: 0.3105 | 학습: 99.7% | 검증: 89.4% | lr: 4.40e-06 | 1.5s
  에폭 3414/4000 | 손실: 0.1418 | 검증손실: 0.3105 | 학습: 99.6% | 검증: 89.4% | lr: 4.40e-06 | 1.6s
  에폭 3415/4000 | 손실: 0.1395 | 검증손실: 0.3143 | 학습: 99.6% | 검증: 89.6% | lr: 4.40e-06 | 1.5s
  에폭 3416/4000 | 손실: 0.1441 | 검증손실: 0.3120 | 학습: 99.7% | 검증: 89.1% | lr: 4.40e-06 | 1.5s
  에폭 3417/4000 | 손실: 0.1450 | 검증손실: 0.3184 | 학습: 99.6% | 검증: 89.6% | lr: 4.40e-06 | 1.5s
  에폭 3418/4000 | 손실: 0.1328 | 검증손실: 0.3096 | 학습: 99.7% | 검증: 89.3% | lr: 4.40e-06 | 1.5s
  에폭 3419/4000 | 손실: 0.1381 | 검증손실: 0.3174 | 학습: 99.5% | 검증: 89.1% | lr: 4.40e-06 | 1.6s
  에폭 3420/4000 | 손실: 0.1375 | 검증손실: 0.3106 | 학습: 99.7% | 검증: 89.7% | lr: 4.40e-06 | 1.5s
  에폭 3421/4000 | 손실: 0.1453 | 검증손실: 0.3152 | 학습: 99.7% | 검증: 89.5% | lr: 4.40e-06 | 1.5s
  에폭 3422/4000 | 손실: 0.1344 | 검증손실: 0.3107 | 학습: 99.6% | 검증: 89.5% | lr: 4.40e-06 | 1.6s
  에폭 3423/4000 | 손실: 0.1449 | 검증손실: 0.3081 | 학습: 99.6% | 검증: 89.6% | lr: 4.40e-06 | 1.5s
  에폭 3424/4000 | 손실: 0.1396 | 검증손실: 0.3083 | 학습: 99.7% | 검증: 89.4% | lr: 4.40e-06 | 1.5s
  에폭 3425/4000 | 손실: 0.1395 | 검증손실: 0.3171 | 학습: 99.6% | 검증: 89.2% | lr: 4.40e-06 | 1.5s
  에폭 3426/4000 | 손실: 0.1387 | 검증손실: 0.3148 | 학습: 99.7% | 검증: 89.5% | lr: 4.40e-06 | 1.5s
  에폭 3427/4000 | 손실: 0.1402 | 검증손실: 0.3166 | 학습: 99.6% | 검증: 89.7% | lr: 4.40e-06 | 1.5s
  에폭 3428/4000 | 손실: 0.1394 | 검증손실: 0.3129 | 학습: 99.7% | 검증: 89.6% | lr: 4.40e-06 | 1.5s
  에폭 3429/4000 | 손실: 0.1409 | 검증손실: 0.3092 | 학습: 99.7% | 검증: 89.9% | lr: 4.40e-06 | 1.5s
  에폭 3430/4000 | 손실: 0.1422 | 검증손실: 0.3087 | 학습: 99.6% | 검증: 89.5% | lr: 4.40e-06 | 1.5s
  에폭 3431/4000 | 손실: 0.1384 | 검증손실: 0.3075 | 학습: 99.6% | 검증: 89.3% | lr: 4.40e-06 | 1.5s
  에폭 3432/4000 | 손실: 0.1432 | 검증손실: 0.3191 | 학습: 99.7% | 검증: 89.7% | lr: 4.40e-06 | 1.5s
  에폭 3433/4000 | 손실: 0.1439 | 검증손실: 0.3148 | 학습: 99.7% | 검증: 89.4% | lr: 4.40e-06 | 1.5s
  에폭 3434/4000 | 손실: 0.1306 | 검증손실: 0.3119 | 학습: 99.7% | 검증: 89.4% | lr: 4.40e-06 | 1.5s
  에폭 3435/4000 | 손실: 0.1343 | 검증손실: 0.3135 | 학습: 99.7% | 검증: 89.8% | lr: 4.40e-06 | 1.5s
  에폭 3436/4000 | 손실: 0.1416 | 검증손실: 0.3112 | 학습: 99.7% | 검증: 89.5% | lr: 4.40e-06 | 1.5s
  에폭 3437/4000 | 손실: 0.1422 | 검증손실: 0.3132 | 학습: 99.7% | 검증: 89.7% | lr: 4.40e-06 | 1.5s
  에폭 3438/4000 | 손실: 0.1385 | 검증손실: 0.3136 | 학습: 99.7% | 검증: 89.5% | lr: 4.40e-06 | 1.5s
  에폭 3439/4000 | 손실: 0.1303 | 검증손실: 0.3154 | 학습: 99.7% | 검증: 89.5% | lr: 4.40e-06 | 1.5s
  에폭 3440/4000 | 손실: 0.1386 | 검증손실: 0.3128 | 학습: 99.7% | 검증: 89.4% | lr: 4.40e-06 | 1.5s
  에폭 3441/4000 | 손실: 0.1427 | 검증손실: 0.3063 | 학습: 99.6% | 검증: 89.7% | lr: 4.40e-06 | 1.5s
  에폭 3442/4000 | 손실: 0.1377 | 검증손실: 0.3167 | 학습: 99.7% | 검증: 89.5% | lr: 4.40e-06 | 1.5s
  에폭 3443/4000 | 손실: 0.1411 | 검증손실: 0.3144 | 학습: 99.7% | 검증: 89.4% | lr: 4.40e-06 | 1.5s
  에폭 3444/4000 | 손실: 0.1415 | 검증손실: 0.3201 | 학습: 99.5% | 검증: 89.1% | lr: 4.40e-06 | 1.5s
  에폭 3445/4000 | 손실: 0.1453 | 검증손실: 0.3151 | 학습: 99.7% | 검증: 89.3% | lr: 4.40e-06 | 1.6s
  에폭 3446/4000 | 손실: 0.1403 | 검증손실: 0.3157 | 학습: 99.6% | 검증: 89.4% | lr: 4.40e-06 | 1.5s
  에폭 3447/4000 | 손실: 0.1418 | 검증손실: 0.3152 | 학습: 99.7% | 검증: 89.6% | lr: 4.40e-06 | 1.5s
  에폭 3448/4000 | 손실: 0.1433 | 검증손실: 0.3136 | 학습: 99.6% | 검증: 89.7% | lr: 4.40e-06 | 1.5s
  에폭 3449/4000 | 손실: 0.1446 | 검증손실: 0.3138 | 학습: 99.7% | 검증: 89.3% | lr: 4.40e-06 | 1.5s
  에폭 3450/4000 | 손실: 0.1407 | 검증손실: 0.3181 | 학습: 99.6% | 검증: 89.7% | lr: 4.40e-06 | 1.5s
  에폭 3451/4000 | 손실: 0.1432 | 검증손실: 0.3132 | 학습: 99.7% | 검증: 89.7% | lr: 4.40e-06 | 1.5s
  에폭 3452/4000 | 손실: 0.1347 | 검증손실: 0.3083 | 학습: 99.7% | 검증: 89.5% | lr: 4.40e-06 | 1.5s
  에폭 3453/4000 | 손실: 0.1372 | 검증손실: 0.3099 | 학습: 99.7% | 검증: 89.5% | lr: 4.40e-06 | 1.5s
  에폭 3454/4000 | 손실: 0.1438 | 검증손실: 0.3112 | 학습: 99.6% | 검증: 89.6% | lr: 4.40e-06 | 1.5s
  에폭 3455/4000 | 손실: 0.1376 | 검증손실: 0.3123 | 학습: 99.7% | 검증: 89.5% | lr: 4.40e-06 | 1.5s
  에폭 3456/4000 | 손실: 0.1322 | 검증손실: 0.3148 | 학습: 99.7% | 검증: 89.6% | lr: 4.40e-06 | 1.5s
  에폭 3457/4000 | 손실: 0.1383 | 검증손실: 0.3148 | 학습: 99.7% | 검증: 89.6% | lr: 4.40e-06 | 1.5s
  에폭 3458/4000 | 손실: 0.1406 | 검증손실: 0.3155 | 학습: 99.6% | 검증: 89.5% | lr: 4.40e-06 | 1.5s
  에폭 3459/4000 | 손실: 0.1355 | 검증손실: 0.3129 | 학습: 99.7% | 검증: 89.5% | lr: 4.40e-06 | 1.5s
  에폭 3460/4000 | 손실: 0.1351 | 검증손실: 0.3116 | 학습: 99.6% | 검증: 89.5% | lr: 4.40e-06 | 1.5s
  에폭 3461/4000 | 손실: 0.1420 | 검증손실: 0.3140 | 학습: 99.5% | 검증: 89.3% | lr: 4.40e-06 | 1.5s
  에폭 3462/4000 | 손실: 0.1451 | 검증손실: 0.3084 | 학습: 99.6% | 검증: 89.8% | lr: 3.52e-06 | 1.5s
  에폭 3463/4000 | 손실: 0.1410 | 검증손실: 0.3126 | 학습: 99.7% | 검증: 89.3% | lr: 3.52e-06 | 1.6s
  에폭 3464/4000 | 손실: 0.1376 | 검증손실: 0.3171 | 학습: 99.6% | 검증: 89.5% | lr: 3.52e-06 | 1.5s
  에폭 3465/4000 | 손실: 0.1391 | 검증손실: 0.3183 | 학습: 99.6% | 검증: 89.6% | lr: 3.52e-06 | 1.5s
  에폭 3466/4000 | 손실: 0.1373 | 검증손실: 0.3176 | 학습: 99.6% | 검증: 89.3% | lr: 3.52e-06 | 1.5s
  에폭 3467/4000 | 손실: 0.1347 | 검증손실: 0.3130 | 학습: 99.6% | 검증: 89.5% | lr: 3.52e-06 | 1.5s
  에폭 3468/4000 | 손실: 0.1394 | 검증손실: 0.3178 | 학습: 99.6% | 검증: 89.4% | lr: 3.52e-06 | 1.5s
  에폭 3469/4000 | 손실: 0.1412 | 검증손실: 0.3133 | 학습: 99.7% | 검증: 89.6% | lr: 3.52e-06 | 1.5s
  에폭 3470/4000 | 손실: 0.1447 | 검증손실: 0.3090 | 학습: 99.7% | 검증: 89.6% | lr: 3.52e-06 | 1.5s
  에폭 3471/4000 | 손실: 0.1482 | 검증손실: 0.3135 | 학습: 99.7% | 검증: 89.4% | lr: 3.52e-06 | 1.5s
  에폭 3472/4000 | 손실: 0.1429 | 검증손실: 0.3171 | 학습: 99.6% | 검증: 89.9% | lr: 3.52e-06 | 1.5s
  에폭 3473/4000 | 손실: 0.1406 | 검증손실: 0.3091 | 학습: 99.7% | 검증: 89.7% | lr: 3.52e-06 | 1.5s
  에폭 3474/4000 | 손실: 0.1407 | 검증손실: 0.3100 | 학습: 99.7% | 검증: 89.6% | lr: 3.52e-06 | 1.5s
  에폭 3475/4000 | 손실: 0.1424 | 검증손실: 0.3155 | 학습: 99.6% | 검증: 89.3% | lr: 3.52e-06 | 1.5s
  에폭 3476/4000 | 손실: 0.1446 | 검증손실: 0.3127 | 학습: 99.6% | 검증: 89.6% | lr: 3.52e-06 | 1.5s
  에폭 3477/4000 | 손실: 0.1311 | 검증손실: 0.3145 | 학습: 99.7% | 검증: 89.5% | lr: 3.52e-06 | 1.5s
  에폭 3478/4000 | 손실: 0.1401 | 검증손실: 0.3174 | 학습: 99.7% | 검증: 89.3% | lr: 3.52e-06 | 1.5s
  에폭 3479/4000 | 손실: 0.1435 | 검증손실: 0.3090 | 학습: 99.6% | 검증: 89.7% | lr: 3.52e-06 | 1.5s
  에폭 3480/4000 | 손실: 0.1404 | 검증손실: 0.3109 | 학습: 99.7% | 검증: 89.8% | lr: 3.52e-06 | 1.5s
  에폭 3481/4000 | 손실: 0.1444 | 검증손실: 0.3129 | 학습: 99.6% | 검증: 89.3% | lr: 3.52e-06 | 1.6s
  에폭 3482/4000 | 손실: 0.1424 | 검증손실: 0.3106 | 학습: 99.6% | 검증: 89.5% | lr: 3.52e-06 | 1.5s
  에폭 3483/4000 | 손실: 0.1385 | 검증손실: 0.3103 | 학습: 99.7% | 검증: 89.6% | lr: 3.52e-06 | 1.5s
  에폭 3484/4000 | 손실: 0.1367 | 검증손실: 0.3132 | 학습: 99.7% | 검증: 89.7% | lr: 3.52e-06 | 1.5s
  에폭 3485/4000 | 손실: 0.1375 | 검증손실: 0.3112 | 학습: 99.7% | 검증: 89.5% | lr: 3.52e-06 | 1.5s
  에폭 3486/4000 | 손실: 0.1345 | 검증손실: 0.3109 | 학습: 99.6% | 검증: 89.5% | lr: 3.52e-06 | 1.5s
  에폭 3487/4000 | 손실: 0.1414 | 검증손실: 0.3164 | 학습: 99.6% | 검증: 89.5% | lr: 3.52e-06 | 1.5s
  에폭 3488/4000 | 손실: 0.1374 | 검증손실: 0.3135 | 학습: 99.7% | 검증: 89.4% | lr: 3.52e-06 | 1.5s
  에폭 3489/4000 | 손실: 0.1511 | 검증손실: 0.3212 | 학습: 99.7% | 검증: 89.1% | lr: 3.52e-06 | 1.5s
  에폭 3490/4000 | 손실: 0.1408 | 검증손실: 0.3163 | 학습: 99.7% | 검증: 89.6% | lr: 3.52e-06 | 1.5s
  에폭 3491/4000 | 손실: 0.1404 | 검증손실: 0.3197 | 학습: 99.7% | 검증: 90.0% | lr: 3.52e-06 | 1.5s ★
  에폭 3492/4000 | 손실: 0.1375 | 검증손실: 0.3129 | 학습: 99.6% | 검증: 89.4% | lr: 3.52e-06 | 1.5s
  에폭 3493/4000 | 손실: 0.1420 | 검증손실: 0.3181 | 학습: 99.7% | 검증: 89.5% | lr: 3.52e-06 | 1.6s
  에폭 3494/4000 | 손실: 0.1465 | 검증손실: 0.3179 | 학습: 99.6% | 검증: 89.4% | lr: 3.52e-06 | 1.6s
  에폭 3495/4000 | 손실: 0.1449 | 검증손실: 0.3109 | 학습: 99.6% | 검증: 89.5% | lr: 3.52e-06 | 1.6s
  에폭 3496/4000 | 손실: 0.1349 | 검증손실: 0.3161 | 학습: 99.7% | 검증: 89.3% | lr: 3.52e-06 | 1.7s
  에폭 3497/4000 | 손실: 0.1413 | 검증손실: 0.3147 | 학습: 99.6% | 검증: 89.4% | lr: 3.52e-06 | 1.6s
  에폭 3498/4000 | 손실: 0.1437 | 검증손실: 0.3135 | 학습: 99.7% | 검증: 89.5% | lr: 3.52e-06 | 1.6s
  에폭 3499/4000 | 손실: 0.1398 | 검증손실: 0.3082 | 학습: 99.6% | 검증: 89.6% | lr: 3.52e-06 | 1.6s
  에폭 3500/4000 | 손실: 0.1440 | 검증손실: 0.3146 | 학습: 99.7% | 검증: 89.5% | lr: 3.52e-06 | 1.6s
  에폭 3501/4000 | 손실: 0.1420 | 검증손실: 0.3147 | 학습: 99.6% | 검증: 89.5% | lr: 3.52e-06 | 1.6s
  에폭 3502/4000 | 손실: 0.1422 | 검증손실: 0.3111 | 학습: 99.6% | 검증: 89.3% | lr: 3.52e-06 | 1.6s
  에폭 3503/4000 | 손실: 0.1367 | 검증손실: 0.3173 | 학습: 99.7% | 검증: 89.5% | lr: 3.52e-06 | 1.6s
  에폭 3504/4000 | 손실: 0.1381 | 검증손실: 0.3168 | 학습: 99.7% | 검증: 89.3% | lr: 3.52e-06 | 1.6s
  에폭 3505/4000 | 손실: 0.1379 | 검증손실: 0.3112 | 학습: 99.7% | 검증: 89.7% | lr: 3.52e-06 | 1.5s
  에폭 3506/4000 | 손실: 0.1471 | 검증손실: 0.3197 | 학습: 99.6% | 검증: 89.1% | lr: 3.52e-06 | 1.5s
  에폭 3507/4000 | 손실: 0.1359 | 검증손실: 0.3212 | 학습: 99.6% | 검증: 89.6% | lr: 3.52e-06 | 1.5s
  에폭 3508/4000 | 손실: 0.1380 | 검증손실: 0.3138 | 학습: 99.7% | 검증: 89.5% | lr: 3.52e-06 | 1.6s
  에폭 3509/4000 | 손실: 0.1422 | 검증손실: 0.3184 | 학습: 99.6% | 검증: 89.6% | lr: 3.52e-06 | 1.5s
  에폭 3510/4000 | 손실: 0.1320 | 검증손실: 0.3154 | 학습: 99.7% | 검증: 89.6% | lr: 3.52e-06 | 1.5s
  에폭 3511/4000 | 손실: 0.1375 | 검증손실: 0.3152 | 학습: 99.7% | 검증: 89.8% | lr: 3.52e-06 | 1.5s
  에폭 3512/4000 | 손실: 0.1400 | 검증손실: 0.3119 | 학습: 99.7% | 검증: 89.7% | lr: 3.52e-06 | 1.6s
  에폭 3513/4000 | 손실: 0.1383 | 검증손실: 0.3094 | 학습: 99.6% | 검증: 89.5% | lr: 3.52e-06 | 1.5s
  에폭 3514/4000 | 손실: 0.1444 | 검증손실: 0.3133 | 학습: 99.6% | 검증: 89.4% | lr: 3.52e-06 | 1.5s
  에폭 3515/4000 | 손실: 0.1366 | 검증손실: 0.3102 | 학습: 99.6% | 검증: 89.3% | lr: 3.52e-06 | 1.5s
  에폭 3516/4000 | 손실: 0.1372 | 검증손실: 0.3072 | 학습: 99.6% | 검증: 89.6% | lr: 3.52e-06 | 1.5s
  에폭 3517/4000 | 손실: 0.1383 | 검증손실: 0.3173 | 학습: 99.6% | 검증: 89.7% | lr: 3.52e-06 | 1.5s
  에폭 3518/4000 | 손실: 0.1434 | 검증손실: 0.3150 | 학습: 99.7% | 검증: 89.7% | lr: 3.52e-06 | 1.5s
  에폭 3519/4000 | 손실: 0.1406 | 검증손실: 0.3176 | 학습: 99.6% | 검증: 89.1% | lr: 3.52e-06 | 1.5s
  에폭 3520/4000 | 손실: 0.1425 | 검증손실: 0.3137 | 학습: 99.6% | 검증: 89.3% | lr: 3.52e-06 | 1.5s
  에폭 3521/4000 | 손실: 0.1388 | 검증손실: 0.3116 | 학습: 99.6% | 검증: 89.5% | lr: 3.52e-06 | 1.5s
  에폭 3522/4000 | 손실: 0.1377 | 검증손실: 0.3163 | 학습: 99.7% | 검증: 89.5% | lr: 3.52e-06 | 1.5s
  에폭 3523/4000 | 손실: 0.1378 | 검증손실: 0.3145 | 학습: 99.6% | 검증: 89.4% | lr: 3.52e-06 | 1.5s
  에폭 3524/4000 | 손실: 0.1439 | 검증손실: 0.3156 | 학습: 99.6% | 검증: 89.5% | lr: 3.52e-06 | 1.6s
  에폭 3525/4000 | 손실: 0.1361 | 검증손실: 0.3024 | 학습: 99.6% | 검증: 89.6% | lr: 3.52e-06 | 1.5s
  에폭 3526/4000 | 손실: 0.1352 | 검증손실: 0.3127 | 학습: 99.7% | 검증: 89.7% | lr: 3.52e-06 | 1.6s
  에폭 3527/4000 | 손실: 0.1421 | 검증손실: 0.3135 | 학습: 99.7% | 검증: 89.3% | lr: 3.52e-06 | 1.5s
  에폭 3528/4000 | 손실: 0.1372 | 검증손실: 0.3142 | 학습: 99.7% | 검증: 89.5% | lr: 3.52e-06 | 1.5s
  에폭 3529/4000 | 손실: 0.1385 | 검증손실: 0.3154 | 학습: 99.7% | 검증: 89.4% | lr: 3.52e-06 | 1.5s
  에폭 3530/4000 | 손실: 0.1399 | 검증손실: 0.3145 | 학습: 99.5% | 검증: 89.4% | lr: 3.52e-06 | 1.5s
  에폭 3531/4000 | 손실: 0.1362 | 검증손실: 0.3164 | 학습: 99.6% | 검증: 89.4% | lr: 3.52e-06 | 1.5s
  에폭 3532/4000 | 손실: 0.1427 | 검증손실: 0.3162 | 학습: 99.7% | 검증: 89.3% | lr: 3.52e-06 | 1.5s
  에폭 3533/4000 | 손실: 0.1431 | 검증손실: 0.3186 | 학습: 99.7% | 검증: 89.4% | lr: 3.52e-06 | 1.5s
  에폭 3534/4000 | 손실: 0.1369 | 검증손실: 0.3152 | 학습: 99.6% | 검증: 89.5% | lr: 3.52e-06 | 1.5s
  에폭 3535/4000 | 손실: 0.1375 | 검증손실: 0.3186 | 학습: 99.7% | 검증: 89.7% | lr: 3.52e-06 | 1.5s
  에폭 3536/4000 | 손실: 0.1433 | 검증손실: 0.3197 | 학습: 99.7% | 검증: 89.4% | lr: 3.52e-06 | 1.5s
  에폭 3537/4000 | 손실: 0.1395 | 검증손실: 0.3162 | 학습: 99.7% | 검증: 89.6% | lr: 3.52e-06 | 1.5s
  에폭 3538/4000 | 손실: 0.1348 | 검증손실: 0.3296 | 학습: 99.6% | 검증: 89.1% | lr: 3.52e-06 | 1.5s
  에폭 3539/4000 | 손실: 0.1380 | 검증손실: 0.3151 | 학습: 99.7% | 검증: 89.6% | lr: 3.52e-06 | 1.6s
  에폭 3540/4000 | 손실: 0.1366 | 검증손실: 0.3096 | 학습: 99.7% | 검증: 89.7% | lr: 3.52e-06 | 1.5s
  에폭 3541/4000 | 손실: 0.1373 | 검증손실: 0.3151 | 학습: 99.5% | 검증: 89.2% | lr: 3.52e-06 | 1.5s
  에폭 3542/4000 | 손실: 0.1384 | 검증손실: 0.3169 | 학습: 99.6% | 검증: 89.2% | lr: 3.52e-06 | 1.5s
  에폭 3543/4000 | 손실: 0.1340 | 검증손실: 0.3122 | 학습: 99.6% | 검증: 89.2% | lr: 3.52e-06 | 1.5s
  에폭 3544/4000 | 손실: 0.1399 | 검증손실: 0.3113 | 학습: 99.7% | 검증: 89.7% | lr: 3.52e-06 | 1.5s
  에폭 3545/4000 | 손실: 0.1370 | 검증손실: 0.3118 | 학습: 99.7% | 검증: 89.5% | lr: 3.52e-06 | 1.5s
  에폭 3546/4000 | 손실: 0.1417 | 검증손실: 0.3143 | 학습: 99.7% | 검증: 89.3% | lr: 3.52e-06 | 1.5s
  에폭 3547/4000 | 손실: 0.1399 | 검증손실: 0.3224 | 학습: 99.7% | 검증: 89.4% | lr: 3.52e-06 | 1.5s
  에폭 3548/4000 | 손실: 0.1383 | 검증손실: 0.3191 | 학습: 99.6% | 검증: 89.2% | lr: 3.52e-06 | 1.5s
  에폭 3549/4000 | 손실: 0.1382 | 검증손실: 0.3126 | 학습: 99.7% | 검증: 89.6% | lr: 3.52e-06 | 1.5s
  에폭 3550/4000 | 손실: 0.1389 | 검증손실: 0.3142 | 학습: 99.7% | 검증: 89.6% | lr: 3.52e-06 | 1.5s
  에폭 3551/4000 | 손실: 0.1372 | 검증손실: 0.3119 | 학습: 99.6% | 검증: 89.8% | lr: 3.52e-06 | 1.5s
  에폭 3552/4000 | 손실: 0.1424 | 검증손실: 0.3116 | 학습: 99.6% | 검증: 89.5% | lr: 3.52e-06 | 1.5s
  에폭 3553/4000 | 손실: 0.1463 | 검증손실: 0.3168 | 학습: 99.7% | 검증: 89.5% | lr: 3.52e-06 | 1.5s
  에폭 3554/4000 | 손실: 0.1382 | 검증손실: 0.3178 | 학습: 99.7% | 검증: 89.5% | lr: 3.52e-06 | 1.5s
  에폭 3555/4000 | 손실: 0.1381 | 검증손실: 0.3079 | 학습: 99.6% | 검증: 89.5% | lr: 3.52e-06 | 1.5s
  에폭 3556/4000 | 손실: 0.1356 | 검증손실: 0.3156 | 학습: 99.6% | 검증: 89.7% | lr: 3.52e-06 | 1.5s
  에폭 3557/4000 | 손실: 0.1391 | 검증손실: 0.3132 | 학습: 99.7% | 검증: 89.5% | lr: 3.52e-06 | 1.5s
  에폭 3558/4000 | 손실: 0.1393 | 검증손실: 0.3199 | 학습: 99.6% | 검증: 89.2% | lr: 3.52e-06 | 1.5s
  에폭 3559/4000 | 손실: 0.1370 | 검증손실: 0.3138 | 학습: 99.7% | 검증: 89.6% | lr: 3.52e-06 | 1.5s
  에폭 3560/4000 | 손실: 0.1364 | 검증손실: 0.3183 | 학습: 99.7% | 검증: 89.5% | lr: 3.52e-06 | 1.5s
  에폭 3561/4000 | 손실: 0.1397 | 검증손실: 0.3122 | 학습: 99.6% | 검증: 89.5% | lr: 3.52e-06 | 1.5s
  에폭 3562/4000 | 손실: 0.1365 | 검증손실: 0.3160 | 학습: 99.7% | 검증: 89.7% | lr: 3.52e-06 | 1.5s
  에폭 3563/4000 | 손실: 0.1397 | 검증손실: 0.3128 | 학습: 99.7% | 검증: 89.7% | lr: 3.52e-06 | 1.5s
  에폭 3564/4000 | 손실: 0.1389 | 검증손실: 0.3111 | 학습: 99.6% | 검증: 89.5% | lr: 3.52e-06 | 1.5s
  에폭 3565/4000 | 손실: 0.1384 | 검증손실: 0.3175 | 학습: 99.7% | 검증: 89.4% | lr: 3.52e-06 | 1.5s
  에폭 3566/4000 | 손실: 0.1334 | 검증손실: 0.3112 | 학습: 99.6% | 검증: 89.5% | lr: 3.52e-06 | 1.5s
  에폭 3567/4000 | 손실: 0.1377 | 검증손실: 0.3126 | 학습: 99.5% | 검증: 89.0% | lr: 3.52e-06 | 1.5s
  에폭 3568/4000 | 손실: 0.1425 | 검증손실: 0.3150 | 학습: 99.7% | 검증: 89.7% | lr: 3.52e-06 | 1.5s
  에폭 3569/4000 | 손실: 0.1369 | 검증손실: 0.3086 | 학습: 99.7% | 검증: 89.5% | lr: 3.52e-06 | 1.5s
  에폭 3570/4000 | 손실: 0.1368 | 검증손실: 0.3141 | 학습: 99.7% | 검증: 89.7% | lr: 3.52e-06 | 1.5s
  에폭 3571/4000 | 손실: 0.1388 | 검증손실: 0.3095 | 학습: 99.7% | 검증: 89.3% | lr: 3.52e-06 | 1.5s
  에폭 3572/4000 | 손실: 0.1356 | 검증손실: 0.3104 | 학습: 99.6% | 검증: 89.2% | lr: 3.52e-06 | 1.5s
  에폭 3573/4000 | 손실: 0.1387 | 검증손실: 0.3163 | 학습: 99.5% | 검증: 89.6% | lr: 3.52e-06 | 1.5s
  에폭 3574/4000 | 손실: 0.1372 | 검증손실: 0.3142 | 학습: 99.6% | 검증: 89.6% | lr: 3.52e-06 | 1.5s
  에폭 3575/4000 | 손실: 0.1402 | 검증손실: 0.3170 | 학습: 99.7% | 검증: 89.2% | lr: 3.52e-06 | 1.5s
  에폭 3576/4000 | 손실: 0.1398 | 검증손실: 0.3100 | 학습: 99.5% | 검증: 89.5% | lr: 3.52e-06 | 1.5s
  에폭 3577/4000 | 손실: 0.1383 | 검증손실: 0.3112 | 학습: 99.7% | 검증: 89.9% | lr: 3.52e-06 | 1.5s
  에폭 3578/4000 | 손실: 0.1351 | 검증손실: 0.3145 | 학습: 99.7% | 검증: 89.5% | lr: 3.52e-06 | 1.5s
  에폭 3579/4000 | 손실: 0.1474 | 검증손실: 0.3184 | 학습: 99.6% | 검증: 89.3% | lr: 3.52e-06 | 1.5s
  에폭 3580/4000 | 손실: 0.1374 | 검증손실: 0.3172 | 학습: 99.6% | 검증: 89.4% | lr: 3.52e-06 | 1.5s
  에폭 3581/4000 | 손실: 0.1418 | 검증손실: 0.3191 | 학습: 99.6% | 검증: 89.5% | lr: 3.52e-06 | 1.5s
  에폭 3582/4000 | 손실: 0.1395 | 검증손실: 0.3127 | 학습: 99.7% | 검증: 89.8% | lr: 3.52e-06 | 1.5s
  에폭 3583/4000 | 손실: 0.1383 | 검증손실: 0.3129 | 학습: 99.7% | 검증: 89.6% | lr: 3.52e-06 | 1.5s
  에폭 3584/4000 | 손실: 0.1385 | 검증손실: 0.3136 | 학습: 99.7% | 검증: 89.5% | lr: 3.52e-06 | 1.5s
  에폭 3585/4000 | 손실: 0.1357 | 검증손실: 0.3093 | 학습: 99.7% | 검증: 89.4% | lr: 3.52e-06 | 1.5s
  에폭 3586/4000 | 손실: 0.1387 | 검증손실: 0.3141 | 학습: 99.6% | 검증: 89.3% | lr: 3.52e-06 | 1.5s
  에폭 3587/4000 | 손실: 0.1375 | 검증손실: 0.3196 | 학습: 99.7% | 검증: 89.5% | lr: 3.52e-06 | 1.5s
  에폭 3588/4000 | 손실: 0.1381 | 검증손실: 0.3207 | 학습: 99.7% | 검증: 89.5% | lr: 3.52e-06 | 1.5s
  에폭 3589/4000 | 손실: 0.1401 | 검증손실: 0.3162 | 학습: 99.6% | 검증: 89.6% | lr: 3.52e-06 | 1.5s
  에폭 3590/4000 | 손실: 0.1423 | 검증손실: 0.3075 | 학습: 99.6% | 검증: 89.5% | lr: 3.52e-06 | 1.5s
  에폭 3591/4000 | 손실: 0.1413 | 검증손실: 0.3041 | 학습: 99.6% | 검증: 89.3% | lr: 3.52e-06 | 1.5s
  에폭 3592/4000 | 손실: 0.1425 | 검증손실: 0.3130 | 학습: 99.7% | 검증: 89.5% | lr: 3.52e-06 | 1.5s
  에폭 3593/4000 | 손실: 0.1424 | 검증손실: 0.3161 | 학습: 99.7% | 검증: 89.3% | lr: 3.52e-06 | 1.5s
  에폭 3594/4000 | 손실: 0.1387 | 검증손실: 0.3111 | 학습: 99.7% | 검증: 89.2% | lr: 3.52e-06 | 1.5s
  에폭 3595/4000 | 손실: 0.1440 | 검증손실: 0.3196 | 학습: 99.7% | 검증: 89.6% | lr: 3.52e-06 | 1.5s
  에폭 3596/4000 | 손실: 0.1445 | 검증손실: 0.3151 | 학습: 99.7% | 검증: 89.7% | lr: 3.52e-06 | 1.5s
  에폭 3597/4000 | 손실: 0.1395 | 검증손실: 0.3115 | 학습: 99.7% | 검증: 89.7% | lr: 3.52e-06 | 1.5s
  에폭 3598/4000 | 손실: 0.1336 | 검증손실: 0.3202 | 학습: 99.7% | 검증: 89.7% | lr: 3.52e-06 | 1.5s
  에폭 3599/4000 | 손실: 0.1422 | 검증손실: 0.3101 | 학습: 99.7% | 검증: 89.4% | lr: 3.52e-06 | 1.5s
  에폭 3600/4000 | 손실: 0.1397 | 검증손실: 0.3117 | 학습: 99.7% | 검증: 89.7% | lr: 3.52e-06 | 1.5s
  에폭 3601/4000 | 손실: 0.1428 | 검증손실: 0.3105 | 학습: 99.7% | 검증: 89.7% | lr: 3.52e-06 | 1.5s
  에폭 3602/4000 | 손실: 0.1343 | 검증손실: 0.3167 | 학습: 99.7% | 검증: 89.5% | lr: 3.52e-06 | 1.5s
  에폭 3603/4000 | 손실: 0.1410 | 검증손실: 0.3111 | 학습: 99.6% | 검증: 89.5% | lr: 3.52e-06 | 1.5s
  에폭 3604/4000 | 손실: 0.1408 | 검증손실: 0.3143 | 학습: 99.6% | 검증: 89.7% | lr: 3.52e-06 | 1.5s
  에폭 3605/4000 | 손실: 0.1394 | 검증손실: 0.3119 | 학습: 99.7% | 검증: 89.5% | lr: 3.52e-06 | 1.5s
  에폭 3606/4000 | 손실: 0.1404 | 검증손실: 0.3180 | 학습: 99.7% | 검증: 89.5% | lr: 3.52e-06 | 1.5s
  에폭 3607/4000 | 손실: 0.1408 | 검증손실: 0.3127 | 학습: 99.7% | 검증: 89.5% | lr: 3.52e-06 | 1.5s
  에폭 3608/4000 | 손실: 0.1369 | 검증손실: 0.3137 | 학습: 99.6% | 검증: 89.6% | lr: 3.52e-06 | 1.5s
  에폭 3609/4000 | 손실: 0.1458 | 검증손실: 0.3177 | 학습: 99.7% | 검증: 89.4% | lr: 3.52e-06 | 1.5s
  에폭 3610/4000 | 손실: 0.1447 | 검증손실: 0.3162 | 학습: 99.6% | 검증: 89.3% | lr: 3.52e-06 | 1.5s
  에폭 3611/4000 | 손실: 0.1392 | 검증손실: 0.3183 | 학습: 99.7% | 검증: 89.4% | lr: 3.52e-06 | 1.5s
  에폭 3612/4000 | 손실: 0.1401 | 검증손실: 0.3064 | 학습: 99.6% | 검증: 89.4% | lr: 3.52e-06 | 1.6s
  에폭 3613/4000 | 손실: 0.1418 | 검증손실: 0.3170 | 학습: 99.6% | 검증: 89.3% | lr: 2.81e-06 | 1.5s
  에폭 3614/4000 | 손실: 0.1338 | 검증손실: 0.3101 | 학습: 99.6% | 검증: 89.5% | lr: 2.81e-06 | 1.5s
  에폭 3615/4000 | 손실: 0.1396 | 검증손실: 0.3148 | 학습: 99.6% | 검증: 89.2% | lr: 2.81e-06 | 1.5s
  에폭 3616/4000 | 손실: 0.1381 | 검증손실: 0.3158 | 학습: 99.6% | 검증: 89.8% | lr: 2.81e-06 | 1.5s
  에폭 3617/4000 | 손실: 0.1406 | 검증손실: 0.3153 | 학습: 99.7% | 검증: 89.2% | lr: 2.81e-06 | 1.5s
  에폭 3618/4000 | 손실: 0.1454 | 검증손실: 0.3125 | 학습: 99.7% | 검증: 89.6% | lr: 2.81e-06 | 1.5s
  에폭 3619/4000 | 손실: 0.1359 | 검증손실: 0.3107 | 학습: 99.7% | 검증: 89.7% | lr: 2.81e-06 | 1.5s
  에폭 3620/4000 | 손실: 0.1355 | 검증손실: 0.3132 | 학습: 99.7% | 검증: 89.4% | lr: 2.81e-06 | 1.5s
  에폭 3621/4000 | 손실: 0.1394 | 검증손실: 0.3168 | 학습: 99.7% | 검증: 89.4% | lr: 2.81e-06 | 1.5s
  에폭 3622/4000 | 손실: 0.1393 | 검증손실: 0.3124 | 학습: 99.7% | 검증: 89.2% | lr: 2.81e-06 | 1.5s
  에폭 3623/4000 | 손실: 0.1398 | 검증손실: 0.3135 | 학습: 99.6% | 검증: 89.6% | lr: 2.81e-06 | 1.5s
  에폭 3624/4000 | 손실: 0.1389 | 검증손실: 0.3130 | 학습: 99.7% | 검증: 89.4% | lr: 2.81e-06 | 1.5s
  에폭 3625/4000 | 손실: 0.1363 | 검증손실: 0.3130 | 학습: 99.6% | 검증: 89.4% | lr: 2.81e-06 | 1.5s
  에폭 3626/4000 | 손실: 0.1410 | 검증손실: 0.3114 | 학습: 99.7% | 검증: 89.7% | lr: 2.81e-06 | 1.5s
  에폭 3627/4000 | 손실: 0.1393 | 검증손실: 0.3164 | 학습: 99.7% | 검증: 89.4% | lr: 2.81e-06 | 1.5s
  에폭 3628/4000 | 손실: 0.1429 | 검증손실: 0.3175 | 학습: 99.6% | 검증: 89.2% | lr: 2.81e-06 | 1.5s
  에폭 3629/4000 | 손실: 0.1463 | 검증손실: 0.3075 | 학습: 99.6% | 검증: 89.6% | lr: 2.81e-06 | 1.5s
  에폭 3630/4000 | 손실: 0.1425 | 검증손실: 0.3159 | 학습: 99.6% | 검증: 89.2% | lr: 2.81e-06 | 1.5s
  에폭 3631/4000 | 손실: 0.1332 | 검증손실: 0.3135 | 학습: 99.7% | 검증: 89.7% | lr: 2.81e-06 | 1.5s
  에폭 3632/4000 | 손실: 0.1400 | 검증손실: 0.3094 | 학습: 99.7% | 검증: 89.4% | lr: 2.81e-06 | 1.5s
  에폭 3633/4000 | 손실: 0.1410 | 검증손실: 0.3100 | 학습: 99.6% | 검증: 89.5% | lr: 2.81e-06 | 1.5s
  에폭 3634/4000 | 손실: 0.1406 | 검증손실: 0.3083 | 학습: 99.6% | 검증: 89.5% | lr: 2.81e-06 | 1.5s
  에폭 3635/4000 | 손실: 0.1403 | 검증손실: 0.3196 | 학습: 99.7% | 검증: 89.3% | lr: 2.81e-06 | 1.5s
  에폭 3636/4000 | 손실: 0.1372 | 검증손실: 0.3175 | 학습: 99.7% | 검증: 89.7% | lr: 2.81e-06 | 1.5s
  에폭 3637/4000 | 손실: 0.1341 | 검증손실: 0.3148 | 학습: 99.6% | 검증: 89.6% | lr: 2.81e-06 | 1.5s
  에폭 3638/4000 | 손실: 0.1370 | 검증손실: 0.3161 | 학습: 99.7% | 검증: 89.2% | lr: 2.81e-06 | 1.5s
  에폭 3639/4000 | 손실: 0.1436 | 검증손실: 0.3144 | 학습: 99.7% | 검증: 89.4% | lr: 2.81e-06 | 1.6s
  에폭 3640/4000 | 손실: 0.1377 | 검증손실: 0.3114 | 학습: 99.7% | 검증: 89.4% | lr: 2.81e-06 | 1.5s
  에폭 3641/4000 | 손실: 0.1339 | 검증손실: 0.3162 | 학습: 99.7% | 검증: 89.4% | lr: 2.81e-06 | 1.5s
  에폭 3642/4000 | 손실: 0.1372 | 검증손실: 0.3123 | 학습: 99.7% | 검증: 89.6% | lr: 2.81e-06 | 1.5s
  에폭 3643/4000 | 손실: 0.1414 | 검증손실: 0.3163 | 학습: 99.7% | 검증: 89.7% | lr: 2.81e-06 | 1.5s
  에폭 3644/4000 | 손실: 0.1365 | 검증손실: 0.3053 | 학습: 99.7% | 검증: 89.5% | lr: 2.81e-06 | 1.5s
  에폭 3645/4000 | 손실: 0.1411 | 검증손실: 0.3154 | 학습: 99.7% | 검증: 89.8% | lr: 2.81e-06 | 1.5s
  에폭 3646/4000 | 손실: 0.1398 | 검증손실: 0.3196 | 학습: 99.6% | 검증: 89.4% | lr: 2.81e-06 | 1.5s
  에폭 3647/4000 | 손실: 0.1399 | 검증손실: 0.3134 | 학습: 99.7% | 검증: 89.4% | lr: 2.81e-06 | 1.5s
  에폭 3648/4000 | 손실: 0.1412 | 검증손실: 0.3200 | 학습: 99.7% | 검증: 89.6% | lr: 2.81e-06 | 1.5s
  에폭 3649/4000 | 손실: 0.1384 | 검증손실: 0.3097 | 학습: 99.7% | 검증: 89.4% | lr: 2.81e-06 | 1.5s
  에폭 3650/4000 | 손실: 0.1349 | 검증손실: 0.3170 | 학습: 99.7% | 검증: 89.6% | lr: 2.81e-06 | 1.5s
  에폭 3651/4000 | 손실: 0.1394 | 검증손실: 0.3232 | 학습: 99.7% | 검증: 89.4% | lr: 2.81e-06 | 1.5s
  에폭 3652/4000 | 손실: 0.1441 | 검증손실: 0.3139 | 학습: 99.7% | 검증: 89.5% | lr: 2.81e-06 | 1.5s
  에폭 3653/4000 | 손실: 0.1375 | 검증손실: 0.3193 | 학습: 99.7% | 검증: 89.2% | lr: 2.81e-06 | 1.5s
  에폭 3654/4000 | 손실: 0.1409 | 검증손실: 0.3193 | 학습: 99.7% | 검증: 89.3% | lr: 2.81e-06 | 1.5s
  에폭 3655/4000 | 손실: 0.1405 | 검증손실: 0.3115 | 학습: 99.7% | 검증: 89.6% | lr: 2.81e-06 | 1.5s
  에폭 3656/4000 | 손실: 0.1404 | 검증손실: 0.3204 | 학습: 99.7% | 검증: 89.0% | lr: 2.81e-06 | 1.5s
  에폭 3657/4000 | 손실: 0.1344 | 검증손실: 0.3124 | 학습: 99.6% | 검증: 89.0% | lr: 2.81e-06 | 1.5s
  에폭 3658/4000 | 손실: 0.1380 | 검증손실: 0.3214 | 학습: 99.6% | 검증: 89.3% | lr: 2.81e-06 | 1.5s
  에폭 3659/4000 | 손실: 0.1347 | 검증손실: 0.3112 | 학습: 99.7% | 검증: 89.0% | lr: 2.81e-06 | 1.5s
  에폭 3660/4000 | 손실: 0.1325 | 검증손실: 0.3169 | 학습: 99.6% | 검증: 89.4% | lr: 2.81e-06 | 1.5s
  에폭 3661/4000 | 손실: 0.1401 | 검증손실: 0.3173 | 학습: 99.7% | 검증: 89.4% | lr: 2.81e-06 | 1.5s
  에폭 3662/4000 | 손실: 0.1389 | 검증손실: 0.3124 | 학습: 99.6% | 검증: 88.9% | lr: 2.81e-06 | 1.5s
  에폭 3663/4000 | 손실: 0.1395 | 검증손실: 0.3131 | 학습: 99.5% | 검증: 89.2% | lr: 2.81e-06 | 1.5s
  에폭 3664/4000 | 손실: 0.1394 | 검증손실: 0.3186 | 학습: 99.7% | 검증: 89.2% | lr: 2.81e-06 | 1.5s
  에폭 3665/4000 | 손실: 0.1359 | 검증손실: 0.3106 | 학습: 99.6% | 검증: 89.3% | lr: 2.81e-06 | 1.5s
  에폭 3666/4000 | 손실: 0.1330 | 검증손실: 0.3161 | 학습: 99.7% | 검증: 89.7% | lr: 2.81e-06 | 1.5s
  에폭 3667/4000 | 손실: 0.1369 | 검증손실: 0.3184 | 학습: 99.7% | 검증: 89.5% | lr: 2.81e-06 | 1.6s
  에폭 3668/4000 | 손실: 0.1398 | 검증손실: 0.3205 | 학습: 99.5% | 검증: 89.0% | lr: 2.81e-06 | 1.5s
  에폭 3669/4000 | 손실: 0.1372 | 검증손실: 0.3190 | 학습: 99.7% | 검증: 89.3% | lr: 2.81e-06 | 1.5s
  에폭 3670/4000 | 손실: 0.1398 | 검증손실: 0.3117 | 학습: 99.7% | 검증: 89.5% | lr: 2.81e-06 | 1.5s
  에폭 3671/4000 | 손실: 0.1336 | 검증손실: 0.3173 | 학습: 99.6% | 검증: 89.4% | lr: 2.81e-06 | 1.5s
  에폭 3672/4000 | 손실: 0.1410 | 검증손실: 0.3144 | 학습: 99.7% | 검증: 89.9% | lr: 2.81e-06 | 1.5s
  에폭 3673/4000 | 손실: 0.1400 | 검증손실: 0.3194 | 학습: 99.7% | 검증: 89.2% | lr: 2.81e-06 | 1.5s
  에폭 3674/4000 | 손실: 0.1382 | 검증손실: 0.3162 | 학습: 99.7% | 검증: 89.5% | lr: 2.81e-06 | 1.5s
  에폭 3675/4000 | 손실: 0.1420 | 검증손실: 0.3218 | 학습: 99.7% | 검증: 89.4% | lr: 2.81e-06 | 1.5s
  에폭 3676/4000 | 손실: 0.1377 | 검증손실: 0.3140 | 학습: 99.7% | 검증: 89.5% | lr: 2.81e-06 | 1.5s
  에폭 3677/4000 | 손실: 0.1398 | 검증손실: 0.3120 | 학습: 99.7% | 검증: 89.3% | lr: 2.81e-06 | 1.5s
  에폭 3678/4000 | 손실: 0.1418 | 검증손실: 0.3103 | 학습: 99.7% | 검증: 89.6% | lr: 2.81e-06 | 1.5s
  에폭 3679/4000 | 손실: 0.1454 | 검증손실: 0.3126 | 학습: 99.7% | 검증: 89.3% | lr: 2.81e-06 | 1.5s
  에폭 3680/4000 | 손실: 0.1372 | 검증손실: 0.3132 | 학습: 99.6% | 검증: 89.6% | lr: 2.81e-06 | 1.5s
  에폭 3681/4000 | 손실: 0.1383 | 검증손실: 0.3075 | 학습: 99.6% | 검증: 89.4% | lr: 2.81e-06 | 1.5s
  에폭 3682/4000 | 손실: 0.1388 | 검증손실: 0.3145 | 학습: 99.7% | 검증: 89.6% | lr: 2.81e-06 | 1.5s
  에폭 3683/4000 | 손실: 0.1416 | 검증손실: 0.3122 | 학습: 99.7% | 검증: 89.7% | lr: 2.81e-06 | 1.5s
  에폭 3684/4000 | 손실: 0.1377 | 검증손실: 0.3089 | 학습: 99.7% | 검증: 89.5% | lr: 2.81e-06 | 1.5s
  에폭 3685/4000 | 손실: 0.1375 | 검증손실: 0.3165 | 학습: 99.6% | 검증: 89.3% | lr: 2.81e-06 | 1.5s
  에폭 3686/4000 | 손실: 0.1367 | 검증손실: 0.3112 | 학습: 99.6% | 검증: 89.5% | lr: 2.81e-06 | 1.5s
  에폭 3687/4000 | 손실: 0.1369 | 검증손실: 0.3242 | 학습: 99.7% | 검증: 89.3% | lr: 2.81e-06 | 1.5s
  에폭 3688/4000 | 손실: 0.1450 | 검증손실: 0.3210 | 학습: 99.7% | 검증: 89.3% | lr: 2.81e-06 | 1.5s
  에폭 3689/4000 | 손실: 0.1352 | 검증손실: 0.3101 | 학습: 99.6% | 검증: 89.5% | lr: 2.81e-06 | 1.5s
  에폭 3690/4000 | 손실: 0.1416 | 검증손실: 0.3219 | 학습: 98.2% | 검증: 88.4% | lr: 2.81e-06 | 1.5s
  에폭 3691/4000 | 손실: 0.1382 | 검증손실: 0.3084 | 학습: 99.0% | 검증: 88.6% | lr: 2.81e-06 | 1.5s
  에폭 3692/4000 | 손실: 0.1361 | 검증손실: 0.3079 | 학습: 99.7% | 검증: 89.8% | lr: 2.81e-06 | 1.5s
  에폭 3693/4000 | 손실: 0.1376 | 검증손실: 0.3129 | 학습: 99.6% | 검증: 89.5% | lr: 2.81e-06 | 1.5s
  에폭 3694/4000 | 손실: 0.1394 | 검증손실: 0.3157 | 학습: 99.7% | 검증: 89.6% | lr: 2.81e-06 | 1.5s
  에폭 3695/4000 | 손실: 0.1521 | 검증손실: 0.3173 | 학습: 99.6% | 검증: 89.7% | lr: 2.81e-06 | 1.5s
  에폭 3696/4000 | 손실: 0.1409 | 검증손실: 0.3131 | 학습: 99.7% | 검증: 89.8% | lr: 2.81e-06 | 1.5s
  에폭 3697/4000 | 손실: 0.1382 | 검증손실: 0.3113 | 학습: 99.6% | 검증: 89.7% | lr: 2.81e-06 | 1.5s
  에폭 3698/4000 | 손실: 0.1339 | 검증손실: 0.3181 | 학습: 99.7% | 검증: 89.5% | lr: 2.81e-06 | 1.5s
  에폭 3699/4000 | 손실: 0.1421 | 검증손실: 0.3125 | 학습: 99.7% | 검증: 89.3% | lr: 2.81e-06 | 1.5s
  에폭 3700/4000 | 손실: 0.1394 | 검증손실: 0.3142 | 학습: 99.7% | 검증: 89.5% | lr: 2.81e-06 | 1.5s
  에폭 3701/4000 | 손실: 0.1421 | 검증손실: 0.3116 | 학습: 99.7% | 검증: 89.4% | lr: 2.81e-06 | 1.5s
  에폭 3702/4000 | 손실: 0.1446 | 검증손실: 0.3220 | 학습: 99.6% | 검증: 89.6% | lr: 2.81e-06 | 1.5s
  에폭 3703/4000 | 손실: 0.1300 | 검증손실: 0.3145 | 학습: 99.7% | 검증: 89.9% | lr: 2.81e-06 | 1.5s
  에폭 3704/4000 | 손실: 0.1359 | 검증손실: 0.3133 | 학습: 99.6% | 검증: 89.8% | lr: 2.81e-06 | 1.5s
  에폭 3705/4000 | 손실: 0.1388 | 검증손실: 0.3046 | 학습: 99.6% | 검증: 89.7% | lr: 2.81e-06 | 1.5s
  에폭 3706/4000 | 손실: 0.1371 | 검증손실: 0.3159 | 학습: 99.7% | 검증: 89.5% | lr: 2.81e-06 | 1.5s
  에폭 3707/4000 | 손실: 0.1446 | 검증손실: 0.3093 | 학습: 99.7% | 검증: 89.6% | lr: 2.81e-06 | 1.5s
  에폭 3708/4000 | 손실: 0.1376 | 검증손실: 0.3161 | 학습: 99.7% | 검증: 89.5% | lr: 2.81e-06 | 1.5s
  에폭 3709/4000 | 손실: 0.1386 | 검증손실: 0.3141 | 학습: 99.7% | 검증: 89.7% | lr: 2.81e-06 | 1.5s
  에폭 3710/4000 | 손실: 0.1495 | 검증손실: 0.3143 | 학습: 99.7% | 검증: 89.5% | lr: 2.81e-06 | 1.5s
  에폭 3711/4000 | 손실: 0.1383 | 검증손실: 0.3184 | 학습: 99.7% | 검증: 89.4% | lr: 2.81e-06 | 1.5s
  에폭 3712/4000 | 손실: 0.1390 | 검증손실: 0.3107 | 학습: 99.7% | 검증: 89.6% | lr: 2.81e-06 | 1.5s
  에폭 3713/4000 | 손실: 0.1419 | 검증손실: 0.3156 | 학습: 99.7% | 검증: 89.7% | lr: 2.81e-06 | 1.5s
  에폭 3714/4000 | 손실: 0.1443 | 검증손실: 0.3181 | 학습: 99.7% | 검증: 89.5% | lr: 2.81e-06 | 1.5s
  에폭 3715/4000 | 손실: 0.1404 | 검증손실: 0.3207 | 학습: 99.6% | 검증: 89.4% | lr: 2.81e-06 | 1.5s
  에폭 3716/4000 | 손실: 0.1387 | 검증손실: 0.3129 | 학습: 99.6% | 검증: 89.8% | lr: 2.81e-06 | 1.5s
  에폭 3717/4000 | 손실: 0.1401 | 검증손실: 0.3123 | 학습: 99.6% | 검증: 89.6% | lr: 2.81e-06 | 1.5s
  에폭 3718/4000 | 손실: 0.1429 | 검증손실: 0.3118 | 학습: 99.7% | 검증: 89.6% | lr: 2.81e-06 | 1.5s
  에폭 3719/4000 | 손실: 0.1283 | 검증손실: 0.3068 | 학습: 99.7% | 검증: 89.4% | lr: 2.81e-06 | 1.5s
  에폭 3720/4000 | 손실: 0.1396 | 검증손실: 0.3169 | 학습: 99.6% | 검증: 89.3% | lr: 2.81e-06 | 1.5s
  에폭 3721/4000 | 손실: 0.1340 | 검증손실: 0.3180 | 학습: 99.5% | 검증: 89.6% | lr: 2.81e-06 | 1.5s
  에폭 3722/4000 | 손실: 0.1366 | 검증손실: 0.3144 | 학습: 99.6% | 검증: 89.3% | lr: 2.81e-06 | 1.5s
  에폭 3723/4000 | 손실: 0.1406 | 검증손실: 0.3202 | 학습: 99.7% | 검증: 89.7% | lr: 2.81e-06 | 1.5s
  에폭 3724/4000 | 손실: 0.1391 | 검증손실: 0.3169 | 학습: 99.6% | 검증: 89.5% | lr: 2.81e-06 | 1.5s
  에폭 3725/4000 | 손실: 0.1380 | 검증손실: 0.3099 | 학습: 99.7% | 검증: 89.4% | lr: 2.81e-06 | 1.5s
  에폭 3726/4000 | 손실: 0.1391 | 검증손실: 0.3139 | 학습: 99.5% | 검증: 89.4% | lr: 2.81e-06 | 1.5s
  에폭 3727/4000 | 손실: 0.1415 | 검증손실: 0.3168 | 학습: 99.6% | 검증: 89.6% | lr: 2.81e-06 | 1.5s
  에폭 3728/4000 | 손실: 0.1383 | 검증손실: 0.3132 | 학습: 99.7% | 검증: 89.6% | lr: 2.81e-06 | 1.5s
  에폭 3729/4000 | 손실: 0.1420 | 검증손실: 0.3148 | 학습: 99.7% | 검증: 89.7% | lr: 2.81e-06 | 1.5s
  에폭 3730/4000 | 손실: 0.1397 | 검증손실: 0.3103 | 학습: 99.7% | 검증: 89.5% | lr: 2.81e-06 | 1.5s
  에폭 3731/4000 | 손실: 0.1430 | 검증손실: 0.3121 | 학습: 99.7% | 검증: 89.6% | lr: 2.81e-06 | 1.5s
  에폭 3732/4000 | 손실: 0.1391 | 검증손실: 0.3158 | 학습: 99.7% | 검증: 89.6% | lr: 2.81e-06 | 1.5s
  에폭 3733/4000 | 손실: 0.1377 | 검증손실: 0.3135 | 학습: 99.6% | 검증: 89.5% | lr: 2.81e-06 | 1.5s
  에폭 3734/4000 | 손실: 0.1392 | 검증손실: 0.3150 | 학습: 99.7% | 검증: 89.5% | lr: 2.81e-06 | 1.5s
  에폭 3735/4000 | 손실: 0.1349 | 검증손실: 0.3157 | 학습: 99.7% | 검증: 89.6% | lr: 2.81e-06 | 1.5s
  에폭 3736/4000 | 손실: 0.1378 | 검증손실: 0.3154 | 학습: 99.6% | 검증: 89.6% | lr: 2.81e-06 | 1.5s
  에폭 3737/4000 | 손실: 0.1371 | 검증손실: 0.3159 | 학습: 99.7% | 검증: 89.4% | lr: 2.81e-06 | 1.5s
  에폭 3738/4000 | 손실: 0.1399 | 검증손실: 0.3094 | 학습: 99.7% | 검증: 90.0% | lr: 2.81e-06 | 1.5s ★
  에폭 3739/4000 | 손실: 0.1436 | 검증손실: 0.3152 | 학습: 99.7% | 검증: 89.5% | lr: 2.81e-06 | 1.5s
  에폭 3740/4000 | 손실: 0.1368 | 검증손실: 0.3172 | 학습: 99.7% | 검증: 89.2% | lr: 2.81e-06 | 1.5s
  에폭 3741/4000 | 손실: 0.1350 | 검증손실: 0.3185 | 학습: 99.7% | 검증: 89.3% | lr: 2.81e-06 | 1.5s
  에폭 3742/4000 | 손실: 0.1325 | 검증손실: 0.3147 | 학습: 99.7% | 검증: 89.7% | lr: 2.81e-06 | 1.5s
  에폭 3743/4000 | 손실: 0.1425 | 검증손실: 0.3142 | 학습: 99.7% | 검증: 89.5% | lr: 2.81e-06 | 1.5s
  에폭 3744/4000 | 손실: 0.1381 | 검증손실: 0.3124 | 학습: 99.7% | 검증: 89.4% | lr: 2.81e-06 | 1.5s
  에폭 3745/4000 | 손실: 0.1368 | 검증손실: 0.3106 | 학습: 99.7% | 검증: 89.6% | lr: 2.81e-06 | 1.5s
  에폭 3746/4000 | 손실: 0.1343 | 검증손실: 0.3119 | 학습: 99.7% | 검증: 89.7% | lr: 2.81e-06 | 1.5s
  에폭 3747/4000 | 손실: 0.1375 | 검증손실: 0.3078 | 학습: 99.7% | 검증: 89.5% | lr: 2.81e-06 | 1.5s
  에폭 3748/4000 | 손실: 0.1421 | 검증손실: 0.3202 | 학습: 99.6% | 검증: 89.8% | lr: 2.81e-06 | 1.5s
  에폭 3749/4000 | 손실: 0.1411 | 검증손실: 0.3119 | 학습: 99.7% | 검증: 89.6% | lr: 2.81e-06 | 1.5s
  에폭 3750/4000 | 손실: 0.1396 | 검증손실: 0.3123 | 학습: 99.6% | 검증: 89.4% | lr: 2.81e-06 | 1.5s
  에폭 3751/4000 | 손실: 0.1417 | 검증손실: 0.3084 | 학습: 99.7% | 검증: 89.8% | lr: 2.81e-06 | 1.5s
  에폭 3752/4000 | 손실: 0.1431 | 검증손실: 0.3115 | 학습: 99.7% | 검증: 89.5% | lr: 2.81e-06 | 1.5s
  에폭 3753/4000 | 손실: 0.1425 | 검증손실: 0.3173 | 학습: 99.7% | 검증: 89.5% | lr: 2.81e-06 | 1.5s
  에폭 3754/4000 | 손실: 0.1339 | 검증손실: 0.3128 | 학습: 99.6% | 검증: 89.5% | lr: 2.81e-06 | 1.5s
  에폭 3755/4000 | 손실: 0.1394 | 검증손실: 0.3119 | 학습: 99.7% | 검증: 89.6% | lr: 2.81e-06 | 1.5s
  에폭 3756/4000 | 손실: 0.1355 | 검증손실: 0.3182 | 학습: 99.6% | 검증: 89.5% | lr: 2.81e-06 | 1.5s
  에폭 3757/4000 | 손실: 0.1379 | 검증손실: 0.3187 | 학습: 99.7% | 검증: 89.5% | lr: 2.81e-06 | 1.5s
  에폭 3758/4000 | 손실: 0.1345 | 검증손실: 0.3143 | 학습: 99.5% | 검증: 89.3% | lr: 2.81e-06 | 1.5s
  에폭 3759/4000 | 손실: 0.1391 | 검증손실: 0.3176 | 학습: 99.5% | 검증: 89.6% | lr: 2.81e-06 | 1.5s
  에폭 3760/4000 | 손실: 0.1336 | 검증손실: 0.3181 | 학습: 99.7% | 검증: 89.4% | lr: 2.81e-06 | 1.5s
  에폭 3761/4000 | 손실: 0.1373 | 검증손실: 0.3217 | 학습: 99.6% | 검증: 89.2% | lr: 2.81e-06 | 1.5s
  에폭 3762/4000 | 손실: 0.1426 | 검증손실: 0.3136 | 학습: 99.7% | 검증: 90.0% | lr: 2.81e-06 | 1.5s
  에폭 3763/4000 | 손실: 0.1417 | 검증손실: 0.3150 | 학습: 99.6% | 검증: 89.5% | lr: 2.81e-06 | 1.5s
  에폭 3764/4000 | 손실: 0.1438 | 검증손실: 0.3131 | 학습: 99.7% | 검증: 89.4% | lr: 2.25e-06 | 1.5s
  에폭 3765/4000 | 손실: 0.1424 | 검증손실: 0.3207 | 학습: 99.7% | 검증: 89.6% | lr: 2.25e-06 | 1.5s
  에폭 3766/4000 | 손실: 0.1373 | 검증손실: 0.3047 | 학습: 99.6% | 검증: 89.6% | lr: 2.25e-06 | 1.5s
  에폭 3767/4000 | 손실: 0.1404 | 검증손실: 0.3114 | 학습: 99.7% | 검증: 89.4% | lr: 2.25e-06 | 1.5s
  에폭 3768/4000 | 손실: 0.1400 | 검증손실: 0.3084 | 학습: 99.7% | 검증: 89.5% | lr: 2.25e-06 | 1.5s
  에폭 3769/4000 | 손실: 0.1426 | 검증손실: 0.3179 | 학습: 99.7% | 검증: 89.3% | lr: 2.25e-06 | 1.5s
  에폭 3770/4000 | 손실: 0.1429 | 검증손실: 0.3138 | 학습: 99.6% | 검증: 89.5% | lr: 2.25e-06 | 1.5s
  에폭 3771/4000 | 손실: 0.1418 | 검증손실: 0.3213 | 학습: 99.6% | 검증: 89.1% | lr: 2.25e-06 | 1.5s
  에폭 3772/4000 | 손실: 0.1387 | 검증손실: 0.3111 | 학습: 99.7% | 검증: 89.6% | lr: 2.25e-06 | 1.6s
  에폭 3773/4000 | 손실: 0.1401 | 검증손실: 0.3109 | 학습: 99.6% | 검증: 89.4% | lr: 2.25e-06 | 1.5s
  에폭 3774/4000 | 손실: 0.1369 | 검증손실: 0.3080 | 학습: 99.7% | 검증: 89.7% | lr: 2.25e-06 | 1.5s
  에폭 3775/4000 | 손실: 0.1392 | 검증손실: 0.3160 | 학습: 99.7% | 검증: 89.6% | lr: 2.25e-06 | 1.5s
  에폭 3776/4000 | 손실: 0.1479 | 검증손실: 0.3178 | 학습: 99.7% | 검증: 89.6% | lr: 2.25e-06 | 1.5s
  에폭 3777/4000 | 손실: 0.1374 | 검증손실: 0.3129 | 학습: 99.7% | 검증: 89.6% | lr: 2.25e-06 | 1.5s
  에폭 3778/4000 | 손실: 0.1380 | 검증손실: 0.3211 | 학습: 99.7% | 검증: 89.6% | lr: 2.25e-06 | 1.5s
  에폭 3779/4000 | 손실: 0.1387 | 검증손실: 0.3100 | 학습: 99.5% | 검증: 89.6% | lr: 2.25e-06 | 1.5s
  에폭 3780/4000 | 손실: 0.1409 | 검증손실: 0.3097 | 학습: 99.6% | 검증: 89.7% | lr: 2.25e-06 | 1.5s
  에폭 3781/4000 | 손실: 0.1396 | 검증손실: 0.3160 | 학습: 99.6% | 검증: 89.5% | lr: 2.25e-06 | 1.5s
  에폭 3782/4000 | 손실: 0.1318 | 검증손실: 0.3108 | 학습: 99.5% | 검증: 89.5% | lr: 2.25e-06 | 1.5s
  에폭 3783/4000 | 손실: 0.1399 | 검증손실: 0.3089 | 학습: 99.6% | 검증: 89.9% | lr: 2.25e-06 | 1.5s
  에폭 3784/4000 | 손실: 0.1449 | 검증손실: 0.3171 | 학습: 99.6% | 검증: 89.4% | lr: 2.25e-06 | 1.5s
  에폭 3785/4000 | 손실: 0.1371 | 검증손실: 0.3090 | 학습: 99.6% | 검증: 89.5% | lr: 2.25e-06 | 1.5s
  에폭 3786/4000 | 손실: 0.1376 | 검증손실: 0.3157 | 학습: 99.6% | 검증: 89.2% | lr: 2.25e-06 | 1.5s
  에폭 3787/4000 | 손실: 0.1361 | 검증손실: 0.3240 | 학습: 99.7% | 검증: 89.3% | lr: 2.25e-06 | 1.5s
  에폭 3788/4000 | 손실: 0.1395 | 검증손실: 0.3138 | 학습: 99.6% | 검증: 89.8% | lr: 2.25e-06 | 1.5s
  에폭 3789/4000 | 손실: 0.1315 | 검증손실: 0.3194 | 학습: 99.7% | 검증: 89.5% | lr: 2.25e-06 | 1.5s
  에폭 3790/4000 | 손실: 0.1341 | 검증손실: 0.3134 | 학습: 99.7% | 검증: 89.3% | lr: 2.25e-06 | 1.5s
  에폭 3791/4000 | 손실: 0.1374 | 검증손실: 0.3086 | 학습: 99.7% | 검증: 89.7% | lr: 2.25e-06 | 1.5s
  에폭 3792/4000 | 손실: 0.1406 | 검증손실: 0.3145 | 학습: 99.7% | 검증: 89.5% | lr: 2.25e-06 | 1.5s
  에폭 3793/4000 | 손실: 0.1359 | 검증손실: 0.3258 | 학습: 99.7% | 검증: 89.4% | lr: 2.25e-06 | 1.5s
  에폭 3794/4000 | 손실: 0.1380 | 검증손실: 0.3191 | 학습: 99.7% | 검증: 89.6% | lr: 2.25e-06 | 1.5s
  에폭 3795/4000 | 손실: 0.1394 | 검증손실: 0.3145 | 학습: 99.7% | 검증: 89.5% | lr: 2.25e-06 | 1.5s
  에폭 3796/4000 | 손실: 0.1421 | 검증손실: 0.3136 | 학습: 99.7% | 검증: 89.3% | lr: 2.25e-06 | 1.5s
  에폭 3797/4000 | 손실: 0.1396 | 검증손실: 0.3145 | 학습: 99.7% | 검증: 89.2% | lr: 2.25e-06 | 1.5s
  에폭 3798/4000 | 손실: 0.1369 | 검증손실: 0.3145 | 학습: 99.7% | 검증: 89.5% | lr: 2.25e-06 | 1.5s
  에폭 3799/4000 | 손실: 0.1399 | 검증손실: 0.3112 | 학습: 99.7% | 검증: 89.6% | lr: 2.25e-06 | 1.5s
  에폭 3800/4000 | 손실: 0.1368 | 검증손실: 0.3187 | 학습: 99.7% | 검증: 89.5% | lr: 2.25e-06 | 1.5s
  에폭 3801/4000 | 손실: 0.1332 | 검증손실: 0.3166 | 학습: 99.7% | 검증: 89.1% | lr: 2.25e-06 | 1.5s
  에폭 3802/4000 | 손실: 0.1356 | 검증손실: 0.3147 | 학습: 99.7% | 검증: 89.7% | lr: 2.25e-06 | 1.5s
  에폭 3803/4000 | 손실: 0.1398 | 검증손실: 0.3117 | 학습: 99.7% | 검증: 89.4% | lr: 2.25e-06 | 1.5s
  에폭 3804/4000 | 손실: 0.1372 | 검증손실: 0.3203 | 학습: 99.7% | 검증: 89.3% | lr: 2.25e-06 | 1.5s
  에폭 3805/4000 | 손실: 0.1366 | 검증손실: 0.3195 | 학습: 99.6% | 검증: 89.1% | lr: 2.25e-06 | 1.5s
  에폭 3806/4000 | 손실: 0.1465 | 검증손실: 0.3119 | 학습: 99.7% | 검증: 89.6% | lr: 2.25e-06 | 1.5s
  에폭 3807/4000 | 손실: 0.1441 | 검증손실: 0.3082 | 학습: 99.5% | 검증: 89.1% | lr: 2.25e-06 | 1.5s
  에폭 3808/4000 | 손실: 0.1382 | 검증손실: 0.3192 | 학습: 99.7% | 검증: 89.7% | lr: 2.25e-06 | 1.5s
  에폭 3809/4000 | 손실: 0.1407 | 검증손실: 0.3140 | 학습: 99.7% | 검증: 89.8% | lr: 2.25e-06 | 1.5s
  에폭 3810/4000 | 손실: 0.1430 | 검증손실: 0.3102 | 학습: 99.7% | 검증: 89.7% | lr: 2.25e-06 | 1.5s
  에폭 3811/4000 | 손실: 0.1368 | 검증손실: 0.3105 | 학습: 99.7% | 검증: 89.7% | lr: 2.25e-06 | 1.5s
  에폭 3812/4000 | 손실: 0.1475 | 검증손실: 0.3057 | 학습: 99.6% | 검증: 89.5% | lr: 2.25e-06 | 1.5s
  에폭 3813/4000 | 손실: 0.1399 | 검증손실: 0.3233 | 학습: 99.7% | 검증: 89.1% | lr: 2.25e-06 | 1.5s
  에폭 3814/4000 | 손실: 0.1408 | 검증손실: 0.3207 | 학습: 99.6% | 검증: 89.5% | lr: 2.25e-06 | 1.5s
  에폭 3815/4000 | 손실: 0.1342 | 검증손실: 0.3199 | 학습: 99.7% | 검증: 89.6% | lr: 2.25e-06 | 1.5s
  에폭 3816/4000 | 손실: 0.1427 | 검증손실: 0.3192 | 학습: 99.7% | 검증: 89.5% | lr: 2.25e-06 | 1.5s
  에폭 3817/4000 | 손실: 0.1397 | 검증손실: 0.3145 | 학습: 99.7% | 검증: 89.5% | lr: 2.25e-06 | 1.5s
  에폭 3818/4000 | 손실: 0.1390 | 검증손실: 0.3127 | 학습: 99.7% | 검증: 89.6% | lr: 2.25e-06 | 1.5s
  에폭 3819/4000 | 손실: 0.1383 | 검증손실: 0.3135 | 학습: 99.7% | 검증: 89.4% | lr: 2.25e-06 | 1.5s
  에폭 3820/4000 | 손실: 0.1398 | 검증손실: 0.3178 | 학습: 99.7% | 검증: 89.6% | lr: 2.25e-06 | 1.5s
  에폭 3821/4000 | 손실: 0.1363 | 검증손실: 0.3138 | 학습: 99.7% | 검증: 89.8% | lr: 2.25e-06 | 1.5s
  에폭 3822/4000 | 손실: 0.1375 | 검증손실: 0.3182 | 학습: 99.7% | 검증: 89.7% | lr: 2.25e-06 | 1.5s
  에폭 3823/4000 | 손실: 0.1376 | 검증손실: 0.3107 | 학습: 99.7% | 검증: 89.8% | lr: 2.25e-06 | 1.5s
  에폭 3824/4000 | 손실: 0.1347 | 검증손실: 0.3163 | 학습: 99.7% | 검증: 89.5% | lr: 2.25e-06 | 1.5s
  에폭 3825/4000 | 손실: 0.1395 | 검증손실: 0.3131 | 학습: 99.7% | 검증: 89.7% | lr: 2.25e-06 | 1.5s
  에폭 3826/4000 | 손실: 0.1471 | 검증손실: 0.3156 | 학습: 99.7% | 검증: 89.5% | lr: 2.25e-06 | 1.5s
  에폭 3827/4000 | 손실: 0.1344 | 검증손실: 0.3148 | 학습: 99.7% | 검증: 89.7% | lr: 2.25e-06 | 1.5s
  에폭 3828/4000 | 손실: 0.1400 | 검증손실: 0.3166 | 학습: 99.6% | 검증: 89.1% | lr: 2.25e-06 | 1.5s
  에폭 3829/4000 | 손실: 0.1390 | 검증손실: 0.3174 | 학습: 99.7% | 검증: 89.5% | lr: 2.25e-06 | 1.5s
  에폭 3830/4000 | 손실: 0.1418 | 검증손실: 0.3140 | 학습: 99.7% | 검증: 89.5% | lr: 2.25e-06 | 1.5s
  에폭 3831/4000 | 손실: 0.1412 | 검증손실: 0.3181 | 학습: 99.7% | 검증: 89.5% | lr: 2.25e-06 | 1.5s
  에폭 3832/4000 | 손실: 0.1377 | 검증손실: 0.3162 | 학습: 99.6% | 검증: 89.4% | lr: 2.25e-06 | 1.5s
  에폭 3833/4000 | 손실: 0.1403 | 검증손실: 0.3144 | 학습: 99.7% | 검증: 89.5% | lr: 2.25e-06 | 1.5s
  에폭 3834/4000 | 손실: 0.1384 | 검증손실: 0.3158 | 학습: 99.7% | 검증: 89.4% | lr: 2.25e-06 | 1.5s
  에폭 3835/4000 | 손실: 0.1365 | 검증손실: 0.3192 | 학습: 99.7% | 검증: 89.4% | lr: 2.25e-06 | 1.5s
  에폭 3836/4000 | 손실: 0.1328 | 검증손실: 0.3113 | 학습: 99.6% | 검증: 89.4% | lr: 2.25e-06 | 1.5s
  에폭 3837/4000 | 손실: 0.1416 | 검증손실: 0.3111 | 학습: 99.6% | 검증: 89.3% | lr: 2.25e-06 | 1.5s
  에폭 3838/4000 | 손실: 0.1366 | 검증손실: 0.3155 | 학습: 99.7% | 검증: 89.7% | lr: 2.25e-06 | 1.5s
  에폭 3839/4000 | 손실: 0.1391 | 검증손실: 0.3197 | 학습: 99.6% | 검증: 89.2% | lr: 2.25e-06 | 1.5s
  에폭 3840/4000 | 손실: 0.1327 | 검증손실: 0.3205 | 학습: 99.7% | 검증: 89.0% | lr: 2.25e-06 | 1.5s
  에폭 3841/4000 | 손실: 0.1369 | 검증손실: 0.3234 | 학습: 99.7% | 검증: 89.5% | lr: 2.25e-06 | 1.5s
  에폭 3842/4000 | 손실: 0.1388 | 검증손실: 0.3106 | 학습: 99.7% | 검증: 89.7% | lr: 2.25e-06 | 1.5s
  에폭 3843/4000 | 손실: 0.1411 | 검증손실: 0.3168 | 학습: 99.7% | 검증: 89.5% | lr: 2.25e-06 | 1.5s
  에폭 3844/4000 | 손실: 0.1346 | 검증손실: 0.3090 | 학습: 99.6% | 검증: 89.6% | lr: 2.25e-06 | 1.5s
  에폭 3845/4000 | 손실: 0.1381 | 검증손실: 0.3216 | 학습: 99.6% | 검증: 89.3% | lr: 2.25e-06 | 1.5s
  에폭 3846/4000 | 손실: 0.1418 | 검증손실: 0.3224 | 학습: 99.6% | 검증: 89.4% | lr: 2.25e-06 | 1.5s
  에폭 3847/4000 | 손실: 0.1379 | 검증손실: 0.3155 | 학습: 99.7% | 검증: 89.4% | lr: 2.25e-06 | 1.5s
  에폭 3848/4000 | 손실: 0.1420 | 검증손실: 0.3220 | 학습: 99.7% | 검증: 89.5% | lr: 2.25e-06 | 1.5s
  에폭 3849/4000 | 손실: 0.1425 | 검증손실: 0.3155 | 학습: 99.7% | 검증: 89.5% | lr: 2.25e-06 | 1.5s
  에폭 3850/4000 | 손실: 0.1417 | 검증손실: 0.3137 | 학습: 99.7% | 검증: 89.5% | lr: 2.25e-06 | 1.5s
  에폭 3851/4000 | 손실: 0.1375 | 검증손실: 0.3178 | 학습: 99.7% | 검증: 89.2% | lr: 2.25e-06 | 1.5s
  에폭 3852/4000 | 손실: 0.1416 | 검증손실: 0.3125 | 학습: 99.7% | 검증: 89.5% | lr: 2.25e-06 | 1.5s
  에폭 3853/4000 | 손실: 0.1390 | 검증손실: 0.3131 | 학습: 99.7% | 검증: 89.5% | lr: 2.25e-06 | 1.5s
  에폭 3854/4000 | 손실: 0.1352 | 검증손실: 0.3172 | 학습: 99.6% | 검증: 89.3% | lr: 2.25e-06 | 1.5s
  에폭 3855/4000 | 손실: 0.1373 | 검증손실: 0.3183 | 학습: 99.7% | 검증: 89.6% | lr: 2.25e-06 | 1.5s
  에폭 3856/4000 | 손실: 0.1365 | 검증손실: 0.3115 | 학습: 99.6% | 검증: 89.5% | lr: 2.25e-06 | 1.5s
  에폭 3857/4000 | 손실: 0.1354 | 검증손실: 0.3185 | 학습: 99.7% | 검증: 89.6% | lr: 2.25e-06 | 1.5s
  에폭 3858/4000 | 손실: 0.1345 | 검증손실: 0.3103 | 학습: 99.7% | 검증: 89.5% | lr: 2.25e-06 | 1.5s
  에폭 3859/4000 | 손실: 0.1384 | 검증손실: 0.3150 | 학습: 99.7% | 검증: 89.4% | lr: 2.25e-06 | 1.5s
  에폭 3860/4000 | 손실: 0.1372 | 검증손실: 0.3141 | 학습: 99.7% | 검증: 89.1% | lr: 2.25e-06 | 1.5s
  에폭 3861/4000 | 손실: 0.1335 | 검증손실: 0.3195 | 학습: 99.7% | 검증: 89.4% | lr: 2.25e-06 | 1.5s
  에폭 3862/4000 | 손실: 0.1391 | 검증손실: 0.3106 | 학습: 99.7% | 검증: 89.4% | lr: 2.25e-06 | 1.5s
  에폭 3863/4000 | 손실: 0.1437 | 검증손실: 0.3191 | 학습: 99.6% | 검증: 89.8% | lr: 2.25e-06 | 1.5s
  에폭 3864/4000 | 손실: 0.1366 | 검증손실: 0.3134 | 학습: 99.7% | 검증: 89.8% | lr: 2.25e-06 | 1.5s
  에폭 3865/4000 | 손실: 0.1440 | 검증손실: 0.3187 | 학습: 99.6% | 검증: 89.3% | lr: 2.25e-06 | 1.5s
  에폭 3866/4000 | 손실: 0.1387 | 검증손실: 0.3139 | 학습: 99.6% | 검증: 89.3% | lr: 2.25e-06 | 1.5s
  에폭 3867/4000 | 손실: 0.1433 | 검증손실: 0.3159 | 학습: 99.7% | 검증: 89.6% | lr: 2.25e-06 | 1.5s
  에폭 3868/4000 | 손실: 0.1349 | 검증손실: 0.3130 | 학습: 99.7% | 검증: 89.5% | lr: 2.25e-06 | 1.5s
  에폭 3869/4000 | 손실: 0.1388 | 검증손실: 0.3109 | 학습: 99.7% | 검증: 89.6% | lr: 2.25e-06 | 1.5s
  에폭 3870/4000 | 손실: 0.1357 | 검증손실: 0.3113 | 학습: 99.6% | 검증: 89.6% | lr: 2.25e-06 | 1.5s
  에폭 3871/4000 | 손실: 0.1439 | 검증손실: 0.3071 | 학습: 99.6% | 검증: 89.7% | lr: 2.25e-06 | 1.5s
  에폭 3872/4000 | 손실: 0.1421 | 검증손실: 0.3178 | 학습: 99.7% | 검증: 89.4% | lr: 2.25e-06 | 1.5s
  에폭 3873/4000 | 손실: 0.1400 | 검증손실: 0.3171 | 학습: 99.7% | 검증: 89.6% | lr: 2.25e-06 | 1.5s
  에폭 3874/4000 | 손실: 0.1364 | 검증손실: 0.3157 | 학습: 99.6% | 검증: 89.7% | lr: 2.25e-06 | 1.5s
  에폭 3875/4000 | 손실: 0.1380 | 검증손실: 0.3158 | 학습: 99.7% | 검증: 89.7% | lr: 2.25e-06 | 1.5s
  에폭 3876/4000 | 손실: 0.1393 | 검증손실: 0.3130 | 학습: 99.7% | 검증: 89.7% | lr: 2.25e-06 | 1.5s
  에폭 3877/4000 | 손실: 0.1366 | 검증손실: 0.3143 | 학습: 99.7% | 검증: 89.5% | lr: 2.25e-06 | 1.5s
  에폭 3878/4000 | 손실: 0.1369 | 검증손실: 0.3128 | 학습: 99.7% | 검증: 89.3% | lr: 2.25e-06 | 1.5s
  에폭 3879/4000 | 손실: 0.1404 | 검증손실: 0.3136 | 학습: 99.6% | 검증: 89.5% | lr: 2.25e-06 | 1.5s
  에폭 3880/4000 | 손실: 0.1359 | 검증손실: 0.3147 | 학습: 99.7% | 검증: 89.5% | lr: 2.25e-06 | 1.5s
  에폭 3881/4000 | 손실: 0.1364 | 검증손실: 0.3147 | 학습: 99.7% | 검증: 89.5% | lr: 2.25e-06 | 1.5s
  에폭 3882/4000 | 손실: 0.1398 | 검증손실: 0.3202 | 학습: 99.7% | 검증: 89.6% | lr: 2.25e-06 | 1.5s
  에폭 3883/4000 | 손실: 0.1354 | 검증손실: 0.3137 | 학습: 99.7% | 검증: 89.5% | lr: 2.25e-06 | 1.5s
  에폭 3884/4000 | 손실: 0.1417 | 검증손실: 0.3128 | 학습: 99.6% | 검증: 89.3% | lr: 2.25e-06 | 1.5s
  에폭 3885/4000 | 손실: 0.1343 | 검증손실: 0.3153 | 학습: 99.6% | 검증: 89.4% | lr: 2.25e-06 | 1.5s
  에폭 3886/4000 | 손실: 0.1381 | 검증손실: 0.3185 | 학습: 99.7% | 검증: 89.4% | lr: 2.25e-06 | 1.5s
  에폭 3887/4000 | 손실: 0.1382 | 검증손실: 0.3103 | 학습: 99.6% | 검증: 89.6% | lr: 2.25e-06 | 1.5s
  에폭 3888/4000 | 손실: 0.1417 | 검증손실: 0.3160 | 학습: 99.6% | 검증: 88.7% | lr: 2.25e-06 | 1.5s
  에폭 3889/4000 | 손실: 0.1460 | 검증손실: 0.3161 | 학습: 99.7% | 검증: 89.7% | lr: 2.25e-06 | 1.5s
  에폭 3890/4000 | 손실: 0.1360 | 검증손실: 0.3142 | 학습: 99.7% | 검증: 89.4% | lr: 2.25e-06 | 1.5s
  에폭 3891/4000 | 손실: 0.1391 | 검증손실: 0.3173 | 학습: 99.7% | 검증: 89.5% | lr: 2.25e-06 | 1.5s
  에폭 3892/4000 | 손실: 0.1384 | 검증손실: 0.3175 | 학습: 99.7% | 검증: 89.6% | lr: 2.25e-06 | 1.5s
  에폭 3893/4000 | 손실: 0.1387 | 검증손실: 0.3094 | 학습: 99.7% | 검증: 89.5% | lr: 2.25e-06 | 1.5s
  에폭 3894/4000 | 손실: 0.1420 | 검증손실: 0.3187 | 학습: 99.6% | 검증: 89.5% | lr: 2.25e-06 | 1.5s
  에폭 3895/4000 | 손실: 0.1388 | 검증손실: 0.3164 | 학습: 99.6% | 검증: 89.3% | lr: 2.25e-06 | 1.5s
  에폭 3896/4000 | 손실: 0.1398 | 검증손실: 0.3130 | 학습: 99.6% | 검증: 89.3% | lr: 2.25e-06 | 1.5s
  에폭 3897/4000 | 손실: 0.1325 | 검증손실: 0.3132 | 학습: 99.6% | 검증: 89.4% | lr: 2.25e-06 | 1.6s
  에폭 3898/4000 | 손실: 0.1393 | 검증손실: 0.3094 | 학습: 99.7% | 검증: 89.7% | lr: 2.25e-06 | 1.6s
  에폭 3899/4000 | 손실: 0.1386 | 검증손실: 0.3172 | 학습: 99.7% | 검증: 89.9% | lr: 2.25e-06 | 1.5s
  에폭 3900/4000 | 손실: 0.1397 | 검증손실: 0.3165 | 학습: 99.7% | 검증: 89.3% | lr: 2.25e-06 | 1.5s
  에폭 3901/4000 | 손실: 0.1488 | 검증손실: 0.3136 | 학습: 99.6% | 검증: 89.6% | lr: 2.25e-06 | 1.5s
  에폭 3902/4000 | 손실: 0.1425 | 검증손실: 0.3169 | 학습: 99.7% | 검증: 89.6% | lr: 2.25e-06 | 1.5s
  에폭 3903/4000 | 손실: 0.1403 | 검증손실: 0.3075 | 학습: 99.6% | 검증: 89.6% | lr: 2.25e-06 | 1.5s
  에폭 3904/4000 | 손실: 0.1363 | 검증손실: 0.3114 | 학습: 99.7% | 검증: 89.6% | lr: 2.25e-06 | 1.5s
  에폭 3905/4000 | 손실: 0.1426 | 검증손실: 0.3146 | 학습: 99.7% | 검증: 89.6% | lr: 2.25e-06 | 1.5s
  에폭 3906/4000 | 손실: 0.1342 | 검증손실: 0.3128 | 학습: 99.7% | 검증: 89.6% | lr: 2.25e-06 | 1.5s
  에폭 3907/4000 | 손실: 0.1364 | 검증손실: 0.3111 | 학습: 99.7% | 검증: 89.5% | lr: 2.25e-06 | 1.6s
  에폭 3908/4000 | 손실: 0.1345 | 검증손실: 0.3191 | 학습: 99.7% | 검증: 89.7% | lr: 2.25e-06 | 1.5s
  에폭 3909/4000 | 손실: 0.1414 | 검증손실: 0.3092 | 학습: 99.7% | 검증: 89.7% | lr: 2.25e-06 | 1.5s
  에폭 3910/4000 | 손실: 0.1437 | 검증손실: 0.3153 | 학습: 99.5% | 검증: 89.2% | lr: 2.25e-06 | 1.5s
  에폭 3911/4000 | 손실: 0.1361 | 검증손실: 0.3111 | 학습: 99.7% | 검증: 89.4% | lr: 2.25e-06 | 1.5s
  에폭 3912/4000 | 손실: 0.1423 | 검증손실: 0.3149 | 학습: 99.7% | 검증: 89.6% | lr: 2.25e-06 | 1.5s
  에폭 3913/4000 | 손실: 0.1418 | 검증손실: 0.3133 | 학습: 99.6% | 검증: 89.7% | lr: 2.25e-06 | 1.6s
  에폭 3914/4000 | 손실: 0.1386 | 검증손실: 0.3105 | 학습: 99.7% | 검증: 89.4% | lr: 2.25e-06 | 1.5s
  에폭 3915/4000 | 손실: 0.1376 | 검증손실: 0.3087 | 학습: 99.6% | 검증: 89.3% | lr: 1.80e-06 | 1.5s
  에폭 3916/4000 | 손실: 0.1406 | 검증손실: 0.3174 | 학습: 99.6% | 검증: 89.7% | lr: 1.80e-06 | 1.5s
  에폭 3917/4000 | 손실: 0.1345 | 검증손실: 0.3162 | 학습: 99.7% | 검증: 89.5% | lr: 1.80e-06 | 1.5s
  에폭 3918/4000 | 손실: 0.1403 | 검증손실: 0.3127 | 학습: 99.6% | 검증: 89.5% | lr: 1.80e-06 | 1.5s
  에폭 3919/4000 | 손실: 0.1354 | 검증손실: 0.3131 | 학습: 99.7% | 검증: 89.4% | lr: 1.80e-06 | 1.5s
  에폭 3920/4000 | 손실: 0.1468 | 검증손실: 0.3163 | 학습: 99.7% | 검증: 89.6% | lr: 1.80e-06 | 1.5s
  에폭 3921/4000 | 손실: 0.1367 | 검증손실: 0.3201 | 학습: 99.7% | 검증: 89.2% | lr: 1.80e-06 | 1.5s
  에폭 3922/4000 | 손실: 0.1400 | 검증손실: 0.3137 | 학습: 99.6% | 검증: 89.3% | lr: 1.80e-06 | 1.5s
  에폭 3923/4000 | 손실: 0.1363 | 검증손실: 0.3106 | 학습: 99.5% | 검증: 89.5% | lr: 1.80e-06 | 1.5s
  에폭 3924/4000 | 손실: 0.1433 | 검증손실: 0.3141 | 학습: 99.7% | 검증: 89.4% | lr: 1.80e-06 | 1.6s
  에폭 3925/4000 | 손실: 0.1378 | 검증손실: 0.3181 | 학습: 99.7% | 검증: 89.5% | lr: 1.80e-06 | 1.5s
  에폭 3926/4000 | 손실: 0.1356 | 검증손실: 0.3220 | 학습: 99.7% | 검증: 89.4% | lr: 1.80e-06 | 1.5s
  에폭 3927/4000 | 손실: 0.1415 | 검증손실: 0.3145 | 학습: 99.6% | 검증: 89.4% | lr: 1.80e-06 | 1.5s
  에폭 3928/4000 | 손실: 0.1391 | 검증손실: 0.3208 | 학습: 99.6% | 검증: 89.7% | lr: 1.80e-06 | 1.5s
  에폭 3929/4000 | 손실: 0.1356 | 검증손실: 0.3128 | 학습: 99.7% | 검증: 89.7% | lr: 1.80e-06 | 1.5s
  에폭 3930/4000 | 손실: 0.1458 | 검증손실: 0.3189 | 학습: 99.7% | 검증: 89.5% | lr: 1.80e-06 | 1.5s
  에폭 3931/4000 | 손실: 0.1320 | 검증손실: 0.3178 | 학습: 99.7% | 검증: 89.2% | lr: 1.80e-06 | 1.5s
  에폭 3932/4000 | 손실: 0.1362 | 검증손실: 0.3097 | 학습: 99.7% | 검증: 89.8% | lr: 1.80e-06 | 1.5s
  에폭 3933/4000 | 손실: 0.1389 | 검증손실: 0.3100 | 학습: 99.6% | 검증: 89.5% | lr: 1.80e-06 | 1.5s
  에폭 3934/4000 | 손실: 0.1382 | 검증손실: 0.3141 | 학습: 99.7% | 검증: 89.6% | lr: 1.80e-06 | 1.5s
  에폭 3935/4000 | 손실: 0.1348 | 검증손실: 0.3053 | 학습: 99.6% | 검증: 89.5% | lr: 1.80e-06 | 1.5s
  에폭 3936/4000 | 손실: 0.1366 | 검증손실: 0.3162 | 학습: 99.7% | 검증: 89.3% | lr: 1.80e-06 | 1.5s
  에폭 3937/4000 | 손실: 0.1345 | 검증손실: 0.3110 | 학습: 99.6% | 검증: 89.6% | lr: 1.80e-06 | 1.5s
  에폭 3938/4000 | 손실: 0.1455 | 검증손실: 0.3138 | 학습: 99.6% | 검증: 89.4% | lr: 1.80e-06 | 1.5s
  에폭 3939/4000 | 손실: 0.1376 | 검증손실: 0.3193 | 학습: 99.7% | 검증: 89.6% | lr: 1.80e-06 | 1.5s
  에폭 3940/4000 | 손실: 0.1387 | 검증손실: 0.3070 | 학습: 99.7% | 검증: 89.8% | lr: 1.80e-06 | 1.5s
  에폭 3941/4000 | 손실: 0.1441 | 검증손실: 0.3152 | 학습: 99.7% | 검증: 89.5% | lr: 1.80e-06 | 1.6s
  에폭 3942/4000 | 손실: 0.1363 | 검증손실: 0.3131 | 학습: 99.7% | 검증: 89.7% | lr: 1.80e-06 | 1.5s
  에폭 3943/4000 | 손실: 0.1396 | 검증손실: 0.3185 | 학습: 99.7% | 검증: 89.8% | lr: 1.80e-06 | 1.5s
  에폭 3944/4000 | 손실: 0.1434 | 검증손실: 0.3175 | 학습: 99.7% | 검증: 89.6% | lr: 1.80e-06 | 1.5s
  에폭 3945/4000 | 손실: 0.1348 | 검증손실: 0.3178 | 학습: 99.7% | 검증: 89.6% | lr: 1.80e-06 | 1.5s
  에폭 3946/4000 | 손실: 0.1386 | 검증손실: 0.3186 | 학습: 99.6% | 검증: 89.4% | lr: 1.80e-06 | 1.5s
  에폭 3947/4000 | 손실: 0.1376 | 검증손실: 0.3177 | 학습: 99.7% | 검증: 89.6% | lr: 1.80e-06 | 1.5s
  에폭 3948/4000 | 손실: 0.1377 | 검증손실: 0.3141 | 학습: 99.6% | 검증: 89.2% | lr: 1.80e-06 | 1.5s
  에폭 3949/4000 | 손실: 0.1402 | 검증손실: 0.3137 | 학습: 99.7% | 검증: 89.2% | lr: 1.80e-06 | 1.5s
  에폭 3950/4000 | 손실: 0.1390 | 검증손실: 0.3151 | 학습: 99.7% | 검증: 89.6% | lr: 1.80e-06 | 1.5s
  에폭 3951/4000 | 손실: 0.1398 | 검증손실: 0.3100 | 학습: 99.6% | 검증: 89.7% | lr: 1.80e-06 | 1.5s
  에폭 3952/4000 | 손실: 0.1441 | 검증손실: 0.3190 | 학습: 99.7% | 검증: 89.7% | lr: 1.80e-06 | 1.5s
  에폭 3953/4000 | 손실: 0.1355 | 검증손실: 0.3158 | 학습: 99.6% | 검증: 89.2% | lr: 1.80e-06 | 1.5s
  에폭 3954/4000 | 손실: 0.1404 | 검증손실: 0.3177 | 학습: 99.7% | 검증: 89.6% | lr: 1.80e-06 | 1.5s
  에폭 3955/4000 | 손실: 0.1367 | 검증손실: 0.3146 | 학습: 99.7% | 검증: 89.8% | lr: 1.80e-06 | 1.5s
  에폭 3956/4000 | 손실: 0.1374 | 검증손실: 0.3125 | 학습: 99.7% | 검증: 89.7% | lr: 1.80e-06 | 1.5s
  에폭 3957/4000 | 손실: 0.1402 | 검증손실: 0.3133 | 학습: 99.6% | 검증: 89.2% | lr: 1.80e-06 | 1.5s
  에폭 3958/4000 | 손실: 0.1436 | 검증손실: 0.3160 | 학습: 99.7% | 검증: 89.6% | lr: 1.80e-06 | 1.5s
  에폭 3959/4000 | 손실: 0.1391 | 검증손실: 0.3249 | 학습: 99.6% | 검증: 89.0% | lr: 1.80e-06 | 1.5s
  에폭 3960/4000 | 손실: 0.1414 | 검증손실: 0.3161 | 학습: 99.7% | 검증: 89.4% | lr: 1.80e-06 | 1.5s
  에폭 3961/4000 | 손실: 0.1370 | 검증손실: 0.3150 | 학습: 99.7% | 검증: 89.7% | lr: 1.80e-06 | 1.5s
  에폭 3962/4000 | 손실: 0.1402 | 검증손실: 0.3108 | 학습: 99.6% | 검증: 89.8% | lr: 1.80e-06 | 1.5s
  에폭 3963/4000 | 손실: 0.1408 | 검증손실: 0.3179 | 학습: 99.7% | 검증: 89.4% | lr: 1.80e-06 | 1.5s
  에폭 3964/4000 | 손실: 0.1406 | 검증손실: 0.3147 | 학습: 99.7% | 검증: 89.6% | lr: 1.80e-06 | 1.5s
  에폭 3965/4000 | 손실: 0.1354 | 검증손실: 0.3142 | 학습: 99.7% | 검증: 89.4% | lr: 1.80e-06 | 1.5s
  에폭 3966/4000 | 손실: 0.1416 | 검증손실: 0.3150 | 학습: 99.7% | 검증: 89.3% | lr: 1.80e-06 | 1.5s
  에폭 3967/4000 | 손실: 0.1343 | 검증손실: 0.3133 | 학습: 99.7% | 검증: 89.6% | lr: 1.80e-06 | 1.5s
  에폭 3968/4000 | 손실: 0.1436 | 검증손실: 0.3194 | 학습: 99.7% | 검증: 89.7% | lr: 1.80e-06 | 1.5s
  에폭 3969/4000 | 손실: 0.1400 | 검증손실: 0.3154 | 학습: 99.7% | 검증: 89.5% | lr: 1.80e-06 | 1.5s
  에폭 3970/4000 | 손실: 0.1441 | 검증손실: 0.3148 | 학습: 99.7% | 검증: 89.8% | lr: 1.80e-06 | 1.5s
  에폭 3971/4000 | 손실: 0.1396 | 검증손실: 0.3120 | 학습: 99.7% | 검증: 89.7% | lr: 1.80e-06 | 1.5s
  에폭 3972/4000 | 손실: 0.1364 | 검증손실: 0.3173 | 학습: 99.7% | 검증: 89.8% | lr: 1.80e-06 | 1.5s
  에폭 3973/4000 | 손실: 0.1325 | 검증손실: 0.3176 | 학습: 99.7% | 검증: 89.4% | lr: 1.80e-06 | 1.5s
  에폭 3974/4000 | 손실: 0.1413 | 검증손실: 0.3162 | 학습: 99.7% | 검증: 89.7% | lr: 1.80e-06 | 1.5s
  에폭 3975/4000 | 손실: 0.1382 | 검증손실: 0.3127 | 학습: 99.7% | 검증: 89.5% | lr: 1.80e-06 | 1.5s
  에폭 3976/4000 | 손실: 0.1385 | 검증손실: 0.3141 | 학습: 99.6% | 검증: 89.4% | lr: 1.80e-06 | 1.5s
  에폭 3977/4000 | 손실: 0.1378 | 검증손실: 0.3103 | 학습: 99.7% | 검증: 89.5% | lr: 1.80e-06 | 1.5s
  에폭 3978/4000 | 손실: 0.1426 | 검증손실: 0.3118 | 학습: 99.7% | 검증: 89.4% | lr: 1.80e-06 | 1.5s
  에폭 3979/4000 | 손실: 0.1405 | 검증손실: 0.3133 | 학습: 99.6% | 검증: 89.2% | lr: 1.80e-06 | 1.5s
  에폭 3980/4000 | 손실: 0.1406 | 검증손실: 0.3138 | 학습: 99.7% | 검증: 89.6% | lr: 1.80e-06 | 1.5s
  에폭 3981/4000 | 손실: 0.1409 | 검증손실: 0.3182 | 학습: 99.7% | 검증: 89.5% | lr: 1.80e-06 | 1.5s
  에폭 3982/4000 | 손실: 0.1397 | 검증손실: 0.3146 | 학습: 99.7% | 검증: 89.5% | lr: 1.80e-06 | 1.6s
  에폭 3983/4000 | 손실: 0.1406 | 검증손실: 0.3123 | 학습: 99.7% | 검증: 89.7% | lr: 1.80e-06 | 1.5s
  에폭 3984/4000 | 손실: 0.1455 | 검증손실: 0.3205 | 학습: 99.7% | 검증: 89.5% | lr: 1.80e-06 | 1.5s
  에폭 3985/4000 | 손실: 0.1388 | 검증손실: 0.3195 | 학습: 99.6% | 검증: 89.6% | lr: 1.80e-06 | 1.6s
  에폭 3986/4000 | 손실: 0.1383 | 검증손실: 0.3193 | 학습: 99.7% | 검증: 89.6% | lr: 1.80e-06 | 1.5s
  에폭 3987/4000 | 손실: 0.1382 | 검증손실: 0.3095 | 학습: 99.6% | 검증: 89.6% | lr: 1.80e-06 | 1.5s
  에폭 3988/4000 | 손실: 0.1330 | 검증손실: 0.3203 | 학습: 99.6% | 검증: 89.6% | lr: 1.80e-06 | 1.5s
  에폭 3989/4000 | 손실: 0.1384 | 검증손실: 0.3123 | 학습: 99.7% | 검증: 89.7% | lr: 1.80e-06 | 1.5s
  에폭 3990/4000 | 손실: 0.1406 | 검증손실: 0.3185 | 학습: 99.5% | 검증: 89.2% | lr: 1.80e-06 | 1.5s
  에폭 3991/4000 | 손실: 0.1456 | 검증손실: 0.3136 | 학습: 99.6% | 검증: 89.6% | lr: 1.80e-06 | 1.7s
  에폭 3992/4000 | 손실: 0.1386 | 검증손실: 0.3102 | 학습: 99.6% | 검증: 89.6% | lr: 1.80e-06 | 1.6s
  에폭 3993/4000 | 손실: 0.1351 | 검증손실: 0.3162 | 학습: 99.7% | 검증: 89.5% | lr: 1.80e-06 | 1.5s
  에폭 3994/4000 | 손실: 0.1365 | 검증손실: 0.3127 | 학습: 99.6% | 검증: 89.8% | lr: 1.80e-06 | 1.5s
  에폭 3995/4000 | 손실: 0.1372 | 검증손실: 0.3100 | 학습: 99.7% | 검증: 89.4% | lr: 1.80e-06 | 1.5s
  에폭 3996/4000 | 손실: 0.1398 | 검증손실: 0.3098 | 학습: 99.7% | 검증: 89.8% | lr: 1.80e-06 | 1.5s
  에폭 3997/4000 | 손실: 0.1400 | 검증손실: 0.3076 | 학습: 99.7% | 검증: 89.7% | lr: 1.80e-06 | 1.6s
  에폭 3998/4000 | 손실: 0.1406 | 검증손실: 0.3145 | 학습: 99.7% | 검증: 89.7% | lr: 1.80e-06 | 1.5s
  에폭 3999/4000 | 손실: 0.1387 | 검증손실: 0.3139 | 학습: 99.7% | 검증: 89.3% | lr: 1.80e-06 | 1.6s
  에폭 4000/4000 | 손실: 0.1390 | 검증손실: 0.3133 | 학습: 99.7% | 검증: 89.9% | lr: 1.80e-06 | 1.5s
[MLP] ✅ 학습 완료 | [256 → 128 → 64 → 32] | 최고 검증 정확도: 90.0%  (베스트 체크포인트 복원됨)
[MLP] ⏱  전체 학습 시간: 107분 55초 (6475.2s)
[MLP] ── Permutation Importance (베이스라인 정확도: 90.0%) ─
   1. CENTROID                      Δacc=++0.2974  ███████████████████████████████████████████████████████████  (스펙트럼 무게중심)
   2. SKEWNESS                      Δacc=++0.2892  ██████████████████████████████████████████████████████████  (스펙트럼 비대칭도)
   3. SPECTRAL_ROLLOFF              Δacc=++0.2264  █████████████████████████████████████████████  (스펙트럼 롤오프)
   4. HIGH_RATIO                    Δacc=++0.2228  █████████████████████████████████████████████  (고주파 비율 (10Hz↑))
   5. SPECTRAL_BANDWIDTH            Δacc=++0.2221  ████████████████████████████████████████████  (스펙트럼 대역폭)
   6. MID_RATIO                     Δacc=++0.2051  █████████████████████████████████████████  (중주파 비율 (5~10Hz))
   7. LOW_RATIO                     Δacc=++0.2016  ████████████████████████████████████████  (저주파 비율 (0~5Hz))
   8. SPECTRAL_FLATNESS             Δacc=++0.1992  ████████████████████████████████████████  (스펙트럼 평탄도)
   9. KURTOSIS                      Δacc=++0.1757  ███████████████████████████████████  (에너지 분포 첨도)
  10. PEAK_FREQ                     Δacc=++0.1382  ████████████████████████████  (1위 피크 주파수)
  11. PEAK_TO_AVG_E                 Δacc=++0.1340  ███████████████████████████  (피크/평균 에너지 비)
  12. SECOND_PEAK_FREQ              Δacc=++0.0769  ███████████████  (2번째 피크 주파수)
  13. PEAK1_TO_PEAK2_RATIO          Δacc=++0.0760  ███████████████  (1·2위 피크 비율)
  14. PEAK_COUNT                    Δacc=++0.0616  ████████████  (피크 빈 개수)
  15. RMS                           Δacc=++0.0543  ███████████  (RMS 에너지)
  16. DC_RATIO                      Δacc=++0.0480  ██████████  (DC 성분 비율)
  17. AVG_ENERGY                    Δacc=++0.0175  ███  (평균 에너지)
  18. PEAK_ENERGY                   Δacc=++0.0129  ███  (피크 에너지)
  19. DELTA_PEAK_FREQ               Δacc=++0.0085  ██  (피크 주파수 변화량)
  20. ENERGY_VARIANCE               Δacc=++0.0044  █  (에너지 분산)
  21. LOW_TO_HIGH_RATIO             Δacc=++0.0043  █  (저/고주파 에너지 비율)
[MLP] ─────────────────────────────────────────────
[MLP] 특징 중요도 저장 → c:\Users\iSEN\Desktop\project\iSENSOR_UART_DEBUGER\AI\mlp\models\MLP_24741_F21_L256-128-64-32_b64_D3_LR1e-4_LRF8_LRP150_ep4000_0512_165609\MLP_24741_F21_L256-128-64-32_b64_D3_LR1e-4_LRF8_LRP150_ep4000_0512_165609_importance.json
[MLP] 저장 완료 → c:\Users\iSEN\Desktop\project\iSENSOR_UART_DEBUGER\AI\mlp\models\mlp_weights.pt  (추론용)
[MLP] 버전 보관 → c:\Users\iSEN\Desktop\project\iSENSOR_UART_DEBUGER\AI\mlp\models\MLP_24741_F21_L256-128-64-32_b64_D3_LR1e-4_LRF8_LRP150_ep4000_0512_165609/
[MLP] 📊 학습 이력 저장 → c:\Users\iSEN\Desktop\project\iSENSOR_UART_DEBUGER\AI\mlp\models\train_history.json

  ── 이전 학습과 비교 ──────────────────────────────────────────────────
  지표                                  이전          현재  변화
  ────────────────────────────────────────────────────────────────────
  최고 검증 정확도                        68.4%       90.0%  +21.6%p  ↑ 개선
  최소 검증 손실                        0.5604      0.2958  0.2646  ↑ 개선
  사람 Recall (탐지율) TPR              50.6%       88.3%  +37.7%p  ↑ 개선
  사람 오탐률 (눈침) FNR                  49.4%       11.7%  37.8%p  ↑ 개선
  배경 정확 탐지율 TNR                    86.3%       91.7%  +5.5%p  ↑ 개선
  배경 오탐률 (오경보) FPR                 13.7%        8.3%  5.5%p  ↑ 개선
  사람 F1 Score                     0.6155      0.8984  +0.2829  ↑ 개선
  베스트 에폭                              16        3738  +3722

