[MLP]   svm_data_20260507_133636.csv                       24741샘플
[MLP] CSV 로드  →  총 24741샘플
[MLP] 로드 완료 | 전체: 24741개  (배경: 12371, 사람: 12370)
[MLP] 특징 모드: ESP32 (21개)
[MLP] 학습: 19792개 (80%)  검증: 4949개 (20%)  [비율고정: 유지 | 분리시드: 42]
[MLP] 스케일러: StandardScaler (z-score)
[MLP] ━━━━━━━━━━━━━━━━━━━━━━━━━━━━━━━━━━━━━━━━━━━━━━━
[MLP]  디바이스: cpu
[MLP]  구조: 21 → 128 → 64 → 32 → 2
[MLP]  에폭: 1500  배치: 128  LR: 2.00e-03  Dropout: 0.2
[MLP]  Early Stop: 비활성화
[MLP]  LR 스케줄러: patience=50  factor=0.5  min_lr=1e-6
[MLP]  검증 비율: 20%  분리 비율고정: 유지  분리 시드: 42
[MLP]  스케일러: StandardScaler  특징 모드: ESP32
[MLP]  사용 특징 (21개): SPECTRAL_ROLLOFF, SPECTRAL_BANDWIDTH, PEAK_COUNT, MID_RATIO, LOW_TO_HIGH_RATIO, SECOND_PEAK_FREQ, KURTOSIS, CENTROID, PEAK_FREQ, LOW_RATIO, RMS, AVG_ENERGY, PEAK_ENERGY, ENERGY_VARIANCE, PEAK_TO_AVG_E, HIGH_RATIO, PEAK1_TO_PEAK2_RATIO, SKEWNESS, DC_RATIO, DELTA_PEAK_FREQ, SPECTRAL_FLATNESS
[MLP] ━━━━━━━━━━━━━━━━━━━━━━━━━━━━━━━━━━━━━━━━━━━━━━━
  에폭   1/1500 | 손실: 0.5967 | 검증손실: 0.5873 | 학습: 66.7% | 검증: 65.4% | lr: 2.00e-03 | 0.3s ★
  에폭   2/1500 | 손실: 0.5796 | 검증손실: 0.5811 | 학습: 68.2% | 검증: 66.2% | lr: 2.00e-03 | 0.4s ★
  에폭   3/1500 | 손실: 0.5738 | 검증손실: 0.5688 | 학습: 69.4% | 검증: 67.4% | lr: 2.00e-03 | 0.3s ★
  에폭   4/1500 | 손실: 0.5648 | 검증손실: 0.5649 | 학습: 70.1% | 검증: 67.5% | lr: 2.00e-03 | 0.3s ★
  에폭   5/1500 | 손실: 0.5618 | 검증손실: 0.5611 | 학습: 70.5% | 검증: 68.3% | lr: 2.00e-03 | 0.3s ★
  에폭   6/1500 | 손실: 0.5542 | 검증손실: 0.5512 | 학습: 70.7% | 검증: 68.6% | lr: 2.00e-03 | 0.3s ★
  에폭   7/1500 | 손실: 0.5493 | 검증손실: 0.5490 | 학습: 72.7% | 검증: 69.3% | lr: 2.00e-03 | 0.4s ★
  에폭   8/1500 | 손실: 0.5419 | 검증손실: 0.5378 | 학습: 73.0% | 검증: 70.1% | lr: 2.00e-03 | 0.3s ★
  에폭   9/1500 | 손실: 0.5372 | 검증손실: 0.5405 | 학습: 73.0% | 검증: 70.5% | lr: 2.00e-03 | 0.3s ★
  에폭  10/1500 | 손실: 0.5322 | 검증손실: 0.5408 | 학습: 73.4% | 검증: 70.7% | lr: 2.00e-03 | 0.3s ★
  에폭  11/1500 | 손실: 0.5294 | 검증손실: 0.5235 | 학습: 74.7% | 검증: 71.7% | lr: 2.00e-03 | 0.3s ★
  에폭  12/1500 | 손실: 0.5244 | 검증손실: 0.5238 | 학습: 74.7% | 검증: 72.3% | lr: 2.00e-03 | 0.3s ★
  에폭  13/1500 | 손실: 0.5177 | 검증손실: 0.5189 | 학습: 75.4% | 검증: 72.9% | lr: 2.00e-03 | 0.3s ★
  에폭  14/1500 | 손실: 0.5127 | 검증손실: 0.5146 | 학습: 75.7% | 검증: 72.5% | lr: 2.00e-03 | 0.3s
  에폭  15/1500 | 손실: 0.5070 | 검증손실: 0.5132 | 학습: 75.9% | 검증: 72.2% | lr: 2.00e-03 | 0.3s
  에폭  16/1500 | 손실: 0.5057 | 검증손실: 0.5035 | 학습: 76.9% | 검증: 74.3% | lr: 2.00e-03 | 0.3s ★
  에폭  17/1500 | 손실: 0.5009 | 검증손실: 0.5020 | 학습: 76.8% | 검증: 73.8% | lr: 2.00e-03 | 0.3s
  에폭  18/1500 | 손실: 0.4954 | 검증손실: 0.4984 | 학습: 77.4% | 검증: 74.1% | lr: 2.00e-03 | 0.3s
  에폭  19/1500 | 손실: 0.4936 | 검증손실: 0.4894 | 학습: 78.6% | 검증: 74.9% | lr: 2.00e-03 | 0.3s ★
  에폭  20/1500 | 손실: 0.4909 | 검증손실: 0.4955 | 학습: 78.3% | 검증: 75.4% | lr: 2.00e-03 | 0.3s ★
  에폭  21/1500 | 손실: 0.4861 | 검증손실: 0.4935 | 학습: 78.4% | 검증: 74.6% | lr: 2.00e-03 | 0.3s
  에폭  22/1500 | 손실: 0.4809 | 검증손실: 0.4897 | 학습: 78.3% | 검증: 74.5% | lr: 2.00e-03 | 0.3s
  에폭  23/1500 | 손실: 0.4789 | 검증손실: 0.4774 | 학습: 79.3% | 검증: 75.9% | lr: 2.00e-03 | 0.3s ★
  에폭  24/1500 | 손실: 0.4779 | 검증손실: 0.4745 | 학습: 79.0% | 검증: 75.8% | lr: 2.00e-03 | 0.3s
  에폭  25/1500 | 손실: 0.4703 | 검증손실: 0.4810 | 학습: 79.6% | 검증: 75.3% | lr: 2.00e-03 | 0.3s
  에폭  26/1500 | 손실: 0.4704 | 검증손실: 0.4727 | 학습: 80.1% | 검증: 76.7% | lr: 2.00e-03 | 0.3s ★
  에폭  27/1500 | 손실: 0.4661 | 검증손실: 0.4630 | 학습: 80.3% | 검증: 76.5% | lr: 2.00e-03 | 0.3s
  에폭  28/1500 | 손실: 0.4629 | 검증손실: 0.4703 | 학습: 80.5% | 검증: 76.4% | lr: 2.00e-03 | 0.3s
  에폭  29/1500 | 손실: 0.4586 | 검증손실: 0.4609 | 학습: 80.7% | 검증: 76.8% | lr: 2.00e-03 | 0.3s ★
  에폭  30/1500 | 손실: 0.4545 | 검증손실: 0.4606 | 학습: 81.0% | 검증: 76.9% | lr: 2.00e-03 | 0.3s ★
  에폭  31/1500 | 손실: 0.4555 | 검증손실: 0.4562 | 학습: 80.8% | 검증: 77.4% | lr: 2.00e-03 | 0.3s ★
  에폭  32/1500 | 손실: 0.4564 | 검증손실: 0.4537 | 학습: 81.4% | 검증: 77.5% | lr: 2.00e-03 | 0.3s ★
  에폭  33/1500 | 손실: 0.4481 | 검증손실: 0.4608 | 학습: 81.2% | 검증: 77.5% | lr: 2.00e-03 | 0.3s
  에폭  34/1500 | 손실: 0.4524 | 검증손실: 0.4568 | 학습: 81.7% | 검증: 77.6% | lr: 2.00e-03 | 0.3s ★
  에폭  35/1500 | 손실: 0.4458 | 검증손실: 0.4506 | 학습: 81.9% | 검증: 77.9% | lr: 2.00e-03 | 0.3s ★
  에폭  36/1500 | 손실: 0.4473 | 검증손실: 0.4530 | 학습: 81.8% | 검증: 77.9% | lr: 2.00e-03 | 0.3s ★
  에폭  37/1500 | 손실: 0.4402 | 검증손실: 0.4460 | 학습: 82.3% | 검증: 78.6% | lr: 2.00e-03 | 0.3s ★
  에폭  38/1500 | 손실: 0.4393 | 검증손실: 0.4456 | 학습: 82.2% | 검증: 78.1% | lr: 2.00e-03 | 0.3s
  에폭  39/1500 | 손실: 0.4404 | 검증손실: 0.4534 | 학습: 82.3% | 검증: 78.0% | lr: 2.00e-03 | 0.3s
  에폭  40/1500 | 손실: 0.4378 | 검증손실: 0.4470 | 학습: 82.8% | 검증: 78.7% | lr: 2.00e-03 | 0.3s ★
  에폭  41/1500 | 손실: 0.4369 | 검증손실: 0.4439 | 학습: 83.1% | 검증: 78.7% | lr: 2.00e-03 | 0.3s ★
  에폭  42/1500 | 손실: 0.4319 | 검증손실: 0.4391 | 학습: 82.9% | 검증: 78.7% | lr: 2.00e-03 | 0.3s
  에폭  43/1500 | 손실: 0.4302 | 검증손실: 0.4411 | 학습: 83.5% | 검증: 78.5% | lr: 2.00e-03 | 0.3s
  에폭  44/1500 | 손실: 0.4267 | 검증손실: 0.4453 | 학습: 82.7% | 검증: 78.6% | lr: 2.00e-03 | 0.3s
  에폭  45/1500 | 손실: 0.4259 | 검증손실: 0.4387 | 학습: 83.3% | 검증: 78.9% | lr: 2.00e-03 | 0.3s ★
  에폭  46/1500 | 손실: 0.4236 | 검증손실: 0.4397 | 학습: 83.2% | 검증: 78.8% | lr: 2.00e-03 | 0.3s
  에폭  47/1500 | 손실: 0.4248 | 검증손실: 0.4408 | 학습: 82.8% | 검증: 78.9% | lr: 2.00e-03 | 0.3s ★
  에폭  48/1500 | 손실: 0.4249 | 검증손실: 0.4288 | 학습: 83.8% | 검증: 79.3% | lr: 2.00e-03 | 0.3s ★
  에폭  49/1500 | 손실: 0.4208 | 검증손실: 0.4288 | 학습: 84.0% | 검증: 79.9% | lr: 2.00e-03 | 0.3s ★
  에폭  50/1500 | 손실: 0.4166 | 검증손실: 0.4258 | 학습: 84.2% | 검증: 79.5% | lr: 2.00e-03 | 0.3s
  에폭  51/1500 | 손실: 0.4188 | 검증손실: 0.4271 | 학습: 84.1% | 검증: 80.0% | lr: 2.00e-03 | 0.3s ★
  에폭  52/1500 | 손실: 0.4102 | 검증손실: 0.4260 | 학습: 84.1% | 검증: 79.3% | lr: 2.00e-03 | 0.3s
  에폭  53/1500 | 손실: 0.4113 | 검증손실: 0.4176 | 학습: 84.6% | 검증: 80.4% | lr: 2.00e-03 | 0.3s ★
  에폭  54/1500 | 손실: 0.4055 | 검증손실: 0.4267 | 학습: 84.7% | 검증: 79.3% | lr: 2.00e-03 | 0.3s
  에폭  55/1500 | 손실: 0.4105 | 검증손실: 0.4246 | 학습: 84.6% | 검증: 79.7% | lr: 2.00e-03 | 0.3s
  에폭  56/1500 | 손실: 0.4112 | 검증손실: 0.4265 | 학습: 84.7% | 검증: 79.8% | lr: 2.00e-03 | 0.3s
  에폭  57/1500 | 손실: 0.4100 | 검증손실: 0.4199 | 학습: 84.8% | 검증: 79.8% | lr: 2.00e-03 | 0.3s
  에폭  58/1500 | 손실: 0.4141 | 검증손실: 0.4224 | 학습: 84.5% | 검증: 80.1% | lr: 2.00e-03 | 0.3s
  에폭  59/1500 | 손실: 0.4060 | 검증손실: 0.4152 | 학습: 85.4% | 검증: 80.4% | lr: 2.00e-03 | 0.3s
  에폭  60/1500 | 손실: 0.4022 | 검증손실: 0.4171 | 학습: 85.4% | 검증: 80.3% | lr: 2.00e-03 | 0.3s
  에폭  61/1500 | 손실: 0.3971 | 검증손실: 0.4147 | 학습: 85.8% | 검증: 80.8% | lr: 2.00e-03 | 0.3s ★
  에폭  62/1500 | 손실: 0.3946 | 검증손실: 0.4126 | 학습: 85.8% | 검증: 80.3% | lr: 2.00e-03 | 0.3s
  에폭  63/1500 | 손실: 0.3949 | 검증손실: 0.4108 | 학습: 85.4% | 검증: 80.1% | lr: 2.00e-03 | 0.3s
  에폭  64/1500 | 손실: 0.3969 | 검증손실: 0.4046 | 학습: 85.7% | 검증: 80.7% | lr: 2.00e-03 | 0.3s
  에폭  65/1500 | 손실: 0.3971 | 검증손실: 0.4084 | 학습: 85.7% | 검증: 80.2% | lr: 2.00e-03 | 0.3s
  에폭  66/1500 | 손실: 0.3945 | 검증손실: 0.4128 | 학습: 85.6% | 검증: 80.5% | lr: 2.00e-03 | 0.3s
  에폭  67/1500 | 손실: 0.3883 | 검증손실: 0.4015 | 학습: 86.2% | 검증: 80.5% | lr: 2.00e-03 | 0.3s
  에폭  68/1500 | 손실: 0.3887 | 검증손실: 0.3989 | 학습: 86.7% | 검증: 81.0% | lr: 2.00e-03 | 0.3s ★
  에폭  69/1500 | 손실: 0.3935 | 검증손실: 0.4028 | 학습: 86.3% | 검증: 80.9% | lr: 2.00e-03 | 0.3s
  에폭  70/1500 | 손실: 0.3929 | 검증손실: 0.4010 | 학습: 86.7% | 검증: 80.9% | lr: 2.00e-03 | 0.3s
  에폭  71/1500 | 손실: 0.3887 | 검증손실: 0.4006 | 학습: 87.1% | 검증: 81.2% | lr: 2.00e-03 | 0.3s ★
  에폭  72/1500 | 손실: 0.3839 | 검증손실: 0.3966 | 학습: 86.8% | 검증: 81.0% | lr: 2.00e-03 | 0.3s
  에폭  73/1500 | 손실: 0.3900 | 검증손실: 0.3936 | 학습: 87.2% | 검증: 81.8% | lr: 2.00e-03 | 0.3s ★
  에폭  74/1500 | 손실: 0.3854 | 검증손실: 0.4053 | 학습: 86.7% | 검증: 81.5% | lr: 2.00e-03 | 0.3s
  에폭  75/1500 | 손실: 0.3841 | 검증손실: 0.4044 | 학습: 86.8% | 검증: 81.2% | lr: 2.00e-03 | 0.3s
  에폭  76/1500 | 손실: 0.3815 | 검증손실: 0.3985 | 학습: 87.0% | 검증: 81.2% | lr: 2.00e-03 | 0.3s
  에폭  77/1500 | 손실: 0.3850 | 검증손실: 0.4014 | 학습: 87.4% | 검증: 82.4% | lr: 2.00e-03 | 0.3s ★
  에폭  78/1500 | 손실: 0.3809 | 검증손실: 0.3931 | 학습: 87.5% | 검증: 82.1% | lr: 2.00e-03 | 0.3s
  에폭  79/1500 | 손실: 0.3748 | 검증손실: 0.3962 | 학습: 86.9% | 검증: 82.1% | lr: 2.00e-03 | 0.3s
  에폭  80/1500 | 손실: 0.3798 | 검증손실: 0.3955 | 학습: 87.2% | 검증: 81.3% | lr: 2.00e-03 | 0.3s
  에폭  81/1500 | 손실: 0.3798 | 검증손실: 0.3900 | 학습: 87.6% | 검증: 82.3% | lr: 2.00e-03 | 0.3s
  에폭  82/1500 | 손실: 0.3703 | 검증손실: 0.3969 | 학습: 87.7% | 검증: 81.3% | lr: 2.00e-03 | 0.3s
  에폭  83/1500 | 손실: 0.3756 | 검증손실: 0.3905 | 학습: 87.5% | 검증: 82.4% | lr: 2.00e-03 | 0.3s ★
  에폭  84/1500 | 손실: 0.3737 | 검증손실: 0.3887 | 학습: 87.7% | 검증: 82.6% | lr: 2.00e-03 | 0.3s ★
  에폭  85/1500 | 손실: 0.3776 | 검증손실: 0.3959 | 학습: 87.3% | 검증: 82.1% | lr: 2.00e-03 | 0.3s
  에폭  86/1500 | 손실: 0.3781 | 검증손실: 0.3923 | 학습: 87.2% | 검증: 81.7% | lr: 2.00e-03 | 0.3s
  에폭  87/1500 | 손실: 0.3678 | 검증손실: 0.3892 | 학습: 87.9% | 검증: 82.5% | lr: 2.00e-03 | 0.3s
  에폭  88/1500 | 손실: 0.3753 | 검증손실: 0.3884 | 학습: 88.0% | 검증: 81.7% | lr: 2.00e-03 | 0.3s
  에폭  89/1500 | 손실: 0.3659 | 검증손실: 0.3863 | 학습: 88.1% | 검증: 82.3% | lr: 2.00e-03 | 0.3s
  에폭  90/1500 | 손실: 0.3756 | 검증손실: 0.3779 | 학습: 88.4% | 검증: 82.4% | lr: 2.00e-03 | 0.3s
  에폭  91/1500 | 손실: 0.3639 | 검증손실: 0.3877 | 학습: 88.2% | 검증: 82.5% | lr: 2.00e-03 | 0.3s
  에폭  92/1500 | 손실: 0.3616 | 검증손실: 0.3869 | 학습: 88.3% | 검증: 82.4% | lr: 2.00e-03 | 0.4s
  에폭  93/1500 | 손실: 0.3640 | 검증손실: 0.3915 | 학습: 87.7% | 검증: 82.1% | lr: 2.00e-03 | 0.3s
  에폭  94/1500 | 손실: 0.3669 | 검증손실: 0.3789 | 학습: 88.8% | 검증: 83.0% | lr: 2.00e-03 | 0.3s ★
  에폭  95/1500 | 손실: 0.3652 | 검증손실: 0.3844 | 학습: 88.2% | 검증: 82.8% | lr: 2.00e-03 | 0.3s
  에폭  96/1500 | 손실: 0.3647 | 검증손실: 0.3776 | 학습: 88.2% | 검증: 82.4% | lr: 2.00e-03 | 0.3s
  에폭  97/1500 | 손실: 0.3677 | 검증손실: 0.3872 | 학습: 88.8% | 검증: 82.3% | lr: 2.00e-03 | 0.3s
  에폭  98/1500 | 손실: 0.3641 | 검증손실: 0.3880 | 학습: 87.9% | 검증: 82.1% | lr: 2.00e-03 | 0.3s
  에폭  99/1500 | 손실: 0.3590 | 검증손실: 0.3830 | 학습: 88.3% | 검증: 82.6% | lr: 2.00e-03 | 0.3s
  에폭 100/1500 | 손실: 0.3600 | 검증손실: 0.3842 | 학습: 89.1% | 검증: 82.7% | lr: 2.00e-03 | 0.3s
  에폭 101/1500 | 손실: 0.3567 | 검증손실: 0.3832 | 학습: 88.6% | 검증: 82.7% | lr: 2.00e-03 | 0.3s
  에폭 102/1500 | 손실: 0.3656 | 검증손실: 0.3922 | 학습: 88.3% | 검증: 82.3% | lr: 2.00e-03 | 0.3s
  에폭 103/1500 | 손실: 0.3583 | 검증손실: 0.3789 | 학습: 89.2% | 검증: 83.0% | lr: 2.00e-03 | 0.3s
  에폭 104/1500 | 손실: 0.3633 | 검증손실: 0.3769 | 학습: 89.0% | 검증: 83.0% | lr: 2.00e-03 | 0.3s ★
  에폭 105/1500 | 손실: 0.3587 | 검증손실: 0.3740 | 학습: 89.3% | 검증: 83.2% | lr: 2.00e-03 | 0.3s ★
  에폭 106/1500 | 손실: 0.3579 | 검증손실: 0.3762 | 학습: 89.0% | 검증: 83.0% | lr: 2.00e-03 | 0.3s
  에폭 107/1500 | 손실: 0.3593 | 검증손실: 0.3751 | 학습: 89.2% | 검증: 83.1% | lr: 2.00e-03 | 0.3s
  에폭 108/1500 | 손실: 0.3593 | 검증손실: 0.3789 | 학습: 89.1% | 검증: 83.0% | lr: 2.00e-03 | 0.3s
  에폭 109/1500 | 손실: 0.3569 | 검증손실: 0.3807 | 학습: 89.0% | 검증: 83.4% | lr: 2.00e-03 | 0.3s ★
  에폭 110/1500 | 손실: 0.3476 | 검증손실: 0.3774 | 학습: 89.3% | 검증: 83.2% | lr: 2.00e-03 | 0.3s
  에폭 111/1500 | 손실: 0.3547 | 검증손실: 0.3775 | 학습: 89.2% | 검증: 83.2% | lr: 2.00e-03 | 0.3s
  에폭 112/1500 | 손실: 0.3548 | 검증손실: 0.3814 | 학습: 88.6% | 검증: 82.2% | lr: 2.00e-03 | 0.3s
  에폭 113/1500 | 손실: 0.3521 | 검증손실: 0.3773 | 학습: 89.3% | 검증: 83.1% | lr: 2.00e-03 | 0.3s
  에폭 114/1500 | 손실: 0.3575 | 검증손실: 0.3814 | 학습: 88.8% | 검증: 83.1% | lr: 2.00e-03 | 0.3s
  에폭 115/1500 | 손실: 0.3521 | 검증손실: 0.3765 | 학습: 89.1% | 검증: 83.2% | lr: 2.00e-03 | 0.3s
  에폭 116/1500 | 손실: 0.3456 | 검증손실: 0.3740 | 학습: 89.5% | 검증: 83.2% | lr: 2.00e-03 | 0.3s
  에폭 117/1500 | 손실: 0.3507 | 검증손실: 0.3765 | 학습: 89.1% | 검증: 83.5% | lr: 2.00e-03 | 0.3s ★
  에폭 118/1500 | 손실: 0.3493 | 검증손실: 0.3775 | 학습: 89.0% | 검증: 83.3% | lr: 2.00e-03 | 0.3s
  에폭 119/1500 | 손실: 0.3518 | 검증손실: 0.3819 | 학습: 89.4% | 검증: 82.6% | lr: 2.00e-03 | 0.3s
  에폭 120/1500 | 손실: 0.3471 | 검증손실: 0.3755 | 학습: 89.2% | 검증: 83.1% | lr: 2.00e-03 | 0.3s
  에폭 121/1500 | 손실: 0.3504 | 검증손실: 0.3666 | 학습: 89.8% | 검증: 83.9% | lr: 2.00e-03 | 0.3s ★
  에폭 122/1500 | 손실: 0.3426 | 검증손실: 0.3693 | 학습: 89.6% | 검증: 83.5% | lr: 2.00e-03 | 0.3s
  에폭 123/1500 | 손실: 0.3494 | 검증손실: 0.3747 | 학습: 89.2% | 검증: 83.2% | lr: 2.00e-03 | 0.3s
  에폭 124/1500 | 손실: 0.3495 | 검증손실: 0.3767 | 학습: 89.1% | 검증: 83.1% | lr: 2.00e-03 | 0.3s
  에폭 125/1500 | 손실: 0.3413 | 검증손실: 0.3698 | 학습: 89.8% | 검증: 83.2% | lr: 2.00e-03 | 0.3s
  에폭 126/1500 | 손실: 0.3463 | 검증손실: 0.3732 | 학습: 89.8% | 검증: 83.1% | lr: 2.00e-03 | 0.3s
  에폭 127/1500 | 손실: 0.3456 | 검증손실: 0.3874 | 학습: 89.0% | 검증: 82.0% | lr: 2.00e-03 | 0.3s
  에폭 128/1500 | 손실: 0.3448 | 검증손실: 0.3731 | 학습: 89.8% | 검증: 83.7% | lr: 2.00e-03 | 0.3s
  에폭 129/1500 | 손실: 0.3445 | 검증손실: 0.3855 | 학습: 89.4% | 검증: 82.9% | lr: 2.00e-03 | 0.3s
  에폭 130/1500 | 손실: 0.3419 | 검증손실: 0.3642 | 학습: 90.2% | 검증: 84.0% | lr: 2.00e-03 | 0.3s ★
  에폭 131/1500 | 손실: 0.3397 | 검증손실: 0.3715 | 학습: 90.1% | 검증: 83.3% | lr: 2.00e-03 | 0.3s
  에폭 132/1500 | 손실: 0.3376 | 검증손실: 0.3670 | 학습: 89.8% | 검증: 83.7% | lr: 2.00e-03 | 0.3s
  에폭 133/1500 | 손실: 0.3413 | 검증손실: 0.3725 | 학습: 90.2% | 검증: 83.8% | lr: 2.00e-03 | 0.3s
  에폭 134/1500 | 손실: 0.3401 | 검증손실: 0.3725 | 학습: 89.8% | 검증: 83.7% | lr: 2.00e-03 | 0.3s
  에폭 135/1500 | 손실: 0.3363 | 검증손실: 0.3658 | 학습: 90.2% | 검증: 83.8% | lr: 2.00e-03 | 0.3s
  에폭 136/1500 | 손실: 0.3352 | 검증손실: 0.3659 | 학습: 90.4% | 검증: 83.7% | lr: 2.00e-03 | 0.3s
  에폭 137/1500 | 손실: 0.3396 | 검증손실: 0.3739 | 학습: 90.0% | 검증: 83.2% | lr: 2.00e-03 | 0.3s
  에폭 138/1500 | 손실: 0.3339 | 검증손실: 0.3739 | 학습: 90.6% | 검증: 84.0% | lr: 2.00e-03 | 0.3s ★
  에폭 139/1500 | 손실: 0.3365 | 검증손실: 0.3723 | 학습: 90.0% | 검증: 83.6% | lr: 2.00e-03 | 0.3s
  에폭 140/1500 | 손실: 0.3382 | 검증손실: 0.3712 | 학습: 90.2% | 검증: 83.6% | lr: 2.00e-03 | 0.3s
  에폭 141/1500 | 손실: 0.3380 | 검증손실: 0.3734 | 학습: 90.4% | 검증: 83.6% | lr: 2.00e-03 | 0.3s
  에폭 142/1500 | 손실: 0.3376 | 검증손실: 0.3765 | 학습: 89.9% | 검증: 83.4% | lr: 2.00e-03 | 0.3s
  에폭 143/1500 | 손실: 0.3378 | 검증손실: 0.3679 | 학습: 90.4% | 검증: 83.6% | lr: 2.00e-03 | 0.3s
  에폭 144/1500 | 손실: 0.3348 | 검증손실: 0.3766 | 학습: 90.4% | 검증: 83.6% | lr: 2.00e-03 | 0.3s
  에폭 145/1500 | 손실: 0.3319 | 검증손실: 0.3627 | 학습: 90.6% | 검증: 83.9% | lr: 2.00e-03 | 0.3s
  에폭 146/1500 | 손실: 0.3368 | 검증손실: 0.3708 | 학습: 90.3% | 검증: 84.0% | lr: 2.00e-03 | 0.3s
  에폭 147/1500 | 손실: 0.3355 | 검증손실: 0.3627 | 학습: 90.9% | 검증: 83.8% | lr: 2.00e-03 | 0.3s
  에폭 148/1500 | 손실: 0.3367 | 검증손실: 0.3682 | 학습: 90.3% | 검증: 83.7% | lr: 2.00e-03 | 0.3s
  에폭 149/1500 | 손실: 0.3311 | 검증손실: 0.3661 | 학습: 90.7% | 검증: 83.9% | lr: 2.00e-03 | 0.3s
  에폭 150/1500 | 손실: 0.3344 | 검증손실: 0.3680 | 학습: 91.0% | 검증: 84.1% | lr: 2.00e-03 | 0.3s ★
  에폭 151/1500 | 손실: 0.3306 | 검증손실: 0.3792 | 학습: 90.7% | 검증: 83.6% | lr: 2.00e-03 | 0.3s
  에폭 152/1500 | 손실: 0.3315 | 검증손실: 0.3720 | 학습: 90.8% | 검증: 83.9% | lr: 2.00e-03 | 0.3s
  에폭 153/1500 | 손실: 0.3287 | 검증손실: 0.3713 | 학습: 90.4% | 검증: 84.0% | lr: 2.00e-03 | 0.3s
  에폭 154/1500 | 손실: 0.3330 | 검증손실: 0.3686 | 학습: 90.6% | 검증: 84.1% | lr: 2.00e-03 | 0.3s
  에폭 155/1500 | 손실: 0.3329 | 검증손실: 0.3693 | 학습: 91.0% | 검증: 83.9% | lr: 2.00e-03 | 0.3s
  에폭 156/1500 | 손실: 0.3350 | 검증손실: 0.3646 | 학습: 90.7% | 검증: 83.9% | lr: 2.00e-03 | 0.3s
  에폭 157/1500 | 손실: 0.3316 | 검증손실: 0.3689 | 학습: 90.7% | 검증: 83.3% | lr: 2.00e-03 | 0.3s
  에폭 158/1500 | 손실: 0.3350 | 검증손실: 0.3608 | 학습: 90.9% | 검증: 84.3% | lr: 2.00e-03 | 0.3s ★
  에폭 159/1500 | 손실: 0.3310 | 검증손실: 0.3707 | 학습: 90.7% | 검증: 83.7% | lr: 2.00e-03 | 0.3s
  에폭 160/1500 | 손실: 0.3299 | 검증손실: 0.3633 | 학습: 91.1% | 검증: 84.3% | lr: 2.00e-03 | 0.3s ★
  에폭 161/1500 | 손실: 0.3313 | 검증손실: 0.3662 | 학습: 90.8% | 검증: 83.8% | lr: 2.00e-03 | 0.3s
  에폭 162/1500 | 손실: 0.3310 | 검증손실: 0.3564 | 학습: 91.2% | 검증: 84.5% | lr: 2.00e-03 | 0.3s ★
  에폭 163/1500 | 손실: 0.3248 | 검증손실: 0.3674 | 학습: 90.5% | 검증: 84.6% | lr: 2.00e-03 | 0.3s ★
  에폭 164/1500 | 손실: 0.3272 | 검증손실: 0.3642 | 학습: 90.8% | 검증: 84.1% | lr: 2.00e-03 | 0.3s
  에폭 165/1500 | 손실: 0.3276 | 검증손실: 0.3608 | 학습: 90.9% | 검증: 84.6% | lr: 2.00e-03 | 0.3s
  에폭 166/1500 | 손실: 0.3308 | 검증손실: 0.3725 | 학습: 90.8% | 검증: 84.0% | lr: 2.00e-03 | 0.3s
  에폭 167/1500 | 손실: 0.3342 | 검증손실: 0.3734 | 학습: 90.7% | 검증: 83.7% | lr: 2.00e-03 | 0.3s
  에폭 168/1500 | 손실: 0.3237 | 검증손실: 0.3647 | 학습: 91.0% | 검증: 84.2% | lr: 2.00e-03 | 0.3s
  에폭 169/1500 | 손실: 0.3246 | 검증손실: 0.3639 | 학습: 90.8% | 검증: 84.0% | lr: 2.00e-03 | 0.3s
  에폭 170/1500 | 손실: 0.3269 | 검증손실: 0.3660 | 학습: 91.1% | 검증: 83.7% | lr: 2.00e-03 | 0.3s
  에폭 171/1500 | 손실: 0.3272 | 검증손실: 0.3629 | 학습: 90.9% | 검증: 83.9% | lr: 2.00e-03 | 0.3s
  에폭 172/1500 | 손실: 0.3267 | 검증손실: 0.3697 | 학습: 90.8% | 검증: 84.3% | lr: 2.00e-03 | 0.3s
  에폭 173/1500 | 손실: 0.3170 | 검증손실: 0.3642 | 학습: 91.0% | 검증: 83.7% | lr: 2.00e-03 | 0.3s
  에폭 174/1500 | 손실: 0.3218 | 검증손실: 0.3624 | 학습: 91.1% | 검증: 84.2% | lr: 2.00e-03 | 0.3s
  에폭 175/1500 | 손실: 0.3265 | 검증손실: 0.3602 | 학습: 91.3% | 검증: 85.0% | lr: 2.00e-03 | 0.3s ★
  에폭 176/1500 | 손실: 0.3175 | 검증손실: 0.3703 | 학습: 91.0% | 검증: 83.6% | lr: 2.00e-03 | 0.3s
  에폭 177/1500 | 손실: 0.3225 | 검증손실: 0.3671 | 학습: 91.0% | 검증: 83.8% | lr: 2.00e-03 | 0.3s
  에폭 178/1500 | 손실: 0.3256 | 검증손실: 0.3584 | 학습: 91.2% | 검증: 84.7% | lr: 2.00e-03 | 0.3s
  에폭 179/1500 | 손실: 0.3155 | 검증손실: 0.3713 | 학습: 91.0% | 검증: 84.2% | lr: 2.00e-03 | 0.3s
  에폭 180/1500 | 손실: 0.3296 | 검증손실: 0.3684 | 학습: 91.3% | 검증: 84.4% | lr: 2.00e-03 | 0.3s
  에폭 181/1500 | 손실: 0.3237 | 검증손실: 0.3669 | 학습: 91.5% | 검증: 84.2% | lr: 2.00e-03 | 0.3s
  에폭 182/1500 | 손실: 0.3235 | 검증손실: 0.3617 | 학습: 91.4% | 검증: 84.2% | lr: 2.00e-03 | 0.3s
  에폭 183/1500 | 손실: 0.3180 | 검증손실: 0.3666 | 학습: 91.4% | 검증: 84.4% | lr: 2.00e-03 | 0.3s
  에폭 184/1500 | 손실: 0.3203 | 검증손실: 0.3602 | 학습: 91.8% | 검증: 84.1% | lr: 2.00e-03 | 0.3s
  에폭 185/1500 | 손실: 0.3269 | 검증손실: 0.3654 | 학습: 91.4% | 검증: 84.3% | lr: 2.00e-03 | 0.3s
  에폭 186/1500 | 손실: 0.3138 | 검증손실: 0.3571 | 학습: 91.7% | 검증: 84.6% | lr: 2.00e-03 | 0.3s
  에폭 187/1500 | 손실: 0.3194 | 검증손실: 0.3602 | 학습: 91.1% | 검증: 84.6% | lr: 2.00e-03 | 0.3s
  에폭 188/1500 | 손실: 0.3210 | 검증손실: 0.3649 | 학습: 91.4% | 검증: 84.5% | lr: 2.00e-03 | 0.3s
  에폭 189/1500 | 손실: 0.3192 | 검증손실: 0.3566 | 학습: 91.7% | 검증: 84.4% | lr: 2.00e-03 | 0.3s
  에폭 190/1500 | 손실: 0.3149 | 검증손실: 0.3693 | 학습: 91.4% | 검증: 84.1% | lr: 2.00e-03 | 0.3s
  에폭 191/1500 | 손실: 0.3183 | 검증손실: 0.3696 | 학습: 91.3% | 검증: 84.2% | lr: 2.00e-03 | 0.3s
  에폭 192/1500 | 손실: 0.3252 | 검증손실: 0.3641 | 학습: 91.7% | 검증: 84.4% | lr: 2.00e-03 | 0.3s
  에폭 193/1500 | 손실: 0.3169 | 검증손실: 0.3577 | 학습: 91.3% | 검증: 84.5% | lr: 2.00e-03 | 0.3s
  에폭 194/1500 | 손실: 0.3194 | 검증손실: 0.3661 | 학습: 91.5% | 검증: 84.0% | lr: 2.00e-03 | 0.3s
  에폭 195/1500 | 손실: 0.3175 | 검증손실: 0.3625 | 학습: 91.4% | 검증: 84.1% | lr: 2.00e-03 | 0.3s
  에폭 196/1500 | 손실: 0.3198 | 검증손실: 0.3738 | 학습: 91.5% | 검증: 84.4% | lr: 2.00e-03 | 0.3s
  에폭 197/1500 | 손실: 0.3161 | 검증손실: 0.3637 | 학습: 91.7% | 검증: 84.1% | lr: 2.00e-03 | 0.3s
  에폭 198/1500 | 손실: 0.3214 | 검증손실: 0.3657 | 학습: 91.6% | 검증: 83.8% | lr: 2.00e-03 | 0.3s
  에폭 199/1500 | 손실: 0.3177 | 검증손실: 0.3660 | 학습: 91.4% | 검증: 83.9% | lr: 2.00e-03 | 0.3s
  에폭 200/1500 | 손실: 0.3173 | 검증손실: 0.3554 | 학습: 91.7% | 검증: 84.8% | lr: 2.00e-03 | 0.3s
  에폭 201/1500 | 손실: 0.3145 | 검증손실: 0.3667 | 학습: 91.9% | 검증: 84.2% | lr: 2.00e-03 | 0.3s
  에폭 202/1500 | 손실: 0.3171 | 검증손실: 0.3593 | 학습: 91.7% | 검증: 84.5% | lr: 2.00e-03 | 0.3s
  에폭 203/1500 | 손실: 0.3175 | 검증손실: 0.3656 | 학습: 91.5% | 검증: 84.0% | lr: 2.00e-03 | 0.3s
  에폭 204/1500 | 손실: 0.3185 | 검증손실: 0.3614 | 학습: 91.5% | 검증: 84.6% | lr: 2.00e-03 | 0.3s
  에폭 205/1500 | 손실: 0.3165 | 검증손실: 0.3610 | 학습: 91.9% | 검증: 84.6% | lr: 2.00e-03 | 0.3s
  에폭 206/1500 | 손실: 0.3109 | 검증손실: 0.3655 | 학습: 91.5% | 검증: 84.5% | lr: 2.00e-03 | 0.3s
  에폭 207/1500 | 손실: 0.3138 | 검증손실: 0.3602 | 학습: 91.8% | 검증: 84.5% | lr: 2.00e-03 | 0.3s
  에폭 208/1500 | 손실: 0.3142 | 검증손실: 0.3574 | 학습: 91.5% | 검증: 84.5% | lr: 2.00e-03 | 0.3s
  에폭 209/1500 | 손실: 0.3167 | 검증손실: 0.3723 | 학습: 92.0% | 검증: 84.0% | lr: 2.00e-03 | 0.3s
  에폭 210/1500 | 손실: 0.3183 | 검증손실: 0.3610 | 학습: 91.7% | 검증: 84.3% | lr: 2.00e-03 | 0.3s
  에폭 211/1500 | 손실: 0.3195 | 검증손실: 0.3609 | 학습: 92.2% | 검증: 84.7% | lr: 2.00e-03 | 0.3s
  에폭 212/1500 | 손실: 0.3172 | 검증손실: 0.3555 | 학습: 92.1% | 검증: 85.3% | lr: 2.00e-03 | 0.3s ★
  에폭 213/1500 | 손실: 0.3120 | 검증손실: 0.3608 | 학습: 92.1% | 검증: 84.5% | lr: 2.00e-03 | 0.3s
  에폭 214/1500 | 손실: 0.3166 | 검증손실: 0.3641 | 학습: 92.1% | 검증: 84.5% | lr: 2.00e-03 | 0.3s
  에폭 215/1500 | 손실: 0.3129 | 검증손실: 0.3572 | 학습: 92.2% | 검증: 85.1% | lr: 2.00e-03 | 0.3s
  에폭 216/1500 | 손실: 0.3158 | 검증손실: 0.3619 | 학습: 92.1% | 검증: 84.8% | lr: 2.00e-03 | 0.3s
  에폭 217/1500 | 손실: 0.3102 | 검증손실: 0.3607 | 학습: 92.0% | 검증: 84.6% | lr: 2.00e-03 | 0.3s
  에폭 218/1500 | 손실: 0.3140 | 검증손실: 0.3628 | 학습: 92.0% | 검증: 84.3% | lr: 2.00e-03 | 0.3s
  에폭 219/1500 | 손실: 0.3112 | 검증손실: 0.3614 | 학습: 91.8% | 검증: 84.9% | lr: 2.00e-03 | 0.3s
  에폭 220/1500 | 손실: 0.3106 | 검증손실: 0.3683 | 학습: 91.9% | 검증: 84.7% | lr: 2.00e-03 | 0.3s
  에폭 221/1500 | 손실: 0.3155 | 검증손실: 0.3632 | 학습: 91.9% | 검증: 84.5% | lr: 2.00e-03 | 0.3s
  에폭 222/1500 | 손실: 0.3101 | 검증손실: 0.3588 | 학습: 91.9% | 검증: 85.0% | lr: 2.00e-03 | 0.3s
  에폭 223/1500 | 손실: 0.3051 | 검증손실: 0.3550 | 학습: 91.7% | 검증: 84.7% | lr: 2.00e-03 | 0.3s
  에폭 224/1500 | 손실: 0.3127 | 검증손실: 0.3561 | 학습: 91.9% | 검증: 84.6% | lr: 2.00e-03 | 0.3s
  에폭 225/1500 | 손실: 0.3136 | 검증손실: 0.3571 | 학습: 92.2% | 검증: 84.9% | lr: 2.00e-03 | 0.3s
  에폭 226/1500 | 손실: 0.3129 | 검증손실: 0.3578 | 학습: 92.4% | 검증: 84.9% | lr: 2.00e-03 | 0.3s
  에폭 227/1500 | 손실: 0.3038 | 검증손실: 0.3522 | 학습: 92.1% | 검증: 84.6% | lr: 2.00e-03 | 0.3s
  에폭 228/1500 | 손실: 0.3101 | 검증손실: 0.3597 | 학습: 92.2% | 검증: 84.4% | lr: 2.00e-03 | 0.3s
  에폭 229/1500 | 손실: 0.3123 | 검증손실: 0.3579 | 학습: 92.4% | 검증: 85.1% | lr: 2.00e-03 | 0.3s
  에폭 230/1500 | 손실: 0.3151 | 검증손실: 0.3536 | 학습: 92.1% | 검증: 85.0% | lr: 2.00e-03 | 0.3s
  에폭 231/1500 | 손실: 0.3099 | 검증손실: 0.3516 | 학습: 92.3% | 검증: 85.6% | lr: 2.00e-03 | 0.3s ★
  에폭 232/1500 | 손실: 0.3094 | 검증손실: 0.3508 | 학습: 92.5% | 검증: 84.9% | lr: 2.00e-03 | 0.3s
  에폭 233/1500 | 손실: 0.3081 | 검증손실: 0.3562 | 학습: 92.1% | 검증: 84.9% | lr: 2.00e-03 | 0.3s
  에폭 234/1500 | 손실: 0.3106 | 검증손실: 0.3553 | 학습: 92.3% | 검증: 84.8% | lr: 2.00e-03 | 0.3s
  에폭 235/1500 | 손실: 0.3072 | 검증손실: 0.3582 | 학습: 92.4% | 검증: 84.5% | lr: 2.00e-03 | 0.3s
  에폭 236/1500 | 손실: 0.3069 | 검증손실: 0.3547 | 학습: 92.4% | 검증: 84.6% | lr: 2.00e-03 | 0.3s
  에폭 237/1500 | 손실: 0.3053 | 검증손실: 0.3590 | 학습: 92.4% | 검증: 85.1% | lr: 2.00e-03 | 0.3s
  에폭 238/1500 | 손실: 0.3061 | 검증손실: 0.3568 | 학습: 92.2% | 검증: 84.9% | lr: 2.00e-03 | 0.3s
  에폭 239/1500 | 손실: 0.3064 | 검증손실: 0.3547 | 학습: 92.1% | 검증: 84.7% | lr: 2.00e-03 | 0.3s
  에폭 240/1500 | 손실: 0.3062 | 검증손실: 0.3656 | 학습: 92.3% | 검증: 84.6% | lr: 2.00e-03 | 0.3s
  에폭 241/1500 | 손실: 0.3084 | 검증손실: 0.3560 | 학습: 92.6% | 검증: 84.9% | lr: 2.00e-03 | 0.3s
  에폭 242/1500 | 손실: 0.3048 | 검증손실: 0.3619 | 학습: 92.6% | 검증: 85.3% | lr: 2.00e-03 | 0.3s
  에폭 243/1500 | 손실: 0.3063 | 검증손실: 0.3622 | 학습: 92.5% | 검증: 85.0% | lr: 2.00e-03 | 0.3s
  에폭 244/1500 | 손실: 0.3052 | 검증손실: 0.3569 | 학습: 92.6% | 검증: 85.1% | lr: 2.00e-03 | 0.3s
  에폭 245/1500 | 손실: 0.3098 | 검증손실: 0.3614 | 학습: 92.3% | 검증: 84.7% | lr: 2.00e-03 | 0.3s
  에폭 246/1500 | 손실: 0.3134 | 검증손실: 0.3745 | 학습: 92.0% | 검증: 84.3% | lr: 2.00e-03 | 0.3s
  에폭 247/1500 | 손실: 0.3080 | 검증손실: 0.3587 | 학습: 92.7% | 검증: 84.9% | lr: 2.00e-03 | 0.3s
  에폭 248/1500 | 손실: 0.3071 | 검증손실: 0.3594 | 학습: 92.2% | 검증: 85.0% | lr: 2.00e-03 | 0.3s
  에폭 249/1500 | 손실: 0.3043 | 검증손실: 0.3623 | 학습: 92.3% | 검증: 85.4% | lr: 2.00e-03 | 0.3s
  에폭 250/1500 | 손실: 0.3103 | 검증손실: 0.3536 | 학습: 92.5% | 검증: 85.2% | lr: 2.00e-03 | 0.3s
  에폭 251/1500 | 손실: 0.3015 | 검증손실: 0.3509 | 학습: 92.5% | 검증: 85.1% | lr: 2.00e-03 | 0.3s
  에폭 252/1500 | 손실: 0.3056 | 검증손실: 0.3601 | 학습: 92.4% | 검증: 85.1% | lr: 2.00e-03 | 0.3s
  에폭 253/1500 | 손실: 0.3008 | 검증손실: 0.3661 | 학습: 92.1% | 검증: 84.8% | lr: 2.00e-03 | 0.3s
  에폭 254/1500 | 손실: 0.3093 | 검증손실: 0.3604 | 학습: 92.1% | 검증: 84.8% | lr: 2.00e-03 | 0.3s
  에폭 255/1500 | 손실: 0.3012 | 검증손실: 0.3591 | 학습: 92.4% | 검증: 85.0% | lr: 2.00e-03 | 0.3s
  에폭 256/1500 | 손실: 0.3086 | 검증손실: 0.3505 | 학습: 92.4% | 검증: 85.1% | lr: 2.00e-03 | 0.3s
  에폭 257/1500 | 손실: 0.3031 | 검증손실: 0.3602 | 학습: 92.3% | 검증: 84.9% | lr: 2.00e-03 | 0.3s
  에폭 258/1500 | 손실: 0.2971 | 검증손실: 0.3590 | 학습: 92.6% | 검증: 85.1% | lr: 2.00e-03 | 0.3s
  에폭 259/1500 | 손실: 0.3010 | 검증손실: 0.3523 | 학습: 92.5% | 검증: 85.0% | lr: 2.00e-03 | 0.3s
  에폭 260/1500 | 손실: 0.3076 | 검증손실: 0.3590 | 학습: 92.4% | 검증: 84.6% | lr: 2.00e-03 | 0.3s
  에폭 261/1500 | 손실: 0.3010 | 검증손실: 0.3555 | 학습: 92.5% | 검증: 85.0% | lr: 2.00e-03 | 0.3s
  에폭 262/1500 | 손실: 0.3116 | 검증손실: 0.3507 | 학습: 92.3% | 검증: 85.0% | lr: 2.00e-03 | 0.3s
  에폭 263/1500 | 손실: 0.3020 | 검증손실: 0.3595 | 학습: 92.0% | 검증: 84.5% | lr: 2.00e-03 | 0.3s
  에폭 264/1500 | 손실: 0.3034 | 검증손실: 0.3551 | 학습: 92.3% | 검증: 84.7% | lr: 2.00e-03 | 0.3s
  에폭 265/1500 | 손실: 0.3043 | 검증손실: 0.3404 | 학습: 92.6% | 검증: 85.6% | lr: 2.00e-03 | 0.3s
  에폭 266/1500 | 손실: 0.3024 | 검증손실: 0.3462 | 학습: 92.7% | 검증: 85.5% | lr: 2.00e-03 | 0.3s
  에폭 267/1500 | 손실: 0.3035 | 검증손실: 0.3508 | 학습: 92.8% | 검증: 84.8% | lr: 2.00e-03 | 0.3s
  에폭 268/1500 | 손실: 0.3002 | 검증손실: 0.3541 | 학습: 92.5% | 검증: 84.8% | lr: 2.00e-03 | 0.3s
  에폭 269/1500 | 손실: 0.3002 | 검증손실: 0.3607 | 학습: 92.6% | 검증: 84.5% | lr: 2.00e-03 | 0.3s
  에폭 270/1500 | 손실: 0.3026 | 검증손실: 0.3571 | 학습: 92.7% | 검증: 84.9% | lr: 2.00e-03 | 0.3s
  에폭 271/1500 | 손실: 0.2977 | 검증손실: 0.3568 | 학습: 92.4% | 검증: 84.6% | lr: 2.00e-03 | 0.3s
  에폭 272/1500 | 손실: 0.2982 | 검증손실: 0.3566 | 학습: 93.3% | 검증: 85.5% | lr: 2.00e-03 | 0.3s
  에폭 273/1500 | 손실: 0.2980 | 검증손실: 0.3618 | 학습: 93.1% | 검증: 84.9% | lr: 2.00e-03 | 0.3s
  에폭 274/1500 | 손실: 0.3007 | 검증손실: 0.3580 | 학습: 92.6% | 검증: 85.1% | lr: 2.00e-03 | 0.3s
  에폭 275/1500 | 손실: 0.2970 | 검증손실: 0.3575 | 학습: 92.9% | 검증: 85.0% | lr: 2.00e-03 | 0.4s
  에폭 276/1500 | 손실: 0.3005 | 검증손실: 0.3570 | 학습: 93.1% | 검증: 85.4% | lr: 2.00e-03 | 0.3s
  에폭 277/1500 | 손실: 0.3001 | 검증손실: 0.3572 | 학습: 92.8% | 검증: 85.0% | lr: 2.00e-03 | 0.3s
  에폭 278/1500 | 손실: 0.2973 | 검증손실: 0.3498 | 학습: 92.9% | 검증: 85.5% | lr: 2.00e-03 | 0.3s
  에폭 279/1500 | 손실: 0.2967 | 검증손실: 0.3520 | 학습: 93.0% | 검증: 85.7% | lr: 2.00e-03 | 0.3s ★
  에폭 280/1500 | 손실: 0.2998 | 검증손실: 0.3516 | 학습: 93.1% | 검증: 85.4% | lr: 2.00e-03 | 0.3s
  에폭 281/1500 | 손실: 0.2927 | 검증손실: 0.3472 | 학습: 92.8% | 검증: 85.6% | lr: 2.00e-03 | 0.3s
  에폭 282/1500 | 손실: 0.3084 | 검증손실: 0.3636 | 학습: 92.6% | 검증: 84.3% | lr: 2.00e-03 | 0.3s
  에폭 283/1500 | 손실: 0.3021 | 검증손실: 0.3468 | 학습: 92.7% | 검증: 85.6% | lr: 2.00e-03 | 0.3s
  에폭 284/1500 | 손실: 0.3002 | 검증손실: 0.3490 | 학습: 92.7% | 검증: 84.5% | lr: 2.00e-03 | 0.3s
  에폭 285/1500 | 손실: 0.2976 | 검증손실: 0.3551 | 학습: 92.9% | 검증: 84.9% | lr: 2.00e-03 | 0.3s
  에폭 286/1500 | 손실: 0.3035 | 검증손실: 0.3462 | 학습: 92.9% | 검증: 85.2% | lr: 2.00e-03 | 0.3s
  에폭 287/1500 | 손실: 0.3033 | 검증손실: 0.3482 | 학습: 92.8% | 검증: 84.9% | lr: 2.00e-03 | 0.3s
  에폭 288/1500 | 손실: 0.2961 | 검증손실: 0.3491 | 학습: 92.8% | 검증: 85.2% | lr: 2.00e-03 | 0.3s
  에폭 289/1500 | 손실: 0.2976 | 검증손실: 0.3486 | 학습: 93.0% | 검증: 85.5% | lr: 2.00e-03 | 0.3s
  에폭 290/1500 | 손실: 0.2989 | 검증손실: 0.3532 | 학습: 92.8% | 검증: 85.4% | lr: 2.00e-03 | 0.3s
  에폭 291/1500 | 손실: 0.2960 | 검증손실: 0.3538 | 학습: 92.6% | 검증: 85.1% | lr: 2.00e-03 | 0.3s
  에폭 292/1500 | 손실: 0.3022 | 검증손실: 0.3495 | 학습: 93.1% | 검증: 85.2% | lr: 2.00e-03 | 0.3s
  에폭 293/1500 | 손실: 0.2917 | 검증손실: 0.3536 | 학습: 92.7% | 검증: 85.4% | lr: 2.00e-03 | 0.3s
  에폭 294/1500 | 손실: 0.2993 | 검증손실: 0.3533 | 학습: 92.9% | 검증: 84.9% | lr: 2.00e-03 | 0.3s
  에폭 295/1500 | 손실: 0.2943 | 검증손실: 0.3522 | 학습: 93.1% | 검증: 85.1% | lr: 2.00e-03 | 0.3s
  에폭 296/1500 | 손실: 0.2978 | 검증손실: 0.3488 | 학습: 93.3% | 검증: 85.1% | lr: 2.00e-03 | 0.3s
  에폭 297/1500 | 손실: 0.2973 | 검증손실: 0.3575 | 학습: 92.9% | 검증: 85.2% | lr: 2.00e-03 | 0.3s
  에폭 298/1500 | 손실: 0.2974 | 검증손실: 0.3510 | 학습: 92.6% | 검증: 85.0% | lr: 2.00e-03 | 0.3s
  에폭 299/1500 | 손실: 0.2956 | 검증손실: 0.3459 | 학습: 93.2% | 검증: 85.7% | lr: 2.00e-03 | 0.3s ★
  에폭 300/1500 | 손실: 0.2970 | 검증손실: 0.3557 | 학습: 93.0% | 검증: 85.0% | lr: 2.00e-03 | 0.3s
  에폭 301/1500 | 손실: 0.2972 | 검증손실: 0.3530 | 학습: 93.0% | 검증: 85.6% | lr: 2.00e-03 | 0.3s
  에폭 302/1500 | 손실: 0.2923 | 검증손실: 0.3509 | 학습: 93.2% | 검증: 85.4% | lr: 2.00e-03 | 0.3s
  에폭 303/1500 | 손실: 0.2968 | 검증손실: 0.3533 | 학습: 92.9% | 검증: 84.8% | lr: 2.00e-03 | 0.3s
  에폭 304/1500 | 손실: 0.2945 | 검증손실: 0.3454 | 학습: 93.1% | 검증: 85.8% | lr: 2.00e-03 | 0.3s ★
  에폭 305/1500 | 손실: 0.2973 | 검증손실: 0.3454 | 학습: 93.0% | 검증: 85.6% | lr: 2.00e-03 | 0.3s
  에폭 306/1500 | 손실: 0.2912 | 검증손실: 0.3543 | 학습: 93.1% | 검증: 84.9% | lr: 2.00e-03 | 0.3s
  에폭 307/1500 | 손실: 0.2925 | 검증손실: 0.3594 | 학습: 92.5% | 검증: 84.8% | lr: 2.00e-03 | 0.3s
  에폭 308/1500 | 손실: 0.2943 | 검증손실: 0.3525 | 학습: 93.1% | 검증: 85.2% | lr: 2.00e-03 | 0.3s
  에폭 309/1500 | 손실: 0.3054 | 검증손실: 0.3546 | 학습: 92.9% | 검증: 85.1% | lr: 2.00e-03 | 0.3s
  에폭 310/1500 | 손실: 0.3002 | 검증손실: 0.3501 | 학습: 92.9% | 검증: 84.8% | lr: 2.00e-03 | 0.3s
  에폭 311/1500 | 손실: 0.2992 | 검증손실: 0.3603 | 학습: 92.7% | 검증: 85.2% | lr: 2.00e-03 | 0.3s
  에폭 312/1500 | 손실: 0.2990 | 검증손실: 0.3530 | 학습: 93.2% | 검증: 85.3% | lr: 2.00e-03 | 0.3s
  에폭 313/1500 | 손실: 0.2915 | 검증손실: 0.3565 | 학습: 92.7% | 검증: 85.3% | lr: 2.00e-03 | 0.3s
  에폭 314/1500 | 손실: 0.2893 | 검증손실: 0.3542 | 학습: 93.2% | 검증: 85.3% | lr: 2.00e-03 | 0.3s
  에폭 315/1500 | 손실: 0.2919 | 검증손실: 0.3573 | 학습: 93.3% | 검증: 84.8% | lr: 2.00e-03 | 0.3s
  에폭 316/1500 | 손실: 0.2937 | 검증손실: 0.3529 | 학습: 93.1% | 검증: 85.2% | lr: 1.00e-03 | 0.3s
  에폭 317/1500 | 손실: 0.2808 | 검증손실: 0.3445 | 학습: 93.5% | 검증: 85.7% | lr: 1.00e-03 | 0.3s
  에폭 318/1500 | 손실: 0.2736 | 검증손실: 0.3496 | 학습: 93.8% | 검증: 85.4% | lr: 1.00e-03 | 0.3s
  에폭 319/1500 | 손실: 0.2714 | 검증손실: 0.3485 | 학습: 94.0% | 검증: 85.7% | lr: 1.00e-03 | 0.3s
  에폭 320/1500 | 손실: 0.2847 | 검증손실: 0.3438 | 학습: 93.8% | 검증: 86.0% | lr: 1.00e-03 | 0.3s ★
  에폭 321/1500 | 손실: 0.2775 | 검증손실: 0.3505 | 학습: 93.9% | 검증: 85.5% | lr: 1.00e-03 | 0.3s
  에폭 322/1500 | 손실: 0.2738 | 검증손실: 0.3451 | 학습: 94.0% | 검증: 85.6% | lr: 1.00e-03 | 0.3s
  에폭 323/1500 | 손실: 0.2825 | 검증손실: 0.3475 | 학습: 93.7% | 검증: 85.3% | lr: 1.00e-03 | 0.3s
  에폭 324/1500 | 손실: 0.2782 | 검증손실: 0.3478 | 학습: 94.1% | 검증: 85.8% | lr: 1.00e-03 | 0.3s
  에폭 325/1500 | 손실: 0.2781 | 검증손실: 0.3458 | 학습: 94.0% | 검증: 85.7% | lr: 1.00e-03 | 0.3s
  에폭 326/1500 | 손실: 0.2851 | 검증손실: 0.3474 | 학습: 94.1% | 검증: 85.5% | lr: 1.00e-03 | 0.3s
  에폭 327/1500 | 손실: 0.2695 | 검증손실: 0.3452 | 학습: 94.1% | 검증: 86.1% | lr: 1.00e-03 | 0.3s ★
  에폭 328/1500 | 손실: 0.2785 | 검증손실: 0.3476 | 학습: 93.8% | 검증: 85.7% | lr: 1.00e-03 | 0.3s
  에폭 329/1500 | 손실: 0.2796 | 검증손실: 0.3481 | 학습: 93.9% | 검증: 85.4% | lr: 1.00e-03 | 0.3s
  에폭 330/1500 | 손실: 0.2729 | 검증손실: 0.3442 | 학습: 93.9% | 검증: 85.6% | lr: 1.00e-03 | 0.3s
  에폭 331/1500 | 손실: 0.2710 | 검증손실: 0.3540 | 학습: 93.8% | 검증: 85.6% | lr: 1.00e-03 | 0.3s
  에폭 332/1500 | 손실: 0.2748 | 검증손실: 0.3469 | 학습: 94.0% | 검증: 85.7% | lr: 1.00e-03 | 0.3s
  에폭 333/1500 | 손실: 0.2722 | 검증손실: 0.3494 | 학습: 94.0% | 검증: 86.0% | lr: 1.00e-03 | 0.3s
  에폭 334/1500 | 손실: 0.2731 | 검증손실: 0.3564 | 학습: 94.2% | 검증: 85.7% | lr: 1.00e-03 | 0.3s
  에폭 335/1500 | 손실: 0.2708 | 검증손실: 0.3450 | 학습: 94.4% | 검증: 85.8% | lr: 1.00e-03 | 0.3s
  에폭 336/1500 | 손실: 0.2722 | 검증손실: 0.3461 | 학습: 94.2% | 검증: 85.7% | lr: 1.00e-03 | 0.3s
  에폭 337/1500 | 손실: 0.2765 | 검증손실: 0.3494 | 학습: 94.0% | 검증: 86.0% | lr: 1.00e-03 | 0.3s
  에폭 338/1500 | 손실: 0.2750 | 검증손실: 0.3487 | 학습: 94.1% | 검증: 86.0% | lr: 1.00e-03 | 0.3s
  에폭 339/1500 | 손실: 0.2760 | 검증손실: 0.3491 | 학습: 94.2% | 검증: 85.8% | lr: 1.00e-03 | 0.3s
  에폭 340/1500 | 손실: 0.2701 | 검증손실: 0.3477 | 학습: 93.9% | 검증: 85.8% | lr: 1.00e-03 | 0.3s
  에폭 341/1500 | 손실: 0.2755 | 검증손실: 0.3530 | 학습: 94.1% | 검증: 85.7% | lr: 1.00e-03 | 0.3s
  에폭 342/1500 | 손실: 0.2770 | 검증손실: 0.3462 | 학습: 94.3% | 검증: 85.9% | lr: 1.00e-03 | 0.3s
  에폭 343/1500 | 손실: 0.2701 | 검증손실: 0.3544 | 학습: 94.2% | 검증: 85.8% | lr: 1.00e-03 | 0.3s
  에폭 344/1500 | 손실: 0.2694 | 검증손실: 0.3573 | 학습: 94.2% | 검증: 85.9% | lr: 1.00e-03 | 0.3s
  에폭 345/1500 | 손실: 0.2736 | 검증손실: 0.3498 | 학습: 94.2% | 검증: 86.0% | lr: 1.00e-03 | 0.3s
  에폭 346/1500 | 손실: 0.2722 | 검증손실: 0.3500 | 학습: 94.4% | 검증: 86.1% | lr: 1.00e-03 | 0.3s
  에폭 347/1500 | 손실: 0.2700 | 검증손실: 0.3450 | 학습: 94.2% | 검증: 86.0% | lr: 1.00e-03 | 0.3s
  에폭 348/1500 | 손실: 0.2700 | 검증손실: 0.3499 | 학습: 94.2% | 검증: 85.9% | lr: 1.00e-03 | 0.3s
  에폭 349/1500 | 손실: 0.2703 | 검증손실: 0.3522 | 학습: 93.9% | 검증: 85.8% | lr: 1.00e-03 | 0.3s
  에폭 350/1500 | 손실: 0.2699 | 검증손실: 0.3447 | 학습: 94.4% | 검증: 86.1% | lr: 1.00e-03 | 0.3s
  에폭 351/1500 | 손실: 0.2630 | 검증손실: 0.3519 | 학습: 94.3% | 검증: 85.7% | lr: 1.00e-03 | 0.3s
  에폭 352/1500 | 손실: 0.2685 | 검증손실: 0.3502 | 학습: 94.5% | 검증: 86.1% | lr: 1.00e-03 | 0.3s
  에폭 353/1500 | 손실: 0.2736 | 검증손실: 0.3488 | 학습: 94.1% | 검증: 85.9% | lr: 1.00e-03 | 0.3s
  에폭 354/1500 | 손실: 0.2730 | 검증손실: 0.3416 | 학습: 94.4% | 검증: 86.4% | lr: 1.00e-03 | 0.3s ★
  에폭 355/1500 | 손실: 0.2735 | 검증손실: 0.3450 | 학습: 94.4% | 검증: 86.4% | lr: 1.00e-03 | 0.3s
  에폭 356/1500 | 손실: 0.2670 | 검증손실: 0.3472 | 학습: 94.4% | 검증: 86.0% | lr: 1.00e-03 | 0.3s
  에폭 357/1500 | 손실: 0.2733 | 검증손실: 0.3486 | 학습: 94.3% | 검증: 85.7% | lr: 1.00e-03 | 0.3s
  에폭 358/1500 | 손실: 0.2715 | 검증손실: 0.3407 | 학습: 94.4% | 검증: 86.6% | lr: 1.00e-03 | 0.3s ★
  에폭 359/1500 | 손실: 0.2698 | 검증손실: 0.3484 | 학습: 94.4% | 검증: 85.8% | lr: 1.00e-03 | 0.3s
  에폭 360/1500 | 손실: 0.2710 | 검증손실: 0.3519 | 학습: 94.2% | 검증: 85.8% | lr: 1.00e-03 | 0.3s
  에폭 361/1500 | 손실: 0.2649 | 검증손실: 0.3489 | 학습: 94.3% | 검증: 86.0% | lr: 1.00e-03 | 0.3s
  에폭 362/1500 | 손실: 0.2718 | 검증손실: 0.3522 | 학습: 94.2% | 검증: 85.9% | lr: 1.00e-03 | 0.3s
  에폭 363/1500 | 손실: 0.2649 | 검증손실: 0.3536 | 학습: 94.2% | 검증: 86.0% | lr: 1.00e-03 | 0.3s
  에폭 364/1500 | 손실: 0.2708 | 검증손실: 0.3466 | 학습: 94.4% | 검증: 86.2% | lr: 1.00e-03 | 0.3s
  에폭 365/1500 | 손실: 0.2701 | 검증손실: 0.3492 | 학습: 94.2% | 검증: 86.0% | lr: 1.00e-03 | 0.3s
  에폭 366/1500 | 손실: 0.2650 | 검증손실: 0.3468 | 학습: 94.3% | 검증: 85.9% | lr: 1.00e-03 | 0.3s
  에폭 367/1500 | 손실: 0.2701 | 검증손실: 0.3429 | 학습: 94.5% | 검증: 86.2% | lr: 5.00e-04 | 0.3s
  에폭 368/1500 | 손실: 0.2608 | 검증손실: 0.3438 | 학습: 94.8% | 검증: 86.5% | lr: 5.00e-04 | 0.3s
  에폭 369/1500 | 손실: 0.2632 | 검증손실: 0.3449 | 학습: 94.8% | 검증: 86.3% | lr: 5.00e-04 | 0.3s
  에폭 370/1500 | 손실: 0.2627 | 검증손실: 0.3428 | 학습: 94.8% | 검증: 86.2% | lr: 5.00e-04 | 0.3s
  에폭 371/1500 | 손실: 0.2641 | 검증손실: 0.3394 | 학습: 94.9% | 검증: 86.4% | lr: 5.00e-04 | 0.3s
  에폭 372/1500 | 손실: 0.2541 | 검증손실: 0.3409 | 학습: 94.7% | 검증: 86.4% | lr: 5.00e-04 | 0.3s
  에폭 373/1500 | 손실: 0.2568 | 검증손실: 0.3445 | 학습: 94.9% | 검증: 86.4% | lr: 5.00e-04 | 0.3s
  에폭 374/1500 | 손실: 0.2639 | 검증손실: 0.3442 | 학습: 94.5% | 검증: 86.2% | lr: 5.00e-04 | 0.3s
  에폭 375/1500 | 손실: 0.2599 | 검증손실: 0.3437 | 학습: 94.9% | 검증: 86.5% | lr: 5.00e-04 | 0.3s
  에폭 376/1500 | 손실: 0.2604 | 검증손실: 0.3375 | 학습: 94.8% | 검증: 86.5% | lr: 5.00e-04 | 0.3s
  에폭 377/1500 | 손실: 0.2613 | 검증손실: 0.3433 | 학습: 94.8% | 검증: 86.3% | lr: 5.00e-04 | 0.3s
  에폭 378/1500 | 손실: 0.2569 | 검증손실: 0.3455 | 학습: 94.8% | 검증: 86.5% | lr: 5.00e-04 | 0.3s
  에폭 379/1500 | 손실: 0.2583 | 검증손실: 0.3475 | 학습: 94.7% | 검증: 86.2% | lr: 5.00e-04 | 0.3s
  에폭 380/1500 | 손실: 0.2648 | 검증손실: 0.3441 | 학습: 94.7% | 검증: 86.5% | lr: 5.00e-04 | 0.3s
  에폭 381/1500 | 손실: 0.2665 | 검증손실: 0.3479 | 학습: 94.9% | 검증: 86.2% | lr: 5.00e-04 | 0.3s
  에폭 382/1500 | 손실: 0.2617 | 검증손실: 0.3390 | 학습: 94.9% | 검증: 86.5% | lr: 5.00e-04 | 0.3s
  에폭 383/1500 | 손실: 0.2600 | 검증손실: 0.3492 | 학습: 94.8% | 검증: 86.1% | lr: 5.00e-04 | 0.3s
  에폭 384/1500 | 손실: 0.2622 | 검증손실: 0.3507 | 학습: 94.8% | 검증: 86.1% | lr: 5.00e-04 | 0.3s
  에폭 385/1500 | 손실: 0.2602 | 검증손실: 0.3458 | 학습: 94.8% | 검증: 85.9% | lr: 5.00e-04 | 0.3s
  에폭 386/1500 | 손실: 0.2614 | 검증손실: 0.3400 | 학습: 94.9% | 검증: 86.3% | lr: 5.00e-04 | 0.3s
  에폭 387/1500 | 손실: 0.2515 | 검증손실: 0.3450 | 학습: 95.0% | 검증: 86.3% | lr: 5.00e-04 | 0.3s
  에폭 388/1500 | 손실: 0.2548 | 검증손실: 0.3428 | 학습: 94.6% | 검증: 86.2% | lr: 5.00e-04 | 0.3s
  에폭 389/1500 | 손실: 0.2579 | 검증손실: 0.3446 | 학습: 94.7% | 검증: 86.1% | lr: 5.00e-04 | 0.3s
  에폭 390/1500 | 손실: 0.2609 | 검증손실: 0.3455 | 학습: 94.9% | 검증: 86.4% | lr: 5.00e-04 | 0.3s
  에폭 391/1500 | 손실: 0.2597 | 검증손실: 0.3417 | 학습: 95.0% | 검증: 86.4% | lr: 5.00e-04 | 0.3s
  에폭 392/1500 | 손실: 0.2598 | 검증손실: 0.3458 | 학습: 94.9% | 검증: 86.3% | lr: 5.00e-04 | 0.3s
  에폭 393/1500 | 손실: 0.2615 | 검증손실: 0.3459 | 학습: 94.8% | 검증: 86.1% | lr: 5.00e-04 | 0.3s
  에폭 394/1500 | 손실: 0.2493 | 검증손실: 0.3443 | 학습: 95.0% | 검증: 86.4% | lr: 5.00e-04 | 0.3s
  에폭 395/1500 | 손실: 0.2582 | 검증손실: 0.3430 | 학습: 94.8% | 검증: 86.0% | lr: 5.00e-04 | 0.3s
  에폭 396/1500 | 손실: 0.2635 | 검증손실: 0.3424 | 학습: 94.8% | 검증: 85.9% | lr: 5.00e-04 | 0.3s
  에폭 397/1500 | 손실: 0.2671 | 검증손실: 0.3468 | 학습: 95.0% | 검증: 86.0% | lr: 5.00e-04 | 0.3s
  에폭 398/1500 | 손실: 0.2560 | 검증손실: 0.3456 | 학습: 94.9% | 검증: 85.9% | lr: 5.00e-04 | 0.3s
  에폭 399/1500 | 손실: 0.2578 | 검증손실: 0.3453 | 학습: 94.9% | 검증: 86.1% | lr: 5.00e-04 | 0.3s
  에폭 400/1500 | 손실: 0.2557 | 검증손실: 0.3413 | 학습: 94.9% | 검증: 86.4% | lr: 5.00e-04 | 0.3s
  에폭 401/1500 | 손실: 0.2572 | 검증손실: 0.3457 | 학습: 94.8% | 검증: 86.1% | lr: 5.00e-04 | 0.3s
  에폭 402/1500 | 손실: 0.2542 | 검증손실: 0.3447 | 학습: 95.0% | 검증: 86.3% | lr: 5.00e-04 | 0.3s
  에폭 403/1500 | 손실: 0.2571 | 검증손실: 0.3486 | 학습: 94.7% | 검증: 85.8% | lr: 5.00e-04 | 0.3s
  에폭 404/1500 | 손실: 0.2576 | 검증손실: 0.3413 | 학습: 95.0% | 검증: 86.0% | lr: 5.00e-04 | 0.3s
  에폭 405/1500 | 손실: 0.2537 | 검증손실: 0.3457 | 학습: 94.9% | 검증: 85.9% | lr: 5.00e-04 | 0.3s
  에폭 406/1500 | 손실: 0.2592 | 검증손실: 0.3426 | 학습: 94.9% | 검증: 86.1% | lr: 5.00e-04 | 0.3s
  에폭 407/1500 | 손실: 0.2575 | 검증손실: 0.3512 | 학습: 94.8% | 검증: 85.9% | lr: 5.00e-04 | 0.3s
  에폭 408/1500 | 손실: 0.2553 | 검증손실: 0.3498 | 학습: 94.9% | 검증: 86.0% | lr: 5.00e-04 | 0.3s
  에폭 409/1500 | 손실: 0.2582 | 검증손실: 0.3495 | 학습: 94.8% | 검증: 86.2% | lr: 5.00e-04 | 0.3s
  에폭 410/1500 | 손실: 0.2633 | 검증손실: 0.3445 | 학습: 94.9% | 검증: 86.6% | lr: 5.00e-04 | 0.3s ★
  에폭 411/1500 | 손실: 0.2565 | 검증손실: 0.3424 | 학습: 94.9% | 검증: 86.1% | lr: 5.00e-04 | 0.3s
  에폭 412/1500 | 손실: 0.2606 | 검증손실: 0.3425 | 학습: 94.9% | 검증: 86.0% | lr: 5.00e-04 | 0.3s
  에폭 413/1500 | 손실: 0.2563 | 검증손실: 0.3467 | 학습: 94.7% | 검증: 85.9% | lr: 5.00e-04 | 0.3s
  에폭 414/1500 | 손실: 0.2566 | 검증손실: 0.3449 | 학습: 94.9% | 검증: 86.5% | lr: 5.00e-04 | 0.3s
  에폭 415/1500 | 손실: 0.2527 | 검증손실: 0.3401 | 학습: 94.9% | 검증: 86.2% | lr: 5.00e-04 | 0.3s
  에폭 416/1500 | 손실: 0.2515 | 검증손실: 0.3435 | 학습: 95.0% | 검증: 86.7% | lr: 5.00e-04 | 0.3s ★
  에폭 417/1500 | 손실: 0.2568 | 검증손실: 0.3377 | 학습: 94.8% | 검증: 86.5% | lr: 5.00e-04 | 0.3s
  에폭 418/1500 | 손실: 0.2555 | 검증손실: 0.3443 | 학습: 94.9% | 검증: 86.5% | lr: 5.00e-04 | 0.3s
  에폭 419/1500 | 손실: 0.2577 | 검증손실: 0.3466 | 학습: 94.7% | 검증: 85.9% | lr: 5.00e-04 | 0.3s
  에폭 420/1500 | 손실: 0.2543 | 검증손실: 0.3419 | 학습: 95.0% | 검증: 86.7% | lr: 5.00e-04 | 0.3s ★
  에폭 421/1500 | 손실: 0.2556 | 검증손실: 0.3459 | 학습: 95.1% | 검증: 86.4% | lr: 5.00e-04 | 0.3s
  에폭 422/1500 | 손실: 0.2632 | 검증손실: 0.3436 | 학습: 94.8% | 검증: 86.1% | lr: 5.00e-04 | 0.3s
  에폭 423/1500 | 손실: 0.2570 | 검증손실: 0.3483 | 학습: 95.1% | 검증: 86.3% | lr: 5.00e-04 | 0.3s
  에폭 424/1500 | 손실: 0.2541 | 검증손실: 0.3449 | 학습: 95.0% | 검증: 86.4% | lr: 5.00e-04 | 0.3s
  에폭 425/1500 | 손실: 0.2515 | 검증손실: 0.3430 | 학습: 95.1% | 검증: 86.3% | lr: 5.00e-04 | 0.3s
  에폭 426/1500 | 손실: 0.2645 | 검증손실: 0.3421 | 학습: 95.1% | 검증: 86.7% | lr: 5.00e-04 | 0.3s
  에폭 427/1500 | 손실: 0.2561 | 검증손실: 0.3472 | 학습: 95.0% | 검증: 86.5% | lr: 2.50e-04 | 0.3s
  에폭 428/1500 | 손실: 0.2582 | 검증손실: 0.3495 | 학습: 95.1% | 검증: 86.3% | lr: 2.50e-04 | 0.3s
  에폭 429/1500 | 손실: 0.2544 | 검증손실: 0.3502 | 학습: 95.2% | 검증: 86.3% | lr: 2.50e-04 | 0.3s
  에폭 430/1500 | 손실: 0.2538 | 검증손실: 0.3445 | 학습: 95.2% | 검증: 86.4% | lr: 2.50e-04 | 0.3s
  에폭 431/1500 | 손실: 0.2556 | 검증손실: 0.3446 | 학습: 95.0% | 검증: 86.3% | lr: 2.50e-04 | 0.3s
  에폭 432/1500 | 손실: 0.2574 | 검증손실: 0.3473 | 학습: 95.1% | 검증: 86.2% | lr: 2.50e-04 | 0.3s
  에폭 433/1500 | 손실: 0.2539 | 검증손실: 0.3472 | 학습: 95.2% | 검증: 86.5% | lr: 2.50e-04 | 0.3s
  에폭 434/1500 | 손실: 0.2533 | 검증손실: 0.3442 | 학습: 95.2% | 검증: 86.2% | lr: 2.50e-04 | 0.3s
  에폭 435/1500 | 손실: 0.2521 | 검증손실: 0.3456 | 학습: 95.1% | 검증: 86.3% | lr: 2.50e-04 | 0.3s
  에폭 436/1500 | 손실: 0.2514 | 검증손실: 0.3454 | 학습: 95.1% | 검증: 86.3% | lr: 2.50e-04 | 0.3s
  에폭 437/1500 | 손실: 0.2497 | 검증손실: 0.3472 | 학습: 95.2% | 검증: 86.1% | lr: 2.50e-04 | 0.3s
  에폭 438/1500 | 손실: 0.2527 | 검증손실: 0.3466 | 학습: 95.1% | 검증: 86.2% | lr: 2.50e-04 | 0.3s
  에폭 439/1500 | 손실: 0.2513 | 검증손실: 0.3433 | 학습: 95.3% | 검증: 86.2% | lr: 2.50e-04 | 0.3s
  에폭 440/1500 | 손실: 0.2508 | 검증손실: 0.3424 | 학습: 95.2% | 검증: 86.1% | lr: 2.50e-04 | 0.3s
  에폭 441/1500 | 손실: 0.2522 | 검증손실: 0.3488 | 학습: 95.2% | 검증: 86.4% | lr: 2.50e-04 | 0.3s
  에폭 442/1500 | 손실: 0.2472 | 검증손실: 0.3447 | 학습: 95.0% | 검증: 86.3% | lr: 2.50e-04 | 0.3s
  에폭 443/1500 | 손실: 0.2540 | 검증손실: 0.3465 | 학습: 95.1% | 검증: 86.5% | lr: 2.50e-04 | 0.3s
  에폭 444/1500 | 손실: 0.2505 | 검증손실: 0.3471 | 학습: 95.1% | 검증: 86.4% | lr: 2.50e-04 | 0.3s
  에폭 445/1500 | 손실: 0.2513 | 검증손실: 0.3453 | 학습: 95.1% | 검증: 86.4% | lr: 2.50e-04 | 0.3s
  에폭 446/1500 | 손실: 0.2546 | 검증손실: 0.3466 | 학습: 95.1% | 검증: 86.4% | lr: 2.50e-04 | 0.3s
  에폭 447/1500 | 손실: 0.2523 | 검증손실: 0.3434 | 학습: 95.3% | 검증: 86.6% | lr: 2.50e-04 | 0.3s
  에폭 448/1500 | 손실: 0.2544 | 검증손실: 0.3486 | 학습: 95.2% | 검증: 86.1% | lr: 2.50e-04 | 0.3s
  에폭 449/1500 | 손실: 0.2511 | 검증손실: 0.3437 | 학습: 95.1% | 검증: 86.4% | lr: 2.50e-04 | 0.3s
  에폭 450/1500 | 손실: 0.2492 | 검증손실: 0.3410 | 학습: 95.4% | 검증: 86.5% | lr: 2.50e-04 | 0.3s
  에폭 451/1500 | 손실: 0.2494 | 검증손실: 0.3419 | 학습: 95.0% | 검증: 86.5% | lr: 2.50e-04 | 0.3s
  에폭 452/1500 | 손실: 0.2477 | 검증손실: 0.3399 | 학습: 95.2% | 검증: 86.6% | lr: 2.50e-04 | 0.3s
  에폭 453/1500 | 손실: 0.2440 | 검증손실: 0.3480 | 학습: 95.2% | 검증: 86.5% | lr: 2.50e-04 | 0.3s
  에폭 454/1500 | 손실: 0.2585 | 검증손실: 0.3438 | 학습: 95.2% | 검증: 86.5% | lr: 2.50e-04 | 0.3s
  에폭 455/1500 | 손실: 0.2556 | 검증손실: 0.3466 | 학습: 95.1% | 검증: 86.2% | lr: 2.50e-04 | 0.3s
  에폭 456/1500 | 손실: 0.2533 | 검증손실: 0.3462 | 학습: 95.3% | 검증: 86.5% | lr: 2.50e-04 | 0.3s
  에폭 457/1500 | 손실: 0.2485 | 검증손실: 0.3470 | 학습: 95.3% | 검증: 86.4% | lr: 2.50e-04 | 0.3s
  에폭 458/1500 | 손실: 0.2513 | 검증손실: 0.3492 | 학습: 95.2% | 검증: 86.7% | lr: 2.50e-04 | 0.3s
  에폭 459/1500 | 손실: 0.2541 | 검증손실: 0.3438 | 학습: 95.2% | 검증: 86.6% | lr: 2.50e-04 | 0.4s
  에폭 460/1500 | 손실: 0.2492 | 검증손실: 0.3511 | 학습: 95.2% | 검증: 86.2% | lr: 2.50e-04 | 0.3s
  에폭 461/1500 | 손실: 0.2514 | 검증손실: 0.3447 | 학습: 95.3% | 검증: 86.4% | lr: 2.50e-04 | 0.3s
  에폭 462/1500 | 손실: 0.2500 | 검증손실: 0.3428 | 학습: 95.2% | 검증: 86.6% | lr: 2.50e-04 | 0.3s
  에폭 463/1500 | 손실: 0.2543 | 검증손실: 0.3418 | 학습: 95.3% | 검증: 86.4% | lr: 2.50e-04 | 0.3s
  에폭 464/1500 | 손실: 0.2496 | 검증손실: 0.3435 | 학습: 95.1% | 검증: 86.3% | lr: 2.50e-04 | 0.3s
  에폭 465/1500 | 손실: 0.2548 | 검증손실: 0.3466 | 학습: 95.2% | 검증: 86.2% | lr: 2.50e-04 | 0.3s
  에폭 466/1500 | 손실: 0.2502 | 검증손실: 0.3460 | 학습: 95.1% | 검증: 86.4% | lr: 2.50e-04 | 0.3s
  에폭 467/1500 | 손실: 0.2571 | 검증손실: 0.3417 | 학습: 95.2% | 검증: 86.3% | lr: 2.50e-04 | 0.3s
  에폭 468/1500 | 손실: 0.2480 | 검증손실: 0.3449 | 학습: 95.2% | 검증: 86.2% | lr: 2.50e-04 | 0.3s
  에폭 469/1500 | 손실: 0.2532 | 검증손실: 0.3421 | 학습: 95.3% | 검증: 86.4% | lr: 2.50e-04 | 0.3s
  에폭 470/1500 | 손실: 0.2500 | 검증손실: 0.3464 | 학습: 95.4% | 검증: 86.2% | lr: 2.50e-04 | 0.3s
  에폭 471/1500 | 손실: 0.2444 | 검증손실: 0.3439 | 학습: 95.1% | 검증: 86.3% | lr: 2.50e-04 | 0.3s
  에폭 472/1500 | 손실: 0.2446 | 검증손실: 0.3455 | 학습: 95.3% | 검증: 86.2% | lr: 2.50e-04 | 0.3s
  에폭 473/1500 | 손실: 0.2533 | 검증손실: 0.3482 | 학습: 95.4% | 검증: 86.1% | lr: 2.50e-04 | 0.3s
  에폭 474/1500 | 손실: 0.2502 | 검증손실: 0.3385 | 학습: 95.3% | 검증: 86.4% | lr: 2.50e-04 | 0.3s
  에폭 475/1500 | 손실: 0.2521 | 검증손실: 0.3442 | 학습: 95.3% | 검증: 86.3% | lr: 2.50e-04 | 0.3s
  에폭 476/1500 | 손실: 0.2474 | 검증손실: 0.3452 | 학습: 95.4% | 검증: 86.4% | lr: 2.50e-04 | 0.3s
  에폭 477/1500 | 손실: 0.2531 | 검증손실: 0.3467 | 학습: 95.3% | 검증: 86.5% | lr: 2.50e-04 | 0.3s
  에폭 478/1500 | 손실: 0.2518 | 검증손실: 0.3469 | 학습: 95.3% | 검증: 86.1% | lr: 1.25e-04 | 0.3s
  에폭 479/1500 | 손실: 0.2504 | 검증손실: 0.3461 | 학습: 95.1% | 검증: 86.3% | lr: 1.25e-04 | 0.3s
  에폭 480/1500 | 손실: 0.2481 | 검증손실: 0.3446 | 학습: 95.3% | 검증: 86.4% | lr: 1.25e-04 | 0.3s
  에폭 481/1500 | 손실: 0.2462 | 검증손실: 0.3435 | 학습: 95.3% | 검증: 86.5% | lr: 1.25e-04 | 0.3s
  에폭 482/1500 | 손실: 0.2472 | 검증손실: 0.3458 | 학습: 95.3% | 검증: 86.5% | lr: 1.25e-04 | 0.3s
  에폭 483/1500 | 손실: 0.2481 | 검증손실: 0.3433 | 학습: 95.3% | 검증: 86.4% | lr: 1.25e-04 | 0.3s
  에폭 484/1500 | 손실: 0.2458 | 검증손실: 0.3509 | 학습: 95.4% | 검증: 86.2% | lr: 1.25e-04 | 0.3s
  에폭 485/1500 | 손실: 0.2481 | 검증손실: 0.3421 | 학습: 95.5% | 검증: 86.5% | lr: 1.25e-04 | 0.3s
  에폭 486/1500 | 손실: 0.2494 | 검증손실: 0.3451 | 학습: 95.2% | 검증: 86.3% | lr: 1.25e-04 | 0.3s
  에폭 487/1500 | 손실: 0.2450 | 검증손실: 0.3407 | 학습: 95.2% | 검증: 86.7% | lr: 1.25e-04 | 0.3s
  에폭 488/1500 | 손실: 0.2467 | 검증손실: 0.3468 | 학습: 95.3% | 검증: 86.3% | lr: 1.25e-04 | 0.3s
  에폭 489/1500 | 손실: 0.2455 | 검증손실: 0.3481 | 학습: 95.3% | 검증: 86.2% | lr: 1.25e-04 | 0.3s
  에폭 490/1500 | 손실: 0.2477 | 검증손실: 0.3439 | 학습: 95.4% | 검증: 86.6% | lr: 1.25e-04 | 0.3s
  에폭 491/1500 | 손실: 0.2491 | 검증손실: 0.3441 | 학습: 95.4% | 검증: 86.5% | lr: 1.25e-04 | 0.3s
  에폭 492/1500 | 손실: 0.2472 | 검증손실: 0.3429 | 학습: 95.4% | 검증: 86.4% | lr: 1.25e-04 | 0.3s
  에폭 493/1500 | 손실: 0.2462 | 검증손실: 0.3415 | 학습: 95.4% | 검증: 86.6% | lr: 1.25e-04 | 0.3s
  에폭 494/1500 | 손실: 0.2479 | 검증손실: 0.3428 | 학습: 95.3% | 검증: 86.3% | lr: 1.25e-04 | 0.3s
  에폭 495/1500 | 손실: 0.2457 | 검증손실: 0.3432 | 학습: 95.3% | 검증: 86.4% | lr: 1.25e-04 | 0.3s
  에폭 496/1500 | 손실: 0.2464 | 검증손실: 0.3452 | 학습: 95.3% | 검증: 86.4% | lr: 1.25e-04 | 0.3s
  에폭 497/1500 | 손실: 0.2459 | 검증손실: 0.3437 | 학습: 95.3% | 검증: 86.3% | lr: 1.25e-04 | 0.3s
  에폭 498/1500 | 손실: 0.2457 | 검증손실: 0.3470 | 학습: 95.4% | 검증: 86.1% | lr: 1.25e-04 | 0.3s
  에폭 499/1500 | 손실: 0.2527 | 검증손실: 0.3431 | 학습: 95.4% | 검증: 86.4% | lr: 1.25e-04 | 0.3s
  에폭 500/1500 | 손실: 0.2484 | 검증손실: 0.3456 | 학습: 95.4% | 검증: 86.2% | lr: 1.25e-04 | 0.3s
  에폭 501/1500 | 손실: 0.2530 | 검증손실: 0.3488 | 학습: 95.4% | 검증: 86.3% | lr: 1.25e-04 | 0.3s
  에폭 502/1500 | 손실: 0.2469 | 검증손실: 0.3444 | 학습: 95.4% | 검증: 86.2% | lr: 1.25e-04 | 0.3s
  에폭 503/1500 | 손실: 0.2447 | 검증손실: 0.3450 | 학습: 95.3% | 검증: 86.4% | lr: 1.25e-04 | 0.3s
  에폭 504/1500 | 손실: 0.2473 | 검증손실: 0.3437 | 학습: 95.3% | 검증: 86.4% | lr: 1.25e-04 | 0.3s
  에폭 505/1500 | 손실: 0.2461 | 검증손실: 0.3466 | 학습: 95.4% | 검증: 86.3% | lr: 1.25e-04 | 0.3s
  에폭 506/1500 | 손실: 0.2493 | 검증손실: 0.3457 | 학습: 95.3% | 검증: 86.1% | lr: 1.25e-04 | 0.3s
  에폭 507/1500 | 손실: 0.2488 | 검증손실: 0.3464 | 학습: 95.4% | 검증: 86.4% | lr: 1.25e-04 | 0.3s
  에폭 508/1500 | 손실: 0.2436 | 검증손실: 0.3432 | 학습: 95.5% | 검증: 86.5% | lr: 1.25e-04 | 0.3s
  에폭 509/1500 | 손실: 0.2536 | 검증손실: 0.3434 | 학습: 95.5% | 검증: 86.7% | lr: 1.25e-04 | 0.3s
  에폭 510/1500 | 손실: 0.2469 | 검증손실: 0.3421 | 학습: 95.3% | 검증: 86.4% | lr: 1.25e-04 | 0.3s
  에폭 511/1500 | 손실: 0.2433 | 검증손실: 0.3428 | 학습: 95.3% | 검증: 86.4% | lr: 1.25e-04 | 0.3s
  에폭 512/1500 | 손실: 0.2466 | 검증손실: 0.3417 | 학습: 95.2% | 검증: 86.4% | lr: 1.25e-04 | 0.3s
  에폭 513/1500 | 손실: 0.2473 | 검증손실: 0.3412 | 학습: 95.4% | 검증: 86.5% | lr: 1.25e-04 | 0.3s
  에폭 514/1500 | 손실: 0.2420 | 검증손실: 0.3430 | 학습: 95.3% | 검증: 86.5% | lr: 1.25e-04 | 0.3s
  에폭 515/1500 | 손실: 0.2424 | 검증손실: 0.3408 | 학습: 95.3% | 검증: 86.4% | lr: 1.25e-04 | 0.3s
  에폭 516/1500 | 손실: 0.2510 | 검증손실: 0.3413 | 학습: 95.3% | 검증: 86.4% | lr: 1.25e-04 | 0.3s
  에폭 517/1500 | 손실: 0.2446 | 검증손실: 0.3433 | 학습: 95.2% | 검증: 86.5% | lr: 1.25e-04 | 0.3s
  에폭 518/1500 | 손실: 0.2487 | 검증손실: 0.3419 | 학습: 95.4% | 검증: 86.4% | lr: 1.25e-04 | 0.3s
  에폭 519/1500 | 손실: 0.2523 | 검증손실: 0.3411 | 학습: 95.4% | 검증: 86.3% | lr: 1.25e-04 | 0.3s
  에폭 520/1500 | 손실: 0.2461 | 검증손실: 0.3461 | 학습: 95.4% | 검증: 86.5% | lr: 1.25e-04 | 0.3s
  에폭 521/1500 | 손실: 0.2431 | 검증손실: 0.3409 | 학습: 95.4% | 검증: 86.5% | lr: 1.25e-04 | 0.3s
  에폭 522/1500 | 손실: 0.2449 | 검증손실: 0.3431 | 학습: 95.4% | 검증: 86.5% | lr: 1.25e-04 | 0.3s
  에폭 523/1500 | 손실: 0.2485 | 검증손실: 0.3435 | 학습: 95.4% | 검증: 86.5% | lr: 1.25e-04 | 0.3s
  에폭 524/1500 | 손실: 0.2480 | 검증손실: 0.3452 | 학습: 95.4% | 검증: 86.4% | lr: 1.25e-04 | 0.3s
  에폭 525/1500 | 손실: 0.2522 | 검증손실: 0.3418 | 학습: 95.4% | 검증: 86.3% | lr: 1.25e-04 | 0.3s
  에폭 526/1500 | 손실: 0.2493 | 검증손실: 0.3488 | 학습: 95.5% | 검증: 86.6% | lr: 1.25e-04 | 0.3s
  에폭 527/1500 | 손실: 0.2426 | 검증손실: 0.3456 | 학습: 95.4% | 검증: 86.4% | lr: 1.25e-04 | 0.3s
  에폭 528/1500 | 손실: 0.2459 | 검증손실: 0.3444 | 학습: 95.3% | 검증: 86.4% | lr: 1.25e-04 | 0.3s
  에폭 529/1500 | 손실: 0.2462 | 검증손실: 0.3415 | 학습: 95.3% | 검증: 86.4% | lr: 6.25e-05 | 0.3s
  에폭 530/1500 | 손실: 0.2469 | 검증손실: 0.3431 | 학습: 95.4% | 검증: 86.4% | lr: 6.25e-05 | 0.3s
  에폭 531/1500 | 손실: 0.2458 | 검증손실: 0.3419 | 학습: 95.4% | 검증: 86.4% | lr: 6.25e-05 | 0.3s
  에폭 532/1500 | 손실: 0.2446 | 검증손실: 0.3471 | 학습: 95.6% | 검증: 86.5% | lr: 6.25e-05 | 0.3s
  에폭 533/1500 | 손실: 0.2468 | 검증손실: 0.3418 | 학습: 95.4% | 검증: 86.5% | lr: 6.25e-05 | 0.3s
  에폭 534/1500 | 손실: 0.2430 | 검증손실: 0.3443 | 학습: 95.5% | 검증: 86.6% | lr: 6.25e-05 | 0.3s
  에폭 535/1500 | 손실: 0.2458 | 검증손실: 0.3443 | 학습: 95.2% | 검증: 86.2% | lr: 6.25e-05 | 0.3s
  에폭 536/1500 | 손실: 0.2385 | 검증손실: 0.3410 | 학습: 95.4% | 검증: 86.5% | lr: 6.25e-05 | 0.3s
  에폭 537/1500 | 손실: 0.2428 | 검증손실: 0.3440 | 학습: 95.5% | 검증: 86.6% | lr: 6.25e-05 | 0.3s
  에폭 538/1500 | 손실: 0.2412 | 검증손실: 0.3429 | 학습: 95.4% | 검증: 86.7% | lr: 6.25e-05 | 0.3s
  에폭 539/1500 | 손실: 0.2420 | 검증손실: 0.3426 | 학습: 95.4% | 검증: 86.7% | lr: 6.25e-05 | 0.3s
  에폭 540/1500 | 손실: 0.2402 | 검증손실: 0.3413 | 학습: 95.5% | 검증: 86.5% | lr: 6.25e-05 | 0.3s
  에폭 541/1500 | 손실: 0.2506 | 검증손실: 0.3438 | 학습: 95.5% | 검증: 86.5% | lr: 6.25e-05 | 0.3s
  에폭 542/1500 | 손실: 0.2446 | 검증손실: 0.3442 | 학습: 95.4% | 검증: 86.5% | lr: 6.25e-05 | 0.3s
  에폭 543/1500 | 손실: 0.2444 | 검증손실: 0.3467 | 학습: 95.4% | 검증: 86.3% | lr: 6.25e-05 | 0.3s
  에폭 544/1500 | 손실: 0.2437 | 검증손실: 0.3491 | 학습: 95.5% | 검증: 86.4% | lr: 6.25e-05 | 0.3s
  에폭 545/1500 | 손실: 0.2479 | 검증손실: 0.3437 | 학습: 95.5% | 검증: 86.2% | lr: 6.25e-05 | 0.3s
  에폭 546/1500 | 손실: 0.2434 | 검증손실: 0.3433 | 학습: 95.5% | 검증: 86.4% | lr: 6.25e-05 | 0.3s
  에폭 547/1500 | 손실: 0.2416 | 검증손실: 0.3466 | 학습: 95.6% | 검증: 86.6% | lr: 6.25e-05 | 0.3s
  에폭 548/1500 | 손실: 0.2467 | 검증손실: 0.3431 | 학습: 95.5% | 검증: 86.6% | lr: 6.25e-05 | 0.3s
  에폭 549/1500 | 손실: 0.2418 | 검증손실: 0.3450 | 학습: 95.6% | 검증: 86.5% | lr: 6.25e-05 | 0.3s
  에폭 550/1500 | 손실: 0.2433 | 검증손실: 0.3452 | 학습: 95.5% | 검증: 86.4% | lr: 6.25e-05 | 0.3s
  에폭 551/1500 | 손실: 0.2449 | 검증손실: 0.3469 | 학습: 95.5% | 검증: 86.5% | lr: 6.25e-05 | 0.3s
  에폭 552/1500 | 손실: 0.2402 | 검증손실: 0.3476 | 학습: 95.5% | 검증: 86.2% | lr: 6.25e-05 | 0.3s
  에폭 553/1500 | 손실: 0.2466 | 검증손실: 0.3439 | 학습: 95.5% | 검증: 86.7% | lr: 6.25e-05 | 0.3s
  에폭 554/1500 | 손실: 0.2434 | 검증손실: 0.3454 | 학습: 95.4% | 검증: 86.6% | lr: 6.25e-05 | 0.3s
  에폭 555/1500 | 손실: 0.2436 | 검증손실: 0.3457 | 학습: 95.5% | 검증: 86.4% | lr: 6.25e-05 | 0.3s
  에폭 556/1500 | 손실: 0.2475 | 검증손실: 0.3444 | 학습: 95.4% | 검증: 86.3% | lr: 6.25e-05 | 0.3s
  에폭 557/1500 | 손실: 0.2507 | 검증손실: 0.3444 | 학습: 95.6% | 검증: 86.5% | lr: 6.25e-05 | 0.3s
  에폭 558/1500 | 손실: 0.2373 | 검증손실: 0.3431 | 학습: 95.5% | 검증: 86.4% | lr: 6.25e-05 | 0.3s
  에폭 559/1500 | 손실: 0.2376 | 검증손실: 0.3442 | 학습: 95.4% | 검증: 86.5% | lr: 6.25e-05 | 0.3s
  에폭 560/1500 | 손실: 0.2432 | 검증손실: 0.3411 | 학습: 95.4% | 검증: 86.5% | lr: 6.25e-05 | 0.3s
  에폭 561/1500 | 손실: 0.2496 | 검증손실: 0.3467 | 학습: 95.4% | 검증: 86.5% | lr: 6.25e-05 | 0.3s
  에폭 562/1500 | 손실: 0.2449 | 검증손실: 0.3444 | 학습: 95.5% | 검증: 86.5% | lr: 6.25e-05 | 0.3s
  에폭 563/1500 | 손실: 0.2387 | 검증손실: 0.3439 | 학습: 95.4% | 검증: 86.5% | lr: 6.25e-05 | 0.3s
  에폭 564/1500 | 손실: 0.2467 | 검증손실: 0.3495 | 학습: 95.4% | 검증: 86.5% | lr: 6.25e-05 | 0.3s
  에폭 565/1500 | 손실: 0.2476 | 검증손실: 0.3421 | 학습: 95.5% | 검증: 86.6% | lr: 6.25e-05 | 0.3s
  에폭 566/1500 | 손실: 0.2459 | 검증손실: 0.3425 | 학습: 95.5% | 검증: 86.6% | lr: 6.25e-05 | 0.3s
  에폭 567/1500 | 손실: 0.2459 | 검증손실: 0.3459 | 학습: 95.5% | 검증: 86.5% | lr: 6.25e-05 | 0.3s
  에폭 568/1500 | 손실: 0.2476 | 검증손실: 0.3426 | 학습: 95.5% | 검증: 86.7% | lr: 6.25e-05 | 0.3s
  에폭 569/1500 | 손실: 0.2450 | 검증손실: 0.3469 | 학습: 95.5% | 검증: 86.3% | lr: 6.25e-05 | 0.3s
  에폭 570/1500 | 손실: 0.2451 | 검증손실: 0.3437 | 학습: 95.4% | 검증: 86.3% | lr: 6.25e-05 | 0.3s
  에폭 571/1500 | 손실: 0.2443 | 검증손실: 0.3425 | 학습: 95.5% | 검증: 86.7% | lr: 6.25e-05 | 0.3s
  에폭 572/1500 | 손실: 0.2416 | 검증손실: 0.3472 | 학습: 95.5% | 검증: 86.4% | lr: 6.25e-05 | 0.3s
  에폭 573/1500 | 손실: 0.2473 | 검증손실: 0.3477 | 학습: 95.5% | 검증: 86.5% | lr: 6.25e-05 | 0.3s
  에폭 574/1500 | 손실: 0.2408 | 검증손실: 0.3475 | 학습: 95.3% | 검증: 86.3% | lr: 6.25e-05 | 0.3s
  에폭 575/1500 | 손실: 0.2457 | 검증손실: 0.3462 | 학습: 95.5% | 검증: 86.5% | lr: 6.25e-05 | 0.3s
  에폭 576/1500 | 손실: 0.2482 | 검증손실: 0.3429 | 학습: 95.4% | 검증: 86.3% | lr: 6.25e-05 | 0.3s
  에폭 577/1500 | 손실: 0.2476 | 검증손실: 0.3436 | 학습: 95.5% | 검증: 86.6% | lr: 6.25e-05 | 0.3s
  에폭 578/1500 | 손실: 0.2484 | 검증손실: 0.3452 | 학습: 95.5% | 검증: 86.6% | lr: 6.25e-05 | 0.3s
  에폭 579/1500 | 손실: 0.2452 | 검증손실: 0.3439 | 학습: 95.4% | 검증: 86.4% | lr: 6.25e-05 | 0.3s
  에폭 580/1500 | 손실: 0.2449 | 검증손실: 0.3415 | 학습: 95.5% | 검증: 86.3% | lr: 3.13e-05 | 0.3s
  에폭 581/1500 | 손실: 0.2446 | 검증손실: 0.3446 | 학습: 95.6% | 검증: 86.6% | lr: 3.13e-05 | 0.3s
  에폭 582/1500 | 손실: 0.2513 | 검증손실: 0.3454 | 학습: 95.5% | 검증: 86.3% | lr: 3.13e-05 | 0.3s
  에폭 583/1500 | 손실: 0.2465 | 검증손실: 0.3456 | 학습: 95.5% | 검증: 86.4% | lr: 3.13e-05 | 0.3s
  에폭 584/1500 | 손실: 0.2496 | 검증손실: 0.3455 | 학습: 95.5% | 검증: 86.3% | lr: 3.13e-05 | 0.3s
  에폭 585/1500 | 손실: 0.2465 | 검증손실: 0.3457 | 학습: 95.4% | 검증: 86.5% | lr: 3.13e-05 | 0.3s
  에폭 586/1500 | 손실: 0.2452 | 검증손실: 0.3448 | 학습: 95.5% | 검증: 86.3% | lr: 3.13e-05 | 0.3s
  에폭 587/1500 | 손실: 0.2457 | 검증손실: 0.3444 | 학습: 95.5% | 검증: 86.5% | lr: 3.13e-05 | 0.3s
  에폭 588/1500 | 손실: 0.2423 | 검증손실: 0.3455 | 학습: 95.6% | 검증: 86.5% | lr: 3.13e-05 | 0.3s
  에폭 589/1500 | 손실: 0.2472 | 검증손실: 0.3445 | 학습: 95.5% | 검증: 86.4% | lr: 3.13e-05 | 0.3s
  에폭 590/1500 | 손실: 0.2458 | 검증손실: 0.3446 | 학습: 95.6% | 검증: 86.5% | lr: 3.13e-05 | 0.3s
  에폭 591/1500 | 손실: 0.2433 | 검증손실: 0.3419 | 학습: 95.5% | 검증: 86.3% | lr: 3.13e-05 | 0.3s
  에폭 592/1500 | 손실: 0.2392 | 검증손실: 0.3494 | 학습: 95.5% | 검증: 86.7% | lr: 3.13e-05 | 0.3s
  에폭 593/1500 | 손실: 0.2442 | 검증손실: 0.3408 | 학습: 95.4% | 검증: 86.5% | lr: 3.13e-05 | 0.3s
  에폭 594/1500 | 손실: 0.2412 | 검증손실: 0.3472 | 학습: 95.5% | 검증: 86.4% | lr: 3.13e-05 | 0.3s
  에폭 595/1500 | 손실: 0.2408 | 검증손실: 0.3441 | 학습: 95.5% | 검증: 86.6% | lr: 3.13e-05 | 0.3s
  에폭 596/1500 | 손실: 0.2419 | 검증손실: 0.3463 | 학습: 95.5% | 검증: 86.3% | lr: 3.13e-05 | 0.3s
  에폭 597/1500 | 손실: 0.2495 | 검증손실: 0.3430 | 학습: 95.5% | 검증: 86.8% | lr: 3.13e-05 | 0.3s ★
  에폭 598/1500 | 손실: 0.2504 | 검증손실: 0.3424 | 학습: 95.5% | 검증: 86.5% | lr: 3.13e-05 | 0.3s
  에폭 599/1500 | 손실: 0.2383 | 검증손실: 0.3466 | 학습: 95.5% | 검증: 86.2% | lr: 3.13e-05 | 0.3s
  에폭 600/1500 | 손실: 0.2493 | 검증손실: 0.3463 | 학습: 95.6% | 검증: 86.4% | lr: 3.13e-05 | 0.3s
  에폭 601/1500 | 손실: 0.2431 | 검증손실: 0.3428 | 학습: 95.5% | 검증: 86.3% | lr: 3.13e-05 | 0.3s
  에폭 602/1500 | 손실: 0.2401 | 검증손실: 0.3478 | 학습: 95.4% | 검증: 86.3% | lr: 3.13e-05 | 0.3s
  에폭 603/1500 | 손실: 0.2431 | 검증손실: 0.3451 | 학습: 95.5% | 검증: 86.4% | lr: 3.13e-05 | 0.3s
  에폭 604/1500 | 손실: 0.2469 | 검증손실: 0.3461 | 학습: 95.5% | 검증: 86.5% | lr: 3.13e-05 | 0.3s
  에폭 605/1500 | 손실: 0.2408 | 검증손실: 0.3421 | 학습: 95.4% | 검증: 86.9% | lr: 3.13e-05 | 0.3s ★
  에폭 606/1500 | 손실: 0.2439 | 검증손실: 0.3463 | 학습: 95.4% | 검증: 86.5% | lr: 3.13e-05 | 0.3s
  에폭 607/1500 | 손실: 0.2459 | 검증손실: 0.3447 | 학습: 95.5% | 검증: 86.7% | lr: 3.13e-05 | 0.3s
  에폭 608/1500 | 손실: 0.2442 | 검증손실: 0.3432 | 학습: 95.6% | 검증: 86.6% | lr: 3.13e-05 | 0.3s
  에폭 609/1500 | 손실: 0.2406 | 검증손실: 0.3438 | 학습: 95.4% | 검증: 86.6% | lr: 3.13e-05 | 0.3s
  에폭 610/1500 | 손실: 0.2435 | 검증손실: 0.3436 | 학습: 95.6% | 검증: 86.7% | lr: 3.13e-05 | 0.3s
  에폭 611/1500 | 손실: 0.2410 | 검증손실: 0.3447 | 학습: 95.5% | 검증: 86.4% | lr: 3.13e-05 | 0.3s
  에폭 612/1500 | 손실: 0.2485 | 검증손실: 0.3467 | 학습: 95.6% | 검증: 86.5% | lr: 3.13e-05 | 0.3s
  에폭 613/1500 | 손실: 0.2392 | 검증손실: 0.3415 | 학습: 95.4% | 검증: 86.5% | lr: 3.13e-05 | 0.3s
  에폭 614/1500 | 손실: 0.2433 | 검증손실: 0.3460 | 학습: 95.5% | 검증: 86.5% | lr: 3.13e-05 | 0.3s
  에폭 615/1500 | 손실: 0.2399 | 검증손실: 0.3441 | 학습: 95.5% | 검증: 86.4% | lr: 3.13e-05 | 0.3s
  에폭 616/1500 | 손실: 0.2378 | 검증손실: 0.3473 | 학습: 95.5% | 검증: 86.6% | lr: 3.13e-05 | 0.3s
  에폭 617/1500 | 손실: 0.2496 | 검증손실: 0.3520 | 학습: 95.6% | 검증: 86.4% | lr: 3.13e-05 | 0.3s
  에폭 618/1500 | 손실: 0.2452 | 검증손실: 0.3459 | 학습: 95.5% | 검증: 86.5% | lr: 3.13e-05 | 0.3s
  에폭 619/1500 | 손실: 0.2437 | 검증손실: 0.3427 | 학습: 95.5% | 검증: 86.7% | lr: 3.13e-05 | 0.3s
  에폭 620/1500 | 손실: 0.2415 | 검증손실: 0.3439 | 학습: 95.5% | 검증: 86.4% | lr: 3.13e-05 | 0.3s
  에폭 621/1500 | 손실: 0.2441 | 검증손실: 0.3447 | 학습: 95.5% | 검증: 86.5% | lr: 3.13e-05 | 0.3s
  에폭 622/1500 | 손실: 0.2430 | 검증손실: 0.3464 | 학습: 95.5% | 검증: 86.6% | lr: 3.13e-05 | 0.3s
  에폭 623/1500 | 손실: 0.2425 | 검증손실: 0.3452 | 학습: 95.4% | 검증: 86.2% | lr: 3.13e-05 | 0.3s
  에폭 624/1500 | 손실: 0.2445 | 검증손실: 0.3445 | 학습: 95.5% | 검증: 86.5% | lr: 3.13e-05 | 0.3s
  에폭 625/1500 | 손실: 0.2455 | 검증손실: 0.3434 | 학습: 95.5% | 검증: 86.6% | lr: 3.13e-05 | 0.3s
  에폭 626/1500 | 손실: 0.2416 | 검증손실: 0.3439 | 학습: 95.5% | 검증: 86.4% | lr: 3.13e-05 | 0.3s
  에폭 627/1500 | 손실: 0.2391 | 검증손실: 0.3447 | 학습: 95.6% | 검증: 86.5% | lr: 3.13e-05 | 0.3s
  에폭 628/1500 | 손실: 0.2395 | 검증손실: 0.3440 | 학습: 95.5% | 검증: 86.6% | lr: 3.13e-05 | 0.3s
  에폭 629/1500 | 손실: 0.2452 | 검증손실: 0.3449 | 학습: 95.5% | 검증: 86.6% | lr: 3.13e-05 | 0.3s
  에폭 630/1500 | 손실: 0.2451 | 검증손실: 0.3413 | 학습: 95.5% | 검증: 86.4% | lr: 3.13e-05 | 0.3s
  에폭 631/1500 | 손실: 0.2473 | 검증손실: 0.3439 | 학습: 95.5% | 검증: 86.4% | lr: 1.56e-05 | 0.3s
  에폭 632/1500 | 손실: 0.2486 | 검증손실: 0.3452 | 학습: 95.6% | 검증: 86.5% | lr: 1.56e-05 | 0.3s
  에폭 633/1500 | 손실: 0.2416 | 검증손실: 0.3450 | 학습: 95.6% | 검증: 86.3% | lr: 1.56e-05 | 0.3s
  에폭 634/1500 | 손실: 0.2461 | 검증손실: 0.3437 | 학습: 95.5% | 검증: 86.8% | lr: 1.56e-05 | 0.3s
  에폭 635/1500 | 손실: 0.2434 | 검증손실: 0.3473 | 학습: 95.6% | 검증: 86.6% | lr: 1.56e-05 | 0.3s
  에폭 636/1500 | 손실: 0.2412 | 검증손실: 0.3458 | 학습: 95.4% | 검증: 86.6% | lr: 1.56e-05 | 0.3s
  에폭 637/1500 | 손실: 0.2419 | 검증손실: 0.3470 | 학습: 95.4% | 검증: 86.5% | lr: 1.56e-05 | 0.3s
  에폭 638/1500 | 손실: 0.2464 | 검증손실: 0.3413 | 학습: 95.4% | 검증: 86.6% | lr: 1.56e-05 | 0.3s
  에폭 639/1500 | 손실: 0.2460 | 검증손실: 0.3448 | 학습: 95.5% | 검증: 86.6% | lr: 1.56e-05 | 0.3s
  에폭 640/1500 | 손실: 0.2450 | 검증손실: 0.3426 | 학습: 95.6% | 검증: 86.6% | lr: 1.56e-05 | 0.3s
  에폭 641/1500 | 손실: 0.2481 | 검증손실: 0.3462 | 학습: 95.6% | 검증: 86.6% | lr: 1.56e-05 | 0.3s
  에폭 642/1500 | 손실: 0.2399 | 검증손실: 0.3465 | 학습: 95.4% | 검증: 86.4% | lr: 1.56e-05 | 0.4s
  에폭 643/1500 | 손실: 0.2466 | 검증손실: 0.3463 | 학습: 95.6% | 검증: 86.5% | lr: 1.56e-05 | 0.3s
  에폭 644/1500 | 손실: 0.2434 | 검증손실: 0.3419 | 학습: 95.6% | 검증: 86.6% | lr: 1.56e-05 | 0.3s
  에폭 645/1500 | 손실: 0.2410 | 검증손실: 0.3467 | 학습: 95.5% | 검증: 86.3% | lr: 1.56e-05 | 0.3s
  에폭 646/1500 | 손실: 0.2401 | 검증손실: 0.3450 | 학습: 95.5% | 검증: 86.3% | lr: 1.56e-05 | 0.3s
  에폭 647/1500 | 손실: 0.2460 | 검증손실: 0.3450 | 학습: 95.6% | 검증: 86.4% | lr: 1.56e-05 | 0.3s
  에폭 648/1500 | 손실: 0.2446 | 검증손실: 0.3483 | 학습: 95.5% | 검증: 86.5% | lr: 1.56e-05 | 0.3s
  에폭 649/1500 | 손실: 0.2401 | 검증손실: 0.3430 | 학습: 95.4% | 검증: 86.6% | lr: 1.56e-05 | 0.3s
  에폭 650/1500 | 손실: 0.2443 | 검증손실: 0.3457 | 학습: 95.6% | 검증: 86.5% | lr: 1.56e-05 | 0.3s
  에폭 651/1500 | 손실: 0.2474 | 검증손실: 0.3444 | 학습: 95.5% | 검증: 86.5% | lr: 1.56e-05 | 0.3s
  에폭 652/1500 | 손실: 0.2425 | 검증손실: 0.3464 | 학습: 95.5% | 검증: 86.5% | lr: 1.56e-05 | 0.3s
  에폭 653/1500 | 손실: 0.2425 | 검증손실: 0.3438 | 학습: 95.6% | 검증: 86.6% | lr: 1.56e-05 | 0.3s
  에폭 654/1500 | 손실: 0.2443 | 검증손실: 0.3456 | 학습: 95.6% | 검증: 86.4% | lr: 1.56e-05 | 0.3s
  에폭 655/1500 | 손실: 0.2428 | 검증손실: 0.3470 | 학습: 95.6% | 검증: 86.6% | lr: 1.56e-05 | 0.3s
  에폭 656/1500 | 손실: 0.2462 | 검증손실: 0.3439 | 학습: 95.5% | 검증: 86.5% | lr: 1.56e-05 | 0.3s
  에폭 657/1500 | 손실: 0.2482 | 검증손실: 0.3429 | 학습: 95.5% | 검증: 86.5% | lr: 1.56e-05 | 0.3s
  에폭 658/1500 | 손실: 0.2463 | 검증손실: 0.3437 | 학습: 95.6% | 검증: 86.8% | lr: 1.56e-05 | 0.3s
  에폭 659/1500 | 손실: 0.2429 | 검증손실: 0.3459 | 학습: 95.5% | 검증: 86.5% | lr: 1.56e-05 | 0.3s
  에폭 660/1500 | 손실: 0.2449 | 검증손실: 0.3470 | 학습: 95.6% | 검증: 86.5% | lr: 1.56e-05 | 0.3s
  에폭 661/1500 | 손실: 0.2470 | 검증손실: 0.3436 | 학습: 95.4% | 검증: 86.5% | lr: 1.56e-05 | 0.3s
  에폭 662/1500 | 손실: 0.2444 | 검증손실: 0.3439 | 학습: 95.6% | 검증: 86.5% | lr: 1.56e-05 | 0.3s
  에폭 663/1500 | 손실: 0.2456 | 검증손실: 0.3411 | 학습: 95.4% | 검증: 86.7% | lr: 1.56e-05 | 0.3s
  에폭 664/1500 | 손실: 0.2421 | 검증손실: 0.3433 | 학습: 95.6% | 검증: 86.6% | lr: 1.56e-05 | 0.3s
  에폭 665/1500 | 손실: 0.2436 | 검증손실: 0.3430 | 학습: 95.5% | 검증: 86.5% | lr: 1.56e-05 | 0.3s
  에폭 666/1500 | 손실: 0.2445 | 검증손실: 0.3458 | 학습: 95.6% | 검증: 86.5% | lr: 1.56e-05 | 0.3s
  에폭 667/1500 | 손실: 0.2516 | 검증손실: 0.3432 | 학습: 95.5% | 검증: 86.8% | lr: 1.56e-05 | 0.3s
  에폭 668/1500 | 손실: 0.2438 | 검증손실: 0.3463 | 학습: 95.6% | 검증: 86.3% | lr: 1.56e-05 | 0.3s
  에폭 669/1500 | 손실: 0.2430 | 검증손실: 0.3483 | 학습: 95.5% | 검증: 86.3% | lr: 1.56e-05 | 0.3s
  에폭 670/1500 | 손실: 0.2409 | 검증손실: 0.3430 | 학습: 95.5% | 검증: 86.6% | lr: 1.56e-05 | 0.3s
  에폭 671/1500 | 손실: 0.2488 | 검증손실: 0.3442 | 학습: 95.6% | 검증: 86.5% | lr: 1.56e-05 | 0.3s
  에폭 672/1500 | 손실: 0.2469 | 검증손실: 0.3458 | 학습: 95.6% | 검증: 86.6% | lr: 1.56e-05 | 0.3s
  에폭 673/1500 | 손실: 0.2498 | 검증손실: 0.3433 | 학습: 95.6% | 검증: 86.7% | lr: 1.56e-05 | 0.3s
  에폭 674/1500 | 손실: 0.2420 | 검증손실: 0.3473 | 학습: 95.6% | 검증: 86.4% | lr: 1.56e-05 | 0.3s
  에폭 675/1500 | 손실: 0.2424 | 검증손실: 0.3440 | 학습: 95.5% | 검증: 86.5% | lr: 1.56e-05 | 0.3s
  에폭 676/1500 | 손실: 0.2411 | 검증손실: 0.3444 | 학습: 95.3% | 검증: 86.5% | lr: 1.56e-05 | 0.3s
  에폭 677/1500 | 손실: 0.2402 | 검증손실: 0.3449 | 학습: 95.4% | 검증: 86.4% | lr: 1.56e-05 | 0.3s
  에폭 678/1500 | 손실: 0.2474 | 검증손실: 0.3456 | 학습: 95.5% | 검증: 86.5% | lr: 1.56e-05 | 0.3s
  에폭 679/1500 | 손실: 0.2425 | 검증손실: 0.3429 | 학습: 95.5% | 검증: 86.6% | lr: 1.56e-05 | 0.3s
  에폭 680/1500 | 손실: 0.2408 | 검증손실: 0.3445 | 학습: 95.4% | 검증: 86.3% | lr: 1.56e-05 | 0.3s
  에폭 681/1500 | 손실: 0.2437 | 검증손실: 0.3443 | 학습: 95.6% | 검증: 86.3% | lr: 1.56e-05 | 0.3s
  에폭 682/1500 | 손실: 0.2410 | 검증손실: 0.3434 | 학습: 95.5% | 검증: 86.7% | lr: 7.81e-06 | 0.3s
  에폭 683/1500 | 손실: 0.2450 | 검증손실: 0.3452 | 학습: 95.5% | 검증: 86.5% | lr: 7.81e-06 | 0.3s
  에폭 684/1500 | 손실: 0.2458 | 검증손실: 0.3445 | 학습: 95.6% | 검증: 86.6% | lr: 7.81e-06 | 0.3s
  에폭 685/1500 | 손실: 0.2438 | 검증손실: 0.3447 | 학습: 95.5% | 검증: 86.5% | lr: 7.81e-06 | 0.3s
  에폭 686/1500 | 손실: 0.2443 | 검증손실: 0.3435 | 학습: 95.5% | 검증: 86.5% | lr: 7.81e-06 | 0.3s
  에폭 687/1500 | 손실: 0.2459 | 검증손실: 0.3471 | 학습: 95.5% | 검증: 86.6% | lr: 7.81e-06 | 0.3s
  에폭 688/1500 | 손실: 0.2427 | 검증손실: 0.3449 | 학습: 95.6% | 검증: 86.5% | lr: 7.81e-06 | 0.3s
  에폭 689/1500 | 손실: 0.2425 | 검증손실: 0.3456 | 학습: 95.6% | 검증: 86.4% | lr: 7.81e-06 | 0.3s
  에폭 690/1500 | 손실: 0.2435 | 검증손실: 0.3443 | 학습: 95.5% | 검증: 86.4% | lr: 7.81e-06 | 0.3s
  에폭 691/1500 | 손실: 0.2409 | 검증손실: 0.3443 | 학습: 95.5% | 검증: 86.6% | lr: 7.81e-06 | 0.3s
  에폭 692/1500 | 손실: 0.2473 | 검증손실: 0.3420 | 학습: 95.4% | 검증: 86.5% | lr: 7.81e-06 | 0.3s
  에폭 693/1500 | 손실: 0.2458 | 검증손실: 0.3453 | 학습: 95.6% | 검증: 86.5% | lr: 7.81e-06 | 0.3s
  에폭 694/1500 | 손실: 0.2383 | 검증손실: 0.3433 | 학습: 95.5% | 검증: 86.3% | lr: 7.81e-06 | 0.3s
  에폭 695/1500 | 손실: 0.2439 | 검증손실: 0.3467 | 학습: 95.6% | 검증: 86.6% | lr: 7.81e-06 | 0.3s
  에폭 696/1500 | 손실: 0.2486 | 검증손실: 0.3464 | 학습: 95.6% | 검증: 86.5% | lr: 7.81e-06 | 0.3s
  에폭 697/1500 | 손실: 0.2467 | 검증손실: 0.3469 | 학습: 95.6% | 검증: 86.6% | lr: 7.81e-06 | 0.3s
  에폭 698/1500 | 손실: 0.2431 | 검증손실: 0.3440 | 학습: 95.5% | 검증: 86.7% | lr: 7.81e-06 | 0.3s
  에폭 699/1500 | 손실: 0.2429 | 검증손실: 0.3449 | 학습: 95.6% | 검증: 86.5% | lr: 7.81e-06 | 0.3s
  에폭 700/1500 | 손실: 0.2423 | 검증손실: 0.3447 | 학습: 95.5% | 검증: 86.4% | lr: 7.81e-06 | 0.3s
  에폭 701/1500 | 손실: 0.2397 | 검증손실: 0.3471 | 학습: 95.6% | 검증: 86.4% | lr: 7.81e-06 | 0.3s
  에폭 702/1500 | 손실: 0.2449 | 검증손실: 0.3434 | 학습: 95.5% | 검증: 86.5% | lr: 7.81e-06 | 0.3s
  에폭 703/1500 | 손실: 0.2403 | 검증손실: 0.3435 | 학습: 95.5% | 검증: 86.6% | lr: 7.81e-06 | 0.3s
  에폭 704/1500 | 손실: 0.2445 | 검증손실: 0.3511 | 학습: 95.4% | 검증: 86.0% | lr: 7.81e-06 | 0.3s
  에폭 705/1500 | 손실: 0.2452 | 검증손실: 0.3495 | 학습: 95.5% | 검증: 86.4% | lr: 7.81e-06 | 0.3s
  에폭 706/1500 | 손실: 0.2466 | 검증손실: 0.3449 | 학습: 95.5% | 검증: 86.4% | lr: 7.81e-06 | 0.3s
  에폭 707/1500 | 손실: 0.2438 | 검증손실: 0.3435 | 학습: 95.6% | 검증: 86.5% | lr: 7.81e-06 | 0.3s
  에폭 708/1500 | 손실: 0.2421 | 검증손실: 0.3419 | 학습: 95.5% | 검증: 86.6% | lr: 7.81e-06 | 0.3s
  에폭 709/1500 | 손실: 0.2441 | 검증손실: 0.3460 | 학습: 95.6% | 검증: 86.4% | lr: 7.81e-06 | 0.3s
  에폭 710/1500 | 손실: 0.2360 | 검증손실: 0.3435 | 학습: 95.5% | 검증: 86.6% | lr: 7.81e-06 | 0.3s
  에폭 711/1500 | 손실: 0.2402 | 검증손실: 0.3430 | 학습: 95.6% | 검증: 86.6% | lr: 7.81e-06 | 0.3s
  에폭 712/1500 | 손실: 0.2434 | 검증손실: 0.3448 | 학습: 95.5% | 검증: 86.4% | lr: 7.81e-06 | 0.3s
  에폭 713/1500 | 손실: 0.2442 | 검증손실: 0.3424 | 학습: 95.4% | 검증: 86.8% | lr: 7.81e-06 | 0.3s
  에폭 714/1500 | 손실: 0.2449 | 검증손실: 0.3442 | 학습: 95.5% | 검증: 86.2% | lr: 7.81e-06 | 0.3s
  에폭 715/1500 | 손실: 0.2405 | 검증손실: 0.3430 | 학습: 95.4% | 검증: 86.6% | lr: 7.81e-06 | 0.3s
  에폭 716/1500 | 손실: 0.2372 | 검증손실: 0.3454 | 학습: 95.5% | 검증: 86.5% | lr: 7.81e-06 | 0.3s
  에폭 717/1500 | 손실: 0.2441 | 검증손실: 0.3423 | 학습: 95.4% | 검증: 86.7% | lr: 7.81e-06 | 0.3s
  에폭 718/1500 | 손실: 0.2484 | 검증손실: 0.3409 | 학습: 95.4% | 검증: 86.5% | lr: 7.81e-06 | 0.3s
  에폭 719/1500 | 손실: 0.2440 | 검증손실: 0.3430 | 학습: 95.3% | 검증: 86.6% | lr: 7.81e-06 | 0.3s
  에폭 720/1500 | 손실: 0.2463 | 검증손실: 0.3442 | 학습: 95.6% | 검증: 86.4% | lr: 7.81e-06 | 0.3s
  에폭 721/1500 | 손실: 0.2386 | 검증손실: 0.3423 | 학습: 95.4% | 검증: 86.6% | lr: 7.81e-06 | 0.3s
  에폭 722/1500 | 손실: 0.2472 | 검증손실: 0.3405 | 학습: 95.6% | 검증: 86.5% | lr: 7.81e-06 | 0.3s
  에폭 723/1500 | 손실: 0.2415 | 검증손실: 0.3421 | 학습: 95.5% | 검증: 86.7% | lr: 7.81e-06 | 0.3s
  에폭 724/1500 | 손실: 0.2454 | 검증손실: 0.3449 | 학습: 95.5% | 검증: 86.5% | lr: 7.81e-06 | 0.3s
  에폭 725/1500 | 손실: 0.2444 | 검증손실: 0.3407 | 학습: 95.4% | 검증: 86.5% | lr: 7.81e-06 | 0.3s
  에폭 726/1500 | 손실: 0.2416 | 검증손실: 0.3430 | 학습: 95.6% | 검증: 86.5% | lr: 7.81e-06 | 0.3s
  에폭 727/1500 | 손실: 0.2427 | 검증손실: 0.3435 | 학습: 95.5% | 검증: 86.4% | lr: 7.81e-06 | 0.3s
  에폭 728/1500 | 손실: 0.2366 | 검증손실: 0.3433 | 학습: 95.5% | 검증: 86.5% | lr: 7.81e-06 | 0.3s
  에폭 729/1500 | 손실: 0.2448 | 검증손실: 0.3425 | 학습: 95.5% | 검증: 86.5% | lr: 7.81e-06 | 0.3s
  에폭 730/1500 | 손실: 0.2454 | 검증손실: 0.3447 | 학습: 95.5% | 검증: 86.5% | lr: 7.81e-06 | 0.3s
  에폭 731/1500 | 손실: 0.2431 | 검증손실: 0.3406 | 학습: 95.6% | 검증: 86.7% | lr: 7.81e-06 | 0.3s
  에폭 732/1500 | 손실: 0.2455 | 검증손실: 0.3463 | 학습: 95.5% | 검증: 86.6% | lr: 7.81e-06 | 0.3s
  에폭 733/1500 | 손실: 0.2437 | 검증손실: 0.3418 | 학습: 95.4% | 검증: 86.6% | lr: 3.91e-06 | 0.3s
  에폭 734/1500 | 손실: 0.2428 | 검증손실: 0.3413 | 학습: 95.5% | 검증: 86.3% | lr: 3.91e-06 | 0.3s
  에폭 735/1500 | 손실: 0.2410 | 검증손실: 0.3439 | 학습: 95.5% | 검증: 86.7% | lr: 3.91e-06 | 0.3s
  에폭 736/1500 | 손실: 0.2414 | 검증손실: 0.3466 | 학습: 95.2% | 검증: 86.1% | lr: 3.91e-06 | 0.3s
  에폭 737/1500 | 손실: 0.2433 | 검증손실: 0.3446 | 학습: 95.5% | 검증: 86.5% | lr: 3.91e-06 | 0.3s
  에폭 738/1500 | 손실: 0.2405 | 검증손실: 0.3425 | 학습: 95.5% | 검증: 86.6% | lr: 3.91e-06 | 0.3s
  에폭 739/1500 | 손실: 0.2456 | 검증손실: 0.3463 | 학습: 95.6% | 검증: 86.4% | lr: 3.91e-06 | 0.3s
  에폭 740/1500 | 손실: 0.2423 | 검증손실: 0.3439 | 학습: 95.6% | 검증: 86.7% | lr: 3.91e-06 | 0.3s
  에폭 741/1500 | 손실: 0.2457 | 검증손실: 0.3460 | 학습: 95.6% | 검증: 86.5% | lr: 3.91e-06 | 0.3s
  에폭 742/1500 | 손실: 0.2451 | 검증손실: 0.3446 | 학습: 95.5% | 검증: 86.3% | lr: 3.91e-06 | 0.3s
  에폭 743/1500 | 손실: 0.2447 | 검증손실: 0.3423 | 학습: 95.5% | 검증: 86.5% | lr: 3.91e-06 | 0.3s
  에폭 744/1500 | 손실: 0.2415 | 검증손실: 0.3452 | 학습: 95.6% | 검증: 86.6% | lr: 3.91e-06 | 0.3s
  에폭 745/1500 | 손실: 0.2498 | 검증손실: 0.3437 | 학습: 95.6% | 검증: 86.6% | lr: 3.91e-06 | 0.3s
  에폭 746/1500 | 손실: 0.2483 | 검증손실: 0.3465 | 학습: 95.5% | 검증: 86.5% | lr: 3.91e-06 | 0.3s
  에폭 747/1500 | 손실: 0.2396 | 검증손실: 0.3449 | 학습: 95.6% | 검증: 86.6% | lr: 3.91e-06 | 0.3s
  에폭 748/1500 | 손실: 0.2390 | 검증손실: 0.3410 | 학습: 95.5% | 검증: 86.7% | lr: 3.91e-06 | 0.3s
  에폭 749/1500 | 손실: 0.2419 | 검증손실: 0.3442 | 학습: 95.2% | 검증: 86.4% | lr: 3.91e-06 | 0.3s
  에폭 750/1500 | 손실: 0.2456 | 검증손실: 0.3492 | 학습: 95.5% | 검증: 86.4% | lr: 3.91e-06 | 0.3s
  에폭 751/1500 | 손실: 0.2415 | 검증손실: 0.3419 | 학습: 95.5% | 검증: 86.6% | lr: 3.91e-06 | 0.3s
  에폭 752/1500 | 손실: 0.2474 | 검증손실: 0.3486 | 학습: 95.5% | 검증: 86.2% | lr: 3.91e-06 | 0.3s
  에폭 753/1500 | 손실: 0.2422 | 검증손실: 0.3458 | 학습: 95.4% | 검증: 86.3% | lr: 3.91e-06 | 0.3s
  에폭 754/1500 | 손실: 0.2414 | 검증손실: 0.3463 | 학습: 95.5% | 검증: 86.4% | lr: 3.91e-06 | 0.3s
  에폭 755/1500 | 손실: 0.2419 | 검증손실: 0.3426 | 학습: 95.5% | 검증: 86.6% | lr: 3.91e-06 | 0.3s
  에폭 756/1500 | 손실: 0.2475 | 검증손실: 0.3457 | 학습: 95.6% | 검증: 86.5% | lr: 3.91e-06 | 0.3s
  에폭 757/1500 | 손실: 0.2451 | 검증손실: 0.3430 | 학습: 95.4% | 검증: 86.6% | lr: 3.91e-06 | 0.3s
  에폭 758/1500 | 손실: 0.2416 | 검증손실: 0.3417 | 학습: 95.4% | 검증: 86.4% | lr: 3.91e-06 | 0.3s
  에폭 759/1500 | 손실: 0.2422 | 검증손실: 0.3446 | 학습: 95.5% | 검증: 86.6% | lr: 3.91e-06 | 0.3s
  에폭 760/1500 | 손실: 0.2440 | 검증손실: 0.3456 | 학습: 95.6% | 검증: 86.2% | lr: 3.91e-06 | 0.3s
  에폭 761/1500 | 손실: 0.2489 | 검증손실: 0.3446 | 학습: 95.5% | 검증: 86.4% | lr: 3.91e-06 | 0.3s
  에폭 762/1500 | 손실: 0.2431 | 검증손실: 0.3406 | 학습: 95.5% | 검증: 86.4% | lr: 3.91e-06 | 0.3s
  에폭 763/1500 | 손실: 0.2412 | 검증손실: 0.3464 | 학습: 95.5% | 검증: 86.6% | lr: 3.91e-06 | 0.3s
  에폭 764/1500 | 손실: 0.2448 | 검증손실: 0.3412 | 학습: 95.5% | 검증: 86.4% | lr: 3.91e-06 | 0.3s
  에폭 765/1500 | 손실: 0.2423 | 검증손실: 0.3450 | 학습: 95.4% | 검증: 86.5% | lr: 3.91e-06 | 0.3s
  에폭 766/1500 | 손실: 0.2469 | 검증손실: 0.3453 | 학습: 95.5% | 검증: 86.5% | lr: 3.91e-06 | 0.3s
  에폭 767/1500 | 손실: 0.2471 | 검증손실: 0.3414 | 학습: 95.5% | 검증: 86.6% | lr: 3.91e-06 | 0.3s
  에폭 768/1500 | 손실: 0.2429 | 검증손실: 0.3434 | 학습: 95.4% | 검증: 86.7% | lr: 3.91e-06 | 0.3s
  에폭 769/1500 | 손실: 0.2429 | 검증손실: 0.3439 | 학습: 95.6% | 검증: 86.7% | lr: 3.91e-06 | 0.3s
  에폭 770/1500 | 손실: 0.2446 | 검증손실: 0.3444 | 학습: 95.6% | 검증: 86.5% | lr: 3.91e-06 | 0.3s
  에폭 771/1500 | 손실: 0.2438 | 검증손실: 0.3414 | 학습: 95.6% | 검증: 86.7% | lr: 3.91e-06 | 0.3s
  에폭 772/1500 | 손실: 0.2417 | 검증손실: 0.3440 | 학습: 95.6% | 검증: 86.8% | lr: 3.91e-06 | 0.3s
  에폭 773/1500 | 손실: 0.2455 | 검증손실: 0.3425 | 학습: 95.6% | 검증: 86.6% | lr: 3.91e-06 | 0.3s
  에폭 774/1500 | 손실: 0.2414 | 검증손실: 0.3450 | 학습: 95.6% | 검증: 86.7% | lr: 3.91e-06 | 0.3s
  에폭 775/1500 | 손실: 0.2407 | 검증손실: 0.3413 | 학습: 95.4% | 검증: 86.6% | lr: 3.91e-06 | 0.3s
  에폭 776/1500 | 손실: 0.2436 | 검증손실: 0.3446 | 학습: 95.5% | 검증: 86.7% | lr: 3.91e-06 | 0.3s
  에폭 777/1500 | 손실: 0.2492 | 검증손실: 0.3446 | 학습: 95.5% | 검증: 86.6% | lr: 3.91e-06 | 0.3s
  에폭 778/1500 | 손실: 0.2454 | 검증손실: 0.3419 | 학습: 95.4% | 검증: 86.7% | lr: 3.91e-06 | 0.3s
  에폭 779/1500 | 손실: 0.2435 | 검증손실: 0.3462 | 학습: 95.6% | 검증: 86.4% | lr: 3.91e-06 | 0.3s
  에폭 780/1500 | 손실: 0.2434 | 검증손실: 0.3479 | 학습: 95.4% | 검증: 86.5% | lr: 3.91e-06 | 0.3s
  에폭 781/1500 | 손실: 0.2448 | 검증손실: 0.3441 | 학습: 95.4% | 검증: 86.6% | lr: 3.91e-06 | 0.3s
  에폭 782/1500 | 손실: 0.2474 | 검증손실: 0.3445 | 학습: 95.2% | 검증: 86.2% | lr: 3.91e-06 | 0.3s
  에폭 783/1500 | 손실: 0.2460 | 검증손실: 0.3406 | 학습: 95.5% | 검증: 86.7% | lr: 3.91e-06 | 0.3s
  에폭 784/1500 | 손실: 0.2457 | 검증손실: 0.3447 | 학습: 95.6% | 검증: 86.5% | lr: 1.95e-06 | 0.3s
  에폭 785/1500 | 손실: 0.2444 | 검증손실: 0.3435 | 학습: 95.5% | 검증: 86.7% | lr: 1.95e-06 | 0.3s
  에폭 786/1500 | 손실: 0.2339 | 검증손실: 0.3411 | 학습: 95.5% | 검증: 86.5% | lr: 1.95e-06 | 0.3s
  에폭 787/1500 | 손실: 0.2424 | 검증손실: 0.3448 | 학습: 95.5% | 검증: 86.5% | lr: 1.95e-06 | 0.3s
  에폭 788/1500 | 손실: 0.2361 | 검증손실: 0.3444 | 학습: 95.6% | 검증: 86.5% | lr: 1.95e-06 | 0.3s
  에폭 789/1500 | 손실: 0.2397 | 검증손실: 0.3458 | 학습: 95.6% | 검증: 86.4% | lr: 1.95e-06 | 0.3s
  에폭 790/1500 | 손실: 0.2415 | 검증손실: 0.3416 | 학습: 95.6% | 검증: 86.7% | lr: 1.95e-06 | 0.3s
  에폭 791/1500 | 손실: 0.2397 | 검증손실: 0.3440 | 학습: 95.5% | 검증: 86.5% | lr: 1.95e-06 | 0.3s
  에폭 792/1500 | 손실: 0.2472 | 검증손실: 0.3478 | 학습: 95.5% | 검증: 86.4% | lr: 1.95e-06 | 0.3s
  에폭 793/1500 | 손실: 0.2423 | 검증손실: 0.3443 | 학습: 95.5% | 검증: 86.4% | lr: 1.95e-06 | 0.3s
  에폭 794/1500 | 손실: 0.2426 | 검증손실: 0.3424 | 학습: 95.5% | 검증: 86.7% | lr: 1.95e-06 | 0.3s
  에폭 795/1500 | 손실: 0.2450 | 검증손실: 0.3472 | 학습: 95.4% | 검증: 86.5% | lr: 1.95e-06 | 0.3s
  에폭 796/1500 | 손실: 0.2442 | 검증손실: 0.3445 | 학습: 95.6% | 검증: 86.4% | lr: 1.95e-06 | 0.3s
  에폭 797/1500 | 손실: 0.2421 | 검증손실: 0.3451 | 학습: 95.6% | 검증: 86.5% | lr: 1.95e-06 | 0.3s
  에폭 798/1500 | 손실: 0.2344 | 검증손실: 0.3454 | 학습: 95.5% | 검증: 86.5% | lr: 1.95e-06 | 0.3s
  에폭 799/1500 | 손실: 0.2431 | 검증손실: 0.3500 | 학습: 95.6% | 검증: 86.5% | lr: 1.95e-06 | 0.3s
  에폭 800/1500 | 손실: 0.2404 | 검증손실: 0.3454 | 학습: 95.6% | 검증: 86.5% | lr: 1.95e-06 | 0.3s
  에폭 801/1500 | 손실: 0.2417 | 검증손실: 0.3457 | 학습: 95.7% | 검증: 86.3% | lr: 1.95e-06 | 0.3s
  에폭 802/1500 | 손실: 0.2425 | 검증손실: 0.3479 | 학습: 95.6% | 검증: 86.5% | lr: 1.95e-06 | 0.3s
  에폭 803/1500 | 손실: 0.2464 | 검증손실: 0.3464 | 학습: 95.7% | 검증: 86.4% | lr: 1.95e-06 | 0.3s
  에폭 804/1500 | 손실: 0.2441 | 검증손실: 0.3447 | 학습: 95.4% | 검증: 86.6% | lr: 1.95e-06 | 0.3s
  에폭 805/1500 | 손실: 0.2412 | 검증손실: 0.3451 | 학습: 95.5% | 검증: 86.5% | lr: 1.95e-06 | 0.3s
  에폭 806/1500 | 손실: 0.2456 | 검증손실: 0.3433 | 학습: 95.6% | 검증: 86.7% | lr: 1.95e-06 | 0.3s
  에폭 807/1500 | 손실: 0.2427 | 검증손실: 0.3430 | 학습: 95.6% | 검증: 86.6% | lr: 1.95e-06 | 0.3s
  에폭 808/1500 | 손실: 0.2431 | 검증손실: 0.3416 | 학습: 95.4% | 검증: 86.8% | lr: 1.95e-06 | 0.3s
  에폭 809/1500 | 손실: 0.2462 | 검증손실: 0.3440 | 학습: 95.5% | 검증: 86.6% | lr: 1.95e-06 | 0.3s
  에폭 810/1500 | 손실: 0.2446 | 검증손실: 0.3443 | 학습: 95.6% | 검증: 86.7% | lr: 1.95e-06 | 0.3s
  에폭 811/1500 | 손실: 0.2454 | 검증손실: 0.3421 | 학습: 95.5% | 검증: 86.7% | lr: 1.95e-06 | 0.3s
  에폭 812/1500 | 손실: 0.2443 | 검증손실: 0.3438 | 학습: 95.6% | 검증: 86.6% | lr: 1.95e-06 | 0.3s
  에폭 813/1500 | 손실: 0.2398 | 검증손실: 0.3435 | 학습: 95.3% | 검증: 86.7% | lr: 1.95e-06 | 0.3s
  에폭 814/1500 | 손실: 0.2461 | 검증손실: 0.3439 | 학습: 95.6% | 검증: 86.5% | lr: 1.95e-06 | 0.3s
  에폭 815/1500 | 손실: 0.2447 | 검증손실: 0.3443 | 학습: 95.4% | 검증: 86.5% | lr: 1.95e-06 | 0.3s
  에폭 816/1500 | 손실: 0.2481 | 검증손실: 0.3494 | 학습: 95.6% | 검증: 86.5% | lr: 1.95e-06 | 0.3s
  에폭 817/1500 | 손실: 0.2452 | 검증손실: 0.3430 | 학습: 95.5% | 검증: 86.6% | lr: 1.95e-06 | 0.3s
  에폭 818/1500 | 손실: 0.2448 | 검증손실: 0.3438 | 학습: 95.5% | 검증: 86.5% | lr: 1.95e-06 | 0.3s
  에폭 819/1500 | 손실: 0.2482 | 검증손실: 0.3432 | 학습: 95.5% | 검증: 86.4% | lr: 1.95e-06 | 0.3s
  에폭 820/1500 | 손실: 0.2433 | 검증손실: 0.3452 | 학습: 95.5% | 검증: 86.7% | lr: 1.95e-06 | 0.3s
  에폭 821/1500 | 손실: 0.2416 | 검증손실: 0.3450 | 학습: 95.6% | 검증: 86.6% | lr: 1.95e-06 | 0.3s
  에폭 822/1500 | 손실: 0.2452 | 검증손실: 0.3442 | 학습: 95.4% | 검증: 86.3% | lr: 1.95e-06 | 0.3s
  에폭 823/1500 | 손실: 0.2411 | 검증손실: 0.3457 | 학습: 95.5% | 검증: 86.5% | lr: 1.95e-06 | 0.3s
  에폭 824/1500 | 손실: 0.2427 | 검증손실: 0.3449 | 학습: 95.6% | 검증: 86.4% | lr: 1.95e-06 | 0.4s
  에폭 825/1500 | 손실: 0.2364 | 검증손실: 0.3468 | 학습: 95.5% | 검증: 86.7% | lr: 1.95e-06 | 0.3s
  에폭 826/1500 | 손실: 0.2532 | 검증손실: 0.3437 | 학습: 95.5% | 검증: 86.3% | lr: 1.95e-06 | 0.3s
  에폭 827/1500 | 손실: 0.2420 | 검증손실: 0.3494 | 학습: 95.4% | 검증: 86.5% | lr: 1.95e-06 | 0.3s
  에폭 828/1500 | 손실: 0.2395 | 검증손실: 0.3467 | 학습: 95.6% | 검증: 86.5% | lr: 1.95e-06 | 0.3s
  에폭 829/1500 | 손실: 0.2444 | 검증손실: 0.3433 | 학습: 95.5% | 검증: 86.5% | lr: 1.95e-06 | 0.3s
  에폭 830/1500 | 손실: 0.2402 | 검증손실: 0.3448 | 학습: 95.5% | 검증: 86.6% | lr: 1.95e-06 | 0.3s
  에폭 831/1500 | 손실: 0.2415 | 검증손실: 0.3445 | 학습: 95.6% | 검증: 86.7% | lr: 1.95e-06 | 0.3s
  에폭 832/1500 | 손실: 0.2465 | 검증손실: 0.3444 | 학습: 95.6% | 검증: 86.7% | lr: 1.95e-06 | 0.3s
  에폭 833/1500 | 손실: 0.2390 | 검증손실: 0.3440 | 학습: 95.6% | 검증: 86.5% | lr: 1.95e-06 | 0.3s
  에폭 834/1500 | 손실: 0.2480 | 검증손실: 0.3428 | 학습: 95.3% | 검증: 86.8% | lr: 1.95e-06 | 0.3s
  에폭 835/1500 | 손실: 0.2417 | 검증손실: 0.3490 | 학습: 95.6% | 검증: 86.6% | lr: 1.00e-06 | 0.3s
  에폭 836/1500 | 손실: 0.2448 | 검증손실: 0.3448 | 학습: 95.5% | 검증: 86.5% | lr: 1.00e-06 | 0.3s
  에폭 837/1500 | 손실: 0.2393 | 검증손실: 0.3450 | 학습: 95.6% | 검증: 86.2% | lr: 1.00e-06 | 0.3s
  에폭 838/1500 | 손실: 0.2457 | 검증손실: 0.3439 | 학습: 95.4% | 검증: 86.5% | lr: 1.00e-06 | 0.3s
  에폭 839/1500 | 손실: 0.2461 | 검증손실: 0.3420 | 학습: 95.6% | 검증: 86.7% | lr: 1.00e-06 | 0.3s
  에폭 840/1500 | 손실: 0.2437 | 검증손실: 0.3448 | 학습: 95.5% | 검증: 86.5% | lr: 1.00e-06 | 0.3s
  에폭 841/1500 | 손실: 0.2440 | 검증손실: 0.3437 | 학습: 95.5% | 검증: 86.4% | lr: 1.00e-06 | 0.3s
  에폭 842/1500 | 손실: 0.2367 | 검증손실: 0.3442 | 학습: 95.6% | 검증: 86.6% | lr: 1.00e-06 | 0.3s
  에폭 843/1500 | 손실: 0.2424 | 검증손실: 0.3444 | 학습: 95.5% | 검증: 86.4% | lr: 1.00e-06 | 0.3s
  에폭 844/1500 | 손실: 0.2464 | 검증손실: 0.3429 | 학습: 95.5% | 검증: 86.5% | lr: 1.00e-06 | 0.3s
  에폭 845/1500 | 손실: 0.2444 | 검증손실: 0.3434 | 학습: 95.6% | 검증: 86.5% | lr: 1.00e-06 | 0.3s
  에폭 846/1500 | 손실: 0.2488 | 검증손실: 0.3449 | 학습: 95.4% | 검증: 86.5% | lr: 1.00e-06 | 0.3s
  에폭 847/1500 | 손실: 0.2448 | 검증손실: 0.3442 | 학습: 95.5% | 검증: 86.5% | lr: 1.00e-06 | 0.3s
  에폭 848/1500 | 손실: 0.2427 | 검증손실: 0.3411 | 학습: 95.6% | 검증: 86.4% | lr: 1.00e-06 | 0.3s
  에폭 849/1500 | 손실: 0.2412 | 검증손실: 0.3469 | 학습: 95.5% | 검증: 86.5% | lr: 1.00e-06 | 0.3s
  에폭 850/1500 | 손실: 0.2454 | 검증손실: 0.3496 | 학습: 95.5% | 검증: 86.5% | lr: 1.00e-06 | 0.3s
  에폭 851/1500 | 손실: 0.2383 | 검증손실: 0.3469 | 학습: 95.6% | 검증: 86.7% | lr: 1.00e-06 | 0.3s
  에폭 852/1500 | 손실: 0.2459 | 검증손실: 0.3446 | 학습: 95.5% | 검증: 86.5% | lr: 1.00e-06 | 0.3s
  에폭 853/1500 | 손실: 0.2439 | 검증손실: 0.3429 | 학습: 95.5% | 검증: 86.5% | lr: 1.00e-06 | 0.3s
  에폭 854/1500 | 손실: 0.2413 | 검증손실: 0.3453 | 학습: 95.6% | 검증: 86.4% | lr: 1.00e-06 | 0.3s
  에폭 855/1500 | 손실: 0.2357 | 검증손실: 0.3447 | 학습: 95.6% | 검증: 86.4% | lr: 1.00e-06 | 0.3s
  에폭 856/1500 | 손실: 0.2415 | 검증손실: 0.3454 | 학습: 95.6% | 검증: 86.4% | lr: 1.00e-06 | 0.3s
  에폭 857/1500 | 손실: 0.2463 | 검증손실: 0.3416 | 학습: 95.5% | 검증: 86.7% | lr: 1.00e-06 | 0.3s
  에폭 858/1500 | 손실: 0.2429 | 검증손실: 0.3462 | 학습: 95.6% | 검증: 86.4% | lr: 1.00e-06 | 0.3s
  에폭 859/1500 | 손실: 0.2459 | 검증손실: 0.3434 | 학습: 95.6% | 검증: 86.6% | lr: 1.00e-06 | 0.3s
  에폭 860/1500 | 손실: 0.2448 | 검증손실: 0.3505 | 학습: 95.5% | 검증: 86.5% | lr: 1.00e-06 | 0.3s
  에폭 861/1500 | 손실: 0.2412 | 검증손실: 0.3438 | 학습: 95.6% | 검증: 86.8% | lr: 1.00e-06 | 0.3s
  에폭 862/1500 | 손실: 0.2413 | 검증손실: 0.3414 | 학습: 95.4% | 검증: 86.8% | lr: 1.00e-06 | 0.3s
  에폭 863/1500 | 손실: 0.2450 | 검증손실: 0.3456 | 학습: 95.6% | 검증: 86.4% | lr: 1.00e-06 | 0.3s
  에폭 864/1500 | 손실: 0.2416 | 검증손실: 0.3446 | 학습: 95.5% | 검증: 86.4% | lr: 1.00e-06 | 0.3s
  에폭 865/1500 | 손실: 0.2440 | 검증손실: 0.3462 | 학습: 95.5% | 검증: 86.4% | lr: 1.00e-06 | 0.3s
  에폭 866/1500 | 손실: 0.2441 | 검증손실: 0.3429 | 학습: 95.5% | 검증: 86.7% | lr: 1.00e-06 | 0.3s
  에폭 867/1500 | 손실: 0.2453 | 검증손실: 0.3430 | 학습: 95.6% | 검증: 86.5% | lr: 1.00e-06 | 0.3s
  에폭 868/1500 | 손실: 0.2444 | 검증손실: 0.3481 | 학습: 95.6% | 검증: 86.6% | lr: 1.00e-06 | 0.3s
  에폭 869/1500 | 손실: 0.2409 | 검증손실: 0.3439 | 학습: 95.5% | 검증: 86.7% | lr: 1.00e-06 | 0.3s
  에폭 870/1500 | 손실: 0.2476 | 검증손실: 0.3455 | 학습: 95.5% | 검증: 86.5% | lr: 1.00e-06 | 0.3s
  에폭 871/1500 | 손실: 0.2446 | 검증손실: 0.3432 | 학습: 95.5% | 검증: 86.6% | lr: 1.00e-06 | 0.3s
  에폭 872/1500 | 손실: 0.2448 | 검증손실: 0.3478 | 학습: 95.7% | 검증: 86.6% | lr: 1.00e-06 | 0.3s
  에폭 873/1500 | 손실: 0.2390 | 검증손실: 0.3403 | 학습: 95.6% | 검증: 86.7% | lr: 1.00e-06 | 0.3s
  에폭 874/1500 | 손실: 0.2449 | 검증손실: 0.3434 | 학습: 95.6% | 검증: 86.6% | lr: 1.00e-06 | 0.3s
  에폭 875/1500 | 손실: 0.2478 | 검증손실: 0.3424 | 학습: 95.4% | 검증: 86.3% | lr: 1.00e-06 | 0.3s
  에폭 876/1500 | 손실: 0.2401 | 검증손실: 0.3496 | 학습: 95.6% | 검증: 86.5% | lr: 1.00e-06 | 0.3s
  에폭 877/1500 | 손실: 0.2490 | 검증손실: 0.3448 | 학습: 95.3% | 검증: 86.2% | lr: 1.00e-06 | 0.3s
  에폭 878/1500 | 손실: 0.2400 | 검증손실: 0.3427 | 학습: 95.6% | 검증: 86.6% | lr: 1.00e-06 | 0.3s
  에폭 879/1500 | 손실: 0.2343 | 검증손실: 0.3469 | 학습: 95.5% | 검증: 86.5% | lr: 1.00e-06 | 0.3s
  에폭 880/1500 | 손실: 0.2398 | 검증손실: 0.3435 | 학습: 95.5% | 검증: 86.7% | lr: 1.00e-06 | 0.3s
  에폭 881/1500 | 손실: 0.2471 | 검증손실: 0.3454 | 학습: 95.5% | 검증: 86.5% | lr: 1.00e-06 | 0.3s
  에폭 882/1500 | 손실: 0.2450 | 검증손실: 0.3451 | 학습: 95.6% | 검증: 86.6% | lr: 1.00e-06 | 0.3s
  에폭 883/1500 | 손실: 0.2436 | 검증손실: 0.3424 | 학습: 95.4% | 검증: 86.7% | lr: 1.00e-06 | 0.3s
  에폭 884/1500 | 손실: 0.2417 | 검증손실: 0.3418 | 학습: 95.3% | 검증: 86.6% | lr: 1.00e-06 | 0.3s
  에폭 885/1500 | 손실: 0.2415 | 검증손실: 0.3418 | 학습: 95.5% | 검증: 86.6% | lr: 1.00e-06 | 0.3s
  에폭 886/1500 | 손실: 0.2425 | 검증손실: 0.3452 | 학습: 95.6% | 검증: 86.5% | lr: 1.00e-06 | 0.3s
  에폭 887/1500 | 손실: 0.2462 | 검증손실: 0.3465 | 학습: 95.6% | 검증: 86.4% | lr: 1.00e-06 | 0.3s
  에폭 888/1500 | 손실: 0.2376 | 검증손실: 0.3432 | 학습: 95.4% | 검증: 86.7% | lr: 1.00e-06 | 0.3s
  에폭 889/1500 | 손실: 0.2413 | 검증손실: 0.3435 | 학습: 95.5% | 검증: 86.6% | lr: 1.00e-06 | 0.3s
  에폭 890/1500 | 손실: 0.2431 | 검증손실: 0.3418 | 학습: 95.4% | 검증: 86.6% | lr: 1.00e-06 | 0.3s
  에폭 891/1500 | 손실: 0.2398 | 검증손실: 0.3476 | 학습: 95.5% | 검증: 86.4% | lr: 1.00e-06 | 0.3s
  에폭 892/1500 | 손실: 0.2412 | 검증손실: 0.3434 | 학습: 95.6% | 검증: 86.5% | lr: 1.00e-06 | 0.3s
  에폭 893/1500 | 손실: 0.2486 | 검증손실: 0.3465 | 학습: 95.3% | 검증: 86.5% | lr: 1.00e-06 | 0.3s
  에폭 894/1500 | 손실: 0.2403 | 검증손실: 0.3472 | 학습: 95.5% | 검증: 86.6% | lr: 1.00e-06 | 0.3s
  에폭 895/1500 | 손실: 0.2434 | 검증손실: 0.3440 | 학습: 95.4% | 검증: 86.5% | lr: 1.00e-06 | 0.3s
  에폭 896/1500 | 손실: 0.2437 | 검증손실: 0.3434 | 학습: 95.1% | 검증: 86.1% | lr: 1.00e-06 | 0.3s
  에폭 897/1500 | 손실: 0.2434 | 검증손실: 0.3465 | 학습: 95.3% | 검증: 86.5% | lr: 1.00e-06 | 0.3s
  에폭 898/1500 | 손실: 0.2449 | 검증손실: 0.3473 | 학습: 95.6% | 검증: 86.4% | lr: 1.00e-06 | 0.3s
  에폭 899/1500 | 손실: 0.2447 | 검증손실: 0.3464 | 학습: 95.6% | 검증: 86.7% | lr: 1.00e-06 | 0.3s
  에폭 900/1500 | 손실: 0.2439 | 검증손실: 0.3462 | 학습: 95.5% | 검증: 86.4% | lr: 1.00e-06 | 0.3s
  에폭 901/1500 | 손실: 0.2410 | 검증손실: 0.3462 | 학습: 95.4% | 검증: 86.5% | lr: 1.00e-06 | 0.3s
  에폭 902/1500 | 손실: 0.2505 | 검증손실: 0.3456 | 학습: 95.5% | 검증: 86.3% | lr: 1.00e-06 | 0.3s
  에폭 903/1500 | 손실: 0.2431 | 검증손실: 0.3440 | 학습: 95.5% | 검증: 86.3% | lr: 1.00e-06 | 0.3s
  에폭 904/1500 | 손실: 0.2446 | 검증손실: 0.3429 | 학습: 95.6% | 검증: 86.6% | lr: 1.00e-06 | 0.3s
  에폭 905/1500 | 손실: 0.2444 | 검증손실: 0.3464 | 학습: 95.6% | 검증: 86.7% | lr: 1.00e-06 | 0.3s
  에폭 906/1500 | 손실: 0.2460 | 검증손실: 0.3443 | 학습: 95.3% | 검증: 86.6% | lr: 1.00e-06 | 0.3s
  에폭 907/1500 | 손실: 0.2457 | 검증손실: 0.3439 | 학습: 95.6% | 검증: 86.7% | lr: 1.00e-06 | 0.3s
  에폭 908/1500 | 손실: 0.2491 | 검증손실: 0.3463 | 학습: 95.6% | 검증: 86.6% | lr: 1.00e-06 | 0.3s
  에폭 909/1500 | 손실: 0.2432 | 검증손실: 0.3457 | 학습: 95.4% | 검증: 86.5% | lr: 1.00e-06 | 0.3s
  에폭 910/1500 | 손실: 0.2419 | 검증손실: 0.3467 | 학습: 95.5% | 검증: 86.6% | lr: 1.00e-06 | 0.3s
  에폭 911/1500 | 손실: 0.2400 | 검증손실: 0.3453 | 학습: 95.4% | 검증: 86.4% | lr: 1.00e-06 | 0.3s
  에폭 912/1500 | 손실: 0.2436 | 검증손실: 0.3451 | 학습: 95.6% | 검증: 86.4% | lr: 1.00e-06 | 0.3s
  에폭 913/1500 | 손실: 0.2457 | 검증손실: 0.3477 | 학습: 95.5% | 검증: 86.4% | lr: 1.00e-06 | 0.3s
  에폭 914/1500 | 손실: 0.2440 | 검증손실: 0.3459 | 학습: 95.6% | 검증: 86.6% | lr: 1.00e-06 | 0.3s
  에폭 915/1500 | 손실: 0.2499 | 검증손실: 0.3436 | 학습: 95.5% | 검증: 86.6% | lr: 1.00e-06 | 0.3s
  에폭 916/1500 | 손실: 0.2424 | 검증손실: 0.3513 | 학습: 95.6% | 검증: 86.6% | lr: 1.00e-06 | 0.3s
  에폭 917/1500 | 손실: 0.2418 | 검증손실: 0.3479 | 학습: 95.7% | 검증: 86.5% | lr: 1.00e-06 | 0.3s
  에폭 918/1500 | 손실: 0.2419 | 검증손실: 0.3462 | 학습: 95.5% | 검증: 86.6% | lr: 1.00e-06 | 0.3s
  에폭 919/1500 | 손실: 0.2459 | 검증손실: 0.3459 | 학습: 95.5% | 검증: 86.6% | lr: 1.00e-06 | 0.3s
  에폭 920/1500 | 손실: 0.2438 | 검증손실: 0.3452 | 학습: 95.6% | 검증: 86.3% | lr: 1.00e-06 | 0.3s
  에폭 921/1500 | 손실: 0.2434 | 검증손실: 0.3465 | 학습: 95.5% | 검증: 86.7% | lr: 1.00e-06 | 0.3s
  에폭 922/1500 | 손실: 0.2390 | 검증손실: 0.3469 | 학습: 95.6% | 검증: 86.5% | lr: 1.00e-06 | 0.3s
  에폭 923/1500 | 손실: 0.2430 | 검증손실: 0.3452 | 학습: 95.5% | 검증: 86.5% | lr: 1.00e-06 | 0.3s
  에폭 924/1500 | 손실: 0.2411 | 검증손실: 0.3469 | 학습: 95.6% | 검증: 86.7% | lr: 1.00e-06 | 0.3s
  에폭 925/1500 | 손실: 0.2427 | 검증손실: 0.3438 | 학습: 95.4% | 검증: 86.4% | lr: 1.00e-06 | 0.3s
  에폭 926/1500 | 손실: 0.2398 | 검증손실: 0.3425 | 학습: 95.4% | 검증: 86.6% | lr: 1.00e-06 | 0.3s
  에폭 927/1500 | 손실: 0.2388 | 검증손실: 0.3441 | 학습: 95.5% | 검증: 86.6% | lr: 1.00e-06 | 0.3s
  에폭 928/1500 | 손실: 0.2372 | 검증손실: 0.3475 | 학습: 95.5% | 검증: 86.5% | lr: 1.00e-06 | 0.3s
  에폭 929/1500 | 손실: 0.2438 | 검증손실: 0.3409 | 학습: 95.6% | 검증: 86.5% | lr: 1.00e-06 | 0.3s
  에폭 930/1500 | 손실: 0.2403 | 검증손실: 0.3416 | 학습: 95.5% | 검증: 86.5% | lr: 1.00e-06 | 0.3s
  에폭 931/1500 | 손실: 0.2462 | 검증손실: 0.3471 | 학습: 95.6% | 검증: 86.7% | lr: 1.00e-06 | 0.3s
  에폭 932/1500 | 손실: 0.2457 | 검증손실: 0.3435 | 학습: 95.5% | 검증: 86.6% | lr: 1.00e-06 | 0.3s
  에폭 933/1500 | 손실: 0.2426 | 검증손실: 0.3434 | 학습: 95.5% | 검증: 86.3% | lr: 1.00e-06 | 0.3s
  에폭 934/1500 | 손실: 0.2402 | 검증손실: 0.3423 | 학습: 95.6% | 검증: 86.6% | lr: 1.00e-06 | 0.3s
  에폭 935/1500 | 손실: 0.2443 | 검증손실: 0.3450 | 학습: 95.5% | 검증: 86.3% | lr: 1.00e-06 | 0.3s
  에폭 936/1500 | 손실: 0.2454 | 검증손실: 0.3435 | 학습: 95.5% | 검증: 86.5% | lr: 1.00e-06 | 0.3s
  에폭 937/1500 | 손실: 0.2427 | 검증손실: 0.3443 | 학습: 95.6% | 검증: 86.6% | lr: 1.00e-06 | 0.3s
  에폭 938/1500 | 손실: 0.2417 | 검증손실: 0.3448 | 학습: 95.5% | 검증: 86.7% | lr: 1.00e-06 | 0.3s
  에폭 939/1500 | 손실: 0.2491 | 검증손실: 0.3452 | 학습: 95.6% | 검증: 86.6% | lr: 1.00e-06 | 0.3s
  에폭 940/1500 | 손실: 0.2411 | 검증손실: 0.3419 | 학습: 95.3% | 검증: 86.7% | lr: 1.00e-06 | 0.3s
  에폭 941/1500 | 손실: 0.2420 | 검증손실: 0.3473 | 학습: 95.6% | 검증: 86.6% | lr: 1.00e-06 | 0.3s
  에폭 942/1500 | 손실: 0.2451 | 검증손실: 0.3427 | 학습: 95.5% | 검증: 86.6% | lr: 1.00e-06 | 0.3s
  에폭 943/1500 | 손실: 0.2433 | 검증손실: 0.3421 | 학습: 95.6% | 검증: 86.5% | lr: 1.00e-06 | 0.3s
  에폭 944/1500 | 손실: 0.2430 | 검증손실: 0.3451 | 학습: 95.5% | 검증: 86.4% | lr: 1.00e-06 | 0.3s
  에폭 945/1500 | 손실: 0.2370 | 검증손실: 0.3426 | 학습: 95.5% | 검증: 86.5% | lr: 1.00e-06 | 0.3s
  에폭 946/1500 | 손실: 0.2412 | 검증손실: 0.3453 | 학습: 95.2% | 검증: 86.4% | lr: 1.00e-06 | 0.3s
  에폭 947/1500 | 손실: 0.2443 | 검증손실: 0.3435 | 학습: 95.3% | 검증: 86.4% | lr: 1.00e-06 | 0.3s
  에폭 948/1500 | 손실: 0.2406 | 검증손실: 0.3443 | 학습: 95.4% | 검증: 86.4% | lr: 1.00e-06 | 0.3s
  에폭 949/1500 | 손실: 0.2415 | 검증손실: 0.3427 | 학습: 95.6% | 검증: 86.4% | lr: 1.00e-06 | 0.3s
  에폭 950/1500 | 손실: 0.2403 | 검증손실: 0.3513 | 학습: 95.5% | 검증: 86.2% | lr: 1.00e-06 | 0.3s
  에폭 951/1500 | 손실: 0.2425 | 검증손실: 0.3437 | 학습: 95.5% | 검증: 86.7% | lr: 1.00e-06 | 0.3s
  에폭 952/1500 | 손실: 0.2454 | 검증손실: 0.3440 | 학습: 95.5% | 검증: 86.6% | lr: 1.00e-06 | 0.3s
  에폭 953/1500 | 손실: 0.2453 | 검증손실: 0.3456 | 학습: 95.5% | 검증: 86.6% | lr: 1.00e-06 | 0.3s
  에폭 954/1500 | 손실: 0.2432 | 검증손실: 0.3464 | 학습: 95.5% | 검증: 86.5% | lr: 1.00e-06 | 0.3s
  에폭 955/1500 | 손실: 0.2444 | 검증손실: 0.3438 | 학습: 95.5% | 검증: 86.6% | lr: 1.00e-06 | 0.3s
  에폭 956/1500 | 손실: 0.2407 | 검증손실: 0.3463 | 학습: 95.7% | 검증: 86.5% | lr: 1.00e-06 | 0.3s
  에폭 957/1500 | 손실: 0.2448 | 검증손실: 0.3445 | 학습: 95.6% | 검증: 86.7% | lr: 1.00e-06 | 0.3s
  에폭 958/1500 | 손실: 0.2388 | 검증손실: 0.3435 | 학습: 95.5% | 검증: 86.4% | lr: 1.00e-06 | 0.3s
  에폭 959/1500 | 손실: 0.2413 | 검증손실: 0.3470 | 학습: 95.5% | 검증: 86.5% | lr: 1.00e-06 | 0.3s
  에폭 960/1500 | 손실: 0.2411 | 검증손실: 0.3458 | 학습: 95.6% | 검증: 86.6% | lr: 1.00e-06 | 0.3s
  에폭 961/1500 | 손실: 0.2437 | 검증손실: 0.3428 | 학습: 95.6% | 검증: 86.6% | lr: 1.00e-06 | 0.3s
  에폭 962/1500 | 손실: 0.2395 | 검증손실: 0.3480 | 학습: 95.6% | 검증: 86.7% | lr: 1.00e-06 | 0.3s
  에폭 963/1500 | 손실: 0.2549 | 검증손실: 0.3460 | 학습: 95.6% | 검증: 86.4% | lr: 1.00e-06 | 0.3s
  에폭 964/1500 | 손실: 0.2470 | 검증손실: 0.3488 | 학습: 95.5% | 검증: 86.3% | lr: 1.00e-06 | 0.3s
  에폭 965/1500 | 손실: 0.2441 | 검증손실: 0.3424 | 학습: 95.6% | 검증: 86.6% | lr: 1.00e-06 | 0.3s
  에폭 966/1500 | 손실: 0.2406 | 검증손실: 0.3439 | 학습: 95.4% | 검증: 86.3% | lr: 1.00e-06 | 0.3s
  에폭 967/1500 | 손실: 0.2450 | 검증손실: 0.3448 | 학습: 95.5% | 검증: 86.8% | lr: 1.00e-06 | 0.3s
  에폭 968/1500 | 손실: 0.2394 | 검증손실: 0.3434 | 학습: 95.6% | 검증: 86.7% | lr: 1.00e-06 | 0.3s
  에폭 969/1500 | 손실: 0.2420 | 검증손실: 0.3426 | 학습: 95.5% | 검증: 86.5% | lr: 1.00e-06 | 0.3s
  에폭 970/1500 | 손실: 0.2405 | 검증손실: 0.3478 | 학습: 95.5% | 검증: 86.4% | lr: 1.00e-06 | 0.3s
  에폭 971/1500 | 손실: 0.2449 | 검증손실: 0.3493 | 학습: 95.7% | 검증: 86.4% | lr: 1.00e-06 | 0.3s
  에폭 972/1500 | 손실: 0.2454 | 검증손실: 0.3426 | 학습: 95.6% | 검증: 86.6% | lr: 1.00e-06 | 0.3s
  에폭 973/1500 | 손실: 0.2401 | 검증손실: 0.3442 | 학습: 95.5% | 검증: 86.3% | lr: 1.00e-06 | 0.3s
  에폭 974/1500 | 손실: 0.2460 | 검증손실: 0.3454 | 학습: 95.5% | 검증: 86.4% | lr: 1.00e-06 | 0.3s
  에폭 975/1500 | 손실: 0.2445 | 검증손실: 0.3420 | 학습: 95.4% | 검증: 86.5% | lr: 1.00e-06 | 0.3s
  에폭 976/1500 | 손실: 0.2464 | 검증손실: 0.3465 | 학습: 95.6% | 검증: 86.5% | lr: 1.00e-06 | 0.3s
  에폭 977/1500 | 손실: 0.2426 | 검증손실: 0.3439 | 학습: 95.6% | 검증: 86.5% | lr: 1.00e-06 | 0.3s
  에폭 978/1500 | 손실: 0.2409 | 검증손실: 0.3443 | 학습: 95.5% | 검증: 86.5% | lr: 1.00e-06 | 0.3s
  에폭 979/1500 | 손실: 0.2431 | 검증손실: 0.3450 | 학습: 95.5% | 검증: 86.5% | lr: 1.00e-06 | 0.3s
  에폭 980/1500 | 손실: 0.2455 | 검증손실: 0.3439 | 학습: 95.6% | 검증: 86.5% | lr: 1.00e-06 | 0.3s
  에폭 981/1500 | 손실: 0.2416 | 검증손실: 0.3438 | 학습: 95.4% | 검증: 86.7% | lr: 1.00e-06 | 0.3s
  에폭 982/1500 | 손실: 0.2476 | 검증손실: 0.3423 | 학습: 95.4% | 검증: 86.6% | lr: 1.00e-06 | 0.3s
  에폭 983/1500 | 손실: 0.2398 | 검증손실: 0.3428 | 학습: 95.6% | 검증: 86.6% | lr: 1.00e-06 | 0.3s
  에폭 984/1500 | 손실: 0.2484 | 검증손실: 0.3446 | 학습: 95.5% | 검증: 86.4% | lr: 1.00e-06 | 0.3s
  에폭 985/1500 | 손실: 0.2395 | 검증손실: 0.3449 | 학습: 95.5% | 검증: 86.4% | lr: 1.00e-06 | 0.3s
  에폭 986/1500 | 손실: 0.2425 | 검증손실: 0.3431 | 학습: 95.6% | 검증: 86.6% | lr: 1.00e-06 | 0.3s
  에폭 987/1500 | 손실: 0.2413 | 검증손실: 0.3448 | 학습: 95.6% | 검증: 86.5% | lr: 1.00e-06 | 0.3s
  에폭 988/1500 | 손실: 0.2442 | 검증손실: 0.3443 | 학습: 95.5% | 검증: 86.8% | lr: 1.00e-06 | 0.3s
  에폭 989/1500 | 손실: 0.2425 | 검증손실: 0.3451 | 학습: 95.4% | 검증: 86.8% | lr: 1.00e-06 | 0.3s
  에폭 990/1500 | 손실: 0.2480 | 검증손실: 0.3476 | 학습: 95.6% | 검증: 86.6% | lr: 1.00e-06 | 0.3s
  에폭 991/1500 | 손실: 0.2441 | 검증손실: 0.3429 | 학습: 95.5% | 검증: 86.6% | lr: 1.00e-06 | 0.3s
  에폭 992/1500 | 손실: 0.2421 | 검증손실: 0.3440 | 학습: 95.6% | 검증: 86.6% | lr: 1.00e-06 | 0.3s
  에폭 993/1500 | 손실: 0.2419 | 검증손실: 0.3432 | 학습: 95.6% | 검증: 86.5% | lr: 1.00e-06 | 0.3s
  에폭 994/1500 | 손실: 0.2472 | 검증손실: 0.3452 | 학습: 95.6% | 검증: 86.5% | lr: 1.00e-06 | 0.3s
  에폭 995/1500 | 손실: 0.2399 | 검증손실: 0.3460 | 학습: 95.5% | 검증: 86.2% | lr: 1.00e-06 | 0.3s
  에폭 996/1500 | 손실: 0.2416 | 검증손실: 0.3434 | 학습: 95.4% | 검증: 86.3% | lr: 1.00e-06 | 0.3s
  에폭 997/1500 | 손실: 0.2485 | 검증손실: 0.3475 | 학습: 95.5% | 검증: 86.4% | lr: 1.00e-06 | 0.3s
  에폭 998/1500 | 손실: 0.2438 | 검증손실: 0.3428 | 학습: 95.6% | 검증: 86.8% | lr: 1.00e-06 | 0.3s
  에폭 999/1500 | 손실: 0.2375 | 검증손실: 0.3424 | 학습: 95.5% | 검증: 86.7% | lr: 1.00e-06 | 0.3s
  에폭 1000/1500 | 손실: 0.2428 | 검증손실: 0.3432 | 학습: 95.5% | 검증: 86.5% | lr: 1.00e-06 | 0.3s
  에폭 1001/1500 | 손실: 0.2425 | 검증손실: 0.3428 | 학습: 95.5% | 검증: 86.5% | lr: 1.00e-06 | 0.3s
  에폭 1002/1500 | 손실: 0.2425 | 검증손실: 0.3477 | 학습: 95.6% | 검증: 86.4% | lr: 1.00e-06 | 0.3s
  에폭 1003/1500 | 손실: 0.2385 | 검증손실: 0.3458 | 학습: 95.6% | 검증: 86.4% | lr: 1.00e-06 | 0.3s
  에폭 1004/1500 | 손실: 0.2479 | 검증손실: 0.3431 | 학습: 95.4% | 검증: 86.7% | lr: 1.00e-06 | 0.3s
  에폭 1005/1500 | 손실: 0.2419 | 검증손실: 0.3452 | 학습: 95.6% | 검증: 86.6% | lr: 1.00e-06 | 0.3s
  에폭 1006/1500 | 손실: 0.2481 | 검증손실: 0.3484 | 학습: 95.6% | 검증: 86.7% | lr: 1.00e-06 | 0.3s
  에폭 1007/1500 | 손실: 0.2434 | 검증손실: 0.3458 | 학습: 95.5% | 검증: 86.4% | lr: 1.00e-06 | 0.4s
  에폭 1008/1500 | 손실: 0.2501 | 검증손실: 0.3473 | 학습: 95.6% | 검증: 86.6% | lr: 1.00e-06 | 0.3s
  에폭 1009/1500 | 손실: 0.2423 | 검증손실: 0.3429 | 학습: 95.5% | 검증: 86.6% | lr: 1.00e-06 | 0.3s
  에폭 1010/1500 | 손실: 0.2377 | 검증손실: 0.3472 | 학습: 95.5% | 검증: 86.4% | lr: 1.00e-06 | 0.3s
  에폭 1011/1500 | 손실: 0.2465 | 검증손실: 0.3437 | 학습: 95.3% | 검증: 86.3% | lr: 1.00e-06 | 0.3s
  에폭 1012/1500 | 손실: 0.2486 | 검증손실: 0.3459 | 학습: 95.6% | 검증: 86.5% | lr: 1.00e-06 | 0.3s
  에폭 1013/1500 | 손실: 0.2378 | 검증손실: 0.3460 | 학습: 95.4% | 검증: 86.6% | lr: 1.00e-06 | 0.3s
  에폭 1014/1500 | 손실: 0.2418 | 검증손실: 0.3488 | 학습: 95.5% | 검증: 86.4% | lr: 1.00e-06 | 0.3s
  에폭 1015/1500 | 손실: 0.2397 | 검증손실: 0.3424 | 학습: 95.5% | 검증: 86.4% | lr: 1.00e-06 | 0.3s
  에폭 1016/1500 | 손실: 0.2456 | 검증손실: 0.3479 | 학습: 95.4% | 검증: 86.7% | lr: 1.00e-06 | 0.3s
  에폭 1017/1500 | 손실: 0.2463 | 검증손실: 0.3438 | 학습: 95.6% | 검증: 86.4% | lr: 1.00e-06 | 0.3s
  에폭 1018/1500 | 손실: 0.2454 | 검증손실: 0.3441 | 학습: 95.5% | 검증: 86.6% | lr: 1.00e-06 | 0.3s
  에폭 1019/1500 | 손실: 0.2485 | 검증손실: 0.3452 | 학습: 95.6% | 검증: 86.4% | lr: 1.00e-06 | 0.3s
  에폭 1020/1500 | 손실: 0.2519 | 검증손실: 0.3449 | 학습: 95.5% | 검증: 86.5% | lr: 1.00e-06 | 0.3s
  에폭 1021/1500 | 손실: 0.2423 | 검증손실: 0.3468 | 학습: 95.4% | 검증: 86.4% | lr: 1.00e-06 | 0.3s
  에폭 1022/1500 | 손실: 0.2425 | 검증손실: 0.3435 | 학습: 95.5% | 검증: 86.3% | lr: 1.00e-06 | 0.3s
  에폭 1023/1500 | 손실: 0.2463 | 검증손실: 0.3436 | 학습: 95.5% | 검증: 86.6% | lr: 1.00e-06 | 0.3s
  에폭 1024/1500 | 손실: 0.2429 | 검증손실: 0.3440 | 학습: 95.5% | 검증: 86.7% | lr: 1.00e-06 | 0.3s
  에폭 1025/1500 | 손실: 0.2472 | 검증손실: 0.3441 | 학습: 95.5% | 검증: 86.6% | lr: 1.00e-06 | 0.3s
  에폭 1026/1500 | 손실: 0.2456 | 검증손실: 0.3423 | 학습: 95.5% | 검증: 86.7% | lr: 1.00e-06 | 0.3s
  에폭 1027/1500 | 손실: 0.2395 | 검증손실: 0.3437 | 학습: 95.6% | 검증: 86.4% | lr: 1.00e-06 | 0.3s
  에폭 1028/1500 | 손실: 0.2424 | 검증손실: 0.3425 | 학습: 95.5% | 검증: 86.2% | lr: 1.00e-06 | 0.3s
  에폭 1029/1500 | 손실: 0.2424 | 검증손실: 0.3445 | 학습: 95.3% | 검증: 86.3% | lr: 1.00e-06 | 0.3s
  에폭 1030/1500 | 손실: 0.2437 | 검증손실: 0.3437 | 학습: 95.5% | 검증: 86.5% | lr: 1.00e-06 | 0.3s
  에폭 1031/1500 | 손실: 0.2457 | 검증손실: 0.3461 | 학습: 95.6% | 검증: 86.5% | lr: 1.00e-06 | 0.3s
  에폭 1032/1500 | 손실: 0.2427 | 검증손실: 0.3455 | 학습: 95.5% | 검증: 86.4% | lr: 1.00e-06 | 0.3s
  에폭 1033/1500 | 손실: 0.2417 | 검증손실: 0.3488 | 학습: 95.5% | 검증: 86.5% | lr: 1.00e-06 | 0.3s
  에폭 1034/1500 | 손실: 0.2488 | 검증손실: 0.3458 | 학습: 95.5% | 검증: 86.5% | lr: 1.00e-06 | 0.3s
  에폭 1035/1500 | 손실: 0.2413 | 검증손실: 0.3414 | 학습: 95.5% | 검증: 86.7% | lr: 1.00e-06 | 0.3s
  에폭 1036/1500 | 손실: 0.2429 | 검증손실: 0.3443 | 학습: 95.6% | 검증: 86.4% | lr: 1.00e-06 | 0.3s
  에폭 1037/1500 | 손실: 0.2402 | 검증손실: 0.3470 | 학습: 95.5% | 검증: 86.6% | lr: 1.00e-06 | 0.3s
  에폭 1038/1500 | 손실: 0.2444 | 검증손실: 0.3455 | 학습: 95.6% | 검증: 86.7% | lr: 1.00e-06 | 0.3s
  에폭 1039/1500 | 손실: 0.2443 | 검증손실: 0.3447 | 학습: 95.4% | 검증: 86.1% | lr: 1.00e-06 | 0.3s
  에폭 1040/1500 | 손실: 0.2472 | 검증손실: 0.3441 | 학습: 95.5% | 검증: 86.5% | lr: 1.00e-06 | 0.3s
  에폭 1041/1500 | 손실: 0.2427 | 검증손실: 0.3440 | 학습: 95.3% | 검증: 86.7% | lr: 1.00e-06 | 0.3s
  에폭 1042/1500 | 손실: 0.2489 | 검증손실: 0.3424 | 학습: 95.6% | 검증: 86.5% | lr: 1.00e-06 | 0.3s
  에폭 1043/1500 | 손실: 0.2423 | 검증손실: 0.3446 | 학습: 95.4% | 검증: 86.7% | lr: 1.00e-06 | 0.3s
  에폭 1044/1500 | 손실: 0.2488 | 검증손실: 0.3451 | 학습: 95.5% | 검증: 86.6% | lr: 1.00e-06 | 0.3s
  에폭 1045/1500 | 손실: 0.2477 | 검증손실: 0.3438 | 학습: 95.5% | 검증: 86.6% | lr: 1.00e-06 | 0.3s
  에폭 1046/1500 | 손실: 0.2410 | 검증손실: 0.3423 | 학습: 95.6% | 검증: 86.5% | lr: 1.00e-06 | 0.3s
  에폭 1047/1500 | 손실: 0.2430 | 검증손실: 0.3463 | 학습: 95.5% | 검증: 86.5% | lr: 1.00e-06 | 0.3s
  에폭 1048/1500 | 손실: 0.2447 | 검증손실: 0.3466 | 학습: 95.6% | 검증: 86.4% | lr: 1.00e-06 | 0.3s
  에폭 1049/1500 | 손실: 0.2386 | 검증손실: 0.3453 | 학습: 95.6% | 검증: 86.6% | lr: 1.00e-06 | 0.3s
  에폭 1050/1500 | 손실: 0.2416 | 검증손실: 0.3447 | 학습: 95.4% | 검증: 86.4% | lr: 1.00e-06 | 0.3s
  에폭 1051/1500 | 손실: 0.2466 | 검증손실: 0.3460 | 학습: 95.5% | 검증: 86.6% | lr: 1.00e-06 | 0.3s
  에폭 1052/1500 | 손실: 0.2430 | 검증손실: 0.3425 | 학습: 95.6% | 검증: 86.5% | lr: 1.00e-06 | 0.3s
  에폭 1053/1500 | 손실: 0.2474 | 검증손실: 0.3439 | 학습: 95.6% | 검증: 86.6% | lr: 1.00e-06 | 0.3s
  에폭 1054/1500 | 손실: 0.2404 | 검증손실: 0.3430 | 학습: 95.3% | 검증: 86.6% | lr: 1.00e-06 | 0.3s
  에폭 1055/1500 | 손실: 0.2442 | 검증손실: 0.3450 | 학습: 95.6% | 검증: 86.4% | lr: 1.00e-06 | 0.3s
  에폭 1056/1500 | 손실: 0.2443 | 검증손실: 0.3439 | 학습: 95.5% | 검증: 86.6% | lr: 1.00e-06 | 0.3s
  에폭 1057/1500 | 손실: 0.2440 | 검증손실: 0.3477 | 학습: 95.5% | 검증: 86.6% | lr: 1.00e-06 | 0.3s
  에폭 1058/1500 | 손실: 0.2421 | 검증손실: 0.3429 | 학습: 95.6% | 검증: 86.6% | lr: 1.00e-06 | 0.3s
  에폭 1059/1500 | 손실: 0.2473 | 검증손실: 0.3439 | 학습: 95.6% | 검증: 86.6% | lr: 1.00e-06 | 0.3s
  에폭 1060/1500 | 손실: 0.2457 | 검증손실: 0.3459 | 학습: 95.4% | 검증: 86.4% | lr: 1.00e-06 | 0.3s
  에폭 1061/1500 | 손실: 0.2425 | 검증손실: 0.3434 | 학습: 95.5% | 검증: 86.8% | lr: 1.00e-06 | 0.3s
  에폭 1062/1500 | 손실: 0.2440 | 검증손실: 0.3423 | 학습: 95.5% | 검증: 86.5% | lr: 1.00e-06 | 0.3s
  에폭 1063/1500 | 손실: 0.2496 | 검증손실: 0.3448 | 학습: 95.6% | 검증: 86.5% | lr: 1.00e-06 | 0.3s
  에폭 1064/1500 | 손실: 0.2442 | 검증손실: 0.3443 | 학습: 95.5% | 검증: 86.5% | lr: 1.00e-06 | 0.3s
  에폭 1065/1500 | 손실: 0.2452 | 검증손실: 0.3441 | 학습: 95.6% | 검증: 86.6% | lr: 1.00e-06 | 0.3s
  에폭 1066/1500 | 손실: 0.2469 | 검증손실: 0.3452 | 학습: 95.6% | 검증: 86.4% | lr: 1.00e-06 | 0.3s
  에폭 1067/1500 | 손실: 0.2465 | 검증손실: 0.3433 | 학습: 95.6% | 검증: 86.4% | lr: 1.00e-06 | 0.3s
  에폭 1068/1500 | 손실: 0.2525 | 검증손실: 0.3449 | 학습: 95.5% | 검증: 86.5% | lr: 1.00e-06 | 0.3s
  에폭 1069/1500 | 손실: 0.2436 | 검증손실: 0.3455 | 학습: 95.5% | 검증: 86.6% | lr: 1.00e-06 | 0.3s
  에폭 1070/1500 | 손실: 0.2490 | 검증손실: 0.3450 | 학습: 95.5% | 검증: 86.7% | lr: 1.00e-06 | 0.3s
  에폭 1071/1500 | 손실: 0.2447 | 검증손실: 0.3482 | 학습: 95.4% | 검증: 86.4% | lr: 1.00e-06 | 0.3s
  에폭 1072/1500 | 손실: 0.2464 | 검증손실: 0.3422 | 학습: 95.5% | 검증: 86.6% | lr: 1.00e-06 | 0.3s
  에폭 1073/1500 | 손실: 0.2417 | 검증손실: 0.3465 | 학습: 95.6% | 검증: 86.6% | lr: 1.00e-06 | 0.3s
  에폭 1074/1500 | 손실: 0.2414 | 검증손실: 0.3443 | 학습: 95.6% | 검증: 86.5% | lr: 1.00e-06 | 0.3s
  에폭 1075/1500 | 손실: 0.2436 | 검증손실: 0.3449 | 학습: 95.6% | 검증: 86.8% | lr: 1.00e-06 | 0.3s
  에폭 1076/1500 | 손실: 0.2462 | 검증손실: 0.3482 | 학습: 95.5% | 검증: 86.5% | lr: 1.00e-06 | 0.3s
  에폭 1077/1500 | 손실: 0.2444 | 검증손실: 0.3453 | 학습: 95.3% | 검증: 86.4% | lr: 1.00e-06 | 0.3s
  에폭 1078/1500 | 손실: 0.2413 | 검증손실: 0.3422 | 학습: 95.5% | 검증: 86.2% | lr: 1.00e-06 | 0.3s
  에폭 1079/1500 | 손실: 0.2450 | 검증손실: 0.3468 | 학습: 95.6% | 검증: 86.6% | lr: 1.00e-06 | 0.3s
  에폭 1080/1500 | 손실: 0.2467 | 검증손실: 0.3427 | 학습: 95.6% | 검증: 86.4% | lr: 1.00e-06 | 0.3s
  에폭 1081/1500 | 손실: 0.2382 | 검증손실: 0.3480 | 학습: 95.6% | 검증: 86.6% | lr: 1.00e-06 | 0.3s
  에폭 1082/1500 | 손실: 0.2393 | 검증손실: 0.3434 | 학습: 95.7% | 검증: 86.5% | lr: 1.00e-06 | 0.3s
  에폭 1083/1500 | 손실: 0.2443 | 검증손실: 0.3444 | 학습: 95.6% | 검증: 86.5% | lr: 1.00e-06 | 0.3s
  에폭 1084/1500 | 손실: 0.2393 | 검증손실: 0.3472 | 학습: 95.6% | 검증: 86.6% | lr: 1.00e-06 | 0.3s
  에폭 1085/1500 | 손실: 0.2387 | 검증손실: 0.3435 | 학습: 95.5% | 검증: 86.6% | lr: 1.00e-06 | 0.3s
  에폭 1086/1500 | 손실: 0.2402 | 검증손실: 0.3451 | 학습: 95.5% | 검증: 86.6% | lr: 1.00e-06 | 0.3s
  에폭 1087/1500 | 손실: 0.2450 | 검증손실: 0.3432 | 학습: 95.6% | 검증: 86.6% | lr: 1.00e-06 | 0.3s
  에폭 1088/1500 | 손실: 0.2420 | 검증손실: 0.3442 | 학습: 95.7% | 검증: 86.8% | lr: 1.00e-06 | 0.3s
  에폭 1089/1500 | 손실: 0.2434 | 검증손실: 0.3466 | 학습: 95.6% | 검증: 86.3% | lr: 1.00e-06 | 0.3s
  에폭 1090/1500 | 손실: 0.2451 | 검증손실: 0.3488 | 학습: 95.5% | 검증: 86.3% | lr: 1.00e-06 | 0.3s
  에폭 1091/1500 | 손실: 0.2383 | 검증손실: 0.3452 | 학습: 95.6% | 검증: 86.4% | lr: 1.00e-06 | 0.3s
  에폭 1092/1500 | 손실: 0.2408 | 검증손실: 0.3415 | 학습: 95.6% | 검증: 86.6% | lr: 1.00e-06 | 0.3s
  에폭 1093/1500 | 손실: 0.2408 | 검증손실: 0.3490 | 학습: 95.6% | 검증: 86.5% | lr: 1.00e-06 | 0.3s
  에폭 1094/1500 | 손실: 0.2406 | 검증손실: 0.3439 | 학습: 95.6% | 검증: 86.4% | lr: 1.00e-06 | 0.3s
  에폭 1095/1500 | 손실: 0.2452 | 검증손실: 0.3434 | 학습: 95.4% | 검증: 86.5% | lr: 1.00e-06 | 0.3s
  에폭 1096/1500 | 손실: 0.2447 | 검증손실: 0.3434 | 학습: 95.5% | 검증: 86.5% | lr: 1.00e-06 | 0.3s
  에폭 1097/1500 | 손실: 0.2414 | 검증손실: 0.3430 | 학습: 95.6% | 검증: 86.5% | lr: 1.00e-06 | 0.3s
  에폭 1098/1500 | 손실: 0.2457 | 검증손실: 0.3437 | 학습: 95.4% | 검증: 86.6% | lr: 1.00e-06 | 0.3s
  에폭 1099/1500 | 손실: 0.2391 | 검증손실: 0.3418 | 학습: 95.5% | 검증: 86.5% | lr: 1.00e-06 | 0.3s
  에폭 1100/1500 | 손실: 0.2445 | 검증손실: 0.3462 | 학습: 95.5% | 검증: 86.3% | lr: 1.00e-06 | 0.3s
  에폭 1101/1500 | 손실: 0.2407 | 검증손실: 0.3446 | 학습: 95.6% | 검증: 86.6% | lr: 1.00e-06 | 0.3s
  에폭 1102/1500 | 손실: 0.2520 | 검증손실: 0.3492 | 학습: 95.6% | 검증: 86.5% | lr: 1.00e-06 | 0.3s
  에폭 1103/1500 | 손실: 0.2445 | 검증손실: 0.3443 | 학습: 95.6% | 검증: 86.5% | lr: 1.00e-06 | 0.3s
  에폭 1104/1500 | 손실: 0.2430 | 검증손실: 0.3483 | 학습: 95.6% | 검증: 86.6% | lr: 1.00e-06 | 0.3s
  에폭 1105/1500 | 손실: 0.2439 | 검증손실: 0.3486 | 학습: 95.4% | 검증: 86.5% | lr: 1.00e-06 | 0.3s
  에폭 1106/1500 | 손실: 0.2481 | 검증손실: 0.3434 | 학습: 95.5% | 검증: 86.5% | lr: 1.00e-06 | 0.3s
  에폭 1107/1500 | 손실: 0.2448 | 검증손실: 0.3472 | 학습: 95.5% | 검증: 86.6% | lr: 1.00e-06 | 0.3s
  에폭 1108/1500 | 손실: 0.2533 | 검증손실: 0.3422 | 학습: 95.4% | 검증: 86.5% | lr: 1.00e-06 | 0.3s
  에폭 1109/1500 | 손실: 0.2393 | 검증손실: 0.3455 | 학습: 95.5% | 검증: 86.6% | lr: 1.00e-06 | 0.3s
  에폭 1110/1500 | 손실: 0.2414 | 검증손실: 0.3442 | 학습: 95.6% | 검증: 86.6% | lr: 1.00e-06 | 0.3s
  에폭 1111/1500 | 손실: 0.2420 | 검증손실: 0.3425 | 학습: 95.4% | 검증: 86.6% | lr: 1.00e-06 | 0.3s
  에폭 1112/1500 | 손실: 0.2411 | 검증손실: 0.3452 | 학습: 95.6% | 검증: 86.6% | lr: 1.00e-06 | 0.3s
  에폭 1113/1500 | 손실: 0.2444 | 검증손실: 0.3488 | 학습: 95.6% | 검증: 86.5% | lr: 1.00e-06 | 0.3s
  에폭 1114/1500 | 손실: 0.2476 | 검증손실: 0.3446 | 학습: 95.4% | 검증: 86.3% | lr: 1.00e-06 | 0.3s
  에폭 1115/1500 | 손실: 0.2385 | 검증손실: 0.3457 | 학습: 95.5% | 검증: 86.6% | lr: 1.00e-06 | 0.3s
  에폭 1116/1500 | 손실: 0.2429 | 검증손실: 0.3434 | 학습: 95.6% | 검증: 86.6% | lr: 1.00e-06 | 0.3s
  에폭 1117/1500 | 손실: 0.2392 | 검증손실: 0.3461 | 학습: 95.6% | 검증: 86.5% | lr: 1.00e-06 | 0.3s
  에폭 1118/1500 | 손실: 0.2436 | 검증손실: 0.3432 | 학습: 95.6% | 검증: 86.4% | lr: 1.00e-06 | 0.3s
  에폭 1119/1500 | 손실: 0.2448 | 검증손실: 0.3457 | 학습: 95.7% | 검증: 86.6% | lr: 1.00e-06 | 0.3s
  에폭 1120/1500 | 손실: 0.2462 | 검증손실: 0.3460 | 학습: 95.7% | 검증: 86.6% | lr: 1.00e-06 | 0.3s
  에폭 1121/1500 | 손실: 0.2416 | 검증손실: 0.3444 | 학습: 95.3% | 검증: 86.5% | lr: 1.00e-06 | 0.3s
  에폭 1122/1500 | 손실: 0.2421 | 검증손실: 0.3476 | 학습: 95.6% | 검증: 86.4% | lr: 1.00e-06 | 0.3s
  에폭 1123/1500 | 손실: 0.2442 | 검증손실: 0.3448 | 학습: 95.6% | 검증: 86.5% | lr: 1.00e-06 | 0.3s
  에폭 1124/1500 | 손실: 0.2406 | 검증손실: 0.3445 | 학습: 95.5% | 검증: 86.5% | lr: 1.00e-06 | 0.3s
  에폭 1125/1500 | 손실: 0.2402 | 검증손실: 0.3435 | 학습: 95.5% | 검증: 86.3% | lr: 1.00e-06 | 0.3s
  에폭 1126/1500 | 손실: 0.2445 | 검증손실: 0.3437 | 학습: 95.6% | 검증: 86.4% | lr: 1.00e-06 | 0.3s
  에폭 1127/1500 | 손실: 0.2408 | 검증손실: 0.3445 | 학습: 95.6% | 검증: 86.8% | lr: 1.00e-06 | 0.3s
  에폭 1128/1500 | 손실: 0.2391 | 검증손실: 0.3447 | 학습: 95.5% | 검증: 86.8% | lr: 1.00e-06 | 0.3s
  에폭 1129/1500 | 손실: 0.2464 | 검증손실: 0.3448 | 학습: 95.5% | 검증: 86.3% | lr: 1.00e-06 | 0.3s
  에폭 1130/1500 | 손실: 0.2442 | 검증손실: 0.3423 | 학습: 95.6% | 검증: 86.6% | lr: 1.00e-06 | 0.3s
  에폭 1131/1500 | 손실: 0.2485 | 검증손실: 0.3453 | 학습: 95.5% | 검증: 86.2% | lr: 1.00e-06 | 0.3s
  에폭 1132/1500 | 손실: 0.2399 | 검증손실: 0.3469 | 학습: 95.6% | 검증: 86.6% | lr: 1.00e-06 | 0.3s
  에폭 1133/1500 | 손실: 0.2487 | 검증손실: 0.3526 | 학습: 95.4% | 검증: 86.2% | lr: 1.00e-06 | 0.3s
  에폭 1134/1500 | 손실: 0.2438 | 검증손실: 0.3491 | 학습: 95.6% | 검증: 86.5% | lr: 1.00e-06 | 0.3s
  에폭 1135/1500 | 손실: 0.2445 | 검증손실: 0.3454 | 학습: 95.4% | 검증: 86.4% | lr: 1.00e-06 | 0.3s
  에폭 1136/1500 | 손실: 0.2451 | 검증손실: 0.3449 | 학습: 95.5% | 검증: 86.5% | lr: 1.00e-06 | 0.3s
  에폭 1137/1500 | 손실: 0.2384 | 검증손실: 0.3444 | 학습: 95.5% | 검증: 86.3% | lr: 1.00e-06 | 0.3s
  에폭 1138/1500 | 손실: 0.2477 | 검증손실: 0.3424 | 학습: 95.5% | 검증: 86.7% | lr: 1.00e-06 | 0.3s
  에폭 1139/1500 | 손실: 0.2411 | 검증손실: 0.3447 | 학습: 95.5% | 검증: 86.3% | lr: 1.00e-06 | 0.3s
  에폭 1140/1500 | 손실: 0.2449 | 검증손실: 0.3435 | 학습: 95.6% | 검증: 86.8% | lr: 1.00e-06 | 0.3s
  에폭 1141/1500 | 손실: 0.2410 | 검증손실: 0.3429 | 학습: 95.5% | 검증: 86.6% | lr: 1.00e-06 | 0.3s
  에폭 1142/1500 | 손실: 0.2428 | 검증손실: 0.3441 | 학습: 95.5% | 검증: 86.6% | lr: 1.00e-06 | 0.3s
  에폭 1143/1500 | 손실: 0.2413 | 검증손실: 0.3397 | 학습: 95.4% | 검증: 86.8% | lr: 1.00e-06 | 0.3s
  에폭 1144/1500 | 손실: 0.2431 | 검증손실: 0.3425 | 학습: 95.5% | 검증: 86.6% | lr: 1.00e-06 | 0.3s
  에폭 1145/1500 | 손실: 0.2482 | 검증손실: 0.3441 | 학습: 95.6% | 검증: 86.5% | lr: 1.00e-06 | 0.3s
  에폭 1146/1500 | 손실: 0.2485 | 검증손실: 0.3420 | 학습: 95.6% | 검증: 86.5% | lr: 1.00e-06 | 0.3s
  에폭 1147/1500 | 손실: 0.2435 | 검증손실: 0.3422 | 학습: 95.4% | 검증: 86.8% | lr: 1.00e-06 | 0.3s
  에폭 1148/1500 | 손실: 0.2387 | 검증손실: 0.3450 | 학습: 95.4% | 검증: 86.5% | lr: 1.00e-06 | 0.3s
  에폭 1149/1500 | 손실: 0.2450 | 검증손실: 0.3457 | 학습: 95.5% | 검증: 86.7% | lr: 1.00e-06 | 0.3s
  에폭 1150/1500 | 손실: 0.2429 | 검증손실: 0.3464 | 학습: 95.6% | 검증: 86.4% | lr: 1.00e-06 | 0.3s
  에폭 1151/1500 | 손실: 0.2384 | 검증손실: 0.3480 | 학습: 95.6% | 검증: 86.7% | lr: 1.00e-06 | 0.3s
  에폭 1152/1500 | 손실: 0.2438 | 검증손실: 0.3481 | 학습: 95.3% | 검증: 86.4% | lr: 1.00e-06 | 0.3s
  에폭 1153/1500 | 손실: 0.2418 | 검증손실: 0.3471 | 학습: 95.5% | 검증: 86.3% | lr: 1.00e-06 | 0.3s
  에폭 1154/1500 | 손실: 0.2412 | 검증손실: 0.3462 | 학습: 95.6% | 검증: 86.9% | lr: 1.00e-06 | 0.3s
  에폭 1155/1500 | 손실: 0.2454 | 검증손실: 0.3456 | 학습: 95.6% | 검증: 86.4% | lr: 1.00e-06 | 0.3s
  에폭 1156/1500 | 손실: 0.2435 | 검증손실: 0.3468 | 학습: 95.6% | 검증: 86.5% | lr: 1.00e-06 | 0.3s
  에폭 1157/1500 | 손실: 0.2423 | 검증손실: 0.3440 | 학습: 95.6% | 검증: 86.5% | lr: 1.00e-06 | 0.3s
  에폭 1158/1500 | 손실: 0.2465 | 검증손실: 0.3440 | 학습: 95.5% | 검증: 86.6% | lr: 1.00e-06 | 0.3s
  에폭 1159/1500 | 손실: 0.2446 | 검증손실: 0.3421 | 학습: 95.2% | 검증: 86.4% | lr: 1.00e-06 | 0.3s
  에폭 1160/1500 | 손실: 0.2428 | 검증손실: 0.3418 | 학습: 95.6% | 검증: 86.5% | lr: 1.00e-06 | 0.3s
  에폭 1161/1500 | 손실: 0.2380 | 검증손실: 0.3515 | 학습: 95.4% | 검증: 86.2% | lr: 1.00e-06 | 0.3s
  에폭 1162/1500 | 손실: 0.2408 | 검증손실: 0.3469 | 학습: 95.6% | 검증: 86.4% | lr: 1.00e-06 | 0.3s
  에폭 1163/1500 | 손실: 0.2386 | 검증손실: 0.3427 | 학습: 95.5% | 검증: 86.6% | lr: 1.00e-06 | 0.3s
  에폭 1164/1500 | 손실: 0.2418 | 검증손실: 0.3452 | 학습: 95.5% | 검증: 86.3% | lr: 1.00e-06 | 0.3s
  에폭 1165/1500 | 손실: 0.2348 | 검증손실: 0.3429 | 학습: 95.6% | 검증: 86.5% | lr: 1.00e-06 | 0.3s
  에폭 1166/1500 | 손실: 0.2457 | 검증손실: 0.3502 | 학습: 95.6% | 검증: 86.4% | lr: 1.00e-06 | 0.3s
  에폭 1167/1500 | 손실: 0.2420 | 검증손실: 0.3430 | 학습: 95.6% | 검증: 86.7% | lr: 1.00e-06 | 0.3s
  에폭 1168/1500 | 손실: 0.2398 | 검증손실: 0.3441 | 학습: 95.5% | 검증: 86.5% | lr: 1.00e-06 | 0.3s
  에폭 1169/1500 | 손실: 0.2472 | 검증손실: 0.3473 | 학습: 95.6% | 검증: 86.5% | lr: 1.00e-06 | 0.3s
  에폭 1170/1500 | 손실: 0.2403 | 검증손실: 0.3440 | 학습: 95.6% | 검증: 86.5% | lr: 1.00e-06 | 0.3s
  에폭 1171/1500 | 손실: 0.2440 | 검증손실: 0.3449 | 학습: 95.6% | 검증: 86.4% | lr: 1.00e-06 | 0.3s
  에폭 1172/1500 | 손실: 0.2357 | 검증손실: 0.3449 | 학습: 95.5% | 검증: 86.5% | lr: 1.00e-06 | 0.3s
  에폭 1173/1500 | 손실: 0.2428 | 검증손실: 0.3427 | 학습: 95.5% | 검증: 86.5% | lr: 1.00e-06 | 0.3s
  에폭 1174/1500 | 손실: 0.2409 | 검증손실: 0.3426 | 학습: 95.5% | 검증: 86.6% | lr: 1.00e-06 | 0.3s
  에폭 1175/1500 | 손실: 0.2466 | 검증손실: 0.3456 | 학습: 95.6% | 검증: 86.7% | lr: 1.00e-06 | 0.3s
  에폭 1176/1500 | 손실: 0.2445 | 검증손실: 0.3480 | 학습: 95.5% | 검증: 86.5% | lr: 1.00e-06 | 0.3s
  에폭 1177/1500 | 손실: 0.2452 | 검증손실: 0.3451 | 학습: 95.5% | 검증: 86.6% | lr: 1.00e-06 | 0.3s
  에폭 1178/1500 | 손실: 0.2420 | 검증손실: 0.3455 | 학습: 95.6% | 검증: 86.5% | lr: 1.00e-06 | 0.3s
  에폭 1179/1500 | 손실: 0.2412 | 검증손실: 0.3463 | 학습: 95.6% | 검증: 86.3% | lr: 1.00e-06 | 0.3s
  에폭 1180/1500 | 손실: 0.2410 | 검증손실: 0.3430 | 학습: 95.6% | 검증: 86.6% | lr: 1.00e-06 | 0.3s
  에폭 1181/1500 | 손실: 0.2461 | 검증손실: 0.3444 | 학습: 95.5% | 검증: 86.5% | lr: 1.00e-06 | 0.3s
  에폭 1182/1500 | 손실: 0.2424 | 검증손실: 0.3432 | 학습: 95.6% | 검증: 86.6% | lr: 1.00e-06 | 0.3s
  에폭 1183/1500 | 손실: 0.2451 | 검증손실: 0.3442 | 학습: 95.6% | 검증: 86.5% | lr: 1.00e-06 | 0.3s
  에폭 1184/1500 | 손실: 0.2411 | 검증손실: 0.3491 | 학습: 95.5% | 검증: 86.4% | lr: 1.00e-06 | 0.3s
  에폭 1185/1500 | 손실: 0.2409 | 검증손실: 0.3449 | 학습: 95.5% | 검증: 86.5% | lr: 1.00e-06 | 0.3s
  에폭 1186/1500 | 손실: 0.2449 | 검증손실: 0.3432 | 학습: 95.6% | 검증: 86.7% | lr: 1.00e-06 | 0.3s
  에폭 1187/1500 | 손실: 0.2425 | 검증손실: 0.3452 | 학습: 95.4% | 검증: 86.4% | lr: 1.00e-06 | 0.3s
  에폭 1188/1500 | 손실: 0.2403 | 검증손실: 0.3441 | 학습: 95.6% | 검증: 86.7% | lr: 1.00e-06 | 0.4s
  에폭 1189/1500 | 손실: 0.2407 | 검증손실: 0.3450 | 학습: 95.6% | 검증: 86.6% | lr: 1.00e-06 | 0.3s
  에폭 1190/1500 | 손실: 0.2431 | 검증손실: 0.3467 | 학습: 95.5% | 검증: 86.7% | lr: 1.00e-06 | 0.3s
  에폭 1191/1500 | 손실: 0.2408 | 검증손실: 0.3497 | 학습: 95.6% | 검증: 86.6% | lr: 1.00e-06 | 0.3s
  에폭 1192/1500 | 손실: 0.2442 | 검증손실: 0.3487 | 학습: 95.6% | 검증: 86.5% | lr: 1.00e-06 | 0.3s
  에폭 1193/1500 | 손실: 0.2414 | 검증손실: 0.3460 | 학습: 95.5% | 검증: 86.3% | lr: 1.00e-06 | 0.3s
  에폭 1194/1500 | 손실: 0.2375 | 검증손실: 0.3427 | 학습: 95.6% | 검증: 86.7% | lr: 1.00e-06 | 0.3s
  에폭 1195/1500 | 손실: 0.2410 | 검증손실: 0.3462 | 학습: 95.5% | 검증: 86.3% | lr: 1.00e-06 | 0.3s
  에폭 1196/1500 | 손실: 0.2437 | 검증손실: 0.3450 | 학습: 95.4% | 검증: 86.7% | lr: 1.00e-06 | 0.3s
  에폭 1197/1500 | 손실: 0.2451 | 검증손실: 0.3439 | 학습: 95.5% | 검증: 86.5% | lr: 1.00e-06 | 0.3s
  에폭 1198/1500 | 손실: 0.2389 | 검증손실: 0.3449 | 학습: 95.5% | 검증: 86.6% | lr: 1.00e-06 | 0.3s
  에폭 1199/1500 | 손실: 0.2437 | 검증손실: 0.3443 | 학습: 95.6% | 검증: 86.5% | lr: 1.00e-06 | 0.3s
  에폭 1200/1500 | 손실: 0.2449 | 검증손실: 0.3481 | 학습: 95.6% | 검증: 86.6% | lr: 1.00e-06 | 0.3s
  에폭 1201/1500 | 손실: 0.2451 | 검증손실: 0.3471 | 학습: 95.7% | 검증: 86.6% | lr: 1.00e-06 | 0.3s
  에폭 1202/1500 | 손실: 0.2402 | 검증손실: 0.3434 | 학습: 95.4% | 검증: 86.6% | lr: 1.00e-06 | 0.3s
  에폭 1203/1500 | 손실: 0.2454 | 검증손실: 0.3415 | 학습: 95.5% | 검증: 86.8% | lr: 1.00e-06 | 0.3s
  에폭 1204/1500 | 손실: 0.2424 | 검증손실: 0.3443 | 학습: 95.6% | 검증: 86.2% | lr: 1.00e-06 | 0.3s
  에폭 1205/1500 | 손실: 0.2415 | 검증손실: 0.3424 | 학습: 95.5% | 검증: 86.6% | lr: 1.00e-06 | 0.3s
  에폭 1206/1500 | 손실: 0.2376 | 검증손실: 0.3438 | 학습: 95.5% | 검증: 86.8% | lr: 1.00e-06 | 0.3s
  에폭 1207/1500 | 손실: 0.2386 | 검증손실: 0.3424 | 학습: 95.4% | 검증: 86.7% | lr: 1.00e-06 | 0.3s
  에폭 1208/1500 | 손실: 0.2422 | 검증손실: 0.3469 | 학습: 95.4% | 검증: 86.2% | lr: 1.00e-06 | 0.3s
  에폭 1209/1500 | 손실: 0.2377 | 검증손실: 0.3442 | 학습: 95.5% | 검증: 86.6% | lr: 1.00e-06 | 0.3s
  에폭 1210/1500 | 손실: 0.2450 | 검증손실: 0.3465 | 학습: 95.6% | 검증: 86.6% | lr: 1.00e-06 | 0.3s
  에폭 1211/1500 | 손실: 0.2464 | 검증손실: 0.3428 | 학습: 95.6% | 검증: 86.6% | lr: 1.00e-06 | 0.3s
  에폭 1212/1500 | 손실: 0.2370 | 검증손실: 0.3456 | 학습: 95.5% | 검증: 86.7% | lr: 1.00e-06 | 0.3s
  에폭 1213/1500 | 손실: 0.2373 | 검증손실: 0.3440 | 학습: 95.5% | 검증: 86.6% | lr: 1.00e-06 | 0.3s
  에폭 1214/1500 | 손실: 0.2455 | 검증손실: 0.3484 | 학습: 95.6% | 검증: 86.6% | lr: 1.00e-06 | 0.3s
  에폭 1215/1500 | 손실: 0.2500 | 검증손실: 0.3421 | 학습: 95.5% | 검증: 86.5% | lr: 1.00e-06 | 0.3s
  에폭 1216/1500 | 손실: 0.2472 | 검증손실: 0.3447 | 학습: 95.6% | 검증: 86.6% | lr: 1.00e-06 | 0.3s
  에폭 1217/1500 | 손실: 0.2443 | 검증손실: 0.3434 | 학습: 95.5% | 검증: 86.7% | lr: 1.00e-06 | 0.3s
  에폭 1218/1500 | 손실: 0.2444 | 검증손실: 0.3430 | 학습: 95.4% | 검증: 86.4% | lr: 1.00e-06 | 0.3s
  에폭 1219/1500 | 손실: 0.2462 | 검증손실: 0.3429 | 학습: 95.5% | 검증: 86.6% | lr: 1.00e-06 | 0.3s
  에폭 1220/1500 | 손실: 0.2417 | 검증손실: 0.3426 | 학습: 95.6% | 검증: 86.8% | lr: 1.00e-06 | 0.3s
  에폭 1221/1500 | 손실: 0.2445 | 검증손실: 0.3445 | 학습: 95.6% | 검증: 86.5% | lr: 1.00e-06 | 0.3s
  에폭 1222/1500 | 손실: 0.2391 | 검증손실: 0.3425 | 학습: 95.5% | 검증: 86.4% | lr: 1.00e-06 | 0.3s
  에폭 1223/1500 | 손실: 0.2481 | 검증손실: 0.3456 | 학습: 95.5% | 검증: 86.5% | lr: 1.00e-06 | 0.3s
  에폭 1224/1500 | 손실: 0.2433 | 검증손실: 0.3437 | 학습: 95.5% | 검증: 86.6% | lr: 1.00e-06 | 0.3s
  에폭 1225/1500 | 손실: 0.2503 | 검증손실: 0.3467 | 학습: 95.6% | 검증: 86.4% | lr: 1.00e-06 | 0.3s
  에폭 1226/1500 | 손실: 0.2445 | 검증손실: 0.3427 | 학습: 95.6% | 검증: 86.6% | lr: 1.00e-06 | 0.3s
  에폭 1227/1500 | 손실: 0.2418 | 검증손실: 0.3431 | 학습: 95.6% | 검증: 86.7% | lr: 1.00e-06 | 0.3s
  에폭 1228/1500 | 손실: 0.2405 | 검증손실: 0.3451 | 학습: 95.5% | 검증: 86.5% | lr: 1.00e-06 | 0.3s
  에폭 1229/1500 | 손실: 0.2459 | 검증손실: 0.3461 | 학습: 95.6% | 검증: 86.4% | lr: 1.00e-06 | 0.3s
  에폭 1230/1500 | 손실: 0.2410 | 검증손실: 0.3429 | 학습: 95.6% | 검증: 86.3% | lr: 1.00e-06 | 0.3s
  에폭 1231/1500 | 손실: 0.2466 | 검증손실: 0.3406 | 학습: 95.5% | 검증: 86.7% | lr: 1.00e-06 | 0.3s
  에폭 1232/1500 | 손실: 0.2433 | 검증손실: 0.3466 | 학습: 95.6% | 검증: 86.6% | lr: 1.00e-06 | 0.3s
  에폭 1233/1500 | 손실: 0.2439 | 검증손실: 0.3444 | 학습: 95.5% | 검증: 86.5% | lr: 1.00e-06 | 0.3s
  에폭 1234/1500 | 손실: 0.2406 | 검증손실: 0.3437 | 학습: 95.5% | 검증: 86.3% | lr: 1.00e-06 | 0.3s
  에폭 1235/1500 | 손실: 0.2415 | 검증손실: 0.3447 | 학습: 95.6% | 검증: 86.5% | lr: 1.00e-06 | 0.3s
  에폭 1236/1500 | 손실: 0.2438 | 검증손실: 0.3418 | 학습: 95.6% | 검증: 86.8% | lr: 1.00e-06 | 0.3s
  에폭 1237/1500 | 손실: 0.2439 | 검증손실: 0.3468 | 학습: 95.7% | 검증: 86.8% | lr: 1.00e-06 | 0.3s
  에폭 1238/1500 | 손실: 0.2432 | 검증손실: 0.3444 | 학습: 95.6% | 검증: 86.4% | lr: 1.00e-06 | 0.3s
  에폭 1239/1500 | 손실: 0.2489 | 검증손실: 0.3450 | 학습: 95.5% | 검증: 86.4% | lr: 1.00e-06 | 0.3s
  에폭 1240/1500 | 손실: 0.2428 | 검증손실: 0.3434 | 학습: 95.3% | 검증: 86.7% | lr: 1.00e-06 | 0.3s
  에폭 1241/1500 | 손실: 0.2376 | 검증손실: 0.3473 | 학습: 95.4% | 검증: 86.5% | lr: 1.00e-06 | 0.3s
  에폭 1242/1500 | 손실: 0.2422 | 검증손실: 0.3435 | 학습: 95.6% | 검증: 86.8% | lr: 1.00e-06 | 0.3s
  에폭 1243/1500 | 손실: 0.2478 | 검증손실: 0.3453 | 학습: 95.5% | 검증: 86.4% | lr: 1.00e-06 | 0.3s
  에폭 1244/1500 | 손실: 0.2466 | 검증손실: 0.3427 | 학습: 95.4% | 검증: 86.5% | lr: 1.00e-06 | 0.3s
  에폭 1245/1500 | 손실: 0.2429 | 검증손실: 0.3459 | 학습: 95.5% | 검증: 86.5% | lr: 1.00e-06 | 0.3s
  에폭 1246/1500 | 손실: 0.2407 | 검증손실: 0.3429 | 학습: 95.6% | 검증: 86.6% | lr: 1.00e-06 | 0.3s
  에폭 1247/1500 | 손실: 0.2399 | 검증손실: 0.3425 | 학습: 95.5% | 검증: 86.6% | lr: 1.00e-06 | 0.3s
  에폭 1248/1500 | 손실: 0.2423 | 검증손실: 0.3462 | 학습: 95.6% | 검증: 86.5% | lr: 1.00e-06 | 0.3s
  에폭 1249/1500 | 손실: 0.2401 | 검증손실: 0.3465 | 학습: 95.6% | 검증: 86.6% | lr: 1.00e-06 | 0.3s
  에폭 1250/1500 | 손실: 0.2422 | 검증손실: 0.3498 | 학습: 95.5% | 검증: 86.6% | lr: 1.00e-06 | 0.3s
  에폭 1251/1500 | 손실: 0.2440 | 검증손실: 0.3446 | 학습: 95.5% | 검증: 86.3% | lr: 1.00e-06 | 0.3s
  에폭 1252/1500 | 손실: 0.2424 | 검증손실: 0.3483 | 학습: 95.7% | 검증: 86.5% | lr: 1.00e-06 | 0.3s
  에폭 1253/1500 | 손실: 0.2366 | 검증손실: 0.3434 | 학습: 95.6% | 검증: 86.3% | lr: 1.00e-06 | 0.3s
  에폭 1254/1500 | 손실: 0.2421 | 검증손실: 0.3488 | 학습: 95.5% | 검증: 86.3% | lr: 1.00e-06 | 0.3s
  에폭 1255/1500 | 손실: 0.2463 | 검증손실: 0.3459 | 학습: 95.3% | 검증: 86.5% | lr: 1.00e-06 | 0.3s
  에폭 1256/1500 | 손실: 0.2422 | 검증손실: 0.3464 | 학습: 95.5% | 검증: 86.5% | lr: 1.00e-06 | 0.3s
  에폭 1257/1500 | 손실: 0.2393 | 검증손실: 0.3404 | 학습: 95.5% | 검증: 86.7% | lr: 1.00e-06 | 0.3s
  에폭 1258/1500 | 손실: 0.2450 | 검증손실: 0.3438 | 학습: 95.6% | 검증: 86.6% | lr: 1.00e-06 | 0.3s
  에폭 1259/1500 | 손실: 0.2430 | 검증손실: 0.3474 | 학습: 95.6% | 검증: 86.4% | lr: 1.00e-06 | 0.3s
  에폭 1260/1500 | 손실: 0.2444 | 검증손실: 0.3434 | 학습: 95.5% | 검증: 86.3% | lr: 1.00e-06 | 0.3s
  에폭 1261/1500 | 손실: 0.2463 | 검증손실: 0.3436 | 학습: 95.5% | 검증: 86.4% | lr: 1.00e-06 | 0.3s
  에폭 1262/1500 | 손실: 0.2509 | 검증손실: 0.3430 | 학습: 95.7% | 검증: 86.6% | lr: 1.00e-06 | 0.3s
  에폭 1263/1500 | 손실: 0.2455 | 검증손실: 0.3470 | 학습: 95.6% | 검증: 86.5% | lr: 1.00e-06 | 0.3s
  에폭 1264/1500 | 손실: 0.2384 | 검증손실: 0.3491 | 학습: 95.5% | 검증: 86.4% | lr: 1.00e-06 | 0.3s
  에폭 1265/1500 | 손실: 0.2465 | 검증손실: 0.3426 | 학습: 95.5% | 검증: 86.6% | lr: 1.00e-06 | 0.3s
  에폭 1266/1500 | 손실: 0.2449 | 검증손실: 0.3466 | 학습: 95.6% | 검증: 86.6% | lr: 1.00e-06 | 0.3s
  에폭 1267/1500 | 손실: 0.2390 | 검증손실: 0.3449 | 학습: 95.5% | 검증: 86.6% | lr: 1.00e-06 | 0.3s
  에폭 1268/1500 | 손실: 0.2376 | 검증손실: 0.3454 | 학습: 95.6% | 검증: 86.7% | lr: 1.00e-06 | 0.3s
  에폭 1269/1500 | 손실: 0.2451 | 검증손실: 0.3403 | 학습: 95.5% | 검증: 86.6% | lr: 1.00e-06 | 0.3s
  에폭 1270/1500 | 손실: 0.2406 | 검증손실: 0.3493 | 학습: 95.5% | 검증: 86.4% | lr: 1.00e-06 | 0.3s
  에폭 1271/1500 | 손실: 0.2499 | 검증손실: 0.3458 | 학습: 95.6% | 검증: 86.4% | lr: 1.00e-06 | 0.3s
  에폭 1272/1500 | 손실: 0.2413 | 검증손실: 0.3437 | 학습: 95.5% | 검증: 86.4% | lr: 1.00e-06 | 0.3s
  에폭 1273/1500 | 손실: 0.2398 | 검증손실: 0.3438 | 학습: 95.6% | 검증: 86.6% | lr: 1.00e-06 | 0.3s
  에폭 1274/1500 | 손실: 0.2486 | 검증손실: 0.3450 | 학습: 95.5% | 검증: 86.6% | lr: 1.00e-06 | 0.3s
  에폭 1275/1500 | 손실: 0.2408 | 검증손실: 0.3424 | 학습: 95.6% | 검증: 86.7% | lr: 1.00e-06 | 0.3s
  에폭 1276/1500 | 손실: 0.2458 | 검증손실: 0.3449 | 학습: 95.6% | 검증: 86.4% | lr: 1.00e-06 | 0.3s
  에폭 1277/1500 | 손실: 0.2455 | 검증손실: 0.3428 | 학습: 95.6% | 검증: 86.6% | lr: 1.00e-06 | 0.3s
  에폭 1278/1500 | 손실: 0.2395 | 검증손실: 0.3420 | 학습: 95.5% | 검증: 86.4% | lr: 1.00e-06 | 0.3s
  에폭 1279/1500 | 손실: 0.2455 | 검증손실: 0.3433 | 학습: 95.4% | 검증: 86.6% | lr: 1.00e-06 | 0.3s
  에폭 1280/1500 | 손실: 0.2469 | 검증손실: 0.3437 | 학습: 95.5% | 검증: 86.5% | lr: 1.00e-06 | 0.3s
  에폭 1281/1500 | 손실: 0.2441 | 검증손실: 0.3432 | 학습: 95.6% | 검증: 86.7% | lr: 1.00e-06 | 0.3s
  에폭 1282/1500 | 손실: 0.2407 | 검증손실: 0.3440 | 학습: 95.5% | 검증: 86.8% | lr: 1.00e-06 | 0.3s
  에폭 1283/1500 | 손실: 0.2398 | 검증손실: 0.3495 | 학습: 95.5% | 검증: 86.7% | lr: 1.00e-06 | 0.3s
  에폭 1284/1500 | 손실: 0.2439 | 검증손실: 0.3421 | 학습: 95.4% | 검증: 86.9% | lr: 1.00e-06 | 0.3s
  에폭 1285/1500 | 손실: 0.2450 | 검증손실: 0.3440 | 학습: 95.6% | 검증: 86.8% | lr: 1.00e-06 | 0.3s
  에폭 1286/1500 | 손실: 0.2398 | 검증손실: 0.3432 | 학습: 95.6% | 검증: 86.5% | lr: 1.00e-06 | 0.3s
  에폭 1287/1500 | 손실: 0.2404 | 검증손실: 0.3442 | 학습: 95.4% | 검증: 86.4% | lr: 1.00e-06 | 0.3s
  에폭 1288/1500 | 손실: 0.2489 | 검증손실: 0.3432 | 학습: 95.4% | 검증: 86.6% | lr: 1.00e-06 | 0.3s
  에폭 1289/1500 | 손실: 0.2412 | 검증손실: 0.3472 | 학습: 95.6% | 검증: 86.5% | lr: 1.00e-06 | 0.3s
  에폭 1290/1500 | 손실: 0.2433 | 검증손실: 0.3435 | 학습: 95.5% | 검증: 86.3% | lr: 1.00e-06 | 0.3s
  에폭 1291/1500 | 손실: 0.2473 | 검증손실: 0.3481 | 학습: 95.5% | 검증: 86.6% | lr: 1.00e-06 | 0.3s
  에폭 1292/1500 | 손실: 0.2463 | 검증손실: 0.3429 | 학습: 95.6% | 검증: 86.6% | lr: 1.00e-06 | 0.3s
  에폭 1293/1500 | 손실: 0.2418 | 검증손실: 0.3461 | 학습: 95.5% | 검증: 86.3% | lr: 1.00e-06 | 0.3s
  에폭 1294/1500 | 손실: 0.2432 | 검증손실: 0.3443 | 학습: 95.5% | 검증: 86.4% | lr: 1.00e-06 | 0.3s
  에폭 1295/1500 | 손실: 0.2451 | 검증손실: 0.3443 | 학습: 95.6% | 검증: 86.3% | lr: 1.00e-06 | 0.3s
  에폭 1296/1500 | 손실: 0.2414 | 검증손실: 0.3441 | 학습: 95.5% | 검증: 86.6% | lr: 1.00e-06 | 0.3s
  에폭 1297/1500 | 손실: 0.2457 | 검증손실: 0.3435 | 학습: 95.6% | 검증: 86.6% | lr: 1.00e-06 | 0.3s
  에폭 1298/1500 | 손실: 0.2411 | 검증손실: 0.3459 | 학습: 95.5% | 검증: 86.6% | lr: 1.00e-06 | 0.3s
  에폭 1299/1500 | 손실: 0.2465 | 검증손실: 0.3448 | 학습: 95.5% | 검증: 86.6% | lr: 1.00e-06 | 0.3s
  에폭 1300/1500 | 손실: 0.2388 | 검증손실: 0.3443 | 학습: 95.6% | 검증: 86.5% | lr: 1.00e-06 | 0.3s
  에폭 1301/1500 | 손실: 0.2492 | 검증손실: 0.3436 | 학습: 95.5% | 검증: 86.5% | lr: 1.00e-06 | 0.3s
  에폭 1302/1500 | 손실: 0.2424 | 검증손실: 0.3441 | 학습: 95.6% | 검증: 86.5% | lr: 1.00e-06 | 0.3s
  에폭 1303/1500 | 손실: 0.2399 | 검증손실: 0.3441 | 학습: 95.6% | 검증: 86.5% | lr: 1.00e-06 | 0.3s
  에폭 1304/1500 | 손실: 0.2479 | 검증손실: 0.3439 | 학습: 95.6% | 검증: 86.7% | lr: 1.00e-06 | 0.3s
  에폭 1305/1500 | 손실: 0.2373 | 검증손실: 0.3459 | 학습: 95.6% | 검증: 86.4% | lr: 1.00e-06 | 0.3s
  에폭 1306/1500 | 손실: 0.2427 | 검증손실: 0.3415 | 학습: 95.6% | 검증: 86.5% | lr: 1.00e-06 | 0.3s
  에폭 1307/1500 | 손실: 0.2397 | 검증손실: 0.3430 | 학습: 95.5% | 검증: 86.6% | lr: 1.00e-06 | 0.3s
  에폭 1308/1500 | 손실: 0.2394 | 검증손실: 0.3450 | 학습: 95.5% | 검증: 86.5% | lr: 1.00e-06 | 0.3s
  에폭 1309/1500 | 손실: 0.2436 | 검증손실: 0.3447 | 학습: 95.6% | 검증: 86.7% | lr: 1.00e-06 | 0.3s
  에폭 1310/1500 | 손실: 0.2465 | 검증손실: 0.3448 | 학습: 95.7% | 검증: 86.6% | lr: 1.00e-06 | 0.3s
  에폭 1311/1500 | 손실: 0.2442 | 검증손실: 0.3443 | 학습: 95.5% | 검증: 86.6% | lr: 1.00e-06 | 0.3s
  에폭 1312/1500 | 손실: 0.2463 | 검증손실: 0.3463 | 학습: 95.6% | 검증: 86.6% | lr: 1.00e-06 | 0.3s
  에폭 1313/1500 | 손실: 0.2411 | 검증손실: 0.3462 | 학습: 95.6% | 검증: 86.6% | lr: 1.00e-06 | 0.3s
  에폭 1314/1500 | 손실: 0.2467 | 검증손실: 0.3418 | 학습: 95.7% | 검증: 86.3% | lr: 1.00e-06 | 0.3s
  에폭 1315/1500 | 손실: 0.2429 | 검증손실: 0.3442 | 학습: 95.6% | 검증: 86.6% | lr: 1.00e-06 | 0.3s
  에폭 1316/1500 | 손실: 0.2457 | 검증손실: 0.3410 | 학습: 95.4% | 검증: 86.6% | lr: 1.00e-06 | 0.3s
  에폭 1317/1500 | 손실: 0.2446 | 검증손실: 0.3462 | 학습: 95.5% | 검증: 86.4% | lr: 1.00e-06 | 0.3s
  에폭 1318/1500 | 손실: 0.2397 | 검증손실: 0.3422 | 학습: 95.3% | 검증: 86.8% | lr: 1.00e-06 | 0.3s
  에폭 1319/1500 | 손실: 0.2420 | 검증손실: 0.3449 | 학습: 95.6% | 검증: 86.6% | lr: 1.00e-06 | 0.3s
  에폭 1320/1500 | 손실: 0.2385 | 검증손실: 0.3448 | 학습: 95.6% | 검증: 86.4% | lr: 1.00e-06 | 0.3s
  에폭 1321/1500 | 손실: 0.2425 | 검증손실: 0.3440 | 학습: 95.7% | 검증: 86.5% | lr: 1.00e-06 | 0.3s
  에폭 1322/1500 | 손실: 0.2445 | 검증손실: 0.3434 | 학습: 95.6% | 검증: 86.5% | lr: 1.00e-06 | 0.3s
  에폭 1323/1500 | 손실: 0.2398 | 검증손실: 0.3498 | 학습: 95.5% | 검증: 86.4% | lr: 1.00e-06 | 0.3s
  에폭 1324/1500 | 손실: 0.2380 | 검증손실: 0.3430 | 학습: 95.6% | 검증: 86.5% | lr: 1.00e-06 | 0.3s
  에폭 1325/1500 | 손실: 0.2443 | 검증손실: 0.3454 | 학습: 95.3% | 검증: 86.5% | lr: 1.00e-06 | 0.3s
  에폭 1326/1500 | 손실: 0.2486 | 검증손실: 0.3460 | 학습: 95.5% | 검증: 86.7% | lr: 1.00e-06 | 0.3s
  에폭 1327/1500 | 손실: 0.2429 | 검증손실: 0.3424 | 학습: 95.5% | 검증: 86.6% | lr: 1.00e-06 | 0.3s
  에폭 1328/1500 | 손실: 0.2454 | 검증손실: 0.3440 | 학습: 95.5% | 검증: 86.7% | lr: 1.00e-06 | 0.3s
  에폭 1329/1500 | 손실: 0.2474 | 검증손실: 0.3476 | 학습: 95.6% | 검증: 86.6% | lr: 1.00e-06 | 0.3s
  에폭 1330/1500 | 손실: 0.2391 | 검증손실: 0.3461 | 학습: 95.5% | 검증: 86.4% | lr: 1.00e-06 | 0.3s
  에폭 1331/1500 | 손실: 0.2453 | 검증손실: 0.3422 | 학습: 95.6% | 검증: 86.5% | lr: 1.00e-06 | 0.3s
  에폭 1332/1500 | 손실: 0.2441 | 검증손실: 0.3445 | 학습: 95.6% | 검증: 86.4% | lr: 1.00e-06 | 0.3s
  에폭 1333/1500 | 손실: 0.2396 | 검증손실: 0.3453 | 학습: 95.5% | 검증: 86.6% | lr: 1.00e-06 | 0.3s
  에폭 1334/1500 | 손실: 0.2398 | 검증손실: 0.3465 | 학습: 95.6% | 검증: 86.5% | lr: 1.00e-06 | 0.3s
  에폭 1335/1500 | 손실: 0.2411 | 검증손실: 0.3436 | 학습: 95.6% | 검증: 86.6% | lr: 1.00e-06 | 0.3s
  에폭 1336/1500 | 손실: 0.2463 | 검증손실: 0.3467 | 학습: 95.6% | 검증: 86.5% | lr: 1.00e-06 | 0.3s
  에폭 1337/1500 | 손실: 0.2420 | 검증손실: 0.3484 | 학습: 95.7% | 검증: 86.6% | lr: 1.00e-06 | 0.3s
  에폭 1338/1500 | 손실: 0.2473 | 검증손실: 0.3454 | 학습: 95.5% | 검증: 86.3% | lr: 1.00e-06 | 0.3s
  에폭 1339/1500 | 손실: 0.2443 | 검증손실: 0.3460 | 학습: 95.6% | 검증: 86.6% | lr: 1.00e-06 | 0.3s
  에폭 1340/1500 | 손실: 0.2399 | 검증손실: 0.3458 | 학습: 95.5% | 검증: 86.8% | lr: 1.00e-06 | 0.3s
  에폭 1341/1500 | 손실: 0.2423 | 검증손실: 0.3430 | 학습: 95.6% | 검증: 86.5% | lr: 1.00e-06 | 0.3s
  에폭 1342/1500 | 손실: 0.2409 | 검증손실: 0.3492 | 학습: 95.5% | 검증: 86.4% | lr: 1.00e-06 | 0.3s
  에폭 1343/1500 | 손실: 0.2442 | 검증손실: 0.3471 | 학습: 95.7% | 검증: 86.4% | lr: 1.00e-06 | 0.3s
  에폭 1344/1500 | 손실: 0.2445 | 검증손실: 0.3467 | 학습: 95.5% | 검증: 86.5% | lr: 1.00e-06 | 0.3s
  에폭 1345/1500 | 손실: 0.2398 | 검증손실: 0.3483 | 학습: 95.6% | 검증: 86.5% | lr: 1.00e-06 | 0.3s
  에폭 1346/1500 | 손실: 0.2394 | 검증손실: 0.3448 | 학습: 95.5% | 검증: 86.3% | lr: 1.00e-06 | 0.3s
  에폭 1347/1500 | 손실: 0.2442 | 검증손실: 0.3448 | 학습: 95.5% | 검증: 86.8% | lr: 1.00e-06 | 0.3s
  에폭 1348/1500 | 손실: 0.2466 | 검증손실: 0.3446 | 학습: 95.6% | 검증: 86.6% | lr: 1.00e-06 | 0.3s
  에폭 1349/1500 | 손실: 0.2402 | 검증손실: 0.3427 | 학습: 95.6% | 검증: 86.7% | lr: 1.00e-06 | 0.3s
  에폭 1350/1500 | 손실: 0.2436 | 검증손실: 0.3448 | 학습: 95.5% | 검증: 86.3% | lr: 1.00e-06 | 0.3s
  에폭 1351/1500 | 손실: 0.2444 | 검증손실: 0.3409 | 학습: 95.4% | 검증: 86.7% | lr: 1.00e-06 | 0.3s
  에폭 1352/1500 | 손실: 0.2434 | 검증손실: 0.3439 | 학습: 95.6% | 검증: 86.4% | lr: 1.00e-06 | 0.3s
  에폭 1353/1500 | 손실: 0.2441 | 검증손실: 0.3466 | 학습: 95.5% | 검증: 86.5% | lr: 1.00e-06 | 0.3s
  에폭 1354/1500 | 손실: 0.2404 | 검증손실: 0.3434 | 학습: 95.5% | 검증: 86.6% | lr: 1.00e-06 | 0.3s
  에폭 1355/1500 | 손실: 0.2443 | 검증손실: 0.3449 | 학습: 95.4% | 검증: 86.5% | lr: 1.00e-06 | 0.3s
  에폭 1356/1500 | 손실: 0.2434 | 검증손실: 0.3490 | 학습: 95.5% | 검증: 86.3% | lr: 1.00e-06 | 0.3s
  에폭 1357/1500 | 손실: 0.2380 | 검증손실: 0.3444 | 학습: 95.5% | 검증: 86.4% | lr: 1.00e-06 | 0.3s
  에폭 1358/1500 | 손실: 0.2437 | 검증손실: 0.3474 | 학습: 95.4% | 검증: 86.3% | lr: 1.00e-06 | 0.3s
  에폭 1359/1500 | 손실: 0.2402 | 검증손실: 0.3449 | 학습: 95.5% | 검증: 86.6% | lr: 1.00e-06 | 0.3s
  에폭 1360/1500 | 손실: 0.2420 | 검증손실: 0.3483 | 학습: 95.7% | 검증: 86.6% | lr: 1.00e-06 | 0.3s
  에폭 1361/1500 | 손실: 0.2405 | 검증손실: 0.3452 | 학습: 95.6% | 검증: 86.8% | lr: 1.00e-06 | 0.3s
  에폭 1362/1500 | 손실: 0.2399 | 검증손실: 0.3423 | 학습: 95.5% | 검증: 86.7% | lr: 1.00e-06 | 0.3s
  에폭 1363/1500 | 손실: 0.2497 | 검증손실: 0.3424 | 학습: 95.5% | 검증: 86.5% | lr: 1.00e-06 | 0.3s
  에폭 1364/1500 | 손실: 0.2432 | 검증손실: 0.3464 | 학습: 95.6% | 검증: 86.4% | lr: 1.00e-06 | 0.3s
  에폭 1365/1500 | 손실: 0.2436 | 검증손실: 0.3455 | 학습: 95.5% | 검증: 86.5% | lr: 1.00e-06 | 0.3s
  에폭 1366/1500 | 손실: 0.2450 | 검증손실: 0.3455 | 학습: 95.2% | 검증: 86.4% | lr: 1.00e-06 | 0.3s
  에폭 1367/1500 | 손실: 0.2356 | 검증손실: 0.3443 | 학습: 95.6% | 검증: 86.5% | lr: 1.00e-06 | 0.3s
  에폭 1368/1500 | 손실: 0.2442 | 검증손실: 0.3433 | 학습: 95.5% | 검증: 86.7% | lr: 1.00e-06 | 0.3s
  에폭 1369/1500 | 손실: 0.2441 | 검증손실: 0.3433 | 학습: 95.6% | 검증: 86.5% | lr: 1.00e-06 | 0.4s
  에폭 1370/1500 | 손실: 0.2423 | 검증손실: 0.3485 | 학습: 95.6% | 검증: 86.6% | lr: 1.00e-06 | 0.3s
  에폭 1371/1500 | 손실: 0.2456 | 검증손실: 0.3414 | 학습: 95.4% | 검증: 86.8% | lr: 1.00e-06 | 0.3s
  에폭 1372/1500 | 손실: 0.2429 | 검증손실: 0.3433 | 학습: 95.4% | 검증: 86.5% | lr: 1.00e-06 | 0.3s
  에폭 1373/1500 | 손실: 0.2399 | 검증손실: 0.3452 | 학습: 95.7% | 검증: 86.5% | lr: 1.00e-06 | 0.3s
  에폭 1374/1500 | 손실: 0.2465 | 검증손실: 0.3442 | 학습: 95.5% | 검증: 86.5% | lr: 1.00e-06 | 0.3s
  에폭 1375/1500 | 손실: 0.2414 | 검증손실: 0.3436 | 학습: 95.4% | 검증: 86.4% | lr: 1.00e-06 | 0.3s
  에폭 1376/1500 | 손실: 0.2465 | 검증손실: 0.3442 | 학습: 95.4% | 검증: 86.5% | lr: 1.00e-06 | 0.3s
  에폭 1377/1500 | 손실: 0.2420 | 검증손실: 0.3432 | 학습: 95.6% | 검증: 86.6% | lr: 1.00e-06 | 0.3s
  에폭 1378/1500 | 손실: 0.2445 | 검증손실: 0.3437 | 학습: 95.6% | 검증: 86.7% | lr: 1.00e-06 | 0.3s
  에폭 1379/1500 | 손실: 0.2457 | 검증손실: 0.3474 | 학습: 95.7% | 검증: 86.5% | lr: 1.00e-06 | 0.3s
  에폭 1380/1500 | 손실: 0.2432 | 검증손실: 0.3451 | 학습: 95.4% | 검증: 86.5% | lr: 1.00e-06 | 0.3s
  에폭 1381/1500 | 손실: 0.2465 | 검증손실: 0.3474 | 학습: 95.6% | 검증: 86.4% | lr: 1.00e-06 | 0.3s
  에폭 1382/1500 | 손실: 0.2453 | 검증손실: 0.3440 | 학습: 95.6% | 검증: 86.5% | lr: 1.00e-06 | 0.3s
  에폭 1383/1500 | 손실: 0.2457 | 검증손실: 0.3465 | 학습: 95.6% | 검증: 86.5% | lr: 1.00e-06 | 0.3s
  에폭 1384/1500 | 손실: 0.2397 | 검증손실: 0.3426 | 학습: 95.6% | 검증: 86.6% | lr: 1.00e-06 | 0.3s
  에폭 1385/1500 | 손실: 0.2438 | 검증손실: 0.3447 | 학습: 95.5% | 검증: 86.6% | lr: 1.00e-06 | 0.3s
  에폭 1386/1500 | 손실: 0.2432 | 검증손실: 0.3439 | 학습: 95.6% | 검증: 86.7% | lr: 1.00e-06 | 0.3s
  에폭 1387/1500 | 손실: 0.2478 | 검증손실: 0.3489 | 학습: 95.5% | 검증: 86.5% | lr: 1.00e-06 | 0.3s
  에폭 1388/1500 | 손실: 0.2440 | 검증손실: 0.3472 | 학습: 95.5% | 검증: 86.4% | lr: 1.00e-06 | 0.3s
  에폭 1389/1500 | 손실: 0.2406 | 검증손실: 0.3416 | 학습: 95.5% | 검증: 86.6% | lr: 1.00e-06 | 0.3s
  에폭 1390/1500 | 손실: 0.2405 | 검증손실: 0.3468 | 학습: 95.5% | 검증: 86.5% | lr: 1.00e-06 | 0.3s
  에폭 1391/1500 | 손실: 0.2373 | 검증손실: 0.3431 | 학습: 95.6% | 검증: 86.8% | lr: 1.00e-06 | 0.3s
  에폭 1392/1500 | 손실: 0.2458 | 검증손실: 0.3471 | 학습: 95.7% | 검증: 86.6% | lr: 1.00e-06 | 0.3s
  에폭 1393/1500 | 손실: 0.2447 | 검증손실: 0.3438 | 학습: 95.5% | 검증: 86.7% | lr: 1.00e-06 | 0.3s
  에폭 1394/1500 | 손실: 0.2428 | 검증손실: 0.3436 | 학습: 95.6% | 검증: 86.7% | lr: 1.00e-06 | 0.3s
  에폭 1395/1500 | 손실: 0.2419 | 검증손실: 0.3463 | 학습: 95.4% | 검증: 86.2% | lr: 1.00e-06 | 0.3s
  에폭 1396/1500 | 손실: 0.2433 | 검증손실: 0.3445 | 학습: 95.5% | 검증: 86.6% | lr: 1.00e-06 | 0.3s
  에폭 1397/1500 | 손실: 0.2411 | 검증손실: 0.3463 | 학습: 95.3% | 검증: 86.3% | lr: 1.00e-06 | 0.3s
  에폭 1398/1500 | 손실: 0.2440 | 검증손실: 0.3441 | 학습: 95.5% | 검증: 86.4% | lr: 1.00e-06 | 0.3s
  에폭 1399/1500 | 손실: 0.2464 | 검증손실: 0.3438 | 학습: 95.5% | 검증: 86.7% | lr: 1.00e-06 | 0.3s
  에폭 1400/1500 | 손실: 0.2479 | 검증손실: 0.3465 | 학습: 95.6% | 검증: 86.5% | lr: 1.00e-06 | 0.3s
  에폭 1401/1500 | 손실: 0.2424 | 검증손실: 0.3450 | 학습: 95.6% | 검증: 86.5% | lr: 1.00e-06 | 0.3s
  에폭 1402/1500 | 손실: 0.2451 | 검증손실: 0.3399 | 학습: 95.5% | 검증: 86.8% | lr: 1.00e-06 | 0.3s
  에폭 1403/1500 | 손실: 0.2416 | 검증손실: 0.3415 | 학습: 95.5% | 검증: 86.7% | lr: 1.00e-06 | 0.3s
  에폭 1404/1500 | 손실: 0.2395 | 검증손실: 0.3422 | 학습: 95.6% | 검증: 86.6% | lr: 1.00e-06 | 0.3s
  에폭 1405/1500 | 손실: 0.2423 | 검증손실: 0.3435 | 학습: 95.5% | 검증: 86.6% | lr: 1.00e-06 | 0.3s
  에폭 1406/1500 | 손실: 0.2407 | 검증손실: 0.3451 | 학습: 95.3% | 검증: 86.6% | lr: 1.00e-06 | 0.3s
  에폭 1407/1500 | 손실: 0.2447 | 검증손실: 0.3464 | 학습: 95.4% | 검증: 86.2% | lr: 1.00e-06 | 0.3s
  에폭 1408/1500 | 손실: 0.2395 | 검증손실: 0.3449 | 학습: 95.5% | 검증: 86.5% | lr: 1.00e-06 | 0.3s
  에폭 1409/1500 | 손실: 0.2457 | 검증손실: 0.3474 | 학습: 95.6% | 검증: 86.5% | lr: 1.00e-06 | 0.3s
  에폭 1410/1500 | 손실: 0.2423 | 검증손실: 0.3437 | 학습: 95.5% | 검증: 86.5% | lr: 1.00e-06 | 0.3s
  에폭 1411/1500 | 손실: 0.2478 | 검증손실: 0.3462 | 학습: 95.6% | 검증: 86.5% | lr: 1.00e-06 | 0.3s
  에폭 1412/1500 | 손실: 0.2435 | 검증손실: 0.3427 | 학습: 95.5% | 검증: 86.6% | lr: 1.00e-06 | 0.3s
  에폭 1413/1500 | 손실: 0.2432 | 검증손실: 0.3426 | 학습: 95.5% | 검증: 86.7% | lr: 1.00e-06 | 0.3s
  에폭 1414/1500 | 손실: 0.2417 | 검증손실: 0.3437 | 학습: 95.5% | 검증: 86.7% | lr: 1.00e-06 | 0.3s
  에폭 1415/1500 | 손실: 0.2444 | 검증손실: 0.3442 | 학습: 95.7% | 검증: 86.6% | lr: 1.00e-06 | 0.3s
  에폭 1416/1500 | 손실: 0.2433 | 검증손실: 0.3442 | 학습: 95.6% | 검증: 86.7% | lr: 1.00e-06 | 0.3s
  에폭 1417/1500 | 손실: 0.2489 | 검증손실: 0.3459 | 학습: 95.5% | 검증: 86.7% | lr: 1.00e-06 | 0.3s
  에폭 1418/1500 | 손실: 0.2383 | 검증손실: 0.3468 | 학습: 95.6% | 검증: 86.5% | lr: 1.00e-06 | 0.3s
  에폭 1419/1500 | 손실: 0.2423 | 검증손실: 0.3465 | 학습: 95.6% | 검증: 86.3% | lr: 1.00e-06 | 0.3s
  에폭 1420/1500 | 손실: 0.2454 | 검증손실: 0.3500 | 학습: 95.5% | 검증: 86.4% | lr: 1.00e-06 | 0.3s
  에폭 1421/1500 | 손실: 0.2467 | 검증손실: 0.3466 | 학습: 95.5% | 검증: 86.5% | lr: 1.00e-06 | 0.3s
  에폭 1422/1500 | 손실: 0.2437 | 검증손실: 0.3427 | 학습: 95.5% | 검증: 86.6% | lr: 1.00e-06 | 0.3s
  에폭 1423/1500 | 손실: 0.2494 | 검증손실: 0.3460 | 학습: 95.5% | 검증: 86.6% | lr: 1.00e-06 | 0.3s
  에폭 1424/1500 | 손실: 0.2412 | 검증손실: 0.3413 | 학습: 95.7% | 검증: 86.6% | lr: 1.00e-06 | 0.3s
  에폭 1425/1500 | 손실: 0.2439 | 검증손실: 0.3430 | 학습: 95.4% | 검증: 86.6% | lr: 1.00e-06 | 0.3s
  에폭 1426/1500 | 손실: 0.2478 | 검증손실: 0.3451 | 학습: 95.6% | 검증: 86.6% | lr: 1.00e-06 | 0.3s
  에폭 1427/1500 | 손실: 0.2500 | 검증손실: 0.3436 | 학습: 95.5% | 검증: 86.5% | lr: 1.00e-06 | 0.3s
  에폭 1428/1500 | 손실: 0.2452 | 검증손실: 0.3443 | 학습: 95.6% | 검증: 86.7% | lr: 1.00e-06 | 0.3s
  에폭 1429/1500 | 손실: 0.2434 | 검증손실: 0.3442 | 학습: 95.7% | 검증: 86.6% | lr: 1.00e-06 | 0.3s
  에폭 1430/1500 | 손실: 0.2433 | 검증손실: 0.3485 | 학습: 95.6% | 검증: 86.7% | lr: 1.00e-06 | 0.3s
  에폭 1431/1500 | 손실: 0.2460 | 검증손실: 0.3437 | 학습: 95.6% | 검증: 86.5% | lr: 1.00e-06 | 0.3s
  에폭 1432/1500 | 손실: 0.2450 | 검증손실: 0.3420 | 학습: 95.5% | 검증: 86.5% | lr: 1.00e-06 | 0.3s
  에폭 1433/1500 | 손실: 0.2405 | 검증손실: 0.3440 | 학습: 95.5% | 검증: 86.7% | lr: 1.00e-06 | 0.3s
  에폭 1434/1500 | 손실: 0.2420 | 검증손실: 0.3430 | 학습: 95.6% | 검증: 86.7% | lr: 1.00e-06 | 0.3s
  에폭 1435/1500 | 손실: 0.2443 | 검증손실: 0.3443 | 학습: 95.7% | 검증: 86.7% | lr: 1.00e-06 | 0.3s
  에폭 1436/1500 | 손실: 0.2381 | 검증손실: 0.3439 | 학습: 95.4% | 검증: 86.5% | lr: 1.00e-06 | 0.3s
  에폭 1437/1500 | 손실: 0.2440 | 검증손실: 0.3449 | 학습: 95.6% | 검증: 86.6% | lr: 1.00e-06 | 0.3s
  에폭 1438/1500 | 손실: 0.2454 | 검증손실: 0.3450 | 학습: 95.5% | 검증: 86.5% | lr: 1.00e-06 | 0.3s
  에폭 1439/1500 | 손실: 0.2436 | 검증손실: 0.3426 | 학습: 95.5% | 검증: 86.6% | lr: 1.00e-06 | 0.3s
  에폭 1440/1500 | 손실: 0.2412 | 검증손실: 0.3452 | 학습: 95.7% | 검증: 86.4% | lr: 1.00e-06 | 0.3s
  에폭 1441/1500 | 손실: 0.2463 | 검증손실: 0.3454 | 학습: 95.7% | 검증: 86.7% | lr: 1.00e-06 | 0.3s
  에폭 1442/1500 | 손실: 0.2484 | 검증손실: 0.3428 | 학습: 95.6% | 검증: 86.7% | lr: 1.00e-06 | 0.3s
  에폭 1443/1500 | 손실: 0.2456 | 검증손실: 0.3459 | 학습: 95.6% | 검증: 86.6% | lr: 1.00e-06 | 0.3s
  에폭 1444/1500 | 손실: 0.2410 | 검증손실: 0.3464 | 학습: 95.6% | 검증: 86.3% | lr: 1.00e-06 | 0.3s
  에폭 1445/1500 | 손실: 0.2466 | 검증손실: 0.3481 | 학습: 95.6% | 검증: 86.3% | lr: 1.00e-06 | 0.3s
  에폭 1446/1500 | 손실: 0.2519 | 검증손실: 0.3502 | 학습: 95.5% | 검증: 86.6% | lr: 1.00e-06 | 0.3s
  에폭 1447/1500 | 손실: 0.2449 | 검증손실: 0.3466 | 학습: 95.6% | 검증: 86.7% | lr: 1.00e-06 | 0.3s
  에폭 1448/1500 | 손실: 0.2422 | 검증손실: 0.3451 | 학습: 95.6% | 검증: 86.6% | lr: 1.00e-06 | 0.3s
  에폭 1449/1500 | 손실: 0.2437 | 검증손실: 0.3412 | 학습: 95.5% | 검증: 86.8% | lr: 1.00e-06 | 0.3s
  에폭 1450/1500 | 손실: 0.2380 | 검증손실: 0.3487 | 학습: 95.5% | 검증: 86.6% | lr: 1.00e-06 | 0.3s
  에폭 1451/1500 | 손실: 0.2439 | 검증손실: 0.3468 | 학습: 95.4% | 검증: 86.5% | lr: 1.00e-06 | 0.3s
  에폭 1452/1500 | 손실: 0.2409 | 검증손실: 0.3428 | 학습: 95.5% | 검증: 86.6% | lr: 1.00e-06 | 0.3s
  에폭 1453/1500 | 손실: 0.2409 | 검증손실: 0.3451 | 학습: 95.6% | 검증: 86.4% | lr: 1.00e-06 | 0.3s
  에폭 1454/1500 | 손실: 0.2436 | 검증손실: 0.3444 | 학습: 95.5% | 검증: 86.5% | lr: 1.00e-06 | 0.3s
  에폭 1455/1500 | 손실: 0.2422 | 검증손실: 0.3478 | 학습: 95.7% | 검증: 86.6% | lr: 1.00e-06 | 0.3s
  에폭 1456/1500 | 손실: 0.2447 | 검증손실: 0.3452 | 학습: 95.5% | 검증: 86.7% | lr: 1.00e-06 | 0.3s
  에폭 1457/1500 | 손실: 0.2462 | 검증손실: 0.3437 | 학습: 95.5% | 검증: 86.5% | lr: 1.00e-06 | 0.3s
  에폭 1458/1500 | 손실: 0.2465 | 검증손실: 0.3462 | 학습: 95.4% | 검증: 86.5% | lr: 1.00e-06 | 0.3s
  에폭 1459/1500 | 손실: 0.2414 | 검증손실: 0.3451 | 학습: 95.5% | 검증: 86.7% | lr: 1.00e-06 | 0.3s
  에폭 1460/1500 | 손실: 0.2419 | 검증손실: 0.3442 | 학습: 95.6% | 검증: 86.6% | lr: 1.00e-06 | 0.3s
  에폭 1461/1500 | 손실: 0.2439 | 검증손실: 0.3431 | 학습: 95.5% | 검증: 86.4% | lr: 1.00e-06 | 0.3s
  에폭 1462/1500 | 손실: 0.2380 | 검증손실: 0.3434 | 학습: 95.6% | 검증: 86.6% | lr: 1.00e-06 | 0.3s
  에폭 1463/1500 | 손실: 0.2463 | 검증손실: 0.3433 | 학습: 95.6% | 검증: 86.6% | lr: 1.00e-06 | 0.3s
  에폭 1464/1500 | 손실: 0.2452 | 검증손실: 0.3489 | 학습: 95.5% | 검증: 86.6% | lr: 1.00e-06 | 0.3s
  에폭 1465/1500 | 손실: 0.2454 | 검증손실: 0.3503 | 학습: 95.5% | 검증: 86.7% | lr: 1.00e-06 | 0.3s
  에폭 1466/1500 | 손실: 0.2505 | 검증손실: 0.3464 | 학습: 95.6% | 검증: 86.6% | lr: 1.00e-06 | 0.3s
  에폭 1467/1500 | 손실: 0.2499 | 검증손실: 0.3417 | 학습: 95.3% | 검증: 86.6% | lr: 1.00e-06 | 0.3s
  에폭 1468/1500 | 손실: 0.2422 | 검증손실: 0.3459 | 학습: 95.5% | 검증: 86.6% | lr: 1.00e-06 | 0.3s
  에폭 1469/1500 | 손실: 0.2387 | 검증손실: 0.3430 | 학습: 95.5% | 검증: 86.7% | lr: 1.00e-06 | 0.3s
  에폭 1470/1500 | 손실: 0.2437 | 검증손실: 0.3471 | 학습: 95.6% | 검증: 86.6% | lr: 1.00e-06 | 0.3s
  에폭 1471/1500 | 손실: 0.2426 | 검증손실: 0.3480 | 학습: 95.5% | 검증: 86.6% | lr: 1.00e-06 | 0.3s
  에폭 1472/1500 | 손실: 0.2452 | 검증손실: 0.3430 | 학습: 95.4% | 검증: 86.6% | lr: 1.00e-06 | 0.3s
  에폭 1473/1500 | 손실: 0.2417 | 검증손실: 0.3445 | 학습: 95.6% | 검증: 86.7% | lr: 1.00e-06 | 0.3s
  에폭 1474/1500 | 손실: 0.2425 | 검증손실: 0.3469 | 학습: 95.6% | 검증: 86.3% | lr: 1.00e-06 | 0.3s
  에폭 1475/1500 | 손실: 0.2446 | 검증손실: 0.3440 | 학습: 95.6% | 검증: 86.5% | lr: 1.00e-06 | 0.3s
  에폭 1476/1500 | 손실: 0.2430 | 검증손실: 0.3457 | 학습: 95.4% | 검증: 86.5% | lr: 1.00e-06 | 0.3s
  에폭 1477/1500 | 손실: 0.2418 | 검증손실: 0.3465 | 학습: 95.4% | 검증: 86.6% | lr: 1.00e-06 | 0.3s
  에폭 1478/1500 | 손실: 0.2431 | 검증손실: 0.3438 | 학습: 95.6% | 검증: 86.5% | lr: 1.00e-06 | 0.3s
  에폭 1479/1500 | 손실: 0.2440 | 검증손실: 0.3452 | 학습: 95.5% | 검증: 86.6% | lr: 1.00e-06 | 0.3s
  에폭 1480/1500 | 손실: 0.2424 | 검증손실: 0.3440 | 학습: 95.5% | 검증: 86.7% | lr: 1.00e-06 | 0.3s
  에폭 1481/1500 | 손실: 0.2452 | 검증손실: 0.3410 | 학습: 95.6% | 검증: 86.7% | lr: 1.00e-06 | 0.3s
  에폭 1482/1500 | 손실: 0.2427 | 검증손실: 0.3461 | 학습: 95.7% | 검증: 86.5% | lr: 1.00e-06 | 0.3s
  에폭 1483/1500 | 손실: 0.2458 | 검증손실: 0.3466 | 학습: 95.6% | 검증: 86.5% | lr: 1.00e-06 | 0.3s
  에폭 1484/1500 | 손실: 0.2445 | 검증손실: 0.3460 | 학습: 95.6% | 검증: 86.6% | lr: 1.00e-06 | 0.3s
  에폭 1485/1500 | 손실: 0.2436 | 검증손실: 0.3480 | 학습: 95.6% | 검증: 86.8% | lr: 1.00e-06 | 0.3s
  에폭 1486/1500 | 손실: 0.2462 | 검증손실: 0.3460 | 학습: 95.6% | 검증: 86.4% | lr: 1.00e-06 | 0.3s
  에폭 1487/1500 | 손실: 0.2417 | 검증손실: 0.3441 | 학습: 95.4% | 검증: 86.7% | lr: 1.00e-06 | 0.3s
  에폭 1488/1500 | 손실: 0.2354 | 검증손실: 0.3408 | 학습: 95.5% | 검증: 86.7% | lr: 1.00e-06 | 0.3s
  에폭 1489/1500 | 손실: 0.2408 | 검증손실: 0.3428 | 학습: 95.6% | 검증: 86.7% | lr: 1.00e-06 | 0.3s
  에폭 1490/1500 | 손실: 0.2397 | 검증손실: 0.3443 | 학습: 95.7% | 검증: 86.5% | lr: 1.00e-06 | 0.3s
  에폭 1491/1500 | 손실: 0.2433 | 검증손실: 0.3439 | 학습: 95.5% | 검증: 86.7% | lr: 1.00e-06 | 0.3s
  에폭 1492/1500 | 손실: 0.2430 | 검증손실: 0.3457 | 학습: 95.6% | 검증: 86.5% | lr: 1.00e-06 | 0.3s
  에폭 1493/1500 | 손실: 0.2358 | 검증손실: 0.3471 | 학습: 95.6% | 검증: 86.5% | lr: 1.00e-06 | 0.3s
  에폭 1494/1500 | 손실: 0.2430 | 검증손실: 0.3452 | 학습: 95.3% | 검증: 86.4% | lr: 1.00e-06 | 0.3s
  에폭 1495/1500 | 손실: 0.2418 | 검증손실: 0.3417 | 학습: 95.4% | 검증: 86.6% | lr: 1.00e-06 | 0.4s
  에폭 1496/1500 | 손실: 0.2398 | 검증손실: 0.3450 | 학습: 95.6% | 검증: 86.8% | lr: 1.00e-06 | 0.3s
  에폭 1497/1500 | 손실: 0.2446 | 검증손실: 0.3463 | 학습: 95.5% | 검증: 86.5% | lr: 1.00e-06 | 0.3s
  에폭 1498/1500 | 손실: 0.2486 | 검증손실: 0.3433 | 학습: 95.5% | 검증: 86.6% | lr: 1.00e-06 | 0.3s
  에폭 1499/1500 | 손실: 0.2388 | 검증손실: 0.3445 | 학습: 95.5% | 검증: 86.5% | lr: 1.00e-06 | 0.4s
  에폭 1500/1500 | 손실: 0.2471 | 검증손실: 0.3454 | 학습: 95.5% | 검증: 86.6% | lr: 1.00e-06 | 0.3s
[MLP] ✅ 학습 완료 | [128 → 64 → 32] | 최고 검증 정확도: 86.9%  (베스트 체크포인트 복원됨)
[MLP] ⏱  전체 학습 시간: 8분 14초 (494.1s)
[MLP] ── Permutation Importance (베이스라인 정확도: 86.9%) ─
   1. CENTROID                      Δacc=++0.2204  ████████████████████████████████████████████  (스펙트럼 무게중심)
   2. SKEWNESS                      Δacc=++0.2187  ████████████████████████████████████████████  (스펙트럼 비대칭도)
   3. SPECTRAL_ROLLOFF              Δacc=++0.2135  ███████████████████████████████████████████  (스펙트럼 롤오프)
   4. HIGH_RATIO                    Δacc=++0.2078  ██████████████████████████████████████████  (고주파 비율 (10Hz↑))
   5. SPECTRAL_BANDWIDTH            Δacc=++0.1952  ███████████████████████████████████████  (스펙트럼 대역폭)
   6. MID_RATIO                     Δacc=++0.1888  ██████████████████████████████████████  (중주파 비율 (5~10Hz))
   7. LOW_RATIO                     Δacc=++0.1800  ████████████████████████████████████  (저주파 비율 (0~5Hz))
   8. SPECTRAL_FLATNESS             Δacc=++0.1764  ███████████████████████████████████  (스펙트럼 평탄도)
   9. PEAK_FREQ                     Δacc=++0.1300  ██████████████████████████  (1위 피크 주파수)
  10. KURTOSIS                      Δacc=++0.1249  █████████████████████████  (에너지 분포 첨도)
  11. PEAK_TO_AVG_E                 Δacc=++0.1102  ██████████████████████  (피크/평균 에너지 비)
  12. SECOND_PEAK_FREQ              Δacc=++0.0737  ███████████████  (2번째 피크 주파수)
  13. PEAK1_TO_PEAK2_RATIO          Δacc=++0.0726  ███████████████  (1·2위 피크 비율)
  14. PEAK_COUNT                    Δacc=++0.0529  ███████████  (피크 빈 개수)
  15. RMS                           Δacc=++0.0434  █████████  (RMS 에너지)
  16. DC_RATIO                      Δacc=++0.0402  ████████  (DC 성분 비율)
  17. DELTA_PEAK_FREQ               Δacc=++0.0114  ██  (피크 주파수 변화량)
  18. AVG_ENERGY                    Δacc=++0.0110  ██  (평균 에너지)
  19. PEAK_ENERGY                   Δacc=++0.0105  ██  (피크 에너지)
  20. ENERGY_VARIANCE               Δacc=++0.0048  █  (에너지 분산)
  21. LOW_TO_HIGH_RATIO             Δacc=++0.0042  █  (저/고주파 에너지 비율)
[MLP] ─────────────────────────────────────────────
[MLP] 특징 중요도 저장 → /Users/kimkanghyeon/Desktop/project/iSENSOR_UART_DEBUGER/AI/mlp/models/mlp_L128-64-32_b128_d2_ep1500_lr2e-3_lrp50_lrf5_f21_0510_224630/mlp_L128-64-32_b128_d2_ep1500_lr2e-3_lrp50_lrf5_f21_0510_224630_importance.json
[MLP] 저장 완료 → /Users/kimkanghyeon/Desktop/project/iSENSOR_UART_DEBUGER/AI/mlp/models/mlp_weights.pt  (추론용)
[MLP] 버전 보관 → /Users/kimkanghyeon/Desktop/project/iSENSOR_UART_DEBUGER/AI/mlp/models/mlp_L128-64-32_b128_d2_ep1500_lr2e-3_lrp50_lrf5_f21_0510_224630/
[MLP] 📊 학습 이력 저장 → /Users/kimkanghyeon/Desktop/project/iSENSOR_UART_DEBUGER/AI/mlp/models/train_history.json

  ── 이전 학습과 비교 ──────────────────────────────────────────────────
  지표                                  이전          현재  변화
  ────────────────────────────────────────────────────────────────────
  최고 검증 정확도                        89.9%       86.9%  -3.1%p  ↓ 하락
  최소 검증 손실                        0.3427      0.3375  0.0051  ↑ 개선
  사람 Recall (탐지율) TPR              88.4%       83.7%  -4.7%p  ↓ 하락
  사람 오탐률 (눈침) FNR                  11.6%       16.3%  +4.7%p  ↓ 하락
  배경 정확 탐지율 TNR                    91.5%       90.1%  -1.4%p  ↓ 하락
  배경 오탐률 (오경보) FPR                  8.5%        9.9%  +1.4%p  ↓ 하락
  사람 F1 Score                     0.8976      0.8643  0.0333  ↓ 하락
  베스트 에폭                            1838         605  -1233

━━━━━━━━━━━━━━━━━━━━━━━━━━━━━━━━━━━━━━━━━━━━━━━━━━━━━━━━━━━━━━━━
[분석 메모] GitHub Copilot — 2026-05-10  [구조: 128→64→32, b128, ep1500, lr=2e-3, lrf=0.5, d0.2, ESP32 f21]
━━━━━━━━━━━━━━━━━━━━━━━━━━━━━━━━━━━━━━━━━━━━━━━━━━━━━━━━━━━━━━━━

■ 실험 조건
  256→128→64→32 실험(89.9%) 이후 128→64→32 기본 구조로 복귀 확인 실험
  lr=2e-3, lrf=0.5 (기존 표준 조합) — 변경 없음

■ 핵심 수치 요약
  최고 검증 정확도   : 86.9% (ep605)
  학습 정확도 (동시) : 95.4%  →  train-val 갭 8.5%p
  사람 Recall (TPR)  : 83.7%
  배경 TNR           : 90.1%
  사람 F1            : 0.864
  학습 시간          : 8분 14초
  수렴 여부          : 완전 수렴 (ep835에서 min_lr 1e-6 도달, 12단 감소)

■ 특이사항 — 이전 동일 조건 대비 성능 차이
  이전 동일 조건 (128→64→32, b128, d0.2, ep1500, lr=2e-3, lrf=0.5, f21):
    → 88.2% (2026-05-09, mlp_L128-64-32_b128_d2_ep1500_lr2e-3_lrp50_lrf5_f21_0509_232613)
  이번 동일 조건:
    → 86.9% (-1.3%p 하락)

  원인 분석:
  - 학습/검증 분리 시드(random_state=42)가 고정되어 있어 데이터 분할은 동일
  - 모델 초기 가중치(random initialization)가 달라 결과가 다름 — 정상적인 랜덤 분산
  - 이전 실험 88.2%가 유리한 초기화를 만났을 가능성
  - 실제 이 조합의 성능 범위: 86.9~88.2% (±0.7%p 편차)

■ 완전 수렴 타임라인 (12단)
  ep 316 : 2e-3 → 1e-3
  ep 367 : 1e-3 → 5e-4
  ep 427 : 5e-4 → 2.5e-4
  ep 478 : 2.5e-4 → 1.25e-4
  ep 529 : 1.25e-4 → 6.25e-5
  ep 580 : 6.25e-5 → 3.13e-5
  ep 631 : 3.13e-5 → 1.56e-5
  ep 682 : 1.56e-5 → 7.81e-6
  ep 733 : 7.81e-6 → 3.91e-6
  ep 784 : 3.91e-6 → 1.95e-6
  ep 835 : 1.95e-6 → 1e-6  ← 완전 수렴
  → ep835 이후 ep1500까지 665에폭 동안 86.3~86.9% 진동 (개선 없음)
  → 베스트가 ep605로 매우 이른 수렴 — lr=2e-3 lrf=0.5 조합의 특성

■ 결론
  - 동일 조건 재실행에서 랜덤 편차로 86.9%에 그침 (범위: 86.9~88.2%)
  - 128→64→32 + lr=2e-3 + lrf=0.5 조합의 실질 성능 상한은 약 88.2%로 확인됨
  - 256→128→64→32 + lr=5e-4 + lrf=0.9 조합(89.9%)이 확실히 우위

■ 현재 ESP32 모드 최종 비교 (주요 조합)
  조건                                              베스트   갭      학습시간
  ────────────────────────────────────────────────────────────────────────
  128→64→32 lrf=0.5 lr=2e-3 d0.2 ep1500 (범위)    86.9~88.2%  8.3%p  8~11분
  128→64→32 lrf=0.9 lr=5e-4 d0.2 ep3000           88.6%       8.3%p   19분
  256→128→64→32 lrf=0.9 lr=5e-4 d0.2 ep3000 ★    89.9%      10.1%p   94분
━━━━━━━━━━━━━━━━━━━━━━━━━━━━━━━━━━━━━━━━━━━━━━━━━━━━━━━━━━━━━━━━

