[MLP]   svm_data_20260507_133636.csv                       24741샘플
[MLP] CSV 로드  →  총 24741샘플
[MLP] 로드 완료 | 전체: 24741개  (배경: 12371, 사람: 12370)
[MLP] 특징 모드: ESP32 (21개)
[MLP] 학습: 19792개 (80%)  검증: 4949개 (20%)  [비율고정: 유지 | 분리시드: 42]
[MLP] 스케일러: StandardScaler (z-score)
[MLP] ━━━━━━━━━━━━━━━━━━━━━━━━━━━━━━━━━━━━━━━━━━━━━━━
[MLP]  디바이스: cpu
[MLP]  구조: 21 → 128 → 64 → 32 → 2
[MLP]  에폭: 3000  배치: 128  LR: 5.00e-04  Dropout: 0.3
[MLP]  Early Stop: 비활성화
[MLP]  LR 스케줄러: patience=50  factor=0.9  min_lr=1e-6
[MLP]  검증 비율: 20%  분리 비율고정: 유지  분리 시드: 42
[MLP]  스케일러: StandardScaler  특징 모드: ESP32
[MLP]  사용 특징 (21개): SPECTRAL_ROLLOFF, SPECTRAL_BANDWIDTH, PEAK_COUNT, MID_RATIO, LOW_TO_HIGH_RATIO, SECOND_PEAK_FREQ, KURTOSIS, CENTROID, PEAK_FREQ, LOW_RATIO, RMS, AVG_ENERGY, PEAK_ENERGY, ENERGY_VARIANCE, PEAK_TO_AVG_E, HIGH_RATIO, PEAK1_TO_PEAK2_RATIO, SKEWNESS, DC_RATIO, DELTA_PEAK_FREQ, SPECTRAL_FLATNESS
[MLP] ━━━━━━━━━━━━━━━━━━━━━━━━━━━━━━━━━━━━━━━━━━━━━━━
  에폭   1/3000 | 손실: 0.6114 | 학습: 64.9% | 검증: 63.9% | lr: 5.00e-04 | 0.4s ★
  에폭   2/3000 | 손실: 0.5901 | 학습: 66.5% | 검증: 64.4% | lr: 5.00e-04 | 0.5s ★
  에폭   3/3000 | 손실: 0.5836 | 학습: 67.1% | 검증: 65.1% | lr: 5.00e-04 | 0.4s ★
  에폭   4/3000 | 손실: 0.5815 | 학습: 68.1% | 검증: 66.1% | lr: 5.00e-04 | 0.4s ★
  에폭   5/3000 | 손실: 0.5782 | 학습: 68.1% | 검증: 65.9% | lr: 5.00e-04 | 0.4s
  에폭   6/3000 | 손실: 0.5743 | 학습: 68.8% | 검증: 67.0% | lr: 5.00e-04 | 0.4s ★
  에폭   7/3000 | 손실: 0.5718 | 학습: 68.5% | 검증: 66.3% | lr: 5.00e-04 | 0.4s
  에폭   8/3000 | 손실: 0.5687 | 학습: 69.4% | 검증: 67.3% | lr: 5.00e-04 | 0.4s ★
  에폭   9/3000 | 손실: 0.5662 | 학습: 69.7% | 검증: 67.5% | lr: 5.00e-04 | 0.4s ★
  에폭  10/3000 | 손실: 0.5627 | 학습: 69.8% | 검증: 67.3% | lr: 5.00e-04 | 0.4s
  에폭  11/3000 | 손실: 0.5595 | 학습: 70.5% | 검증: 67.5% | lr: 5.00e-04 | 0.4s ★
  에폭  12/3000 | 손실: 0.5568 | 학습: 69.9% | 검증: 68.1% | lr: 5.00e-04 | 0.4s ★
  에폭  13/3000 | 손실: 0.5560 | 학습: 71.2% | 검증: 68.0% | lr: 5.00e-04 | 0.4s
  에폭  14/3000 | 손실: 0.5519 | 학습: 71.4% | 검증: 68.6% | lr: 5.00e-04 | 0.4s ★
  에폭  15/3000 | 손실: 0.5516 | 학습: 71.6% | 검증: 68.7% | lr: 5.00e-04 | 0.4s ★
  에폭  16/3000 | 손실: 0.5495 | 학습: 71.8% | 검증: 69.0% | lr: 5.00e-04 | 0.4s ★
  에폭  17/3000 | 손실: 0.5494 | 학습: 71.8% | 검증: 69.2% | lr: 5.00e-04 | 0.4s ★
  에폭  18/3000 | 손실: 0.5436 | 학습: 72.3% | 검증: 69.5% | lr: 5.00e-04 | 0.4s ★
  에폭  19/3000 | 손실: 0.5411 | 학습: 72.9% | 검증: 69.9% | lr: 5.00e-04 | 0.4s ★
  에폭  20/3000 | 손실: 0.5412 | 학습: 73.1% | 검증: 70.3% | lr: 5.00e-04 | 0.4s ★
  에폭  21/3000 | 손실: 0.5391 | 학습: 73.2% | 검증: 70.7% | lr: 5.00e-04 | 0.4s ★
  에폭  22/3000 | 손실: 0.5386 | 학습: 73.4% | 검증: 70.9% | lr: 5.00e-04 | 0.4s ★
  에폭  23/3000 | 손실: 0.5363 | 학습: 73.8% | 검증: 71.4% | lr: 5.00e-04 | 0.4s ★
  에폭  24/3000 | 손실: 0.5317 | 학습: 74.2% | 검증: 71.9% | lr: 5.00e-04 | 0.4s ★
  에폭  25/3000 | 손실: 0.5289 | 학습: 74.1% | 검증: 71.4% | lr: 5.00e-04 | 0.4s
  에폭  26/3000 | 손실: 0.5323 | 학습: 74.0% | 검증: 71.5% | lr: 5.00e-04 | 0.4s
  에폭  27/3000 | 손실: 0.5286 | 학습: 74.2% | 검증: 71.5% | lr: 5.00e-04 | 0.4s
  에폭  28/3000 | 손실: 0.5263 | 학습: 74.9% | 검증: 71.7% | lr: 5.00e-04 | 0.4s
  에폭  29/3000 | 손실: 0.5240 | 학습: 75.0% | 검증: 71.7% | lr: 5.00e-04 | 0.4s
  에폭  30/3000 | 손실: 0.5243 | 학습: 74.8% | 검증: 72.3% | lr: 5.00e-04 | 0.4s ★
  에폭  31/3000 | 손실: 0.5201 | 학습: 75.8% | 검증: 72.4% | lr: 5.00e-04 | 0.4s ★
  에폭  32/3000 | 손실: 0.5186 | 학습: 75.2% | 검증: 72.4% | lr: 5.00e-04 | 0.4s ★
  에폭  33/3000 | 손실: 0.5205 | 학습: 75.7% | 검증: 72.6% | lr: 5.00e-04 | 0.4s ★
  에폭  34/3000 | 손실: 0.5167 | 학습: 75.3% | 검증: 72.7% | lr: 5.00e-04 | 0.4s ★
  에폭  35/3000 | 손실: 0.5149 | 학습: 76.1% | 검증: 72.7% | lr: 5.00e-04 | 0.4s
  에폭  36/3000 | 손실: 0.5135 | 학습: 76.2% | 검증: 73.2% | lr: 5.00e-04 | 0.4s ★
  에폭  37/3000 | 손실: 0.5122 | 학습: 76.8% | 검증: 73.3% | lr: 5.00e-04 | 0.4s ★
  에폭  38/3000 | 손실: 0.5097 | 학습: 76.5% | 검증: 73.2% | lr: 5.00e-04 | 0.4s
  에폭  39/3000 | 손실: 0.5106 | 학습: 76.4% | 검증: 72.9% | lr: 5.00e-04 | 0.4s
  에폭  40/3000 | 손실: 0.5048 | 학습: 76.5% | 검증: 73.6% | lr: 5.00e-04 | 0.4s ★
  에폭  41/3000 | 손실: 0.5078 | 학습: 76.9% | 검증: 73.5% | lr: 5.00e-04 | 0.4s
  에폭  42/3000 | 손실: 0.5050 | 학습: 76.7% | 검증: 73.2% | lr: 5.00e-04 | 0.4s
  에폭  43/3000 | 손실: 0.5004 | 학습: 76.6% | 검증: 73.3% | lr: 5.00e-04 | 0.4s
  에폭  44/3000 | 손실: 0.5051 | 학습: 77.2% | 검증: 74.0% | lr: 5.00e-04 | 0.4s ★
  에폭  45/3000 | 손실: 0.5017 | 학습: 76.8% | 검증: 74.2% | lr: 5.00e-04 | 0.4s ★
  에폭  46/3000 | 손실: 0.5008 | 학습: 77.6% | 검증: 74.4% | lr: 5.00e-04 | 0.4s ★
  에폭  47/3000 | 손실: 0.4993 | 학습: 77.8% | 검증: 74.1% | lr: 5.00e-04 | 0.4s
  에폭  48/3000 | 손실: 0.4959 | 학습: 76.9% | 검증: 74.0% | lr: 5.00e-04 | 0.4s
  에폭  49/3000 | 손실: 0.4970 | 학습: 78.1% | 검증: 74.7% | lr: 5.00e-04 | 0.4s ★
  에폭  50/3000 | 손실: 0.4939 | 학습: 78.4% | 검증: 74.7% | lr: 5.00e-04 | 0.4s
  에폭  51/3000 | 손실: 0.4950 | 학습: 78.5% | 검증: 75.0% | lr: 5.00e-04 | 0.4s ★
  에폭  52/3000 | 손실: 0.4927 | 학습: 78.4% | 검증: 74.9% | lr: 5.00e-04 | 0.4s
  에폭  53/3000 | 손실: 0.4896 | 학습: 78.6% | 검증: 75.4% | lr: 5.00e-04 | 0.4s ★
  에폭  54/3000 | 손실: 0.4877 | 학습: 78.6% | 검증: 75.4% | lr: 5.00e-04 | 0.4s
  에폭  55/3000 | 손실: 0.4870 | 학습: 78.6% | 검증: 75.0% | lr: 5.00e-04 | 0.4s
  에폭  56/3000 | 손실: 0.4898 | 학습: 79.0% | 검증: 75.3% | lr: 5.00e-04 | 0.4s
  에폭  57/3000 | 손실: 0.4873 | 학습: 78.7% | 검증: 75.3% | lr: 5.00e-04 | 0.4s
  에폭  58/3000 | 손실: 0.4846 | 학습: 78.8% | 검증: 74.8% | lr: 5.00e-04 | 0.4s
  에폭  59/3000 | 손실: 0.4822 | 학습: 79.2% | 검증: 75.6% | lr: 5.00e-04 | 0.4s ★
  에폭  60/3000 | 손실: 0.4805 | 학습: 79.5% | 검증: 75.9% | lr: 5.00e-04 | 0.4s ★
  에폭  61/3000 | 손실: 0.4813 | 학습: 78.8% | 검증: 75.6% | lr: 5.00e-04 | 0.4s
  에폭  62/3000 | 손실: 0.4824 | 학습: 79.6% | 검증: 76.0% | lr: 5.00e-04 | 0.4s ★
  에폭  63/3000 | 손실: 0.4793 | 학습: 80.0% | 검증: 76.0% | lr: 5.00e-04 | 0.4s
  에폭  64/3000 | 손실: 0.4788 | 학습: 79.3% | 검증: 76.3% | lr: 5.00e-04 | 0.4s ★
  에폭  65/3000 | 손실: 0.4813 | 학습: 80.0% | 검증: 76.5% | lr: 5.00e-04 | 0.4s ★
  에폭  66/3000 | 손실: 0.4760 | 학습: 79.7% | 검증: 75.9% | lr: 5.00e-04 | 0.4s
  에폭  67/3000 | 손실: 0.4771 | 학습: 80.2% | 검증: 76.6% | lr: 5.00e-04 | 0.4s ★
  에폭  68/3000 | 손실: 0.4704 | 학습: 80.0% | 검증: 76.6% | lr: 5.00e-04 | 0.4s ★
  에폭  69/3000 | 손실: 0.4744 | 학습: 80.2% | 검증: 76.5% | lr: 5.00e-04 | 0.4s
  에폭  70/3000 | 손실: 0.4711 | 학습: 80.3% | 검증: 76.6% | lr: 5.00e-04 | 0.4s
  에폭  71/3000 | 손실: 0.4721 | 학습: 80.6% | 검증: 76.7% | lr: 5.00e-04 | 0.4s ★
  에폭  72/3000 | 손실: 0.4697 | 학습: 80.5% | 검증: 76.4% | lr: 5.00e-04 | 0.4s
  에폭  73/3000 | 손실: 0.4671 | 학습: 80.3% | 검증: 76.7% | lr: 5.00e-04 | 0.4s
  에폭  74/3000 | 손실: 0.4662 | 학습: 81.2% | 검증: 76.9% | lr: 5.00e-04 | 0.4s ★
  에폭  75/3000 | 손실: 0.4685 | 학습: 80.9% | 검증: 76.9% | lr: 5.00e-04 | 0.4s
  에폭  76/3000 | 손실: 0.4647 | 학습: 80.2% | 검증: 76.7% | lr: 5.00e-04 | 0.4s
  에폭  77/3000 | 손실: 0.4630 | 학습: 80.8% | 검증: 76.8% | lr: 5.00e-04 | 0.4s
  에폭  78/3000 | 손실: 0.4617 | 학습: 80.9% | 검증: 76.6% | lr: 5.00e-04 | 0.4s
  에폭  79/3000 | 손실: 0.4617 | 학습: 81.5% | 검증: 77.0% | lr: 5.00e-04 | 0.4s ★
  에폭  80/3000 | 손실: 0.4591 | 학습: 81.5% | 검증: 77.1% | lr: 5.00e-04 | 0.4s ★
  에폭  81/3000 | 손실: 0.4577 | 학습: 80.7% | 검증: 76.7% | lr: 5.00e-04 | 0.4s
  에폭  82/3000 | 손실: 0.4588 | 학습: 81.1% | 검증: 77.2% | lr: 5.00e-04 | 0.4s ★
  에폭  83/3000 | 손실: 0.4612 | 학습: 81.3% | 검증: 76.9% | lr: 5.00e-04 | 0.4s
  에폭  84/3000 | 손실: 0.4554 | 학습: 82.3% | 검증: 78.1% | lr: 5.00e-04 | 0.4s ★
  에폭  85/3000 | 손실: 0.4564 | 학습: 81.3% | 검증: 77.6% | lr: 5.00e-04 | 0.4s
  에폭  86/3000 | 손실: 0.4553 | 학습: 81.7% | 검증: 77.6% | lr: 5.00e-04 | 0.4s
  에폭  87/3000 | 손실: 0.4561 | 학습: 81.7% | 검증: 77.7% | lr: 5.00e-04 | 0.4s
  에폭  88/3000 | 손실: 0.4549 | 학습: 81.7% | 검증: 77.8% | lr: 5.00e-04 | 0.4s
  에폭  89/3000 | 손실: 0.4485 | 학습: 82.2% | 검증: 78.0% | lr: 5.00e-04 | 0.4s
  에폭  90/3000 | 손실: 0.4500 | 학습: 82.4% | 검증: 78.3% | lr: 5.00e-04 | 0.4s ★
  에폭  91/3000 | 손실: 0.4533 | 학습: 82.2% | 검증: 78.0% | lr: 5.00e-04 | 0.4s
  에폭  92/3000 | 손실: 0.4500 | 학습: 82.6% | 검증: 77.7% | lr: 5.00e-04 | 0.4s
  에폭  93/3000 | 손실: 0.4478 | 학습: 82.7% | 검증: 78.2% | lr: 5.00e-04 | 0.4s
  에폭  94/3000 | 손실: 0.4477 | 학습: 82.7% | 검증: 78.6% | lr: 5.00e-04 | 0.4s ★
  에폭  95/3000 | 손실: 0.4555 | 학습: 82.0% | 검증: 77.8% | lr: 5.00e-04 | 0.4s
  에폭  96/3000 | 손실: 0.4496 | 학습: 83.0% | 검증: 78.7% | lr: 5.00e-04 | 0.4s ★
  에폭  97/3000 | 손실: 0.4465 | 학습: 82.9% | 검증: 78.6% | lr: 5.00e-04 | 0.4s
  에폭  98/3000 | 손실: 0.4454 | 학습: 83.1% | 검증: 78.6% | lr: 5.00e-04 | 0.4s
  에폭  99/3000 | 손실: 0.4454 | 학습: 82.8% | 검증: 78.3% | lr: 5.00e-04 | 0.4s
  에폭 100/3000 | 손실: 0.4452 | 학습: 82.8% | 검증: 78.5% | lr: 5.00e-04 | 0.4s
  에폭 101/3000 | 손실: 0.4431 | 학습: 82.5% | 검증: 78.3% | lr: 5.00e-04 | 0.4s
  에폭 102/3000 | 손실: 0.4427 | 학습: 83.5% | 검증: 78.9% | lr: 5.00e-04 | 0.4s ★
  에폭 103/3000 | 손실: 0.4443 | 학습: 82.8% | 검증: 78.3% | lr: 5.00e-04 | 0.4s
  에폭 104/3000 | 손실: 0.4425 | 학습: 82.8% | 검증: 79.0% | lr: 5.00e-04 | 0.4s ★
  에폭 105/3000 | 손실: 0.4400 | 학습: 83.2% | 검증: 79.2% | lr: 5.00e-04 | 0.4s ★
  에폭 106/3000 | 손실: 0.4409 | 학습: 83.0% | 검증: 79.0% | lr: 5.00e-04 | 0.4s
  에폭 107/3000 | 손실: 0.4356 | 학습: 83.4% | 검증: 79.1% | lr: 5.00e-04 | 0.4s
  에폭 108/3000 | 손실: 0.4358 | 학습: 82.8% | 검증: 78.4% | lr: 5.00e-04 | 0.4s
  에폭 109/3000 | 손실: 0.4379 | 학습: 83.9% | 검증: 79.4% | lr: 5.00e-04 | 0.4s ★
  에폭 110/3000 | 손실: 0.4358 | 학습: 83.6% | 검증: 78.7% | lr: 5.00e-04 | 0.4s
  에폭 111/3000 | 손실: 0.4322 | 학습: 83.4% | 검증: 79.0% | lr: 5.00e-04 | 0.4s
  에폭 112/3000 | 손실: 0.4386 | 학습: 83.2% | 검증: 79.2% | lr: 5.00e-04 | 0.4s
  에폭 113/3000 | 손실: 0.4384 | 학습: 83.5% | 검증: 79.1% | lr: 5.00e-04 | 0.4s
  에폭 114/3000 | 손실: 0.4362 | 학습: 83.0% | 검증: 78.8% | lr: 5.00e-04 | 0.4s
  에폭 115/3000 | 손실: 0.4318 | 학습: 84.0% | 검증: 79.6% | lr: 5.00e-04 | 0.4s ★
  에폭 116/3000 | 손실: 0.4344 | 학습: 83.8% | 검증: 79.5% | lr: 5.00e-04 | 0.4s
  에폭 117/3000 | 손실: 0.4317 | 학습: 84.1% | 검증: 79.6% | lr: 5.00e-04 | 0.4s ★
  에폭 118/3000 | 손실: 0.4315 | 학습: 84.2% | 검증: 79.4% | lr: 5.00e-04 | 0.4s
  에폭 119/3000 | 손실: 0.4316 | 학습: 83.9% | 검증: 79.6% | lr: 5.00e-04 | 0.4s
  에폭 120/3000 | 손실: 0.4292 | 학습: 84.2% | 검증: 80.0% | lr: 5.00e-04 | 0.4s ★
  에폭 121/3000 | 손실: 0.4359 | 학습: 84.1% | 검증: 80.0% | lr: 5.00e-04 | 0.4s
  에폭 122/3000 | 손실: 0.4318 | 학습: 83.9% | 검증: 79.5% | lr: 5.00e-04 | 0.4s
  에폭 123/3000 | 손실: 0.4319 | 학습: 83.9% | 검증: 79.8% | lr: 5.00e-04 | 0.4s
  에폭 124/3000 | 손실: 0.4273 | 학습: 84.2% | 검증: 79.8% | lr: 5.00e-04 | 0.4s
  에폭 125/3000 | 손실: 0.4254 | 학습: 84.3% | 검증: 79.8% | lr: 5.00e-04 | 0.4s
  에폭 126/3000 | 손실: 0.4255 | 학습: 84.2% | 검증: 79.7% | lr: 5.00e-04 | 0.4s
  에폭 127/3000 | 손실: 0.4262 | 학습: 84.5% | 검증: 80.1% | lr: 5.00e-04 | 0.4s ★
  에폭 128/3000 | 손실: 0.4261 | 학습: 84.2% | 검증: 79.7% | lr: 5.00e-04 | 0.4s
  에폭 129/3000 | 손실: 0.4257 | 학습: 84.5% | 검증: 79.9% | lr: 5.00e-04 | 0.4s
  에폭 130/3000 | 손실: 0.4255 | 학습: 84.5% | 검증: 80.1% | lr: 5.00e-04 | 0.4s
  에폭 131/3000 | 손실: 0.4205 | 학습: 84.8% | 검증: 80.4% | lr: 5.00e-04 | 0.4s ★
  에폭 132/3000 | 손실: 0.4232 | 학습: 83.9% | 검증: 79.2% | lr: 5.00e-04 | 0.4s
  에폭 133/3000 | 손실: 0.4222 | 학습: 85.0% | 검증: 80.3% | lr: 5.00e-04 | 0.4s
  에폭 134/3000 | 손실: 0.4259 | 학습: 84.7% | 검증: 80.1% | lr: 5.00e-04 | 0.4s
  에폭 135/3000 | 손실: 0.4217 | 학습: 85.0% | 검증: 80.3% | lr: 5.00e-04 | 0.4s
  에폭 136/3000 | 손실: 0.4233 | 학습: 84.5% | 검증: 80.1% | lr: 5.00e-04 | 0.4s
  에폭 137/3000 | 손실: 0.4198 | 학습: 85.0% | 검증: 79.8% | lr: 5.00e-04 | 0.4s
  에폭 138/3000 | 손실: 0.4214 | 학습: 85.0% | 검증: 80.2% | lr: 5.00e-04 | 0.4s
  에폭 139/3000 | 손실: 0.4258 | 학습: 84.7% | 검증: 80.1% | lr: 5.00e-04 | 0.4s
  에폭 140/3000 | 손실: 0.4184 | 학습: 84.6% | 검증: 80.0% | lr: 5.00e-04 | 0.4s
  에폭 141/3000 | 손실: 0.4200 | 학습: 85.2% | 검증: 80.6% | lr: 5.00e-04 | 0.4s ★
  에폭 142/3000 | 손실: 0.4197 | 학습: 84.4% | 검증: 80.2% | lr: 5.00e-04 | 0.4s
  에폭 143/3000 | 손실: 0.4180 | 학습: 84.9% | 검증: 80.1% | lr: 5.00e-04 | 0.4s
  에폭 144/3000 | 손실: 0.4220 | 학습: 84.8% | 검증: 80.0% | lr: 5.00e-04 | 0.4s
  에폭 145/3000 | 손실: 0.4200 | 학습: 85.5% | 검증: 80.6% | lr: 5.00e-04 | 0.4s
  에폭 146/3000 | 손실: 0.4147 | 학습: 85.5% | 검증: 80.7% | lr: 5.00e-04 | 0.4s ★
  에폭 147/3000 | 손실: 0.4194 | 학습: 85.5% | 검증: 80.7% | lr: 5.00e-04 | 0.4s
  에폭 148/3000 | 손실: 0.4136 | 학습: 84.7% | 검증: 80.9% | lr: 5.00e-04 | 0.4s ★
  에폭 149/3000 | 손실: 0.4141 | 학습: 85.1% | 검증: 80.9% | lr: 5.00e-04 | 0.4s
  에폭 150/3000 | 손실: 0.4134 | 학습: 84.9% | 검증: 80.3% | lr: 5.00e-04 | 0.4s
  에폭 151/3000 | 손실: 0.4183 | 학습: 85.5% | 검증: 80.6% | lr: 5.00e-04 | 0.4s
  에폭 152/3000 | 손실: 0.4144 | 학습: 85.4% | 검증: 80.6% | lr: 5.00e-04 | 0.4s
  에폭 153/3000 | 손실: 0.4143 | 학습: 85.5% | 검증: 80.6% | lr: 5.00e-04 | 0.4s
  에폭 154/3000 | 손실: 0.4091 | 학습: 85.4% | 검증: 80.3% | lr: 5.00e-04 | 0.4s
  에폭 155/3000 | 손실: 0.4111 | 학습: 85.9% | 검증: 81.1% | lr: 5.00e-04 | 0.4s ★
  에폭 156/3000 | 손실: 0.4119 | 학습: 85.8% | 검증: 80.8% | lr: 5.00e-04 | 0.4s
  에폭 157/3000 | 손실: 0.4132 | 학습: 84.9% | 검증: 80.4% | lr: 5.00e-04 | 0.4s
  에폭 158/3000 | 손실: 0.4156 | 학습: 85.6% | 검증: 81.2% | lr: 5.00e-04 | 0.4s ★
  에폭 159/3000 | 손실: 0.4062 | 학습: 85.5% | 검증: 80.4% | lr: 5.00e-04 | 0.4s
  에폭 160/3000 | 손실: 0.4098 | 학습: 86.0% | 검증: 81.0% | lr: 5.00e-04 | 0.4s
  에폭 161/3000 | 손실: 0.4114 | 학습: 85.3% | 검증: 80.2% | lr: 5.00e-04 | 0.4s
  에폭 162/3000 | 손실: 0.4085 | 학습: 85.6% | 검증: 80.5% | lr: 5.00e-04 | 0.4s
  에폭 163/3000 | 손실: 0.4073 | 학습: 85.9% | 검증: 81.0% | lr: 5.00e-04 | 0.4s
  에폭 164/3000 | 손실: 0.4093 | 학습: 86.2% | 검증: 81.6% | lr: 5.00e-04 | 0.4s ★
  에폭 165/3000 | 손실: 0.4036 | 학습: 85.6% | 검증: 80.9% | lr: 5.00e-04 | 0.4s
  에폭 166/3000 | 손실: 0.4056 | 학습: 86.0% | 검증: 81.0% | lr: 5.00e-04 | 0.4s
  에폭 167/3000 | 손실: 0.4076 | 학습: 86.2% | 검증: 80.9% | lr: 5.00e-04 | 0.4s
  에폭 168/3000 | 손실: 0.4045 | 학습: 86.3% | 검증: 81.1% | lr: 5.00e-04 | 0.4s
  에폭 169/3000 | 손실: 0.4046 | 학습: 86.2% | 검증: 80.8% | lr: 5.00e-04 | 0.4s
  에폭 170/3000 | 손실: 0.4123 | 학습: 86.3% | 검증: 81.5% | lr: 5.00e-04 | 0.4s
  에폭 171/3000 | 손실: 0.4035 | 학습: 85.9% | 검증: 81.0% | lr: 5.00e-04 | 0.4s
  에폭 172/3000 | 손실: 0.4119 | 학습: 86.1% | 검증: 80.9% | lr: 5.00e-04 | 0.4s
  에폭 173/3000 | 손실: 0.4024 | 학습: 86.4% | 검증: 81.1% | lr: 5.00e-04 | 0.4s
  에폭 174/3000 | 손실: 0.4098 | 학습: 86.4% | 검증: 81.1% | lr: 5.00e-04 | 0.4s
  에폭 175/3000 | 손실: 0.4037 | 학습: 86.7% | 검증: 81.5% | lr: 5.00e-04 | 0.4s
  에폭 176/3000 | 손실: 0.4043 | 학습: 86.1% | 검증: 81.0% | lr: 5.00e-04 | 0.4s
  에폭 177/3000 | 손실: 0.4034 | 학습: 86.2% | 검증: 81.3% | lr: 5.00e-04 | 0.4s
  에폭 178/3000 | 손실: 0.4067 | 학습: 86.5% | 검증: 81.0% | lr: 5.00e-04 | 0.4s
  에폭 179/3000 | 손실: 0.4077 | 학습: 86.3% | 검증: 80.8% | lr: 5.00e-04 | 0.4s
  에폭 180/3000 | 손실: 0.4016 | 학습: 86.1% | 검증: 80.9% | lr: 5.00e-04 | 0.4s
  에폭 181/3000 | 손실: 0.4008 | 학습: 86.5% | 검증: 81.3% | lr: 5.00e-04 | 0.4s
  에폭 182/3000 | 손실: 0.4018 | 학습: 86.5% | 검증: 81.3% | lr: 5.00e-04 | 0.4s
  에폭 183/3000 | 손실: 0.3999 | 학습: 86.6% | 검증: 81.1% | lr: 5.00e-04 | 0.4s
  에폭 184/3000 | 손실: 0.3970 | 학습: 86.6% | 검증: 81.4% | lr: 5.00e-04 | 0.4s
  에폭 185/3000 | 손실: 0.4006 | 학습: 86.0% | 검증: 81.1% | lr: 5.00e-04 | 0.4s
  에폭 186/3000 | 손실: 0.3993 | 학습: 86.6% | 검증: 81.5% | lr: 5.00e-04 | 0.4s
  에폭 187/3000 | 손실: 0.4024 | 학습: 87.0% | 검증: 82.2% | lr: 5.00e-04 | 0.4s ★
  에폭 188/3000 | 손실: 0.4017 | 학습: 86.7% | 검증: 81.5% | lr: 5.00e-04 | 0.4s
  에폭 189/3000 | 손실: 0.4025 | 학습: 86.9% | 검증: 81.4% | lr: 5.00e-04 | 0.4s
  에폭 190/3000 | 손실: 0.4012 | 학습: 86.4% | 검증: 81.5% | lr: 5.00e-04 | 0.4s
  에폭 191/3000 | 손실: 0.4016 | 학습: 86.9% | 검증: 82.1% | lr: 5.00e-04 | 0.4s
  에폭 192/3000 | 손실: 0.3996 | 학습: 86.9% | 검증: 81.6% | lr: 5.00e-04 | 0.4s
  에폭 193/3000 | 손실: 0.4023 | 학습: 86.0% | 검증: 81.2% | lr: 5.00e-04 | 0.4s
  에폭 194/3000 | 손실: 0.3948 | 학습: 86.4% | 검증: 81.6% | lr: 5.00e-04 | 0.4s
  에폭 195/3000 | 손실: 0.3967 | 학습: 86.8% | 검증: 81.8% | lr: 5.00e-04 | 0.4s
  에폭 196/3000 | 손실: 0.3913 | 학습: 87.2% | 검증: 81.6% | lr: 5.00e-04 | 0.4s
  에폭 197/3000 | 손실: 0.3943 | 학습: 87.0% | 검증: 81.0% | lr: 5.00e-04 | 0.4s
  에폭 198/3000 | 손실: 0.3949 | 학습: 87.3% | 검증: 82.0% | lr: 5.00e-04 | 0.4s
  에폭 199/3000 | 손실: 0.3935 | 학습: 86.9% | 검증: 81.8% | lr: 5.00e-04 | 0.4s
  에폭 200/3000 | 손실: 0.3933 | 학습: 87.3% | 검증: 81.7% | lr: 5.00e-04 | 0.4s
  에폭 201/3000 | 손실: 0.3892 | 학습: 87.2% | 검증: 81.7% | lr: 5.00e-04 | 0.4s
  에폭 202/3000 | 손실: 0.3940 | 학습: 87.3% | 검증: 82.1% | lr: 5.00e-04 | 0.4s
  에폭 203/3000 | 손실: 0.3871 | 학습: 87.1% | 검증: 81.7% | lr: 5.00e-04 | 0.4s
  에폭 204/3000 | 손실: 0.3965 | 학습: 87.1% | 검증: 81.8% | lr: 5.00e-04 | 0.4s
  에폭 205/3000 | 손실: 0.3925 | 학습: 87.2% | 검증: 81.7% | lr: 5.00e-04 | 0.4s
  에폭 206/3000 | 손실: 0.3904 | 학습: 87.3% | 검증: 81.4% | lr: 5.00e-04 | 0.4s
  에폭 207/3000 | 손실: 0.3903 | 학습: 86.8% | 검증: 81.3% | lr: 5.00e-04 | 0.4s
  에폭 208/3000 | 손실: 0.3942 | 학습: 86.4% | 검증: 81.4% | lr: 5.00e-04 | 0.4s
  에폭 209/3000 | 손실: 0.3911 | 학습: 86.5% | 검증: 81.5% | lr: 5.00e-04 | 0.4s
  에폭 210/3000 | 손실: 0.3960 | 학습: 87.4% | 검증: 82.2% | lr: 5.00e-04 | 0.4s
  에폭 211/3000 | 손실: 0.3922 | 학습: 87.5% | 검증: 81.9% | lr: 5.00e-04 | 0.4s
  에폭 212/3000 | 손실: 0.3940 | 학습: 87.4% | 검증: 82.1% | lr: 5.00e-04 | 0.4s
  에폭 213/3000 | 손실: 0.3879 | 학습: 87.8% | 검증: 82.6% | lr: 5.00e-04 | 0.4s ★
  에폭 214/3000 | 손실: 0.3905 | 학습: 87.6% | 검증: 82.0% | lr: 5.00e-04 | 0.4s
  에폭 215/3000 | 손실: 0.3899 | 학습: 87.1% | 검증: 81.8% | lr: 5.00e-04 | 0.4s
  에폭 216/3000 | 손실: 0.3911 | 학습: 87.0% | 검증: 81.8% | lr: 5.00e-04 | 0.4s
  에폭 217/3000 | 손실: 0.3867 | 학습: 87.5% | 검증: 82.0% | lr: 5.00e-04 | 0.4s
  에폭 218/3000 | 손실: 0.3853 | 학습: 87.7% | 검증: 82.1% | lr: 5.00e-04 | 0.4s
  에폭 219/3000 | 손실: 0.3920 | 학습: 87.5% | 검증: 81.9% | lr: 5.00e-04 | 0.4s
  에폭 220/3000 | 손실: 0.3897 | 학습: 87.6% | 검증: 82.5% | lr: 5.00e-04 | 0.4s
  에폭 221/3000 | 손실: 0.3899 | 학습: 87.9% | 검증: 82.5% | lr: 5.00e-04 | 0.4s
  에폭 222/3000 | 손실: 0.3875 | 학습: 87.2% | 검증: 81.8% | lr: 5.00e-04 | 0.4s
  에폭 223/3000 | 손실: 0.3868 | 학습: 87.8% | 검증: 82.7% | lr: 5.00e-04 | 0.4s ★
  에폭 224/3000 | 손실: 0.3865 | 학습: 87.4% | 검증: 82.3% | lr: 5.00e-04 | 0.4s
  에폭 225/3000 | 손실: 0.3892 | 학습: 87.6% | 검증: 82.0% | lr: 5.00e-04 | 0.4s
  에폭 226/3000 | 손실: 0.3863 | 학습: 87.9% | 검증: 82.3% | lr: 5.00e-04 | 0.4s
  에폭 227/3000 | 손실: 0.3882 | 학습: 87.9% | 검증: 82.1% | lr: 5.00e-04 | 0.4s
  에폭 228/3000 | 손실: 0.3874 | 학습: 87.7% | 검증: 82.2% | lr: 5.00e-04 | 0.4s
  에폭 229/3000 | 손실: 0.3830 | 학습: 88.1% | 검증: 82.4% | lr: 5.00e-04 | 0.4s
  에폭 230/3000 | 손실: 0.3855 | 학습: 87.5% | 검증: 82.2% | lr: 5.00e-04 | 0.4s
  에폭 231/3000 | 손실: 0.3902 | 학습: 87.4% | 검증: 82.3% | lr: 5.00e-04 | 0.4s
  에폭 232/3000 | 손실: 0.3843 | 학습: 87.0% | 검증: 81.5% | lr: 5.00e-04 | 0.4s
  에폭 233/3000 | 손실: 0.3793 | 학습: 87.9% | 검증: 82.5% | lr: 5.00e-04 | 0.4s
  에폭 234/3000 | 손실: 0.3829 | 학습: 87.1% | 검증: 82.1% | lr: 5.00e-04 | 0.4s
  에폭 235/3000 | 손실: 0.3841 | 학습: 87.3% | 검증: 82.3% | lr: 5.00e-04 | 0.4s
  에폭 236/3000 | 손실: 0.3830 | 학습: 88.2% | 검증: 82.6% | lr: 5.00e-04 | 0.4s
  에폭 237/3000 | 손실: 0.3804 | 학습: 88.3% | 검증: 82.9% | lr: 5.00e-04 | 0.4s ★
  에폭 238/3000 | 손실: 0.3772 | 학습: 88.1% | 검증: 82.9% | lr: 5.00e-04 | 0.4s
  에폭 239/3000 | 손실: 0.3845 | 학습: 88.1% | 검증: 83.0% | lr: 5.00e-04 | 0.4s ★
  에폭 240/3000 | 손실: 0.3840 | 학습: 88.2% | 검증: 82.8% | lr: 5.00e-04 | 0.4s
  에폭 241/3000 | 손실: 0.3849 | 학습: 88.0% | 검증: 82.7% | lr: 5.00e-04 | 0.4s
  에폭 242/3000 | 손실: 0.3817 | 학습: 88.0% | 검증: 82.6% | lr: 5.00e-04 | 0.4s
  에폭 243/3000 | 손실: 0.3792 | 학습: 87.7% | 검증: 82.1% | lr: 5.00e-04 | 0.4s
  에폭 244/3000 | 손실: 0.3778 | 학습: 87.6% | 검증: 82.5% | lr: 5.00e-04 | 0.4s
  에폭 245/3000 | 손실: 0.3836 | 학습: 88.3% | 검증: 82.9% | lr: 5.00e-04 | 0.4s
  에폭 246/3000 | 손실: 0.3767 | 학습: 88.2% | 검증: 83.0% | lr: 5.00e-04 | 0.4s
  에폭 247/3000 | 손실: 0.3796 | 학습: 87.8% | 검증: 82.4% | lr: 5.00e-04 | 0.4s
  에폭 248/3000 | 손실: 0.3845 | 학습: 88.2% | 검증: 82.9% | lr: 5.00e-04 | 0.4s
  에폭 249/3000 | 손실: 0.3774 | 학습: 88.3% | 검증: 83.2% | lr: 5.00e-04 | 0.4s ★
  에폭 250/3000 | 손실: 0.3822 | 학습: 88.5% | 검증: 82.9% | lr: 5.00e-04 | 0.4s
  에폭 251/3000 | 손실: 0.3789 | 학습: 87.8% | 검증: 82.7% | lr: 5.00e-04 | 0.4s
  에폭 252/3000 | 손실: 0.3808 | 학습: 88.4% | 검증: 82.5% | lr: 5.00e-04 | 0.4s
  에폭 253/3000 | 손실: 0.3785 | 학습: 88.4% | 검증: 83.0% | lr: 5.00e-04 | 0.4s
  에폭 254/3000 | 손실: 0.3755 | 학습: 88.5% | 검증: 82.7% | lr: 5.00e-04 | 0.4s
  에폭 255/3000 | 손실: 0.3793 | 학습: 88.1% | 검증: 82.9% | lr: 5.00e-04 | 0.4s
  에폭 256/3000 | 손실: 0.3776 | 학습: 88.4% | 검증: 83.5% | lr: 5.00e-04 | 0.4s ★
  에폭 257/3000 | 손실: 0.3763 | 학습: 87.6% | 검증: 82.6% | lr: 5.00e-04 | 0.4s
  에폭 258/3000 | 손실: 0.3771 | 학습: 88.4% | 검증: 83.1% | lr: 5.00e-04 | 0.4s
  에폭 259/3000 | 손실: 0.3746 | 학습: 88.5% | 검증: 82.9% | lr: 5.00e-04 | 0.4s
  에폭 260/3000 | 손실: 0.3786 | 학습: 88.6% | 검증: 83.1% | lr: 5.00e-04 | 0.4s
  에폭 261/3000 | 손실: 0.3809 | 학습: 88.9% | 검증: 83.2% | lr: 5.00e-04 | 0.4s
  에폭 262/3000 | 손실: 0.3741 | 학습: 88.2% | 검증: 83.0% | lr: 5.00e-04 | 0.4s
  에폭 263/3000 | 손실: 0.3753 | 학습: 88.5% | 검증: 82.7% | lr: 5.00e-04 | 0.4s
  에폭 264/3000 | 손실: 0.3775 | 학습: 88.4% | 검증: 82.7% | lr: 5.00e-04 | 0.4s
  에폭 265/3000 | 손실: 0.3701 | 학습: 88.7% | 검증: 83.1% | lr: 5.00e-04 | 0.4s
  에폭 266/3000 | 손실: 0.3780 | 학습: 88.9% | 검증: 82.7% | lr: 5.00e-04 | 0.4s
  에폭 267/3000 | 손실: 0.3797 | 학습: 88.7% | 검증: 83.0% | lr: 5.00e-04 | 0.4s
  에폭 268/3000 | 손실: 0.3731 | 학습: 88.7% | 검증: 83.0% | lr: 5.00e-04 | 0.4s
  에폭 269/3000 | 손실: 0.3708 | 학습: 88.8% | 검증: 83.2% | lr: 5.00e-04 | 0.4s
  에폭 270/3000 | 손실: 0.3780 | 학습: 88.8% | 검증: 82.9% | lr: 5.00e-04 | 0.4s
  에폭 271/3000 | 손실: 0.3722 | 학습: 89.0% | 검증: 83.0% | lr: 5.00e-04 | 0.4s
  에폭 272/3000 | 손실: 0.3714 | 학습: 88.6% | 검증: 83.0% | lr: 5.00e-04 | 0.4s
  에폭 273/3000 | 손실: 0.3773 | 학습: 88.7% | 검증: 82.9% | lr: 5.00e-04 | 0.4s
  에폭 274/3000 | 손실: 0.3745 | 학습: 88.9% | 검증: 83.1% | lr: 5.00e-04 | 0.4s
  에폭 275/3000 | 손실: 0.3774 | 학습: 88.4% | 검증: 82.6% | lr: 5.00e-04 | 0.4s
  에폭 276/3000 | 손실: 0.3746 | 학습: 88.5% | 검증: 83.0% | lr: 5.00e-04 | 0.4s
  에폭 277/3000 | 손실: 0.3662 | 학습: 89.0% | 검증: 82.7% | lr: 5.00e-04 | 0.4s
  에폭 278/3000 | 손실: 0.3722 | 학습: 88.6% | 검증: 83.2% | lr: 5.00e-04 | 0.4s
  에폭 279/3000 | 손실: 0.3706 | 학습: 88.8% | 검증: 83.2% | lr: 5.00e-04 | 0.4s
  에폭 280/3000 | 손실: 0.3702 | 학습: 88.8% | 검증: 83.2% | lr: 5.00e-04 | 0.4s
  에폭 281/3000 | 손실: 0.3711 | 학습: 88.6% | 검증: 83.1% | lr: 5.00e-04 | 0.4s
  에폭 282/3000 | 손실: 0.3706 | 학습: 89.0% | 검증: 83.3% | lr: 5.00e-04 | 0.4s
  에폭 283/3000 | 손실: 0.3666 | 학습: 89.4% | 검증: 83.0% | lr: 5.00e-04 | 0.4s
  에폭 284/3000 | 손실: 0.3682 | 학습: 88.7% | 검증: 83.1% | lr: 5.00e-04 | 0.4s
  에폭 285/3000 | 손실: 0.3724 | 학습: 88.8% | 검증: 83.0% | lr: 5.00e-04 | 0.4s
  에폭 286/3000 | 손실: 0.3739 | 학습: 88.8% | 검증: 83.5% | lr: 5.00e-04 | 0.4s
  에폭 287/3000 | 손실: 0.3660 | 학습: 89.2% | 검증: 83.4% | lr: 5.00e-04 | 0.4s
  에폭 288/3000 | 손실: 0.3705 | 학습: 88.3% | 검증: 83.0% | lr: 5.00e-04 | 0.4s
  에폭 289/3000 | 손실: 0.3711 | 학습: 89.0% | 검증: 83.5% | lr: 5.00e-04 | 0.4s ★
  에폭 290/3000 | 손실: 0.3720 | 학습: 88.6% | 검증: 82.8% | lr: 5.00e-04 | 0.4s
  에폭 291/3000 | 손실: 0.3749 | 학습: 88.9% | 검증: 83.3% | lr: 5.00e-04 | 0.4s
  에폭 292/3000 | 손실: 0.3706 | 학습: 89.0% | 검증: 83.5% | lr: 5.00e-04 | 0.4s
  에폭 293/3000 | 손실: 0.3716 | 학습: 88.6% | 검증: 83.3% | lr: 5.00e-04 | 0.4s
  에폭 294/3000 | 손실: 0.3701 | 학습: 88.9% | 검증: 83.0% | lr: 5.00e-04 | 0.4s
  에폭 295/3000 | 손실: 0.3667 | 학습: 89.1% | 검증: 83.8% | lr: 5.00e-04 | 0.4s ★
  에폭 296/3000 | 손실: 0.3712 | 학습: 88.7% | 검증: 83.1% | lr: 5.00e-04 | 0.4s
  에폭 297/3000 | 손실: 0.3688 | 학습: 89.3% | 검증: 83.6% | lr: 5.00e-04 | 0.4s
  에폭 298/3000 | 손실: 0.3730 | 학습: 89.0% | 검증: 83.6% | lr: 5.00e-04 | 0.4s
  에폭 299/3000 | 손실: 0.3696 | 학습: 89.2% | 검증: 83.3% | lr: 5.00e-04 | 0.4s
  에폭 300/3000 | 손실: 0.3667 | 학습: 89.3% | 검증: 83.0% | lr: 5.00e-04 | 0.4s
  에폭 301/3000 | 손실: 0.3670 | 학습: 89.2% | 검증: 83.4% | lr: 5.00e-04 | 0.4s
  에폭 302/3000 | 손실: 0.3665 | 학습: 89.7% | 검증: 83.5% | lr: 5.00e-04 | 0.4s
  에폭 303/3000 | 손실: 0.3664 | 학습: 89.4% | 검증: 83.5% | lr: 5.00e-04 | 0.4s
  에폭 304/3000 | 손실: 0.3678 | 학습: 89.1% | 검증: 84.1% | lr: 5.00e-04 | 0.4s ★
  에폭 305/3000 | 손실: 0.3647 | 학습: 89.1% | 검증: 83.2% | lr: 5.00e-04 | 0.4s
  에폭 306/3000 | 손실: 0.3624 | 학습: 89.5% | 검증: 83.6% | lr: 5.00e-04 | 0.4s
  에폭 307/3000 | 손실: 0.3681 | 학습: 89.3% | 검증: 83.8% | lr: 5.00e-04 | 0.4s
  에폭 308/3000 | 손실: 0.3635 | 학습: 89.2% | 검증: 83.7% | lr: 5.00e-04 | 0.4s
  에폭 309/3000 | 손실: 0.3659 | 학습: 89.2% | 검증: 83.4% | lr: 5.00e-04 | 0.4s
  에폭 310/3000 | 손실: 0.3634 | 학습: 89.5% | 검증: 83.5% | lr: 5.00e-04 | 0.4s
  에폭 311/3000 | 손실: 0.3664 | 학습: 89.0% | 검증: 83.0% | lr: 5.00e-04 | 0.4s
  에폭 312/3000 | 손실: 0.3668 | 학습: 89.4% | 검증: 83.5% | lr: 5.00e-04 | 0.4s
  에폭 313/3000 | 손실: 0.3637 | 학습: 89.3% | 검증: 83.5% | lr: 5.00e-04 | 0.4s
  에폭 314/3000 | 손실: 0.3686 | 학습: 89.4% | 검증: 83.5% | lr: 5.00e-04 | 0.4s
  에폭 315/3000 | 손실: 0.3654 | 학습: 89.6% | 검증: 83.1% | lr: 5.00e-04 | 0.4s
  에폭 316/3000 | 손실: 0.3644 | 학습: 89.3% | 검증: 83.5% | lr: 5.00e-04 | 0.4s
  에폭 317/3000 | 손실: 0.3595 | 학습: 89.7% | 검증: 83.7% | lr: 5.00e-04 | 0.4s
  에폭 318/3000 | 손실: 0.3636 | 학습: 89.5% | 검증: 83.6% | lr: 5.00e-04 | 0.4s
  에폭 319/3000 | 손실: 0.3674 | 학습: 89.4% | 검증: 83.8% | lr: 5.00e-04 | 0.4s
  에폭 320/3000 | 손실: 0.3662 | 학습: 89.0% | 검증: 83.1% | lr: 5.00e-04 | 0.4s
  에폭 321/3000 | 손실: 0.3561 | 학습: 89.4% | 검증: 83.6% | lr: 5.00e-04 | 0.4s
  에폭 322/3000 | 손실: 0.3606 | 학습: 89.2% | 검증: 84.0% | lr: 5.00e-04 | 0.4s
  에폭 323/3000 | 손실: 0.3658 | 학습: 89.3% | 검증: 83.7% | lr: 5.00e-04 | 0.4s
  에폭 324/3000 | 손실: 0.3616 | 학습: 89.0% | 검증: 83.4% | lr: 5.00e-04 | 0.4s
  에폭 325/3000 | 손실: 0.3621 | 학습: 89.6% | 검증: 83.8% | lr: 5.00e-04 | 0.4s
  에폭 326/3000 | 손실: 0.3644 | 학습: 89.9% | 검증: 84.1% | lr: 5.00e-04 | 0.4s ★
  에폭 327/3000 | 손실: 0.3632 | 학습: 89.6% | 검증: 83.8% | lr: 5.00e-04 | 0.4s
  에폭 328/3000 | 손실: 0.3651 | 학습: 89.9% | 검증: 84.2% | lr: 5.00e-04 | 0.4s ★
  에폭 329/3000 | 손실: 0.3616 | 학습: 89.7% | 검증: 84.1% | lr: 5.00e-04 | 0.4s
  에폭 330/3000 | 손실: 0.3682 | 학습: 89.5% | 검증: 84.1% | lr: 5.00e-04 | 0.4s
  에폭 331/3000 | 손실: 0.3643 | 학습: 89.6% | 검증: 83.8% | lr: 5.00e-04 | 0.4s
  에폭 332/3000 | 손실: 0.3648 | 학습: 89.6% | 검증: 83.9% | lr: 5.00e-04 | 0.4s
  에폭 333/3000 | 손실: 0.3560 | 학습: 89.8% | 검증: 83.7% | lr: 5.00e-04 | 0.4s
  에폭 334/3000 | 손실: 0.3622 | 학습: 89.7% | 검증: 83.9% | lr: 5.00e-04 | 0.4s
  에폭 335/3000 | 손실: 0.3633 | 학습: 89.3% | 검증: 83.5% | lr: 5.00e-04 | 0.4s
  에폭 336/3000 | 손실: 0.3564 | 학습: 89.7% | 검증: 84.0% | lr: 5.00e-04 | 0.4s
  에폭 337/3000 | 손실: 0.3589 | 학습: 89.8% | 검증: 84.1% | lr: 5.00e-04 | 0.4s
  에폭 338/3000 | 손실: 0.3622 | 학습: 89.4% | 검증: 83.7% | lr: 5.00e-04 | 0.4s
  에폭 339/3000 | 손실: 0.3601 | 학습: 88.6% | 검증: 83.6% | lr: 5.00e-04 | 0.4s
  에폭 340/3000 | 손실: 0.3543 | 학습: 90.0% | 검증: 84.1% | lr: 5.00e-04 | 0.4s
  에폭 341/3000 | 손실: 0.3608 | 학습: 89.4% | 검증: 83.7% | lr: 5.00e-04 | 0.4s
  에폭 342/3000 | 손실: 0.3631 | 학습: 89.5% | 검증: 83.8% | lr: 5.00e-04 | 0.4s
  에폭 343/3000 | 손실: 0.3599 | 학습: 89.9% | 검증: 83.9% | lr: 5.00e-04 | 0.4s
  에폭 344/3000 | 손실: 0.3588 | 학습: 89.8% | 검증: 84.1% | lr: 5.00e-04 | 0.4s
  에폭 345/3000 | 손실: 0.3602 | 학습: 89.6% | 검증: 83.9% | lr: 5.00e-04 | 0.4s
  에폭 346/3000 | 손실: 0.3577 | 학습: 89.0% | 검증: 83.5% | lr: 5.00e-04 | 0.4s
  에폭 347/3000 | 손실: 0.3555 | 학습: 90.0% | 검증: 84.3% | lr: 5.00e-04 | 0.4s ★
  에폭 348/3000 | 손실: 0.3581 | 학습: 89.5% | 검증: 84.0% | lr: 5.00e-04 | 0.4s
  에폭 349/3000 | 손실: 0.3514 | 학습: 90.1% | 검증: 84.3% | lr: 5.00e-04 | 0.4s ★
  에폭 350/3000 | 손실: 0.3623 | 학습: 89.6% | 검증: 83.9% | lr: 5.00e-04 | 0.4s
  에폭 351/3000 | 손실: 0.3581 | 학습: 89.7% | 검증: 84.0% | lr: 5.00e-04 | 0.4s
  에폭 352/3000 | 손실: 0.3583 | 학습: 89.7% | 검증: 83.9% | lr: 5.00e-04 | 0.4s
  에폭 353/3000 | 손실: 0.3551 | 학습: 89.9% | 검증: 84.2% | lr: 5.00e-04 | 0.4s
  에폭 354/3000 | 손실: 0.3547 | 학습: 90.1% | 검증: 83.8% | lr: 5.00e-04 | 0.4s
  에폭 355/3000 | 손실: 0.3587 | 학습: 89.8% | 검증: 83.9% | lr: 5.00e-04 | 0.4s
  에폭 356/3000 | 손실: 0.3549 | 학습: 89.7% | 검증: 83.9% | lr: 5.00e-04 | 0.4s
  에폭 357/3000 | 손실: 0.3625 | 학습: 90.2% | 검증: 84.2% | lr: 5.00e-04 | 0.4s
  에폭 358/3000 | 손실: 0.3537 | 학습: 89.7% | 검증: 83.7% | lr: 5.00e-04 | 0.4s
  에폭 359/3000 | 손실: 0.3529 | 학습: 90.2% | 검증: 83.8% | lr: 5.00e-04 | 0.4s
  에폭 360/3000 | 손실: 0.3619 | 학습: 89.6% | 검증: 84.1% | lr: 5.00e-04 | 0.4s
  에폭 361/3000 | 손실: 0.3601 | 학습: 90.2% | 검증: 84.4% | lr: 5.00e-04 | 0.4s ★
  에폭 362/3000 | 손실: 0.3560 | 학습: 89.9% | 검증: 84.0% | lr: 5.00e-04 | 0.4s
  에폭 363/3000 | 손실: 0.3572 | 학습: 89.8% | 검증: 84.2% | lr: 5.00e-04 | 0.4s
  에폭 364/3000 | 손실: 0.3584 | 학습: 89.5% | 검증: 83.6% | lr: 5.00e-04 | 0.4s
  에폭 365/3000 | 손실: 0.3528 | 학습: 90.1% | 검증: 83.8% | lr: 5.00e-04 | 0.4s
  에폭 366/3000 | 손실: 0.3585 | 학습: 89.9% | 검증: 83.8% | lr: 5.00e-04 | 0.4s
  에폭 367/3000 | 손실: 0.3540 | 학습: 90.1% | 검증: 84.0% | lr: 5.00e-04 | 0.4s
  에폭 368/3000 | 손실: 0.3558 | 학습: 89.8% | 검증: 83.8% | lr: 5.00e-04 | 0.4s
  에폭 369/3000 | 손실: 0.3478 | 학습: 90.2% | 검증: 84.4% | lr: 5.00e-04 | 0.4s
  에폭 370/3000 | 손실: 0.3558 | 학습: 89.9% | 검증: 84.0% | lr: 5.00e-04 | 0.4s
  에폭 371/3000 | 손실: 0.3549 | 학습: 89.3% | 검증: 83.9% | lr: 5.00e-04 | 0.4s
  에폭 372/3000 | 손실: 0.3557 | 학습: 90.4% | 검증: 84.1% | lr: 5.00e-04 | 0.4s
  에폭 373/3000 | 손실: 0.3564 | 학습: 90.2% | 검증: 83.9% | lr: 5.00e-04 | 0.4s
  에폭 374/3000 | 손실: 0.3600 | 학습: 90.2% | 검증: 84.2% | lr: 5.00e-04 | 0.4s
  에폭 375/3000 | 손실: 0.3526 | 학습: 90.2% | 검증: 84.1% | lr: 5.00e-04 | 0.4s
  에폭 376/3000 | 손실: 0.3529 | 학습: 89.5% | 검증: 83.9% | lr: 5.00e-04 | 0.4s
  에폭 377/3000 | 손실: 0.3516 | 학습: 90.0% | 검증: 84.8% | lr: 5.00e-04 | 0.4s ★
  에폭 378/3000 | 손실: 0.3569 | 학습: 90.1% | 검증: 84.4% | lr: 5.00e-04 | 0.4s
  에폭 379/3000 | 손실: 0.3583 | 학습: 89.4% | 검증: 84.0% | lr: 5.00e-04 | 0.4s
  에폭 380/3000 | 손실: 0.3537 | 학습: 90.3% | 검증: 84.4% | lr: 5.00e-04 | 0.4s
  에폭 381/3000 | 손실: 0.3514 | 학습: 90.2% | 검증: 84.2% | lr: 5.00e-04 | 0.4s
  에폭 382/3000 | 손실: 0.3537 | 학습: 90.2% | 검증: 84.3% | lr: 5.00e-04 | 0.4s
  에폭 383/3000 | 손실: 0.3579 | 학습: 90.4% | 검증: 84.3% | lr: 5.00e-04 | 0.4s
  에폭 384/3000 | 손실: 0.3545 | 학습: 90.5% | 검증: 84.5% | lr: 5.00e-04 | 0.4s
  에폭 385/3000 | 손실: 0.3500 | 학습: 90.4% | 검증: 84.4% | lr: 5.00e-04 | 0.4s
  에폭 386/3000 | 손실: 0.3524 | 학습: 90.2% | 검증: 84.1% | lr: 5.00e-04 | 0.4s
  에폭 387/3000 | 손실: 0.3542 | 학습: 90.0% | 검증: 84.5% | lr: 5.00e-04 | 0.4s
  에폭 388/3000 | 손실: 0.3545 | 학습: 90.4% | 검증: 84.6% | lr: 5.00e-04 | 0.4s
  에폭 389/3000 | 손실: 0.3532 | 학습: 89.9% | 검증: 84.3% | lr: 5.00e-04 | 0.4s
  에폭 390/3000 | 손실: 0.3580 | 학습: 89.9% | 검증: 84.2% | lr: 5.00e-04 | 0.4s
  에폭 391/3000 | 손실: 0.3535 | 학습: 90.2% | 검증: 84.6% | lr: 5.00e-04 | 0.4s
  에폭 392/3000 | 손실: 0.3454 | 학습: 90.3% | 검증: 84.4% | lr: 5.00e-04 | 0.4s
  에폭 393/3000 | 손실: 0.3511 | 학습: 90.3% | 검증: 84.2% | lr: 5.00e-04 | 0.4s
  에폭 394/3000 | 손실: 0.3566 | 학습: 89.8% | 검증: 83.6% | lr: 5.00e-04 | 0.4s
  에폭 395/3000 | 손실: 0.3537 | 학습: 90.1% | 검증: 84.2% | lr: 5.00e-04 | 0.4s
  에폭 396/3000 | 손실: 0.3528 | 학습: 90.3% | 검증: 84.6% | lr: 5.00e-04 | 0.4s
  에폭 397/3000 | 손실: 0.3491 | 학습: 89.9% | 검증: 84.4% | lr: 5.00e-04 | 0.4s
  에폭 398/3000 | 손실: 0.3541 | 학습: 90.7% | 검증: 84.8% | lr: 5.00e-04 | 0.4s ★
  에폭 399/3000 | 손실: 0.3513 | 학습: 90.8% | 검증: 84.6% | lr: 5.00e-04 | 0.4s
  에폭 400/3000 | 손실: 0.3486 | 학습: 90.6% | 검증: 84.2% | lr: 5.00e-04 | 0.4s
  에폭 401/3000 | 손실: 0.3494 | 학습: 90.7% | 검증: 84.6% | lr: 5.00e-04 | 0.4s
  에폭 402/3000 | 손실: 0.3547 | 학습: 90.4% | 검증: 84.0% | lr: 5.00e-04 | 0.4s
  에폭 403/3000 | 손실: 0.3511 | 학습: 90.1% | 검증: 84.4% | lr: 5.00e-04 | 0.4s
  에폭 404/3000 | 손실: 0.3530 | 학습: 90.5% | 검증: 84.7% | lr: 5.00e-04 | 0.4s
  에폭 405/3000 | 손실: 0.3539 | 학습: 90.4% | 검증: 84.5% | lr: 5.00e-04 | 0.4s
  에폭 406/3000 | 손실: 0.3482 | 학습: 90.4% | 검증: 84.2% | lr: 5.00e-04 | 0.4s
  에폭 407/3000 | 손실: 0.3503 | 학습: 90.6% | 검증: 84.7% | lr: 5.00e-04 | 0.4s
  에폭 408/3000 | 손실: 0.3511 | 학습: 90.2% | 검증: 83.9% | lr: 5.00e-04 | 0.4s
  에폭 409/3000 | 손실: 0.3460 | 학습: 90.2% | 검증: 84.2% | lr: 5.00e-04 | 0.4s
  에폭 410/3000 | 손실: 0.3498 | 학습: 90.5% | 검증: 84.5% | lr: 5.00e-04 | 0.4s
  에폭 411/3000 | 손실: 0.3478 | 학습: 90.5% | 검증: 84.5% | lr: 5.00e-04 | 0.4s
  에폭 412/3000 | 손실: 0.3519 | 학습: 90.6% | 검증: 84.3% | lr: 5.00e-04 | 0.4s
  에폭 413/3000 | 손실: 0.3445 | 학습: 90.8% | 검증: 84.4% | lr: 5.00e-04 | 0.4s
  에폭 414/3000 | 손실: 0.3509 | 학습: 90.5% | 검증: 84.6% | lr: 5.00e-04 | 0.4s
  에폭 415/3000 | 손실: 0.3469 | 학습: 90.8% | 검증: 85.0% | lr: 5.00e-04 | 0.4s ★
  에폭 416/3000 | 손실: 0.3492 | 학습: 90.7% | 검증: 84.4% | lr: 5.00e-04 | 0.4s
  에폭 417/3000 | 손실: 0.3469 | 학습: 90.2% | 검증: 84.7% | lr: 5.00e-04 | 0.4s
  에폭 418/3000 | 손실: 0.3460 | 학습: 90.7% | 검증: 84.6% | lr: 5.00e-04 | 0.4s
  에폭 419/3000 | 손실: 0.3533 | 학습: 90.3% | 검증: 84.5% | lr: 5.00e-04 | 0.4s
  에폭 420/3000 | 손실: 0.3477 | 학습: 90.5% | 검증: 84.7% | lr: 5.00e-04 | 0.4s
  에폭 421/3000 | 손실: 0.3495 | 학습: 90.7% | 검증: 84.7% | lr: 5.00e-04 | 0.4s
  에폭 422/3000 | 손실: 0.3474 | 학습: 90.6% | 검증: 85.0% | lr: 5.00e-04 | 0.4s ★
  에폭 423/3000 | 손실: 0.3495 | 학습: 90.6% | 검증: 84.9% | lr: 5.00e-04 | 0.4s
  에폭 424/3000 | 손실: 0.3453 | 학습: 90.6% | 검증: 84.7% | lr: 5.00e-04 | 0.4s
  에폭 425/3000 | 손실: 0.3495 | 학습: 90.1% | 검증: 84.1% | lr: 5.00e-04 | 0.4s
  에폭 426/3000 | 손실: 0.3377 | 학습: 90.3% | 검증: 84.6% | lr: 5.00e-04 | 0.4s
  에폭 427/3000 | 손실: 0.3424 | 학습: 90.7% | 검증: 84.5% | lr: 5.00e-04 | 0.4s
  에폭 428/3000 | 손실: 0.3458 | 학습: 90.5% | 검증: 84.5% | lr: 5.00e-04 | 0.4s
  에폭 429/3000 | 손실: 0.3455 | 학습: 90.6% | 검증: 84.5% | lr: 5.00e-04 | 0.4s
  에폭 430/3000 | 손실: 0.3423 | 학습: 90.6% | 검증: 84.5% | lr: 5.00e-04 | 0.4s
  에폭 431/3000 | 손실: 0.3508 | 학습: 91.0% | 검증: 85.1% | lr: 5.00e-04 | 0.4s ★
  에폭 432/3000 | 손실: 0.3472 | 학습: 90.7% | 검증: 84.5% | lr: 5.00e-04 | 0.4s
  에폭 433/3000 | 손실: 0.3441 | 학습: 90.8% | 검증: 84.6% | lr: 5.00e-04 | 0.4s
  에폭 434/3000 | 손실: 0.3478 | 학습: 90.5% | 검증: 84.8% | lr: 5.00e-04 | 0.4s
  에폭 435/3000 | 손실: 0.3414 | 학습: 90.6% | 검증: 84.6% | lr: 5.00e-04 | 0.4s
  에폭 436/3000 | 손실: 0.3460 | 학습: 90.8% | 검증: 84.4% | lr: 5.00e-04 | 0.4s
  에폭 437/3000 | 손실: 0.3465 | 학습: 91.4% | 검증: 85.2% | lr: 5.00e-04 | 0.4s ★
  에폭 438/3000 | 손실: 0.3435 | 학습: 91.3% | 검증: 85.2% | lr: 5.00e-04 | 0.4s
  에폭 439/3000 | 손실: 0.3416 | 학습: 90.8% | 검증: 84.7% | lr: 5.00e-04 | 0.4s
  에폭 440/3000 | 손실: 0.3482 | 학습: 90.8% | 검증: 84.9% | lr: 5.00e-04 | 0.4s
  에폭 441/3000 | 손실: 0.3454 | 학습: 90.8% | 검증: 85.1% | lr: 5.00e-04 | 0.4s
  에폭 442/3000 | 손실: 0.3441 | 학습: 90.9% | 검증: 84.9% | lr: 5.00e-04 | 0.4s
  에폭 443/3000 | 손실: 0.3442 | 학습: 90.6% | 검증: 84.8% | lr: 5.00e-04 | 0.4s
  에폭 444/3000 | 손실: 0.3498 | 학습: 90.6% | 검증: 85.0% | lr: 5.00e-04 | 0.4s
  에폭 445/3000 | 손실: 0.3457 | 학습: 90.7% | 검증: 85.0% | lr: 5.00e-04 | 0.4s
  에폭 446/3000 | 손실: 0.3415 | 학습: 91.1% | 검증: 84.8% | lr: 5.00e-04 | 0.4s
  에폭 447/3000 | 손실: 0.3474 | 학습: 91.2% | 검증: 85.1% | lr: 5.00e-04 | 0.4s
  에폭 448/3000 | 손실: 0.3378 | 학습: 90.7% | 검증: 85.0% | lr: 5.00e-04 | 0.4s
  에폭 449/3000 | 손실: 0.3427 | 학습: 90.9% | 검증: 84.9% | lr: 5.00e-04 | 0.4s
  에폭 450/3000 | 손실: 0.3419 | 학습: 90.9% | 검증: 85.4% | lr: 5.00e-04 | 0.4s ★
  에폭 451/3000 | 손실: 0.3497 | 학습: 91.2% | 검증: 85.2% | lr: 5.00e-04 | 0.4s
  에폭 452/3000 | 손실: 0.3448 | 학습: 91.1% | 검증: 85.3% | lr: 5.00e-04 | 0.4s
  에폭 453/3000 | 손실: 0.3429 | 학습: 91.2% | 검증: 85.0% | lr: 5.00e-04 | 0.4s
  에폭 454/3000 | 손실: 0.3403 | 학습: 91.3% | 검증: 85.0% | lr: 5.00e-04 | 0.4s
  에폭 455/3000 | 손실: 0.3536 | 학습: 91.5% | 검증: 85.1% | lr: 5.00e-04 | 0.4s
  에폭 456/3000 | 손실: 0.3410 | 학습: 90.7% | 검증: 84.6% | lr: 5.00e-04 | 0.4s
  에폭 457/3000 | 손실: 0.3449 | 학습: 91.1% | 검증: 84.9% | lr: 5.00e-04 | 0.4s
  에폭 458/3000 | 손실: 0.3481 | 학습: 90.9% | 검증: 84.2% | lr: 5.00e-04 | 0.4s
  에폭 459/3000 | 손실: 0.3394 | 학습: 91.5% | 검증: 84.9% | lr: 5.00e-04 | 0.4s
  에폭 460/3000 | 손실: 0.3427 | 학습: 90.4% | 검증: 84.7% | lr: 5.00e-04 | 0.4s
  에폭 461/3000 | 손실: 0.3349 | 학습: 91.1% | 검증: 85.0% | lr: 5.00e-04 | 0.4s
  에폭 462/3000 | 손실: 0.3438 | 학습: 91.2% | 검증: 85.1% | lr: 5.00e-04 | 0.4s
  에폭 463/3000 | 손실: 0.3425 | 학습: 91.4% | 검증: 85.2% | lr: 5.00e-04 | 0.4s
  에폭 464/3000 | 손실: 0.3381 | 학습: 91.2% | 검증: 84.5% | lr: 5.00e-04 | 0.4s
  에폭 465/3000 | 손실: 0.3454 | 학습: 91.0% | 검증: 85.4% | lr: 5.00e-04 | 0.4s
  에폭 466/3000 | 손실: 0.3398 | 학습: 90.9% | 검증: 84.9% | lr: 5.00e-04 | 0.4s
  에폭 467/3000 | 손실: 0.3398 | 학습: 90.8% | 검증: 84.8% | lr: 5.00e-04 | 0.4s
  에폭 468/3000 | 손실: 0.3361 | 학습: 91.2% | 검증: 85.1% | lr: 5.00e-04 | 0.4s
  에폭 469/3000 | 손실: 0.3492 | 학습: 91.0% | 검증: 84.8% | lr: 5.00e-04 | 0.4s
  에폭 470/3000 | 손실: 0.3421 | 학습: 91.1% | 검증: 84.8% | lr: 5.00e-04 | 0.4s
  에폭 471/3000 | 손실: 0.3435 | 학습: 90.9% | 검증: 84.9% | lr: 5.00e-04 | 0.4s
  에폭 472/3000 | 손실: 0.3416 | 학습: 91.1% | 검증: 85.1% | lr: 5.00e-04 | 0.4s
  에폭 473/3000 | 손실: 0.3442 | 학습: 90.7% | 검증: 85.2% | lr: 5.00e-04 | 0.4s
  에폭 474/3000 | 손실: 0.3422 | 학습: 91.0% | 검증: 85.0% | lr: 5.00e-04 | 0.4s
  에폭 475/3000 | 손실: 0.3410 | 학습: 91.2% | 검증: 85.2% | lr: 5.00e-04 | 0.4s
  에폭 476/3000 | 손실: 0.3396 | 학습: 91.0% | 검증: 85.1% | lr: 5.00e-04 | 0.4s
  에폭 477/3000 | 손실: 0.3403 | 학습: 91.3% | 검증: 85.2% | lr: 5.00e-04 | 0.4s
  에폭 478/3000 | 손실: 0.3342 | 학습: 91.2% | 검증: 85.5% | lr: 5.00e-04 | 0.4s ★
  에폭 479/3000 | 손실: 0.3421 | 학습: 90.9% | 검증: 84.8% | lr: 5.00e-04 | 0.4s
  에폭 480/3000 | 손실: 0.3452 | 학습: 91.4% | 검증: 85.6% | lr: 5.00e-04 | 0.4s ★
  에폭 481/3000 | 손실: 0.3403 | 학습: 91.1% | 검증: 85.2% | lr: 5.00e-04 | 0.4s
  에폭 482/3000 | 손실: 0.3420 | 학습: 91.2% | 검증: 85.0% | lr: 5.00e-04 | 0.4s
  에폭 483/3000 | 손실: 0.3388 | 학습: 91.1% | 검증: 85.4% | lr: 5.00e-04 | 0.4s
  에폭 484/3000 | 손실: 0.3431 | 학습: 91.0% | 검증: 84.8% | lr: 5.00e-04 | 0.4s
  에폭 485/3000 | 손실: 0.3426 | 학습: 91.0% | 검증: 85.3% | lr: 5.00e-04 | 0.4s
  에폭 486/3000 | 손실: 0.3437 | 학습: 91.2% | 검증: 85.5% | lr: 5.00e-04 | 0.4s
  에폭 487/3000 | 손실: 0.3406 | 학습: 91.4% | 검증: 85.5% | lr: 5.00e-04 | 0.4s
  에폭 488/3000 | 손실: 0.3451 | 학습: 91.0% | 검증: 85.5% | lr: 5.00e-04 | 0.4s
  에폭 489/3000 | 손실: 0.3375 | 학습: 91.3% | 검증: 85.1% | lr: 5.00e-04 | 0.4s
  에폭 490/3000 | 손실: 0.3427 | 학습: 91.0% | 검증: 85.0% | lr: 5.00e-04 | 0.4s
  에폭 491/3000 | 손실: 0.3406 | 학습: 91.4% | 검증: 85.4% | lr: 5.00e-04 | 0.4s
  에폭 492/3000 | 손실: 0.3406 | 학습: 91.2% | 검증: 85.2% | lr: 5.00e-04 | 0.4s
  에폭 493/3000 | 손실: 0.3407 | 학습: 91.4% | 검증: 85.2% | lr: 5.00e-04 | 0.4s
  에폭 494/3000 | 손실: 0.3420 | 학습: 91.0% | 검증: 85.3% | lr: 5.00e-04 | 0.4s
  에폭 495/3000 | 손실: 0.3366 | 학습: 90.6% | 검증: 84.8% | lr: 5.00e-04 | 0.4s
  에폭 496/3000 | 손실: 0.3413 | 학습: 91.4% | 검증: 85.2% | lr: 5.00e-04 | 0.4s
  에폭 497/3000 | 손실: 0.3410 | 학습: 91.1% | 검증: 85.1% | lr: 5.00e-04 | 0.4s
  에폭 498/3000 | 손실: 0.3430 | 학습: 90.9% | 검증: 84.8% | lr: 5.00e-04 | 0.4s
  에폭 499/3000 | 손실: 0.3428 | 학습: 91.2% | 검증: 85.2% | lr: 5.00e-04 | 0.4s
  에폭 500/3000 | 손실: 0.3362 | 학습: 91.8% | 검증: 85.3% | lr: 5.00e-04 | 0.4s
  에폭 501/3000 | 손실: 0.3367 | 학습: 91.0% | 검증: 85.3% | lr: 5.00e-04 | 0.4s
  에폭 502/3000 | 손실: 0.3404 | 학습: 91.4% | 검증: 85.2% | lr: 5.00e-04 | 0.4s
  에폭 503/3000 | 손실: 0.3327 | 학습: 91.3% | 검증: 85.2% | lr: 5.00e-04 | 0.4s
  에폭 504/3000 | 손실: 0.3422 | 학습: 91.1% | 검증: 84.9% | lr: 5.00e-04 | 0.4s
  에폭 505/3000 | 손실: 0.3438 | 학습: 91.2% | 검증: 85.1% | lr: 5.00e-04 | 0.4s
  에폭 506/3000 | 손실: 0.3358 | 학습: 91.1% | 검증: 85.4% | lr: 5.00e-04 | 0.4s
  에폭 507/3000 | 손실: 0.3398 | 학습: 90.9% | 검증: 84.7% | lr: 5.00e-04 | 0.4s
  에폭 508/3000 | 손실: 0.3321 | 학습: 91.6% | 검증: 85.0% | lr: 5.00e-04 | 0.4s
  에폭 509/3000 | 손실: 0.3363 | 학습: 91.1% | 검증: 84.9% | lr: 5.00e-04 | 0.4s
  에폭 510/3000 | 손실: 0.3402 | 학습: 91.2% | 검증: 85.0% | lr: 5.00e-04 | 0.4s
  에폭 511/3000 | 손실: 0.3388 | 학습: 91.2% | 검증: 84.7% | lr: 5.00e-04 | 0.4s
  에폭 512/3000 | 손실: 0.3390 | 학습: 90.8% | 검증: 84.8% | lr: 5.00e-04 | 0.4s
  에폭 513/3000 | 손실: 0.3374 | 학습: 91.8% | 검증: 85.4% | lr: 5.00e-04 | 0.4s
  에폭 514/3000 | 손실: 0.3384 | 학습: 91.5% | 검증: 85.2% | lr: 5.00e-04 | 0.4s
  에폭 515/3000 | 손실: 0.3387 | 학습: 91.2% | 검증: 84.8% | lr: 5.00e-04 | 0.4s
  에폭 516/3000 | 손실: 0.3395 | 학습: 91.4% | 검증: 84.7% | lr: 5.00e-04 | 0.4s
  에폭 517/3000 | 손실: 0.3407 | 학습: 91.1% | 검증: 84.8% | lr: 5.00e-04 | 0.4s
  에폭 518/3000 | 손실: 0.3359 | 학습: 91.4% | 검증: 85.4% | lr: 5.00e-04 | 0.4s
  에폭 519/3000 | 손실: 0.3339 | 학습: 91.5% | 검증: 84.8% | lr: 5.00e-04 | 0.4s
  에폭 520/3000 | 손실: 0.3378 | 학습: 91.0% | 검증: 85.2% | lr: 5.00e-04 | 0.4s
  에폭 521/3000 | 손실: 0.3395 | 학습: 91.3% | 검증: 85.0% | lr: 5.00e-04 | 0.4s
  에폭 522/3000 | 손실: 0.3317 | 학습: 90.9% | 검증: 84.8% | lr: 5.00e-04 | 0.4s
  에폭 523/3000 | 손실: 0.3346 | 학습: 91.2% | 검증: 85.0% | lr: 5.00e-04 | 0.4s
  에폭 524/3000 | 손실: 0.3381 | 학습: 91.6% | 검증: 85.1% | lr: 5.00e-04 | 0.4s
  에폭 525/3000 | 손실: 0.3421 | 학습: 91.1% | 검증: 84.6% | lr: 5.00e-04 | 0.4s
  에폭 526/3000 | 손실: 0.3368 | 학습: 91.5% | 검증: 85.3% | lr: 5.00e-04 | 0.4s
  에폭 527/3000 | 손실: 0.3369 | 학습: 91.3% | 검증: 85.1% | lr: 5.00e-04 | 0.4s
  에폭 528/3000 | 손실: 0.3329 | 학습: 91.6% | 검증: 85.8% | lr: 5.00e-04 | 0.4s ★
  에폭 529/3000 | 손실: 0.3305 | 학습: 91.6% | 검증: 85.0% | lr: 5.00e-04 | 0.4s
  에폭 530/3000 | 손실: 0.3351 | 학습: 91.4% | 검증: 85.1% | lr: 5.00e-04 | 0.4s
  에폭 531/3000 | 손실: 0.3353 | 학습: 91.4% | 검증: 85.4% | lr: 5.00e-04 | 0.4s
  에폭 532/3000 | 손실: 0.3338 | 학습: 91.5% | 검증: 84.6% | lr: 5.00e-04 | 0.4s
  에폭 533/3000 | 손실: 0.3396 | 학습: 91.3% | 검증: 85.2% | lr: 5.00e-04 | 0.4s
  에폭 534/3000 | 손실: 0.3348 | 학습: 91.5% | 검증: 85.3% | lr: 5.00e-04 | 0.4s
  에폭 535/3000 | 손실: 0.3428 | 학습: 91.6% | 검증: 85.6% | lr: 5.00e-04 | 0.4s
  에폭 536/3000 | 손실: 0.3362 | 학습: 91.5% | 검증: 85.4% | lr: 5.00e-04 | 0.4s
  에폭 537/3000 | 손실: 0.3374 | 학습: 91.5% | 검증: 85.3% | lr: 5.00e-04 | 0.4s
  에폭 538/3000 | 손실: 0.3354 | 학습: 91.5% | 검증: 85.3% | lr: 5.00e-04 | 0.4s
  에폭 539/3000 | 손실: 0.3401 | 학습: 91.2% | 검증: 85.1% | lr: 5.00e-04 | 0.4s
  에폭 540/3000 | 손실: 0.3340 | 학습: 91.1% | 검증: 84.9% | lr: 5.00e-04 | 0.4s
  에폭 541/3000 | 손실: 0.3388 | 학습: 91.3% | 검증: 85.3% | lr: 5.00e-04 | 0.4s
  에폭 542/3000 | 손실: 0.3374 | 학습: 91.2% | 검증: 84.8% | lr: 5.00e-04 | 0.4s
  에폭 543/3000 | 손실: 0.3311 | 학습: 91.0% | 검증: 84.8% | lr: 5.00e-04 | 0.4s
  에폭 544/3000 | 손실: 0.3367 | 학습: 91.3% | 검증: 85.6% | lr: 5.00e-04 | 0.4s
  에폭 545/3000 | 손실: 0.3358 | 학습: 91.8% | 검증: 85.2% | lr: 5.00e-04 | 0.4s
  에폭 546/3000 | 손실: 0.3393 | 학습: 91.6% | 검증: 85.5% | lr: 5.00e-04 | 0.4s
  에폭 547/3000 | 손실: 0.3305 | 학습: 91.4% | 검증: 85.2% | lr: 5.00e-04 | 0.4s
  에폭 548/3000 | 손실: 0.3375 | 학습: 91.1% | 검증: 85.2% | lr: 5.00e-04 | 0.4s
  에폭 549/3000 | 손실: 0.3359 | 학습: 91.7% | 검증: 85.2% | lr: 5.00e-04 | 0.4s
  에폭 550/3000 | 손실: 0.3340 | 학습: 91.5% | 검증: 84.9% | lr: 5.00e-04 | 0.4s
  에폭 551/3000 | 손실: 0.3406 | 학습: 91.2% | 검증: 84.8% | lr: 5.00e-04 | 0.4s
  에폭 552/3000 | 손실: 0.3327 | 학습: 91.7% | 검증: 85.3% | lr: 5.00e-04 | 0.4s
  에폭 553/3000 | 손실: 0.3330 | 학습: 91.3% | 검증: 85.0% | lr: 5.00e-04 | 0.4s
  에폭 554/3000 | 손실: 0.3360 | 학습: 91.3% | 검증: 84.8% | lr: 5.00e-04 | 0.4s
  에폭 555/3000 | 손실: 0.3386 | 학습: 91.5% | 검증: 85.5% | lr: 5.00e-04 | 0.4s
  에폭 556/3000 | 손실: 0.3306 | 학습: 91.9% | 검증: 85.4% | lr: 5.00e-04 | 0.4s
  에폭 557/3000 | 손실: 0.3313 | 학습: 91.9% | 검증: 85.1% | lr: 5.00e-04 | 0.4s
  에폭 558/3000 | 손실: 0.3347 | 학습: 92.0% | 검증: 85.5% | lr: 5.00e-04 | 0.4s
  에폭 559/3000 | 손실: 0.3372 | 학습: 91.9% | 검증: 86.0% | lr: 5.00e-04 | 0.4s ★
  에폭 560/3000 | 손실: 0.3314 | 학습: 91.9% | 검증: 85.7% | lr: 5.00e-04 | 0.4s
  에폭 561/3000 | 손실: 0.3340 | 학습: 91.6% | 검증: 85.2% | lr: 5.00e-04 | 0.4s
  에폭 562/3000 | 손실: 0.3316 | 학습: 91.7% | 검증: 85.5% | lr: 5.00e-04 | 0.4s
  에폭 563/3000 | 손실: 0.3327 | 학습: 91.3% | 검증: 84.9% | lr: 5.00e-04 | 0.4s
  에폭 564/3000 | 손실: 0.3290 | 학습: 91.6% | 검증: 85.3% | lr: 5.00e-04 | 0.4s
  에폭 565/3000 | 손실: 0.3318 | 학습: 91.8% | 검증: 85.1% | lr: 5.00e-04 | 0.4s
  에폭 566/3000 | 손실: 0.3324 | 학습: 91.8% | 검증: 85.1% | lr: 5.00e-04 | 0.4s
  에폭 567/3000 | 손실: 0.3381 | 학습: 91.7% | 검증: 85.2% | lr: 5.00e-04 | 0.4s
  에폭 568/3000 | 손실: 0.3332 | 학습: 91.8% | 검증: 85.3% | lr: 5.00e-04 | 0.4s
  에폭 569/3000 | 손실: 0.3291 | 학습: 91.6% | 검증: 85.3% | lr: 5.00e-04 | 0.4s
  에폭 570/3000 | 손실: 0.3339 | 학습: 91.9% | 검증: 85.4% | lr: 5.00e-04 | 0.4s
  에폭 571/3000 | 손실: 0.3320 | 학습: 91.9% | 검증: 85.5% | lr: 5.00e-04 | 0.4s
  에폭 572/3000 | 손실: 0.3313 | 학습: 92.0% | 검증: 85.3% | lr: 5.00e-04 | 0.4s
  에폭 573/3000 | 손실: 0.3286 | 학습: 91.7% | 검증: 84.7% | lr: 5.00e-04 | 0.4s
  에폭 574/3000 | 손실: 0.3301 | 학습: 92.1% | 검증: 85.7% | lr: 5.00e-04 | 0.4s
  에폭 575/3000 | 손실: 0.3349 | 학습: 91.7% | 검증: 85.2% | lr: 5.00e-04 | 0.4s
  에폭 576/3000 | 손실: 0.3319 | 학습: 91.5% | 검증: 85.2% | lr: 5.00e-04 | 0.4s
  에폭 577/3000 | 손실: 0.3372 | 학습: 91.7% | 검증: 85.5% | lr: 5.00e-04 | 0.4s
  에폭 578/3000 | 손실: 0.3322 | 학습: 91.5% | 검증: 85.2% | lr: 5.00e-04 | 0.4s
  에폭 579/3000 | 손실: 0.3293 | 학습: 92.0% | 검증: 85.6% | lr: 5.00e-04 | 0.4s
  에폭 580/3000 | 손실: 0.3342 | 학습: 92.1% | 검증: 85.9% | lr: 5.00e-04 | 0.4s
  에폭 581/3000 | 손실: 0.3312 | 학습: 91.9% | 검증: 85.7% | lr: 5.00e-04 | 0.4s
  에폭 582/3000 | 손실: 0.3336 | 학습: 92.0% | 검증: 86.0% | lr: 5.00e-04 | 0.4s
  에폭 583/3000 | 손실: 0.3311 | 학습: 92.4% | 검증: 85.6% | lr: 5.00e-04 | 0.4s
  에폭 584/3000 | 손실: 0.3364 | 학습: 92.0% | 검증: 85.8% | lr: 5.00e-04 | 0.4s
  에폭 585/3000 | 손실: 0.3273 | 학습: 92.0% | 검증: 85.5% | lr: 5.00e-04 | 0.4s
  에폭 586/3000 | 손실: 0.3301 | 학습: 91.6% | 검증: 85.6% | lr: 5.00e-04 | 0.4s
  에폭 587/3000 | 손실: 0.3339 | 학습: 92.1% | 검증: 85.9% | lr: 5.00e-04 | 0.4s
  에폭 588/3000 | 손실: 0.3335 | 학습: 91.8% | 검증: 85.3% | lr: 5.00e-04 | 0.4s
  에폭 589/3000 | 손실: 0.3310 | 학습: 91.7% | 검증: 85.5% | lr: 5.00e-04 | 0.4s
  에폭 590/3000 | 손실: 0.3329 | 학습: 92.1% | 검증: 85.5% | lr: 5.00e-04 | 0.4s
  에폭 591/3000 | 손실: 0.3316 | 학습: 92.0% | 검증: 85.6% | lr: 5.00e-04 | 0.4s
  에폭 592/3000 | 손실: 0.3302 | 학습: 92.1% | 검증: 85.2% | lr: 5.00e-04 | 0.4s
  에폭 593/3000 | 손실: 0.3263 | 학습: 91.5% | 검증: 84.7% | lr: 5.00e-04 | 0.4s
  에폭 594/3000 | 손실: 0.3248 | 학습: 92.0% | 검증: 85.6% | lr: 5.00e-04 | 0.4s
  에폭 595/3000 | 손실: 0.3278 | 학습: 92.1% | 검증: 85.2% | lr: 5.00e-04 | 0.4s
  에폭 596/3000 | 손실: 0.3335 | 학습: 91.7% | 검증: 84.9% | lr: 5.00e-04 | 0.4s
  에폭 597/3000 | 손실: 0.3269 | 학습: 92.1% | 검증: 85.5% | lr: 5.00e-04 | 0.4s
  에폭 598/3000 | 손실: 0.3311 | 학습: 92.3% | 검증: 85.7% | lr: 5.00e-04 | 0.4s
  에폭 599/3000 | 손실: 0.3341 | 학습: 92.1% | 검증: 85.2% | lr: 5.00e-04 | 0.4s
  에폭 600/3000 | 손실: 0.3247 | 학습: 91.8% | 검증: 85.4% | lr: 5.00e-04 | 0.4s
  에폭 601/3000 | 손실: 0.3323 | 학습: 91.5% | 검증: 84.9% | lr: 5.00e-04 | 0.4s
  에폭 602/3000 | 손실: 0.3282 | 학습: 91.8% | 검증: 85.5% | lr: 5.00e-04 | 0.4s
  에폭 603/3000 | 손실: 0.3257 | 학습: 91.5% | 검증: 85.1% | lr: 5.00e-04 | 0.4s
  에폭 604/3000 | 손실: 0.3325 | 학습: 91.7% | 검증: 85.4% | lr: 5.00e-04 | 0.4s
  에폭 605/3000 | 손실: 0.3376 | 학습: 91.5% | 검증: 85.3% | lr: 5.00e-04 | 0.4s
  에폭 606/3000 | 손실: 0.3307 | 학습: 91.8% | 검증: 85.2% | lr: 5.00e-04 | 0.4s
  에폭 607/3000 | 손실: 0.3237 | 학습: 91.9% | 검증: 85.5% | lr: 5.00e-04 | 0.4s
  에폭 608/3000 | 손실: 0.3279 | 학습: 92.1% | 검증: 85.7% | lr: 5.00e-04 | 0.4s
  에폭 609/3000 | 손실: 0.3331 | 학습: 91.8% | 검증: 85.2% | lr: 5.00e-04 | 0.4s
  에폭 610/3000 | 손실: 0.3321 | 학습: 91.8% | 검증: 85.2% | lr: 5.00e-04 | 0.4s
  에폭 611/3000 | 손실: 0.3330 | 학습: 92.1% | 검증: 85.6% | lr: 5.00e-04 | 0.4s
  에폭 612/3000 | 손실: 0.3285 | 학습: 91.9% | 검증: 85.6% | lr: 5.00e-04 | 0.4s
  에폭 613/3000 | 손실: 0.3358 | 학습: 92.0% | 검증: 85.7% | lr: 5.00e-04 | 0.4s
  에폭 614/3000 | 손실: 0.3248 | 학습: 91.9% | 검증: 85.5% | lr: 5.00e-04 | 0.4s
  에폭 615/3000 | 손실: 0.3318 | 학습: 92.2% | 검증: 85.9% | lr: 5.00e-04 | 0.4s
  에폭 616/3000 | 손실: 0.3266 | 학습: 92.0% | 검증: 85.4% | lr: 5.00e-04 | 0.4s
  에폭 617/3000 | 손실: 0.3322 | 학습: 92.1% | 검증: 85.5% | lr: 5.00e-04 | 0.4s
  에폭 618/3000 | 손실: 0.3278 | 학습: 92.0% | 검증: 85.9% | lr: 5.00e-04 | 0.4s
  에폭 619/3000 | 손실: 0.3269 | 학습: 92.3% | 검증: 85.7% | lr: 5.00e-04 | 0.4s
  에폭 620/3000 | 손실: 0.3241 | 학습: 92.3% | 검증: 86.0% | lr: 5.00e-04 | 0.4s
  에폭 621/3000 | 손실: 0.3256 | 학습: 92.1% | 검증: 85.8% | lr: 5.00e-04 | 0.4s
  에폭 622/3000 | 손실: 0.3303 | 학습: 91.9% | 검증: 86.1% | lr: 5.00e-04 | 0.4s ★
  에폭 623/3000 | 손실: 0.3242 | 학습: 91.8% | 검증: 85.2% | lr: 5.00e-04 | 0.4s
  에폭 624/3000 | 손실: 0.3220 | 학습: 91.8% | 검증: 85.8% | lr: 5.00e-04 | 0.4s
  에폭 625/3000 | 손실: 0.3331 | 학습: 92.1% | 검증: 85.3% | lr: 5.00e-04 | 0.4s
  에폭 626/3000 | 손실: 0.3276 | 학습: 91.9% | 검증: 85.8% | lr: 5.00e-04 | 0.4s
  에폭 627/3000 | 손실: 0.3289 | 학습: 92.3% | 검증: 85.9% | lr: 5.00e-04 | 0.4s
  에폭 628/3000 | 손실: 0.3262 | 학습: 92.2% | 검증: 85.8% | lr: 5.00e-04 | 0.4s
  에폭 629/3000 | 손실: 0.3241 | 학습: 92.0% | 검증: 85.6% | lr: 5.00e-04 | 0.4s
  에폭 630/3000 | 손실: 0.3286 | 학습: 92.2% | 검증: 85.8% | lr: 5.00e-04 | 0.4s
  에폭 631/3000 | 손실: 0.3289 | 학습: 91.9% | 검증: 85.9% | lr: 5.00e-04 | 0.4s
  에폭 632/3000 | 손실: 0.3263 | 학습: 92.4% | 검증: 86.1% | lr: 5.00e-04 | 0.4s
  에폭 633/3000 | 손실: 0.3322 | 학습: 92.2% | 검증: 85.7% | lr: 5.00e-04 | 0.4s
  에폭 634/3000 | 손실: 0.3223 | 학습: 92.1% | 검증: 85.6% | lr: 5.00e-04 | 0.4s
  에폭 635/3000 | 손실: 0.3255 | 학습: 92.1% | 검증: 86.0% | lr: 5.00e-04 | 0.4s
  에폭 636/3000 | 손실: 0.3271 | 학습: 92.3% | 검증: 86.1% | lr: 5.00e-04 | 0.4s
  에폭 637/3000 | 손실: 0.3262 | 학습: 92.1% | 검증: 85.7% | lr: 5.00e-04 | 0.4s
  에폭 638/3000 | 손실: 0.3298 | 학습: 92.0% | 검증: 85.2% | lr: 5.00e-04 | 0.4s
  에폭 639/3000 | 손실: 0.3287 | 학습: 92.0% | 검증: 85.6% | lr: 5.00e-04 | 0.4s
  에폭 640/3000 | 손실: 0.3279 | 학습: 92.4% | 검증: 86.1% | lr: 5.00e-04 | 0.4s
  에폭 641/3000 | 손실: 0.3227 | 학습: 92.1% | 검증: 85.8% | lr: 5.00e-04 | 0.4s
  에폭 642/3000 | 손실: 0.3249 | 학습: 92.2% | 검증: 85.5% | lr: 5.00e-04 | 0.4s
  에폭 643/3000 | 손실: 0.3259 | 학습: 92.3% | 검증: 85.9% | lr: 5.00e-04 | 0.4s
  에폭 644/3000 | 손실: 0.3307 | 학습: 92.4% | 검증: 86.0% | lr: 5.00e-04 | 0.4s
  에폭 645/3000 | 손실: 0.3257 | 학습: 92.5% | 검증: 86.0% | lr: 5.00e-04 | 0.4s
  에폭 646/3000 | 손실: 0.3297 | 학습: 92.4% | 검증: 85.8% | lr: 5.00e-04 | 0.4s
  에폭 647/3000 | 손실: 0.3259 | 학습: 92.5% | 검증: 85.8% | lr: 5.00e-04 | 0.4s
  에폭 648/3000 | 손실: 0.3260 | 학습: 92.5% | 검증: 85.5% | lr: 5.00e-04 | 0.4s
  에폭 649/3000 | 손실: 0.3259 | 학습: 91.9% | 검증: 85.4% | lr: 5.00e-04 | 0.4s
  에폭 650/3000 | 손실: 0.3276 | 학습: 92.2% | 검증: 85.7% | lr: 5.00e-04 | 0.4s
  에폭 651/3000 | 손실: 0.3257 | 학습: 92.5% | 검증: 85.7% | lr: 5.00e-04 | 0.4s
  에폭 652/3000 | 손실: 0.3252 | 학습: 92.0% | 검증: 85.5% | lr: 5.00e-04 | 0.4s
  에폭 653/3000 | 손실: 0.3191 | 학습: 92.3% | 검증: 85.6% | lr: 5.00e-04 | 0.4s
  에폭 654/3000 | 손실: 0.3300 | 학습: 92.2% | 검증: 85.6% | lr: 5.00e-04 | 0.4s
  에폭 655/3000 | 손실: 0.3206 | 학습: 92.0% | 검증: 85.5% | lr: 5.00e-04 | 0.4s
  에폭 656/3000 | 손실: 0.3232 | 학습: 92.1% | 검증: 85.3% | lr: 5.00e-04 | 0.4s
  에폭 657/3000 | 손실: 0.3273 | 학습: 92.1% | 검증: 85.5% | lr: 5.00e-04 | 0.4s
  에폭 658/3000 | 손실: 0.3289 | 학습: 91.8% | 검증: 85.5% | lr: 5.00e-04 | 0.4s
  에폭 659/3000 | 손실: 0.3286 | 학습: 92.5% | 검증: 86.0% | lr: 5.00e-04 | 0.4s
  에폭 660/3000 | 손실: 0.3221 | 학습: 92.4% | 검증: 85.8% | lr: 5.00e-04 | 0.4s
  에폭 661/3000 | 손실: 0.3225 | 학습: 92.0% | 검증: 85.7% | lr: 5.00e-04 | 0.4s
  에폭 662/3000 | 손실: 0.3236 | 학습: 92.1% | 검증: 85.9% | lr: 5.00e-04 | 0.4s
  에폭 663/3000 | 손실: 0.3283 | 학습: 91.9% | 검증: 85.7% | lr: 5.00e-04 | 0.4s
  에폭 664/3000 | 손실: 0.3233 | 학습: 92.1% | 검증: 85.5% | lr: 5.00e-04 | 0.4s
  에폭 665/3000 | 손실: 0.3263 | 학습: 91.5% | 검증: 85.1% | lr: 5.00e-04 | 0.4s
  에폭 666/3000 | 손실: 0.3228 | 학습: 92.6% | 검증: 85.8% | lr: 5.00e-04 | 0.4s
  에폭 667/3000 | 손실: 0.3242 | 학습: 92.3% | 검증: 85.4% | lr: 5.00e-04 | 0.4s
  에폭 668/3000 | 손실: 0.3221 | 학습: 92.3% | 검증: 85.7% | lr: 5.00e-04 | 0.4s
  에폭 669/3000 | 손실: 0.3237 | 학습: 92.1% | 검증: 85.5% | lr: 5.00e-04 | 0.4s
  에폭 670/3000 | 손실: 0.3213 | 학습: 92.0% | 검증: 85.8% | lr: 5.00e-04 | 0.4s
  에폭 671/3000 | 손실: 0.3237 | 학습: 92.0% | 검증: 85.5% | lr: 5.00e-04 | 0.4s
  에폭 672/3000 | 손실: 0.3253 | 학습: 92.5% | 검증: 86.1% | lr: 5.00e-04 | 0.4s
  에폭 673/3000 | 손실: 0.3242 | 학습: 92.2% | 검증: 85.9% | lr: 5.00e-04 | 0.4s
  에폭 674/3000 | 손실: 0.3260 | 학습: 92.2% | 검증: 85.3% | lr: 5.00e-04 | 0.4s
  에폭 675/3000 | 손실: 0.3286 | 학습: 92.2% | 검증: 85.7% | lr: 5.00e-04 | 0.4s
  에폭 676/3000 | 손실: 0.3270 | 학습: 92.4% | 검증: 85.7% | lr: 5.00e-04 | 0.4s
  에폭 677/3000 | 손실: 0.3233 | 학습: 92.2% | 검증: 85.6% | lr: 5.00e-04 | 0.4s
  에폭 678/3000 | 손실: 0.3186 | 학습: 92.2% | 검증: 85.7% | lr: 5.00e-04 | 0.4s
  에폭 679/3000 | 손실: 0.3273 | 학습: 91.8% | 검증: 85.3% | lr: 5.00e-04 | 0.4s
  에폭 680/3000 | 손실: 0.3240 | 학습: 92.3% | 검증: 85.8% | lr: 5.00e-04 | 0.4s
  에폭 681/3000 | 손실: 0.3184 | 학습: 92.6% | 검증: 86.2% | lr: 5.00e-04 | 0.4s ★
  에폭 682/3000 | 손실: 0.3291 | 학습: 92.0% | 검증: 85.6% | lr: 5.00e-04 | 0.4s
  에폭 683/3000 | 손실: 0.3258 | 학습: 92.0% | 검증: 85.0% | lr: 5.00e-04 | 0.4s
  에폭 684/3000 | 손실: 0.3220 | 학습: 91.9% | 검증: 85.5% | lr: 5.00e-04 | 0.4s
  에폭 685/3000 | 손실: 0.3256 | 학습: 92.2% | 검증: 85.7% | lr: 5.00e-04 | 0.4s
  에폭 686/3000 | 손실: 0.3265 | 학습: 92.2% | 검증: 86.2% | lr: 5.00e-04 | 0.4s
  에폭 687/3000 | 손실: 0.3272 | 학습: 92.4% | 검증: 86.0% | lr: 5.00e-04 | 0.4s
  에폭 688/3000 | 손실: 0.3254 | 학습: 92.3% | 검증: 85.9% | lr: 5.00e-04 | 0.4s
  에폭 689/3000 | 손실: 0.3231 | 학습: 92.0% | 검증: 86.0% | lr: 5.00e-04 | 0.4s
  에폭 690/3000 | 손실: 0.3284 | 학습: 92.4% | 검증: 85.6% | lr: 5.00e-04 | 0.4s
  에폭 691/3000 | 손실: 0.3261 | 학습: 92.3% | 검증: 86.3% | lr: 5.00e-04 | 0.4s ★
  에폭 692/3000 | 손실: 0.3236 | 학습: 92.6% | 검증: 86.2% | lr: 5.00e-04 | 0.4s
  에폭 693/3000 | 손실: 0.3261 | 학습: 92.6% | 검증: 85.5% | lr: 5.00e-04 | 0.4s
  에폭 694/3000 | 손실: 0.3254 | 학습: 92.2% | 검증: 85.7% | lr: 5.00e-04 | 0.4s
  에폭 695/3000 | 손실: 0.3197 | 학습: 92.4% | 검증: 86.1% | lr: 5.00e-04 | 0.4s
  에폭 696/3000 | 손실: 0.3271 | 학습: 92.2% | 검증: 85.7% | lr: 5.00e-04 | 0.4s
  에폭 697/3000 | 손실: 0.3234 | 학습: 92.4% | 검증: 86.2% | lr: 5.00e-04 | 0.4s
  에폭 698/3000 | 손실: 0.3242 | 학습: 92.5% | 검증: 85.9% | lr: 5.00e-04 | 0.4s
  에폭 699/3000 | 손실: 0.3198 | 학습: 92.7% | 검증: 86.1% | lr: 5.00e-04 | 0.4s
  에폭 700/3000 | 손실: 0.3211 | 학습: 92.7% | 검증: 86.0% | lr: 5.00e-04 | 0.4s
  에폭 701/3000 | 손실: 0.3198 | 학습: 92.8% | 검증: 86.2% | lr: 5.00e-04 | 0.4s
  에폭 702/3000 | 손실: 0.3219 | 학습: 92.2% | 검증: 85.7% | lr: 5.00e-04 | 0.4s
  에폭 703/3000 | 손실: 0.3266 | 학습: 92.6% | 검증: 86.2% | lr: 5.00e-04 | 0.4s
  에폭 704/3000 | 손실: 0.3209 | 학습: 92.6% | 검증: 86.3% | lr: 5.00e-04 | 0.4s
  에폭 705/3000 | 손실: 0.3206 | 학습: 92.2% | 검증: 85.9% | lr: 5.00e-04 | 0.4s
  에폭 706/3000 | 손실: 0.3238 | 학습: 92.2% | 검증: 85.8% | lr: 5.00e-04 | 0.4s
  에폭 707/3000 | 손실: 0.3216 | 학습: 92.3% | 검증: 85.9% | lr: 5.00e-04 | 0.4s
  에폭 708/3000 | 손실: 0.3250 | 학습: 92.0% | 검증: 85.6% | lr: 5.00e-04 | 0.4s
  에폭 709/3000 | 손실: 0.3220 | 학습: 92.6% | 검증: 86.2% | lr: 5.00e-04 | 0.4s
  에폭 710/3000 | 손실: 0.3228 | 학습: 92.7% | 검증: 86.1% | lr: 5.00e-04 | 0.4s
  에폭 711/3000 | 손실: 0.3213 | 학습: 92.4% | 검증: 85.9% | lr: 5.00e-04 | 0.4s
  에폭 712/3000 | 손실: 0.3252 | 학습: 92.4% | 검증: 85.8% | lr: 5.00e-04 | 0.4s
  에폭 713/3000 | 손실: 0.3267 | 학습: 92.7% | 검증: 86.1% | lr: 5.00e-04 | 0.4s
  에폭 714/3000 | 손실: 0.3213 | 학습: 92.4% | 검증: 86.1% | lr: 5.00e-04 | 0.4s
  에폭 715/3000 | 손실: 0.3226 | 학습: 92.3% | 검증: 85.8% | lr: 5.00e-04 | 0.4s
  에폭 716/3000 | 손실: 0.3218 | 학습: 92.9% | 검증: 86.1% | lr: 5.00e-04 | 0.4s
  에폭 717/3000 | 손실: 0.3222 | 학습: 92.8% | 검증: 86.3% | lr: 5.00e-04 | 0.4s
  에폭 718/3000 | 손실: 0.3225 | 학습: 92.6% | 검증: 86.0% | lr: 5.00e-04 | 0.4s
  에폭 719/3000 | 손실: 0.3143 | 학습: 92.3% | 검증: 86.0% | lr: 5.00e-04 | 0.4s
  에폭 720/3000 | 손실: 0.3187 | 학습: 92.8% | 검증: 86.2% | lr: 5.00e-04 | 0.4s
  에폭 721/3000 | 손실: 0.3190 | 학습: 92.7% | 검증: 86.5% | lr: 5.00e-04 | 0.4s ★
  에폭 722/3000 | 손실: 0.3178 | 학습: 92.6% | 검증: 86.3% | lr: 5.00e-04 | 0.4s
  에폭 723/3000 | 손실: 0.3237 | 학습: 92.8% | 검증: 86.3% | lr: 5.00e-04 | 0.4s
  에폭 724/3000 | 손실: 0.3214 | 학습: 92.8% | 검증: 86.3% | lr: 5.00e-04 | 0.4s
  에폭 725/3000 | 손실: 0.3158 | 학습: 92.8% | 검증: 86.3% | lr: 5.00e-04 | 0.4s
  에폭 726/3000 | 손실: 0.3174 | 학습: 92.7% | 검증: 86.0% | lr: 5.00e-04 | 0.4s
  에폭 727/3000 | 손실: 0.3250 | 학습: 92.4% | 검증: 85.9% | lr: 5.00e-04 | 0.4s
  에폭 728/3000 | 손실: 0.3205 | 학습: 92.4% | 검증: 85.8% | lr: 5.00e-04 | 0.4s
  에폭 729/3000 | 손실: 0.3163 | 학습: 92.7% | 검증: 86.1% | lr: 5.00e-04 | 0.4s
  에폭 730/3000 | 손실: 0.3152 | 학습: 92.2% | 검증: 86.0% | lr: 5.00e-04 | 0.4s
  에폭 731/3000 | 손실: 0.3174 | 학습: 92.7% | 검증: 86.0% | lr: 5.00e-04 | 0.4s
  에폭 732/3000 | 손실: 0.3148 | 학습: 92.7% | 검증: 86.1% | lr: 5.00e-04 | 0.4s
  에폭 733/3000 | 손실: 0.3194 | 학습: 92.9% | 검증: 86.4% | lr: 5.00e-04 | 0.4s
  에폭 734/3000 | 손실: 0.3232 | 학습: 92.2% | 검증: 85.9% | lr: 5.00e-04 | 0.4s
  에폭 735/3000 | 손실: 0.3215 | 학습: 92.7% | 검증: 86.4% | lr: 5.00e-04 | 0.4s
  에폭 736/3000 | 손실: 0.3161 | 학습: 92.4% | 검증: 86.4% | lr: 5.00e-04 | 0.4s
  에폭 737/3000 | 손실: 0.3215 | 학습: 92.6% | 검증: 86.1% | lr: 5.00e-04 | 0.4s
  에폭 738/3000 | 손실: 0.3166 | 학습: 92.8% | 검증: 86.3% | lr: 5.00e-04 | 0.4s
  에폭 739/3000 | 손실: 0.3193 | 학습: 92.7% | 검증: 86.3% | lr: 5.00e-04 | 0.4s
  에폭 740/3000 | 손실: 0.3153 | 학습: 92.9% | 검증: 86.2% | lr: 5.00e-04 | 0.4s
  에폭 741/3000 | 손실: 0.3230 | 학습: 92.4% | 검증: 86.2% | lr: 5.00e-04 | 0.4s
  에폭 742/3000 | 손실: 0.3203 | 학습: 92.6% | 검증: 86.0% | lr: 5.00e-04 | 0.4s
  에폭 743/3000 | 손실: 0.3244 | 학습: 92.5% | 검증: 86.2% | lr: 5.00e-04 | 0.4s
  에폭 744/3000 | 손실: 0.3289 | 학습: 92.6% | 검증: 86.2% | lr: 5.00e-04 | 0.4s
  에폭 745/3000 | 손실: 0.3253 | 학습: 92.6% | 검증: 86.3% | lr: 5.00e-04 | 0.4s
  에폭 746/3000 | 손실: 0.3174 | 학습: 92.5% | 검증: 86.1% | lr: 5.00e-04 | 0.4s
  에폭 747/3000 | 손실: 0.3136 | 학습: 92.5% | 검증: 85.5% | lr: 5.00e-04 | 0.4s
  에폭 748/3000 | 손실: 0.3201 | 학습: 92.6% | 검증: 86.3% | lr: 5.00e-04 | 0.4s
  에폭 749/3000 | 손실: 0.3197 | 학습: 92.7% | 검증: 86.2% | lr: 5.00e-04 | 0.4s
  에폭 750/3000 | 손실: 0.3123 | 학습: 92.9% | 검증: 86.0% | lr: 5.00e-04 | 0.4s
  에폭 751/3000 | 손실: 0.3231 | 학습: 93.0% | 검증: 86.2% | lr: 5.00e-04 | 0.4s
  에폭 752/3000 | 손실: 0.3129 | 학습: 92.5% | 검증: 85.9% | lr: 5.00e-04 | 0.4s
  에폭 753/3000 | 손실: 0.3219 | 학습: 92.7% | 검증: 86.3% | lr: 5.00e-04 | 0.4s
  에폭 754/3000 | 손실: 0.3225 | 학습: 92.6% | 검증: 86.4% | lr: 5.00e-04 | 0.4s
  에폭 755/3000 | 손실: 0.3189 | 학습: 92.5% | 검증: 86.0% | lr: 5.00e-04 | 0.4s
  에폭 756/3000 | 손실: 0.3165 | 학습: 92.6% | 검증: 86.1% | lr: 5.00e-04 | 0.4s
  에폭 757/3000 | 손실: 0.3206 | 학습: 92.7% | 검증: 86.5% | lr: 5.00e-04 | 0.4s
  에폭 758/3000 | 손실: 0.3207 | 학습: 92.3% | 검증: 85.9% | lr: 5.00e-04 | 0.4s
  에폭 759/3000 | 손실: 0.3186 | 학습: 92.7% | 검증: 85.6% | lr: 5.00e-04 | 0.4s
  에폭 760/3000 | 손실: 0.3246 | 학습: 92.8% | 검증: 86.3% | lr: 5.00e-04 | 0.4s
  에폭 761/3000 | 손실: 0.3183 | 학습: 92.9% | 검증: 85.9% | lr: 5.00e-04 | 0.4s
  에폭 762/3000 | 손실: 0.3205 | 학습: 92.9% | 검증: 86.1% | lr: 5.00e-04 | 0.4s
  에폭 763/3000 | 손실: 0.3167 | 학습: 92.7% | 검증: 86.2% | lr: 5.00e-04 | 0.4s
  에폭 764/3000 | 손실: 0.3131 | 학습: 92.4% | 검증: 85.9% | lr: 5.00e-04 | 0.4s
  에폭 765/3000 | 손실: 0.3152 | 학습: 92.9% | 검증: 86.5% | lr: 5.00e-04 | 0.4s ★
  에폭 766/3000 | 손실: 0.3150 | 학습: 92.8% | 검증: 86.0% | lr: 5.00e-04 | 0.4s
  에폭 767/3000 | 손실: 0.3137 | 학습: 92.9% | 검증: 86.3% | lr: 5.00e-04 | 0.4s
  에폭 768/3000 | 손실: 0.3159 | 학습: 92.3% | 검증: 85.6% | lr: 5.00e-04 | 0.4s
  에폭 769/3000 | 손실: 0.3168 | 학습: 92.3% | 검증: 85.8% | lr: 5.00e-04 | 0.4s
  에폭 770/3000 | 손실: 0.3203 | 학습: 92.6% | 검증: 86.1% | lr: 5.00e-04 | 0.4s
  에폭 771/3000 | 손실: 0.3225 | 학습: 93.0% | 검증: 86.1% | lr: 5.00e-04 | 0.4s
  에폭 772/3000 | 손실: 0.3186 | 학습: 92.8% | 검증: 86.1% | lr: 5.00e-04 | 0.4s
  에폭 773/3000 | 손실: 0.3218 | 학습: 92.7% | 검증: 86.0% | lr: 5.00e-04 | 0.4s
  에폭 774/3000 | 손실: 0.3163 | 학습: 92.5% | 검증: 86.2% | lr: 5.00e-04 | 0.4s
  에폭 775/3000 | 손실: 0.3179 | 학습: 93.2% | 검증: 86.5% | lr: 5.00e-04 | 0.4s
  에폭 776/3000 | 손실: 0.3204 | 학습: 92.1% | 검증: 85.6% | lr: 5.00e-04 | 0.4s
  에폭 777/3000 | 손실: 0.3238 | 학습: 92.4% | 검증: 85.6% | lr: 5.00e-04 | 0.4s
  에폭 778/3000 | 손실: 0.3141 | 학습: 92.6% | 검증: 86.1% | lr: 5.00e-04 | 0.4s
  에폭 779/3000 | 손실: 0.3185 | 학습: 92.2% | 검증: 86.0% | lr: 5.00e-04 | 0.4s
  에폭 780/3000 | 손실: 0.3237 | 학습: 92.7% | 검증: 86.4% | lr: 5.00e-04 | 0.4s
  에폭 781/3000 | 손실: 0.3230 | 학습: 92.9% | 검증: 86.2% | lr: 5.00e-04 | 0.4s
  에폭 782/3000 | 손실: 0.3126 | 학습: 92.8% | 검증: 85.9% | lr: 5.00e-04 | 0.4s
  에폭 783/3000 | 손실: 0.3200 | 학습: 92.7% | 검증: 86.0% | lr: 5.00e-04 | 0.4s
  에폭 784/3000 | 손실: 0.3209 | 학습: 92.6% | 검증: 86.2% | lr: 5.00e-04 | 0.4s
  에폭 785/3000 | 손실: 0.3187 | 학습: 92.7% | 검증: 86.2% | lr: 5.00e-04 | 0.4s
  에폭 786/3000 | 손실: 0.3143 | 학습: 92.8% | 검증: 86.3% | lr: 5.00e-04 | 0.4s
  에폭 787/3000 | 손실: 0.3149 | 학습: 92.6% | 검증: 86.1% | lr: 5.00e-04 | 0.4s
  에폭 788/3000 | 손실: 0.3124 | 학습: 92.6% | 검증: 85.9% | lr: 5.00e-04 | 0.4s
  에폭 789/3000 | 손실: 0.3177 | 학습: 92.6% | 검증: 86.1% | lr: 5.00e-04 | 0.4s
  에폭 790/3000 | 손실: 0.3160 | 학습: 92.6% | 검증: 86.1% | lr: 5.00e-04 | 0.4s
  에폭 791/3000 | 손실: 0.3202 | 학습: 92.6% | 검증: 86.1% | lr: 5.00e-04 | 0.4s
  에폭 792/3000 | 손실: 0.3207 | 학습: 92.3% | 검증: 86.1% | lr: 5.00e-04 | 0.4s
  에폭 793/3000 | 손실: 0.3162 | 학습: 92.6% | 검증: 86.2% | lr: 5.00e-04 | 0.4s
  에폭 794/3000 | 손실: 0.3167 | 학습: 93.1% | 검증: 86.6% | lr: 5.00e-04 | 0.4s ★
  에폭 795/3000 | 손실: 0.3144 | 학습: 92.8% | 검증: 86.3% | lr: 5.00e-04 | 0.4s
  에폭 796/3000 | 손실: 0.3163 | 학습: 92.5% | 검증: 86.2% | lr: 5.00e-04 | 0.4s
  에폭 797/3000 | 손실: 0.3116 | 학습: 92.9% | 검증: 86.3% | lr: 5.00e-04 | 0.4s
  에폭 798/3000 | 손실: 0.3146 | 학습: 93.1% | 검증: 86.5% | lr: 5.00e-04 | 0.4s
  에폭 799/3000 | 손실: 0.3192 | 학습: 92.3% | 검증: 86.2% | lr: 5.00e-04 | 0.4s
  에폭 800/3000 | 손실: 0.3152 | 학습: 92.4% | 검증: 86.6% | lr: 5.00e-04 | 0.4s
  에폭 801/3000 | 손실: 0.3193 | 학습: 92.3% | 검증: 86.5% | lr: 5.00e-04 | 0.4s
  에폭 802/3000 | 손실: 0.3129 | 학습: 92.9% | 검증: 86.7% | lr: 5.00e-04 | 0.4s ★
  에폭 803/3000 | 손실: 0.3142 | 학습: 92.7% | 검증: 86.5% | lr: 5.00e-04 | 0.4s
  에폭 804/3000 | 손실: 0.3103 | 학습: 93.0% | 검증: 86.2% | lr: 5.00e-04 | 0.4s
  에폭 805/3000 | 손실: 0.3184 | 학습: 92.5% | 검증: 86.0% | lr: 5.00e-04 | 0.4s
  에폭 806/3000 | 손실: 0.3211 | 학습: 92.9% | 검증: 86.1% | lr: 5.00e-04 | 0.4s
  에폭 807/3000 | 손실: 0.3146 | 학습: 92.7% | 검증: 86.4% | lr: 5.00e-04 | 0.4s
  에폭 808/3000 | 손실: 0.3123 | 학습: 92.6% | 검증: 86.2% | lr: 5.00e-04 | 0.4s
  에폭 809/3000 | 손실: 0.3152 | 학습: 92.8% | 검증: 86.2% | lr: 5.00e-04 | 0.4s
  에폭 810/3000 | 손실: 0.3137 | 학습: 92.8% | 검증: 86.2% | lr: 5.00e-04 | 0.4s
  에폭 811/3000 | 손실: 0.3139 | 학습: 92.8% | 검증: 86.1% | lr: 5.00e-04 | 0.4s
  에폭 812/3000 | 손실: 0.3171 | 학습: 92.9% | 검증: 87.0% | lr: 5.00e-04 | 0.4s ★
  에폭 813/3000 | 손실: 0.3125 | 학습: 93.0% | 검증: 86.3% | lr: 5.00e-04 | 0.4s
  에폭 814/3000 | 손실: 0.3163 | 학습: 92.6% | 검증: 86.2% | lr: 5.00e-04 | 0.4s
  에폭 815/3000 | 손실: 0.3179 | 학습: 92.8% | 검증: 86.0% | lr: 5.00e-04 | 0.4s
  에폭 816/3000 | 손실: 0.3183 | 학습: 92.8% | 검증: 86.2% | lr: 5.00e-04 | 0.4s
  에폭 817/3000 | 손실: 0.3172 | 학습: 92.8% | 검증: 86.5% | lr: 5.00e-04 | 0.4s
  에폭 818/3000 | 손실: 0.3172 | 학습: 92.7% | 검증: 85.8% | lr: 5.00e-04 | 0.4s
  에폭 819/3000 | 손실: 0.3204 | 학습: 93.0% | 검증: 86.6% | lr: 5.00e-04 | 0.4s
  에폭 820/3000 | 손실: 0.3190 | 학습: 93.1% | 검증: 86.1% | lr: 5.00e-04 | 0.4s
  에폭 821/3000 | 손실: 0.3126 | 학습: 93.0% | 검증: 86.6% | lr: 5.00e-04 | 0.4s
  에폭 822/3000 | 손실: 0.3123 | 학습: 92.9% | 검증: 86.4% | lr: 5.00e-04 | 0.4s
  에폭 823/3000 | 손실: 0.3167 | 학습: 92.6% | 검증: 86.2% | lr: 5.00e-04 | 0.4s
  에폭 824/3000 | 손실: 0.3193 | 학습: 92.7% | 검증: 86.3% | lr: 5.00e-04 | 0.4s
  에폭 825/3000 | 손실: 0.3144 | 학습: 92.8% | 검증: 86.3% | lr: 5.00e-04 | 0.4s
  에폭 826/3000 | 손실: 0.3160 | 학습: 93.0% | 검증: 86.3% | lr: 5.00e-04 | 0.4s
  에폭 827/3000 | 손실: 0.3143 | 학습: 92.8% | 검증: 86.4% | lr: 5.00e-04 | 0.4s
  에폭 828/3000 | 손실: 0.3148 | 학습: 92.9% | 검증: 86.4% | lr: 5.00e-04 | 0.4s
  에폭 829/3000 | 손실: 0.3119 | 학습: 92.9% | 검증: 86.5% | lr: 5.00e-04 | 0.4s
  에폭 830/3000 | 손실: 0.3120 | 학습: 92.6% | 검증: 85.9% | lr: 5.00e-04 | 0.4s
  에폭 831/3000 | 손실: 0.3132 | 학습: 93.0% | 검증: 86.2% | lr: 5.00e-04 | 0.4s
  에폭 832/3000 | 손실: 0.3126 | 학습: 93.0% | 검증: 86.1% | lr: 5.00e-04 | 0.4s
  에폭 833/3000 | 손실: 0.3137 | 학습: 92.9% | 검증: 86.5% | lr: 5.00e-04 | 0.4s
  에폭 834/3000 | 손실: 0.3101 | 학습: 93.0% | 검증: 86.0% | lr: 5.00e-04 | 0.4s
  에폭 835/3000 | 손실: 0.3126 | 학습: 92.8% | 검증: 86.1% | lr: 5.00e-04 | 0.4s
  에폭 836/3000 | 손실: 0.3130 | 학습: 93.0% | 검증: 86.0% | lr: 5.00e-04 | 0.4s
  에폭 837/3000 | 손실: 0.3160 | 학습: 92.5% | 검증: 86.2% | lr: 5.00e-04 | 0.4s
  에폭 838/3000 | 손실: 0.3158 | 학습: 92.9% | 검증: 86.2% | lr: 5.00e-04 | 0.4s
  에폭 839/3000 | 손실: 0.3097 | 학습: 92.9% | 검증: 86.2% | lr: 5.00e-04 | 0.4s
  에폭 840/3000 | 손실: 0.3184 | 학습: 93.0% | 검증: 85.7% | lr: 5.00e-04 | 0.4s
  에폭 841/3000 | 손실: 0.3167 | 학습: 92.5% | 검증: 85.8% | lr: 5.00e-04 | 0.4s
  에폭 842/3000 | 손실: 0.3095 | 학습: 92.8% | 검증: 86.1% | lr: 5.00e-04 | 0.4s
  에폭 843/3000 | 손실: 0.3084 | 학습: 93.0% | 검증: 86.4% | lr: 5.00e-04 | 0.4s
  에폭 844/3000 | 손실: 0.3101 | 학습: 93.0% | 검증: 86.7% | lr: 5.00e-04 | 0.4s
  에폭 845/3000 | 손실: 0.3136 | 학습: 92.9% | 검증: 86.4% | lr: 5.00e-04 | 0.4s
  에폭 846/3000 | 손실: 0.3134 | 학습: 92.9% | 검증: 86.1% | lr: 5.00e-04 | 0.4s
  에폭 847/3000 | 손실: 0.3084 | 학습: 92.9% | 검증: 86.1% | lr: 5.00e-04 | 0.4s
  에폭 848/3000 | 손실: 0.3049 | 학습: 92.6% | 검증: 86.5% | lr: 5.00e-04 | 0.4s
  에폭 849/3000 | 손실: 0.3187 | 학습: 93.1% | 검증: 86.5% | lr: 5.00e-04 | 0.4s
  에폭 850/3000 | 손실: 0.3174 | 학습: 93.0% | 검증: 86.3% | lr: 5.00e-04 | 0.4s
  에폭 851/3000 | 손실: 0.3100 | 학습: 92.6% | 검증: 85.7% | lr: 5.00e-04 | 0.4s
  에폭 852/3000 | 손실: 0.3143 | 학습: 92.4% | 검증: 85.4% | lr: 5.00e-04 | 0.4s
  에폭 853/3000 | 손실: 0.3143 | 학습: 92.7% | 검증: 85.8% | lr: 5.00e-04 | 0.4s
  에폭 854/3000 | 손실: 0.3149 | 학습: 92.8% | 검증: 86.2% | lr: 5.00e-04 | 0.4s
  에폭 855/3000 | 손실: 0.3152 | 학습: 92.6% | 검증: 85.8% | lr: 5.00e-04 | 0.4s
  에폭 856/3000 | 손실: 0.3144 | 학습: 92.9% | 검증: 86.2% | lr: 5.00e-04 | 0.4s
  에폭 857/3000 | 손실: 0.3148 | 학습: 92.4% | 검증: 85.8% | lr: 5.00e-04 | 0.4s
  에폭 858/3000 | 손실: 0.3150 | 학습: 93.0% | 검증: 86.4% | lr: 5.00e-04 | 0.4s
  에폭 859/3000 | 손실: 0.3175 | 학습: 92.9% | 검증: 86.2% | lr: 5.00e-04 | 0.4s
  에폭 860/3000 | 손실: 0.3137 | 학습: 92.8% | 검증: 86.3% | lr: 5.00e-04 | 0.4s
  에폭 861/3000 | 손실: 0.3178 | 학습: 93.1% | 검증: 86.8% | lr: 5.00e-04 | 0.4s
  에폭 862/3000 | 손실: 0.3090 | 학습: 92.6% | 검증: 86.2% | lr: 5.00e-04 | 0.4s
  에폭 863/3000 | 손실: 0.3089 | 학습: 93.1% | 검증: 85.9% | lr: 5.00e-04 | 0.4s
  에폭 864/3000 | 손실: 0.3072 | 학습: 93.3% | 검증: 86.0% | lr: 5.00e-04 | 0.4s
  에폭 865/3000 | 손실: 0.3064 | 학습: 92.6% | 검증: 85.8% | lr: 5.00e-04 | 0.4s
  에폭 866/3000 | 손실: 0.3121 | 학습: 93.0% | 검증: 86.2% | lr: 5.00e-04 | 0.4s
  에폭 867/3000 | 손실: 0.3079 | 학습: 93.1% | 검증: 86.1% | lr: 5.00e-04 | 0.4s
  에폭 868/3000 | 손실: 0.3128 | 학습: 93.2% | 검증: 86.4% | lr: 5.00e-04 | 0.4s
  에폭 869/3000 | 손실: 0.3172 | 학습: 93.4% | 검증: 86.8% | lr: 5.00e-04 | 0.4s
  에폭 870/3000 | 손실: 0.3113 | 학습: 93.1% | 검증: 86.3% | lr: 5.00e-04 | 0.4s
  에폭 871/3000 | 손실: 0.3168 | 학습: 93.2% | 검증: 86.8% | lr: 5.00e-04 | 0.4s
  에폭 872/3000 | 손실: 0.3122 | 학습: 93.1% | 검증: 86.2% | lr: 5.00e-04 | 0.4s
  에폭 873/3000 | 손실: 0.3106 | 학습: 92.9% | 검증: 86.8% | lr: 5.00e-04 | 0.4s
  에폭 874/3000 | 손실: 0.3114 | 학습: 93.0% | 검증: 86.6% | lr: 5.00e-04 | 0.4s
  에폭 875/3000 | 손실: 0.3114 | 학습: 92.9% | 검증: 86.1% | lr: 5.00e-04 | 0.4s
  에폭 876/3000 | 손실: 0.3130 | 학습: 93.1% | 검증: 86.1% | lr: 5.00e-04 | 0.4s
  에폭 877/3000 | 손실: 0.3112 | 학습: 93.2% | 검증: 86.7% | lr: 5.00e-04 | 0.4s
  에폭 878/3000 | 손실: 0.3115 | 학습: 93.1% | 검증: 87.0% | lr: 5.00e-04 | 0.4s
  에폭 879/3000 | 손실: 0.3158 | 학습: 92.6% | 검증: 86.1% | lr: 5.00e-04 | 0.4s
  에폭 880/3000 | 손실: 0.3182 | 학습: 92.6% | 검증: 86.2% | lr: 5.00e-04 | 0.4s
  에폭 881/3000 | 손실: 0.3068 | 학습: 93.1% | 검증: 86.1% | lr: 5.00e-04 | 0.4s
  에폭 882/3000 | 손실: 0.3161 | 학습: 93.0% | 검증: 86.5% | lr: 5.00e-04 | 0.4s
  에폭 883/3000 | 손실: 0.3079 | 학습: 93.3% | 검증: 86.8% | lr: 5.00e-04 | 0.4s
  에폭 884/3000 | 손실: 0.3149 | 학습: 93.2% | 검증: 86.5% | lr: 5.00e-04 | 0.4s
  에폭 885/3000 | 손실: 0.3162 | 학습: 92.9% | 검증: 86.5% | lr: 5.00e-04 | 0.4s
  에폭 886/3000 | 손실: 0.3081 | 학습: 93.2% | 검증: 86.2% | lr: 5.00e-04 | 0.4s
  에폭 887/3000 | 손실: 0.3105 | 학습: 92.4% | 검증: 85.8% | lr: 5.00e-04 | 0.4s
  에폭 888/3000 | 손실: 0.3098 | 학습: 93.0% | 검증: 86.2% | lr: 5.00e-04 | 0.4s
  에폭 889/3000 | 손실: 0.3148 | 학습: 92.6% | 검증: 85.9% | lr: 5.00e-04 | 0.4s
  에폭 890/3000 | 손실: 0.3149 | 학습: 93.0% | 검증: 86.3% | lr: 5.00e-04 | 0.4s
  에폭 891/3000 | 손실: 0.3072 | 학습: 93.2% | 검증: 86.5% | lr: 5.00e-04 | 0.4s
  에폭 892/3000 | 손실: 0.3084 | 학습: 93.1% | 검증: 86.5% | lr: 5.00e-04 | 0.4s
  에폭 893/3000 | 손실: 0.3076 | 학습: 93.0% | 검증: 86.1% | lr: 5.00e-04 | 0.4s
  에폭 894/3000 | 손실: 0.3099 | 학습: 93.0% | 검증: 86.3% | lr: 5.00e-04 | 0.4s
  에폭 895/3000 | 손실: 0.3105 | 학습: 92.9% | 검증: 86.3% | lr: 5.00e-04 | 0.4s
  에폭 896/3000 | 손실: 0.3120 | 학습: 93.1% | 검증: 86.5% | lr: 5.00e-04 | 0.4s
  에폭 897/3000 | 손실: 0.3114 | 학습: 93.3% | 검증: 86.7% | lr: 5.00e-04 | 0.4s
  에폭 898/3000 | 손실: 0.3096 | 학습: 92.9% | 검증: 86.5% | lr: 5.00e-04 | 0.4s
  에폭 899/3000 | 손실: 0.3119 | 학습: 92.5% | 검증: 86.3% | lr: 4.50e-04 | 0.4s
  에폭 900/3000 | 손실: 0.3093 | 학습: 93.1% | 검증: 86.6% | lr: 4.50e-04 | 0.4s
  에폭 901/3000 | 손실: 0.3179 | 학습: 93.2% | 검증: 86.7% | lr: 4.50e-04 | 0.4s
  에폭 902/3000 | 손실: 0.3140 | 학습: 93.1% | 검증: 86.6% | lr: 4.50e-04 | 0.4s
  에폭 903/3000 | 손실: 0.3036 | 학습: 92.2% | 검증: 85.6% | lr: 4.50e-04 | 0.4s
  에폭 904/3000 | 손실: 0.3098 | 학습: 92.9% | 검증: 86.3% | lr: 4.50e-04 | 0.4s
  에폭 905/3000 | 손실: 0.3032 | 학습: 92.9% | 검증: 86.0% | lr: 4.50e-04 | 0.4s
  에폭 906/3000 | 손실: 0.3025 | 학습: 93.1% | 검증: 86.4% | lr: 4.50e-04 | 0.4s
  에폭 907/3000 | 손실: 0.3048 | 학습: 93.4% | 검증: 86.7% | lr: 4.50e-04 | 0.4s
  에폭 908/3000 | 손실: 0.3058 | 학습: 92.6% | 검증: 86.3% | lr: 4.50e-04 | 0.4s
  에폭 909/3000 | 손실: 0.3065 | 학습: 93.4% | 검증: 86.7% | lr: 4.50e-04 | 0.4s
  에폭 910/3000 | 손실: 0.3030 | 학습: 93.4% | 검증: 86.5% | lr: 4.50e-04 | 0.4s
  에폭 911/3000 | 손실: 0.3085 | 학습: 93.0% | 검증: 86.1% | lr: 4.50e-04 | 0.4s
  에폭 912/3000 | 손실: 0.3079 | 학습: 93.0% | 검증: 86.4% | lr: 4.50e-04 | 0.4s
  에폭 913/3000 | 손실: 0.3067 | 학습: 93.2% | 검증: 86.7% | lr: 4.50e-04 | 0.4s
  에폭 914/3000 | 손실: 0.3122 | 학습: 92.9% | 검증: 86.6% | lr: 4.50e-04 | 0.4s
  에폭 915/3000 | 손실: 0.3062 | 학습: 93.2% | 검증: 86.3% | lr: 4.50e-04 | 0.4s
  에폭 916/3000 | 손실: 0.3042 | 학습: 93.4% | 검증: 86.8% | lr: 4.50e-04 | 0.4s
  에폭 917/3000 | 손실: 0.3083 | 학습: 93.0% | 검증: 86.4% | lr: 4.50e-04 | 0.4s
  에폭 918/3000 | 손실: 0.3116 | 학습: 93.6% | 검증: 86.7% | lr: 4.50e-04 | 0.4s
  에폭 919/3000 | 손실: 0.3073 | 학습: 93.2% | 검증: 86.5% | lr: 4.50e-04 | 0.4s
  에폭 920/3000 | 손실: 0.3135 | 학습: 93.5% | 검증: 86.7% | lr: 4.50e-04 | 0.4s
  에폭 921/3000 | 손실: 0.3101 | 학습: 93.2% | 검증: 86.7% | lr: 4.50e-04 | 0.4s
  에폭 922/3000 | 손실: 0.3068 | 학습: 93.0% | 검증: 86.4% | lr: 4.50e-04 | 0.4s
  에폭 923/3000 | 손실: 0.3094 | 학습: 93.1% | 검증: 86.5% | lr: 4.50e-04 | 0.4s
  에폭 924/3000 | 손실: 0.3110 | 학습: 93.5% | 검증: 86.3% | lr: 4.50e-04 | 0.4s
  에폭 925/3000 | 손실: 0.3046 | 학습: 93.1% | 검증: 86.1% | lr: 4.50e-04 | 0.4s
  에폭 926/3000 | 손실: 0.3078 | 학습: 93.2% | 검증: 86.6% | lr: 4.50e-04 | 0.4s
  에폭 927/3000 | 손실: 0.3070 | 학습: 93.5% | 검증: 86.5% | lr: 4.50e-04 | 0.4s
  에폭 928/3000 | 손실: 0.3077 | 학습: 93.0% | 검증: 86.5% | lr: 4.50e-04 | 0.4s
  에폭 929/3000 | 손실: 0.3061 | 학습: 93.2% | 검증: 86.3% | lr: 4.50e-04 | 0.4s
  에폭 930/3000 | 손실: 0.3064 | 학습: 93.2% | 검증: 86.2% | lr: 4.50e-04 | 0.4s
  에폭 931/3000 | 손실: 0.3069 | 학습: 93.4% | 검증: 86.7% | lr: 4.50e-04 | 0.4s
  에폭 932/3000 | 손실: 0.3006 | 학습: 93.2% | 검증: 86.3% | lr: 4.50e-04 | 0.4s
  에폭 933/3000 | 손실: 0.3096 | 학습: 93.5% | 검증: 86.3% | lr: 4.50e-04 | 0.4s
  에폭 934/3000 | 손실: 0.3099 | 학습: 93.1% | 검증: 86.4% | lr: 4.50e-04 | 0.4s
  에폭 935/3000 | 손실: 0.3022 | 학습: 93.1% | 검증: 85.7% | lr: 4.50e-04 | 0.4s
  에폭 936/3000 | 손실: 0.3077 | 학습: 93.5% | 검증: 86.4% | lr: 4.50e-04 | 0.4s
  에폭 937/3000 | 손실: 0.3080 | 학습: 93.3% | 검증: 86.3% | lr: 4.50e-04 | 0.4s
  에폭 938/3000 | 손실: 0.3070 | 학습: 92.9% | 검증: 86.4% | lr: 4.50e-04 | 0.4s
  에폭 939/3000 | 손실: 0.3063 | 학습: 93.0% | 검증: 86.7% | lr: 4.50e-04 | 0.4s
  에폭 940/3000 | 손실: 0.3060 | 학습: 93.3% | 검증: 86.6% | lr: 4.50e-04 | 0.4s
  에폭 941/3000 | 손실: 0.3103 | 학습: 93.0% | 검증: 86.4% | lr: 4.50e-04 | 0.4s
  에폭 942/3000 | 손실: 0.3104 | 학습: 93.3% | 검증: 86.7% | lr: 4.50e-04 | 0.4s
  에폭 943/3000 | 손실: 0.3064 | 학습: 93.4% | 검증: 86.6% | lr: 4.50e-04 | 0.4s
  에폭 944/3000 | 손실: 0.3045 | 학습: 93.1% | 검증: 86.4% | lr: 4.50e-04 | 0.4s
  에폭 945/3000 | 손실: 0.3117 | 학습: 93.3% | 검증: 86.4% | lr: 4.50e-04 | 0.4s
  에폭 946/3000 | 손실: 0.3045 | 학습: 93.3% | 검증: 86.6% | lr: 4.50e-04 | 0.4s
  에폭 947/3000 | 손실: 0.3059 | 학습: 93.5% | 검증: 86.4% | lr: 4.50e-04 | 0.4s
  에폭 948/3000 | 손실: 0.3095 | 학습: 93.1% | 검증: 86.5% | lr: 4.50e-04 | 0.4s
  에폭 949/3000 | 손실: 0.3029 | 학습: 93.4% | 검증: 86.2% | lr: 4.50e-04 | 0.4s
  에폭 950/3000 | 손실: 0.3039 | 학습: 93.2% | 검증: 86.0% | lr: 4.50e-04 | 0.4s
  에폭 951/3000 | 손실: 0.3073 | 학습: 93.5% | 검증: 86.9% | lr: 4.50e-04 | 0.4s
  에폭 952/3000 | 손실: 0.3083 | 학습: 93.4% | 검증: 86.7% | lr: 4.50e-04 | 0.4s
  에폭 953/3000 | 손실: 0.3077 | 학습: 93.4% | 검증: 86.6% | lr: 4.50e-04 | 0.4s
  에폭 954/3000 | 손실: 0.3031 | 학습: 93.2% | 검증: 86.8% | lr: 4.50e-04 | 0.4s
  에폭 955/3000 | 손실: 0.3053 | 학습: 93.1% | 검증: 86.7% | lr: 4.50e-04 | 0.4s
  에폭 956/3000 | 손실: 0.3073 | 학습: 93.4% | 검증: 86.6% | lr: 4.50e-04 | 0.4s
  에폭 957/3000 | 손실: 0.3031 | 학습: 93.4% | 검증: 86.3% | lr: 4.50e-04 | 0.4s
  에폭 958/3000 | 손실: 0.3157 | 학습: 93.4% | 검증: 86.3% | lr: 4.50e-04 | 0.4s
  에폭 959/3000 | 손실: 0.3134 | 학습: 93.1% | 검증: 86.4% | lr: 4.50e-04 | 0.4s
  에폭 960/3000 | 손실: 0.3033 | 학습: 93.2% | 검증: 86.5% | lr: 4.50e-04 | 0.4s
  에폭 961/3000 | 손실: 0.3034 | 학습: 93.0% | 검증: 86.7% | lr: 4.50e-04 | 0.4s
  에폭 962/3000 | 손실: 0.3043 | 학습: 93.1% | 검증: 86.8% | lr: 4.50e-04 | 0.4s
  에폭 963/3000 | 손실: 0.3051 | 학습: 93.2% | 검증: 87.1% | lr: 4.50e-04 | 0.4s ★
  에폭 964/3000 | 손실: 0.3077 | 학습: 93.7% | 검증: 86.6% | lr: 4.50e-04 | 0.4s
  에폭 965/3000 | 손실: 0.3061 | 학습: 93.2% | 검증: 86.3% | lr: 4.50e-04 | 0.4s
  에폭 966/3000 | 손실: 0.3092 | 학습: 93.6% | 검증: 86.8% | lr: 4.50e-04 | 0.4s
  에폭 967/3000 | 손실: 0.3054 | 학습: 93.9% | 검증: 86.9% | lr: 4.50e-04 | 0.4s
  에폭 968/3000 | 손실: 0.3075 | 학습: 93.6% | 검증: 86.9% | lr: 4.50e-04 | 0.4s
  에폭 969/3000 | 손실: 0.3060 | 학습: 93.5% | 검증: 86.9% | lr: 4.50e-04 | 0.4s
  에폭 970/3000 | 손실: 0.3057 | 학습: 93.2% | 검증: 86.4% | lr: 4.50e-04 | 0.4s
  에폭 971/3000 | 손실: 0.3052 | 학습: 93.7% | 검증: 87.0% | lr: 4.50e-04 | 0.4s
  에폭 972/3000 | 손실: 0.2956 | 학습: 93.5% | 검증: 87.0% | lr: 4.50e-04 | 0.4s
  에폭 973/3000 | 손실: 0.3071 | 학습: 93.6% | 검증: 86.7% | lr: 4.50e-04 | 0.4s
  에폭 974/3000 | 손실: 0.3065 | 학습: 93.3% | 검증: 86.7% | lr: 4.50e-04 | 0.4s
  에폭 975/3000 | 손실: 0.3083 | 학습: 93.5% | 검증: 87.0% | lr: 4.50e-04 | 0.4s
  에폭 976/3000 | 손실: 0.3040 | 학습: 93.6% | 검증: 86.8% | lr: 4.50e-04 | 0.4s
  에폭 977/3000 | 손실: 0.3059 | 학습: 93.5% | 검증: 86.6% | lr: 4.50e-04 | 0.4s
  에폭 978/3000 | 손실: 0.3068 | 학습: 93.2% | 검증: 86.5% | lr: 4.50e-04 | 0.4s
  에폭 979/3000 | 손실: 0.3059 | 학습: 93.4% | 검증: 86.7% | lr: 4.50e-04 | 0.4s
  에폭 980/3000 | 손실: 0.3020 | 학습: 93.6% | 검증: 86.4% | lr: 4.50e-04 | 0.4s
  에폭 981/3000 | 손실: 0.3066 | 학습: 93.5% | 검증: 86.4% | lr: 4.50e-04 | 0.4s
  에폭 982/3000 | 손실: 0.3033 | 학습: 93.4% | 검증: 86.3% | lr: 4.50e-04 | 0.4s
  에폭 983/3000 | 손실: 0.3090 | 학습: 93.5% | 검증: 86.8% | lr: 4.50e-04 | 0.4s
  에폭 984/3000 | 손실: 0.3068 | 학습: 93.3% | 검증: 86.5% | lr: 4.50e-04 | 0.4s
  에폭 985/3000 | 손실: 0.3045 | 학습: 93.4% | 검증: 86.6% | lr: 4.50e-04 | 0.4s
  에폭 986/3000 | 손실: 0.3072 | 학습: 93.6% | 검증: 86.9% | lr: 4.50e-04 | 0.4s
  에폭 987/3000 | 손실: 0.3061 | 학습: 93.5% | 검증: 87.0% | lr: 4.50e-04 | 0.4s
  에폭 988/3000 | 손실: 0.3096 | 학습: 93.6% | 검증: 86.8% | lr: 4.50e-04 | 0.4s
  에폭 989/3000 | 손실: 0.3073 | 학습: 93.6% | 검증: 86.5% | lr: 4.50e-04 | 0.4s
  에폭 990/3000 | 손실: 0.3076 | 학습: 93.4% | 검증: 86.5% | lr: 4.50e-04 | 0.4s
  에폭 991/3000 | 손실: 0.3072 | 학습: 93.3% | 검증: 86.5% | lr: 4.50e-04 | 0.4s
  에폭 992/3000 | 손실: 0.3087 | 학습: 93.5% | 검증: 87.1% | lr: 4.50e-04 | 0.4s ★
  에폭 993/3000 | 손실: 0.3106 | 학습: 93.4% | 검증: 86.4% | lr: 4.50e-04 | 0.4s
  에폭 994/3000 | 손실: 0.3051 | 학습: 93.3% | 검증: 86.3% | lr: 4.50e-04 | 0.4s
  에폭 995/3000 | 손실: 0.2965 | 학습: 93.6% | 검증: 87.0% | lr: 4.50e-04 | 0.4s
  에폭 996/3000 | 손실: 0.3012 | 학습: 93.5% | 검증: 86.7% | lr: 4.50e-04 | 0.4s
  에폭 997/3000 | 손실: 0.3043 | 학습: 93.5% | 검증: 86.8% | lr: 4.50e-04 | 0.4s
  에폭 998/3000 | 손실: 0.3069 | 학습: 93.6% | 검증: 86.6% | lr: 4.50e-04 | 0.4s
  에폭 999/3000 | 손실: 0.3046 | 학습: 93.3% | 검증: 87.1% | lr: 4.50e-04 | 0.4s ★
  에폭 1000/3000 | 손실: 0.3078 | 학습: 93.8% | 검증: 86.9% | lr: 4.50e-04 | 0.4s
  에폭 1001/3000 | 손실: 0.3083 | 학습: 93.3% | 검증: 86.9% | lr: 4.50e-04 | 0.4s
  에폭 1002/3000 | 손실: 0.3046 | 학습: 93.4% | 검증: 86.7% | lr: 4.50e-04 | 0.4s
  에폭 1003/3000 | 손실: 0.3010 | 학습: 93.8% | 검증: 86.9% | lr: 4.50e-04 | 0.4s
  에폭 1004/3000 | 손실: 0.3021 | 학습: 93.2% | 검증: 86.5% | lr: 4.50e-04 | 0.4s
  에폭 1005/3000 | 손실: 0.3113 | 학습: 93.6% | 검증: 87.0% | lr: 4.50e-04 | 0.4s
  에폭 1006/3000 | 손실: 0.3050 | 학습: 93.5% | 검증: 86.5% | lr: 4.50e-04 | 0.4s
  에폭 1007/3000 | 손실: 0.3045 | 학습: 93.4% | 검증: 86.2% | lr: 4.50e-04 | 0.4s
  에폭 1008/3000 | 손실: 0.3036 | 학습: 93.5% | 검증: 86.9% | lr: 4.50e-04 | 0.4s
  에폭 1009/3000 | 손실: 0.2991 | 학습: 93.5% | 검증: 86.6% | lr: 4.50e-04 | 0.4s
  에폭 1010/3000 | 손실: 0.3074 | 학습: 93.8% | 검증: 86.8% | lr: 4.50e-04 | 0.4s
  에폭 1011/3000 | 손실: 0.3036 | 학습: 93.7% | 검증: 86.4% | lr: 4.50e-04 | 0.4s
  에폭 1012/3000 | 손실: 0.3015 | 학습: 93.8% | 검증: 87.0% | lr: 4.50e-04 | 0.4s
  에폭 1013/3000 | 손실: 0.3043 | 학습: 93.5% | 검증: 87.0% | lr: 4.50e-04 | 0.4s
  에폭 1014/3000 | 손실: 0.3023 | 학습: 93.7% | 검증: 87.1% | lr: 4.50e-04 | 0.4s ★
  에폭 1015/3000 | 손실: 0.3051 | 학습: 93.4% | 검증: 87.2% | lr: 4.50e-04 | 0.4s ★
  에폭 1016/3000 | 손실: 0.3020 | 학습: 93.3% | 검증: 86.7% | lr: 4.50e-04 | 0.4s
  에폭 1017/3000 | 손실: 0.3044 | 학습: 93.4% | 검증: 87.2% | lr: 4.50e-04 | 0.4s
  에폭 1018/3000 | 손실: 0.3056 | 학습: 93.6% | 검증: 86.8% | lr: 4.50e-04 | 0.4s
  에폭 1019/3000 | 손실: 0.3068 | 학습: 93.6% | 검증: 86.6% | lr: 4.50e-04 | 0.4s
  에폭 1020/3000 | 손실: 0.3022 | 학습: 93.7% | 검증: 86.8% | lr: 4.50e-04 | 0.4s
  에폭 1021/3000 | 손실: 0.3098 | 학습: 93.5% | 검증: 86.7% | lr: 4.50e-04 | 0.4s
  에폭 1022/3000 | 손실: 0.3061 | 학습: 93.4% | 검증: 86.4% | lr: 4.50e-04 | 0.4s
  에폭 1023/3000 | 손실: 0.3019 | 학습: 93.6% | 검증: 86.3% | lr: 4.05e-04 | 0.4s
  에폭 1024/3000 | 손실: 0.3051 | 학습: 93.7% | 검증: 86.5% | lr: 4.05e-04 | 0.4s
  에폭 1025/3000 | 손실: 0.3009 | 학습: 93.9% | 검증: 87.0% | lr: 4.05e-04 | 0.4s
  에폭 1026/3000 | 손실: 0.2996 | 학습: 93.4% | 검증: 86.9% | lr: 4.05e-04 | 0.4s
  에폭 1027/3000 | 손실: 0.3015 | 학습: 93.4% | 검증: 86.4% | lr: 4.05e-04 | 0.4s
  에폭 1028/3000 | 손실: 0.3043 | 학습: 93.6% | 검증: 86.9% | lr: 4.05e-04 | 0.4s
  에폭 1029/3000 | 손실: 0.2993 | 학습: 93.9% | 검증: 87.0% | lr: 4.05e-04 | 0.4s
  에폭 1030/3000 | 손실: 0.3038 | 학습: 93.3% | 검증: 86.4% | lr: 4.05e-04 | 0.4s
  에폭 1031/3000 | 손실: 0.3005 | 학습: 93.5% | 검증: 86.9% | lr: 4.05e-04 | 0.4s
  에폭 1032/3000 | 손실: 0.2988 | 학습: 93.7% | 검증: 86.6% | lr: 4.05e-04 | 0.4s
  에폭 1033/3000 | 손실: 0.3016 | 학습: 93.5% | 검증: 86.1% | lr: 4.05e-04 | 0.4s
  에폭 1034/3000 | 손실: 0.3043 | 학습: 93.4% | 검증: 86.9% | lr: 4.05e-04 | 0.4s
  에폭 1035/3000 | 손실: 0.3040 | 학습: 93.7% | 검증: 87.0% | lr: 4.05e-04 | 0.4s
  에폭 1036/3000 | 손실: 0.3053 | 학습: 93.7% | 검증: 86.9% | lr: 4.05e-04 | 0.4s
  에폭 1037/3000 | 손실: 0.2994 | 학습: 93.5% | 검증: 86.3% | lr: 4.05e-04 | 0.4s
  에폭 1038/3000 | 손실: 0.3067 | 학습: 93.5% | 검증: 86.6% | lr: 4.05e-04 | 0.4s
  에폭 1039/3000 | 손실: 0.2978 | 학습: 93.5% | 검증: 86.4% | lr: 4.05e-04 | 0.4s
  에폭 1040/3000 | 손실: 0.3002 | 학습: 93.6% | 검증: 86.7% | lr: 4.05e-04 | 0.4s
  에폭 1041/3000 | 손실: 0.3052 | 학습: 93.7% | 검증: 86.6% | lr: 4.05e-04 | 0.4s
  에폭 1042/3000 | 손실: 0.2986 | 학습: 93.9% | 검증: 86.7% | lr: 4.05e-04 | 0.4s
  에폭 1043/3000 | 손실: 0.2984 | 학습: 93.6% | 검증: 87.0% | lr: 4.05e-04 | 0.4s
  에폭 1044/3000 | 손실: 0.3043 | 학습: 94.0% | 검증: 86.7% | lr: 4.05e-04 | 0.4s
  에폭 1045/3000 | 손실: 0.2946 | 학습: 93.8% | 검증: 86.7% | lr: 4.05e-04 | 0.4s
  에폭 1046/3000 | 손실: 0.3002 | 학습: 93.8% | 검증: 86.8% | lr: 4.05e-04 | 0.4s
  에폭 1047/3000 | 손실: 0.2989 | 학습: 93.6% | 검증: 86.9% | lr: 4.05e-04 | 0.4s
  에폭 1048/3000 | 손실: 0.3025 | 학습: 93.4% | 검증: 86.2% | lr: 4.05e-04 | 0.4s
  에폭 1049/3000 | 손실: 0.2996 | 학습: 93.5% | 검증: 86.4% | lr: 4.05e-04 | 0.4s
  에폭 1050/3000 | 손실: 0.3060 | 학습: 93.8% | 검증: 86.6% | lr: 4.05e-04 | 0.4s
  에폭 1051/3000 | 손실: 0.3043 | 학습: 93.6% | 검증: 86.6% | lr: 4.05e-04 | 0.4s
  에폭 1052/3000 | 손실: 0.3020 | 학습: 93.7% | 검증: 87.0% | lr: 4.05e-04 | 0.4s
  에폭 1053/3000 | 손실: 0.3000 | 학습: 93.7% | 검증: 86.7% | lr: 4.05e-04 | 0.4s
  에폭 1054/3000 | 손실: 0.3014 | 학습: 93.6% | 검증: 86.6% | lr: 4.05e-04 | 0.4s
  에폭 1055/3000 | 손실: 0.3033 | 학습: 93.6% | 검증: 86.7% | lr: 4.05e-04 | 0.4s
  에폭 1056/3000 | 손실: 0.3054 | 학습: 93.6% | 검증: 86.6% | lr: 4.05e-04 | 0.4s
  에폭 1057/3000 | 손실: 0.2967 | 학습: 93.9% | 검증: 86.5% | lr: 4.05e-04 | 0.4s
  에폭 1058/3000 | 손실: 0.3024 | 학습: 93.8% | 검증: 86.9% | lr: 4.05e-04 | 0.4s
  에폭 1059/3000 | 손실: 0.2959 | 학습: 93.6% | 검증: 87.0% | lr: 4.05e-04 | 0.4s
  에폭 1060/3000 | 손실: 0.2997 | 학습: 93.6% | 검증: 86.8% | lr: 4.05e-04 | 0.4s
  에폭 1061/3000 | 손실: 0.3028 | 학습: 94.0% | 검증: 86.6% | lr: 4.05e-04 | 0.4s
  에폭 1062/3000 | 손실: 0.3038 | 학습: 93.7% | 검증: 86.5% | lr: 4.05e-04 | 0.4s
  에폭 1063/3000 | 손실: 0.3012 | 학습: 93.7% | 검증: 87.0% | lr: 4.05e-04 | 0.4s
  에폭 1064/3000 | 손실: 0.2999 | 학습: 93.7% | 검증: 86.8% | lr: 4.05e-04 | 0.4s
  에폭 1065/3000 | 손실: 0.3019 | 학습: 93.7% | 검증: 86.9% | lr: 4.05e-04 | 0.4s
  에폭 1066/3000 | 손실: 0.2957 | 학습: 93.5% | 검증: 86.5% | lr: 4.05e-04 | 0.4s
  에폭 1067/3000 | 손실: 0.2964 | 학습: 93.8% | 검증: 86.5% | lr: 4.05e-04 | 0.4s
  에폭 1068/3000 | 손실: 0.2977 | 학습: 93.8% | 검증: 86.8% | lr: 4.05e-04 | 0.4s
  에폭 1069/3000 | 손실: 0.3005 | 학습: 93.5% | 검증: 86.6% | lr: 4.05e-04 | 0.4s
  에폭 1070/3000 | 손실: 0.3034 | 학습: 93.7% | 검증: 86.4% | lr: 4.05e-04 | 0.4s
  에폭 1071/3000 | 손실: 0.3012 | 학습: 93.7% | 검증: 86.7% | lr: 4.05e-04 | 0.4s
  에폭 1072/3000 | 손실: 0.3021 | 학습: 93.4% | 검증: 86.6% | lr: 4.05e-04 | 0.4s
  에폭 1073/3000 | 손실: 0.3025 | 학습: 93.6% | 검증: 86.4% | lr: 4.05e-04 | 0.4s
  에폭 1074/3000 | 손실: 0.3059 | 학습: 93.8% | 검증: 86.7% | lr: 4.05e-04 | 0.4s
  에폭 1075/3000 | 손실: 0.3011 | 학습: 93.9% | 검증: 87.1% | lr: 4.05e-04 | 0.4s
  에폭 1076/3000 | 손실: 0.2938 | 학습: 93.9% | 검증: 87.0% | lr: 4.05e-04 | 0.4s
  에폭 1077/3000 | 손실: 0.2986 | 학습: 93.9% | 검증: 86.7% | lr: 4.05e-04 | 0.4s
  에폭 1078/3000 | 손실: 0.2996 | 학습: 93.8% | 검증: 86.7% | lr: 4.05e-04 | 0.4s
  에폭 1079/3000 | 손실: 0.3048 | 학습: 93.5% | 검증: 86.9% | lr: 4.05e-04 | 0.4s
  에폭 1080/3000 | 손실: 0.2986 | 학습: 93.7% | 검증: 86.8% | lr: 4.05e-04 | 0.4s
  에폭 1081/3000 | 손실: 0.3001 | 학습: 93.7% | 검증: 87.0% | lr: 4.05e-04 | 0.4s
  에폭 1082/3000 | 손실: 0.2977 | 학습: 93.7% | 검증: 86.7% | lr: 4.05e-04 | 0.4s
  에폭 1083/3000 | 손실: 0.3034 | 학습: 93.7% | 검증: 86.3% | lr: 4.05e-04 | 0.4s
  에폭 1084/3000 | 손실: 0.2965 | 학습: 93.8% | 검증: 86.6% | lr: 4.05e-04 | 0.4s
  에폭 1085/3000 | 손실: 0.2956 | 학습: 93.9% | 검증: 86.7% | lr: 4.05e-04 | 0.4s
  에폭 1086/3000 | 손실: 0.3061 | 학습: 93.7% | 검증: 86.9% | lr: 4.05e-04 | 0.4s
  에폭 1087/3000 | 손실: 0.3012 | 학습: 93.7% | 검증: 86.7% | lr: 4.05e-04 | 0.4s
  에폭 1088/3000 | 손실: 0.2967 | 학습: 93.7% | 검증: 86.7% | lr: 4.05e-04 | 0.4s
  에폭 1089/3000 | 손실: 0.3038 | 학습: 93.5% | 검증: 86.5% | lr: 4.05e-04 | 0.4s
  에폭 1090/3000 | 손실: 0.2990 | 학습: 93.7% | 검증: 86.9% | lr: 4.05e-04 | 0.4s
  에폭 1091/3000 | 손실: 0.3042 | 학습: 93.6% | 검증: 86.8% | lr: 4.05e-04 | 0.4s
  에폭 1092/3000 | 손실: 0.3005 | 학습: 93.7% | 검증: 86.9% | lr: 4.05e-04 | 0.4s
  에폭 1093/3000 | 손실: 0.2982 | 학습: 93.8% | 검증: 86.8% | lr: 4.05e-04 | 0.4s
  에폭 1094/3000 | 손실: 0.3027 | 학습: 93.8% | 검증: 86.9% | lr: 4.05e-04 | 0.4s
  에폭 1095/3000 | 손실: 0.2995 | 학습: 93.5% | 검증: 86.6% | lr: 4.05e-04 | 0.4s
  에폭 1096/3000 | 손실: 0.2919 | 학습: 93.9% | 검증: 86.8% | lr: 4.05e-04 | 0.4s
  에폭 1097/3000 | 손실: 0.2986 | 학습: 93.7% | 검증: 86.8% | lr: 4.05e-04 | 0.4s
  에폭 1098/3000 | 손실: 0.3007 | 학습: 93.6% | 검증: 86.8% | lr: 4.05e-04 | 0.4s
  에폭 1099/3000 | 손실: 0.3006 | 학습: 93.8% | 검증: 86.8% | lr: 4.05e-04 | 0.4s
  에폭 1100/3000 | 손실: 0.2997 | 학습: 93.6% | 검증: 86.8% | lr: 4.05e-04 | 0.4s
  에폭 1101/3000 | 손실: 0.2959 | 학습: 93.7% | 검증: 86.8% | lr: 4.05e-04 | 0.4s
  에폭 1102/3000 | 손실: 0.2926 | 학습: 93.7% | 검증: 86.7% | lr: 4.05e-04 | 0.4s
  에폭 1103/3000 | 손실: 0.3017 | 학습: 93.8% | 검증: 86.9% | lr: 4.05e-04 | 0.4s
  에폭 1104/3000 | 손실: 0.2990 | 학습: 93.9% | 검증: 86.9% | lr: 4.05e-04 | 0.4s
  에폭 1105/3000 | 손실: 0.2989 | 학습: 93.8% | 검증: 86.8% | lr: 4.05e-04 | 0.4s
  에폭 1106/3000 | 손실: 0.3006 | 학습: 94.0% | 검증: 86.9% | lr: 4.05e-04 | 0.4s
  에폭 1107/3000 | 손실: 0.3000 | 학습: 93.6% | 검증: 86.3% | lr: 4.05e-04 | 0.4s
  에폭 1108/3000 | 손실: 0.3031 | 학습: 93.6% | 검증: 86.7% | lr: 4.05e-04 | 0.4s
  에폭 1109/3000 | 손실: 0.2993 | 학습: 93.7% | 검증: 86.7% | lr: 4.05e-04 | 0.4s
  에폭 1110/3000 | 손실: 0.2961 | 학습: 93.7% | 검증: 86.7% | lr: 4.05e-04 | 0.4s
  에폭 1111/3000 | 손실: 0.2991 | 학습: 93.9% | 검증: 86.6% | lr: 4.05e-04 | 0.4s
  에폭 1112/3000 | 손실: 0.3029 | 학습: 93.9% | 검증: 86.7% | lr: 4.05e-04 | 0.4s
  에폭 1113/3000 | 손실: 0.2967 | 학습: 93.7% | 검증: 86.8% | lr: 4.05e-04 | 0.4s
  에폭 1114/3000 | 손실: 0.3013 | 학습: 93.7% | 검증: 86.5% | lr: 4.05e-04 | 0.4s
  에폭 1115/3000 | 손실: 0.2939 | 학습: 93.8% | 검증: 86.8% | lr: 4.05e-04 | 0.4s
  에폭 1116/3000 | 손실: 0.2947 | 학습: 94.0% | 검증: 87.0% | lr: 4.05e-04 | 0.4s
  에폭 1117/3000 | 손실: 0.2967 | 학습: 93.9% | 검증: 86.6% | lr: 4.05e-04 | 0.4s
  에폭 1118/3000 | 손실: 0.2966 | 학습: 93.9% | 검증: 87.1% | lr: 4.05e-04 | 0.4s
  에폭 1119/3000 | 손실: 0.3022 | 학습: 93.8% | 검증: 86.6% | lr: 4.05e-04 | 0.4s
  에폭 1120/3000 | 손실: 0.2949 | 학습: 93.8% | 검증: 86.5% | lr: 4.05e-04 | 0.4s
  에폭 1121/3000 | 손실: 0.3016 | 학습: 93.6% | 검증: 86.4% | lr: 4.05e-04 | 0.4s
  에폭 1122/3000 | 손실: 0.2982 | 학습: 93.9% | 검증: 87.0% | lr: 4.05e-04 | 0.4s
  에폭 1123/3000 | 손실: 0.2951 | 학습: 93.9% | 검증: 86.7% | lr: 4.05e-04 | 0.4s
  에폭 1124/3000 | 손실: 0.2972 | 학습: 94.0% | 검증: 86.9% | lr: 4.05e-04 | 0.4s
  에폭 1125/3000 | 손실: 0.2932 | 학습: 93.8% | 검증: 87.2% | lr: 4.05e-04 | 0.4s ★
  에폭 1126/3000 | 손실: 0.2943 | 학습: 93.8% | 검증: 86.7% | lr: 4.05e-04 | 0.4s
  에폭 1127/3000 | 손실: 0.2996 | 학습: 93.9% | 검증: 87.3% | lr: 4.05e-04 | 0.4s ★
  에폭 1128/3000 | 손실: 0.2959 | 학습: 93.8% | 검증: 86.1% | lr: 4.05e-04 | 0.4s
  에폭 1129/3000 | 손실: 0.3004 | 학습: 94.0% | 검증: 86.9% | lr: 4.05e-04 | 0.4s
  에폭 1130/3000 | 손실: 0.3028 | 학습: 93.9% | 검증: 87.2% | lr: 4.05e-04 | 0.4s
  에폭 1131/3000 | 손실: 0.2983 | 학습: 94.0% | 검증: 86.5% | lr: 4.05e-04 | 0.4s
  에폭 1132/3000 | 손실: 0.3023 | 학습: 94.0% | 검증: 87.0% | lr: 4.05e-04 | 0.4s
  에폭 1133/3000 | 손실: 0.2973 | 학습: 93.8% | 검증: 86.4% | lr: 4.05e-04 | 0.4s
  에폭 1134/3000 | 손실: 0.3037 | 학습: 93.6% | 검증: 86.4% | lr: 4.05e-04 | 0.4s
  에폭 1135/3000 | 손실: 0.3009 | 학습: 94.0% | 검증: 86.7% | lr: 4.05e-04 | 0.4s
  에폭 1136/3000 | 손실: 0.2984 | 학습: 94.0% | 검증: 86.5% | lr: 4.05e-04 | 0.4s
  에폭 1137/3000 | 손실: 0.2922 | 학습: 94.1% | 검증: 87.2% | lr: 4.05e-04 | 0.4s
  에폭 1138/3000 | 손실: 0.2923 | 학습: 93.9% | 검증: 86.6% | lr: 4.05e-04 | 0.4s
  에폭 1139/3000 | 손실: 0.2978 | 학습: 94.0% | 검증: 86.7% | lr: 4.05e-04 | 0.4s
  에폭 1140/3000 | 손실: 0.2970 | 학습: 94.0% | 검증: 87.0% | lr: 4.05e-04 | 0.4s
  에폭 1141/3000 | 손실: 0.3013 | 학습: 94.1% | 검증: 86.9% | lr: 4.05e-04 | 0.4s
  에폭 1142/3000 | 손실: 0.2956 | 학습: 93.8% | 검증: 86.6% | lr: 4.05e-04 | 0.4s
  에폭 1143/3000 | 손실: 0.2996 | 학습: 93.6% | 검증: 86.6% | lr: 4.05e-04 | 0.4s
  에폭 1144/3000 | 손실: 0.2985 | 학습: 93.7% | 검증: 86.4% | lr: 4.05e-04 | 0.4s
  에폭 1145/3000 | 손실: 0.2969 | 학습: 93.8% | 검증: 86.7% | lr: 4.05e-04 | 0.4s
  에폭 1146/3000 | 손실: 0.2998 | 학습: 93.8% | 검증: 86.8% | lr: 4.05e-04 | 0.4s
  에폭 1147/3000 | 손실: 0.2957 | 학습: 93.7% | 검증: 86.6% | lr: 3.65e-04 | 0.4s
  에폭 1148/3000 | 손실: 0.2957 | 학습: 93.7% | 검증: 86.8% | lr: 3.65e-04 | 0.4s
  에폭 1149/3000 | 손실: 0.2946 | 학습: 93.8% | 검증: 87.0% | lr: 3.65e-04 | 0.4s
  에폭 1150/3000 | 손실: 0.2933 | 학습: 93.9% | 검증: 86.7% | lr: 3.65e-04 | 0.4s
  에폭 1151/3000 | 손실: 0.2925 | 학습: 94.0% | 검증: 87.2% | lr: 3.65e-04 | 0.4s
  에폭 1152/3000 | 손실: 0.2995 | 학습: 93.6% | 검증: 86.4% | lr: 3.65e-04 | 0.4s
  에폭 1153/3000 | 손실: 0.2945 | 학습: 94.1% | 검증: 86.6% | lr: 3.65e-04 | 0.4s
  에폭 1154/3000 | 손실: 0.2976 | 학습: 94.0% | 검증: 86.6% | lr: 3.65e-04 | 0.4s
  에폭 1155/3000 | 손실: 0.2990 | 학습: 93.9% | 검증: 87.1% | lr: 3.65e-04 | 0.4s
  에폭 1156/3000 | 손실: 0.3003 | 학습: 94.0% | 검증: 86.7% | lr: 3.65e-04 | 0.4s
  에폭 1157/3000 | 손실: 0.2968 | 학습: 94.0% | 검증: 86.9% | lr: 3.65e-04 | 0.4s
  에폭 1158/3000 | 손실: 0.2933 | 학습: 94.0% | 검증: 86.7% | lr: 3.65e-04 | 0.4s
  에폭 1159/3000 | 손실: 0.2900 | 학습: 93.8% | 검증: 86.6% | lr: 3.65e-04 | 0.4s
  에폭 1160/3000 | 손실: 0.2985 | 학습: 93.8% | 검증: 87.0% | lr: 3.65e-04 | 0.4s
  에폭 1161/3000 | 손실: 0.2967 | 학습: 94.2% | 검증: 86.9% | lr: 3.65e-04 | 0.4s
  에폭 1162/3000 | 손실: 0.2935 | 학습: 93.8% | 검증: 86.7% | lr: 3.65e-04 | 0.4s
  에폭 1163/3000 | 손실: 0.2941 | 학습: 93.6% | 검증: 86.6% | lr: 3.65e-04 | 0.4s
  에폭 1164/3000 | 손실: 0.2985 | 학습: 94.0% | 검증: 86.6% | lr: 3.65e-04 | 0.4s
  에폭 1165/3000 | 손실: 0.2959 | 학습: 94.1% | 검증: 86.9% | lr: 3.65e-04 | 0.4s
  에폭 1166/3000 | 손실: 0.2961 | 학습: 94.2% | 검증: 87.0% | lr: 3.65e-04 | 0.4s
  에폭 1167/3000 | 손실: 0.2945 | 학습: 93.9% | 검증: 86.6% | lr: 3.65e-04 | 0.4s
  에폭 1168/3000 | 손실: 0.2913 | 학습: 93.6% | 검증: 86.2% | lr: 3.65e-04 | 0.4s
  에폭 1169/3000 | 손실: 0.2959 | 학습: 94.0% | 검증: 86.7% | lr: 3.65e-04 | 0.4s
  에폭 1170/3000 | 손실: 0.2940 | 학습: 93.8% | 검증: 86.7% | lr: 3.65e-04 | 0.4s
  에폭 1171/3000 | 손실: 0.2966 | 학습: 94.0% | 검증: 86.7% | lr: 3.65e-04 | 0.4s
  에폭 1172/3000 | 손실: 0.2987 | 학습: 94.0% | 검증: 86.7% | lr: 3.65e-04 | 0.4s
  에폭 1173/3000 | 손실: 0.2970 | 학습: 94.2% | 검증: 86.8% | lr: 3.65e-04 | 0.4s
  에폭 1174/3000 | 손실: 0.2950 | 학습: 93.9% | 검증: 86.6% | lr: 3.65e-04 | 0.4s
  에폭 1175/3000 | 손실: 0.2977 | 학습: 94.0% | 검증: 86.6% | lr: 3.65e-04 | 0.4s
  에폭 1176/3000 | 손실: 0.2951 | 학습: 94.1% | 검증: 86.8% | lr: 3.65e-04 | 0.4s
  에폭 1177/3000 | 손실: 0.2947 | 학습: 93.9% | 검증: 86.5% | lr: 3.65e-04 | 0.4s
  에폭 1178/3000 | 손실: 0.2927 | 학습: 94.0% | 검증: 86.5% | lr: 3.65e-04 | 0.4s
  에폭 1179/3000 | 손실: 0.2857 | 학습: 94.2% | 검증: 86.7% | lr: 3.65e-04 | 0.4s
  에폭 1180/3000 | 손실: 0.2967 | 학습: 93.8% | 검증: 87.2% | lr: 3.65e-04 | 0.4s
  에폭 1181/3000 | 손실: 0.2956 | 학습: 94.1% | 검증: 86.9% | lr: 3.65e-04 | 0.4s
  에폭 1182/3000 | 손실: 0.2952 | 학습: 94.2% | 검증: 86.5% | lr: 3.65e-04 | 0.4s
  에폭 1183/3000 | 손실: 0.2972 | 학습: 93.9% | 검증: 87.0% | lr: 3.65e-04 | 0.4s
  에폭 1184/3000 | 손실: 0.2877 | 학습: 94.1% | 검증: 87.0% | lr: 3.65e-04 | 0.4s
  에폭 1185/3000 | 손실: 0.2923 | 학습: 93.9% | 검증: 86.9% | lr: 3.65e-04 | 0.4s
  에폭 1186/3000 | 손실: 0.2924 | 학습: 94.3% | 검증: 87.0% | lr: 3.65e-04 | 0.4s
  에폭 1187/3000 | 손실: 0.2975 | 학습: 94.1% | 검증: 86.4% | lr: 3.65e-04 | 0.4s
  에폭 1188/3000 | 손실: 0.2946 | 학습: 94.1% | 검증: 86.9% | lr: 3.65e-04 | 0.4s
  에폭 1189/3000 | 손실: 0.3000 | 학습: 94.0% | 검증: 86.9% | lr: 3.65e-04 | 0.4s
  에폭 1190/3000 | 손실: 0.2918 | 학습: 94.0% | 검증: 86.8% | lr: 3.65e-04 | 0.4s
  에폭 1191/3000 | 손실: 0.2933 | 학습: 94.2% | 검증: 87.0% | lr: 3.65e-04 | 0.4s
  에폭 1192/3000 | 손실: 0.2897 | 학습: 94.0% | 검증: 86.8% | lr: 3.65e-04 | 0.4s
  에폭 1193/3000 | 손실: 0.2959 | 학습: 93.8% | 검증: 86.4% | lr: 3.65e-04 | 0.4s
  에폭 1194/3000 | 손실: 0.2897 | 학습: 94.1% | 검증: 87.0% | lr: 3.65e-04 | 0.4s
  에폭 1195/3000 | 손실: 0.3024 | 학습: 94.1% | 검증: 87.1% | lr: 3.65e-04 | 0.4s
  에폭 1196/3000 | 손실: 0.2982 | 학습: 93.8% | 검증: 86.9% | lr: 3.65e-04 | 0.4s
  에폭 1197/3000 | 손실: 0.2962 | 학습: 94.2% | 검증: 86.7% | lr: 3.65e-04 | 0.4s
  에폭 1198/3000 | 손실: 0.2939 | 학습: 94.1% | 검증: 86.8% | lr: 3.65e-04 | 0.4s
  에폭 1199/3000 | 손실: 0.2947 | 학습: 94.2% | 검증: 86.8% | lr: 3.65e-04 | 0.4s
  에폭 1200/3000 | 손실: 0.2896 | 학습: 94.2% | 검증: 86.3% | lr: 3.65e-04 | 0.4s
  에폭 1201/3000 | 손실: 0.2872 | 학습: 94.2% | 검증: 86.7% | lr: 3.65e-04 | 0.4s
  에폭 1202/3000 | 손실: 0.2982 | 학습: 93.8% | 검증: 86.6% | lr: 3.65e-04 | 0.4s
  에폭 1203/3000 | 손실: 0.2948 | 학습: 94.1% | 검증: 86.6% | lr: 3.65e-04 | 0.4s
  에폭 1204/3000 | 손실: 0.2912 | 학습: 94.2% | 검증: 86.7% | lr: 3.65e-04 | 0.4s
  에폭 1205/3000 | 손실: 0.2930 | 학습: 94.0% | 검증: 86.4% | lr: 3.65e-04 | 0.4s
  에폭 1206/3000 | 손실: 0.2915 | 학습: 94.0% | 검증: 86.6% | lr: 3.65e-04 | 0.4s
  에폭 1207/3000 | 손실: 0.2900 | 학습: 94.1% | 검증: 86.7% | lr: 3.65e-04 | 0.4s
  에폭 1208/3000 | 손실: 0.2969 | 학습: 94.0% | 검증: 86.8% | lr: 3.65e-04 | 0.4s
  에폭 1209/3000 | 손실: 0.2982 | 학습: 94.1% | 검증: 86.8% | lr: 3.65e-04 | 0.4s
  에폭 1210/3000 | 손실: 0.2935 | 학습: 94.0% | 검증: 86.7% | lr: 3.65e-04 | 0.4s
  에폭 1211/3000 | 손실: 0.2906 | 학습: 94.0% | 검증: 86.3% | lr: 3.65e-04 | 0.4s
  에폭 1212/3000 | 손실: 0.2951 | 학습: 94.2% | 검증: 87.0% | lr: 3.65e-04 | 0.4s
  에폭 1213/3000 | 손실: 0.2977 | 학습: 94.0% | 검증: 86.8% | lr: 3.65e-04 | 0.4s
  에폭 1214/3000 | 손실: 0.2941 | 학습: 94.4% | 검증: 87.0% | lr: 3.65e-04 | 0.4s
  에폭 1215/3000 | 손실: 0.2929 | 학습: 93.8% | 검증: 86.8% | lr: 3.65e-04 | 0.4s
  에폭 1216/3000 | 손실: 0.2964 | 학습: 94.3% | 검증: 86.9% | lr: 3.65e-04 | 0.4s
  에폭 1217/3000 | 손실: 0.2950 | 학습: 93.8% | 검증: 86.0% | lr: 3.65e-04 | 0.4s
  에폭 1218/3000 | 손실: 0.2916 | 학습: 93.9% | 검증: 86.8% | lr: 3.65e-04 | 0.4s
  에폭 1219/3000 | 손실: 0.2926 | 학습: 94.4% | 검증: 86.8% | lr: 3.65e-04 | 0.4s
  에폭 1220/3000 | 손실: 0.2961 | 학습: 93.8% | 검증: 86.4% | lr: 3.65e-04 | 0.4s
  에폭 1221/3000 | 손실: 0.3024 | 학습: 94.1% | 검증: 86.9% | lr: 3.65e-04 | 0.4s
  에폭 1222/3000 | 손실: 0.2947 | 학습: 94.0% | 검증: 86.7% | lr: 3.65e-04 | 0.4s
  에폭 1223/3000 | 손실: 0.2894 | 학습: 94.2% | 검증: 86.3% | lr: 3.65e-04 | 0.4s
  에폭 1224/3000 | 손실: 0.2934 | 학습: 94.1% | 검증: 86.7% | lr: 3.65e-04 | 0.4s
  에폭 1225/3000 | 손실: 0.2921 | 학습: 93.9% | 검증: 86.7% | lr: 3.65e-04 | 0.4s
  에폭 1226/3000 | 손실: 0.2912 | 학습: 94.1% | 검증: 86.6% | lr: 3.65e-04 | 0.4s
  에폭 1227/3000 | 손실: 0.2897 | 학습: 94.0% | 검증: 86.6% | lr: 3.65e-04 | 0.4s
  에폭 1228/3000 | 손실: 0.2987 | 학습: 93.5% | 검증: 86.6% | lr: 3.65e-04 | 0.4s
  에폭 1229/3000 | 손실: 0.2990 | 학습: 93.9% | 검증: 86.5% | lr: 3.65e-04 | 0.4s
  에폭 1230/3000 | 손실: 0.2920 | 학습: 94.0% | 검증: 86.8% | lr: 3.28e-04 | 0.4s
  에폭 1231/3000 | 손실: 0.2911 | 학습: 94.2% | 검증: 86.8% | lr: 3.28e-04 | 0.4s
  에폭 1232/3000 | 손실: 0.2940 | 학습: 94.1% | 검증: 86.6% | lr: 3.28e-04 | 0.4s
  에폭 1233/3000 | 손실: 0.2960 | 학습: 94.2% | 검증: 86.7% | lr: 3.28e-04 | 0.4s
  에폭 1234/3000 | 손실: 0.2876 | 학습: 94.0% | 검증: 86.7% | lr: 3.28e-04 | 0.4s
  에폭 1235/3000 | 손실: 0.2938 | 학습: 94.0% | 검증: 86.5% | lr: 3.28e-04 | 0.4s
  에폭 1236/3000 | 손실: 0.2925 | 학습: 94.4% | 검증: 86.8% | lr: 3.28e-04 | 0.4s
  에폭 1237/3000 | 손실: 0.2936 | 학습: 94.2% | 검증: 86.9% | lr: 3.28e-04 | 0.4s
  에폭 1238/3000 | 손실: 0.2936 | 학습: 94.2% | 검증: 87.0% | lr: 3.28e-04 | 0.4s
  에폭 1239/3000 | 손실: 0.2884 | 학습: 94.3% | 검증: 86.6% | lr: 3.28e-04 | 0.4s
  에폭 1240/3000 | 손실: 0.2894 | 학습: 94.4% | 검증: 87.4% | lr: 3.28e-04 | 0.4s ★
  에폭 1241/3000 | 손실: 0.2908 | 학습: 94.4% | 검증: 86.6% | lr: 3.28e-04 | 0.4s
  에폭 1242/3000 | 손실: 0.2889 | 학습: 94.5% | 검증: 87.1% | lr: 3.28e-04 | 0.4s
  에폭 1243/3000 | 손실: 0.2910 | 학습: 93.8% | 검증: 86.6% | lr: 3.28e-04 | 0.4s
  에폭 1244/3000 | 손실: 0.2948 | 학습: 94.0% | 검증: 86.4% | lr: 3.28e-04 | 0.4s
  에폭 1245/3000 | 손실: 0.2896 | 학습: 94.2% | 검증: 86.6% | lr: 3.28e-04 | 0.4s
  에폭 1246/3000 | 손실: 0.2909 | 학습: 94.2% | 검증: 87.1% | lr: 3.28e-04 | 0.4s
  에폭 1247/3000 | 손실: 0.2917 | 학습: 93.8% | 검증: 86.7% | lr: 3.28e-04 | 0.4s
  에폭 1248/3000 | 손실: 0.2939 | 학습: 94.2% | 검증: 86.8% | lr: 3.28e-04 | 0.4s
  에폭 1249/3000 | 손실: 0.2824 | 학습: 94.0% | 검증: 87.1% | lr: 3.28e-04 | 0.4s
  에폭 1250/3000 | 손실: 0.2892 | 학습: 93.9% | 검증: 86.5% | lr: 3.28e-04 | 0.4s
  에폭 1251/3000 | 손실: 0.2925 | 학습: 94.4% | 검증: 86.7% | lr: 3.28e-04 | 0.4s
  에폭 1252/3000 | 손실: 0.2910 | 학습: 94.4% | 검증: 86.7% | lr: 3.28e-04 | 0.4s
  에폭 1253/3000 | 손실: 0.2921 | 학습: 94.3% | 검증: 86.5% | lr: 3.28e-04 | 0.4s
  에폭 1254/3000 | 손실: 0.2897 | 학습: 94.2% | 검증: 86.9% | lr: 3.28e-04 | 0.4s
  에폭 1255/3000 | 손실: 0.2907 | 학습: 94.4% | 검증: 86.8% | lr: 3.28e-04 | 0.4s
  에폭 1256/3000 | 손실: 0.2931 | 학습: 94.3% | 검증: 87.2% | lr: 3.28e-04 | 0.4s
  에폭 1257/3000 | 손실: 0.2909 | 학습: 94.3% | 검증: 86.8% | lr: 3.28e-04 | 0.4s
  에폭 1258/3000 | 손실: 0.2916 | 학습: 94.4% | 검증: 86.8% | lr: 3.28e-04 | 0.4s
  에폭 1259/3000 | 손실: 0.2895 | 학습: 94.2% | 검증: 86.8% | lr: 3.28e-04 | 0.4s
  에폭 1260/3000 | 손실: 0.2899 | 학습: 94.0% | 검증: 86.4% | lr: 3.28e-04 | 0.4s
  에폭 1261/3000 | 손실: 0.2907 | 학습: 94.2% | 검증: 86.9% | lr: 3.28e-04 | 0.4s
  에폭 1262/3000 | 손실: 0.2926 | 학습: 94.3% | 검증: 86.8% | lr: 3.28e-04 | 0.4s
  에폭 1263/3000 | 손실: 0.2892 | 학습: 94.4% | 검증: 86.8% | lr: 3.28e-04 | 0.4s
  에폭 1264/3000 | 손실: 0.2871 | 학습: 94.2% | 검증: 86.7% | lr: 3.28e-04 | 0.4s
  에폭 1265/3000 | 손실: 0.2889 | 학습: 94.2% | 검증: 86.9% | lr: 3.28e-04 | 0.4s
  에폭 1266/3000 | 손실: 0.2913 | 학습: 94.1% | 검증: 86.7% | lr: 3.28e-04 | 0.4s
  에폭 1267/3000 | 손실: 0.2872 | 학습: 94.5% | 검증: 87.1% | lr: 3.28e-04 | 0.4s
  에폭 1268/3000 | 손실: 0.2932 | 학습: 94.4% | 검증: 86.8% | lr: 3.28e-04 | 0.4s
  에폭 1269/3000 | 손실: 0.2927 | 학습: 93.9% | 검증: 86.7% | lr: 3.28e-04 | 0.4s
  에폭 1270/3000 | 손실: 0.2901 | 학습: 94.4% | 검증: 86.9% | lr: 3.28e-04 | 0.4s
  에폭 1271/3000 | 손실: 0.2957 | 학습: 94.5% | 검증: 87.4% | lr: 3.28e-04 | 0.4s
  에폭 1272/3000 | 손실: 0.2962 | 학습: 94.3% | 검증: 87.3% | lr: 3.28e-04 | 0.4s
  에폭 1273/3000 | 손실: 0.2959 | 학습: 94.1% | 검증: 86.5% | lr: 3.28e-04 | 0.4s
  에폭 1274/3000 | 손실: 0.2931 | 학습: 94.3% | 검증: 86.4% | lr: 3.28e-04 | 0.4s
  에폭 1275/3000 | 손실: 0.2859 | 학습: 94.1% | 검증: 86.3% | lr: 3.28e-04 | 0.4s
  에폭 1276/3000 | 손실: 0.2919 | 학습: 94.0% | 검증: 86.6% | lr: 3.28e-04 | 0.4s
  에폭 1277/3000 | 손실: 0.2883 | 학습: 94.0% | 검증: 86.7% | lr: 3.28e-04 | 0.4s
  에폭 1278/3000 | 손실: 0.2950 | 학습: 94.2% | 검증: 86.4% | lr: 3.28e-04 | 0.4s
  에폭 1279/3000 | 손실: 0.2974 | 학습: 94.4% | 검증: 86.9% | lr: 3.28e-04 | 0.4s
  에폭 1280/3000 | 손실: 0.2915 | 학습: 94.1% | 검증: 86.6% | lr: 3.28e-04 | 0.4s
  에폭 1281/3000 | 손실: 0.2903 | 학습: 94.2% | 검증: 86.8% | lr: 3.28e-04 | 0.4s
  에폭 1282/3000 | 손실: 0.2884 | 학습: 94.4% | 검증: 87.1% | lr: 3.28e-04 | 0.4s
  에폭 1283/3000 | 손실: 0.2923 | 학습: 94.2% | 검증: 86.6% | lr: 3.28e-04 | 0.4s
  에폭 1284/3000 | 손실: 0.2883 | 학습: 94.4% | 검증: 86.8% | lr: 3.28e-04 | 0.4s
  에폭 1285/3000 | 손실: 0.2920 | 학습: 93.9% | 검증: 86.6% | lr: 3.28e-04 | 0.4s
  에폭 1286/3000 | 손실: 0.2944 | 학습: 94.1% | 검증: 86.6% | lr: 3.28e-04 | 0.4s
  에폭 1287/3000 | 손실: 0.2900 | 학습: 94.3% | 검증: 86.9% | lr: 3.28e-04 | 0.4s
  에폭 1288/3000 | 손실: 0.2890 | 학습: 94.3% | 검증: 86.9% | lr: 3.28e-04 | 0.4s
  에폭 1289/3000 | 손실: 0.2873 | 학습: 94.3% | 검증: 86.6% | lr: 3.28e-04 | 0.4s
  에폭 1290/3000 | 손실: 0.2872 | 학습: 94.1% | 검증: 86.6% | lr: 3.28e-04 | 0.4s
  에폭 1291/3000 | 손실: 0.2878 | 학습: 94.3% | 검증: 86.9% | lr: 3.28e-04 | 0.4s
  에폭 1292/3000 | 손실: 0.2964 | 학습: 94.3% | 검증: 87.0% | lr: 3.28e-04 | 0.4s
  에폭 1293/3000 | 손실: 0.2890 | 학습: 94.2% | 검증: 86.9% | lr: 3.28e-04 | 0.4s
  에폭 1294/3000 | 손실: 0.2954 | 학습: 94.2% | 검증: 86.5% | lr: 3.28e-04 | 0.4s
  에폭 1295/3000 | 손실: 0.2928 | 학습: 94.1% | 검증: 86.5% | lr: 3.28e-04 | 0.4s
  에폭 1296/3000 | 손실: 0.2963 | 학습: 94.1% | 검증: 86.8% | lr: 3.28e-04 | 0.4s
  에폭 1297/3000 | 손실: 0.2918 | 학습: 94.1% | 검증: 86.7% | lr: 3.28e-04 | 0.4s
  에폭 1298/3000 | 손실: 0.2931 | 학습: 94.2% | 검증: 86.6% | lr: 3.28e-04 | 0.4s
  에폭 1299/3000 | 손실: 0.2969 | 학습: 94.4% | 검증: 86.7% | lr: 3.28e-04 | 0.4s
  에폭 1300/3000 | 손실: 0.2950 | 학습: 94.4% | 검증: 86.7% | lr: 2.95e-04 | 0.4s
  에폭 1301/3000 | 손실: 0.2866 | 학습: 94.6% | 검증: 86.8% | lr: 2.95e-04 | 0.4s
  에폭 1302/3000 | 손실: 0.2919 | 학습: 94.2% | 검증: 87.0% | lr: 2.95e-04 | 0.4s
  에폭 1303/3000 | 손실: 0.2845 | 학습: 94.4% | 검증: 87.5% | lr: 2.95e-04 | 0.4s ★
  에폭 1304/3000 | 손실: 0.2848 | 학습: 94.3% | 검증: 87.0% | lr: 2.95e-04 | 0.4s
  에폭 1305/3000 | 손실: 0.2911 | 학습: 94.1% | 검증: 87.3% | lr: 2.95e-04 | 0.4s
  에폭 1306/3000 | 손실: 0.2924 | 학습: 94.0% | 검증: 87.1% | lr: 2.95e-04 | 0.4s
  에폭 1307/3000 | 손실: 0.2885 | 학습: 94.1% | 검증: 86.9% | lr: 2.95e-04 | 0.4s
  에폭 1308/3000 | 손실: 0.2855 | 학습: 94.3% | 검증: 87.0% | lr: 2.95e-04 | 0.4s
  에폭 1309/3000 | 손실: 0.2928 | 학습: 94.1% | 검증: 87.0% | lr: 2.95e-04 | 0.4s
  에폭 1310/3000 | 손실: 0.2881 | 학습: 94.2% | 검증: 87.0% | lr: 2.95e-04 | 0.4s
  에폭 1311/3000 | 손실: 0.2911 | 학습: 94.3% | 검증: 86.7% | lr: 2.95e-04 | 0.4s
  에폭 1312/3000 | 손실: 0.2884 | 학습: 94.4% | 검증: 87.1% | lr: 2.95e-04 | 0.4s
  에폭 1313/3000 | 손실: 0.2907 | 학습: 94.3% | 검증: 86.9% | lr: 2.95e-04 | 0.4s
  에폭 1314/3000 | 손실: 0.2878 | 학습: 94.3% | 검증: 86.7% | lr: 2.95e-04 | 0.4s
  에폭 1315/3000 | 손실: 0.2862 | 학습: 94.2% | 검증: 87.3% | lr: 2.95e-04 | 0.4s
  에폭 1316/3000 | 손실: 0.2853 | 학습: 94.3% | 검증: 86.8% | lr: 2.95e-04 | 0.4s
  에폭 1317/3000 | 손실: 0.2855 | 학습: 94.2% | 검증: 86.9% | lr: 2.95e-04 | 0.4s
  에폭 1318/3000 | 손실: 0.2931 | 학습: 94.0% | 검증: 86.7% | lr: 2.95e-04 | 0.4s
  에폭 1319/3000 | 손실: 0.2926 | 학습: 94.4% | 검증: 87.0% | lr: 2.95e-04 | 0.4s
  에폭 1320/3000 | 손실: 0.2926 | 학습: 94.3% | 검증: 87.1% | lr: 2.95e-04 | 0.4s
  에폭 1321/3000 | 손실: 0.2875 | 학습: 94.2% | 검증: 86.8% | lr: 2.95e-04 | 0.4s
  에폭 1322/3000 | 손실: 0.2933 | 학습: 94.5% | 검증: 86.9% | lr: 2.95e-04 | 0.4s
  에폭 1323/3000 | 손실: 0.2903 | 학습: 94.4% | 검증: 87.1% | lr: 2.95e-04 | 0.4s
  에폭 1324/3000 | 손실: 0.2897 | 학습: 94.3% | 검증: 86.9% | lr: 2.95e-04 | 0.4s
  에폭 1325/3000 | 손실: 0.2894 | 학습: 94.2% | 검증: 86.5% | lr: 2.95e-04 | 0.4s
  에폭 1326/3000 | 손실: 0.2887 | 학습: 94.3% | 검증: 87.0% | lr: 2.95e-04 | 0.4s
  에폭 1327/3000 | 손실: 0.2883 | 학습: 94.4% | 검증: 87.2% | lr: 2.95e-04 | 0.4s
  에폭 1328/3000 | 손실: 0.2885 | 학습: 94.4% | 검증: 87.1% | lr: 2.95e-04 | 0.4s
  에폭 1329/3000 | 손실: 0.2908 | 학습: 94.6% | 검증: 86.9% | lr: 2.95e-04 | 0.4s
  에폭 1330/3000 | 손실: 0.2910 | 학습: 94.4% | 검증: 86.9% | lr: 2.95e-04 | 0.4s
  에폭 1331/3000 | 손실: 0.2925 | 학습: 94.5% | 검증: 87.0% | lr: 2.95e-04 | 0.4s
  에폭 1332/3000 | 손실: 0.2891 | 학습: 94.4% | 검증: 86.7% | lr: 2.95e-04 | 0.4s
  에폭 1333/3000 | 손실: 0.2902 | 학습: 94.4% | 검증: 86.8% | lr: 2.95e-04 | 0.4s
  에폭 1334/3000 | 손실: 0.2853 | 학습: 94.2% | 검증: 86.7% | lr: 2.95e-04 | 0.4s
  에폭 1335/3000 | 손실: 0.2899 | 학습: 94.2% | 검증: 87.1% | lr: 2.95e-04 | 0.4s
  에폭 1336/3000 | 손실: 0.2870 | 학습: 94.4% | 검증: 87.0% | lr: 2.95e-04 | 0.4s
  에폭 1337/3000 | 손실: 0.2936 | 학습: 94.4% | 검증: 86.7% | lr: 2.95e-04 | 0.4s
  에폭 1338/3000 | 손실: 0.2883 | 학습: 94.5% | 검증: 86.8% | lr: 2.95e-04 | 0.4s
  에폭 1339/3000 | 손실: 0.2869 | 학습: 94.4% | 검증: 86.9% | lr: 2.95e-04 | 0.4s
  에폭 1340/3000 | 손실: 0.2862 | 학습: 94.2% | 검증: 86.9% | lr: 2.95e-04 | 0.4s
  에폭 1341/3000 | 손실: 0.2875 | 학습: 94.2% | 검증: 86.7% | lr: 2.95e-04 | 0.4s
  에폭 1342/3000 | 손실: 0.2898 | 학습: 94.5% | 검증: 87.4% | lr: 2.95e-04 | 0.4s
  에폭 1343/3000 | 손실: 0.2857 | 학습: 94.5% | 검증: 86.9% | lr: 2.95e-04 | 0.4s
  에폭 1344/3000 | 손실: 0.2870 | 학습: 94.5% | 검증: 86.9% | lr: 2.95e-04 | 0.4s
  에폭 1345/3000 | 손실: 0.2893 | 학습: 94.4% | 검증: 86.7% | lr: 2.95e-04 | 0.4s
  에폭 1346/3000 | 손실: 0.2915 | 학습: 94.5% | 검증: 86.7% | lr: 2.95e-04 | 0.4s
  에폭 1347/3000 | 손실: 0.2834 | 학습: 94.2% | 검증: 87.0% | lr: 2.95e-04 | 0.4s
  에폭 1348/3000 | 손실: 0.2886 | 학습: 94.4% | 검증: 86.9% | lr: 2.95e-04 | 0.4s
  에폭 1349/3000 | 손실: 0.2918 | 학습: 94.3% | 검증: 87.0% | lr: 2.95e-04 | 0.4s
  에폭 1350/3000 | 손실: 0.2883 | 학습: 94.5% | 검증: 87.0% | lr: 2.95e-04 | 0.4s
  에폭 1351/3000 | 손실: 0.2923 | 학습: 94.6% | 검증: 87.2% | lr: 2.66e-04 | 0.4s
  에폭 1352/3000 | 손실: 0.2873 | 학습: 94.3% | 검증: 86.9% | lr: 2.66e-04 | 0.4s
  에폭 1353/3000 | 손실: 0.2835 | 학습: 94.5% | 검증: 86.8% | lr: 2.66e-04 | 0.4s
  에폭 1354/3000 | 손실: 0.2829 | 학습: 94.4% | 검증: 87.0% | lr: 2.66e-04 | 0.4s
  에폭 1355/3000 | 손실: 0.2886 | 학습: 94.3% | 검증: 86.8% | lr: 2.66e-04 | 0.4s
  에폭 1356/3000 | 손실: 0.2897 | 학습: 94.4% | 검증: 87.2% | lr: 2.66e-04 | 0.4s
  에폭 1357/3000 | 손실: 0.2872 | 학습: 94.5% | 검증: 87.0% | lr: 2.66e-04 | 0.4s
  에폭 1358/3000 | 손실: 0.2940 | 학습: 94.6% | 검증: 86.9% | lr: 2.66e-04 | 0.4s
  에폭 1359/3000 | 손실: 0.2894 | 학습: 94.3% | 검증: 87.2% | lr: 2.66e-04 | 0.4s
  에폭 1360/3000 | 손실: 0.2834 | 학습: 94.4% | 검증: 87.0% | lr: 2.66e-04 | 0.4s
  에폭 1361/3000 | 손실: 0.2835 | 학습: 94.2% | 검증: 87.0% | lr: 2.66e-04 | 0.4s
  에폭 1362/3000 | 손실: 0.2896 | 학습: 94.6% | 검증: 87.0% | lr: 2.66e-04 | 0.4s
  에폭 1363/3000 | 손실: 0.2922 | 학습: 94.5% | 검증: 86.7% | lr: 2.66e-04 | 0.4s
  에폭 1364/3000 | 손실: 0.2864 | 학습: 94.4% | 검증: 86.8% | lr: 2.66e-04 | 0.4s
  에폭 1365/3000 | 손실: 0.2902 | 학습: 94.7% | 검증: 87.1% | lr: 2.66e-04 | 0.4s
  에폭 1366/3000 | 손실: 0.2826 | 학습: 94.6% | 검증: 87.0% | lr: 2.66e-04 | 0.4s
  에폭 1367/3000 | 손실: 0.2778 | 학습: 94.4% | 검증: 86.9% | lr: 2.66e-04 | 0.4s
  에폭 1368/3000 | 손실: 0.2843 | 학습: 94.7% | 검증: 87.4% | lr: 2.66e-04 | 0.4s
  에폭 1369/3000 | 손실: 0.2845 | 학습: 94.5% | 검증: 87.2% | lr: 2.66e-04 | 0.4s
  에폭 1370/3000 | 손실: 0.2886 | 학습: 94.6% | 검증: 87.3% | lr: 2.66e-04 | 0.4s
  에폭 1371/3000 | 손실: 0.2855 | 학습: 94.6% | 검증: 87.0% | lr: 2.66e-04 | 0.4s
  에폭 1372/3000 | 손실: 0.2841 | 학습: 94.6% | 검증: 87.2% | lr: 2.66e-04 | 0.4s
  에폭 1373/3000 | 손실: 0.2866 | 학습: 94.4% | 검증: 86.8% | lr: 2.66e-04 | 0.4s
  에폭 1374/3000 | 손실: 0.2827 | 학습: 94.3% | 검증: 86.9% | lr: 2.66e-04 | 0.4s
  에폭 1375/3000 | 손실: 0.2857 | 학습: 94.6% | 검증: 86.9% | lr: 2.66e-04 | 0.4s
  에폭 1376/3000 | 손실: 0.2880 | 학습: 94.4% | 검증: 87.1% | lr: 2.66e-04 | 0.4s
  에폭 1377/3000 | 손실: 0.2835 | 학습: 94.4% | 검증: 86.9% | lr: 2.66e-04 | 0.4s
  에폭 1378/3000 | 손실: 0.2865 | 학습: 94.5% | 검증: 86.8% | lr: 2.66e-04 | 0.4s
  에폭 1379/3000 | 손실: 0.2826 | 학습: 94.5% | 검증: 87.0% | lr: 2.66e-04 | 0.4s
  에폭 1380/3000 | 손실: 0.2855 | 학습: 94.2% | 검증: 87.1% | lr: 2.66e-04 | 0.4s
  에폭 1381/3000 | 손실: 0.2909 | 학습: 94.5% | 검증: 86.7% | lr: 2.66e-04 | 0.4s
  에폭 1382/3000 | 손실: 0.2836 | 학습: 94.5% | 검증: 87.1% | lr: 2.66e-04 | 0.4s
  에폭 1383/3000 | 손실: 0.2900 | 학습: 94.4% | 검증: 87.0% | lr: 2.66e-04 | 0.4s
  에폭 1384/3000 | 손실: 0.2888 | 학습: 94.5% | 검증: 87.3% | lr: 2.66e-04 | 0.4s
  에폭 1385/3000 | 손실: 0.2856 | 학습: 94.3% | 검증: 87.0% | lr: 2.66e-04 | 0.4s
  에폭 1386/3000 | 손실: 0.2921 | 학습: 94.4% | 검증: 87.0% | lr: 2.66e-04 | 0.4s
  에폭 1387/3000 | 손실: 0.2861 | 학습: 94.5% | 검증: 87.5% | lr: 2.66e-04 | 0.4s
  에폭 1388/3000 | 손실: 0.2832 | 학습: 94.6% | 검증: 87.0% | lr: 2.66e-04 | 0.4s
  에폭 1389/3000 | 손실: 0.2824 | 학습: 94.5% | 검증: 87.2% | lr: 2.66e-04 | 0.4s
  에폭 1390/3000 | 손실: 0.2898 | 학습: 94.5% | 검증: 86.7% | lr: 2.66e-04 | 0.4s
  에폭 1391/3000 | 손실: 0.2898 | 학습: 94.5% | 검증: 87.1% | lr: 2.66e-04 | 0.4s
  에폭 1392/3000 | 손실: 0.2880 | 학습: 94.6% | 검증: 87.0% | lr: 2.66e-04 | 0.4s
  에폭 1393/3000 | 손실: 0.2859 | 학습: 94.4% | 검증: 87.1% | lr: 2.66e-04 | 0.4s
  에폭 1394/3000 | 손실: 0.2853 | 학습: 94.3% | 검증: 86.9% | lr: 2.66e-04 | 0.4s
  에폭 1395/3000 | 손실: 0.2785 | 학습: 94.2% | 검증: 86.9% | lr: 2.66e-04 | 0.4s
  에폭 1396/3000 | 손실: 0.2889 | 학습: 94.5% | 검증: 86.8% | lr: 2.66e-04 | 0.4s
  에폭 1397/3000 | 손실: 0.2940 | 학습: 94.6% | 검증: 87.0% | lr: 2.66e-04 | 0.4s
  에폭 1398/3000 | 손실: 0.2828 | 학습: 94.2% | 검증: 86.7% | lr: 2.66e-04 | 0.4s
  에폭 1399/3000 | 손실: 0.2816 | 학습: 94.5% | 검증: 86.8% | lr: 2.66e-04 | 0.4s
  에폭 1400/3000 | 손실: 0.2934 | 학습: 94.3% | 검증: 87.2% | lr: 2.66e-04 | 0.4s
  에폭 1401/3000 | 손실: 0.2811 | 학습: 94.7% | 검증: 87.4% | lr: 2.66e-04 | 0.4s
  에폭 1402/3000 | 손실: 0.2841 | 학습: 94.4% | 검증: 86.8% | lr: 2.66e-04 | 0.4s
  에폭 1403/3000 | 손실: 0.2828 | 학습: 94.7% | 검증: 87.0% | lr: 2.66e-04 | 0.4s
  에폭 1404/3000 | 손실: 0.2851 | 학습: 94.6% | 검증: 87.0% | lr: 2.66e-04 | 0.4s
  에폭 1405/3000 | 손실: 0.2802 | 학습: 94.6% | 검증: 86.9% | lr: 2.66e-04 | 0.4s
  에폭 1406/3000 | 손실: 0.2862 | 학습: 94.6% | 검증: 87.1% | lr: 2.66e-04 | 0.4s
  에폭 1407/3000 | 손실: 0.2860 | 학습: 94.3% | 검증: 87.0% | lr: 2.66e-04 | 0.4s
  에폭 1408/3000 | 손실: 0.2862 | 학습: 94.8% | 검증: 86.8% | lr: 2.66e-04 | 0.4s
  에폭 1409/3000 | 손실: 0.2840 | 학습: 94.5% | 검증: 86.6% | lr: 2.66e-04 | 0.4s
  에폭 1410/3000 | 손실: 0.2820 | 학습: 94.5% | 검증: 87.0% | lr: 2.66e-04 | 0.4s
  에폭 1411/3000 | 손실: 0.2835 | 학습: 94.1% | 검증: 87.2% | lr: 2.66e-04 | 0.4s
  에폭 1412/3000 | 손실: 0.2851 | 학습: 94.5% | 검증: 87.1% | lr: 2.66e-04 | 0.4s
  에폭 1413/3000 | 손실: 0.2883 | 학습: 94.5% | 검증: 87.2% | lr: 2.66e-04 | 0.4s
  에폭 1414/3000 | 손실: 0.2840 | 학습: 94.6% | 검증: 87.2% | lr: 2.66e-04 | 0.4s
  에폭 1415/3000 | 손실: 0.2847 | 학습: 94.6% | 검증: 87.0% | lr: 2.66e-04 | 0.4s
  에폭 1416/3000 | 손실: 0.2831 | 학습: 94.4% | 검증: 87.1% | lr: 2.66e-04 | 0.4s
  에폭 1417/3000 | 손실: 0.2808 | 학습: 94.5% | 검증: 86.6% | lr: 2.66e-04 | 0.4s
  에폭 1418/3000 | 손실: 0.2791 | 학습: 94.4% | 검증: 87.1% | lr: 2.39e-04 | 0.4s
  에폭 1419/3000 | 손실: 0.2899 | 학습: 94.4% | 검증: 87.1% | lr: 2.39e-04 | 0.4s
  에폭 1420/3000 | 손실: 0.2812 | 학습: 94.5% | 검증: 87.0% | lr: 2.39e-04 | 0.4s
  에폭 1421/3000 | 손실: 0.2869 | 학습: 94.7% | 검증: 87.6% | lr: 2.39e-04 | 0.4s ★
  에폭 1422/3000 | 손실: 0.2901 | 학습: 94.6% | 검증: 87.0% | lr: 2.39e-04 | 0.4s
  에폭 1423/3000 | 손실: 0.2847 | 학습: 94.7% | 검증: 87.0% | lr: 2.39e-04 | 0.4s
  에폭 1424/3000 | 손실: 0.2927 | 학습: 94.4% | 검증: 87.2% | lr: 2.39e-04 | 0.4s
  에폭 1425/3000 | 손실: 0.2867 | 학습: 94.5% | 검증: 87.1% | lr: 2.39e-04 | 0.4s
  에폭 1426/3000 | 손실: 0.2813 | 학습: 94.3% | 검증: 87.1% | lr: 2.39e-04 | 0.4s
  에폭 1427/3000 | 손실: 0.2852 | 학습: 94.6% | 검증: 87.4% | lr: 2.39e-04 | 0.4s
  에폭 1428/3000 | 손실: 0.2822 | 학습: 94.6% | 검증: 87.2% | lr: 2.39e-04 | 0.4s
  에폭 1429/3000 | 손실: 0.2835 | 학습: 94.7% | 검증: 87.2% | lr: 2.39e-04 | 0.4s
  에폭 1430/3000 | 손실: 0.2832 | 학습: 94.7% | 검증: 87.2% | lr: 2.39e-04 | 0.4s
  에폭 1431/3000 | 손실: 0.2829 | 학습: 94.6% | 검증: 87.2% | lr: 2.39e-04 | 0.4s
  에폭 1432/3000 | 손실: 0.2860 | 학습: 94.7% | 검증: 87.4% | lr: 2.39e-04 | 0.4s
  에폭 1433/3000 | 손실: 0.2860 | 학습: 94.7% | 검증: 87.5% | lr: 2.39e-04 | 0.4s
  에폭 1434/3000 | 손실: 0.2880 | 학습: 94.7% | 검증: 87.6% | lr: 2.39e-04 | 0.4s ★
  에폭 1435/3000 | 손실: 0.2850 | 학습: 94.7% | 검증: 87.5% | lr: 2.39e-04 | 0.4s
  에폭 1436/3000 | 손실: 0.2872 | 학습: 94.8% | 검증: 87.5% | lr: 2.39e-04 | 0.4s
  에폭 1437/3000 | 손실: 0.2910 | 학습: 94.4% | 검증: 87.1% | lr: 2.39e-04 | 0.4s
  에폭 1438/3000 | 손실: 0.2874 | 학습: 94.4% | 검증: 87.1% | lr: 2.39e-04 | 0.4s
  에폭 1439/3000 | 손실: 0.2829 | 학습: 94.6% | 검증: 87.1% | lr: 2.39e-04 | 0.4s
  에폭 1440/3000 | 손실: 0.2892 | 학습: 94.7% | 검증: 87.0% | lr: 2.39e-04 | 0.4s
  에폭 1441/3000 | 손실: 0.2833 | 학습: 94.8% | 검증: 87.2% | lr: 2.39e-04 | 0.4s
  에폭 1442/3000 | 손실: 0.2897 | 학습: 94.8% | 검증: 87.1% | lr: 2.39e-04 | 0.4s
  에폭 1443/3000 | 손실: 0.2840 | 학습: 94.6% | 검증: 87.0% | lr: 2.39e-04 | 0.4s
  에폭 1444/3000 | 손실: 0.2865 | 학습: 94.7% | 검증: 87.4% | lr: 2.39e-04 | 0.4s
  에폭 1445/3000 | 손실: 0.2822 | 학습: 94.4% | 검증: 87.1% | lr: 2.39e-04 | 0.4s
  에폭 1446/3000 | 손실: 0.2843 | 학습: 94.5% | 검증: 87.3% | lr: 2.39e-04 | 0.4s
  에폭 1447/3000 | 손실: 0.2858 | 학습: 94.7% | 검증: 87.3% | lr: 2.39e-04 | 0.4s
  에폭 1448/3000 | 손실: 0.2844 | 학습: 94.4% | 검증: 87.0% | lr: 2.39e-04 | 0.4s
  에폭 1449/3000 | 손실: 0.2889 | 학습: 94.7% | 검증: 87.2% | lr: 2.39e-04 | 0.4s
  에폭 1450/3000 | 손실: 0.2814 | 학습: 94.4% | 검증: 87.1% | lr: 2.39e-04 | 0.4s
  에폭 1451/3000 | 손실: 0.2854 | 학습: 94.6% | 검증: 87.2% | lr: 2.39e-04 | 0.4s
  에폭 1452/3000 | 손실: 0.2883 | 학습: 94.7% | 검증: 87.0% | lr: 2.39e-04 | 0.4s
  에폭 1453/3000 | 손실: 0.2844 | 학습: 94.7% | 검증: 87.4% | lr: 2.39e-04 | 0.4s
  에폭 1454/3000 | 손실: 0.2858 | 학습: 94.5% | 검증: 87.2% | lr: 2.39e-04 | 0.4s
  에폭 1455/3000 | 손실: 0.2864 | 학습: 94.4% | 검증: 87.0% | lr: 2.39e-04 | 0.4s
  에폭 1456/3000 | 손실: 0.2806 | 학습: 94.6% | 검증: 87.3% | lr: 2.39e-04 | 0.4s
  에폭 1457/3000 | 손실: 0.2782 | 학습: 94.6% | 검증: 87.1% | lr: 2.39e-04 | 0.4s
  에폭 1458/3000 | 손실: 0.2825 | 학습: 94.6% | 검증: 87.0% | lr: 2.39e-04 | 0.4s
  에폭 1459/3000 | 손실: 0.2791 | 학습: 94.5% | 검증: 87.1% | lr: 2.39e-04 | 0.4s
  에폭 1460/3000 | 손실: 0.2830 | 학습: 94.6% | 검증: 87.1% | lr: 2.39e-04 | 0.4s
  에폭 1461/3000 | 손실: 0.2859 | 학습: 94.6% | 검증: 87.3% | lr: 2.39e-04 | 0.4s
  에폭 1462/3000 | 손실: 0.2847 | 학습: 94.8% | 검증: 87.2% | lr: 2.39e-04 | 0.4s
  에폭 1463/3000 | 손실: 0.2921 | 학습: 94.8% | 검증: 87.2% | lr: 2.39e-04 | 0.4s
  에폭 1464/3000 | 손실: 0.2814 | 학습: 94.8% | 검증: 87.1% | lr: 2.39e-04 | 0.4s
  에폭 1465/3000 | 손실: 0.2796 | 학습: 94.9% | 검증: 87.2% | lr: 2.39e-04 | 0.4s
  에폭 1466/3000 | 손실: 0.2787 | 학습: 94.6% | 검증: 87.0% | lr: 2.39e-04 | 0.4s
  에폭 1467/3000 | 손실: 0.2828 | 학습: 94.4% | 검증: 87.0% | lr: 2.39e-04 | 0.4s
  에폭 1468/3000 | 손실: 0.2881 | 학습: 94.7% | 검증: 87.2% | lr: 2.39e-04 | 0.4s
  에폭 1469/3000 | 손실: 0.2793 | 학습: 94.7% | 검증: 87.2% | lr: 2.15e-04 | 0.4s
  에폭 1470/3000 | 손실: 0.2831 | 학습: 94.8% | 검증: 87.0% | lr: 2.15e-04 | 0.4s
  에폭 1471/3000 | 손실: 0.2739 | 학습: 94.7% | 검증: 86.8% | lr: 2.15e-04 | 0.4s
  에폭 1472/3000 | 손실: 0.2835 | 학습: 94.7% | 검증: 87.0% | lr: 2.15e-04 | 0.4s
  에폭 1473/3000 | 손실: 0.2799 | 학습: 94.5% | 검증: 87.6% | lr: 2.15e-04 | 0.4s
  에폭 1474/3000 | 손실: 0.2795 | 학습: 94.7% | 검증: 87.4% | lr: 2.15e-04 | 0.4s
  에폭 1475/3000 | 손실: 0.2863 | 학습: 94.5% | 검증: 87.2% | lr: 2.15e-04 | 0.4s
  에폭 1476/3000 | 손실: 0.2850 | 학습: 94.8% | 검증: 87.0% | lr: 2.15e-04 | 0.4s
  에폭 1477/3000 | 손실: 0.2858 | 학습: 94.8% | 검증: 86.8% | lr: 2.15e-04 | 0.4s
  에폭 1478/3000 | 손실: 0.2857 | 학습: 94.6% | 검증: 87.2% | lr: 2.15e-04 | 0.4s
  에폭 1479/3000 | 손실: 0.2794 | 학습: 94.7% | 검증: 87.1% | lr: 2.15e-04 | 0.4s
  에폭 1480/3000 | 손실: 0.2775 | 학습: 94.5% | 검증: 87.0% | lr: 2.15e-04 | 0.4s
  에폭 1481/3000 | 손실: 0.2851 | 학습: 94.7% | 검증: 87.1% | lr: 2.15e-04 | 0.4s
  에폭 1482/3000 | 손실: 0.2834 | 학습: 94.8% | 검증: 87.1% | lr: 2.15e-04 | 0.4s
  에폭 1483/3000 | 손실: 0.2843 | 학습: 94.6% | 검증: 87.0% | lr: 2.15e-04 | 0.4s
  에폭 1484/3000 | 손실: 0.2835 | 학습: 94.8% | 검증: 87.5% | lr: 2.15e-04 | 0.4s
  에폭 1485/3000 | 손실: 0.2851 | 학습: 94.8% | 검증: 87.1% | lr: 2.15e-04 | 0.4s
  에폭 1486/3000 | 손실: 0.2766 | 학습: 94.7% | 검증: 87.2% | lr: 2.15e-04 | 0.4s
  에폭 1487/3000 | 손실: 0.2784 | 학습: 94.6% | 검증: 86.9% | lr: 2.15e-04 | 0.4s
  에폭 1488/3000 | 손실: 0.2836 | 학습: 94.9% | 검증: 87.1% | lr: 2.15e-04 | 0.4s
  에폭 1489/3000 | 손실: 0.2726 | 학습: 94.7% | 검증: 86.9% | lr: 2.15e-04 | 0.4s
  에폭 1490/3000 | 손실: 0.2818 | 학습: 94.7% | 검증: 87.2% | lr: 2.15e-04 | 0.4s
  에폭 1491/3000 | 손실: 0.2724 | 학습: 94.9% | 검증: 87.1% | lr: 2.15e-04 | 0.4s
  에폭 1492/3000 | 손실: 0.2756 | 학습: 94.7% | 검증: 87.0% | lr: 2.15e-04 | 0.4s
  에폭 1493/3000 | 손실: 0.2820 | 학습: 94.7% | 검증: 87.2% | lr: 2.15e-04 | 0.4s
  에폭 1494/3000 | 손실: 0.2767 | 학습: 94.8% | 검증: 87.1% | lr: 2.15e-04 | 0.4s
  에폭 1495/3000 | 손실: 0.2805 | 학습: 94.7% | 검증: 87.3% | lr: 2.15e-04 | 0.4s
  에폭 1496/3000 | 손실: 0.2827 | 학습: 94.8% | 검증: 87.0% | lr: 2.15e-04 | 0.4s
  에폭 1497/3000 | 손실: 0.2839 | 학습: 94.8% | 검증: 87.0% | lr: 2.15e-04 | 0.4s
  에폭 1498/3000 | 손실: 0.2729 | 학습: 94.8% | 검증: 87.2% | lr: 2.15e-04 | 0.4s
  에폭 1499/3000 | 손실: 0.2818 | 학습: 94.6% | 검증: 87.2% | lr: 2.15e-04 | 0.4s
  에폭 1500/3000 | 손실: 0.2769 | 학습: 94.9% | 검증: 87.2% | lr: 2.15e-04 | 0.4s
  에폭 1501/3000 | 손실: 0.2801 | 학습: 94.7% | 검증: 87.0% | lr: 2.15e-04 | 0.4s
  에폭 1502/3000 | 손실: 0.2831 | 학습: 94.9% | 검증: 87.3% | lr: 2.15e-04 | 0.4s
  에폭 1503/3000 | 손실: 0.2816 | 학습: 94.8% | 검증: 87.2% | lr: 2.15e-04 | 0.4s
  에폭 1504/3000 | 손실: 0.2819 | 학습: 94.9% | 검증: 87.1% | lr: 2.15e-04 | 0.4s
  에폭 1505/3000 | 손실: 0.2860 | 학습: 94.9% | 검증: 87.2% | lr: 2.15e-04 | 0.4s
  에폭 1506/3000 | 손실: 0.2830 | 학습: 94.5% | 검증: 87.1% | lr: 2.15e-04 | 0.4s
  에폭 1507/3000 | 손실: 0.2812 | 학습: 94.7% | 검증: 86.7% | lr: 2.15e-04 | 0.4s
  에폭 1508/3000 | 손실: 0.2834 | 학습: 94.7% | 검증: 87.2% | lr: 2.15e-04 | 0.4s
  에폭 1509/3000 | 손실: 0.2772 | 학습: 94.6% | 검증: 86.7% | lr: 2.15e-04 | 0.4s
  에폭 1510/3000 | 손실: 0.2836 | 학습: 94.8% | 검증: 87.2% | lr: 2.15e-04 | 0.4s
  에폭 1511/3000 | 손실: 0.2844 | 학습: 94.6% | 검증: 87.1% | lr: 2.15e-04 | 0.4s
  에폭 1512/3000 | 손실: 0.2845 | 학습: 94.6% | 검증: 87.3% | lr: 2.15e-04 | 0.4s
  에폭 1513/3000 | 손실: 0.2828 | 학습: 94.9% | 검증: 87.1% | lr: 2.15e-04 | 0.4s
  에폭 1514/3000 | 손실: 0.2831 | 학습: 94.8% | 검증: 87.2% | lr: 2.15e-04 | 0.4s
  에폭 1515/3000 | 손실: 0.2781 | 학습: 94.8% | 검증: 86.9% | lr: 2.15e-04 | 0.4s
  에폭 1516/3000 | 손실: 0.2802 | 학습: 94.8% | 검증: 87.4% | lr: 2.15e-04 | 0.4s
  에폭 1517/3000 | 손실: 0.2854 | 학습: 94.9% | 검증: 87.4% | lr: 2.15e-04 | 0.4s
  에폭 1518/3000 | 손실: 0.2859 | 학습: 95.0% | 검증: 87.7% | lr: 2.15e-04 | 0.4s ★
  에폭 1519/3000 | 손실: 0.2785 | 학습: 94.9% | 검증: 87.2% | lr: 2.15e-04 | 0.4s
  에폭 1520/3000 | 손실: 0.2809 | 학습: 95.1% | 검증: 87.2% | lr: 2.15e-04 | 0.4s
  에폭 1521/3000 | 손실: 0.2794 | 학습: 94.7% | 검증: 87.4% | lr: 2.15e-04 | 0.4s
  에폭 1522/3000 | 손실: 0.2804 | 학습: 94.8% | 검증: 87.2% | lr: 2.15e-04 | 0.4s
  에폭 1523/3000 | 손실: 0.2866 | 학습: 94.8% | 검증: 87.2% | lr: 2.15e-04 | 0.4s
  에폭 1524/3000 | 손실: 0.2772 | 학습: 94.8% | 검증: 87.2% | lr: 2.15e-04 | 0.4s
  에폭 1525/3000 | 손실: 0.2770 | 학습: 94.7% | 검증: 87.2% | lr: 2.15e-04 | 0.4s
  에폭 1526/3000 | 손실: 0.2777 | 학습: 95.0% | 검증: 87.5% | lr: 2.15e-04 | 0.4s
  에폭 1527/3000 | 손실: 0.2829 | 학습: 95.0% | 검증: 87.5% | lr: 2.15e-04 | 0.4s
  에폭 1528/3000 | 손실: 0.2771 | 학습: 94.9% | 검증: 87.7% | lr: 2.15e-04 | 0.4s ★
  에폭 1529/3000 | 손실: 0.2801 | 학습: 94.6% | 검증: 87.2% | lr: 2.15e-04 | 0.4s
  에폭 1530/3000 | 손실: 0.2803 | 학습: 94.9% | 검증: 87.0% | lr: 2.15e-04 | 0.4s
  에폭 1531/3000 | 손실: 0.2796 | 학습: 94.8% | 검증: 87.3% | lr: 2.15e-04 | 0.4s
  에폭 1532/3000 | 손실: 0.2815 | 학습: 94.7% | 검증: 87.2% | lr: 2.15e-04 | 0.4s
  에폭 1533/3000 | 손실: 0.2852 | 학습: 94.6% | 검증: 87.3% | lr: 2.15e-04 | 0.4s
  에폭 1534/3000 | 손실: 0.2872 | 학습: 94.7% | 검증: 87.1% | lr: 2.15e-04 | 0.4s
  에폭 1535/3000 | 손실: 0.2753 | 학습: 94.9% | 검증: 87.0% | lr: 2.15e-04 | 0.4s
  에폭 1536/3000 | 손실: 0.2863 | 학습: 94.9% | 검증: 87.5% | lr: 2.15e-04 | 0.4s
  에폭 1537/3000 | 손실: 0.2814 | 학습: 94.8% | 검증: 87.5% | lr: 2.15e-04 | 0.4s
  에폭 1538/3000 | 손실: 0.2817 | 학습: 94.9% | 검증: 87.6% | lr: 2.15e-04 | 0.4s
  에폭 1539/3000 | 손실: 0.2867 | 학습: 94.5% | 검증: 87.2% | lr: 2.15e-04 | 0.4s
  에폭 1540/3000 | 손실: 0.2858 | 학습: 94.9% | 검증: 87.5% | lr: 2.15e-04 | 0.4s
  에폭 1541/3000 | 손실: 0.2847 | 학습: 95.1% | 검증: 87.2% | lr: 2.15e-04 | 0.4s
  에폭 1542/3000 | 손실: 0.2832 | 학습: 94.9% | 검증: 87.3% | lr: 1.94e-04 | 0.4s
  에폭 1543/3000 | 손실: 0.2828 | 학습: 95.1% | 검증: 87.3% | lr: 1.94e-04 | 0.4s
  에폭 1544/3000 | 손실: 0.2839 | 학습: 94.7% | 검증: 87.3% | lr: 1.94e-04 | 0.4s
  에폭 1545/3000 | 손실: 0.2859 | 학습: 94.8% | 검증: 87.3% | lr: 1.94e-04 | 0.4s
  에폭 1546/3000 | 손실: 0.2803 | 학습: 95.0% | 검증: 87.4% | lr: 1.94e-04 | 0.4s
  에폭 1547/3000 | 손실: 0.2763 | 학습: 94.9% | 검증: 87.3% | lr: 1.94e-04 | 0.4s
  에폭 1548/3000 | 손실: 0.2732 | 학습: 94.9% | 검증: 87.1% | lr: 1.94e-04 | 0.4s
  에폭 1549/3000 | 손실: 0.2790 | 학습: 94.8% | 검증: 87.1% | lr: 1.94e-04 | 0.4s
  에폭 1550/3000 | 손실: 0.2834 | 학습: 94.9% | 검증: 87.0% | lr: 1.94e-04 | 0.4s
  에폭 1551/3000 | 손실: 0.2820 | 학습: 94.9% | 검증: 86.8% | lr: 1.94e-04 | 0.4s
  에폭 1552/3000 | 손실: 0.2798 | 학습: 94.9% | 검증: 87.2% | lr: 1.94e-04 | 0.4s
  에폭 1553/3000 | 손실: 0.2827 | 학습: 94.7% | 검증: 87.1% | lr: 1.94e-04 | 0.4s
  에폭 1554/3000 | 손실: 0.2825 | 학습: 94.7% | 검증: 86.9% | lr: 1.94e-04 | 0.4s
  에폭 1555/3000 | 손실: 0.2782 | 학습: 94.9% | 검증: 87.2% | lr: 1.94e-04 | 0.4s
  에폭 1556/3000 | 손실: 0.2815 | 학습: 94.8% | 검증: 87.1% | lr: 1.94e-04 | 0.4s
  에폭 1557/3000 | 손실: 0.2844 | 학습: 94.9% | 검증: 87.3% | lr: 1.94e-04 | 0.4s
  에폭 1558/3000 | 손실: 0.2794 | 학습: 94.9% | 검증: 87.6% | lr: 1.94e-04 | 0.4s
  에폭 1559/3000 | 손실: 0.2792 | 학습: 94.7% | 검증: 86.9% | lr: 1.94e-04 | 0.4s
  에폭 1560/3000 | 손실: 0.2814 | 학습: 95.0% | 검증: 86.8% | lr: 1.94e-04 | 0.4s
  에폭 1561/3000 | 손실: 0.2831 | 학습: 94.6% | 검증: 87.0% | lr: 1.94e-04 | 0.4s
  에폭 1562/3000 | 손실: 0.2742 | 학습: 94.8% | 검증: 87.2% | lr: 1.94e-04 | 0.4s
  에폭 1563/3000 | 손실: 0.2839 | 학습: 94.7% | 검증: 87.2% | lr: 1.94e-04 | 0.4s
  에폭 1564/3000 | 손실: 0.2722 | 학습: 94.9% | 검증: 87.0% | lr: 1.94e-04 | 0.4s
  에폭 1565/3000 | 손실: 0.2800 | 학습: 94.5% | 검증: 87.0% | lr: 1.94e-04 | 0.4s
  에폭 1566/3000 | 손실: 0.2790 | 학습: 94.7% | 검증: 86.8% | lr: 1.94e-04 | 0.4s
  에폭 1567/3000 | 손실: 0.2812 | 학습: 94.8% | 검증: 87.1% | lr: 1.94e-04 | 0.4s
  에폭 1568/3000 | 손실: 0.2796 | 학습: 94.9% | 검증: 87.2% | lr: 1.94e-04 | 0.4s
  에폭 1569/3000 | 손실: 0.2767 | 학습: 94.8% | 검증: 87.0% | lr: 1.94e-04 | 0.4s
  에폭 1570/3000 | 손실: 0.2814 | 학습: 94.8% | 검증: 87.1% | lr: 1.94e-04 | 0.4s
  에폭 1571/3000 | 손실: 0.2757 | 학습: 94.8% | 검증: 87.1% | lr: 1.94e-04 | 0.4s
  에폭 1572/3000 | 손실: 0.2756 | 학습: 94.9% | 검증: 87.1% | lr: 1.94e-04 | 0.4s
  에폭 1573/3000 | 손실: 0.2836 | 학습: 94.8% | 검증: 87.0% | lr: 1.94e-04 | 0.4s
  에폭 1574/3000 | 손실: 0.2803 | 학습: 94.9% | 검증: 87.0% | lr: 1.94e-04 | 0.4s
  에폭 1575/3000 | 손실: 0.2783 | 학습: 94.8% | 검증: 86.8% | lr: 1.94e-04 | 0.4s
  에폭 1576/3000 | 손실: 0.2834 | 학습: 94.6% | 검증: 87.1% | lr: 1.94e-04 | 0.4s
  에폭 1577/3000 | 손실: 0.2766 | 학습: 95.0% | 검증: 87.5% | lr: 1.94e-04 | 0.4s
  에폭 1578/3000 | 손실: 0.2775 | 학습: 94.8% | 검증: 87.0% | lr: 1.94e-04 | 0.4s
  에폭 1579/3000 | 손실: 0.2779 | 학습: 94.9% | 검증: 87.2% | lr: 1.94e-04 | 0.4s
  에폭 1580/3000 | 손실: 0.2806 | 학습: 94.8% | 검증: 87.0% | lr: 1.94e-04 | 0.4s
  에폭 1581/3000 | 손실: 0.2805 | 학습: 94.9% | 검증: 86.9% | lr: 1.94e-04 | 0.4s
  에폭 1582/3000 | 손실: 0.2807 | 학습: 94.7% | 검증: 86.9% | lr: 1.94e-04 | 0.4s
  에폭 1583/3000 | 손실: 0.2841 | 학습: 94.9% | 검증: 87.2% | lr: 1.94e-04 | 0.4s
  에폭 1584/3000 | 손실: 0.2900 | 학습: 94.7% | 검증: 87.0% | lr: 1.94e-04 | 0.4s
  에폭 1585/3000 | 손실: 0.2797 | 학습: 94.8% | 검증: 87.2% | lr: 1.94e-04 | 0.4s
  에폭 1586/3000 | 손실: 0.2743 | 학습: 95.0% | 검증: 87.4% | lr: 1.94e-04 | 0.4s
  에폭 1587/3000 | 손실: 0.2803 | 학습: 94.7% | 검증: 87.0% | lr: 1.94e-04 | 0.4s
  에폭 1588/3000 | 손실: 0.2832 | 학습: 94.8% | 검증: 87.4% | lr: 1.94e-04 | 0.4s
  에폭 1589/3000 | 손실: 0.2808 | 학습: 94.7% | 검증: 87.2% | lr: 1.94e-04 | 0.4s
  에폭 1590/3000 | 손실: 0.2787 | 학습: 94.8% | 검증: 87.0% | lr: 1.94e-04 | 0.4s
  에폭 1591/3000 | 손실: 0.2751 | 학습: 94.5% | 검증: 86.9% | lr: 1.94e-04 | 0.4s
  에폭 1592/3000 | 손실: 0.2783 | 학습: 94.7% | 검증: 87.0% | lr: 1.94e-04 | 0.4s
  에폭 1593/3000 | 손실: 0.2830 | 학습: 94.9% | 검증: 87.2% | lr: 1.94e-04 | 0.4s
  에폭 1594/3000 | 손실: 0.2828 | 학습: 94.8% | 검증: 86.9% | lr: 1.94e-04 | 0.4s
  에폭 1595/3000 | 손실: 0.2812 | 학습: 94.6% | 검증: 87.0% | lr: 1.94e-04 | 0.4s
  에폭 1596/3000 | 손실: 0.2755 | 학습: 94.8% | 검증: 87.3% | lr: 1.94e-04 | 0.4s
  에폭 1597/3000 | 손실: 0.2857 | 학습: 94.9% | 검증: 87.1% | lr: 1.94e-04 | 0.4s
  에폭 1598/3000 | 손실: 0.2771 | 학습: 94.7% | 검증: 86.8% | lr: 1.94e-04 | 0.4s
  에폭 1599/3000 | 손실: 0.2806 | 학습: 94.9% | 검증: 86.9% | lr: 1.94e-04 | 0.4s
  에폭 1600/3000 | 손실: 0.2777 | 학습: 94.7% | 검증: 87.2% | lr: 1.94e-04 | 0.4s
  에폭 1601/3000 | 손실: 0.2822 | 학습: 94.9% | 검증: 87.3% | lr: 1.94e-04 | 0.4s
  에폭 1602/3000 | 손실: 0.2772 | 학습: 94.7% | 검증: 87.5% | lr: 1.94e-04 | 0.4s
  에폭 1603/3000 | 손실: 0.2833 | 학습: 94.6% | 검증: 87.3% | lr: 1.94e-04 | 0.4s
  에폭 1604/3000 | 손실: 0.2779 | 학습: 94.8% | 검증: 87.2% | lr: 1.94e-04 | 0.4s
  에폭 1605/3000 | 손실: 0.2831 | 학습: 95.0% | 검증: 87.1% | lr: 1.94e-04 | 0.4s
  에폭 1606/3000 | 손실: 0.2849 | 학습: 94.7% | 검증: 87.1% | lr: 1.94e-04 | 0.4s
  에폭 1607/3000 | 손실: 0.2815 | 학습: 94.8% | 검증: 87.0% | lr: 1.94e-04 | 0.4s
  에폭 1608/3000 | 손실: 0.2851 | 학습: 94.8% | 검증: 87.0% | lr: 1.94e-04 | 0.4s
  에폭 1609/3000 | 손실: 0.2827 | 학습: 94.9% | 검증: 86.9% | lr: 1.94e-04 | 0.4s
  에폭 1610/3000 | 손실: 0.2811 | 학습: 95.1% | 검증: 87.1% | lr: 1.94e-04 | 0.4s
  에폭 1611/3000 | 손실: 0.2736 | 학습: 94.7% | 검증: 87.2% | lr: 1.94e-04 | 0.4s
  에폭 1612/3000 | 손실: 0.2871 | 학습: 95.0% | 검증: 87.2% | lr: 1.94e-04 | 0.4s
  에폭 1613/3000 | 손실: 0.2810 | 학습: 94.9% | 검증: 87.0% | lr: 1.94e-04 | 0.4s
  에폭 1614/3000 | 손실: 0.2821 | 학습: 94.9% | 검증: 87.0% | lr: 1.94e-04 | 0.4s
  에폭 1615/3000 | 손실: 0.2741 | 학습: 94.9% | 검증: 87.0% | lr: 1.74e-04 | 0.4s
  에폭 1616/3000 | 손실: 0.2816 | 학습: 94.8% | 검증: 87.2% | lr: 1.74e-04 | 0.4s
  에폭 1617/3000 | 손실: 0.2845 | 학습: 94.9% | 검증: 87.0% | lr: 1.74e-04 | 0.4s
  에폭 1618/3000 | 손실: 0.2756 | 학습: 94.9% | 검증: 87.4% | lr: 1.74e-04 | 0.4s
  에폭 1619/3000 | 손실: 0.2843 | 학습: 94.9% | 검증: 87.3% | lr: 1.74e-04 | 0.4s
  에폭 1620/3000 | 손실: 0.2806 | 학습: 94.8% | 검증: 87.4% | lr: 1.74e-04 | 0.4s
  에폭 1621/3000 | 손실: 0.2804 | 학습: 95.0% | 검증: 87.2% | lr: 1.74e-04 | 0.4s
  에폭 1622/3000 | 손실: 0.2806 | 학습: 94.9% | 검증: 87.2% | lr: 1.74e-04 | 0.4s
  에폭 1623/3000 | 손실: 0.2792 | 학습: 94.7% | 검증: 87.4% | lr: 1.74e-04 | 0.4s
  에폭 1624/3000 | 손실: 0.2799 | 학습: 94.9% | 검증: 87.1% | lr: 1.74e-04 | 0.4s
  에폭 1625/3000 | 손실: 0.2763 | 학습: 95.1% | 검증: 87.2% | lr: 1.74e-04 | 0.4s
  에폭 1626/3000 | 손실: 0.2771 | 학습: 94.7% | 검증: 86.9% | lr: 1.74e-04 | 0.4s
  에폭 1627/3000 | 손실: 0.2778 | 학습: 94.7% | 검증: 87.0% | lr: 1.74e-04 | 0.4s
  에폭 1628/3000 | 손실: 0.2762 | 학습: 95.0% | 검증: 87.3% | lr: 1.74e-04 | 0.4s
  에폭 1629/3000 | 손실: 0.2831 | 학습: 94.9% | 검증: 87.0% | lr: 1.74e-04 | 0.4s
  에폭 1630/3000 | 손실: 0.2831 | 학습: 94.9% | 검증: 87.3% | lr: 1.74e-04 | 0.4s
  에폭 1631/3000 | 손실: 0.2806 | 학습: 94.9% | 검증: 87.3% | lr: 1.74e-04 | 0.4s
  에폭 1632/3000 | 손실: 0.2750 | 학습: 94.8% | 검증: 87.3% | lr: 1.74e-04 | 0.4s
  에폭 1633/3000 | 손실: 0.2778 | 학습: 94.9% | 검증: 87.1% | lr: 1.74e-04 | 0.4s
  에폭 1634/3000 | 손실: 0.2801 | 학습: 95.0% | 검증: 87.1% | lr: 1.74e-04 | 0.4s
  에폭 1635/3000 | 손실: 0.2818 | 학습: 94.9% | 검증: 87.3% | lr: 1.74e-04 | 0.4s
  에폭 1636/3000 | 손실: 0.2737 | 학습: 94.9% | 검증: 87.3% | lr: 1.74e-04 | 0.4s
  에폭 1637/3000 | 손실: 0.2699 | 학습: 94.7% | 검증: 87.1% | lr: 1.74e-04 | 0.4s
  에폭 1638/3000 | 손실: 0.2724 | 학습: 94.8% | 검증: 87.0% | lr: 1.74e-04 | 0.4s
  에폭 1639/3000 | 손실: 0.2839 | 학습: 94.9% | 검증: 87.0% | lr: 1.74e-04 | 0.4s
  에폭 1640/3000 | 손실: 0.2747 | 학습: 94.9% | 검증: 87.3% | lr: 1.74e-04 | 0.4s
  에폭 1641/3000 | 손실: 0.2803 | 학습: 94.8% | 검증: 87.2% | lr: 1.74e-04 | 0.4s
  에폭 1642/3000 | 손실: 0.2761 | 학습: 94.9% | 검증: 87.0% | lr: 1.74e-04 | 0.4s
  에폭 1643/3000 | 손실: 0.2799 | 학습: 94.8% | 검증: 87.0% | lr: 1.74e-04 | 0.4s
  에폭 1644/3000 | 손실: 0.2787 | 학습: 94.8% | 검증: 87.2% | lr: 1.74e-04 | 0.4s
  에폭 1645/3000 | 손실: 0.2768 | 학습: 94.9% | 검증: 87.3% | lr: 1.74e-04 | 0.4s
  에폭 1646/3000 | 손실: 0.2796 | 학습: 94.8% | 검증: 87.1% | lr: 1.74e-04 | 0.4s
  에폭 1647/3000 | 손실: 0.2763 | 학습: 94.7% | 검증: 86.9% | lr: 1.74e-04 | 0.4s
  에폭 1648/3000 | 손실: 0.2733 | 학습: 94.9% | 검증: 87.5% | lr: 1.74e-04 | 0.4s
  에폭 1649/3000 | 손실: 0.2726 | 학습: 94.9% | 검증: 87.0% | lr: 1.74e-04 | 0.4s
  에폭 1650/3000 | 손실: 0.2778 | 학습: 94.9% | 검증: 87.1% | lr: 1.74e-04 | 0.4s
  에폭 1651/3000 | 손실: 0.2725 | 학습: 94.9% | 검증: 87.4% | lr: 1.74e-04 | 0.4s
  에폭 1652/3000 | 손실: 0.2770 | 학습: 95.0% | 검증: 87.3% | lr: 1.74e-04 | 0.4s
  에폭 1653/3000 | 손실: 0.2787 | 학습: 94.9% | 검증: 87.4% | lr: 1.74e-04 | 0.4s
  에폭 1654/3000 | 손실: 0.2773 | 학습: 95.0% | 검증: 87.2% | lr: 1.74e-04 | 0.4s
  에폭 1655/3000 | 손실: 0.2765 | 학습: 94.9% | 검증: 87.4% | lr: 1.74e-04 | 0.4s
  에폭 1656/3000 | 손실: 0.2782 | 학습: 94.9% | 검증: 87.3% | lr: 1.74e-04 | 0.4s
  에폭 1657/3000 | 손실: 0.2785 | 학습: 94.9% | 검증: 87.4% | lr: 1.74e-04 | 0.4s
  에폭 1658/3000 | 손실: 0.2836 | 학습: 94.9% | 검증: 87.0% | lr: 1.74e-04 | 0.4s
  에폭 1659/3000 | 손실: 0.2800 | 학습: 95.0% | 검증: 87.2% | lr: 1.74e-04 | 0.4s
  에폭 1660/3000 | 손실: 0.2827 | 학습: 94.8% | 검증: 87.5% | lr: 1.74e-04 | 0.4s
  에폭 1661/3000 | 손실: 0.2807 | 학습: 95.0% | 검증: 87.0% | lr: 1.74e-04 | 0.4s
  에폭 1662/3000 | 손실: 0.2829 | 학습: 94.9% | 검증: 87.5% | lr: 1.74e-04 | 0.4s
  에폭 1663/3000 | 손실: 0.2800 | 학습: 94.9% | 검증: 87.4% | lr: 1.74e-04 | 0.4s
  에폭 1664/3000 | 손실: 0.2779 | 학습: 94.8% | 검증: 87.4% | lr: 1.74e-04 | 0.4s
  에폭 1665/3000 | 손실: 0.2808 | 학습: 94.8% | 검증: 87.4% | lr: 1.74e-04 | 0.4s
  에폭 1666/3000 | 손실: 0.2782 | 학습: 95.0% | 검증: 87.1% | lr: 1.74e-04 | 0.4s
  에폭 1667/3000 | 손실: 0.2786 | 학습: 94.9% | 검증: 87.2% | lr: 1.74e-04 | 0.4s
  에폭 1668/3000 | 손실: 0.2796 | 학습: 94.9% | 검증: 87.3% | lr: 1.74e-04 | 0.4s
  에폭 1669/3000 | 손실: 0.2744 | 학습: 94.9% | 검증: 87.2% | lr: 1.74e-04 | 0.4s
  에폭 1670/3000 | 손실: 0.2769 | 학습: 94.9% | 검증: 87.3% | lr: 1.74e-04 | 0.4s
  에폭 1671/3000 | 손실: 0.2770 | 학습: 94.9% | 검증: 87.2% | lr: 1.74e-04 | 0.4s
  에폭 1672/3000 | 손실: 0.2799 | 학습: 95.0% | 검증: 87.4% | lr: 1.74e-04 | 0.4s
  에폭 1673/3000 | 손실: 0.2800 | 학습: 94.8% | 검증: 87.7% | lr: 1.74e-04 | 0.4s
  에폭 1674/3000 | 손실: 0.2822 | 학습: 94.9% | 검증: 87.4% | lr: 1.74e-04 | 0.4s
  에폭 1675/3000 | 손실: 0.2803 | 학습: 94.9% | 검증: 87.8% | lr: 1.74e-04 | 0.4s ★
  에폭 1676/3000 | 손실: 0.2776 | 학습: 94.9% | 검증: 87.5% | lr: 1.74e-04 | 0.4s
  에폭 1677/3000 | 손실: 0.2806 | 학습: 95.1% | 검증: 87.5% | lr: 1.74e-04 | 0.4s
  에폭 1678/3000 | 손실: 0.2788 | 학습: 94.8% | 검증: 87.3% | lr: 1.74e-04 | 0.4s
  에폭 1679/3000 | 손실: 0.2783 | 학습: 94.9% | 검증: 87.5% | lr: 1.74e-04 | 0.4s
  에폭 1680/3000 | 손실: 0.2809 | 학습: 94.9% | 검증: 87.3% | lr: 1.74e-04 | 0.4s
  에폭 1681/3000 | 손실: 0.2793 | 학습: 95.0% | 검증: 87.2% | lr: 1.74e-04 | 0.4s
  에폭 1682/3000 | 손실: 0.2777 | 학습: 94.9% | 검증: 87.3% | lr: 1.74e-04 | 0.4s
  에폭 1683/3000 | 손실: 0.2771 | 학습: 94.9% | 검증: 87.6% | lr: 1.74e-04 | 0.4s
  에폭 1684/3000 | 손실: 0.2795 | 학습: 94.8% | 검증: 87.2% | lr: 1.74e-04 | 0.4s
  에폭 1685/3000 | 손실: 0.2816 | 학습: 94.9% | 검증: 87.5% | lr: 1.74e-04 | 0.4s
  에폭 1686/3000 | 손실: 0.2686 | 학습: 94.9% | 검증: 87.5% | lr: 1.74e-04 | 0.4s
  에폭 1687/3000 | 손실: 0.2804 | 학습: 95.0% | 검증: 87.5% | lr: 1.74e-04 | 0.4s
  에폭 1688/3000 | 손실: 0.2792 | 학습: 94.9% | 검증: 87.7% | lr: 1.74e-04 | 0.4s
  에폭 1689/3000 | 손실: 0.2799 | 학습: 94.9% | 검증: 87.6% | lr: 1.74e-04 | 0.4s
  에폭 1690/3000 | 손실: 0.2758 | 학습: 95.1% | 검증: 87.6% | lr: 1.74e-04 | 0.4s
  에폭 1691/3000 | 손실: 0.2798 | 학습: 94.9% | 검증: 87.4% | lr: 1.74e-04 | 0.4s
  에폭 1692/3000 | 손실: 0.2804 | 학습: 95.1% | 검증: 87.4% | lr: 1.74e-04 | 0.4s
  에폭 1693/3000 | 손실: 0.2747 | 학습: 94.9% | 검증: 87.4% | lr: 1.74e-04 | 0.4s
  에폭 1694/3000 | 손실: 0.2801 | 학습: 94.9% | 검증: 87.1% | lr: 1.74e-04 | 0.4s
  에폭 1695/3000 | 손실: 0.2787 | 학습: 94.8% | 검증: 87.0% | lr: 1.74e-04 | 0.4s
  에폭 1696/3000 | 손실: 0.2728 | 학습: 95.0% | 검증: 87.0% | lr: 1.74e-04 | 0.4s
  에폭 1697/3000 | 손실: 0.2747 | 학습: 94.9% | 검증: 87.0% | lr: 1.74e-04 | 0.4s
  에폭 1698/3000 | 손실: 0.2747 | 학습: 94.9% | 검증: 87.3% | lr: 1.74e-04 | 0.4s
  에폭 1699/3000 | 손실: 0.2791 | 학습: 95.0% | 검증: 87.3% | lr: 1.74e-04 | 0.4s
  에폭 1700/3000 | 손실: 0.2795 | 학습: 94.7% | 검증: 86.8% | lr: 1.74e-04 | 0.4s
  에폭 1701/3000 | 손실: 0.2785 | 학습: 95.0% | 검증: 87.0% | lr: 1.74e-04 | 0.4s
  에폭 1702/3000 | 손실: 0.2771 | 학습: 94.9% | 검증: 86.9% | lr: 1.74e-04 | 0.4s
  에폭 1703/3000 | 손실: 0.2758 | 학습: 94.9% | 검증: 87.1% | lr: 1.74e-04 | 0.4s
  에폭 1704/3000 | 손실: 0.2793 | 학습: 95.0% | 검증: 87.0% | lr: 1.74e-04 | 0.4s
  에폭 1705/3000 | 손실: 0.2807 | 학습: 94.9% | 검증: 87.3% | lr: 1.74e-04 | 0.4s
  에폭 1706/3000 | 손실: 0.2800 | 학습: 94.8% | 검증: 87.2% | lr: 1.74e-04 | 0.4s
  에폭 1707/3000 | 손실: 0.2732 | 학습: 94.9% | 검증: 87.5% | lr: 1.74e-04 | 0.4s
  에폭 1708/3000 | 손실: 0.2756 | 학습: 95.1% | 검증: 87.5% | lr: 1.74e-04 | 0.4s
  에폭 1709/3000 | 손실: 0.2746 | 학습: 94.8% | 검증: 87.2% | lr: 1.74e-04 | 0.4s
  에폭 1710/3000 | 손실: 0.2756 | 학습: 94.9% | 검증: 87.4% | lr: 1.74e-04 | 0.4s
  에폭 1711/3000 | 손실: 0.2728 | 학습: 94.9% | 검증: 87.2% | lr: 1.74e-04 | 0.4s
  에폭 1712/3000 | 손실: 0.2817 | 학습: 94.7% | 검증: 86.9% | lr: 1.74e-04 | 0.4s
  에폭 1713/3000 | 손실: 0.2815 | 학습: 94.9% | 검증: 87.0% | lr: 1.74e-04 | 0.4s
  에폭 1714/3000 | 손실: 0.2722 | 학습: 94.9% | 검증: 87.2% | lr: 1.74e-04 | 0.4s
  에폭 1715/3000 | 손실: 0.2776 | 학습: 95.0% | 검증: 87.5% | lr: 1.74e-04 | 0.4s
  에폭 1716/3000 | 손실: 0.2732 | 학습: 95.0% | 검증: 86.9% | lr: 1.74e-04 | 0.4s
  에폭 1717/3000 | 손실: 0.2814 | 학습: 95.0% | 검증: 87.1% | lr: 1.74e-04 | 0.4s
  에폭 1718/3000 | 손실: 0.2740 | 학습: 94.7% | 검증: 87.2% | lr: 1.74e-04 | 0.4s
  에폭 1719/3000 | 손실: 0.2798 | 학습: 94.9% | 검증: 87.2% | lr: 1.74e-04 | 0.4s
  에폭 1720/3000 | 손실: 0.2786 | 학습: 94.8% | 검증: 87.0% | lr: 1.74e-04 | 0.4s
  에폭 1721/3000 | 손실: 0.2793 | 학습: 94.9% | 검증: 87.1% | lr: 1.74e-04 | 0.4s
  에폭 1722/3000 | 손실: 0.2771 | 학습: 94.9% | 검증: 87.1% | lr: 1.74e-04 | 0.4s
  에폭 1723/3000 | 손실: 0.2748 | 학습: 95.0% | 검증: 87.3% | lr: 1.74e-04 | 0.4s
  에폭 1724/3000 | 손실: 0.2758 | 학습: 95.1% | 검증: 87.3% | lr: 1.74e-04 | 0.4s
  에폭 1725/3000 | 손실: 0.2750 | 학습: 95.0% | 검증: 87.2% | lr: 1.74e-04 | 0.4s
  에폭 1726/3000 | 손실: 0.2722 | 학습: 95.1% | 검증: 87.4% | lr: 1.74e-04 | 0.4s
  에폭 1727/3000 | 손실: 0.2754 | 학습: 95.0% | 검증: 87.4% | lr: 1.74e-04 | 0.4s
  에폭 1728/3000 | 손실: 0.2819 | 학습: 95.0% | 검증: 87.4% | lr: 1.74e-04 | 0.4s
  에폭 1729/3000 | 손실: 0.2800 | 학습: 94.9% | 검증: 87.2% | lr: 1.74e-04 | 0.4s
  에폭 1730/3000 | 손실: 0.2720 | 학습: 94.8% | 검증: 87.4% | lr: 1.74e-04 | 0.4s
  에폭 1731/3000 | 손실: 0.2793 | 학습: 94.9% | 검증: 87.2% | lr: 1.74e-04 | 0.4s
  에폭 1732/3000 | 손실: 0.2772 | 학습: 94.7% | 검증: 87.1% | lr: 1.74e-04 | 0.4s
  에폭 1733/3000 | 손실: 0.2687 | 학습: 94.9% | 검증: 87.4% | lr: 1.74e-04 | 0.4s
  에폭 1734/3000 | 손실: 0.2780 | 학습: 95.1% | 검증: 87.1% | lr: 1.74e-04 | 0.4s
  에폭 1735/3000 | 손실: 0.2757 | 학습: 94.8% | 검증: 87.0% | lr: 1.74e-04 | 0.4s
  에폭 1736/3000 | 손실: 0.2807 | 학습: 94.9% | 검증: 87.3% | lr: 1.74e-04 | 0.4s
  에폭 1737/3000 | 손실: 0.2743 | 학습: 94.9% | 검증: 86.9% | lr: 1.57e-04 | 0.4s
  에폭 1738/3000 | 손실: 0.2757 | 학습: 94.8% | 검증: 87.4% | lr: 1.57e-04 | 0.4s
  에폭 1739/3000 | 손실: 0.2784 | 학습: 94.8% | 검증: 86.9% | lr: 1.57e-04 | 0.4s
  에폭 1740/3000 | 손실: 0.2766 | 학습: 94.9% | 검증: 87.1% | lr: 1.57e-04 | 0.4s
  에폭 1741/3000 | 손실: 0.2809 | 학습: 95.1% | 검증: 87.2% | lr: 1.57e-04 | 0.4s
  에폭 1742/3000 | 손실: 0.2737 | 학습: 94.9% | 검증: 87.3% | lr: 1.57e-04 | 0.4s
  에폭 1743/3000 | 손실: 0.2815 | 학습: 95.1% | 검증: 87.2% | lr: 1.57e-04 | 0.4s
  에폭 1744/3000 | 손실: 0.2738 | 학습: 95.0% | 검증: 87.2% | lr: 1.57e-04 | 0.4s
  에폭 1745/3000 | 손실: 0.2753 | 학습: 95.0% | 검증: 87.4% | lr: 1.57e-04 | 0.4s
  에폭 1746/3000 | 손실: 0.2722 | 학습: 95.0% | 검증: 87.4% | lr: 1.57e-04 | 0.4s
  에폭 1747/3000 | 손실: 0.2712 | 학습: 94.8% | 검증: 87.5% | lr: 1.57e-04 | 0.4s
  에폭 1748/3000 | 손실: 0.2785 | 학습: 94.8% | 검증: 87.1% | lr: 1.57e-04 | 0.4s
  에폭 1749/3000 | 손실: 0.2746 | 학습: 94.9% | 검증: 87.1% | lr: 1.57e-04 | 0.4s
  에폭 1750/3000 | 손실: 0.2800 | 학습: 94.9% | 검증: 87.2% | lr: 1.57e-04 | 0.4s
  에폭 1751/3000 | 손실: 0.2773 | 학습: 95.0% | 검증: 87.6% | lr: 1.57e-04 | 0.4s
  에폭 1752/3000 | 손실: 0.2846 | 학습: 94.9% | 검증: 87.3% | lr: 1.57e-04 | 0.4s
  에폭 1753/3000 | 손실: 0.2773 | 학습: 95.0% | 검증: 87.4% | lr: 1.57e-04 | 0.4s
  에폭 1754/3000 | 손실: 0.2731 | 학습: 94.8% | 검증: 86.8% | lr: 1.57e-04 | 0.4s
  에폭 1755/3000 | 손실: 0.2763 | 학습: 95.0% | 검증: 86.8% | lr: 1.57e-04 | 0.4s
  에폭 1756/3000 | 손실: 0.2805 | 학습: 94.9% | 검증: 86.9% | lr: 1.57e-04 | 0.4s
  에폭 1757/3000 | 손실: 0.2758 | 학습: 95.0% | 검증: 87.1% | lr: 1.57e-04 | 0.4s
  에폭 1758/3000 | 손실: 0.2736 | 학습: 94.9% | 검증: 87.3% | lr: 1.57e-04 | 0.4s
  에폭 1759/3000 | 손실: 0.2730 | 학습: 94.9% | 검증: 87.0% | lr: 1.57e-04 | 0.4s
  에폭 1760/3000 | 손실: 0.2746 | 학습: 95.0% | 검증: 87.3% | lr: 1.57e-04 | 0.4s
  에폭 1761/3000 | 손실: 0.2835 | 학습: 94.8% | 검증: 87.0% | lr: 1.57e-04 | 0.4s
  에폭 1762/3000 | 손실: 0.2775 | 학습: 95.1% | 검증: 87.1% | lr: 1.57e-04 | 0.4s
  에폭 1763/3000 | 손실: 0.2746 | 학습: 94.9% | 검증: 87.3% | lr: 1.57e-04 | 0.4s
  에폭 1764/3000 | 손실: 0.2765 | 학습: 95.0% | 검증: 87.1% | lr: 1.57e-04 | 0.4s
  에폭 1765/3000 | 손실: 0.2744 | 학습: 94.9% | 검증: 87.1% | lr: 1.57e-04 | 0.4s
  에폭 1766/3000 | 손실: 0.2751 | 학습: 95.1% | 검증: 87.1% | lr: 1.57e-04 | 0.4s
  에폭 1767/3000 | 손실: 0.2776 | 학습: 95.0% | 검증: 87.1% | lr: 1.57e-04 | 0.4s
  에폭 1768/3000 | 손실: 0.2677 | 학습: 95.0% | 검증: 87.2% | lr: 1.57e-04 | 0.4s
  에폭 1769/3000 | 손실: 0.2736 | 학습: 94.9% | 검증: 86.8% | lr: 1.57e-04 | 0.4s
  에폭 1770/3000 | 손실: 0.2703 | 학습: 95.0% | 검증: 87.2% | lr: 1.57e-04 | 0.4s
  에폭 1771/3000 | 손실: 0.2745 | 학습: 94.9% | 검증: 87.0% | lr: 1.57e-04 | 0.4s
  에폭 1772/3000 | 손실: 0.2745 | 학습: 94.9% | 검증: 87.3% | lr: 1.57e-04 | 0.4s
  에폭 1773/3000 | 손실: 0.2743 | 학습: 94.9% | 검증: 87.1% | lr: 1.57e-04 | 0.4s
  에폭 1774/3000 | 손실: 0.2738 | 학습: 95.0% | 검증: 87.2% | lr: 1.57e-04 | 0.4s
  에폭 1775/3000 | 손실: 0.2778 | 학습: 95.0% | 검증: 87.1% | lr: 1.57e-04 | 0.4s
  에폭 1776/3000 | 손실: 0.2755 | 학습: 95.1% | 검증: 87.0% | lr: 1.57e-04 | 0.4s
  에폭 1777/3000 | 손실: 0.2723 | 학습: 95.1% | 검증: 87.2% | lr: 1.57e-04 | 0.4s
  에폭 1778/3000 | 손실: 0.2730 | 학습: 95.0% | 검증: 86.9% | lr: 1.57e-04 | 0.4s
  에폭 1779/3000 | 손실: 0.2771 | 학습: 94.9% | 검증: 87.1% | lr: 1.57e-04 | 0.4s
  에폭 1780/3000 | 손실: 0.2776 | 학습: 95.1% | 검증: 87.4% | lr: 1.57e-04 | 0.4s
  에폭 1781/3000 | 손실: 0.2822 | 학습: 94.9% | 검증: 87.1% | lr: 1.57e-04 | 0.4s
  에폭 1782/3000 | 손실: 0.2707 | 학습: 94.8% | 검증: 86.8% | lr: 1.57e-04 | 0.4s
  에폭 1783/3000 | 손실: 0.2763 | 학습: 95.0% | 검증: 86.8% | lr: 1.57e-04 | 0.4s
  에폭 1784/3000 | 손실: 0.2771 | 학습: 95.0% | 검증: 87.3% | lr: 1.57e-04 | 0.4s
  에폭 1785/3000 | 손실: 0.2763 | 학습: 94.8% | 검증: 86.9% | lr: 1.57e-04 | 0.4s
  에폭 1786/3000 | 손실: 0.2794 | 학습: 95.2% | 검증: 87.2% | lr: 1.57e-04 | 0.4s
  에폭 1787/3000 | 손실: 0.2716 | 학습: 94.9% | 검증: 87.1% | lr: 1.57e-04 | 0.4s
  에폭 1788/3000 | 손실: 0.2776 | 학습: 94.8% | 검증: 86.8% | lr: 1.57e-04 | 0.4s
  에폭 1789/3000 | 손실: 0.2770 | 학습: 95.0% | 검증: 87.1% | lr: 1.57e-04 | 0.4s
  에폭 1790/3000 | 손실: 0.2789 | 학습: 95.0% | 검증: 87.3% | lr: 1.57e-04 | 0.4s
  에폭 1791/3000 | 손실: 0.2722 | 학습: 95.0% | 검증: 87.4% | lr: 1.57e-04 | 0.4s
  에폭 1792/3000 | 손실: 0.2748 | 학습: 95.1% | 검증: 87.1% | lr: 1.57e-04 | 0.4s
  에폭 1793/3000 | 손실: 0.2778 | 학습: 94.8% | 검증: 86.9% | lr: 1.57e-04 | 0.4s
  에폭 1794/3000 | 손실: 0.2759 | 학습: 94.9% | 검증: 86.8% | lr: 1.57e-04 | 0.4s
  에폭 1795/3000 | 손실: 0.2759 | 학습: 95.1% | 검증: 87.1% | lr: 1.57e-04 | 0.4s
  에폭 1796/3000 | 손실: 0.2722 | 학습: 95.0% | 검증: 87.0% | lr: 1.57e-04 | 0.4s
  에폭 1797/3000 | 손실: 0.2774 | 학습: 94.7% | 검증: 86.8% | lr: 1.57e-04 | 0.4s
  에폭 1798/3000 | 손실: 0.2758 | 학습: 95.1% | 검증: 87.3% | lr: 1.57e-04 | 0.4s
  에폭 1799/3000 | 손실: 0.2788 | 학습: 95.0% | 검증: 87.2% | lr: 1.57e-04 | 0.4s
  에폭 1800/3000 | 손실: 0.2752 | 학습: 95.1% | 검증: 87.1% | lr: 1.57e-04 | 0.4s
  에폭 1801/3000 | 손실: 0.2746 | 학습: 94.9% | 검증: 87.0% | lr: 1.57e-04 | 0.4s
  에폭 1802/3000 | 손실: 0.2766 | 학습: 95.0% | 검증: 87.0% | lr: 1.57e-04 | 0.4s
  에폭 1803/3000 | 손실: 0.2768 | 학습: 95.1% | 검증: 87.2% | lr: 1.57e-04 | 0.4s
  에폭 1804/3000 | 손실: 0.2722 | 학습: 95.2% | 검증: 87.1% | lr: 1.57e-04 | 0.4s
  에폭 1805/3000 | 손실: 0.2768 | 학습: 95.1% | 검증: 87.4% | lr: 1.57e-04 | 0.4s
  에폭 1806/3000 | 손실: 0.2738 | 학습: 95.0% | 검증: 87.4% | lr: 1.57e-04 | 0.4s
  에폭 1807/3000 | 손실: 0.2757 | 학습: 95.0% | 검증: 87.1% | lr: 1.57e-04 | 0.4s
  에폭 1808/3000 | 손실: 0.2774 | 학습: 95.0% | 검증: 87.4% | lr: 1.57e-04 | 0.4s
  에폭 1809/3000 | 손실: 0.2765 | 학습: 95.0% | 검증: 87.1% | lr: 1.57e-04 | 0.4s
  에폭 1810/3000 | 손실: 0.2752 | 학습: 94.9% | 검증: 86.7% | lr: 1.57e-04 | 0.4s
  에폭 1811/3000 | 손실: 0.2739 | 학습: 94.8% | 검증: 87.0% | lr: 1.57e-04 | 0.4s
  에폭 1812/3000 | 손실: 0.2713 | 학습: 95.2% | 검증: 87.0% | lr: 1.57e-04 | 0.4s
  에폭 1813/3000 | 손실: 0.2695 | 학습: 95.0% | 검증: 87.1% | lr: 1.57e-04 | 0.4s
  에폭 1814/3000 | 손실: 0.2722 | 학습: 95.1% | 검증: 87.4% | lr: 1.57e-04 | 0.4s
  에폭 1815/3000 | 손실: 0.2690 | 학습: 95.1% | 검증: 87.2% | lr: 1.57e-04 | 0.4s
  에폭 1816/3000 | 손실: 0.2774 | 학습: 95.0% | 검증: 87.5% | lr: 1.57e-04 | 0.4s
  에폭 1817/3000 | 손실: 0.2703 | 학습: 94.9% | 검증: 87.3% | lr: 1.57e-04 | 0.4s
  에폭 1818/3000 | 손실: 0.2779 | 학습: 95.0% | 검증: 87.2% | lr: 1.57e-04 | 0.4s
  에폭 1819/3000 | 손실: 0.2755 | 학습: 94.9% | 검증: 87.3% | lr: 1.41e-04 | 0.4s
  에폭 1820/3000 | 손실: 0.2794 | 학습: 94.7% | 검증: 87.5% | lr: 1.41e-04 | 0.4s
  에폭 1821/3000 | 손실: 0.2717 | 학습: 95.0% | 검증: 87.5% | lr: 1.41e-04 | 0.4s
  에폭 1822/3000 | 손실: 0.2729 | 학습: 95.2% | 검증: 87.7% | lr: 1.41e-04 | 0.4s
  에폭 1823/3000 | 손실: 0.2782 | 학습: 95.0% | 검증: 87.0% | lr: 1.41e-04 | 0.4s
  에폭 1824/3000 | 손실: 0.2706 | 학습: 95.2% | 검증: 87.4% | lr: 1.41e-04 | 0.4s
  에폭 1825/3000 | 손실: 0.2717 | 학습: 95.1% | 검증: 87.2% | lr: 1.41e-04 | 0.4s
  에폭 1826/3000 | 손실: 0.2758 | 학습: 94.9% | 검증: 87.4% | lr: 1.41e-04 | 0.4s
  에폭 1827/3000 | 손실: 0.2757 | 학습: 94.9% | 검증: 87.2% | lr: 1.41e-04 | 0.4s
  에폭 1828/3000 | 손실: 0.2760 | 학습: 94.9% | 검증: 87.2% | lr: 1.41e-04 | 0.4s
  에폭 1829/3000 | 손실: 0.2758 | 학습: 94.9% | 검증: 87.0% | lr: 1.41e-04 | 0.4s
  에폭 1830/3000 | 손실: 0.2724 | 학습: 95.0% | 검증: 87.0% | lr: 1.41e-04 | 0.4s
  에폭 1831/3000 | 손실: 0.2658 | 학습: 95.0% | 검증: 87.3% | lr: 1.41e-04 | 0.4s
  에폭 1832/3000 | 손실: 0.2802 | 학습: 95.2% | 검증: 87.2% | lr: 1.41e-04 | 0.4s
  에폭 1833/3000 | 손실: 0.2692 | 학습: 95.0% | 검증: 87.0% | lr: 1.41e-04 | 0.4s
  에폭 1834/3000 | 손실: 0.2739 | 학습: 95.2% | 검증: 87.2% | lr: 1.41e-04 | 0.4s
  에폭 1835/3000 | 손실: 0.2750 | 학습: 94.9% | 검증: 87.0% | lr: 1.41e-04 | 0.4s
  에폭 1836/3000 | 손실: 0.2752 | 학습: 95.0% | 검증: 87.3% | lr: 1.41e-04 | 0.4s
  에폭 1837/3000 | 손실: 0.2767 | 학습: 95.1% | 검증: 87.1% | lr: 1.41e-04 | 0.4s
  에폭 1838/3000 | 손실: 0.2765 | 학습: 95.0% | 검증: 87.1% | lr: 1.41e-04 | 0.4s
  에폭 1839/3000 | 손실: 0.2790 | 학습: 95.1% | 검증: 87.4% | lr: 1.41e-04 | 0.4s
  에폭 1840/3000 | 손실: 0.2777 | 학습: 95.2% | 검증: 87.2% | lr: 1.41e-04 | 0.4s
  에폭 1841/3000 | 손실: 0.2757 | 학습: 95.0% | 검증: 87.4% | lr: 1.41e-04 | 0.4s
  에폭 1842/3000 | 손실: 0.2765 | 학습: 95.1% | 검증: 87.3% | lr: 1.41e-04 | 0.4s
  에폭 1843/3000 | 손실: 0.2763 | 학습: 95.1% | 검증: 87.5% | lr: 1.41e-04 | 0.4s
  에폭 1844/3000 | 손실: 0.2734 | 학습: 95.0% | 검증: 87.1% | lr: 1.41e-04 | 0.4s
  에폭 1845/3000 | 손실: 0.2698 | 학습: 95.2% | 검증: 87.3% | lr: 1.41e-04 | 0.4s
  에폭 1846/3000 | 손실: 0.2748 | 학습: 95.2% | 검증: 87.0% | lr: 1.41e-04 | 0.4s
  에폭 1847/3000 | 손실: 0.2728 | 학습: 95.0% | 검증: 87.2% | lr: 1.41e-04 | 0.4s
  에폭 1848/3000 | 손실: 0.2752 | 학습: 95.1% | 검증: 87.3% | lr: 1.41e-04 | 0.4s
  에폭 1849/3000 | 손실: 0.2766 | 학습: 95.1% | 검증: 87.2% | lr: 1.41e-04 | 0.4s
  에폭 1850/3000 | 손실: 0.2766 | 학습: 95.2% | 검증: 87.5% | lr: 1.41e-04 | 0.4s
  에폭 1851/3000 | 손실: 0.2739 | 학습: 95.0% | 검증: 87.5% | lr: 1.41e-04 | 0.4s
  에폭 1852/3000 | 손실: 0.2719 | 학습: 95.1% | 검증: 87.2% | lr: 1.41e-04 | 0.4s
  에폭 1853/3000 | 손실: 0.2730 | 학습: 95.0% | 검증: 87.2% | lr: 1.41e-04 | 0.4s
  에폭 1854/3000 | 손실: 0.2746 | 학습: 95.0% | 검증: 87.1% | lr: 1.41e-04 | 0.4s
  에폭 1855/3000 | 손실: 0.2694 | 학습: 94.9% | 검증: 87.0% | lr: 1.41e-04 | 0.4s
  에폭 1856/3000 | 손실: 0.2761 | 학습: 95.0% | 검증: 87.1% | lr: 1.41e-04 | 0.4s
  에폭 1857/3000 | 손실: 0.2756 | 학습: 95.0% | 검증: 87.0% | lr: 1.41e-04 | 0.4s
  에폭 1858/3000 | 손실: 0.2707 | 학습: 94.9% | 검증: 87.2% | lr: 1.41e-04 | 0.4s
  에폭 1859/3000 | 손실: 0.2765 | 학습: 95.1% | 검증: 86.9% | lr: 1.41e-04 | 0.4s
  에폭 1860/3000 | 손실: 0.2787 | 학습: 95.1% | 검증: 87.2% | lr: 1.41e-04 | 0.4s
  에폭 1861/3000 | 손실: 0.2783 | 학습: 95.3% | 검증: 87.5% | lr: 1.41e-04 | 0.4s
  에폭 1862/3000 | 손실: 0.2727 | 학습: 95.0% | 검증: 87.2% | lr: 1.41e-04 | 0.4s
  에폭 1863/3000 | 손실: 0.2728 | 학습: 94.9% | 검증: 87.1% | lr: 1.41e-04 | 0.4s
  에폭 1864/3000 | 손실: 0.2742 | 학습: 95.3% | 검증: 87.2% | lr: 1.41e-04 | 0.4s
  에폭 1865/3000 | 손실: 0.2693 | 학습: 95.2% | 검증: 87.3% | lr: 1.41e-04 | 0.4s
  에폭 1866/3000 | 손실: 0.2757 | 학습: 95.2% | 검증: 87.2% | lr: 1.41e-04 | 0.4s
  에폭 1867/3000 | 손실: 0.2776 | 학습: 95.2% | 검증: 87.2% | lr: 1.41e-04 | 0.4s
  에폭 1868/3000 | 손실: 0.2690 | 학습: 95.1% | 검증: 87.3% | lr: 1.41e-04 | 0.4s
  에폭 1869/3000 | 손실: 0.2815 | 학습: 95.0% | 검증: 87.1% | lr: 1.41e-04 | 0.4s
  에폭 1870/3000 | 손실: 0.2721 | 학습: 95.0% | 검증: 87.2% | lr: 1.41e-04 | 0.4s
  에폭 1871/3000 | 손실: 0.2787 | 학습: 95.1% | 검증: 87.1% | lr: 1.41e-04 | 0.4s
  에폭 1872/3000 | 손실: 0.2739 | 학습: 95.1% | 검증: 87.1% | lr: 1.41e-04 | 0.4s
  에폭 1873/3000 | 손실: 0.2771 | 학습: 95.0% | 검증: 87.2% | lr: 1.41e-04 | 0.4s
  에폭 1874/3000 | 손실: 0.2759 | 학습: 95.2% | 검증: 87.1% | lr: 1.41e-04 | 0.4s
  에폭 1875/3000 | 손실: 0.2724 | 학습: 95.2% | 검증: 87.1% | lr: 1.41e-04 | 0.4s
  에폭 1876/3000 | 손실: 0.2780 | 학습: 95.2% | 검증: 87.2% | lr: 1.41e-04 | 0.4s
  에폭 1877/3000 | 손실: 0.2735 | 학습: 95.0% | 검증: 87.1% | lr: 1.41e-04 | 0.4s
  에폭 1878/3000 | 손실: 0.2749 | 학습: 95.0% | 검증: 86.7% | lr: 1.41e-04 | 0.4s
  에폭 1879/3000 | 손실: 0.2736 | 학습: 95.2% | 검증: 87.0% | lr: 1.41e-04 | 0.4s
  에폭 1880/3000 | 손실: 0.2717 | 학습: 95.0% | 검증: 87.1% | lr: 1.41e-04 | 0.4s
  에폭 1881/3000 | 손실: 0.2734 | 학습: 95.1% | 검증: 87.0% | lr: 1.41e-04 | 0.4s
  에폭 1882/3000 | 손실: 0.2727 | 학습: 95.2% | 검증: 87.2% | lr: 1.27e-04 | 0.4s
  에폭 1883/3000 | 손실: 0.2753 | 학습: 95.2% | 검증: 87.4% | lr: 1.27e-04 | 0.4s
  에폭 1884/3000 | 손실: 0.2767 | 학습: 95.0% | 검증: 87.1% | lr: 1.27e-04 | 0.4s
  에폭 1885/3000 | 손실: 0.2696 | 학습: 95.0% | 검증: 87.2% | lr: 1.27e-04 | 0.4s
  에폭 1886/3000 | 손실: 0.2782 | 학습: 95.1% | 검증: 87.0% | lr: 1.27e-04 | 0.4s
  에폭 1887/3000 | 손실: 0.2728 | 학습: 95.0% | 검증: 87.0% | lr: 1.27e-04 | 0.4s
  에폭 1888/3000 | 손실: 0.2774 | 학습: 95.0% | 검증: 87.2% | lr: 1.27e-04 | 0.4s
  에폭 1889/3000 | 손실: 0.2745 | 학습: 95.3% | 검증: 87.4% | lr: 1.27e-04 | 0.4s
  에폭 1890/3000 | 손실: 0.2731 | 학습: 95.3% | 검증: 86.8% | lr: 1.27e-04 | 0.4s
  에폭 1891/3000 | 손실: 0.2771 | 학습: 95.2% | 검증: 87.0% | lr: 1.27e-04 | 0.4s
  에폭 1892/3000 | 손실: 0.2794 | 학습: 95.3% | 검증: 87.2% | lr: 1.27e-04 | 0.4s
  에폭 1893/3000 | 손실: 0.2788 | 학습: 95.3% | 검증: 87.4% | lr: 1.27e-04 | 0.4s
  에폭 1894/3000 | 손실: 0.2775 | 학습: 94.9% | 검증: 87.1% | lr: 1.27e-04 | 0.4s
  에폭 1895/3000 | 손실: 0.2693 | 학습: 95.0% | 검증: 87.3% | lr: 1.27e-04 | 0.4s
  에폭 1896/3000 | 손실: 0.2747 | 학습: 95.1% | 검증: 87.2% | lr: 1.27e-04 | 0.4s
  에폭 1897/3000 | 손실: 0.2751 | 학습: 95.1% | 검증: 87.2% | lr: 1.27e-04 | 0.4s
  에폭 1898/3000 | 손실: 0.2793 | 학습: 95.2% | 검증: 87.0% | lr: 1.27e-04 | 0.4s
  에폭 1899/3000 | 손실: 0.2758 | 학습: 95.0% | 검증: 87.2% | lr: 1.27e-04 | 0.4s
  에폭 1900/3000 | 손실: 0.2684 | 학습: 94.9% | 검증: 87.2% | lr: 1.27e-04 | 0.4s
  에폭 1901/3000 | 손실: 0.2751 | 학습: 95.0% | 검증: 87.1% | lr: 1.27e-04 | 0.4s
  에폭 1902/3000 | 손실: 0.2763 | 학습: 95.0% | 검증: 87.2% | lr: 1.27e-04 | 0.4s
  에폭 1903/3000 | 손실: 0.2732 | 학습: 95.1% | 검증: 87.0% | lr: 1.27e-04 | 0.4s
  에폭 1904/3000 | 손실: 0.2710 | 학습: 95.2% | 검증: 87.1% | lr: 1.27e-04 | 0.4s
  에폭 1905/3000 | 손실: 0.2726 | 학습: 95.1% | 검증: 87.2% | lr: 1.27e-04 | 0.4s
  에폭 1906/3000 | 손실: 0.2738 | 학습: 95.0% | 검증: 87.1% | lr: 1.27e-04 | 0.4s
  에폭 1907/3000 | 손실: 0.2700 | 학습: 95.1% | 검증: 87.3% | lr: 1.27e-04 | 0.4s
  에폭 1908/3000 | 손실: 0.2726 | 학습: 95.1% | 검증: 87.1% | lr: 1.27e-04 | 0.4s
  에폭 1909/3000 | 손실: 0.2663 | 학습: 95.3% | 검증: 87.2% | lr: 1.27e-04 | 0.4s
  에폭 1910/3000 | 손실: 0.2774 | 학습: 95.0% | 검증: 86.9% | lr: 1.27e-04 | 0.4s
  에폭 1911/3000 | 손실: 0.2696 | 학습: 95.4% | 검증: 87.1% | lr: 1.27e-04 | 0.4s
  에폭 1912/3000 | 손실: 0.2720 | 학습: 95.4% | 검증: 87.0% | lr: 1.27e-04 | 0.4s
  에폭 1913/3000 | 손실: 0.2782 | 학습: 95.2% | 검증: 87.2% | lr: 1.27e-04 | 0.4s
  에폭 1914/3000 | 손실: 0.2720 | 학습: 95.1% | 검증: 87.0% | lr: 1.27e-04 | 0.4s
  에폭 1915/3000 | 손실: 0.2723 | 학습: 95.3% | 검증: 87.4% | lr: 1.27e-04 | 0.4s
  에폭 1916/3000 | 손실: 0.2731 | 학습: 95.2% | 검증: 87.2% | lr: 1.27e-04 | 0.4s
  에폭 1917/3000 | 손실: 0.2741 | 학습: 95.1% | 검증: 87.0% | lr: 1.27e-04 | 0.4s
  에폭 1918/3000 | 손실: 0.2760 | 학습: 95.2% | 검증: 87.2% | lr: 1.27e-04 | 0.4s
  에폭 1919/3000 | 손실: 0.2781 | 학습: 95.2% | 검증: 87.3% | lr: 1.27e-04 | 0.4s
  에폭 1920/3000 | 손실: 0.2691 | 학습: 95.5% | 검증: 87.4% | lr: 1.27e-04 | 0.4s
  에폭 1921/3000 | 손실: 0.2728 | 학습: 95.1% | 검증: 87.0% | lr: 1.27e-04 | 0.4s
  에폭 1922/3000 | 손실: 0.2742 | 학습: 94.9% | 검증: 86.7% | lr: 1.27e-04 | 0.4s
  에폭 1923/3000 | 손실: 0.2744 | 학습: 95.1% | 검증: 87.2% | lr: 1.27e-04 | 0.4s
  에폭 1924/3000 | 손실: 0.2725 | 학습: 95.3% | 검증: 87.5% | lr: 1.27e-04 | 0.4s
  에폭 1925/3000 | 손실: 0.2740 | 학습: 95.3% | 검증: 87.5% | lr: 1.27e-04 | 0.4s
  에폭 1926/3000 | 손실: 0.2729 | 학습: 94.9% | 검증: 87.2% | lr: 1.27e-04 | 0.4s
  에폭 1927/3000 | 손실: 0.2716 | 학습: 95.2% | 검증: 87.3% | lr: 1.27e-04 | 0.4s
  에폭 1928/3000 | 손실: 0.2738 | 학습: 95.2% | 검증: 87.3% | lr: 1.27e-04 | 0.4s
  에폭 1929/3000 | 손실: 0.2706 | 학습: 95.1% | 검증: 87.0% | lr: 1.27e-04 | 0.4s
  에폭 1930/3000 | 손실: 0.2748 | 학습: 95.1% | 검증: 86.9% | lr: 1.27e-04 | 0.4s
  에폭 1931/3000 | 손실: 0.2704 | 학습: 95.0% | 검증: 87.1% | lr: 1.27e-04 | 0.4s
  에폭 1932/3000 | 손실: 0.2687 | 학습: 95.0% | 검증: 87.3% | lr: 1.27e-04 | 0.4s
  에폭 1933/3000 | 손실: 0.2714 | 학습: 95.0% | 검증: 86.9% | lr: 1.14e-04 | 0.4s
  에폭 1934/3000 | 손실: 0.2734 | 학습: 95.1% | 검증: 87.4% | lr: 1.14e-04 | 0.4s
  에폭 1935/3000 | 손실: 0.2702 | 학습: 95.1% | 검증: 87.4% | lr: 1.14e-04 | 0.4s
  에폭 1936/3000 | 손실: 0.2746 | 학습: 95.1% | 검증: 87.2% | lr: 1.14e-04 | 0.4s
  에폭 1937/3000 | 손실: 0.2685 | 학습: 95.1% | 검증: 87.1% | lr: 1.14e-04 | 0.4s
  에폭 1938/3000 | 손실: 0.2770 | 학습: 95.1% | 검증: 87.3% | lr: 1.14e-04 | 0.4s
  에폭 1939/3000 | 손실: 0.2771 | 학습: 95.1% | 검증: 87.3% | lr: 1.14e-04 | 0.4s
  에폭 1940/3000 | 손실: 0.2686 | 학습: 95.3% | 검증: 87.5% | lr: 1.14e-04 | 0.4s
  에폭 1941/3000 | 손실: 0.2773 | 학습: 95.4% | 검증: 87.4% | lr: 1.14e-04 | 0.4s
  에폭 1942/3000 | 손실: 0.2727 | 학습: 95.3% | 검증: 87.1% | lr: 1.14e-04 | 0.4s
  에폭 1943/3000 | 손실: 0.2769 | 학습: 95.2% | 검증: 87.3% | lr: 1.14e-04 | 0.4s
  에폭 1944/3000 | 손실: 0.2671 | 학습: 95.1% | 검증: 87.1% | lr: 1.14e-04 | 0.4s
  에폭 1945/3000 | 손실: 0.2770 | 학습: 95.4% | 검증: 87.3% | lr: 1.14e-04 | 0.4s
  에폭 1946/3000 | 손실: 0.2693 | 학습: 95.2% | 검증: 87.4% | lr: 1.14e-04 | 0.4s
  에폭 1947/3000 | 손실: 0.2739 | 학습: 95.1% | 검증: 87.4% | lr: 1.14e-04 | 0.4s
  에폭 1948/3000 | 손실: 0.2726 | 학습: 95.3% | 검증: 87.1% | lr: 1.14e-04 | 0.4s
  에폭 1949/3000 | 손실: 0.2750 | 학습: 95.1% | 검증: 87.0% | lr: 1.14e-04 | 0.4s
  에폭 1950/3000 | 손실: 0.2698 | 학습: 95.1% | 검증: 87.1% | lr: 1.14e-04 | 0.4s
  에폭 1951/3000 | 손실: 0.2728 | 학습: 95.2% | 검증: 87.2% | lr: 1.14e-04 | 0.4s
  에폭 1952/3000 | 손실: 0.2727 | 학습: 95.1% | 검증: 87.1% | lr: 1.14e-04 | 0.4s
  에폭 1953/3000 | 손실: 0.2694 | 학습: 95.1% | 검증: 87.4% | lr: 1.14e-04 | 0.4s
  에폭 1954/3000 | 손실: 0.2708 | 학습: 95.1% | 검증: 87.3% | lr: 1.14e-04 | 0.4s
  에폭 1955/3000 | 손실: 0.2734 | 학습: 95.1% | 검증: 86.9% | lr: 1.14e-04 | 0.4s
  에폭 1956/3000 | 손실: 0.2761 | 학습: 95.1% | 검증: 87.1% | lr: 1.14e-04 | 0.4s
  에폭 1957/3000 | 손실: 0.2736 | 학습: 95.3% | 검증: 87.4% | lr: 1.14e-04 | 0.4s
  에폭 1958/3000 | 손실: 0.2747 | 학습: 95.2% | 검증: 87.0% | lr: 1.14e-04 | 0.4s
  에폭 1959/3000 | 손실: 0.2678 | 학습: 95.2% | 검증: 87.2% | lr: 1.14e-04 | 0.4s
  에폭 1960/3000 | 손실: 0.2750 | 학습: 95.2% | 검증: 87.1% | lr: 1.14e-04 | 0.4s
  에폭 1961/3000 | 손실: 0.2692 | 학습: 95.2% | 검증: 87.1% | lr: 1.14e-04 | 0.4s
  에폭 1962/3000 | 손실: 0.2688 | 학습: 95.0% | 검증: 87.2% | lr: 1.14e-04 | 0.4s
  에폭 1963/3000 | 손실: 0.2745 | 학습: 95.2% | 검증: 87.2% | lr: 1.14e-04 | 0.4s
  에폭 1964/3000 | 손실: 0.2717 | 학습: 95.2% | 검증: 87.2% | lr: 1.14e-04 | 0.4s
  에폭 1965/3000 | 손실: 0.2707 | 학습: 95.3% | 검증: 87.4% | lr: 1.14e-04 | 0.4s
  에폭 1966/3000 | 손실: 0.2781 | 학습: 95.3% | 검증: 87.5% | lr: 1.14e-04 | 0.4s
  에폭 1967/3000 | 손실: 0.2784 | 학습: 95.1% | 검증: 87.2% | lr: 1.14e-04 | 0.4s
  에폭 1968/3000 | 손실: 0.2688 | 학습: 95.1% | 검증: 87.1% | lr: 1.14e-04 | 0.4s
  에폭 1969/3000 | 손실: 0.2660 | 학습: 95.1% | 검증: 87.1% | lr: 1.14e-04 | 0.4s
  에폭 1970/3000 | 손실: 0.2736 | 학습: 95.2% | 검증: 87.2% | lr: 1.14e-04 | 0.4s
  에폭 1971/3000 | 손실: 0.2712 | 학습: 95.1% | 검증: 86.9% | lr: 1.14e-04 | 0.4s
  에폭 1972/3000 | 손실: 0.2739 | 학습: 95.2% | 검증: 87.2% | lr: 1.14e-04 | 0.4s
  에폭 1973/3000 | 손실: 0.2721 | 학습: 95.2% | 검증: 87.4% | lr: 1.14e-04 | 0.4s
  에폭 1974/3000 | 손실: 0.2740 | 학습: 95.2% | 검증: 87.4% | lr: 1.14e-04 | 0.4s
  에폭 1975/3000 | 손실: 0.2715 | 학습: 95.2% | 검증: 87.0% | lr: 1.14e-04 | 0.4s
  에폭 1976/3000 | 손실: 0.2701 | 학습: 95.2% | 검증: 87.1% | lr: 1.14e-04 | 0.4s
  에폭 1977/3000 | 손실: 0.2683 | 학습: 95.2% | 검증: 87.1% | lr: 1.14e-04 | 0.4s
  에폭 1978/3000 | 손실: 0.2719 | 학습: 95.0% | 검증: 87.1% | lr: 1.14e-04 | 0.4s
  에폭 1979/3000 | 손실: 0.2767 | 학습: 95.1% | 검증: 87.2% | lr: 1.14e-04 | 0.4s
  에폭 1980/3000 | 손실: 0.2724 | 학습: 95.0% | 검증: 87.4% | lr: 1.14e-04 | 0.4s
  에폭 1981/3000 | 손실: 0.2754 | 학습: 95.0% | 검증: 87.2% | lr: 1.14e-04 | 0.4s
  에폭 1982/3000 | 손실: 0.2671 | 학습: 95.2% | 검증: 87.6% | lr: 1.14e-04 | 0.4s
  에폭 1983/3000 | 손실: 0.2722 | 학습: 95.1% | 검증: 87.4% | lr: 1.14e-04 | 0.4s
  에폭 1984/3000 | 손실: 0.2744 | 학습: 95.1% | 검증: 87.2% | lr: 1.03e-04 | 0.4s
  에폭 1985/3000 | 손실: 0.2701 | 학습: 95.3% | 검증: 87.1% | lr: 1.03e-04 | 0.4s
  에폭 1986/3000 | 손실: 0.2736 | 학습: 95.0% | 검증: 87.2% | lr: 1.03e-04 | 0.4s
  에폭 1987/3000 | 손실: 0.2766 | 학습: 95.2% | 검증: 86.9% | lr: 1.03e-04 | 0.4s
  에폭 1988/3000 | 손실: 0.2733 | 학습: 95.3% | 검증: 87.0% | lr: 1.03e-04 | 0.4s
  에폭 1989/3000 | 손실: 0.2668 | 학습: 95.2% | 검증: 87.1% | lr: 1.03e-04 | 0.4s
  에폭 1990/3000 | 손실: 0.2728 | 학습: 95.0% | 검증: 86.9% | lr: 1.03e-04 | 0.4s
  에폭 1991/3000 | 손실: 0.2707 | 학습: 95.1% | 검증: 87.1% | lr: 1.03e-04 | 0.4s
  에폭 1992/3000 | 손실: 0.2678 | 학습: 95.2% | 검증: 86.9% | lr: 1.03e-04 | 0.4s
  에폭 1993/3000 | 손실: 0.2626 | 학습: 95.2% | 검증: 87.2% | lr: 1.03e-04 | 0.4s
  에폭 1994/3000 | 손실: 0.2695 | 학습: 95.2% | 검증: 87.1% | lr: 1.03e-04 | 0.4s
  에폭 1995/3000 | 손실: 0.2664 | 학습: 95.4% | 검증: 87.0% | lr: 1.03e-04 | 0.4s
  에폭 1996/3000 | 손실: 0.2737 | 학습: 95.2% | 검증: 87.0% | lr: 1.03e-04 | 0.4s
  에폭 1997/3000 | 손실: 0.2708 | 학습: 95.2% | 검증: 87.2% | lr: 1.03e-04 | 0.4s
  에폭 1998/3000 | 손실: 0.2697 | 학습: 95.3% | 검증: 87.2% | lr: 1.03e-04 | 0.4s
  에폭 1999/3000 | 손실: 0.2706 | 학습: 95.2% | 검증: 87.4% | lr: 1.03e-04 | 0.4s
  에폭 2000/3000 | 손실: 0.2701 | 학습: 95.1% | 검증: 87.1% | lr: 1.03e-04 | 0.4s
  에폭 2001/3000 | 손실: 0.2710 | 학습: 95.4% | 검증: 87.4% | lr: 1.03e-04 | 0.4s
  에폭 2002/3000 | 손실: 0.2687 | 학습: 95.2% | 검증: 87.2% | lr: 1.03e-04 | 0.4s
  에폭 2003/3000 | 손실: 0.2661 | 학습: 95.2% | 검증: 87.0% | lr: 1.03e-04 | 0.4s
  에폭 2004/3000 | 손실: 0.2742 | 학습: 95.2% | 검증: 87.1% | lr: 1.03e-04 | 0.4s
  에폭 2005/3000 | 손실: 0.2743 | 학습: 95.2% | 검증: 87.6% | lr: 1.03e-04 | 0.4s
  에폭 2006/3000 | 손실: 0.2681 | 학습: 95.3% | 검증: 87.4% | lr: 1.03e-04 | 0.4s
  에폭 2007/3000 | 손실: 0.2721 | 학습: 95.1% | 검증: 87.4% | lr: 1.03e-04 | 0.4s
  에폭 2008/3000 | 손실: 0.2712 | 학습: 95.2% | 검증: 87.2% | lr: 1.03e-04 | 0.4s
  에폭 2009/3000 | 손실: 0.2674 | 학습: 95.3% | 검증: 87.3% | lr: 1.03e-04 | 0.4s
  에폭 2010/3000 | 손실: 0.2738 | 학습: 95.2% | 검증: 87.3% | lr: 1.03e-04 | 0.4s
  에폭 2011/3000 | 손실: 0.2694 | 학습: 95.1% | 검증: 87.3% | lr: 1.03e-04 | 0.4s
  에폭 2012/3000 | 손실: 0.2704 | 학습: 95.3% | 검증: 87.3% | lr: 1.03e-04 | 0.4s
  에폭 2013/3000 | 손실: 0.2728 | 학습: 95.1% | 검증: 87.4% | lr: 1.03e-04 | 0.4s
  에폭 2014/3000 | 손실: 0.2725 | 학습: 94.8% | 검증: 87.2% | lr: 1.03e-04 | 0.4s
  에폭 2015/3000 | 손실: 0.2745 | 학습: 95.1% | 검증: 87.0% | lr: 1.03e-04 | 0.4s
  에폭 2016/3000 | 손실: 0.2767 | 학습: 95.2% | 검증: 87.3% | lr: 1.03e-04 | 0.4s
  에폭 2017/3000 | 손실: 0.2681 | 학습: 95.1% | 검증: 87.3% | lr: 1.03e-04 | 0.4s
  에폭 2018/3000 | 손실: 0.2721 | 학습: 95.0% | 검증: 87.1% | lr: 1.03e-04 | 0.4s
  에폭 2019/3000 | 손실: 0.2724 | 학습: 95.3% | 검증: 87.1% | lr: 1.03e-04 | 0.4s
  에폭 2020/3000 | 손실: 0.2710 | 학습: 95.2% | 검증: 87.4% | lr: 1.03e-04 | 0.4s
  에폭 2021/3000 | 손실: 0.2747 | 학습: 95.0% | 검증: 87.1% | lr: 1.03e-04 | 0.4s
  에폭 2022/3000 | 손실: 0.2706 | 학습: 95.3% | 검증: 86.8% | lr: 1.03e-04 | 0.4s
  에폭 2023/3000 | 손실: 0.2709 | 학습: 94.9% | 검증: 87.5% | lr: 1.03e-04 | 0.4s
  에폭 2024/3000 | 손실: 0.2751 | 학습: 95.3% | 검증: 87.4% | lr: 1.03e-04 | 0.4s
  에폭 2025/3000 | 손실: 0.2685 | 학습: 95.1% | 검증: 87.3% | lr: 1.03e-04 | 0.4s
  에폭 2026/3000 | 손실: 0.2684 | 학습: 95.1% | 검증: 87.2% | lr: 1.03e-04 | 0.4s
  에폭 2027/3000 | 손실: 0.2735 | 학습: 95.2% | 검증: 87.2% | lr: 1.03e-04 | 0.4s
  에폭 2028/3000 | 손실: 0.2733 | 학습: 95.3% | 검증: 87.3% | lr: 1.03e-04 | 0.4s
  에폭 2029/3000 | 손실: 0.2762 | 학습: 95.2% | 검증: 87.3% | lr: 1.03e-04 | 0.4s
  에폭 2030/3000 | 손실: 0.2760 | 학습: 95.3% | 검증: 87.1% | lr: 1.03e-04 | 0.4s
  에폭 2031/3000 | 손실: 0.2755 | 학습: 95.3% | 검증: 87.3% | lr: 1.03e-04 | 0.4s
  에폭 2032/3000 | 손실: 0.2691 | 학습: 95.4% | 검증: 87.1% | lr: 1.03e-04 | 0.4s
  에폭 2033/3000 | 손실: 0.2730 | 학습: 95.3% | 검증: 87.3% | lr: 1.03e-04 | 0.4s
  에폭 2034/3000 | 손실: 0.2652 | 학습: 95.3% | 검증: 87.3% | lr: 1.03e-04 | 0.4s
  에폭 2035/3000 | 손실: 0.2711 | 학습: 95.0% | 검증: 87.2% | lr: 1.03e-04 | 0.4s
  에폭 2036/3000 | 손실: 0.2724 | 학습: 95.4% | 검증: 87.0% | lr: 1.03e-04 | 0.4s
  에폭 2037/3000 | 손실: 0.2758 | 학습: 95.1% | 검증: 87.4% | lr: 1.03e-04 | 0.4s
  에폭 2038/3000 | 손실: 0.2798 | 학습: 95.1% | 검증: 86.6% | lr: 1.03e-04 | 0.4s
  에폭 2039/3000 | 손실: 0.2716 | 학습: 95.3% | 검증: 86.8% | lr: 1.03e-04 | 0.4s
  에폭 2040/3000 | 손실: 0.2657 | 학습: 95.4% | 검증: 87.2% | lr: 1.03e-04 | 0.4s
  에폭 2041/3000 | 손실: 0.2743 | 학습: 95.3% | 검증: 86.6% | lr: 1.03e-04 | 0.4s
  에폭 2042/3000 | 손실: 0.2715 | 학습: 95.2% | 검증: 86.9% | lr: 1.03e-04 | 0.4s
  에폭 2043/3000 | 손실: 0.2719 | 학습: 95.2% | 검증: 87.0% | lr: 1.03e-04 | 0.4s
  에폭 2044/3000 | 손실: 0.2729 | 학습: 95.2% | 검증: 87.0% | lr: 9.27e-05 | 0.4s
  에폭 2045/3000 | 손실: 0.2727 | 학습: 95.2% | 검증: 87.1% | lr: 9.27e-05 | 0.4s
  에폭 2046/3000 | 손실: 0.2673 | 학습: 95.1% | 검증: 87.1% | lr: 9.27e-05 | 0.4s
  에폭 2047/3000 | 손실: 0.2674 | 학습: 95.3% | 검증: 87.2% | lr: 9.27e-05 | 0.4s
  에폭 2048/3000 | 손실: 0.2689 | 학습: 95.1% | 검증: 87.0% | lr: 9.27e-05 | 0.4s
  에폭 2049/3000 | 손실: 0.2672 | 학습: 95.2% | 검증: 86.9% | lr: 9.27e-05 | 0.4s
  에폭 2050/3000 | 손실: 0.2669 | 학습: 95.3% | 검증: 86.9% | lr: 9.27e-05 | 0.4s
  에폭 2051/3000 | 손실: 0.2737 | 학습: 95.1% | 검증: 86.9% | lr: 9.27e-05 | 0.4s
  에폭 2052/3000 | 손실: 0.2706 | 학습: 95.1% | 검증: 87.1% | lr: 9.27e-05 | 0.4s
  에폭 2053/3000 | 손실: 0.2705 | 학습: 95.3% | 검증: 87.4% | lr: 9.27e-05 | 0.4s
  에폭 2054/3000 | 손실: 0.2682 | 학습: 95.3% | 검증: 87.1% | lr: 9.27e-05 | 0.4s
  에폭 2055/3000 | 손실: 0.2707 | 학습: 95.2% | 검증: 86.9% | lr: 9.27e-05 | 0.4s
  에폭 2056/3000 | 손실: 0.2683 | 학습: 95.2% | 검증: 87.4% | lr: 9.27e-05 | 0.4s
  에폭 2057/3000 | 손실: 0.2656 | 학습: 95.1% | 검증: 87.2% | lr: 9.27e-05 | 0.4s
  에폭 2058/3000 | 손실: 0.2710 | 학습: 95.3% | 검증: 87.3% | lr: 9.27e-05 | 0.4s
  에폭 2059/3000 | 손실: 0.2710 | 학습: 95.2% | 검증: 87.1% | lr: 9.27e-05 | 0.4s
  에폭 2060/3000 | 손실: 0.2696 | 학습: 95.3% | 검증: 87.0% | lr: 9.27e-05 | 0.4s
  에폭 2061/3000 | 손실: 0.2686 | 학습: 95.2% | 검증: 86.9% | lr: 9.27e-05 | 0.4s
  에폭 2062/3000 | 손실: 0.2712 | 학습: 95.3% | 검증: 87.2% | lr: 9.27e-05 | 0.4s
  에폭 2063/3000 | 손실: 0.2765 | 학습: 95.1% | 검증: 87.2% | lr: 9.27e-05 | 0.4s
  에폭 2064/3000 | 손실: 0.2650 | 학습: 95.4% | 검증: 87.1% | lr: 9.27e-05 | 0.4s
  에폭 2065/3000 | 손실: 0.2698 | 학습: 95.0% | 검증: 87.0% | lr: 9.27e-05 | 0.4s
  에폭 2066/3000 | 손실: 0.2706 | 학습: 95.2% | 검증: 87.2% | lr: 9.27e-05 | 0.4s
  에폭 2067/3000 | 손실: 0.2704 | 학습: 95.2% | 검증: 87.5% | lr: 9.27e-05 | 0.4s
  에폭 2068/3000 | 손실: 0.2724 | 학습: 95.1% | 검증: 87.1% | lr: 9.27e-05 | 0.4s
  에폭 2069/3000 | 손실: 0.2718 | 학습: 95.3% | 검증: 87.3% | lr: 9.27e-05 | 0.4s
  에폭 2070/3000 | 손실: 0.2683 | 학습: 95.3% | 검증: 87.2% | lr: 9.27e-05 | 0.4s
  에폭 2071/3000 | 손실: 0.2706 | 학습: 95.2% | 검증: 87.2% | lr: 9.27e-05 | 0.4s
  에폭 2072/3000 | 손실: 0.2721 | 학습: 95.0% | 검증: 87.2% | lr: 9.27e-05 | 0.4s
  에폭 2073/3000 | 손실: 0.2747 | 학습: 95.2% | 검증: 87.4% | lr: 9.27e-05 | 0.4s
  에폭 2074/3000 | 손실: 0.2739 | 학습: 95.2% | 검증: 87.4% | lr: 9.27e-05 | 0.4s
  에폭 2075/3000 | 손실: 0.2671 | 학습: 95.3% | 검증: 87.3% | lr: 9.27e-05 | 0.4s
  에폭 2076/3000 | 손실: 0.2590 | 학습: 95.4% | 검증: 87.3% | lr: 9.27e-05 | 0.4s
  에폭 2077/3000 | 손실: 0.2749 | 학습: 95.2% | 검증: 87.1% | lr: 9.27e-05 | 0.4s
  에폭 2078/3000 | 손실: 0.2712 | 학습: 95.3% | 검증: 87.2% | lr: 9.27e-05 | 0.4s
  에폭 2079/3000 | 손실: 0.2709 | 학습: 95.4% | 검증: 86.9% | lr: 9.27e-05 | 0.4s
  에폭 2080/3000 | 손실: 0.2715 | 학습: 95.1% | 검증: 87.0% | lr: 9.27e-05 | 0.4s
  에폭 2081/3000 | 손실: 0.2767 | 학습: 95.0% | 검증: 87.4% | lr: 9.27e-05 | 0.4s
  에폭 2082/3000 | 손실: 0.2708 | 학습: 95.3% | 검증: 87.3% | lr: 9.27e-05 | 0.4s
  에폭 2083/3000 | 손실: 0.2735 | 학습: 95.2% | 검증: 87.0% | lr: 9.27e-05 | 0.4s
  에폭 2084/3000 | 손실: 0.2701 | 학습: 95.2% | 검증: 87.3% | lr: 9.27e-05 | 0.4s
  에폭 2085/3000 | 손실: 0.2688 | 학습: 95.3% | 검증: 87.4% | lr: 9.27e-05 | 0.4s
  에폭 2086/3000 | 손실: 0.2682 | 학습: 95.2% | 검증: 87.1% | lr: 9.27e-05 | 0.4s
  에폭 2087/3000 | 손실: 0.2705 | 학습: 95.4% | 검증: 87.2% | lr: 9.27e-05 | 0.4s
  에폭 2088/3000 | 손실: 0.2722 | 학습: 95.1% | 검증: 87.2% | lr: 9.27e-05 | 0.4s
  에폭 2089/3000 | 손실: 0.2684 | 학습: 95.3% | 검증: 87.3% | lr: 9.27e-05 | 0.4s
  에폭 2090/3000 | 손실: 0.2689 | 학습: 95.0% | 검증: 87.1% | lr: 9.27e-05 | 0.4s
  에폭 2091/3000 | 손실: 0.2676 | 학습: 95.2% | 검증: 87.4% | lr: 9.27e-05 | 0.4s
  에폭 2092/3000 | 손실: 0.2688 | 학습: 95.3% | 검증: 87.4% | lr: 9.27e-05 | 0.4s
  에폭 2093/3000 | 손실: 0.2759 | 학습: 95.3% | 검증: 87.4% | lr: 9.27e-05 | 0.4s
  에폭 2094/3000 | 손실: 0.2668 | 학습: 95.2% | 검증: 87.2% | lr: 9.27e-05 | 0.4s
  에폭 2095/3000 | 손실: 0.2758 | 학습: 95.2% | 검증: 87.4% | lr: 9.27e-05 | 0.4s
  에폭 2096/3000 | 손실: 0.2687 | 학습: 95.2% | 검증: 87.4% | lr: 9.27e-05 | 0.4s
  에폭 2097/3000 | 손실: 0.2680 | 학습: 95.2% | 검증: 87.5% | lr: 9.27e-05 | 0.4s
  에폭 2098/3000 | 손실: 0.2717 | 학습: 95.1% | 검증: 87.2% | lr: 9.27e-05 | 0.4s
  에폭 2099/3000 | 손실: 0.2696 | 학습: 95.1% | 검증: 87.5% | lr: 9.27e-05 | 0.4s
  에폭 2100/3000 | 손실: 0.2779 | 학습: 95.2% | 검증: 87.6% | lr: 9.27e-05 | 0.4s
  에폭 2101/3000 | 손실: 0.2683 | 학습: 95.2% | 검증: 87.3% | lr: 9.27e-05 | 0.4s
  에폭 2102/3000 | 손실: 0.2679 | 학습: 95.3% | 검증: 87.6% | lr: 9.27e-05 | 0.4s
  에폭 2103/3000 | 손실: 0.2713 | 학습: 95.2% | 검증: 87.3% | lr: 9.27e-05 | 0.4s
  에폭 2104/3000 | 손실: 0.2730 | 학습: 95.3% | 검증: 87.3% | lr: 9.27e-05 | 0.4s
  에폭 2105/3000 | 손실: 0.2740 | 학습: 95.1% | 검증: 87.1% | lr: 9.27e-05 | 0.4s
  에폭 2106/3000 | 손실: 0.2680 | 학습: 95.2% | 검증: 87.2% | lr: 9.27e-05 | 0.4s
  에폭 2107/3000 | 손실: 0.2689 | 학습: 95.2% | 검증: 87.1% | lr: 9.27e-05 | 0.4s
  에폭 2108/3000 | 손실: 0.2722 | 학습: 95.3% | 검증: 87.3% | lr: 9.27e-05 | 0.4s
  에폭 2109/3000 | 손실: 0.2709 | 학습: 95.3% | 검증: 87.1% | lr: 9.27e-05 | 0.4s
  에폭 2110/3000 | 손실: 0.2745 | 학습: 95.3% | 검증: 87.2% | lr: 9.27e-05 | 0.4s
  에폭 2111/3000 | 손실: 0.2718 | 학습: 95.3% | 검증: 87.3% | lr: 9.27e-05 | 0.4s
  에폭 2112/3000 | 손실: 0.2775 | 학습: 95.2% | 검증: 87.2% | lr: 9.27e-05 | 0.4s
  에폭 2113/3000 | 손실: 0.2732 | 학습: 95.2% | 검증: 87.2% | lr: 9.27e-05 | 0.4s
  에폭 2114/3000 | 손실: 0.2705 | 학습: 95.2% | 검증: 87.2% | lr: 9.27e-05 | 0.4s
  에폭 2115/3000 | 손실: 0.2687 | 학습: 95.2% | 검증: 87.2% | lr: 9.27e-05 | 0.4s
  에폭 2116/3000 | 손실: 0.2698 | 학습: 95.4% | 검증: 87.3% | lr: 9.27e-05 | 0.4s
  에폭 2117/3000 | 손실: 0.2702 | 학습: 95.2% | 검증: 87.3% | lr: 9.27e-05 | 0.4s
  에폭 2118/3000 | 손실: 0.2680 | 학습: 95.3% | 검증: 87.5% | lr: 9.27e-05 | 0.4s
  에폭 2119/3000 | 손실: 0.2746 | 학습: 95.3% | 검증: 87.5% | lr: 9.27e-05 | 0.4s
  에폭 2120/3000 | 손실: 0.2678 | 학습: 95.2% | 검증: 87.3% | lr: 9.27e-05 | 0.4s
  에폭 2121/3000 | 손실: 0.2728 | 학습: 95.1% | 검증: 87.1% | lr: 9.27e-05 | 0.4s
  에폭 2122/3000 | 손실: 0.2681 | 학습: 95.2% | 검증: 87.6% | lr: 9.27e-05 | 0.4s
  에폭 2123/3000 | 손실: 0.2696 | 학습: 95.2% | 검증: 87.6% | lr: 9.27e-05 | 0.4s
  에폭 2124/3000 | 손실: 0.2721 | 학습: 95.3% | 검증: 87.7% | lr: 9.27e-05 | 0.4s
  에폭 2125/3000 | 손실: 0.2704 | 학습: 95.2% | 검증: 87.4% | lr: 9.27e-05 | 0.4s
  에폭 2126/3000 | 손실: 0.2676 | 학습: 95.2% | 검증: 87.5% | lr: 9.27e-05 | 0.4s
  에폭 2127/3000 | 손실: 0.2653 | 학습: 95.3% | 검증: 87.5% | lr: 8.34e-05 | 0.4s
  에폭 2128/3000 | 손실: 0.2751 | 학습: 95.1% | 검증: 87.2% | lr: 8.34e-05 | 0.4s
  에폭 2129/3000 | 손실: 0.2708 | 학습: 95.0% | 검증: 87.1% | lr: 8.34e-05 | 0.4s
  에폭 2130/3000 | 손실: 0.2676 | 학습: 95.3% | 검증: 87.4% | lr: 8.34e-05 | 0.4s
  에폭 2131/3000 | 손실: 0.2675 | 학습: 95.3% | 검증: 87.4% | lr: 8.34e-05 | 0.4s
  에폭 2132/3000 | 손실: 0.2722 | 학습: 95.3% | 검증: 87.3% | lr: 8.34e-05 | 0.4s
  에폭 2133/3000 | 손실: 0.2682 | 학습: 95.2% | 검증: 87.3% | lr: 8.34e-05 | 0.4s
  에폭 2134/3000 | 손실: 0.2759 | 학습: 95.3% | 검증: 87.4% | lr: 8.34e-05 | 0.4s
  에폭 2135/3000 | 손실: 0.2703 | 학습: 95.3% | 검증: 87.5% | lr: 8.34e-05 | 0.4s
  에폭 2136/3000 | 손실: 0.2723 | 학습: 95.4% | 검증: 87.4% | lr: 8.34e-05 | 0.4s
  에폭 2137/3000 | 손실: 0.2765 | 학습: 95.3% | 검증: 87.4% | lr: 8.34e-05 | 0.4s
  에폭 2138/3000 | 손실: 0.2728 | 학습: 95.2% | 검증: 87.4% | lr: 8.34e-05 | 0.4s
  에폭 2139/3000 | 손실: 0.2685 | 학습: 95.2% | 검증: 87.2% | lr: 8.34e-05 | 0.4s
  에폭 2140/3000 | 손실: 0.2707 | 학습: 95.2% | 검증: 87.4% | lr: 8.34e-05 | 0.4s
  에폭 2141/3000 | 손실: 0.2698 | 학습: 95.0% | 검증: 86.9% | lr: 8.34e-05 | 0.4s
  에폭 2142/3000 | 손실: 0.2733 | 학습: 95.1% | 검증: 87.3% | lr: 8.34e-05 | 0.4s
  에폭 2143/3000 | 손실: 0.2700 | 학습: 95.3% | 검증: 87.5% | lr: 8.34e-05 | 0.4s
  에폭 2144/3000 | 손실: 0.2739 | 학습: 95.0% | 검증: 87.3% | lr: 8.34e-05 | 0.4s
  에폭 2145/3000 | 손실: 0.2742 | 학습: 95.2% | 검증: 87.2% | lr: 8.34e-05 | 0.4s
  에폭 2146/3000 | 손실: 0.2684 | 학습: 95.3% | 검증: 87.1% | lr: 8.34e-05 | 0.4s
  에폭 2147/3000 | 손실: 0.2666 | 학습: 95.3% | 검증: 87.4% | lr: 8.34e-05 | 0.4s
  에폭 2148/3000 | 손실: 0.2753 | 학습: 95.3% | 검증: 87.1% | lr: 8.34e-05 | 0.4s
  에폭 2149/3000 | 손실: 0.2693 | 학습: 95.1% | 검증: 87.0% | lr: 8.34e-05 | 0.4s
  에폭 2150/3000 | 손실: 0.2662 | 학습: 95.3% | 검증: 87.4% | lr: 8.34e-05 | 0.4s
  에폭 2151/3000 | 손실: 0.2697 | 학습: 95.1% | 검증: 87.2% | lr: 8.34e-05 | 0.4s
  에폭 2152/3000 | 손실: 0.2647 | 학습: 95.1% | 검증: 87.2% | lr: 8.34e-05 | 0.4s
  에폭 2153/3000 | 손실: 0.2698 | 학습: 95.3% | 검증: 87.6% | lr: 8.34e-05 | 0.4s
  에폭 2154/3000 | 손실: 0.2692 | 학습: 95.2% | 검증: 87.6% | lr: 8.34e-05 | 0.4s
  에폭 2155/3000 | 손실: 0.2710 | 학습: 95.3% | 검증: 87.5% | lr: 8.34e-05 | 0.4s
  에폭 2156/3000 | 손실: 0.2686 | 학습: 95.2% | 검증: 87.7% | lr: 8.34e-05 | 0.4s
  에폭 2157/3000 | 손실: 0.2719 | 학습: 95.2% | 검증: 87.1% | lr: 8.34e-05 | 0.4s
  에폭 2158/3000 | 손실: 0.2720 | 학습: 95.3% | 검증: 87.3% | lr: 8.34e-05 | 0.4s
  에폭 2159/3000 | 손실: 0.2707 | 학습: 95.3% | 검증: 87.1% | lr: 8.34e-05 | 0.4s
  에폭 2160/3000 | 손실: 0.2723 | 학습: 95.3% | 검증: 87.2% | lr: 8.34e-05 | 0.4s
  에폭 2161/3000 | 손실: 0.2691 | 학습: 95.4% | 검증: 87.1% | lr: 8.34e-05 | 0.4s
  에폭 2162/3000 | 손실: 0.2683 | 학습: 95.3% | 검증: 87.3% | lr: 8.34e-05 | 0.4s
  에폭 2163/3000 | 손실: 0.2714 | 학습: 95.3% | 검증: 87.3% | lr: 8.34e-05 | 0.4s
  에폭 2164/3000 | 손실: 0.2704 | 학습: 95.2% | 검증: 87.3% | lr: 8.34e-05 | 0.4s
  에폭 2165/3000 | 손실: 0.2727 | 학습: 95.4% | 검증: 87.6% | lr: 8.34e-05 | 0.4s
  에폭 2166/3000 | 손실: 0.2748 | 학습: 95.4% | 검증: 87.6% | lr: 8.34e-05 | 0.4s
  에폭 2167/3000 | 손실: 0.2711 | 학습: 95.0% | 검증: 87.2% | lr: 8.34e-05 | 0.4s
  에폭 2168/3000 | 손실: 0.2706 | 학습: 95.2% | 검증: 87.1% | lr: 8.34e-05 | 0.4s
  에폭 2169/3000 | 손실: 0.2697 | 학습: 95.2% | 검증: 87.1% | lr: 8.34e-05 | 0.4s
  에폭 2170/3000 | 손실: 0.2710 | 학습: 95.1% | 검증: 87.1% | lr: 8.34e-05 | 0.4s
  에폭 2171/3000 | 손실: 0.2673 | 학습: 95.3% | 검증: 87.4% | lr: 8.34e-05 | 0.4s
  에폭 2172/3000 | 손실: 0.2701 | 학습: 95.0% | 검증: 87.2% | lr: 8.34e-05 | 0.4s
  에폭 2173/3000 | 손실: 0.2680 | 학습: 95.2% | 검증: 87.1% | lr: 8.34e-05 | 0.4s
  에폭 2174/3000 | 손실: 0.2659 | 학습: 95.2% | 검증: 87.3% | lr: 8.34e-05 | 0.4s
  에폭 2175/3000 | 손실: 0.2775 | 학습: 95.4% | 검증: 87.0% | lr: 8.34e-05 | 0.4s
  에폭 2176/3000 | 손실: 0.2665 | 학습: 95.1% | 검증: 87.1% | lr: 8.34e-05 | 0.4s
  에폭 2177/3000 | 손실: 0.2710 | 학습: 95.2% | 검증: 87.6% | lr: 8.34e-05 | 0.4s
  에폭 2178/3000 | 손실: 0.2696 | 학습: 95.3% | 검증: 87.4% | lr: 7.50e-05 | 0.4s
  에폭 2179/3000 | 손실: 0.2724 | 학습: 95.0% | 검증: 87.5% | lr: 7.50e-05 | 0.4s
  에폭 2180/3000 | 손실: 0.2714 | 학습: 95.2% | 검증: 87.4% | lr: 7.50e-05 | 0.4s
  에폭 2181/3000 | 손실: 0.2677 | 학습: 95.3% | 검증: 87.2% | lr: 7.50e-05 | 0.4s
  에폭 2182/3000 | 손실: 0.2744 | 학습: 95.3% | 검증: 87.4% | lr: 7.50e-05 | 0.4s
  에폭 2183/3000 | 손실: 0.2703 | 학습: 95.4% | 검증: 87.4% | lr: 7.50e-05 | 0.4s
  에폭 2184/3000 | 손실: 0.2730 | 학습: 95.2% | 검증: 87.3% | lr: 7.50e-05 | 0.4s
  에폭 2185/3000 | 손실: 0.2679 | 학습: 95.3% | 검증: 87.2% | lr: 7.50e-05 | 0.4s
  에폭 2186/3000 | 손실: 0.2706 | 학습: 95.4% | 검증: 87.3% | lr: 7.50e-05 | 0.4s
  에폭 2187/3000 | 손실: 0.2788 | 학습: 95.2% | 검증: 87.5% | lr: 7.50e-05 | 0.4s
  에폭 2188/3000 | 손실: 0.2720 | 학습: 95.1% | 검증: 87.2% | lr: 7.50e-05 | 0.4s
  에폭 2189/3000 | 손실: 0.2659 | 학습: 95.3% | 검증: 87.4% | lr: 7.50e-05 | 0.4s
  에폭 2190/3000 | 손실: 0.2697 | 학습: 95.3% | 검증: 87.6% | lr: 7.50e-05 | 0.4s
  에폭 2191/3000 | 손실: 0.2695 | 학습: 95.2% | 검증: 87.3% | lr: 7.50e-05 | 0.4s
  에폭 2192/3000 | 손실: 0.2619 | 학습: 95.3% | 검증: 87.5% | lr: 7.50e-05 | 0.4s
  에폭 2193/3000 | 손실: 0.2702 | 학습: 95.4% | 검증: 87.6% | lr: 7.50e-05 | 0.4s
  에폭 2194/3000 | 손실: 0.2712 | 학습: 95.3% | 검증: 87.3% | lr: 7.50e-05 | 0.4s
  에폭 2195/3000 | 손실: 0.2648 | 학습: 95.3% | 검증: 87.4% | lr: 7.50e-05 | 0.4s
  에폭 2196/3000 | 손실: 0.2675 | 학습: 95.3% | 검증: 87.5% | lr: 7.50e-05 | 0.4s
  에폭 2197/3000 | 손실: 0.2666 | 학습: 95.0% | 검증: 87.2% | lr: 7.50e-05 | 0.4s
  에폭 2198/3000 | 손실: 0.2671 | 학습: 95.5% | 검증: 87.4% | lr: 7.50e-05 | 0.4s
  에폭 2199/3000 | 손실: 0.2679 | 학습: 95.4% | 검증: 87.5% | lr: 7.50e-05 | 0.4s
  에폭 2200/3000 | 손실: 0.2679 | 학습: 95.3% | 검증: 87.1% | lr: 7.50e-05 | 0.4s
  에폭 2201/3000 | 손실: 0.2720 | 학습: 95.4% | 검증: 87.5% | lr: 7.50e-05 | 0.4s
  에폭 2202/3000 | 손실: 0.2607 | 학습: 95.4% | 검증: 87.3% | lr: 7.50e-05 | 0.4s
  에폭 2203/3000 | 손실: 0.2690 | 학습: 95.3% | 검증: 87.4% | lr: 7.50e-05 | 0.4s
  에폭 2204/3000 | 손실: 0.2742 | 학습: 95.3% | 검증: 87.3% | lr: 7.50e-05 | 0.4s
  에폭 2205/3000 | 손실: 0.2717 | 학습: 95.5% | 검증: 87.6% | lr: 7.50e-05 | 0.4s
  에폭 2206/3000 | 손실: 0.2663 | 학습: 95.4% | 검증: 87.5% | lr: 7.50e-05 | 0.4s
  에폭 2207/3000 | 손실: 0.2709 | 학습: 95.3% | 검증: 87.2% | lr: 7.50e-05 | 0.4s
  에폭 2208/3000 | 손실: 0.2659 | 학습: 95.4% | 검증: 87.5% | lr: 7.50e-05 | 0.4s
  에폭 2209/3000 | 손실: 0.2736 | 학습: 95.5% | 검증: 87.4% | lr: 7.50e-05 | 0.4s
  에폭 2210/3000 | 손실: 0.2664 | 학습: 95.4% | 검증: 87.4% | lr: 7.50e-05 | 0.4s
  에폭 2211/3000 | 손실: 0.2701 | 학습: 95.1% | 검증: 87.2% | lr: 7.50e-05 | 0.4s
  에폭 2212/3000 | 손실: 0.2673 | 학습: 95.4% | 검증: 87.4% | lr: 7.50e-05 | 0.4s
  에폭 2213/3000 | 손실: 0.2654 | 학습: 95.3% | 검증: 87.5% | lr: 7.50e-05 | 0.4s
  에폭 2214/3000 | 손실: 0.2657 | 학습: 95.4% | 검증: 87.4% | lr: 7.50e-05 | 0.4s
  에폭 2215/3000 | 손실: 0.2694 | 학습: 95.3% | 검증: 87.2% | lr: 7.50e-05 | 0.4s
  에폭 2216/3000 | 손실: 0.2708 | 학습: 95.3% | 검증: 87.5% | lr: 7.50e-05 | 0.4s
  에폭 2217/3000 | 손실: 0.2694 | 학습: 95.2% | 검증: 87.2% | lr: 7.50e-05 | 0.4s
  에폭 2218/3000 | 손실: 0.2723 | 학습: 95.3% | 검증: 87.3% | lr: 7.50e-05 | 0.4s
  에폭 2219/3000 | 손실: 0.2673 | 학습: 95.1% | 검증: 86.9% | lr: 7.50e-05 | 0.4s
  에폭 2220/3000 | 손실: 0.2775 | 학습: 95.1% | 검증: 87.1% | lr: 7.50e-05 | 0.4s
  에폭 2221/3000 | 손실: 0.2675 | 학습: 95.2% | 검증: 87.3% | lr: 7.50e-05 | 0.4s
  에폭 2222/3000 | 손실: 0.2698 | 학습: 95.2% | 검증: 87.1% | lr: 7.50e-05 | 0.4s
  에폭 2223/3000 | 손실: 0.2736 | 학습: 95.2% | 검증: 87.2% | lr: 7.50e-05 | 0.4s
  에폭 2224/3000 | 손실: 0.2699 | 학습: 95.3% | 검증: 87.5% | lr: 7.50e-05 | 0.4s
  에폭 2225/3000 | 손실: 0.2689 | 학습: 95.3% | 검증: 87.4% | lr: 7.50e-05 | 0.4s
  에폭 2226/3000 | 손실: 0.2687 | 학습: 95.3% | 검증: 87.6% | lr: 7.50e-05 | 0.4s
  에폭 2227/3000 | 손실: 0.2667 | 학습: 95.3% | 검증: 87.3% | lr: 7.50e-05 | 0.4s
  에폭 2228/3000 | 손실: 0.2646 | 학습: 95.2% | 검증: 87.1% | lr: 7.50e-05 | 0.4s
  에폭 2229/3000 | 손실: 0.2655 | 학습: 95.3% | 검증: 87.4% | lr: 6.75e-05 | 0.4s
  에폭 2230/3000 | 손실: 0.2665 | 학습: 95.4% | 검증: 87.2% | lr: 6.75e-05 | 0.4s
  에폭 2231/3000 | 손실: 0.2708 | 학습: 95.4% | 검증: 87.3% | lr: 6.75e-05 | 0.4s
  에폭 2232/3000 | 손실: 0.2718 | 학습: 95.4% | 검증: 87.3% | lr: 6.75e-05 | 0.4s
  에폭 2233/3000 | 손실: 0.2720 | 학습: 95.1% | 검증: 87.1% | lr: 6.75e-05 | 0.4s
  에폭 2234/3000 | 손실: 0.2671 | 학습: 95.4% | 검증: 87.5% | lr: 6.75e-05 | 0.4s
  에폭 2235/3000 | 손실: 0.2708 | 학습: 95.4% | 검증: 87.5% | lr: 6.75e-05 | 0.4s
  에폭 2236/3000 | 손실: 0.2716 | 학습: 95.4% | 검증: 87.4% | lr: 6.75e-05 | 0.4s
  에폭 2237/3000 | 손실: 0.2727 | 학습: 95.6% | 검증: 87.5% | lr: 6.75e-05 | 0.4s
  에폭 2238/3000 | 손실: 0.2654 | 학습: 95.2% | 검증: 87.3% | lr: 6.75e-05 | 0.4s
  에폭 2239/3000 | 손실: 0.2646 | 학습: 95.3% | 검증: 87.4% | lr: 6.75e-05 | 0.4s
  에폭 2240/3000 | 손실: 0.2727 | 학습: 95.3% | 검증: 87.3% | lr: 6.75e-05 | 0.4s
  에폭 2241/3000 | 손실: 0.2745 | 학습: 95.4% | 검증: 87.5% | lr: 6.75e-05 | 0.4s
  에폭 2242/3000 | 손실: 0.2640 | 학습: 95.5% | 검증: 87.4% | lr: 6.75e-05 | 0.4s
  에폭 2243/3000 | 손실: 0.2663 | 학습: 95.4% | 검증: 87.7% | lr: 6.75e-05 | 0.4s
  에폭 2244/3000 | 손실: 0.2652 | 학습: 95.3% | 검증: 87.5% | lr: 6.75e-05 | 0.4s
  에폭 2245/3000 | 손실: 0.2674 | 학습: 95.5% | 검증: 87.6% | lr: 6.75e-05 | 0.4s
  에폭 2246/3000 | 손실: 0.2614 | 학습: 95.1% | 검증: 87.4% | lr: 6.75e-05 | 0.4s
  에폭 2247/3000 | 손실: 0.2721 | 학습: 95.3% | 검증: 87.3% | lr: 6.75e-05 | 0.4s
  에폭 2248/3000 | 손실: 0.2687 | 학습: 95.1% | 검증: 87.0% | lr: 6.75e-05 | 0.4s
  에폭 2249/3000 | 손실: 0.2681 | 학습: 95.4% | 검증: 87.5% | lr: 6.75e-05 | 0.4s
  에폭 2250/3000 | 손실: 0.2671 | 학습: 95.4% | 검증: 87.6% | lr: 6.75e-05 | 0.4s
  에폭 2251/3000 | 손실: 0.2732 | 학습: 95.3% | 검증: 87.4% | lr: 6.75e-05 | 0.4s
  에폭 2252/3000 | 손실: 0.2680 | 학습: 95.1% | 검증: 87.4% | lr: 6.75e-05 | 0.4s
  에폭 2253/3000 | 손실: 0.2695 | 학습: 95.4% | 검증: 87.5% | lr: 6.75e-05 | 0.4s
  에폭 2254/3000 | 손실: 0.2697 | 학습: 95.3% | 검증: 87.6% | lr: 6.75e-05 | 0.4s
  에폭 2255/3000 | 손실: 0.2689 | 학습: 95.3% | 검증: 87.2% | lr: 6.75e-05 | 0.4s
  에폭 2256/3000 | 손실: 0.2688 | 학습: 95.3% | 검증: 87.4% | lr: 6.75e-05 | 0.4s
  에폭 2257/3000 | 손실: 0.2703 | 학습: 95.2% | 검증: 87.5% | lr: 6.75e-05 | 0.4s
  에폭 2258/3000 | 손실: 0.2679 | 학습: 95.3% | 검증: 87.5% | lr: 6.75e-05 | 0.4s
  에폭 2259/3000 | 손실: 0.2681 | 학습: 95.2% | 검증: 87.4% | lr: 6.75e-05 | 0.4s
  에폭 2260/3000 | 손실: 0.2705 | 학습: 95.5% | 검증: 87.6% | lr: 6.75e-05 | 0.4s
  에폭 2261/3000 | 손실: 0.2695 | 학습: 95.2% | 검증: 87.2% | lr: 6.75e-05 | 0.4s
  에폭 2262/3000 | 손실: 0.2732 | 학습: 95.4% | 검증: 87.7% | lr: 6.75e-05 | 0.4s
  에폭 2263/3000 | 손실: 0.2623 | 학습: 95.5% | 검증: 87.4% | lr: 6.75e-05 | 0.4s
  에폭 2264/3000 | 손실: 0.2652 | 학습: 95.3% | 검증: 87.4% | lr: 6.75e-05 | 0.4s
  에폭 2265/3000 | 손실: 0.2704 | 학습: 95.3% | 검증: 87.6% | lr: 6.75e-05 | 0.4s
  에폭 2266/3000 | 손실: 0.2654 | 학습: 95.3% | 검증: 87.5% | lr: 6.75e-05 | 0.4s
  에폭 2267/3000 | 손실: 0.2636 | 학습: 95.4% | 검증: 87.3% | lr: 6.75e-05 | 0.4s
  에폭 2268/3000 | 손실: 0.2705 | 학습: 95.1% | 검증: 87.5% | lr: 6.75e-05 | 0.4s
  에폭 2269/3000 | 손실: 0.2742 | 학습: 95.1% | 검증: 87.4% | lr: 6.75e-05 | 0.4s
  에폭 2270/3000 | 손실: 0.2653 | 학습: 95.2% | 검증: 87.2% | lr: 6.75e-05 | 0.4s
  에폭 2271/3000 | 손실: 0.2715 | 학습: 95.3% | 검증: 87.4% | lr: 6.75e-05 | 0.4s
  에폭 2272/3000 | 손실: 0.2737 | 학습: 95.2% | 검증: 87.4% | lr: 6.75e-05 | 0.4s
  에폭 2273/3000 | 손실: 0.2663 | 학습: 95.1% | 검증: 87.5% | lr: 6.75e-05 | 0.4s
  에폭 2274/3000 | 손실: 0.2685 | 학습: 95.2% | 검증: 87.4% | lr: 6.75e-05 | 0.4s
  에폭 2275/3000 | 손실: 0.2680 | 학습: 95.3% | 검증: 87.3% | lr: 6.75e-05 | 0.4s
  에폭 2276/3000 | 손실: 0.2676 | 학습: 95.3% | 검증: 87.3% | lr: 6.75e-05 | 0.4s
  에폭 2277/3000 | 손실: 0.2729 | 학습: 95.3% | 검증: 87.5% | lr: 6.75e-05 | 0.4s
  에폭 2278/3000 | 손실: 0.2742 | 학습: 95.2% | 검증: 87.5% | lr: 6.75e-05 | 0.4s
  에폭 2279/3000 | 손실: 0.2686 | 학습: 95.5% | 검증: 87.4% | lr: 6.75e-05 | 0.4s
  에폭 2280/3000 | 손실: 0.2712 | 학습: 95.3% | 검증: 87.2% | lr: 6.08e-05 | 0.4s
  에폭 2281/3000 | 손실: 0.2677 | 학습: 95.3% | 검증: 87.6% | lr: 6.08e-05 | 0.4s
  에폭 2282/3000 | 손실: 0.2653 | 학습: 95.3% | 검증: 87.5% | lr: 6.08e-05 | 0.4s
  에폭 2283/3000 | 손실: 0.2692 | 학습: 95.4% | 검증: 87.7% | lr: 6.08e-05 | 0.4s
  에폭 2284/3000 | 손실: 0.2694 | 학습: 95.4% | 검증: 87.3% | lr: 6.08e-05 | 0.4s
  에폭 2285/3000 | 손실: 0.2653 | 학습: 95.2% | 검증: 87.5% | lr: 6.08e-05 | 0.4s
  에폭 2286/3000 | 손실: 0.2678 | 학습: 95.4% | 검증: 87.7% | lr: 6.08e-05 | 0.4s
  에폭 2287/3000 | 손실: 0.2688 | 학습: 95.2% | 검증: 87.6% | lr: 6.08e-05 | 0.4s
  에폭 2288/3000 | 손실: 0.2644 | 학습: 95.3% | 검증: 87.5% | lr: 6.08e-05 | 0.4s
  에폭 2289/3000 | 손실: 0.2694 | 학습: 95.3% | 검증: 87.8% | lr: 6.08e-05 | 0.4s
  에폭 2290/3000 | 손실: 0.2638 | 학습: 95.2% | 검증: 87.3% | lr: 6.08e-05 | 0.4s
  에폭 2291/3000 | 손실: 0.2713 | 학습: 95.1% | 검증: 87.3% | lr: 6.08e-05 | 0.4s
  에폭 2292/3000 | 손실: 0.2650 | 학습: 95.3% | 검증: 87.6% | lr: 6.08e-05 | 0.4s
  에폭 2293/3000 | 손실: 0.2719 | 학습: 95.1% | 검증: 87.6% | lr: 6.08e-05 | 0.4s
  에폭 2294/3000 | 손실: 0.2578 | 학습: 95.4% | 검증: 87.6% | lr: 6.08e-05 | 0.4s
  에폭 2295/3000 | 손실: 0.2697 | 학습: 95.3% | 검증: 87.4% | lr: 6.08e-05 | 0.4s
  에폭 2296/3000 | 손실: 0.2684 | 학습: 95.1% | 검증: 87.1% | lr: 6.08e-05 | 0.4s
  에폭 2297/3000 | 손실: 0.2660 | 학습: 95.4% | 검증: 87.4% | lr: 6.08e-05 | 0.4s
  에폭 2298/3000 | 손실: 0.2662 | 학습: 95.1% | 검증: 87.5% | lr: 6.08e-05 | 0.4s
  에폭 2299/3000 | 손실: 0.2702 | 학습: 95.3% | 검증: 87.7% | lr: 6.08e-05 | 0.4s
  에폭 2300/3000 | 손실: 0.2636 | 학습: 95.3% | 검증: 87.6% | lr: 6.08e-05 | 0.4s
  에폭 2301/3000 | 손실: 0.2720 | 학습: 95.3% | 검증: 87.6% | lr: 6.08e-05 | 0.4s
  에폭 2302/3000 | 손실: 0.2670 | 학습: 95.4% | 검증: 87.3% | lr: 6.08e-05 | 0.4s
  에폭 2303/3000 | 손실: 0.2700 | 학습: 95.1% | 검증: 87.1% | lr: 6.08e-05 | 0.4s
  에폭 2304/3000 | 손실: 0.2699 | 학습: 95.6% | 검증: 87.2% | lr: 6.08e-05 | 0.4s
  에폭 2305/3000 | 손실: 0.2666 | 학습: 95.3% | 검증: 87.3% | lr: 6.08e-05 | 0.4s
  에폭 2306/3000 | 손실: 0.2636 | 학습: 95.3% | 검증: 87.1% | lr: 6.08e-05 | 0.4s
  에폭 2307/3000 | 손실: 0.2720 | 학습: 95.4% | 검증: 87.0% | lr: 6.08e-05 | 0.4s
  에폭 2308/3000 | 손실: 0.2714 | 학습: 95.5% | 검증: 87.6% | lr: 6.08e-05 | 0.4s
  에폭 2309/3000 | 손실: 0.2628 | 학습: 95.2% | 검증: 87.4% | lr: 6.08e-05 | 0.4s
  에폭 2310/3000 | 손실: 0.2691 | 학습: 95.2% | 검증: 87.4% | lr: 6.08e-05 | 0.4s
  에폭 2311/3000 | 손실: 0.2733 | 학습: 95.3% | 검증: 87.3% | lr: 6.08e-05 | 0.4s
  에폭 2312/3000 | 손실: 0.2697 | 학습: 95.4% | 검증: 87.2% | lr: 6.08e-05 | 0.4s
  에폭 2313/3000 | 손실: 0.2705 | 학습: 95.3% | 검증: 87.3% | lr: 6.08e-05 | 0.4s
  에폭 2314/3000 | 손실: 0.2730 | 학습: 95.2% | 검증: 87.2% | lr: 6.08e-05 | 0.4s
  에폭 2315/3000 | 손실: 0.2599 | 학습: 95.4% | 검증: 87.6% | lr: 6.08e-05 | 0.4s
  에폭 2316/3000 | 손실: 0.2724 | 학습: 95.2% | 검증: 87.2% | lr: 6.08e-05 | 0.4s
  에폭 2317/3000 | 손실: 0.2689 | 학습: 95.3% | 검증: 87.4% | lr: 6.08e-05 | 0.4s
  에폭 2318/3000 | 손실: 0.2692 | 학습: 95.4% | 검증: 87.4% | lr: 6.08e-05 | 0.4s
  에폭 2319/3000 | 손실: 0.2713 | 학습: 95.4% | 검증: 87.0% | lr: 6.08e-05 | 0.4s
  에폭 2320/3000 | 손실: 0.2629 | 학습: 95.2% | 검증: 87.5% | lr: 6.08e-05 | 0.4s
  에폭 2321/3000 | 손실: 0.2653 | 학습: 95.4% | 검증: 87.3% | lr: 6.08e-05 | 0.4s
  에폭 2322/3000 | 손실: 0.2719 | 학습: 95.4% | 검증: 87.4% | lr: 6.08e-05 | 0.4s
  에폭 2323/3000 | 손실: 0.2629 | 학습: 95.2% | 검증: 87.4% | lr: 6.08e-05 | 0.4s
  에폭 2324/3000 | 손실: 0.2670 | 학습: 95.3% | 검증: 87.5% | lr: 6.08e-05 | 0.4s
  에폭 2325/3000 | 손실: 0.2703 | 학습: 95.3% | 검증: 87.3% | lr: 6.08e-05 | 0.4s
  에폭 2326/3000 | 손실: 0.2677 | 학습: 95.2% | 검증: 87.4% | lr: 6.08e-05 | 0.4s
  에폭 2327/3000 | 손실: 0.2623 | 학습: 95.4% | 검증: 87.4% | lr: 6.08e-05 | 0.4s
  에폭 2328/3000 | 손실: 0.2704 | 학습: 95.3% | 검증: 87.1% | lr: 6.08e-05 | 0.4s
  에폭 2329/3000 | 손실: 0.2676 | 학습: 95.4% | 검증: 87.3% | lr: 6.08e-05 | 0.4s
  에폭 2330/3000 | 손실: 0.2678 | 학습: 95.2% | 검증: 87.4% | lr: 6.08e-05 | 0.4s
  에폭 2331/3000 | 손실: 0.2692 | 학습: 95.3% | 검증: 87.4% | lr: 6.08e-05 | 0.4s
  에폭 2332/3000 | 손실: 0.2768 | 학습: 95.2% | 검증: 87.4% | lr: 6.08e-05 | 0.4s
  에폭 2333/3000 | 손실: 0.2643 | 학습: 95.3% | 검증: 87.5% | lr: 6.08e-05 | 0.4s
  에폭 2334/3000 | 손실: 0.2652 | 학습: 95.0% | 검증: 87.2% | lr: 6.08e-05 | 0.4s
  에폭 2335/3000 | 손실: 0.2677 | 학습: 95.4% | 검증: 87.5% | lr: 6.08e-05 | 0.4s
  에폭 2336/3000 | 손실: 0.2657 | 학습: 95.4% | 검증: 87.8% | lr: 6.08e-05 | 0.4s ★
  에폭 2337/3000 | 손실: 0.2709 | 학습: 95.2% | 검증: 87.2% | lr: 6.08e-05 | 0.4s
  에폭 2338/3000 | 손실: 0.2694 | 학습: 95.2% | 검증: 87.2% | lr: 6.08e-05 | 0.4s
  에폭 2339/3000 | 손실: 0.2625 | 학습: 95.3% | 검증: 87.6% | lr: 6.08e-05 | 0.4s
  에폭 2340/3000 | 손실: 0.2639 | 학습: 95.5% | 검증: 87.6% | lr: 6.08e-05 | 0.4s
  에폭 2341/3000 | 손실: 0.2663 | 학습: 95.1% | 검증: 87.1% | lr: 6.08e-05 | 0.4s
  에폭 2342/3000 | 손실: 0.2663 | 학습: 95.2% | 검증: 87.2% | lr: 6.08e-05 | 0.4s
  에폭 2343/3000 | 손실: 0.2693 | 학습: 95.1% | 검증: 87.1% | lr: 6.08e-05 | 0.4s
  에폭 2344/3000 | 손실: 0.2702 | 학습: 95.4% | 검증: 87.4% | lr: 6.08e-05 | 0.4s
  에폭 2345/3000 | 손실: 0.2683 | 학습: 95.3% | 검증: 87.2% | lr: 5.47e-05 | 0.4s
  에폭 2346/3000 | 손실: 0.2629 | 학습: 95.3% | 검증: 87.1% | lr: 5.47e-05 | 0.4s
  에폭 2347/3000 | 손실: 0.2688 | 학습: 95.4% | 검증: 87.4% | lr: 5.47e-05 | 0.4s
  에폭 2348/3000 | 손실: 0.2752 | 학습: 95.2% | 검증: 87.5% | lr: 5.47e-05 | 0.4s
  에폭 2349/3000 | 손실: 0.2696 | 학습: 95.3% | 검증: 87.1% | lr: 5.47e-05 | 0.4s
  에폭 2350/3000 | 손실: 0.2643 | 학습: 95.4% | 검증: 87.5% | lr: 5.47e-05 | 0.4s
  에폭 2351/3000 | 손실: 0.2679 | 학습: 95.3% | 검증: 87.7% | lr: 5.47e-05 | 0.4s
  에폭 2352/3000 | 손실: 0.2707 | 학습: 95.3% | 검증: 87.3% | lr: 5.47e-05 | 0.4s
  에폭 2353/3000 | 손실: 0.2676 | 학습: 95.5% | 검증: 87.5% | lr: 5.47e-05 | 0.4s
  에폭 2354/3000 | 손실: 0.2669 | 학습: 95.4% | 검증: 87.5% | lr: 5.47e-05 | 0.4s
  에폭 2355/3000 | 손실: 0.2612 | 학습: 95.2% | 검증: 87.2% | lr: 5.47e-05 | 0.4s
  에폭 2356/3000 | 손실: 0.2718 | 학습: 95.3% | 검증: 87.6% | lr: 5.47e-05 | 0.4s
  에폭 2357/3000 | 손실: 0.2680 | 학습: 95.3% | 검증: 87.4% | lr: 5.47e-05 | 0.4s
  에폭 2358/3000 | 손실: 0.2650 | 학습: 95.2% | 검증: 87.4% | lr: 5.47e-05 | 0.4s
  에폭 2359/3000 | 손실: 0.2706 | 학습: 95.2% | 검증: 87.7% | lr: 5.47e-05 | 0.4s
  에폭 2360/3000 | 손실: 0.2681 | 학습: 95.4% | 검증: 87.4% | lr: 5.47e-05 | 0.4s
  에폭 2361/3000 | 손실: 0.2714 | 학습: 95.4% | 검증: 87.6% | lr: 5.47e-05 | 0.4s
  에폭 2362/3000 | 손실: 0.2689 | 학습: 95.3% | 검증: 87.4% | lr: 5.47e-05 | 0.4s
  에폭 2363/3000 | 손실: 0.2713 | 학습: 95.2% | 검증: 87.5% | lr: 5.47e-05 | 0.4s
  에폭 2364/3000 | 손실: 0.2636 | 학습: 95.4% | 검증: 87.4% | lr: 5.47e-05 | 0.4s
  에폭 2365/3000 | 손실: 0.2709 | 학습: 95.4% | 검증: 87.4% | lr: 5.47e-05 | 0.4s
  에폭 2366/3000 | 손실: 0.2693 | 학습: 95.5% | 검증: 87.6% | lr: 5.47e-05 | 0.4s
  에폭 2367/3000 | 손실: 0.2662 | 학습: 95.2% | 검증: 87.0% | lr: 5.47e-05 | 0.4s
  에폭 2368/3000 | 손실: 0.2689 | 학습: 95.3% | 검증: 87.4% | lr: 5.47e-05 | 0.4s
  에폭 2369/3000 | 손실: 0.2697 | 학습: 95.2% | 검증: 87.4% | lr: 5.47e-05 | 0.4s
  에폭 2370/3000 | 손실: 0.2693 | 학습: 95.2% | 검증: 87.1% | lr: 5.47e-05 | 0.4s
  에폭 2371/3000 | 손실: 0.2704 | 학습: 95.2% | 검증: 87.6% | lr: 5.47e-05 | 0.4s
  에폭 2372/3000 | 손실: 0.2621 | 학습: 95.4% | 검증: 87.7% | lr: 5.47e-05 | 0.4s
  에폭 2373/3000 | 손실: 0.2652 | 학습: 95.3% | 검증: 87.5% | lr: 5.47e-05 | 0.4s
  에폭 2374/3000 | 손실: 0.2690 | 학습: 95.3% | 검증: 87.4% | lr: 5.47e-05 | 0.4s
  에폭 2375/3000 | 손실: 0.2694 | 학습: 95.4% | 검증: 87.4% | lr: 5.47e-05 | 0.4s
  에폭 2376/3000 | 손실: 0.2673 | 학습: 95.4% | 검증: 87.7% | lr: 5.47e-05 | 0.4s
  에폭 2377/3000 | 손실: 0.2657 | 학습: 95.4% | 검증: 87.8% | lr: 5.47e-05 | 0.4s
  에폭 2378/3000 | 손실: 0.2791 | 학습: 95.3% | 검증: 87.4% | lr: 5.47e-05 | 0.4s
  에폭 2379/3000 | 손실: 0.2660 | 학습: 95.3% | 검증: 87.6% | lr: 5.47e-05 | 0.4s
  에폭 2380/3000 | 손실: 0.2644 | 학습: 95.4% | 검증: 87.4% | lr: 5.47e-05 | 0.4s
  에폭 2381/3000 | 손실: 0.2731 | 학습: 95.5% | 검증: 87.4% | lr: 5.47e-05 | 0.4s
  에폭 2382/3000 | 손실: 0.2673 | 학습: 95.3% | 검증: 87.5% | lr: 5.47e-05 | 0.4s
  에폭 2383/3000 | 손실: 0.2667 | 학습: 95.4% | 검증: 87.4% | lr: 5.47e-05 | 0.4s
  에폭 2384/3000 | 손실: 0.2663 | 학습: 95.2% | 검증: 87.1% | lr: 5.47e-05 | 0.4s
  에폭 2385/3000 | 손실: 0.2715 | 학습: 95.2% | 검증: 87.3% | lr: 5.47e-05 | 0.4s
  에폭 2386/3000 | 손실: 0.2679 | 학습: 95.3% | 검증: 87.4% | lr: 5.47e-05 | 0.4s
  에폭 2387/3000 | 손실: 0.2680 | 학습: 95.3% | 검증: 87.5% | lr: 5.47e-05 | 0.4s
  에폭 2388/3000 | 손실: 0.2685 | 학습: 95.3% | 검증: 87.6% | lr: 5.47e-05 | 0.4s
  에폭 2389/3000 | 손실: 0.2665 | 학습: 95.3% | 검증: 87.5% | lr: 5.47e-05 | 0.4s
  에폭 2390/3000 | 손실: 0.2689 | 학습: 95.4% | 검증: 87.4% | lr: 5.47e-05 | 0.4s
  에폭 2391/3000 | 손실: 0.2714 | 학습: 95.1% | 검증: 87.4% | lr: 5.47e-05 | 0.4s
  에폭 2392/3000 | 손실: 0.2701 | 학습: 95.4% | 검증: 87.5% | lr: 5.47e-05 | 0.4s
  에폭 2393/3000 | 손실: 0.2688 | 학습: 95.3% | 검증: 87.7% | lr: 5.47e-05 | 0.4s
  에폭 2394/3000 | 손실: 0.2681 | 학습: 95.1% | 검증: 87.5% | lr: 5.47e-05 | 0.4s
  에폭 2395/3000 | 손실: 0.2748 | 학습: 95.4% | 검증: 87.4% | lr: 5.47e-05 | 0.4s
  에폭 2396/3000 | 손실: 0.2650 | 학습: 95.4% | 검증: 87.7% | lr: 4.92e-05 | 0.4s
  에폭 2397/3000 | 손실: 0.2702 | 학습: 95.4% | 검증: 87.6% | lr: 4.92e-05 | 0.4s
  에폭 2398/3000 | 손실: 0.2695 | 학습: 95.3% | 검증: 87.6% | lr: 4.92e-05 | 0.4s
  에폭 2399/3000 | 손실: 0.2692 | 학습: 95.2% | 검증: 87.4% | lr: 4.92e-05 | 0.4s
  에폭 2400/3000 | 손실: 0.2648 | 학습: 95.4% | 검증: 87.4% | lr: 4.92e-05 | 0.4s
  에폭 2401/3000 | 손실: 0.2675 | 학습: 95.3% | 검증: 87.3% | lr: 4.92e-05 | 0.4s
  에폭 2402/3000 | 손실: 0.2635 | 학습: 95.4% | 검증: 87.3% | lr: 4.92e-05 | 0.4s
  에폭 2403/3000 | 손실: 0.2593 | 학습: 95.3% | 검증: 87.3% | lr: 4.92e-05 | 0.4s
  에폭 2404/3000 | 손실: 0.2700 | 학습: 95.4% | 검증: 87.3% | lr: 4.92e-05 | 0.4s
  에폭 2405/3000 | 손실: 0.2697 | 학습: 95.4% | 검증: 87.7% | lr: 4.92e-05 | 0.4s
  에폭 2406/3000 | 손실: 0.2669 | 학습: 95.3% | 검증: 87.2% | lr: 4.92e-05 | 0.4s
  에폭 2407/3000 | 손실: 0.2639 | 학습: 95.4% | 검증: 87.6% | lr: 4.92e-05 | 0.4s
  에폭 2408/3000 | 손실: 0.2654 | 학습: 95.4% | 검증: 87.5% | lr: 4.92e-05 | 0.4s
  에폭 2409/3000 | 손실: 0.2677 | 학습: 95.3% | 검증: 87.6% | lr: 4.92e-05 | 0.4s
  에폭 2410/3000 | 손실: 0.2712 | 학습: 95.4% | 검증: 87.6% | lr: 4.92e-05 | 0.4s
  에폭 2411/3000 | 손실: 0.2714 | 학습: 95.4% | 검증: 87.6% | lr: 4.92e-05 | 0.4s
  에폭 2412/3000 | 손실: 0.2651 | 학습: 95.4% | 검증: 87.3% | lr: 4.92e-05 | 0.4s
  에폭 2413/3000 | 손실: 0.2644 | 학습: 95.3% | 검증: 87.3% | lr: 4.92e-05 | 0.4s
  에폭 2414/3000 | 손실: 0.2635 | 학습: 95.3% | 검증: 87.3% | lr: 4.92e-05 | 0.4s
  에폭 2415/3000 | 손실: 0.2740 | 학습: 95.4% | 검증: 87.4% | lr: 4.92e-05 | 0.4s
  에폭 2416/3000 | 손실: 0.2651 | 학습: 95.2% | 검증: 87.3% | lr: 4.92e-05 | 0.4s
  에폭 2417/3000 | 손실: 0.2662 | 학습: 95.4% | 검증: 87.3% | lr: 4.92e-05 | 0.4s
  에폭 2418/3000 | 손실: 0.2657 | 학습: 95.5% | 검증: 87.6% | lr: 4.92e-05 | 0.4s
  에폭 2419/3000 | 손실: 0.2638 | 학습: 95.5% | 검증: 87.6% | lr: 4.92e-05 | 0.4s
  에폭 2420/3000 | 손실: 0.2636 | 학습: 95.4% | 검증: 87.4% | lr: 4.92e-05 | 0.4s
  에폭 2421/3000 | 손실: 0.2708 | 학습: 95.4% | 검증: 87.4% | lr: 4.92e-05 | 0.4s
  에폭 2422/3000 | 손실: 0.2663 | 학습: 95.5% | 검증: 87.3% | lr: 4.92e-05 | 0.4s
  에폭 2423/3000 | 손실: 0.2674 | 학습: 95.3% | 검증: 87.5% | lr: 4.92e-05 | 0.4s
  에폭 2424/3000 | 손실: 0.2733 | 학습: 95.5% | 검증: 87.7% | lr: 4.92e-05 | 0.4s
  에폭 2425/3000 | 손실: 0.2689 | 학습: 95.1% | 검증: 87.4% | lr: 4.92e-05 | 0.4s
  에폭 2426/3000 | 손실: 0.2650 | 학습: 95.3% | 검증: 87.5% | lr: 4.92e-05 | 0.4s
  에폭 2427/3000 | 손실: 0.2683 | 학습: 95.5% | 검증: 87.5% | lr: 4.92e-05 | 0.4s
  에폭 2428/3000 | 손실: 0.2604 | 학습: 95.4% | 검증: 87.5% | lr: 4.92e-05 | 0.4s
  에폭 2429/3000 | 손실: 0.2688 | 학습: 95.2% | 검증: 87.3% | lr: 4.92e-05 | 0.4s
  에폭 2430/3000 | 손실: 0.2674 | 학습: 95.4% | 검증: 87.8% | lr: 4.92e-05 | 0.4s
  에폭 2431/3000 | 손실: 0.2681 | 학습: 95.3% | 검증: 87.3% | lr: 4.92e-05 | 0.4s
  에폭 2432/3000 | 손실: 0.2715 | 학습: 95.4% | 검증: 87.5% | lr: 4.92e-05 | 0.4s
  에폭 2433/3000 | 손실: 0.2719 | 학습: 95.5% | 검증: 87.2% | lr: 4.92e-05 | 0.4s
  에폭 2434/3000 | 손실: 0.2663 | 학습: 95.2% | 검증: 87.5% | lr: 4.92e-05 | 0.4s
  에폭 2435/3000 | 손실: 0.2718 | 학습: 95.4% | 검증: 87.6% | lr: 4.92e-05 | 0.4s
  에폭 2436/3000 | 손실: 0.2679 | 학습: 95.3% | 검증: 87.5% | lr: 4.92e-05 | 0.4s
  에폭 2437/3000 | 손실: 0.2709 | 학습: 95.3% | 검증: 87.5% | lr: 4.92e-05 | 0.4s
  에폭 2438/3000 | 손실: 0.2648 | 학습: 95.3% | 검증: 87.6% | lr: 4.92e-05 | 0.4s
  에폭 2439/3000 | 손실: 0.2624 | 학습: 95.4% | 검증: 87.7% | lr: 4.92e-05 | 0.4s
  에폭 2440/3000 | 손실: 0.2668 | 학습: 95.4% | 검증: 87.3% | lr: 4.92e-05 | 0.4s
  에폭 2441/3000 | 손실: 0.2643 | 학습: 95.2% | 검증: 87.6% | lr: 4.92e-05 | 0.4s
  에폭 2442/3000 | 손실: 0.2668 | 학습: 95.4% | 검증: 87.1% | lr: 4.92e-05 | 0.4s
  에폭 2443/3000 | 손실: 0.2680 | 학습: 95.4% | 검증: 87.3% | lr: 4.92e-05 | 0.4s
  에폭 2444/3000 | 손실: 0.2642 | 학습: 95.3% | 검증: 87.5% | lr: 4.92e-05 | 0.4s
  에폭 2445/3000 | 손실: 0.2664 | 학습: 95.4% | 검증: 87.3% | lr: 4.92e-05 | 0.4s
  에폭 2446/3000 | 손실: 0.2621 | 학습: 95.4% | 검증: 87.3% | lr: 4.92e-05 | 0.4s
  에폭 2447/3000 | 손실: 0.2664 | 학습: 95.3% | 검증: 87.3% | lr: 4.43e-05 | 0.4s
  에폭 2448/3000 | 손실: 0.2638 | 학습: 95.3% | 검증: 87.1% | lr: 4.43e-05 | 0.4s
  에폭 2449/3000 | 손실: 0.2669 | 학습: 95.3% | 검증: 87.2% | lr: 4.43e-05 | 0.4s
  에폭 2450/3000 | 손실: 0.2623 | 학습: 95.2% | 검증: 87.3% | lr: 4.43e-05 | 0.4s
  에폭 2451/3000 | 손실: 0.2669 | 학습: 95.4% | 검증: 87.4% | lr: 4.43e-05 | 0.4s
  에폭 2452/3000 | 손실: 0.2676 | 학습: 95.3% | 검증: 87.6% | lr: 4.43e-05 | 0.4s
  에폭 2453/3000 | 손실: 0.2663 | 학습: 95.2% | 검증: 87.2% | lr: 4.43e-05 | 0.4s
  에폭 2454/3000 | 손실: 0.2667 | 학습: 95.4% | 검증: 87.5% | lr: 4.43e-05 | 0.4s
  에폭 2455/3000 | 손실: 0.2667 | 학습: 95.4% | 검증: 87.4% | lr: 4.43e-05 | 0.4s
  에폭 2456/3000 | 손실: 0.2723 | 학습: 95.3% | 검증: 87.2% | lr: 4.43e-05 | 0.4s
  에폭 2457/3000 | 손실: 0.2699 | 학습: 95.4% | 검증: 87.3% | lr: 4.43e-05 | 0.4s
  에폭 2458/3000 | 손실: 0.2703 | 학습: 95.4% | 검증: 87.3% | lr: 4.43e-05 | 0.4s
  에폭 2459/3000 | 손실: 0.2672 | 학습: 95.3% | 검증: 87.5% | lr: 4.43e-05 | 0.4s
  에폭 2460/3000 | 손실: 0.2650 | 학습: 95.4% | 검증: 87.5% | lr: 4.43e-05 | 0.4s
  에폭 2461/3000 | 손실: 0.2651 | 학습: 95.3% | 검증: 87.4% | lr: 4.43e-05 | 0.4s
  에폭 2462/3000 | 손실: 0.2669 | 학습: 95.4% | 검증: 87.2% | lr: 4.43e-05 | 0.4s
  에폭 2463/3000 | 손실: 0.2674 | 학습: 95.3% | 검증: 87.2% | lr: 4.43e-05 | 0.4s
  에폭 2464/3000 | 손실: 0.2735 | 학습: 95.2% | 검증: 87.3% | lr: 4.43e-05 | 0.4s
  에폭 2465/3000 | 손실: 0.2681 | 학습: 95.4% | 검증: 87.2% | lr: 4.43e-05 | 0.4s
  에폭 2466/3000 | 손실: 0.2712 | 학습: 95.4% | 검증: 87.5% | lr: 4.43e-05 | 0.4s
  에폭 2467/3000 | 손실: 0.2646 | 학습: 95.5% | 검증: 87.6% | lr: 4.43e-05 | 0.4s
  에폭 2468/3000 | 손실: 0.2685 | 학습: 95.4% | 검증: 87.4% | lr: 4.43e-05 | 0.4s
  에폭 2469/3000 | 손실: 0.2675 | 학습: 95.2% | 검증: 87.3% | lr: 4.43e-05 | 0.4s
  에폭 2470/3000 | 손실: 0.2735 | 학습: 95.5% | 검증: 87.4% | lr: 4.43e-05 | 0.4s
  에폭 2471/3000 | 손실: 0.2667 | 학습: 95.4% | 검증: 87.6% | lr: 4.43e-05 | 0.4s
  에폭 2472/3000 | 손실: 0.2655 | 학습: 95.5% | 검증: 87.5% | lr: 4.43e-05 | 0.4s
  에폭 2473/3000 | 손실: 0.2674 | 학습: 95.4% | 검증: 87.3% | lr: 4.43e-05 | 0.4s
  에폭 2474/3000 | 손실: 0.2672 | 학습: 95.3% | 검증: 87.4% | lr: 4.43e-05 | 0.4s
  에폭 2475/3000 | 손실: 0.2725 | 학습: 95.5% | 검증: 87.4% | lr: 4.43e-05 | 0.4s
  에폭 2476/3000 | 손실: 0.2676 | 학습: 95.4% | 검증: 87.3% | lr: 4.43e-05 | 0.4s
  에폭 2477/3000 | 손실: 0.2667 | 학습: 95.4% | 검증: 87.4% | lr: 4.43e-05 | 0.4s
  에폭 2478/3000 | 손실: 0.2743 | 학습: 95.3% | 검증: 87.6% | lr: 4.43e-05 | 0.4s
  에폭 2479/3000 | 손실: 0.2657 | 학습: 95.3% | 검증: 87.4% | lr: 4.43e-05 | 0.4s
  에폭 2480/3000 | 손실: 0.2704 | 학습: 95.4% | 검증: 87.4% | lr: 4.43e-05 | 0.4s
  에폭 2481/3000 | 손실: 0.2639 | 학습: 95.5% | 검증: 87.5% | lr: 4.43e-05 | 0.4s
  에폭 2482/3000 | 손실: 0.2664 | 학습: 95.5% | 검증: 87.4% | lr: 4.43e-05 | 0.4s
  에폭 2483/3000 | 손실: 0.2673 | 학습: 95.5% | 검증: 87.5% | lr: 4.43e-05 | 0.4s
  에폭 2484/3000 | 손실: 0.2706 | 학습: 95.3% | 검증: 86.9% | lr: 4.43e-05 | 0.4s
  에폭 2485/3000 | 손실: 0.2633 | 학습: 95.5% | 검증: 87.2% | lr: 4.43e-05 | 0.4s
  에폭 2486/3000 | 손실: 0.2626 | 학습: 95.3% | 검증: 87.3% | lr: 4.43e-05 | 0.4s
  에폭 2487/3000 | 손실: 0.2674 | 학습: 95.4% | 검증: 87.3% | lr: 4.43e-05 | 0.4s
  에폭 2488/3000 | 손실: 0.2698 | 학습: 95.4% | 검증: 87.4% | lr: 4.43e-05 | 0.4s
  에폭 2489/3000 | 손실: 0.2661 | 학습: 95.4% | 검증: 87.3% | lr: 4.43e-05 | 0.4s
  에폭 2490/3000 | 손실: 0.2705 | 학습: 95.5% | 검증: 87.4% | lr: 4.43e-05 | 0.4s
  에폭 2491/3000 | 손실: 0.2719 | 학습: 95.5% | 검증: 87.6% | lr: 4.43e-05 | 0.4s
  에폭 2492/3000 | 손실: 0.2718 | 학습: 95.4% | 검증: 87.5% | lr: 4.43e-05 | 0.4s
  에폭 2493/3000 | 손실: 0.2643 | 학습: 95.4% | 검증: 87.4% | lr: 4.43e-05 | 0.4s
  에폭 2494/3000 | 손실: 0.2654 | 학습: 95.4% | 검증: 87.4% | lr: 4.43e-05 | 0.4s
  에폭 2495/3000 | 손실: 0.2620 | 학습: 95.3% | 검증: 87.4% | lr: 4.43e-05 | 0.4s
  에폭 2496/3000 | 손실: 0.2654 | 학습: 95.3% | 검증: 87.3% | lr: 4.43e-05 | 0.4s
  에폭 2497/3000 | 손실: 0.2684 | 학습: 95.4% | 검증: 87.1% | lr: 4.43e-05 | 0.4s
  에폭 2498/3000 | 손실: 0.2656 | 학습: 95.3% | 검증: 87.2% | lr: 3.99e-05 | 0.4s
  에폭 2499/3000 | 손실: 0.2663 | 학습: 95.3% | 검증: 87.1% | lr: 3.99e-05 | 0.4s
  에폭 2500/3000 | 손실: 0.2686 | 학습: 95.4% | 검증: 87.4% | lr: 3.99e-05 | 0.4s
  에폭 2501/3000 | 손실: 0.2647 | 학습: 95.2% | 검증: 87.2% | lr: 3.99e-05 | 0.4s
  에폭 2502/3000 | 손실: 0.2617 | 학습: 95.4% | 검증: 87.6% | lr: 3.99e-05 | 0.4s
  에폭 2503/3000 | 손실: 0.2640 | 학습: 95.3% | 검증: 87.2% | lr: 3.99e-05 | 0.4s
  에폭 2504/3000 | 손실: 0.2623 | 학습: 95.4% | 검증: 87.4% | lr: 3.99e-05 | 0.4s
  에폭 2505/3000 | 손실: 0.2703 | 학습: 95.3% | 검증: 87.2% | lr: 3.99e-05 | 0.4s
  에폭 2506/3000 | 손실: 0.2649 | 학습: 95.3% | 검증: 87.3% | lr: 3.99e-05 | 0.4s
  에폭 2507/3000 | 손실: 0.2689 | 학습: 95.4% | 검증: 87.3% | lr: 3.99e-05 | 0.4s
  에폭 2508/3000 | 손실: 0.2681 | 학습: 95.4% | 검증: 87.3% | lr: 3.99e-05 | 0.4s
  에폭 2509/3000 | 손실: 0.2639 | 학습: 95.3% | 검증: 87.1% | lr: 3.99e-05 | 0.4s
  에폭 2510/3000 | 손실: 0.2647 | 학습: 95.5% | 검증: 87.2% | lr: 3.99e-05 | 0.4s
  에폭 2511/3000 | 손실: 0.2715 | 학습: 95.3% | 검증: 87.5% | lr: 3.99e-05 | 0.4s
  에폭 2512/3000 | 손실: 0.2647 | 학습: 95.4% | 검증: 87.2% | lr: 3.99e-05 | 0.4s
  에폭 2513/3000 | 손실: 0.2568 | 학습: 95.4% | 검증: 87.4% | lr: 3.99e-05 | 0.4s
  에폭 2514/3000 | 손실: 0.2634 | 학습: 95.3% | 검증: 87.5% | lr: 3.99e-05 | 0.4s
  에폭 2515/3000 | 손실: 0.2648 | 학습: 95.2% | 검증: 87.2% | lr: 3.99e-05 | 0.4s
  에폭 2516/3000 | 손실: 0.2674 | 학습: 95.4% | 검증: 87.5% | lr: 3.99e-05 | 0.4s
  에폭 2517/3000 | 손실: 0.2668 | 학습: 95.3% | 검증: 87.4% | lr: 3.99e-05 | 0.4s
  에폭 2518/3000 | 손실: 0.2655 | 학습: 95.5% | 검증: 87.4% | lr: 3.99e-05 | 0.4s
  에폭 2519/3000 | 손실: 0.2724 | 학습: 95.4% | 검증: 87.5% | lr: 3.99e-05 | 0.4s
  에폭 2520/3000 | 손실: 0.2722 | 학습: 95.4% | 검증: 87.4% | lr: 3.99e-05 | 0.4s
  에폭 2521/3000 | 손실: 0.2661 | 학습: 95.4% | 검증: 87.5% | lr: 3.99e-05 | 0.4s
  에폭 2522/3000 | 손실: 0.2646 | 학습: 95.4% | 검증: 87.4% | lr: 3.99e-05 | 0.4s
  에폭 2523/3000 | 손실: 0.2639 | 학습: 95.5% | 검증: 87.4% | lr: 3.99e-05 | 0.4s
  에폭 2524/3000 | 손실: 0.2625 | 학습: 95.1% | 검증: 87.3% | lr: 3.99e-05 | 0.4s
  에폭 2525/3000 | 손실: 0.2642 | 학습: 95.2% | 검증: 87.4% | lr: 3.99e-05 | 0.4s
  에폭 2526/3000 | 손실: 0.2665 | 학습: 95.5% | 검증: 87.4% | lr: 3.99e-05 | 0.4s
  에폭 2527/3000 | 손실: 0.2657 | 학습: 95.4% | 검증: 87.5% | lr: 3.99e-05 | 0.4s
  에폭 2528/3000 | 손실: 0.2653 | 학습: 95.6% | 검증: 87.4% | lr: 3.99e-05 | 0.4s
  에폭 2529/3000 | 손실: 0.2689 | 학습: 95.3% | 검증: 87.3% | lr: 3.99e-05 | 0.4s
  에폭 2530/3000 | 손실: 0.2651 | 학습: 95.4% | 검증: 87.3% | lr: 3.99e-05 | 0.4s
  에폭 2531/3000 | 손실: 0.2651 | 학습: 95.4% | 검증: 87.2% | lr: 3.99e-05 | 0.4s
  에폭 2532/3000 | 손실: 0.2644 | 학습: 95.3% | 검증: 87.2% | lr: 3.99e-05 | 0.4s
  에폭 2533/3000 | 손실: 0.2670 | 학습: 95.3% | 검증: 87.5% | lr: 3.99e-05 | 0.4s
  에폭 2534/3000 | 손실: 0.2679 | 학습: 95.4% | 검증: 87.2% | lr: 3.99e-05 | 0.4s
  에폭 2535/3000 | 손실: 0.2676 | 학습: 95.2% | 검증: 87.2% | lr: 3.99e-05 | 0.4s
  에폭 2536/3000 | 손실: 0.2693 | 학습: 95.2% | 검증: 87.3% | lr: 3.99e-05 | 0.4s
  에폭 2537/3000 | 손실: 0.2660 | 학습: 95.4% | 검증: 87.5% | lr: 3.99e-05 | 0.4s
  에폭 2538/3000 | 손실: 0.2693 | 학습: 95.4% | 검증: 87.5% | lr: 3.99e-05 | 0.4s
  에폭 2539/3000 | 손실: 0.2664 | 학습: 95.2% | 검증: 87.3% | lr: 3.99e-05 | 0.4s
  에폭 2540/3000 | 손실: 0.2628 | 학습: 95.6% | 검증: 87.6% | lr: 3.99e-05 | 0.4s
  에폭 2541/3000 | 손실: 0.2653 | 학습: 95.5% | 검증: 87.5% | lr: 3.99e-05 | 0.4s
  에폭 2542/3000 | 손실: 0.2679 | 학습: 95.5% | 검증: 87.6% | lr: 3.99e-05 | 0.4s
  에폭 2543/3000 | 손실: 0.2670 | 학습: 95.2% | 검증: 87.3% | lr: 3.99e-05 | 0.4s
  에폭 2544/3000 | 손실: 0.2682 | 학습: 95.5% | 검증: 87.3% | lr: 3.99e-05 | 0.4s
  에폭 2545/3000 | 손실: 0.2616 | 학습: 95.5% | 검증: 87.6% | lr: 3.99e-05 | 0.4s
  에폭 2546/3000 | 손실: 0.2654 | 학습: 95.5% | 검증: 87.6% | lr: 3.99e-05 | 0.4s
  에폭 2547/3000 | 손실: 0.2681 | 학습: 95.4% | 검증: 87.2% | lr: 3.99e-05 | 0.4s
  에폭 2548/3000 | 손실: 0.2715 | 학습: 95.4% | 검증: 87.5% | lr: 3.99e-05 | 0.4s
  에폭 2549/3000 | 손실: 0.2666 | 학습: 95.4% | 검증: 87.2% | lr: 3.99e-05 | 0.4s
  에폭 2550/3000 | 손실: 0.2676 | 학습: 95.5% | 검증: 87.5% | lr: 3.99e-05 | 0.4s
  에폭 2551/3000 | 손실: 0.2670 | 학습: 95.4% | 검증: 87.4% | lr: 3.99e-05 | 0.4s
  에폭 2552/3000 | 손실: 0.2672 | 학습: 95.4% | 검증: 87.7% | lr: 3.99e-05 | 0.4s
  에폭 2553/3000 | 손실: 0.2702 | 학습: 95.6% | 검증: 87.4% | lr: 3.99e-05 | 0.4s
  에폭 2554/3000 | 손실: 0.2640 | 학습: 95.4% | 검증: 87.5% | lr: 3.99e-05 | 0.4s
  에폭 2555/3000 | 손실: 0.2731 | 학습: 95.4% | 검증: 87.3% | lr: 3.99e-05 | 0.4s
  에폭 2556/3000 | 손실: 0.2704 | 학습: 95.2% | 검증: 87.4% | lr: 3.99e-05 | 0.4s
  에폭 2557/3000 | 손실: 0.2598 | 학습: 95.4% | 검증: 87.6% | lr: 3.99e-05 | 0.4s
  에폭 2558/3000 | 손실: 0.2625 | 학습: 95.5% | 검증: 87.6% | lr: 3.99e-05 | 0.4s
  에폭 2559/3000 | 손실: 0.2634 | 학습: 95.4% | 검증: 87.7% | lr: 3.99e-05 | 0.4s
  에폭 2560/3000 | 손실: 0.2734 | 학습: 95.4% | 검증: 87.4% | lr: 3.99e-05 | 0.4s
  에폭 2561/3000 | 손실: 0.2659 | 학습: 95.4% | 검증: 87.4% | lr: 3.99e-05 | 0.4s
  에폭 2562/3000 | 손실: 0.2695 | 학습: 95.5% | 검증: 87.4% | lr: 3.99e-05 | 0.4s
  에폭 2563/3000 | 손실: 0.2629 | 학습: 95.3% | 검증: 87.5% | lr: 3.99e-05 | 0.4s
  에폭 2564/3000 | 손실: 0.2702 | 학습: 95.3% | 검증: 87.2% | lr: 3.59e-05 | 0.4s
  에폭 2565/3000 | 손실: 0.2686 | 학습: 95.3% | 검증: 87.2% | lr: 3.59e-05 | 0.4s
  에폭 2566/3000 | 손실: 0.2670 | 학습: 95.5% | 검증: 87.6% | lr: 3.59e-05 | 0.4s
  에폭 2567/3000 | 손실: 0.2666 | 학습: 95.4% | 검증: 87.5% | lr: 3.59e-05 | 0.4s
  에폭 2568/3000 | 손실: 0.2627 | 학습: 95.4% | 검증: 87.5% | lr: 3.59e-05 | 0.4s
  에폭 2569/3000 | 손실: 0.2638 | 학습: 95.5% | 검증: 87.6% | lr: 3.59e-05 | 0.4s
  에폭 2570/3000 | 손실: 0.2641 | 학습: 95.4% | 검증: 87.6% | lr: 3.59e-05 | 0.4s
  에폭 2571/3000 | 손실: 0.2677 | 학습: 95.4% | 검증: 87.5% | lr: 3.59e-05 | 0.4s
  에폭 2572/3000 | 손실: 0.2729 | 학습: 95.4% | 검증: 87.6% | lr: 3.59e-05 | 0.4s
  에폭 2573/3000 | 손실: 0.2671 | 학습: 95.4% | 검증: 87.5% | lr: 3.59e-05 | 0.4s
  에폭 2574/3000 | 손실: 0.2690 | 학습: 95.4% | 검증: 87.4% | lr: 3.59e-05 | 0.4s
  에폭 2575/3000 | 손실: 0.2660 | 학습: 95.5% | 검증: 87.5% | lr: 3.59e-05 | 0.4s
  에폭 2576/3000 | 손실: 0.2636 | 학습: 95.3% | 검증: 87.2% | lr: 3.59e-05 | 0.4s
  에폭 2577/3000 | 손실: 0.2670 | 학습: 95.4% | 검증: 87.3% | lr: 3.59e-05 | 0.4s
  에폭 2578/3000 | 손실: 0.2734 | 학습: 95.3% | 검증: 87.5% | lr: 3.59e-05 | 0.4s
  에폭 2579/3000 | 손실: 0.2705 | 학습: 95.2% | 검증: 87.2% | lr: 3.59e-05 | 0.4s
  에폭 2580/3000 | 손실: 0.2701 | 학습: 95.5% | 검증: 87.4% | lr: 3.59e-05 | 0.4s
  에폭 2581/3000 | 손실: 0.2645 | 학습: 95.4% | 검증: 87.4% | lr: 3.59e-05 | 0.4s
  에폭 2582/3000 | 손실: 0.2618 | 학습: 95.4% | 검증: 87.3% | lr: 3.59e-05 | 0.4s
  에폭 2583/3000 | 손실: 0.2707 | 학습: 95.4% | 검증: 87.2% | lr: 3.59e-05 | 0.4s
  에폭 2584/3000 | 손실: 0.2666 | 학습: 95.4% | 검증: 87.6% | lr: 3.59e-05 | 0.4s
  에폭 2585/3000 | 손실: 0.2645 | 학습: 95.3% | 검증: 87.4% | lr: 3.59e-05 | 0.4s
  에폭 2586/3000 | 손실: 0.2705 | 학습: 95.4% | 검증: 87.5% | lr: 3.59e-05 | 0.4s
  에폭 2587/3000 | 손실: 0.2612 | 학습: 95.2% | 검증: 87.3% | lr: 3.59e-05 | 0.4s
  에폭 2588/3000 | 손실: 0.2570 | 학습: 95.4% | 검증: 87.5% | lr: 3.59e-05 | 0.4s
  에폭 2589/3000 | 손실: 0.2628 | 학습: 95.4% | 검증: 87.5% | lr: 3.59e-05 | 0.4s
  에폭 2590/3000 | 손실: 0.2634 | 학습: 95.4% | 검증: 87.5% | lr: 3.59e-05 | 0.4s
  에폭 2591/3000 | 손실: 0.2682 | 학습: 95.4% | 검증: 87.8% | lr: 3.59e-05 | 0.4s
  에폭 2592/3000 | 손실: 0.2628 | 학습: 95.3% | 검증: 87.4% | lr: 3.59e-05 | 0.4s
  에폭 2593/3000 | 손실: 0.2636 | 학습: 95.5% | 검증: 87.6% | lr: 3.59e-05 | 0.4s
  에폭 2594/3000 | 손실: 0.2664 | 학습: 95.4% | 검증: 87.4% | lr: 3.59e-05 | 0.4s
  에폭 2595/3000 | 손실: 0.2652 | 학습: 95.4% | 검증: 87.6% | lr: 3.59e-05 | 0.4s
  에폭 2596/3000 | 손실: 0.2647 | 학습: 95.4% | 검증: 87.2% | lr: 3.59e-05 | 0.4s
  에폭 2597/3000 | 손실: 0.2644 | 학습: 95.2% | 검증: 87.1% | lr: 3.59e-05 | 0.4s
  에폭 2598/3000 | 손실: 0.2663 | 학습: 95.4% | 검증: 87.3% | lr: 3.59e-05 | 0.4s
  에폭 2599/3000 | 손실: 0.2714 | 학습: 95.3% | 검증: 87.5% | lr: 3.59e-05 | 0.4s
  에폭 2600/3000 | 손실: 0.2658 | 학습: 95.4% | 검증: 87.2% | lr: 3.59e-05 | 0.4s
  에폭 2601/3000 | 손실: 0.2685 | 학습: 95.3% | 검증: 87.4% | lr: 3.59e-05 | 0.4s
  에폭 2602/3000 | 손실: 0.2682 | 학습: 95.4% | 검증: 87.6% | lr: 3.59e-05 | 0.4s
  에폭 2603/3000 | 손실: 0.2656 | 학습: 95.3% | 검증: 87.2% | lr: 3.59e-05 | 0.4s
  에폭 2604/3000 | 손실: 0.2732 | 학습: 95.3% | 검증: 87.4% | lr: 3.59e-05 | 0.4s
  에폭 2605/3000 | 손실: 0.2651 | 학습: 95.5% | 검증: 87.5% | lr: 3.59e-05 | 0.4s
  에폭 2606/3000 | 손실: 0.2659 | 학습: 95.5% | 검증: 87.6% | lr: 3.59e-05 | 0.4s
  에폭 2607/3000 | 손실: 0.2655 | 학습: 95.5% | 검증: 87.5% | lr: 3.59e-05 | 0.4s
  에폭 2608/3000 | 손실: 0.2670 | 학습: 95.2% | 검증: 87.5% | lr: 3.59e-05 | 0.4s
  에폭 2609/3000 | 손실: 0.2654 | 학습: 95.4% | 검증: 87.7% | lr: 3.59e-05 | 0.4s
  에폭 2610/3000 | 손실: 0.2626 | 학습: 95.5% | 검증: 87.4% | lr: 3.59e-05 | 0.4s
  에폭 2611/3000 | 손실: 0.2668 | 학습: 95.6% | 검증: 87.5% | lr: 3.59e-05 | 0.4s
  에폭 2612/3000 | 손실: 0.2625 | 학습: 95.3% | 검증: 87.4% | lr: 3.59e-05 | 0.4s
  에폭 2613/3000 | 손실: 0.2686 | 학습: 95.4% | 검증: 87.0% | lr: 3.59e-05 | 0.4s
  에폭 2614/3000 | 손실: 0.2666 | 학습: 95.4% | 검증: 87.5% | lr: 3.59e-05 | 0.4s
  에폭 2615/3000 | 손실: 0.2626 | 학습: 95.5% | 검증: 87.3% | lr: 3.23e-05 | 0.4s
  에폭 2616/3000 | 손실: 0.2624 | 학습: 95.5% | 검증: 87.4% | lr: 3.23e-05 | 0.4s
  에폭 2617/3000 | 손실: 0.2714 | 학습: 95.3% | 검증: 87.3% | lr: 3.23e-05 | 0.4s
  에폭 2618/3000 | 손실: 0.2708 | 학습: 95.5% | 검증: 87.2% | lr: 3.23e-05 | 0.4s
  에폭 2619/3000 | 손실: 0.2632 | 학습: 95.3% | 검증: 87.2% | lr: 3.23e-05 | 0.4s
  에폭 2620/3000 | 손실: 0.2690 | 학습: 95.4% | 검증: 87.6% | lr: 3.23e-05 | 0.4s
  에폭 2621/3000 | 손실: 0.2625 | 학습: 95.4% | 검증: 87.5% | lr: 3.23e-05 | 0.4s
  에폭 2622/3000 | 손실: 0.2679 | 학습: 95.5% | 검증: 87.3% | lr: 3.23e-05 | 0.4s
  에폭 2623/3000 | 손실: 0.2618 | 학습: 95.6% | 검증: 87.5% | lr: 3.23e-05 | 0.4s
  에폭 2624/3000 | 손실: 0.2627 | 학습: 95.4% | 검증: 87.1% | lr: 3.23e-05 | 0.4s
  에폭 2625/3000 | 손실: 0.2658 | 학습: 95.3% | 검증: 87.3% | lr: 3.23e-05 | 0.4s
  에폭 2626/3000 | 손실: 0.2646 | 학습: 95.3% | 검증: 87.1% | lr: 3.23e-05 | 0.4s
  에폭 2627/3000 | 손실: 0.2672 | 학습: 95.3% | 검증: 86.9% | lr: 3.23e-05 | 0.4s
  에폭 2628/3000 | 손실: 0.2663 | 학습: 95.5% | 검증: 87.1% | lr: 3.23e-05 | 0.4s
  에폭 2629/3000 | 손실: 0.2721 | 학습: 95.4% | 검증: 87.3% | lr: 3.23e-05 | 0.4s
  에폭 2630/3000 | 손실: 0.2646 | 학습: 95.4% | 검증: 87.4% | lr: 3.23e-05 | 0.4s
  에폭 2631/3000 | 손실: 0.2691 | 학습: 95.4% | 검증: 87.1% | lr: 3.23e-05 | 0.4s
  에폭 2632/3000 | 손실: 0.2642 | 학습: 95.3% | 검증: 87.4% | lr: 3.23e-05 | 0.4s
  에폭 2633/3000 | 손실: 0.2699 | 학습: 95.4% | 검증: 87.5% | lr: 3.23e-05 | 0.4s
  에폭 2634/3000 | 손실: 0.2651 | 학습: 95.3% | 검증: 87.5% | lr: 3.23e-05 | 0.4s
  에폭 2635/3000 | 손실: 0.2639 | 학습: 95.3% | 검증: 87.5% | lr: 3.23e-05 | 0.4s
  에폭 2636/3000 | 손실: 0.2641 | 학습: 95.2% | 검증: 87.4% | lr: 3.23e-05 | 0.4s
  에폭 2637/3000 | 손실: 0.2616 | 학습: 95.3% | 검증: 87.5% | lr: 3.23e-05 | 0.4s
  에폭 2638/3000 | 손실: 0.2615 | 학습: 95.2% | 검증: 87.1% | lr: 3.23e-05 | 0.4s
  에폭 2639/3000 | 손실: 0.2686 | 학습: 95.4% | 검증: 87.3% | lr: 3.23e-05 | 0.4s
  에폭 2640/3000 | 손실: 0.2660 | 학습: 95.5% | 검증: 87.6% | lr: 3.23e-05 | 0.4s
  에폭 2641/3000 | 손실: 0.2695 | 학습: 95.3% | 검증: 87.4% | lr: 3.23e-05 | 0.4s
  에폭 2642/3000 | 손실: 0.2653 | 학습: 95.3% | 검증: 87.3% | lr: 3.23e-05 | 0.4s
  에폭 2643/3000 | 손실: 0.2690 | 학습: 95.5% | 검증: 87.2% | lr: 3.23e-05 | 0.4s
  에폭 2644/3000 | 손실: 0.2622 | 학습: 95.3% | 검증: 87.6% | lr: 3.23e-05 | 0.4s
  에폭 2645/3000 | 손실: 0.2658 | 학습: 95.4% | 검증: 87.5% | lr: 3.23e-05 | 0.4s
  에폭 2646/3000 | 손실: 0.2646 | 학습: 95.4% | 검증: 87.3% | lr: 3.23e-05 | 0.4s
  에폭 2647/3000 | 손실: 0.2684 | 학습: 95.3% | 검증: 87.4% | lr: 3.23e-05 | 0.4s
  에폭 2648/3000 | 손실: 0.2676 | 학습: 95.4% | 검증: 87.2% | lr: 3.23e-05 | 0.4s
  에폭 2649/3000 | 손실: 0.2717 | 학습: 95.4% | 검증: 87.2% | lr: 3.23e-05 | 0.4s
  에폭 2650/3000 | 손실: 0.2695 | 학습: 95.5% | 검증: 87.5% | lr: 3.23e-05 | 0.4s
  에폭 2651/3000 | 손실: 0.2690 | 학습: 95.5% | 검증: 87.6% | lr: 3.23e-05 | 0.4s
  에폭 2652/3000 | 손실: 0.2720 | 학습: 95.4% | 검증: 87.5% | lr: 3.23e-05 | 0.4s
  에폭 2653/3000 | 손실: 0.2682 | 학습: 95.4% | 검증: 87.4% | lr: 3.23e-05 | 0.4s
  에폭 2654/3000 | 손실: 0.2714 | 학습: 95.4% | 검증: 87.5% | lr: 3.23e-05 | 0.4s
  에폭 2655/3000 | 손실: 0.2665 | 학습: 95.3% | 검증: 87.1% | lr: 3.23e-05 | 0.4s
  에폭 2656/3000 | 손실: 0.2623 | 학습: 95.4% | 검증: 87.3% | lr: 3.23e-05 | 0.4s
  에폭 2657/3000 | 손실: 0.2662 | 학습: 95.4% | 검증: 87.8% | lr: 3.23e-05 | 0.4s
  에폭 2658/3000 | 손실: 0.2636 | 학습: 95.4% | 검증: 87.4% | lr: 3.23e-05 | 0.4s
  에폭 2659/3000 | 손실: 0.2669 | 학습: 95.4% | 검증: 87.4% | lr: 3.23e-05 | 0.4s
  에폭 2660/3000 | 손실: 0.2633 | 학습: 95.4% | 검증: 87.5% | lr: 3.23e-05 | 0.4s
  에폭 2661/3000 | 손실: 0.2640 | 학습: 95.5% | 검증: 87.3% | lr: 3.23e-05 | 0.4s
  에폭 2662/3000 | 손실: 0.2653 | 학습: 95.5% | 검증: 87.4% | lr: 3.23e-05 | 0.4s
  에폭 2663/3000 | 손실: 0.2613 | 학습: 95.5% | 검증: 87.3% | lr: 3.23e-05 | 0.4s
  에폭 2664/3000 | 손실: 0.2650 | 학습: 95.4% | 검증: 87.5% | lr: 3.23e-05 | 0.4s
  에폭 2665/3000 | 손실: 0.2668 | 학습: 95.4% | 검증: 87.5% | lr: 3.23e-05 | 0.4s
  에폭 2666/3000 | 손실: 0.2639 | 학습: 95.6% | 검증: 87.7% | lr: 2.91e-05 | 0.4s
  에폭 2667/3000 | 손실: 0.2667 | 학습: 95.5% | 검증: 87.6% | lr: 2.91e-05 | 0.4s
  에폭 2668/3000 | 손실: 0.2665 | 학습: 95.6% | 검증: 87.7% | lr: 2.91e-05 | 0.4s
  에폭 2669/3000 | 손실: 0.2638 | 학습: 95.5% | 검증: 87.2% | lr: 2.91e-05 | 0.4s
  에폭 2670/3000 | 손실: 0.2678 | 학습: 95.4% | 검증: 87.5% | lr: 2.91e-05 | 0.4s
  에폭 2671/3000 | 손실: 0.2695 | 학습: 95.3% | 검증: 87.6% | lr: 2.91e-05 | 0.4s
  에폭 2672/3000 | 손실: 0.2666 | 학습: 95.5% | 검증: 87.6% | lr: 2.91e-05 | 0.4s
  에폭 2673/3000 | 손실: 0.2680 | 학습: 95.4% | 검증: 87.6% | lr: 2.91e-05 | 0.4s
  에폭 2674/3000 | 손실: 0.2678 | 학습: 95.4% | 검증: 87.4% | lr: 2.91e-05 | 0.4s
  에폭 2675/3000 | 손실: 0.2655 | 학습: 95.4% | 검증: 87.6% | lr: 2.91e-05 | 0.4s
  에폭 2676/3000 | 손실: 0.2675 | 학습: 95.5% | 검증: 87.3% | lr: 2.91e-05 | 0.4s
  에폭 2677/3000 | 손실: 0.2627 | 학습: 95.5% | 검증: 87.4% | lr: 2.91e-05 | 0.4s
  에폭 2678/3000 | 손실: 0.2669 | 학습: 95.5% | 검증: 87.5% | lr: 2.91e-05 | 0.4s
  에폭 2679/3000 | 손실: 0.2670 | 학습: 95.4% | 검증: 87.4% | lr: 2.91e-05 | 0.4s
  에폭 2680/3000 | 손실: 0.2595 | 학습: 95.4% | 검증: 87.5% | lr: 2.91e-05 | 0.4s
  에폭 2681/3000 | 손실: 0.2657 | 학습: 95.4% | 검증: 87.6% | lr: 2.91e-05 | 0.4s
  에폭 2682/3000 | 손실: 0.2671 | 학습: 95.5% | 검증: 87.4% | lr: 2.91e-05 | 0.4s
  에폭 2683/3000 | 손실: 0.2636 | 학습: 95.5% | 검증: 87.6% | lr: 2.91e-05 | 0.4s
  에폭 2684/3000 | 손실: 0.2679 | 학습: 95.6% | 검증: 87.6% | lr: 2.91e-05 | 0.4s
  에폭 2685/3000 | 손실: 0.2657 | 학습: 95.5% | 검증: 87.1% | lr: 2.91e-05 | 0.4s
  에폭 2686/3000 | 손실: 0.2676 | 학습: 95.5% | 검증: 87.5% | lr: 2.91e-05 | 0.4s
  에폭 2687/3000 | 손실: 0.2646 | 학습: 95.6% | 검증: 87.6% | lr: 2.91e-05 | 0.4s
  에폭 2688/3000 | 손실: 0.2671 | 학습: 95.5% | 검증: 87.4% | lr: 2.91e-05 | 0.4s
  에폭 2689/3000 | 손실: 0.2703 | 학습: 95.4% | 검증: 87.6% | lr: 2.91e-05 | 0.4s
  에폭 2690/3000 | 손실: 0.2674 | 학습: 95.4% | 검증: 87.5% | lr: 2.91e-05 | 0.4s
  에폭 2691/3000 | 손실: 0.2640 | 학습: 95.5% | 검증: 87.6% | lr: 2.91e-05 | 0.4s
  에폭 2692/3000 | 손실: 0.2675 | 학습: 95.4% | 검증: 87.7% | lr: 2.91e-05 | 0.4s
  에폭 2693/3000 | 손실: 0.2637 | 학습: 95.5% | 검증: 87.6% | lr: 2.91e-05 | 0.4s
  에폭 2694/3000 | 손실: 0.2690 | 학습: 95.4% | 검증: 87.6% | lr: 2.91e-05 | 0.4s
  에폭 2695/3000 | 손실: 0.2681 | 학습: 95.4% | 검증: 87.4% | lr: 2.91e-05 | 0.4s
  에폭 2696/3000 | 손실: 0.2687 | 학습: 95.4% | 검증: 87.2% | lr: 2.91e-05 | 0.4s
  에폭 2697/3000 | 손실: 0.2658 | 학습: 95.4% | 검증: 87.4% | lr: 2.91e-05 | 0.4s
  에폭 2698/3000 | 손실: 0.2690 | 학습: 95.2% | 검증: 87.4% | lr: 2.91e-05 | 0.4s
  에폭 2699/3000 | 손실: 0.2627 | 학습: 95.5% | 검증: 87.4% | lr: 2.91e-05 | 0.4s
  에폭 2700/3000 | 손실: 0.2659 | 학습: 95.5% | 검증: 87.4% | lr: 2.91e-05 | 0.4s
  에폭 2701/3000 | 손실: 0.2646 | 학습: 95.4% | 검증: 87.7% | lr: 2.91e-05 | 0.4s
  에폭 2702/3000 | 손실: 0.2658 | 학습: 95.3% | 검증: 87.4% | lr: 2.91e-05 | 0.4s
  에폭 2703/3000 | 손실: 0.2632 | 학습: 95.4% | 검증: 87.4% | lr: 2.91e-05 | 0.4s
  에폭 2704/3000 | 손실: 0.2661 | 학습: 95.4% | 검증: 87.5% | lr: 2.91e-05 | 0.4s
  에폭 2705/3000 | 손실: 0.2662 | 학습: 95.5% | 검증: 87.4% | lr: 2.91e-05 | 0.4s
  에폭 2706/3000 | 손실: 0.2619 | 학습: 95.6% | 검증: 87.4% | lr: 2.91e-05 | 0.4s
  에폭 2707/3000 | 손실: 0.2663 | 학습: 95.3% | 검증: 87.5% | lr: 2.91e-05 | 0.4s
  에폭 2708/3000 | 손실: 0.2687 | 학습: 95.5% | 검증: 87.5% | lr: 2.91e-05 | 0.4s
  에폭 2709/3000 | 손실: 0.2641 | 학습: 95.5% | 검증: 87.6% | lr: 2.91e-05 | 0.4s
  에폭 2710/3000 | 손실: 0.2655 | 학습: 95.4% | 검증: 87.6% | lr: 2.91e-05 | 0.4s
  에폭 2711/3000 | 손실: 0.2661 | 학습: 95.4% | 검증: 87.4% | lr: 2.91e-05 | 0.4s
  에폭 2712/3000 | 손실: 0.2663 | 학습: 95.6% | 검증: 87.2% | lr: 2.91e-05 | 0.4s
  에폭 2713/3000 | 손실: 0.2655 | 학습: 95.4% | 검증: 87.3% | lr: 2.91e-05 | 0.4s
  에폭 2714/3000 | 손실: 0.2694 | 학습: 95.3% | 검증: 87.3% | lr: 2.91e-05 | 0.4s
  에폭 2715/3000 | 손실: 0.2628 | 학습: 95.5% | 검증: 87.6% | lr: 2.91e-05 | 0.4s
  에폭 2716/3000 | 손실: 0.2633 | 학습: 95.4% | 검증: 87.6% | lr: 2.91e-05 | 0.4s
  에폭 2717/3000 | 손실: 0.2598 | 학습: 95.2% | 검증: 87.5% | lr: 2.62e-05 | 0.4s
  에폭 2718/3000 | 손실: 0.2617 | 학습: 95.6% | 검증: 87.5% | lr: 2.62e-05 | 0.4s
  에폭 2719/3000 | 손실: 0.2622 | 학습: 95.4% | 검증: 87.4% | lr: 2.62e-05 | 0.4s
  에폭 2720/3000 | 손실: 0.2683 | 학습: 95.6% | 검증: 87.3% | lr: 2.62e-05 | 0.4s
  에폭 2721/3000 | 손실: 0.2659 | 학습: 95.4% | 검증: 87.5% | lr: 2.62e-05 | 0.4s
  에폭 2722/3000 | 손실: 0.2675 | 학습: 95.5% | 검증: 87.3% | lr: 2.62e-05 | 0.4s
  에폭 2723/3000 | 손실: 0.2613 | 학습: 95.6% | 검증: 87.6% | lr: 2.62e-05 | 0.4s
  에폭 2724/3000 | 손실: 0.2696 | 학습: 95.5% | 검증: 87.5% | lr: 2.62e-05 | 0.4s
  에폭 2725/3000 | 손실: 0.2670 | 학습: 95.5% | 검증: 87.4% | lr: 2.62e-05 | 0.4s
  에폭 2726/3000 | 손실: 0.2670 | 학습: 95.6% | 검증: 87.6% | lr: 2.62e-05 | 0.4s
  에폭 2727/3000 | 손실: 0.2661 | 학습: 95.5% | 검증: 87.3% | lr: 2.62e-05 | 0.4s
  에폭 2728/3000 | 손실: 0.2679 | 학습: 95.5% | 검증: 87.7% | lr: 2.62e-05 | 0.4s
  에폭 2729/3000 | 손실: 0.2645 | 학습: 95.5% | 검증: 87.5% | lr: 2.62e-05 | 0.4s
  에폭 2730/3000 | 손실: 0.2661 | 학습: 95.5% | 검증: 87.5% | lr: 2.62e-05 | 0.4s
  에폭 2731/3000 | 손실: 0.2657 | 학습: 95.5% | 검증: 87.6% | lr: 2.62e-05 | 0.4s
  에폭 2732/3000 | 손실: 0.2652 | 학습: 95.5% | 검증: 87.2% | lr: 2.62e-05 | 0.4s
  에폭 2733/3000 | 손실: 0.2673 | 학습: 95.4% | 검증: 87.6% | lr: 2.62e-05 | 0.4s
  에폭 2734/3000 | 손실: 0.2720 | 학습: 95.5% | 검증: 87.5% | lr: 2.62e-05 | 0.4s
  에폭 2735/3000 | 손실: 0.2633 | 학습: 95.5% | 검증: 87.4% | lr: 2.62e-05 | 0.4s
  에폭 2736/3000 | 손실: 0.2648 | 학습: 95.5% | 검증: 87.6% | lr: 2.62e-05 | 0.4s
  에폭 2737/3000 | 손실: 0.2660 | 학습: 95.4% | 검증: 87.6% | lr: 2.62e-05 | 0.4s
  에폭 2738/3000 | 손실: 0.2583 | 학습: 95.2% | 검증: 87.1% | lr: 2.62e-05 | 0.4s
  에폭 2739/3000 | 손실: 0.2715 | 학습: 95.4% | 검증: 87.6% | lr: 2.62e-05 | 0.4s
  에폭 2740/3000 | 손실: 0.2663 | 학습: 95.4% | 검증: 87.3% | lr: 2.62e-05 | 0.4s
  에폭 2741/3000 | 손실: 0.2606 | 학습: 95.5% | 검증: 87.5% | lr: 2.62e-05 | 0.4s
  에폭 2742/3000 | 손실: 0.2646 | 학습: 95.5% | 검증: 87.5% | lr: 2.62e-05 | 0.4s
  에폭 2743/3000 | 손실: 0.2636 | 학습: 95.4% | 검증: 87.3% | lr: 2.62e-05 | 0.4s
  에폭 2744/3000 | 손실: 0.2660 | 학습: 95.5% | 검증: 87.3% | lr: 2.62e-05 | 0.4s
  에폭 2745/3000 | 손실: 0.2619 | 학습: 95.5% | 검증: 87.6% | lr: 2.62e-05 | 0.4s
  에폭 2746/3000 | 손실: 0.2648 | 학습: 95.6% | 검증: 87.6% | lr: 2.62e-05 | 0.4s
  에폭 2747/3000 | 손실: 0.2666 | 학습: 95.5% | 검증: 87.5% | lr: 2.62e-05 | 0.4s
  에폭 2748/3000 | 손실: 0.2659 | 학습: 95.5% | 검증: 87.6% | lr: 2.62e-05 | 0.4s
  에폭 2749/3000 | 손실: 0.2690 | 학습: 95.2% | 검증: 87.6% | lr: 2.62e-05 | 0.4s
  에폭 2750/3000 | 손실: 0.2679 | 학습: 95.4% | 검증: 87.5% | lr: 2.62e-05 | 0.4s
  에폭 2751/3000 | 손실: 0.2686 | 학습: 95.4% | 검증: 87.6% | lr: 2.62e-05 | 0.4s
  에폭 2752/3000 | 손실: 0.2639 | 학습: 95.5% | 검증: 87.5% | lr: 2.62e-05 | 0.4s
  에폭 2753/3000 | 손실: 0.2703 | 학습: 95.4% | 검증: 87.7% | lr: 2.62e-05 | 0.4s
  에폭 2754/3000 | 손실: 0.2677 | 학습: 95.5% | 검증: 87.6% | lr: 2.62e-05 | 0.4s
  에폭 2755/3000 | 손실: 0.2620 | 학습: 95.4% | 검증: 87.4% | lr: 2.62e-05 | 0.4s
  에폭 2756/3000 | 손실: 0.2611 | 학습: 95.4% | 검증: 87.5% | lr: 2.62e-05 | 0.4s
  에폭 2757/3000 | 손실: 0.2680 | 학습: 95.4% | 검증: 87.3% | lr: 2.62e-05 | 0.4s
  에폭 2758/3000 | 손실: 0.2582 | 학습: 95.3% | 검증: 87.3% | lr: 2.62e-05 | 0.4s
  에폭 2759/3000 | 손실: 0.2696 | 학습: 95.5% | 검증: 87.6% | lr: 2.62e-05 | 0.4s
  에폭 2760/3000 | 손실: 0.2588 | 학습: 95.5% | 검증: 87.6% | lr: 2.62e-05 | 0.4s
  에폭 2761/3000 | 손실: 0.2663 | 학습: 95.5% | 검증: 87.5% | lr: 2.62e-05 | 0.4s
  에폭 2762/3000 | 손실: 0.2624 | 학습: 95.4% | 검증: 87.5% | lr: 2.62e-05 | 0.4s
  에폭 2763/3000 | 손실: 0.2766 | 학습: 95.5% | 검증: 87.5% | lr: 2.62e-05 | 0.4s
  에폭 2764/3000 | 손실: 0.2626 | 학습: 95.3% | 검증: 87.5% | lr: 2.62e-05 | 0.4s
  에폭 2765/3000 | 손실: 0.2647 | 학습: 95.4% | 검증: 87.5% | lr: 2.62e-05 | 0.4s
  에폭 2766/3000 | 손실: 0.2671 | 학습: 95.5% | 검증: 87.5% | lr: 2.62e-05 | 0.4s
  에폭 2767/3000 | 손실: 0.2638 | 학습: 95.5% | 검증: 87.8% | lr: 2.62e-05 | 0.4s ★
  에폭 2768/3000 | 손실: 0.2665 | 학습: 95.5% | 검증: 87.2% | lr: 2.36e-05 | 0.4s
  에폭 2769/3000 | 손실: 0.2660 | 학습: 95.3% | 검증: 87.5% | lr: 2.36e-05 | 0.4s
  에폭 2770/3000 | 손실: 0.2632 | 학습: 95.5% | 검증: 87.6% | lr: 2.36e-05 | 0.4s
  에폭 2771/3000 | 손실: 0.2627 | 학습: 95.4% | 검증: 87.6% | lr: 2.36e-05 | 0.4s
  에폭 2772/3000 | 손실: 0.2664 | 학습: 95.4% | 검증: 87.7% | lr: 2.36e-05 | 0.4s
  에폭 2773/3000 | 손실: 0.2665 | 학습: 95.4% | 검증: 87.4% | lr: 2.36e-05 | 0.4s
  에폭 2774/3000 | 손실: 0.2707 | 학습: 95.6% | 검증: 87.7% | lr: 2.36e-05 | 0.4s
  에폭 2775/3000 | 손실: 0.2651 | 학습: 95.4% | 검증: 87.3% | lr: 2.36e-05 | 0.4s
  에폭 2776/3000 | 손실: 0.2648 | 학습: 95.4% | 검증: 87.4% | lr: 2.36e-05 | 0.4s
  에폭 2777/3000 | 손실: 0.2654 | 학습: 95.4% | 검증: 87.5% | lr: 2.36e-05 | 0.4s
  에폭 2778/3000 | 손실: 0.2677 | 학습: 95.6% | 검증: 87.7% | lr: 2.36e-05 | 0.5s
  에폭 2779/3000 | 손실: 0.2658 | 학습: 95.4% | 검증: 87.9% | lr: 2.36e-05 | 0.4s ★
  에폭 2780/3000 | 손실: 0.2658 | 학습: 95.5% | 검증: 87.6% | lr: 2.36e-05 | 0.4s
  에폭 2781/3000 | 손실: 0.2654 | 학습: 95.4% | 검증: 87.5% | lr: 2.36e-05 | 0.4s
  에폭 2782/3000 | 손실: 0.2688 | 학습: 95.4% | 검증: 87.6% | lr: 2.36e-05 | 0.4s
  에폭 2783/3000 | 손실: 0.2657 | 학습: 95.4% | 검증: 87.6% | lr: 2.36e-05 | 0.4s
  에폭 2784/3000 | 손실: 0.2655 | 학습: 95.5% | 검증: 87.7% | lr: 2.36e-05 | 0.4s
  에폭 2785/3000 | 손실: 0.2692 | 학습: 95.5% | 검증: 87.9% | lr: 2.36e-05 | 0.4s
  에폭 2786/3000 | 손실: 0.2613 | 학습: 95.4% | 검증: 87.4% | lr: 2.36e-05 | 0.4s
  에폭 2787/3000 | 손실: 0.2679 | 학습: 95.4% | 검증: 87.8% | lr: 2.36e-05 | 0.4s
  에폭 2788/3000 | 손실: 0.2664 | 학습: 95.4% | 검증: 87.6% | lr: 2.36e-05 | 0.4s
  에폭 2789/3000 | 손실: 0.2647 | 학습: 95.3% | 검증: 87.5% | lr: 2.36e-05 | 0.4s
  에폭 2790/3000 | 손실: 0.2739 | 학습: 95.3% | 검증: 87.9% | lr: 2.36e-05 | 0.4s
  에폭 2791/3000 | 손실: 0.2639 | 학습: 95.4% | 검증: 87.4% | lr: 2.36e-05 | 0.4s
  에폭 2792/3000 | 손실: 0.2707 | 학습: 95.4% | 검증: 87.5% | lr: 2.36e-05 | 0.4s
  에폭 2793/3000 | 손실: 0.2665 | 학습: 95.3% | 검증: 87.4% | lr: 2.36e-05 | 0.4s
  에폭 2794/3000 | 손실: 0.2620 | 학습: 95.5% | 검증: 87.5% | lr: 2.36e-05 | 0.4s
  에폭 2795/3000 | 손실: 0.2629 | 학습: 95.5% | 검증: 87.3% | lr: 2.36e-05 | 0.4s
  에폭 2796/3000 | 손실: 0.2644 | 학습: 95.6% | 검증: 87.5% | lr: 2.36e-05 | 0.4s
  에폭 2797/3000 | 손실: 0.2672 | 학습: 95.4% | 검증: 87.5% | lr: 2.36e-05 | 0.4s
  에폭 2798/3000 | 손실: 0.2645 | 학습: 95.6% | 검증: 87.5% | lr: 2.36e-05 | 0.4s
  에폭 2799/3000 | 손실: 0.2661 | 학습: 95.4% | 검증: 87.5% | lr: 2.36e-05 | 0.4s
  에폭 2800/3000 | 손실: 0.2610 | 학습: 95.4% | 검증: 87.5% | lr: 2.36e-05 | 0.4s
  에폭 2801/3000 | 손실: 0.2613 | 학습: 95.5% | 검증: 87.5% | lr: 2.36e-05 | 0.4s
  에폭 2802/3000 | 손실: 0.2652 | 학습: 95.5% | 검증: 87.4% | lr: 2.36e-05 | 0.4s
  에폭 2803/3000 | 손실: 0.2691 | 학습: 95.5% | 검증: 87.6% | lr: 2.36e-05 | 0.4s
  에폭 2804/3000 | 손실: 0.2660 | 학습: 95.5% | 검증: 87.7% | lr: 2.36e-05 | 0.4s
  에폭 2805/3000 | 손실: 0.2681 | 학습: 95.4% | 검증: 87.6% | lr: 2.36e-05 | 0.4s
  에폭 2806/3000 | 손실: 0.2626 | 학습: 95.4% | 검증: 87.5% | lr: 2.36e-05 | 0.4s
  에폭 2807/3000 | 손실: 0.2664 | 학습: 95.3% | 검증: 87.4% | lr: 2.36e-05 | 0.4s
  에폭 2808/3000 | 손실: 0.2672 | 학습: 95.5% | 검증: 87.7% | lr: 2.36e-05 | 0.4s
  에폭 2809/3000 | 손실: 0.2625 | 학습: 95.5% | 검증: 87.8% | lr: 2.36e-05 | 0.4s
  에폭 2810/3000 | 손실: 0.2715 | 학습: 95.4% | 검증: 87.5% | lr: 2.36e-05 | 0.4s
  에폭 2811/3000 | 손실: 0.2684 | 학습: 95.4% | 검증: 87.1% | lr: 2.36e-05 | 0.4s
  에폭 2812/3000 | 손실: 0.2671 | 학습: 95.4% | 검증: 87.5% | lr: 2.36e-05 | 0.4s
  에폭 2813/3000 | 손실: 0.2651 | 학습: 95.5% | 검증: 87.6% | lr: 2.36e-05 | 0.4s
  에폭 2814/3000 | 손실: 0.2647 | 학습: 95.5% | 검증: 87.2% | lr: 2.36e-05 | 0.4s
  에폭 2815/3000 | 손실: 0.2678 | 학습: 95.5% | 검증: 87.5% | lr: 2.36e-05 | 0.4s
  에폭 2816/3000 | 손실: 0.2636 | 학습: 95.4% | 검증: 87.5% | lr: 2.36e-05 | 0.4s
  에폭 2817/3000 | 손실: 0.2686 | 학습: 95.4% | 검증: 87.4% | lr: 2.36e-05 | 0.4s
  에폭 2818/3000 | 손실: 0.2625 | 학습: 95.3% | 검증: 87.7% | lr: 2.36e-05 | 0.4s
  에폭 2819/3000 | 손실: 0.2698 | 학습: 95.5% | 검증: 87.6% | lr: 2.12e-05 | 0.4s
  에폭 2820/3000 | 손실: 0.2701 | 학습: 95.5% | 검증: 87.4% | lr: 2.12e-05 | 0.4s
  에폭 2821/3000 | 손실: 0.2656 | 학습: 95.5% | 검증: 87.8% | lr: 2.12e-05 | 0.4s
  에폭 2822/3000 | 손실: 0.2681 | 학습: 95.3% | 검증: 87.6% | lr: 2.12e-05 | 0.4s
  에폭 2823/3000 | 손실: 0.2614 | 학습: 95.4% | 검증: 87.5% | lr: 2.12e-05 | 0.4s
  에폭 2824/3000 | 손실: 0.2670 | 학습: 95.4% | 검증: 87.6% | lr: 2.12e-05 | 0.4s
  에폭 2825/3000 | 손실: 0.2622 | 학습: 95.4% | 검증: 87.7% | lr: 2.12e-05 | 0.4s
  에폭 2826/3000 | 손실: 0.2718 | 학습: 95.4% | 검증: 87.6% | lr: 2.12e-05 | 0.4s
  에폭 2827/3000 | 손실: 0.2712 | 학습: 95.5% | 검증: 87.5% | lr: 2.12e-05 | 0.4s
  에폭 2828/3000 | 손실: 0.2624 | 학습: 95.4% | 검증: 87.4% | lr: 2.12e-05 | 0.4s
  에폭 2829/3000 | 손실: 0.2655 | 학습: 95.5% | 검증: 87.5% | lr: 2.12e-05 | 0.4s
  에폭 2830/3000 | 손실: 0.2668 | 학습: 95.5% | 검증: 87.4% | lr: 2.12e-05 | 0.4s
  에폭 2831/3000 | 손실: 0.2676 | 학습: 95.5% | 검증: 87.3% | lr: 2.12e-05 | 0.4s
  에폭 2832/3000 | 손실: 0.2662 | 학습: 95.4% | 검증: 87.4% | lr: 2.12e-05 | 0.5s
  에폭 2833/3000 | 손실: 0.2624 | 학습: 95.3% | 검증: 87.3% | lr: 2.12e-05 | 0.4s
  에폭 2834/3000 | 손실: 0.2622 | 학습: 95.4% | 검증: 87.5% | lr: 2.12e-05 | 0.4s
  에폭 2835/3000 | 손실: 0.2604 | 학습: 95.4% | 검증: 87.6% | lr: 2.12e-05 | 0.4s
  에폭 2836/3000 | 손실: 0.2663 | 학습: 95.4% | 검증: 87.3% | lr: 2.12e-05 | 0.4s
  에폭 2837/3000 | 손실: 0.2666 | 학습: 95.5% | 검증: 87.6% | lr: 2.12e-05 | 0.4s
  에폭 2838/3000 | 손실: 0.2580 | 학습: 95.4% | 검증: 87.6% | lr: 2.12e-05 | 0.4s
  에폭 2839/3000 | 손실: 0.2667 | 학습: 95.4% | 검증: 87.6% | lr: 2.12e-05 | 0.4s
  에폭 2840/3000 | 손실: 0.2679 | 학습: 95.4% | 검증: 87.6% | lr: 2.12e-05 | 0.4s
  에폭 2841/3000 | 손실: 0.2649 | 학습: 95.5% | 검증: 87.5% | lr: 2.12e-05 | 0.4s
  에폭 2842/3000 | 손실: 0.2650 | 학습: 95.4% | 검증: 87.8% | lr: 2.12e-05 | 0.4s
  에폭 2843/3000 | 손실: 0.2647 | 학습: 95.4% | 검증: 87.6% | lr: 2.12e-05 | 0.4s
  에폭 2844/3000 | 손실: 0.2691 | 학습: 95.6% | 검증: 87.6% | lr: 2.12e-05 | 0.4s
  에폭 2845/3000 | 손실: 0.2667 | 학습: 95.4% | 검증: 87.7% | lr: 2.12e-05 | 0.4s
  에폭 2846/3000 | 손실: 0.2660 | 학습: 95.6% | 검증: 87.6% | lr: 2.12e-05 | 0.4s
  에폭 2847/3000 | 손실: 0.2669 | 학습: 95.3% | 검증: 87.5% | lr: 2.12e-05 | 0.4s
  에폭 2848/3000 | 손실: 0.2681 | 학습: 95.5% | 검증: 87.4% | lr: 2.12e-05 | 0.4s
  에폭 2849/3000 | 손실: 0.2654 | 학습: 95.5% | 검증: 87.6% | lr: 2.12e-05 | 0.4s
  에폭 2850/3000 | 손실: 0.2668 | 학습: 95.5% | 검증: 87.8% | lr: 2.12e-05 | 0.4s
  에폭 2851/3000 | 손실: 0.2645 | 학습: 95.5% | 검증: 87.7% | lr: 2.12e-05 | 0.4s
  에폭 2852/3000 | 손실: 0.2638 | 학습: 95.4% | 검증: 87.6% | lr: 2.12e-05 | 0.4s
  에폭 2853/3000 | 손실: 0.2668 | 학습: 95.5% | 검증: 87.7% | lr: 2.12e-05 | 0.4s
  에폭 2854/3000 | 손실: 0.2669 | 학습: 95.5% | 검증: 87.8% | lr: 2.12e-05 | 0.4s
  에폭 2855/3000 | 손실: 0.2663 | 학습: 95.6% | 검증: 87.6% | lr: 2.12e-05 | 0.4s
  에폭 2856/3000 | 손실: 0.2666 | 학습: 95.4% | 검증: 87.5% | lr: 2.12e-05 | 0.4s
  에폭 2857/3000 | 손실: 0.2656 | 학습: 95.4% | 검증: 87.6% | lr: 2.12e-05 | 0.4s
  에폭 2858/3000 | 손실: 0.2644 | 학습: 95.5% | 검증: 87.6% | lr: 2.12e-05 | 0.4s
  에폭 2859/3000 | 손실: 0.2628 | 학습: 95.5% | 검증: 87.7% | lr: 2.12e-05 | 0.4s
  에폭 2860/3000 | 손실: 0.2687 | 학습: 95.3% | 검증: 87.4% | lr: 2.12e-05 | 0.4s
  에폭 2861/3000 | 손실: 0.2662 | 학습: 95.6% | 검증: 87.6% | lr: 2.12e-05 | 0.4s
  에폭 2862/3000 | 손실: 0.2670 | 학습: 95.7% | 검증: 87.6% | lr: 2.12e-05 | 0.4s
  에폭 2863/3000 | 손실: 0.2643 | 학습: 95.5% | 검증: 87.7% | lr: 2.12e-05 | 0.4s
  에폭 2864/3000 | 손실: 0.2578 | 학습: 95.5% | 검증: 87.4% | lr: 2.12e-05 | 0.4s
  에폭 2865/3000 | 손실: 0.2650 | 학습: 95.5% | 검증: 87.4% | lr: 2.12e-05 | 0.4s
  에폭 2866/3000 | 손실: 0.2641 | 학습: 95.4% | 검증: 87.4% | lr: 2.12e-05 | 0.4s
  에폭 2867/3000 | 손실: 0.2629 | 학습: 95.3% | 검증: 87.7% | lr: 2.12e-05 | 0.4s
  에폭 2868/3000 | 손실: 0.2666 | 학습: 95.4% | 검증: 87.6% | lr: 2.12e-05 | 0.4s
  에폭 2869/3000 | 손실: 0.2642 | 학습: 95.4% | 검증: 87.7% | lr: 2.12e-05 | 0.4s
  에폭 2870/3000 | 손실: 0.2699 | 학습: 95.5% | 검증: 87.7% | lr: 1.91e-05 | 0.4s
  에폭 2871/3000 | 손실: 0.2675 | 학습: 95.4% | 검증: 87.6% | lr: 1.91e-05 | 0.4s
  에폭 2872/3000 | 손실: 0.2657 | 학습: 95.6% | 검증: 87.6% | lr: 1.91e-05 | 0.4s
  에폭 2873/3000 | 손실: 0.2627 | 학습: 95.4% | 검증: 87.3% | lr: 1.91e-05 | 0.4s
  에폭 2874/3000 | 손실: 0.2646 | 학습: 95.4% | 검증: 87.1% | lr: 1.91e-05 | 0.4s
  에폭 2875/3000 | 손실: 0.2678 | 학습: 95.6% | 검증: 87.7% | lr: 1.91e-05 | 0.4s
  에폭 2876/3000 | 손실: 0.2655 | 학습: 95.4% | 검증: 87.4% | lr: 1.91e-05 | 0.4s
  에폭 2877/3000 | 손실: 0.2634 | 학습: 95.3% | 검증: 87.2% | lr: 1.91e-05 | 0.4s
  에폭 2878/3000 | 손실: 0.2665 | 학습: 95.3% | 검증: 87.4% | lr: 1.91e-05 | 0.4s
  에폭 2879/3000 | 손실: 0.2616 | 학습: 95.5% | 검증: 87.8% | lr: 1.91e-05 | 0.4s
  에폭 2880/3000 | 손실: 0.2611 | 학습: 95.4% | 검증: 87.7% | lr: 1.91e-05 | 0.5s
  에폭 2881/3000 | 손실: 0.2600 | 학습: 95.5% | 검증: 87.6% | lr: 1.91e-05 | 0.4s
  에폭 2882/3000 | 손실: 0.2660 | 학습: 95.3% | 검증: 87.5% | lr: 1.91e-05 | 0.4s
  에폭 2883/3000 | 손실: 0.2683 | 학습: 95.3% | 검증: 87.1% | lr: 1.91e-05 | 0.4s
  에폭 2884/3000 | 손실: 0.2634 | 학습: 95.4% | 검증: 87.5% | lr: 1.91e-05 | 0.4s
  에폭 2885/3000 | 손실: 0.2697 | 학습: 95.5% | 검증: 87.8% | lr: 1.91e-05 | 0.4s
  에폭 2886/3000 | 손실: 0.2688 | 학습: 95.6% | 검증: 87.4% | lr: 1.91e-05 | 0.4s
  에폭 2887/3000 | 손실: 0.2667 | 학습: 95.6% | 검증: 87.6% | lr: 1.91e-05 | 0.4s
  에폭 2888/3000 | 손실: 0.2669 | 학습: 95.4% | 검증: 87.7% | lr: 1.91e-05 | 0.4s
  에폭 2889/3000 | 손실: 0.2664 | 학습: 95.6% | 검증: 87.5% | lr: 1.91e-05 | 0.4s
  에폭 2890/3000 | 손실: 0.2675 | 학습: 95.5% | 검증: 87.7% | lr: 1.91e-05 | 0.4s
  에폭 2891/3000 | 손실: 0.2689 | 학습: 95.5% | 검증: 87.4% | lr: 1.91e-05 | 0.4s
  에폭 2892/3000 | 손실: 0.2635 | 학습: 95.5% | 검증: 87.5% | lr: 1.91e-05 | 0.4s
  에폭 2893/3000 | 손실: 0.2645 | 학습: 95.5% | 검증: 87.5% | lr: 1.91e-05 | 0.4s
  에폭 2894/3000 | 손실: 0.2648 | 학습: 95.6% | 검증: 87.5% | lr: 1.91e-05 | 0.4s
  에폭 2895/3000 | 손실: 0.2669 | 학습: 95.5% | 검증: 87.7% | lr: 1.91e-05 | 0.4s
  에폭 2896/3000 | 손실: 0.2614 | 학습: 95.4% | 검증: 87.7% | lr: 1.91e-05 | 0.4s
  에폭 2897/3000 | 손실: 0.2668 | 학습: 95.5% | 검증: 87.6% | lr: 1.91e-05 | 0.4s
  에폭 2898/3000 | 손실: 0.2628 | 학습: 95.4% | 검증: 87.4% | lr: 1.91e-05 | 0.4s
  에폭 2899/3000 | 손실: 0.2661 | 학습: 95.6% | 검증: 87.8% | lr: 1.91e-05 | 0.4s
  에폭 2900/3000 | 손실: 0.2656 | 학습: 95.6% | 검증: 87.6% | lr: 1.91e-05 | 0.4s
  에폭 2901/3000 | 손실: 0.2631 | 학습: 95.4% | 검증: 87.6% | lr: 1.91e-05 | 0.4s
  에폭 2902/3000 | 손실: 0.2661 | 학습: 95.4% | 검증: 87.4% | lr: 1.91e-05 | 0.4s
  에폭 2903/3000 | 손실: 0.2640 | 학습: 95.5% | 검증: 87.6% | lr: 1.91e-05 | 0.4s
  에폭 2904/3000 | 손실: 0.2616 | 학습: 95.6% | 검증: 87.3% | lr: 1.91e-05 | 0.4s
  에폭 2905/3000 | 손실: 0.2654 | 학습: 95.5% | 검증: 87.8% | lr: 1.91e-05 | 0.4s
  에폭 2906/3000 | 손실: 0.2655 | 학습: 95.6% | 검증: 87.8% | lr: 1.91e-05 | 0.4s
  에폭 2907/3000 | 손실: 0.2664 | 학습: 95.6% | 검증: 87.6% | lr: 1.91e-05 | 0.4s
  에폭 2908/3000 | 손실: 0.2712 | 학습: 95.4% | 검증: 87.4% | lr: 1.91e-05 | 0.4s
  에폭 2909/3000 | 손실: 0.2640 | 학습: 95.6% | 검증: 87.7% | lr: 1.91e-05 | 0.4s
  에폭 2910/3000 | 손실: 0.2642 | 학습: 95.5% | 검증: 87.5% | lr: 1.91e-05 | 0.4s
  에폭 2911/3000 | 손실: 0.2618 | 학습: 95.6% | 검증: 87.5% | lr: 1.91e-05 | 0.4s
  에폭 2912/3000 | 손실: 0.2682 | 학습: 95.4% | 검증: 87.7% | lr: 1.91e-05 | 0.4s
  에폭 2913/3000 | 손실: 0.2618 | 학습: 95.6% | 검증: 87.9% | lr: 1.91e-05 | 0.4s
  에폭 2914/3000 | 손실: 0.2657 | 학습: 95.5% | 검증: 87.6% | lr: 1.91e-05 | 0.4s
  에폭 2915/3000 | 손실: 0.2676 | 학습: 95.6% | 검증: 87.6% | lr: 1.91e-05 | 0.4s
  에폭 2916/3000 | 손실: 0.2647 | 학습: 95.4% | 검증: 87.4% | lr: 1.91e-05 | 0.4s
  에폭 2917/3000 | 손실: 0.2607 | 학습: 95.5% | 검증: 87.5% | lr: 1.91e-05 | 0.4s
  에폭 2918/3000 | 손실: 0.2668 | 학습: 95.6% | 검증: 87.6% | lr: 1.91e-05 | 0.4s
  에폭 2919/3000 | 손실: 0.2674 | 학습: 95.5% | 검증: 87.6% | lr: 1.91e-05 | 0.4s
  에폭 2920/3000 | 손실: 0.2626 | 학습: 95.5% | 검증: 87.7% | lr: 1.91e-05 | 0.4s
  에폭 2921/3000 | 손실: 0.2606 | 학습: 95.4% | 검증: 87.5% | lr: 1.72e-05 | 0.4s
  에폭 2922/3000 | 손실: 0.2637 | 학습: 95.4% | 검증: 87.5% | lr: 1.72e-05 | 0.4s
  에폭 2923/3000 | 손실: 0.2673 | 학습: 95.5% | 검증: 87.7% | lr: 1.72e-05 | 0.4s
  에폭 2924/3000 | 손실: 0.2577 | 학습: 95.3% | 검증: 87.5% | lr: 1.72e-05 | 0.4s
  에폭 2925/3000 | 손실: 0.2686 | 학습: 95.6% | 검증: 87.7% | lr: 1.72e-05 | 0.4s
  에폭 2926/3000 | 손실: 0.2634 | 학습: 95.6% | 검증: 87.5% | lr: 1.72e-05 | 0.4s
  에폭 2927/3000 | 손실: 0.2711 | 학습: 95.5% | 검증: 87.4% | lr: 1.72e-05 | 0.4s
  에폭 2928/3000 | 손실: 0.2634 | 학습: 95.6% | 검증: 87.5% | lr: 1.72e-05 | 0.4s
  에폭 2929/3000 | 손실: 0.2661 | 학습: 95.6% | 검증: 87.5% | lr: 1.72e-05 | 0.4s
  에폭 2930/3000 | 손실: 0.2649 | 학습: 95.4% | 검증: 87.2% | lr: 1.72e-05 | 0.4s
  에폭 2931/3000 | 손실: 0.2627 | 학습: 95.5% | 검증: 87.6% | lr: 1.72e-05 | 0.4s
  에폭 2932/3000 | 손실: 0.2653 | 학습: 95.5% | 검증: 87.5% | lr: 1.72e-05 | 0.4s
  에폭 2933/3000 | 손실: 0.2623 | 학습: 95.4% | 검증: 87.6% | lr: 1.72e-05 | 0.4s
  에폭 2934/3000 | 손실: 0.2621 | 학습: 95.4% | 검증: 87.6% | lr: 1.72e-05 | 0.4s
  에폭 2935/3000 | 손실: 0.2654 | 학습: 95.5% | 검증: 87.5% | lr: 1.72e-05 | 0.4s
  에폭 2936/3000 | 손실: 0.2633 | 학습: 95.4% | 검증: 87.6% | lr: 1.72e-05 | 0.4s
  에폭 2937/3000 | 손실: 0.2705 | 학습: 95.5% | 검증: 87.8% | lr: 1.72e-05 | 0.4s
  에폭 2938/3000 | 손실: 0.2671 | 학습: 95.4% | 검증: 87.5% | lr: 1.72e-05 | 0.4s
  에폭 2939/3000 | 손실: 0.2637 | 학습: 95.5% | 검증: 87.7% | lr: 1.72e-05 | 0.4s
  에폭 2940/3000 | 손실: 0.2710 | 학습: 95.4% | 검증: 87.6% | lr: 1.72e-05 | 0.4s
  에폭 2941/3000 | 손실: 0.2617 | 학습: 95.5% | 검증: 87.7% | lr: 1.72e-05 | 0.4s
  에폭 2942/3000 | 손실: 0.2655 | 학습: 95.6% | 검증: 87.7% | lr: 1.72e-05 | 0.4s
  에폭 2943/3000 | 손실: 0.2590 | 학습: 95.6% | 검증: 87.6% | lr: 1.72e-05 | 0.4s
  에폭 2944/3000 | 손실: 0.2615 | 학습: 95.7% | 검증: 87.5% | lr: 1.72e-05 | 0.4s
  에폭 2945/3000 | 손실: 0.2651 | 학습: 95.4% | 검증: 87.5% | lr: 1.72e-05 | 0.4s
  에폭 2946/3000 | 손실: 0.2599 | 학습: 95.3% | 검증: 87.4% | lr: 1.72e-05 | 0.4s
  에폭 2947/3000 | 손실: 0.2663 | 학습: 95.5% | 검증: 87.7% | lr: 1.72e-05 | 0.4s
  에폭 2948/3000 | 손실: 0.2629 | 학습: 95.5% | 검증: 87.9% | lr: 1.72e-05 | 0.4s
  에폭 2949/3000 | 손실: 0.2701 | 학습: 95.4% | 검증: 87.5% | lr: 1.72e-05 | 0.4s
  에폭 2950/3000 | 손실: 0.2605 | 학습: 95.5% | 검증: 87.6% | lr: 1.72e-05 | 0.4s
  에폭 2951/3000 | 손실: 0.2631 | 학습: 95.4% | 검증: 87.5% | lr: 1.72e-05 | 0.4s
  에폭 2952/3000 | 손실: 0.2672 | 학습: 95.5% | 검증: 87.6% | lr: 1.72e-05 | 0.4s
  에폭 2953/3000 | 손실: 0.2604 | 학습: 95.4% | 검증: 87.5% | lr: 1.72e-05 | 0.4s
  에폭 2954/3000 | 손실: 0.2624 | 학습: 95.6% | 검증: 87.4% | lr: 1.72e-05 | 0.4s
  에폭 2955/3000 | 손실: 0.2674 | 학습: 95.5% | 검증: 87.5% | lr: 1.72e-05 | 0.4s
  에폭 2956/3000 | 손실: 0.2676 | 학습: 95.4% | 검증: 87.6% | lr: 1.72e-05 | 0.4s
  에폭 2957/3000 | 손실: 0.2655 | 학습: 95.6% | 검증: 87.5% | lr: 1.72e-05 | 0.4s
  에폭 2958/3000 | 손실: 0.2631 | 학습: 95.4% | 검증: 87.6% | lr: 1.72e-05 | 0.4s
  에폭 2959/3000 | 손실: 0.2670 | 학습: 95.5% | 검증: 87.6% | lr: 1.72e-05 | 0.4s
  에폭 2960/3000 | 손실: 0.2619 | 학습: 95.4% | 검증: 87.5% | lr: 1.72e-05 | 0.4s
  에폭 2961/3000 | 손실: 0.2668 | 학습: 95.5% | 검증: 87.5% | lr: 1.72e-05 | 0.4s
  에폭 2962/3000 | 손실: 0.2659 | 학습: 95.7% | 검증: 87.5% | lr: 1.72e-05 | 0.4s
  에폭 2963/3000 | 손실: 0.2679 | 학습: 95.6% | 검증: 87.6% | lr: 1.72e-05 | 0.4s
  에폭 2964/3000 | 손실: 0.2661 | 학습: 95.4% | 검증: 87.3% | lr: 1.72e-05 | 0.4s
  에폭 2965/3000 | 손실: 0.2699 | 학습: 95.4% | 검증: 87.2% | lr: 1.72e-05 | 0.4s
  에폭 2966/3000 | 손실: 0.2686 | 학습: 95.5% | 검증: 87.4% | lr: 1.72e-05 | 0.4s
  에폭 2967/3000 | 손실: 0.2603 | 학습: 95.5% | 검증: 87.6% | lr: 1.72e-05 | 0.4s
  에폭 2968/3000 | 손실: 0.2656 | 학습: 95.5% | 검증: 87.6% | lr: 1.72e-05 | 0.4s
  에폭 2969/3000 | 손실: 0.2694 | 학습: 95.4% | 검증: 87.5% | lr: 1.72e-05 | 0.4s
  에폭 2970/3000 | 손실: 0.2675 | 학습: 95.5% | 검증: 87.4% | lr: 1.72e-05 | 0.4s
  에폭 2971/3000 | 손실: 0.2743 | 학습: 95.4% | 검증: 87.5% | lr: 1.72e-05 | 0.4s
  에폭 2972/3000 | 손실: 0.2680 | 학습: 95.5% | 검증: 87.8% | lr: 1.55e-05 | 0.4s
  에폭 2973/3000 | 손실: 0.2687 | 학습: 95.5% | 검증: 87.3% | lr: 1.55e-05 | 0.4s
  에폭 2974/3000 | 손실: 0.2639 | 학습: 95.4% | 검증: 87.8% | lr: 1.55e-05 | 0.4s
  에폭 2975/3000 | 손실: 0.2649 | 학습: 95.6% | 검증: 87.4% | lr: 1.55e-05 | 0.4s
  에폭 2976/3000 | 손실: 0.2617 | 학습: 95.6% | 검증: 87.7% | lr: 1.55e-05 | 0.4s
  에폭 2977/3000 | 손실: 0.2645 | 학습: 95.4% | 검증: 87.6% | lr: 1.55e-05 | 0.4s
  에폭 2978/3000 | 손실: 0.2577 | 학습: 95.3% | 검증: 87.3% | lr: 1.55e-05 | 0.4s
  에폭 2979/3000 | 손실: 0.2652 | 학습: 95.5% | 검증: 87.4% | lr: 1.55e-05 | 0.4s
  에폭 2980/3000 | 손실: 0.2631 | 학습: 95.5% | 검증: 87.7% | lr: 1.55e-05 | 0.4s
  에폭 2981/3000 | 손실: 0.2719 | 학습: 95.6% | 검증: 87.8% | lr: 1.55e-05 | 0.4s
  에폭 2982/3000 | 손실: 0.2638 | 학습: 95.4% | 검증: 87.5% | lr: 1.55e-05 | 0.4s
  에폭 2983/3000 | 손실: 0.2660 | 학습: 95.5% | 검증: 87.9% | lr: 1.55e-05 | 0.4s
  에폭 2984/3000 | 손실: 0.2648 | 학습: 95.6% | 검증: 87.7% | lr: 1.55e-05 | 0.4s
  에폭 2985/3000 | 손실: 0.2674 | 학습: 95.6% | 검증: 87.7% | lr: 1.55e-05 | 0.4s
  에폭 2986/3000 | 손실: 0.2709 | 학습: 95.6% | 검증: 87.7% | lr: 1.55e-05 | 0.4s
  에폭 2987/3000 | 손실: 0.2753 | 학습: 95.5% | 검증: 87.6% | lr: 1.55e-05 | 0.4s
  에폭 2988/3000 | 손실: 0.2644 | 학습: 95.5% | 검증: 87.8% | lr: 1.55e-05 | 0.4s
  에폭 2989/3000 | 손실: 0.2682 | 학습: 95.5% | 검증: 87.6% | lr: 1.55e-05 | 0.4s
  에폭 2990/3000 | 손실: 0.2606 | 학습: 95.5% | 검증: 87.6% | lr: 1.55e-05 | 0.4s
  에폭 2991/3000 | 손실: 0.2645 | 학습: 95.5% | 검증: 87.5% | lr: 1.55e-05 | 0.4s
  에폭 2992/3000 | 손실: 0.2674 | 학습: 95.5% | 검증: 87.8% | lr: 1.55e-05 | 0.4s
  에폭 2993/3000 | 손실: 0.2639 | 학습: 95.6% | 검증: 87.6% | lr: 1.55e-05 | 0.4s
  에폭 2994/3000 | 손실: 0.2676 | 학습: 95.5% | 검증: 87.5% | lr: 1.55e-05 | 0.4s
  에폭 2995/3000 | 손실: 0.2651 | 학습: 95.5% | 검증: 87.5% | lr: 1.55e-05 | 0.4s
  에폭 2996/3000 | 손실: 0.2632 | 학습: 95.4% | 검증: 87.5% | lr: 1.55e-05 | 0.4s
  에폭 2997/3000 | 손실: 0.2577 | 학습: 95.4% | 검증: 87.7% | lr: 1.55e-05 | 0.4s
  에폭 2998/3000 | 손실: 0.2614 | 학습: 95.5% | 검증: 87.6% | lr: 1.55e-05 | 0.4s
  에폭 2999/3000 | 손실: 0.2587 | 학습: 95.4% | 검증: 87.8% | lr: 1.55e-05 | 0.4s
  에폭 3000/3000 | 손실: 0.2654 | 학습: 95.5% | 검증: 87.5% | lr: 1.55e-05 | 0.4s
[MLP] ✅ 학습 완료 | [128 → 64 → 32] | 최고 검증 정확도: 87.9%  (베스트 체크포인트 복원됨)
[MLP] ⏱  전체 학습 시간: 19분 7초 (1147.7s)
[MLP] ── Permutation Importance (베이스라인 정확도: 87.9%) ─
   1. SPECTRAL_ROLLOFF              Δacc=++0.2432  █████████████████████████████████████████████████  (스펙트럼 롤오프)
   2. HIGH_RATIO                    Δacc=++0.2336  ███████████████████████████████████████████████  (고주파 비율 (10Hz↑))
   3. CENTROID                      Δacc=++0.2333  ███████████████████████████████████████████████  (스펙트럼 무게중심)
   4. SKEWNESS                      Δacc=++0.2274  █████████████████████████████████████████████  (스펙트럼 비대칭도)
   5. SPECTRAL_BANDWIDTH            Δacc=++0.2126  ███████████████████████████████████████████  (스펙트럼 대역폭)
   6. LOW_RATIO                     Δacc=++0.1990  ████████████████████████████████████████  (저주파 비율 (0~5Hz))
   7. KURTOSIS                      Δacc=++0.1874  █████████████████████████████████████  (에너지 분포 첨도)
   8. MID_RATIO                     Δacc=++0.1872  █████████████████████████████████████  (중주파 비율 (5~10Hz))
   9. SPECTRAL_FLATNESS             Δacc=++0.1842  █████████████████████████████████████  (스펙트럼 평탄도)
  10. PEAK_TO_AVG_E                 Δacc=++0.1371  ███████████████████████████  (피크/평균 에너지 비)
  11. PEAK_FREQ                     Δacc=++0.1282  ██████████████████████████  (1위 피크 주파수)
  12. RMS                           Δacc=++0.0786  ████████████████  (RMS 에너지)
  13. SECOND_PEAK_FREQ              Δacc=++0.0645  █████████████  (2번째 피크 주파수)
  14. PEAK1_TO_PEAK2_RATIO          Δacc=++0.0584  ████████████  (1·2위 피크 비율)
  15. PEAK_COUNT                    Δacc=++0.0487  ██████████  (피크 빈 개수)
  16. DC_RATIO                      Δacc=++0.0336  ███████  (DC 성분 비율)
  17. AVG_ENERGY                    Δacc=++0.0164  ███  (평균 에너지)
  18. PEAK_ENERGY                   Δacc=++0.0118  ██  (피크 에너지)
  19. ENERGY_VARIANCE               Δacc=++0.0110  ██  (에너지 분산)
  20. DELTA_PEAK_FREQ               Δacc=++0.0080  ██  (피크 주파수 변화량)
  21. LOW_TO_HIGH_RATIO             Δacc=++0.0038  █  (저/고주파 에너지 비율)
[MLP] ─────────────────────────────────────────────
[MLP] 특징 중요도 저장 → /Users/kimkanghyeon/Desktop/project/iSENSOR_UART_DEBUGER/AI/mlp/models/mlp_L128-64-32_b128_d3_ep3000_lr5e-4_lrp50_lrf9_f21_0510_021003/mlp_L128-64-32_b128_d3_ep3000_lr5e-4_lrp50_lrf9_f21_0510_021003_importance.json
[MLP] 저장 완료 → /Users/kimkanghyeon/Desktop/project/iSENSOR_UART_DEBUGER/AI/mlp/models/mlp_weights.pt  (추론용)
[MLP] 버전 보관 → /Users/kimkanghyeon/Desktop/project/iSENSOR_UART_DEBUGER/AI/mlp/models/mlp_L128-64-32_b128_d3_ep3000_lr5e-4_lrp50_lrf9_f21_0510_021003/
[MLP] 📊 학습 이력 저장 → /Users/kimkanghyeon/Desktop/project/iSENSOR_UART_DEBUGER/AI/mlp/models/train_history.json

  ── 이전 학습과 비교 ──────────────────────────────────────────────────
  지표                                  이전          현재  변화
  ────────────────────────────────────────────────────────────────────
  최고 검증 정확도                        88.6%       87.9%  -0.7%p  ↓ 하락
  최소 검증 손실                        0.3112      0.3012  0.0100  ↑ 개선
  사람 Recall (탐지율) TPR              85.3%       84.5%  -0.8%p  ↓ 하락
  사람 오탐률 (눈침) FNR                  14.7%       15.5%  +0.8%p  ↓ 하락
  배경 정확 탐지율 TNR                    92.0%       91.4%  -0.6%p  ↓ 하락
  배경 오탐률 (오경보) FPR                  8.0%        8.6%  +0.6%p  ↓ 하락
  사람 F1 Score                     0.8825      0.8750  0.0075  ↓ 하락
  베스트 에폭                            2303        2779  +476

━━━━━━━━━━━━━━━━━━━━━━━━━━━━━━━━━━━━━━━━━━━━━━━━━━━━━━━━━━━━━━━━
[분석 메모] GitHub Copilot — 2026-05-10  [구조: 128→64→32, b128, ep3000, lr=5e-4, lrf=0.9, d0.3, ESP32 f21]
━━━━━━━━━━━━━━━━━━━━━━━━━━━━━━━━━━━━━━━━━━━━━━━━━━━━━━━━━━━━━━━━

■ 실험 조건 (이전 최고 대비 변경점)
  Dropout만 0.2 → 0.3으로 변경. 나머지 동일 (128→64→32, b128, ep3000, lr=5e-4, lrf=0.9, f21)
  목적: lrf=0.9 조합에서 d0.3이 d0.2보다 나은지 확인

■ 핵심 수치 요약
  최고 검증 정확도   : 87.9% (ep2779)
  이전 최고 대비     : -0.7%p (d0.2 88.6%)
  학습 정확도 (동시) : 95.4%  →  train-val 갭 7.5%p  (d0.2의 8.3%p보다 작음)
  사람 Recall (TPR)  : 84.5%
  배경 TNR           : 91.4%
  사람 F1            : 0.875
  학습 시간          : 19분 7초
  수렴 여부          : 미수렴 (ep3000 기준 LR=1.55e-5)

■ d0.2 vs d0.3 직접 비교 (lr=5e-4, lrf=0.9, b128, ep3000, f21 동일)
  항목                  d0.2 (이전 최고)      d0.3 (현재)
  ──────────────────────────────────────────────────────
  최고 검증             88.6% ★              87.9%    -0.7%p
  사람 Recall           85.3% ★              84.5%    -0.8%p
  배경 TNR              92.0% ★              91.4%    -0.6%p
  F1 Score              0.8825 ★             0.875    -0.007
  train-val 갭          8.3%p                7.5%p ★  (d0.3이 작음 — 정규화 효과)
  베스트 에폭           2303                 2779     +476 (d0.3이 더 늦게 베스트)
  학습 정확도           96.9%                95.4% ★  (d0.3이 낮음 — 과적합 억제)
  학습 시간             19분10초             19분7초  (동일)

  → d0.3은 train-val 갭을 줄이고 학습 과적합을 억제했지만, 그 효과가 검증 정확도 개선으로
    이어지지 않음. 오히려 모델 표현력을 너무 억제.
  → lrf=0.9 조합에서도 d0.2 우위 재확인.

■ 누적 d0.2 vs d0.3 비교 (전 실험 기준)
  조건                                    d0.2      d0.3
  ─────────────────────────────────────────────────────
  lrf=0.5 lr=2e-3 ep1500 b128 f21        88.2%     86.7%  -1.5%p
  lrf=0.9 lr=5e-4 ep3000 b128 f21        88.6%★    87.9%  -0.7%p
  → 두 조합 모두에서 d0.2가 우세. d0.3 방향 완전 종료.

■ LR 감소 패턴 비교 (d0.2 vs d0.3, 동일 조건)
  d0.2: 첫 감소 ep618, 총 30단 (ep3000 기준)
  d0.3: 첫 감소 ep899, 총 34단 (ep3000 기준)
  → d0.3은 Dropout이 강해 손실 수렴이 느려 plateau 진입이 281에폭 더 늦음
  → 첫 감소가 늦어진 만큼 ep3000 내에서 더 많은 단수 감소가 이뤄졌으나 성능은 낮음

■ 결론
  - d0.3은 이 데이터셋에서 모델 표현력을 과도하게 제한함.
  - lrf=0.9 조합에서도 d0.2가 우위. d0.3 방향 완전 종료.
  - **확정된 최적 조합**: 128→64→32, b128, lr=5e-4, lrf=0.9, d0.2, ep3000, f21 → 88.6%

■ 다음 실험 방향
  [1순위] 구조 확장: 256→128→64→32, b128, lr=5e-4, lrf=0.9, d0.2, ep3000, f21
  - 확정 최적 조합에서 구조만 확장 → 89%+ 도전
  - GUI에서 레이어 256-128-64-32 선택, 나머지 동일하게 설정

  [종료된 방향]
  - d0.3 : 두 조합 모두에서 d0.2 대비 열세, 완전 종료
  - lr > 2e-3 : 오버슈팅 확인, 종료
  - 배치 크기 b64/b256 : b128 최적 확정, 종료
━━━━━━━━━━━━━━━━━━━━━━━━━━━━━━━━━━━━━━━━━━━━━━━━━━━━━━━━━━━━━━━━

