[MLP]   svm_data_20260507_133636.csv                       24741샘플
[MLP] CSV 로드  →  총 24741샘플
[MLP] 로드 완료 | 전체: 24741개  (배경: 12371, 사람: 12370)
[MLP] 특징 모드: ESP32 (16개)
[MLP] 학습: 19792개 (80%)  검증: 4949개 (20%)  [비율고정: 유지 | 분리시드: 42]
[MLP] 스케일러: StandardScaler (z-score)
[MLP] ━━━━━━━━━━━━━━━━━━━━━━━━━━━━━━━━━━━━━━━━━━━━━━━
[MLP]  디바이스: cpu
[MLP]  구조: 16 → 64 → 32 → 2
[MLP]  에폭: 1500  배치: 64  LR: 1.00e-03  Dropout: 0.3
[MLP]  Early Stop: 비활성화
[MLP]  LR 스케줄러: patience=50  factor=0.5  min_lr=1e-6
[MLP]  검증 비율: 20%  분리 비율고정: 유지  분리 시드: 42
[MLP]  스케일러: StandardScaler  특징 모드: ESP32
[MLP]  사용 특징 (16개): SPECTRAL_BANDWIDTH, PEAK_COUNT, MID_RATIO, SECOND_PEAK_FREQ, KURTOSIS, CENTROID, PEAK_FREQ, LOW_RATIO, RMS, AVG_ENERGY, PEAK_TO_AVG_E, HIGH_RATIO, PEAK1_TO_PEAK2_RATIO, SKEWNESS, DC_RATIO, SPECTRAL_FLATNESS
[MLP] ━━━━━━━━━━━━━━━━━━━━━━━━━━━━━━━━━━━━━━━━━━━━━━━
  에폭   1/1500 | 손실: 0.6122 | 학습: 66.7% | 검증: 65.2% | lr: 1.00e-03 | 0.5s ★
  에폭   2/1500 | 손실: 0.5908 | 학습: 67.2% | 검증: 65.5% | lr: 1.00e-03 | 0.5s ★
  에폭   3/1500 | 손실: 0.5885 | 학습: 67.5% | 검증: 65.7% | lr: 1.00e-03 | 0.5s ★
  에폭   4/1500 | 손실: 0.5847 | 학습: 67.7% | 검증: 66.6% | lr: 1.00e-03 | 0.6s ★
  에폭   5/1500 | 손실: 0.5788 | 학습: 68.2% | 검증: 66.4% | lr: 1.00e-03 | 0.5s
  에폭   6/1500 | 손실: 0.5800 | 학습: 68.8% | 검증: 66.6% | lr: 1.00e-03 | 0.5s ★
  에폭   7/1500 | 손실: 0.5768 | 학습: 68.6% | 검증: 67.4% | lr: 1.00e-03 | 0.6s ★
  에폭   8/1500 | 손실: 0.5737 | 학습: 68.6% | 검증: 67.4% | lr: 1.00e-03 | 0.6s
  에폭   9/1500 | 손실: 0.5728 | 학습: 69.5% | 검증: 67.0% | lr: 1.00e-03 | 0.5s
  에폭  10/1500 | 손실: 0.5703 | 학습: 69.1% | 검증: 67.8% | lr: 1.00e-03 | 0.5s ★
  에폭  11/1500 | 손실: 0.5672 | 학습: 69.5% | 검증: 67.4% | lr: 1.00e-03 | 0.5s
  에폭  12/1500 | 손실: 0.5683 | 학습: 70.0% | 검증: 68.2% | lr: 1.00e-03 | 0.5s ★
  에폭  13/1500 | 손실: 0.5656 | 학습: 70.1% | 검증: 67.5% | lr: 1.00e-03 | 0.6s
  에폭  14/1500 | 손실: 0.5666 | 학습: 70.1% | 검증: 68.5% | lr: 1.00e-03 | 0.5s ★
  에폭  15/1500 | 손실: 0.5616 | 학습: 70.3% | 검증: 67.8% | lr: 1.00e-03 | 0.5s
  에폭  16/1500 | 손실: 0.5616 | 학습: 70.7% | 검증: 68.3% | lr: 1.00e-03 | 0.5s
  에폭  17/1500 | 손실: 0.5603 | 학습: 70.5% | 검증: 68.7% | lr: 1.00e-03 | 0.5s ★
  에폭  18/1500 | 손실: 0.5598 | 학습: 71.2% | 검증: 69.0% | lr: 1.00e-03 | 0.5s ★
  에폭  19/1500 | 손실: 0.5589 | 학습: 71.1% | 검증: 68.9% | lr: 1.00e-03 | 0.5s
  에폭  20/1500 | 손실: 0.5587 | 학습: 71.4% | 검증: 69.6% | lr: 1.00e-03 | 0.5s ★
  에폭  21/1500 | 손실: 0.5565 | 학습: 71.4% | 검증: 69.3% | lr: 1.00e-03 | 0.5s
  에폭  22/1500 | 손실: 0.5521 | 학습: 71.5% | 검증: 69.3% | lr: 1.00e-03 | 0.5s
  에폭  23/1500 | 손실: 0.5536 | 학습: 71.7% | 검증: 69.5% | lr: 1.00e-03 | 0.5s
  에폭  24/1500 | 손실: 0.5551 | 학습: 71.8% | 검증: 68.9% | lr: 1.00e-03 | 0.5s
  에폭  25/1500 | 손실: 0.5534 | 학습: 72.4% | 검증: 70.2% | lr: 1.00e-03 | 0.5s ★
  에폭  26/1500 | 손실: 0.5501 | 학습: 72.3% | 검증: 69.8% | lr: 1.00e-03 | 0.5s
  에폭  27/1500 | 손실: 0.5512 | 학습: 72.2% | 검증: 70.1% | lr: 1.00e-03 | 0.5s
  에폭  28/1500 | 손실: 0.5485 | 학습: 72.1% | 검증: 69.6% | lr: 1.00e-03 | 0.5s
  에폭  29/1500 | 손실: 0.5494 | 학습: 73.0% | 검증: 70.6% | lr: 1.00e-03 | 0.5s ★
  에폭  30/1500 | 손실: 0.5495 | 학습: 73.0% | 검증: 70.3% | lr: 1.00e-03 | 0.5s
  에폭  31/1500 | 손실: 0.5484 | 학습: 72.8% | 검증: 69.9% | lr: 1.00e-03 | 0.5s
  에폭  32/1500 | 손실: 0.5488 | 학습: 72.5% | 검증: 69.9% | lr: 1.00e-03 | 0.5s
  에폭  33/1500 | 손실: 0.5466 | 학습: 73.3% | 검증: 70.5% | lr: 1.00e-03 | 0.5s
  에폭  34/1500 | 손실: 0.5447 | 학습: 73.3% | 검증: 70.5% | lr: 1.00e-03 | 0.5s
  에폭  35/1500 | 손실: 0.5464 | 학습: 73.4% | 검증: 70.9% | lr: 1.00e-03 | 0.5s ★
  에폭  36/1500 | 손실: 0.5466 | 학습: 73.9% | 검증: 70.9% | lr: 1.00e-03 | 0.5s
  에폭  37/1500 | 손실: 0.5433 | 학습: 73.5% | 검증: 70.5% | lr: 1.00e-03 | 0.5s
  에폭  38/1500 | 손실: 0.5437 | 학습: 73.8% | 검증: 71.3% | lr: 1.00e-03 | 0.5s ★
  에폭  39/1500 | 손실: 0.5426 | 학습: 73.4% | 검증: 70.9% | lr: 1.00e-03 | 0.5s
  에폭  40/1500 | 손실: 0.5429 | 학습: 73.9% | 검증: 71.4% | lr: 1.00e-03 | 0.5s ★
  에폭  41/1500 | 손실: 0.5416 | 학습: 74.0% | 검증: 71.3% | lr: 1.00e-03 | 0.5s
  에폭  42/1500 | 손실: 0.5429 | 학습: 73.5% | 검증: 71.1% | lr: 1.00e-03 | 0.5s
  에폭  43/1500 | 손실: 0.5392 | 학습: 73.7% | 검증: 71.5% | lr: 1.00e-03 | 0.5s ★
  에폭  44/1500 | 손실: 0.5404 | 학습: 73.6% | 검증: 71.3% | lr: 1.00e-03 | 0.5s
  에폭  45/1500 | 손실: 0.5392 | 학습: 74.1% | 검증: 70.8% | lr: 1.00e-03 | 0.5s
  에폭  46/1500 | 손실: 0.5386 | 학습: 74.3% | 검증: 71.6% | lr: 1.00e-03 | 0.5s ★
  에폭  47/1500 | 손실: 0.5369 | 학습: 74.6% | 검증: 71.4% | lr: 1.00e-03 | 0.5s
  에폭  48/1500 | 손실: 0.5359 | 학습: 74.6% | 검증: 71.4% | lr: 1.00e-03 | 0.5s
  에폭  49/1500 | 손실: 0.5401 | 학습: 74.0% | 검증: 71.4% | lr: 1.00e-03 | 0.5s
  에폭  50/1500 | 손실: 0.5365 | 학습: 74.7% | 검증: 71.6% | lr: 1.00e-03 | 0.5s
  에폭  51/1500 | 손실: 0.5352 | 학습: 74.9% | 검증: 71.8% | lr: 1.00e-03 | 0.5s ★
  에폭  52/1500 | 손실: 0.5346 | 학습: 75.0% | 검증: 72.4% | lr: 1.00e-03 | 0.5s ★
  에폭  53/1500 | 손실: 0.5342 | 학습: 74.5% | 검증: 71.8% | lr: 1.00e-03 | 0.5s
  에폭  54/1500 | 손실: 0.5315 | 학습: 75.0% | 검증: 72.6% | lr: 1.00e-03 | 0.6s ★
  에폭  55/1500 | 손실: 0.5355 | 학습: 74.7% | 검증: 71.8% | lr: 1.00e-03 | 0.5s
  에폭  56/1500 | 손실: 0.5344 | 학습: 75.1% | 검증: 72.0% | lr: 1.00e-03 | 0.5s
  에폭  57/1500 | 손실: 0.5340 | 학습: 74.5% | 검증: 71.5% | lr: 1.00e-03 | 0.5s
  에폭  58/1500 | 손실: 0.5313 | 학습: 75.2% | 검증: 72.3% | lr: 1.00e-03 | 0.5s
  에폭  59/1500 | 손실: 0.5319 | 학습: 75.2% | 검증: 72.4% | lr: 1.00e-03 | 0.5s
  에폭  60/1500 | 손실: 0.5294 | 학습: 75.0% | 검증: 72.3% | lr: 1.00e-03 | 0.5s
  에폭  61/1500 | 손실: 0.5291 | 학습: 75.3% | 검증: 72.6% | lr: 1.00e-03 | 0.5s
  에폭  62/1500 | 손실: 0.5341 | 학습: 74.8% | 검증: 71.6% | lr: 1.00e-03 | 0.5s
  에폭  63/1500 | 손실: 0.5293 | 학습: 75.2% | 검증: 72.0% | lr: 1.00e-03 | 0.5s
  에폭  64/1500 | 손실: 0.5279 | 학습: 75.5% | 검증: 72.5% | lr: 1.00e-03 | 0.5s
  에폭  65/1500 | 손실: 0.5301 | 학습: 75.9% | 검증: 72.8% | lr: 1.00e-03 | 0.5s ★
  에폭  66/1500 | 손실: 0.5282 | 학습: 75.3% | 검증: 73.0% | lr: 1.00e-03 | 0.6s ★
  에폭  67/1500 | 손실: 0.5287 | 학습: 76.0% | 검증: 73.3% | lr: 1.00e-03 | 0.5s ★
  에폭  68/1500 | 손실: 0.5287 | 학습: 76.4% | 검증: 73.4% | lr: 1.00e-03 | 0.5s ★
  에폭  69/1500 | 손실: 0.5290 | 학습: 75.2% | 검증: 72.5% | lr: 1.00e-03 | 0.5s
  에폭  70/1500 | 손실: 0.5257 | 학습: 75.4% | 검증: 72.7% | lr: 1.00e-03 | 0.5s
  에폭  71/1500 | 손실: 0.5272 | 학습: 74.6% | 검증: 71.8% | lr: 1.00e-03 | 0.5s
  에폭  72/1500 | 손실: 0.5254 | 학습: 75.9% | 검증: 72.8% | lr: 1.00e-03 | 0.5s
  에폭  73/1500 | 손실: 0.5249 | 학습: 76.1% | 검증: 72.8% | lr: 1.00e-03 | 0.5s
  에폭  74/1500 | 손실: 0.5268 | 학습: 75.6% | 검증: 72.6% | lr: 1.00e-03 | 0.5s
  에폭  75/1500 | 손실: 0.5251 | 학습: 76.0% | 검증: 72.5% | lr: 1.00e-03 | 0.5s
  에폭  76/1500 | 손실: 0.5259 | 학습: 75.3% | 검증: 72.1% | lr: 1.00e-03 | 0.5s
  에폭  77/1500 | 손실: 0.5249 | 학습: 76.3% | 검증: 72.9% | lr: 1.00e-03 | 0.5s
  에폭  78/1500 | 손실: 0.5231 | 학습: 76.5% | 검증: 72.9% | lr: 1.00e-03 | 0.5s
  에폭  79/1500 | 손실: 0.5238 | 학습: 76.1% | 검증: 73.2% | lr: 1.00e-03 | 0.5s
  에폭  80/1500 | 손실: 0.5244 | 학습: 76.1% | 검증: 72.9% | lr: 1.00e-03 | 0.5s
  에폭  81/1500 | 손실: 0.5232 | 학습: 76.0% | 검증: 72.9% | lr: 1.00e-03 | 0.5s
  에폭  82/1500 | 손실: 0.5212 | 학습: 75.9% | 검증: 72.7% | lr: 1.00e-03 | 0.5s
  에폭  83/1500 | 손실: 0.5198 | 학습: 76.3% | 검증: 73.0% | lr: 1.00e-03 | 0.5s
  에폭  84/1500 | 손실: 0.5233 | 학습: 76.4% | 검증: 72.5% | lr: 1.00e-03 | 0.5s
  에폭  85/1500 | 손실: 0.5215 | 학습: 75.8% | 검증: 72.8% | lr: 1.00e-03 | 0.5s
  에폭  86/1500 | 손실: 0.5193 | 학습: 76.5% | 검증: 73.3% | lr: 1.00e-03 | 0.5s
  에폭  87/1500 | 손실: 0.5194 | 학습: 76.0% | 검증: 72.7% | lr: 1.00e-03 | 0.5s
  에폭  88/1500 | 손실: 0.5226 | 학습: 75.9% | 검증: 72.8% | lr: 1.00e-03 | 0.5s
  에폭  89/1500 | 손실: 0.5198 | 학습: 76.4% | 검증: 73.1% | lr: 1.00e-03 | 0.5s
  에폭  90/1500 | 손실: 0.5185 | 학습: 76.5% | 검증: 73.2% | lr: 1.00e-03 | 0.5s
  에폭  91/1500 | 손실: 0.5190 | 학습: 77.0% | 검증: 73.4% | lr: 1.00e-03 | 0.6s
  에폭  92/1500 | 손실: 0.5171 | 학습: 76.8% | 검증: 73.4% | lr: 1.00e-03 | 0.5s
  에폭  93/1500 | 손실: 0.5206 | 학습: 76.6% | 검증: 73.2% | lr: 1.00e-03 | 0.5s
  에폭  94/1500 | 손실: 0.5179 | 학습: 76.7% | 검증: 73.4% | lr: 1.00e-03 | 0.5s
  에폭  95/1500 | 손실: 0.5189 | 학습: 76.4% | 검증: 73.7% | lr: 1.00e-03 | 0.5s ★
  에폭  96/1500 | 손실: 0.5198 | 학습: 77.3% | 검증: 74.1% | lr: 1.00e-03 | 0.5s ★
  에폭  97/1500 | 손실: 0.5153 | 학습: 77.2% | 검증: 73.9% | lr: 1.00e-03 | 0.5s
  에폭  98/1500 | 손실: 0.5150 | 학습: 76.8% | 검증: 73.8% | lr: 1.00e-03 | 0.6s
  에폭  99/1500 | 손실: 0.5163 | 학습: 76.8% | 검증: 74.0% | lr: 1.00e-03 | 0.5s
  에폭 100/1500 | 손실: 0.5161 | 학습: 77.3% | 검증: 73.8% | lr: 1.00e-03 | 0.5s
  에폭 101/1500 | 손실: 0.5192 | 학습: 76.3% | 검증: 73.4% | lr: 1.00e-03 | 0.5s
  에폭 102/1500 | 손실: 0.5164 | 학습: 76.2% | 검증: 73.6% | lr: 1.00e-03 | 0.5s
  에폭 103/1500 | 손실: 0.5146 | 학습: 76.8% | 검증: 73.2% | lr: 1.00e-03 | 0.5s
  에폭 104/1500 | 손실: 0.5137 | 학습: 76.8% | 검증: 73.7% | lr: 1.00e-03 | 0.5s
  에폭 105/1500 | 손실: 0.5159 | 학습: 77.5% | 검증: 74.3% | lr: 1.00e-03 | 0.5s ★
  에폭 106/1500 | 손실: 0.5125 | 학습: 76.6% | 검증: 73.5% | lr: 1.00e-03 | 0.5s
  에폭 107/1500 | 손실: 0.5171 | 학습: 77.2% | 검증: 73.9% | lr: 1.00e-03 | 0.6s
  에폭 108/1500 | 손실: 0.5132 | 학습: 77.0% | 검증: 73.9% | lr: 1.00e-03 | 0.5s
  에폭 109/1500 | 손실: 0.5155 | 학습: 77.2% | 검증: 74.1% | lr: 1.00e-03 | 0.5s
  에폭 110/1500 | 손실: 0.5165 | 학습: 77.4% | 검증: 74.1% | lr: 1.00e-03 | 0.5s
  에폭 111/1500 | 손실: 0.5141 | 학습: 76.9% | 검증: 73.5% | lr: 1.00e-03 | 0.5s
  에폭 112/1500 | 손실: 0.5149 | 학습: 77.3% | 검증: 73.7% | lr: 1.00e-03 | 0.5s
  에폭 113/1500 | 손실: 0.5136 | 학습: 77.1% | 검증: 73.9% | lr: 1.00e-03 | 0.5s
  에폭 114/1500 | 손실: 0.5143 | 학습: 77.0% | 검증: 73.3% | lr: 1.00e-03 | 0.5s
  에폭 115/1500 | 손실: 0.5111 | 학습: 77.5% | 검증: 74.1% | lr: 1.00e-03 | 0.5s
  에폭 116/1500 | 손실: 0.5126 | 학습: 78.0% | 검증: 74.7% | lr: 1.00e-03 | 0.5s ★
  에폭 117/1500 | 손실: 0.5106 | 학습: 77.8% | 검증: 74.5% | lr: 1.00e-03 | 0.5s
  에폭 118/1500 | 손실: 0.5080 | 학습: 77.0% | 검증: 73.7% | lr: 1.00e-03 | 0.5s
  에폭 119/1500 | 손실: 0.5130 | 학습: 77.3% | 검증: 74.6% | lr: 1.00e-03 | 0.5s
  에폭 120/1500 | 손실: 0.5099 | 학습: 78.0% | 검증: 74.8% | lr: 1.00e-03 | 0.5s ★
  에폭 121/1500 | 손실: 0.5110 | 학습: 77.9% | 검증: 74.8% | lr: 1.00e-03 | 0.5s
  에폭 122/1500 | 손실: 0.5074 | 학습: 77.7% | 검증: 74.4% | lr: 1.00e-03 | 0.5s
  에폭 123/1500 | 손실: 0.5134 | 학습: 77.7% | 검증: 74.3% | lr: 1.00e-03 | 0.5s
  에폭 124/1500 | 손실: 0.5093 | 학습: 78.1% | 검증: 75.3% | lr: 1.00e-03 | 0.5s ★
  에폭 125/1500 | 손실: 0.5099 | 학습: 77.4% | 검증: 74.3% | lr: 1.00e-03 | 0.5s
  에폭 126/1500 | 손실: 0.5124 | 학습: 77.6% | 검증: 74.4% | lr: 1.00e-03 | 0.5s
  에폭 127/1500 | 손실: 0.5133 | 학습: 77.5% | 검증: 74.7% | lr: 1.00e-03 | 0.5s
  에폭 128/1500 | 손실: 0.5113 | 학습: 77.7% | 검증: 74.6% | lr: 1.00e-03 | 0.5s
  에폭 129/1500 | 손실: 0.5110 | 학습: 77.6% | 검증: 74.8% | lr: 1.00e-03 | 0.5s
  에폭 130/1500 | 손실: 0.5068 | 학습: 77.8% | 검증: 74.3% | lr: 1.00e-03 | 0.5s
  에폭 131/1500 | 손실: 0.5084 | 학습: 78.1% | 검증: 74.7% | lr: 1.00e-03 | 0.5s
  에폭 132/1500 | 손실: 0.5074 | 학습: 78.0% | 검증: 74.8% | lr: 1.00e-03 | 0.5s
  에폭 133/1500 | 손실: 0.5096 | 학습: 77.6% | 검증: 74.2% | lr: 1.00e-03 | 0.5s
  에폭 134/1500 | 손실: 0.5076 | 학습: 77.5% | 검증: 74.4% | lr: 1.00e-03 | 0.5s
  에폭 135/1500 | 손실: 0.5045 | 학습: 77.6% | 검증: 74.2% | lr: 1.00e-03 | 0.5s
  에폭 136/1500 | 손실: 0.5073 | 학습: 77.5% | 검증: 74.5% | lr: 1.00e-03 | 0.5s
  에폭 137/1500 | 손실: 0.5095 | 학습: 78.0% | 검증: 74.7% | lr: 1.00e-03 | 0.5s
  에폭 138/1500 | 손실: 0.5053 | 학습: 77.7% | 검증: 74.3% | lr: 1.00e-03 | 0.5s
  에폭 139/1500 | 손실: 0.5086 | 학습: 78.1% | 검증: 74.9% | lr: 1.00e-03 | 0.5s
  에폭 140/1500 | 손실: 0.5117 | 학습: 77.7% | 검증: 74.7% | lr: 1.00e-03 | 0.5s
  에폭 141/1500 | 손실: 0.5066 | 학습: 78.2% | 검증: 75.0% | lr: 1.00e-03 | 0.5s
  에폭 142/1500 | 손실: 0.5041 | 학습: 78.3% | 검증: 74.9% | lr: 1.00e-03 | 0.5s
  에폭 143/1500 | 손실: 0.5070 | 학습: 78.2% | 검증: 75.7% | lr: 1.00e-03 | 0.5s ★
  에폭 144/1500 | 손실: 0.5122 | 학습: 77.8% | 검증: 74.8% | lr: 1.00e-03 | 0.5s
  에폭 145/1500 | 손실: 0.5067 | 학습: 78.1% | 검증: 74.8% | lr: 1.00e-03 | 0.5s
  에폭 146/1500 | 손실: 0.5091 | 학습: 78.4% | 검증: 74.9% | lr: 1.00e-03 | 0.5s
  에폭 147/1500 | 손실: 0.5069 | 학습: 78.1% | 검증: 74.9% | lr: 1.00e-03 | 0.5s
  에폭 148/1500 | 손실: 0.5094 | 학습: 78.0% | 검증: 74.3% | lr: 1.00e-03 | 0.6s
  에폭 149/1500 | 손실: 0.5054 | 학습: 78.2% | 검증: 74.9% | lr: 1.00e-03 | 0.6s
  에폭 150/1500 | 손실: 0.5061 | 학습: 78.5% | 검증: 74.7% | lr: 1.00e-03 | 0.5s
  에폭 151/1500 | 손실: 0.5067 | 학습: 78.3% | 검증: 74.9% | lr: 1.00e-03 | 0.5s
  에폭 152/1500 | 손실: 0.5077 | 학습: 78.5% | 검증: 75.4% | lr: 1.00e-03 | 0.5s
  에폭 153/1500 | 손실: 0.5041 | 학습: 78.4% | 검증: 75.0% | lr: 1.00e-03 | 0.6s
  에폭 154/1500 | 손실: 0.5047 | 학습: 77.4% | 검증: 73.8% | lr: 1.00e-03 | 0.5s
  에폭 155/1500 | 손실: 0.5049 | 학습: 78.6% | 검증: 75.2% | lr: 1.00e-03 | 0.6s
  에폭 156/1500 | 손실: 0.5050 | 학습: 78.1% | 검증: 75.2% | lr: 1.00e-03 | 0.5s
  에폭 157/1500 | 손실: 0.5036 | 학습: 78.2% | 검증: 74.9% | lr: 1.00e-03 | 0.5s
  에폭 158/1500 | 손실: 0.5012 | 학습: 78.2% | 검증: 74.8% | lr: 1.00e-03 | 0.5s
  에폭 159/1500 | 손실: 0.4987 | 학습: 78.3% | 검증: 74.7% | lr: 1.00e-03 | 0.5s
  에폭 160/1500 | 손실: 0.5008 | 학습: 78.7% | 검증: 75.8% | lr: 1.00e-03 | 0.5s ★
  에폭 161/1500 | 손실: 0.5082 | 학습: 78.0% | 검증: 74.9% | lr: 1.00e-03 | 0.5s
  에폭 162/1500 | 손실: 0.5013 | 학습: 78.5% | 검증: 75.0% | lr: 1.00e-03 | 0.5s
  에폭 163/1500 | 손실: 0.5022 | 학습: 78.5% | 검증: 75.0% | lr: 1.00e-03 | 0.6s
  에폭 164/1500 | 손실: 0.5045 | 학습: 78.4% | 검증: 75.2% | lr: 1.00e-03 | 0.5s
  에폭 165/1500 | 손실: 0.5065 | 학습: 78.8% | 검증: 75.4% | lr: 1.00e-03 | 0.6s
  에폭 166/1500 | 손실: 0.5056 | 학습: 78.6% | 검증: 75.2% | lr: 1.00e-03 | 0.5s
  에폭 167/1500 | 손실: 0.5039 | 학습: 78.2% | 검증: 74.6% | lr: 1.00e-03 | 0.5s
  에폭 168/1500 | 손실: 0.5066 | 학습: 78.3% | 검증: 74.9% | lr: 1.00e-03 | 0.5s
  에폭 169/1500 | 손실: 0.5024 | 학습: 78.5% | 검증: 75.3% | lr: 1.00e-03 | 0.6s
  에폭 170/1500 | 손실: 0.5009 | 학습: 79.0% | 검증: 75.6% | lr: 1.00e-03 | 0.5s
  에폭 171/1500 | 손실: 0.5078 | 학습: 78.9% | 검증: 75.0% | lr: 1.00e-03 | 0.6s
  에폭 172/1500 | 손실: 0.4994 | 학습: 78.6% | 검증: 74.5% | lr: 1.00e-03 | 0.5s
  에폭 173/1500 | 손실: 0.4995 | 학습: 79.0% | 검증: 75.6% | lr: 1.00e-03 | 0.6s
  에폭 174/1500 | 손실: 0.5057 | 학습: 78.6% | 검증: 75.5% | lr: 1.00e-03 | 0.5s
  에폭 175/1500 | 손실: 0.4989 | 학습: 78.6% | 검증: 75.6% | lr: 1.00e-03 | 0.5s
  에폭 176/1500 | 손실: 0.5044 | 학습: 78.9% | 검증: 75.9% | lr: 1.00e-03 | 0.5s ★
  에폭 177/1500 | 손실: 0.5050 | 학습: 78.9% | 검증: 75.7% | lr: 1.00e-03 | 0.5s
  에폭 178/1500 | 손실: 0.5013 | 학습: 78.9% | 검증: 75.1% | lr: 1.00e-03 | 0.5s
  에폭 179/1500 | 손실: 0.5040 | 학습: 79.0% | 검증: 75.3% | lr: 1.00e-03 | 0.5s
  에폭 180/1500 | 손실: 0.4996 | 학습: 78.9% | 검증: 75.9% | lr: 1.00e-03 | 0.6s
  에폭 181/1500 | 손실: 0.5010 | 학습: 78.7% | 검증: 75.5% | lr: 1.00e-03 | 0.5s
  에폭 182/1500 | 손실: 0.5035 | 학습: 78.4% | 검증: 75.1% | lr: 1.00e-03 | 0.5s
  에폭 183/1500 | 손실: 0.4999 | 학습: 78.2% | 검증: 74.7% | lr: 1.00e-03 | 0.5s
  에폭 184/1500 | 손실: 0.5019 | 학습: 79.1% | 검증: 75.8% | lr: 1.00e-03 | 0.5s
  에폭 185/1500 | 손실: 0.4994 | 학습: 78.8% | 검증: 75.6% | lr: 1.00e-03 | 0.5s
  에폭 186/1500 | 손실: 0.5014 | 학습: 78.8% | 검증: 75.4% | lr: 1.00e-03 | 0.5s
  에폭 187/1500 | 손실: 0.5017 | 학습: 78.9% | 검증: 75.5% | lr: 1.00e-03 | 0.5s
  에폭 188/1500 | 손실: 0.5001 | 학습: 78.4% | 검증: 75.2% | lr: 1.00e-03 | 0.6s
  에폭 189/1500 | 손실: 0.5018 | 학습: 78.7% | 검증: 75.3% | lr: 1.00e-03 | 0.5s
  에폭 190/1500 | 손실: 0.5013 | 학습: 79.0% | 검증: 75.2% | lr: 1.00e-03 | 0.5s
  에폭 191/1500 | 손실: 0.4997 | 학습: 79.0% | 검증: 75.8% | lr: 1.00e-03 | 0.5s
  에폭 192/1500 | 손실: 0.4997 | 학습: 78.8% | 검증: 75.4% | lr: 1.00e-03 | 0.5s
  에폭 193/1500 | 손실: 0.4994 | 학습: 78.9% | 검증: 75.5% | lr: 1.00e-03 | 0.5s
  에폭 194/1500 | 손실: 0.5007 | 학습: 79.0% | 검증: 75.6% | lr: 1.00e-03 | 0.5s
  에폭 195/1500 | 손실: 0.5016 | 학습: 78.5% | 검증: 75.2% | lr: 1.00e-03 | 0.5s
  에폭 196/1500 | 손실: 0.5034 | 학습: 78.6% | 검증: 75.2% | lr: 1.00e-03 | 0.5s
  에폭 197/1500 | 손실: 0.5000 | 학습: 78.3% | 검증: 75.1% | lr: 1.00e-03 | 0.6s
  에폭 198/1500 | 손실: 0.4990 | 학습: 78.6% | 검증: 75.2% | lr: 1.00e-03 | 0.6s
  에폭 199/1500 | 손실: 0.4998 | 학습: 78.9% | 검증: 76.2% | lr: 1.00e-03 | 0.5s ★
  에폭 200/1500 | 손실: 0.5001 | 학습: 79.3% | 검증: 75.8% | lr: 1.00e-03 | 0.5s
  에폭 201/1500 | 손실: 0.4996 | 학습: 79.1% | 검증: 76.2% | lr: 1.00e-03 | 0.5s ★
  에폭 202/1500 | 손실: 0.4985 | 학습: 79.1% | 검증: 75.3% | lr: 1.00e-03 | 0.5s
  에폭 203/1500 | 손실: 0.5033 | 학습: 79.2% | 검증: 76.1% | lr: 1.00e-03 | 0.5s
  에폭 204/1500 | 손실: 0.5003 | 학습: 79.1% | 검증: 75.6% | lr: 1.00e-03 | 0.5s
  에폭 205/1500 | 손실: 0.5017 | 학습: 78.9% | 검증: 75.8% | lr: 1.00e-03 | 0.5s
  에폭 206/1500 | 손실: 0.5002 | 학습: 79.0% | 검증: 75.7% | lr: 1.00e-03 | 0.5s
  에폭 207/1500 | 손실: 0.4976 | 학습: 78.9% | 검증: 75.6% | lr: 1.00e-03 | 0.5s
  에폭 208/1500 | 손실: 0.4997 | 학습: 79.1% | 검증: 76.1% | lr: 1.00e-03 | 0.5s
  에폭 209/1500 | 손실: 0.4982 | 학습: 78.8% | 검증: 75.5% | lr: 1.00e-03 | 0.5s
  에폭 210/1500 | 손실: 0.4964 | 학습: 79.3% | 검증: 75.7% | lr: 1.00e-03 | 0.6s
  에폭 211/1500 | 손실: 0.4988 | 학습: 79.0% | 검증: 76.1% | lr: 1.00e-03 | 0.5s
  에폭 212/1500 | 손실: 0.4971 | 학습: 79.3% | 검증: 76.4% | lr: 1.00e-03 | 0.5s ★
  에폭 213/1500 | 손실: 0.5001 | 학습: 79.1% | 검증: 76.1% | lr: 1.00e-03 | 0.5s
  에폭 214/1500 | 손실: 0.4993 | 학습: 78.9% | 검증: 75.2% | lr: 1.00e-03 | 0.5s
  에폭 215/1500 | 손실: 0.4956 | 학습: 79.1% | 검증: 75.8% | lr: 1.00e-03 | 0.5s
  에폭 216/1500 | 손실: 0.4944 | 학습: 78.6% | 검증: 75.0% | lr: 1.00e-03 | 0.5s
  에폭 217/1500 | 손실: 0.4964 | 학습: 79.2% | 검증: 75.4% | lr: 1.00e-03 | 0.5s
  에폭 218/1500 | 손실: 0.4971 | 학습: 79.6% | 검증: 76.1% | lr: 1.00e-03 | 0.5s
  에폭 219/1500 | 손실: 0.4932 | 학습: 79.0% | 검증: 75.5% | lr: 1.00e-03 | 0.5s
  에폭 220/1500 | 손실: 0.5007 | 학습: 78.5% | 검증: 75.3% | lr: 1.00e-03 | 0.5s
  에폭 221/1500 | 손실: 0.4956 | 학습: 79.1% | 검증: 76.0% | lr: 1.00e-03 | 0.5s
  에폭 222/1500 | 손실: 0.4962 | 학습: 78.7% | 검증: 75.1% | lr: 1.00e-03 | 0.5s
  에폭 223/1500 | 손실: 0.4927 | 학습: 79.5% | 검증: 76.1% | lr: 1.00e-03 | 0.5s
  에폭 224/1500 | 손실: 0.4980 | 학습: 78.7% | 검증: 75.4% | lr: 1.00e-03 | 0.5s
  에폭 225/1500 | 손실: 0.5004 | 학습: 79.2% | 검증: 75.4% | lr: 1.00e-03 | 0.5s
  에폭 226/1500 | 손실: 0.4946 | 학습: 78.9% | 검증: 75.7% | lr: 1.00e-03 | 0.5s
  에폭 227/1500 | 손실: 0.4967 | 학습: 79.1% | 검증: 75.5% | lr: 1.00e-03 | 0.5s
  에폭 228/1500 | 손실: 0.4966 | 학습: 78.7% | 검증: 75.6% | lr: 1.00e-03 | 0.5s
  에폭 229/1500 | 손실: 0.4980 | 학습: 78.6% | 검증: 75.1% | lr: 1.00e-03 | 0.6s
  에폭 230/1500 | 손실: 0.4996 | 학습: 79.1% | 검증: 75.7% | lr: 1.00e-03 | 0.5s
  에폭 231/1500 | 손실: 0.4956 | 학습: 78.9% | 검증: 76.0% | lr: 1.00e-03 | 0.5s
  에폭 232/1500 | 손실: 0.4934 | 학습: 78.8% | 검증: 75.2% | lr: 1.00e-03 | 0.5s
  에폭 233/1500 | 손실: 0.5002 | 학습: 79.6% | 검증: 75.7% | lr: 1.00e-03 | 0.5s
  에폭 234/1500 | 손실: 0.4940 | 학습: 79.5% | 검증: 75.9% | lr: 1.00e-03 | 0.5s
  에폭 235/1500 | 손실: 0.4984 | 학습: 79.1% | 검증: 75.7% | lr: 1.00e-03 | 0.6s
  에폭 236/1500 | 손실: 0.4961 | 학습: 79.1% | 검증: 76.1% | lr: 1.00e-03 | 0.5s
  에폭 237/1500 | 손실: 0.4984 | 학습: 79.2% | 검증: 75.6% | lr: 1.00e-03 | 0.5s
  에폭 238/1500 | 손실: 0.4941 | 학습: 79.3% | 검증: 75.7% | lr: 1.00e-03 | 0.5s
  에폭 239/1500 | 손실: 0.4988 | 학습: 78.9% | 검증: 75.7% | lr: 1.00e-03 | 0.5s
  에폭 240/1500 | 손실: 0.4937 | 학습: 79.5% | 검증: 76.0% | lr: 1.00e-03 | 0.5s
  에폭 241/1500 | 손실: 0.4985 | 학습: 79.7% | 검증: 76.0% | lr: 1.00e-03 | 0.5s
  에폭 242/1500 | 손실: 0.4982 | 학습: 79.5% | 검증: 75.7% | lr: 1.00e-03 | 0.5s
  에폭 243/1500 | 손실: 0.4959 | 학습: 79.2% | 검증: 75.4% | lr: 1.00e-03 | 0.5s
  에폭 244/1500 | 손실: 0.4946 | 학습: 78.8% | 검증: 75.7% | lr: 1.00e-03 | 0.5s
  에폭 245/1500 | 손실: 0.4933 | 학습: 79.4% | 검증: 76.0% | lr: 1.00e-03 | 0.6s
  에폭 246/1500 | 손실: 0.4943 | 학습: 79.0% | 검증: 75.1% | lr: 1.00e-03 | 0.5s
  에폭 247/1500 | 손실: 0.4974 | 학습: 79.3% | 검증: 75.7% | lr: 1.00e-03 | 0.5s
  에폭 248/1500 | 손실: 0.4992 | 학습: 79.1% | 검증: 75.8% | lr: 1.00e-03 | 0.5s
  에폭 249/1500 | 손실: 0.4952 | 학습: 79.6% | 검증: 75.9% | lr: 1.00e-03 | 0.5s
  에폭 250/1500 | 손실: 0.4940 | 학습: 79.6% | 검증: 76.2% | lr: 1.00e-03 | 0.6s
  에폭 251/1500 | 손실: 0.4969 | 학습: 79.3% | 검증: 75.7% | lr: 1.00e-03 | 0.5s
  에폭 252/1500 | 손실: 0.4960 | 학습: 79.8% | 검증: 76.4% | lr: 1.00e-03 | 0.5s
  에폭 253/1500 | 손실: 0.4931 | 학습: 79.3% | 검증: 75.5% | lr: 1.00e-03 | 0.5s
  에폭 254/1500 | 손실: 0.4923 | 학습: 79.6% | 검증: 75.7% | lr: 1.00e-03 | 0.5s
  에폭 255/1500 | 손실: 0.4985 | 학습: 79.0% | 검증: 75.3% | lr: 1.00e-03 | 0.5s
  에폭 256/1500 | 손실: 0.4953 | 학습: 79.5% | 검증: 76.2% | lr: 1.00e-03 | 0.5s
  에폭 257/1500 | 손실: 0.4946 | 학습: 79.6% | 검증: 76.2% | lr: 1.00e-03 | 0.5s
  에폭 258/1500 | 손실: 0.4946 | 학습: 79.8% | 검증: 75.9% | lr: 1.00e-03 | 0.5s
  에폭 259/1500 | 손실: 0.4922 | 학습: 79.7% | 검증: 76.0% | lr: 1.00e-03 | 0.6s
  에폭 260/1500 | 손실: 0.4958 | 학습: 79.6% | 검증: 75.9% | lr: 1.00e-03 | 0.5s
  에폭 261/1500 | 손실: 0.4940 | 학습: 79.6% | 검증: 76.2% | lr: 1.00e-03 | 0.5s
  에폭 262/1500 | 손실: 0.4946 | 학습: 79.8% | 검증: 75.7% | lr: 1.00e-03 | 0.5s
  에폭 263/1500 | 손실: 0.4951 | 학습: 79.6% | 검증: 76.0% | lr: 1.00e-03 | 0.5s
  에폭 264/1500 | 손실: 0.4956 | 학습: 80.0% | 검증: 76.4% | lr: 1.00e-03 | 0.5s ★
  에폭 265/1500 | 손실: 0.4941 | 학습: 80.0% | 검증: 76.4% | lr: 1.00e-03 | 0.5s
  에폭 266/1500 | 손실: 0.4950 | 학습: 79.3% | 검증: 75.8% | lr: 1.00e-03 | 0.5s
  에폭 267/1500 | 손실: 0.4942 | 학습: 79.6% | 검증: 76.1% | lr: 1.00e-03 | 0.5s
  에폭 268/1500 | 손실: 0.4948 | 학습: 79.4% | 검증: 76.3% | lr: 1.00e-03 | 0.5s
  에폭 269/1500 | 손실: 0.4932 | 학습: 79.7% | 검증: 76.1% | lr: 1.00e-03 | 0.5s
  에폭 270/1500 | 손실: 0.4925 | 학습: 79.1% | 검증: 75.9% | lr: 1.00e-03 | 0.6s
  에폭 271/1500 | 손실: 0.4934 | 학습: 79.2% | 검증: 76.1% | lr: 1.00e-03 | 0.5s
  에폭 272/1500 | 손실: 0.4932 | 학습: 79.7% | 검증: 76.2% | lr: 1.00e-03 | 0.5s
  에폭 273/1500 | 손실: 0.4977 | 학습: 79.7% | 검증: 76.0% | lr: 1.00e-03 | 0.5s
  에폭 274/1500 | 손실: 0.4917 | 학습: 79.7% | 검증: 76.2% | lr: 1.00e-03 | 0.5s
  에폭 275/1500 | 손실: 0.4896 | 학습: 79.3% | 검증: 76.1% | lr: 1.00e-03 | 0.5s
  에폭 276/1500 | 손실: 0.4914 | 학습: 79.3% | 검증: 75.3% | lr: 1.00e-03 | 0.5s
  에폭 277/1500 | 손실: 0.4942 | 학습: 79.4% | 검증: 75.9% | lr: 1.00e-03 | 0.5s
  에폭 278/1500 | 손실: 0.4936 | 학습: 79.8% | 검증: 76.0% | lr: 1.00e-03 | 0.5s
  에폭 279/1500 | 손실: 0.4925 | 학습: 79.2% | 검증: 76.0% | lr: 1.00e-03 | 0.5s
  에폭 280/1500 | 손실: 0.4883 | 학습: 79.8% | 검증: 76.7% | lr: 1.00e-03 | 0.5s ★
  에폭 281/1500 | 손실: 0.4954 | 학습: 78.7% | 검증: 75.3% | lr: 1.00e-03 | 0.5s
  에폭 282/1500 | 손실: 0.4950 | 학습: 79.7% | 검증: 76.3% | lr: 1.00e-03 | 0.5s
  에폭 283/1500 | 손실: 0.4948 | 학습: 79.7% | 검증: 76.3% | lr: 1.00e-03 | 0.5s
  에폭 284/1500 | 손실: 0.4927 | 학습: 79.1% | 검증: 76.2% | lr: 1.00e-03 | 0.5s
  에폭 285/1500 | 손실: 0.4942 | 학습: 79.6% | 검증: 76.3% | lr: 1.00e-03 | 0.5s
  에폭 286/1500 | 손실: 0.4934 | 학습: 79.7% | 검증: 75.9% | lr: 1.00e-03 | 0.5s
  에폭 287/1500 | 손실: 0.4912 | 학습: 79.4% | 검증: 75.9% | lr: 1.00e-03 | 0.5s
  에폭 288/1500 | 손실: 0.4930 | 학습: 79.4% | 검증: 76.3% | lr: 1.00e-03 | 0.5s
  에폭 289/1500 | 손실: 0.4945 | 학습: 80.1% | 검증: 76.6% | lr: 1.00e-03 | 0.5s
  에폭 290/1500 | 손실: 0.4955 | 학습: 79.8% | 검증: 76.0% | lr: 1.00e-03 | 0.5s
  에폭 291/1500 | 손실: 0.4974 | 학습: 79.5% | 검증: 75.6% | lr: 1.00e-03 | 0.5s
  에폭 292/1500 | 손실: 0.4927 | 학습: 79.4% | 검증: 75.5% | lr: 1.00e-03 | 0.5s
  에폭 293/1500 | 손실: 0.4928 | 학습: 79.6% | 검증: 76.5% | lr: 1.00e-03 | 0.5s
  에폭 294/1500 | 손실: 0.4895 | 학습: 80.0% | 검증: 76.3% | lr: 1.00e-03 | 0.5s
  에폭 295/1500 | 손실: 0.4903 | 학습: 79.9% | 검증: 76.6% | lr: 1.00e-03 | 0.5s
  에폭 296/1500 | 손실: 0.4921 | 학습: 79.6% | 검증: 76.4% | lr: 1.00e-03 | 0.5s
  에폭 297/1500 | 손실: 0.4948 | 학습: 79.4% | 검증: 75.7% | lr: 1.00e-03 | 0.5s
  에폭 298/1500 | 손실: 0.4936 | 학습: 79.5% | 검증: 76.0% | lr: 1.00e-03 | 0.5s
  에폭 299/1500 | 손실: 0.4922 | 학습: 79.4% | 검증: 76.0% | lr: 1.00e-03 | 0.5s
  에폭 300/1500 | 손실: 0.4884 | 학습: 79.3% | 검증: 76.2% | lr: 1.00e-03 | 0.5s
  에폭 301/1500 | 손실: 0.4932 | 학습: 79.8% | 검증: 76.1% | lr: 1.00e-03 | 0.5s
  에폭 302/1500 | 손실: 0.4936 | 학습: 79.6% | 검증: 76.1% | lr: 1.00e-03 | 0.5s
  에폭 303/1500 | 손실: 0.4900 | 학습: 79.6% | 검증: 76.0% | lr: 1.00e-03 | 0.5s
  에폭 304/1500 | 손실: 0.4918 | 학습: 79.8% | 검증: 75.8% | lr: 1.00e-03 | 0.5s
  에폭 305/1500 | 손실: 0.4885 | 학습: 79.7% | 검증: 76.0% | lr: 1.00e-03 | 0.5s
  에폭 306/1500 | 손실: 0.4923 | 학습: 79.2% | 검증: 75.8% | lr: 1.00e-03 | 0.5s
  에폭 307/1500 | 손실: 0.4909 | 학습: 79.9% | 검증: 76.4% | lr: 1.00e-03 | 0.5s
  에폭 308/1500 | 손실: 0.4925 | 학습: 79.7% | 검증: 76.1% | lr: 1.00e-03 | 0.5s
  에폭 309/1500 | 손실: 0.4902 | 학습: 79.9% | 검증: 76.6% | lr: 1.00e-03 | 0.5s
  에폭 310/1500 | 손실: 0.4941 | 학습: 79.5% | 검증: 75.9% | lr: 1.00e-03 | 0.6s
  에폭 311/1500 | 손실: 0.4938 | 학습: 80.1% | 검증: 76.7% | lr: 1.00e-03 | 0.5s ★
  에폭 312/1500 | 손실: 0.4906 | 학습: 80.0% | 검증: 76.3% | lr: 1.00e-03 | 0.5s
  에폭 313/1500 | 손실: 0.4934 | 학습: 79.7% | 검증: 76.5% | lr: 1.00e-03 | 0.5s
  에폭 314/1500 | 손실: 0.4921 | 학습: 79.6% | 검증: 76.0% | lr: 1.00e-03 | 0.5s
  에폭 315/1500 | 손실: 0.4919 | 학습: 79.7% | 검증: 75.8% | lr: 1.00e-03 | 0.5s
  에폭 316/1500 | 손실: 0.4933 | 학습: 79.8% | 검증: 76.5% | lr: 1.00e-03 | 0.5s
  에폭 317/1500 | 손실: 0.4909 | 학습: 80.0% | 검증: 76.8% | lr: 1.00e-03 | 0.5s ★
  에폭 318/1500 | 손실: 0.4854 | 학습: 79.8% | 검증: 76.2% | lr: 1.00e-03 | 0.5s
  에폭 319/1500 | 손실: 0.4920 | 학습: 80.0% | 검증: 76.3% | lr: 1.00e-03 | 0.5s
  에폭 320/1500 | 손실: 0.4855 | 학습: 80.2% | 검증: 76.5% | lr: 1.00e-03 | 0.5s
  에폭 321/1500 | 손실: 0.4890 | 학습: 80.0% | 검증: 76.7% | lr: 1.00e-03 | 0.6s
  에폭 322/1500 | 손실: 0.4951 | 학습: 80.3% | 검증: 77.1% | lr: 1.00e-03 | 0.5s ★
  에폭 323/1500 | 손실: 0.4928 | 학습: 80.1% | 검증: 76.5% | lr: 1.00e-03 | 0.5s
  에폭 324/1500 | 손실: 0.4892 | 학습: 80.3% | 검증: 76.7% | lr: 1.00e-03 | 0.5s
  에폭 325/1500 | 손실: 0.4904 | 학습: 80.5% | 검증: 76.6% | lr: 1.00e-03 | 0.5s
  에폭 326/1500 | 손실: 0.4923 | 학습: 79.7% | 검증: 75.9% | lr: 1.00e-03 | 0.5s
  에폭 327/1500 | 손실: 0.4908 | 학습: 80.3% | 검증: 76.6% | lr: 1.00e-03 | 0.5s
  에폭 328/1500 | 손실: 0.4913 | 학습: 79.8% | 검증: 76.6% | lr: 1.00e-03 | 0.5s
  에폭 329/1500 | 손실: 0.4918 | 학습: 80.0% | 검증: 76.3% | lr: 1.00e-03 | 0.5s
  에폭 330/1500 | 손실: 0.4933 | 학습: 80.2% | 검증: 76.0% | lr: 1.00e-03 | 0.5s
  에폭 331/1500 | 손실: 0.4911 | 학습: 80.1% | 검증: 76.5% | lr: 1.00e-03 | 0.5s
  에폭 332/1500 | 손실: 0.4852 | 학습: 80.1% | 검증: 76.6% | lr: 1.00e-03 | 0.5s
  에폭 333/1500 | 손실: 0.4882 | 학습: 80.5% | 검증: 76.9% | lr: 1.00e-03 | 0.5s
  에폭 334/1500 | 손실: 0.4892 | 학습: 79.5% | 검증: 76.1% | lr: 1.00e-03 | 0.5s
  에폭 335/1500 | 손실: 0.4924 | 학습: 80.0% | 검증: 76.7% | lr: 1.00e-03 | 0.5s
  에폭 336/1500 | 손실: 0.4888 | 학습: 79.8% | 검증: 76.4% | lr: 1.00e-03 | 0.5s
  에폭 337/1500 | 손실: 0.4967 | 학습: 79.6% | 검증: 75.9% | lr: 1.00e-03 | 0.5s
  에폭 338/1500 | 손실: 0.4901 | 학습: 80.2% | 검증: 76.3% | lr: 1.00e-03 | 0.5s
  에폭 339/1500 | 손실: 0.4921 | 학습: 79.8% | 검증: 76.4% | lr: 1.00e-03 | 0.5s
  에폭 340/1500 | 손실: 0.4885 | 학습: 80.3% | 검증: 77.2% | lr: 1.00e-03 | 0.5s ★
  에폭 341/1500 | 손실: 0.4914 | 학습: 80.1% | 검증: 76.7% | lr: 1.00e-03 | 0.5s
  에폭 342/1500 | 손실: 0.4927 | 학습: 79.9% | 검증: 76.6% | lr: 1.00e-03 | 0.5s
  에폭 343/1500 | 손실: 0.4899 | 학습: 80.3% | 검증: 76.9% | lr: 1.00e-03 | 0.5s
  에폭 344/1500 | 손실: 0.4905 | 학습: 80.3% | 검증: 77.1% | lr: 1.00e-03 | 0.5s
  에폭 345/1500 | 손실: 0.4903 | 학습: 80.0% | 검증: 76.7% | lr: 1.00e-03 | 0.6s
  에폭 346/1500 | 손실: 0.4880 | 학습: 80.0% | 검증: 76.4% | lr: 1.00e-03 | 0.5s
  에폭 347/1500 | 손실: 0.4899 | 학습: 80.0% | 검증: 76.5% | lr: 1.00e-03 | 0.5s
  에폭 348/1500 | 손실: 0.4943 | 학습: 79.8% | 검증: 76.6% | lr: 1.00e-03 | 0.5s
  에폭 349/1500 | 손실: 0.4943 | 학습: 79.7% | 검증: 76.1% | lr: 1.00e-03 | 0.5s
  에폭 350/1500 | 손실: 0.4887 | 학습: 80.3% | 검증: 76.4% | lr: 1.00e-03 | 0.6s
  에폭 351/1500 | 손실: 0.4850 | 학습: 80.4% | 검증: 76.8% | lr: 1.00e-03 | 0.5s
  에폭 352/1500 | 손실: 0.4920 | 학습: 80.4% | 검증: 76.5% | lr: 1.00e-03 | 0.5s
  에폭 353/1500 | 손실: 0.4889 | 학습: 80.2% | 검증: 76.7% | lr: 1.00e-03 | 0.5s
  에폭 354/1500 | 손실: 0.4936 | 학습: 79.9% | 검증: 76.1% | lr: 1.00e-03 | 0.5s
  에폭 355/1500 | 손실: 0.4874 | 학습: 79.7% | 검증: 76.0% | lr: 1.00e-03 | 0.6s
  에폭 356/1500 | 손실: 0.4890 | 학습: 80.3% | 검증: 76.6% | lr: 1.00e-03 | 0.5s
  에폭 357/1500 | 손실: 0.4885 | 학습: 80.5% | 검증: 76.4% | lr: 1.00e-03 | 0.6s
  에폭 358/1500 | 손실: 0.4888 | 학습: 80.0% | 검증: 76.4% | lr: 1.00e-03 | 0.6s
  에폭 359/1500 | 손실: 0.4899 | 학습: 80.2% | 검증: 76.4% | lr: 1.00e-03 | 0.5s
  에폭 360/1500 | 손실: 0.4850 | 학습: 80.3% | 검증: 77.0% | lr: 1.00e-03 | 0.6s
  에폭 361/1500 | 손실: 0.4883 | 학습: 79.8% | 검증: 76.0% | lr: 1.00e-03 | 0.6s
  에폭 362/1500 | 손실: 0.4874 | 학습: 80.5% | 검증: 76.8% | lr: 1.00e-03 | 0.7s
  에폭 363/1500 | 손실: 0.4855 | 학습: 79.9% | 검증: 76.1% | lr: 1.00e-03 | 0.7s
  에폭 364/1500 | 손실: 0.4919 | 학습: 80.5% | 검증: 76.8% | lr: 1.00e-03 | 0.7s
  에폭 365/1500 | 손실: 0.4860 | 학습: 80.2% | 검증: 76.5% | lr: 1.00e-03 | 0.5s
  에폭 366/1500 | 손실: 0.4857 | 학습: 80.4% | 검증: 76.4% | lr: 1.00e-03 | 0.6s
  에폭 367/1500 | 손실: 0.4877 | 학습: 80.1% | 검증: 75.9% | lr: 1.00e-03 | 0.6s
  에폭 368/1500 | 손실: 0.4929 | 학습: 80.4% | 검증: 76.4% | lr: 1.00e-03 | 0.5s
  에폭 369/1500 | 손실: 0.4902 | 학습: 80.1% | 검증: 76.2% | lr: 1.00e-03 | 0.5s
  에폭 370/1500 | 손실: 0.4921 | 학습: 80.1% | 검증: 76.1% | lr: 1.00e-03 | 0.5s
  에폭 371/1500 | 손실: 0.4900 | 학습: 80.7% | 검증: 76.8% | lr: 1.00e-03 | 0.5s
  에폭 372/1500 | 손실: 0.4884 | 학습: 80.2% | 검증: 76.7% | lr: 1.00e-03 | 0.5s
  에폭 373/1500 | 손실: 0.4919 | 학습: 80.5% | 검증: 76.7% | lr: 1.00e-03 | 0.5s
  에폭 374/1500 | 손실: 0.4888 | 학습: 80.1% | 검증: 76.5% | lr: 1.00e-03 | 0.5s
  에폭 375/1500 | 손실: 0.4880 | 학습: 80.4% | 검증: 76.5% | lr: 1.00e-03 | 0.5s
  에폭 376/1500 | 손실: 0.4908 | 학습: 80.2% | 검증: 76.3% | lr: 1.00e-03 | 0.5s
  에폭 377/1500 | 손실: 0.4876 | 학습: 80.1% | 검증: 76.1% | lr: 1.00e-03 | 0.5s
  에폭 378/1500 | 손실: 0.4896 | 학습: 80.1% | 검증: 76.2% | lr: 1.00e-03 | 0.5s
  에폭 379/1500 | 손실: 0.4917 | 학습: 80.0% | 검증: 75.4% | lr: 1.00e-03 | 0.5s
  에폭 380/1500 | 손실: 0.4876 | 학습: 80.0% | 검증: 75.8% | lr: 1.00e-03 | 0.5s
  에폭 381/1500 | 손실: 0.4874 | 학습: 80.2% | 검증: 76.2% | lr: 1.00e-03 | 0.5s
  에폭 382/1500 | 손실: 0.4872 | 학습: 80.2% | 검증: 76.0% | lr: 1.00e-03 | 0.5s
  에폭 383/1500 | 손실: 0.4907 | 학습: 80.4% | 검증: 76.4% | lr: 1.00e-03 | 0.5s
  에폭 384/1500 | 손실: 0.4850 | 학습: 80.0% | 검증: 76.1% | lr: 1.00e-03 | 0.5s
  에폭 385/1500 | 손실: 0.4892 | 학습: 80.2% | 검증: 76.3% | lr: 1.00e-03 | 0.5s
  에폭 386/1500 | 손실: 0.4872 | 학습: 80.3% | 검증: 76.5% | lr: 1.00e-03 | 0.5s
  에폭 387/1500 | 손실: 0.4825 | 학습: 80.3% | 검증: 76.7% | lr: 1.00e-03 | 0.5s
  에폭 388/1500 | 손실: 0.4864 | 학습: 79.9% | 검증: 76.3% | lr: 1.00e-03 | 0.5s
  에폭 389/1500 | 손실: 0.4844 | 학습: 80.2% | 검증: 76.0% | lr: 1.00e-03 | 0.5s
  에폭 390/1500 | 손실: 0.4897 | 학습: 79.9% | 검증: 75.6% | lr: 1.00e-03 | 0.5s
  에폭 391/1500 | 손실: 0.4910 | 학습: 80.8% | 검증: 76.6% | lr: 1.00e-03 | 0.5s
  에폭 392/1500 | 손실: 0.4851 | 학습: 80.0% | 검증: 76.4% | lr: 1.00e-03 | 0.5s
  에폭 393/1500 | 손실: 0.4855 | 학습: 80.6% | 검증: 77.0% | lr: 1.00e-03 | 0.5s
  에폭 394/1500 | 손실: 0.4902 | 학습: 80.0% | 검증: 76.1% | lr: 1.00e-03 | 0.5s
  에폭 395/1500 | 손실: 0.4909 | 학습: 80.4% | 검증: 76.3% | lr: 1.00e-03 | 0.5s
  에폭 396/1500 | 손실: 0.4889 | 학습: 80.4% | 검증: 76.6% | lr: 1.00e-03 | 0.5s
  에폭 397/1500 | 손실: 0.4930 | 학습: 80.3% | 검증: 76.9% | lr: 1.00e-03 | 0.5s
  에폭 398/1500 | 손실: 0.4879 | 학습: 80.4% | 검증: 76.4% | lr: 1.00e-03 | 0.6s
  에폭 399/1500 | 손실: 0.4861 | 학습: 80.5% | 검증: 76.5% | lr: 1.00e-03 | 0.5s
  에폭 400/1500 | 손실: 0.4873 | 학습: 80.3% | 검증: 76.7% | lr: 1.00e-03 | 0.7s
  에폭 401/1500 | 손실: 0.4916 | 학습: 80.1% | 검증: 76.5% | lr: 1.00e-03 | 0.5s
  에폭 402/1500 | 손실: 0.4846 | 학습: 80.7% | 검증: 76.7% | lr: 1.00e-03 | 0.5s
  에폭 403/1500 | 손실: 0.4887 | 학습: 79.8% | 검증: 76.6% | lr: 1.00e-03 | 0.5s
  에폭 404/1500 | 손실: 0.4919 | 학습: 79.7% | 검증: 76.2% | lr: 1.00e-03 | 0.6s
  에폭 405/1500 | 손실: 0.4857 | 학습: 79.6% | 검증: 76.4% | lr: 1.00e-03 | 0.6s
  에폭 406/1500 | 손실: 0.4884 | 학습: 79.9% | 검증: 76.6% | lr: 1.00e-03 | 0.5s
  에폭 407/1500 | 손실: 0.4896 | 학습: 79.7% | 검증: 76.0% | lr: 1.00e-03 | 0.5s
  에폭 408/1500 | 손실: 0.4875 | 학습: 80.0% | 검증: 76.5% | lr: 1.00e-03 | 0.7s
  에폭 409/1500 | 손실: 0.4847 | 학습: 80.7% | 검증: 76.7% | lr: 1.00e-03 | 0.5s
  에폭 410/1500 | 손실: 0.4901 | 학습: 80.2% | 검증: 76.7% | lr: 1.00e-03 | 0.7s
  에폭 411/1500 | 손실: 0.4849 | 학습: 80.0% | 검증: 76.3% | lr: 1.00e-03 | 0.5s
  에폭 412/1500 | 손실: 0.4845 | 학습: 80.1% | 검증: 76.5% | lr: 1.00e-03 | 0.5s
  에폭 413/1500 | 손실: 0.4869 | 학습: 80.1% | 검증: 76.2% | lr: 1.00e-03 | 0.5s
  에폭 414/1500 | 손실: 0.4849 | 학습: 80.4% | 검증: 77.0% | lr: 1.00e-03 | 0.5s
  에폭 415/1500 | 손실: 0.4879 | 학습: 79.6% | 검증: 76.4% | lr: 1.00e-03 | 0.5s
  에폭 416/1500 | 손실: 0.4858 | 학습: 80.3% | 검증: 76.6% | lr: 1.00e-03 | 0.5s
  에폭 417/1500 | 손실: 0.4868 | 학습: 80.8% | 검증: 76.9% | lr: 1.00e-03 | 0.5s
  에폭 418/1500 | 손실: 0.4851 | 학습: 80.2% | 검증: 77.4% | lr: 1.00e-03 | 0.5s ★
  에폭 419/1500 | 손실: 0.4899 | 학습: 80.9% | 검증: 77.0% | lr: 1.00e-03 | 0.5s
  에폭 420/1500 | 손실: 0.4894 | 학습: 80.5% | 검증: 76.6% | lr: 1.00e-03 | 0.5s
  에폭 421/1500 | 손실: 0.4882 | 학습: 80.5% | 검증: 76.6% | lr: 1.00e-03 | 0.5s
  에폭 422/1500 | 손실: 0.4883 | 학습: 80.3% | 검증: 77.1% | lr: 1.00e-03 | 0.5s
  에폭 423/1500 | 손실: 0.4849 | 학습: 80.4% | 검증: 76.6% | lr: 1.00e-03 | 0.5s
  에폭 424/1500 | 손실: 0.4839 | 학습: 80.1% | 검증: 76.6% | lr: 1.00e-03 | 0.5s
  에폭 425/1500 | 손실: 0.4902 | 학습: 80.5% | 검증: 76.8% | lr: 1.00e-03 | 0.5s
  에폭 426/1500 | 손실: 0.4845 | 학습: 80.2% | 검증: 76.6% | lr: 1.00e-03 | 0.5s
  에폭 427/1500 | 손실: 0.4857 | 학습: 79.8% | 검증: 75.6% | lr: 1.00e-03 | 0.5s
  에폭 428/1500 | 손실: 0.4848 | 학습: 79.9% | 검증: 75.7% | lr: 1.00e-03 | 0.5s
  에폭 429/1500 | 손실: 0.4844 | 학습: 80.4% | 검증: 77.1% | lr: 1.00e-03 | 0.5s
  에폭 430/1500 | 손실: 0.4824 | 학습: 80.5% | 검증: 76.9% | lr: 1.00e-03 | 0.5s
  에폭 431/1500 | 손실: 0.4909 | 학습: 79.7% | 검증: 76.4% | lr: 1.00e-03 | 0.5s
  에폭 432/1500 | 손실: 0.4888 | 학습: 80.2% | 검증: 76.5% | lr: 1.00e-03 | 0.5s
  에폭 433/1500 | 손실: 0.4820 | 학습: 80.5% | 검증: 76.8% | lr: 1.00e-03 | 0.6s
  에폭 434/1500 | 손실: 0.4829 | 학습: 79.9% | 검증: 76.4% | lr: 1.00e-03 | 0.5s
  에폭 435/1500 | 손실: 0.4876 | 학습: 80.9% | 검증: 76.7% | lr: 1.00e-03 | 0.5s
  에폭 436/1500 | 손실: 0.4836 | 학습: 80.7% | 검증: 77.2% | lr: 1.00e-03 | 0.5s
  에폭 437/1500 | 손실: 0.4886 | 학습: 80.6% | 검증: 76.8% | lr: 1.00e-03 | 0.5s
  에폭 438/1500 | 손실: 0.4876 | 학습: 80.5% | 검증: 76.7% | lr: 1.00e-03 | 0.6s
  에폭 439/1500 | 손실: 0.4865 | 학습: 80.5% | 검증: 76.5% | lr: 1.00e-03 | 0.6s
  에폭 440/1500 | 손실: 0.4884 | 학습: 80.9% | 검증: 77.4% | lr: 1.00e-03 | 0.6s
  에폭 441/1500 | 손실: 0.4880 | 학습: 80.7% | 검증: 77.0% | lr: 1.00e-03 | 0.6s
  에폭 442/1500 | 손실: 0.4871 | 학습: 80.9% | 검증: 77.2% | lr: 1.00e-03 | 0.7s
  에폭 443/1500 | 손실: 0.4856 | 학습: 80.3% | 검증: 77.0% | lr: 1.00e-03 | 0.5s
  에폭 444/1500 | 손실: 0.4882 | 학습: 80.3% | 검증: 76.6% | lr: 1.00e-03 | 0.6s
  에폭 445/1500 | 손실: 0.4834 | 학습: 80.4% | 검증: 77.1% | lr: 1.00e-03 | 0.5s
  에폭 446/1500 | 손실: 0.4896 | 학습: 80.5% | 검증: 76.7% | lr: 1.00e-03 | 0.5s
  에폭 447/1500 | 손실: 0.4873 | 학습: 80.5% | 검증: 76.4% | lr: 1.00e-03 | 0.5s
  에폭 448/1500 | 손실: 0.4867 | 학습: 80.0% | 검증: 76.6% | lr: 1.00e-03 | 0.5s
  에폭 449/1500 | 손실: 0.4884 | 학습: 80.8% | 검증: 77.0% | lr: 1.00e-03 | 0.5s
  에폭 450/1500 | 손실: 0.4905 | 학습: 80.2% | 검증: 76.6% | lr: 1.00e-03 | 0.5s
  에폭 451/1500 | 손실: 0.4926 | 학습: 80.0% | 검증: 76.3% | lr: 1.00e-03 | 0.5s
  에폭 452/1500 | 손실: 0.4854 | 학습: 80.7% | 검증: 76.9% | lr: 1.00e-03 | 0.5s
  에폭 453/1500 | 손실: 0.4865 | 학습: 80.2% | 검증: 76.3% | lr: 1.00e-03 | 0.5s
  에폭 454/1500 | 손실: 0.4877 | 학습: 80.6% | 검증: 76.2% | lr: 1.00e-03 | 0.5s
  에폭 455/1500 | 손실: 0.4904 | 학습: 80.5% | 검증: 76.3% | lr: 1.00e-03 | 0.6s
  에폭 456/1500 | 손실: 0.4897 | 학습: 80.7% | 검증: 76.9% | lr: 1.00e-03 | 0.5s
  에폭 457/1500 | 손실: 0.4839 | 학습: 80.6% | 검증: 77.2% | lr: 1.00e-03 | 0.5s
  에폭 458/1500 | 손실: 0.4869 | 학습: 80.6% | 검증: 76.7% | lr: 1.00e-03 | 0.5s
  에폭 459/1500 | 손실: 0.4835 | 학습: 80.5% | 검증: 76.9% | lr: 1.00e-03 | 0.5s
  에폭 460/1500 | 손실: 0.4829 | 학습: 80.6% | 검증: 76.9% | lr: 1.00e-03 | 0.5s
  에폭 461/1500 | 손실: 0.4881 | 학습: 80.7% | 검증: 76.9% | lr: 1.00e-03 | 0.5s
  에폭 462/1500 | 손실: 0.4888 | 학습: 80.5% | 검증: 76.9% | lr: 1.00e-03 | 0.5s
  에폭 463/1500 | 손실: 0.4890 | 학습: 81.0% | 검증: 77.6% | lr: 1.00e-03 | 0.5s ★
  에폭 464/1500 | 손실: 0.4837 | 학습: 80.1% | 검증: 76.4% | lr: 1.00e-03 | 0.5s
  에폭 465/1500 | 손실: 0.4825 | 학습: 80.5% | 검증: 76.7% | lr: 1.00e-03 | 0.5s
  에폭 466/1500 | 손실: 0.4827 | 학습: 80.7% | 검증: 76.5% | lr: 1.00e-03 | 0.5s
  에폭 467/1500 | 손실: 0.4872 | 학습: 80.9% | 검증: 77.7% | lr: 1.00e-03 | 0.5s ★
  에폭 468/1500 | 손실: 0.4846 | 학습: 80.5% | 검증: 77.0% | lr: 1.00e-03 | 0.5s
  에폭 469/1500 | 손실: 0.4853 | 학습: 80.8% | 검증: 77.5% | lr: 1.00e-03 | 0.5s
  에폭 470/1500 | 손실: 0.4849 | 학습: 80.4% | 검증: 76.3% | lr: 1.00e-03 | 0.5s
  에폭 471/1500 | 손실: 0.4794 | 학습: 80.7% | 검증: 76.9% | lr: 1.00e-03 | 0.5s
  에폭 472/1500 | 손실: 0.4861 | 학습: 80.5% | 검증: 76.9% | lr: 1.00e-03 | 0.5s
  에폭 473/1500 | 손실: 0.4832 | 학습: 80.9% | 검증: 76.9% | lr: 1.00e-03 | 0.5s
  에폭 474/1500 | 손실: 0.4851 | 학습: 80.6% | 검증: 76.7% | lr: 1.00e-03 | 0.5s
  에폭 475/1500 | 손실: 0.4868 | 학습: 80.4% | 검증: 76.5% | lr: 1.00e-03 | 0.5s
  에폭 476/1500 | 손실: 0.4844 | 학습: 80.4% | 검증: 77.3% | lr: 1.00e-03 | 0.6s
  에폭 477/1500 | 손실: 0.4853 | 학습: 81.0% | 검증: 76.9% | lr: 1.00e-03 | 0.5s
  에폭 478/1500 | 손실: 0.4822 | 학습: 80.9% | 검증: 77.3% | lr: 1.00e-03 | 0.5s
  에폭 479/1500 | 손실: 0.4870 | 학습: 80.8% | 검증: 77.0% | lr: 1.00e-03 | 0.5s
  에폭 480/1500 | 손실: 0.4835 | 학습: 80.5% | 검증: 76.5% | lr: 1.00e-03 | 0.5s
  에폭 481/1500 | 손실: 0.4824 | 학습: 80.5% | 검증: 76.8% | lr: 1.00e-03 | 0.5s
  에폭 482/1500 | 손실: 0.4861 | 학습: 80.3% | 검증: 77.0% | lr: 1.00e-03 | 0.5s
  에폭 483/1500 | 손실: 0.4896 | 학습: 80.8% | 검증: 77.2% | lr: 1.00e-03 | 0.5s
  에폭 484/1500 | 손실: 0.4845 | 학습: 80.7% | 검증: 77.5% | lr: 1.00e-03 | 0.5s
  에폭 485/1500 | 손실: 0.4860 | 학습: 79.9% | 검증: 76.5% | lr: 1.00e-03 | 0.5s
  에폭 486/1500 | 손실: 0.4839 | 학습: 80.2% | 검증: 76.8% | lr: 1.00e-03 | 0.5s
  에폭 487/1500 | 손실: 0.4888 | 학습: 80.5% | 검증: 76.8% | lr: 1.00e-03 | 0.5s
  에폭 488/1500 | 손실: 0.4810 | 학습: 81.3% | 검증: 77.7% | lr: 1.00e-03 | 0.5s
  에폭 489/1500 | 손실: 0.4806 | 학습: 80.8% | 검증: 77.2% | lr: 1.00e-03 | 0.5s
  에폭 490/1500 | 손실: 0.4830 | 학습: 81.0% | 검증: 77.1% | lr: 1.00e-03 | 0.5s
  에폭 491/1500 | 손실: 0.4842 | 학습: 80.6% | 검증: 76.7% | lr: 1.00e-03 | 0.5s
  에폭 492/1500 | 손실: 0.4859 | 학습: 81.0% | 검증: 77.5% | lr: 1.00e-03 | 0.5s
  에폭 493/1500 | 손실: 0.4801 | 학습: 80.4% | 검증: 77.2% | lr: 1.00e-03 | 0.5s
  에폭 494/1500 | 손실: 0.4824 | 학습: 80.3% | 검증: 76.6% | lr: 1.00e-03 | 0.5s
  에폭 495/1500 | 손실: 0.4826 | 학습: 80.7% | 검증: 76.8% | lr: 1.00e-03 | 0.5s
  에폭 496/1500 | 손실: 0.4814 | 학습: 81.1% | 검증: 77.5% | lr: 1.00e-03 | 0.5s
  에폭 497/1500 | 손실: 0.4832 | 학습: 81.4% | 검증: 77.4% | lr: 1.00e-03 | 0.5s
  에폭 498/1500 | 손실: 0.4835 | 학습: 81.1% | 검증: 76.7% | lr: 1.00e-03 | 0.6s
  에폭 499/1500 | 손실: 0.4857 | 학습: 81.1% | 검증: 77.8% | lr: 1.00e-03 | 0.5s ★
  에폭 500/1500 | 손실: 0.4841 | 학습: 81.1% | 검증: 77.4% | lr: 1.00e-03 | 0.5s
  에폭 501/1500 | 손실: 0.4802 | 학습: 81.3% | 검증: 77.3% | lr: 1.00e-03 | 0.5s
  에폭 502/1500 | 손실: 0.4863 | 학습: 80.7% | 검증: 76.8% | lr: 1.00e-03 | 0.5s
  에폭 503/1500 | 손실: 0.4846 | 학습: 81.0% | 검증: 76.7% | lr: 1.00e-03 | 0.5s
  에폭 504/1500 | 손실: 0.4840 | 학습: 80.7% | 검증: 76.7% | lr: 1.00e-03 | 0.5s
  에폭 505/1500 | 손실: 0.4871 | 학습: 81.0% | 검증: 77.0% | lr: 1.00e-03 | 0.5s
  에폭 506/1500 | 손실: 0.4839 | 학습: 80.6% | 검증: 76.8% | lr: 1.00e-03 | 0.5s
  에폭 507/1500 | 손실: 0.4846 | 학습: 80.9% | 검증: 76.6% | lr: 1.00e-03 | 0.5s
  에폭 508/1500 | 손실: 0.4861 | 학습: 80.8% | 검증: 77.3% | lr: 1.00e-03 | 0.5s
  에폭 509/1500 | 손실: 0.4840 | 학습: 80.6% | 검증: 76.7% | lr: 1.00e-03 | 0.5s
  에폭 510/1500 | 손실: 0.4876 | 학습: 80.6% | 검증: 76.8% | lr: 1.00e-03 | 0.5s
  에폭 511/1500 | 손실: 0.4848 | 학습: 80.7% | 검증: 77.3% | lr: 1.00e-03 | 0.5s
  에폭 512/1500 | 손실: 0.4843 | 학습: 79.9% | 검증: 76.4% | lr: 1.00e-03 | 0.5s
  에폭 513/1500 | 손실: 0.4843 | 학습: 81.2% | 검증: 77.2% | lr: 1.00e-03 | 0.5s
  에폭 514/1500 | 손실: 0.4830 | 학습: 80.9% | 검증: 76.7% | lr: 1.00e-03 | 0.5s
  에폭 515/1500 | 손실: 0.4856 | 학습: 81.1% | 검증: 76.9% | lr: 1.00e-03 | 0.5s
  에폭 516/1500 | 손실: 0.4847 | 학습: 80.9% | 검증: 76.5% | lr: 1.00e-03 | 0.5s
  에폭 517/1500 | 손실: 0.4820 | 학습: 80.6% | 검증: 76.4% | lr: 1.00e-03 | 0.5s
  에폭 518/1500 | 손실: 0.4848 | 학습: 80.9% | 검증: 77.1% | lr: 1.00e-03 | 0.5s
  에폭 519/1500 | 손실: 0.4861 | 학습: 81.3% | 검증: 77.3% | lr: 1.00e-03 | 0.5s
  에폭 520/1500 | 손실: 0.4826 | 학습: 81.2% | 검증: 77.3% | lr: 1.00e-03 | 0.5s
  에폭 521/1500 | 손실: 0.4807 | 학습: 80.7% | 검증: 77.1% | lr: 1.00e-03 | 0.5s
  에폭 522/1500 | 손실: 0.4823 | 학습: 81.0% | 검증: 77.5% | lr: 5.00e-04 | 0.5s
  에폭 523/1500 | 손실: 0.4760 | 학습: 81.0% | 검증: 76.8% | lr: 5.00e-04 | 0.5s
  에폭 524/1500 | 손실: 0.4791 | 학습: 80.9% | 검증: 77.3% | lr: 5.00e-04 | 0.5s
  에폭 525/1500 | 손실: 0.4771 | 학습: 81.4% | 검증: 77.2% | lr: 5.00e-04 | 0.5s
  에폭 526/1500 | 손실: 0.4757 | 학습: 81.0% | 검증: 77.3% | lr: 5.00e-04 | 0.5s
  에폭 527/1500 | 손실: 0.4806 | 학습: 81.7% | 검증: 77.7% | lr: 5.00e-04 | 0.5s
  에폭 528/1500 | 손실: 0.4754 | 학습: 81.5% | 검증: 77.1% | lr: 5.00e-04 | 0.5s
  에폭 529/1500 | 손실: 0.4767 | 학습: 81.0% | 검증: 77.3% | lr: 5.00e-04 | 0.5s
  에폭 530/1500 | 손실: 0.4786 | 학습: 81.9% | 검증: 77.7% | lr: 5.00e-04 | 0.5s
  에폭 531/1500 | 손실: 0.4778 | 학습: 81.8% | 검증: 77.3% | lr: 5.00e-04 | 0.5s
  에폭 532/1500 | 손실: 0.4712 | 학습: 81.4% | 검증: 77.5% | lr: 5.00e-04 | 0.5s
  에폭 533/1500 | 손실: 0.4756 | 학습: 81.3% | 검증: 77.3% | lr: 5.00e-04 | 0.5s
  에폭 534/1500 | 손실: 0.4770 | 학습: 81.5% | 검증: 77.6% | lr: 5.00e-04 | 0.5s
  에폭 535/1500 | 손실: 0.4777 | 학습: 81.6% | 검증: 77.8% | lr: 5.00e-04 | 0.5s
  에폭 536/1500 | 손실: 0.4774 | 학습: 81.5% | 검증: 77.6% | lr: 5.00e-04 | 0.5s
  에폭 537/1500 | 손실: 0.4770 | 학습: 81.7% | 검증: 77.8% | lr: 5.00e-04 | 0.5s
  에폭 538/1500 | 손실: 0.4777 | 학습: 80.9% | 검증: 76.5% | lr: 5.00e-04 | 0.5s
  에폭 539/1500 | 손실: 0.4749 | 학습: 81.2% | 검증: 77.2% | lr: 5.00e-04 | 0.5s
  에폭 540/1500 | 손실: 0.4769 | 학습: 81.2% | 검증: 77.7% | lr: 5.00e-04 | 0.5s
  에폭 541/1500 | 손실: 0.4762 | 학습: 81.2% | 검증: 76.9% | lr: 5.00e-04 | 0.5s
  에폭 542/1500 | 손실: 0.4799 | 학습: 80.5% | 검증: 76.9% | lr: 5.00e-04 | 0.5s
  에폭 543/1500 | 손실: 0.4767 | 학습: 81.3% | 검증: 78.0% | lr: 5.00e-04 | 0.5s ★
  에폭 544/1500 | 손실: 0.4775 | 학습: 81.8% | 검증: 77.6% | lr: 5.00e-04 | 0.5s
  에폭 545/1500 | 손실: 0.4774 | 학습: 81.7% | 검증: 77.3% | lr: 5.00e-04 | 0.5s
  에폭 546/1500 | 손실: 0.4768 | 학습: 81.7% | 검증: 77.4% | lr: 5.00e-04 | 0.6s
  에폭 547/1500 | 손실: 0.4758 | 학습: 81.5% | 검증: 77.2% | lr: 5.00e-04 | 0.5s
  에폭 548/1500 | 손실: 0.4772 | 학습: 81.2% | 검증: 77.2% | lr: 5.00e-04 | 0.5s
  에폭 549/1500 | 손실: 0.4770 | 학습: 81.4% | 검증: 77.5% | lr: 5.00e-04 | 0.5s
  에폭 550/1500 | 손실: 0.4708 | 학습: 81.1% | 검증: 76.9% | lr: 5.00e-04 | 0.5s
  에폭 551/1500 | 손실: 0.4748 | 학습: 81.7% | 검증: 77.7% | lr: 5.00e-04 | 0.5s
  에폭 552/1500 | 손실: 0.4783 | 학습: 81.0% | 검증: 76.9% | lr: 5.00e-04 | 0.5s
  에폭 553/1500 | 손실: 0.4787 | 학습: 81.4% | 검증: 77.2% | lr: 5.00e-04 | 0.5s
  에폭 554/1500 | 손실: 0.4812 | 학습: 81.8% | 검증: 78.1% | lr: 5.00e-04 | 0.5s ★
  에폭 555/1500 | 손실: 0.4779 | 학습: 81.7% | 검증: 77.9% | lr: 5.00e-04 | 0.5s
  에폭 556/1500 | 손실: 0.4751 | 학습: 81.5% | 검증: 77.5% | lr: 5.00e-04 | 0.5s
  에폭 557/1500 | 손실: 0.4766 | 학습: 81.8% | 검증: 77.7% | lr: 5.00e-04 | 0.5s
  에폭 558/1500 | 손실: 0.4767 | 학습: 81.4% | 검증: 77.0% | lr: 5.00e-04 | 0.5s
  에폭 559/1500 | 손실: 0.4767 | 학습: 81.5% | 검증: 77.6% | lr: 5.00e-04 | 0.5s
  에폭 560/1500 | 손실: 0.4728 | 학습: 81.6% | 검증: 77.4% | lr: 5.00e-04 | 0.5s
  에폭 561/1500 | 손실: 0.4721 | 학습: 82.1% | 검증: 77.9% | lr: 5.00e-04 | 0.5s
  에폭 562/1500 | 손실: 0.4765 | 학습: 81.7% | 검증: 77.3% | lr: 5.00e-04 | 0.5s
  에폭 563/1500 | 손실: 0.4778 | 학습: 81.5% | 검증: 77.5% | lr: 5.00e-04 | 0.5s
  에폭 564/1500 | 손실: 0.4777 | 학습: 81.5% | 검증: 77.7% | lr: 5.00e-04 | 0.5s
  에폭 565/1500 | 손실: 0.4772 | 학습: 81.6% | 검증: 77.2% | lr: 5.00e-04 | 0.5s
  에폭 566/1500 | 손실: 0.4757 | 학습: 81.7% | 검증: 77.7% | lr: 5.00e-04 | 0.6s
  에폭 567/1500 | 손실: 0.4744 | 학습: 81.7% | 검증: 77.6% | lr: 5.00e-04 | 0.5s
  에폭 568/1500 | 손실: 0.4755 | 학습: 81.3% | 검증: 77.5% | lr: 5.00e-04 | 0.5s
  에폭 569/1500 | 손실: 0.4774 | 학습: 81.9% | 검증: 77.2% | lr: 5.00e-04 | 0.5s
  에폭 570/1500 | 손실: 0.4731 | 학습: 81.7% | 검증: 77.1% | lr: 5.00e-04 | 0.5s
  에폭 571/1500 | 손실: 0.4736 | 학습: 81.2% | 검증: 76.5% | lr: 5.00e-04 | 0.5s
  에폭 572/1500 | 손실: 0.4761 | 학습: 81.8% | 검증: 77.9% | lr: 5.00e-04 | 0.5s
  에폭 573/1500 | 손실: 0.4759 | 학습: 81.8% | 검증: 77.2% | lr: 5.00e-04 | 0.5s
  에폭 574/1500 | 손실: 0.4779 | 학습: 81.8% | 검증: 77.7% | lr: 5.00e-04 | 0.6s
  에폭 575/1500 | 손실: 0.4782 | 학습: 81.7% | 검증: 77.6% | lr: 5.00e-04 | 0.5s
  에폭 576/1500 | 손실: 0.4761 | 학습: 81.2% | 검증: 77.0% | lr: 5.00e-04 | 0.6s
  에폭 577/1500 | 손실: 0.4733 | 학습: 82.0% | 검증: 77.9% | lr: 5.00e-04 | 0.5s
  에폭 578/1500 | 손실: 0.4758 | 학습: 81.4% | 검증: 77.6% | lr: 5.00e-04 | 0.6s
  에폭 579/1500 | 손실: 0.4781 | 학습: 81.3% | 검증: 76.9% | lr: 5.00e-04 | 0.6s
  에폭 580/1500 | 손실: 0.4776 | 학습: 81.4% | 검증: 77.3% | lr: 5.00e-04 | 0.5s
  에폭 581/1500 | 손실: 0.4725 | 학습: 81.3% | 검증: 77.6% | lr: 5.00e-04 | 0.6s
  에폭 582/1500 | 손실: 0.4760 | 학습: 81.6% | 검증: 77.6% | lr: 5.00e-04 | 0.7s
  에폭 583/1500 | 손실: 0.4751 | 학습: 81.8% | 검증: 77.7% | lr: 5.00e-04 | 0.7s
  에폭 584/1500 | 손실: 0.4790 | 학습: 81.4% | 검증: 77.5% | lr: 5.00e-04 | 0.6s
  에폭 585/1500 | 손실: 0.4715 | 학습: 81.7% | 검증: 77.5% | lr: 5.00e-04 | 0.5s
  에폭 586/1500 | 손실: 0.4785 | 학습: 81.7% | 검증: 77.6% | lr: 5.00e-04 | 0.5s
  에폭 587/1500 | 손실: 0.4750 | 학습: 81.5% | 검증: 77.9% | lr: 5.00e-04 | 0.5s
  에폭 588/1500 | 손실: 0.4704 | 학습: 81.8% | 검증: 77.4% | lr: 5.00e-04 | 0.6s
  에폭 589/1500 | 손실: 0.4747 | 학습: 81.7% | 검증: 77.5% | lr: 5.00e-04 | 0.5s
  에폭 590/1500 | 손실: 0.4768 | 학습: 81.3% | 검증: 77.5% | lr: 5.00e-04 | 0.5s
  에폭 591/1500 | 손실: 0.4745 | 학습: 81.8% | 검증: 77.2% | lr: 5.00e-04 | 0.5s
  에폭 592/1500 | 손실: 0.4799 | 학습: 81.8% | 검증: 77.9% | lr: 5.00e-04 | 0.5s
  에폭 593/1500 | 손실: 0.4740 | 학습: 81.4% | 검증: 77.7% | lr: 5.00e-04 | 0.5s
  에폭 594/1500 | 손실: 0.4791 | 학습: 81.4% | 검증: 77.4% | lr: 5.00e-04 | 0.5s
  에폭 595/1500 | 손실: 0.4767 | 학습: 81.7% | 검증: 77.9% | lr: 5.00e-04 | 0.5s
  에폭 596/1500 | 손실: 0.4796 | 학습: 81.2% | 검증: 77.8% | lr: 5.00e-04 | 0.5s
  에폭 597/1500 | 손실: 0.4743 | 학습: 81.2% | 검증: 77.2% | lr: 5.00e-04 | 0.5s
  에폭 598/1500 | 손실: 0.4759 | 학습: 81.9% | 검증: 77.3% | lr: 5.00e-04 | 0.5s
  에폭 599/1500 | 손실: 0.4785 | 학습: 81.9% | 검증: 77.7% | lr: 5.00e-04 | 0.5s
  에폭 600/1500 | 손실: 0.4723 | 학습: 81.9% | 검증: 77.3% | lr: 5.00e-04 | 0.5s
  에폭 601/1500 | 손실: 0.4808 | 학습: 81.2% | 검증: 76.8% | lr: 5.00e-04 | 0.5s
  에폭 602/1500 | 손실: 0.4741 | 학습: 81.5% | 검증: 77.6% | lr: 5.00e-04 | 0.5s
  에폭 603/1500 | 손실: 0.4752 | 학습: 81.2% | 검증: 77.4% | lr: 5.00e-04 | 0.5s
  에폭 604/1500 | 손실: 0.4732 | 학습: 81.6% | 검증: 77.4% | lr: 5.00e-04 | 0.5s
  에폭 605/1500 | 손실: 0.4817 | 학습: 81.4% | 검증: 76.9% | lr: 5.00e-04 | 0.5s
  에폭 606/1500 | 손실: 0.4783 | 학습: 81.7% | 검증: 77.8% | lr: 5.00e-04 | 0.5s
  에폭 607/1500 | 손실: 0.4754 | 학습: 81.3% | 검증: 77.2% | lr: 5.00e-04 | 0.5s
  에폭 608/1500 | 손실: 0.4767 | 학습: 81.8% | 검증: 77.1% | lr: 5.00e-04 | 0.5s
  에폭 609/1500 | 손실: 0.4780 | 학습: 81.2% | 검증: 77.5% | lr: 5.00e-04 | 0.5s
  에폭 610/1500 | 손실: 0.4754 | 학습: 81.8% | 검증: 77.7% | lr: 5.00e-04 | 0.5s
  에폭 611/1500 | 손실: 0.4790 | 학습: 81.6% | 검증: 77.7% | lr: 5.00e-04 | 0.5s
  에폭 612/1500 | 손실: 0.4745 | 학습: 81.3% | 검증: 77.5% | lr: 5.00e-04 | 0.5s
  에폭 613/1500 | 손실: 0.4748 | 학습: 81.3% | 검증: 77.4% | lr: 5.00e-04 | 0.5s
  에폭 614/1500 | 손실: 0.4751 | 학습: 82.0% | 검증: 78.0% | lr: 5.00e-04 | 0.5s
  에폭 615/1500 | 손실: 0.4767 | 학습: 81.4% | 검증: 77.3% | lr: 5.00e-04 | 0.5s
  에폭 616/1500 | 손실: 0.4722 | 학습: 81.9% | 검증: 77.6% | lr: 5.00e-04 | 0.5s
  에폭 617/1500 | 손실: 0.4768 | 학습: 81.5% | 검증: 77.0% | lr: 5.00e-04 | 0.5s
  에폭 618/1500 | 손실: 0.4731 | 학습: 81.7% | 검증: 77.9% | lr: 5.00e-04 | 0.5s
  에폭 619/1500 | 손실: 0.4794 | 학습: 81.7% | 검증: 77.5% | lr: 5.00e-04 | 0.5s
  에폭 620/1500 | 손실: 0.4738 | 학습: 81.0% | 검증: 77.3% | lr: 5.00e-04 | 0.5s
  에폭 621/1500 | 손실: 0.4745 | 학습: 81.5% | 검증: 78.1% | lr: 5.00e-04 | 0.5s ★
  에폭 622/1500 | 손실: 0.4745 | 학습: 82.1% | 검증: 77.8% | lr: 5.00e-04 | 0.5s
  에폭 623/1500 | 손실: 0.4739 | 학습: 81.8% | 검증: 78.1% | lr: 5.00e-04 | 0.5s ★
  에폭 624/1500 | 손실: 0.4714 | 학습: 81.8% | 검증: 77.3% | lr: 5.00e-04 | 0.5s
  에폭 625/1500 | 손실: 0.4792 | 학습: 81.8% | 검증: 77.8% | lr: 5.00e-04 | 0.5s
  에폭 626/1500 | 손실: 0.4771 | 학습: 81.6% | 검증: 77.5% | lr: 5.00e-04 | 0.5s
  에폭 627/1500 | 손실: 0.4733 | 학습: 81.7% | 검증: 77.6% | lr: 5.00e-04 | 0.5s
  에폭 628/1500 | 손실: 0.4708 | 학습: 81.5% | 검증: 78.0% | lr: 5.00e-04 | 0.5s
  에폭 629/1500 | 손실: 0.4745 | 학습: 81.6% | 검증: 77.7% | lr: 5.00e-04 | 0.5s
  에폭 630/1500 | 손실: 0.4798 | 학습: 82.0% | 검증: 77.8% | lr: 5.00e-04 | 0.5s
  에폭 631/1500 | 손실: 0.4724 | 학습: 81.9% | 검증: 77.7% | lr: 5.00e-04 | 0.5s
  에폭 632/1500 | 손실: 0.4765 | 학습: 81.9% | 검증: 77.7% | lr: 5.00e-04 | 0.5s
  에폭 633/1500 | 손실: 0.4737 | 학습: 81.4% | 검증: 78.1% | lr: 5.00e-04 | 0.5s
  에폭 634/1500 | 손실: 0.4755 | 학습: 82.5% | 검증: 78.1% | lr: 5.00e-04 | 0.5s
  에폭 635/1500 | 손실: 0.4783 | 학습: 81.9% | 검증: 77.3% | lr: 5.00e-04 | 0.5s
  에폭 636/1500 | 손실: 0.4770 | 학습: 81.4% | 검증: 77.1% | lr: 5.00e-04 | 0.5s
  에폭 637/1500 | 손실: 0.4737 | 학습: 82.0% | 검증: 77.9% | lr: 5.00e-04 | 0.5s
  에폭 638/1500 | 손실: 0.4764 | 학습: 81.3% | 검증: 77.7% | lr: 5.00e-04 | 0.5s
  에폭 639/1500 | 손실: 0.4742 | 학습: 81.8% | 검증: 77.5% | lr: 2.50e-04 | 0.5s
  에폭 640/1500 | 손실: 0.4750 | 학습: 82.2% | 검증: 77.9% | lr: 2.50e-04 | 0.5s
  에폭 641/1500 | 손실: 0.4725 | 학습: 81.8% | 검증: 77.1% | lr: 2.50e-04 | 0.5s
  에폭 642/1500 | 손실: 0.4697 | 학습: 82.1% | 검증: 77.9% | lr: 2.50e-04 | 0.5s
  에폭 643/1500 | 손실: 0.4735 | 학습: 81.8% | 검증: 77.9% | lr: 2.50e-04 | 0.5s
  에폭 644/1500 | 손실: 0.4755 | 학습: 81.5% | 검증: 78.0% | lr: 2.50e-04 | 0.6s
  에폭 645/1500 | 손실: 0.4731 | 학습: 81.7% | 검증: 77.7% | lr: 2.50e-04 | 0.8s
  에폭 646/1500 | 손실: 0.4707 | 학습: 82.2% | 검증: 78.0% | lr: 2.50e-04 | 0.6s
  에폭 647/1500 | 손실: 0.4770 | 학습: 81.9% | 검증: 77.7% | lr: 2.50e-04 | 0.6s
  에폭 648/1500 | 손실: 0.4706 | 학습: 81.9% | 검증: 78.1% | lr: 2.50e-04 | 0.6s
  에폭 649/1500 | 손실: 0.4741 | 학습: 82.0% | 검증: 77.8% | lr: 2.50e-04 | 0.6s
  에폭 650/1500 | 손실: 0.4725 | 학습: 82.1% | 검증: 78.1% | lr: 2.50e-04 | 0.5s
  에폭 651/1500 | 손실: 0.4770 | 학습: 81.3% | 검증: 77.7% | lr: 2.50e-04 | 0.5s
  에폭 652/1500 | 손실: 0.4729 | 학습: 82.1% | 검증: 77.9% | lr: 2.50e-04 | 0.5s
  에폭 653/1500 | 손실: 0.4722 | 학습: 81.8% | 검증: 78.1% | lr: 2.50e-04 | 0.5s
  에폭 654/1500 | 손실: 0.4716 | 학습: 81.9% | 검증: 78.0% | lr: 2.50e-04 | 0.5s
  에폭 655/1500 | 손실: 0.4723 | 학습: 82.0% | 검증: 77.6% | lr: 2.50e-04 | 0.5s
  에폭 656/1500 | 손실: 0.4711 | 학습: 82.2% | 검증: 78.2% | lr: 2.50e-04 | 0.5s ★
  에폭 657/1500 | 손실: 0.4727 | 학습: 82.3% | 검증: 78.2% | lr: 2.50e-04 | 0.5s
  에폭 658/1500 | 손실: 0.4728 | 학습: 82.0% | 검증: 77.4% | lr: 2.50e-04 | 0.5s
  에폭 659/1500 | 손실: 0.4734 | 학습: 81.5% | 검증: 76.9% | lr: 2.50e-04 | 0.5s
  에폭 660/1500 | 손실: 0.4686 | 학습: 82.1% | 검증: 77.9% | lr: 2.50e-04 | 0.5s
  에폭 661/1500 | 손실: 0.4704 | 학습: 81.8% | 검증: 77.7% | lr: 2.50e-04 | 0.5s
  에폭 662/1500 | 손실: 0.4759 | 학습: 82.0% | 검증: 77.8% | lr: 2.50e-04 | 0.5s
  에폭 663/1500 | 손실: 0.4740 | 학습: 82.1% | 검증: 77.6% | lr: 2.50e-04 | 0.5s
  에폭 664/1500 | 손실: 0.4713 | 학습: 82.1% | 검증: 77.4% | lr: 2.50e-04 | 0.5s
  에폭 665/1500 | 손실: 0.4743 | 학습: 81.9% | 검증: 78.1% | lr: 2.50e-04 | 0.5s
  에폭 666/1500 | 손실: 0.4712 | 학습: 82.2% | 검증: 77.8% | lr: 2.50e-04 | 0.5s
  에폭 667/1500 | 손실: 0.4747 | 학습: 82.2% | 검증: 77.6% | lr: 2.50e-04 | 0.5s
  에폭 668/1500 | 손실: 0.4679 | 학습: 82.0% | 검증: 78.1% | lr: 2.50e-04 | 0.5s
  에폭 669/1500 | 손실: 0.4686 | 학습: 81.8% | 검증: 77.8% | lr: 2.50e-04 | 0.5s
  에폭 670/1500 | 손실: 0.4723 | 학습: 80.2% | 검증: 76.5% | lr: 2.50e-04 | 0.5s
  에폭 671/1500 | 손실: 0.4731 | 학습: 82.2% | 검증: 78.2% | lr: 2.50e-04 | 0.5s ★
  에폭 672/1500 | 손실: 0.4705 | 학습: 82.1% | 검증: 77.9% | lr: 2.50e-04 | 0.5s
  에폭 673/1500 | 손실: 0.4691 | 학습: 82.0% | 검증: 78.0% | lr: 2.50e-04 | 0.5s
  에폭 674/1500 | 손실: 0.4693 | 학습: 82.1% | 검증: 77.9% | lr: 2.50e-04 | 0.5s
  에폭 675/1500 | 손실: 0.4708 | 학습: 82.2% | 검증: 78.2% | lr: 2.50e-04 | 0.5s
  에폭 676/1500 | 손실: 0.4707 | 학습: 82.0% | 검증: 78.1% | lr: 2.50e-04 | 0.5s
  에폭 677/1500 | 손실: 0.4704 | 학습: 81.7% | 검증: 77.6% | lr: 2.50e-04 | 0.5s
  에폭 678/1500 | 손실: 0.4677 | 학습: 81.8% | 검증: 78.1% | lr: 2.50e-04 | 0.5s
  에폭 679/1500 | 손실: 0.4712 | 학습: 82.2% | 검증: 78.0% | lr: 2.50e-04 | 0.5s
  에폭 680/1500 | 손실: 0.4692 | 학습: 82.0% | 검증: 77.6% | lr: 2.50e-04 | 0.5s
  에폭 681/1500 | 손실: 0.4695 | 학습: 81.8% | 검증: 77.7% | lr: 2.50e-04 | 0.5s
  에폭 682/1500 | 손실: 0.4715 | 학습: 81.7% | 검증: 78.1% | lr: 2.50e-04 | 0.5s
  에폭 683/1500 | 손실: 0.4733 | 학습: 82.0% | 검증: 78.0% | lr: 2.50e-04 | 0.6s
  에폭 684/1500 | 손실: 0.4732 | 학습: 81.8% | 검증: 77.5% | lr: 2.50e-04 | 0.5s
  에폭 685/1500 | 손실: 0.4703 | 학습: 81.8% | 검증: 77.7% | lr: 2.50e-04 | 0.5s
  에폭 686/1500 | 손실: 0.4747 | 학습: 81.5% | 검증: 77.5% | lr: 2.50e-04 | 0.5s
  에폭 687/1500 | 손실: 0.4712 | 학습: 81.8% | 검증: 77.7% | lr: 2.50e-04 | 0.5s
  에폭 688/1500 | 손실: 0.4733 | 학습: 81.9% | 검증: 78.3% | lr: 2.50e-04 | 0.5s ★
  에폭 689/1500 | 손실: 0.4726 | 학습: 82.2% | 검증: 78.0% | lr: 2.50e-04 | 0.5s
  에폭 690/1500 | 손실: 0.4717 | 학습: 82.3% | 검증: 78.2% | lr: 2.50e-04 | 0.5s
  에폭 691/1500 | 손실: 0.4711 | 학습: 81.8% | 검증: 77.8% | lr: 2.50e-04 | 0.5s
  에폭 692/1500 | 손실: 0.4690 | 학습: 81.9% | 검증: 77.6% | lr: 2.50e-04 | 0.5s
  에폭 693/1500 | 손실: 0.4704 | 학습: 81.9% | 검증: 78.0% | lr: 2.50e-04 | 0.5s
  에폭 694/1500 | 손실: 0.4683 | 학습: 82.4% | 검증: 78.0% | lr: 2.50e-04 | 0.5s
  에폭 695/1500 | 손실: 0.4720 | 학습: 82.1% | 검증: 78.2% | lr: 2.50e-04 | 0.5s
  에폭 696/1500 | 손실: 0.4705 | 학습: 81.6% | 검증: 77.7% | lr: 2.50e-04 | 0.5s
  에폭 697/1500 | 손실: 0.4722 | 학습: 82.2% | 검증: 78.4% | lr: 2.50e-04 | 0.6s ★
  에폭 698/1500 | 손실: 0.4731 | 학습: 82.1% | 검증: 78.2% | lr: 2.50e-04 | 0.5s
  에폭 699/1500 | 손실: 0.4700 | 학습: 82.1% | 검증: 78.3% | lr: 2.50e-04 | 0.5s
  에폭 700/1500 | 손실: 0.4719 | 학습: 81.8% | 검증: 78.3% | lr: 2.50e-04 | 0.5s
  에폭 701/1500 | 손실: 0.4732 | 학습: 82.2% | 검증: 78.2% | lr: 2.50e-04 | 0.5s
  에폭 702/1500 | 손실: 0.4699 | 학습: 81.8% | 검증: 78.2% | lr: 2.50e-04 | 0.5s
  에폭 703/1500 | 손실: 0.4723 | 학습: 82.2% | 검증: 77.8% | lr: 2.50e-04 | 0.5s
  에폭 704/1500 | 손실: 0.4694 | 학습: 82.3% | 검증: 77.8% | lr: 2.50e-04 | 0.5s
  에폭 705/1500 | 손실: 0.4739 | 학습: 81.9% | 검증: 77.9% | lr: 2.50e-04 | 0.5s
  에폭 706/1500 | 손실: 0.4689 | 학습: 82.1% | 검증: 78.4% | lr: 2.50e-04 | 0.5s
  에폭 707/1500 | 손실: 0.4664 | 학습: 82.1% | 검증: 77.9% | lr: 2.50e-04 | 0.5s
  에폭 708/1500 | 손실: 0.4701 | 학습: 81.9% | 검증: 77.9% | lr: 2.50e-04 | 0.5s
  에폭 709/1500 | 손실: 0.4721 | 학습: 81.7% | 검증: 78.2% | lr: 2.50e-04 | 0.5s
  에폭 710/1500 | 손실: 0.4709 | 학습: 82.2% | 검증: 78.4% | lr: 2.50e-04 | 0.5s
  에폭 711/1500 | 손실: 0.4666 | 학습: 81.9% | 검증: 77.8% | lr: 2.50e-04 | 0.5s
  에폭 712/1500 | 손실: 0.4729 | 학습: 82.2% | 검증: 77.9% | lr: 2.50e-04 | 0.5s
  에폭 713/1500 | 손실: 0.4691 | 학습: 82.5% | 검증: 78.2% | lr: 2.50e-04 | 0.5s
  에폭 714/1500 | 손실: 0.4714 | 학습: 81.8% | 검증: 77.9% | lr: 2.50e-04 | 0.5s
  에폭 715/1500 | 손실: 0.4704 | 학습: 81.7% | 검증: 77.6% | lr: 2.50e-04 | 0.5s
  에폭 716/1500 | 손실: 0.4699 | 학습: 82.2% | 검증: 77.9% | lr: 2.50e-04 | 0.6s
  에폭 717/1500 | 손실: 0.4744 | 학습: 82.2% | 검증: 78.1% | lr: 2.50e-04 | 0.5s
  에폭 718/1500 | 손실: 0.4734 | 학습: 82.2% | 검증: 78.3% | lr: 2.50e-04 | 0.5s
  에폭 719/1500 | 손실: 0.4735 | 학습: 82.0% | 검증: 78.0% | lr: 2.50e-04 | 0.5s
  에폭 720/1500 | 손실: 0.4709 | 학습: 82.5% | 검증: 78.1% | lr: 2.50e-04 | 0.5s
  에폭 721/1500 | 손실: 0.4704 | 학습: 82.2% | 검증: 77.9% | lr: 2.50e-04 | 0.5s
  에폭 722/1500 | 손실: 0.4719 | 학습: 82.3% | 검증: 77.7% | lr: 2.50e-04 | 0.5s
  에폭 723/1500 | 손실: 0.4682 | 학습: 82.4% | 검증: 78.0% | lr: 2.50e-04 | 0.5s
  에폭 724/1500 | 손실: 0.4701 | 학습: 82.2% | 검증: 77.9% | lr: 2.50e-04 | 0.5s
  에폭 725/1500 | 손실: 0.4708 | 학습: 82.4% | 검증: 78.3% | lr: 2.50e-04 | 0.5s
  에폭 726/1500 | 손실: 0.4682 | 학습: 82.2% | 검증: 78.3% | lr: 2.50e-04 | 0.5s
  에폭 727/1500 | 손실: 0.4747 | 학습: 82.1% | 검증: 77.8% | lr: 2.50e-04 | 0.5s
  에폭 728/1500 | 손실: 0.4748 | 학습: 82.2% | 검증: 78.2% | lr: 2.50e-04 | 0.5s
  에폭 729/1500 | 손실: 0.4723 | 학습: 82.2% | 검증: 78.1% | lr: 2.50e-04 | 0.5s
  에폭 730/1500 | 손실: 0.4728 | 학습: 82.0% | 검증: 78.0% | lr: 2.50e-04 | 0.5s
  에폭 731/1500 | 손실: 0.4725 | 학습: 82.2% | 검증: 78.3% | lr: 2.50e-04 | 0.5s
  에폭 732/1500 | 손실: 0.4708 | 학습: 82.0% | 검증: 78.3% | lr: 2.50e-04 | 0.5s
  에폭 733/1500 | 손실: 0.4734 | 학습: 81.9% | 검증: 78.4% | lr: 2.50e-04 | 0.5s
  에폭 734/1500 | 손실: 0.4711 | 학습: 82.1% | 검증: 77.9% | lr: 2.50e-04 | 0.5s
  에폭 735/1500 | 손실: 0.4668 | 학습: 82.3% | 검증: 78.3% | lr: 2.50e-04 | 0.5s
  에폭 736/1500 | 손실: 0.4707 | 학습: 82.5% | 검증: 78.1% | lr: 2.50e-04 | 0.5s
  에폭 737/1500 | 손실: 0.4743 | 학습: 81.9% | 검증: 78.3% | lr: 2.50e-04 | 0.5s
  에폭 738/1500 | 손실: 0.4712 | 학습: 81.8% | 검증: 78.0% | lr: 2.50e-04 | 0.5s
  에폭 739/1500 | 손실: 0.4719 | 학습: 82.3% | 검증: 77.8% | lr: 2.50e-04 | 0.5s
  에폭 740/1500 | 손실: 0.4671 | 학습: 82.4% | 검증: 78.1% | lr: 2.50e-04 | 0.7s
  에폭 741/1500 | 손실: 0.4699 | 학습: 82.1% | 검증: 77.7% | lr: 2.50e-04 | 0.7s
  에폭 742/1500 | 손실: 0.4725 | 학습: 82.2% | 검증: 77.9% | lr: 2.50e-04 | 0.7s
  에폭 743/1500 | 손실: 0.4661 | 학습: 81.9% | 검증: 78.0% | lr: 2.50e-04 | 0.7s
  에폭 744/1500 | 손실: 0.4708 | 학습: 81.9% | 검증: 78.0% | lr: 2.50e-04 | 0.6s
  에폭 745/1500 | 손실: 0.4702 | 학습: 82.3% | 검증: 78.1% | lr: 2.50e-04 | 0.5s
  에폭 746/1500 | 손실: 0.4673 | 학습: 81.5% | 검증: 77.4% | lr: 2.50e-04 | 0.6s
  에폭 747/1500 | 손실: 0.4742 | 학습: 82.2% | 검증: 77.7% | lr: 2.50e-04 | 0.6s
  에폭 748/1500 | 손실: 0.4699 | 학습: 82.4% | 검증: 77.8% | lr: 2.50e-04 | 0.5s
  에폭 749/1500 | 손실: 0.4666 | 학습: 81.6% | 검증: 77.9% | lr: 2.50e-04 | 0.6s
  에폭 750/1500 | 손실: 0.4687 | 학습: 82.5% | 검증: 78.0% | lr: 2.50e-04 | 0.5s
  에폭 751/1500 | 손실: 0.4698 | 학습: 81.9% | 검증: 78.1% | lr: 2.50e-04 | 0.5s
  에폭 752/1500 | 손실: 0.4674 | 학습: 82.3% | 검증: 78.1% | lr: 2.50e-04 | 0.5s
  에폭 753/1500 | 손실: 0.4698 | 학습: 82.2% | 검증: 77.8% | lr: 2.50e-04 | 0.5s
  에폭 754/1500 | 손실: 0.4694 | 학습: 82.0% | 검증: 78.3% | lr: 2.50e-04 | 0.5s
  에폭 755/1500 | 손실: 0.4721 | 학습: 82.0% | 검증: 77.8% | lr: 2.50e-04 | 0.5s
  에폭 756/1500 | 손실: 0.4754 | 학습: 82.4% | 검증: 77.7% | lr: 2.50e-04 | 0.6s
  에폭 757/1500 | 손실: 0.4688 | 학습: 81.7% | 검증: 77.8% | lr: 2.50e-04 | 0.5s
  에폭 758/1500 | 손실: 0.4683 | 학습: 82.1% | 검증: 77.9% | lr: 2.50e-04 | 0.5s
  에폭 759/1500 | 손실: 0.4740 | 학습: 82.0% | 검증: 78.5% | lr: 2.50e-04 | 0.5s ★
  에폭 760/1500 | 손실: 0.4711 | 학습: 82.2% | 검증: 78.0% | lr: 2.50e-04 | 0.5s
  에폭 761/1500 | 손실: 0.4702 | 학습: 81.7% | 검증: 77.3% | lr: 2.50e-04 | 0.5s
  에폭 762/1500 | 손실: 0.4704 | 학습: 82.2% | 검증: 78.1% | lr: 2.50e-04 | 0.5s
  에폭 763/1500 | 손실: 0.4701 | 학습: 82.4% | 검증: 78.1% | lr: 2.50e-04 | 0.5s
  에폭 764/1500 | 손실: 0.4694 | 학습: 81.6% | 검증: 77.7% | lr: 2.50e-04 | 0.5s
  에폭 765/1500 | 손실: 0.4656 | 학습: 82.4% | 검증: 78.1% | lr: 2.50e-04 | 0.5s
  에폭 766/1500 | 손실: 0.4706 | 학습: 82.1% | 검증: 77.8% | lr: 2.50e-04 | 0.5s
  에폭 767/1500 | 손실: 0.4686 | 학습: 81.6% | 검증: 77.6% | lr: 2.50e-04 | 0.5s
  에폭 768/1500 | 손실: 0.4711 | 학습: 81.3% | 검증: 77.5% | lr: 2.50e-04 | 0.5s
  에폭 769/1500 | 손실: 0.4726 | 학습: 81.9% | 검증: 77.8% | lr: 2.50e-04 | 0.6s
  에폭 770/1500 | 손실: 0.4768 | 학습: 82.0% | 검증: 78.2% | lr: 2.50e-04 | 0.5s
  에폭 771/1500 | 손실: 0.4743 | 학습: 82.4% | 검증: 77.9% | lr: 2.50e-04 | 0.5s
  에폭 772/1500 | 손실: 0.4699 | 학습: 82.0% | 검증: 78.1% | lr: 2.50e-04 | 0.5s
  에폭 773/1500 | 손실: 0.4717 | 학습: 82.3% | 검증: 77.8% | lr: 2.50e-04 | 0.5s
  에폭 774/1500 | 손실: 0.4692 | 학습: 82.4% | 검증: 78.0% | lr: 2.50e-04 | 0.5s
  에폭 775/1500 | 손실: 0.4705 | 학습: 82.1% | 검증: 77.4% | lr: 2.50e-04 | 0.5s
  에폭 776/1500 | 손실: 0.4718 | 학습: 82.4% | 검증: 78.3% | lr: 2.50e-04 | 0.5s
  에폭 777/1500 | 손실: 0.4676 | 학습: 82.0% | 검증: 78.0% | lr: 2.50e-04 | 0.5s
  에폭 778/1500 | 손실: 0.4708 | 학습: 82.2% | 검증: 78.2% | lr: 2.50e-04 | 0.5s
  에폭 779/1500 | 손실: 0.4660 | 학습: 82.5% | 검증: 77.7% | lr: 2.50e-04 | 0.5s
  에폭 780/1500 | 손실: 0.4690 | 학습: 82.4% | 검증: 77.9% | lr: 2.50e-04 | 0.5s
  에폭 781/1500 | 손실: 0.4713 | 학습: 82.3% | 검증: 77.9% | lr: 2.50e-04 | 0.5s
  에폭 782/1500 | 손실: 0.4671 | 학습: 81.6% | 검증: 77.4% | lr: 2.50e-04 | 0.5s
  에폭 783/1500 | 손실: 0.4715 | 학습: 82.0% | 검증: 78.3% | lr: 2.50e-04 | 0.5s
  에폭 784/1500 | 손실: 0.4676 | 학습: 82.1% | 검증: 77.8% | lr: 2.50e-04 | 0.5s
  에폭 785/1500 | 손실: 0.4722 | 학습: 82.3% | 검증: 78.4% | lr: 2.50e-04 | 0.5s
  에폭 786/1500 | 손실: 0.4686 | 학습: 82.0% | 검증: 77.9% | lr: 2.50e-04 | 0.5s
  에폭 787/1500 | 손실: 0.4756 | 학습: 82.7% | 검증: 78.3% | lr: 2.50e-04 | 0.5s
  에폭 788/1500 | 손실: 0.4748 | 학습: 82.2% | 검증: 78.3% | lr: 2.50e-04 | 0.5s
  에폭 789/1500 | 손실: 0.4692 | 학습: 82.4% | 검증: 78.0% | lr: 2.50e-04 | 0.5s
  에폭 790/1500 | 손실: 0.4751 | 학습: 82.2% | 검증: 78.3% | lr: 2.50e-04 | 0.5s
  에폭 791/1500 | 손실: 0.4731 | 학습: 82.2% | 검증: 78.3% | lr: 2.50e-04 | 0.5s
  에폭 792/1500 | 손실: 0.4694 | 학습: 82.0% | 검증: 78.0% | lr: 2.50e-04 | 0.5s
  에폭 793/1500 | 손실: 0.4675 | 학습: 82.3% | 검증: 78.1% | lr: 2.50e-04 | 0.6s
  에폭 794/1500 | 손실: 0.4674 | 학습: 82.3% | 검증: 78.0% | lr: 2.50e-04 | 0.5s
  에폭 795/1500 | 손실: 0.4704 | 학습: 82.0% | 검증: 78.0% | lr: 2.50e-04 | 0.5s
  에폭 796/1500 | 손실: 0.4712 | 학습: 82.0% | 검증: 77.8% | lr: 2.50e-04 | 0.5s
  에폭 797/1500 | 손실: 0.4706 | 학습: 82.3% | 검증: 78.0% | lr: 2.50e-04 | 0.5s
  에폭 798/1500 | 손실: 0.4709 | 학습: 82.4% | 검증: 78.2% | lr: 2.50e-04 | 0.5s
  에폭 799/1500 | 손실: 0.4687 | 학습: 82.0% | 검증: 77.6% | lr: 2.50e-04 | 0.5s
  에폭 800/1500 | 손실: 0.4664 | 학습: 82.4% | 검증: 78.1% | lr: 2.50e-04 | 0.5s
  에폭 801/1500 | 손실: 0.4724 | 학습: 82.1% | 검증: 77.6% | lr: 2.50e-04 | 0.5s
  에폭 802/1500 | 손실: 0.4778 | 학습: 82.3% | 검증: 77.9% | lr: 2.50e-04 | 0.5s
  에폭 803/1500 | 손실: 0.4676 | 학습: 82.0% | 검증: 78.3% | lr: 2.50e-04 | 0.5s
  에폭 804/1500 | 손실: 0.4675 | 학습: 82.3% | 검증: 78.2% | lr: 2.50e-04 | 0.5s
  에폭 805/1500 | 손실: 0.4679 | 학습: 82.1% | 검증: 78.2% | lr: 2.50e-04 | 0.5s
  에폭 806/1500 | 손실: 0.4737 | 학습: 81.9% | 검증: 77.7% | lr: 2.50e-04 | 0.5s
  에폭 807/1500 | 손실: 0.4677 | 학습: 82.3% | 검증: 78.2% | lr: 2.50e-04 | 0.5s
  에폭 808/1500 | 손실: 0.4715 | 학습: 81.6% | 검증: 77.7% | lr: 2.50e-04 | 0.5s
  에폭 809/1500 | 손실: 0.4704 | 학습: 81.9% | 검증: 77.8% | lr: 2.50e-04 | 0.5s
  에폭 810/1500 | 손실: 0.4681 | 학습: 82.1% | 검증: 78.0% | lr: 2.50e-04 | 0.5s
  에폭 811/1500 | 손실: 0.4689 | 학습: 81.8% | 검증: 78.2% | lr: 2.50e-04 | 0.5s
  에폭 812/1500 | 손실: 0.4721 | 학습: 82.5% | 검증: 78.1% | lr: 2.50e-04 | 0.6s
  에폭 813/1500 | 손실: 0.4681 | 학습: 82.0% | 검증: 78.1% | lr: 2.50e-04 | 0.5s
  에폭 814/1500 | 손실: 0.4700 | 학습: 81.9% | 검증: 78.2% | lr: 2.50e-04 | 0.6s
  에폭 815/1500 | 손실: 0.4689 | 학습: 82.3% | 검증: 78.3% | lr: 2.50e-04 | 0.5s
  에폭 816/1500 | 손실: 0.4706 | 학습: 82.1% | 검증: 78.2% | lr: 1.25e-04 | 0.5s
  에폭 817/1500 | 손실: 0.4711 | 학습: 82.2% | 검증: 78.2% | lr: 1.25e-04 | 0.5s
  에폭 818/1500 | 손실: 0.4669 | 학습: 82.4% | 검증: 78.4% | lr: 1.25e-04 | 0.5s
  에폭 819/1500 | 손실: 0.4654 | 학습: 81.7% | 검증: 77.8% | lr: 1.25e-04 | 0.5s
  에폭 820/1500 | 손실: 0.4684 | 학습: 82.2% | 검증: 78.2% | lr: 1.25e-04 | 0.5s
  에폭 821/1500 | 손실: 0.4704 | 학습: 82.2% | 검증: 78.7% | lr: 1.25e-04 | 0.5s ★
  에폭 822/1500 | 손실: 0.4708 | 학습: 82.6% | 검증: 78.5% | lr: 1.25e-04 | 0.5s
  에폭 823/1500 | 손실: 0.4662 | 학습: 82.0% | 검증: 77.8% | lr: 1.25e-04 | 0.5s
  에폭 824/1500 | 손실: 0.4677 | 학습: 81.9% | 검증: 77.6% | lr: 1.25e-04 | 0.5s
  에폭 825/1500 | 손실: 0.4687 | 학습: 82.5% | 검증: 78.5% | lr: 1.25e-04 | 0.5s
  에폭 826/1500 | 손실: 0.4695 | 학습: 82.4% | 검증: 77.7% | lr: 1.25e-04 | 0.5s
  에폭 827/1500 | 손실: 0.4685 | 학습: 82.5% | 검증: 78.3% | lr: 1.25e-04 | 0.5s
  에폭 828/1500 | 손실: 0.4701 | 학습: 82.4% | 검증: 78.2% | lr: 1.25e-04 | 0.5s
  에폭 829/1500 | 손실: 0.4737 | 학습: 82.6% | 검증: 78.4% | lr: 1.25e-04 | 0.5s
  에폭 830/1500 | 손실: 0.4702 | 학습: 82.4% | 검증: 78.3% | lr: 1.25e-04 | 0.5s
  에폭 831/1500 | 손실: 0.4689 | 학습: 82.2% | 검증: 78.0% | lr: 1.25e-04 | 0.5s
  에폭 832/1500 | 손실: 0.4728 | 학습: 82.4% | 검증: 77.6% | lr: 1.25e-04 | 0.5s
  에폭 833/1500 | 손실: 0.4655 | 학습: 82.2% | 검증: 78.4% | lr: 1.25e-04 | 0.5s
  에폭 834/1500 | 손실: 0.4707 | 학습: 82.5% | 검증: 78.2% | lr: 1.25e-04 | 0.5s
  에폭 835/1500 | 손실: 0.4723 | 학습: 82.5% | 검증: 78.2% | lr: 1.25e-04 | 0.5s
  에폭 836/1500 | 손실: 0.4654 | 학습: 82.2% | 검증: 77.8% | lr: 1.25e-04 | 0.5s
  에폭 837/1500 | 손실: 0.4687 | 학습: 82.1% | 검증: 78.2% | lr: 1.25e-04 | 0.5s
  에폭 838/1500 | 손실: 0.4679 | 학습: 82.4% | 검증: 78.2% | lr: 1.25e-04 | 0.5s
  에폭 839/1500 | 손실: 0.4705 | 학습: 82.5% | 검증: 78.1% | lr: 1.25e-04 | 0.5s
  에폭 840/1500 | 손실: 0.4675 | 학습: 82.5% | 검증: 78.2% | lr: 1.25e-04 | 0.5s
  에폭 841/1500 | 손실: 0.4676 | 학습: 82.4% | 검증: 78.1% | lr: 1.25e-04 | 0.5s
  에폭 842/1500 | 손실: 0.4713 | 학습: 82.4% | 검증: 77.8% | lr: 1.25e-04 | 0.5s
  에폭 843/1500 | 손실: 0.4694 | 학습: 82.4% | 검증: 78.1% | lr: 1.25e-04 | 0.5s
  에폭 844/1500 | 손실: 0.4706 | 학습: 82.3% | 검증: 78.1% | lr: 1.25e-04 | 0.5s
  에폭 845/1500 | 손실: 0.4658 | 학습: 82.1% | 검증: 78.1% | lr: 1.25e-04 | 0.5s
  에폭 846/1500 | 손실: 0.4680 | 학습: 82.1% | 검증: 78.0% | lr: 1.25e-04 | 0.5s
  에폭 847/1500 | 손실: 0.4651 | 학습: 82.5% | 검증: 78.6% | lr: 1.25e-04 | 0.5s
  에폭 848/1500 | 손실: 0.4683 | 학습: 82.7% | 검증: 78.3% | lr: 1.25e-04 | 0.5s
  에폭 849/1500 | 손실: 0.4662 | 학습: 82.0% | 검증: 77.8% | lr: 1.25e-04 | 0.5s
  에폭 850/1500 | 손실: 0.4684 | 학습: 82.4% | 검증: 78.2% | lr: 1.25e-04 | 0.5s
  에폭 851/1500 | 손실: 0.4642 | 학습: 82.2% | 검증: 78.3% | lr: 1.25e-04 | 0.5s
  에폭 852/1500 | 손실: 0.4647 | 학습: 82.3% | 검증: 78.0% | lr: 1.25e-04 | 0.5s
  에폭 853/1500 | 손실: 0.4702 | 학습: 81.9% | 검증: 77.7% | lr: 1.25e-04 | 0.5s
  에폭 854/1500 | 손실: 0.4656 | 학습: 82.4% | 검증: 78.0% | lr: 1.25e-04 | 0.5s
  에폭 855/1500 | 손실: 0.4685 | 학습: 82.2% | 검증: 78.3% | lr: 1.25e-04 | 0.5s
  에폭 856/1500 | 손실: 0.4696 | 학습: 80.2% | 검증: 76.1% | lr: 1.25e-04 | 0.5s
  에폭 857/1500 | 손실: 0.4718 | 학습: 82.4% | 검증: 78.7% | lr: 1.25e-04 | 0.5s
  에폭 858/1500 | 손실: 0.4678 | 학습: 82.5% | 검증: 78.5% | lr: 1.25e-04 | 0.5s
  에폭 859/1500 | 손실: 0.4675 | 학습: 82.6% | 검증: 78.5% | lr: 1.25e-04 | 0.5s
  에폭 860/1500 | 손실: 0.4710 | 학습: 82.2% | 검증: 78.4% | lr: 1.25e-04 | 0.5s
  에폭 861/1500 | 손실: 0.4711 | 학습: 82.5% | 검증: 78.2% | lr: 1.25e-04 | 0.5s
  에폭 862/1500 | 손실: 0.4677 | 학습: 82.0% | 검증: 78.1% | lr: 1.25e-04 | 0.5s
  에폭 863/1500 | 손실: 0.4677 | 학습: 82.4% | 검증: 78.4% | lr: 1.25e-04 | 0.5s
  에폭 864/1500 | 손실: 0.4646 | 학습: 82.1% | 검증: 77.9% | lr: 1.25e-04 | 0.5s
  에폭 865/1500 | 손실: 0.4677 | 학습: 82.3% | 검증: 78.4% | lr: 1.25e-04 | 0.5s
  에폭 866/1500 | 손실: 0.4707 | 학습: 82.0% | 검증: 78.3% | lr: 1.25e-04 | 0.5s
  에폭 867/1500 | 손실: 0.4694 | 학습: 82.4% | 검증: 78.1% | lr: 1.25e-04 | 0.5s
  에폭 868/1500 | 손실: 0.4705 | 학습: 82.2% | 검증: 77.8% | lr: 1.25e-04 | 0.5s
  에폭 869/1500 | 손실: 0.4697 | 학습: 82.4% | 검증: 78.4% | lr: 1.25e-04 | 0.5s
  에폭 870/1500 | 손실: 0.4706 | 학습: 82.5% | 검증: 78.2% | lr: 1.25e-04 | 0.5s
  에폭 871/1500 | 손실: 0.4667 | 학습: 82.1% | 검증: 78.1% | lr: 1.25e-04 | 0.5s
  에폭 872/1500 | 손실: 0.4668 | 학습: 82.6% | 검증: 78.0% | lr: 1.25e-04 | 0.5s
  에폭 873/1500 | 손실: 0.4642 | 학습: 81.9% | 검증: 77.9% | lr: 1.25e-04 | 0.5s
  에폭 874/1500 | 손실: 0.4658 | 학습: 82.8% | 검증: 78.1% | lr: 1.25e-04 | 0.5s
  에폭 875/1500 | 손실: 0.4691 | 학습: 82.4% | 검증: 78.3% | lr: 1.25e-04 | 0.5s
  에폭 876/1500 | 손실: 0.4710 | 학습: 82.3% | 검증: 78.1% | lr: 1.25e-04 | 0.5s
  에폭 877/1500 | 손실: 0.4688 | 학습: 82.2% | 검증: 78.2% | lr: 1.25e-04 | 0.5s
  에폭 878/1500 | 손실: 0.4691 | 학습: 82.3% | 검증: 78.0% | lr: 1.25e-04 | 0.5s
  에폭 879/1500 | 손실: 0.4678 | 학습: 82.4% | 검증: 78.4% | lr: 1.25e-04 | 0.5s
  에폭 880/1500 | 손실: 0.4714 | 학습: 82.2% | 검증: 78.2% | lr: 1.25e-04 | 0.5s
  에폭 881/1500 | 손실: 0.4663 | 학습: 82.7% | 검증: 78.5% | lr: 1.25e-04 | 0.5s
  에폭 882/1500 | 손실: 0.4722 | 학습: 82.6% | 검증: 78.0% | lr: 1.25e-04 | 0.6s
  에폭 883/1500 | 손실: 0.4673 | 학습: 82.4% | 검증: 78.3% | lr: 1.25e-04 | 0.5s
  에폭 884/1500 | 손실: 0.4699 | 학습: 82.6% | 검증: 78.1% | lr: 1.25e-04 | 0.5s
  에폭 885/1500 | 손실: 0.4639 | 학습: 81.6% | 검증: 78.1% | lr: 1.25e-04 | 0.5s
  에폭 886/1500 | 손실: 0.4646 | 학습: 82.5% | 검증: 78.2% | lr: 1.25e-04 | 0.5s
  에폭 887/1500 | 손실: 0.4657 | 학습: 82.3% | 검증: 78.3% | lr: 1.25e-04 | 0.5s
  에폭 888/1500 | 손실: 0.4702 | 학습: 82.5% | 검증: 78.7% | lr: 1.25e-04 | 0.5s ★
  에폭 889/1500 | 손실: 0.4680 | 학습: 82.4% | 검증: 78.3% | lr: 1.25e-04 | 0.5s
  에폭 890/1500 | 손실: 0.4678 | 학습: 82.1% | 검증: 78.4% | lr: 1.25e-04 | 0.5s
  에폭 891/1500 | 손실: 0.4668 | 학습: 82.5% | 검증: 78.2% | lr: 1.25e-04 | 0.5s
  에폭 892/1500 | 손실: 0.4663 | 학습: 82.2% | 검증: 78.1% | lr: 1.25e-04 | 0.5s
  에폭 893/1500 | 손실: 0.4662 | 학습: 82.6% | 검증: 78.6% | lr: 1.25e-04 | 0.5s
  에폭 894/1500 | 손실: 0.4647 | 학습: 82.5% | 검증: 78.2% | lr: 1.25e-04 | 0.5s
  에폭 895/1500 | 손실: 0.4665 | 학습: 82.6% | 검증: 78.3% | lr: 1.25e-04 | 0.5s
  에폭 896/1500 | 손실: 0.4682 | 학습: 82.5% | 검증: 78.3% | lr: 1.25e-04 | 0.5s
  에폭 897/1500 | 손실: 0.4651 | 학습: 82.5% | 검증: 78.3% | lr: 1.25e-04 | 0.5s
  에폭 898/1500 | 손실: 0.4667 | 학습: 82.6% | 검증: 78.2% | lr: 1.25e-04 | 0.5s
  에폭 899/1500 | 손실: 0.4670 | 학습: 81.9% | 검증: 77.8% | lr: 1.25e-04 | 0.5s
  에폭 900/1500 | 손실: 0.4663 | 학습: 81.7% | 검증: 77.9% | lr: 1.25e-04 | 0.5s
  에폭 901/1500 | 손실: 0.4734 | 학습: 82.5% | 검증: 78.0% | lr: 1.25e-04 | 0.5s
  에폭 902/1500 | 손실: 0.4696 | 학습: 82.4% | 검증: 78.2% | lr: 1.25e-04 | 0.5s
  에폭 903/1500 | 손실: 0.4642 | 학습: 82.4% | 검증: 78.0% | lr: 1.25e-04 | 0.5s
  에폭 904/1500 | 손실: 0.4690 | 학습: 81.8% | 검증: 77.8% | lr: 1.25e-04 | 0.5s
  에폭 905/1500 | 손실: 0.4664 | 학습: 82.8% | 검증: 78.1% | lr: 1.25e-04 | 0.6s
  에폭 906/1500 | 손실: 0.4681 | 학습: 82.1% | 검증: 78.1% | lr: 1.25e-04 | 0.5s
  에폭 907/1500 | 손실: 0.4690 | 학습: 82.4% | 검증: 77.9% | lr: 1.25e-04 | 0.5s
  에폭 908/1500 | 손실: 0.4666 | 학습: 82.6% | 검증: 78.5% | lr: 1.25e-04 | 0.5s
  에폭 909/1500 | 손실: 0.4713 | 학습: 82.2% | 검증: 77.8% | lr: 1.25e-04 | 0.5s
  에폭 910/1500 | 손실: 0.4680 | 학습: 82.4% | 검증: 78.1% | lr: 1.25e-04 | 0.5s
  에폭 911/1500 | 손실: 0.4652 | 학습: 82.3% | 검증: 78.3% | lr: 1.25e-04 | 0.5s
  에폭 912/1500 | 손실: 0.4690 | 학습: 82.3% | 검증: 77.8% | lr: 1.25e-04 | 0.5s
  에폭 913/1500 | 손실: 0.4686 | 학습: 82.2% | 검증: 78.0% | lr: 1.25e-04 | 0.5s
  에폭 914/1500 | 손실: 0.4682 | 학습: 82.6% | 검증: 77.9% | lr: 1.25e-04 | 0.5s
  에폭 915/1500 | 손실: 0.4674 | 학습: 82.1% | 검증: 77.6% | lr: 1.25e-04 | 0.5s
  에폭 916/1500 | 손실: 0.4689 | 학습: 82.3% | 검증: 78.3% | lr: 1.25e-04 | 0.5s
  에폭 917/1500 | 손실: 0.4719 | 학습: 82.5% | 검증: 78.3% | lr: 1.25e-04 | 0.5s
  에폭 918/1500 | 손실: 0.4664 | 학습: 82.3% | 검증: 78.4% | lr: 1.25e-04 | 0.5s
  에폭 919/1500 | 손실: 0.4657 | 학습: 82.0% | 검증: 78.4% | lr: 1.25e-04 | 0.5s
  에폭 920/1500 | 손실: 0.4736 | 학습: 81.9% | 검증: 77.9% | lr: 1.25e-04 | 0.5s
  에폭 921/1500 | 손실: 0.4666 | 학습: 82.1% | 검증: 78.3% | lr: 1.25e-04 | 0.5s
  에폭 922/1500 | 손실: 0.4677 | 학습: 81.9% | 검증: 77.9% | lr: 1.25e-04 | 0.5s
  에폭 923/1500 | 손실: 0.4700 | 학습: 82.0% | 검증: 78.3% | lr: 1.25e-04 | 0.6s
  에폭 924/1500 | 손실: 0.4673 | 학습: 82.5% | 검증: 78.6% | lr: 1.25e-04 | 0.5s
  에폭 925/1500 | 손실: 0.4665 | 학습: 82.0% | 검증: 78.1% | lr: 1.25e-04 | 0.5s
  에폭 926/1500 | 손실: 0.4709 | 학습: 82.6% | 검증: 78.3% | lr: 1.25e-04 | 0.5s
  에폭 927/1500 | 손실: 0.4652 | 학습: 82.2% | 검증: 78.1% | lr: 1.25e-04 | 0.5s
  에폭 928/1500 | 손실: 0.4698 | 학습: 82.4% | 검증: 77.9% | lr: 1.25e-04 | 0.6s
  에폭 929/1500 | 손실: 0.4706 | 학습: 82.3% | 검증: 77.9% | lr: 1.25e-04 | 0.7s
  에폭 930/1500 | 손실: 0.4685 | 학습: 82.4% | 검증: 78.0% | lr: 1.25e-04 | 0.7s
  에폭 931/1500 | 손실: 0.4664 | 학습: 82.3% | 검증: 78.3% | lr: 1.25e-04 | 0.7s
  에폭 932/1500 | 손실: 0.4682 | 학습: 82.4% | 검증: 78.3% | lr: 1.25e-04 | 0.7s
  에폭 933/1500 | 손실: 0.4716 | 학습: 82.4% | 검증: 78.3% | lr: 1.25e-04 | 0.6s
  에폭 934/1500 | 손실: 0.4715 | 학습: 82.3% | 검증: 78.4% | lr: 1.25e-04 | 0.5s
  에폭 935/1500 | 손실: 0.4713 | 학습: 81.9% | 검증: 77.8% | lr: 1.25e-04 | 0.5s
  에폭 936/1500 | 손실: 0.4658 | 학습: 82.3% | 검증: 78.0% | lr: 6.25e-05 | 0.5s
  에폭 937/1500 | 손실: 0.4661 | 학습: 82.3% | 검증: 78.2% | lr: 6.25e-05 | 0.6s
  에폭 938/1500 | 손실: 0.4678 | 학습: 82.6% | 검증: 78.5% | lr: 6.25e-05 | 0.6s
  에폭 939/1500 | 손실: 0.4650 | 학습: 82.0% | 검증: 78.4% | lr: 6.25e-05 | 0.5s
  에폭 940/1500 | 손실: 0.4675 | 학습: 82.4% | 검증: 78.4% | lr: 6.25e-05 | 0.5s
  에폭 941/1500 | 손실: 0.4690 | 학습: 82.1% | 검증: 78.2% | lr: 6.25e-05 | 0.5s
  에폭 942/1500 | 손실: 0.4710 | 학습: 82.1% | 검증: 77.9% | lr: 6.25e-05 | 0.5s
  에폭 943/1500 | 손실: 0.4670 | 학습: 82.3% | 검증: 78.2% | lr: 6.25e-05 | 0.5s
  에폭 944/1500 | 손실: 0.4704 | 학습: 82.3% | 검증: 78.0% | lr: 6.25e-05 | 0.6s
  에폭 945/1500 | 손실: 0.4671 | 학습: 82.4% | 검증: 78.5% | lr: 6.25e-05 | 0.6s
  에폭 946/1500 | 손실: 0.4633 | 학습: 82.1% | 검증: 78.0% | lr: 6.25e-05 | 0.5s
  에폭 947/1500 | 손실: 0.4654 | 학습: 82.2% | 검증: 78.2% | lr: 6.25e-05 | 0.5s
  에폭 948/1500 | 손실: 0.4678 | 학습: 82.4% | 검증: 78.3% | lr: 6.25e-05 | 0.5s
  에폭 949/1500 | 손실: 0.4679 | 학습: 82.5% | 검증: 78.4% | lr: 6.25e-05 | 0.5s
  에폭 950/1500 | 손실: 0.4670 | 학습: 82.5% | 검증: 78.7% | lr: 6.25e-05 | 0.5s
  에폭 951/1500 | 손실: 0.4654 | 학습: 82.3% | 검증: 78.6% | lr: 6.25e-05 | 0.5s
  에폭 952/1500 | 손실: 0.4657 | 학습: 82.7% | 검증: 78.0% | lr: 6.25e-05 | 0.5s
  에폭 953/1500 | 손실: 0.4635 | 학습: 82.5% | 검증: 78.1% | lr: 6.25e-05 | 0.5s
  에폭 954/1500 | 손실: 0.4656 | 학습: 82.5% | 검증: 78.2% | lr: 6.25e-05 | 0.5s
  에폭 955/1500 | 손실: 0.4650 | 학습: 82.5% | 검증: 78.0% | lr: 6.25e-05 | 0.5s
  에폭 956/1500 | 손실: 0.4663 | 학습: 82.0% | 검증: 77.9% | lr: 6.25e-05 | 0.6s
  에폭 957/1500 | 손실: 0.4668 | 학습: 81.9% | 검증: 77.6% | lr: 6.25e-05 | 0.6s
  에폭 958/1500 | 손실: 0.4659 | 학습: 82.6% | 검증: 78.2% | lr: 6.25e-05 | 0.5s
  에폭 959/1500 | 손실: 0.4682 | 학습: 82.9% | 검증: 78.3% | lr: 6.25e-05 | 0.5s
  에폭 960/1500 | 손실: 0.4670 | 학습: 82.6% | 검증: 78.2% | lr: 6.25e-05 | 0.5s
  에폭 961/1500 | 손실: 0.4669 | 학습: 82.3% | 검증: 78.4% | lr: 6.25e-05 | 0.5s
  에폭 962/1500 | 손실: 0.4686 | 학습: 82.6% | 검증: 78.0% | lr: 6.25e-05 | 0.5s
  에폭 963/1500 | 손실: 0.4655 | 학습: 82.4% | 검증: 78.4% | lr: 6.25e-05 | 0.5s
  에폭 964/1500 | 손실: 0.4701 | 학습: 82.4% | 검증: 78.3% | lr: 6.25e-05 | 0.5s
  에폭 965/1500 | 손실: 0.4659 | 학습: 82.4% | 검증: 78.4% | lr: 6.25e-05 | 0.5s
  에폭 966/1500 | 손실: 0.4632 | 학습: 82.2% | 검증: 77.8% | lr: 6.25e-05 | 0.5s
  에폭 967/1500 | 손실: 0.4654 | 학습: 81.9% | 검증: 77.9% | lr: 6.25e-05 | 0.5s
  에폭 968/1500 | 손실: 0.4642 | 학습: 82.4% | 검증: 78.5% | lr: 6.25e-05 | 0.5s
  에폭 969/1500 | 손실: 0.4705 | 학습: 81.7% | 검증: 77.7% | lr: 6.25e-05 | 0.5s
  에폭 970/1500 | 손실: 0.4681 | 학습: 82.0% | 검증: 77.9% | lr: 6.25e-05 | 0.5s
  에폭 971/1500 | 손실: 0.4669 | 학습: 82.2% | 검증: 78.4% | lr: 6.25e-05 | 0.5s
  에폭 972/1500 | 손실: 0.4666 | 학습: 82.7% | 검증: 78.1% | lr: 6.25e-05 | 0.5s
  에폭 973/1500 | 손실: 0.4674 | 학습: 82.5% | 검증: 77.8% | lr: 6.25e-05 | 0.5s
  에폭 974/1500 | 손실: 0.4715 | 학습: 82.6% | 검증: 78.6% | lr: 6.25e-05 | 0.5s
  에폭 975/1500 | 손실: 0.4639 | 학습: 82.3% | 검증: 78.0% | lr: 6.25e-05 | 0.5s
  에폭 976/1500 | 손실: 0.4669 | 학습: 82.7% | 검증: 78.6% | lr: 6.25e-05 | 0.5s
  에폭 977/1500 | 손실: 0.4665 | 학습: 82.4% | 검증: 78.6% | lr: 6.25e-05 | 0.5s
  에폭 978/1500 | 손실: 0.4675 | 학습: 82.3% | 검증: 78.5% | lr: 6.25e-05 | 0.5s
  에폭 979/1500 | 손실: 0.4670 | 학습: 82.5% | 검증: 78.6% | lr: 6.25e-05 | 0.5s
  에폭 980/1500 | 손실: 0.4659 | 학습: 81.9% | 검증: 78.1% | lr: 6.25e-05 | 0.5s
  에폭 981/1500 | 손실: 0.4671 | 학습: 82.3% | 검증: 78.5% | lr: 6.25e-05 | 0.5s
  에폭 982/1500 | 손실: 0.4685 | 학습: 82.5% | 검증: 78.3% | lr: 6.25e-05 | 0.5s
  에폭 983/1500 | 손실: 0.4669 | 학습: 82.4% | 검증: 78.6% | lr: 6.25e-05 | 0.5s
  에폭 984/1500 | 손실: 0.4686 | 학습: 82.0% | 검증: 78.1% | lr: 6.25e-05 | 0.5s
  에폭 985/1500 | 손실: 0.4689 | 학습: 82.0% | 검증: 78.4% | lr: 6.25e-05 | 0.5s
  에폭 986/1500 | 손실: 0.4643 | 학습: 82.4% | 검증: 77.6% | lr: 6.25e-05 | 0.5s
  에폭 987/1500 | 손실: 0.4688 | 학습: 82.5% | 검증: 78.4% | lr: 6.25e-05 | 0.5s
  에폭 988/1500 | 손실: 0.4681 | 학습: 81.8% | 검증: 78.0% | lr: 6.25e-05 | 0.5s
  에폭 989/1500 | 손실: 0.4668 | 학습: 82.4% | 검증: 78.2% | lr: 6.25e-05 | 0.5s
  에폭 990/1500 | 손실: 0.4645 | 학습: 82.7% | 검증: 78.4% | lr: 6.25e-05 | 0.5s
  에폭 991/1500 | 손실: 0.4687 | 학습: 82.7% | 검증: 78.1% | lr: 6.25e-05 | 0.5s
  에폭 992/1500 | 손실: 0.4692 | 학습: 82.8% | 검증: 78.2% | lr: 6.25e-05 | 0.5s
  에폭 993/1500 | 손실: 0.4645 | 학습: 82.6% | 검증: 77.9% | lr: 6.25e-05 | 0.5s
  에폭 994/1500 | 손실: 0.4675 | 학습: 82.6% | 검증: 78.4% | lr: 6.25e-05 | 0.5s
  에폭 995/1500 | 손실: 0.4684 | 학습: 82.7% | 검증: 78.3% | lr: 6.25e-05 | 0.5s
  에폭 996/1500 | 손실: 0.4621 | 학습: 82.3% | 검증: 78.5% | lr: 6.25e-05 | 0.5s
  에폭 997/1500 | 손실: 0.4684 | 학습: 80.9% | 검증: 76.7% | lr: 6.25e-05 | 0.5s
  에폭 998/1500 | 손실: 0.4638 | 학습: 82.6% | 검증: 78.3% | lr: 6.25e-05 | 0.5s
  에폭 999/1500 | 손실: 0.4689 | 학습: 82.2% | 검증: 77.9% | lr: 6.25e-05 | 0.5s
  에폭 1000/1500 | 손실: 0.4725 | 학습: 82.6% | 검증: 78.7% | lr: 6.25e-05 | 0.6s
  에폭 1001/1500 | 손실: 0.4669 | 학습: 82.6% | 검증: 78.3% | lr: 6.25e-05 | 0.5s
  에폭 1002/1500 | 손실: 0.4655 | 학습: 83.0% | 검증: 78.6% | lr: 6.25e-05 | 0.5s
  에폭 1003/1500 | 손실: 0.4695 | 학습: 82.3% | 검증: 78.1% | lr: 6.25e-05 | 0.5s
  에폭 1004/1500 | 손실: 0.4676 | 학습: 82.5% | 검증: 78.4% | lr: 6.25e-05 | 0.5s
  에폭 1005/1500 | 손실: 0.4668 | 학습: 82.2% | 검증: 78.2% | lr: 6.25e-05 | 0.5s
  에폭 1006/1500 | 손실: 0.4658 | 학습: 82.5% | 검증: 78.1% | lr: 6.25e-05 | 0.5s
  에폭 1007/1500 | 손실: 0.4624 | 학습: 82.6% | 검증: 78.2% | lr: 6.25e-05 | 0.5s
  에폭 1008/1500 | 손실: 0.4665 | 학습: 82.4% | 검증: 78.4% | lr: 6.25e-05 | 0.5s
  에폭 1009/1500 | 손실: 0.4662 | 학습: 82.5% | 검증: 77.9% | lr: 6.25e-05 | 0.5s
  에폭 1010/1500 | 손실: 0.4660 | 학습: 82.6% | 검증: 78.0% | lr: 6.25e-05 | 0.5s
  에폭 1011/1500 | 손실: 0.4634 | 학습: 82.5% | 검증: 78.4% | lr: 6.25e-05 | 0.5s
  에폭 1012/1500 | 손실: 0.4652 | 학습: 82.3% | 검증: 78.3% | lr: 6.25e-05 | 0.5s
  에폭 1013/1500 | 손실: 0.4705 | 학습: 82.5% | 검증: 77.8% | lr: 6.25e-05 | 0.5s
  에폭 1014/1500 | 손실: 0.4696 | 학습: 82.5% | 검증: 78.4% | lr: 6.25e-05 | 0.5s
  에폭 1015/1500 | 손실: 0.4719 | 학습: 82.1% | 검증: 78.0% | lr: 6.25e-05 | 0.5s
  에폭 1016/1500 | 손실: 0.4652 | 학습: 81.9% | 검증: 77.8% | lr: 6.25e-05 | 0.5s
  에폭 1017/1500 | 손실: 0.4701 | 학습: 82.3% | 검증: 77.8% | lr: 6.25e-05 | 0.5s
  에폭 1018/1500 | 손실: 0.4685 | 학습: 82.6% | 검증: 78.4% | lr: 6.25e-05 | 0.5s
  에폭 1019/1500 | 손실: 0.4715 | 학습: 82.6% | 검증: 78.4% | lr: 6.25e-05 | 0.5s
  에폭 1020/1500 | 손실: 0.4647 | 학습: 82.7% | 검증: 78.1% | lr: 6.25e-05 | 0.5s
  에폭 1021/1500 | 손실: 0.4700 | 학습: 81.8% | 검증: 78.0% | lr: 6.25e-05 | 0.5s
  에폭 1022/1500 | 손실: 0.4678 | 학습: 82.1% | 검증: 78.0% | lr: 6.25e-05 | 0.5s
  에폭 1023/1500 | 손실: 0.4695 | 학습: 82.5% | 검증: 77.9% | lr: 6.25e-05 | 0.5s
  에폭 1024/1500 | 손실: 0.4660 | 학습: 82.5% | 검증: 78.5% | lr: 6.25e-05 | 0.5s
  에폭 1025/1500 | 손실: 0.4696 | 학습: 82.2% | 검증: 78.4% | lr: 6.25e-05 | 0.5s
  에폭 1026/1500 | 손실: 0.4695 | 학습: 82.4% | 검증: 78.3% | lr: 6.25e-05 | 0.5s
  에폭 1027/1500 | 손실: 0.4690 | 학습: 82.6% | 검증: 78.6% | lr: 6.25e-05 | 0.5s
  에폭 1028/1500 | 손실: 0.4679 | 학습: 82.4% | 검증: 78.3% | lr: 6.25e-05 | 0.5s
  에폭 1029/1500 | 손실: 0.4673 | 학습: 82.6% | 검증: 78.3% | lr: 6.25e-05 | 0.5s
  에폭 1030/1500 | 손실: 0.4649 | 학습: 82.7% | 검증: 78.6% | lr: 6.25e-05 | 0.5s
  에폭 1031/1500 | 손실: 0.4672 | 학습: 82.4% | 검증: 77.9% | lr: 6.25e-05 | 0.5s
  에폭 1032/1500 | 손실: 0.4674 | 학습: 82.4% | 검증: 78.2% | lr: 6.25e-05 | 0.5s
  에폭 1033/1500 | 손실: 0.4647 | 학습: 82.6% | 검증: 78.3% | lr: 6.25e-05 | 0.5s
  에폭 1034/1500 | 손실: 0.4696 | 학습: 82.7% | 검증: 78.6% | lr: 6.25e-05 | 0.5s
  에폭 1035/1500 | 손실: 0.4684 | 학습: 82.5% | 검증: 78.4% | lr: 6.25e-05 | 0.5s
  에폭 1036/1500 | 손실: 0.4644 | 학습: 82.5% | 검증: 78.3% | lr: 6.25e-05 | 0.5s
  에폭 1037/1500 | 손실: 0.4682 | 학습: 82.5% | 검증: 78.1% | lr: 6.25e-05 | 0.5s
  에폭 1038/1500 | 손실: 0.4648 | 학습: 82.6% | 검증: 78.2% | lr: 6.25e-05 | 0.5s
  에폭 1039/1500 | 손실: 0.4657 | 학습: 82.5% | 검증: 78.4% | lr: 6.25e-05 | 0.5s
  에폭 1040/1500 | 손실: 0.4704 | 학습: 82.8% | 검증: 78.4% | lr: 6.25e-05 | 0.5s
  에폭 1041/1500 | 손실: 0.4694 | 학습: 82.3% | 검증: 78.2% | lr: 6.25e-05 | 0.5s
  에폭 1042/1500 | 손실: 0.4662 | 학습: 82.6% | 검증: 78.5% | lr: 6.25e-05 | 0.5s
  에폭 1043/1500 | 손실: 0.4655 | 학습: 82.2% | 검증: 78.4% | lr: 6.25e-05 | 0.5s
  에폭 1044/1500 | 손실: 0.4642 | 학습: 82.8% | 검증: 78.6% | lr: 6.25e-05 | 0.5s
  에폭 1045/1500 | 손실: 0.4683 | 학습: 82.7% | 검증: 78.6% | lr: 6.25e-05 | 0.5s
  에폭 1046/1500 | 손실: 0.4670 | 학습: 82.6% | 검증: 78.1% | lr: 6.25e-05 | 0.5s
  에폭 1047/1500 | 손실: 0.4709 | 학습: 82.2% | 검증: 78.5% | lr: 3.13e-05 | 0.5s
  에폭 1048/1500 | 손실: 0.4656 | 학습: 82.5% | 검증: 78.6% | lr: 3.13e-05 | 0.5s
  에폭 1049/1500 | 손실: 0.4647 | 학습: 82.7% | 검증: 78.6% | lr: 3.13e-05 | 0.5s
  에폭 1050/1500 | 손실: 0.4664 | 학습: 82.5% | 검증: 78.1% | lr: 3.13e-05 | 0.5s
  에폭 1051/1500 | 손실: 0.4659 | 학습: 82.6% | 검증: 78.5% | lr: 3.13e-05 | 0.5s
  에폭 1052/1500 | 손실: 0.4633 | 학습: 82.5% | 검증: 78.4% | lr: 3.13e-05 | 0.5s
  에폭 1053/1500 | 손실: 0.4645 | 학습: 82.7% | 검증: 78.3% | lr: 3.13e-05 | 0.5s
  에폭 1054/1500 | 손실: 0.4695 | 학습: 82.4% | 검증: 78.1% | lr: 3.13e-05 | 0.5s
  에폭 1055/1500 | 손실: 0.4715 | 학습: 82.8% | 검증: 78.4% | lr: 3.13e-05 | 0.5s
  에폭 1056/1500 | 손실: 0.4673 | 학습: 81.9% | 검증: 78.0% | lr: 3.13e-05 | 0.5s
  에폭 1057/1500 | 손실: 0.4655 | 학습: 82.4% | 검증: 78.3% | lr: 3.13e-05 | 0.5s
  에폭 1058/1500 | 손실: 0.4692 | 학습: 82.4% | 검증: 78.4% | lr: 3.13e-05 | 0.5s
  에폭 1059/1500 | 손실: 0.4659 | 학습: 82.4% | 검증: 78.4% | lr: 3.13e-05 | 0.5s
  에폭 1060/1500 | 손실: 0.4712 | 학습: 82.2% | 검증: 77.6% | lr: 3.13e-05 | 0.6s
  에폭 1061/1500 | 손실: 0.4710 | 학습: 82.2% | 검증: 78.1% | lr: 3.13e-05 | 0.5s
  에폭 1062/1500 | 손실: 0.4637 | 학습: 82.5% | 검증: 78.4% | lr: 3.13e-05 | 0.5s
  에폭 1063/1500 | 손실: 0.4669 | 학습: 82.4% | 검증: 78.5% | lr: 3.13e-05 | 0.5s
  에폭 1064/1500 | 손실: 0.4661 | 학습: 82.4% | 검증: 77.9% | lr: 3.13e-05 | 0.5s
  에폭 1065/1500 | 손실: 0.4635 | 학습: 82.7% | 검증: 78.3% | lr: 3.13e-05 | 0.5s
  에폭 1066/1500 | 손실: 0.4653 | 학습: 82.6% | 검증: 78.5% | lr: 3.13e-05 | 0.5s
  에폭 1067/1500 | 손실: 0.4663 | 학습: 82.3% | 검증: 77.6% | lr: 3.13e-05 | 0.5s
  에폭 1068/1500 | 손실: 0.4712 | 학습: 82.5% | 검증: 78.0% | lr: 3.13e-05 | 0.5s
  에폭 1069/1500 | 손실: 0.4673 | 학습: 82.7% | 검증: 78.3% | lr: 3.13e-05 | 0.5s
  에폭 1070/1500 | 손실: 0.4682 | 학습: 82.4% | 검증: 78.2% | lr: 3.13e-05 | 0.5s
  에폭 1071/1500 | 손실: 0.4672 | 학습: 82.3% | 검증: 78.0% | lr: 3.13e-05 | 0.5s
  에폭 1072/1500 | 손실: 0.4645 | 학습: 82.6% | 검증: 78.4% | lr: 3.13e-05 | 0.5s
  에폭 1073/1500 | 손실: 0.4677 | 학습: 82.3% | 검증: 78.0% | lr: 3.13e-05 | 0.5s
  에폭 1074/1500 | 손실: 0.4650 | 학습: 82.6% | 검증: 78.5% | lr: 3.13e-05 | 0.5s
  에폭 1075/1500 | 손실: 0.4631 | 학습: 82.2% | 검증: 78.4% | lr: 3.13e-05 | 0.5s
  에폭 1076/1500 | 손실: 0.4646 | 학습: 82.4% | 검증: 77.9% | lr: 3.13e-05 | 0.5s
  에폭 1077/1500 | 손실: 0.4625 | 학습: 82.7% | 검증: 78.7% | lr: 3.13e-05 | 0.5s ★
  에폭 1078/1500 | 손실: 0.4688 | 학습: 82.4% | 검증: 78.3% | lr: 3.13e-05 | 0.5s
  에폭 1079/1500 | 손실: 0.4648 | 학습: 82.3% | 검증: 78.3% | lr: 3.13e-05 | 0.5s
  에폭 1080/1500 | 손실: 0.4695 | 학습: 82.6% | 검증: 78.1% | lr: 3.13e-05 | 0.5s
  에폭 1081/1500 | 손실: 0.4709 | 학습: 82.5% | 검증: 78.0% | lr: 3.13e-05 | 0.5s
  에폭 1082/1500 | 손실: 0.4711 | 학습: 82.7% | 검증: 78.5% | lr: 3.13e-05 | 0.5s
  에폭 1083/1500 | 손실: 0.4653 | 학습: 82.3% | 검증: 78.4% | lr: 3.13e-05 | 0.5s
  에폭 1084/1500 | 손실: 0.4672 | 학습: 82.7% | 검증: 78.4% | lr: 3.13e-05 | 0.5s
  에폭 1085/1500 | 손실: 0.4662 | 학습: 82.4% | 검증: 78.0% | lr: 3.13e-05 | 0.5s
  에폭 1086/1500 | 손실: 0.4641 | 학습: 82.4% | 검증: 78.3% | lr: 3.13e-05 | 0.5s
  에폭 1087/1500 | 손실: 0.4669 | 학습: 82.2% | 검증: 78.2% | lr: 3.13e-05 | 0.5s
  에폭 1088/1500 | 손실: 0.4651 | 학습: 82.8% | 검증: 78.0% | lr: 3.13e-05 | 0.5s
  에폭 1089/1500 | 손실: 0.4672 | 학습: 82.4% | 검증: 78.3% | lr: 3.13e-05 | 0.5s
  에폭 1090/1500 | 손실: 0.4635 | 학습: 82.2% | 검증: 78.0% | lr: 3.13e-05 | 0.5s
  에폭 1091/1500 | 손실: 0.4675 | 학습: 82.7% | 검증: 78.4% | lr: 3.13e-05 | 0.5s
  에폭 1092/1500 | 손실: 0.4682 | 학습: 82.2% | 검증: 78.5% | lr: 3.13e-05 | 0.5s
  에폭 1093/1500 | 손실: 0.4660 | 학습: 82.3% | 검증: 78.4% | lr: 3.13e-05 | 0.5s
  에폭 1094/1500 | 손실: 0.4666 | 학습: 82.8% | 검증: 78.3% | lr: 3.13e-05 | 0.5s
  에폭 1095/1500 | 손실: 0.4692 | 학습: 82.5% | 검증: 78.5% | lr: 3.13e-05 | 0.5s
  에폭 1096/1500 | 손실: 0.4663 | 학습: 82.0% | 검증: 78.3% | lr: 3.13e-05 | 0.5s
  에폭 1097/1500 | 손실: 0.4657 | 학습: 82.5% | 검증: 78.6% | lr: 3.13e-05 | 0.5s
  에폭 1098/1500 | 손실: 0.4673 | 학습: 82.5% | 검증: 78.8% | lr: 1.56e-05 | 0.5s ★
  에폭 1099/1500 | 손실: 0.4686 | 학습: 82.8% | 검증: 78.3% | lr: 1.56e-05 | 0.5s
  에폭 1100/1500 | 손실: 0.4693 | 학습: 82.5% | 검증: 78.0% | lr: 1.56e-05 | 0.5s
  에폭 1101/1500 | 손실: 0.4687 | 학습: 82.5% | 검증: 78.3% | lr: 1.56e-05 | 0.5s
  에폭 1102/1500 | 손실: 0.4640 | 학습: 82.6% | 검증: 78.4% | lr: 1.56e-05 | 0.5s
  에폭 1103/1500 | 손실: 0.4638 | 학습: 82.2% | 검증: 78.4% | lr: 1.56e-05 | 0.5s
  에폭 1104/1500 | 손실: 0.4631 | 학습: 82.3% | 검증: 78.0% | lr: 1.56e-05 | 0.5s
  에폭 1105/1500 | 손실: 0.4652 | 학습: 82.4% | 검증: 78.3% | lr: 1.56e-05 | 0.5s
  에폭 1106/1500 | 손실: 0.4619 | 학습: 82.7% | 검증: 78.2% | lr: 1.56e-05 | 0.5s
  에폭 1107/1500 | 손실: 0.4663 | 학습: 82.3% | 검증: 78.2% | lr: 1.56e-05 | 0.6s
  에폭 1108/1500 | 손실: 0.4633 | 학습: 82.3% | 검증: 78.2% | lr: 1.56e-05 | 0.5s
  에폭 1109/1500 | 손실: 0.4667 | 학습: 82.6% | 검증: 78.5% | lr: 1.56e-05 | 0.5s
  에폭 1110/1500 | 손실: 0.4654 | 학습: 82.9% | 검증: 78.5% | lr: 1.56e-05 | 0.5s
  에폭 1111/1500 | 손실: 0.4665 | 학습: 82.1% | 검증: 78.3% | lr: 1.56e-05 | 0.5s
  에폭 1112/1500 | 손실: 0.4675 | 학습: 82.4% | 검증: 78.4% | lr: 1.56e-05 | 0.5s
  에폭 1113/1500 | 손실: 0.4711 | 학습: 82.4% | 검증: 78.5% | lr: 1.56e-05 | 0.5s
  에폭 1114/1500 | 손실: 0.4666 | 학습: 82.3% | 검증: 78.3% | lr: 1.56e-05 | 0.5s
  에폭 1115/1500 | 손실: 0.4628 | 학습: 82.4% | 검증: 78.0% | lr: 1.56e-05 | 0.5s
  에폭 1116/1500 | 손실: 0.4670 | 학습: 82.7% | 검증: 78.3% | lr: 1.56e-05 | 0.5s
  에폭 1117/1500 | 손실: 0.4689 | 학습: 82.5% | 검증: 78.3% | lr: 1.56e-05 | 0.5s
  에폭 1118/1500 | 손실: 0.4695 | 학습: 82.4% | 검증: 78.6% | lr: 1.56e-05 | 0.5s
  에폭 1119/1500 | 손실: 0.4676 | 학습: 82.4% | 검증: 78.2% | lr: 1.56e-05 | 0.5s
  에폭 1120/1500 | 손실: 0.4687 | 학습: 82.3% | 검증: 78.2% | lr: 1.56e-05 | 0.5s
  에폭 1121/1500 | 손실: 0.4655 | 학습: 82.5% | 검증: 78.6% | lr: 1.56e-05 | 0.5s
  에폭 1122/1500 | 손실: 0.4648 | 학습: 82.3% | 검증: 78.4% | lr: 1.56e-05 | 0.5s
  에폭 1123/1500 | 손실: 0.4682 | 학습: 82.4% | 검증: 78.3% | lr: 1.56e-05 | 0.5s
  에폭 1124/1500 | 손실: 0.4688 | 학습: 82.2% | 검증: 78.2% | lr: 1.56e-05 | 0.5s
  에폭 1125/1500 | 손실: 0.4683 | 학습: 82.4% | 검증: 78.5% | lr: 1.56e-05 | 0.5s
  에폭 1126/1500 | 손실: 0.4649 | 학습: 82.6% | 검증: 78.2% | lr: 1.56e-05 | 0.5s
  에폭 1127/1500 | 손실: 0.4667 | 학습: 82.8% | 검증: 78.0% | lr: 1.56e-05 | 0.5s
  에폭 1128/1500 | 손실: 0.4659 | 학습: 82.6% | 검증: 78.5% | lr: 1.56e-05 | 0.5s
  에폭 1129/1500 | 손실: 0.4649 | 학습: 82.1% | 검증: 78.4% | lr: 1.56e-05 | 0.5s
  에폭 1130/1500 | 손실: 0.4646 | 학습: 82.2% | 검증: 78.4% | lr: 1.56e-05 | 0.5s
  에폭 1131/1500 | 손실: 0.4690 | 학습: 82.3% | 검증: 78.5% | lr: 1.56e-05 | 0.5s
  에폭 1132/1500 | 손실: 0.4661 | 학습: 82.4% | 검증: 78.3% | lr: 1.56e-05 | 0.5s
  에폭 1133/1500 | 손실: 0.4672 | 학습: 82.7% | 검증: 78.3% | lr: 1.56e-05 | 0.5s
  에폭 1134/1500 | 손실: 0.4661 | 학습: 82.4% | 검증: 78.4% | lr: 1.56e-05 | 0.5s
  에폭 1135/1500 | 손실: 0.4666 | 학습: 82.3% | 검증: 78.2% | lr: 1.56e-05 | 0.5s
  에폭 1136/1500 | 손실: 0.4626 | 학습: 82.5% | 검증: 78.3% | lr: 1.56e-05 | 0.5s
  에폭 1137/1500 | 손실: 0.4643 | 학습: 82.2% | 검증: 78.3% | lr: 1.56e-05 | 0.5s
  에폭 1138/1500 | 손실: 0.4663 | 학습: 82.0% | 검증: 78.0% | lr: 1.56e-05 | 0.5s
  에폭 1139/1500 | 손실: 0.4642 | 학습: 82.5% | 검증: 78.6% | lr: 1.56e-05 | 0.5s
  에폭 1140/1500 | 손실: 0.4667 | 학습: 82.7% | 검증: 78.4% | lr: 1.56e-05 | 0.5s
  에폭 1141/1500 | 손실: 0.4650 | 학습: 82.2% | 검증: 78.1% | lr: 1.56e-05 | 0.5s
  에폭 1142/1500 | 손실: 0.4668 | 학습: 82.8% | 검증: 78.2% | lr: 1.56e-05 | 0.5s
  에폭 1143/1500 | 손실: 0.4656 | 학습: 82.6% | 검증: 78.1% | lr: 1.56e-05 | 0.5s
  에폭 1144/1500 | 손실: 0.4703 | 학습: 82.6% | 검증: 78.6% | lr: 1.56e-05 | 0.5s
  에폭 1145/1500 | 손실: 0.4668 | 학습: 82.3% | 검증: 78.1% | lr: 1.56e-05 | 0.5s
  에폭 1146/1500 | 손실: 0.4690 | 학습: 82.0% | 검증: 78.2% | lr: 1.56e-05 | 0.5s
  에폭 1147/1500 | 손실: 0.4635 | 학습: 82.3% | 검증: 77.9% | lr: 1.56e-05 | 0.5s
  에폭 1148/1500 | 손실: 0.4717 | 학습: 82.2% | 검증: 78.5% | lr: 1.56e-05 | 0.5s
  에폭 1149/1500 | 손실: 0.4657 | 학습: 82.3% | 검증: 78.2% | lr: 1.56e-05 | 0.5s
  에폭 1150/1500 | 손실: 0.4708 | 학습: 82.3% | 검증: 78.3% | lr: 1.56e-05 | 0.5s
  에폭 1151/1500 | 손실: 0.4687 | 학습: 82.6% | 검증: 78.2% | lr: 1.56e-05 | 0.5s
  에폭 1152/1500 | 손실: 0.4703 | 학습: 82.2% | 검증: 78.0% | lr: 1.56e-05 | 0.5s
  에폭 1153/1500 | 손실: 0.4605 | 학습: 82.6% | 검증: 78.2% | lr: 1.56e-05 | 0.5s
  에폭 1154/1500 | 손실: 0.4642 | 학습: 82.6% | 검증: 78.0% | lr: 1.56e-05 | 0.5s
  에폭 1155/1500 | 손실: 0.4638 | 학습: 82.7% | 검증: 78.2% | lr: 1.56e-05 | 0.5s
  에폭 1156/1500 | 손실: 0.4691 | 학습: 82.5% | 검증: 78.6% | lr: 1.56e-05 | 0.5s
  에폭 1157/1500 | 손실: 0.4680 | 학습: 82.3% | 검증: 77.9% | lr: 1.56e-05 | 0.5s
  에폭 1158/1500 | 손실: 0.4650 | 학습: 82.5% | 검증: 78.2% | lr: 1.56e-05 | 0.5s
  에폭 1159/1500 | 손실: 0.4691 | 학습: 82.8% | 검증: 78.7% | lr: 1.56e-05 | 0.5s
  에폭 1160/1500 | 손실: 0.4701 | 학습: 82.7% | 검증: 78.2% | lr: 1.56e-05 | 0.5s
  에폭 1161/1500 | 손실: 0.4711 | 학습: 82.5% | 검증: 78.4% | lr: 1.56e-05 | 0.5s
  에폭 1162/1500 | 손실: 0.4689 | 학습: 82.7% | 검증: 78.3% | lr: 1.56e-05 | 0.5s
  에폭 1163/1500 | 손실: 0.4694 | 학습: 82.2% | 검증: 78.3% | lr: 1.56e-05 | 0.5s
  에폭 1164/1500 | 손실: 0.4680 | 학습: 82.6% | 검증: 78.0% | lr: 1.56e-05 | 0.5s
  에폭 1165/1500 | 손실: 0.4643 | 학습: 82.3% | 검증: 78.3% | lr: 1.56e-05 | 0.5s
  에폭 1166/1500 | 손실: 0.4617 | 학습: 82.5% | 검증: 78.3% | lr: 1.56e-05 | 0.5s
  에폭 1167/1500 | 손실: 0.4692 | 학습: 82.3% | 검증: 78.7% | lr: 1.56e-05 | 0.5s
  에폭 1168/1500 | 손실: 0.4668 | 학습: 82.6% | 검증: 78.0% | lr: 1.56e-05 | 0.6s
  에폭 1169/1500 | 손실: 0.4646 | 학습: 82.7% | 검증: 78.3% | lr: 1.56e-05 | 0.5s
  에폭 1170/1500 | 손실: 0.4612 | 학습: 82.3% | 검증: 78.1% | lr: 1.56e-05 | 0.5s
  에폭 1171/1500 | 손실: 0.4645 | 학습: 82.2% | 검증: 77.4% | lr: 1.56e-05 | 0.5s
  에폭 1172/1500 | 손실: 0.4676 | 학습: 82.6% | 검증: 78.4% | lr: 1.56e-05 | 0.5s
  에폭 1173/1500 | 손실: 0.4675 | 학습: 82.5% | 검증: 78.6% | lr: 1.56e-05 | 0.5s
  에폭 1174/1500 | 손실: 0.4665 | 학습: 82.6% | 검증: 78.3% | lr: 1.56e-05 | 0.5s
  에폭 1175/1500 | 손실: 0.4693 | 학습: 82.1% | 검증: 78.3% | lr: 1.56e-05 | 0.5s
  에폭 1176/1500 | 손실: 0.4673 | 학습: 82.7% | 검증: 78.4% | lr: 1.56e-05 | 0.5s
  에폭 1177/1500 | 손실: 0.4655 | 학습: 82.6% | 검증: 78.6% | lr: 1.56e-05 | 0.5s
  에폭 1178/1500 | 손실: 0.4664 | 학습: 82.0% | 검증: 78.3% | lr: 1.56e-05 | 0.5s
  에폭 1179/1500 | 손실: 0.4680 | 학습: 82.4% | 검증: 77.7% | lr: 1.56e-05 | 0.5s
  에폭 1180/1500 | 손실: 0.4668 | 학습: 82.5% | 검증: 78.6% | lr: 1.56e-05 | 0.5s
  에폭 1181/1500 | 손실: 0.4674 | 학습: 82.5% | 검증: 78.2% | lr: 1.56e-05 | 0.5s
  에폭 1182/1500 | 손실: 0.4686 | 학습: 82.6% | 검증: 77.9% | lr: 1.56e-05 | 0.5s
  에폭 1183/1500 | 손실: 0.4635 | 학습: 82.5% | 검증: 78.5% | lr: 1.56e-05 | 0.5s
  에폭 1184/1500 | 손실: 0.4662 | 학습: 82.3% | 검증: 78.2% | lr: 1.56e-05 | 0.5s
  에폭 1185/1500 | 손실: 0.4678 | 학습: 82.6% | 검증: 78.2% | lr: 1.56e-05 | 0.5s
  에폭 1186/1500 | 손실: 0.4708 | 학습: 82.7% | 검증: 78.2% | lr: 1.56e-05 | 0.5s
  에폭 1187/1500 | 손실: 0.4684 | 학습: 82.5% | 검증: 78.5% | lr: 1.56e-05 | 0.5s
  에폭 1188/1500 | 손실: 0.4643 | 학습: 82.8% | 검증: 78.7% | lr: 1.56e-05 | 0.5s
  에폭 1189/1500 | 손실: 0.4669 | 학습: 82.8% | 검증: 78.4% | lr: 1.56e-05 | 0.5s
  에폭 1190/1500 | 손실: 0.4648 | 학습: 82.8% | 검증: 78.1% | lr: 1.56e-05 | 0.5s
  에폭 1191/1500 | 손실: 0.4673 | 학습: 82.5% | 검증: 78.3% | lr: 1.56e-05 | 0.5s
  에폭 1192/1500 | 손실: 0.4648 | 학습: 82.6% | 검증: 78.4% | lr: 1.56e-05 | 0.5s
  에폭 1193/1500 | 손실: 0.4635 | 학습: 82.4% | 검증: 78.2% | lr: 1.56e-05 | 0.5s
  에폭 1194/1500 | 손실: 0.4647 | 학습: 82.3% | 검증: 78.1% | lr: 1.56e-05 | 0.5s
  에폭 1195/1500 | 손실: 0.4659 | 학습: 82.3% | 검증: 78.4% | lr: 1.56e-05 | 0.5s
  에폭 1196/1500 | 손실: 0.4658 | 학습: 82.0% | 검증: 77.6% | lr: 1.56e-05 | 0.5s
  에폭 1197/1500 | 손실: 0.4702 | 학습: 82.3% | 검증: 78.2% | lr: 1.56e-05 | 0.5s
  에폭 1198/1500 | 손실: 0.4658 | 학습: 82.7% | 검증: 78.5% | lr: 1.56e-05 | 0.5s
  에폭 1199/1500 | 손실: 0.4630 | 학습: 82.5% | 검증: 78.4% | lr: 1.56e-05 | 0.5s
  에폭 1200/1500 | 손실: 0.4648 | 학습: 82.5% | 검증: 77.9% | lr: 1.56e-05 | 0.5s
  에폭 1201/1500 | 손실: 0.4624 | 학습: 82.5% | 검증: 77.9% | lr: 1.56e-05 | 0.5s
  에폭 1202/1500 | 손실: 0.4659 | 학습: 82.7% | 검증: 78.2% | lr: 1.56e-05 | 0.5s
  에폭 1203/1500 | 손실: 0.4639 | 학습: 82.4% | 검증: 78.2% | lr: 1.56e-05 | 0.5s
  에폭 1204/1500 | 손실: 0.4661 | 학습: 82.1% | 검증: 77.9% | lr: 7.81e-06 | 0.5s
  에폭 1205/1500 | 손실: 0.4695 | 학습: 82.6% | 검증: 77.8% | lr: 7.81e-06 | 0.5s
  에폭 1206/1500 | 손실: 0.4673 | 학습: 82.4% | 검증: 78.4% | lr: 7.81e-06 | 0.5s
  에폭 1207/1500 | 손실: 0.4660 | 학습: 82.3% | 검증: 77.9% | lr: 7.81e-06 | 0.5s
  에폭 1208/1500 | 손실: 0.4615 | 학습: 82.7% | 검증: 78.1% | lr: 7.81e-06 | 0.5s
  에폭 1209/1500 | 손실: 0.4583 | 학습: 82.5% | 검증: 78.3% | lr: 7.81e-06 | 0.5s
  에폭 1210/1500 | 손실: 0.4661 | 학습: 82.5% | 검증: 78.3% | lr: 7.81e-06 | 0.5s
  에폭 1211/1500 | 손실: 0.4654 | 학습: 82.4% | 검증: 78.1% | lr: 7.81e-06 | 0.5s
  에폭 1212/1500 | 손실: 0.4649 | 학습: 82.1% | 검증: 78.3% | lr: 7.81e-06 | 0.5s
  에폭 1213/1500 | 손실: 0.4663 | 학습: 82.4% | 검증: 78.1% | lr: 7.81e-06 | 0.5s
  에폭 1214/1500 | 손실: 0.4637 | 학습: 82.5% | 검증: 77.7% | lr: 7.81e-06 | 0.5s
  에폭 1215/1500 | 손실: 0.4662 | 학습: 82.4% | 검증: 78.3% | lr: 7.81e-06 | 0.5s
  에폭 1216/1500 | 손실: 0.4720 | 학습: 82.7% | 검증: 78.4% | lr: 7.81e-06 | 0.5s
  에폭 1217/1500 | 손실: 0.4665 | 학습: 82.6% | 검증: 78.3% | lr: 7.81e-06 | 0.5s
  에폭 1218/1500 | 손실: 0.4691 | 학습: 82.4% | 검증: 78.7% | lr: 7.81e-06 | 0.5s
  에폭 1219/1500 | 손실: 0.4627 | 학습: 82.5% | 검증: 78.4% | lr: 7.81e-06 | 0.5s
  에폭 1220/1500 | 손실: 0.4658 | 학습: 82.1% | 검증: 78.4% | lr: 7.81e-06 | 0.5s
  에폭 1221/1500 | 손실: 0.4632 | 학습: 82.1% | 검증: 78.3% | lr: 7.81e-06 | 0.6s
  에폭 1222/1500 | 손실: 0.4714 | 학습: 82.6% | 검증: 78.4% | lr: 7.81e-06 | 0.5s
  에폭 1223/1500 | 손실: 0.4673 | 학습: 82.5% | 검증: 78.5% | lr: 7.81e-06 | 0.5s
  에폭 1224/1500 | 손실: 0.4690 | 학습: 82.6% | 검증: 78.2% | lr: 7.81e-06 | 0.5s
  에폭 1225/1500 | 손실: 0.4671 | 학습: 82.4% | 검증: 78.2% | lr: 7.81e-06 | 0.5s
  에폭 1226/1500 | 손실: 0.4672 | 학습: 81.8% | 검증: 78.2% | lr: 7.81e-06 | 0.5s
  에폭 1227/1500 | 손실: 0.4651 | 학습: 82.5% | 검증: 78.7% | lr: 7.81e-06 | 0.5s
  에폭 1228/1500 | 손실: 0.4635 | 학습: 82.4% | 검증: 78.1% | lr: 7.81e-06 | 0.5s
  에폭 1229/1500 | 손실: 0.4629 | 학습: 82.3% | 검증: 78.6% | lr: 7.81e-06 | 0.5s
  에폭 1230/1500 | 손실: 0.4672 | 학습: 82.4% | 검증: 78.3% | lr: 7.81e-06 | 0.5s
  에폭 1231/1500 | 손실: 0.4647 | 학습: 82.7% | 검증: 78.2% | lr: 7.81e-06 | 0.5s
  에폭 1232/1500 | 손실: 0.4684 | 학습: 82.6% | 검증: 78.1% | lr: 7.81e-06 | 0.5s
  에폭 1233/1500 | 손실: 0.4652 | 학습: 82.8% | 검증: 78.4% | lr: 7.81e-06 | 0.5s
  에폭 1234/1500 | 손실: 0.4670 | 학습: 82.3% | 검증: 78.0% | lr: 7.81e-06 | 0.5s
  에폭 1235/1500 | 손실: 0.4657 | 학습: 82.5% | 검증: 78.4% | lr: 7.81e-06 | 0.5s
  에폭 1236/1500 | 손실: 0.4673 | 학습: 82.6% | 검증: 78.5% | lr: 7.81e-06 | 0.5s
  에폭 1237/1500 | 손실: 0.4675 | 학습: 82.3% | 검증: 78.2% | lr: 7.81e-06 | 0.5s
  에폭 1238/1500 | 손실: 0.4701 | 학습: 82.8% | 검증: 78.1% | lr: 7.81e-06 | 0.5s
  에폭 1239/1500 | 손실: 0.4663 | 학습: 82.4% | 검증: 78.2% | lr: 7.81e-06 | 0.5s
  에폭 1240/1500 | 손실: 0.4652 | 학습: 81.9% | 검증: 78.0% | lr: 7.81e-06 | 0.5s
  에폭 1241/1500 | 손실: 0.4661 | 학습: 82.0% | 검증: 78.2% | lr: 7.81e-06 | 0.5s
  에폭 1242/1500 | 손실: 0.4641 | 학습: 82.2% | 검증: 77.8% | lr: 7.81e-06 | 0.5s
  에폭 1243/1500 | 손실: 0.4648 | 학습: 82.0% | 검증: 78.3% | lr: 7.81e-06 | 0.5s
  에폭 1244/1500 | 손실: 0.4644 | 학습: 82.1% | 검증: 78.2% | lr: 7.81e-06 | 0.5s
  에폭 1245/1500 | 손실: 0.4672 | 학습: 82.2% | 검증: 78.5% | lr: 7.81e-06 | 0.5s
  에폭 1246/1500 | 손실: 0.4663 | 학습: 82.1% | 검증: 78.1% | lr: 7.81e-06 | 0.5s
  에폭 1247/1500 | 손실: 0.4684 | 학습: 82.5% | 검증: 78.2% | lr: 7.81e-06 | 0.5s
  에폭 1248/1500 | 손실: 0.4675 | 학습: 82.4% | 검증: 78.4% | lr: 7.81e-06 | 0.5s
  에폭 1249/1500 | 손실: 0.4679 | 학습: 82.5% | 검증: 78.4% | lr: 7.81e-06 | 0.5s
  에폭 1250/1500 | 손실: 0.4683 | 학습: 82.4% | 검증: 78.1% | lr: 7.81e-06 | 0.5s
  에폭 1251/1500 | 손실: 0.4639 | 학습: 82.4% | 검증: 78.1% | lr: 7.81e-06 | 0.5s
  에폭 1252/1500 | 손실: 0.4647 | 학습: 82.3% | 검증: 78.5% | lr: 7.81e-06 | 0.5s
  에폭 1253/1500 | 손실: 0.4718 | 학습: 82.0% | 검증: 78.0% | lr: 7.81e-06 | 0.5s
  에폭 1254/1500 | 손실: 0.4630 | 학습: 82.6% | 검증: 78.3% | lr: 7.81e-06 | 0.5s
  에폭 1255/1500 | 손실: 0.4681 | 학습: 82.6% | 검증: 78.4% | lr: 7.81e-06 | 0.5s
  에폭 1256/1500 | 손실: 0.4665 | 학습: 82.6% | 검증: 78.7% | lr: 7.81e-06 | 0.5s
  에폭 1257/1500 | 손실: 0.4648 | 학습: 82.7% | 검증: 78.4% | lr: 7.81e-06 | 0.5s
  에폭 1258/1500 | 손실: 0.4666 | 학습: 82.4% | 검증: 78.2% | lr: 7.81e-06 | 0.5s
  에폭 1259/1500 | 손실: 0.4621 | 학습: 82.6% | 검증: 78.4% | lr: 7.81e-06 | 0.5s
  에폭 1260/1500 | 손실: 0.4671 | 학습: 82.3% | 검증: 77.7% | lr: 3.91e-06 | 0.5s
  에폭 1261/1500 | 손실: 0.4638 | 학습: 82.8% | 검증: 78.7% | lr: 3.91e-06 | 0.5s
  에폭 1262/1500 | 손실: 0.4655 | 학습: 82.3% | 검증: 77.8% | lr: 3.91e-06 | 0.5s
  에폭 1263/1500 | 손실: 0.4695 | 학습: 82.6% | 검증: 78.2% | lr: 3.91e-06 | 0.5s
  에폭 1264/1500 | 손실: 0.4673 | 학습: 82.6% | 검증: 78.7% | lr: 3.91e-06 | 0.5s
  에폭 1265/1500 | 손실: 0.4602 | 학습: 82.6% | 검증: 78.3% | lr: 3.91e-06 | 0.5s
  에폭 1266/1500 | 손실: 0.4655 | 학습: 82.7% | 검증: 78.1% | lr: 3.91e-06 | 0.5s
  에폭 1267/1500 | 손실: 0.4660 | 학습: 82.4% | 검증: 78.1% | lr: 3.91e-06 | 0.5s
  에폭 1268/1500 | 손실: 0.4680 | 학습: 82.6% | 검증: 78.2% | lr: 3.91e-06 | 0.5s
  에폭 1269/1500 | 손실: 0.4649 | 학습: 82.7% | 검증: 78.6% | lr: 3.91e-06 | 0.5s
  에폭 1270/1500 | 손실: 0.4677 | 학습: 82.6% | 검증: 78.7% | lr: 3.91e-06 | 0.5s
  에폭 1271/1500 | 손실: 0.4682 | 학습: 82.5% | 검증: 78.4% | lr: 3.91e-06 | 0.5s
  에폭 1272/1500 | 손실: 0.4642 | 학습: 82.4% | 검증: 78.8% | lr: 3.91e-06 | 0.5s
  에폭 1273/1500 | 손실: 0.4676 | 학습: 82.5% | 검증: 78.2% | lr: 3.91e-06 | 0.5s
  에폭 1274/1500 | 손실: 0.4674 | 학습: 82.4% | 검증: 77.9% | lr: 3.91e-06 | 0.5s
  에폭 1275/1500 | 손실: 0.4659 | 학습: 82.6% | 검증: 78.2% | lr: 3.91e-06 | 0.5s
  에폭 1276/1500 | 손실: 0.4623 | 학습: 82.2% | 검증: 78.0% | lr: 3.91e-06 | 0.5s
  에폭 1277/1500 | 손실: 0.4682 | 학습: 82.5% | 검증: 78.2% | lr: 3.91e-06 | 0.5s
  에폭 1278/1500 | 손실: 0.4637 | 학습: 82.5% | 검증: 78.1% | lr: 3.91e-06 | 0.5s
  에폭 1279/1500 | 손실: 0.4668 | 학습: 82.8% | 검증: 78.3% | lr: 3.91e-06 | 0.5s
  에폭 1280/1500 | 손실: 0.4673 | 학습: 82.5% | 검증: 78.4% | lr: 3.91e-06 | 0.5s
  에폭 1281/1500 | 손실: 0.4626 | 학습: 82.6% | 검증: 78.2% | lr: 3.91e-06 | 0.6s
  에폭 1282/1500 | 손실: 0.4696 | 학습: 82.5% | 검증: 78.1% | lr: 3.91e-06 | 0.5s
  에폭 1283/1500 | 손실: 0.4651 | 학습: 81.9% | 검증: 77.7% | lr: 3.91e-06 | 0.5s
  에폭 1284/1500 | 손실: 0.4696 | 학습: 82.5% | 검증: 78.4% | lr: 3.91e-06 | 0.5s
  에폭 1285/1500 | 손실: 0.4698 | 학습: 81.8% | 검증: 77.5% | lr: 3.91e-06 | 0.5s
  에폭 1286/1500 | 손실: 0.4661 | 학습: 82.4% | 검증: 78.3% | lr: 3.91e-06 | 0.5s
  에폭 1287/1500 | 손실: 0.4680 | 학습: 82.4% | 검증: 78.3% | lr: 3.91e-06 | 0.5s
  에폭 1288/1500 | 손실: 0.4690 | 학습: 82.6% | 검증: 78.6% | lr: 3.91e-06 | 0.5s
  에폭 1289/1500 | 손실: 0.4625 | 학습: 82.1% | 검증: 78.1% | lr: 3.91e-06 | 0.5s
  에폭 1290/1500 | 손실: 0.4665 | 학습: 82.5% | 검증: 78.5% | lr: 3.91e-06 | 0.5s
  에폭 1291/1500 | 손실: 0.4671 | 학습: 82.5% | 검증: 78.2% | lr: 3.91e-06 | 0.5s
  에폭 1292/1500 | 손실: 0.4663 | 학습: 82.6% | 검증: 78.1% | lr: 3.91e-06 | 0.5s
  에폭 1293/1500 | 손실: 0.4656 | 학습: 82.4% | 검증: 78.5% | lr: 3.91e-06 | 0.5s
  에폭 1294/1500 | 손실: 0.4691 | 학습: 82.6% | 검증: 78.6% | lr: 3.91e-06 | 0.5s
  에폭 1295/1500 | 손실: 0.4666 | 학습: 82.3% | 검증: 78.2% | lr: 3.91e-06 | 0.5s
  에폭 1296/1500 | 손실: 0.4651 | 학습: 82.2% | 검증: 77.9% | lr: 3.91e-06 | 0.5s
  에폭 1297/1500 | 손실: 0.4653 | 학습: 82.6% | 검증: 78.3% | lr: 3.91e-06 | 0.5s
  에폭 1298/1500 | 손실: 0.4670 | 학습: 82.7% | 검증: 78.1% | lr: 3.91e-06 | 0.5s
  에폭 1299/1500 | 손실: 0.4647 | 학습: 82.7% | 검증: 78.3% | lr: 3.91e-06 | 0.5s
  에폭 1300/1500 | 손실: 0.4650 | 학습: 82.5% | 검증: 78.2% | lr: 3.91e-06 | 0.5s
  에폭 1301/1500 | 손실: 0.4679 | 학습: 82.6% | 검증: 78.5% | lr: 3.91e-06 | 0.5s
  에폭 1302/1500 | 손실: 0.4649 | 학습: 82.5% | 검증: 78.3% | lr: 3.91e-06 | 0.5s
  에폭 1303/1500 | 손실: 0.4657 | 학습: 82.6% | 검증: 78.3% | lr: 3.91e-06 | 0.5s
  에폭 1304/1500 | 손실: 0.4681 | 학습: 82.0% | 검증: 78.1% | lr: 3.91e-06 | 0.5s
  에폭 1305/1500 | 손실: 0.4647 | 학습: 82.6% | 검증: 78.5% | lr: 3.91e-06 | 0.5s
  에폭 1306/1500 | 손실: 0.4708 | 학습: 82.8% | 검증: 78.7% | lr: 3.91e-06 | 0.5s
  에폭 1307/1500 | 손실: 0.4695 | 학습: 83.0% | 검증: 78.4% | lr: 3.91e-06 | 0.5s
  에폭 1308/1500 | 손실: 0.4684 | 학습: 82.2% | 검증: 78.6% | lr: 3.91e-06 | 0.5s
  에폭 1309/1500 | 손실: 0.4638 | 학습: 81.8% | 검증: 78.2% | lr: 3.91e-06 | 0.5s
  에폭 1310/1500 | 손실: 0.4674 | 학습: 82.7% | 검증: 78.6% | lr: 3.91e-06 | 0.5s
  에폭 1311/1500 | 손실: 0.4646 | 학습: 82.6% | 검증: 78.5% | lr: 1.95e-06 | 0.5s
  에폭 1312/1500 | 손실: 0.4682 | 학습: 82.4% | 검증: 78.1% | lr: 1.95e-06 | 0.5s
  에폭 1313/1500 | 손실: 0.4701 | 학습: 82.7% | 검증: 78.3% | lr: 1.95e-06 | 0.5s
  에폭 1314/1500 | 손실: 0.4648 | 학습: 82.7% | 검증: 78.6% | lr: 1.95e-06 | 0.5s
  에폭 1315/1500 | 손실: 0.4641 | 학습: 82.7% | 검증: 78.7% | lr: 1.95e-06 | 0.5s
  에폭 1316/1500 | 손실: 0.4658 | 학습: 82.8% | 검증: 78.7% | lr: 1.95e-06 | 0.5s
  에폭 1317/1500 | 손실: 0.4683 | 학습: 82.6% | 검증: 78.5% | lr: 1.95e-06 | 0.5s
  에폭 1318/1500 | 손실: 0.4645 | 학습: 82.7% | 검증: 78.1% | lr: 1.95e-06 | 0.5s
  에폭 1319/1500 | 손실: 0.4656 | 학습: 82.6% | 검증: 78.6% | lr: 1.95e-06 | 0.5s
  에폭 1320/1500 | 손실: 0.4671 | 학습: 82.6% | 검증: 78.7% | lr: 1.95e-06 | 0.5s
  에폭 1321/1500 | 손실: 0.4673 | 학습: 82.6% | 검증: 78.5% | lr: 1.95e-06 | 0.5s
  에폭 1322/1500 | 손실: 0.4675 | 학습: 82.6% | 검증: 78.5% | lr: 1.95e-06 | 0.5s
  에폭 1323/1500 | 손실: 0.4657 | 학습: 82.6% | 검증: 78.4% | lr: 1.95e-06 | 0.5s
  에폭 1324/1500 | 손실: 0.4682 | 학습: 82.5% | 검증: 78.5% | lr: 1.95e-06 | 0.5s
  에폭 1325/1500 | 손실: 0.4653 | 학습: 82.3% | 검증: 78.2% | lr: 1.95e-06 | 0.5s
  에폭 1326/1500 | 손실: 0.4681 | 학습: 82.5% | 검증: 78.1% | lr: 1.95e-06 | 0.5s
  에폭 1327/1500 | 손실: 0.4668 | 학습: 82.8% | 검증: 78.4% | lr: 1.95e-06 | 0.5s
  에폭 1328/1500 | 손실: 0.4617 | 학습: 82.8% | 검증: 78.8% | lr: 1.95e-06 | 0.5s
  에폭 1329/1500 | 손실: 0.4688 | 학습: 82.7% | 검증: 78.4% | lr: 1.95e-06 | 0.5s
  에폭 1330/1500 | 손실: 0.4625 | 학습: 82.6% | 검증: 78.2% | lr: 1.95e-06 | 0.5s
  에폭 1331/1500 | 손실: 0.4660 | 학습: 82.2% | 검증: 78.3% | lr: 1.95e-06 | 0.5s
  에폭 1332/1500 | 손실: 0.4632 | 학습: 82.6% | 검증: 78.5% | lr: 1.95e-06 | 0.5s
  에폭 1333/1500 | 손실: 0.4665 | 학습: 82.6% | 검증: 78.6% | lr: 1.95e-06 | 0.5s
  에폭 1334/1500 | 손실: 0.4653 | 학습: 82.7% | 검증: 78.1% | lr: 1.95e-06 | 0.5s
  에폭 1335/1500 | 손실: 0.4639 | 학습: 82.3% | 검증: 78.2% | lr: 1.95e-06 | 0.6s
  에폭 1336/1500 | 손실: 0.4699 | 학습: 82.5% | 검증: 78.6% | lr: 1.95e-06 | 0.5s
  에폭 1337/1500 | 손실: 0.4688 | 학습: 82.7% | 검증: 78.3% | lr: 1.95e-06 | 0.5s
  에폭 1338/1500 | 손실: 0.4724 | 학습: 82.6% | 검증: 78.9% | lr: 1.95e-06 | 0.5s ★
  에폭 1339/1500 | 손실: 0.4648 | 학습: 82.3% | 검증: 78.5% | lr: 1.95e-06 | 0.5s
  에폭 1340/1500 | 손실: 0.4692 | 학습: 82.6% | 검증: 78.2% | lr: 1.95e-06 | 0.5s
  에폭 1341/1500 | 손실: 0.4630 | 학습: 82.7% | 검증: 78.4% | lr: 1.95e-06 | 0.5s
  에폭 1342/1500 | 손실: 0.4613 | 학습: 82.7% | 검증: 78.2% | lr: 1.95e-06 | 0.5s
  에폭 1343/1500 | 손실: 0.4646 | 학습: 82.4% | 검증: 78.0% | lr: 1.95e-06 | 0.5s
  에폭 1344/1500 | 손실: 0.4649 | 학습: 82.7% | 검증: 78.5% | lr: 1.95e-06 | 0.5s
  에폭 1345/1500 | 손실: 0.4682 | 학습: 82.6% | 검증: 78.3% | lr: 1.95e-06 | 0.5s
  에폭 1346/1500 | 손실: 0.4650 | 학습: 82.1% | 검증: 78.0% | lr: 1.95e-06 | 0.5s
  에폭 1347/1500 | 손실: 0.4659 | 학습: 82.9% | 검증: 78.3% | lr: 1.95e-06 | 0.5s
  에폭 1348/1500 | 손실: 0.4689 | 학습: 82.7% | 검증: 78.4% | lr: 1.95e-06 | 0.6s
  에폭 1349/1500 | 손실: 0.4628 | 학습: 82.3% | 검증: 78.2% | lr: 1.95e-06 | 0.7s
  에폭 1350/1500 | 손실: 0.4669 | 학습: 82.5% | 검증: 78.2% | lr: 1.95e-06 | 0.6s
  에폭 1351/1500 | 손실: 0.4638 | 학습: 82.6% | 검증: 78.5% | lr: 1.95e-06 | 0.7s
  에폭 1352/1500 | 손실: 0.4662 | 학습: 82.1% | 검증: 78.4% | lr: 1.95e-06 | 0.6s
  에폭 1353/1500 | 손실: 0.4674 | 학습: 82.3% | 검증: 78.5% | lr: 1.95e-06 | 0.5s
  에폭 1354/1500 | 손실: 0.4667 | 학습: 82.3% | 검증: 78.1% | lr: 1.95e-06 | 0.5s
  에폭 1355/1500 | 손실: 0.4659 | 학습: 82.5% | 검증: 78.4% | lr: 1.95e-06 | 0.5s
  에폭 1356/1500 | 손실: 0.4662 | 학습: 82.4% | 검증: 78.1% | lr: 1.95e-06 | 0.5s
  에폭 1357/1500 | 손실: 0.4673 | 학습: 82.9% | 검증: 78.6% | lr: 1.95e-06 | 0.5s
  에폭 1358/1500 | 손실: 0.4675 | 학습: 82.1% | 검증: 78.2% | lr: 1.95e-06 | 0.5s
  에폭 1359/1500 | 손실: 0.4666 | 학습: 82.5% | 검증: 78.4% | lr: 1.95e-06 | 0.5s
  에폭 1360/1500 | 손실: 0.4663 | 학습: 82.5% | 검증: 78.2% | lr: 1.95e-06 | 0.5s
  에폭 1361/1500 | 손실: 0.4594 | 학습: 82.6% | 검증: 78.2% | lr: 1.95e-06 | 0.5s
  에폭 1362/1500 | 손실: 0.4653 | 학습: 82.2% | 검증: 78.2% | lr: 1.00e-06 | 0.5s
  에폭 1363/1500 | 손실: 0.4667 | 학습: 82.8% | 검증: 78.4% | lr: 1.00e-06 | 0.5s
  에폭 1364/1500 | 손실: 0.4689 | 학습: 82.7% | 검증: 78.1% | lr: 1.00e-06 | 0.5s
  에폭 1365/1500 | 손실: 0.4685 | 학습: 82.7% | 검증: 78.5% | lr: 1.00e-06 | 0.5s
  에폭 1366/1500 | 손실: 0.4619 | 학습: 82.8% | 검증: 78.2% | lr: 1.00e-06 | 0.5s
  에폭 1367/1500 | 손실: 0.4674 | 학습: 82.4% | 검증: 78.3% | lr: 1.00e-06 | 0.5s
  에폭 1368/1500 | 손실: 0.4639 | 학습: 82.4% | 검증: 78.6% | lr: 1.00e-06 | 0.5s
  에폭 1369/1500 | 손실: 0.4693 | 학습: 82.9% | 검증: 78.4% | lr: 1.00e-06 | 0.5s
  에폭 1370/1500 | 손실: 0.4671 | 학습: 82.2% | 검증: 78.2% | lr: 1.00e-06 | 0.5s
  에폭 1371/1500 | 손실: 0.4690 | 학습: 82.5% | 검증: 78.8% | lr: 1.00e-06 | 0.5s
  에폭 1372/1500 | 손실: 0.4682 | 학습: 82.4% | 검증: 78.4% | lr: 1.00e-06 | 0.5s
  에폭 1373/1500 | 손실: 0.4635 | 학습: 82.3% | 검증: 78.4% | lr: 1.00e-06 | 0.5s
  에폭 1374/1500 | 손실: 0.4658 | 학습: 82.5% | 검증: 77.9% | lr: 1.00e-06 | 0.5s
  에폭 1375/1500 | 손실: 0.4699 | 학습: 82.7% | 검증: 78.5% | lr: 1.00e-06 | 0.5s
  에폭 1376/1500 | 손실: 0.4658 | 학습: 82.4% | 검증: 78.4% | lr: 1.00e-06 | 0.5s
  에폭 1377/1500 | 손실: 0.4679 | 학습: 82.2% | 검증: 78.5% | lr: 1.00e-06 | 0.5s
  에폭 1378/1500 | 손실: 0.4631 | 학습: 82.5% | 검증: 78.4% | lr: 1.00e-06 | 0.7s
  에폭 1379/1500 | 손실: 0.4694 | 학습: 82.8% | 검증: 78.2% | lr: 1.00e-06 | 0.6s
  에폭 1380/1500 | 손실: 0.4660 | 학습: 81.9% | 검증: 77.9% | lr: 1.00e-06 | 0.7s
  에폭 1381/1500 | 손실: 0.4657 | 학습: 82.5% | 검증: 78.3% | lr: 1.00e-06 | 0.6s
  에폭 1382/1500 | 손실: 0.4671 | 학습: 82.6% | 검증: 78.4% | lr: 1.00e-06 | 0.5s
  에폭 1383/1500 | 손실: 0.4659 | 학습: 82.6% | 검증: 78.4% | lr: 1.00e-06 | 0.5s
  에폭 1384/1500 | 손실: 0.4643 | 학습: 82.3% | 검증: 78.2% | lr: 1.00e-06 | 0.5s
  에폭 1385/1500 | 손실: 0.4644 | 학습: 82.1% | 검증: 78.1% | lr: 1.00e-06 | 0.5s
  에폭 1386/1500 | 손실: 0.4676 | 학습: 82.5% | 검증: 78.0% | lr: 1.00e-06 | 0.5s
  에폭 1387/1500 | 손실: 0.4652 | 학습: 82.9% | 검증: 78.3% | lr: 1.00e-06 | 0.6s
  에폭 1388/1500 | 손실: 0.4656 | 학습: 82.7% | 검증: 78.4% | lr: 1.00e-06 | 0.5s
  에폭 1389/1500 | 손실: 0.4678 | 학습: 82.5% | 검증: 78.3% | lr: 1.00e-06 | 0.5s
  에폭 1390/1500 | 손실: 0.4672 | 학습: 82.5% | 검증: 78.0% | lr: 1.00e-06 | 0.5s
  에폭 1391/1500 | 손실: 0.4621 | 학습: 82.5% | 검증: 78.5% | lr: 1.00e-06 | 0.6s
  에폭 1392/1500 | 손실: 0.4706 | 학습: 82.5% | 검증: 78.8% | lr: 1.00e-06 | 0.5s
  에폭 1393/1500 | 손실: 0.4652 | 학습: 82.4% | 검증: 78.1% | lr: 1.00e-06 | 0.6s
  에폭 1394/1500 | 손실: 0.4604 | 학습: 82.4% | 검증: 78.3% | lr: 1.00e-06 | 0.5s
  에폭 1395/1500 | 손실: 0.4673 | 학습: 82.6% | 검증: 78.5% | lr: 1.00e-06 | 0.5s
  에폭 1396/1500 | 손실: 0.4603 | 학습: 82.6% | 검증: 78.5% | lr: 1.00e-06 | 0.5s
  에폭 1397/1500 | 손실: 0.4697 | 학습: 82.5% | 검증: 78.4% | lr: 1.00e-06 | 0.6s
  에폭 1398/1500 | 손실: 0.4626 | 학습: 82.6% | 검증: 78.7% | lr: 1.00e-06 | 0.6s
  에폭 1399/1500 | 손실: 0.4639 | 학습: 82.5% | 검증: 78.1% | lr: 1.00e-06 | 0.5s
  에폭 1400/1500 | 손실: 0.4663 | 학습: 82.7% | 검증: 78.1% | lr: 1.00e-06 | 0.5s
  에폭 1401/1500 | 손실: 0.4650 | 학습: 82.4% | 검증: 78.2% | lr: 1.00e-06 | 0.6s
  에폭 1402/1500 | 손실: 0.4649 | 학습: 82.5% | 검증: 78.5% | lr: 1.00e-06 | 0.6s
  에폭 1403/1500 | 손실: 0.4663 | 학습: 82.7% | 검증: 78.4% | lr: 1.00e-06 | 0.5s
  에폭 1404/1500 | 손실: 0.4647 | 학습: 82.0% | 검증: 78.1% | lr: 1.00e-06 | 0.5s
  에폭 1405/1500 | 손실: 0.4679 | 학습: 82.1% | 검증: 78.3% | lr: 1.00e-06 | 0.6s
  에폭 1406/1500 | 손실: 0.4632 | 학습: 82.4% | 검증: 78.3% | lr: 1.00e-06 | 0.5s
  에폭 1407/1500 | 손실: 0.4661 | 학습: 82.5% | 검증: 77.9% | lr: 1.00e-06 | 0.5s
  에폭 1408/1500 | 손실: 0.4695 | 학습: 82.9% | 검증: 78.3% | lr: 1.00e-06 | 0.5s
  에폭 1409/1500 | 손실: 0.4697 | 학습: 82.6% | 검증: 78.1% | lr: 1.00e-06 | 0.6s
  에폭 1410/1500 | 손실: 0.4665 | 학습: 82.2% | 검증: 78.2% | lr: 1.00e-06 | 0.5s
  에폭 1411/1500 | 손실: 0.4679 | 학습: 82.8% | 검증: 78.4% | lr: 1.00e-06 | 0.6s
  에폭 1412/1500 | 손실: 0.4691 | 학습: 82.8% | 검증: 78.4% | lr: 1.00e-06 | 0.5s
  에폭 1413/1500 | 손실: 0.4669 | 학습: 82.4% | 검증: 78.5% | lr: 1.00e-06 | 0.5s
  에폭 1414/1500 | 손실: 0.4675 | 학습: 82.5% | 검증: 78.0% | lr: 1.00e-06 | 0.5s
  에폭 1415/1500 | 손실: 0.4649 | 학습: 82.6% | 검증: 78.3% | lr: 1.00e-06 | 0.7s
  에폭 1416/1500 | 손실: 0.4706 | 학습: 82.4% | 검증: 78.2% | lr: 1.00e-06 | 0.7s
  에폭 1417/1500 | 손실: 0.4683 | 학습: 82.0% | 검증: 78.1% | lr: 1.00e-06 | 0.5s
  에폭 1418/1500 | 손실: 0.4719 | 학습: 82.5% | 검증: 77.9% | lr: 1.00e-06 | 0.5s
  에폭 1419/1500 | 손실: 0.4619 | 학습: 82.7% | 검증: 78.6% | lr: 1.00e-06 | 0.5s
  에폭 1420/1500 | 손실: 0.4600 | 학습: 80.0% | 검증: 76.2% | lr: 1.00e-06 | 0.5s
  에폭 1421/1500 | 손실: 0.4673 | 학습: 82.0% | 검증: 78.1% | lr: 1.00e-06 | 0.5s
  에폭 1422/1500 | 손실: 0.4721 | 학습: 82.4% | 검증: 78.2% | lr: 1.00e-06 | 0.5s
  에폭 1423/1500 | 손실: 0.4646 | 학습: 82.3% | 검증: 78.5% | lr: 1.00e-06 | 0.5s
  에폭 1424/1500 | 손실: 0.4679 | 학습: 82.8% | 검증: 78.5% | lr: 1.00e-06 | 0.5s
  에폭 1425/1500 | 손실: 0.4659 | 학습: 82.5% | 검증: 78.3% | lr: 1.00e-06 | 0.6s
  에폭 1426/1500 | 손실: 0.4672 | 학습: 82.4% | 검증: 78.4% | lr: 1.00e-06 | 0.5s
  에폭 1427/1500 | 손실: 0.4631 | 학습: 82.6% | 검증: 78.4% | lr: 1.00e-06 | 0.5s
  에폭 1428/1500 | 손실: 0.4647 | 학습: 82.3% | 검증: 77.9% | lr: 1.00e-06 | 0.5s
  에폭 1429/1500 | 손실: 0.4620 | 학습: 82.6% | 검증: 78.4% | lr: 1.00e-06 | 0.5s
  에폭 1430/1500 | 손실: 0.4606 | 학습: 82.3% | 검증: 78.4% | lr: 1.00e-06 | 0.5s
  에폭 1431/1500 | 손실: 0.4620 | 학습: 82.5% | 검증: 78.7% | lr: 1.00e-06 | 0.5s
  에폭 1432/1500 | 손실: 0.4648 | 학습: 82.3% | 검증: 78.6% | lr: 1.00e-06 | 0.5s
  에폭 1433/1500 | 손실: 0.4654 | 학습: 82.3% | 검증: 78.1% | lr: 1.00e-06 | 0.5s
  에폭 1434/1500 | 손실: 0.4732 | 학습: 82.0% | 검증: 77.9% | lr: 1.00e-06 | 0.5s
  에폭 1435/1500 | 손실: 0.4656 | 학습: 82.9% | 검증: 78.2% | lr: 1.00e-06 | 0.6s
  에폭 1436/1500 | 손실: 0.4661 | 학습: 82.3% | 검증: 78.3% | lr: 1.00e-06 | 0.5s
  에폭 1437/1500 | 손실: 0.4668 | 학습: 82.8% | 검증: 78.2% | lr: 1.00e-06 | 0.5s
  에폭 1438/1500 | 손실: 0.4650 | 학습: 82.4% | 검증: 77.8% | lr: 1.00e-06 | 0.5s
  에폭 1439/1500 | 손실: 0.4669 | 학습: 82.7% | 검증: 78.4% | lr: 1.00e-06 | 0.5s
  에폭 1440/1500 | 손실: 0.4696 | 학습: 82.6% | 검증: 78.2% | lr: 1.00e-06 | 0.5s
  에폭 1441/1500 | 손실: 0.4627 | 학습: 82.6% | 검증: 78.1% | lr: 1.00e-06 | 0.5s
  에폭 1442/1500 | 손실: 0.4653 | 학습: 82.6% | 검증: 78.0% | lr: 1.00e-06 | 0.5s
  에폭 1443/1500 | 손실: 0.4658 | 학습: 82.6% | 검증: 78.4% | lr: 1.00e-06 | 0.5s
  에폭 1444/1500 | 손실: 0.4680 | 학습: 82.5% | 검증: 78.4% | lr: 1.00e-06 | 0.6s
  에폭 1445/1500 | 손실: 0.4651 | 학습: 82.2% | 검증: 78.0% | lr: 1.00e-06 | 0.6s
  에폭 1446/1500 | 손실: 0.4650 | 학습: 82.6% | 검증: 78.1% | lr: 1.00e-06 | 0.6s
  에폭 1447/1500 | 손실: 0.4627 | 학습: 82.7% | 검증: 78.2% | lr: 1.00e-06 | 0.5s
  에폭 1448/1500 | 손실: 0.4701 | 학습: 82.9% | 검증: 78.3% | lr: 1.00e-06 | 0.5s
  에폭 1449/1500 | 손실: 0.4631 | 학습: 82.6% | 검증: 78.2% | lr: 1.00e-06 | 0.5s
  에폭 1450/1500 | 손실: 0.4663 | 학습: 82.2% | 검증: 78.3% | lr: 1.00e-06 | 0.5s
  에폭 1451/1500 | 손실: 0.4697 | 학습: 82.8% | 검증: 78.0% | lr: 1.00e-06 | 0.5s
  에폭 1452/1500 | 손실: 0.4683 | 학습: 82.5% | 검증: 78.4% | lr: 1.00e-06 | 0.5s
  에폭 1453/1500 | 손실: 0.4672 | 학습: 82.7% | 검증: 78.7% | lr: 1.00e-06 | 0.5s
  에폭 1454/1500 | 손실: 0.4648 | 학습: 81.9% | 검증: 77.9% | lr: 1.00e-06 | 0.5s
  에폭 1455/1500 | 손실: 0.4631 | 학습: 82.7% | 검증: 78.6% | lr: 1.00e-06 | 0.5s
  에폭 1456/1500 | 손실: 0.4667 | 학습: 82.3% | 검증: 78.4% | lr: 1.00e-06 | 0.5s
  에폭 1457/1500 | 손실: 0.4627 | 학습: 82.4% | 검증: 78.1% | lr: 1.00e-06 | 0.5s
  에폭 1458/1500 | 손실: 0.4632 | 학습: 82.6% | 검증: 78.6% | lr: 1.00e-06 | 0.5s
  에폭 1459/1500 | 손실: 0.4628 | 학습: 82.4% | 검증: 78.4% | lr: 1.00e-06 | 0.5s
  에폭 1460/1500 | 손실: 0.4642 | 학습: 82.5% | 검증: 78.7% | lr: 1.00e-06 | 0.6s
  에폭 1461/1500 | 손실: 0.4678 | 학습: 82.9% | 검증: 78.3% | lr: 1.00e-06 | 0.5s
  에폭 1462/1500 | 손실: 0.4689 | 학습: 82.6% | 검증: 78.7% | lr: 1.00e-06 | 0.5s
  에폭 1463/1500 | 손실: 0.4676 | 학습: 82.6% | 검증: 77.8% | lr: 1.00e-06 | 0.5s
  에폭 1464/1500 | 손실: 0.4682 | 학습: 82.0% | 검증: 78.1% | lr: 1.00e-06 | 0.5s
  에폭 1465/1500 | 손실: 0.4684 | 학습: 82.4% | 검증: 77.9% | lr: 1.00e-06 | 0.5s
  에폭 1466/1500 | 손실: 0.4701 | 학습: 82.6% | 검증: 78.6% | lr: 1.00e-06 | 0.5s
  에폭 1467/1500 | 손실: 0.4663 | 학습: 82.7% | 검증: 78.3% | lr: 1.00e-06 | 0.5s
  에폭 1468/1500 | 손실: 0.4657 | 학습: 82.8% | 검증: 78.4% | lr: 1.00e-06 | 0.5s
  에폭 1469/1500 | 손실: 0.4618 | 학습: 82.4% | 검증: 78.2% | lr: 1.00e-06 | 0.5s
  에폭 1470/1500 | 손실: 0.4641 | 학습: 82.5% | 검증: 78.6% | lr: 1.00e-06 | 0.5s
  에폭 1471/1500 | 손실: 0.4632 | 학습: 82.5% | 검증: 78.3% | lr: 1.00e-06 | 0.5s
  에폭 1472/1500 | 손실: 0.4668 | 학습: 82.4% | 검증: 78.1% | lr: 1.00e-06 | 0.5s
  에폭 1473/1500 | 손실: 0.4628 | 학습: 82.4% | 검증: 78.3% | lr: 1.00e-06 | 0.5s
  에폭 1474/1500 | 손실: 0.4674 | 학습: 82.3% | 검증: 78.1% | lr: 1.00e-06 | 0.5s
  에폭 1475/1500 | 손실: 0.4638 | 학습: 81.9% | 검증: 77.8% | lr: 1.00e-06 | 0.5s
  에폭 1476/1500 | 손실: 0.4679 | 학습: 82.6% | 검증: 78.2% | lr: 1.00e-06 | 0.5s
  에폭 1477/1500 | 손실: 0.4663 | 학습: 82.6% | 검증: 78.5% | lr: 1.00e-06 | 0.5s
  에폭 1478/1500 | 손실: 0.4713 | 학습: 82.5% | 검증: 78.4% | lr: 1.00e-06 | 0.5s
  에폭 1479/1500 | 손실: 0.4691 | 학습: 82.6% | 검증: 78.2% | lr: 1.00e-06 | 0.5s
  에폭 1480/1500 | 손실: 0.4665 | 학습: 82.3% | 검증: 78.1% | lr: 1.00e-06 | 0.5s
  에폭 1481/1500 | 손실: 0.4652 | 학습: 82.6% | 검증: 78.1% | lr: 1.00e-06 | 0.5s
  에폭 1482/1500 | 손실: 0.4631 | 학습: 82.2% | 검증: 77.8% | lr: 1.00e-06 | 0.5s
  에폭 1483/1500 | 손실: 0.4645 | 학습: 82.1% | 검증: 78.4% | lr: 1.00e-06 | 0.5s
  에폭 1484/1500 | 손실: 0.4649 | 학습: 82.6% | 검증: 78.4% | lr: 1.00e-06 | 0.5s
  에폭 1485/1500 | 손실: 0.4592 | 학습: 82.3% | 검증: 78.1% | lr: 1.00e-06 | 0.5s
  에폭 1486/1500 | 손실: 0.4648 | 학습: 82.5% | 검증: 78.1% | lr: 1.00e-06 | 0.5s
  에폭 1487/1500 | 손실: 0.4649 | 학습: 82.2% | 검증: 78.1% | lr: 1.00e-06 | 0.5s
  에폭 1488/1500 | 손실: 0.4627 | 학습: 81.5% | 검증: 77.5% | lr: 1.00e-06 | 0.5s
  에폭 1489/1500 | 손실: 0.4671 | 학습: 82.2% | 검증: 78.3% | lr: 1.00e-06 | 0.5s
  에폭 1490/1500 | 손실: 0.4689 | 학습: 82.5% | 검증: 78.1% | lr: 1.00e-06 | 0.5s
  에폭 1491/1500 | 손실: 0.4661 | 학습: 82.3% | 검증: 78.6% | lr: 1.00e-06 | 0.5s
  에폭 1492/1500 | 손실: 0.4660 | 학습: 82.4% | 검증: 78.3% | lr: 1.00e-06 | 0.5s
  에폭 1493/1500 | 손실: 0.4677 | 학습: 82.4% | 검증: 78.8% | lr: 1.00e-06 | 0.5s
  에폭 1494/1500 | 손실: 0.4607 | 학습: 81.7% | 검증: 78.0% | lr: 1.00e-06 | 0.5s
  에폭 1495/1500 | 손실: 0.4630 | 학습: 82.5% | 검증: 78.8% | lr: 1.00e-06 | 0.5s
  에폭 1496/1500 | 손실: 0.4673 | 학습: 82.5% | 검증: 78.5% | lr: 1.00e-06 | 0.5s
  에폭 1497/1500 | 손실: 0.4665 | 학습: 82.5% | 검증: 78.6% | lr: 1.00e-06 | 0.6s
  에폭 1498/1500 | 손실: 0.4667 | 학습: 82.6% | 검증: 78.2% | lr: 1.00e-06 | 0.5s
  에폭 1499/1500 | 손실: 0.4657 | 학습: 82.8% | 검증: 78.1% | lr: 1.00e-06 | 0.5s
  에폭 1500/1500 | 손실: 0.4666 | 학습: 82.5% | 검증: 77.9% | lr: 1.00e-06 | 0.5s
[MLP] ✅ 학습 완료 | [64 → 32] | 최고 검증 정확도: 78.9%  (베스트 체크포인트 복원됨)
[MLP] ⏱  전체 학습 시간: 13분 20초 (800.3s)
[MLP] ── Permutation Importance (베이스라인 정확도: 78.9%) ─
   1. SKEWNESS                      Δacc=++0.1604  ████████████████████████████████  (스펙트럼 비대칭도)
   2. CENTROID                      Δacc=++0.1510  ██████████████████████████████  (스펙트럼 무게중심)
   3. SPECTRAL_BANDWIDTH            Δacc=++0.1353  ███████████████████████████  (스펙트럼 대역폭)
   4. LOW_RATIO                     Δacc=++0.1333  ███████████████████████████  (저주파 비율 (0~5Hz))
   5. HIGH_RATIO                    Δacc=++0.1285  ██████████████████████████  (고주파 비율 (10Hz↑))
   6. SPECTRAL_FLATNESS             Δacc=++0.1176  ████████████████████████  (스펙트럼 평탄도)
   7. MID_RATIO                     Δacc=++0.1123  ██████████████████████  (중주파 비율 (5~10Hz))
   8. KURTOSIS                      Δacc=++0.1111  ██████████████████████  (에너지 분포 첨도)
   9. PEAK_FREQ                     Δacc=++0.0943  ███████████████████  (1위 피크 주파수)
  10. PEAK_TO_AVG_E                 Δacc=++0.0917  ██████████████████  (피크/평균 에너지 비)
  11. RMS                           Δacc=++0.0836  █████████████████  (RMS 에너지)
  12. SECOND_PEAK_FREQ              Δacc=++0.0545  ███████████  (2번째 피크 주파수)
  13. PEAK_COUNT                    Δacc=++0.0493  ██████████  (피크 빈 개수)
  14. PEAK1_TO_PEAK2_RATIO          Δacc=++0.0464  █████████  (1·2위 피크 비율)
  15. DC_RATIO                      Δacc=++0.0209  ████  (DC 성분 비율)
  16. AVG_ENERGY                    Δacc=++0.0136  ███  (평균 에너지)
[MLP] ─────────────────────────────────────────────
[MLP] 특징 중요도 저장 → /Users/kimkanghyeon/Desktop/project/iSENSOR_UART_DEBUGER/AI/mlp/models/mlp_L64-32_b64_d3_ep1500_lr1e-3_lrp50_lrf5_f16_0508_002219/mlp_L64-32_b64_d3_ep1500_lr1e-3_lrp50_lrf5_f16_0508_002219_importance.json
[MLP] 저장 완료 → /Users/kimkanghyeon/Desktop/project/iSENSOR_UART_DEBUGER/AI/mlp/models/mlp_weights.pt  (추론용)
[MLP] 버전 보관 → /Users/kimkanghyeon/Desktop/project/iSENSOR_UART_DEBUGER/AI/mlp/models/mlp_L64-32_b64_d3_ep1500_lr1e-3_lrp50_lrf5_f16_0508_002219/
[MLP] 📊 학습 이력 저장 → /Users/kimkanghyeon/Desktop/project/iSENSOR_UART_DEBUGER/AI/mlp/models/train_history.json

  ── 이전 학습과 비교 ──────────────────────────────────────────────────
  지표                                  이전          현재  변화
  ────────────────────────────────────────────────────────────────────
  최고 검증 정확도                        81.1%       78.9%  -2.2%p  ↓ 하락
  최소 검증 손실                        0.4103      0.4431  +0.0328  ↓ 하락
  사람 Recall (탐지율) TPR              74.1%       70.5%  -3.5%p  ↓ 하락
  사람 오탐률 (눈침) FNR                  25.9%       29.5%  +3.5%p  ↓ 하락
  배경 정확 탐지율 TNR                    88.1%       87.3%  -0.8%p  ↓ 하락
  배경 오탐률 (오경보) FPR                 11.9%       12.7%  +0.8%p  ↓ 하락
  사람 F1 Score                     0.7965      0.7697  0.0268  ↓ 하락
  베스트 에폭                             840        1338  +498

━━━━━━━━━━━━━━━━━━━━━━━━━━━━━━━━━━━━━━━━━━━━━━━━━━━━━━━━━━━━━━━━
[분석 메모] GitHub Copilot — 2026-05-08  [Case B: d0.3 + f16]
━━━━━━━━━━━━━━━━━━━━━━━━━━━━━━━━━━━━━━━━━━━━━━━━━━━━━━━━━━━━━━━━

■ 실험 조건 (Case B)
  이전 최고 (d0.2 + f16) 대비: 특징 16개 유지(복원), Dropout만 0.3으로 증가
  목적: Dropout 0.3 단독 효과 검증

■ 핵심 수치 요약
  최고 검증 정확도   : 78.9% (ep1338)
  학습 정확도 (동시) : 82.6%  →  train-val 갭 3.7%p
  기준점(d0.2+f16)   : 80.2% (ep865)  →  -1.3%p 하락
  Case A(d0.2+f14)   : 81.1% (ep840)  →  -2.2%p 하락

■ Case B 검증 결론
  Dropout 0.3은 f16 조합에서도 성능을 저하시킴 (-1.3%p).
  직전 d0.3+f14(ep1000) 실험의 78.8%와 거의 동일한 수준.
  → Dropout 0.3은 이 데이터/모델 조합에서 일관되게 부적합. ✅ 확정
  → 최적 Dropout은 0.2.

■ 검증 정확도 진행 추이
  ep   1 :  65.2%  (lr=1e-3)
  ep  50 :  71.6%
  ep 100 :  73.8%
  ep 200 :  75.8%
  ep 300 :  76.2%  ← Case A ep300 (78.9%)보다 2.7%p 뒤처짐 (Dropout 차이)
  ep 400 :  76.7%
  ep 500 :  77.4%
  ep 522 :           LR 1e-3 → 5e-4  (Case A ep497보다 25에폭 늦음)
  ep 600 :  77.3%
  ep 700 :  78.3%
  ep 800 :  78.1%
  ep 816 :           LR → 1.25e-4
  ep 900 :  77.9%
  ep1000 :  78.7%
  ep1200 :  77.9%
  ep1338 :  78.9%  ← 베스트 ★  (lr=1.95e-6)
  ep1362 :           LR → 1e-6 (min 도달)
  ep1500 :  77.9%

■ LR 감소 타임라인
  ep 522  : 1.00e-3 → 5.00e-4   (Case A보다 25에폭 늦게 plateau 진입)
  ep 639  : 5.00e-4 → 2.50e-4
  ep 816  : 2.50e-4 → 1.25e-4   (이전 구간보다 177에폭으로 늘어짐)
  ep 936  : 1.25e-4 → 6.25e-5
  ep1047  : 6.25e-5 → 3.13e-5
  ep1098  : 3.13e-5 → 1.56e-5
  ep1204  : 1.56e-5 → 7.81e-6
  ep1260  : 7.81e-6 → 3.91e-6
  ep1311  : 3.91e-6 → 1.95e-6
  ep1338  :                      ← 이 구간에서 베스트 달성 (매우 늦은 수렴)
  ep1362  : 1.95e-6 → 1.00e-6   (min 도달)
  ※ 베스트가 ep1338로 극히 늦음 → Dropout 0.3이 수렴을 크게 지연시킴

■ 진단된 문제점

  ① Dropout 0.3 — 수렴 지연 + 성능 저하 이중 악영향
     베스트가 ep840(Case A) → ep1338(Case B)으로 498에폭 지연.
     동일 에폭 기준으로 Case A가 일관되게 앞섬:
       ep300: Case A 78.9% vs Case B 76.2% → -2.7%p
       ep500: Case A 79.4% vs Case B 77.4% → -2.0%p
       ep700: Case A 80.1% vs Case B 78.3% → -1.8%p
     초반~중반 수렴 속도가 Dropout에 의해 억제됨.

  ② train-val 갭 3.7%p — Case A(2.8%p)보다 오히려 더 큼
     Dropout을 올렸는데 갭이 줄기는커녕 늘어남.
     Dropout이 오히려 모델의 학습 효율을 떨어뜨려 train 정확도도 낮아진 결과.

  ③ RMS 기여 회복 (Δacc=0.084) — 단 여전히 하위권
     d0.2에서는 최하위였으나 d0.3에서 11위로 소폭 회복.
     Dropout이 높을수록 RMS 같은 약한 신호 특징이 더 잘 살아남는 경향.
     그러나 전체 성능이 낮으므로 의미 있는 회복은 아님.

  ④ AVG_ENERGY, DC_RATIO 복원 효과 없음 (최하위권 유지)
     AVG_ENERGY(0.014), DC_RATIO(0.021) — Case A 제거 전과 동일하게 꼴찌.
     두 특징 복원은 성능에 기여하지 않음. 제거가 옳았음.

■ A·B 실험 종합 결론
  변수          Case A (d0.2+f14)   Case B (d0.3+f16)   기준(d0.2+f16)
  ──────────────────────────────────────────────────────────────────────
  베스트 검증    81.1% ✅            78.9%               80.2%
  베스트 에폭    840                 1338                865
  train-val 갭   2.8%p              3.7%p               3.8%p
  ──────────────────────────────────────────────────────────────────────
  → Dropout 0.3은 해롭고, AVG_ENERGY·DC_RATIO 제거는 이롭다. 확정 ✅
  → 최적 조합은 d0.2 + f14 (Case A) 방향.

■ 전체 실험 성능 비교 (누적)
  실험                                    베스트 검증  비고
  ───────────────────────────────────────────────────────────
  ESP32 b64 lr=1e-3 ep1000 f16 d0.2      80.2%
  ESP32 b64 lr=1e-3 ep1000 f14 d0.3      78.8%  (Dropout 과다)
  Case A: b64 lr=1e-3 ep1500 f14 d0.2    81.1%  ← 역대 최고 ✅
  Case B: b64 lr=1e-3 ep1500 f16 d0.3    78.9%  ← Dropout 0.3 부적합 확정
  ───────────────────────────────────────────────────────────

■ Permutation Importance 분석
  핵심 특징 (Δacc ≥ 0.10):
    SKEWNESS(0.160), CENTROID(0.151), SPECTRAL_BANDWIDTH(0.135),
    LOW_RATIO(0.133), HIGH_RATIO(0.129), SPECTRAL_FLATNESS(0.118),
    MID_RATIO(0.112), KURTOSIS(0.111)

  기여 낮음 (Δacc < 0.025) → 제거 확정:
    DC_RATIO(0.021), AVG_ENERGY(0.014) — 두 실험 모두에서 꼴찌권

■ 다음 실험 방향

  [확정된 최적 기저 조건]
  - Dropout : 0.2
  - 특징    : 14개 (AVG_ENERGY, DC_RATIO 제거)
  - Batch   : 64 / LR: 1e-3 / patience: 50

  [다음 실험 후보]
  1. RMS 제거 → f13  (Case A에서 최하위 0.021, 두 실험 공통 하위권)
  2. 모델 구조 확장: 64→32  →  128→64 또는 128→64→32
  3. Early stopping 활성화 (patience=80) — 낭비 에폭 제거
  4. PC 재계산 모드(f25) + d0.2 + b64 + ep1500 조합 (아직 미실험)
━━━━━━━━━━━━━━━━━━━━━━━━━━━━━━━━━━━━━━━━━━━━━━━━━━━━━━━━━━━━━━━━

