[MLP]   svm_data_20260507_133636.csv                       24741샘플
[MLP] CSV 로드  →  총 24741샘플
[MLP] 로드 완료 | 전체: 24741개  (배경: 12371, 사람: 12370)
[MLP] 특징 모드: ESP32 (21개)
[MLP] 학습: 19792개 (80%)  검증: 4949개 (20%)  [비율고정: 유지 | 분리시드: 42]
[MLP] 스케일러: StandardScaler (z-score)
[MLP] ━━━━━━━━━━━━━━━━━━━━━━━━━━━━━━━━━━━━━━━━━━━━━━━
[MLP]  디바이스: cpu
[MLP]  구조: 21 → 128 → 64 → 32 → 2
[MLP]  에폭: 1500  배치: 64  LR: 2.00e-03  Dropout: 0.2
[MLP]  Early Stop: 비활성화
[MLP]  LR 스케줄러: patience=50  factor=0.5  min_lr=1e-6
[MLP]  검증 비율: 20%  분리 비율고정: 유지  분리 시드: 42
[MLP]  스케일러: StandardScaler  특징 모드: ESP32
[MLP]  사용 특징 (21개): SPECTRAL_ROLLOFF, SPECTRAL_BANDWIDTH, PEAK_COUNT, MID_RATIO, LOW_TO_HIGH_RATIO, SECOND_PEAK_FREQ, KURTOSIS, CENTROID, PEAK_FREQ, LOW_RATIO, RMS, AVG_ENERGY, PEAK_ENERGY, ENERGY_VARIANCE, PEAK_TO_AVG_E, HIGH_RATIO, PEAK1_TO_PEAK2_RATIO, SKEWNESS, DC_RATIO, DELTA_PEAK_FREQ, SPECTRAL_FLATNESS
[MLP] ━━━━━━━━━━━━━━━━━━━━━━━━━━━━━━━━━━━━━━━━━━━━━━━
  에폭   1/1500 | 손실: 0.5968 | 학습: 66.9% | 검증: 65.4% | lr: 2.00e-03 | 0.5s ★
  에폭   2/1500 | 손실: 0.5842 | 학습: 67.7% | 검증: 65.3% | lr: 2.00e-03 | 0.5s
  에폭   3/1500 | 손실: 0.5760 | 학습: 69.2% | 검증: 67.9% | lr: 2.00e-03 | 0.5s ★
  에폭   4/1500 | 손실: 0.5678 | 학습: 70.0% | 검증: 68.1% | lr: 2.00e-03 | 0.5s ★
  에폭   5/1500 | 손실: 0.5619 | 학습: 71.1% | 검증: 68.4% | lr: 2.00e-03 | 0.6s ★
  에폭   6/1500 | 손실: 0.5573 | 학습: 72.4% | 검증: 70.5% | lr: 2.00e-03 | 0.5s ★
  에폭   7/1500 | 손실: 0.5510 | 학습: 72.2% | 검증: 69.7% | lr: 2.00e-03 | 0.5s
  에폭   8/1500 | 손실: 0.5449 | 학습: 71.6% | 검증: 69.3% | lr: 2.00e-03 | 0.5s
  에폭   9/1500 | 손실: 0.5403 | 학습: 73.4% | 검증: 71.8% | lr: 2.00e-03 | 0.5s ★
  에폭  10/1500 | 손실: 0.5344 | 학습: 73.7% | 검증: 70.8% | lr: 2.00e-03 | 0.6s
  에폭  11/1500 | 손실: 0.5324 | 학습: 73.9% | 검증: 71.5% | lr: 2.00e-03 | 0.6s
  에폭  12/1500 | 손실: 0.5280 | 학습: 74.3% | 검증: 72.1% | lr: 2.00e-03 | 0.5s ★
  에폭  13/1500 | 손실: 0.5247 | 학습: 74.9% | 검증: 72.8% | lr: 2.00e-03 | 0.5s ★
  에폭  14/1500 | 손실: 0.5206 | 학습: 75.0% | 검증: 72.0% | lr: 2.00e-03 | 0.5s
  에폭  15/1500 | 손실: 0.5188 | 학습: 75.2% | 검증: 73.1% | lr: 2.00e-03 | 0.5s ★
  에폭  16/1500 | 손실: 0.5145 | 학습: 75.7% | 검증: 73.0% | lr: 2.00e-03 | 0.5s
  에폭  17/1500 | 손실: 0.5136 | 학습: 75.7% | 검증: 73.5% | lr: 2.00e-03 | 0.5s ★
  에폭  18/1500 | 손실: 0.5096 | 학습: 76.2% | 검증: 73.5% | lr: 2.00e-03 | 0.5s
  에폭  19/1500 | 손실: 0.5055 | 학습: 77.4% | 검증: 74.7% | lr: 2.00e-03 | 0.5s ★
  에폭  20/1500 | 손실: 0.5010 | 학습: 77.0% | 검증: 74.3% | lr: 2.00e-03 | 0.5s
  에폭  21/1500 | 손실: 0.5027 | 학습: 77.2% | 검증: 74.6% | lr: 2.00e-03 | 0.5s
  에폭  22/1500 | 손실: 0.4965 | 학습: 77.1% | 검증: 74.7% | lr: 2.00e-03 | 0.5s ★
  에폭  23/1500 | 손실: 0.4936 | 학습: 77.9% | 검증: 74.6% | lr: 2.00e-03 | 0.5s
  에폭  24/1500 | 손실: 0.4888 | 학습: 78.0% | 검증: 75.0% | lr: 2.00e-03 | 0.5s ★
  에폭  25/1500 | 손실: 0.4906 | 학습: 77.4% | 검증: 74.5% | lr: 2.00e-03 | 0.5s
  에폭  26/1500 | 손실: 0.4892 | 학습: 77.7% | 검증: 74.9% | lr: 2.00e-03 | 0.5s
  에폭  27/1500 | 손실: 0.4792 | 학습: 78.4% | 검증: 75.5% | lr: 2.00e-03 | 0.5s ★
  에폭  28/1500 | 손실: 0.4826 | 학습: 78.5% | 검증: 76.0% | lr: 2.00e-03 | 0.5s ★
  에폭  29/1500 | 손실: 0.4832 | 학습: 78.8% | 검증: 76.0% | lr: 2.00e-03 | 0.5s ★
  에폭  30/1500 | 손실: 0.4798 | 학습: 78.1% | 검증: 75.1% | lr: 2.00e-03 | 0.5s
  에폭  31/1500 | 손실: 0.4773 | 학습: 79.8% | 검증: 76.6% | lr: 2.00e-03 | 0.5s ★
  에폭  32/1500 | 손실: 0.4723 | 학습: 79.8% | 검증: 77.4% | lr: 2.00e-03 | 0.5s ★
  에폭  33/1500 | 손실: 0.4754 | 학습: 79.8% | 검증: 77.1% | lr: 2.00e-03 | 0.5s
  에폭  34/1500 | 손실: 0.4694 | 학습: 79.2% | 검증: 76.4% | lr: 2.00e-03 | 0.5s
  에폭  35/1500 | 손실: 0.4668 | 학습: 80.2% | 검증: 77.1% | lr: 2.00e-03 | 0.5s
  에폭  36/1500 | 손실: 0.4641 | 학습: 79.9% | 검증: 77.2% | lr: 2.00e-03 | 0.5s
  에폭  37/1500 | 손실: 0.4659 | 학습: 80.3% | 검증: 77.3% | lr: 2.00e-03 | 0.5s
  에폭  38/1500 | 손실: 0.4644 | 학습: 80.2% | 검증: 76.9% | lr: 2.00e-03 | 0.5s
  에폭  39/1500 | 손실: 0.4646 | 학습: 80.6% | 검증: 76.6% | lr: 2.00e-03 | 0.5s
  에폭  40/1500 | 손실: 0.4612 | 학습: 80.8% | 검증: 76.9% | lr: 2.00e-03 | 0.5s
  에폭  41/1500 | 손실: 0.4554 | 학습: 80.5% | 검증: 77.6% | lr: 2.00e-03 | 0.5s ★
  에폭  42/1500 | 손실: 0.4561 | 학습: 81.3% | 검증: 78.3% | lr: 2.00e-03 | 0.5s ★
  에폭  43/1500 | 손실: 0.4585 | 학습: 80.9% | 검증: 77.7% | lr: 2.00e-03 | 0.5s
  에폭  44/1500 | 손실: 0.4545 | 학습: 81.3% | 검증: 77.9% | lr: 2.00e-03 | 0.5s
  에폭  45/1500 | 손실: 0.4520 | 학습: 81.8% | 검증: 78.7% | lr: 2.00e-03 | 0.5s ★
  에폭  46/1500 | 손실: 0.4503 | 학습: 82.5% | 검증: 78.8% | lr: 2.00e-03 | 0.5s ★
  에폭  47/1500 | 손실: 0.4501 | 학습: 80.8% | 검증: 77.7% | lr: 2.00e-03 | 0.5s
  에폭  48/1500 | 손실: 0.4478 | 학습: 82.4% | 검증: 78.8% | lr: 2.00e-03 | 0.5s ★
  에폭  49/1500 | 손실: 0.4430 | 학습: 81.7% | 검증: 78.2% | lr: 2.00e-03 | 0.5s
  에폭  50/1500 | 손실: 0.4416 | 학습: 82.6% | 검증: 78.7% | lr: 2.00e-03 | 0.5s
  에폭  51/1500 | 손실: 0.4418 | 학습: 82.4% | 검증: 78.4% | lr: 2.00e-03 | 0.5s
  에폭  52/1500 | 손실: 0.4418 | 학습: 82.8% | 검증: 78.9% | lr: 2.00e-03 | 0.5s ★
  에폭  53/1500 | 손실: 0.4378 | 학습: 83.0% | 검증: 79.3% | lr: 2.00e-03 | 0.5s ★
  에폭  54/1500 | 손실: 0.4422 | 학습: 83.1% | 검증: 79.2% | lr: 2.00e-03 | 0.5s
  에폭  55/1500 | 손실: 0.4388 | 학습: 82.6% | 검증: 79.3% | lr: 2.00e-03 | 0.5s ★
  에폭  56/1500 | 손실: 0.4375 | 학습: 83.3% | 검증: 79.6% | lr: 2.00e-03 | 0.5s ★
  에폭  57/1500 | 손실: 0.4358 | 학습: 83.5% | 검증: 79.2% | lr: 2.00e-03 | 0.5s
  에폭  58/1500 | 손실: 0.4341 | 학습: 84.2% | 검증: 79.5% | lr: 2.00e-03 | 0.5s
  에폭  59/1500 | 손실: 0.4354 | 학습: 83.8% | 검증: 78.8% | lr: 2.00e-03 | 0.5s
  에폭  60/1500 | 손실: 0.4315 | 학습: 83.6% | 검증: 79.2% | lr: 2.00e-03 | 0.5s
  에폭  61/1500 | 손실: 0.4362 | 학습: 83.7% | 검증: 80.0% | lr: 2.00e-03 | 0.5s ★
  에폭  62/1500 | 손실: 0.4315 | 학습: 83.9% | 검증: 80.6% | lr: 2.00e-03 | 0.5s ★
  에폭  63/1500 | 손실: 0.4288 | 학습: 83.8% | 검증: 79.7% | lr: 2.00e-03 | 0.5s
  에폭  64/1500 | 손실: 0.4275 | 학습: 84.4% | 검증: 80.2% | lr: 2.00e-03 | 0.5s
  에폭  65/1500 | 손실: 0.4272 | 학습: 83.9% | 검증: 79.8% | lr: 2.00e-03 | 0.5s
  에폭  66/1500 | 손실: 0.4218 | 학습: 83.0% | 검증: 79.5% | lr: 2.00e-03 | 0.5s
  에폭  67/1500 | 손실: 0.4262 | 학습: 84.7% | 검증: 80.1% | lr: 2.00e-03 | 0.5s
  에폭  68/1500 | 손실: 0.4204 | 학습: 84.6% | 검증: 80.0% | lr: 2.00e-03 | 0.5s
  에폭  69/1500 | 손실: 0.4246 | 학습: 84.5% | 검증: 80.3% | lr: 2.00e-03 | 0.5s
  에폭  70/1500 | 손실: 0.4233 | 학습: 84.3% | 검증: 79.9% | lr: 2.00e-03 | 0.5s
  에폭  71/1500 | 손실: 0.4189 | 학습: 84.6% | 검증: 79.5% | lr: 2.00e-03 | 0.5s
  에폭  72/1500 | 손실: 0.4207 | 학습: 84.9% | 검증: 80.4% | lr: 2.00e-03 | 0.5s
  에폭  73/1500 | 손실: 0.4191 | 학습: 84.9% | 검증: 80.5% | lr: 2.00e-03 | 0.5s
  에폭  74/1500 | 손실: 0.4197 | 학습: 85.0% | 검증: 80.5% | lr: 2.00e-03 | 0.5s
  에폭  75/1500 | 손실: 0.4161 | 학습: 84.8% | 검증: 80.6% | lr: 2.00e-03 | 0.5s
  에폭  76/1500 | 손실: 0.4225 | 학습: 84.7% | 검증: 80.3% | lr: 2.00e-03 | 0.5s
  에폭  77/1500 | 손실: 0.4172 | 학습: 84.5% | 검증: 80.1% | lr: 2.00e-03 | 0.5s
  에폭  78/1500 | 손실: 0.4112 | 학습: 85.0% | 검증: 80.3% | lr: 2.00e-03 | 0.5s
  에폭  79/1500 | 손실: 0.4177 | 학습: 85.5% | 검증: 81.0% | lr: 2.00e-03 | 0.5s ★
  에폭  80/1500 | 손실: 0.4114 | 학습: 85.6% | 검증: 81.2% | lr: 2.00e-03 | 0.5s ★
  에폭  81/1500 | 손실: 0.4119 | 학습: 85.4% | 검증: 81.4% | lr: 2.00e-03 | 0.5s ★
  에폭  82/1500 | 손실: 0.4104 | 학습: 85.3% | 검증: 80.9% | lr: 2.00e-03 | 0.5s
  에폭  83/1500 | 손실: 0.4113 | 학습: 85.6% | 검증: 81.0% | lr: 2.00e-03 | 0.5s
  에폭  84/1500 | 손실: 0.4100 | 학습: 85.9% | 검증: 81.4% | lr: 2.00e-03 | 0.5s
  에폭  85/1500 | 손실: 0.4102 | 학습: 86.2% | 검증: 81.4% | lr: 2.00e-03 | 0.5s
  에폭  86/1500 | 손실: 0.4079 | 학습: 86.3% | 검증: 82.0% | lr: 2.00e-03 | 0.5s ★
  에폭  87/1500 | 손실: 0.4061 | 학습: 84.9% | 검증: 80.0% | lr: 2.00e-03 | 0.5s
  에폭  88/1500 | 손실: 0.4093 | 학습: 85.7% | 검증: 81.3% | lr: 2.00e-03 | 0.5s
  에폭  89/1500 | 손실: 0.4055 | 학습: 86.2% | 검증: 81.2% | lr: 2.00e-03 | 0.5s
  에폭  90/1500 | 손실: 0.4075 | 학습: 86.3% | 검증: 81.0% | lr: 2.00e-03 | 0.5s
  에폭  91/1500 | 손실: 0.4019 | 학습: 85.5% | 검증: 81.4% | lr: 2.00e-03 | 0.5s
  에폭  92/1500 | 손실: 0.4026 | 학습: 86.4% | 검증: 81.3% | lr: 2.00e-03 | 0.5s
  에폭  93/1500 | 손실: 0.4032 | 학습: 86.3% | 검증: 81.6% | lr: 2.00e-03 | 0.5s
  에폭  94/1500 | 손실: 0.4024 | 학습: 86.7% | 검증: 82.2% | lr: 2.00e-03 | 0.5s ★
  에폭  95/1500 | 손실: 0.4009 | 학습: 85.9% | 검증: 81.4% | lr: 2.00e-03 | 0.5s
  에폭  96/1500 | 손실: 0.3995 | 학습: 86.2% | 검증: 81.7% | lr: 2.00e-03 | 0.5s
  에폭  97/1500 | 손실: 0.3992 | 학습: 86.3% | 검증: 81.7% | lr: 2.00e-03 | 0.5s
  에폭  98/1500 | 손실: 0.4062 | 학습: 85.9% | 검증: 81.6% | lr: 2.00e-03 | 0.5s
  에폭  99/1500 | 손실: 0.3998 | 학습: 86.6% | 검증: 81.4% | lr: 2.00e-03 | 0.5s
  에폭 100/1500 | 손실: 0.3988 | 학습: 86.4% | 검증: 81.9% | lr: 2.00e-03 | 0.5s
  에폭 101/1500 | 손실: 0.4010 | 학습: 86.1% | 검증: 81.8% | lr: 2.00e-03 | 0.5s
  에폭 102/1500 | 손실: 0.3917 | 학습: 86.9% | 검증: 82.6% | lr: 2.00e-03 | 0.5s ★
  에폭 103/1500 | 손실: 0.3962 | 학습: 86.6% | 검증: 82.6% | lr: 2.00e-03 | 0.5s ★
  에폭 104/1500 | 손실: 0.4012 | 학습: 86.8% | 검증: 81.7% | lr: 2.00e-03 | 0.5s
  에폭 105/1500 | 손실: 0.3961 | 학습: 86.9% | 검증: 82.1% | lr: 2.00e-03 | 0.5s
  에폭 106/1500 | 손실: 0.3954 | 학습: 87.1% | 검증: 82.1% | lr: 2.00e-03 | 0.5s
  에폭 107/1500 | 손실: 0.3984 | 학습: 86.9% | 검증: 81.7% | lr: 2.00e-03 | 0.5s
  에폭 108/1500 | 손실: 0.3885 | 학습: 86.6% | 검증: 81.9% | lr: 2.00e-03 | 0.5s
  에폭 109/1500 | 손실: 0.3912 | 학습: 87.2% | 검증: 82.8% | lr: 2.00e-03 | 0.5s ★
  에폭 110/1500 | 손실: 0.3889 | 학습: 86.7% | 검증: 81.9% | lr: 2.00e-03 | 0.5s
  에폭 111/1500 | 손실: 0.3910 | 학습: 87.1% | 검증: 82.2% | lr: 2.00e-03 | 0.5s
  에폭 112/1500 | 손실: 0.3913 | 학습: 87.5% | 검증: 82.6% | lr: 2.00e-03 | 0.5s
  에폭 113/1500 | 손실: 0.3854 | 학습: 87.7% | 검증: 82.7% | lr: 2.00e-03 | 0.5s
  에폭 114/1500 | 손실: 0.3901 | 학습: 87.5% | 검증: 82.8% | lr: 2.00e-03 | 0.5s
  에폭 115/1500 | 손실: 0.3836 | 학습: 87.4% | 검증: 82.5% | lr: 2.00e-03 | 0.5s
  에폭 116/1500 | 손실: 0.3846 | 학습: 87.8% | 검증: 83.0% | lr: 2.00e-03 | 0.5s ★
  에폭 117/1500 | 손실: 0.3860 | 학습: 87.7% | 검증: 83.2% | lr: 2.00e-03 | 0.5s ★
  에폭 118/1500 | 손실: 0.3881 | 학습: 87.5% | 검증: 82.5% | lr: 2.00e-03 | 0.5s
  에폭 119/1500 | 손실: 0.3852 | 학습: 88.0% | 검증: 83.2% | lr: 2.00e-03 | 0.5s ★
  에폭 120/1500 | 손실: 0.3845 | 학습: 88.0% | 검증: 83.2% | lr: 2.00e-03 | 0.5s
  에폭 121/1500 | 손실: 0.3833 | 학습: 87.6% | 검증: 82.6% | lr: 2.00e-03 | 0.5s
  에폭 122/1500 | 손실: 0.3796 | 학습: 87.4% | 검증: 82.9% | lr: 2.00e-03 | 0.5s
  에폭 123/1500 | 손실: 0.3841 | 학습: 87.8% | 검증: 82.8% | lr: 2.00e-03 | 0.5s
  에폭 124/1500 | 손실: 0.3816 | 학습: 88.0% | 검증: 82.9% | lr: 2.00e-03 | 0.5s
  에폭 125/1500 | 손실: 0.3811 | 학습: 87.3% | 검증: 82.2% | lr: 2.00e-03 | 0.5s
  에폭 126/1500 | 손실: 0.3843 | 학습: 87.8% | 검증: 83.0% | lr: 2.00e-03 | 0.5s
  에폭 127/1500 | 손실: 0.3808 | 학습: 87.4% | 검증: 82.2% | lr: 2.00e-03 | 0.5s
  에폭 128/1500 | 손실: 0.3793 | 학습: 88.1% | 검증: 82.7% | lr: 2.00e-03 | 0.5s
  에폭 129/1500 | 손실: 0.3808 | 학습: 88.5% | 검증: 83.0% | lr: 2.00e-03 | 0.5s
  에폭 130/1500 | 손실: 0.3835 | 학습: 88.0% | 검증: 82.7% | lr: 2.00e-03 | 0.5s
  에폭 131/1500 | 손실: 0.3731 | 학습: 88.2% | 검증: 82.6% | lr: 2.00e-03 | 0.5s
  에폭 132/1500 | 손실: 0.3815 | 학습: 88.0% | 검증: 83.1% | lr: 2.00e-03 | 0.5s
  에폭 133/1500 | 손실: 0.3800 | 학습: 88.1% | 검증: 83.3% | lr: 2.00e-03 | 0.5s ★
  에폭 134/1500 | 손실: 0.3765 | 학습: 88.0% | 검증: 83.5% | lr: 2.00e-03 | 0.5s ★
  에폭 135/1500 | 손실: 0.3781 | 학습: 88.3% | 검증: 82.9% | lr: 2.00e-03 | 0.5s
  에폭 136/1500 | 손실: 0.3751 | 학습: 88.1% | 검증: 83.4% | lr: 2.00e-03 | 0.5s
  에폭 137/1500 | 손실: 0.3771 | 학습: 88.4% | 검증: 83.6% | lr: 2.00e-03 | 0.5s ★
  에폭 138/1500 | 손실: 0.3757 | 학습: 88.2% | 검증: 83.1% | lr: 2.00e-03 | 0.5s
  에폭 139/1500 | 손실: 0.3735 | 학습: 88.1% | 검증: 82.4% | lr: 2.00e-03 | 0.5s
  에폭 140/1500 | 손실: 0.3749 | 학습: 87.8% | 검증: 82.0% | lr: 2.00e-03 | 0.5s
  에폭 141/1500 | 손실: 0.3718 | 학습: 88.9% | 검증: 83.5% | lr: 2.00e-03 | 0.5s
  에폭 142/1500 | 손실: 0.3692 | 학습: 88.2% | 검증: 83.1% | lr: 2.00e-03 | 0.5s
  에폭 143/1500 | 손실: 0.3735 | 학습: 88.6% | 검증: 83.2% | lr: 2.00e-03 | 0.5s
  에폭 144/1500 | 손실: 0.3752 | 학습: 88.7% | 검증: 83.0% | lr: 2.00e-03 | 0.5s
  에폭 145/1500 | 손실: 0.3738 | 학습: 88.9% | 검증: 83.5% | lr: 2.00e-03 | 0.5s
  에폭 146/1500 | 손실: 0.3765 | 학습: 88.8% | 검증: 83.8% | lr: 2.00e-03 | 0.5s ★
  에폭 147/1500 | 손실: 0.3744 | 학습: 88.5% | 검증: 83.2% | lr: 2.00e-03 | 0.5s
  에폭 148/1500 | 손실: 0.3742 | 학습: 89.0% | 검증: 84.1% | lr: 2.00e-03 | 0.5s ★
  에폭 149/1500 | 손실: 0.3685 | 학습: 87.9% | 검증: 82.5% | lr: 2.00e-03 | 0.5s
  에폭 150/1500 | 손실: 0.3717 | 학습: 88.5% | 검증: 83.1% | lr: 2.00e-03 | 0.5s
  에폭 151/1500 | 손실: 0.3768 | 학습: 89.3% | 검증: 83.6% | lr: 2.00e-03 | 0.5s
  에폭 152/1500 | 손실: 0.3721 | 학습: 89.0% | 검증: 83.8% | lr: 2.00e-03 | 0.5s
  에폭 153/1500 | 손실: 0.3693 | 학습: 89.5% | 검증: 83.6% | lr: 2.00e-03 | 0.5s
  에폭 154/1500 | 손실: 0.3683 | 학습: 89.2% | 검증: 83.3% | lr: 2.00e-03 | 0.5s
  에폭 155/1500 | 손실: 0.3704 | 학습: 88.8% | 검증: 82.9% | lr: 2.00e-03 | 0.5s
  에폭 156/1500 | 손실: 0.3696 | 학습: 88.8% | 검증: 83.4% | lr: 2.00e-03 | 0.5s
  에폭 157/1500 | 손실: 0.3673 | 학습: 88.7% | 검증: 82.8% | lr: 2.00e-03 | 0.5s
  에폭 158/1500 | 손실: 0.3675 | 학습: 89.1% | 검증: 83.5% | lr: 2.00e-03 | 0.5s
  에폭 159/1500 | 손실: 0.3743 | 학습: 88.8% | 검증: 83.4% | lr: 2.00e-03 | 0.5s
  에폭 160/1500 | 손실: 0.3692 | 학습: 88.6% | 검증: 83.0% | lr: 2.00e-03 | 0.5s
  에폭 161/1500 | 손실: 0.3662 | 학습: 89.3% | 검증: 83.7% | lr: 2.00e-03 | 0.5s
  에폭 162/1500 | 손실: 0.3657 | 학습: 89.0% | 검증: 83.8% | lr: 2.00e-03 | 0.5s
  에폭 163/1500 | 손실: 0.3706 | 학습: 89.4% | 검증: 83.4% | lr: 2.00e-03 | 0.5s
  에폭 164/1500 | 손실: 0.3603 | 학습: 89.2% | 검증: 83.7% | lr: 2.00e-03 | 0.5s
  에폭 165/1500 | 손실: 0.3651 | 학습: 88.8% | 검증: 83.3% | lr: 2.00e-03 | 0.5s
  에폭 166/1500 | 손실: 0.3698 | 학습: 89.3% | 검증: 83.1% | lr: 2.00e-03 | 0.5s
  에폭 167/1500 | 손실: 0.3660 | 학습: 89.1% | 검증: 83.5% | lr: 2.00e-03 | 0.5s
  에폭 168/1500 | 손실: 0.3623 | 학습: 89.0% | 검증: 83.6% | lr: 2.00e-03 | 0.5s
  에폭 169/1500 | 손실: 0.3560 | 학습: 89.6% | 검증: 83.5% | lr: 2.00e-03 | 0.5s
  에폭 170/1500 | 손실: 0.3629 | 학습: 89.4% | 검증: 83.7% | lr: 2.00e-03 | 0.5s
  에폭 171/1500 | 손실: 0.3572 | 학습: 89.0% | 검증: 83.5% | lr: 2.00e-03 | 0.5s
  에폭 172/1500 | 손실: 0.3638 | 학습: 89.8% | 검증: 83.7% | lr: 2.00e-03 | 0.5s
  에폭 173/1500 | 손실: 0.3596 | 학습: 89.7% | 검증: 84.2% | lr: 2.00e-03 | 0.5s ★
  에폭 174/1500 | 손실: 0.3676 | 학습: 89.4% | 검증: 83.3% | lr: 2.00e-03 | 0.5s
  에폭 175/1500 | 손실: 0.3611 | 학습: 89.4% | 검증: 83.4% | lr: 2.00e-03 | 0.5s
  에폭 176/1500 | 손실: 0.3619 | 학습: 89.3% | 검증: 83.9% | lr: 2.00e-03 | 0.5s
  에폭 177/1500 | 손실: 0.3589 | 학습: 89.4% | 검증: 84.2% | lr: 2.00e-03 | 0.5s
  에폭 178/1500 | 손실: 0.3635 | 학습: 89.4% | 검증: 84.1% | lr: 2.00e-03 | 0.5s
  에폭 179/1500 | 손실: 0.3604 | 학습: 89.7% | 검증: 84.1% | lr: 2.00e-03 | 0.5s
  에폭 180/1500 | 손실: 0.3589 | 학습: 89.7% | 검증: 83.8% | lr: 2.00e-03 | 0.5s
  에폭 181/1500 | 손실: 0.3609 | 학습: 89.8% | 검증: 84.1% | lr: 2.00e-03 | 0.5s
  에폭 182/1500 | 손실: 0.3530 | 학습: 89.0% | 검증: 83.8% | lr: 2.00e-03 | 0.5s
  에폭 183/1500 | 손실: 0.3717 | 학습: 89.4% | 검증: 83.4% | lr: 2.00e-03 | 0.5s
  에폭 184/1500 | 손실: 0.3575 | 학습: 89.8% | 검증: 83.5% | lr: 2.00e-03 | 0.5s
  에폭 185/1500 | 손실: 0.3583 | 학습: 89.7% | 검증: 83.6% | lr: 2.00e-03 | 0.5s
  에폭 186/1500 | 손실: 0.3599 | 학습: 89.3% | 검증: 83.5% | lr: 2.00e-03 | 0.5s
  에폭 187/1500 | 손실: 0.3572 | 학습: 89.9% | 검증: 83.6% | lr: 2.00e-03 | 0.5s
  에폭 188/1500 | 손실: 0.3573 | 학습: 90.2% | 검증: 84.2% | lr: 2.00e-03 | 0.5s
  에폭 189/1500 | 손실: 0.3573 | 학습: 89.7% | 검증: 83.8% | lr: 2.00e-03 | 0.5s
  에폭 190/1500 | 손실: 0.3576 | 학습: 89.6% | 검증: 83.8% | lr: 2.00e-03 | 0.5s
  에폭 191/1500 | 손실: 0.3516 | 학습: 90.0% | 검증: 83.8% | lr: 2.00e-03 | 0.5s
  에폭 192/1500 | 손실: 0.3557 | 학습: 90.2% | 검증: 84.3% | lr: 2.00e-03 | 0.5s ★
  에폭 193/1500 | 손실: 0.3578 | 학습: 90.0% | 검증: 83.9% | lr: 2.00e-03 | 0.5s
  에폭 194/1500 | 손실: 0.3529 | 학습: 90.2% | 검증: 83.9% | lr: 2.00e-03 | 0.5s
  에폭 195/1500 | 손실: 0.3558 | 학습: 90.2% | 검증: 83.9% | lr: 2.00e-03 | 0.5s
  에폭 196/1500 | 손실: 0.3474 | 학습: 90.2% | 검증: 84.3% | lr: 2.00e-03 | 0.5s
  에폭 197/1500 | 손실: 0.3572 | 학습: 90.1% | 검증: 83.8% | lr: 2.00e-03 | 0.5s
  에폭 198/1500 | 손실: 0.3518 | 학습: 90.0% | 검증: 83.8% | lr: 2.00e-03 | 0.5s
  에폭 199/1500 | 손실: 0.3555 | 학습: 90.1% | 검증: 84.1% | lr: 2.00e-03 | 0.5s
  에폭 200/1500 | 손실: 0.3550 | 학습: 89.4% | 검증: 83.8% | lr: 2.00e-03 | 0.5s
  에폭 201/1500 | 손실: 0.3521 | 학습: 89.9% | 검증: 83.7% | lr: 2.00e-03 | 0.5s
  에폭 202/1500 | 손실: 0.3482 | 학습: 90.2% | 검증: 83.6% | lr: 2.00e-03 | 0.5s
  에폭 203/1500 | 손실: 0.3524 | 학습: 90.2% | 검증: 84.2% | lr: 2.00e-03 | 0.5s
  에폭 204/1500 | 손실: 0.3502 | 학습: 90.5% | 검증: 84.4% | lr: 2.00e-03 | 0.5s ★
  에폭 205/1500 | 손실: 0.3507 | 학습: 90.0% | 검증: 84.8% | lr: 2.00e-03 | 0.5s ★
  에폭 206/1500 | 손실: 0.3533 | 학습: 90.2% | 검증: 84.3% | lr: 2.00e-03 | 0.5s
  에폭 207/1500 | 손실: 0.3525 | 학습: 90.2% | 검증: 84.3% | lr: 2.00e-03 | 0.5s
  에폭 208/1500 | 손실: 0.3523 | 학습: 90.3% | 검증: 84.2% | lr: 2.00e-03 | 0.5s
  에폭 209/1500 | 손실: 0.3496 | 학습: 90.3% | 검증: 83.9% | lr: 2.00e-03 | 0.5s
  에폭 210/1500 | 손실: 0.3514 | 학습: 90.3% | 검증: 84.4% | lr: 2.00e-03 | 0.5s
  에폭 211/1500 | 손실: 0.3551 | 학습: 90.0% | 검증: 83.7% | lr: 2.00e-03 | 0.5s
  에폭 212/1500 | 손실: 0.3485 | 학습: 90.7% | 검증: 83.6% | lr: 2.00e-03 | 0.5s
  에폭 213/1500 | 손실: 0.3488 | 학습: 89.9% | 검증: 83.9% | lr: 2.00e-03 | 0.5s
  에폭 214/1500 | 손실: 0.3512 | 학습: 90.1% | 검증: 84.0% | lr: 2.00e-03 | 0.5s
  에폭 215/1500 | 손실: 0.3520 | 학습: 90.7% | 검증: 84.6% | lr: 2.00e-03 | 0.5s
  에폭 216/1500 | 손실: 0.3522 | 학습: 90.9% | 검증: 84.6% | lr: 2.00e-03 | 0.5s
  에폭 217/1500 | 손실: 0.3463 | 학습: 90.3% | 검증: 84.5% | lr: 2.00e-03 | 0.5s
  에폭 218/1500 | 손실: 0.3535 | 학습: 90.4% | 검증: 83.8% | lr: 2.00e-03 | 0.5s
  에폭 219/1500 | 손실: 0.3460 | 학습: 90.3% | 검증: 84.2% | lr: 2.00e-03 | 0.5s
  에폭 220/1500 | 손실: 0.3538 | 학습: 90.7% | 검증: 84.3% | lr: 2.00e-03 | 0.5s
  에폭 221/1500 | 손실: 0.3442 | 학습: 90.0% | 검증: 84.2% | lr: 2.00e-03 | 0.5s
  에폭 222/1500 | 손실: 0.3521 | 학습: 90.1% | 검증: 84.8% | lr: 2.00e-03 | 0.5s
  에폭 223/1500 | 손실: 0.3467 | 학습: 90.1% | 검증: 83.8% | lr: 2.00e-03 | 0.5s
  에폭 224/1500 | 손실: 0.3490 | 학습: 90.6% | 검증: 84.7% | lr: 2.00e-03 | 0.5s
  에폭 225/1500 | 손실: 0.3469 | 학습: 90.2% | 검증: 84.5% | lr: 2.00e-03 | 0.5s
  에폭 226/1500 | 손실: 0.3473 | 학습: 90.0% | 검증: 84.0% | lr: 2.00e-03 | 0.5s
  에폭 227/1500 | 손실: 0.3441 | 학습: 90.7% | 검증: 84.4% | lr: 2.00e-03 | 0.5s
  에폭 228/1500 | 손실: 0.3482 | 학습: 90.6% | 검증: 84.1% | lr: 2.00e-03 | 0.5s
  에폭 229/1500 | 손실: 0.3481 | 학습: 90.6% | 검증: 84.6% | lr: 2.00e-03 | 0.5s
  에폭 230/1500 | 손실: 0.3439 | 학습: 90.6% | 검증: 84.8% | lr: 2.00e-03 | 0.5s
  에폭 231/1500 | 손실: 0.3509 | 학습: 90.6% | 검증: 83.9% | lr: 2.00e-03 | 0.5s
  에폭 232/1500 | 손실: 0.3500 | 학습: 89.9% | 검증: 83.7% | lr: 2.00e-03 | 0.5s
  에폭 233/1500 | 손실: 0.3472 | 학습: 90.7% | 검증: 84.1% | lr: 2.00e-03 | 0.5s
  에폭 234/1500 | 손실: 0.3513 | 학습: 90.8% | 검증: 84.4% | lr: 2.00e-03 | 0.5s
  에폭 235/1500 | 손실: 0.3456 | 학습: 90.4% | 검증: 84.6% | lr: 2.00e-03 | 0.5s
  에폭 236/1500 | 손실: 0.3428 | 학습: 90.7% | 검증: 84.5% | lr: 2.00e-03 | 0.5s
  에폭 237/1500 | 손실: 0.3476 | 학습: 90.8% | 검증: 83.8% | lr: 2.00e-03 | 0.5s
  에폭 238/1500 | 손실: 0.3371 | 학습: 90.4% | 검증: 84.0% | lr: 2.00e-03 | 0.5s
  에폭 239/1500 | 손실: 0.3422 | 학습: 90.7% | 검증: 84.2% | lr: 2.00e-03 | 0.5s
  에폭 240/1500 | 손실: 0.3416 | 학습: 90.9% | 검증: 84.4% | lr: 2.00e-03 | 0.5s
  에폭 241/1500 | 손실: 0.3465 | 학습: 90.3% | 검증: 84.1% | lr: 2.00e-03 | 0.5s
  에폭 242/1500 | 손실: 0.3435 | 학습: 90.7% | 검증: 84.0% | lr: 2.00e-03 | 0.5s
  에폭 243/1500 | 손실: 0.3459 | 학습: 91.0% | 검증: 84.6% | lr: 2.00e-03 | 0.5s
  에폭 244/1500 | 손실: 0.3436 | 학습: 90.9% | 검증: 84.4% | lr: 2.00e-03 | 0.5s
  에폭 245/1500 | 손실: 0.3356 | 학습: 91.1% | 검증: 84.5% | lr: 2.00e-03 | 0.5s
  에폭 246/1500 | 손실: 0.3423 | 학습: 90.5% | 검증: 84.4% | lr: 2.00e-03 | 0.5s
  에폭 247/1500 | 손실: 0.3472 | 학습: 90.5% | 검증: 84.2% | lr: 2.00e-03 | 0.5s
  에폭 248/1500 | 손실: 0.3456 | 학습: 91.0% | 검증: 85.1% | lr: 2.00e-03 | 0.5s ★
  에폭 249/1500 | 손실: 0.3430 | 학습: 90.6% | 검증: 84.0% | lr: 2.00e-03 | 0.5s
  에폭 250/1500 | 손실: 0.3374 | 학습: 90.8% | 검증: 84.2% | lr: 2.00e-03 | 0.5s
  에폭 251/1500 | 손실: 0.3461 | 학습: 91.0% | 검증: 84.5% | lr: 2.00e-03 | 0.5s
  에폭 252/1500 | 손실: 0.3428 | 학습: 90.6% | 검증: 83.6% | lr: 2.00e-03 | 0.5s
  에폭 253/1500 | 손실: 0.3391 | 학습: 91.0% | 검증: 84.3% | lr: 2.00e-03 | 0.5s
  에폭 254/1500 | 손실: 0.3427 | 학습: 90.0% | 검증: 83.6% | lr: 2.00e-03 | 0.5s
  에폭 255/1500 | 손실: 0.3367 | 학습: 90.9% | 검증: 84.8% | lr: 2.00e-03 | 0.5s
  에폭 256/1500 | 손실: 0.3435 | 학습: 91.3% | 검증: 85.2% | lr: 2.00e-03 | 0.5s ★
  에폭 257/1500 | 손실: 0.3408 | 학습: 90.6% | 검증: 84.2% | lr: 2.00e-03 | 0.5s
  에폭 258/1500 | 손실: 0.3353 | 학습: 91.1% | 검증: 84.5% | lr: 2.00e-03 | 0.5s
  에폭 259/1500 | 손실: 0.3388 | 학습: 90.9% | 검증: 84.3% | lr: 2.00e-03 | 0.5s
  에폭 260/1500 | 손실: 0.3392 | 학습: 90.9% | 검증: 84.3% | lr: 2.00e-03 | 0.5s
  에폭 261/1500 | 손실: 0.3395 | 학습: 91.1% | 검증: 84.5% | lr: 2.00e-03 | 0.5s
  에폭 262/1500 | 손실: 0.3343 | 학습: 91.1% | 검증: 84.7% | lr: 2.00e-03 | 0.5s
  에폭 263/1500 | 손실: 0.3447 | 학습: 90.4% | 검증: 84.5% | lr: 2.00e-03 | 0.5s
  에폭 264/1500 | 손실: 0.3399 | 학습: 90.4% | 검증: 84.2% | lr: 2.00e-03 | 0.5s
  에폭 265/1500 | 손실: 0.3405 | 학습: 91.1% | 검증: 84.8% | lr: 2.00e-03 | 0.5s
  에폭 266/1500 | 손실: 0.3474 | 학습: 91.0% | 검증: 84.9% | lr: 2.00e-03 | 0.5s
  에폭 267/1500 | 손실: 0.3371 | 학습: 90.6% | 검증: 84.3% | lr: 2.00e-03 | 0.5s
  에폭 268/1500 | 손실: 0.3384 | 학습: 90.6% | 검증: 84.5% | lr: 2.00e-03 | 0.5s
  에폭 269/1500 | 손실: 0.3331 | 학습: 90.8% | 검증: 84.9% | lr: 2.00e-03 | 0.5s
  에폭 270/1500 | 손실: 0.3414 | 학습: 91.3% | 검증: 84.6% | lr: 2.00e-03 | 0.5s
  에폭 271/1500 | 손실: 0.3336 | 학습: 91.0% | 검증: 84.9% | lr: 2.00e-03 | 0.5s
  에폭 272/1500 | 손실: 0.3388 | 학습: 90.9% | 검증: 84.3% | lr: 2.00e-03 | 0.5s
  에폭 273/1500 | 손실: 0.3318 | 학습: 90.8% | 검증: 84.2% | lr: 2.00e-03 | 0.5s
  에폭 274/1500 | 손실: 0.3376 | 학습: 91.2% | 검증: 84.4% | lr: 2.00e-03 | 0.5s
  에폭 275/1500 | 손실: 0.3402 | 학습: 91.0% | 검증: 84.5% | lr: 2.00e-03 | 0.5s
  에폭 276/1500 | 손실: 0.3354 | 학습: 90.9% | 검증: 84.8% | lr: 2.00e-03 | 0.5s
  에폭 277/1500 | 손실: 0.3420 | 학습: 91.1% | 검증: 84.3% | lr: 2.00e-03 | 0.5s
  에폭 278/1500 | 손실: 0.3347 | 학습: 91.2% | 검증: 85.1% | lr: 2.00e-03 | 0.5s
  에폭 279/1500 | 손실: 0.3403 | 학습: 91.3% | 검증: 85.0% | lr: 2.00e-03 | 0.5s
  에폭 280/1500 | 손실: 0.3326 | 학습: 91.5% | 검증: 84.9% | lr: 2.00e-03 | 0.5s
  에폭 281/1500 | 손실: 0.3385 | 학습: 91.1% | 검증: 84.9% | lr: 2.00e-03 | 0.5s
  에폭 282/1500 | 손실: 0.3419 | 학습: 91.2% | 검증: 84.6% | lr: 2.00e-03 | 0.5s
  에폭 283/1500 | 손실: 0.3415 | 학습: 90.8% | 검증: 84.3% | lr: 2.00e-03 | 0.5s
  에폭 284/1500 | 손실: 0.3360 | 학습: 91.0% | 검증: 85.0% | lr: 2.00e-03 | 0.5s
  에폭 285/1500 | 손실: 0.3369 | 학습: 91.5% | 검증: 84.9% | lr: 2.00e-03 | 0.5s
  에폭 286/1500 | 손실: 0.3306 | 학습: 91.1% | 검증: 85.1% | lr: 2.00e-03 | 0.5s
  에폭 287/1500 | 손실: 0.3280 | 학습: 90.8% | 검증: 84.9% | lr: 2.00e-03 | 0.5s
  에폭 288/1500 | 손실: 0.3365 | 학습: 91.3% | 검증: 84.0% | lr: 2.00e-03 | 0.5s
  에폭 289/1500 | 손실: 0.3336 | 학습: 91.3% | 검증: 84.5% | lr: 2.00e-03 | 0.5s
  에폭 290/1500 | 손실: 0.3368 | 학습: 91.4% | 검증: 85.3% | lr: 2.00e-03 | 0.5s ★
  에폭 291/1500 | 손실: 0.3313 | 학습: 91.0% | 검증: 84.4% | lr: 2.00e-03 | 0.5s
  에폭 292/1500 | 손실: 0.3368 | 학습: 90.9% | 검증: 84.1% | lr: 2.00e-03 | 0.5s
  에폭 293/1500 | 손실: 0.3321 | 학습: 90.9% | 검증: 84.5% | lr: 2.00e-03 | 0.5s
  에폭 294/1500 | 손실: 0.3377 | 학습: 91.4% | 검증: 84.4% | lr: 2.00e-03 | 0.5s
  에폭 295/1500 | 손실: 0.3361 | 학습: 91.2% | 검증: 84.6% | lr: 2.00e-03 | 0.5s
  에폭 296/1500 | 손실: 0.3326 | 학습: 91.7% | 검증: 85.4% | lr: 2.00e-03 | 0.5s ★
  에폭 297/1500 | 손실: 0.3273 | 학습: 91.3% | 검증: 84.7% | lr: 2.00e-03 | 0.5s
  에폭 298/1500 | 손실: 0.3295 | 학습: 91.2% | 검증: 84.5% | lr: 2.00e-03 | 0.5s
  에폭 299/1500 | 손실: 0.3380 | 학습: 91.7% | 검증: 84.9% | lr: 2.00e-03 | 0.5s
  에폭 300/1500 | 손실: 0.3336 | 학습: 91.2% | 검증: 84.7% | lr: 2.00e-03 | 0.5s
  에폭 301/1500 | 손실: 0.3382 | 학습: 91.4% | 검증: 84.3% | lr: 2.00e-03 | 0.5s
  에폭 302/1500 | 손실: 0.3303 | 학습: 91.0% | 검증: 84.8% | lr: 2.00e-03 | 0.5s
  에폭 303/1500 | 손실: 0.3294 | 학습: 91.4% | 검증: 85.0% | lr: 2.00e-03 | 0.5s
  에폭 304/1500 | 손실: 0.3363 | 학습: 91.1% | 검증: 84.4% | lr: 2.00e-03 | 0.5s
  에폭 305/1500 | 손실: 0.3333 | 학습: 91.5% | 검증: 84.8% | lr: 2.00e-03 | 0.5s
  에폭 306/1500 | 손실: 0.3351 | 학습: 91.6% | 검증: 84.6% | lr: 2.00e-03 | 0.5s
  에폭 307/1500 | 손실: 0.3337 | 학습: 91.3% | 검증: 84.6% | lr: 2.00e-03 | 0.5s
  에폭 308/1500 | 손실: 0.3318 | 학습: 91.4% | 검증: 84.9% | lr: 2.00e-03 | 0.5s
  에폭 309/1500 | 손실: 0.3296 | 학습: 91.7% | 검증: 85.2% | lr: 2.00e-03 | 0.5s
  에폭 310/1500 | 손실: 0.3321 | 학습: 91.0% | 검증: 84.6% | lr: 2.00e-03 | 0.5s
  에폭 311/1500 | 손실: 0.3318 | 학습: 91.6% | 검증: 84.1% | lr: 2.00e-03 | 0.5s
  에폭 312/1500 | 손실: 0.3235 | 학습: 91.4% | 검증: 84.7% | lr: 2.00e-03 | 0.5s
  에폭 313/1500 | 손실: 0.3350 | 학습: 91.8% | 검증: 85.0% | lr: 2.00e-03 | 0.5s
  에폭 314/1500 | 손실: 0.3351 | 학습: 91.9% | 검증: 84.8% | lr: 2.00e-03 | 0.5s
  에폭 315/1500 | 손실: 0.3360 | 학습: 91.2% | 검증: 84.2% | lr: 2.00e-03 | 0.5s
  에폭 316/1500 | 손실: 0.3285 | 학습: 91.6% | 검증: 84.4% | lr: 2.00e-03 | 0.5s
  에폭 317/1500 | 손실: 0.3339 | 학습: 91.5% | 검증: 85.1% | lr: 2.00e-03 | 0.5s
  에폭 318/1500 | 손실: 0.3326 | 학습: 91.1% | 검증: 84.4% | lr: 2.00e-03 | 0.5s
  에폭 319/1500 | 손실: 0.3361 | 학습: 91.2% | 검증: 84.7% | lr: 2.00e-03 | 0.5s
  에폭 320/1500 | 손실: 0.3326 | 학습: 91.2% | 검증: 84.7% | lr: 2.00e-03 | 0.5s
  에폭 321/1500 | 손실: 0.3314 | 학습: 91.9% | 검증: 85.4% | lr: 2.00e-03 | 0.5s
  에폭 322/1500 | 손실: 0.3286 | 학습: 91.7% | 검증: 85.4% | lr: 2.00e-03 | 0.5s
  에폭 323/1500 | 손실: 0.3361 | 학습: 91.4% | 검증: 84.8% | lr: 2.00e-03 | 0.5s
  에폭 324/1500 | 손실: 0.3280 | 학습: 91.4% | 검증: 85.1% | lr: 2.00e-03 | 0.5s
  에폭 325/1500 | 손실: 0.3301 | 학습: 91.6% | 검증: 85.2% | lr: 2.00e-03 | 0.5s
  에폭 326/1500 | 손실: 0.3333 | 학습: 91.5% | 검증: 85.2% | lr: 2.00e-03 | 0.5s
  에폭 327/1500 | 손실: 0.3320 | 학습: 91.2% | 검증: 84.9% | lr: 2.00e-03 | 0.5s
  에폭 328/1500 | 손실: 0.3332 | 학습: 91.8% | 검증: 84.9% | lr: 2.00e-03 | 0.5s
  에폭 329/1500 | 손실: 0.3275 | 학습: 92.0% | 검증: 85.5% | lr: 2.00e-03 | 0.5s ★
  에폭 330/1500 | 손실: 0.3292 | 학습: 91.7% | 검증: 84.8% | lr: 2.00e-03 | 0.5s
  에폭 331/1500 | 손실: 0.3288 | 학습: 91.1% | 검증: 84.6% | lr: 2.00e-03 | 0.5s
  에폭 332/1500 | 손실: 0.3237 | 학습: 91.8% | 검증: 85.0% | lr: 2.00e-03 | 0.5s
  에폭 333/1500 | 손실: 0.3315 | 학습: 91.4% | 검증: 85.3% | lr: 2.00e-03 | 0.5s
  에폭 334/1500 | 손실: 0.3301 | 학습: 91.1% | 검증: 84.7% | lr: 2.00e-03 | 0.5s
  에폭 335/1500 | 손실: 0.3330 | 학습: 91.5% | 검증: 84.1% | lr: 2.00e-03 | 0.5s
  에폭 336/1500 | 손실: 0.3253 | 학습: 91.5% | 검증: 85.1% | lr: 2.00e-03 | 0.5s
  에폭 337/1500 | 손실: 0.3288 | 학습: 92.0% | 검증: 85.2% | lr: 2.00e-03 | 0.5s
  에폭 338/1500 | 손실: 0.3268 | 학습: 91.7% | 검증: 85.1% | lr: 2.00e-03 | 0.5s
  에폭 339/1500 | 손실: 0.3312 | 학습: 91.7% | 검증: 84.9% | lr: 2.00e-03 | 0.5s
  에폭 340/1500 | 손실: 0.3292 | 학습: 91.6% | 검증: 84.7% | lr: 2.00e-03 | 0.5s
  에폭 341/1500 | 손실: 0.3247 | 학습: 91.7% | 검증: 85.3% | lr: 2.00e-03 | 0.5s
  에폭 342/1500 | 손실: 0.3291 | 학습: 91.7% | 검증: 84.8% | lr: 2.00e-03 | 0.5s
  에폭 343/1500 | 손실: 0.3265 | 학습: 92.1% | 검증: 85.6% | lr: 2.00e-03 | 0.5s ★
  에폭 344/1500 | 손실: 0.3272 | 학습: 91.6% | 검증: 84.8% | lr: 2.00e-03 | 0.5s
  에폭 345/1500 | 손실: 0.3229 | 학습: 91.9% | 검증: 85.6% | lr: 2.00e-03 | 0.5s
  에폭 346/1500 | 손실: 0.3221 | 학습: 92.1% | 검증: 85.1% | lr: 2.00e-03 | 0.5s
  에폭 347/1500 | 손실: 0.3233 | 학습: 91.7% | 검증: 85.4% | lr: 2.00e-03 | 0.5s
  에폭 348/1500 | 손실: 0.3290 | 학습: 91.7% | 검증: 84.9% | lr: 2.00e-03 | 0.5s
  에폭 349/1500 | 손실: 0.3283 | 학습: 91.8% | 검증: 85.2% | lr: 2.00e-03 | 0.5s
  에폭 350/1500 | 손실: 0.3242 | 학습: 91.6% | 검증: 84.7% | lr: 2.00e-03 | 0.5s
  에폭 351/1500 | 손실: 0.3236 | 학습: 92.0% | 검증: 85.2% | lr: 2.00e-03 | 0.5s
  에폭 352/1500 | 손실: 0.3299 | 학습: 92.0% | 검증: 85.5% | lr: 2.00e-03 | 0.5s
  에폭 353/1500 | 손실: 0.3255 | 학습: 92.2% | 검증: 85.5% | lr: 2.00e-03 | 0.5s
  에폭 354/1500 | 손실: 0.3246 | 학습: 91.9% | 검증: 84.6% | lr: 2.00e-03 | 0.5s
  에폭 355/1500 | 손실: 0.3243 | 학습: 91.2% | 검증: 84.5% | lr: 2.00e-03 | 0.5s
  에폭 356/1500 | 손실: 0.3221 | 학습: 92.1% | 검증: 84.9% | lr: 2.00e-03 | 0.5s
  에폭 357/1500 | 손실: 0.3246 | 학습: 92.2% | 검증: 85.4% | lr: 2.00e-03 | 0.5s
  에폭 358/1500 | 손실: 0.3298 | 학습: 92.1% | 검증: 84.9% | lr: 2.00e-03 | 0.5s
  에폭 359/1500 | 손실: 0.3248 | 학습: 92.1% | 검증: 84.6% | lr: 2.00e-03 | 0.5s
  에폭 360/1500 | 손실: 0.3232 | 학습: 92.0% | 검증: 85.0% | lr: 2.00e-03 | 0.5s
  에폭 361/1500 | 손실: 0.3289 | 학습: 92.1% | 검증: 85.3% | lr: 2.00e-03 | 0.5s
  에폭 362/1500 | 손실: 0.3291 | 학습: 92.0% | 검증: 85.5% | lr: 2.00e-03 | 0.5s
  에폭 363/1500 | 손실: 0.3183 | 학습: 92.1% | 검증: 85.6% | lr: 2.00e-03 | 0.5s
  에폭 364/1500 | 손실: 0.3206 | 학습: 92.2% | 검증: 85.7% | lr: 2.00e-03 | 0.5s ★
  에폭 365/1500 | 손실: 0.3256 | 학습: 91.7% | 검증: 85.1% | lr: 2.00e-03 | 0.5s
  에폭 366/1500 | 손실: 0.3282 | 학습: 91.9% | 검증: 85.4% | lr: 2.00e-03 | 0.5s
  에폭 367/1500 | 손실: 0.3210 | 학습: 92.5% | 검증: 85.3% | lr: 2.00e-03 | 0.5s
  에폭 368/1500 | 손실: 0.3277 | 학습: 92.2% | 검증: 85.4% | lr: 2.00e-03 | 0.5s
  에폭 369/1500 | 손실: 0.3271 | 학습: 91.8% | 검증: 85.5% | lr: 2.00e-03 | 0.5s
  에폭 370/1500 | 손실: 0.3248 | 학습: 91.9% | 검증: 85.3% | lr: 2.00e-03 | 0.5s
  에폭 371/1500 | 손실: 0.3171 | 학습: 91.6% | 검증: 84.7% | lr: 2.00e-03 | 0.5s
  에폭 372/1500 | 손실: 0.3224 | 학습: 91.6% | 검증: 85.5% | lr: 2.00e-03 | 0.5s
  에폭 373/1500 | 손실: 0.3370 | 학습: 92.3% | 검증: 85.4% | lr: 2.00e-03 | 0.5s
  에폭 374/1500 | 손실: 0.3244 | 학습: 92.2% | 검증: 85.6% | lr: 2.00e-03 | 0.5s
  에폭 375/1500 | 손실: 0.3275 | 학습: 92.0% | 검증: 85.3% | lr: 2.00e-03 | 0.5s
  에폭 376/1500 | 손실: 0.3227 | 학습: 92.1% | 검증: 85.2% | lr: 2.00e-03 | 0.5s
  에폭 377/1500 | 손실: 0.3214 | 학습: 92.3% | 검증: 85.3% | lr: 2.00e-03 | 0.5s
  에폭 378/1500 | 손실: 0.3179 | 학습: 92.4% | 검증: 85.6% | lr: 2.00e-03 | 0.5s
  에폭 379/1500 | 손실: 0.3270 | 학습: 91.6% | 검증: 84.3% | lr: 2.00e-03 | 0.5s
  에폭 380/1500 | 손실: 0.3256 | 학습: 92.1% | 검증: 85.3% | lr: 2.00e-03 | 0.5s
  에폭 381/1500 | 손실: 0.3268 | 학습: 92.4% | 검증: 85.3% | lr: 2.00e-03 | 0.5s
  에폭 382/1500 | 손실: 0.3265 | 학습: 92.1% | 검증: 85.1% | lr: 2.00e-03 | 0.5s
  에폭 383/1500 | 손실: 0.3214 | 학습: 92.2% | 검증: 85.1% | lr: 2.00e-03 | 0.5s
  에폭 384/1500 | 손실: 0.3222 | 학습: 91.6% | 검증: 85.2% | lr: 2.00e-03 | 0.5s
  에폭 385/1500 | 손실: 0.3252 | 학습: 92.2% | 검증: 85.4% | lr: 2.00e-03 | 0.5s
  에폭 386/1500 | 손실: 0.3232 | 학습: 92.4% | 검증: 85.3% | lr: 2.00e-03 | 0.5s
  에폭 387/1500 | 손실: 0.3234 | 학습: 92.7% | 검증: 85.9% | lr: 2.00e-03 | 0.5s ★
  에폭 388/1500 | 손실: 0.3229 | 학습: 92.6% | 검증: 85.7% | lr: 2.00e-03 | 0.5s
  에폭 389/1500 | 손실: 0.3259 | 학습: 92.4% | 검증: 85.3% | lr: 2.00e-03 | 0.5s
  에폭 390/1500 | 손실: 0.3141 | 학습: 91.8% | 검증: 85.2% | lr: 2.00e-03 | 0.5s
  에폭 391/1500 | 손실: 0.3270 | 학습: 92.3% | 검증: 85.8% | lr: 2.00e-03 | 0.5s
  에폭 392/1500 | 손실: 0.3170 | 학습: 92.2% | 검증: 84.9% | lr: 2.00e-03 | 0.5s
  에폭 393/1500 | 손실: 0.3239 | 학습: 92.5% | 검증: 85.6% | lr: 2.00e-03 | 0.5s
  에폭 394/1500 | 손실: 0.3237 | 학습: 92.0% | 검증: 85.3% | lr: 2.00e-03 | 0.5s
  에폭 395/1500 | 손실: 0.3205 | 학습: 92.0% | 검증: 85.0% | lr: 2.00e-03 | 0.5s
  에폭 396/1500 | 손실: 0.3234 | 학습: 92.0% | 검증: 85.8% | lr: 2.00e-03 | 0.5s
  에폭 397/1500 | 손실: 0.3180 | 학습: 92.2% | 검증: 85.0% | lr: 2.00e-03 | 0.5s
  에폭 398/1500 | 손실: 0.3256 | 학습: 92.0% | 검증: 84.9% | lr: 2.00e-03 | 0.5s
  에폭 399/1500 | 손실: 0.3253 | 학습: 92.6% | 검증: 85.3% | lr: 2.00e-03 | 0.5s
  에폭 400/1500 | 손실: 0.3208 | 학습: 92.4% | 검증: 85.8% | lr: 2.00e-03 | 0.5s
  에폭 401/1500 | 손실: 0.3252 | 학습: 92.5% | 검증: 85.8% | lr: 2.00e-03 | 0.5s
  에폭 402/1500 | 손실: 0.3164 | 학습: 92.3% | 검증: 85.3% | lr: 2.00e-03 | 0.5s
  에폭 403/1500 | 손실: 0.3216 | 학습: 91.4% | 검증: 85.0% | lr: 2.00e-03 | 0.5s
  에폭 404/1500 | 손실: 0.3223 | 학습: 92.3% | 검증: 85.2% | lr: 2.00e-03 | 0.5s
  에폭 405/1500 | 손실: 0.3155 | 학습: 92.0% | 검증: 85.5% | lr: 2.00e-03 | 0.5s
  에폭 406/1500 | 손실: 0.3207 | 학습: 92.0% | 검증: 85.7% | lr: 2.00e-03 | 0.5s
  에폭 407/1500 | 손실: 0.3192 | 학습: 92.6% | 검증: 86.2% | lr: 2.00e-03 | 0.5s ★
  에폭 408/1500 | 손실: 0.3197 | 학습: 90.9% | 검증: 84.5% | lr: 2.00e-03 | 0.5s
  에폭 409/1500 | 손실: 0.3208 | 학습: 92.4% | 검증: 85.8% | lr: 2.00e-03 | 0.5s
  에폭 410/1500 | 손실: 0.3153 | 학습: 92.2% | 검증: 85.8% | lr: 2.00e-03 | 0.5s
  에폭 411/1500 | 손실: 0.3231 | 학습: 92.2% | 검증: 85.8% | lr: 2.00e-03 | 0.5s
  에폭 412/1500 | 손실: 0.3182 | 학습: 92.4% | 검증: 85.7% | lr: 2.00e-03 | 0.5s
  에폭 413/1500 | 손실: 0.3211 | 학습: 92.5% | 검증: 85.5% | lr: 2.00e-03 | 0.5s
  에폭 414/1500 | 손실: 0.3174 | 학습: 92.6% | 검증: 85.3% | lr: 2.00e-03 | 0.5s
  에폭 415/1500 | 손실: 0.3233 | 학습: 92.5% | 검증: 85.5% | lr: 2.00e-03 | 0.5s
  에폭 416/1500 | 손실: 0.3226 | 학습: 92.2% | 검증: 85.1% | lr: 2.00e-03 | 0.5s
  에폭 417/1500 | 손실: 0.3220 | 학습: 92.4% | 검증: 85.5% | lr: 2.00e-03 | 0.5s
  에폭 418/1500 | 손실: 0.3214 | 학습: 92.6% | 검증: 85.2% | lr: 2.00e-03 | 0.5s
  에폭 419/1500 | 손실: 0.3251 | 학습: 92.2% | 검증: 85.4% | lr: 2.00e-03 | 0.5s
  에폭 420/1500 | 손실: 0.3271 | 학습: 92.4% | 검증: 85.0% | lr: 2.00e-03 | 0.5s
  에폭 421/1500 | 손실: 0.3148 | 학습: 92.2% | 검증: 85.5% | lr: 2.00e-03 | 0.5s
  에폭 422/1500 | 손실: 0.3286 | 학습: 92.6% | 검증: 86.0% | lr: 2.00e-03 | 0.5s
  에폭 423/1500 | 손실: 0.3264 | 학습: 92.6% | 검증: 85.7% | lr: 2.00e-03 | 0.5s
  에폭 424/1500 | 손실: 0.3228 | 학습: 92.3% | 검증: 85.7% | lr: 2.00e-03 | 0.5s
  에폭 425/1500 | 손실: 0.3156 | 학습: 92.3% | 검증: 85.4% | lr: 2.00e-03 | 0.5s
  에폭 426/1500 | 손실: 0.3160 | 학습: 92.5% | 검증: 85.1% | lr: 2.00e-03 | 0.5s
  에폭 427/1500 | 손실: 0.3237 | 학습: 92.2% | 검증: 85.1% | lr: 2.00e-03 | 0.5s
  에폭 428/1500 | 손실: 0.3203 | 학습: 92.6% | 검증: 85.5% | lr: 2.00e-03 | 0.5s
  에폭 429/1500 | 손실: 0.3158 | 학습: 92.6% | 검증: 85.3% | lr: 2.00e-03 | 0.5s
  에폭 430/1500 | 손실: 0.3220 | 학습: 92.4% | 검증: 85.8% | lr: 2.00e-03 | 0.5s
  에폭 431/1500 | 손실: 0.3185 | 학습: 92.7% | 검증: 85.7% | lr: 2.00e-03 | 0.5s
  에폭 432/1500 | 손실: 0.3193 | 학습: 92.7% | 검증: 85.7% | lr: 2.00e-03 | 0.5s
  에폭 433/1500 | 손실: 0.3230 | 학습: 92.3% | 검증: 85.7% | lr: 2.00e-03 | 0.5s
  에폭 434/1500 | 손실: 0.3196 | 학습: 92.3% | 검증: 85.2% | lr: 2.00e-03 | 0.5s
  에폭 435/1500 | 손실: 0.3187 | 학습: 92.7% | 검증: 86.0% | lr: 2.00e-03 | 0.5s
  에폭 436/1500 | 손실: 0.3150 | 학습: 92.8% | 검증: 86.1% | lr: 2.00e-03 | 0.5s
  에폭 437/1500 | 손실: 0.3230 | 학습: 92.3% | 검증: 85.8% | lr: 2.00e-03 | 0.5s
  에폭 438/1500 | 손실: 0.3199 | 학습: 92.5% | 검증: 85.7% | lr: 2.00e-03 | 0.5s
  에폭 439/1500 | 손실: 0.3233 | 학습: 92.4% | 검증: 85.9% | lr: 2.00e-03 | 0.5s
  에폭 440/1500 | 손실: 0.3208 | 학습: 92.4% | 검증: 85.5% | lr: 2.00e-03 | 0.5s
  에폭 441/1500 | 손실: 0.3146 | 학습: 92.5% | 검증: 85.8% | lr: 1.00e-03 | 0.5s
  에폭 442/1500 | 손실: 0.3045 | 학습: 93.1% | 검증: 86.2% | lr: 1.00e-03 | 0.5s
  에폭 443/1500 | 손실: 0.3034 | 학습: 92.4% | 검증: 85.6% | lr: 1.00e-03 | 0.5s
  에폭 444/1500 | 손실: 0.3052 | 학습: 93.3% | 검증: 86.6% | lr: 1.00e-03 | 0.5s ★
  에폭 445/1500 | 손실: 0.3023 | 학습: 93.5% | 검증: 86.2% | lr: 1.00e-03 | 0.5s
  에폭 446/1500 | 손실: 0.2986 | 학습: 93.1% | 검증: 86.7% | lr: 1.00e-03 | 0.5s ★
  에폭 447/1500 | 손실: 0.2997 | 학습: 93.6% | 검증: 85.9% | lr: 1.00e-03 | 0.5s
  에폭 448/1500 | 손실: 0.2960 | 학습: 92.6% | 검증: 85.5% | lr: 1.00e-03 | 0.5s
  에폭 449/1500 | 손실: 0.2924 | 학습: 93.4% | 검증: 85.7% | lr: 1.00e-03 | 0.5s
  에폭 450/1500 | 손실: 0.2998 | 학습: 93.4% | 검증: 86.1% | lr: 1.00e-03 | 0.5s
  에폭 451/1500 | 손실: 0.2938 | 학습: 93.5% | 검증: 85.7% | lr: 1.00e-03 | 0.5s
  에폭 452/1500 | 손실: 0.2978 | 학습: 93.5% | 검증: 85.8% | lr: 1.00e-03 | 0.5s
  에폭 453/1500 | 손실: 0.2998 | 학습: 93.8% | 검증: 86.1% | lr: 1.00e-03 | 0.5s
  에폭 454/1500 | 손실: 0.3032 | 학습: 93.7% | 검증: 86.5% | lr: 1.00e-03 | 0.5s
  에폭 455/1500 | 손실: 0.2962 | 학습: 93.6% | 검증: 86.4% | lr: 1.00e-03 | 0.5s
  에폭 456/1500 | 손실: 0.2951 | 학습: 93.5% | 검증: 86.5% | lr: 1.00e-03 | 0.5s
  에폭 457/1500 | 손실: 0.2998 | 학습: 93.8% | 검증: 86.3% | lr: 1.00e-03 | 0.5s
  에폭 458/1500 | 손실: 0.2999 | 학습: 93.4% | 검증: 86.5% | lr: 1.00e-03 | 0.5s
  에폭 459/1500 | 손실: 0.2961 | 학습: 93.6% | 검증: 86.1% | lr: 1.00e-03 | 0.5s
  에폭 460/1500 | 손실: 0.2985 | 학습: 93.5% | 검증: 86.4% | lr: 1.00e-03 | 0.5s
  에폭 461/1500 | 손실: 0.2983 | 학습: 93.6% | 검증: 86.5% | lr: 1.00e-03 | 0.5s
  에폭 462/1500 | 손실: 0.2960 | 학습: 93.3% | 검증: 86.5% | lr: 1.00e-03 | 0.5s
  에폭 463/1500 | 손실: 0.2930 | 학습: 93.5% | 검증: 86.5% | lr: 1.00e-03 | 0.5s
  에폭 464/1500 | 손실: 0.2980 | 학습: 93.5% | 검증: 86.2% | lr: 1.00e-03 | 0.5s
  에폭 465/1500 | 손실: 0.2969 | 학습: 93.5% | 검증: 86.6% | lr: 1.00e-03 | 0.5s
  에폭 466/1500 | 손실: 0.2961 | 학습: 93.8% | 검증: 86.4% | lr: 1.00e-03 | 0.5s
  에폭 467/1500 | 손실: 0.3012 | 학습: 93.0% | 검증: 85.9% | lr: 1.00e-03 | 0.5s
  에폭 468/1500 | 손실: 0.3010 | 학습: 93.5% | 검증: 86.1% | lr: 1.00e-03 | 0.5s
  에폭 469/1500 | 손실: 0.2929 | 학습: 93.7% | 검증: 86.4% | lr: 1.00e-03 | 0.5s
  에폭 470/1500 | 손실: 0.2966 | 학습: 93.6% | 검증: 86.7% | lr: 1.00e-03 | 0.5s ★
  에폭 471/1500 | 손실: 0.2964 | 학습: 93.7% | 검증: 86.7% | lr: 1.00e-03 | 0.5s
  에폭 472/1500 | 손실: 0.2936 | 학습: 93.7% | 검증: 86.7% | lr: 1.00e-03 | 0.5s
  에폭 473/1500 | 손실: 0.2929 | 학습: 92.6% | 검증: 85.5% | lr: 1.00e-03 | 0.5s
  에폭 474/1500 | 손실: 0.2984 | 학습: 93.3% | 검증: 86.3% | lr: 1.00e-03 | 0.5s
  에폭 475/1500 | 손실: 0.2941 | 학습: 93.8% | 검증: 86.5% | lr: 1.00e-03 | 0.5s
  에폭 476/1500 | 손실: 0.2996 | 학습: 93.2% | 검증: 86.0% | lr: 1.00e-03 | 0.5s
  에폭 477/1500 | 손실: 0.2894 | 학습: 93.9% | 검증: 86.5% | lr: 1.00e-03 | 0.5s
  에폭 478/1500 | 손실: 0.2933 | 학습: 93.8% | 검증: 86.7% | lr: 1.00e-03 | 0.5s
  에폭 479/1500 | 손실: 0.2933 | 학습: 93.5% | 검증: 86.7% | lr: 1.00e-03 | 0.5s
  에폭 480/1500 | 손실: 0.2951 | 학습: 93.7% | 검증: 86.8% | lr: 1.00e-03 | 0.5s ★
  에폭 481/1500 | 손실: 0.2987 | 학습: 93.6% | 검증: 86.4% | lr: 1.00e-03 | 0.5s
  에폭 482/1500 | 손실: 0.2974 | 학습: 93.9% | 검증: 86.8% | lr: 1.00e-03 | 0.5s
  에폭 483/1500 | 손실: 0.2914 | 학습: 93.5% | 검증: 86.8% | lr: 1.00e-03 | 0.5s
  에폭 484/1500 | 손실: 0.2985 | 학습: 93.6% | 검증: 86.3% | lr: 1.00e-03 | 0.5s
  에폭 485/1500 | 손실: 0.2949 | 학습: 93.9% | 검증: 86.8% | lr: 1.00e-03 | 0.5s ★
  에폭 486/1500 | 손실: 0.2978 | 학습: 93.6% | 검증: 86.4% | lr: 1.00e-03 | 0.5s
  에폭 487/1500 | 손실: 0.2891 | 학습: 93.6% | 검증: 86.1% | lr: 1.00e-03 | 0.5s
  에폭 488/1500 | 손실: 0.2923 | 학습: 93.8% | 검증: 86.4% | lr: 1.00e-03 | 0.5s
  에폭 489/1500 | 손실: 0.2925 | 학습: 93.6% | 검증: 86.1% | lr: 1.00e-03 | 0.5s
  에폭 490/1500 | 손실: 0.2933 | 학습: 93.5% | 검증: 86.2% | lr: 1.00e-03 | 0.5s
  에폭 491/1500 | 손실: 0.2982 | 학습: 94.1% | 검증: 86.7% | lr: 1.00e-03 | 0.5s
  에폭 492/1500 | 손실: 0.2905 | 학습: 93.4% | 검증: 86.2% | lr: 1.00e-03 | 0.5s
  에폭 493/1500 | 손실: 0.2909 | 학습: 93.5% | 검증: 86.0% | lr: 1.00e-03 | 0.5s
  에폭 494/1500 | 손실: 0.2935 | 학습: 93.5% | 검증: 86.6% | lr: 1.00e-03 | 0.5s
  에폭 495/1500 | 손실: 0.2973 | 학습: 93.8% | 검증: 85.9% | lr: 1.00e-03 | 0.5s
  에폭 496/1500 | 손실: 0.2951 | 학습: 94.1% | 검증: 86.9% | lr: 1.00e-03 | 0.5s ★
  에폭 497/1500 | 손실: 0.2902 | 학습: 94.0% | 검증: 86.6% | lr: 1.00e-03 | 0.5s
  에폭 498/1500 | 손실: 0.2985 | 학습: 94.0% | 검증: 86.6% | lr: 1.00e-03 | 0.5s
  에폭 499/1500 | 손실: 0.2975 | 학습: 93.9% | 검증: 86.8% | lr: 1.00e-03 | 0.5s
  에폭 500/1500 | 손실: 0.2918 | 학습: 93.6% | 검증: 86.2% | lr: 1.00e-03 | 0.5s
  에폭 501/1500 | 손실: 0.2906 | 학습: 93.7% | 검증: 86.2% | lr: 1.00e-03 | 0.5s
  에폭 502/1500 | 손실: 0.2917 | 학습: 93.9% | 검증: 86.1% | lr: 1.00e-03 | 0.5s
  에폭 503/1500 | 손실: 0.2917 | 학습: 93.7% | 검증: 86.4% | lr: 1.00e-03 | 0.5s
  에폭 504/1500 | 손실: 0.2929 | 학습: 93.4% | 검증: 86.3% | lr: 1.00e-03 | 0.5s
  에폭 505/1500 | 손실: 0.2928 | 학습: 94.0% | 검증: 86.6% | lr: 1.00e-03 | 0.5s
  에폭 506/1500 | 손실: 0.2997 | 학습: 93.6% | 검증: 86.8% | lr: 1.00e-03 | 0.5s
  에폭 507/1500 | 손실: 0.2919 | 학습: 94.0% | 검증: 86.5% | lr: 1.00e-03 | 0.5s
  에폭 508/1500 | 손실: 0.2883 | 학습: 93.9% | 검증: 86.8% | lr: 1.00e-03 | 0.5s
  에폭 509/1500 | 손실: 0.2888 | 학습: 93.7% | 검증: 86.7% | lr: 1.00e-03 | 0.5s
  에폭 510/1500 | 손실: 0.2940 | 학습: 93.8% | 검증: 86.4% | lr: 1.00e-03 | 0.5s
  에폭 511/1500 | 손실: 0.2929 | 학습: 93.8% | 검증: 86.6% | lr: 1.00e-03 | 0.5s
  에폭 512/1500 | 손실: 0.2939 | 학습: 94.0% | 검증: 86.7% | lr: 1.00e-03 | 0.5s
  에폭 513/1500 | 손실: 0.2952 | 학습: 93.8% | 검증: 86.2% | lr: 1.00e-03 | 0.5s
  에폭 514/1500 | 손실: 0.2966 | 학습: 93.7% | 검증: 86.3% | lr: 1.00e-03 | 0.5s
  에폭 515/1500 | 손실: 0.2919 | 학습: 94.0% | 검증: 86.5% | lr: 1.00e-03 | 0.5s
  에폭 516/1500 | 손실: 0.2931 | 학습: 93.9% | 검증: 86.8% | lr: 1.00e-03 | 0.5s
  에폭 517/1500 | 손실: 0.2897 | 학습: 93.7% | 검증: 86.3% | lr: 1.00e-03 | 0.5s
  에폭 518/1500 | 손실: 0.2919 | 학습: 93.7% | 검증: 86.2% | lr: 1.00e-03 | 0.5s
  에폭 519/1500 | 손실: 0.2957 | 학습: 94.0% | 검증: 86.7% | lr: 1.00e-03 | 0.5s
  에폭 520/1500 | 손실: 0.2873 | 학습: 94.0% | 검증: 86.5% | lr: 1.00e-03 | 0.5s
  에폭 521/1500 | 손실: 0.2963 | 학습: 93.8% | 검증: 86.5% | lr: 1.00e-03 | 0.5s
  에폭 522/1500 | 손실: 0.2848 | 학습: 94.0% | 검증: 86.6% | lr: 1.00e-03 | 0.5s
  에폭 523/1500 | 손실: 0.2900 | 학습: 93.9% | 검증: 86.3% | lr: 1.00e-03 | 0.5s
  에폭 524/1500 | 손실: 0.2893 | 학습: 93.6% | 검증: 86.7% | lr: 1.00e-03 | 0.5s
  에폭 525/1500 | 손실: 0.2931 | 학습: 94.1% | 검증: 86.3% | lr: 1.00e-03 | 0.5s
  에폭 526/1500 | 손실: 0.2906 | 학습: 93.9% | 검증: 86.3% | lr: 1.00e-03 | 0.5s
  에폭 527/1500 | 손실: 0.2925 | 학습: 93.5% | 검증: 86.1% | lr: 1.00e-03 | 0.5s
  에폭 528/1500 | 손실: 0.2914 | 학습: 93.7% | 검증: 86.4% | lr: 1.00e-03 | 0.5s
  에폭 529/1500 | 손실: 0.2909 | 학습: 93.9% | 검증: 86.4% | lr: 1.00e-03 | 0.5s
  에폭 530/1500 | 손실: 0.2984 | 학습: 94.0% | 검증: 86.6% | lr: 1.00e-03 | 0.5s
  에폭 531/1500 | 손실: 0.2915 | 학습: 94.0% | 검증: 86.7% | lr: 1.00e-03 | 0.5s
  에폭 532/1500 | 손실: 0.2876 | 학습: 94.0% | 검증: 86.3% | lr: 1.00e-03 | 0.5s
  에폭 533/1500 | 손실: 0.2950 | 학습: 93.5% | 검증: 86.3% | lr: 1.00e-03 | 0.5s
  에폭 534/1500 | 손실: 0.2946 | 학습: 94.0% | 검증: 87.2% | lr: 1.00e-03 | 0.5s ★
  에폭 535/1500 | 손실: 0.2827 | 학습: 94.1% | 검증: 86.9% | lr: 1.00e-03 | 0.5s
  에폭 536/1500 | 손실: 0.2972 | 학습: 94.0% | 검증: 87.0% | lr: 1.00e-03 | 0.5s
  에폭 537/1500 | 손실: 0.2890 | 학습: 93.5% | 검증: 86.6% | lr: 1.00e-03 | 0.5s
  에폭 538/1500 | 손실: 0.2921 | 학습: 94.1% | 검증: 86.3% | lr: 1.00e-03 | 0.5s
  에폭 539/1500 | 손실: 0.2906 | 학습: 94.1% | 검증: 86.8% | lr: 1.00e-03 | 0.5s
  에폭 540/1500 | 손실: 0.2898 | 학습: 93.6% | 검증: 86.6% | lr: 1.00e-03 | 0.5s
  에폭 541/1500 | 손실: 0.2938 | 학습: 94.1% | 검증: 87.2% | lr: 1.00e-03 | 0.5s
  에폭 542/1500 | 손실: 0.2947 | 학습: 93.9% | 검증: 86.4% | lr: 1.00e-03 | 0.5s
  에폭 543/1500 | 손실: 0.2920 | 학습: 94.2% | 검증: 86.8% | lr: 1.00e-03 | 0.5s
  에폭 544/1500 | 손실: 0.2989 | 학습: 94.2% | 검증: 87.0% | lr: 1.00e-03 | 0.5s
  에폭 545/1500 | 손실: 0.2927 | 학습: 93.9% | 검증: 86.6% | lr: 1.00e-03 | 0.5s
  에폭 546/1500 | 손실: 0.2915 | 학습: 93.5% | 검증: 86.1% | lr: 1.00e-03 | 0.5s
  에폭 547/1500 | 손실: 0.2891 | 학습: 94.1% | 검증: 86.6% | lr: 1.00e-03 | 0.5s
  에폭 548/1500 | 손실: 0.2901 | 학습: 93.7% | 검증: 86.2% | lr: 1.00e-03 | 0.5s
  에폭 549/1500 | 손실: 0.2905 | 학습: 93.9% | 검증: 86.2% | lr: 1.00e-03 | 0.5s
  에폭 550/1500 | 손실: 0.2846 | 학습: 94.2% | 검증: 86.8% | lr: 1.00e-03 | 0.5s
  에폭 551/1500 | 손실: 0.2930 | 학습: 94.0% | 검증: 86.5% | lr: 1.00e-03 | 0.5s
  에폭 552/1500 | 손실: 0.2849 | 학습: 94.0% | 검증: 86.5% | lr: 1.00e-03 | 0.5s
  에폭 553/1500 | 손실: 0.2949 | 학습: 94.2% | 검증: 86.7% | lr: 1.00e-03 | 0.5s
  에폭 554/1500 | 손실: 0.2906 | 학습: 94.1% | 검증: 86.8% | lr: 1.00e-03 | 0.5s
  에폭 555/1500 | 손실: 0.2932 | 학습: 94.3% | 검증: 86.8% | lr: 1.00e-03 | 0.5s
  에폭 556/1500 | 손실: 0.2950 | 학습: 93.9% | 검증: 86.8% | lr: 1.00e-03 | 0.5s
  에폭 557/1500 | 손실: 0.2909 | 학습: 93.9% | 검증: 86.5% | lr: 1.00e-03 | 0.5s
  에폭 558/1500 | 손실: 0.2855 | 학습: 93.8% | 검증: 86.6% | lr: 1.00e-03 | 0.5s
  에폭 559/1500 | 손실: 0.2933 | 학습: 93.6% | 검증: 86.1% | lr: 1.00e-03 | 0.5s
  에폭 560/1500 | 손실: 0.2936 | 학습: 94.0% | 검증: 86.2% | lr: 1.00e-03 | 0.5s
  에폭 561/1500 | 손실: 0.2894 | 학습: 94.0% | 검증: 86.2% | lr: 1.00e-03 | 0.5s
  에폭 562/1500 | 손실: 0.2872 | 학습: 93.7% | 검증: 86.0% | lr: 1.00e-03 | 0.5s
  에폭 563/1500 | 손실: 0.2899 | 학습: 93.7% | 검증: 86.5% | lr: 1.00e-03 | 0.5s
  에폭 564/1500 | 손실: 0.2885 | 학습: 94.0% | 검증: 86.7% | lr: 1.00e-03 | 0.5s
  에폭 565/1500 | 손실: 0.2875 | 학습: 93.9% | 검증: 85.9% | lr: 1.00e-03 | 0.5s
  에폭 566/1500 | 손실: 0.2873 | 학습: 93.8% | 검증: 86.2% | lr: 1.00e-03 | 0.5s
  에폭 567/1500 | 손실: 0.2913 | 학습: 94.3% | 검증: 86.7% | lr: 1.00e-03 | 0.5s
  에폭 568/1500 | 손실: 0.2826 | 학습: 94.0% | 검증: 86.5% | lr: 1.00e-03 | 0.5s
  에폭 569/1500 | 손실: 0.2867 | 학습: 93.7% | 검증: 86.3% | lr: 1.00e-03 | 0.5s
  에폭 570/1500 | 손실: 0.2877 | 학습: 93.9% | 검증: 86.2% | lr: 1.00e-03 | 0.5s
  에폭 571/1500 | 손실: 0.2923 | 학습: 93.8% | 검증: 86.4% | lr: 1.00e-03 | 0.5s
  에폭 572/1500 | 손실: 0.2899 | 학습: 94.1% | 검증: 86.7% | lr: 1.00e-03 | 0.5s
  에폭 573/1500 | 손실: 0.2917 | 학습: 94.2% | 검증: 86.7% | lr: 1.00e-03 | 0.5s
  에폭 574/1500 | 손실: 0.2894 | 학습: 93.5% | 검증: 86.1% | lr: 1.00e-03 | 0.5s
  에폭 575/1500 | 손실: 0.2923 | 학습: 94.0% | 검증: 87.0% | lr: 1.00e-03 | 0.5s
  에폭 576/1500 | 손실: 0.2920 | 학습: 94.1% | 검증: 86.3% | lr: 1.00e-03 | 0.5s
  에폭 577/1500 | 손실: 0.2900 | 학습: 93.9% | 검증: 86.4% | lr: 1.00e-03 | 0.5s
  에폭 578/1500 | 손실: 0.2930 | 학습: 93.7% | 검증: 86.2% | lr: 1.00e-03 | 0.5s
  에폭 579/1500 | 손실: 0.2853 | 학습: 94.2% | 검증: 86.6% | lr: 1.00e-03 | 0.5s
  에폭 580/1500 | 손실: 0.2862 | 학습: 94.2% | 검증: 86.8% | lr: 1.00e-03 | 0.5s
  에폭 581/1500 | 손실: 0.2857 | 학습: 94.0% | 검증: 86.1% | lr: 1.00e-03 | 0.5s
  에폭 582/1500 | 손실: 0.2842 | 학습: 94.3% | 검증: 86.7% | lr: 1.00e-03 | 0.5s
  에폭 583/1500 | 손실: 0.2875 | 학습: 93.8% | 검증: 86.1% | lr: 1.00e-03 | 0.5s
  에폭 584/1500 | 손실: 0.2883 | 학습: 94.1% | 검증: 86.8% | lr: 1.00e-03 | 0.5s
  에폭 585/1500 | 손실: 0.2918 | 학습: 94.1% | 검증: 86.6% | lr: 1.00e-03 | 0.5s
  에폭 586/1500 | 손실: 0.2875 | 학습: 94.1% | 검증: 86.5% | lr: 1.00e-03 | 0.5s
  에폭 587/1500 | 손실: 0.2895 | 학습: 94.1% | 검증: 86.3% | lr: 1.00e-03 | 0.5s
  에폭 588/1500 | 손실: 0.2853 | 학습: 94.3% | 검증: 86.5% | lr: 1.00e-03 | 0.5s
  에폭 589/1500 | 손실: 0.2853 | 학습: 90.8% | 검증: 84.4% | lr: 1.00e-03 | 0.5s
  에폭 590/1500 | 손실: 0.2917 | 학습: 94.2% | 검증: 86.1% | lr: 1.00e-03 | 0.5s
  에폭 591/1500 | 손실: 0.2844 | 학습: 94.2% | 검증: 86.1% | lr: 1.00e-03 | 0.5s
  에폭 592/1500 | 손실: 0.2899 | 학습: 94.2% | 검증: 86.5% | lr: 1.00e-03 | 0.5s
  에폭 593/1500 | 손실: 0.2840 | 학습: 94.1% | 검증: 86.6% | lr: 1.00e-03 | 0.5s
  에폭 594/1500 | 손실: 0.2834 | 학습: 94.3% | 검증: 86.5% | lr: 1.00e-03 | 0.5s
  에폭 595/1500 | 손실: 0.2843 | 학습: 94.2% | 검증: 86.7% | lr: 1.00e-03 | 0.5s
  에폭 596/1500 | 손실: 0.2864 | 학습: 94.4% | 검증: 86.6% | lr: 1.00e-03 | 0.5s
  에폭 597/1500 | 손실: 0.2943 | 학습: 94.3% | 검증: 86.7% | lr: 1.00e-03 | 0.5s
  에폭 598/1500 | 손실: 0.2937 | 학습: 94.3% | 검증: 86.6% | lr: 1.00e-03 | 0.5s
  에폭 599/1500 | 손실: 0.2859 | 학습: 94.3% | 검증: 86.7% | lr: 1.00e-03 | 0.5s
  에폭 600/1500 | 손실: 0.2896 | 학습: 94.1% | 검증: 87.1% | lr: 1.00e-03 | 0.5s
  에폭 601/1500 | 손실: 0.2941 | 학습: 94.4% | 검증: 87.1% | lr: 1.00e-03 | 0.5s
  에폭 602/1500 | 손실: 0.2828 | 학습: 94.4% | 검증: 86.7% | lr: 1.00e-03 | 0.5s
  에폭 603/1500 | 손실: 0.2891 | 학습: 94.1% | 검증: 86.9% | lr: 1.00e-03 | 0.5s
  에폭 604/1500 | 손실: 0.2847 | 학습: 94.3% | 검증: 86.2% | lr: 1.00e-03 | 0.6s
  에폭 605/1500 | 손실: 0.2881 | 학습: 94.0% | 검증: 86.3% | lr: 1.00e-03 | 0.5s
  에폭 606/1500 | 손실: 0.2862 | 학습: 94.1% | 검증: 86.7% | lr: 1.00e-03 | 0.6s
  에폭 607/1500 | 손실: 0.2922 | 학습: 94.2% | 검증: 86.5% | lr: 1.00e-03 | 0.5s
  에폭 608/1500 | 손실: 0.2874 | 학습: 93.7% | 검증: 86.3% | lr: 1.00e-03 | 0.5s
  에폭 609/1500 | 손실: 0.2842 | 학습: 93.8% | 검증: 86.3% | lr: 1.00e-03 | 0.5s
  에폭 610/1500 | 손실: 0.2883 | 학습: 94.1% | 검증: 86.4% | lr: 1.00e-03 | 0.6s
  에폭 611/1500 | 손실: 0.2920 | 학습: 94.2% | 검증: 86.5% | lr: 1.00e-03 | 0.5s
  에폭 612/1500 | 손실: 0.2930 | 학습: 94.3% | 검증: 86.8% | lr: 1.00e-03 | 0.5s
  에폭 613/1500 | 손실: 0.2828 | 학습: 94.4% | 검증: 86.9% | lr: 1.00e-03 | 0.5s
  에폭 614/1500 | 손실: 0.2825 | 학습: 94.0% | 검증: 86.5% | lr: 1.00e-03 | 0.5s
  에폭 615/1500 | 손실: 0.2894 | 학습: 94.3% | 검증: 86.4% | lr: 1.00e-03 | 0.5s
  에폭 616/1500 | 손실: 0.2925 | 학습: 94.1% | 검증: 86.8% | lr: 1.00e-03 | 0.5s
  에폭 617/1500 | 손실: 0.2903 | 학습: 94.2% | 검증: 86.8% | lr: 1.00e-03 | 0.5s
  에폭 618/1500 | 손실: 0.2893 | 학습: 94.3% | 검증: 86.4% | lr: 1.00e-03 | 0.5s
  에폭 619/1500 | 손실: 0.2862 | 학습: 93.9% | 검증: 86.8% | lr: 1.00e-03 | 0.5s
  에폭 620/1500 | 손실: 0.2867 | 학습: 94.2% | 검증: 86.6% | lr: 1.00e-03 | 0.5s
  에폭 621/1500 | 손실: 0.2930 | 학습: 94.3% | 검증: 86.5% | lr: 1.00e-03 | 0.5s
  에폭 622/1500 | 손실: 0.2865 | 학습: 94.3% | 검증: 86.6% | lr: 1.00e-03 | 0.5s
  에폭 623/1500 | 손실: 0.2831 | 학습: 94.0% | 검증: 86.5% | lr: 1.00e-03 | 0.5s
  에폭 624/1500 | 손실: 0.2806 | 학습: 94.1% | 검증: 86.4% | lr: 1.00e-03 | 0.5s
  에폭 625/1500 | 손실: 0.2862 | 학습: 94.6% | 검증: 86.8% | lr: 1.00e-03 | 0.5s
  에폭 626/1500 | 손실: 0.2910 | 학습: 93.6% | 검증: 86.1% | lr: 1.00e-03 | 0.5s
  에폭 627/1500 | 손실: 0.2874 | 학습: 94.3% | 검증: 87.0% | lr: 1.00e-03 | 0.5s
  에폭 628/1500 | 손실: 0.2899 | 학습: 94.3% | 검증: 87.1% | lr: 1.00e-03 | 0.5s
  에폭 629/1500 | 손실: 0.2905 | 학습: 94.1% | 검증: 86.7% | lr: 1.00e-03 | 0.6s
  에폭 630/1500 | 손실: 0.2895 | 학습: 94.1% | 검증: 86.8% | lr: 1.00e-03 | 0.5s
  에폭 631/1500 | 손실: 0.2933 | 학습: 94.2% | 검증: 87.1% | lr: 1.00e-03 | 0.6s
  에폭 632/1500 | 손실: 0.2861 | 학습: 93.8% | 검증: 86.6% | lr: 1.00e-03 | 0.5s
  에폭 633/1500 | 손실: 0.2898 | 학습: 93.9% | 검증: 86.7% | lr: 1.00e-03 | 0.5s
  에폭 634/1500 | 손실: 0.2845 | 학습: 94.4% | 검증: 87.0% | lr: 1.00e-03 | 0.5s
  에폭 635/1500 | 손실: 0.2801 | 학습: 94.2% | 검증: 86.4% | lr: 1.00e-03 | 0.5s
  에폭 636/1500 | 손실: 0.2883 | 학습: 94.4% | 검증: 87.5% | lr: 1.00e-03 | 0.5s ★
  에폭 637/1500 | 손실: 0.2858 | 학습: 94.4% | 검증: 87.0% | lr: 1.00e-03 | 0.5s
  에폭 638/1500 | 손실: 0.2900 | 학습: 94.2% | 검증: 86.5% | lr: 1.00e-03 | 0.5s
  에폭 639/1500 | 손실: 0.2861 | 학습: 94.3% | 검증: 86.8% | lr: 1.00e-03 | 0.5s
  에폭 640/1500 | 손실: 0.2894 | 학습: 94.3% | 검증: 86.8% | lr: 1.00e-03 | 0.5s
  에폭 641/1500 | 손실: 0.2912 | 학습: 94.3% | 검증: 86.7% | lr: 1.00e-03 | 0.5s
  에폭 642/1500 | 손실: 0.2807 | 학습: 94.2% | 검증: 87.0% | lr: 1.00e-03 | 0.5s
  에폭 643/1500 | 손실: 0.2872 | 학습: 94.3% | 검증: 86.8% | lr: 1.00e-03 | 0.5s
  에폭 644/1500 | 손실: 0.2864 | 학습: 94.0% | 검증: 86.4% | lr: 1.00e-03 | 0.5s
  에폭 645/1500 | 손실: 0.2870 | 학습: 94.1% | 검증: 86.7% | lr: 1.00e-03 | 0.5s
  에폭 646/1500 | 손실: 0.2791 | 학습: 94.1% | 검증: 86.9% | lr: 1.00e-03 | 0.5s
  에폭 647/1500 | 손실: 0.2882 | 학습: 94.3% | 검증: 86.8% | lr: 1.00e-03 | 0.5s
  에폭 648/1500 | 손실: 0.2873 | 학습: 94.3% | 검증: 86.4% | lr: 1.00e-03 | 0.5s
  에폭 649/1500 | 손실: 0.2879 | 학습: 94.3% | 검증: 86.4% | lr: 1.00e-03 | 0.5s
  에폭 650/1500 | 손실: 0.2855 | 학습: 94.4% | 검증: 87.0% | lr: 1.00e-03 | 0.5s
  에폭 651/1500 | 손실: 0.2854 | 학습: 94.6% | 검증: 87.1% | lr: 1.00e-03 | 0.5s
  에폭 652/1500 | 손실: 0.2848 | 학습: 94.4% | 검증: 86.5% | lr: 1.00e-03 | 0.5s
  에폭 653/1500 | 손실: 0.2930 | 학습: 94.4% | 검증: 87.2% | lr: 1.00e-03 | 0.5s
  에폭 654/1500 | 손실: 0.2842 | 학습: 94.1% | 검증: 86.4% | lr: 1.00e-03 | 0.6s
  에폭 655/1500 | 손실: 0.2902 | 학습: 94.4% | 검증: 86.6% | lr: 1.00e-03 | 0.6s
  에폭 656/1500 | 손실: 0.2863 | 학습: 94.4% | 검증: 86.9% | lr: 1.00e-03 | 0.6s
  에폭 657/1500 | 손실: 0.2816 | 학습: 93.8% | 검증: 86.2% | lr: 1.00e-03 | 0.7s
  에폭 658/1500 | 손실: 0.2843 | 학습: 94.4% | 검증: 86.7% | lr: 1.00e-03 | 0.6s
  에폭 659/1500 | 손실: 0.2890 | 학습: 94.1% | 검증: 86.8% | lr: 1.00e-03 | 0.6s
  에폭 660/1500 | 손실: 0.2887 | 학습: 94.6% | 검증: 86.9% | lr: 1.00e-03 | 0.5s
  에폭 661/1500 | 손실: 0.2847 | 학습: 94.5% | 검증: 86.6% | lr: 1.00e-03 | 0.6s
  에폭 662/1500 | 손실: 0.2830 | 학습: 94.6% | 검증: 86.7% | lr: 1.00e-03 | 0.5s
  에폭 663/1500 | 손실: 0.2877 | 학습: 94.2% | 검증: 86.7% | lr: 1.00e-03 | 0.5s
  에폭 664/1500 | 손실: 0.2916 | 학습: 94.1% | 검증: 86.7% | lr: 1.00e-03 | 0.5s
  에폭 665/1500 | 손실: 0.2869 | 학습: 94.4% | 검증: 86.4% | lr: 1.00e-03 | 0.5s
  에폭 666/1500 | 손실: 0.2818 | 학습: 94.3% | 검증: 85.9% | lr: 1.00e-03 | 0.5s
  에폭 667/1500 | 손실: 0.2828 | 학습: 94.4% | 검증: 86.6% | lr: 1.00e-03 | 0.5s
  에폭 668/1500 | 손실: 0.2891 | 학습: 94.2% | 검증: 86.7% | lr: 1.00e-03 | 0.5s
  에폭 669/1500 | 손실: 0.2843 | 학습: 94.4% | 검증: 86.9% | lr: 1.00e-03 | 0.5s
  에폭 670/1500 | 손실: 0.2916 | 학습: 94.2% | 검증: 86.5% | lr: 1.00e-03 | 0.5s
  에폭 671/1500 | 손실: 0.2821 | 학습: 94.6% | 검증: 87.0% | lr: 1.00e-03 | 0.5s
  에폭 672/1500 | 손실: 0.2821 | 학습: 94.0% | 검증: 86.6% | lr: 1.00e-03 | 0.5s
  에폭 673/1500 | 손실: 0.2834 | 학습: 94.4% | 검증: 86.8% | lr: 1.00e-03 | 0.5s
  에폭 674/1500 | 손실: 0.2879 | 학습: 94.4% | 검증: 86.9% | lr: 1.00e-03 | 0.5s
  에폭 675/1500 | 손실: 0.2888 | 학습: 94.1% | 검증: 86.3% | lr: 1.00e-03 | 0.5s
  에폭 676/1500 | 손실: 0.2886 | 학습: 94.3% | 검증: 86.5% | lr: 1.00e-03 | 0.5s
  에폭 677/1500 | 손실: 0.2866 | 학습: 94.3% | 검증: 86.5% | lr: 1.00e-03 | 0.5s
  에폭 678/1500 | 손실: 0.2886 | 학습: 94.3% | 검증: 86.4% | lr: 1.00e-03 | 0.5s
  에폭 679/1500 | 손실: 0.2883 | 학습: 94.5% | 검증: 86.7% | lr: 1.00e-03 | 0.5s
  에폭 680/1500 | 손실: 0.2829 | 학습: 94.4% | 검증: 86.5% | lr: 1.00e-03 | 0.5s
  에폭 681/1500 | 손실: 0.2815 | 학습: 94.6% | 검증: 86.8% | lr: 1.00e-03 | 0.5s
  에폭 682/1500 | 손실: 0.2774 | 학습: 94.4% | 검증: 87.1% | lr: 1.00e-03 | 0.5s
  에폭 683/1500 | 손실: 0.2840 | 학습: 94.6% | 검증: 86.9% | lr: 1.00e-03 | 0.5s
  에폭 684/1500 | 손실: 0.2860 | 학습: 94.5% | 검증: 86.8% | lr: 1.00e-03 | 0.5s
  에폭 685/1500 | 손실: 0.2823 | 학습: 94.6% | 검증: 86.7% | lr: 1.00e-03 | 0.5s
  에폭 686/1500 | 손실: 0.2866 | 학습: 94.2% | 검증: 86.9% | lr: 1.00e-03 | 0.5s
  에폭 687/1500 | 손실: 0.2880 | 학습: 94.5% | 검증: 86.3% | lr: 1.00e-03 | 0.5s
  에폭 688/1500 | 손실: 0.2882 | 학습: 94.3% | 검증: 87.0% | lr: 1.00e-03 | 0.5s
  에폭 689/1500 | 손실: 0.2885 | 학습: 94.3% | 검증: 86.9% | lr: 1.00e-03 | 0.5s
  에폭 690/1500 | 손실: 0.2836 | 학습: 94.1% | 검증: 86.7% | lr: 1.00e-03 | 0.5s
  에폭 691/1500 | 손실: 0.2876 | 학습: 94.1% | 검증: 86.7% | lr: 1.00e-03 | 0.5s
  에폭 692/1500 | 손실: 0.2886 | 학습: 94.5% | 검증: 86.8% | lr: 1.00e-03 | 0.5s
  에폭 693/1500 | 손실: 0.2859 | 학습: 94.3% | 검증: 86.9% | lr: 1.00e-03 | 0.5s
  에폭 694/1500 | 손실: 0.2867 | 학습: 94.3% | 검증: 86.6% | lr: 1.00e-03 | 0.6s
  에폭 695/1500 | 손실: 0.2889 | 학습: 94.6% | 검증: 87.2% | lr: 1.00e-03 | 0.5s
  에폭 696/1500 | 손실: 0.2853 | 학습: 94.3% | 검증: 86.9% | lr: 1.00e-03 | 0.5s
  에폭 697/1500 | 손실: 0.2835 | 학습: 94.3% | 검증: 86.6% | lr: 1.00e-03 | 0.5s
  에폭 698/1500 | 손실: 0.2850 | 학습: 94.1% | 검증: 86.0% | lr: 1.00e-03 | 0.5s
  에폭 699/1500 | 손실: 0.2842 | 학습: 94.2% | 검증: 86.8% | lr: 1.00e-03 | 0.5s
  에폭 700/1500 | 손실: 0.2829 | 학습: 94.4% | 검증: 87.1% | lr: 1.00e-03 | 0.6s
  에폭 701/1500 | 손실: 0.2866 | 학습: 94.5% | 검증: 87.3% | lr: 1.00e-03 | 0.6s
  에폭 702/1500 | 손실: 0.2824 | 학습: 94.5% | 검증: 87.1% | lr: 1.00e-03 | 0.6s
  에폭 703/1500 | 손실: 0.2796 | 학습: 94.7% | 검증: 86.8% | lr: 1.00e-03 | 0.6s
  에폭 704/1500 | 손실: 0.2942 | 학습: 94.7% | 검증: 86.8% | lr: 1.00e-03 | 0.5s
  에폭 705/1500 | 손실: 0.2847 | 학습: 94.5% | 검증: 86.8% | lr: 1.00e-03 | 0.5s
  에폭 706/1500 | 손실: 0.2800 | 학습: 94.5% | 검증: 86.5% | lr: 1.00e-03 | 0.5s
  에폭 707/1500 | 손실: 0.2773 | 학습: 94.6% | 검증: 86.7% | lr: 1.00e-03 | 0.5s
  에폭 708/1500 | 손실: 0.2913 | 학습: 94.3% | 검증: 86.7% | lr: 1.00e-03 | 0.5s
  에폭 709/1500 | 손실: 0.2780 | 학습: 94.4% | 검증: 86.8% | lr: 1.00e-03 | 0.5s
  에폭 710/1500 | 손실: 0.2825 | 학습: 94.3% | 검증: 85.9% | lr: 1.00e-03 | 0.6s
  에폭 711/1500 | 손실: 0.2860 | 학습: 94.4% | 검증: 86.9% | lr: 1.00e-03 | 0.5s
  에폭 712/1500 | 손실: 0.2835 | 학습: 94.6% | 검증: 87.2% | lr: 1.00e-03 | 0.5s
  에폭 713/1500 | 손실: 0.2899 | 학습: 94.5% | 검증: 86.8% | lr: 1.00e-03 | 0.5s
  에폭 714/1500 | 손실: 0.2820 | 학습: 94.6% | 검증: 86.8% | lr: 1.00e-03 | 0.6s
  에폭 715/1500 | 손실: 0.2872 | 학습: 94.2% | 검증: 86.6% | lr: 1.00e-03 | 0.5s
  에폭 716/1500 | 손실: 0.2874 | 학습: 94.3% | 검증: 86.9% | lr: 1.00e-03 | 0.5s
  에폭 717/1500 | 손실: 0.2828 | 학습: 94.3% | 검증: 86.4% | lr: 1.00e-03 | 0.5s
  에폭 718/1500 | 손실: 0.2862 | 학습: 94.7% | 검증: 86.8% | lr: 1.00e-03 | 0.5s
  에폭 719/1500 | 손실: 0.2839 | 학습: 94.3% | 검증: 86.9% | lr: 1.00e-03 | 0.5s
  에폭 720/1500 | 손실: 0.2863 | 학습: 94.6% | 검증: 86.8% | lr: 1.00e-03 | 0.5s
  에폭 721/1500 | 손실: 0.2849 | 학습: 94.2% | 검증: 86.6% | lr: 1.00e-03 | 0.5s
  에폭 722/1500 | 손실: 0.2836 | 학습: 94.3% | 검증: 86.9% | lr: 1.00e-03 | 0.5s
  에폭 723/1500 | 손실: 0.2852 | 학습: 94.3% | 검증: 87.1% | lr: 1.00e-03 | 0.5s
  에폭 724/1500 | 손실: 0.2850 | 학습: 94.5% | 검증: 87.0% | lr: 1.00e-03 | 0.5s
  에폭 725/1500 | 손실: 0.2807 | 학습: 94.6% | 검증: 87.1% | lr: 1.00e-03 | 0.5s
  에폭 726/1500 | 손실: 0.2838 | 학습: 94.6% | 검증: 87.0% | lr: 1.00e-03 | 0.5s
  에폭 727/1500 | 손실: 0.2882 | 학습: 94.6% | 검증: 86.7% | lr: 1.00e-03 | 0.5s
  에폭 728/1500 | 손실: 0.2841 | 학습: 94.6% | 검증: 86.8% | lr: 1.00e-03 | 0.5s
  에폭 729/1500 | 손실: 0.2843 | 학습: 94.7% | 검증: 86.7% | lr: 1.00e-03 | 0.5s
  에폭 730/1500 | 손실: 0.2821 | 학습: 94.7% | 검증: 87.2% | lr: 1.00e-03 | 1.8s
  에폭 731/1500 | 손실: 0.2913 | 학습: 94.3% | 검증: 87.0% | lr: 1.00e-03 | 1.9s
  에폭 732/1500 | 손실: 0.2834 | 학습: 94.5% | 검증: 86.9% | lr: 1.00e-03 | 2.0s
  에폭 733/1500 | 손실: 0.2887 | 학습: 94.6% | 검증: 86.8% | lr: 1.00e-03 | 2.5s
  에폭 734/1500 | 손실: 0.2844 | 학습: 94.6% | 검증: 86.7% | lr: 1.00e-03 | 2.1s
  에폭 735/1500 | 손실: 0.2807 | 학습: 94.6% | 검증: 87.0% | lr: 1.00e-03 | 2.1s
  에폭 736/1500 | 손실: 0.2872 | 학습: 94.5% | 검증: 86.6% | lr: 1.00e-03 | 2.3s
  에폭 737/1500 | 손실: 0.2872 | 학습: 94.7% | 검증: 87.0% | lr: 1.00e-03 | 2.1s
  에폭 738/1500 | 손실: 0.2857 | 학습: 94.7% | 검증: 86.5% | lr: 1.00e-03 | 2.5s
  에폭 739/1500 | 손실: 0.2863 | 학습: 94.5% | 검증: 86.9% | lr: 1.00e-03 | 2.8s
  에폭 740/1500 | 손실: 0.2813 | 학습: 94.5% | 검증: 87.0% | lr: 1.00e-03 | 2.0s
  에폭 741/1500 | 손실: 0.2810 | 학습: 94.6% | 검증: 86.6% | lr: 1.00e-03 | 2.3s
  에폭 742/1500 | 손실: 0.2882 | 학습: 94.7% | 검증: 87.1% | lr: 1.00e-03 | 2.0s
  에폭 743/1500 | 손실: 0.2872 | 학습: 94.7% | 검증: 87.0% | lr: 1.00e-03 | 2.1s
  에폭 744/1500 | 손실: 0.2781 | 학습: 94.6% | 검증: 86.7% | lr: 1.00e-03 | 2.0s
  에폭 745/1500 | 손실: 0.2870 | 학습: 94.6% | 검증: 86.7% | lr: 1.00e-03 | 2.0s
  에폭 746/1500 | 손실: 0.2836 | 학습: 94.3% | 검증: 86.3% | lr: 1.00e-03 | 2.1s
  에폭 747/1500 | 손실: 0.2772 | 학습: 92.7% | 검증: 85.7% | lr: 1.00e-03 | 2.1s
  에폭 748/1500 | 손실: 0.2849 | 학습: 94.7% | 검증: 86.7% | lr: 1.00e-03 | 2.1s
  에폭 749/1500 | 손실: 0.2843 | 학습: 94.2% | 검증: 86.4% | lr: 1.00e-03 | 2.0s
  에폭 750/1500 | 손실: 0.2841 | 학습: 94.4% | 검증: 86.7% | lr: 1.00e-03 | 2.1s
  에폭 751/1500 | 손실: 0.2858 | 학습: 94.5% | 검증: 86.9% | lr: 1.00e-03 | 2.0s
  에폭 752/1500 | 손실: 0.2765 | 학습: 94.7% | 검증: 87.0% | lr: 1.00e-03 | 2.4s
  에폭 753/1500 | 손실: 0.2865 | 학습: 94.4% | 검증: 86.9% | lr: 1.00e-03 | 2.1s
  에폭 754/1500 | 손실: 0.2831 | 학습: 94.6% | 검증: 86.4% | lr: 1.00e-03 | 2.1s
  에폭 755/1500 | 손실: 0.2828 | 학습: 94.7% | 검증: 87.0% | lr: 1.00e-03 | 2.1s
  에폭 756/1500 | 손실: 0.2808 | 학습: 94.5% | 검증: 86.7% | lr: 1.00e-03 | 2.1s
  에폭 757/1500 | 손실: 0.2799 | 학습: 94.6% | 검증: 86.9% | lr: 1.00e-03 | 2.2s
  에폭 758/1500 | 손실: 0.2837 | 학습: 94.6% | 검증: 86.6% | lr: 1.00e-03 | 2.2s
  에폭 759/1500 | 손실: 0.2815 | 학습: 94.7% | 검증: 86.8% | lr: 1.00e-03 | 2.0s
  에폭 760/1500 | 손실: 0.2869 | 학습: 94.2% | 검증: 86.4% | lr: 1.00e-03 | 2.1s
  에폭 761/1500 | 손실: 0.2827 | 학습: 94.5% | 검증: 86.8% | lr: 1.00e-03 | 2.1s
  에폭 762/1500 | 손실: 0.2857 | 학습: 94.4% | 검증: 86.7% | lr: 1.00e-03 | 2.2s
  에폭 763/1500 | 손실: 0.2878 | 학습: 94.7% | 검증: 86.7% | lr: 1.00e-03 | 2.0s
  에폭 764/1500 | 손실: 0.2806 | 학습: 94.8% | 검증: 87.1% | lr: 1.00e-03 | 2.2s
  에폭 765/1500 | 손실: 0.2853 | 학습: 94.3% | 검증: 86.5% | lr: 1.00e-03 | 2.2s
  에폭 766/1500 | 손실: 0.2842 | 학습: 94.4% | 검증: 86.8% | lr: 1.00e-03 | 2.2s
  에폭 767/1500 | 손실: 0.2850 | 학습: 94.5% | 검증: 87.1% | lr: 1.00e-03 | 2.2s
  에폭 768/1500 | 손실: 0.2833 | 학습: 94.3% | 검증: 87.0% | lr: 1.00e-03 | 2.1s
  에폭 769/1500 | 손실: 0.2780 | 학습: 94.4% | 검증: 86.8% | lr: 1.00e-03 | 2.1s
  에폭 770/1500 | 손실: 0.2824 | 학습: 94.5% | 검증: 86.9% | lr: 1.00e-03 | 2.0s
  에폭 771/1500 | 손실: 0.2901 | 학습: 94.8% | 검증: 86.8% | lr: 1.00e-03 | 2.2s
  에폭 772/1500 | 손실: 0.2836 | 학습: 94.2% | 검증: 86.7% | lr: 1.00e-03 | 2.2s
  에폭 773/1500 | 손실: 0.2847 | 학습: 94.9% | 검증: 87.0% | lr: 1.00e-03 | 2.0s
  에폭 774/1500 | 손실: 0.2810 | 학습: 94.4% | 검증: 86.7% | lr: 1.00e-03 | 2.1s
  에폭 775/1500 | 손실: 0.2839 | 학습: 94.6% | 검증: 86.7% | lr: 1.00e-03 | 2.1s
  에폭 776/1500 | 손실: 0.2786 | 학습: 94.6% | 검증: 86.5% | lr: 1.00e-03 | 2.1s
  에폭 777/1500 | 손실: 0.2832 | 학습: 94.5% | 검증: 86.6% | lr: 1.00e-03 | 2.1s
  에폭 778/1500 | 손실: 0.2762 | 학습: 94.3% | 검증: 86.6% | lr: 1.00e-03 | 2.1s
  에폭 779/1500 | 손실: 0.2814 | 학습: 94.4% | 검증: 87.0% | lr: 1.00e-03 | 2.0s
  에폭 780/1500 | 손실: 0.2808 | 학습: 94.1% | 검증: 86.2% | lr: 1.00e-03 | 2.2s
  에폭 781/1500 | 손실: 0.2851 | 학습: 94.6% | 검증: 86.8% | lr: 1.00e-03 | 2.0s
  에폭 782/1500 | 손실: 0.2826 | 학습: 94.6% | 검증: 86.5% | lr: 1.00e-03 | 2.0s
  에폭 783/1500 | 손실: 0.2736 | 학습: 94.6% | 검증: 87.1% | lr: 1.00e-03 | 2.1s
  에폭 784/1500 | 손실: 0.2803 | 학습: 94.6% | 검증: 86.7% | lr: 1.00e-03 | 2.1s
  에폭 785/1500 | 손실: 0.2785 | 학습: 94.6% | 검증: 86.8% | lr: 1.00e-03 | 2.1s
  에폭 786/1500 | 손실: 0.2831 | 학습: 94.8% | 검증: 87.4% | lr: 1.00e-03 | 2.1s
  에폭 787/1500 | 손실: 0.2866 | 학습: 94.7% | 검증: 86.8% | lr: 1.00e-03 | 2.0s
  에폭 788/1500 | 손실: 0.2788 | 학습: 94.7% | 검증: 86.5% | lr: 1.00e-03 | 2.2s
  에폭 789/1500 | 손실: 0.2866 | 학습: 94.9% | 검증: 87.4% | lr: 1.00e-03 | 2.1s
  에폭 790/1500 | 손실: 0.2846 | 학습: 94.7% | 검증: 87.0% | lr: 1.00e-03 | 2.1s
  에폭 791/1500 | 손실: 0.2803 | 학습: 94.7% | 검증: 87.1% | lr: 1.00e-03 | 2.1s
  에폭 792/1500 | 손실: 0.2818 | 학습: 94.6% | 검증: 86.7% | lr: 1.00e-03 | 2.1s
  에폭 793/1500 | 손실: 0.2829 | 학습: 94.5% | 검증: 86.6% | lr: 1.00e-03 | 2.1s
  에폭 794/1500 | 손실: 0.2826 | 학습: 94.5% | 검증: 86.0% | lr: 1.00e-03 | 2.0s
  에폭 795/1500 | 손실: 0.2813 | 학습: 94.3% | 검증: 86.6% | lr: 1.00e-03 | 2.0s
  에폭 796/1500 | 손실: 0.2820 | 학습: 94.7% | 검증: 86.7% | lr: 1.00e-03 | 2.2s
  에폭 797/1500 | 손실: 0.2760 | 학습: 94.6% | 검증: 86.9% | lr: 1.00e-03 | 2.4s
  에폭 798/1500 | 손실: 0.2843 | 학습: 94.6% | 검증: 86.9% | lr: 1.00e-03 | 2.1s
  에폭 799/1500 | 손실: 0.2825 | 학습: 94.4% | 검증: 86.6% | lr: 1.00e-03 | 2.0s
  에폭 800/1500 | 손실: 0.2811 | 학습: 94.7% | 검증: 87.3% | lr: 1.00e-03 | 2.2s
  에폭 801/1500 | 손실: 0.2837 | 학습: 94.3% | 검증: 86.7% | lr: 1.00e-03 | 2.1s
  에폭 802/1500 | 손실: 0.2807 | 학습: 94.6% | 검증: 86.8% | lr: 1.00e-03 | 2.1s
  에폭 803/1500 | 손실: 0.2803 | 학습: 94.8% | 검증: 87.1% | lr: 1.00e-03 | 2.2s
  에폭 804/1500 | 손실: 0.2882 | 학습: 94.6% | 검증: 86.7% | lr: 1.00e-03 | 2.1s
  에폭 805/1500 | 손실: 0.2840 | 학습: 94.8% | 검증: 86.7% | lr: 1.00e-03 | 2.1s
  에폭 806/1500 | 손실: 0.2761 | 학습: 94.6% | 검증: 87.4% | lr: 1.00e-03 | 2.0s
  에폭 807/1500 | 손실: 0.2834 | 학습: 94.7% | 검증: 87.0% | lr: 1.00e-03 | 2.1s
  에폭 808/1500 | 손실: 0.2827 | 학습: 94.6% | 검증: 86.7% | lr: 1.00e-03 | 1.7s
  에폭 809/1500 | 손실: 0.2796 | 학습: 94.6% | 검증: 87.1% | lr: 1.00e-03 | 1.9s
  에폭 810/1500 | 손실: 0.2808 | 학습: 94.2% | 검증: 86.8% | lr: 1.00e-03 | 2.2s
  에폭 811/1500 | 손실: 0.2899 | 학습: 94.7% | 검증: 86.8% | lr: 1.00e-03 | 2.0s
  에폭 812/1500 | 손실: 0.2816 | 학습: 94.7% | 검증: 86.6% | lr: 1.00e-03 | 2.2s
  에폭 813/1500 | 손실: 0.2827 | 학습: 94.5% | 검증: 86.9% | lr: 1.00e-03 | 2.0s
  에폭 814/1500 | 손실: 0.2850 | 학습: 94.3% | 검증: 86.7% | lr: 1.00e-03 | 1.9s
  에폭 815/1500 | 손실: 0.2808 | 학습: 94.4% | 검증: 86.9% | lr: 1.00e-03 | 2.0s
  에폭 816/1500 | 손실: 0.2861 | 학습: 94.3% | 검증: 86.9% | lr: 1.00e-03 | 2.1s
  에폭 817/1500 | 손실: 0.2784 | 학습: 94.5% | 검증: 86.8% | lr: 1.00e-03 | 2.0s
  에폭 818/1500 | 손실: 0.2826 | 학습: 94.4% | 검증: 86.6% | lr: 1.00e-03 | 2.0s
  에폭 819/1500 | 손실: 0.2838 | 학습: 94.6% | 검증: 86.7% | lr: 1.00e-03 | 2.1s
  에폭 820/1500 | 손실: 0.2841 | 학습: 94.4% | 검증: 86.8% | lr: 1.00e-03 | 1.9s
  에폭 821/1500 | 손실: 0.2863 | 학습: 94.4% | 검증: 86.4% | lr: 1.00e-03 | 1.9s
  에폭 822/1500 | 손실: 0.2760 | 학습: 94.0% | 검증: 86.4% | lr: 1.00e-03 | 2.1s
  에폭 823/1500 | 손실: 0.2801 | 학습: 94.7% | 검증: 86.9% | lr: 1.00e-03 | 2.0s
  에폭 824/1500 | 손실: 0.2753 | 학습: 94.8% | 검증: 87.0% | lr: 1.00e-03 | 1.9s
  에폭 825/1500 | 손실: 0.2756 | 학습: 94.9% | 검증: 87.0% | lr: 1.00e-03 | 2.0s
  에폭 826/1500 | 손실: 0.2824 | 학습: 94.8% | 검증: 86.9% | lr: 1.00e-03 | 1.9s
  에폭 827/1500 | 손실: 0.2785 | 학습: 94.8% | 검증: 87.0% | lr: 1.00e-03 | 2.3s
  에폭 828/1500 | 손실: 0.2762 | 학습: 94.6% | 검증: 86.6% | lr: 1.00e-03 | 2.2s
  에폭 829/1500 | 손실: 0.2750 | 학습: 94.3% | 검증: 86.3% | lr: 1.00e-03 | 2.1s
  에폭 830/1500 | 손실: 0.2800 | 학습: 94.8% | 검증: 87.2% | lr: 1.00e-03 | 2.0s
  에폭 831/1500 | 손실: 0.2820 | 학습: 94.7% | 검증: 87.2% | lr: 1.00e-03 | 1.8s
  에폭 832/1500 | 손실: 0.2782 | 학습: 94.6% | 검증: 87.1% | lr: 1.00e-03 | 2.2s
  에폭 833/1500 | 손실: 0.2810 | 학습: 94.8% | 검증: 86.8% | lr: 1.00e-03 | 2.0s
  에폭 834/1500 | 손실: 0.2820 | 학습: 94.7% | 검증: 86.8% | lr: 5.00e-04 | 2.2s
  에폭 835/1500 | 손실: 0.2777 | 학습: 94.9% | 검증: 87.2% | lr: 5.00e-04 | 2.1s
  에폭 836/1500 | 손실: 0.2744 | 학습: 94.8% | 검증: 86.9% | lr: 5.00e-04 | 2.2s
  에폭 837/1500 | 손실: 0.2660 | 학습: 95.2% | 검증: 87.2% | lr: 5.00e-04 | 2.0s
  에폭 838/1500 | 손실: 0.2739 | 학습: 95.0% | 검증: 87.2% | lr: 5.00e-04 | 1.6s
  에폭 839/1500 | 손실: 0.2785 | 학습: 95.1% | 검증: 86.9% | lr: 5.00e-04 | 1.8s
  에폭 840/1500 | 손실: 0.2712 | 학습: 95.0% | 검증: 87.1% | lr: 5.00e-04 | 2.2s
  에폭 841/1500 | 손실: 0.2782 | 학습: 94.8% | 검증: 87.1% | lr: 5.00e-04 | 2.1s
  에폭 842/1500 | 손실: 0.2734 | 학습: 94.6% | 검증: 87.0% | lr: 5.00e-04 | 2.0s
  에폭 843/1500 | 손실: 0.2770 | 학습: 94.9% | 검증: 87.0% | lr: 5.00e-04 | 2.0s
  에폭 844/1500 | 손실: 0.2745 | 학습: 94.8% | 검증: 87.1% | lr: 5.00e-04 | 2.0s
  에폭 845/1500 | 손실: 0.2764 | 학습: 95.1% | 검증: 87.2% | lr: 5.00e-04 | 2.1s
  에폭 846/1500 | 손실: 0.2740 | 학습: 95.0% | 검증: 87.1% | lr: 5.00e-04 | 1.9s
  에폭 847/1500 | 손실: 0.2684 | 학습: 95.0% | 검증: 87.5% | lr: 5.00e-04 | 2.1s
  에폭 848/1500 | 손실: 0.2763 | 학습: 95.0% | 검증: 86.8% | lr: 5.00e-04 | 1.9s
  에폭 849/1500 | 손실: 0.2757 | 학습: 95.3% | 검증: 87.4% | lr: 5.00e-04 | 2.1s
  에폭 850/1500 | 손실: 0.2681 | 학습: 95.3% | 검증: 87.1% | lr: 5.00e-04 | 2.0s
  에폭 851/1500 | 손실: 0.2701 | 학습: 95.1% | 검증: 87.0% | lr: 5.00e-04 | 1.9s
  에폭 852/1500 | 손실: 0.2695 | 학습: 95.2% | 검증: 87.2% | lr: 5.00e-04 | 2.1s
  에폭 853/1500 | 손실: 0.2659 | 학습: 94.8% | 검증: 87.1% | lr: 5.00e-04 | 2.1s
  에폭 854/1500 | 손실: 0.2665 | 학습: 94.9% | 검증: 87.2% | lr: 5.00e-04 | 2.1s
  에폭 855/1500 | 손실: 0.2715 | 학습: 95.1% | 검증: 87.6% | lr: 5.00e-04 | 2.0s ★
  에폭 856/1500 | 손실: 0.2735 | 학습: 95.2% | 검증: 87.4% | lr: 5.00e-04 | 1.8s
  에폭 857/1500 | 손실: 0.2763 | 학습: 95.1% | 검증: 87.0% | lr: 5.00e-04 | 2.1s
  에폭 858/1500 | 손실: 0.2676 | 학습: 95.2% | 검증: 87.2% | lr: 5.00e-04 | 1.1s
  에폭 859/1500 | 손실: 0.2683 | 학습: 95.0% | 검증: 87.4% | lr: 5.00e-04 | 0.6s
  에폭 860/1500 | 손실: 0.2700 | 학습: 94.6% | 검증: 86.9% | lr: 5.00e-04 | 0.6s
  에폭 861/1500 | 손실: 0.2684 | 학습: 95.1% | 검증: 86.7% | lr: 5.00e-04 | 0.6s
  에폭 862/1500 | 손실: 0.2731 | 학습: 95.0% | 검증: 87.1% | lr: 5.00e-04 | 0.6s
  에폭 863/1500 | 손실: 0.2674 | 학습: 95.0% | 검증: 87.1% | lr: 5.00e-04 | 0.5s
  에폭 864/1500 | 손실: 0.2660 | 학습: 95.2% | 검증: 87.8% | lr: 5.00e-04 | 0.6s ★
  에폭 865/1500 | 손실: 0.2667 | 학습: 95.0% | 검증: 86.7% | lr: 5.00e-04 | 0.6s
  에폭 866/1500 | 손실: 0.2741 | 학습: 95.1% | 검증: 87.0% | lr: 5.00e-04 | 0.6s
  에폭 867/1500 | 손실: 0.2708 | 학습: 95.3% | 검증: 87.5% | lr: 5.00e-04 | 0.5s
  에폭 868/1500 | 손실: 0.2680 | 학습: 95.2% | 검증: 87.2% | lr: 5.00e-04 | 0.5s
  에폭 869/1500 | 손실: 0.2694 | 학습: 95.4% | 검증: 87.0% | lr: 5.00e-04 | 0.5s
  에폭 870/1500 | 손실: 0.2680 | 학습: 95.1% | 검증: 87.1% | lr: 5.00e-04 | 0.5s
  에폭 871/1500 | 손실: 0.2749 | 학습: 95.2% | 검증: 87.2% | lr: 5.00e-04 | 0.5s
  에폭 872/1500 | 손실: 0.2713 | 학습: 94.8% | 검증: 86.9% | lr: 5.00e-04 | 0.6s
  에폭 873/1500 | 손실: 0.2725 | 학습: 95.1% | 검증: 87.5% | lr: 5.00e-04 | 0.5s
  에폭 874/1500 | 손실: 0.2756 | 학습: 95.0% | 검증: 86.8% | lr: 5.00e-04 | 0.5s
  에폭 875/1500 | 손실: 0.2746 | 학습: 95.2% | 검증: 87.2% | lr: 5.00e-04 | 0.5s
  에폭 876/1500 | 손실: 0.2741 | 학습: 95.3% | 검증: 87.3% | lr: 5.00e-04 | 0.5s
  에폭 877/1500 | 손실: 0.2697 | 학습: 95.1% | 검증: 86.8% | lr: 5.00e-04 | 0.5s
  에폭 878/1500 | 손실: 0.2696 | 학습: 95.0% | 검증: 86.9% | lr: 5.00e-04 | 0.5s
  에폭 879/1500 | 손실: 0.2706 | 학습: 95.3% | 검증: 87.1% | lr: 5.00e-04 | 0.5s
  에폭 880/1500 | 손실: 0.2688 | 학습: 95.3% | 검증: 87.0% | lr: 5.00e-04 | 0.6s
  에폭 881/1500 | 손실: 0.2685 | 학습: 95.0% | 검증: 87.2% | lr: 5.00e-04 | 0.5s
  에폭 882/1500 | 손실: 0.2694 | 학습: 94.9% | 검증: 87.1% | lr: 5.00e-04 | 0.5s
  에폭 883/1500 | 손실: 0.2788 | 학습: 95.1% | 검증: 87.3% | lr: 5.00e-04 | 0.6s
  에폭 884/1500 | 손실: 0.2664 | 학습: 95.1% | 검증: 86.7% | lr: 5.00e-04 | 0.6s
  에폭 885/1500 | 손실: 0.2711 | 학습: 95.3% | 검증: 86.8% | lr: 5.00e-04 | 0.5s
  에폭 886/1500 | 손실: 0.2722 | 학습: 95.2% | 검증: 87.1% | lr: 5.00e-04 | 0.5s
  에폭 887/1500 | 손실: 0.2615 | 학습: 95.3% | 검증: 87.1% | lr: 5.00e-04 | 0.5s
  에폭 888/1500 | 손실: 0.2759 | 학습: 95.3% | 검증: 87.6% | lr: 5.00e-04 | 0.6s
  에폭 889/1500 | 손실: 0.2609 | 학습: 95.2% | 검증: 87.5% | lr: 5.00e-04 | 0.6s
  에폭 890/1500 | 손실: 0.2709 | 학습: 95.1% | 검증: 87.0% | lr: 5.00e-04 | 0.6s
  에폭 891/1500 | 손실: 0.2699 | 학습: 95.4% | 검증: 87.1% | lr: 5.00e-04 | 0.6s
  에폭 892/1500 | 손실: 0.2692 | 학습: 95.0% | 검증: 87.1% | lr: 5.00e-04 | 0.5s
  에폭 893/1500 | 손실: 0.2685 | 학습: 95.3% | 검증: 87.3% | lr: 5.00e-04 | 0.5s
  에폭 894/1500 | 손실: 0.2676 | 학습: 95.1% | 검증: 87.2% | lr: 5.00e-04 | 0.5s
  에폭 895/1500 | 손실: 0.2679 | 학습: 95.0% | 검증: 87.3% | lr: 5.00e-04 | 0.5s
  에폭 896/1500 | 손실: 0.2736 | 학습: 95.1% | 검증: 87.3% | lr: 5.00e-04 | 0.5s
  에폭 897/1500 | 손실: 0.2685 | 학습: 94.7% | 검증: 87.3% | lr: 5.00e-04 | 0.5s
  에폭 898/1500 | 손실: 0.2668 | 학습: 95.2% | 검증: 87.2% | lr: 5.00e-04 | 0.5s
  에폭 899/1500 | 손실: 0.2696 | 학습: 95.3% | 검증: 87.4% | lr: 5.00e-04 | 0.5s
  에폭 900/1500 | 손실: 0.2668 | 학습: 94.6% | 검증: 86.8% | lr: 5.00e-04 | 0.5s
  에폭 901/1500 | 손실: 0.2710 | 학습: 95.3% | 검증: 87.5% | lr: 5.00e-04 | 0.5s
  에폭 902/1500 | 손실: 0.2644 | 학습: 95.3% | 검증: 87.4% | lr: 5.00e-04 | 0.5s
  에폭 903/1500 | 손실: 0.2723 | 학습: 95.2% | 검증: 87.6% | lr: 5.00e-04 | 0.5s
  에폭 904/1500 | 손실: 0.2723 | 학습: 95.0% | 검증: 86.6% | lr: 5.00e-04 | 0.5s
  에폭 905/1500 | 손실: 0.2675 | 학습: 94.7% | 검증: 86.8% | lr: 5.00e-04 | 0.5s
  에폭 906/1500 | 손실: 0.2713 | 학습: 95.1% | 검증: 87.0% | lr: 5.00e-04 | 0.5s
  에폭 907/1500 | 손실: 0.2674 | 학습: 95.3% | 검증: 87.4% | lr: 5.00e-04 | 0.5s
  에폭 908/1500 | 손실: 0.2707 | 학습: 95.3% | 검증: 87.1% | lr: 5.00e-04 | 0.5s
  에폭 909/1500 | 손실: 0.2665 | 학습: 95.4% | 검증: 87.2% | lr: 5.00e-04 | 0.5s
  에폭 910/1500 | 손실: 0.2627 | 학습: 95.1% | 검증: 87.1% | lr: 5.00e-04 | 0.6s
  에폭 911/1500 | 손실: 0.2736 | 학습: 95.3% | 검증: 87.3% | lr: 5.00e-04 | 0.5s
  에폭 912/1500 | 손실: 0.2724 | 학습: 95.0% | 검증: 87.1% | lr: 5.00e-04 | 0.6s
  에폭 913/1500 | 손실: 0.2723 | 학습: 95.0% | 검증: 87.0% | lr: 5.00e-04 | 0.5s
  에폭 914/1500 | 손실: 0.2659 | 학습: 95.3% | 검증: 87.3% | lr: 5.00e-04 | 0.5s
  에폭 915/1500 | 손실: 0.2702 | 학습: 95.3% | 검증: 87.2% | lr: 5.00e-04 | 0.5s
  에폭 916/1500 | 손실: 0.2728 | 학습: 95.3% | 검증: 87.1% | lr: 5.00e-04 | 0.5s
  에폭 917/1500 | 손실: 0.2719 | 학습: 95.3% | 검증: 87.0% | lr: 5.00e-04 | 0.5s
  에폭 918/1500 | 손실: 0.2674 | 학습: 95.2% | 검증: 87.0% | lr: 5.00e-04 | 0.6s
  에폭 919/1500 | 손실: 0.2740 | 학습: 94.9% | 검증: 87.1% | lr: 5.00e-04 | 0.5s
  에폭 920/1500 | 손실: 0.2679 | 학습: 95.4% | 검증: 87.2% | lr: 5.00e-04 | 0.6s
  에폭 921/1500 | 손실: 0.2677 | 학습: 95.3% | 검증: 87.4% | lr: 5.00e-04 | 0.6s
  에폭 922/1500 | 손실: 0.2660 | 학습: 95.3% | 검증: 87.4% | lr: 5.00e-04 | 0.6s
  에폭 923/1500 | 손실: 0.2697 | 학습: 95.3% | 검증: 87.4% | lr: 5.00e-04 | 0.6s
  에폭 924/1500 | 손실: 0.2655 | 학습: 95.3% | 검증: 87.2% | lr: 5.00e-04 | 0.6s
  에폭 925/1500 | 손실: 0.2737 | 학습: 95.2% | 검증: 87.0% | lr: 5.00e-04 | 0.5s
  에폭 926/1500 | 손실: 0.2734 | 학습: 94.5% | 검증: 86.6% | lr: 5.00e-04 | 0.5s
  에폭 927/1500 | 손실: 0.2634 | 학습: 95.2% | 검증: 86.9% | lr: 5.00e-04 | 0.5s
  에폭 928/1500 | 손실: 0.2692 | 학습: 95.2% | 검증: 87.1% | lr: 5.00e-04 | 0.5s
  에폭 929/1500 | 손실: 0.2674 | 학습: 95.3% | 검증: 87.2% | lr: 5.00e-04 | 0.5s
  에폭 930/1500 | 손실: 0.2682 | 학습: 95.3% | 검증: 87.2% | lr: 5.00e-04 | 0.5s
  에폭 931/1500 | 손실: 0.2716 | 학습: 94.8% | 검증: 87.0% | lr: 5.00e-04 | 0.5s
  에폭 932/1500 | 손실: 0.2675 | 학습: 95.3% | 검증: 87.5% | lr: 5.00e-04 | 0.5s
  에폭 933/1500 | 손실: 0.2715 | 학습: 95.3% | 검증: 87.3% | lr: 5.00e-04 | 0.5s
  에폭 934/1500 | 손실: 0.2678 | 학습: 95.4% | 검증: 87.3% | lr: 5.00e-04 | 0.5s
  에폭 935/1500 | 손실: 0.2680 | 학습: 95.3% | 검증: 86.9% | lr: 5.00e-04 | 0.5s
  에폭 936/1500 | 손실: 0.2650 | 학습: 95.1% | 검증: 87.0% | lr: 5.00e-04 | 0.5s
  에폭 937/1500 | 손실: 0.2667 | 학습: 95.4% | 검증: 87.3% | lr: 5.00e-04 | 0.5s
  에폭 938/1500 | 손실: 0.2644 | 학습: 94.9% | 검증: 87.4% | lr: 5.00e-04 | 0.6s
  에폭 939/1500 | 손실: 0.2753 | 학습: 95.4% | 검증: 87.2% | lr: 5.00e-04 | 0.5s
  에폭 940/1500 | 손실: 0.2635 | 학습: 95.2% | 검증: 87.6% | lr: 2.50e-04 | 0.5s
  에폭 941/1500 | 손실: 0.2637 | 학습: 95.2% | 검증: 87.4% | lr: 2.50e-04 | 0.5s
  에폭 942/1500 | 손실: 0.2599 | 학습: 95.3% | 검증: 87.7% | lr: 2.50e-04 | 0.5s
  에폭 943/1500 | 손실: 0.2579 | 학습: 95.6% | 검증: 87.5% | lr: 2.50e-04 | 0.5s
  에폭 944/1500 | 손실: 0.2588 | 학습: 95.3% | 검증: 87.9% | lr: 2.50e-04 | 0.5s ★
  에폭 945/1500 | 손실: 0.2671 | 학습: 95.3% | 검증: 87.2% | lr: 2.50e-04 | 0.6s
  에폭 946/1500 | 손실: 0.2600 | 학습: 95.4% | 검증: 87.6% | lr: 2.50e-04 | 0.5s
  에폭 947/1500 | 손실: 0.2688 | 학습: 95.4% | 검증: 87.6% | lr: 2.50e-04 | 0.5s
  에폭 948/1500 | 손실: 0.2664 | 학습: 95.5% | 검증: 87.1% | lr: 2.50e-04 | 0.5s
  에폭 949/1500 | 손실: 0.2623 | 학습: 95.4% | 검증: 87.4% | lr: 2.50e-04 | 0.5s
  에폭 950/1500 | 손실: 0.2551 | 학습: 95.3% | 검증: 87.4% | lr: 2.50e-04 | 0.5s
  에폭 951/1500 | 손실: 0.2662 | 학습: 95.5% | 검증: 87.2% | lr: 2.50e-04 | 0.5s
  에폭 952/1500 | 손실: 0.2614 | 학습: 95.4% | 검증: 87.5% | lr: 2.50e-04 | 0.5s
  에폭 953/1500 | 손실: 0.2570 | 학습: 95.5% | 검증: 87.1% | lr: 2.50e-04 | 0.5s
  에폭 954/1500 | 손실: 0.2599 | 학습: 95.5% | 검증: 87.5% | lr: 2.50e-04 | 0.5s
  에폭 955/1500 | 손실: 0.2652 | 학습: 95.2% | 검증: 87.2% | lr: 2.50e-04 | 0.6s
  에폭 956/1500 | 손실: 0.2609 | 학습: 95.2% | 검증: 87.3% | lr: 2.50e-04 | 0.5s
  에폭 957/1500 | 손실: 0.2604 | 학습: 95.2% | 검증: 87.1% | lr: 2.50e-04 | 0.5s
  에폭 958/1500 | 손실: 0.2656 | 학습: 95.6% | 검증: 87.6% | lr: 2.50e-04 | 0.5s
  에폭 959/1500 | 손실: 0.2579 | 학습: 95.4% | 검증: 87.2% | lr: 2.50e-04 | 0.6s
  에폭 960/1500 | 손실: 0.2586 | 학습: 95.4% | 검증: 87.1% | lr: 2.50e-04 | 0.6s
  에폭 961/1500 | 손실: 0.2668 | 학습: 95.1% | 검증: 87.1% | lr: 2.50e-04 | 0.6s
  에폭 962/1500 | 손실: 0.2667 | 학습: 95.5% | 검증: 87.7% | lr: 2.50e-04 | 0.6s
  에폭 963/1500 | 손실: 0.2639 | 학습: 95.3% | 검증: 87.4% | lr: 2.50e-04 | 0.6s
  에폭 964/1500 | 손실: 0.2623 | 학습: 95.4% | 검증: 87.2% | lr: 2.50e-04 | 0.5s
  에폭 965/1500 | 손실: 0.2568 | 학습: 95.4% | 검증: 87.3% | lr: 2.50e-04 | 0.5s
  에폭 966/1500 | 손실: 0.2637 | 학습: 95.4% | 검증: 87.5% | lr: 2.50e-04 | 0.5s
  에폭 967/1500 | 손실: 0.2618 | 학습: 95.6% | 검증: 87.2% | lr: 2.50e-04 | 0.5s
  에폭 968/1500 | 손실: 0.2673 | 학습: 95.5% | 검증: 87.4% | lr: 2.50e-04 | 0.5s
  에폭 969/1500 | 손실: 0.2624 | 학습: 95.4% | 검증: 87.6% | lr: 2.50e-04 | 0.6s
  에폭 970/1500 | 손실: 0.2666 | 학습: 95.3% | 검증: 87.3% | lr: 2.50e-04 | 0.5s
  에폭 971/1500 | 손실: 0.2666 | 학습: 95.4% | 검증: 87.4% | lr: 2.50e-04 | 0.5s
  에폭 972/1500 | 손실: 0.2609 | 학습: 95.1% | 검증: 87.1% | lr: 2.50e-04 | 0.6s
  에폭 973/1500 | 손실: 0.2633 | 학습: 95.5% | 검증: 87.4% | lr: 2.50e-04 | 0.5s
  에폭 974/1500 | 손실: 0.2586 | 학습: 95.5% | 검증: 87.3% | lr: 2.50e-04 | 0.5s
  에폭 975/1500 | 손실: 0.2553 | 학습: 95.5% | 검증: 87.2% | lr: 2.50e-04 | 0.5s
  에폭 976/1500 | 손실: 0.2627 | 학습: 95.6% | 검증: 87.4% | lr: 2.50e-04 | 0.5s
  에폭 977/1500 | 손실: 0.2702 | 학습: 95.6% | 검증: 87.3% | lr: 2.50e-04 | 0.5s
  에폭 978/1500 | 손실: 0.2566 | 학습: 95.0% | 검증: 87.0% | lr: 2.50e-04 | 0.5s
  에폭 979/1500 | 손실: 0.2606 | 학습: 95.5% | 검증: 87.5% | lr: 2.50e-04 | 0.5s
  에폭 980/1500 | 손실: 0.2625 | 학습: 95.6% | 검증: 87.5% | lr: 2.50e-04 | 0.5s
  에폭 981/1500 | 손실: 0.2631 | 학습: 95.7% | 검증: 87.4% | lr: 2.50e-04 | 0.5s
  에폭 982/1500 | 손실: 0.2621 | 학습: 95.3% | 검증: 87.1% | lr: 2.50e-04 | 0.6s
  에폭 983/1500 | 손실: 0.2558 | 학습: 95.2% | 검증: 87.1% | lr: 2.50e-04 | 0.5s
  에폭 984/1500 | 손실: 0.2617 | 학습: 95.4% | 검증: 87.6% | lr: 2.50e-04 | 0.5s
  에폭 985/1500 | 손실: 0.2554 | 학습: 95.3% | 검증: 87.2% | lr: 2.50e-04 | 0.5s
  에폭 986/1500 | 손실: 0.2601 | 학습: 95.3% | 검증: 87.4% | lr: 2.50e-04 | 0.5s
  에폭 987/1500 | 손실: 0.2638 | 학습: 95.4% | 검증: 87.3% | lr: 2.50e-04 | 0.5s
  에폭 988/1500 | 손실: 0.2596 | 학습: 95.5% | 검증: 87.5% | lr: 2.50e-04 | 0.5s
  에폭 989/1500 | 손실: 0.2606 | 학습: 95.2% | 검증: 87.2% | lr: 2.50e-04 | 0.5s
  에폭 990/1500 | 손실: 0.2627 | 학습: 95.2% | 검증: 87.3% | lr: 2.50e-04 | 0.5s
  에폭 991/1500 | 손실: 0.2598 | 학습: 95.5% | 검증: 87.4% | lr: 2.50e-04 | 0.5s
  에폭 992/1500 | 손실: 0.2587 | 학습: 95.0% | 검증: 87.2% | lr: 2.50e-04 | 0.5s
  에폭 993/1500 | 손실: 0.2581 | 학습: 95.5% | 검증: 87.7% | lr: 2.50e-04 | 0.5s
  에폭 994/1500 | 손실: 0.2586 | 학습: 95.5% | 검증: 87.6% | lr: 2.50e-04 | 0.5s
  에폭 995/1500 | 손실: 0.2706 | 학습: 95.6% | 검증: 87.3% | lr: 2.50e-04 | 0.5s
  에폭 996/1500 | 손실: 0.2627 | 학습: 95.6% | 검증: 87.6% | lr: 2.50e-04 | 0.5s
  에폭 997/1500 | 손실: 0.2633 | 학습: 95.4% | 검증: 87.5% | lr: 2.50e-04 | 0.5s
  에폭 998/1500 | 손실: 0.2648 | 학습: 95.5% | 검증: 87.4% | lr: 2.50e-04 | 0.5s
  에폭 999/1500 | 손실: 0.2620 | 학습: 95.4% | 검증: 87.5% | lr: 2.50e-04 | 0.5s
  에폭 1000/1500 | 손실: 0.2643 | 학습: 95.7% | 검증: 87.5% | lr: 2.50e-04 | 0.5s
  에폭 1001/1500 | 손실: 0.2635 | 학습: 95.3% | 검증: 87.0% | lr: 1.25e-04 | 0.6s
  에폭 1002/1500 | 손실: 0.2633 | 학습: 95.5% | 검증: 87.2% | lr: 1.25e-04 | 0.6s
  에폭 1003/1500 | 손실: 0.2596 | 학습: 95.6% | 검증: 87.7% | lr: 1.25e-04 | 0.5s
  에폭 1004/1500 | 손실: 0.2628 | 학습: 95.6% | 검증: 87.3% | lr: 1.25e-04 | 0.5s
  에폭 1005/1500 | 손실: 0.2583 | 학습: 95.5% | 검증: 87.4% | lr: 1.25e-04 | 0.5s
  에폭 1006/1500 | 손실: 0.2551 | 학습: 95.5% | 검증: 87.3% | lr: 1.25e-04 | 0.5s
  에폭 1007/1500 | 손실: 0.2565 | 학습: 95.6% | 검증: 87.7% | lr: 1.25e-04 | 0.5s
  에폭 1008/1500 | 손실: 0.2578 | 학습: 95.6% | 검증: 87.6% | lr: 1.25e-04 | 0.5s
  에폭 1009/1500 | 손실: 0.2574 | 학습: 95.5% | 검증: 86.9% | lr: 1.25e-04 | 0.5s
  에폭 1010/1500 | 손실: 0.2637 | 학습: 95.7% | 검증: 87.6% | lr: 1.25e-04 | 0.5s
  에폭 1011/1500 | 손실: 0.2640 | 학습: 95.7% | 검증: 87.1% | lr: 1.25e-04 | 0.5s
  에폭 1012/1500 | 손실: 0.2525 | 학습: 95.4% | 검증: 87.6% | lr: 1.25e-04 | 0.5s
  에폭 1013/1500 | 손실: 0.2647 | 학습: 95.6% | 검증: 87.5% | lr: 1.25e-04 | 0.5s
  에폭 1014/1500 | 손실: 0.2649 | 학습: 95.6% | 검증: 87.5% | lr: 1.25e-04 | 0.5s
  에폭 1015/1500 | 손실: 0.2611 | 학습: 95.6% | 검증: 86.8% | lr: 1.25e-04 | 0.5s
  에폭 1016/1500 | 손실: 0.2579 | 학습: 95.1% | 검증: 87.2% | lr: 1.25e-04 | 0.5s
  에폭 1017/1500 | 손실: 0.2597 | 학습: 95.5% | 검증: 87.4% | lr: 1.25e-04 | 0.5s
  에폭 1018/1500 | 손실: 0.2600 | 학습: 95.5% | 검증: 87.4% | lr: 1.25e-04 | 0.5s
  에폭 1019/1500 | 손실: 0.2610 | 학습: 95.0% | 검증: 86.6% | lr: 1.25e-04 | 0.5s
  에폭 1020/1500 | 손실: 0.2650 | 학습: 95.6% | 검증: 87.4% | lr: 1.25e-04 | 0.5s
  에폭 1021/1500 | 손실: 0.2553 | 학습: 95.7% | 검증: 87.3% | lr: 1.25e-04 | 0.5s
  에폭 1022/1500 | 손실: 0.2523 | 학습: 95.5% | 검증: 87.0% | lr: 1.25e-04 | 0.5s
  에폭 1023/1500 | 손실: 0.2609 | 학습: 94.8% | 검증: 86.5% | lr: 1.25e-04 | 0.5s
  에폭 1024/1500 | 손실: 0.2576 | 학습: 95.5% | 검증: 87.4% | lr: 1.25e-04 | 0.5s
  에폭 1025/1500 | 손실: 0.2570 | 학습: 95.5% | 검증: 87.4% | lr: 1.25e-04 | 0.5s
  에폭 1026/1500 | 손실: 0.2582 | 학습: 95.7% | 검증: 87.3% | lr: 1.25e-04 | 0.5s
  에폭 1027/1500 | 손실: 0.2582 | 학습: 95.6% | 검증: 87.3% | lr: 1.25e-04 | 0.5s
  에폭 1028/1500 | 손실: 0.2589 | 학습: 95.6% | 검증: 87.2% | lr: 1.25e-04 | 0.5s
  에폭 1029/1500 | 손실: 0.2642 | 학습: 95.6% | 검증: 87.4% | lr: 1.25e-04 | 0.5s
  에폭 1030/1500 | 손실: 0.2572 | 학습: 95.2% | 검증: 87.2% | lr: 1.25e-04 | 0.6s
  에폭 1031/1500 | 손실: 0.2599 | 학습: 95.6% | 검증: 87.7% | lr: 1.25e-04 | 0.5s
  에폭 1032/1500 | 손실: 0.2577 | 학습: 95.5% | 검증: 87.6% | lr: 1.25e-04 | 0.5s
  에폭 1033/1500 | 손실: 0.2598 | 학습: 95.4% | 검증: 87.3% | lr: 1.25e-04 | 0.5s
  에폭 1034/1500 | 손실: 0.2641 | 학습: 95.6% | 검증: 87.5% | lr: 1.25e-04 | 0.5s
  에폭 1035/1500 | 손실: 0.2601 | 학습: 95.3% | 검증: 87.4% | lr: 1.25e-04 | 0.5s
  에폭 1036/1500 | 손실: 0.2591 | 학습: 95.7% | 검증: 87.4% | lr: 1.25e-04 | 0.5s
  에폭 1037/1500 | 손실: 0.2622 | 학습: 95.5% | 검증: 87.5% | lr: 1.25e-04 | 0.5s
  에폭 1038/1500 | 손실: 0.2591 | 학습: 95.6% | 검증: 87.4% | lr: 1.25e-04 | 0.5s
  에폭 1039/1500 | 손실: 0.2582 | 학습: 95.6% | 검증: 87.3% | lr: 1.25e-04 | 0.5s
  에폭 1040/1500 | 손실: 0.2588 | 학습: 95.5% | 검증: 87.2% | lr: 1.25e-04 | 0.5s
  에폭 1041/1500 | 손실: 0.2561 | 학습: 95.5% | 검증: 87.1% | lr: 1.25e-04 | 0.5s
  에폭 1042/1500 | 손실: 0.2595 | 학습: 95.6% | 검증: 87.3% | lr: 1.25e-04 | 0.5s
  에폭 1043/1500 | 손실: 0.2571 | 학습: 95.4% | 검증: 87.6% | lr: 1.25e-04 | 0.5s
  에폭 1044/1500 | 손실: 0.2595 | 학습: 95.6% | 검증: 87.4% | lr: 1.25e-04 | 0.5s
  에폭 1045/1500 | 손실: 0.2619 | 학습: 95.2% | 검증: 86.8% | lr: 1.25e-04 | 0.5s
  에폭 1046/1500 | 손실: 0.2586 | 학습: 95.6% | 검증: 87.2% | lr: 1.25e-04 | 0.5s
  에폭 1047/1500 | 손실: 0.2604 | 학습: 95.7% | 검증: 87.4% | lr: 1.25e-04 | 0.5s
  에폭 1048/1500 | 손실: 0.2593 | 학습: 95.6% | 검증: 87.4% | lr: 1.25e-04 | 0.5s
  에폭 1049/1500 | 손실: 0.2544 | 학습: 95.6% | 검증: 87.2% | lr: 1.25e-04 | 0.5s
  에폭 1050/1500 | 손실: 0.2601 | 학습: 95.6% | 검증: 87.2% | lr: 1.25e-04 | 0.5s
  에폭 1051/1500 | 손실: 0.2639 | 학습: 95.6% | 검증: 87.5% | lr: 1.25e-04 | 0.5s
  에폭 1052/1500 | 손실: 0.2608 | 학습: 95.5% | 검증: 87.2% | lr: 1.25e-04 | 0.5s
  에폭 1053/1500 | 손실: 0.2563 | 학습: 95.6% | 검증: 87.4% | lr: 1.25e-04 | 0.5s
  에폭 1054/1500 | 손실: 0.2521 | 학습: 95.7% | 검증: 87.3% | lr: 1.25e-04 | 0.5s
  에폭 1055/1500 | 손실: 0.2610 | 학습: 95.4% | 검증: 87.4% | lr: 1.25e-04 | 0.5s
  에폭 1056/1500 | 손실: 0.2599 | 학습: 95.7% | 검증: 87.6% | lr: 1.25e-04 | 0.5s
  에폭 1057/1500 | 손실: 0.2553 | 학습: 95.3% | 검증: 87.0% | lr: 1.25e-04 | 0.5s
  에폭 1058/1500 | 손실: 0.2574 | 학습: 95.4% | 검증: 87.4% | lr: 1.25e-04 | 0.5s
  에폭 1059/1500 | 손실: 0.2605 | 학습: 95.5% | 검증: 87.4% | lr: 1.25e-04 | 0.6s
  에폭 1060/1500 | 손실: 0.2657 | 학습: 95.7% | 검증: 87.2% | lr: 1.25e-04 | 0.5s
  에폭 1061/1500 | 손실: 0.2631 | 학습: 95.7% | 검증: 87.5% | lr: 1.25e-04 | 0.5s
  에폭 1062/1500 | 손실: 0.2513 | 학습: 95.7% | 검증: 87.5% | lr: 1.25e-04 | 0.5s
  에폭 1063/1500 | 손실: 0.2598 | 학습: 95.2% | 검증: 87.5% | lr: 1.25e-04 | 0.5s
  에폭 1064/1500 | 손실: 0.2645 | 학습: 95.8% | 검증: 87.4% | lr: 1.25e-04 | 0.5s
  에폭 1065/1500 | 손실: 0.2654 | 학습: 95.4% | 검증: 87.2% | lr: 1.25e-04 | 0.5s
  에폭 1066/1500 | 손실: 0.2634 | 학습: 95.5% | 검증: 87.5% | lr: 1.25e-04 | 0.5s
  에폭 1067/1500 | 손실: 0.2611 | 학습: 95.3% | 검증: 87.3% | lr: 1.25e-04 | 0.5s
  에폭 1068/1500 | 손실: 0.2619 | 학습: 95.6% | 검증: 87.4% | lr: 1.25e-04 | 0.5s
  에폭 1069/1500 | 손실: 0.2579 | 학습: 95.7% | 검증: 87.4% | lr: 1.25e-04 | 0.5s
  에폭 1070/1500 | 손실: 0.2554 | 학습: 95.5% | 검증: 87.2% | lr: 1.25e-04 | 0.5s
  에폭 1071/1500 | 손실: 0.2559 | 학습: 95.6% | 검증: 87.4% | lr: 1.25e-04 | 0.5s
  에폭 1072/1500 | 손실: 0.2594 | 학습: 95.5% | 검증: 87.5% | lr: 1.25e-04 | 0.5s
  에폭 1073/1500 | 손실: 0.2647 | 학습: 95.7% | 검증: 87.3% | lr: 1.25e-04 | 0.5s
  에폭 1074/1500 | 손실: 0.2623 | 학습: 95.5% | 검증: 87.4% | lr: 1.25e-04 | 0.5s
  에폭 1075/1500 | 손실: 0.2554 | 학습: 95.7% | 검증: 87.6% | lr: 1.25e-04 | 0.5s
  에폭 1076/1500 | 손실: 0.2565 | 학습: 95.5% | 검증: 87.6% | lr: 1.25e-04 | 0.5s
  에폭 1077/1500 | 손실: 0.2591 | 학습: 95.6% | 검증: 87.0% | lr: 1.25e-04 | 0.5s
  에폭 1078/1500 | 손실: 0.2689 | 학습: 95.6% | 검증: 87.2% | lr: 1.25e-04 | 0.5s
  에폭 1079/1500 | 손실: 0.2569 | 학습: 95.5% | 검증: 87.5% | lr: 1.25e-04 | 0.5s
  에폭 1080/1500 | 손실: 0.2579 | 학습: 95.5% | 검증: 87.0% | lr: 1.25e-04 | 0.5s
  에폭 1081/1500 | 손실: 0.2576 | 학습: 95.3% | 검증: 86.8% | lr: 1.25e-04 | 0.5s
  에폭 1082/1500 | 손실: 0.2650 | 학습: 95.6% | 검증: 87.0% | lr: 1.25e-04 | 0.5s
  에폭 1083/1500 | 손실: 0.2579 | 학습: 95.7% | 검증: 87.4% | lr: 1.25e-04 | 0.5s
  에폭 1084/1500 | 손실: 0.2592 | 학습: 95.8% | 검증: 87.5% | lr: 1.25e-04 | 0.5s
  에폭 1085/1500 | 손실: 0.2588 | 학습: 95.3% | 검증: 87.5% | lr: 1.25e-04 | 0.5s
  에폭 1086/1500 | 손실: 0.2586 | 학습: 95.6% | 검증: 87.5% | lr: 1.25e-04 | 0.5s
  에폭 1087/1500 | 손실: 0.2567 | 학습: 95.8% | 검증: 87.6% | lr: 1.25e-04 | 0.5s
  에폭 1088/1500 | 손실: 0.2537 | 학습: 95.3% | 검증: 87.1% | lr: 1.25e-04 | 0.6s
  에폭 1089/1500 | 손실: 0.2569 | 학습: 95.7% | 검증: 87.5% | lr: 1.25e-04 | 0.5s
  에폭 1090/1500 | 손실: 0.2571 | 학습: 95.7% | 검증: 87.3% | lr: 1.25e-04 | 0.5s
  에폭 1091/1500 | 손실: 0.2580 | 학습: 95.5% | 검증: 87.6% | lr: 1.25e-04 | 0.5s
  에폭 1092/1500 | 손실: 0.2603 | 학습: 95.7% | 검증: 87.3% | lr: 1.25e-04 | 0.5s
  에폭 1093/1500 | 손실: 0.2601 | 학습: 95.3% | 검증: 87.6% | lr: 1.25e-04 | 0.5s
  에폭 1094/1500 | 손실: 0.2596 | 학습: 95.5% | 검증: 87.3% | lr: 1.25e-04 | 0.5s
  에폭 1095/1500 | 손실: 0.2550 | 학습: 95.6% | 검증: 87.4% | lr: 1.25e-04 | 0.5s
  에폭 1096/1500 | 손실: 0.2585 | 학습: 95.7% | 검증: 87.5% | lr: 1.25e-04 | 0.5s
  에폭 1097/1500 | 손실: 0.2581 | 학습: 95.6% | 검증: 87.5% | lr: 1.25e-04 | 0.5s
  에폭 1098/1500 | 손실: 0.2584 | 학습: 95.8% | 검증: 87.6% | lr: 1.25e-04 | 0.5s
  에폭 1099/1500 | 손실: 0.2567 | 학습: 95.7% | 검증: 87.5% | lr: 1.25e-04 | 0.6s
  에폭 1100/1500 | 손실: 0.2563 | 학습: 95.8% | 검증: 87.8% | lr: 1.25e-04 | 0.6s
  에폭 1101/1500 | 손실: 0.2641 | 학습: 95.4% | 검증: 87.5% | lr: 1.25e-04 | 0.5s
  에폭 1102/1500 | 손실: 0.2597 | 학습: 95.8% | 검증: 87.2% | lr: 1.25e-04 | 0.5s
  에폭 1103/1500 | 손실: 0.2571 | 학습: 95.6% | 검증: 87.2% | lr: 1.25e-04 | 0.5s
  에폭 1104/1500 | 손실: 0.2633 | 학습: 95.6% | 검증: 87.5% | lr: 1.25e-04 | 0.5s
  에폭 1105/1500 | 손실: 0.2562 | 학습: 95.5% | 검증: 87.2% | lr: 1.25e-04 | 0.5s
  에폭 1106/1500 | 손실: 0.2587 | 학습: 95.8% | 검증: 87.6% | lr: 1.25e-04 | 0.5s
  에폭 1107/1500 | 손실: 0.2539 | 학습: 95.6% | 검증: 87.4% | lr: 1.25e-04 | 0.5s
  에폭 1108/1500 | 손실: 0.2564 | 학습: 95.7% | 검증: 87.7% | lr: 1.25e-04 | 0.5s
  에폭 1109/1500 | 손실: 0.2581 | 학습: 95.7% | 검증: 87.1% | lr: 1.25e-04 | 0.5s
  에폭 1110/1500 | 손실: 0.2623 | 학습: 95.6% | 검증: 87.0% | lr: 1.25e-04 | 0.5s
  에폭 1111/1500 | 손실: 0.2567 | 학습: 95.7% | 검증: 87.4% | lr: 1.25e-04 | 0.5s
  에폭 1112/1500 | 손실: 0.2544 | 학습: 95.7% | 검증: 87.6% | lr: 1.25e-04 | 0.6s
  에폭 1113/1500 | 손실: 0.2594 | 학습: 95.6% | 검증: 87.5% | lr: 6.25e-05 | 0.5s
  에폭 1114/1500 | 손실: 0.2577 | 학습: 95.6% | 검증: 87.5% | lr: 6.25e-05 | 0.5s
  에폭 1115/1500 | 손실: 0.2589 | 학습: 95.8% | 검증: 87.3% | lr: 6.25e-05 | 0.5s
  에폭 1116/1500 | 손실: 0.2589 | 학습: 95.7% | 검증: 87.3% | lr: 6.25e-05 | 0.5s
  에폭 1117/1500 | 손실: 0.2578 | 학습: 95.7% | 검증: 87.3% | lr: 6.25e-05 | 0.5s
  에폭 1118/1500 | 손실: 0.2543 | 학습: 95.7% | 검증: 87.6% | lr: 6.25e-05 | 0.5s
  에폭 1119/1500 | 손실: 0.2537 | 학습: 95.8% | 검증: 87.2% | lr: 6.25e-05 | 0.5s
  에폭 1120/1500 | 손실: 0.2596 | 학습: 95.9% | 검증: 87.5% | lr: 6.25e-05 | 0.5s
  에폭 1121/1500 | 손실: 0.2628 | 학습: 95.8% | 검증: 87.7% | lr: 6.25e-05 | 0.5s
  에폭 1122/1500 | 손실: 0.2580 | 학습: 95.8% | 검증: 87.6% | lr: 6.25e-05 | 0.5s
  에폭 1123/1500 | 손실: 0.2610 | 학습: 95.7% | 검증: 87.2% | lr: 6.25e-05 | 0.5s
  에폭 1124/1500 | 손실: 0.2560 | 학습: 95.7% | 검증: 87.8% | lr: 6.25e-05 | 0.5s
  에폭 1125/1500 | 손실: 0.2587 | 학습: 95.7% | 검증: 87.6% | lr: 6.25e-05 | 0.5s
  에폭 1126/1500 | 손실: 0.2563 | 학습: 95.5% | 검증: 87.3% | lr: 6.25e-05 | 0.5s
  에폭 1127/1500 | 손실: 0.2607 | 학습: 95.9% | 검증: 87.6% | lr: 6.25e-05 | 0.5s
  에폭 1128/1500 | 손실: 0.2524 | 학습: 95.7% | 검증: 87.7% | lr: 6.25e-05 | 0.5s
  에폭 1129/1500 | 손실: 0.2560 | 학습: 95.7% | 검증: 87.4% | lr: 6.25e-05 | 0.5s
  에폭 1130/1500 | 손실: 0.2558 | 학습: 95.6% | 검증: 87.2% | lr: 6.25e-05 | 0.5s
  에폭 1131/1500 | 손실: 0.2605 | 학습: 95.5% | 검증: 87.4% | lr: 6.25e-05 | 0.5s
  에폭 1132/1500 | 손실: 0.2607 | 학습: 95.6% | 검증: 87.5% | lr: 6.25e-05 | 0.5s
  에폭 1133/1500 | 손실: 0.2579 | 학습: 95.6% | 검증: 87.5% | lr: 6.25e-05 | 0.5s
  에폭 1134/1500 | 손실: 0.2645 | 학습: 95.8% | 검증: 87.5% | lr: 6.25e-05 | 0.5s
  에폭 1135/1500 | 손실: 0.2517 | 학습: 95.6% | 검증: 87.3% | lr: 6.25e-05 | 0.5s
  에폭 1136/1500 | 손실: 0.2581 | 학습: 95.7% | 검증: 87.6% | lr: 6.25e-05 | 0.5s
  에폭 1137/1500 | 손실: 0.2607 | 학습: 95.7% | 검증: 87.4% | lr: 6.25e-05 | 0.5s
  에폭 1138/1500 | 손실: 0.2563 | 학습: 95.8% | 검증: 87.4% | lr: 6.25e-05 | 0.5s
  에폭 1139/1500 | 손실: 0.2602 | 학습: 95.7% | 검증: 87.5% | lr: 6.25e-05 | 0.5s
  에폭 1140/1500 | 손실: 0.2632 | 학습: 95.8% | 검증: 87.2% | lr: 6.25e-05 | 0.5s
  에폭 1141/1500 | 손실: 0.2600 | 학습: 95.6% | 검증: 87.2% | lr: 6.25e-05 | 0.5s
  에폭 1142/1500 | 손실: 0.2584 | 학습: 95.1% | 검증: 86.7% | lr: 6.25e-05 | 0.6s
  에폭 1143/1500 | 손실: 0.2581 | 학습: 95.6% | 검증: 87.5% | lr: 6.25e-05 | 0.5s
  에폭 1144/1500 | 손실: 0.2599 | 학습: 95.6% | 검증: 87.0% | lr: 6.25e-05 | 0.5s
  에폭 1145/1500 | 손실: 0.2601 | 학습: 95.8% | 검증: 87.2% | lr: 6.25e-05 | 0.5s
  에폭 1146/1500 | 손실: 0.2593 | 학습: 95.6% | 검증: 87.6% | lr: 6.25e-05 | 0.5s
  에폭 1147/1500 | 손실: 0.2497 | 학습: 95.6% | 검증: 87.5% | lr: 6.25e-05 | 0.5s
  에폭 1148/1500 | 손실: 0.2590 | 학습: 95.5% | 검증: 87.3% | lr: 6.25e-05 | 0.5s
  에폭 1149/1500 | 손실: 0.2632 | 학습: 95.8% | 검증: 87.4% | lr: 6.25e-05 | 0.5s
  에폭 1150/1500 | 손실: 0.2617 | 학습: 95.7% | 검증: 87.7% | lr: 6.25e-05 | 0.5s
  에폭 1151/1500 | 손실: 0.2549 | 학습: 95.8% | 검증: 87.6% | lr: 6.25e-05 | 0.5s
  에폭 1152/1500 | 손실: 0.2590 | 학습: 95.8% | 검증: 87.4% | lr: 6.25e-05 | 0.5s
  에폭 1153/1500 | 손실: 0.2489 | 학습: 95.6% | 검증: 87.3% | lr: 6.25e-05 | 0.5s
  에폭 1154/1500 | 손실: 0.2576 | 학습: 95.7% | 검증: 87.4% | lr: 6.25e-05 | 0.5s
  에폭 1155/1500 | 손실: 0.2552 | 학습: 95.7% | 검증: 87.4% | lr: 6.25e-05 | 0.5s
  에폭 1156/1500 | 손실: 0.2615 | 학습: 95.5% | 검증: 87.0% | lr: 6.25e-05 | 0.5s
  에폭 1157/1500 | 손실: 0.2578 | 학습: 95.5% | 검증: 87.0% | lr: 6.25e-05 | 0.5s
  에폭 1158/1500 | 손실: 0.2523 | 학습: 95.9% | 검증: 87.8% | lr: 6.25e-05 | 0.5s
  에폭 1159/1500 | 손실: 0.2572 | 학습: 95.7% | 검증: 87.6% | lr: 6.25e-05 | 0.5s
  에폭 1160/1500 | 손실: 0.2592 | 학습: 95.5% | 검증: 87.5% | lr: 6.25e-05 | 0.5s
  에폭 1161/1500 | 손실: 0.2609 | 학습: 95.6% | 검증: 87.4% | lr: 6.25e-05 | 0.5s
  에폭 1162/1500 | 손실: 0.2612 | 학습: 95.5% | 검증: 87.4% | lr: 6.25e-05 | 0.5s
  에폭 1163/1500 | 손실: 0.2628 | 학습: 95.8% | 검증: 87.8% | lr: 6.25e-05 | 0.5s
  에폭 1164/1500 | 손실: 0.2584 | 학습: 95.7% | 검증: 87.5% | lr: 6.25e-05 | 0.5s
  에폭 1165/1500 | 손실: 0.2613 | 학습: 95.8% | 검증: 87.9% | lr: 6.25e-05 | 0.5s ★
  에폭 1166/1500 | 손실: 0.2599 | 학습: 95.6% | 검증: 87.7% | lr: 6.25e-05 | 0.5s
  에폭 1167/1500 | 손실: 0.2589 | 학습: 95.8% | 검증: 87.8% | lr: 6.25e-05 | 0.5s
  에폭 1168/1500 | 손실: 0.2589 | 학습: 95.7% | 검증: 87.4% | lr: 6.25e-05 | 0.5s
  에폭 1169/1500 | 손실: 0.2525 | 학습: 95.7% | 검증: 87.4% | lr: 6.25e-05 | 0.5s
  에폭 1170/1500 | 손실: 0.2555 | 학습: 95.7% | 검증: 87.0% | lr: 6.25e-05 | 0.5s
  에폭 1171/1500 | 손실: 0.2643 | 학습: 95.6% | 검증: 87.5% | lr: 6.25e-05 | 0.6s
  에폭 1172/1500 | 손실: 0.2603 | 학습: 95.8% | 검증: 87.1% | lr: 6.25e-05 | 0.5s
  에폭 1173/1500 | 손실: 0.2575 | 학습: 95.8% | 검증: 87.6% | lr: 6.25e-05 | 0.5s
  에폭 1174/1500 | 손실: 0.2585 | 학습: 95.4% | 검증: 87.6% | lr: 6.25e-05 | 0.5s
  에폭 1175/1500 | 손실: 0.2538 | 학습: 95.9% | 검증: 87.7% | lr: 6.25e-05 | 0.5s
  에폭 1176/1500 | 손실: 0.2532 | 학습: 95.7% | 검증: 87.8% | lr: 6.25e-05 | 0.5s
  에폭 1177/1500 | 손실: 0.2583 | 학습: 95.7% | 검증: 87.5% | lr: 6.25e-05 | 0.5s
  에폭 1178/1500 | 손실: 0.2542 | 학습: 95.9% | 검증: 87.9% | lr: 6.25e-05 | 0.5s ★
  에폭 1179/1500 | 손실: 0.2598 | 학습: 95.6% | 검증: 87.6% | lr: 6.25e-05 | 0.5s
  에폭 1180/1500 | 손실: 0.2590 | 학습: 95.8% | 검증: 87.6% | lr: 6.25e-05 | 0.5s
  에폭 1181/1500 | 손실: 0.2586 | 학습: 95.9% | 검증: 87.6% | lr: 6.25e-05 | 0.5s
  에폭 1182/1500 | 손실: 0.2542 | 학습: 95.6% | 검증: 87.2% | lr: 6.25e-05 | 0.5s
  에폭 1183/1500 | 손실: 0.2559 | 학습: 95.7% | 검증: 87.4% | lr: 6.25e-05 | 0.5s
  에폭 1184/1500 | 손실: 0.2579 | 학습: 95.6% | 검증: 87.1% | lr: 6.25e-05 | 0.5s
  에폭 1185/1500 | 손실: 0.2563 | 학습: 95.9% | 검증: 87.6% | lr: 6.25e-05 | 0.5s
  에폭 1186/1500 | 손실: 0.2531 | 학습: 95.7% | 검증: 87.5% | lr: 6.25e-05 | 0.5s
  에폭 1187/1500 | 손실: 0.2575 | 학습: 95.7% | 검증: 87.6% | lr: 6.25e-05 | 0.5s
  에폭 1188/1500 | 손실: 0.2557 | 학습: 95.9% | 검증: 87.6% | lr: 6.25e-05 | 0.5s
  에폭 1189/1500 | 손실: 0.2583 | 학습: 95.8% | 검증: 87.7% | lr: 6.25e-05 | 0.5s
  에폭 1190/1500 | 손실: 0.2596 | 학습: 95.5% | 검증: 87.5% | lr: 6.25e-05 | 0.5s
  에폭 1191/1500 | 손실: 0.2567 | 학습: 95.5% | 검증: 87.5% | lr: 6.25e-05 | 0.5s
  에폭 1192/1500 | 손실: 0.2516 | 학습: 95.6% | 검증: 87.8% | lr: 6.25e-05 | 0.5s
  에폭 1193/1500 | 손실: 0.2542 | 학습: 95.8% | 검증: 87.6% | lr: 6.25e-05 | 0.5s
  에폭 1194/1500 | 손실: 0.2633 | 학습: 95.8% | 검증: 87.6% | lr: 6.25e-05 | 0.5s
  에폭 1195/1500 | 손실: 0.2598 | 학습: 95.7% | 검증: 87.5% | lr: 6.25e-05 | 0.5s
  에폭 1196/1500 | 손실: 0.2509 | 학습: 95.7% | 검증: 87.5% | lr: 6.25e-05 | 0.5s
  에폭 1197/1500 | 손실: 0.2622 | 학습: 95.7% | 검증: 87.6% | lr: 6.25e-05 | 0.5s
  에폭 1198/1500 | 손실: 0.2575 | 학습: 95.8% | 검증: 87.7% | lr: 6.25e-05 | 0.5s
  에폭 1199/1500 | 손실: 0.2583 | 학습: 95.7% | 검증: 87.5% | lr: 6.25e-05 | 0.5s
  에폭 1200/1500 | 손실: 0.2562 | 학습: 95.8% | 검증: 87.7% | lr: 6.25e-05 | 0.6s
  에폭 1201/1500 | 손실: 0.2594 | 학습: 95.5% | 검증: 87.7% | lr: 6.25e-05 | 0.5s
  에폭 1202/1500 | 손실: 0.2524 | 학습: 95.6% | 검증: 87.5% | lr: 6.25e-05 | 0.6s
  에폭 1203/1500 | 손실: 0.2530 | 학습: 95.7% | 검증: 87.7% | lr: 6.25e-05 | 0.5s
  에폭 1204/1500 | 손실: 0.2586 | 학습: 95.6% | 검증: 87.5% | lr: 3.13e-05 | 0.6s
  에폭 1205/1500 | 손실: 0.2506 | 학습: 95.3% | 검증: 87.1% | lr: 3.13e-05 | 0.5s
  에폭 1206/1500 | 손실: 0.2600 | 학습: 95.8% | 검증: 87.3% | lr: 3.13e-05 | 0.5s
  에폭 1207/1500 | 손실: 0.2613 | 학습: 95.6% | 검증: 87.6% | lr: 3.13e-05 | 0.5s
  에폭 1208/1500 | 손실: 0.2552 | 학습: 95.7% | 검증: 87.6% | lr: 3.13e-05 | 0.6s
  에폭 1209/1500 | 손실: 0.2594 | 학습: 95.8% | 검증: 87.8% | lr: 3.13e-05 | 0.5s
  에폭 1210/1500 | 손실: 0.2565 | 학습: 95.6% | 검증: 87.6% | lr: 3.13e-05 | 0.6s
  에폭 1211/1500 | 손실: 0.2539 | 학습: 95.7% | 검증: 87.5% | lr: 3.13e-05 | 0.6s
  에폭 1212/1500 | 손실: 0.2641 | 학습: 95.7% | 검증: 87.9% | lr: 3.13e-05 | 0.5s
  에폭 1213/1500 | 손실: 0.2589 | 학습: 95.6% | 검증: 87.5% | lr: 3.13e-05 | 0.5s
  에폭 1214/1500 | 손실: 0.2541 | 학습: 95.6% | 검증: 87.3% | lr: 3.13e-05 | 0.5s
  에폭 1215/1500 | 손실: 0.2533 | 학습: 95.6% | 검증: 87.0% | lr: 3.13e-05 | 0.5s
  에폭 1216/1500 | 손실: 0.2597 | 학습: 95.8% | 검증: 87.6% | lr: 3.13e-05 | 0.6s
  에폭 1217/1500 | 손실: 0.2622 | 학습: 95.8% | 검증: 87.5% | lr: 3.13e-05 | 0.6s
  에폭 1218/1500 | 손실: 0.2578 | 학습: 95.6% | 검증: 87.6% | lr: 3.13e-05 | 0.6s
  에폭 1219/1500 | 손실: 0.2524 | 학습: 95.9% | 검증: 87.4% | lr: 3.13e-05 | 0.6s
  에폭 1220/1500 | 손실: 0.2540 | 학습: 95.8% | 검증: 87.5% | lr: 3.13e-05 | 0.6s
  에폭 1221/1500 | 손실: 0.2544 | 학습: 95.6% | 검증: 87.6% | lr: 3.13e-05 | 0.6s
  에폭 1222/1500 | 손실: 0.2601 | 학습: 95.8% | 검증: 87.4% | lr: 3.13e-05 | 0.6s
  에폭 1223/1500 | 손실: 0.2546 | 학습: 95.6% | 검증: 87.6% | lr: 3.13e-05 | 0.6s
  에폭 1224/1500 | 손실: 0.2508 | 학습: 95.5% | 검증: 87.4% | lr: 3.13e-05 | 0.6s
  에폭 1225/1500 | 손실: 0.2620 | 학습: 95.7% | 검증: 87.4% | lr: 3.13e-05 | 0.6s
  에폭 1226/1500 | 손실: 0.2534 | 학습: 95.6% | 검증: 87.6% | lr: 3.13e-05 | 0.6s
  에폭 1227/1500 | 손실: 0.2558 | 학습: 95.9% | 검증: 87.7% | lr: 3.13e-05 | 0.6s
  에폭 1228/1500 | 손실: 0.2580 | 학습: 95.5% | 검증: 87.2% | lr: 3.13e-05 | 0.5s
  에폭 1229/1500 | 손실: 0.2546 | 학습: 95.9% | 검증: 87.4% | lr: 3.13e-05 | 0.6s
  에폭 1230/1500 | 손실: 0.2582 | 학습: 95.8% | 검증: 87.3% | lr: 3.13e-05 | 0.6s
  에폭 1231/1500 | 손실: 0.2584 | 학습: 95.6% | 검증: 87.3% | lr: 3.13e-05 | 0.6s
  에폭 1232/1500 | 손실: 0.2565 | 학습: 95.9% | 검증: 87.5% | lr: 3.13e-05 | 0.5s
  에폭 1233/1500 | 손실: 0.2560 | 학습: 95.6% | 검증: 87.4% | lr: 3.13e-05 | 0.5s
  에폭 1234/1500 | 손실: 0.2519 | 학습: 95.8% | 검증: 87.6% | lr: 3.13e-05 | 0.5s
  에폭 1235/1500 | 손실: 0.2636 | 학습: 95.8% | 검증: 87.5% | lr: 3.13e-05 | 0.6s
  에폭 1236/1500 | 손실: 0.2584 | 학습: 95.7% | 검증: 87.3% | lr: 3.13e-05 | 0.6s
  에폭 1237/1500 | 손실: 0.2579 | 학습: 95.7% | 검증: 87.5% | lr: 3.13e-05 | 0.6s
  에폭 1238/1500 | 손실: 0.2529 | 학습: 95.6% | 검증: 87.5% | lr: 3.13e-05 | 0.6s
  에폭 1239/1500 | 손실: 0.2602 | 학습: 95.5% | 검증: 87.2% | lr: 3.13e-05 | 0.5s
  에폭 1240/1500 | 손실: 0.2560 | 학습: 95.8% | 검증: 87.6% | lr: 3.13e-05 | 0.5s
  에폭 1241/1500 | 손실: 0.2537 | 학습: 95.5% | 검증: 87.3% | lr: 3.13e-05 | 0.5s
  에폭 1242/1500 | 손실: 0.2512 | 학습: 95.6% | 검증: 87.7% | lr: 3.13e-05 | 0.6s
  에폭 1243/1500 | 손실: 0.2559 | 학습: 95.8% | 검증: 87.6% | lr: 3.13e-05 | 0.6s
  에폭 1244/1500 | 손실: 0.2559 | 학습: 95.6% | 검증: 87.3% | lr: 3.13e-05 | 0.6s
  에폭 1245/1500 | 손실: 0.2591 | 학습: 95.6% | 검증: 87.2% | lr: 3.13e-05 | 0.6s
  에폭 1246/1500 | 손실: 0.2581 | 학습: 95.8% | 검증: 87.5% | lr: 3.13e-05 | 0.5s
  에폭 1247/1500 | 손실: 0.2570 | 학습: 95.7% | 검증: 87.5% | lr: 3.13e-05 | 0.6s
  에폭 1248/1500 | 손실: 0.2540 | 학습: 95.6% | 검증: 87.5% | lr: 3.13e-05 | 0.6s
  에폭 1249/1500 | 손실: 0.2543 | 학습: 95.8% | 검증: 87.6% | lr: 3.13e-05 | 0.5s
  에폭 1250/1500 | 손실: 0.2552 | 학습: 95.5% | 검증: 87.3% | lr: 3.13e-05 | 0.6s
  에폭 1251/1500 | 손실: 0.2646 | 학습: 95.8% | 검증: 87.8% | lr: 3.13e-05 | 0.5s
  에폭 1252/1500 | 손실: 0.2542 | 학습: 95.8% | 검증: 87.7% | lr: 3.13e-05 | 0.6s
  에폭 1253/1500 | 손실: 0.2567 | 학습: 95.7% | 검증: 87.4% | lr: 3.13e-05 | 0.6s
  에폭 1254/1500 | 손실: 0.2618 | 학습: 95.6% | 검증: 87.3% | lr: 3.13e-05 | 0.6s
  에폭 1255/1500 | 손실: 0.2539 | 학습: 95.6% | 검증: 87.7% | lr: 1.56e-05 | 0.6s
  에폭 1256/1500 | 손실: 0.2533 | 학습: 95.7% | 검증: 87.7% | lr: 1.56e-05 | 0.6s
  에폭 1257/1500 | 손실: 0.2581 | 학습: 95.7% | 검증: 87.5% | lr: 1.56e-05 | 0.6s
  에폭 1258/1500 | 손실: 0.2626 | 학습: 95.7% | 검증: 87.5% | lr: 1.56e-05 | 0.6s
  에폭 1259/1500 | 손실: 0.2638 | 학습: 95.7% | 검증: 87.5% | lr: 1.56e-05 | 0.6s
  에폭 1260/1500 | 손실: 0.2592 | 학습: 95.8% | 검증: 87.5% | lr: 1.56e-05 | 0.6s
  에폭 1261/1500 | 손실: 0.2597 | 학습: 95.6% | 검증: 87.5% | lr: 1.56e-05 | 0.6s
  에폭 1262/1500 | 손실: 0.2541 | 학습: 95.7% | 검증: 87.3% | lr: 1.56e-05 | 0.6s
  에폭 1263/1500 | 손실: 0.2556 | 학습: 95.8% | 검증: 87.7% | lr: 1.56e-05 | 0.6s
  에폭 1264/1500 | 손실: 0.2514 | 학습: 95.7% | 검증: 87.3% | lr: 1.56e-05 | 0.6s
  에폭 1265/1500 | 손실: 0.2533 | 학습: 95.6% | 검증: 87.5% | lr: 1.56e-05 | 0.6s
  에폭 1266/1500 | 손실: 0.2548 | 학습: 95.8% | 검증: 87.5% | lr: 1.56e-05 | 0.6s
  에폭 1267/1500 | 손실: 0.2549 | 학습: 95.8% | 검증: 87.2% | lr: 1.56e-05 | 0.6s
  에폭 1268/1500 | 손실: 0.2475 | 학습: 95.5% | 검증: 87.2% | lr: 1.56e-05 | 0.6s
  에폭 1269/1500 | 손실: 0.2509 | 학습: 95.8% | 검증: 87.5% | lr: 1.56e-05 | 0.7s
  에폭 1270/1500 | 손실: 0.2506 | 학습: 95.8% | 검증: 87.5% | lr: 1.56e-05 | 0.6s
  에폭 1271/1500 | 손실: 0.2600 | 학습: 95.5% | 검증: 87.5% | lr: 1.56e-05 | 0.5s
  에폭 1272/1500 | 손실: 0.2539 | 학습: 95.8% | 검증: 87.8% | lr: 1.56e-05 | 0.6s
  에폭 1273/1500 | 손실: 0.2639 | 학습: 95.9% | 검증: 87.9% | lr: 1.56e-05 | 0.6s
  에폭 1274/1500 | 손실: 0.2530 | 학습: 95.8% | 검증: 87.7% | lr: 1.56e-05 | 0.6s
  에폭 1275/1500 | 손실: 0.2503 | 학습: 95.7% | 검증: 87.5% | lr: 1.56e-05 | 0.6s
  에폭 1276/1500 | 손실: 0.2588 | 학습: 95.9% | 검증: 87.7% | lr: 1.56e-05 | 0.6s
  에폭 1277/1500 | 손실: 0.2577 | 학습: 95.5% | 검증: 87.2% | lr: 1.56e-05 | 0.6s
  에폭 1278/1500 | 손실: 0.2525 | 학습: 95.7% | 검증: 87.4% | lr: 1.56e-05 | 0.6s
  에폭 1279/1500 | 손실: 0.2579 | 학습: 95.6% | 검증: 87.5% | lr: 1.56e-05 | 0.6s
  에폭 1280/1500 | 손실: 0.2578 | 학습: 95.9% | 검증: 87.5% | lr: 1.56e-05 | 0.6s
  에폭 1281/1500 | 손실: 0.2544 | 학습: 95.5% | 검증: 87.4% | lr: 1.56e-05 | 0.6s
  에폭 1282/1500 | 손실: 0.2551 | 학습: 95.8% | 검증: 87.6% | lr: 1.56e-05 | 0.6s
  에폭 1283/1500 | 손실: 0.2607 | 학습: 95.7% | 검증: 87.5% | lr: 1.56e-05 | 0.6s
  에폭 1284/1500 | 손실: 0.2549 | 학습: 95.7% | 검증: 87.4% | lr: 1.56e-05 | 0.7s
  에폭 1285/1500 | 손실: 0.2555 | 학습: 95.7% | 검증: 87.5% | lr: 1.56e-05 | 0.6s
  에폭 1286/1500 | 손실: 0.2564 | 학습: 95.4% | 검증: 87.0% | lr: 1.56e-05 | 0.6s
  에폭 1287/1500 | 손실: 0.2601 | 학습: 95.7% | 검증: 87.7% | lr: 1.56e-05 | 0.6s
  에폭 1288/1500 | 손실: 0.2566 | 학습: 95.8% | 검증: 87.6% | lr: 1.56e-05 | 0.6s
  에폭 1289/1500 | 손실: 0.2530 | 학습: 95.6% | 검증: 87.4% | lr: 1.56e-05 | 0.6s
  에폭 1290/1500 | 손실: 0.2579 | 학습: 95.9% | 검증: 87.2% | lr: 1.56e-05 | 0.6s
  에폭 1291/1500 | 손실: 0.2557 | 학습: 95.6% | 검증: 87.5% | lr: 1.56e-05 | 0.6s
  에폭 1292/1500 | 손실: 0.2577 | 학습: 95.7% | 검증: 87.5% | lr: 1.56e-05 | 0.6s
  에폭 1293/1500 | 손실: 0.2550 | 학습: 95.5% | 검증: 87.3% | lr: 1.56e-05 | 0.6s
  에폭 1294/1500 | 손실: 0.2561 | 학습: 95.5% | 검증: 87.7% | lr: 1.56e-05 | 0.6s
  에폭 1295/1500 | 손실: 0.2580 | 학습: 95.8% | 검증: 87.7% | lr: 1.56e-05 | 0.6s
  에폭 1296/1500 | 손실: 0.2615 | 학습: 95.7% | 검증: 87.5% | lr: 1.56e-05 | 0.6s
  에폭 1297/1500 | 손실: 0.2541 | 학습: 95.8% | 검증: 87.5% | lr: 1.56e-05 | 0.6s
  에폭 1298/1500 | 손실: 0.2533 | 학습: 95.7% | 검증: 87.6% | lr: 1.56e-05 | 0.6s
  에폭 1299/1500 | 손실: 0.2556 | 학습: 95.7% | 검증: 87.4% | lr: 1.56e-05 | 0.6s
  에폭 1300/1500 | 손실: 0.2526 | 학습: 95.7% | 검증: 87.4% | lr: 1.56e-05 | 0.6s
  에폭 1301/1500 | 손실: 0.2567 | 학습: 95.9% | 검증: 87.6% | lr: 1.56e-05 | 0.6s
  에폭 1302/1500 | 손실: 0.2604 | 학습: 95.8% | 검증: 87.7% | lr: 1.56e-05 | 0.6s
  에폭 1303/1500 | 손실: 0.2594 | 학습: 95.3% | 검증: 87.1% | lr: 1.56e-05 | 0.6s
  에폭 1304/1500 | 손실: 0.2563 | 학습: 95.7% | 검증: 87.4% | lr: 1.56e-05 | 0.6s
  에폭 1305/1500 | 손실: 0.2591 | 학습: 95.6% | 검증: 87.4% | lr: 1.56e-05 | 0.6s
  에폭 1306/1500 | 손실: 0.2534 | 학습: 95.8% | 검증: 87.8% | lr: 1.56e-05 | 0.6s
  에폭 1307/1500 | 손실: 0.2546 | 학습: 95.7% | 검증: 87.5% | lr: 1.56e-05 | 0.6s
  에폭 1308/1500 | 손실: 0.2564 | 학습: 95.8% | 검증: 87.6% | lr: 1.56e-05 | 0.7s
  에폭 1309/1500 | 손실: 0.2627 | 학습: 95.9% | 검증: 87.4% | lr: 1.56e-05 | 0.6s
  에폭 1310/1500 | 손실: 0.2527 | 학습: 95.5% | 검증: 87.6% | lr: 1.56e-05 | 0.6s
  에폭 1311/1500 | 손실: 0.2628 | 학습: 95.7% | 검증: 87.3% | lr: 1.56e-05 | 0.6s
  에폭 1312/1500 | 손실: 0.2536 | 학습: 95.7% | 검증: 87.2% | lr: 1.56e-05 | 0.6s
  에폭 1313/1500 | 손실: 0.2572 | 학습: 95.8% | 검증: 87.7% | lr: 1.56e-05 | 0.6s
  에폭 1314/1500 | 손실: 0.2512 | 학습: 95.5% | 검증: 87.6% | lr: 1.56e-05 | 0.7s
  에폭 1315/1500 | 손실: 0.2557 | 학습: 95.7% | 검증: 87.6% | lr: 1.56e-05 | 0.7s
  에폭 1316/1500 | 손실: 0.2582 | 학습: 95.7% | 검증: 87.4% | lr: 1.56e-05 | 0.7s
  에폭 1317/1500 | 손실: 0.2541 | 학습: 95.8% | 검증: 87.6% | lr: 1.56e-05 | 0.6s
  에폭 1318/1500 | 손실: 0.2557 | 학습: 95.6% | 검증: 87.4% | lr: 1.56e-05 | 0.6s
  에폭 1319/1500 | 손실: 0.2543 | 학습: 95.7% | 검증: 87.8% | lr: 7.81e-06 | 0.6s
  에폭 1320/1500 | 손실: 0.2548 | 학습: 95.8% | 검증: 87.6% | lr: 7.81e-06 | 0.6s
  에폭 1321/1500 | 손실: 0.2557 | 학습: 95.8% | 검증: 87.6% | lr: 7.81e-06 | 0.6s
  에폭 1322/1500 | 손실: 0.2574 | 학습: 95.8% | 검증: 87.5% | lr: 7.81e-06 | 0.8s
  에폭 1323/1500 | 손실: 0.2577 | 학습: 95.8% | 검증: 87.5% | lr: 7.81e-06 | 0.6s
  에폭 1324/1500 | 손실: 0.2527 | 학습: 95.8% | 검증: 87.8% | lr: 7.81e-06 | 0.8s
  에폭 1325/1500 | 손실: 0.2560 | 학습: 95.8% | 검증: 87.7% | lr: 7.81e-06 | 0.8s
  에폭 1326/1500 | 손실: 0.2527 | 학습: 96.0% | 검증: 87.6% | lr: 7.81e-06 | 0.7s
  에폭 1327/1500 | 손실: 0.2578 | 학습: 95.8% | 검증: 87.7% | lr: 7.81e-06 | 0.6s
  에폭 1328/1500 | 손실: 0.2589 | 학습: 95.7% | 검증: 87.4% | lr: 7.81e-06 | 0.7s
  에폭 1329/1500 | 손실: 0.2546 | 학습: 95.7% | 검증: 87.5% | lr: 7.81e-06 | 0.6s
  에폭 1330/1500 | 손실: 0.2518 | 학습: 95.7% | 검증: 87.5% | lr: 7.81e-06 | 0.6s
  에폭 1331/1500 | 손실: 0.2524 | 학습: 95.7% | 검증: 87.6% | lr: 7.81e-06 | 0.6s
  에폭 1332/1500 | 손실: 0.2543 | 학습: 95.5% | 검증: 87.5% | lr: 7.81e-06 | 0.6s
  에폭 1333/1500 | 손실: 0.2527 | 학습: 95.6% | 검증: 87.5% | lr: 7.81e-06 | 0.6s
  에폭 1334/1500 | 손실: 0.2557 | 학습: 95.7% | 검증: 87.2% | lr: 7.81e-06 | 0.6s
  에폭 1335/1500 | 손실: 0.2556 | 학습: 95.9% | 검증: 87.7% | lr: 7.81e-06 | 0.6s
  에폭 1336/1500 | 손실: 0.2563 | 학습: 95.7% | 검증: 87.6% | lr: 7.81e-06 | 0.6s
  에폭 1337/1500 | 손실: 0.2634 | 학습: 95.6% | 검증: 87.2% | lr: 7.81e-06 | 0.6s
  에폭 1338/1500 | 손실: 0.2612 | 학습: 95.8% | 검증: 87.5% | lr: 7.81e-06 | 0.6s
  에폭 1339/1500 | 손실: 0.2625 | 학습: 95.8% | 검증: 87.5% | lr: 7.81e-06 | 0.6s
  에폭 1340/1500 | 손실: 0.2512 | 학습: 95.9% | 검증: 87.6% | lr: 7.81e-06 | 0.6s
  에폭 1341/1500 | 손실: 0.2556 | 학습: 95.7% | 검증: 87.4% | lr: 7.81e-06 | 0.6s
  에폭 1342/1500 | 손실: 0.2597 | 학습: 95.8% | 검증: 87.4% | lr: 7.81e-06 | 0.6s
  에폭 1343/1500 | 손실: 0.2536 | 학습: 95.9% | 검증: 87.3% | lr: 7.81e-06 | 0.6s
  에폭 1344/1500 | 손실: 0.2545 | 학습: 95.8% | 검증: 87.3% | lr: 7.81e-06 | 0.6s
  에폭 1345/1500 | 손실: 0.2526 | 학습: 95.8% | 검증: 87.6% | lr: 7.81e-06 | 0.6s
  에폭 1346/1500 | 손실: 0.2562 | 학습: 95.9% | 검증: 87.8% | lr: 7.81e-06 | 0.6s
  에폭 1347/1500 | 손실: 0.2633 | 학습: 95.8% | 검증: 87.6% | lr: 7.81e-06 | 0.7s
  에폭 1348/1500 | 손실: 0.2628 | 학습: 95.6% | 검증: 87.1% | lr: 7.81e-06 | 0.6s
  에폭 1349/1500 | 손실: 0.2598 | 학습: 95.6% | 검증: 87.5% | lr: 7.81e-06 | 0.6s
  에폭 1350/1500 | 손실: 0.2491 | 학습: 95.7% | 검증: 87.5% | lr: 7.81e-06 | 0.6s
  에폭 1351/1500 | 손실: 0.2590 | 학습: 95.6% | 검증: 87.5% | lr: 7.81e-06 | 0.6s
  에폭 1352/1500 | 손실: 0.2549 | 학습: 95.7% | 검증: 87.5% | lr: 7.81e-06 | 0.6s
  에폭 1353/1500 | 손실: 0.2600 | 학습: 95.9% | 검증: 87.8% | lr: 7.81e-06 | 0.6s
  에폭 1354/1500 | 손실: 0.2512 | 학습: 95.8% | 검증: 87.6% | lr: 7.81e-06 | 0.6s
  에폭 1355/1500 | 손실: 0.2575 | 학습: 95.8% | 검증: 87.5% | lr: 7.81e-06 | 0.6s
  에폭 1356/1500 | 손실: 0.2529 | 학습: 95.7% | 검증: 87.4% | lr: 7.81e-06 | 0.6s
  에폭 1357/1500 | 손실: 0.2518 | 학습: 95.3% | 검증: 87.2% | lr: 7.81e-06 | 0.6s
  에폭 1358/1500 | 손실: 0.2588 | 학습: 95.9% | 검증: 87.5% | lr: 7.81e-06 | 0.6s
  에폭 1359/1500 | 손실: 0.2588 | 학습: 95.9% | 검증: 87.2% | lr: 7.81e-06 | 0.6s
  에폭 1360/1500 | 손실: 0.2582 | 학습: 95.8% | 검증: 87.7% | lr: 7.81e-06 | 0.6s
  에폭 1361/1500 | 손실: 0.2552 | 학습: 95.8% | 검증: 87.6% | lr: 7.81e-06 | 0.6s
  에폭 1362/1500 | 손실: 0.2632 | 학습: 95.8% | 검증: 87.8% | lr: 7.81e-06 | 0.6s
  에폭 1363/1500 | 손실: 0.2551 | 학습: 95.7% | 검증: 87.5% | lr: 7.81e-06 | 0.6s
  에폭 1364/1500 | 손실: 0.2558 | 학습: 95.6% | 검증: 87.2% | lr: 7.81e-06 | 0.6s
  에폭 1365/1500 | 손실: 0.2477 | 학습: 95.9% | 검증: 87.6% | lr: 7.81e-06 | 0.6s
  에폭 1366/1500 | 손실: 0.2589 | 학습: 95.9% | 검증: 87.7% | lr: 7.81e-06 | 0.6s
  에폭 1367/1500 | 손실: 0.2530 | 학습: 95.6% | 검증: 87.1% | lr: 7.81e-06 | 0.6s
  에폭 1368/1500 | 손실: 0.2545 | 학습: 95.6% | 검증: 87.4% | lr: 7.81e-06 | 0.6s
  에폭 1369/1500 | 손실: 0.2535 | 학습: 95.6% | 검증: 87.6% | lr: 7.81e-06 | 0.6s
  에폭 1370/1500 | 손실: 0.2559 | 학습: 95.9% | 검증: 87.7% | lr: 3.91e-06 | 0.6s
  에폭 1371/1500 | 손실: 0.2542 | 학습: 95.8% | 검증: 87.5% | lr: 3.91e-06 | 0.6s
  에폭 1372/1500 | 손실: 0.2554 | 학습: 95.7% | 검증: 87.6% | lr: 3.91e-06 | 0.6s
  에폭 1373/1500 | 손실: 0.2521 | 학습: 95.8% | 검증: 87.8% | lr: 3.91e-06 | 0.6s
  에폭 1374/1500 | 손실: 0.2553 | 학습: 95.7% | 검증: 87.8% | lr: 3.91e-06 | 0.6s
  에폭 1375/1500 | 손실: 0.2553 | 학습: 95.3% | 검증: 87.1% | lr: 3.91e-06 | 0.6s
  에폭 1376/1500 | 손실: 0.2541 | 학습: 95.8% | 검증: 87.7% | lr: 3.91e-06 | 0.6s
  에폭 1377/1500 | 손실: 0.2552 | 학습: 95.8% | 검증: 87.7% | lr: 3.91e-06 | 0.6s
  에폭 1378/1500 | 손실: 0.2615 | 학습: 95.7% | 검증: 87.5% | lr: 3.91e-06 | 0.6s
  에폭 1379/1500 | 손실: 0.2525 | 학습: 95.6% | 검증: 87.7% | lr: 3.91e-06 | 0.6s
  에폭 1380/1500 | 손실: 0.2535 | 학습: 95.8% | 검증: 87.4% | lr: 3.91e-06 | 0.6s
  에폭 1381/1500 | 손실: 0.2532 | 학습: 95.7% | 검증: 87.7% | lr: 3.91e-06 | 0.6s
  에폭 1382/1500 | 손실: 0.2521 | 학습: 95.8% | 검증: 87.7% | lr: 3.91e-06 | 0.6s
  에폭 1383/1500 | 손실: 0.2545 | 학습: 95.8% | 검증: 87.5% | lr: 3.91e-06 | 0.6s
  에폭 1384/1500 | 손실: 0.2532 | 학습: 95.8% | 검증: 87.6% | lr: 3.91e-06 | 0.6s
  에폭 1385/1500 | 손실: 0.2586 | 학습: 95.7% | 검증: 87.4% | lr: 3.91e-06 | 0.6s
  에폭 1386/1500 | 손실: 0.2513 | 학습: 95.9% | 검증: 87.7% | lr: 3.91e-06 | 0.6s
  에폭 1387/1500 | 손실: 0.2594 | 학습: 95.7% | 검증: 87.4% | lr: 3.91e-06 | 0.6s
  에폭 1388/1500 | 손실: 0.2583 | 학습: 95.9% | 검증: 87.4% | lr: 3.91e-06 | 0.6s
  에폭 1389/1500 | 손실: 0.2548 | 학습: 95.4% | 검증: 87.1% | lr: 3.91e-06 | 0.7s
  에폭 1390/1500 | 손실: 0.2493 | 학습: 95.8% | 검증: 87.5% | lr: 3.91e-06 | 0.5s
  에폭 1391/1500 | 손실: 0.2526 | 학습: 95.8% | 검증: 87.6% | lr: 3.91e-06 | 0.5s
  에폭 1392/1500 | 손실: 0.2536 | 학습: 95.9% | 검증: 87.8% | lr: 3.91e-06 | 0.6s
  에폭 1393/1500 | 손실: 0.2525 | 학습: 95.7% | 검증: 87.2% | lr: 3.91e-06 | 0.6s
  에폭 1394/1500 | 손실: 0.2541 | 학습: 95.6% | 검증: 87.8% | lr: 3.91e-06 | 0.6s
  에폭 1395/1500 | 손실: 0.2593 | 학습: 95.4% | 검증: 87.0% | lr: 3.91e-06 | 0.5s
  에폭 1396/1500 | 손실: 0.2598 | 학습: 95.8% | 검증: 87.6% | lr: 3.91e-06 | 0.5s
  에폭 1397/1500 | 손실: 0.2606 | 학습: 95.9% | 검증: 87.4% | lr: 3.91e-06 | 0.6s
  에폭 1398/1500 | 손실: 0.2523 | 학습: 95.7% | 검증: 87.3% | lr: 3.91e-06 | 0.6s
  에폭 1399/1500 | 손실: 0.2531 | 학습: 95.9% | 검증: 87.2% | lr: 3.91e-06 | 0.6s
  에폭 1400/1500 | 손실: 0.2598 | 학습: 95.6% | 검증: 87.4% | lr: 3.91e-06 | 0.5s
  에폭 1401/1500 | 손실: 0.2604 | 학습: 95.7% | 검증: 87.4% | lr: 3.91e-06 | 0.5s
  에폭 1402/1500 | 손실: 0.2556 | 학습: 95.5% | 검증: 87.4% | lr: 3.91e-06 | 0.5s
  에폭 1403/1500 | 손실: 0.2623 | 학습: 95.6% | 검증: 87.4% | lr: 3.91e-06 | 0.6s
  에폭 1404/1500 | 손실: 0.2566 | 학습: 95.6% | 검증: 87.2% | lr: 3.91e-06 | 0.6s
  에폭 1405/1500 | 손실: 0.2542 | 학습: 96.0% | 검증: 87.7% | lr: 3.91e-06 | 0.6s
  에폭 1406/1500 | 손실: 0.2524 | 학습: 95.8% | 검증: 87.4% | lr: 3.91e-06 | 0.6s
  에폭 1407/1500 | 손실: 0.2537 | 학습: 95.9% | 검증: 87.6% | lr: 3.91e-06 | 0.7s
  에폭 1408/1500 | 손실: 0.2590 | 학습: 95.6% | 검증: 87.3% | lr: 3.91e-06 | 0.6s
  에폭 1409/1500 | 손실: 0.2595 | 학습: 95.8% | 검증: 87.4% | lr: 3.91e-06 | 0.7s
  에폭 1410/1500 | 손실: 0.2560 | 학습: 95.6% | 검증: 87.4% | lr: 3.91e-06 | 0.6s
  에폭 1411/1500 | 손실: 0.2603 | 학습: 95.5% | 검증: 87.4% | lr: 3.91e-06 | 0.6s
  에폭 1412/1500 | 손실: 0.2508 | 학습: 95.6% | 검증: 87.2% | lr: 3.91e-06 | 0.6s
  에폭 1413/1500 | 손실: 0.2541 | 학습: 95.8% | 검증: 87.9% | lr: 3.91e-06 | 0.6s
  에폭 1414/1500 | 손실: 0.2498 | 학습: 95.9% | 검증: 87.5% | lr: 3.91e-06 | 0.6s
  에폭 1415/1500 | 손실: 0.2506 | 학습: 95.6% | 검증: 87.6% | lr: 3.91e-06 | 0.6s
  에폭 1416/1500 | 손실: 0.2599 | 학습: 95.5% | 검증: 87.3% | lr: 3.91e-06 | 0.6s
  에폭 1417/1500 | 손실: 0.2574 | 학습: 95.4% | 검증: 87.1% | lr: 3.91e-06 | 0.6s
  에폭 1418/1500 | 손실: 0.2519 | 학습: 95.6% | 검증: 87.4% | lr: 3.91e-06 | 0.6s
  에폭 1419/1500 | 손실: 0.2535 | 학습: 95.4% | 검증: 87.3% | lr: 3.91e-06 | 0.6s
  에폭 1420/1500 | 손실: 0.2507 | 학습: 95.8% | 검증: 87.7% | lr: 3.91e-06 | 0.6s
  에폭 1421/1500 | 손실: 0.2528 | 학습: 95.6% | 검증: 87.4% | lr: 1.95e-06 | 0.6s
  에폭 1422/1500 | 손실: 0.2525 | 학습: 95.7% | 검증: 87.5% | lr: 1.95e-06 | 0.6s
  에폭 1423/1500 | 손실: 0.2479 | 학습: 95.6% | 검증: 87.2% | lr: 1.95e-06 | 0.6s
  에폭 1424/1500 | 손실: 0.2579 | 학습: 95.5% | 검증: 87.5% | lr: 1.95e-06 | 0.6s
  에폭 1425/1500 | 손실: 0.2580 | 학습: 95.7% | 검증: 87.5% | lr: 1.95e-06 | 0.6s
  에폭 1426/1500 | 손실: 0.2583 | 학습: 95.5% | 검증: 87.4% | lr: 1.95e-06 | 0.6s
  에폭 1427/1500 | 손실: 0.2547 | 학습: 95.4% | 검증: 87.0% | lr: 1.95e-06 | 0.6s
  에폭 1428/1500 | 손실: 0.2552 | 학습: 95.6% | 검증: 87.4% | lr: 1.95e-06 | 0.6s
  에폭 1429/1500 | 손실: 0.2548 | 학습: 95.7% | 검증: 87.4% | lr: 1.95e-06 | 0.6s
  에폭 1430/1500 | 손실: 0.2547 | 학습: 95.9% | 검증: 87.6% | lr: 1.95e-06 | 0.6s
  에폭 1431/1500 | 손실: 0.2533 | 학습: 95.5% | 검증: 87.5% | lr: 1.95e-06 | 0.6s
  에폭 1432/1500 | 손실: 0.2550 | 학습: 95.9% | 검증: 87.6% | lr: 1.95e-06 | 0.6s
  에폭 1433/1500 | 손실: 0.2482 | 학습: 95.9% | 검증: 87.5% | lr: 1.95e-06 | 0.6s
  에폭 1434/1500 | 손실: 0.2569 | 학습: 95.4% | 검증: 87.7% | lr: 1.95e-06 | 0.6s
  에폭 1435/1500 | 손실: 0.2582 | 학습: 95.7% | 검증: 87.5% | lr: 1.95e-06 | 0.6s
  에폭 1436/1500 | 손실: 0.2598 | 학습: 95.8% | 검증: 87.5% | lr: 1.95e-06 | 0.6s
  에폭 1437/1500 | 손실: 0.2584 | 학습: 95.5% | 검증: 87.1% | lr: 1.95e-06 | 0.6s
  에폭 1438/1500 | 손실: 0.2547 | 학습: 95.7% | 검증: 87.7% | lr: 1.95e-06 | 0.6s
  에폭 1439/1500 | 손실: 0.2536 | 학습: 95.8% | 검증: 87.6% | lr: 1.95e-06 | 0.6s
  에폭 1440/1500 | 손실: 0.2567 | 학습: 95.8% | 검증: 87.5% | lr: 1.95e-06 | 0.6s
  에폭 1441/1500 | 손실: 0.2535 | 학습: 95.9% | 검증: 87.5% | lr: 1.95e-06 | 0.6s
  에폭 1442/1500 | 손실: 0.2534 | 학습: 95.8% | 검증: 87.6% | lr: 1.95e-06 | 0.6s
  에폭 1443/1500 | 손실: 0.2581 | 학습: 95.8% | 검증: 87.6% | lr: 1.95e-06 | 0.5s
  에폭 1444/1500 | 손실: 0.2523 | 학습: 95.8% | 검증: 87.6% | lr: 1.95e-06 | 0.5s
  에폭 1445/1500 | 손실: 0.2563 | 학습: 95.7% | 검증: 87.4% | lr: 1.95e-06 | 0.5s
  에폭 1446/1500 | 손실: 0.2529 | 학습: 95.8% | 검증: 87.5% | lr: 1.95e-06 | 0.5s
  에폭 1447/1500 | 손실: 0.2559 | 학습: 95.7% | 검증: 87.5% | lr: 1.95e-06 | 0.5s
  에폭 1448/1500 | 손실: 0.2539 | 학습: 95.8% | 검증: 87.2% | lr: 1.95e-06 | 0.5s
  에폭 1449/1500 | 손실: 0.2540 | 학습: 95.9% | 검증: 87.7% | lr: 1.95e-06 | 0.5s
  에폭 1450/1500 | 손실: 0.2565 | 학습: 95.6% | 검증: 87.6% | lr: 1.95e-06 | 0.5s
  에폭 1451/1500 | 손실: 0.2526 | 학습: 95.7% | 검증: 87.3% | lr: 1.95e-06 | 0.5s
  에폭 1452/1500 | 손실: 0.2549 | 학습: 95.8% | 검증: 87.6% | lr: 1.95e-06 | 0.5s
  에폭 1453/1500 | 손실: 0.2484 | 학습: 95.8% | 검증: 87.4% | lr: 1.95e-06 | 0.6s
  에폭 1454/1500 | 손실: 0.2583 | 학습: 95.6% | 검증: 87.2% | lr: 1.95e-06 | 0.5s
  에폭 1455/1500 | 손실: 0.2562 | 학습: 96.0% | 검증: 87.8% | lr: 1.95e-06 | 0.5s
  에폭 1456/1500 | 손실: 0.2556 | 학습: 95.7% | 검증: 87.4% | lr: 1.95e-06 | 0.5s
  에폭 1457/1500 | 손실: 0.2556 | 학습: 95.7% | 검증: 87.4% | lr: 1.95e-06 | 0.5s
  에폭 1458/1500 | 손실: 0.2569 | 학습: 95.9% | 검증: 87.6% | lr: 1.95e-06 | 0.5s
  에폭 1459/1500 | 손실: 0.2542 | 학습: 95.8% | 검증: 87.3% | lr: 1.95e-06 | 0.5s
  에폭 1460/1500 | 손실: 0.2528 | 학습: 95.7% | 검증: 87.4% | lr: 1.95e-06 | 0.5s
  에폭 1461/1500 | 손실: 0.2517 | 학습: 95.9% | 검증: 87.6% | lr: 1.95e-06 | 0.5s
  에폭 1462/1500 | 손실: 0.2562 | 학습: 95.6% | 검증: 87.6% | lr: 1.95e-06 | 0.5s
  에폭 1463/1500 | 손실: 0.2584 | 학습: 95.2% | 검증: 87.2% | lr: 1.95e-06 | 0.5s
  에폭 1464/1500 | 손실: 0.2618 | 학습: 95.4% | 검증: 87.2% | lr: 1.95e-06 | 0.5s
  에폭 1465/1500 | 손실: 0.2554 | 학습: 95.8% | 검증: 87.4% | lr: 1.95e-06 | 0.5s
  에폭 1466/1500 | 손실: 0.2479 | 학습: 95.8% | 검증: 87.7% | lr: 1.95e-06 | 0.5s
  에폭 1467/1500 | 손실: 0.2538 | 학습: 95.9% | 검증: 87.5% | lr: 1.95e-06 | 0.5s
  에폭 1468/1500 | 손실: 0.2592 | 학습: 95.9% | 검증: 87.5% | lr: 1.95e-06 | 0.5s
  에폭 1469/1500 | 손실: 0.2556 | 학습: 95.3% | 검증: 87.3% | lr: 1.95e-06 | 0.5s
  에폭 1470/1500 | 손실: 0.2488 | 학습: 95.7% | 검증: 87.5% | lr: 1.95e-06 | 0.5s
  에폭 1471/1500 | 손실: 0.2633 | 학습: 95.8% | 검증: 87.6% | lr: 1.95e-06 | 0.5s
  에폭 1472/1500 | 손실: 0.2598 | 학습: 95.9% | 검증: 87.3% | lr: 1.00e-06 | 0.5s
  에폭 1473/1500 | 손실: 0.2537 | 학습: 96.0% | 검증: 87.8% | lr: 1.00e-06 | 0.5s
  에폭 1474/1500 | 손실: 0.2614 | 학습: 95.9% | 검증: 87.6% | lr: 1.00e-06 | 0.5s
  에폭 1475/1500 | 손실: 0.2562 | 학습: 95.9% | 검증: 87.7% | lr: 1.00e-06 | 0.5s
  에폭 1476/1500 | 손실: 0.2567 | 학습: 95.9% | 검증: 87.3% | lr: 1.00e-06 | 0.5s
  에폭 1477/1500 | 손실: 0.2589 | 학습: 95.9% | 검증: 87.8% | lr: 1.00e-06 | 0.5s
  에폭 1478/1500 | 손실: 0.2542 | 학습: 95.7% | 검증: 87.5% | lr: 1.00e-06 | 0.5s
  에폭 1479/1500 | 손실: 0.2520 | 학습: 95.6% | 검증: 87.1% | lr: 1.00e-06 | 0.5s
  에폭 1480/1500 | 손실: 0.2634 | 학습: 95.8% | 검증: 88.0% | lr: 1.00e-06 | 0.5s ★
  에폭 1481/1500 | 손실: 0.2529 | 학습: 95.8% | 검증: 87.4% | lr: 1.00e-06 | 0.5s
  에폭 1482/1500 | 손실: 0.2606 | 학습: 95.7% | 검증: 87.6% | lr: 1.00e-06 | 0.6s
  에폭 1483/1500 | 손실: 0.2489 | 학습: 95.7% | 검증: 87.9% | lr: 1.00e-06 | 0.5s
  에폭 1484/1500 | 손실: 0.2607 | 학습: 95.5% | 검증: 87.2% | lr: 1.00e-06 | 0.5s
  에폭 1485/1500 | 손실: 0.2542 | 학습: 95.8% | 검증: 87.8% | lr: 1.00e-06 | 0.5s
  에폭 1486/1500 | 손실: 0.2539 | 학습: 95.9% | 검증: 87.7% | lr: 1.00e-06 | 0.5s
  에폭 1487/1500 | 손실: 0.2532 | 학습: 95.6% | 검증: 87.4% | lr: 1.00e-06 | 0.5s
  에폭 1488/1500 | 손실: 0.2553 | 학습: 95.6% | 검증: 87.2% | lr: 1.00e-06 | 0.5s
  에폭 1489/1500 | 손실: 0.2579 | 학습: 95.8% | 검증: 87.4% | lr: 1.00e-06 | 0.5s
  에폭 1490/1500 | 손실: 0.2582 | 학습: 95.8% | 검증: 87.9% | lr: 1.00e-06 | 0.5s
  에폭 1491/1500 | 손실: 0.2567 | 학습: 95.7% | 검증: 87.4% | lr: 1.00e-06 | 0.5s
  에폭 1492/1500 | 손실: 0.2538 | 학습: 95.5% | 검증: 87.2% | lr: 1.00e-06 | 0.5s
  에폭 1493/1500 | 손실: 0.2576 | 학습: 95.9% | 검증: 87.6% | lr: 1.00e-06 | 0.5s
  에폭 1494/1500 | 손실: 0.2581 | 학습: 95.7% | 검증: 87.2% | lr: 1.00e-06 | 0.5s
  에폭 1495/1500 | 손실: 0.2560 | 학습: 95.7% | 검증: 87.0% | lr: 1.00e-06 | 0.5s
  에폭 1496/1500 | 손실: 0.2602 | 학습: 95.8% | 검증: 87.4% | lr: 1.00e-06 | 0.5s
  에폭 1497/1500 | 손실: 0.2569 | 학습: 95.4% | 검증: 87.4% | lr: 1.00e-06 | 0.5s
  에폭 1498/1500 | 손실: 0.2522 | 학습: 95.9% | 검증: 87.6% | lr: 1.00e-06 | 0.5s
  에폭 1499/1500 | 손실: 0.2579 | 학습: 95.6% | 검증: 87.3% | lr: 1.00e-06 | 0.5s
  에폭 1500/1500 | 손실: 0.2508 | 학습: 95.8% | 검증: 87.4% | lr: 1.00e-06 | 0.5s
[MLP] ✅ 학습 완료 | [128 → 64 → 32] | 최고 검증 정확도: 88.0%  (베스트 체크포인트 복원됨)
[MLP] ⏱  전체 학습 시간: 16분 40초 (1000.6s)
[MLP] ── Permutation Importance (베이스라인 정확도: 88.0%) ─
   1. CENTROID                      Δacc=++0.3240  █████████████████████████████████████████████████████████████████  (스펙트럼 무게중심)
   2. SKEWNESS                      Δacc=++0.2775  ████████████████████████████████████████████████████████  (스펙트럼 비대칭도)
   3. SPECTRAL_ROLLOFF              Δacc=++0.2194  ████████████████████████████████████████████  (스펙트럼 롤오프)
   4. SPECTRAL_BANDWIDTH            Δacc=++0.2138  ███████████████████████████████████████████  (스펙트럼 대역폭)
   5. HIGH_RATIO                    Δacc=++0.1943  ███████████████████████████████████████  (고주파 비율 (10Hz↑))
   6. MID_RATIO                     Δacc=++0.1927  ███████████████████████████████████████  (중주파 비율 (5~10Hz))
   7. LOW_RATIO                     Δacc=++0.1890  ██████████████████████████████████████  (저주파 비율 (0~5Hz))
   8. SPECTRAL_FLATNESS             Δacc=++0.1890  ██████████████████████████████████████  (스펙트럼 평탄도)
   9. PEAK_TO_AVG_E                 Δacc=++0.1344  ███████████████████████████  (피크/평균 에너지 비)
  10. PEAK_FREQ                     Δacc=++0.1289  ██████████████████████████  (1위 피크 주파수)
  11. KURTOSIS                      Δacc=++0.1209  ████████████████████████  (에너지 분포 첨도)
  12. SECOND_PEAK_FREQ              Δacc=++0.0752  ███████████████  (2번째 피크 주파수)
  13. PEAK1_TO_PEAK2_RATIO          Δacc=++0.0725  ██████████████  (1·2위 피크 비율)
  14. RMS                           Δacc=++0.0601  ████████████  (RMS 에너지)
  15. PEAK_COUNT                    Δacc=++0.0528  ███████████  (피크 빈 개수)
  16. DC_RATIO                      Δacc=++0.0390  ████████  (DC 성분 비율)
  17. AVG_ENERGY                    Δacc=++0.0181  ████  (평균 에너지)
  18. DELTA_PEAK_FREQ               Δacc=++0.0109  ██  (피크 주파수 변화량)
  19. PEAK_ENERGY                   Δacc=++0.0097  ██  (피크 에너지)
  20. ENERGY_VARIANCE               Δacc=++0.0085  ██  (에너지 분산)
  21. LOW_TO_HIGH_RATIO             Δacc=++0.0040  █  (저/고주파 에너지 비율)
[MLP] ─────────────────────────────────────────────
[MLP] 특징 중요도 저장 → /Users/kimkanghyeon/Desktop/project/iSENSOR_UART_DEBUGER/AI/mlp/models/mlp_L128-64-32_b64_d2_ep1500_lr2e-3_lrp50_lrf5_f21_0509_234415/mlp_L128-64-32_b64_d2_ep1500_lr2e-3_lrp50_lrf5_f21_0509_234415_importance.json
[MLP] 저장 완료 → /Users/kimkanghyeon/Desktop/project/iSENSOR_UART_DEBUGER/AI/mlp/models/mlp_weights.pt  (추론용)
[MLP] 버전 보관 → /Users/kimkanghyeon/Desktop/project/iSENSOR_UART_DEBUGER/AI/mlp/models/mlp_L128-64-32_b64_d2_ep1500_lr2e-3_lrp50_lrf5_f21_0509_234415/
[MLP] 📊 학습 이력 저장 → /Users/kimkanghyeon/Desktop/project/iSENSOR_UART_DEBUGER/AI/mlp/models/train_history.json

  ── 이전 학습과 비교 ──────────────────────────────────────────────────
  지표                                  이전          현재  변화
  ────────────────────────────────────────────────────────────────────
  최고 검증 정확도                        88.2%       88.0%  -0.2%p  ↓ 하락
  최소 검증 손실                        0.3183      0.3172  0.0011  ↑ 개선
  사람 Recall (탐지율) TPR              86.1%       85.0%  -1.2%p  ↓ 하락
  사람 오탐률 (눈침) FNR                  13.9%       15.0%  +1.2%p  ↓ 하락
  배경 정확 탐지율 TNR                    90.2%       91.0%  +0.8%p  ↑ 개선
  배경 오탐률 (오경보) FPR                  9.8%        9.0%  0.8%p  ↑ 개선
  사람 F1 Score                     0.8793      0.8762  0.0031  ↓ 하락
  베스트 에폭                            1334        1480  +146

━━━━━━━━━━━━━━━━━━━━━━━━━━━━━━━━━━━━━━━━━━━━━━━━━━━━━━━━━━━━━━━━
[분석 메모] GitHub Copilot — 2026-05-10  [구조: 128→64→32, b64, ep1500, lr=2e-3, d0.2, ESP32 f21]
━━━━━━━━━━━━━━━━━━━━━━━━━━━━━━━━━━━━━━━━━━━━━━━━━━━━━━━━━━━━━━━━

■ 실험 조건
  배치 크기만 b128 → b64로 변경. 나머지 동일 (128→64→32, ep1500, lr=2e-3, d0.2, f21)
  목적: 배치 크기 축소 시 ESP32 f21 조건에서 성능 변화 확인

■ 핵심 수치 요약
  최고 검증 정확도   : 88.0% (ep1480)
  학습 정확도 (동시) : 95.8%  →  train-val 갭 7.8%p
  사람 Recall (TPR)  : 85.0%  (b128 대비 -1.1%p)
  배경 TNR           : 91.0%  (b128 대비 +0.8%p)
  사람 F1            : 0.876
  학습 시간          : 16분 40초  (b128 11분24초 대비 +5분16초)
  수렴 여부          : 완전 수렴 (ep1472 min_lr 도달)

■ b128 → b64 배치 변경 효과 비교 (f21 d0.2 ep1500 동일 조건)
  항목                   b128            b64            차이
  최고 검증 정확도         88.2%           88.0%          -0.2%p  (거의 동일)
  사람 Recall              86.1%           85.0%          -1.1%p  ↓
  배경 TNR                 90.2%           91.0%          +0.8%p  ↑
  F1 Score                 0.879           0.876          -0.003
  train-val 갭             8.3%p           7.8%p          -0.5%p  (약간 개선)
  베스트 에폭              1334            1480           +146에폭 더 필요
  학습 시간                11분24초        16분40초        +5분16초 (+46%)
  LR 첫 감소 에폭          ep513           ep441          -72에폭 (b64가 더 빠름)
  → 전반적으로 b128과 거의 동등. 검증 정확도 -0.2%p, 학습 시간 +46%
  → 사람 Recall은 b64가 -1.1%p 낮고, 배경 TNR은 +0.8%p 높음 (Trade-off)
  → 배치 크기 축소가 이 조건에서 유의미한 개선을 주지 않음. b128 우위 유지.

■ LR 감소 타임라인 (12단, min_lr 수렴)
  ep  441 : 2e-3 → 1e-3   (b128 ep513보다 72에폭 빠름 — 작은 배치가 더 빠른 plateau)
  ep  834 : 1e-3 → 5e-4   (1단→2단 간격이 393에폭 — 매우 느린 수렴 구간)
  ep  940 : 5e-4 → 2.5e-4
  ep 1001 : 2.5e-4 → 1.25e-4
  ep 1113 : 1.25e-4 → 6.25e-5
  ep 1204 : 6.25e-5 → 3.13e-5
  ep 1255 : 3.13e-5 → 1.56e-5
  ep 1319 : 1.56e-5 → 7.81e-6
  ep 1370 : 7.81e-6 → 3.91e-6
  ep 1421 : 3.91e-6 → 1.95e-6
  ep 1472 : 1.95e-6 → 1.00e-6  ← min_lr 도달
  → 1단→2단 사이 간격이 393에폭(ep441~ep834)으로 이상하게 길다.
    b64는 배치 크기가 작아 에폭당 업데이트 횟수가 많음에도 LR plateau가 늦게 시작됨.
    → 초반에 빠르게 수렴하다가 lr=1e-3 구간에서 장기 정체 발생.

■ 검증 정확도 진행 추이
  ep   1 :  65.4%
  ep 150 :  83.1%  (b128 ep150: 83.9%보다 0.8%p 낮음)
  ep 300 :  84.7%
  ep 450 :  86.1%
  ep 600 :  87.1%
  ep 750 :  86.7%  (일시 하락)
  ep 900 :  86.8%
  ep1050 :  87.2%
  ep1200 :  87.7%
  ep1350 :  87.5%
  ep1480 :  88.0% ← 베스트 ★ (매우 늦은 도달)
  ep1500 :  87.4%
  → ep750~ep1050 구간에서 86.7~87.2%로 장기 정체. b128보다 수렴 효율이 낮음.
  → 베스트가 ep1480으로 사실상 마지막 에폭에 달성 → ep1500으로 충분하지 않았을 수도 있음.
    하지만 ep1472부터 min_lr이므로 추가 에폭 연장은 의미 없음.

■ Permutation Importance 변화 (b128 → b64, f21)
  순위 변화 없음: CENTROID(1위), SKEWNESS(2위), SPECTRAL_ROLLOFF(3위) 일관
  특이사항: b64에서 CENTROID 중요도 0.324로 b128(0.253)보다 대폭 상승
             → 작은 배치 학습이 CENTROID에 더 집중적으로 의존하게 됨을 시사
  최하위: LOW_TO_HIGH_RATIO(21위, 0.004) — b128과 동일하게 기여 미미

■ ESP32 f21 배치 비교 결론
  b128 우위. b64는 학습 시간만 +46% 증가하고 성능은 동등하거나 소폭 열위.
  → ESP32 f21 조건에서 배치 크기 실험 방향 종료. b128 확정.

■ 전체 ESP32 모드 누적 비교 (128→64→32 구조 기준)
  조건                              베스트 검증  사람 Recall  갭     학습시간
  ──────────────────────────────────────────────────────────────────
  f14 d0.2 ep1000 b128 (구 최고)    87.0%       82.8%       7.6%p   5분18초
  f21 d0.2 ep1500 b128              88.2% ★     86.1%       8.3%p  11분24초
  f21 d0.2 ep1500 b64  (현재)       88.0%       85.0%       7.8%p  16분40초
  ──────────────────────────────────────────────────────────────────
  → ESP32 모드 최적: f21 b128 d0.2 ep1500 (88.2%)

■ 다음 실험 방향

  [1순위] PC 모드 + d0.2 + ep1000
  - PC f25 d0.3 ep1500 : 91.9% (ep845에서 베스트 달성)
  - d0.2로 변경 + ep1000으로 단축 → 92%+ 가능성, 학습 시간도 절반으로 단축 기대

  [2순위] ESP32 f21 + 구조 확장 (256→128→64→32)
  - f21 b128 조건에서 구조만 확장 → 89%+ 도전
  - 단, 과적합 갭(현재 8.3%p)이 더 확대될 수 있음

  [3순위] b64 방향 종료
  - b64는 b128 대비 유의미한 이점 없음 → 추가 b64 실험 불필요
━━━━━━━━━━━━━━━━━━━━━━━━━━━━━━━━━━━━━━━━━━━━━━━━━━━━━━━━━━━━━━━━
