[MLP]   svm_data_20260507_133636.csv                       24741샘플
[MLP] CSV 로드  →  총 24741샘플
[MLP] 로드 완료 | 전체: 24741개  (배경: 12371, 사람: 12370)
[MLP] 특징 모드: ESP32 (14개)
[MLP] 학습: 19792개 (80%)  검증: 4949개 (20%)  [비율고정: 유지 | 분리시드: 42]
[MLP] 스케일러: StandardScaler (z-score)
[MLP] ━━━━━━━━━━━━━━━━━━━━━━━━━━━━━━━━━━━━━━━━━━━━━━━
[MLP]  디바이스: cpu
[MLP]  구조: 14 → 64 → 32 → 2
[MLP]  에폭: 2000  배치: 128  LR: 2.00e-03  Dropout: 0.2
[MLP]  Early Stop: 비활성화
[MLP]  LR 스케줄러: patience=50  factor=0.5  min_lr=1e-6
[MLP]  검증 비율: 20%  분리 비율고정: 유지  분리 시드: 42
[MLP]  스케일러: StandardScaler  특징 모드: ESP32
[MLP]  사용 특징 (14개): SPECTRAL_BANDWIDTH, PEAK_COUNT, MID_RATIO, SECOND_PEAK_FREQ, KURTOSIS, CENTROID, PEAK_FREQ, LOW_RATIO, RMS, PEAK_TO_AVG_E, HIGH_RATIO, PEAK1_TO_PEAK2_RATIO, SKEWNESS, SPECTRAL_FLATNESS
[MLP] ━━━━━━━━━━━━━━━━━━━━━━━━━━━━━━━━━━━━━━━━━━━━━━━
  에폭   1/2000 | 손실: 0.6008 | 학습: 66.4% | 검증: 64.8% | lr: 2.00e-03 | 0.4s ★
  에폭   2/2000 | 손실: 0.5860 | 학습: 66.9% | 검증: 65.1% | lr: 2.00e-03 | 0.4s ★
  에폭   3/2000 | 손실: 0.5790 | 학습: 68.3% | 검증: 66.2% | lr: 2.00e-03 | 0.3s ★
  에폭   4/2000 | 손실: 0.5757 | 학습: 68.6% | 검증: 66.7% | lr: 2.00e-03 | 0.4s ★
  에폭   5/2000 | 손실: 0.5711 | 학습: 69.1% | 검증: 67.0% | lr: 2.00e-03 | 0.4s ★
  에폭   6/2000 | 손실: 0.5664 | 학습: 69.7% | 검증: 68.1% | lr: 2.00e-03 | 0.4s ★
  에폭   7/2000 | 손실: 0.5647 | 학습: 70.2% | 검증: 68.1% | lr: 2.00e-03 | 0.4s
  에폭   8/2000 | 손실: 0.5621 | 학습: 70.1% | 검증: 68.1% | lr: 2.00e-03 | 0.4s ★
  에폭   9/2000 | 손실: 0.5610 | 학습: 70.9% | 검증: 68.8% | lr: 2.00e-03 | 0.4s ★
  에폭  10/2000 | 손실: 0.5565 | 학습: 71.2% | 검증: 68.8% | lr: 2.00e-03 | 0.4s
  에폭  11/2000 | 손실: 0.5532 | 학습: 71.4% | 검증: 69.2% | lr: 2.00e-03 | 0.4s ★
  에폭  12/2000 | 손실: 0.5474 | 학습: 72.1% | 검증: 69.5% | lr: 2.00e-03 | 0.4s ★
  에폭  13/2000 | 손실: 0.5496 | 학습: 72.2% | 검증: 69.6% | lr: 2.00e-03 | 0.4s ★
  에폭  14/2000 | 손실: 0.5489 | 학습: 72.2% | 검증: 70.2% | lr: 2.00e-03 | 0.4s ★
  에폭  15/2000 | 손실: 0.5425 | 학습: 73.0% | 검증: 70.4% | lr: 2.00e-03 | 0.4s ★
  에폭  16/2000 | 손실: 0.5442 | 학습: 73.2% | 검증: 71.2% | lr: 2.00e-03 | 0.4s ★
  에폭  17/2000 | 손실: 0.5432 | 학습: 73.6% | 검증: 71.1% | lr: 2.00e-03 | 0.4s
  에폭  18/2000 | 손실: 0.5400 | 학습: 73.1% | 검증: 70.7% | lr: 2.00e-03 | 0.4s
  에폭  19/2000 | 손실: 0.5398 | 학습: 73.4% | 검증: 71.2% | lr: 2.00e-03 | 0.4s
  에폭  20/2000 | 손실: 0.5385 | 학습: 73.2% | 검증: 70.6% | lr: 2.00e-03 | 0.4s
  에폭  21/2000 | 손실: 0.5353 | 학습: 73.6% | 검증: 71.4% | lr: 2.00e-03 | 0.4s ★
  에폭  22/2000 | 손실: 0.5370 | 학습: 73.6% | 검증: 71.7% | lr: 2.00e-03 | 0.4s ★
  에폭  23/2000 | 손실: 0.5321 | 학습: 73.8% | 검증: 71.2% | lr: 2.00e-03 | 0.4s
  에폭  24/2000 | 손실: 0.5320 | 학습: 74.0% | 검증: 72.0% | lr: 2.00e-03 | 0.4s ★
  에폭  25/2000 | 손실: 0.5324 | 학습: 74.2% | 검증: 72.2% | lr: 2.00e-03 | 0.4s ★
  에폭  26/2000 | 손실: 0.5257 | 학습: 74.4% | 검증: 72.2% | lr: 2.00e-03 | 0.4s ★
  에폭  27/2000 | 손실: 0.5298 | 학습: 74.2% | 검증: 72.3% | lr: 2.00e-03 | 0.4s ★
  에폭  28/2000 | 손실: 0.5260 | 학습: 75.1% | 검증: 72.8% | lr: 2.00e-03 | 0.4s ★
  에폭  29/2000 | 손실: 0.5224 | 학습: 75.0% | 검증: 73.0% | lr: 2.00e-03 | 0.4s ★
  에폭  30/2000 | 손실: 0.5238 | 학습: 74.8% | 검증: 72.7% | lr: 2.00e-03 | 0.4s
  에폭  31/2000 | 손실: 0.5229 | 학습: 75.0% | 검증: 72.5% | lr: 2.00e-03 | 0.4s
  에폭  32/2000 | 손실: 0.5197 | 학습: 75.1% | 검증: 72.7% | lr: 2.00e-03 | 0.4s
  에폭  33/2000 | 손실: 0.5196 | 학습: 75.3% | 검증: 72.8% | lr: 2.00e-03 | 0.4s
  에폭  34/2000 | 손실: 0.5187 | 학습: 75.6% | 검증: 73.1% | lr: 2.00e-03 | 0.4s ★
  에폭  35/2000 | 손실: 0.5192 | 학습: 75.5% | 검증: 73.1% | lr: 2.00e-03 | 0.3s
  에폭  36/2000 | 손실: 0.5187 | 학습: 75.3% | 검증: 73.1% | lr: 2.00e-03 | 0.3s
  에폭  37/2000 | 손실: 0.5150 | 학습: 75.7% | 검증: 73.0% | lr: 2.00e-03 | 0.3s
  에폭  38/2000 | 손실: 0.5177 | 학습: 75.3% | 검증: 73.3% | lr: 2.00e-03 | 0.3s ★
  에폭  39/2000 | 손실: 0.5152 | 학습: 75.9% | 검증: 73.5% | lr: 2.00e-03 | 0.3s ★
  에폭  40/2000 | 손실: 0.5143 | 학습: 75.9% | 검증: 73.8% | lr: 2.00e-03 | 0.3s ★
  에폭  41/2000 | 손실: 0.5127 | 학습: 75.6% | 검증: 73.3% | lr: 2.00e-03 | 0.4s
  에폭  42/2000 | 손실: 0.5089 | 학습: 76.5% | 검증: 74.2% | lr: 2.00e-03 | 0.3s ★
  에폭  43/2000 | 손실: 0.5123 | 학습: 75.9% | 검증: 73.7% | lr: 2.00e-03 | 0.3s
  에폭  44/2000 | 손실: 0.5115 | 학습: 76.0% | 검증: 73.7% | lr: 2.00e-03 | 0.3s
  에폭  45/2000 | 손실: 0.5100 | 학습: 76.1% | 검증: 73.9% | lr: 2.00e-03 | 0.3s
  에폭  46/2000 | 손실: 0.5094 | 학습: 75.8% | 검증: 73.5% | lr: 2.00e-03 | 0.4s
  에폭  47/2000 | 손실: 0.5084 | 학습: 76.5% | 검증: 74.0% | lr: 2.00e-03 | 0.4s
  에폭  48/2000 | 손실: 0.5082 | 학습: 76.2% | 검증: 73.3% | lr: 2.00e-03 | 0.4s
  에폭  49/2000 | 손실: 0.5083 | 학습: 76.2% | 검증: 74.0% | lr: 2.00e-03 | 0.4s
  에폭  50/2000 | 손실: 0.5062 | 학습: 76.8% | 검증: 74.4% | lr: 2.00e-03 | 0.4s ★
  에폭  51/2000 | 손실: 0.5048 | 학습: 76.8% | 검증: 74.3% | lr: 2.00e-03 | 0.3s
  에폭  52/2000 | 손실: 0.5073 | 학습: 76.7% | 검증: 74.5% | lr: 2.00e-03 | 0.4s ★
  에폭  53/2000 | 손실: 0.5048 | 학습: 76.6% | 검증: 74.3% | lr: 2.00e-03 | 0.4s
  에폭  54/2000 | 손실: 0.5034 | 학습: 76.8% | 검증: 74.6% | lr: 2.00e-03 | 0.4s ★
  에폭  55/2000 | 손실: 0.5029 | 학습: 77.0% | 검증: 74.4% | lr: 2.00e-03 | 0.4s
  에폭  56/2000 | 손실: 0.5028 | 학습: 77.0% | 검증: 75.0% | lr: 2.00e-03 | 0.4s ★
  에폭  57/2000 | 손실: 0.5021 | 학습: 76.9% | 검증: 74.3% | lr: 2.00e-03 | 0.3s
  에폭  58/2000 | 손실: 0.5016 | 학습: 76.8% | 검증: 74.4% | lr: 2.00e-03 | 0.4s
  에폭  59/2000 | 손실: 0.4996 | 학습: 77.3% | 검증: 74.8% | lr: 2.00e-03 | 0.4s
  에폭  60/2000 | 손실: 0.4947 | 학습: 77.8% | 검증: 74.9% | lr: 2.00e-03 | 0.4s
  에폭  61/2000 | 손실: 0.4994 | 학습: 77.6% | 검증: 75.1% | lr: 2.00e-03 | 0.4s ★
  에폭  62/2000 | 손실: 0.4965 | 학습: 77.4% | 검증: 74.5% | lr: 2.00e-03 | 0.3s
  에폭  63/2000 | 손실: 0.5000 | 학습: 76.9% | 검증: 75.0% | lr: 2.00e-03 | 0.4s
  에폭  64/2000 | 손실: 0.4970 | 학습: 77.5% | 검증: 75.2% | lr: 2.00e-03 | 0.3s ★
  에폭  65/2000 | 손실: 0.4979 | 학습: 78.1% | 검증: 75.1% | lr: 2.00e-03 | 0.4s
  에폭  66/2000 | 손실: 0.4935 | 학습: 77.7% | 검증: 75.4% | lr: 2.00e-03 | 0.3s ★
  에폭  67/2000 | 손실: 0.4959 | 학습: 78.2% | 검증: 75.4% | lr: 2.00e-03 | 0.4s ★
  에폭  68/2000 | 손실: 0.4976 | 학습: 77.9% | 검증: 75.3% | lr: 2.00e-03 | 0.4s
  에폭  69/2000 | 손실: 0.4928 | 학습: 78.3% | 검증: 75.3% | lr: 2.00e-03 | 0.3s
  에폭  70/2000 | 손실: 0.4927 | 학습: 78.1% | 검증: 76.2% | lr: 2.00e-03 | 0.3s ★
  에폭  71/2000 | 손실: 0.4920 | 학습: 78.2% | 검증: 75.6% | lr: 2.00e-03 | 0.3s
  에폭  72/2000 | 손실: 0.4945 | 학습: 78.5% | 검증: 76.0% | lr: 2.00e-03 | 0.4s
  에폭  73/2000 | 손실: 0.4908 | 학습: 78.7% | 검증: 76.0% | lr: 2.00e-03 | 0.3s
  에폭  74/2000 | 손실: 0.4906 | 학습: 78.8% | 검증: 76.3% | lr: 2.00e-03 | 0.4s ★
  에폭  75/2000 | 손실: 0.4895 | 학습: 78.3% | 검증: 76.0% | lr: 2.00e-03 | 0.3s
  에폭  76/2000 | 손실: 0.4929 | 학습: 78.4% | 검증: 76.1% | lr: 2.00e-03 | 0.3s
  에폭  77/2000 | 손실: 0.4915 | 학습: 78.3% | 검증: 76.2% | lr: 2.00e-03 | 0.3s
  에폭  78/2000 | 손실: 0.4877 | 학습: 78.6% | 검증: 76.0% | lr: 2.00e-03 | 0.3s
  에폭  79/2000 | 손실: 0.4894 | 학습: 78.4% | 검증: 76.1% | lr: 2.00e-03 | 0.4s
  에폭  80/2000 | 손실: 0.4906 | 학습: 78.7% | 검증: 76.7% | lr: 2.00e-03 | 0.4s ★
  에폭  81/2000 | 손실: 0.4883 | 학습: 78.4% | 검증: 75.2% | lr: 2.00e-03 | 0.4s
  에폭  82/2000 | 손실: 0.4895 | 학습: 78.8% | 검증: 75.9% | lr: 2.00e-03 | 0.4s
  에폭  83/2000 | 손실: 0.4857 | 학습: 78.9% | 검증: 76.1% | lr: 2.00e-03 | 0.4s
  에폭  84/2000 | 손실: 0.4856 | 학습: 79.1% | 검증: 75.6% | lr: 2.00e-03 | 0.4s
  에폭  85/2000 | 손실: 0.4834 | 학습: 79.3% | 검증: 76.7% | lr: 2.00e-03 | 0.3s
  에폭  86/2000 | 손실: 0.4831 | 학습: 79.2% | 검증: 76.5% | lr: 2.00e-03 | 0.4s
  에폭  87/2000 | 손실: 0.4815 | 학습: 79.3% | 검증: 76.7% | lr: 2.00e-03 | 0.3s
  에폭  88/2000 | 손실: 0.4834 | 학습: 79.0% | 검증: 76.4% | lr: 2.00e-03 | 0.3s
  에폭  89/2000 | 손실: 0.4862 | 학습: 79.0% | 검증: 75.8% | lr: 2.00e-03 | 0.3s
  에폭  90/2000 | 손실: 0.4822 | 학습: 79.7% | 검증: 76.9% | lr: 2.00e-03 | 0.3s ★
  에폭  91/2000 | 손실: 0.4859 | 학습: 79.4% | 검증: 76.7% | lr: 2.00e-03 | 0.3s
  에폭  92/2000 | 손실: 0.4828 | 학습: 79.3% | 검증: 75.7% | lr: 2.00e-03 | 0.3s
  에폭  93/2000 | 손실: 0.4882 | 학습: 78.2% | 검증: 75.8% | lr: 2.00e-03 | 0.3s
  에폭  94/2000 | 손실: 0.4804 | 학습: 79.7% | 검증: 76.9% | lr: 2.00e-03 | 0.3s ★
  에폭  95/2000 | 손실: 0.4797 | 학습: 79.7% | 검증: 77.2% | lr: 2.00e-03 | 0.3s ★
  에폭  96/2000 | 손실: 0.4816 | 학습: 79.7% | 검증: 76.9% | lr: 2.00e-03 | 0.3s
  에폭  97/2000 | 손실: 0.4801 | 학습: 80.0% | 검증: 77.0% | lr: 2.00e-03 | 0.3s
  에폭  98/2000 | 손실: 0.4782 | 학습: 80.2% | 검증: 77.3% | lr: 2.00e-03 | 0.3s ★
  에폭  99/2000 | 손실: 0.4773 | 학습: 79.8% | 검증: 77.2% | lr: 2.00e-03 | 0.3s
  에폭 100/2000 | 손실: 0.4818 | 학습: 79.9% | 검증: 77.1% | lr: 2.00e-03 | 0.3s
  에폭 101/2000 | 손실: 0.4804 | 학습: 80.0% | 검증: 76.8% | lr: 2.00e-03 | 0.3s
  에폭 102/2000 | 손실: 0.4792 | 학습: 79.5% | 검증: 76.5% | lr: 2.00e-03 | 0.3s
  에폭 103/2000 | 손실: 0.4767 | 학습: 79.8% | 검증: 76.3% | lr: 2.00e-03 | 0.3s
  에폭 104/2000 | 손실: 0.4789 | 학습: 79.8% | 검증: 77.1% | lr: 2.00e-03 | 0.3s
  에폭 105/2000 | 손실: 0.4784 | 학습: 79.9% | 검증: 77.4% | lr: 2.00e-03 | 0.3s ★
  에폭 106/2000 | 손실: 0.4731 | 학습: 79.6% | 검증: 76.8% | lr: 2.00e-03 | 0.3s
  에폭 107/2000 | 손실: 0.4794 | 학습: 79.5% | 검증: 76.9% | lr: 2.00e-03 | 0.3s
  에폭 108/2000 | 손실: 0.4766 | 학습: 80.3% | 검증: 77.3% | lr: 2.00e-03 | 0.3s
  에폭 109/2000 | 손실: 0.4781 | 학습: 79.6% | 검증: 76.5% | lr: 2.00e-03 | 0.3s
  에폭 110/2000 | 손실: 0.4760 | 학습: 80.3% | 검증: 77.6% | lr: 2.00e-03 | 0.3s ★
  에폭 111/2000 | 손실: 0.4766 | 학습: 79.8% | 검증: 77.1% | lr: 2.00e-03 | 0.4s
  에폭 112/2000 | 손실: 0.4757 | 학습: 79.9% | 검증: 77.2% | lr: 2.00e-03 | 0.3s
  에폭 113/2000 | 손실: 0.4752 | 학습: 79.9% | 검증: 76.9% | lr: 2.00e-03 | 0.3s
  에폭 114/2000 | 손실: 0.4756 | 학습: 80.4% | 검증: 77.7% | lr: 2.00e-03 | 0.3s ★
  에폭 115/2000 | 손실: 0.4729 | 학습: 80.7% | 검증: 77.9% | lr: 2.00e-03 | 0.3s ★
  에폭 116/2000 | 손실: 0.4750 | 학습: 80.4% | 검증: 77.5% | lr: 2.00e-03 | 0.3s
  에폭 117/2000 | 손실: 0.4741 | 학습: 80.5% | 검증: 78.2% | lr: 2.00e-03 | 0.3s ★
  에폭 118/2000 | 손실: 0.4753 | 학습: 80.1% | 검증: 77.3% | lr: 2.00e-03 | 0.3s
  에폭 119/2000 | 손실: 0.4769 | 학습: 80.1% | 검증: 77.4% | lr: 2.00e-03 | 0.3s
  에폭 120/2000 | 손실: 0.4708 | 학습: 80.4% | 검증: 77.4% | lr: 2.00e-03 | 0.3s
  에폭 121/2000 | 손실: 0.4723 | 학습: 80.2% | 검증: 77.2% | lr: 2.00e-03 | 0.3s
  에폭 122/2000 | 손실: 0.4767 | 학습: 80.6% | 검증: 77.2% | lr: 2.00e-03 | 0.3s
  에폭 123/2000 | 손실: 0.4727 | 학습: 80.2% | 검증: 77.4% | lr: 2.00e-03 | 0.3s
  에폭 124/2000 | 손실: 0.4684 | 학습: 79.9% | 검증: 77.6% | lr: 2.00e-03 | 0.3s
  에폭 125/2000 | 손실: 0.4708 | 학습: 80.9% | 검증: 77.7% | lr: 2.00e-03 | 0.3s
  에폭 126/2000 | 손실: 0.4752 | 학습: 80.3% | 검증: 76.8% | lr: 2.00e-03 | 0.3s
  에폭 127/2000 | 손실: 0.4704 | 학습: 80.3% | 검증: 76.9% | lr: 2.00e-03 | 0.3s
  에폭 128/2000 | 손실: 0.4694 | 학습: 80.2% | 검증: 77.5% | lr: 2.00e-03 | 0.3s
  에폭 129/2000 | 손실: 0.4721 | 학습: 80.6% | 검증: 77.4% | lr: 2.00e-03 | 0.3s
  에폭 130/2000 | 손실: 0.4734 | 학습: 80.7% | 검증: 77.8% | lr: 2.00e-03 | 0.3s
  에폭 131/2000 | 손실: 0.4717 | 학습: 81.3% | 검증: 78.3% | lr: 2.00e-03 | 0.4s ★
  에폭 132/2000 | 손실: 0.4724 | 학습: 81.0% | 검증: 77.4% | lr: 2.00e-03 | 0.4s
  에폭 133/2000 | 손실: 0.4669 | 학습: 80.5% | 검증: 77.5% | lr: 2.00e-03 | 0.4s
  에폭 134/2000 | 손실: 0.4672 | 학습: 80.6% | 검증: 77.5% | lr: 2.00e-03 | 0.4s
  에폭 135/2000 | 손실: 0.4713 | 학습: 81.1% | 검증: 77.9% | lr: 2.00e-03 | 0.4s
  에폭 136/2000 | 손실: 0.4725 | 학습: 80.7% | 검증: 77.4% | lr: 2.00e-03 | 0.4s
  에폭 137/2000 | 손실: 0.4671 | 학습: 80.5% | 검증: 77.0% | lr: 2.00e-03 | 0.4s
  에폭 138/2000 | 손실: 0.4696 | 학습: 80.8% | 검증: 78.5% | lr: 2.00e-03 | 0.4s ★
  에폭 139/2000 | 손실: 0.4662 | 학습: 80.9% | 검증: 77.3% | lr: 2.00e-03 | 0.6s
  에폭 140/2000 | 손실: 0.4647 | 학습: 80.8% | 검증: 77.6% | lr: 2.00e-03 | 0.3s
  에폭 141/2000 | 손실: 0.4674 | 학습: 80.8% | 검증: 77.7% | lr: 2.00e-03 | 0.3s
  에폭 142/2000 | 손실: 0.4711 | 학습: 81.5% | 검증: 78.1% | lr: 2.00e-03 | 0.4s
  에폭 143/2000 | 손실: 0.4651 | 학습: 81.0% | 검증: 77.8% | lr: 2.00e-03 | 0.3s
  에폭 144/2000 | 손실: 0.4720 | 학습: 81.1% | 검증: 77.5% | lr: 2.00e-03 | 0.3s
  에폭 145/2000 | 손실: 0.4645 | 학습: 81.0% | 검증: 77.4% | lr: 2.00e-03 | 0.3s
  에폭 146/2000 | 손실: 0.4684 | 학습: 81.0% | 검증: 77.9% | lr: 2.00e-03 | 0.3s
  에폭 147/2000 | 손실: 0.4676 | 학습: 80.9% | 검증: 78.1% | lr: 2.00e-03 | 0.3s
  에폭 148/2000 | 손실: 0.4680 | 학습: 81.1% | 검증: 77.8% | lr: 2.00e-03 | 0.3s
  에폭 149/2000 | 손실: 0.4663 | 학습: 80.7% | 검증: 77.7% | lr: 2.00e-03 | 0.3s
  에폭 150/2000 | 손실: 0.4658 | 학습: 81.0% | 검증: 77.8% | lr: 2.00e-03 | 0.3s
  에폭 151/2000 | 손실: 0.4649 | 학습: 80.8% | 검증: 77.0% | lr: 2.00e-03 | 0.3s
  에폭 152/2000 | 손실: 0.4656 | 학습: 81.0% | 검증: 78.0% | lr: 2.00e-03 | 0.3s
  에폭 153/2000 | 손실: 0.4674 | 학습: 81.1% | 검증: 77.8% | lr: 2.00e-03 | 0.3s
  에폭 154/2000 | 손실: 0.4620 | 학습: 81.5% | 검증: 78.3% | lr: 2.00e-03 | 0.3s
  에폭 155/2000 | 손실: 0.4637 | 학습: 81.1% | 검증: 77.6% | lr: 2.00e-03 | 0.3s
  에폭 156/2000 | 손실: 0.4645 | 학습: 81.6% | 검증: 77.9% | lr: 2.00e-03 | 0.3s
  에폭 157/2000 | 손실: 0.4639 | 학습: 81.5% | 검증: 78.1% | lr: 2.00e-03 | 0.3s
  에폭 158/2000 | 손실: 0.4629 | 학습: 81.2% | 검증: 77.8% | lr: 2.00e-03 | 0.3s
  에폭 159/2000 | 손실: 0.4639 | 학습: 80.4% | 검증: 76.9% | lr: 2.00e-03 | 0.3s
  에폭 160/2000 | 손실: 0.4646 | 학습: 81.4% | 검증: 77.9% | lr: 2.00e-03 | 0.3s
  에폭 161/2000 | 손실: 0.4627 | 학습: 80.8% | 검증: 77.9% | lr: 2.00e-03 | 0.3s
  에폭 162/2000 | 손실: 0.4643 | 학습: 81.3% | 검증: 77.6% | lr: 2.00e-03 | 0.3s
  에폭 163/2000 | 손실: 0.4659 | 학습: 81.1% | 검증: 78.3% | lr: 2.00e-03 | 0.3s
  에폭 164/2000 | 손실: 0.4626 | 학습: 81.3% | 검증: 77.7% | lr: 2.00e-03 | 0.3s
  에폭 165/2000 | 손실: 0.4663 | 학습: 81.5% | 검증: 78.4% | lr: 2.00e-03 | 0.3s
  에폭 166/2000 | 손실: 0.4630 | 학습: 80.8% | 검증: 77.9% | lr: 2.00e-03 | 0.3s
  에폭 167/2000 | 손실: 0.4645 | 학습: 80.8% | 검증: 77.7% | lr: 2.00e-03 | 0.3s
  에폭 168/2000 | 손실: 0.4622 | 학습: 81.1% | 검증: 77.5% | lr: 2.00e-03 | 0.3s
  에폭 169/2000 | 손실: 0.4628 | 학습: 81.5% | 검증: 78.0% | lr: 2.00e-03 | 0.3s
  에폭 170/2000 | 손실: 0.4615 | 학습: 81.0% | 검증: 77.9% | lr: 2.00e-03 | 0.3s
  에폭 171/2000 | 손실: 0.4610 | 학습: 80.9% | 검증: 77.7% | lr: 2.00e-03 | 0.3s
  에폭 172/2000 | 손실: 0.4645 | 학습: 81.8% | 검증: 78.5% | lr: 2.00e-03 | 0.3s ★
  에폭 173/2000 | 손실: 0.4650 | 학습: 81.6% | 검증: 78.5% | lr: 2.00e-03 | 0.3s
  에폭 174/2000 | 손실: 0.4589 | 학습: 81.2% | 검증: 78.1% | lr: 2.00e-03 | 0.3s
  에폭 175/2000 | 손실: 0.4596 | 학습: 81.1% | 검증: 78.0% | lr: 2.00e-03 | 0.3s
  에폭 176/2000 | 손실: 0.4634 | 학습: 81.1% | 검증: 77.8% | lr: 2.00e-03 | 0.3s
  에폭 177/2000 | 손실: 0.4584 | 학습: 81.3% | 검증: 77.7% | lr: 2.00e-03 | 0.3s
  에폭 178/2000 | 손실: 0.4609 | 학습: 81.6% | 검증: 78.1% | lr: 2.00e-03 | 0.3s
  에폭 179/2000 | 손실: 0.4659 | 학습: 81.2% | 검증: 78.2% | lr: 2.00e-03 | 0.3s
  에폭 180/2000 | 손실: 0.4637 | 학습: 81.1% | 검증: 77.6% | lr: 2.00e-03 | 0.3s
  에폭 181/2000 | 손실: 0.4586 | 학습: 81.7% | 검증: 78.4% | lr: 2.00e-03 | 0.3s
  에폭 182/2000 | 손실: 0.4617 | 학습: 82.0% | 검증: 78.5% | lr: 2.00e-03 | 0.3s
  에폭 183/2000 | 손실: 0.4645 | 학습: 81.6% | 검증: 78.4% | lr: 2.00e-03 | 0.3s
  에폭 184/2000 | 손실: 0.4637 | 학습: 81.8% | 검증: 78.1% | lr: 2.00e-03 | 0.3s
  에폭 185/2000 | 손실: 0.4629 | 학습: 81.3% | 검증: 77.4% | lr: 2.00e-03 | 0.3s
  에폭 186/2000 | 손실: 0.4617 | 학습: 81.6% | 검증: 78.1% | lr: 2.00e-03 | 0.3s
  에폭 187/2000 | 손실: 0.4617 | 학습: 81.6% | 검증: 78.0% | lr: 2.00e-03 | 0.3s
  에폭 188/2000 | 손실: 0.4601 | 학습: 81.6% | 검증: 78.2% | lr: 2.00e-03 | 0.3s
  에폭 189/2000 | 손실: 0.4642 | 학습: 81.3% | 검증: 77.8% | lr: 2.00e-03 | 0.3s
  에폭 190/2000 | 손실: 0.4591 | 학습: 82.0% | 검증: 78.6% | lr: 2.00e-03 | 0.3s ★
  에폭 191/2000 | 손실: 0.4597 | 학습: 81.5% | 검증: 77.9% | lr: 2.00e-03 | 0.3s
  에폭 192/2000 | 손실: 0.4589 | 학습: 81.8% | 검증: 78.2% | lr: 2.00e-03 | 0.3s
  에폭 193/2000 | 손실: 0.4630 | 학습: 81.7% | 검증: 78.7% | lr: 2.00e-03 | 0.3s ★
  에폭 194/2000 | 손실: 0.4599 | 학습: 81.8% | 검증: 78.1% | lr: 2.00e-03 | 0.4s
  에폭 195/2000 | 손실: 0.4627 | 학습: 81.5% | 검증: 78.2% | lr: 2.00e-03 | 0.3s
  에폭 196/2000 | 손실: 0.4598 | 학습: 81.4% | 검증: 78.2% | lr: 2.00e-03 | 0.3s
  에폭 197/2000 | 손실: 0.4619 | 학습: 81.5% | 검증: 78.3% | lr: 2.00e-03 | 0.3s
  에폭 198/2000 | 손실: 0.4624 | 학습: 81.5% | 검증: 78.2% | lr: 2.00e-03 | 0.3s
  에폭 199/2000 | 손실: 0.4623 | 학습: 81.9% | 검증: 78.3% | lr: 2.00e-03 | 0.3s
  에폭 200/2000 | 손실: 0.4578 | 학습: 81.7% | 검증: 78.0% | lr: 2.00e-03 | 0.3s
  에폭 201/2000 | 손실: 0.4637 | 학습: 81.5% | 검증: 78.5% | lr: 2.00e-03 | 0.3s
  에폭 202/2000 | 손실: 0.4586 | 학습: 81.9% | 검증: 78.2% | lr: 2.00e-03 | 0.3s
  에폭 203/2000 | 손실: 0.4598 | 학습: 81.7% | 검증: 78.2% | lr: 2.00e-03 | 0.3s
  에폭 204/2000 | 손실: 0.4587 | 학습: 81.7% | 검증: 78.0% | lr: 2.00e-03 | 0.4s
  에폭 205/2000 | 손실: 0.4644 | 학습: 81.5% | 검증: 78.1% | lr: 2.00e-03 | 0.3s
  에폭 206/2000 | 손실: 0.4605 | 학습: 82.1% | 검증: 78.8% | lr: 2.00e-03 | 0.3s ★
  에폭 207/2000 | 손실: 0.4565 | 학습: 82.2% | 검증: 78.6% | lr: 2.00e-03 | 0.3s
  에폭 208/2000 | 손실: 0.4591 | 학습: 81.9% | 검증: 78.2% | lr: 2.00e-03 | 0.3s
  에폭 209/2000 | 손실: 0.4606 | 학습: 81.7% | 검증: 78.6% | lr: 2.00e-03 | 0.3s
  에폭 210/2000 | 손실: 0.4641 | 학습: 81.7% | 검증: 78.4% | lr: 2.00e-03 | 0.3s
  에폭 211/2000 | 손실: 0.4555 | 학습: 82.3% | 검증: 78.7% | lr: 2.00e-03 | 0.3s
  에폭 212/2000 | 손실: 0.4570 | 학습: 82.1% | 검증: 78.1% | lr: 2.00e-03 | 0.3s
  에폭 213/2000 | 손실: 0.4550 | 학습: 81.9% | 검증: 78.7% | lr: 2.00e-03 | 0.4s
  에폭 214/2000 | 손실: 0.4561 | 학습: 81.5% | 검증: 78.7% | lr: 2.00e-03 | 0.3s
  에폭 215/2000 | 손실: 0.4601 | 학습: 81.7% | 검증: 78.3% | lr: 2.00e-03 | 0.3s
  에폭 216/2000 | 손실: 0.4590 | 학습: 81.9% | 검증: 78.0% | lr: 2.00e-03 | 0.3s
  에폭 217/2000 | 손실: 0.4539 | 학습: 82.1% | 검증: 78.5% | lr: 2.00e-03 | 0.3s
  에폭 218/2000 | 손실: 0.4562 | 학습: 82.2% | 검증: 78.6% | lr: 2.00e-03 | 0.3s
  에폭 219/2000 | 손실: 0.4544 | 학습: 82.2% | 검증: 78.8% | lr: 2.00e-03 | 0.3s
  에폭 220/2000 | 손실: 0.4536 | 학습: 82.1% | 검증: 78.6% | lr: 2.00e-03 | 0.3s
  에폭 221/2000 | 손실: 0.4577 | 학습: 81.7% | 검증: 78.1% | lr: 2.00e-03 | 0.3s
  에폭 222/2000 | 손실: 0.4569 | 학습: 82.3% | 검증: 79.5% | lr: 2.00e-03 | 0.3s ★
  에폭 223/2000 | 손실: 0.4567 | 학습: 81.6% | 검증: 78.0% | lr: 2.00e-03 | 0.3s
  에폭 224/2000 | 손실: 0.4586 | 학습: 82.1% | 검증: 79.0% | lr: 2.00e-03 | 0.3s
  에폭 225/2000 | 손실: 0.4619 | 학습: 82.0% | 검증: 78.2% | lr: 2.00e-03 | 0.3s
  에폭 226/2000 | 손실: 0.4582 | 학습: 81.8% | 검증: 78.6% | lr: 2.00e-03 | 0.3s
  에폭 227/2000 | 손실: 0.4592 | 학습: 82.0% | 검증: 78.4% | lr: 2.00e-03 | 0.3s
  에폭 228/2000 | 손실: 0.4520 | 학습: 81.8% | 검증: 78.0% | lr: 2.00e-03 | 0.3s
  에폭 229/2000 | 손실: 0.4559 | 학습: 81.8% | 검증: 78.2% | lr: 2.00e-03 | 0.3s
  에폭 230/2000 | 손실: 0.4548 | 학습: 82.4% | 검증: 79.1% | lr: 2.00e-03 | 0.3s
  에폭 231/2000 | 손실: 0.4554 | 학습: 82.0% | 검증: 78.4% | lr: 2.00e-03 | 0.4s
  에폭 232/2000 | 손실: 0.4515 | 학습: 81.8% | 검증: 78.0% | lr: 2.00e-03 | 0.3s
  에폭 233/2000 | 손실: 0.4539 | 학습: 82.1% | 검증: 78.5% | lr: 2.00e-03 | 0.3s
  에폭 234/2000 | 손실: 0.4559 | 학습: 82.3% | 검증: 78.8% | lr: 2.00e-03 | 0.3s
  에폭 235/2000 | 손실: 0.4601 | 학습: 82.4% | 검증: 78.4% | lr: 2.00e-03 | 0.3s
  에폭 236/2000 | 손실: 0.4516 | 학습: 82.4% | 검증: 79.1% | lr: 2.00e-03 | 0.3s
  에폭 237/2000 | 손실: 0.4515 | 학습: 82.4% | 검증: 78.7% | lr: 2.00e-03 | 0.3s
  에폭 238/2000 | 손실: 0.4534 | 학습: 82.0% | 검증: 78.2% | lr: 2.00e-03 | 0.3s
  에폭 239/2000 | 손실: 0.4545 | 학습: 82.0% | 검증: 78.8% | lr: 2.00e-03 | 0.3s
  에폭 240/2000 | 손실: 0.4554 | 학습: 82.0% | 검증: 78.7% | lr: 2.00e-03 | 0.3s
  에폭 241/2000 | 손실: 0.4511 | 학습: 82.1% | 검증: 78.2% | lr: 2.00e-03 | 0.3s
  에폭 242/2000 | 손실: 0.4566 | 학습: 82.6% | 검증: 79.0% | lr: 2.00e-03 | 0.3s
  에폭 243/2000 | 손실: 0.4584 | 학습: 82.4% | 검증: 78.9% | lr: 2.00e-03 | 0.3s
  에폭 244/2000 | 손실: 0.4498 | 학습: 82.1% | 검증: 78.4% | lr: 2.00e-03 | 0.3s
  에폭 245/2000 | 손실: 0.4547 | 학습: 82.5% | 검증: 78.2% | lr: 2.00e-03 | 0.3s
  에폭 246/2000 | 손실: 0.4524 | 학습: 82.5% | 검증: 78.7% | lr: 2.00e-03 | 0.3s
  에폭 247/2000 | 손실: 0.4557 | 학습: 81.4% | 검증: 77.8% | lr: 2.00e-03 | 0.3s
  에폭 248/2000 | 손실: 0.4543 | 학습: 82.0% | 검증: 78.3% | lr: 2.00e-03 | 0.3s
  에폭 249/2000 | 손실: 0.4502 | 학습: 82.8% | 검증: 78.7% | lr: 2.00e-03 | 0.3s
  에폭 250/2000 | 손실: 0.4590 | 학습: 81.8% | 검증: 77.9% | lr: 2.00e-03 | 0.3s
  에폭 251/2000 | 손실: 0.4531 | 학습: 82.3% | 검증: 78.3% | lr: 2.00e-03 | 0.3s
  에폭 252/2000 | 손실: 0.4565 | 학습: 82.4% | 검증: 78.8% | lr: 2.00e-03 | 0.3s
  에폭 253/2000 | 손실: 0.4525 | 학습: 82.2% | 검증: 78.9% | lr: 2.00e-03 | 0.3s
  에폭 254/2000 | 손실: 0.4523 | 학습: 81.8% | 검증: 78.1% | lr: 2.00e-03 | 0.3s
  에폭 255/2000 | 손실: 0.4548 | 학습: 82.1% | 검증: 78.6% | lr: 2.00e-03 | 0.4s
  에폭 256/2000 | 손실: 0.4554 | 학습: 82.0% | 검증: 78.5% | lr: 2.00e-03 | 0.3s
  에폭 257/2000 | 손실: 0.4535 | 학습: 82.2% | 검증: 79.0% | lr: 2.00e-03 | 0.4s
  에폭 258/2000 | 손실: 0.4531 | 학습: 82.6% | 검증: 79.1% | lr: 2.00e-03 | 0.4s
  에폭 259/2000 | 손실: 0.4518 | 학습: 82.5% | 검증: 79.3% | lr: 2.00e-03 | 0.3s
  에폭 260/2000 | 손실: 0.4529 | 학습: 82.2% | 검증: 78.7% | lr: 2.00e-03 | 0.4s
  에폭 261/2000 | 손실: 0.4538 | 학습: 82.6% | 검증: 79.2% | lr: 2.00e-03 | 0.3s
  에폭 262/2000 | 손실: 0.4529 | 학습: 82.3% | 검증: 78.7% | lr: 2.00e-03 | 0.3s
  에폭 263/2000 | 손실: 0.4532 | 학습: 82.4% | 검증: 78.3% | lr: 2.00e-03 | 0.3s
  에폭 264/2000 | 손실: 0.4524 | 학습: 82.3% | 검증: 79.3% | lr: 2.00e-03 | 0.3s
  에폭 265/2000 | 손실: 0.4518 | 학습: 82.6% | 검증: 78.9% | lr: 2.00e-03 | 0.3s
  에폭 266/2000 | 손실: 0.4532 | 학습: 82.9% | 검증: 79.4% | lr: 2.00e-03 | 0.3s
  에폭 267/2000 | 손실: 0.4510 | 학습: 82.0% | 검증: 78.7% | lr: 2.00e-03 | 0.3s
  에폭 268/2000 | 손실: 0.4496 | 학습: 82.4% | 검증: 79.0% | lr: 2.00e-03 | 0.3s
  에폭 269/2000 | 손실: 0.4510 | 학습: 82.9% | 검증: 79.3% | lr: 2.00e-03 | 0.3s
  에폭 270/2000 | 손실: 0.4538 | 학습: 81.8% | 검증: 78.5% | lr: 2.00e-03 | 0.3s
  에폭 271/2000 | 손실: 0.4537 | 학습: 81.8% | 검증: 78.6% | lr: 2.00e-03 | 0.3s
  에폭 272/2000 | 손실: 0.4524 | 학습: 82.6% | 검증: 79.5% | lr: 2.00e-03 | 0.3s
  에폭 273/2000 | 손실: 0.4502 | 학습: 82.3% | 검증: 79.3% | lr: 2.00e-03 | 0.3s
  에폭 274/2000 | 손실: 0.4483 | 학습: 82.5% | 검증: 78.7% | lr: 2.00e-03 | 0.4s
  에폭 275/2000 | 손실: 0.4503 | 학습: 82.6% | 검증: 79.1% | lr: 2.00e-03 | 0.3s
  에폭 276/2000 | 손실: 0.4532 | 학습: 82.4% | 검증: 78.6% | lr: 2.00e-03 | 0.3s
  에폭 277/2000 | 손실: 0.4494 | 학습: 82.0% | 검증: 78.4% | lr: 2.00e-03 | 0.3s
  에폭 278/2000 | 손실: 0.4510 | 학습: 82.2% | 검증: 78.6% | lr: 2.00e-03 | 0.3s
  에폭 279/2000 | 손실: 0.4503 | 학습: 82.9% | 검증: 78.9% | lr: 2.00e-03 | 0.3s
  에폭 280/2000 | 손실: 0.4524 | 학습: 82.6% | 검증: 78.4% | lr: 2.00e-03 | 0.3s
  에폭 281/2000 | 손실: 0.4528 | 학습: 82.4% | 검증: 78.8% | lr: 2.00e-03 | 0.3s
  에폭 282/2000 | 손실: 0.4550 | 학습: 82.8% | 검증: 79.6% | lr: 2.00e-03 | 0.3s ★
  에폭 283/2000 | 손실: 0.4509 | 학습: 82.6% | 검증: 79.2% | lr: 2.00e-03 | 0.3s
  에폭 284/2000 | 손실: 0.4477 | 학습: 83.0% | 검증: 78.7% | lr: 2.00e-03 | 0.3s
  에폭 285/2000 | 손실: 0.4470 | 학습: 82.9% | 검증: 79.6% | lr: 2.00e-03 | 0.3s
  에폭 286/2000 | 손실: 0.4510 | 학습: 82.6% | 검증: 78.9% | lr: 2.00e-03 | 0.3s
  에폭 287/2000 | 손실: 0.4475 | 학습: 82.7% | 검증: 78.6% | lr: 2.00e-03 | 0.3s
  에폭 288/2000 | 손실: 0.4466 | 학습: 82.2% | 검증: 79.0% | lr: 2.00e-03 | 0.3s
  에폭 289/2000 | 손실: 0.4503 | 학습: 82.8% | 검증: 79.3% | lr: 2.00e-03 | 0.3s
  에폭 290/2000 | 손실: 0.4506 | 학습: 82.5% | 검증: 79.0% | lr: 2.00e-03 | 0.4s
  에폭 291/2000 | 손실: 0.4511 | 학습: 83.1% | 검증: 79.2% | lr: 2.00e-03 | 0.4s
  에폭 292/2000 | 손실: 0.4509 | 학습: 83.2% | 검증: 79.5% | lr: 2.00e-03 | 0.3s
  에폭 293/2000 | 손실: 0.4498 | 학습: 82.7% | 검증: 79.8% | lr: 2.00e-03 | 0.3s ★
  에폭 294/2000 | 손실: 0.4539 | 학습: 82.8% | 검증: 78.9% | lr: 2.00e-03 | 0.3s
  에폭 295/2000 | 손실: 0.4524 | 학습: 83.0% | 검증: 79.7% | lr: 2.00e-03 | 0.3s
  에폭 296/2000 | 손실: 0.4507 | 학습: 82.8% | 검증: 78.2% | lr: 2.00e-03 | 0.3s
  에폭 297/2000 | 손실: 0.4466 | 학습: 82.5% | 검증: 78.8% | lr: 2.00e-03 | 0.3s
  에폭 298/2000 | 손실: 0.4468 | 학습: 82.9% | 검증: 79.3% | lr: 2.00e-03 | 0.3s
  에폭 299/2000 | 손실: 0.4511 | 학습: 83.0% | 검증: 79.0% | lr: 2.00e-03 | 0.3s
  에폭 300/2000 | 손실: 0.4481 | 학습: 83.2% | 검증: 79.2% | lr: 2.00e-03 | 0.3s
  에폭 301/2000 | 손실: 0.4480 | 학습: 82.6% | 검증: 78.5% | lr: 2.00e-03 | 0.3s
  에폭 302/2000 | 손실: 0.4465 | 학습: 82.7% | 검증: 79.1% | lr: 2.00e-03 | 0.3s
  에폭 303/2000 | 손실: 0.4480 | 학습: 82.7% | 검증: 78.8% | lr: 2.00e-03 | 0.3s
  에폭 304/2000 | 손실: 0.4510 | 학습: 83.1% | 검증: 79.0% | lr: 2.00e-03 | 0.4s
  에폭 305/2000 | 손실: 0.4504 | 학습: 82.5% | 검증: 79.2% | lr: 2.00e-03 | 0.4s
  에폭 306/2000 | 손실: 0.4478 | 학습: 83.2% | 검증: 79.5% | lr: 2.00e-03 | 0.3s
  에폭 307/2000 | 손실: 0.4487 | 학습: 82.6% | 검증: 79.0% | lr: 2.00e-03 | 0.3s
  에폭 308/2000 | 손실: 0.4490 | 학습: 82.6% | 검증: 78.8% | lr: 2.00e-03 | 0.3s
  에폭 309/2000 | 손실: 0.4455 | 학습: 83.3% | 검증: 79.1% | lr: 2.00e-03 | 0.3s
  에폭 310/2000 | 손실: 0.4449 | 학습: 82.6% | 검증: 78.4% | lr: 2.00e-03 | 0.3s
  에폭 311/2000 | 손실: 0.4571 | 학습: 83.0% | 검증: 79.5% | lr: 2.00e-03 | 0.3s
  에폭 312/2000 | 손실: 0.4472 | 학습: 82.8% | 검증: 79.7% | lr: 2.00e-03 | 0.3s
  에폭 313/2000 | 손실: 0.4482 | 학습: 82.9% | 검증: 78.8% | lr: 2.00e-03 | 0.3s
  에폭 314/2000 | 손실: 0.4507 | 학습: 83.0% | 검증: 79.4% | lr: 2.00e-03 | 0.3s
  에폭 315/2000 | 손실: 0.4459 | 학습: 83.1% | 검증: 79.1% | lr: 2.00e-03 | 0.3s
  에폭 316/2000 | 손실: 0.4462 | 학습: 83.1% | 검증: 79.2% | lr: 2.00e-03 | 0.3s
  에폭 317/2000 | 손실: 0.4475 | 학습: 82.7% | 검증: 79.6% | lr: 2.00e-03 | 0.3s
  에폭 318/2000 | 손실: 0.4456 | 학습: 83.2% | 검증: 79.5% | lr: 2.00e-03 | 0.3s
  에폭 319/2000 | 손실: 0.4452 | 학습: 83.3% | 검증: 79.7% | lr: 2.00e-03 | 0.3s
  에폭 320/2000 | 손실: 0.4489 | 학습: 83.0% | 검증: 79.1% | lr: 2.00e-03 | 0.3s
  에폭 321/2000 | 손실: 0.4495 | 학습: 82.7% | 검증: 78.8% | lr: 2.00e-03 | 0.3s
  에폭 322/2000 | 손실: 0.4465 | 학습: 82.1% | 검증: 79.6% | lr: 2.00e-03 | 0.3s
  에폭 323/2000 | 손실: 0.4487 | 학습: 82.9% | 검증: 78.8% | lr: 2.00e-03 | 0.4s
  에폭 324/2000 | 손실: 0.4480 | 학습: 83.3% | 검증: 79.4% | lr: 2.00e-03 | 0.4s
  에폭 325/2000 | 손실: 0.4474 | 학습: 82.7% | 검증: 78.5% | lr: 2.00e-03 | 0.3s
  에폭 326/2000 | 손실: 0.4478 | 학습: 82.8% | 검증: 78.7% | lr: 2.00e-03 | 0.3s
  에폭 327/2000 | 손실: 0.4446 | 학습: 83.1% | 검증: 79.3% | lr: 2.00e-03 | 0.3s
  에폭 328/2000 | 손실: 0.4471 | 학습: 82.8% | 검증: 79.8% | lr: 2.00e-03 | 0.3s ★
  에폭 329/2000 | 손실: 0.4443 | 학습: 82.6% | 검증: 78.9% | lr: 2.00e-03 | 0.4s
  에폭 330/2000 | 손실: 0.4441 | 학습: 83.0% | 검증: 79.4% | lr: 2.00e-03 | 0.3s
  에폭 331/2000 | 손실: 0.4437 | 학습: 83.1% | 검증: 79.4% | lr: 2.00e-03 | 0.3s
  에폭 332/2000 | 손실: 0.4455 | 학습: 83.4% | 검증: 79.2% | lr: 2.00e-03 | 0.3s
  에폭 333/2000 | 손실: 0.4428 | 학습: 83.3% | 검증: 80.1% | lr: 2.00e-03 | 0.3s ★
  에폭 334/2000 | 손실: 0.4447 | 학습: 83.2% | 검증: 79.2% | lr: 2.00e-03 | 0.3s
  에폭 335/2000 | 손실: 0.4441 | 학습: 82.9% | 검증: 79.5% | lr: 2.00e-03 | 0.3s
  에폭 336/2000 | 손실: 0.4503 | 학습: 82.8% | 검증: 79.3% | lr: 2.00e-03 | 0.3s
  에폭 337/2000 | 손실: 0.4438 | 학습: 82.8% | 검증: 79.3% | lr: 2.00e-03 | 0.3s
  에폭 338/2000 | 손실: 0.4463 | 학습: 83.3% | 검증: 78.8% | lr: 2.00e-03 | 0.3s
  에폭 339/2000 | 손실: 0.4489 | 학습: 83.2% | 검증: 79.2% | lr: 2.00e-03 | 0.3s
  에폭 340/2000 | 손실: 0.4459 | 학습: 83.2% | 검증: 79.5% | lr: 2.00e-03 | 0.3s
  에폭 341/2000 | 손실: 0.4466 | 학습: 83.3% | 검증: 79.2% | lr: 2.00e-03 | 0.3s
  에폭 342/2000 | 손실: 0.4461 | 학습: 83.0% | 검증: 79.7% | lr: 2.00e-03 | 0.3s
  에폭 343/2000 | 손실: 0.4428 | 학습: 83.0% | 검증: 79.7% | lr: 2.00e-03 | 0.3s
  에폭 344/2000 | 손실: 0.4489 | 학습: 83.2% | 검증: 79.8% | lr: 2.00e-03 | 0.3s
  에폭 345/2000 | 손실: 0.4448 | 학습: 83.3% | 검증: 79.7% | lr: 2.00e-03 | 0.3s
  에폭 346/2000 | 손실: 0.4399 | 학습: 83.1% | 검증: 79.5% | lr: 2.00e-03 | 0.3s
  에폭 347/2000 | 손실: 0.4424 | 학습: 82.9% | 검증: 79.2% | lr: 2.00e-03 | 0.3s
  에폭 348/2000 | 손실: 0.4460 | 학습: 83.5% | 검증: 79.8% | lr: 2.00e-03 | 0.3s
  에폭 349/2000 | 손실: 0.4477 | 학습: 83.3% | 검증: 79.2% | lr: 2.00e-03 | 0.4s
  에폭 350/2000 | 손실: 0.4476 | 학습: 83.4% | 검증: 79.0% | lr: 2.00e-03 | 0.3s
  에폭 351/2000 | 손실: 0.4451 | 학습: 83.1% | 검증: 79.2% | lr: 2.00e-03 | 0.5s
  에폭 352/2000 | 손실: 0.4443 | 학습: 83.4% | 검증: 79.0% | lr: 2.00e-03 | 0.3s
  에폭 353/2000 | 손실: 0.4441 | 학습: 83.1% | 검증: 79.2% | lr: 2.00e-03 | 0.3s
  에폭 354/2000 | 손실: 0.4466 | 학습: 83.5% | 검증: 79.5% | lr: 2.00e-03 | 0.3s
  에폭 355/2000 | 손실: 0.4450 | 학습: 83.7% | 검증: 79.4% | lr: 2.00e-03 | 0.3s
  에폭 356/2000 | 손실: 0.4431 | 학습: 83.3% | 검증: 79.6% | lr: 2.00e-03 | 0.3s
  에폭 357/2000 | 손실: 0.4395 | 학습: 82.9% | 검증: 79.2% | lr: 2.00e-03 | 0.3s
  에폭 358/2000 | 손실: 0.4408 | 학습: 83.6% | 검증: 79.8% | lr: 2.00e-03 | 0.3s
  에폭 359/2000 | 손실: 0.4475 | 학습: 83.2% | 검증: 79.6% | lr: 2.00e-03 | 0.3s
  에폭 360/2000 | 손실: 0.4448 | 학습: 82.9% | 검증: 79.1% | lr: 2.00e-03 | 0.3s
  에폭 361/2000 | 손실: 0.4452 | 학습: 83.6% | 검증: 79.5% | lr: 2.00e-03 | 0.3s
  에폭 362/2000 | 손실: 0.4468 | 학습: 83.3% | 검증: 79.3% | lr: 2.00e-03 | 0.3s
  에폭 363/2000 | 손실: 0.4445 | 학습: 83.0% | 검증: 79.1% | lr: 2.00e-03 | 0.3s
  에폭 364/2000 | 손실: 0.4493 | 학습: 83.3% | 검증: 79.6% | lr: 2.00e-03 | 0.3s
  에폭 365/2000 | 손실: 0.4421 | 학습: 83.2% | 검증: 79.3% | lr: 2.00e-03 | 0.4s
  에폭 366/2000 | 손실: 0.4404 | 학습: 83.0% | 검증: 80.0% | lr: 2.00e-03 | 0.4s
  에폭 367/2000 | 손실: 0.4490 | 학습: 82.9% | 검증: 78.9% | lr: 2.00e-03 | 0.3s
  에폭 368/2000 | 손실: 0.4468 | 학습: 83.1% | 검증: 79.6% | lr: 2.00e-03 | 0.4s
  에폭 369/2000 | 손실: 0.4447 | 학습: 83.4% | 검증: 79.7% | lr: 2.00e-03 | 0.3s
  에폭 370/2000 | 손실: 0.4451 | 학습: 83.2% | 검증: 79.5% | lr: 2.00e-03 | 0.4s
  에폭 371/2000 | 손실: 0.4450 | 학습: 83.6% | 검증: 79.6% | lr: 2.00e-03 | 0.4s
  에폭 372/2000 | 손실: 0.4459 | 학습: 83.6% | 검증: 80.0% | lr: 2.00e-03 | 0.3s
  에폭 373/2000 | 손실: 0.4439 | 학습: 83.1% | 검증: 79.8% | lr: 2.00e-03 | 0.4s
  에폭 374/2000 | 손실: 0.4452 | 학습: 83.0% | 검증: 79.5% | lr: 2.00e-03 | 0.4s
  에폭 375/2000 | 손실: 0.4442 | 학습: 83.4% | 검증: 79.2% | lr: 2.00e-03 | 0.3s
  에폭 376/2000 | 손실: 0.4437 | 학습: 83.5% | 검증: 79.6% | lr: 2.00e-03 | 0.3s
  에폭 377/2000 | 손실: 0.4447 | 학습: 83.2% | 검증: 79.2% | lr: 2.00e-03 | 0.4s
  에폭 378/2000 | 손실: 0.4431 | 학습: 83.5% | 검증: 79.3% | lr: 2.00e-03 | 0.4s
  에폭 379/2000 | 손실: 0.4420 | 학습: 83.4% | 검증: 79.4% | lr: 2.00e-03 | 0.4s
  에폭 380/2000 | 손실: 0.4448 | 학습: 83.4% | 검증: 79.2% | lr: 2.00e-03 | 0.3s
  에폭 381/2000 | 손실: 0.4425 | 학습: 83.4% | 검증: 79.3% | lr: 2.00e-03 | 0.4s
  에폭 382/2000 | 손실: 0.4401 | 학습: 83.7% | 검증: 79.7% | lr: 2.00e-03 | 0.4s
  에폭 383/2000 | 손실: 0.4427 | 학습: 83.0% | 검증: 79.4% | lr: 2.00e-03 | 0.4s
  에폭 384/2000 | 손실: 0.4440 | 학습: 83.9% | 검증: 79.7% | lr: 2.00e-03 | 0.5s
  에폭 385/2000 | 손실: 0.4452 | 학습: 83.4% | 검증: 79.3% | lr: 2.00e-03 | 0.3s
  에폭 386/2000 | 손실: 0.4450 | 학습: 83.1% | 검증: 79.2% | lr: 2.00e-03 | 0.3s
  에폭 387/2000 | 손실: 0.4404 | 학습: 83.5% | 검증: 79.5% | lr: 2.00e-03 | 0.3s
  에폭 388/2000 | 손실: 0.4398 | 학습: 83.2% | 검증: 79.7% | lr: 2.00e-03 | 0.3s
  에폭 389/2000 | 손실: 0.4407 | 학습: 83.5% | 검증: 79.5% | lr: 2.00e-03 | 0.3s
  에폭 390/2000 | 손실: 0.4417 | 학습: 83.3% | 검증: 79.0% | lr: 2.00e-03 | 0.3s
  에폭 391/2000 | 손실: 0.4438 | 학습: 83.0% | 검증: 79.4% | lr: 2.00e-03 | 0.3s
  에폭 392/2000 | 손실: 0.4467 | 학습: 83.3% | 검증: 79.6% | lr: 2.00e-03 | 0.3s
  에폭 393/2000 | 손실: 0.4440 | 학습: 83.2% | 검증: 79.4% | lr: 2.00e-03 | 0.3s
  에폭 394/2000 | 손실: 0.4415 | 학습: 83.4% | 검증: 80.0% | lr: 2.00e-03 | 0.3s
  에폭 395/2000 | 손실: 0.4395 | 학습: 83.3% | 검증: 79.7% | lr: 2.00e-03 | 0.3s
  에폭 396/2000 | 손실: 0.4425 | 학습: 83.3% | 검증: 79.6% | lr: 2.00e-03 | 0.3s
  에폭 397/2000 | 손실: 0.4462 | 학습: 83.6% | 검증: 79.9% | lr: 2.00e-03 | 0.3s
  에폭 398/2000 | 손실: 0.4419 | 학습: 83.4% | 검증: 79.7% | lr: 2.00e-03 | 0.3s
  에폭 399/2000 | 손실: 0.4439 | 학습: 83.5% | 검증: 79.8% | lr: 2.00e-03 | 0.3s
  에폭 400/2000 | 손실: 0.4397 | 학습: 83.5% | 검증: 79.3% | lr: 2.00e-03 | 0.3s
  에폭 401/2000 | 손실: 0.4417 | 학습: 83.5% | 검증: 79.9% | lr: 2.00e-03 | 0.3s
  에폭 402/2000 | 손실: 0.4393 | 학습: 83.7% | 검증: 79.9% | lr: 2.00e-03 | 0.3s
  에폭 403/2000 | 손실: 0.4433 | 학습: 83.4% | 검증: 79.3% | lr: 2.00e-03 | 0.3s
  에폭 404/2000 | 손실: 0.4399 | 학습: 83.5% | 검증: 79.7% | lr: 2.00e-03 | 0.3s
  에폭 405/2000 | 손실: 0.4399 | 학습: 83.6% | 검증: 79.8% | lr: 2.00e-03 | 0.3s
  에폭 406/2000 | 손실: 0.4460 | 학습: 83.6% | 검증: 79.7% | lr: 2.00e-03 | 0.3s
  에폭 407/2000 | 손실: 0.4426 | 학습: 83.9% | 검증: 79.7% | lr: 2.00e-03 | 0.3s
  에폭 408/2000 | 손실: 0.4413 | 학습: 83.7% | 검증: 80.0% | lr: 2.00e-03 | 0.3s
  에폭 409/2000 | 손실: 0.4424 | 학습: 83.6% | 검증: 79.8% | lr: 2.00e-03 | 0.3s
  에폭 410/2000 | 손실: 0.4391 | 학습: 83.4% | 검증: 79.9% | lr: 2.00e-03 | 0.3s
  에폭 411/2000 | 손실: 0.4418 | 학습: 83.3% | 검증: 79.6% | lr: 2.00e-03 | 0.3s
  에폭 412/2000 | 손실: 0.4399 | 학습: 83.3% | 검증: 79.5% | lr: 2.00e-03 | 0.3s
  에폭 413/2000 | 손실: 0.4447 | 학습: 83.4% | 검증: 79.5% | lr: 2.00e-03 | 0.3s
  에폭 414/2000 | 손실: 0.4411 | 학습: 83.4% | 검증: 79.8% | lr: 2.00e-03 | 0.3s
  에폭 415/2000 | 손실: 0.4379 | 학습: 83.9% | 검증: 80.1% | lr: 2.00e-03 | 0.3s ★
  에폭 416/2000 | 손실: 0.4396 | 학습: 83.5% | 검증: 79.9% | lr: 2.00e-03 | 0.3s
  에폭 417/2000 | 손실: 0.4457 | 학습: 83.4% | 검증: 79.4% | lr: 2.00e-03 | 0.3s
  에폭 418/2000 | 손실: 0.4406 | 학습: 83.6% | 검증: 79.9% | lr: 2.00e-03 | 0.3s
  에폭 419/2000 | 손실: 0.4395 | 학습: 83.3% | 검증: 79.5% | lr: 2.00e-03 | 0.3s
  에폭 420/2000 | 손실: 0.4465 | 학습: 83.5% | 검증: 79.8% | lr: 2.00e-03 | 0.3s
  에폭 421/2000 | 손실: 0.4353 | 학습: 83.1% | 검증: 79.7% | lr: 2.00e-03 | 0.3s
  에폭 422/2000 | 손실: 0.4428 | 학습: 83.5% | 검증: 79.3% | lr: 2.00e-03 | 0.3s
  에폭 423/2000 | 손실: 0.4450 | 학습: 83.8% | 검증: 79.5% | lr: 2.00e-03 | 0.3s
  에폭 424/2000 | 손실: 0.4411 | 학습: 83.4% | 검증: 79.3% | lr: 2.00e-03 | 0.3s
  에폭 425/2000 | 손실: 0.4447 | 학습: 83.4% | 검증: 79.5% | lr: 2.00e-03 | 0.3s
  에폭 426/2000 | 손실: 0.4393 | 학습: 83.6% | 검증: 79.6% | lr: 2.00e-03 | 0.3s
  에폭 427/2000 | 손실: 0.4439 | 학습: 83.5% | 검증: 79.6% | lr: 2.00e-03 | 0.3s
  에폭 428/2000 | 손실: 0.4430 | 학습: 83.9% | 검증: 79.4% | lr: 2.00e-03 | 0.3s
  에폭 429/2000 | 손실: 0.4430 | 학습: 83.6% | 검증: 79.6% | lr: 2.00e-03 | 0.3s
  에폭 430/2000 | 손실: 0.4419 | 학습: 83.8% | 검증: 79.6% | lr: 2.00e-03 | 0.3s
  에폭 431/2000 | 손실: 0.4418 | 학습: 83.7% | 검증: 79.3% | lr: 2.00e-03 | 0.3s
  에폭 432/2000 | 손실: 0.4461 | 학습: 83.6% | 검증: 79.6% | lr: 2.00e-03 | 0.3s
  에폭 433/2000 | 손실: 0.4406 | 학습: 83.7% | 검증: 79.8% | lr: 2.00e-03 | 0.3s
  에폭 434/2000 | 손실: 0.4455 | 학습: 83.7% | 검증: 79.8% | lr: 2.00e-03 | 0.3s
  에폭 435/2000 | 손실: 0.4391 | 학습: 83.6% | 검증: 80.0% | lr: 2.00e-03 | 0.3s
  에폭 436/2000 | 손실: 0.4372 | 학습: 83.9% | 검증: 79.9% | lr: 2.00e-03 | 0.3s
  에폭 437/2000 | 손실: 0.4389 | 학습: 83.5% | 검증: 79.8% | lr: 2.00e-03 | 0.3s
  에폭 438/2000 | 손실: 0.4374 | 학습: 84.1% | 검증: 79.5% | lr: 2.00e-03 | 0.3s
  에폭 439/2000 | 손실: 0.4416 | 학습: 84.0% | 검증: 79.7% | lr: 2.00e-03 | 0.3s
  에폭 440/2000 | 손실: 0.4401 | 학습: 83.8% | 검증: 80.3% | lr: 2.00e-03 | 0.3s ★
  에폭 441/2000 | 손실: 0.4378 | 학습: 83.2% | 검증: 79.5% | lr: 2.00e-03 | 0.3s
  에폭 442/2000 | 손실: 0.4358 | 학습: 83.8% | 검증: 79.6% | lr: 2.00e-03 | 0.3s
  에폭 443/2000 | 손실: 0.4419 | 학습: 83.9% | 검증: 79.8% | lr: 2.00e-03 | 0.3s
  에폭 444/2000 | 손실: 0.4392 | 학습: 83.2% | 검증: 79.8% | lr: 2.00e-03 | 0.3s
  에폭 445/2000 | 손실: 0.4365 | 학습: 84.0% | 검증: 79.8% | lr: 2.00e-03 | 0.3s
  에폭 446/2000 | 손실: 0.4390 | 학습: 84.2% | 검증: 79.9% | lr: 2.00e-03 | 0.3s
  에폭 447/2000 | 손실: 0.4413 | 학습: 83.4% | 검증: 79.7% | lr: 2.00e-03 | 0.3s
  에폭 448/2000 | 손실: 0.4403 | 학습: 83.8% | 검증: 80.0% | lr: 2.00e-03 | 0.3s
  에폭 449/2000 | 손실: 0.4375 | 학습: 83.9% | 검증: 79.8% | lr: 2.00e-03 | 0.3s
  에폭 450/2000 | 손실: 0.4396 | 학습: 83.9% | 검증: 80.0% | lr: 2.00e-03 | 0.3s
  에폭 451/2000 | 손실: 0.4389 | 학습: 83.3% | 검증: 79.6% | lr: 2.00e-03 | 0.3s
  에폭 452/2000 | 손실: 0.4399 | 학습: 83.6% | 검증: 80.0% | lr: 2.00e-03 | 0.3s
  에폭 453/2000 | 손실: 0.4381 | 학습: 84.1% | 검증: 80.2% | lr: 2.00e-03 | 0.3s
  에폭 454/2000 | 손실: 0.4356 | 학습: 83.8% | 검증: 79.9% | lr: 2.00e-03 | 0.3s
  에폭 455/2000 | 손실: 0.4375 | 학습: 83.6% | 검증: 79.9% | lr: 2.00e-03 | 0.3s
  에폭 456/2000 | 손실: 0.4407 | 학습: 83.4% | 검증: 79.7% | lr: 2.00e-03 | 0.3s
  에폭 457/2000 | 손실: 0.4386 | 학습: 83.9% | 검증: 80.2% | lr: 2.00e-03 | 0.3s
  에폭 458/2000 | 손실: 0.4378 | 학습: 84.2% | 검증: 79.9% | lr: 2.00e-03 | 0.3s
  에폭 459/2000 | 손실: 0.4401 | 학습: 83.7% | 검증: 80.3% | lr: 2.00e-03 | 0.3s
  에폭 460/2000 | 손실: 0.4414 | 학습: 83.7% | 검증: 80.4% | lr: 2.00e-03 | 0.3s ★
  에폭 461/2000 | 손실: 0.4415 | 학습: 83.6% | 검증: 79.8% | lr: 2.00e-03 | 0.3s
  에폭 462/2000 | 손실: 0.4411 | 학습: 84.1% | 검증: 80.0% | lr: 2.00e-03 | 0.3s
  에폭 463/2000 | 손실: 0.4415 | 학습: 84.2% | 검증: 80.3% | lr: 2.00e-03 | 0.3s
  에폭 464/2000 | 손실: 0.4429 | 학습: 84.0% | 검증: 80.1% | lr: 2.00e-03 | 0.3s
  에폭 465/2000 | 손실: 0.4420 | 학습: 84.2% | 검증: 79.9% | lr: 2.00e-03 | 0.3s
  에폭 466/2000 | 손실: 0.4448 | 학습: 83.8% | 검증: 79.9% | lr: 2.00e-03 | 0.3s
  에폭 467/2000 | 손실: 0.4407 | 학습: 83.4% | 검증: 79.6% | lr: 2.00e-03 | 0.3s
  에폭 468/2000 | 손실: 0.4370 | 학습: 83.8% | 검증: 79.7% | lr: 2.00e-03 | 0.3s
  에폭 469/2000 | 손실: 0.4412 | 학습: 84.0% | 검증: 79.9% | lr: 2.00e-03 | 0.3s
  에폭 470/2000 | 손실: 0.4372 | 학습: 83.8% | 검증: 79.5% | lr: 2.00e-03 | 0.3s
  에폭 471/2000 | 손실: 0.4397 | 학습: 83.6% | 검증: 80.0% | lr: 2.00e-03 | 0.3s
  에폭 472/2000 | 손실: 0.4374 | 학습: 83.7% | 검증: 80.0% | lr: 1.00e-03 | 0.3s
  에폭 473/2000 | 손실: 0.4360 | 학습: 84.3% | 검증: 80.3% | lr: 1.00e-03 | 0.3s
  에폭 474/2000 | 손실: 0.4315 | 학습: 84.2% | 검증: 80.1% | lr: 1.00e-03 | 0.3s
  에폭 475/2000 | 손실: 0.4341 | 학습: 84.1% | 검증: 80.3% | lr: 1.00e-03 | 0.3s
  에폭 476/2000 | 손실: 0.4264 | 학습: 84.2% | 검증: 80.1% | lr: 1.00e-03 | 0.3s
  에폭 477/2000 | 손실: 0.4281 | 학습: 84.3% | 검증: 80.2% | lr: 1.00e-03 | 0.3s
  에폭 478/2000 | 손실: 0.4284 | 학습: 84.2% | 검증: 80.3% | lr: 1.00e-03 | 0.3s
  에폭 479/2000 | 손실: 0.4313 | 학습: 84.2% | 검증: 80.1% | lr: 1.00e-03 | 0.3s
  에폭 480/2000 | 손실: 0.4320 | 학습: 84.3% | 검증: 79.8% | lr: 1.00e-03 | 0.3s
  에폭 481/2000 | 손실: 0.4292 | 학습: 84.2% | 검증: 80.1% | lr: 1.00e-03 | 0.3s
  에폭 482/2000 | 손실: 0.4300 | 학습: 84.0% | 검증: 80.5% | lr: 1.00e-03 | 0.3s ★
  에폭 483/2000 | 손실: 0.4275 | 학습: 84.2% | 검증: 80.6% | lr: 1.00e-03 | 0.3s ★
  에폭 484/2000 | 손실: 0.4314 | 학습: 84.4% | 검증: 80.2% | lr: 1.00e-03 | 0.3s
  에폭 485/2000 | 손실: 0.4291 | 학습: 84.4% | 검증: 80.7% | lr: 1.00e-03 | 0.3s ★
  에폭 486/2000 | 손실: 0.4322 | 학습: 84.4% | 검증: 80.1% | lr: 1.00e-03 | 0.3s
  에폭 487/2000 | 손실: 0.4288 | 학습: 84.4% | 검증: 80.3% | lr: 1.00e-03 | 0.3s
  에폭 488/2000 | 손실: 0.4329 | 학습: 84.4% | 검증: 80.4% | lr: 1.00e-03 | 0.3s
  에폭 489/2000 | 손실: 0.4328 | 학습: 84.7% | 검증: 80.5% | lr: 1.00e-03 | 0.3s
  에폭 490/2000 | 손실: 0.4333 | 학습: 84.7% | 검증: 80.5% | lr: 1.00e-03 | 0.3s
  에폭 491/2000 | 손실: 0.4291 | 학습: 84.5% | 검증: 80.8% | lr: 1.00e-03 | 0.3s ★
  에폭 492/2000 | 손실: 0.4313 | 학습: 84.4% | 검증: 80.6% | lr: 1.00e-03 | 0.3s
  에폭 493/2000 | 손실: 0.4265 | 학습: 84.4% | 검증: 80.4% | lr: 1.00e-03 | 0.3s
  에폭 494/2000 | 손실: 0.4297 | 학습: 84.5% | 검증: 80.6% | lr: 1.00e-03 | 0.3s
  에폭 495/2000 | 손실: 0.4309 | 학습: 84.3% | 검증: 80.3% | lr: 1.00e-03 | 0.3s
  에폭 496/2000 | 손실: 0.4270 | 학습: 84.6% | 검증: 80.4% | lr: 1.00e-03 | 0.3s
  에폭 497/2000 | 손실: 0.4321 | 학습: 84.1% | 검증: 80.1% | lr: 1.00e-03 | 0.3s
  에폭 498/2000 | 손실: 0.4315 | 학습: 84.6% | 검증: 80.3% | lr: 1.00e-03 | 0.3s
  에폭 499/2000 | 손실: 0.4329 | 학습: 84.5% | 검증: 80.4% | lr: 1.00e-03 | 0.3s
  에폭 500/2000 | 손실: 0.4313 | 학습: 84.3% | 검증: 80.0% | lr: 1.00e-03 | 0.3s
  에폭 501/2000 | 손실: 0.4300 | 학습: 84.2% | 검증: 80.3% | lr: 1.00e-03 | 0.3s
  에폭 502/2000 | 손실: 0.4302 | 학습: 84.5% | 검증: 80.3% | lr: 1.00e-03 | 0.3s
  에폭 503/2000 | 손실: 0.4322 | 학습: 84.4% | 검증: 80.3% | lr: 1.00e-03 | 0.3s
  에폭 504/2000 | 손실: 0.4283 | 학습: 84.7% | 검증: 80.6% | lr: 1.00e-03 | 0.3s
  에폭 505/2000 | 손실: 0.4317 | 학습: 84.2% | 검증: 79.7% | lr: 1.00e-03 | 0.3s
  에폭 506/2000 | 손실: 0.4305 | 학습: 84.6% | 검증: 80.2% | lr: 1.00e-03 | 0.3s
  에폭 507/2000 | 손실: 0.4321 | 학습: 84.7% | 검증: 80.3% | lr: 1.00e-03 | 0.3s
  에폭 508/2000 | 손실: 0.4312 | 학습: 84.6% | 검증: 80.6% | lr: 1.00e-03 | 0.3s
  에폭 509/2000 | 손실: 0.4348 | 학습: 84.6% | 검증: 80.3% | lr: 1.00e-03 | 0.3s
  에폭 510/2000 | 손실: 0.4285 | 학습: 84.5% | 검증: 80.6% | lr: 1.00e-03 | 0.3s
  에폭 511/2000 | 손실: 0.4275 | 학습: 84.5% | 검증: 80.6% | lr: 1.00e-03 | 0.3s
  에폭 512/2000 | 손실: 0.4320 | 학습: 84.4% | 검증: 80.9% | lr: 1.00e-03 | 0.3s ★
  에폭 513/2000 | 손실: 0.4271 | 학습: 84.4% | 검증: 80.7% | lr: 1.00e-03 | 0.3s
  에폭 514/2000 | 손실: 0.4362 | 학습: 84.8% | 검증: 80.6% | lr: 1.00e-03 | 0.3s
  에폭 515/2000 | 손실: 0.4358 | 학습: 84.7% | 검증: 80.4% | lr: 1.00e-03 | 0.3s
  에폭 516/2000 | 손실: 0.4321 | 학습: 84.7% | 검증: 80.7% | lr: 1.00e-03 | 0.3s
  에폭 517/2000 | 손실: 0.4303 | 학습: 84.2% | 검증: 80.3% | lr: 1.00e-03 | 0.3s
  에폭 518/2000 | 손실: 0.4319 | 학습: 84.7% | 검증: 80.4% | lr: 1.00e-03 | 0.3s
  에폭 519/2000 | 손실: 0.4291 | 학습: 84.3% | 검증: 80.3% | lr: 1.00e-03 | 0.3s
  에폭 520/2000 | 손실: 0.4324 | 학습: 84.7% | 검증: 80.4% | lr: 1.00e-03 | 0.3s
  에폭 521/2000 | 손실: 0.4357 | 학습: 84.1% | 검증: 80.2% | lr: 1.00e-03 | 0.3s
  에폭 522/2000 | 손실: 0.4308 | 학습: 84.4% | 검증: 80.2% | lr: 1.00e-03 | 0.3s
  에폭 523/2000 | 손실: 0.4306 | 학습: 84.6% | 검증: 80.3% | lr: 1.00e-03 | 0.3s
  에폭 524/2000 | 손실: 0.4286 | 학습: 84.4% | 검증: 80.5% | lr: 1.00e-03 | 0.3s
  에폭 525/2000 | 손실: 0.4274 | 학습: 84.6% | 검증: 80.5% | lr: 1.00e-03 | 0.3s
  에폭 526/2000 | 손실: 0.4302 | 학습: 84.3% | 검증: 80.5% | lr: 1.00e-03 | 0.3s
  에폭 527/2000 | 손실: 0.4308 | 학습: 84.4% | 검증: 80.5% | lr: 5.00e-04 | 0.3s
  에폭 528/2000 | 손실: 0.4254 | 학습: 84.7% | 검증: 80.5% | lr: 5.00e-04 | 0.3s
  에폭 529/2000 | 손실: 0.4284 | 학습: 84.9% | 검증: 80.7% | lr: 5.00e-04 | 0.3s
  에폭 530/2000 | 손실: 0.4282 | 학습: 84.7% | 검증: 80.7% | lr: 5.00e-04 | 0.3s
  에폭 531/2000 | 손실: 0.4245 | 학습: 84.9% | 검증: 80.4% | lr: 5.00e-04 | 0.3s
  에폭 532/2000 | 손실: 0.4291 | 학습: 85.1% | 검증: 80.6% | lr: 5.00e-04 | 0.3s
  에폭 533/2000 | 손실: 0.4278 | 학습: 84.9% | 검증: 80.7% | lr: 5.00e-04 | 0.3s
  에폭 534/2000 | 손실: 0.4215 | 학습: 84.9% | 검증: 80.7% | lr: 5.00e-04 | 0.3s
  에폭 535/2000 | 손실: 0.4253 | 학습: 84.8% | 검증: 80.8% | lr: 5.00e-04 | 0.3s
  에폭 536/2000 | 손실: 0.4251 | 학습: 84.8% | 검증: 80.8% | lr: 5.00e-04 | 0.3s
  에폭 537/2000 | 손실: 0.4278 | 학습: 84.9% | 검증: 80.8% | lr: 5.00e-04 | 0.3s
  에폭 538/2000 | 손실: 0.4289 | 학습: 84.9% | 검증: 80.9% | lr: 5.00e-04 | 0.3s ★
  에폭 539/2000 | 손실: 0.4236 | 학습: 84.7% | 검증: 80.5% | lr: 5.00e-04 | 0.3s
  에폭 540/2000 | 손실: 0.4269 | 학습: 85.0% | 검증: 80.9% | lr: 5.00e-04 | 0.3s
  에폭 541/2000 | 손실: 0.4276 | 학습: 84.9% | 검증: 80.7% | lr: 5.00e-04 | 0.3s
  에폭 542/2000 | 손실: 0.4261 | 학습: 85.0% | 검증: 80.9% | lr: 5.00e-04 | 0.3s
  에폭 543/2000 | 손실: 0.4270 | 학습: 85.0% | 검증: 80.7% | lr: 5.00e-04 | 0.3s
  에폭 544/2000 | 손실: 0.4230 | 학습: 84.6% | 검증: 80.7% | lr: 5.00e-04 | 0.3s
  에폭 545/2000 | 손실: 0.4213 | 학습: 84.9% | 검증: 80.4% | lr: 5.00e-04 | 0.3s
  에폭 546/2000 | 손실: 0.4259 | 학습: 84.7% | 검증: 80.7% | lr: 5.00e-04 | 0.3s
  에폭 547/2000 | 손실: 0.4237 | 학습: 84.7% | 검증: 80.9% | lr: 5.00e-04 | 0.3s
  에폭 548/2000 | 손실: 0.4232 | 학습: 84.7% | 검증: 80.4% | lr: 5.00e-04 | 0.3s
  에폭 549/2000 | 손실: 0.4270 | 학습: 84.5% | 검증: 80.5% | lr: 5.00e-04 | 0.3s
  에폭 550/2000 | 손실: 0.4238 | 학습: 84.8% | 검증: 80.9% | lr: 5.00e-04 | 0.3s
  에폭 551/2000 | 손실: 0.4255 | 학습: 84.8% | 검증: 81.1% | lr: 5.00e-04 | 0.3s ★
  에폭 552/2000 | 손실: 0.4247 | 학습: 84.7% | 검증: 80.8% | lr: 5.00e-04 | 0.3s
  에폭 553/2000 | 손실: 0.4208 | 학습: 84.9% | 검증: 80.8% | lr: 5.00e-04 | 0.3s
  에폭 554/2000 | 손실: 0.4302 | 학습: 84.7% | 검증: 80.9% | lr: 5.00e-04 | 0.3s
  에폭 555/2000 | 손실: 0.4248 | 학습: 84.9% | 검증: 80.9% | lr: 5.00e-04 | 0.3s
  에폭 556/2000 | 손실: 0.4259 | 학습: 84.9% | 검증: 80.7% | lr: 5.00e-04 | 0.3s
  에폭 557/2000 | 손실: 0.4214 | 학습: 84.8% | 검증: 80.6% | lr: 5.00e-04 | 0.3s
  에폭 558/2000 | 손실: 0.4233 | 학습: 85.0% | 검증: 80.2% | lr: 5.00e-04 | 0.4s
  에폭 559/2000 | 손실: 0.4260 | 학습: 85.0% | 검증: 80.5% | lr: 5.00e-04 | 0.3s
  에폭 560/2000 | 손실: 0.4284 | 학습: 85.0% | 검증: 80.6% | lr: 5.00e-04 | 0.3s
  에폭 561/2000 | 손실: 0.4257 | 학습: 85.0% | 검증: 80.8% | lr: 5.00e-04 | 0.3s
  에폭 562/2000 | 손실: 0.4241 | 학습: 85.0% | 검증: 80.5% | lr: 5.00e-04 | 0.4s
  에폭 563/2000 | 손실: 0.4286 | 학습: 84.9% | 검증: 80.8% | lr: 5.00e-04 | 0.3s
  에폭 564/2000 | 손실: 0.4235 | 학습: 85.0% | 검증: 80.8% | lr: 5.00e-04 | 0.3s
  에폭 565/2000 | 손실: 0.4235 | 학습: 84.6% | 검증: 80.3% | lr: 5.00e-04 | 0.3s
  에폭 566/2000 | 손실: 0.4232 | 학습: 84.7% | 검증: 80.5% | lr: 5.00e-04 | 0.3s
  에폭 567/2000 | 손실: 0.4270 | 학습: 84.8% | 검증: 80.5% | lr: 5.00e-04 | 0.3s
  에폭 568/2000 | 손실: 0.4202 | 학습: 84.7% | 검증: 80.7% | lr: 5.00e-04 | 0.3s
  에폭 569/2000 | 손실: 0.4246 | 학습: 85.0% | 검증: 80.8% | lr: 5.00e-04 | 0.3s
  에폭 570/2000 | 손실: 0.4223 | 학습: 84.9% | 검증: 80.5% | lr: 5.00e-04 | 0.3s
  에폭 571/2000 | 손실: 0.4294 | 학습: 84.9% | 검증: 80.5% | lr: 5.00e-04 | 0.3s
  에폭 572/2000 | 손실: 0.4254 | 학습: 84.9% | 검증: 80.7% | lr: 5.00e-04 | 0.3s
  에폭 573/2000 | 손실: 0.4238 | 학습: 85.0% | 검증: 80.6% | lr: 5.00e-04 | 0.3s
  에폭 574/2000 | 손실: 0.4272 | 학습: 84.8% | 검증: 80.5% | lr: 5.00e-04 | 0.3s
  에폭 575/2000 | 손실: 0.4257 | 학습: 84.7% | 검증: 80.6% | lr: 5.00e-04 | 0.3s
  에폭 576/2000 | 손실: 0.4267 | 학습: 84.9% | 검증: 80.9% | lr: 5.00e-04 | 0.3s
  에폭 577/2000 | 손실: 0.4289 | 학습: 84.8% | 검증: 80.6% | lr: 5.00e-04 | 0.3s
  에폭 578/2000 | 손실: 0.4222 | 학습: 84.7% | 검증: 80.7% | lr: 5.00e-04 | 0.3s
  에폭 579/2000 | 손실: 0.4220 | 학습: 85.1% | 검증: 81.1% | lr: 5.00e-04 | 0.3s
  에폭 580/2000 | 손실: 0.4254 | 학습: 84.8% | 검증: 80.7% | lr: 5.00e-04 | 0.3s
  에폭 581/2000 | 손실: 0.4248 | 학습: 85.0% | 검증: 80.9% | lr: 5.00e-04 | 0.3s
  에폭 582/2000 | 손실: 0.4208 | 학습: 85.0% | 검증: 80.8% | lr: 5.00e-04 | 0.3s
  에폭 583/2000 | 손실: 0.4218 | 학습: 85.2% | 검증: 81.0% | lr: 5.00e-04 | 0.3s
  에폭 584/2000 | 손실: 0.4202 | 학습: 84.9% | 검증: 80.6% | lr: 5.00e-04 | 0.3s
  에폭 585/2000 | 손실: 0.4232 | 학습: 84.8% | 검증: 80.6% | lr: 5.00e-04 | 0.3s
  에폭 586/2000 | 손실: 0.4216 | 학습: 84.8% | 검증: 80.4% | lr: 5.00e-04 | 0.3s
  에폭 587/2000 | 손실: 0.4195 | 학습: 85.1% | 검증: 80.8% | lr: 5.00e-04 | 0.3s
  에폭 588/2000 | 손실: 0.4230 | 학습: 84.9% | 검증: 80.7% | lr: 5.00e-04 | 0.3s
  에폭 589/2000 | 손실: 0.4239 | 학습: 85.1% | 검증: 81.0% | lr: 5.00e-04 | 0.3s
  에폭 590/2000 | 손실: 0.4242 | 학습: 84.9% | 검증: 80.7% | lr: 5.00e-04 | 0.3s
  에폭 591/2000 | 손실: 0.4268 | 학습: 85.0% | 검증: 80.7% | lr: 5.00e-04 | 0.3s
  에폭 592/2000 | 손실: 0.4258 | 학습: 85.1% | 검증: 81.2% | lr: 5.00e-04 | 0.3s ★
  에폭 593/2000 | 손실: 0.4210 | 학습: 85.1% | 검증: 81.2% | lr: 5.00e-04 | 0.3s ★
  에폭 594/2000 | 손실: 0.4269 | 학습: 85.0% | 검증: 80.7% | lr: 5.00e-04 | 0.3s
  에폭 595/2000 | 손실: 0.4253 | 학습: 84.9% | 검증: 80.8% | lr: 5.00e-04 | 0.3s
  에폭 596/2000 | 손실: 0.4234 | 학습: 85.2% | 검증: 80.8% | lr: 5.00e-04 | 0.3s
  에폭 597/2000 | 손실: 0.4270 | 학습: 84.9% | 검증: 80.7% | lr: 5.00e-04 | 0.3s
  에폭 598/2000 | 손실: 0.4209 | 학습: 85.3% | 검증: 80.8% | lr: 5.00e-04 | 0.3s
  에폭 599/2000 | 손실: 0.4249 | 학습: 85.1% | 검증: 80.7% | lr: 5.00e-04 | 0.3s
  에폭 600/2000 | 손실: 0.4185 | 학습: 85.1% | 검증: 80.7% | lr: 5.00e-04 | 0.3s
  에폭 601/2000 | 손실: 0.4257 | 학습: 85.2% | 검증: 80.9% | lr: 5.00e-04 | 0.3s
  에폭 602/2000 | 손실: 0.4217 | 학습: 85.1% | 검증: 80.9% | lr: 5.00e-04 | 0.3s
  에폭 603/2000 | 손실: 0.4285 | 학습: 85.0% | 검증: 81.0% | lr: 5.00e-04 | 0.3s
  에폭 604/2000 | 손실: 0.4267 | 학습: 84.8% | 검증: 80.7% | lr: 5.00e-04 | 0.3s
  에폭 605/2000 | 손실: 0.4315 | 학습: 85.1% | 검증: 81.2% | lr: 5.00e-04 | 0.3s ★
  에폭 606/2000 | 손실: 0.4201 | 학습: 85.2% | 검증: 80.8% | lr: 5.00e-04 | 0.3s
  에폭 607/2000 | 손실: 0.4216 | 학습: 85.2% | 검증: 81.1% | lr: 5.00e-04 | 0.3s
  에폭 608/2000 | 손실: 0.4271 | 학습: 85.3% | 검증: 81.0% | lr: 5.00e-04 | 0.3s
  에폭 609/2000 | 손실: 0.4213 | 학습: 85.1% | 검증: 81.2% | lr: 5.00e-04 | 0.3s
  에폭 610/2000 | 손실: 0.4255 | 학습: 85.0% | 검증: 80.9% | lr: 5.00e-04 | 0.3s
  에폭 611/2000 | 손실: 0.4228 | 학습: 85.2% | 검증: 81.1% | lr: 5.00e-04 | 0.3s
  에폭 612/2000 | 손실: 0.4234 | 학습: 85.3% | 검증: 80.9% | lr: 5.00e-04 | 0.3s
  에폭 613/2000 | 손실: 0.4235 | 학습: 85.2% | 검증: 80.8% | lr: 5.00e-04 | 0.3s
  에폭 614/2000 | 손실: 0.4265 | 학습: 85.2% | 검증: 81.3% | lr: 5.00e-04 | 0.3s ★
  에폭 615/2000 | 손실: 0.4272 | 학습: 85.1% | 검증: 80.6% | lr: 5.00e-04 | 0.3s
  에폭 616/2000 | 손실: 0.4236 | 학습: 85.2% | 검증: 80.9% | lr: 5.00e-04 | 0.3s
  에폭 617/2000 | 손실: 0.4246 | 학습: 85.0% | 검증: 81.2% | lr: 5.00e-04 | 0.3s
  에폭 618/2000 | 손실: 0.4234 | 학습: 84.8% | 검증: 80.8% | lr: 5.00e-04 | 0.3s
  에폭 619/2000 | 손실: 0.4226 | 학습: 85.0% | 검증: 80.4% | lr: 5.00e-04 | 0.3s
  에폭 620/2000 | 손실: 0.4240 | 학습: 85.1% | 검증: 80.9% | lr: 5.00e-04 | 0.3s
  에폭 621/2000 | 손실: 0.4260 | 학습: 85.2% | 검증: 80.6% | lr: 5.00e-04 | 0.3s
  에폭 622/2000 | 손실: 0.4231 | 학습: 85.0% | 검증: 80.8% | lr: 5.00e-04 | 0.3s
  에폭 623/2000 | 손실: 0.4167 | 학습: 85.0% | 검증: 81.0% | lr: 5.00e-04 | 0.3s
  에폭 624/2000 | 손실: 0.4257 | 학습: 84.9% | 검증: 80.5% | lr: 5.00e-04 | 0.3s
  에폭 625/2000 | 손실: 0.4222 | 학습: 85.0% | 검증: 80.9% | lr: 5.00e-04 | 0.3s
  에폭 626/2000 | 손실: 0.4250 | 학습: 85.0% | 검증: 80.7% | lr: 5.00e-04 | 0.3s
  에폭 627/2000 | 손실: 0.4216 | 학습: 85.2% | 검증: 81.1% | lr: 5.00e-04 | 0.3s
  에폭 628/2000 | 손실: 0.4271 | 학습: 84.9% | 검증: 81.0% | lr: 5.00e-04 | 0.3s
  에폭 629/2000 | 손실: 0.4221 | 학습: 85.0% | 검증: 80.6% | lr: 5.00e-04 | 0.3s
  에폭 630/2000 | 손실: 0.4192 | 학습: 85.0% | 검증: 80.6% | lr: 5.00e-04 | 0.3s
  에폭 631/2000 | 손실: 0.4248 | 학습: 85.1% | 검증: 80.6% | lr: 5.00e-04 | 0.3s
  에폭 632/2000 | 손실: 0.4263 | 학습: 85.2% | 검증: 80.8% | lr: 5.00e-04 | 0.3s
  에폭 633/2000 | 손실: 0.4201 | 학습: 84.9% | 검증: 81.0% | lr: 5.00e-04 | 0.3s
  에폭 634/2000 | 손실: 0.4214 | 학습: 85.1% | 검증: 80.5% | lr: 5.00e-04 | 0.3s
  에폭 635/2000 | 손실: 0.4256 | 학습: 85.0% | 검증: 80.7% | lr: 5.00e-04 | 0.3s
  에폭 636/2000 | 손실: 0.4253 | 학습: 84.9% | 검증: 81.0% | lr: 5.00e-04 | 0.3s
  에폭 637/2000 | 손실: 0.4207 | 학습: 85.1% | 검증: 81.1% | lr: 5.00e-04 | 0.3s
  에폭 638/2000 | 손실: 0.4237 | 학습: 85.0% | 검증: 80.8% | lr: 5.00e-04 | 0.3s
  에폭 639/2000 | 손실: 0.4222 | 학습: 85.2% | 검증: 80.7% | lr: 5.00e-04 | 0.3s
  에폭 640/2000 | 손실: 0.4313 | 학습: 85.1% | 검증: 80.7% | lr: 5.00e-04 | 0.3s
  에폭 641/2000 | 손실: 0.4250 | 학습: 85.2% | 검증: 80.8% | lr: 5.00e-04 | 0.3s
  에폭 642/2000 | 손실: 0.4218 | 학습: 85.2% | 검증: 81.2% | lr: 5.00e-04 | 0.3s
  에폭 643/2000 | 손실: 0.4260 | 학습: 85.2% | 검증: 80.9% | lr: 5.00e-04 | 0.4s
  에폭 644/2000 | 손실: 0.4239 | 학습: 85.1% | 검증: 81.1% | lr: 5.00e-04 | 0.4s
  에폭 645/2000 | 손실: 0.4269 | 학습: 84.8% | 검증: 80.6% | lr: 5.00e-04 | 0.3s
  에폭 646/2000 | 손실: 0.4242 | 학습: 84.8% | 검증: 80.8% | lr: 5.00e-04 | 0.5s
  에폭 647/2000 | 손실: 0.4313 | 학습: 85.1% | 검증: 80.8% | lr: 5.00e-04 | 0.4s
  에폭 648/2000 | 손실: 0.4225 | 학습: 85.2% | 검증: 80.6% | lr: 5.00e-04 | 0.3s
  에폭 649/2000 | 손실: 0.4175 | 학습: 85.0% | 검증: 80.7% | lr: 5.00e-04 | 0.4s
  에폭 650/2000 | 손실: 0.4229 | 학습: 85.2% | 검증: 80.8% | lr: 5.00e-04 | 0.3s
  에폭 651/2000 | 손실: 0.4248 | 학습: 85.1% | 검증: 80.8% | lr: 5.00e-04 | 0.3s
  에폭 652/2000 | 손실: 0.4267 | 학습: 84.8% | 검증: 80.7% | lr: 5.00e-04 | 0.3s
  에폭 653/2000 | 손실: 0.4258 | 학습: 85.1% | 검증: 80.9% | lr: 5.00e-04 | 0.4s
  에폭 654/2000 | 손실: 0.4237 | 학습: 85.2% | 검증: 81.2% | lr: 5.00e-04 | 0.3s
  에폭 655/2000 | 손실: 0.4235 | 학습: 84.9% | 검증: 80.6% | lr: 5.00e-04 | 0.3s
  에폭 656/2000 | 손실: 0.4201 | 학습: 85.3% | 검증: 80.7% | lr: 5.00e-04 | 0.3s
  에폭 657/2000 | 손실: 0.4248 | 학습: 85.1% | 검증: 80.9% | lr: 5.00e-04 | 0.3s
  에폭 658/2000 | 손실: 0.4213 | 학습: 84.9% | 검증: 80.7% | lr: 5.00e-04 | 0.3s
  에폭 659/2000 | 손실: 0.4182 | 학습: 85.3% | 검증: 80.9% | lr: 5.00e-04 | 0.3s
  에폭 660/2000 | 손실: 0.4269 | 학습: 84.8% | 검증: 80.8% | lr: 5.00e-04 | 0.3s
  에폭 661/2000 | 손실: 0.4204 | 학습: 85.1% | 검증: 80.9% | lr: 5.00e-04 | 0.3s
  에폭 662/2000 | 손실: 0.4236 | 학습: 85.1% | 검증: 81.0% | lr: 5.00e-04 | 0.3s
  에폭 663/2000 | 손실: 0.4273 | 학습: 85.1% | 검증: 80.9% | lr: 5.00e-04 | 0.5s
  에폭 664/2000 | 손실: 0.4226 | 학습: 85.2% | 검증: 81.0% | lr: 5.00e-04 | 0.3s
  에폭 665/2000 | 손실: 0.4240 | 학습: 85.0% | 검증: 81.3% | lr: 5.00e-04 | 0.3s
  에폭 666/2000 | 손실: 0.4207 | 학습: 85.0% | 검증: 80.8% | lr: 5.00e-04 | 0.3s
  에폭 667/2000 | 손실: 0.4269 | 학습: 85.1% | 검증: 81.0% | lr: 5.00e-04 | 0.3s
  에폭 668/2000 | 손실: 0.4221 | 학습: 85.1% | 검증: 80.7% | lr: 5.00e-04 | 0.3s
  에폭 669/2000 | 손실: 0.4228 | 학습: 85.2% | 검증: 81.0% | lr: 5.00e-04 | 0.3s
  에폭 670/2000 | 손실: 0.4222 | 학습: 85.3% | 검증: 81.1% | lr: 5.00e-04 | 0.3s
  에폭 671/2000 | 손실: 0.4207 | 학습: 85.3% | 검증: 81.0% | lr: 5.00e-04 | 0.3s
  에폭 672/2000 | 손실: 0.4230 | 학습: 85.2% | 검증: 80.9% | lr: 5.00e-04 | 0.3s
  에폭 673/2000 | 손실: 0.4275 | 학습: 85.4% | 검증: 81.1% | lr: 5.00e-04 | 0.3s
  에폭 674/2000 | 손실: 0.4221 | 학습: 85.3% | 검증: 80.9% | lr: 2.50e-04 | 0.3s
  에폭 675/2000 | 손실: 0.4179 | 학습: 85.1% | 검증: 80.7% | lr: 2.50e-04 | 0.3s
  에폭 676/2000 | 손실: 0.4266 | 학습: 85.0% | 검증: 80.7% | lr: 2.50e-04 | 0.3s
  에폭 677/2000 | 손실: 0.4228 | 학습: 85.4% | 검증: 80.8% | lr: 2.50e-04 | 0.3s
  에폭 678/2000 | 손실: 0.4199 | 학습: 85.2% | 검증: 80.5% | lr: 2.50e-04 | 0.3s
  에폭 679/2000 | 손실: 0.4208 | 학습: 85.1% | 검증: 80.8% | lr: 2.50e-04 | 0.3s
  에폭 680/2000 | 손실: 0.4174 | 학습: 85.1% | 검증: 81.2% | lr: 2.50e-04 | 0.3s
  에폭 681/2000 | 손실: 0.4196 | 학습: 85.2% | 검증: 80.9% | lr: 2.50e-04 | 0.3s
  에폭 682/2000 | 손실: 0.4188 | 학습: 85.2% | 검증: 81.0% | lr: 2.50e-04 | 0.3s
  에폭 683/2000 | 손실: 0.4218 | 학습: 85.3% | 검증: 80.8% | lr: 2.50e-04 | 0.3s
  에폭 684/2000 | 손실: 0.4212 | 학습: 85.3% | 검증: 81.1% | lr: 2.50e-04 | 0.3s
  에폭 685/2000 | 손실: 0.4232 | 학습: 85.4% | 검증: 81.3% | lr: 2.50e-04 | 0.3s
  에폭 686/2000 | 손실: 0.4208 | 학습: 85.2% | 검증: 81.1% | lr: 2.50e-04 | 0.3s
  에폭 687/2000 | 손실: 0.4225 | 학습: 85.4% | 검증: 81.0% | lr: 2.50e-04 | 0.3s
  에폭 688/2000 | 손실: 0.4213 | 학습: 85.4% | 검증: 81.3% | lr: 2.50e-04 | 0.3s
  에폭 689/2000 | 손실: 0.4234 | 학습: 85.3% | 검증: 81.2% | lr: 2.50e-04 | 0.3s
  에폭 690/2000 | 손실: 0.4194 | 학습: 85.1% | 검증: 80.8% | lr: 2.50e-04 | 0.3s
  에폭 691/2000 | 손실: 0.4205 | 학습: 85.4% | 검증: 81.2% | lr: 2.50e-04 | 0.3s
  에폭 692/2000 | 손실: 0.4235 | 학습: 85.3% | 검증: 81.1% | lr: 2.50e-04 | 0.3s
  에폭 693/2000 | 손실: 0.4226 | 학습: 85.3% | 검증: 81.0% | lr: 2.50e-04 | 0.3s
  에폭 694/2000 | 손실: 0.4237 | 학습: 85.2% | 검증: 81.0% | lr: 2.50e-04 | 0.3s
  에폭 695/2000 | 손실: 0.4190 | 학습: 85.3% | 검증: 81.2% | lr: 2.50e-04 | 0.3s
  에폭 696/2000 | 손실: 0.4241 | 학습: 85.3% | 검증: 80.7% | lr: 2.50e-04 | 0.3s
  에폭 697/2000 | 손실: 0.4207 | 학습: 85.5% | 검증: 80.9% | lr: 2.50e-04 | 0.3s
  에폭 698/2000 | 손실: 0.4193 | 학습: 85.1% | 검증: 80.7% | lr: 2.50e-04 | 0.3s
  에폭 699/2000 | 손실: 0.4216 | 학습: 85.4% | 검증: 81.0% | lr: 2.50e-04 | 0.3s
  에폭 700/2000 | 손실: 0.4191 | 학습: 85.4% | 검증: 81.1% | lr: 2.50e-04 | 0.3s
  에폭 701/2000 | 손실: 0.4218 | 학습: 85.3% | 검증: 81.3% | lr: 2.50e-04 | 0.3s
  에폭 702/2000 | 손실: 0.4214 | 학습: 85.5% | 검증: 81.1% | lr: 2.50e-04 | 0.3s
  에폭 703/2000 | 손실: 0.4217 | 학습: 85.3% | 검증: 81.1% | lr: 2.50e-04 | 0.3s
  에폭 704/2000 | 손실: 0.4160 | 학습: 85.3% | 검증: 80.8% | lr: 2.50e-04 | 0.3s
  에폭 705/2000 | 손실: 0.4210 | 학습: 85.3% | 검증: 80.8% | lr: 2.50e-04 | 0.3s
  에폭 706/2000 | 손실: 0.4210 | 학습: 85.3% | 검증: 81.3% | lr: 2.50e-04 | 0.3s
  에폭 707/2000 | 손실: 0.4211 | 학습: 85.3% | 검증: 81.0% | lr: 2.50e-04 | 0.3s
  에폭 708/2000 | 손실: 0.4193 | 학습: 84.8% | 검증: 81.0% | lr: 2.50e-04 | 0.3s
  에폭 709/2000 | 손실: 0.4223 | 학습: 85.3% | 검증: 81.1% | lr: 2.50e-04 | 0.3s
  에폭 710/2000 | 손실: 0.4220 | 학습: 85.4% | 검증: 81.2% | lr: 2.50e-04 | 0.3s
  에폭 711/2000 | 손실: 0.4224 | 학습: 85.3% | 검증: 80.8% | lr: 2.50e-04 | 0.3s
  에폭 712/2000 | 손실: 0.4192 | 학습: 85.3% | 검증: 81.2% | lr: 2.50e-04 | 0.3s
  에폭 713/2000 | 손실: 0.4196 | 학습: 85.5% | 검증: 81.0% | lr: 2.50e-04 | 0.3s
  에폭 714/2000 | 손실: 0.4190 | 학습: 85.0% | 검증: 80.9% | lr: 2.50e-04 | 0.3s
  에폭 715/2000 | 손실: 0.4206 | 학습: 85.3% | 검증: 81.2% | lr: 2.50e-04 | 0.3s
  에폭 716/2000 | 손실: 0.4236 | 학습: 85.2% | 검증: 81.3% | lr: 2.50e-04 | 0.3s
  에폭 717/2000 | 손실: 0.4213 | 학습: 85.2% | 검증: 80.9% | lr: 2.50e-04 | 0.3s
  에폭 718/2000 | 손실: 0.4179 | 학습: 85.5% | 검증: 81.3% | lr: 2.50e-04 | 0.3s
  에폭 719/2000 | 손실: 0.4174 | 학습: 85.3% | 검증: 80.8% | lr: 2.50e-04 | 0.3s
  에폭 720/2000 | 손실: 0.4178 | 학습: 85.6% | 검증: 81.0% | lr: 2.50e-04 | 0.3s
  에폭 721/2000 | 손실: 0.4185 | 학습: 85.4% | 검증: 80.8% | lr: 2.50e-04 | 0.3s
  에폭 722/2000 | 손실: 0.4212 | 학습: 85.6% | 검증: 81.0% | lr: 2.50e-04 | 0.3s
  에폭 723/2000 | 손실: 0.4221 | 학습: 85.3% | 검증: 80.8% | lr: 2.50e-04 | 0.3s
  에폭 724/2000 | 손실: 0.4199 | 학습: 85.3% | 검증: 80.9% | lr: 2.50e-04 | 0.3s
  에폭 725/2000 | 손실: 0.4183 | 학습: 85.2% | 검증: 81.0% | lr: 2.50e-04 | 0.3s
  에폭 726/2000 | 손실: 0.4202 | 학습: 85.4% | 검증: 81.2% | lr: 2.50e-04 | 0.3s
  에폭 727/2000 | 손실: 0.4250 | 학습: 85.4% | 검증: 81.4% | lr: 2.50e-04 | 0.3s ★
  에폭 728/2000 | 손실: 0.4186 | 학습: 85.4% | 검증: 81.4% | lr: 2.50e-04 | 0.3s ★
  에폭 729/2000 | 손실: 0.4200 | 학습: 85.4% | 검증: 81.1% | lr: 2.50e-04 | 0.3s
  에폭 730/2000 | 손실: 0.4189 | 학습: 85.4% | 검증: 81.2% | lr: 2.50e-04 | 0.3s
  에폭 731/2000 | 손실: 0.4172 | 학습: 85.4% | 검증: 81.0% | lr: 2.50e-04 | 0.3s
  에폭 732/2000 | 손실: 0.4203 | 학습: 85.4% | 검증: 81.2% | lr: 2.50e-04 | 0.3s
  에폭 733/2000 | 손실: 0.4222 | 학습: 85.4% | 검증: 81.2% | lr: 2.50e-04 | 0.3s
  에폭 734/2000 | 손실: 0.4193 | 학습: 85.3% | 검증: 81.1% | lr: 2.50e-04 | 0.3s
  에폭 735/2000 | 손실: 0.4237 | 학습: 85.4% | 검증: 81.2% | lr: 2.50e-04 | 0.3s
  에폭 736/2000 | 손실: 0.4236 | 학습: 85.5% | 검증: 81.0% | lr: 2.50e-04 | 0.3s
  에폭 737/2000 | 손실: 0.4211 | 학습: 85.4% | 검증: 81.3% | lr: 2.50e-04 | 0.3s
  에폭 738/2000 | 손실: 0.4177 | 학습: 85.3% | 검증: 80.9% | lr: 2.50e-04 | 0.3s
  에폭 739/2000 | 손실: 0.4178 | 학습: 85.3% | 검증: 81.1% | lr: 2.50e-04 | 0.3s
  에폭 740/2000 | 손실: 0.4235 | 학습: 85.5% | 검증: 81.2% | lr: 2.50e-04 | 0.3s
  에폭 741/2000 | 손실: 0.4206 | 학습: 85.4% | 검증: 81.4% | lr: 2.50e-04 | 0.3s
  에폭 742/2000 | 손실: 0.4204 | 학습: 85.1% | 검증: 81.4% | lr: 2.50e-04 | 0.3s ★
  에폭 743/2000 | 손실: 0.4213 | 학습: 85.4% | 검증: 81.3% | lr: 2.50e-04 | 0.3s
  에폭 744/2000 | 손실: 0.4163 | 학습: 85.6% | 검증: 81.3% | lr: 2.50e-04 | 0.3s
  에폭 745/2000 | 손실: 0.4179 | 학습: 85.3% | 검증: 81.2% | lr: 2.50e-04 | 0.3s
  에폭 746/2000 | 손실: 0.4216 | 학습: 85.4% | 검증: 81.4% | lr: 2.50e-04 | 0.3s
  에폭 747/2000 | 손실: 0.4179 | 학습: 85.4% | 검증: 81.4% | lr: 2.50e-04 | 0.3s
  에폭 748/2000 | 손실: 0.4228 | 학습: 85.3% | 검증: 81.3% | lr: 2.50e-04 | 0.3s
  에폭 749/2000 | 손실: 0.4166 | 학습: 85.2% | 검증: 80.7% | lr: 2.50e-04 | 0.3s
  에폭 750/2000 | 손실: 0.4241 | 학습: 85.5% | 검증: 81.4% | lr: 2.50e-04 | 0.3s
  에폭 751/2000 | 손실: 0.4204 | 학습: 85.5% | 검증: 81.3% | lr: 2.50e-04 | 0.3s
  에폭 752/2000 | 손실: 0.4189 | 학습: 85.6% | 검증: 81.1% | lr: 2.50e-04 | 0.3s
  에폭 753/2000 | 손실: 0.4202 | 학습: 85.3% | 검증: 80.6% | lr: 2.50e-04 | 0.3s
  에폭 754/2000 | 손실: 0.4170 | 학습: 85.4% | 검증: 81.1% | lr: 2.50e-04 | 0.3s
  에폭 755/2000 | 손실: 0.4197 | 학습: 85.4% | 검증: 81.0% | lr: 1.25e-04 | 0.3s
  에폭 756/2000 | 손실: 0.4216 | 학습: 85.5% | 검증: 81.0% | lr: 1.25e-04 | 0.3s
  에폭 757/2000 | 손실: 0.4240 | 학습: 85.0% | 검증: 80.9% | lr: 1.25e-04 | 0.3s
  에폭 758/2000 | 손실: 0.4153 | 학습: 85.5% | 검증: 80.9% | lr: 1.25e-04 | 0.3s
  에폭 759/2000 | 손실: 0.4226 | 학습: 85.4% | 검증: 81.1% | lr: 1.25e-04 | 0.3s
  에폭 760/2000 | 손실: 0.4184 | 학습: 85.4% | 검증: 81.1% | lr: 1.25e-04 | 0.3s
  에폭 761/2000 | 손실: 0.4231 | 학습: 85.4% | 검증: 81.3% | lr: 1.25e-04 | 0.3s
  에폭 762/2000 | 손실: 0.4181 | 학습: 85.5% | 검증: 81.4% | lr: 1.25e-04 | 0.3s
  에폭 763/2000 | 손실: 0.4227 | 학습: 85.3% | 검증: 81.1% | lr: 1.25e-04 | 0.3s
  에폭 764/2000 | 손실: 0.4169 | 학습: 85.5% | 검증: 81.3% | lr: 1.25e-04 | 0.3s
  에폭 765/2000 | 손실: 0.4229 | 학습: 85.3% | 검증: 81.1% | lr: 1.25e-04 | 0.3s
  에폭 766/2000 | 손실: 0.4158 | 학습: 85.0% | 검증: 80.7% | lr: 1.25e-04 | 0.3s
  에폭 767/2000 | 손실: 0.4192 | 학습: 85.3% | 검증: 81.1% | lr: 1.25e-04 | 0.3s
  에폭 768/2000 | 손실: 0.4213 | 학습: 85.2% | 검증: 81.0% | lr: 1.25e-04 | 0.3s
  에폭 769/2000 | 손실: 0.4207 | 학습: 85.4% | 검증: 81.5% | lr: 1.25e-04 | 0.3s ★
  에폭 770/2000 | 손실: 0.4191 | 학습: 85.4% | 검증: 81.1% | lr: 1.25e-04 | 0.3s
  에폭 771/2000 | 손실: 0.4198 | 학습: 85.6% | 검증: 81.3% | lr: 1.25e-04 | 0.3s
  에폭 772/2000 | 손실: 0.4197 | 학습: 85.3% | 검증: 80.9% | lr: 1.25e-04 | 0.3s
  에폭 773/2000 | 손실: 0.4193 | 학습: 85.3% | 검증: 80.8% | lr: 1.25e-04 | 0.3s
  에폭 774/2000 | 손실: 0.4184 | 학습: 85.7% | 검증: 81.4% | lr: 1.25e-04 | 0.3s
  에폭 775/2000 | 손실: 0.4200 | 학습: 85.4% | 검증: 81.1% | lr: 1.25e-04 | 0.3s
  에폭 776/2000 | 손실: 0.4229 | 학습: 85.3% | 검증: 81.3% | lr: 1.25e-04 | 0.3s
  에폭 777/2000 | 손실: 0.4214 | 학습: 85.3% | 검증: 81.3% | lr: 1.25e-04 | 0.3s
  에폭 778/2000 | 손실: 0.4264 | 학습: 85.1% | 검증: 81.1% | lr: 1.25e-04 | 0.3s
  에폭 779/2000 | 손실: 0.4206 | 학습: 85.2% | 검증: 81.3% | lr: 1.25e-04 | 0.3s
  에폭 780/2000 | 손실: 0.4178 | 학습: 85.3% | 검증: 81.2% | lr: 1.25e-04 | 0.3s
  에폭 781/2000 | 손실: 0.4238 | 학습: 85.3% | 검증: 81.3% | lr: 1.25e-04 | 0.3s
  에폭 782/2000 | 손실: 0.4176 | 학습: 85.2% | 검증: 81.1% | lr: 1.25e-04 | 0.3s
  에폭 783/2000 | 손실: 0.4206 | 학습: 85.3% | 검증: 81.0% | lr: 1.25e-04 | 0.3s
  에폭 784/2000 | 손실: 0.4166 | 학습: 85.3% | 검증: 81.3% | lr: 1.25e-04 | 0.3s
  에폭 785/2000 | 손실: 0.4182 | 학습: 85.4% | 검증: 81.1% | lr: 1.25e-04 | 0.3s
  에폭 786/2000 | 손실: 0.4218 | 학습: 85.4% | 검증: 81.4% | lr: 1.25e-04 | 0.3s
  에폭 787/2000 | 손실: 0.4176 | 학습: 85.5% | 검증: 81.1% | lr: 1.25e-04 | 0.3s
  에폭 788/2000 | 손실: 0.4200 | 학습: 85.4% | 검증: 81.3% | lr: 1.25e-04 | 0.3s
  에폭 789/2000 | 손실: 0.4195 | 학습: 85.5% | 검증: 81.2% | lr: 1.25e-04 | 0.3s
  에폭 790/2000 | 손실: 0.4194 | 학습: 85.4% | 검증: 81.5% | lr: 1.25e-04 | 0.3s
  에폭 791/2000 | 손실: 0.4199 | 학습: 85.5% | 검증: 81.0% | lr: 1.25e-04 | 0.3s
  에폭 792/2000 | 손실: 0.4221 | 학습: 85.5% | 검증: 81.1% | lr: 1.25e-04 | 0.3s
  에폭 793/2000 | 손실: 0.4200 | 학습: 85.5% | 검증: 81.2% | lr: 1.25e-04 | 0.3s
  에폭 794/2000 | 손실: 0.4222 | 학습: 85.4% | 검증: 81.0% | lr: 1.25e-04 | 0.3s
  에폭 795/2000 | 손실: 0.4207 | 학습: 85.3% | 검증: 81.1% | lr: 1.25e-04 | 0.3s
  에폭 796/2000 | 손실: 0.4188 | 학습: 85.5% | 검증: 81.3% | lr: 1.25e-04 | 0.3s
  에폭 797/2000 | 손실: 0.4143 | 학습: 85.4% | 검증: 81.3% | lr: 1.25e-04 | 0.3s
  에폭 798/2000 | 손실: 0.4226 | 학습: 85.3% | 검증: 81.2% | lr: 1.25e-04 | 0.3s
  에폭 799/2000 | 손실: 0.4207 | 학습: 85.4% | 검증: 81.0% | lr: 1.25e-04 | 0.3s
  에폭 800/2000 | 손실: 0.4222 | 학습: 85.3% | 검증: 81.1% | lr: 1.25e-04 | 0.3s
  에폭 801/2000 | 손실: 0.4194 | 학습: 85.3% | 검증: 81.1% | lr: 1.25e-04 | 0.3s
  에폭 802/2000 | 손실: 0.4194 | 학습: 85.5% | 검증: 81.2% | lr: 1.25e-04 | 0.3s
  에폭 803/2000 | 손실: 0.4193 | 학습: 85.5% | 검증: 81.3% | lr: 1.25e-04 | 0.3s
  에폭 804/2000 | 손실: 0.4188 | 학습: 85.2% | 검증: 80.7% | lr: 1.25e-04 | 0.3s
  에폭 805/2000 | 손실: 0.4183 | 학습: 85.4% | 검증: 81.1% | lr: 1.25e-04 | 0.3s
  에폭 806/2000 | 손실: 0.4184 | 학습: 85.3% | 검증: 81.1% | lr: 1.25e-04 | 0.3s
  에폭 807/2000 | 손실: 0.4183 | 학습: 85.4% | 검증: 81.0% | lr: 1.25e-04 | 0.3s
  에폭 808/2000 | 손실: 0.4211 | 학습: 85.5% | 검증: 81.2% | lr: 1.25e-04 | 0.3s
  에폭 809/2000 | 손실: 0.4173 | 학습: 85.5% | 검증: 81.3% | lr: 1.25e-04 | 0.3s
  에폭 810/2000 | 손실: 0.4209 | 학습: 85.6% | 검증: 81.1% | lr: 1.25e-04 | 0.3s
  에폭 811/2000 | 손실: 0.4213 | 학습: 85.3% | 검증: 80.8% | lr: 1.25e-04 | 0.3s
  에폭 812/2000 | 손실: 0.4171 | 학습: 85.3% | 검증: 80.8% | lr: 1.25e-04 | 0.3s
  에폭 813/2000 | 손실: 0.4196 | 학습: 85.5% | 검증: 81.0% | lr: 1.25e-04 | 0.3s
  에폭 814/2000 | 손실: 0.4233 | 학습: 85.2% | 검증: 81.5% | lr: 1.25e-04 | 0.3s
  에폭 815/2000 | 손실: 0.4135 | 학습: 85.2% | 검증: 81.5% | lr: 1.25e-04 | 0.3s
  에폭 816/2000 | 손실: 0.4229 | 학습: 85.4% | 검증: 81.5% | lr: 1.25e-04 | 0.3s
  에폭 817/2000 | 손실: 0.4209 | 학습: 85.4% | 검증: 81.4% | lr: 1.25e-04 | 0.3s
  에폭 818/2000 | 손실: 0.4164 | 학습: 85.5% | 검증: 81.4% | lr: 1.25e-04 | 0.3s
  에폭 819/2000 | 손실: 0.4163 | 학습: 85.5% | 검증: 81.3% | lr: 1.25e-04 | 0.3s
  에폭 820/2000 | 손실: 0.4207 | 학습: 85.3% | 검증: 81.2% | lr: 1.25e-04 | 0.3s
  에폭 821/2000 | 손실: 0.4211 | 학습: 85.4% | 검증: 81.3% | lr: 1.25e-04 | 0.3s
  에폭 822/2000 | 손실: 0.4211 | 학습: 85.3% | 검증: 80.9% | lr: 1.25e-04 | 0.3s
  에폭 823/2000 | 손실: 0.4193 | 학습: 85.5% | 검증: 81.6% | lr: 1.25e-04 | 0.3s ★
  에폭 824/2000 | 손실: 0.4214 | 학습: 85.4% | 검증: 80.9% | lr: 1.25e-04 | 0.3s
  에폭 825/2000 | 손실: 0.4138 | 학습: 85.4% | 검증: 81.5% | lr: 1.25e-04 | 0.3s
  에폭 826/2000 | 손실: 0.4167 | 학습: 85.4% | 검증: 81.1% | lr: 1.25e-04 | 0.3s
  에폭 827/2000 | 손실: 0.4212 | 학습: 85.4% | 검증: 81.2% | lr: 1.25e-04 | 0.3s
  에폭 828/2000 | 손실: 0.4137 | 학습: 85.5% | 검증: 81.3% | lr: 1.25e-04 | 0.3s
  에폭 829/2000 | 손실: 0.4168 | 학습: 85.4% | 검증: 81.1% | lr: 1.25e-04 | 0.3s
  에폭 830/2000 | 손실: 0.4162 | 학습: 85.3% | 검증: 81.2% | lr: 1.25e-04 | 0.3s
  에폭 831/2000 | 손실: 0.4204 | 학습: 85.5% | 검증: 81.3% | lr: 1.25e-04 | 0.3s
  에폭 832/2000 | 손실: 0.4172 | 학습: 85.4% | 검증: 81.5% | lr: 1.25e-04 | 0.3s
  에폭 833/2000 | 손실: 0.4169 | 학습: 85.4% | 검증: 81.2% | lr: 1.25e-04 | 0.3s
  에폭 834/2000 | 손실: 0.4219 | 학습: 85.3% | 검증: 81.4% | lr: 1.25e-04 | 0.3s
  에폭 835/2000 | 손실: 0.4213 | 학습: 85.4% | 검증: 81.6% | lr: 1.25e-04 | 0.3s ★
  에폭 836/2000 | 손실: 0.4170 | 학습: 85.6% | 검증: 81.3% | lr: 1.25e-04 | 0.3s
  에폭 837/2000 | 손실: 0.4226 | 학습: 85.3% | 검증: 81.4% | lr: 1.25e-04 | 0.3s
  에폭 838/2000 | 손실: 0.4174 | 학습: 85.5% | 검증: 81.1% | lr: 1.25e-04 | 0.3s
  에폭 839/2000 | 손실: 0.4202 | 학습: 85.4% | 검증: 81.5% | lr: 1.25e-04 | 0.3s
  에폭 840/2000 | 손실: 0.4192 | 학습: 85.2% | 검증: 80.8% | lr: 1.25e-04 | 0.3s
  에폭 841/2000 | 손실: 0.4193 | 학습: 85.4% | 검증: 81.1% | lr: 1.25e-04 | 0.3s
  에폭 842/2000 | 손실: 0.4234 | 학습: 85.5% | 검증: 81.5% | lr: 1.25e-04 | 0.3s
  에폭 843/2000 | 손실: 0.4146 | 학습: 85.4% | 검증: 80.8% | lr: 1.25e-04 | 0.3s
  에폭 844/2000 | 손실: 0.4193 | 학습: 85.5% | 검증: 81.2% | lr: 1.25e-04 | 0.3s
  에폭 845/2000 | 손실: 0.4209 | 학습: 85.3% | 검증: 80.9% | lr: 1.25e-04 | 0.3s
  에폭 846/2000 | 손실: 0.4226 | 학습: 84.8% | 검증: 80.7% | lr: 1.25e-04 | 0.3s
  에폭 847/2000 | 손실: 0.4228 | 학습: 85.2% | 검증: 81.4% | lr: 1.25e-04 | 0.3s
  에폭 848/2000 | 손실: 0.4142 | 학습: 85.6% | 검증: 81.3% | lr: 1.25e-04 | 0.3s
  에폭 849/2000 | 손실: 0.4172 | 학습: 85.5% | 검증: 81.2% | lr: 1.25e-04 | 0.3s
  에폭 850/2000 | 손실: 0.4147 | 학습: 85.4% | 검증: 81.4% | lr: 1.25e-04 | 0.3s
  에폭 851/2000 | 손실: 0.4243 | 학습: 85.4% | 검증: 80.9% | lr: 1.25e-04 | 0.3s
  에폭 852/2000 | 손실: 0.4213 | 학습: 85.5% | 검증: 81.1% | lr: 1.25e-04 | 0.3s
  에폭 853/2000 | 손실: 0.4214 | 학습: 85.1% | 검증: 80.8% | lr: 1.25e-04 | 0.3s
  에폭 854/2000 | 손실: 0.4174 | 학습: 85.4% | 검증: 81.1% | lr: 1.25e-04 | 0.3s
  에폭 855/2000 | 손실: 0.4206 | 학습: 85.5% | 검증: 81.0% | lr: 1.25e-04 | 0.3s
  에폭 856/2000 | 손실: 0.4190 | 학습: 85.3% | 검증: 81.2% | lr: 1.25e-04 | 0.3s
  에폭 857/2000 | 손실: 0.4195 | 학습: 85.2% | 검증: 81.1% | lr: 1.25e-04 | 0.3s
  에폭 858/2000 | 손실: 0.4204 | 학습: 85.2% | 검증: 81.0% | lr: 1.25e-04 | 0.3s
  에폭 859/2000 | 손실: 0.4190 | 학습: 85.4% | 검증: 81.1% | lr: 1.25e-04 | 0.3s
  에폭 860/2000 | 손실: 0.4231 | 학습: 85.5% | 검증: 81.3% | lr: 1.25e-04 | 0.3s
  에폭 861/2000 | 손실: 0.4175 | 학습: 85.3% | 검증: 81.1% | lr: 1.25e-04 | 0.3s
  에폭 862/2000 | 손실: 0.4196 | 학습: 85.3% | 검증: 81.3% | lr: 1.25e-04 | 0.3s
  에폭 863/2000 | 손실: 0.4192 | 학습: 85.6% | 검증: 80.9% | lr: 1.25e-04 | 0.3s
  에폭 864/2000 | 손실: 0.4150 | 학습: 85.5% | 검증: 81.2% | lr: 1.25e-04 | 0.3s
  에폭 865/2000 | 손실: 0.4202 | 학습: 85.2% | 검증: 80.9% | lr: 1.25e-04 | 0.3s
  에폭 866/2000 | 손실: 0.4173 | 학습: 85.5% | 검증: 81.2% | lr: 6.25e-05 | 0.3s
  에폭 867/2000 | 손실: 0.4233 | 학습: 85.4% | 검증: 81.2% | lr: 6.25e-05 | 0.3s
  에폭 868/2000 | 손실: 0.4220 | 학습: 85.4% | 검증: 81.3% | lr: 6.25e-05 | 0.3s
  에폭 869/2000 | 손실: 0.4214 | 학습: 85.2% | 검증: 81.1% | lr: 6.25e-05 | 0.3s
  에폭 870/2000 | 손실: 0.4183 | 학습: 85.5% | 검증: 81.3% | lr: 6.25e-05 | 0.3s
  에폭 871/2000 | 손실: 0.4158 | 학습: 85.4% | 검증: 81.1% | lr: 6.25e-05 | 0.3s
  에폭 872/2000 | 손실: 0.4168 | 학습: 85.5% | 검증: 81.3% | lr: 6.25e-05 | 0.3s
  에폭 873/2000 | 손실: 0.4172 | 학습: 85.5% | 검증: 81.7% | lr: 6.25e-05 | 0.3s ★
  에폭 874/2000 | 손실: 0.4180 | 학습: 85.5% | 검증: 81.2% | lr: 6.25e-05 | 0.3s
  에폭 875/2000 | 손실: 0.4177 | 학습: 85.6% | 검증: 81.4% | lr: 6.25e-05 | 0.3s
  에폭 876/2000 | 손실: 0.4196 | 학습: 85.5% | 검증: 81.1% | lr: 6.25e-05 | 0.3s
  에폭 877/2000 | 손실: 0.4178 | 학습: 85.6% | 검증: 81.5% | lr: 6.25e-05 | 0.3s
  에폭 878/2000 | 손실: 0.4149 | 학습: 85.5% | 검증: 81.4% | lr: 6.25e-05 | 0.3s
  에폭 879/2000 | 손실: 0.4189 | 학습: 85.5% | 검증: 81.5% | lr: 6.25e-05 | 0.3s
  에폭 880/2000 | 손실: 0.4146 | 학습: 85.5% | 검증: 81.2% | lr: 6.25e-05 | 0.3s
  에폭 881/2000 | 손실: 0.4135 | 학습: 85.5% | 검증: 81.7% | lr: 6.25e-05 | 0.3s
  에폭 882/2000 | 손실: 0.4213 | 학습: 85.2% | 검증: 80.5% | lr: 6.25e-05 | 0.3s
  에폭 883/2000 | 손실: 0.4176 | 학습: 85.3% | 검증: 81.1% | lr: 6.25e-05 | 0.3s
  에폭 884/2000 | 손실: 0.4164 | 학습: 85.5% | 검증: 81.4% | lr: 6.25e-05 | 0.3s
  에폭 885/2000 | 손실: 0.4211 | 학습: 85.5% | 검증: 81.0% | lr: 6.25e-05 | 0.3s
  에폭 886/2000 | 손실: 0.4145 | 학습: 85.5% | 검증: 81.3% | lr: 6.25e-05 | 0.3s
  에폭 887/2000 | 손실: 0.4184 | 학습: 85.3% | 검증: 81.0% | lr: 6.25e-05 | 0.3s
  에폭 888/2000 | 손실: 0.4155 | 학습: 85.0% | 검증: 80.9% | lr: 6.25e-05 | 0.3s
  에폭 889/2000 | 손실: 0.4194 | 학습: 85.3% | 검증: 81.3% | lr: 6.25e-05 | 0.3s
  에폭 890/2000 | 손실: 0.4174 | 학습: 85.4% | 검증: 81.0% | lr: 6.25e-05 | 0.3s
  에폭 891/2000 | 손실: 0.4119 | 학습: 85.5% | 검증: 81.3% | lr: 6.25e-05 | 0.3s
  에폭 892/2000 | 손실: 0.4186 | 학습: 85.2% | 검증: 81.3% | lr: 6.25e-05 | 0.3s
  에폭 893/2000 | 손실: 0.4174 | 학습: 85.5% | 검증: 81.3% | lr: 6.25e-05 | 0.3s
  에폭 894/2000 | 손실: 0.4248 | 학습: 85.5% | 검증: 81.5% | lr: 6.25e-05 | 0.3s
  에폭 895/2000 | 손실: 0.4133 | 학습: 85.4% | 검증: 81.4% | lr: 6.25e-05 | 0.3s
  에폭 896/2000 | 손실: 0.4160 | 학습: 85.4% | 검증: 80.8% | lr: 6.25e-05 | 0.3s
  에폭 897/2000 | 손실: 0.4196 | 학습: 85.3% | 검증: 81.0% | lr: 6.25e-05 | 0.3s
  에폭 898/2000 | 손실: 0.4199 | 학습: 85.5% | 검증: 81.2% | lr: 6.25e-05 | 0.3s
  에폭 899/2000 | 손실: 0.4180 | 학습: 85.6% | 검증: 81.3% | lr: 6.25e-05 | 0.3s
  에폭 900/2000 | 손실: 0.4186 | 학습: 85.5% | 검증: 81.3% | lr: 6.25e-05 | 0.3s
  에폭 901/2000 | 손실: 0.4166 | 학습: 85.5% | 검증: 81.6% | lr: 6.25e-05 | 0.3s
  에폭 902/2000 | 손실: 0.4130 | 학습: 85.4% | 검증: 81.1% | lr: 6.25e-05 | 0.3s
  에폭 903/2000 | 손실: 0.4187 | 학습: 85.5% | 검증: 81.4% | lr: 6.25e-05 | 0.3s
  에폭 904/2000 | 손실: 0.4220 | 학습: 85.4% | 검증: 81.0% | lr: 6.25e-05 | 0.3s
  에폭 905/2000 | 손실: 0.4195 | 학습: 85.4% | 검증: 81.1% | lr: 6.25e-05 | 0.3s
  에폭 906/2000 | 손실: 0.4205 | 학습: 85.3% | 검증: 80.8% | lr: 6.25e-05 | 0.3s
  에폭 907/2000 | 손실: 0.4163 | 학습: 85.2% | 검증: 81.3% | lr: 6.25e-05 | 0.3s
  에폭 908/2000 | 손실: 0.4196 | 학습: 85.4% | 검증: 81.2% | lr: 6.25e-05 | 0.3s
  에폭 909/2000 | 손실: 0.4206 | 학습: 85.7% | 검증: 81.5% | lr: 6.25e-05 | 0.3s
  에폭 910/2000 | 손실: 0.4219 | 학습: 85.5% | 검증: 81.2% | lr: 6.25e-05 | 0.3s
  에폭 911/2000 | 손실: 0.4184 | 학습: 85.3% | 검증: 81.1% | lr: 6.25e-05 | 0.3s
  에폭 912/2000 | 손실: 0.4184 | 학습: 85.3% | 검증: 81.0% | lr: 6.25e-05 | 0.3s
  에폭 913/2000 | 손실: 0.4205 | 학습: 85.6% | 검증: 81.0% | lr: 6.25e-05 | 0.3s
  에폭 914/2000 | 손실: 0.4200 | 학습: 85.4% | 검증: 81.3% | lr: 6.25e-05 | 0.3s
  에폭 915/2000 | 손실: 0.4183 | 학습: 85.7% | 검증: 81.6% | lr: 6.25e-05 | 0.3s
  에폭 916/2000 | 손실: 0.4220 | 학습: 85.3% | 검증: 81.0% | lr: 6.25e-05 | 0.3s
  에폭 917/2000 | 손실: 0.4184 | 학습: 85.4% | 검증: 81.3% | lr: 6.25e-05 | 0.3s
  에폭 918/2000 | 손실: 0.4187 | 학습: 85.5% | 검증: 80.9% | lr: 6.25e-05 | 0.3s
  에폭 919/2000 | 손실: 0.4189 | 학습: 85.3% | 검증: 81.1% | lr: 6.25e-05 | 0.3s
  에폭 920/2000 | 손실: 0.4198 | 학습: 85.2% | 검증: 80.9% | lr: 6.25e-05 | 0.3s
  에폭 921/2000 | 손실: 0.4180 | 학습: 85.5% | 검증: 81.0% | lr: 6.25e-05 | 0.3s
  에폭 922/2000 | 손실: 0.4164 | 학습: 85.6% | 검증: 80.8% | lr: 6.25e-05 | 0.3s
  에폭 923/2000 | 손실: 0.4167 | 학습: 85.5% | 검증: 81.2% | lr: 6.25e-05 | 0.3s
  에폭 924/2000 | 손실: 0.4161 | 학습: 85.6% | 검증: 81.2% | lr: 6.25e-05 | 0.3s
  에폭 925/2000 | 손실: 0.4227 | 학습: 85.4% | 검증: 81.6% | lr: 6.25e-05 | 0.3s
  에폭 926/2000 | 손실: 0.4191 | 학습: 85.6% | 검증: 81.5% | lr: 6.25e-05 | 0.3s
  에폭 927/2000 | 손실: 0.4178 | 학습: 85.2% | 검증: 81.1% | lr: 6.25e-05 | 0.3s
  에폭 928/2000 | 손실: 0.4162 | 학습: 85.6% | 검증: 81.4% | lr: 6.25e-05 | 0.3s
  에폭 929/2000 | 손실: 0.4198 | 학습: 85.5% | 검증: 81.0% | lr: 6.25e-05 | 0.3s
  에폭 930/2000 | 손실: 0.4187 | 학습: 85.5% | 검증: 81.2% | lr: 6.25e-05 | 0.3s
  에폭 931/2000 | 손실: 0.4182 | 학습: 85.6% | 검증: 81.4% | lr: 6.25e-05 | 0.3s
  에폭 932/2000 | 손실: 0.4186 | 학습: 85.3% | 검증: 81.2% | lr: 6.25e-05 | 0.3s
  에폭 933/2000 | 손실: 0.4190 | 학습: 85.6% | 검증: 81.1% | lr: 6.25e-05 | 0.3s
  에폭 934/2000 | 손실: 0.4175 | 학습: 85.6% | 검증: 81.2% | lr: 6.25e-05 | 0.3s
  에폭 935/2000 | 손실: 0.4232 | 학습: 85.2% | 검증: 81.3% | lr: 6.25e-05 | 0.3s
  에폭 936/2000 | 손실: 0.4163 | 학습: 85.7% | 검증: 81.3% | lr: 6.25e-05 | 0.3s
  에폭 937/2000 | 손실: 0.4150 | 학습: 85.7% | 검증: 81.5% | lr: 6.25e-05 | 0.3s
  에폭 938/2000 | 손실: 0.4169 | 학습: 85.7% | 검증: 81.1% | lr: 6.25e-05 | 0.3s
  에폭 939/2000 | 손실: 0.4186 | 학습: 85.3% | 검증: 81.1% | lr: 6.25e-05 | 0.3s
  에폭 940/2000 | 손실: 0.4221 | 학습: 85.3% | 검증: 81.4% | lr: 6.25e-05 | 0.3s
  에폭 941/2000 | 손실: 0.4160 | 학습: 85.5% | 검증: 81.0% | lr: 6.25e-05 | 0.3s
  에폭 942/2000 | 손실: 0.4153 | 학습: 85.3% | 검증: 81.1% | lr: 3.13e-05 | 0.3s
  에폭 943/2000 | 손실: 0.4194 | 학습: 85.8% | 검증: 81.4% | lr: 3.13e-05 | 0.3s
  에폭 944/2000 | 손실: 0.4199 | 학습: 85.7% | 검증: 81.1% | lr: 3.13e-05 | 0.3s
  에폭 945/2000 | 손실: 0.4180 | 학습: 85.5% | 검증: 80.7% | lr: 3.13e-05 | 0.3s
  에폭 946/2000 | 손실: 0.4203 | 학습: 85.6% | 검증: 81.5% | lr: 3.13e-05 | 0.3s
  에폭 947/2000 | 손실: 0.4226 | 학습: 85.6% | 검증: 81.6% | lr: 3.13e-05 | 0.3s
  에폭 948/2000 | 손실: 0.4174 | 학습: 85.5% | 검증: 81.2% | lr: 3.13e-05 | 0.3s
  에폭 949/2000 | 손실: 0.4182 | 학습: 85.4% | 검증: 81.2% | lr: 3.13e-05 | 0.3s
  에폭 950/2000 | 손실: 0.4179 | 학습: 85.5% | 검증: 81.1% | lr: 3.13e-05 | 0.3s
  에폭 951/2000 | 손실: 0.4158 | 학습: 85.4% | 검증: 81.2% | lr: 3.13e-05 | 0.3s
  에폭 952/2000 | 손실: 0.4175 | 학습: 85.4% | 검증: 81.4% | lr: 3.13e-05 | 0.3s
  에폭 953/2000 | 손실: 0.4216 | 학습: 85.5% | 검증: 80.8% | lr: 3.13e-05 | 0.3s
  에폭 954/2000 | 손실: 0.4172 | 학습: 85.6% | 검증: 81.7% | lr: 3.13e-05 | 0.3s
  에폭 955/2000 | 손실: 0.4194 | 학습: 85.4% | 검증: 81.6% | lr: 3.13e-05 | 0.3s
  에폭 956/2000 | 손실: 0.4177 | 학습: 85.5% | 검증: 80.9% | lr: 3.13e-05 | 0.3s
  에폭 957/2000 | 손실: 0.4181 | 학습: 85.4% | 검증: 81.2% | lr: 3.13e-05 | 0.3s
  에폭 958/2000 | 손실: 0.4206 | 학습: 85.5% | 검증: 81.3% | lr: 3.13e-05 | 0.3s
  에폭 959/2000 | 손실: 0.4142 | 학습: 85.7% | 검증: 81.4% | lr: 3.13e-05 | 0.3s
  에폭 960/2000 | 손실: 0.4207 | 학습: 85.5% | 검증: 80.8% | lr: 3.13e-05 | 0.3s
  에폭 961/2000 | 손실: 0.4207 | 학습: 85.6% | 검증: 81.6% | lr: 3.13e-05 | 0.3s
  에폭 962/2000 | 손실: 0.4151 | 학습: 85.6% | 검증: 81.6% | lr: 3.13e-05 | 0.3s
  에폭 963/2000 | 손실: 0.4167 | 학습: 85.7% | 검증: 81.3% | lr: 3.13e-05 | 0.3s
  에폭 964/2000 | 손실: 0.4209 | 학습: 85.6% | 검증: 81.4% | lr: 3.13e-05 | 0.3s
  에폭 965/2000 | 손실: 0.4204 | 학습: 85.6% | 검증: 81.2% | lr: 3.13e-05 | 0.3s
  에폭 966/2000 | 손실: 0.4182 | 학습: 85.2% | 검증: 81.2% | lr: 3.13e-05 | 0.3s
  에폭 967/2000 | 손실: 0.4165 | 학습: 85.5% | 검증: 81.3% | lr: 3.13e-05 | 0.3s
  에폭 968/2000 | 손실: 0.4162 | 학습: 85.5% | 검증: 81.5% | lr: 3.13e-05 | 0.3s
  에폭 969/2000 | 손실: 0.4130 | 학습: 85.7% | 검증: 81.0% | lr: 3.13e-05 | 0.3s
  에폭 970/2000 | 손실: 0.4144 | 학습: 85.4% | 검증: 81.4% | lr: 3.13e-05 | 0.3s
  에폭 971/2000 | 손실: 0.4196 | 학습: 85.5% | 검증: 81.3% | lr: 3.13e-05 | 0.3s
  에폭 972/2000 | 손실: 0.4127 | 학습: 85.7% | 검증: 81.3% | lr: 3.13e-05 | 0.3s
  에폭 973/2000 | 손실: 0.4215 | 학습: 85.4% | 검증: 81.2% | lr: 3.13e-05 | 0.3s
  에폭 974/2000 | 손실: 0.4151 | 학습: 85.5% | 검증: 81.4% | lr: 3.13e-05 | 0.3s
  에폭 975/2000 | 손실: 0.4146 | 학습: 85.7% | 검증: 81.5% | lr: 3.13e-05 | 0.3s
  에폭 976/2000 | 손실: 0.4170 | 학습: 85.6% | 검증: 81.5% | lr: 3.13e-05 | 0.3s
  에폭 977/2000 | 손실: 0.4200 | 학습: 85.3% | 검증: 81.3% | lr: 3.13e-05 | 0.3s
  에폭 978/2000 | 손실: 0.4197 | 학습: 85.4% | 검증: 81.2% | lr: 3.13e-05 | 0.3s
  에폭 979/2000 | 손실: 0.4180 | 학습: 85.5% | 검증: 81.0% | lr: 3.13e-05 | 0.3s
  에폭 980/2000 | 손실: 0.4195 | 학습: 85.5% | 검증: 81.6% | lr: 3.13e-05 | 0.3s
  에폭 981/2000 | 손실: 0.4175 | 학습: 85.5% | 검증: 81.3% | lr: 3.13e-05 | 0.3s
  에폭 982/2000 | 손실: 0.4198 | 학습: 85.5% | 검증: 81.4% | lr: 3.13e-05 | 0.3s
  에폭 983/2000 | 손실: 0.4185 | 학습: 85.8% | 검증: 81.4% | lr: 3.13e-05 | 0.3s
  에폭 984/2000 | 손실: 0.4164 | 학습: 85.5% | 검증: 81.3% | lr: 3.13e-05 | 0.3s
  에폭 985/2000 | 손실: 0.4169 | 학습: 85.4% | 검증: 81.2% | lr: 3.13e-05 | 0.3s
  에폭 986/2000 | 손실: 0.4202 | 학습: 85.5% | 검증: 81.3% | lr: 3.13e-05 | 0.3s
  에폭 987/2000 | 손실: 0.4160 | 학습: 85.4% | 검증: 81.5% | lr: 3.13e-05 | 0.3s
  에폭 988/2000 | 손실: 0.4179 | 학습: 85.4% | 검증: 81.1% | lr: 3.13e-05 | 0.3s
  에폭 989/2000 | 손실: 0.4171 | 학습: 85.6% | 검증: 81.6% | lr: 3.13e-05 | 0.3s
  에폭 990/2000 | 손실: 0.4216 | 학습: 85.7% | 검증: 81.4% | lr: 3.13e-05 | 0.3s
  에폭 991/2000 | 손실: 0.4160 | 학습: 85.6% | 검증: 81.7% | lr: 3.13e-05 | 0.3s
  에폭 992/2000 | 손실: 0.4193 | 학습: 85.6% | 검증: 81.3% | lr: 3.13e-05 | 0.3s
  에폭 993/2000 | 손실: 0.4205 | 학습: 85.4% | 검증: 81.5% | lr: 1.56e-05 | 0.3s
  에폭 994/2000 | 손실: 0.4177 | 학습: 85.6% | 검증: 81.4% | lr: 1.56e-05 | 0.3s
  에폭 995/2000 | 손실: 0.4195 | 학습: 85.5% | 검증: 81.1% | lr: 1.56e-05 | 0.3s
  에폭 996/2000 | 손실: 0.4207 | 학습: 85.4% | 검증: 81.3% | lr: 1.56e-05 | 0.3s
  에폭 997/2000 | 손실: 0.4189 | 학습: 85.5% | 검증: 81.2% | lr: 1.56e-05 | 0.3s
  에폭 998/2000 | 손실: 0.4232 | 학습: 85.4% | 검증: 81.3% | lr: 1.56e-05 | 0.3s
  에폭 999/2000 | 손실: 0.4144 | 학습: 85.5% | 검증: 81.4% | lr: 1.56e-05 | 0.3s
  에폭 1000/2000 | 손실: 0.4192 | 학습: 85.4% | 검증: 81.3% | lr: 1.56e-05 | 0.3s
  에폭 1001/2000 | 손실: 0.4215 | 학습: 85.4% | 검증: 81.3% | lr: 1.56e-05 | 0.3s
  에폭 1002/2000 | 손실: 0.4191 | 학습: 85.1% | 검증: 81.0% | lr: 1.56e-05 | 0.3s
  에폭 1003/2000 | 손실: 0.4169 | 학습: 85.5% | 검증: 81.1% | lr: 1.56e-05 | 0.3s
  에폭 1004/2000 | 손실: 0.4195 | 학습: 85.5% | 검증: 81.4% | lr: 1.56e-05 | 0.3s
  에폭 1005/2000 | 손실: 0.4222 | 학습: 85.6% | 검증: 81.3% | lr: 1.56e-05 | 0.3s
  에폭 1006/2000 | 손실: 0.4233 | 학습: 85.2% | 검증: 81.1% | lr: 1.56e-05 | 0.3s
  에폭 1007/2000 | 손실: 0.4179 | 학습: 85.4% | 검증: 81.5% | lr: 1.56e-05 | 0.3s
  에폭 1008/2000 | 손실: 0.4191 | 학습: 85.6% | 검증: 81.5% | lr: 1.56e-05 | 0.3s
  에폭 1009/2000 | 손실: 0.4171 | 학습: 85.5% | 검증: 81.2% | lr: 1.56e-05 | 0.3s
  에폭 1010/2000 | 손실: 0.4181 | 학습: 85.6% | 검증: 81.2% | lr: 1.56e-05 | 0.3s
  에폭 1011/2000 | 손실: 0.4214 | 학습: 85.5% | 검증: 81.5% | lr: 1.56e-05 | 0.3s
  에폭 1012/2000 | 손실: 0.4178 | 학습: 85.6% | 검증: 81.5% | lr: 1.56e-05 | 0.3s
  에폭 1013/2000 | 손실: 0.4168 | 학습: 85.4% | 검증: 81.2% | lr: 1.56e-05 | 0.3s
  에폭 1014/2000 | 손실: 0.4186 | 학습: 85.4% | 검증: 81.3% | lr: 1.56e-05 | 0.3s
  에폭 1015/2000 | 손실: 0.4189 | 학습: 85.5% | 검증: 81.6% | lr: 1.56e-05 | 0.3s
  에폭 1016/2000 | 손실: 0.4217 | 학습: 85.6% | 검증: 81.3% | lr: 1.56e-05 | 0.3s
  에폭 1017/2000 | 손실: 0.4197 | 학습: 85.7% | 검증: 81.5% | lr: 1.56e-05 | 0.3s
  에폭 1018/2000 | 손실: 0.4120 | 학습: 85.5% | 검증: 81.5% | lr: 1.56e-05 | 0.3s
  에폭 1019/2000 | 손실: 0.4155 | 학습: 85.4% | 검증: 81.1% | lr: 1.56e-05 | 0.3s
  에폭 1020/2000 | 손실: 0.4162 | 학습: 85.5% | 검증: 81.2% | lr: 1.56e-05 | 0.3s
  에폭 1021/2000 | 손실: 0.4194 | 학습: 85.4% | 검증: 81.4% | lr: 1.56e-05 | 0.3s
  에폭 1022/2000 | 손실: 0.4170 | 학습: 85.6% | 검증: 81.0% | lr: 1.56e-05 | 0.3s
  에폭 1023/2000 | 손실: 0.4180 | 학습: 85.5% | 검증: 81.2% | lr: 1.56e-05 | 0.3s
  에폭 1024/2000 | 손실: 0.4157 | 학습: 85.6% | 검증: 81.4% | lr: 1.56e-05 | 0.3s
  에폭 1025/2000 | 손실: 0.4206 | 학습: 85.3% | 검증: 81.1% | lr: 1.56e-05 | 0.3s
  에폭 1026/2000 | 손실: 0.4188 | 학습: 85.5% | 검증: 81.3% | lr: 1.56e-05 | 0.3s
  에폭 1027/2000 | 손실: 0.4159 | 학습: 85.6% | 검증: 81.3% | lr: 1.56e-05 | 0.3s
  에폭 1028/2000 | 손실: 0.4186 | 학습: 85.6% | 검증: 81.6% | lr: 1.56e-05 | 0.3s
  에폭 1029/2000 | 손실: 0.4193 | 학습: 85.5% | 검증: 81.5% | lr: 1.56e-05 | 0.3s
  에폭 1030/2000 | 손실: 0.4207 | 학습: 85.6% | 검증: 81.3% | lr: 1.56e-05 | 0.3s
  에폭 1031/2000 | 손실: 0.4196 | 학습: 85.4% | 검증: 81.4% | lr: 1.56e-05 | 0.3s
  에폭 1032/2000 | 손실: 0.4240 | 학습: 85.6% | 검증: 81.5% | lr: 1.56e-05 | 0.3s
  에폭 1033/2000 | 손실: 0.4158 | 학습: 85.3% | 검증: 81.2% | lr: 1.56e-05 | 0.3s
  에폭 1034/2000 | 손실: 0.4199 | 학습: 85.4% | 검증: 81.2% | lr: 1.56e-05 | 0.3s
  에폭 1035/2000 | 손실: 0.4185 | 학습: 85.5% | 검증: 81.5% | lr: 1.56e-05 | 0.3s
  에폭 1036/2000 | 손실: 0.4180 | 학습: 85.6% | 검증: 81.1% | lr: 1.56e-05 | 0.3s
  에폭 1037/2000 | 손실: 0.4178 | 학습: 85.5% | 검증: 81.0% | lr: 1.56e-05 | 0.3s
  에폭 1038/2000 | 손실: 0.4205 | 학습: 85.5% | 검증: 81.1% | lr: 1.56e-05 | 0.3s
  에폭 1039/2000 | 손실: 0.4136 | 학습: 85.7% | 검증: 81.4% | lr: 1.56e-05 | 0.3s
  에폭 1040/2000 | 손실: 0.4195 | 학습: 85.5% | 검증: 81.7% | lr: 1.56e-05 | 0.3s
  에폭 1041/2000 | 손실: 0.4172 | 학습: 85.6% | 검증: 81.2% | lr: 1.56e-05 | 0.3s
  에폭 1042/2000 | 손실: 0.4204 | 학습: 85.7% | 검증: 81.6% | lr: 1.56e-05 | 0.3s
  에폭 1043/2000 | 손실: 0.4180 | 학습: 85.8% | 검증: 81.4% | lr: 1.56e-05 | 0.3s
  에폭 1044/2000 | 손실: 0.4191 | 학습: 85.8% | 검증: 81.7% | lr: 7.81e-06 | 0.3s
  에폭 1045/2000 | 손실: 0.4197 | 학습: 85.6% | 검증: 81.5% | lr: 7.81e-06 | 0.3s
  에폭 1046/2000 | 손실: 0.4204 | 학습: 85.6% | 검증: 81.4% | lr: 7.81e-06 | 0.3s
  에폭 1047/2000 | 손실: 0.4142 | 학습: 85.6% | 검증: 81.3% | lr: 7.81e-06 | 0.3s
  에폭 1048/2000 | 손실: 0.4172 | 학습: 85.7% | 검증: 81.4% | lr: 7.81e-06 | 0.3s
  에폭 1049/2000 | 손실: 0.4208 | 학습: 85.7% | 검증: 81.5% | lr: 7.81e-06 | 0.3s
  에폭 1050/2000 | 손실: 0.4172 | 학습: 85.6% | 검증: 81.4% | lr: 7.81e-06 | 0.3s
  에폭 1051/2000 | 손실: 0.4189 | 학습: 85.4% | 검증: 81.6% | lr: 7.81e-06 | 0.3s
  에폭 1052/2000 | 손실: 0.4162 | 학습: 85.6% | 검증: 81.2% | lr: 7.81e-06 | 0.3s
  에폭 1053/2000 | 손실: 0.4197 | 학습: 85.6% | 검증: 81.5% | lr: 7.81e-06 | 0.3s
  에폭 1054/2000 | 손실: 0.4198 | 학습: 85.5% | 검증: 81.3% | lr: 7.81e-06 | 0.3s
  에폭 1055/2000 | 손실: 0.4201 | 학습: 85.7% | 검증: 81.2% | lr: 7.81e-06 | 0.3s
  에폭 1056/2000 | 손실: 0.4160 | 학습: 85.5% | 검증: 81.2% | lr: 7.81e-06 | 0.3s
  에폭 1057/2000 | 손실: 0.4213 | 학습: 85.4% | 검증: 81.5% | lr: 7.81e-06 | 0.3s
  에폭 1058/2000 | 손실: 0.4190 | 학습: 85.7% | 검증: 81.5% | lr: 7.81e-06 | 0.3s
  에폭 1059/2000 | 손실: 0.4168 | 학습: 85.5% | 검증: 80.7% | lr: 7.81e-06 | 0.3s
  에폭 1060/2000 | 손실: 0.4209 | 학습: 85.7% | 검증: 81.8% | lr: 7.81e-06 | 0.3s ★
  에폭 1061/2000 | 손실: 0.4174 | 학습: 85.3% | 검증: 81.3% | lr: 7.81e-06 | 0.3s
  에폭 1062/2000 | 손실: 0.4184 | 학습: 85.7% | 검증: 81.6% | lr: 7.81e-06 | 0.3s
  에폭 1063/2000 | 손실: 0.4172 | 학습: 85.5% | 검증: 81.2% | lr: 7.81e-06 | 0.3s
  에폭 1064/2000 | 손실: 0.4223 | 학습: 85.4% | 검증: 81.3% | lr: 7.81e-06 | 0.3s
  에폭 1065/2000 | 손실: 0.4173 | 학습: 85.6% | 검증: 81.4% | lr: 7.81e-06 | 0.3s
  에폭 1066/2000 | 손실: 0.4205 | 학습: 85.5% | 검증: 81.2% | lr: 7.81e-06 | 0.3s
  에폭 1067/2000 | 손실: 0.4190 | 학습: 85.3% | 검증: 81.1% | lr: 7.81e-06 | 0.3s
  에폭 1068/2000 | 손실: 0.4180 | 학습: 85.7% | 검증: 81.3% | lr: 7.81e-06 | 0.3s
  에폭 1069/2000 | 손실: 0.4183 | 학습: 85.5% | 검증: 81.3% | lr: 7.81e-06 | 0.3s
  에폭 1070/2000 | 손실: 0.4128 | 학습: 85.6% | 검증: 81.4% | lr: 7.81e-06 | 0.3s
  에폭 1071/2000 | 손실: 0.4157 | 학습: 85.5% | 검증: 81.6% | lr: 7.81e-06 | 0.3s
  에폭 1072/2000 | 손실: 0.4163 | 학습: 85.4% | 검증: 81.0% | lr: 7.81e-06 | 0.3s
  에폭 1073/2000 | 손실: 0.4171 | 학습: 85.6% | 검증: 81.7% | lr: 7.81e-06 | 0.3s
  에폭 1074/2000 | 손실: 0.4189 | 학습: 85.5% | 검증: 81.4% | lr: 7.81e-06 | 0.3s
  에폭 1075/2000 | 손실: 0.4148 | 학습: 85.6% | 검증: 81.1% | lr: 7.81e-06 | 0.3s
  에폭 1076/2000 | 손실: 0.4200 | 학습: 85.5% | 검증: 81.8% | lr: 7.81e-06 | 0.3s ★
  에폭 1077/2000 | 손실: 0.4208 | 학습: 85.8% | 검증: 81.2% | lr: 7.81e-06 | 0.3s
  에폭 1078/2000 | 손실: 0.4143 | 학습: 85.5% | 검증: 81.4% | lr: 7.81e-06 | 0.3s
  에폭 1079/2000 | 손실: 0.4197 | 학습: 85.7% | 검증: 81.6% | lr: 7.81e-06 | 0.3s
  에폭 1080/2000 | 손실: 0.4192 | 학습: 85.6% | 검증: 81.3% | lr: 7.81e-06 | 0.3s
  에폭 1081/2000 | 손실: 0.4165 | 학습: 85.7% | 검증: 81.3% | lr: 7.81e-06 | 0.3s
  에폭 1082/2000 | 손실: 0.4202 | 학습: 85.5% | 검증: 81.5% | lr: 7.81e-06 | 0.3s
  에폭 1083/2000 | 손실: 0.4190 | 학습: 85.5% | 검증: 81.5% | lr: 7.81e-06 | 0.3s
  에폭 1084/2000 | 손실: 0.4179 | 학습: 85.3% | 검증: 81.3% | lr: 7.81e-06 | 0.3s
  에폭 1085/2000 | 손실: 0.4169 | 학습: 85.6% | 검증: 81.4% | lr: 7.81e-06 | 0.3s
  에폭 1086/2000 | 손실: 0.4156 | 학습: 85.6% | 검증: 81.4% | lr: 7.81e-06 | 0.3s
  에폭 1087/2000 | 손실: 0.4189 | 학습: 85.5% | 검증: 81.3% | lr: 7.81e-06 | 0.3s
  에폭 1088/2000 | 손실: 0.4180 | 학습: 85.7% | 검증: 81.4% | lr: 7.81e-06 | 0.3s
  에폭 1089/2000 | 손실: 0.4174 | 학습: 85.5% | 검증: 81.4% | lr: 7.81e-06 | 0.3s
  에폭 1090/2000 | 손실: 0.4162 | 학습: 85.5% | 검증: 81.4% | lr: 7.81e-06 | 0.3s
  에폭 1091/2000 | 손실: 0.4181 | 학습: 85.6% | 검증: 81.2% | lr: 7.81e-06 | 0.3s
  에폭 1092/2000 | 손실: 0.4193 | 학습: 85.7% | 검증: 81.7% | lr: 7.81e-06 | 0.3s
  에폭 1093/2000 | 손실: 0.4154 | 학습: 85.5% | 검증: 81.5% | lr: 7.81e-06 | 0.3s
  에폭 1094/2000 | 손실: 0.4158 | 학습: 85.5% | 검증: 81.2% | lr: 7.81e-06 | 0.3s
  에폭 1095/2000 | 손실: 0.4185 | 학습: 85.4% | 검증: 81.1% | lr: 3.91e-06 | 0.3s
  에폭 1096/2000 | 손실: 0.4200 | 학습: 85.7% | 검증: 81.7% | lr: 3.91e-06 | 0.3s
  에폭 1097/2000 | 손실: 0.4179 | 학습: 85.3% | 검증: 81.0% | lr: 3.91e-06 | 0.3s
  에폭 1098/2000 | 손실: 0.4203 | 학습: 85.6% | 검증: 81.6% | lr: 3.91e-06 | 0.3s
  에폭 1099/2000 | 손실: 0.4154 | 학습: 85.6% | 검증: 81.2% | lr: 3.91e-06 | 0.3s
  에폭 1100/2000 | 손실: 0.4131 | 학습: 85.6% | 검증: 81.3% | lr: 3.91e-06 | 0.3s
  에폭 1101/2000 | 손실: 0.4198 | 학습: 85.5% | 검증: 81.4% | lr: 3.91e-06 | 0.3s
  에폭 1102/2000 | 손실: 0.4198 | 학습: 85.5% | 검증: 81.5% | lr: 3.91e-06 | 0.3s
  에폭 1103/2000 | 손실: 0.4205 | 학습: 85.3% | 검증: 81.3% | lr: 3.91e-06 | 0.3s
  에폭 1104/2000 | 손실: 0.4216 | 학습: 85.6% | 검증: 81.7% | lr: 3.91e-06 | 0.3s
  에폭 1105/2000 | 손실: 0.4189 | 학습: 85.5% | 검증: 81.5% | lr: 3.91e-06 | 0.3s
  에폭 1106/2000 | 손실: 0.4189 | 학습: 85.2% | 검증: 80.9% | lr: 3.91e-06 | 0.3s
  에폭 1107/2000 | 손실: 0.4142 | 학습: 85.7% | 검증: 81.3% | lr: 3.91e-06 | 0.3s
  에폭 1108/2000 | 손실: 0.4201 | 학습: 85.6% | 검증: 81.3% | lr: 3.91e-06 | 0.3s
  에폭 1109/2000 | 손실: 0.4218 | 학습: 85.5% | 검증: 81.2% | lr: 3.91e-06 | 0.3s
  에폭 1110/2000 | 손실: 0.4150 | 학습: 85.5% | 검증: 81.2% | lr: 3.91e-06 | 0.3s
  에폭 1111/2000 | 손실: 0.4168 | 학습: 85.5% | 검증: 81.3% | lr: 3.91e-06 | 0.3s
  에폭 1112/2000 | 손실: 0.4171 | 학습: 85.7% | 검증: 81.3% | lr: 3.91e-06 | 0.3s
  에폭 1113/2000 | 손실: 0.4205 | 학습: 85.6% | 검증: 81.3% | lr: 3.91e-06 | 0.3s
  에폭 1114/2000 | 손실: 0.4210 | 학습: 85.6% | 검증: 81.4% | lr: 3.91e-06 | 0.3s
  에폭 1115/2000 | 손실: 0.4212 | 학습: 85.5% | 검증: 81.4% | lr: 3.91e-06 | 0.3s
  에폭 1116/2000 | 손실: 0.4184 | 학습: 85.4% | 검증: 81.1% | lr: 3.91e-06 | 0.3s
  에폭 1117/2000 | 손실: 0.4155 | 학습: 85.6% | 검증: 81.5% | lr: 3.91e-06 | 0.3s
  에폭 1118/2000 | 손실: 0.4217 | 학습: 85.6% | 검증: 81.2% | lr: 3.91e-06 | 0.3s
  에폭 1119/2000 | 손실: 0.4200 | 학습: 85.5% | 검증: 81.4% | lr: 3.91e-06 | 0.3s
  에폭 1120/2000 | 손실: 0.4169 | 학습: 85.5% | 검증: 81.5% | lr: 3.91e-06 | 0.3s
  에폭 1121/2000 | 손실: 0.4188 | 학습: 85.5% | 검증: 81.3% | lr: 3.91e-06 | 0.3s
  에폭 1122/2000 | 손실: 0.4166 | 학습: 85.7% | 검증: 81.6% | lr: 3.91e-06 | 0.3s
  에폭 1123/2000 | 손실: 0.4206 | 학습: 85.5% | 검증: 81.6% | lr: 3.91e-06 | 0.3s
  에폭 1124/2000 | 손실: 0.4193 | 학습: 85.6% | 검증: 81.1% | lr: 3.91e-06 | 0.3s
  에폭 1125/2000 | 손실: 0.4172 | 학습: 85.8% | 검증: 81.5% | lr: 3.91e-06 | 0.3s
  에폭 1126/2000 | 손실: 0.4178 | 학습: 85.4% | 검증: 81.0% | lr: 3.91e-06 | 0.3s
  에폭 1127/2000 | 손실: 0.4150 | 학습: 85.7% | 검증: 81.5% | lr: 3.91e-06 | 0.3s
  에폭 1128/2000 | 손실: 0.4189 | 학습: 85.4% | 검증: 81.1% | lr: 3.91e-06 | 0.3s
  에폭 1129/2000 | 손실: 0.4154 | 학습: 85.5% | 검증: 81.3% | lr: 3.91e-06 | 0.3s
  에폭 1130/2000 | 손실: 0.4230 | 학습: 85.6% | 검증: 81.6% | lr: 3.91e-06 | 0.3s
  에폭 1131/2000 | 손실: 0.4196 | 학습: 85.5% | 검증: 81.4% | lr: 3.91e-06 | 0.3s
  에폭 1132/2000 | 손실: 0.4184 | 학습: 85.4% | 검증: 81.0% | lr: 3.91e-06 | 0.3s
  에폭 1133/2000 | 손실: 0.4121 | 학습: 85.4% | 검증: 81.1% | lr: 3.91e-06 | 0.3s
  에폭 1134/2000 | 손실: 0.4220 | 학습: 85.4% | 검증: 81.4% | lr: 3.91e-06 | 0.3s
  에폭 1135/2000 | 손실: 0.4187 | 학습: 85.6% | 검증: 81.5% | lr: 3.91e-06 | 0.3s
  에폭 1136/2000 | 손실: 0.4194 | 학습: 85.4% | 검증: 81.1% | lr: 3.91e-06 | 0.3s
  에폭 1137/2000 | 손실: 0.4198 | 학습: 85.6% | 검증: 81.3% | lr: 3.91e-06 | 0.3s
  에폭 1138/2000 | 손실: 0.4190 | 학습: 85.3% | 검증: 81.0% | lr: 3.91e-06 | 0.4s
  에폭 1139/2000 | 손실: 0.4226 | 학습: 85.7% | 검증: 81.6% | lr: 3.91e-06 | 0.4s
  에폭 1140/2000 | 손실: 0.4175 | 학습: 85.6% | 검증: 81.6% | lr: 3.91e-06 | 0.5s
  에폭 1141/2000 | 손실: 0.4188 | 학습: 85.4% | 검증: 81.5% | lr: 3.91e-06 | 0.4s
  에폭 1142/2000 | 손실: 0.4199 | 학습: 85.5% | 검증: 81.4% | lr: 3.91e-06 | 0.5s
  에폭 1143/2000 | 손실: 0.4183 | 학습: 85.4% | 검증: 80.9% | lr: 3.91e-06 | 0.4s
  에폭 1144/2000 | 손실: 0.4185 | 학습: 85.5% | 검증: 81.3% | lr: 3.91e-06 | 0.4s
  에폭 1145/2000 | 손실: 0.4162 | 학습: 85.8% | 검증: 81.5% | lr: 3.91e-06 | 0.4s
  에폭 1146/2000 | 손실: 0.4164 | 학습: 85.3% | 검증: 81.1% | lr: 1.95e-06 | 0.4s
  에폭 1147/2000 | 손실: 0.4162 | 학습: 85.6% | 검증: 81.5% | lr: 1.95e-06 | 0.3s
  에폭 1148/2000 | 손실: 0.4156 | 학습: 85.6% | 검증: 81.3% | lr: 1.95e-06 | 0.3s
  에폭 1149/2000 | 손실: 0.4214 | 학습: 85.7% | 검증: 81.7% | lr: 1.95e-06 | 0.3s
  에폭 1150/2000 | 손실: 0.4203 | 학습: 85.5% | 검증: 81.3% | lr: 1.95e-06 | 0.3s
  에폭 1151/2000 | 손실: 0.4165 | 학습: 85.6% | 검증: 81.5% | lr: 1.95e-06 | 0.3s
  에폭 1152/2000 | 손실: 0.4166 | 학습: 85.5% | 검증: 81.2% | lr: 1.95e-06 | 0.3s
  에폭 1153/2000 | 손실: 0.4182 | 학습: 85.6% | 검증: 81.5% | lr: 1.95e-06 | 0.3s
  에폭 1154/2000 | 손실: 0.4141 | 학습: 85.7% | 검증: 81.5% | lr: 1.95e-06 | 0.3s
  에폭 1155/2000 | 손실: 0.4176 | 학습: 85.4% | 검증: 81.2% | lr: 1.95e-06 | 0.3s
  에폭 1156/2000 | 손실: 0.4126 | 학습: 85.4% | 검증: 81.2% | lr: 1.95e-06 | 0.3s
  에폭 1157/2000 | 손실: 0.4170 | 학습: 85.4% | 검증: 81.2% | lr: 1.95e-06 | 0.3s
  에폭 1158/2000 | 손실: 0.4220 | 학습: 85.7% | 검증: 81.4% | lr: 1.95e-06 | 0.3s
  에폭 1159/2000 | 손실: 0.4181 | 학습: 85.6% | 검증: 81.2% | lr: 1.95e-06 | 0.3s
  에폭 1160/2000 | 손실: 0.4182 | 학습: 85.7% | 검증: 81.3% | lr: 1.95e-06 | 0.3s
  에폭 1161/2000 | 손실: 0.4170 | 학습: 85.3% | 검증: 81.0% | lr: 1.95e-06 | 0.3s
  에폭 1162/2000 | 손실: 0.4174 | 학습: 85.8% | 검증: 81.5% | lr: 1.95e-06 | 0.3s
  에폭 1163/2000 | 손실: 0.4190 | 학습: 85.4% | 검증: 81.1% | lr: 1.95e-06 | 0.3s
  에폭 1164/2000 | 손실: 0.4194 | 학습: 85.6% | 검증: 81.2% | lr: 1.95e-06 | 0.3s
  에폭 1165/2000 | 손실: 0.4206 | 학습: 85.6% | 검증: 81.6% | lr: 1.95e-06 | 0.3s
  에폭 1166/2000 | 손실: 0.4187 | 학습: 85.6% | 검증: 81.4% | lr: 1.95e-06 | 0.3s
  에폭 1167/2000 | 손실: 0.4188 | 학습: 85.3% | 검증: 81.2% | lr: 1.95e-06 | 0.3s
  에폭 1168/2000 | 손실: 0.4187 | 학습: 85.6% | 검증: 81.4% | lr: 1.95e-06 | 0.3s
  에폭 1169/2000 | 손실: 0.4151 | 학습: 85.8% | 검증: 81.5% | lr: 1.95e-06 | 0.3s
  에폭 1170/2000 | 손실: 0.4139 | 학습: 85.6% | 검증: 81.6% | lr: 1.95e-06 | 0.3s
  에폭 1171/2000 | 손실: 0.4157 | 학습: 85.5% | 검증: 81.2% | lr: 1.95e-06 | 0.3s
  에폭 1172/2000 | 손실: 0.4200 | 학습: 85.3% | 검증: 81.3% | lr: 1.95e-06 | 0.3s
  에폭 1173/2000 | 손실: 0.4154 | 학습: 85.6% | 검증: 81.1% | lr: 1.95e-06 | 0.3s
  에폭 1174/2000 | 손실: 0.4208 | 학습: 85.7% | 검증: 81.1% | lr: 1.95e-06 | 0.3s
  에폭 1175/2000 | 손실: 0.4171 | 학습: 85.5% | 검증: 81.1% | lr: 1.95e-06 | 0.3s
  에폭 1176/2000 | 손실: 0.4156 | 학습: 85.5% | 검증: 81.6% | lr: 1.95e-06 | 0.3s
  에폭 1177/2000 | 손실: 0.4190 | 학습: 85.6% | 검증: 81.3% | lr: 1.95e-06 | 0.3s
  에폭 1178/2000 | 손실: 0.4204 | 학습: 85.4% | 검증: 81.0% | lr: 1.95e-06 | 0.3s
  에폭 1179/2000 | 손실: 0.4189 | 학습: 85.4% | 검증: 81.4% | lr: 1.95e-06 | 0.3s
  에폭 1180/2000 | 손실: 0.4217 | 학습: 85.3% | 검증: 81.0% | lr: 1.95e-06 | 0.3s
  에폭 1181/2000 | 손실: 0.4190 | 학습: 85.6% | 검증: 81.4% | lr: 1.95e-06 | 0.3s
  에폭 1182/2000 | 손실: 0.4244 | 학습: 85.4% | 검증: 81.5% | lr: 1.95e-06 | 0.3s
  에폭 1183/2000 | 손실: 0.4208 | 학습: 85.5% | 검증: 81.4% | lr: 1.95e-06 | 0.3s
  에폭 1184/2000 | 손실: 0.4136 | 학습: 85.6% | 검증: 81.4% | lr: 1.95e-06 | 0.3s
  에폭 1185/2000 | 손실: 0.4205 | 학습: 85.7% | 검증: 81.3% | lr: 1.95e-06 | 0.3s
  에폭 1186/2000 | 손실: 0.4172 | 학습: 85.4% | 검증: 81.5% | lr: 1.95e-06 | 0.3s
  에폭 1187/2000 | 손실: 0.4203 | 학습: 85.3% | 검증: 80.9% | lr: 1.95e-06 | 0.3s
  에폭 1188/2000 | 손실: 0.4188 | 학습: 85.4% | 검증: 81.4% | lr: 1.95e-06 | 0.3s
  에폭 1189/2000 | 손실: 0.4192 | 학습: 85.5% | 검증: 81.4% | lr: 1.95e-06 | 0.3s
  에폭 1190/2000 | 손실: 0.4184 | 학습: 85.4% | 검증: 81.3% | lr: 1.95e-06 | 0.3s
  에폭 1191/2000 | 손실: 0.4145 | 학습: 85.4% | 검증: 80.9% | lr: 1.95e-06 | 0.3s
  에폭 1192/2000 | 손실: 0.4077 | 학습: 85.7% | 검증: 81.6% | lr: 1.95e-06 | 0.3s
  에폭 1193/2000 | 손실: 0.4142 | 학습: 85.6% | 검증: 81.1% | lr: 1.95e-06 | 0.3s
  에폭 1194/2000 | 손실: 0.4171 | 학습: 85.5% | 검증: 81.4% | lr: 1.95e-06 | 0.3s
  에폭 1195/2000 | 손실: 0.4145 | 학습: 85.3% | 검증: 81.0% | lr: 1.95e-06 | 0.3s
  에폭 1196/2000 | 손실: 0.4186 | 학습: 85.6% | 검증: 81.7% | lr: 1.95e-06 | 0.3s
  에폭 1197/2000 | 손실: 0.4159 | 학습: 85.7% | 검증: 81.6% | lr: 1.95e-06 | 0.3s
  에폭 1198/2000 | 손실: 0.4233 | 학습: 85.3% | 검증: 80.9% | lr: 1.95e-06 | 0.3s
  에폭 1199/2000 | 손실: 0.4180 | 학습: 85.5% | 검증: 81.4% | lr: 1.95e-06 | 0.3s
  에폭 1200/2000 | 손실: 0.4199 | 학습: 85.6% | 검증: 81.1% | lr: 1.95e-06 | 0.3s
  에폭 1201/2000 | 손실: 0.4176 | 학습: 85.5% | 검증: 81.1% | lr: 1.95e-06 | 0.3s
  에폭 1202/2000 | 손실: 0.4134 | 학습: 85.5% | 검증: 81.0% | lr: 1.95e-06 | 0.3s
  에폭 1203/2000 | 손실: 0.4160 | 학습: 85.2% | 검증: 80.9% | lr: 1.95e-06 | 0.3s
  에폭 1204/2000 | 손실: 0.4211 | 학습: 85.6% | 검증: 81.5% | lr: 1.95e-06 | 0.3s
  에폭 1205/2000 | 손실: 0.4200 | 학습: 85.6% | 검증: 81.4% | lr: 1.95e-06 | 0.3s
  에폭 1206/2000 | 손실: 0.4177 | 학습: 85.6% | 검증: 81.5% | lr: 1.95e-06 | 0.3s
  에폭 1207/2000 | 손실: 0.4185 | 학습: 85.6% | 검증: 81.5% | lr: 1.95e-06 | 0.3s
  에폭 1208/2000 | 손실: 0.4188 | 학습: 85.8% | 검증: 81.6% | lr: 1.95e-06 | 0.3s
  에폭 1209/2000 | 손실: 0.4195 | 학습: 85.6% | 검증: 81.4% | lr: 1.95e-06 | 0.3s
  에폭 1210/2000 | 손실: 0.4162 | 학습: 85.4% | 검증: 81.4% | lr: 1.95e-06 | 0.3s
  에폭 1211/2000 | 손실: 0.4225 | 학습: 85.5% | 검증: 81.1% | lr: 1.95e-06 | 0.3s
  에폭 1212/2000 | 손실: 0.4209 | 학습: 85.6% | 검증: 81.5% | lr: 1.95e-06 | 0.3s
  에폭 1213/2000 | 손실: 0.4208 | 학습: 85.6% | 검증: 81.3% | lr: 1.95e-06 | 0.3s
  에폭 1214/2000 | 손실: 0.4238 | 학습: 85.7% | 검증: 81.4% | lr: 1.95e-06 | 0.3s
  에폭 1215/2000 | 손실: 0.4207 | 학습: 85.6% | 검증: 81.3% | lr: 1.95e-06 | 0.3s
  에폭 1216/2000 | 손실: 0.4155 | 학습: 85.4% | 검증: 81.1% | lr: 1.95e-06 | 0.3s
  에폭 1217/2000 | 손실: 0.4182 | 학습: 85.6% | 검증: 81.4% | lr: 1.95e-06 | 0.3s
  에폭 1218/2000 | 손실: 0.4162 | 학습: 85.4% | 검증: 81.4% | lr: 1.95e-06 | 0.3s
  에폭 1219/2000 | 손실: 0.4136 | 학습: 85.4% | 검증: 81.2% | lr: 1.95e-06 | 0.3s
  에폭 1220/2000 | 손실: 0.4182 | 학습: 85.5% | 검증: 81.5% | lr: 1.95e-06 | 0.3s
  에폭 1221/2000 | 손실: 0.4174 | 학습: 85.3% | 검증: 81.3% | lr: 1.95e-06 | 0.3s
  에폭 1222/2000 | 손실: 0.4145 | 학습: 85.6% | 검증: 81.3% | lr: 1.95e-06 | 0.3s
  에폭 1223/2000 | 손실: 0.4183 | 학습: 85.8% | 검증: 81.8% | lr: 1.95e-06 | 0.3s ★
  에폭 1224/2000 | 손실: 0.4181 | 학습: 85.6% | 검증: 81.5% | lr: 1.95e-06 | 0.3s
  에폭 1225/2000 | 손실: 0.4165 | 학습: 85.5% | 검증: 81.5% | lr: 1.95e-06 | 0.3s
  에폭 1226/2000 | 손실: 0.4201 | 학습: 85.4% | 검증: 81.2% | lr: 1.95e-06 | 0.3s
  에폭 1227/2000 | 손실: 0.4201 | 학습: 85.6% | 검증: 81.4% | lr: 1.95e-06 | 0.3s
  에폭 1228/2000 | 손실: 0.4190 | 학습: 85.4% | 검증: 81.0% | lr: 1.95e-06 | 0.3s
  에폭 1229/2000 | 손실: 0.4192 | 학습: 85.4% | 검증: 81.0% | lr: 1.95e-06 | 0.3s
  에폭 1230/2000 | 손실: 0.4182 | 학습: 85.5% | 검증: 81.4% | lr: 1.95e-06 | 0.3s
  에폭 1231/2000 | 손실: 0.4168 | 학습: 85.6% | 검증: 81.5% | lr: 1.95e-06 | 0.3s
  에폭 1232/2000 | 손실: 0.4160 | 학습: 85.6% | 검증: 81.2% | lr: 1.95e-06 | 0.3s
  에폭 1233/2000 | 손실: 0.4189 | 학습: 85.7% | 검증: 81.4% | lr: 1.95e-06 | 0.3s
  에폭 1234/2000 | 손실: 0.4151 | 학습: 85.5% | 검증: 81.5% | lr: 1.95e-06 | 0.3s
  에폭 1235/2000 | 손실: 0.4167 | 학습: 85.5% | 검증: 81.2% | lr: 1.95e-06 | 0.3s
  에폭 1236/2000 | 손실: 0.4158 | 학습: 85.5% | 검증: 81.5% | lr: 1.95e-06 | 0.3s
  에폭 1237/2000 | 손실: 0.4206 | 학습: 85.6% | 검증: 81.3% | lr: 1.95e-06 | 0.3s
  에폭 1238/2000 | 손실: 0.4229 | 학습: 85.6% | 검증: 81.3% | lr: 1.95e-06 | 0.3s
  에폭 1239/2000 | 손실: 0.4174 | 학습: 85.5% | 검증: 81.3% | lr: 1.95e-06 | 0.3s
  에폭 1240/2000 | 손실: 0.4185 | 학습: 85.5% | 검증: 81.4% | lr: 1.95e-06 | 0.3s
  에폭 1241/2000 | 손실: 0.4195 | 학습: 85.3% | 검증: 80.8% | lr: 1.95e-06 | 0.3s
  에폭 1242/2000 | 손실: 0.4161 | 학습: 85.5% | 검증: 81.5% | lr: 1.95e-06 | 0.3s
  에폭 1243/2000 | 손실: 0.4154 | 학습: 85.3% | 검증: 80.8% | lr: 1.00e-06 | 0.3s
  에폭 1244/2000 | 손실: 0.4219 | 학습: 85.5% | 검증: 81.0% | lr: 1.00e-06 | 0.3s
  에폭 1245/2000 | 손실: 0.4180 | 학습: 85.4% | 검증: 80.9% | lr: 1.00e-06 | 0.3s
  에폭 1246/2000 | 손실: 0.4193 | 학습: 85.6% | 검증: 81.5% | lr: 1.00e-06 | 0.3s
  에폭 1247/2000 | 손실: 0.4175 | 학습: 85.4% | 검증: 81.5% | lr: 1.00e-06 | 0.3s
  에폭 1248/2000 | 손실: 0.4191 | 학습: 85.5% | 검증: 81.5% | lr: 1.00e-06 | 0.3s
  에폭 1249/2000 | 손실: 0.4150 | 학습: 85.1% | 검증: 81.0% | lr: 1.00e-06 | 0.3s
  에폭 1250/2000 | 손실: 0.4214 | 학습: 85.7% | 검증: 81.2% | lr: 1.00e-06 | 0.3s
  에폭 1251/2000 | 손실: 0.4184 | 학습: 85.4% | 검증: 81.3% | lr: 1.00e-06 | 0.3s
  에폭 1252/2000 | 손실: 0.4132 | 학습: 85.6% | 검증: 81.3% | lr: 1.00e-06 | 0.3s
  에폭 1253/2000 | 손실: 0.4157 | 학습: 85.6% | 검증: 81.6% | lr: 1.00e-06 | 0.3s
  에폭 1254/2000 | 손실: 0.4198 | 학습: 85.2% | 검증: 81.1% | lr: 1.00e-06 | 0.3s
  에폭 1255/2000 | 손실: 0.4183 | 학습: 85.5% | 검증: 81.5% | lr: 1.00e-06 | 0.3s
  에폭 1256/2000 | 손실: 0.4151 | 학습: 85.4% | 검증: 81.3% | lr: 1.00e-06 | 0.3s
  에폭 1257/2000 | 손실: 0.4166 | 학습: 85.3% | 검증: 80.9% | lr: 1.00e-06 | 0.3s
  에폭 1258/2000 | 손실: 0.4174 | 학습: 85.6% | 검증: 81.4% | lr: 1.00e-06 | 0.3s
  에폭 1259/2000 | 손실: 0.4169 | 학습: 85.4% | 검증: 81.4% | lr: 1.00e-06 | 0.3s
  에폭 1260/2000 | 손실: 0.4114 | 학습: 85.3% | 검증: 81.3% | lr: 1.00e-06 | 0.3s
  에폭 1261/2000 | 손실: 0.4142 | 학습: 85.5% | 검증: 81.4% | lr: 1.00e-06 | 0.3s
  에폭 1262/2000 | 손실: 0.4172 | 학습: 85.5% | 검증: 80.9% | lr: 1.00e-06 | 0.3s
  에폭 1263/2000 | 손실: 0.4150 | 학습: 85.6% | 검증: 81.1% | lr: 1.00e-06 | 0.3s
  에폭 1264/2000 | 손실: 0.4184 | 학습: 85.6% | 검증: 81.6% | lr: 1.00e-06 | 0.3s
  에폭 1265/2000 | 손실: 0.4219 | 학습: 85.5% | 검증: 81.5% | lr: 1.00e-06 | 0.3s
  에폭 1266/2000 | 손실: 0.4130 | 학습: 85.7% | 검증: 81.5% | lr: 1.00e-06 | 0.3s
  에폭 1267/2000 | 손실: 0.4161 | 학습: 85.2% | 검증: 81.2% | lr: 1.00e-06 | 0.3s
  에폭 1268/2000 | 손실: 0.4139 | 학습: 85.7% | 검증: 81.2% | lr: 1.00e-06 | 0.3s
  에폭 1269/2000 | 손실: 0.4217 | 학습: 85.6% | 검증: 81.3% | lr: 1.00e-06 | 0.3s
  에폭 1270/2000 | 손실: 0.4194 | 학습: 85.5% | 검증: 81.2% | lr: 1.00e-06 | 0.3s
  에폭 1271/2000 | 손실: 0.4202 | 학습: 85.6% | 검증: 81.6% | lr: 1.00e-06 | 0.3s
  에폭 1272/2000 | 손실: 0.4190 | 학습: 85.5% | 검증: 81.1% | lr: 1.00e-06 | 0.3s
  에폭 1273/2000 | 손실: 0.4207 | 학습: 85.4% | 검증: 81.3% | lr: 1.00e-06 | 0.3s
  에폭 1274/2000 | 손실: 0.4187 | 학습: 85.6% | 검증: 81.1% | lr: 1.00e-06 | 0.3s
  에폭 1275/2000 | 손실: 0.4173 | 학습: 85.5% | 검증: 81.3% | lr: 1.00e-06 | 0.3s
  에폭 1276/2000 | 손실: 0.4227 | 학습: 85.5% | 검증: 81.2% | lr: 1.00e-06 | 0.3s
  에폭 1277/2000 | 손실: 0.4188 | 학습: 85.6% | 검증: 81.4% | lr: 1.00e-06 | 0.3s
  에폭 1278/2000 | 손실: 0.4163 | 학습: 85.6% | 검증: 81.3% | lr: 1.00e-06 | 0.3s
  에폭 1279/2000 | 손실: 0.4158 | 학습: 85.6% | 검증: 81.2% | lr: 1.00e-06 | 0.3s
  에폭 1280/2000 | 손실: 0.4140 | 학습: 85.6% | 검증: 81.4% | lr: 1.00e-06 | 0.3s
  에폭 1281/2000 | 손실: 0.4194 | 학습: 85.6% | 검증: 81.2% | lr: 1.00e-06 | 0.3s
  에폭 1282/2000 | 손실: 0.4190 | 학습: 85.6% | 검증: 81.3% | lr: 1.00e-06 | 0.3s
  에폭 1283/2000 | 손실: 0.4193 | 학습: 85.6% | 검증: 81.4% | lr: 1.00e-06 | 0.3s
  에폭 1284/2000 | 손실: 0.4171 | 학습: 85.7% | 검증: 81.5% | lr: 1.00e-06 | 0.3s
  에폭 1285/2000 | 손실: 0.4174 | 학습: 85.5% | 검증: 81.4% | lr: 1.00e-06 | 0.3s
  에폭 1286/2000 | 손실: 0.4154 | 학습: 85.6% | 검증: 81.6% | lr: 1.00e-06 | 0.3s
  에폭 1287/2000 | 손실: 0.4202 | 학습: 85.2% | 검증: 80.9% | lr: 1.00e-06 | 0.3s
  에폭 1288/2000 | 손실: 0.4224 | 학습: 85.6% | 검증: 81.4% | lr: 1.00e-06 | 0.3s
  에폭 1289/2000 | 손실: 0.4151 | 학습: 85.6% | 검증: 81.4% | lr: 1.00e-06 | 0.3s
  에폭 1290/2000 | 손실: 0.4176 | 학습: 85.5% | 검증: 81.4% | lr: 1.00e-06 | 0.3s
  에폭 1291/2000 | 손실: 0.4157 | 학습: 85.6% | 검증: 81.1% | lr: 1.00e-06 | 0.3s
  에폭 1292/2000 | 손실: 0.4165 | 학습: 85.7% | 검증: 81.5% | lr: 1.00e-06 | 0.3s
  에폭 1293/2000 | 손실: 0.4128 | 학습: 85.6% | 검증: 81.5% | lr: 1.00e-06 | 0.3s
  에폭 1294/2000 | 손실: 0.4206 | 학습: 85.5% | 검증: 81.4% | lr: 1.00e-06 | 0.3s
  에폭 1295/2000 | 손실: 0.4219 | 학습: 85.4% | 검증: 81.5% | lr: 1.00e-06 | 0.3s
  에폭 1296/2000 | 손실: 0.4192 | 학습: 85.4% | 검증: 81.5% | lr: 1.00e-06 | 0.3s
  에폭 1297/2000 | 손실: 0.4215 | 학습: 85.6% | 검증: 81.4% | lr: 1.00e-06 | 0.3s
  에폭 1298/2000 | 손실: 0.4126 | 학습: 85.5% | 검증: 81.3% | lr: 1.00e-06 | 0.3s
  에폭 1299/2000 | 손실: 0.4185 | 학습: 85.5% | 검증: 81.5% | lr: 1.00e-06 | 0.3s
  에폭 1300/2000 | 손실: 0.4216 | 학습: 85.4% | 검증: 81.3% | lr: 1.00e-06 | 0.3s
  에폭 1301/2000 | 손실: 0.4158 | 학습: 85.3% | 검증: 81.2% | lr: 1.00e-06 | 0.3s
  에폭 1302/2000 | 손실: 0.4199 | 학습: 85.7% | 검증: 81.8% | lr: 1.00e-06 | 0.3s
  에폭 1303/2000 | 손실: 0.4156 | 학습: 85.8% | 검증: 81.3% | lr: 1.00e-06 | 0.3s
  에폭 1304/2000 | 손실: 0.4186 | 학습: 85.3% | 검증: 81.3% | lr: 1.00e-06 | 0.3s
  에폭 1305/2000 | 손실: 0.4175 | 학습: 85.4% | 검증: 81.3% | lr: 1.00e-06 | 0.3s
  에폭 1306/2000 | 손실: 0.4217 | 학습: 85.4% | 검증: 81.2% | lr: 1.00e-06 | 0.3s
  에폭 1307/2000 | 손실: 0.4152 | 학습: 85.5% | 검증: 81.4% | lr: 1.00e-06 | 0.3s
  에폭 1308/2000 | 손실: 0.4174 | 학습: 85.6% | 검증: 81.7% | lr: 1.00e-06 | 0.3s
  에폭 1309/2000 | 손실: 0.4165 | 학습: 85.3% | 검증: 81.2% | lr: 1.00e-06 | 0.3s
  에폭 1310/2000 | 손실: 0.4191 | 학습: 85.7% | 검증: 81.6% | lr: 1.00e-06 | 0.3s
  에폭 1311/2000 | 손실: 0.4189 | 학습: 85.5% | 검증: 81.5% | lr: 1.00e-06 | 0.3s
  에폭 1312/2000 | 손실: 0.4183 | 학습: 85.6% | 검증: 81.2% | lr: 1.00e-06 | 0.3s
  에폭 1313/2000 | 손실: 0.4179 | 학습: 85.3% | 검증: 81.1% | lr: 1.00e-06 | 0.3s
  에폭 1314/2000 | 손실: 0.4174 | 학습: 85.4% | 검증: 81.3% | lr: 1.00e-06 | 0.3s
  에폭 1315/2000 | 손실: 0.4189 | 학습: 85.6% | 검증: 81.6% | lr: 1.00e-06 | 0.3s
  에폭 1316/2000 | 손실: 0.4181 | 학습: 85.5% | 검증: 81.3% | lr: 1.00e-06 | 0.3s
  에폭 1317/2000 | 손실: 0.4128 | 학습: 85.6% | 검증: 81.2% | lr: 1.00e-06 | 0.3s
  에폭 1318/2000 | 손실: 0.4185 | 학습: 85.4% | 검증: 81.3% | lr: 1.00e-06 | 0.3s
  에폭 1319/2000 | 손실: 0.4203 | 학습: 85.4% | 검증: 81.4% | lr: 1.00e-06 | 0.3s
  에폭 1320/2000 | 손실: 0.4185 | 학습: 85.5% | 검증: 81.2% | lr: 1.00e-06 | 0.3s
  에폭 1321/2000 | 손실: 0.4216 | 학습: 85.3% | 검증: 81.2% | lr: 1.00e-06 | 0.3s
  에폭 1322/2000 | 손실: 0.4201 | 학습: 85.3% | 검증: 81.4% | lr: 1.00e-06 | 0.3s
  에폭 1323/2000 | 손실: 0.4158 | 학습: 85.3% | 검증: 81.2% | lr: 1.00e-06 | 0.3s
  에폭 1324/2000 | 손실: 0.4186 | 학습: 85.6% | 검증: 81.2% | lr: 1.00e-06 | 0.3s
  에폭 1325/2000 | 손실: 0.4159 | 학습: 85.5% | 검증: 81.3% | lr: 1.00e-06 | 0.3s
  에폭 1326/2000 | 손실: 0.4209 | 학습: 85.4% | 검증: 81.3% | lr: 1.00e-06 | 0.3s
  에폭 1327/2000 | 손실: 0.4168 | 학습: 85.4% | 검증: 81.2% | lr: 1.00e-06 | 0.3s
  에폭 1328/2000 | 손실: 0.4241 | 학습: 85.5% | 검증: 80.8% | lr: 1.00e-06 | 0.3s
  에폭 1329/2000 | 손실: 0.4171 | 학습: 85.7% | 검증: 81.4% | lr: 1.00e-06 | 0.3s
  에폭 1330/2000 | 손실: 0.4156 | 학습: 85.4% | 검증: 81.2% | lr: 1.00e-06 | 0.3s
  에폭 1331/2000 | 손실: 0.4205 | 학습: 85.6% | 검증: 81.4% | lr: 1.00e-06 | 0.3s
  에폭 1332/2000 | 손실: 0.4148 | 학습: 85.7% | 검증: 81.4% | lr: 1.00e-06 | 0.3s
  에폭 1333/2000 | 손실: 0.4200 | 학습: 85.6% | 검증: 81.0% | lr: 1.00e-06 | 0.3s
  에폭 1334/2000 | 손실: 0.4234 | 학습: 85.4% | 검증: 81.5% | lr: 1.00e-06 | 0.3s
  에폭 1335/2000 | 손실: 0.4187 | 학습: 85.7% | 검증: 81.3% | lr: 1.00e-06 | 0.3s
  에폭 1336/2000 | 손실: 0.4195 | 학습: 85.5% | 검증: 81.2% | lr: 1.00e-06 | 0.3s
  에폭 1337/2000 | 손실: 0.4192 | 학습: 85.7% | 검증: 81.5% | lr: 1.00e-06 | 0.3s
  에폭 1338/2000 | 손실: 0.4180 | 학습: 85.7% | 검증: 81.3% | lr: 1.00e-06 | 0.3s
  에폭 1339/2000 | 손실: 0.4156 | 학습: 85.4% | 검증: 81.3% | lr: 1.00e-06 | 0.3s
  에폭 1340/2000 | 손실: 0.4176 | 학습: 85.8% | 검증: 81.3% | lr: 1.00e-06 | 0.3s
  에폭 1341/2000 | 손실: 0.4171 | 학습: 85.2% | 검증: 81.1% | lr: 1.00e-06 | 0.3s
  에폭 1342/2000 | 손실: 0.4155 | 학습: 85.5% | 검증: 81.2% | lr: 1.00e-06 | 0.3s
  에폭 1343/2000 | 손실: 0.4207 | 학습: 85.7% | 검증: 81.4% | lr: 1.00e-06 | 0.3s
  에폭 1344/2000 | 손실: 0.4194 | 학습: 85.6% | 검증: 81.5% | lr: 1.00e-06 | 0.3s
  에폭 1345/2000 | 손실: 0.4201 | 학습: 85.6% | 검증: 81.3% | lr: 1.00e-06 | 0.3s
  에폭 1346/2000 | 손실: 0.4177 | 학습: 85.5% | 검증: 81.0% | lr: 1.00e-06 | 0.3s
  에폭 1347/2000 | 손실: 0.4220 | 학습: 85.7% | 검증: 81.5% | lr: 1.00e-06 | 0.3s
  에폭 1348/2000 | 손실: 0.4168 | 학습: 85.5% | 검증: 81.5% | lr: 1.00e-06 | 0.3s
  에폭 1349/2000 | 손실: 0.4197 | 학습: 85.7% | 검증: 81.5% | lr: 1.00e-06 | 0.3s
  에폭 1350/2000 | 손실: 0.4171 | 학습: 85.5% | 검증: 81.5% | lr: 1.00e-06 | 0.3s
  에폭 1351/2000 | 손실: 0.4185 | 학습: 85.4% | 검증: 81.4% | lr: 1.00e-06 | 0.3s
  에폭 1352/2000 | 손실: 0.4171 | 학습: 85.5% | 검증: 81.2% | lr: 1.00e-06 | 0.3s
  에폭 1353/2000 | 손실: 0.4153 | 학습: 85.5% | 검증: 81.6% | lr: 1.00e-06 | 0.3s
  에폭 1354/2000 | 손실: 0.4184 | 학습: 85.7% | 검증: 81.3% | lr: 1.00e-06 | 0.3s
  에폭 1355/2000 | 손실: 0.4200 | 학습: 85.5% | 검증: 81.6% | lr: 1.00e-06 | 0.3s
  에폭 1356/2000 | 손실: 0.4172 | 학습: 85.4% | 검증: 81.4% | lr: 1.00e-06 | 0.3s
  에폭 1357/2000 | 손실: 0.4172 | 학습: 85.6% | 검증: 81.2% | lr: 1.00e-06 | 0.3s
  에폭 1358/2000 | 손실: 0.4170 | 학습: 85.5% | 검증: 81.3% | lr: 1.00e-06 | 0.3s
  에폭 1359/2000 | 손실: 0.4171 | 학습: 85.2% | 검증: 81.1% | lr: 1.00e-06 | 0.3s
  에폭 1360/2000 | 손실: 0.4232 | 학습: 85.4% | 검증: 81.4% | lr: 1.00e-06 | 0.3s
  에폭 1361/2000 | 손실: 0.4181 | 학습: 85.4% | 검증: 81.4% | lr: 1.00e-06 | 0.3s
  에폭 1362/2000 | 손실: 0.4220 | 학습: 85.5% | 검증: 81.3% | lr: 1.00e-06 | 0.3s
  에폭 1363/2000 | 손실: 0.4160 | 학습: 85.6% | 검증: 81.6% | lr: 1.00e-06 | 0.3s
  에폭 1364/2000 | 손실: 0.4200 | 학습: 85.7% | 검증: 81.4% | lr: 1.00e-06 | 0.3s
  에폭 1365/2000 | 손실: 0.4188 | 학습: 85.6% | 검증: 81.4% | lr: 1.00e-06 | 0.3s
  에폭 1366/2000 | 손실: 0.4147 | 학습: 85.4% | 검증: 81.0% | lr: 1.00e-06 | 0.3s
  에폭 1367/2000 | 손실: 0.4186 | 학습: 85.7% | 검증: 81.4% | lr: 1.00e-06 | 0.3s
  에폭 1368/2000 | 손실: 0.4156 | 학습: 85.6% | 검증: 81.5% | lr: 1.00e-06 | 0.3s
  에폭 1369/2000 | 손실: 0.4190 | 학습: 85.6% | 검증: 81.6% | lr: 1.00e-06 | 0.3s
  에폭 1370/2000 | 손실: 0.4199 | 학습: 85.6% | 검증: 81.5% | lr: 1.00e-06 | 0.3s
  에폭 1371/2000 | 손실: 0.4194 | 학습: 85.7% | 검증: 81.2% | lr: 1.00e-06 | 0.3s
  에폭 1372/2000 | 손실: 0.4216 | 학습: 85.4% | 검증: 81.4% | lr: 1.00e-06 | 0.3s
  에폭 1373/2000 | 손실: 0.4216 | 학습: 85.2% | 검증: 81.0% | lr: 1.00e-06 | 0.3s
  에폭 1374/2000 | 손실: 0.4171 | 학습: 85.5% | 검증: 81.3% | lr: 1.00e-06 | 0.3s
  에폭 1375/2000 | 손실: 0.4172 | 학습: 85.3% | 검증: 81.3% | lr: 1.00e-06 | 0.3s
  에폭 1376/2000 | 손실: 0.4159 | 학습: 85.6% | 검증: 81.2% | lr: 1.00e-06 | 0.3s
  에폭 1377/2000 | 손실: 0.4190 | 학습: 85.5% | 검증: 81.5% | lr: 1.00e-06 | 0.3s
  에폭 1378/2000 | 손실: 0.4199 | 학습: 85.5% | 검증: 81.6% | lr: 1.00e-06 | 0.3s
  에폭 1379/2000 | 손실: 0.4199 | 학습: 85.2% | 검증: 81.1% | lr: 1.00e-06 | 0.3s
  에폭 1380/2000 | 손실: 0.4173 | 학습: 85.6% | 검증: 81.1% | lr: 1.00e-06 | 0.3s
  에폭 1381/2000 | 손실: 0.4156 | 학습: 85.6% | 검증: 81.2% | lr: 1.00e-06 | 0.3s
  에폭 1382/2000 | 손실: 0.4192 | 학습: 85.4% | 검증: 81.3% | lr: 1.00e-06 | 0.3s
  에폭 1383/2000 | 손실: 0.4108 | 학습: 85.6% | 검증: 81.1% | lr: 1.00e-06 | 0.3s
  에폭 1384/2000 | 손실: 0.4250 | 학습: 85.7% | 검증: 81.5% | lr: 1.00e-06 | 0.3s
  에폭 1385/2000 | 손실: 0.4184 | 학습: 85.6% | 검증: 81.1% | lr: 1.00e-06 | 0.3s
  에폭 1386/2000 | 손실: 0.4175 | 학습: 85.5% | 검증: 81.2% | lr: 1.00e-06 | 0.3s
  에폭 1387/2000 | 손실: 0.4157 | 학습: 85.5% | 검증: 81.4% | lr: 1.00e-06 | 0.3s
  에폭 1388/2000 | 손실: 0.4185 | 학습: 85.4% | 검증: 81.5% | lr: 1.00e-06 | 0.3s
  에폭 1389/2000 | 손실: 0.4177 | 학습: 85.5% | 검증: 81.3% | lr: 1.00e-06 | 0.3s
  에폭 1390/2000 | 손실: 0.4221 | 학습: 85.5% | 검증: 81.5% | lr: 1.00e-06 | 0.3s
  에폭 1391/2000 | 손실: 0.4203 | 학습: 85.4% | 검증: 80.9% | lr: 1.00e-06 | 0.3s
  에폭 1392/2000 | 손실: 0.4120 | 학습: 85.5% | 검증: 81.3% | lr: 1.00e-06 | 0.3s
  에폭 1393/2000 | 손실: 0.4184 | 학습: 85.7% | 검증: 81.4% | lr: 1.00e-06 | 0.3s
  에폭 1394/2000 | 손실: 0.4193 | 학습: 85.5% | 검증: 81.5% | lr: 1.00e-06 | 0.3s
  에폭 1395/2000 | 손실: 0.4128 | 학습: 85.5% | 검증: 81.2% | lr: 1.00e-06 | 0.3s
  에폭 1396/2000 | 손실: 0.4128 | 학습: 85.6% | 검증: 81.3% | lr: 1.00e-06 | 0.3s
  에폭 1397/2000 | 손실: 0.4168 | 학습: 85.6% | 검증: 81.7% | lr: 1.00e-06 | 0.3s
  에폭 1398/2000 | 손실: 0.4157 | 학습: 85.4% | 검증: 81.1% | lr: 1.00e-06 | 0.3s
  에폭 1399/2000 | 손실: 0.4161 | 학습: 85.4% | 검증: 81.5% | lr: 1.00e-06 | 0.3s
  에폭 1400/2000 | 손실: 0.4166 | 학습: 85.4% | 검증: 81.2% | lr: 1.00e-06 | 0.3s
  에폭 1401/2000 | 손실: 0.4173 | 학습: 85.2% | 검증: 81.2% | lr: 1.00e-06 | 0.3s
  에폭 1402/2000 | 손실: 0.4202 | 학습: 85.6% | 검증: 81.3% | lr: 1.00e-06 | 0.3s
  에폭 1403/2000 | 손실: 0.4193 | 학습: 85.7% | 검증: 81.6% | lr: 1.00e-06 | 0.3s
  에폭 1404/2000 | 손실: 0.4209 | 학습: 85.5% | 검증: 81.1% | lr: 1.00e-06 | 0.3s
  에폭 1405/2000 | 손실: 0.4174 | 학습: 85.6% | 검증: 81.2% | lr: 1.00e-06 | 0.3s
  에폭 1406/2000 | 손실: 0.4136 | 학습: 85.5% | 검증: 81.2% | lr: 1.00e-06 | 0.3s
  에폭 1407/2000 | 손실: 0.4175 | 학습: 85.6% | 검증: 81.5% | lr: 1.00e-06 | 0.3s
  에폭 1408/2000 | 손실: 0.4192 | 학습: 85.6% | 검증: 81.3% | lr: 1.00e-06 | 0.3s
  에폭 1409/2000 | 손실: 0.4149 | 학습: 85.7% | 검증: 81.6% | lr: 1.00e-06 | 0.3s
  에폭 1410/2000 | 손실: 0.4180 | 학습: 85.6% | 검증: 81.5% | lr: 1.00e-06 | 0.3s
  에폭 1411/2000 | 손실: 0.4160 | 학습: 85.5% | 검증: 81.5% | lr: 1.00e-06 | 0.3s
  에폭 1412/2000 | 손실: 0.4159 | 학습: 85.6% | 검증: 81.6% | lr: 1.00e-06 | 0.3s
  에폭 1413/2000 | 손실: 0.4194 | 학습: 85.4% | 검증: 81.2% | lr: 1.00e-06 | 0.3s
  에폭 1414/2000 | 손실: 0.4214 | 학습: 85.6% | 검증: 81.3% | lr: 1.00e-06 | 0.3s
  에폭 1415/2000 | 손실: 0.4174 | 학습: 85.5% | 검증: 81.2% | lr: 1.00e-06 | 0.3s
  에폭 1416/2000 | 손실: 0.4172 | 학습: 85.4% | 검증: 81.1% | lr: 1.00e-06 | 0.3s
  에폭 1417/2000 | 손실: 0.4184 | 학습: 85.5% | 검증: 81.4% | lr: 1.00e-06 | 0.3s
  에폭 1418/2000 | 손실: 0.4159 | 학습: 85.7% | 검증: 81.2% | lr: 1.00e-06 | 0.3s
  에폭 1419/2000 | 손실: 0.4140 | 학습: 85.4% | 검증: 81.3% | lr: 1.00e-06 | 0.3s
  에폭 1420/2000 | 손실: 0.4151 | 학습: 85.6% | 검증: 81.4% | lr: 1.00e-06 | 0.3s
  에폭 1421/2000 | 손실: 0.4193 | 학습: 85.6% | 검증: 81.6% | lr: 1.00e-06 | 0.3s
  에폭 1422/2000 | 손실: 0.4224 | 학습: 85.4% | 검증: 81.4% | lr: 1.00e-06 | 0.3s
  에폭 1423/2000 | 손실: 0.4188 | 학습: 85.7% | 검증: 81.5% | lr: 1.00e-06 | 0.3s
  에폭 1424/2000 | 손실: 0.4205 | 학습: 85.6% | 검증: 81.3% | lr: 1.00e-06 | 0.3s
  에폭 1425/2000 | 손실: 0.4180 | 학습: 85.7% | 검증: 81.4% | lr: 1.00e-06 | 0.3s
  에폭 1426/2000 | 손실: 0.4176 | 학습: 85.7% | 검증: 81.4% | lr: 1.00e-06 | 0.3s
  에폭 1427/2000 | 손실: 0.4143 | 학습: 85.7% | 검증: 81.3% | lr: 1.00e-06 | 0.3s
  에폭 1428/2000 | 손실: 0.4176 | 학습: 85.5% | 검증: 81.4% | lr: 1.00e-06 | 0.3s
  에폭 1429/2000 | 손실: 0.4192 | 학습: 85.6% | 검증: 81.4% | lr: 1.00e-06 | 0.3s
  에폭 1430/2000 | 손실: 0.4172 | 학습: 85.7% | 검증: 81.4% | lr: 1.00e-06 | 0.3s
  에폭 1431/2000 | 손실: 0.4183 | 학습: 85.6% | 검증: 81.6% | lr: 1.00e-06 | 0.3s
  에폭 1432/2000 | 손실: 0.4185 | 학습: 85.4% | 검증: 81.5% | lr: 1.00e-06 | 0.3s
  에폭 1433/2000 | 손실: 0.4183 | 학습: 85.6% | 검증: 81.4% | lr: 1.00e-06 | 0.3s
  에폭 1434/2000 | 손실: 0.4150 | 학습: 85.5% | 검증: 81.1% | lr: 1.00e-06 | 0.3s
  에폭 1435/2000 | 손실: 0.4193 | 학습: 85.5% | 검증: 81.3% | lr: 1.00e-06 | 0.3s
  에폭 1436/2000 | 손실: 0.4157 | 학습: 85.4% | 검증: 81.1% | lr: 1.00e-06 | 0.3s
  에폭 1437/2000 | 손실: 0.4163 | 학습: 85.3% | 검증: 81.1% | lr: 1.00e-06 | 0.3s
  에폭 1438/2000 | 손실: 0.4164 | 학습: 85.3% | 검증: 80.9% | lr: 1.00e-06 | 0.3s
  에폭 1439/2000 | 손실: 0.4157 | 학습: 85.7% | 검증: 81.3% | lr: 1.00e-06 | 0.3s
  에폭 1440/2000 | 손실: 0.4182 | 학습: 85.3% | 검증: 81.4% | lr: 1.00e-06 | 0.3s
  에폭 1441/2000 | 손실: 0.4176 | 학습: 85.5% | 검증: 81.5% | lr: 1.00e-06 | 0.3s
  에폭 1442/2000 | 손실: 0.4179 | 학습: 85.6% | 검증: 81.7% | lr: 1.00e-06 | 0.3s
  에폭 1443/2000 | 손실: 0.4174 | 학습: 85.5% | 검증: 81.6% | lr: 1.00e-06 | 0.3s
  에폭 1444/2000 | 손실: 0.4174 | 학습: 85.7% | 검증: 81.3% | lr: 1.00e-06 | 0.3s
  에폭 1445/2000 | 손실: 0.4212 | 학습: 85.5% | 검증: 81.1% | lr: 1.00e-06 | 0.3s
  에폭 1446/2000 | 손실: 0.4166 | 학습: 85.5% | 검증: 81.0% | lr: 1.00e-06 | 0.3s
  에폭 1447/2000 | 손실: 0.4169 | 학습: 85.4% | 검증: 81.0% | lr: 1.00e-06 | 0.3s
  에폭 1448/2000 | 손실: 0.4196 | 학습: 85.7% | 검증: 81.6% | lr: 1.00e-06 | 0.3s
  에폭 1449/2000 | 손실: 0.4188 | 학습: 85.4% | 검증: 81.2% | lr: 1.00e-06 | 0.3s
  에폭 1450/2000 | 손실: 0.4218 | 학습: 85.7% | 검증: 81.2% | lr: 1.00e-06 | 0.3s
  에폭 1451/2000 | 손실: 0.4205 | 학습: 85.7% | 검증: 81.7% | lr: 1.00e-06 | 0.3s
  에폭 1452/2000 | 손실: 0.4161 | 학습: 85.5% | 검증: 81.4% | lr: 1.00e-06 | 0.3s
  에폭 1453/2000 | 손실: 0.4167 | 학습: 85.6% | 검증: 81.2% | lr: 1.00e-06 | 0.3s
  에폭 1454/2000 | 손실: 0.4196 | 학습: 85.4% | 검증: 81.4% | lr: 1.00e-06 | 0.3s
  에폭 1455/2000 | 손실: 0.4203 | 학습: 85.4% | 검증: 80.9% | lr: 1.00e-06 | 0.3s
  에폭 1456/2000 | 손실: 0.4174 | 학습: 85.5% | 검증: 81.3% | lr: 1.00e-06 | 0.3s
  에폭 1457/2000 | 손실: 0.4159 | 학습: 85.4% | 검증: 81.0% | lr: 1.00e-06 | 0.3s
  에폭 1458/2000 | 손실: 0.4184 | 학습: 85.6% | 검증: 81.4% | lr: 1.00e-06 | 0.3s
  에폭 1459/2000 | 손실: 0.4136 | 학습: 85.5% | 검증: 81.2% | lr: 1.00e-06 | 0.3s
  에폭 1460/2000 | 손실: 0.4192 | 학습: 85.3% | 검증: 80.9% | lr: 1.00e-06 | 0.3s
  에폭 1461/2000 | 손실: 0.4178 | 학습: 85.5% | 검증: 81.2% | lr: 1.00e-06 | 0.3s
  에폭 1462/2000 | 손실: 0.4172 | 학습: 85.4% | 검증: 81.5% | lr: 1.00e-06 | 0.3s
  에폭 1463/2000 | 손실: 0.4192 | 학습: 85.6% | 검증: 81.4% | lr: 1.00e-06 | 0.3s
  에폭 1464/2000 | 손실: 0.4187 | 학습: 85.6% | 검증: 81.6% | lr: 1.00e-06 | 0.3s
  에폭 1465/2000 | 손실: 0.4138 | 학습: 85.6% | 검증: 81.6% | lr: 1.00e-06 | 0.3s
  에폭 1466/2000 | 손실: 0.4147 | 학습: 85.5% | 검증: 81.1% | lr: 1.00e-06 | 0.3s
  에폭 1467/2000 | 손실: 0.4150 | 학습: 85.4% | 검증: 80.8% | lr: 1.00e-06 | 0.3s
  에폭 1468/2000 | 손실: 0.4183 | 학습: 85.6% | 검증: 81.5% | lr: 1.00e-06 | 0.3s
  에폭 1469/2000 | 손실: 0.4166 | 학습: 85.6% | 검증: 81.2% | lr: 1.00e-06 | 0.3s
  에폭 1470/2000 | 손실: 0.4151 | 학습: 85.4% | 검증: 81.3% | lr: 1.00e-06 | 0.3s
  에폭 1471/2000 | 손실: 0.4182 | 학습: 85.6% | 검증: 81.1% | lr: 1.00e-06 | 0.3s
  에폭 1472/2000 | 손실: 0.4204 | 학습: 85.8% | 검증: 81.2% | lr: 1.00e-06 | 0.3s
  에폭 1473/2000 | 손실: 0.4142 | 학습: 85.5% | 검증: 81.5% | lr: 1.00e-06 | 0.3s
  에폭 1474/2000 | 손실: 0.4164 | 학습: 85.5% | 검증: 81.2% | lr: 1.00e-06 | 0.3s
  에폭 1475/2000 | 손실: 0.4195 | 학습: 85.5% | 검증: 81.4% | lr: 1.00e-06 | 0.3s
  에폭 1476/2000 | 손실: 0.4169 | 학습: 85.5% | 검증: 81.3% | lr: 1.00e-06 | 0.3s
  에폭 1477/2000 | 손실: 0.4153 | 학습: 85.4% | 검증: 81.1% | lr: 1.00e-06 | 0.3s
  에폭 1478/2000 | 손실: 0.4181 | 학습: 85.6% | 검증: 81.4% | lr: 1.00e-06 | 0.3s
  에폭 1479/2000 | 손실: 0.4174 | 학습: 85.6% | 검증: 81.6% | lr: 1.00e-06 | 0.3s
  에폭 1480/2000 | 손실: 0.4163 | 학습: 85.6% | 검증: 81.1% | lr: 1.00e-06 | 0.3s
  에폭 1481/2000 | 손실: 0.4214 | 학습: 85.6% | 검증: 81.3% | lr: 1.00e-06 | 0.3s
  에폭 1482/2000 | 손실: 0.4182 | 학습: 85.4% | 검증: 81.5% | lr: 1.00e-06 | 0.3s
  에폭 1483/2000 | 손실: 0.4131 | 학습: 85.5% | 검증: 81.5% | lr: 1.00e-06 | 0.3s
  에폭 1484/2000 | 손실: 0.4208 | 학습: 85.4% | 검증: 81.0% | lr: 1.00e-06 | 0.3s
  에폭 1485/2000 | 손실: 0.4187 | 학습: 85.3% | 검증: 81.3% | lr: 1.00e-06 | 0.3s
  에폭 1486/2000 | 손실: 0.4188 | 학습: 85.6% | 검증: 81.3% | lr: 1.00e-06 | 0.3s
  에폭 1487/2000 | 손실: 0.4217 | 학습: 85.5% | 검증: 81.6% | lr: 1.00e-06 | 0.3s
  에폭 1488/2000 | 손실: 0.4190 | 학습: 85.7% | 검증: 81.6% | lr: 1.00e-06 | 0.3s
  에폭 1489/2000 | 손실: 0.4134 | 학습: 85.4% | 검증: 81.3% | lr: 1.00e-06 | 0.3s
  에폭 1490/2000 | 손실: 0.4234 | 학습: 85.6% | 검증: 81.0% | lr: 1.00e-06 | 0.3s
  에폭 1491/2000 | 손실: 0.4174 | 학습: 85.5% | 검증: 81.5% | lr: 1.00e-06 | 0.3s
  에폭 1492/2000 | 손실: 0.4170 | 학습: 85.5% | 검증: 81.4% | lr: 1.00e-06 | 0.3s
  에폭 1493/2000 | 손실: 0.4167 | 학습: 85.6% | 검증: 81.5% | lr: 1.00e-06 | 0.3s
  에폭 1494/2000 | 손실: 0.4149 | 학습: 85.7% | 검증: 81.0% | lr: 1.00e-06 | 0.3s
  에폭 1495/2000 | 손실: 0.4165 | 학습: 85.6% | 검증: 81.1% | lr: 1.00e-06 | 0.3s
  에폭 1496/2000 | 손실: 0.4185 | 학습: 85.5% | 검증: 81.6% | lr: 1.00e-06 | 0.3s
  에폭 1497/2000 | 손실: 0.4196 | 학습: 85.6% | 검증: 81.3% | lr: 1.00e-06 | 0.3s
  에폭 1498/2000 | 손실: 0.4196 | 학습: 85.7% | 검증: 81.3% | lr: 1.00e-06 | 0.3s
  에폭 1499/2000 | 손실: 0.4215 | 학습: 85.8% | 검증: 81.6% | lr: 1.00e-06 | 0.3s
  에폭 1500/2000 | 손실: 0.4187 | 학습: 85.4% | 검증: 81.3% | lr: 1.00e-06 | 0.3s
  에폭 1501/2000 | 손실: 0.4162 | 학습: 85.5% | 검증: 81.6% | lr: 1.00e-06 | 0.3s
  에폭 1502/2000 | 손실: 0.4161 | 학습: 85.4% | 검증: 81.2% | lr: 1.00e-06 | 0.3s
  에폭 1503/2000 | 손실: 0.4202 | 학습: 85.5% | 검증: 81.1% | lr: 1.00e-06 | 0.4s
  에폭 1504/2000 | 손실: 0.4142 | 학습: 85.5% | 검증: 81.2% | lr: 1.00e-06 | 0.4s
  에폭 1505/2000 | 손실: 0.4196 | 학습: 85.7% | 검증: 81.6% | lr: 1.00e-06 | 0.4s
  에폭 1506/2000 | 손실: 0.4223 | 학습: 85.4% | 검증: 80.7% | lr: 1.00e-06 | 0.3s
  에폭 1507/2000 | 손실: 0.4174 | 학습: 85.3% | 검증: 81.2% | lr: 1.00e-06 | 0.4s
  에폭 1508/2000 | 손실: 0.4164 | 학습: 85.4% | 검증: 81.1% | lr: 1.00e-06 | 0.3s
  에폭 1509/2000 | 손실: 0.4188 | 학습: 85.4% | 검증: 81.0% | lr: 1.00e-06 | 0.3s
  에폭 1510/2000 | 손실: 0.4211 | 학습: 85.7% | 검증: 81.3% | lr: 1.00e-06 | 0.3s
  에폭 1511/2000 | 손실: 0.4149 | 학습: 85.6% | 검증: 81.3% | lr: 1.00e-06 | 0.3s
  에폭 1512/2000 | 손실: 0.4177 | 학습: 85.6% | 검증: 81.4% | lr: 1.00e-06 | 0.3s
  에폭 1513/2000 | 손실: 0.4191 | 학습: 85.7% | 검증: 81.7% | lr: 1.00e-06 | 0.3s
  에폭 1514/2000 | 손실: 0.4167 | 학습: 85.4% | 검증: 81.3% | lr: 1.00e-06 | 0.3s
  에폭 1515/2000 | 손실: 0.4171 | 학습: 85.1% | 검증: 81.2% | lr: 1.00e-06 | 0.3s
  에폭 1516/2000 | 손실: 0.4158 | 학습: 85.2% | 검증: 81.2% | lr: 1.00e-06 | 0.3s
  에폭 1517/2000 | 손실: 0.4203 | 학습: 85.5% | 검증: 81.4% | lr: 1.00e-06 | 0.3s
  에폭 1518/2000 | 손실: 0.4213 | 학습: 85.4% | 검증: 81.4% | lr: 1.00e-06 | 0.3s
  에폭 1519/2000 | 손실: 0.4223 | 학습: 85.7% | 검증: 81.5% | lr: 1.00e-06 | 0.3s
  에폭 1520/2000 | 손실: 0.4182 | 학습: 85.6% | 검증: 81.6% | lr: 1.00e-06 | 0.3s
  에폭 1521/2000 | 손실: 0.4227 | 학습: 85.6% | 검증: 81.3% | lr: 1.00e-06 | 0.3s
  에폭 1522/2000 | 손실: 0.4171 | 학습: 85.7% | 검증: 81.2% | lr: 1.00e-06 | 0.3s
  에폭 1523/2000 | 손실: 0.4155 | 학습: 85.7% | 검증: 81.2% | lr: 1.00e-06 | 0.3s
  에폭 1524/2000 | 손실: 0.4169 | 학습: 85.7% | 검증: 81.3% | lr: 1.00e-06 | 0.3s
  에폭 1525/2000 | 손실: 0.4177 | 학습: 85.3% | 검증: 81.3% | lr: 1.00e-06 | 0.3s
  에폭 1526/2000 | 손실: 0.4153 | 학습: 85.6% | 검증: 81.3% | lr: 1.00e-06 | 0.3s
  에폭 1527/2000 | 손실: 0.4217 | 학습: 85.6% | 검증: 81.2% | lr: 1.00e-06 | 0.3s
  에폭 1528/2000 | 손실: 0.4181 | 학습: 85.5% | 검증: 81.3% | lr: 1.00e-06 | 0.3s
  에폭 1529/2000 | 손실: 0.4181 | 학습: 85.5% | 검증: 81.3% | lr: 1.00e-06 | 0.3s
  에폭 1530/2000 | 손실: 0.4185 | 학습: 85.6% | 검증: 81.3% | lr: 1.00e-06 | 0.3s
  에폭 1531/2000 | 손실: 0.4170 | 학습: 85.7% | 검증: 81.5% | lr: 1.00e-06 | 0.3s
  에폭 1532/2000 | 손실: 0.4188 | 학습: 85.6% | 검증: 81.5% | lr: 1.00e-06 | 0.3s
  에폭 1533/2000 | 손실: 0.4190 | 학습: 85.4% | 검증: 81.5% | lr: 1.00e-06 | 0.3s
  에폭 1534/2000 | 손실: 0.4164 | 학습: 85.7% | 검증: 81.3% | lr: 1.00e-06 | 0.3s
  에폭 1535/2000 | 손실: 0.4181 | 학습: 85.3% | 검증: 81.2% | lr: 1.00e-06 | 0.4s
  에폭 1536/2000 | 손실: 0.4198 | 학습: 85.3% | 검증: 81.5% | lr: 1.00e-06 | 0.3s
  에폭 1537/2000 | 손실: 0.4151 | 학습: 85.6% | 검증: 81.0% | lr: 1.00e-06 | 0.4s
  에폭 1538/2000 | 손실: 0.4201 | 학습: 85.3% | 검증: 81.1% | lr: 1.00e-06 | 0.3s
  에폭 1539/2000 | 손실: 0.4189 | 학습: 85.6% | 검증: 81.3% | lr: 1.00e-06 | 0.4s
  에폭 1540/2000 | 손실: 0.4205 | 학습: 85.6% | 검증: 81.6% | lr: 1.00e-06 | 0.3s
  에폭 1541/2000 | 손실: 0.4167 | 학습: 85.3% | 검증: 81.4% | lr: 1.00e-06 | 0.3s
  에폭 1542/2000 | 손실: 0.4226 | 학습: 85.6% | 검증: 81.6% | lr: 1.00e-06 | 0.3s
  에폭 1543/2000 | 손실: 0.4182 | 학습: 85.5% | 검증: 81.6% | lr: 1.00e-06 | 0.3s
  에폭 1544/2000 | 손실: 0.4154 | 학습: 85.7% | 검증: 81.7% | lr: 1.00e-06 | 0.3s
  에폭 1545/2000 | 손실: 0.4190 | 학습: 85.4% | 검증: 81.3% | lr: 1.00e-06 | 0.3s
  에폭 1546/2000 | 손실: 0.4178 | 학습: 85.5% | 검증: 81.2% | lr: 1.00e-06 | 0.3s
  에폭 1547/2000 | 손실: 0.4189 | 학습: 85.6% | 검증: 81.6% | lr: 1.00e-06 | 0.3s
  에폭 1548/2000 | 손실: 0.4187 | 학습: 85.5% | 검증: 81.0% | lr: 1.00e-06 | 0.3s
  에폭 1549/2000 | 손실: 0.4235 | 학습: 85.5% | 검증: 81.1% | lr: 1.00e-06 | 0.3s
  에폭 1550/2000 | 손실: 0.4169 | 학습: 85.5% | 검증: 81.3% | lr: 1.00e-06 | 0.3s
  에폭 1551/2000 | 손실: 0.4136 | 학습: 85.5% | 검증: 81.5% | lr: 1.00e-06 | 0.3s
  에폭 1552/2000 | 손실: 0.4171 | 학습: 85.5% | 검증: 81.6% | lr: 1.00e-06 | 0.3s
  에폭 1553/2000 | 손실: 0.4205 | 학습: 85.5% | 검증: 81.3% | lr: 1.00e-06 | 0.3s
  에폭 1554/2000 | 손실: 0.4164 | 학습: 85.7% | 검증: 81.6% | lr: 1.00e-06 | 0.3s
  에폭 1555/2000 | 손실: 0.4204 | 학습: 85.3% | 검증: 81.1% | lr: 1.00e-06 | 0.3s
  에폭 1556/2000 | 손실: 0.4142 | 학습: 85.4% | 검증: 81.4% | lr: 1.00e-06 | 0.3s
  에폭 1557/2000 | 손실: 0.4170 | 학습: 85.7% | 검증: 81.6% | lr: 1.00e-06 | 0.3s
  에폭 1558/2000 | 손실: 0.4197 | 학습: 85.4% | 검증: 81.5% | lr: 1.00e-06 | 0.3s
  에폭 1559/2000 | 손실: 0.4198 | 학습: 85.5% | 검증: 81.2% | lr: 1.00e-06 | 0.3s
  에폭 1560/2000 | 손실: 0.4195 | 학습: 85.5% | 검증: 81.4% | lr: 1.00e-06 | 0.3s
  에폭 1561/2000 | 손실: 0.4180 | 학습: 85.7% | 검증: 81.5% | lr: 1.00e-06 | 0.3s
  에폭 1562/2000 | 손실: 0.4186 | 학습: 85.6% | 검증: 81.3% | lr: 1.00e-06 | 0.3s
  에폭 1563/2000 | 손실: 0.4170 | 학습: 85.3% | 검증: 81.2% | lr: 1.00e-06 | 0.3s
  에폭 1564/2000 | 손실: 0.4179 | 학습: 85.5% | 검증: 81.2% | lr: 1.00e-06 | 0.3s
  에폭 1565/2000 | 손실: 0.4164 | 학습: 85.2% | 검증: 81.0% | lr: 1.00e-06 | 0.3s
  에폭 1566/2000 | 손실: 0.4137 | 학습: 85.7% | 검증: 81.3% | lr: 1.00e-06 | 0.3s
  에폭 1567/2000 | 손실: 0.4184 | 학습: 85.6% | 검증: 81.5% | lr: 1.00e-06 | 0.3s
  에폭 1568/2000 | 손실: 0.4167 | 학습: 85.5% | 검증: 81.5% | lr: 1.00e-06 | 0.3s
  에폭 1569/2000 | 손실: 0.4192 | 학습: 85.4% | 검증: 81.4% | lr: 1.00e-06 | 0.3s
  에폭 1570/2000 | 손실: 0.4190 | 학습: 85.5% | 검증: 81.5% | lr: 1.00e-06 | 0.3s
  에폭 1571/2000 | 손실: 0.4186 | 학습: 85.5% | 검증: 81.3% | lr: 1.00e-06 | 0.3s
  에폭 1572/2000 | 손실: 0.4182 | 학습: 85.6% | 검증: 81.3% | lr: 1.00e-06 | 0.3s
  에폭 1573/2000 | 손실: 0.4178 | 학습: 85.7% | 검증: 81.4% | lr: 1.00e-06 | 0.3s
  에폭 1574/2000 | 손실: 0.4164 | 학습: 85.7% | 검증: 81.7% | lr: 1.00e-06 | 0.3s
  에폭 1575/2000 | 손실: 0.4189 | 학습: 85.4% | 검증: 81.0% | lr: 1.00e-06 | 0.3s
  에폭 1576/2000 | 손실: 0.4169 | 학습: 85.4% | 검증: 81.7% | lr: 1.00e-06 | 0.3s
  에폭 1577/2000 | 손실: 0.4161 | 학습: 85.7% | 검증: 81.3% | lr: 1.00e-06 | 0.3s
  에폭 1578/2000 | 손실: 0.4166 | 학습: 85.6% | 검증: 81.5% | lr: 1.00e-06 | 0.3s
  에폭 1579/2000 | 손실: 0.4186 | 학습: 85.7% | 검증: 81.4% | lr: 1.00e-06 | 0.3s
  에폭 1580/2000 | 손실: 0.4197 | 학습: 85.5% | 검증: 81.3% | lr: 1.00e-06 | 0.3s
  에폭 1581/2000 | 손실: 0.4174 | 학습: 85.5% | 검증: 81.4% | lr: 1.00e-06 | 0.3s
  에폭 1582/2000 | 손실: 0.4169 | 학습: 85.5% | 검증: 81.4% | lr: 1.00e-06 | 0.3s
  에폭 1583/2000 | 손실: 0.4176 | 학습: 85.7% | 검증: 81.3% | lr: 1.00e-06 | 0.3s
  에폭 1584/2000 | 손실: 0.4194 | 학습: 85.3% | 검증: 81.5% | lr: 1.00e-06 | 0.3s
  에폭 1585/2000 | 손실: 0.4149 | 학습: 85.8% | 검증: 81.5% | lr: 1.00e-06 | 0.3s
  에폭 1586/2000 | 손실: 0.4177 | 학습: 85.6% | 검증: 81.3% | lr: 1.00e-06 | 0.3s
  에폭 1587/2000 | 손실: 0.4167 | 학습: 85.5% | 검증: 81.4% | lr: 1.00e-06 | 0.3s
  에폭 1588/2000 | 손실: 0.4154 | 학습: 85.6% | 검증: 81.2% | lr: 1.00e-06 | 0.3s
  에폭 1589/2000 | 손실: 0.4196 | 학습: 85.4% | 검증: 81.4% | lr: 1.00e-06 | 0.3s
  에폭 1590/2000 | 손실: 0.4151 | 학습: 85.3% | 검증: 81.5% | lr: 1.00e-06 | 0.3s
  에폭 1591/2000 | 손실: 0.4221 | 학습: 85.4% | 검증: 81.3% | lr: 1.00e-06 | 0.3s
  에폭 1592/2000 | 손실: 0.4214 | 학습: 85.7% | 검증: 81.3% | lr: 1.00e-06 | 0.4s
  에폭 1593/2000 | 손실: 0.4175 | 학습: 85.7% | 검증: 81.2% | lr: 1.00e-06 | 0.4s
  에폭 1594/2000 | 손실: 0.4234 | 학습: 85.6% | 검증: 81.5% | lr: 1.00e-06 | 0.3s
  에폭 1595/2000 | 손실: 0.4170 | 학습: 85.5% | 검증: 81.5% | lr: 1.00e-06 | 0.3s
  에폭 1596/2000 | 손실: 0.4175 | 학습: 85.3% | 검증: 81.3% | lr: 1.00e-06 | 0.4s
  에폭 1597/2000 | 손실: 0.4117 | 학습: 85.7% | 검증: 81.6% | lr: 1.00e-06 | 0.4s
  에폭 1598/2000 | 손실: 0.4154 | 학습: 85.5% | 검증: 81.6% | lr: 1.00e-06 | 0.4s
  에폭 1599/2000 | 손실: 0.4180 | 학습: 85.6% | 검증: 81.4% | lr: 1.00e-06 | 0.4s
  에폭 1600/2000 | 손실: 0.4190 | 학습: 85.5% | 검증: 81.7% | lr: 1.00e-06 | 0.4s
  에폭 1601/2000 | 손실: 0.4158 | 학습: 85.4% | 검증: 81.3% | lr: 1.00e-06 | 0.4s
  에폭 1602/2000 | 손실: 0.4131 | 학습: 85.4% | 검증: 81.5% | lr: 1.00e-06 | 0.4s
  에폭 1603/2000 | 손실: 0.4223 | 학습: 85.6% | 검증: 81.4% | lr: 1.00e-06 | 0.4s
  에폭 1604/2000 | 손실: 0.4196 | 학습: 85.3% | 검증: 81.0% | lr: 1.00e-06 | 0.4s
  에폭 1605/2000 | 손실: 0.4157 | 학습: 85.5% | 검증: 81.1% | lr: 1.00e-06 | 0.4s
  에폭 1606/2000 | 손실: 0.4140 | 학습: 85.4% | 검증: 81.2% | lr: 1.00e-06 | 0.4s
  에폭 1607/2000 | 손실: 0.4182 | 학습: 85.4% | 검증: 81.3% | lr: 1.00e-06 | 0.4s
  에폭 1608/2000 | 손실: 0.4199 | 학습: 85.5% | 검증: 81.7% | lr: 1.00e-06 | 0.4s
  에폭 1609/2000 | 손실: 0.4254 | 학습: 85.6% | 검증: 81.4% | lr: 1.00e-06 | 0.3s
  에폭 1610/2000 | 손실: 0.4151 | 학습: 85.6% | 검증: 81.5% | lr: 1.00e-06 | 0.3s
  에폭 1611/2000 | 손실: 0.4207 | 학습: 85.2% | 검증: 81.3% | lr: 1.00e-06 | 0.4s
  에폭 1612/2000 | 손실: 0.4196 | 학습: 85.6% | 검증: 81.4% | lr: 1.00e-06 | 0.4s
  에폭 1613/2000 | 손실: 0.4164 | 학습: 85.2% | 검증: 81.6% | lr: 1.00e-06 | 0.4s
  에폭 1614/2000 | 손실: 0.4203 | 학습: 85.5% | 검증: 81.5% | lr: 1.00e-06 | 0.4s
  에폭 1615/2000 | 손실: 0.4219 | 학습: 85.6% | 검증: 81.7% | lr: 1.00e-06 | 0.4s
  에폭 1616/2000 | 손실: 0.4197 | 학습: 85.6% | 검증: 81.5% | lr: 1.00e-06 | 0.4s
  에폭 1617/2000 | 손실: 0.4144 | 학습: 85.3% | 검증: 81.3% | lr: 1.00e-06 | 0.4s
  에폭 1618/2000 | 손실: 0.4261 | 학습: 85.6% | 검증: 81.6% | lr: 1.00e-06 | 0.4s
  에폭 1619/2000 | 손실: 0.4214 | 학습: 85.7% | 검증: 81.6% | lr: 1.00e-06 | 0.4s
  에폭 1620/2000 | 손실: 0.4204 | 학습: 85.6% | 검증: 81.6% | lr: 1.00e-06 | 0.4s
  에폭 1621/2000 | 손실: 0.4171 | 학습: 85.7% | 검증: 81.5% | lr: 1.00e-06 | 0.3s
  에폭 1622/2000 | 손실: 0.4214 | 학습: 85.3% | 검증: 81.5% | lr: 1.00e-06 | 0.4s
  에폭 1623/2000 | 손실: 0.4172 | 학습: 85.1% | 검증: 81.1% | lr: 1.00e-06 | 0.4s
  에폭 1624/2000 | 손실: 0.4220 | 학습: 85.5% | 검증: 81.4% | lr: 1.00e-06 | 0.4s
  에폭 1625/2000 | 손실: 0.4205 | 학습: 85.4% | 검증: 81.1% | lr: 1.00e-06 | 0.3s
  에폭 1626/2000 | 손실: 0.4135 | 학습: 85.6% | 검증: 81.2% | lr: 1.00e-06 | 0.4s
  에폭 1627/2000 | 손실: 0.4150 | 학습: 85.5% | 검증: 81.3% | lr: 1.00e-06 | 0.4s
  에폭 1628/2000 | 손실: 0.4149 | 학습: 85.5% | 검증: 81.4% | lr: 1.00e-06 | 0.4s
  에폭 1629/2000 | 손실: 0.4158 | 학습: 85.5% | 검증: 80.9% | lr: 1.00e-06 | 0.3s
  에폭 1630/2000 | 손실: 0.4207 | 학습: 85.7% | 검증: 81.0% | lr: 1.00e-06 | 0.4s
  에폭 1631/2000 | 손실: 0.4190 | 학습: 85.5% | 검증: 81.1% | lr: 1.00e-06 | 0.4s
  에폭 1632/2000 | 손실: 0.4199 | 학습: 85.7% | 검증: 81.8% | lr: 1.00e-06 | 0.4s
  에폭 1633/2000 | 손실: 0.4140 | 학습: 85.4% | 검증: 81.4% | lr: 1.00e-06 | 0.4s
  에폭 1634/2000 | 손실: 0.4163 | 학습: 85.7% | 검증: 81.3% | lr: 1.00e-06 | 0.4s
  에폭 1635/2000 | 손실: 0.4188 | 학습: 85.6% | 검증: 81.4% | lr: 1.00e-06 | 0.4s
  에폭 1636/2000 | 손실: 0.4187 | 학습: 85.1% | 검증: 81.2% | lr: 1.00e-06 | 0.4s
  에폭 1637/2000 | 손실: 0.4177 | 학습: 85.6% | 검증: 81.3% | lr: 1.00e-06 | 0.4s
  에폭 1638/2000 | 손실: 0.4194 | 학습: 85.5% | 검증: 81.4% | lr: 1.00e-06 | 0.4s
  에폭 1639/2000 | 손실: 0.4175 | 학습: 85.7% | 검증: 81.5% | lr: 1.00e-06 | 0.4s
  에폭 1640/2000 | 손실: 0.4208 | 학습: 85.6% | 검증: 81.5% | lr: 1.00e-06 | 0.4s
  에폭 1641/2000 | 손실: 0.4183 | 학습: 85.4% | 검증: 81.4% | lr: 1.00e-06 | 0.4s
  에폭 1642/2000 | 손실: 0.4146 | 학습: 85.4% | 검증: 81.3% | lr: 1.00e-06 | 0.4s
  에폭 1643/2000 | 손실: 0.4186 | 학습: 85.5% | 검증: 81.4% | lr: 1.00e-06 | 0.4s
  에폭 1644/2000 | 손실: 0.4222 | 학습: 85.5% | 검증: 81.2% | lr: 1.00e-06 | 0.4s
  에폭 1645/2000 | 손실: 0.4226 | 학습: 85.7% | 검증: 81.3% | lr: 1.00e-06 | 0.4s
  에폭 1646/2000 | 손실: 0.4180 | 학습: 85.5% | 검증: 81.1% | lr: 1.00e-06 | 0.4s
  에폭 1647/2000 | 손실: 0.4176 | 학습: 85.5% | 검증: 81.5% | lr: 1.00e-06 | 0.4s
  에폭 1648/2000 | 손실: 0.4223 | 학습: 85.7% | 검증: 81.7% | lr: 1.00e-06 | 0.4s
  에폭 1649/2000 | 손실: 0.4231 | 학습: 85.4% | 검증: 81.1% | lr: 1.00e-06 | 0.4s
  에폭 1650/2000 | 손실: 0.4190 | 학습: 85.4% | 검증: 81.1% | lr: 1.00e-06 | 0.4s
  에폭 1651/2000 | 손실: 0.4213 | 학습: 85.6% | 검증: 81.4% | lr: 1.00e-06 | 0.4s
  에폭 1652/2000 | 손실: 0.4149 | 학습: 85.6% | 검증: 81.5% | lr: 1.00e-06 | 0.4s
  에폭 1653/2000 | 손실: 0.4213 | 학습: 85.4% | 검증: 81.2% | lr: 1.00e-06 | 0.4s
  에폭 1654/2000 | 손실: 0.4194 | 학습: 85.6% | 검증: 81.1% | lr: 1.00e-06 | 0.4s
  에폭 1655/2000 | 손실: 0.4156 | 학습: 85.6% | 검증: 81.1% | lr: 1.00e-06 | 0.4s
  에폭 1656/2000 | 손실: 0.4167 | 학습: 85.5% | 검증: 81.4% | lr: 1.00e-06 | 0.3s
  에폭 1657/2000 | 손실: 0.4186 | 학습: 85.7% | 검증: 81.5% | lr: 1.00e-06 | 0.4s
  에폭 1658/2000 | 손실: 0.4189 | 학습: 85.5% | 검증: 81.3% | lr: 1.00e-06 | 0.4s
  에폭 1659/2000 | 손실: 0.4157 | 학습: 85.4% | 검증: 81.5% | lr: 1.00e-06 | 0.4s
  에폭 1660/2000 | 손실: 0.4168 | 학습: 85.4% | 검증: 81.5% | lr: 1.00e-06 | 0.5s
  에폭 1661/2000 | 손실: 0.4191 | 학습: 85.6% | 검증: 81.7% | lr: 1.00e-06 | 0.4s
  에폭 1662/2000 | 손실: 0.4201 | 학습: 85.5% | 검증: 81.4% | lr: 1.00e-06 | 0.4s
  에폭 1663/2000 | 손실: 0.4201 | 학습: 85.7% | 검증: 81.6% | lr: 1.00e-06 | 0.4s
  에폭 1664/2000 | 손실: 0.4225 | 학습: 85.6% | 검증: 81.3% | lr: 1.00e-06 | 0.4s
  에폭 1665/2000 | 손실: 0.4182 | 학습: 85.3% | 검증: 81.5% | lr: 1.00e-06 | 0.4s
  에폭 1666/2000 | 손실: 0.4209 | 학습: 85.3% | 검증: 81.3% | lr: 1.00e-06 | 0.4s
  에폭 1667/2000 | 손실: 0.4184 | 학습: 85.6% | 검증: 81.5% | lr: 1.00e-06 | 0.4s
  에폭 1668/2000 | 손실: 0.4205 | 학습: 85.4% | 검증: 81.1% | lr: 1.00e-06 | 0.4s
  에폭 1669/2000 | 손실: 0.4165 | 학습: 85.5% | 검증: 81.6% | lr: 1.00e-06 | 0.4s
  에폭 1670/2000 | 손실: 0.4162 | 학습: 85.4% | 검증: 81.2% | lr: 1.00e-06 | 0.4s
  에폭 1671/2000 | 손실: 0.4176 | 학습: 85.4% | 검증: 81.5% | lr: 1.00e-06 | 0.4s
  에폭 1672/2000 | 손실: 0.4189 | 학습: 85.5% | 검증: 81.3% | lr: 1.00e-06 | 0.4s
  에폭 1673/2000 | 손실: 0.4167 | 학습: 85.6% | 검증: 81.5% | lr: 1.00e-06 | 0.4s
  에폭 1674/2000 | 손실: 0.4170 | 학습: 85.5% | 검증: 81.5% | lr: 1.00e-06 | 0.4s
  에폭 1675/2000 | 손실: 0.4181 | 학습: 85.5% | 검증: 81.5% | lr: 1.00e-06 | 0.4s
  에폭 1676/2000 | 손실: 0.4138 | 학습: 85.6% | 검증: 81.4% | lr: 1.00e-06 | 0.4s
  에폭 1677/2000 | 손실: 0.4186 | 학습: 85.5% | 검증: 81.2% | lr: 1.00e-06 | 0.4s
  에폭 1678/2000 | 손실: 0.4160 | 학습: 85.5% | 검증: 81.2% | lr: 1.00e-06 | 0.4s
  에폭 1679/2000 | 손실: 0.4123 | 학습: 85.6% | 검증: 81.3% | lr: 1.00e-06 | 0.4s
  에폭 1680/2000 | 손실: 0.4190 | 학습: 85.5% | 검증: 81.1% | lr: 1.00e-06 | 0.4s
  에폭 1681/2000 | 손실: 0.4136 | 학습: 85.7% | 검증: 81.4% | lr: 1.00e-06 | 0.4s
  에폭 1682/2000 | 손실: 0.4156 | 학습: 85.7% | 검증: 81.3% | lr: 1.00e-06 | 0.4s
  에폭 1683/2000 | 손실: 0.4177 | 학습: 85.6% | 검증: 81.2% | lr: 1.00e-06 | 0.4s
  에폭 1684/2000 | 손실: 0.4205 | 학습: 85.6% | 검증: 81.2% | lr: 1.00e-06 | 0.4s
  에폭 1685/2000 | 손실: 0.4135 | 학습: 85.7% | 검증: 81.3% | lr: 1.00e-06 | 0.4s
  에폭 1686/2000 | 손실: 0.4179 | 학습: 85.6% | 검증: 81.3% | lr: 1.00e-06 | 0.4s
  에폭 1687/2000 | 손실: 0.4146 | 학습: 85.5% | 검증: 81.8% | lr: 1.00e-06 | 0.4s ★
  에폭 1688/2000 | 손실: 0.4177 | 학습: 85.6% | 검증: 81.4% | lr: 1.00e-06 | 0.4s
  에폭 1689/2000 | 손실: 0.4140 | 학습: 85.5% | 검증: 81.3% | lr: 1.00e-06 | 0.4s
  에폭 1690/2000 | 손실: 0.4160 | 학습: 85.6% | 검증: 81.7% | lr: 1.00e-06 | 0.4s
  에폭 1691/2000 | 손실: 0.4169 | 학습: 85.5% | 검증: 81.3% | lr: 1.00e-06 | 0.4s
  에폭 1692/2000 | 손실: 0.4168 | 학습: 85.6% | 검증: 81.0% | lr: 1.00e-06 | 0.4s
  에폭 1693/2000 | 손실: 0.4196 | 학습: 85.4% | 검증: 81.1% | lr: 1.00e-06 | 0.4s
  에폭 1694/2000 | 손실: 0.4185 | 학습: 85.2% | 검증: 81.1% | lr: 1.00e-06 | 0.4s
  에폭 1695/2000 | 손실: 0.4225 | 학습: 85.5% | 검증: 81.2% | lr: 1.00e-06 | 0.4s
  에폭 1696/2000 | 손실: 0.4187 | 학습: 85.1% | 검증: 81.2% | lr: 1.00e-06 | 0.4s
  에폭 1697/2000 | 손실: 0.4148 | 학습: 85.3% | 검증: 81.1% | lr: 1.00e-06 | 0.4s
  에폭 1698/2000 | 손실: 0.4196 | 학습: 85.7% | 검증: 81.6% | lr: 1.00e-06 | 0.4s
  에폭 1699/2000 | 손실: 0.4177 | 학습: 85.7% | 검증: 81.6% | lr: 1.00e-06 | 0.4s
  에폭 1700/2000 | 손실: 0.4157 | 학습: 85.5% | 검증: 81.3% | lr: 1.00e-06 | 0.4s
  에폭 1701/2000 | 손실: 0.4135 | 학습: 85.6% | 검증: 81.5% | lr: 1.00e-06 | 0.4s
  에폭 1702/2000 | 손실: 0.4174 | 학습: 85.6% | 검증: 81.3% | lr: 1.00e-06 | 0.4s
  에폭 1703/2000 | 손실: 0.4161 | 학습: 85.3% | 검증: 81.4% | lr: 1.00e-06 | 0.4s
  에폭 1704/2000 | 손실: 0.4161 | 학습: 85.4% | 검증: 81.4% | lr: 1.00e-06 | 0.4s
  에폭 1705/2000 | 손실: 0.4180 | 학습: 85.5% | 검증: 81.2% | lr: 1.00e-06 | 0.4s
  에폭 1706/2000 | 손실: 0.4183 | 학습: 85.7% | 검증: 81.3% | lr: 1.00e-06 | 0.4s
  에폭 1707/2000 | 손실: 0.4169 | 학습: 85.5% | 검증: 81.4% | lr: 1.00e-06 | 0.4s
  에폭 1708/2000 | 손실: 0.4156 | 학습: 85.5% | 검증: 81.5% | lr: 1.00e-06 | 0.4s
  에폭 1709/2000 | 손실: 0.4206 | 학습: 85.5% | 검증: 81.3% | lr: 1.00e-06 | 0.4s
  에폭 1710/2000 | 손실: 0.4127 | 학습: 85.6% | 검증: 81.4% | lr: 1.00e-06 | 0.4s
  에폭 1711/2000 | 손실: 0.4126 | 학습: 85.8% | 검증: 81.5% | lr: 1.00e-06 | 0.4s
  에폭 1712/2000 | 손실: 0.4155 | 학습: 85.7% | 검증: 81.4% | lr: 1.00e-06 | 0.4s
  에폭 1713/2000 | 손실: 0.4208 | 학습: 85.6% | 검증: 81.5% | lr: 1.00e-06 | 0.4s
  에폭 1714/2000 | 손실: 0.4162 | 학습: 85.4% | 검증: 81.4% | lr: 1.00e-06 | 0.4s
  에폭 1715/2000 | 손실: 0.4132 | 학습: 85.2% | 검증: 81.1% | lr: 1.00e-06 | 0.4s
  에폭 1716/2000 | 손실: 0.4165 | 학습: 85.5% | 검증: 81.3% | lr: 1.00e-06 | 0.4s
  에폭 1717/2000 | 손실: 0.4184 | 학습: 85.5% | 검증: 81.3% | lr: 1.00e-06 | 0.4s
  에폭 1718/2000 | 손실: 0.4181 | 학습: 85.5% | 검증: 81.4% | lr: 1.00e-06 | 0.4s
  에폭 1719/2000 | 손실: 0.4156 | 학습: 85.4% | 검증: 81.2% | lr: 1.00e-06 | 0.4s
  에폭 1720/2000 | 손실: 0.4192 | 학습: 85.6% | 검증: 81.6% | lr: 1.00e-06 | 0.4s
  에폭 1721/2000 | 손실: 0.4215 | 학습: 85.7% | 검증: 81.3% | lr: 1.00e-06 | 0.4s
  에폭 1722/2000 | 손실: 0.4151 | 학습: 85.8% | 검증: 81.5% | lr: 1.00e-06 | 0.4s
  에폭 1723/2000 | 손실: 0.4194 | 학습: 85.4% | 검증: 81.5% | lr: 1.00e-06 | 0.4s
  에폭 1724/2000 | 손실: 0.4205 | 학습: 85.6% | 검증: 81.5% | lr: 1.00e-06 | 0.4s
  에폭 1725/2000 | 손실: 0.4180 | 학습: 85.4% | 검증: 81.1% | lr: 1.00e-06 | 0.4s
  에폭 1726/2000 | 손실: 0.4206 | 학습: 85.5% | 검증: 81.1% | lr: 1.00e-06 | 0.4s
  에폭 1727/2000 | 손실: 0.4172 | 학습: 85.4% | 검증: 81.0% | lr: 1.00e-06 | 0.4s
  에폭 1728/2000 | 손실: 0.4173 | 학습: 85.4% | 검증: 81.3% | lr: 1.00e-06 | 0.4s
  에폭 1729/2000 | 손실: 0.4158 | 학습: 85.4% | 검증: 81.1% | lr: 1.00e-06 | 0.4s
  에폭 1730/2000 | 손실: 0.4169 | 학습: 85.4% | 검증: 81.1% | lr: 1.00e-06 | 0.4s
  에폭 1731/2000 | 손실: 0.4160 | 학습: 85.3% | 검증: 81.4% | lr: 1.00e-06 | 0.4s
  에폭 1732/2000 | 손실: 0.4138 | 학습: 85.2% | 검증: 81.3% | lr: 1.00e-06 | 0.4s
  에폭 1733/2000 | 손실: 0.4149 | 학습: 85.6% | 검증: 81.7% | lr: 1.00e-06 | 0.4s
  에폭 1734/2000 | 손실: 0.4151 | 학습: 85.3% | 검증: 81.2% | lr: 1.00e-06 | 0.4s
  에폭 1735/2000 | 손실: 0.4214 | 학습: 85.4% | 검증: 81.6% | lr: 1.00e-06 | 0.4s
  에폭 1736/2000 | 손실: 0.4169 | 학습: 85.2% | 검증: 81.2% | lr: 1.00e-06 | 0.4s
  에폭 1737/2000 | 손실: 0.4126 | 학습: 85.7% | 검증: 81.5% | lr: 1.00e-06 | 0.4s
  에폭 1738/2000 | 손실: 0.4190 | 학습: 85.6% | 검증: 81.2% | lr: 1.00e-06 | 0.3s
  에폭 1739/2000 | 손실: 0.4207 | 학습: 85.4% | 검증: 81.1% | lr: 1.00e-06 | 0.4s
  에폭 1740/2000 | 손실: 0.4156 | 학습: 85.2% | 검증: 80.8% | lr: 1.00e-06 | 0.4s
  에폭 1741/2000 | 손실: 0.4156 | 학습: 85.5% | 검증: 81.4% | lr: 1.00e-06 | 0.4s
  에폭 1742/2000 | 손실: 0.4167 | 학습: 85.5% | 검증: 81.3% | lr: 1.00e-06 | 0.4s
  에폭 1743/2000 | 손실: 0.4154 | 학습: 85.6% | 검증: 81.5% | lr: 1.00e-06 | 0.4s
  에폭 1744/2000 | 손실: 0.4186 | 학습: 85.4% | 검증: 81.2% | lr: 1.00e-06 | 0.4s
  에폭 1745/2000 | 손실: 0.4203 | 학습: 85.7% | 검증: 81.4% | lr: 1.00e-06 | 0.4s
  에폭 1746/2000 | 손실: 0.4207 | 학습: 85.6% | 검증: 81.3% | lr: 1.00e-06 | 0.4s
  에폭 1747/2000 | 손실: 0.4135 | 학습: 85.5% | 검증: 81.4% | lr: 1.00e-06 | 0.5s
  에폭 1748/2000 | 손실: 0.4166 | 학습: 85.4% | 검증: 81.0% | lr: 1.00e-06 | 0.5s
  에폭 1749/2000 | 손실: 0.4202 | 학습: 85.5% | 검증: 81.6% | lr: 1.00e-06 | 0.4s
  에폭 1750/2000 | 손실: 0.4155 | 학습: 85.6% | 검증: 80.9% | lr: 1.00e-06 | 0.4s
  에폭 1751/2000 | 손실: 0.4154 | 학습: 85.3% | 검증: 81.3% | lr: 1.00e-06 | 0.4s
  에폭 1752/2000 | 손실: 0.4225 | 학습: 85.4% | 검증: 81.5% | lr: 1.00e-06 | 0.4s
  에폭 1753/2000 | 손실: 0.4174 | 학습: 85.6% | 검증: 81.5% | lr: 1.00e-06 | 0.4s
  에폭 1754/2000 | 손실: 0.4198 | 학습: 85.6% | 검증: 81.1% | lr: 1.00e-06 | 0.5s
  에폭 1755/2000 | 손실: 0.4168 | 학습: 85.7% | 검증: 81.4% | lr: 1.00e-06 | 0.4s
  에폭 1756/2000 | 손실: 0.4174 | 학습: 85.5% | 검증: 81.5% | lr: 1.00e-06 | 0.4s
  에폭 1757/2000 | 손실: 0.4201 | 학습: 85.5% | 검증: 81.3% | lr: 1.00e-06 | 0.4s
  에폭 1758/2000 | 손실: 0.4183 | 학습: 85.3% | 검증: 81.3% | lr: 1.00e-06 | 0.4s
  에폭 1759/2000 | 손실: 0.4156 | 학습: 85.7% | 검증: 81.6% | lr: 1.00e-06 | 0.4s
  에폭 1760/2000 | 손실: 0.4153 | 학습: 85.4% | 검증: 81.6% | lr: 1.00e-06 | 0.4s
  에폭 1761/2000 | 손실: 0.4232 | 학습: 85.4% | 검증: 81.2% | lr: 1.00e-06 | 0.4s
  에폭 1762/2000 | 손실: 0.4158 | 학습: 85.7% | 검증: 81.6% | lr: 1.00e-06 | 0.4s
  에폭 1763/2000 | 손실: 0.4145 | 학습: 85.7% | 검증: 81.3% | lr: 1.00e-06 | 0.4s
  에폭 1764/2000 | 손실: 0.4175 | 학습: 85.4% | 검증: 81.3% | lr: 1.00e-06 | 0.4s
  에폭 1765/2000 | 손실: 0.4164 | 학습: 85.4% | 검증: 81.5% | lr: 1.00e-06 | 0.4s
  에폭 1766/2000 | 손실: 0.4167 | 학습: 85.5% | 검증: 81.2% | lr: 1.00e-06 | 0.4s
  에폭 1767/2000 | 손실: 0.4212 | 학습: 85.4% | 검증: 81.3% | lr: 1.00e-06 | 0.4s
  에폭 1768/2000 | 손실: 0.4208 | 학습: 85.5% | 검증: 81.4% | lr: 1.00e-06 | 0.4s
  에폭 1769/2000 | 손실: 0.4180 | 학습: 85.6% | 검증: 81.5% | lr: 1.00e-06 | 0.4s
  에폭 1770/2000 | 손실: 0.4157 | 학습: 85.7% | 검증: 81.3% | lr: 1.00e-06 | 0.4s
  에폭 1771/2000 | 손실: 0.4169 | 학습: 85.7% | 검증: 81.4% | lr: 1.00e-06 | 0.4s
  에폭 1772/2000 | 손실: 0.4180 | 학습: 85.5% | 검증: 81.6% | lr: 1.00e-06 | 0.4s
  에폭 1773/2000 | 손실: 0.4157 | 학습: 85.4% | 검증: 81.1% | lr: 1.00e-06 | 0.4s
  에폭 1774/2000 | 손실: 0.4183 | 학습: 85.5% | 검증: 81.0% | lr: 1.00e-06 | 0.4s
  에폭 1775/2000 | 손실: 0.4207 | 학습: 85.4% | 검증: 81.2% | lr: 1.00e-06 | 0.4s
  에폭 1776/2000 | 손실: 0.4139 | 학습: 85.3% | 검증: 80.9% | lr: 1.00e-06 | 0.4s
  에폭 1777/2000 | 손실: 0.4148 | 학습: 85.6% | 검증: 81.4% | lr: 1.00e-06 | 0.4s
  에폭 1778/2000 | 손실: 0.4177 | 학습: 85.5% | 검증: 81.5% | lr: 1.00e-06 | 0.4s
  에폭 1779/2000 | 손실: 0.4134 | 학습: 85.4% | 검증: 81.1% | lr: 1.00e-06 | 0.4s
  에폭 1780/2000 | 손실: 0.4228 | 학습: 85.6% | 검증: 81.4% | lr: 1.00e-06 | 0.4s
  에폭 1781/2000 | 손실: 0.4179 | 학습: 85.3% | 검증: 81.4% | lr: 1.00e-06 | 0.4s
  에폭 1782/2000 | 손실: 0.4157 | 학습: 85.4% | 검증: 81.4% | lr: 1.00e-06 | 0.4s
  에폭 1783/2000 | 손실: 0.4192 | 학습: 85.5% | 검증: 81.0% | lr: 1.00e-06 | 0.4s
  에폭 1784/2000 | 손실: 0.4162 | 학습: 85.5% | 검증: 81.4% | lr: 1.00e-06 | 0.3s
  에폭 1785/2000 | 손실: 0.4184 | 학습: 85.6% | 검증: 81.5% | lr: 1.00e-06 | 0.4s
  에폭 1786/2000 | 손실: 0.4168 | 학습: 85.7% | 검증: 81.5% | lr: 1.00e-06 | 0.4s
  에폭 1787/2000 | 손실: 0.4188 | 학습: 85.6% | 검증: 81.6% | lr: 1.00e-06 | 0.4s
  에폭 1788/2000 | 손실: 0.4170 | 학습: 85.5% | 검증: 81.1% | lr: 1.00e-06 | 0.4s
  에폭 1789/2000 | 손실: 0.4137 | 학습: 85.4% | 검증: 81.1% | lr: 1.00e-06 | 0.4s
  에폭 1790/2000 | 손실: 0.4168 | 학습: 85.4% | 검증: 81.2% | lr: 1.00e-06 | 0.4s
  에폭 1791/2000 | 손실: 0.4166 | 학습: 85.6% | 검증: 81.6% | lr: 1.00e-06 | 0.4s
  에폭 1792/2000 | 손실: 0.4183 | 학습: 85.4% | 검증: 81.3% | lr: 1.00e-06 | 0.4s
  에폭 1793/2000 | 손실: 0.4216 | 학습: 85.4% | 검증: 81.3% | lr: 1.00e-06 | 0.4s
  에폭 1794/2000 | 손실: 0.4229 | 학습: 85.6% | 검증: 81.2% | lr: 1.00e-06 | 0.4s
  에폭 1795/2000 | 손실: 0.4180 | 학습: 85.5% | 검증: 81.2% | lr: 1.00e-06 | 0.4s
  에폭 1796/2000 | 손실: 0.4204 | 학습: 85.7% | 검증: 81.4% | lr: 1.00e-06 | 0.4s
  에폭 1797/2000 | 손실: 0.4151 | 학습: 85.5% | 검증: 81.3% | lr: 1.00e-06 | 0.4s
  에폭 1798/2000 | 손실: 0.4225 | 학습: 85.7% | 검증: 81.5% | lr: 1.00e-06 | 0.4s
  에폭 1799/2000 | 손실: 0.4170 | 학습: 85.5% | 검증: 81.3% | lr: 1.00e-06 | 0.4s
  에폭 1800/2000 | 손실: 0.4210 | 학습: 85.6% | 검증: 81.5% | lr: 1.00e-06 | 0.4s
  에폭 1801/2000 | 손실: 0.4178 | 학습: 85.5% | 검증: 80.8% | lr: 1.00e-06 | 0.4s
  에폭 1802/2000 | 손실: 0.4211 | 학습: 85.5% | 검증: 81.5% | lr: 1.00e-06 | 0.4s
  에폭 1803/2000 | 손실: 0.4222 | 학습: 85.6% | 검증: 81.3% | lr: 1.00e-06 | 0.4s
  에폭 1804/2000 | 손실: 0.4158 | 학습: 85.5% | 검증: 81.3% | lr: 1.00e-06 | 0.4s
  에폭 1805/2000 | 손실: 0.4178 | 학습: 85.7% | 검증: 81.3% | lr: 1.00e-06 | 0.4s
  에폭 1806/2000 | 손실: 0.4177 | 학습: 85.6% | 검증: 81.6% | lr: 1.00e-06 | 0.4s
  에폭 1807/2000 | 손실: 0.4158 | 학습: 85.5% | 검증: 81.7% | lr: 1.00e-06 | 0.4s
  에폭 1808/2000 | 손실: 0.4192 | 학습: 85.5% | 검증: 81.7% | lr: 1.00e-06 | 0.4s
  에폭 1809/2000 | 손실: 0.4184 | 학습: 85.8% | 검증: 81.5% | lr: 1.00e-06 | 0.4s
  에폭 1810/2000 | 손실: 0.4176 | 학습: 85.6% | 검증: 81.5% | lr: 1.00e-06 | 0.4s
  에폭 1811/2000 | 손실: 0.4208 | 학습: 85.4% | 검증: 81.3% | lr: 1.00e-06 | 0.4s
  에폭 1812/2000 | 손실: 0.4185 | 학습: 85.4% | 검증: 81.0% | lr: 1.00e-06 | 0.4s
  에폭 1813/2000 | 손실: 0.4182 | 학습: 85.2% | 검증: 81.2% | lr: 1.00e-06 | 0.4s
  에폭 1814/2000 | 손실: 0.4183 | 학습: 85.7% | 검증: 81.2% | lr: 1.00e-06 | 0.4s
  에폭 1815/2000 | 손실: 0.4185 | 학습: 85.6% | 검증: 81.4% | lr: 1.00e-06 | 0.4s
  에폭 1816/2000 | 손실: 0.4225 | 학습: 85.3% | 검증: 80.9% | lr: 1.00e-06 | 0.4s
  에폭 1817/2000 | 손실: 0.4166 | 학습: 85.6% | 검증: 81.5% | lr: 1.00e-06 | 0.4s
  에폭 1818/2000 | 손실: 0.4199 | 학습: 85.5% | 검증: 81.0% | lr: 1.00e-06 | 0.4s
  에폭 1819/2000 | 손실: 0.4168 | 학습: 85.4% | 검증: 81.5% | lr: 1.00e-06 | 0.4s
  에폭 1820/2000 | 손실: 0.4181 | 학습: 85.5% | 검증: 81.0% | lr: 1.00e-06 | 0.4s
  에폭 1821/2000 | 손실: 0.4154 | 학습: 85.3% | 검증: 81.3% | lr: 1.00e-06 | 0.4s
  에폭 1822/2000 | 손실: 0.4173 | 학습: 85.3% | 검증: 81.2% | lr: 1.00e-06 | 0.4s
  에폭 1823/2000 | 손실: 0.4180 | 학습: 85.5% | 검증: 81.2% | lr: 1.00e-06 | 0.4s
  에폭 1824/2000 | 손실: 0.4147 | 학습: 85.6% | 검증: 81.7% | lr: 1.00e-06 | 0.4s
  에폭 1825/2000 | 손실: 0.4159 | 학습: 85.6% | 검증: 81.3% | lr: 1.00e-06 | 0.4s
  에폭 1826/2000 | 손실: 0.4228 | 학습: 85.7% | 검증: 81.6% | lr: 1.00e-06 | 0.4s
  에폭 1827/2000 | 손실: 0.4204 | 학습: 85.6% | 검증: 81.5% | lr: 1.00e-06 | 0.4s
  에폭 1828/2000 | 손실: 0.4193 | 학습: 85.6% | 검증: 81.4% | lr: 1.00e-06 | 0.4s
  에폭 1829/2000 | 손실: 0.4207 | 학습: 85.5% | 검증: 81.2% | lr: 1.00e-06 | 0.4s
  에폭 1830/2000 | 손실: 0.4158 | 학습: 85.4% | 검증: 81.3% | lr: 1.00e-06 | 0.4s
  에폭 1831/2000 | 손실: 0.4169 | 학습: 85.3% | 검증: 81.2% | lr: 1.00e-06 | 0.4s
  에폭 1832/2000 | 손실: 0.4161 | 학습: 85.4% | 검증: 81.1% | lr: 1.00e-06 | 0.4s
  에폭 1833/2000 | 손실: 0.4176 | 학습: 85.7% | 검증: 81.3% | lr: 1.00e-06 | 0.4s
  에폭 1834/2000 | 손실: 0.4153 | 학습: 85.8% | 검증: 81.6% | lr: 1.00e-06 | 0.4s
  에폭 1835/2000 | 손실: 0.4183 | 학습: 85.6% | 검증: 81.3% | lr: 1.00e-06 | 0.4s
  에폭 1836/2000 | 손실: 0.4205 | 학습: 85.4% | 검증: 81.1% | lr: 1.00e-06 | 0.4s
  에폭 1837/2000 | 손실: 0.4151 | 학습: 85.6% | 검증: 81.5% | lr: 1.00e-06 | 0.7s
  에폭 1838/2000 | 손실: 0.4150 | 학습: 85.6% | 검증: 81.7% | lr: 1.00e-06 | 0.4s
  에폭 1839/2000 | 손실: 0.4170 | 학습: 85.4% | 검증: 81.3% | lr: 1.00e-06 | 0.4s
  에폭 1840/2000 | 손실: 0.4140 | 학습: 85.4% | 검증: 80.8% | lr: 1.00e-06 | 0.4s
  에폭 1841/2000 | 손실: 0.4212 | 학습: 85.4% | 검증: 81.7% | lr: 1.00e-06 | 0.4s
  에폭 1842/2000 | 손실: 0.4180 | 학습: 85.5% | 검증: 81.2% | lr: 1.00e-06 | 0.4s
  에폭 1843/2000 | 손실: 0.4209 | 학습: 85.5% | 검증: 81.7% | lr: 1.00e-06 | 0.4s
  에폭 1844/2000 | 손실: 0.4154 | 학습: 85.4% | 검증: 81.3% | lr: 1.00e-06 | 0.4s
  에폭 1845/2000 | 손실: 0.4243 | 학습: 85.6% | 검증: 81.2% | lr: 1.00e-06 | 0.6s
  에폭 1846/2000 | 손실: 0.4198 | 학습: 85.7% | 검증: 81.7% | lr: 1.00e-06 | 0.4s
  에폭 1847/2000 | 손실: 0.4221 | 학습: 85.4% | 검증: 81.0% | lr: 1.00e-06 | 0.4s
  에폭 1848/2000 | 손실: 0.4177 | 학습: 85.5% | 검증: 81.2% | lr: 1.00e-06 | 0.4s
  에폭 1849/2000 | 손실: 0.4178 | 학습: 85.4% | 검증: 81.5% | lr: 1.00e-06 | 0.4s
  에폭 1850/2000 | 손실: 0.4199 | 학습: 85.6% | 검증: 81.5% | lr: 1.00e-06 | 0.3s
  에폭 1851/2000 | 손실: 0.4163 | 학습: 85.4% | 검증: 81.3% | lr: 1.00e-06 | 0.3s
  에폭 1852/2000 | 손실: 0.4233 | 학습: 85.4% | 검증: 81.2% | lr: 1.00e-06 | 0.3s
  에폭 1853/2000 | 손실: 0.4210 | 학습: 85.4% | 검증: 81.5% | lr: 1.00e-06 | 0.4s
  에폭 1854/2000 | 손실: 0.4194 | 학습: 85.4% | 검증: 81.2% | lr: 1.00e-06 | 0.3s
  에폭 1855/2000 | 손실: 0.4141 | 학습: 85.6% | 검증: 81.2% | lr: 1.00e-06 | 0.4s
  에폭 1856/2000 | 손실: 0.4190 | 학습: 85.6% | 검증: 81.6% | lr: 1.00e-06 | 0.3s
  에폭 1857/2000 | 손실: 0.4195 | 학습: 85.3% | 검증: 80.9% | lr: 1.00e-06 | 0.4s
  에폭 1858/2000 | 손실: 0.4203 | 학습: 85.6% | 검증: 81.4% | lr: 1.00e-06 | 0.4s
  에폭 1859/2000 | 손실: 0.4190 | 학습: 85.2% | 검증: 81.1% | lr: 1.00e-06 | 0.4s
  에폭 1860/2000 | 손실: 0.4174 | 학습: 85.5% | 검증: 80.9% | lr: 1.00e-06 | 0.4s
  에폭 1861/2000 | 손실: 0.4191 | 학습: 85.7% | 검증: 81.2% | lr: 1.00e-06 | 0.4s
  에폭 1862/2000 | 손실: 0.4158 | 학습: 85.6% | 검증: 81.3% | lr: 1.00e-06 | 0.3s
  에폭 1863/2000 | 손실: 0.4155 | 학습: 85.7% | 검증: 81.6% | lr: 1.00e-06 | 0.3s
  에폭 1864/2000 | 손실: 0.4220 | 학습: 85.7% | 검증: 81.6% | lr: 1.00e-06 | 0.3s
  에폭 1865/2000 | 손실: 0.4142 | 학습: 85.5% | 검증: 81.4% | lr: 1.00e-06 | 0.4s
  에폭 1866/2000 | 손실: 0.4188 | 학습: 85.6% | 검증: 81.6% | lr: 1.00e-06 | 0.4s
  에폭 1867/2000 | 손실: 0.4171 | 학습: 85.6% | 검증: 81.4% | lr: 1.00e-06 | 0.3s
  에폭 1868/2000 | 손실: 0.4173 | 학습: 85.7% | 검증: 81.6% | lr: 1.00e-06 | 0.4s
  에폭 1869/2000 | 손실: 0.4158 | 학습: 85.5% | 검증: 81.2% | lr: 1.00e-06 | 0.4s
  에폭 1870/2000 | 손실: 0.4184 | 학습: 85.5% | 검증: 80.9% | lr: 1.00e-06 | 0.3s
  에폭 1871/2000 | 손실: 0.4149 | 학습: 85.3% | 검증: 81.4% | lr: 1.00e-06 | 0.4s
  에폭 1872/2000 | 손실: 0.4181 | 학습: 85.5% | 검증: 81.5% | lr: 1.00e-06 | 0.3s
  에폭 1873/2000 | 손실: 0.4181 | 학습: 85.5% | 검증: 81.1% | lr: 1.00e-06 | 0.4s
  에폭 1874/2000 | 손실: 0.4167 | 학습: 85.4% | 검증: 81.2% | lr: 1.00e-06 | 0.3s
  에폭 1875/2000 | 손실: 0.4192 | 학습: 85.6% | 검증: 81.2% | lr: 1.00e-06 | 0.3s
  에폭 1876/2000 | 손실: 0.4189 | 학습: 85.6% | 검증: 81.5% | lr: 1.00e-06 | 0.3s
  에폭 1877/2000 | 손실: 0.4183 | 학습: 85.6% | 검증: 81.0% | lr: 1.00e-06 | 0.4s
  에폭 1878/2000 | 손실: 0.4180 | 학습: 85.6% | 검증: 81.4% | lr: 1.00e-06 | 0.3s
  에폭 1879/2000 | 손실: 0.4143 | 학습: 85.4% | 검증: 81.2% | lr: 1.00e-06 | 0.3s
  에폭 1880/2000 | 손실: 0.4146 | 학습: 85.5% | 검증: 81.5% | lr: 1.00e-06 | 0.4s
  에폭 1881/2000 | 손실: 0.4200 | 학습: 85.4% | 검증: 80.9% | lr: 1.00e-06 | 0.4s
  에폭 1882/2000 | 손실: 0.4154 | 학습: 85.4% | 검증: 81.4% | lr: 1.00e-06 | 0.3s
  에폭 1883/2000 | 손실: 0.4175 | 학습: 85.3% | 검증: 81.1% | lr: 1.00e-06 | 0.4s
  에폭 1884/2000 | 손실: 0.4223 | 학습: 85.4% | 검증: 81.2% | lr: 1.00e-06 | 0.3s
  에폭 1885/2000 | 손실: 0.4211 | 학습: 85.6% | 검증: 81.5% | lr: 1.00e-06 | 0.4s
  에폭 1886/2000 | 손실: 0.4170 | 학습: 85.6% | 검증: 81.7% | lr: 1.00e-06 | 0.4s
  에폭 1887/2000 | 손실: 0.4208 | 학습: 85.5% | 검증: 81.4% | lr: 1.00e-06 | 0.4s
  에폭 1888/2000 | 손실: 0.4161 | 학습: 85.6% | 검증: 81.3% | lr: 1.00e-06 | 0.4s
  에폭 1889/2000 | 손실: 0.4191 | 학습: 85.6% | 검증: 81.3% | lr: 1.00e-06 | 0.4s
  에폭 1890/2000 | 손실: 0.4217 | 학습: 85.6% | 검증: 81.6% | lr: 1.00e-06 | 0.4s
  에폭 1891/2000 | 손실: 0.4141 | 학습: 85.6% | 검증: 81.3% | lr: 1.00e-06 | 0.3s
  에폭 1892/2000 | 손실: 0.4157 | 학습: 85.6% | 검증: 81.4% | lr: 1.00e-06 | 0.4s
  에폭 1893/2000 | 손실: 0.4142 | 학습: 85.6% | 검증: 81.4% | lr: 1.00e-06 | 0.3s
  에폭 1894/2000 | 손실: 0.4178 | 학습: 85.6% | 검증: 81.2% | lr: 1.00e-06 | 0.3s
  에폭 1895/2000 | 손실: 0.4158 | 학습: 85.4% | 검증: 81.3% | lr: 1.00e-06 | 0.3s
  에폭 1896/2000 | 손실: 0.4127 | 학습: 85.5% | 검증: 81.5% | lr: 1.00e-06 | 0.3s
  에폭 1897/2000 | 손실: 0.4225 | 학습: 85.4% | 검증: 81.4% | lr: 1.00e-06 | 0.4s
  에폭 1898/2000 | 손실: 0.4191 | 학습: 85.4% | 검증: 81.1% | lr: 1.00e-06 | 0.3s
  에폭 1899/2000 | 손실: 0.4223 | 학습: 85.3% | 검증: 81.2% | lr: 1.00e-06 | 0.3s
  에폭 1900/2000 | 손실: 0.4154 | 학습: 85.6% | 검증: 81.4% | lr: 1.00e-06 | 0.3s
  에폭 1901/2000 | 손실: 0.4150 | 학습: 85.3% | 검증: 81.6% | lr: 1.00e-06 | 0.4s
  에폭 1902/2000 | 손실: 0.4236 | 학습: 85.4% | 검증: 81.2% | lr: 1.00e-06 | 0.4s
  에폭 1903/2000 | 손실: 0.4168 | 학습: 85.5% | 검증: 81.2% | lr: 1.00e-06 | 0.4s
  에폭 1904/2000 | 손실: 0.4160 | 학습: 85.4% | 검증: 81.3% | lr: 1.00e-06 | 0.4s
  에폭 1905/2000 | 손실: 0.4214 | 학습: 85.6% | 검증: 81.1% | lr: 1.00e-06 | 0.4s
  에폭 1906/2000 | 손실: 0.4162 | 학습: 85.6% | 검증: 81.2% | lr: 1.00e-06 | 0.3s
  에폭 1907/2000 | 손실: 0.4172 | 학습: 85.7% | 검증: 81.2% | lr: 1.00e-06 | 0.3s
  에폭 1908/2000 | 손실: 0.4166 | 학습: 85.6% | 검증: 81.3% | lr: 1.00e-06 | 0.3s
  에폭 1909/2000 | 손실: 0.4163 | 학습: 85.6% | 검증: 81.3% | lr: 1.00e-06 | 0.4s
  에폭 1910/2000 | 손실: 0.4200 | 학습: 85.4% | 검증: 80.8% | lr: 1.00e-06 | 0.4s
  에폭 1911/2000 | 손실: 0.4141 | 학습: 85.5% | 검증: 81.3% | lr: 1.00e-06 | 0.3s
  에폭 1912/2000 | 손실: 0.4210 | 학습: 85.6% | 검증: 81.3% | lr: 1.00e-06 | 0.4s
  에폭 1913/2000 | 손실: 0.4119 | 학습: 85.4% | 검증: 81.3% | lr: 1.00e-06 | 0.4s
  에폭 1914/2000 | 손실: 0.4155 | 학습: 85.6% | 검증: 81.3% | lr: 1.00e-06 | 0.4s
  에폭 1915/2000 | 손실: 0.4169 | 학습: 85.5% | 검증: 81.1% | lr: 1.00e-06 | 0.3s
  에폭 1916/2000 | 손실: 0.4200 | 학습: 85.6% | 검증: 81.6% | lr: 1.00e-06 | 0.4s
  에폭 1917/2000 | 손실: 0.4186 | 학습: 85.7% | 검증: 81.2% | lr: 1.00e-06 | 0.3s
  에폭 1918/2000 | 손실: 0.4164 | 학습: 85.5% | 검증: 81.3% | lr: 1.00e-06 | 0.3s
  에폭 1919/2000 | 손실: 0.4168 | 학습: 85.7% | 검증: 81.3% | lr: 1.00e-06 | 0.4s
  에폭 1920/2000 | 손실: 0.4211 | 학습: 85.5% | 검증: 80.9% | lr: 1.00e-06 | 0.4s
  에폭 1921/2000 | 손실: 0.4138 | 학습: 85.4% | 검증: 81.4% | lr: 1.00e-06 | 0.4s
  에폭 1922/2000 | 손실: 0.4182 | 학습: 85.7% | 검증: 81.4% | lr: 1.00e-06 | 0.3s
  에폭 1923/2000 | 손실: 0.4126 | 학습: 85.5% | 검증: 81.4% | lr: 1.00e-06 | 0.4s
  에폭 1924/2000 | 손실: 0.4152 | 학습: 85.7% | 검증: 81.1% | lr: 1.00e-06 | 0.4s
  에폭 1925/2000 | 손실: 0.4158 | 학습: 85.4% | 검증: 81.1% | lr: 1.00e-06 | 0.4s
  에폭 1926/2000 | 손실: 0.4182 | 학습: 85.4% | 검증: 81.3% | lr: 1.00e-06 | 0.4s
  에폭 1927/2000 | 손실: 0.4150 | 학습: 85.7% | 검증: 81.6% | lr: 1.00e-06 | 0.3s
  에폭 1928/2000 | 손실: 0.4197 | 학습: 85.6% | 검증: 81.5% | lr: 1.00e-06 | 0.3s
  에폭 1929/2000 | 손실: 0.4156 | 학습: 85.4% | 검증: 80.8% | lr: 1.00e-06 | 0.4s
  에폭 1930/2000 | 손실: 0.4180 | 학습: 85.7% | 검증: 81.3% | lr: 1.00e-06 | 0.4s
  에폭 1931/2000 | 손실: 0.4199 | 학습: 85.6% | 검증: 81.2% | lr: 1.00e-06 | 0.4s
  에폭 1932/2000 | 손실: 0.4155 | 학습: 85.4% | 검증: 81.4% | lr: 1.00e-06 | 0.4s
  에폭 1933/2000 | 손실: 0.4191 | 학습: 85.2% | 검증: 81.0% | lr: 1.00e-06 | 0.4s
  에폭 1934/2000 | 손실: 0.4175 | 학습: 85.4% | 검증: 81.1% | lr: 1.00e-06 | 0.4s
  에폭 1935/2000 | 손실: 0.4165 | 학습: 85.4% | 검증: 81.2% | lr: 1.00e-06 | 0.3s
  에폭 1936/2000 | 손실: 0.4164 | 학습: 85.6% | 검증: 81.5% | lr: 1.00e-06 | 0.4s
  에폭 1937/2000 | 손실: 0.4157 | 학습: 85.6% | 검증: 81.3% | lr: 1.00e-06 | 0.4s
  에폭 1938/2000 | 손실: 0.4202 | 학습: 85.6% | 검증: 81.5% | lr: 1.00e-06 | 0.3s
  에폭 1939/2000 | 손실: 0.4153 | 학습: 85.5% | 검증: 81.3% | lr: 1.00e-06 | 0.4s
  에폭 1940/2000 | 손실: 0.4154 | 학습: 85.5% | 검증: 81.7% | lr: 1.00e-06 | 0.3s
  에폭 1941/2000 | 손실: 0.4163 | 학습: 85.8% | 검증: 81.5% | lr: 1.00e-06 | 0.4s
  에폭 1942/2000 | 손실: 0.4151 | 학습: 85.4% | 검증: 81.2% | lr: 1.00e-06 | 0.4s
  에폭 1943/2000 | 손실: 0.4148 | 학습: 85.7% | 검증: 81.2% | lr: 1.00e-06 | 0.4s
  에폭 1944/2000 | 손실: 0.4209 | 학습: 85.3% | 검증: 81.3% | lr: 1.00e-06 | 0.4s
  에폭 1945/2000 | 손실: 0.4165 | 학습: 85.5% | 검증: 81.1% | lr: 1.00e-06 | 0.4s
  에폭 1946/2000 | 손실: 0.4204 | 학습: 85.3% | 검증: 81.3% | lr: 1.00e-06 | 0.3s
  에폭 1947/2000 | 손실: 0.4178 | 학습: 85.5% | 검증: 81.5% | lr: 1.00e-06 | 0.4s
  에폭 1948/2000 | 손실: 0.4189 | 학습: 85.5% | 검증: 81.4% | lr: 1.00e-06 | 0.4s
  에폭 1949/2000 | 손실: 0.4189 | 학습: 85.5% | 검증: 81.5% | lr: 1.00e-06 | 0.4s
  에폭 1950/2000 | 손실: 0.4201 | 학습: 85.8% | 검증: 81.3% | lr: 1.00e-06 | 0.4s
  에폭 1951/2000 | 손실: 0.4164 | 학습: 85.6% | 검증: 81.1% | lr: 1.00e-06 | 0.3s
  에폭 1952/2000 | 손실: 0.4178 | 학습: 85.6% | 검증: 80.9% | lr: 1.00e-06 | 0.3s
  에폭 1953/2000 | 손실: 0.4180 | 학습: 85.4% | 검증: 81.3% | lr: 1.00e-06 | 0.4s
  에폭 1954/2000 | 손실: 0.4186 | 학습: 85.4% | 검증: 81.3% | lr: 1.00e-06 | 0.3s
  에폭 1955/2000 | 손실: 0.4199 | 학습: 85.3% | 검증: 81.0% | lr: 1.00e-06 | 0.4s
  에폭 1956/2000 | 손실: 0.4199 | 학습: 85.8% | 검증: 81.2% | lr: 1.00e-06 | 0.3s
  에폭 1957/2000 | 손실: 0.4146 | 학습: 85.7% | 검증: 81.5% | lr: 1.00e-06 | 0.3s
  에폭 1958/2000 | 손실: 0.4205 | 학습: 85.3% | 검증: 81.5% | lr: 1.00e-06 | 0.4s
  에폭 1959/2000 | 손실: 0.4186 | 학습: 85.3% | 검증: 80.8% | lr: 1.00e-06 | 0.4s
  에폭 1960/2000 | 손실: 0.4163 | 학습: 85.4% | 검증: 81.1% | lr: 1.00e-06 | 0.4s
  에폭 1961/2000 | 손실: 0.4205 | 학습: 85.4% | 검증: 81.7% | lr: 1.00e-06 | 0.4s
  에폭 1962/2000 | 손실: 0.4174 | 학습: 85.5% | 검증: 81.6% | lr: 1.00e-06 | 0.4s
  에폭 1963/2000 | 손실: 0.4150 | 학습: 85.5% | 검증: 81.5% | lr: 1.00e-06 | 0.4s
  에폭 1964/2000 | 손실: 0.4199 | 학습: 85.5% | 검증: 81.4% | lr: 1.00e-06 | 0.3s
  에폭 1965/2000 | 손실: 0.4187 | 학습: 85.4% | 검증: 81.3% | lr: 1.00e-06 | 0.3s
  에폭 1966/2000 | 손실: 0.4145 | 학습: 85.4% | 검증: 81.2% | lr: 1.00e-06 | 0.4s
  에폭 1967/2000 | 손실: 0.4184 | 학습: 85.1% | 검증: 80.9% | lr: 1.00e-06 | 0.4s
  에폭 1968/2000 | 손실: 0.4195 | 학습: 85.5% | 검증: 81.6% | lr: 1.00e-06 | 0.3s
  에폭 1969/2000 | 손실: 0.4147 | 학습: 85.5% | 검증: 81.1% | lr: 1.00e-06 | 0.4s
  에폭 1970/2000 | 손실: 0.4201 | 학습: 85.6% | 검증: 81.0% | lr: 1.00e-06 | 0.3s
  에폭 1971/2000 | 손실: 0.4160 | 학습: 85.6% | 검증: 81.3% | lr: 1.00e-06 | 0.4s
  에폭 1972/2000 | 손실: 0.4160 | 학습: 85.2% | 검증: 81.1% | lr: 1.00e-06 | 0.4s
  에폭 1973/2000 | 손실: 0.4124 | 학습: 85.4% | 검증: 81.5% | lr: 1.00e-06 | 0.4s
  에폭 1974/2000 | 손실: 0.4191 | 학습: 85.7% | 검증: 81.5% | lr: 1.00e-06 | 0.4s
  에폭 1975/2000 | 손실: 0.4192 | 학습: 85.7% | 검증: 81.2% | lr: 1.00e-06 | 0.4s
  에폭 1976/2000 | 손실: 0.4198 | 학습: 85.6% | 검증: 81.3% | lr: 1.00e-06 | 0.4s
  에폭 1977/2000 | 손실: 0.4203 | 학습: 85.5% | 검증: 81.2% | lr: 1.00e-06 | 0.4s
  에폭 1978/2000 | 손실: 0.4222 | 학습: 85.3% | 검증: 81.3% | lr: 1.00e-06 | 0.3s
  에폭 1979/2000 | 손실: 0.4183 | 학습: 85.4% | 검증: 81.3% | lr: 1.00e-06 | 0.4s
  에폭 1980/2000 | 손실: 0.4171 | 학습: 85.4% | 검증: 81.5% | lr: 1.00e-06 | 0.3s
  에폭 1981/2000 | 손실: 0.4143 | 학습: 85.6% | 검증: 81.6% | lr: 1.00e-06 | 0.3s
  에폭 1982/2000 | 손실: 0.4192 | 학습: 85.7% | 검증: 81.4% | lr: 1.00e-06 | 0.4s
  에폭 1983/2000 | 손실: 0.4208 | 학습: 85.5% | 검증: 81.5% | lr: 1.00e-06 | 0.4s
  에폭 1984/2000 | 손실: 0.4146 | 학습: 85.7% | 검증: 81.6% | lr: 1.00e-06 | 0.4s
  에폭 1985/2000 | 손실: 0.4172 | 학습: 85.5% | 검증: 81.3% | lr: 1.00e-06 | 0.4s
  에폭 1986/2000 | 손실: 0.4158 | 학습: 85.5% | 검증: 81.3% | lr: 1.00e-06 | 0.4s
  에폭 1987/2000 | 손실: 0.4202 | 학습: 85.5% | 검증: 81.5% | lr: 1.00e-06 | 0.4s
  에폭 1988/2000 | 손실: 0.4195 | 학습: 85.5% | 검증: 81.3% | lr: 1.00e-06 | 0.3s
  에폭 1989/2000 | 손실: 0.4180 | 학습: 85.5% | 검증: 81.2% | lr: 1.00e-06 | 0.4s
  에폭 1990/2000 | 손실: 0.4137 | 학습: 85.5% | 검증: 81.6% | lr: 1.00e-06 | 0.3s
  에폭 1991/2000 | 손실: 0.4186 | 학습: 85.4% | 검증: 81.3% | lr: 1.00e-06 | 0.3s
  에폭 1992/2000 | 손실: 0.4196 | 학습: 85.8% | 검증: 81.3% | lr: 1.00e-06 | 0.3s
  에폭 1993/2000 | 손실: 0.4208 | 학습: 85.8% | 검증: 81.5% | lr: 1.00e-06 | 0.4s
  에폭 1994/2000 | 손실: 0.4185 | 학습: 85.5% | 검증: 81.5% | lr: 1.00e-06 | 0.4s
  에폭 1995/2000 | 손실: 0.4131 | 학습: 85.5% | 검증: 81.7% | lr: 1.00e-06 | 0.4s
  에폭 1996/2000 | 손실: 0.4137 | 학습: 85.6% | 검증: 81.1% | lr: 1.00e-06 | 0.4s
  에폭 1997/2000 | 손실: 0.4215 | 학습: 85.3% | 검증: 81.4% | lr: 1.00e-06 | 0.4s
  에폭 1998/2000 | 손실: 0.4199 | 학습: 85.8% | 검증: 81.8% | lr: 1.00e-06 | 0.4s
  에폭 1999/2000 | 손실: 0.4188 | 학습: 85.3% | 검증: 81.0% | lr: 1.00e-06 | 0.4s
  에폭 2000/2000 | 손실: 0.4170 | 학습: 85.0% | 검증: 80.8% | lr: 1.00e-06 | 0.4s
[MLP] ✅ 학습 완료 | [64 → 32] | 최고 검증 정확도: 81.8%  (베스트 체크포인트 복원됨)
[MLP] ⏱  전체 학습 시간: 11분 11초 (671.1s)
[MLP] ── Permutation Importance (베이스라인 정확도: 81.8%) ─
   1. SKEWNESS                      Δacc=++0.2318  ██████████████████████████████████████████████  (스펙트럼 비대칭도)
   2. CENTROID                      Δacc=++0.2293  ██████████████████████████████████████████████  (스펙트럼 무게중심)
   3. HIGH_RATIO                    Δacc=++0.1598  ████████████████████████████████  (고주파 비율 (10Hz↑))
   4. MID_RATIO                     Δacc=++0.1547  ███████████████████████████████  (중주파 비율 (5~10Hz))
   5. LOW_RATIO                     Δacc=++0.1531  ███████████████████████████████  (저주파 비율 (0~5Hz))
   6. SPECTRAL_BANDWIDTH            Δacc=++0.1522  ██████████████████████████████  (스펙트럼 대역폭)
   7. SPECTRAL_FLATNESS             Δacc=++0.1509  ██████████████████████████████  (스펙트럼 평탄도)
   8. PEAK_TO_AVG_E                 Δacc=++0.1355  ███████████████████████████  (피크/평균 에너지 비)
   9. KURTOSIS                      Δacc=++0.1208  ████████████████████████  (에너지 분포 첨도)
  10. PEAK_FREQ                     Δacc=++0.0931  ███████████████████  (1위 피크 주파수)
  11. PEAK1_TO_PEAK2_RATIO          Δacc=++0.0606  ████████████  (1·2위 피크 비율)
  12. SECOND_PEAK_FREQ              Δacc=++0.0569  ███████████  (2번째 피크 주파수)
  13. PEAK_COUNT                    Δacc=++0.0458  █████████  (피크 빈 개수)
  14. RMS                           Δacc=++0.0337  ███████  (RMS 에너지)
[MLP] ─────────────────────────────────────────────
[MLP] 특징 중요도 저장 → /Users/kimkanghyeon/Desktop/project/iSENSOR_UART_DEBUGER/AI/mlp/models/mlp_L64-32_b128_d2_ep2000_lr2e-3_lrp50_lrf5_f14_0508_013305/mlp_L64-32_b128_d2_ep2000_lr2e-3_lrp50_lrf5_f14_0508_013305_importance.json
[MLP] 저장 완료 → /Users/kimkanghyeon/Desktop/project/iSENSOR_UART_DEBUGER/AI/mlp/models/mlp_weights.pt  (추론용)
[MLP] 버전 보관 → /Users/kimkanghyeon/Desktop/project/iSENSOR_UART_DEBUGER/AI/mlp/models/mlp_L64-32_b128_d2_ep2000_lr2e-3_lrp50_lrf5_f14_0508_013305/
[MLP] 📊 학습 이력 저장 → /Users/kimkanghyeon/Desktop/project/iSENSOR_UART_DEBUGER/AI/mlp/models/train_history.json

  ── 이전 학습과 비교 ──────────────────────────────────────────────────
  지표                                  이전          현재  변화
  ────────────────────────────────────────────────────────────────────
  최고 검증 정확도                        80.8%       81.8%  +1.0%p  ↑ 개선
  최소 검증 손실                        0.4128      0.4120  0.0008  ↑ 개선
  사람 Recall (탐지율) TPR              72.8%       75.6%  +2.8%p  ↑ 개선
  사람 오탐률 (눈침) FNR                  27.2%       24.4%  2.8%p  ↑ 개선
  배경 정확 탐지율 TNR                    88.8%       88.0%  -0.8%p  ↓ 하락
  배경 오탐률 (오경보) FPR                 11.2%       12.0%  +0.8%p  ↓ 하락
  사람 F1 Score                     0.7917      0.8063  +0.0146  ↑ 개선
  베스트 에폭                             760        1687  +927

━━━━━━━━━━━━━━━━━━━━━━━━━━━━━━━━━━━━━━━━━━━━━━━━━━━━━━━━━━━━━━━━
[분석 메모] GitHub Copilot — 2026-05-08  [batch=128, ep=2000, lr=2e-3, d0.2, f14]
━━━━━━━━━━━━━━━━━━━━━━━━━━━━━━━━━━━━━━━━━━━━━━━━━━━━━━━━━━━━━━━━

■ 실험 조건
  이전(b128, ep1000, lr=2e-3)에서 에폭만 2000으로 증가

■ 핵심 수치 요약
  최고 검증 정확도   : 81.8% (ep1687) ← 역대 최고 갱신 ★★
  학습 정확도 (동시) : 85.5%  →  train-val 갭 3.7%p
  종전 역대 최고     : 81.1% (Case A: b64, ep1500, lr=1e-3)  →  +0.7%p
  학습 시간          : 11분 11초

■ 가장 중요한 발견 — 81.8%, 역대 최고 갱신
  min_lr 도달: ep1243 (LR = 1.00e-06 고정)
  min_lr 이후에도 ep1600: 81.7%, ep1687: 81.8%로 꾸준히 소폭 상승
  → lr=2e-3 + b128 조합이 lr=1e-3보다 전체적으로 수렴 품질이 높음

■ 검증 정확도 진행 추이
  ep   1 :  64.8%  (lr=2e-3)
  ep 200 :  78.0%
  ep 400 :  79.3%
  ep 472 :           LR 2e-3 → 1e-3
  ep 527 :           LR → 5e-4  (첫 감소 후 불과 55에폭 만에 또 감소 — 빠른 정제)
  ep 600 :  80.7%   (LR 5e-4 구간)
  ep 674 :           LR → 2.5e-4
  ep 755 :           LR → 1.25e-4
  ep 800 :  81.1%   (Case A 동급 ← ep800에서 이미 달성)
  ep 866 :           LR → 6.25e-5
  ep 942 :           LR → 3.13e-5
  ep 993 :           LR → 1.56e-5
  ep1000 :  81.3%
  ep1044 :           LR → 7.81e-6
  ep1095 :           LR → 3.91e-6
  ep1146 :           LR → 1.95e-6
  ep1200 :  81.1%
  ep1243 :           LR → 1.00e-6  (min_lr 도달)
  ep1400 :  81.2%
  ep1600 :  81.7%
  ep1687 :  81.8% ← 베스트 ★
  ep1800 :  81.5%
  ep2000 :  80.8%   (min_lr 구간 진동, 베스트는 이미 지남)

■ LR 타임라인 (11단 감소, min_lr 도달)
  ep  472 : 2e-3   → 1e-3
  ep  527 : 1e-3   → 5e-4
  ep  674 : 5e-4   → 2.5e-4
  ep  755 : 2.5e-4 → 1.25e-4
  ep  866 : 1.25e-4 → 6.25e-5
  ep  942 : 6.25e-5 → 3.13e-5
  ep  993 : 3.13e-5 → 1.56e-5
  ep 1044 : 1.56e-5 → 7.81e-6
  ep 1095 : 7.81e-6 → 3.91e-6
  ep 1146 : 3.91e-6 → 1.95e-6
  ep 1243 : 1.95e-6 → 1.00e-6  ← min_lr 도달

■ b128+lr=2e-3 시리즈 비교
  ep1000 : 80.8%  (4단 감소, 미수렴)
  ep2000 : 81.8%  (11단 감소, min_lr 도달) → +1.0%p — 에폭 증가 효과 매우 큼

■ 전체 실험 성능 비교 (누적)
  실험                                         베스트 검증  시간    비고
  ────────────────────────────────────────────────────────────────────
  b64  lr=1e-3 ep1000 f16 d0.2                80.2%   ~9분
  Case A: b64  lr=1e-3 ep1500 f14 d0.2        81.1%  13분
  b128 lr=1e-3 ep1000 f14 d0.2                80.5%   5분38초
  b128 lr=1e-3 ep2000 f14 d0.2                80.7%  11분5초   (수렴 천장)
  b128 lr=2e-3 ep1000 f14 d0.2                80.8%   5분39초
  b128 lr=2e-3 ep2000 f14 d0.2                81.8%  11분11초  ← 역대 최고 ★★
  ────────────────────────────────────────────────────────────────────

■ 주목할 점 — ep800에서 이미 Case A 도달
  ep800에서 검증 81.1% 기록 → Case A(81.1%)와 동급을 ep800에서 달성
  이후 ep1243 min_lr까지 계속 소폭 상승 → 수렴 품질 자체가 우수

■ Permutation Importance 분석
  핵심 Top3 (일관성 유지):
    SKEWNESS(0.232), CENTROID(0.229), HIGH_RATIO(0.160)
  중요 중위권 (4~9위, 0.13~0.16 밀집):
    MID_RATIO(0.155), LOW_RATIO(0.153), SPECTRAL_BANDWIDTH(0.152),
    SPECTRAL_FLATNESS(0.151), PEAK_TO_AVG_E(0.136), KURTOSIS(0.121)
  → 4~9위가 0.121~0.155로 매우 밀집 → 이 6개가 고르게 기여하는 구조
  하위 (변화 없음): RMS(0.034), PEAK_COUNT(0.046)

■ 사람 Recall vs 배경 TNR 트레이드오프
  사람 Recall: 75.6% (이전 72.8%, +2.8%p) ↑
  배경 TNR:    88.0% (이전 88.8%, -0.8%p) ↓
  → 사람 탐지율이 오른 대신 배경 정확도 소폭 하락 — 일반적인 트레이드오프
  → 실사용 기준 사람 Recall 향상이 더 중요하므로 긍정적

■ 다음 실험 방향: b256 + lr=4e-3 + ep1000 평가

  [기대 효과]
  - Linear Scaling Rule 적용: b256 = b128×2 → lr=4e-3 이론적 동등점
  - 에폭당 업데이트 77회 (b128의 절반) → plateau 진입이 ep700~900 예상
  - ep1000에서 4~5단 LR 감소 예상 (b128+lr=2e-3+ep1000의 4단과 유사)
  - 예상 결과: 81%± 수준, b128+lr=2e-3+ep1000(80.8%)과 비슷하거나 소폭 상이

  [주의사항]
  - lr=4e-3은 상당히 큰 LR — 초기(ep1~50) 손실이 발산하거나 검증 정확도가
    불안정하면 lr=3e-3으로 낮춰 재시도 권장
  - ep1000으로는 수렴 미달 가능성 높음 → 결과 좋으면 ep2000 후속 필요
  - b256에서 수렴이 확인되면 b256+lr=4e-3+ep2000이 현재 81.8% 갱신 도전 가능

  [대안]
  - 현재 조합(b128+lr=2e-3)이 이미 최적에 가까울 수 있음
  - b256 실험 병행으로 배치 한계도 함께 파악
━━━━━━━━━━━━━━━━━━━━━━━━━━━━━━━━━━━━━━━━━━━━━━━━━━━━━━━━━━━━━━━━

