[MLP]   svm_data_20260507_133636.csv                       24741샘플
[MLP] CSV 로드  →  총 24741샘플
[MLP] 로드 완료 | 전체: 24741개  (배경: 12371, 사람: 12370)
[MLP] 특징 모드: ESP32 (21개)
[MLP] 학습: 19792개 (80%)  검증: 4949개 (20%)  [비율고정: 유지 | 분리시드: 42]
[MLP] 스케일러: StandardScaler (z-score)
[MLP] ━━━━━━━━━━━━━━━━━━━━━━━━━━━━━━━━━━━━━━━━━━━━━━━
[MLP]  디바이스: cpu
[MLP]  구조: 21 → 128 → 64 → 32 → 2
[MLP]  에폭: 1500  배치: 128  LR: 2.00e-03  Dropout: 0.2
[MLP]  Early Stop: 비활성화
[MLP]  LR 스케줄러: patience=50  factor=0.5  min_lr=1e-6
[MLP]  검증 비율: 20%  분리 비율고정: 유지  분리 시드: 42
[MLP]  스케일러: StandardScaler  특징 모드: ESP32
[MLP]  사용 특징 (21개): SPECTRAL_ROLLOFF, SPECTRAL_BANDWIDTH, PEAK_COUNT, MID_RATIO, LOW_TO_HIGH_RATIO, SECOND_PEAK_FREQ, KURTOSIS, CENTROID, PEAK_FREQ, LOW_RATIO, RMS, AVG_ENERGY, PEAK_ENERGY, ENERGY_VARIANCE, PEAK_TO_AVG_E, HIGH_RATIO, PEAK1_TO_PEAK2_RATIO, SKEWNESS, DC_RATIO, DELTA_PEAK_FREQ, SPECTRAL_FLATNESS
[MLP] ━━━━━━━━━━━━━━━━━━━━━━━━━━━━━━━━━━━━━━━━━━━━━━━
  에폭   1/1500 | 손실: 0.5962 | 학습: 67.3% | 검증: 65.7% | lr: 2.00e-03 | 0.3s ★
  에폭   2/1500 | 손실: 0.5791 | 학습: 68.0% | 검증: 65.8% | lr: 2.00e-03 | 0.4s ★
  에폭   3/1500 | 손실: 0.5732 | 학습: 68.5% | 검증: 66.7% | lr: 2.00e-03 | 0.3s ★
  에폭   4/1500 | 손실: 0.5630 | 학습: 69.7% | 검증: 67.9% | lr: 2.00e-03 | 0.3s ★
  에폭   5/1500 | 손실: 0.5572 | 학습: 71.0% | 검증: 68.3% | lr: 2.00e-03 | 0.3s ★
  에폭   6/1500 | 손실: 0.5520 | 학습: 72.2% | 검증: 70.0% | lr: 2.00e-03 | 0.3s ★
  에폭   7/1500 | 손실: 0.5468 | 학습: 71.7% | 검증: 69.7% | lr: 2.00e-03 | 0.3s
  에폭   8/1500 | 손실: 0.5397 | 학습: 72.9% | 검증: 70.5% | lr: 2.00e-03 | 0.4s ★
  에폭   9/1500 | 손실: 0.5370 | 학습: 73.5% | 검증: 71.9% | lr: 2.00e-03 | 0.3s ★
  에폭  10/1500 | 손실: 0.5300 | 학습: 73.5% | 검증: 70.5% | lr: 2.00e-03 | 0.3s
  에폭  11/1500 | 손실: 0.5256 | 학습: 74.4% | 검증: 72.8% | lr: 2.00e-03 | 0.3s ★
  에폭  12/1500 | 손실: 0.5206 | 학습: 75.5% | 검증: 73.2% | lr: 2.00e-03 | 0.3s ★
  에폭  13/1500 | 손실: 0.5142 | 학습: 75.4% | 검증: 73.6% | lr: 2.00e-03 | 0.3s ★
  에폭  14/1500 | 손실: 0.5136 | 학습: 75.7% | 검증: 73.3% | lr: 2.00e-03 | 0.3s
  에폭  15/1500 | 손실: 0.5042 | 학습: 76.0% | 검증: 74.0% | lr: 2.00e-03 | 0.3s ★
  에폭  16/1500 | 손실: 0.5048 | 학습: 76.8% | 검증: 74.1% | lr: 2.00e-03 | 0.3s ★
  에폭  17/1500 | 손실: 0.5001 | 학습: 76.6% | 검증: 74.2% | lr: 2.00e-03 | 0.3s ★
  에폭  18/1500 | 손실: 0.4978 | 학습: 77.6% | 검증: 74.6% | lr: 2.00e-03 | 0.3s ★
  에폭  19/1500 | 손실: 0.4943 | 학습: 77.9% | 검증: 74.7% | lr: 2.00e-03 | 0.3s ★
  에폭  20/1500 | 손실: 0.4870 | 학습: 77.9% | 검증: 74.4% | lr: 2.00e-03 | 0.3s
  에폭  21/1500 | 손실: 0.4860 | 학습: 77.9% | 검증: 75.3% | lr: 2.00e-03 | 0.3s ★
  에폭  22/1500 | 손실: 0.4817 | 학습: 78.7% | 검증: 75.4% | lr: 2.00e-03 | 0.3s ★
  에폭  23/1500 | 손실: 0.4791 | 학습: 78.4% | 검증: 75.6% | lr: 2.00e-03 | 0.3s ★
  에폭  24/1500 | 손실: 0.4758 | 학습: 78.8% | 검증: 75.7% | lr: 2.00e-03 | 0.3s ★
  에폭  25/1500 | 손실: 0.4738 | 학습: 79.5% | 검증: 75.9% | lr: 2.00e-03 | 0.3s ★
  에폭  26/1500 | 손실: 0.4673 | 학습: 79.9% | 검증: 76.3% | lr: 2.00e-03 | 0.3s ★
  에폭  27/1500 | 손실: 0.4648 | 학습: 79.9% | 검증: 76.1% | lr: 2.00e-03 | 0.3s
  에폭  28/1500 | 손실: 0.4620 | 학습: 79.9% | 검증: 76.1% | lr: 2.00e-03 | 0.3s
  에폭  29/1500 | 손실: 0.4595 | 학습: 80.7% | 검증: 76.4% | lr: 2.00e-03 | 0.3s ★
  에폭  30/1500 | 손실: 0.4572 | 학습: 80.0% | 검증: 76.3% | lr: 2.00e-03 | 0.3s
  에폭  31/1500 | 손실: 0.4545 | 학습: 80.2% | 검증: 76.5% | lr: 2.00e-03 | 0.3s ★
  에폭  32/1500 | 손실: 0.4508 | 학습: 81.3% | 검증: 76.9% | lr: 2.00e-03 | 0.3s ★
  에폭  33/1500 | 손실: 0.4536 | 학습: 81.2% | 검증: 77.1% | lr: 2.00e-03 | 0.3s ★
  에폭  34/1500 | 손실: 0.4457 | 학습: 81.1% | 검증: 76.8% | lr: 2.00e-03 | 0.3s
  에폭  35/1500 | 손실: 0.4460 | 학습: 81.7% | 검증: 77.7% | lr: 2.00e-03 | 0.3s ★
  에폭  36/1500 | 손실: 0.4445 | 학습: 81.6% | 검증: 77.7% | lr: 2.00e-03 | 0.3s
  에폭  37/1500 | 손실: 0.4373 | 학습: 82.1% | 검증: 77.4% | lr: 2.00e-03 | 0.3s
  에폭  38/1500 | 손실: 0.4454 | 학습: 82.5% | 검증: 78.2% | lr: 2.00e-03 | 0.3s ★
  에폭  39/1500 | 손실: 0.4390 | 학습: 82.6% | 검증: 78.3% | lr: 2.00e-03 | 0.3s ★
  에폭  40/1500 | 손실: 0.4336 | 학습: 82.4% | 검증: 77.9% | lr: 2.00e-03 | 0.3s
  에폭  41/1500 | 손실: 0.4355 | 학습: 81.8% | 검증: 78.3% | lr: 2.00e-03 | 0.3s
  에폭  42/1500 | 손실: 0.4371 | 학습: 82.4% | 검증: 78.4% | lr: 2.00e-03 | 0.3s ★
  에폭  43/1500 | 손실: 0.4289 | 학습: 82.7% | 검증: 78.1% | lr: 2.00e-03 | 0.3s
  에폭  44/1500 | 손실: 0.4310 | 학습: 82.9% | 검증: 78.4% | lr: 2.00e-03 | 0.3s
  에폭  45/1500 | 손실: 0.4243 | 학습: 83.4% | 검증: 78.7% | lr: 2.00e-03 | 0.3s ★
  에폭  46/1500 | 손실: 0.4284 | 학습: 83.4% | 검증: 79.3% | lr: 2.00e-03 | 0.3s ★
  에폭  47/1500 | 손실: 0.4215 | 학습: 84.0% | 검증: 79.6% | lr: 2.00e-03 | 0.3s ★
  에폭  48/1500 | 손실: 0.4259 | 학습: 83.3% | 검증: 79.3% | lr: 2.00e-03 | 0.3s
  에폭  49/1500 | 손실: 0.4179 | 학습: 82.8% | 검증: 78.4% | lr: 2.00e-03 | 0.3s
  에폭  50/1500 | 손실: 0.4181 | 학습: 83.5% | 검증: 79.0% | lr: 2.00e-03 | 0.3s
  에폭  51/1500 | 손실: 0.4171 | 학습: 84.2% | 검증: 79.4% | lr: 2.00e-03 | 0.3s
  에폭  52/1500 | 손실: 0.4182 | 학습: 83.9% | 검증: 79.7% | lr: 2.00e-03 | 0.3s ★
  에폭  53/1500 | 손실: 0.4144 | 학습: 84.3% | 검증: 79.9% | lr: 2.00e-03 | 0.3s ★
  에폭  54/1500 | 손실: 0.4168 | 학습: 84.5% | 검증: 80.5% | lr: 2.00e-03 | 0.3s ★
  에폭  55/1500 | 손실: 0.4096 | 학습: 84.2% | 검증: 80.1% | lr: 2.00e-03 | 0.3s
  에폭  56/1500 | 손실: 0.4050 | 학습: 84.3% | 검증: 79.5% | lr: 2.00e-03 | 0.3s
  에폭  57/1500 | 손실: 0.4072 | 학습: 85.1% | 검증: 80.2% | lr: 2.00e-03 | 0.3s
  에폭  58/1500 | 손실: 0.4104 | 학습: 85.0% | 검증: 80.3% | lr: 2.00e-03 | 0.3s
  에폭  59/1500 | 손실: 0.4101 | 학습: 85.3% | 검증: 80.4% | lr: 2.00e-03 | 0.3s
  에폭  60/1500 | 손실: 0.4075 | 학습: 85.4% | 검증: 80.8% | lr: 2.00e-03 | 0.3s ★
  에폭  61/1500 | 손실: 0.4066 | 학습: 85.3% | 검증: 80.3% | lr: 2.00e-03 | 0.3s
  에폭  62/1500 | 손실: 0.3999 | 학습: 84.9% | 검증: 80.1% | lr: 2.00e-03 | 0.3s
  에폭  63/1500 | 손실: 0.4063 | 학습: 85.2% | 검증: 80.5% | lr: 2.00e-03 | 0.3s
  에폭  64/1500 | 손실: 0.4006 | 학습: 85.8% | 검증: 80.6% | lr: 2.00e-03 | 0.3s
  에폭  65/1500 | 손실: 0.4007 | 학습: 85.8% | 검증: 80.5% | lr: 2.00e-03 | 0.3s
  에폭  66/1500 | 손실: 0.3982 | 학습: 86.3% | 검증: 81.3% | lr: 2.00e-03 | 0.3s ★
  에폭  67/1500 | 손실: 0.3985 | 학습: 85.8% | 검증: 80.0% | lr: 2.00e-03 | 0.3s
  에폭  68/1500 | 손실: 0.3937 | 학습: 85.3% | 검증: 80.7% | lr: 2.00e-03 | 0.3s
  에폭  69/1500 | 손실: 0.3904 | 학습: 86.0% | 검증: 80.7% | lr: 2.00e-03 | 0.3s
  에폭  70/1500 | 손실: 0.3938 | 학습: 85.7% | 검증: 80.9% | lr: 2.00e-03 | 0.3s
  에폭  71/1500 | 손실: 0.3935 | 학습: 85.7% | 검증: 80.3% | lr: 2.00e-03 | 0.3s
  에폭  72/1500 | 손실: 0.3956 | 학습: 86.2% | 검증: 81.1% | lr: 2.00e-03 | 0.3s
  에폭  73/1500 | 손실: 0.3920 | 학습: 85.9% | 검증: 81.0% | lr: 2.00e-03 | 0.3s
  에폭  74/1500 | 손실: 0.3952 | 학습: 86.5% | 검증: 81.2% | lr: 2.00e-03 | 0.3s
  에폭  75/1500 | 손실: 0.3921 | 학습: 86.3% | 검증: 81.0% | lr: 2.00e-03 | 0.3s
  에폭  76/1500 | 손실: 0.3892 | 학습: 86.5% | 검증: 81.4% | lr: 2.00e-03 | 0.3s ★
  에폭  77/1500 | 손실: 0.3920 | 학습: 86.1% | 검증: 81.6% | lr: 2.00e-03 | 0.3s ★
  에폭  78/1500 | 손실: 0.3899 | 학습: 86.6% | 검증: 81.5% | lr: 2.00e-03 | 0.3s
  에폭  79/1500 | 손실: 0.3883 | 학습: 86.7% | 검증: 82.2% | lr: 2.00e-03 | 0.4s ★
  에폭  80/1500 | 손실: 0.3841 | 학습: 87.1% | 검증: 82.3% | lr: 2.00e-03 | 0.3s ★
  에폭  81/1500 | 손실: 0.3803 | 학습: 86.7% | 검증: 82.0% | lr: 2.00e-03 | 0.3s
  에폭  82/1500 | 손실: 0.3827 | 학습: 86.9% | 검증: 81.9% | lr: 2.00e-03 | 0.3s
  에폭  83/1500 | 손실: 0.3827 | 학습: 87.1% | 검증: 81.5% | lr: 2.00e-03 | 0.3s
  에폭  84/1500 | 손실: 0.3829 | 학습: 87.1% | 검증: 81.8% | lr: 2.00e-03 | 0.3s
  에폭  85/1500 | 손실: 0.3840 | 학습: 86.5% | 검증: 81.5% | lr: 2.00e-03 | 0.3s
  에폭  86/1500 | 손실: 0.3798 | 학습: 86.7% | 검증: 82.1% | lr: 2.00e-03 | 0.3s
  에폭  87/1500 | 손실: 0.3802 | 학습: 87.4% | 검증: 81.7% | lr: 2.00e-03 | 0.3s
  에폭  88/1500 | 손실: 0.3759 | 학습: 87.6% | 검증: 82.1% | lr: 2.00e-03 | 0.3s
  에폭  89/1500 | 손실: 0.3838 | 학습: 86.9% | 검증: 80.2% | lr: 2.00e-03 | 0.3s
  에폭  90/1500 | 손실: 0.3807 | 학습: 87.3% | 검증: 81.4% | lr: 2.00e-03 | 0.3s
  에폭  91/1500 | 손실: 0.3782 | 학습: 87.6% | 검증: 81.3% | lr: 2.00e-03 | 0.3s
  에폭  92/1500 | 손실: 0.3752 | 학습: 87.8% | 검증: 82.1% | lr: 2.00e-03 | 0.3s
  에폭  93/1500 | 손실: 0.3817 | 학습: 87.9% | 검증: 82.7% | lr: 2.00e-03 | 0.3s ★
  에폭  94/1500 | 손실: 0.3702 | 학습: 87.6% | 검증: 81.8% | lr: 2.00e-03 | 0.3s
  에폭  95/1500 | 손실: 0.3718 | 학습: 87.7% | 검증: 82.6% | lr: 2.00e-03 | 0.3s
  에폭  96/1500 | 손실: 0.3736 | 학습: 87.2% | 검증: 82.0% | lr: 2.00e-03 | 0.3s
  에폭  97/1500 | 손실: 0.3716 | 학습: 87.4% | 검증: 81.9% | lr: 2.00e-03 | 0.3s
  에폭  98/1500 | 손실: 0.3724 | 학습: 87.7% | 검증: 81.9% | lr: 2.00e-03 | 0.4s
  에폭  99/1500 | 손실: 0.3773 | 학습: 87.7% | 검증: 81.6% | lr: 2.00e-03 | 0.3s
  에폭 100/1500 | 손실: 0.3697 | 학습: 88.0% | 검증: 82.2% | lr: 2.00e-03 | 0.3s
  에폭 101/1500 | 손실: 0.3709 | 학습: 87.9% | 검증: 82.1% | lr: 2.00e-03 | 0.3s
  에폭 102/1500 | 손실: 0.3719 | 학습: 87.7% | 검증: 82.1% | lr: 2.00e-03 | 0.3s
  에폭 103/1500 | 손실: 0.3702 | 학습: 88.3% | 검증: 82.6% | lr: 2.00e-03 | 0.3s
  에폭 104/1500 | 손실: 0.3702 | 학습: 88.5% | 검증: 82.6% | lr: 2.00e-03 | 0.3s
  에폭 105/1500 | 손실: 0.3656 | 학습: 88.1% | 검증: 81.7% | lr: 2.00e-03 | 0.3s
  에폭 106/1500 | 손실: 0.3693 | 학습: 88.2% | 검증: 82.3% | lr: 2.00e-03 | 0.3s
  에폭 107/1500 | 손실: 0.3700 | 학습: 88.5% | 검증: 81.8% | lr: 2.00e-03 | 0.3s
  에폭 108/1500 | 손실: 0.3601 | 학습: 88.0% | 검증: 82.9% | lr: 2.00e-03 | 0.3s ★
  에폭 109/1500 | 손실: 0.3670 | 학습: 88.2% | 검증: 82.5% | lr: 2.00e-03 | 0.3s
  에폭 110/1500 | 손실: 0.3627 | 학습: 88.6% | 검증: 82.4% | lr: 2.00e-03 | 0.3s
  에폭 111/1500 | 손실: 0.3690 | 학습: 88.0% | 검증: 82.1% | lr: 2.00e-03 | 0.3s
  에폭 112/1500 | 손실: 0.3658 | 학습: 88.1% | 검증: 82.1% | lr: 2.00e-03 | 0.3s
  에폭 113/1500 | 손실: 0.3682 | 학습: 88.2% | 검증: 82.6% | lr: 2.00e-03 | 0.3s
  에폭 114/1500 | 손실: 0.3636 | 학습: 88.5% | 검증: 83.0% | lr: 2.00e-03 | 0.3s ★
  에폭 115/1500 | 손실: 0.3645 | 학습: 88.2% | 검증: 82.2% | lr: 2.00e-03 | 0.3s
  에폭 116/1500 | 손실: 0.3623 | 학습: 88.2% | 검증: 82.1% | lr: 2.00e-03 | 0.3s
  에폭 117/1500 | 손실: 0.3635 | 학습: 88.8% | 검증: 82.0% | lr: 2.00e-03 | 0.3s
  에폭 118/1500 | 손실: 0.3604 | 학습: 88.8% | 검증: 82.8% | lr: 2.00e-03 | 0.3s
  에폭 119/1500 | 손실: 0.3602 | 학습: 88.9% | 검증: 83.2% | lr: 2.00e-03 | 0.3s ★
  에폭 120/1500 | 손실: 0.3585 | 학습: 88.7% | 검증: 83.2% | lr: 2.00e-03 | 0.3s
  에폭 121/1500 | 손실: 0.3559 | 학습: 89.1% | 검증: 82.8% | lr: 2.00e-03 | 0.3s
  에폭 122/1500 | 손실: 0.3546 | 학습: 89.1% | 검증: 83.6% | lr: 2.00e-03 | 0.3s ★
  에폭 123/1500 | 손실: 0.3484 | 학습: 89.0% | 검증: 83.5% | lr: 2.00e-03 | 0.3s
  에폭 124/1500 | 손실: 0.3529 | 학습: 89.2% | 검증: 83.1% | lr: 2.00e-03 | 0.3s
  에폭 125/1500 | 손실: 0.3566 | 학습: 89.0% | 검증: 82.6% | lr: 2.00e-03 | 0.3s
  에폭 126/1500 | 손실: 0.3531 | 학습: 89.1% | 검증: 83.1% | lr: 2.00e-03 | 0.3s
  에폭 127/1500 | 손실: 0.3482 | 학습: 89.1% | 검증: 82.8% | lr: 2.00e-03 | 0.3s
  에폭 128/1500 | 손실: 0.3550 | 학습: 89.2% | 검증: 83.8% | lr: 2.00e-03 | 0.3s ★
  에폭 129/1500 | 손실: 0.3539 | 학습: 89.1% | 검증: 83.1% | lr: 2.00e-03 | 0.3s
  에폭 130/1500 | 손실: 0.3527 | 학습: 89.3% | 검증: 83.7% | lr: 2.00e-03 | 0.3s
  에폭 131/1500 | 손실: 0.3511 | 학습: 89.3% | 검증: 84.0% | lr: 2.00e-03 | 0.3s ★
  에폭 132/1500 | 손실: 0.3519 | 학습: 89.3% | 검증: 83.6% | lr: 2.00e-03 | 0.3s
  에폭 133/1500 | 손실: 0.3477 | 학습: 89.0% | 검증: 83.2% | lr: 2.00e-03 | 0.3s
  에폭 134/1500 | 손실: 0.3522 | 학습: 88.8% | 검증: 82.6% | lr: 2.00e-03 | 0.3s
  에폭 135/1500 | 손실: 0.3560 | 학습: 89.6% | 검증: 83.4% | lr: 2.00e-03 | 0.3s
  에폭 136/1500 | 손실: 0.3521 | 학습: 89.4% | 검증: 83.5% | lr: 2.00e-03 | 0.3s
  에폭 137/1500 | 손실: 0.3466 | 학습: 89.7% | 검증: 83.2% | lr: 2.00e-03 | 0.3s
  에폭 138/1500 | 손실: 0.3474 | 학습: 89.5% | 검증: 83.6% | lr: 2.00e-03 | 0.3s
  에폭 139/1500 | 손실: 0.3488 | 학습: 89.1% | 검증: 82.6% | lr: 2.00e-03 | 0.3s
  에폭 140/1500 | 손실: 0.3527 | 학습: 89.1% | 검증: 82.7% | lr: 2.00e-03 | 0.3s
  에폭 141/1500 | 손실: 0.3457 | 학습: 90.0% | 검증: 84.1% | lr: 2.00e-03 | 0.3s ★
  에폭 142/1500 | 손실: 0.3442 | 학습: 89.7% | 검증: 83.4% | lr: 2.00e-03 | 0.3s
  에폭 143/1500 | 손실: 0.3408 | 학습: 89.9% | 검증: 83.4% | lr: 2.00e-03 | 0.3s
  에폭 144/1500 | 손실: 0.3445 | 학습: 90.1% | 검증: 83.8% | lr: 2.00e-03 | 0.3s
  에폭 145/1500 | 손실: 0.3453 | 학습: 89.7% | 검증: 83.8% | lr: 2.00e-03 | 0.3s
  에폭 146/1500 | 손실: 0.3452 | 학습: 89.8% | 검증: 83.7% | lr: 2.00e-03 | 0.3s
  에폭 147/1500 | 손실: 0.3429 | 학습: 89.7% | 검증: 84.3% | lr: 2.00e-03 | 0.3s ★
  에폭 148/1500 | 손실: 0.3432 | 학습: 90.0% | 검증: 83.8% | lr: 2.00e-03 | 0.3s
  에폭 149/1500 | 손실: 0.3402 | 학습: 90.2% | 검증: 83.9% | lr: 2.00e-03 | 0.3s
  에폭 150/1500 | 손실: 0.3384 | 학습: 89.6% | 검증: 83.9% | lr: 2.00e-03 | 0.3s
  에폭 151/1500 | 손실: 0.3456 | 학습: 90.1% | 검증: 84.1% | lr: 2.00e-03 | 0.3s
  에폭 152/1500 | 손실: 0.3441 | 학습: 89.8% | 검증: 83.6% | lr: 2.00e-03 | 0.3s
  에폭 153/1500 | 손실: 0.3403 | 학습: 90.0% | 검증: 84.1% | lr: 2.00e-03 | 0.3s
  에폭 154/1500 | 손실: 0.3399 | 학습: 90.2% | 검증: 83.7% | lr: 2.00e-03 | 0.3s
  에폭 155/1500 | 손실: 0.3375 | 학습: 90.4% | 검증: 83.6% | lr: 2.00e-03 | 0.3s
  에폭 156/1500 | 손실: 0.3387 | 학습: 89.9% | 검증: 83.4% | lr: 2.00e-03 | 0.3s
  에폭 157/1500 | 손실: 0.3457 | 학습: 90.3% | 검증: 84.0% | lr: 2.00e-03 | 0.3s
  에폭 158/1500 | 손실: 0.3357 | 학습: 90.5% | 검증: 83.9% | lr: 2.00e-03 | 0.3s
  에폭 159/1500 | 손실: 0.3454 | 학습: 90.5% | 검증: 84.2% | lr: 2.00e-03 | 0.3s
  에폭 160/1500 | 손실: 0.3437 | 학습: 90.5% | 검증: 84.3% | lr: 2.00e-03 | 0.3s
  에폭 161/1500 | 손실: 0.3351 | 학습: 90.4% | 검증: 84.1% | lr: 2.00e-03 | 0.3s
  에폭 162/1500 | 손실: 0.3399 | 학습: 90.4% | 검증: 84.4% | lr: 2.00e-03 | 0.3s ★
  에폭 163/1500 | 손실: 0.3382 | 학습: 90.6% | 검증: 84.6% | lr: 2.00e-03 | 0.3s ★
  에폭 164/1500 | 손실: 0.3349 | 학습: 90.2% | 검증: 84.2% | lr: 2.00e-03 | 0.3s
  에폭 165/1500 | 손실: 0.3384 | 학습: 90.4% | 검증: 83.8% | lr: 2.00e-03 | 0.3s
  에폭 166/1500 | 손실: 0.3389 | 학습: 90.4% | 검증: 84.9% | lr: 2.00e-03 | 0.3s ★
  에폭 167/1500 | 손실: 0.3375 | 학습: 90.4% | 검증: 84.4% | lr: 2.00e-03 | 0.3s
  에폭 168/1500 | 손실: 0.3378 | 학습: 90.4% | 검증: 84.2% | lr: 2.00e-03 | 0.3s
  에폭 169/1500 | 손실: 0.3326 | 학습: 90.5% | 검증: 84.3% | lr: 2.00e-03 | 0.3s
  에폭 170/1500 | 손실: 0.3345 | 학습: 90.2% | 검증: 84.3% | lr: 2.00e-03 | 0.3s
  에폭 171/1500 | 손실: 0.3360 | 학습: 90.3% | 검증: 83.8% | lr: 2.00e-03 | 0.3s
  에폭 172/1500 | 손실: 0.3307 | 학습: 90.5% | 검증: 83.7% | lr: 2.00e-03 | 0.3s
  에폭 173/1500 | 손실: 0.3353 | 학습: 90.7% | 검증: 83.6% | lr: 2.00e-03 | 0.3s
  에폭 174/1500 | 손실: 0.3358 | 학습: 90.3% | 검증: 84.0% | lr: 2.00e-03 | 0.3s
  에폭 175/1500 | 손실: 0.3325 | 학습: 90.7% | 검증: 84.0% | lr: 2.00e-03 | 0.3s
  에폭 176/1500 | 손실: 0.3389 | 학습: 90.7% | 검증: 84.2% | lr: 2.00e-03 | 0.3s
  에폭 177/1500 | 손실: 0.3308 | 학습: 91.3% | 검증: 84.4% | lr: 2.00e-03 | 0.3s
  에폭 178/1500 | 손실: 0.3337 | 학습: 90.6% | 검증: 83.9% | lr: 2.00e-03 | 0.3s
  에폭 179/1500 | 손실: 0.3346 | 학습: 90.8% | 검증: 84.0% | lr: 2.00e-03 | 0.3s
  에폭 180/1500 | 손실: 0.3296 | 학습: 90.3% | 검증: 84.8% | lr: 2.00e-03 | 0.3s
  에폭 181/1500 | 손실: 0.3272 | 학습: 90.8% | 검증: 84.9% | lr: 2.00e-03 | 0.3s ★
  에폭 182/1500 | 손실: 0.3339 | 학습: 90.4% | 검증: 83.7% | lr: 2.00e-03 | 0.3s
  에폭 183/1500 | 손실: 0.3307 | 학습: 90.9% | 검증: 84.3% | lr: 2.00e-03 | 0.3s
  에폭 184/1500 | 손실: 0.3333 | 학습: 90.9% | 검증: 84.3% | lr: 2.00e-03 | 0.3s
  에폭 185/1500 | 손실: 0.3284 | 학습: 91.2% | 검증: 84.7% | lr: 2.00e-03 | 0.3s
  에폭 186/1500 | 손실: 0.3242 | 학습: 90.6% | 검증: 83.8% | lr: 2.00e-03 | 0.3s
  에폭 187/1500 | 손실: 0.3344 | 학습: 90.7% | 검증: 83.9% | lr: 2.00e-03 | 0.3s
  에폭 188/1500 | 손실: 0.3339 | 학습: 90.4% | 검증: 84.3% | lr: 2.00e-03 | 0.3s
  에폭 189/1500 | 손실: 0.3299 | 학습: 90.9% | 검증: 84.4% | lr: 2.00e-03 | 0.3s
  에폭 190/1500 | 손실: 0.3292 | 학습: 91.0% | 검증: 84.5% | lr: 2.00e-03 | 0.3s
  에폭 191/1500 | 손실: 0.3263 | 학습: 90.9% | 검증: 84.6% | lr: 2.00e-03 | 0.3s
  에폭 192/1500 | 손실: 0.3296 | 학습: 91.1% | 검증: 85.0% | lr: 2.00e-03 | 0.3s ★
  에폭 193/1500 | 손실: 0.3235 | 학습: 91.1% | 검증: 84.8% | lr: 2.00e-03 | 0.3s
  에폭 194/1500 | 손실: 0.3284 | 학습: 91.1% | 검증: 84.8% | lr: 2.00e-03 | 0.3s
  에폭 195/1500 | 손실: 0.3284 | 학습: 91.1% | 검증: 84.6% | lr: 2.00e-03 | 0.3s
  에폭 196/1500 | 손실: 0.3230 | 학습: 91.2% | 검증: 84.6% | lr: 2.00e-03 | 0.3s
  에폭 197/1500 | 손실: 0.3284 | 학습: 90.9% | 검증: 84.5% | lr: 2.00e-03 | 0.3s
  에폭 198/1500 | 손실: 0.3295 | 학습: 91.3% | 검증: 85.4% | lr: 2.00e-03 | 0.3s ★
  에폭 199/1500 | 손실: 0.3257 | 학습: 90.8% | 검증: 84.7% | lr: 2.00e-03 | 0.3s
  에폭 200/1500 | 손실: 0.3220 | 학습: 91.1% | 검증: 84.9% | lr: 2.00e-03 | 0.3s
  에폭 201/1500 | 손실: 0.3253 | 학습: 91.3% | 검증: 85.1% | lr: 2.00e-03 | 0.3s
  에폭 202/1500 | 손실: 0.3253 | 학습: 91.3% | 검증: 84.9% | lr: 2.00e-03 | 0.3s
  에폭 203/1500 | 손실: 0.3235 | 학습: 91.2% | 검증: 84.5% | lr: 2.00e-03 | 0.3s
  에폭 204/1500 | 손실: 0.3216 | 학습: 91.1% | 검증: 85.2% | lr: 2.00e-03 | 0.3s
  에폭 205/1500 | 손실: 0.3223 | 학습: 91.0% | 검증: 84.8% | lr: 2.00e-03 | 0.3s
  에폭 206/1500 | 손실: 0.3247 | 학습: 91.4% | 검증: 85.1% | lr: 2.00e-03 | 0.3s
  에폭 207/1500 | 손실: 0.3233 | 학습: 91.3% | 검증: 84.6% | lr: 2.00e-03 | 0.3s
  에폭 208/1500 | 손실: 0.3205 | 학습: 91.3% | 검증: 84.1% | lr: 2.00e-03 | 0.3s
  에폭 209/1500 | 손실: 0.3212 | 학습: 91.8% | 검증: 85.0% | lr: 2.00e-03 | 0.3s
  에폭 210/1500 | 손실: 0.3250 | 학습: 91.5% | 검증: 84.8% | lr: 2.00e-03 | 0.3s
  에폭 211/1500 | 손실: 0.3217 | 학습: 91.1% | 검증: 84.6% | lr: 2.00e-03 | 0.3s
  에폭 212/1500 | 손실: 0.3204 | 학습: 91.5% | 검증: 84.5% | lr: 2.00e-03 | 0.3s
  에폭 213/1500 | 손실: 0.3284 | 학습: 91.1% | 검증: 84.4% | lr: 2.00e-03 | 0.3s
  에폭 214/1500 | 손실: 0.3238 | 학습: 91.5% | 검증: 84.9% | lr: 2.00e-03 | 0.3s
  에폭 215/1500 | 손실: 0.3163 | 학습: 91.4% | 검증: 84.9% | lr: 2.00e-03 | 0.3s
  에폭 216/1500 | 손실: 0.3205 | 학습: 91.7% | 검증: 84.9% | lr: 2.00e-03 | 0.3s
  에폭 217/1500 | 손실: 0.3238 | 학습: 91.6% | 검증: 84.9% | lr: 2.00e-03 | 0.3s
  에폭 218/1500 | 손실: 0.3120 | 학습: 91.7% | 검증: 84.7% | lr: 2.00e-03 | 0.3s
  에폭 219/1500 | 손실: 0.3202 | 학습: 91.7% | 검증: 85.0% | lr: 2.00e-03 | 0.3s
  에폭 220/1500 | 손실: 0.3160 | 학습: 91.6% | 검증: 85.1% | lr: 2.00e-03 | 0.3s
  에폭 221/1500 | 손실: 0.3156 | 학습: 91.6% | 검증: 84.3% | lr: 2.00e-03 | 0.3s
  에폭 222/1500 | 손실: 0.3175 | 학습: 91.7% | 검증: 85.1% | lr: 2.00e-03 | 0.3s
  에폭 223/1500 | 손실: 0.3156 | 학습: 91.4% | 검증: 84.8% | lr: 2.00e-03 | 0.3s
  에폭 224/1500 | 손실: 0.3218 | 학습: 91.6% | 검증: 84.7% | lr: 2.00e-03 | 0.3s
  에폭 225/1500 | 손실: 0.3188 | 학습: 91.5% | 검증: 84.8% | lr: 2.00e-03 | 0.3s
  에폭 226/1500 | 손실: 0.3159 | 학습: 91.4% | 검증: 84.6% | lr: 2.00e-03 | 0.3s
  에폭 227/1500 | 손실: 0.3138 | 학습: 91.5% | 검증: 84.8% | lr: 2.00e-03 | 0.3s
  에폭 228/1500 | 손실: 0.3184 | 학습: 91.8% | 검증: 84.9% | lr: 2.00e-03 | 0.3s
  에폭 229/1500 | 손실: 0.3219 | 학습: 91.8% | 검증: 85.6% | lr: 2.00e-03 | 0.3s ★
  에폭 230/1500 | 손실: 0.3219 | 학습: 91.6% | 검증: 85.0% | lr: 2.00e-03 | 0.3s
  에폭 231/1500 | 손실: 0.3128 | 학습: 91.6% | 검증: 85.3% | lr: 2.00e-03 | 0.3s
  에폭 232/1500 | 손실: 0.3168 | 학습: 91.6% | 검증: 84.8% | lr: 2.00e-03 | 0.3s
  에폭 233/1500 | 손실: 0.3142 | 학습: 91.9% | 검증: 85.4% | lr: 2.00e-03 | 0.3s
  에폭 234/1500 | 손실: 0.3146 | 학습: 91.6% | 검증: 85.2% | lr: 2.00e-03 | 0.3s
  에폭 235/1500 | 손실: 0.3113 | 학습: 91.9% | 검증: 85.2% | lr: 2.00e-03 | 0.3s
  에폭 236/1500 | 손실: 0.3134 | 학습: 92.1% | 검증: 85.0% | lr: 2.00e-03 | 0.3s
  에폭 237/1500 | 손실: 0.3126 | 학습: 91.7% | 검증: 85.1% | lr: 2.00e-03 | 0.3s
  에폭 238/1500 | 손실: 0.3127 | 학습: 92.0% | 검증: 85.4% | lr: 2.00e-03 | 0.3s
  에폭 239/1500 | 손실: 0.3177 | 학습: 91.3% | 검증: 84.3% | lr: 2.00e-03 | 0.3s
  에폭 240/1500 | 손실: 0.3163 | 학습: 91.6% | 검증: 85.1% | lr: 2.00e-03 | 0.3s
  에폭 241/1500 | 손실: 0.3185 | 학습: 91.4% | 검증: 84.5% | lr: 2.00e-03 | 0.3s
  에폭 242/1500 | 손실: 0.3171 | 학습: 91.9% | 검증: 84.7% | lr: 2.00e-03 | 0.3s
  에폭 243/1500 | 손실: 0.3154 | 학습: 92.0% | 검증: 85.3% | lr: 2.00e-03 | 0.3s
  에폭 244/1500 | 손실: 0.3127 | 학습: 92.2% | 검증: 85.7% | lr: 2.00e-03 | 0.3s ★
  에폭 245/1500 | 손실: 0.3148 | 학습: 91.8% | 검증: 85.7% | lr: 2.00e-03 | 0.3s
  에폭 246/1500 | 손실: 0.3144 | 학습: 92.0% | 검증: 84.9% | lr: 2.00e-03 | 0.3s
  에폭 247/1500 | 손실: 0.3114 | 학습: 91.7% | 검증: 84.4% | lr: 2.00e-03 | 0.3s
  에폭 248/1500 | 손실: 0.3135 | 학습: 92.0% | 검증: 84.9% | lr: 2.00e-03 | 0.3s
  에폭 249/1500 | 손실: 0.3131 | 학습: 92.1% | 검증: 85.0% | lr: 2.00e-03 | 0.3s
  에폭 250/1500 | 손실: 0.3095 | 학습: 92.2% | 검증: 85.4% | lr: 2.00e-03 | 0.3s
  에폭 251/1500 | 손실: 0.3100 | 학습: 91.8% | 검증: 84.1% | lr: 2.00e-03 | 0.3s
  에폭 252/1500 | 손실: 0.3171 | 학습: 92.3% | 검증: 85.1% | lr: 2.00e-03 | 0.3s
  에폭 253/1500 | 손실: 0.3123 | 학습: 92.0% | 검증: 84.8% | lr: 2.00e-03 | 0.3s
  에폭 254/1500 | 손실: 0.3097 | 학습: 92.1% | 검증: 85.1% | lr: 2.00e-03 | 0.3s
  에폭 255/1500 | 손실: 0.3093 | 학습: 92.0% | 검증: 84.9% | lr: 2.00e-03 | 0.3s
  에폭 256/1500 | 손실: 0.3090 | 학습: 92.2% | 검증: 84.8% | lr: 2.00e-03 | 0.3s
  에폭 257/1500 | 손실: 0.3222 | 학습: 91.9% | 검증: 84.4% | lr: 2.00e-03 | 0.3s
  에폭 258/1500 | 손실: 0.3098 | 학습: 92.0% | 검증: 85.1% | lr: 2.00e-03 | 0.3s
  에폭 259/1500 | 손실: 0.3103 | 학습: 92.4% | 검증: 85.5% | lr: 2.00e-03 | 0.3s
  에폭 260/1500 | 손실: 0.3080 | 학습: 92.0% | 검증: 85.0% | lr: 2.00e-03 | 0.3s
  에폭 261/1500 | 손실: 0.3119 | 학습: 91.9% | 검증: 84.6% | lr: 2.00e-03 | 0.3s
  에폭 262/1500 | 손실: 0.3141 | 학습: 92.5% | 검증: 84.8% | lr: 2.00e-03 | 0.3s
  에폭 263/1500 | 손실: 0.3082 | 학습: 92.3% | 검증: 85.5% | lr: 2.00e-03 | 0.3s
  에폭 264/1500 | 손실: 0.3070 | 학습: 92.7% | 검증: 85.2% | lr: 2.00e-03 | 0.3s
  에폭 265/1500 | 손실: 0.3154 | 학습: 92.2% | 검증: 84.9% | lr: 2.00e-03 | 0.3s
  에폭 266/1500 | 손실: 0.3067 | 학습: 92.2% | 검증: 85.5% | lr: 2.00e-03 | 0.3s
  에폭 267/1500 | 손실: 0.3076 | 학습: 92.4% | 검증: 85.6% | lr: 2.00e-03 | 0.3s
  에폭 268/1500 | 손실: 0.3125 | 학습: 92.0% | 검증: 85.3% | lr: 2.00e-03 | 0.3s
  에폭 269/1500 | 손실: 0.3059 | 학습: 92.3% | 검증: 85.2% | lr: 2.00e-03 | 0.3s
  에폭 270/1500 | 손실: 0.3081 | 학습: 92.7% | 검증: 85.2% | lr: 2.00e-03 | 0.3s
  에폭 271/1500 | 손실: 0.3066 | 학습: 92.5% | 검증: 85.4% | lr: 2.00e-03 | 0.3s
  에폭 272/1500 | 손실: 0.3081 | 학습: 92.5% | 검증: 85.3% | lr: 2.00e-03 | 0.3s
  에폭 273/1500 | 손실: 0.3096 | 학습: 92.4% | 검증: 85.1% | lr: 2.00e-03 | 0.3s
  에폭 274/1500 | 손실: 0.3055 | 학습: 92.5% | 검증: 85.5% | lr: 2.00e-03 | 0.3s
  에폭 275/1500 | 손실: 0.3123 | 학습: 92.5% | 검증: 85.5% | lr: 2.00e-03 | 0.3s
  에폭 276/1500 | 손실: 0.3085 | 학습: 92.6% | 검증: 85.4% | lr: 2.00e-03 | 0.3s
  에폭 277/1500 | 손실: 0.3076 | 학습: 92.3% | 검증: 85.0% | lr: 2.00e-03 | 0.3s
  에폭 278/1500 | 손실: 0.3059 | 학습: 92.6% | 검증: 85.8% | lr: 2.00e-03 | 0.3s ★
  에폭 279/1500 | 손실: 0.3074 | 학습: 92.2% | 검증: 85.3% | lr: 2.00e-03 | 0.3s
  에폭 280/1500 | 손실: 0.3040 | 학습: 92.4% | 검증: 85.0% | lr: 2.00e-03 | 0.3s
  에폭 281/1500 | 손실: 0.3052 | 학습: 92.7% | 검증: 85.6% | lr: 2.00e-03 | 0.3s
  에폭 282/1500 | 손실: 0.3082 | 학습: 92.6% | 검증: 85.5% | lr: 2.00e-03 | 0.3s
  에폭 283/1500 | 손실: 0.3090 | 학습: 92.5% | 검증: 85.5% | lr: 2.00e-03 | 0.3s
  에폭 284/1500 | 손실: 0.3054 | 학습: 92.4% | 검증: 85.8% | lr: 2.00e-03 | 0.3s ★
  에폭 285/1500 | 손실: 0.3019 | 학습: 93.0% | 검증: 85.9% | lr: 2.00e-03 | 0.3s ★
  에폭 286/1500 | 손실: 0.3056 | 학습: 92.9% | 검증: 85.9% | lr: 2.00e-03 | 0.3s
  에폭 287/1500 | 손실: 0.2990 | 학습: 92.3% | 검증: 85.4% | lr: 2.00e-03 | 0.3s
  에폭 288/1500 | 손실: 0.3004 | 학습: 92.8% | 검증: 85.4% | lr: 2.00e-03 | 0.3s
  에폭 289/1500 | 손실: 0.3016 | 학습: 92.6% | 검증: 85.5% | lr: 2.00e-03 | 0.3s
  에폭 290/1500 | 손실: 0.3068 | 학습: 92.4% | 검증: 85.8% | lr: 2.00e-03 | 0.3s
  에폭 291/1500 | 손실: 0.3060 | 학습: 92.5% | 검증: 85.5% | lr: 2.00e-03 | 0.3s
  에폭 292/1500 | 손실: 0.3072 | 학습: 92.4% | 검증: 86.3% | lr: 2.00e-03 | 0.3s ★
  에폭 293/1500 | 손실: 0.3120 | 학습: 92.5% | 검증: 85.8% | lr: 2.00e-03 | 0.3s
  에폭 294/1500 | 손실: 0.2997 | 학습: 92.8% | 검증: 86.1% | lr: 2.00e-03 | 0.3s
  에폭 295/1500 | 손실: 0.3066 | 학습: 92.6% | 검증: 85.8% | lr: 2.00e-03 | 0.3s
  에폭 296/1500 | 손실: 0.3043 | 학습: 92.8% | 검증: 85.2% | lr: 2.00e-03 | 0.3s
  에폭 297/1500 | 손실: 0.3017 | 학습: 92.3% | 검증: 84.7% | lr: 2.00e-03 | 0.3s
  에폭 298/1500 | 손실: 0.3016 | 학습: 92.6% | 검증: 85.1% | lr: 2.00e-03 | 0.3s
  에폭 299/1500 | 손실: 0.3071 | 학습: 92.7% | 검증: 85.6% | lr: 2.00e-03 | 0.3s
  에폭 300/1500 | 손실: 0.3038 | 학습: 92.5% | 검증: 85.3% | lr: 2.00e-03 | 0.3s
  에폭 301/1500 | 손실: 0.3056 | 학습: 92.7% | 검증: 86.3% | lr: 2.00e-03 | 0.3s
  에폭 302/1500 | 손실: 0.3037 | 학습: 92.8% | 검증: 85.6% | lr: 2.00e-03 | 0.3s
  에폭 303/1500 | 손실: 0.2978 | 학습: 92.7% | 검증: 85.6% | lr: 2.00e-03 | 0.3s
  에폭 304/1500 | 손실: 0.3010 | 학습: 92.7% | 검증: 85.9% | lr: 2.00e-03 | 0.3s
  에폭 305/1500 | 손실: 0.3046 | 학습: 92.6% | 검증: 85.2% | lr: 2.00e-03 | 0.3s
  에폭 306/1500 | 손실: 0.3014 | 학습: 92.4% | 검증: 85.7% | lr: 2.00e-03 | 0.3s
  에폭 307/1500 | 손실: 0.3026 | 학습: 92.6% | 검증: 85.5% | lr: 2.00e-03 | 0.3s
  에폭 308/1500 | 손실: 0.3027 | 학습: 92.6% | 검증: 86.1% | lr: 2.00e-03 | 0.3s
  에폭 309/1500 | 손실: 0.3001 | 학습: 92.7% | 검증: 85.5% | lr: 2.00e-03 | 0.3s
  에폭 310/1500 | 손실: 0.2994 | 학습: 92.8% | 검증: 85.2% | lr: 2.00e-03 | 0.3s
  에폭 311/1500 | 손실: 0.3040 | 학습: 92.7% | 검증: 85.4% | lr: 2.00e-03 | 0.3s
  에폭 312/1500 | 손실: 0.3026 | 학습: 92.7% | 검증: 85.9% | lr: 2.00e-03 | 0.3s
  에폭 313/1500 | 손실: 0.2994 | 학습: 92.5% | 검증: 85.8% | lr: 2.00e-03 | 0.3s
  에폭 314/1500 | 손실: 0.3012 | 학습: 92.5% | 검증: 85.6% | lr: 2.00e-03 | 0.3s
  에폭 315/1500 | 손실: 0.2959 | 학습: 92.5% | 검증: 85.9% | lr: 2.00e-03 | 0.3s
  에폭 316/1500 | 손실: 0.2998 | 학습: 92.7% | 검증: 85.6% | lr: 2.00e-03 | 0.3s
  에폭 317/1500 | 손실: 0.2980 | 학습: 93.0% | 검증: 85.8% | lr: 2.00e-03 | 0.3s
  에폭 318/1500 | 손실: 0.2962 | 학습: 92.7% | 검증: 85.7% | lr: 2.00e-03 | 0.3s
  에폭 319/1500 | 손실: 0.3007 | 학습: 93.1% | 검증: 85.8% | lr: 2.00e-03 | 0.3s
  에폭 320/1500 | 손실: 0.3003 | 학습: 92.8% | 검증: 85.2% | lr: 2.00e-03 | 0.3s
  에폭 321/1500 | 손실: 0.2984 | 학습: 92.6% | 검증: 85.3% | lr: 2.00e-03 | 0.3s
  에폭 322/1500 | 손실: 0.2928 | 학습: 93.1% | 검증: 85.1% | lr: 2.00e-03 | 0.3s
  에폭 323/1500 | 손실: 0.2993 | 학습: 93.2% | 검증: 85.8% | lr: 2.00e-03 | 0.3s
  에폭 324/1500 | 손실: 0.2917 | 학습: 93.2% | 검증: 85.8% | lr: 2.00e-03 | 0.3s
  에폭 325/1500 | 손실: 0.3020 | 학습: 93.0% | 검증: 85.6% | lr: 2.00e-03 | 0.3s
  에폭 326/1500 | 손실: 0.2989 | 학습: 93.0% | 검증: 85.8% | lr: 2.00e-03 | 0.3s
  에폭 327/1500 | 손실: 0.2975 | 학습: 93.1% | 검증: 86.0% | lr: 2.00e-03 | 0.3s
  에폭 328/1500 | 손실: 0.2909 | 학습: 92.8% | 검증: 85.7% | lr: 2.00e-03 | 0.3s
  에폭 329/1500 | 손실: 0.2946 | 학습: 92.9% | 검증: 85.4% | lr: 2.00e-03 | 0.3s
  에폭 330/1500 | 손실: 0.2969 | 학습: 93.1% | 검증: 85.6% | lr: 2.00e-03 | 0.3s
  에폭 331/1500 | 손실: 0.2976 | 학습: 92.9% | 검증: 85.4% | lr: 2.00e-03 | 0.3s
  에폭 332/1500 | 손실: 0.2980 | 학습: 93.2% | 검증: 85.3% | lr: 2.00e-03 | 0.3s
  에폭 333/1500 | 손실: 0.2963 | 학습: 92.7% | 검증: 85.7% | lr: 2.00e-03 | 0.3s
  에폭 334/1500 | 손실: 0.2918 | 학습: 93.0% | 검증: 85.4% | lr: 2.00e-03 | 0.3s
  에폭 335/1500 | 손실: 0.3017 | 학습: 93.2% | 검증: 85.7% | lr: 2.00e-03 | 0.3s
  에폭 336/1500 | 손실: 0.2951 | 학습: 92.8% | 검증: 85.8% | lr: 2.00e-03 | 0.3s
  에폭 337/1500 | 손실: 0.2984 | 학습: 92.6% | 검증: 85.7% | lr: 2.00e-03 | 0.3s
  에폭 338/1500 | 손실: 0.2982 | 학습: 92.9% | 검증: 85.4% | lr: 2.00e-03 | 0.3s
  에폭 339/1500 | 손실: 0.2931 | 학습: 93.2% | 검증: 86.0% | lr: 2.00e-03 | 0.3s
  에폭 340/1500 | 손실: 0.3015 | 학습: 93.2% | 검증: 85.7% | lr: 2.00e-03 | 0.3s
  에폭 341/1500 | 손실: 0.2971 | 학습: 93.1% | 검증: 85.9% | lr: 2.00e-03 | 0.3s
  에폭 342/1500 | 손실: 0.2953 | 학습: 93.0% | 검증: 85.9% | lr: 2.00e-03 | 0.3s
  에폭 343/1500 | 손실: 0.2980 | 학습: 93.3% | 검증: 86.0% | lr: 2.00e-03 | 0.3s
  에폭 344/1500 | 손실: 0.2967 | 학습: 93.0% | 검증: 85.8% | lr: 2.00e-03 | 0.3s
  에폭 345/1500 | 손실: 0.3009 | 학습: 92.8% | 검증: 85.6% | lr: 2.00e-03 | 0.3s
  에폭 346/1500 | 손실: 0.2943 | 학습: 93.2% | 검증: 85.6% | lr: 2.00e-03 | 0.3s
  에폭 347/1500 | 손실: 0.2958 | 학습: 93.0% | 검증: 85.3% | lr: 2.00e-03 | 0.3s
  에폭 348/1500 | 손실: 0.2899 | 학습: 93.2% | 검증: 85.9% | lr: 2.00e-03 | 0.3s
  에폭 349/1500 | 손실: 0.2893 | 학습: 93.1% | 검증: 85.8% | lr: 2.00e-03 | 0.3s
  에폭 350/1500 | 손실: 0.2984 | 학습: 93.1% | 검증: 85.8% | lr: 2.00e-03 | 0.3s
  에폭 351/1500 | 손실: 0.2934 | 학습: 93.1% | 검증: 85.6% | lr: 2.00e-03 | 0.3s
  에폭 352/1500 | 손실: 0.2973 | 학습: 93.2% | 검증: 85.4% | lr: 2.00e-03 | 0.3s
  에폭 353/1500 | 손실: 0.2991 | 학습: 92.9% | 검증: 85.1% | lr: 2.00e-03 | 0.3s
  에폭 354/1500 | 손실: 0.2963 | 학습: 93.3% | 검증: 85.9% | lr: 2.00e-03 | 0.3s
  에폭 355/1500 | 손실: 0.2928 | 학습: 92.6% | 검증: 85.2% | lr: 2.00e-03 | 0.3s
  에폭 356/1500 | 손실: 0.2938 | 학습: 93.1% | 검증: 85.9% | lr: 2.00e-03 | 0.3s
  에폭 357/1500 | 손실: 0.2944 | 학습: 93.3% | 검증: 85.8% | lr: 2.00e-03 | 0.3s
  에폭 358/1500 | 손실: 0.2921 | 학습: 93.3% | 검증: 86.3% | lr: 2.00e-03 | 0.3s
  에폭 359/1500 | 손실: 0.2905 | 학습: 93.3% | 검증: 85.8% | lr: 2.00e-03 | 0.3s
  에폭 360/1500 | 손실: 0.2971 | 학습: 93.0% | 검증: 85.9% | lr: 2.00e-03 | 0.3s
  에폭 361/1500 | 손실: 0.2948 | 학습: 93.6% | 검증: 85.9% | lr: 2.00e-03 | 0.3s
  에폭 362/1500 | 손실: 0.2973 | 학습: 93.4% | 검증: 85.7% | lr: 2.00e-03 | 0.3s
  에폭 363/1500 | 손실: 0.2945 | 학습: 93.2% | 검증: 86.1% | lr: 2.00e-03 | 0.3s
  에폭 364/1500 | 손실: 0.2967 | 학습: 93.4% | 검증: 85.8% | lr: 2.00e-03 | 0.3s
  에폭 365/1500 | 손실: 0.2904 | 학습: 93.7% | 검증: 85.9% | lr: 2.00e-03 | 0.3s
  에폭 366/1500 | 손실: 0.2913 | 학습: 93.5% | 검증: 85.3% | lr: 2.00e-03 | 0.3s
  에폭 367/1500 | 손실: 0.2935 | 학습: 93.3% | 검증: 86.2% | lr: 2.00e-03 | 0.3s
  에폭 368/1500 | 손실: 0.2960 | 학습: 93.3% | 검증: 85.4% | lr: 2.00e-03 | 0.3s
  에폭 369/1500 | 손실: 0.2943 | 학습: 93.2% | 검증: 85.9% | lr: 2.00e-03 | 0.3s
  에폭 370/1500 | 손실: 0.2897 | 학습: 92.5% | 검증: 85.2% | lr: 2.00e-03 | 0.3s
  에폭 371/1500 | 손실: 0.2902 | 학습: 93.3% | 검증: 85.6% | lr: 2.00e-03 | 0.3s
  에폭 372/1500 | 손실: 0.2872 | 학습: 93.2% | 검증: 86.4% | lr: 2.00e-03 | 0.3s ★
  에폭 373/1500 | 손실: 0.2879 | 학습: 93.4% | 검증: 85.8% | lr: 2.00e-03 | 0.3s
  에폭 374/1500 | 손실: 0.2902 | 학습: 93.3% | 검증: 86.1% | lr: 2.00e-03 | 0.3s
  에폭 375/1500 | 손실: 0.2900 | 학습: 93.2% | 검증: 85.6% | lr: 2.00e-03 | 0.3s
  에폭 376/1500 | 손실: 0.2911 | 학습: 93.4% | 검증: 86.2% | lr: 2.00e-03 | 0.3s
  에폭 377/1500 | 손실: 0.2944 | 학습: 93.0% | 검증: 85.7% | lr: 2.00e-03 | 0.3s
  에폭 378/1500 | 손실: 0.2946 | 학습: 93.4% | 검증: 85.5% | lr: 2.00e-03 | 0.3s
  에폭 379/1500 | 손실: 0.2862 | 학습: 93.3% | 검증: 85.9% | lr: 2.00e-03 | 0.3s
  에폭 380/1500 | 손실: 0.2906 | 학습: 93.1% | 검증: 86.2% | lr: 2.00e-03 | 0.3s
  에폭 381/1500 | 손실: 0.2926 | 학습: 93.3% | 검증: 86.1% | lr: 2.00e-03 | 0.3s
  에폭 382/1500 | 손실: 0.2870 | 학습: 93.5% | 검증: 85.7% | lr: 2.00e-03 | 0.3s
  에폭 383/1500 | 손실: 0.2946 | 학습: 93.6% | 검증: 86.1% | lr: 2.00e-03 | 0.3s
  에폭 384/1500 | 손실: 0.2933 | 학습: 93.2% | 검증: 85.5% | lr: 2.00e-03 | 0.3s
  에폭 385/1500 | 손실: 0.2899 | 학습: 93.1% | 검증: 85.7% | lr: 2.00e-03 | 0.3s
  에폭 386/1500 | 손실: 0.2946 | 학습: 93.2% | 검증: 86.2% | lr: 2.00e-03 | 0.3s
  에폭 387/1500 | 손실: 0.2856 | 학습: 93.3% | 검증: 86.0% | lr: 2.00e-03 | 0.3s
  에폭 388/1500 | 손실: 0.2879 | 학습: 93.5% | 검증: 85.7% | lr: 2.00e-03 | 0.3s
  에폭 389/1500 | 손실: 0.2999 | 학습: 93.6% | 검증: 85.9% | lr: 2.00e-03 | 0.3s
  에폭 390/1500 | 손실: 0.2901 | 학습: 93.2% | 검증: 85.7% | lr: 2.00e-03 | 0.3s
  에폭 391/1500 | 손실: 0.2969 | 학습: 93.3% | 검증: 85.9% | lr: 2.00e-03 | 0.3s
  에폭 392/1500 | 손실: 0.2916 | 학습: 93.3% | 검증: 85.6% | lr: 2.00e-03 | 0.3s
  에폭 393/1500 | 손실: 0.2894 | 학습: 93.5% | 검증: 85.9% | lr: 2.00e-03 | 0.3s
  에폭 394/1500 | 손실: 0.2959 | 학습: 93.3% | 검증: 86.2% | lr: 2.00e-03 | 0.3s
  에폭 395/1500 | 손실: 0.2940 | 학습: 93.0% | 검증: 85.5% | lr: 2.00e-03 | 0.3s
  에폭 396/1500 | 손실: 0.2904 | 학습: 93.5% | 검증: 85.8% | lr: 2.00e-03 | 0.3s
  에폭 397/1500 | 손실: 0.2916 | 학습: 93.5% | 검증: 85.7% | lr: 2.00e-03 | 0.3s
  에폭 398/1500 | 손실: 0.2895 | 학습: 93.5% | 검증: 86.5% | lr: 2.00e-03 | 0.3s ★
  에폭 399/1500 | 손실: 0.2948 | 학습: 93.4% | 검증: 86.4% | lr: 2.00e-03 | 0.3s
  에폭 400/1500 | 손실: 0.2900 | 학습: 93.2% | 검증: 85.7% | lr: 2.00e-03 | 0.3s
  에폭 401/1500 | 손실: 0.2971 | 학습: 93.3% | 검증: 85.8% | lr: 2.00e-03 | 0.3s
  에폭 402/1500 | 손실: 0.2886 | 학습: 93.3% | 검증: 85.9% | lr: 2.00e-03 | 0.3s
  에폭 403/1500 | 손실: 0.2896 | 학습: 93.4% | 검증: 86.2% | lr: 2.00e-03 | 0.3s
  에폭 404/1500 | 손실: 0.2868 | 학습: 93.6% | 검증: 86.2% | lr: 2.00e-03 | 0.3s
  에폭 405/1500 | 손실: 0.2872 | 학습: 93.3% | 검증: 85.7% | lr: 2.00e-03 | 0.3s
  에폭 406/1500 | 손실: 0.2908 | 학습: 93.4% | 검증: 86.0% | lr: 2.00e-03 | 0.3s
  에폭 407/1500 | 손실: 0.2887 | 학습: 93.6% | 검증: 86.3% | lr: 2.00e-03 | 0.3s
  에폭 408/1500 | 손실: 0.2888 | 학습: 93.4% | 검증: 85.9% | lr: 2.00e-03 | 0.3s
  에폭 409/1500 | 손실: 0.2844 | 학습: 93.5% | 검증: 85.8% | lr: 2.00e-03 | 0.3s
  에폭 410/1500 | 손실: 0.2937 | 학습: 93.5% | 검증: 85.8% | lr: 2.00e-03 | 0.3s
  에폭 411/1500 | 손실: 0.2843 | 학습: 93.4% | 검증: 86.0% | lr: 2.00e-03 | 0.3s
  에폭 412/1500 | 손실: 0.2919 | 학습: 93.7% | 검증: 86.3% | lr: 2.00e-03 | 0.3s
  에폭 413/1500 | 손실: 0.2823 | 학습: 93.4% | 검증: 86.1% | lr: 2.00e-03 | 0.3s
  에폭 414/1500 | 손실: 0.2912 | 학습: 93.4% | 검증: 85.9% | lr: 2.00e-03 | 0.3s
  에폭 415/1500 | 손실: 0.2848 | 학습: 93.4% | 검증: 86.3% | lr: 2.00e-03 | 0.3s
  에폭 416/1500 | 손실: 0.2857 | 학습: 93.5% | 검증: 86.2% | lr: 2.00e-03 | 0.3s
  에폭 417/1500 | 손실: 0.2867 | 학습: 93.6% | 검증: 86.5% | lr: 2.00e-03 | 0.3s ★
  에폭 418/1500 | 손실: 0.2889 | 학습: 93.7% | 검증: 86.2% | lr: 2.00e-03 | 0.3s
  에폭 419/1500 | 손실: 0.2842 | 학습: 93.6% | 검증: 86.2% | lr: 2.00e-03 | 0.3s
  에폭 420/1500 | 손실: 0.2885 | 학습: 93.7% | 검증: 85.8% | lr: 2.00e-03 | 0.3s
  에폭 421/1500 | 손실: 0.2889 | 학습: 93.3% | 검증: 85.8% | lr: 2.00e-03 | 0.3s
  에폭 422/1500 | 손실: 0.2882 | 학습: 93.7% | 검증: 86.2% | lr: 2.00e-03 | 0.3s
  에폭 423/1500 | 손실: 0.2893 | 학습: 93.7% | 검증: 85.6% | lr: 2.00e-03 | 0.3s
  에폭 424/1500 | 손실: 0.2893 | 학습: 93.1% | 검증: 85.3% | lr: 2.00e-03 | 0.3s
  에폭 425/1500 | 손실: 0.2851 | 학습: 93.6% | 검증: 85.8% | lr: 2.00e-03 | 0.3s
  에폭 426/1500 | 손실: 0.2916 | 학습: 93.5% | 검증: 85.5% | lr: 2.00e-03 | 0.3s
  에폭 427/1500 | 손실: 0.2836 | 학습: 93.8% | 검증: 85.9% | lr: 2.00e-03 | 0.3s
  에폭 428/1500 | 손실: 0.2871 | 학습: 93.5% | 검증: 86.0% | lr: 2.00e-03 | 0.3s
  에폭 429/1500 | 손실: 0.2914 | 학습: 94.0% | 검증: 86.1% | lr: 2.00e-03 | 0.3s
  에폭 430/1500 | 손실: 0.2842 | 학습: 93.9% | 검증: 86.2% | lr: 2.00e-03 | 0.3s
  에폭 431/1500 | 손실: 0.2815 | 학습: 93.6% | 검증: 85.8% | lr: 2.00e-03 | 0.3s
  에폭 432/1500 | 손실: 0.2843 | 학습: 93.8% | 검증: 85.7% | lr: 2.00e-03 | 0.3s
  에폭 433/1500 | 손실: 0.2883 | 학습: 93.7% | 검증: 86.0% | lr: 2.00e-03 | 0.3s
  에폭 434/1500 | 손실: 0.2863 | 학습: 93.7% | 검증: 85.9% | lr: 2.00e-03 | 0.3s
  에폭 435/1500 | 손실: 0.2864 | 학습: 93.9% | 검증: 86.2% | lr: 2.00e-03 | 0.3s
  에폭 436/1500 | 손실: 0.2857 | 학습: 93.1% | 검증: 85.8% | lr: 2.00e-03 | 0.3s
  에폭 437/1500 | 손실: 0.2794 | 학습: 94.0% | 검증: 85.7% | lr: 2.00e-03 | 0.3s
  에폭 438/1500 | 손실: 0.2855 | 학습: 93.7% | 검증: 85.9% | lr: 2.00e-03 | 0.3s
  에폭 439/1500 | 손실: 0.2878 | 학습: 93.8% | 검증: 86.0% | lr: 2.00e-03 | 0.3s
  에폭 440/1500 | 손실: 0.2816 | 학습: 93.4% | 검증: 86.5% | lr: 2.00e-03 | 0.3s ★
  에폭 441/1500 | 손실: 0.2841 | 학습: 93.4% | 검증: 86.3% | lr: 2.00e-03 | 0.3s
  에폭 442/1500 | 손실: 0.2874 | 학습: 93.9% | 검증: 86.5% | lr: 2.00e-03 | 0.3s
  에폭 443/1500 | 손실: 0.2919 | 학습: 93.4% | 검증: 85.9% | lr: 2.00e-03 | 0.3s
  에폭 444/1500 | 손실: 0.2812 | 학습: 93.8% | 검증: 86.4% | lr: 2.00e-03 | 0.3s
  에폭 445/1500 | 손실: 0.2846 | 학습: 94.1% | 검증: 86.3% | lr: 2.00e-03 | 0.3s
  에폭 446/1500 | 손실: 0.2831 | 학습: 93.8% | 검증: 86.2% | lr: 2.00e-03 | 0.3s
  에폭 447/1500 | 손실: 0.2828 | 학습: 93.6% | 검증: 86.1% | lr: 2.00e-03 | 0.3s
  에폭 448/1500 | 손실: 0.2833 | 학습: 94.0% | 검증: 86.3% | lr: 2.00e-03 | 0.3s
  에폭 449/1500 | 손실: 0.2867 | 학습: 93.6% | 검증: 86.6% | lr: 2.00e-03 | 0.3s ★
  에폭 450/1500 | 손실: 0.2843 | 학습: 94.0% | 검증: 86.1% | lr: 2.00e-03 | 0.3s
  에폭 451/1500 | 손실: 0.2823 | 학습: 93.9% | 검증: 86.5% | lr: 2.00e-03 | 0.3s
  에폭 452/1500 | 손실: 0.2770 | 학습: 94.0% | 검증: 86.2% | lr: 2.00e-03 | 0.3s
  에폭 453/1500 | 손실: 0.2895 | 학습: 93.5% | 검증: 85.8% | lr: 2.00e-03 | 0.3s
  에폭 454/1500 | 손실: 0.2925 | 학습: 93.7% | 검증: 86.0% | lr: 2.00e-03 | 0.3s
  에폭 455/1500 | 손실: 0.2906 | 학습: 93.9% | 검증: 86.2% | lr: 2.00e-03 | 0.3s
  에폭 456/1500 | 손실: 0.2832 | 학습: 93.9% | 검증: 86.0% | lr: 2.00e-03 | 0.3s
  에폭 457/1500 | 손실: 0.2814 | 학습: 93.8% | 검증: 85.9% | lr: 2.00e-03 | 0.3s
  에폭 458/1500 | 손실: 0.2766 | 학습: 93.9% | 검증: 86.3% | lr: 2.00e-03 | 0.3s
  에폭 459/1500 | 손실: 0.2850 | 학습: 93.7% | 검증: 86.4% | lr: 2.00e-03 | 0.3s
  에폭 460/1500 | 손실: 0.2831 | 학습: 93.6% | 검증: 85.9% | lr: 2.00e-03 | 0.3s
  에폭 461/1500 | 손실: 0.2838 | 학습: 93.6% | 검증: 85.4% | lr: 2.00e-03 | 0.3s
  에폭 462/1500 | 손실: 0.2718 | 학습: 93.9% | 검증: 86.2% | lr: 2.00e-03 | 0.3s
  에폭 463/1500 | 손실: 0.2875 | 학습: 93.9% | 검증: 85.9% | lr: 2.00e-03 | 0.3s
  에폭 464/1500 | 손실: 0.2829 | 학습: 94.1% | 검증: 86.5% | lr: 2.00e-03 | 0.3s
  에폭 465/1500 | 손실: 0.2827 | 학습: 93.8% | 검증: 86.4% | lr: 2.00e-03 | 0.3s
  에폭 466/1500 | 손실: 0.2865 | 학습: 94.1% | 검증: 86.8% | lr: 2.00e-03 | 0.3s ★
  에폭 467/1500 | 손실: 0.2783 | 학습: 93.7% | 검증: 86.6% | lr: 2.00e-03 | 0.3s
  에폭 468/1500 | 손실: 0.2863 | 학습: 93.8% | 검증: 86.2% | lr: 2.00e-03 | 0.3s
  에폭 469/1500 | 손실: 0.2795 | 학습: 93.9% | 검증: 86.7% | lr: 2.00e-03 | 0.3s
  에폭 470/1500 | 손실: 0.2855 | 학습: 93.9% | 검증: 86.3% | lr: 2.00e-03 | 0.3s
  에폭 471/1500 | 손실: 0.2873 | 학습: 93.8% | 검증: 86.4% | lr: 2.00e-03 | 0.3s
  에폭 472/1500 | 손실: 0.2813 | 학습: 94.1% | 검증: 86.5% | lr: 2.00e-03 | 0.3s
  에폭 473/1500 | 손실: 0.2810 | 학습: 94.1% | 검증: 86.1% | lr: 2.00e-03 | 0.3s
  에폭 474/1500 | 손실: 0.2762 | 학습: 94.0% | 검증: 86.3% | lr: 2.00e-03 | 0.3s
  에폭 475/1500 | 손실: 0.2804 | 학습: 94.3% | 검증: 86.3% | lr: 2.00e-03 | 0.3s
  에폭 476/1500 | 손실: 0.2868 | 학습: 93.9% | 검증: 85.8% | lr: 2.00e-03 | 0.3s
  에폭 477/1500 | 손실: 0.2800 | 학습: 94.0% | 검증: 86.4% | lr: 2.00e-03 | 0.3s
  에폭 478/1500 | 손실: 0.2833 | 학습: 93.9% | 검증: 86.3% | lr: 2.00e-03 | 0.3s
  에폭 479/1500 | 손실: 0.2886 | 학습: 94.0% | 검증: 86.3% | lr: 2.00e-03 | 0.3s
  에폭 480/1500 | 손실: 0.2792 | 학습: 93.8% | 검증: 86.5% | lr: 2.00e-03 | 0.3s
  에폭 481/1500 | 손실: 0.2771 | 학습: 94.1% | 검증: 86.6% | lr: 2.00e-03 | 0.3s
  에폭 482/1500 | 손실: 0.2779 | 학습: 94.0% | 검증: 86.2% | lr: 2.00e-03 | 0.3s
  에폭 483/1500 | 손실: 0.2783 | 학습: 94.1% | 검증: 86.5% | lr: 2.00e-03 | 0.3s
  에폭 484/1500 | 손실: 0.2778 | 학습: 93.9% | 검증: 85.9% | lr: 2.00e-03 | 0.3s
  에폭 485/1500 | 손실: 0.2804 | 학습: 94.1% | 검증: 86.5% | lr: 2.00e-03 | 0.3s
  에폭 486/1500 | 손실: 0.2795 | 학습: 94.2% | 검증: 86.6% | lr: 2.00e-03 | 0.3s
  에폭 487/1500 | 손실: 0.2804 | 학습: 93.9% | 검증: 86.5% | lr: 2.00e-03 | 0.3s
  에폭 488/1500 | 손실: 0.2779 | 학습: 94.0% | 검증: 86.3% | lr: 2.00e-03 | 0.3s
  에폭 489/1500 | 손실: 0.2831 | 학습: 94.0% | 검증: 86.4% | lr: 2.00e-03 | 0.3s
  에폭 490/1500 | 손실: 0.2805 | 학습: 93.8% | 검증: 86.6% | lr: 2.00e-03 | 0.3s
  에폭 491/1500 | 손실: 0.2803 | 학습: 94.2% | 검증: 86.3% | lr: 2.00e-03 | 0.3s
  에폭 492/1500 | 손실: 0.2864 | 학습: 94.1% | 검증: 86.2% | lr: 2.00e-03 | 0.3s
  에폭 493/1500 | 손실: 0.2814 | 학습: 93.8% | 검증: 85.9% | lr: 2.00e-03 | 0.3s
  에폭 494/1500 | 손실: 0.2794 | 학습: 93.9% | 검증: 86.8% | lr: 2.00e-03 | 0.3s ★
  에폭 495/1500 | 손실: 0.2809 | 학습: 94.1% | 검증: 86.7% | lr: 2.00e-03 | 0.3s
  에폭 496/1500 | 손실: 0.2761 | 학습: 94.2% | 검증: 86.8% | lr: 2.00e-03 | 0.3s ★
  에폭 497/1500 | 손실: 0.2761 | 학습: 93.7% | 검증: 86.3% | lr: 2.00e-03 | 0.3s
  에폭 498/1500 | 손실: 0.2805 | 학습: 94.0% | 검증: 86.8% | lr: 2.00e-03 | 0.3s
  에폭 499/1500 | 손실: 0.2751 | 학습: 93.8% | 검증: 86.1% | lr: 2.00e-03 | 0.3s
  에폭 500/1500 | 손실: 0.2772 | 학습: 93.7% | 검증: 86.3% | lr: 2.00e-03 | 0.3s
  에폭 501/1500 | 손실: 0.2805 | 학습: 93.8% | 검증: 86.2% | lr: 2.00e-03 | 0.3s
  에폭 502/1500 | 손실: 0.2792 | 학습: 94.0% | 검증: 86.0% | lr: 2.00e-03 | 0.3s
  에폭 503/1500 | 손실: 0.2763 | 학습: 94.3% | 검증: 86.3% | lr: 2.00e-03 | 0.3s
  에폭 504/1500 | 손실: 0.2818 | 학습: 94.2% | 검증: 86.1% | lr: 2.00e-03 | 0.3s
  에폭 505/1500 | 손실: 0.2762 | 학습: 94.2% | 검증: 86.8% | lr: 2.00e-03 | 0.3s
  에폭 506/1500 | 손실: 0.2807 | 학습: 93.9% | 검증: 86.1% | lr: 2.00e-03 | 0.3s
  에폭 507/1500 | 손실: 0.2787 | 학습: 94.4% | 검증: 86.5% | lr: 2.00e-03 | 0.3s
  에폭 508/1500 | 손실: 0.2819 | 학습: 93.8% | 검증: 85.8% | lr: 2.00e-03 | 0.3s
  에폭 509/1500 | 손실: 0.2742 | 학습: 94.2% | 검증: 86.7% | lr: 2.00e-03 | 0.3s
  에폭 510/1500 | 손실: 0.2741 | 학습: 94.3% | 검증: 86.3% | lr: 2.00e-03 | 0.3s
  에폭 511/1500 | 손실: 0.2772 | 학습: 93.9% | 검증: 86.0% | lr: 2.00e-03 | 0.3s
  에폭 512/1500 | 손실: 0.2799 | 학습: 94.2% | 검증: 86.4% | lr: 2.00e-03 | 0.3s
  에폭 513/1500 | 손실: 0.2849 | 학습: 94.0% | 검증: 86.6% | lr: 1.00e-03 | 0.3s
  에폭 514/1500 | 손실: 0.2700 | 학습: 94.2% | 검증: 86.4% | lr: 1.00e-03 | 0.3s
  에폭 515/1500 | 손실: 0.2673 | 학습: 94.5% | 검증: 86.7% | lr: 1.00e-03 | 0.3s
  에폭 516/1500 | 손실: 0.2634 | 학습: 94.6% | 검증: 86.5% | lr: 1.00e-03 | 0.3s
  에폭 517/1500 | 손실: 0.2619 | 학습: 94.9% | 검증: 86.7% | lr: 1.00e-03 | 0.3s
  에폭 518/1500 | 손실: 0.2568 | 학습: 94.7% | 검증: 86.9% | lr: 1.00e-03 | 0.3s ★
  에폭 519/1500 | 손실: 0.2631 | 학습: 94.5% | 검증: 86.4% | lr: 1.00e-03 | 0.3s
  에폭 520/1500 | 손실: 0.2635 | 학습: 94.8% | 검증: 86.8% | lr: 1.00e-03 | 0.3s
  에폭 521/1500 | 손실: 0.2583 | 학습: 95.0% | 검증: 87.1% | lr: 1.00e-03 | 0.3s ★
  에폭 522/1500 | 손실: 0.2534 | 학습: 94.9% | 검증: 86.9% | lr: 1.00e-03 | 0.3s
  에폭 523/1500 | 손실: 0.2620 | 학습: 95.0% | 검증: 87.0% | lr: 1.00e-03 | 0.3s
  에폭 524/1500 | 손실: 0.2568 | 학습: 94.8% | 검증: 86.9% | lr: 1.00e-03 | 0.3s
  에폭 525/1500 | 손실: 0.2564 | 학습: 94.9% | 검증: 86.8% | lr: 1.00e-03 | 0.3s
  에폭 526/1500 | 손실: 0.2590 | 학습: 94.9% | 검증: 87.2% | lr: 1.00e-03 | 0.3s ★
  에폭 527/1500 | 손실: 0.2593 | 학습: 94.8% | 검증: 86.7% | lr: 1.00e-03 | 0.3s
  에폭 528/1500 | 손실: 0.2650 | 학습: 94.8% | 검증: 86.9% | lr: 1.00e-03 | 0.3s
  에폭 529/1500 | 손실: 0.2646 | 학습: 94.9% | 검증: 86.7% | lr: 1.00e-03 | 0.3s
  에폭 530/1500 | 손실: 0.2580 | 학습: 95.1% | 검증: 87.0% | lr: 1.00e-03 | 0.3s
  에폭 531/1500 | 손실: 0.2664 | 학습: 95.1% | 검증: 87.0% | lr: 1.00e-03 | 0.3s
  에폭 532/1500 | 손실: 0.2544 | 학습: 94.9% | 검증: 86.8% | lr: 1.00e-03 | 0.3s
  에폭 533/1500 | 손실: 0.2557 | 학습: 94.9% | 검증: 86.5% | lr: 1.00e-03 | 0.3s
  에폭 534/1500 | 손실: 0.2563 | 학습: 94.9% | 검증: 86.5% | lr: 1.00e-03 | 0.3s
  에폭 535/1500 | 손실: 0.2552 | 학습: 95.1% | 검증: 86.8% | lr: 1.00e-03 | 0.3s
  에폭 536/1500 | 손실: 0.2590 | 학습: 95.0% | 검증: 86.6% | lr: 1.00e-03 | 0.3s
  에폭 537/1500 | 손실: 0.2581 | 학습: 95.1% | 검증: 86.9% | lr: 1.00e-03 | 0.3s
  에폭 538/1500 | 손실: 0.2515 | 학습: 95.0% | 검증: 86.6% | lr: 1.00e-03 | 0.3s
  에폭 539/1500 | 손실: 0.2630 | 학습: 95.1% | 검증: 86.7% | lr: 1.00e-03 | 0.3s
  에폭 540/1500 | 손실: 0.2552 | 학습: 94.9% | 검증: 86.8% | lr: 1.00e-03 | 0.3s
  에폭 541/1500 | 손실: 0.2606 | 학습: 94.7% | 검증: 86.6% | lr: 1.00e-03 | 0.3s
  에폭 542/1500 | 손실: 0.2543 | 학습: 94.9% | 검증: 86.9% | lr: 1.00e-03 | 0.3s
  에폭 543/1500 | 손실: 0.2627 | 학습: 95.2% | 검증: 87.1% | lr: 1.00e-03 | 0.3s
  에폭 544/1500 | 손실: 0.2580 | 학습: 95.1% | 검증: 86.9% | lr: 1.00e-03 | 0.3s
  에폭 545/1500 | 손실: 0.2586 | 학습: 95.1% | 검증: 87.0% | lr: 1.00e-03 | 0.3s
  에폭 546/1500 | 손실: 0.2507 | 학습: 95.2% | 검증: 86.8% | lr: 1.00e-03 | 0.3s
  에폭 547/1500 | 손실: 0.2584 | 학습: 95.2% | 검증: 86.9% | lr: 1.00e-03 | 0.3s
  에폭 548/1500 | 손실: 0.2569 | 학습: 95.2% | 검증: 86.6% | lr: 1.00e-03 | 0.3s
  에폭 549/1500 | 손실: 0.2590 | 학습: 95.0% | 검증: 86.5% | lr: 1.00e-03 | 0.3s
  에폭 550/1500 | 손실: 0.2582 | 학습: 94.8% | 검증: 86.7% | lr: 1.00e-03 | 0.3s
  에폭 551/1500 | 손실: 0.2594 | 학습: 95.2% | 검증: 86.9% | lr: 1.00e-03 | 0.3s
  에폭 552/1500 | 손실: 0.2582 | 학습: 95.1% | 검증: 86.6% | lr: 1.00e-03 | 0.3s
  에폭 553/1500 | 손실: 0.2573 | 학습: 95.2% | 검증: 86.9% | lr: 1.00e-03 | 0.3s
  에폭 554/1500 | 손실: 0.2562 | 학습: 94.9% | 검증: 86.8% | lr: 1.00e-03 | 0.3s
  에폭 555/1500 | 손실: 0.2510 | 학습: 95.1% | 검증: 86.9% | lr: 1.00e-03 | 0.3s
  에폭 556/1500 | 손실: 0.2469 | 학습: 95.1% | 검증: 87.4% | lr: 1.00e-03 | 0.3s ★
  에폭 557/1500 | 손실: 0.2588 | 학습: 95.1% | 검증: 86.8% | lr: 1.00e-03 | 0.3s
  에폭 558/1500 | 손실: 0.2531 | 학습: 94.7% | 검증: 86.8% | lr: 1.00e-03 | 0.3s
  에폭 559/1500 | 손실: 0.2556 | 학습: 94.9% | 검증: 87.1% | lr: 1.00e-03 | 0.3s
  에폭 560/1500 | 손실: 0.2572 | 학습: 95.1% | 검증: 86.8% | lr: 1.00e-03 | 0.3s
  에폭 561/1500 | 손실: 0.2647 | 학습: 94.9% | 검증: 86.5% | lr: 1.00e-03 | 0.3s
  에폭 562/1500 | 손실: 0.2558 | 학습: 95.1% | 검증: 87.1% | lr: 1.00e-03 | 0.3s
  에폭 563/1500 | 손실: 0.2544 | 학습: 95.2% | 검증: 86.9% | lr: 1.00e-03 | 0.3s
  에폭 564/1500 | 손실: 0.2586 | 학습: 95.1% | 검증: 87.3% | lr: 1.00e-03 | 0.3s
  에폭 565/1500 | 손실: 0.2591 | 학습: 95.2% | 검증: 86.9% | lr: 1.00e-03 | 0.3s
  에폭 566/1500 | 손실: 0.2576 | 학습: 95.2% | 검증: 86.9% | lr: 1.00e-03 | 0.3s
  에폭 567/1500 | 손실: 0.2531 | 학습: 95.3% | 검증: 86.9% | lr: 1.00e-03 | 0.3s
  에폭 568/1500 | 손실: 0.2578 | 학습: 95.2% | 검증: 86.5% | lr: 1.00e-03 | 0.3s
  에폭 569/1500 | 손실: 0.2558 | 학습: 95.0% | 검증: 86.9% | lr: 1.00e-03 | 0.3s
  에폭 570/1500 | 손실: 0.2580 | 학습: 95.1% | 검증: 86.9% | lr: 1.00e-03 | 0.3s
  에폭 571/1500 | 손실: 0.2511 | 학습: 95.3% | 검증: 87.0% | lr: 1.00e-03 | 0.3s
  에폭 572/1500 | 손실: 0.2536 | 학습: 95.0% | 검증: 87.2% | lr: 1.00e-03 | 0.3s
  에폭 573/1500 | 손실: 0.2508 | 학습: 95.0% | 검증: 86.9% | lr: 1.00e-03 | 0.3s
  에폭 574/1500 | 손실: 0.2569 | 학습: 95.2% | 검증: 87.1% | lr: 1.00e-03 | 0.3s
  에폭 575/1500 | 손실: 0.2572 | 학습: 95.2% | 검증: 87.0% | lr: 1.00e-03 | 0.3s
  에폭 576/1500 | 손실: 0.2553 | 학습: 95.0% | 검증: 86.8% | lr: 1.00e-03 | 0.3s
  에폭 577/1500 | 손실: 0.2592 | 학습: 95.3% | 검증: 86.8% | lr: 1.00e-03 | 0.3s
  에폭 578/1500 | 손실: 0.2508 | 학습: 95.4% | 검증: 86.8% | lr: 1.00e-03 | 0.3s
  에폭 579/1500 | 손실: 0.2568 | 학습: 95.2% | 검증: 86.8% | lr: 1.00e-03 | 0.3s
  에폭 580/1500 | 손실: 0.2499 | 학습: 95.4% | 검증: 86.9% | lr: 1.00e-03 | 0.3s
  에폭 581/1500 | 손실: 0.2590 | 학습: 95.3% | 검증: 86.9% | lr: 1.00e-03 | 0.3s
  에폭 582/1500 | 손실: 0.2554 | 학습: 95.3% | 검증: 86.9% | lr: 1.00e-03 | 0.3s
  에폭 583/1500 | 손실: 0.2533 | 학습: 95.2% | 검증: 86.8% | lr: 1.00e-03 | 0.3s
  에폭 584/1500 | 손실: 0.2556 | 학습: 95.2% | 검증: 86.9% | lr: 1.00e-03 | 0.3s
  에폭 585/1500 | 손실: 0.2559 | 학습: 95.3% | 검증: 86.9% | lr: 1.00e-03 | 0.3s
  에폭 586/1500 | 손실: 0.2522 | 학습: 95.0% | 검증: 86.9% | lr: 1.00e-03 | 0.3s
  에폭 587/1500 | 손실: 0.2531 | 학습: 95.1% | 검증: 86.6% | lr: 1.00e-03 | 0.3s
  에폭 588/1500 | 손실: 0.2611 | 학습: 95.2% | 검증: 86.8% | lr: 1.00e-03 | 0.3s
  에폭 589/1500 | 손실: 0.2546 | 학습: 95.2% | 검증: 87.2% | lr: 1.00e-03 | 0.3s
  에폭 590/1500 | 손실: 0.2528 | 학습: 95.2% | 검증: 86.9% | lr: 1.00e-03 | 0.3s
  에폭 591/1500 | 손실: 0.2602 | 학습: 95.3% | 검증: 86.9% | lr: 1.00e-03 | 0.3s
  에폭 592/1500 | 손실: 0.2548 | 학습: 95.1% | 검증: 87.0% | lr: 1.00e-03 | 0.3s
  에폭 593/1500 | 손실: 0.2553 | 학습: 95.1% | 검증: 86.7% | lr: 1.00e-03 | 0.3s
  에폭 594/1500 | 손실: 0.2558 | 학습: 95.3% | 검증: 87.1% | lr: 1.00e-03 | 0.3s
  에폭 595/1500 | 손실: 0.2511 | 학습: 95.3% | 검증: 87.2% | lr: 1.00e-03 | 0.3s
  에폭 596/1500 | 손실: 0.2551 | 학습: 95.0% | 검증: 86.8% | lr: 1.00e-03 | 0.3s
  에폭 597/1500 | 손실: 0.2566 | 학습: 95.2% | 검증: 87.1% | lr: 1.00e-03 | 0.3s
  에폭 598/1500 | 손실: 0.2517 | 학습: 95.0% | 검증: 86.7% | lr: 1.00e-03 | 0.3s
  에폭 599/1500 | 손실: 0.2531 | 학습: 95.1% | 검증: 87.0% | lr: 1.00e-03 | 0.3s
  에폭 600/1500 | 손실: 0.2550 | 학습: 95.3% | 검증: 87.1% | lr: 1.00e-03 | 0.3s
  에폭 601/1500 | 손실: 0.2501 | 학습: 95.0% | 검증: 87.0% | lr: 1.00e-03 | 0.3s
  에폭 602/1500 | 손실: 0.2579 | 학습: 95.4% | 검증: 87.0% | lr: 1.00e-03 | 0.3s
  에폭 603/1500 | 손실: 0.2558 | 학습: 95.1% | 검증: 86.9% | lr: 1.00e-03 | 0.3s
  에폭 604/1500 | 손실: 0.2533 | 학습: 95.4% | 검증: 87.0% | lr: 1.00e-03 | 0.3s
  에폭 605/1500 | 손실: 0.2587 | 학습: 95.4% | 검증: 87.0% | lr: 1.00e-03 | 0.3s
  에폭 606/1500 | 손실: 0.2529 | 학습: 95.0% | 검증: 86.8% | lr: 1.00e-03 | 0.3s
  에폭 607/1500 | 손실: 0.2574 | 학습: 95.5% | 검증: 87.1% | lr: 5.00e-04 | 0.3s
  에폭 608/1500 | 손실: 0.2555 | 학습: 95.5% | 검증: 87.4% | lr: 5.00e-04 | 0.3s
  에폭 609/1500 | 손실: 0.2502 | 학습: 95.6% | 검증: 87.3% | lr: 5.00e-04 | 0.3s
  에폭 610/1500 | 손실: 0.2462 | 학습: 95.4% | 검증: 87.3% | lr: 5.00e-04 | 0.3s
  에폭 611/1500 | 손실: 0.2424 | 학습: 95.6% | 검증: 87.4% | lr: 5.00e-04 | 0.3s
  에폭 612/1500 | 손실: 0.2573 | 학습: 95.4% | 검증: 87.0% | lr: 5.00e-04 | 0.3s
  에폭 613/1500 | 손실: 0.2494 | 학습: 95.7% | 검증: 87.4% | lr: 5.00e-04 | 0.3s
  에폭 614/1500 | 손실: 0.2435 | 학습: 95.6% | 검증: 87.1% | lr: 5.00e-04 | 0.3s
  에폭 615/1500 | 손실: 0.2504 | 학습: 95.5% | 검증: 87.0% | lr: 5.00e-04 | 0.3s
  에폭 616/1500 | 손실: 0.2411 | 학습: 95.7% | 검증: 87.3% | lr: 5.00e-04 | 0.3s
  에폭 617/1500 | 손실: 0.2401 | 학습: 95.5% | 검증: 87.3% | lr: 5.00e-04 | 0.3s
  에폭 618/1500 | 손실: 0.2409 | 학습: 95.7% | 검증: 87.2% | lr: 5.00e-04 | 0.3s
  에폭 619/1500 | 손실: 0.2446 | 학습: 95.5% | 검증: 87.5% | lr: 5.00e-04 | 0.3s ★
  에폭 620/1500 | 손실: 0.2468 | 학습: 95.5% | 검증: 87.6% | lr: 5.00e-04 | 0.3s ★
  에폭 621/1500 | 손실: 0.2434 | 학습: 95.6% | 검증: 87.4% | lr: 5.00e-04 | 0.3s
  에폭 622/1500 | 손실: 0.2484 | 학습: 95.6% | 검증: 87.4% | lr: 5.00e-04 | 0.3s
  에폭 623/1500 | 손실: 0.2462 | 학습: 95.7% | 검증: 87.6% | lr: 5.00e-04 | 0.3s
  에폭 624/1500 | 손실: 0.2441 | 학습: 95.5% | 검증: 86.9% | lr: 5.00e-04 | 0.3s
  에폭 625/1500 | 손실: 0.2478 | 학습: 95.5% | 검증: 87.4% | lr: 5.00e-04 | 0.3s
  에폭 626/1500 | 손실: 0.2436 | 학습: 95.7% | 검증: 87.6% | lr: 5.00e-04 | 0.3s
  에폭 627/1500 | 손실: 0.2484 | 학습: 95.5% | 검증: 87.5% | lr: 5.00e-04 | 0.3s
  에폭 628/1500 | 손실: 0.2446 | 학습: 95.4% | 검증: 87.2% | lr: 5.00e-04 | 0.3s
  에폭 629/1500 | 손실: 0.2422 | 학습: 95.7% | 검증: 87.4% | lr: 5.00e-04 | 0.3s
  에폭 630/1500 | 손실: 0.2417 | 학습: 95.7% | 검증: 87.6% | lr: 5.00e-04 | 0.3s
  에폭 631/1500 | 손실: 0.2440 | 학습: 95.7% | 검증: 87.4% | lr: 5.00e-04 | 0.3s
  에폭 632/1500 | 손실: 0.2371 | 학습: 95.9% | 검증: 87.4% | lr: 5.00e-04 | 0.3s
  에폭 633/1500 | 손실: 0.2438 | 학습: 95.5% | 검증: 87.4% | lr: 5.00e-04 | 0.3s
  에폭 634/1500 | 손실: 0.2434 | 학습: 95.7% | 검증: 87.2% | lr: 5.00e-04 | 0.3s
  에폭 635/1500 | 손실: 0.2422 | 학습: 95.8% | 검증: 87.6% | lr: 5.00e-04 | 0.3s ★
  에폭 636/1500 | 손실: 0.2482 | 학습: 95.8% | 검증: 87.3% | lr: 5.00e-04 | 0.3s
  에폭 637/1500 | 손실: 0.2452 | 학습: 95.6% | 검증: 87.2% | lr: 5.00e-04 | 0.3s
  에폭 638/1500 | 손실: 0.2386 | 학습: 95.7% | 검증: 87.4% | lr: 5.00e-04 | 0.3s
  에폭 639/1500 | 손실: 0.2414 | 학습: 95.8% | 검증: 87.5% | lr: 5.00e-04 | 0.3s
  에폭 640/1500 | 손실: 0.2490 | 학습: 95.8% | 검증: 87.1% | lr: 5.00e-04 | 0.3s
  에폭 641/1500 | 손실: 0.2391 | 학습: 95.5% | 검증: 87.3% | lr: 5.00e-04 | 0.3s
  에폭 642/1500 | 손실: 0.2399 | 학습: 95.7% | 검증: 87.5% | lr: 5.00e-04 | 0.3s
  에폭 643/1500 | 손실: 0.2436 | 학습: 95.7% | 검증: 87.2% | lr: 5.00e-04 | 0.3s
  에폭 644/1500 | 손실: 0.2468 | 학습: 95.7% | 검증: 87.5% | lr: 5.00e-04 | 0.3s
  에폭 645/1500 | 손실: 0.2431 | 학습: 95.6% | 검증: 87.1% | lr: 5.00e-04 | 0.3s
  에폭 646/1500 | 손실: 0.2390 | 학습: 95.8% | 검증: 87.4% | lr: 5.00e-04 | 0.3s
  에폭 647/1500 | 손실: 0.2465 | 학습: 95.7% | 검증: 87.5% | lr: 5.00e-04 | 0.3s
  에폭 648/1500 | 손실: 0.2442 | 학습: 95.6% | 검증: 87.6% | lr: 5.00e-04 | 0.3s
  에폭 649/1500 | 손실: 0.2457 | 학습: 95.6% | 검증: 87.4% | lr: 5.00e-04 | 0.3s
  에폭 650/1500 | 손실: 0.2444 | 학습: 95.9% | 검증: 87.5% | lr: 5.00e-04 | 0.3s
  에폭 651/1500 | 손실: 0.2487 | 학습: 95.5% | 검증: 87.1% | lr: 5.00e-04 | 0.3s
  에폭 652/1500 | 손실: 0.2394 | 학습: 95.6% | 검증: 87.2% | lr: 5.00e-04 | 0.3s
  에폭 653/1500 | 손실: 0.2452 | 학습: 95.7% | 검증: 87.5% | lr: 5.00e-04 | 0.3s
  에폭 654/1500 | 손실: 0.2449 | 학습: 96.0% | 검증: 87.4% | lr: 5.00e-04 | 0.3s
  에폭 655/1500 | 손실: 0.2442 | 학습: 95.9% | 검증: 87.4% | lr: 5.00e-04 | 0.3s
  에폭 656/1500 | 손실: 0.2427 | 학습: 95.8% | 검증: 87.4% | lr: 5.00e-04 | 0.3s
  에폭 657/1500 | 손실: 0.2463 | 학습: 96.0% | 검증: 87.4% | lr: 5.00e-04 | 0.3s
  에폭 658/1500 | 손실: 0.2388 | 학습: 95.7% | 검증: 87.2% | lr: 5.00e-04 | 0.3s
  에폭 659/1500 | 손실: 0.2397 | 학습: 95.8% | 검증: 87.5% | lr: 5.00e-04 | 0.3s
  에폭 660/1500 | 손실: 0.2472 | 학습: 95.7% | 검증: 87.2% | lr: 5.00e-04 | 0.3s
  에폭 661/1500 | 손실: 0.2420 | 학습: 95.7% | 검증: 87.2% | lr: 5.00e-04 | 0.3s
  에폭 662/1500 | 손실: 0.2466 | 학습: 96.0% | 검증: 87.3% | lr: 5.00e-04 | 0.3s
  에폭 663/1500 | 손실: 0.2450 | 학습: 95.9% | 검증: 87.8% | lr: 5.00e-04 | 0.3s ★
  에폭 664/1500 | 손실: 0.2470 | 학습: 95.8% | 검증: 87.4% | lr: 5.00e-04 | 0.3s
  에폭 665/1500 | 손실: 0.2436 | 학습: 95.8% | 검증: 87.6% | lr: 5.00e-04 | 0.3s
  에폭 666/1500 | 손실: 0.2423 | 학습: 96.0% | 검증: 87.3% | lr: 5.00e-04 | 0.3s
  에폭 667/1500 | 손실: 0.2426 | 학습: 96.0% | 검증: 87.5% | lr: 5.00e-04 | 0.3s
  에폭 668/1500 | 손실: 0.2502 | 학습: 95.8% | 검증: 87.1% | lr: 5.00e-04 | 0.3s
  에폭 669/1500 | 손실: 0.2443 | 학습: 95.6% | 검증: 87.5% | lr: 5.00e-04 | 0.3s
  에폭 670/1500 | 손실: 0.2395 | 학습: 95.8% | 검증: 87.3% | lr: 5.00e-04 | 0.3s
  에폭 671/1500 | 손실: 0.2415 | 학습: 95.9% | 검증: 87.4% | lr: 5.00e-04 | 0.3s
  에폭 672/1500 | 손실: 0.2389 | 학습: 95.6% | 검증: 87.5% | lr: 5.00e-04 | 0.3s
  에폭 673/1500 | 손실: 0.2436 | 학습: 95.8% | 검증: 87.5% | lr: 5.00e-04 | 0.3s
  에폭 674/1500 | 손실: 0.2374 | 학습: 95.7% | 검증: 87.6% | lr: 5.00e-04 | 0.3s
  에폭 675/1500 | 손실: 0.2408 | 학습: 95.9% | 검증: 87.2% | lr: 5.00e-04 | 0.3s
  에폭 676/1500 | 손실: 0.2496 | 학습: 96.0% | 검증: 87.1% | lr: 5.00e-04 | 0.3s
  에폭 677/1500 | 손실: 0.2429 | 학습: 95.9% | 검증: 87.1% | lr: 5.00e-04 | 0.3s
  에폭 678/1500 | 손실: 0.2365 | 학습: 95.7% | 검증: 87.2% | lr: 5.00e-04 | 0.3s
  에폭 679/1500 | 손실: 0.2439 | 학습: 95.8% | 검증: 87.2% | lr: 5.00e-04 | 0.3s
  에폭 680/1500 | 손실: 0.2432 | 학습: 95.7% | 검증: 87.0% | lr: 5.00e-04 | 0.3s
  에폭 681/1500 | 손실: 0.2431 | 학습: 95.8% | 검증: 87.6% | lr: 5.00e-04 | 0.3s
  에폭 682/1500 | 손실: 0.2411 | 학습: 96.0% | 검증: 87.2% | lr: 5.00e-04 | 0.3s
  에폭 683/1500 | 손실: 0.2363 | 학습: 95.9% | 검증: 87.4% | lr: 5.00e-04 | 0.3s
  에폭 684/1500 | 손실: 0.2410 | 학습: 95.8% | 검증: 87.4% | lr: 5.00e-04 | 0.3s
  에폭 685/1500 | 손실: 0.2411 | 학습: 95.9% | 검증: 87.5% | lr: 5.00e-04 | 0.3s
  에폭 686/1500 | 손실: 0.2425 | 학습: 95.6% | 검증: 87.2% | lr: 5.00e-04 | 0.3s
  에폭 687/1500 | 손실: 0.2438 | 학습: 95.8% | 검증: 86.9% | lr: 5.00e-04 | 0.3s
  에폭 688/1500 | 손실: 0.2424 | 학습: 95.7% | 검증: 87.2% | lr: 5.00e-04 | 0.3s
  에폭 689/1500 | 손실: 0.2384 | 학습: 95.9% | 검증: 87.6% | lr: 5.00e-04 | 0.4s
  에폭 690/1500 | 손실: 0.2422 | 학습: 95.9% | 검증: 87.6% | lr: 5.00e-04 | 0.3s
  에폭 691/1500 | 손실: 0.2439 | 학습: 95.6% | 검증: 87.1% | lr: 5.00e-04 | 0.3s
  에폭 692/1500 | 손실: 0.2330 | 학습: 95.9% | 검증: 87.4% | lr: 5.00e-04 | 0.3s
  에폭 693/1500 | 손실: 0.2403 | 학습: 95.8% | 검증: 87.5% | lr: 5.00e-04 | 0.3s
  에폭 694/1500 | 손실: 0.2382 | 학습: 95.9% | 검증: 87.7% | lr: 5.00e-04 | 0.3s
  에폭 695/1500 | 손실: 0.2439 | 학습: 95.9% | 검증: 87.2% | lr: 5.00e-04 | 0.3s
  에폭 696/1500 | 손실: 0.2384 | 학습: 95.8% | 검증: 87.2% | lr: 5.00e-04 | 0.3s
  에폭 697/1500 | 손실: 0.2407 | 학습: 95.7% | 검증: 87.3% | lr: 5.00e-04 | 0.3s
  에폭 698/1500 | 손실: 0.2353 | 학습: 95.9% | 검증: 87.3% | lr: 5.00e-04 | 0.3s
  에폭 699/1500 | 손실: 0.2430 | 학습: 95.6% | 검증: 87.4% | lr: 5.00e-04 | 0.3s
  에폭 700/1500 | 손실: 0.2398 | 학습: 95.9% | 검증: 87.4% | lr: 5.00e-04 | 0.3s
  에폭 701/1500 | 손실: 0.2446 | 학습: 95.9% | 검증: 87.4% | lr: 5.00e-04 | 0.3s
  에폭 702/1500 | 손실: 0.2452 | 학습: 96.0% | 검증: 87.7% | lr: 5.00e-04 | 0.3s
  에폭 703/1500 | 손실: 0.2409 | 학습: 95.9% | 검증: 87.5% | lr: 5.00e-04 | 0.3s
  에폭 704/1500 | 손실: 0.2402 | 학습: 95.9% | 검증: 87.1% | lr: 5.00e-04 | 0.3s
  에폭 705/1500 | 손실: 0.2404 | 학습: 95.8% | 검증: 87.0% | lr: 5.00e-04 | 0.3s
  에폭 706/1500 | 손실: 0.2432 | 학습: 95.8% | 검증: 87.1% | lr: 5.00e-04 | 0.3s
  에폭 707/1500 | 손실: 0.2414 | 학습: 95.7% | 검증: 87.1% | lr: 5.00e-04 | 0.3s
  에폭 708/1500 | 손실: 0.2426 | 학습: 95.6% | 검증: 87.5% | lr: 5.00e-04 | 0.3s
  에폭 709/1500 | 손실: 0.2473 | 학습: 95.9% | 검증: 87.0% | lr: 5.00e-04 | 0.3s
  에폭 710/1500 | 손실: 0.2431 | 학습: 95.8% | 검증: 86.9% | lr: 5.00e-04 | 0.3s
  에폭 711/1500 | 손실: 0.2408 | 학습: 95.9% | 검증: 87.1% | lr: 5.00e-04 | 0.3s
  에폭 712/1500 | 손실: 0.2416 | 학습: 95.7% | 검증: 87.4% | lr: 5.00e-04 | 0.3s
  에폭 713/1500 | 손실: 0.2442 | 학습: 95.9% | 검증: 87.1% | lr: 5.00e-04 | 0.3s
  에폭 714/1500 | 손실: 0.2410 | 학습: 95.9% | 검증: 87.6% | lr: 5.00e-04 | 0.3s
  에폭 715/1500 | 손실: 0.2405 | 학습: 95.9% | 검증: 87.0% | lr: 5.00e-04 | 0.3s
  에폭 716/1500 | 손실: 0.2392 | 학습: 95.9% | 검증: 87.0% | lr: 5.00e-04 | 0.3s
  에폭 717/1500 | 손실: 0.2456 | 학습: 95.9% | 검증: 87.2% | lr: 5.00e-04 | 0.3s
  에폭 718/1500 | 손실: 0.2437 | 학습: 95.7% | 검증: 86.9% | lr: 5.00e-04 | 0.3s
  에폭 719/1500 | 손실: 0.2375 | 학습: 95.8% | 검증: 87.3% | lr: 5.00e-04 | 0.3s
  에폭 720/1500 | 손실: 0.2431 | 학습: 95.9% | 검증: 87.5% | lr: 5.00e-04 | 0.3s
  에폭 721/1500 | 손실: 0.2390 | 학습: 95.8% | 검증: 87.3% | lr: 5.00e-04 | 0.3s
  에폭 722/1500 | 손실: 0.2365 | 학습: 95.8% | 검증: 87.4% | lr: 5.00e-04 | 0.3s
  에폭 723/1500 | 손실: 0.2388 | 학습: 96.1% | 검증: 87.5% | lr: 5.00e-04 | 0.3s
  에폭 724/1500 | 손실: 0.2462 | 학습: 95.9% | 검증: 87.4% | lr: 5.00e-04 | 0.3s
  에폭 725/1500 | 손실: 0.2386 | 학습: 96.0% | 검증: 87.5% | lr: 5.00e-04 | 0.3s
  에폭 726/1500 | 손실: 0.2505 | 학습: 95.8% | 검증: 87.4% | lr: 5.00e-04 | 0.3s
  에폭 727/1500 | 손실: 0.2411 | 학습: 95.9% | 검증: 87.4% | lr: 5.00e-04 | 0.3s
  에폭 728/1500 | 손실: 0.2397 | 학습: 95.9% | 검증: 87.6% | lr: 5.00e-04 | 0.3s
  에폭 729/1500 | 손실: 0.2424 | 학습: 95.9% | 검증: 87.4% | lr: 5.00e-04 | 0.3s
  에폭 730/1500 | 손실: 0.2476 | 학습: 95.8% | 검증: 87.3% | lr: 5.00e-04 | 0.3s
  에폭 731/1500 | 손실: 0.2412 | 학습: 95.9% | 검증: 87.6% | lr: 5.00e-04 | 0.3s
  에폭 732/1500 | 손실: 0.2434 | 학습: 95.9% | 검증: 87.5% | lr: 5.00e-04 | 0.3s
  에폭 733/1500 | 손실: 0.2378 | 학습: 95.9% | 검증: 87.6% | lr: 5.00e-04 | 0.3s
  에폭 734/1500 | 손실: 0.2438 | 학습: 96.0% | 검증: 87.7% | lr: 5.00e-04 | 0.3s
  에폭 735/1500 | 손실: 0.2368 | 학습: 95.9% | 검증: 87.3% | lr: 5.00e-04 | 0.3s
  에폭 736/1500 | 손실: 0.2377 | 학습: 96.0% | 검증: 87.2% | lr: 5.00e-04 | 0.3s
  에폭 737/1500 | 손실: 0.2423 | 학습: 95.9% | 검증: 87.2% | lr: 5.00e-04 | 0.3s
  에폭 738/1500 | 손실: 0.2362 | 학습: 95.8% | 검증: 87.2% | lr: 5.00e-04 | 0.3s
  에폭 739/1500 | 손실: 0.2369 | 학습: 96.0% | 검증: 87.2% | lr: 5.00e-04 | 0.3s
  에폭 740/1500 | 손실: 0.2385 | 학습: 95.9% | 검증: 87.5% | lr: 5.00e-04 | 0.3s
  에폭 741/1500 | 손실: 0.2414 | 학습: 95.9% | 검증: 87.4% | lr: 5.00e-04 | 0.3s
  에폭 742/1500 | 손실: 0.2402 | 학습: 95.8% | 검증: 87.3% | lr: 5.00e-04 | 0.3s
  에폭 743/1500 | 손실: 0.2385 | 학습: 96.0% | 검증: 87.1% | lr: 2.50e-04 | 0.3s
  에폭 744/1500 | 손실: 0.2380 | 학습: 95.9% | 검증: 87.4% | lr: 2.50e-04 | 0.3s
  에폭 745/1500 | 손실: 0.2338 | 학습: 96.1% | 검증: 87.5% | lr: 2.50e-04 | 0.3s
  에폭 746/1500 | 손실: 0.2338 | 학습: 96.1% | 검증: 87.3% | lr: 2.50e-04 | 0.3s
  에폭 747/1500 | 손실: 0.2381 | 학습: 96.1% | 검증: 87.3% | lr: 2.50e-04 | 0.3s
  에폭 748/1500 | 손실: 0.2382 | 학습: 96.0% | 검증: 87.5% | lr: 2.50e-04 | 0.3s
  에폭 749/1500 | 손실: 0.2332 | 학습: 96.2% | 검증: 87.4% | lr: 2.50e-04 | 0.3s
  에폭 750/1500 | 손실: 0.2386 | 학습: 96.0% | 검증: 87.4% | lr: 2.50e-04 | 0.3s
  에폭 751/1500 | 손실: 0.2330 | 학습: 95.9% | 검증: 87.5% | lr: 2.50e-04 | 0.3s
  에폭 752/1500 | 손실: 0.2392 | 학습: 96.2% | 검증: 87.7% | lr: 2.50e-04 | 0.3s
  에폭 753/1500 | 손실: 0.2341 | 학습: 96.1% | 검증: 87.5% | lr: 2.50e-04 | 0.3s
  에폭 754/1500 | 손실: 0.2367 | 학습: 96.1% | 검증: 87.7% | lr: 2.50e-04 | 0.3s
  에폭 755/1500 | 손실: 0.2346 | 학습: 96.2% | 검증: 87.5% | lr: 2.50e-04 | 0.3s
  에폭 756/1500 | 손실: 0.2380 | 학습: 95.9% | 검증: 87.7% | lr: 2.50e-04 | 0.3s
  에폭 757/1500 | 손실: 0.2385 | 학습: 96.1% | 검증: 87.6% | lr: 2.50e-04 | 0.3s
  에폭 758/1500 | 손실: 0.2343 | 학습: 95.9% | 검증: 87.9% | lr: 2.50e-04 | 0.3s ★
  에폭 759/1500 | 손실: 0.2382 | 학습: 96.1% | 검증: 87.5% | lr: 2.50e-04 | 0.3s
  에폭 760/1500 | 손실: 0.2265 | 학습: 96.0% | 검증: 87.6% | lr: 2.50e-04 | 0.3s
  에폭 761/1500 | 손실: 0.2384 | 학습: 96.0% | 검증: 87.7% | lr: 2.50e-04 | 0.3s
  에폭 762/1500 | 손실: 0.2374 | 학습: 96.0% | 검증: 87.3% | lr: 2.50e-04 | 0.3s
  에폭 763/1500 | 손실: 0.2344 | 학습: 96.1% | 검증: 87.2% | lr: 2.50e-04 | 0.3s
  에폭 764/1500 | 손실: 0.2377 | 학습: 95.9% | 검증: 87.5% | lr: 2.50e-04 | 0.3s
  에폭 765/1500 | 손실: 0.2408 | 학습: 96.0% | 검증: 87.6% | lr: 2.50e-04 | 0.3s
  에폭 766/1500 | 손실: 0.2311 | 학습: 96.0% | 검증: 87.5% | lr: 2.50e-04 | 0.3s
  에폭 767/1500 | 손실: 0.2315 | 학습: 96.0% | 검증: 87.4% | lr: 2.50e-04 | 0.3s
  에폭 768/1500 | 손실: 0.2352 | 학습: 96.0% | 검증: 87.5% | lr: 2.50e-04 | 0.3s
  에폭 769/1500 | 손실: 0.2394 | 학습: 96.2% | 검증: 87.5% | lr: 2.50e-04 | 0.3s
  에폭 770/1500 | 손실: 0.2319 | 학습: 96.1% | 검증: 87.3% | lr: 2.50e-04 | 0.3s
  에폭 771/1500 | 손실: 0.2352 | 학습: 96.0% | 검증: 87.4% | lr: 2.50e-04 | 0.3s
  에폭 772/1500 | 손실: 0.2404 | 학습: 96.2% | 검증: 87.3% | lr: 2.50e-04 | 0.3s
  에폭 773/1500 | 손실: 0.2357 | 학습: 96.1% | 검증: 87.2% | lr: 2.50e-04 | 0.3s
  에폭 774/1500 | 손실: 0.2368 | 학습: 96.2% | 검증: 87.3% | lr: 2.50e-04 | 0.3s
  에폭 775/1500 | 손실: 0.2331 | 학습: 96.1% | 검증: 87.4% | lr: 2.50e-04 | 0.3s
  에폭 776/1500 | 손실: 0.2322 | 학습: 96.3% | 검증: 87.2% | lr: 2.50e-04 | 0.3s
  에폭 777/1500 | 손실: 0.2303 | 학습: 96.1% | 검증: 87.5% | lr: 2.50e-04 | 0.3s
  에폭 778/1500 | 손실: 0.2349 | 학습: 96.1% | 검증: 87.8% | lr: 2.50e-04 | 0.3s
  에폭 779/1500 | 손실: 0.2333 | 학습: 96.3% | 검증: 88.0% | lr: 2.50e-04 | 0.3s ★
  에폭 780/1500 | 손실: 0.2343 | 학습: 95.9% | 검증: 87.7% | lr: 2.50e-04 | 0.3s
  에폭 781/1500 | 손실: 0.2386 | 학습: 96.1% | 검증: 87.8% | lr: 2.50e-04 | 0.3s
  에폭 782/1500 | 손실: 0.2331 | 학습: 96.1% | 검증: 87.5% | lr: 2.50e-04 | 0.3s
  에폭 783/1500 | 손실: 0.2368 | 학습: 96.1% | 검증: 87.7% | lr: 2.50e-04 | 0.3s
  에폭 784/1500 | 손실: 0.2285 | 학습: 95.9% | 검증: 87.9% | lr: 2.50e-04 | 0.3s
  에폭 785/1500 | 손실: 0.2335 | 학습: 96.1% | 검증: 87.8% | lr: 2.50e-04 | 0.3s
  에폭 786/1500 | 손실: 0.2343 | 학습: 96.1% | 검증: 87.7% | lr: 2.50e-04 | 0.3s
  에폭 787/1500 | 손실: 0.2308 | 학습: 96.1% | 검증: 88.0% | lr: 2.50e-04 | 0.3s
  에폭 788/1500 | 손실: 0.2342 | 학습: 96.3% | 검증: 87.7% | lr: 2.50e-04 | 0.3s
  에폭 789/1500 | 손실: 0.2347 | 학습: 96.3% | 검증: 87.6% | lr: 2.50e-04 | 0.3s
  에폭 790/1500 | 손실: 0.2352 | 학습: 96.2% | 검증: 87.4% | lr: 2.50e-04 | 0.3s
  에폭 791/1500 | 손실: 0.2361 | 학습: 96.2% | 검증: 87.5% | lr: 2.50e-04 | 0.3s
  에폭 792/1500 | 손실: 0.2370 | 학습: 96.1% | 검증: 87.5% | lr: 2.50e-04 | 0.3s
  에폭 793/1500 | 손실: 0.2326 | 학습: 96.3% | 검증: 87.7% | lr: 2.50e-04 | 0.3s
  에폭 794/1500 | 손실: 0.2363 | 학습: 96.1% | 검증: 87.5% | lr: 2.50e-04 | 0.3s
  에폭 795/1500 | 손실: 0.2366 | 학습: 96.0% | 검증: 87.5% | lr: 2.50e-04 | 0.3s
  에폭 796/1500 | 손실: 0.2347 | 학습: 96.2% | 검증: 87.5% | lr: 2.50e-04 | 0.3s
  에폭 797/1500 | 손실: 0.2307 | 학습: 96.2% | 검증: 87.4% | lr: 2.50e-04 | 0.3s
  에폭 798/1500 | 손실: 0.2368 | 학습: 96.2% | 검증: 87.6% | lr: 2.50e-04 | 0.3s
  에폭 799/1500 | 손실: 0.2384 | 학습: 96.2% | 검증: 87.6% | lr: 2.50e-04 | 0.3s
  에폭 800/1500 | 손실: 0.2339 | 학습: 96.2% | 검증: 87.6% | lr: 2.50e-04 | 0.3s
  에폭 801/1500 | 손실: 0.2363 | 학습: 96.3% | 검증: 87.2% | lr: 2.50e-04 | 0.3s
  에폭 802/1500 | 손실: 0.2323 | 학습: 96.0% | 검증: 87.5% | lr: 2.50e-04 | 0.3s
  에폭 803/1500 | 손실: 0.2363 | 학습: 96.2% | 검증: 87.6% | lr: 2.50e-04 | 0.3s
  에폭 804/1500 | 손실: 0.2379 | 학습: 96.3% | 검증: 87.5% | lr: 2.50e-04 | 0.3s
  에폭 805/1500 | 손실: 0.2341 | 학습: 96.2% | 검증: 87.6% | lr: 2.50e-04 | 0.3s
  에폭 806/1500 | 손실: 0.2329 | 학습: 96.1% | 검증: 87.5% | lr: 2.50e-04 | 0.3s
  에폭 807/1500 | 손실: 0.2347 | 학습: 96.2% | 검증: 87.6% | lr: 2.50e-04 | 0.3s
  에폭 808/1500 | 손실: 0.2343 | 학습: 96.2% | 검증: 87.5% | lr: 2.50e-04 | 0.3s
  에폭 809/1500 | 손실: 0.2377 | 학습: 96.0% | 검증: 87.3% | lr: 2.50e-04 | 0.3s
  에폭 810/1500 | 손실: 0.2426 | 학습: 96.2% | 검증: 87.5% | lr: 2.50e-04 | 0.3s
  에폭 811/1500 | 손실: 0.2340 | 학습: 96.3% | 검증: 87.7% | lr: 1.25e-04 | 0.3s
  에폭 812/1500 | 손실: 0.2372 | 학습: 96.2% | 검증: 87.4% | lr: 1.25e-04 | 0.3s
  에폭 813/1500 | 손실: 0.2317 | 학습: 96.3% | 검증: 87.5% | lr: 1.25e-04 | 0.3s
  에폭 814/1500 | 손실: 0.2297 | 학습: 96.1% | 검증: 87.3% | lr: 1.25e-04 | 0.3s
  에폭 815/1500 | 손실: 0.2382 | 학습: 96.1% | 검증: 87.4% | lr: 1.25e-04 | 0.3s
  에폭 816/1500 | 손실: 0.2338 | 학습: 96.3% | 검증: 87.7% | lr: 1.25e-04 | 0.3s
  에폭 817/1500 | 손실: 0.2359 | 학습: 96.2% | 검증: 87.6% | lr: 1.25e-04 | 0.3s
  에폭 818/1500 | 손실: 0.2336 | 학습: 96.2% | 검증: 87.6% | lr: 1.25e-04 | 0.3s
  에폭 819/1500 | 손실: 0.2311 | 학습: 96.2% | 검증: 87.4% | lr: 1.25e-04 | 0.3s
  에폭 820/1500 | 손실: 0.2283 | 학습: 96.2% | 검증: 87.7% | lr: 1.25e-04 | 0.3s
  에폭 821/1500 | 손실: 0.2279 | 학습: 96.2% | 검증: 87.7% | lr: 1.25e-04 | 0.3s
  에폭 822/1500 | 손실: 0.2343 | 학습: 96.3% | 검증: 87.5% | lr: 1.25e-04 | 0.3s
  에폭 823/1500 | 손실: 0.2313 | 학습: 96.3% | 검증: 87.5% | lr: 1.25e-04 | 0.3s
  에폭 824/1500 | 손실: 0.2328 | 학습: 96.2% | 검증: 87.5% | lr: 1.25e-04 | 0.3s
  에폭 825/1500 | 손실: 0.2314 | 학습: 96.3% | 검증: 87.8% | lr: 1.25e-04 | 0.3s
  에폭 826/1500 | 손실: 0.2322 | 학습: 96.2% | 검증: 87.6% | lr: 1.25e-04 | 0.3s
  에폭 827/1500 | 손실: 0.2325 | 학습: 96.2% | 검증: 87.6% | lr: 1.25e-04 | 0.3s
  에폭 828/1500 | 손실: 0.2355 | 학습: 96.2% | 검증: 87.2% | lr: 1.25e-04 | 0.3s
  에폭 829/1500 | 손실: 0.2326 | 학습: 96.2% | 검증: 87.5% | lr: 1.25e-04 | 0.3s
  에폭 830/1500 | 손실: 0.2325 | 학습: 96.1% | 검증: 87.3% | lr: 1.25e-04 | 0.3s
  에폭 831/1500 | 손실: 0.2372 | 학습: 96.2% | 검증: 87.4% | lr: 1.25e-04 | 0.3s
  에폭 832/1500 | 손실: 0.2305 | 학습: 96.2% | 검증: 87.7% | lr: 1.25e-04 | 0.3s
  에폭 833/1500 | 손실: 0.2311 | 학습: 96.3% | 검증: 87.5% | lr: 1.25e-04 | 0.3s
  에폭 834/1500 | 손실: 0.2294 | 학습: 96.3% | 검증: 87.6% | lr: 1.25e-04 | 0.3s
  에폭 835/1500 | 손실: 0.2319 | 학습: 96.2% | 검증: 87.5% | lr: 1.25e-04 | 0.3s
  에폭 836/1500 | 손실: 0.2346 | 학습: 96.2% | 검증: 87.4% | lr: 1.25e-04 | 0.3s
  에폭 837/1500 | 손실: 0.2339 | 학습: 96.2% | 검증: 87.3% | lr: 1.25e-04 | 0.3s
  에폭 838/1500 | 손실: 0.2335 | 학습: 96.2% | 검증: 87.4% | lr: 1.25e-04 | 0.3s
  에폭 839/1500 | 손실: 0.2327 | 학습: 96.2% | 검증: 87.5% | lr: 1.25e-04 | 0.3s
  에폭 840/1500 | 손실: 0.2340 | 학습: 96.2% | 검증: 87.1% | lr: 1.25e-04 | 0.3s
  에폭 841/1500 | 손실: 0.2386 | 학습: 96.0% | 검증: 87.2% | lr: 1.25e-04 | 0.3s
  에폭 842/1500 | 손실: 0.2296 | 학습: 96.2% | 검증: 87.3% | lr: 1.25e-04 | 0.3s
  에폭 843/1500 | 손실: 0.2361 | 학습: 96.2% | 검증: 87.7% | lr: 1.25e-04 | 0.3s
  에폭 844/1500 | 손실: 0.2380 | 학습: 96.1% | 검증: 87.5% | lr: 1.25e-04 | 0.3s
  에폭 845/1500 | 손실: 0.2341 | 학습: 96.2% | 검증: 87.4% | lr: 1.25e-04 | 0.3s
  에폭 846/1500 | 손실: 0.2280 | 학습: 96.3% | 검증: 87.8% | lr: 1.25e-04 | 0.3s
  에폭 847/1500 | 손실: 0.2320 | 학습: 96.3% | 검증: 87.8% | lr: 1.25e-04 | 0.3s
  에폭 848/1500 | 손실: 0.2328 | 학습: 96.2% | 검증: 87.7% | lr: 1.25e-04 | 0.3s
  에폭 849/1500 | 손실: 0.2312 | 학습: 96.2% | 검증: 87.7% | lr: 1.25e-04 | 0.3s
  에폭 850/1500 | 손실: 0.2310 | 학습: 96.3% | 검증: 87.6% | lr: 1.25e-04 | 0.3s
  에폭 851/1500 | 손실: 0.2293 | 학습: 96.3% | 검증: 87.7% | lr: 1.25e-04 | 0.3s
  에폭 852/1500 | 손실: 0.2362 | 학습: 96.3% | 검증: 87.5% | lr: 1.25e-04 | 0.3s
  에폭 853/1500 | 손실: 0.2338 | 학습: 96.3% | 검증: 87.8% | lr: 1.25e-04 | 0.3s
  에폭 854/1500 | 손실: 0.2322 | 학습: 96.2% | 검증: 87.5% | lr: 1.25e-04 | 0.5s
  에폭 855/1500 | 손실: 0.2319 | 학습: 95.9% | 검증: 87.5% | lr: 1.25e-04 | 0.4s
  에폭 856/1500 | 손실: 0.2300 | 학습: 96.1% | 검증: 87.4% | lr: 1.25e-04 | 0.3s
  에폭 857/1500 | 손실: 0.2342 | 학습: 96.3% | 검증: 87.7% | lr: 1.25e-04 | 0.3s
  에폭 858/1500 | 손실: 0.2341 | 학습: 96.2% | 검증: 87.7% | lr: 1.25e-04 | 0.3s
  에폭 859/1500 | 손실: 0.2348 | 학습: 96.3% | 검증: 87.7% | lr: 1.25e-04 | 0.3s
  에폭 860/1500 | 손실: 0.2327 | 학습: 96.5% | 검증: 87.8% | lr: 1.25e-04 | 0.3s
  에폭 861/1500 | 손실: 0.2367 | 학습: 96.3% | 검증: 88.0% | lr: 1.25e-04 | 0.3s
  에폭 862/1500 | 손실: 0.2300 | 학습: 96.2% | 검증: 87.7% | lr: 6.25e-05 | 0.3s
  에폭 863/1500 | 손실: 0.2386 | 학습: 96.3% | 검증: 87.8% | lr: 6.25e-05 | 0.3s
  에폭 864/1500 | 손실: 0.2318 | 학습: 96.2% | 검증: 87.6% | lr: 6.25e-05 | 0.3s
  에폭 865/1500 | 손실: 0.2335 | 학습: 96.3% | 검증: 87.7% | lr: 6.25e-05 | 0.4s
  에폭 866/1500 | 손실: 0.2298 | 학습: 96.3% | 검증: 87.7% | lr: 6.25e-05 | 0.4s
  에폭 867/1500 | 손실: 0.2281 | 학습: 96.4% | 검증: 87.7% | lr: 6.25e-05 | 0.4s
  에폭 868/1500 | 손실: 0.2264 | 학습: 96.2% | 검증: 87.6% | lr: 6.25e-05 | 0.3s
  에폭 869/1500 | 손실: 0.2313 | 학습: 96.2% | 검증: 87.6% | lr: 6.25e-05 | 0.4s
  에폭 870/1500 | 손실: 0.2344 | 학습: 96.1% | 검증: 87.6% | lr: 6.25e-05 | 0.3s
  에폭 871/1500 | 손실: 0.2317 | 학습: 96.3% | 검증: 87.6% | lr: 6.25e-05 | 0.3s
  에폭 872/1500 | 손실: 0.2287 | 학습: 96.4% | 검증: 87.5% | lr: 6.25e-05 | 0.3s
  에폭 873/1500 | 손실: 0.2287 | 학습: 96.2% | 검증: 87.5% | lr: 6.25e-05 | 0.3s
  에폭 874/1500 | 손실: 0.2338 | 학습: 96.2% | 검증: 87.4% | lr: 6.25e-05 | 0.3s
  에폭 875/1500 | 손실: 0.2301 | 학습: 96.3% | 검증: 87.6% | lr: 6.25e-05 | 0.3s
  에폭 876/1500 | 손실: 0.2293 | 학습: 96.3% | 검증: 87.6% | lr: 6.25e-05 | 0.3s
  에폭 877/1500 | 손실: 0.2325 | 학습: 96.3% | 검증: 87.7% | lr: 6.25e-05 | 0.3s
  에폭 878/1500 | 손실: 0.2291 | 학습: 96.3% | 검증: 87.8% | lr: 6.25e-05 | 0.3s
  에폭 879/1500 | 손실: 0.2288 | 학습: 96.4% | 검증: 87.6% | lr: 6.25e-05 | 0.3s
  에폭 880/1500 | 손실: 0.2250 | 학습: 96.3% | 검증: 87.7% | lr: 6.25e-05 | 0.3s
  에폭 881/1500 | 손실: 0.2368 | 학습: 96.4% | 검증: 87.7% | lr: 6.25e-05 | 0.3s
  에폭 882/1500 | 손실: 0.2302 | 학습: 96.3% | 검증: 87.5% | lr: 6.25e-05 | 0.3s
  에폭 883/1500 | 손실: 0.2317 | 학습: 96.4% | 검증: 87.8% | lr: 6.25e-05 | 0.3s
  에폭 884/1500 | 손실: 0.2305 | 학습: 96.4% | 검증: 87.8% | lr: 6.25e-05 | 0.3s
  에폭 885/1500 | 손실: 0.2348 | 학습: 96.3% | 검증: 87.8% | lr: 6.25e-05 | 0.3s
  에폭 886/1500 | 손실: 0.2296 | 학습: 96.4% | 검증: 87.5% | lr: 6.25e-05 | 0.3s
  에폭 887/1500 | 손실: 0.2265 | 학습: 96.4% | 검증: 87.5% | lr: 6.25e-05 | 0.4s
  에폭 888/1500 | 손실: 0.2331 | 학습: 96.2% | 검증: 87.8% | lr: 6.25e-05 | 0.3s
  에폭 889/1500 | 손실: 0.2296 | 학습: 96.4% | 검증: 87.9% | lr: 6.25e-05 | 0.3s
  에폭 890/1500 | 손실: 0.2354 | 학습: 96.4% | 검증: 87.6% | lr: 6.25e-05 | 0.4s
  에폭 891/1500 | 손실: 0.2389 | 학습: 96.3% | 검증: 87.7% | lr: 6.25e-05 | 0.3s
  에폭 892/1500 | 손실: 0.2289 | 학습: 96.4% | 검증: 87.8% | lr: 6.25e-05 | 0.3s
  에폭 893/1500 | 손실: 0.2310 | 학습: 96.4% | 검증: 87.6% | lr: 6.25e-05 | 0.3s
  에폭 894/1500 | 손실: 0.2328 | 학습: 96.4% | 검증: 87.5% | lr: 6.25e-05 | 0.3s
  에폭 895/1500 | 손실: 0.2281 | 학습: 96.3% | 검증: 88.0% | lr: 6.25e-05 | 0.3s
  에폭 896/1500 | 손실: 0.2270 | 학습: 96.3% | 검증: 87.5% | lr: 6.25e-05 | 0.3s
  에폭 897/1500 | 손실: 0.2296 | 학습: 96.5% | 검증: 87.8% | lr: 6.25e-05 | 0.3s
  에폭 898/1500 | 손실: 0.2422 | 학습: 96.1% | 검증: 87.5% | lr: 6.25e-05 | 0.4s
  에폭 899/1500 | 손실: 0.2250 | 학습: 96.2% | 검증: 87.8% | lr: 6.25e-05 | 0.3s
  에폭 900/1500 | 손실: 0.2320 | 학습: 96.2% | 검증: 87.7% | lr: 6.25e-05 | 0.3s
  에폭 901/1500 | 손실: 0.2273 | 학습: 96.3% | 검증: 87.5% | lr: 6.25e-05 | 0.3s
  에폭 902/1500 | 손실: 0.2368 | 학습: 96.3% | 검증: 87.5% | lr: 6.25e-05 | 0.3s
  에폭 903/1500 | 손실: 0.2268 | 학습: 96.4% | 검증: 87.5% | lr: 6.25e-05 | 0.3s
  에폭 904/1500 | 손실: 0.2278 | 학습: 96.2% | 검증: 87.6% | lr: 6.25e-05 | 0.4s
  에폭 905/1500 | 손실: 0.2295 | 학습: 96.4% | 검증: 87.6% | lr: 6.25e-05 | 0.4s
  에폭 906/1500 | 손실: 0.2303 | 학습: 96.3% | 검증: 87.8% | lr: 6.25e-05 | 0.4s
  에폭 907/1500 | 손실: 0.2333 | 학습: 96.3% | 검증: 87.7% | lr: 6.25e-05 | 0.3s
  에폭 908/1500 | 손실: 0.2308 | 학습: 96.4% | 검증: 87.6% | lr: 6.25e-05 | 0.3s
  에폭 909/1500 | 손실: 0.2320 | 학습: 96.3% | 검증: 87.9% | lr: 6.25e-05 | 0.3s
  에폭 910/1500 | 손실: 0.2320 | 학습: 96.4% | 검증: 87.8% | lr: 6.25e-05 | 0.3s
  에폭 911/1500 | 손실: 0.2317 | 학습: 96.4% | 검증: 87.5% | lr: 6.25e-05 | 0.3s
  에폭 912/1500 | 손실: 0.2377 | 학습: 96.4% | 검증: 87.8% | lr: 6.25e-05 | 0.3s
  에폭 913/1500 | 손실: 0.2335 | 학습: 96.3% | 검증: 87.5% | lr: 6.25e-05 | 0.3s
  에폭 914/1500 | 손실: 0.2288 | 학습: 96.3% | 검증: 87.8% | lr: 6.25e-05 | 0.3s
  에폭 915/1500 | 손실: 0.2312 | 학습: 96.4% | 검증: 87.5% | lr: 6.25e-05 | 0.3s
  에폭 916/1500 | 손실: 0.2297 | 학습: 96.4% | 검증: 87.8% | lr: 6.25e-05 | 0.4s
  에폭 917/1500 | 손실: 0.2277 | 학습: 96.4% | 검증: 87.7% | lr: 6.25e-05 | 0.4s
  에폭 918/1500 | 손실: 0.2317 | 학습: 96.5% | 검증: 88.0% | lr: 6.25e-05 | 0.3s ★
  에폭 919/1500 | 손실: 0.2324 | 학습: 96.4% | 검증: 88.1% | lr: 6.25e-05 | 0.4s ★
  에폭 920/1500 | 손실: 0.2251 | 학습: 96.4% | 검증: 87.7% | lr: 6.25e-05 | 0.3s
  에폭 921/1500 | 손실: 0.2284 | 학습: 96.5% | 검증: 87.9% | lr: 6.25e-05 | 0.3s
  에폭 922/1500 | 손실: 0.2285 | 학습: 96.5% | 검증: 87.9% | lr: 6.25e-05 | 0.3s
  에폭 923/1500 | 손실: 0.2277 | 학습: 96.4% | 검증: 87.5% | lr: 6.25e-05 | 0.3s
  에폭 924/1500 | 손실: 0.2278 | 학습: 96.4% | 검증: 87.9% | lr: 6.25e-05 | 0.4s
  에폭 925/1500 | 손실: 0.2273 | 학습: 96.3% | 검증: 87.7% | lr: 6.25e-05 | 0.3s
  에폭 926/1500 | 손실: 0.2351 | 학습: 96.3% | 검증: 87.7% | lr: 6.25e-05 | 0.4s
  에폭 927/1500 | 손실: 0.2264 | 학습: 96.4% | 검증: 87.7% | lr: 6.25e-05 | 0.4s
  에폭 928/1500 | 손실: 0.2323 | 학습: 96.3% | 검증: 87.8% | lr: 6.25e-05 | 0.4s
  에폭 929/1500 | 손실: 0.2302 | 학습: 96.4% | 검증: 87.6% | lr: 6.25e-05 | 0.4s
  에폭 930/1500 | 손실: 0.2272 | 학습: 96.3% | 검증: 87.7% | lr: 6.25e-05 | 0.4s
  에폭 931/1500 | 손실: 0.2353 | 학습: 96.3% | 검증: 87.8% | lr: 3.13e-05 | 0.3s
  에폭 932/1500 | 손실: 0.2309 | 학습: 96.4% | 검증: 87.9% | lr: 3.13e-05 | 0.3s
  에폭 933/1500 | 손실: 0.2355 | 학습: 96.2% | 검증: 87.3% | lr: 3.13e-05 | 0.4s
  에폭 934/1500 | 손실: 0.2314 | 학습: 96.4% | 검증: 87.7% | lr: 3.13e-05 | 0.4s
  에폭 935/1500 | 손실: 0.2245 | 학습: 96.2% | 검증: 87.9% | lr: 3.13e-05 | 0.4s
  에폭 936/1500 | 손실: 0.2275 | 학습: 96.2% | 검증: 87.9% | lr: 3.13e-05 | 0.4s
  에폭 937/1500 | 손실: 0.2280 | 학습: 96.4% | 검증: 87.8% | lr: 3.13e-05 | 0.3s
  에폭 938/1500 | 손실: 0.2269 | 학습: 96.3% | 검증: 87.8% | lr: 3.13e-05 | 0.3s
  에폭 939/1500 | 손실: 0.2273 | 학습: 96.4% | 검증: 87.8% | lr: 3.13e-05 | 0.3s
  에폭 940/1500 | 손실: 0.2293 | 학습: 96.1% | 검증: 87.6% | lr: 3.13e-05 | 0.3s
  에폭 941/1500 | 손실: 0.2273 | 학습: 96.4% | 검증: 87.7% | lr: 3.13e-05 | 0.3s
  에폭 942/1500 | 손실: 0.2259 | 학습: 96.3% | 검증: 87.8% | lr: 3.13e-05 | 0.3s
  에폭 943/1500 | 손실: 0.2282 | 학습: 96.3% | 검증: 87.6% | lr: 3.13e-05 | 0.3s
  에폭 944/1500 | 손실: 0.2265 | 학습: 96.3% | 검증: 87.8% | lr: 3.13e-05 | 0.4s
  에폭 945/1500 | 손실: 0.2349 | 학습: 96.3% | 검증: 87.6% | lr: 3.13e-05 | 0.4s
  에폭 946/1500 | 손실: 0.2321 | 학습: 96.4% | 검증: 87.8% | lr: 3.13e-05 | 0.4s
  에폭 947/1500 | 손실: 0.2301 | 학습: 96.4% | 검증: 87.7% | lr: 3.13e-05 | 0.4s
  에폭 948/1500 | 손실: 0.2279 | 학습: 96.4% | 검증: 87.9% | lr: 3.13e-05 | 0.3s
  에폭 949/1500 | 손실: 0.2382 | 학습: 96.4% | 검증: 87.7% | lr: 3.13e-05 | 0.3s
  에폭 950/1500 | 손실: 0.2249 | 학습: 96.5% | 검증: 87.7% | lr: 3.13e-05 | 0.3s
  에폭 951/1500 | 손실: 0.2353 | 학습: 96.3% | 검증: 87.6% | lr: 3.13e-05 | 0.4s
  에폭 952/1500 | 손실: 0.2257 | 학습: 96.4% | 검증: 87.7% | lr: 3.13e-05 | 0.4s
  에폭 953/1500 | 손실: 0.2279 | 학습: 96.4% | 검증: 87.8% | lr: 3.13e-05 | 0.4s
  에폭 954/1500 | 손실: 0.2340 | 학습: 96.4% | 검증: 87.8% | lr: 3.13e-05 | 0.4s
  에폭 955/1500 | 손실: 0.2284 | 학습: 96.5% | 검증: 87.9% | lr: 3.13e-05 | 0.4s
  에폭 956/1500 | 손실: 0.2288 | 학습: 96.3% | 검증: 87.7% | lr: 3.13e-05 | 0.4s
  에폭 957/1500 | 손실: 0.2331 | 학습: 96.2% | 검증: 87.7% | lr: 3.13e-05 | 0.3s
  에폭 958/1500 | 손실: 0.2279 | 학습: 96.4% | 검증: 87.9% | lr: 3.13e-05 | 0.4s
  에폭 959/1500 | 손실: 0.2328 | 학습: 96.3% | 검증: 87.5% | lr: 3.13e-05 | 0.3s
  에폭 960/1500 | 손실: 0.2304 | 학습: 96.4% | 검증: 87.8% | lr: 3.13e-05 | 0.3s
  에폭 961/1500 | 손실: 0.2317 | 학습: 96.3% | 검증: 87.9% | lr: 3.13e-05 | 0.3s
  에폭 962/1500 | 손실: 0.2309 | 학습: 96.3% | 검증: 87.7% | lr: 3.13e-05 | 0.3s
  에폭 963/1500 | 손실: 0.2349 | 학습: 96.4% | 검증: 87.8% | lr: 3.13e-05 | 0.3s
  에폭 964/1500 | 손실: 0.2286 | 학습: 96.3% | 검증: 87.7% | lr: 3.13e-05 | 0.3s
  에폭 965/1500 | 손실: 0.2325 | 학습: 96.3% | 검증: 87.7% | lr: 3.13e-05 | 0.3s
  에폭 966/1500 | 손실: 0.2250 | 학습: 96.2% | 검증: 87.5% | lr: 3.13e-05 | 0.3s
  에폭 967/1500 | 손실: 0.2316 | 학습: 96.3% | 검증: 87.7% | lr: 3.13e-05 | 0.3s
  에폭 968/1500 | 손실: 0.2276 | 학습: 96.5% | 검증: 87.9% | lr: 3.13e-05 | 0.3s
  에폭 969/1500 | 손실: 0.2342 | 학습: 96.4% | 검증: 87.8% | lr: 3.13e-05 | 0.3s
  에폭 970/1500 | 손실: 0.2322 | 학습: 96.5% | 검증: 87.6% | lr: 3.13e-05 | 0.3s
  에폭 971/1500 | 손실: 0.2327 | 학습: 96.4% | 검증: 87.7% | lr: 3.13e-05 | 0.3s
  에폭 972/1500 | 손실: 0.2314 | 학습: 96.4% | 검증: 87.7% | lr: 3.13e-05 | 0.3s
  에폭 973/1500 | 손실: 0.2290 | 학습: 96.4% | 검증: 87.6% | lr: 3.13e-05 | 0.3s
  에폭 974/1500 | 손실: 0.2282 | 학습: 96.4% | 검증: 88.0% | lr: 3.13e-05 | 0.3s
  에폭 975/1500 | 손실: 0.2243 | 학습: 96.4% | 검증: 88.1% | lr: 3.13e-05 | 0.3s ★
  에폭 976/1500 | 손실: 0.2271 | 학습: 96.4% | 검증: 87.9% | lr: 3.13e-05 | 0.3s
  에폭 977/1500 | 손실: 0.2353 | 학습: 96.3% | 검증: 87.6% | lr: 3.13e-05 | 0.3s
  에폭 978/1500 | 손실: 0.2254 | 학습: 96.4% | 검증: 88.0% | lr: 3.13e-05 | 0.3s
  에폭 979/1500 | 손실: 0.2370 | 학습: 96.4% | 검증: 87.8% | lr: 3.13e-05 | 0.3s
  에폭 980/1500 | 손실: 0.2284 | 학습: 96.5% | 검증: 87.9% | lr: 3.13e-05 | 0.3s
  에폭 981/1500 | 손실: 0.2344 | 학습: 96.3% | 검증: 87.9% | lr: 3.13e-05 | 0.3s
  에폭 982/1500 | 손실: 0.2329 | 학습: 96.3% | 검증: 87.6% | lr: 3.13e-05 | 0.3s
  에폭 983/1500 | 손실: 0.2381 | 학습: 96.4% | 검증: 87.8% | lr: 3.13e-05 | 0.3s
  에폭 984/1500 | 손실: 0.2290 | 학습: 96.3% | 검증: 87.5% | lr: 3.13e-05 | 0.3s
  에폭 985/1500 | 손실: 0.2288 | 학습: 96.3% | 검증: 87.9% | lr: 3.13e-05 | 0.3s
  에폭 986/1500 | 손실: 0.2292 | 학습: 96.3% | 검증: 87.9% | lr: 3.13e-05 | 0.3s
  에폭 987/1500 | 손실: 0.2291 | 학습: 96.4% | 검증: 87.7% | lr: 3.13e-05 | 0.3s
  에폭 988/1500 | 손실: 0.2331 | 학습: 96.4% | 검증: 87.9% | lr: 3.13e-05 | 0.3s
  에폭 989/1500 | 손실: 0.2306 | 학습: 96.4% | 검증: 87.7% | lr: 3.13e-05 | 0.3s
  에폭 990/1500 | 손실: 0.2336 | 학습: 96.4% | 검증: 87.8% | lr: 3.13e-05 | 0.3s
  에폭 991/1500 | 손실: 0.2367 | 학습: 96.4% | 검증: 87.7% | lr: 3.13e-05 | 0.3s
  에폭 992/1500 | 손실: 0.2297 | 학습: 96.4% | 검증: 87.8% | lr: 3.13e-05 | 0.3s
  에폭 993/1500 | 손실: 0.2247 | 학습: 96.4% | 검증: 87.8% | lr: 3.13e-05 | 0.3s
  에폭 994/1500 | 손실: 0.2324 | 학습: 96.5% | 검증: 87.7% | lr: 3.13e-05 | 0.3s
  에폭 995/1500 | 손실: 0.2228 | 학습: 96.4% | 검증: 87.7% | lr: 3.13e-05 | 0.3s
  에폭 996/1500 | 손실: 0.2291 | 학습: 96.3% | 검증: 87.7% | lr: 3.13e-05 | 0.4s
  에폭 997/1500 | 손실: 0.2295 | 학습: 96.5% | 검증: 87.6% | lr: 3.13e-05 | 0.4s
  에폭 998/1500 | 손실: 0.2349 | 학습: 96.4% | 검증: 87.9% | lr: 3.13e-05 | 0.4s
  에폭 999/1500 | 손실: 0.2255 | 학습: 96.4% | 검증: 87.7% | lr: 3.13e-05 | 0.3s
  에폭 1000/1500 | 손실: 0.2351 | 학습: 96.4% | 검증: 87.8% | lr: 3.13e-05 | 0.4s
  에폭 1001/1500 | 손실: 0.2365 | 학습: 96.3% | 검증: 87.3% | lr: 3.13e-05 | 0.4s
  에폭 1002/1500 | 손실: 0.2373 | 학습: 96.2% | 검증: 87.4% | lr: 3.13e-05 | 0.3s
  에폭 1003/1500 | 손실: 0.2259 | 학습: 96.4% | 검증: 87.9% | lr: 3.13e-05 | 0.3s
  에폭 1004/1500 | 손실: 0.2315 | 학습: 96.5% | 검증: 87.7% | lr: 3.13e-05 | 0.4s
  에폭 1005/1500 | 손실: 0.2321 | 학습: 96.4% | 검증: 87.6% | lr: 3.13e-05 | 0.4s
  에폭 1006/1500 | 손실: 0.2305 | 학습: 96.4% | 검증: 87.6% | lr: 3.13e-05 | 0.4s
  에폭 1007/1500 | 손실: 0.2283 | 학습: 96.5% | 검증: 87.6% | lr: 3.13e-05 | 0.4s
  에폭 1008/1500 | 손실: 0.2366 | 학습: 96.4% | 검증: 87.8% | lr: 3.13e-05 | 0.4s
  에폭 1009/1500 | 손실: 0.2299 | 학습: 96.4% | 검증: 87.9% | lr: 3.13e-05 | 0.3s
  에폭 1010/1500 | 손실: 0.2277 | 학습: 96.4% | 검증: 87.7% | lr: 3.13e-05 | 0.4s
  에폭 1011/1500 | 손실: 0.2293 | 학습: 96.4% | 검증: 87.9% | lr: 3.13e-05 | 0.4s
  에폭 1012/1500 | 손실: 0.2278 | 학습: 96.4% | 검증: 87.5% | lr: 3.13e-05 | 0.4s
  에폭 1013/1500 | 손실: 0.2305 | 학습: 96.3% | 검증: 87.6% | lr: 3.13e-05 | 0.4s
  에폭 1014/1500 | 손실: 0.2342 | 학습: 96.2% | 검증: 87.7% | lr: 3.13e-05 | 0.4s
  에폭 1015/1500 | 손실: 0.2293 | 학습: 96.4% | 검증: 87.8% | lr: 3.13e-05 | 0.4s
  에폭 1016/1500 | 손실: 0.2300 | 학습: 96.4% | 검증: 87.6% | lr: 3.13e-05 | 0.3s
  에폭 1017/1500 | 손실: 0.2276 | 학습: 96.3% | 검증: 87.7% | lr: 3.13e-05 | 0.4s
  에폭 1018/1500 | 손실: 0.2308 | 학습: 96.4% | 검증: 87.8% | lr: 3.13e-05 | 0.4s
  에폭 1019/1500 | 손실: 0.2318 | 학습: 96.4% | 검증: 88.0% | lr: 3.13e-05 | 0.4s
  에폭 1020/1500 | 손실: 0.2333 | 학습: 96.5% | 검증: 87.8% | lr: 3.13e-05 | 0.4s
  에폭 1021/1500 | 손실: 0.2302 | 학습: 96.5% | 검증: 87.7% | lr: 3.13e-05 | 0.4s
  에폭 1022/1500 | 손실: 0.2276 | 학습: 96.4% | 검증: 87.6% | lr: 3.13e-05 | 0.3s
  에폭 1023/1500 | 손실: 0.2335 | 학습: 96.4% | 검증: 87.7% | lr: 3.13e-05 | 0.3s
  에폭 1024/1500 | 손실: 0.2260 | 학습: 96.4% | 검증: 87.7% | lr: 3.13e-05 | 0.3s
  에폭 1025/1500 | 손실: 0.2296 | 학습: 96.4% | 검증: 87.8% | lr: 3.13e-05 | 0.3s
  에폭 1026/1500 | 손실: 0.2271 | 학습: 96.4% | 검증: 87.6% | lr: 3.13e-05 | 0.3s
  에폭 1027/1500 | 손실: 0.2226 | 학습: 96.3% | 검증: 87.7% | lr: 3.13e-05 | 0.7s
  에폭 1028/1500 | 손실: 0.2306 | 학습: 96.4% | 검증: 87.8% | lr: 3.13e-05 | 1.0s
  에폭 1029/1500 | 손실: 0.2302 | 학습: 96.4% | 검증: 87.7% | lr: 3.13e-05 | 1.1s
  에폭 1030/1500 | 손실: 0.2323 | 학습: 96.4% | 검증: 87.7% | lr: 3.13e-05 | 1.3s
  에폭 1031/1500 | 손실: 0.2318 | 학습: 96.6% | 검증: 88.0% | lr: 3.13e-05 | 1.5s
  에폭 1032/1500 | 손실: 0.2319 | 학습: 96.4% | 검증: 87.7% | lr: 3.13e-05 | 1.7s
  에폭 1033/1500 | 손실: 0.2266 | 학습: 96.5% | 검증: 87.7% | lr: 3.13e-05 | 1.6s
  에폭 1034/1500 | 손실: 0.2330 | 학습: 96.4% | 검증: 87.7% | lr: 3.13e-05 | 1.6s
  에폭 1035/1500 | 손실: 0.2252 | 학습: 96.3% | 검증: 87.8% | lr: 3.13e-05 | 1.4s
  에폭 1036/1500 | 손실: 0.2350 | 학습: 96.2% | 검증: 87.8% | lr: 3.13e-05 | 1.4s
  에폭 1037/1500 | 손실: 0.2295 | 학습: 96.5% | 검증: 87.8% | lr: 3.13e-05 | 1.5s
  에폭 1038/1500 | 손실: 0.2292 | 학습: 96.5% | 검증: 87.7% | lr: 3.13e-05 | 2.2s
  에폭 1039/1500 | 손실: 0.2388 | 학습: 96.4% | 검증: 87.9% | lr: 3.13e-05 | 1.7s
  에폭 1040/1500 | 손실: 0.2290 | 학습: 96.2% | 검증: 87.8% | lr: 3.13e-05 | 1.3s
  에폭 1041/1500 | 손실: 0.2286 | 학습: 96.4% | 검증: 87.6% | lr: 3.13e-05 | 1.2s
  에폭 1042/1500 | 손실: 0.2358 | 학습: 96.3% | 검증: 87.6% | lr: 3.13e-05 | 1.3s
  에폭 1043/1500 | 손실: 0.2345 | 학습: 96.4% | 검증: 87.8% | lr: 3.13e-05 | 1.2s
  에폭 1044/1500 | 손실: 0.2325 | 학습: 96.3% | 검증: 87.5% | lr: 3.13e-05 | 1.3s
  에폭 1045/1500 | 손실: 0.2304 | 학습: 96.4% | 검증: 87.7% | lr: 3.13e-05 | 1.3s
  에폭 1046/1500 | 손실: 0.2354 | 학습: 96.4% | 검증: 87.8% | lr: 3.13e-05 | 1.4s
  에폭 1047/1500 | 손실: 0.2252 | 학습: 96.3% | 검증: 87.7% | lr: 3.13e-05 | 1.2s
  에폭 1048/1500 | 손실: 0.2317 | 학습: 96.5% | 검증: 87.7% | lr: 3.13e-05 | 1.1s
  에폭 1049/1500 | 손실: 0.2369 | 학습: 96.3% | 검증: 87.6% | lr: 3.13e-05 | 0.9s
  에폭 1050/1500 | 손실: 0.2220 | 학습: 96.4% | 검증: 87.9% | lr: 3.13e-05 | 1.0s
  에폭 1051/1500 | 손실: 0.2310 | 학습: 96.4% | 검증: 87.8% | lr: 3.13e-05 | 0.9s
  에폭 1052/1500 | 손실: 0.2314 | 학습: 96.3% | 검증: 87.8% | lr: 3.13e-05 | 1.0s
  에폭 1053/1500 | 손실: 0.2299 | 학습: 96.3% | 검증: 87.6% | lr: 3.13e-05 | 0.9s
  에폭 1054/1500 | 손실: 0.2258 | 학습: 96.4% | 검증: 87.7% | lr: 3.13e-05 | 1.0s
  에폭 1055/1500 | 손실: 0.2339 | 학습: 96.4% | 검증: 87.8% | lr: 3.13e-05 | 1.1s
  에폭 1056/1500 | 손실: 0.2315 | 학습: 96.3% | 검증: 88.0% | lr: 3.13e-05 | 1.5s
  에폭 1057/1500 | 손실: 0.2281 | 학습: 96.3% | 검증: 87.8% | lr: 3.13e-05 | 1.7s
  에폭 1058/1500 | 손실: 0.2266 | 학습: 96.4% | 검증: 87.8% | lr: 3.13e-05 | 1.5s
  에폭 1059/1500 | 손실: 0.2285 | 학습: 96.4% | 검증: 87.6% | lr: 3.13e-05 | 1.6s
  에폭 1060/1500 | 손실: 0.2321 | 학습: 96.4% | 검증: 87.8% | lr: 3.13e-05 | 1.5s
  에폭 1061/1500 | 손실: 0.2289 | 학습: 96.4% | 검증: 87.8% | lr: 3.13e-05 | 1.6s
  에폭 1062/1500 | 손실: 0.2277 | 학습: 96.4% | 검증: 87.8% | lr: 3.13e-05 | 1.5s
  에폭 1063/1500 | 손실: 0.2360 | 학습: 96.2% | 검증: 87.5% | lr: 3.13e-05 | 1.5s
  에폭 1064/1500 | 손실: 0.2261 | 학습: 96.3% | 검증: 87.7% | lr: 3.13e-05 | 0.6s
  에폭 1065/1500 | 손실: 0.2326 | 학습: 96.4% | 검증: 87.8% | lr: 3.13e-05 | 0.4s
  에폭 1066/1500 | 손실: 0.2292 | 학습: 96.4% | 검증: 87.7% | lr: 3.13e-05 | 1.1s
  에폭 1067/1500 | 손실: 0.2327 | 학습: 96.2% | 검증: 87.6% | lr: 3.13e-05 | 0.4s
  에폭 1068/1500 | 손실: 0.2272 | 학습: 96.4% | 검증: 87.6% | lr: 3.13e-05 | 0.4s
  에폭 1069/1500 | 손실: 0.2298 | 학습: 96.3% | 검증: 87.6% | lr: 3.13e-05 | 0.4s
  에폭 1070/1500 | 손실: 0.2271 | 학습: 96.2% | 검증: 87.8% | lr: 3.13e-05 | 0.9s
  에폭 1071/1500 | 손실: 0.2321 | 학습: 96.4% | 검증: 87.9% | lr: 3.13e-05 | 1.5s
  에폭 1072/1500 | 손실: 0.2297 | 학습: 96.5% | 검증: 87.7% | lr: 3.13e-05 | 1.4s
  에폭 1073/1500 | 손실: 0.2304 | 학습: 96.4% | 검증: 87.6% | lr: 3.13e-05 | 1.4s
  에폭 1074/1500 | 손실: 0.2299 | 학습: 96.5% | 검증: 87.7% | lr: 3.13e-05 | 1.6s
  에폭 1075/1500 | 손실: 0.2333 | 학습: 96.4% | 검증: 87.7% | lr: 3.13e-05 | 0.9s
  에폭 1076/1500 | 손실: 0.2322 | 학습: 96.5% | 검증: 87.8% | lr: 3.13e-05 | 0.4s
  에폭 1077/1500 | 손실: 0.2366 | 학습: 96.3% | 검증: 87.8% | lr: 3.13e-05 | 0.4s
  에폭 1078/1500 | 손실: 0.2331 | 학습: 96.1% | 검증: 87.6% | lr: 3.13e-05 | 0.4s
  에폭 1079/1500 | 손실: 0.2326 | 학습: 96.4% | 검증: 87.6% | lr: 3.13e-05 | 0.4s
  에폭 1080/1500 | 손실: 0.2304 | 학습: 96.2% | 검증: 87.6% | lr: 3.13e-05 | 0.4s
  에폭 1081/1500 | 손실: 0.2270 | 학습: 96.4% | 검증: 87.6% | lr: 3.13e-05 | 0.4s
  에폭 1082/1500 | 손실: 0.2251 | 학습: 96.2% | 검증: 87.8% | lr: 3.13e-05 | 0.8s
  에폭 1083/1500 | 손실: 0.2302 | 학습: 96.5% | 검증: 87.7% | lr: 3.13e-05 | 1.3s
  에폭 1084/1500 | 손실: 0.2285 | 학습: 96.5% | 검증: 87.9% | lr: 3.13e-05 | 1.3s
  에폭 1085/1500 | 손실: 0.2248 | 학습: 96.4% | 검증: 87.8% | lr: 3.13e-05 | 1.2s
  에폭 1086/1500 | 손실: 0.2277 | 학습: 96.4% | 검증: 87.6% | lr: 3.13e-05 | 1.2s
  에폭 1087/1500 | 손실: 0.2313 | 학습: 96.3% | 검증: 87.3% | lr: 3.13e-05 | 1.4s
  에폭 1088/1500 | 손실: 0.2272 | 학습: 96.2% | 검증: 87.7% | lr: 3.13e-05 | 1.1s
  에폭 1089/1500 | 손실: 0.2318 | 학습: 96.3% | 검증: 87.6% | lr: 3.13e-05 | 1.2s
  에폭 1090/1500 | 손실: 0.2264 | 학습: 96.5% | 검증: 87.9% | lr: 3.13e-05 | 1.3s
  에폭 1091/1500 | 손실: 0.2273 | 학습: 96.3% | 검증: 87.8% | lr: 3.13e-05 | 1.1s
  에폭 1092/1500 | 손실: 0.2356 | 학습: 96.3% | 검증: 87.8% | lr: 3.13e-05 | 1.2s
  에폭 1093/1500 | 손실: 0.2289 | 학습: 96.4% | 검증: 87.7% | lr: 3.13e-05 | 1.1s
  에폭 1094/1500 | 손실: 0.2239 | 학습: 96.2% | 검증: 87.8% | lr: 3.13e-05 | 1.2s
  에폭 1095/1500 | 손실: 0.2344 | 학습: 96.3% | 검증: 87.6% | lr: 3.13e-05 | 1.2s
  에폭 1096/1500 | 손실: 0.2253 | 학습: 96.3% | 검증: 87.8% | lr: 3.13e-05 | 1.3s
  에폭 1097/1500 | 손실: 0.2211 | 학습: 96.4% | 검증: 87.9% | lr: 3.13e-05 | 1.2s
  에폭 1098/1500 | 손실: 0.2293 | 학습: 96.4% | 검증: 87.6% | lr: 3.13e-05 | 1.1s
  에폭 1099/1500 | 손실: 0.2337 | 학습: 96.5% | 검증: 88.1% | lr: 3.13e-05 | 1.3s
  에폭 1100/1500 | 손실: 0.2240 | 학습: 96.5% | 검증: 88.0% | lr: 3.13e-05 | 1.2s
  에폭 1101/1500 | 손실: 0.2296 | 학습: 96.4% | 검증: 87.7% | lr: 3.13e-05 | 1.0s
  에폭 1102/1500 | 손실: 0.2304 | 학습: 96.4% | 검증: 87.7% | lr: 3.13e-05 | 1.0s
  에폭 1103/1500 | 손실: 0.2321 | 학습: 96.4% | 검증: 87.8% | lr: 3.13e-05 | 1.0s
  에폭 1104/1500 | 손실: 0.2265 | 학습: 96.4% | 검증: 88.0% | lr: 3.13e-05 | 1.2s
  에폭 1105/1500 | 손실: 0.2315 | 학습: 96.5% | 검증: 87.8% | lr: 3.13e-05 | 1.2s
  에폭 1106/1500 | 손실: 0.2310 | 학습: 96.5% | 검증: 88.0% | lr: 3.13e-05 | 1.5s
  에폭 1107/1500 | 손실: 0.2283 | 학습: 96.4% | 검증: 87.4% | lr: 3.13e-05 | 1.6s
  에폭 1108/1500 | 손실: 0.2322 | 학습: 96.3% | 검증: 87.8% | lr: 3.13e-05 | 1.5s
  에폭 1109/1500 | 손실: 0.2309 | 학습: 96.2% | 검증: 87.6% | lr: 3.13e-05 | 1.4s
  에폭 1110/1500 | 손실: 0.2254 | 학습: 96.6% | 검증: 87.7% | lr: 3.13e-05 | 1.6s
  에폭 1111/1500 | 손실: 0.2251 | 학습: 96.4% | 검증: 87.7% | lr: 3.13e-05 | 1.5s
  에폭 1112/1500 | 손실: 0.2301 | 학습: 96.5% | 검증: 87.6% | lr: 3.13e-05 | 1.5s
  에폭 1113/1500 | 손실: 0.2332 | 학습: 96.5% | 검증: 87.7% | lr: 3.13e-05 | 1.5s
  에폭 1114/1500 | 손실: 0.2341 | 학습: 96.4% | 검증: 87.6% | lr: 3.13e-05 | 1.5s
  에폭 1115/1500 | 손실: 0.2237 | 학습: 96.4% | 검증: 87.8% | lr: 3.13e-05 | 1.6s
  에폭 1116/1500 | 손실: 0.2286 | 학습: 96.4% | 검증: 87.7% | lr: 3.13e-05 | 1.5s
  에폭 1117/1500 | 손실: 0.2335 | 학습: 96.4% | 검증: 87.9% | lr: 3.13e-05 | 1.5s
  에폭 1118/1500 | 손실: 0.2276 | 학습: 96.2% | 검증: 87.7% | lr: 3.13e-05 | 1.5s
  에폭 1119/1500 | 손실: 0.2361 | 학습: 96.4% | 검증: 87.4% | lr: 3.13e-05 | 1.5s
  에폭 1120/1500 | 손실: 0.2296 | 학습: 96.5% | 검증: 87.7% | lr: 3.13e-05 | 1.6s
  에폭 1121/1500 | 손실: 0.2333 | 학습: 96.4% | 검증: 87.8% | lr: 3.13e-05 | 1.5s
  에폭 1122/1500 | 손실: 0.2316 | 학습: 96.5% | 검증: 87.8% | lr: 3.13e-05 | 1.5s
  에폭 1123/1500 | 손실: 0.2245 | 학습: 96.3% | 검증: 87.7% | lr: 3.13e-05 | 1.5s
  에폭 1124/1500 | 손실: 0.2346 | 학습: 96.5% | 검증: 88.0% | lr: 3.13e-05 | 1.3s
  에폭 1125/1500 | 손실: 0.2219 | 학습: 96.5% | 검증: 87.8% | lr: 3.13e-05 | 1.4s
  에폭 1126/1500 | 손실: 0.2340 | 학습: 96.4% | 검증: 88.0% | lr: 3.13e-05 | 1.4s
  에폭 1127/1500 | 손실: 0.2285 | 학습: 96.5% | 검증: 87.6% | lr: 3.13e-05 | 1.5s
  에폭 1128/1500 | 손실: 0.2279 | 학습: 96.5% | 검증: 87.9% | lr: 3.13e-05 | 1.5s
  에폭 1129/1500 | 손실: 0.2259 | 학습: 96.3% | 검증: 87.8% | lr: 3.13e-05 | 1.5s
  에폭 1130/1500 | 손실: 0.2268 | 학습: 96.4% | 검증: 87.4% | lr: 3.13e-05 | 1.4s
  에폭 1131/1500 | 손실: 0.2317 | 학습: 96.4% | 검증: 87.9% | lr: 3.13e-05 | 1.5s
  에폭 1132/1500 | 손실: 0.2279 | 학습: 96.3% | 검증: 87.6% | lr: 3.13e-05 | 1.4s
  에폭 1133/1500 | 손실: 0.2320 | 학습: 96.4% | 검증: 87.9% | lr: 3.13e-05 | 1.3s
  에폭 1134/1500 | 손실: 0.2297 | 학습: 96.3% | 검증: 88.0% | lr: 3.13e-05 | 1.3s
  에폭 1135/1500 | 손실: 0.2299 | 학습: 96.3% | 검증: 87.8% | lr: 3.13e-05 | 1.3s
  에폭 1136/1500 | 손실: 0.2276 | 학습: 96.5% | 검증: 87.9% | lr: 3.13e-05 | 1.4s
  에폭 1137/1500 | 손실: 0.2288 | 학습: 96.4% | 검증: 87.7% | lr: 3.13e-05 | 1.4s
  에폭 1138/1500 | 손실: 0.2277 | 학습: 96.5% | 검증: 88.1% | lr: 3.13e-05 | 1.3s
  에폭 1139/1500 | 손실: 0.2337 | 학습: 96.4% | 검증: 87.8% | lr: 3.13e-05 | 1.5s
  에폭 1140/1500 | 손실: 0.2265 | 학습: 96.2% | 검증: 87.5% | lr: 3.13e-05 | 1.4s
  에폭 1141/1500 | 손실: 0.2312 | 학습: 96.3% | 검증: 87.9% | lr: 3.13e-05 | 1.5s
  에폭 1142/1500 | 손실: 0.2331 | 학습: 96.5% | 검증: 87.7% | lr: 3.13e-05 | 1.5s
  에폭 1143/1500 | 손실: 0.2317 | 학습: 96.3% | 검증: 87.8% | lr: 3.13e-05 | 1.4s
  에폭 1144/1500 | 손실: 0.2309 | 학습: 96.2% | 검증: 87.6% | lr: 3.13e-05 | 1.4s
  에폭 1145/1500 | 손실: 0.2367 | 학습: 96.4% | 검증: 87.7% | lr: 3.13e-05 | 1.4s
  에폭 1146/1500 | 손실: 0.2277 | 학습: 96.3% | 검증: 87.9% | lr: 3.13e-05 | 1.3s
  에폭 1147/1500 | 손실: 0.2329 | 학습: 96.5% | 검증: 87.8% | lr: 3.13e-05 | 1.4s
  에폭 1148/1500 | 손실: 0.2365 | 학습: 96.4% | 검증: 87.8% | lr: 1.56e-05 | 1.4s
  에폭 1149/1500 | 손실: 0.2301 | 학습: 96.5% | 검증: 87.9% | lr: 1.56e-05 | 1.4s
  에폭 1150/1500 | 손실: 0.2289 | 학습: 96.5% | 검증: 87.9% | lr: 1.56e-05 | 1.4s
  에폭 1151/1500 | 손실: 0.2270 | 학습: 96.3% | 검증: 87.7% | lr: 1.56e-05 | 1.5s
  에폭 1152/1500 | 손실: 0.2226 | 학습: 96.5% | 검증: 87.8% | lr: 1.56e-05 | 2.1s
  에폭 1153/1500 | 손실: 0.2336 | 학습: 96.3% | 검증: 87.8% | lr: 1.56e-05 | 1.6s
  에폭 1154/1500 | 손실: 0.2297 | 학습: 96.4% | 검증: 87.9% | lr: 1.56e-05 | 1.5s
  에폭 1155/1500 | 손실: 0.2297 | 학습: 96.3% | 검증: 88.1% | lr: 1.56e-05 | 1.4s
  에폭 1156/1500 | 손실: 0.2276 | 학습: 96.4% | 검증: 87.9% | lr: 1.56e-05 | 1.5s
  에폭 1157/1500 | 손실: 0.2281 | 학습: 96.5% | 검증: 87.9% | lr: 1.56e-05 | 1.5s
  에폭 1158/1500 | 손실: 0.2299 | 학습: 96.5% | 검증: 87.9% | lr: 1.56e-05 | 1.3s
  에폭 1159/1500 | 손실: 0.2318 | 학습: 96.4% | 검증: 87.9% | lr: 1.56e-05 | 1.5s
  에폭 1160/1500 | 손실: 0.2262 | 학습: 96.4% | 검증: 87.9% | lr: 1.56e-05 | 1.4s
  에폭 1161/1500 | 손실: 0.2335 | 학습: 96.4% | 검증: 87.6% | lr: 1.56e-05 | 1.3s
  에폭 1162/1500 | 손실: 0.2284 | 학습: 96.5% | 검증: 87.7% | lr: 1.56e-05 | 1.4s
  에폭 1163/1500 | 손실: 0.2289 | 학습: 96.5% | 검증: 87.9% | lr: 1.56e-05 | 1.4s
  에폭 1164/1500 | 손실: 0.2248 | 학습: 96.4% | 검증: 87.9% | lr: 1.56e-05 | 1.4s
  에폭 1165/1500 | 손실: 0.2258 | 학습: 96.4% | 검증: 88.0% | lr: 1.56e-05 | 1.4s
  에폭 1166/1500 | 손실: 0.2278 | 학습: 96.4% | 검증: 87.8% | lr: 1.56e-05 | 1.4s
  에폭 1167/1500 | 손실: 0.2312 | 학습: 96.4% | 검증: 87.8% | lr: 1.56e-05 | 1.3s
  에폭 1168/1500 | 손실: 0.2303 | 학습: 96.4% | 검증: 87.7% | lr: 1.56e-05 | 1.4s
  에폭 1169/1500 | 손실: 0.2326 | 학습: 96.5% | 검증: 88.0% | lr: 1.56e-05 | 1.4s
  에폭 1170/1500 | 손실: 0.2299 | 학습: 96.4% | 검증: 87.8% | lr: 1.56e-05 | 1.4s
  에폭 1171/1500 | 손실: 0.2207 | 학습: 96.4% | 검증: 87.7% | lr: 1.56e-05 | 1.4s
  에폭 1172/1500 | 손실: 0.2302 | 학습: 96.4% | 검증: 87.7% | lr: 1.56e-05 | 1.4s
  에폭 1173/1500 | 손실: 0.2299 | 학습: 96.5% | 검증: 87.7% | lr: 1.56e-05 | 1.2s
  에폭 1174/1500 | 손실: 0.2267 | 학습: 96.5% | 검증: 87.9% | lr: 1.56e-05 | 1.2s
  에폭 1175/1500 | 손실: 0.2326 | 학습: 96.5% | 검증: 87.7% | lr: 1.56e-05 | 1.3s
  에폭 1176/1500 | 손실: 0.2271 | 학습: 96.4% | 검증: 87.9% | lr: 1.56e-05 | 1.5s
  에폭 1177/1500 | 손실: 0.2301 | 학습: 96.4% | 검증: 87.9% | lr: 1.56e-05 | 1.5s
  에폭 1178/1500 | 손실: 0.2264 | 학습: 96.3% | 검증: 88.0% | lr: 1.56e-05 | 1.4s
  에폭 1179/1500 | 손실: 0.2333 | 학습: 96.4% | 검증: 87.6% | lr: 1.56e-05 | 1.3s
  에폭 1180/1500 | 손실: 0.2278 | 학습: 96.5% | 검증: 87.9% | lr: 1.56e-05 | 1.5s
  에폭 1181/1500 | 손실: 0.2292 | 학습: 96.5% | 검증: 87.9% | lr: 1.56e-05 | 1.5s
  에폭 1182/1500 | 손실: 0.2283 | 학습: 96.4% | 검증: 87.9% | lr: 1.56e-05 | 1.5s
  에폭 1183/1500 | 손실: 0.2222 | 학습: 96.4% | 검증: 87.5% | lr: 1.56e-05 | 1.5s
  에폭 1184/1500 | 손실: 0.2288 | 학습: 96.5% | 검증: 87.9% | lr: 1.56e-05 | 1.5s
  에폭 1185/1500 | 손실: 0.2272 | 학습: 96.3% | 검증: 87.8% | lr: 1.56e-05 | 1.5s
  에폭 1186/1500 | 손실: 0.2267 | 학습: 96.4% | 검증: 88.0% | lr: 1.56e-05 | 1.3s
  에폭 1187/1500 | 손실: 0.2324 | 학습: 96.2% | 검증: 87.9% | lr: 1.56e-05 | 1.4s
  에폭 1188/1500 | 손실: 0.2212 | 학습: 96.4% | 검증: 87.7% | lr: 1.56e-05 | 1.4s
  에폭 1189/1500 | 손실: 0.2320 | 학습: 96.5% | 검증: 87.9% | lr: 1.56e-05 | 1.5s
  에폭 1190/1500 | 손실: 0.2248 | 학습: 96.4% | 검증: 87.5% | lr: 1.56e-05 | 1.5s
  에폭 1191/1500 | 손실: 0.2272 | 학습: 96.4% | 검증: 88.0% | lr: 1.56e-05 | 1.5s
  에폭 1192/1500 | 손실: 0.2282 | 학습: 96.4% | 검증: 87.8% | lr: 1.56e-05 | 1.3s
  에폭 1193/1500 | 손실: 0.2287 | 학습: 96.4% | 검증: 87.9% | lr: 1.56e-05 | 1.5s
  에폭 1194/1500 | 손실: 0.2286 | 학습: 96.4% | 검증: 87.7% | lr: 1.56e-05 | 1.4s
  에폭 1195/1500 | 손실: 0.2320 | 학습: 96.3% | 검증: 87.8% | lr: 1.56e-05 | 1.3s
  에폭 1196/1500 | 손실: 0.2320 | 학습: 96.4% | 검증: 87.7% | lr: 1.56e-05 | 1.2s
  에폭 1197/1500 | 손실: 0.2265 | 학습: 96.4% | 검증: 87.6% | lr: 1.56e-05 | 1.2s
  에폭 1198/1500 | 손실: 0.2330 | 학습: 96.5% | 검증: 88.0% | lr: 1.56e-05 | 1.3s
  에폭 1199/1500 | 손실: 0.2275 | 학습: 96.4% | 검증: 87.3% | lr: 1.56e-05 | 1.4s
  에폭 1200/1500 | 손실: 0.2346 | 학습: 96.4% | 검증: 87.8% | lr: 1.56e-05 | 1.5s
  에폭 1201/1500 | 손실: 0.2236 | 학습: 96.5% | 검증: 87.8% | lr: 1.56e-05 | 1.4s
  에폭 1202/1500 | 손실: 0.2264 | 학습: 96.4% | 검증: 87.7% | lr: 1.56e-05 | 1.6s
  에폭 1203/1500 | 손실: 0.2260 | 학습: 96.5% | 검증: 87.8% | lr: 1.56e-05 | 0.4s
  에폭 1204/1500 | 손실: 0.2293 | 학습: 96.2% | 검증: 87.5% | lr: 1.56e-05 | 0.3s
  에폭 1205/1500 | 손실: 0.2316 | 학습: 96.4% | 검증: 88.0% | lr: 1.56e-05 | 0.4s
  에폭 1206/1500 | 손실: 0.2295 | 학습: 96.4% | 검증: 87.7% | lr: 1.56e-05 | 0.3s
  에폭 1207/1500 | 손실: 0.2313 | 학습: 96.5% | 검증: 87.7% | lr: 1.56e-05 | 0.3s
  에폭 1208/1500 | 손실: 0.2328 | 학습: 96.5% | 검증: 87.9% | lr: 1.56e-05 | 0.3s
  에폭 1209/1500 | 손실: 0.2267 | 학습: 96.4% | 검증: 87.9% | lr: 1.56e-05 | 0.3s
  에폭 1210/1500 | 손실: 0.2290 | 학습: 96.5% | 검증: 87.5% | lr: 1.56e-05 | 0.3s
  에폭 1211/1500 | 손실: 0.2258 | 학습: 96.4% | 검증: 88.0% | lr: 1.56e-05 | 0.3s
  에폭 1212/1500 | 손실: 0.2307 | 학습: 96.4% | 검증: 87.6% | lr: 1.56e-05 | 0.3s
  에폭 1213/1500 | 손실: 0.2275 | 학습: 96.3% | 검증: 87.9% | lr: 1.56e-05 | 0.3s
  에폭 1214/1500 | 손실: 0.2279 | 학습: 96.4% | 검증: 87.7% | lr: 1.56e-05 | 0.3s
  에폭 1215/1500 | 손실: 0.2238 | 학습: 96.4% | 검증: 88.0% | lr: 1.56e-05 | 0.3s
  에폭 1216/1500 | 손실: 0.2292 | 학습: 96.5% | 검증: 88.0% | lr: 1.56e-05 | 0.3s
  에폭 1217/1500 | 손실: 0.2335 | 학습: 96.4% | 검증: 87.7% | lr: 1.56e-05 | 0.4s
  에폭 1218/1500 | 손실: 0.2380 | 학습: 96.4% | 검증: 87.8% | lr: 1.56e-05 | 0.4s
  에폭 1219/1500 | 손실: 0.2277 | 학습: 96.4% | 검증: 87.7% | lr: 1.56e-05 | 0.3s
  에폭 1220/1500 | 손실: 0.2265 | 학습: 96.4% | 검증: 87.6% | lr: 1.56e-05 | 0.3s
  에폭 1221/1500 | 손실: 0.2341 | 학습: 96.5% | 검증: 87.8% | lr: 1.56e-05 | 0.3s
  에폭 1222/1500 | 손실: 0.2305 | 학습: 96.4% | 검증: 87.7% | lr: 7.81e-06 | 0.3s
  에폭 1223/1500 | 손실: 0.2285 | 학습: 96.4% | 검증: 88.0% | lr: 7.81e-06 | 0.3s
  에폭 1224/1500 | 손실: 0.2278 | 학습: 96.4% | 검증: 87.7% | lr: 7.81e-06 | 0.3s
  에폭 1225/1500 | 손실: 0.2294 | 학습: 96.3% | 검증: 87.6% | lr: 7.81e-06 | 0.3s
  에폭 1226/1500 | 손실: 0.2356 | 학습: 96.4% | 검증: 87.8% | lr: 7.81e-06 | 0.3s
  에폭 1227/1500 | 손실: 0.2297 | 학습: 96.5% | 검증: 87.7% | lr: 7.81e-06 | 0.3s
  에폭 1228/1500 | 손실: 0.2255 | 학습: 96.3% | 검증: 87.6% | lr: 7.81e-06 | 0.4s
  에폭 1229/1500 | 손실: 0.2298 | 학습: 96.5% | 검증: 87.7% | lr: 7.81e-06 | 0.4s
  에폭 1230/1500 | 손실: 0.2279 | 학습: 96.5% | 검증: 87.8% | lr: 7.81e-06 | 0.4s
  에폭 1231/1500 | 손실: 0.2316 | 학습: 96.2% | 검증: 87.3% | lr: 7.81e-06 | 0.3s
  에폭 1232/1500 | 손실: 0.2320 | 학습: 96.4% | 검증: 88.0% | lr: 7.81e-06 | 0.3s
  에폭 1233/1500 | 손실: 0.2346 | 학습: 96.6% | 검증: 87.7% | lr: 7.81e-06 | 0.4s
  에폭 1234/1500 | 손실: 0.2346 | 학습: 96.3% | 검증: 88.0% | lr: 7.81e-06 | 0.3s
  에폭 1235/1500 | 손실: 0.2258 | 학습: 96.3% | 검증: 87.8% | lr: 7.81e-06 | 0.3s
  에폭 1236/1500 | 손실: 0.2249 | 학습: 96.5% | 검증: 88.0% | lr: 7.81e-06 | 0.3s
  에폭 1237/1500 | 손실: 0.2323 | 학습: 96.3% | 검증: 87.7% | lr: 7.81e-06 | 0.3s
  에폭 1238/1500 | 손실: 0.2300 | 학습: 96.5% | 검증: 87.9% | lr: 7.81e-06 | 0.3s
  에폭 1239/1500 | 손실: 0.2247 | 학습: 96.5% | 검증: 87.8% | lr: 7.81e-06 | 0.3s
  에폭 1240/1500 | 손실: 0.2301 | 학습: 96.5% | 검증: 87.8% | lr: 7.81e-06 | 0.3s
  에폭 1241/1500 | 손실: 0.2305 | 학습: 96.4% | 검증: 87.7% | lr: 7.81e-06 | 0.3s
  에폭 1242/1500 | 손실: 0.2300 | 학습: 96.5% | 검증: 87.9% | lr: 7.81e-06 | 0.3s
  에폭 1243/1500 | 손실: 0.2271 | 학습: 96.4% | 검증: 87.6% | lr: 7.81e-06 | 0.3s
  에폭 1244/1500 | 손실: 0.2241 | 학습: 96.4% | 검증: 87.5% | lr: 7.81e-06 | 0.3s
  에폭 1245/1500 | 손실: 0.2302 | 학습: 96.4% | 검증: 87.7% | lr: 7.81e-06 | 0.3s
  에폭 1246/1500 | 손실: 0.2271 | 학습: 96.4% | 검증: 87.9% | lr: 7.81e-06 | 0.3s
  에폭 1247/1500 | 손실: 0.2293 | 학습: 96.4% | 검증: 87.8% | lr: 7.81e-06 | 0.3s
  에폭 1248/1500 | 손실: 0.2300 | 학습: 96.3% | 검증: 87.7% | lr: 7.81e-06 | 0.3s
  에폭 1249/1500 | 손실: 0.2356 | 학습: 96.4% | 검증: 87.7% | lr: 7.81e-06 | 0.3s
  에폭 1250/1500 | 손실: 0.2317 | 학습: 96.4% | 검증: 87.7% | lr: 7.81e-06 | 0.3s
  에폭 1251/1500 | 손실: 0.2286 | 학습: 96.5% | 검증: 87.8% | lr: 7.81e-06 | 0.3s
  에폭 1252/1500 | 손실: 0.2254 | 학습: 96.5% | 검증: 88.1% | lr: 7.81e-06 | 0.3s
  에폭 1253/1500 | 손실: 0.2290 | 학습: 96.4% | 검증: 87.9% | lr: 7.81e-06 | 0.3s
  에폭 1254/1500 | 손실: 0.2237 | 학습: 96.5% | 검증: 87.9% | lr: 7.81e-06 | 0.3s
  에폭 1255/1500 | 손실: 0.2313 | 학습: 96.4% | 검증: 87.8% | lr: 7.81e-06 | 0.3s
  에폭 1256/1500 | 손실: 0.2293 | 학습: 96.4% | 검증: 87.8% | lr: 7.81e-06 | 0.3s
  에폭 1257/1500 | 손실: 0.2296 | 학습: 96.4% | 검증: 88.0% | lr: 7.81e-06 | 0.3s
  에폭 1258/1500 | 손실: 0.2311 | 학습: 96.4% | 검증: 87.7% | lr: 7.81e-06 | 0.3s
  에폭 1259/1500 | 손실: 0.2265 | 학습: 96.4% | 검증: 87.9% | lr: 7.81e-06 | 0.3s
  에폭 1260/1500 | 손실: 0.2222 | 학습: 96.3% | 검증: 87.9% | lr: 7.81e-06 | 0.3s
  에폭 1261/1500 | 손실: 0.2291 | 학습: 96.4% | 검증: 87.6% | lr: 7.81e-06 | 0.3s
  에폭 1262/1500 | 손실: 0.2335 | 학습: 96.5% | 검증: 87.7% | lr: 7.81e-06 | 0.3s
  에폭 1263/1500 | 손실: 0.2320 | 학습: 96.4% | 검증: 87.8% | lr: 7.81e-06 | 0.3s
  에폭 1264/1500 | 손실: 0.2313 | 학습: 96.4% | 검증: 87.6% | lr: 7.81e-06 | 0.3s
  에폭 1265/1500 | 손실: 0.2277 | 학습: 96.4% | 검증: 87.8% | lr: 7.81e-06 | 0.3s
  에폭 1266/1500 | 손실: 0.2291 | 학습: 96.2% | 검증: 87.8% | lr: 7.81e-06 | 0.3s
  에폭 1267/1500 | 손실: 0.2249 | 학습: 96.4% | 검증: 87.7% | lr: 7.81e-06 | 0.3s
  에폭 1268/1500 | 손실: 0.2309 | 학습: 96.5% | 검증: 87.7% | lr: 7.81e-06 | 0.3s
  에폭 1269/1500 | 손실: 0.2314 | 학습: 96.4% | 검증: 87.9% | lr: 7.81e-06 | 0.3s
  에폭 1270/1500 | 손실: 0.2301 | 학습: 96.4% | 검증: 87.7% | lr: 7.81e-06 | 0.3s
  에폭 1271/1500 | 손실: 0.2276 | 학습: 96.5% | 검증: 87.5% | lr: 7.81e-06 | 0.3s
  에폭 1272/1500 | 손실: 0.2259 | 학습: 96.4% | 검증: 87.8% | lr: 7.81e-06 | 0.4s
  에폭 1273/1500 | 손실: 0.2288 | 학습: 96.5% | 검증: 87.9% | lr: 3.91e-06 | 0.3s
  에폭 1274/1500 | 손실: 0.2262 | 학습: 96.4% | 검증: 87.9% | lr: 3.91e-06 | 0.3s
  에폭 1275/1500 | 손실: 0.2340 | 학습: 96.4% | 검증: 87.7% | lr: 3.91e-06 | 0.3s
  에폭 1276/1500 | 손실: 0.2288 | 학습: 96.4% | 검증: 87.8% | lr: 3.91e-06 | 0.3s
  에폭 1277/1500 | 손실: 0.2296 | 학습: 96.4% | 검증: 87.7% | lr: 3.91e-06 | 0.3s
  에폭 1278/1500 | 손실: 0.2224 | 학습: 96.4% | 검증: 87.9% | lr: 3.91e-06 | 0.3s
  에폭 1279/1500 | 손실: 0.2262 | 학습: 96.5% | 검증: 87.7% | lr: 3.91e-06 | 0.4s
  에폭 1280/1500 | 손실: 0.2300 | 학습: 96.4% | 검증: 87.6% | lr: 3.91e-06 | 0.3s
  에폭 1281/1500 | 손실: 0.2290 | 학습: 96.5% | 검증: 87.7% | lr: 3.91e-06 | 0.3s
  에폭 1282/1500 | 손실: 0.2302 | 학습: 96.5% | 검증: 87.8% | lr: 3.91e-06 | 0.3s
  에폭 1283/1500 | 손실: 0.2306 | 학습: 96.4% | 검증: 87.6% | lr: 3.91e-06 | 0.3s
  에폭 1284/1500 | 손실: 0.2299 | 학습: 96.3% | 검증: 88.1% | lr: 3.91e-06 | 0.3s
  에폭 1285/1500 | 손실: 0.2255 | 학습: 96.2% | 검증: 87.7% | lr: 3.91e-06 | 0.3s
  에폭 1286/1500 | 손실: 0.2264 | 학습: 96.4% | 검증: 87.9% | lr: 3.91e-06 | 0.3s
  에폭 1287/1500 | 손실: 0.2278 | 학습: 96.5% | 검증: 87.6% | lr: 3.91e-06 | 0.3s
  에폭 1288/1500 | 손실: 0.2277 | 학습: 96.3% | 검증: 87.8% | lr: 3.91e-06 | 0.4s
  에폭 1289/1500 | 손실: 0.2265 | 학습: 96.5% | 검증: 87.7% | lr: 3.91e-06 | 0.4s
  에폭 1290/1500 | 손실: 0.2291 | 학습: 96.4% | 검증: 87.8% | lr: 3.91e-06 | 0.4s
  에폭 1291/1500 | 손실: 0.2293 | 학습: 96.4% | 검증: 87.7% | lr: 3.91e-06 | 0.3s
  에폭 1292/1500 | 손실: 0.2312 | 학습: 96.5% | 검증: 87.9% | lr: 3.91e-06 | 0.3s
  에폭 1293/1500 | 손실: 0.2266 | 학습: 96.5% | 검증: 88.1% | lr: 3.91e-06 | 0.3s
  에폭 1294/1500 | 손실: 0.2274 | 학습: 96.4% | 검증: 87.7% | lr: 3.91e-06 | 0.3s
  에폭 1295/1500 | 손실: 0.2246 | 학습: 96.5% | 검증: 87.6% | lr: 3.91e-06 | 0.3s
  에폭 1296/1500 | 손실: 0.2336 | 학습: 96.5% | 검증: 87.9% | lr: 3.91e-06 | 0.3s
  에폭 1297/1500 | 손실: 0.2284 | 학습: 96.5% | 검증: 87.6% | lr: 3.91e-06 | 0.3s
  에폭 1298/1500 | 손실: 0.2295 | 학습: 96.3% | 검증: 87.8% | lr: 3.91e-06 | 0.3s
  에폭 1299/1500 | 손실: 0.2260 | 학습: 96.5% | 검증: 87.7% | lr: 3.91e-06 | 0.3s
  에폭 1300/1500 | 손실: 0.2318 | 학습: 96.4% | 검증: 87.8% | lr: 3.91e-06 | 0.3s
  에폭 1301/1500 | 손실: 0.2331 | 학습: 96.4% | 검증: 87.7% | lr: 3.91e-06 | 0.3s
  에폭 1302/1500 | 손실: 0.2275 | 학습: 96.4% | 검증: 87.7% | lr: 3.91e-06 | 0.3s
  에폭 1303/1500 | 손실: 0.2288 | 학습: 96.5% | 검증: 87.8% | lr: 3.91e-06 | 0.3s
  에폭 1304/1500 | 손실: 0.2317 | 학습: 96.5% | 검증: 87.5% | lr: 3.91e-06 | 0.3s
  에폭 1305/1500 | 손실: 0.2336 | 학습: 96.3% | 검증: 87.7% | lr: 3.91e-06 | 0.3s
  에폭 1306/1500 | 손실: 0.2269 | 학습: 96.4% | 검증: 88.0% | lr: 3.91e-06 | 0.3s
  에폭 1307/1500 | 손실: 0.2307 | 학습: 96.4% | 검증: 87.9% | lr: 3.91e-06 | 0.4s
  에폭 1308/1500 | 손실: 0.2262 | 학습: 96.5% | 검증: 87.8% | lr: 3.91e-06 | 0.3s
  에폭 1309/1500 | 손실: 0.2259 | 학습: 96.5% | 검증: 87.8% | lr: 3.91e-06 | 0.3s
  에폭 1310/1500 | 손실: 0.2315 | 학습: 96.4% | 검증: 88.0% | lr: 3.91e-06 | 0.3s
  에폭 1311/1500 | 손실: 0.2256 | 학습: 96.4% | 검증: 87.7% | lr: 3.91e-06 | 0.3s
  에폭 1312/1500 | 손실: 0.2295 | 학습: 96.4% | 검증: 87.7% | lr: 3.91e-06 | 0.3s
  에폭 1313/1500 | 손실: 0.2321 | 학습: 96.4% | 검증: 87.8% | lr: 3.91e-06 | 0.3s
  에폭 1314/1500 | 손실: 0.2285 | 학습: 96.5% | 검증: 87.6% | lr: 3.91e-06 | 0.3s
  에폭 1315/1500 | 손실: 0.2291 | 학습: 96.5% | 검증: 87.8% | lr: 3.91e-06 | 0.3s
  에폭 1316/1500 | 손실: 0.2211 | 학습: 96.4% | 검증: 87.6% | lr: 3.91e-06 | 0.3s
  에폭 1317/1500 | 손실: 0.2310 | 학습: 96.4% | 검증: 87.5% | lr: 3.91e-06 | 0.3s
  에폭 1318/1500 | 손실: 0.2297 | 학습: 96.4% | 검증: 87.5% | lr: 3.91e-06 | 0.3s
  에폭 1319/1500 | 손실: 0.2367 | 학습: 96.3% | 검증: 87.9% | lr: 3.91e-06 | 0.3s
  에폭 1320/1500 | 손실: 0.2338 | 학습: 96.5% | 검증: 87.8% | lr: 3.91e-06 | 0.3s
  에폭 1321/1500 | 손실: 0.2219 | 학습: 96.5% | 검증: 87.7% | lr: 3.91e-06 | 0.3s
  에폭 1322/1500 | 손실: 0.2316 | 학습: 96.5% | 검증: 87.7% | lr: 3.91e-06 | 0.3s
  에폭 1323/1500 | 손실: 0.2330 | 학습: 96.4% | 검증: 87.8% | lr: 3.91e-06 | 0.3s
  에폭 1324/1500 | 손실: 0.2281 | 학습: 96.4% | 검증: 87.9% | lr: 1.95e-06 | 0.3s
  에폭 1325/1500 | 손실: 0.2230 | 학습: 96.5% | 검증: 87.7% | lr: 1.95e-06 | 0.3s
  에폭 1326/1500 | 손실: 0.2293 | 학습: 96.5% | 검증: 87.6% | lr: 1.95e-06 | 0.3s
  에폭 1327/1500 | 손실: 0.2275 | 학습: 96.4% | 검증: 87.9% | lr: 1.95e-06 | 0.3s
  에폭 1328/1500 | 손실: 0.2295 | 학습: 96.4% | 검증: 87.9% | lr: 1.95e-06 | 0.3s
  에폭 1329/1500 | 손실: 0.2308 | 학습: 96.4% | 검증: 87.6% | lr: 1.95e-06 | 0.3s
  에폭 1330/1500 | 손실: 0.2315 | 학습: 96.4% | 검증: 88.1% | lr: 1.95e-06 | 0.3s
  에폭 1331/1500 | 손실: 0.2260 | 학습: 96.3% | 검증: 87.6% | lr: 1.95e-06 | 0.3s
  에폭 1332/1500 | 손실: 0.2303 | 학습: 96.2% | 검증: 87.8% | lr: 1.95e-06 | 0.3s
  에폭 1333/1500 | 손실: 0.2270 | 학습: 96.3% | 검증: 87.7% | lr: 1.95e-06 | 0.3s
  에폭 1334/1500 | 손실: 0.2238 | 학습: 96.5% | 검증: 88.2% | lr: 1.95e-06 | 0.3s ★
  에폭 1335/1500 | 손실: 0.2253 | 학습: 96.4% | 검증: 87.6% | lr: 1.95e-06 | 0.4s
  에폭 1336/1500 | 손실: 0.2315 | 학습: 96.3% | 검증: 87.7% | lr: 1.95e-06 | 0.4s
  에폭 1337/1500 | 손실: 0.2296 | 학습: 96.4% | 검증: 88.0% | lr: 1.95e-06 | 0.3s
  에폭 1338/1500 | 손실: 0.2328 | 학습: 96.2% | 검증: 87.4% | lr: 1.95e-06 | 0.3s
  에폭 1339/1500 | 손실: 0.2274 | 학습: 96.5% | 검증: 87.9% | lr: 1.95e-06 | 0.3s
  에폭 1340/1500 | 손실: 0.2314 | 학습: 96.4% | 검증: 87.5% | lr: 1.95e-06 | 0.3s
  에폭 1341/1500 | 손실: 0.2279 | 학습: 96.4% | 검증: 88.1% | lr: 1.95e-06 | 0.3s
  에폭 1342/1500 | 손실: 0.2232 | 학습: 96.5% | 검증: 88.0% | lr: 1.95e-06 | 0.3s
  에폭 1343/1500 | 손실: 0.2249 | 학습: 96.4% | 검증: 87.8% | lr: 1.95e-06 | 0.4s
  에폭 1344/1500 | 손실: 0.2300 | 학습: 96.4% | 검증: 88.0% | lr: 1.95e-06 | 0.3s
  에폭 1345/1500 | 손실: 0.2242 | 학습: 96.5% | 검증: 87.8% | lr: 1.95e-06 | 0.3s
  에폭 1346/1500 | 손실: 0.2321 | 학습: 96.4% | 검증: 88.0% | lr: 1.95e-06 | 0.3s
  에폭 1347/1500 | 손실: 0.2308 | 학습: 96.4% | 검증: 87.7% | lr: 1.95e-06 | 0.3s
  에폭 1348/1500 | 손실: 0.2258 | 학습: 96.5% | 검증: 87.8% | lr: 1.95e-06 | 0.3s
  에폭 1349/1500 | 손실: 0.2326 | 학습: 96.5% | 검증: 87.9% | lr: 1.95e-06 | 0.3s
  에폭 1350/1500 | 손실: 0.2235 | 학습: 96.5% | 검증: 87.9% | lr: 1.95e-06 | 0.3s
  에폭 1351/1500 | 손실: 0.2298 | 학습: 96.5% | 검증: 87.5% | lr: 1.95e-06 | 0.3s
  에폭 1352/1500 | 손실: 0.2221 | 학습: 96.5% | 검증: 87.9% | lr: 1.95e-06 | 0.3s
  에폭 1353/1500 | 손실: 0.2273 | 학습: 96.4% | 검증: 87.7% | lr: 1.95e-06 | 0.3s
  에폭 1354/1500 | 손실: 0.2287 | 학습: 96.5% | 검증: 87.9% | lr: 1.95e-06 | 0.3s
  에폭 1355/1500 | 손실: 0.2237 | 학습: 96.3% | 검증: 87.9% | lr: 1.95e-06 | 0.3s
  에폭 1356/1500 | 손실: 0.2293 | 학습: 96.4% | 검증: 87.5% | lr: 1.95e-06 | 0.3s
  에폭 1357/1500 | 손실: 0.2340 | 학습: 96.3% | 검증: 87.7% | lr: 1.95e-06 | 0.3s
  에폭 1358/1500 | 손실: 0.2303 | 학습: 96.4% | 검증: 87.9% | lr: 1.95e-06 | 0.3s
  에폭 1359/1500 | 손실: 0.2284 | 학습: 96.4% | 검증: 87.7% | lr: 1.95e-06 | 0.3s
  에폭 1360/1500 | 손실: 0.2292 | 학습: 96.4% | 검증: 87.8% | lr: 1.95e-06 | 0.3s
  에폭 1361/1500 | 손실: 0.2327 | 학습: 96.4% | 검증: 87.7% | lr: 1.95e-06 | 0.3s
  에폭 1362/1500 | 손실: 0.2300 | 학습: 96.6% | 검증: 87.6% | lr: 1.95e-06 | 0.3s
  에폭 1363/1500 | 손실: 0.2311 | 학습: 96.2% | 검증: 87.4% | lr: 1.95e-06 | 0.3s
  에폭 1364/1500 | 손실: 0.2289 | 학습: 96.5% | 검증: 87.9% | lr: 1.95e-06 | 0.3s
  에폭 1365/1500 | 손실: 0.2287 | 학습: 96.3% | 검증: 87.7% | lr: 1.95e-06 | 0.3s
  에폭 1366/1500 | 손실: 0.2315 | 학습: 96.3% | 검증: 87.7% | lr: 1.95e-06 | 0.3s
  에폭 1367/1500 | 손실: 0.2301 | 학습: 96.3% | 검증: 87.8% | lr: 1.95e-06 | 0.3s
  에폭 1368/1500 | 손실: 0.2269 | 학습: 96.4% | 검증: 87.6% | lr: 1.95e-06 | 0.3s
  에폭 1369/1500 | 손실: 0.2354 | 학습: 96.1% | 검증: 87.9% | lr: 1.95e-06 | 0.3s
  에폭 1370/1500 | 손실: 0.2226 | 학습: 96.5% | 검증: 88.0% | lr: 1.95e-06 | 0.3s
  에폭 1371/1500 | 손실: 0.2301 | 학습: 96.4% | 검증: 87.6% | lr: 1.95e-06 | 0.3s
  에폭 1372/1500 | 손실: 0.2334 | 학습: 96.5% | 검증: 88.0% | lr: 1.95e-06 | 0.3s
  에폭 1373/1500 | 손실: 0.2320 | 학습: 96.5% | 검증: 88.1% | lr: 1.95e-06 | 0.3s
  에폭 1374/1500 | 손실: 0.2244 | 학습: 96.5% | 검증: 87.7% | lr: 1.95e-06 | 0.3s
  에폭 1375/1500 | 손실: 0.2289 | 학습: 96.5% | 검증: 87.7% | lr: 1.00e-06 | 0.3s
  에폭 1376/1500 | 손실: 0.2309 | 학습: 96.4% | 검증: 87.6% | lr: 1.00e-06 | 0.3s
  에폭 1377/1500 | 손실: 0.2313 | 학습: 96.4% | 검증: 87.6% | lr: 1.00e-06 | 0.3s
  에폭 1378/1500 | 손실: 0.2286 | 학습: 96.4% | 검증: 87.7% | lr: 1.00e-06 | 0.4s
  에폭 1379/1500 | 손실: 0.2255 | 학습: 96.4% | 검증: 87.8% | lr: 1.00e-06 | 0.4s
  에폭 1380/1500 | 손실: 0.2285 | 학습: 96.4% | 검증: 87.7% | lr: 1.00e-06 | 0.3s
  에폭 1381/1500 | 손실: 0.2303 | 학습: 96.3% | 검증: 87.8% | lr: 1.00e-06 | 0.4s
  에폭 1382/1500 | 손실: 0.2289 | 학습: 96.4% | 검증: 87.7% | lr: 1.00e-06 | 0.4s
  에폭 1383/1500 | 손실: 0.2305 | 학습: 96.5% | 검증: 87.8% | lr: 1.00e-06 | 0.3s
  에폭 1384/1500 | 손실: 0.2313 | 학습: 96.4% | 검증: 88.0% | lr: 1.00e-06 | 0.3s
  에폭 1385/1500 | 손실: 0.2299 | 학습: 96.4% | 검증: 87.8% | lr: 1.00e-06 | 0.3s
  에폭 1386/1500 | 손실: 0.2249 | 학습: 96.4% | 검증: 87.8% | lr: 1.00e-06 | 0.3s
  에폭 1387/1500 | 손실: 0.2306 | 학습: 96.5% | 검증: 87.7% | lr: 1.00e-06 | 0.3s
  에폭 1388/1500 | 손실: 0.2287 | 학습: 96.5% | 검증: 88.1% | lr: 1.00e-06 | 0.3s
  에폭 1389/1500 | 손실: 0.2302 | 학습: 96.4% | 검증: 87.9% | lr: 1.00e-06 | 0.3s
  에폭 1390/1500 | 손실: 0.2285 | 학습: 96.4% | 검증: 87.6% | lr: 1.00e-06 | 0.3s
  에폭 1391/1500 | 손실: 0.2314 | 학습: 96.5% | 검증: 88.1% | lr: 1.00e-06 | 0.3s
  에폭 1392/1500 | 손실: 0.2323 | 학습: 96.5% | 검증: 87.7% | lr: 1.00e-06 | 0.3s
  에폭 1393/1500 | 손실: 0.2251 | 학습: 96.4% | 검증: 87.7% | lr: 1.00e-06 | 0.4s
  에폭 1394/1500 | 손실: 0.2278 | 학습: 96.5% | 검증: 87.9% | lr: 1.00e-06 | 0.4s
  에폭 1395/1500 | 손실: 0.2296 | 학습: 96.3% | 검증: 88.0% | lr: 1.00e-06 | 0.3s
  에폭 1396/1500 | 손실: 0.2286 | 학습: 96.4% | 검증: 87.8% | lr: 1.00e-06 | 0.3s
  에폭 1397/1500 | 손실: 0.2284 | 학습: 96.4% | 검증: 87.8% | lr: 1.00e-06 | 0.4s
  에폭 1398/1500 | 손실: 0.2265 | 학습: 96.4% | 검증: 87.7% | lr: 1.00e-06 | 0.4s
  에폭 1399/1500 | 손실: 0.2295 | 학습: 96.4% | 검증: 87.6% | lr: 1.00e-06 | 0.4s
  에폭 1400/1500 | 손실: 0.2268 | 학습: 96.5% | 검증: 88.0% | lr: 1.00e-06 | 0.3s
  에폭 1401/1500 | 손실: 0.2287 | 학습: 96.4% | 검증: 87.9% | lr: 1.00e-06 | 0.3s
  에폭 1402/1500 | 손실: 0.2271 | 학습: 96.4% | 검증: 87.8% | lr: 1.00e-06 | 0.4s
  에폭 1403/1500 | 손실: 0.2271 | 학습: 96.5% | 검증: 87.9% | lr: 1.00e-06 | 0.4s
  에폭 1404/1500 | 손실: 0.2340 | 학습: 96.4% | 검증: 88.0% | lr: 1.00e-06 | 0.3s
  에폭 1405/1500 | 손실: 0.2313 | 학습: 96.4% | 검증: 87.7% | lr: 1.00e-06 | 0.4s
  에폭 1406/1500 | 손실: 0.2230 | 학습: 96.5% | 검증: 87.7% | lr: 1.00e-06 | 0.3s
  에폭 1407/1500 | 손실: 0.2242 | 학습: 96.4% | 검증: 87.8% | lr: 1.00e-06 | 0.4s
  에폭 1408/1500 | 손실: 0.2287 | 학습: 96.4% | 검증: 87.8% | lr: 1.00e-06 | 0.4s
  에폭 1409/1500 | 손실: 0.2324 | 학습: 96.4% | 검증: 87.6% | lr: 1.00e-06 | 0.4s
  에폭 1410/1500 | 손실: 0.2280 | 학습: 96.4% | 검증: 87.5% | lr: 1.00e-06 | 0.4s
  에폭 1411/1500 | 손실: 0.2290 | 학습: 96.4% | 검증: 87.9% | lr: 1.00e-06 | 0.4s
  에폭 1412/1500 | 손실: 0.2293 | 학습: 96.4% | 검증: 87.9% | lr: 1.00e-06 | 0.3s
  에폭 1413/1500 | 손실: 0.2326 | 학습: 96.4% | 검증: 88.0% | lr: 1.00e-06 | 0.4s
  에폭 1414/1500 | 손실: 0.2279 | 학습: 96.5% | 검증: 87.9% | lr: 1.00e-06 | 0.4s
  에폭 1415/1500 | 손실: 0.2311 | 학습: 96.3% | 검증: 87.7% | lr: 1.00e-06 | 0.4s
  에폭 1416/1500 | 손실: 0.2268 | 학습: 96.5% | 검증: 87.7% | lr: 1.00e-06 | 0.3s
  에폭 1417/1500 | 손실: 0.2267 | 학습: 96.5% | 검증: 87.7% | lr: 1.00e-06 | 0.4s
  에폭 1418/1500 | 손실: 0.2323 | 학습: 96.4% | 검증: 87.7% | lr: 1.00e-06 | 0.3s
  에폭 1419/1500 | 손실: 0.2209 | 학습: 96.4% | 검증: 87.8% | lr: 1.00e-06 | 0.4s
  에폭 1420/1500 | 손실: 0.2261 | 학습: 96.5% | 검증: 87.8% | lr: 1.00e-06 | 0.4s
  에폭 1421/1500 | 손실: 0.2291 | 학습: 96.4% | 검증: 87.9% | lr: 1.00e-06 | 0.4s
  에폭 1422/1500 | 손실: 0.2284 | 학습: 96.3% | 검증: 87.6% | lr: 1.00e-06 | 0.4s
  에폭 1423/1500 | 손실: 0.2266 | 학습: 96.5% | 검증: 87.9% | lr: 1.00e-06 | 0.3s
  에폭 1424/1500 | 손실: 0.2299 | 학습: 96.5% | 검증: 87.8% | lr: 1.00e-06 | 0.3s
  에폭 1425/1500 | 손실: 0.2351 | 학습: 96.4% | 검증: 87.9% | lr: 1.00e-06 | 0.3s
  에폭 1426/1500 | 손실: 0.2244 | 학습: 96.4% | 검증: 88.1% | lr: 1.00e-06 | 0.4s
  에폭 1427/1500 | 손실: 0.2317 | 학습: 96.4% | 검증: 87.7% | lr: 1.00e-06 | 0.3s
  에폭 1428/1500 | 손실: 0.2248 | 학습: 96.3% | 검증: 87.6% | lr: 1.00e-06 | 0.3s
  에폭 1429/1500 | 손실: 0.2256 | 학습: 96.4% | 검증: 87.6% | lr: 1.00e-06 | 0.3s
  에폭 1430/1500 | 손실: 0.2283 | 학습: 96.4% | 검증: 87.8% | lr: 1.00e-06 | 0.3s
  에폭 1431/1500 | 손실: 0.2283 | 학습: 96.5% | 검증: 88.0% | lr: 1.00e-06 | 0.3s
  에폭 1432/1500 | 손실: 0.2323 | 학습: 96.4% | 검증: 87.9% | lr: 1.00e-06 | 0.3s
  에폭 1433/1500 | 손실: 0.2297 | 학습: 96.5% | 검증: 88.1% | lr: 1.00e-06 | 0.3s
  에폭 1434/1500 | 손실: 0.2291 | 학습: 96.3% | 검증: 87.8% | lr: 1.00e-06 | 0.3s
  에폭 1435/1500 | 손실: 0.2234 | 학습: 96.4% | 검증: 87.9% | lr: 1.00e-06 | 0.3s
  에폭 1436/1500 | 손실: 0.2258 | 학습: 96.3% | 검증: 88.1% | lr: 1.00e-06 | 0.3s
  에폭 1437/1500 | 손실: 0.2313 | 학습: 96.5% | 검증: 87.7% | lr: 1.00e-06 | 0.3s
  에폭 1438/1500 | 손실: 0.2292 | 학습: 96.5% | 검증: 88.0% | lr: 1.00e-06 | 0.3s
  에폭 1439/1500 | 손실: 0.2319 | 학습: 96.5% | 검증: 87.6% | lr: 1.00e-06 | 0.3s
  에폭 1440/1500 | 손실: 0.2319 | 학습: 96.5% | 검증: 87.6% | lr: 1.00e-06 | 0.3s
  에폭 1441/1500 | 손실: 0.2231 | 학습: 96.4% | 검증: 87.8% | lr: 1.00e-06 | 0.3s
  에폭 1442/1500 | 손실: 0.2288 | 학습: 96.4% | 검증: 87.5% | lr: 1.00e-06 | 0.3s
  에폭 1443/1500 | 손실: 0.2287 | 학습: 96.4% | 검증: 87.9% | lr: 1.00e-06 | 0.3s
  에폭 1444/1500 | 손실: 0.2290 | 학습: 96.6% | 검증: 87.8% | lr: 1.00e-06 | 0.3s
  에폭 1445/1500 | 손실: 0.2252 | 학습: 96.4% | 검증: 87.8% | lr: 1.00e-06 | 0.3s
  에폭 1446/1500 | 손실: 0.2300 | 학습: 96.4% | 검증: 87.8% | lr: 1.00e-06 | 0.3s
  에폭 1447/1500 | 손실: 0.2290 | 학습: 96.6% | 검증: 87.8% | lr: 1.00e-06 | 0.3s
  에폭 1448/1500 | 손실: 0.2301 | 학습: 96.5% | 검증: 87.5% | lr: 1.00e-06 | 0.3s
  에폭 1449/1500 | 손실: 0.2281 | 학습: 96.4% | 검증: 87.6% | lr: 1.00e-06 | 0.3s
  에폭 1450/1500 | 손실: 0.2346 | 학습: 96.5% | 검증: 87.8% | lr: 1.00e-06 | 0.4s
  에폭 1451/1500 | 손실: 0.2313 | 학습: 96.4% | 검증: 87.8% | lr: 1.00e-06 | 0.3s
  에폭 1452/1500 | 손실: 0.2284 | 학습: 96.4% | 검증: 87.8% | lr: 1.00e-06 | 0.3s
  에폭 1453/1500 | 손실: 0.2308 | 학습: 96.3% | 검증: 87.8% | lr: 1.00e-06 | 0.3s
  에폭 1454/1500 | 손실: 0.2289 | 학습: 96.5% | 검증: 88.2% | lr: 1.00e-06 | 0.3s
  에폭 1455/1500 | 손실: 0.2214 | 학습: 96.4% | 검증: 87.5% | lr: 1.00e-06 | 0.3s
  에폭 1456/1500 | 손실: 0.2251 | 학습: 96.4% | 검증: 87.6% | lr: 1.00e-06 | 0.3s
  에폭 1457/1500 | 손실: 0.2259 | 학습: 96.4% | 검증: 87.8% | lr: 1.00e-06 | 0.3s
  에폭 1458/1500 | 손실: 0.2274 | 학습: 96.3% | 검증: 87.7% | lr: 1.00e-06 | 0.3s
  에폭 1459/1500 | 손실: 0.2258 | 학습: 96.6% | 검증: 87.7% | lr: 1.00e-06 | 0.3s
  에폭 1460/1500 | 손실: 0.2271 | 학습: 96.4% | 검증: 87.8% | lr: 1.00e-06 | 0.3s
  에폭 1461/1500 | 손실: 0.2249 | 학습: 96.3% | 검증: 87.6% | lr: 1.00e-06 | 0.3s
  에폭 1462/1500 | 손실: 0.2242 | 학습: 96.4% | 검증: 87.9% | lr: 1.00e-06 | 0.3s
  에폭 1463/1500 | 손실: 0.2346 | 학습: 96.5% | 검증: 87.8% | lr: 1.00e-06 | 0.3s
  에폭 1464/1500 | 손실: 0.2328 | 학습: 96.3% | 검증: 87.5% | lr: 1.00e-06 | 0.3s
  에폭 1465/1500 | 손실: 0.2296 | 학습: 96.3% | 검증: 88.0% | lr: 1.00e-06 | 0.3s
  에폭 1466/1500 | 손실: 0.2295 | 학습: 96.6% | 검증: 88.0% | lr: 1.00e-06 | 0.4s
  에폭 1467/1500 | 손실: 0.2293 | 학습: 96.5% | 검증: 88.0% | lr: 1.00e-06 | 0.3s
  에폭 1468/1500 | 손실: 0.2297 | 학습: 96.3% | 검증: 87.4% | lr: 1.00e-06 | 0.3s
  에폭 1469/1500 | 손실: 0.2288 | 학습: 96.3% | 검증: 87.6% | lr: 1.00e-06 | 0.3s
  에폭 1470/1500 | 손실: 0.2305 | 학습: 96.3% | 검증: 87.7% | lr: 1.00e-06 | 0.3s
  에폭 1471/1500 | 손실: 0.2297 | 학습: 96.4% | 검증: 87.7% | lr: 1.00e-06 | 0.3s
  에폭 1472/1500 | 손실: 0.2331 | 학습: 96.5% | 검증: 87.8% | lr: 1.00e-06 | 0.3s
  에폭 1473/1500 | 손실: 0.2271 | 학습: 96.4% | 검증: 87.8% | lr: 1.00e-06 | 0.3s
  에폭 1474/1500 | 손실: 0.2252 | 학습: 96.5% | 검증: 87.9% | lr: 1.00e-06 | 0.3s
  에폭 1475/1500 | 손실: 0.2273 | 학습: 96.4% | 검증: 87.8% | lr: 1.00e-06 | 0.3s
  에폭 1476/1500 | 손실: 0.2350 | 학습: 96.5% | 검증: 87.9% | lr: 1.00e-06 | 0.3s
  에폭 1477/1500 | 손실: 0.2316 | 학습: 96.5% | 검증: 87.8% | lr: 1.00e-06 | 0.3s
  에폭 1478/1500 | 손실: 0.2299 | 학습: 96.4% | 검증: 87.8% | lr: 1.00e-06 | 0.3s
  에폭 1479/1500 | 손실: 0.2385 | 학습: 96.4% | 검증: 87.8% | lr: 1.00e-06 | 0.3s
  에폭 1480/1500 | 손실: 0.2308 | 학습: 96.3% | 검증: 87.7% | lr: 1.00e-06 | 0.3s
  에폭 1481/1500 | 손실: 0.2282 | 학습: 96.5% | 검증: 87.9% | lr: 1.00e-06 | 0.3s
  에폭 1482/1500 | 손실: 0.2273 | 학습: 96.3% | 검증: 87.8% | lr: 1.00e-06 | 0.3s
  에폭 1483/1500 | 손실: 0.2261 | 학습: 96.4% | 검증: 87.8% | lr: 1.00e-06 | 0.3s
  에폭 1484/1500 | 손실: 0.2268 | 학습: 96.4% | 검증: 87.6% | lr: 1.00e-06 | 0.3s
  에폭 1485/1500 | 손실: 0.2246 | 학습: 96.3% | 검증: 87.9% | lr: 1.00e-06 | 0.3s
  에폭 1486/1500 | 손실: 0.2282 | 학습: 96.4% | 검증: 87.7% | lr: 1.00e-06 | 0.3s
  에폭 1487/1500 | 손실: 0.2314 | 학습: 96.3% | 검증: 87.8% | lr: 1.00e-06 | 0.4s
  에폭 1488/1500 | 손실: 0.2367 | 학습: 96.4% | 검증: 88.0% | lr: 1.00e-06 | 0.3s
  에폭 1489/1500 | 손실: 0.2298 | 학습: 96.4% | 검증: 87.9% | lr: 1.00e-06 | 0.3s
  에폭 1490/1500 | 손실: 0.2280 | 학습: 96.4% | 검증: 87.9% | lr: 1.00e-06 | 0.3s
  에폭 1491/1500 | 손실: 0.2272 | 학습: 96.5% | 검증: 87.8% | lr: 1.00e-06 | 0.3s
  에폭 1492/1500 | 손실: 0.2259 | 학습: 96.5% | 검증: 87.8% | lr: 1.00e-06 | 0.3s
  에폭 1493/1500 | 손실: 0.2259 | 학습: 96.5% | 검증: 87.5% | lr: 1.00e-06 | 0.3s
  에폭 1494/1500 | 손실: 0.2391 | 학습: 96.4% | 검증: 87.8% | lr: 1.00e-06 | 0.9s
  에폭 1495/1500 | 손실: 0.2281 | 학습: 96.3% | 검증: 88.0% | lr: 1.00e-06 | 1.5s
  에폭 1496/1500 | 손실: 0.2303 | 학습: 96.4% | 검증: 87.8% | lr: 1.00e-06 | 1.5s
  에폭 1497/1500 | 손실: 0.2333 | 학습: 96.6% | 검증: 87.9% | lr: 1.00e-06 | 1.5s
  에폭 1498/1500 | 손실: 0.2268 | 학습: 96.5% | 검증: 87.8% | lr: 1.00e-06 | 1.4s
  에폭 1499/1500 | 손실: 0.2274 | 학습: 96.5% | 검증: 87.7% | lr: 1.00e-06 | 1.4s
  에폭 1500/1500 | 손실: 0.2265 | 학습: 96.3% | 검증: 87.9% | lr: 1.00e-06 | 1.4s
[MLP] ✅ 학습 완료 | [128 → 64 → 32] | 최고 검증 정확도: 88.2%  (베스트 체크포인트 복원됨)
[MLP] ⏱  전체 학습 시간: 11분 24초 (684.8s)
[MLP] ── Permutation Importance (베이스라인 정확도: 88.2%) ─
   1. CENTROID                      Δacc=++0.2527  ███████████████████████████████████████████████████  (스펙트럼 무게중심)
   2. SKEWNESS                      Δacc=++0.2190  ████████████████████████████████████████████  (스펙트럼 비대칭도)
   3. SPECTRAL_ROLLOFF              Δacc=++0.2046  █████████████████████████████████████████  (스펙트럼 롤오프)
   4. SPECTRAL_BANDWIDTH            Δacc=++0.2035  █████████████████████████████████████████  (스펙트럼 대역폭)
   5. SPECTRAL_FLATNESS             Δacc=++0.2017  ████████████████████████████████████████  (스펙트럼 평탄도)
   6. HIGH_RATIO                    Δacc=++0.2015  ████████████████████████████████████████  (고주파 비율 (10Hz↑))
   7. MID_RATIO                     Δacc=++0.1916  ██████████████████████████████████████  (중주파 비율 (5~10Hz))
   8. LOW_RATIO                     Δacc=++0.1769  ███████████████████████████████████  (저주파 비율 (0~5Hz))
   9. PEAK_FREQ                     Δacc=++0.1401  ████████████████████████████  (1위 피크 주파수)
  10. PEAK_TO_AVG_E                 Δacc=++0.1327  ███████████████████████████  (피크/평균 에너지 비)
  11. KURTOSIS                      Δacc=++0.1150  ███████████████████████  (에너지 분포 첨도)
  12. SECOND_PEAK_FREQ              Δacc=++0.0850  █████████████████  (2번째 피크 주파수)
  13. RMS                           Δacc=++0.0756  ███████████████  (RMS 에너지)
  14. PEAK1_TO_PEAK2_RATIO          Δacc=++0.0735  ███████████████  (1·2위 피크 비율)
  15. PEAK_COUNT                    Δacc=++0.0527  ███████████  (피크 빈 개수)
  16. DC_RATIO                      Δacc=++0.0445  █████████  (DC 성분 비율)
  17. AVG_ENERGY                    Δacc=++0.0150  ███  (평균 에너지)
  18. PEAK_ENERGY                   Δacc=++0.0126  ███  (피크 에너지)
  19. DELTA_PEAK_FREQ               Δacc=++0.0108  ██  (피크 주파수 변화량)
  20. ENERGY_VARIANCE               Δacc=++0.0077  ██  (에너지 분산)
  21. LOW_TO_HIGH_RATIO             Δacc=++0.0037  █  (저/고주파 에너지 비율)
[MLP] ─────────────────────────────────────────────
[MLP] 특징 중요도 저장 → /Users/kimkanghyeon/Desktop/project/iSENSOR_UART_DEBUGER/AI/mlp/models/mlp_L128-64-32_b128_d2_ep1500_lr2e-3_lrp50_lrf5_f21_0509_232613/mlp_L128-64-32_b128_d2_ep1500_lr2e-3_lrp50_lrf5_f21_0509_232613_importance.json
[MLP] 저장 완료 → /Users/kimkanghyeon/Desktop/project/iSENSOR_UART_DEBUGER/AI/mlp/models/mlp_weights.pt  (추론용)
[MLP] 버전 보관 → /Users/kimkanghyeon/Desktop/project/iSENSOR_UART_DEBUGER/AI/mlp/models/mlp_L128-64-32_b128_d2_ep1500_lr2e-3_lrp50_lrf5_f21_0509_232613/
[MLP] 📊 학습 이력 저장 → /Users/kimkanghyeon/Desktop/project/iSENSOR_UART_DEBUGER/AI/mlp/models/train_history.json

  ── 이전 학습과 비교 ──────────────────────────────────────────────────
  지표                                  이전          현재  변화
  ────────────────────────────────────────────────────────────────────
  최고 검증 정확도                        91.9%       88.2%  -3.7%p  ↓ 하락
  최소 검증 손실                        0.2080      0.3183  +0.1103  ↓ 하락
  사람 Recall (탐지율) TPR              89.4%       86.1%  -3.3%p  ↓ 하락
  사람 오탐률 (눈침) FNR                  10.6%       13.9%  +3.3%p  ↓ 하락
  배경 정확 탐지율 TNR                    94.3%       90.2%  -4.1%p  ↓ 하락
  배경 오탐률 (오경보) FPR                  5.7%        9.8%  +4.1%p  ↓ 하락
  사람 F1 Score                     0.9165      0.8793  0.0372  ↓ 하락
  베스트 에폭                             845        1334  +489

━━━━━━━━━━━━━━━━━━━━━━━━━━━━━━━━━━━━━━━━━━━━━━━━━━━━━━━━━━━━━━━━
[분석 메모] GitHub Copilot — 2026-05-09  [구조: 128→64→32, b128, ep1500, lr=2e-3, d0.2, ESP32 f21]
━━━━━━━━━━━━━━━━━━━━━━━━━━━━━━━━━━━━━━━━━━━━━━━━━━━━━━━━━━━━━━━━

■ 실험 조건
  특징 모드: ESP32 (21개 특징) — 이전 f14(14개)에서 7개 특징 추가된 확장 세트
  Dropout: 0.2 (d0.3 → d0.2로 복귀)
  구조/배치/에폭/LR: 128→64→32, b128, ep1500, lr=2e-3 (동일)
  목적: ① ESP32 모드에서 특징 수 14→21 확장 효과 확인
         ② d0.2 조건에서 f21 성능 상한 확인

■ 핵심 수치 요약
  최고 검증 정확도   : 88.2% (ep1334)
  학습 정확도 (동시) : 96.5%  →  train-val 갭 8.3%p  (d0.2 f14의 7.6%p보다 확대)
  사람 Recall (TPR)  : 86.1%
  배경 TNR           : 90.2%
  사람 F1            : 0.879
  학습 시간          : 11분 24초
  수렴 여부          : 완전 수렴 (ep1375 min_lr 도달)

■ ESP32 모드 f14 → f21 비교 (d0.2 기준)
  항목                  f14 d0.2 ep1000   f21 d0.2 ep1500   차이
  최고 검증 정확도        87.0%             88.2%            +1.2%p
  사람 Recall             82.8%             86.1%            +3.3%p
  배경 TNR                90.5%             90.2%            -0.3%p (유사)
  F1 Score                0.865             0.879            +0.014
  train-val 갭            7.6%p             8.3%p            +0.7%p (과적합 약간 증가)
  베스트 에폭             864               1334             +470에폭 더 필요
  학습 시간               5분18초           11분24초          +6분 증가
  → 특징 수 14→21로 늘리면 +1.2%p 개선. 단 에폭도 1500까지 필요, 갭도 약간 확대.
  → f14 ep1000으로는 달성 불가했던 88%대 진입 성공.

■ 이전 학습(PC 재계산 f25 d0.3) 대비 비교 — 단순 이전값 비교이므로 주의
  ※ 이전 학습이 PC 모드(91.9%)였으므로 비교표의 "-3.7%p"는 모드가 달라 직접 비교 의미 없음
  → ESP32 모드 내에서만 비교해야 함

■ LR 감소 타임라인 (12단, min_lr 수렴)
  ep  513 : 2e-3 → 1e-3   (PC 모드 ep398보다 115에폭 느림 — ESP32 특징이 수렴 느린 편)
  ep  607 : 1e-3 → 5e-4
  ep  743 : 5e-4 → 2.5e-4
  ep  811 : 2.5e-4 → 1.25e-4
  ep  862 : 1.25e-4 → 6.25e-5
  ep  931 : 6.25e-5 → 3.13e-5
  ep 1148 : 3.13e-5 → 1.56e-5
  ep 1222 : 1.56e-5 → 7.81e-6
  ep 1273 : 7.81e-6 → 3.91e-6
  ep 1324 : 3.91e-6 → 1.95e-6
  ep 1375 : 1.95e-6 → 1.00e-6  ← min_lr 도달
  ep 1500 : LR=1.00e-6 (완전 수렴)

■ 검증 정확도 진행 추이
  ep   1 :  65.7%
  ep 150 :  83.9%
  ep 300 :  85.3%
  ep 450 :  86.1%
  ep 600 :  87.1%
  ep 750 :  87.4%
  ep 900 :  87.7%
  ep1050 :  87.9%
  ep1200 :  87.8%  (일시 정체)
  ep1334 :  88.2% ← 베스트 ★
  ep1350 :  87.9%
  ep1500 :  87.9%  (min_lr 이후 진동)
  → ep900~1300 사이 87.7~88.2% 구간에서 장시간 수렴. 상승 폭이 매우 작음.
  → ep1000에서 조기 종료해도 87.7~87.9% 수준으로 충분히 활용 가능.

■ Permutation Importance 주요 특징 (ESP32 f21)
  1위. CENTROID          (0.253) — ESP32 f14에서도 1위. 일관되게 가장 중요
  2위. SKEWNESS          (0.219) — f14에서도 2위. 안정적
  3위. SPECTRAL_ROLLOFF  (0.205) — f14에서는 없던 특징(신규 추가 7개 중 하나) → 상위권 진입
  4위. SPECTRAL_BANDWIDTH (0.204) — f14에서도 4위
  5위. SPECTRAL_FLATNESS (0.202) — f14에서도 5위
  6위. HIGH_RATIO        (0.202) — f14에서도 3위
  신규 특징 기여: SPECTRAL_ROLLOFF(3위), DC_RATIO(16위), DELTA_PEAK_FREQ(19위) 등
  최하위: LOW_TO_HIGH_RATIO(21위, 0.004) — 거의 기여 없음
  → 신규 추가 7개 중 SPECTRAL_ROLLOFF이 즉시 3위에 진입. f14에서 누락된 유의미한 특징.
  → 나머지 신규 특징들(DC_RATIO, AVG_ENERGY 등)은 하위권 — 추가 효과 미미.

■ 전체 모드별 성능 비교 (누적, 128→64→32 구조 기준)
  모드        조건                    베스트 검증  사람 Recall  배경 TNR  F1    갭
  ────────────────────────────────────────────────────────────────────────
  ESP32 f14  d0.2 ep1000 (기준)       87.0%       82.8%       90.5%  0.865  7.6%p
  ESP32 f21  d0.2 ep1500 (현재)       88.2% ↑     86.1% ↑     90.2%  0.879  8.3%p
  PC    f25  d0.3 ep1500              91.9% ★★★   89.4%       94.3%  0.917  3.6%p
  ────────────────────────────────────────────────────────────────────────
  → ESP32 모드: f14(87.0%) → f21(88.2%) — 특징 추가 효과 +1.2%p. 엣지 AI 최고 경신.
  → PC 모드가 여전히 압도적 우위(+3.7%p). 하지만 ESP32 단독 배포 시 f21이 현재 최선.

■ 평가 및 결론

  [긍정적]
  · ESP32 단독 실시간 추론 기준 88.2% — 엣지 AI 역대 최고 경신 ★
  · SPECTRAL_ROLLOFF 특징 추가 효과 실증 (3위 진입)
  · 완전 수렴 확인 (ep1375 min_lr 도달) → 이 조건의 ESP32 f21 상한 확정

  [주의사항]
  · train-val 갭 8.3%p — d0.2임에도 f14(7.6%)보다 악화. 특징 수 증가 → 과적합 압력 ↑
  · 베스트 ep1334 — ep1000으로는 87.7~87.9%만 달성. 88%대를 원하면 ep1500 필요
  · ep900 이후 수렴 속도 매우 느림 (87.7% → 88.2%에 400에폭 이상 소요)

■ 다음 실험 방향

  [ESP32 모드 방향]
  [1안] f21 + d0.25 + ep1500 — 갭 8.3%p 개선 시도. 88.2% → 88.5%+ 가능성
  [2안] f21 + 256→128→64→32 + d0.2 + ep1000 — 구조 확장으로 89%+ 도전

  [PC 모드 방향]
  [3안] PC f25 + d0.2 + ep1000 — 현재 91.9%(d0.3 ep1500) 대비 추가 개선 가능성
        ep845에서 이미 베스트 달성 → ep1000으로 충분 기대

■ 전체 실험 누적 비교 (모든 주요 실험)
  실험                                              베스트 검증  모드
  ─────────────────────────────────────────────────────────────────
  64→32  d0.2 ep2000 f14 (구 기준)                 81.8%       ESP32
  128→64→32 d0.2 ep1000 f14 (구 최고)              87.0%       ESP32
  128→64→32 d0.2 ep1500 f21 (현재)                 88.2% ★    ESP32 최고
  128→64→32 d0.3 ep1500 PC f25 (PC 최고)           91.9% ★★★  PC
  ─────────────────────────────────────────────────────────────────
━━━━━━━━━━━━━━━━━━━━━━━━━━━━━━━━━━━━━━━━━━━━━━━━━━━━━━━━━━━━━━━━
